symbol,metric,sqlserver_value,postgres_value,abs_diff,pass,classification
آردینه,SalesLast12M,22955830.0,22955830000000.0000,22955807044170.0,False,LOGIC_DIFFERENCE
آردینه,SalesPrev12M,10430792.0,10430792000000.0000,10430781569208.0,False,LOGIC_DIFFERENCE
آردینه,SalesGrowth12M,120.08,120.07753581894836,0.0024641810516357054,True,FLOAT_PRECISION
آردینه,TTMNetProfit,9335659.0,9335659000000.000000,9335649664341.0,False,LOGIC_DIFFERENCE
آردینه,PEApprox,6.99,6.960408472503119490546944785,0.029591527496880765,False,LOGIC_DIFFERENCE
آردینه,QuantScore,50.31,35.18,15.130000000000003,False,LOGIC_DIFFERENCE
آردینه,OperatingMargin12M,48.37,66.68224985711805,18.312249857118054,False,LOGIC_DIFFERENCE
آردینه,NetProfitMargin12M,44.86,44.859498053086256,0.0005019469137437227,True,FLOAT_PRECISION
آردینه,ROE,69.69,69.69179885835946,0.0017988583594643615,True,FLOAT_PRECISION
ارفع,SalesLast12M,420825276.0,420825276000000.0000,420824855174724.0,False,LOGIC_DIFFERENCE
ارفع,SalesPrev12M,217883264.0,217883264000000.0000,217883046116736.0,False,LOGIC_DIFFERENCE
ارفع,SalesGrowth12M,93.14,93.14254260483266,0.0025426048326551154,True,FLOAT_PRECISION
ارفع,TTMNetProfit,80898071.0,80898071000000.000000,80897990101929.0,False,LOGIC_DIFFERENCE
ارفع,PEApprox,5.64,1.619816126394410566353306496,4.020183873605589,False,LOGIC_DIFFERENCE
ارفع,QuantScore,60.68,36.02,24.659999999999997,False,LOGIC_DIFFERENCE
ارفع,OperatingMargin12M,21.11,12.817836100907515,8.292163899092484,False,LOGIC_DIFFERENCE
ارفع,NetProfitMargin12M,21.15,21.154147995354283,0.0041479953542840065,True,FLOAT_PRECISION
ارفع,ROE,101.14,101.13934121763093,0.0006587823690722416,True,FLOAT_PRECISION
اروند,SalesLast12M,311995678.0,311995678000000.0000,311995366004322.0,False,LOGIC_DIFFERENCE
اروند,SalesPrev12M,301675078.0,301675078000000.0000,301674776324922.0,False,LOGIC_DIFFERENCE
اروند,SalesGrowth12M,3.42,3.421097980125491,0.001097980125491116,True,FLOAT_PRECISION
اروند,TTMNetProfit,39303694.0,39303694000000.000000,39303654696306.0,False,LOGIC_DIFFERENCE
اروند,PEApprox,16.68,16.66713566414393517311629793,0.012864335856065168,False,LOGIC_DIFFERENCE
اروند,QuantScore,12.34,21.41,9.07,False,LOGIC_DIFFERENCE
اروند,OperatingMargin12M,16.44,40.58403946761205,24.14403946761205,False,LOGIC_DIFFERENCE
اروند,NetProfitMargin12M,12.5,12.498033692365127,0.0019663076348734876,True,FLOAT_PRECISION
اروند,ROE,35.56,35.55645020323984,0.0035497967601614278,True,FLOAT_PRECISION
آریا,SalesLast12M,610508732.0,610508732000000.0000,610508121491268.0,False,LOGIC_DIFFERENCE
آریا,SalesPrev12M,579306779.0,579306779000000.0000,579306199693221.0,False,LOGIC_DIFFERENCE
آریا,SalesGrowth12M,5.39,5.386084563667777,0.00391543633222291,True,FLOAT_PRECISION
آریا,TTMNetProfit,167692910640.0,,,False,NULL_SEMANTICS
آریا,PEApprox,9.39,,,False,NULL_SEMANTICS
آریا,QuantScore,21.81,10.69,11.12,False,LOGIC_DIFFERENCE
آریا,OperatingMargin12M,,,,True,EXACT
آریا,NetProfitMargin12M,,,,True,EXACT
آریا,ROE,,,,True,EXACT
اسیاتک,SalesLast12M,41288182.0,41288182000000.0000,41288140711818.0,False,LOGIC_DIFFERENCE
اسیاتک,SalesPrev12M,31906064.0,31906064000000.0000,31906032093936.0,False,LOGIC_DIFFERENCE
اسیاتک,SalesGrowth12M,29.41,29.405438414465664,0.004561585534336388,True,FLOAT_PRECISION
اسیاتک,TTMNetProfit,11500293.0,11500293000000.000000,11500281499707.0,False,LOGIC_DIFFERENCE
اسیاتک,PEApprox,4.23,2.832188710322423959111302643,1.3978112896775765,False,LOGIC_DIFFERENCE
اسیاتک,QuantScore,38.05,27.42,10.629999999999995,False,LOGIC_DIFFERENCE
اسیاتک,OperatingMargin12M,26.05,19.950092616003523,6.099907383996477,False,LOGIC_DIFFERENCE
اسیاتک,NetProfitMargin12M,28.63,28.630481614172314,0.00048161417231540327,True,FLOAT_PRECISION
اسیاتک,ROE,42.83,42.82991330291891,8.669708108755003e-05,True,FLOAT_PRECISION
افق,SalesLast12M,3023344708.0,3023344708000000.0000,3023341684655292.0,False,LOGIC_DIFFERENCE
افق,SalesPrev12M,1447028918.0,1447028918000000.0000,1447027470971082.0,False,LOGIC_DIFFERENCE
افق,SalesGrowth12M,108.93,108.93464328126164,0.004643281261635934,True,FLOAT_PRECISION
افق,TTMNetProfit,155839187.0,155839187000000.000000,155839031160813.0,False,LOGIC_DIFFERENCE
افق,PEApprox,13.17,8.739778654004400061455659416,4.4302213459956,False,LOGIC_DIFFERENCE
افق,QuantScore,48.44,30.07,18.369999999999997,False,LOGIC_DIFFERENCE
افق,OperatingMargin12M,5.56,6.120644642056946,0.5606446420569462,False,LOGIC_DIFFERENCE
افق,NetProfitMargin12M,6.01,6.010326346818823,0.00032634681882282024,True,FLOAT_PRECISION
افق,ROE,70.88,70.87561742699354,0.004382573006452617,True,FLOAT_PRECISION
انرژی,SalesLast12M,2787356.0,2787356000000.0000,2787353212644.0,False,LOGIC_DIFFERENCE
انرژی,SalesPrev12M,1559324.0,1559324000000.0000,1559322440676.0,False,LOGIC_DIFFERENCE
انرژی,SalesGrowth12M,78.75,78.75412678827492,0.004126788274916748,True,FLOAT_PRECISION
انرژی,TTMNetProfit,2115086.0,2115086000000.000000,2115083884914.0,False,LOGIC_DIFFERENCE
انرژی,PEApprox,42.04,6.277758918549884023628353647,35.762241081450114,False,LOGIC_DIFFERENCE
انرژی,QuantScore,37.4,28.13,9.27,False,LOGIC_DIFFERENCE
انرژی,OperatingMargin12M,29.95,16.40553955086599,13.54446044913401,False,LOGIC_DIFFERENCE
انرژی,NetProfitMargin12M,86.37,86.36758427643036,0.0024157235696407042,True,FLOAT_PRECISION
انرژی,ROE,30.0,30.003632916292702,0.0036329162927017933,True,FLOAT_PRECISION
بپیوند,SalesLast12M,13331060.0,13331060000000.0000,13331046668940.0,False,LOGIC_DIFFERENCE
بپیوند,SalesPrev12M,8289263.0,8289263000000.0000,8289254710737.0,False,LOGIC_DIFFERENCE
بپیوند,SalesGrowth12M,60.82,60.82322397057495,0.0032239705749503855,True,FLOAT_PRECISION
بپیوند,TTMNetProfit,5361000000.0,,,False,NULL_SEMANTICS
بپیوند,PEApprox,10.14,,,False,NULL_SEMANTICS
بپیوند,QuantScore,32.52,12.47,20.050000000000004,False,LOGIC_DIFFERENCE
بپیوند,OperatingMargin12M,,,,True,EXACT
بپیوند,NetProfitMargin12M,,,,True,EXACT
بپیوند,ROE,,,,True,EXACT
بترانس,SalesLast12M,197798459.0,197798459000000.0000,197798261201541.0,False,LOGIC_DIFFERENCE
بترانس,SalesPrev12M,132468175.0,132468175000000.0000,132468042531825.0,False,LOGIC_DIFFERENCE
بترانس,SalesGrowth12M,49.32,49.31772027507739,0.00227972492260875,True,FLOAT_PRECISION
بترانس,TTMNetProfit,550392.0,550392000000.000000,550391449608.0,False,LOGIC_DIFFERENCE
بترانس,PEApprox,7.96,24.80050582130554223171848428,16.84050582130554,False,LOGIC_DIFFERENCE
بترانس,QuantScore,43.49,25.14,18.35,False,LOGIC_DIFFERENCE
بترانس,OperatingMargin12M,89.29,89.62681341542431,0.3368134154243023,False,LOGIC_DIFFERENCE
بترانس,NetProfitMargin12M,79.96,79.95909010346601,0.0009098965339831011,True,FLOAT_PRECISION
بترانس,ROE,29.15,29.149231511497536,0.0007684885024623611,True,FLOAT_PRECISION
بجهرم,SalesLast12M,27471319.0,27471319000000.0000,27471291528681.0,False,LOGIC_DIFFERENCE
بجهرم,SalesPrev12M,19421497.0,19421497000000.0000,19421477578503.0,False,LOGIC_DIFFERENCE
بجهرم,SalesGrowth12M,41.45,41.44799960579764,0.002000394202362088,True,FLOAT_PRECISION
بجهرم,TTMNetProfit,12195186.0,12195186000000.000000,12195173804814.0,False,LOGIC_DIFFERENCE
بجهرم,PEApprox,9.18,6.078313954375111621913761709,3.101686045624888,False,LOGIC_DIFFERENCE
بجهرم,QuantScore,36.96,26.2,10.760000000000002,False,LOGIC_DIFFERENCE
بجهرم,OperatingMargin12M,52.17,48.84837882785276,3.321621172147239,False,LOGIC_DIFFERENCE
بجهرم,NetProfitMargin12M,49.87,49.870335017216966,0.0003350172169689358,True,FLOAT_PRECISION
بجهرم,ROE,21.27,21.273122262173914,0.003122262173913981,True,FLOAT_PRECISION
برکت,SalesLast12M,,,,True,EXACT
برکت,SalesPrev12M,,,,True,EXACT
برکت,SalesGrowth12M,,,,True,EXACT
برکت,TTMNetProfit,523976.0,523976000000.000000,523975476024.0,False,LOGIC_DIFFERENCE
برکت,PEApprox,,158.5160389025451547399117517,,False,NULL_SEMANTICS
برکت,QuantScore,16.13,19.9,3.7699999999999996,False,LOGIC_DIFFERENCE
برکت,OperatingMargin12M,,12482.419514293633,,False,NULL_SEMANTICS
برکت,NetProfitMargin12M,,-216.74201968140773,,False,NULL_SEMANTICS
برکت,ROE,2.94,2.9367874075997564,0.003212592400243519,True,FLOAT_PRECISION
بزاگرس,SalesLast12M,10632228.0,10632228000000.0000,10632217367772.0,False,LOGIC_DIFFERENCE
بزاگرس,SalesPrev12M,7140347.0,7140347000000.0000,7140339859653.0,False,LOGIC_DIFFERENCE
بزاگرس,SalesGrowth12M,48.9,48.903519674884144,0.0035196748841457293,True,FLOAT_PRECISION
بزاگرس,TTMNetProfit,2916000000.0,,,False,NULL_SEMANTICS
بزاگرس,PEApprox,15.91,,,False,NULL_SEMANTICS
بزاگرس,QuantScore,26.61,12.03,14.58,False,LOGIC_DIFFERENCE
بزاگرس,OperatingMargin12M,,,,True,EXACT
بزاگرس,NetProfitMargin12M,,,,True,EXACT
بزاگرس,ROE,,,,True,EXACT
بشهاب,SalesLast12M,13911910.0,13911910000000.0000,13911896088090.0,False,LOGIC_DIFFERENCE
بشهاب,SalesPrev12M,8665670.0,8665670000000.0000,8665661334330.0,False,LOGIC_DIFFERENCE
بشهاب,SalesGrowth12M,60.54,60.54050061910966,0.0005006191096583734,True,FLOAT_PRECISION
بشهاب,TTMNetProfit,5559300000.0,,,False,NULL_SEMANTICS
بشهاب,PEApprox,3.98,,,False,NULL_SEMANTICS
بشهاب,QuantScore,40.09,12.42,27.67,False,LOGIC_DIFFERENCE
بشهاب,OperatingMargin12M,,,,True,EXACT
بشهاب,NetProfitMargin12M,,,,True,EXACT
بشهاب,ROE,,,,True,EXACT
بفجر,SalesLast12M,,,,True,EXACT
بفجر,SalesPrev12M,,,,True,EXACT
بفجر,SalesGrowth12M,,,,True,EXACT
بفجر,TTMNetProfit,100605498.0,100605498000000.000000,100605397394502.0,False,LOGIC_DIFFERENCE
بفجر,PEApprox,4.2,0.7087584815692677153687962462,3.4912415184307326,False,LOGIC_DIFFERENCE
بفجر,QuantScore,13.97,33.56,19.590000000000003,False,LOGIC_DIFFERENCE
بفجر,OperatingMargin12M,-0.01,2.944537166120366e-07,0.010000294453716613,False,LOGIC_DIFFERENCE
بفجر,NetProfitMargin12M,29.62,29.623662797704817,0.0036627977048162563,True,FLOAT_PRECISION
بفجر,ROE,74.79,74.78836569530066,0.001634304699351219,True,FLOAT_PRECISION
بکهنوج,SalesLast12M,,,,True,EXACT
بکهنوج,SalesPrev12M,,,,True,EXACT
بکهنوج,SalesGrowth12M,,,,True,EXACT
بکهنوج,TTMNetProfit,,,,True,EXACT
بکهنوج,PEApprox,,,,True,EXACT
بکهنوج,QuantScore,13.1,12.0,1.0999999999999996,False,LOGIC_DIFFERENCE
بکهنوج,OperatingMargin12M,,,,True,EXACT
بکهنوج,NetProfitMargin12M,,,,True,EXACT
بکهنوج,ROE,,,,True,EXACT
بگیلان,SalesLast12M,23649116.0,23649116000000.0000,23649092350884.0,False,LOGIC_DIFFERENCE
بگیلان,SalesPrev12M,12529039.0,12529039000000.0000,12529026470961.0,False,LOGIC_DIFFERENCE
بگیلان,SalesGrowth12M,88.75,88.7544288113398,0.004428811339806771,True,FLOAT_PRECISION
بگیلان,TTMNetProfit,,,,True,EXACT
بگیلان,PEApprox,,,,True,EXACT
بگیلان,QuantScore,31.83,13.47,18.36,False,LOGIC_DIFFERENCE
بگیلان,OperatingMargin12M,,,,True,EXACT
بگیلان,NetProfitMargin12M,,,,True,EXACT
بگیلان,ROE,,,,True,EXACT
بمپنا,SalesLast12M,24932060.0,24932060000000.0000,24932035067940.0,False,LOGIC_DIFFERENCE
بمپنا,SalesPrev12M,10839320.0,10839320000000.0000,10839309160680.0,False,LOGIC_DIFFERENCE
بمپنا,SalesGrowth12M,130.01,130.01498248967647,0.004982489676478963,True,FLOAT_PRECISION
بمپنا,TTMNetProfit,5512400000.0,,,False,NULL_SEMANTICS
بمپنا,PEApprox,22.96,,,False,NULL_SEMANTICS
بمپنا,QuantScore,30.54,14.83,15.709999999999999,False,LOGIC_DIFFERENCE
بمپنا,OperatingMargin12M,0.0,,,False,NULL_SEMANTICS
بمپنا,NetProfitMargin12M,,,,True,EXACT
بمپنا,ROE,,,,True,EXACT
بموتو,SalesLast12M,55872795.0,55872795000000.0000,55872739127205.0,False,LOGIC_DIFFERENCE
بموتو,SalesPrev12M,44093293.0,44093293000000.0000,44093248906707.0,False,LOGIC_DIFFERENCE
بموتو,SalesGrowth12M,26.71,26.71495186354079,0.0049518635407892475,True,FLOAT_PRECISION
بموتو,TTMNetProfit,8086000000.0,,,False,NULL_SEMANTICS
بموتو,PEApprox,10.48,,,False,NULL_SEMANTICS
بموتو,QuantScore,30.26,11.25,19.01,False,LOGIC_DIFFERENCE
بموتو,OperatingMargin12M,20.45,,,False,NULL_SEMANTICS
بموتو,NetProfitMargin12M,,,,True,EXACT
بموتو,ROE,,,,True,EXACT
بمولد,SalesLast12M,2219157.0,2219157000000.0000,2219154780843.0,False,LOGIC_DIFFERENCE
بمولد,SalesPrev12M,0.0,,,False,NULL_SEMANTICS
بمولد,SalesGrowth12M,,,,True,EXACT
بمولد,TTMNetProfit,,,,True,EXACT
بمولد,PEApprox,,,,True,EXACT
بمولد,QuantScore,3.47,12.0,8.53,False,LOGIC_DIFFERENCE
بمولد,OperatingMargin12M,,,,True,EXACT
بمولد,NetProfitMargin12M,,,,True,EXACT
بمولد,ROE,,,,True,EXACT
بنو,SalesLast12M,,,,True,EXACT
بنو,SalesPrev12M,,,,True,EXACT
بنو,SalesGrowth12M,,,,True,EXACT
بنو,TTMNetProfit,7575000000.0,,,False,NULL_SEMANTICS
بنو,PEApprox,3.74,,,False,NULL_SEMANTICS
بنو,QuantScore,29.09,12.0,17.09,False,LOGIC_DIFFERENCE
بنو,OperatingMargin12M,,,,True,EXACT
بنو,NetProfitMargin12M,,,,True,EXACT
بنو,ROE,,,,True,EXACT
بهپاک,SalesLast12M,123329744.0,123329744000000.0000,123329620670256.0,False,LOGIC_DIFFERENCE
بهپاک,SalesPrev12M,41629235.0,41629235000000.0000,41629193370765.0,False,LOGIC_DIFFERENCE
بهپاک,SalesGrowth12M,196.26,196.25753151601273,0.0024684839872577413,True,FLOAT_PRECISION
بهپاک,TTMNetProfit,19926553.0,19926553000000.000000,19926533073447.0,False,LOGIC_DIFFERENCE
بهپاک,PEApprox,4.17,3.207729906923691217442374504,0.9622700930763086,False,LOGIC_DIFFERENCE
بهپاک,QuantScore,57.11,33.56,23.549999999999997,False,LOGIC_DIFFERENCE
بهپاک,OperatingMargin12M,17.54,8.040086708192847,9.499913291807152,False,LOGIC_DIFFERENCE
بهپاک,NetProfitMargin12M,20.23,20.22810119345023,0.0018988065497715922,True,FLOAT_PRECISION
بهپاک,ROE,35.62,35.61526486585495,0.004735134145050779,True,FLOAT_PRECISION
بوعلی,SalesLast12M,1110845949.0,1110845949000000.0000,1110844838154051.0,False,LOGIC_DIFFERENCE
بوعلی,SalesPrev12M,829625219.0,829625219000000.0000,829624389374781.0,False,LOGIC_DIFFERENCE
بوعلی,SalesGrowth12M,33.9,33.8973217736767,0.0026782263232973946,True,FLOAT_PRECISION
بوعلی,TTMNetProfit,165963132.0,165963132000000.000000,165962966036868.0,False,LOGIC_DIFFERENCE
بوعلی,PEApprox,5.3,5.299439034447723003925956278,0.0005609655522764712,True,FLOAT_PRECISION
بوعلی,QuantScore,46.13,28.19,17.94,False,LOGIC_DIFFERENCE
بوعلی,OperatingMargin12M,17.32,11.397951311047814,5.922048688952186,False,LOGIC_DIFFERENCE
بوعلی,NetProfitMargin12M,14.97,14.971882269409232,0.0018822694092310854,True,FLOAT_PRECISION
بوعلی,ROE,76.9,76.89929828444129,0.0007017155587192292,True,FLOAT_PRECISION
بیوتیک,SalesLast12M,14593433.0,14593433000000.0000,14593418406567.0,False,LOGIC_DIFFERENCE
بیوتیک,SalesPrev12M,16504400.0,16504400000000.0000,16504383495600.0,False,LOGIC_DIFFERENCE
بیوتیک,SalesGrowth12M,-11.58,-11.578530573665205,0.0014694263347951875,True,FLOAT_PRECISION
بیوتیک,TTMNetProfit,2610227900.0,,,False,NULL_SEMANTICS
بیوتیک,PEApprox,9.84,,,False,NULL_SEMANTICS
بیوتیک,QuantScore,20.44,10.56,9.88,False,LOGIC_DIFFERENCE
بیوتیک,OperatingMargin12M,,,,True,EXACT
بیوتیک,NetProfitMargin12M,,,,True,EXACT
بیوتیک,ROE,,,,True,EXACT
پارس,SalesLast12M,2050459507.0,2050459507000000.0000,2050457456540493.0,False,LOGIC_DIFFERENCE
پارس,SalesPrev12M,736445420.0,,,False,NULL_SEMANTICS
پارس,SalesGrowth12M,178.43,,,False,NULL_SEMANTICS
پارس,TTMNetProfit,260734403424.0,,,False,NULL_SEMANTICS
پارس,PEApprox,5.95,,,False,NULL_SEMANTICS
پارس,QuantScore,33.02,12.0,21.020000000000003,False,LOGIC_DIFFERENCE
پارس,OperatingMargin12M,,,,True,EXACT
پارس,NetProfitMargin12M,,,,True,EXACT
پارس,ROE,,,,True,EXACT
پارسان,SalesLast12M,,,,True,EXACT
پارسان,SalesPrev12M,,,,True,EXACT
پارسان,SalesGrowth12M,,,,True,EXACT
پارسان,TTMNetProfit,172003500000.0,,,False,NULL_SEMANTICS
پارسان,PEApprox,24.21,,,False,NULL_SEMANTICS
پارسان,QuantScore,27.44,12.0,15.440000000000001,False,LOGIC_DIFFERENCE
پارسان,OperatingMargin12M,,,,True,EXACT
پارسان,NetProfitMargin12M,,,,True,EXACT
پارسان,ROE,,,,True,EXACT
پاسا,SalesLast12M,50517092.0,50517092000000.0000,50517041482908.0,False,LOGIC_DIFFERENCE
پاسا,SalesPrev12M,30207122.0,30207122000000.0000,30207091792878.0,False,LOGIC_DIFFERENCE
پاسا,SalesGrowth12M,67.24,67.23570024314134,0.004299756858657133,True,FLOAT_PRECISION
پاسا,TTMNetProfit,8862600000.0,,,False,NULL_SEMANTICS
پاسا,PEApprox,5.09,,,False,NULL_SEMANTICS
پاسا,QuantScore,38.59,12.64,25.950000000000003,False,LOGIC_DIFFERENCE
پاسا,OperatingMargin12M,,,,True,EXACT
پاسا,NetProfitMargin12M,,,,True,EXACT
پاسا,ROE,,,,True,EXACT
پاکشو,SalesLast12M,370401589.0,370401589000000.0000,370401218598411.0,False,LOGIC_DIFFERENCE
پاکشو,SalesPrev12M,151975576.0,151975576000000.0000,151975424024424.0,False,LOGIC_DIFFERENCE
پاکشو,SalesGrowth12M,143.72,143.72441858683925,0.004418586839250338,True,FLOAT_PRECISION
پاکشو,TTMNetProfit,104720000000.0,,,False,NULL_SEMANTICS
پاکشو,PEApprox,9.04,,,False,NULL_SEMANTICS
پاکشو,QuantScore,38.43,15.12,23.310000000000002,False,LOGIC_DIFFERENCE
پاکشو,OperatingMargin12M,23.08,1.035845248738918e-06,23.07999896415475,False,LOGIC_DIFFERENCE
پاکشو,NetProfitMargin12M,,,,True,EXACT
پاکشو,ROE,,,,True,EXACT
پتایر,SalesLast12M,68164987.0,68164987000000.0000,68164918835013.0,False,LOGIC_DIFFERENCE
پتایر,SalesPrev12M,49499514.0,49499514000000.0000,49499464500486.0,False,LOGIC_DIFFERENCE
پتایر,SalesGrowth12M,37.71,37.70839649051908,0.0016035094809225825,True,FLOAT_PRECISION
پتایر,TTMNetProfit,7364622.0,7364622000000.000000,7364614635378.0,False,LOGIC_DIFFERENCE
پتایر,PEApprox,6.69,3.527906411218389755781084216,3.1620935887816106,False,LOGIC_DIFFERENCE
پتایر,QuantScore,39.44,23.52,15.919999999999998,False,LOGIC_DIFFERENCE
پتایر,OperatingMargin12M,12.26,7.38891623158299,4.87108376841701,False,LOGIC_DIFFERENCE
پتایر,NetProfitMargin12M,11.51,11.631959556040991,0.1219595560409914,False,LOGIC_DIFFERENCE
پتایر,ROE,14.49,14.489265824565942,0.0007341754340579598,True,FLOAT_PRECISION
پخش,SalesLast12M,616626029.0,616626029000000.0000,616625412373971.0,False,LOGIC_DIFFERENCE
پخش,SalesPrev12M,361851296.0,361851296000000.0000,361850934148704.0,False,LOGIC_DIFFERENCE
پخش,SalesGrowth12M,70.41,70.40868329514011,0.0013167048598887732,True,FLOAT_PRECISION
پخش,TTMNetProfit,19179120000.0,,,False,NULL_SEMANTICS
پخش,PEApprox,7.0,,,False,NULL_SEMANTICS
پخش,QuantScore,38.83,12.78,26.049999999999997,False,LOGIC_DIFFERENCE
پخش,OperatingMargin12M,,,,True,EXACT
پخش,NetProfitMargin12M,,,,True,EXACT
پخش,ROE,,,,True,EXACT
پرداخت,SalesLast12M,85201155.0,85201155000000.0000,85201069798845.0,False,LOGIC_DIFFERENCE
پرداخت,SalesPrev12M,69020859.0,69020859000000.0000,69020789979141.0,False,LOGIC_DIFFERENCE
پرداخت,SalesGrowth12M,23.44,23.442617542618528,0.002617542618526869,True,FLOAT_PRECISION
پرداخت,TTMNetProfit,1030000000.0,,,False,NULL_SEMANTICS
پرداخت,PEApprox,66.8,,,False,NULL_SEMANTICS
پرداخت,QuantScore,12.43,11.14,1.2899999999999991,False,LOGIC_DIFFERENCE
پرداخت,OperatingMargin12M,0.0,,,False,NULL_SEMANTICS
پرداخت,NetProfitMargin12M,,,,True,EXACT
پرداخت,ROE,,,,True,EXACT
پسهند,SalesLast12M,10689553.0,10689553000000.0000,10689542310447.0,False,LOGIC_DIFFERENCE
پسهند,SalesPrev12M,9330486.0,9330486000000.0000,9330476669514.0,False,LOGIC_DIFFERENCE
پسهند,SalesGrowth12M,14.57,14.565875775388335,0.004124224611665284,True,FLOAT_PRECISION
پسهند,TTMNetProfit,1262480000.0,,,False,NULL_SEMANTICS
پسهند,PEApprox,16.74,,,False,NULL_SEMANTICS
پسهند,QuantScore,25.9,10.92,14.979999999999999,False,LOGIC_DIFFERENCE
پسهند,OperatingMargin12M,,,,True,EXACT
پسهند,NetProfitMargin12M,,,,True,EXACT
پسهند,ROE,,,,True,EXACT
پکرمان,SalesLast12M,196710000.0,196710000000000.0000,196709803290000.0,False,LOGIC_DIFFERENCE
پکرمان,SalesPrev12M,150659361.0,150659361000000.0000,150659210340639.0,False,LOGIC_DIFFERENCE
پکرمان,SalesGrowth12M,30.57,30.566065523137325,0.003934476862674785,True,FLOAT_PRECISION
پکرمان,TTMNetProfit,6229745000.0,,,False,NULL_SEMANTICS
پکرمان,PEApprox,23.49,,,False,NULL_SEMANTICS
پکرمان,QuantScore,24.45,11.33,13.12,False,LOGIC_DIFFERENCE
پکرمان,OperatingMargin12M,,,,True,EXACT
پکرمان,NetProfitMargin12M,,,,True,EXACT
پکرمان,ROE,,,,True,EXACT
پکویر,SalesLast12M,111249490.0,111249490000000.0000,111249378750510.0,False,LOGIC_DIFFERENCE
پکویر,SalesPrev12M,81094568.0,81094568000000.0000,81094486905432.0,False,LOGIC_DIFFERENCE
پکویر,SalesGrowth12M,37.18,37.184885182445264,0.004885182445264036,True,FLOAT_PRECISION
پکویر,TTMNetProfit,18268897.0,18268897000000.000000,18268878731103.0,False,LOGIC_DIFFERENCE
پکویر,PEApprox,2.69,0.8591651701796775141925645538,1.8308348298203225,False,LOGIC_DIFFERENCE
پکویر,QuantScore,41.93,31.14,10.79,False,LOGIC_DIFFERENCE
پکویر,OperatingMargin12M,24.41,20.980785978663693,3.429214021336307,False,LOGIC_DIFFERENCE
پکویر,NetProfitMargin12M,17.14,17.13557395693605,0.004426043063951113,True,FLOAT_PRECISION
پکویر,ROE,53.38,53.38028491248538,0.00028491248537676483,True,FLOAT_PRECISION
پیزد,SalesLast12M,111755187.0,111755187000000.0000,111755075244813.0,False,LOGIC_DIFFERENCE
پیزد,SalesPrev12M,58756610.0,58756610000000.0000,58756551243390.0,False,LOGIC_DIFFERENCE
پیزد,SalesGrowth12M,90.2,90.20019534823402,0.00019534823401556878,True,FLOAT_PRECISION
پیزد,TTMNetProfit,15021184.0,15021184000000.000000,15021168978816.0,False,LOGIC_DIFFERENCE
پیزد,PEApprox,7.61,0.4074246078072141317222397382,7.202575392192786,False,LOGIC_DIFFERENCE
پیزد,QuantScore,52.85,35.35,17.5,False,LOGIC_DIFFERENCE
پیزد,OperatingMargin12M,19.85,9.129572324189093,10.720427675810908,False,LOGIC_DIFFERENCE
پیزد,NetProfitMargin12M,14.65,14.646714811167293,0.003285188832707675,True,FLOAT_PRECISION
پیزد,ROE,50.69,50.69141931771961,0.0014193177196091256,True,FLOAT_PRECISION
تاتمس,SalesLast12M,347941.0,347941000000.0000,347940652059.0,False,LOGIC_DIFFERENCE
تاتمس,SalesPrev12M,0.0,,,False,NULL_SEMANTICS
تاتمس,SalesGrowth12M,,,,True,EXACT
تاتمس,TTMNetProfit,,,,True,EXACT
تاتمس,PEApprox,,,,True,EXACT
تاتمس,QuantScore,3.46,12.0,8.54,False,LOGIC_DIFFERENCE
تاتمس,OperatingMargin12M,,,,True,EXACT
تاتمس,NetProfitMargin12M,,,,True,EXACT
تاتمس,ROE,,,,True,EXACT
تاصیکو,SalesLast12M,,,,True,EXACT
تاصیکو,SalesPrev12M,,,,True,EXACT
تاصیکو,SalesGrowth12M,,,,True,EXACT
تاصیکو,TTMNetProfit,53520682.0,53520682000000.000000,53520628479318.0,False,LOGIC_DIFFERENCE
تاصیکو,PEApprox,38.87,17.85720891972191236277594520,21.012791080278085,False,LOGIC_DIFFERENCE
تاصیکو,QuantScore,31.06,26.86,4.199999999999999,False,LOGIC_DIFFERENCE
تاصیکو,OperatingMargin12M,95.87,65.25319233958923,30.61680766041077,False,LOGIC_DIFFERENCE
تاصیکو,NetProfitMargin12M,65.5,65.50053939349526,0.0005393934952593327,True,FLOAT_PRECISION
تاصیکو,ROE,29.91,29.911900069773424,0.0019000697734234961,True,FLOAT_PRECISION
تایرا,SalesLast12M,405424640.0,405424640000000.0000,405424234575360.0,False,LOGIC_DIFFERENCE
تایرا,SalesPrev12M,328494718.0,328494718000000.0000,328494389505282.0,False,LOGIC_DIFFERENCE
تایرا,SalesGrowth12M,23.42,23.418922066198945,0.0010779338010564743,True,FLOAT_PRECISION
تایرا,TTMNetProfit,69389200000.0,,,False,NULL_SEMANTICS
تایرا,PEApprox,2.57,,,False,NULL_SEMANTICS
تایرا,QuantScore,31.99,11.11,20.88,False,LOGIC_DIFFERENCE
تایرا,OperatingMargin12M,,,,True,EXACT
تایرا,NetProfitMargin12M,,,,True,EXACT
تایرا,ROE,,,,True,EXACT
تپسی,SalesLast12M,31548052.0,31548052000000.0000,31548020451948.0,False,LOGIC_DIFFERENCE
تپسی,SalesPrev12M,29680219.0,29680219000000.0000,29680189319781.0,False,LOGIC_DIFFERENCE
تپسی,SalesGrowth12M,6.29,6.29319143500929,0.003191435009290089,True,FLOAT_PRECISION
تپسی,TTMNetProfit,-3813570.0,-3813570000000.000000,3813566186430.0,False,LOGIC_DIFFERENCE
تپسی,PEApprox,,-7.532254989419362959117047805,,False,NULL_SEMANTICS
تپسی,QuantScore,13.44,26.43,12.99,False,LOGIC_DIFFERENCE
تپسی,OperatingMargin12M,14.24,10.671956441790005,3.568043558209995,False,LOGIC_DIFFERENCE
تپسی,NetProfitMargin12M,-13.35,-13.346787553525726,0.003212446474273989,True,FLOAT_PRECISION
تپسی,ROE,-235.09,-235.09398346758957,0.003983467589563361,True,FLOAT_PRECISION
تپمپی,SalesLast12M,,,,True,EXACT
تپمپی,SalesPrev12M,,,,True,EXACT
تپمپی,SalesGrowth12M,,,,True,EXACT
تپمپی,TTMNetProfit,1742222000.0,,,False,NULL_SEMANTICS
تپمپی,PEApprox,11.61,,,False,NULL_SEMANTICS
تپمپی,QuantScore,20.67,12.0,8.670000000000002,False,LOGIC_DIFFERENCE
تپمپی,OperatingMargin12M,,,,True,EXACT
تپمپی,NetProfitMargin12M,,,,True,EXACT
تپمپی,ROE,,,,True,EXACT
تکمبا,SalesLast12M,,,,True,EXACT
تکمبا,SalesPrev12M,,,,True,EXACT
تکمبا,SalesGrowth12M,,,,True,EXACT
تکمبا,TTMNetProfit,735732529.0,,,False,NULL_SEMANTICS
تکمبا,PEApprox,19.98,,,False,NULL_SEMANTICS
تکمبا,QuantScore,12.45,12.0,0.4499999999999993,False,LOGIC_DIFFERENCE
تکمبا,OperatingMargin12M,,,,True,EXACT
تکمبا,NetProfitMargin12M,,,,True,EXACT
تکمبا,ROE,,,,True,EXACT
تلیسه,SalesLast12M,26580516.0,26580516000000.0000,26580489419484.0,False,LOGIC_DIFFERENCE
تلیسه,SalesPrev12M,12675634.0,12675634000000.0000,12675621324366.0,False,LOGIC_DIFFERENCE
تلیسه,SalesGrowth12M,109.7,109.69772399550192,0.0022760044980856264,True,FLOAT_PRECISION
تلیسه,TTMNetProfit,6320758.0,6320758000000.000000,6320751679242.0,False,LOGIC_DIFFERENCE
تلیسه,PEApprox,7.32,0.5105400333314453741149400120,6.809459966668555,False,LOGIC_DIFFERENCE
تلیسه,QuantScore,38.58,34.95,3.6299999999999955,False,LOGIC_DIFFERENCE
تلیسه,OperatingMargin12M,18.99,18.83897544932062,0.15102455067937726,False,LOGIC_DIFFERENCE
تلیسه,NetProfitMargin12M,28.0,27.99799785167713,0.0020021483228696013,True,FLOAT_PRECISION
تلیسه,ROE,25.68,25.675413946089723,0.004586053910276888,True,FLOAT_PRECISION
توریل,SalesLast12M,,,,True,EXACT
توریل,SalesPrev12M,,,,True,EXACT
توریل,SalesGrowth12M,,,,True,EXACT
توریل,TTMNetProfit,10230000000.0,,,False,NULL_SEMANTICS
توریل,PEApprox,3.65,,,False,NULL_SEMANTICS
توریل,QuantScore,17.3,12.0,5.300000000000001,False,LOGIC_DIFFERENCE
توریل,OperatingMargin12M,,,,True,EXACT
توریل,NetProfitMargin12M,,,,True,EXACT
توریل,ROE,,,,True,EXACT
ثالوند,SalesLast12M,419313.0,419313000000.0000,419312580687.0,False,LOGIC_DIFFERENCE
ثالوند,SalesPrev12M,0.0,,,False,NULL_SEMANTICS
ثالوند,SalesGrowth12M,,,,True,EXACT
ثالوند,TTMNetProfit,,,,True,EXACT
ثالوند,PEApprox,,,,True,EXACT
ثالوند,QuantScore,3.47,12.0,8.53,False,LOGIC_DIFFERENCE
ثالوند,OperatingMargin12M,,,,True,EXACT
ثالوند,NetProfitMargin12M,,,,True,EXACT
ثالوند,ROE,,,,True,EXACT
ثبهساز,SalesLast12M,,,,True,EXACT
ثبهساز,SalesPrev12M,,,,True,EXACT
ثبهساز,SalesGrowth12M,,,,True,EXACT
ثبهساز,TTMNetProfit,8857546280.0,,,False,NULL_SEMANTICS
ثبهساز,PEApprox,8.35,,,False,NULL_SEMANTICS
ثبهساز,QuantScore,23.94,13.05,10.89,False,LOGIC_DIFFERENCE
ثبهساز,OperatingMargin12M,86.41,71.82551536308226,14.584484636917736,False,LOGIC_DIFFERENCE
ثبهساز,NetProfitMargin12M,,,,True,EXACT
ثبهساز,ROE,,,,True,EXACT
ثتران,SalesLast12M,,,,True,EXACT
ثتران,SalesPrev12M,,,,True,EXACT
ثتران,SalesGrowth12M,,,,True,EXACT
ثتران,TTMNetProfit,675000000.0,,,False,NULL_SEMANTICS
ثتران,PEApprox,,,,True,EXACT
ثتران,QuantScore,18.86,12.0,6.859999999999999,False,LOGIC_DIFFERENCE
ثتران,OperatingMargin12M,,,,True,EXACT
ثتران,NetProfitMargin12M,,,,True,EXACT
ثتران,ROE,,,,True,EXACT
جم پیلن3,SalesLast12M,269587082.0,269587082000000.0000,269586812412918.0,False,LOGIC_DIFFERENCE
جم پیلن3,SalesPrev12M,184674501.0,184674501000000.0000,184674316325499.0,False,LOGIC_DIFFERENCE
جم پیلن3,SalesGrowth12M,45.98,45.97959141094417,0.00040858905583007754,True,FLOAT_PRECISION
جم پیلن3,TTMNetProfit,83705939.0,83705939000000.000000,83705855294061.0,False,LOGIC_DIFFERENCE
جم پیلن3,PEApprox,7.23,7.129721106169061671956155943,0.10027889383093846,False,LOGIC_DIFFERENCE
جم پیلن3,QuantScore,51.66,30.72,20.939999999999998,False,LOGIC_DIFFERENCE
جم پیلن3,OperatingMargin12M,34.86,38.72380880845755,3.8638088084575486,False,LOGIC_DIFFERENCE
جم پیلن3,NetProfitMargin12M,32.67,32.67496582361048,0.00496582361047615,True,FLOAT_PRECISION
جم پیلن3,ROE,193.12,193.11945291041283,0.0005470895871724224,True,FLOAT_PRECISION
چخزر,SalesLast12M,4005898.0,4005898000000.0000,4005893994102.0,False,LOGIC_DIFFERENCE
چخزر,SalesPrev12M,0.0,,,False,NULL_SEMANTICS
چخزر,SalesGrowth12M,,,,True,EXACT
چخزر,TTMNetProfit,4256800000.0,,,False,NULL_SEMANTICS
چخزر,PEApprox,8.77,,,False,NULL_SEMANTICS
چخزر,QuantScore,30.16,12.0,18.16,False,LOGIC_DIFFERENCE
چخزر,OperatingMargin12M,124.93,,,False,NULL_SEMANTICS
چخزر,NetProfitMargin12M,,,,True,EXACT
چخزر,ROE,,,,True,EXACT
چدن,SalesLast12M,26726015.0,26726015000000.0000,26725988273985.0,False,LOGIC_DIFFERENCE
چدن,SalesPrev12M,16309229.0,16309229000000.0000,16309212690771.0,False,LOGIC_DIFFERENCE
چدن,SalesGrowth12M,63.87,63.87049933506973,0.0004993350697333199,True,FLOAT_PRECISION
چدن,TTMNetProfit,10889712.0,10889712000000.000000,10889701110288.0,False,LOGIC_DIFFERENCE
چدن,PEApprox,8.02,3.431412170496336358574037587,4.588587829503663,False,LOGIC_DIFFERENCE
چدن,QuantScore,44.89,29.66,15.23,False,LOGIC_DIFFERENCE
چدن,OperatingMargin12M,38.9,36.05017064411178,2.849829355888218,False,LOGIC_DIFFERENCE
چدن,NetProfitMargin12M,43.4,43.39713292387248,0.0028670761275151335,True,FLOAT_PRECISION
چدن,ROE,29.4,29.403884866246454,0.003884866246455232,True,FLOAT_PRECISION
چکاپا,SalesLast12M,18677276.0,18677276000000.0000,18677257322724.0,False,LOGIC_DIFFERENCE
چکاپا,SalesPrev12M,11773182.0,11773182000000.0000,11773170226818.0,False,LOGIC_DIFFERENCE
چکاپا,SalesGrowth12M,58.64,58.642548802864,0.0025488028639983895,True,FLOAT_PRECISION
چکاپا,TTMNetProfit,-2193519.0,-2193519000000.000000,2193516806481.0,False,LOGIC_DIFFERENCE
چکاپا,PEApprox,,-9.714214467711471840453627253,,False,NULL_SEMANTICS
چکاپا,QuantScore,16.02,28.12,12.100000000000001,False,LOGIC_DIFFERENCE
چکاپا,OperatingMargin12M,-6.22,-7.543842198394795,1.3238421983947957,False,LOGIC_DIFFERENCE
چکاپا,NetProfitMargin12M,-11.29,-11.287504899485986,0.0024951005140128046,True,FLOAT_PRECISION
چکاپا,ROE,-42.59,-42.58745010069656,0.002549899303446068,True,FLOAT_PRECISION
چکارن,SalesLast12M,8513616.0,8513616000000.0000,8513607486384.0,False,LOGIC_DIFFERENCE
چکارن,SalesPrev12M,4025332.0,4025332000000.0000,4025327974668.0,False,LOGIC_DIFFERENCE
چکارن,SalesGrowth12M,111.5,111.50096439250228,0.0009643925022828626,True,FLOAT_PRECISION
چکارن,TTMNetProfit,1407585.0,1407585000000.000000,1407583592415.0,False,LOGIC_DIFFERENCE
چکارن,PEApprox,9.82,7.849226952546382634086040985,1.9707730474536174,False,LOGIC_DIFFERENCE
چکارن,QuantScore,46.63,26.76,19.87,False,LOGIC_DIFFERENCE
چکارن,OperatingMargin12M,21.52,19.313491718110747,2.2065082818892527,False,LOGIC_DIFFERENCE
چکارن,NetProfitMargin12M,18.39,18.39499958050172,0.004999580501721113,True,FLOAT_PRECISION
چکارن,ROE,28.3,28.29502562278968,0.0049743772103205686,True,FLOAT_PRECISION
حپارسا,SalesLast12M,20624299.0,20624299000000.0000,20624278375701.0,False,LOGIC_DIFFERENCE
حپارسا,SalesPrev12M,12073275.0,12073275000000.0000,12073262926725.0,False,LOGIC_DIFFERENCE
حپارسا,SalesGrowth12M,70.83,70.82605175480555,0.003948245194450806,True,FLOAT_PRECISION
حپارسا,TTMNetProfit,4816500000.0,,,False,NULL_SEMANTICS
حپارسا,PEApprox,8.26,,,False,NULL_SEMANTICS
حپارسا,QuantScore,37.01,12.81,24.199999999999996,False,LOGIC_DIFFERENCE
حپارسا,OperatingMargin12M,,,,True,EXACT
حپارسا,NetProfitMargin12M,,,,True,EXACT
حپارسا,ROE,,,,True,EXACT
حتاید,SalesLast12M,30406000.0,30406000000000.0000,30405969594000.0,False,LOGIC_DIFFERENCE
حتاید,SalesPrev12M,25738600.0,25738600000000.0000,25738574261400.0,False,LOGIC_DIFFERENCE
حتاید,SalesGrowth12M,18.13,18.133853434141717,0.003853434141717571,True,FLOAT_PRECISION
حتاید,TTMNetProfit,28740000000.0,,,False,NULL_SEMANTICS
حتاید,PEApprox,6.59,,,False,NULL_SEMANTICS
حتاید,QuantScore,33.56,10.41,23.150000000000002,False,LOGIC_DIFFERENCE
حتاید,OperatingMargin12M,97.16,1.149029070435482e-05,97.1599885097093,False,LOGIC_DIFFERENCE
حتاید,NetProfitMargin12M,,,,True,EXACT
حتاید,ROE,,,,True,EXACT
حتوکا,SalesLast12M,20866004.0,20866004000000.0000,20865983133996.0,False,LOGIC_DIFFERENCE
حتوکا,SalesPrev12M,16641902.0,16641902000000.0000,16641885358098.0,False,LOGIC_DIFFERENCE
حتوکا,SalesGrowth12M,25.38,25.38232709217973,0.002327092179729817,True,FLOAT_PRECISION
حتوکا,TTMNetProfit,2031130000.0,,,False,NULL_SEMANTICS
حتوکا,PEApprox,7.73,,,False,NULL_SEMANTICS
حتوکا,QuantScore,19.72,11.17,8.549999999999999,False,LOGIC_DIFFERENCE
حتوکا,OperatingMargin12M,,,,True,EXACT
حتوکا,NetProfitMargin12M,,,,True,EXACT
حتوکا,ROE,,,,True,EXACT
حریل,SalesLast12M,,,,True,EXACT
حریل,SalesPrev12M,,,,True,EXACT
حریل,SalesGrowth12M,,,,True,EXACT
حریل,TTMNetProfit,96330000.0,,,False,NULL_SEMANTICS
حریل,PEApprox,153.68,,,False,NULL_SEMANTICS
حریل,QuantScore,16.24,12.0,4.239999999999998,False,LOGIC_DIFFERENCE
حریل,OperatingMargin12M,,,,True,EXACT
حریل,NetProfitMargin12M,,,,True,EXACT
حریل,ROE,,,,True,EXACT
حسیر,SalesLast12M,,,,True,EXACT
حسیر,SalesPrev12M,,,,True,EXACT
حسیر,SalesGrowth12M,,,,True,EXACT
حسیر,TTMNetProfit,2642976238.0,,,False,NULL_SEMANTICS
حسیر,PEApprox,,,,True,EXACT
حسیر,QuantScore,17.29,12.0,5.289999999999999,False,LOGIC_DIFFERENCE
حسیر,OperatingMargin12M,,,,True,EXACT
حسیر,NetProfitMargin12M,,,,True,EXACT
حسیر,ROE,,,,True,EXACT
حسینا,SalesLast12M,67028728.0,67028728000000.0000,67028660971272.0,False,LOGIC_DIFFERENCE
حسینا,SalesPrev12M,65091789.0,65091789000000.0000,65091723908211.0,False,LOGIC_DIFFERENCE
حسینا,SalesGrowth12M,2.98,2.9757040477102263,0.004295952289773641,True,FLOAT_PRECISION
حسینا,TTMNetProfit,22127990280.0,,,False,NULL_SEMANTICS
حسینا,PEApprox,7.44,,,False,NULL_SEMANTICS
حسینا,QuantScore,24.95,10.64,14.309999999999999,False,LOGIC_DIFFERENCE
حسینا,OperatingMargin12M,,,,True,EXACT
حسینا,NetProfitMargin12M,,,,True,EXACT
حسینا,ROE,,,,True,EXACT
حفارس,SalesLast12M,26909262.0,26909262000000.0000,26909235090738.0,False,LOGIC_DIFFERENCE
حفارس,SalesPrev12M,25411983.0,25411983000000.0000,25411957588017.0,False,LOGIC_DIFFERENCE
حفارس,SalesGrowth12M,5.89,5.892019524804499,0.0020195248044991843,True,FLOAT_PRECISION
حفارس,TTMNetProfit,2933405.0,2933405000000.000000,2933402066595.0,False,LOGIC_DIFFERENCE
حفارس,PEApprox,59.69,7.778023205114875034303139184,51.91197679488512,False,LOGIC_DIFFERENCE
حفارس,QuantScore,15.83,17.75,1.92,False,LOGIC_DIFFERENCE
حفارس,OperatingMargin12M,2.38,5.376736774694136,2.996736774694136,False,LOGIC_DIFFERENCE
حفارس,NetProfitMargin12M,10.01,10.007294457126864,0.0027055428731355136,True,FLOAT_PRECISION
حفارس,ROE,12.7,12.702424793234115,0.0024247932341161516,True,FLOAT_PRECISION
حفاری,SalesLast12M,,,,True,EXACT
حفاری,SalesPrev12M,,,,True,EXACT
حفاری,SalesGrowth12M,,,,True,EXACT
حفاری,TTMNetProfit,45738000000.0,,,False,NULL_SEMANTICS
حفاری,PEApprox,2.22,,,False,NULL_SEMANTICS
حفاری,QuantScore,19.02,12.0,7.02,False,LOGIC_DIFFERENCE
حفاری,OperatingMargin12M,,,,True,EXACT
حفاری,NetProfitMargin12M,,,,True,EXACT
حفاری,ROE,,,,True,EXACT
حکشتی,SalesLast12M,,,,True,EXACT
حکشتی,SalesPrev12M,,,,True,EXACT
حکشتی,SalesGrowth12M,,,,True,EXACT
حکشتی,TTMNetProfit,238380000000.0,524844836000000.000000,524606456000000.0,False,LOGIC_DIFFERENCE
حکشتی,PEApprox,4.33,0.3647798108468004437029461408,3.9652201891531997,False,LOGIC_DIFFERENCE
حکشتی,QuantScore,30.22,37.94,7.719999999999999,False,LOGIC_DIFFERENCE
حکشتی,OperatingMargin12M,30.98,10.979259244387048,20.000740755612952,False,LOGIC_DIFFERENCE
حکشتی,NetProfitMargin12M,28.31,36.02832387221223,7.718323872212235,False,LOGIC_DIFFERENCE
حکشتی,ROE,,369.68095539937997,,False,NULL_SEMANTICS
خبهمن,SalesLast12M,,,,True,EXACT
خبهمن,SalesPrev12M,,,,True,EXACT
خبهمن,SalesGrowth12M,,,,True,EXACT
خبهمن,TTMNetProfit,75355611.0,75355611000000.000000,75355535644389.0,False,LOGIC_DIFFERENCE
خبهمن,PEApprox,4.65,4.532861159854440036323240747,0.11713884014555997,False,LOGIC_DIFFERENCE
خبهمن,QuantScore,32.06,30.28,1.7800000000000011,False,LOGIC_DIFFERENCE
خبهمن,OperatingMargin12M,96.22,191.68312738913113,95.46312738913113,False,LOGIC_DIFFERENCE
خبهمن,NetProfitMargin12M,95.18,61.01091353368322,34.169086466316784,False,LOGIC_DIFFERENCE
خبهمن,ROE,21.4,21.403435595215658,0.0034355952156595038,True,FLOAT_PRECISION
خچرخش,SalesLast12M,,,,True,EXACT
خچرخش,SalesPrev12M,,,,True,EXACT
خچرخش,SalesGrowth12M,,,,True,EXACT
خچرخش,TTMNetProfit,2476399095.0,,,False,NULL_SEMANTICS
خچرخش,PEApprox,8.68,,,False,NULL_SEMANTICS
خچرخش,QuantScore,26.83,12.0,14.829999999999998,False,LOGIC_DIFFERENCE
خچرخش,OperatingMargin12M,,,,True,EXACT
خچرخش,NetProfitMargin12M,,,,True,EXACT
خچرخش,ROE,,,,True,EXACT
خدیزل,SalesLast12M,,,,True,EXACT
خدیزل,SalesPrev12M,,,,True,EXACT
خدیزل,SalesGrowth12M,,,,True,EXACT
خدیزل,TTMNetProfit,25848000000.0,,,False,NULL_SEMANTICS
خدیزل,PEApprox,4.87,,,False,NULL_SEMANTICS
خدیزل,QuantScore,18.55,12.0,6.550000000000001,False,LOGIC_DIFFERENCE
خدیزل,OperatingMargin12M,,,,True,EXACT
خدیزل,NetProfitMargin12M,,,,True,EXACT
خدیزل,ROE,,,,True,EXACT
خراسان,SalesLast12M,214542044.0,214542044000000.0000,214541829457956.0,False,LOGIC_DIFFERENCE
خراسان,SalesPrev12M,90726729.0,90726729000000.0000,90726638273271.0,False,LOGIC_DIFFERENCE
خراسان,SalesGrowth12M,136.47,136.47060393855926,0.0006039385592657709,True,FLOAT_PRECISION
خراسان,TTMNetProfit,84071858.0,84071858000000.000000,84071773928142.0,False,LOGIC_DIFFERENCE
خراسان,PEApprox,7.49,1.129022667252102362243498889,6.360977332747898,False,LOGIC_DIFFERENCE
خراسان,QuantScore,60.05,43.07,16.979999999999997,False,LOGIC_DIFFERENCE
خراسان,OperatingMargin12M,58.5,45.201884888326646,13.298115111673354,False,LOGIC_DIFFERENCE
خراسان,NetProfitMargin12M,50.59,50.594965774348346,0.004965774348342222,True,FLOAT_PRECISION
خراسان,ROE,127.43,127.43073723335021,0.000737233350207589,True,FLOAT_PRECISION
خزامیا,SalesLast12M,325134280.0,325134280000000.0000,325133954865720.0,False,LOGIC_DIFFERENCE
خزامیا,SalesPrev12M,293024334.0,293024334000000.0000,293024040975666.0,False,LOGIC_DIFFERENCE
خزامیا,SalesGrowth12M,10.96,10.958115853954983,0.0018841460450182979,True,FLOAT_PRECISION
خزامیا,TTMNetProfit,4847863360.0,,,False,NULL_SEMANTICS
خزامیا,PEApprox,33.73,,,False,NULL_SEMANTICS
خزامیا,QuantScore,23.77,10.86,12.91,False,LOGIC_DIFFERENCE
خزامیا,OperatingMargin12M,,,,True,EXACT
خزامیا,NetProfitMargin12M,,,,True,EXACT
خزامیا,ROE,,,,True,EXACT
خصدرا,SalesLast12M,,,,True,EXACT
خصدرا,SalesPrev12M,,,,True,EXACT
خصدرا,SalesGrowth12M,,,,True,EXACT
خصدرا,TTMNetProfit,5008221887.0,,,False,NULL_SEMANTICS
خصدرا,PEApprox,11.99,,,False,NULL_SEMANTICS
خصدرا,QuantScore,16.34,12.0,4.34,False,LOGIC_DIFFERENCE
خصدرا,OperatingMargin12M,,,,True,EXACT
خصدرا,NetProfitMargin12M,,,,True,EXACT
خصدرا,ROE,,,,True,EXACT
خمحرکه,SalesLast12M,99446713.0,99446713000000.0000,99446613553287.0,False,LOGIC_DIFFERENCE
خمحرکه,SalesPrev12M,69015560.0,69015560000000.0000,69015490984440.0,False,LOGIC_DIFFERENCE
خمحرکه,SalesGrowth12M,44.09,44.09317695893506,0.003176958935057428,True,FLOAT_PRECISION
خمحرکه,TTMNetProfit,682356591.0,,,False,NULL_SEMANTICS
خمحرکه,PEApprox,,,,True,EXACT
خمحرکه,QuantScore,20.74,11.78,8.959999999999999,False,LOGIC_DIFFERENCE
خمحرکه,OperatingMargin12M,,,,True,EXACT
خمحرکه,NetProfitMargin12M,,,,True,EXACT
خمحرکه,ROE,,,,True,EXACT
خمهر,SalesLast12M,,,,True,EXACT
خمهر,SalesPrev12M,,,,True,EXACT
خمهر,SalesGrowth12M,,,,True,EXACT
خمهر,TTMNetProfit,530217520.0,,,False,NULL_SEMANTICS
خمهر,PEApprox,45.25,,,False,NULL_SEMANTICS
خمهر,QuantScore,21.85,12.0,9.850000000000001,False,LOGIC_DIFFERENCE
خمهر,OperatingMargin12M,,,,True,EXACT
خمهر,NetProfitMargin12M,,,,True,EXACT
خمهر,ROE,,,,True,EXACT
خموتور,SalesLast12M,62750005.0,62750005000000.0000,62749942249995.0,False,LOGIC_DIFFERENCE
خموتور,SalesPrev12M,58181319.0,58181319000000.0000,58181260818681.0,False,LOGIC_DIFFERENCE
خموتور,SalesGrowth12M,7.85,7.852496434465502,0.0024964344655025172,True,FLOAT_PRECISION
خموتور,TTMNetProfit,5545590000.0,,,False,NULL_SEMANTICS
خموتور,PEApprox,7.75,,,False,NULL_SEMANTICS
خموتور,QuantScore,25.67,10.81,14.860000000000001,False,LOGIC_DIFFERENCE
خموتور,OperatingMargin12M,,,,True,EXACT
خموتور,NetProfitMargin12M,,,,True,EXACT
خموتور,ROE,,,,True,EXACT
خنصیر,SalesLast12M,6529117.0,6529117000000.0000,6529110470883.0,False,LOGIC_DIFFERENCE
خنصیر,SalesPrev12M,5986125.0,5986125000000.0000,5986119013875.0,False,LOGIC_DIFFERENCE
خنصیر,SalesGrowth12M,9.07,9.070842991083547,0.0008429910835463517,True,FLOAT_PRECISION
خنصیر,TTMNetProfit,1775800000.0,,,False,NULL_SEMANTICS
خنصیر,PEApprox,6.09,,,False,NULL_SEMANTICS
خنصیر,QuantScore,30.26,10.83,19.43,False,LOGIC_DIFFERENCE
خنصیر,OperatingMargin12M,,,,True,EXACT
خنصیر,NetProfitMargin12M,,,,True,EXACT
خنصیر,ROE,,,,True,EXACT
خودرو,SalesLast12M,5430579681.0,5430579681000000.0000,5430574250420319.0,False,LOGIC_DIFFERENCE
خودرو,SalesPrev12M,3365446773.0,3365446773000000.0000,3365443407553227.0,False,LOGIC_DIFFERENCE
خودرو,SalesGrowth12M,61.36,61.362815914010596,0.002815914010596998,True,FLOAT_PRECISION
خودرو,TTMNetProfit,-126273117.0,-126273117000000.000000,126272990726883.0,False,LOGIC_DIFFERENCE
خودرو,PEApprox,,-1.595796937712403187132855840,,False,NULL_SEMANTICS
خودرو,QuantScore,8.22,30.72,22.5,False,LOGIC_DIFFERENCE
خودرو,OperatingMargin12M,-3.47,-1.0525994350495802,2.41740056495042,False,LOGIC_DIFFERENCE
خودرو,NetProfitMargin12M,-2.37,-2.372171429052405,0.0021714290524048607,True,FLOAT_PRECISION
خودرو,ROE,-11.13,-11.128936310150573,0.0010636898494276181,True,FLOAT_PRECISION
خودکفا,SalesLast12M,,,,True,EXACT
خودکفا,SalesPrev12M,,,,True,EXACT
خودکفا,SalesGrowth12M,,,,True,EXACT
خودکفا,TTMNetProfit,62400000000.0,,,False,NULL_SEMANTICS
خودکفا,PEApprox,2.31,,,False,NULL_SEMANTICS
خودکفا,QuantScore,26.58,12.0,14.579999999999998,False,LOGIC_DIFFERENCE
خودکفا,OperatingMargin12M,,,,True,EXACT
خودکفا,NetProfitMargin12M,,,,True,EXACT
خودکفا,ROE,,,,True,EXACT
دابور,SalesLast12M,40408859.0,40408859000000.0000,40408818591141.0,False,LOGIC_DIFFERENCE
دابور,SalesPrev12M,20214532.0,20214532000000.0000,20214511785468.0,False,LOGIC_DIFFERENCE
دابور,SalesGrowth12M,99.9,99.9000471541958,4.71541957978161e-05,True,FLOAT_PRECISION
دابور,TTMNetProfit,11615400000.0,,,False,NULL_SEMANTICS
دابور,PEApprox,10.23,,,False,NULL_SEMANTICS
دابور,QuantScore,43.91,14.03,29.879999999999995,False,LOGIC_DIFFERENCE
دابور,OperatingMargin12M,,,,True,EXACT
دابور,NetProfitMargin12M,,,,True,EXACT
دابور,ROE,,,,True,EXACT
دارو,SalesLast12M,158863698.0,158863698000000.0000,158863539136302.0,False,LOGIC_DIFFERENCE
دارو,SalesPrev12M,53921857.0,53921857000000.0000,53921803078143.0,False,LOGIC_DIFFERENCE
دارو,SalesGrowth12M,194.62,194.61837339912088,0.0016266008791205877,True,FLOAT_PRECISION
دارو,TTMNetProfit,43548995.0,43548995000000.000000,43548951451005.0,False,LOGIC_DIFFERENCE
دارو,PEApprox,9.91,0.1434591085282220634483069012,9.766540891471777,False,LOGIC_DIFFERENCE
دارو,QuantScore,63.08,42.65,20.43,False,LOGIC_DIFFERENCE
دارو,OperatingMargin12M,53.61,34.19152417651073,19.418475823489267,False,LOGIC_DIFFERENCE
دارو,NetProfitMargin12M,35.42,35.416493053396756,0.0035069466032453533,True,FLOAT_PRECISION
دارو,ROE,48.91,48.912177063516474,0.0021770635164770624,True,FLOAT_PRECISION
داسوه,SalesLast12M,15447973.0,15447973000000.0000,15447957552027.0,False,LOGIC_DIFFERENCE
داسوه,SalesPrev12M,7902204.0,7902204000000.0000,7902196097796.0,False,LOGIC_DIFFERENCE
داسوه,SalesGrowth12M,95.49,95.48942295086282,0.0005770491371777098,True,FLOAT_PRECISION
داسوه,TTMNetProfit,3402750000.0,,,False,NULL_SEMANTICS
داسوه,PEApprox,20.08,,,False,NULL_SEMANTICS
داسوه,QuantScore,45.83,14.54,31.29,False,LOGIC_DIFFERENCE
داسوه,OperatingMargin12M,45.77,45.77277356453593,0.0027735645359285854,True,FLOAT_PRECISION
داسوه,NetProfitMargin12M,,,,True,EXACT
داسوه,ROE,,,,True,EXACT
دالبر,SalesLast12M,,,,True,EXACT
دالبر,SalesPrev12M,,,,True,EXACT
دالبر,SalesGrowth12M,,,,True,EXACT
دالبر,TTMNetProfit,18746000000.0,,,False,NULL_SEMANTICS
دالبر,PEApprox,11.61,,,False,NULL_SEMANTICS
دالبر,QuantScore,23.93,12.0,11.93,False,LOGIC_DIFFERENCE
دالبر,OperatingMargin12M,,,,True,EXACT
دالبر,NetProfitMargin12M,,,,True,EXACT
دالبر,ROE,,,,True,EXACT
دامین,SalesLast12M,,,,True,EXACT
دامین,SalesPrev12M,,,,True,EXACT
دامین,SalesGrowth12M,,,,True,EXACT
دامین,TTMNetProfit,3117800.0,3117800000000.000000,3117796882200.0,False,LOGIC_DIFFERENCE
دامین,PEApprox,45.22,19.37494387067804220925011226,25.845056129321957,False,LOGIC_DIFFERENCE
دامین,QuantScore,29.98,21.08,8.900000000000002,False,LOGIC_DIFFERENCE
دامین,OperatingMargin12M,36.82,19.44730902780025,17.37269097219975,False,LOGIC_DIFFERENCE
دامین,NetProfitMargin12M,20.18,20.18096456958452,0.000964569584521513,True,FLOAT_PRECISION
دامین,ROE,22.58,22.578105668112563,0.0018943318874349302,True,FLOAT_PRECISION
دانا,SalesLast12M,,,,True,EXACT
دانا,SalesPrev12M,,,,True,EXACT
دانا,SalesGrowth12M,,,,True,EXACT
دانا,TTMNetProfit,-35528522172.0,,,False,NULL_SEMANTICS
دانا,PEApprox,,,,True,EXACT
دانا,QuantScore,3.38,12.0,8.620000000000001,False,LOGIC_DIFFERENCE
دانا,OperatingMargin12M,,,,True,EXACT
دانا,NetProfitMargin12M,,,,True,EXACT
دانا,ROE,,,,True,EXACT
دبالک,SalesLast12M,14866695.0,14866695000000.0000,14866680133305.0,False,LOGIC_DIFFERENCE
دبالک,SalesPrev12M,7016347.0,7016347000000.0000,7016339983653.0,False,LOGIC_DIFFERENCE
دبالک,SalesGrowth12M,111.89,111.88654152937418,0.003458470625815835,True,FLOAT_PRECISION
دبالک,TTMNetProfit,633360000.0,,,False,NULL_SEMANTICS
دبالک,PEApprox,43.42,,,False,NULL_SEMANTICS
دبالک,QuantScore,36.28,14.36,21.92,False,LOGIC_DIFFERENCE
دبالک,OperatingMargin12M,,,,True,EXACT
دبالک,NetProfitMargin12M,,,,True,EXACT
دبالک,ROE,,,,True,EXACT
دپارس,SalesLast12M,33268153.0,33268153000000.0000,33268119731847.0,False,LOGIC_DIFFERENCE
دپارس,SalesPrev12M,18086594.0,18086594000000.0000,18086575913406.0,False,LOGIC_DIFFERENCE
دپارس,SalesGrowth12M,83.94,83.93818648220886,0.0018135177911347,True,FLOAT_PRECISION
دپارس,TTMNetProfit,35285450000.0,,,False,NULL_SEMANTICS
دپارس,PEApprox,3.93,,,False,NULL_SEMANTICS
دپارس,QuantScore,38.85,13.36,25.490000000000002,False,LOGIC_DIFFERENCE
دپارس,OperatingMargin12M,,,,True,EXACT
دپارس,NetProfitMargin12M,,,,True,EXACT
دپارس,ROE,,,,True,EXACT
دتماد,SalesLast12M,,,,True,EXACT
دتماد,SalesPrev12M,,,,True,EXACT
دتماد,SalesGrowth12M,,,,True,EXACT
دتماد,TTMNetProfit,15987790000.0,,,False,NULL_SEMANTICS
دتماد,PEApprox,9.52,,,False,NULL_SEMANTICS
دتماد,QuantScore,24.4,12.0,12.399999999999999,False,LOGIC_DIFFERENCE
دتماد,OperatingMargin12M,,,,True,EXACT
دتماد,NetProfitMargin12M,,,,True,EXACT
دتماد,ROE,,,,True,EXACT
دتوزیع,SalesLast12M,,,,True,EXACT
دتوزیع,SalesPrev12M,,,,True,EXACT
دتوزیع,SalesGrowth12M,,,,True,EXACT
دتوزیع,TTMNetProfit,22170000000.0,,,False,NULL_SEMANTICS
دتوزیع,PEApprox,8.15,,,False,NULL_SEMANTICS
دتوزیع,QuantScore,27.57,12.0,15.57,False,LOGIC_DIFFERENCE
دتوزیع,OperatingMargin12M,,,,True,EXACT
دتوزیع,NetProfitMargin12M,,,,True,EXACT
دتوزیع,ROE,,,,True,EXACT
دجابر,SalesLast12M,46981329.0,46981329000000.0000,46981282018671.0,False,LOGIC_DIFFERENCE
دجابر,SalesPrev12M,13075552.0,13075552000000.0000,13075538924448.0,False,LOGIC_DIFFERENCE
دجابر,SalesGrowth12M,259.31,259.30665871697045,0.0033412830295560525,True,FLOAT_PRECISION
دجابر,TTMNetProfit,9520877.0,3406756000000.000000,3406746479123.0,False,LOGIC_DIFFERENCE
دجابر,PEApprox,11.38,31.80220714368742580918621703,20.422207143687423,False,LOGIC_DIFFERENCE
دجابر,QuantScore,55.73,26.24,29.49,False,LOGIC_DIFFERENCE
دجابر,OperatingMargin12M,33.91,9.128521594190182,24.781478405809814,False,LOGIC_DIFFERENCE
دجابر,NetProfitMargin12M,30.04,16.03712405855763,14.002875941442369,False,LOGIC_DIFFERENCE
دجابر,ROE,50.2,17.962009974242942,32.23799002575706,False,LOGIC_DIFFERENCE
ددانا,SalesLast12M,120611902.0,120611902000000.0000,120611781388098.0,False,LOGIC_DIFFERENCE
ددانا,SalesPrev12M,52071078.0,52071078000000.0000,52071025928922.0,False,LOGIC_DIFFERENCE
ددانا,SalesGrowth12M,131.63,131.62935478309092,0.000645216909077817,True,FLOAT_PRECISION
ددانا,TTMNetProfit,24271200000.0,,,False,NULL_SEMANTICS
ددانا,PEApprox,11.75,,,False,NULL_SEMANTICS
ددانا,QuantScore,45.67,14.86,30.810000000000002,False,LOGIC_DIFFERENCE
ددانا,OperatingMargin12M,28.32,,,False,NULL_SEMANTICS
ددانا,NetProfitMargin12M,,,,True,EXACT
ددانا,ROE,,,,True,EXACT
درازک,SalesLast12M,30125338.0,30125338000000.0000,30125307874662.0,False,LOGIC_DIFFERENCE
درازک,SalesPrev12M,13986737.0,13986737000000.0000,13986723013263.0,False,LOGIC_DIFFERENCE
درازک,SalesGrowth12M,115.39,115.38503226306464,0.004967736935356015,True,FLOAT_PRECISION
درازک,TTMNetProfit,13950083496.0,,,False,NULL_SEMANTICS
درازک,PEApprox,5.62,,,False,NULL_SEMANTICS
درازک,QuantScore,51.17,15.25,35.92,False,LOGIC_DIFFERENCE
درازک,OperatingMargin12M,50.34,50.34338801496135,0.0033880149613452204,True,FLOAT_PRECISION
درازک,NetProfitMargin12M,,,,True,EXACT
درازک,ROE,,,,True,EXACT
درهآور,SalesLast12M,,,,True,EXACT
درهآور,SalesPrev12M,,,,True,EXACT
درهآور,SalesGrowth12M,,,,True,EXACT
درهآور,TTMNetProfit,4836931552.0,,,False,NULL_SEMANTICS
درهآور,PEApprox,8.13,,,False,NULL_SEMANTICS
درهآور,QuantScore,22.62,12.0,10.620000000000001,False,LOGIC_DIFFERENCE
درهآور,OperatingMargin12M,,,,True,EXACT
درهآور,NetProfitMargin12M,,,,True,EXACT
درهآور,ROE,,,,True,EXACT
دروز,SalesLast12M,,,,True,EXACT
دروز,SalesPrev12M,,,,True,EXACT
دروز,SalesGrowth12M,,,,True,EXACT
دروز,TTMNetProfit,1608232320.0,,,False,NULL_SEMANTICS
دروز,PEApprox,23.33,,,False,NULL_SEMANTICS
دروز,QuantScore,17.84,12.0,5.84,False,LOGIC_DIFFERENCE
دروز,OperatingMargin12M,,,,True,EXACT
دروز,NetProfitMargin12M,,,,True,EXACT
دروز,ROE,,,,True,EXACT
دزاگرس,SalesLast12M,63295972.0,63295972000000.0000,63295908704028.0,False,LOGIC_DIFFERENCE
دزاگرس,SalesPrev12M,28469059.0,28469059000000.0000,28469030530941.0,False,LOGIC_DIFFERENCE
دزاگرس,SalesGrowth12M,122.33,122.33250491349223,0.0025049134922312533,True,FLOAT_PRECISION
دزاگرس,TTMNetProfit,21904900000.0,,,False,NULL_SEMANTICS
دزاگرس,PEApprox,8.46,,,False,NULL_SEMANTICS
دزاگرس,QuantScore,43.61,14.72,28.89,False,LOGIC_DIFFERENCE
دزاگرس,OperatingMargin12M,,,,True,EXACT
دزاگرس,NetProfitMargin12M,,,,True,EXACT
دزاگرس,ROE,,,,True,EXACT
دزهراوی,SalesLast12M,17741308.0,17741308000000.0000,17741290258692.0,False,LOGIC_DIFFERENCE
دزهراوی,SalesPrev12M,10064148.0,10064148000000.0000,10064137935852.0,False,LOGIC_DIFFERENCE
دزهراوی,SalesGrowth12M,76.28,76.28226452949619,0.002264529496187606,True,FLOAT_PRECISION
دزهراوی,TTMNetProfit,,,,True,EXACT
دزهراوی,PEApprox,,,,True,EXACT
دزهراوی,QuantScore,17.7,13.0,4.699999999999999,False,LOGIC_DIFFERENCE
دزهراوی,OperatingMargin12M,,,,True,EXACT
دزهراوی,NetProfitMargin12M,,,,True,EXACT
دزهراوی,ROE,,,,True,EXACT
دسبحا,SalesLast12M,,,,True,EXACT
دسبحا,SalesPrev12M,,,,True,EXACT
دسبحا,SalesGrowth12M,,,,True,EXACT
دسبحا,TTMNetProfit,12508150000.0,,,False,NULL_SEMANTICS
دسبحا,PEApprox,4.98,,,False,NULL_SEMANTICS
دسبحا,QuantScore,31.12,11.56,19.560000000000002,False,LOGIC_DIFFERENCE
دسبحا,OperatingMargin12M,59.79,-3.8104063722187846e-06,59.79000381040637,False,LOGIC_DIFFERENCE
دسبحا,NetProfitMargin12M,,,,True,EXACT
دسبحا,ROE,,,,True,EXACT
دسبحان,SalesLast12M,,,,True,EXACT
دسبحان,SalesPrev12M,,,,True,EXACT
دسبحان,SalesGrowth12M,,,,True,EXACT
دسبحان,TTMNetProfit,10599480000.0,,,False,NULL_SEMANTICS
دسبحان,PEApprox,15.64,,,False,NULL_SEMANTICS
دسبحان,QuantScore,25.01,12.0,13.010000000000002,False,LOGIC_DIFFERENCE
دسبحان,OperatingMargin12M,,,,True,EXACT
دسبحان,NetProfitMargin12M,,,,True,EXACT
دسبحان,ROE,,,,True,EXACT
دسینا,SalesLast12M,51911546.0,51911546000000.0000,51911494088454.0,False,LOGIC_DIFFERENCE
دسینا,SalesPrev12M,30131057.0,30131057000000.0000,30131026868943.0,False,LOGIC_DIFFERENCE
دسینا,SalesGrowth12M,72.29,72.28584446937921,0.004155530620792547,True,FLOAT_PRECISION
دسینا,TTMNetProfit,22292811.0,22292811000000.000000,22292788707189.0,False,LOGIC_DIFFERENCE
دسینا,PEApprox,9.2,3.066100546943137857311937916,6.133899453056861,False,LOGIC_DIFFERENCE
دسینا,QuantScore,51.17,35.4,15.770000000000003,False,LOGIC_DIFFERENCE
دسینا,OperatingMargin12M,55.55,47.60241628864127,7.947583711358725,False,LOGIC_DIFFERENCE
دسینا,NetProfitMargin12M,46.09,46.09356848358359,0.0035684835835851914,True,FLOAT_PRECISION
دسینا,ROE,99.62,99.62222510112571,0.002225101125702622,True,FLOAT_PRECISION
دعبید,SalesLast12M,228307219.0,228307219000000.0000,228306990692781.0,False,LOGIC_DIFFERENCE
دعبید,SalesPrev12M,112296731.0,112296731000000.0000,112296618703269.0,False,LOGIC_DIFFERENCE
دعبید,SalesGrowth12M,103.31,103.30709270602009,0.0029072939799164033,True,FLOAT_PRECISION
دعبید,TTMNetProfit,84095726.0,84095726000000.000000,84095641904274.0,False,LOGIC_DIFFERENCE
دعبید,PEApprox,16.77,1.347928193164061631384215650,15.422071806835937,False,LOGIC_DIFFERENCE
دعبید,QuantScore,52.84,38.88,13.96,False,LOGIC_DIFFERENCE
دعبید,OperatingMargin12M,46.1,58.079443418177334,11.979443418177333,False,LOGIC_DIFFERENCE
دعبید,NetProfitMargin12M,38.96,38.95562742891822,0.004372571081781018,True,FLOAT_PRECISION
دعبید,ROE,59.51,59.50773590703997,0.002264092960025721,True,FLOAT_PRECISION
دفارا,SalesLast12M,,,,True,EXACT
دفارا,SalesPrev12M,,,,True,EXACT
دفارا,SalesGrowth12M,,,,True,EXACT
دفارا,TTMNetProfit,19502814000.0,,,False,NULL_SEMANTICS
دفارا,PEApprox,8.37,,,False,NULL_SEMANTICS
دفارا,QuantScore,21.74,12.0,9.739999999999998,False,LOGIC_DIFFERENCE
دفارا,OperatingMargin12M,,,,True,EXACT
دفارا,NetProfitMargin12M,,,,True,EXACT
دفارا,ROE,,,,True,EXACT
دفرا,SalesLast12M,43889438.0,43889438000000.0000,43889394110562.0,False,LOGIC_DIFFERENCE
دفرا,SalesPrev12M,19423695.0,19423695000000.0000,19423675576305.0,False,LOGIC_DIFFERENCE
دفرا,SalesGrowth12M,125.96,125.9582329726656,0.0017670273343952658,True,FLOAT_PRECISION
دفرا,TTMNetProfit,23472925.0,23472925000000.000000,23472901527075.0,False,LOGIC_DIFFERENCE
دفرا,PEApprox,13.63,5.446615622041138886610850586,8.183384377958863,False,LOGIC_DIFFERENCE
دفرا,QuantScore,53.34,37.46,15.880000000000003,False,LOGIC_DIFFERENCE
دفرا,OperatingMargin12M,72.59,59.00063733489635,13.58936266510365,False,LOGIC_DIFFERENCE
دفرا,NetProfitMargin12M,62.6,62.59723930705304,0.0027606929469641273,True,FLOAT_PRECISION
دفرا,ROE,69.24,69.23842328565847,0.001576714341524621,True,FLOAT_PRECISION
دقاضی,SalesLast12M,68826823.0,68826823000000.0000,68826754173177.0,False,LOGIC_DIFFERENCE
دقاضی,SalesPrev12M,26148539.0,26148539000000.0000,26148512851461.0,False,LOGIC_DIFFERENCE
دقاضی,SalesGrowth12M,163.21,163.21479375960547,0.0047937596054623555,True,FLOAT_PRECISION
دقاضی,TTMNetProfit,25068728.0,25068728000000.000000,25068702931272.0,False,LOGIC_DIFFERENCE
دقاضی,PEApprox,8.9,0.7283177670602194096166347171,8.17168223293978,False,LOGIC_DIFFERENCE
دقاضی,QuantScore,63.45,41.35,22.1,False,LOGIC_DIFFERENCE
دقاضی,OperatingMargin12M,62.45,39.819482005535505,22.630517994464498,False,LOGIC_DIFFERENCE
دقاضی,NetProfitMargin12M,45.59,45.5856106110502,0.004389388949803674,True,FLOAT_PRECISION
دقاضی,ROE,60.58,60.581270901991665,0.0012709019916670172,True,FLOAT_PRECISION
دکپسول,SalesLast12M,18081125.0,18081125000000.0000,18081106918875.0,False,LOGIC_DIFFERENCE
دکپسول,SalesPrev12M,12238717.0,12238717000000.0000,12238704761283.0,False,LOGIC_DIFFERENCE
دکپسول,SalesGrowth12M,47.74,47.737095318079504,0.0029046819204978647,True,FLOAT_PRECISION
دکپسول,TTMNetProfit,6121800000.0,,,False,NULL_SEMANTICS
دکپسول,PEApprox,8.74,,,False,NULL_SEMANTICS
دکپسول,QuantScore,32.21,11.97,20.240000000000002,False,LOGIC_DIFFERENCE
دکپسول,OperatingMargin12M,,,,True,EXACT
دکپسول,NetProfitMargin12M,,,,True,EXACT
دکپسول,ROE,,,,True,EXACT
دلقما,SalesLast12M,33333116.0,33333116000000.0000,33333082666884.0,False,LOGIC_DIFFERENCE
دلقما,SalesPrev12M,15304382.0,15304382000000.0000,15304366695618.0,False,LOGIC_DIFFERENCE
دلقما,SalesGrowth12M,117.8,117.80112388726313,0.0011238872631338381,True,FLOAT_PRECISION
دلقما,TTMNetProfit,11353304.0,2759132000000.000000,2759120646696.0,False,LOGIC_DIFFERENCE
دلقما,PEApprox,8.52,2.311868370197583877828244535,6.208131629802416,False,LOGIC_DIFFERENCE
دلقما,QuantScore,53.11,34.62,18.490000000000002,False,LOGIC_DIFFERENCE
دلقما,OperatingMargin12M,43.16,2.891792113919392,40.2682078860806,False,LOGIC_DIFFERENCE
دلقما,NetProfitMargin12M,36.14,31.94243181763191,4.197568182368091,False,LOGIC_DIFFERENCE
دلقما,ROE,50.07,76.08193734666804,26.01193734666804,False,LOGIC_DIFFERENCE
دیران,SalesLast12M,15624326.0,15624326000000.0000,15624310375674.0,False,LOGIC_DIFFERENCE
دیران,SalesPrev12M,5970036.0,5970036000000.0000,5970030029964.0,False,LOGIC_DIFFERENCE
دیران,SalesGrowth12M,161.71,161.71242518470575,0.002425184705742822,True,FLOAT_PRECISION
دیران,TTMNetProfit,2722669.0,2722669000000.000000,2722666277331.0,False,LOGIC_DIFFERENCE
دیران,PEApprox,11.18,11.18600902276405982512013028,0.006009022764059679,True,FLOAT_PRECISION
دیران,QuantScore,51.88,30.76,21.12,False,LOGIC_DIFFERENCE
دیران,OperatingMargin12M,43.16,21.21964774228671,21.940352257713286,False,LOGIC_DIFFERENCE
دیران,NetProfitMargin12M,21.15,21.15047889946343,0.0004788994634310484,True,FLOAT_PRECISION
دیران,ROE,57.42,57.42453703088542,0.004537030885416016,True,FLOAT_PRECISION
ذوب,SalesLast12M,636080971.0,636080971000000.0000,636080334919029.0,False,LOGIC_DIFFERENCE
ذوب,SalesPrev12M,629921142.0,629921142000000.0000,629920512078858.0,False,LOGIC_DIFFERENCE
ذوب,SalesGrowth12M,0.98,0.9778730366855983,0.002126963314401653,True,FLOAT_PRECISION
ذوب,TTMNetProfit,7676811.0,7676811000000.000000,7676803323189.0,False,LOGIC_DIFFERENCE
ذوب,PEApprox,,6.278406757571601020267400095,,False,NULL_SEMANTICS
ذوب,QuantScore,7.95,18.72,10.77,False,LOGIC_DIFFERENCE
ذوب,OperatingMargin12M,-16.18,-10.456298425556147,5.723701574443853,False,LOGIC_DIFFERENCE
ذوب,NetProfitMargin12M,1.2,1.20469361316734,0.004693613167340072,True,FLOAT_PRECISION
ذوب,ROE,1.3,1.3029419702864788,0.002941970286478801,True,FLOAT_PRECISION
رانفور,SalesLast12M,87303434.0,87303434000000.0000,87303346696566.0,False,LOGIC_DIFFERENCE
رانفور,SalesPrev12M,71277265.0,71277265000000.0000,71277193722735.0,False,LOGIC_DIFFERENCE
رانفور,SalesGrowth12M,22.48,22.484264793268935,0.004264793268934142,True,FLOAT_PRECISION
رانفور,TTMNetProfit,9612000000.0,,,False,NULL_SEMANTICS
رانفور,PEApprox,31.71,,,False,NULL_SEMANTICS
رانفور,QuantScore,27.82,11.08,16.740000000000002,False,LOGIC_DIFFERENCE
رانفور,OperatingMargin12M,,,,True,EXACT
رانفور,NetProfitMargin12M,,,,True,EXACT
رانفور,ROE,,,,True,EXACT
رانیز,SalesLast12M,,,,True,EXACT
رانیز,SalesPrev12M,,,,True,EXACT
رانیز,SalesGrowth12M,,,,True,EXACT
رانیز,TTMNetProfit,24592382.0,24592382000000.000000,24592357407618.0,False,LOGIC_DIFFERENCE
رانیز,PEApprox,5.06,5.035299142636935291587451756,0.024700857363064266,False,LOGIC_DIFFERENCE
رانیز,QuantScore,23.91,31.36,7.449999999999999,False,LOGIC_DIFFERENCE
رانیز,OperatingMargin12M,37.43,41.864197737017165,4.434197737017165,False,LOGIC_DIFFERENCE
رانیز,NetProfitMargin12M,37.2,37.19684782786912,0.003152172130882036,True,FLOAT_PRECISION
رانیز,ROE,71.35,71.34976354297832,0.00023645702167129912,True,FLOAT_PRECISION
رمپنا,SalesLast12M,311079300.0,311079300000000.0000,311078988920700.0,False,LOGIC_DIFFERENCE
رمپنا,SalesPrev12M,172418900.0,172418900000000.0000,172418727581100.0,False,LOGIC_DIFFERENCE
رمپنا,SalesGrowth12M,80.42,80.42064994034877,0.0006499403487651989,True,FLOAT_PRECISION
رمپنا,TTMNetProfit,,,,True,EXACT
رمپنا,PEApprox,,,,True,EXACT
رمپنا,QuantScore,19.8,13.17,6.630000000000001,False,LOGIC_DIFFERENCE
رمپنا,OperatingMargin12M,,,,True,EXACT
رمپنا,NetProfitMargin12M,,,,True,EXACT
رمپنا,ROE,,,,True,EXACT
زاگرس,SalesLast12M,451865070.0,451865070000000.0000,451864618134930.0,False,LOGIC_DIFFERENCE
زاگرس,SalesPrev12M,328181526.0,328181526000000.0000,328181197818474.0,False,LOGIC_DIFFERENCE
زاگرس,SalesGrowth12M,37.69,37.68754003538883,0.002459964611169596,True,FLOAT_PRECISION
زاگرس,TTMNetProfit,23101877.0,23101877000000.000000,23101853898123.0,False,LOGIC_DIFFERENCE
زاگرس,PEApprox,55.67,17.51545989098634712668585328,38.15454010901365,False,LOGIC_DIFFERENCE
زاگرس,QuantScore,37.31,26.13,11.180000000000003,False,LOGIC_DIFFERENCE
زاگرس,OperatingMargin12M,52.83,27.74192496380366,25.08807503619634,False,LOGIC_DIFFERENCE
زاگرس,NetProfitMargin12M,41.21,41.21461887567519,0.004618875675191703,True,FLOAT_PRECISION
زاگرس,ROE,65.49,65.49298503799659,0.002985037996594997,True,FLOAT_PRECISION
زبینا,SalesLast12M,20717358.0,20717358000000.0000,20717337282642.0,False,LOGIC_DIFFERENCE
زبینا,SalesPrev12M,10395722.0,10395722000000.0000,10395711604278.0,False,LOGIC_DIFFERENCE
زبینا,SalesGrowth12M,99.29,99.28734146603766,0.0026585339623466098,True,FLOAT_PRECISION
زبینا,TTMNetProfit,6954490.0,6954490000000.000000,6954483045510.0,False,LOGIC_DIFFERENCE
زبینا,PEApprox,7.3,0.8012090031044691990354432892,6.498790996895531,False,LOGIC_DIFFERENCE
زبینا,QuantScore,49.92,34.86,15.060000000000002,False,LOGIC_DIFFERENCE
زبینا,OperatingMargin12M,25.1,19.909930898615524,5.190069101384477,False,LOGIC_DIFFERENCE
زبینا,NetProfitMargin12M,34.18,34.175096650624404,0.004903349375595667,True,FLOAT_PRECISION
زبینا,ROE,39.92,39.91628158453143,0.003718415468568992,True,FLOAT_PRECISION
زپارس,SalesLast12M,25984284.0,25984284000000.0000,25984258015716.0,False,LOGIC_DIFFERENCE
زپارس,SalesPrev12M,11533945.0,11533945000000.0000,11533933466055.0,False,LOGIC_DIFFERENCE
زپارس,SalesGrowth12M,125.29,125.28531218069793,0.004687819302077401,True,FLOAT_PRECISION
زپارس,TTMNetProfit,5173920720.0,,,False,NULL_SEMANTICS
زپارس,PEApprox,10.41,,,False,NULL_SEMANTICS
زپارس,QuantScore,40.29,14.75,25.54,False,LOGIC_DIFFERENCE
زپارس,OperatingMargin12M,,,,True,EXACT
زپارس,NetProfitMargin12M,,,,True,EXACT
زپارس,ROE,,,,True,EXACT
زدشت,SalesLast12M,23008031.0,23008031000000.0000,23008007991969.0,False,LOGIC_DIFFERENCE
زدشت,SalesPrev12M,12547852.0,12547852000000.0000,12547839452148.0,False,LOGIC_DIFFERENCE
زدشت,SalesGrowth12M,83.36,83.36230774797153,0.002307747971528329,True,FLOAT_PRECISION
زدشت,TTMNetProfit,4296270000.0,,,False,NULL_SEMANTICS
زدشت,PEApprox,9.35,,,False,NULL_SEMANTICS
زدشت,QuantScore,28.57,13.31,15.26,False,LOGIC_DIFFERENCE
زدشت,OperatingMargin12M,,,,True,EXACT
زدشت,NetProfitMargin12M,,,,True,EXACT
زدشت,ROE,,,,True,EXACT
زشگزا,SalesLast12M,18229133.0,18229133000000.0000,18229114770867.0,False,LOGIC_DIFFERENCE
زشگزا,SalesPrev12M,8936672.0,8936672000000.0000,8936663063328.0,False,LOGIC_DIFFERENCE
زشگزا,SalesGrowth12M,103.98,103.98122477808293,0.0012247780829284238,True,FLOAT_PRECISION
زشگزا,TTMNetProfit,4594560000.0,,,False,NULL_SEMANTICS
زشگزا,PEApprox,6.51,,,False,NULL_SEMANTICS
زشگزا,QuantScore,40.98,14.19,26.79,False,LOGIC_DIFFERENCE
زشگزا,OperatingMargin12M,,,,True,EXACT
زشگزا,NetProfitMargin12M,,,,True,EXACT
زشگزا,ROE,,,,True,EXACT
زفجر,SalesLast12M,,,,True,EXACT
زفجر,SalesPrev12M,,,,True,EXACT
زفجر,SalesGrowth12M,,,,True,EXACT
زفجر,TTMNetProfit,7208100000.0,,,False,NULL_SEMANTICS
زفجر,PEApprox,6.26,,,False,NULL_SEMANTICS
زفجر,QuantScore,26.45,12.0,14.45,False,LOGIC_DIFFERENCE
زفجر,OperatingMargin12M,,,,True,EXACT
زفجر,NetProfitMargin12M,,,,True,EXACT
زفجر,ROE,,,,True,EXACT
زفکا,SalesLast12M,47850992.0,47850992000000.0000,47850944149008.0,False,LOGIC_DIFFERENCE
زفکا,SalesPrev12M,22286709.0,22286709000000.0000,22286686713291.0,False,LOGIC_DIFFERENCE
زفکا,SalesGrowth12M,114.71,114.7064064057192,0.0035935942807867605,True,FLOAT_PRECISION
زفکا,TTMNetProfit,11048382.0,11048382000000.000000,11048370951618.0,False,LOGIC_DIFFERENCE
زفکا,PEApprox,8.91,0.2183125094697123977067411319,8.691687490530288,False,LOGIC_DIFFERENCE
زفکا,QuantScore,37.85,37.67,0.17999999999999972,False,LOGIC_DIFFERENCE
زفکا,OperatingMargin12M,21.95,20.912064251104002,1.0379357488959968,False,LOGIC_DIFFERENCE
زفکا,NetProfitMargin12M,27.13,27.133574277101772,0.003574277101773049,True,FLOAT_PRECISION
زفکا,ROE,36.41,36.40887266203094,0.0011273379690592833,True,FLOAT_PRECISION
زقیام,SalesLast12M,38566197.0,38566197000000.0000,38566158433803.0,False,LOGIC_DIFFERENCE
زقیام,SalesPrev12M,17630801.0,17630801000000.0000,17630783369199.0,False,LOGIC_DIFFERENCE
زقیام,SalesGrowth12M,118.74,118.74330610390305,0.0033061039030570782,True,FLOAT_PRECISION
زقیام,TTMNetProfit,9628322284.0,,,False,NULL_SEMANTICS
زقیام,PEApprox,7.56,,,False,NULL_SEMANTICS
زقیام,QuantScore,40.97,14.56,26.409999999999997,False,LOGIC_DIFFERENCE
زقیام,OperatingMargin12M,16.49,,,False,NULL_SEMANTICS
زقیام,NetProfitMargin12M,,,,True,EXACT
زقیام,ROE,,,,True,EXACT
زکشت,SalesLast12M,18904334.0,18904334000000.0000,18904315095666.0,False,LOGIC_DIFFERENCE
زکشت,SalesPrev12M,8686507.0,8686507000000.0000,8686498313493.0,False,LOGIC_DIFFERENCE
زکشت,SalesGrowth12M,117.63,117.62872003671902,0.0012799632809787909,True,FLOAT_PRECISION
زکشت,TTMNetProfit,5277123.0,5277123000000.000000,5277117722877.0,False,LOGIC_DIFFERENCE
زکشت,PEApprox,3.84,3.820263427629031955480287270,0.01973657237096793,False,LOGIC_DIFFERENCE
زکشت,QuantScore,46.96,34.57,12.39,False,LOGIC_DIFFERENCE
زکشت,OperatingMargin12M,24.65,28.28591321277332,3.635913212773321,False,LOGIC_DIFFERENCE
زکشت,NetProfitMargin12M,31.66,31.6629520415558,0.002952041555801088,True,FLOAT_PRECISION
زکشت,ROE,62.37,62.37038826523237,0.00038826523237389665,True,FLOAT_PRECISION
زگلدشت,SalesLast12M,39825153.0,39825153000000.0000,39825113174847.0,False,LOGIC_DIFFERENCE
زگلدشت,SalesPrev12M,17969137.0,17969137000000.0000,17969119030863.0,False,LOGIC_DIFFERENCE
زگلدشت,SalesGrowth12M,121.63,121.63086073638372,0.000860736383728522,True,FLOAT_PRECISION
زگلدشت,TTMNetProfit,6862599.0,6862599000000.000000,6862592137401.0,False,LOGIC_DIFFERENCE
زگلدشت,PEApprox,10.4,0.2931833843125614654156537487,10.106816615687439,False,LOGIC_DIFFERENCE
زگلدشت,QuantScore,35.32,37.79,2.469999999999999,False,LOGIC_DIFFERENCE
زگلدشت,OperatingMargin12M,11.37,11.277277496053744,0.09272250394625559,False,LOGIC_DIFFERENCE
زگلدشت,NetProfitMargin12M,18.84,18.842635443302814,0.002635443302814622,True,FLOAT_PRECISION
زگلدشت,ROE,48.2,48.196954249266625,0.003045750733377872,True,FLOAT_PRECISION
زمگسا,SalesLast12M,18980392.0,18980392000000.0000,18980373019608.0,False,LOGIC_DIFFERENCE
زمگسا,SalesPrev12M,9882085.0,9882085000000.0000,9882075117915.0,False,LOGIC_DIFFERENCE
زمگسا,SalesGrowth12M,92.07,92.06869805309304,0.0013019469069490697,True,FLOAT_PRECISION
زمگسا,TTMNetProfit,3725400000.0,,,False,NULL_SEMANTICS
زمگسا,PEApprox,7.39,,,False,NULL_SEMANTICS
زمگسا,QuantScore,29.0,12.95,16.05,False,LOGIC_DIFFERENCE
زمگسا,OperatingMargin12M,8.04,1.563561267210119e-05,8.039984364387328,False,LOGIC_DIFFERENCE
زمگسا,NetProfitMargin12M,,,,True,EXACT
زمگسا,ROE,,,,True,EXACT
زهلال,SalesLast12M,,,,True,EXACT
زهلال,SalesPrev12M,,,,True,EXACT
زهلال,SalesGrowth12M,,,,True,EXACT
زهلال,TTMNetProfit,3153500000.0,,,False,NULL_SEMANTICS
زهلال,PEApprox,8.35,,,False,NULL_SEMANTICS
زهلال,QuantScore,22.51,12.0,10.510000000000002,False,LOGIC_DIFFERENCE
زهلال,OperatingMargin12M,,,,True,EXACT
زهلال,NetProfitMargin12M,,,,True,EXACT
زهلال,ROE,,,,True,EXACT
سآبیک,SalesLast12M,70141877.0,70141877000000.0000,70141806858123.0,False,LOGIC_DIFFERENCE
سآبیک,SalesPrev12M,50874554.0,50874554000000.0000,50874503125446.0,False,LOGIC_DIFFERENCE
سآبیک,SalesGrowth12M,37.87,37.87221997071463,0.0022199707146342007,True,FLOAT_PRECISION
سآبیک,TTMNetProfit,30196707404.0,,,False,NULL_SEMANTICS
سآبیک,PEApprox,7.05,,,False,NULL_SEMANTICS
سآبیک,QuantScore,31.93,11.58,20.35,False,LOGIC_DIFFERENCE
سآبیک,OperatingMargin12M,,,,True,EXACT
سآبیک,NetProfitMargin12M,,,,True,EXACT
سآبیک,ROE,,,,True,EXACT
ساربیل,SalesLast12M,35739364.0,35739364000000.0000,35739328260636.0,False,LOGIC_DIFFERENCE
ساربیل,SalesPrev12M,21084561.0,21084561000000.0000,21084539915439.0,False,LOGIC_DIFFERENCE
ساربیل,SalesGrowth12M,69.5,69.5048998174541,0.004899817454102617,True,FLOAT_PRECISION
ساربیل,TTMNetProfit,4249440000.0,,,False,NULL_SEMANTICS
ساربیل,PEApprox,27.89,,,False,NULL_SEMANTICS
ساربیل,QuantScore,28.8,12.75,16.05,False,LOGIC_DIFFERENCE
ساربیل,OperatingMargin12M,,,,True,EXACT
ساربیل,NetProfitMargin12M,,,,True,EXACT
ساربیل,ROE,,,,True,EXACT
ساروم,SalesLast12M,50092550.0,50092550000000.0000,50092499907450.0,False,LOGIC_DIFFERENCE
ساروم,SalesPrev12M,32218417.0,32218417000000.0000,32218384781583.0,False,LOGIC_DIFFERENCE
ساروم,SalesGrowth12M,55.48,55.477998810431934,0.0020011895680625003,True,FLOAT_PRECISION
ساروم,TTMNetProfit,34335732.0,34335732000000.000000,34335697664268.0,False,LOGIC_DIFFERENCE
ساروم,PEApprox,6.39,4.456581848903061102643741511,1.9334181510969382,False,LOGIC_DIFFERENCE
ساروم,QuantScore,52.53,35.22,17.310000000000002,False,LOGIC_DIFFERENCE
ساروم,OperatingMargin12M,74.31,63.67836686785412,10.631633132145879,False,LOGIC_DIFFERENCE
ساروم,NetProfitMargin12M,73.68,73.67791517510604,0.0020848248939699943,True,FLOAT_PRECISION
ساروم,ROE,230.85,230.8507672876208,0.0007672876208175694,True,FLOAT_PRECISION
ساوه,SalesLast12M,,,,True,EXACT
ساوه,SalesPrev12M,,,,True,EXACT
ساوه,SalesGrowth12M,,,,True,EXACT
ساوه,TTMNetProfit,25582640032.0,,,False,NULL_SEMANTICS
ساوه,PEApprox,7.1,,,False,NULL_SEMANTICS
ساوه,QuantScore,21.63,12.0,9.629999999999999,False,LOGIC_DIFFERENCE
ساوه,OperatingMargin12M,,,,True,EXACT
ساوه,NetProfitMargin12M,,,,True,EXACT
ساوه,ROE,,,,True,EXACT
سباقر,SalesLast12M,39581347.0,39581347000000.0000,39581307418653.0,False,LOGIC_DIFFERENCE
سباقر,SalesPrev12M,19062970.0,19062970000000.0000,19062950937030.0,False,LOGIC_DIFFERENCE
سباقر,SalesGrowth12M,107.63,107.63473372722089,0.004733727220894934,True,FLOAT_PRECISION
سباقر,TTMNetProfit,26691702.0,29985667000000.000000,29985640308298.0,False,LOGIC_DIFFERENCE
سباقر,PEApprox,8.19,7.275475979907333727143705024,0.9145240200926654,False,LOGIC_DIFFERENCE
سباقر,QuantScore,65.19,36.33,28.86,False,LOGIC_DIFFERENCE
سباقر,OperatingMargin12M,76.99,40.931136110734165,36.05886388926583,False,LOGIC_DIFFERENCE
سباقر,NetProfitMargin12M,76.69,61.45753829471658,15.23246170528342,False,LOGIC_DIFFERENCE
سباقر,ROE,83.56,2897.1379020492554,2813.5779020492555,False,LOGIC_DIFFERENCE
سبجنو,SalesLast12M,35972576.0,35972576000000.0000,35972540027424.0,False,LOGIC_DIFFERENCE
سبجنو,SalesPrev12M,23742249.0,23742249000000.0000,23742225257751.0,False,LOGIC_DIFFERENCE
سبجنو,SalesGrowth12M,51.51,51.51292533407429,0.002925334074291186,True,FLOAT_PRECISION
سبجنو,TTMNetProfit,17601522.0,17601522000000.000000,17601504398478.0,False,LOGIC_DIFFERENCE
سبجنو,PEApprox,5.68,5.657465303284568232224463316,0.0225346967154314,False,LOGIC_DIFFERENCE
سبجنو,QuantScore,51.93,32.81,19.119999999999997,False,LOGIC_DIFFERENCE
سبجنو,OperatingMargin12M,50.2,58.24239601772853,8.042396017728528,False,LOGIC_DIFFERENCE
سبجنو,NetProfitMargin12M,48.36,48.35512294160976,0.004877058390242439,True,FLOAT_PRECISION
سبجنو,ROE,212.6,212.59846171740787,0.0015382825921221865,True,FLOAT_PRECISION
سبزوا,SalesLast12M,,,,True,EXACT
سبزوا,SalesPrev12M,,,,True,EXACT
سبزوا,SalesGrowth12M,,,,True,EXACT
سبزوا,TTMNetProfit,1228799946.0,,,False,NULL_SEMANTICS
سبزوا,PEApprox,39.72,,,False,NULL_SEMANTICS
سبزوا,QuantScore,18.43,12.0,6.43,False,LOGIC_DIFFERENCE
سبزوا,OperatingMargin12M,,,,True,EXACT
سبزوا,NetProfitMargin12M,,,,True,EXACT
سبزوا,ROE,,,,True,EXACT
سپید,SalesLast12M,,,,True,EXACT
سپید,SalesPrev12M,,,,True,EXACT
سپید,SalesGrowth12M,,,,True,EXACT
سپید,TTMNetProfit,15481993000.0,,,False,NULL_SEMANTICS
سپید,PEApprox,28.87,,,False,NULL_SEMANTICS
سپید,QuantScore,25.02,12.0,13.02,False,LOGIC_DIFFERENCE
سپید,OperatingMargin12M,,,,True,EXACT
سپید,NetProfitMargin12M,,,,True,EXACT
سپید,ROE,,,,True,EXACT
سپیدار,SalesLast12M,15200124.0,15200124000000.0000,15200108799876.0,False,LOGIC_DIFFERENCE
سپیدار,SalesPrev12M,10337660.0,10337660000000.0000,10337649662340.0,False,LOGIC_DIFFERENCE
سپیدار,SalesGrowth12M,47.04,47.036408626323556,0.0035913736764427995,True,FLOAT_PRECISION
سپیدار,TTMNetProfit,13033268.0,13033268000000.000000,13033254966732.0,False,LOGIC_DIFFERENCE
سپیدار,PEApprox,7.97,0.5386983525544015514758079093,7.431301647445598,False,LOGIC_DIFFERENCE
سپیدار,QuantScore,36.6,35.74,0.8599999999999994,False,LOGIC_DIFFERENCE
سپیدار,OperatingMargin12M,85.66,76.58944988523825,9.070550114761744,False,LOGIC_DIFFERENCE
سپیدار,NetProfitMargin12M,96.85,96.8542810376549,0.004281037654905617,True,FLOAT_PRECISION
سپیدار,ROE,56.0,55.99598407964611,0.004015920353893421,True,FLOAT_PRECISION
ستران,SalesLast12M,,,,True,EXACT
ستران,SalesPrev12M,,,,True,EXACT
ستران,SalesGrowth12M,,,,True,EXACT
ستران,TTMNetProfit,48467000000.0,,,False,NULL_SEMANTICS
ستران,PEApprox,4.64,,,False,NULL_SEMANTICS
ستران,QuantScore,25.01,12.0,13.010000000000002,False,LOGIC_DIFFERENCE
ستران,OperatingMargin12M,,,,True,EXACT
ستران,NetProfitMargin12M,,,,True,EXACT
ستران,ROE,,,,True,EXACT
سخوز,SalesLast12M,,,,True,EXACT
سخوز,SalesPrev12M,,,,True,EXACT
سخوز,SalesGrowth12M,,,,True,EXACT
سخوز,TTMNetProfit,21868000000.0,,,False,NULL_SEMANTICS
سخوز,PEApprox,6.01,,,False,NULL_SEMANTICS
سخوز,QuantScore,23.05,12.0,11.05,False,LOGIC_DIFFERENCE
سخوز,OperatingMargin12M,,,,True,EXACT
سخوز,NetProfitMargin12M,,,,True,EXACT
سخوز,ROE,,,,True,EXACT
سدور,SalesLast12M,,,,True,EXACT
سدور,SalesPrev12M,,,,True,EXACT
سدور,SalesGrowth12M,,,,True,EXACT
سدور,TTMNetProfit,-1570874256.0,,,False,NULL_SEMANTICS
سدور,PEApprox,,,,True,EXACT
سدور,QuantScore,4.79,12.0,7.21,False,LOGIC_DIFFERENCE
سدور,OperatingMargin12M,,,,True,EXACT
سدور,NetProfitMargin12M,,,,True,EXACT
سدور,ROE,,,,True,EXACT
سرچشمه,SalesLast12M,,,,True,EXACT
سرچشمه,SalesPrev12M,,,,True,EXACT
سرچشمه,SalesGrowth12M,,,,True,EXACT
سرچشمه,TTMNetProfit,32490000000.0,,,False,NULL_SEMANTICS
سرچشمه,PEApprox,3.79,,,False,NULL_SEMANTICS
سرچشمه,QuantScore,22.19,12.0,10.190000000000001,False,LOGIC_DIFFERENCE
سرچشمه,OperatingMargin12M,,,,True,EXACT
سرچشمه,NetProfitMargin12M,,,,True,EXACT
سرچشمه,ROE,,,,True,EXACT
سرود,SalesLast12M,56019123.0,56019123000000.0000,56019066980877.0,False,LOGIC_DIFFERENCE
سرود,SalesPrev12M,31023810.0,31023810000000.0000,31023778976190.0,False,LOGIC_DIFFERENCE
سرود,SalesGrowth12M,80.57,80.56816039035824,0.001839609641749007,True,FLOAT_PRECISION
سرود,TTMNetProfit,23270543016.0,,,False,NULL_SEMANTICS
سرود,PEApprox,7.71,,,False,NULL_SEMANTICS
سرود,QuantScore,43.64,12.8,30.84,False,LOGIC_DIFFERENCE
سرود,OperatingMargin12M,52.54,4.695188150509515e-06,52.539995304811846,False,LOGIC_DIFFERENCE
سرود,NetProfitMargin12M,,,,True,EXACT
سرود,ROE,,,,True,EXACT
سشرق,SalesLast12M,35976996.0,35976996000000.0000,35976960023004.0,False,LOGIC_DIFFERENCE
سشرق,SalesPrev12M,19917240.0,19917240000000.0000,19917220082760.0,False,LOGIC_DIFFERENCE
سشرق,SalesGrowth12M,80.63,80.632437024407,0.0024370244070013314,True,FLOAT_PRECISION
سشرق,TTMNetProfit,14321800000.0,,,False,NULL_SEMANTICS
سشرق,PEApprox,10.28,,,False,NULL_SEMANTICS
سشرق,QuantScore,38.44,13.22,25.22,False,LOGIC_DIFFERENCE
سشرق,OperatingMargin12M,,,,True,EXACT
سشرق,NetProfitMargin12M,,,,True,EXACT
سشرق,ROE,,,,True,EXACT
سشمال,SalesLast12M,,,,True,EXACT
سشمال,SalesPrev12M,,,,True,EXACT
سشمال,SalesGrowth12M,,,,True,EXACT
سشمال,TTMNetProfit,1380000000.0,,,False,NULL_SEMANTICS
سشمال,PEApprox,66.56,,,False,NULL_SEMANTICS
سشمال,QuantScore,15.8,12.0,3.8000000000000007,False,LOGIC_DIFFERENCE
سشمال,OperatingMargin12M,,,,True,EXACT
سشمال,NetProfitMargin12M,,,,True,EXACT
سشمال,ROE,,,,True,EXACT
سصوفی,SalesLast12M,58031895.0,58031895000000.0000,58031836968105.0,False,LOGIC_DIFFERENCE
سصوفی,SalesPrev12M,40907916.0,40907916000000.0000,40907875092084.0,False,LOGIC_DIFFERENCE
سصوفی,SalesGrowth12M,41.86,41.85981754729329,0.00018245270671002345,True,FLOAT_PRECISION
سصوفی,TTMNetProfit,34014376.0,34014376000000.000000,34014341985624.0,False,LOGIC_DIFFERENCE
سصوفی,PEApprox,5.37,5.303639849221399798720399869,0.06636015077860069,False,LOGIC_DIFFERENCE
سصوفی,QuantScore,45.2,32.86,12.340000000000003,False,LOGIC_DIFFERENCE
سصوفی,OperatingMargin12M,60.17,55.15394712621577,5.016052873784233,False,LOGIC_DIFFERENCE
سصوفی,NetProfitMargin12M,62.31,62.31320534383231,0.0032053438323060846,True,FLOAT_PRECISION
سصوفی,ROE,224.8,224.80001750055465,1.750055463389799e-05,True,FLOAT_PRECISION
سغرب,SalesLast12M,41188708.0,41188708000000.0000,41188666811292.0,False,LOGIC_DIFFERENCE
سغرب,SalesPrev12M,12057890.0,12057890000000.0000,12057877942110.0,False,LOGIC_DIFFERENCE
سغرب,SalesGrowth12M,241.59,241.5913397783526,0.001339778352587473,True,FLOAT_PRECISION
سغرب,TTMNetProfit,6113300000.0,,,False,NULL_SEMANTICS
سغرب,PEApprox,7.34,,,False,NULL_SEMANTICS
سغرب,QuantScore,27.24,15.36,11.879999999999999,False,LOGIC_DIFFERENCE
سغرب,OperatingMargin12M,0.0,,,False,NULL_SEMANTICS
سغرب,NetProfitMargin12M,,,,True,EXACT
سغرب,ROE,,,,True,EXACT
سفانو,SalesLast12M,26781565.0,26781565000000.0000,26781538218435.0,False,LOGIC_DIFFERENCE
سفانو,SalesPrev12M,17540273.0,17540273000000.0000,17540255459727.0,False,LOGIC_DIFFERENCE
سفانو,SalesGrowth12M,52.69,52.68613550085566,0.003864499144334843,True,FLOAT_PRECISION
سفانو,TTMNetProfit,12748800000.0,,,False,NULL_SEMANTICS
سفانو,PEApprox,6.81,,,False,NULL_SEMANTICS
سفانو,QuantScore,31.57,12.19,19.380000000000003,False,LOGIC_DIFFERENCE
سفانو,OperatingMargin12M,,,,True,EXACT
سفانو,NetProfitMargin12M,,,,True,EXACT
سفانو,ROE,,,,True,EXACT
سقاین,SalesLast12M,20777863.0,20777863000000.0000,20777842222137.0,False,LOGIC_DIFFERENCE
سقاین,SalesPrev12M,9534937.0,9534937000000.0000,9534927465063.0,False,LOGIC_DIFFERENCE
سقاین,SalesGrowth12M,117.91,117.91295527175481,0.002955271754814248,True,FLOAT_PRECISION
سقاین,TTMNetProfit,15254288.0,15254288000000.000000,15254272745712.0,False,LOGIC_DIFFERENCE
سقاین,PEApprox,8.24,0.5087094199349061719563705628,7.731290580065094,False,LOGIC_DIFFERENCE
سقاین,QuantScore,58.49,42.81,15.68,False,LOGIC_DIFFERENCE
سقاین,OperatingMargin12M,73.36,54.520864694092964,18.839135305907035,False,LOGIC_DIFFERENCE
سقاین,NetProfitMargin12M,84.29,84.294008458087,0.004008458087000122,True,FLOAT_PRECISION
سقاین,ROE,135.82,135.82209369001023,0.002093690010241289,True,FLOAT_PRECISION
سکرد,SalesLast12M,17056359.0,17056359000000.0000,17056341943641.0,False,LOGIC_DIFFERENCE
سکرد,SalesPrev12M,11339385.0,11339385000000.0000,11339373660615.0,False,LOGIC_DIFFERENCE
سکرد,SalesGrowth12M,50.42,50.41696705773726,0.0030329422627417557,True,FLOAT_PRECISION
سکرد,TTMNetProfit,5279100000.0,,,False,NULL_SEMANTICS
سکرد,PEApprox,8.29,,,False,NULL_SEMANTICS
سکرد,QuantScore,34.83,12.11,22.72,False,LOGIC_DIFFERENCE
سکرد,OperatingMargin12M,,,,True,EXACT
سکرد,NetProfitMargin12M,,,,True,EXACT
سکرد,ROE,,,,True,EXACT
سکرما,SalesLast12M,,,,True,EXACT
سکرما,SalesPrev12M,,,,True,EXACT
سکرما,SalesGrowth12M,,,,True,EXACT
سکرما,TTMNetProfit,12952818000.0,,,False,NULL_SEMANTICS
سکرما,PEApprox,8.26,,,False,NULL_SEMANTICS
سکرما,QuantScore,27.45,12.0,15.45,False,LOGIC_DIFFERENCE
سکرما,OperatingMargin12M,,,,True,EXACT
سکرما,NetProfitMargin12M,,,,True,EXACT
سکرما,ROE,,,,True,EXACT
سمازن,SalesLast12M,59975767.0,59975767000000.0000,59975707024233.0,False,LOGIC_DIFFERENCE
سمازن,SalesPrev12M,33575194.0,33575194000000.0000,33575160424806.0,False,LOGIC_DIFFERENCE
سمازن,SalesGrowth12M,78.63,78.6311852732705,0.0011852732705079916,True,FLOAT_PRECISION
سمازن,TTMNetProfit,13168440000.0,,,False,NULL_SEMANTICS
سمازن,PEApprox,15.46,,,False,NULL_SEMANTICS
سمازن,QuantScore,34.31,13.06,21.25,False,LOGIC_DIFFERENCE
سمازن,OperatingMargin12M,,,,True,EXACT
سمازن,NetProfitMargin12M,,,,True,EXACT
سمازن,ROE,,,,True,EXACT
سنیر,SalesLast12M,,,,True,EXACT
سنیر,SalesPrev12M,,,,True,EXACT
سنیر,SalesGrowth12M,,,,True,EXACT
سنیر,TTMNetProfit,3279570000.0,,,False,NULL_SEMANTICS
سنیر,PEApprox,6.86,,,False,NULL_SEMANTICS
سنیر,QuantScore,26.06,12.0,14.059999999999999,False,LOGIC_DIFFERENCE
سنیر,OperatingMargin12M,,,,True,EXACT
سنیر,NetProfitMargin12M,,,,True,EXACT
سنیر,ROE,,,,True,EXACT
سهرمز,SalesLast12M,47374313.0,47374313000000.0000,47374265625687.0,False,LOGIC_DIFFERENCE
سهرمز,SalesPrev12M,31934915.0,31934915000000.0000,31934883065085.0,False,LOGIC_DIFFERENCE
سهرمز,SalesGrowth12M,48.35,48.34645089864808,0.0035491013519219905,True,FLOAT_PRECISION
سهرمز,TTMNetProfit,9025152000.0,,,False,NULL_SEMANTICS
سهرمز,PEApprox,3.84,,,False,NULL_SEMANTICS
سهرمز,QuantScore,24.99,12.0,12.989999999999998,False,LOGIC_DIFFERENCE
سهرمز,OperatingMargin12M,0.0,,,False,NULL_SEMANTICS
سهرمز,NetProfitMargin12M,,,,True,EXACT
سهرمز,ROE,,,,True,EXACT
سهگمت,SalesLast12M,37116786.0,37116786000000.0000,37116748883214.0,False,LOGIC_DIFFERENCE
سهگمت,SalesPrev12M,30647235.0,30647235000000.0000,30647204352765.0,False,LOGIC_DIFFERENCE
سهگمت,SalesGrowth12M,21.11,21.10973795841615,0.00026204158384857124,True,FLOAT_PRECISION
سهگمت,TTMNetProfit,19895825.0,13083051000000.000000,13083031104175.0,False,LOGIC_DIFFERENCE
سهگمت,PEApprox,5.15,7.798674789236853085721365756,2.6486747892368525,False,LOGIC_DIFFERENCE
سهگمت,QuantScore,39.29,26.38,12.91,False,LOGIC_DIFFERENCE
سهگمت,OperatingMargin12M,46.41,70.3782183561176,23.968218356117603,False,LOGIC_DIFFERENCE
سهگمت,NetProfitMargin12M,50.49,50.16087611074871,0.3291238892512922,False,LOGIC_DIFFERENCE
سهگمت,ROE,113.57,50.57203227923353,62.99796772076646,False,LOGIC_DIFFERENCE
سیستم,SalesLast12M,36412968.0,36412968000000.0000,36412931587032.0,False,LOGIC_DIFFERENCE
سیستم,SalesPrev12M,24400341.0,24400341000000.0000,24400316599659.0,False,LOGIC_DIFFERENCE
سیستم,SalesGrowth12M,49.23,49.23138984000265,0.0013898400026519653,True,FLOAT_PRECISION
سیستم,TTMNetProfit,36540673.0,36540673000000.000000,36540636459327.0,False,LOGIC_DIFFERENCE
سیستم,PEApprox,14.64,14.57280220317781229699847072,0.06719779682218885,False,LOGIC_DIFFERENCE
سیستم,QuantScore,36.82,30.98,5.84,False,LOGIC_DIFFERENCE
سیستم,OperatingMargin12M,71.04,62.92944496543264,8.11055503456737,False,LOGIC_DIFFERENCE
سیستم,NetProfitMargin12M,79.71,79.70938893429812,0.0006110657018751908,True,FLOAT_PRECISION
سیستم,ROE,198.11,198.10739359066616,0.002606409333850479,True,FLOAT_PRECISION
سیمرغ3,SalesLast12M,96637111.0,96637111000000.0000,96637014362889.0,False,LOGIC_DIFFERENCE
سیمرغ3,SalesPrev12M,48702766.0,48702766000000.0000,48702717297234.0,False,LOGIC_DIFFERENCE
سیمرغ3,SalesGrowth12M,98.42,98.42222308277111,0.00222308277110983,True,FLOAT_PRECISION
سیمرغ3,TTMNetProfit,15054403.0,15054403000000.000000,15054387945597.0,False,LOGIC_DIFFERENCE
سیمرغ3,PEApprox,10.45,0.4654452255595921007296005029,9.984554774440408,False,LOGIC_DIFFERENCE
سیمرغ3,QuantScore,50.08,34.22,15.86,False,LOGIC_DIFFERENCE
سیمرغ3,OperatingMargin12M,15.35,8.051893985174924,7.298106014825075,False,LOGIC_DIFFERENCE
سیمرغ3,NetProfitMargin12M,16.79,16.788173778618336,0.0018262213816626627,True,FLOAT_PRECISION
سیمرغ3,ROE,28.93,28.930118895108894,0.0001188951088941792,True,FLOAT_PRECISION
شاراک,SalesLast12M,694853545.0,694853545000000.0000,694852850146455.0,False,LOGIC_DIFFERENCE
شاراک,SalesPrev12M,405703577.0,405703577000000.0000,405703171296423.0,False,LOGIC_DIFFERENCE
شاراک,SalesGrowth12M,71.27,71.2712394941492,0.001239494149203324,True,FLOAT_PRECISION
شاراک,TTMNetProfit,65813096.0,65813096000000.000000,65813030186904.0,False,LOGIC_DIFFERENCE
شاراک,PEApprox,7.47,7.457330376920727145247809037,0.01266962307927244,False,LOGIC_DIFFERENCE
شاراک,QuantScore,57.62,28.12,29.499999999999996,False,LOGIC_DIFFERENCE
شاراک,OperatingMargin12M,12.57,4.922537668188891,7.647462331811109,False,LOGIC_DIFFERENCE
شاراک,NetProfitMargin12M,10.67,10.67162051303871,0.0016205130387092481,True,FLOAT_PRECISION
شاراک,ROE,75.27,75.27223827729499,0.0022382772949924856,True,FLOAT_PRECISION
شاملا,SalesLast12M,50994768.0,50994768000000.0000,50994717005232.0,False,LOGIC_DIFFERENCE
شاملا,SalesPrev12M,27007048.0,27007048000000.0000,27007020992952.0,False,LOGIC_DIFFERENCE
شاملا,SalesGrowth12M,88.82,88.82022203981717,0.00022203981717439092,True,FLOAT_PRECISION
شاملا,TTMNetProfit,21610000000.0,,,False,NULL_SEMANTICS
شاملا,PEApprox,9.15,,,False,NULL_SEMANTICS
شاملا,QuantScore,38.47,13.5,24.97,False,LOGIC_DIFFERENCE
شاملا,OperatingMargin12M,,,,True,EXACT
شاملا,NetProfitMargin12M,,,,True,EXACT
شاملا,ROE,,,,True,EXACT
شاوان,SalesLast12M,1210679918.0,1210679918000000.0000,1210678707320082.0,False,LOGIC_DIFFERENCE
شاوان,SalesPrev12M,1816994460.0,,,False,NULL_SEMANTICS
شاوان,SalesGrowth12M,-33.37,,,False,NULL_SEMANTICS
شاوان,TTMNetProfit,49160000000.0,,,False,NULL_SEMANTICS
شاوان,PEApprox,8.47,,,False,NULL_SEMANTICS
شاوان,QuantScore,19.15,12.0,7.149999999999999,False,LOGIC_DIFFERENCE
شاوان,OperatingMargin12M,,,,True,EXACT
شاوان,NetProfitMargin12M,,,,True,EXACT
شاوان,ROE,,,,True,EXACT
شبریز,SalesLast12M,2805051256.0,2805051256000000.0000,2805048450948744.0,False,LOGIC_DIFFERENCE
شبریز,SalesPrev12M,353289220.0,353289220000000.0000,353288866710780.0,False,LOGIC_DIFFERENCE
شبریز,SalesGrowth12M,693.98,693.9815587919722,0.0015587919722293009,True,FLOAT_PRECISION
شبریز,TTMNetProfit,301440000000.0,,,False,NULL_SEMANTICS
شبریز,PEApprox,5.46,,,False,NULL_SEMANTICS
شبریز,QuantScore,46.07,15.5,30.57,False,LOGIC_DIFFERENCE
شبریز,OperatingMargin12M,,,,True,EXACT
شبریز,NetProfitMargin12M,,,,True,EXACT
شبریز,ROE,,,,True,EXACT
شبصیر,SalesLast12M,108259404.0,108259404000000.0000,108259295740596.0,False,LOGIC_DIFFERENCE
شبصیر,SalesPrev12M,53656372.0,53656372000000.0000,53656318343628.0,False,LOGIC_DIFFERENCE
شبصیر,SalesGrowth12M,101.76,101.76430117190928,0.004301171909276036,True,FLOAT_PRECISION
شبصیر,TTMNetProfit,28841734.0,28841734000000.000000,28841705158266.0,False,LOGIC_DIFFERENCE
شبصیر,PEApprox,5.56,0.1831824674619078034628569836,5.376817532538092,False,LOGIC_DIFFERENCE
شبصیر,QuantScore,58.77,41.32,17.450000000000003,False,LOGIC_DIFFERENCE
شبصیر,OperatingMargin12M,48.11,34.251185783910174,13.858814216089826,False,LOGIC_DIFFERENCE
شبصیر,NetProfitMargin12M,35.98,35.976777263824225,0.0032227361757719564,True,FLOAT_PRECISION
شبصیر,ROE,67.76,67.76293327256025,0.002933272560241562,True,FLOAT_PRECISION
شبندر,SalesLast12M,9461345602.0,9461345602000000.0000,9461336140654398.0,False,LOGIC_DIFFERENCE
شبندر,SalesPrev12M,4658467616.0,4658467616000000.0000,4658462957532384.0,False,LOGIC_DIFFERENCE
شبندر,SalesGrowth12M,103.1,103.09995436061436,4.563938563251213e-05,True,FLOAT_PRECISION
شبندر,TTMNetProfit,1046821058.0,1046821058000000.000000,1046820011178942.0,False,LOGIC_DIFFERENCE
شبندر,PEApprox,5.84,1.923715037436703914681853869,3.916284962563296,False,LOGIC_DIFFERENCE
شبندر,QuantScore,56.9,35.26,21.64,False,LOGIC_DIFFERENCE
شبندر,OperatingMargin12M,15.76,12.843992915135011,2.9160070848649884,False,LOGIC_DIFFERENCE
شبندر,NetProfitMargin12M,13.48,13.476047495510413,0.003952504489587838,True,FLOAT_PRECISION
شبندر,ROE,60.34,60.33744531495136,0.0025546850486435346,True,FLOAT_PRECISION
شبهرن,SalesLast12M,610191167.0,610191167000000.0000,610190556808833.0,False,LOGIC_DIFFERENCE
شبهرن,SalesPrev12M,329089122.0,329089122000000.0000,329088792910878.0,False,LOGIC_DIFFERENCE
شبهرن,SalesGrowth12M,85.42,85.41821233459063,0.001787665409366923,True,FLOAT_PRECISION
شبهرن,TTMNetProfit,94552734.0,94552734000000.000000,94552639447266.0,False,LOGIC_DIFFERENCE
شبهرن,PEApprox,8.18,1.182133982503350987185627018,6.997866017496649,False,LOGIC_DIFFERENCE
شبهرن,QuantScore,54.6,35.21,19.39,False,LOGIC_DIFFERENCE
شبهرن,OperatingMargin12M,27.66,21.031643608140463,6.628356391859537,False,LOGIC_DIFFERENCE
شبهرن,NetProfitMargin12M,17.58,17.581039578368472,0.0010395783684735704,True,FLOAT_PRECISION
شبهرن,ROE,53.62,53.622858300173235,0.0028583001732371827,True,FLOAT_PRECISION
شپارس,SalesLast12M,44406036.0,44406036000000.0000,44405991593964.0,False,LOGIC_DIFFERENCE
شپارس,SalesPrev12M,22824212.0,22824212000000.0000,22824189175788.0,False,LOGIC_DIFFERENCE
شپارس,SalesGrowth12M,94.56,94.55671021632642,0.0032897836735799046,True,FLOAT_PRECISION
شپارس,TTMNetProfit,1105800000.0,,,False,NULL_SEMANTICS
شپارس,PEApprox,24.86,,,False,NULL_SEMANTICS
شپارس,QuantScore,31.33,13.72,17.61,False,LOGIC_DIFFERENCE
شپارس,OperatingMargin12M,5.75,,,False,NULL_SEMANTICS
شپارس,NetProfitMargin12M,,,,True,EXACT
شپارس,ROE,,,,True,EXACT
شپاکسا,SalesLast12M,90560377.0,90560377000000.0000,90560286439623.0,False,LOGIC_DIFFERENCE
شپاکسا,SalesPrev12M,45800885.0,45800885000000.0000,45800839199115.0,False,LOGIC_DIFFERENCE
شپاکسا,SalesGrowth12M,97.73,97.72626009300912,0.0037399069908872207,True,FLOAT_PRECISION
شپاکسا,TTMNetProfit,8465300000.0,,,False,NULL_SEMANTICS
شپاکسا,PEApprox,5.44,,,False,NULL_SEMANTICS
شپاکسا,QuantScore,45.0,13.83,31.17,False,LOGIC_DIFFERENCE
شپاکسا,OperatingMargin12M,22.9,1.9180721564167895e-06,22.89999808192784,False,LOGIC_DIFFERENCE
شپاکسا,NetProfitMargin12M,,,,True,EXACT
شپاکسا,ROE,,,,True,EXACT
شپدیس,SalesLast12M,908062338.0,908062338000000.0000,908061429937662.0,False,LOGIC_DIFFERENCE
شپدیس,SalesPrev12M,564944129.0,564944129000000.0000,564943564055871.0,False,LOGIC_DIFFERENCE
شپدیس,SalesGrowth12M,60.73,60.734892423317845,0.004892423317848227,True,FLOAT_PRECISION
شپدیس,TTMNetProfit,438772604.0,438772604000000.000000,438772165227396.0,False,LOGIC_DIFFERENCE
شپدیس,PEApprox,7.02,0.1821444622372093222119218729,6.83785553776279,False,LOGIC_DIFFERENCE
شپدیس,QuantScore,52.0,40.3,11.700000000000003,False,LOGIC_DIFFERENCE
شپدیس,OperatingMargin12M,50.62,34.18176436913948,16.438235630860518,False,LOGIC_DIFFERENCE
شپدیس,NetProfitMargin12M,49.99,49.987070677158435,0.0029293228415667727,True,FLOAT_PRECISION
شپدیس,ROE,78.99,78.9866315635936,0.003368436406390174,True,FLOAT_PRECISION
شپلی,SalesLast12M,,,,True,EXACT
شپلی,SalesPrev12M,,,,True,EXACT
شپلی,SalesGrowth12M,,,,True,EXACT
شپلی,TTMNetProfit,2710929422.0,,,False,NULL_SEMANTICS
شپلی,PEApprox,69.59,,,False,NULL_SEMANTICS
شپلی,QuantScore,23.89,12.0,11.89,False,LOGIC_DIFFERENCE
شپلی,OperatingMargin12M,,,,True,EXACT
شپلی,NetProfitMargin12M,,,,True,EXACT
شپلی,ROE,,,,True,EXACT
شپنا,SalesLast12M,13434648094.0,13434648094000000.0000,1.3434634659351906e+16,False,LOGIC_DIFFERENCE
شپنا,SalesPrev12M,2293561650.0,2293561650000000.0000,2293559356438350.0,False,LOGIC_DIFFERENCE
شپنا,SalesGrowth12M,485.75,485.754827824227,0.004827824226993016,True,FLOAT_PRECISION
شپنا,TTMNetProfit,1139220803.0,1139220803000000.000000,1139219663779197.0,False,LOGIC_DIFFERENCE
شپنا,PEApprox,7.04,0.8485800096471728492479082651,6.191419990352827,False,LOGIC_DIFFERENCE
شپنا,QuantScore,58.37,38.86,19.509999999999998,False,LOGIC_DIFFERENCE
شپنا,OperatingMargin12M,12.9,9.944661373916963,2.955338626083037,False,LOGIC_DIFFERENCE
شپنا,NetProfitMargin12M,10.62,10.619177047985037,0.0008229520149622971,True,FLOAT_PRECISION
شپنا,ROE,57.04,57.037989017261395,0.0020109827386036727,True,FLOAT_PRECISION
شتران,SalesLast12M,5974270738.0,5974270738000000.0000,5974264763729262.0,False,LOGIC_DIFFERENCE
شتران,SalesPrev12M,1425999269.0,1425999269000000.0000,1425997843000731.0,False,LOGIC_DIFFERENCE
شتران,SalesGrowth12M,318.95,318.953281945897,0.003281945897015248,True,FLOAT_PRECISION
شتران,TTMNetProfit,922911344.0,922911344000000.000000,922910421088656.0,False,LOGIC_DIFFERENCE
شتران,PEApprox,4.65,1.202824092711553017816194488,3.4471759072884476,False,LOGIC_DIFFERENCE
شتران,QuantScore,60.52,38.9,21.620000000000005,False,LOGIC_DIFFERENCE
شتران,OperatingMargin12M,22.36,17.300768165202726,5.059231834797274,False,LOGIC_DIFFERENCE
شتران,NetProfitMargin12M,18.73,18.727561075077542,0.002438924922458341,True,FLOAT_PRECISION
شتران,ROE,52.74,52.73578025534578,0.004219744654221813,True,FLOAT_PRECISION
شدوص,SalesLast12M,34714175.0,34714175000000.0000,34714140285825.0,False,LOGIC_DIFFERENCE
شدوص,SalesPrev12M,24879747.0,24879747000000.0000,24879722120253.0,False,LOGIC_DIFFERENCE
شدوص,SalesGrowth12M,39.53,39.52784568106742,0.002154318932582555,True,FLOAT_PRECISION
شدوص,TTMNetProfit,5945890500.0,,,False,NULL_SEMANTICS
شدوص,PEApprox,6.44,,,False,NULL_SEMANTICS
شدوص,QuantScore,34.7,11.64,23.060000000000002,False,LOGIC_DIFFERENCE
شدوص,OperatingMargin12M,,,,True,EXACT
شدوص,NetProfitMargin12M,,,,True,EXACT
شدوص,ROE,,,,True,EXACT
شرانل,SalesLast12M,402468369.0,402468369000000.0000,402467966531631.0,False,LOGIC_DIFFERENCE
شرانل,SalesPrev12M,256380662.0,256380662000000.0000,256380405619338.0,False,LOGIC_DIFFERENCE
شرانل,SalesGrowth12M,56.98,56.98078234933335,0.0007823493333560805,True,FLOAT_PRECISION
شرانل,TTMNetProfit,78900444.0,78900444000000.000000,78900365099556.0,False,LOGIC_DIFFERENCE
شرانل,PEApprox,8.14,2.692000060227797957638869561,5.4479999397722025,False,LOGIC_DIFFERENCE
شرانل,QuantScore,50.37,32.63,17.739999999999995,False,LOGIC_DIFFERENCE
شرانل,OperatingMargin12M,25.57,18.244306097749256,7.325693902250745,False,LOGIC_DIFFERENCE
شرانل,NetProfitMargin12M,20.95,20.94815043342382,0.0018495665761797397,True,FLOAT_PRECISION
شرانل,ROE,83.62,83.62120380153208,0.0012038015320712248,True,FLOAT_PRECISION
شسپا,SalesLast12M,545994966.0,545994966000000.0000,545994420005034.0,False,LOGIC_DIFFERENCE
شسپا,SalesPrev12M,312352489.0,312352489000000.0000,312352176647511.0,False,LOGIC_DIFFERENCE
شسپا,SalesGrowth12M,74.8,74.80090129840457,0.0009012984045710937,True,FLOAT_PRECISION
شسپا,TTMNetProfit,207420331.0,207420331000000.000000,207420123579669.0,False,LOGIC_DIFFERENCE
شسپا,PEApprox,5.81,5.707444368122235809179187936,0.10255563187776406,False,LOGIC_DIFFERENCE
شسپا,QuantScore,57.4,33.53,23.869999999999997,False,LOGIC_DIFFERENCE
شسپا,OperatingMargin12M,48.02,49.05991962284216,1.0399196228421559,False,LOGIC_DIFFERENCE
شسپا,NetProfitMargin12M,41.18,41.17996402550131,3.597449868664171e-05,True,FLOAT_PRECISION
شسپا,ROE,69.31,69.30731839740618,0.0026816025938245502,True,FLOAT_PRECISION
شستا,SalesLast12M,,,,True,EXACT
شستا,SalesPrev12M,,,,True,EXACT
شستا,SalesGrowth12M,,,,True,EXACT
شستا,TTMNetProfit,950523817936.0,1280270264000000.000000,1279319740182064.0,False,LOGIC_DIFFERENCE
شستا,PEApprox,5.96,0.2168292178658302416059239192,5.74317078213417,False,LOGIC_DIFFERENCE
شستا,QuantScore,30.89,34.67,3.780000000000001,False,LOGIC_DIFFERENCE
شستا,OperatingMargin12M,24.7,2.5323062848721178e-08,24.699999974676935,False,LOGIC_DIFFERENCE
شستا,NetProfitMargin12M,32.42,32.42036435862085,0.00036435862084971404,True,FLOAT_PRECISION
شستا,ROE,,56.014612478414655,,False,NULL_SEMANTICS
شغدیر,SalesLast12M,106364548.0,106364548000000.0000,106364441635452.0,False,LOGIC_DIFFERENCE
شغدیر,SalesPrev12M,65555001.0,65555001000000.0000,65554935444999.0,False,LOGIC_DIFFERENCE
شغدیر,SalesGrowth12M,62.25,62.25237796884482,0.0023779688448186675,True,FLOAT_PRECISION
شغدیر,TTMNetProfit,15954827.0,15954827000000.000000,15954811045173.0,False,LOGIC_DIFFERENCE
شغدیر,PEApprox,6.57,6.531440297033618728676907620,0.03855970296638134,False,LOGIC_DIFFERENCE
شغدیر,QuantScore,55.97,28.09,27.88,False,LOGIC_DIFFERENCE
شغدیر,OperatingMargin12M,15.3,3.013547694516205,12.286452305483795,False,LOGIC_DIFFERENCE
شغدیر,NetProfitMargin12M,16.64,16.64221783097949,0.0022178309794895767,True,FLOAT_PRECISION
شغدیر,ROE,79.72,79.72448657598481,0.004486575984813612,True,FLOAT_PRECISION
شکام,SalesLast12M,109427479.0,109427479000000.0000,109427369572521.0,False,LOGIC_DIFFERENCE
شکام,SalesPrev12M,67206417.0,67206417000000.0000,67206349793583.0,False,LOGIC_DIFFERENCE
شکام,SalesGrowth12M,62.82,62.82296227754561,0.0029622775456061845,True,FLOAT_PRECISION
شکام,TTMNetProfit,21891910.0,21891910000000.000000,21891888108090.0,False,LOGIC_DIFFERENCE
شکام,PEApprox,8.17,0.4222107618750488194040629621,7.747789238124951,False,LOGIC_DIFFERENCE
شکام,QuantScore,51.18,35.09,16.089999999999996,False,LOGIC_DIFFERENCE
شکام,OperatingMargin12M,31.29,27.718730877081715,3.5712691229182845,False,LOGIC_DIFFERENCE
شکام,NetProfitMargin12M,24.16,24.15504975241303,0.004950247586968715,True,FLOAT_PRECISION
شکام,ROE,50.64,50.63539681364839,0.0046031863516091676,True,FLOAT_PRECISION
شکربن,SalesLast12M,37084381.0,37084381000000.0000,37084343915619.0,False,LOGIC_DIFFERENCE
شکربن,SalesPrev12M,31946860.0,31946860000000.0000,31946828053140.0,False,LOGIC_DIFFERENCE
شکربن,SalesGrowth12M,16.08,16.08145839685027,0.0014583968502712708,True,FLOAT_PRECISION
شکربن,TTMNetProfit,11646473472.0,,,False,NULL_SEMANTICS
شکربن,PEApprox,5.54,,,False,NULL_SEMANTICS
شکربن,QuantScore,29.55,10.94,18.61,False,LOGIC_DIFFERENCE
شکربن,OperatingMargin12M,,,,True,EXACT
شکربن,NetProfitMargin12M,,,,True,EXACT
شکربن,ROE,,,,True,EXACT
شگل,SalesLast12M,50707044.0,50707044000000.0000,50706993292956.0,False,LOGIC_DIFFERENCE
شگل,SalesPrev12M,26259142.0,26259142000000.0000,26259115740858.0,False,LOGIC_DIFFERENCE
شگل,SalesGrowth12M,93.1,93.10244028536805,0.0024402853680527414,True,FLOAT_PRECISION
شگل,TTMNetProfit,5979281.0,5979281000000.000000,5979275020719.0,False,LOGIC_DIFFERENCE
شگل,PEApprox,3.14,1.291459625329533768357767430,1.8485403746704663,False,LOGIC_DIFFERENCE
شگل,QuantScore,53.23,30.99,22.24,False,LOGIC_DIFFERENCE
شگل,OperatingMargin12M,18.85,5.278760031798723,13.57123996820128,False,LOGIC_DIFFERENCE
شگل,NetProfitMargin12M,11.83,11.827164567092515,0.0028354329074851137,True,FLOAT_PRECISION
شگل,ROE,39.44,39.444112845365495,0.004112845365497719,True,FLOAT_PRECISION
شگویا,SalesLast12M,499931059.0,499931059000000.0000,499930559068941.0,False,LOGIC_DIFFERENCE
شگویا,SalesPrev12M,350458779.0,350458779000000.0000,350458428541221.0,False,LOGIC_DIFFERENCE
شگویا,SalesGrowth12M,42.65,42.65045961368256,0.00045961368255831303,True,FLOAT_PRECISION
شگویا,TTMNetProfit,36431239114.0,,,False,NULL_SEMANTICS
شگویا,PEApprox,11.84,,,False,NULL_SEMANTICS
شگویا,QuantScore,18.5,11.97,6.529999999999999,False,LOGIC_DIFFERENCE
شگویا,OperatingMargin12M,0.12,0.12311426309852806,0.0031142630985280667,True,FLOAT_PRECISION
شگویا,NetProfitMargin12M,,,,True,EXACT
شگویا,ROE,,,,True,EXACT
شلیا,SalesLast12M,,,,True,EXACT
شلیا,SalesPrev12M,,,,True,EXACT
شلیا,SalesGrowth12M,,,,True,EXACT
شلیا,TTMNetProfit,,,,True,EXACT
شلیا,PEApprox,,,,True,EXACT
شلیا,QuantScore,21.44,12.0,9.440000000000001,False,LOGIC_DIFFERENCE
شلیا,OperatingMargin12M,,,,True,EXACT
شلیا,NetProfitMargin12M,,,,True,EXACT
شلیا,ROE,,,,True,EXACT
شمس,SalesLast12M,7794341.0,7794341000000.0000,7794333205659.0,False,LOGIC_DIFFERENCE
شمس,SalesPrev12M,4598787.0,4598787000000.0000,4598782401213.0,False,LOGIC_DIFFERENCE
شمس,SalesGrowth12M,69.49,69.48688860780027,0.0031113921997274474,True,FLOAT_PRECISION
شمس,TTMNetProfit,,,,True,EXACT
شمس,PEApprox,,,,True,EXACT
شمس,QuantScore,23.33,12.72,10.609999999999998,False,LOGIC_DIFFERENCE
شمس,OperatingMargin12M,,,,True,EXACT
شمس,NetProfitMargin12M,,,,True,EXACT
شمس,ROE,,,,True,EXACT
شمواد,SalesLast12M,55967629.0,55967629000000.0000,55967573032371.0,False,LOGIC_DIFFERENCE
شمواد,SalesPrev12M,25384256.0,25384256000000.0000,25384230615744.0,False,LOGIC_DIFFERENCE
شمواد,SalesGrowth12M,120.48,120.48165997065267,0.0016599706526676528,True,FLOAT_PRECISION
شمواد,TTMNetProfit,12160666.0,3859618000000.000000,3859605839334.0,False,LOGIC_DIFFERENCE
شمواد,PEApprox,7.11,0.4851564066702974232164944822,6.624843593329703,False,LOGIC_DIFFERENCE
شمواد,QuantScore,62.74,34.27,28.47,False,LOGIC_DIFFERENCE
شمواد,OperatingMargin12M,26.81,12.638902768582952,14.171097231417047,False,LOGIC_DIFFERENCE
شمواد,NetProfitMargin12M,26.13,17.484418980100852,8.645581019899147,False,LOGIC_DIFFERENCE
شمواد,ROE,61.87,19.635149928952895,42.234850071047106,False,LOGIC_DIFFERENCE
شوینده,SalesLast12M,,,,True,EXACT
شوینده,SalesPrev12M,,,,True,EXACT
شوینده,SalesGrowth12M,,,,True,EXACT
شوینده,TTMNetProfit,-557000000.0,,,False,NULL_SEMANTICS
شوینده,PEApprox,,,,True,EXACT
شوینده,QuantScore,1.79,11.04,9.25,False,LOGIC_DIFFERENCE
شوینده,OperatingMargin12M,62.35,-2.1734223112628563,64.52342231126286,False,LOGIC_DIFFERENCE
شوینده,NetProfitMargin12M,,,,True,EXACT
شوینده,ROE,,,,True,EXACT
شیراز,SalesLast12M,476497496.0,476497496000000.0000,476497019502504.0,False,LOGIC_DIFFERENCE
شیراز,SalesPrev12M,265338930.0,265338930000000.0000,265338664661070.0,False,LOGIC_DIFFERENCE
شیراز,SalesGrowth12M,79.58,79.58069552779156,0.0006955277915636771,True,FLOAT_PRECISION
شیراز,TTMNetProfit,138587400000.0,,,False,NULL_SEMANTICS
شیراز,PEApprox,7.51,,,False,NULL_SEMANTICS
شیراز,QuantScore,25.77,13.14,12.629999999999999,False,LOGIC_DIFFERENCE
شیراز,OperatingMargin12M,0.0,,,False,NULL_SEMANTICS
شیراز,NetProfitMargin12M,,,,True,EXACT
شیراز,ROE,,,,True,EXACT
شیران,SalesLast12M,297447641.0,297447641000000.0000,297447343552359.0,False,LOGIC_DIFFERENCE
شیران,SalesPrev12M,152597864.0,152597864000000.0000,152597711402136.0,False,LOGIC_DIFFERENCE
شیران,SalesGrowth12M,94.92,94.92254557377028,0.0025455737702770875,True,FLOAT_PRECISION
شیران,TTMNetProfit,73967505.0,73967505000000.000000,73967431032495.0,False,LOGIC_DIFFERENCE
شیران,PEApprox,8.16,8.153916263634956999022746540,0.00608373636504389,True,FLOAT_PRECISION
شیران,QuantScore,51.35,30.29,21.060000000000002,False,LOGIC_DIFFERENCE
شیران,OperatingMargin12M,33.02,24.93831290527842,8.081687094721584,False,LOGIC_DIFFERENCE
شیران,NetProfitMargin12M,27.65,34.5430287887866,6.8930287887866015,False,LOGIC_DIFFERENCE
شیران,ROE,45.86,45.863737272391354,0.0037372723913549066,True,FLOAT_PRECISION
عالیس,SalesLast12M,35381586.0,35381586000000.0000,35381550618414.0,False,LOGIC_DIFFERENCE
عالیس,SalesPrev12M,18239433.0,18239433000000.0000,18239414760567.0,False,LOGIC_DIFFERENCE
عالیس,SalesGrowth12M,93.98,93.9840235165205,0.004023516520490489,True,FLOAT_PRECISION
عالیس,TTMNetProfit,27832707.0,27832707000000.000000,27832679167293.0,False,LOGIC_DIFFERENCE
عالیس,PEApprox,4.28,4.239616362145442769903768254,0.0403836378545579,False,LOGIC_DIFFERENCE
عالیس,QuantScore,53.09,32.34,20.75,False,LOGIC_DIFFERENCE
عالیس,OperatingMargin12M,29.62,29.61907667508296,0.000923324917039281,True,FLOAT_PRECISION
عالیس,NetProfitMargin12M,24.09,24.092595381016597,0.002595381016597287,True,FLOAT_PRECISION
عالیس,ROE,45.88,45.87906830735445,0.0009316926455511521,True,FLOAT_PRECISION
غاذر,SalesLast12M,7215612.0,7215612000000.0000,7215604784388.0,False,LOGIC_DIFFERENCE
غاذر,SalesPrev12M,2573776.0,2573776000000.0000,2573773426224.0,False,LOGIC_DIFFERENCE
غاذر,SalesGrowth12M,180.35,180.35120383436632,0.0012038343663220985,True,FLOAT_PRECISION
غاذر,TTMNetProfit,2723198.0,555994000000.000000,555991276802.0,False,LOGIC_DIFFERENCE
غاذر,PEApprox,9.55,8.607952100202520171080982887,0.9420478997974797,False,LOGIC_DIFFERENCE
غاذر,QuantScore,68.92,33.03,35.89,False,LOGIC_DIFFERENCE
غاذر,OperatingMargin12M,59.02,17.96835036316947,41.05164963683053,False,LOGIC_DIFFERENCE
غاذر,NetProfitMargin12M,49.9,28.469516550645306,21.430483449354693,False,LOGIC_DIFFERENCE
غاذر,ROE,64.4,225.18721927234583,160.78721927234582,False,LOGIC_DIFFERENCE
غانیزان,SalesLast12M,,,,True,EXACT
غانیزان,SalesPrev12M,,,,True,EXACT
غانیزان,SalesGrowth12M,,,,True,EXACT
غانیزان,TTMNetProfit,3034000000.0,,,False,NULL_SEMANTICS
غانیزان,PEApprox,2.89,,,False,NULL_SEMANTICS
غانیزان,QuantScore,19.36,12.0,7.359999999999999,False,LOGIC_DIFFERENCE
غانیزان,OperatingMargin12M,,,,True,EXACT
غانیزان,NetProfitMargin12M,,,,True,EXACT
غانیزان,ROE,,,,True,EXACT
غبشهر,SalesLast12M,747721929.0,747721929000000.0000,747721181278071.0,False,LOGIC_DIFFERENCE
غبشهر,SalesPrev12M,250895944.0,250895944000000.0000,250895693104056.0,False,LOGIC_DIFFERENCE
غبشهر,SalesGrowth12M,198.02,198.02073205296614,0.0007320529661285491,True,FLOAT_PRECISION
غبشهر,TTMNetProfit,70670616.0,70670616000000.000000,70670545329384.0,False,LOGIC_DIFFERENCE
غبشهر,PEApprox,9.04,9.013647199565941239283947943,0.026352800434057855,False,LOGIC_DIFFERENCE
غبشهر,QuantScore,57.79,31.98,25.81,False,LOGIC_DIFFERENCE
غبشهر,OperatingMargin12M,18.23,3.7862792685206395,14.443720731479361,False,LOGIC_DIFFERENCE
غبشهر,NetProfitMargin12M,11.46,11.457017935488297,0.002982064511703797,True,FLOAT_PRECISION
غبشهر,ROE,69.87,69.86597860696085,0.004021393039153054,True,FLOAT_PRECISION
غبهنوش,SalesLast12M,,,,True,EXACT
غبهنوش,SalesPrev12M,,,,True,EXACT
غبهنوش,SalesGrowth12M,,,,True,EXACT
غبهنوش,TTMNetProfit,2531520000.0,,,False,NULL_SEMANTICS
غبهنوش,PEApprox,11.46,,,False,NULL_SEMANTICS
غبهنوش,QuantScore,21.12,12.0,9.120000000000001,False,LOGIC_DIFFERENCE
غبهنوش,OperatingMargin12M,,,,True,EXACT
غبهنوش,NetProfitMargin12M,,,,True,EXACT
غبهنوش,ROE,,,,True,EXACT
غپاک,SalesLast12M,4683377.0,4683377000000.0000,4683372316623.0,False,LOGIC_DIFFERENCE
غپاک,SalesPrev12M,0.0,,,False,NULL_SEMANTICS
غپاک,SalesGrowth12M,,,,True,EXACT
غپاک,TTMNetProfit,758853027.0,,,False,NULL_SEMANTICS
غپاک,PEApprox,38.28,,,False,NULL_SEMANTICS
غپاک,QuantScore,19.02,12.0,7.02,False,LOGIC_DIFFERENCE
غپاک,OperatingMargin12M,,,,True,EXACT
غپاک,NetProfitMargin12M,,,,True,EXACT
غپاک,ROE,,,,True,EXACT
غپینو,SalesLast12M,87206749.0,87206749000000.0000,87206661793251.0,False,LOGIC_DIFFERENCE
غپینو,SalesPrev12M,44454476.0,44454476000000.0000,44454431545524.0,False,LOGIC_DIFFERENCE
غپینو,SalesGrowth12M,96.17,96.17090751446491,0.0009075144649131062,True,FLOAT_PRECISION
غپینو,TTMNetProfit,30290477.0,11554097000000.000000,11554066709523.0,False,LOGIC_DIFFERENCE
غپینو,PEApprox,7.09,2.320605409492407758044613958,4.769394590507592,False,LOGIC_DIFFERENCE
غپینو,QuantScore,56.98,30.83,26.15,False,LOGIC_DIFFERENCE
غپینو,OperatingMargin12M,45.82,8.870819208304471,36.949180791695525,False,LOGIC_DIFFERENCE
غپینو,NetProfitMargin12M,39.11,46.904413837164945,7.794413837164946,False,LOGIC_DIFFERENCE
غپینو,ROE,21.88,12.807409754825736,9.072590245174263,False,LOGIC_DIFFERENCE
غدام,SalesLast12M,1710629.0,1710629000000.0000,1710627289371.0,False,LOGIC_DIFFERENCE
غدام,SalesPrev12M,2482931.0,2482931000000.0000,2482928517069.0,False,LOGIC_DIFFERENCE
غدام,SalesGrowth12M,-31.1,-31.10444873417747,0.004448734177469049,True,FLOAT_PRECISION
غدام,TTMNetProfit,,,,True,EXACT
غدام,PEApprox,,,,True,EXACT
غدام,QuantScore,10.25,10.53,0.27999999999999936,False,LOGIC_DIFFERENCE
غدام,OperatingMargin12M,,,,True,EXACT
غدام,NetProfitMargin12M,,,,True,EXACT
غدام,ROE,,,,True,EXACT
غدیس,SalesLast12M,60229805.46,60229805460000.0000,60229745230194.54,False,LOGIC_DIFFERENCE
غدیس,SalesPrev12M,40804805.0,40804805000000.0000,40804764195195.0,False,LOGIC_DIFFERENCE
غدیس,SalesGrowth12M,47.6,47.60468885955955,0.004688859559550451,True,FLOAT_PRECISION
غدیس,TTMNetProfit,9135261318.0,,,False,NULL_SEMANTICS
غدیس,PEApprox,1.51,,,False,NULL_SEMANTICS
غدیس,QuantScore,37.7,11.94,25.760000000000005,False,LOGIC_DIFFERENCE
غدیس,OperatingMargin12M,,,,True,EXACT
غدیس,NetProfitMargin12M,,,,True,EXACT
غدیس,ROE,,,,True,EXACT
غشاذر,SalesLast12M,51334347.0,51334347000000.0000,51334295665653.0,False,LOGIC_DIFFERENCE
غشاذر,SalesPrev12M,26362665.0,26362665000000.0000,26362638637335.0,False,LOGIC_DIFFERENCE
غشاذر,SalesGrowth12M,94.72,94.7236631804865,0.003663180486498163,True,FLOAT_PRECISION
غشاذر,TTMNetProfit,3366567032.0,,,False,NULL_SEMANTICS
غشاذر,PEApprox,9.62,,,False,NULL_SEMANTICS
غشاذر,QuantScore,40.41,13.37,27.04,False,LOGIC_DIFFERENCE
غشاذر,OperatingMargin12M,14.52,-3.358533417122025e-06,14.520003358533417,False,LOGIC_DIFFERENCE
غشاذر,NetProfitMargin12M,,,,True,EXACT
غشاذر,ROE,,,,True,EXACT
غشان,SalesLast12M,53736523.0,53736523000000.0000,53736469263477.0,False,LOGIC_DIFFERENCE
غشان,SalesPrev12M,26937766.0,26937766000000.0000,26937739062234.0,False,LOGIC_DIFFERENCE
غشان,SalesGrowth12M,99.48,99.48396240430628,0.0039624043062786996,True,FLOAT_PRECISION
غشان,TTMNetProfit,2233035000.0,,,False,NULL_SEMANTICS
غشان,PEApprox,18.94,,,False,NULL_SEMANTICS
غشان,QuantScore,40.82,13.93,26.89,False,LOGIC_DIFFERENCE
غشان,OperatingMargin12M,11.73,1.3214371606252375,10.408562839374763,False,LOGIC_DIFFERENCE
غشان,NetProfitMargin12M,,,,True,EXACT
غشان,ROE,,,,True,EXACT
غشصفا,SalesLast12M,105229112.0,105229112000000.0000,105229006770888.0,False,LOGIC_DIFFERENCE
غشصفا,SalesPrev12M,56099433.0,56099433000000.0000,56099376900567.0,False,LOGIC_DIFFERENCE
غشصفا,SalesGrowth12M,87.58,87.57607051037397,0.003929489626031568,True,FLOAT_PRECISION
غشصفا,TTMNetProfit,984812040.0,,,False,NULL_SEMANTICS
غشصفا,PEApprox,54.1,,,False,NULL_SEMANTICS
غشصفا,QuantScore,28.16,13.44,14.72,False,LOGIC_DIFFERENCE
غشصفا,OperatingMargin12M,1.32,,,False,NULL_SEMANTICS
غشصفا,NetProfitMargin12M,,,,True,EXACT
غشصفا,ROE,,,,True,EXACT
غشهداب,SalesLast12M,23266858.0,23266858000000.0000,23266834733142.0,False,LOGIC_DIFFERENCE
غشهداب,SalesPrev12M,12664044.0,12664044000000.0000,12664031335956.0,False,LOGIC_DIFFERENCE
غشهداب,SalesGrowth12M,83.72,83.72376154094222,0.003761540942221586,True,FLOAT_PRECISION
غشهداب,TTMNetProfit,5793781990.0,,,False,NULL_SEMANTICS
غشهداب,PEApprox,4.71,,,False,NULL_SEMANTICS
غشهداب,QuantScore,35.61,13.33,22.28,False,LOGIC_DIFFERENCE
غشهداب,OperatingMargin12M,24.32,,,False,NULL_SEMANTICS
غشهداب,NetProfitMargin12M,,,,True,EXACT
غشهداب,ROE,,,,True,EXACT
غشوکو,SalesLast12M,5920191.0,5920191000000.0000,5920185079809.0,False,LOGIC_DIFFERENCE
غشوکو,SalesPrev12M,975676.0,,,False,NULL_SEMANTICS
غشوکو,SalesGrowth12M,506.78,,,False,NULL_SEMANTICS
غشوکو,TTMNetProfit,1475800000.0,,,False,NULL_SEMANTICS
غشوکو,PEApprox,8.41,,,False,NULL_SEMANTICS
غشوکو,QuantScore,36.22,12.0,24.22,False,LOGIC_DIFFERENCE
غشوکو,OperatingMargin12M,31.76,,,False,NULL_SEMANTICS
غشوکو,NetProfitMargin12M,,,,True,EXACT
غشوکو,ROE,,,,True,EXACT
غفارس,SalesLast12M,72615143.0,72615143000000.0000,72615070384857.0,False,LOGIC_DIFFERENCE
غفارس,SalesPrev12M,37902147.0,37902147000000.0000,37902109097853.0,False,LOGIC_DIFFERENCE
غفارس,SalesGrowth12M,91.59,91.58583021695314,0.004169783046862108,True,FLOAT_PRECISION
غفارس,TTMNetProfit,3458120.0,3458120000000.000000,3458116541880.0,False,LOGIC_DIFFERENCE
غفارس,PEApprox,13.83,1.965780510797774513319375846,11.864219489202226,False,LOGIC_DIFFERENCE
غفارس,QuantScore,42.67,29.71,12.96,False,LOGIC_DIFFERENCE
غفارس,OperatingMargin12M,6.64,1.6502100041829364,4.9897899958170635,False,LOGIC_DIFFERENCE
غفارس,NetProfitMargin12M,4.83,4.828780836309116,0.0012191636908838177,True,FLOAT_PRECISION
غفارس,ROE,41.56,41.5619241565674,0.0019241565673979721,True,FLOAT_PRECISION
غکورش,SalesLast12M,754033773.0,754033773000000.0000,754033018966227.0,False,LOGIC_DIFFERENCE
غکورش,SalesPrev12M,254861349.0,254861349000000.0000,254861094138651.0,False,LOGIC_DIFFERENCE
غکورش,SalesGrowth12M,195.86,195.86038681761823,0.00038681761822090266,True,FLOAT_PRECISION
غکورش,TTMNetProfit,131700499.0,25946199000000.000000,25946067299501.0,False,LOGIC_DIFFERENCE
غکورش,PEApprox,8.49,2.924127730616727328731271968,5.565872269383273,False,LOGIC_DIFFERENCE
غکورش,QuantScore,55.84,38.34,17.5,False,LOGIC_DIFFERENCE
غکورش,OperatingMargin12M,23.14,18.606621317428164,4.533378682571836,False,LOGIC_DIFFERENCE
غکورش,NetProfitMargin12M,18.74,12.763625746071272,5.976374253928727,False,LOGIC_DIFFERENCE
غکورش,ROE,70.45,277.024039813599,206.57403981359903,False,LOGIC_DIFFERENCE
غگل,SalesLast12M,35820928.0,35820928000000.0000,35820892179072.0,False,LOGIC_DIFFERENCE
غگل,SalesPrev12M,26979522.0,26979522000000.0000,26979495020478.0,False,LOGIC_DIFFERENCE
غگل,SalesGrowth12M,32.77,32.770802981609535,0.0008029816095316278,True,FLOAT_PRECISION
غگل,TTMNetProfit,11672370000.0,,,False,NULL_SEMANTICS
غگل,PEApprox,0.6,,,False,NULL_SEMANTICS
غگل,QuantScore,36.55,11.39,25.159999999999997,False,LOGIC_DIFFERENCE
غگل,OperatingMargin12M,,,,True,EXACT
غگل,NetProfitMargin12M,,,,True,EXACT
غگل,ROE,,,,True,EXACT
غگلستا,SalesLast12M,,,,True,EXACT
غگلستا,SalesPrev12M,,,,True,EXACT
غگلستا,SalesGrowth12M,,,,True,EXACT
غگلستا,TTMNetProfit,545235000.0,,,False,NULL_SEMANTICS
غگلستا,PEApprox,32.45,,,False,NULL_SEMANTICS
غگلستا,QuantScore,18.01,12.0,6.010000000000002,False,LOGIC_DIFFERENCE
غگلستا,OperatingMargin12M,,,,True,EXACT
غگلستا,NetProfitMargin12M,,,,True,EXACT
غگلستا,ROE,,,,True,EXACT
غگیلا,SalesLast12M,,,,True,EXACT
غگیلا,SalesPrev12M,,,,True,EXACT
غگیلا,SalesGrowth12M,,,,True,EXACT
غگیلا,TTMNetProfit,683008070.0,,,False,NULL_SEMANTICS
غگیلا,PEApprox,54.67,,,False,NULL_SEMANTICS
غگیلا,QuantScore,21.71,12.0,9.71,False,LOGIC_DIFFERENCE
غگیلا,OperatingMargin12M,,,,True,EXACT
غگیلا,NetProfitMargin12M,,,,True,EXACT
غگیلا,ROE,,,,True,EXACT
غمایه,SalesLast12M,19211888.0,19211888000000.0000,19211868788112.0,False,LOGIC_DIFFERENCE
غمایه,SalesPrev12M,12399111.0,12399111000000.0000,12399098600889.0,False,LOGIC_DIFFERENCE
غمایه,SalesGrowth12M,54.95,54.94568925143101,0.004310748568990164,True,FLOAT_PRECISION
غمایه,TTMNetProfit,7387380000.0,,,False,NULL_SEMANTICS
غمایه,PEApprox,8.15,,,False,NULL_SEMANTICS
غمایه,QuantScore,33.87,12.28,21.589999999999996,False,LOGIC_DIFFERENCE
غمایه,OperatingMargin12M,,,,True,EXACT
غمایه,NetProfitMargin12M,,,,True,EXACT
غمایه,ROE,,,,True,EXACT
غمهرا,SalesLast12M,99801263.0,99801263000000.0000,99801163198737.0,False,LOGIC_DIFFERENCE
غمهرا,SalesPrev12M,48974620.0,48974620000000.0000,48974571025380.0,False,LOGIC_DIFFERENCE
غمهرا,SalesGrowth12M,103.78,103.7815974886584,0.0015974886584046999,True,FLOAT_PRECISION
غمهرا,TTMNetProfit,12784800000.0,,,False,NULL_SEMANTICS
غمهرا,PEApprox,8.08,,,False,NULL_SEMANTICS
غمهرا,QuantScore,40.65,14.17,26.479999999999997,False,LOGIC_DIFFERENCE
غمهرا,OperatingMargin12M,17.8,,,False,NULL_SEMANTICS
غمهرا,NetProfitMargin12M,,,,True,EXACT
غمهرا,ROE,,,,True,EXACT
غمینو,SalesLast12M,28154588.0,28154588000000.0000,28154559845412.0,False,LOGIC_DIFFERENCE
غمینو,SalesPrev12M,12802926.0,12802926000000.0000,12802913197074.0,False,LOGIC_DIFFERENCE
غمینو,SalesGrowth12M,119.91,119.90744928151581,0.0025507184841870867,True,FLOAT_PRECISION
غمینو,TTMNetProfit,8614717.0,1144072000000.000000,1144063385283.0,False,LOGIC_DIFFERENCE
غمینو,PEApprox,6.99,1.331804292037564069394233929,5.658195707962436,False,LOGIC_DIFFERENCE
غمینو,QuantScore,57.86,41.21,16.65,False,LOGIC_DIFFERENCE
غمینو,OperatingMargin12M,39.47,110.83553241766191,71.36553241766191,False,LOGIC_DIFFERENCE
غمینو,NetProfitMargin12M,34.68,64.15412169899031,29.47412169899031,False,LOGIC_DIFFERENCE
غمینو,ROE,47.75,338.8507639952256,291.1007639952256,False,LOGIC_DIFFERENCE
غنوش,SalesLast12M,3241970.0,3241970000000.0000,3241966758030.0,False,LOGIC_DIFFERENCE
غنوش,SalesPrev12M,2769355.0,2769355000000.0000,2769352230645.0,False,LOGIC_DIFFERENCE
غنوش,SalesGrowth12M,17.07,17.065887183116647,0.0041128168833530765,True,FLOAT_PRECISION
غنوش,TTMNetProfit,563000000.0,,,False,NULL_SEMANTICS
غنوش,PEApprox,30.25,,,False,NULL_SEMANTICS
غنوش,QuantScore,20.0,11.0,9.0,False,LOGIC_DIFFERENCE
غنوش,OperatingMargin12M,,,,True,EXACT
غنوش,NetProfitMargin12M,,,,True,EXACT
غنوش,ROE,,,,True,EXACT
غویتا,SalesLast12M,33794465.0,33794465000000.0000,33794431205535.0,False,LOGIC_DIFFERENCE
غویتا,SalesPrev12M,19486095.0,19486095000000.0000,19486075513905.0,False,LOGIC_DIFFERENCE
غویتا,SalesGrowth12M,73.43,73.42861666229176,0.0013833377082477227,True,FLOAT_PRECISION
غویتا,TTMNetProfit,9369776.0,9369776000000.000000,9369766630224.0,False,LOGIC_DIFFERENCE
غویتا,PEApprox,4.58,4.512381085737802056313832901,0.0676189142621979,False,LOGIC_DIFFERENCE
غویتا,QuantScore,53.31,28.98,24.330000000000002,False,LOGIC_DIFFERENCE
غویتا,OperatingMargin12M,22.84,10.083644446739358,12.756355553260642,False,LOGIC_DIFFERENCE
غویتا,NetProfitMargin12M,28.49,28.493149818465103,0.003149818465104204,True,FLOAT_PRECISION
غویتا,ROE,46.05,46.045666303845664,0.004333696154333211,True,FLOAT_PRECISION
فاذر,SalesLast12M,,,,True,EXACT
فاذر,SalesPrev12M,,,,True,EXACT
فاذر,SalesGrowth12M,,,,True,EXACT
فاذر,TTMNetProfit,-2392694700.0,,,False,NULL_SEMANTICS
فاذر,PEApprox,,,,True,EXACT
فاذر,QuantScore,3.53,11.37,7.84,False,LOGIC_DIFFERENCE
فاذر,OperatingMargin12M,-14.03,1.5998668910746626e-05,14.03001599866891,False,LOGIC_DIFFERENCE
فاذر,NetProfitMargin12M,,,,True,EXACT
فاذر,ROE,,,,True,EXACT
فاراک,SalesLast12M,21592058.0,21592058000000.0000,21592036407942.0,False,LOGIC_DIFFERENCE
فاراک,SalesPrev12M,20095080.0,20095080000000.0000,20095059904920.0,False,LOGIC_DIFFERENCE
فاراک,SalesGrowth12M,7.45,7.449475194923335,0.0005248050766653023,True,FLOAT_PRECISION
فاراک,TTMNetProfit,20222924344.0,,,False,NULL_SEMANTICS
فاراک,PEApprox,3.87,,,False,NULL_SEMANTICS
فاراک,QuantScore,37.09,10.78,26.310000000000002,False,LOGIC_DIFFERENCE
فاراک,OperatingMargin12M,,,,True,EXACT
فاراک,NetProfitMargin12M,,,,True,EXACT
فاراک,ROE,,,,True,EXACT
فاسمین,SalesLast12M,,,,True,EXACT
فاسمین,SalesPrev12M,,,,True,EXACT
فاسمین,SalesGrowth12M,,,,True,EXACT
فاسمین,TTMNetProfit,12864000000.0,,,False,NULL_SEMANTICS
فاسمین,PEApprox,8.92,,,False,NULL_SEMANTICS
فاسمین,QuantScore,18.47,11.63,6.839999999999998,False,LOGIC_DIFFERENCE
فاسمین,OperatingMargin12M,34.53,4.232048285978124e-06,34.52999576795172,False,LOGIC_DIFFERENCE
فاسمین,NetProfitMargin12M,,,,True,EXACT
فاسمین,ROE,,,,True,EXACT
فایرا,SalesLast12M,683891972.0,683891972000000.0000,683891288108028.0,False,LOGIC_DIFFERENCE
فایرا,SalesPrev12M,299948584.0,299948584000000.0000,299948284051416.0,False,LOGIC_DIFFERENCE
فایرا,SalesGrowth12M,128.0,128.00306735236995,0.003067352369953369,True,FLOAT_PRECISION
فایرا,TTMNetProfit,150004494.0,150004494000000.000000,150004343995506.0,False,LOGIC_DIFFERENCE
فایرا,PEApprox,5.92,4.776523562020748525040856443,1.1434764379792517,False,LOGIC_DIFFERENCE
فایرا,QuantScore,62.84,35.08,27.760000000000005,False,LOGIC_DIFFERENCE
فایرا,OperatingMargin12M,31.03,18.256590884416322,12.773409115583679,False,LOGIC_DIFFERENCE
فایرا,NetProfitMargin12M,23.88,23.880047923336875,4.7923336875754785e-05,True,FLOAT_PRECISION
فایرا,ROE,59.47,59.47086290758825,0.000862907588249584,True,FLOAT_PRECISION
فباهنر,SalesLast12M,244173913.0,244173913000000.0000,244173668826087.0,False,LOGIC_DIFFERENCE
فباهنر,SalesPrev12M,209323439.0,209323439000000.0000,209323229676561.0,False,LOGIC_DIFFERENCE
فباهنر,SalesGrowth12M,16.65,16.64910254030367,0.0008974596963291503,True,FLOAT_PRECISION
فباهنر,TTMNetProfit,26285067.0,26285067000000.000000,26285040714933.0,False,LOGIC_DIFFERENCE
فباهنر,PEApprox,11.38,11.36339062023315367619188492,0.01660937976684629,False,LOGIC_DIFFERENCE
فباهنر,QuantScore,31.41,21.29,10.120000000000001,False,LOGIC_DIFFERENCE
فباهنر,OperatingMargin12M,18.0,15.746188133716128,2.253811866283872,False,LOGIC_DIFFERENCE
فباهنر,NetProfitMargin12M,10.85,10.847887906957261,0.0021120930427382945,True,FLOAT_PRECISION
فباهنر,ROE,42.94,42.93965203010104,0.0003479698989607982,True,FLOAT_PRECISION
فبستم,SalesLast12M,43377.0,43377000000.0000,43376956623.0,False,LOGIC_DIFFERENCE
فبستم,SalesPrev12M,0.0,,,False,NULL_SEMANTICS
فبستم,SalesGrowth12M,,,,True,EXACT
فبستم,TTMNetProfit,,,,True,EXACT
فبستم,PEApprox,,,,True,EXACT
فبستم,QuantScore,3.46,12.0,8.54,False,LOGIC_DIFFERENCE
فبستم,OperatingMargin12M,,,,True,EXACT
فبستم,NetProfitMargin12M,,,,True,EXACT
فبستم,ROE,,,,True,EXACT
فبیرا,SalesLast12M,,,,True,EXACT
فبیرا,SalesPrev12M,,,,True,EXACT
فبیرا,SalesGrowth12M,,,,True,EXACT
فبیرا,TTMNetProfit,335000000.0,,,False,NULL_SEMANTICS
فبیرا,PEApprox,35.67,,,False,NULL_SEMANTICS
فبیرا,QuantScore,22.2,12.0,10.2,False,LOGIC_DIFFERENCE
فبیرا,OperatingMargin12M,,,,True,EXACT
فبیرا,NetProfitMargin12M,,,,True,EXACT
فبیرا,ROE,,,,True,EXACT
فپنتا,SalesLast12M,,,,True,EXACT
فپنتا,SalesPrev12M,,,,True,EXACT
فپنتا,SalesGrowth12M,,,,True,EXACT
فپنتا,TTMNetProfit,,,,True,EXACT
فپنتا,PEApprox,,,,True,EXACT
فپنتا,QuantScore,20.55,12.0,8.55,False,LOGIC_DIFFERENCE
فپنتا,OperatingMargin12M,,,,True,EXACT
فپنتا,NetProfitMargin12M,,,,True,EXACT
فپنتا,ROE,,,,True,EXACT
فجر,SalesLast12M,122886551.0,122886551000000.0000,122886428113449.0,False,LOGIC_DIFFERENCE
فجر,SalesPrev12M,81329685.0,81329685000000.0000,81329603670315.0,False,LOGIC_DIFFERENCE
فجر,SalesGrowth12M,51.1,51.09679940356341,0.003200596436592207,True,FLOAT_PRECISION
فجر,TTMNetProfit,21285000000.0,,,False,NULL_SEMANTICS
فجر,PEApprox,6.54,,,False,NULL_SEMANTICS
فجر,QuantScore,43.28,12.14,31.14,False,LOGIC_DIFFERENCE
فجر,OperatingMargin12M,,,,True,EXACT
فجر,NetProfitMargin12M,,,,True,EXACT
فجر,ROE,,,,True,EXACT
فخاس,SalesLast12M,,,,True,EXACT
فخاس,SalesPrev12M,,,,True,EXACT
فخاس,SalesGrowth12M,,,,True,EXACT
فخاس,TTMNetProfit,47035000000.0,,,False,NULL_SEMANTICS
فخاس,PEApprox,8.76,,,False,NULL_SEMANTICS
فخاس,QuantScore,21.59,12.0,9.59,False,LOGIC_DIFFERENCE
فخاس,OperatingMargin12M,,,,True,EXACT
فخاس,NetProfitMargin12M,,,,True,EXACT
فخاس,ROE,,,,True,EXACT
فخوز,SalesLast12M,1045462879.0,1045462879000000.0000,1045461833537121.0,False,LOGIC_DIFFERENCE
فخوز,SalesPrev12M,828172217.0,828172217000000.0000,828171388827783.0,False,LOGIC_DIFFERENCE
فخوز,SalesGrowth12M,26.24,26.237376422396938,0.002623577603060312,True,FLOAT_PRECISION
فخوز,TTMNetProfit,,,,True,EXACT
فخوز,PEApprox,,,,True,EXACT
فخوز,QuantScore,16.39,11.64,4.75,False,LOGIC_DIFFERENCE
فخوز,OperatingMargin12M,9.94,1.3680175112260715e-07,9.93999986319825,False,LOGIC_DIFFERENCE
فخوز,NetProfitMargin12M,,,,True,EXACT
فخوز,ROE,,,,True,EXACT
فرآور,SalesLast12M,,,,True,EXACT
فرآور,SalesPrev12M,,,,True,EXACT
فرآور,SalesGrowth12M,,,,True,EXACT
فرآور,TTMNetProfit,1505000000.0,,,False,NULL_SEMANTICS
فرآور,PEApprox,25.98,,,False,NULL_SEMANTICS
فرآور,QuantScore,18.76,12.0,6.760000000000002,False,LOGIC_DIFFERENCE
فرآور,OperatingMargin12M,,,,True,EXACT
فرآور,NetProfitMargin12M,,,,True,EXACT
فرآور,ROE,,,,True,EXACT
فزر,SalesLast12M,,,,True,EXACT
فزر,SalesPrev12M,,,,True,EXACT
فزر,SalesGrowth12M,,,,True,EXACT
فزر,TTMNetProfit,-5400000.0,,,False,NULL_SEMANTICS
فزر,PEApprox,,,,True,EXACT
فزر,QuantScore,5.96,12.0,6.04,False,LOGIC_DIFFERENCE
فزر,OperatingMargin12M,,,,True,EXACT
فزر,NetProfitMargin12M,,,,True,EXACT
فزر,ROE,,,,True,EXACT
فسبزوار,SalesLast12M,,,,True,EXACT
فسبزوار,SalesPrev12M,,,,True,EXACT
فسبزوار,SalesGrowth12M,,,,True,EXACT
فسبزوار,TTMNetProfit,43784000000.0,,,False,NULL_SEMANTICS
فسبزوار,PEApprox,6.89,,,False,NULL_SEMANTICS
فسبزوار,QuantScore,29.08,12.0,17.08,False,LOGIC_DIFFERENCE
فسبزوار,OperatingMargin12M,,,,True,EXACT
فسبزوار,NetProfitMargin12M,,,,True,EXACT
فسبزوار,ROE,,,,True,EXACT
فسپا,SalesLast12M,57523088.0,57523088000000.0000,57523030476912.0,False,LOGIC_DIFFERENCE
فسپا,SalesPrev12M,39212130.0,39212130000000.0000,39212090787870.0,False,LOGIC_DIFFERENCE
فسپا,SalesGrowth12M,46.7,46.6971776335537,0.0028223664463027376,True,FLOAT_PRECISION
فسپا,TTMNetProfit,15615500000.0,,,False,NULL_SEMANTICS
فسپا,PEApprox,6.6,,,False,NULL_SEMANTICS
فسپا,QuantScore,40.04,11.89,28.15,False,LOGIC_DIFFERENCE
فسپا,OperatingMargin12M,,,,True,EXACT
فسپا,NetProfitMargin12M,,,,True,EXACT
فسپا,ROE,,,,True,EXACT
فسرب,SalesLast12M,12182721.0,12182721000000.0000,12182708817279.0,False,LOGIC_DIFFERENCE
فسرب,SalesPrev12M,12713948.0,12713948000000.0000,12713935286052.0,False,LOGIC_DIFFERENCE
فسرب,SalesGrowth12M,-4.18,-4.178300870823131,0.0016991291768686523,True,FLOAT_PRECISION
فسرب,TTMNetProfit,-607987.0,-1942165000000.000000,1942164392013.0,False,LOGIC_DIFFERENCE
فسرب,PEApprox,-47.9,-14.94989066325466682799865099,32.95010933674533,False,LOGIC_DIFFERENCE
فسرب,QuantScore,11.89,24.73,12.84,False,LOGIC_DIFFERENCE
فسرب,OperatingMargin12M,-6.83,-7.076062829964417,0.24606282996441653,False,LOGIC_DIFFERENCE
فسرب,NetProfitMargin12M,-6.07,-10.284894378289383,4.214894378289383,False,LOGIC_DIFFERENCE
فسرب,ROE,-5.4,-21.45676872606895,16.056768726068952,False,LOGIC_DIFFERENCE
فگستر,SalesLast12M,23361357.0,23361357000000.0000,23361333638643.0,False,LOGIC_DIFFERENCE
فگستر,SalesPrev12M,15133692.0,15133692000000.0000,15133676866308.0,False,LOGIC_DIFFERENCE
فگستر,SalesGrowth12M,54.37,54.366541885483066,0.003458114516931232,True,FLOAT_PRECISION
فگستر,TTMNetProfit,6829100000.0,,,False,NULL_SEMANTICS
فگستر,PEApprox,5.72,,,False,NULL_SEMANTICS
فگستر,QuantScore,35.45,12.25,23.200000000000003,False,LOGIC_DIFFERENCE
فگستر,OperatingMargin12M,,,,True,EXACT
فگستر,NetProfitMargin12M,,,,True,EXACT
فگستر,ROE,,,,True,EXACT
فملی,SalesLast12M,4891602962.0,4891602962000000.0000,4891598070397038.0,False,LOGIC_DIFFERENCE
فملی,SalesPrev12M,1959197885.0,1959197885000000.0000,1959195925802115.0,False,LOGIC_DIFFERENCE
فملی,SalesGrowth12M,149.67,149.67375676806634,0.0037567680663528336,True,FLOAT_PRECISION
فملی,TTMNetProfit,2031135837.0,2031135837000000.000000,2031133805864163.0,False,LOGIC_DIFFERENCE
فملی,PEApprox,12.95,4.907598900289601851971065390,8.042401099710396,False,LOGIC_DIFFERENCE
فملی,QuantScore,59.03,38.15,20.880000000000003,False,LOGIC_DIFFERENCE
فملی,OperatingMargin12M,59.98,44.519975921248985,15.460024078751012,False,LOGIC_DIFFERENCE
فملی,NetProfitMargin12M,50.06,50.0580076454286,0.0019923545713993462,True,FLOAT_PRECISION
فملی,ROE,53.51,53.51427302442615,0.004273024426154848,True,FLOAT_PRECISION
فنوال,SalesLast12M,70981774.0,70981774000000.0000,70981703018226.0,False,LOGIC_DIFFERENCE
فنوال,SalesPrev12M,32034611.0,32034611000000.0000,32034578965389.0,False,LOGIC_DIFFERENCE
فنوال,SalesGrowth12M,121.58,121.57838595261856,0.0016140473814374445,True,FLOAT_PRECISION
فنوال,TTMNetProfit,18284961.0,18284961000000.000000,18284942715039.0,False,LOGIC_DIFFERENCE
فنوال,PEApprox,7.57,0.4455545445243224746281930818,7.124445455475678,False,LOGIC_DIFFERENCE
فنوال,QuantScore,56.51,39.63,16.879999999999995,False,LOGIC_DIFFERENCE
فنوال,OperatingMargin12M,33.4,24.1866865721924,9.213313427807599,False,LOGIC_DIFFERENCE
فنوال,NetProfitMargin12M,27.56,27.56415183732988,0.004151837329882113,True,FLOAT_PRECISION
فنوال,ROE,54.81,54.81311102435056,0.0031110243505594326,True,FLOAT_PRECISION
فنورد,SalesLast12M,,,,True,EXACT
فنورد,SalesPrev12M,,,,True,EXACT
فنورد,SalesGrowth12M,,,,True,EXACT
فنورد,TTMNetProfit,10020384000.0,,,False,NULL_SEMANTICS
فنورد,PEApprox,7.61,,,False,NULL_SEMANTICS
فنورد,QuantScore,27.47,12.0,15.469999999999999,False,LOGIC_DIFFERENCE
فنورد,OperatingMargin12M,,,,True,EXACT
فنورد,NetProfitMargin12M,,,,True,EXACT
فنورد,ROE,,,,True,EXACT
فولاد,SalesLast12M,3862599517.0,3862599517000000.0000,3862595654400483.0,False,LOGIC_DIFFERENCE
فولاد,SalesPrev12M,2846057583.0,2846057583000000.0000,2846054736942417.0,False,LOGIC_DIFFERENCE
فولاد,SalesGrowth12M,35.72,35.71754626722885,0.0024537327711513512,True,FLOAT_PRECISION
فولاد,TTMNetProfit,962487084.0,962487084000000.000000,962486121512916.0,False,LOGIC_DIFFERENCE
فولاد,PEApprox,6.76,1.019805892792635126935376101,5.740194107207365,False,LOGIC_DIFFERENCE
فولاد,QuantScore,38.58,28.19,10.389999999999997,False,LOGIC_DIFFERENCE
فولاد,OperatingMargin12M,25.05,-6.618074858547316,31.668074858547318,False,LOGIC_DIFFERENCE
فولاد,NetProfitMargin12M,26.33,26.33119309502493,0.0011930950249308125,True,FLOAT_PRECISION
فولاد,ROE,28.46,28.458625884233385,0.0013741157666160575,True,FLOAT_PRECISION
فولاژ,SalesLast12M,,,,True,EXACT
فولاژ,SalesPrev12M,,,,True,EXACT
فولاژ,SalesGrowth12M,,,,True,EXACT
فولاژ,TTMNetProfit,23316000000.0,,,False,NULL_SEMANTICS
فولاژ,PEApprox,15.8,,,False,NULL_SEMANTICS
فولاژ,QuantScore,16.07,13.28,2.790000000000001,False,LOGIC_DIFFERENCE
فولاژ,OperatingMargin12M,10.07,27.003056788020967,16.933056788020966,False,LOGIC_DIFFERENCE
فولاژ,NetProfitMargin12M,,,,True,EXACT
فولاژ,ROE,,,,True,EXACT
فولای,SalesLast12M,,,,True,EXACT
فولای,SalesPrev12M,,,,True,EXACT
فولای,SalesGrowth12M,,,,True,EXACT
فولای,TTMNetProfit,1184000000.0,,,False,NULL_SEMANTICS
فولای,PEApprox,21.72,,,False,NULL_SEMANTICS
فولای,QuantScore,18.26,12.0,6.260000000000002,False,LOGIC_DIFFERENCE
فولای,OperatingMargin12M,,,,True,EXACT
فولای,NetProfitMargin12M,,,,True,EXACT
فولای,ROE,,,,True,EXACT
قاسم,SalesLast12M,416644040.0,416644040000000.0000,416643623355960.0,False,LOGIC_DIFFERENCE
قاسم,SalesPrev12M,198808270.0,198808270000000.0000,198808071191730.0,False,LOGIC_DIFFERENCE
قاسم,SalesGrowth12M,109.57,109.57077892182252,0.00077892182252981,True,FLOAT_PRECISION
قاسم,TTMNetProfit,16434370.0,6093738000000.000000,6093721565630.0,False,LOGIC_DIFFERENCE
قاسم,PEApprox,5.38,2.936128858838368174017327296,2.443871141161632,False,LOGIC_DIFFERENCE
قاسم,QuantScore,48.85,31.34,17.51,False,LOGIC_DIFFERENCE
قاسم,OperatingMargin12M,5.74,6.258047144977466,0.5180471449774657,False,LOGIC_DIFFERENCE
قاسم,NetProfitMargin12M,4.61,6.452050016866685,1.8420500168666845,False,LOGIC_DIFFERENCE
قاسم,ROE,26.72,47.892159259043275,21.172159259043276,False,LOGIC_DIFFERENCE
قثابت,SalesLast12M,14937613.0,14937613000000.0000,14937598062387.0,False,LOGIC_DIFFERENCE
قثابت,SalesPrev12M,10442737.0,10442737000000.0000,10442726557263.0,False,LOGIC_DIFFERENCE
قثابت,SalesGrowth12M,43.04,43.043083436842274,0.003083436842274523,True,FLOAT_PRECISION
قثابت,TTMNetProfit,1350648.0,1350648000000.000000,1350646649352.0,False,LOGIC_DIFFERENCE
قثابت,PEApprox,17.92,17.51298705510243971782433321,0.4070129448975628,False,LOGIC_DIFFERENCE
قثابت,QuantScore,11.21,18.9,7.689999999999998,False,LOGIC_DIFFERENCE
قثابت,OperatingMargin12M,3.42,16.721142158788037,13.301142158788037,False,LOGIC_DIFFERENCE
قثابت,NetProfitMargin12M,8.79,8.785688721868874,0.004311278131124752,True,FLOAT_PRECISION
قثابت,ROE,14.07,14.072237418735352,0.0022374187353513264,True,FLOAT_PRECISION
قرن,SalesLast12M,218024122.0,218024122000000.0000,218023903975878.0,False,LOGIC_DIFFERENCE
قرن,SalesPrev12M,108688965.0,108688965000000.0000,108688856311035.0,False,LOGIC_DIFFERENCE
قرن,SalesGrowth12M,100.59,100.59453321687256,0.004533216872559365,True,FLOAT_PRECISION
قرن,TTMNetProfit,40284000000.0,,,False,NULL_SEMANTICS
قرن,PEApprox,9.71,,,False,NULL_SEMANTICS
قرن,QuantScore,39.06,14.19,24.870000000000005,False,LOGIC_DIFFERENCE
قرن,OperatingMargin12M,25.73,0.003567447932530471,25.72643255206747,False,LOGIC_DIFFERENCE
قرن,NetProfitMargin12M,,,,True,EXACT
قرن,ROE,,,,True,EXACT
قزوین,SalesLast12M,36373555.0,36373555000000.0000,36373518626445.0,False,LOGIC_DIFFERENCE
قزوین,SalesPrev12M,23771958.0,23771958000000.0000,23771934228042.0,False,LOGIC_DIFFERENCE
قزوین,SalesGrowth12M,53.01,53.0103452143067,0.00034521430670508835,True,FLOAT_PRECISION
قزوین,TTMNetProfit,5712000000.0,,,False,NULL_SEMANTICS
قزوین,PEApprox,8.79,,,False,NULL_SEMANTICS
قزوین,QuantScore,29.11,12.22,16.89,False,LOGIC_DIFFERENCE
قزوین,OperatingMargin12M,,,,True,EXACT
قزوین,NetProfitMargin12M,,,,True,EXACT
قزوین,ROE,,,,True,EXACT
قشکر,SalesLast12M,,,,True,EXACT
قشکر,SalesPrev12M,,,,True,EXACT
قشکر,SalesGrowth12M,,,,True,EXACT
قشکر,TTMNetProfit,750328365.0,,,False,NULL_SEMANTICS
قشکر,PEApprox,17.02,,,False,NULL_SEMANTICS
قشکر,QuantScore,21.83,12.0,9.829999999999998,False,LOGIC_DIFFERENCE
قشکر,OperatingMargin12M,,,,True,EXACT
قشکر,NetProfitMargin12M,,,,True,EXACT
قشکر,ROE,,,,True,EXACT
قصفها,SalesLast12M,88459330.0,88459330000000.0000,88459241540670.0,False,LOGIC_DIFFERENCE
قصفها,SalesPrev12M,30851400.0,30851400000000.0000,30851369148600.0,False,LOGIC_DIFFERENCE
قصفها,SalesGrowth12M,186.73,186.72711773209645,0.002882267903544289,True,FLOAT_PRECISION
قصفها,TTMNetProfit,5675903676.0,,,False,NULL_SEMANTICS
قصفها,PEApprox,12.2,,,False,NULL_SEMANTICS
قصفها,QuantScore,36.37,15.22,21.15,False,LOGIC_DIFFERENCE
قصفها,OperatingMargin12M,7.31,,,False,NULL_SEMANTICS
قصفها,NetProfitMargin12M,,,,True,EXACT
قصفها,ROE,,,,True,EXACT
قلرست,SalesLast12M,25207063.0,25207063000000.0000,25207037792937.0,False,LOGIC_DIFFERENCE
قلرست,SalesPrev12M,10104936.0,10104936000000.0000,10104925895064.0,False,LOGIC_DIFFERENCE
قلرست,SalesGrowth12M,149.45,149.45297031074713,0.002970310747144822,True,FLOAT_PRECISION
قلرست,TTMNetProfit,,,,True,EXACT
قلرست,PEApprox,,,,True,EXACT
قلرست,QuantScore,39.34,15.03,24.310000000000002,False,LOGIC_DIFFERENCE
قلرست,OperatingMargin12M,,,,True,EXACT
قلرست,NetProfitMargin12M,,,,True,EXACT
قلرست,ROE,,,,True,EXACT
قنیشا,SalesLast12M,14599356.0,14599356000000.0000,14599341400644.0,False,LOGIC_DIFFERENCE
قنیشا,SalesPrev12M,11143411.0,11143411000000.0000,11143399856589.0,False,LOGIC_DIFFERENCE
قنیشا,SalesGrowth12M,31.01,31.013349503127902,0.0033495031279002774,True,FLOAT_PRECISION
قنیشا,TTMNetProfit,668000000.0,,,False,NULL_SEMANTICS
قنیشا,PEApprox,20.3,,,False,NULL_SEMANTICS
قنیشا,QuantScore,21.85,11.36,10.490000000000002,False,LOGIC_DIFFERENCE
قنیشا,OperatingMargin12M,,,,True,EXACT
قنیشا,NetProfitMargin12M,,,,True,EXACT
قنیشا,ROE,,,,True,EXACT
کاذر,SalesLast12M,12048061.0,12048061000000.0000,12048048951939.0,False,LOGIC_DIFFERENCE
کاذر,SalesPrev12M,7666478.0,7666478000000.0000,7666470333522.0,False,LOGIC_DIFFERENCE
کاذر,SalesGrowth12M,57.15,57.15248905690462,0.002489056904622089,True,FLOAT_PRECISION
کاذر,TTMNetProfit,2443000000.0,,,False,NULL_SEMANTICS
کاذر,PEApprox,8.2,,,False,NULL_SEMANTICS
کاذر,QuantScore,35.26,12.36,22.9,False,LOGIC_DIFFERENCE
کاذر,OperatingMargin12M,,,,True,EXACT
کاذر,NetProfitMargin12M,,,,True,EXACT
کاذر,ROE,,,,True,EXACT
کاسپین,SalesLast12M,83372322.0,83372322000000.0000,83372238627678.0,False,LOGIC_DIFFERENCE
کاسپین,SalesPrev12M,34093682.0,34093682000000.0000,34093647906318.0,False,LOGIC_DIFFERENCE
کاسپین,SalesGrowth12M,144.54,144.5389207302397,0.0010792697602823864,True,FLOAT_PRECISION
کاسپین,TTMNetProfit,30419105.0,30419105000000.000000,30419074580895.0,False,LOGIC_DIFFERENCE
کاسپین,PEApprox,9.32,0.5282699803297960278581503302,8.791730019670204,False,LOGIC_DIFFERENCE
کاسپین,QuantScore,60.11,43.38,16.729999999999997,False,LOGIC_DIFFERENCE
کاسپین,OperatingMargin12M,64.34,47.16044677104045,17.179553228959556,False,LOGIC_DIFFERENCE
کاسپین,NetProfitMargin12M,45.95,45.9474556504889,0.0025443495111048264,True,FLOAT_PRECISION
کاسپین,ROE,104.43,104.43140337140031,0.001403371400300557,True,FLOAT_PRECISION
کالا,SalesLast12M,62740203.0,62740203000000.0000,62740140259797.0,False,LOGIC_DIFFERENCE
کالا,SalesPrev12M,23334119.0,23334119000000.0000,23334095665881.0,False,LOGIC_DIFFERENCE
کالا,SalesGrowth12M,168.88,168.87753079514167,0.0024692048583290216,True,FLOAT_PRECISION
کالا,TTMNetProfit,54884699.0,54884699000000.000000,54884644115301.0,False,LOGIC_DIFFERENCE
کالا,PEApprox,5.78,0.4974063900760392254314813679,5.282593609923961,False,LOGIC_DIFFERENCE
کالا,QuantScore,56.21,43.69,12.520000000000003,False,LOGIC_DIFFERENCE
کالا,OperatingMargin12M,69.58,51.010689937712996,18.569310062287002,False,LOGIC_DIFFERENCE
کالا,NetProfitMargin12M,100.3,100.30053776806989,0.0005377680698899212,True,FLOAT_PRECISION
کالا,ROE,61.28,61.27849810506775,0.0015018949322538333,True,FLOAT_PRECISION
کاما,SalesLast12M,39451493.0,39451493000000.0000,39451453548507.0,False,LOGIC_DIFFERENCE
کاما,SalesPrev12M,8990531.0,8990531000000.0000,8990522009469.0,False,LOGIC_DIFFERENCE
کاما,SalesGrowth12M,338.81,338.81160078309057,0.0016007830905664377,True,FLOAT_PRECISION
کاما,TTMNetProfit,35296359.0,25545298000000.000000,25545262703641.0,False,LOGIC_DIFFERENCE
کاما,PEApprox,6.07,1.972965827214072820759421166,4.097034172785928,False,LOGIC_DIFFERENCE
کاما,QuantScore,53.79,39.92,13.869999999999997,False,LOGIC_DIFFERENCE
کاما,OperatingMargin12M,68.01,6.654464677859621,61.35553532214038,False,LOGIC_DIFFERENCE
کاما,NetProfitMargin12M,74.55,84.52287007664575,9.972870076645748,False,LOGIC_DIFFERENCE
کاما,ROE,43.79,105.40350793801495,61.613507938014955,False,LOGIC_DIFFERENCE
کاوه,SalesLast12M,,,,True,EXACT
کاوه,SalesPrev12M,,,,True,EXACT
کاوه,SalesGrowth12M,,,,True,EXACT
کاوه,TTMNetProfit,25315000000.0,,,False,NULL_SEMANTICS
کاوه,PEApprox,17.16,,,False,NULL_SEMANTICS
کاوه,QuantScore,19.46,12.0,7.460000000000001,False,LOGIC_DIFFERENCE
کاوه,OperatingMargin12M,,,,True,EXACT
کاوه,NetProfitMargin12M,,,,True,EXACT
کاوه,ROE,,,,True,EXACT
کبافق,SalesLast12M,,,,True,EXACT
کبافق,SalesPrev12M,,,,True,EXACT
کبافق,SalesGrowth12M,,,,True,EXACT
کبافق,TTMNetProfit,2900205000.0,,,False,NULL_SEMANTICS
کبافق,PEApprox,17.47,,,False,NULL_SEMANTICS
کبافق,QuantScore,17.62,12.0,5.620000000000001,False,LOGIC_DIFFERENCE
کبافق,OperatingMargin12M,,,,True,EXACT
کبافق,NetProfitMargin12M,,,,True,EXACT
کبافق,ROE,,,,True,EXACT
کپارس,SalesLast12M,25746478.0,25746478000000.0000,25746452253522.0,False,LOGIC_DIFFERENCE
کپارس,SalesPrev12M,13932419.0,13932419000000.0000,13932405067581.0,False,LOGIC_DIFFERENCE
کپارس,SalesGrowth12M,84.8,84.7954615777777,0.00453842222229639,True,FLOAT_PRECISION
کپارس,TTMNetProfit,6728294.0,6728294000000.000000,6728287271706.0,False,LOGIC_DIFFERENCE
کپارس,PEApprox,6.82,0.3313148102624528595212991585,6.488685189737548,False,LOGIC_DIFFERENCE
کپارس,QuantScore,53.27,34.24,19.03,False,LOGIC_DIFFERENCE
کپارس,OperatingMargin12M,25.22,11.071314398892497,14.148685601107502,False,LOGIC_DIFFERENCE
کپارس,NetProfitMargin12M,24.95,24.949795736181677,0.00020426381832194807,True,FLOAT_PRECISION
کپارس,ROE,37.17,37.17135888527922,0.0013588852792167927,True,FLOAT_PRECISION
کپرور,SalesLast12M,36371547.0,36371547000000.0000,36371510628453.0,False,LOGIC_DIFFERENCE
کپرور,SalesPrev12M,21003750.0,21003750000000.0000,21003728996250.0,False,LOGIC_DIFFERENCE
کپرور,SalesGrowth12M,73.17,73.16692019282272,0.0030798071772863977,True,FLOAT_PRECISION
کپرور,TTMNetProfit,4440071.0,4440071000000.000000,4440066559929.0,False,LOGIC_DIFFERENCE
کپرور,PEApprox,7.41,1.541326704009913354989143191,5.868673295990087,False,LOGIC_DIFFERENCE
کپرور,QuantScore,54.73,29.24,25.49,False,LOGIC_DIFFERENCE
کپرور,OperatingMargin12M,17.06,9.52985881495259,7.530141185047409,False,LOGIC_DIFFERENCE
کپرور,NetProfitMargin12M,14.2,14.195880645118283,0.0041193548817162196,True,FLOAT_PRECISION
کپرور,ROE,40.13,40.126619148712926,0.003380851287076325,True,FLOAT_PRECISION
کپشیر,SalesLast12M,22072650.0,22072650000000.0000,22072627927350.0,False,LOGIC_DIFFERENCE
کپشیر,SalesPrev12M,12393378.0,12393378000000.0000,12393365606622.0,False,LOGIC_DIFFERENCE
کپشیر,SalesGrowth12M,78.1,78.10035326930236,0.00035326930236578846,True,FLOAT_PRECISION
کپشیر,TTMNetProfit,9190016.0,9190016000000.000000,9190006809984.0,False,LOGIC_DIFFERENCE
کپشیر,PEApprox,18.16,7.567995529061102831594634873,10.592004470938896,False,LOGIC_DIFFERENCE
کپشیر,QuantScore,48.75,29.2,19.55,False,LOGIC_DIFFERENCE
کپشیر,OperatingMargin12M,46.56,36.623882026882264,9.936117973117739,False,LOGIC_DIFFERENCE
کپشیر,NetProfitMargin12M,43.44,43.44289701125207,0.0028970112520738667,True,FLOAT_PRECISION
کپشیر,ROE,51.99,51.98718549221766,0.0028145077823396036,True,FLOAT_PRECISION
کچاد,SalesLast12M,963146213.0,963146213000000.0000,963145249853787.0,False,LOGIC_DIFFERENCE
کچاد,SalesPrev12M,690849047.0,690849047000000.0000,690848356150953.0,False,LOGIC_DIFFERENCE
کچاد,SalesGrowth12M,39.41,39.41485729515669,0.00485729515669675,True,FLOAT_PRECISION
کچاد,TTMNetProfit,136622000000.0,,,False,NULL_SEMANTICS
کچاد,PEApprox,10.44,,,False,NULL_SEMANTICS
کچاد,QuantScore,26.86,11.61,15.25,False,LOGIC_DIFFERENCE
کچاد,OperatingMargin12M,,,,True,EXACT
کچاد,NetProfitMargin12M,,,,True,EXACT
کچاد,ROE,,,,True,EXACT
کحافظ,SalesLast12M,37256135.0,37256135000000.0000,37256097743865.0,False,LOGIC_DIFFERENCE
کحافظ,SalesPrev12M,22597710.0,22597710000000.0000,22597687402290.0,False,LOGIC_DIFFERENCE
کحافظ,SalesGrowth12M,64.87,64.86686040311164,0.0031395968883600744,True,FLOAT_PRECISION
کحافظ,TTMNetProfit,8527596.0,8527596000000.000000,8527587472404.0,False,LOGIC_DIFFERENCE
کحافظ,PEApprox,6.41,1.477089592424406597123034440,4.932910407575593,False,LOGIC_DIFFERENCE
کحافظ,QuantScore,45.98,29.68,16.299999999999997,False,LOGIC_DIFFERENCE
کحافظ,OperatingMargin12M,29.01,23.744714212209843,5.265285787790159,False,LOGIC_DIFFERENCE
کحافظ,NetProfitMargin12M,24.6,24.604459810008677,0.004459810008675902,True,FLOAT_PRECISION
کحافظ,ROE,22.07,22.066721406528245,0.003278593471755187,True,FLOAT_PRECISION
کخاک,SalesLast12M,32260116.0,32260116000000.0000,32260083739884.0,False,LOGIC_DIFFERENCE
کخاک,SalesPrev12M,18795236.0,18795236000000.0000,18795217204764.0,False,LOGIC_DIFFERENCE
کخاک,SalesGrowth12M,71.64,71.63985597201334,0.00014402798666424133,True,FLOAT_PRECISION
کخاک,TTMNetProfit,14130932.0,14130932000000.000000,14130917869068.0,False,LOGIC_DIFFERENCE
کخاک,PEApprox,14.9,6.387052177450149784883261770,8.512947822549851,False,LOGIC_DIFFERENCE
کخاک,QuantScore,50.75,31.46,19.29,False,LOGIC_DIFFERENCE
کخاک,OperatingMargin12M,56.73,45.527890190202775,11.202109809797221,False,LOGIC_DIFFERENCE
کخاک,NetProfitMargin12M,44.74,44.74276191866347,0.002761918663466645,True,FLOAT_PRECISION
کخاک,ROE,67.42,67.41779995924665,0.002200040753351118,True,FLOAT_PRECISION
کرازی,SalesLast12M,27285883.0,27285883000000.0000,27285855714117.0,False,LOGIC_DIFFERENCE
کرازی,SalesPrev12M,11719763.0,11719763000000.0000,11719751280237.0,False,LOGIC_DIFFERENCE
کرازی,SalesGrowth12M,132.82,132.81940940273282,0.0005905972671769177,True,FLOAT_PRECISION
کرازی,TTMNetProfit,10773000000.0,,,False,NULL_SEMANTICS
کرازی,PEApprox,7.08,,,False,NULL_SEMANTICS
کرازی,QuantScore,39.32,14.92,24.4,False,LOGIC_DIFFERENCE
کرازی,OperatingMargin12M,,,,True,EXACT
کرازی,NetProfitMargin12M,,,,True,EXACT
کرازی,ROE,,,,True,EXACT
کربن,SalesLast12M,,,,True,EXACT
کربن,SalesPrev12M,,,,True,EXACT
کربن,SalesGrowth12M,,,,True,EXACT
کربن,TTMNetProfit,3709000000.0,,,False,NULL_SEMANTICS
کربن,PEApprox,2.5,,,False,NULL_SEMANTICS
کربن,QuantScore,27.08,12.8,14.279999999999998,False,LOGIC_DIFFERENCE
کربن,OperatingMargin12M,59.91,59.907816677832166,0.0021833221678306813,True,FLOAT_PRECISION
کربن,NetProfitMargin12M,,,,True,EXACT
کربن,ROE,,,,True,EXACT
کرماشا,SalesLast12M,162304047.0,162304047000000.0000,162303884695953.0,False,LOGIC_DIFFERENCE
کرماشا,SalesPrev12M,82005771.0,82005771000000.0000,82005688994229.0,False,LOGIC_DIFFERENCE
کرماشا,SalesGrowth12M,97.92,97.91783556306055,0.00216443693945223,True,FLOAT_PRECISION
کرماشا,TTMNetProfit,70740935.0,70740935000000.000000,70740864259065.0,False,LOGIC_DIFFERENCE
کرماشا,PEApprox,4.37,1.436805436625908323094683439,2.9331945633740917,False,LOGIC_DIFFERENCE
کرماشا,QuantScore,57.86,37.01,20.85,False,LOGIC_DIFFERENCE
کرماشا,OperatingMargin12M,56.38,51.11183547655822,5.268164523441783,False,LOGIC_DIFFERENCE
کرماشا,NetProfitMargin12M,46.02,46.01774143278592,0.0022585672140849056,True,FLOAT_PRECISION
کرماشا,ROE,43.97,43.97071777860433,0.0007177786043328638,True,FLOAT_PRECISION
کروی,SalesLast12M,,,,True,EXACT
کروی,SalesPrev12M,,,,True,EXACT
کروی,SalesGrowth12M,,,,True,EXACT
کروی,TTMNetProfit,10930000000.0,,,False,NULL_SEMANTICS
کروی,PEApprox,,,,True,EXACT
کروی,QuantScore,10.23,12.0,1.7699999999999996,False,LOGIC_DIFFERENCE
کروی,OperatingMargin12M,,,,True,EXACT
کروی,NetProfitMargin12M,,,,True,EXACT
کروی,ROE,,,,True,EXACT
کزغال,SalesLast12M,,,,True,EXACT
کزغال,SalesPrev12M,,,,True,EXACT
کزغال,SalesGrowth12M,,,,True,EXACT
کزغال,TTMNetProfit,2233000000.0,,,False,NULL_SEMANTICS
کزغال,PEApprox,36.95,,,False,NULL_SEMANTICS
کزغال,QuantScore,22.3,12.0,10.3,False,LOGIC_DIFFERENCE
کزغال,OperatingMargin12M,,,,True,EXACT
کزغال,NetProfitMargin12M,,,,True,EXACT
کزغال,ROE,,,,True,EXACT
کساپا,SalesLast12M,,,,True,EXACT
کساپا,SalesPrev12M,,,,True,EXACT
کساپا,SalesGrowth12M,,,,True,EXACT
کساپا,TTMNetProfit,220100000.0,,,False,NULL_SEMANTICS
کساپا,PEApprox,55.16,,,False,NULL_SEMANTICS
کساپا,QuantScore,17.36,12.0,5.359999999999999,False,LOGIC_DIFFERENCE
کساپا,OperatingMargin12M,,,,True,EXACT
کساپا,NetProfitMargin12M,,,,True,EXACT
کساپا,ROE,,,,True,EXACT
کسرا,SalesLast12M,14200610.0,14200610000000.0000,14200595799390.0,False,LOGIC_DIFFERENCE
کسرا,SalesPrev12M,6107025.0,6107025000000.0000,6107018892975.0,False,LOGIC_DIFFERENCE
کسرا,SalesGrowth12M,132.53,132.52909559073362,0.0009044092663827996,True,FLOAT_PRECISION
کسرا,TTMNetProfit,3725359.0,3725359000000.000000,3725355274641.0,False,LOGIC_DIFFERENCE
کسرا,PEApprox,4.15,4.156777910531575614591774914,0.00677791053157506,True,FLOAT_PRECISION
کسرا,QuantScore,46.76,32.12,14.64,False,LOGIC_DIFFERENCE
کسرا,OperatingMargin12M,38.43,41.35266784583045,2.9226678458304534,False,LOGIC_DIFFERENCE
کسرا,NetProfitMargin12M,28.81,28.807819939168386,0.002180060831612707,True,FLOAT_PRECISION
کسرا,ROE,15.43,15.426257009057094,0.003742990942905422,True,FLOAT_PRECISION
کصدف,SalesLast12M,,,,True,EXACT
کصدف,SalesPrev12M,,,,True,EXACT
کصدف,SalesGrowth12M,,,,True,EXACT
کصدف,TTMNetProfit,1258272000.0,,,False,NULL_SEMANTICS
کصدف,PEApprox,13.42,,,False,NULL_SEMANTICS
کصدف,QuantScore,18.36,11.31,7.049999999999999,False,LOGIC_DIFFERENCE
کصدف,OperatingMargin12M,30.86,0.0001039859910072915,30.859896014008992,False,LOGIC_DIFFERENCE
کصدف,NetProfitMargin12M,,,,True,EXACT
کصدف,ROE,,,,True,EXACT
کطبس,SalesLast12M,13727052.0,13727052000000.0000,13727038272948.0,False,LOGIC_DIFFERENCE
کطبس,SalesPrev12M,7569902.0,7569902000000.0000,7569894430098.0,False,LOGIC_DIFFERENCE
کطبس,SalesGrowth12M,81.34,81.33724848749694,0.002751512503067488,True,FLOAT_PRECISION
کطبس,TTMNetProfit,3712289.0,3712289000000.000000,3712285287711.0,False,LOGIC_DIFFERENCE
کطبس,PEApprox,9.66,0.9174528168469642315024503748,8.742547183153036,False,LOGIC_DIFFERENCE
کطبس,QuantScore,49.49,33.79,15.700000000000003,False,LOGIC_DIFFERENCE
کطبس,OperatingMargin12M,43.31,36.82086613299038,6.48913386700962,False,LOGIC_DIFFERENCE
کطبس,NetProfitMargin12M,32.97,32.971717762041244,0.0017177620412454075,True,FLOAT_PRECISION
کطبس,ROE,45.09,45.09307253297417,0.0030725329741656537,True,FLOAT_PRECISION
کفرا,SalesLast12M,21748176.0,21748176000000.0000,21748154251824.0,False,LOGIC_DIFFERENCE
کفرا,SalesPrev12M,12128329.0,12128329000000.0000,12128316871671.0,False,LOGIC_DIFFERENCE
کفرا,SalesGrowth12M,79.32,79.3171672701161,0.002832729883891716,True,FLOAT_PRECISION
کفرا,TTMNetProfit,-1371368032.0,,,False,NULL_SEMANTICS
کفرا,PEApprox,,,,True,EXACT
کفرا,QuantScore,23.75,13.11,10.64,False,LOGIC_DIFFERENCE
کفرا,OperatingMargin12M,,,,True,EXACT
کفرا,NetProfitMargin12M,,,,True,EXACT
کفرا,ROE,,,,True,EXACT
کگاز,SalesLast12M,,,,True,EXACT
کگاز,SalesPrev12M,,,,True,EXACT
کگاز,SalesGrowth12M,,,,True,EXACT
کگاز,TTMNetProfit,5456150000.0,,,False,NULL_SEMANTICS
کگاز,PEApprox,8.3,,,False,NULL_SEMANTICS
کگاز,QuantScore,21.47,12.0,9.469999999999999,False,LOGIC_DIFFERENCE
کگاز,OperatingMargin12M,,,,True,EXACT
کگاز,NetProfitMargin12M,,,,True,EXACT
کگاز,ROE,,,,True,EXACT
کگل,SalesLast12M,1362687879.0,1362687879000000.0000,1362686516312121.0,False,LOGIC_DIFFERENCE
کگل,SalesPrev12M,937228933.0,937228933000000.0000,937227995771067.0,False,LOGIC_DIFFERENCE
کگل,SalesGrowth12M,45.4,45.395413118344266,0.004586881655733066,True,FLOAT_PRECISION
کگل,TTMNetProfit,158008844.0,158008844000000.000000,158008685991156.0,False,LOGIC_DIFFERENCE
کگل,PEApprox,10.48,1.327824409626083967806257731,9.152175590373917,False,LOGIC_DIFFERENCE
کگل,QuantScore,21.46,28.47,7.009999999999998,False,LOGIC_DIFFERENCE
کگل,OperatingMargin12M,16.58,17.96202399216903,1.3820239921690316,False,LOGIC_DIFFERENCE
کگل,NetProfitMargin12M,15.39,15.38652911001865,0.003470889981350922,True,FLOAT_PRECISION
کگل,ROE,20.88,20.881517800288744,0.0015178002887452635,True,FLOAT_PRECISION
کلر,SalesLast12M,21575601.0,21575601000000.0000,21575579424399.0,False,LOGIC_DIFFERENCE
کلر,SalesPrev12M,11829152.0,11829152000000.0000,11829140170848.0,False,LOGIC_DIFFERENCE
کلر,SalesGrowth12M,82.39,82.39347165375844,0.0034716537584387197,True,FLOAT_PRECISION
کلر,TTMNetProfit,11076070.0,11076070000000.000000,11076058923930.0,False,LOGIC_DIFFERENCE
کلر,PEApprox,7.34,0.3258421082568095001205301159,7.01415789174319,False,LOGIC_DIFFERENCE
کلر,QuantScore,45.53,38.6,6.93,False,LOGIC_DIFFERENCE
کلر,OperatingMargin12M,65.27,61.00226514827166,4.267734851728335,False,LOGIC_DIFFERENCE
کلر,NetProfitMargin12M,54.7,54.69575063715011,0.0042493628498903036,True,FLOAT_PRECISION
کلر,ROE,50.58,50.580881862694504,0.0008818626945057417,True,FLOAT_PRECISION
کلوند,SalesLast12M,28750462.0,28750462000000.0000,28750433249538.0,False,LOGIC_DIFFERENCE
کلوند,SalesPrev12M,17092310.0,17092310000000.0000,17092292907690.0,False,LOGIC_DIFFERENCE
کلوند,SalesGrowth12M,68.21,68.20700069212413,0.002999307875867885,True,FLOAT_PRECISION
کلوند,TTMNetProfit,5411748020.0,,,False,NULL_SEMANTICS
کلوند,PEApprox,6.88,,,False,NULL_SEMANTICS
کلوند,QuantScore,32.1,12.04,20.060000000000002,False,LOGIC_DIFFERENCE
کلوند,OperatingMargin12M,24.18,1.2843044130240797e-05,24.17998715695587,False,LOGIC_DIFFERENCE
کلوند,NetProfitMargin12M,,,,True,EXACT
کلوند,ROE,,,,True,EXACT
کماسه,SalesLast12M,5437020.0,5437020000000.0000,5437014562980.0,False,LOGIC_DIFFERENCE
کماسه,SalesPrev12M,4289170.0,4289170000000.0000,4289165710830.0,False,LOGIC_DIFFERENCE
کماسه,SalesGrowth12M,26.76,26.7615879062849,0.0015879062848966896,True,FLOAT_PRECISION
کماسه,TTMNetProfit,1322913.0,1322913000000.000000,1322911677087.0,False,LOGIC_DIFFERENCE
کماسه,PEApprox,24.54,7.636481597807263213831899754,16.903518402192738,False,LOGIC_DIFFERENCE
کماسه,QuantScore,24.67,20.86,3.8100000000000023,False,LOGIC_DIFFERENCE
کماسه,OperatingMargin12M,26.8,18.43406699631595,8.365933003684052,False,LOGIC_DIFFERENCE
کماسه,NetProfitMargin12M,23.79,23.79145231820058,0.0014523182005810042,True,FLOAT_PRECISION
کماسه,ROE,22.21,22.214510908579513,0.004510908579511863,True,FLOAT_PRECISION
کمنگنز,SalesLast12M,14675881.0,14675881000000.0000,14675866324119.0,False,LOGIC_DIFFERENCE
کمنگنز,SalesPrev12M,6829017.0,6829017000000.0000,6829010170983.0,False,LOGIC_DIFFERENCE
کمنگنز,SalesGrowth12M,114.9,114.90473665536344,0.004736655363430486,True,FLOAT_PRECISION
کمنگنز,TTMNetProfit,5925358.0,5925358000000.000000,5925352074642.0,False,LOGIC_DIFFERENCE
کمنگنز,PEApprox,7.18,2.360363711357187194427745969,4.819636288642812,False,LOGIC_DIFFERENCE
کمنگنز,QuantScore,60.68,35.12,25.560000000000002,False,LOGIC_DIFFERENCE
کمنگنز,OperatingMargin12M,45.52,32.12155977736933,13.398440222630676,False,LOGIC_DIFFERENCE
کمنگنز,NetProfitMargin12M,44.66,44.65876845869027,0.0012315413097283567,True,FLOAT_PRECISION
کمنگنز,ROE,51.22,51.22143864159097,0.0014386415909726225,True,FLOAT_PRECISION
کنور,SalesLast12M,109462677.0,109462677000000.0000,109462567537323.0,False,LOGIC_DIFFERENCE
کنور,SalesPrev12M,74672082.0,74672082000000.0000,74672007327918.0,False,LOGIC_DIFFERENCE
کنور,SalesGrowth12M,46.59,46.59116776735916,0.0011677673591563575,True,FLOAT_PRECISION
کنور,TTMNetProfit,49851600000.0,,,False,NULL_SEMANTICS
کنور,PEApprox,8.41,,,False,NULL_SEMANTICS
کنور,QuantScore,30.7,11.86,18.84,False,LOGIC_DIFFERENCE
کنور,OperatingMargin12M,,,,True,EXACT
کنور,NetProfitMargin12M,,,,True,EXACT
کنور,ROE,,,,True,EXACT
کهمدا,SalesLast12M,32764611.0,32764611000000.0000,32764578235389.0,False,LOGIC_DIFFERENCE
کهمدا,SalesPrev12M,24060194.0,24060194000000.0000,24060169939806.0,False,LOGIC_DIFFERENCE
کهمدا,SalesGrowth12M,36.18,36.1776675616165,0.0023324383834975038,True,FLOAT_PRECISION
کهمدا,TTMNetProfit,23743500000.0,16193472000000.000000,16169728500000.0,False,LOGIC_DIFFERENCE
کهمدا,PEApprox,3.86,5.624488682847013907826561221,1.764488682847014,False,LOGIC_DIFFERENCE
کهمدا,QuantScore,47.26,28.26,18.999999999999996,False,LOGIC_DIFFERENCE
کهمدا,OperatingMargin12M,52.46,52.458166540414986,0.0018334595850149071,True,FLOAT_PRECISION
کهمدا,NetProfitMargin12M,53.95,53.948097399712864,0.0019026002871385117,True,FLOAT_PRECISION
کهمدا,ROE,,45.60859592060421,,False,NULL_SEMANTICS
کیمیا,SalesLast12M,32538739.0,32538739000000.0000,32538706461261.0,False,LOGIC_DIFFERENCE
کیمیا,SalesPrev12M,11537580.0,11537580000000.0000,11537568462420.0,False,LOGIC_DIFFERENCE
کیمیا,SalesGrowth12M,182.02,182.02395129654573,0.003951296545722016,True,FLOAT_PRECISION
کیمیا,TTMNetProfit,29523564.0,29523564000000.000000,29523534476436.0,False,LOGIC_DIFFERENCE
کیمیا,PEApprox,3.14,0.04822832365360767419543250266,3.0917716763463923,False,LOGIC_DIFFERENCE
کیمیا,QuantScore,69.26,44.4,24.860000000000007,False,LOGIC_DIFFERENCE
کیمیا,OperatingMargin12M,38.7,29.616897525849957,9.083102474150046,False,LOGIC_DIFFERENCE
کیمیا,NetProfitMargin12M,29.97,29.965842758586362,0.004157241413636825,True,FLOAT_PRECISION
کیمیا,ROE,86.45,86.45469180441401,0.004691804414008516,True,FLOAT_PRECISION
کیمیاتک,SalesLast12M,98709971.0,98709971000000.0000,98709872290029.0,False,LOGIC_DIFFERENCE
کیمیاتک,SalesPrev12M,50412265.0,50412265000000.0000,50412214587735.0,False,LOGIC_DIFFERENCE
کیمیاتک,SalesGrowth12M,95.81,95.8054671814488,0.004532818551197693,True,FLOAT_PRECISION
کیمیاتک,TTMNetProfit,29865000000.0,,,False,NULL_SEMANTICS
کیمیاتک,PEApprox,9.94,,,False,NULL_SEMANTICS
کیمیاتک,QuantScore,38.72,13.83,24.89,False,LOGIC_DIFFERENCE
کیمیاتک,OperatingMargin12M,,,,True,EXACT
کیمیاتک,NetProfitMargin12M,,,,True,EXACT
کیمیاتک,ROE,,,,True,EXACT
گشان,SalesLast12M,,,,True,EXACT
گشان,SalesPrev12M,,,,True,EXACT
گشان,SalesGrowth12M,,,,True,EXACT
گشان,TTMNetProfit,4683920232.0,,,False,NULL_SEMANTICS
گشان,PEApprox,,,,True,EXACT
گشان,QuantScore,17.44,12.0,5.440000000000001,False,LOGIC_DIFFERENCE
گشان,OperatingMargin12M,,,,True,EXACT
گشان,NetProfitMargin12M,,,,True,EXACT
گشان,ROE,,,,True,EXACT
مادیرا,SalesLast12M,,,,True,EXACT
مادیرا,SalesPrev12M,,,,True,EXACT
مادیرا,SalesGrowth12M,,,,True,EXACT
مادیرا,TTMNetProfit,11235394.0,13098355000000.000000,13098343764606.0,False,LOGIC_DIFFERENCE
مادیرا,PEApprox,6.25,0.7255872970308103574838214417,5.524412702969189,False,LOGIC_DIFFERENCE
مادیرا,QuantScore,28.52,28.62,0.10000000000000142,False,LOGIC_DIFFERENCE
مادیرا,OperatingMargin12M,25.93,4.316883702895199,21.613116297104803,False,LOGIC_DIFFERENCE
مادیرا,NetProfitMargin12M,12.27,11.221921464562765,1.0480785354372344,False,LOGIC_DIFFERENCE
مادیرا,ROE,20.81,24.263764835103398,3.4537648351033994,False,LOGIC_DIFFERENCE
مبین,SalesLast12M,705466162.0,705466162000000.0000,705465456533838.0,False,LOGIC_DIFFERENCE
مبین,SalesPrev12M,624239526.0,624239526000000.0000,624238901760474.0,False,LOGIC_DIFFERENCE
مبین,SalesGrowth12M,13.01,13.012094335083805,0.002094335083805632,True,FLOAT_PRECISION
مبین,TTMNetProfit,131505484320.0,,,False,NULL_SEMANTICS
مبین,PEApprox,5.49,,,False,NULL_SEMANTICS
مبین,QuantScore,30.13,10.89,19.24,False,LOGIC_DIFFERENCE
مبین,OperatingMargin12M,24.27,,,False,NULL_SEMANTICS
مبین,NetProfitMargin12M,,,,True,EXACT
مبین,ROE,,,,True,EXACT
مثقال,SalesLast12M,,,,True,EXACT
مثقال,SalesPrev12M,,,,True,EXACT
مثقال,SalesGrowth12M,,,,True,EXACT
مثقال,TTMNetProfit,,,,True,EXACT
مثقال,PEApprox,,,,True,EXACT
مثقال,QuantScore,,12.0,,False,NULL_SEMANTICS
مثقال,OperatingMargin12M,,,,True,EXACT
مثقال,NetProfitMargin12M,,,,True,EXACT
مثقال,ROE,,,,True,EXACT
نان,SalesLast12M,62742476.0,62742476000000.0000,62742413257524.0,False,LOGIC_DIFFERENCE
نان,SalesPrev12M,37072009.0,37072009000000.0000,37071971927991.0,False,LOGIC_DIFFERENCE
نان,SalesGrowth12M,69.24,69.24487690969217,0.004876909692171694,True,FLOAT_PRECISION
نان,TTMNetProfit,8300000000.0,,,False,NULL_SEMANTICS
نان,PEApprox,7.37,,,False,NULL_SEMANTICS
نان,QuantScore,31.51,12.69,18.82,False,LOGIC_DIFFERENCE
نان,OperatingMargin12M,17.72,,,False,NULL_SEMANTICS
نان,NetProfitMargin12M,,,,True,EXACT
نان,ROE,,,,True,EXACT
نوری,SalesLast12M,2520852219.0,2520852219000000.0000,2520849698147781.0,False,LOGIC_DIFFERENCE
نوری,SalesPrev12M,1991984694.0,1991984694000000.0000,1991982702015306.0,False,LOGIC_DIFFERENCE
نوری,SalesGrowth12M,26.55,26.549778549653855,0.00022145034614595716,True,FLOAT_PRECISION
نوری,TTMNetProfit,359451651.0,359451651000000.000000,359451291548349.0,False,LOGIC_DIFFERENCE
نوری,PEApprox,8.31,1.260670242407649979051007336,7.049329757592351,False,LOGIC_DIFFERENCE
نوری,QuantScore,33.37,31.1,2.269999999999996,False,LOGIC_DIFFERENCE
نوری,OperatingMargin12M,20.96,19.231746138785116,1.7282538612148848,False,LOGIC_DIFFERENCE
نوری,NetProfitMargin12M,14.92,14.915872828258218,0.004127171741782121,True,FLOAT_PRECISION
نوری,ROE,65.79,65.78556092761266,0.00443907238734198,True,FLOAT_PRECISION
های وب3,SalesLast12M,9352833.0,9352833000000.0000,9352823647167.0,False,LOGIC_DIFFERENCE
های وب3,SalesPrev12M,15011464.0,15011464000000.0000,15011448988536.0,False,LOGIC_DIFFERENCE
های وب3,SalesGrowth12M,-37.7,-37.695397330999825,0.004602669000178139,True,FLOAT_PRECISION
های وب3,TTMNetProfit,-5497800000.0,,,False,NULL_SEMANTICS
های وب3,PEApprox,,,,True,EXACT
های وب3,QuantScore,5.43,10.5,5.07,False,LOGIC_DIFFERENCE
های وب3,OperatingMargin12M,,,,True,EXACT
های وب3,NetProfitMargin12M,,,,True,EXACT
های وب3,ROE,,,,True,EXACT
هجرت,SalesLast12M,447439022.0,447439022000000.0000,447438574560978.0,False,LOGIC_DIFFERENCE
هجرت,SalesPrev12M,231084668.0,231084668000000.0000,231084436915332.0,False,LOGIC_DIFFERENCE
هجرت,SalesGrowth12M,93.63,93.62557709800116,0.004422901998836437,True,FLOAT_PRECISION
هجرت,TTMNetProfit,18336750000.0,,,False,NULL_SEMANTICS
هجرت,PEApprox,9.12,,,False,NULL_SEMANTICS
هجرت,QuantScore,39.73,13.67,26.059999999999995,False,LOGIC_DIFFERENCE
هجرت,OperatingMargin12M,5.8,,,False,NULL_SEMANTICS
هجرت,NetProfitMargin12M,,,,True,EXACT
هجرت,ROE,,,,True,EXACT
وبصادر,SalesLast12M,,,,True,EXACT
وبصادر,SalesPrev12M,,,,True,EXACT
وبصادر,SalesGrowth12M,,,,True,EXACT
وبصادر,TTMNetProfit,144735484820.0,,,False,NULL_SEMANTICS
وبصادر,PEApprox,5.24,,,False,NULL_SEMANTICS
وبصادر,QuantScore,14.34,12.47,1.8699999999999992,False,LOGIC_DIFFERENCE
وبصادر,OperatingMargin12M,0.73,8.454806761954576e-08,0.7299999154519323,False,LOGIC_DIFFERENCE
وبصادر,NetProfitMargin12M,,,,True,EXACT
وبصادر,ROE,,,,True,EXACT
وبملت,SalesLast12M,,,,True,EXACT
وبملت,SalesPrev12M,,,,True,EXACT
وبملت,SalesGrowth12M,,,,True,EXACT
وبملت,TTMNetProfit,2862390000000.0,,,False,NULL_SEMANTICS
وبملت,PEApprox,1.75,,,False,NULL_SEMANTICS
وبملت,QuantScore,27.88,12.0,15.879999999999999,False,LOGIC_DIFFERENCE
وبملت,OperatingMargin12M,,,,True,EXACT
وبملت,NetProfitMargin12M,,,,True,EXACT
وبملت,ROE,,,,True,EXACT
وپست,SalesLast12M,,,,True,EXACT
وپست,SalesPrev12M,,,,True,EXACT
وپست,SalesGrowth12M,,,,True,EXACT
وپست,TTMNetProfit,80912160000.0,,,False,NULL_SEMANTICS
وپست,PEApprox,6.04,,,False,NULL_SEMANTICS
وپست,QuantScore,24.21,12.0,12.21,False,LOGIC_DIFFERENCE
وپست,OperatingMargin12M,,,,True,EXACT
وپست,NetProfitMargin12M,,,,True,EXACT
وپست,ROE,,,,True,EXACT
وتوشه,SalesLast12M,,,,True,EXACT
وتوشه,SalesPrev12M,,,,True,EXACT
وتوشه,SalesGrowth12M,,,,True,EXACT
وتوشه,TTMNetProfit,17360500000.0,,,False,NULL_SEMANTICS
وتوشه,PEApprox,4.86,,,False,NULL_SEMANTICS
وتوشه,QuantScore,21.38,12.0,9.379999999999999,False,LOGIC_DIFFERENCE
وتوشه,OperatingMargin12M,,,,True,EXACT
وتوشه,NetProfitMargin12M,,,,True,EXACT
وتوشه,ROE,,,,True,EXACT
وخارزم,SalesLast12M,,,,True,EXACT
وخارزم,SalesPrev12M,,,,True,EXACT
وخارزم,SalesGrowth12M,,,,True,EXACT
وخارزم,TTMNetProfit,13380000000.0,,,False,NULL_SEMANTICS
وخارزم,PEApprox,40.72,,,False,NULL_SEMANTICS
وخارزم,QuantScore,22.1,12.0,10.100000000000001,False,LOGIC_DIFFERENCE
وخارزم,OperatingMargin12M,,,,True,EXACT
وخارزم,NetProfitMargin12M,,,,True,EXACT
وخارزم,ROE,,,,True,EXACT
وخاور,SalesLast12M,,,,True,EXACT
وخاور,SalesPrev12M,,,,True,EXACT
وخاور,SalesGrowth12M,,,,True,EXACT
وخاور,TTMNetProfit,144240000000.0,,,False,NULL_SEMANTICS
وخاور,PEApprox,5.15,,,False,NULL_SEMANTICS
وخاور,QuantScore,27.24,12.0,15.239999999999998,False,LOGIC_DIFFERENCE
وخاور,OperatingMargin12M,,,,True,EXACT
وخاور,NetProfitMargin12M,,,,True,EXACT
وخاور,ROE,,,,True,EXACT
وسپه,SalesLast12M,,,,True,EXACT
وسپه,SalesPrev12M,,,,True,EXACT
وسپه,SalesGrowth12M,,,,True,EXACT
وسپه,TTMNetProfit,12524800000.0,,,False,NULL_SEMANTICS
وسپه,PEApprox,17.57,,,False,NULL_SEMANTICS
وسپه,QuantScore,22.25,12.0,10.25,False,LOGIC_DIFFERENCE
وسپه,OperatingMargin12M,,,,True,EXACT
وسپه,NetProfitMargin12M,,,,True,EXACT
وسپه,ROE,,,,True,EXACT
یاقوت,SalesLast12M,,,,True,EXACT
یاقوت,SalesPrev12M,,,,True,EXACT
یاقوت,SalesGrowth12M,,,,True,EXACT
یاقوت,TTMNetProfit,,,,True,EXACT
یاقوت,PEApprox,,,,True,EXACT
یاقوت,QuantScore,,12.0,,False,NULL_SEMANTICS
یاقوت,OperatingMargin12M,,,,True,EXACT
یاقوت,NetProfitMargin12M,,,,True,EXACT
یاقوت,ROE,,,,True,EXACT
