legacy_company_id,ReportDate,Num1_Value1,Num1_Value2,Num1_Value3,Num2_Value1,Num2_Value2,Num2_Value3,Product1,OperatingProfitNew,OperatingProfitLastYear,OperatingProfitFYPrev,RevenueNew,RevenueLastYear,RevenueFYPrev,FinanceCostsNew,OtherNonOpNew,NetProfitAmount,NetProfitAmountLY,NetProfitAmountFYPrev,OperatingCashFlow,OperatingCashFlowLY,OperatingCashFlowFYPrev,TotalAssets,CurrentAssets,TotalLiabilities,CurrentLiabilities,TotalEquity
002c39c907ffac34a1ee6c5b55cefd23,1398/12/29,1315.0,6086.0,,30000.0,30000.0,,39450000.0,82934.0,226181.0,,,,,,,,,,,,,,,,,
002c39c907ffac34a1ee6c5b55cefd23,1399/12/30,1088.0,1638.0,,230000.0,30000.0,,250240000.0,313042.0,82934.0,,,,,,,,,,,,,,,,,
002c39c907ffac34a1ee6c5b55cefd23,1402/12/29,288.0,11925.0,,10000000.0,230000.0,,2880000000.0,3953043.0,3305166.0,,,,,,,,,,,,,,,,,
002c39c907ffac34a1ee6c5b55cefd23,1403/03/31,65.0,2806.0,299.0,10000000.0,230000.0,10000000.0,650000000.0,928421.0,897896.0,,,,,,,,,,,,,,,,,
002c39c907ffac34a1ee6c5b55cefd23,1403/06/31,210.0,7093.0,299.0,10000000.0,230000.0,10000000.0,2100000000.0,2750667.0,2239346.0,,,,,,,,,,,,,,,,,
002c39c907ffac34a1ee6c5b55cefd23,1403/09/30,310.0,11188.0,299.0,10000000.0,230000.0,10000000.0,3100000000.0,4103942.0,3520295.0,,,,,,,,,,,,,,,,,
002c39c907ffac34a1ee6c5b55cefd23,1403/12/30,409.0,299.0,,10000000.0,10000000.0,,4090000000.0,5383790.0,4031547.0,,,,,,,,,,,,,,,,,
002c39c907ffac34a1ee6c5b55cefd23,1404/03/31,100.0,65.0,418.0,10000000.0,10000000.0,10000000.0,1000000000.0,1648002.0,928421.0,,,,,,,,,,,,,,,,,
002c39c907ffac34a1ee6c5b55cefd23,1404/06/31,305.0,210.0,418.0,10000000.0,10000000.0,10000000.0,3050000000.0,4419614.0,2811033.0,,,,,,,,,,,,,,,,,
002c39c907ffac34a1ee6c5b55cefd23,1404/09/30,551.0,310.0,418.0,10000000.0,10000000.0,10000000.0,5510000000.0,7708680.0,4103942.0,,,,,,,,,,,,,,,,,
002c39c907ffac34a1ee6c5b55cefd23,1404/12/29,830.0,418.0,,10000000.0,10000000.0,,8300000000.0,11119019.0,5405710.0,,,,,,,,,,,,,,,,,
003aeed095825b208ba109440c6a6431,1398/12/29,4296.0,0.0,2745.0,1789912.0,1789912.0,1789912.0,7689461952.0,1.0,1.0,,,,,,,,,,,,,,,,,
003aeed095825b208ba109440c6a6431,1399/03/31,1219.0,1074.0,4295.0,1789912.0,1789912.0,1789912.0,2181902728.0,1.0,1.0,,,,,,,,,,,,,,,,,
003aeed095825b208ba109440c6a6431,1399/06/31,2523.0,2177.0,4249.0,1789912.0,1789912.0,1789912.0,4515947976.0,1.0,1.0,,,,,,,,,,,,,,,,,
003aeed095825b208ba109440c6a6431,1399/09/30,5227.0,3223.0,4295.0,1789912.0,1789912.0,1789912.0,9355870024.0,1.0,1.0,,,,,,,,,,,,,,,,,
003aeed095825b208ba109440c6a6431,1399/12/30,7174.0,0.0,4292.0,1789912.0,1789912.0,1789912.0,12840828688.0,1.0,1.0,,,,,,,,,,,,,,,,,
003aeed095825b208ba109440c6a6431,1400/03/31,2794.0,1219.0,7209.0,1789912.0,1789912.0,1789912.0,5001014128.0,1.0,1.0,,,,,,,,,,,,,,,,,
003aeed095825b208ba109440c6a6431,1400/06/31,6978.0,2454.0,7209.0,1789912.0,1789912.0,1789912.0,12490005936.0,1.0,1.0,,,,,,,,,,,,,,,,,
003aeed095825b208ba109440c6a6431,1400/09/30,13969.0,5227.0,7209.0,1789912.0,1789912.0,1789912.0,25003280728.0,1.0,1.0,,,,,,,,,,,,,,,,,
003aeed095825b208ba109440c6a6431,1400/12/29,16781.0,0.0,7209.0,1789912.0,1789912.0,1789912.0,30036513272.0,1.0,1.0,,,,,,,,,,,,,,,,,
003aeed095825b208ba109440c6a6431,1401/03/31,6558.0,2794.0,16785.0,1789912.0,1789912.0,1789912.0,11738242896.0,1.0,1.0,,,,,,,,,,,,,,,,,
003aeed095825b208ba109440c6a6431,1401/06/31,15429.0,6978.0,16785.0,1789912.0,1789912.0,1789912.0,27616552248.0,1.0,1.0,,,,,,,,,,,,,,,,,
003aeed095825b208ba109440c6a6431,1401/09/30,21657.0,13969.0,16785.0,1789050.0,1789912.0,1789912.0,38745455850.0,1.0,1.0,,,,,,,,,,,,,,,,,
003aeed095825b208ba109440c6a6431,1401/12/29,25392.0,0.0,16785.0,1789912.0,1789912.0,1789912.0,45449445504.0,1.0,1.0,,,,,,,,,,,,,,,,,
003aeed095825b208ba109440c6a6431,1402/03/31,4186.0,6558.0,25895.0,1789912.0,1789912.0,1789912.0,7492571632.0,1.0,1.0,,,,,,,,,,,,,,,,,
003aeed095825b208ba109440c6a6431,1402/06/31,6436.0,15451.0,25895.0,1789912.0,1789912.0,1789912.0,11519873632.0,1.0,1.0,,,,,,,,,,,,,,,,,
003aeed095825b208ba109440c6a6431,1402/09/30,10271.0,21657.0,25895.0,1789912.0,1789912.0,1789912.0,18384186152.0,1.0,1.0,,,,,,,,,,,,,,,,,
003aeed095825b208ba109440c6a6431,1402/12/29,11567.0,0.0,25895.0,1789912.0,1789912.0,1789912.0,20703912104.0,1.0,1.0,,,,,,,,,,,,,,,,,
003aeed095825b208ba109440c6a6431,1403/03/31,4688.0,4186.0,11399.0,1789912.0,1789912.0,1789912.0,8391107456.0,1.0,1.0,,,,,,,,,,,,,,,,,
003aeed095825b208ba109440c6a6431,1403/06/31,13842.0,6436.0,11399.0,1789912.0,1789912.0,1789912.0,24775961904.0,1.0,1.0,,,,,,,,,,,,,,,,,
003aeed095825b208ba109440c6a6431,1403/09/30,19570.0,10271.0,11399.0,1789912.0,1789912.0,1789912.0,35028577840.0,1.0,1.0,,,,,,,,,,,,,,,,,
003aeed095825b208ba109440c6a6431,1403/12/30,17149.0,0.0,11128.0,1789912.0,1789912.0,1789912.0,30695200888.0,1.0,1.0,,,,,,,,,,,,,,,,,
003aeed095825b208ba109440c6a6431,1404/03/31,5916.0,4688.0,17149.0,1789912.0,1789912.0,1789912.0,10589119392.0,1.0,1.0,,,,,,,,,,,,,,,,,
003aeed095825b208ba109440c6a6431,1404/06/31,15397.0,12302.0,17149.0,1789912.0,1789912.0,1789912.0,27559275064.0,1.0,1.0,,,,,,,,,,,,,,,,,
003aeed095825b208ba109440c6a6431,1404/09/30,2177.0,968.0,2745.0,1789912.0,1789912.0,1789912.0,56400127120.0,1.0,1.0,,,,,,,,,,,,,,,,,
003aeed095825b208ba109440c6a6431,1404/12/29,3223.0,1466.0,2745.0,1789912.0,1789912.0,1789912.0,64536000000.0,1.0,1.0,,,,,,,,,,,,,,,,,
003aeed095825b208ba109440c6a6431,1405/03/31,2371.0,853.0,5489.0,12000000.0,12000000.0,12000000.0,28452000000.0,35063221.0,12967743.0,75110367.0,52838886.0,29807425.0,143134988.0,-2567895.0,347071.0,28446020.0,10237129.0,65862967.0,15985509.0,6267356.0,38332725.0,217968886.0,128810542.0,151994334.0,143245423.0,65974552.0
02d0fb54342c0cc17bc1062d7d88f448,1398/06/31,690000.0,690000.0,690000.0,1000.0,0.0,0.0,690000000.0,1.0,1.0,,,,,,,,,,,,,,,,,
02d0fb54342c0cc17bc1062d7d88f448,1398/09/30,690000.0,690000.0,690000.0,1000.0,0.0,0.0,690000000.0,1.0,1.0,,,,,,,,,,,,,,,,,
02d0fb54342c0cc17bc1062d7d88f448,1398/12/29,690000.0,690000.0,690000.0,1000.0,0.0,0.0,690000000.0,1.0,1.0,,,,,,,,,,,,,,,,,
02d0fb54342c0cc17bc1062d7d88f448,1399/03/31,690000.0,690000.0,690000.0,1000.0,0.0,0.0,690000000.0,1.0,1.0,,,,,,,,,,,,,,,,,
02d0fb54342c0cc17bc1062d7d88f448,1399/06/31,690000.0,690000.0,690000.0,1000.0,0.0,0.0,690000000.0,1.0,1.0,,,,,,,,,,,,,,,,,
02d0fb54342c0cc17bc1062d7d88f448,1399/09/30,690000.0,690000.0,690000.0,1000.0,0.0,0.0,690000000.0,1.0,1.0,,,,,,,,,,,,,,,,,
02d0fb54342c0cc17bc1062d7d88f448,1399/12/30,690000.0,690000.0,690000.0,1000.0,0.0,0.0,690000000.0,1.0,1.0,,,,,,,,,,,,,,,,,
02d0fb54342c0cc17bc1062d7d88f448,1400/03/31,690000.0,690000.0,690000.0,1000.0,0.0,0.0,690000000.0,1.0,1.0,,,,,,,,,,,,,,,,,
02d0fb54342c0cc17bc1062d7d88f448,1400/06/31,690000.0,690000.0,690000.0,1000.0,0.0,0.0,690000000.0,1.0,1.0,,,,,,,,,,,,,,,,,
02d0fb54342c0cc17bc1062d7d88f448,1400/09/30,690000.0,690000.0,690000.0,1000.0,0.0,0.0,690000000.0,1.0,1.0,,,,,,,,,,,,,,,,,
02d0fb54342c0cc17bc1062d7d88f448,1400/12/29,1139.0,0.0,596.0,690000.0,0.0,690000.0,785910000.0,1.0,1.0,,,,,,,,,,,,,,,,,
02d0fb54342c0cc17bc1062d7d88f448,1401/03/31,479.0,255.0,1139.0,690000.0,690000.0,690000.0,330510000.0,1.0,1.0,,,,,,,,,,,,,,,,,
02d0fb54342c0cc17bc1062d7d88f448,1401/06/31,1289.0,538.0,1139.0,690000.0,690000.0,690000.0,889410000.0,1.0,1.0,,,,,,,,,,,,,,,,,
02d0fb54342c0cc17bc1062d7d88f448,1401/09/30,1921.0,1116.0,1139.0,690000.0,690000.0,690000.0,1325490000.0,1.0,1.0,,,,,,,,,,,,,,,,,
02d0fb54342c0cc17bc1062d7d88f448,1401/12/29,2120.0,0.0,1139.0,690000.0,0.0,690000.0,1462800000.0,1.0,1.0,,,,,,,,,,,,,,,,,
02d0fb54342c0cc17bc1062d7d88f448,1402/03/31,807.0,479.0,2120.0,690000.0,690000.0,690000.0,556830000.0,1.0,1.0,,,,,,,,,,,,,,,,,
02d0fb54342c0cc17bc1062d7d88f448,1402/06/31,1833.0,1294.0,2120.0,690000.0,690000.0,690000.0,1264770000.0,1.0,1.0,,,,,,,,,,,,,,,,,
02d0fb54342c0cc17bc1062d7d88f448,1402/09/30,2954.0,1921.0,2120.0,690000.0,690000.0,690000.0,2038260000.0,1.0,1.0,,,,,,,,,,,,,,,,,
02d0fb54342c0cc17bc1062d7d88f448,1402/12/29,3540.0,0.0,2120.0,690000.0,0.0,690000.0,2442600000.0,1.0,1.0,,,,,,,,,,,,,,,,,
02d0fb54342c0cc17bc1062d7d88f448,1403/03/31,595.0,807.0,3540.0,690000.0,690000.0,690000.0,410550000.0,1.0,1.0,,,,,,,,,,,,,,,,,
02d0fb54342c0cc17bc1062d7d88f448,1403/06/31,1585.0,1833.0,3540.0,690000.0,690000.0,690000.0,1093650000.0,1.0,1.0,,,,,,,,,,,,,,,,,
02d0fb54342c0cc17bc1062d7d88f448,1403/09/30,3476.0,2954.0,3540.0,690000.0,690000.0,690000.0,2398440000.0,1.0,1.0,,,,,,,,,,,,,,,,,
02d0fb54342c0cc17bc1062d7d88f448,1403/12/30,3089.0,0.0,3540.0,690000.0,0.0,690000.0,2131410000.0,1.0,1.0,,,,,,,,,,,,,,,,,
02d0fb54342c0cc17bc1062d7d88f448,1404/03/31,1157.0,595.0,3590.0,690000.0,690000.0,690000.0,798330000.0,1.0,1.0,,,,,,,,,,,,,,,,,
02d0fb54342c0cc17bc1062d7d88f448,1404/06/31,2868.0,1609.0,3590.0,690000.0,690000.0,690000.0,1978920000.0,1.0,1.0,,,,,,,,,,,,,,,,,
02d0fb54342c0cc17bc1062d7d88f448,1404/09/30,5571.0,3476.0,3590.0,690000.0,690000.0,690000.0,3843990000.0,-1.0,100.0,,,,,,,,,,,,,,,,,
02d0fb54342c0cc17bc1062d7d88f448,1404/12/29,1010.0,0.0,3590.0,4200000.0,0.0,690000.0,4242000000.0,-1.0,100.0,,,,,,,,,,,,,,,,,
02d0fb54342c0cc17bc1062d7d88f448,1405/03/31,203.0,1157.0,1010.0,4200000.0,690000.0,4200000.0,852600000.0,443410.0,609969.0,,,,,,,,,,,,,,,,,
03892a92148b9665bbb3713469826e29,1398/10/30,0.0,0.0,0.0,4879580.0,13.0,0.0,0.0,1.0,1.0,,,,,,,,,,,,,,,,,
03892a92148b9665bbb3713469826e29,1399/01/31,164.0,61.0,1419.0,502900.0,502900.0,502900.0,82475600.0,1.0,1.0,,,,,,,,,,,,,,,,,
03892a92148b9665bbb3713469826e29,1399/04/31,765.0,400.0,1209.0,502900.0,502900.0,502900.0,384718500.0,1.0,1.0,,,,,,,,,,,,,,,,,
03892a92148b9665bbb3713469826e29,1399/07/30,1516.0,916.0,1209.0,728789.0,502900.0,502900.0,1104844124.0,1.0,1.0,,,,,,,,,,,,,,,,,
03892a92148b9665bbb3713469826e29,1399/10/30,2881.0,0.0,1693.0,728789.0,502900.0,502900.0,2099641109.0,1.0,1.0,,,,,,,,,,,,,,,,,
03892a92148b9665bbb3713469826e29,1400/01/31,443.0,113.0,2317.0,728789.0,728789.0,728789.0,322853527.0,1.0,1.0,,,,,,,,,,,,,,,,,
03892a92148b9665bbb3713469826e29,1400/04/31,1305.0,594.0,2317.0,728789.0,728789.0,728789.0,951069645.0,1.0,1.0,,,,,,,,,,,,,,,,,
03892a92148b9665bbb3713469826e29,1400/07/30,2060.0,1516.0,2317.0,728789.0,728789.0,728789.0,1501305340.0,1.0,1.0,,,,,,,,,,,,,,,,,
03892a92148b9665bbb3713469826e29,1400/10/30,4631.0,0.0,2657.0,728789.0,728789.0,728789.0,3375021859.0,1.0,1.0,,,,,,,,,,,,,,,,,
03892a92148b9665bbb3713469826e29,1401/01/31,847.0,443.0,3731.0,728789.0,728789.0,728789.0,617284283.0,1.0,1.0,,,,,,,,,,,,,,,,,
03892a92148b9665bbb3713469826e29,1401/04/31,2889.0,1281.0,3731.0,728789.0,728789.0,728789.0,2105471421.0,1.0,1.0,,,,,,,,,,,,,,,,,
03892a92148b9665bbb3713469826e29,1401/07/30,4798.0,2060.0,3731.0,728789.0,728789.0,728789.0,3496729622.0,1.0,1.0,,,,,,,,,,,,,,,,,
03892a92148b9665bbb3713469826e29,1401/10/30,8608.0,0.0,4182.0,728789.0,728789.0,728789.0,6273415712.0,1.0,1.0,,,,,,,,,,,,,,,,,
03892a92148b9665bbb3713469826e29,1402/01/31,2013.0,783.0,6477.0,728789.0,728789.0,728789.0,1467052257.0,1.0,1.0,,,,,,,,,,,,,,,,,
03892a92148b9665bbb3713469826e29,1402/04/31,4861.0,3264.0,6477.0,728789.0,728789.0,728789.0,3542643329.0,1.0,1.0,,,,,,,,,,,,,,,,,
03892a92148b9665bbb3713469826e29,1402/07/30,7783.0,4798.0,6477.0,728789.0,728789.0,728789.0,5672164787.0,1.0,1.0,,,,,,,,,,,,,,,,,
03892a92148b9665bbb3713469826e29,1402/10/30,12493.0,0.0,7784.0,728789.0,728789.0,728789.0,9104760977.0,1.0,1.0,,,,,,,,,,,,,,,,,
03892a92148b9665bbb3713469826e29,1403/01/31,2496.0,2013.0,10193.0,728789.0,728789.0,728789.0,1819057344.0,1.0,1.0,,,,,,,,,,,,,,,,,
03892a92148b9665bbb3713469826e29,1403/04/31,4545.0,4716.0,10193.0,728789.0,728789.0,728789.0,3312346005.0,1.0,1.0,,,,,,,,,,,,,,,,,
03892a92148b9665bbb3713469826e29,1403/07/30,8983.0,7794.0,10193.0,728789.0,728789.0,728789.0,6546711587.0,1.0,1.0,,,,,,,,,,,,,,,,,
03892a92148b9665bbb3713469826e29,1403/10/30,16627.0,0.0,12446.0,728789.0,728789.0,728789.0,12117574703.0,1.0,1.0,,,,,,,,,,,,,,,,,
03892a92148b9665bbb3713469826e29,1404/01/31,3824.0,2496.0,15208.0,728789.0,728789.0,728789.0,2786889136.0,1.0,1.0,,,,,,,,,,,,,,,,,
03892a92148b9665bbb3713469826e29,1404/04/31,12972.0,4893.0,15208.0,728789.0,728789.0,728789.0,9453850908.0,1.0,1.0,,,,,,,,,,,,,,,,,
03892a92148b9665bbb3713469826e29,1404/07/30,18687.0,0.0,8983.0,728789.0,0.0,728789.0,13618880043.0,21.63290953953518,100.0,,,,,,,,,,,,,,,,,
03892a92148b9665bbb3713469826e29,1404/10/30,0.0,0.0,0.0,2837824.0,4.0,0.0,23177676567.0,1.0,1.0,,,,,,,,,,,,,,,,,
03892a92148b9665bbb3713469826e29,1405/01/31,4483.0,3824.0,25053.0,728789.0,728789.0,728789.0,3267161087.0,-1.0,100.0,16407093.0,7536750.0,5427339.0,33629683.0,-78764.0,828077.0,3267307.0,2787118.0,18258599.0,3267306.0,2787118.0,11113459.0,34154685.0,26945270.0,8284554.0,6351526.0,25870131.0
03892a92148b9665bbb3713469826e29,1405/04/31,13831.0,13350.0,26819.0,728789.0,728789.0,728789.0,10079880659.0,8814086.0,8881302.0,18356177.0,20858614.0,17371512.0,35916944.0,-129819.0,2717249.0,10080081.0,9729338.0,19545082.0,5813421.0,7743839.0,12407181.0,47228250.0,37770641.0,29709262.0,27019162.0,17518988.0
04234a593ca4912aa015a1dea99da781,1398/06/31,908.0,0.0,363.0,300000.0,0.0,300000.0,272400000.0,0.48972099853157125,100.0,,,,,,,,,,,,,,,,,
04234a593ca4912aa015a1dea99da781,1398/09/30,1484.0,0.0,869.0,300000.0,0.0,300000.0,445200000.0,1.1123090745732256,100.0,,,,,,,,,,,,,,,,,
04234a593ca4912aa015a1dea99da781,1398/12/29,2163.0,0.0,0.0,300000.0,0.0,300000.0,648900000.0,1.3097549699491446,100.0,,,,,,,,,,,,,,,,,
04234a593ca4912aa015a1dea99da781,1399/03/31,540.0,0.0,376.0,300000.0,0.0,300000.0,162000000.0,0.25925925925925924,100.0,,,,,,,,,,,,,,,,,
04234a593ca4912aa015a1dea99da781,1399/06/31,1273.0,0.0,943.0,300000.0,0.0,300000.0,381900000.0,0.6957318669808851,100.0,,,,,,,,,,,,,,,,,
04234a593ca4912aa015a1dea99da781,1399/09/30,402.0,0.0,1484.0,1500000.0,0.0,300000.0,603000000.0,1.2048092868988391,100.0,,,,,,,,,,,,,,,,,
04234a593ca4912aa015a1dea99da781,1400/03/31,158.0,0.0,108.0,1500000.0,0.0,1500000.0,237000000.0,3.1540084388185656,100.0,,,,,,,,,,,,,,,,,
04234a593ca4912aa015a1dea99da781,1400/06/31,376.0,0.0,1276.0,1500000.0,0.0,300000.0,564000000.0,3.0636524822695037,100.0,,,,,,,,,,,,,,,,,
04234a593ca4912aa015a1dea99da781,1400/09/30,631.0,0.0,402.0,1500000.0,0.0,1500000.0,946500000.0,2.4792393026941366,100.0,,,,,,,,,,,,,,,,,
04234a593ca4912aa015a1dea99da781,1400/12/29,752.0,0.0,0.0,1500000.0,0.0,0.0,1128000000.0,-1.0,100.0,,,,,,,,,,,,,,,,,
04234a593ca4912aa015a1dea99da781,1401/03/31,221.0,0.0,158.0,1500000.0,0.0,1500000.0,331500000.0,-1.0,100.0,,,,,,,,,,,,,,,,,
04234a593ca4912aa015a1dea99da781,1401/06/31,724.0,0.0,368.0,1500000.0,0.0,1500000.0,1086000000.0,-1.0,100.0,,,,,,,,,,,,,,,,,
04234a593ca4912aa015a1dea99da781,1401/09/30,1180.0,0.0,631.0,1500000.0,0.0,1500000.0,1770000000.0,-1.0,100.0,,,,,,,,,,,,,,,,,
04234a593ca4912aa015a1dea99da781,1401/12/29,1547.0,0.0,0.0,1500000.0,0.0,0.0,2320500000.0,-1.0,100.0,,,,,,,,,,,,,,,,,
04234a593ca4912aa015a1dea99da781,1402/03/31,509.0,0.0,221.0,1500000.0,0.0,1500000.0,763500000.0,-1.0,100.0,,,,,,,,,,,,,,,,,
04234a593ca4912aa015a1dea99da781,1402/06/31,1053.0,0.0,758.0,1500000.0,0.0,1500000.0,1579500000.0,-1.0,100.0,,,,,,,,,,,,,,,,,
04234a593ca4912aa015a1dea99da781,1402/09/30,1620.0,0.0,1180.0,1500000.0,0.0,1500000.0,2430000000.0,-1.0,100.0,,,,,,,,,,,,,,,,,
04234a593ca4912aa015a1dea99da781,1402/12/29,2524.0,0.0,0.0,1500000.0,0.0,0.0,3786000000.0,-1.0,100.0,,,,,,,,,,,,,,,,,
04234a593ca4912aa015a1dea99da781,1403/03/31,734.0,0.0,509.0,1500000.0,0.0,1500000.0,1101000000.0,-1.0,100.0,,,,,,,,,,,,,,,,,
04234a593ca4912aa015a1dea99da781,1403/06/31,203.0,0.0,1053.0,12140161.0,0.0,1500000.0,2464452683.0,-1.0,100.0,,,,,,,,,,,,,,,,,
04234a593ca4912aa015a1dea99da781,1403/09/30,302.0,0.0,1620.0,12140161.0,0.0,1500000.0,3666328622.0,-1.0,100.0,,,,,,,,,,,,,,,,,
04234a593ca4912aa015a1dea99da781,1403/12/30,444.0,0.0,0.0,12140161.0,0.0,0.0,5390231484.0,-1.0,100.0,,,,,,,,,,,,,,,,,
04234a593ca4912aa015a1dea99da781,1404/03/31,363.0,0.0,734.0,12140161.0,0.0,1500000.0,4406878443.0,-1.0,100.0,,,,,,,,,,,,,,,,,
04234a593ca4912aa015a1dea99da781,1404/06/31,553.0,0.0,198.0,12140161.0,0.0,12140161.0,6713509033.0,-1.0,100.0,,,,,,,,,,,,,,,,,
04234a593ca4912aa015a1dea99da781,1404/09/30,769.0,0.0,302.0,12140161.0,0.0,12140161.0,9335783809.0,25.0,100.0,,,,,,,,,,,,,,,,,
04234a593ca4912aa015a1dea99da781,1404/12/29,1024.0,444.0,,12140161.0,12140161.0,,12431524864.0,8515178.0,3680430.0,,32499876.0,18731306.0,,-236515.0,4155638.0,,,,,,,,,,,
04234a593ca4912aa015a1dea99da781,1405/03/31,223.0,363.0,1049.0,12140161.0,12140161.0,12140161.0,2707255903.0,2247174.0,1825336.0,8515178.0,14383673.0,6165058.0,32499876.0,-147790.0,611280.0,2710664.0,4402614.0,12740332.0,3758155.0,1336271.0,3739759.0,44405666.0,18599008.0,14060365.0,13374369.0,30345301.0
04596c0c8cd003eca6202bb9351d3d5d,1402/03/31,1748.0,27429.0,63555.0,400000.0,400000.0,400000.0,699200000.0,1744.0,3.0,,,,,,,,,,,,,,,,,
04596c0c8cd003eca6202bb9351d3d5d,1402/09/30,5169.0,49861.0,63555.0,400000.0,400000.0,400000.0,2067600000.0,5162.0,7.0,,,,,,,,,,,,,,,,,
04596c0c8cd003eca6202bb9351d3d5d,1402/12/29,7968.0,0.0,6355.0,400000.0,400000.0,400000.0,3187200000.0,7320.0,648.0,,,,,,,,,,,,,,,,,
04596c0c8cd003eca6202bb9351d3d5d,1403/03/31,315.0,1748.0,8427.0,2000000.0,400000.0,400000.0,630000000.0,265.0,50.0,,,,,,,,,,,,,,,,,
04596c0c8cd003eca6202bb9351d3d5d,1403/06/31,478.0,3177.0,8427.0,2000000.0,400000.0,400000.0,956000000.0,4712.0,64.0,,,,,,,,,,,,,,,,,
04596c0c8cd003eca6202bb9351d3d5d,1403/09/30,792.0,1034.0,1685.0,2000000.0,2000000.0,2000000.0,1584000000.0,785.0,7.0,,,,,,,,,,,,,,,,,
04596c0c8cd003eca6202bb9351d3d5d,1403/12/30,1939.0,0.0,1594.0,2000000.0,2000000.0,2000000.0,3878000000.0,1923.0,16.0,,,,,,,,,,,,,,,,,
04596c0c8cd003eca6202bb9351d3d5d,1404/03/31,632.0,315.0,1901.0,2000000.0,2000000.0,2000000.0,1264000000.0,564.0,175.0,,,,,,,,,,,,,,,,,
04596c0c8cd003eca6202bb9351d3d5d,1404/06/31,1321.0,478.0,1901.0,2000000.0,2000000.0,2000000.0,2642000000.0,870.0,451.0,,,,,,,,,,,,,,,,,
04596c0c8cd003eca6202bb9351d3d5d,1404/09/30,1563.0,792.0,1901.0,2000000.0,2000000.0,2000000.0,3126000000.0,1552.0,11.0,,,,,,,,,,,,,,,,,
04596c0c8cd003eca6202bb9351d3d5d,1404/12/29,3898.0,1908.0,,2000000.0,2000000.0,,7796000000.0,10414735.0,4255650.0,,,,,,,,,,,,,,,,,
04596c0c8cd003eca6202bb9351d3d5d,1405/03/31,1493.0,632.0,3806.0,2000000.0,2000000.0,2000000.0,2986000000.0,3476914.0,1129603.0,7718082.0,6235493.0,2711545.0,17286938.0,-179033.0,288935.0,2986850.0,1263136.0,7611945.0,2542568.0,1046594.0,4790427.0,19147792.0,15795093.0,5752157.0,5752157.0,13395635.0
046559f7fcc4efeb9b20ea57995da789,1400/06/31,1326.0,538.0,2044.0,3233451.0,3233451.0,3233451.0,4287556026.0,1.0,1.0,,,,,,,,,,,,,,,,,
046559f7fcc4efeb9b20ea57995da789,1400/09/30,497.0,1700.0,2044.0,16390836.0,3233451.0,3233451.0,8146245492.0,1.0,1.0,,,,,,,,,,,,,,,,,
046559f7fcc4efeb9b20ea57995da789,1400/12/29,738.0,0.0,2044.0,16390836.0,3233451.0,3233451.0,12096436968.0,1.0,1.0,,,,,,,,,,,,,,,,,
046559f7fcc4efeb9b20ea57995da789,1401/03/31,277.0,122.0,740.0,16390836.0,16390836.0,16390836.0,4540261572.0,1.0,1.0,,,,,,,,,,,,,,,,,
046559f7fcc4efeb9b20ea57995da789,1401/06/31,620.0,262.0,736.0,16390836.0,16390836.0,16390836.0,10162318320.0,1.0,1.0,,,,,,,,,,,,,,,,,
046559f7fcc4efeb9b20ea57995da789,1401/09/30,983.0,497.0,736.0,16390836.0,16390836.0,16390836.0,16112191788.0,1.0,1.0,,,,,,,,,,,,,,,,,
046559f7fcc4efeb9b20ea57995da789,1401/12/29,1475.0,0.0,736.0,16390836.0,16390836.0,16390836.0,24176483100.0,1.0,1.0,,,,,,,,,,,,,,,,,
046559f7fcc4efeb9b20ea57995da789,1402/03/31,560.0,277.0,1475.0,16390836.0,16390836.0,16390836.0,9178868160.0,1.0,1.0,,,,,,,,,,,,,,,,,
046559f7fcc4efeb9b20ea57995da789,1402/09/30,1710.0,983.0,1594.0,16390836.0,16390836.0,16390836.0,28028329560.0,1.0,1.0,,,,,,,,,,,,,,,,,
046559f7fcc4efeb9b20ea57995da789,1402/12/29,2468.0,0.0,1594.0,16390836.0,16390836.0,16390836.0,40452583248.0,1.0,1.0,,,,,,,,,,,,,,,,,
046559f7fcc4efeb9b20ea57995da789,1403/03/31,762.0,560.0,2473.0,16390836.0,16390836.0,16390836.0,12489817032.0,1.0,1.0,,,,,,,,,,,,,,,,,
046559f7fcc4efeb9b20ea57995da789,1403/06/31,1580.0,1221.0,2473.0,16390836.0,16390836.0,16390836.0,25897520880.0,1.0,1.0,,,,,,,,,,,,,,,,,
046559f7fcc4efeb9b20ea57995da789,1403/09/30,2784.0,1710.0,2473.0,16390836.0,16390836.0,16390836.0,45632087424.0,1.0,1.0,,,,,,,,,,,,,,,,,
046559f7fcc4efeb9b20ea57995da789,1403/12/30,1653.0,0.0,2473.0,36000000.0,16390836.0,16390836.0,59508000000.0,1.0,1.0,,,,,,,,,,,,,,,,,
046559f7fcc4efeb9b20ea57995da789,1404/03/31,417.0,762.0,0.0,36000000.0,16390836.0,36000000.0,15012000000.0,1.0,1.0,,,,,,,,,,,,,,,,,
046559f7fcc4efeb9b20ea57995da789,1404/06/31,968.0,766.0,0.0,36000000.0,36000000.0,36000000.0,34848000000.0,1.0,1.0,,,,,,,,,,,,,,,,,
046559f7fcc4efeb9b20ea57995da789,1404/09/30,621.0,102.0,2263.0,3233451.0,3233451.0,3233451.0,56016000000.0,1.0,1.0,,,,,,,,,,,,,,,,,
046559f7fcc4efeb9b20ea57995da789,1404/12/29,17.0,-241.0,0.0,3233451.0,3233451.0,0.0,73728000000.0,1.0,1.0,,,,,,,,,,,,,,,,,
046559f7fcc4efeb9b20ea57995da789,1405/03/31,448.0,417.0,,49545000.0,36000000.0,,22196160000.0,23895039.0,16476463.0,,,,,,,,,,,,,,,,,
057f29e2cbb5f0df740b951b2669799f,1398/09/30,-235.0,-433.0,-233.0,1861769.0,1861769.0,1861769.0,-437515715.0,-199.0,-36.0,,,,,,,,,,,,,,,,,
057f29e2cbb5f0df740b951b2669799f,1398/12/29,-550.0,0.0,-233.0,1861769.0,1861769.0,1861769.0,-1023972950.0,-490.0,-60.0,,,,,,,,,,,,,,,,,
057f29e2cbb5f0df740b951b2669799f,1399/03/31,-10.0,-41.0,-515.0,1861769.0,1861769.0,1861769.0,-18617690.0,0.0,0.0,,,,,,,,,,,,,,,,,
057f29e2cbb5f0df740b951b2669799f,1399/06/31,4.0,-303.0,-515.0,1861769.0,1861769.0,1861769.0,7447076.0,27.0,-23.0,,,,,,,,,,,,,,,,,
057f29e2cbb5f0df740b951b2669799f,1399/09/30,4.0,-235.0,-515.0,4747718.0,1861769.0,1861769.0,18990872.0,0.0,0.0,,,,,,,,,,,,,,,,,
057f29e2cbb5f0df740b951b2669799f,1399/12/30,141.0,0.0,-515.0,4747718.0,1861769.0,1861769.0,669428238.0,160.0,-19.0,,,,,,,,,,,,,,,,,
057f29e2cbb5f0df740b951b2669799f,1400/03/31,34.0,-4.0,94.0,4747718.0,4747718.0,4747718.0,161422412.0,0.0,0.0,,,,,,,,,,,,,,,,,
057f29e2cbb5f0df740b951b2669799f,1400/06/31,125.0,3.0,94.0,4747719.0,4747718.0,4747718.0,593464875.0,0.0,0.0,,,,,,,,,,,,,,,,,
057f29e2cbb5f0df740b951b2669799f,1400/09/30,121.0,4.0,94.0,4747719.0,4747719.0,4747719.0,574473999.0,137.0,-16.0,,,,,,,,,,,,,,,,,
057f29e2cbb5f0df740b951b2669799f,1400/12/29,96.0,0.0,94.0,4747719.0,4747718.0,4747718.0,455781024.0,116.0,-20.0,,,,,,,,,,,,,,,,,
057f29e2cbb5f0df740b951b2669799f,1401/03/31,35.0,34.0,97.0,4747719.0,4747719.0,4747719.0,166170165.0,37.0,-2.0,,,,,,,,,,,,,,,,,
057f29e2cbb5f0df740b951b2669799f,1401/06/31,107.0,118.0,97.0,4747719.0,4747719.0,4747719.0,508005933.0,116.0,-9.0,,,,,,,,,,,,,,,,,
057f29e2cbb5f0df740b951b2669799f,1401/09/30,65.0,121.0,97.0,6627718.0,4747719.0,4747719.0,430801670.0,0.0,0.0,,,,,,,,,,,,,,,,,
057f29e2cbb5f0df740b951b2669799f,1401/12/29,72.0,0.0,97.0,6627719.0,4747719.0,4747719.0,477195768.0,91.0,-9.0,,,,,,,,,,,,,,,,,
057f29e2cbb5f0df740b951b2669799f,1402/03/31,27.0,25.0,72.0,6627719.0,6627718.0,6627718.0,178948413.0,7.0,-1.0,,,,,,,,,,,,,,,,,
057f29e2cbb5f0df740b951b2669799f,1402/06/31,50.0,48.0,72.0,6627719.0,6627718.0,6627718.0,331385950.0,67.0,-12.0,,,,,,,,,,,,,,,,,
057f29e2cbb5f0df740b951b2669799f,1402/09/30,8.0,65.0,72.0,6627719.0,6627718.0,6627718.0,53021752.0,-13.0,21.0,,,,,,,,,,,,,,,,,
057f29e2cbb5f0df740b951b2669799f,1402/12/29,80.0,0.0,72.0,6627719.0,6627718.0,6627718.0,530217520.0,174.0,-94.0,,,,,,,,,,,,,,,,,
057f29e2cbb5f0df740b951b2669799f,1403/03/31,-143.0,27.0,80.0,6627719.0,6627719.0,6627719.0,-947763817.0,-139.0,-4.0,,,,,,,,,,,,,,,,,
057f29e2cbb5f0df740b951b2669799f,1403/06/31,-90.0,5.0,80.0,6627719.0,6627719.0,6627719.0,-596494710.0,-23.0,-66.0,,,,,,,,,,,,,,,,,
057f29e2cbb5f0df740b951b2669799f,1403/09/30,-69.0,8.0,80.0,6627719.0,6627719.0,6627719.0,-457312611.0,3.0,-72.0,,,,,,,,,,,,,,,,,
057f29e2cbb5f0df740b951b2669799f,1403/12/30,-1218.0,0.0,80.0,6627719.0,6627719.0,6627719.0,-8072561742.0,-1160.0,-58.0,,,,,,,,,,,,,,,,,
057f29e2cbb5f0df740b951b2669799f,1404/03/31,-78.0,-143.0,-1006.0,6627719.0,6627719.0,6627719.0,-516962082.0,-74.0,-4.0,,,,,,,,,,,,,,,,,
057f29e2cbb5f0df740b951b2669799f,1404/06/31,-153.0,-75.0,-1006.0,6627719.0,6627719.0,6627719.0,-1014041007.0,-119.0,-34.0,,,,,,,,,,,,,,,,,
057f29e2cbb5f0df740b951b2669799f,1404/09/30,-248.0,-69.0,-1006.0,6627719.0,6627719.0,6627719.0,-1643674312.0,-106.0,-143.0,,,,,,,,,,,,,,,,,
057f29e2cbb5f0df740b951b2669799f,1404/12/29,-13.0,0.0,-1006.0,6627719.0,6627719.0,6627719.0,-86160347.0,137.0,-150.0,,,,,,,,,,,,,,,,,
057f29e2cbb5f0df740b951b2669799f,1405/03/31,15.0,-78.0,12.0,6627719.0,6627719.0,6627719.0,99415785.0,133053.0,-486885.0,,,,,,,,,,,,,,,,,
05a68769d3006e107f5b7e02c9eca4fd,1398/06/31,1131.0,770.0,1656.0,19048697.0,19048697.0,19048697.0,21544076307.0,1.0,1.0,,,,,,,,,,,,,,,,,
05a68769d3006e107f5b7e02c9eca4fd,1398/09/30,1282.0,1226.0,1656.0,19048697.0,19048697.0,19048697.0,24420429554.0,1.0,1.0,,,,,,,,,,,,,,,,,
05a68769d3006e107f5b7e02c9eca4fd,1398/12/29,1797.0,0.0,1673.0,19048697.0,19048697.0,19048697.0,34230508509.0,1.0,1.0,,,,,,,,,,,,,,,,,
05a68769d3006e107f5b7e02c9eca4fd,1399/03/31,646.0,617.0,1753.0,19048697.0,19048697.0,19048697.0,12305458262.0,1.0,1.0,,,,,,,,,,,,,,,,,
05a68769d3006e107f5b7e02c9eca4fd,1399/06/31,1775.0,1160.0,1753.0,19048697.0,19048697.0,19048697.0,33811437175.0,1.0,1.0,,,,,,,,,,,,,,,,,
05a68769d3006e107f5b7e02c9eca4fd,1399/09/30,1443.0,1282.0,1753.0,50000000.0,19048697.0,19048697.0,72150000000.0,1.0,1.0,,,,,,,,,,,,,,,,,
05a68769d3006e107f5b7e02c9eca4fd,1399/12/30,2464.0,0.0,1883.0,50000000.0,19048697.0,19048697.0,123200000000.0,1.0,1.0,,,,,,,,,,,,,,,,,
05a68769d3006e107f5b7e02c9eca4fd,1400/03/31,753.0,246.0,2233.0,50000000.0,50000000.0,50000000.0,37650000000.0,1.0,1.0,,,,,,,,,,,,,,,,,
05a68769d3006e107f5b7e02c9eca4fd,1400/06/31,1344.0,725.0,2233.0,50000000.0,50000000.0,50000000.0,67200000000.0,1.0,1.0,,,,,,,,,,,,,,,,,
05a68769d3006e107f5b7e02c9eca4fd,1400/09/30,880.0,1443.0,2233.0,120000000.0,50000000.0,50000000.0,105600000000.0,1.0,1.0,,,,,,,,,,,,,,,,,
05a68769d3006e107f5b7e02c9eca4fd,1400/12/29,1194.0,0.0,2510.0,120000000.0,50000000.0,50000000.0,143280000000.0,1.0,1.0,,,,,,,,,,,,,,,,,
05a68769d3006e107f5b7e02c9eca4fd,1401/03/31,257.0,314.0,1045.0,120000000.0,120000000.0,120000000.0,30840000000.0,1.0,1.0,,,,,,,,,,,,,,,,,
05a68769d3006e107f5b7e02c9eca4fd,1401/06/31,197.0,348.0,660.0,190000000.0,190000000.0,190000000.0,37430000000.0,1.0,1.0,,,,,,,,,,,,,,,,,
05a68769d3006e107f5b7e02c9eca4fd,1401/09/30,205.0,880.0,1045.0,190000000.0,120000000.0,120000000.0,38950000000.0,1.0,1.0,,,,,,,,,,,,,,,,,
05a68769d3006e107f5b7e02c9eca4fd,1401/12/29,472.0,0.0,1255.0,190000000.0,120000000.0,120000000.0,89680000000.0,1.0,1.0,,,,,,,,,,,,,,,,,
05a68769d3006e107f5b7e02c9eca4fd,1402/03/31,242.0,162.0,351.0,190000000.0,190000000.0,190000000.0,45980000000.0,1.0,1.0,,,,,,,,,,,,,,,,,
05a68769d3006e107f5b7e02c9eca4fd,1402/06/31,270.0,172.0,351.0,190000000.0,190000000.0,190000000.0,51300000000.0,1.0,1.0,,,,,,,,,,,,,,,,,
05a68769d3006e107f5b7e02c9eca4fd,1402/09/30,390.0,205.0,351.0,190000000.0,190000000.0,190000000.0,74100000000.0,1.0,1.0,,,,,,,,,,,,,,,,,
05a68769d3006e107f5b7e02c9eca4fd,1402/12/29,629.0,0.0,488.0,190000000.0,190000000.0,190000000.0,119510000000.0,1.0,1.0,,,,,,,,,,,,,,,,,
05a68769d3006e107f5b7e02c9eca4fd,1403/03/31,155.0,242.0,435.0,190000000.0,190000000.0,190000000.0,29450000000.0,1.0,1.0,,,,,,,,,,,,,,,,,
05a68769d3006e107f5b7e02c9eca4fd,1403/06/31,105.0,265.0,415.0,190000000.0,190000000.0,190000000.0,19950000000.0,1.0,1.0,,,,,,,,,,,,,,,,,
05a68769d3006e107f5b7e02c9eca4fd,1403/09/30,183.0,390.0,435.0,190000000.0,190000000.0,190000000.0,34770000000.0,1.0,1.0,,,,,,,,,,,,,,,,,
05a68769d3006e107f5b7e02c9eca4fd,1403/12/30,457.0,0.0,504.0,245000000.0,190000000.0,190000000.0,111965000000.0,1.0,1.0,,,,,,,,,,,,,,,,,
05a68769d3006e107f5b7e02c9eca4fd,1404/03/31,39.0,155.0,348.0,245000000.0,190000000.0,190000000.0,9555000000.0,1.0,1.0,,,,,,,,,,,,,,,,,
05a68769d3006e107f5b7e02c9eca4fd,1404/06/31,26.0,89.0,264.0,245000000.0,245000000.0,245000000.0,6370000000.0,1.0,1.0,,,,,,,,,,,,,,,,,
05a68769d3006e107f5b7e02c9eca4fd,1404/09/30,120.0,142.0,264.0,245000000.0,245000000.0,245000000.0,29400000000.0,1.0,1.0,,730984795.0,548118373.0,,-20921658.0,45786824.0,,,,,,,,,,,
05a68769d3006e107f5b7e02c9eca4fd,1405/03/31,48.0,39.0,213.0,245000000.0,245000000.0,245000000.0,11760000000.0,22736210.0,15474659.0,,228635264.0,249618469.0,,-10446163.0,1972507.0,,,,,,,,,,,
067ba4a186448d230d296b1ce604d32f,1398/06/31,1542.0,1433.0,2798.0,2600000.0,2000000.0,2600000.0,4009200000.0,1.0,1.0,,,,,,,,,,,,,,,,,
067ba4a186448d230d296b1ce604d32f,1398/09/30,2103.0,1866.0,2798.0,2600000.0,2600000.0,2600000.0,5467800000.0,1.0,1.0,,,,,,,,,,,,,,,,,
067ba4a186448d230d296b1ce604d32f,1398/12/29,3283.0,0.0,2782.0,2600000.0,2600000.0,2600000.0,8535800000.0,1.0,1.0,,,,,,,,,,,,,,,,,
067ba4a186448d230d296b1ce604d32f,1399/03/31,598.0,565.0,3351.0,2600000.0,2600000.0,2600000.0,1554800000.0,1.0,1.0,,,,,,,,,,,,,,,,,
067ba4a186448d230d296b1ce604d32f,1399/06/31,2934.0,1540.0,3351.0,2600000.0,2600000.0,2600000.0,7628400000.0,1.0,1.0,,,,,,,,,,,,,,,,,
067ba4a186448d230d296b1ce604d32f,1399/09/30,4507.0,2103.0,3351.0,2600000.0,2600000.0,2600000.0,11718200000.0,1.0,1.0,,,,,,,,,,,,,,,,,
067ba4a186448d230d296b1ce604d32f,1399/12/30,6355.0,0.0,3328.0,2600000.0,2600000.0,2600000.0,16523000000.0,1.0,1.0,,,,,,,,,,,,,,,,,
067ba4a186448d230d296b1ce604d32f,1400/03/31,256.0,130.0,1397.0,11950000.0,11950000.0,11950000.0,3059200000.0,1.0,1.0,,,,,,,,,,,,,,,,,
067ba4a186448d230d296b1ce604d32f,1400/06/31,812.0,3003.0,6422.0,11950000.0,2600000.0,2600000.0,9703400000.0,1.0,1.0,,,,,,,,,,,,,,,,,
067ba4a186448d230d296b1ce604d32f,1400/09/30,1300.0,980.0,1397.0,11950000.0,11950000.0,11950000.0,15535000000.0,1.0,1.0,,,,,,,,,,,,,,,,,
067ba4a186448d230d296b1ce604d32f,1400/12/29,2119.0,0.0,1383.0,11950000.0,11950000.0,11950000.0,25322050000.0,1.0,1.0,,,,,,,,,,,,,,,,,
067ba4a186448d230d296b1ce604d32f,1401/03/31,528.0,246.0,2101.0,11950000.0,11950000.0,11950000.0,6309600000.0,1.0,1.0,,,,,,,,,,,,,,,,,
067ba4a186448d230d296b1ce604d32f,1401/06/31,1275.0,807.0,2101.0,11950000.0,11950000.0,11950000.0,15236250000.0,1.0,1.0,,,,,,,,,,,,,,,,,
067ba4a186448d230d296b1ce604d32f,1401/09/30,2129.0,1296.0,2101.0,11950000.0,11950000.0,11950000.0,25441550000.0,1.0,1.0,,,,,,,,,,,,,,,,,
067ba4a186448d230d296b1ce604d32f,1401/12/29,3496.0,0.0,2086.0,11950000.0,11950000.0,11950000.0,41777200000.0,1.0,1.0,,,,,,,,,,,,,,,,,
067ba4a186448d230d296b1ce604d32f,1402/03/31,926.0,615.0,3469.0,11950000.0,11950000.0,11950000.0,11065700000.0,1.0,1.0,,,,,,,,,,,,,,,,,
067ba4a186448d230d296b1ce604d32f,1402/06/31,1767.0,1268.0,3469.0,11950000.0,11950000.0,11950000.0,21115650000.0,1.0,1.0,,,,,,,,,,,,,,,,,
067ba4a186448d230d296b1ce604d32f,1402/09/30,1899.0,2129.0,3469.0,11950000.0,11950000.0,11950000.0,22693050000.0,1.0,1.0,,,,,,,,,,,,,,,,,
067ba4a186448d230d296b1ce604d32f,1402/12/29,1665.0,0.0,3573.0,18000000.0,11950000.0,11950000.0,29970000000.0,1.0,1.0,,,,,,,,,,,,,,,,,
067ba4a186448d230d296b1ce604d32f,1403/03/31,405.0,615.0,1579.0,18000000.0,18000000.0,18000000.0,7290000000.0,1.0,1.0,,,,,,,,,,,,,,,,,
067ba4a186448d230d296b1ce604d32f,1403/06/31,1067.0,1065.0,1579.0,18000000.0,18000000.0,18000000.0,19206000000.0,1.0,1.0,,,,,,,,,,,,,,,,,
067ba4a186448d230d296b1ce604d32f,1403/09/30,1316.0,1261.0,1579.0,18000000.0,18000000.0,18000000.0,23688000000.0,1.0,1.0,,,,,,,,,,,,,,,,,
067ba4a186448d230d296b1ce604d32f,1403/12/30,1575.0,0.0,1567.0,18000000.0,18000000.0,18000000.0,28350000000.0,1.0,1.0,,,,,,,,,,,,,,,,,
067ba4a186448d230d296b1ce604d32f,1404/03/31,485.0,405.0,1487.0,18000000.0,18000000.0,18000000.0,8730000000.0,1.0,1.0,,,,,,,,,,,,,,,,,
067ba4a186448d230d296b1ce604d32f,1404/06/31,1426.0,963.0,1487.0,18000000.0,18000000.0,18000000.0,25668000000.0,1.0,1.0,,,,,,,,,,,,,,,,,
067ba4a186448d230d296b1ce604d32f,1404/09/30,3010.0,0.0,1316.0,18000000.0,0.0,18000000.0,54180000000.0,-0.8190550018456996,100.0,,,,,,,,,,,,,,,,,
067ba4a186448d230d296b1ce604d32f,1404/12/29,4381.0,0.0,1502.0,18000000.0,18000000.0,18000000.0,78858000000.0,4794.0,-400.0,,,,,,,,,,,,,,,,,
067ba4a186448d230d296b1ce604d32f,1405/03/31,1467.0,485.0,4271.0,18000000.0,18000000.0,18000000.0,26406000000.0,35662474.0,12715780.0,125826235.0,172526470.0,80890174.0,446174529.0,-2114742.0,415880.0,26401952.0,8727997.0,76878779.0,9109989.0,5465535.0,58892575.0,322437027.0,248091090.0,146107870.0,139703258.0,176329157.0
07589f30e28ffd0a131f9c4157417d59,1398/03/31,0.0,0.0,0.0,505772.0,75.0,0.0,0.0,1.0,1.0,,,,,,,,,,,,,,,,,
07589f30e28ffd0a131f9c4157417d59,1398/09/30,133.0,381.0,888.0,270000.0,200000.0,270000.0,35910000.0,1.0,1.0,,,,,,,,,,,,,,,,,
07589f30e28ffd0a131f9c4157417d59,1398/12/29,259.0,616.0,888.0,270000.0,270000.0,270000.0,69930000.0,1.0,1.0,,,,,,,,,,,,,,,,,
07589f30e28ffd0a131f9c4157417d59,1399/03/31,281.0,704.0,888.0,270000.0,270000.0,270000.0,75870000.0,1.0,1.0,,,,,,,,,,,,,,,,,
07589f30e28ffd0a131f9c4157417d59,1399/06/31,525.0,0.0,888.0,270000.0,270000.0,270000.0,141750000.0,1.0,1.0,,,,,,,,,,,,,,,,,
07589f30e28ffd0a131f9c4157417d59,1399/09/30,264.0,133.0,525.0,270000.0,270000.0,270000.0,71280000.0,1.0,1.0,,,,,,,,,,,,,,,,,
07589f30e28ffd0a131f9c4157417d59,1399/12/30,1131.0,311.0,525.0,270000.0,270000.0,270000.0,305370000.0,1.0,1.0,,,,,,,,,,,,,,,,,
07589f30e28ffd0a131f9c4157417d59,1400/03/31,1203.0,281.0,525.0,270000.0,270000.0,270000.0,324810000.0,1.0,1.0,,,,,,,,,,,,,,,,,
07589f30e28ffd0a131f9c4157417d59,1400/06/31,1472.0,0.0,525.0,270000.0,270000.0,270000.0,397440000.0,1.0,1.0,,,,,,,,,,,,,,,,,
07589f30e28ffd0a131f9c4157417d59,1400/09/30,190.0,264.0,1472.0,270000.0,270000.0,270000.0,51300000.0,1.0,1.0,,,,,,,,,,,,,,,,,
07589f30e28ffd0a131f9c4157417d59,1400/12/29,536.0,1131.0,1472.0,270000.0,270000.0,270000.0,144720000.0,1.0,1.0,,,,,,,,,,,,,,,,,
07589f30e28ffd0a131f9c4157417d59,1401/03/31,459.0,1203.0,1472.0,270000.0,270000.0,270000.0,123930000.0,1.0,1.0,,,,,,,,,,,,,,,,,
07589f30e28ffd0a131f9c4157417d59,1401/06/31,21.0,0.0,1472.0,3850000.0,270000.0,270000.0,80850000.0,1.0,1.0,,,,,,,,,,,,,,,,,
07589f30e28ffd0a131f9c4157417d59,1401/09/30,8.0,190.0,21.0,3850000.0,270000.0,3850000.0,30800000.0,1.0,1.0,,,,,,,,,,,,,,,,,
07589f30e28ffd0a131f9c4157417d59,1401/12/29,13.0,38.0,21.0,3850000.0,3850000.0,3850000.0,50050000.0,1.0,1.0,,,,,,,,,,,,,,,,,
07589f30e28ffd0a131f9c4157417d59,1402/03/31,15.0,459.0,21.0,4000000.0,270000.0,3850000.0,60000000.0,1.0,1.0,,,,,,,,,,,,,,,,,
07589f30e28ffd0a131f9c4157417d59,1402/06/31,19.0,0.0,21.0,4000000.0,3850000.0,3850000.0,76000000.0,1.0,1.0,,,,,,,,,,,,,,,,,
07589f30e28ffd0a131f9c4157417d59,1402/09/30,36.0,8.0,20.0,4000000.0,3850000.0,4000000.0,144000000.0,1.0,1.0,,,,,,,,,,,,,,,,,
07589f30e28ffd0a131f9c4157417d59,1402/12/29,141.0,12.0,20.0,4000000.0,3850000.0,4000000.0,564000000.0,1.0,1.0,,,,,,,,,,,,,,,,,
07589f30e28ffd0a131f9c4157417d59,1403/03/31,136.0,15.0,20.0,4000000.0,4000000.0,4000000.0,544000000.0,1.0,1.0,,,,,,,,,,,,,,,,,
07589f30e28ffd0a131f9c4157417d59,1403/06/31,136.0,0.0,20.0,4000000.0,4000000.0,4000000.0,544000000.0,1.0,1.0,,,,,,,,,,,,,,,,,
07589f30e28ffd0a131f9c4157417d59,1403/09/30,44.0,36.0,123.0,4000000.0,4000000.0,4000000.0,176000000.0,1.0,1.0,,,,,,,,,,,,,,,,,
07589f30e28ffd0a131f9c4157417d59,1403/12/30,102.0,139.0,123.0,4000000.0,4000000.0,4000000.0,408000000.0,1.0,1.0,,,,,,,,,,,,,,,,,
07589f30e28ffd0a131f9c4157417d59,1404/03/31,95.0,136.0,123.0,4000000.0,4000000.0,4000000.0,380000000.0,1.0,1.0,,,,,,,,,,,,,,,,,
07589f30e28ffd0a131f9c4157417d59,1404/06/31,75.0,123.0,,4000000.0,4000000.0,,300000000.0,638852.0,685993.0,,,,,,,,,,,,,,,,,
07589f30e28ffd0a131f9c4157417d59,1404/09/30,60.0,44.0,75.0,4000000.0,4000000.0,4000000.0,240000000.0,1.0,1.0,,,,,,,,,,,,,,,,,
07589f30e28ffd0a131f9c4157417d59,1404/12/29,197.0,108.0,75.0,4000000.0,4000000.0,4000000.0,788000000.0,1098111.0,609557.0,,,,,,,,,,,,,,,,,
07589f30e28ffd0a131f9c4157417d59,1405/03/31,65.0,95.0,75.0,4000000.0,4000000.0,4000000.0,260000000.0,484123.0,646487.0,,,,,,,,,,,,,,,,,
081486afb8ec3b6088ff61e17ed1e666,1398/01/31,0.0,0.0,0.0,32678521.0,3.0,0.0,0.0,1.0,1.0,,,,,,,,,,,,,,,,,
081486afb8ec3b6088ff61e17ed1e666,1398/04/31,0.0,0.0,0.0,32678521.0,0.0,0.0,0.0,1.0,1.0,,,,,,,,,,,,,,,,,
081486afb8ec3b6088ff61e17ed1e666,1399/01/31,-337.0,-551.0,-2789.0,633000.0,633000.0,633000.0,-213321000.0,1.0,1.0,,,,,,,,,,,,,,,,,
081486afb8ec3b6088ff61e17ed1e666,1399/04/31,-3885.0,-1097.0,-2821.0,633000.0,633000.0,633000.0,-2459205000.0,1.0,1.0,,,,,,,,,,,,,,,,,
081486afb8ec3b6088ff61e17ed1e666,1399/07/30,-195.0,-609.0,-2821.0,16050496.0,633000.0,633000.0,-3129846720.0,1.0,1.0,,,,,,,,,,,,,,,,,
081486afb8ec3b6088ff61e17ed1e666,1399/10/30,-218.0,0.0,-3057.0,16050496.0,633000.0,633000.0,-3499008128.0,1.0,1.0,,,,,,,,,,,,,,,,,
081486afb8ec3b6088ff61e17ed1e666,1400/01/31,377.0,-337.0,-202.0,16050496.0,633000.0,16050496.0,6051036992.0,1.0,1.0,,,,,,,,,,,,,,,,,
081486afb8ec3b6088ff61e17ed1e666,1400/04/31,-191.0,-1987.0,-202.0,16050496.0,633000.0,16050496.0,-3065644736.0,1.0,1.0,,,,,,,,,,,,,,,,,
081486afb8ec3b6088ff61e17ed1e666,1400/07/30,-269.0,-195.0,-202.0,16050496.0,16050496.0,16050496.0,-4317583424.0,1.0,1.0,,,,,,,,,,,,,,,,,
081486afb8ec3b6088ff61e17ed1e666,1400/10/30,-365.0,0.0,-202.0,16050496.0,16050496.0,16050496.0,-5858431040.0,1.0,1.0,,,,,,,,,,,,,,,,,
081486afb8ec3b6088ff61e17ed1e666,1401/01/31,-155.0,-108.0,-593.0,16050496.0,16050496.0,16050496.0,-2487826880.0,1.0,1.0,,,,,,,,,,,,,,,,,
081486afb8ec3b6088ff61e17ed1e666,1401/04/31,-160.0,-183.0,-593.0,16050496.0,16050496.0,16050496.0,-2568079360.0,1.0,1.0,,,,,,,,,,,,,,,,,
081486afb8ec3b6088ff61e17ed1e666,1401/07/30,-214.0,-269.0,-593.0,16050496.0,16050496.0,16050496.0,-3434806144.0,1.0,1.0,,,,,,,,,,,,,,,,,
081486afb8ec3b6088ff61e17ed1e666,1401/10/30,-432.0,0.0,-593.0,16050496.0,16050496.0,16050496.0,-6933814272.0,1.0,1.0,,,,,,,,,,,,,,,,,
081486afb8ec3b6088ff61e17ed1e666,1402/01/31,-179.0,-155.0,-432.0,16050496.0,16050496.0,16050496.0,-2873038784.0,1.0,1.0,,,,,,,,,,,,,,,,,
081486afb8ec3b6088ff61e17ed1e666,1402/04/31,-341.0,-160.0,-432.0,16050496.0,16050496.0,16050496.0,-5473219136.0,1.0,1.0,,,,,,,,,,,,,,,,,
081486afb8ec3b6088ff61e17ed1e666,1402/07/30,-440.0,-214.0,-432.0,16050496.0,16050496.0,16050496.0,-7062218240.0,1.0,1.0,,,,,,,,,,,,,,,,,
081486afb8ec3b6088ff61e17ed1e666,1402/10/30,-547.0,0.0,-432.0,16050496.0,16050496.0,16050496.0,-8779621312.0,1.0,1.0,,,,,,,,,,,,,,,,,
081486afb8ec3b6088ff61e17ed1e666,1403/01/31,-150.0,-179.0,-547.0,16050496.0,16050496.0,16050496.0,-2407574400.0,1.0,1.0,,,,,,,,,,,,,,,,,
081486afb8ec3b6088ff61e17ed1e666,1403/04/31,-257.0,-733.0,-547.0,16050496.0,16050496.0,16050496.0,-4124977472.0,1.0,1.0,,,,,,,,,,,,,,,,,
081486afb8ec3b6088ff61e17ed1e666,1403/07/30,-481.0,-440.0,-547.0,16050496.0,16050496.0,16050496.0,-7720288576.0,1.0,1.0,,,,,,,,,,,,,,,,,
081486afb8ec3b6088ff61e17ed1e666,1403/10/30,-601.0,0.0,-547.0,16050496.0,16050496.0,16050496.0,-9646348096.0,1.0,1.0,,,,,,,,,,,,,,,,,
081486afb8ec3b6088ff61e17ed1e666,1404/01/31,-192.0,-150.0,-618.0,16050496.0,16050496.0,16050496.0,-3081695232.0,1.0,1.0,,,,,,,,,,,,,,,,,
081486afb8ec3b6088ff61e17ed1e666,1404/04/31,-274.0,-228.0,-618.0,16050496.0,16050496.0,16050496.0,-4397835904.0,1.0,1.0,,,,,,,,,,,,,,,,,
0839a7cf2afa34a4cc6cb908eaf9cb4f,1399/03/31,69.0,44.0,-35.0,3570979.0,3570979.0,3570979.0,246397551.0,1.0,1.0,,,,,,,,,,,,,,,,,
0839a7cf2afa34a4cc6cb908eaf9cb4f,1399/06/31,179.0,18.0,-26.0,3570979.0,3570979.0,3570979.0,639205241.0,1.0,1.0,,,,,,,,,,,,,,,,,
0839a7cf2afa34a4cc6cb908eaf9cb4f,1399/09/30,288.0,0.0,-26.0,3570979.0,3570979.0,3570979.0,1028441952.0,1.0,1.0,,,,,,,,,,,,,,,,,
0839a7cf2afa34a4cc6cb908eaf9cb4f,1399/12/30,197.0,-5.0,284.0,3570979.0,3570979.0,3570979.0,703482863.0,1.0,1.0,,,,,,,,,,,,,,,,,
0839a7cf2afa34a4cc6cb908eaf9cb4f,1400/03/31,170.0,55.0,284.0,3570979.0,3570979.0,3570979.0,607066430.0,1.0,1.0,,,,,,,,,,,,,,,,,
0839a7cf2afa34a4cc6cb908eaf9cb4f,1400/06/31,460.0,179.0,284.0,3570979.0,3570979.0,3570979.0,1642650340.0,1.0,1.0,,,,,,,,,,,,,,,,,
0839a7cf2afa34a4cc6cb908eaf9cb4f,1400/09/30,968.0,0.0,436.0,3570979.0,3570979.0,3570979.0,3456707672.0,1.0,1.0,,,,,,,,,,,,,,,,,
0839a7cf2afa34a4cc6cb908eaf9cb4f,1400/12/29,113.0,197.0,416.0,3570979.0,3570979.0,3570979.0,403520627.0,1.0,1.0,,,,,,,,,,,,,,,,,
0839a7cf2afa34a4cc6cb908eaf9cb4f,1401/03/31,126.0,253.0,416.0,3570979.0,3570979.0,3570979.0,449943354.0,1.0,1.0,,,,,,,,,,,,,,,,,
0839a7cf2afa34a4cc6cb908eaf9cb4f,1401/06/31,111.0,460.0,416.0,3570979.0,3570979.0,3570979.0,396378669.0,1.0,1.0,,,,,,,,,,,,,,,,,
0839a7cf2afa34a4cc6cb908eaf9cb4f,1401/09/30,420.0,0.0,874.0,3570979.0,3570979.0,3570979.0,1499811180.0,1.0,1.0,,,,,,,,,,,,,,,,,
0839a7cf2afa34a4cc6cb908eaf9cb4f,1401/12/29,217.0,113.0,183.0,3570979.0,3570979.0,3570979.0,774902443.0,1.0,1.0,,,,,,,,,,,,,,,,,
0839a7cf2afa34a4cc6cb908eaf9cb4f,1402/03/31,498.0,-81.0,183.0,3570979.0,3570979.0,3570979.0,1778347542.0,1.0,1.0,,,,,,,,,,,,,,,,,
0839a7cf2afa34a4cc6cb908eaf9cb4f,1402/06/31,399.0,111.0,183.0,3570979.0,3570979.0,3570979.0,1424820621.0,1.0,1.0,,,,,,,,,,,,,,,,,
0839a7cf2afa34a4cc6cb908eaf9cb4f,1402/09/30,204.0,0.0,103.0,27947726.0,3570979.0,3570979.0,5701336104.0,1.0,1.0,,,,,,,,,,,,,,,,,
0839a7cf2afa34a4cc6cb908eaf9cb4f,1402/12/29,28.0,27.0,94.0,27947726.0,27947726.0,27947726.0,782536328.0,1.0,1.0,,,,,,,,,,,,,,,,,
0839a7cf2afa34a4cc6cb908eaf9cb4f,1403/03/31,14.0,238.0,94.0,27947726.0,27947726.0,27947726.0,391268164.0,1.0,1.0,,,,,,,,,,,,,,,,,
0839a7cf2afa34a4cc6cb908eaf9cb4f,1403/06/31,-9.0,399.0,94.0,27947726.0,27947726.0,27947726.0,-251529534.0,1.0,1.0,,,,,,,,,,,,,,,,,
0839a7cf2afa34a4cc6cb908eaf9cb4f,1403/09/30,105.0,0.0,224.0,27947726.0,27947726.0,27947726.0,2934511230.0,1.0,1.0,,,,,,,,,,,,,,,,,
0839a7cf2afa34a4cc6cb908eaf9cb4f,1403/12/30,20.0,28.0,25.0,27947726.0,27947726.0,27947726.0,558954520.0,1.0,1.0,,,,,,,,,,,,,,,,,
0839a7cf2afa34a4cc6cb908eaf9cb4f,1404/03/31,-32.0,20.0,25.0,27947726.0,27947726.0,27947726.0,-894327232.0,1.0,1.0,,,,,,,,,,,,,,,,,
0839a7cf2afa34a4cc6cb908eaf9cb4f,1404/06/31,-15.0,-9.0,25.0,27947726.0,27947726.0,27947726.0,-419215890.0,1.0,1.0,,,,,,,,,,,,,,,,,
0839a7cf2afa34a4cc6cb908eaf9cb4f,1404/09/30,-2.0,0.0,109.0,27947726.0,27947726.0,27947726.0,-55895452.0,-1.0,100.0,,,,,,,,,,,,,,,,,
0839a7cf2afa34a4cc6cb908eaf9cb4f,1404/12/29,2.0,10.0,111.0,27947726.0,27947726.0,27947726.0,55895452.0,-1.0,100.0,,,,,,,,,,,,,,,,,
0839a7cf2afa34a4cc6cb908eaf9cb4f,1405/03/31,63.0,-63.0,111.0,27947726.0,27947726.0,27947726.0,1760706738.0,4632727.0,-1106811.0,,,,,,,,,,,,,,,,,
0859d2221e900c47ebd6555e399b010c,1402/12/29,2178.0,0.0,1569.0,1000000.0,1000000.0,1000000.0,2178000000.0,2046.0,132.0,,,,,,,,,,,,,,,,,
0859d2221e900c47ebd6555e399b010c,1403/03/31,918.0,622.0,1860.0,1000000.0,1000000.0,1000000.0,918000000.0,0.0,0.0,,,,,,,,,,,,,,,,,
0859d2221e900c47ebd6555e399b010c,1403/06/31,1301.0,959.0,1860.0,1000000.0,1000000.0,1000000.0,1301000000.0,1286.0,15.0,,,,,,,,,,,,,,,,,
0859d2221e900c47ebd6555e399b010c,1403/09/30,1707.0,1163.0,1860.0,1000000.0,1000000.0,1000000.0,1707000000.0,1707.0,0.0,,,,,,,,,,,,,,,,,
0859d2221e900c47ebd6555e399b010c,1403/12/30,2077.0,0.0,1860.0,1000000.0,1390000.0,1000000.0,2077000000.0,2092.0,-14.0,,,,,,,,,,,,,,,,,
0859d2221e900c47ebd6555e399b010c,1404/03/31,350.0,918.0,1973.0,1000000.0,1000000.0,1000000.0,350000000.0,0.0,0.0,,,,,,,,,,,,,,,,,
0859d2221e900c47ebd6555e399b010c,1404/06/31,594.0,1301.0,1973.0,1000000.0,1000000.0,1000000.0,594000000.0,602.0,-8.0,,,,,,,,,,,,,,,,,
0859d2221e900c47ebd6555e399b010c,1404/09/30,1159.0,1707.0,1973.0,1000000.0,1000000.0,1000000.0,1159000000.0,1139.0,20.0,,,,,,,,,,,,,,,,,
0859d2221e900c47ebd6555e399b010c,1404/12/29,3034.0,0.0,1973.0,1000000.0,1000000.0,1000000.0,3034000000.0,3065.0,-31.0,,,,,,,,,,,,,,,,,
0859d2221e900c47ebd6555e399b010c,1405/03/31,1025.0,350.0,2948.0,1000000.0,1000000.0,1000000.0,1025000000.0,1014068.0,354457.0,,1692714.0,1042615.0,,-39356.0,49878.0,,,,,,,,,,,
0875c9b59ace28c22babd5e711c141da,1398/02/31,0.0,0.0,0.0,3481868.0,4.0,0.0,0.0,1.0,1.0,,,,,,,,,,,,,,,,,
0875c9b59ace28c22babd5e711c141da,1398/05/31,0.0,0.0,0.0,3481869.0,3.0,0.0,0.0,1.0,1.0,,,,,,,,,,,,,,,,,
0875c9b59ace28c22babd5e711c141da,1398/11/30,145.0,54.0,653.0,1084000.0,1084000.0,1084000.0,157180000.0,1.0,1.0,,,,,,,,,,,,,,,,,
0875c9b59ace28c22babd5e711c141da,1399/02/31,378.0,311.0,653.0,1084000.0,1084000.0,1084000.0,409752000.0,1.0,1.0,,,,,,,,,,,,,,,,,
0875c9b59ace28c22babd5e711c141da,1399/05/31,734.0,403.0,653.0,1084000.0,1084000.0,1084000.0,795656000.0,1.0,1.0,,,,,,,,,,,,,,,,,
0875c9b59ace28c22babd5e711c141da,1399/08/30,1607.0,0.0,653.0,1084000.0,1084000.0,1084000.0,1741988000.0,1.0,1.0,,,,,,,,,,,,,,,,,
0875c9b59ace28c22babd5e711c141da,1399/11/30,393.0,145.0,1594.0,1084000.0,1084000.0,1084000.0,426012000.0,1.0,1.0,,,,,,,,,,,,,,,,,
0875c9b59ace28c22babd5e711c141da,1400/02/31,294.0,432.0,1594.0,1084000.0,1084000.0,1084000.0,318696000.0,1.0,1.0,,,,,,,,,,,,,,,,,
0875c9b59ace28c22babd5e711c141da,1400/05/31,555.0,734.0,1594.0,1084000.0,1084000.0,1084000.0,601620000.0,1.0,1.0,,,,,,,,,,,,,,,,,
0875c9b59ace28c22babd5e711c141da,1400/08/30,1686.0,0.0,1594.0,1084000.0,1084000.0,1084000.0,1827624000.0,1.0,1.0,,,,,,,,,,,,,,,,,
0875c9b59ace28c22babd5e711c141da,1400/11/30,852.0,389.0,1665.0,1084000.0,1084000.0,1084000.0,923568000.0,1.0,1.0,,,,,,,,,,,,,,,,,
0875c9b59ace28c22babd5e711c141da,1401/02/31,858.0,280.0,1665.0,1084000.0,1084000.0,1084000.0,930072000.0,1.0,1.0,,,,,,,,,,,,,,,,,
0875c9b59ace28c22babd5e711c141da,1401/05/31,1804.0,555.0,1665.0,1084000.0,1084000.0,1084000.0,1955536000.0,1.0,1.0,,,,,,,,,,,,,,,,,
0875c9b59ace28c22babd5e711c141da,1401/08/30,0.0,0.0,0.0,0.0,0.0,0.0,0.0,1.0,1.0,,,,,,,,,,,,,,,,,
0875c9b59ace28c22babd5e711c141da,1401/11/30,1129.0,852.0,2491.0,1824000.0,1084000.0,1084000.0,2059296000.0,1.0,1.0,,,,,,,,,,,,,,,,,
0875c9b59ace28c22babd5e711c141da,1402/02/31,2956.0,833.0,2491.0,1824000.0,1084000.0,1084000.0,5391744000.0,1.0,1.0,,,,,,,,,,,,,,,,,
0875c9b59ace28c22babd5e711c141da,1402/05/31,3036.0,1804.0,2491.0,1824000.0,1084000.0,1084000.0,5537664000.0,1.0,1.0,,,,,,,,,,,,,,,,,
0875c9b59ace28c22babd5e711c141da,1402/08/30,4211.0,0.0,1555.0,1824000.0,1084000.0,1824000.0,7680864000.0,1.0,1.0,,,,,,,,,,,,,,,,,
0875c9b59ace28c22babd5e711c141da,1402/11/30,1812.0,1129.0,4206.0,1824000.0,1824000.0,1824000.0,3305088000.0,1.0,1.0,,,,,,,,,,,,,,,,,
0875c9b59ace28c22babd5e711c141da,1403/02/31,3704.0,2945.0,4206.0,1824000.0,1824000.0,1824000.0,6756096000.0,1.0,1.0,,,,,,,,,,,,,,,,,
0875c9b59ace28c22babd5e711c141da,1403/05/31,5082.0,3036.0,4206.0,1824000.0,1824000.0,1824000.0,9269568000.0,1.0,1.0,,,,,,,,,,,,,,,,,
0875c9b59ace28c22babd5e711c141da,1403/08/30,7266.0,0.0,4206.0,1824000.0,1824000.0,1824000.0,13253184000.0,1.0,1.0,,,,,,,,,,,,,,,,,
0875c9b59ace28c22babd5e711c141da,1403/11/30,2700.0,1812.0,7486.0,1824000.0,1824000.0,1824000.0,4924800000.0,1.0,1.0,,,,,,,,,,,,,,,,,
0875c9b59ace28c22babd5e711c141da,1404/02/31,4996.0,3715.0,7486.0,1824000.0,1824000.0,1824000.0,9112704000.0,1.0,1.0,,,,,,,,,,,,,,,,,
0875c9b59ace28c22babd5e711c141da,1404/05/31,7178.0,5082.0,7486.0,1824000.0,1824000.0,1824000.0,13092672000.0,1.0,1.0,,,,,,,,,,,,,,,,,
0875c9b59ace28c22babd5e711c141da,1404/09/30,1594.0,711.0,11251.0,1824000.0,1824000.0,1824000.0,2907456000.0,-1.0,100.0,,,,,,,,,,,,,,,,,
0875c9b59ace28c22babd5e711c141da,1404/12/29,4948.0,1759.0,1759.0,1824000.0,1824000.0,1824000.0,9025152000.0,-1.0,100.0,,,,,,,,,,,,,,,,,
0ab048f709cfd236a0ad7aaf542a990c,1398/06/31,740.0,376.0,490.0,2936422.0,2936422.0,2936422.0,2172952280.0,1.0,1.0,,,,,,,,,,,,,,,,,
0ab048f709cfd236a0ad7aaf542a990c,1398/09/30,1043.0,401.0,490.0,2936422.0,2936422.0,2936422.0,3062688146.0,1.0,1.0,,,,,,,,,,,,,,,,,
0ab048f709cfd236a0ad7aaf542a990c,1398/12/29,1602.0,0.0,447.0,2936422.0,2936422.0,2936422.0,4704148044.0,1.0,1.0,,,,,,,,,,,,,,,,,
0ab048f709cfd236a0ad7aaf542a990c,1399/03/31,2267.0,271.0,1567.0,2936422.0,2936422.0,2936422.0,6656868674.0,1.0,1.0,,,,,,,,,,,,,,,,,
0ab048f709cfd236a0ad7aaf542a990c,1399/06/31,3287.0,740.0,1548.0,2936422.0,2936422.0,2936422.0,9652019114.0,1.0,1.0,,,,,,,,,,,,,,,,,
0ab048f709cfd236a0ad7aaf542a990c,1399/09/30,4482.0,1043.0,1548.0,2936422.0,2936422.0,2936422.0,13161043404.0,1.0,1.0,,,,,,,,,,,,,,,,,
0ab048f709cfd236a0ad7aaf542a990c,1399/12/30,0.0,0.0,0.0,0.0,0.0,0.0,0.0,1.0,1.0,,,,,,,,,,,,,,,,,
0ab048f709cfd236a0ad7aaf542a990c,1400/03/31,2549.0,2261.0,7438.0,2936422.0,2936422.0,2936422.0,7484939678.0,1.0,1.0,,,,,,,,,,,,,,,,,
0ab048f709cfd236a0ad7aaf542a990c,1400/06/31,5245.0,3287.0,7377.0,2936422.0,2936422.0,2936422.0,15401533390.0,1.0,1.0,,,,,,,,,,,,,,,,,
0ab048f709cfd236a0ad7aaf542a990c,1400/09/30,6919.0,4592.0,7377.0,2936422.0,2936422.0,2936422.0,20317103818.0,1.0,1.0,,,,,,,,,,,,,,,,,
0ab048f709cfd236a0ad7aaf542a990c,1400/12/29,2201.0,0.0,7359.0,12771022.0,2936422.0,2936422.0,28109019422.0,1.0,1.0,,,,,,,,,,,,,,,,,
0ab048f709cfd236a0ad7aaf542a990c,1401/03/31,364.0,586.0,2196.0,12771022.0,12771022.0,12771022.0,4648652008.0,1.0,1.0,,,,,,,,,,,,,,,,,
0ab048f709cfd236a0ad7aaf542a990c,1401/06/31,485.0,5256.0,2212.0,12771022.0,2936422.0,12771022.0,6193945670.0,1.0,1.0,,,,,,,,,,,,,,,,,
0ab048f709cfd236a0ad7aaf542a990c,1401/09/30,973.0,6989.0,2212.0,12771022.0,2936422.0,12771022.0,12426204406.0,1.0,1.0,,,,,,,,,,,,,,,,,
0ab048f709cfd236a0ad7aaf542a990c,1401/12/29,1486.0,0.0,2212.0,12771022.0,12771022.0,12771022.0,18977738692.0,1.0,1.0,,,,,,,,,,,,,,,,,
0ab048f709cfd236a0ad7aaf542a990c,1402/03/31,611.0,364.0,1471.0,12771022.0,12771022.0,12771022.0,7803094442.0,1.0,1.0,,,,,,,,,,,,,,,,,
0ab048f709cfd236a0ad7aaf542a990c,1402/06/31,1441.0,494.0,1471.0,12771022.0,12771022.0,12771022.0,18403042702.0,1.0,1.0,,,,,,,,,,,,,,,,,
0ab048f709cfd236a0ad7aaf542a990c,1402/09/30,2112.0,973.0,1471.0,12771022.0,12771022.0,12771022.0,26972398464.0,1.0,1.0,,,,,,,,,,,,,,,,,
0ab048f709cfd236a0ad7aaf542a990c,1402/12/29,2702.0,0.0,1497.0,12771022.0,12771022.0,12771022.0,34507301444.0,1.0,1.0,,,,,,,,,,,,,,,,,
0ab048f709cfd236a0ad7aaf542a990c,1403/03/31,760.0,611.0,2726.0,12771022.0,12771022.0,12771022.0,9705976720.0,1.0,1.0,,,,,,,,,,,,,,,,,
0ab048f709cfd236a0ad7aaf542a990c,1403/06/31,534.0,1527.0,2702.0,39300000.0,12771022.0,12771022.0,20986200000.0,1.0,1.0,,,,,,,,,,,,,,,,,
0ab048f709cfd236a0ad7aaf542a990c,1403/09/30,658.0,2112.0,2726.0,39300000.0,12771022.0,12771022.0,25859400000.0,1.0,1.0,,,,,,,,,,,,,,,,,
0ab048f709cfd236a0ad7aaf542a990c,1403/12/30,790.0,0.0,2726.0,39300000.0,12771022.0,12771022.0,31047000000.0,1.0,1.0,,,,,,,,,,,,,,,,,
0ab048f709cfd236a0ad7aaf542a990c,1404/03/31,248.0,750.0,779.0,39300000.0,12771022.0,39300000.0,9746400000.0,1.0,1.0,,,,,,,,,,,,,,,,,
0ab048f709cfd236a0ad7aaf542a990c,1404/06/31,235.0,400.0,779.0,69300000.0,39300000.0,39300000.0,16285500000.0,1.0,1.0,,,,,,,,,,,,,,,,,
0ab048f709cfd236a0ad7aaf542a990c,1404/09/30,343.0,658.0,779.0,69300000.0,39300000.0,39300000.0,23769900000.0,1.0,1.0,,,,,,,,,,,,,,,,,
0ab048f709cfd236a0ad7aaf542a990c,1404/12/29,672.0,0.0,779.0,69300000.0,39300000.0,39300000.0,46569600000.0,-1.0,100.0,,,,,,,,,,,,,,,,,
0ab048f709cfd236a0ad7aaf542a990c,1405/03/31,188.0,248.0,691.0,69300000.0,39300000.0,69300000.0,13028400000.0,14860181.0,10765261.0,,,,,,,,,,,,,,,,,
0b933179128a75d133acc7cac85b4662,1402/12/29,680.0,0.0,1011.0,4500000.0,1350000.0,2700000.0,3060000000.0,1.0,1.0,,,,,,,,,,,,,,,,,
0b933179128a75d133acc7cac85b4662,1403/03/31,815.0,0.0,0.0,6600000.0,2200000.0,200.0,5379000000.0,1.0,1.0,,,,,,,,,,,,,,,,,
0b933179128a75d133acc7cac85b4662,1403/06/31,401.0,289.0,1078.0,700000.0,700000.0,700000.0,280700000.0,1.0,1.0,,,,,,,,,,,,,,,,,
0b933179128a75d133acc7cac85b4662,1403/09/30,-6.0,-7.0,705.0,6600000.0,6600000.0,6600000.0,-39600000.0,1.0,1.0,,,,,,,,,,,,,,,,,
0b933179128a75d133acc7cac85b4662,1403/12/30,912.0,0.0,784.0,440000.0,240000.0,240000.0,401280000.0,1.0,1.0,,,,,,,,,,,,,,,,,
0b933179128a75d133acc7cac85b4662,1404/03/31,327.0,0.0,468.0,9900000.0,6600000.0,6600000.0,3237300000.0,1.0,1.0,,,,,,,,,,,,,,,,,
0b933179128a75d133acc7cac85b4662,1404/06/31,78.0,114.0,232.0,880000.0,700000.0,880000.0,68640000.0,1.0,1.0,,,,,,,,,,,,,,,,,
0b933179128a75d133acc7cac85b4662,1404/09/30,73.0,39.0,420.0,9900000.0,9900000.0,9900000.0,722700000.0,1.0,1.0,,,,,,,,,,,,,,,,,
0b933179128a75d133acc7cac85b4662,1404/12/29,622.0,414.0,,2801000.0,2280990.0,,1742222000.0,2388869.0,1404722.0,,,,,,,,,,,,,,,,,
0d19caedc1f47bfbce6949cc9fd54846,1398/06/31,903.0,715.0,2013.0,372886.0,372886.0,372886.0,336716058.0,1.0,1.0,,,,,,,,,,,,,,,,,
0d19caedc1f47bfbce6949cc9fd54846,1398/09/30,1496.0,1486.0,2013.0,372886.0,372886.0,372886.0,557837456.0,1.0,1.0,,,,,,,,,,,,,,,,,
0d19caedc1f47bfbce6949cc9fd54846,1398/12/29,2095.0,0.0,2013.0,372886.0,372886.0,372886.0,781196170.0,1.0,1.0,,,,,,,,,,,,,,,,,
0d19caedc1f47bfbce6949cc9fd54846,1399/03/31,943.0,480.0,2081.0,372886.0,372886.0,372886.0,351631498.0,1.0,1.0,,,,,,,,,,,,,,,,,
0d19caedc1f47bfbce6949cc9fd54846,1399/06/31,798.0,911.0,2081.0,800000.0,372886.0,372886.0,638400000.0,1.0,1.0,,,,,,,,,,,,,,,,,
0d19caedc1f47bfbce6949cc9fd54846,1399/09/30,1180.0,1496.0,2081.0,800000.0,372886.0,372886.0,944000000.0,1.0,1.0,,,,,,,,,,,,,,,,,
0d19caedc1f47bfbce6949cc9fd54846,1399/12/30,1650.0,0.0,2081.0,800000.0,372886.0,372886.0,1320000000.0,1.0,1.0,,,,,,,,,,,,,,,,,
0d19caedc1f47bfbce6949cc9fd54846,1400/03/31,534.0,440.0,1647.0,800000.0,800000.0,800000.0,427200000.0,1.0,1.0,,,,,,,,,,,,,,,,,
0d19caedc1f47bfbce6949cc9fd54846,1400/06/31,1008.0,801.0,1647.0,800000.0,800000.0,800000.0,806400000.0,1.0,1.0,,,,,,,,,,,,,,,,,
0d19caedc1f47bfbce6949cc9fd54846,1400/09/30,1451.0,1180.0,1647.0,800000.0,800000.0,800000.0,1160800000.0,1.0,1.0,,,,,,,,,,,,,,,,,
0d19caedc1f47bfbce6949cc9fd54846,1400/12/29,2011.0,0.0,1647.0,800000.0,800000.0,800000.0,1608800000.0,1.0,1.0,,,,,,,,,,,,,,,,,
0d19caedc1f47bfbce6949cc9fd54846,1401/03/31,457.0,534.0,2106.0,800000.0,800000.0,800000.0,365600000.0,1.0,1.0,,,,,,,,,,,,,,,,,
0d19caedc1f47bfbce6949cc9fd54846,1401/06/31,361.0,1003.0,2106.0,2000000.0,800000.0,800000.0,722000000.0,1.0,1.0,,,,,,,,,,,,,,,,,
0d19caedc1f47bfbce6949cc9fd54846,1401/09/30,567.0,1451.0,2106.0,2000000.0,800000.0,800000.0,1134000000.0,1.0,1.0,,,,,,,,,,,,,,,,,
0d19caedc1f47bfbce6949cc9fd54846,1401/12/29,664.0,0.0,2106.0,2000000.0,800000.0,800000.0,1328000000.0,1.0,1.0,,,,,,,,,,,,,,,,,
0d19caedc1f47bfbce6949cc9fd54846,1402/03/31,91.0,182.0,664.0,2000000.0,2000000.0,2000000.0,182000000.0,1.0,1.0,,,,,,,,,,,,,,,,,
0d19caedc1f47bfbce6949cc9fd54846,1402/06/31,116.0,377.0,664.0,2000000.0,2000000.0,2000000.0,232000000.0,1.0,1.0,,,,,,,,,,,,,,,,,
0d19caedc1f47bfbce6949cc9fd54846,1402/09/30,194.0,567.0,664.0,2000000.0,2000000.0,2000000.0,388000000.0,1.0,1.0,,,,,,,,,,,,,,,,,
0d19caedc1f47bfbce6949cc9fd54846,1402/12/29,299.0,0.0,664.0,2000000.0,2000000.0,2000000.0,598000000.0,1.0,1.0,,,,,,,,,,,,,,,,,
0d19caedc1f47bfbce6949cc9fd54846,1403/03/31,107.0,91.0,299.0,2000000.0,2000000.0,2000000.0,214000000.0,1.0,1.0,,,,,,,,,,,,,,,,,
0d19caedc1f47bfbce6949cc9fd54846,1403/06/31,-38.0,143.0,299.0,2000000.0,2000000.0,2000000.0,-76000000.0,1.0,1.0,,,,,,,,,,,,,,,,,
0d19caedc1f47bfbce6949cc9fd54846,1403/09/30,-457.0,194.0,299.0,2000000.0,2000000.0,2000000.0,-914000000.0,1.0,1.0,,,,,,,,,,,,,,,,,
0d19caedc1f47bfbce6949cc9fd54846,1403/12/30,-194.0,0.0,299.0,9717256.0,2000000.0,2000000.0,-1885147664.0,1.0,1.0,,,,,,,,,,,,,,,,,
0d19caedc1f47bfbce6949cc9fd54846,1404/03/31,-88.0,22.0,-195.0,9717256.0,9717256.0,9717256.0,-855118528.0,1.0,1.0,,,,,,,,,,,,,,,,,
0d19caedc1f47bfbce6949cc9fd54846,1404/06/31,-91.0,-8.0,-195.0,9717256.0,9717256.0,9717256.0,-884270296.0,1.0,1.0,,,,,,,,,,,,,,,,,
0d19caedc1f47bfbce6949cc9fd54846,1404/09/30,-69.0,-94.0,-195.0,19717256.0,9717256.0,9717256.0,-1360490664.0,1.0,1.0,,,,,,,,,,,,,,,,,
0d19caedc1f47bfbce6949cc9fd54846,1404/12/29,-290.0,0.0,-195.0,9717256.0,9717256.0,9717256.0,-2818004240.0,-1.0,100.0,,,,,,,,,,,,,,,,,
0d19caedc1f47bfbce6949cc9fd54846,1405/03/31,30.0,-44.0,-143.0,19717256.0,19717256.0,19717256.0,591517680.0,1060851.0,-604982.0,,,,,,,,,,,,,,,,,
0e16759f2d662dc8bc10d9604b5c3a7e,1399/12/30,40.0,0.0,1710.0,1170529.0,1170529.0,1170529.0,46821160.0,1.0,1.0,,,,,,,,,,,,,,,,,
0e16759f2d662dc8bc10d9604b5c3a7e,1400/09/30,21.0,22.0,40.0,1170529.0,1170529.0,1170529.0,24581109.0,1.0,1.0,,,,,,,,,,,,,,,,,
0e16759f2d662dc8bc10d9604b5c3a7e,1400/12/29,165.0,0.0,40.0,1170529.0,1170529.0,1170529.0,193137285.0,1.0,1.0,,,,,,,,,,,,,,,,,
0e16759f2d662dc8bc10d9604b5c3a7e,1401/03/31,104.0,-18.0,165.0,1170529.0,1170529.0,1170529.0,121735016.0,1.0,1.0,,,,,,,,,,,,,,,,,
0e16759f2d662dc8bc10d9604b5c3a7e,1401/06/31,0.0,11.0,165.0,0.0,1170529.0,1170529.0,0.0,1.0,1.0,,,,,,,,,,,,,,,,,
0e16759f2d662dc8bc10d9604b5c3a7e,1401/09/30,181.0,21.0,165.0,2462567.0,1170529.0,1170529.0,445724627.0,1.0,1.0,,,,,,,,,,,,,,,,,
0e16759f2d662dc8bc10d9604b5c3a7e,1401/12/29,354.0,0.0,165.0,2462567.0,1170529.0,1170529.0,871748718.0,1.0,1.0,,,,,,,,,,,,,,,,,
0e16759f2d662dc8bc10d9604b5c3a7e,1402/03/31,135.0,50.0,307.0,2462567.0,2462567.0,2462567.0,332446545.0,1.0,1.0,,,,,,,,,,,,,,,,,
0e16759f2d662dc8bc10d9604b5c3a7e,1402/06/31,302.0,84.0,307.0,2462567.0,2462567.0,2462567.0,743695234.0,1.0,1.0,,,,,,,,,,,,,,,,,
0e16759f2d662dc8bc10d9604b5c3a7e,1402/09/30,502.0,181.0,307.0,2462567.0,2462567.0,2462567.0,1236208634.0,1.0,1.0,,,,,,,,,,,,,,,,,
0e16759f2d662dc8bc10d9604b5c3a7e,1403/03/31,283.0,135.0,727.0,2462567.0,2462567.0,2462567.0,696906461.0,1.0,1.0,,,,,,,,,,,,,,,,,
0e16759f2d662dc8bc10d9604b5c3a7e,1403/06/31,534.0,286.0,727.0,2462567.0,2462567.0,2462567.0,1315010778.0,1.0,1.0,,,,,,,,,,,,,,,,,
0e16759f2d662dc8bc10d9604b5c3a7e,1403/09/30,1124.0,500.0,727.0,2462567.0,2462567.0,2462567.0,2767925308.0,1.0,1.0,,,,,,,,,,,,,,,,,
0e16759f2d662dc8bc10d9604b5c3a7e,1403/12/30,913.0,0.0,661.0,2462567.0,0.0,2462567.0,2248323671.0,1.0,1.0,,,,,,,,,,,,,,,,,
0e16759f2d662dc8bc10d9604b5c3a7e,1404/03/31,144.0,324.0,1712.0,2462567.0,2462567.0,2462567.0,354609648.0,1.0,1.0,,,,,,,,,,,,,,,,,
0e16759f2d662dc8bc10d9604b5c3a7e,1404/06/31,-216.0,614.0,1712.0,2462567.0,2462567.0,2462567.0,-531914472.0,1.0,1.0,,,,,,,,,,,,,,,,,
0e16759f2d662dc8bc10d9604b5c3a7e,1404/09/30,-3015.0,0.0,1124.0,2462567.0,0.0,2462567.0,-7424639505.0,-24.96890251373895,100.0,,,,,,,,,,,,,,,,,
0e16759f2d662dc8bc10d9604b5c3a7e,1404/12/29,-2232.0,0.0,989.0,2462567.0,0.0,2462567.0,-5496449544.0,242.0,-2474.0,,,,,,,,,,,,,,,,,
0e16759f2d662dc8bc10d9604b5c3a7e,1405/03/31,-300.0,-570.0,-1819.0,2462567.0,2462567.0,2462567.0,-738770100.0,1372249.0,353646.0,3049417.0,7263752.0,9066118.0,30375309.0,-2292691.0,182841.0,-737601.0,-1402642.0,-4478611.0,3180233.0,6744349.0,11723902.0,53089590.0,4371799.0,51467443.0,31997244.0,1622147.0
0e3a6731bfe6da581d9c4190b9b9707b,1398/06/31,1617.0,1392.0,1746.0,800000.0,400000.0,677316.0,1293600000.0,1899026.0,869526.0,,,,,,,,,,,,,,,,,
0e3a6731bfe6da581d9c4190b9b9707b,1398/09/30,2752.0,1426.0,1478.0,800000.0,800000.0,800000.0,2201600000.0,3235481.0,1360275.0,,,,,,,,,,,,,,,,,
0e3a6731bfe6da581d9c4190b9b9707b,1398/12/29,3909.0,1478.0,,800000.0,800000.0,,3127200000.0,4268687.0,1887542.0,,,,,,,,,,,,,,,,,
0e3a6731bfe6da581d9c4190b9b9707b,1399/03/31,1443.0,675.0,3909.0,800000.0,800000.0,800000.0,1154400000.0,1646306.0,809234.0,,,,,,,,,,,,,,,,,
0e3a6731bfe6da581d9c4190b9b9707b,1399/06/31,3237.0,1608.0,3909.0,800000.0,800000.0,800000.0,2589600000.0,3677068.0,1927741.0,,,,,,,,,,,,,,,,,
0e3a6731bfe6da581d9c4190b9b9707b,1399/09/30,1885.0,2752.0,3909.0,2400000.0,800000.0,800000.0,4524000000.0,6432052.0,3235481.0,,,,,,,,,,,,,,,,,
0e3a6731bfe6da581d9c4190b9b9707b,1399/12/30,2457.0,1303.0,,2400000.0,2400000.0,,5896800000.0,7994020.0,4304846.0,,,,,,,,,,,,,,,,,
0e3a6731bfe6da581d9c4190b9b9707b,1400/03/31,701.0,481.0,2457.0,2400000.0,2400000.0,2400000.0,1682400000.0,2444992.0,1646306.0,,,,,,,,,,,,,,,,,
0e3a6731bfe6da581d9c4190b9b9707b,1400/06/31,1570.0,1079.0,2457.0,2400000.0,2400000.0,2400000.0,3768000000.0,5439756.0,3677068.0,,,,,,,,,,,,,,,,,
0e3a6731bfe6da581d9c4190b9b9707b,1400/09/30,2521.0,1885.0,2457.0,2400000.0,2400000.0,2400000.0,6050400000.0,8711191.0,6432052.0,,,,,,,,,,,,,,,,,
0e3a6731bfe6da581d9c4190b9b9707b,1400/12/29,3522.0,2457.0,,2400000.0,2400000.0,,8452800000.0,11212780.0,7994020.0,,,,,,,,,,,,,,,,,
0e3a6731bfe6da581d9c4190b9b9707b,1401/03/31,859.0,701.0,3522.0,2400000.0,2400000.0,2400000.0,2061600000.0,2977141.0,2444992.0,,,,,,,,,,,,,,,,,
0e3a6731bfe6da581d9c4190b9b9707b,1401/06/31,1627.0,1570.0,3522.0,2400000.0,2400000.0,2400000.0,3904800000.0,5761981.0,5439757.0,,,,,,,,,,,,,,,,,
0e3a6731bfe6da581d9c4190b9b9707b,1401/09/30,0.0,0.0,0.0,2400000.0,2400000.0,2400000.0,0.0,12325751.0,8711191.0,,,,,,,,,,,,,,,,,
0e3a6731bfe6da581d9c4190b9b9707b,1401/12/29,4949.0,3522.0,,2400000.0,2400000.0,,11877600000.0,15713427.0,11212780.0,,,,,,,,,,,,,,,,,
0e3a6731bfe6da581d9c4190b9b9707b,1402/03/31,1684.0,859.0,4949.0,2400000.0,2400000.0,2400000.0,4041600000.0,5954564.0,2977141.0,,,,,,,,,,,,,,,,,
0e3a6731bfe6da581d9c4190b9b9707b,1402/06/31,3394.0,1627.0,4949.0,2400000.0,2400000.0,2400000.0,8145600000.0,12302047.0,5761981.0,,,,,,,,,,,,,,,,,
0e3a6731bfe6da581d9c4190b9b9707b,1402/09/30,4867.0,3543.0,4949.0,2400000.0,2400000.0,2400000.0,11680800000.0,17822571.0,12325751.0,,,,,,,,,,,,,,,,,
0e3a6731bfe6da581d9c4190b9b9707b,1402/12/29,5761.0,4949.0,,2400000.0,2400000.0,,13826400000.0,21347972.0,15747352.0,,,,,,,,,,,,,,,,,
0e3a6731bfe6da581d9c4190b9b9707b,1403/03/31,1431.0,1684.0,5761.0,2400000.0,2400000.0,2400000.0,3434400000.0,5558214.0,5954564.0,,,,,,,,,,,,,,,,,
0e3a6731bfe6da581d9c4190b9b9707b,1403/06/31,2602.0,3403.0,5761.0,2400000.0,2400000.0,2400000.0,6244800000.0,10552235.0,12302047.0,,,,,,,,,,,,,,,,,
0e3a6731bfe6da581d9c4190b9b9707b,1403/09/30,1429.0,1622.0,1920.0,7200000.0,7200000.0,7200000.0,10288800000.0,14738102.0,17822571.0,,,,,,,,,,,,,,,,,
0e3a6731bfe6da581d9c4190b9b9707b,1403/12/30,543.0,113.0,1429.0,7200000.0,7200000.0,7200000.0,3909600000.0,5979933.0,1938602.0,,,,,,,,,,,,,,,,,
0e3a6731bfe6da581d9c4190b9b9707b,1404/03/31,1100.0,846.0,1429.0,7200000.0,7200000.0,7200000.0,7920000000.0,12248890.0,10341672.0,,,,,,,,,,,,,,,,,
0e3a6731bfe6da581d9c4190b9b9707b,1404/06/31,1760.0,1429.0,1429.0,7200000.0,7200000.0,7200000.0,12672000000.0,20306194.0,14738102.0,,,,,,,,,,,,,,,,,
0e3a6731bfe6da581d9c4190b9b9707b,1404/09/30,2489.0,1429.0,,7200000.0,7200000.0,,17920800000.0,28525275.0,14738102.0,,,,,,,,,,,,,,,,,
0e3a6731bfe6da581d9c4190b9b9707b,1404/12/29,819.0,543.0,2489.0,7200000.0,7200000.0,7200000.0,5896800000.0,8945637.0,5979933.0,,,,,,,,,,,,,,,,,
0e3a6731bfe6da581d9c4190b9b9707b,1405/03/31,1826.0,1100.0,2489.0,14400000.0,7200000.0,7200000.0,26294400000.0,37464630.0,12248890.0,,,,,-4858507.0,269666.0,,,,,,,,,,,
100d9b545dbca1cb4b62ecc648741665,1398/06/31,184.0,149.0,534.0,400000.0,400000.0,400000.0,73600000.0,1.0,1.0,,,,,,,,,,,,,,,,,
100d9b545dbca1cb4b62ecc648741665,1398/09/30,435.0,319.0,534.0,400000.0,400000.0,400000.0,174000000.0,1.0,1.0,,,,,,,,,,,,,,,,,
100d9b545dbca1cb4b62ecc648741665,1398/12/29,627.0,0.0,534.0,400000.0,400000.0,400000.0,250800000.0,1.0,1.0,,,,,,,,,,,,,,,,,
100d9b545dbca1cb4b62ecc648741665,1399/03/31,226.0,83.0,627.0,400000.0,400000.0,400000.0,90400000.0,1.0,1.0,,,,,,,,,,,,,,,,,
100d9b545dbca1cb4b62ecc648741665,1399/06/31,850.0,184.0,627.0,400000.0,400000.0,400000.0,340000000.0,1.0,1.0,,,,,,,,,,,,,,,,,
100d9b545dbca1cb4b62ecc648741665,1399/09/30,1507.0,435.0,627.0,400000.0,400000.0,400000.0,602800000.0,1.0,1.0,,,,,,,,,,,,,,,,,
100d9b545dbca1cb4b62ecc648741665,1399/12/30,1802.0,0.0,627.0,400000.0,400000.0,400000.0,720800000.0,1.0,1.0,,,,,,,,,,,,,,,,,
100d9b545dbca1cb4b62ecc648741665,1400/03/31,524.0,226.0,1982.0,400000.0,400000.0,400000.0,209600000.0,1.0,1.0,,,,,,,,,,,,,,,,,
100d9b545dbca1cb4b62ecc648741665,1400/06/31,1551.0,825.0,1982.0,400000.0,400000.0,400000.0,620400000.0,1.0,1.0,,,,,,,,,,,,,,,,,
100d9b545dbca1cb4b62ecc648741665,1400/09/30,2507.0,1507.0,1982.0,400000.0,400000.0,400000.0,1002800000.0,1.0,1.0,,,,,,,,,,,,,,,,,
100d9b545dbca1cb4b62ecc648741665,1400/12/29,2676.0,0.0,1982.0,399808.0,400000.0,400000.0,1069886208.0,1.0,1.0,,,,,,,,,,,,,,,,,
100d9b545dbca1cb4b62ecc648741665,1401/03/31,992.0,524.0,2761.0,400000.0,400000.0,400000.0,396800000.0,1.0,1.0,,,,,,,,,,,,,,,,,
100d9b545dbca1cb4b62ecc648741665,1401/06/31,2349.0,1553.0,2761.0,400000.0,400000.0,400000.0,939600000.0,1.0,1.0,,,,,,,,,,,,,,,,,
100d9b545dbca1cb4b62ecc648741665,1401/09/30,4021.0,2507.0,2762.0,400000.0,400000.0,399795.0,1608400000.0,1.0,1.0,,,,,,,,,,,,,,,,,
100d9b545dbca1cb4b62ecc648741665,1401/12/29,5009.0,0.0,2761.0,400000.0,400000.0,400000.0,2003600000.0,1.0,1.0,,,,,,,,,,,,,,,,,
100d9b545dbca1cb4b62ecc648741665,1402/03/31,1683.0,992.0,5037.0,400000.0,400000.0,399923.0,673200000.0,1.0,1.0,,,,,,,,,,,,,,,,,
100d9b545dbca1cb4b62ecc648741665,1402/06/31,3808.0,2349.0,5036.0,400000.0,400000.0,400000.0,1523200000.0,1.0,1.0,,,,,,,,,,,,,,,,,
100d9b545dbca1cb4b62ecc648741665,1402/09/30,5847.0,4021.0,5036.0,400000.0,400000.0,400000.0,2338800000.0,1.0,1.0,,,,,,,,,,,,,,,,,
100d9b545dbca1cb4b62ecc648741665,1402/12/29,755.0,0.0,4834.0,3848290.0,400000.0,400000.0,2905458950.0,1.0,1.0,,,,,,,,,,,,,,,,,
100d9b545dbca1cb4b62ecc648741665,1403/03/31,231.0,175.0,738.0,3848290.0,3848290.0,3848290.0,888954990.0,1.0,1.0,,,,,,,,,,,,,,,,,
100d9b545dbca1cb4b62ecc648741665,1403/06/31,407.0,369.0,738.0,3848290.0,3848290.0,3848290.0,1566254030.0,1.0,1.0,,,,,,,,,,,,,,,,,
100d9b545dbca1cb4b62ecc648741665,1403/09/30,751.0,608.0,738.0,3848290.0,3848290.0,3848290.0,2890065790.0,1.0,1.0,,,,,,,,,,,,,,,,,
100d9b545dbca1cb4b62ecc648741665,1403/12/30,1055.0,0.0,738.0,3848290.0,3848290.0,3848290.0,4059945950.0,1.0,1.0,,,,,,,,,,,,,,,,,
100d9b545dbca1cb4b62ecc648741665,1404/03/31,262.0,231.0,1042.0,3848290.0,3848290.0,3848290.0,1008251980.0,1.0,1.0,,,,,,,,,,,,,,,,,
100d9b545dbca1cb4b62ecc648741665,1404/06/31,325.0,373.0,1042.0,3848290.0,3848290.0,3848290.0,1250694250.0,1.0,1.0,,,,,,,,,,,,,,,,,
100d9b545dbca1cb4b62ecc648741665,1404/09/30,613.0,751.0,1042.0,5350000.0,3848290.0,3848290.0,3279550000.0,1.0,1.0,,,,,,,,,,,,,,,,,
100d9b545dbca1cb4b62ecc648741665,1404/12/29,898.0,1042.0,,5350000.0,3848290.0,,4804300000.0,5268548.0,4889097.0,,,,,,,,,,,,,,,,,
100d9b545dbca1cb4b62ecc648741665,1405/03/31,302.0,189.0,820.0,5350000.0,5350000.0,5350000.0,1615700000.0,1883011.0,1266234.0,,7786316.0,4561405.0,,-193156.0,148103.0,,,,,,,,,,,
1025955b553ca1fa9153eea469591cb1,1398/06/31,0.0,0.0,0.0,9660509.0,-1.0,0.0,0.0,1.0,1.0,,,,,,,,,,,,,,,,,
1025955b553ca1fa9153eea469591cb1,1398/09/30,1470.0,1190.0,1506.0,1450000.0,1450000.0,1450000.0,2131500000.0,1.0,1.0,,,,,,,,,,,,,,,,,
1025955b553ca1fa9153eea469591cb1,1398/12/29,1937.0,0.0,1506.0,1450000.0,1450000.0,1450000.0,2808650000.0,1.0,1.0,,,,,,,,,,,,,,,,,
1025955b553ca1fa9153eea469591cb1,1399/03/31,535.0,377.0,2075.0,1450000.0,1450000.0,1450000.0,775750000.0,1.0,1.0,,,,,,,,,,,,,,,,,
1025955b553ca1fa9153eea469591cb1,1399/06/31,1036.0,853.0,2075.0,1450000.0,1450000.0,1450000.0,1502200000.0,1.0,1.0,,,,,,,,,,,,,,,,,
1025955b553ca1fa9153eea469591cb1,1399/09/30,2151.0,1470.0,2075.0,1450000.0,1450000.0,1450000.0,3118950000.0,1.0,1.0,,,,,,,,,,,,,,,,,
1025955b553ca1fa9153eea469591cb1,1399/12/30,1464.0,0.0,2075.0,3000000.0,1450000.0,1450000.0,4392000000.0,1.0,1.0,,,,,,,,,,,,,,,,,
1025955b553ca1fa9153eea469591cb1,1400/03/31,391.0,259.0,1445.0,3000000.0,3000000.0,3000000.0,1173000000.0,1.0,1.0,,,,,,,,,,,,,,,,,
1025955b553ca1fa9153eea469591cb1,1400/06/31,881.0,643.0,1395.0,3000000.0,3000000.0,3000000.0,2643000000.0,1.0,1.0,,,,,,,,,,,,,,,,,
1025955b553ca1fa9153eea469591cb1,1400/09/30,1326.0,1040.0,1395.0,3000000.0,3000000.0,3000000.0,3978000000.0,1.0,1.0,,,,,,,,,,,,,,,,,
1025955b553ca1fa9153eea469591cb1,1400/12/29,1651.0,0.0,1395.0,3000000.0,3000000.0,3000000.0,4953000000.0,1.0,1.0,,,,,,,,,,,,,,,,,
1025955b553ca1fa9153eea469591cb1,1401/03/31,399.0,391.0,1669.0,3000000.0,3000000.0,3000000.0,1197000000.0,1.0,1.0,,,,,,,,,,,,,,,,,
1025955b553ca1fa9153eea469591cb1,1401/06/31,877.0,881.0,1669.0,3000000.0,3000000.0,3000000.0,2631000000.0,1.0,1.0,,,,,,,,,,,,,,,,,
1025955b553ca1fa9153eea469591cb1,1401/09/30,449.0,1326.0,1669.0,8000000.0,3000000.0,3000000.0,3592000000.0,1.0,1.0,,,,,,,,,,,,,,,,,
1025955b553ca1fa9153eea469591cb1,1401/12/29,102.0,150.0,449.0,8000000.0,8000000.0,8000000.0,816000000.0,1.0,1.0,,,,,,,,,,,,,,,,,
1025955b553ca1fa9153eea469591cb1,1402/03/31,194.0,329.0,449.0,8000000.0,8000000.0,8000000.0,1552000000.0,1.0,1.0,,,,,,,,,,,,,,,,,
1025955b553ca1fa9153eea469591cb1,1402/06/31,407.0,449.0,449.0,8000000.0,8000000.0,8000000.0,3256000000.0,1.0,1.0,,,,,,,,,,,,,,,,,
1025955b553ca1fa9153eea469591cb1,1402/09/30,578.0,0.0,449.0,8000000.0,0.0,8000000.0,4624000000.0,1.0,1.0,,,,,,,,,,,,,,,,,
1025955b553ca1fa9153eea469591cb1,1402/12/29,91.0,100.0,577.0,8000000.0,8000000.0,8000000.0,728000000.0,1.0,1.0,,,,,,,,,,,,,,,,,
1025955b553ca1fa9153eea469591cb1,1403/03/31,98.0,194.0,577.0,8000000.0,8000000.0,8000000.0,784000000.0,1.0,1.0,,,,,,,,,,,,,,,,,
1025955b553ca1fa9153eea469591cb1,1403/06/31,512.0,407.0,577.0,8000000.0,8000000.0,8000000.0,4096000000.0,1.0,1.0,,,,,,,,,,,,,,,,,
1025955b553ca1fa9153eea469591cb1,1403/09/30,685.0,0.0,577.0,8000000.0,0.0,8000000.0,5480000000.0,1.0,1.0,,,,,,,,,,,,,,,,,
1025955b553ca1fa9153eea469591cb1,1403/12/30,131.0,91.0,685.0,8000000.0,8000000.0,8000000.0,1048000000.0,1.0,1.0,,,,,,,,,,,,,,,,,
1025955b553ca1fa9153eea469591cb1,1404/03/31,316.0,199.0,685.0,8000000.0,8000000.0,8000000.0,2528000000.0,1.0,1.0,,,,,,,,,,,,,,,,,
1025955b553ca1fa9153eea469591cb1,1404/06/31,577.0,541.0,685.0,8000000.0,8000000.0,8000000.0,4616000000.0,1.0,1.0,,,,,,,,,,,,,,,,,
1025955b553ca1fa9153eea469591cb1,1404/12/29,103.0,131.0,555.0,10000000.0,8000000.0,10000000.0,1030000000.0,-1.0,100.0,,,,,,,,,,,,,,,,,
13a0bcb602f4d54dab681986defb249d,1399/03/31,1002.0,403.0,3002.0,500000.0,500000.0,500000.0,501000000.0,-1.0,100.0,,,,,,,,,,,,,,,,,
13a0bcb602f4d54dab681986defb249d,1399/09/30,1781.0,2021.0,3002.0,1500000.0,500000.0,500000.0,2671500000.0,-1.0,100.0,,,,,,,,,,,,,,,,,
13a0bcb602f4d54dab681986defb249d,1399/12/30,2406.0,0.0,3002.0,1500000.0,500000.0,500000.0,3609000000.0,-1.0,100.0,,,,,,,,,,,,,,,,,
13a0bcb602f4d54dab681986defb249d,1400/03/31,575.0,1002.0,2406.0,1500000.0,500000.0,1500000.0,862500000.0,-1.0,100.0,,,,,,,,,,,,,,,,,
13a0bcb602f4d54dab681986defb249d,1400/06/31,1362.0,2914.0,2406.0,1500000.0,500000.0,1500000.0,2043000000.0,-1.0,100.0,,,,,,,,,,,,,,,,,
13a0bcb602f4d54dab681986defb249d,1400/09/30,2014.0,1781.0,2406.0,1500000.0,1500000.0,1500000.0,3021000000.0,-1.0,100.0,,,,,,,,,,,,,,,,,
13a0bcb602f4d54dab681986defb249d,1400/12/29,2733.0,0.0,2406.0,1500000.0,1500000.0,1500000.0,4099500000.0,-1.0,100.0,,,,,,,,,,,,,,,,,
13a0bcb602f4d54dab681986defb249d,1401/03/31,808.0,575.0,2748.0,1500000.0,1500000.0,1500000.0,1212000000.0,-1.0,100.0,,,,,,,,,,,,,,,,,
13a0bcb602f4d54dab681986defb249d,1401/06/31,730.0,1356.0,2748.0,4000000.0,1500000.0,1500000.0,2920000000.0,-1.0,100.0,,,,,,,,,,,,,,,,,
13a0bcb602f4d54dab681986defb249d,1401/09/30,1064.0,2014.0,2748.0,4000000.0,1500000.0,1500000.0,4256000000.0,-1.0,100.0,,,,,,,,,,,,,,,,,
13a0bcb602f4d54dab681986defb249d,1401/12/29,1535.0,0.0,2748.0,4000000.0,1500000.0,1500000.0,6140000000.0,-1.0,100.0,,,,,,,,,,,,,,,,,
13a0bcb602f4d54dab681986defb249d,1402/03/31,411.0,303.0,1533.0,4000000.0,4000000.0,4000000.0,1644000000.0,-1.0,100.0,,,,,,,,,,,,,,,,,
13a0bcb602f4d54dab681986defb249d,1402/06/31,723.0,747.0,1515.0,6000000.0,4000000.0,4000000.0,4338000000.0,-1.0,100.0,,,,,,,,,,,,,,,,,
13a0bcb602f4d54dab681986defb249d,1402/09/30,1170.0,1064.0,1533.0,6000000.0,4000000.0,4000000.0,7020000000.0,-1.0,100.0,,,,,,,,,,,,,,,,,
13a0bcb602f4d54dab681986defb249d,1402/12/29,1702.0,0.0,1515.0,6000000.0,4000000.0,4000000.0,10212000000.0,-1.0,100.0,,,,,,,,,,,,,,,,,
13a0bcb602f4d54dab681986defb249d,1403/03/31,387.0,274.0,1701.0,6000000.0,6000000.0,6000000.0,2322000000.0,-1.0,100.0,,,,,,,,,,,,,,,,,
13a0bcb602f4d54dab681986defb249d,1403/06/31,1043.0,723.0,1702.0,6000000.0,6000000.0,6000000.0,6258000000.0,-1.0,100.0,,,,,,,,,,,,,,,,,
13a0bcb602f4d54dab681986defb249d,1403/09/30,914.0,1170.0,1701.0,10000000.0,6000000.0,6000000.0,9140000000.0,-1.0,100.0,,,,,,,,,,,,,,,,,
13a0bcb602f4d54dab681986defb249d,1403/12/30,1216.0,0.0,1702.0,10000000.0,6000000.0,6000000.0,12160000000.0,-1.0,100.0,,,,,,,,,,,,,,,,,
13a0bcb602f4d54dab681986defb249d,1404/03/31,186.0,232.0,1163.0,10000000.0,10000000.0,10000000.0,1860000000.0,-1.0,100.0,,,,,,,,,,,,,,,,,
13a0bcb602f4d54dab681986defb249d,1404/06/31,736.0,626.0,1216.0,10000000.0,10000000.0,10000000.0,7360000000.0,-1.0,100.0,,,,,,,,,,,,,,,,,
13a0bcb602f4d54dab681986defb249d,1404/09/30,1510.0,914.0,1163.0,10000000.0,10000000.0,10000000.0,15100000000.0,-1.0,100.0,,,,,,,,,,,,,,,,,
13a0bcb602f4d54dab681986defb249d,1404/12/29,1503.0,0.0,1216.0,15000000.0,10000000.0,10000000.0,22545000000.0,-1.0,100.0,,,,,,,,,,,,,,,,,
13a0bcb602f4d54dab681986defb249d,1405/03/31,612.0,124.0,1481.0,15000000.0,15000000.0,15000000.0,9180000000.0,12482121.0,3532422.0,,,,,,,,,,,,,,,,,
14e17dd0b0b3c62c333dd4aa6c71f8ff,1398/03/31,0.0,0.0,0.0,1677722.0,-5.0,0.0,0.0,1.0,1.0,,,,,,,,,,,,,,,,,
14e17dd0b0b3c62c333dd4aa6c71f8ff,1398/06/31,0.0,0.0,0.0,1672321.0,3.0,0.0,0.0,1.0,1.0,,,,,,,,,,,,,,,,,
14e17dd0b0b3c62c333dd4aa6c71f8ff,1398/09/30,34.0,-51.0,106.0,599426.0,599426.0,599426.0,20380484.0,1.0,1.0,,,,,,,,,,,,,,,,,
14e17dd0b0b3c62c333dd4aa6c71f8ff,1398/12/29,293.0,-105.0,-32.0,599426.0,599426.0,599426.0,175631818.0,1.0,1.0,,,,,,,,,,,,,,,,,
14e17dd0b0b3c62c333dd4aa6c71f8ff,1399/03/31,33.0,-139.0,106.0,599426.0,599426.0,599426.0,19781058.0,1.0,1.0,,,,,,,,,,,,,,,,,
14e17dd0b0b3c62c333dd4aa6c71f8ff,1399/06/31,362.0,0.0,-45.0,3757798.0,599426.0,599426.0,1360322876.0,1.0,1.0,,,,,,,,,,,,,,,,,
14e17dd0b0b3c62c333dd4aa6c71f8ff,1399/09/30,16.0,34.0,2080.0,3757798.0,599426.0,599426.0,60124768.0,1.0,1.0,,,,,,,,,,,,,,,,,
14e17dd0b0b3c62c333dd4aa6c71f8ff,1399/12/30,59.0,8.0,332.0,3757798.0,3757798.0,3757798.0,221710082.0,1.0,1.0,,,,,,,,,,,,,,,,,
14e17dd0b0b3c62c333dd4aa6c71f8ff,1400/03/31,99.0,5.0,332.0,3757798.0,3757798.0,3757798.0,372022002.0,1.0,1.0,,,,,,,,,,,,,,,,,
14e17dd0b0b3c62c333dd4aa6c71f8ff,1400/06/31,140.0,0.0,184.0,3757798.0,3757798.0,3757798.0,526091720.0,1.0,1.0,,,,,,,,,,,,,,,,,
14e17dd0b0b3c62c333dd4aa6c71f8ff,1400/09/30,32.0,16.0,278.0,3757798.0,3757798.0,3757798.0,120249536.0,1.0,1.0,,,,,,,,,,,,,,,,,
14e17dd0b0b3c62c333dd4aa6c71f8ff,1400/12/29,32.0,53.0,278.0,3757798.0,3757798.0,3757798.0,120249536.0,1.0,1.0,,,,,,,,,,,,,,,,,
14e17dd0b0b3c62c333dd4aa6c71f8ff,1401/03/31,52.0,99.0,278.0,3757798.0,3757798.0,3757798.0,195405496.0,1.0,1.0,,,,,,,,,,,,,,,,,
14e17dd0b0b3c62c333dd4aa6c71f8ff,1401/06/31,145.0,0.0,118.0,3757798.0,3757798.0,3757798.0,544880710.0,1.0,1.0,,,,,,,,,,,,,,,,,
14e17dd0b0b3c62c333dd4aa6c71f8ff,1401/09/30,44.0,32.0,133.0,3757798.0,3757798.0,3757798.0,165343112.0,1.0,1.0,,,,,,,,,,,,,,,,,
14e17dd0b0b3c62c333dd4aa6c71f8ff,1401/12/29,26.0,29.0,133.0,3757798.0,3757798.0,3757798.0,97702748.0,1.0,1.0,,,,,,,,,,,,,,,,,
14e17dd0b0b3c62c333dd4aa6c71f8ff,1402/03/31,80.0,52.0,133.0,3757798.0,3757798.0,3757798.0,300623840.0,1.0,1.0,,,,,,,,,,,,,,,,,
14e17dd0b0b3c62c333dd4aa6c71f8ff,1402/06/31,234.0,0.0,164.0,3757798.0,3757798.0,3757798.0,879324732.0,1.0,1.0,,,,,,,,,,,,,,,,,
14e17dd0b0b3c62c333dd4aa6c71f8ff,1402/09/30,108.0,44.0,203.0,3757798.0,3757798.0,3757798.0,405842184.0,1.0,1.0,,,,,,,,,,,,,,,,,
14e17dd0b0b3c62c333dd4aa6c71f8ff,1402/12/29,102.0,24.0,203.0,3757798.0,3757798.0,3757798.0,383295396.0,1.0,1.0,,,,,,,,,,,,,,,,,
14e17dd0b0b3c62c333dd4aa6c71f8ff,1403/03/31,123.0,80.0,203.0,3757798.0,3757798.0,3757798.0,462209154.0,1.0,1.0,,,,,,,,,,,,,,,,,
14e17dd0b0b3c62c333dd4aa6c71f8ff,1403/06/31,356.0,0.0,234.0,3757798.0,3757798.0,3757798.0,1337776088.0,1.0,1.0,,,,,,,,,,,,,,,,,
14e17dd0b0b3c62c333dd4aa6c71f8ff,1403/09/30,62.0,108.0,298.0,3757798.0,3757798.0,3757798.0,232983476.0,1.0,1.0,,,,,,,,,,,,,,,,,
14e17dd0b0b3c62c333dd4aa6c71f8ff,1403/12/30,3.0,89.0,298.0,3757798.0,3757798.0,3757798.0,11273394.0,1.0,1.0,,,,,,,,,,,,,,,,,
14e17dd0b0b3c62c333dd4aa6c71f8ff,1404/03/31,102.0,123.0,298.0,3757798.0,3757798.0,3757798.0,383295396.0,1.0,1.0,,,,,,,,,,,,,,,,,
14e17dd0b0b3c62c333dd4aa6c71f8ff,1404/06/31,423.0,0.0,356.0,3757798.0,3757798.0,3757798.0,1589548554.0,-1.0,100.0,,,,,,,,,,,,,,,,,
14e17dd0b0b3c62c333dd4aa6c71f8ff,1404/09/30,212.0,62.0,389.0,3757798.0,3757798.0,3757798.0,796653176.0,1.0,1.0,,,,,,,,,,,,,,,,,
14e17dd0b0b3c62c333dd4aa6c71f8ff,1404/12/29,327.0,3.0,291.0,3757798.0,3757798.0,3757798.0,1228799946.0,-1.0,100.0,,,,,,,,,,,,,,,,,
15658d3f9297a112771a62658b4269d3,1403/09/30,0.0,0.0,,1000000.0,1000000.0,,0.0,10770228.0,5596371.0,,,,,,,,,,,,,,,,,
15658d3f9297a112771a62658b4269d3,1403/12/30,-14.0,18.0,2652.0,1000000.0,1000000.0,1000000.0,-14000000.0,-15405.0,7009.0,,,,,,,,,,,,,,,,,
15658d3f9297a112771a62658b4269d3,1404/03/31,1146.0,302.0,2652.0,1000000.0,1000000.0,1000000.0,1146000000.0,1034195.0,283519.0,,,,,,,,,,,,,,,,,
15658d3f9297a112771a62658b4269d3,1404/06/31,981.0,291.0,2652.0,1000000.0,1000000.0,1000000.0,981000000.0,959255.0,237335.0,,,,,,,,,,,,,,,,,
15658d3f9297a112771a62658b4269d3,1404/09/30,9514.0,5531.0,,1000000.0,1000000.0,,9514000000.0,14540167.0,10829469.0,,,,,,,,,,,,,,,,,
15658d3f9297a112771a62658b4269d3,1404/12/29,109.0,-14.0,2304.0,1000000.0,1000000.0,1000000.0,109000000.0,104585.0,-15405.0,,,,,,,,,,,,,,,,,
15658d3f9297a112771a62658b4269d3,1405/03/31,480.0,1036.0,2304.0,1000000.0,1000000.0,1000000.0,480000000.0,441950.0,1019741.0,,708790.0,1250322.0,,0.0,38066.0,,,,,,,,,,,
162bcc9b9c97c9f3510c1bd06b5ae8c0,1398/06/31,195.0,333.0,610.0,244705.0,200000.0,244705.0,47717475.0,1.0,1.0,,,,,,,,,,,,,,,,,
162bcc9b9c97c9f3510c1bd06b5ae8c0,1398/09/30,374.0,570.0,610.0,244705.0,244705.0,244705.0,91519670.0,1.0,1.0,,,,,,,,,,,,,,,,,
162bcc9b9c97c9f3510c1bd06b5ae8c0,1398/12/29,465.0,0.0,610.0,244705.0,244705.0,244705.0,113787825.0,1.0,1.0,,,,,,,,,,,,,,,,,
162bcc9b9c97c9f3510c1bd06b5ae8c0,1399/03/31,9.0,29.0,-186.0,1159805.0,1159805.0,1159805.0,10438245.0,1.0,1.0,,,,,,,,,,,,,,,,,
162bcc9b9c97c9f3510c1bd06b5ae8c0,1399/06/31,31.0,41.0,-186.0,1159805.0,1159805.0,1159805.0,35953955.0,1.0,1.0,,,,,,,,,,,,,,,,,
162bcc9b9c97c9f3510c1bd06b5ae8c0,1399/09/30,67.0,79.0,-186.0,1159805.0,1159805.0,1159805.0,77706935.0,1.0,1.0,,,,,,,,,,,,,,,,,
162bcc9b9c97c9f3510c1bd06b5ae8c0,1399/12/30,-80.0,0.0,-239.0,1159805.0,1159805.0,1159805.0,-92784400.0,1.0,1.0,,,,,,,,,,,,,,,,,
162bcc9b9c97c9f3510c1bd06b5ae8c0,1400/03/31,-159.0,9.0,-86.0,1159805.0,1159805.0,1159805.0,-184408995.0,1.0,1.0,,,,,,,,,,,,,,,,,
162bcc9b9c97c9f3510c1bd06b5ae8c0,1400/06/31,-65.0,31.0,-86.0,1159805.0,1159805.0,1159805.0,-75387325.0,1.0,1.0,,,,,,,,,,,,,,,,,
162bcc9b9c97c9f3510c1bd06b5ae8c0,1400/09/30,100.0,67.0,-86.0,1159805.0,1159805.0,1159805.0,115980500.0,1.0,1.0,,,,,,,,,,,,,,,,,
162bcc9b9c97c9f3510c1bd06b5ae8c0,1401/03/31,262.0,-159.0,159.0,1159805.0,1159805.0,1159805.0,303868910.0,1.0,1.0,,,,,,,,,,,,,,,,,
162bcc9b9c97c9f3510c1bd06b5ae8c0,1401/06/31,606.0,-38.0,159.0,1159805.0,1159805.0,1159805.0,702841830.0,1.0,1.0,,,,,,,,,,,,,,,,,
162bcc9b9c97c9f3510c1bd06b5ae8c0,1401/09/30,850.0,100.0,159.0,1159805.0,1159805.0,1159805.0,985834250.0,1.0,1.0,,,,,,,,,,,,,,,,,
162bcc9b9c97c9f3510c1bd06b5ae8c0,1401/12/29,1010.0,0.0,159.0,1159805.0,1159805.0,1159805.0,1171403050.0,1.0,1.0,,,,,,,,,,,,,,,,,
162bcc9b9c97c9f3510c1bd06b5ae8c0,1402/03/31,128.0,260.0,1010.0,1159805.0,1159805.0,1159805.0,148455040.0,1.0,1.0,,,,,,,,,,,,,,,,,
162bcc9b9c97c9f3510c1bd06b5ae8c0,1402/06/31,468.0,530.0,1010.0,1159805.0,1159805.0,1159805.0,542788740.0,1.0,1.0,,,,,,,,,,,,,,,,,
162bcc9b9c97c9f3510c1bd06b5ae8c0,1402/09/30,802.0,850.0,1010.0,1159805.0,1159805.0,1159805.0,930163610.0,1.0,1.0,,,,,,,,,,,,,,,,,
162bcc9b9c97c9f3510c1bd06b5ae8c0,1402/10/30,1036.0,861.0,1010.0,1159805.0,1159805.0,1159805.0,1201557980.0,1.0,1.0,,,,,,,,,,,,,,,,,
162bcc9b9c97c9f3510c1bd06b5ae8c0,1403/01/31,149.0,99.0,1036.0,1704276.0,1159805.0,1159805.0,253937124.0,1.0,1.0,,,,,,,,,,,,,,,,,
162bcc9b9c97c9f3510c1bd06b5ae8c0,1403/04/31,306.0,448.0,1036.0,1704276.0,1159805.0,1159805.0,521508456.0,1.0,1.0,,,,,,,,,,,,,,,,,
162bcc9b9c97c9f3510c1bd06b5ae8c0,1403/07/30,449.0,802.0,1036.0,1704276.0,1159805.0,1159805.0,765219924.0,1.0,1.0,,,,,,,,,,,,,,,,,
162bcc9b9c97c9f3510c1bd06b5ae8c0,1403/09/30,656.0,705.0,705.0,1704276.0,1704276.0,1704276.0,1118005056.0,1.0,1.0,,,,,,,,,,,,,,,,,
162bcc9b9c97c9f3510c1bd06b5ae8c0,1403/12/30,250.0,149.0,656.0,1704276.0,1704276.0,1704276.0,426069000.0,1.0,1.0,,,,,,,,,,,,,,,,,
162bcc9b9c97c9f3510c1bd06b5ae8c0,1404/03/31,524.0,317.0,656.0,1704276.0,1704276.0,1704276.0,893040624.0,1.0,1.0,,,,,,,,,,,,,,,,,
162bcc9b9c97c9f3510c1bd06b5ae8c0,1404/06/31,835.0,479.0,656.0,1704276.0,1704276.0,1704276.0,1423070460.0,1.0,1.0,,,,,,,,,,,,,,,,,
162bcc9b9c97c9f3510c1bd06b5ae8c0,1404/09/30,1205.0,656.0,,1704276.0,1704276.0,,2053652580.0,2546049.0,1472573.0,,,,,,,,,,,,,,,,,
162bcc9b9c97c9f3510c1bd06b5ae8c0,1404/12/29,333.0,250.0,1205.0,1704276.0,1704276.0,1704276.0,567523908.0,807597.0,668399.0,,,,,,,,,,,,,,,,,
162bcc9b9c97c9f3510c1bd06b5ae8c0,1405/03/31,1387.0,563.0,1205.0,1704276.0,1704276.0,1704276.0,2363830812.0,3572957.0,1364256.0,2546049.0,43994603.0,20934623.0,48554784.0,-782462.0,-3239.0,2363943.0,959880.0,2054057.0,-737812.0,1407486.0,2670974.0,28486601.0,20688231.0,20166197.0,14130487.0,8320404.0
16c5adc0ecd89c732f53b66f1b794505,1398/09/30,24.0,23.0,17.0,24145332.0,24145332.0,24145332.0,579487968.0,1.0,1.0,,,,,,,,,,,,,,,,,
16c5adc0ecd89c732f53b66f1b794505,1398/12/29,17.0,0.0,17.0,24145332.0,24145332.0,24145332.0,410470644.0,1.0,1.0,,,,,,,,,,,,,,,,,
16c5adc0ecd89c732f53b66f1b794505,1399/06/31,35.0,20.0,17.0,24145332.0,24145332.0,24145332.0,845086620.0,1.0,1.0,,,,,,,,,,,,,,,,,
16c5adc0ecd89c732f53b66f1b794505,1399/09/30,38.0,24.0,17.0,24145332.0,24145332.0,24145332.0,917522616.0,1.0,1.0,,,,,,,,,,,,,,,,,
16c5adc0ecd89c732f53b66f1b794505,1399/12/30,77.0,0.0,17.0,24145332.0,24145332.0,24145332.0,1859190564.0,1.0,1.0,,,,,,,,,,,,,,,,,
16c5adc0ecd89c732f53b66f1b794505,1400/03/31,20.0,10.0,82.0,24145332.0,24145332.0,24145332.0,482906640.0,1.0,1.0,,,,,,,,,,,,,,,,,
16c5adc0ecd89c732f53b66f1b794505,1400/06/31,59.0,35.0,82.0,24145332.0,24145332.0,24145332.0,1424574588.0,1.0,1.0,,,,,,,,,,,,,,,,,
16c5adc0ecd89c732f53b66f1b794505,1400/09/30,84.0,38.0,82.0,24145332.0,24145332.0,24145332.0,2028207888.0,1.0,1.0,,,,,,,,,,,,,,,,,
16c5adc0ecd89c732f53b66f1b794505,1400/12/29,105.0,0.0,82.0,24145332.0,24145332.0,24145332.0,2535259860.0,1.0,1.0,,,,,,,,,,,,,,,,,
16c5adc0ecd89c732f53b66f1b794505,1401/03/31,19.0,20.0,105.0,24145332.0,24145332.0,24145332.0,458761308.0,1.0,1.0,,,,,,,,,,,,,,,,,
16c5adc0ecd89c732f53b66f1b794505,1401/06/31,56.0,59.0,105.0,24145332.0,24145332.0,24145332.0,1352138592.0,1.0,1.0,,,,,,,,,,,,,,,,,
16c5adc0ecd89c732f53b66f1b794505,1401/09/30,98.0,84.0,105.0,24145332.0,24145332.0,24145332.0,2366242536.0,1.0,1.0,,,,,,,,,,,,,,,,,
16c5adc0ecd89c732f53b66f1b794505,1401/12/29,112.0,0.0,105.0,24145332.0,24145332.0,24145332.0,2704277184.0,1.0,1.0,,,,,,,,,,,,,,,,,
16c5adc0ecd89c732f53b66f1b794505,1402/03/31,34.0,19.0,101.0,24145332.0,24145332.0,24145332.0,820941288.0,1.0,1.0,,,,,,,,,,,,,,,,,
16c5adc0ecd89c732f53b66f1b794505,1402/06/31,73.0,60.0,101.0,24145332.0,24145332.0,24145332.0,1762609236.0,1.0,1.0,,,,,,,,,,,,,,,,,
16c5adc0ecd89c732f53b66f1b794505,1402/09/30,86.0,98.0,101.0,24145332.0,24145332.0,24145332.0,2076498552.0,1.0,1.0,,,,,,,,,,,,,,,,,
16c5adc0ecd89c732f53b66f1b794505,1402/12/29,120.0,0.0,101.0,24145332.0,24145332.0,24145332.0,2897439840.0,1.0,1.0,,,,,,,,,,,,,,,,,
16c5adc0ecd89c732f53b66f1b794505,1403/03/31,29544.0,34.0,130.0,24145.0,24145332.0,24145332.0,713339880.0,1.0,1.0,,,,,,,,,,,,,,,,,
16c5adc0ecd89c732f53b66f1b794505,1403/06/31,87.0,56.0,130.0,24145332.0,24145332.0,24145332.0,2100643884.0,1.0,1.0,,,,,,,,,,,,,,,,,
16c5adc0ecd89c732f53b66f1b794505,1403/09/30,162.0,86.0,130.0,24145332.0,24145332.0,24145332.0,3911543784.0,1.0,1.0,,,,,,,,,,,,,,,,,
16c5adc0ecd89c732f53b66f1b794505,1403/12/30,240.0,0.0,130.0,24145332.0,24145332.0,24145332.0,5794879680.0,1.0,1.0,,,,,,,,,,,,,,,,,
16c5adc0ecd89c732f53b66f1b794505,1404/03/31,94.0,30.0,172.0,32145332.0,24145332.0,32145332.0,3021661208.0,1.0,1.0,,,,,,,,,,,,,,,,,
16c5adc0ecd89c732f53b66f1b794505,1404/06/31,171.0,73.0,172.0,32145332.0,32145332.0,32145332.0,6750519720.0,1.0,1.0,,,,,,,,,,,,,,,,,
16c5adc0ecd89c732f53b66f1b794505,1404/09/30,276.0,0.0,122.0,32145332.0,0.0,32145332.0,8872111632.0,23.405318667433107,100.0,,,,,,,,,,,,,,,,,
16c5adc0ecd89c732f53b66f1b794505,1404/12/29,377.0,0.0,172.0,32145332.0,32145332.0,32145332.0,12118790164.0,0.0,0.0,,,,,,,,,,,,,,,,,
16c5adc0ecd89c732f53b66f1b794505,1405/03/31,102.0,94.0,357.0,36545332.0,32145332.0,32145332.0,3727623864.0,4025974.0,3214169.0,11945279.0,7228876.0,5690844.0,22915756.0,0.0,397520.0,3718949.0,3012366.0,11488603.0,-3182570.0,5424652.0,713983.0,65919690.0,29379013.0,8592957.0,8179463.0,57326733.0
1712cd6b0f7a77388a2c072ad6694a89,1398/12/29,754.0,0.0,707.0,350000.0,210000.0,210000.0,263900000.0,1.0,1.0,,,,,,,,,,,,,,,,,
1712cd6b0f7a77388a2c072ad6694a89,1399/03/31,155.0,145.0,754.0,350000.0,350000.0,350000.0,54250000.0,1.0,1.0,,,,,,,,,,,,,,,,,
1712cd6b0f7a77388a2c072ad6694a89,1399/06/31,395.0,643.0,754.0,350000.0,210000.0,350000.0,138250000.0,1.0,1.0,,,,,,,,,,,,,,,,,
1712cd6b0f7a77388a2c072ad6694a89,1399/09/30,55.0,511.0,754.0,4993940.0,350000.0,350000.0,274666700.0,1.0,1.0,,,,,,,,,,,,,,,,,
1712cd6b0f7a77388a2c072ad6694a89,1399/12/30,93.0,0.0,754.0,4993940.0,350000.0,350000.0,464436420.0,1.0,1.0,,,,,,,,,,,,,,,,,
1712cd6b0f7a77388a2c072ad6694a89,1400/03/31,37.0,11.0,93.0,4993940.0,4993940.0,4993940.0,184775780.0,1.0,1.0,,,,,,,,,,,,,,,,,
1712cd6b0f7a77388a2c072ad6694a89,1400/06/31,83.0,395.0,93.0,4993940.0,350000.0,4993940.0,414497020.0,1.0,1.0,,,,,,,,,,,,,,,,,
1712cd6b0f7a77388a2c072ad6694a89,1400/09/30,111.0,55.0,93.0,4993940.0,4993940.0,4993940.0,554327340.0,1.0,1.0,,,,,,,,,,,,,,,,,
1712cd6b0f7a77388a2c072ad6694a89,1400/12/29,140.0,0.0,93.0,4993940.0,0.0,4993940.0,699151600.0,1.0,1.0,,,,,,,,,,,,,,,,,
1712cd6b0f7a77388a2c072ad6694a89,1401/03/31,50.0,37.0,140.0,4993940.0,4993940.0,4993940.0,249697000.0,1.0,1.0,,,,,,,,,,,,,,,,,
1712cd6b0f7a77388a2c072ad6694a89,1401/06/31,0.0,140.0,0.0,0.0,4993940.0,0.0,0.0,1.0,1.0,,,,,,,,,,,,,,,,,
1712cd6b0f7a77388a2c072ad6694a89,1401/09/30,194.0,111.0,140.0,4993940.0,4993940.0,4993940.0,968824360.0,1.0,1.0,,,,,,,,,,,,,,,,,
1712cd6b0f7a77388a2c072ad6694a89,1401/12/29,252.0,0.0,140.0,4993940.0,0.0,4993940.0,1258472880.0,1.0,1.0,,,,,,,,,,,,,,,,,
1712cd6b0f7a77388a2c072ad6694a89,1402/03/31,76.0,50.0,250.0,4993940.0,4993940.0,4993940.0,379539440.0,1.0,1.0,,,,,,,,,,,,,,,,,
1712cd6b0f7a77388a2c072ad6694a89,1402/06/31,288.0,156.0,250.0,4993940.0,4993940.0,4993940.0,1438254720.0,1.0,1.0,,,,,,,,,,,,,,,,,
1712cd6b0f7a77388a2c072ad6694a89,1402/09/30,310.0,194.0,250.0,4993940.0,4993940.0,4993940.0,1548121400.0,1.0,1.0,,,,,,,,,,,,,,,,,
1712cd6b0f7a77388a2c072ad6694a89,1402/12/29,503.0,0.0,250.0,4993940.0,0.0,4993940.0,2511951820.0,1.0,1.0,,,,,,,,,,,,,,,,,
1712cd6b0f7a77388a2c072ad6694a89,1403/03/31,92.0,76.0,504.0,4993940.0,4993940.0,4993940.0,459442480.0,1.0,1.0,,,,,,,,,,,,,,,,,
1712cd6b0f7a77388a2c072ad6694a89,1403/06/31,198.0,288.0,504.0,4993940.0,4993940.0,4993940.0,988800120.0,1.0,1.0,,,,,,,,,,,,,,,,,
1712cd6b0f7a77388a2c072ad6694a89,1403/09/30,359.0,310.0,504.0,4993940.0,4993940.0,4993940.0,1792824460.0,1.0,1.0,,,,,,,,,,,,,,,,,
1712cd6b0f7a77388a2c072ad6694a89,1403/12/30,538.0,0.0,504.0,4993940.0,0.0,4993940.0,2686739720.0,1.0,1.0,,,,,,,,,,,,,,,,,
1712cd6b0f7a77388a2c072ad6694a89,1404/03/31,143.0,92.0,538.0,4993940.0,4993940.0,4993940.0,714133420.0,1.0,1.0,,,,,,,,,,,,,,,,,
1712cd6b0f7a77388a2c072ad6694a89,1404/06/31,424.0,198.0,538.0,4993940.0,4993940.0,4993940.0,2117430560.0,1.0,1.0,,,,,,,,,,,,,,,,,
1712cd6b0f7a77388a2c072ad6694a89,1404/09/30,630.0,0.0,359.0,4993940.0,0.0,4993940.0,3146182200.0,-1.0,100.0,,,,,,,,,,,,,,,,,
1712cd6b0f7a77388a2c072ad6694a89,1404/12/29,511.0,441.0,707.0,350000.0,210000.0,210000.0,5723055240.0,1.0,1.0,,,,,,,,,,,,,,,,,
1712cd6b0f7a77388a2c072ad6694a89,1405/03/31,276.0,143.0,1132.0,4993940.0,4993940.0,4993940.0,1378327440.0,652735.0,618540.0,4253040.0,7613899.0,3416603.0,18378454.0,-77804.0,803579.0,1379928.0,713300.0,5654130.0,711963.0,63677.0,1455112.0,30582436.0,9257609.0,5964496.0,5250250.0,24617940.0
1818f78f177b8c9343ce20a08ca3cf40,1398/06/31,1071.0,782.0,843.0,728000.0,728000.0,728000.0,779688000.0,1.0,1.0,,,,,,,,,,,,,,,,,
1818f78f177b8c9343ce20a08ca3cf40,1398/09/30,1163.0,982.0,843.0,728000.0,728000.0,728000.0,846664000.0,1.0,1.0,,,,,,,,,,,,,,,,,
1818f78f177b8c9343ce20a08ca3cf40,1398/12/29,1118.0,0.0,843.0,728000.0,728000.0,728000.0,813904000.0,1.0,1.0,,,,,,,,,,,,,,,,,
1818f78f177b8c9343ce20a08ca3cf40,1399/03/31,335.0,134.0,1118.0,728000.0,728000.0,728000.0,243880000.0,1.0,1.0,,,,,,,,,,,,,,,,,
1818f78f177b8c9343ce20a08ca3cf40,1399/06/31,1748.0,940.0,1118.0,728000.0,728000.0,728000.0,1272544000.0,1.0,1.0,,,,,,,,,,,,,,,,,
1818f78f177b8c9343ce20a08ca3cf40,1399/09/30,2162.0,1163.0,1118.0,728000.0,728000.0,728000.0,1573936000.0,1.0,1.0,,,,,,,,,,,,,,,,,
1818f78f177b8c9343ce20a08ca3cf40,1399/12/30,3081.0,0.0,1118.0,728000.0,728000.0,728000.0,2242968000.0,1.0,1.0,,,,,,,,,,,,,,,,,
1818f78f177b8c9343ce20a08ca3cf40,1400/03/31,1007.0,335.0,2952.0,728000.0,728000.0,728000.0,733096000.0,1.0,1.0,,,,,,,,,,,,,,,,,
1818f78f177b8c9343ce20a08ca3cf40,1400/06/31,286.0,1874.0,2952.0,7728000.0,728000.0,728000.0,2210208000.0,1.0,1.0,,,,,,,,,,,,,,,,,
1818f78f177b8c9343ce20a08ca3cf40,1400/09/30,298.0,204.0,278.0,7728000.0,7728000.0,7728000.0,2302944000.0,1.0,1.0,,,,,,,,,,,,,,,,,
1818f78f177b8c9343ce20a08ca3cf40,1400/12/29,412.0,0.0,2952.0,7728000.0,728000.0,728000.0,3183936000.0,1.0,1.0,,,,,,,,,,,,,,,,,
1818f78f177b8c9343ce20a08ca3cf40,1401/03/31,108.0,96.0,368.0,7728000.0,7728000.0,7728000.0,834624000.0,1.0,1.0,,,,,,,,,,,,,,,,,
1818f78f177b8c9343ce20a08ca3cf40,1401/06/31,239.0,276.0,368.0,7728000.0,7728000.0,7728000.0,1846992000.0,1.0,1.0,,,,,,,,,,,,,,,,,
1818f78f177b8c9343ce20a08ca3cf40,1401/09/30,227.0,289.0,287.0,7728000.0,7728000.0,7728000.0,1754256000.0,1.0,1.0,,,,,,,,,,,,,,,,,
1818f78f177b8c9343ce20a08ca3cf40,1401/12/29,284.0,0.0,297.0,7728000.0,7728000.0,7728000.0,2194752000.0,1.0,1.0,,,,,,,,,,,,,,,,,
1818f78f177b8c9343ce20a08ca3cf40,1402/03/31,129.0,108.0,466.0,7728000.0,7728000.0,7728000.0,996912000.0,1.0,1.0,,,,,,,,,,,,,,,,,
1818f78f177b8c9343ce20a08ca3cf40,1402/06/31,434.0,170.0,466.0,7728000.0,7728000.0,7728000.0,3353952000.0,1.0,1.0,,,,,,,,,,,,,,,,,
1818f78f177b8c9343ce20a08ca3cf40,1402/09/30,406.0,227.0,466.0,7728000.0,7728000.0,7728000.0,3137568000.0,1.0,1.0,,,,,,,,,,,,,,,,,
1818f78f177b8c9343ce20a08ca3cf40,1402/12/29,202.0,129.0,406.0,7728000.0,7728000.0,7728000.0,1561056000.0,1.0,1.0,,,,,,,,,,,,,,,,,
1818f78f177b8c9343ce20a08ca3cf40,1403/03/31,460.0,275.0,406.0,7728000.0,7728000.0,7728000.0,3554880000.0,1.0,1.0,,,,,,,,,,,,,,,,,
1818f78f177b8c9343ce20a08ca3cf40,1403/06/31,635.0,406.0,406.0,7728000.0,7728000.0,7728000.0,4907280000.0,1.0,1.0,,,,,,,,,,,,,,,,,
1818f78f177b8c9343ce20a08ca3cf40,1403/09/30,868.0,0.0,458.0,7728000.0,7728000.0,7728000.0,6707904000.0,1.0,1.0,,,,,,,,,,,,,,,,,
1818f78f177b8c9343ce20a08ca3cf40,1403/12/30,235.0,202.0,868.0,7728000.0,7728000.0,7728000.0,1816080000.0,1.0,1.0,,,,,,,,,,,,,,,,,
1818f78f177b8c9343ce20a08ca3cf40,1404/03/31,281.0,428.0,868.0,15700000.0,7728000.0,7728000.0,4411700000.0,1.0,1.0,,,,,,,,,,,,,,,,,
1818f78f177b8c9343ce20a08ca3cf40,1404/06/31,548.0,663.0,868.0,15700000.0,7728000.0,7728000.0,8603600000.0,1.0,1.0,,,,,,,,,,,,,,,,,
1843493e1f47856f9ed240017217d5bf,1398/06/31,1088.0,586.0,1273.0,5100000.0,5100000.0,5100000.0,5548800000.0,1.0,1.0,,,,,,,,,,,,,,,,,
1843493e1f47856f9ed240017217d5bf,1398/09/30,1904.0,849.0,1273.0,5100000.0,5100000.0,5100000.0,9710400000.0,1.0,1.0,,,,,,,,,,,,,,,,,
1843493e1f47856f9ed240017217d5bf,1398/12/29,2550.0,0.0,1264.0,5100000.0,5100000.0,5100000.0,13005000000.0,1.0,1.0,,,,,,,,,,,,,,,,,
1843493e1f47856f9ed240017217d5bf,1399/03/31,842.0,677.0,2535.0,5100000.0,5100000.0,5100000.0,4294200000.0,1.0,1.0,,,,,,,,,,,,,,,,,
1843493e1f47856f9ed240017217d5bf,1399/06/31,2190.0,1090.0,2535.0,5100000.0,5100000.0,5100000.0,11169000000.0,1.0,1.0,,,,,,,,,,,,,,,,,
1843493e1f47856f9ed240017217d5bf,1399/09/30,4675.0,1904.0,2535.0,5100000.0,5100000.0,5100000.0,23842500000.0,1.0,1.0,,,,,,,,,,,,,,,,,
1843493e1f47856f9ed240017217d5bf,1399/12/30,6081.0,0.0,2550.0,5100000.0,5100000.0,5100000.0,31013100000.0,1.0,1.0,,,,,,,,,,,,,,,,,
1843493e1f47856f9ed240017217d5bf,1400/03/31,1275.0,842.0,6072.0,5100000.0,5100000.0,5100000.0,6502500000.0,1.0,1.0,,,,,,,,,,,,,,,,,
1843493e1f47856f9ed240017217d5bf,1400/06/31,4086.0,2228.0,6072.0,5100000.0,5100000.0,5100000.0,20838600000.0,1.0,1.0,,,,,,,,,,,,,,,,,
1843493e1f47856f9ed240017217d5bf,1400/09/30,5449.0,4675.0,6072.0,5100000.0,5100000.0,5100000.0,27789900000.0,1.0,1.0,,,,,,,,,,,,,,,,,
1843493e1f47856f9ed240017217d5bf,1400/12/29,10901.0,0.0,6081.0,5100000.0,5100000.0,5100000.0,55595100000.0,1.0,1.0,,,,,,,,,,,,,,,,,
1843493e1f47856f9ed240017217d5bf,1401/03/31,4637.0,1275.0,10896.0,5100000.0,5100000.0,5100000.0,23648700000.0,1.0,1.0,,,,,,,,,,,,,,,,,
1843493e1f47856f9ed240017217d5bf,1401/06/31,11831.0,3859.0,10896.0,5100000.0,5100000.0,5100000.0,60338100000.0,1.0,1.0,,,,,,,,,,,,,,,,,
1843493e1f47856f9ed240017217d5bf,1401/09/30,18933.0,5449.0,10896.0,5100000.0,5100000.0,5100000.0,96558300000.0,1.0,1.0,,,,,,,,,,,,,,,,,
1843493e1f47856f9ed240017217d5bf,1401/12/29,7622.0,0.0,10901.0,15300000.0,5100000.0,5100000.0,116616600000.0,1.0,1.0,,,,,,,,,,,,,,,,,
1843493e1f47856f9ed240017217d5bf,1402/03/31,1309.0,1546.0,7611.0,15300000.0,15300000.0,15300000.0,20027700000.0,1.0,1.0,,,,,,,,,,,,,,,,,
1843493e1f47856f9ed240017217d5bf,1402/06/31,2242.0,3727.0,7611.0,15300000.0,15300000.0,15300000.0,34302600000.0,1.0,1.0,,,,,,,,,,,,,,,,,
1843493e1f47856f9ed240017217d5bf,1402/09/30,3719.0,6311.0,7611.0,15300000.0,15300000.0,15300000.0,56900700000.0,1.0,1.0,,,,,,,,,,,,,,,,,
1843493e1f47856f9ed240017217d5bf,1402/12/29,3764.0,0.0,7613.0,15300000.0,15300000.0,15300000.0,57589200000.0,1.0,1.0,,,,,,,,,,,,,,,,,
1843493e1f47856f9ed240017217d5bf,1403/03/31,1264.0,1309.0,3651.0,15300000.0,15300000.0,15300000.0,19339200000.0,1.0,1.0,,,,,,,,,,,,,,,,,
1843493e1f47856f9ed240017217d5bf,1403/06/31,2717.0,2402.0,5102.0,15300000.0,15300000.0,15300000.0,41570100000.0,1.0,1.0,,,,,,,,,,,,,,,,,
1843493e1f47856f9ed240017217d5bf,1403/09/30,3740.0,3719.0,5017.0,15300000.0,15300000.0,15300000.0,57222000000.0,1.0,1.0,,,,,,,,,,,,,,,,,
1843493e1f47856f9ed240017217d5bf,1403/12/30,4522.0,0.0,5097.0,15300000.0,15300000.0,15300000.0,69186600000.0,1.0,1.0,,,,,,,,,,,,,,,,,
1843493e1f47856f9ed240017217d5bf,1404/03/31,1031.0,1264.0,5247.0,15300000.0,15300000.0,15300000.0,15774300000.0,1.0,1.0,,,,,,,,,,,,,,,,,
1843493e1f47856f9ed240017217d5bf,1404/06/31,3617.0,3454.0,5247.0,15300000.0,15300000.0,15300000.0,55340100000.0,1.0,1.0,,,,,,,,,,,,,,,,,
1843493e1f47856f9ed240017217d5bf,1404/09/30,6642.0,5105.0,5247.0,15300000.0,15300000.0,15300000.0,101622600000.0,1.0,1.0,,,,,,,,,,,,,,,,,
1843493e1f47856f9ed240017217d5bf,1404/12/29,9058.0,0.0,5237.0,15300000.0,15300000.0,15300000.0,138587400000.0,-1.0,100.0,,,,,,,,,,,,,,,,,
18aeb706c9868c500cbb5e6128c038ae,1398/03/31,29.0,75.0,-61.0,1570000.0,1250000.0,26.0,45530000.0,1.0,1.0,,,,,,,,,,,,,,,,,
18aeb706c9868c500cbb5e6128c038ae,1398/06/31,115.0,132.0,-13.0,1570000.0,1250000.0,26.0,180550000.0,1.0,1.0,,,,,,,,,,,,,,,,,
18aeb706c9868c500cbb5e6128c038ae,1398/09/30,186.0,181.0,3.0,1570000.0,1250000.0,26.0,292020000.0,1.0,1.0,,,,,,,,,,,,,,,,,
18aeb706c9868c500cbb5e6128c038ae,1398/12/29,1570000.0,1250000.0,26.0,1000.0,0.0,0.0,1570000000.0,1.0,1.0,,,,,,,,,,,,,,,,,
18aeb706c9868c500cbb5e6128c038ae,1399/03/31,656.0,29.0,2162.0,1570000.0,1570000.0,0.0,1029920000.0,1.0,1.0,,,,,,,,,,,,,,,,,
18aeb706c9868c500cbb5e6128c038ae,1399/06/31,1621.0,131.0,1137.0,1570000.0,1570000.0,0.0,2544970000.0,1.0,1.0,,,,,,,,,,,,,,,,,
18aeb706c9868c500cbb5e6128c038ae,1399/09/30,1069.0,186.0,475.0,3000000.0,1570000.0,91.0,3207000000.0,1.0,1.0,,,,,,,,,,,,,,,,,
18aeb706c9868c500cbb5e6128c038ae,1399/12/30,3000000.0,1570000.0,91.0,1000.0,0.0,0.0,3000000000.0,1.0,1.0,,,,,,,,,,,,,,,,,
18aeb706c9868c500cbb5e6128c038ae,1400/03/31,103.0,343.0,-70.0,3000000.0,3000000.0,0.0,309000000.0,1.0,1.0,,,,,,,,,,,,,,,,,
18aeb706c9868c500cbb5e6128c038ae,1400/06/31,62.0,860.0,1207.0,3000000.0,3000000.0,3000000.0,186000000.0,1.0,1.0,,,,,,,,,,,,,,,,,
18aeb706c9868c500cbb5e6128c038ae,1400/09/30,25.0,535.0,604.0,6000000.0,6000000.0,6000000.0,150000000.0,1.0,1.0,,,,,,,,,,,,,,,,,
18aeb706c9868c500cbb5e6128c038ae,1400/12/29,3.0,0.0,604.0,6000000.0,3000000.0,6000000.0,18000000.0,1.0,1.0,,,,,,,,,,,,,,,,,
18aeb706c9868c500cbb5e6128c038ae,1401/03/31,175.0,51.0,42.0,6000000.0,6000000.0,6000000.0,1050000000.0,1.0,1.0,,,,,,,,,,,,,,,,,
18aeb706c9868c500cbb5e6128c038ae,1401/06/31,76.0,22.0,42.0,6000000.0,6000000.0,6000000.0,456000000.0,1.0,1.0,,,,,,,,,,,,,,,,,
18aeb706c9868c500cbb5e6128c038ae,1401/09/30,32.0,25.0,42.0,6000000.0,6000000.0,6000000.0,192000000.0,1.0,1.0,,,,,,,,,,,,,,,,,
18aeb706c9868c500cbb5e6128c038ae,1401/12/29,-10.0,0.0,42.0,6000000.0,6000000.0,6000000.0,-60000000.0,1.0,1.0,,,,,,,,,,,,,,,,,
18aeb706c9868c500cbb5e6128c038ae,1402/03/31,-289.0,175.0,-180.0,6000000.0,6000000.0,6000000.0,-1734000000.0,1.0,1.0,,,,,,,,,,,,,,,,,
18aeb706c9868c500cbb5e6128c038ae,1402/06/31,-1314.0,36.0,-180.0,6000000.0,6000000.0,6000000.0,-7884000000.0,1.0,1.0,,,,,,,,,,,,,,,,,
18aeb706c9868c500cbb5e6128c038ae,1402/09/30,-1169.0,32.0,-271.0,6000000.0,6000000.0,6000000.0,-7014000000.0,1.0,1.0,,,,,,,,,,,,,,,,,
18aeb706c9868c500cbb5e6128c038ae,1402/12/29,-1089.0,0.0,-830.0,6000000.0,6000000.0,6000000.0,-6534000000.0,1.0,1.0,,,,,,,,,,,,,,,,,
18aeb706c9868c500cbb5e6128c038ae,1403/03/31,121.0,-289.0,-1109.0,6000000.0,6000000.0,6000000.0,726000000.0,1.0,1.0,,,,,,,,,,,,,,,,,
18aeb706c9868c500cbb5e6128c038ae,1403/06/31,240.0,-1171.0,-1109.0,6000000.0,6000000.0,6000000.0,1440000000.0,1.0,1.0,,,,,,,,,,,,,,,,,
18aeb706c9868c500cbb5e6128c038ae,1403/09/30,290.0,-1169.0,-1109.0,6000000.0,6000000.0,6000000.0,1740000000.0,1.0,1.0,,,,,,,,,,,,,,,,,
18aeb706c9868c500cbb5e6128c038ae,1403/12/30,-11.0,0.0,-2007.0,15000000.0,6000000.0,6000000.0,-165000000.0,1.0,1.0,,,,,,,,,,,,,,,,,
18aeb706c9868c500cbb5e6128c038ae,1404/03/31,50.0,121.0,-164.0,15000000.0,6000000.0,6000000.0,750000000.0,1.0,1.0,,,,,,,,,,,,,,,,,
18aeb706c9868c500cbb5e6128c038ae,1404/06/31,447.0,290.0,-164.0,15000000.0,6000000.0,6000000.0,6705000000.0,1.0,1.0,,,,,,,,,,,,,,,,,
18aeb706c9868c500cbb5e6128c038ae,1404/09/30,402.0,290.0,-164.0,15000000.0,6000000.0,6000000.0,6030000000.0,1.0,1.0,,,,,,,,,,,,,,,,,
18aeb706c9868c500cbb5e6128c038ae,1404/12/29,505.0,-206.0,,15000000.0,6000000.0,,7575000000.0,6791600.0,-2016746.0,,,,,,,,,,,,,,,,,
19b9ef8150577a94e1ec98c012006fa9,1398/03/31,400.0,194.0,106.0,600000.0,600000.0,0.0,240000000.0,0.0,266960.0,,,,,,,,,,,,,,,,,
19b9ef8150577a94e1ec98c012006fa9,1398/12/29,578.0,311.0,1275.0,600000.0,600000.0,600000.0,346800000.0,708.0,-130.0,,,,,,,,,,,,,,,,,
19b9ef8150577a94e1ec98c012006fa9,1399/03/31,629.0,395.0,1267.0,1316018.0,600000.0,600000.0,827775322.0,424.0,204.0,,,,,,,,,,,,,,,,,
19b9ef8150577a94e1ec98c012006fa9,1399/06/31,1174.0,621.0,1275.0,1316018.0,600000.0,600000.0,1545005132.0,669.0,505.0,,,,,,,,,,,,,,,,,
19b9ef8150577a94e1ec98c012006fa9,1399/09/30,1525.0,0.0,1267.0,1316018.0,600000.0,600000.0,2006927450.0,1009.0,523.0,,,,,,,,,,,,,,,,,
19b9ef8150577a94e1ec98c012006fa9,1399/12/30,276.0,578.0,1440.0,1316018.0,600000.0,1316018.0,363220968.0,283.0,-7.0,,,,,,,,,,,,,,,,,
19b9ef8150577a94e1ec98c012006fa9,1400/03/31,58.0,618.0,1525.0,3500000.0,1316018.0,1316018.0,203000000.0,223.0,-69.0,,,,,,,,,,,,,,,,,
19b9ef8150577a94e1ec98c012006fa9,1400/06/31,50.0,1174.0,1440.0,3500000.0,1316018.0,1316018.0,175000000.0,100.0,-50.0,,,,,,,,,,,,,,,,,
19b9ef8150577a94e1ec98c012006fa9,1400/09/30,339.0,0.0,1525.0,3500000.0,1316018.0,1316018.0,1186500000.0,157.0,285.0,,,,,,,,,,,,,,,,,
19b9ef8150577a94e1ec98c012006fa9,1400/12/29,10.0,104.0,367.0,3500000.0,3500000.0,3500000.0,35000000.0,0.0,0.0,,,,,,,,,,,,,,,,,
19b9ef8150577a94e1ec98c012006fa9,1401/03/31,86.0,47.0,367.0,3500000.0,3500000.0,3500000.0,301000000.0,0.0,0.0,,,,,,,,,,,,,,,,,
19b9ef8150577a94e1ec98c012006fa9,1401/06/31,261.0,50.0,367.0,3500000.0,3500000.0,3500000.0,913500000.0,336.0,-75.0,,,,,,,,,,,,,,,,,
19b9ef8150577a94e1ec98c012006fa9,1401/09/30,377.0,0.0,339.0,3500000.0,3500000.0,3500000.0,1319500000.0,414.0,-82.0,,,,,,,,,,,,,,,,,
19b9ef8150577a94e1ec98c012006fa9,1401/12/29,62.0,10.0,347.0,3500000.0,3500000.0,3500000.0,217000000.0,94.0,-32.0,,,,,,,,,,,,,,,,,
19b9ef8150577a94e1ec98c012006fa9,1402/03/31,154.0,95.0,347.0,3500000.0,3500000.0,3500000.0,539000000.0,228.0,-74.0,,,,,,,,,,,,,,,,,
19b9ef8150577a94e1ec98c012006fa9,1402/06/31,83.0,261.0,347.0,7000000.0,3500000.0,3500000.0,581000000.0,127.0,-44.0,,,,,,,,,,,,,,,,,
19b9ef8150577a94e1ec98c012006fa9,1402/09/30,192.0,0.0,349.0,7000000.0,3500000.0,3500000.0,1344000000.0,142.0,4.0,,,,,,,,,,,,,,,,,
19b9ef8150577a94e1ec98c012006fa9,1402/12/29,35.0,31.0,252.0,7000000.0,7000000.0,7000000.0,245000000.0,0.0,0.0,,,,,,,,,,,,,,,,,
19b9ef8150577a94e1ec98c012006fa9,1403/03/31,137.0,77.0,252.0,7000000.0,7000000.0,7000000.0,959000000.0,163.0,-26.0,,,,,,,,,,,,,,,,,
19b9ef8150577a94e1ec98c012006fa9,1403/06/31,148.0,83.0,252.0,7000000.0,7000000.0,7000000.0,1036000000.0,180.0,-32.0,,,,,,,,,,,,,,,,,
19b9ef8150577a94e1ec98c012006fa9,1403/09/30,335.0,0.0,192.0,7000000.0,7000000.0,7000000.0,2345000000.0,315.0,-35.0,,,,,,,,,,,,,,,,,
19b9ef8150577a94e1ec98c012006fa9,1403/12/30,152.0,35.0,285.0,7000000.0,7000000.0,7000000.0,1064000000.0,0.0,0.0,,,,,,,,,,,,,,,,,
19b9ef8150577a94e1ec98c012006fa9,1404/03/31,143.0,102.0,285.0,7000000.0,7000000.0,7000000.0,1001000000.0,182.0,0.0,,,,,,,,,,,,,,,,,
19b9ef8150577a94e1ec98c012006fa9,1404/06/31,257.0,148.0,284.0,7000000.0,7000000.0,7000000.0,1799000000.0,307.0,-50.0,,,,,,,,,,,,,,,,,
19b9ef8150577a94e1ec98c012006fa9,1404/09/30,1112.0,0.0,347.0,7000000.0,7000000.0,7000000.0,7784000000.0,972.0,-100.0,,,,,,,,,,,,,,,,,
19b9ef8150577a94e1ec98c012006fa9,1404/12/29,345.0,152.0,779.0,7000000.0,7000000.0,7000000.0,2415000000.0,307.0,37.0,,,,,,,,,,,,,,,,,
19b9ef8150577a94e1ec98c012006fa9,1405/03/31,665.0,105.0,779.0,7000000.0,7000000.0,7000000.0,4655000000.0,4193673.0,1120542.0,4436251.0,17482743.0,10062256.0,25463824.0,-305880.0,763720.0,4651513.0,736632.0,5454895.0,1698013.0,1174176.0,982640.0,32557072.0,21473408.0,12208195.0,6997530.0,20348877.0
1b3136d2227d59961e470887dc900c4d,1398/09/30,1568.0,2535.0,1284.0,600000.0,300000.0,600000.0,940800000.0,1.0,1.0,,,,,,,,,,,,,,,,,
1b3136d2227d59961e470887dc900c4d,1398/12/29,1792.0,0.0,1284.0,600000.0,300000.0,600000.0,1075200000.0,1.0,1.0,,,,,,,,,,,,,,,,,
1b3136d2227d59961e470887dc900c4d,1399/03/31,423.0,387.0,1683.0,600000.0,600000.0,600000.0,253800000.0,1.0,1.0,,,,,,,,,,,,,,,,,
1b3136d2227d59961e470887dc900c4d,1399/06/31,1199.0,1078.0,1683.0,600000.0,600000.0,600000.0,719400000.0,1.0,1.0,,,,,,,,,,,,,,,,,
1b3136d2227d59961e470887dc900c4d,1399/09/30,2211.0,1568.0,1683.0,600000.0,600000.0,600000.0,1326600000.0,1.0,1.0,,,,,,,,,,,,,,,,,
1b3136d2227d59961e470887dc900c4d,1399/12/30,3659.0,0.0,1683.0,600000.0,600000.0,600000.0,2195400000.0,1.0,1.0,,,,,,,,,,,,,,,,,
1b3136d2227d59961e470887dc900c4d,1400/03/31,586.0,423.0,3659.0,1200000.0,600000.0,600000.0,703200000.0,1.0,1.0,,,,,,,,,,,,,,,,,
1b3136d2227d59961e470887dc900c4d,1400/06/31,1838.0,1199.0,3659.0,1200000.0,600000.0,600000.0,2205600000.0,1.0,1.0,,,,,,,,,,,,,,,,,
1b3136d2227d59961e470887dc900c4d,1400/09/30,3346.0,2211.0,3659.0,1200000.0,600000.0,600000.0,4015200000.0,1.0,1.0,,,,,,,,,,,,,,,,,
1b3136d2227d59961e470887dc900c4d,1400/12/29,4571.0,0.0,1830.0,1200000.0,1200000.0,1200000.0,5485200000.0,1.0,1.0,,,,,,,,,,,,,,,,,
1b3136d2227d59961e470887dc900c4d,1401/03/31,1001.0,586.0,4571.0,1200000.0,1200000.0,1200000.0,1201200000.0,1.0,1.0,,,,,,,,,,,,,,,,,
1b3136d2227d59961e470887dc900c4d,1401/06/31,2654.0,1838.0,4571.0,1200000.0,1200000.0,1200000.0,3184800000.0,1.0,1.0,,,,,,,,,,,,,,,,,
1b3136d2227d59961e470887dc900c4d,1401/09/30,4869.0,3346.0,4571.0,1200000.0,1200000.0,1200000.0,5842800000.0,1.0,1.0,,,,,,,,,,,,,,,,,
1b3136d2227d59961e470887dc900c4d,1401/12/29,4485.0,0.0,4571.0,1800000.0,1200000.0,1200000.0,8073000000.0,1.0,1.0,,,,,,,,,,,,,,,,,
1b3136d2227d59961e470887dc900c4d,1402/03/31,483.0,1001.0,4485.0,1800000.0,1200000.0,1800000.0,869400000.0,1.0,1.0,,,,,,,,,,,,,,,,,
1b3136d2227d59961e470887dc900c4d,1402/06/31,1026.0,2660.0,4485.0,1800000.0,1200000.0,1800000.0,1846800000.0,1.0,1.0,,,,,,,,,,,,,,,,,
1b3136d2227d59961e470887dc900c4d,1402/09/30,2015.0,4869.0,4485.0,1800000.0,1200000.0,1800000.0,3627000000.0,1.0,1.0,,,,,,,,,,,,,,,,,
1b3136d2227d59961e470887dc900c4d,1402/12/29,2809.0,0.0,4485.0,1800000.0,0.0,1800000.0,5056200000.0,1.0,1.0,,,,,,,,,,,,,,,,,
1b3136d2227d59961e470887dc900c4d,1403/03/31,905.0,483.0,2809.0,1800000.0,1800000.0,1800000.0,1629000000.0,1.0,1.0,,,,,,,,,,,,,,,,,
1b3136d2227d59961e470887dc900c4d,1403/06/31,1687.0,1026.0,2809.0,1800000.0,1800000.0,1800000.0,3036600000.0,1.0,1.0,,,,,,,,,,,,,,,,,
1b3136d2227d59961e470887dc900c4d,1403/09/30,2447.0,2015.0,2809.0,1800000.0,1800000.0,1800000.0,4404600000.0,1.0,1.0,,,,,,,,,,,,,,,,,
1b3136d2227d59961e470887dc900c4d,1403/12/30,3633.0,0.0,2809.0,1800000.0,0.0,1800000.0,6539400000.0,1.0,1.0,,,,,,,,,,,,,,,,,
1b3136d2227d59961e470887dc900c4d,1404/03/31,93.0,905.0,3633.0,30000000.0,1800000.0,1800000.0,2790000000.0,1.0,1.0,,,,,,,,,,,,,,,,,
1b3136d2227d59961e470887dc900c4d,1404/06/31,214.0,1691.0,3633.0,30000000.0,1800000.0,1800000.0,6420000000.0,1.0,1.0,,,,,,,,,,,,,,,,,
1b3136d2227d59961e470887dc900c4d,1404/09/30,386.0,2447.0,3633.0,30000000.0,1800000.0,1800000.0,11580000000.0,1.0,1.0,,,,,,,,,,,,,,,,,
1b3136d2227d59961e470887dc900c4d,1404/12/29,522.0,0.0,3633.0,30000000.0,0.0,1800000.0,15660000000.0,-1.0,100.0,,,,,,,,,,,,,,,,,
1b3136d2227d59961e470887dc900c4d,1405/03/31,310.0,93.0,522.0,30000000.0,30000000.0,30000000.0,9300000000.0,13379016.0,4106428.0,,,,,,,,,,,,,,,,,
1b64f3e77238bc8dc5e3277587374ecf,1398/09/30,1152.0,628.0,608.0,700000.0,700000.0,700000.0,806400000.0,1.0,1.0,,,,,,,,,,,,,,,,,
1b64f3e77238bc8dc5e3277587374ecf,1398/12/29,1132.0,0.0,608.0,700000.0,700000.0,700000.0,792400000.0,1.0,1.0,,,,,,,,,,,,,,,,,
1b64f3e77238bc8dc5e3277587374ecf,1399/03/31,732.0,274.0,1132.0,700000.0,700000.0,700000.0,512400000.0,1.0,1.0,,,,,,,,,,,,,,,,,
1b64f3e77238bc8dc5e3277587374ecf,1399/06/31,1547.0,640.0,1132.0,700000.0,700000.0,700000.0,1082900000.0,1.0,1.0,,,,,,,,,,,,,,,,,
1b64f3e77238bc8dc5e3277587374ecf,1399/09/30,2503.0,1152.0,1132.0,700000.0,700000.0,700000.0,1752100000.0,1.0,1.0,,,,,,,,,,,,,,,,,
1b64f3e77238bc8dc5e3277587374ecf,1399/12/30,2870.0,0.0,1132.0,700000.0,700000.0,700000.0,2009000000.0,1.0,1.0,,,,,,,,,,,,,,,,,
1b64f3e77238bc8dc5e3277587374ecf,1400/03/31,2098.0,732.0,2870.0,700000.0,700000.0,700000.0,1468600000.0,1.0,1.0,,,,,,,,,,,,,,,,,
1b64f3e77238bc8dc5e3277587374ecf,1400/06/31,3251.0,1547.0,2870.0,700000.0,700000.0,700000.0,2275700000.0,1.0,1.0,,,,,,,,,,,,,,,,,
1b64f3e77238bc8dc5e3277587374ecf,1400/09/30,5478.0,2503.0,2870.0,700000.0,700000.0,700000.0,3834600000.0,1.0,1.0,,,,,,,,,,,,,,,,,
1b64f3e77238bc8dc5e3277587374ecf,1400/12/29,5059.0,0.0,2862.0,700000.0,700000.0,700000.0,3541300000.0,1.0,1.0,,,,,,,,,,,,,,,,,
1b64f3e77238bc8dc5e3277587374ecf,1401/03/31,2113.0,2098.0,5059.0,700000.0,700000.0,700000.0,1479100000.0,1.0,1.0,,,,,,,,,,,,,,,,,
1b64f3e77238bc8dc5e3277587374ecf,1401/06/31,2871.0,3251.0,5059.0,700000.0,700000.0,700000.0,2009700000.0,1.0,1.0,,,,,,,,,,,,,,,,,
1b64f3e77238bc8dc5e3277587374ecf,1401/09/30,4008.0,5478.0,5059.0,1000000.0,700000.0,700000.0,4008000000.0,1.0,1.0,,,,,,,,,,,,,,,,,
1b64f3e77238bc8dc5e3277587374ecf,1401/12/29,4984.0,0.0,5059.0,1000000.0,700000.0,700000.0,4984000000.0,1.0,1.0,,,,,,,,,,,,,,,,,
1b64f3e77238bc8dc5e3277587374ecf,1402/03/31,2088.0,1479.0,4984.0,1000000.0,1000000.0,1000000.0,2088000000.0,1.0,1.0,,,,,,,,,,,,,,,,,
1b64f3e77238bc8dc5e3277587374ecf,1402/06/31,4259.0,2871.0,4984.0,1000000.0,700000.0,1000000.0,4259000000.0,1.0,1.0,,,,,,,,,,,,,,,,,
1b64f3e77238bc8dc5e3277587374ecf,1402/09/30,6498.0,4008.0,4984.0,1000000.0,1000000.0,1000000.0,6498000000.0,1.0,1.0,,,,,,,,,,,,,,,,,
1b64f3e77238bc8dc5e3277587374ecf,1402/12/29,6780.0,0.0,4984.0,1000000.0,1000000.0,1000000.0,6780000000.0,1.0,1.0,,,,,,,,,,,,,,,,,
1b64f3e77238bc8dc5e3277587374ecf,1403/03/31,2971.0,2088.0,6780.0,1000000.0,1000000.0,1000000.0,2971000000.0,1.0,1.0,,,,,,,,,,,,,,,,,
1b64f3e77238bc8dc5e3277587374ecf,1403/06/31,6901.0,4273.0,6780.0,1000000.0,1000000.0,1000000.0,6901000000.0,1.0,1.0,,,,,,,,,,,,,,,,,
1b64f3e77238bc8dc5e3277587374ecf,1403/09/30,10645.0,6498.0,6780.0,1000000.0,1000000.0,1000000.0,10645000000.0,1.0,1.0,,,,,,,,,,,,,,,,,
1b64f3e77238bc8dc5e3277587374ecf,1403/12/30,14152.0,0.0,6780.0,1000000.0,1000000.0,1000000.0,14152000000.0,1.0,1.0,,,,,,,,,,,,,,,,,
1b64f3e77238bc8dc5e3277587374ecf,1404/03/31,5988.0,2754.0,14152.0,1000000.0,1000000.0,1000000.0,5988000000.0,1.0,1.0,,,,,,,,,,,,,,,,,
1b64f3e77238bc8dc5e3277587374ecf,1404/06/31,12044.0,6924.0,14152.0,1000000.0,1000000.0,1000000.0,12044000000.0,1.0,1.0,,,,,,,,,,,,,,,,,
1b64f3e77238bc8dc5e3277587374ecf,1404/09/30,20409.0,0.0,10645.0,1000000.0,0.0,1000000.0,20409000000.0,16.259914743495518,100.0,,,,,,,,,,,,,,,,,
1b64f3e77238bc8dc5e3277587374ecf,1404/12/29,726.0,444.0,608.0,700000.0,700000.0,700000.0,29594000000.0,1.0,1.0,,,,,,,,,,,,,,,,,
1b64f3e77238bc8dc5e3277587374ecf,1405/03/31,11308.0,6566.0,29594.0,1000000.0,1000000.0,1000000.0,11308000000.0,12059397.0,7102842.0,29675695.0,17399227.0,11275919.0,40479167.0,-58603.0,1158575.0,11308217.0,6566228.0,29593743.0,13309624.0,7182108.0,15747469.0,60711001.0,51262550.0,45837439.0,43952173.0,14873562.0
1b8e0f2acf626d841e62b7b091e025b7,1398/06/31,169.0,136.0,176.0,3000000.0,3000000.0,3000000.0,507000000.0,1.0,1.0,,,,,,,,,,,,,,,,,
1b8e0f2acf626d841e62b7b091e025b7,1398/09/30,202.0,157.0,176.0,3000000.0,3000000.0,3000000.0,606000000.0,1.0,1.0,,,,,,,,,,,,,,,,,
1b8e0f2acf626d841e62b7b091e025b7,1398/12/29,215.0,0.0,176.0,3000000.0,3000000.0,3000000.0,645000000.0,1.0,1.0,,,,,,,,,,,,,,,,,
1b8e0f2acf626d841e62b7b091e025b7,1399/03/31,43.0,32.0,214.0,3000000.0,3000000.0,3000000.0,129000000.0,1.0,1.0,,,,,,,,,,,,,,,,,
1b8e0f2acf626d841e62b7b091e025b7,1399/06/31,91.0,169.0,214.0,6000000.0,3000000.0,3000000.0,546000000.0,1.0,1.0,,,,,,,,,,,,,,,,,
1b8e0f2acf626d841e62b7b091e025b7,1399/09/30,114.0,202.0,214.0,6000000.0,3000000.0,3000000.0,684000000.0,1.0,1.0,,,,,,,,,,,,,,,,,
1b8e0f2acf626d841e62b7b091e025b7,1399/12/30,150.0,0.0,215.0,6000000.0,3000000.0,3000000.0,900000000.0,1.0,1.0,,,,,,,,,,,,,,,,,
1b8e0f2acf626d841e62b7b091e025b7,1400/03/31,27.0,21.0,151.0,6000000.0,6000000.0,6000000.0,162000000.0,1.0,1.0,,,,,,,,,,,,,,,,,
1b8e0f2acf626d841e62b7b091e025b7,1400/06/31,108.0,182.0,151.0,6000000.0,3000000.0,6000000.0,648000000.0,1.0,1.0,,,,,,,,,,,,,,,,,
1b8e0f2acf626d841e62b7b091e025b7,1400/09/30,150.0,114.0,151.0,6000000.0,6000000.0,6000000.0,900000000.0,1.0,1.0,,,,,,,,,,,,,,,,,
1b8e0f2acf626d841e62b7b091e025b7,1400/12/29,197.0,0.0,150.0,6000000.0,6000000.0,6000000.0,1182000000.0,1.0,1.0,,,,,,,,,,,,,,,,,
1b8e0f2acf626d841e62b7b091e025b7,1401/03/31,50.0,27.0,197.0,6000000.0,6000000.0,6000000.0,300000000.0,1.0,1.0,,,,,,,,,,,,,,,,,
1b8e0f2acf626d841e62b7b091e025b7,1401/06/31,114.0,108.0,197.0,6000000.0,6000000.0,6000000.0,684000000.0,1.0,1.0,,,,,,,,,,,,,,,,,
1b8e0f2acf626d841e62b7b091e025b7,1401/09/30,141.0,150.0,197.0,6000000.0,6000000.0,6000000.0,846000000.0,1.0,1.0,,,,,,,,,,,,,,,,,
1b8e0f2acf626d841e62b7b091e025b7,1401/12/29,150.0,0.0,197.0,6000000.0,6000000.0,6000000.0,900000000.0,1.0,1.0,,,,,,,,,,,,,,,,,
1b8e0f2acf626d841e62b7b091e025b7,1402/03/31,66.0,50.0,149.0,6000000.0,6000000.0,6000000.0,396000000.0,1.0,1.0,,,,,,,,,,,,,,,,,
1b8e0f2acf626d841e62b7b091e025b7,1402/06/31,173.0,114.0,149.0,6000000.0,6000000.0,6000000.0,1038000000.0,1.0,1.0,,,,,,,,,,,,,,,,,
1b8e0f2acf626d841e62b7b091e025b7,1402/09/30,233.0,141.0,149.0,6000000.0,6000000.0,6000000.0,1398000000.0,1.0,1.0,,,,,,,,,,,,,,,,,
1b8e0f2acf626d841e62b7b091e025b7,1402/12/29,337.0,0.0,150.0,6000000.0,6000000.0,6000000.0,2022000000.0,1.0,1.0,,,,,,,,,,,,,,,,,
1b8e0f2acf626d841e62b7b091e025b7,1403/03/31,63.0,66.0,338.0,6000000.0,6000000.0,6000000.0,378000000.0,1.0,1.0,,,,,,,,,,,,,,,,,
1b8e0f2acf626d841e62b7b091e025b7,1403/06/31,211.0,166.0,338.0,6000000.0,6000000.0,6000000.0,1266000000.0,1.0,1.0,,,,,,,,,,,,,,,,,
1b8e0f2acf626d841e62b7b091e025b7,1403/09/30,263.0,233.0,338.0,6000000.0,6000000.0,6000000.0,1578000000.0,1.0,1.0,,,,,,,,,,,,,,,,,
1b8e0f2acf626d841e62b7b091e025b7,1403/12/30,391.0,0.0,337.0,6000000.0,6000000.0,6000000.0,2346000000.0,1.0,1.0,,,,,,,,,,,,,,,,,
1b8e0f2acf626d841e62b7b091e025b7,1404/03/31,191.0,63.0,394.0,6000000.0,6000000.0,6000000.0,1146000000.0,1.0,1.0,,,,,,,,,,,,,,,,,
1b8e0f2acf626d841e62b7b091e025b7,1404/06/31,323.0,227.0,394.0,6000000.0,6000000.0,6000000.0,1938000000.0,1.0,1.0,,,,,,,,,,,,,,,,,
1b8e0f2acf626d841e62b7b091e025b7,1404/09/30,368.0,263.0,394.0,6000000.0,6000000.0,6000000.0,2208000000.0,-1.0,100.0,,,,,,,,,,,,,,,,,
1b8e0f2acf626d841e62b7b091e025b7,1404/12/29,464.0,0.0,391.0,6000000.0,6000000.0,6000000.0,2784000000.0,259.0,211.0,,,,,,,,,,,,,,,,,
1b8e0f2acf626d841e62b7b091e025b7,1405/03/31,213.0,191.0,466.0,6000000.0,6000000.0,6000000.0,1278000000.0,1255504.0,1110939.0,,,,,,,,,,,,,,,,,
1d619a84cd8a88c3ecda4e61e9339167,1398/03/31,0.0,0.0,0.0,3126040.0,2.0,0.0,0.0,1.0,1.0,,,,,,,,,,,,,,,,,
1d619a84cd8a88c3ecda4e61e9339167,1398/09/30,0.0,0.0,0.0,3126040.0,12.0,0.0,0.0,1.0,1.0,,,,,,,,,,,,,,,,,
1d619a84cd8a88c3ecda4e61e9339167,1398/12/29,169.0,32.0,424.0,1644000.0,1644000.0,1644000.0,277836000.0,1.0,1.0,,,,,,,,,,,,,,,,,
1d619a84cd8a88c3ecda4e61e9339167,1399/03/31,350.0,126.0,427.0,1644000.0,1233000.0,1644000.0,575400000.0,1.0,1.0,,,,,,,,,,,,,,,,,
1d619a84cd8a88c3ecda4e61e9339167,1399/06/31,614.0,253.0,424.0,1644000.0,1644000.0,1644000.0,1009416000.0,1.0,1.0,,,,,,,,,,,,,,,,,
1d619a84cd8a88c3ecda4e61e9339167,1399/09/30,1118.0,0.0,427.0,1644000.0,1644000.0,1644000.0,1837992000.0,1.0,1.0,,,,,,,,,,,,,,,,,
1d619a84cd8a88c3ecda4e61e9339167,1399/12/30,343.0,169.0,1175.0,1644000.0,1644000.0,1644000.0,563892000.0,1.0,1.0,,,,,,,,,,,,,,,,,
1d619a84cd8a88c3ecda4e61e9339167,1400/03/31,918.0,354.0,1182.0,1644000.0,1644000.0,1644000.0,1509192000.0,1.0,1.0,,,,,,,,,,,,,,,,,
1d619a84cd8a88c3ecda4e61e9339167,1400/06/31,1530.0,614.0,1175.0,1644000.0,1644000.0,1644000.0,2515320000.0,1.0,1.0,,,,,,,,,,,,,,,,,
1d619a84cd8a88c3ecda4e61e9339167,1400/09/30,2365.0,0.0,1182.0,1644000.0,1644000.0,1644000.0,3888060000.0,1.0,1.0,,,,,,,,,,,,,,,,,
1d619a84cd8a88c3ecda4e61e9339167,1400/12/29,428.0,343.0,2352.0,2466000.0,1644000.0,1644000.0,1055448000.0,1.0,1.0,,,,,,,,,,,,,,,,,
1d619a84cd8a88c3ecda4e61e9339167,1401/03/31,1128.0,920.0,2374.0,2466000.0,1644000.0,1644000.0,2781648000.0,1.0,1.0,,,,,,,,,,,,,,,,,
1d619a84cd8a88c3ecda4e61e9339167,1401/06/31,1740.0,1530.0,2352.0,2466000.0,1644000.0,1644000.0,4290840000.0,1.0,1.0,,,,,,,,,,,,,,,,,
1d619a84cd8a88c3ecda4e61e9339167,1401/09/30,2927.0,0.0,2374.0,2466000.0,1644000.0,1644000.0,7217982000.0,1.0,1.0,,,,,,,,,,,,,,,,,
1d619a84cd8a88c3ecda4e61e9339167,1401/12/29,607.0,380.0,2896.0,2466000.0,2466000.0,2466000.0,1496862000.0,1.0,1.0,,,,,,,,,,,,,,,,,
1d619a84cd8a88c3ecda4e61e9339167,1402/03/31,1812.0,1127.0,2927.0,2466000.0,2466000.0,2466000.0,4468392000.0,1.0,1.0,,,,,,,,,,,,,,,,,
1d619a84cd8a88c3ecda4e61e9339167,1402/06/31,2975.0,1740.0,2896.0,2466000.0,2466000.0,2466000.0,7336350000.0,1.0,1.0,,,,,,,,,,,,,,,,,
1d619a84cd8a88c3ecda4e61e9339167,1402/09/30,4138.0,0.0,2927.0,2466000.0,2466000.0,2466000.0,10204308000.0,1.0,1.0,,,,,,,,,,,,,,,,,
1d619a84cd8a88c3ecda4e61e9339167,1402/12/29,815.0,607.0,3938.0,2466000.0,2466000.0,2466000.0,2009790000.0,1.0,1.0,,,,,,,,,,,,,,,,,
1d619a84cd8a88c3ecda4e61e9339167,1403/03/31,2102.0,1783.0,3938.0,2466000.0,2466000.0,2466000.0,5183532000.0,1.0,1.0,,,,,,,,,,,,,,,,,
1d619a84cd8a88c3ecda4e61e9339167,1403/06/31,3362.0,2975.0,3938.0,2466000.0,2466000.0,2466000.0,8290692000.0,1.0,1.0,,,,,,,,,,,,,,,,,
1d619a84cd8a88c3ecda4e61e9339167,1403/09/30,5564.0,0.0,3940.0,2466000.0,2466000.0,2466000.0,13720824000.0,1.0,1.0,,,,,,,,,,,,,,,,,
1d619a84cd8a88c3ecda4e61e9339167,1403/12/30,1479.0,815.0,5544.0,2466000.0,2466000.0,2466000.0,3647214000.0,1.0,1.0,,,,,,,,,,,,,,,,,
1d619a84cd8a88c3ecda4e61e9339167,1404/03/31,3643.0,2079.0,5544.0,2466000.0,2466000.0,2466000.0,8983638000.0,1.0,1.0,,,,,,,,,,,,,,,,,
1d619a84cd8a88c3ecda4e61e9339167,1404/06/31,5632.0,3362.0,5544.0,2466000.0,2466000.0,2466000.0,13888512000.0,1.0,1.0,,,,,,,,,,,,,,,,,
1d619a84cd8a88c3ecda4e61e9339167,1404/09/30,8702.0,0.0,5564.0,2466000.0,2466000.0,2466000.0,21459132000.0,1.0,1.0,,,,,,,,,,,,,,,,,
1d619a84cd8a88c3ecda4e61e9339167,1404/12/29,2087.0,1479.0,8662.0,2466000.0,2466000.0,2466000.0,5146542000.0,-1.0,100.0,,,,,,,,,,,,,,,,,
1d619a84cd8a88c3ecda4e61e9339167,1405/03/31,6896.0,3754.0,8662.0,2466000.0,2466000.0,2466000.0,17005536000.0,17921944.0,9062675.0,,,,,,,,,,,,,,,,,
1ddbed63fff24fa4ad4fc82f1d695219,1398/03/31,131.0,79.0,66.0,1260000.0,1260000.0,0.0,165060000.0,1.0,1.0,,,,,,,,,,,,,,,,,
1ddbed63fff24fa4ad4fc82f1d695219,1398/06/31,272.0,177.0,54.0,1260000.0,1260000.0,0.0,342720000.0,1.0,1.0,,,,,,,,,,,,,,,,,
1ddbed63fff24fa4ad4fc82f1d695219,1398/12/29,1282.0,0.0,739.0,1260000.0,1260000.0,1260000.0,1615320000.0,1.0,1.0,,,,,,,,,,,,,,,,,
1ddbed63fff24fa4ad4fc82f1d695219,1399/03/31,312.0,131.0,1265.0,1260000.0,1260000.0,1260000.0,393120000.0,1.0,1.0,,,,,,,,,,,,,,,,,
1ddbed63fff24fa4ad4fc82f1d695219,1399/06/31,765.0,272.0,1265.0,1260000.0,1260000.0,1260000.0,963900000.0,1.0,1.0,,,,,,,,,,,,,,,,,
1ddbed63fff24fa4ad4fc82f1d695219,1399/09/30,1165.0,433.0,1265.0,1260000.0,1260000.0,1260000.0,1467900000.0,1.0,1.0,,,,,,,,,,,,,,,,,
1ddbed63fff24fa4ad4fc82f1d695219,1399/12/30,2139.0,0.0,1282.0,1700000.0,1260000.0,1260000.0,3636300000.0,1.0,1.0,,,,,,,,,,,,,,,,,
1ddbed63fff24fa4ad4fc82f1d695219,1400/03/31,339.0,231.0,3194.0,1700000.0,1700000.0,1700000.0,576300000.0,1.0,1.0,,,,,,,,,,,,,,,,,
1ddbed63fff24fa4ad4fc82f1d695219,1400/06/31,156.0,567.0,3194.0,8543604.0,1700000.0,1700000.0,1332802224.0,1.0,1.0,,,,,,,,,,,,,,,,,
1ddbed63fff24fa4ad4fc82f1d695219,1400/09/30,194.0,864.0,3194.0,10000000.0,1700000.0,1700000.0,1940000000.0,1.0,1.0,,,,,,,,,,,,,,,,,
1ddbed63fff24fa4ad4fc82f1d695219,1400/12/29,540.0,0.0,2139.0,10000000.0,1700000.0,1700000.0,5400000000.0,1.0,1.0,,,,,,,,,,,,,,,,,
1ddbed63fff24fa4ad4fc82f1d695219,1401/03/31,67.0,58.0,521.0,10000000.0,10000000.0,10000000.0,670000000.0,1.0,1.0,,,,,,,,,,,,,,,,,
1ddbed63fff24fa4ad4fc82f1d695219,1401/06/31,163.0,157.0,521.0,10000000.0,8543604.0,10000000.0,1630000000.0,1.0,1.0,,,,,,,,,,,,,,,,,
1ddbed63fff24fa4ad4fc82f1d695219,1401/09/30,276.0,194.0,521.0,10000000.0,10000000.0,10000000.0,2760000000.0,1.0,1.0,,,,,,,,,,,,,,,,,
1ddbed63fff24fa4ad4fc82f1d695219,1401/12/29,893.0,0.0,540.0,10000000.0,10000000.0,10000000.0,8930000000.0,1.0,1.0,,,,,,,,,,,,,,,,,
1ddbed63fff24fa4ad4fc82f1d695219,1402/03/31,186.0,67.0,832.0,10000000.0,10000000.0,10000000.0,1860000000.0,1.0,1.0,,,,,,,,,,,,,,,,,
1ddbed63fff24fa4ad4fc82f1d695219,1402/06/31,503.0,163.0,832.0,10000000.0,10000000.0,10000000.0,5030000000.0,1.0,1.0,,,,,,,,,,,,,,,,,
1ddbed63fff24fa4ad4fc82f1d695219,1402/09/30,720.0,276.0,832.0,10000000.0,10000000.0,10000000.0,7200000000.0,1.0,1.0,,,,,,,,,,,,,,,,,
1ddbed63fff24fa4ad4fc82f1d695219,1402/12/29,1944.0,0.0,893.0,10000000.0,0.0,10000000.0,19440000000.0,1.0,1.0,,,,,,,,,,,,,,,,,
1ddbed63fff24fa4ad4fc82f1d695219,1403/03/31,246.0,186.0,1817.0,10000000.0,10000000.0,10000000.0,2460000000.0,1.0,1.0,,,,,,,,,,,,,,,,,
1ddbed63fff24fa4ad4fc82f1d695219,1403/06/31,587.0,503.0,1817.0,10000000.0,10000000.0,10000000.0,5870000000.0,1.0,1.0,,,,,,,,,,,,,,,,,
1ddbed63fff24fa4ad4fc82f1d695219,1403/09/30,932.0,720.0,1817.0,10000000.0,10000000.0,10000000.0,9320000000.0,1.0,1.0,,,,,,,,,,,,,,,,,
1ddbed63fff24fa4ad4fc82f1d695219,1403/12/30,2713.0,0.0,1944.0,10000000.0,0.0,10000000.0,27130000000.0,1.0,1.0,,,,,,,,,,,,,,,,,
1ddbed63fff24fa4ad4fc82f1d695219,1404/03/31,570.0,246.0,2047.0,10000000.0,10000000.0,10000000.0,5700000000.0,1.0,1.0,,,,,,,,,,,,,,,,,
1ddbed63fff24fa4ad4fc82f1d695219,1404/06/31,1222.0,589.0,2047.0,10000000.0,10000000.0,10000000.0,12220000000.0,1.0,1.0,,,,,,,,,,,,,,,,,
1ddbed63fff24fa4ad4fc82f1d695219,1404/09/30,1794.0,0.0,932.0,10000000.0,0.0,10000000.0,17940000000.0,40.05599777034559,100.0,,,,,,,,,,,,,,,,,
1ddbed63fff24fa4ad4fc82f1d695219,1404/12/29,3559.0,0.0,2713.0,10000000.0,0.0,10000000.0,35590000000.0,-1.0,100.0,,,,,,,,,,,,,,,,,
1ddbed63fff24fa4ad4fc82f1d695219,1405/03/31,918.0,570.0,3306.0,10000000.0,10000000.0,10000000.0,9180000000.0,5762713.0,2043554.0,28848448.0,10642598.0,5267980.0,40467752.0,0.0,4590230.0,9178483.0,5702221.0,33064411.0,2515393.0,1693220.0,26845803.0,82303418.0,49850216.0,63858537.0,62008069.0,18444881.0
1e14ece10fa50f96266e53a6d2ce83a1,1398/06/31,1331.0,1130.0,2472.0,350000.0,350000.0,350000.0,465850000.0,1.0,1.0,,,,,,,,,,,,,,,,,
1e14ece10fa50f96266e53a6d2ce83a1,1398/09/30,1414.0,1630.0,2472.0,500000.0,350000.0,350000.0,707000000.0,1.0,1.0,,,,,,,,,,,,,,,,,
1e14ece10fa50f96266e53a6d2ce83a1,1398/12/29,2203.0,0.0,2472.0,500000.0,350000.0,350000.0,1101500000.0,1.0,1.0,,,,,,,,,,,,,,,,,
1e14ece10fa50f96266e53a6d2ce83a1,1399/03/31,682.0,602.0,2203.0,500000.0,350000.0,500000.0,341000000.0,1.0,1.0,,,,,,,,,,,,,,,,,
1e14ece10fa50f96266e53a6d2ce83a1,1399/06/31,1601.0,919.0,2203.0,500000.0,500000.0,500000.0,800500000.0,1.0,1.0,,,,,,,,,,,,,,,,,
1e14ece10fa50f96266e53a6d2ce83a1,1399/09/30,2203.0,1414.0,2203.0,500000.0,500000.0,500000.0,1101500000.0,1.0,1.0,,,,,,,,,,,,,,,,,
1e14ece10fa50f96266e53a6d2ce83a1,1399/12/30,2546.0,0.0,2290.0,500000.0,500000.0,481055.0,1273000000.0,1.0,1.0,,,,,,,,,,,,,,,,,
1e14ece10fa50f96266e53a6d2ce83a1,1400/03/31,746.0,682.0,2546.0,500000.0,500000.0,500000.0,373000000.0,1.0,1.0,,,,,,,,,,,,,,,,,
1e14ece10fa50f96266e53a6d2ce83a1,1400/06/31,2686.0,1601.0,2546.0,497088.0,500000.0,500000.0,1335178368.0,1.0,1.0,,,,,,,,,,,,,,,,,
1e14ece10fa50f96266e53a6d2ce83a1,1400/09/30,4039.0,2203.0,2546.0,500000.0,500000.0,500000.0,2019500000.0,1.0,1.0,,,,,,,,,,,,,,,,,
1e14ece10fa50f96266e53a6d2ce83a1,1400/12/29,5.0,0.0,2546.0,494959541.0,500000.0,500000.0,2474797705.0,1.0,1.0,,,,,,,,,,,,,,,,,
1e14ece10fa50f96266e53a6d2ce83a1,1401/03/31,2057.0,746.0,5420.0,500000.0,500000.0,494960.0,1028500000.0,1.0,1.0,,,,,,,,,,,,,,,,,
1e14ece10fa50f96266e53a6d2ce83a1,1401/06/31,4317.0,2686.0,5420.0,497459.0,497088.0,494960.0,2147530503.0,1.0,1.0,,,,,,,,,,,,,,,,,
1e14ece10fa50f96266e53a6d2ce83a1,1401/09/30,7611.0,4039.0,5366.0,496000.0,500000.0,500000.0,3775056000.0,1.0,1.0,,,,,,,,,,,,,,,,,
1e14ece10fa50f96266e53a6d2ce83a1,1401/12/29,11781.0,0.0,5420.0,496756.0,500000.0,494959.0,5852282436.0,1.0,1.0,,,,,,,,,,,,,,,,,
1e14ece10fa50f96266e53a6d2ce83a1,1402/03/31,4326.0,2057.0,11705.0,500000.0,500000.0,500000.0,2163000000.0,1.0,1.0,,,,,,,,,,,,,,,,,
1e14ece10fa50f96266e53a6d2ce83a1,1402/06/31,6994.0,4317.0,11781.0,496562.0,497462.0,496773.0,3472954628.0,1.0,1.0,,,,,,,,,,,,,,,,,
1e14ece10fa50f96266e53a6d2ce83a1,1402/09/30,9943.0,7611.0,11781.0,496422.0,496000.0,496756.0,4935923946.0,1.0,1.0,,,,,,,,,,,,,,,,,
1e14ece10fa50f96266e53a6d2ce83a1,1402/12/29,12856.0,0.0,11781.0,496273.0,500000.0,496755.0,6380085688.0,1.0,1.0,,,,,,,,,,,,,,,,,
1e14ece10fa50f96266e53a6d2ce83a1,1403/03/31,4050.0,4326.0,12760.0,500000.0,500000.0,500000.0,2025000000.0,1.0,1.0,,,,,,,,,,,,,,,,,
1e14ece10fa50f96266e53a6d2ce83a1,1403/06/31,6554.0,6946.0,12760.0,500000.0,500000.0,500000.0,3277000000.0,1.0,1.0,,,,,,,,,,,,,,,,,
1e14ece10fa50f96266e53a6d2ce83a1,1403/09/30,3407.0,3085.0,3987.0,1600000.0,1600000.0,1600000.0,5451200000.0,1.0,1.0,,,,,,,,,,,,,,,,,
1e14ece10fa50f96266e53a6d2ce83a1,1403/12/30,4633.0,0.0,3987.0,1600000.0,500000.0,1600000.0,7412800000.0,1.0,1.0,,,,,,,,,,,,,,,,,
1e14ece10fa50f96266e53a6d2ce83a1,1404/03/31,2297.0,1266.0,4633.0,1600000.0,1600000.0,1600000.0,3675200000.0,1.0,1.0,,,,,,,,,,,,,,,,,
1e14ece10fa50f96266e53a6d2ce83a1,1404/06/31,3792.0,2048.0,4633.0,1600000.0,1600000.0,1600000.0,6067200000.0,1.0,1.0,,,,,,,,,,,,,,,,,
1e14ece10fa50f96266e53a6d2ce83a1,1404/09/30,5020.0,3407.0,4633.0,1600000.0,1600000.0,1600000.0,8032000000.0,1.0,1.0,,,,,,,,,,,,,,,,,
1e14ece10fa50f96266e53a6d2ce83a1,1404/12/29,7045.0,0.0,4633.0,1600000.0,1600000.0,1600000.0,11272000000.0,-1.0,100.0,,,,,,,,,,,,,,,,,
1e14ece10fa50f96266e53a6d2ce83a1,1405/03/31,3220.0,2297.0,7536.0,1600000.0,1600000.0,1600000.0,5152000000.0,4940939.0,2382878.0,,,,,,,,,,,,,,,,,
20579374fedaf42bb5e2e72dd734e793,1398/03/31,0.0,0.0,0.0,8604812.0,-13.0,0.0,0.0,1.0,1.0,,,,,,,,,,,,,,,,,
20579374fedaf42bb5e2e72dd734e793,1398/09/30,63.0,41.0,332.0,4300000.0,4300000.0,4300000.0,270900000.0,1.0,1.0,,,,,,,,,,,,,,,,,
20579374fedaf42bb5e2e72dd734e793,1398/12/29,83.0,74.0,332.0,4300000.0,4300000.0,4300000.0,356900000.0,1.0,1.0,,,,,,,,,,,,,,,,,
20579374fedaf42bb5e2e72dd734e793,1399/03/31,186.0,154.0,332.0,4300000.0,4300000.0,4300000.0,799800000.0,1.0,1.0,,,,,,,,,,,,,,,,,
20579374fedaf42bb5e2e72dd734e793,1399/06/31,443.0,0.0,332.0,4300000.0,4300000.0,4300000.0,1904900000.0,1.0,1.0,,,,,,,,,,,,,,,,,
20579374fedaf42bb5e2e72dd734e793,1399/09/30,118.0,63.0,452.0,4300000.0,4300000.0,4300000.0,507400000.0,1.0,1.0,,,,,,,,,,,,,,,,,
20579374fedaf42bb5e2e72dd734e793,1399/12/30,162.0,89.0,452.0,4300000.0,4300000.0,4300000.0,696600000.0,1.0,1.0,,,,,,,,,,,,,,,,,
20579374fedaf42bb5e2e72dd734e793,1400/03/31,330.0,193.0,452.0,4300000.0,4300000.0,4300000.0,1419000000.0,1.0,1.0,,,,,,,,,,,,,,,,,
20579374fedaf42bb5e2e72dd734e793,1400/06/31,675.0,0.0,452.0,4300000.0,4300000.0,4300000.0,2902500000.0,1.0,1.0,,,,,,,,,,,,,,,,,
20579374fedaf42bb5e2e72dd734e793,1400/09/30,188.0,110.0,673.0,4300000.0,4300000.0,4300000.0,808400000.0,1.0,1.0,,,,,,,,,,,,,,,,,
20579374fedaf42bb5e2e72dd734e793,1400/12/29,278.0,154.0,673.0,4300000.0,4300000.0,4300000.0,1195400000.0,1.0,1.0,,,,,,,,,,,,,,,,,
20579374fedaf42bb5e2e72dd734e793,1401/03/31,475.0,332.0,673.0,4300000.0,4300000.0,4300000.0,2042500000.0,1.0,1.0,,,,,,,,,,,,,,,,,
20579374fedaf42bb5e2e72dd734e793,1401/06/31,758.0,0.0,675.0,4300000.0,4300000.0,4300000.0,3259400000.0,1.0,1.0,,,,,,,,,,,,,,,,,
20579374fedaf42bb5e2e72dd734e793,1401/09/30,232.0,188.0,801.0,4300000.0,4300000.0,4300000.0,997600000.0,1.0,1.0,,,,,,,,,,,,,,,,,
20579374fedaf42bb5e2e72dd734e793,1401/12/29,294.0,271.0,801.0,4300000.0,4300000.0,4300000.0,1264200000.0,1.0,1.0,,,,,,,,,,,,,,,,,
20579374fedaf42bb5e2e72dd734e793,1402/03/31,591.0,480.0,786.0,4300000.0,4300000.0,4300000.0,2541300000.0,1.0,1.0,,,,,,,,,,,,,,,,,
20579374fedaf42bb5e2e72dd734e793,1402/06/31,1065.0,0.0,800.0,4300000.0,4300000.0,4300000.0,4579500000.0,1.0,1.0,,,,,,,,,,,,,,,,,
20579374fedaf42bb5e2e72dd734e793,1402/09/30,240.0,232.0,1068.0,4300000.0,4300000.0,4300000.0,1032000000.0,1.0,1.0,,,,,,,,,,,,,,,,,
20579374fedaf42bb5e2e72dd734e793,1402/12/29,714.0,259.0,1067.0,4300000.0,4300000.0,4300000.0,3070200000.0,1.0,1.0,,,,,,,,,,,,,,,,,
20579374fedaf42bb5e2e72dd734e793,1403/03/31,944.0,591.0,1068.0,4300000.0,4300000.0,4300000.0,4059200000.0,1.0,1.0,,,,,,,,,,,,,,,,,
20579374fedaf42bb5e2e72dd734e793,1403/06/31,1232.0,0.0,1065.0,4300000.0,4300000.0,4300000.0,5297600000.0,1.0,1.0,,,,,,,,,,,,,,,,,
20579374fedaf42bb5e2e72dd734e793,1403/09/30,180.0,229.0,1250.0,4300000.0,4300000.0,4300000.0,774000000.0,1.0,1.0,,,,,,,,,,,,,,,,,
20579374fedaf42bb5e2e72dd734e793,1403/12/30,302.0,715.0,1250.0,4300000.0,4300000.0,4300000.0,1298600000.0,1.0,1.0,,,,,,,,,,,,,,,,,
20579374fedaf42bb5e2e72dd734e793,1404/03/31,839.0,944.0,1250.0,4300000.0,4300000.0,4300000.0,3607700000.0,1.0,1.0,,,,,,,,,,,,,,,,,
20579374fedaf42bb5e2e72dd734e793,1405/03/31,1641.0,839.0,1580.0,4300000.0,4300000.0,4300000.0,7056300000.0,8617945.0,4255418.0,,,,,,,,,,,,,,,,,
213d9e3501b775d1751c699f0b6915ed,1398/09/30,-87.0,-61.0,-61.0,120000.0,120000.0,120000.0,-10440000.0,1.0,1.0,,,,,,,,,,,,,,,,,
213d9e3501b775d1751c699f0b6915ed,1398/12/29,-159.0,0.0,-61.0,120000.0,120000.0,120000.0,-19080000.0,1.0,1.0,,,,,,,,,,,,,,,,,
213d9e3501b775d1751c699f0b6915ed,1399/06/31,-64.0,-69.0,-137.0,120000.0,120000.0,120000.0,-7680000.0,1.0,1.0,,,,,,,,,,,,,,,,,
213d9e3501b775d1751c699f0b6915ed,1399/09/30,-80.0,-87.0,-137.0,120000.0,120000.0,120000.0,-9600000.0,1.0,1.0,,,,,,,,,,,,,,,,,
213d9e3501b775d1751c699f0b6915ed,1399/12/30,-200.0,0.0,-137.0,120000.0,120000.0,120000.0,-24000000.0,1.0,1.0,,,,,,,,,,,,,,,,,
213d9e3501b775d1751c699f0b6915ed,1400/03/31,108.0,-26.0,-196.0,120000.0,120000.0,120000.0,12960000.0,1.0,1.0,,,,,,,,,,,,,,,,,
213d9e3501b775d1751c699f0b6915ed,1400/06/31,218.0,-78.0,-196.0,120000.0,120000.0,120000.0,26160000.0,1.0,1.0,,,,,,,,,,,,,,,,,
213d9e3501b775d1751c699f0b6915ed,1400/09/30,980.0,-80.0,-196.0,120000.0,120000.0,120000.0,117600000.0,1.0,1.0,,,,,,,,,,,,,,,,,
213d9e3501b775d1751c699f0b6915ed,1400/12/29,2134.0,0.0,-196.0,120000.0,120000.0,120000.0,256080000.0,1.0,1.0,,,,,,,,,,,,,,,,,
213d9e3501b775d1751c699f0b6915ed,1401/03/31,693.0,108.0,2014.0,120000.0,120000.0,120000.0,83160000.0,1.0,1.0,,,,,,,,,,,,,,,,,
213d9e3501b775d1751c699f0b6915ed,1401/06/31,1368.0,224.0,2014.0,120000.0,120000.0,120000.0,164160000.0,1.0,1.0,,,,,,,,,,,,,,,,,
213d9e3501b775d1751c699f0b6915ed,1401/09/30,2207.0,980.0,2014.0,120000.0,120000.0,120000.0,264840000.0,1.0,1.0,,,,,,,,,,,,,,,,,
213d9e3501b775d1751c699f0b6915ed,1401/12/29,1925.0,0.0,2014.0,240000.0,120000.0,120000.0,462000000.0,1.0,1.0,,,,,,,,,,,,,,,,,
213d9e3501b775d1751c699f0b6915ed,1402/03/31,696.0,346.0,1925.0,240000.0,240000.0,240000.0,167040000.0,1.0,1.0,,,,,,,,,,,,,,,,,
213d9e3501b775d1751c699f0b6915ed,1402/06/31,1134.0,598.0,1925.0,240000.0,240000.0,240000.0,272160000.0,1.0,1.0,,,,,,,,,,,,,,,,,
213d9e3501b775d1751c699f0b6915ed,1402/09/30,2251.0,1103.0,1925.0,240000.0,240000.0,240000.0,540240000.0,1.0,1.0,,,,,,,,,,,,,,,,,
213d9e3501b775d1751c699f0b6915ed,1402/12/29,1897.0,0.0,1925.0,360000.0,240000.0,240000.0,682920000.0,1.0,1.0,,,,,,,,,,,,,,,,,
213d9e3501b775d1751c699f0b6915ed,1403/03/31,675.0,464.0,2054.0,360000.0,360000.0,360000.0,243000000.0,1.0,1.0,,,,,,,,,,,,,,,,,
213d9e3501b775d1751c699f0b6915ed,1403/06/31,1392.0,935.0,2054.0,360000.0,360000.0,360000.0,501120000.0,1.0,1.0,,,,,,,,,,,,,,,,,
213d9e3501b775d1751c699f0b6915ed,1403/09/30,533.0,1501.0,2054.0,1440000.0,360000.0,360000.0,767520000.0,1.0,1.0,,,,,,,,,,,,,,,,,
213d9e3501b775d1751c699f0b6915ed,1403/12/30,719.0,0.0,2054.0,1440000.0,360000.0,360000.0,1035360000.0,1.0,1.0,,,,,,,,,,,,,,,,,
213d9e3501b775d1751c699f0b6915ed,1404/03/31,153.0,675.0,718.0,1440000.0,360000.0,1440000.0,220320000.0,1.0,1.0,,,,,,,,,,,,,,,,,
213d9e3501b775d1751c699f0b6915ed,1404/06/31,385.0,1459.0,718.0,1440000.0,360000.0,1440000.0,554400000.0,1.0,1.0,,,,,,,,,,,,,,,,,
213d9e3501b775d1751c699f0b6915ed,1404/09/30,710.0,533.0,718.0,1440000.0,1440000.0,1440000.0,1022400000.0,1.0,1.0,,,,,,,,,,,,,,,,,
213d9e3501b775d1751c699f0b6915ed,1404/12/29,822.0,718.0,,1440000.0,1440000.0,,1183680000.0,1199077.0,1047382.0,,,,,,,,,,,,,,,,,
213d9e3501b775d1751c699f0b6915ed,1405/03/31,128.0,153.0,825.0,2304000.0,1440000.0,1440000.0,294912000.0,296804.0,229221.0,,961668.0,550130.0,,-2587.0,0.0,,,,,,,,,,,
219f43aab6fb90530570bd54a78db3f4,1398/06/31,71.0,-86.0,4.0,1020600.0,1020600.0,1020600.0,72462600.0,1.0,1.0,,,,,,,,,,,,,,,,,
219f43aab6fb90530570bd54a78db3f4,1398/09/30,-332.0,9.0,0.0,1020600.0,1020600.0,0.0,-338839200.0,1.0,1.0,,,,,,,,,,,,,,,,,
219f43aab6fb90530570bd54a78db3f4,1398/12/29,467.0,0.0,-40.0,1020600.0,1020600.0,1020600.0,476620200.0,1.0,1.0,,,,,,,,,,,,,,,,,
219f43aab6fb90530570bd54a78db3f4,1399/03/31,21.0,-59.0,443.0,5734089.0,1020600.0,1020600.0,120415869.0,1.0,1.0,,,,,,,,,,,,,,,,,
219f43aab6fb90530570bd54a78db3f4,1399/06/31,11.0,51.0,443.0,5734089.0,1020600.0,1020600.0,63074979.0,1.0,1.0,,,,,,,,,,,,,,,,,
219f43aab6fb90530570bd54a78db3f4,1399/09/30,21.0,0.0,79.0,5734089.0,5734089.0,5734089.0,120415869.0,1.0,1.0,,,,,,,,,,,,,,,,,
219f43aab6fb90530570bd54a78db3f4,1399/12/30,373.0,0.0,102.0,5734089.0,5734089.0,5734089.0,2138815197.0,1.0,1.0,,,,,,,,,,,,,,,,,
219f43aab6fb90530570bd54a78db3f4,1400/03/31,2.0,21.0,307.0,5734089.0,5734089.0,5734089.0,11468178.0,1.0,1.0,,,,,,,,,,,,,,,,,
219f43aab6fb90530570bd54a78db3f4,1400/06/31,5.0,12.0,307.0,5734089.0,5734089.0,5734089.0,28670445.0,1.0,1.0,,,,,,,,,,,,,,,,,
219f43aab6fb90530570bd54a78db3f4,1400/09/30,1.0,21.0,307.0,5734089.0,5734089.0,5734089.0,5734089.0,1.0,1.0,,,,,,,,,,,,,,,,,
219f43aab6fb90530570bd54a78db3f4,1400/12/29,162.0,0.0,242.0,5734089.0,5734089.0,5734089.0,928922418.0,1.0,1.0,,,,,,,,,,,,,,,,,
219f43aab6fb90530570bd54a78db3f4,1401/03/31,9.0,2.0,80.0,5734089.0,5734089.0,5734089.0,51606801.0,1.0,1.0,,,,,,,,,,,,,,,,,
219f43aab6fb90530570bd54a78db3f4,1401/06/31,24.0,8.0,80.0,5734089.0,5734089.0,5734089.0,137618136.0,1.0,1.0,,,,,,,,,,,,,,,,,
219f43aab6fb90530570bd54a78db3f4,1401/09/30,28.0,1.0,80.0,5734089.0,5734089.0,5734089.0,160554492.0,1.0,1.0,,,,,,,,,,,,,,,,,
219f43aab6fb90530570bd54a78db3f4,1401/12/29,199.0,0.0,162.0,5734089.0,5734089.0,5734089.0,1141083711.0,1.0,1.0,,,,,,,,,,,,,,,,,
219f43aab6fb90530570bd54a78db3f4,1402/03/31,21.0,9.0,102.0,5734089.0,5734089.0,5734089.0,120415869.0,1.0,1.0,,,,,,,,,,,,,,,,,
219f43aab6fb90530570bd54a78db3f4,1402/06/31,-4.0,20.0,102.0,5734089.0,5734089.0,5734089.0,-22936356.0,1.0,1.0,,,,,,,,,,,,,,,,,
219f43aab6fb90530570bd54a78db3f4,1402/09/30,21.0,28.0,102.0,5734089.0,5734089.0,5734089.0,120415869.0,1.0,1.0,,,,,,,,,,,,,,,,,
219f43aab6fb90530570bd54a78db3f4,1402/12/29,304.0,0.0,198.0,5734089.0,5734089.0,5734089.0,1743163056.0,1.0,1.0,,,,,,,,,,,,,,,,,
219f43aab6fb90530570bd54a78db3f4,1403/03/31,-60.0,21.0,90.0,5734089.0,5734089.0,5734089.0,-344045340.0,1.0,1.0,,,,,,,,,,,,,,,,,
219f43aab6fb90530570bd54a78db3f4,1403/06/31,-73.0,16.0,90.0,5734089.0,5734089.0,5734089.0,-418588497.0,1.0,1.0,,,,,,,,,,,,,,,,,
219f43aab6fb90530570bd54a78db3f4,1403/09/30,-196.0,21.0,90.0,5734089.0,5734089.0,5734089.0,-1123881444.0,1.0,1.0,,,,,,,,,,,,,,,,,
219f43aab6fb90530570bd54a78db3f4,1403/12/30,196.0,0.0,304.0,5734089.0,5734089.0,5734089.0,1123881444.0,1.0,1.0,,,,,,,,,,,,,,,,,
219f43aab6fb90530570bd54a78db3f4,1404/03/31,-92.0,-60.0,174.0,5734089.0,5734089.0,5734089.0,-527536188.0,1.0,1.0,,,,,,,,,,,,,,,,,
219f43aab6fb90530570bd54a78db3f4,1404/06/31,-310.0,-75.0,174.0,5734089.0,5734089.0,5734089.0,-1777567590.0,1.0,1.0,,,,,,,,,,,,,,,,,
219f43aab6fb90530570bd54a78db3f4,1404/09/30,-669.0,-196.0,174.0,5734089.0,5734089.0,5734089.0,-3836105541.0,1.0,1.0,,,,,,,,,,,,,,,,,
219f43aab6fb90530570bd54a78db3f4,1404/12/29,60.0,0.0,196.0,5734089.0,5734089.0,5734089.0,344045340.0,-1.0,100.0,,,,,,,,,,,,,,,,,
219f43aab6fb90530570bd54a78db3f4,1405/03/31,-33.0,-92.0,71.0,5734089.0,5734089.0,5734089.0,-189224937.0,-119520.0,-509929.0,,,,,,,,,,,,,,,,,
22299b7657a300fc6056ba1b0e6532dd,1402/12/29,2178.0,0.0,1569.0,1000000.0,1000000.0,1000000.0,2178000000.0,2046.0,132.0,,,,,,,,,,,,,,,,,
22299b7657a300fc6056ba1b0e6532dd,1403/03/31,918.0,622.0,1860.0,1000000.0,1000000.0,1000000.0,918000000.0,0.0,0.0,,,,,,,,,,,,,,,,,
22299b7657a300fc6056ba1b0e6532dd,1403/06/31,1301.0,959.0,1860.0,1000000.0,1000000.0,1000000.0,1301000000.0,1286.0,15.0,,,,,,,,,,,,,,,,,
22299b7657a300fc6056ba1b0e6532dd,1403/09/30,1707.0,1163.0,1860.0,1000000.0,1000000.0,1000000.0,1707000000.0,1707.0,0.0,,,,,,,,,,,,,,,,,
22299b7657a300fc6056ba1b0e6532dd,1403/12/30,2077.0,0.0,1860.0,1000000.0,1390000.0,1000000.0,2077000000.0,2092.0,-14.0,,,,,,,,,,,,,,,,,
22299b7657a300fc6056ba1b0e6532dd,1404/03/31,350.0,918.0,1973.0,1000000.0,1000000.0,1000000.0,350000000.0,0.0,0.0,,,,,,,,,,,,,,,,,
22299b7657a300fc6056ba1b0e6532dd,1404/06/31,594.0,1301.0,1973.0,1000000.0,1000000.0,1000000.0,594000000.0,602.0,-8.0,,,,,,,,,,,,,,,,,
22299b7657a300fc6056ba1b0e6532dd,1404/09/30,1159.0,1707.0,1973.0,1000000.0,1000000.0,1000000.0,1159000000.0,1139.0,20.0,,,,,,,,,,,,,,,,,
22299b7657a300fc6056ba1b0e6532dd,1404/12/29,3034.0,0.0,1973.0,1000000.0,1000000.0,1000000.0,3034000000.0,3065.0,-31.0,,,,,,,,,,,,,,,,,
251c0169be640916c76cf3d978482145,1398/03/31,130.0,110.0,18.0,1075071.0,1075071.0,0.0,139759230.0,-1.0,100.0,,,,,,,,,,,,,,,,,
251c0169be640916c76cf3d978482145,1398/12/29,56.0,62.0,419.0,1075071.0,1075071.0,1075071.0,60203976.0,-1.0,100.0,,,,,,,,,,,,,,,,,
251c0169be640916c76cf3d978482145,1399/03/31,172.0,128.0,419.0,1290085.0,1075071.0,1075071.0,221894620.0,-1.0,100.0,,,,,,,,,,,,,,,,,
251c0169be640916c76cf3d978482145,1399/06/31,342.0,292.0,419.0,1290085.0,1075071.0,1075071.0,441209070.0,-1.0,100.0,,,,,,,,,,,,,,,,,
251c0169be640916c76cf3d978482145,1399/09/30,494.0,0.0,419.0,1290085.0,1075071.0,1075071.0,637301990.0,-1.0,100.0,,,,,,,,,,,,,,,,,
251c0169be640916c76cf3d978482145,1399/12/30,197.0,56.0,500.0,1290085.0,1075071.0,1265084.0,254146745.0,-1.0,100.0,,,,,,,,,,,,,,,,,
251c0169be640916c76cf3d978482145,1400/03/31,458.0,174.0,491.0,1290085.0,1290085.0,1290085.0,590858930.0,-1.0,100.0,,,,,,,,,,,,,,,,,
251c0169be640916c76cf3d978482145,1400/06/31,650.0,362.0,500.0,1290085.0,1248799.0,1265085.0,838555250.0,-1.0,100.0,,,,,,,,,,,,,,,,,
251c0169be640916c76cf3d978482145,1400/09/30,1044.0,0.0,491.0,1290085.0,1290085.0,1290085.0,1346848740.0,-1.0,100.0,,,,,,,,,,,,,,,,,
251c0169be640916c76cf3d978482145,1400/12/29,648.0,197.0,1035.0,1290085.0,1290085.0,1290085.0,835975080.0,-1.0,100.0,,,,,,,,,,,,,,,,,
251c0169be640916c76cf3d978482145,1401/03/31,804.0,458.0,1035.0,1700000.0,1290085.0,1290085.0,1366800000.0,-1.0,100.0,,,,,,,,,,,,,,,,,
251c0169be640916c76cf3d978482145,1401/06/31,1290.0,650.0,1035.0,1700000.0,1290085.0,1290085.0,2193000000.0,-1.0,100.0,,,,,,,,,,,,,,,,,
251c0169be640916c76cf3d978482145,1401/09/30,2078.0,0.0,1402.0,1700000.0,1290085.0,1290085.0,3532600000.0,-1.0,100.0,,,,,,,,,,,,,,,,,
251c0169be640916c76cf3d978482145,1401/12/29,1023.0,648.0,1700.0,1700000.0,1290085.0,1700000.0,1739100000.0,-1.0,100.0,,,,,,,,,,,,,,,,,
251c0169be640916c76cf3d978482145,1402/03/31,1307.0,716.0,2103.0,1700000.0,1700000.0,1700000.0,2221900000.0,-1.0,100.0,,,,,,,,,,,,,,,,,
251c0169be640916c76cf3d978482145,1402/06/31,2177.0,1290.0,1700.0,1700000.0,1700000.0,1700000.0,3700900000.0,-1.0,100.0,,,,,,,,,,,,,,,,,
251c0169be640916c76cf3d978482145,1402/09/30,2936.0,0.0,2103.0,1700000.0,1700000.0,1700000.0,4991200000.0,-1.0,100.0,,,,,,,,,,,,,,,,,
251c0169be640916c76cf3d978482145,1402/12/29,198.0,1023.0,3565.0,1700000.0,1700000.0,1700000.0,336600000.0,-1.0,100.0,,,,,,,,,,,,,,,,,
251c0169be640916c76cf3d978482145,1403/03/31,1209.0,1183.0,2850.0,1700000.0,1700000.0,1700000.0,2055300000.0,-1.0,100.0,,,,,,,,,,,,,,,,,
251c0169be640916c76cf3d978482145,1403/06/31,1383.0,2177.0,3565.0,1700000.0,1700000.0,1700000.0,2351100000.0,-1.0,100.0,,,,,,,,,,,,,,,,,
251c0169be640916c76cf3d978482145,1403/09/30,3378.0,0.0,2850.0,1700000.0,1700000.0,1700000.0,5742600000.0,-1.0,100.0,,,,,,,,,,,,,,,,,
251c0169be640916c76cf3d978482145,1403/12/30,674.0,198.0,3328.0,1700000.0,1700000.0,1700000.0,1145800000.0,-1.0,100.0,,,,,,,,,,,,,,,,,
251c0169be640916c76cf3d978482145,1404/03/31,2658.0,1219.0,3470.0,1700000.0,1700000.0,1700000.0,4518600000.0,-1.0,100.0,,,,,,,,,,,,,,,,,
251c0169be640916c76cf3d978482145,1404/06/31,2640.0,1383.0,3328.0,1700000.0,1700000.0,1700000.0,4488000000.0,-1.0,100.0,,,,,,,,,,,,,,,,,
251c0169be640916c76cf3d978482145,1404/09/30,6023.0,0.0,3470.0,1700000.0,1700000.0,1700000.0,10239100000.0,-1.0,100.0,,,,,,,,,,,,,,,,,
251c0169be640916c76cf3d978482145,1404/12/29,276.0,674.0,5931.0,5000000.0,1700000.0,1700000.0,1380000000.0,-1.0,100.0,,,,,,,,,,,,,,,,,
25594bcbd879ef25ca250052162de693,1398/09/30,1285.0,606.0,671.0,392000.0,392000.0,392000.0,503720000.0,1.0,1.0,,,,,,,,,,,,,,,,,
25594bcbd879ef25ca250052162de693,1398/12/29,1767.0,0.0,524.0,392000.0,392000.0,392000.0,692664000.0,1.0,1.0,,,,,,,,,,,,,,,,,
25594bcbd879ef25ca250052162de693,1399/03/31,467.0,346.0,1767.0,392000.0,392000.0,392000.0,183064000.0,1.0,1.0,,,,,,,,,,,,,,,,,
25594bcbd879ef25ca250052162de693,1399/06/31,1380.0,748.0,1767.0,392000.0,392000.0,392000.0,540960000.0,1.0,1.0,,,,,,,,,,,,,,,,,
25594bcbd879ef25ca250052162de693,1399/09/30,2296.0,1285.0,1767.0,392000.0,392000.0,392000.0,900032000.0,1.0,1.0,,,,,,,,,,,,,,,,,
25594bcbd879ef25ca250052162de693,1399/12/30,2927.0,0.0,1767.0,392000.0,392000.0,392000.0,1147384000.0,1.0,1.0,,,,,,,,,,,,,,,,,
25594bcbd879ef25ca250052162de693,1400/03/31,1235.0,467.0,2928.0,392000.0,392000.0,392000.0,484120000.0,1.0,1.0,,,,,,,,,,,,,,,,,
25594bcbd879ef25ca250052162de693,1400/06/31,2996.0,1380.0,2928.0,392000.0,392000.0,392000.0,1174432000.0,1.0,1.0,,,,,,,,,,,,,,,,,
25594bcbd879ef25ca250052162de693,1400/09/30,4899.0,2296.0,2877.0,392000.0,392000.0,392000.0,1920408000.0,1.0,1.0,,,,,,,,,,,,,,,,,
25594bcbd879ef25ca250052162de693,1400/12/29,5387.0,0.0,2886.0,392000.0,392000.0,392000.0,2111704000.0,1.0,1.0,,,,,,,,,,,,,,,,,
25594bcbd879ef25ca250052162de693,1401/03/31,1821.0,1235.0,5387.0,392000.0,392000.0,392000.0,713832000.0,1.0,1.0,,,,,,,,,,,,,,,,,
25594bcbd879ef25ca250052162de693,1401/06/31,3304.0,3088.0,5387.0,392000.0,392000.0,392000.0,1295168000.0,1.0,1.0,,,,,,,,,,,,,,,,,
25594bcbd879ef25ca250052162de693,1401/09/30,4876.0,4899.0,5387.0,392000.0,392000.0,392000.0,1911392000.0,1.0,1.0,,,,,,,,,,,,,,,,,
25594bcbd879ef25ca250052162de693,1401/12/29,5606.0,0.0,5388.0,392000.0,392000.0,392000.0,2197552000.0,1.0,1.0,,,,,,,,,,,,,,,,,
25594bcbd879ef25ca250052162de693,1402/03/31,2701.0,1821.0,5606.0,392000.0,392000.0,392000.0,1058792000.0,1.0,1.0,,,,,,,,,,,,,,,,,
25594bcbd879ef25ca250052162de693,1402/06/31,5374.0,3304.0,5606.0,392000.0,392000.0,392000.0,2106608000.0,1.0,1.0,,,,,,,,,,,,,,,,,
25594bcbd879ef25ca250052162de693,1402/09/30,7055.0,4876.0,5606.0,392000.0,392000.0,392000.0,2765560000.0,1.0,1.0,,,,,,,,,,,,,,,,,
25594bcbd879ef25ca250052162de693,1402/12/29,1631.0,0.0,5606.0,2000000.0,392000.0,392000.0,3262000000.0,1.0,1.0,,,,,,,,,,,,,,,,,
25594bcbd879ef25ca250052162de693,1403/03/31,555.0,526.0,5918.0,2000000.0,2000000.0,2000000.0,1110000000.0,1.0,1.0,,,,,,,,,,,,,,,,,
25594bcbd879ef25ca250052162de693,1403/06/31,1250.0,5490.0,5918.0,2000000.0,2000000.0,2000000.0,2500000000.0,1.0,1.0,,,,,,,,,,,,,,,,,
25594bcbd879ef25ca250052162de693,1403/09/30,1758.0,7055.0,5918.0,2000000.0,2000000.0,2000000.0,3474000000.0,1.0,1.0,,,,,,,,,,,,,,,,,
25594bcbd879ef25ca250052162de693,1403/12/30,1954.0,0.0,5918.0,2000000.0,2000000.0,2000000.0,3908000000.0,1.0,1.0,,,,,,,,,,,,,,,,,
25594bcbd879ef25ca250052162de693,1404/03/31,1239.0,555.0,1944.0,2000000.0,2000000.0,2000000.0,2478000000.0,1.0,1.0,,,,,,,,,,,,,,,,,
25594bcbd879ef25ca250052162de693,1404/06/31,3342.0,1157.0,1944.0,2000000.0,2000000.0,2000000.0,6684000000.0,1.0,1.0,,,,,,,,,,,,,,,,,
25594bcbd879ef25ca250052162de693,1404/09/30,5252.0,0.0,1737.0,2000000.0,0.0,2000000.0,10504000000.0,35.79651561309977,100.0,,,,,,,,,,,,,,,,,
25594bcbd879ef25ca250052162de693,1404/12/29,7528.0,0.0,2052.0,2000000.0,2000000.0,2000000.0,15056000000.0,6905.0,650.0,,,,,,,,,,,,,,,,,
25594bcbd879ef25ca250052162de693,1405/03/31,2512.0,1239.0,7528.0,2000000.0,2000000.0,2000000.0,5024000000.0,5601351.0,2927845.0,15599192.0,9990878.0,6497002.0,32906656.0,-74920.0,213598.0,5024333.0,2478210.0,15055399.0,2770944.0,3558547.0,9742469.0,36162743.0,29154716.0,27883510.0,26032216.0,8279233.0
257905140790bc29dc5bf9fb900ab7ff,1398/03/31,0.0,0.0,0.0,1806809.0,5.0,0.0,0.0,1.0,1.0,,,,,,,,,,,,,,,,,
257905140790bc29dc5bf9fb900ab7ff,1398/06/31,0.0,0.0,0.0,1807637.0,7.0,0.0,0.0,1.0,1.0,,,,,,,,,,,,,,,,,
257905140790bc29dc5bf9fb900ab7ff,1398/09/30,0.0,0.0,0.0,1921314.0,0.0,0.0,0.0,1.0,1.0,,,,,,,,,,,,,,,,,
257905140790bc29dc5bf9fb900ab7ff,1398/12/29,4.0,187.0,71.0,1200000.0,1200000.0,1200000.0,4800000.0,1.0,1.0,,,,,,,,,,,,,,,,,
257905140790bc29dc5bf9fb900ab7ff,1399/06/31,213.0,0.0,71.0,1200000.0,1200000.0,1200000.0,255600000.0,1.0,1.0,,,,,,,,,,,,,,,,,
257905140790bc29dc5bf9fb900ab7ff,1399/09/30,128.0,-23.0,196.0,1800000.0,1200000.0,1200000.0,230400000.0,1.0,1.0,,,,,,,,,,,,,,,,,
257905140790bc29dc5bf9fb900ab7ff,1399/12/30,193.0,-20.0,196.0,1800000.0,1200000.0,1200000.0,347400000.0,1.0,1.0,,,,,,,,,,,,,,,,,
257905140790bc29dc5bf9fb900ab7ff,1400/03/31,259.0,13.0,38.0,1800000.0,1200000.0,1200000.0,466200000.0,1.0,1.0,,,,,,,,,,,,,,,,,
257905140790bc29dc5bf9fb900ab7ff,1400/06/31,232.0,0.0,196.0,1800000.0,1200000.0,1200000.0,417600000.0,1.0,1.0,,,,,,,,,,,,,,,,,
257905140790bc29dc5bf9fb900ab7ff,1400/09/30,35.0,128.0,231.0,1800000.0,1800000.0,1800000.0,63000000.0,1.0,1.0,,,,,,,,,,,,,,,,,
257905140790bc29dc5bf9fb900ab7ff,1400/12/29,122.0,193.0,231.0,1800000.0,1800000.0,1800000.0,219600000.0,1.0,1.0,,,,,,,,,,,,,,,,,
257905140790bc29dc5bf9fb900ab7ff,1401/03/31,182.0,259.0,231.0,1800000.0,1800000.0,1800000.0,327600000.0,1.0,1.0,,,,,,,,,,,,,,,,,
257905140790bc29dc5bf9fb900ab7ff,1401/06/31,128.0,0.0,231.0,1800000.0,1800000.0,1800000.0,230400000.0,1.0,1.0,,,,,,,,,,,,,,,,,
257905140790bc29dc5bf9fb900ab7ff,1401/09/30,55.0,35.0,113.0,1800000.0,1800000.0,1800000.0,99000000.0,1.0,1.0,,,,,,,,,,,,,,,,,
257905140790bc29dc5bf9fb900ab7ff,1401/12/29,130.0,124.0,113.0,1800000.0,1800000.0,1800000.0,234000000.0,1.0,1.0,,,,,,,,,,,,,,,,,
257905140790bc29dc5bf9fb900ab7ff,1402/03/31,-192.0,182.0,113.0,1800000.0,1800000.0,1800000.0,-345600000.0,1.0,1.0,,,,,,,,,,,,,,,,,
257905140790bc29dc5bf9fb900ab7ff,1402/06/31,-194.0,0.0,113.0,1800000.0,1800000.0,1800000.0,-349200000.0,1.0,1.0,,,,,,,,,,,,,,,,,
257905140790bc29dc5bf9fb900ab7ff,1402/09/30,386.0,55.0,-194.0,1800000.0,1800000.0,1800000.0,694800000.0,1.0,1.0,,,,,,,,,,,,,,,,,
257905140790bc29dc5bf9fb900ab7ff,1402/12/29,-75.0,130.0,-194.0,1800000.0,1800000.0,1800000.0,-135000000.0,1.0,1.0,,,,,,,,,,,,,,,,,
257905140790bc29dc5bf9fb900ab7ff,1403/03/31,-271.0,-192.0,-194.0,1800000.0,1800000.0,1800000.0,-487800000.0,1.0,1.0,,,,,,,,,,,,,,,,,
257905140790bc29dc5bf9fb900ab7ff,1403/06/31,-549.0,0.0,-194.0,1800000.0,1800000.0,1800000.0,-988200000.0,1.0,1.0,,,,,,,,,,,,,,,,,
257905140790bc29dc5bf9fb900ab7ff,1403/09/30,-4.0,386.0,-1099.0,1800000.0,1800000.0,1800000.0,-7200000.0,1.0,1.0,,,,,,,,,,,,,,,,,
257905140790bc29dc5bf9fb900ab7ff,1403/12/30,-1239.0,-232.0,-1099.0,1800000.0,1800000.0,1800000.0,-2230200000.0,1.0,1.0,,,,,,,,,,,,,,,,,
257905140790bc29dc5bf9fb900ab7ff,1404/03/31,-1248.0,-271.0,-1099.0,1800000.0,1800000.0,1800000.0,-2246400000.0,1.0,1.0,,,,,,,,,,,,,,,,,
257905140790bc29dc5bf9fb900ab7ff,1404/06/31,-850.0,-1099.0,,1800000.0,1800000.0,,-1530000000.0,-1958455.0,-1854472.0,,,,,,,,,,,,,,,,,
257905140790bc29dc5bf9fb900ab7ff,1404/09/30,-82.0,-4.0,-1182.0,1800000.0,1800000.0,1800000.0,-147600000.0,-1.0,100.0,,,,,,,,,,,,,,,,,
257905140790bc29dc5bf9fb900ab7ff,1404/12/29,-386.0,-599.0,-1182.0,1800000.0,1800000.0,1800000.0,-694800000.0,-644087.0,-1187057.0,,,,,,,,,,,,,,,,,
257905140790bc29dc5bf9fb900ab7ff,1405/03/31,-487.0,-1248.0,-1182.0,1800000.0,1800000.0,1800000.0,-876600000.0,-806375.0,-2273453.0,,,,,,,,,,,,,,,,,
26ee5c2c59a374815a759f4990eb7c29,1398/06/31,75.0,232.0,616.0,120000.0,120000.0,120000.0,9000000.0,108.0,-33.0,,,,,,,,,,,,,,,,,
26ee5c2c59a374815a759f4990eb7c29,1398/09/30,262.0,455.0,616.0,120000.0,120000.0,120000.0,31440000.0,0.0,0.0,,,,,,,,,,,,,,,,,
26ee5c2c59a374815a759f4990eb7c29,1398/12/29,439.0,0.0,616.0,120000.0,120000.0,120000.0,52680000.0,507.0,-68.0,,,,,,,,,,,,,,,,,
26ee5c2c59a374815a759f4990eb7c29,1399/03/31,365.0,81.0,439.0,120000.0,120000.0,120000.0,43800000.0,0.0,0.0,,,,,,,,,,,,,,,,,
26ee5c2c59a374815a759f4990eb7c29,1399/06/31,218.0,75.0,439.0,529248.0,120000.0,120000.0,115376064.0,0.0,0.0,,,,,,,,,,,,,,,,,
26ee5c2c59a374815a759f4990eb7c29,1399/09/30,348.0,262.0,439.0,529248.0,120000.0,120000.0,184178304.0,0.0,0.0,,,,,,,,,,,,,,,,,
26ee5c2c59a374815a759f4990eb7c29,1399/12/30,396.0,0.0,439.0,529248.0,120000.0,120000.0,209582208.0,447.0,-51.0,,,,,,,,,,,,,,,,,
26ee5c2c59a374815a759f4990eb7c29,1400/03/31,83.0,83.0,396.0,529248.0,529248.0,529248.0,43927584.0,0.0,0.0,,,,,,,,,,,,,,,,,
26ee5c2c59a374815a759f4990eb7c29,1400/06/31,344.0,219.0,396.0,529248.0,529248.0,529248.0,182061312.0,396.0,-52.0,,,,,,,,,,,,,,,,,
26ee5c2c59a374815a759f4990eb7c29,1400/09/30,514.0,348.0,396.0,529248.0,529248.0,529248.0,272033472.0,0.0,0.0,,,,,,,,,,,,,,,,,
26ee5c2c59a374815a759f4990eb7c29,1400/12/29,689.0,0.0,396.0,529248.0,529248.0,529248.0,364651872.0,813.0,-124.0,,,,,,,,,,,,,,,,,
26ee5c2c59a374815a759f4990eb7c29,1401/03/31,403.0,83.0,689.0,529248.0,529248.0,529248.0,213286944.0,0.0,0.0,,,,,,,,,,,,,,,,,
26ee5c2c59a374815a759f4990eb7c29,1401/06/31,922.0,344.0,689.0,529248.0,529248.0,529248.0,487966656.0,1004.0,-82.0,,,,,,,,,,,,,,,,,
26ee5c2c59a374815a759f4990eb7c29,1401/09/30,1405.0,514.0,689.0,529248.0,529248.0,529248.0,743593440.0,0.0,0.0,,,,,,,,,,,,,,,,,
26ee5c2c59a374815a759f4990eb7c29,1401/12/29,1562.0,0.0,689.0,635957.0,529248.0,529248.0,993364834.0,1693.0,-131.0,,,,,,,,,,,,,,,,,
26ee5c2c59a374815a759f4990eb7c29,1402/03/31,404.0,403.0,1562.0,635957.0,529248.0,635957.0,256926628.0,0.0,0.0,,,,,,,,,,,,,,,,,
26ee5c2c59a374815a759f4990eb7c29,1402/06/31,492.0,767.0,1562.0,635957.0,635957.0,635957.0,312890844.0,605.0,-113.0,,,,,,,,,,,,,,,,,
26ee5c2c59a374815a759f4990eb7c29,1402/09/30,846.0,1170.0,1562.0,635957.0,635957.0,635957.0,538019622.0,0.0,0.0,,,,,,,,,,,,,,,,,
26ee5c2c59a374815a759f4990eb7c29,1402/10/30,936.0,1416.0,1564.0,635957.0,635957.0,635957.0,595255752.0,0.0,0.0,,,,,,,,,,,,,,,,,
26ee5c2c59a374815a759f4990eb7c29,1403/01/31,97.0,230.0,633.0,1115000.0,1115000.0,1115000.0,108155000.0,0.0,0.0,,,,,,,,,,,,,,,,,
26ee5c2c59a374815a759f4990eb7c29,1403/04/31,179.0,281.0,633.0,1115000.0,1115000.0,1115000.0,199585000.0,0.0,0.0,,,,,,,,,,,,,,,,,
26ee5c2c59a374815a759f4990eb7c29,1403/07/30,286.0,483.0,633.0,1115000.0,1115000.0,1115000.0,318890000.0,0.0,0.0,,,,,,,,,,,,,,,,,
26ee5c2c59a374815a759f4990eb7c29,1403/09/30,492.0,633.0,633.0,1115000.0,1115000.0,1115000.0,548580000.0,0.0,0.0,,,,,,,,,,,,,,,,,
26ee5c2c59a374815a759f4990eb7c29,1403/12/30,300.0,97.0,563.0,1115000.0,1115000.0,1115000.0,334500000.0,0.0,0.0,,,,,,,,,,,,,,,,,
26ee5c2c59a374815a759f4990eb7c29,1404/03/31,745.0,171.0,563.0,1115000.0,1115000.0,1115000.0,830675000.0,978.0,-85.0,,,,,,,,,,,,,,,,,
26ee5c2c59a374815a759f4990eb7c29,1404/06/31,1139.0,286.0,563.0,1115000.0,1115000.0,1115000.0,1269985000.0,0.0,0.0,,,,,,,,,,,,,,,,,
26ee5c2c59a374815a759f4990eb7c29,1404/09/30,1454.0,0.0,563.0,1115000.0,1115000.0,1115000.0,1621210000.0,0.0,0.0,,,,,,,,,,,,,,,,,
26ee5c2c59a374815a759f4990eb7c29,1404/12/29,489.0,300.0,1382.0,1115000.0,1115000.0,1115000.0,545235000.0,0.0,0.0,,,,,,,,,,,,,,,,,
29d7795e06a8fe30d0a386ed95c8f445,1399/06/31,778.0,796.0,1137.0,55500000.0,33500000.0,44000000.0,43179000000.0,1.0,1.0,,,,,,,,,,,,,,,,,
29d7795e06a8fe30d0a386ed95c8f445,1399/09/30,1703.0,776.0,1137.0,55500000.0,44000000.0,44000000.0,94516500000.0,1.0,1.0,,,,,,,,,,,,,,,,,
29d7795e06a8fe30d0a386ed95c8f445,1399/12/30,3045.0,0.0,992.0,55500000.0,55500000.0,44000000.0,168997500000.0,1.0,1.0,,,,,,,,,,,,,,,,,
29d7795e06a8fe30d0a386ed95c8f445,1400/03/31,1083.0,287.0,3080.0,55500000.0,44000000.0,55500000.0,60106500000.0,1.0,1.0,,,,,,,,,,,,,,,,,
29d7795e06a8fe30d0a386ed95c8f445,1400/06/31,2310.0,778.0,3080.0,55500000.0,55500000.0,55500000.0,128205000000.0,1.0,1.0,,,,,,,,,,,,,,,,,
29d7795e06a8fe30d0a386ed95c8f445,1400/09/30,3286.0,1703.0,3080.0,55500000.0,55500000.0,55500000.0,182373000000.0,1.0,1.0,,,,,,,,,,,,,,,,,
29d7795e06a8fe30d0a386ed95c8f445,1400/12/29,2286.0,0.0,3045.0,119000000.0,55500000.0,55500000.0,272034000000.0,1.0,1.0,,,,,,,,,,,,,,,,,
29d7795e06a8fe30d0a386ed95c8f445,1401/03/31,579.0,1083.0,2265.0,119000000.0,55500000.0,119000000.0,68901000000.0,1.0,1.0,,,,,,,,,,,,,,,,,
29d7795e06a8fe30d0a386ed95c8f445,1401/06/31,791.0,2323.0,2265.0,119000000.0,55500000.0,119000000.0,94129000000.0,1.0,1.0,,,,,,,,,,,,,,,,,
29d7795e06a8fe30d0a386ed95c8f445,1401/09/30,1178.0,1532.0,2265.0,119000000.0,119000000.0,119000000.0,140182000000.0,1.0,1.0,,,,,,,,,,,,,,,,,
29d7795e06a8fe30d0a386ed95c8f445,1401/12/29,1247.0,0.0,1413.0,192500000.0,119000000.0,192500000.0,240047500000.0,1.0,1.0,,,,,,,,,,,,,,,,,
29d7795e06a8fe30d0a386ed95c8f445,1402/03/31,303.0,358.0,1189.0,192500000.0,192500000.0,192500000.0,58327500000.0,1.0,1.0,,,,,,,,,,,,,,,,,
29d7795e06a8fe30d0a386ed95c8f445,1402/06/31,548.0,499.0,1189.0,192500000.0,192500000.0,192500000.0,105490000000.0,1.0,1.0,,,,,,,,,,,,,,,,,
29d7795e06a8fe30d0a386ed95c8f445,1402/09/30,853.0,728.0,1189.0,192500000.0,192500000.0,192500000.0,164202500000.0,1.0,1.0,,,,,,,,,,,,,,,,,
29d7795e06a8fe30d0a386ed95c8f445,1402/12/29,810.0,0.0,741.0,324000000.0,192500000.0,324000000.0,262440000000.0,1.0,1.0,,,,,,,,,,,,,,,,,
29d7795e06a8fe30d0a386ed95c8f445,1403/03/31,181.0,180.0,784.0,324000000.0,324000000.0,324000000.0,58644000000.0,1.0,1.0,,,,,,,,,,,,,,,,,
29d7795e06a8fe30d0a386ed95c8f445,1403/06/31,279.0,342.0,784.0,324000000.0,324000000.0,324000000.0,90396000000.0,1.0,1.0,,,,,,,,,,,,,,,,,
29d7795e06a8fe30d0a386ed95c8f445,1403/09/30,381.0,853.0,784.0,371500000.0,192500000.0,324000000.0,141541500000.0,1.0,1.0,,,,,,,,,,,,,,,,,
29d7795e06a8fe30d0a386ed95c8f445,1403/12/30,542.0,0.0,810.0,371500000.0,324000000.0,324000000.0,201353000000.0,1.0,1.0,,,,,,,,,,,,,,,,,
29d7795e06a8fe30d0a386ed95c8f445,1404/03/31,202.0,158.0,507.0,371500000.0,371500000.0,371500000.0,75043000000.0,1.0,1.0,,,,,,,,,,,,,,,,,
29d7795e06a8fe30d0a386ed95c8f445,1404/06/31,259.0,243.0,507.0,471500000.0,371500000.0,371500000.0,122118500000.0,1.0,1.0,,,,,,,,,,,,,,,,,
29d7795e06a8fe30d0a386ed95c8f445,1404/09/30,1078.0,0.0,832.0,44000000.0,33500000.0,33500000.0,193125000000.0,1.0,1.0,,,,,,,,,,,,,,,,,
29d7795e06a8fe30d0a386ed95c8f445,1404/12/29,146.0,159.0,323.0,515000000.0,471500000.0,471500000.0,75190000000.0,54150691.0,68646679.0,,,,,,,,,,,,,,,,,
29d7795e06a8fe30d0a386ed95c8f445,1405/03/31,265.0,240.0,295.0,515000000.0,515000000.0,515000000.0,136475000000.0,85301712.0,99698697.0,,,,,,,,,,,,,,,,,
2c7e998dc9b612c1fd643b991c0dc3cc,1398/06/31,758.0,312.0,1214.0,226509.0,226509.0,226509.0,171693822.0,210713.0,83862.0,,,,,,,,,,,,,,,,,
2c7e998dc9b612c1fd643b991c0dc3cc,1398/09/30,1243.0,953.0,1214.0,226509.0,200000.0,226509.0,281550687.0,349134.0,226346.0,,,,,,,,,,,,,,,,,
2c7e998dc9b612c1fd643b991c0dc3cc,1398/12/29,1793.0,1214.0,,226509.0,226509.0,,406130637.0,486915.0,327788.0,,,,,,,,,,,,,,,,,
2c7e998dc9b612c1fd643b991c0dc3cc,1399/03/31,105.0,310.0,1793.0,835821.0,226509.0,226509.0,87761205.0,118497.0,94257.0,,,,,,,,,,,,,,,,,
2c7e998dc9b612c1fd643b991c0dc3cc,1399/06/31,297.0,205.0,486.0,835820.0,835820.0,835820.0,248238540.0,333604.0,210713.0,,,,,,,,,,,,,,,,,
2c7e998dc9b612c1fd643b991c0dc3cc,1399/09/30,490.0,1243.0,1793.0,835820.0,226509.0,226509.0,409551800.0,551145.0,349134.0,,,,,,,,,,,,,,,,,
2c7e998dc9b612c1fd643b991c0dc3cc,1399/12/30,671.0,486.0,,835820.0,835820.0,,560835220.0,770241.0,486915.0,,,,,,,,,,,,,,,,,
2c7e998dc9b612c1fd643b991c0dc3cc,1400/03/31,208.0,105.0,671.0,835820.0,835820.0,835820.0,173850560.0,230265.0,118497.0,,,,,,,,,,,,,,,,,
2c7e998dc9b612c1fd643b991c0dc3cc,1400/06/31,398.0,297.0,671.0,835820.0,835820.0,835820.0,332656360.0,428268.0,333604.0,,,,,,,,,,,,,,,,,
2c7e998dc9b612c1fd643b991c0dc3cc,1400/09/30,704.0,490.0,671.0,835820.0,835820.0,835820.0,588417280.0,744340.0,551145.0,,,,,,,,,,,,,,,,,
2c7e998dc9b612c1fd643b991c0dc3cc,1400/12/29,1030.0,671.0,,835820.0,835820.0,,860894600.0,1037052.0,770241.0,,,,,,,,,,,,,,,,,
2c7e998dc9b612c1fd643b991c0dc3cc,1401/03/31,354.0,208.0,1030.0,835821.0,835821.0,835821.0,295880634.0,380219.0,230265.0,,,,,,,,,,,,,,,,,
2c7e998dc9b612c1fd643b991c0dc3cc,1401/06/31,1338.0,398.0,1030.0,835820.0,835820.0,835820.0,1118327160.0,1421734.0,428268.0,,,,,,,,,,,,,,,,,
2c7e998dc9b612c1fd643b991c0dc3cc,1401/09/30,1824.0,704.0,1030.0,835821.0,835821.0,835821.0,1524537504.0,1919684.0,744340.0,,,,,,,,,,,,,,,,,
2c7e998dc9b612c1fd643b991c0dc3cc,1401/12/29,1805.0,1030.0,,1156190.0,835821.0,,2086922950.0,2377104.0,1037052.0,,,,,,,,,,,,,,,,,
2c7e998dc9b612c1fd643b991c0dc3cc,1402/03/31,458.0,354.0,1805.0,1156190.0,835821.0,1156190.0,529535020.0,650129.0,380219.0,,,,,,,,,,,,,,,,,
2c7e998dc9b612c1fd643b991c0dc3cc,1402/06/31,1016.0,967.0,1805.0,1156190.0,1156190.0,1156190.0,1174689040.0,1413393.0,1421734.0,,,,,,,,,,,,,,,,,
2c7e998dc9b612c1fd643b991c0dc3cc,1402/09/30,1360.0,1824.0,1805.0,1156190.0,835821.0,1156190.0,1572418400.0,1886795.0,1919684.0,,,,,,,,,,,,,,,,,
2c7e998dc9b612c1fd643b991c0dc3cc,1402/10/30,1546.0,1478.0,1805.0,1156190.0,1156190.0,1156190.0,1787469740.0,2080713.0,1973561.0,,,,,,,,,,,,,,,,,
2c7e998dc9b612c1fd643b991c0dc3cc,1403/01/31,252.0,247.0,833.0,2145560.0,2145560.0,2145560.0,540681120.0,676801.0,650129.0,,,,,,,,,,,,,,,,,
2c7e998dc9b612c1fd643b991c0dc3cc,1403/04/31,394.0,548.0,1546.0,2145560.0,2145560.0,1156190.0,845350640.0,1006902.0,1413393.0,,,,,,,,,,,,,,,,,
2c7e998dc9b612c1fd643b991c0dc3cc,1403/07/30,598.0,1360.0,1546.0,2145560.0,1156190.0,1156190.0,1283044880.0,1504937.0,1886795.0,,,,,,,,,,,,,,,,,
2c7e998dc9b612c1fd643b991c0dc3cc,1403/09/30,850.0,1546.0,1546.0,2145560.0,1156190.0,1156190.0,1823726000.0,2264263.0,2080713.0,,,,,,,,,,,,,,,,,
2c7e998dc9b612c1fd643b991c0dc3cc,1403/12/30,286.0,252.0,850.0,2145560.0,2145560.0,2145560.0,613630160.0,814416.0,676801.0,,,,,,,,,,,,,,,,,
2c7e998dc9b612c1fd643b991c0dc3cc,1404/03/31,780.0,394.0,850.0,2145560.0,2145560.0,2145560.0,1673536800.0,1984990.0,1006902.0,,,,,,,,,,,,,,,,,
2c7e998dc9b612c1fd643b991c0dc3cc,1404/06/31,1076.0,598.0,850.0,2145560.0,2145560.0,2145560.0,2308622560.0,2823001.0,1504937.0,,,,,,,,,,,,,,,,,
2c7e998dc9b612c1fd643b991c0dc3cc,1404/09/30,2142.0,850.0,,2145560.0,2145560.0,,4595789520.0,5316537.0,2264263.0,,,,,,,,,,,,,,,,,
2c7e998dc9b612c1fd643b991c0dc3cc,1404/12/29,459.0,286.0,2142.0,2145560.0,2145560.0,2145560.0,984812040.0,1391286.0,814416.0,,,,,,,,,,,,,,,,,
2dc3ef3ab0a0505e8859b5400fc35e95,1398/06/31,608.0,655.0,1836.0,250000.0,250000.0,250000.0,152000000.0,1.0,1.0,,,,,,,,,,,,,,,,,
2dc3ef3ab0a0505e8859b5400fc35e95,1398/09/30,788.0,1374.0,1836.0,250000.0,250000.0,250000.0,197000000.0,1.0,1.0,,,,,,,,,,,,,,,,,
2dc3ef3ab0a0505e8859b5400fc35e95,1398/12/29,4189.0,0.0,2554.0,249919.0,250000.0,249919.0,1046910691.0,1.0,1.0,,,,,,,,,,,,,,,,,
2dc3ef3ab0a0505e8859b5400fc35e95,1399/03/31,342.0,332.0,1912.0,250000.0,250000.0,250000.0,85500000.0,1.0,1.0,,,,,,,,,,,,,,,,,
2dc3ef3ab0a0505e8859b5400fc35e95,1399/06/31,769.0,642.0,1912.0,250000.0,250000.0,250000.0,192250000.0,1.0,1.0,,,,,,,,,,,,,,,,,
2dc3ef3ab0a0505e8859b5400fc35e95,1399/09/30,1300.0,788.0,1912.0,250000.0,250000.0,250000.0,325000000.0,1.0,1.0,,,,,,,,,,,,,,,,,
2dc3ef3ab0a0505e8859b5400fc35e95,1399/12/30,8158.0,3761.0,3761.0,250000.0,250000.0,250000.0,2039500000.0,1.0,1.0,,,,,,,,,,,,,,,,,
2dc3ef3ab0a0505e8859b5400fc35e95,1400/03/31,2001.0,342.0,6148.0,250000.0,250000.0,250000.0,500250000.0,1.0,1.0,,,,,,,,,,,,,,,,,
2dc3ef3ab0a0505e8859b5400fc35e95,1400/06/31,3739.0,589.0,6148.0,250000.0,250000.0,250000.0,934750000.0,1.0,1.0,,,,,,,,,,,,,,,,,
2dc3ef3ab0a0505e8859b5400fc35e95,1400/09/30,4902.0,1300.0,6148.0,250000.0,250000.0,250000.0,1225500000.0,1.0,1.0,,,,,,,,,,,,,,,,,
2dc3ef3ab0a0505e8859b5400fc35e95,1400/12/29,618.0,0.0,8158.0,6385128.0,250000.0,250000.0,3946009104.0,1.0,1.0,,,,,,,,,,,,,,,,,
2dc3ef3ab0a0505e8859b5400fc35e95,1401/03/31,94.0,2001.0,415.0,6385128.0,250000.0,6385128.0,600202032.0,1.0,1.0,,,,,,,,,,,,,,,,,
2dc3ef3ab0a0505e8859b5400fc35e95,1401/06/31,197.0,3748.0,415.0,6385128.0,250000.0,6385128.0,1257870216.0,1.0,1.0,,,,,,,,,,,,,,,,,
2dc3ef3ab0a0505e8859b5400fc35e95,1401/09/30,279.0,4902.0,415.0,6385128.0,250000.0,6385128.0,1781450712.0,1.0,1.0,,,,,,,,,,,,,,,,,
2dc3ef3ab0a0505e8859b5400fc35e95,1401/12/29,23606.0,0.0,15783.0,250000.0,6385128.0,250000.0,5901500000.0,1.0,1.0,,,,,,,,,,,,,,,,,
2dc3ef3ab0a0505e8859b5400fc35e95,1402/03/31,161.0,94.0,639.0,6385128.0,6385128.0,6385128.0,1028005608.0,1.0,1.0,,,,,,,,,,,,,,,,,
2dc3ef3ab0a0505e8859b5400fc35e95,1402/06/31,404.0,198.0,639.0,6385128.0,6385128.0,6385128.0,2579591712.0,1.0,1.0,,,,,,,,,,,,,,,,,
2dc3ef3ab0a0505e8859b5400fc35e95,1402/09/30,555.0,279.0,639.0,6385128.0,6385128.0,6385128.0,3543746040.0,1.0,1.0,,,,,,,,,,,,,,,,,
2dc3ef3ab0a0505e8859b5400fc35e95,1402/12/29,2024.0,0.0,924.0,6385128.0,6385128.0,6385128.0,12923499072.0,1.0,1.0,,,,,,,,,,,,,,,,,
2dc3ef3ab0a0505e8859b5400fc35e95,1403/03/31,248.0,161.0,1374.0,6385128.0,6385128.0,6385128.0,1583511744.0,1.0,1.0,,,,,,,,,,,,,,,,,
2dc3ef3ab0a0505e8859b5400fc35e95,1403/06/31,481.0,404.0,1374.0,6385128.0,6385128.0,6385128.0,3071246568.0,1.0,1.0,,,,,,,,,,,,,,,,,
2dc3ef3ab0a0505e8859b5400fc35e95,1403/09/30,756.0,555.0,1374.0,6385128.0,6385128.0,6385128.0,4827156768.0,1.0,1.0,,,,,,,,,,,,,,,,,
2dc3ef3ab0a0505e8859b5400fc35e95,1403/12/30,2206.0,0.0,2024.0,6385128.0,6385128.0,6385128.0,14085592368.0,1.0,1.0,,,,,,,,,,,,,,,,,
2dc3ef3ab0a0505e8859b5400fc35e95,1404/03/31,226.0,248.0,1214.0,6385128.0,6385128.0,6385128.0,1443038928.0,1.0,1.0,,,,,,,,,,,,,,,,,
2dc3ef3ab0a0505e8859b5400fc35e95,1404/06/31,484.0,509.0,1214.0,6385128.0,6385128.0,6385128.0,3090401952.0,1.0,1.0,,,,,,,,,,,,,,,,,
2dc3ef3ab0a0505e8859b5400fc35e95,1404/09/30,816.0,756.0,1214.0,6385128.0,6385128.0,6385128.0,5210264448.0,1.0,1.0,,,,,,,,,,,,,,,,,
2dc3ef3ab0a0505e8859b5400fc35e95,1404/12/29,1829.0,0.0,2206.0,6385128.0,6385128.0,6385128.0,11678399112.0,1685.0,-313.0,,,,,,,,,,,,,,,,,
2dc3ef3ab0a0505e8859b5400fc35e95,1405/03/31,221.0,226.0,1492.0,6385128.0,6385128.0,6385128.0,1411113288.0,1972074.0,1461672.0,,,,,,,,,,,,,,,,,
2dcd8b1b42da502813fb5b275d5e288e,1398/03/31,0.0,0.0,0.0,0.0,0.0,0.0,0.0,-1.0,100.0,,,,,,,,,,,,,,,,,
2dcd8b1b42da502813fb5b275d5e288e,1398/06/31,1456.0,485.0,1349.0,80000.0,80000.0,80000.0,116480000.0,-1.0,100.0,,,,,,,,,,,,,,,,,
2dcd8b1b42da502813fb5b275d5e288e,1398/09/30,1879.0,1123.0,1349.0,80000.0,80000.0,80000.0,150320000.0,-1.0,100.0,,,,,,,,,,,,,,,,,
2dcd8b1b42da502813fb5b275d5e288e,1398/12/29,2722.0,0.0,1349.0,80000.0,80000.0,80000.0,217760000.0,-1.0,100.0,,,,,,,,,,,,,,,,,
2dcd8b1b42da502813fb5b275d5e288e,1399/03/31,762.0,714.0,2743.0,80000.0,80000.0,80000.0,60960000.0,-1.0,100.0,,,,,,,,,,,,,,,,,
2dcd8b1b42da502813fb5b275d5e288e,1399/06/31,1736.0,1526.0,2743.0,80000.0,80000.0,80000.0,138880000.0,-1.0,100.0,,,,,,,,,,,,,,,,,
2dcd8b1b42da502813fb5b275d5e288e,1399/09/30,2913.0,1879.0,2743.0,80000.0,80000.0,80000.0,233040000.0,-1.0,100.0,,,,,,,,,,,,,,,,,
2dcd8b1b42da502813fb5b275d5e288e,1399/12/30,305.0,0.0,2743.0,960000.0,80000.0,80000.0,292800000.0,-1.0,100.0,,,,,,,,,,,,,,,,,
2dcd8b1b42da502813fb5b275d5e288e,1400/03/31,108.0,63.0,317.0,960000.0,960000.0,960000.0,103680000.0,-1.0,100.0,,,,,,,,,,,,,,,,,
2dcd8b1b42da502813fb5b275d5e288e,1400/06/31,225.0,183.0,317.0,960000.0,960000.0,960000.0,216000000.0,-1.0,100.0,,,,,,,,,,,,,,,,,
2dcd8b1b42da502813fb5b275d5e288e,1400/09/30,402.0,243.0,317.0,960000.0,960000.0,960000.0,385920000.0,-1.0,100.0,,,,,,,,,,,,,,,,,
2dcd8b1b42da502813fb5b275d5e288e,1400/12/29,425.0,0.0,317.0,960000.0,0.0,960000.0,408000000.0,-1.0,100.0,,,,,,,,,,,,,,,,,
2dcd8b1b42da502813fb5b275d5e288e,1401/03/31,148.0,108.0,425.0,960000.0,960000.0,960000.0,142080000.0,-1.0,100.0,,,,,,,,,,,,,,,,,
2dcd8b1b42da502813fb5b275d5e288e,1401/06/31,369.0,225.0,425.0,960000.0,960000.0,960000.0,354240000.0,-1.0,100.0,,,,,,,,,,,,,,,,,
2dcd8b1b42da502813fb5b275d5e288e,1401/09/30,623.0,359.0,425.0,960000.0,960000.0,960000.0,598080000.0,-1.0,100.0,,,,,,,,,,,,,,,,,
2dcd8b1b42da502813fb5b275d5e288e,1401/12/29,782.0,0.0,425.0,960000.0,0.0,960000.0,750720000.0,-1.0,100.0,,,,,,,,,,,,,,,,,
2dcd8b1b42da502813fb5b275d5e288e,1402/03/31,271.0,148.0,812.0,960000.0,960000.0,960000.0,260160000.0,-1.0,100.0,,,,,,,,,,,,,,,,,
2dcd8b1b42da502813fb5b275d5e288e,1402/06/31,899.0,369.0,812.0,960000.0,960000.0,960000.0,863040000.0,-1.0,100.0,,,,,,,,,,,,,,,,,
2dcd8b1b42da502813fb5b275d5e288e,1402/09/30,1349.0,653.0,812.0,960000.0,960000.0,960000.0,1295040000.0,-1.0,100.0,,,,,,,,,,,,,,,,,
2dcd8b1b42da502813fb5b275d5e288e,1402/12/29,1761.0,0.0,812.0,960000.0,0.0,960000.0,1690560000.0,-1.0,100.0,,,,,,,,,,,,,,,,,
2dcd8b1b42da502813fb5b275d5e288e,1403/03/31,316.0,245.0,1690.0,960000.0,960000.0,960000.0,303360000.0,-1.0,100.0,,,,,,,,,,,,,,,,,
2dcd8b1b42da502813fb5b275d5e288e,1403/06/31,682.0,895.0,1690.0,960000.0,960000.0,960000.0,654720000.0,-1.0,100.0,,,,,,,,,,,,,,,,,
2dcd8b1b42da502813fb5b275d5e288e,1403/09/30,1351.0,1349.0,1690.0,960000.0,960000.0,960000.0,1296960000.0,-1.0,100.0,,,,,,,,,,,,,,,,,
2dcd8b1b42da502813fb5b275d5e288e,1403/12/30,1825.0,0.0,1690.0,960000.0,0.0,960000.0,1752000000.0,-1.0,100.0,,,,,,,,,,,,,,,,,
2dcd8b1b42da502813fb5b275d5e288e,1404/03/31,604.0,316.0,1809.0,960000.0,960000.0,960000.0,579840000.0,-1.0,100.0,,,,,,,,,,,,,,,,,
2dcd8b1b42da502813fb5b275d5e288e,1404/06/31,1378.0,695.0,1809.0,960000.0,960000.0,960000.0,1322880000.0,-1.0,100.0,,,,,,,,,,,,,,,,,
2dcd8b1b42da502813fb5b275d5e288e,1404/09/30,2603.0,1309.0,1809.0,960000.0,960000.0,960000.0,2498880000.0,-1.0,100.0,,,,,,,,,,,,,,,,,
2dcd8b1b42da502813fb5b275d5e288e,1404/12/29,4237.0,0.0,1809.0,960000.0,0.0,960000.0,4067520000.0,-1.0,100.0,,,,,,,,,,,,,,,,,
2dcd8b1b42da502813fb5b275d5e288e,1405/03/31,1153.0,592.0,4251.0,960000.0,960000.0,960000.0,1106880000.0,654383.0,402406.0,,,,,,,,,,,,,,,,,
2ebfd20c4a8b98cdd3e425bf2d0a48cf,1398/06/31,826.0,193.0,685.0,829400.0,829400.0,829400.0,685084400.0,1.0,1.0,,,,,,,,,,,,,,,,,
2ebfd20c4a8b98cdd3e425bf2d0a48cf,1398/09/30,828.0,411.0,685.0,1350000.0,829400.0,829400.0,1117800000.0,1.0,1.0,,,,,,,,,,,,,,,,,
2ebfd20c4a8b98cdd3e425bf2d0a48cf,1398/12/29,949.0,0.0,685.0,1350000.0,829400.0,829400.0,1281150000.0,1.0,1.0,,,,,,,,,,,,,,,,,
2ebfd20c4a8b98cdd3e425bf2d0a48cf,1399/03/31,214.0,145.0,949.0,1350000.0,1350000.0,1350000.0,288900000.0,1.0,1.0,,,,,,,,,,,,,,,,,
2ebfd20c4a8b98cdd3e425bf2d0a48cf,1399/06/31,516.0,807.0,949.0,1350000.0,829400.0,1350000.0,696600000.0,1.0,1.0,,,,,,,,,,,,,,,,,
2ebfd20c4a8b98cdd3e425bf2d0a48cf,1399/09/30,780.0,828.0,949.0,1350000.0,1350000.0,1350000.0,1053000000.0,1.0,1.0,,,,,,,,,,,,,,,,,
2ebfd20c4a8b98cdd3e425bf2d0a48cf,1399/12/30,303.0,0.0,327.0,3920000.0,1350000.0,3920000.0,1187760000.0,1.0,1.0,,,,,,,,,,,,,,,,,
2ebfd20c4a8b98cdd3e425bf2d0a48cf,1400/03/31,54.0,74.0,303.0,3920000.0,3920000.0,3920000.0,211680000.0,1.0,1.0,,,,,,,,,,,,,,,,,
2ebfd20c4a8b98cdd3e425bf2d0a48cf,1400/06/31,131.0,178.0,303.0,3920000.0,3920000.0,3920000.0,513520000.0,1.0,1.0,,,,,,,,,,,,,,,,,
2ebfd20c4a8b98cdd3e425bf2d0a48cf,1400/09/30,213.0,269.0,303.0,3920000.0,3920000.0,3920000.0,834960000.0,1.0,1.0,,,,,,,,,,,,,,,,,
2ebfd20c4a8b98cdd3e425bf2d0a48cf,1400/12/29,282.0,0.0,303.0,3920000.0,3920000.0,3920000.0,1105440000.0,1.0,1.0,,,,,,,,,,,,,,,,,
2ebfd20c4a8b98cdd3e425bf2d0a48cf,1401/03/31,59.0,54.0,282.0,3920000.0,3920000.0,3920000.0,231280000.0,1.0,1.0,,,,,,,,,,,,,,,,,
2ebfd20c4a8b98cdd3e425bf2d0a48cf,1401/06/31,211.0,131.0,282.0,3920000.0,3920000.0,3920000.0,827120000.0,1.0,1.0,,,,,,,,,,,,,,,,,
2ebfd20c4a8b98cdd3e425bf2d0a48cf,1401/09/30,286.0,152.0,201.0,5500000.0,5500000.0,5500000.0,1573000000.0,1.0,1.0,,,,,,,,,,,,,,,,,
2ebfd20c4a8b98cdd3e425bf2d0a48cf,1401/12/29,479.0,0.0,201.0,5500000.0,5500000.0,5500000.0,2634500000.0,1.0,1.0,,,,,,,,,,,,,,,,,
2ebfd20c4a8b98cdd3e425bf2d0a48cf,1402/03/31,113.0,42.0,478.0,5500000.0,5500000.0,5500000.0,621500000.0,1.0,1.0,,,,,,,,,,,,,,,,,
2ebfd20c4a8b98cdd3e425bf2d0a48cf,1402/06/31,320.0,151.0,478.0,5500000.0,5500000.0,5500000.0,1760000000.0,1.0,1.0,,,,,,,,,,,,,,,,,
2ebfd20c4a8b98cdd3e425bf2d0a48cf,1402/09/30,527.0,286.0,478.0,5500000.0,5500000.0,5500000.0,2898500000.0,1.0,1.0,,,,,,,,,,,,,,,,,
2ebfd20c4a8b98cdd3e425bf2d0a48cf,1402/12/29,527.0,0.0,479.0,5500000.0,5500000.0,5500000.0,2898500000.0,1.0,1.0,,,,,,,,,,,,,,,,,
2ebfd20c4a8b98cdd3e425bf2d0a48cf,1403/03/31,79.0,113.0,526.0,5500000.0,5500000.0,5500000.0,434500000.0,1.0,1.0,,,,,,,,,,,,,,,,,
2ebfd20c4a8b98cdd3e425bf2d0a48cf,1403/06/31,173.0,320.0,526.0,5500000.0,5500000.0,5500000.0,951500000.0,1.0,1.0,,,,,,,,,,,,,,,,,
2ebfd20c4a8b98cdd3e425bf2d0a48cf,1403/09/30,274.0,527.0,526.0,5500000.0,5500000.0,5500000.0,1507000000.0,1.0,1.0,,,,,,,,,,,,,,,,,
2ebfd20c4a8b98cdd3e425bf2d0a48cf,1403/12/30,207.0,0.0,475.0,5500000.0,5500000.0,5500000.0,1138500000.0,1.0,1.0,,,,,,,,,,,,,,,,,
2ebfd20c4a8b98cdd3e425bf2d0a48cf,1404/03/31,-39.0,79.0,207.0,5500000.0,5500000.0,5500000.0,-214500000.0,1.0,1.0,,,,,,,,,,,,,,,,,
2ebfd20c4a8b98cdd3e425bf2d0a48cf,1404/06/31,-2.0,156.0,207.0,5500000.0,5500000.0,5500000.0,-11000000.0,1.0,1.0,,,,,,,,,,,,,,,,,
2ebfd20c4a8b98cdd3e425bf2d0a48cf,1404/09/30,91.0,274.0,207.0,9130000.0,5500000.0,5500000.0,830830000.0,-1.0,100.0,,,,,,,,,,,,,,,,,
2ebfd20c4a8b98cdd3e425bf2d0a48cf,1404/12/29,89.0,-39.0,91.0,9130000.0,5500000.0,9130000.0,812570000.0,-1.0,100.0,,,,,,,,,,,,,,,,,
2ebfd20c4a8b98cdd3e425bf2d0a48cf,1405/03/31,249.0,-1.0,91.0,9130000.0,9130000.0,9130000.0,2273370000.0,3937662.0,1253330.0,3004456.0,11036440.0,4571979.0,8984751.0,-1340506.0,250188.0,2277875.0,-11291.0,828634.0,4878293.0,4498584.0,8041117.0,30584119.0,18153375.0,16775166.0,14671270.0,13808953.0
2f418d231f33b1c2a4dd596f18096bc7,1398/03/31,0.0,0.0,0.0,500000.0,0.0,500000.0,0.0,0.0,543203.0,,,,,,,,,,,,,,,,,
2f418d231f33b1c2a4dd596f18096bc7,1398/06/31,0.0,0.0,0.0,500000.0,0.0,500000.0,0.0,0.0,303690.0,,,,,,,,,,,,,,,,,
2f418d231f33b1c2a4dd596f18096bc7,1398/09/30,0.0,0.0,0.0,500000.0,0.0,500000.0,0.0,0.0,368589.0,,,,,,,,,,,,,,,,,
2f418d231f33b1c2a4dd596f18096bc7,1398/12/29,0.0,0.0,0.0,500000.0,0.0,500000.0,0.0,0.0,4367197.0,,,,,,,,,,,,,,,,,
2f418d231f33b1c2a4dd596f18096bc7,1399/03/31,0.0,0.0,0.0,500000.0,40.0,500000.0,0.0,0.0,4543819.0,,,,,,,,,,,,,,,,,
2f418d231f33b1c2a4dd596f18096bc7,1399/06/31,0.0,0.0,0.0,700000.0,529.0,700000.0,0.0,0.0,823726.0,,,,,,,,,,,,,,,,,
2f418d231f33b1c2a4dd596f18096bc7,1399/09/30,0.0,0.0,0.0,4400000.0,0.0,4400000.0,0.0,0.0,708967.0,,,,,,,,,,,,,,,,,
2f418d231f33b1c2a4dd596f18096bc7,1399/12/30,936.0,0.0,0.0,5358820.0,4400000.0,22.0,5015855520.0,0.0,5066575.0,,,,,,,,,,,,,,,,,
2f418d231f33b1c2a4dd596f18096bc7,1400/03/31,-63.0,69.0,0.0,5358820.0,5358820.0,0.0,-337605660.0,0.0,3654540.0,,,,,,,,,,,,,,,,,
2f418d231f33b1c2a4dd596f18096bc7,1400/06/31,-204.0,144.0,0.0,5358820.0,5358820.0,0.0,-1093199280.0,0.0,1827901.0,,,,,,,,,,,,,,,,,
2f418d231f33b1c2a4dd596f18096bc7,1400/09/30,-235.0,87.0,0.0,7500000.0,7500000.0,0.0,-1762500000.0,0.0,-985751.0,,,,,,,,,,,,,,,,,
2f418d231f33b1c2a4dd596f18096bc7,1400/12/29,210.0,0.0,0.0,7500000.0,5358820.0,40.0,1575000000.0,0.0,2358144.0,,,,,,,,,,,,,,,,,
2f418d231f33b1c2a4dd596f18096bc7,1401/03/31,-89.0,-45.0,98.0,7500000.0,7500000.0,0.0,-667500000.0,0.0,1613305.0,,,,,,,,,,,,,,,,,
2f418d231f33b1c2a4dd596f18096bc7,1401/06/31,-180.0,-143.0,26.0,7500000.0,7500000.0,0.0,-1350000000.0,0.0,-338704.0,,,,,,,,,,,,,,,,,
2f418d231f33b1c2a4dd596f18096bc7,1401/09/30,-261.0,-235.0,11.0,7500000.0,7500000.0,0.0,-1957500000.0,0.0,-951062.0,,,,,,,,,,,,,,,,,
2f418d231f33b1c2a4dd596f18096bc7,1401/12/29,1101.0,0.0,0.0,7500000.0,7500000.0,0.0,8257500000.0,0.0,9263248.0,,,,,,,,,,,,,,,,,
2f418d231f33b1c2a4dd596f18096bc7,1402/03/31,-90.0,-89.0,1.0,7500000.0,7500000.0,0.0,-675000000.0,0.0,8094687.0,,,,,,,,,,,,,,,,,
2f418d231f33b1c2a4dd596f18096bc7,1402/06/31,-30.0,-179.0,-83.0,7500000.0,7500000.0,0.0,-225000000.0,0.0,4793488.0,,,,,,,,,,,,,,,,,
2f418d231f33b1c2a4dd596f18096bc7,1402/09/30,-108.0,-261.0,-59.0,7500000.0,7500000.0,0.0,-810000000.0,0.0,4207744.0,,,,,,,,,,,,,,,,,
2f418d231f33b1c2a4dd596f18096bc7,1402/12/29,910.0,0.0,0.0,10000000.0,7500000.0,33.0,9100000000.0,0.0,11618292.0,,,,,,,,,,,,,,,,,
2f418d231f33b1c2a4dd596f18096bc7,1403/03/31,-54.0,-68.0,-21.0,10000000.0,10000000.0,0.0,-540000000.0,0.0,8754190.0,,,,,,,,,,,,,,,,,
2f418d231f33b1c2a4dd596f18096bc7,1403/06/31,-107.0,-23.0,365.0,10000000.0,10000000.0,0.0,-1070000000.0,0.0,4025067.0,,,,,,,,,,,,,,,,,
2f418d231f33b1c2a4dd596f18096bc7,1403/09/30,-126.0,-81.0,910.0,10000000.0,10000000.0,10000000.0,-1260000000.0,3.0,-129.0,,,,,,,,,,,,,,,,,
2f418d231f33b1c2a4dd596f18096bc7,1403/12/30,2590.0,0.0,2040.0,10000000.0,10000000.0,10000000.0,25900000000.0,2428.0,-201.0,,,,,,,,,,,,,,,,,
2f418d231f33b1c2a4dd596f18096bc7,1404/03/31,55.0,-54.0,909.0,10000000.0,10000000.0,10000000.0,550000000.0,63.0,-8.0,,,,,,,,,,,,,,,,,
2f418d231f33b1c2a4dd596f18096bc7,1404/06/31,109.0,-107.0,909.0,10000000.0,10000000.0,10000000.0,1090000000.0,118.0,-9.0,,,,,,,,,,,,,,,,,
2f418d231f33b1c2a4dd596f18096bc7,1404/09/30,159.0,-126.0,909.0,10000000.0,10000000.0,10000000.0,1590000000.0,-14.0,173.0,,,,,,,,,,,,,,,,,
2f418d231f33b1c2a4dd596f18096bc7,1404/12/29,6240.0,0.0,2590.0,10000000.0,10000000.0,10000000.0,62400000000.0,4937.0,742.0,,,,,,,,,,,,,,,,,
2fe468d2d5a13b43ee3bc672d1fc2c6c,1398/03/31,0.0,0.0,0.0,15333608.0,8.0,0.0,0.0,1.0,1.0,,,,,,,,,,,,,,,,,
2fe468d2d5a13b43ee3bc672d1fc2c6c,1398/06/31,547.0,144.0,904.0,1800000.0,1800000.0,1800000.0,984600000.0,1.0,1.0,,,,,,,,,,,,,,,,,
2fe468d2d5a13b43ee3bc672d1fc2c6c,1398/09/30,0.0,0.0,0.0,1800000.0,1800000.0,0.0,0.0,1.0,1.0,,,,,,,,,,,,,,,,,
2fe468d2d5a13b43ee3bc672d1fc2c6c,1398/12/29,1663.0,0.0,1116.0,3200000.0,1800000.0,1800000.0,5321600000.0,1.0,1.0,,,,,,,,,,,,,,,,,
2fe468d2d5a13b43ee3bc672d1fc2c6c,1399/03/31,255.0,86.0,1663.0,3200000.0,3200000.0,3200000.0,816000000.0,1.0,1.0,,,,,,,,,,,,,,,,,
2fe468d2d5a13b43ee3bc672d1fc2c6c,1399/06/31,818.0,308.0,1172.0,3200000.0,3200000.0,3200000.0,2617600000.0,1.0,1.0,,,,,,,,,,,,,,,,,
2fe468d2d5a13b43ee3bc672d1fc2c6c,1399/09/30,2468.0,738.0,1663.0,3200000.0,3200000.0,3200000.0,7897600000.0,1.0,1.0,,,,,,,,,,,,,,,,,
2fe468d2d5a13b43ee3bc672d1fc2c6c,1399/12/30,3269.0,0.0,1663.0,3200000.0,3200000.0,3200000.0,10460800000.0,1.0,1.0,,,,,,,,,,,,,,,,,
2fe468d2d5a13b43ee3bc672d1fc2c6c,1400/03/31,506.0,255.0,3284.0,3200000.0,3200000.0,3200000.0,1619200000.0,1.0,1.0,,,,,,,,,,,,,,,,,
2fe468d2d5a13b43ee3bc672d1fc2c6c,1400/06/31,540.0,810.0,1995.0,3200000.0,3200000.0,3200000.0,1728000000.0,1.0,1.0,,,,,,,,,,,,,,,,,
2fe468d2d5a13b43ee3bc672d1fc2c6c,1400/09/30,1943.0,2468.0,3284.0,3200000.0,3200000.0,3200000.0,6217600000.0,1.0,1.0,,,,,,,,,,,,,,,,,
2fe468d2d5a13b43ee3bc672d1fc2c6c,1400/12/29,3016.0,0.0,3274.0,3200000.0,3200000.0,3200000.0,9651200000.0,1.0,1.0,,,,,,,,,,,,,,,,,
2fe468d2d5a13b43ee3bc672d1fc2c6c,1401/03/31,845.0,506.0,3089.0,3200000.0,3200000.0,3200000.0,2704000000.0,1.0,1.0,,,,,,,,,,,,,,,,,
2fe468d2d5a13b43ee3bc672d1fc2c6c,1401/06/31,1552.0,507.0,2041.0,3200000.0,3200000.0,3200000.0,4966400000.0,1.0,1.0,,,,,,,,,,,,,,,,,
2fe468d2d5a13b43ee3bc672d1fc2c6c,1401/09/30,0.0,0.0,0.0,3200000.0,3200000.0,0.0,0.0,1.0,1.0,,,,,,,,,,,,,,,,,
2fe468d2d5a13b43ee3bc672d1fc2c6c,1401/12/29,2194.0,0.0,779.0,12666556.0,3200000.0,12683539.0,27790423864.0,1.0,1.0,,,,,,,,,,,,,,,,,
2fe468d2d5a13b43ee3bc672d1fc2c6c,1402/03/31,509.0,509.0,211.0,12800000.0,12800000.0,12800000.0,6515200000.0,1.0,1.0,,,,,,,,,,,,,,,,,
2fe468d2d5a13b43ee3bc672d1fc2c6c,1402/06/31,481.0,342.0,1184.0,12800000.0,12800000.0,12800000.0,6156800000.0,1.0,1.0,,,,,,,,,,,,,,,,,
2fe468d2d5a13b43ee3bc672d1fc2c6c,1402/09/30,2268.0,950.0,2053.0,12800000.0,12800000.0,12800000.0,29030400000.0,1.0,1.0,,,,,,,,,,,,,,,,,
2fe468d2d5a13b43ee3bc672d1fc2c6c,1402/12/29,2971.0,0.0,2053.0,12800000.0,12800000.0,12800000.0,38028800000.0,1.0,1.0,,,,,,,,,,,,,,,,,
2fe468d2d5a13b43ee3bc672d1fc2c6c,1403/03/31,651.0,509.0,3036.0,12800000.0,12800000.0,12800000.0,8332800000.0,1.0,1.0,,,,,,,,,,,,,,,,,
2fe468d2d5a13b43ee3bc672d1fc2c6c,1403/06/31,744.0,637.0,1702.0,12800000.0,12800000.0,12800000.0,9523200000.0,1.0,1.0,,,,,,,,,,,,,,,,,
2fe468d2d5a13b43ee3bc672d1fc2c6c,1403/09/30,2541.0,2541.0,2268.0,12800000.0,12800000.0,12800000.0,32524800000.0,1.0,1.0,,,,,,,,,,,,,,,,,
2fe468d2d5a13b43ee3bc672d1fc2c6c,1403/12/30,1567.0,0.0,3036.0,35800000.0,12800000.0,12800000.0,56098600000.0,1.0,1.0,,,,,,,,,,,,,,,,,
2fe468d2d5a13b43ee3bc672d1fc2c6c,1404/03/31,194.0,233.0,1616.0,35800000.0,35800000.0,35800000.0,6945200000.0,1.0,1.0,,,,,,,,,,,,,,,,,
2fe468d2d5a13b43ee3bc672d1fc2c6c,1404/06/31,242.0,258.0,1004.0,35800000.0,35800000.0,35800000.0,8663600000.0,1.0,1.0,,,,,,,,,,,,,,,,,
2fe468d2d5a13b43ee3bc672d1fc2c6c,1404/09/30,640.0,2541.0,1616.0,35800000.0,12800000.0,35800000.0,22912000000.0,1.0,1.0,,,,,,,,,,,,,,,,,
2fe468d2d5a13b43ee3bc672d1fc2c6c,1404/12/29,1181.0,1616.0,,55800000.0,35800000.0,,65899800000.0,61645891.0,51033513.0,,,,,,,,,,,,,,,,,
2fe468d2d5a13b43ee3bc672d1fc2c6c,1405/03/31,187.0,124.0,968.0,55800000.0,55800000.0,55800000.0,10434600000.0,11968822.0,8517118.0,,,,,,,,,,,,,,,,,
30098073127320ec11c2c84dc7dd7dd5,1398/03/31,0.0,0.0,0.0,4067560.0,47.0,0.0,0.0,1.0,1.0,,,,,,,,,,,,,,,,,
30098073127320ec11c2c84dc7dd7dd5,1398/12/29,311.0,516.0,1863.0,1080000.0,1080000.0,1080000.0,335880000.0,1.0,1.0,,,,,,,,,,,,,,,,,
30098073127320ec11c2c84dc7dd7dd5,1399/03/31,707.0,742.0,1863.0,1080000.0,1080000.0,1080000.0,763560000.0,1.0,1.0,,,,,,,,,,,,,,,,,
30098073127320ec11c2c84dc7dd7dd5,1399/06/31,1374.0,1454.0,1863.0,1080000.0,1080000.0,1080000.0,1483920000.0,1.0,1.0,,,,,,,,,,,,,,,,,
30098073127320ec11c2c84dc7dd7dd5,1399/09/30,2509.0,0.0,1863.0,1080000.0,1080000.0,1080000.0,2709720000.0,1.0,1.0,,,,,,,,,,,,,,,,,
30098073127320ec11c2c84dc7dd7dd5,1399/12/30,351.0,311.0,2480.0,1080000.0,1080000.0,1080000.0,379080000.0,1.0,1.0,,,,,,,,,,,,,,,,,
30098073127320ec11c2c84dc7dd7dd5,1400/03/31,211.0,739.0,2480.0,1080000.0,1080000.0,1080000.0,227880000.0,1.0,1.0,,,,,,,,,,,,,,,,,
30098073127320ec11c2c84dc7dd7dd5,1400/06/31,853.0,1374.0,2480.0,1080000.0,1080000.0,1080000.0,921240000.0,1.0,1.0,,,,,,,,,,,,,,,,,
30098073127320ec11c2c84dc7dd7dd5,1400/09/30,1113.0,0.0,2480.0,1080000.0,1080000.0,1080000.0,1202040000.0,1.0,1.0,,,,,,,,,,,,,,,,,
30098073127320ec11c2c84dc7dd7dd5,1400/12/29,-516.0,351.0,1113.0,1080000.0,1080000.0,1080000.0,-557280000.0,1.0,1.0,,,,,,,,,,,,,,,,,
30098073127320ec11c2c84dc7dd7dd5,1401/03/31,-154.0,423.0,1113.0,9221398.0,1080000.0,1080000.0,-1420095292.0,1.0,1.0,,,,,,,,,,,,,,,,,
30098073127320ec11c2c84dc7dd7dd5,1401/06/31,-183.0,100.0,130.0,9221398.0,9221398.0,9221398.0,-1687515834.0,1.0,1.0,,,,,,,,,,,,,,,,,
30098073127320ec11c2c84dc7dd7dd5,1401/09/30,16.0,0.0,130.0,9221398.0,9221398.0,9221398.0,147542368.0,1.0,1.0,,,,,,,,,,,,,,,,,
30098073127320ec11c2c84dc7dd7dd5,1401/12/29,-24.0,-60.0,-235.0,9221398.0,9221398.0,9221398.0,-221313552.0,1.0,1.0,,,,,,,,,,,,,,,,,
30098073127320ec11c2c84dc7dd7dd5,1402/03/31,221.0,-175.0,-235.0,9221398.0,9221398.0,9221398.0,2037928958.0,1.0,1.0,,,,,,,,,,,,,,,,,
30098073127320ec11c2c84dc7dd7dd5,1402/06/31,235.0,-183.0,-235.0,9221398.0,9221398.0,9221398.0,2167028530.0,1.0,1.0,,,,,,,,,,,,,,,,,
30098073127320ec11c2c84dc7dd7dd5,1402/09/30,291.0,0.0,-235.0,9221398.0,9221398.0,9221398.0,2683426818.0,1.0,1.0,,,,,,,,,,,,,,,,,
30098073127320ec11c2c84dc7dd7dd5,1402/12/29,62.0,-24.0,272.0,12300000.0,9221398.0,9221398.0,762600000.0,1.0,1.0,,,,,,,,,,,,,,,,,
30098073127320ec11c2c84dc7dd7dd5,1403/03/31,193.0,218.0,272.0,12300000.0,9221398.0,9221398.0,2373900000.0,1.0,1.0,,,,,,,,,,,,,,,,,
30098073127320ec11c2c84dc7dd7dd5,1403/06/31,551.0,235.0,272.0,12300000.0,9221398.0,9221398.0,6777300000.0,1.0,1.0,,,,,,,,,,,,,,,,,
30098073127320ec11c2c84dc7dd7dd5,1403/09/30,620.0,0.0,272.0,12300000.0,9221398.0,9221398.0,7626000000.0,1.0,1.0,,,,,,,,,,,,,,,,,
30098073127320ec11c2c84dc7dd7dd5,1403/12/30,98.0,62.0,620.0,12300000.0,12300000.0,12300000.0,1205400000.0,1.0,1.0,,,,,,,,,,,,,,,,,
30098073127320ec11c2c84dc7dd7dd5,1404/03/31,209.0,203.0,620.0,12300000.0,12300000.0,12300000.0,2570700000.0,1.0,1.0,,,,,,,,,,,,,,,,,
30098073127320ec11c2c84dc7dd7dd5,1404/06/31,319.0,551.0,620.0,12300000.0,12300000.0,12300000.0,3923700000.0,1.0,1.0,,,,,,,,,,,,,,,,,
30098073127320ec11c2c84dc7dd7dd5,1404/09/30,282.0,620.0,,17800000.0,12300000.0,,5019600000.0,7770675.0,5132445.0,,,,,,,,,,,,,,,,,
30098073127320ec11c2c84dc7dd7dd5,1404/12/29,168.0,68.0,282.0,17800000.0,17800000.0,17800000.0,2990400000.0,4986968.0,1838357.0,,,,,,,,,,,,,,,,,
30098073127320ec11c2c84dc7dd7dd5,1405/03/31,452.0,144.0,282.0,17800000.0,17800000.0,17800000.0,8045600000.0,11939585.0,3994064.0,,52135682.0,23970992.0,,-2248559.0,245523.0,,,,,,,,,,,
326f53e9133b7e24c3b9ffec1e73fa18,1398/06/31,101.0,98.0,144.0,2377383.0,2377383.0,2377383.0,240115683.0,1.0,1.0,,1104118.0,986097.0,,-34710.0,0.0,,,,,,,,,,,
326f53e9133b7e24c3b9ffec1e73fa18,1398/09/30,100.0,118.0,144.0,2739934.0,2377383.0,2377383.0,273993400.0,1.0,1.0,,1239180.0,1187222.0,,-50040.0,0.0,,,,,,,,,,,
326f53e9133b7e24c3b9ffec1e73fa18,1398/12/29,186.0,0.0,144.0,2739934.0,2377383.0,2377383.0,509627724.0,1.0,1.0,,2171574.0,1746051.0,,-68444.0,0.0,,,,,,,,,,,
326f53e9133b7e24c3b9ffec1e73fa18,1399/03/31,175.0,64.0,179.0,2739934.0,2739934.0,2739934.0,479488450.0,1.0,1.0,,1321267.0,484554.0,,-17111.0,0.0,,,,,,,,,,,
326f53e9133b7e24c3b9ffec1e73fa18,1399/06/31,680.0,94.0,179.0,2739934.0,2739934.0,2739934.0,1863155120.0,1.0,1.0,,4128907.0,1107378.0,,-43094.0,0.0,,,,,,,,,,,
326f53e9133b7e24c3b9ffec1e73fa18,1399/09/30,1115.0,100.0,185.0,2739934.0,2739934.0,2739934.0,3055026410.0,1.0,1.0,,6829917.0,1239180.0,,-75318.0,0.0,,,,,,,,,,,
326f53e9133b7e24c3b9ffec1e73fa18,1399/12/30,470.0,0.0,185.0,9102989.0,2739934.0,2739934.0,4278404830.0,1.0,1.0,,9558057.0,2171904.0,,-129062.0,0.0,,,,,,,,,,,
326f53e9133b7e24c3b9ffec1e73fa18,1400/03/31,112.0,53.0,442.0,9102989.0,9102989.0,9102989.0,1019534768.0,1.0,1.0,,3033803.0,1321267.0,,-63625.0,0.0,,,,,,,,,,,
326f53e9133b7e24c3b9ffec1e73fa18,1400/06/31,277.0,186.0,442.0,9102989.0,9102989.0,9102989.0,2521527953.0,1.0,1.0,,5736603.0,4128907.0,,-174352.0,0.0,,,,,,,,,,,
326f53e9133b7e24c3b9ffec1e73fa18,1400/09/30,531.0,336.0,442.0,9102989.0,9102989.0,9102989.0,4833687159.0,1.0,1.0,,9389622.0,6829917.0,,-250910.0,0.0,,,,,,,,,,,
326f53e9133b7e24c3b9ffec1e73fa18,1400/12/29,466.0,0.0,442.0,14418607.0,9102989.0,9102989.0,6719070862.0,1.0,1.0,,14886703.0,9545301.0,,-397434.0,0.0,,,,,,,,,,,
326f53e9133b7e24c3b9ffec1e73fa18,1401/03/31,208.0,71.0,428.0,14418607.0,14418607.0,14418607.0,2999070256.0,1.0,1.0,,4200876.0,3033803.0,,-90656.0,0.0,,,,,,,,,,,
326f53e9133b7e24c3b9ffec1e73fa18,1401/06/31,268.0,168.0,428.0,14418607.0,14418607.0,14418607.0,3864186676.0,1.0,1.0,,8525240.0,6234113.0,,-359667.0,0.0,,,,,,,,,,,
326f53e9133b7e24c3b9ffec1e73fa18,1401/09/30,0.0,0.0,0.0,14418607.0,14418607.0,0.0,0.0,1.0,1.0,,13719340.0,9389622.0,,-488483.0,36609.0,,,,,,,,,,,
326f53e9133b7e24c3b9ffec1e73fa18,1401/12/29,403.0,0.0,428.0,19918607.0,14418607.0,14418607.0,8027198621.0,1.0,1.0,,19169618.0,11240206.0,,-563831.0,41814.0,,,,,,,,,,,
326f53e9133b7e24c3b9ffec1e73fa18,1402/03/31,101.0,151.0,367.0,19918607.0,19918607.0,19918607.0,2011779307.0,1.0,1.0,,5324761.0,4200876.0,,-151350.0,12350.0,,,,,,,,,,,
326f53e9133b7e24c3b9ffec1e73fa18,1402/06/31,156.0,161.0,367.0,19918607.0,19918607.0,19918607.0,3107302692.0,1.0,1.0,,9408715.0,8431168.0,,-317259.0,10030.0,,,,,,,,,,,
326f53e9133b7e24c3b9ffec1e73fa18,1402/09/30,150.0,302.0,367.0,26000000.0,19918607.0,19918607.0,3900000000.0,1.0,1.0,,13778109.0,13719340.0,,-210725.0,11941.0,,,,,,,,,,,
326f53e9133b7e24c3b9ffec1e73fa18,1402/12/29,210.0,0.0,367.0,26000000.0,19918607.0,19918607.0,5460000000.0,1.0,1.0,,19118398.0,19040058.0,,-313445.0,83987.0,,,,,,,,,,,
326f53e9133b7e24c3b9ffec1e73fa18,1403/03/31,47.0,77.0,193.0,26000000.0,26000000.0,26000000.0,1222000000.0,1.0,1.0,,3135637.0,5324761.0,,-161090.0,11000.0,,,,,,,,,,,
326f53e9133b7e24c3b9ffec1e73fa18,1403/06/31,80.0,106.0,193.0,26000000.0,26000000.0,26000000.0,2080000000.0,1.0,1.0,,7557107.0,9668561.0,,-414441.0,14008.0,,,,,,,,,,,
326f53e9133b7e24c3b9ffec1e73fa18,1403/09/30,78.0,150.0,193.0,26000000.0,26000000.0,26000000.0,2028000000.0,1.0,1.0,,12355677.0,13778109.0,,-721019.0,55154.0,,,,,,,,,,,
326f53e9133b7e24c3b9ffec1e73fa18,1403/12/30,22.0,0.0,190.0,29000000.0,26000000.0,26000000.0,638000000.0,1.0,1.0,,16207101.0,19374184.0,,-784266.0,149008.0,,,,,,,,,,,
326f53e9133b7e24c3b9ffec1e73fa18,1404/03/31,5.0,42.0,22.0,29000000.0,29000000.0,29000000.0,145000000.0,1.0,1.0,,2703208.0,3135637.0,,-4269.0,227.0,,,,,,,,,,,
326f53e9133b7e24c3b9ffec1e73fa18,1404/06/31,8.0,45.0,4.0,29000000.0,29000000.0,29000000.0,232000000.0,940594.0,1630605.0,,6562545.0,7556807.0,,-657879.0,5390.0,,,,,,,,,,,
326f53e9133b7e24c3b9ffec1e73fa18,1404/09/30,15.0,70.0,8.0,29000000.0,29000000.0,29000000.0,435000000.0,1.0,1.0,,11898309.0,12355677.0,,-840105.0,5552.0,,,,,,,,,,,
326f53e9133b7e24c3b9ffec1e73fa18,1404/12/29,23.0,0.0,8.0,29000000.0,29000000.0,29000000.0,667000000.0,-1.0,100.0,,17541472.0,16715831.0,,-1211917.0,11939.0,676374.0,224713.0,,1883752.0,2796508.0,,52244914.0,19460314.0,20669026.0,16627039.0,31575888.0
326f53e9133b7e24c3b9ffec1e73fa18,1405/03/31,5.0,5.0,23.0,29000000.0,29000000.0,29000000.0,145000000.0,451804.0,180614.0,2010667.0,3315415.0,2703208.0,17541472.0,-289007.0,10474.0,132768.0,145672.0,676374.0,9477.0,628350.0,1883752.0,53179655.0,20513798.0,21489423.0,17450170.0,31690232.0
32b0b479f11a3f7399ab159f7f643370,1398/06/31,1273.0,752.0,1761.0,593000.0,593000.0,593000.0,754889000.0,1.0,1.0,,,,,,,,,,,,,,,,,
32b0b479f11a3f7399ab159f7f643370,1398/09/30,2182.0,1749.0,1761.0,593000.0,593000.0,593000.0,1293926000.0,1.0,1.0,,,,,,,,,,,,,,,,,
32b0b479f11a3f7399ab159f7f643370,1398/12/29,2750.0,0.0,1761.0,593000.0,593000.0,593000.0,1630750000.0,1.0,1.0,,,,,,,,,,,,,,,,,
32b0b479f11a3f7399ab159f7f643370,1399/03/31,1170.0,662.0,2750.0,593000.0,593000.0,593000.0,693810000.0,1.0,1.0,,,,,,,,,,,,,,,,,
32b0b479f11a3f7399ab159f7f643370,1399/06/31,1984.0,1304.0,2750.0,713000.0,593000.0,593000.0,1414592000.0,1.0,1.0,,,,,,,,,,,,,,,,,
32b0b479f11a3f7399ab159f7f643370,1399/09/30,2463.0,2182.0,2750.0,889500.0,593000.0,593000.0,2190838500.0,1.0,1.0,,,,,,,,,,,,,,,,,
32b0b479f11a3f7399ab159f7f643370,1399/12/30,3795.0,0.0,2099.0,889500.0,593000.0,889500.0,3375652500.0,1.0,1.0,,,,,,,,,,,,,,,,,
32b0b479f11a3f7399ab159f7f643370,1400/03/31,1569.0,780.0,3177.0,889500.0,889500.0,889500.0,1395625500.0,1.0,1.0,,,,,,,,,,,,,,,,,
32b0b479f11a3f7399ab159f7f643370,1400/06/31,2524.0,1624.0,3177.0,889500.0,889500.0,889500.0,2245098000.0,1.0,1.0,,,,,,,,,,,,,,,,,
32b0b479f11a3f7399ab159f7f643370,1400/09/30,3138.0,2463.0,3177.0,889500.0,889500.0,889500.0,2791251000.0,1.0,1.0,,,,,,,,,,,,,,,,,
32b0b479f11a3f7399ab159f7f643370,1400/12/29,3798.0,0.0,3680.0,889500.0,889500.0,889500.0,3378321000.0,1.0,1.0,,,,,,,,,,,,,,,,,
32b0b479f11a3f7399ab159f7f643370,1401/03/31,1519.0,1569.0,3482.0,889500.0,889500.0,889500.0,1351150500.0,1.0,1.0,,,,,,,,,,,,,,,,,
32b0b479f11a3f7399ab159f7f643370,1401/06/31,2732.0,2045.0,3482.0,889500.0,889500.0,889500.0,2430114000.0,1.0,1.0,,,,,,,,,,,,,,,,,
32b0b479f11a3f7399ab159f7f643370,1401/09/30,1165.0,1326.0,1940.0,2100000.0,2100000.0,2100000.0,2446500000.0,1.0,1.0,,,,,,,,,,,,,,,,,
32b0b479f11a3f7399ab159f7f643370,1401/12/29,2173.0,0.0,3798.0,2100000.0,889500.0,889500.0,4563300000.0,1.0,1.0,,,,,,,,,,,,,,,,,
32b0b479f11a3f7399ab159f7f643370,1402/03/31,403.0,644.0,2132.0,2100000.0,2100000.0,2100000.0,846300000.0,1.0,1.0,,,,,,,,,,,,,,,,,
32b0b479f11a3f7399ab159f7f643370,1402/06/31,17.0,704.0,2132.0,2100000.0,2100000.0,2100000.0,35700000.0,1.0,1.0,,,,,,,,,,,,,,,,,
32b0b479f11a3f7399ab159f7f643370,1402/09/30,124.0,1165.0,2132.0,2100000.0,2100000.0,2100000.0,260400000.0,1.0,1.0,,,,,,,,,,,,,,,,,
32b0b479f11a3f7399ab159f7f643370,1402/12/29,265.0,0.0,2173.0,2100000.0,2100000.0,2100000.0,556500000.0,1.0,1.0,,,,,,,,,,,,,,,,,
32b0b479f11a3f7399ab159f7f643370,1403/03/31,108.0,403.0,104.0,2100000.0,2100000.0,2100000.0,226800000.0,1.0,1.0,,,,,,,,,,,,,,,,,
32b0b479f11a3f7399ab159f7f643370,1403/06/31,111.0,17.0,104.0,2100000.0,2100000.0,2100000.0,233100000.0,1.0,1.0,,,,,,,,,,,,,,,,,
32b0b479f11a3f7399ab159f7f643370,1403/09/30,159.0,124.0,104.0,2100000.0,2100000.0,2100000.0,333900000.0,1.0,1.0,,,,,,,,,,,,,,,,,
32b0b479f11a3f7399ab159f7f643370,1403/12/30,5.0,0.0,104.0,2100000.0,2100000.0,2100000.0,10500000.0,1.0,1.0,,,,,,,,,,,,,,,,,
32b0b479f11a3f7399ab159f7f643370,1404/03/31,105.0,108.0,5.0,2100000.0,2100000.0,2100000.0,220500000.0,1.0,1.0,,,,,,,,,,,,,,,,,
32b0b479f11a3f7399ab159f7f643370,1404/06/31,78.0,111.0,5.0,17429992.0,2100000.0,2100000.0,1359539376.0,1.0,1.0,,,,,,,,,,,,,,,,,
32b0b479f11a3f7399ab159f7f643370,1404/09/30,173.0,159.0,5.0,17429992.0,2100000.0,2100000.0,3015388616.0,1.0,1.0,,,,,,,,,,,,,,,,,
32b0b479f11a3f7399ab159f7f643370,1404/12/29,607.0,195.0,,17429992.0,2100000.0,,10580005144.0,5291979.0,412498.0,,,,,,,,,,,,,,,,,
32b0b479f11a3f7399ab159f7f643370,1405/03/31,206.0,13.0,260.0,17429992.0,17429992.0,17429992.0,3590578352.0,5110604.0,942236.0,,10151490.0,5273990.0,,-576944.0,-262684.0,,,,,,,,,,,
32bc989812a6997ee475737a30528c3b,1399/06/31,0.0,0.0,0.0,12500000.0,0.0,12500000.0,0.0,1.0,1.0,,,,,,,,,,,,,,,,,
32bc989812a6997ee475737a30528c3b,1399/09/30,0.0,0.0,0.0,12500000.0,0.0,12500000.0,0.0,1.0,1.0,,,,,,,,,,,,,,,,,
32bc989812a6997ee475737a30528c3b,1399/12/30,0.0,0.0,0.0,12500000.0,50.0,12500000.0,0.0,1.0,1.0,,,,,,,,,,,,,,,,,
32bc989812a6997ee475737a30528c3b,1400/03/31,1764.0,0.0,0.0,12500000.0,12500000.0,0.0,22050000000.0,1.0,1.0,,,,,,,,,,,,,,,,,
32bc989812a6997ee475737a30528c3b,1400/06/31,183.0,887.0,-79.0,18700000.0,12500000.0,50.0,3422100000.0,1.0,1.0,,,,,,,,,,,,,,,,,
32bc989812a6997ee475737a30528c3b,1400/09/30,291.0,1192.0,-76.0,18700000.0,12500000.0,50.0,5441700000.0,1.0,1.0,,,,,,,,,,,,,,,,,
32bc989812a6997ee475737a30528c3b,1400/12/29,570.0,1233.0,-54.0,18700000.0,12500000.0,50.0,10659000000.0,1.0,1.0,,,,,,,,,,,,,,,,,
32bc989812a6997ee475737a30528c3b,1401/03/31,983.0,0.0,0.0,18700000.0,18700000.0,0.0,18382100000.0,1.0,1.0,,,,,,,,,,,,,,,,,
32bc989812a6997ee475737a30528c3b,1401/06/31,475.0,183.0,160.0,18700000.0,18700000.0,0.0,8882500000.0,1.0,1.0,,,,,,,,,,,,,,,,,
32bc989812a6997ee475737a30528c3b,1401/09/30,589.0,291.0,102.0,18700000.0,18700000.0,0.0,11014300000.0,1.0,1.0,,,,,,,,,,,,,,,,,
32bc989812a6997ee475737a30528c3b,1401/12/29,831.0,570.0,46.0,18700000.0,18700000.0,0.0,15539700000.0,1.0,1.0,,,,,,,,,,,,,,,,,
32bc989812a6997ee475737a30528c3b,1402/03/31,1491.0,0.0,0.0,18700000.0,18700000.0,0.0,27881700000.0,1.0,1.0,,,,,,,,,,,,,,,,,
32bc989812a6997ee475737a30528c3b,1402/06/31,507.0,475.0,7.0,18700000.0,18700000.0,0.0,9480900000.0,1.0,1.0,,,,,,,,,,,,,,,,,
32bc989812a6997ee475737a30528c3b,1402/09/30,200.0,589.0,-66.0,60000000.0,18700000.0,221.0,12000000000.0,1.0,1.0,,,,,,,,,,,,,,,,,
32bc989812a6997ee475737a30528c3b,1402/12/29,233.0,831.0,-72.0,60000000.0,18700000.0,221.0,13980000000.0,1.0,1.0,,,,,,,,,,,,,,,,,
32bc989812a6997ee475737a30528c3b,1403/03/31,586.0,0.0,0.0,60000000.0,0.0,0.0,35160000000.0,1.0,1.0,,,,,,,,,,,,,,,,,
32bc989812a6997ee475737a30528c3b,1403/06/31,52.0,158.0,-67.0,60000000.0,60000000.0,0.0,3120000000.0,1.0,1.0,,,,,,,,,,,,,,,,,
32bc989812a6997ee475737a30528c3b,1403/09/30,92.0,200.0,586.0,60000000.0,60000000.0,60000000.0,5520000000.0,1.0,1.0,,,,,,,,,,,,,,,,,
32bc989812a6997ee475737a30528c3b,1403/12/30,129.0,233.0,586.0,60000000.0,60000000.0,60000000.0,7740000000.0,1.0,1.0,,,,,,,,,,,,,,,,,
32bc989812a6997ee475737a30528c3b,1404/03/31,631.0,0.0,586.0,60000000.0,0.0,60000000.0,37860000000.0,1.0,1.0,,,,,,,,,,,,,,,,,
32bc989812a6997ee475737a30528c3b,1404/06/31,28.0,52.0,631.0,60000000.0,60000000.0,60000000.0,1680000000.0,1.0,1.0,,,,,,,,,,,,,,,,,
32bc989812a6997ee475737a30528c3b,1404/09/30,117.0,92.0,631.0,60000000.0,60000000.0,60000000.0,7020000000.0,1.0,1.0,,,,,,,,,,,,,,,,,
32bc989812a6997ee475737a30528c3b,1404/12/29,223.0,129.0,631.0,60000000.0,60000000.0,60000000.0,13380000000.0,14967980.0,6433708.0,,,,,,,,,,,,,,,,,
32cddf0dc9b06053a765b4c371dfe764,1398/09/30,279.0,348.0,213.0,1100000.0,550000.0,550000.0,306900000.0,1.0,1.0,,,,,,,,,,,,,,,,,
32cddf0dc9b06053a765b4c371dfe764,1398/12/29,338.0,0.0,213.0,1100000.0,550000.0,550000.0,371800000.0,1.0,1.0,,,,,,,,,,,,,,,,,
32cddf0dc9b06053a765b4c371dfe764,1399/03/31,223.0,61.0,338.0,1100000.0,550000.0,1100000.0,245300000.0,1.0,1.0,,,,,,,,,,,,,,,,,
32cddf0dc9b06053a765b4c371dfe764,1399/06/31,686.0,386.0,338.0,1100000.0,550000.0,1100000.0,754600000.0,1.0,1.0,,,,,,,,,,,,,,,,,
32cddf0dc9b06053a765b4c371dfe764,1399/09/30,1114.0,279.0,338.0,1100000.0,1100000.0,1100000.0,1225400000.0,1.0,1.0,,,,,,,,,,,,,,,,,
32cddf0dc9b06053a765b4c371dfe764,1399/12/30,1332.0,0.0,338.0,1100000.0,1100000.0,1100000.0,1465200000.0,1.0,1.0,,,,,,,,,,,,,,,,,
32cddf0dc9b06053a765b4c371dfe764,1400/03/31,458.0,223.0,1332.0,1100000.0,1100000.0,1100000.0,503800000.0,1.0,1.0,,,,,,,,,,,,,,,,,
32cddf0dc9b06053a765b4c371dfe764,1400/06/31,1393.0,667.0,1332.0,1100000.0,1100000.0,1100000.0,1532300000.0,1.0,1.0,,,,,,,,,,,,,,,,,
32cddf0dc9b06053a765b4c371dfe764,1400/09/30,2095.0,1114.0,1332.0,1100000.0,1100000.0,1100000.0,2304500000.0,1.0,1.0,,,,,,,,,,,,,,,,,
32cddf0dc9b06053a765b4c371dfe764,1400/12/29,2545.0,0.0,1332.0,1100000.0,1100000.0,1100000.0,2799500000.0,1.0,1.0,,,,,,,,,,,,,,,,,
32cddf0dc9b06053a765b4c371dfe764,1401/03/31,1117.0,458.0,2546.0,1100000.0,1100000.0,1100000.0,1228700000.0,1.0,1.0,,,,,,,,,,,,,,,,,
32cddf0dc9b06053a765b4c371dfe764,1401/06/31,2313.0,1393.0,2546.0,1100000.0,1100000.0,1100000.0,2544300000.0,1.0,1.0,,,,,,,,,,,,,,,,,
32cddf0dc9b06053a765b4c371dfe764,1401/09/30,3176.0,2095.0,2546.0,1100000.0,1100000.0,1100000.0,3493600000.0,1.0,1.0,,,,,,,,,,,,,,,,,
32cddf0dc9b06053a765b4c371dfe764,1401/12/29,3818.0,0.0,2546.0,1100000.0,1100000.0,1100000.0,4199800000.0,1.0,1.0,,,,,,,,,,,,,,,,,
32cddf0dc9b06053a765b4c371dfe764,1402/03/31,1627.0,1117.0,3685.0,1100000.0,1100000.0,1100000.0,1789700000.0,1.0,1.0,,,,,,,,,,,,,,,,,
32cddf0dc9b06053a765b4c371dfe764,1402/06/31,3367.0,2157.0,3685.0,1100000.0,1100000.0,1100000.0,3703700000.0,1.0,1.0,,,,,,,,,,,,,,,,,
32cddf0dc9b06053a765b4c371dfe764,1402/09/30,5199.0,3057.0,3685.0,1100000.0,1100000.0,1100000.0,5718900000.0,1.0,1.0,,,,,,,,,,,,,,,,,
32cddf0dc9b06053a765b4c371dfe764,1402/12/29,5906.0,0.0,3685.0,1100000.0,1100000.0,1100000.0,6496600000.0,1.0,1.0,,,,,,,,,,,,,,,,,
32cddf0dc9b06053a765b4c371dfe764,1403/03/31,2798.0,1627.0,5882.0,1100000.0,1100000.0,1100000.0,3077800000.0,1.0,1.0,,,,,,,,,,,,,,,,,
32cddf0dc9b06053a765b4c371dfe764,1403/06/31,5360.0,3367.0,5882.0,1100000.0,1100000.0,1100000.0,5896000000.0,1.0,1.0,,,,,,,,,,,,,,,,,
32cddf0dc9b06053a765b4c371dfe764,1403/09/30,8525.0,5199.0,5882.0,1100000.0,1100000.0,1100000.0,9377500000.0,1.0,1.0,,,,,,,,,,,,,,,,,
32cddf0dc9b06053a765b4c371dfe764,1403/12/30,13141.0,0.0,5882.0,1100000.0,1100000.0,1100000.0,14455100000.0,1.0,1.0,,,,,,,,,,,,,,,,,
32cddf0dc9b06053a765b4c371dfe764,1404/03/31,7130.0,2798.0,13140.0,1100000.0,1100000.0,1100000.0,7843000000.0,1.0,1.0,,,,,,,,,,,,,,,,,
32cddf0dc9b06053a765b4c371dfe764,1404/06/31,14450.0,5360.0,13140.0,1100000.0,1100000.0,1100000.0,15895000000.0,1.0,1.0,,,,,,,,,,,,,,,,,
32cddf0dc9b06053a765b4c371dfe764,1404/09/30,22208.0,0.0,8525.0,1100000.0,0.0,1100000.0,24428800000.0,27.948008088813204,100.0,,,,,,,,,,,,,,,,,
32cddf0dc9b06053a765b4c371dfe764,1404/12/29,28151.0,0.0,13140.0,1100000.0,1100000.0,1100000.0,30966100000.0,23658.0,4728.0,,,,,,,,,,,,,,,,,
32cddf0dc9b06053a765b4c371dfe764,1405/03/31,9890.0,7130.0,28162.0,1100000.0,1100000.0,1100000.0,10879000000.0,10229174.0,7489011.0,30106413.0,17750251.0,13656620.0,50492513.0,-702045.0,2990341.0,10878986.0,7843088.0,30978478.0,10222401.0,7213771.0,15448688.0,79880645.0,67451145.0,64749696.0,61441286.0,15130949.0
32f230090775786229c664bc8cb52dba,1398/09/30,3769.0,1900.0,4363.0,3884211.0,3884211.0,3884211.0,14639591259.0,1.0,1.0,,,,,,,,,,,,,,,,,
32f230090775786229c664bc8cb52dba,1398/12/29,1035.0,0.0,4363.0,10000000.0,3884211.0,3884211.0,10350000000.0,1.0,1.0,,,,,,,,,,,,,,,,,
32f230090775786229c664bc8cb52dba,1399/03/31,561.0,466.0,1005.0,10000000.0,10000000.0,10000000.0,5610000000.0,1.0,1.0,,,,,,,,,,,,,,,,,
32f230090775786229c664bc8cb52dba,1399/06/31,1315.0,1112.0,1005.0,10000000.0,10000000.0,10000000.0,13150000000.0,1.0,1.0,,,,,,,,,,,,,,,,,
32f230090775786229c664bc8cb52dba,1399/09/30,2467.0,1464.0,1005.0,10000000.0,10000000.0,10000000.0,24670000000.0,1.0,1.0,,,,,,,,,,,,,,,,,
32f230090775786229c664bc8cb52dba,1399/12/30,5568.0,0.0,1005.0,10000000.0,10000000.0,10000000.0,55680000000.0,1.0,1.0,,,,,,,,,,,,,,,,,
32f230090775786229c664bc8cb52dba,1400/03/31,1291.0,323.0,5568.0,10000000.0,10000000.0,10000000.0,12910000000.0,1.0,1.0,,,,,,,,,,,,,,,,,
32f230090775786229c664bc8cb52dba,1400/06/31,2047.0,1265.0,5568.0,10000000.0,10000000.0,10000000.0,20470000000.0,1.0,1.0,,,,,,,,,,,,,,,,,
32f230090775786229c664bc8cb52dba,1400/09/30,4104.0,2479.0,5568.0,10000000.0,10000000.0,10000000.0,41040000000.0,1.0,1.0,,,,,,,,,,,,,,,,,
32f230090775786229c664bc8cb52dba,1400/12/29,5184.0,0.0,5568.0,10000000.0,10000000.0,10000000.0,51840000000.0,1.0,1.0,,,,,,,,,,,,,,,,,
32f230090775786229c664bc8cb52dba,1401/03/31,1296.0,1291.0,6680.0,30000000.0,10000000.0,10000000.0,38880000000.0,1.0,1.0,,,,,,,,,,,,,,,,,
32f230090775786229c664bc8cb52dba,1401/06/31,1857.0,2368.0,6680.0,30000000.0,10000000.0,10000000.0,55710000000.0,1.0,1.0,,,,,,,,,,,,,,,,,
32f230090775786229c664bc8cb52dba,1401/09/30,6061.0,4104.0,6680.0,10000000.0,10000000.0,10000000.0,60610000000.0,1.0,1.0,,,,,,,,,,,,,,,,,
32f230090775786229c664bc8cb52dba,1401/12/29,2746.0,0.0,6680.0,30000000.0,10000000.0,10000000.0,82380000000.0,1.0,1.0,,,,,,,,,,,,,,,,,
32f230090775786229c664bc8cb52dba,1402/03/31,-129.0,1273.0,3350.0,30000000.0,30000000.0,30000000.0,-3870000000.0,1.0,1.0,,,,,,,,,,,,,,,,,
32f230090775786229c664bc8cb52dba,1402/06/31,932.0,1743.0,3350.0,30000000.0,30000000.0,30000000.0,27960000000.0,1.0,1.0,,,,,,,,,,,,,,,,,
32f230090775786229c664bc8cb52dba,1402/09/30,1234.0,2020.0,3350.0,30000000.0,30000000.0,30000000.0,37020000000.0,1.0,1.0,,,,,,,,,,,,,,,,,
32f230090775786229c664bc8cb52dba,1402/12/29,2045.0,0.0,3350.0,30000000.0,30000000.0,30000000.0,61350000000.0,1.0,1.0,,,,,,,,,,,,,,,,,
32f230090775786229c664bc8cb52dba,1403/03/31,506.0,-129.0,2764.0,30000000.0,30000000.0,30000000.0,15180000000.0,1.0,1.0,,,,,,,,,,,,,,,,,
32f230090775786229c664bc8cb52dba,1403/06/31,1005.0,887.0,2764.0,30000000.0,30000000.0,30000000.0,30150000000.0,1.0,1.0,,,,,,,,,,,,,,,,,
32f230090775786229c664bc8cb52dba,1403/09/30,1972.0,1603.0,2764.0,30000000.0,30000000.0,30000000.0,59160000000.0,1.0,1.0,,,,,,,,,,,,,,,,,
32f230090775786229c664bc8cb52dba,1403/12/30,3108.0,0.0,2764.0,30000000.0,30000000.0,30000000.0,93240000000.0,1.0,1.0,,,,,,,,,,,,,,,,,
32f230090775786229c664bc8cb52dba,1404/03/31,1544.0,506.0,3329.0,30000000.0,30000000.0,30000000.0,46320000000.0,1.0,1.0,,,,,,,,,,,,,,,,,
32f230090775786229c664bc8cb52dba,1404/06/31,3100.0,1220.0,3329.0,30000000.0,30000000.0,30000000.0,93000000000.0,1.0,1.0,,,,,,,,,,,,,,,,,
32f230090775786229c664bc8cb52dba,1404/09/30,5728.0,0.0,1972.0,30000000.0,0.0,30000000.0,171840000000.0,25.647680400372437,100.0,,,,,,,,,,,,,,,,,
32f230090775786229c664bc8cb52dba,1404/12/29,8379.0,0.0,3329.0,30000000.0,30000000.0,30000000.0,251370000000.0,8311.0,79.0,,,,,,,,,,,,,,,,,
32f230090775786229c664bc8cb52dba,1405/03/31,3213.0,1544.0,7992.0,30000000.0,30000000.0,30000000.0,96390000000.0,116990635.0,60584910.0,,,,,,,,,,,,,,,,,
34f99deab827071c31069cb575b6aeeb,1398/09/30,2236.0,1238.0,1573.0,450000.0,450000.0,450000.0,1006200000.0,1498619.0,965864.0,,,,,,,,,,,,,,,,,
34f99deab827071c31069cb575b6aeeb,1398/12/29,3036.0,1573.0,,450000.0,450000.0,,1366200000.0,1992376.0,1216614.0,,,,,,,,,,,,,,,,,
34f99deab827071c31069cb575b6aeeb,1399/03/31,665.0,588.0,3036.0,450000.0,450000.0,450000.0,299250000.0,472567.0,407214.0,,,,,,,,,,,,,,,,,
34f99deab827071c31069cb575b6aeeb,1399/06/31,1893.0,1407.0,3036.0,450000.0,450000.0,450000.0,851850000.0,1264072.0,939639.0,,,,,,,,,,,,,,,,,
34f99deab827071c31069cb575b6aeeb,1399/09/30,2898.0,2236.0,3036.0,450000.0,450000.0,450000.0,1304100000.0,1937909.0,1498619.0,,,,,,,,,,,,,,,,,
34f99deab827071c31069cb575b6aeeb,1399/12/30,4287.0,3036.0,,450000.0,450000.0,,1929150000.0,2778094.0,1992376.0,,,,,,,,,,,,,,,,,
34f99deab827071c31069cb575b6aeeb,1400/03/31,687.0,299.0,1929.0,1000000.0,1000000.0,1000000.0,687000000.0,1031600.0,472567.0,,,,,,,,,,,,,,,,,
34f99deab827071c31069cb575b6aeeb,1400/06/31,2057.0,1893.0,4287.0,1000000.0,450000.0,450000.0,2057000000.0,2984840.0,1264072.0,,,,,,,,,,,,,,,,,
34f99deab827071c31069cb575b6aeeb,1400/09/30,3620.0,2898.0,1929.0,1000000.0,450000.0,1000000.0,3620000000.0,5012401.0,1937909.0,,,,,,,,,,,,,,,,,
34f99deab827071c31069cb575b6aeeb,1400/12/29,4198.0,4287.0,,1000000.0,450000.0,,4198000000.0,5572115.0,2778095.0,,,,,,,,,,,,,,,,,
34f99deab827071c31069cb575b6aeeb,1401/03/31,832.0,687.0,4198.0,1000000.0,1000000.0,1000000.0,832000000.0,1229520.0,1031600.0,,,,,,,,,,,,,,,,,
34f99deab827071c31069cb575b6aeeb,1401/06/31,2522.0,2057.0,4198.0,1000000.0,1000000.0,1000000.0,2522000000.0,3577245.0,2984840.0,,,,,,,,,,,,,,,,,
34f99deab827071c31069cb575b6aeeb,1401/09/30,4515.0,3620.0,4198.0,1000000.0,1000000.0,1000000.0,4515000000.0,6386105.0,5012401.0,,,,,,,,,,,,,,,,,
34f99deab827071c31069cb575b6aeeb,1401/12/29,4063.0,4198.0,,1600000.0,1000000.0,,6500800000.0,8736432.0,5572115.0,,,,,,,,,,,,,,,,,
34f99deab827071c31069cb575b6aeeb,1402/03/31,1253.0,832.0,4063.0,1600000.0,1000000.0,1600000.0,2004800000.0,2821068.0,1229520.0,,,,,,,,,,,,,,,,,
34f99deab827071c31069cb575b6aeeb,1402/06/31,2356.0,2522.0,4063.0,1600000.0,1000000.0,1600000.0,3769600000.0,5530211.0,3577245.0,,,,,,,,,,,,,,,,,
34f99deab827071c31069cb575b6aeeb,1402/09/30,3534.0,4515.0,4063.0,1600000.0,1000000.0,1600000.0,5654400000.0,8309431.0,6386105.0,,,,,,,,,,,,,,,,,
34f99deab827071c31069cb575b6aeeb,1402/12/29,4415.0,4063.0,,1600000.0,1600000.0,,7064000000.0,10522565.0,8736432.0,,,,,,,,,,,,,,,,,
34f99deab827071c31069cb575b6aeeb,1403/03/31,1139.0,1285.0,4415.0,1600000.0,1600000.0,1600000.0,1822400000.0,2727358.0,2941946.0,,,,,,,,,,,,,,,,,
34f99deab827071c31069cb575b6aeeb,1403/06/31,2400.0,2356.0,4415.0,1600000.0,1600000.0,1600000.0,3840000000.0,5706504.0,5530211.0,,,,,,,,,,,,,,,,,
34f99deab827071c31069cb575b6aeeb,1403/09/30,4064.0,3538.0,4415.0,1600000.0,1600000.0,1600000.0,6502400000.0,9487615.0,8318354.0,,,,,,,,,,,,,,,,,
34f99deab827071c31069cb575b6aeeb,1403/12/30,5314.0,4415.0,,1600000.0,1600000.0,,8502400000.0,12253170.0,10522565.0,,,,,,,,,,,,,,,,,
34f99deab827071c31069cb575b6aeeb,1404/03/31,1278.0,1139.0,5314.0,1600000.0,1600000.0,1600000.0,2044800000.0,2867295.0,2727358.0,,,,,,,,,,,,,,,,,
34f99deab827071c31069cb575b6aeeb,1404/06/31,215.0,2400.0,5314.0,20650000.0,1600000.0,1600000.0,4439750000.0,6179027.0,5706504.0,,,,,,,,,,,,,,,,,
34f99deab827071c31069cb575b6aeeb,1404/09/30,423.0,4064.0,5314.0,20650000.0,1600000.0,1600000.0,8734950000.0,11975031.0,9487615.0,,,,,,,,,,,,,,,,,
34f99deab827071c31069cb575b6aeeb,1404/12/29,588.0,5314.0,,20650000.0,1600000.0,,12142200000.0,17425856.0,12253170.0,,,,,,,,,,,,,,,,,
34f99deab827071c31069cb575b6aeeb,1405/03/31,399.0,1278.0,588.0,20650000.0,1600000.0,20650000.0,8239350000.0,11410008.0,2867295.0,,,,,,,,,,,,,,,,,
358139e1070f075fd27c39f77c4047e4,1398/06/31,588.0,707.0,929.0,750000.0,250000.0,750000.0,441000000.0,541501.0,354303.0,,,,,,,,,,,,,,,,,
358139e1070f075fd27c39f77c4047e4,1398/09/30,725.0,636.0,929.0,750000.0,750000.0,750000.0,543750000.0,840882.0,781181.0,,,,,,,,,,,,,,,,,
358139e1070f075fd27c39f77c4047e4,1398/12/29,1214.0,659.0,,750000.0,750000.0,,910500000.0,1045040.0,649343.0,,,,,,,,,,,,,,,,,
358139e1070f075fd27c39f77c4047e4,1399/03/31,479.0,112.0,1214.0,750000.0,750000.0,750000.0,359250000.0,212106.0,152729.0,,,,,,,,,,,,,,,,,
358139e1070f075fd27c39f77c4047e4,1399/06/31,466.0,393.0,1214.0,750000.0,750000.0,750000.0,349500000.0,389475.0,492417.0,,,,,,,,,,,,,,,,,
358139e1070f075fd27c39f77c4047e4,1399/09/30,1146.0,725.0,1214.0,750000.0,750000.0,750000.0,859500000.0,895610.0,840882.0,,,,,,,,,,,,,,,,,
358139e1070f075fd27c39f77c4047e4,1399/12/30,1535.0,1214.0,,750000.0,750000.0,,1151250000.0,1129469.0,1045040.0,,,,,,,,,,,,,,,,,
358139e1070f075fd27c39f77c4047e4,1400/03/31,506.0,479.0,1535.0,750000.0,750000.0,750000.0,379500000.0,358733.0,212106.0,,,,,,,,,,,,,,,,,
358139e1070f075fd27c39f77c4047e4,1400/06/31,1043.0,526.0,1535.0,750000.0,750000.0,750000.0,782250000.0,980927.0,264821.0,,,,,,,,,,,,,,,,,
358139e1070f075fd27c39f77c4047e4,1400/09/30,2261.0,1146.0,1535.0,750000.0,750000.0,750000.0,1695750000.0,2187151.0,895610.0,,,,,,,,,,,,,,,,,
358139e1070f075fd27c39f77c4047e4,1400/12/29,3219.0,1676.0,,750000.0,750000.0,,2414250000.0,2460129.0,1129469.0,,,,,,,,,,,,,,,,,
358139e1070f075fd27c39f77c4047e4,1401/03/31,1110.0,506.0,3114.0,750000.0,750000.0,750000.0,832500000.0,440862.0,358732.0,,,,,,,,,,,,,,,,,
358139e1070f075fd27c39f77c4047e4,1401/06/31,2141.0,1136.0,3114.0,750000.0,750000.0,750000.0,1605750000.0,1208163.0,1049415.0,,,,,,,,,,,,,,,,,
358139e1070f075fd27c39f77c4047e4,1401/09/30,3333.0,2017.0,3114.0,750000.0,750000.0,750000.0,2499750000.0,2408544.0,2187151.0,,,,,,,,,,,,,,,,,
358139e1070f075fd27c39f77c4047e4,1401/12/29,4765.0,3219.0,,750000.0,750000.0,,3573750000.0,3096461.0,2458986.0,,,,,,,,,,,,,,,,,
358139e1070f075fd27c39f77c4047e4,1402/03/31,1250.0,422.0,4835.0,750000.0,750000.0,750000.0,937500000.0,844210.0,440862.0,,,,,,,,,,,,,,,,,
358139e1070f075fd27c39f77c4047e4,1402/06/31,1862.0,2170.0,4835.0,750000.0,750000.0,750000.0,1396500000.0,1556558.0,1211065.0,,,,,,,,,,,,,,,,,
358139e1070f075fd27c39f77c4047e4,1402/09/30,1945.0,3333.0,4835.0,750000.0,750000.0,750000.0,1458750000.0,1777221.0,2408544.0,,,,,,,,,,,,,,,,,
358139e1070f075fd27c39f77c4047e4,1402/12/29,188.0,1250.0,1846.0,750000.0,750000.0,750000.0,141000000.0,366177.0,844210.0,,,,,,,,,,,,,,,,,
358139e1070f075fd27c39f77c4047e4,1403/03/31,75.0,1662.0,1846.0,750000.0,750000.0,750000.0,56250000.0,373170.0,1556558.0,,,,,,,,,,,,,,,,,
358139e1070f075fd27c39f77c4047e4,1403/06/31,-606.0,1846.0,1846.0,750000.0,750000.0,750000.0,-454500000.0,-57484.0,1749576.0,,,,,,,,,,,,,,,,,
358139e1070f075fd27c39f77c4047e4,1403/09/30,321.0,1846.0,,750000.0,750000.0,,240750000.0,506710.0,1844317.0,,,,,,,,,,,,,,,,,
358139e1070f075fd27c39f77c4047e4,1403/12/30,276.0,188.0,42.0,750000.0,750000.0,750000.0,207000000.0,363022.0,366177.0,,,,,,,,,,,,,,,,,
358139e1070f075fd27c39f77c4047e4,1404/03/31,1386.0,124.0,42.0,750000.0,750000.0,750000.0,1039500000.0,1189059.0,44624.0,,,,,,,,,,,,,,,,,
358139e1070f075fd27c39f77c4047e4,1404/06/31,1882.0,-606.0,42.0,750000.0,750000.0,750000.0,1411500000.0,1870798.0,-57484.0,,,,,,,,,,,,,,,,,
358139e1070f075fd27c39f77c4047e4,1404/09/30,2322.0,42.0,,750000.0,750000.0,,1741500000.0,2849971.0,520712.0,,,,,,,,,,,,,,,,,
358139e1070f075fd27c39f77c4047e4,1404/12/29,728.0,276.0,2366.0,750000.0,750000.0,750000.0,546000000.0,856251.0,363022.0,,,,,,,,,,,,,,,,,
358139e1070f075fd27c39f77c4047e4,1405/03/31,5195.0,1339.0,2366.0,750000.0,750000.0,750000.0,3896250000.0,4668876.0,1189059.0,,10200116.0,4042947.0,,-266453.0,286639.0,,,,,,,,,,,
36d852f81798b4c4f57827151acb1e86,1398/06/31,860.0,792.0,1588.0,8064000.0,8064000.0,8064000.0,6935040000.0,1.0,1.0,,,,,,,,,,,,,,,,,
36d852f81798b4c4f57827151acb1e86,1398/09/30,1056.0,1132.0,1588.0,8064000.0,8064000.0,8064000.0,8515584000.0,1.0,1.0,,,,,,,,,,,,,,,,,
36d852f81798b4c4f57827151acb1e86,1398/12/29,1389.0,0.0,1587.0,8064000.0,8064000.0,8064000.0,11200896000.0,1.0,1.0,,,,,,,,,,,,,,,,,
36d852f81798b4c4f57827151acb1e86,1399/03/31,389.0,455.0,1376.0,8064000.0,8064000.0,8064000.0,3136896000.0,1.0,1.0,,,,,,,,,,,,,,,,,
36d852f81798b4c4f57827151acb1e86,1399/06/31,1003.0,860.0,1376.0,8064000.0,8064000.0,8064000.0,8088192000.0,1.0,1.0,,,,,,,,,,,,,,,,,
36d852f81798b4c4f57827151acb1e86,1399/09/30,2391.0,1056.0,1376.0,8064000.0,8064000.0,8064000.0,19281024000.0,1.0,1.0,,,,,,,,,,,,,,,,,
36d852f81798b4c4f57827151acb1e86,1399/12/30,4255.0,0.0,1389.0,8064000.0,8064000.0,8064000.0,34312320000.0,1.0,1.0,,,,,,,,,,,,,,,,,
36d852f81798b4c4f57827151acb1e86,1400/03/31,2030.0,389.0,4246.0,8064000.0,8064000.0,8064000.0,16369920000.0,1.0,1.0,,,,,,,,,,,,,,,,,
36d852f81798b4c4f57827151acb1e86,1400/06/31,3931.0,1003.0,4246.0,8064000.0,8064000.0,8064000.0,31699584000.0,1.0,1.0,,,,,,,,,,,,,,,,,
36d852f81798b4c4f57827151acb1e86,1400/09/30,5770.0,2391.0,4246.0,8064000.0,8064000.0,8064000.0,46529280000.0,1.0,1.0,,,,,,,,,,,,,,,,,
36d852f81798b4c4f57827151acb1e86,1400/12/29,6842.0,0.0,4255.0,8064000.0,8064000.0,8064000.0,55173888000.0,1.0,1.0,,,,,,,,,,,,,,,,,
36d852f81798b4c4f57827151acb1e86,1401/03/31,1437.0,2030.0,6832.0,8064000.0,8064000.0,8064000.0,11587968000.0,1.0,1.0,,,,,,,,,,,,,,,,,
36d852f81798b4c4f57827151acb1e86,1401/06/31,2138.0,3931.0,6832.0,8064000.0,8064000.0,8064000.0,17240832000.0,1.0,1.0,,,,,,,,,,,,,,,,,
36d852f81798b4c4f57827151acb1e86,1401/09/30,2864.0,5770.0,6832.0,8064000.0,8064000.0,8064000.0,23095296000.0,1.0,1.0,,,,,,,,,,,,,,,,,
36d852f81798b4c4f57827151acb1e86,1401/12/29,4213.0,0.0,6842.0,8064000.0,8064000.0,8064000.0,33973632000.0,1.0,1.0,,,,,,,,,,,,,,,,,
36d852f81798b4c4f57827151acb1e86,1402/03/31,1446.0,1437.0,4195.0,8064000.0,8064000.0,8064000.0,11660544000.0,1.0,1.0,,,,,,,,,,,,,,,,,
36d852f81798b4c4f57827151acb1e86,1402/06/31,2145.0,2138.0,4195.0,8064000.0,8064000.0,8064000.0,17297280000.0,1.0,1.0,,,,,,,,,,,,,,,,,
36d852f81798b4c4f57827151acb1e86,1402/09/30,2524.0,2864.0,4195.0,8064000.0,8064000.0,8064000.0,20353536000.0,1.0,1.0,,,,,,,,,,,,,,,,,
36d852f81798b4c4f57827151acb1e86,1402/12/29,2234.0,0.0,4213.0,8064000.0,8064000.0,8064000.0,18014976000.0,1.0,1.0,,,,,,,,,,,,,,,,,
36d852f81798b4c4f57827151acb1e86,1403/03/31,284.0,1446.0,2188.0,8064000.0,8064000.0,8064000.0,2290176000.0,1.0,1.0,,,,,,,,,,,,,,,,,
36d852f81798b4c4f57827151acb1e86,1403/06/31,505.0,2145.0,2188.0,8064000.0,8064000.0,8064000.0,4072320000.0,1.0,1.0,,,,,,,,,,,,,,,,,
36d852f81798b4c4f57827151acb1e86,1403/09/30,136.0,2524.0,2188.0,8064000.0,8064000.0,8064000.0,1096704000.0,1.0,1.0,,,,,,,,,,,,,,,,,
36d852f81798b4c4f57827151acb1e86,1403/12/30,753.0,0.0,2234.0,8064000.0,8064000.0,8064000.0,6072192000.0,1.0,1.0,,,,,,,,,,,,,,,,,
36d852f81798b4c4f57827151acb1e86,1404/03/31,205.0,135.0,399.0,17000000.0,17000000.0,17000000.0,3485000000.0,1.0,1.0,,,,,,,,,,,,,,,,,
36d852f81798b4c4f57827151acb1e86,1404/06/31,883.0,239.0,399.0,17000000.0,17000000.0,17000000.0,15011000000.0,1.0,1.0,,,,,,,,,,,,,,,,,
36d852f81798b4c4f57827151acb1e86,1404/09/30,1500.0,65.0,399.0,17000000.0,17000000.0,17000000.0,25500000000.0,1.0,1.0,,,,,,,,,,,,,,,,,
36d852f81798b4c4f57827151acb1e86,1404/12/29,1759.0,0.0,357.0,17000000.0,17000000.0,17000000.0,29903000000.0,-1.0,100.0,,,,,,,,,,,,,,,,,
36d852f81798b4c4f57827151acb1e86,1405/03/31,2092.0,205.0,1984.0,17000000.0,17000000.0,17000000.0,35564000000.0,49727039.0,2590510.0,30357849.0,227859289.0,99395218.0,488247289.0,-181257.0,-5152027.0,35565476.0,3478816.0,33726436.0,34557005.0,15721459.0,52402158.0,353232683.0,307819471.0,265799258.0,234728176.0,87433425.0
36f23676eaffd388df63219008589dec,1400/03/31,431.0,840.0,4573.0,700000.0,200000.0,200000.0,301700000.0,1.0,1.0,,,,,,,,,,,,,,,,,
36f23676eaffd388df63219008589dec,1400/06/31,863.0,1707.0,4573.0,700000.0,200000.0,200000.0,604100000.0,1.0,1.0,,,,,,,,,,,,,,,,,
36f23676eaffd388df63219008589dec,1400/09/30,1352.0,788.0,1307.0,700000.0,700000.0,700000.0,946400000.0,1.0,1.0,,,,,,,,,,,,,,,,,
36f23676eaffd388df63219008589dec,1400/12/29,1947.0,0.0,4573.0,700000.0,200000.0,200000.0,1362900000.0,1.0,1.0,,,,,,,,,,,,,,,,,
36f23676eaffd388df63219008589dec,1401/03/31,619.0,431.0,1947.0,700000.0,700000.0,700000.0,433300000.0,1.0,1.0,,,,,,,,,,,,,,,,,
36f23676eaffd388df63219008589dec,1401/06/31,1244.0,863.0,1947.0,700000.0,700000.0,700000.0,870800000.0,1.0,1.0,,,,,,,,,,,,,,,,,
36f23676eaffd388df63219008589dec,1401/09/30,1779.0,1352.0,1947.0,700000.0,700000.0,700000.0,1245300000.0,1.0,1.0,,,,,,,,,,,,,,,,,
36f23676eaffd388df63219008589dec,1401/12/29,3107.0,0.0,1947.0,700000.0,700000.0,700000.0,2174900000.0,1.0,1.0,,,,,,,,,,,,,,,,,
36f23676eaffd388df63219008589dec,1402/03/31,2631.0,619.0,3107.0,700000.0,700000.0,700000.0,1841700000.0,1.0,1.0,,,,,,,,,,,,,,,,,
36f23676eaffd388df63219008589dec,1402/06/31,4336.0,1244.0,3107.0,700000.0,700000.0,700000.0,3035200000.0,1.0,1.0,,,,,,,,,,,,,,,,,
36f23676eaffd388df63219008589dec,1402/09/30,6152.0,1779.0,3107.0,700000.0,700000.0,700000.0,4306400000.0,1.0,1.0,,,,,,,,,,,,,,,,,
36f23676eaffd388df63219008589dec,1402/12/29,9569.0,0.0,3107.0,700000.0,0.0,700000.0,6698300000.0,1.0,1.0,,,,,,,,,,,,,,,,,
36f23676eaffd388df63219008589dec,1403/03/31,2953.0,2631.0,9569.0,700000.0,700000.0,700000.0,2067100000.0,1.0,1.0,,,,,,,,,,,,,,,,,
36f23676eaffd388df63219008589dec,1403/06/31,5488.0,4336.0,9569.0,700000.0,700000.0,700000.0,3841600000.0,1.0,1.0,,,,,,,,,,,,,,,,,
36f23676eaffd388df63219008589dec,1403/09/30,8293.0,6152.0,9569.0,700000.0,700000.0,700000.0,5805100000.0,1.0,1.0,,,,,,,,,,,,,,,,,
36f23676eaffd388df63219008589dec,1403/12/30,3451.0,0.0,2850.0,2350000.0,0.0,2350000.0,8109850000.0,1.0,1.0,,,,,,,,,,,,,,,,,
36f23676eaffd388df63219008589dec,1404/03/31,682.0,880.0,3451.0,2350000.0,2350000.0,2350000.0,1602700000.0,1.0,1.0,,,,,,,,,,,,,,,,,
36f23676eaffd388df63219008589dec,1404/06/31,341.0,371.0,784.0,10350000.0,10350000.0,10350000.0,3529350000.0,1.0,1.0,,,,,,,,,,,,,,,,,
36f23676eaffd388df63219008589dec,1404/09/30,840.0,251.0,1456.0,200000.0,200000.0,200000.0,5816700000.0,1.0,1.0,,,,,,,,,,,,,,,,,
36f23676eaffd388df63219008589dec,1404/12/29,2759.0,1003.0,1456.0,200000.0,200000.0,200000.0,8167243000.0,1.0,1.0,,,,,,,,,,,,,,,,,
36f23676eaffd388df63219008589dec,1405/03/31,625.0,682.0,789.0,10350000.0,2350000.0,10350000.0,6468750000.0,3186865.0,1965870.0,10306316.0,3798952.0,2427755.0,12085377.0,0.0,4039941.0,6469926.0,1602956.0,8166298.0,6113062.0,4116579.0,10188865.0,30670307.0,30593245.0,7394945.0,7079149.0,23275362.0
39232c8d2f1231a8f681e77185a0a39e,1398/03/31,0.0,0.0,0.0,2672149.0,10.0,0.0,0.0,1.0,1.0,,,,,,,,,,,,,,,,,
39232c8d2f1231a8f681e77185a0a39e,1398/06/31,0.0,0.0,0.0,850000.0,850000.0,0.0,0.0,1.0,1.0,,,,,,,,,,,,,,,,,
39232c8d2f1231a8f681e77185a0a39e,1398/09/30,516.0,196.0,300.0,1200000.0,1200000.0,1200000.0,619200000.0,1.0,1.0,,,,,,,,,,,,,,,,,
39232c8d2f1231a8f681e77185a0a39e,1398/12/29,714.0,0.0,300.0,1200000.0,850000.0,1200000.0,856800000.0,1.0,1.0,,,,,,,,,,,,,,,,,
39232c8d2f1231a8f681e77185a0a39e,1399/03/31,244.0,153.0,713.0,1200000.0,1200000.0,1200000.0,292800000.0,1.0,1.0,,,,,,,,,,,,,,,,,
39232c8d2f1231a8f681e77185a0a39e,1399/06/31,806.0,373.0,713.0,1200000.0,1200000.0,1200000.0,967200000.0,1.0,1.0,,,,,,,,,,,,,,,,,
39232c8d2f1231a8f681e77185a0a39e,1399/09/30,1295.0,516.0,713.0,1200000.0,1200000.0,1200000.0,1554000000.0,1.0,1.0,,,,,,,,,,,,,,,,,
39232c8d2f1231a8f681e77185a0a39e,1399/12/30,1754.0,0.0,713.0,1200000.0,1200000.0,1200000.0,2104800000.0,1.0,1.0,,,,,,,,,,,,,,,,,
39232c8d2f1231a8f681e77185a0a39e,1400/03/31,491.0,244.0,1752.0,1200000.0,1200000.0,1200000.0,589200000.0,1.0,1.0,,,,,,,,,,,,,,,,,
39232c8d2f1231a8f681e77185a0a39e,1400/06/31,86.0,57.0,125.0,16880000.0,16880000.0,16880000.0,1451680000.0,1.0,1.0,,,,,,,,,,,,,,,,,
39232c8d2f1231a8f681e77185a0a39e,1400/09/30,135.0,92.0,125.0,16880000.0,16880000.0,16880000.0,2278800000.0,1.0,1.0,,,,,,,,,,,,,,,,,
39232c8d2f1231a8f681e77185a0a39e,1400/12/29,180.0,0.0,125.0,16880000.0,1200000.0,16880000.0,3038400000.0,1.0,1.0,,,,,,,,,,,,,,,,,
39232c8d2f1231a8f681e77185a0a39e,1401/03/31,33.0,35.0,180.0,16880000.0,16880000.0,16880000.0,557040000.0,1.0,1.0,,,,,,,,,,,,,,,,,
39232c8d2f1231a8f681e77185a0a39e,1401/12/29,227.0,0.0,144.0,21100000.0,16880000.0,21100000.0,4789700000.0,1.0,1.0,,,,,,,,,,,,,,,,,
39232c8d2f1231a8f681e77185a0a39e,1402/03/31,33.0,26.0,227.0,29100000.0,21100000.0,21100000.0,960300000.0,1.0,1.0,,,,,,,,,,,,,,,,,
39232c8d2f1231a8f681e77185a0a39e,1402/06/31,79.0,105.0,226.0,29100000.0,21100000.0,21100000.0,2298900000.0,1.0,1.0,,,,,,,,,,,,,,,,,
39232c8d2f1231a8f681e77185a0a39e,1402/09/30,137.0,146.0,227.0,29100000.0,21100000.0,21100000.0,3986700000.0,1.0,1.0,,,,,,,,,,,,,,,,,
39232c8d2f1231a8f681e77185a0a39e,1402/12/29,177.0,0.0,227.0,32500000.0,21100000.0,21100000.0,5752500000.0,1.0,1.0,,,,,,,,,,,,,,,,,
39232c8d2f1231a8f681e77185a0a39e,1403/03/31,23.0,30.0,184.0,32500000.0,29100000.0,32500000.0,747500000.0,1.0,1.0,,,,,,,,,,,,,,,,,
39232c8d2f1231a8f681e77185a0a39e,1403/06/31,60.0,70.0,177.0,32500000.0,32500000.0,32500000.0,1950000000.0,1.0,1.0,,,,,,,,,,,,,,,,,
39232c8d2f1231a8f681e77185a0a39e,1403/09/30,114.0,118.0,184.0,32500000.0,32500000.0,32500000.0,3705000000.0,1.0,1.0,,,,,,,,,,,,,,,,,
39232c8d2f1231a8f681e77185a0a39e,1403/12/30,140.0,0.0,177.0,42750000.0,32500000.0,32500000.0,5985000000.0,1.0,1.0,,,,,,,,,,,,,,,,,
39232c8d2f1231a8f681e77185a0a39e,1404/03/31,22.0,23.0,142.0,42750000.0,32500000.0,42750000.0,940500000.0,1.0,1.0,,,,,,,,,,,,,,,,,
39232c8d2f1231a8f681e77185a0a39e,1404/06/31,54.0,61.0,140.0,42750000.0,32500000.0,42750000.0,2308500000.0,1.0,1.0,,,,,,,,,,,,,,,,,
39232c8d2f1231a8f681e77185a0a39e,1404/09/30,123.0,114.0,142.0,42750000.0,32500000.0,42750000.0,5258250000.0,1.0,1.0,,,,,,,,,,,,,,,,,
39232c8d2f1231a8f681e77185a0a39e,1404/12/29,187.0,0.0,140.0,42750000.0,42750000.0,42750000.0,7994250000.0,176.0,14.0,,,,,,,,,,,,,,,,,
39232c8d2f1231a8f681e77185a0a39e,1405/03/31,87.0,22.0,188.0,42750000.0,42750000.0,42750000.0,3719250000.0,2216054.0,913205.0,,,,,,,,,,,,,,,,,
39c493c82f878ca7ed0a347493f150b6,1398/09/30,1104.0,1286.0,1623.0,2000000.0,2000000.0,2000000.0,2208000000.0,1.0,1.0,,,,,,,,,,,,,,,,,
39c493c82f878ca7ed0a347493f150b6,1399/03/31,318.0,409.0,1500.0,2000000.0,2000000.0,2000000.0,636000000.0,1.0,1.0,,,,,,,,,,,,,,,,,
39c493c82f878ca7ed0a347493f150b6,1399/06/31,1326.0,818.0,1500.0,2000000.0,2000000.0,2000000.0,2652000000.0,1.0,1.0,,,,,,,,,,,,,,,,,
39c493c82f878ca7ed0a347493f150b6,1399/09/30,4047.0,1110.0,1510.0,2000000.0,2000000.0,2000000.0,8094000000.0,1.0,1.0,,,,,,,,,,,,,,,,,
39c493c82f878ca7ed0a347493f150b6,1399/12/30,5762.0,0.0,1547.0,2000000.0,2000000.0,2000000.0,11524000000.0,1.0,1.0,,,,,,,,,,,,,,,,,
39c493c82f878ca7ed0a347493f150b6,1400/03/31,1716.0,318.0,5345.0,2000000.0,2000000.0,2000000.0,3432000000.0,1.0,1.0,,,,,,,,,,,,,,,,,
39c493c82f878ca7ed0a347493f150b6,1400/06/31,4053.0,1337.0,5345.0,2000000.0,2000000.0,2000000.0,8106000000.0,1.0,1.0,,,,,,,,,,,,,,,,,
39c493c82f878ca7ed0a347493f150b6,1400/09/30,6314.0,4160.0,5345.0,2000000.0,2000000.0,2000000.0,12628000000.0,1.0,1.0,,,,,,,,,,,,,,,,,
39c493c82f878ca7ed0a347493f150b6,1400/12/29,8079.0,0.0,5349.0,2000000.0,2000000.0,2000000.0,16158000000.0,1.0,1.0,,,,,,,,,,,,,,,,,
39c493c82f878ca7ed0a347493f150b6,1401/03/31,2191.0,1716.0,7986.0,2000000.0,2000000.0,2000000.0,4382000000.0,1.0,1.0,,,,,,,,,,,,,,,,,
39c493c82f878ca7ed0a347493f150b6,1401/06/31,5078.0,3610.0,7100.0,2000000.0,2000000.0,2000000.0,10156000000.0,1.0,1.0,,,,,,,,,,,,,,,,,
39c493c82f878ca7ed0a347493f150b6,1401/09/30,8322.0,5786.0,7282.0,2000000.0,2000000.0,2000000.0,16644000000.0,1.0,1.0,,,,,,,,,,,,,,,,,
39c493c82f878ca7ed0a347493f150b6,1401/12/29,14530.0,0.0,7074.0,2000000.0,2000000.0,2000000.0,29060000000.0,1.0,1.0,,,,,,,,,,,,,,,,,
39c493c82f878ca7ed0a347493f150b6,1402/03/31,2522.0,2191.0,14407.0,2000000.0,2000000.0,2000000.0,5044000000.0,1.0,1.0,,,,,,,,,,,,,,,,,
39c493c82f878ca7ed0a347493f150b6,1402/06/31,5763.0,5371.0,14407.0,2000000.0,2000000.0,2000000.0,11526000000.0,1.0,1.0,,,,,,,,,,,,,,,,,
39c493c82f878ca7ed0a347493f150b6,1402/09/30,7709.0,8322.0,14407.0,2000000.0,2000000.0,2000000.0,15418000000.0,1.0,1.0,,,,,,,,,,,,,,,,,
39c493c82f878ca7ed0a347493f150b6,1402/12/29,9406.0,0.0,14450.0,2000000.0,2000000.0,2000000.0,18812000000.0,1.0,1.0,,,,,,,,,,,,,,,,,
39c493c82f878ca7ed0a347493f150b6,1403/03/31,2630.0,2522.0,8794.0,2000000.0,2000000.0,2000000.0,5260000000.0,1.0,1.0,,,,,,,,,,,,,,,,,
39c493c82f878ca7ed0a347493f150b6,1403/06/31,5914.0,5706.0,8794.0,2000000.0,2000000.0,2000000.0,11828000000.0,1.0,1.0,,,,,,,,,,,,,,,,,
39c493c82f878ca7ed0a347493f150b6,1403/09/30,9158.0,7709.0,8794.0,2000000.0,2000000.0,2000000.0,18316000000.0,1.0,1.0,,,,,,,,,,,,,,,,,
39c493c82f878ca7ed0a347493f150b6,1403/12/30,14509.0,0.0,8833.0,2000000.0,2000000.0,2000000.0,29018000000.0,1.0,1.0,,,,,,,,,,,,,,,,,
39c493c82f878ca7ed0a347493f150b6,1404/03/31,3980.0,2630.0,14502.0,2000000.0,2000000.0,2000000.0,7960000000.0,1.0,1.0,,,,,,,,,,,,,,,,,
39c493c82f878ca7ed0a347493f150b6,1404/06/31,10683.0,5742.0,14502.0,2000000.0,2000000.0,2000000.0,21366000000.0,1.0,1.0,,,,,,,,,,,,,,,,,
39c493c82f878ca7ed0a347493f150b6,1404/09/30,826.0,806.0,1627.0,2000000.0,2000000.0,2000000.0,34026000000.0,1.0,1.0,,,,,,,,,,,,,,,,,
39c493c82f878ca7ed0a347493f150b6,1404/12/29,10522.0,0.0,14354.0,6000000.0,2000000.0,2000000.0,63132000000.0,-1.0,100.0,,,,,,,,,,,,,,,,,
39c493c82f878ca7ed0a347493f150b6,1405/03/31,3870.0,1327.0,10607.0,6000000.0,6000000.0,6000000.0,23220000000.0,27581944.0,10173795.0,78890307.0,106014566.0,71517840.0,342149624.0,-452218.0,2324060.0,23220388.0,7960476.0,63640532.0,15655921.0,-1812133.0,67107078.0,189938784.0,170306010.0,95584194.0,89936657.0,94354590.0
3d93905f5d86c52a214cb21d71fbe704,1398/09/30,552.0,759.0,1069.0,1400000.0,650000.0,650000.0,772800000.0,1.0,1.0,,,,,,,,,,,,,,,,,
3d93905f5d86c52a214cb21d71fbe704,1398/12/29,716.0,0.0,1069.0,1400000.0,650000.0,650000.0,1002400000.0,1.0,1.0,,,,,,,,,,,,,,,,,
3d93905f5d86c52a214cb21d71fbe704,1399/03/31,170.0,204.0,735.0,1400000.0,1400000.0,1400000.0,238000000.0,1.0,1.0,,,,,,,,,,,,,,,,,
3d93905f5d86c52a214cb21d71fbe704,1399/06/31,1255.0,293.0,735.0,1400000.0,1400000.0,1400000.0,1757000000.0,1.0,1.0,,,,,,,,,,,,,,,,,
3d93905f5d86c52a214cb21d71fbe704,1399/09/30,1996.0,552.0,735.0,1400000.0,1400000.0,1400000.0,2794400000.0,1.0,1.0,,,,,,,,,,,,,,,,,
3d93905f5d86c52a214cb21d71fbe704,1399/12/30,2640.0,0.0,731.0,1400000.0,1400000.0,1400000.0,3696000000.0,1.0,1.0,,,,,,,,,,,,,,,,,
3d93905f5d86c52a214cb21d71fbe704,1400/03/31,720.0,170.0,2631.0,1400000.0,1400000.0,1400000.0,1008000000.0,1.0,1.0,,,,,,,,,,,,,,,,,
3d93905f5d86c52a214cb21d71fbe704,1400/06/31,1645.0,1376.0,2640.0,1400000.0,1400000.0,1400000.0,2303000000.0,1.0,1.0,,,,,,,,,,,,,,,,,
3d93905f5d86c52a214cb21d71fbe704,1400/09/30,2905.0,1996.0,2631.0,1400000.0,1400000.0,1400000.0,4067000000.0,1.0,1.0,,,,,,,,,,,,,,,,,
3d93905f5d86c52a214cb21d71fbe704,1400/12/29,4009.0,0.0,2640.0,1400000.0,1400000.0,1400000.0,5612600000.0,1.0,1.0,,,,,,,,,,,,,,,,,
3d93905f5d86c52a214cb21d71fbe704,1401/03/31,1054.0,715.0,3736.0,1400000.0,1400000.0,1400000.0,1475600000.0,1.0,1.0,,,,,,,,,,,,,,,,,
3d93905f5d86c52a214cb21d71fbe704,1401/06/31,2627.0,1645.0,3941.0,1400000.0,1400000.0,1400000.0,3677800000.0,1.0,1.0,,,,,,,,,,,,,,,,,
3d93905f5d86c52a214cb21d71fbe704,1401/09/30,4134.0,2905.0,3736.0,1400000.0,1400000.0,1400000.0,5787600000.0,1.0,1.0,,,,,,,,,,,,,,,,,
3d93905f5d86c52a214cb21d71fbe704,1401/12/29,7426.0,0.0,3941.0,1400000.0,1400000.0,1400000.0,10396400000.0,1.0,1.0,,,,,,,,,,,,,,,,,
3d93905f5d86c52a214cb21d71fbe704,1402/03/31,1182.0,1054.0,7195.0,1400000.0,1400000.0,1400000.0,1654800000.0,1.0,1.0,,,,,,,,,,,,,,,,,
3d93905f5d86c52a214cb21d71fbe704,1402/06/31,3324.0,2627.0,7426.0,1400000.0,1400000.0,1400000.0,4653600000.0,1.0,1.0,,,,,,,,,,,,,,,,,
3d93905f5d86c52a214cb21d71fbe704,1402/09/30,5860.0,4134.0,7195.0,1400000.0,1400000.0,1400000.0,8204000000.0,1.0,1.0,,,,,,,,,,,,,,,,,
3d93905f5d86c52a214cb21d71fbe704,1402/12/29,7994.0,0.0,7426.0,1400000.0,1400000.0,1400000.0,11191600000.0,1.0,1.0,,,,,,,,,,,,,,,,,
3d93905f5d86c52a214cb21d71fbe704,1403/03/31,1235.0,1182.0,6687.0,1400000.0,1400000.0,1400000.0,1729000000.0,1.0,1.0,,,,,,,,,,,,,,,,,
3d93905f5d86c52a214cb21d71fbe704,1403/06/31,3138.0,3325.0,7998.0,1400000.0,1400000.0,1400000.0,4393200000.0,1.0,1.0,,,,,,,,,,,,,,,,,
3d93905f5d86c52a214cb21d71fbe704,1403/09/30,5026.0,5860.0,6687.0,1400000.0,1400000.0,1400000.0,7036400000.0,1.0,1.0,,,,,,,,,,,,,,,,,
3d93905f5d86c52a214cb21d71fbe704,1403/12/30,10248.0,0.0,7998.0,1400000.0,1400000.0,1400000.0,14347200000.0,1.0,1.0,,,,,,,,,,,,,,,,,
3d93905f5d86c52a214cb21d71fbe704,1404/03/31,2455.0,1235.0,9391.0,1400000.0,1400000.0,1400000.0,3437000000.0,1.0,1.0,,,,,,,,,,,,,,,,,
3d93905f5d86c52a214cb21d71fbe704,1404/06/31,8564.0,3361.0,10229.0,1400000.0,1400000.0,1400000.0,11989600000.0,1.0,1.0,,,,,,,,,,,,,,,,,
3d93905f5d86c52a214cb21d71fbe704,1404/09/30,289.0,519.0,1069.0,1400000.0,650000.0,650000.0,13280400000.0,1.0,1.0,,,,,,,,,,,,,,,,,
3d93905f5d86c52a214cb21d71fbe704,1404/12/29,16048.0,0.0,9391.0,1400000.0,1400000.0,1400000.0,22467200000.0,-1.0,100.0,,,,,,,,,,,,,,,,,
3d93905f5d86c52a214cb21d71fbe704,1405/03/31,2027.0,2455.0,16090.0,1400000.0,1400000.0,1400000.0,2837800000.0,3345423.0,3578314.0,,,,,-109640.0,176797.0,,,,,,,,,,,
3dc6ca7296ff7c957aa13a1bf9e28347,1399/03/31,1227.0,451.0,2885.0,327500.0,327500.0,327500.0,401842500.0,1.0,1.0,,,,,,,,,,,,,,,,,
3dc6ca7296ff7c957aa13a1bf9e28347,1399/06/31,2841.0,1214.0,2885.0,327500.0,327500.0,327500.0,930427500.0,1.0,1.0,,,,,,,,,,,,,,,,,
3dc6ca7296ff7c957aa13a1bf9e28347,1399/09/30,3255.0,1773.0,2885.0,327500.0,327500.0,327500.0,1066012500.0,1.0,1.0,,,,,,,,,,,,,,,,,
3dc6ca7296ff7c957aa13a1bf9e28347,1399/12/30,4114.0,0.0,2885.0,327500.0,327500.0,327500.0,1347335000.0,1.0,1.0,,,,,,,,,,,,,,,,,
3dc6ca7296ff7c957aa13a1bf9e28347,1400/03/31,624.0,1227.0,4113.0,327500.0,327500.0,327500.0,204360000.0,1.0,1.0,,,,,,,,,,,,,,,,,
3dc6ca7296ff7c957aa13a1bf9e28347,1400/06/31,1718.0,2875.0,4113.0,327500.0,327500.0,327500.0,562645000.0,1.0,1.0,,,,,,,,,,,,,,,,,
3dc6ca7296ff7c957aa13a1bf9e28347,1400/09/30,3203.0,3255.0,4113.0,327500.0,327500.0,327500.0,1048982500.0,1.0,1.0,,,,,,,,,,,,,,,,,
3dc6ca7296ff7c957aa13a1bf9e28347,1400/12/29,5459.0,0.0,4113.0,327500.0,327500.0,327500.0,1787822500.0,1.0,1.0,,,,,,,,,,,,,,,,,
3dc6ca7296ff7c957aa13a1bf9e28347,1401/03/31,1936.0,624.0,5457.0,327500.0,327500.0,327500.0,634040000.0,1.0,1.0,,,,,,,,,,,,,,,,,
3dc6ca7296ff7c957aa13a1bf9e28347,1401/06/31,4312.0,1672.0,5457.0,327500.0,327500.0,327500.0,1412180000.0,1.0,1.0,,,,,,,,,,,,,,,,,
3dc6ca7296ff7c957aa13a1bf9e28347,1401/09/30,7032.0,3203.0,5457.0,327500.0,327500.0,327500.0,2302980000.0,1.0,1.0,,,,,,,,,,,,,,,,,
3dc6ca7296ff7c957aa13a1bf9e28347,1401/12/29,11025.0,0.0,5457.0,655000.0,327500.0,327500.0,3567130000.0,1.0,1.0,,,,,,,,,,,,,,,,,
3dc6ca7296ff7c957aa13a1bf9e28347,1402/03/31,1378.0,968.0,11025.0,655000.0,655000.0,655000.0,902590000.0,1.0,1.0,,,,,,,,,,,,,,,,,
3dc6ca7296ff7c957aa13a1bf9e28347,1402/06/31,3097.0,4017.0,11025.0,655000.0,327500.0,655000.0,2028535000.0,1.0,1.0,,,,,,,,,,,,,,,,,
3dc6ca7296ff7c957aa13a1bf9e28347,1402/09/30,4796.0,7032.0,11025.0,655000.0,327500.0,655000.0,3141380000.0,1.0,1.0,,,,,,,,,,,,,,,,,
3dc6ca7296ff7c957aa13a1bf9e28347,1402/12/29,5898.0,0.0,11025.0,655000.0,655000.0,655000.0,3863190000.0,1.0,1.0,,,,,,,,,,,,,,,,,
3dc6ca7296ff7c957aa13a1bf9e28347,1403/03/31,1451.0,1378.0,5898.0,655000.0,655000.0,655000.0,950405000.0,1.0,1.0,,,,,,,,,,,,,,,,,
3dc6ca7296ff7c957aa13a1bf9e28347,1403/06/31,3761.0,3153.0,5898.0,655000.0,655000.0,655000.0,2463455000.0,1.0,1.0,,,,,,,,,,,,,,,,,
3dc6ca7296ff7c957aa13a1bf9e28347,1403/09/30,6317.0,4796.0,5898.0,655000.0,655000.0,655000.0,4137635000.0,1.0,1.0,,,,,,,,,,,,,,,,,
3dc6ca7296ff7c957aa13a1bf9e28347,1403/12/30,9815.0,0.0,5898.0,655000.0,655000.0,655000.0,6428825000.0,1.0,1.0,,,,,,,,,,,,,,,,,
3dc6ca7296ff7c957aa13a1bf9e28347,1404/03/31,3046.0,1451.0,9815.0,655000.0,655000.0,655000.0,1995130000.0,1.0,1.0,,,,,,,,,,,,,,,,,
3dc6ca7296ff7c957aa13a1bf9e28347,1404/06/31,622.0,332.0,9815.0,7364331.0,655000.0,655000.0,4580613882.0,1.0,1.0,,,,,,,,,,,,,,,,,
3dc6ca7296ff7c957aa13a1bf9e28347,1404/09/30,2842.0,0.0,17495.0,327500.0,327500.0,327500.0,7747276212.0,1.0,1.0,,,,,,,,,,,,,,,,,
3dc6ca7296ff7c957aa13a1bf9e28347,1404/12/29,1461.0,0.0,9616.0,7364331.0,655000.0,655000.0,10759287591.0,-1.0,100.0,,,,,,,,,,,,,,,,,
3dc6ca7296ff7c957aa13a1bf9e28347,1405/03/31,314.0,271.0,1461.0,7364331.0,7364331.0,7364331.0,2312399934.0,3149877.0,2284871.0,12353160.0,6204119.0,3416193.0,17462404.0,-385734.0,23713.0,2313373.0,1995172.0,10757869.0,1182436.0,2066339.0,9158946.0,34015935.0,20589233.0,12118195.0,11533365.0,21897740.0
3dee3148d7752fbf747804eae2347c51,1399/12/30,1108.0,0.0,577.0,15000000.0,10000000.0,15000000.0,16620000000.0,1.0,1.0,,,,,,,,,,,,,,,,,
3dee3148d7752fbf747804eae2347c51,1400/03/31,192.0,137.0,1108.0,15000000.0,15000000.0,15000000.0,2880000000.0,1.0,1.0,,,,,,,,,,,,,,,,,
3dee3148d7752fbf747804eae2347c51,1400/06/31,270.0,240.0,665.0,25000000.0,25000000.0,25000000.0,6750000000.0,1.0,1.0,,,,,,,,,,,,,,,,,
3dee3148d7752fbf747804eae2347c51,1400/09/30,421.0,377.0,665.0,25000000.0,25000000.0,25000000.0,10525000000.0,1.0,1.0,,,,,,,,,,,,,,,,,
3dee3148d7752fbf747804eae2347c51,1400/12/29,750.0,0.0,665.0,25000000.0,15000000.0,25000000.0,18750000000.0,1.0,1.0,,,,,,,,,,,,,,,,,
3dee3148d7752fbf747804eae2347c51,1401/03/31,190.0,115.0,823.0,25000000.0,25000000.0,25000000.0,4750000000.0,1.0,1.0,,,,,,,,,,,,,,,,,
3dee3148d7752fbf747804eae2347c51,1401/06/31,264.0,194.0,588.0,35000000.0,35000000.0,35000000.0,9240000000.0,1.0,1.0,,,,,,,,,,,,,,,,,
3dee3148d7752fbf747804eae2347c51,1401/09/30,418.0,301.0,588.0,35000000.0,35000000.0,35000000.0,14630000000.0,1.0,1.0,,,,,,,,,,,,,,,,,
3dee3148d7752fbf747804eae2347c51,1401/12/29,855.0,0.0,588.0,35000000.0,25000000.0,35000000.0,29925000000.0,1.0,1.0,,,,,,,,,,,,,,,,,
3dee3148d7752fbf747804eae2347c51,1402/03/31,229.0,135.0,854.0,35000000.0,35000000.0,35000000.0,8015000000.0,1.0,1.0,,,,,,,,,,,,,,,,,
3dee3148d7752fbf747804eae2347c51,1402/06/31,340.0,192.0,598.0,50000000.0,50000000.0,50000000.0,17000000000.0,1.0,1.0,,,,,,,,,,,,,,,,,
3dee3148d7752fbf747804eae2347c51,1402/09/30,533.0,292.0,598.0,50000000.0,50000000.0,50000000.0,26650000000.0,1.0,1.0,,,,,,,,,,,,,,,,,
3dee3148d7752fbf747804eae2347c51,1402/12/29,1069.0,0.0,598.0,50000000.0,35000000.0,50000000.0,53450000000.0,1.0,1.0,,,,,,,,,,,,,,,,,
3dee3148d7752fbf747804eae2347c51,1403/03/31,192.0,160.0,1034.0,50000000.0,50000000.0,50000000.0,9600000000.0,1.0,1.0,,,,,,,,,,,,,,,,,
3dee3148d7752fbf747804eae2347c51,1403/06/31,386.0,227.0,689.0,75000000.0,75000000.0,75000000.0,28950000000.0,1.0,1.0,,,,,,,,,,,,,,,,,
3dee3148d7752fbf747804eae2347c51,1403/09/30,550.0,355.0,689.0,75000000.0,75000000.0,75000000.0,41250000000.0,1.0,1.0,,,,,,,,,,,,,,,,,
3dee3148d7752fbf747804eae2347c51,1403/12/30,1026.0,689.0,0.0,75000000.0,75000000.0,50000000.0,76950000000.0,1.0,1.0,,,,,,,,,,,,,,,,,
3dee3148d7752fbf747804eae2347c51,1404/03/31,199.0,128.0,0.0,75000000.0,75000000.0,75000000.0,14925000000.0,1.0,1.0,,,,,,,,,,,,,,,,,
3dee3148d7752fbf747804eae2347c51,1404/06/31,290.0,241.0,0.0,120000000.0,120000000.0,75000000.0,34800000000.0,1.0,1.0,,,,,,,,,,,,,,,,,
3dee3148d7752fbf747804eae2347c51,1404/09/30,456.0,344.0,0.0,120000000.0,120000000.0,75000000.0,54720000000.0,1.0,1.0,,,,,,,,,,,,,,,,,
3dee3148d7752fbf747804eae2347c51,1404/12/29,1202.0,641.0,,120000000.0,120000000.0,,144240000000.0,164026438.0,81745993.0,,,,,,,,,,,,,,,,,
3eed9ad615c315d96a80b4ed8599772d,1398/09/30,2425.0,1786.0,2603.0,1000000.0,1000000.0,1000000.0,2425000000.0,1.0,1.0,,,,,,,,,,,,,,,,,
3eed9ad615c315d96a80b4ed8599772d,1398/12/29,4498.0,0.0,2640.0,1000000.0,1000000.0,1000000.0,4498000000.0,1.0,1.0,,,,,,,,,,,,,,,,,
3eed9ad615c315d96a80b4ed8599772d,1399/03/31,1890.0,778.0,4370.0,1000000.0,1000000.0,1000000.0,1890000000.0,1.0,1.0,,,,,,,,,,,,,,,,,
3eed9ad615c315d96a80b4ed8599772d,1399/06/31,2824.0,1543.0,4241.0,1000000.0,1000000.0,1000000.0,2824000000.0,1.0,1.0,,,,,,,,,,,,,,,,,
3eed9ad615c315d96a80b4ed8599772d,1399/09/30,1930.0,763.0,1414.0,3000000.0,3000000.0,3000000.0,5790000000.0,1.0,1.0,,,,,,,,,,,,,,,,,
3eed9ad615c315d96a80b4ed8599772d,1399/12/30,2536.0,0.0,1465.0,3000000.0,1000000.0,3000000.0,7608000000.0,1.0,1.0,,,,,,,,,,,,,,,,,
3eed9ad615c315d96a80b4ed8599772d,1400/03/31,503.0,630.0,2518.0,3000000.0,3000000.0,3000000.0,1509000000.0,1.0,1.0,,,,,,,,,,,,,,,,,
3eed9ad615c315d96a80b4ed8599772d,1400/06/31,1221.0,1234.0,2503.0,3000000.0,3000000.0,3000000.0,3663000000.0,1.0,1.0,,,,,,,,,,,,,,,,,
3eed9ad615c315d96a80b4ed8599772d,1400/09/30,2172.0,1930.0,2503.0,3000000.0,3000000.0,3000000.0,6516000000.0,1.0,1.0,,,,,,,,,,,,,,,,,
3eed9ad615c315d96a80b4ed8599772d,1400/12/29,3272.0,0.0,2517.0,3000000.0,3000000.0,3000000.0,9816000000.0,1.0,1.0,,,,,,,,,,,,,,,,,
3eed9ad615c315d96a80b4ed8599772d,1401/03/31,946.0,503.0,4053.0,3000000.0,3000000.0,3000000.0,2838000000.0,1.0,1.0,,,,,,,,,,,,,,,,,
3eed9ad615c315d96a80b4ed8599772d,1401/06/31,553.0,342.0,937.0,12500000.0,12500000.0,12500000.0,6912500000.0,1.0,1.0,,,,,,,,,,,,,,,,,
3eed9ad615c315d96a80b4ed8599772d,1401/09/30,806.0,579.0,937.0,12500000.0,3000000.0,3000000.0,10075000000.0,1.0,1.0,,,,,,,,,,,,,,,,,
3eed9ad615c315d96a80b4ed8599772d,1401/12/29,1520.0,0.0,950.0,12500000.0,3000000.0,3000000.0,19000000000.0,1.0,1.0,,,,,,,,,,,,,,,,,
3eed9ad615c315d96a80b4ed8599772d,1402/03/31,340.0,226.0,1254.0,12500000.0,12500000.0,12500000.0,4250000000.0,1.0,1.0,,,,,,,,,,,,,,,,,
3eed9ad615c315d96a80b4ed8599772d,1402/06/31,892.0,520.0,1254.0,12500000.0,12500000.0,12500000.0,11150000000.0,1.0,1.0,,,,,,,,,,,,,,,,,
3eed9ad615c315d96a80b4ed8599772d,1402/09/30,1161.0,806.0,1254.0,20000000.0,12500000.0,12500000.0,23220000000.0,1.0,1.0,,,,,,,,,,,,,,,,,
3eed9ad615c315d96a80b4ed8599772d,1402/12/29,1299.0,0.0,754.0,20000000.0,12500000.0,12500000.0,25980000000.0,1.0,1.0,,,,,,,,,,,,,,,,,
3eed9ad615c315d96a80b4ed8599772d,1403/03/31,455.0,340.0,1477.0,20000000.0,20000000.0,20000000.0,9100000000.0,1.0,1.0,,,,,,,,,,,,,,,,,
3eed9ad615c315d96a80b4ed8599772d,1403/06/31,1050.0,520.0,1477.0,20000000.0,20000000.0,20000000.0,21000000000.0,1.0,1.0,,,,,,,,,,,,,,,,,
3eed9ad615c315d96a80b4ed8599772d,1403/09/30,1088.0,572.0,979.0,30000000.0,30000000.0,30000000.0,32640000000.0,1.0,1.0,,,,,,,,,,,,,,,,,
3eed9ad615c315d96a80b4ed8599772d,1403/12/30,1576.0,0.0,834.0,30000000.0,20000000.0,30000000.0,47280000000.0,1.0,1.0,,,,,,,,,,,,,,,,,
3eed9ad615c315d96a80b4ed8599772d,1404/03/31,401.0,303.0,1559.0,30000000.0,30000000.0,30000000.0,12030000000.0,1.0,1.0,,,,,,,,,,,,,,,,,
3eed9ad615c315d96a80b4ed8599772d,1404/06/31,954.0,684.0,1559.0,30000000.0,30000000.0,30000000.0,28620000000.0,1.0,1.0,,,,,,,,,,,,,,,,,
3eed9ad615c315d96a80b4ed8599772d,1404/09/30,2034.0,1236.0,1844.0,30000000.0,30000000.0,30000000.0,61020000000.0,1603.0,461.0,,,,,,,,,,,,,,,,,
3eed9ad615c315d96a80b4ed8599772d,1404/12/29,3889.0,1407.0,,30000000.0,30000000.0,,116670000000.0,141537120.0,52177051.0,,,,,,,,,,,,,,,,,
3eed9ad615c315d96a80b4ed8599772d,1405/03/31,1339.0,475.0,4331.0,30000000.0,30000000.0,30000000.0,40170000000.0,46900832.0,14543210.0,111798752.0,872495896.0,397327861.0,2117689291.0,-52652.0,4522238.0,40175980.0,14259091.0,129922298.0,37713299.0,21177089.0,162005740.0,927626685.0,683013719.0,707749677.0,698248417.0,219877008.0
3f3bb26af4a9adedd8678ad845720830,1398/03/31,0.0,0.0,0.0,3241681.0,73.0,0.0,0.0,1.0,1.0,,,,,,,,,,,,,,,,,
3f3bb26af4a9adedd8678ad845720830,1398/09/30,327.0,210.0,2764.0,680400.0,680400.0,680400.0,222490800.0,1.0,1.0,,,,,,,,,,,,,,,,,
3f3bb26af4a9adedd8678ad845720830,1398/12/29,1782.0,1459.0,2764.0,680400.0,680400.0,680400.0,1212472800.0,1.0,1.0,,,,,,,,,,,,,,,,,
3f3bb26af4a9adedd8678ad845720830,1399/03/31,2963.0,2126.0,2764.0,680400.0,680400.0,680400.0,2016025200.0,1.0,1.0,,,,,,,,,,,,,,,,,
3f3bb26af4a9adedd8678ad845720830,1399/06/31,4194.0,0.0,2889.0,680400.0,680400.0,680400.0,2853597600.0,1.0,1.0,,,,,,,,,,,,,,,,,
3f3bb26af4a9adedd8678ad845720830,1399/09/30,1439.0,327.0,4149.0,680400.0,680400.0,680400.0,979095600.0,1.0,1.0,,,,,,,,,,,,,,,,,
3f3bb26af4a9adedd8678ad845720830,1399/12/30,4669.0,1747.0,4194.0,680400.0,680400.0,680400.0,3176787600.0,1.0,1.0,,,,,,,,,,,,,,,,,
3f3bb26af4a9adedd8678ad845720830,1400/03/31,6439.0,2963.0,4149.0,680400.0,680400.0,680400.0,4381095600.0,1.0,1.0,,,,,,,,,,,,,,,,,
3f3bb26af4a9adedd8678ad845720830,1400/06/31,8762.0,0.0,4194.0,680400.0,680400.0,680400.0,5961664800.0,1.0,1.0,,,,,,,,,,,,,,,,,
3f3bb26af4a9adedd8678ad845720830,1400/09/30,1725.0,1439.0,8258.0,680400.0,680400.0,680400.0,1173690000.0,1.0,1.0,,,,,,,,,,,,,,,,,
3f3bb26af4a9adedd8678ad845720830,1400/12/29,187.0,4667.0,8519.0,14288400.0,680400.0,680400.0,2671930800.0,1.0,1.0,,,,,,,,,,,,,,,,,
3f3bb26af4a9adedd8678ad845720830,1401/03/31,309.0,307.0,393.0,14288400.0,14288400.0,14288400.0,4415115600.0,1.0,1.0,,,,,,,,,,,,,,,,,
3f3bb26af4a9adedd8678ad845720830,1401/06/31,305.0,0.0,406.0,14288400.0,680400.0,14288400.0,4357962000.0,1.0,1.0,,,,,,,,,,,,,,,,,
3f3bb26af4a9adedd8678ad845720830,1401/09/30,106.0,82.0,307.0,14288400.0,14288400.0,14288400.0,1514570400.0,1.0,1.0,,,,,,,,,,,,,,,,,
3f3bb26af4a9adedd8678ad845720830,1401/12/29,294.0,186.0,296.0,14288400.0,14288400.0,14288400.0,4200789600.0,1.0,1.0,,,,,,,,,,,,,,,,,
3f3bb26af4a9adedd8678ad845720830,1402/03/31,364.0,309.0,307.0,14288400.0,14288400.0,14288400.0,5200977600.0,1.0,1.0,,,,,,,,,,,,,,,,,
3f3bb26af4a9adedd8678ad845720830,1402/06/31,459.0,0.0,296.0,14288400.0,14288400.0,14288400.0,6558375600.0,1.0,1.0,,,,,,,,,,,,,,,,,
3f3bb26af4a9adedd8678ad845720830,1402/09/30,113.0,106.0,463.0,14288400.0,14288400.0,14288400.0,1614589200.0,1.0,1.0,,,,,,,,,,,,,,,,,
3f3bb26af4a9adedd8678ad845720830,1402/12/29,262.0,308.0,459.0,20146644.0,14288400.0,14288400.0,5278420728.0,1.0,1.0,,,,,,,,,,,,,,,,,
3f3bb26af4a9adedd8678ad845720830,1403/03/31,252.0,258.0,463.0,20146644.0,20146644.0,14288400.0,5076954288.0,1.0,1.0,,,,,,,,,,,,,,,,,
3f3bb26af4a9adedd8678ad845720830,1403/06/31,366.0,0.0,459.0,20146644.0,14288400.0,14288400.0,7373671704.0,1.0,1.0,,,,,,,,,,,,,,,,,
3f3bb26af4a9adedd8678ad845720830,1403/09/30,59.0,80.0,358.0,20146644.0,20146644.0,20146644.0,1188651996.0,1.0,1.0,,,,,,,,,,,,,,,,,
3f3bb26af4a9adedd8678ad845720830,1403/12/30,178.0,192.0,358.0,26000000.0,26000000.0,20146644.0,4628000000.0,1.0,1.0,,,,,,,,,,,,,,,,,
3f3bb26af4a9adedd8678ad845720830,1404/03/31,260.0,252.0,358.0,26000000.0,20146644.0,20146644.0,6760000000.0,1.0,1.0,,,,,,,,,,,,,,,,,
3f3bb26af4a9adedd8678ad845720830,1404/06/31,304.0,366.0,,26000000.0,20146644.0,,7904000000.0,12967563.0,12463986.0,,,,,,,,,,,,,,,,,
3f3bb26af4a9adedd8678ad845720830,1404/09/30,128.0,46.0,308.0,26000000.0,26000000.0,26000000.0,3328000000.0,1.0,1.0,,,,,,,,,,,,,,,,,
3f3bb26af4a9adedd8678ad845720830,1404/12/29,311.0,172.0,304.0,26000000.0,26000000.0,26000000.0,8086000000.0,11423488.0,6343975.0,,,,,,,,,,,,,,,,,
4178bc367d0410e207d6a86524bf3878,1398/06/31,1058.0,803.0,1673.0,14252000.0,14252000.0,14252000.0,15078616000.0,1.0,1.0,,,,,,,,,,,,,,,,,
4178bc367d0410e207d6a86524bf3878,1398/09/30,1510.0,1224.0,1673.0,14252000.0,14252000.0,14252000.0,21520520000.0,1.0,1.0,,,,,,,,,,,,,,,,,
4178bc367d0410e207d6a86524bf3878,1398/12/29,2038.0,0.0,0.0,14252000.0,14252000.0,0.0,29045576000.0,1.0,1.0,,,,,,,,,,,,,,,,,
4178bc367d0410e207d6a86524bf3878,1399/03/31,697.0,517.0,2046.0,14252000.0,14252000.0,14252000.0,9933644000.0,1.0,1.0,,,,,,,,,,,,,,,,,
4178bc367d0410e207d6a86524bf3878,1399/06/31,1238.0,1086.0,2046.0,14252000.0,14252000.0,14252000.0,17643976000.0,1.0,1.0,,,,,,,,,,,,,,,,,
4178bc367d0410e207d6a86524bf3878,1399/09/30,1202.0,1612.0,2046.0,20237840.0,14252000.0,14252000.0,24325883680.0,1.0,1.0,,,,,,,,,,,,,,,,,
4178bc367d0410e207d6a86524bf3878,1399/12/30,1965.0,0.0,2038.0,20237840.0,14252000.0,14252000.0,39767355600.0,1.0,1.0,,,,,,,,,,,,,,,,,
4178bc367d0410e207d6a86524bf3878,1400/03/31,445.0,697.0,1977.0,20237840.0,14252000.0,20237840.0,9005838800.0,1.0,1.0,,,,,,,,,,,,,,,,,
4178bc367d0410e207d6a86524bf3878,1400/06/31,827.0,872.0,1977.0,20237840.0,20237840.0,20237840.0,16736693680.0,1.0,1.0,,,,,,,,,,,,,,,,,
4178bc367d0410e207d6a86524bf3878,1400/09/30,1085.0,1202.0,1977.0,20237840.0,20237840.0,20237840.0,21958056400.0,1.0,1.0,,,,,,,,,,,,,,,,,
4178bc367d0410e207d6a86524bf3878,1400/12/29,6303.0,0.0,1974.0,20092342.0,20237840.0,20144102.0,126642031626.0,1.0,1.0,,,,,,,,,,,,,,,,,
4178bc367d0410e207d6a86524bf3878,1401/03/31,1287.0,1806.0,6795.0,20085845.0,20119542.0,20092342.0,25850482515.0,1.0,1.0,,,,,,,,,,,,,,,,,
4178bc367d0410e207d6a86524bf3878,1401/06/31,2503.0,3810.0,6795.0,20122389.0,20122389.0,20092342.0,50366339667.0,1.0,1.0,,,,,,,,,,,,,,,,,
4178bc367d0410e207d6a86524bf3878,1401/09/30,3805.0,5681.0,6778.0,20122289.0,20237840.0,20144102.0,76565309645.0,1.0,1.0,,,,,,,,,,,,,,,,,
4178bc367d0410e207d6a86524bf3878,1401/12/29,4291.0,0.0,6783.0,20016777.0,20237840.0,20092342.0,85891990107.0,1.0,1.0,,,,,,,,,,,,,,,,,
4178bc367d0410e207d6a86524bf3878,1402/03/31,1038.0,1287.0,4305.0,20092342.0,20085845.0,20016777.0,20855850996.0,1.0,1.0,,,,,,,,,,,,,,,,,
4178bc367d0410e207d6a86524bf3878,1402/06/31,1644.0,2540.0,4305.0,20006473.0,20021026.0,20016777.0,32890641612.0,1.0,1.0,,,,,,,,,,,,,,,,,
4178bc367d0410e207d6a86524bf3878,1402/09/30,1393.0,3804.0,4305.0,20006473.0,20123289.0,20016777.0,27869016889.0,1.0,1.0,,,,,,,,,,,,,,,,,
4178bc367d0410e207d6a86524bf3878,1402/12/29,2039.0,0.0,1561.0,56421514.0,20237840.0,55034590.0,115043467046.0,1.0,1.0,,,,,,,,,,,,,,,,,
4178bc367d0410e207d6a86524bf3878,1403/03/31,462.0,606.0,2046.0,59964493.0,55224023.0,56421514.0,27703595766.0,1.0,1.0,,,,,,,,,,,,,,,,,
4178bc367d0410e207d6a86524bf3878,1403/06/31,1189.0,1042.0,2046.0,59980137.0,19275578.0,56421514.0,71316382893.0,1.0,1.0,,,,,,,,,,,,,,,,,
4178bc367d0410e207d6a86524bf3878,1403/09/30,1683.0,1393.0,2046.0,59800000.0,20006473.0,56425000.0,100643400000.0,1.0,1.0,,,,,,,,,,,,,,,,,
4178bc367d0410e207d6a86524bf3878,1403/12/30,1904.0,0.0,2039.0,59780000.0,60713520.0,56420000.0,113821120000.0,1.0,1.0,,,,,,,,,,,,,,,,,
4178bc367d0410e207d6a86524bf3878,1404/03/31,416.0,462.0,2172.0,59700000.0,60013520.0,59870000.0,24835200000.0,1.0,1.0,,,,,,,,,,,,,,,,,
4178bc367d0410e207d6a86524bf3878,1404/06/31,759.0,1085.0,2142.0,60713520.0,60713520.0,60713520.0,46081561680.0,1.0,1.0,,,,,,,,,,,,,,,,,
4178bc367d0410e207d6a86524bf3878,1404/09/30,1447.0,1658.0,2142.0,60713520.0,60713520.0,60713520.0,87852463440.0,1.0,1.0,,,,,,,,,,,,,,,,,
4178bc367d0410e207d6a86524bf3878,1404/12/29,2166.0,2137.0,,60713520.0,60713520.0,,131505484320.0,171233551.0,179369164.0,,,,,,,,,,,,,,,,,
42c343943444522671018f6ce8d2c2a1,1398/06/31,845.0,606.0,1251.0,6500000.0,6500000.0,6500000.0,5492500000.0,1.0,1.0,,,,,,,,,,,,,,,,,
42c343943444522671018f6ce8d2c2a1,1398/09/30,1045.0,876.0,1245.0,6500000.0,6500000.0,6500000.0,6792500000.0,1.0,1.0,,,,,,,,,,,,,,,,,
42c343943444522671018f6ce8d2c2a1,1398/12/29,2144.0,0.0,1239.0,6500000.0,6500000.0,6500000.0,13936000000.0,1.0,1.0,,,,,,,,,,,,,,,,,
42c343943444522671018f6ce8d2c2a1,1399/03/31,535.0,511.0,2149.0,6500000.0,6500000.0,6500000.0,3477500000.0,1.0,1.0,,,,,,,,,,,,,,,,,
42c343943444522671018f6ce8d2c2a1,1399/06/31,1134.0,841.0,2149.0,6500000.0,6500000.0,6500000.0,7371000000.0,1.0,1.0,,,,,,,,,,,,,,,,,
42c343943444522671018f6ce8d2c2a1,1399/09/30,1519.0,1045.0,2149.0,6500000.0,6500000.0,6500000.0,9873500000.0,1.0,1.0,,,,,,,,,,,,,,,,,
42c343943444522671018f6ce8d2c2a1,1399/12/30,2119.0,0.0,2149.0,6500000.0,6500000.0,6500000.0,13773500000.0,1.0,1.0,,,,,,,,,,,,,,,,,
42c343943444522671018f6ce8d2c2a1,1400/03/31,418.0,535.0,1998.0,6500000.0,6500000.0,6500000.0,2717000000.0,1.0,1.0,,,,,,,,,,,,,,,,,
42c343943444522671018f6ce8d2c2a1,1400/06/31,1030.0,1122.0,1872.0,6500000.0,6500000.0,6500000.0,6695000000.0,1.0,1.0,,,,,,,,,,,,,,,,,
42c343943444522671018f6ce8d2c2a1,1400/09/30,978.0,1519.0,1872.0,6500000.0,6500000.0,6500000.0,6357000000.0,1.0,1.0,,,,,,,,,,,,,,,,,
42c343943444522671018f6ce8d2c2a1,1400/12/29,4222.0,0.0,1872.0,19500000.0,6500000.0,6500000.0,82329000000.0,1.0,1.0,,,,,,,,,,,,,,,,,
42c343943444522671018f6ce8d2c2a1,1401/03/31,727.0,1314.0,4222.0,19500000.0,19500000.0,19500000.0,14176500000.0,1.0,1.0,,,,,,,,,,,,,,,,,
42c343943444522671018f6ce8d2c2a1,1401/06/31,1631.0,2458.0,4537.0,19500000.0,19500000.0,19500000.0,31804500000.0,1.0,1.0,,,,,,,,,,,,,,,,,
42c343943444522671018f6ce8d2c2a1,1401/09/30,2165.0,3691.0,4537.0,19232270.0,18395000.0,18151012.0,41637864550.0,1.0,1.0,,,,,,,,,,,,,,,,,
42c343943444522671018f6ce8d2c2a1,1401/12/29,2789.0,0.0,4537.0,19500000.0,6500000.0,19500000.0,54385500000.0,1.0,1.0,,,,,,,,,,,,,,,,,
42c343943444522671018f6ce8d2c2a1,1402/03/31,551.0,726.0,2802.0,19500000.0,19500000.0,19500000.0,10744500000.0,1.0,1.0,,,,,,,,,,,,,,,,,
42c343943444522671018f6ce8d2c2a1,1402/06/31,1107.0,1596.0,2802.0,19500000.0,19500000.0,19500000.0,21586500000.0,1.0,1.0,,,,,,,,,,,,,,,,,
42c343943444522671018f6ce8d2c2a1,1402/09/30,543.0,2165.0,2802.0,19500000.0,19500000.0,19500000.0,10588500000.0,1.0,1.0,,,,,,,,,,,,,,,,,
42c343943444522671018f6ce8d2c2a1,1402/12/29,4280.0,0.0,2802.0,19500000.0,19500000.0,19500000.0,83460000000.0,1.0,1.0,,,,,,,,,,,,,,,,,
42c343943444522671018f6ce8d2c2a1,1403/03/31,894.0,1084.0,4086.0,19500000.0,19500000.0,19500000.0,17433000000.0,1.0,1.0,,,,,,,,,,,,,,,,,
42c343943444522671018f6ce8d2c2a1,1403/06/31,2998.0,257.0,4086.0,19500000.0,19500000.0,19500000.0,58461000000.0,1.0,1.0,,,,,,,,,,,,,,,,,
42c343943444522671018f6ce8d2c2a1,1403/09/30,2953.0,543.0,4086.0,39000000.0,19500000.0,19500000.0,115167000000.0,1.0,1.0,,,,,,,,,,,,,,,,,
42c343943444522671018f6ce8d2c2a1,1403/12/30,3322.0,0.0,4086.0,39000000.0,19500000.0,19500000.0,129558000000.0,1.0,1.0,,,,,,,,,,,,,,,,,
42c343943444522671018f6ce8d2c2a1,1404/03/31,316.0,887.0,3622.0,39000000.0,19500000.0,39000000.0,12324000000.0,1.0,1.0,,,,,,,,,,,,,,,,,
42c343943444522671018f6ce8d2c2a1,1404/06/31,331.0,2538.0,3622.0,39000000.0,39000000.0,39000000.0,12909000000.0,1.0,1.0,,,,,,,,,,,,,,,,,
42c343943444522671018f6ce8d2c2a1,1404/09/30,1093.0,2753.0,3716.0,39000000.0,39000000.0,39000000.0,42627000000.0,1.0,1.0,,,,,,,,,,,,,,,,,
42c343943444522671018f6ce8d2c2a1,1404/12/29,2580.0,0.0,2777.0,39000000.0,39000000.0,39000000.0,100620000000.0,-1.0,100.0,,339611947.0,236091106.0,,-291123.0,16566093.0,100605498.0,108301043.0,,200387290.0,34010414.0,,442277422.0,420194362.0,307757170.0,300092802.0,134520252.0
4548be3fe5c878a9dbda1bd95501aa64,1398/12/29,850.0,0.0,539.0,5210810.0,2605405.0,2605405.0,4429188500.0,1.0,1.0,,,,,,,,,,,,,,,,,
4548be3fe5c878a9dbda1bd95501aa64,1399/03/31,246.0,236.0,850.0,5210810.0,5210810.0,5210810.0,1281859260.0,1.0,1.0,,,,,,,,,,,,,,,,,
4548be3fe5c878a9dbda1bd95501aa64,1399/06/31,2203.0,521.0,864.0,5210810.0,5210810.0,5210810.0,11479414430.0,1.0,1.0,,,,,,,,,,,,,,,,,
4548be3fe5c878a9dbda1bd95501aa64,1399/09/30,3168.0,690.0,864.0,5210810.0,5210810.0,5210810.0,16507846080.0,1.0,1.0,,,,,,,,,,,,,,,,,
4548be3fe5c878a9dbda1bd95501aa64,1399/12/30,3438.0,0.0,864.0,5210810.0,5210810.0,5210810.0,17914764780.0,1.0,1.0,,,,,,,,,,,,,,,,,
4548be3fe5c878a9dbda1bd95501aa64,1400/03/31,-30.0,142.0,1706.0,9000000.0,9000000.0,9000000.0,-270000000.0,1.0,1.0,,,,,,,,,,,,,,,,,
4548be3fe5c878a9dbda1bd95501aa64,1400/06/31,166.0,2107.0,1706.0,9000000.0,5210810.0,9000000.0,1494000000.0,1.0,1.0,,,,,,,,,,,,,,,,,
4548be3fe5c878a9dbda1bd95501aa64,1400/09/30,304.0,1834.0,1706.0,9000000.0,9000000.0,9000000.0,2736000000.0,1.0,1.0,,,,,,,,,,,,,,,,,
4548be3fe5c878a9dbda1bd95501aa64,1400/12/29,280.0,0.0,1706.0,9000000.0,9000000.0,9000000.0,2520000000.0,1.0,1.0,,,,,,,,,,,,,,,,,
4548be3fe5c878a9dbda1bd95501aa64,1402/06/31,814.0,206.0,637.0,9000000.0,9000000.0,9000000.0,7326000000.0,1.0,1.0,,,,,,,,,,,,,,,,,
4548be3fe5c878a9dbda1bd95501aa64,1402/09/30,1366.0,419.0,637.0,9000000.0,9000000.0,9000000.0,12294000000.0,1.0,1.0,,,,,,,,,,,,,,,,,
4548be3fe5c878a9dbda1bd95501aa64,1402/12/29,1451.0,0.0,637.0,9000000.0,0.0,9000000.0,13059000000.0,1.0,1.0,,,,,,,,,,,,,,,,,
4548be3fe5c878a9dbda1bd95501aa64,1403/03/31,332.0,155.0,1443.0,9000000.0,9000000.0,9000000.0,2988000000.0,1.0,1.0,,,,,,,,,,,,,,,,,
4548be3fe5c878a9dbda1bd95501aa64,1403/06/31,1236.0,843.0,1443.0,18000000.0,9000000.0,9000000.0,22248000000.0,1.0,1.0,,,,,,,,,,,,,,,,,
4548be3fe5c878a9dbda1bd95501aa64,1403/09/30,1911.0,1366.0,1443.0,18000000.0,9000000.0,9000000.0,34398000000.0,1.0,1.0,,,,,,,,,,,,,,,,,
4548be3fe5c878a9dbda1bd95501aa64,1403/12/30,2572.0,0.0,1443.0,18000000.0,0.0,9000000.0,46296000000.0,1.0,1.0,,,,,,,,,,,,,,,,,
4548be3fe5c878a9dbda1bd95501aa64,1404/03/31,180.0,332.0,2356.0,18000000.0,9000000.0,18000000.0,3240000000.0,1.0,1.0,,,,,,,,,,,,,,,,,
4548be3fe5c878a9dbda1bd95501aa64,1404/06/31,69.0,1378.0,2356.0,18000000.0,18000000.0,18000000.0,1242000000.0,1.0,1.0,,,,,,,,,,,,,,,,,
4548be3fe5c878a9dbda1bd95501aa64,1404/09/30,260.0,1911.0,2356.0,18000000.0,18000000.0,18000000.0,4680000000.0,9132178.0,43745047.0,,,,,,,,,,,,,,,,,
4548be3fe5c878a9dbda1bd95501aa64,1404/12/29,2541.0,0.0,2356.0,18000000.0,0.0,18000000.0,45738000000.0,-1.0,100.0,,,,,,,,,,,,,,,,,
486253dea70fdfaa0ad435e871f1ac01,1398/06/31,1005.0,573.0,1076.0,650000.0,650000.0,650000.0,653250000.0,-1.0,100.0,,,,,,,,,,,,,,,,,
486253dea70fdfaa0ad435e871f1ac01,1398/09/30,1608.0,928.0,1076.0,650000.0,650000.0,650000.0,1045200000.0,-1.0,100.0,,,,,,,,,,,,,,,,,
486253dea70fdfaa0ad435e871f1ac01,1398/12/29,2328.0,0.0,1076.0,650000.0,650000.0,650000.0,1513200000.0,-1.0,100.0,,,,,,,,,,,,,,,,,
486253dea70fdfaa0ad435e871f1ac01,1399/03/31,1115.0,430.0,2328.0,650000.0,650000.0,650000.0,724750000.0,-1.0,100.0,,,,,,,,,,,,,,,,,
486253dea70fdfaa0ad435e871f1ac01,1399/06/31,2445.0,1005.0,2328.0,650000.0,650000.0,650000.0,1589250000.0,-1.0,100.0,,,,,,,,,,,,,,,,,
486253dea70fdfaa0ad435e871f1ac01,1399/09/30,3990.0,1608.0,2328.0,650000.0,650000.0,650000.0,2593500000.0,-1.0,100.0,,,,,,,,,,,,,,,,,
486253dea70fdfaa0ad435e871f1ac01,1399/12/30,5175.0,0.0,2328.0,650000.0,0.0,650000.0,3363750000.0,-1.0,100.0,,,,,,,,,,,,,,,,,
486253dea70fdfaa0ad435e871f1ac01,1400/03/31,2001.0,1115.0,5175.0,650000.0,650000.0,650000.0,1300650000.0,-1.0,100.0,,,,,,,,,,,,,,,,,
486253dea70fdfaa0ad435e871f1ac01,1400/06/31,3916.0,2228.0,5175.0,650000.0,650000.0,650000.0,2545400000.0,-1.0,100.0,,,,,,,,,,,,,,,,,
486253dea70fdfaa0ad435e871f1ac01,1400/09/30,6270.0,3990.0,5175.0,650000.0,650000.0,650000.0,4075500000.0,-1.0,100.0,,,,,,,,,,,,,,,,,
486253dea70fdfaa0ad435e871f1ac01,1400/12/29,7856.0,0.0,5175.0,650000.0,650000.0,650000.0,5106400000.0,-1.0,100.0,,,,,,,,,,,,,,,,,
486253dea70fdfaa0ad435e871f1ac01,1401/03/31,2608.0,2001.0,7856.0,650000.0,650000.0,650000.0,1695200000.0,-1.0,100.0,,,,,,,,,,,,,,,,,
486253dea70fdfaa0ad435e871f1ac01,1401/06/31,6562.0,3468.0,7856.0,650000.0,650000.0,650000.0,4265300000.0,-1.0,100.0,,,,,,,,,,,,,,,,,
486253dea70fdfaa0ad435e871f1ac01,1401/09/30,10981.0,6270.0,7856.0,650000.0,650000.0,650000.0,7137650000.0,-1.0,100.0,,,,,,,,,,,,,,,,,
486253dea70fdfaa0ad435e871f1ac01,1401/12/29,15838.0,0.0,7856.0,650000.0,650000.0,650000.0,10294700000.0,-1.0,100.0,,,,,,,,,,,,,,,,,
486253dea70fdfaa0ad435e871f1ac01,1402/03/31,6261.0,2608.0,15838.0,650000.0,650000.0,650000.0,4069650000.0,-1.0,100.0,,,,,,,,,,,,,,,,,
486253dea70fdfaa0ad435e871f1ac01,1402/06/31,12825.0,6249.0,15838.0,650000.0,650000.0,650000.0,8336250000.0,-1.0,100.0,,,,,,,,,,,,,,,,,
486253dea70fdfaa0ad435e871f1ac01,1402/09/30,17877.0,10981.0,15838.0,650000.0,650000.0,650000.0,11620050000.0,-1.0,100.0,,,,,,,,,,,,,,,,,
486253dea70fdfaa0ad435e871f1ac01,1402/12/29,23078.0,0.0,15838.0,650000.0,650000.0,650000.0,15000700000.0,-1.0,100.0,,,,,,,,,,,,,,,,,
486253dea70fdfaa0ad435e871f1ac01,1403/03/31,6283.0,6157.0,23087.0,650000.0,650000.0,650000.0,4083950000.0,-1.0,100.0,,,,,,,,,,,,,,,,,
486253dea70fdfaa0ad435e871f1ac01,1403/06/31,509.0,12603.0,23087.0,17181088.0,650000.0,650000.0,8745173792.0,-1.0,100.0,,,,,,,,,,,,,,,,,
486253dea70fdfaa0ad435e871f1ac01,1403/09/30,812.0,676.0,873.0,17181088.0,17181088.0,17181088.0,13951043456.0,-1.0,100.0,,,,,,,,,,,,,,,,,
486253dea70fdfaa0ad435e871f1ac01,1403/12/30,1175.0,0.0,873.0,17181088.0,650000.0,17181088.0,20187778400.0,-1.0,100.0,,,,,,,,,,,,,,,,,
486253dea70fdfaa0ad435e871f1ac01,1404/03/31,306.0,238.0,1157.0,17181088.0,17181088.0,17181088.0,5257412928.0,-1.0,100.0,,,,,,,,,,,,,,,,,
486253dea70fdfaa0ad435e871f1ac01,1404/06/31,740.0,476.0,1157.0,17181088.0,17181088.0,17181088.0,12714005120.0,-1.0,100.0,,,,,,,,,,,,,,,,,
486253dea70fdfaa0ad435e871f1ac01,1404/09/30,1121.0,812.0,1157.0,17181088.0,17181088.0,17181088.0,19259999648.0,-1.0,100.0,,,,,,,,,,,,,,,,,
486253dea70fdfaa0ad435e871f1ac01,1404/12/29,1315.0,0.0,1157.0,17181088.0,17181088.0,17181088.0,22593130720.0,-1.0,100.0,,,,,,,,,,,,,,,,,
486253dea70fdfaa0ad435e871f1ac01,1405/03/31,480.0,306.0,1315.0,17181088.0,17181088.0,17181088.0,8246922240.0,10001229.0,5876243.0,,,,,,,,,,,,,,,,,
4a1adc39de6b1615bf5bf9b656a3030f,1398/06/31,123.0,119.0,259.0,714420.0,204120.0,714420.0,87873660.0,1.0,1.0,,,,,,,,,,,,,,,,,
4a1adc39de6b1615bf5bf9b656a3030f,1398/09/30,153.0,229.0,259.0,714420.0,204120.0,714420.0,109306260.0,1.0,1.0,,,,,,,,,,,,,,,,,
4a1adc39de6b1615bf5bf9b656a3030f,1398/12/29,122.0,0.0,259.0,1428840.0,714420.0,714420.0,174318480.0,1.0,1.0,,,,,,,,,,,,,,,,,
4a1adc39de6b1615bf5bf9b656a3030f,1399/03/31,19.0,42.0,122.0,1428840.0,714420.0,1428840.0,27147960.0,1.0,1.0,,,,,,,,,,,,,,,,,
4a1adc39de6b1615bf5bf9b656a3030f,1399/06/31,194.0,62.0,122.0,1428840.0,1428840.0,1428840.0,277194960.0,1.0,1.0,,,,,,,,,,,,,,,,,
4a1adc39de6b1615bf5bf9b656a3030f,1399/09/30,229.0,153.0,122.0,1428840.0,714420.0,1428840.0,327204360.0,1.0,1.0,,,,,,,,,,,,,,,,,
4a1adc39de6b1615bf5bf9b656a3030f,1399/12/30,451.0,0.0,122.0,1428840.0,1428840.0,1428840.0,644406840.0,1.0,1.0,,,,,,,,,,,,,,,,,
4a1adc39de6b1615bf5bf9b656a3030f,1400/03/31,110.0,19.0,451.0,1428840.0,1428840.0,1428840.0,157172400.0,1.0,1.0,,,,,,,,,,,,,,,,,
4a1adc39de6b1615bf5bf9b656a3030f,1400/06/31,178.0,194.0,468.0,1428840.0,1428840.0,1428840.0,254333520.0,1.0,1.0,,,,,,,,,,,,,,,,,
4a1adc39de6b1615bf5bf9b656a3030f,1400/09/30,268.0,229.0,451.0,1428840.0,1428840.0,1428840.0,382929120.0,1.0,1.0,,,,,,,,,,,,,,,,,
4a1adc39de6b1615bf5bf9b656a3030f,1400/12/29,523.0,0.0,461.0,1428840.0,1428840.0,1428840.0,747283320.0,1.0,1.0,,,,,,,,,,,,,,,,,
4a1adc39de6b1615bf5bf9b656a3030f,1401/03/31,114.0,110.0,259.0,3000000.0,1428840.0,3000000.0,342000000.0,1.0,1.0,,,,,,,,,,,,,,,,,
4a1adc39de6b1615bf5bf9b656a3030f,1401/06/31,402.0,85.0,259.0,3000000.0,3000000.0,3000000.0,1206000000.0,1.0,1.0,,,,,,,,,,,,,,,,,
4a1adc39de6b1615bf5bf9b656a3030f,1401/09/30,601.0,128.0,259.0,3000000.0,3000000.0,3000000.0,1803000000.0,1.0,1.0,,,,,,,,,,,,,,,,,
4a1adc39de6b1615bf5bf9b656a3030f,1401/12/29,986.0,0.0,259.0,3000000.0,3000000.0,3000000.0,2958000000.0,1.0,1.0,,,,,,,,,,,,,,,,,
4a1adc39de6b1615bf5bf9b656a3030f,1402/03/31,73.0,114.0,986.0,6000000.0,3000000.0,3000000.0,438000000.0,1.0,1.0,,,,,,,,,,,,,,,,,
4a1adc39de6b1615bf5bf9b656a3030f,1402/06/31,229.0,388.0,986.0,6000000.0,3000000.0,3000000.0,1374000000.0,1.0,1.0,,,,,,,,,,,,,,,,,
4a1adc39de6b1615bf5bf9b656a3030f,1402/09/30,355.0,601.0,986.0,6000000.0,3000000.0,3000000.0,2130000000.0,1.0,1.0,,,,,,,,,,,,,,,,,
4a1adc39de6b1615bf5bf9b656a3030f,1402/12/29,519.0,0.0,986.0,6000000.0,3000000.0,3000000.0,3114000000.0,1.0,1.0,,,,,,,,,,,,,,,,,
4a1adc39de6b1615bf5bf9b656a3030f,1403/03/31,193.0,73.0,519.0,6000000.0,6000000.0,6000000.0,1158000000.0,1.0,1.0,,,,,,,,,,,,,,,,,
4a1adc39de6b1615bf5bf9b656a3030f,1403/06/31,583.0,229.0,519.0,6000000.0,6000000.0,6000000.0,3498000000.0,1.0,1.0,,,,,,,,,,,,,,,,,
4a1adc39de6b1615bf5bf9b656a3030f,1403/09/30,868.0,355.0,519.0,6000000.0,6000000.0,6000000.0,5208000000.0,1.0,1.0,,,,,,,,,,,,,,,,,
4a1adc39de6b1615bf5bf9b656a3030f,1403/12/30,975.0,0.0,519.0,9300000.0,6000000.0,6000000.0,9067500000.0,1.0,1.0,,,,,,,,,,,,,,,,,
4a1adc39de6b1615bf5bf9b656a3030f,1404/03/31,129.0,125.0,974.0,9300000.0,9300000.0,9300000.0,1199700000.0,1.0,1.0,,,,,,,,,,,,,,,,,
4a1adc39de6b1615bf5bf9b656a3030f,1404/06/31,225.0,376.0,974.0,9300000.0,9300000.0,9300000.0,2092500000.0,1.0,1.0,,,,,,,,,,,,,,,,,
4a1adc39de6b1615bf5bf9b656a3030f,1404/09/30,255.0,560.0,974.0,9300000.0,9300000.0,9300000.0,2371500000.0,1.0,1.0,,,,,,,,,,,,,,,,,
4a1adc39de6b1615bf5bf9b656a3030f,1404/12/29,346.0,0.0,974.0,14415000.0,9300000.0,9300000.0,4987590000.0,-1.0,100.0,,,,,,,,,,,,,,,,,
4a1adc39de6b1615bf5bf9b656a3030f,1405/03/31,90.0,83.0,346.0,19530000.0,14415000.0,14415000.0,1757700000.0,2350863.0,1527850.0,,,,,,,,,,,,,,,,,
4abec9db6376c2f7c79a759d64220c72,1398/06/31,329.0,278.0,547.0,1134000.0,756000.0,756000.0,373086000.0,1.0,1.0,540836.0,1182562.0,994523.0,2036698.0,-136697.0,72425.0,219624.0,143616.0,717497.0,52103.0,333742.0,533679.0,5676722.0,4884740.0,3142108.0,3051449.0,2534614.0
4abec9db6376c2f7c79a759d64220c72,1398/09/30,213.0,534.0,514.0,1134000.0,756000.0,756000.0,241542000.0,1.0,1.0,586196.0,1570095.0,1597593.0,2082058.0,-198050.0,72425.0,153282.0,295815.0,762856.0,217461.0,394205.0,533679.0,5473892.0,4743107.0,2885464.0,2796308.0,2588428.0
4abec9db6376c2f7c79a759d64220c72,1398/12/29,397.0,0.0,671.0,1134000.0,756000.0,756000.0,450198000.0,1.0,1.0,,2829788.0,2662229.0,,-339237.0,72340.0,1542123.0,870917.0,,238079.0,649265.0,,7735583.0,6015604.0,3335116.0,3138035.0,4400467.0
4abec9db6376c2f7c79a759d64220c72,1399/03/31,54.0,72.0,215.0,1134000.0,1134000.0,1134000.0,61236000.0,1.0,1.0,351614.0,507804.0,404029.0,2021486.0,-71598.0,125591.0,127113.0,82460.0,1100813.0,96704.0,88086.0,175588.0,6210575.0,5323524.0,3341304.0,3233705.0,2869271.0
4abec9db6376c2f7c79a759d64220c72,1399/06/31,339.0,165.0,215.0,1134000.0,1134000.0,1134000.0,384426000.0,1.0,1.0,351614.0,1586499.0,1062406.0,2021487.0,-138006.0,129882.0,400613.0,126504.0,1100813.0,362528.0,79050.0,175588.0,5980447.0,5034038.0,2837675.0,2727613.0,3142772.0
4abec9db6376c2f7c79a759d64220c72,1399/09/30,586.0,208.0,215.0,1134000.0,1134000.0,1134000.0,664524000.0,1.0,1.0,351614.0,2641354.0,1570095.0,2021487.0,-211616.0,129882.0,630387.0,153282.0,1100813.0,-585270.0,217461.0,175588.0,7085298.0,6093458.0,3712752.0,3602817.0,3372546.0
4abec9db6376c2f7c79a759d64220c72,1399/12/30,648.0,0.0,284.0,2268000.0,1134000.0,1134000.0,1469664000.0,1.0,1.0,615251.0,4410081.0,0.0,2829788.0,-442436.0,129964.0,1920402.0,0.0,1395046.0,-818691.0,238079.0,,10256846.0,8540334.0,4866530.0,4656178.0,5390316.0
4abec9db6376c2f7c79a759d64220c72,1400/03/31,45.0,54.0,286.0,2268000.0,2268000.0,2268000.0,102060000.0,1.0,1.0,869632.0,675756.0,507803.0,3224458.0,-100152.0,168027.0,170526.0,127112.0,1602966.0,367584.0,96704.0,-665961.0,7828612.0,6704460.0,4446961.0,4285686.0,3381651.0
4abec9db6376c2f7c79a759d64220c72,1400/06/31,210.0,339.0,286.0,2268000.0,2268000.0,2268000.0,476280000.0,1.0,1.0,869632.0,2609948.0,1586499.0,3224458.0,-247055.0,169191.0,448867.0,400732.0,1602966.0,205669.0,367736.0,-665961.0,9580894.0,8132817.0,5920901.0,5748374.0,3659992.0
4abec9db6376c2f7c79a759d64220c72,1400/09/30,442.0,293.0,286.0,2268000.0,2268000.0,2268000.0,1002456000.0,1.0,1.0,869632.0,4056974.0,2641354.0,3224458.0,-387857.0,171749.0,806414.0,630387.0,1602966.0,-32909.0,-585270.0,-665961.0,10853828.0,8390453.0,6836289.0,6681508.0,4017539.0
4abec9db6376c2f7c79a759d64220c72,1400/12/29,451.0,0.0,391.0,2268000.0,2268000.0,2268000.0,1022868000.0,1.0,1.0,,6396131.0,4442317.0,,-657833.0,171944.0,3422126.0,1963928.0,,153902.0,-818691.0,,14701771.0,10894342.0,7017321.0,6775601.0,7684450.0
4abec9db6376c2f7c79a759d64220c72,1401/03/31,60.0,45.0,393.0,2268000.0,2268000.0,2268000.0,136080000.0,1.0,1.0,1095093.0,1089779.0,683665.0,5091269.0,-130689.0,688350.0,691757.0,170527.0,2533588.0,-631197.0,367584.0,-62743.0,12051163.0,9429795.0,7383732.0,7113029.0,4667431.0
4abec9db6376c2f7c79a759d64220c72,1401/06/31,324.0,286.0,393.0,2268000.0,2268000.0,2268000.0,734832000.0,1.0,1.0,1095093.0,3177665.0,2628904.0,5091269.0,-352547.0,168698.0,1473781.0,474250.0,2533588.0,512732.0,-120122.0,-62743.0,12842701.0,10101229.0,7393247.0,7108345.0,5449454.0
4abec9db6376c2f7c79a759d64220c72,1401/09/30,433.0,442.0,393.0,2268000.0,2268000.0,2268000.0,982044000.0,1.0,1.0,1095093.0,5617816.0,4098728.0,5091269.0,-517686.0,1256547.0,1834923.0,806414.0,2533588.0,-625177.0,-32909.0,-62743.0,13704436.0,10974065.0,7893840.0,7599646.0,5810596.0
4abec9db6376c2f7c79a759d64220c72,1401/12/29,652.0,0.0,452.0,2268000.0,2268000.0,2268000.0,1478736000.0,1.0,1.0,,10460204.0,6396131.0,,-893824.0,1334347.0,4374115.0,3422126.0,,-213644.0,138132.0,,22295317.0,16240290.0,11979391.0,11552089.0,10315926.0
4abec9db6376c2f7c79a759d64220c72,1402/03/31,234.0,60.0,276.0,2268000.0,2268000.0,2268000.0,530712000.0,1.0,1.0,625591.0,4056297.0,1089779.0,7339981.0,-283941.0,24533.0,530655.0,691756.0,3885274.0,-299018.0,-631197.0,769703.0,19313333.0,16455950.0,13643329.0,13202558.0,5670004.0
4abec9db6376c2f7c79a759d64220c72,1402/06/31,635.0,217.0,276.0,2268000.0,2268000.0,2268000.0,1440180000.0,1.0,1.0,625591.0,7810917.0,3177665.0,7339981.0,-609579.0,401839.0,1370766.0,1473977.0,3885274.0,-34825.0,-780276.0,769703.0,21893531.0,19113948.0,15383417.0,14930926.0,6510114.0
4abec9db6376c2f7c79a759d64220c72,1402/09/30,939.0,652.0,652.0,2268000.0,2268000.0,2268000.0,2129652000.0,1.0,1.0,1720203.0,13486280.0,10460204.0,10460204.0,-1285396.0,652656.0,3741837.0,4374115.0,4374115.0,-15529.0,691395.0,691395.0,26661633.0,20406457.0,15387400.0,14819732.0,11274233.0
4abec9db6376c2f7c79a759d64220c72,1402/12/29,185.0,320.0,677.0,2268000.0,2268000.0,2268000.0,419580000.0,1.0,1.0,1883865.0,2864484.0,4056297.0,10634720.0,-345352.0,2317591.0,2468451.0,530655.0,1617781.0,41150.0,-299018.0,48898.0,23597931.0,20839753.0,15506351.0,15017828.0,8091580.0
4abec9db6376c2f7c79a759d64220c72,1403/03/31,245.0,555.0,677.0,2268000.0,2268000.0,2268000.0,555660000.0,1.0,1.0,1883865.0,6502255.0,7810917.0,10634720.0,-677435.0,3738388.0,3767718.0,1187769.0,1617781.0,-1338495.0,38925.0,48898.0,24407813.0,21552821.0,15016966.0,14387157.0,9390847.0
4abec9db6376c2f7c79a759d64220c72,1403/06/31,887.0,677.0,677.0,2268000.0,2268000.0,2268000.0,2011716000.0,1.0,1.0,1883865.0,10535326.0,10634720.0,10634720.0,-1158886.0,3726858.0,4008461.0,1618494.0,1618494.0,-560046.0,48898.0,48898.0,24383220.0,21611073.0,14751630.0,14229087.0,9631590.0
4abec9db6376c2f7c79a759d64220c72,1403/09/30,584.0,0.0,939.0,2268000.0,2268000.0,2268000.0,1324512000.0,1.0,1.0,,14536639.0,13486280.0,,-1652415.0,7965922.0,7745068.0,3741837.0,,-831150.0,-15529.0,,30852536.0,24285513.0,13083711.0,12152321.0,17768825.0
4abec9db6376c2f7c79a759d64220c72,1403/12/30,290.0,185.0,494.0,2268000.0,2268000.0,2268000.0,657720000.0,1.0,1.0,896278.0,3523353.0,2864484.0,12603363.0,-308092.0,865268.0,1285588.0,2468451.0,8276675.0,-632607.0,41150.0,-833330.0,23689434.0,21229080.0,12019443.0,11063361.0,11669991.0
4abec9db6376c2f7c79a759d64220c72,1404/03/31,370.0,245.0,494.0,2268000.0,2268000.0,2268000.0,839160000.0,1.0,1.0,896278.0,6697062.0,6502255.0,12603363.0,-305735.0,1178375.0,1782770.0,3769379.0,8276675.0,-2203962.0,-1307925.0,-833330.0,24519399.0,22092244.0,12352225.0,11063712.0,12167174.0
4abec9db6376c2f7c79a759d64220c72,1404/06/31,775.0,887.0,494.0,2268000.0,2268000.0,2268000.0,1757700000.0,1.0,1.0,896278.0,11024626.0,10535326.0,12603363.0,-375351.0,1161455.0,2610745.0,4008461.0,8276675.0,-1190645.0,-560046.0,-833330.0,25455750.0,22968852.0,12460597.0,11607936.0,12995153.0
4abec9db6376c2f7c79a759d64220c72,1404/09/30,848.0,0.0,3649.0,2268000.0,2268000.0,2268000.0,1923264000.0,701.0,147.0,,15926793.0,12603363.0,,-545719.0,780287.0,1922913.0,8276675.0,,-1870585.0,-833330.0,,26544266.0,24062387.0,14236947.0,13141537.0,12307319.0
4abec9db6376c2f7c79a759d64220c72,1404/12/29,1493.0,567.0,627.0,2268000.0,2268000.0,2268000.0,3386124000.0,-1.0,100.0,1939166.0,6999176.0,3523353.0,15926793.0,-411540.0,1682228.0,3385276.0,1285588.0,1422506.0,199490.0,-632607.0,-1495366.0,35274302.0,32890978.0,20082115.0,18605275.0,15192187.0
4abec9db6376c2f7c79a759d64220c72,1405/03/31,4357.0,786.0,627.0,2268000.0,2268000.0,2268000.0,9881676000.0,9851419.0,1042802.0,1939166.0,22460795.0,6697062.0,15926793.0,-342371.0,2081282.0,9881141.0,1782770.0,1422506.0,286692.0,-2203962.0,-1495366.0,44877680.0,42412539.0,25911228.0,23893077.0,18966452.0
4b42ff856fa2a4996c5843f6bf85ef50,1398/12/29,231.0,0.0,-32.0,330000.0,330000.0,330000.0,76230000.0,1.0,1.0,,,,,,,,,,,,,,,,,
4b42ff856fa2a4996c5843f6bf85ef50,1399/03/31,203.0,86.0,231.0,330000.0,330000.0,330000.0,66990000.0,1.0,1.0,,,,,,,,,,,,,,,,,
4b42ff856fa2a4996c5843f6bf85ef50,1399/06/31,371.0,135.0,231.0,330000.0,330000.0,330000.0,122430000.0,1.0,1.0,,,,,,,,,,,,,,,,,
4b42ff856fa2a4996c5843f6bf85ef50,1399/09/30,581.0,174.0,231.0,330000.0,330000.0,330000.0,191730000.0,1.0,1.0,,,,,,,,,,,,,,,,,
4b42ff856fa2a4996c5843f6bf85ef50,1399/12/30,821.0,0.0,231.0,330000.0,330000.0,330000.0,270930000.0,1.0,1.0,,,,,,,,,,,,,,,,,
4b42ff856fa2a4996c5843f6bf85ef50,1400/03/31,407.0,203.0,821.0,330000.0,330000.0,330000.0,134310000.0,1.0,1.0,,,,,,,,,,,,,,,,,
4b42ff856fa2a4996c5843f6bf85ef50,1400/09/30,1138.0,581.0,821.0,330000.0,330000.0,330000.0,375540000.0,1.0,1.0,,,,,,,,,,,,,,,,,
4b42ff856fa2a4996c5843f6bf85ef50,1400/12/29,1616.0,0.0,821.0,330000.0,330000.0,330000.0,533280000.0,1.0,1.0,,,,,,,,,,,,,,,,,
4b42ff856fa2a4996c5843f6bf85ef50,1401/03/31,518.0,407.0,1620.0,330000.0,330000.0,330000.0,170940000.0,1.0,1.0,,,,,,,,,,,,,,,,,
4b42ff856fa2a4996c5843f6bf85ef50,1401/06/31,439.0,640.0,1620.0,990000.0,330000.0,330000.0,434610000.0,1.0,1.0,,,,,,,,,,,,,,,,,
4b42ff856fa2a4996c5843f6bf85ef50,1401/09/30,538.0,379.0,540.0,990000.0,990000.0,990000.0,532620000.0,1.0,1.0,,,,,,,,,,,,,,,,,
4b42ff856fa2a4996c5843f6bf85ef50,1401/12/29,829.0,0.0,1620.0,990000.0,330000.0,330000.0,820710000.0,1.0,1.0,,,,,,,,,,,,,,,,,
4b42ff856fa2a4996c5843f6bf85ef50,1402/03/31,92.0,48.0,232.0,3540000.0,3540000.0,3540000.0,325680000.0,1.0,1.0,,,,,,,,,,,,,,,,,
4b42ff856fa2a4996c5843f6bf85ef50,1402/06/31,699.0,439.0,829.0,990000.0,990000.0,990000.0,692010000.0,1.0,1.0,,,,,,,,,,,,,,,,,
4b42ff856fa2a4996c5843f6bf85ef50,1402/09/30,283.0,151.0,232.0,3540000.0,3540000.0,3540000.0,1001820000.0,1.0,1.0,,,,,,,,,,,,,,,,,
4b42ff856fa2a4996c5843f6bf85ef50,1402/12/29,393.0,0.0,232.0,3540000.0,0.0,3540000.0,1391220000.0,1.0,1.0,,,,,,,,,,,,,,,,,
4b42ff856fa2a4996c5843f6bf85ef50,1403/04/01,116.0,92.0,393.0,3540000.0,3540000.0,3540000.0,410640000.0,1.0,1.0,,,,,,,,,,,,,,,,,
4b42ff856fa2a4996c5843f6bf85ef50,1403/07/01,206.0,697.0,393.0,3540000.0,990000.0,3540000.0,729240000.0,1.0,1.0,,,,,,,,,,,,,,,,,
4b42ff856fa2a4996c5843f6bf85ef50,1403/10/01,290.0,283.0,393.0,3540000.0,3540000.0,3540000.0,1026600000.0,1.0,1.0,,,,,,,,,,,,,,,,,
4b42ff856fa2a4996c5843f6bf85ef50,1404/01/01,384.0,0.0,282.0,4935000.0,0.0,4935000.0,1895040000.0,1.0,1.0,,,,,,,,,,,,,,,,,
4b42ff856fa2a4996c5843f6bf85ef50,1404/03/31,129.0,83.0,384.0,4935000.0,4935000.0,4935000.0,636615000.0,1.0,1.0,,,,,,,,,,,,,,,,,
4b42ff856fa2a4996c5843f6bf85ef50,1404/06/31,220.0,206.0,384.0,4935000.0,3540000.0,4935000.0,1085700000.0,1.0,1.0,,,,,,,,,,,,,,,,,
4b42ff856fa2a4996c5843f6bf85ef50,1404/09/30,395.0,0.0,290.0,4935000.0,0.0,3540000.0,1949325000.0,21.37534787682916,100.0,,,,,,,,,,,,,,,,,
4b42ff856fa2a4996c5843f6bf85ef50,1404/12/29,460.0,0.0,402.0,4935000.0,0.0,4935000.0,2270100000.0,-1.0,100.0,,,,,,,,,,,,,,,,,
4b42ff856fa2a4996c5843f6bf85ef50,1405/03/31,67.0,129.0,433.0,5935000.0,4935000.0,4935000.0,397645000.0,173705.0,601339.0,,,,,,,,,,,,,,,,,
4c198075a5599a736ed1cb88eb36b7cd,1398/06/31,0.0,0.0,0.0,8530218.0,11.0,0.0,0.0,1.0,1.0,,,,,,,,,,,,,,,,,
4c198075a5599a736ed1cb88eb36b7cd,1398/09/30,248.0,670.0,817.0,3200000.0,2000000.0,2000000.0,793600000.0,1.0,1.0,,,,,,,,,,,,,,,,,
4c198075a5599a736ed1cb88eb36b7cd,1398/12/29,433.0,0.0,539.0,3200000.0,2000000.0,3200000.0,1385600000.0,1.0,1.0,,,,,,,,,,,,,,,,,
4c198075a5599a736ed1cb88eb36b7cd,1399/03/31,508.0,62.0,414.0,3200000.0,3200000.0,3200000.0,1625600000.0,1.0,1.0,,,,,,,,,,,,,,,,,
4c198075a5599a736ed1cb88eb36b7cd,1399/06/31,650.0,146.0,414.0,3200000.0,3200000.0,3200000.0,2080000000.0,1.0,1.0,,,,,,,,,,,,,,,,,
4c198075a5599a736ed1cb88eb36b7cd,1399/09/30,816.0,248.0,414.0,3200000.0,3200000.0,3200000.0,2611200000.0,1.0,1.0,,,,,,,,,,,,,,,,,
4c198075a5599a736ed1cb88eb36b7cd,1399/12/30,662.0,0.0,433.0,3200000.0,3200000.0,3200000.0,2118400000.0,1.0,1.0,,,,,,,,,,,,,,,,,
4c198075a5599a736ed1cb88eb36b7cd,1400/03/31,54.0,508.0,998.0,3200000.0,3200000.0,3200000.0,172800000.0,1.0,1.0,,,,,,,,,,,,,,,,,
4c198075a5599a736ed1cb88eb36b7cd,1400/06/31,278.0,733.0,662.0,3200000.0,3200000.0,3200000.0,889600000.0,1.0,1.0,,,,,,,,,,,,,,,,,
4c198075a5599a736ed1cb88eb36b7cd,1400/09/30,178.0,816.0,998.0,3200000.0,3200000.0,3200000.0,569600000.0,1.0,1.0,,,,,,,,,,,,,,,,,
4c198075a5599a736ed1cb88eb36b7cd,1400/12/29,988.0,0.0,662.0,3200000.0,3200000.0,3200000.0,3161600000.0,1.0,1.0,,,,,,,,,,,,,,,,,
4c198075a5599a736ed1cb88eb36b7cd,1401/03/31,164.0,54.0,582.0,3200000.0,3200000.0,3200000.0,524800000.0,1.0,1.0,,,,,,,,,,,,,,,,,
4c198075a5599a736ed1cb88eb36b7cd,1401/06/31,372.0,278.0,988.0,3200000.0,3200000.0,3200000.0,1190400000.0,1.0,1.0,,,,,,,,,,,,,,,,,
4c198075a5599a736ed1cb88eb36b7cd,1401/09/30,490.0,178.0,582.0,3200000.0,3200000.0,3200000.0,1568000000.0,1.0,1.0,,,,,,,,,,,,,,,,,
4c198075a5599a736ed1cb88eb36b7cd,1401/12/29,600.0,0.0,452.0,7000000.0,3200000.0,7000000.0,4200000000.0,1.0,1.0,,,,,,,,,,,,,,,,,
4c198075a5599a736ed1cb88eb36b7cd,1402/03/31,111.0,75.0,430.0,7000000.0,7000000.0,7000000.0,777000000.0,1.0,1.0,,,,,,,,,,,,,,,,,
4c198075a5599a736ed1cb88eb36b7cd,1402/06/31,261.0,170.0,600.0,7000000.0,7000000.0,7000000.0,1827000000.0,1.0,1.0,,,,,,,,,,,,,,,,,
4c198075a5599a736ed1cb88eb36b7cd,1402/09/30,348.0,224.0,430.0,7000000.0,7000000.0,7000000.0,2436000000.0,1.0,1.0,,,,,,,,,,,,,,,,,
4c198075a5599a736ed1cb88eb36b7cd,1402/12/29,0.0,600.0,0.0,0.0,7000000.0,0.0,0.0,1.0,1.0,,,,,,,,,,,,,,,,,
4c198075a5599a736ed1cb88eb36b7cd,1403/03/31,200.0,111.0,665.0,7000000.0,7000000.0,7000000.0,1400000000.0,1.0,1.0,,,,,,,,,,,,,,,,,
4c198075a5599a736ed1cb88eb36b7cd,1403/06/31,463.0,90.0,665.0,7000000.0,7000000.0,7000000.0,3241000000.0,1.0,1.0,,,,,,,,,,,,,,,,,
4c198075a5599a736ed1cb88eb36b7cd,1403/09/30,698.0,348.0,665.0,7000000.0,7000000.0,7000000.0,4886000000.0,1.0,1.0,,,,,,,,,,,,,,,,,
4c198075a5599a736ed1cb88eb36b7cd,1403/12/30,815.0,0.0,422.0,11000000.0,0.0,11000000.0,8965000000.0,1.0,1.0,,,,,,,,,,,,,,,,,
4c198075a5599a736ed1cb88eb36b7cd,1404/03/31,149.0,127.0,703.0,11000000.0,11000000.0,11000000.0,1639000000.0,1.0,1.0,,,,,,,,,,,,,,,,,
4c198075a5599a736ed1cb88eb36b7cd,1404/06/31,439.0,457.0,703.0,11000000.0,7000000.0,11000000.0,4829000000.0,1.0,1.0,,,,,,,,,,,,,,,,,
4c198075a5599a736ed1cb88eb36b7cd,1404/09/30,601.0,444.0,703.0,11000000.0,11000000.0,11000000.0,6611000000.0,1.0,1.0,,,,,,,,,,,,,,,,,
4c198075a5599a736ed1cb88eb36b7cd,1404/12/29,1029.0,0.0,815.0,11000000.0,0.0,11000000.0,11319000000.0,-1.0,100.0,,,,,,,,,,,,,,,,,
4c198075a5599a736ed1cb88eb36b7cd,1405/03/31,50.0,149.0,904.0,11000000.0,11000000.0,11000000.0,550000000.0,208364.0,1228296.0,,,,,,,,,,,,,,,,,
4c72588412aab6f0a0e6d2469d9b1491,1398/06/31,342.0,128.0,344.0,1330000.0,1040000.0,1330000.0,454860000.0,434734.0,160985.0,,,,,,,,,,,,,,,,,
4c72588412aab6f0a0e6d2469d9b1491,1398/09/30,480.0,186.0,344.0,1330000.0,1330000.0,1330000.0,638400000.0,491707.0,294159.0,,,,,,,,,,,,,,,,,
4c72588412aab6f0a0e6d2469d9b1491,1398/12/29,818.0,362.0,,1330000.0,1330000.0,,1087940000.0,836368.0,573029.0,,,,,,,,,,,,,,,,,
4c72588412aab6f0a0e6d2469d9b1491,1399/03/31,226.0,124.0,775.0,1330000.0,1330000.0,1330000.0,300580000.0,65234.0,212283.0,,,,,,,,,,,,,,,,,
4c72588412aab6f0a0e6d2469d9b1491,1399/06/31,182.0,343.0,775.0,4612528.0,1330000.0,1330000.0,839480096.0,53996.0,434734.0,,,,,,,,,,,,,,,,,
4c72588412aab6f0a0e6d2469d9b1491,1399/09/30,226.0,480.0,775.0,4612528.0,1330000.0,1330000.0,1042431328.0,235335.0,491707.0,,,,,,,,,,,,,,,,,
4c72588412aab6f0a0e6d2469d9b1491,1399/12/30,354.0,835.0,,4612528.0,1330000.0,,1632834912.0,585188.0,830040.0,,,,,,,,,,,,,,,,,
4c72588412aab6f0a0e6d2469d9b1491,1400/03/31,31.0,65.0,322.0,4612528.0,4612528.0,4612528.0,142988368.0,216171.0,65234.0,,,,,,,,,,,,,,,,,
4c72588412aab6f0a0e6d2469d9b1491,1400/06/31,104.0,200.0,322.0,4612528.0,4612528.0,4612528.0,479702912.0,689727.0,147253.0,,,,,,,,,,,,,,,,,
4c72588412aab6f0a0e6d2469d9b1491,1400/09/30,156.0,226.0,322.0,4612528.0,4612528.0,4612528.0,719554368.0,1002880.0,235335.0,,,,,,,,,,,,,,,,,
4c72588412aab6f0a0e6d2469d9b1491,1400/12/29,268.0,348.0,,4612528.0,4612528.0,,1236157504.0,1558013.0,557453.0,,,,,,,,,,,,,,,,,
4c72588412aab6f0a0e6d2469d9b1491,1401/03/31,47.0,31.0,293.0,4612528.0,4612528.0,4612528.0,216788816.0,266486.0,216167.0,,,,,,,,,,,,,,,,,
4c72588412aab6f0a0e6d2469d9b1491,1401/06/31,85.0,104.0,293.0,4612528.0,4612528.0,4612528.0,392064880.0,540482.0,689727.0,,,,,,,,,,,,,,,,,
4c72588412aab6f0a0e6d2469d9b1491,1401/09/30,91.0,156.0,293.0,6103562.0,4612528.0,4612528.0,555424142.0,753848.0,1002880.0,,,,,,,,,,,,,,,,,
4c72588412aab6f0a0e6d2469d9b1491,1401/12/29,252.0,305.0,,6103562.0,4612528.0,,1538097624.0,1758365.0,1551257.0,,,,,,,,,,,,,,,,,
4c72588412aab6f0a0e6d2469d9b1491,1402/03/31,47.0,36.0,206.0,6103563.0,6103562.0,6103562.0,286867461.0,248394.0,266486.0,,,,,,,,,,,,,,,,,
4c72588412aab6f0a0e6d2469d9b1491,1402/06/31,99.0,65.0,206.0,6103563.0,6103562.0,6103562.0,604252737.0,685136.0,540482.0,,,,,,,,,,,,,,,,,
4c72588412aab6f0a0e6d2469d9b1491,1402/09/30,163.0,91.0,206.0,6103563.0,6103562.0,6103562.0,994880769.0,1242915.0,753848.0,,,,,,,,,,,,,,,,,
4c72588412aab6f0a0e6d2469d9b1491,1402/12/29,304.0,252.0,,7233563.0,6103562.0,,2199003152.0,2510151.0,1758372.0,,,,,,,,,,,,,,,,,
4c72588412aab6f0a0e6d2469d9b1491,1403/03/31,41.0,40.0,223.0,7233563.0,7233562.0,7233562.0,296576083.0,260214.0,248394.0,,,,,,,,,,,,,,,,,
4c72588412aab6f0a0e6d2469d9b1491,1403/06/31,84.0,83.0,223.0,7233563.0,7233562.0,7233562.0,607619292.0,543443.0,687086.0,,,,,,,,,,,,,,,,,
4c72588412aab6f0a0e6d2469d9b1491,1403/09/30,148.0,138.0,223.0,7233562.0,7233562.0,7233562.0,1070567176.0,1032590.0,1242915.0,,,,,,,,,,,,,,,,,
4c72588412aab6f0a0e6d2469d9b1491,1403/12/30,344.0,301.0,,8846490.0,7233562.0,,3043192560.0,3107281.0,2510151.0,,,,,,,,,,,,,,,,,
4c72588412aab6f0a0e6d2469d9b1491,1404/03/31,49.0,33.0,264.0,8846490.0,8846490.0,8846490.0,433478010.0,472352.0,260214.0,,,,,,,,,,,,,,,,,
4c72588412aab6f0a0e6d2469d9b1491,1404/06/31,173.0,69.0,264.0,8846490.0,8846490.0,8846490.0,1530442770.0,1579890.0,543204.0,,,,,,,,,,,,,,,,,
4c72588412aab6f0a0e6d2469d9b1491,1404/09/30,247.0,121.0,264.0,8846490.0,8846490.0,8846490.0,2185083030.0,2207837.0,1032590.0,,,,,,,,,,,,,,,,,
4c72588412aab6f0a0e6d2469d9b1491,1404/12/29,411.0,272.0,,11180000.0,11180000.0,,4594980000.0,4546577.0,3107281.0,,,,,,,,,,,,,,,,,
4c72588412aab6f0a0e6d2469d9b1491,1405/03/31,146.0,39.0,294.0,11180000.0,11180000.0,11180000.0,1632280000.0,1584099.0,472352.0,,,,,,,,,,,,,,,,,
4d8273e8e35e83a73ef9b5bca072c95c,1399/03/31,153.0,115.0,440.0,2500000.0,2500000.0,2500000.0,382500000.0,246035.0,195978.0,,,,,0.0,176420.0,,,,,,,,,,,
4d8273e8e35e83a73ef9b5bca072c95c,1399/06/31,587.0,306.0,592.0,2500000.0,1860000.0,1860000.0,1467500000.0,755825.0,362039.0,,,,,0.0,808325.0,,,,,,,,,,,
4d8273e8e35e83a73ef9b5bca072c95c,1399/09/30,838.0,488.0,592.0,2500000.0,1860000.0,1860000.0,2095000000.0,1323661.0,612379.0,,,,,0.0,946462.0,,,,,,,,,,,
4d8273e8e35e83a73ef9b5bca072c95c,1399/12/30,1095.0,440.0,,2500000.0,2500000.0,,2737500000.0,1905660.0,670265.0,,,,,-19248.0,1101869.0,,,,,,,,,,,
4d8273e8e35e83a73ef9b5bca072c95c,1400/03/31,171.0,76.0,547.0,5000000.0,5000000.0,5000000.0,855000000.0,673259.0,246035.0,,,,,-28232.0,297296.0,,,,,,,,,,,
4d8273e8e35e83a73ef9b5bca072c95c,1400/06/31,359.0,293.0,547.0,5000000.0,5000000.0,5000000.0,1795000000.0,1493411.0,755836.0,,,,,-55531.0,528996.0,,,,,,,,,,,
4d8273e8e35e83a73ef9b5bca072c95c,1400/09/30,589.0,838.0,1095.0,5000000.0,2500000.0,2500000.0,2945000000.0,2575734.0,1323661.0,,,,,,,,,,,,,,,,,
4d8273e8e35e83a73ef9b5bca072c95c,1400/12/29,793.0,547.0,,5000000.0,5000000.0,,3965000000.0,3419212.0,1905660.0,,,,,,,,,,,,,,,,,
4d8273e8e35e83a73ef9b5bca072c95c,1401/03/31,244.0,171.0,793.0,5000000.0,5000000.0,5000000.0,1220000000.0,1097320.0,673259.0,,,,,,,,,,,,,,,,,
4d8273e8e35e83a73ef9b5bca072c95c,1401/06/31,344.0,216.0,478.0,8300000.0,8300000.0,8300000.0,2855200000.0,2475485.0,1493411.0,,,,,,,,,,,,,,,,,
4d8273e8e35e83a73ef9b5bca072c95c,1401/09/30,523.0,355.0,478.0,8300000.0,8300000.0,8300000.0,4340900000.0,3342901.0,2575734.0,,,,,,,,,,,,,,,,,
4d8273e8e35e83a73ef9b5bca072c95c,1401/12/29,811.0,793.0,,8300000.0,5000000.0,,6731300000.0,4824115.0,3419212.0,,,,,,,,,,,,,,,,,
4d8273e8e35e83a73ef9b5bca072c95c,1402/03/31,258.0,147.0,820.0,8300000.0,8300000.0,8300000.0,2141400000.0,1787748.0,1097320.0,,,,,,,,,,,,,,,,,
4d8273e8e35e83a73ef9b5bca072c95c,1402/06/31,315.0,210.0,500.0,13600000.0,13600000.0,13600000.0,4284000000.0,3503781.0,2091342.0,,,,,,,,,,,,,,,,,
4d8273e8e35e83a73ef9b5bca072c95c,1402/09/30,505.0,319.0,500.0,13600000.0,13600000.0,13600000.0,6868000000.0,5612423.0,3342901.0,,,,,,,,,,,,,,,,,
4d8273e8e35e83a73ef9b5bca072c95c,1402/12/29,777.0,500.0,,13600000.0,13600000.0,,10567200000.0,7293928.0,4824115.0,,,,,,,,,,,,,,,,,
4d8273e8e35e83a73ef9b5bca072c95c,1403/03/31,247.0,158.0,777.0,13600000.0,13600000.0,13600000.0,3359200000.0,2531439.0,1787748.0,,,,,,,,,,,,,,,,,
4d8273e8e35e83a73ef9b5bca072c95c,1403/06/31,287.0,195.0,481.0,22000000.0,22000000.0,22000000.0,6314000000.0,4544650.0,3503781.0,,,,,,,,,,,,,,,,,
4d8273e8e35e83a73ef9b5bca072c95c,1403/09/30,488.0,312.0,481.0,22000000.0,22000000.0,22000000.0,10736000000.0,8049159.0,5612423.0,,,,,,,,,,,,,,,,,
4d8273e8e35e83a73ef9b5bca072c95c,1403/12/30,1118.0,481.0,,22000000.0,22000000.0,,24596000000.0,9696776.0,7293928.0,,,,,,,,,,,,,,,,,
4d8273e8e35e83a73ef9b5bca072c95c,1404/03/31,295.0,153.0,1104.0,22000000.0,22000000.0,22000000.0,6490000000.0,4758757.0,2531439.0,,,,,,,,,,,,,,,,,
4d8273e8e35e83a73ef9b5bca072c95c,1404/06/31,511.0,211.0,838.0,29000000.0,29000000.0,29000000.0,14819000000.0,10743251.0,4294650.0,,,,,,,,,,,,,,,,,
4d8273e8e35e83a73ef9b5bca072c95c,1404/09/30,936.0,370.0,838.0,29000000.0,29000000.0,29000000.0,27144000000.0,20511351.0,8049159.0,,,,,,,,,,,,,,,,,
4d8273e8e35e83a73ef9b5bca072c95c,1404/12/29,1506.0,838.0,,29000000.0,29000000.0,,43674000000.0,29165247.0,11655562.0,,,,,,,,,,,,,,,,,
4d8273e8e35e83a73ef9b5bca072c95c,1405/03/31,611.0,224.0,1506.0,29000000.0,29000000.0,29000000.0,17719000000.0,13665387.0,4758757.0,29165247.0,19117932.0,6388589.0,41990901.0,-195379.0,6633607.0,17709766.0,6495513.0,43670446.0,10856201.0,5167196.0,29134667.0,118859416.0,75272155.0,29293417.0,24748116.0,89565999.0
4e35602375bf56d08f1acbbff336611c,1398/06/31,0.0,0.0,0.0,3400000.0,0.0,3400000.0,0.0,1.0,1.0,,,,,,,,,,,,,,,,,
4e35602375bf56d08f1acbbff336611c,1398/12/29,0.0,0.0,0.0,3400000.0,0.0,3400000.0,0.0,1.0,1.0,,,,,,,,,,,,,,,,,
4e35602375bf56d08f1acbbff336611c,1399/03/31,0.0,0.0,0.0,3400000.0,50.0,5100000.0,0.0,1.0,1.0,,,,,,,,,,,,,,,,,
4e35602375bf56d08f1acbbff336611c,1399/06/31,0.0,0.0,0.0,5100000.0,0.0,5100000.0,0.0,1.0,1.0,,,,,,,,,,,,,,,,,
4e35602375bf56d08f1acbbff336611c,1399/09/30,0.0,0.0,0.0,5100000.0,0.0,5100000.0,0.0,1.0,1.0,,,,,,,,,,,,,,,,,
4e35602375bf56d08f1acbbff336611c,1399/12/30,783.0,0.0,0.0,5100000.0,5100000.0,0.0,3993300000.0,1.0,1.0,,,,,,,,,,,,,,,,,
4e35602375bf56d08f1acbbff336611c,1400/03/31,8.0,68.0,-88.0,5100000.0,5100000.0,0.0,40800000.0,1.0,1.0,,,,,,,,,,,,,,,,,
4e35602375bf56d08f1acbbff336611c,1400/06/31,59.0,472.0,-87.0,5100000.0,5100000.0,0.0,300900000.0,1.0,1.0,,,,,,,,,,,,,,,,,
4e35602375bf56d08f1acbbff336611c,1400/09/30,103.0,503.0,-80.0,5100000.0,5100000.0,0.0,525300000.0,1.0,1.0,,,,,,,,,,,,,,,,,
4e35602375bf56d08f1acbbff336611c,1400/12/29,422.0,0.0,0.0,7650000.0,5100000.0,50.0,3228300000.0,1.0,1.0,,,,,,,,,,,,,,,,,
4e35602375bf56d08f1acbbff336611c,1401/03/31,24.0,5.0,380.0,7650000.0,7650000.0,0.0,183600000.0,1.0,1.0,,,,,,,,,,,,,,,,,
4e35602375bf56d08f1acbbff336611c,1401/06/31,97.0,62.0,56.0,7650000.0,7650000.0,0.0,742050000.0,1.0,1.0,,,,,,,,,,,,,,,,,
4e35602375bf56d08f1acbbff336611c,1401/09/30,89.0,69.0,29.0,7650000.0,7650000.0,0.0,680850000.0,1.0,1.0,,,,,,,,,,,,,,,,,
4e35602375bf56d08f1acbbff336611c,1401/12/29,542.0,0.0,0.0,7650000.0,7650000.0,0.0,4146300000.0,1.0,1.0,,,,,,,,,,,,,,,,,
4e35602375bf56d08f1acbbff336611c,1402/03/31,45.0,24.0,88.0,7650000.0,7650000.0,0.0,344250000.0,1.0,1.0,,,,,,,,,,,,,,,,,
4e35602375bf56d08f1acbbff336611c,1402/06/31,92.0,67.0,37.0,7650000.0,7650000.0,0.0,703800000.0,1.0,1.0,,,,,,,,,,,,,,,,,
4e35602375bf56d08f1acbbff336611c,1402/09/30,118.0,89.0,33.0,7650000.0,7650000.0,0.0,902700000.0,1.0,1.0,,,,,,,,,,,,,,,,,
4e35602375bf56d08f1acbbff336611c,1402/12/29,620.0,0.0,0.0,11650000.0,7650000.0,52.0,7223000000.0,1.0,1.0,,,,,,,,,,,,,,,,,
4e35602375bf56d08f1acbbff336611c,1403/03/31,447.0,30.0,1390.0,1165000.0,11650000.0,-90.0,520755000.0,1.0,1.0,,,,,,,,,,,,,,,,,
4e35602375bf56d08f1acbbff336611c,1403/06/31,344.0,69.0,399.0,11650000.0,11650000.0,0.0,4007600000.0,1.0,1.0,,,,,,,,,,,,,,,,,
4e35602375bf56d08f1acbbff336611c,1403/09/30,376.0,78.0,665.0,11650000.0,11650000.0,11650000.0,4380400000.0,1.0,1.0,,,,,,,,,,,,,,,,,
4e35602375bf56d08f1acbbff336611c,1403/12/30,867.0,0.0,517.0,15000000.0,11650000.0,15000000.0,13005000000.0,1.0,1.0,,,,,,,,,,,,,,,,,
4e35602375bf56d08f1acbbff336611c,1404/03/31,34.0,55.0,867.0,15000000.0,15000000.0,15000000.0,510000000.0,1.0,1.0,,,,,,,,,,,,,,,,,
4e35602375bf56d08f1acbbff336611c,1404/06/31,144.0,280.0,866.0,15000000.0,15000000.0,15000000.0,2160000000.0,1.0,1.0,,,,,,,,,,,,,,,,,
4e35602375bf56d08f1acbbff336611c,1404/09/30,201.0,292.0,866.0,15000000.0,15000000.0,15000000.0,3015000000.0,1.0,1.0,,,,,,,,,,,,,,,,,
4e35602375bf56d08f1acbbff336611c,1404/12/29,2166.0,1331.0,,15000000.0,15000000.0,,32490000000.0,36825976.0,22808841.0,,,,,,,,,,,,,,,,,
4e35602375bf56d08f1acbbff336611c,1405/03/31,34.0,34.0,1230.0,15000000.0,15000000.0,15000000.0,510000000.0,440411.0,571851.0,,,,,,,,,,,,,,,,,
4e74a398d885cd61dfd07383641eb05f,1398/09/30,6704.0,5680.0,9830.0,6000000.0,6000000.0,6000000.0,40224000000.0,1.0,1.0,,,,,,,,,,,,,,,,,
4e74a398d885cd61dfd07383641eb05f,1398/12/29,6807.0,0.0,9830.0,6000000.0,6000000.0,6000000.0,40842000000.0,1.0,1.0,,,,,,,,,,,,,,,,,
4e74a398d885cd61dfd07383641eb05f,1399/03/31,3077.0,2785.0,9940.0,6000000.0,6000000.0,6000000.0,18462000000.0,1.0,1.0,,,,,,,,,,,,,,,,,
4e74a398d885cd61dfd07383641eb05f,1399/06/31,7133.0,4998.0,9940.0,6000000.0,6000000.0,6000000.0,42798000000.0,1.0,1.0,,,,,,,,,,,,,,,,,
4e74a398d885cd61dfd07383641eb05f,1399/09/30,10292.0,6704.0,9940.0,6000000.0,6000000.0,6000000.0,61752000000.0,1.0,1.0,,,,,,,,,,,,,,,,,
4e74a398d885cd61dfd07383641eb05f,1399/12/30,20807.0,0.0,9940.0,6000000.0,6000000.0,6000000.0,124842000000.0,1.0,1.0,,,,,,,,,,,,,,,,,
4e74a398d885cd61dfd07383641eb05f,1400/03/31,4581.0,3077.0,20371.0,6000000.0,6000000.0,6000000.0,27486000000.0,1.0,1.0,,,,,,,,,,,,,,,,,
4e74a398d885cd61dfd07383641eb05f,1400/06/31,7932.0,7050.0,20371.0,6000000.0,6000000.0,6000000.0,47592000000.0,1.0,1.0,,,,,,,,,,,,,,,,,
4e74a398d885cd61dfd07383641eb05f,1400/09/30,15058.0,10292.0,20371.0,6000000.0,6000000.0,6000000.0,90348000000.0,1.0,1.0,,,,,,,,,,,,,,,,,
4e74a398d885cd61dfd07383641eb05f,1400/12/29,337.0,0.0,257.0,476049077.0,6000000.0,476049077.0,160428538949.0,1.0,1.0,,,,,,,,,,,,,,,,,
4e74a398d885cd61dfd07383641eb05f,1401/03/31,81.0,58.0,337.0,476049076.0,476049076.0,476049076.0,38559975156.0,1.0,1.0,,,,,,,,,,,,,,,,,
4e74a398d885cd61dfd07383641eb05f,1401/06/31,127.0,100.0,337.0,476049076.0,476049076.0,476049076.0,60458232652.0,1.0,1.0,,,,,,,,,,,,,,,,,
4e74a398d885cd61dfd07383641eb05f,1401/09/30,165.0,190.0,337.0,476049076.0,476049076.0,476049076.0,78548097540.0,1.0,1.0,,,,,,,,,,,,,,,,,
4e74a398d885cd61dfd07383641eb05f,1401/12/29,305.0,0.0,337.0,476049076.0,476049076.0,476049076.0,145194968180.0,1.0,1.0,,,,,,,,,,,,,,,,,
4e74a398d885cd61dfd07383641eb05f,1402/03/31,78.0,81.0,305.0,476049076.0,476049076.0,476049076.0,37131827928.0,1.0,1.0,,,,,,,,,,,,,,,,,
4e74a398d885cd61dfd07383641eb05f,1402/06/31,103.0,127.0,305.0,476049076.0,476049076.0,476049076.0,49033054828.0,1.0,1.0,,,,,,,,,,,,,,,,,
4e74a398d885cd61dfd07383641eb05f,1402/09/30,153.0,165.0,305.0,476049076.0,476049076.0,476049076.0,72835508628.0,1.0,1.0,,,,,,,,,,,,,,,,,
4e74a398d885cd61dfd07383641eb05f,1402/12/29,280.0,0.0,305.0,476049076.0,476049076.0,476049076.0,133293741280.0,1.0,1.0,,,,,,,,,,,,,,,,,
4e74a398d885cd61dfd07383641eb05f,1403/03/31,61.0,78.0,280.0,476049076.0,476049076.0,476049076.0,29038993636.0,1.0,1.0,,,,,,,,,,,,,,,,,
4e74a398d885cd61dfd07383641eb05f,1403/06/31,115.0,103.0,280.0,476049076.0,476049076.0,476049076.0,54745643740.0,1.0,1.0,,,,,,,,,,,,,,,,,
4e74a398d885cd61dfd07383641eb05f,1403/09/30,178.0,153.0,280.0,476049076.0,476049076.0,476049076.0,84736735528.0,1.0,1.0,,,,,,,,,,,,,,,,,
4e74a398d885cd61dfd07383641eb05f,1403/12/30,389.0,0.0,280.0,476049076.0,476049076.0,476049076.0,185183090564.0,1.0,1.0,,,,,,,,,,,,,,,,,
4e74a398d885cd61dfd07383641eb05f,1404/03/31,64.0,61.0,389.0,476049076.0,476049076.0,476049076.0,30467140864.0,1.0,1.0,,,,,,,,,,,,,,,,,
4e74a398d885cd61dfd07383641eb05f,1404/06/31,90.0,95.0,389.0,476049076.0,476049076.0,476049076.0,42844416840.0,1.0,1.0,,,,,,,,,,,,,,,,,
4e74a398d885cd61dfd07383641eb05f,1404/09/30,5155.0,4988.0,9830.0,6000000.0,6000000.0,6000000.0,64742674336.0,1.0,1.0,,,,,,,,,,,,,,,,,
4e74a398d885cd61dfd07383641eb05f,1404/12/29,536.0,0.0,389.0,476049077.0,0.0,476049077.0,255162305272.0,500.0,36.0,,,,,,,,,,,,,,,,,
4e74a398d885cd61dfd07383641eb05f,1405/03/31,66.0,56.0,482.0,546049076.0,546049076.0,546049076.0,36039239016.0,35169720.0,35549804.0,,,,,,,,,,,,,,,,,
4f8054584021b10a15fe091d8973bf6f,1398/06/31,641.0,230.0,802.0,44000000.0,44000000.0,44000000.0,28204000000.0,529.0,112.0,,,,,,,,,,,,,,,,,
4f8054584021b10a15fe091d8973bf6f,1398/09/30,883.0,492.0,804.0,44000000.0,44000000.0,44000000.0,38852000000.0,703.0,180.0,,,,,,,,,,,,,,,,,
4f8054584021b10a15fe091d8973bf6f,1398/12/29,732.0,0.0,804.0,44000000.0,24000000.0,44000000.0,32208000000.0,475.0,257.0,,,,,,,,,,,,,,,,,
4f8054584021b10a15fe091d8973bf6f,1399/03/31,303.0,336.0,744.0,44000000.0,44000000.0,44000000.0,13332000000.0,216.0,87.0,,,,,,,,,,,,,,,,,
4f8054584021b10a15fe091d8973bf6f,1399/06/31,348.0,376.0,437.0,75000000.0,75000000.0,75000000.0,26100000000.0,247.0,101.0,,,,,,,,,,,,,,,,,
4f8054584021b10a15fe091d8973bf6f,1399/09/30,610.0,518.0,437.0,75000000.0,75000000.0,75000000.0,45750000000.0,450.0,160.0,,,,,,,,,,,,,,,,,
4f8054584021b10a15fe091d8973bf6f,1399/12/30,1049.0,0.0,437.0,75000000.0,44000000.0,75000000.0,78675000000.0,817.0,232.0,,,,,,,,,,,,,,,,,
4f8054584021b10a15fe091d8973bf6f,1400/03/31,343.0,178.0,1477.0,75000000.0,75000000.0,75000000.0,25725000000.0,256.0,87.0,,,,,,,,,,,,,,,,,
4f8054584021b10a15fe091d8973bf6f,1400/06/31,757.0,331.0,1477.0,75000000.0,75000000.0,75000000.0,56775000000.0,541.0,216.0,,,,,,,,,,,,,,,,,
4f8054584021b10a15fe091d8973bf6f,1400/09/30,617.0,269.0,652.0,170000000.0,170000000.0,170000000.0,104890000000.0,471.0,146.0,,,,,,,,,,,,,,,,,
4f8054584021b10a15fe091d8973bf6f,1400/12/29,851.0,0.0,652.0,170000000.0,75000000.0,170000000.0,144670000000.0,645.0,206.0,,,,,,,,,,,,,,,,,
4f8054584021b10a15fe091d8973bf6f,1401/03/31,599.0,151.0,905.0,170000000.0,170000000.0,170000000.0,101830000000.0,544.0,55.0,,,,,,,,,,,,,,,,,
4f8054584021b10a15fe091d8973bf6f,1401/06/31,927.0,334.0,905.0,170000000.0,170000000.0,170000000.0,157590000000.0,762.0,171.0,,,,,,,,,,,,,,,,,
4f8054584021b10a15fe091d8973bf6f,1401/09/30,833.0,381.0,560.0,275000000.0,275000000.0,275000000.0,229075000000.0,630.0,203.0,,,,,,,,,,,,,,,,,
4f8054584021b10a15fe091d8973bf6f,1401/12/29,1088.0,0.0,560.0,275000000.0,170000000.0,275000000.0,299200000000.0,852.0,243.0,,,,,,,,,,,,,,,,,
4f8054584021b10a15fe091d8973bf6f,1402/03/31,143.0,370.0,1088.0,275000000.0,275000000.0,275000000.0,39325000000.0,73.0,70.0,,,,,,,,,,,,,,,,,
4f8054584021b10a15fe091d8973bf6f,1402/06/31,450.0,593.0,1088.0,275000000.0,275000000.0,275000000.0,123750000000.0,299.0,151.0,,,,,,,,,,,,,,,,,
4f8054584021b10a15fe091d8973bf6f,1402/09/30,606.0,833.0,1088.0,275000000.0,275000000.0,275000000.0,166650000000.0,380.0,226.0,,,,,,,,,,,,,,,,,
4f8054584021b10a15fe091d8973bf6f,1402/12/29,508.0,0.0,767.0,390000000.0,275000000.0,390000000.0,198120000000.0,302.0,206.0,,,,,,,,,,,,,,,,,
4f8054584021b10a15fe091d8973bf6f,1403/03/31,75.0,101.0,647.0,390000000.0,390000000.0,390000000.0,29250000000.0,60.0,15.0,,,,,,,,,,,,,,,,,
4f8054584021b10a15fe091d8973bf6f,1403/06/31,240.0,291.0,647.0,390000000.0,390000000.0,390000000.0,93600000000.0,190.0,51.0,,,,,,,,,,,,,,,,,
4f8054584021b10a15fe091d8973bf6f,1403/09/30,364.0,427.0,647.0,390000000.0,390000000.0,390000000.0,141960000000.0,308.0,56.0,,,,,,,,,,,,,,,,,
4f8054584021b10a15fe091d8973bf6f,1403/12/30,387.0,0.0,467.0,539500000.0,390000000.0,539500000.0,208786500000.0,263.0,87.0,,,,,,,,,,,,,,,,,
4f8054584021b10a15fe091d8973bf6f,1404/03/31,192.0,54.0,447.0,539500000.0,539500000.0,539500000.0,103584000000.0,176.0,16.0,,,,,,,,,,,,,,,,,
4f8054584021b10a15fe091d8973bf6f,1404/06/31,423.0,159.0,447.0,539500000.0,539500000.0,539500000.0,228208500000.0,381.0,44.0,,,,,,,,,,,,,,,,,
4f8054584021b10a15fe091d8973bf6f,1404/09/30,834.0,263.0,447.0,539500000.0,539500000.0,539500000.0,449943000000.0,769.0,65.0,,,,,,,,,,,,,,,,,
4f8054584021b10a15fe091d8973bf6f,1404/12/29,1224.0,0.0,316.0,652500000.0,539500000.0,652500000.0,798660000000.0,1159.0,90.0,,,,,,,,,,,,,,,,,
4f8054584021b10a15fe091d8973bf6f,1405/03/31,324.0,159.0,1249.0,652500000.0,652500000.0,652500000.0,211410000000.0,249123388.0,118617714.0,971214854.0,1454356757.0,1094921974.0,4568656709.0,0.0,12323106.0,211542185.0,103454821.0,814823980.0,43937916.0,60385410.0,215812005.0,2236899802.0,1418662153.0,486833074.0,417458119.0,1750066728.0
508279539a385693bd947ea986985bb4,1398/06/31,723.0,0.0,0.0,515000.0,515000.0,0.0,372345000.0,1.0,1.0,,,,,,,,,,,,,,,,,
508279539a385693bd947ea986985bb4,1398/09/30,185.0,169.0,752.0,515000.0,515000.0,515000.0,95275000.0,1.0,1.0,,,,,,,,,,,,,,,,,
508279539a385693bd947ea986985bb4,1398/12/29,358.0,304.0,752.0,515000.0,515000.0,515000.0,184370000.0,1.0,1.0,,,,,,,,,,,,,,,,,
508279539a385693bd947ea986985bb4,1399/03/31,672.0,599.0,752.0,515000.0,515000.0,515000.0,346080000.0,1.0,1.0,,,,,,,,,,,,,,,,,
508279539a385693bd947ea986985bb4,1399/06/31,860.0,0.0,752.0,515000.0,515000.0,515000.0,442900000.0,1.0,1.0,,,,,,,,,,,,,,,,,
508279539a385693bd947ea986985bb4,1399/09/30,483.0,185.0,817.0,515000.0,515000.0,515000.0,248745000.0,1.0,1.0,,,,,,,,,,,,,,,,,
508279539a385693bd947ea986985bb4,1399/12/30,934.0,294.0,817.0,515000.0,515000.0,515000.0,481010000.0,1.0,1.0,,,,,,,,,,,,,,,,,
508279539a385693bd947ea986985bb4,1400/03/31,423.0,672.0,817.0,775500.0,515000.0,515000.0,328036500.0,1.0,1.0,,,,,,,,,,,,,,,,,
508279539a385693bd947ea986985bb4,1400/06/31,492.0,0.0,817.0,775500.0,515000.0,515000.0,381546000.0,1.0,1.0,,,,,,,,,,,,,,,,,
508279539a385693bd947ea986985bb4,1400/09/30,109.0,483.0,939.0,775500.0,515000.0,775500.0,84529500.0,1.0,1.0,,,,,,,,,,,,,,,,,
508279539a385693bd947ea986985bb4,1400/12/29,44.0,648.0,817.0,775500.0,515000.0,775500.0,34122000.0,1.0,1.0,,,,,,,,,,,,,,,,,
508279539a385693bd947ea986985bb4,1401/03/31,99.0,423.0,817.0,1100000.0,775500.0,775500.0,108900000.0,1.0,1.0,,,,,,,,,,,,,,,,,
508279539a385693bd947ea986985bb4,1401/06/31,35.0,0.0,817.0,1100000.0,775500.0,775500.0,38500000.0,1.0,1.0,,,,,,,,,,,,,,,,,
508279539a385693bd947ea986985bb4,1401/09/30,241.0,109.0,315.0,1100000.0,775500.0,1100000.0,265100000.0,1.0,1.0,,,,,,,,,,,,,,,,,
508279539a385693bd947ea986985bb4,1401/12/29,462.0,43.0,315.0,1100000.0,775500.0,1100000.0,508200000.0,1.0,1.0,,,,,,,,,,,,,,,,,
508279539a385693bd947ea986985bb4,1402/03/31,637.0,99.0,315.0,1100000.0,1100000.0,1100000.0,700700000.0,1.0,1.0,,,,,,,,,,,,,,,,,
508279539a385693bd947ea986985bb4,1402/06/31,950.0,0.0,315.0,1100000.0,1100000.0,1100000.0,1045000000.0,1.0,1.0,,,,,,,,,,,,,,,,,
508279539a385693bd947ea986985bb4,1402/09/30,335.0,241.0,997.0,1100000.0,1100000.0,1100000.0,368500000.0,1.0,1.0,,,,,,,,,,,,,,,,,
508279539a385693bd947ea986985bb4,1402/12/29,457.0,383.0,997.0,1650000.0,1100000.0,1100000.0,754050000.0,1.0,1.0,,,,,,,,,,,,,,,,,
508279539a385693bd947ea986985bb4,1403/03/31,607.0,637.0,997.0,1650000.0,1100000.0,1100000.0,1001550000.0,1.0,1.0,,,,,,,,,,,,,,,,,
508279539a385693bd947ea986985bb4,1403/06/31,114.0,0.0,997.0,1650000.0,1100000.0,1100000.0,188100000.0,1.0,1.0,,,,,,,,,,,,,,,,,
508279539a385693bd947ea986985bb4,1403/09/30,290.0,335.0,833.0,1650000.0,1100000.0,1650000.0,478500000.0,1.0,1.0,,,,,,,,,,,,,,,,,
508279539a385693bd947ea986985bb4,1403/12/30,633.0,424.0,833.0,1650000.0,1650000.0,1650000.0,1044450000.0,1.0,1.0,,,,,,,,,,,,,,,,,
508279539a385693bd947ea986985bb4,1404/03/31,1037.0,607.0,833.0,1650000.0,1650000.0,1650000.0,1711050000.0,1.0,1.0,,,,,,,,,,,,,,,,,
508279539a385693bd947ea986985bb4,1404/06/31,1973.0,0.0,833.0,1650000.0,1650000.0,1650000.0,3255450000.0,1.0,1.0,,,,,,,,,,,,,,,,,
508279539a385693bd947ea986985bb4,1404/09/30,40.0,124.0,1155.0,11400000.0,1650000.0,1650000.0,456000000.0,1.0,1.0,,,,,,,,,,,,,,,,,
508279539a385693bd947ea986985bb4,1404/12/29,97.0,330.0,1155.0,11400000.0,1650000.0,1650000.0,1105800000.0,2553721.0,1061917.0,,,,,,,,,,,,,,,,,
5273ccc375234a373922892e70dffc5d,1398/06/31,417.0,288.0,348.0,360000.0,360000.0,360000.0,150120000.0,1.0,1.0,,,,,,,,,,,,,,,,,
5273ccc375234a373922892e70dffc5d,1398/09/30,596.0,216.0,348.0,360000.0,360000.0,360000.0,214560000.0,1.0,1.0,,,,,,,,,,,,,,,,,
5273ccc375234a373922892e70dffc5d,1398/12/29,513.0,0.0,348.0,360000.0,360000.0,360000.0,184680000.0,1.0,1.0,,,,,,,,,,,,,,,,,
5273ccc375234a373922892e70dffc5d,1399/03/31,475.0,197.0,352.0,360000.0,360000.0,360000.0,171000000.0,1.0,1.0,,,,,,,,,,,,,,,,,
5273ccc375234a373922892e70dffc5d,1399/06/31,1693.0,591.0,352.0,360000.0,360000.0,360000.0,609480000.0,1.0,1.0,,,,,,,,,,,,,,,,,
5273ccc375234a373922892e70dffc5d,1399/09/30,2212.0,596.0,352.0,360000.0,360000.0,360000.0,796320000.0,1.0,1.0,,,,,,,,,,,,,,,,,
5273ccc375234a373922892e70dffc5d,1399/12/30,2479.0,0.0,352.0,360000.0,360000.0,360000.0,892440000.0,1.0,1.0,,,,,,,,,,,,,,,,,
5273ccc375234a373922892e70dffc5d,1400/03/31,1390.0,475.0,2536.0,360000.0,360000.0,360000.0,500400000.0,1.0,1.0,,,,,,,,,,,,,,,,,
5273ccc375234a373922892e70dffc5d,1400/06/31,2714.0,1781.0,2536.0,360000.0,360000.0,360000.0,977040000.0,1.0,1.0,,,,,,,,,,,,,,,,,
5273ccc375234a373922892e70dffc5d,1400/09/30,3499.0,2212.0,2536.0,360000.0,360000.0,360000.0,1259640000.0,1.0,1.0,,,,,,,,,,,,,,,,,
5273ccc375234a373922892e70dffc5d,1400/12/29,3598.0,0.0,2536.0,360000.0,360000.0,360000.0,1295280000.0,1.0,1.0,,,,,,,,,,,,,,,,,
5273ccc375234a373922892e70dffc5d,1401/03/31,1519.0,1390.0,3733.0,360000.0,360000.0,360000.0,546840000.0,1.0,1.0,,,,,,,,,,,,,,,,,
5273ccc375234a373922892e70dffc5d,1401/06/31,2659.0,2715.0,3733.0,360000.0,360000.0,360000.0,957240000.0,1.0,1.0,,,,,,,,,,,,,,,,,
5273ccc375234a373922892e70dffc5d,1401/09/30,2270.0,3499.0,3733.0,360000.0,360000.0,360000.0,817200000.0,1.0,1.0,,,,,,,,,,,,,,,,,
5273ccc375234a373922892e70dffc5d,1401/12/29,1103.0,0.0,3733.0,360000.0,360000.0,360000.0,397080000.0,1.0,1.0,,,,,,,,,,,,,,,,,
5273ccc375234a373922892e70dffc5d,1402/03/31,599.0,1519.0,1113.0,360000.0,360000.0,360000.0,215640000.0,1.0,1.0,,,,,,,,,,,,,,,,,
5273ccc375234a373922892e70dffc5d,1402/06/31,7120.0,2145.0,1113.0,360000.0,360000.0,360000.0,2563200000.0,1.0,1.0,,,,,,,,,,,,,,,,,
5273ccc375234a373922892e70dffc5d,1402/09/30,6777.0,2270.0,1113.0,360000.0,360000.0,360000.0,2439720000.0,1.0,1.0,,,,,,,,,,,,,,,,,
5273ccc375234a373922892e70dffc5d,1402/12/29,3156.0,0.0,1113.0,360000.0,360000.0,360000.0,1136160000.0,1.0,1.0,,,,,,,,,,,,,,,,,
5273ccc375234a373922892e70dffc5d,1403/03/31,1997.0,601.0,3457.0,360000.0,360000.0,360000.0,718920000.0,1.0,1.0,,,,,,,,,,,,,,,,,
5273ccc375234a373922892e70dffc5d,1403/06/31,6270.0,6423.0,3467.0,360000.0,360000.0,360000.0,2257200000.0,1.0,1.0,,,,,,,,,,,,,,,,,
5273ccc375234a373922892e70dffc5d,1403/09/30,7032.0,6777.0,3457.0,360000.0,360000.0,360000.0,2531520000.0,1.0,1.0,,,,,,,,,,,,,,,,,
5273ccc375234a373922892e70dffc5d,1403/12/30,3595.0,0.0,3457.0,360000.0,360000.0,360000.0,1294200000.0,1.0,1.0,,,,,,,,,,,,,,,,,
5273ccc375234a373922892e70dffc5d,1404/03/31,2581.0,1997.0,4367.0,360000.0,360000.0,360000.0,929160000.0,1.0,1.0,,,,,,,,,,,,,,,,,
5273ccc375234a373922892e70dffc5d,1404/06/31,10882.0,5581.0,2145.0,360000.0,360000.0,360000.0,3917520000.0,1.0,1.0,,,,,,,,,,,,,,,,,
5273ccc375234a373922892e70dffc5d,1404/09/30,14643.0,0.0,7032.0,360000.0,0.0,360000.0,5271480000.0,-46.905859455029706,100.0,,,,,,,,,,,,,,,,,
5273ccc375234a373922892e70dffc5d,1404/12/29,4541.0,2145.0,,360000.0,360000.0,,1634760000.0,11146805.0,6116904.0,,,,,,,,,,,,,,,,,
5273ccc375234a373922892e70dffc5d,1405/03/31,5072.0,2581.0,4541.0,360000.0,360000.0,360000.0,1825920000.0,4301002.0,1532337.0,,,,,,,,,,,,,,,,,
5275e513e2842a3b390ae43faa530d06,1398/06/31,262.0,241.0,513.0,200000.0,200000.0,200000.0,52400000.0,71955.0,52779.0,,,,,,,,,,,,,,,,,
5275e513e2842a3b390ae43faa530d06,1398/09/30,409.0,405.0,513.0,200000.0,200000.0,200000.0,81800000.0,113928.0,95863.0,,,,,,,,,,,,,,,,,
5275e513e2842a3b390ae43faa530d06,1398/12/29,786.0,513.0,,200000.0,200000.0,,157200000.0,208014.0,139554.0,,,,,,,,,,,,,,,,,
5275e513e2842a3b390ae43faa530d06,1399/03/31,96.0,124.0,786.0,200000.0,200000.0,200000.0,19200000.0,28484.0,35593.0,,,,,,,,,,,,,,,,,
5275e513e2842a3b390ae43faa530d06,1399/06/31,64.0,262.0,786.0,1574045.0,200000.0,200000.0,100738880.0,138320.0,71955.0,,,,,,,,,,,,,,,,,
5275e513e2842a3b390ae43faa530d06,1399/09/30,117.0,52.0,100.0,1574045.0,1574045.0,1574045.0,184163265.0,254621.0,113928.0,,,,,,,,,,,,,,,,,
5275e513e2842a3b390ae43faa530d06,1399/12/30,193.0,100.0,,1574045.0,1574045.0,,303790685.0,402961.0,208014.0,,,,,,,,,,,,,,,,,
5275e513e2842a3b390ae43faa530d06,1400/03/31,37.0,12.0,193.0,1574045.0,1574045.0,1574045.0,58239665.0,82671.0,28484.0,,,,,,,,,,,,,,,,,
5275e513e2842a3b390ae43faa530d06,1400/06/31,94.0,64.0,193.0,1574045.0,1574045.0,1574045.0,147960230.0,239642.0,138321.0,,,,,,,,,,,,,,,,,
5275e513e2842a3b390ae43faa530d06,1400/09/30,171.0,117.0,193.0,1574045.0,1574045.0,1574045.0,269161695.0,415007.0,254621.0,,,,,,,,,,,,,,,,,
5275e513e2842a3b390ae43faa530d06,1400/12/29,205.0,193.0,,1574045.0,1574045.0,,322679225.0,507715.0,402961.0,,,,,,,,,,,,,,,,,
5275e513e2842a3b390ae43faa530d06,1401/03/31,160.0,37.0,205.0,1574045.0,1574045.0,1574045.0,251847200.0,339120.0,82671.0,,,,,,,,,,,,,,,,,
5275e513e2842a3b390ae43faa530d06,1401/06/31,459.0,94.0,205.0,1574045.0,1574045.0,1574045.0,722486655.0,965020.0,239642.0,,,,,,,,,,,,,,,,,
5275e513e2842a3b390ae43faa530d06,1401/09/30,602.0,171.0,205.0,1574045.0,1574045.0,1574045.0,947575090.0,1278612.0,415007.0,,,,,,,,,,,,,,,,,
5275e513e2842a3b390ae43faa530d06,1401/12/29,795.0,188.0,,1718000.0,1718000.0,,1365810000.0,1746633.0,507715.0,,,,,,,,,,,,,,,,,
5275e513e2842a3b390ae43faa530d06,1402/03/31,112.0,147.0,795.0,1718000.0,1718000.0,1718000.0,192416000.0,278629.0,339120.0,,,,,,,,,,,,,,,,,
5275e513e2842a3b390ae43faa530d06,1402/06/31,263.0,420.0,795.0,1718000.0,1718000.0,1718000.0,451834000.0,619312.0,965021.0,,,,,,,,,,,,,,,,,
5275e513e2842a3b390ae43faa530d06,1402/09/30,373.0,552.0,795.0,1718000.0,1718000.0,1718000.0,640814000.0,944089.0,1278611.0,,,,,,,,,,,,,,,,,
5275e513e2842a3b390ae43faa530d06,1402/10/30,375.0,663.0,795.0,1718000.0,1718000.0,1718000.0,644250000.0,973366.0,1455527.0,,,,,,,,,,,,,,,,,
5275e513e2842a3b390ae43faa530d06,1403/01/31,83.0,112.0,375.0,2363000.0,1718000.0,1718000.0,196129000.0,331039.0,278629.0,,,,,,,,,,,,,,,,,
5275e513e2842a3b390ae43faa530d06,1403/04/31,204.0,191.0,273.0,2363000.0,2363000.0,2363000.0,482052000.0,736298.0,618405.0,,,,,,,,,,,,,,,,,
5275e513e2842a3b390ae43faa530d06,1403/07/30,301.0,243.0,273.0,2363000.0,2636000.0,2363000.0,711263000.0,1098520.0,944089.0,,,,,,,,,,,,,,,,,
5275e513e2842a3b390ae43faa530d06,1403/09/30,416.0,273.0,273.0,2363000.0,2363000.0,2363000.0,983008000.0,1429868.0,973366.0,,,,,,,,,,,,,,,,,
5275e513e2842a3b390ae43faa530d06,1403/12/30,141.0,83.0,416.0,2363000.0,2363000.0,2363000.0,333183000.0,527312.0,331040.0,,,,,,,,,,,,,,,,,
5275e513e2842a3b390ae43faa530d06,1404/03/31,337.0,204.0,416.0,2363000.0,2363000.0,2363000.0,796331000.0,1235298.0,735542.0,,,,,,,,,,,,,,,,,
5275e513e2842a3b390ae43faa530d06,1404/06/31,545.0,301.0,416.0,2363000.0,2363000.0,2363000.0,1287835000.0,2002955.0,1098520.0,,,,,,,,,,,,,,,,,
5275e513e2842a3b390ae43faa530d06,1404/09/30,838.0,416.0,,2363000.0,2363000.0,,1980194000.0,2968912.0,1429868.0,,,,,,,,,,,,,,,,,
5275e513e2842a3b390ae43faa530d06,1404/12/29,286.0,141.0,838.0,2363000.0,2363000.0,2363000.0,675818000.0,1136984.0,527278.0,,,,,,,,,,,,,,,,,
5275e513e2842a3b390ae43faa530d06,1405/03/31,996.0,337.0,838.0,2363000.0,2363000.0,2363000.0,2353548000.0,3684161.0,1235298.0,,31405731.0,14321624.0,,-674469.0,20268.0,,,,,,,,,,,
549b1892b8d2c12be65851e10d9d9253,1398/06/31,456.0,183.0,103.0,2760000.0,2760000.0,2760000.0,1258560000.0,358.0,98.0,,,,,,,,,,,,,,,,,
549b1892b8d2c12be65851e10d9d9253,1398/12/29,710.0,0.0,103.0,2760000.0,2760000.0,2760000.0,1959600000.0,657.0,53.0,,,,,,,,,,,,,,,,,
549b1892b8d2c12be65851e10d9d9253,1399/06/31,420.0,456.0,655.0,2959301.0,2760000.0,2760000.0,1242906420.0,485.0,-34.0,,,,,,,,,,,,,,,,,
549b1892b8d2c12be65851e10d9d9253,1399/12/30,951.0,0.0,710.0,2959301.0,2760000.0,2760000.0,2814295251.0,943.0,8.0,,,,,,,,,,,,,,,,,
549b1892b8d2c12be65851e10d9d9253,1400/03/31,464.0,144.0,951.0,2959301.0,2959301.0,2959301.0,1373115664.0,433.0,31.0,,,,,,,,,,,,,,,,,
549b1892b8d2c12be65851e10d9d9253,1400/06/31,804.0,450.0,951.0,2959301.0,2760000.0,2959301.0,2379278004.0,693.0,111.0,,,,,,,,,,,,,,,,,
549b1892b8d2c12be65851e10d9d9253,1400/09/30,1264.0,835.0,951.0,2959301.0,2760000.0,2959301.0,3740556464.0,1174.0,90.0,,,,,,,,,,,,,,,,,
549b1892b8d2c12be65851e10d9d9253,1400/12/29,1585.0,0.0,951.0,2959301.0,3158602.0,2959301.0,4690492085.0,1452.0,133.0,,,,,,,,,,,,,,,,,
549b1892b8d2c12be65851e10d9d9253,1401/03/31,532.0,464.0,1658.0,2959301.0,2959301.0,2959301.0,1574348132.0,531.0,1.0,,,,,,,,,,,,,,,,,
549b1892b8d2c12be65851e10d9d9253,1401/06/31,1247.0,804.0,1658.0,2959301.0,2959301.0,2959301.0,3690248347.0,1250.0,-3.0,,,,,,,,,,,,,,,,,
549b1892b8d2c12be65851e10d9d9253,1401/09/30,1876.0,1264.0,1658.0,2959301.0,2959301.0,2959301.0,5551648676.0,1910.0,-34.0,,,,,,,,,,,,,,,,,
549b1892b8d2c12be65851e10d9d9253,1401/12/29,2508.0,0.0,1658.0,2959301.0,2959301.0,2959301.0,7421926908.0,2411.0,97.0,,,,,,,,,,,,,,,,,
549b1892b8d2c12be65851e10d9d9253,1402/03/31,1139.0,532.0,2495.0,2959301.0,2959301.0,2959301.0,3370643839.0,1084.0,55.0,,,,,,,,,,,,,,,,,
549b1892b8d2c12be65851e10d9d9253,1402/06/31,2458.0,1234.0,2495.0,2959301.0,2959301.0,2959301.0,7273961858.0,2284.0,174.0,,,,,,,,,,,,,,,,,
549b1892b8d2c12be65851e10d9d9253,1402/09/30,3821.0,1876.0,2495.0,2959301.0,2959301.0,2959301.0,11307489121.0,3556.0,265.0,,,,,,,,,,,,,,,,,
549b1892b8d2c12be65851e10d9d9253,1402/12/29,4328.0,0.0,2495.0,2959301.0,2959301.0,2959301.0,12807854728.0,3869.0,458.0,,,,,,,,,,,,,,,,,
549b1892b8d2c12be65851e10d9d9253,1403/03/31,1270.0,1139.0,4262.0,2959301.0,2959301.0,2959301.0,3758312270.0,1024.0,246.0,,,,,,,,,,,,,,,,,
549b1892b8d2c12be65851e10d9d9253,1403/06/31,3194.0,2445.0,4262.0,2959301.0,2959301.0,2959301.0,9452007394.0,2784.0,410.0,,,,,,,,,,,,,,,,,
549b1892b8d2c12be65851e10d9d9253,1403/09/30,5137.0,3821.0,4262.0,2959301.0,2959301.0,2959301.0,15201929237.0,4322.0,815.0,,,,,,,,,,,,,,,,,
549b1892b8d2c12be65851e10d9d9253,1403/12/30,7089.0,0.0,4262.0,2959301.0,2959301.0,2959301.0,20978484789.0,5986.0,1103.0,,,,,,,,,,,,,,,,,
549b1892b8d2c12be65851e10d9d9253,1404/03/31,3132.0,1270.0,7115.0,2959301.0,2959301.0,2959301.0,9268530732.0,2603.0,529.0,,,,,,,,,,,,,,,,,
549b1892b8d2c12be65851e10d9d9253,1404/06/31,5219.0,3193.0,7115.0,2959301.0,2959301.0,2959301.0,15444591919.0,4518.0,701.0,,,,,,,,,,,,,,,,,
549b1892b8d2c12be65851e10d9d9253,1404/09/30,7737.0,5137.0,7115.0,2959301.0,2959301.0,2959301.0,22896111837.0,6707.0,1030.0,,,,,,,,,,,,,,,,,
549b1892b8d2c12be65851e10d9d9253,1404/12/29,9859.0,0.0,7115.0,2959301.0,2959301.0,2959301.0,29175748559.0,8114.0,1745.0,,,,,,,,,,,,,,,,,
549b1892b8d2c12be65851e10d9d9253,1405/03/31,3477.0,3132.0,9860.0,2959301.0,2959301.0,2959301.0,10289489577.0,11142921.0,9143517.0,,,,,,,,,,,,,,,,,
54e663798b0e261d5e3fef1f8da6430e,1398/03/31,0.0,0.0,0.0,6285345.0,9.0,0.0,0.0,1.0,1.0,,,,,,,,,,,,,,,,,
54e663798b0e261d5e3fef1f8da6430e,1398/06/31,368.0,651.0,2467.0,1000000.0,1000000.0,1000000.0,368000000.0,1.0,1.0,1683163.0,808001.0,1027754.0,2168453.0,-13934.0,24537.0,367703.0,650935.0,2466691.0,224208.0,-294431.0,-365544.0,5400584.0,4059663.0,716029.0,705571.0,4684555.0
54e663798b0e261d5e3fef1f8da6430e,1398/09/30,1588.0,1672.0,2749.0,1000000.0,1000000.0,1000000.0,1588000000.0,1.0,1.0,2805265.0,3715437.0,2816835.0,4259234.0,-27218.0,41804.0,1588470.0,1672382.0,2748606.0,343828.0,-533049.0,10560.0,7961777.0,6196122.0,1174832.0,1159335.0,6786945.0
54e663798b0e261d5e3fef1f8da6430e,1398/12/29,6992.0,0.0,2749.0,1000000.0,1000000.0,1000000.0,6992000000.0,1.0,1.0,,5185150.0,4259234.0,,-44464.0,4800630.0,6992020.0,2748606.0,,-163856.0,10559.0,,13389742.0,11448397.0,1026676.0,1018925.0,12363066.0
54e663798b0e261d5e3fef1f8da6430e,1399/03/31,6658.0,343.0,6992.0,1000000.0,1000000.0,1000000.0,6658000000.0,1.0,1.0,2261418.0,1451480.0,577202.0,5185150.0,-26294.0,4927489.0,6658331.0,342943.0,6991995.0,3464563.0,68442.0,-164430.0,20366518.0,18363988.0,2381282.0,2366582.0,17985236.0
54e663798b0e261d5e3fef1f8da6430e,1399/06/31,12686.0,532.0,6992.0,1000000.0,1000000.0,1000000.0,12686000000.0,1.0,1.0,2261418.0,5901446.0,1456595.0,5185150.0,-31845.0,7313805.0,12685802.0,532459.0,6991995.0,4068604.0,107924.0,-164430.0,26295456.0,16180560.0,2059737.0,2035516.0,24235719.0
54e663798b0e261d5e3fef1f8da6430e,1399/09/30,1643.0,159.0,699.0,10000000.0,10000000.0,10000000.0,16430000000.0,1.0,1.0,2261418.0,11196963.0,3715437.0,5185150.0,-42665.0,7603751.0,16429412.0,1588470.0,6991996.0,1645103.0,343828.0,-164430.0,31444313.0,20824719.0,2729884.0,2703917.0,28714429.0
54e663798b0e261d5e3fef1f8da6430e,1399/12/30,1581.0,0.0,699.0,10000000.0,1000000.0,10000000.0,15810000000.0,1.0,1.0,,13777969.0,5185150.0,,-86168.0,7805369.0,15811237.0,6991996.0,,2277571.0,-165005.0,,31633487.0,20301322.0,4969896.0,4955137.0,26663591.0
54e663798b0e261d5e3fef1f8da6430e,1400/03/31,68.0,666.0,903.0,10000000.0,10000000.0,10000000.0,680000000.0,1.0,1.0,8260226.0,2141102.0,1451480.0,13777969.0,-147044.0,89313.0,682759.0,6658331.0,9032566.0,-2661083.0,3464563.0,1990511.0,33560500.0,22010396.0,8837945.0,8814929.0,24722555.0
54e663798b0e261d5e3fef1f8da6430e,1400/06/31,328.0,590.0,903.0,10000000.0,10000000.0,10000000.0,3280000000.0,1.0,1.0,8260226.0,9111302.0,5710268.0,13777969.0,-184485.0,116380.0,3275188.0,5904355.0,9032566.0,-943948.0,-2565436.0,1990510.0,33229936.0,21926252.0,5890028.0,5861181.0,27339908.0
54e663798b0e261d5e3fef1f8da6430e,1400/09/30,396.0,969.0,903.0,10000000.0,10000000.0,10000000.0,3960000000.0,1.0,1.0,8260226.0,11988570.0,11196963.0,13777969.0,-320646.0,207240.0,3964402.0,9693470.0,9032566.0,-4753318.0,1645103.0,1990510.0,36677899.0,25597316.0,8812111.0,8778187.0,27865788.0
54e663798b0e261d5e3fef1f8da6430e,1400/12/29,373.0,0.0,903.0,10000000.0,10000000.0,10000000.0,3730000000.0,1.0,1.0,,15046246.0,13777969.0,,-506742.0,214937.0,3725879.0,9032566.0,,4902915.0,1990510.0,,34870145.0,18370581.0,7103821.0,7087139.0,27766324.0
54e663798b0e261d5e3fef1f8da6430e,1401/03/31,235.0,68.0,378.0,10000000.0,10000000.0,10000000.0,2350000000.0,1.0,1.0,4340140.0,3689515.0,2141102.0,15072939.0,-211758.0,998335.0,2353645.0,682759.0,3778794.0,-1391906.0,-2661083.0,4849020.0,43213626.0,27154812.0,13084923.0,13055150.0,30128703.0
54e663798b0e261d5e3fef1f8da6430e,1401/09/30,576.0,396.0,378.0,10000000.0,10000000.0,10000000.0,5760000000.0,1.0,1.0,4340140.0,15885691.0,11988570.0,15072939.0,-741233.0,1179670.0,5759330.0,3964402.0,3778794.0,3055450.0,-4753318.0,4699020.0,43133338.0,23536373.0,9650115.0,9639168.0,33483223.0
54e663798b0e261d5e3fef1f8da6430e,1401/12/29,510.0,0.0,378.0,20000000.0,10000000.0,10000000.0,10200000000.0,1.0,1.0,,23554525.0,15072939.0,,-992686.0,359486.0,10191942.0,3778794.0,,3232493.0,5401707.0,,46478970.0,26192069.0,8120285.0,8098998.0,38358685.0
54e663798b0e261d5e3fef1f8da6430e,1402/03/31,10.0,116.0,496.0,20000000.0,20000000.0,20000000.0,200000000.0,1.0,1.0,9731464.0,4502308.0,3689515.0,23541008.0,-273109.0,851742.0,199741.0,2313590.0,9913254.0,-732717.0,-1391906.0,2914414.0,55652466.0,36013837.0,17449856.0,17419058.0,38202610.0
54e663798b0e261d5e3fef1f8da6430e,1402/06/31,177.0,195.0,496.0,20000000.0,20000000.0,20000000.0,3540000000.0,1.0,1.0,9731464.0,9788526.0,10106157.0,23541008.0,-568098.0,903846.0,3544962.0,3901422.0,9913254.0,7355813.0,844870.0,2914414.0,52093608.0,25663206.0,11567081.0,11544903.0,40526527.0
54e663798b0e261d5e3fef1f8da6430e,1402/09/30,176.0,288.0,496.0,20000000.0,20000000.0,20000000.0,3520000000.0,1.0,1.0,9731464.0,12597167.0,15885691.0,23541008.0,-889322.0,2021286.0,3525892.0,5759330.0,9913254.0,7680297.0,2905450.0,2914414.0,61677653.0,35124585.0,21624288.0,21604883.0,40053365.0
54e663798b0e261d5e3fef1f8da6430e,1402/12/29,182.0,0.0,330.0,30000000.0,20000000.0,30000000.0,5460000000.0,1.0,1.0,,20090430.0,23541008.0,,-1189491.0,4096953.0,5455867.0,9913254.0,,8180588.0,2914414.0,,50887774.0,24503548.0,9027913.0,9002422.0,41859861.0
54e663798b0e261d5e3fef1f8da6430e,1403/03/31,8.0,7.0,148.0,30000000.0,30000000.0,30000000.0,240000000.0,1.0,1.0,2011175.0,1833945.0,4502308.0,20053733.0,-391449.0,426154.0,230823.0,199741.0,4436047.0,-210626.0,-732717.0,7694437.0,54813373.0,26917055.0,13690258.0,13643862.0,41123115.0
54e663798b0e261d5e3fef1f8da6430e,1403/06/31,76.0,119.0,148.0,30000000.0,30000000.0,30000000.0,2280000000.0,1.0,1.0,2011175.0,7678703.0,9768837.0,20053733.0,-881552.0,767887.0,2270966.0,3557899.0,4436047.0,1200569.0,7335935.0,6476864.0,58953658.0,29738822.0,16177517.0,16120352.0,42776141.0
54e663798b0e261d5e3fef1f8da6430e,1403/09/30,181.0,118.0,148.0,30000000.0,30000000.0,30000000.0,5430000000.0,1.0,1.0,2011175.0,13813592.0,12597167.0,20053733.0,-1400653.0,1462129.0,5435872.0,3525892.0,4436047.0,2441016.0,7680297.0,6476864.0,63396547.0,36536797.0,16499896.0,16431962.0,46896651.0
54e663798b0e261d5e3fef1f8da6430e,1403/12/30,336.0,0.0,148.0,30000000.0,30000000.0,30000000.0,10080000000.0,1.0,1.0,,26713873.0,20053733.0,,-1899447.0,3272438.0,10070685.0,4436047.0,,5061575.0,6476864.0,,66369821.0,35596130.0,15172447.0,15134155.0,51197374.0
54e663798b0e261d5e3fef1f8da6430e,1404/03/31,49.0,8.0,326.0,33000000.0,30000000.0,30000000.0,1617000000.0,1.0,1.0,8607113.0,2509485.0,1833945.0,26713873.0,-543547.0,1348689.0,1615829.0,230823.0,9766821.0,-703715.0,-210626.0,2394134.0,77474511.0,48874456.0,24242070.0,24178732.0,53232441.0
54e663798b0e261d5e3fef1f8da6430e,1404/06/31,108.0,53.0,326.0,33000000.0,30000000.0,30000000.0,3564000000.0,1.0,1.0,8607113.0,11504171.0,7569607.0,26713873.0,-1236778.0,2601204.0,3561040.0,1577290.0,9766821.0,-919534.0,150979.0,2394134.0,79620609.0,47976670.0,23547493.0,23459596.0,56073116.0
54e663798b0e261d5e3fef1f8da6430e,1404/09/30,377.0,181.0,326.0,33000000.0,30000000.0,30000000.0,12441000000.0,1.0,1.0,8607113.0,28336393.0,13813592.0,26713873.0,-1929505.0,3473884.0,12442347.0,5435872.0,9766821.0,5759075.0,2441016.0,2394134.0,89605885.0,54204304.0,26623255.0,26081787.0,62982630.0
54e663798b0e261d5e3fef1f8da6430e,1404/12/29,958.0,0.0,296.0,33000000.0,30000000.0,33000000.0,31614000000.0,-1.0,100.0,,43272415.0,26713873.0,,-2663172.0,6948430.0,31628002.0,9766821.0,,2964775.0,2394134.0,,100412143.0,66872891.0,20315918.0,20273918.0,80096225.0
54e663798b0e261d5e3fef1f8da6430e,1405/03/31,114.0,38.0,753.0,42570000.0,42570000.0,42570000.0,4852980000.0,4195708.0,818010.0,28820416.0,6691115.0,2509485.0,43162255.0,-769459.0,1448203.0,4837830.0,1615829.0,32074358.0,434346.0,-703715.0,3267121.0,113401883.0,79580208.0,32794140.0,32711056.0,80607743.0
56187148c4031e89830f329dd299e701,1398/06/31,575.0,155.0,490.0,450000.0,450000.0,450000.0,258750000.0,1.0,1.0,,,,,,,,,,,,,,,,,
56187148c4031e89830f329dd299e701,1398/09/30,484.0,438.0,490.0,450000.0,250000.0,450000.0,217800000.0,1.0,1.0,,,,,,,,,,,,,,,,,
56187148c4031e89830f329dd299e701,1398/12/29,684.0,0.0,490.0,450000.0,450000.0,450000.0,307800000.0,1.0,1.0,,,,,,,,,,,,,,,,,
56187148c4031e89830f329dd299e701,1399/03/31,451.0,346.0,684.0,450000.0,450000.0,450000.0,202950000.0,1.0,1.0,,,,,,,,,,,,,,,,,
56187148c4031e89830f329dd299e701,1399/06/31,939.0,530.0,679.0,450000.0,450000.0,450000.0,422550000.0,1.0,1.0,,,,,,,,,,,,,,,,,
56187148c4031e89830f329dd299e701,1399/09/30,0.0,0.0,0.0,450000.0,450000.0,0.0,0.0,1.0,1.0,,,,,,,,,,,,,,,,,
56187148c4031e89830f329dd299e701,1399/12/30,1774.0,0.0,679.0,450000.0,850000.0,450000.0,798300000.0,1.0,1.0,,,,,,,,,,,,,,,,,
56187148c4031e89830f329dd299e701,1400/03/31,568.0,451.0,1716.0,450000.0,450000.0,450000.0,255600000.0,1.0,1.0,,,,,,,,,,,,,,,,,
56187148c4031e89830f329dd299e701,1400/06/31,430.0,1011.0,1716.0,850000.0,450000.0,450000.0,365500000.0,1.0,1.0,,,,,,,,,,,,,,,,,
56187148c4031e89830f329dd299e701,1400/09/30,729.0,1604.0,1716.0,850000.0,450000.0,450000.0,619650000.0,1.0,1.0,,,,,,,,,,,,,,,,,
56187148c4031e89830f329dd299e701,1400/12/29,585.0,0.0,908.0,850000.0,850000.0,850000.0,497250000.0,1.0,1.0,,,,,,,,,,,,,,,,,
56187148c4031e89830f329dd299e701,1401/03/31,233.0,568.0,585.0,850000.0,450000.0,850000.0,198050000.0,1.0,1.0,,,,,,,,,,,,,,,,,
56187148c4031e89830f329dd299e701,1401/06/31,565.0,441.0,493.0,850000.0,850000.0,850000.0,480250000.0,1.0,1.0,,,,,,,,,,,,,,,,,
56187148c4031e89830f329dd299e701,1401/09/30,484.0,729.0,447.0,850000.0,850000.0,850000.0,411400000.0,1.0,1.0,,,,,,,,,,,,,,,,,
56187148c4031e89830f329dd299e701,1401/12/29,1400.0,0.0,504.0,850000.0,850000.0,850000.0,1190000000.0,1.0,1.0,,,,,,,,,,,,,,,,,
56187148c4031e89830f329dd299e701,1402/03/31,711.0,233.0,1130.0,850000.0,850000.0,850000.0,604350000.0,1.0,1.0,,,,,,,,,,,,,,,,,
56187148c4031e89830f329dd299e701,1402/06/31,1743.0,489.0,1130.0,850000.0,850000.0,850000.0,1481550000.0,1.0,1.0,,,,,,,,,,,,,,,,,
56187148c4031e89830f329dd299e701,1402/09/30,2908.0,484.0,1130.0,850000.0,850000.0,850000.0,2471800000.0,1.0,1.0,,,,,,,,,,,,,,,,,
56187148c4031e89830f329dd299e701,1402/12/29,3188.0,0.0,1130.0,850000.0,850000.0,850000.0,2709800000.0,1.0,1.0,,,,,,,,,,,,,,,,,
56187148c4031e89830f329dd299e701,1403/03/31,1478.0,711.0,3081.0,850000.0,850000.0,850000.0,1256300000.0,1.0,1.0,,,,,,,,,,,,,,,,,
56187148c4031e89830f329dd299e701,1403/06/31,2831.0,1681.0,3081.0,850000.0,850000.0,850000.0,2406350000.0,1.0,1.0,,,,,,,,,,,,,,,,,
56187148c4031e89830f329dd299e701,1403/09/30,3371.0,2908.0,3081.0,850000.0,850000.0,850000.0,2865350000.0,1.0,1.0,,,,,,,,,,,,,,,,,
56187148c4031e89830f329dd299e701,1403/12/30,4308.0,0.0,3081.0,850000.0,850000.0,850000.0,3661800000.0,1.0,1.0,,,,,,,,,,,,,,,,,
56187148c4031e89830f329dd299e701,1404/03/31,1796.0,1478.0,4308.0,850000.0,850000.0,850000.0,1526600000.0,1.0,1.0,,,,,,,,,,,,,,,,,
56187148c4031e89830f329dd299e701,1404/06/31,3291.0,2392.0,3885.0,850000.0,850000.0,850000.0,2797350000.0,1.0,1.0,,,,,,,,,,,,,,,,,
56187148c4031e89830f329dd299e701,1404/09/30,4568.0,3371.0,3885.0,850000.0,850000.0,850000.0,3882800000.0,1.0,1.0,,,,,,,,,,,,,,,,,
56187148c4031e89830f329dd299e701,1404/12/29,5629.0,3885.0,,850000.0,850000.0,,4784650000.0,4797610.0,4858917.0,,,,,,,,,,,,,,,,,
56187148c4031e89830f329dd299e701,1405/03/31,2586.0,1796.0,5629.0,850000.0,850000.0,850000.0,2198100000.0,2484410.0,1603562.0,,,,,,,,,,,,,,,,,
57ec56ad0fe574fcb2cee0f550320934,1398/09/30,1434.0,1979.0,2398.0,28688000.0,13800000.0,13800000.0,41138592000.0,1.0,1.0,,,,,,,,,,,,,,,,,
57ec56ad0fe574fcb2cee0f550320934,1398/12/29,1134.0,0.0,2398.0,28688000.0,13800000.0,13800000.0,32532192000.0,1.0,1.0,,,,,,,,,,,,,,,,,
57ec56ad0fe574fcb2cee0f550320934,1399/03/31,516.0,497.0,805.0,28688000.0,28688000.0,28688000.0,14803008000.0,1.0,1.0,,,,,,,,,,,,,,,,,
57ec56ad0fe574fcb2cee0f550320934,1399/06/31,1024.0,1206.0,805.0,28688000.0,28688000.0,28688000.0,29376512000.0,1.0,1.0,,,,,,,,,,,,,,,,,
57ec56ad0fe574fcb2cee0f550320934,1399/09/30,2419.0,1434.0,805.0,28688000.0,28688000.0,28688000.0,69396272000.0,1.0,1.0,,,,,,,,,,,,,,,,,
57ec56ad0fe574fcb2cee0f550320934,1399/12/30,2550.0,0.0,805.0,28688000.0,28688000.0,28688000.0,73154400000.0,1.0,1.0,,,,,,,,,,,,,,,,,
57ec56ad0fe574fcb2cee0f550320934,1400/03/31,303.0,110.0,966.0,134341922.0,134341922.0,134341922.0,40705602366.0,1.0,1.0,,,,,,,,,,,,,,,,,
57ec56ad0fe574fcb2cee0f550320934,1400/06/31,536.0,234.0,966.0,134341922.0,134341922.0,134341922.0,72007270192.0,1.0,1.0,,,,,,,,,,,,,,,,,
57ec56ad0fe574fcb2cee0f550320934,1400/09/30,909.0,516.0,911.0,134341922.0,134341922.0,134341922.0,122116807098.0,1.0,1.0,,,,,,,,,,,,,,,,,
57ec56ad0fe574fcb2cee0f550320934,1400/12/29,1410.0,0.0,911.0,134341922.0,28688000.0,134341922.0,189422110020.0,1.0,1.0,,,,,,,,,,,,,,,,,
57ec56ad0fe574fcb2cee0f550320934,1401/03/31,825.0,303.0,1565.0,134341992.0,134341922.0,134341922.0,110832143400.0,1.0,1.0,,,,,,,,,,,,,,,,,
57ec56ad0fe574fcb2cee0f550320934,1401/06/31,1687.0,542.0,1565.0,134341992.0,134341922.0,134341922.0,226634940504.0,1.0,1.0,,,,,,,,,,,,,,,,,
57ec56ad0fe574fcb2cee0f550320934,1401/09/30,1804.0,909.0,1565.0,134341992.0,134341922.0,134341922.0,242352953568.0,1.0,1.0,,,,,,,,,,,,,,,,,
57ec56ad0fe574fcb2cee0f550320934,1401/12/29,2470.0,0.0,1565.0,134341992.0,134341922.0,134341922.0,331824720240.0,1.0,1.0,,,,,,,,,,,,,,,,,
57ec56ad0fe574fcb2cee0f550320934,1402/03/31,196.0,825.0,2952.0,134341922.0,134341922.0,134341922.0,26331016712.0,1.0,1.0,,,,,,,,,,,,,,,,,
57ec56ad0fe574fcb2cee0f550320934,1402/06/31,713.0,1610.0,2952.0,134341922.0,134341922.0,134341922.0,95785790386.0,1.0,1.0,,,,,,,,,,,,,,,,,
57ec56ad0fe574fcb2cee0f550320934,1402/09/30,1772.0,1804.0,2952.0,134341922.0,134341922.0,134341922.0,238053885784.0,1.0,1.0,,,,,,,,,,,,,,,,,
57ec56ad0fe574fcb2cee0f550320934,1402/12/29,1835.0,0.0,2952.0,134341922.0,134341922.0,134341922.0,246517426870.0,1.0,1.0,,,,,,,,,,,,,,,,,
57ec56ad0fe574fcb2cee0f550320934,1403/03/31,202.0,196.0,2019.0,134341922.0,134341922.0,134341922.0,27137068244.0,1.0,1.0,,,,,,,,,,,,,,,,,
57ec56ad0fe574fcb2cee0f550320934,1403/06/31,287.0,873.0,2019.0,134341922.0,134341922.0,134341922.0,38556131614.0,1.0,1.0,,,,,,,,,,,,,,,,,
57ec56ad0fe574fcb2cee0f550320934,1403/09/30,616.0,1772.0,2019.0,134341922.0,134341922.0,134341922.0,82754623952.0,1.0,1.0,,,,,,,,,,,,,,,,,
57ec56ad0fe574fcb2cee0f550320934,1403/12/30,1519.0,0.0,2019.0,134341922.0,134341922.0,134341922.0,204065379518.0,1.0,1.0,,,,,,,,,,,,,,,,,
57ec56ad0fe574fcb2cee0f550320934,1404/03/31,1226.0,202.0,1453.0,134341922.0,134341922.0,134341922.0,164703196372.0,1.0,1.0,,,,,,,,,,,,,,,,,
57ec56ad0fe574fcb2cee0f550320934,1404/06/31,2159.0,334.0,1453.0,134341922.0,134341922.0,134341922.0,290044209598.0,1.0,1.0,,,,,,,,,,,,,,,,,
57ec56ad0fe574fcb2cee0f550320934,1404/09/30,1305.0,746.0,1560.0,409742862.0,134341922.0,134341922.0,534714434910.0,1226.0,79.0,,,,,,,,,,,,,,,,,
57ec56ad0fe574fcb2cee0f550320934,1404/12/29,2127.0,0.0,511.0,409742862.0,134341922.0,409742862.0,871523067474.0,2007.0,120.0,,,,,,,,,,,,,,,,,
57ec56ad0fe574fcb2cee0f550320934,1405/03/31,889.0,414.0,2080.0,409742862.0,409742862.0,409742862.0,364261404318.0,432533149.0,205819524.0,997722979.0,2666548041.0,1442603668.0,6544068157.0,-2354663.0,15203304.0,364213552.0,169688569.0,852296075.0,122149893.0,61200162.0,491341616.0,2313157850.0,1902557609.0,578213567.0,560237136.0,1734944283.0
5846976e3619ada1281f076ebdce9055,1398/09/30,501.0,303.0,414.0,3750000.0,3750000.0,3750000.0,1878750000.0,1.0,1.0,,,,,,,,,,,,,,,,,
5846976e3619ada1281f076ebdce9055,1398/12/29,1448.0,0.0,668.0,3750000.0,3750000.0,3750000.0,5430000000.0,1.0,1.0,,,,,,,,,,,,,,,,,
5846976e3619ada1281f076ebdce9055,1399/03/31,86.0,73.0,1033.0,3750000.0,3750000.0,3750000.0,322500000.0,1.0,1.0,,,,,,,,,,,,,,,,,
5846976e3619ada1281f076ebdce9055,1399/06/31,1414.0,780.0,1469.0,3750000.0,3750000.0,3750000.0,5302500000.0,1.0,1.0,,,,,,,,,,,,,,,,,
5846976e3619ada1281f076ebdce9055,1399/09/30,836.0,501.0,1033.0,3750000.0,3750000.0,3750000.0,3135000000.0,1.0,1.0,,,,,,,,,,,,,,,,,
5846976e3619ada1281f076ebdce9055,1399/12/30,291.0,0.0,151.0,36402756.0,3750000.0,36402756.0,10593201996.0,1.0,1.0,,,,,,,,,,,,,,,,,
5846976e3619ada1281f076ebdce9055,1400/03/31,20.0,9.0,191.0,36402756.0,36402756.0,36402756.0,728055120.0,1.0,1.0,,,,,,,,,,,,,,,,,
5846976e3619ada1281f076ebdce9055,1400/06/31,68.0,64.0,191.0,36402756.0,36402756.0,36402756.0,2475387408.0,1.0,1.0,,,,,,,,,,,,,,,,,
5846976e3619ada1281f076ebdce9055,1400/09/30,98.0,86.0,191.0,36402756.0,36402756.0,36402756.0,3567470088.0,1.0,1.0,,,,,,,,,,,,,,,,,
5846976e3619ada1281f076ebdce9055,1400/12/29,376.0,0.0,291.0,36402756.0,36402756.0,36402756.0,13687436256.0,1.0,1.0,,,,,,,,,,,,,,,,,
5846976e3619ada1281f076ebdce9055,1401/03/31,25.0,20.0,260.0,36402756.0,36402756.0,36402756.0,910068900.0,1.0,1.0,,,,,,,,,,,,,,,,,
5846976e3619ada1281f076ebdce9055,1401/06/31,70.0,68.0,260.0,36402756.0,36402756.0,36402756.0,2548192920.0,1.0,1.0,,,,,,,,,,,,,,,,,
5846976e3619ada1281f076ebdce9055,1401/09/30,102.0,98.0,260.0,36402756.0,36402756.0,36402756.0,3713081112.0,1.0,1.0,,,,,,,,,,,,,,,,,
5846976e3619ada1281f076ebdce9055,1401/12/29,320.0,0.0,260.0,36402756.0,36402756.0,36402756.0,11648881920.0,1.0,1.0,,,,,,,,,,,,,,,,,
5846976e3619ada1281f076ebdce9055,1402/03/31,38.0,25.0,320.0,36402756.0,36402756.0,36402756.0,1383304728.0,1.0,1.0,,,,,,,,,,,,,,,,,
5846976e3619ada1281f076ebdce9055,1402/06/31,75.0,70.0,320.0,36402756.0,36402756.0,36402756.0,2730206700.0,1.0,1.0,,,,,,,,,,,,,,,,,
5846976e3619ada1281f076ebdce9055,1402/09/30,165.0,102.0,320.0,36402756.0,36402756.0,36402756.0,6006454740.0,1.0,1.0,,,,,,,,,,,,,,,,,
5846976e3619ada1281f076ebdce9055,1402/12/29,289.0,0.0,320.0,54500000.0,36402756.0,36402756.0,15750500000.0,1.0,1.0,,,,,,,,,,,,,,,,,
5846976e3619ada1281f076ebdce9055,1403/03/31,77.0,26.0,289.0,54500000.0,54500000.0,54500000.0,4196500000.0,1.0,1.0,,,,,,,,,,,,,,,,,
5846976e3619ada1281f076ebdce9055,1403/06/31,217.0,60.0,289.0,54500000.0,54500000.0,54500000.0,11826500000.0,1.0,1.0,,,,,,,,,,,,,,,,,
5846976e3619ada1281f076ebdce9055,1403/09/30,252.0,110.0,289.0,54500000.0,54500000.0,54500000.0,13734000000.0,1.0,1.0,,,,,,,,,,,,,,,,,
5846976e3619ada1281f076ebdce9055,1403/12/30,546.0,0.0,289.0,54500000.0,54500000.0,54500000.0,29757000000.0,1.0,1.0,,,,,,,,,,,,,,,,,
5846976e3619ada1281f076ebdce9055,1404/03/31,234.0,77.0,542.0,54500000.0,54500000.0,54500000.0,12753000000.0,1.0,1.0,,,,,,,,,,,,,,,,,
5846976e3619ada1281f076ebdce9055,1404/06/31,470.0,217.0,542.0,54500000.0,54500000.0,54500000.0,25615000000.0,1.0,1.0,,,,,,,,,,,,,,,,,
5846976e3619ada1281f076ebdce9055,1404/09/30,752.0,0.0,252.0,54500000.0,0.0,54500000.0,40984000000.0,57.5710691977357,100.0,,,,,,,,,,,,,,,,,
5846976e3619ada1281f076ebdce9055,1404/12/29,690.0,0.0,542.0,90000000.0,54500000.0,54500000.0,62100000000.0,973.0,-182.0,,,,,,,,,,,,,,,,,
5846976e3619ada1281f076ebdce9055,1405/03/31,199.0,142.0,690.0,90000000.0,90000000.0,90000000.0,17910000000.0,24536680.0,19338256.0,,,,,,,,,,,,,,,,,
5846976e3619ada1281f076ebdce9055,1405/04/31,119.0,137.0,477.0,1200000.0,1200000.0,1200000.0,142800000.0,176842.0,179171.0,616939.0,216011.0,217407.0,689738.0,-33960.0,0.0,142882.0,164486.0,571996.0,59659.0,-16082.0,68314.0,2762476.0,2660420.0,874289.0,873152.0,1888187.0
58a5a4af2867c8c00cd83c908b224228,1398/03/31,0.0,0.0,0.0,1592270.0,0.0,0.0,0.0,1.0,1.0,,,,,,,,,,,,,,,,,
58a5a4af2867c8c00cd83c908b224228,1398/06/31,0.0,0.0,0.0,1592270.0,15.0,0.0,0.0,1.0,1.0,,,,,,,,,,,,,,,,,
58a5a4af2867c8c00cd83c908b224228,1398/09/30,95.0,112.0,108.0,602947.0,602947.0,602947.0,57279965.0,1.0,1.0,,,,,,,,,,,,,,,,,
58a5a4af2867c8c00cd83c908b224228,1398/12/29,284.0,0.0,116.0,602947.0,602947.0,602947.0,171236948.0,1.0,1.0,,,,,,,,,,,,,,,,,
58a5a4af2867c8c00cd83c908b224228,1399/03/31,363.0,19.0,165.0,602947.0,602947.0,602947.0,218869761.0,1.0,1.0,,,,,,,,,,,,,,,,,
58a5a4af2867c8c00cd83c908b224228,1399/06/31,461.0,128.0,294.0,602947.0,602947.0,602947.0,277958567.0,1.0,1.0,,,,,,,,,,,,,,,,,
58a5a4af2867c8c00cd83c908b224228,1399/09/30,281.0,95.0,172.0,602947.0,602947.0,602947.0,169428107.0,1.0,1.0,,,,,,,,,,,,,,,,,
58a5a4af2867c8c00cd83c908b224228,1399/12/30,679.0,0.0,294.0,602947.0,602947.0,602947.0,409401013.0,1.0,1.0,,,,,,,,,,,,,,,,,
58a5a4af2867c8c00cd83c908b224228,1400/03/31,50.0,363.0,217.0,602947.0,602947.0,602947.0,30147350.0,1.0,1.0,,,,,,,,,,,,,,,,,
58a5a4af2867c8c00cd83c908b224228,1400/06/31,410.0,464.0,679.0,602947.0,602947.0,602947.0,247208270.0,1.0,1.0,,,,,,,,,,,,,,,,,
58a5a4af2867c8c00cd83c908b224228,1400/09/30,164.0,281.0,217.0,602947.0,602947.0,602947.0,98883308.0,1.0,1.0,,,,,,,,,,,,,,,,,
58a5a4af2867c8c00cd83c908b224228,1400/12/29,1372.0,0.0,286.0,602947.0,602947.0,602947.0,827243284.0,1.0,1.0,,,,,,,,,,,,,,,,,
58a5a4af2867c8c00cd83c908b224228,1401/03/31,625.0,50.0,1202.0,602947.0,602947.0,602947.0,376841875.0,1.0,1.0,,,,,,,,,,,,,,,,,
58a5a4af2867c8c00cd83c908b224228,1401/06/31,1300.0,415.0,1380.0,602947.0,602947.0,602947.0,783831100.0,1.0,1.0,,,,,,,,,,,,,,,,,
58a5a4af2867c8c00cd83c908b224228,1401/09/30,5965.0,164.0,1202.0,602947.0,602947.0,602947.0,3596578855.0,1.0,1.0,,,,,,,,,,,,,,,,,
58a5a4af2867c8c00cd83c908b224228,1401/12/29,3034.0,0.0,1202.0,1205894.0,602947.0,602947.0,3658682396.0,1.0,1.0,,,,,,,,,,,,,,,,,
58a5a4af2867c8c00cd83c908b224228,1402/03/31,248.0,313.0,3032.0,1205894.0,1205894.0,1205894.0,299061712.0,1.0,1.0,,,,,,,,,,,,,,,,,
58a5a4af2867c8c00cd83c908b224228,1402/06/31,558.0,601.0,3032.0,1205894.0,602947.0,1205894.0,672888852.0,1.0,1.0,,,,,,,,,,,,,,,,,
58a5a4af2867c8c00cd83c908b224228,1402/09/30,1961.0,5968.0,3032.0,1205894.0,602947.0,1205894.0,2364758134.0,1.0,1.0,,,,,,,,,,,,,,,,,
58a5a4af2867c8c00cd83c908b224228,1402/12/29,1995.0,0.0,3032.0,1205894.0,0.0,1205894.0,2405758530.0,1.0,1.0,,,,,,,,,,,,,,,,,
58a5a4af2867c8c00cd83c908b224228,1403/03/31,339.0,229.0,1936.0,1205894.0,1205894.0,1205894.0,408798066.0,1.0,1.0,,,,,,,,,,,,,,,,,
58a5a4af2867c8c00cd83c908b224228,1403/06/31,851.0,559.0,1936.0,1205894.0,1205894.0,1205894.0,1026215794.0,1.0,1.0,,,,,,,,,,,,,,,,,
58a5a4af2867c8c00cd83c908b224228,1403/09/30,1605.0,1962.0,1937.0,1205894.0,1205894.0,1205894.0,1935459870.0,1.0,1.0,,,,,,,,,,,,,,,,,
58a5a4af2867c8c00cd83c908b224228,1403/12/30,1800.0,0.0,1936.0,1205894.0,0.0,1205894.0,2170609200.0,1.0,1.0,,,,,,,,,,,,,,,,,
58a5a4af2867c8c00cd83c908b224228,1404/03/31,763.0,339.0,1793.0,1205894.0,1205894.0,1205894.0,920097122.0,1.0,1.0,,,,,,,,,,,,,,,,,
58a5a4af2867c8c00cd83c908b224228,1404/06/31,354.0,858.0,1793.0,5655672.0,1205894.0,1205894.0,2002107888.0,1.0,1.0,,,,,,,,,,,,,,,,,
58a5a4af2867c8c00cd83c908b224228,1404/09/30,558.0,1603.0,1793.0,5655672.0,1205894.0,1205894.0,3155864976.0,1.0,1.0,,,,,,,,,,,,,,,,,
58a5a4af2867c8c00cd83c908b224228,1404/12/29,630.0,0.0,1793.0,5655672.0,0.0,1205894.0,3563073360.0,-1.0,100.0,,,,,,,,,,,,,,,,,
58a5a4af2867c8c00cd83c908b224228,1405/03/31,0.0,764.0,630.0,0.0,1205894.0,5655672.0,0.0,1816462.0,1070109.0,,,,,,,,,,,,,,,,,
5a47be702a11b42d75ea4fc8a0003e05,1398/03/31,0.0,0.0,0.0,36463878.0,7.0,0.0,0.0,1.0,1.0,,,,,,,,,,,,,,,,,
5a47be702a11b42d75ea4fc8a0003e05,1398/06/31,0.0,0.0,0.0,36463878.0,22.0,0.0,0.0,1.0,1.0,,,,,,,,,,,,,,,,,
5a47be702a11b42d75ea4fc8a0003e05,1398/09/30,0.0,0.0,0.0,36463878.0,26.0,0.0,0.0,1.0,1.0,,,,,,,,,,,,,,,,,
5a47be702a11b42d75ea4fc8a0003e05,1398/12/29,0.0,0.0,0.0,36532767.0,36.0,0.0,0.0,1.0,1.0,,,,,,,,,,,,,,,,,
5a47be702a11b42d75ea4fc8a0003e05,1399/03/31,0.0,0.0,0.0,50227800.0,11.0,0.0,0.0,1.0,1.0,,,,,,,,,,,,,,,,,
5a47be702a11b42d75ea4fc8a0003e05,1399/06/31,0.0,0.0,0.0,50227800.0,36.0,0.0,0.0,1.0,1.0,,,,,,,,,,,,,,,,,
5a47be702a11b42d75ea4fc8a0003e05,1399/09/30,0.0,0.0,0.0,50227799.0,43.0,0.0,0.0,1.0,1.0,,,,,,,,,,,,,,,,,
5a47be702a11b42d75ea4fc8a0003e05,1399/12/30,0.0,0.0,0.0,49987246.0,55.0,0.0,0.0,1.0,1.0,,,,,,,,,,,,,,,,,
5a47be702a11b42d75ea4fc8a0003e05,1400/03/31,0.0,0.0,0.0,77156771.0,3.0,0.0,0.0,1.0,1.0,,,,,,,,,,,,,,,,,
5a47be702a11b42d75ea4fc8a0003e05,1400/06/31,113.0,95.0,250.0,4000000.0,4000000.0,4000000.0,452000000.0,1.0,1.0,,,,,,,,,,,,,,,,,
5a47be702a11b42d75ea4fc8a0003e05,1400/09/30,203.0,190.0,223.0,4000000.0,4000000.0,4000000.0,812000000.0,1.0,1.0,,,,,,,,,,,,,,,,,
5a47be702a11b42d75ea4fc8a0003e05,1400/12/29,-1447.0,0.0,46.0,19457022.0,4000000.0,19457022.0,-28154310834.0,1.0,1.0,,,,,,,,,,,,,,,,,
5a47be702a11b42d75ea4fc8a0003e05,1401/03/31,399.0,16.0,-1447.0,19457022.0,19457022.0,19457022.0,7763351778.0,1.0,1.0,,,,,,,,,,,,,,,,,
5a47be702a11b42d75ea4fc8a0003e05,1401/06/31,473.0,23.0,-1454.0,19457022.0,19457022.0,19457022.0,9203171406.0,1.0,1.0,,,,,,,,,,,,,,,,,
5a47be702a11b42d75ea4fc8a0003e05,1401/09/30,3389.0,42.0,-1453.0,19457022.0,19457022.0,19457022.0,65939847558.0,1.0,1.0,,,,,,,,,,,,,,,,,
5a47be702a11b42d75ea4fc8a0003e05,1401/12/29,3106.0,0.0,-1458.0,19457022.0,4000000.0,19457022.0,60433510332.0,1.0,1.0,,,,,,,,,,,,,,,,,
5a47be702a11b42d75ea4fc8a0003e05,1402/03/31,414.0,399.0,3076.0,19457022.0,19457022.0,19457022.0,8055207108.0,1.0,1.0,,,,,,,,,,,,,,,,,
5a47be702a11b42d75ea4fc8a0003e05,1402/06/31,623.0,473.0,3106.0,19457022.0,19457022.0,19457022.0,12121724706.0,1.0,1.0,,,,,,,,,,,,,,,,,
5a47be702a11b42d75ea4fc8a0003e05,1402/09/30,671.0,3389.0,3106.0,19457022.0,19457022.0,19457022.0,13055661762.0,1.0,1.0,,,,,,,,,,,,,,,,,
5a47be702a11b42d75ea4fc8a0003e05,1402/12/29,626.0,0.0,3106.0,19457022.0,19457022.0,19457022.0,12180095772.0,1.0,1.0,,,,,,,,,,,,,,,,,
5a47be702a11b42d75ea4fc8a0003e05,1403/03/31,164.0,414.0,626.0,19457022.0,19457022.0,19457022.0,3190951608.0,1.0,1.0,,,,,,,,,,,,,,,,,
5a47be702a11b42d75ea4fc8a0003e05,1403/06/31,470.0,623.0,626.0,19457022.0,19457022.0,19457022.0,9144800340.0,1.0,1.0,,,,,,,,,,,,,,,,,
5a47be702a11b42d75ea4fc8a0003e05,1403/09/30,620.0,671.0,626.0,19457022.0,19457022.0,19457022.0,12063353640.0,1.0,1.0,,,,,,,,,,,,,,,,,
5a47be702a11b42d75ea4fc8a0003e05,1403/12/30,618.0,0.0,626.0,19457022.0,19457022.0,19457022.0,12024439596.0,1.0,1.0,,,,,,,,,,,,,,,,,
5a47be702a11b42d75ea4fc8a0003e05,1404/03/31,736.0,736.0,164.0,19457022.0,19457022.0,19457022.0,14320368192.0,1.0,1.0,,,,,,,,,,,,,,,,,
5a47be702a11b42d75ea4fc8a0003e05,1404/06/31,840.0,476.0,618.0,19457022.0,19457022.0,19457022.0,16343898480.0,1.0,1.0,,,,,,,,,,,,,,,,,
5a47be702a11b42d75ea4fc8a0003e05,1404/09/30,-489.0,620.0,618.0,19457022.0,19457022.0,19457022.0,-9514483758.0,-10053469.0,11569287.0,,,,,,,,,,,,,,,,,
5a47be702a11b42d75ea4fc8a0003e05,1404/12/29,-1826.0,618.0,,19457022.0,19457022.0,,-35528522172.0,-39459044.0,11608998.0,,,,,,,,,,,,,,,,,
5ba7eb50b25bd20543e42f9cc50394ed,1398/09/30,2410.0,1633.0,4207.0,525000.0,210000.0,210000.0,1265250000.0,1.0,1.0,,,,,,,,,,,,,,,,,
5ba7eb50b25bd20543e42f9cc50394ed,1398/12/29,11947.0,0.0,9115.0,525000.0,210000.0,210000.0,6272175000.0,1.0,1.0,,,,,,,,,,,,,,,,,
5ba7eb50b25bd20543e42f9cc50394ed,1399/03/31,531.0,555.0,6595.0,525000.0,525000.0,525000.0,278775000.0,1.0,1.0,,,,,,,,,,,,,,,,,
5ba7eb50b25bd20543e42f9cc50394ed,1399/06/31,1468.0,1818.0,6595.0,525000.0,525000.0,525000.0,770700000.0,1.0,1.0,,,,,,,,,,,,,,,,,
5ba7eb50b25bd20543e42f9cc50394ed,1399/09/30,2113.0,2410.0,6595.0,525000.0,525000.0,525000.0,1109325000.0,1.0,1.0,,,,,,,,,,,,,,,,,
5ba7eb50b25bd20543e42f9cc50394ed,1399/12/30,11919.0,0.0,11917.0,525000.0,525000.0,525000.0,6257475000.0,1.0,1.0,,,,,,,,,,,,,,,,,
5ba7eb50b25bd20543e42f9cc50394ed,1400/03/31,483.0,531.0,6636.0,525000.0,525000.0,525000.0,253575000.0,1.0,1.0,,,,,,,,,,,,,,,,,
5ba7eb50b25bd20543e42f9cc50394ed,1400/06/31,1190.0,1392.0,6636.0,525000.0,525000.0,525000.0,624750000.0,1.0,1.0,,,,,,,,,,,,,,,,,
5ba7eb50b25bd20543e42f9cc50394ed,1400/09/30,2112.0,2113.0,6636.0,525000.0,525000.0,525000.0,1108800000.0,1.0,1.0,,,,,,,,,,,,,,,,,
5ba7eb50b25bd20543e42f9cc50394ed,1400/12/29,8379.0,0.0,11919.0,950000.0,525000.0,525000.0,7960050000.0,1.0,1.0,,,,,,,,,,,,,,,,,
5ba7eb50b25bd20543e42f9cc50394ed,1401/03/31,336.0,483.0,3417.0,950000.0,525000.0,950000.0,319200000.0,1.0,1.0,,,,,,,,,,,,,,,,,
5ba7eb50b25bd20543e42f9cc50394ed,1401/06/31,1057.0,511.0,3417.0,950000.0,950000.0,950000.0,1004150000.0,1.0,1.0,,,,,,,,,,,,,,,,,
5ba7eb50b25bd20543e42f9cc50394ed,1401/09/30,2007.0,1167.0,3417.0,950000.0,950000.0,950000.0,1906650000.0,1.0,1.0,,,,,,,,,,,,,,,,,
5ba7eb50b25bd20543e42f9cc50394ed,1401/12/29,17463.0,0.0,8379.0,950000.0,950000.0,950000.0,16589850000.0,1.0,1.0,,,,,,,,,,,,,,,,,
5ba7eb50b25bd20543e42f9cc50394ed,1402/03/31,967.0,336.0,8030.0,950000.0,950000.0,950000.0,918650000.0,1.0,1.0,,,,,,,,,,,,,,,,,
5ba7eb50b25bd20543e42f9cc50394ed,1402/06/31,2639.0,1057.0,8030.0,950000.0,950000.0,950000.0,2507050000.0,1.0,1.0,,,,,,,,,,,,,,,,,
5ba7eb50b25bd20543e42f9cc50394ed,1402/09/30,3524.0,2007.0,8030.0,950000.0,950000.0,950000.0,3347800000.0,1.0,1.0,,,,,,,,,,,,,,,,,
5ba7eb50b25bd20543e42f9cc50394ed,1402/12/29,20483.0,0.0,17737.0,950000.0,950000.0,950000.0,19458850000.0,1.0,1.0,,,,,,,,,,,,,,,,,
5ba7eb50b25bd20543e42f9cc50394ed,1403/03/31,1474.0,967.0,7920.0,950000.0,950000.0,950000.0,1400300000.0,1.0,1.0,,,,,,,,,,,,,,,,,
5ba7eb50b25bd20543e42f9cc50394ed,1403/06/31,3040.0,2636.0,7920.0,950000.0,950000.0,950000.0,2888000000.0,1.0,1.0,,,,,,,,,,,,,,,,,
5ba7eb50b25bd20543e42f9cc50394ed,1403/09/30,4995.0,3524.0,7920.0,950000.0,950000.0,950000.0,4745250000.0,1.0,1.0,,,,,,,,,,,,,,,,,
5ba7eb50b25bd20543e42f9cc50394ed,1403/12/30,22035.0,0.0,20483.0,950000.0,950000.0,950000.0,20933250000.0,1.0,1.0,,,,,,,,,,,,,,,,,
5ba7eb50b25bd20543e42f9cc50394ed,1404/03/31,1227.0,1474.0,12422.0,950000.0,950000.0,950000.0,1165650000.0,1.0,1.0,,,,,,,,,,,,,,,,,
5ba7eb50b25bd20543e42f9cc50394ed,1404/06/31,1853.0,2784.0,12422.0,950000.0,950000.0,950000.0,1760350000.0,1.0,1.0,,,,,,,,,,,,,,,,,
5ba7eb50b25bd20543e42f9cc50394ed,1404/09/30,1912.0,732.0,4207.0,525000.0,210000.0,210000.0,4334050000.0,1.0,1.0,,,,,,,,,,,,,,,,,
5ba7eb50b25bd20543e42f9cc50394ed,1404/12/29,13520.0,22035.0,,2450000.0,950000.0,,33124000000.0,45109941.0,28037393.0,,,,,,,,,,,,,,,,,
5ba7eb50b25bd20543e42f9cc50394ed,1405/03/31,1358.0,476.0,4442.0,2450000.0,2450000.0,2450000.0,3327100000.0,4453197.0,1575215.0,,,,,,,,,,,,,,,,,
5d15c985370d5c69364f396ffec4e0d7,1398/03/31,0.0,0.0,0.0,2291381.0,0.0,0.0,0.0,1.0,1.0,,,,,,,,,,,,,,,,,
5d15c985370d5c69364f396ffec4e0d7,1398/12/29,13.0,96.0,180.0,1772732.0,1772732.0,1772732.0,23045516.0,1.0,1.0,,,,,,,,,,,,,,,,,
5d15c985370d5c69364f396ffec4e0d7,1399/03/31,-46.0,131.0,180.0,1772732.0,1772732.0,1772732.0,-81545672.0,1.0,1.0,,,,,,,,,,,,,,,,,
5d15c985370d5c69364f396ffec4e0d7,1399/06/31,-29.0,194.0,180.0,1772732.0,1772732.0,1772732.0,-51409228.0,1.0,1.0,,,,,,,,,,,,,,,,,
5d15c985370d5c69364f396ffec4e0d7,1399/09/30,-52.0,0.0,180.0,1772732.0,1772732.0,1772732.0,-92182064.0,1.0,1.0,,,,,,,,,,,,,,,,,
5d15c985370d5c69364f396ffec4e0d7,1400/03/31,-55.0,-40.0,-64.0,1772732.0,1772732.0,1772732.0,-97500260.0,1.0,1.0,,,,,,,,,,,,,,,,,
5d15c985370d5c69364f396ffec4e0d7,1400/09/30,-107.0,0.0,-64.0,1772732.0,1772732.0,1772732.0,-189682324.0,1.0,1.0,,,,,,,,,,,,,,,,,
5d15c985370d5c69364f396ffec4e0d7,1401/03/31,-97.0,-55.0,-107.0,1772732.0,1772732.0,1772732.0,-171955004.0,1.0,1.0,,,,,,,,,,,,,,,,,
5d15c985370d5c69364f396ffec4e0d7,1401/09/30,-188.0,0.0,-107.0,1772732.0,1772732.0,1772732.0,-333273616.0,1.0,1.0,,,,,,,,,,,,,,,,,
5d15c985370d5c69364f396ffec4e0d7,1401/12/29,-52.0,-39.0,-188.0,1772732.0,1772732.0,1772732.0,-92182064.0,1.0,1.0,,,,,,,,,,,,,,,,,
5d15c985370d5c69364f396ffec4e0d7,1402/03/31,-141.0,-97.0,-188.0,1772732.0,1772732.0,1772732.0,-249955212.0,1.0,1.0,,,,,,,,,,,,,,,,,
5d15c985370d5c69364f396ffec4e0d7,1402/06/31,-190.0,-135.0,-188.0,1772732.0,1772732.0,1772732.0,-336819080.0,1.0,1.0,,,,,,,,,,,,,,,,,
5d15c985370d5c69364f396ffec4e0d7,1402/09/30,-157.0,0.0,-188.0,1772732.0,1772732.0,1772732.0,-278318924.0,1.0,1.0,,,,,,,,,,,,,,,,,
5d15c985370d5c69364f396ffec4e0d7,1402/12/29,12.0,-52.0,-177.0,3600000.0,1772732.0,1772732.0,43200000.0,1.0,1.0,,,,,,,,,,,,,,,,,
5d15c985370d5c69364f396ffec4e0d7,1403/03/31,32.0,-141.0,-177.0,3600000.0,1772732.0,1772732.0,115200000.0,1.0,1.0,,,,,,,,,,,,,,,,,
5d15c985370d5c69364f396ffec4e0d7,1403/06/31,52.0,-190.0,-177.0,3600000.0,1772732.0,1772732.0,187200000.0,1.0,1.0,,,,,,,,,,,,,,,,,
5d15c985370d5c69364f396ffec4e0d7,1403/09/30,69.0,0.0,-177.0,3600000.0,1772732.0,1772732.0,248400000.0,1.0,1.0,,,,,,,,,,,,,,,,,
5d15c985370d5c69364f396ffec4e0d7,1403/12/30,29.0,12.0,69.0,3600000.0,3600000.0,3600000.0,104400000.0,1.0,1.0,,,,,,,,,,,,,,,,,
5d15c985370d5c69364f396ffec4e0d7,1404/03/31,43.0,32.0,69.0,3600000.0,3600000.0,3600000.0,154800000.0,1.0,1.0,,,,,,,,,,,,,,,,,
5d15c985370d5c69364f396ffec4e0d7,1404/06/31,82.0,52.0,69.0,3600000.0,3600000.0,3600000.0,295200000.0,1.0,1.0,,,,,,,,,,,,,,,,,
5d15c985370d5c69364f396ffec4e0d7,1404/09/30,50.0,0.0,69.0,5000000.0,3600000.0,3600000.0,250000000.0,1.0,1.0,,,,,,,,,,,,,,,,,
5d15c985370d5c69364f396ffec4e0d7,1404/12/29,67.0,21.0,52.0,5000000.0,5000000.0,5000000.0,335000000.0,367793.0,85024.0,,,,,,,,,,,,,,,,,
5d5c836b94dd5814744b8f6f549c51e8,1398/09/30,638.0,873.0,846.0,500000.0,300000.0,300000.0,319000000.0,1.0,1.0,,,,,,,,,,,,,,,,,
5d5c836b94dd5814744b8f6f549c51e8,1398/12/29,831.0,0.0,507.0,500000.0,0.0,500000.0,415500000.0,1.0,1.0,,,,,,,,,,,,,,,,,
5d5c836b94dd5814744b8f6f549c51e8,1399/03/31,436.0,170.0,831.0,500000.0,300000.0,500000.0,218000000.0,1.0,1.0,,,,,,,,,,,,,,,,,
5d5c836b94dd5814744b8f6f549c51e8,1399/06/31,0.0,0.0,0.0,0.0,0.0,0.0,0.0,1.0,1.0,,,,,,,,,,,,,,,,,
5d5c836b94dd5814744b8f6f549c51e8,1399/09/30,0.0,0.0,0.0,500000.0,500000.0,0.0,0.0,1.0,1.0,,,,,,,,,,,,,,,,,
5d5c836b94dd5814744b8f6f549c51e8,1399/12/30,1487.0,0.0,831.0,500000.0,500000.0,500000.0,743500000.0,1.0,1.0,,,,,,,,,,,,,,,,,
5d5c836b94dd5814744b8f6f549c51e8,1400/03/31,0.0,0.0,0.0,500000.0,500000.0,0.0,0.0,1.0,1.0,,,,,,,,,,,,,,,,,
5d5c836b94dd5814744b8f6f549c51e8,1400/06/31,936.0,733.0,1487.0,500000.0,500000.0,500000.0,468000000.0,1.0,1.0,,,,,,,,,,,,,,,,,
5d5c836b94dd5814744b8f6f549c51e8,1400/09/30,1407.0,991.0,1487.0,500000.0,500000.0,500000.0,703500000.0,1.0,1.0,,,,,,,,,,,,,,,,,
5d5c836b94dd5814744b8f6f549c51e8,1400/12/29,2142.0,0.0,1487.0,500000.0,500000.0,500000.0,1071000000.0,1.0,1.0,,,,,,,,,,,,,,,,,
5d5c836b94dd5814744b8f6f549c51e8,1401/03/31,1197.0,801.0,2122.0,500000.0,500000.0,500000.0,598500000.0,1.0,1.0,,,,,,,,,,,,,,,,,
5d5c836b94dd5814744b8f6f549c51e8,1401/06/31,2206.0,1030.0,2122.0,500000.0,500000.0,500000.0,1103000000.0,1.0,1.0,,,,,,,,,,,,,,,,,
5d5c836b94dd5814744b8f6f549c51e8,1401/09/30,2616.0,1407.0,2122.0,500000.0,500000.0,500000.0,1308000000.0,1.0,1.0,,,,,,,,,,,,,,,,,
5d5c836b94dd5814744b8f6f549c51e8,1401/12/29,3895.0,0.0,2122.0,500000.0,500000.0,500000.0,1947500000.0,1.0,1.0,,,,,,,,,,,,,,,,,
5d5c836b94dd5814744b8f6f549c51e8,1402/03/31,2105.0,1197.0,3895.0,500000.0,500000.0,500000.0,1052500000.0,1.0,1.0,,,,,,,,,,,,,,,,,
5d5c836b94dd5814744b8f6f549c51e8,1402/06/31,4101.0,2245.0,3895.0,500000.0,500000.0,500000.0,2050500000.0,1.0,1.0,,,,,,,,,,,,,,,,,
5d5c836b94dd5814744b8f6f549c51e8,1402/09/30,5334.0,2621.0,3903.0,500000.0,500000.0,500000.0,2667000000.0,1.0,1.0,,,,,,,,,,,,,,,,,
5d5c836b94dd5814744b8f6f549c51e8,1402/12/29,6063.0,0.0,3903.0,500000.0,500000.0,500000.0,3031500000.0,1.0,1.0,,,,,,,,,,,,,,,,,
5d5c836b94dd5814744b8f6f549c51e8,1403/03/31,2524.0,2105.0,5922.0,500000.0,500000.0,500000.0,1262000000.0,1.0,1.0,,,,,,,,,,,,,,,,,
5d5c836b94dd5814744b8f6f549c51e8,1403/06/31,4299.0,4101.0,5922.0,500000.0,500000.0,500000.0,2149500000.0,1.0,1.0,,,,,,,,,,,,,,,,,
5d5c836b94dd5814744b8f6f549c51e8,1403/09/30,540.0,5334.0,5922.0,5650000.0,500000.0,500000.0,3051000000.0,1.0,1.0,,,,,,,,,,,,,,,,,
5d5c836b94dd5814744b8f6f549c51e8,1403/12/30,709.0,0.0,524.0,5650000.0,500000.0,5650000.0,4005850000.0,1.0,1.0,,,,,,,,,,,,,,,,,
5d5c836b94dd5814744b8f6f549c51e8,1404/03/31,488.0,223.0,709.0,5650000.0,5650000.0,5650000.0,2757200000.0,1.0,1.0,,,,,,,,,,,,,,,,,
5d5c836b94dd5814744b8f6f549c51e8,1404/06/31,752.0,382.0,709.0,5650000.0,5650000.0,5650000.0,4248800000.0,1.0,1.0,,,,,,,,,,,,,,,,,
5d5c836b94dd5814744b8f6f549c51e8,1404/09/30,1084.0,0.0,540.0,5650000.0,0.0,5650000.0,6124600000.0,15.800199196682232,100.0,,,,,,,,,,,,,,,,,
5d5c836b94dd5814744b8f6f549c51e8,1404/12/29,1082.0,0.0,709.0,5650000.0,5650000.0,5650000.0,6113300000.0,-1.0,100.0,,,,,,,,,,,,,,,,,
5d9142cab82acfbf6d12ef1824abd59b,1398/03/31,0.0,0.0,0.0,4094195.0,25.0,0.0,0.0,1.0,1.0,,,,,,,,,,,,,,,,,
5d9142cab82acfbf6d12ef1824abd59b,1398/06/31,0.0,0.0,0.0,4094195.0,28.0,0.0,0.0,1.0,1.0,,,,,,,,,,,,,,,,,
5d9142cab82acfbf6d12ef1824abd59b,1398/09/30,0.0,0.0,0.0,4732419.0,7.0,0.0,0.0,1.0,1.0,,,,,,,,,,,,,,,,,
5d9142cab82acfbf6d12ef1824abd59b,1398/12/29,147.0,192.0,354.0,1300000.0,1300000.0,1300000.0,191100000.0,1.0,1.0,,,,,,,,,,,,,,,,,
5d9142cab82acfbf6d12ef1824abd59b,1399/03/31,272.0,101.0,342.0,1300000.0,1300000.0,1300000.0,353600000.0,1.0,1.0,,,,,,,,,,,,,,,,,
5d9142cab82acfbf6d12ef1824abd59b,1399/06/31,454.0,62.0,353.0,1300000.0,1300000.0,1300000.0,590200000.0,1.0,1.0,,,,,,,,,,,,,,,,,
5d9142cab82acfbf6d12ef1824abd59b,1399/09/30,1145.0,0.0,342.0,1300000.0,1300000.0,1300000.0,1488500000.0,1.0,1.0,,,,,,,,,,,,,,,,,
5d9142cab82acfbf6d12ef1824abd59b,1399/12/30,661.0,147.0,1073.0,1300000.0,1300000.0,1300000.0,859300000.0,1.0,1.0,,,,,,,,,,,,,,,,,
5d9142cab82acfbf6d12ef1824abd59b,1400/03/31,1091.0,256.0,1073.0,1300000.0,1300000.0,1300000.0,1418300000.0,1.0,1.0,,,,,,,,,,,,,,,,,
5d9142cab82acfbf6d12ef1824abd59b,1400/06/31,2292.0,454.0,1073.0,1300000.0,1300000.0,1300000.0,2979600000.0,1.0,1.0,,,,,,,,,,,,,,,,,
5d9142cab82acfbf6d12ef1824abd59b,1400/09/30,4196.0,0.0,1144.0,1300000.0,1300000.0,1300000.0,5454800000.0,1.0,1.0,,,,,,,,,,,,,,,,,
5d9142cab82acfbf6d12ef1824abd59b,1400/12/29,1137.0,661.0,3792.0,1300000.0,1300000.0,1300000.0,1478100000.0,1.0,1.0,,,,,,,,,,,,,,,,,
5d9142cab82acfbf6d12ef1824abd59b,1401/03/31,0.0,0.0,0.0,0.0,0.0,0.0,0.0,1.0,1.0,,,,,,,,,,,,,,,,,
5d9142cab82acfbf6d12ef1824abd59b,1401/06/31,0.0,0.0,0.0,0.0,0.0,0.0,0.0,1.0,1.0,,,,,,,,,,,,,,,,,
5d9142cab82acfbf6d12ef1824abd59b,1401/09/30,0.0,0.0,0.0,0.0,0.0,0.0,0.0,1.0,1.0,,,,,,,,,,,,,,,,,
5d9142cab82acfbf6d12ef1824abd59b,1401/12/29,559.0,1137.0,3914.0,1300000.0,1300000.0,1300000.0,726700000.0,1.0,1.0,,,,,,,,,,,,,,,,,
5d9142cab82acfbf6d12ef1824abd59b,1402/03/31,0.0,3914.0,0.0,0.0,1300000.0,0.0,0.0,1.0,1.0,,,,,,,,,,,,,,,,,
5d9142cab82acfbf6d12ef1824abd59b,1402/06/31,3370.0,2770.0,3914.0,1300000.0,1300000.0,1300000.0,4381000000.0,1.0,1.0,,,,,,,,,,,,,,,,,
5d9142cab82acfbf6d12ef1824abd59b,1402/09/30,5287.0,0.0,3914.0,1300000.0,0.0,1300000.0,6873100000.0,1.0,1.0,,,,,,,,,,,,,,,,,
5d9142cab82acfbf6d12ef1824abd59b,1402/12/29,1902.0,559.0,5463.0,1300000.0,1300000.0,1300000.0,2472600000.0,1.0,1.0,,,,,,,,,,,,,,,,,
5d9142cab82acfbf6d12ef1824abd59b,1403/03/31,3009.0,1783.0,5463.0,1300000.0,1300000.0,1300000.0,3911700000.0,1.0,1.0,,,,,,,,,,,,,,,,,
5d9142cab82acfbf6d12ef1824abd59b,1403/06/31,200.0,3370.0,5463.0,29194691.0,1300000.0,1300000.0,5838938200.0,1.0,1.0,,,,,,,,,,,,,,,,,
5d9142cab82acfbf6d12ef1824abd59b,1403/09/30,310.0,0.0,5463.0,29194691.0,0.0,1300000.0,9050354210.0,1.0,1.0,,,,,,,,,,,,,,,,,
5d9142cab82acfbf6d12ef1824abd59b,1403/12/30,101.0,1902.0,320.0,29194691.0,1300000.0,29194691.0,2948663791.0,1.0,1.0,,,,,,,,,,,,,,,,,
5d9142cab82acfbf6d12ef1824abd59b,1404/03/31,79.0,3009.0,320.0,29194691.0,1300000.0,29194691.0,2306380589.0,1.0,1.0,,,,,,,,,,,,,,,,,
5d9142cab82acfbf6d12ef1824abd59b,1404/06/31,126.0,200.0,320.0,29194691.0,29194691.0,29194691.0,3678531066.0,1.0,1.0,,,,,,,,,,,,,,,,,
5d9142cab82acfbf6d12ef1824abd59b,1404/09/30,312.0,0.0,320.0,29194691.0,0.0,29194691.0,9108743592.0,-1.0,100.0,,,,,,,,,,,,,,,,,
5d9142cab82acfbf6d12ef1824abd59b,1404/12/29,201.0,101.0,279.0,29194691.0,29194691.0,29194691.0,5868132891.0,5632028.0,2619976.0,,,,,,,,,,,,,,,,,
5d9142cab82acfbf6d12ef1824abd59b,1405/03/31,315.0,78.0,279.0,29194691.0,29194691.0,29194691.0,9196327665.0,8382917.0,1836902.0,7220348.0,58061229.0,24613409.0,56224846.0,-178651.0,1006903.0,9191328.0,2279776.0,8142851.0,5694738.0,4109292.0,12622913.0,73876708.0,33267769.0,21839580.0,20481305.0,52037128.0
6081d3f368b7889ba242435db91b5b2f,1404/09/30,3363.0,1413.0,2672.0,2000000.0,2000000.0,2000000.0,6726000000.0,8750985.0,3734997.0,6761614.0,20653396.0,13000147.0,19173878.0,-1718716.0,70110.0,6725054.0,2826667.0,5343843.0,703878.0,600531.0,-352340.0,31789877.0,28290766.0,16819746.0,14444746.0,14970131.0
6081d3f368b7889ba242435db91b5b2f,1404/12/29,1721.0,2672.0,,6500000.0,2000000.0,,11186500000.0,13993664.0,6761614.0,,37312626.0,19173878.0,,-2520630.0,168411.0,11184688.0,5343843.0,,3450567.0,-352340.0,,35461873.0,24083544.0,17532108.0,15157108.0,17929765.0
6081d3f368b7889ba242435db91b5b2f,1405/03/31,500.0,55.0,1721.0,6500000.0,2000000.0,6500000.0,3250000000.0,3939605.0,595203.0,13993664.0,11283674.0,5654723.0,37312626.0,-718297.0,156478.0,3247623.0,109860.0,11184688.0,-2307106.0,-422151.0,3450567.0,41112859.0,28922178.0,19935470.0,17560470.0,21177389.0
60de37b0434d9b34ee753646b12c46f3,1398/03/31,408.0,271.0,51.0,991440.0,991440.0,0.0,404507520.0,-1.0,100.0,,,,,,,,,,,,,,,,,
60de37b0434d9b34ee753646b12c46f3,1398/06/31,502.0,376.0,451.0,991440.0,991440.0,991440.0,497702880.0,-1.0,100.0,,,,,,,,,,,,,,,,,
60de37b0434d9b34ee753646b12c46f3,1398/09/30,0.0,0.0,0.0,66000.0,0.0,66000.0,0.0,-1.0,100.0,,,,,,,,,,,,,,,,,
60de37b0434d9b34ee753646b12c46f3,1398/12/29,271.0,107.0,795.0,991440.0,991440.0,991440.0,268680240.0,-1.0,100.0,,,,,,,,,,,,,,,,,
60de37b0434d9b34ee753646b12c46f3,1399/03/31,630.0,408.0,795.0,991440.0,991440.0,991440.0,624607200.0,-1.0,100.0,,,,,,,,,,,,,,,,,
60de37b0434d9b34ee753646b12c46f3,1399/06/31,857.0,500.0,795.0,991440.0,991440.0,991440.0,849664080.0,-1.0,100.0,,,,,,,,,,,,,,,,,
60de37b0434d9b34ee753646b12c46f3,1399/09/30,1237.0,0.0,795.0,991440.0,991440.0,991440.0,1226411280.0,-1.0,100.0,,,,,,,,,,,,,,,,,
60de37b0434d9b34ee753646b12c46f3,1399/12/30,448.0,271.0,1237.0,991440.0,991440.0,991440.0,444165120.0,-1.0,100.0,,,,,,,,,,,,,,,,,
60de37b0434d9b34ee753646b12c46f3,1400/03/31,356.0,781.0,-54.0,66000.0,66000.0,0.0,23496000.0,-1.0,100.0,,,,,,,,,,,,,,,,,
60de37b0434d9b34ee753646b12c46f3,1400/06/31,1672.0,857.0,1237.0,991440.0,991440.0,991440.0,1657687680.0,-1.0,100.0,,,,,,,,,,,,,,,,,
60de37b0434d9b34ee753646b12c46f3,1400/09/30,2279.0,0.0,1237.0,991440.0,991440.0,991440.0,2259491760.0,-1.0,100.0,,,,,,,,,,,,,,,,,
60de37b0434d9b34ee753646b12c46f3,1400/12/29,969.0,448.0,2279.0,991440.0,991440.0,991440.0,960705360.0,-1.0,100.0,,,,,,,,,,,,,,,,,
60de37b0434d9b34ee753646b12c46f3,1401/03/31,1573.0,1121.0,2279.0,1500000.0,991440.0,991440.0,2359500000.0,-1.0,100.0,,,,,,,,,,,,,,,,,
60de37b0434d9b34ee753646b12c46f3,1401/06/31,2012.0,1715.0,2279.0,1500000.0,991440.0,991440.0,3018000000.0,-1.0,100.0,,,,,,,,,,,,,,,,,
60de37b0434d9b34ee753646b12c46f3,1401/09/30,2702.0,0.0,1506.0,1500000.0,991440.0,1500000.0,4053000000.0,-1.0,100.0,,,,,,,,,,,,,,,,,
60de37b0434d9b34ee753646b12c46f3,1401/12/29,1310.0,641.0,2702.0,1500000.0,1500000.0,1500000.0,1965000000.0,-1.0,100.0,,,,,,,,,,,,,,,,,
60de37b0434d9b34ee753646b12c46f3,1402/03/31,3335.0,1573.0,2702.0,1500000.0,1500000.0,1500000.0,5002500000.0,-1.0,100.0,,,,,,,,,,,,,,,,,
60de37b0434d9b34ee753646b12c46f3,1402/06/31,4197.0,2018.0,2702.0,1500000.0,1500000.0,1500000.0,6295500000.0,-1.0,100.0,,,,,,,,,,,,,,,,,
60de37b0434d9b34ee753646b12c46f3,1402/09/30,6059.0,0.0,2705.0,1498387.0,1500000.0,1498665.0,9078726833.0,-1.0,100.0,,,,,,,,,,,,,,,,,
60de37b0434d9b34ee753646b12c46f3,1402/12/29,744.0,1310.0,6053.0,1500000.0,1500000.0,1500000.0,1116000000.0,-1.0,100.0,,,,,,,,,,,,,,,,,
60de37b0434d9b34ee753646b12c46f3,1403/03/31,2665.0,3337.0,6059.0,1498045.0,1499059.0,1498387.0,3992289925.0,-1.0,100.0,,,,,,,,,,,,,,,,,
60de37b0434d9b34ee753646b12c46f3,1403/06/31,3284.0,4197.0,6053.0,1500000.0,1500000.0,1500000.0,4926000000.0,-1.0,100.0,,,,,,,,,,,,,,,,,
60de37b0434d9b34ee753646b12c46f3,1403/09/30,5736.0,0.0,6053.0,1500000.0,1500000.0,1500000.0,8604000000.0,-1.0,100.0,,,,,,,,,,,,,,,,,
60de37b0434d9b34ee753646b12c46f3,1403/12/30,1237.0,818.0,5736.0,1500000.0,1500000.0,1500000.0,1855500000.0,-1.0,100.0,,,,,,,,,,,,,,,,,
60de37b0434d9b34ee753646b12c46f3,1404/03/31,427.0,176.0,213.0,66000.0,66000.0,66000.0,28182000.0,-1.0,100.0,,,,,,,,,,,,,,,,,
60de37b0434d9b34ee753646b12c46f3,1404/06/31,3819.0,3284.0,5736.0,1500000.0,1500000.0,1500000.0,5728500000.0,-1.0,100.0,,,,,,,,,,,,,,,,,
60de37b0434d9b34ee753646b12c46f3,1404/09/30,7820.0,0.0,5736.0,1500000.0,1500000.0,1500000.0,11730000000.0,-1.0,100.0,,,,,,,,,,,,,,,,,
60de37b0434d9b34ee753646b12c46f3,1404/12/29,1798.0,1237.0,7820.0,1500000.0,1500000.0,1500000.0,2697000000.0,-1.0,100.0,,,,,,,,,,,,,,,,,
60de37b0434d9b34ee753646b12c46f3,1405/03/31,6856.0,2950.0,7820.0,1500000.0,1500000.0,1500000.0,10284000000.0,5826557.0,2050796.0,,,,,,,,,,,,,,,,,
611f456315ab832044ca3f40c5f81b25,1398/06/31,-78.0,-52.0,52.0,952095.0,952095.0,952095.0,-74263410.0,1.0,1.0,,,,,,,,,,,,,,,,,
611f456315ab832044ca3f40c5f81b25,1398/09/30,1.0,-26.0,40.0,952095.0,952095.0,952095.0,952095.0,1.0,1.0,,,,,,,,,,,,,,,,,
611f456315ab832044ca3f40c5f81b25,1398/12/29,15.0,0.0,41.0,952095.0,952095.0,952095.0,14281425.0,1.0,1.0,,,,,,,,,,,,,,,,,
611f456315ab832044ca3f40c5f81b25,1399/03/31,-16.0,14.0,0.0,952095.0,952095.0,0.0,-15233520.0,1.0,1.0,,,,,,,,,,,,,,,,,
611f456315ab832044ca3f40c5f81b25,1399/06/31,-81.0,14.0,0.0,952095.0,952095.0,0.0,-77119695.0,1.0,1.0,,,,,,,,,,,,,,,,,
611f456315ab832044ca3f40c5f81b25,1399/09/30,-29.0,1.0,14.0,952095.0,952095.0,952095.0,-27610755.0,1.0,1.0,,,,,,,,,,,,,,,,,
611f456315ab832044ca3f40c5f81b25,1399/12/30,49.0,0.0,14.0,952095.0,952095.0,952095.0,46652655.0,1.0,1.0,,,,,,,,,,,,,,,,,
611f456315ab832044ca3f40c5f81b25,1400/03/31,33.0,-14.0,49.0,952094.0,952095.0,952095.0,31419102.0,1.0,1.0,,,,,,,,,,,,,,,,,
611f456315ab832044ca3f40c5f81b25,1400/06/31,83.0,-100.0,49.0,952094.0,952095.0,952095.0,79023802.0,1.0,1.0,,,,,,,,,,,,,,,,,
611f456315ab832044ca3f40c5f81b25,1400/09/30,202.0,-29.0,49.0,952094.0,952095.0,952095.0,192322988.0,1.0,1.0,,,,,,,,,,,,,,,,,
611f456315ab832044ca3f40c5f81b25,1400/12/29,385.0,0.0,49.0,952094.0,952095.0,952095.0,366556190.0,1.0,1.0,,,,,,,,,,,,,,,,,
611f456315ab832044ca3f40c5f81b25,1401/03/31,114.0,33.0,385.0,952095.0,952095.0,952095.0,108538830.0,1.0,1.0,,,,,,,,,,,,,,,,,
611f456315ab832044ca3f40c5f81b25,1401/09/30,546.0,202.0,385.0,952095.0,952094.0,952094.0,519843870.0,1.0,1.0,,,,,,,,,,,,,,,,,
611f456315ab832044ca3f40c5f81b25,1401/12/29,1426.0,0.0,385.0,952095.0,952094.0,952095.0,1357687470.0,1.0,1.0,,,,,,,,,,,,,,,,,
611f456315ab832044ca3f40c5f81b25,1402/03/31,280.0,113.0,1426.0,952095.0,952095.0,952095.0,266586600.0,1.0,1.0,,,,,,,,,,,,,,,,,
611f456315ab832044ca3f40c5f81b25,1402/06/31,938.0,229.0,1426.0,952095.0,952095.0,952095.0,893065110.0,1.0,1.0,,,,,,,,,,,,,,,,,
611f456315ab832044ca3f40c5f81b25,1402/09/30,1489.0,546.0,1426.0,952095.0,952095.0,952095.0,1417669455.0,1.0,1.0,,,,,,,,,,,,,,,,,
611f456315ab832044ca3f40c5f81b25,1402/12/29,1732.0,0.0,1426.0,952095.0,952095.0,952095.0,1649028540.0,1.0,1.0,,,,,,,,,,,,,,,,,
611f456315ab832044ca3f40c5f81b25,1403/03/31,280.0,280.0,1621.0,952095.0,952095.0,952095.0,266586600.0,1.0,1.0,,,,,,,,,,,,,,,,,
611f456315ab832044ca3f40c5f81b25,1403/06/31,510.0,938.0,1621.0,952095.0,952095.0,952095.0,485568450.0,1.0,1.0,,,,,,,,,,,,,,,,,
611f456315ab832044ca3f40c5f81b25,1403/09/30,575.0,1489.0,1621.0,952095.0,952095.0,952095.0,547454625.0,1.0,1.0,,,,,,,,,,,,,,,,,
611f456315ab832044ca3f40c5f81b25,1403/12/30,645.0,0.0,1621.0,952095.0,952095.0,952095.0,614101275.0,1.0,1.0,,,,,,,,,,,,,,,,,
611f456315ab832044ca3f40c5f81b25,1404/03/31,178.0,280.0,645.0,952095.0,952095.0,952095.0,169472910.0,1.0,1.0,,,,,,,,,,,,,,,,,
611f456315ab832044ca3f40c5f81b25,1404/06/31,646.0,510.0,645.0,952095.0,952095.0,952095.0,615053370.0,1.0,1.0,,,,,,,,,,,,,,,,,
611f456315ab832044ca3f40c5f81b25,1404/09/30,813.0,575.0,645.0,952095.0,952095.0,952095.0,774053235.0,1.0,1.0,,,,,,,,,,,,,,,,,
611f456315ab832044ca3f40c5f81b25,1404/12/29,2458.0,280.0,463.0,952095.0,952095.0,952095.0,2340249510.0,-1.0,100.0,,,,,,,,,,,,,,,,,
611f456315ab832044ca3f40c5f81b25,1405/03/31,321.0,178.0,2450.0,952095.0,952095.0,952095.0,305622495.0,389075.0,157296.0,,,,,,,,,,,,,,,,,
62475be81f64f0f74b0f1f4a798dd2c5,1398/09/30,274.0,104.0,159.0,4000000.0,4000000.0,4000000.0,1096000000.0,1.0,1.0,,,,,,,,,,,,,,,,,
62475be81f64f0f74b0f1f4a798dd2c5,1398/12/29,632.0,0.0,159.0,4000000.0,4000000.0,4000000.0,2528000000.0,1.0,1.0,,,,,,,,,,,,,,,,,
62475be81f64f0f74b0f1f4a798dd2c5,1399/03/31,489.0,55.0,510.0,4000000.0,4000000.0,4000000.0,1956000000.0,1.0,1.0,,,,,,,,,,,,,,,,,
62475be81f64f0f74b0f1f4a798dd2c5,1399/06/31,1007.0,171.0,510.0,4000000.0,4000000.0,4000000.0,4028000000.0,1.0,1.0,,,,,,,,,,,,,,,,,
62475be81f64f0f74b0f1f4a798dd2c5,1399/09/30,1442.0,274.0,510.0,4000000.0,4000000.0,4000000.0,5768000000.0,1.0,1.0,,,,,,,,,,,,,,,,,
62475be81f64f0f74b0f1f4a798dd2c5,1399/12/30,824.0,0.0,608.0,8340000.0,4000000.0,4000000.0,6872160000.0,1.0,1.0,,,,,,,,,,,,,,,,,
62475be81f64f0f74b0f1f4a798dd2c5,1400/03/31,387.0,234.0,868.0,8340000.0,8340000.0,8340000.0,3227580000.0,1.0,1.0,,,,,,,,,,,,,,,,,
62475be81f64f0f74b0f1f4a798dd2c5,1400/06/31,966.0,479.0,868.0,8340000.0,8340000.0,8340000.0,8056440000.0,1.0,1.0,,,,,,,,,,,,,,,,,
62475be81f64f0f74b0f1f4a798dd2c5,1400/09/30,1226.0,692.0,868.0,8340000.0,8340000.0,8340000.0,10224840000.0,1.0,1.0,,,,,,,,,,,,,,,,,
62475be81f64f0f74b0f1f4a798dd2c5,1400/12/29,2143.0,0.0,824.0,8340000.0,8340000.0,8340000.0,17872620000.0,1.0,1.0,,,,,,,,,,,,,,,,,
62475be81f64f0f74b0f1f4a798dd2c5,1401/03/31,120.0,387.0,2111.0,27677357.0,8340000.0,8340000.0,3321282840.0,1.0,1.0,,,,,,,,,,,,,,,,,
62475be81f64f0f74b0f1f4a798dd2c5,1401/06/31,443.0,975.0,2111.0,27677357.0,8340000.0,8340000.0,12261069151.0,1.0,1.0,,,,,,,,,,,,,,,,,
62475be81f64f0f74b0f1f4a798dd2c5,1401/09/30,436.0,341.0,587.0,30000000.0,30000000.0,30000000.0,13080000000.0,1.0,1.0,,,,,,,,,,,,,,,,,
62475be81f64f0f74b0f1f4a798dd2c5,1401/12/29,1176.0,0.0,595.0,30000000.0,8340000.0,30000000.0,35280000000.0,1.0,1.0,,,,,,,,,,,,,,,,,
62475be81f64f0f74b0f1f4a798dd2c5,1402/03/31,81.0,111.0,1163.0,30000000.0,30000000.0,30000000.0,2430000000.0,1.0,1.0,,,,,,,,,,,,,,,,,
62475be81f64f0f74b0f1f4a798dd2c5,1402/06/31,174.0,409.0,1163.0,30000000.0,30000000.0,30000000.0,5220000000.0,1.0,1.0,,,,,,,,,,,,,,,,,
62475be81f64f0f74b0f1f4a798dd2c5,1402/09/30,189.0,436.0,1163.0,30000000.0,30000000.0,30000000.0,5670000000.0,1.0,1.0,,,,,,,,,,,,,,,,,
62475be81f64f0f74b0f1f4a798dd2c5,1402/12/29,277.0,0.0,585.0,60000000.0,0.0,60000000.0,16620000000.0,1.0,1.0,,,,,,,,,,,,,,,,,
62475be81f64f0f74b0f1f4a798dd2c5,1403/03/31,32.0,40.0,217.0,60000000.0,60000000.0,60000000.0,1920000000.0,1.0,1.0,,,,,,,,,,,,,,,,,
62475be81f64f0f74b0f1f4a798dd2c5,1403/06/31,28.0,30.0,217.0,60000000.0,60000000.0,60000000.0,1680000000.0,1.0,1.0,,,,,,,,,,,,,,,,,
62475be81f64f0f74b0f1f4a798dd2c5,1403/09/30,50.0,95.0,217.0,60000000.0,60000000.0,60000000.0,3000000000.0,1.0,1.0,,,,,,,,,,,,,,,,,
62475be81f64f0f74b0f1f4a798dd2c5,1403/12/30,37.0,0.0,232.0,71400000.0,0.0,71400000.0,2641800000.0,1.0,1.0,,,,,,,,,,,,,,,,,
62475be81f64f0f74b0f1f4a798dd2c5,1404/03/31,8.0,27.0,-35.0,71400000.0,71400000.0,71400000.0,571200000.0,1.0,1.0,,,,,,,,,,,,,,,,,
62475be81f64f0f74b0f1f4a798dd2c5,1404/06/31,10.0,22.0,-35.0,71400000.0,71400000.0,71400000.0,714000000.0,1.0,1.0,,,,,,,,,,,,,,,,,
62475be81f64f0f74b0f1f4a798dd2c5,1404/09/30,22.0,42.0,-35.0,71400000.0,71400000.0,71400000.0,1570800000.0,1.0,1.0,,,,,,,,,,,,,,,,,
62475be81f64f0f74b0f1f4a798dd2c5,1404/12/29,-45.0,0.0,-24.0,71400000.0,0.0,71400000.0,-3213000000.0,-24.0,-21.0,,,,,,,,,,,,,,,,,
62475be81f64f0f74b0f1f4a798dd2c5,1405/03/31,-24.0,8.0,-15.0,71400000.0,71400000.0,71400000.0,-1713600000.0,-1021895.0,409239.0,,,,,,,,,,,,,,,,,
62a63aab5e5f97d82fe87b1c3a34f7f2,1398/12/29,2245.0,0.0,655.0,3500000.0,3500000.0,3500000.0,7857500000.0,1.0,1.0,,,,,,,,,,,,,,,,,
62a63aab5e5f97d82fe87b1c3a34f7f2,1399/03/31,475.0,1051.0,2245.0,3500000.0,3500000.0,3500000.0,1662500000.0,1.0,1.0,,,,,,,,,,,,,,,,,
62a63aab5e5f97d82fe87b1c3a34f7f2,1399/06/31,2162.0,790.0,2153.0,3500000.0,3500000.0,3500000.0,7567000000.0,1.0,1.0,,,,,,,,,,,,,,,,,
62a63aab5e5f97d82fe87b1c3a34f7f2,1399/09/30,3557.0,1330.0,2153.0,3500000.0,3500000.0,3500000.0,12449500000.0,1.0,1.0,,,,,,,,,,,,,,,,,
62a63aab5e5f97d82fe87b1c3a34f7f2,1399/12/30,5600.0,0.0,2005.0,3500000.0,3500000.0,3500000.0,19600000000.0,1.0,1.0,,,,,,,,,,,,,,,,,
62a63aab5e5f97d82fe87b1c3a34f7f2,1400/03/31,2621.0,475.0,6167.0,3500000.0,3500000.0,3500000.0,9173500000.0,1.0,1.0,,,,,,,,,,,,,,,,,
62a63aab5e5f97d82fe87b1c3a34f7f2,1400/06/31,5485.0,2162.0,6167.0,3500000.0,3500000.0,3500000.0,19197500000.0,1.0,1.0,,,,,,,,,,,,,,,,,
62a63aab5e5f97d82fe87b1c3a34f7f2,1400/09/30,9119.0,3557.0,6167.0,3500000.0,3500000.0,3500000.0,31916500000.0,1.0,1.0,,,,,,,,,,,,,,,,,
62a63aab5e5f97d82fe87b1c3a34f7f2,1400/12/29,10770.0,0.0,6167.0,3500000.0,3500000.0,3500000.0,37695000000.0,1.0,1.0,,,,,,,,,,,,,,,,,
62a63aab5e5f97d82fe87b1c3a34f7f2,1401/03/31,5922.0,2621.0,10419.0,3500000.0,3500000.0,3500000.0,20727000000.0,1.0,1.0,,,,,,,,,,,,,,,,,
62a63aab5e5f97d82fe87b1c3a34f7f2,1401/06/31,8692.0,5794.0,10419.0,3500000.0,3500000.0,3500000.0,30422000000.0,1.0,1.0,,,,,,,,,,,,,,,,,
62a63aab5e5f97d82fe87b1c3a34f7f2,1401/09/30,4024.0,2224.0,10419.0,14350000.0,14350000.0,3500000.0,57744400000.0,1.0,1.0,,,,,,,,,,,,,,,,,
62a63aab5e5f97d82fe87b1c3a34f7f2,1401/12/29,5448.0,0.0,2541.0,14350000.0,3500000.0,14350000.0,78178800000.0,1.0,1.0,,,,,,,,,,,,,,,,,
62a63aab5e5f97d82fe87b1c3a34f7f2,1402/03/31,2751.0,1444.0,5627.0,14350000.0,14350000.0,14350000.0,39476850000.0,1.0,1.0,,,,,,,,,,,,,,,,,
62a63aab5e5f97d82fe87b1c3a34f7f2,1402/06/31,4521.0,2604.0,5627.0,14350000.0,14350000.0,14350000.0,64876350000.0,1.0,1.0,,,,,,,,,,,,,,,,,
62a63aab5e5f97d82fe87b1c3a34f7f2,1402/09/30,7316.0,4024.0,5627.0,14350000.0,14350000.0,14350000.0,104984600000.0,1.0,1.0,,,,,,,,,,,,,,,,,
62a63aab5e5f97d82fe87b1c3a34f7f2,1402/12/29,6632.0,0.0,5627.0,14350000.0,14350000.0,14350000.0,95169200000.0,1.0,1.0,,,,,,,,,,,,,,,,,
62a63aab5e5f97d82fe87b1c3a34f7f2,1403/03/31,2555.0,2751.0,7129.0,14350000.0,14350000.0,14350000.0,36664250000.0,1.0,1.0,,,,,,,,,,,,,,,,,
62a63aab5e5f97d82fe87b1c3a34f7f2,1403/06/31,5761.0,4258.0,7129.0,14350000.0,14350000.0,14350000.0,82670350000.0,1.0,1.0,,,,,,,,,,,,,,,,,
62a63aab5e5f97d82fe87b1c3a34f7f2,1403/09/30,8380.0,7465.0,7129.0,14350000.0,14350000.0,14350000.0,120253000000.0,1.0,1.0,,,,,,,,,,,,,,,,,
62a63aab5e5f97d82fe87b1c3a34f7f2,1403/12/30,9228.0,0.0,7129.0,14350000.0,14350000.0,14350000.0,132421800000.0,1.0,1.0,,,,,,,,,,,,,,,,,
62a63aab5e5f97d82fe87b1c3a34f7f2,1404/03/31,746.0,2555.0,8644.0,14350000.0,14350000.0,14350000.0,10705100000.0,1.0,1.0,,,,,,,,,,,,,,,,,
62a63aab5e5f97d82fe87b1c3a34f7f2,1404/06/31,1641.0,5384.0,8644.0,14350000.0,14350000.0,14350000.0,23548350000.0,1.0,1.0,,,,,,,,,,,,,,,,,
62a63aab5e5f97d82fe87b1c3a34f7f2,1404/09/30,882.0,1741.0,655.0,3500000.0,3500000.0,3500000.0,27193250000.0,1.0,1.0,,,,,,,,,,,,,,,,,
62a63aab5e5f97d82fe87b1c3a34f7f2,1404/12/29,3652.0,0.0,8644.0,20090000.0,14350000.0,14350000.0,73368680000.0,-1.0,100.0,,,,,,,,,,,,,,,,,
62a63aab5e5f97d82fe87b1c3a34f7f2,1405/03/31,4715.0,746.0,7597.0,14350000.0,14350000.0,14350000.0,67660250000.0,77254417.0,11610401.0,126346153.0,250729366.0,199605072.0,1057374484.0,-2349109.0,7931310.0,67653438.0,10703432.0,109013126.0,793263.0,17329265.0,71844945.0,637634843.0,532473651.0,421816057.0,408815343.0,215818786.0
63a5bb96ab3f48206ee3e201f4ac9d85,1398/06/31,423.0,427.0,1224.0,360000.0,360000.0,360000.0,152280000.0,1.0,1.0,,,,,,,,,,,,,,,,,
63a5bb96ab3f48206ee3e201f4ac9d85,1398/09/30,575.0,615.0,1224.0,540000.0,360000.0,360000.0,310500000.0,1.0,1.0,,,,,,,,,,,,,,,,,
63a5bb96ab3f48206ee3e201f4ac9d85,1398/12/29,961.0,0.0,1346.0,540000.0,360000.0,360000.0,518940000.0,1.0,1.0,,,,,,,,,,,,,,,,,
63a5bb96ab3f48206ee3e201f4ac9d85,1399/03/31,360.0,210.0,861.0,540000.0,360000.0,540000.0,194400000.0,1.0,1.0,,,,,,,,,,,,,,,,,
63a5bb96ab3f48206ee3e201f4ac9d85,1399/06/31,0.0,0.0,0.0,0.0,0.0,0.0,0.0,1.0,1.0,,,,,,,,,,,,,,,,,
63a5bb96ab3f48206ee3e201f4ac9d85,1399/09/30,1697.0,575.0,861.0,540000.0,540000.0,540000.0,916380000.0,1.0,1.0,,,,,,,,,,,,,,,,,
63a5bb96ab3f48206ee3e201f4ac9d85,1399/12/30,3421.0,0.0,961.0,540000.0,540000.0,540000.0,1847340000.0,1.0,1.0,,,,,,,,,,,,,,,,,
63a5bb96ab3f48206ee3e201f4ac9d85,1400/03/31,830.0,360.0,3262.0,540000.0,540000.0,540000.0,448200000.0,1.0,1.0,,,,,,,,,,,,,,,,,
63a5bb96ab3f48206ee3e201f4ac9d85,1400/06/31,2397.0,1107.0,3262.0,540000.0,540000.0,540000.0,1294380000.0,1.0,1.0,,,,,,,,,,,,,,,,,
63a5bb96ab3f48206ee3e201f4ac9d85,1400/09/30,3191.0,1697.0,3262.0,540000.0,540000.0,540000.0,1723140000.0,1.0,1.0,,,,,,,,,,,,,,,,,
63a5bb96ab3f48206ee3e201f4ac9d85,1400/12/29,4708.0,0.0,3506.0,540000.0,540000.0,540000.0,2542320000.0,1.0,1.0,,,,,,,,,,,,,,,,,
63a5bb96ab3f48206ee3e201f4ac9d85,1401/03/31,329.0,262.0,1374.0,1710000.0,1710000.0,1710000.0,562590000.0,1.0,1.0,,,,,,,,,,,,,,,,,
63a5bb96ab3f48206ee3e201f4ac9d85,1401/06/31,528.0,757.0,1374.0,1710000.0,1710000.0,1710000.0,902880000.0,1.0,1.0,,,,,,,,,,,,,,,,,
63a5bb96ab3f48206ee3e201f4ac9d85,1401/09/30,838.0,1009.0,1374.0,1710000.0,1710000.0,1710000.0,1432980000.0,1.0,1.0,,,,,,,,,,,,,,,,,
63a5bb96ab3f48206ee3e201f4ac9d85,1401/12/29,1731.0,0.0,1518.0,1710000.0,1710000.0,1710000.0,2960010000.0,1.0,1.0,,,,,,,,,,,,,,,,,
63a5bb96ab3f48206ee3e201f4ac9d85,1402/03/31,373.0,329.0,1686.0,1710000.0,1710000.0,1710000.0,637830000.0,1.0,1.0,,,,,,,,,,,,,,,,,
63a5bb96ab3f48206ee3e201f4ac9d85,1402/06/31,0.0,0.0,0.0,0.0,0.0,0.0,0.0,1.0,1.0,,,,,,,,,,,,,,,,,
63a5bb96ab3f48206ee3e201f4ac9d85,1402/09/30,1251.0,838.0,1686.0,1710000.0,1710000.0,1710000.0,2139210000.0,1.0,1.0,,,,,,,,,,,,,,,,,
63a5bb96ab3f48206ee3e201f4ac9d85,1402/12/29,1652.0,0.0,1731.0,1710000.0,1710000.0,1710000.0,2824920000.0,1.0,1.0,,,,,,,,,,,,,,,,,
63a5bb96ab3f48206ee3e201f4ac9d85,1403/03/31,131.0,373.0,1556.0,1710000.0,1710000.0,1710000.0,224010000.0,1.0,1.0,,,,,,,,,,,,,,,,,
63a5bb96ab3f48206ee3e201f4ac9d85,1403/06/31,380.0,1073.0,1556.0,1710000.0,1710000.0,1710000.0,649800000.0,1.0,1.0,,,,,,,,,,,,,,,,,
63a5bb96ab3f48206ee3e201f4ac9d85,1403/09/30,828.0,1251.0,1556.0,1710000.0,1710000.0,1710000.0,1415880000.0,1.0,1.0,,,,,,,,,,,,,,,,,
63a5bb96ab3f48206ee3e201f4ac9d85,1403/12/30,0.0,0.0,0.0,0.0,0.0,0.0,0.0,1.0,1.0,,,,,,,,,,,,,,,,,
63a5bb96ab3f48206ee3e201f4ac9d85,1404/03/31,91.0,131.0,1751.0,1710000.0,1710000.0,1710000.0,155610000.0,1.0,1.0,,,,,,,,,,,,,,,,,
63a5bb96ab3f48206ee3e201f4ac9d85,1404/06/31,626.0,477.0,1751.0,1710000.0,1710000.0,1710000.0,1070460000.0,1.0,1.0,,,,,,,,,,,,,,,,,
63a5bb96ab3f48206ee3e201f4ac9d85,1404/09/30,1149.0,828.0,1751.0,1710000.0,1710000.0,1710000.0,1964790000.0,1.0,1.0,,,,,,,,,,,,,,,,,
63a5bb96ab3f48206ee3e201f4ac9d85,1404/12/29,1685.0,1811.0,,1710000.0,1710000.0,,2881350000.0,3159640.0,3138120.0,,,,,,,,,,,,,,,,,
63a5bb96ab3f48206ee3e201f4ac9d85,1405/03/31,1125.0,91.0,1562.0,1710000.0,1710000.0,1710000.0,1923750000.0,2516294.0,161251.0,2980671.0,10673681.0,3937615.0,24541113.0,-51279.0,45133.0,1924159.0,155018.0,2670930.0,-547782.0,805416.0,1796639.0,21105803.0,17756522.0,10040652.0,10028512.0,11065151.0
64e35e12a7959fcfbd10cb6036ed7693,1398/09/30,338.0,249.0,443.0,134000.0,134000.0,134000.0,45292000.0,1.0,1.0,,,,,,,,,,,,,,,,,
64e35e12a7959fcfbd10cb6036ed7693,1398/12/29,673.0,0.0,431.0,134000.0,134000.0,134000.0,90182000.0,1.0,1.0,,,,,,,,,,,,,,,,,
64e35e12a7959fcfbd10cb6036ed7693,1399/03/31,613.0,94.0,770.0,134000.0,134000.0,134000.0,82142000.0,1.0,1.0,,,,,,,,,,,,,,,,,
64e35e12a7959fcfbd10cb6036ed7693,1399/06/31,1187.0,227.0,770.0,134000.0,134000.0,134000.0,159058000.0,1.0,1.0,,,,,,,,,,,,,,,,,
64e35e12a7959fcfbd10cb6036ed7693,1399/09/30,2183.0,338.0,770.0,134000.0,134000.0,134000.0,292522000.0,1.0,1.0,,,,,,,,,,,,,,,,,
64e35e12a7959fcfbd10cb6036ed7693,1399/12/30,3171.0,0.0,840.0,134000.0,134000.0,134000.0,424914000.0,1.0,1.0,,,,,,,,,,,,,,,,,
64e35e12a7959fcfbd10cb6036ed7693,1400/03/31,2703.0,613.0,3172.0,134000.0,134000.0,134000.0,362202000.0,1.0,1.0,,,,,,,,,,,,,,,,,
64e35e12a7959fcfbd10cb6036ed7693,1400/06/31,1670.0,593.0,1586.0,268000.0,268000.0,268000.0,447560000.0,1.0,1.0,,,,,,,,,,,,,,,,,
64e35e12a7959fcfbd10cb6036ed7693,1400/09/30,1110.0,522.0,759.0,560000.0,560000.0,560000.0,621600000.0,1.0,1.0,,,,,,,,,,,,,,,,,
64e35e12a7959fcfbd10cb6036ed7693,1400/12/29,1294.0,0.0,759.0,560000.0,134000.0,560000.0,724640000.0,1.0,1.0,,,,,,,,,,,,,,,,,
64e35e12a7959fcfbd10cb6036ed7693,1401/03/31,332.0,647.0,1294.0,560000.0,560000.0,560000.0,185920000.0,1.0,1.0,,,,,,,,,,,,,,,,,
64e35e12a7959fcfbd10cb6036ed7693,1401/06/31,585.0,799.0,1294.0,560000.0,560000.0,560000.0,327600000.0,1.0,1.0,,,,,,,,,,,,,,,,,
64e35e12a7959fcfbd10cb6036ed7693,1401/09/30,338.0,555.0,647.0,1120000.0,1120000.0,1120000.0,378560000.0,1.0,1.0,,,,,,,,,,,,,,,,,
64e35e12a7959fcfbd10cb6036ed7693,1401/12/29,1133.0,0.0,647.0,1120000.0,560000.0,1120000.0,1268960000.0,1.0,1.0,,,,,,,,,,,,,,,,,
64e35e12a7959fcfbd10cb6036ed7693,1402/03/31,225.0,156.0,593.0,1120000.0,1120000.0,1120000.0,252000000.0,1.0,1.0,,,,,,,,,,,,,,,,,
64e35e12a7959fcfbd10cb6036ed7693,1402/06/31,451.0,288.0,594.0,1120000.0,1120000.0,1120000.0,505120000.0,1.0,1.0,,,,,,,,,,,,,,,,,
64e35e12a7959fcfbd10cb6036ed7693,1402/09/30,593.0,338.0,593.0,1120000.0,1120000.0,1120000.0,664160000.0,1.0,1.0,,,,,,,,,,,,,,,,,
64e35e12a7959fcfbd10cb6036ed7693,1402/12/29,533.0,0.0,863.0,1600000.0,1120000.0,1600000.0,852800000.0,1.0,1.0,,,,,,,,,,,,,,,,,
64e35e12a7959fcfbd10cb6036ed7693,1403/03/31,116.0,157.0,571.0,1600000.0,1600000.0,1600000.0,185600000.0,1.0,1.0,,,,,,,,,,,,,,,,,
64e35e12a7959fcfbd10cb6036ed7693,1403/06/31,261.0,316.0,571.0,1600000.0,1600000.0,1600000.0,417600000.0,1.0,1.0,,,,,,,,,,,,,,,,,
64e35e12a7959fcfbd10cb6036ed7693,1403/09/30,464.0,415.0,571.0,1600000.0,1600000.0,1600000.0,742400000.0,1.0,1.0,,,,,,,,,,,,,,,,,
64e35e12a7959fcfbd10cb6036ed7693,1403/12/30,449.0,0.0,379.0,2400000.0,1600000.0,2400000.0,1077600000.0,1.0,1.0,,,,,,,,,,,,,,,,,
64e35e12a7959fcfbd10cb6036ed7693,1404/03/31,100.0,77.0,431.0,2400000.0,2400000.0,2400000.0,240000000.0,1.0,1.0,,,,,,,,,,,,,,,,,
64e35e12a7959fcfbd10cb6036ed7693,1404/06/31,192.0,158.0,431.0,2400000.0,2400000.0,2400000.0,460800000.0,1.0,1.0,,,,,,,,,,,,,,,,,
64e35e12a7959fcfbd10cb6036ed7693,1404/09/30,301.0,310.0,431.0,2400000.0,2400000.0,2400000.0,722400000.0,1.0,1.0,,,,,,,,,,,,,,,,,
64e35e12a7959fcfbd10cb6036ed7693,1404/12/29,227.0,152.0,443.0,134000.0,134000.0,134000.0,1184000000.0,1.0,1.0,,,,,,,,,,,,,,,,,
68e6f82aede2360869ceea7a3ea76d08,1398/09/30,1031.0,436.0,815.0,700000.0,700000.0,700000.0,721700000.0,1.0,1.0,,,,,,,,,,,,,,,,,
68e6f82aede2360869ceea7a3ea76d08,1398/12/29,1403.0,0.0,789.0,700000.0,700000.0,700000.0,982100000.0,1.0,1.0,,,,,,,,,,,,,,,,,
68e6f82aede2360869ceea7a3ea76d08,1399/03/31,222.0,301.0,1393.0,700000.0,700000.0,700000.0,155400000.0,1.0,1.0,,,,,,,,,,,,,,,,,
68e6f82aede2360869ceea7a3ea76d08,1399/06/31,870.0,651.0,1393.0,700000.0,700000.0,700000.0,609000000.0,1.0,1.0,,,,,,,,,,,,,,,,,
68e6f82aede2360869ceea7a3ea76d08,1399/09/30,1601.0,1031.0,1393.0,700000.0,700000.0,700000.0,1120700000.0,1.0,1.0,,,,,,,,,,,,,,,,,
68e6f82aede2360869ceea7a3ea76d08,1399/12/30,2366.0,0.0,1403.0,700000.0,700000.0,700000.0,1656200000.0,1.0,1.0,,,,,,,,,,,,,,,,,
68e6f82aede2360869ceea7a3ea76d08,1400/03/31,765.0,222.0,2381.0,700000.0,700000.0,700000.0,535500000.0,1.0,1.0,,,,,,,,,,,,,,,,,
68e6f82aede2360869ceea7a3ea76d08,1400/06/31,1722.0,884.0,2381.0,700000.0,700000.0,700000.0,1205400000.0,1.0,1.0,,,,,,,,,,,,,,,,,
68e6f82aede2360869ceea7a3ea76d08,1400/09/30,1425.0,1601.0,2381.0,1400000.0,700000.0,700000.0,1995000000.0,1.0,1.0,,,,,,,,,,,,,,,,,
68e6f82aede2360869ceea7a3ea76d08,1400/12/29,2314.0,0.0,2312.0,1400000.0,700000.0,700000.0,3239600000.0,1.0,1.0,,,,,,,,,,,,,,,,,
68e6f82aede2360869ceea7a3ea76d08,1401/03/31,574.0,383.0,2289.0,1400000.0,1400000.0,1400000.0,803600000.0,1.0,1.0,,,,,,,,,,,,,,,,,
68e6f82aede2360869ceea7a3ea76d08,1401/06/31,1336.0,834.0,2289.0,1400000.0,1400000.0,1400000.0,1870400000.0,1.0,1.0,,,,,,,,,,,,,,,,,
68e6f82aede2360869ceea7a3ea76d08,1401/09/30,2290.0,1425.0,2289.0,1400000.0,1400000.0,1400000.0,3206000000.0,1.0,1.0,,,,,,,,,,,,,,,,,
68e6f82aede2360869ceea7a3ea76d08,1401/12/29,3855.0,0.0,2297.0,1400000.0,1400000.0,1400000.0,5397000000.0,1.0,1.0,,,,,,,,,,,,,,,,,
68e6f82aede2360869ceea7a3ea76d08,1402/03/31,816.0,574.0,3925.0,1400000.0,1400000.0,1400000.0,1142400000.0,1.0,1.0,,,,,,,,,,,,,,,,,
68e6f82aede2360869ceea7a3ea76d08,1402/06/31,2006.0,1352.0,3925.0,1400000.0,1400000.0,1400000.0,2808400000.0,1.0,1.0,,,,,,,,,,,,,,,,,
68e6f82aede2360869ceea7a3ea76d08,1402/09/30,3210.0,2290.0,3925.0,1400000.0,1400000.0,1400000.0,4494000000.0,1.0,1.0,,,,,,,,,,,,,,,,,
68e6f82aede2360869ceea7a3ea76d08,1402/12/29,4392.0,0.0,3765.0,1400000.0,1400000.0,1400000.0,6148800000.0,1.0,1.0,,,,,,,,,,,,,,,,,
68e6f82aede2360869ceea7a3ea76d08,1403/03/31,855.0,816.0,4337.0,1400000.0,1400000.0,1400000.0,1197000000.0,1.0,1.0,,,,,,,,,,,,,,,,,
68e6f82aede2360869ceea7a3ea76d08,1403/06/31,2137.0,2006.0,4337.0,1400000.0,1400000.0,1400000.0,2991800000.0,1.0,1.0,,,,,,,,,,,,,,,,,
68e6f82aede2360869ceea7a3ea76d08,1403/09/30,3673.0,3210.0,4337.0,1400000.0,1400000.0,1400000.0,5142200000.0,1.0,1.0,,,,,,,,,,,,,,,,,
68e6f82aede2360869ceea7a3ea76d08,1403/12/30,3033.0,0.0,4363.0,2800000.0,1400000.0,1400000.0,8492400000.0,1.0,1.0,,,,,,,,,,,,,,,,,
68e6f82aede2360869ceea7a3ea76d08,1404/03/31,1037.0,428.0,3059.0,2800000.0,2800000.0,2800000.0,2903600000.0,1.0,1.0,,,,,,,,,,,,,,,,,
68e6f82aede2360869ceea7a3ea76d08,1404/06/31,2136.0,1069.0,3059.0,2800000.0,2800000.0,2800000.0,5980800000.0,1.0,1.0,,,,,,,,,,,,,,,,,
68e6f82aede2360869ceea7a3ea76d08,1404/09/30,3963.0,0.0,1837.0,2800000.0,0.0,2800000.0,11096400000.0,5.286381168667315,100.0,,,,,,,,,,,,,,,,,
68e6f82aede2360869ceea7a3ea76d08,1404/12/29,2636.0,0.0,1207.0,7000000.0,2800000.0,7000000.0,18452000000.0,2549.0,87.0,,,,,,,,,,,,,,,,,
68e6f82aede2360869ceea7a3ea76d08,1405/03/31,1037.0,415.0,2731.0,7000000.0,7000000.0,7000000.0,7259000000.0,8691399.0,3596727.0,22124259.0,11587850.0,5534065.0,31444554.0,0.0,525484.0,7261330.0,2904856.0,19116451.0,2986861.0,1318183.0,9680196.0,45860402.0,29222290.0,11958814.0,10233420.0,33901588.0
6a68f93c59cc3f3e981255fe2b2eedc1,1398/06/31,1185.0,313.0,952.0,1000000.0,1000000.0,1000000.0,1185000000.0,532523.0,173137.0,,,,,,,,,,,,,,,,,
6a68f93c59cc3f3e981255fe2b2eedc1,1398/09/30,953.0,244.0,560.0,1700000.0,1700000.0,1700000.0,1620100000.0,821934.0,315017.0,,,,,,,,,,,,,,,,,
6a68f93c59cc3f3e981255fe2b2eedc1,1398/12/29,1638.0,658.0,,1700000.0,1700000.0,,2784600000.0,1669242.0,1225544.0,,,,,,,,,,,,,,,,,
6a68f93c59cc3f3e981255fe2b2eedc1,1399/03/31,1440.0,155.0,1420.0,1700000.0,1700000.0,1700000.0,2448000000.0,271903.0,302597.0,,,,,,,,,,,,,,,,,
6a68f93c59cc3f3e981255fe2b2eedc1,1399/06/31,2177.0,709.0,1420.0,1700000.0,1700000.0,1700000.0,3700900000.0,868945.0,554409.0,,,,,,,,,,,,,,,,,
6a68f93c59cc3f3e981255fe2b2eedc1,1399/09/30,2680.0,953.0,1420.0,1700000.0,1700000.0,1700000.0,4556000000.0,914000.0,821934.0,,,,,,,,,,,,,,,,,
6a68f93c59cc3f3e981255fe2b2eedc1,1399/12/30,437.0,178.0,,8629813.0,8629813.0,,3771228281.0,2615646.0,1669241.0,,,,,,,,,,,,,,,,,
6a68f93c59cc3f3e981255fe2b2eedc1,1400/03/31,57.0,284.0,579.0,8629813.0,8629813.0,8629813.0,491899341.0,505670.0,271903.0,,,,,,,,,,,,,,,,,
6a68f93c59cc3f3e981255fe2b2eedc1,1400/06/31,161.0,468.0,579.0,8629813.0,8629813.0,8629813.0,1389399893.0,1244782.0,633897.0,,,,,,,,,,,,,,,,,
6a68f93c59cc3f3e981255fe2b2eedc1,1400/09/30,194.0,528.0,579.0,8629813.0,8629813.0,8629813.0,1674183722.0,1667904.0,914000.0,,,,,,,,,,,,,,,,,
6a68f93c59cc3f3e981255fe2b2eedc1,1400/12/29,358.0,428.0,,8629813.0,8629813.0,,3089473054.0,3634661.0,2873664.0,,,,,,,,,,,,,,,,,
6a68f93c59cc3f3e981255fe2b2eedc1,1401/03/31,61.0,57.0,255.0,8629813.0,8629813.0,8629813.0,526418593.0,600882.0,505671.0,,,,,,,,,,,,,,,,,
6a68f93c59cc3f3e981255fe2b2eedc1,1401/06/31,113.0,148.0,255.0,8629813.0,8629813.0,8629813.0,975168869.0,1282008.0,1236416.0,,,,,,,,,,,,,,,,,
6a68f93c59cc3f3e981255fe2b2eedc1,1401/09/30,176.0,194.0,255.0,8629813.0,8629813.0,8629813.0,1518847088.0,2110903.0,1667904.0,,,,,,,,,,,,,,,,,
6a68f93c59cc3f3e981255fe2b2eedc1,1401/12/29,510.0,373.0,,11000000.0,8629813.0,,5610000000.0,6995561.0,3633930.0,,,,,,,,,,,,,,,,,
6a68f93c59cc3f3e981255fe2b2eedc1,1402/03/31,74.0,48.0,328.0,11000000.0,11000000.0,11000000.0,814000000.0,1014173.0,600884.0,,,,,,,,,,,,,,,,,
6a68f93c59cc3f3e981255fe2b2eedc1,1402/06/31,192.0,86.0,328.0,11000000.0,11000000.0,11000000.0,2112000000.0,2491133.0,1285704.0,,,,,,,,,,,,,,,,,
6a68f93c59cc3f3e981255fe2b2eedc1,1402/09/30,233.0,138.0,328.0,14000000.0,11000000.0,11000000.0,3262000000.0,4159059.0,2110903.0,,,,,,,,,,,,,,,,,
6a68f93c59cc3f3e981255fe2b2eedc1,1402/12/29,503.0,503.0,,14000000.0,11000000.0,,7042000000.0,9770305.0,7062284.0,,,,,,,,,,,,,,,,,
6a68f93c59cc3f3e981255fe2b2eedc1,1403/03/31,67.0,58.0,371.0,14000000.0,14000000.0,14000000.0,938000000.0,1283468.0,1014173.0,,,,,,,,,,,,,,,,,
6a68f93c59cc3f3e981255fe2b2eedc1,1403/06/31,174.0,188.0,473.0,14000000.0,11000000.0,11000000.0,2436000000.0,3387524.0,2497239.0,,,,,,,,,,,,,,,,,
6a68f93c59cc3f3e981255fe2b2eedc1,1403/09/30,202.0,233.0,371.0,17000000.0,14000000.0,14000000.0,3434000000.0,4730505.0,4159059.0,,,,,,,,,,,,,,,,,
6a68f93c59cc3f3e981255fe2b2eedc1,1403/12/30,545.0,527.0,,17000000.0,14000000.0,,9265000000.0,11002786.0,9686267.0,,,,,,,,,,,,,,,,,
6a68f93c59cc3f3e981255fe2b2eedc1,1404/03/31,43.0,55.0,369.0,17000000.0,17000000.0,17000000.0,731000000.0,1110095.0,1283468.0,,,,,,,,,,,,,,,,,
6a68f93c59cc3f3e981255fe2b2eedc1,1404/06/31,143.0,171.0,369.0,17000000.0,14000000.0,17000000.0,2431000000.0,2987683.0,3359224.0,,,,,,,,,,,,,,,,,
6a68f93c59cc3f3e981255fe2b2eedc1,1404/09/30,285.0,0.0,202.0,17000000.0,0.0,17000000.0,4845000000.0,21.171042311661505,100.0,,,,,,,,,,,,,,,,,
6a68f93c59cc3f3e981255fe2b2eedc1,1404/12/29,1017.0,545.0,,20000000.0,17000000.0,,20340000000.0,25780421.0,10996828.0,,,,,,,,,,,,,,,,,
6a68f93c59cc3f3e981255fe2b2eedc1,1405/03/31,91.0,36.0,489.0,20000000.0,20000000.0,20000000.0,1820000000.0,2437126.0,1110095.0,8435242.0,7419206.0,3228154.0,20902108.0,-437899.0,91507.0,1826059.0,724246.0,9787899.0,226120.0,1596561.0,4617530.0,63031535.0,42801327.0,25996592.0,24544637.0,37034943.0
6b88726e82dff2001540bb7b87e2d9be,1398/06/31,2066.0,757.0,4052.0,1000000.0,1000000.0,1000000.0,2066000000.0,1.0,1.0,,,,,,,,,,,,,,,,,
6b88726e82dff2001540bb7b87e2d9be,1398/09/30,3258.0,1639.0,4052.0,1000000.0,1000000.0,1000000.0,3258000000.0,1.0,1.0,,,,,,,,,,,,,,,,,
6b88726e82dff2001540bb7b87e2d9be,1398/12/29,3506.0,0.0,4052.0,2000000.0,1000000.0,1000000.0,7012000000.0,1.0,1.0,,,,,,,,,,,,,,,,,
6b88726e82dff2001540bb7b87e2d9be,1399/03/31,694.0,856.0,3506.0,2000000.0,1000000.0,2000000.0,1388000000.0,1.0,1.0,,,,,,,,,,,,,,,,,
6b88726e82dff2001540bb7b87e2d9be,1399/06/31,2377.0,1868.0,3912.0,4000000.0,2000000.0,2000000.0,9508000000.0,1.0,1.0,,,,,,,,,,,,,,,,,
6b88726e82dff2001540bb7b87e2d9be,1399/09/30,1844.0,1629.0,3690.0,4000000.0,2000000.0,2000000.0,7376000000.0,1.0,1.0,,,,,,,,,,,,,,,,,
6b88726e82dff2001540bb7b87e2d9be,1399/12/30,4182.0,0.0,3912.0,4000000.0,2000000.0,2000000.0,16728000000.0,1.0,1.0,,,,,,,,,,,,,,,,,
6b88726e82dff2001540bb7b87e2d9be,1400/03/31,14.0,694.0,3504.0,48000000.0,2000000.0,4000000.0,672000000.0,1.0,1.0,,,,,,,,,,,,,,,,,
6b88726e82dff2001540bb7b87e2d9be,1400/06/31,112.0,198.0,348.0,48000000.0,48000000.0,48000000.0,5376000000.0,1.0,1.0,,,,,,,,,,,,,,,,,
6b88726e82dff2001540bb7b87e2d9be,1400/09/30,73.0,154.0,292.0,48000000.0,48000000.0,48000000.0,3504000000.0,1.0,1.0,,,,,,,,,,,,,,,,,
6b88726e82dff2001540bb7b87e2d9be,1400/12/29,215.0,0.0,348.0,48000000.0,48000000.0,48000000.0,10320000000.0,1.0,1.0,,,,,,,,,,,,,,,,,
6b88726e82dff2001540bb7b87e2d9be,1401/03/31,10.0,14.0,129.0,48000000.0,48000000.0,48000000.0,480000000.0,1.0,1.0,,,,,,,,,,,,,,,,,
6b88726e82dff2001540bb7b87e2d9be,1401/06/31,60.0,57.0,129.0,48000000.0,48000000.0,48000000.0,2880000000.0,1.0,1.0,,,,,,,,,,,,,,,,,
6b88726e82dff2001540bb7b87e2d9be,1401/09/30,110.0,73.0,129.0,48000000.0,48000000.0,48000000.0,5280000000.0,1.0,1.0,,,,,,,,,,,,,,,,,
6b88726e82dff2001540bb7b87e2d9be,1401/12/29,340.0,0.0,215.0,48000000.0,48000000.0,48000000.0,16320000000.0,1.0,1.0,,,,,,,,,,,,,,,,,
6b88726e82dff2001540bb7b87e2d9be,1402/03/31,59.0,10.0,301.0,48000000.0,48000000.0,48000000.0,2832000000.0,1.0,1.0,,,,,,,,,,,,,,,,,
6b88726e82dff2001540bb7b87e2d9be,1402/06/31,223.0,125.0,328.0,48000000.0,48000000.0,48000000.0,10704000000.0,1.0,1.0,,,,,,,,,,,,,,,,,
6b88726e82dff2001540bb7b87e2d9be,1402/09/30,229.0,110.0,301.0,48000000.0,48000000.0,48000000.0,10992000000.0,1.0,1.0,,,,,,,,,,,,,,,,,
6b88726e82dff2001540bb7b87e2d9be,1402/12/29,820.0,0.0,328.0,48000000.0,48000000.0,48000000.0,39360000000.0,1.0,1.0,,,,,,,,,,,,,,,,,
6b88726e82dff2001540bb7b87e2d9be,1403/03/31,25.0,59.0,536.0,48000000.0,48000000.0,48000000.0,1200000000.0,1.0,1.0,,,,,,,,,,,,,,,,,
6b88726e82dff2001540bb7b87e2d9be,1403/06/31,336.0,223.0,820.0,48000000.0,48000000.0,48000000.0,16128000000.0,1.0,1.0,,,,,,,,,,,,,,,,,
6b88726e82dff2001540bb7b87e2d9be,1403/09/30,118.0,229.0,536.0,60000000.0,48000000.0,48000000.0,7080000000.0,1.0,1.0,,,,,,,,,,,,,,,,,
6b88726e82dff2001540bb7b87e2d9be,1403/12/30,537.0,0.0,536.0,70000000.0,48000000.0,48000000.0,37590000000.0,1.0,1.0,,,,,,,,,,,,,,,,,
6b88726e82dff2001540bb7b87e2d9be,1404/03/31,16.0,17.0,568.0,70000000.0,70000000.0,70000000.0,1120000000.0,1.0,1.0,,,,,,,,,,,,,,,,,
6b88726e82dff2001540bb7b87e2d9be,1404/06/31,123.0,39.0,568.0,70000000.0,70000000.0,70000000.0,8610000000.0,1.0,1.0,,,,,,,,,,,,,,,,,
6b88726e82dff2001540bb7b87e2d9be,1404/09/30,277.0,118.0,568.0,70000000.0,60000000.0,70000000.0,19390000000.0,-1.0,100.0,,,,,,,,,,,,,,,,,
6b88726e82dff2001540bb7b87e2d9be,1404/12/29,1147.0,0.0,591.0,80000000.0,70000000.0,80000000.0,91760000000.0,964.0,125.0,,,,,,,,,,,,,,,,,
6b88726e82dff2001540bb7b87e2d9be,1405/03/31,176.0,14.0,928.0,80000000.0,80000000.0,80000000.0,14080000000.0,22279045.0,4632053.0,,96539517.0,30652872.0,,-7024986.0,599852.0,,,,,,,,,,,
6bd4aac18107335caeba964fd9804250,1401/06/31,842.0,1355.0,2836.0,240000.0,240000.0,240000.0,202080000.0,1096.0,-254.0,,,,,,,,,,,,,,,,,
6bd4aac18107335caeba964fd9804250,1401/12/29,3660.0,0.0,2836.0,240000.0,240000.0,240000.0,878400000.0,4246.0,-586.0,,,,,,,,,,,,,,,,,
6bd4aac18107335caeba964fd9804250,1402/03/31,1633.0,461.0,3640.0,240000.0,240000.0,240000.0,391920000.0,1828.0,-195.0,,,,,,,,,,,,,,,,,
6bd4aac18107335caeba964fd9804250,1402/06/31,3191.0,842.0,3640.0,240000.0,240000.0,240000.0,765840000.0,3683.0,-492.0,,,,,,,,,,,,,,,,,
6bd4aac18107335caeba964fd9804250,1402/09/30,5735.0,2011.0,3640.0,240000.0,240000.0,240000.0,1376400000.0,6491.0,-756.0,,,,,,,,,,,,,,,,,
6bd4aac18107335caeba964fd9804250,1402/12/29,6964.0,0.0,3640.0,240000.0,240000.0,240000.0,1671360000.0,8026.0,-1062.0,,,,,,,,,,,,,,,,,
6bd4aac18107335caeba964fd9804250,1403/03/31,155.0,1633.0,7058.0,1320000.0,240000.0,240000.0,204600000.0,219.0,-64.0,,,,,,,,,,,,,,,,,
6bd4aac18107335caeba964fd9804250,1403/06/31,138.0,3272.0,7058.0,1320000.0,240000.0,240000.0,182160000.0,300.0,-162.0,,,,,,,,,,,,,,,,,
6bd4aac18107335caeba964fd9804250,1403/09/30,258.0,5735.0,7058.0,2574000.0,240000.0,240000.0,664092000.0,429.0,-171.0,,,,,,,,,,,,,,,,,
6bd4aac18107335caeba964fd9804250,1403/12/30,572.0,0.0,7058.0,2574000.0,1320000.0,240000.0,1472328000.0,848.0,-276.0,,,,,,,,,,,,,,,,,
6bd4aac18107335caeba964fd9804250,1404/03/31,259.0,155.0,649.0,2574000.0,1320000.0,2574000.0,666666000.0,356.0,-97.0,,,,,,,,,,,,,,,,,
6bd4aac18107335caeba964fd9804250,1404/06/31,525.0,55.0,649.0,2574000.0,2574000.0,2574000.0,1351350000.0,522.0,3.0,,,,,,,,,,,,,,,,,
6bd4aac18107335caeba964fd9804250,1404/09/30,1272.0,258.0,649.0,2574000.0,2574000.0,2574000.0,3274128000.0,1386.0,-114.0,,,,,,,,,,,,,,,,,
6bd4aac18107335caeba964fd9804250,1404/12/29,2020.0,0.0,649.0,2574000.0,2574000.0,2574000.0,5199480000.0,2202.0,-182.0,,,,,,,,,,,,,,,,,
6bd4aac18107335caeba964fd9804250,1405/03/31,1109.0,259.0,1971.0,2574000.0,2574000.0,2574000.0,2854566000.0,3312576.0,1020906.0,,,,,,,,,,,,,,,,,
6dd3fb203bb12fdd017e1f59fc61b9c6,1399/08/30,0.0,0.0,0.0,20000000.0,55.0,20000000.0,0.0,1.0,1.0,,,,,,,,,,,,,,,,,
6dd3fb203bb12fdd017e1f59fc61b9c6,1399/11/30,0.0,0.0,0.0,20000000.0,55.0,20000000.0,0.0,1.0,1.0,,,,,,,,,,,,,,,,,
6dd3fb203bb12fdd017e1f59fc61b9c6,1400/02/31,1151.0,0.0,0.0,31000000.0,20000000.0,55.0,35681000000.0,1.0,1.0,,,,,,,,,,,,,,,,,
6dd3fb203bb12fdd017e1f59fc61b9c6,1400/05/31,12.0,95.0,-87.0,31000000.0,31000000.0,0.0,372000000.0,1.0,1.0,,,,,,,,,,,,,,,,,
6dd3fb203bb12fdd017e1f59fc61b9c6,1400/08/30,39.0,94.0,-59.0,31000000.0,31000000.0,0.0,1209000000.0,1.0,1.0,,,,,,,,,,,,,,,,,
6dd3fb203bb12fdd017e1f59fc61b9c6,1400/11/30,29.0,292.0,-90.0,31000000.0,31000000.0,0.0,899000000.0,1.0,1.0,,,,,,,,,,,,,,,,,
6dd3fb203bb12fdd017e1f59fc61b9c6,1401/02/31,1434.0,0.0,0.0,31000000.0,31000000.0,0.0,44454000000.0,1.0,1.0,,,,,,,,,,,,,,,,,
6dd3fb203bb12fdd017e1f59fc61b9c6,1401/05/31,486.0,12.0,3950.0,31000000.0,31000000.0,0.0,15066000000.0,1.0,1.0,,,,,,,,,,,,,,,,,
6dd3fb203bb12fdd017e1f59fc61b9c6,1401/08/30,510.0,39.0,1208.0,31000000.0,31000000.0,0.0,15810000000.0,1.0,1.0,,,,,,,,,,,,,,,,,
6dd3fb203bb12fdd017e1f59fc61b9c6,1401/11/30,575.0,29.0,1883.0,31000000.0,31000000.0,0.0,17825000000.0,1.0,1.0,,,,,,,,,,,,,,,,,
6dd3fb203bb12fdd017e1f59fc61b9c6,1402/02/31,2462.0,0.0,0.0,31000000.0,31000000.0,0.0,76322000000.0,1.0,1.0,,,,,,,,,,,,,,,,,
6dd3fb203bb12fdd017e1f59fc61b9c6,1402/05/31,342.0,486.0,-30.0,31000000.0,31000000.0,0.0,10602000000.0,1.0,1.0,,,,,,,,,,,,,,,,,
6dd3fb203bb12fdd017e1f59fc61b9c6,1402/08/30,387.0,510.0,-24.0,31000000.0,31000000.0,0.0,11997000000.0,1.0,1.0,,,,,,,,,,,,,,,,,
6dd3fb203bb12fdd017e1f59fc61b9c6,1402/11/30,176.0,575.0,-69.0,67500000.0,31000000.0,118.0,11880000000.0,1.0,1.0,,,,,,,,,,,,,,,,,
6dd3fb203bb12fdd017e1f59fc61b9c6,1403/02/31,1134.0,0.0,0.0,67500000.0,31000000.0,118.0,76545000000.0,1.0,1.0,,,,,,,,,,,,,,,,,
6dd3fb203bb12fdd017e1f59fc61b9c6,1404/02/31,1136.0,0.0,1134.0,67500000.0,67500000.0,67500000.0,76680000000.0,1.0,1.0,,,,,,,,,,,,,,,,,
6dd3fb203bb12fdd017e1f59fc61b9c6,1404/05/31,96.0,172.0,1136.0,67500000.0,67500000.0,67500000.0,6480000000.0,1.0,1.0,,,,,,,,,,,,,,,,,
6dd3fb203bb12fdd017e1f59fc61b9c6,1404/08/30,161.0,201.0,1136.0,67500000.0,67500000.0,67500000.0,10867500000.0,1.0,1.0,,19962969.0,10514751.0,,-8340718.0,-69278.0,,,,,,,,,,,
6dd3fb203bb12fdd017e1f59fc61b9c6,1404/11/30,95.0,179.0,1136.0,67500000.0,67500000.0,67500000.0,6412500000.0,-1.0,100.0,77448307.0,16417628.0,15306063.0,78524402.0,-12440610.0,3466562.0,6397341.0,12074294.0,76652347.0,45347778.0,28754314.0,31951276.0,232404003.0,91475309.0,130831436.0,130727237.0,101572567.0
6dd3fb203bb12fdd017e1f59fc61b9c6,1405/05/31,255.0,96.0,634.0,67500000.0,67500000.0,67500000.0,17212500000.0,25017081.0,9785689.0,63104262.0,27083916.0,10103004.0,64729380.0,-7537660.0,-271102.0,17208319.0,6494787.0,42807150.0,9308263.0,3264207.0,46934223.0,277675472.0,114780842.0,98747748.0,98543165.0,178927724.0
6def03d39ddc41e22cacb552bcb94ee0,1398/12/29,648.0,0.0,508.0,300000.0,300000.0,300000.0,194400000.0,1.0,1.0,,,,,,,,,,,,,,,,,
6def03d39ddc41e22cacb552bcb94ee0,1399/03/31,157.0,164.0,660.0,300000.0,300000.0,300000.0,47100000.0,1.0,1.0,,,,,,,,,,,,,,,,,
6def03d39ddc41e22cacb552bcb94ee0,1399/06/31,475.0,490.0,660.0,300000.0,300000.0,300000.0,142500000.0,1.0,1.0,,,,,,,,,,,,,,,,,
6def03d39ddc41e22cacb552bcb94ee0,1399/09/30,610.0,607.0,660.0,300000.0,300000.0,300000.0,183000000.0,1.0,1.0,,,,,,,,,,,,,,,,,
6def03d39ddc41e22cacb552bcb94ee0,1399/12/30,817.0,0.0,660.0,300000.0,300000.0,300000.0,245100000.0,1.0,1.0,,,,,,,,,,,,,,,,,
6def03d39ddc41e22cacb552bcb94ee0,1400/03/31,509.0,157.0,849.0,300000.0,300000.0,300000.0,152700000.0,1.0,1.0,,,,,,,,,,,,,,,,,
6def03d39ddc41e22cacb552bcb94ee0,1400/06/31,1024.0,577.0,849.0,300000.0,300000.0,300000.0,307200000.0,1.0,1.0,,,,,,,,,,,,,,,,,
6def03d39ddc41e22cacb552bcb94ee0,1400/09/30,1838.0,610.0,849.0,300000.0,300000.0,300000.0,551400000.0,1.0,1.0,,,,,,,,,,,,,,,,,
6def03d39ddc41e22cacb552bcb94ee0,1400/12/29,2059.0,0.0,849.0,300000.0,0.0,300000.0,617700000.0,1.0,1.0,,,,,,,,,,,,,,,,,
6def03d39ddc41e22cacb552bcb94ee0,1401/03/31,628.0,509.0,2059.0,300000.0,300000.0,300000.0,188400000.0,1.0,1.0,,,,,,,,,,,,,,,,,
6def03d39ddc41e22cacb552bcb94ee0,1401/06/31,2306.0,1035.0,2059.0,300000.0,300000.0,300000.0,691800000.0,1.0,1.0,,,,,,,,,,,,,,,,,
6def03d39ddc41e22cacb552bcb94ee0,1401/09/30,2999.0,1838.0,2059.0,300000.0,300000.0,300000.0,899700000.0,1.0,1.0,,,,,,,,,,,,,,,,,
6def03d39ddc41e22cacb552bcb94ee0,1401/12/29,3260.0,0.0,2059.0,300000.0,0.0,300000.0,978000000.0,1.0,1.0,,,,,,,,,,,,,,,,,
6def03d39ddc41e22cacb552bcb94ee0,1402/03/31,1448.0,628.0,3264.0,300000.0,300000.0,300000.0,434400000.0,1.0,1.0,,,,,,,,,,,,,,,,,
6def03d39ddc41e22cacb552bcb94ee0,1402/06/31,2557.0,2198.0,3264.0,300000.0,300000.0,300000.0,767100000.0,1.0,1.0,,,,,,,,,,,,,,,,,
6def03d39ddc41e22cacb552bcb94ee0,1402/09/30,4850.0,2999.0,3264.0,300000.0,300000.0,300000.0,1455000000.0,1.0,1.0,,,,,,,,,,,,,,,,,
6def03d39ddc41e22cacb552bcb94ee0,1402/12/29,5486.0,0.0,3264.0,300000.0,0.0,300000.0,1645800000.0,1.0,1.0,,,,,,,,,,,,,,,,,
6def03d39ddc41e22cacb552bcb94ee0,1403/03/31,2032.0,1448.0,5486.0,300000.0,300000.0,300000.0,609600000.0,1.0,1.0,,,,,,,,,,,,,,,,,
6def03d39ddc41e22cacb552bcb94ee0,1403/06/31,3013.0,2557.0,5486.0,300000.0,300000.0,300000.0,903900000.0,1.0,1.0,,,,,,,,,,,,,,,,,
6def03d39ddc41e22cacb552bcb94ee0,1403/09/30,5399.0,4850.0,5486.0,300000.0,300000.0,300000.0,1619700000.0,1.0,1.0,,,,,,,,,,,,,,,,,
6def03d39ddc41e22cacb552bcb94ee0,1403/12/30,5779.0,0.0,5486.0,300000.0,0.0,300000.0,1733700000.0,1.0,1.0,,,,,,,,,,,,,,,,,
6def03d39ddc41e22cacb552bcb94ee0,1404/03/31,2431.0,2032.0,5779.0,300000.0,300000.0,300000.0,729300000.0,1.0,1.0,,,,,,,,,,,,,,,,,
6def03d39ddc41e22cacb552bcb94ee0,1404/06/31,6002.0,3013.0,5779.0,300000.0,300000.0,300000.0,1800600000.0,1.0,1.0,,,,,,,,,,,,,,,,,
6def03d39ddc41e22cacb552bcb94ee0,1404/09/30,339.0,175.0,508.0,300000.0,300000.0,300000.0,2793600000.0,1.0,1.0,,,,,,,,,,,,,,,,,
6def03d39ddc41e22cacb552bcb94ee0,1404/12/29,607.0,239.0,508.0,300000.0,300000.0,300000.0,3456600000.0,1.0,1.0,,,,,,,,,,,,,,,,,
6def03d39ddc41e22cacb552bcb94ee0,1405/03/31,3327.0,2431.0,11273.0,300000.0,300000.0,300000.0,998100000.0,514257.0,573374.0,,6395656.0,2596368.0,,-14418.0,508301.0,,,,,,,,,,,
6e0ae81a60f8c7f6c7f0ba5597f87225,1398/08/30,183.0,229.0,752.0,80820.0,80820.0,80820.0,14790060.0,194.0,-11.0,,,,,,,,,,,,,,,,,
6e0ae81a60f8c7f6c7f0ba5597f87225,1398/11/30,414.0,353.0,752.0,80820.0,80820.0,80820.0,33459480.0,431.0,-17.0,,,,,,,,,,,,,,,,,
6e0ae81a60f8c7f6c7f0ba5597f87225,1399/02/31,552.0,549.0,752.0,80820.0,80820.0,80820.0,44612640.0,588.0,-36.0,,,,,,,,,,,,,,,,,
6e0ae81a60f8c7f6c7f0ba5597f87225,1399/05/31,1098.0,0.0,746.0,80820.0,80820.0,80820.0,88740360.0,653.0,445.0,,,,,,,,,,,,,,,,,
6e0ae81a60f8c7f6c7f0ba5597f87225,1399/08/30,1150.0,183.0,1098.0,80820.0,80820.0,80820.0,92943000.0,1156.0,-5.0,,,,,,,,,,,,,,,,,
6e0ae81a60f8c7f6c7f0ba5597f87225,1399/11/30,1564.0,393.0,955.0,80820.0,80820.0,80820.0,126402480.0,1614.0,-50.0,,,,,,,,,,,,,,,,,
6e0ae81a60f8c7f6c7f0ba5597f87225,1400/02/31,2452.0,552.0,955.0,80820.0,80820.0,80820.0,198170640.0,2422.0,29.0,,,,,,,,,,,,,,,,,
6e0ae81a60f8c7f6c7f0ba5597f87225,1400/05/31,2166.0,0.0,955.0,80820.0,80820.0,80820.0,175056120.0,2253.0,-87.0,,,,,,,,,,,,,,,,,
6e0ae81a60f8c7f6c7f0ba5597f87225,1400/08/30,122.0,1150.0,2122.0,80820.0,80820.0,80820.0,9860040.0,185.0,-63.0,,,,,,,,,,,,,,,,,
6e0ae81a60f8c7f6c7f0ba5597f87225,1400/11/30,364.0,1592.0,2167.0,80820.0,80820.0,80820.0,29418480.0,482.0,-119.0,,,,,,,,,,,,,,,,,
6e0ae81a60f8c7f6c7f0ba5597f87225,1401/02/31,264.0,2452.0,2122.0,80820.0,80820.0,80820.0,21336480.0,527.0,-263.0,,,,,,,,,,,,,,,,,
6e0ae81a60f8c7f6c7f0ba5597f87225,1401/05/31,436.0,0.0,2122.0,80820.0,80820.0,80820.0,35237520.0,719.0,-283.0,,,,,,,,,,,,,,,,,
6e0ae81a60f8c7f6c7f0ba5597f87225,1401/08/30,36.0,122.0,352.0,80820.0,80820.0,80820.0,2909520.0,171.0,-135.0,,,,,,,,,,,,,,,,,
6e0ae81a60f8c7f6c7f0ba5597f87225,1401/11/30,118.0,364.0,352.0,80820.0,80820.0,80820.0,9536760.0,290.0,-172.0,,,,,,,,,,,,,,,,,
6e0ae81a60f8c7f6c7f0ba5597f87225,1402/02/31,116.0,264.0,352.0,80820.0,80820.0,80820.0,9375120.0,334.0,-218.0,,,,,,,,,,,,,,,,,
6e0ae81a60f8c7f6c7f0ba5597f87225,1402/05/31,13.0,0.0,352.0,500000.0,80820.0,80820.0,6500000.0,45.0,-32.0,,,,,,,,,,,,,,,,,
6e0ae81a60f8c7f6c7f0ba5597f87225,1402/08/30,22.0,29.0,8.0,500000.0,80820.0,500000.0,11000000.0,43.0,-21.0,,,,,,,,,,,,,,,,,
6e0ae81a60f8c7f6c7f0ba5597f87225,1402/11/30,70.0,19.0,8.0,500000.0,500000.0,500000.0,35000000.0,137.0,-67.0,,,,,,,,,,,,,,,,,
6e0ae81a60f8c7f6c7f0ba5597f87225,1403/02/31,289.0,19.0,8.0,500000.0,500000.0,500000.0,144500000.0,353.0,-64.0,,,,,,,,,,,,,,,,,
6e0ae81a60f8c7f6c7f0ba5597f87225,1403/05/31,345.0,0.0,8.0,500000.0,500000.0,500000.0,172500000.0,449.0,-104.0,,,,,,,,,,,,,,,,,
6e0ae81a60f8c7f6c7f0ba5597f87225,1403/08/30,173.0,22.0,348.0,500000.0,500000.0,500000.0,86500000.0,181.0,-8.0,,,,,,,,,,,,,,,,,
6e0ae81a60f8c7f6c7f0ba5597f87225,1403/11/30,401.0,66.0,347.0,500000.0,500000.0,500000.0,200500000.0,423.0,-22.0,,,,,,,,,,,,,,,,,
6e0ae81a60f8c7f6c7f0ba5597f87225,1404/02/31,455.0,290.0,347.0,500000.0,500000.0,500000.0,227500000.0,484.0,-29.0,,,,,,,,,,,,,,,,,
6e0ae81a60f8c7f6c7f0ba5597f87225,1404/05/31,341.0,0.0,347.0,500000.0,500000.0,500000.0,170500000.0,365.0,-24.0,,,,,,,,,,,,,,,,,
6e0ae81a60f8c7f6c7f0ba5597f87225,1404/08/30,232.0,173.0,341.0,500000.0,500000.0,500000.0,116000000.0,238.0,-6.0,,,,,,,,,,,,,,,,,
6e0ae81a60f8c7f6c7f0ba5597f87225,1404/11/30,660.0,374.0,341.0,500000.0,500000.0,500000.0,330000000.0,669.0,-9.0,,,,,,,,,,,,,,,,,
6e0ae81a60f8c7f6c7f0ba5597f87225,1405/02/31,1208.0,455.0,341.0,500000.0,500000.0,500000.0,604000000.0,739252.0,290779.0,,,,,,,,,,,,,,,,,
6f7820e83627a1b5cd580bbcbb338ef3,1398/03/31,206.0,109.0,777.0,510000.0,510000.0,510000.0,105060000.0,1.0,1.0,,,,,,,,,,,,,,,,,
6f7820e83627a1b5cd580bbcbb338ef3,1398/09/30,1688.0,371.0,777.0,510000.0,510000.0,510000.0,860880000.0,1.0,1.0,,,,,,,,,,,,,,,,,
6f7820e83627a1b5cd580bbcbb338ef3,1398/12/29,2248.0,0.0,800.0,510000.0,510000.0,510000.0,1146480000.0,1.0,1.0,,,,,,,,,,,,,,,,,
6f7820e83627a1b5cd580bbcbb338ef3,1399/03/31,579.0,206.0,2267.0,510000.0,510000.0,510000.0,295290000.0,1.0,1.0,,,,,,,,,,,,,,,,,
6f7820e83627a1b5cd580bbcbb338ef3,1399/06/31,2126.0,720.0,2267.0,510000.0,510000.0,510000.0,1084260000.0,1.0,1.0,,,,,,,,,,,,,,,,,
6f7820e83627a1b5cd580bbcbb338ef3,1399/09/30,3374.0,1688.0,2267.0,510000.0,510000.0,510000.0,1720740000.0,1.0,1.0,,,,,,,,,,,,,,,,,
6f7820e83627a1b5cd580bbcbb338ef3,1399/12/30,6396.0,0.0,2248.0,510000.0,510000.0,510000.0,3261960000.0,1.0,1.0,,,,,,,,,,,,,,,,,
6f7820e83627a1b5cd580bbcbb338ef3,1400/03/31,1410.0,579.0,6339.0,510000.0,510000.0,510000.0,719100000.0,1.0,1.0,,,,,,,,,,,,,,,,,
6f7820e83627a1b5cd580bbcbb338ef3,1400/06/31,2086.0,2119.0,6339.0,510000.0,510000.0,510000.0,1063860000.0,1.0,1.0,,,,,,,,,,,,,,,,,
6f7820e83627a1b5cd580bbcbb338ef3,1400/09/30,2266.0,3374.0,6339.0,510000.0,510000.0,510000.0,1155660000.0,1.0,1.0,,,,,,,,,,,,,,,,,
6f7820e83627a1b5cd580bbcbb338ef3,1400/12/29,658.0,0.0,6422.0,2040000.0,510000.0,510000.0,1342320000.0,1.0,1.0,,,,,,,,,,,,,,,,,
6f7820e83627a1b5cd580bbcbb338ef3,1401/03/31,-162.0,352.0,622.0,2040000.0,2040000.0,2040000.0,-330480000.0,1.0,1.0,,,,,,,,,,,,,,,,,
6f7820e83627a1b5cd580bbcbb338ef3,1401/06/31,-2.0,479.0,622.0,2040000.0,2040000.0,2040000.0,-4080000.0,1.0,1.0,,,,,,,,,,,,,,,,,
6f7820e83627a1b5cd580bbcbb338ef3,1401/09/30,81.0,2266.0,622.0,2040000.0,510000.0,2040000.0,165240000.0,1.0,1.0,,,,,,,,,,,,,,,,,
6f7820e83627a1b5cd580bbcbb338ef3,1401/12/29,396.0,0.0,658.0,2040000.0,2040000.0,2040000.0,807840000.0,1.0,1.0,,,,,,,,,,,,,,,,,
6f7820e83627a1b5cd580bbcbb338ef3,1402/03/31,371.0,-162.0,612.0,2040000.0,2040000.0,2040000.0,756840000.0,1.0,1.0,,,,,,,,,,,,,,,,,
6f7820e83627a1b5cd580bbcbb338ef3,1402/06/31,1063.0,-2.0,612.0,2040000.0,2040000.0,2040000.0,2168520000.0,1.0,1.0,,,,,,,,,,,,,,,,,
6f7820e83627a1b5cd580bbcbb338ef3,1402/09/30,478.0,81.0,612.0,7895000.0,2040000.0,2040000.0,3773810000.0,1.0,1.0,,,,,,,,,,,,,,,,,
6f7820e83627a1b5cd580bbcbb338ef3,1402/12/29,615.0,0.0,396.0,7895000.0,2040000.0,2040000.0,4855425000.0,1.0,1.0,,,,,,,,,,,,,,,,,
6f7820e83627a1b5cd580bbcbb338ef3,1403/03/31,153.0,371.0,610.0,7895000.0,2040000.0,7895000.0,1207935000.0,1.0,1.0,,,,,,,,,,,,,,,,,
6f7820e83627a1b5cd580bbcbb338ef3,1403/06/31,320.0,253.0,610.0,7895000.0,7895000.0,7895000.0,2526400000.0,1.0,1.0,,,,,,,,,,,,,,,,,
6f7820e83627a1b5cd580bbcbb338ef3,1403/09/30,511.0,478.0,610.0,7895000.0,7895000.0,7895000.0,4034345000.0,1.0,1.0,,,,,,,,,,,,,,,,,
6f7820e83627a1b5cd580bbcbb338ef3,1403/12/30,706.0,0.0,615.0,9395000.0,7895000.0,7895000.0,6632870000.0,1.0,1.0,,,,,,,,,,,,,,,,,
6f7820e83627a1b5cd580bbcbb338ef3,1404/03/31,187.0,153.0,702.0,9395000.0,7895000.0,9395000.0,1756865000.0,1.0,1.0,,,,,,,,,,,,,,,,,
6f7820e83627a1b5cd580bbcbb338ef3,1404/06/31,226.0,319.0,702.0,9395000.0,7895000.0,9395000.0,2123270000.0,1.0,1.0,,,,,,,,,,,,,,,,,
6f7820e83627a1b5cd580bbcbb338ef3,1404/09/30,327.0,429.0,702.0,9395000.0,9395000.0,9395000.0,3072165000.0,1.0,1.0,,,,,,,,,,,,,,,,,
6f7820e83627a1b5cd580bbcbb338ef3,1404/12/29,728.0,0.0,706.0,9395000.0,9395000.0,9395000.0,6839560000.0,845.0,-116.0,,,,,,,,,,,,,,,,,
6f7820e83627a1b5cd580bbcbb338ef3,1405/03/31,1067.0,187.0,718.0,9395000.0,9395000.0,9395000.0,10024465000.0,13316388.0,2320361.0,9362986.0,39754579.0,16880444.0,79682542.0,-877268.0,421852.0,10025964.0,1754398.0,6749618.0,-6311585.0,-1632349.0,2876005.0,84250272.0,70988690.0,54617675.0,54275986.0,29632597.0
701858157df331969ad61c12b4abe861,1398/03/31,0.0,0.0,0.0,3374853.0,-10.0,0.0,0.0,1.0,1.0,,,,,,,,,,,,,,,,,
701858157df331969ad61c12b4abe861,1398/06/31,0.0,0.0,0.0,3340218.0,-8.0,0.0,0.0,1.0,1.0,,,,,,,,,,,,,,,,,
701858157df331969ad61c12b4abe861,1398/09/30,50.0,-15.0,75.0,2200000.0,2200000.0,2200000.0,110000000.0,1.0,1.0,,,,,,,,,,,,,,,,,
701858157df331969ad61c12b4abe861,1398/12/29,82.0,-59.0,73.0,2200000.0,2200000.0,2200000.0,180400000.0,1.0,1.0,,,,,,,,,,,,,,,,,
701858157df331969ad61c12b4abe861,1399/03/31,150.0,24.0,75.0,2200000.0,2200000.0,2200000.0,330000000.0,1.0,1.0,,,,,,,,,,,,,,,,,
701858157df331969ad61c12b4abe861,1399/06/31,2.0,0.0,73.0,220000000.0,2200000.0,2200000.0,440000000.0,1.0,1.0,,,,,,,,,,,,,,,,,
701858157df331969ad61c12b4abe861,1399/09/30,68.0,50.0,207.0,2200000.0,2200000.0,2200000.0,149600000.0,1.0,1.0,,,,,,,,,,,,,,,,,
701858157df331969ad61c12b4abe861,1399/12/30,108.0,82.0,206.0,2200000.0,2200000.0,2200000.0,237600000.0,1.0,1.0,,,,,,,,,,,,,,,,,
701858157df331969ad61c12b4abe861,1400/03/31,135.0,150.0,207.0,2200000.0,2200000.0,2200000.0,297000000.0,1.0,1.0,,,,,,,,,,,,,,,,,
701858157df331969ad61c12b4abe861,1400/06/31,342.0,0.0,206.0,2200000.0,2200000.0,2200000.0,752400000.0,1.0,1.0,,,,,,,,,,,,,,,,,
701858157df331969ad61c12b4abe861,1400/09/30,148.0,68.0,326.0,2200000.0,2200000.0,2200000.0,325600000.0,1.0,1.0,,,,,,,,,,,,,,,,,
701858157df331969ad61c12b4abe861,1400/12/29,224.0,59.0,347.0,2200000.0,2200000.0,2200000.0,492800000.0,1.0,1.0,,,,,,,,,,,,,,,,,
701858157df331969ad61c12b4abe861,1401/03/31,353.0,135.0,326.0,2200000.0,2200000.0,2200000.0,776600000.0,1.0,1.0,,,,,,,,,,,,,,,,,
701858157df331969ad61c12b4abe861,1401/06/31,453.0,0.0,347.0,2200000.0,2200000.0,2200000.0,996600000.0,1.0,1.0,,,,,,,,,,,,,,,,,
701858157df331969ad61c12b4abe861,1401/09/30,143.0,145.0,420.0,2200000.0,2200000.0,2200000.0,314600000.0,1.0,1.0,,,,,,,,,,,,,,,,,
701858157df331969ad61c12b4abe861,1401/12/29,256.0,210.0,387.0,2200000.0,2200000.0,2200000.0,563200000.0,1.0,1.0,,,,,,,,,,,,,,,,,
701858157df331969ad61c12b4abe861,1402/03/31,705.0,353.0,420.0,2200000.0,2200000.0,2200000.0,1551000000.0,1.0,1.0,,,,,,,,,,,,,,,,,
701858157df331969ad61c12b4abe861,1402/06/31,867.0,0.0,455.0,2200000.0,2200000.0,2200000.0,1907400000.0,1.0,1.0,,,,,,,,,,,,,,,,,
701858157df331969ad61c12b4abe861,1402/09/30,177.0,143.0,1006.0,2200000.0,2200000.0,2200000.0,389400000.0,1.0,1.0,,,,,,,,,,,,,,,,,
701858157df331969ad61c12b4abe861,1402/12/29,298.0,279.0,1012.0,2200000.0,2200000.0,2200000.0,655600000.0,1.0,1.0,,,,,,,,,,,,,,,,,
701858157df331969ad61c12b4abe861,1403/03/31,449.0,705.0,1006.0,2200000.0,2200000.0,2200000.0,987800000.0,1.0,1.0,,,,,,,,,,,,,,,,,
701858157df331969ad61c12b4abe861,1403/06/31,986.0,0.0,1012.0,2200000.0,2200000.0,2200000.0,2169200000.0,1.0,1.0,,,,,,,,,,,,,,,,,
701858157df331969ad61c12b4abe861,1403/09/30,433.0,177.0,944.0,2200000.0,2200000.0,2200000.0,952600000.0,1.0,1.0,,,,,,,,,,,,,,,,,
701858157df331969ad61c12b4abe861,1403/12/30,617.0,309.0,977.0,2200000.0,2200000.0,2200000.0,1357400000.0,1.0,1.0,,,,,,,,,,,,,,,,,
701858157df331969ad61c12b4abe861,1404/03/31,1029.0,449.0,944.0,2200000.0,2200000.0,2200000.0,2263800000.0,1.0,1.0,,,,,,,,,,,,,,,,,
701858157df331969ad61c12b4abe861,1404/06/31,1808.0,0.0,944.0,2200000.0,2200000.0,2200000.0,3977600000.0,1.0,1.0,,,,,,,,,,,,,,,,,
701858157df331969ad61c12b4abe861,1404/09/30,568.0,328.0,1282.0,2900000.0,2900000.0,2900000.0,1647200000.0,1.0,1.0,,,,,,,,,,,,,,,,,
701858157df331969ad61c12b4abe861,1404/12/29,1089.0,617.0,1716.0,2900000.0,2200000.0,2200000.0,3158100000.0,-1.0,100.0,,,,,,,,,,,,,,,,,
701858157df331969ad61c12b4abe861,1405/03/31,1512.0,781.0,1282.0,2900000.0,2900000.0,2900000.0,4384800000.0,5422585.0,3019780.0,,,,,,,,,,,,,,,,,
7083cfdfe2c268113f647360403b3778,1399/03/31,401.0,348.0,1208.0,950000.0,600000.0,950000.0,380950000.0,1.0,1.0,,,,,,,,,,,,,,,,,
7083cfdfe2c268113f647360403b3778,1399/06/31,903.0,752.0,1208.0,950000.0,950000.0,950000.0,857850000.0,1.0,1.0,,,,,,,,,,,,,,,,,
7083cfdfe2c268113f647360403b3778,1399/09/30,1383.0,1092.0,1208.0,950000.0,950000.0,950000.0,1313850000.0,1.0,1.0,,,,,,,,,,,,,,,,,
7083cfdfe2c268113f647360403b3778,1399/12/30,2282.0,0.0,1208.0,950000.0,950000.0,950000.0,2167900000.0,1.0,1.0,,,,,,,,,,,,,,,,,
7083cfdfe2c268113f647360403b3778,1400/03/31,426.0,401.0,2282.0,1400000.0,950000.0,950000.0,596400000.0,1.0,1.0,,,,,,,,,,,,,,,,,
7083cfdfe2c268113f647360403b3778,1400/06/31,1756.0,919.0,2282.0,950000.0,950000.0,950000.0,1668200000.0,1.0,1.0,,,,,,,,,,,,,,,,,
7083cfdfe2c268113f647360403b3778,1400/09/30,2253.0,1383.0,1574.0,1400000.0,950000.0,950000.0,3154200000.0,1.0,1.0,,,,,,,,,,,,,,,,,
7083cfdfe2c268113f647360403b3778,1400/12/29,2904.0,0.0,1574.0,1400000.0,950000.0,950000.0,4065600000.0,1.0,1.0,,,,,,,,,,,,,,,,,
7083cfdfe2c268113f647360403b3778,1402/06/31,1041.0,1887.0,2874.0,2400000.0,1400000.0,2400000.0,2498400000.0,1.0,1.0,,,,,,,,,,,,,,,,,
7083cfdfe2c268113f647360403b3778,1402/09/30,2816.0,3890.0,2874.0,2400000.0,1400000.0,2400000.0,6758400000.0,1.0,1.0,,,,,,,,,,,,,,,,,
7083cfdfe2c268113f647360403b3778,1402/12/29,1053.0,0.0,2874.0,6800000.0,0.0,2400000.0,7160400000.0,1.0,1.0,,,,,,,,,,,,,,,,,
7083cfdfe2c268113f647360403b3778,1403/03/31,305.0,811.0,1037.0,6800000.0,2400000.0,6800000.0,2074000000.0,1.0,1.0,,,,,,,,,,,,,,,,,
7083cfdfe2c268113f647360403b3778,1403/06/31,580.0,1075.0,1037.0,6800000.0,2400000.0,6800000.0,3944000000.0,1.0,1.0,,,,,,,,,,,,,,,,,
7083cfdfe2c268113f647360403b3778,1403/09/30,943.0,2816.0,1037.0,6800000.0,2400000.0,6800000.0,6412400000.0,1.0,1.0,,,,,,,,,,,,,,,,,
7083cfdfe2c268113f647360403b3778,1403/12/30,1245.0,0.0,1037.0,8640000.0,0.0,6800000.0,10756800000.0,1.0,1.0,,,,,,,,,,,,,,,,,
7083cfdfe2c268113f647360403b3778,1404/03/31,411.0,305.0,1275.0,8640000.0,6800000.0,8640000.0,3551040000.0,1.0,1.0,,,,,,,,,,,,,,,,,
7083cfdfe2c268113f647360403b3778,1404/06/31,881.0,478.0,1275.0,8640000.0,6800000.0,8640000.0,7611840000.0,1.0,1.0,,,,,,,,,,,,,,,,,
7083cfdfe2c268113f647360403b3778,1404/09/30,1092.0,463.0,253.0,950000.0,600000.0,600000.0,10126080000.0,1.0,1.0,,,,,,,,,,,,,,,,,
7083cfdfe2c268113f647360403b3778,1404/12/29,1919.0,0.0,1001.0,8640000.0,0.0,8640000.0,16580160000.0,-1.0,100.0,,,,,,,,,,,,,,,,,
7083cfdfe2c268113f647360403b3778,1405/03/31,615.0,243.0,1624.0,10000000.0,8640000.0,10000000.0,6150000000.0,10215907.0,3546347.0,,,,,,,,,,,,,,,,,
713aa98887c6fda78002e405bfbec00e,1398/06/31,215.0,223.0,891.0,1152000.0,1152000.0,1152000.0,247680000.0,1.0,1.0,,,,,,,,,,,,,,,,,
713aa98887c6fda78002e405bfbec00e,1398/09/30,429.0,344.0,891.0,1152000.0,1152000.0,1152000.0,494208000.0,1.0,1.0,,,,,,,,,,,,,,,,,
713aa98887c6fda78002e405bfbec00e,1398/12/29,717.0,506.0,891.0,1152000.0,1152000.0,1152000.0,825984000.0,1.0,1.0,,,,,,,,,,,,,,,,,
713aa98887c6fda78002e405bfbec00e,1399/03/31,1253.0,0.0,891.0,1152000.0,1152000.0,1152000.0,1443456000.0,1.0,1.0,,,,,,,,,,,,,,,,,
713aa98887c6fda78002e405bfbec00e,1399/06/31,445.0,215.0,1253.0,1152000.0,1152000.0,1152000.0,512640000.0,1.0,1.0,,,,,,,,,,,,,,,,,
713aa98887c6fda78002e405bfbec00e,1399/09/30,494.0,429.0,1253.0,2880000.0,1152000.0,1152000.0,1422720000.0,1.0,1.0,,,,,,,,,,,,,,,,,
713aa98887c6fda78002e405bfbec00e,1399/12/30,608.0,287.0,501.0,2880000.0,2880000.0,2880000.0,1751040000.0,1.0,1.0,,,,,,,,,,,,,,,,,
713aa98887c6fda78002e405bfbec00e,1400/03/31,918.0,0.0,1253.0,2880000.0,1152000.0,1152000.0,2643840000.0,1.0,1.0,,,,,,,,,,,,,,,,,
713aa98887c6fda78002e405bfbec00e,1400/06/31,297.0,178.0,922.0,2880000.0,2880000.0,2880000.0,855360000.0,1.0,1.0,,,,,,,,,,,,,,,,,
713aa98887c6fda78002e405bfbec00e,1400/09/30,688.0,494.0,884.0,2880000.0,2880000.0,2880000.0,1981440000.0,1.0,1.0,,,,,,,,,,,,,,,,,
713aa98887c6fda78002e405bfbec00e,1400/12/29,996.0,608.0,884.0,2880000.0,2880000.0,2880000.0,2868480000.0,1.0,1.0,,,,,,,,,,,,,,,,,
713aa98887c6fda78002e405bfbec00e,1401/03/31,1295.0,0.0,884.0,2880000.0,2880000.0,2880000.0,3729600000.0,1.0,1.0,,,,,,,,,,,,,,,,,
713aa98887c6fda78002e405bfbec00e,1401/06/31,321.0,297.0,1295.0,2880000.0,2880000.0,2880000.0,924480000.0,1.0,1.0,,,,,,,,,,,,,,,,,
713aa98887c6fda78002e405bfbec00e,1401/09/30,850.0,688.0,1295.0,2880000.0,2880000.0,2880000.0,2448000000.0,1.0,1.0,,,,,,,,,,,,,,,,,
713aa98887c6fda78002e405bfbec00e,1401/12/29,484.0,996.0,1295.0,7500000.0,2880000.0,2880000.0,3630000000.0,1.0,1.0,,,,,,,,,,,,,,,,,
713aa98887c6fda78002e405bfbec00e,1402/03/31,870.0,0.0,1295.0,7500000.0,2880000.0,2880000.0,6525000000.0,1.0,1.0,,,,,,,,,,,,,,,,,
713aa98887c6fda78002e405bfbec00e,1402/06/31,175.0,111.0,845.0,7500000.0,7500000.0,7500000.0,1312500000.0,1.0,1.0,,,,,,,,,,,,,,,,,
713aa98887c6fda78002e405bfbec00e,1402/09/30,502.0,327.0,845.0,7500000.0,7500000.0,7500000.0,3765000000.0,1.0,1.0,,,,,,,,,,,,,,,,,
713aa98887c6fda78002e405bfbec00e,1402/12/29,446.0,484.0,845.0,12300000.0,7500000.0,7500000.0,5485800000.0,1.0,1.0,,,,,,,,,,,,,,,,,
713aa98887c6fda78002e405bfbec00e,1403/03/31,478.0,0.0,845.0,12300000.0,7500000.0,7500000.0,5879400000.0,1.0,1.0,,,,,,,,,,,,,,,,,
713aa98887c6fda78002e405bfbec00e,1403/06/31,109.0,107.0,478.0,12300000.0,12300000.0,12300000.0,1340700000.0,1.0,1.0,,,,,,,,,,,,,,,,,
713aa98887c6fda78002e405bfbec00e,1403/09/30,219.0,306.0,478.0,12300000.0,12300000.0,12300000.0,2693700000.0,1.0,1.0,,,,,,,,,,,,,,,,,
713aa98887c6fda78002e405bfbec00e,1403/12/30,248.0,446.0,478.0,16500000.0,12300000.0,12300000.0,4092000000.0,1.0,1.0,,,,,,,,,,,,,,,,,
713aa98887c6fda78002e405bfbec00e,1404/03/31,266.0,0.0,478.0,16500000.0,12300000.0,12300000.0,4389000000.0,1.0,1.0,,,,,,,,,,,,,,,,,
713aa98887c6fda78002e405bfbec00e,1404/06/31,123.0,109.0,266.0,16500000.0,12300000.0,16500000.0,2029500000.0,1.0,1.0,,,,,,,,,,,,,,,,,
713aa98887c6fda78002e405bfbec00e,1404/09/30,434.0,0.0,164.0,16500000.0,0.0,16500000.0,7161000000.0,63.55676581483033,100.0,,,,,,,,,,,,,,,,,
713aa98887c6fda78002e405bfbec00e,1404/12/29,724.0,248.0,266.0,16500000.0,16500000.0,16500000.0,11946000000.0,11592768.0,7721389.0,,22035940.0,17121989.0,,-3983750.0,4416573.0,,,,,,,,,,,
713aa98887c6fda78002e405bfbec00e,1405/03/31,981.0,266.0,,16500000.0,16500000.0,,16186500000.0,15746243.0,9345071.0,,30016762.0,22600361.0,,-5245328.0,5867874.0,16193472.0,4381411.0,,20400018.0,8933161.0,,63801137.0,38370354.0,28295830.0,13453960.0,35505307.0
72b4d79585406feb5160a555339cce54,1398/09/30,1048.0,237.0,296.0,280000.0,280000.0,280000.0,293440000.0,1.0,1.0,,,,,,,,,,,,,,,,,
72b4d79585406feb5160a555339cce54,1398/12/29,1407.0,0.0,296.0,280000.0,280000.0,280000.0,393960000.0,1.0,1.0,,,,,,,,,,,,,,,,,
72b4d79585406feb5160a555339cce54,1399/03/31,715.0,204.0,1407.0,280000.0,280000.0,280000.0,200200000.0,1.0,1.0,,,,,,,,,,,,,,,,,
72b4d79585406feb5160a555339cce54,1399/06/31,1903.0,928.0,1407.0,280000.0,280000.0,280000.0,532840000.0,1.0,1.0,,,,,,,,,,,,,,,,,
72b4d79585406feb5160a555339cce54,1399/09/30,581.0,1048.0,1407.0,1169538.0,280000.0,280000.0,679501578.0,1.0,1.0,,,,,,,,,,,,,,,,,
72b4d79585406feb5160a555339cce54,1399/12/30,1047.0,0.0,337.0,1169538.0,280000.0,1169538.0,1224506286.0,1.0,1.0,,,,,,,,,,,,,,,,,
72b4d79585406feb5160a555339cce54,1400/03/31,489.0,171.0,1054.0,1169538.0,1169538.0,1162022.0,571904082.0,1.0,1.0,,,,,,,,,,,,,,,,,
72b4d79585406feb5160a555339cce54,1400/06/31,913.0,454.0,1047.0,1169538.0,1169538.0,1169538.0,1067788194.0,1.0,1.0,,,,,,,,,,,,,,,,,
72b4d79585406feb5160a555339cce54,1400/09/30,1129.0,581.0,1047.0,1169538.0,1169538.0,1169538.0,1320408402.0,1.0,1.0,,,,,,,,,,,,,,,,,
72b4d79585406feb5160a555339cce54,1400/12/29,1279.0,0.0,1047.0,1169538.0,1169538.0,1169538.0,1495839102.0,1.0,1.0,,,,,,,,,,,,,,,,,
72b4d79585406feb5160a555339cce54,1401/03/31,586.0,489.0,1288.0,1169538.0,1169538.0,1169538.0,685349268.0,1.0,1.0,,,,,,,,,,,,,,,,,
72b4d79585406feb5160a555339cce54,1401/06/31,1071.0,868.0,1288.0,1169538.0,1169538.0,1169538.0,1252575198.0,1.0,1.0,,,,,,,,,,,,,,,,,
72b4d79585406feb5160a555339cce54,1401/09/30,1217.0,1129.0,1288.0,1169538.0,1169538.0,1169538.0,1423327746.0,1.0,1.0,,,,,,,,,,,,,,,,,
72b4d79585406feb5160a555339cce54,1401/12/29,1466.0,0.0,1288.0,1169538.0,1169538.0,1169538.0,1714542708.0,1.0,1.0,,,,,,,,,,,,,,,,,
72b4d79585406feb5160a555339cce54,1402/03/31,934.0,586.0,1460.0,1169538.0,1169538.0,1169538.0,1092348492.0,1.0,1.0,,,,,,,,,,,,,,,,,
72b4d79585406feb5160a555339cce54,1402/06/31,1623.0,1038.0,1460.0,1169538.0,1169538.0,1169538.0,1898160174.0,1.0,1.0,,,,,,,,,,,,,,,,,
72b4d79585406feb5160a555339cce54,1402/09/30,2200.0,1217.0,1460.0,1169538.0,1169538.0,1169538.0,2572983600.0,1.0,1.0,,,,,,,,,,,,,,,,,
72b4d79585406feb5160a555339cce54,1402/12/29,2420.0,0.0,1460.0,1169538.0,1169538.0,1169538.0,2830281960.0,1.0,1.0,,,,,,,,,,,,,,,,,
72b4d79585406feb5160a555339cce54,1403/03/31,1532.0,934.0,2420.0,1169538.0,1169538.0,1169538.0,1791732216.0,1.0,1.0,,,,,,,,,,,,,,,,,
72b4d79585406feb5160a555339cce54,1403/06/31,2402.0,1621.0,2420.0,1169538.0,1169538.0,1169538.0,2809230276.0,1.0,1.0,,,,,,,,,,,,,,,,,
72b4d79585406feb5160a555339cce54,1403/09/30,2811.0,2200.0,2420.0,1169538.0,1169538.0,1169538.0,3287571318.0,1.0,1.0,,,,,,,,,,,,,,,,,
72b4d79585406feb5160a555339cce54,1403/12/30,3525.0,0.0,2420.0,1169538.0,1169538.0,1169538.0,4122621450.0,1.0,1.0,,,,,,,,,,,,,,,,,
72b4d79585406feb5160a555339cce54,1404/03/31,2732.0,1532.0,3525.0,1169538.0,1169538.0,1169538.0,3195177816.0,1.0,1.0,,,,,,,,,,,,,,,,,
72b4d79585406feb5160a555339cce54,1404/06/31,5008.0,2334.0,3525.0,1169538.0,1169538.0,1169538.0,5857046304.0,1.0,1.0,,,,,,,,,,,,,,,,,
72b4d79585406feb5160a555339cce54,1404/09/30,928.0,292.0,296.0,280000.0,280000.0,280000.0,6317844276.0,1.0,1.0,,,,,,,,,,,,,,,,,
72b4d79585406feb5160a555339cce54,1404/12/29,7299.0,0.0,3525.0,1169538.0,1169538.0,1169538.0,8536457862.0,-1.0,100.0,,,,,,,,,,,,,,,,,
72b4d79585406feb5160a555339cce54,1405/03/31,3244.0,2732.0,7264.0,1169538.0,1169538.0,1169538.0,3793981272.0,5890705.0,4476148.0,,,,,,,,,,,,,,,,,
72d8be1259190fb1b5c8726381e27f71,1398/12/29,212.0,234.0,807.0,500000.0,500000.0,500000.0,106000000.0,1.0,1.0,,,,,,,,,,,,,,,,,
72d8be1259190fb1b5c8726381e27f71,1399/03/31,250.0,258.0,807.0,500000.0,500000.0,500000.0,125000000.0,1.0,1.0,,,,,,,,,,,,,,,,,
72d8be1259190fb1b5c8726381e27f71,1399/06/31,550.0,421.0,807.0,500000.0,500000.0,500000.0,275000000.0,1.0,1.0,,,,,,,,,,,,,,,,,
72d8be1259190fb1b5c8726381e27f71,1399/09/30,1050.0,0.0,807.0,500000.0,500000.0,500000.0,525000000.0,1.0,1.0,,,,,,,,,,,,,,,,,
72d8be1259190fb1b5c8726381e27f71,1399/12/30,1614.0,212.0,1050.0,500000.0,500000.0,500000.0,807000000.0,1.0,1.0,,,,,,,,,,,,,,,,,
72d8be1259190fb1b5c8726381e27f71,1400/03/31,304.0,40.0,169.0,3099000.0,3099000.0,3099000.0,942096000.0,1.0,1.0,,,,,,,,,,,,,,,,,
72d8be1259190fb1b5c8726381e27f71,1400/06/31,469.0,550.0,1050.0,3099000.0,500000.0,500000.0,1453431000.0,1.0,1.0,,,,,,,,,,,,,,,,,
72d8be1259190fb1b5c8726381e27f71,1400/09/30,660.0,0.0,169.0,3099000.0,500000.0,3099000.0,2045340000.0,1.0,1.0,,,,,,,,,,,,,,,,,
72d8be1259190fb1b5c8726381e27f71,1400/12/29,196.0,260.0,660.0,3099000.0,3099000.0,3099000.0,607404000.0,1.0,1.0,,,,,,,,,,,,,,,,,
72d8be1259190fb1b5c8726381e27f71,1401/03/31,293.0,304.0,660.0,3099000.0,3099000.0,3099000.0,908007000.0,1.0,1.0,,,,,,,,,,,,,,,,,
72d8be1259190fb1b5c8726381e27f71,1401/06/31,475.0,469.0,660.0,3099000.0,3099000.0,3099000.0,1472025000.0,1.0,1.0,,,,,,,,,,,,,,,,,
72d8be1259190fb1b5c8726381e27f71,1401/09/30,755.0,0.0,660.0,3099000.0,3099000.0,3099000.0,2339745000.0,1.0,1.0,,,,,,,,,,,,,,,,,
72d8be1259190fb1b5c8726381e27f71,1401/12/29,82.0,128.0,599.0,4100000.0,4100000.0,4100000.0,336200000.0,1.0,1.0,,,,,,,,,,,,,,,,,
72d8be1259190fb1b5c8726381e27f71,1402/03/31,-19.0,226.0,599.0,4100000.0,4100000.0,4100000.0,-77900000.0,1.0,1.0,,,,,,,,,,,,,,,,,
72d8be1259190fb1b5c8726381e27f71,1402/06/31,0.0,0.0,0.0,0.0,0.0,0.0,0.0,1.0,1.0,,,,,,,,,,,,,,,,,
72d8be1259190fb1b5c8726381e27f71,1402/09/30,749.0,0.0,599.0,5332000.0,4100000.0,4100000.0,3993668000.0,1.0,1.0,,,,,,,,,,,,,,,,,
72d8be1259190fb1b5c8726381e27f71,1402/12/29,559.0,63.0,749.0,5332000.0,5332000.0,5332000.0,2980588000.0,1.0,1.0,,,,,,,,,,,,,,,,,
72d8be1259190fb1b5c8726381e27f71,1403/03/31,670.0,6.0,749.0,5332000.0,5332000.0,5332000.0,3572440000.0,1.0,1.0,,,,,,,,,,,,,,,,,
72d8be1259190fb1b5c8726381e27f71,1403/06/31,813.0,133.0,749.0,5332000.0,5332000.0,5332000.0,4334916000.0,1.0,1.0,,,,,,,,,,,,,,,,,
72d8be1259190fb1b5c8726381e27f71,1403/09/30,1053.0,0.0,749.0,5332000.0,5332000.0,5332000.0,5614596000.0,1.0,1.0,,,,,,,,,,,,,,,,,
72d8be1259190fb1b5c8726381e27f71,1403/12/30,315.0,559.0,1057.0,5332000.0,5332000.0,5332000.0,1679580000.0,1.0,1.0,,,,,,,,,,,,,,,,,
72d8be1259190fb1b5c8726381e27f71,1404/03/31,640.0,678.0,1057.0,5332000.0,5332000.0,5332000.0,3412480000.0,1.0,1.0,,,,,,,,,,,,,,,,,
72d8be1259190fb1b5c8726381e27f71,1404/06/31,807.0,813.0,1057.0,5332000.0,5332000.0,5332000.0,4302924000.0,1.0,1.0,,,,,,,,,,,,,,,,,
72d8be1259190fb1b5c8726381e27f71,1404/09/30,2591.0,0.0,1057.0,5332000.0,5332000.0,5332000.0,13815212000.0,-1.0,100.0,,,,,,,,,,,,,,,,,
72d8be1259190fb1b5c8726381e27f71,1404/12/29,805.0,315.0,2657.0,5332000.0,5332000.0,5332000.0,4292260000.0,-1.0,100.0,,,,,,,,,,,,,,,,,
72d8be1259190fb1b5c8726381e27f71,1405/03/31,1549.0,468.0,2657.0,5332000.0,5332000.0,5332000.0,8259268000.0,12850359.0,3491273.0,7920230.0,74282411.0,18342109.0,42568959.0,-3200456.0,775571.0,8256976.0,2495995.0,14165572.0,4549652.0,3908302.0,4937204.0,116804904.0,70968288.0,60855431.0,57269846.0,55949473.0
731166bbfc773bf6a75a4bb795177b44,1398/06/31,426.0,177.0,471.0,9000000.0,9000000.0,9000000.0,3834000000.0,1.0,1.0,,,,,,,,,,,,,,,,,
731166bbfc773bf6a75a4bb795177b44,1398/09/30,622.0,336.0,471.0,9000000.0,9000000.0,9000000.0,5598000000.0,1.0,1.0,,,,,,,,,,,,,,,,,
731166bbfc773bf6a75a4bb795177b44,1398/12/29,843.0,0.0,471.0,9000000.0,9000000.0,9000000.0,7587000000.0,1.0,1.0,,,,,,,,,,,,,,,,,
731166bbfc773bf6a75a4bb795177b44,1399/03/31,210.0,208.0,846.0,11900000.0,9000000.0,9000000.0,2499000000.0,1.0,1.0,,,,,,,,,,,,,,,,,
731166bbfc773bf6a75a4bb795177b44,1399/06/31,809.0,439.0,846.0,11900000.0,9000000.0,9000000.0,9627100000.0,1.0,1.0,,,,,,,,,,,,,,,,,
731166bbfc773bf6a75a4bb795177b44,1399/09/30,1994.0,622.0,846.0,9000000.0,9000000.0,9000000.0,17946000000.0,1.0,1.0,,,,,,,,,,,,,,,,,
731166bbfc773bf6a75a4bb795177b44,1399/12/30,1967.0,0.0,846.0,11900000.0,9000000.0,9000000.0,23407300000.0,1.0,1.0,,,,,,,,,,,,,,,,,
731166bbfc773bf6a75a4bb795177b44,1400/03/31,873.0,210.0,2057.0,11900000.0,11900000.0,11900000.0,10388700000.0,1.0,1.0,,,,,,,,,,,,,,,,,
731166bbfc773bf6a75a4bb795177b44,1400/06/31,1492.0,833.0,2057.0,11900000.0,11900000.0,11900000.0,17754800000.0,1.0,1.0,,,,,,,,,,,,,,,,,
731166bbfc773bf6a75a4bb795177b44,1400/09/30,1976.0,1508.0,2057.0,11900000.0,11900000.0,11900000.0,23514400000.0,1.0,1.0,,,,,,,,,,,,,,,,,
731166bbfc773bf6a75a4bb795177b44,1400/12/29,2651.0,0.0,2057.0,11900000.0,11900000.0,11900000.0,31546900000.0,1.0,1.0,,,,,,,,,,,,,,,,,
731166bbfc773bf6a75a4bb795177b44,1401/03/31,0.0,0.0,0.0,0.0,0.0,0.0,0.0,1.0,1.0,,,,,,,,,,,,,,,,,
731166bbfc773bf6a75a4bb795177b44,1401/06/31,1072.0,1542.0,2579.0,11900000.0,11900000.0,11900000.0,12756800000.0,1.0,1.0,,,,,,,,,,,,,,,,,
731166bbfc773bf6a75a4bb795177b44,1401/09/30,0.0,0.0,0.0,0.0,0.0,0.0,0.0,1.0,1.0,,,,,,,,,,,,,,,,,
731166bbfc773bf6a75a4bb795177b44,1401/12/29,1003.0,0.0,2579.0,23000000.0,11900000.0,11900000.0,23069000000.0,1.0,1.0,,,,,,,,,,,,,,,,,
731166bbfc773bf6a75a4bb795177b44,1402/03/31,505.0,344.0,1000.0,23000000.0,23000000.0,23000000.0,11615000000.0,1.0,1.0,,,,,,,,,,,,,,,,,
731166bbfc773bf6a75a4bb795177b44,1402/06/31,1324.0,493.0,1000.0,23000000.0,23000000.0,23000000.0,30452000000.0,1.0,1.0,,,,,,,,,,,,,,,,,
731166bbfc773bf6a75a4bb795177b44,1402/09/30,1747.0,771.0,1933.0,23000000.0,23000000.0,11900000.0,40181000000.0,1.0,1.0,,,,,,,,,,,,,,,,,
731166bbfc773bf6a75a4bb795177b44,1402/12/29,886.0,0.0,1000.0,68000000.0,23000000.0,23000000.0,60248000000.0,1.0,1.0,,,,,,,,,,,,,,,,,
731166bbfc773bf6a75a4bb795177b44,1403/03/31,168.0,171.0,825.0,68000000.0,68000000.0,68000000.0,11424000000.0,1.0,1.0,,,,,,,,,,,,,,,,,
731166bbfc773bf6a75a4bb795177b44,1403/06/31,444.0,434.0,825.0,68000000.0,68000000.0,68000000.0,30192000000.0,1.0,1.0,,,,,,,,,,,,,,,,,
731166bbfc773bf6a75a4bb795177b44,1403/09/30,661.0,591.0,825.0,68000000.0,68000000.0,68000000.0,44948000000.0,1.0,1.0,,,,,,,,,,,,,,,,,
731166bbfc773bf6a75a4bb795177b44,1403/12/30,705.0,0.0,561.0,100000000.0,68000000.0,100000000.0,70500000000.0,1.0,1.0,,,,,,,,,,,,,,,,,
731166bbfc773bf6a75a4bb795177b44,1404/03/31,65.0,115.0,705.0,100000000.0,100000000.0,100000000.0,6500000000.0,1.0,1.0,,,,,,,,,,,,,,,,,
731166bbfc773bf6a75a4bb795177b44,1404/06/31,95.0,312.0,705.0,100000000.0,100000000.0,100000000.0,9500000000.0,1.0,1.0,,,,,,,,,,,,,,,,,
731166bbfc773bf6a75a4bb795177b44,1404/09/30,202.0,449.0,705.0,100000000.0,100000000.0,100000000.0,20200000000.0,1.0,1.0,,,,,,,,,,,,,,,,,
731166bbfc773bf6a75a4bb795177b44,1404/12/29,282.0,561.0,,124500000.0,100000000.0,,35109000000.0,37838806.0,57605596.0,,,,,,,,,,,,,,,,,
731166bbfc773bf6a75a4bb795177b44,1405/03/31,148.0,52.0,268.0,124500000.0,124500000.0,124500000.0,18426000000.0,28639935.0,9817701.0,,,,,,,,,,,,,,,,,
7386c9d3264a07cdaacbdba2e1941d42,1398/09/30,2103.0,3258.0,4092.0,450000.0,150000.0,150000.0,946350000.0,1.0,1.0,,,,,,,,,,,,,,,,,
7386c9d3264a07cdaacbdba2e1941d42,1398/12/29,2470.0,0.0,4092.0,450000.0,150000.0,150000.0,1111500000.0,1.0,1.0,,,,,,,,,,,,,,,,,
7386c9d3264a07cdaacbdba2e1941d42,1399/03/31,580.0,488.0,2470.0,450000.0,450000.0,450000.0,261000000.0,1.0,1.0,,,,,,,,,,,,,,,,,
7386c9d3264a07cdaacbdba2e1941d42,1399/06/31,1446.0,1218.0,2470.0,450000.0,450000.0,450000.0,650700000.0,1.0,1.0,,,,,,,,,,,,,,,,,
7386c9d3264a07cdaacbdba2e1941d42,1399/09/30,2448.0,2103.0,2470.0,450000.0,450000.0,450000.0,1101600000.0,1.0,1.0,,,,,,,,,,,,,,,,,
7386c9d3264a07cdaacbdba2e1941d42,1399/12/30,2154.0,0.0,2470.0,700000.0,450000.0,450000.0,1507800000.0,1.0,1.0,,,,,,,,,,,,,,,,,
7386c9d3264a07cdaacbdba2e1941d42,1400/03/31,103.0,373.0,2154.0,700000.0,700000.0,700000.0,72100000.0,1.0,1.0,,,,,,,,,,,,,,,,,
7386c9d3264a07cdaacbdba2e1941d42,1400/06/31,1655.0,1446.0,2154.0,700000.0,450000.0,700000.0,1158500000.0,1.0,1.0,,,,,,,,,,,,,,,,,
7386c9d3264a07cdaacbdba2e1941d42,1400/09/30,2603.0,1573.0,2154.0,700000.0,700000.0,700000.0,1822100000.0,1.0,1.0,,,,,,,,,,,,,,,,,
7386c9d3264a07cdaacbdba2e1941d42,1400/12/29,3103.0,0.0,2154.0,700000.0,700000.0,700000.0,2172100000.0,1.0,1.0,,,,,,,,,,,,,,,,,
7386c9d3264a07cdaacbdba2e1941d42,1401/03/31,814.0,103.0,3103.0,700000.0,700000.0,700000.0,569800000.0,1.0,1.0,,,,,,,,,,,,,,,,,
7386c9d3264a07cdaacbdba2e1941d42,1401/06/31,2259.0,1655.0,3103.0,700000.0,700000.0,700000.0,1581300000.0,1.0,1.0,,,,,,,,,,,,,,,,,
7386c9d3264a07cdaacbdba2e1941d42,1401/09/30,1644.0,2603.0,3103.0,1400000.0,700000.0,700000.0,2301600000.0,1.0,1.0,,,,,,,,,,,,,,,,,
7386c9d3264a07cdaacbdba2e1941d42,1401/12/29,2340.0,0.0,3103.0,1400000.0,700000.0,700000.0,3276000000.0,1.0,1.0,,,,,,,,,,,,,,,,,
7386c9d3264a07cdaacbdba2e1941d42,1402/03/31,697.0,407.0,2340.0,1400000.0,1400000.0,1400000.0,975800000.0,1.0,1.0,,,,,,,,,,,,,,,,,
7386c9d3264a07cdaacbdba2e1941d42,1402/06/31,1538.0,1130.0,2340.0,1400000.0,1400000.0,1400000.0,2153200000.0,1.0,1.0,,,,,,,,,,,,,,,,,
7386c9d3264a07cdaacbdba2e1941d42,1402/09/30,2394.0,1644.0,2340.0,1400000.0,1400000.0,1400000.0,3351600000.0,1.0,1.0,,,,,,,,,,,,,,,,,
7386c9d3264a07cdaacbdba2e1941d42,1402/12/29,3245.0,0.0,2340.0,1400000.0,1400000.0,1400000.0,4543000000.0,1.0,1.0,,,,,,,,,,,,,,,,,
7386c9d3264a07cdaacbdba2e1941d42,1403/03/31,1126.0,697.0,3245.0,1400000.0,1400000.0,1400000.0,1576400000.0,1.0,1.0,,,,,,,,,,,,,,,,,
7386c9d3264a07cdaacbdba2e1941d42,1403/06/31,2215.0,1538.0,3245.0,1400000.0,1400000.0,1400000.0,3101000000.0,1.0,1.0,,,,,,,,,,,,,,,,,
7386c9d3264a07cdaacbdba2e1941d42,1403/09/30,3405.0,2394.0,3245.0,1400000.0,1400000.0,1400000.0,4767000000.0,1.0,1.0,,,,,,,,,,,,,,,,,
7386c9d3264a07cdaacbdba2e1941d42,1403/12/30,6988.0,0.0,3245.0,1400000.0,1400000.0,1400000.0,9783200000.0,1.0,1.0,,,,,,,,,,,,,,,,,
7386c9d3264a07cdaacbdba2e1941d42,1404/03/31,2759.0,1126.0,6988.0,1400000.0,1400000.0,1400000.0,3862600000.0,1.0,1.0,,,,,,,,,,,,,,,,,
7386c9d3264a07cdaacbdba2e1941d42,1404/06/31,1149.0,2215.0,6988.0,7940000.0,1400000.0,1400000.0,9123060000.0,1.0,1.0,,,,,,,,,,,,,,,,,
7386c9d3264a07cdaacbdba2e1941d42,1404/09/30,1849.0,0.0,3405.0,7940000.0,0.0,1400000.0,14681060000.0,0.42031025007731043,100.0,,,,,,,,,,,,,,,,,
7386c9d3264a07cdaacbdba2e1941d42,1404/12/29,2747.0,0.0,6988.0,7940000.0,1400000.0,1400000.0,21811180000.0,3111.0,-358.0,,,,,,,,,,,,,,,,,
7386c9d3264a07cdaacbdba2e1941d42,1405/03/31,1570.0,486.0,2747.0,7940000.0,7940000.0,7940000.0,12465800000.0,17483506.0,6109656.0,31222155.0,27667184.0,10050740.0,48587668.0,-1256325.0,108927.0,12467922.0,3861957.0,21813140.0,1876156.0,-1942255.0,5044825.0,83164721.0,74660444.0,54036409.0,50311979.0,29128312.0
74a98ddff0b1430c48e8cfc83fa56408,1398/09/30,2601.0,108.0,177.0,50000.0,50000.0,50000.0,130050000.0,1.0,1.0,,,,,,,,,,,,,,,,,
74a98ddff0b1430c48e8cfc83fa56408,1398/12/29,74.0,17.0,17.0,350000.0,350000.0,350000.0,25900000.0,1.0,1.0,,,,,,,,,,,,,,,,,
74a98ddff0b1430c48e8cfc83fa56408,1399/03/31,1.0,25.0,374.0,350000.0,350000.0,350000.0,350000.0,1.0,1.0,,,,,,,,,,,,,,,,,
74a98ddff0b1430c48e8cfc83fa56408,1399/06/31,1443.0,40.0,351.0,350000.0,350000.0,350000.0,505050000.0,1.0,1.0,,,,,,,,,,,,,,,,,
74a98ddff0b1430c48e8cfc83fa56408,1399/09/30,2526.0,372.0,374.0,350000.0,350000.0,350000.0,884100000.0,1.0,1.0,,,,,,,,,,,,,,,,,
74a98ddff0b1430c48e8cfc83fa56408,1399/12/30,1939.0,0.0,351.0,350000.0,350000.0,350000.0,678650000.0,1.0,1.0,,,,,,,,,,,,,,,,,
74a98ddff0b1430c48e8cfc83fa56408,1400/03/31,15.0,1.0,2601.0,350000.0,350000.0,350000.0,5250000.0,1.0,1.0,,,,,,,,,,,,,,,,,
74a98ddff0b1430c48e8cfc83fa56408,1400/06/31,-858.0,3259.0,1915.0,350000.0,350000.0,350000.0,-300300000.0,1.0,1.0,,,,,,,,,,,,,,,,,
74a98ddff0b1430c48e8cfc83fa56408,1400/09/30,-26.0,2526.0,2601.0,1000000.0,350000.0,350000.0,-26000000.0,1.0,1.0,,,,,,,,,,,,,,,,,
74a98ddff0b1430c48e8cfc83fa56408,1400/12/29,-275.0,0.0,1915.0,1000000.0,350000.0,350000.0,-275000000.0,1.0,1.0,,,,,,,,,,,,,,,,,
74a98ddff0b1430c48e8cfc83fa56408,1401/03/31,533.0,5.0,20.0,1000000.0,1000000.0,1000000.0,533000000.0,1.0,1.0,,,,,,,,,,,,,,,,,
74a98ddff0b1430c48e8cfc83fa56408,1401/06/31,-116.0,-301.0,-272.0,1000000.0,1000000.0,1000000.0,-116000000.0,1.0,1.0,,,,,,,,,,,,,,,,,
74a98ddff0b1430c48e8cfc83fa56408,1401/09/30,501.0,-26.0,13.0,1000000.0,1000000.0,1000000.0,501000000.0,1.0,1.0,,,,,,,,,,,,,,,,,
74a98ddff0b1430c48e8cfc83fa56408,1401/12/29,-53.0,0.0,-272.0,1000000.0,1000000.0,1000000.0,-53000000.0,1.0,1.0,,,,,,,,,,,,,,,,,
74a98ddff0b1430c48e8cfc83fa56408,1402/03/31,2.0,533.0,551.0,1000000.0,1000000.0,1000000.0,2000000.0,1.0,1.0,,,,,,,,,,,,,,,,,
74a98ddff0b1430c48e8cfc83fa56408,1402/06/31,2.0,-116.0,-74.0,1000000.0,1000000.0,1000000.0,2000000.0,1.0,1.0,,,,,,,,,,,,,,,,,
74a98ddff0b1430c48e8cfc83fa56408,1402/09/30,93.0,501.0,551.0,1000000.0,1000000.0,1000000.0,93000000.0,1.0,1.0,,,,,,,,,,,,,,,,,
74a98ddff0b1430c48e8cfc83fa56408,1402/12/29,427.0,0.0,-74.0,1000000.0,1000000.0,1000000.0,427000000.0,1.0,1.0,,,,,,,,,,,,,,,,,
74a98ddff0b1430c48e8cfc83fa56408,1403/03/31,60.0,2.0,450.0,1000000.0,1000000.0,1000000.0,60000000.0,1.0,1.0,,,,,,,,,,,,,,,,,
74a98ddff0b1430c48e8cfc83fa56408,1403/06/31,-26.0,-11.0,543.0,1000000.0,1000000.0,1000000.0,-26000000.0,1.0,1.0,,,,,,,,,,,,,,,,,
74a98ddff0b1430c48e8cfc83fa56408,1403/09/30,14.0,93.0,450.0,1000000.0,1000000.0,1000000.0,14000000.0,1.0,1.0,,,,,,,,,,,,,,,,,
74a98ddff0b1430c48e8cfc83fa56408,1403/12/30,304.0,0.0,525.0,1000000.0,1000000.0,1000000.0,304000000.0,1.0,1.0,,,,,,,,,,,,,,,,,
74a98ddff0b1430c48e8cfc83fa56408,1404/03/31,5.0,60.0,384.0,1000000.0,1000000.0,1000000.0,5000000.0,1.0,1.0,,,,,,,,,,,,,,,,,
74a98ddff0b1430c48e8cfc83fa56408,1404/06/31,-50.0,-22.0,241.0,1000000.0,1000000.0,1000000.0,-50000000.0,1.0,1.0,,,,,,,,,,,,,,,,,
74a98ddff0b1430c48e8cfc83fa56408,1404/09/30,25.0,14.0,384.0,1000000.0,1000000.0,1000000.0,25000000.0,1.0,1.0,,,,,,,,,,,,,,,,,
74a98ddff0b1430c48e8cfc83fa56408,1404/12/29,285.0,-9.0,138.0,49050.0,42448.0,42448.0,452000000.0,1.0,1.0,,,,,,,,,,,,,,,,,
74a98ddff0b1430c48e8cfc83fa56408,1405/03/31,116.0,5.0,375.0,1000000.0,1000000.0,1000000.0,116000000.0,102810.0,16144.0,,,,,,,,,,,,,,,,,
7545952cb53929c1c7836fa12c77de87,1399/06/31,0.0,0.0,0.0,80000000.0,0.0,80000000.0,0.0,1.0,1.0,,,,,,,,,,,,,,,,,
7545952cb53929c1c7836fa12c77de87,1399/09/30,0.0,0.0,0.0,80000000.0,0.0,80000000.0,0.0,1.0,1.0,,,,,,,,,,,,,,,,,
7545952cb53929c1c7836fa12c77de87,1399/12/30,0.0,0.0,0.0,80000000.0,78.0,80000000.0,0.0,1.0,1.0,,,,,,,,,,,,,,,,,
7545952cb53929c1c7836fa12c77de87,1400/03/31,2194.0,0.0,0.0,142000000.0,80000000.0,78.0,311548000000.0,1.0,1.0,,,,,,,,,,,,,,,,,
7545952cb53929c1c7836fa12c77de87,1400/06/31,12.0,553.0,-98.0,142000000.0,80000000.0,78.0,1704000000.0,1.0,1.0,,,,,,,,,,,,,,,,,
7545952cb53929c1c7836fa12c77de87,1400/09/30,2.0,53.0,-96.0,1636013456.0,1636013456.0,0.0,3272026912.0,1.0,1.0,,,,,,,,,,,,,,,,,
7545952cb53929c1c7836fa12c77de87,1400/12/29,52.0,0.0,190.0,1636013456.0,0.0,1636013456.0,85072699712.0,1.0,1.0,,,,,,,,,,,,,,,,,
7545952cb53929c1c7836fa12c77de87,1401/03/31,121.0,0.0,0.0,1636013456.0,80000000.0,1945.0,197957628176.0,1.0,1.0,,,,,,,,,,,,,,,,,
7545952cb53929c1c7836fa12c77de87,1401/06/31,1.0,0.0,130.0,1636013456.0,0.0,1636013456.0,1636013456.0,1.0,1.0,,,,,,,,,,,,,,,,,
7545952cb53929c1c7836fa12c77de87,1401/09/30,2.0,2.0,0.0,1636013456.0,1636013456.0,0.0,3272026912.0,1.0,1.0,,,,,,,,,,,,,,,,,
7545952cb53929c1c7836fa12c77de87,1401/12/29,-4.0,0.0,0.0,1636013456.0,1636013456.0,0.0,-6544053824.0,1.0,1.0,,,,,,,,,,,,,,,,,
7545952cb53929c1c7836fa12c77de87,1402/03/31,180.0,0.0,0.0,1636013456.0,1636013456.0,0.0,294482422080.0,1.0,1.0,,,,,,,,,,,,,,,,,
7545952cb53929c1c7836fa12c77de87,1402/06/31,-3.0,0.0,0.0,1636013456.0,1636013456.0,0.0,-4908040368.0,1.0,1.0,,,,,,,,,,,,,,,,,
7545952cb53929c1c7836fa12c77de87,1402/09/30,-8.0,2.0,0.0,1636013456.0,1636013456.0,0.0,-13088107648.0,1.0,1.0,,,,,,,,,,,,,,,,,
7545952cb53929c1c7836fa12c77de87,1402/12/29,-13.0,-4.0,225.0,1636013456.0,1636013456.0,0.0,-21268174928.0,1.0,1.0,,,,,,,,,,,,,,,,,
7545952cb53929c1c7836fa12c77de87,1403/03/31,149.0,0.0,0.0,1636013456.0,1636013456.0,0.0,243766004944.0,1.0,1.0,,,,,,,,,,,,,,,,,
7545952cb53929c1c7836fa12c77de87,1403/06/31,-5.0,-3.0,67.0,1636013456.0,1636013456.0,0.0,-8180067280.0,1.0,1.0,,,,,,,,,,,,,,,,,
7545952cb53929c1c7836fa12c77de87,1403/09/30,-9.0,-8.0,163.0,1636013456.0,1636013456.0,1636013456.0,-14724121104.0,1.0,1.0,,,,,,,,,,,,,,,,,
7545952cb53929c1c7836fa12c77de87,1403/12/30,-14.0,-13.0,163.0,1636013456.0,1636013456.0,1636013456.0,-22904188384.0,1.0,1.0,,,,,,,,,,,,,,,,,
7545952cb53929c1c7836fa12c77de87,1404/03/31,178.0,0.0,163.0,1636013456.0,1636013456.0,1636013456.0,291210395168.0,1.0,1.0,,,,,,,,,,,,,,,,,
7545952cb53929c1c7836fa12c77de87,1404/06/31,-6.0,-5.0,199.0,1636013456.0,1636013456.0,1636013456.0,-9816080736.0,1.0,1.0,,,,,,,,,,,,,,,,,
7545952cb53929c1c7836fa12c77de87,1404/09/30,-13.0,-8.0,199.0,1636013456.0,1636013456.0,1636013456.0,-21268174928.0,1.0,1.0,,,,,,,,,,,,,,,,,
7545952cb53929c1c7836fa12c77de87,1404/12/29,-24.0,-14.0,199.0,1636013456.0,1636013456.0,1636013456.0,-39264322944.0,-2517270.0,-1821114.0,,,,,,,,,,,,,,,,,
7545952cb53929c1c7836fa12c77de87,1405/03/31,783.0,414.0,,1636013456.0,1636013456.0,,1280998536048.0,975371369.0,671552998.0,,3948969388.0,2770114644.0,,-247005818.0,70031371.0,1280270264.0,677132932.0,,810500114.0,625298605.0,,5668119181.0,3530272222.0,3382518679.0,2961114285.0,2285600502.0
76022dd3c77edb744eeef72f3d54483a,1398/06/31,-165.0,7.0,91.0,1385493.0,1385493.0,1385493.0,-228606345.0,1.0,1.0,,,,,,,,,,,,,,,,,
76022dd3c77edb744eeef72f3d54483a,1398/09/30,-309.0,12.0,91.0,1385493.0,1385493.0,1385493.0,-428117337.0,1.0,1.0,,,,,,,,,,,,,,,,,
76022dd3c77edb744eeef72f3d54483a,1398/12/29,-496.0,0.0,-34.0,1385493.0,1385493.0,1385493.0,-687204528.0,1.0,1.0,,,,,,,,,,,,,,,,,
76022dd3c77edb744eeef72f3d54483a,1399/03/31,-40.0,-81.0,-319.0,1385493.0,1385493.0,1385493.0,-55419720.0,1.0,1.0,,,,,,,,,,,,,,,,,
76022dd3c77edb744eeef72f3d54483a,1399/06/31,30.0,-196.0,-445.0,1385493.0,1385493.0,1385493.0,41564790.0,1.0,1.0,,,,,,,,,,,,,,,,,
76022dd3c77edb744eeef72f3d54483a,1399/09/30,77.0,-309.0,-445.0,1385493.0,1385493.0,1385493.0,106682961.0,1.0,1.0,,,,,,,,,,,,,,,,,
76022dd3c77edb744eeef72f3d54483a,1399/12/30,14.0,0.0,-676.0,1385493.0,1385493.0,1385493.0,19396902.0,1.0,1.0,,,,,,,,,,,,,,,,,
76022dd3c77edb744eeef72f3d54483a,1400/03/31,-59.0,-40.0,126.0,1385493.0,1385493.0,1385493.0,-81744087.0,1.0,1.0,,,,,,,,,,,,,,,,,
76022dd3c77edb744eeef72f3d54483a,1400/06/31,114.0,46.0,14.0,1385493.0,1385493.0,1385493.0,157946202.0,1.0,1.0,,,,,,,,,,,,,,,,,
76022dd3c77edb744eeef72f3d54483a,1400/09/30,208.0,77.0,14.0,1385494.0,1385493.0,1385493.0,288182752.0,1.0,1.0,,,,,,,,,,,,,,,,,
76022dd3c77edb744eeef72f3d54483a,1400/12/29,152.0,0.0,-161.0,1385494.0,1385493.0,1385493.0,210595088.0,1.0,1.0,,,,,,,,,,,,,,,,,
76022dd3c77edb744eeef72f3d54483a,1401/03/31,113.0,-59.0,280.0,1385494.0,1385494.0,1385494.0,156560822.0,1.0,1.0,,,,,,,,,,,,,,,,,
76022dd3c77edb744eeef72f3d54483a,1401/06/31,259.0,145.0,-510.0,1385494.0,1385494.0,1385494.0,358842946.0,1.0,1.0,,,,,,,,,,,,,,,,,
76022dd3c77edb744eeef72f3d54483a,1401/09/30,765.0,208.0,-510.0,1385494.0,1385494.0,1385494.0,1059902910.0,1.0,1.0,,,,,,,,,,,,,,,,,
76022dd3c77edb744eeef72f3d54483a,1401/12/29,1857.0,0.0,-786.0,1385494.0,1385494.0,1385494.0,2572862358.0,1.0,1.0,,,,,,,,,,,,,,,,,
76022dd3c77edb744eeef72f3d54483a,1402/03/31,7.0,113.0,1004.0,1385494.0,1385494.0,1385494.0,9698458.0,1.0,1.0,,,,,,,,,,,,,,,,,
76022dd3c77edb744eeef72f3d54483a,1402/06/31,361.0,450.0,1004.0,1385494.0,1385494.0,1385494.0,500163334.0,1.0,1.0,,,,,,,,,,,,,,,,,
76022dd3c77edb744eeef72f3d54483a,1402/09/30,794.0,765.0,1004.0,1385494.0,1385494.0,1385494.0,1100082236.0,1.0,1.0,,,,,,,,,,,,,,,,,
76022dd3c77edb744eeef72f3d54483a,1402/12/29,-207.0,0.0,193.0,13313211.0,1385494.0,13313211.0,-2755834677.0,1.0,1.0,,,,,,,,,,,,,,,,,
76022dd3c77edb744eeef72f3d54483a,1403/03/31,-4.0,7.0,-154.0,13313211.0,1385494.0,13313211.0,-53252844.0,1.0,1.0,,,,,,,,,,,,,,,,,
76022dd3c77edb744eeef72f3d54483a,1403/06/31,-30.0,405.0,-154.0,13313211.0,1385494.0,13313211.0,-399396330.0,1.0,1.0,,,,,,,,,,,,,,,,,
76022dd3c77edb744eeef72f3d54483a,1403/09/30,-45.0,83.0,-154.0,13313211.0,13313211.0,13313211.0,-599094495.0,1.0,1.0,,,,,,,,,,,,,,,,,
76022dd3c77edb744eeef72f3d54483a,1403/12/30,-18.0,0.0,-227.0,13313211.0,13313211.0,13313211.0,-239637798.0,1.0,1.0,,,,,,,,,,,,,,,,,
76022dd3c77edb744eeef72f3d54483a,1404/03/31,15.0,-4.0,88.0,13313211.0,13313211.0,13313211.0,199698165.0,1.0,1.0,,,,,,,,,,,,,,,,,
76022dd3c77edb744eeef72f3d54483a,1404/06/31,54.0,-75.0,88.0,13313211.0,13313211.0,13313211.0,718913394.0,1.0,1.0,,,,,,,,,,,,,,,,,
76022dd3c77edb744eeef72f3d54483a,1404/09/30,87.0,-45.0,88.0,13313211.0,13313211.0,13313211.0,1158249357.0,1.0,1.0,,,,,,,,,,,,,,,,,
76022dd3c77edb744eeef72f3d54483a,1404/12/29,38.0,-39.0,,13313211.0,13313211.0,,505902018.0,1357026.0,1386749.0,,,,,,,,,,,,,,,,,
76022dd3c77edb744eeef72f3d54483a,1405/03/31,34.0,15.0,111.0,13313211.0,13313211.0,13313211.0,452649174.0,695093.0,483618.0,,,,,,,,,,,,,,,,,
77ec0ce2270f5a3e04f8fa6313cf5201,1398/12/29,184.0,44.0,430.0,580000.0,530000.0,530000.0,106720000.0,1.0,1.0,,,,,,,,,,,,,,,,,
77ec0ce2270f5a3e04f8fa6313cf5201,1399/03/31,552.0,208.0,430.0,530000.0,530000.0,530000.0,292560000.0,1.0,1.0,,,,,,,,,,,,,,,,,
77ec0ce2270f5a3e04f8fa6313cf5201,1399/06/31,793.0,430.0,430.0,580000.0,530000.0,530000.0,459940000.0,1.0,1.0,,,,,,,,,,,,,,,,,
77ec0ce2270f5a3e04f8fa6313cf5201,1399/09/30,1223.0,0.0,430.0,580000.0,530000.0,530000.0,709340000.0,1.0,1.0,,,,,,,,,,,,,,,,,
77ec0ce2270f5a3e04f8fa6313cf5201,1399/12/30,300.0,184.0,1223.0,580000.0,580000.0,580000.0,174000000.0,1.0,1.0,,,,,,,,,,,,,,,,,
77ec0ce2270f5a3e04f8fa6313cf5201,1400/03/31,366.0,486.0,1223.0,880000.0,580000.0,580000.0,322080000.0,1.0,1.0,,,,,,,,,,,,,,,,,
77ec0ce2270f5a3e04f8fa6313cf5201,1400/06/31,605.0,793.0,1223.0,880000.0,580000.0,580000.0,532400000.0,1.0,1.0,,,,,,,,,,,,,,,,,
77ec0ce2270f5a3e04f8fa6313cf5201,1400/09/30,753.0,0.0,1223.0,880000.0,580000.0,580000.0,662640000.0,1.0,1.0,,,,,,,,,,,,,,,,,
77ec0ce2270f5a3e04f8fa6313cf5201,1400/12/29,246.0,300.0,753.0,880000.0,580000.0,880000.0,216480000.0,1.0,1.0,,,,,,,,,,,,,,,,,
77ec0ce2270f5a3e04f8fa6313cf5201,1401/03/31,289.0,357.0,753.0,880000.0,880000.0,880000.0,254320000.0,1.0,1.0,,,,,,,,,,,,,,,,,
77ec0ce2270f5a3e04f8fa6313cf5201,1401/06/31,483.0,605.0,753.0,880000.0,880000.0,880000.0,425040000.0,1.0,1.0,,,,,,,,,,,,,,,,,
77ec0ce2270f5a3e04f8fa6313cf5201,1401/09/30,681.0,0.0,753.0,880000.0,880000.0,880000.0,599280000.0,1.0,1.0,,,,,,,,,,,,,,,,,
77ec0ce2270f5a3e04f8fa6313cf5201,1401/12/29,199.0,246.0,681.0,880000.0,880000.0,880000.0,175120000.0,1.0,1.0,,,,,,,,,,,,,,,,,
77ec0ce2270f5a3e04f8fa6313cf5201,1402/03/31,448.0,289.0,681.0,880000.0,880000.0,880000.0,394240000.0,1.0,1.0,,,,,,,,,,,,,,,,,
77ec0ce2270f5a3e04f8fa6313cf5201,1402/06/31,821.0,483.0,681.0,880000.0,880000.0,880000.0,722480000.0,1.0,1.0,,,,,,,,,,,,,,,,,
77ec0ce2270f5a3e04f8fa6313cf5201,1402/09/30,1044.0,0.0,681.0,880000.0,880000.0,880000.0,918720000.0,1.0,1.0,,,,,,,,,,,,,,,,,
77ec0ce2270f5a3e04f8fa6313cf5201,1402/12/29,254.0,199.0,1053.0,880000.0,880000.0,880000.0,223520000.0,1.0,1.0,,,,,,,,,,,,,,,,,
77ec0ce2270f5a3e04f8fa6313cf5201,1403/03/31,145.0,470.0,1053.0,1330000.0,880000.0,880000.0,192850000.0,1.0,1.0,,,,,,,,,,,,,,,,,
77ec0ce2270f5a3e04f8fa6313cf5201,1403/06/31,3.0,821.0,1053.0,1330000.0,880000.0,880000.0,3990000.0,1.0,1.0,,,,,,,,,,,,,,,,,
77ec0ce2270f5a3e04f8fa6313cf5201,1403/09/30,81.0,0.0,1053.0,1780000.0,880000.0,880000.0,144180000.0,1.0,1.0,,,,,,,,,,,,,,,,,
77ec0ce2270f5a3e04f8fa6313cf5201,1403/12/30,10.0,168.0,13.0,1780000.0,1330000.0,1330000.0,17800000.0,1.0,1.0,,,,,,,,,,,,,,,,,
77ec0ce2270f5a3e04f8fa6313cf5201,1404/03/31,20.0,25.0,13.0,1780000.0,1330000.0,1330000.0,35600000.0,1.0,1.0,,,,,,,,,,,,,,,,,
77ec0ce2270f5a3e04f8fa6313cf5201,1404/06/31,73.0,2.0,10.0,1780000.0,1780000.0,1780000.0,129940000.0,1.0,1.0,,,,,,,,,,,,,,,,,
77ec0ce2270f5a3e04f8fa6313cf5201,1404/09/30,171.0,92.0,127.0,530000.0,300000.0,530000.0,129940000.0,1.0,1.0,,,,,,,,,,,,,,,,,
77ec0ce2270f5a3e04f8fa6313cf5201,1404/12/29,18.0,10.0,214.0,1780000.0,1780000.0,1780000.0,32040000.0,-1.0,100.0,,,,,,,,,,,,,,,,,
77ec0ce2270f5a3e04f8fa6313cf5201,1405/03/31,1273.0,-53.0,204.0,1780000.0,1780000.0,1780000.0,2265940000.0,3579509.0,755261.0,2731573.0,6963349.0,2725824.0,8635323.0,-910423.0,-98988.0,2265236.0,-93968.0,363465.0,-275802.0,1159681.0,1718967.0,15465202.0,14922094.0,10723903.0,8703683.0,4741299.0
7951d684c53fd22e89f5777201bf7453,1398/06/31,6181.0,8976.0,7051.0,3000000.0,3000000.0,3000000.0,18543000000.0,1.0,1.0,,,,,,,,,,,,,,,,,
7951d684c53fd22e89f5777201bf7453,1398/09/30,9038.0,7910.0,7051.0,3000000.0,3000000.0,3000000.0,27114000000.0,1.0,1.0,,,,,,,,,,,,,,,,,
7951d684c53fd22e89f5777201bf7453,1398/12/29,10052.0,0.0,7051.0,3000000.0,3000000.0,3000000.0,30156000000.0,1.0,1.0,,,,,,,,,,,,,,,,,
7951d684c53fd22e89f5777201bf7453,1399/03/31,2543.0,2879.0,11377.0,3000000.0,3000000.0,3000000.0,7629000000.0,1.0,1.0,,,,,,,,,,,,,,,,,
7951d684c53fd22e89f5777201bf7453,1399/06/31,14820.0,6166.0,11377.0,3000000.0,3000000.0,3000000.0,44460000000.0,1.0,1.0,,,,,,,,,,,,,,,,,
7951d684c53fd22e89f5777201bf7453,1399/09/30,6102.0,9038.0,11377.0,9000000.0,3000000.0,3000000.0,54918000000.0,1.0,1.0,,,,,,,,,,,,,,,,,
7951d684c53fd22e89f5777201bf7453,1399/12/30,13905.0,0.0,3792.0,9000000.0,3000000.0,9000000.0,125145000000.0,1.0,1.0,,,,,,,,,,,,,,,,,
7951d684c53fd22e89f5777201bf7453,1400/03/31,3166.0,848.0,13058.0,9000000.0,9000000.0,9000000.0,28494000000.0,1.0,1.0,,,,,,,,,,,,,,,,,
7951d684c53fd22e89f5777201bf7453,1400/06/31,8098.0,4714.0,13058.0,9000000.0,9000000.0,9000000.0,72882000000.0,1.0,1.0,,,,,,,,,,,,,,,,,
7951d684c53fd22e89f5777201bf7453,1400/09/30,11094.0,6102.0,13790.0,9000000.0,9000000.0,9000000.0,99846000000.0,1.0,1.0,,,,,,,,,,,,,,,,,
7951d684c53fd22e89f5777201bf7453,1400/12/29,14537.0,0.0,13711.0,9000000.0,9000000.0,9000000.0,130833000000.0,1.0,1.0,,,,,,,,,,,,,,,,,
7951d684c53fd22e89f5777201bf7453,1401/03/31,3815.0,3166.0,14616.0,9000000.0,9000000.0,9000000.0,34335000000.0,1.0,1.0,,,,,,,,,,,,,,,,,
7951d684c53fd22e89f5777201bf7453,1401/06/31,8350.0,8055.0,14616.0,9000000.0,9000000.0,9000000.0,75150000000.0,1.0,1.0,,,,,,,,,,,,,,,,,
7951d684c53fd22e89f5777201bf7453,1401/09/30,8931.0,11094.0,14616.0,9000000.0,9000000.0,9000000.0,80379000000.0,1.0,1.0,,,,,,,,,,,,,,,,,
7951d684c53fd22e89f5777201bf7453,1401/12/29,12625.0,0.0,14537.0,9000000.0,9000000.0,9000000.0,113625000000.0,1.0,1.0,,,,,,,,,,,,,,,,,
7951d684c53fd22e89f5777201bf7453,1402/03/31,3378.0,3815.0,13144.0,9000000.0,9000000.0,9000000.0,30402000000.0,1.0,1.0,,,,,,,,,,,,,,,,,
7951d684c53fd22e89f5777201bf7453,1402/06/31,9823.0,8046.0,13143.0,9000000.0,9000000.0,9000000.0,88407000000.0,1.0,1.0,,,,,,,,,,,,,,,,,
7951d684c53fd22e89f5777201bf7453,1402/09/30,15761.0,8932.0,13144.0,9000000.0,9000000.0,9000000.0,141849000000.0,1.0,1.0,,,,,,,,,,,,,,,,,
7951d684c53fd22e89f5777201bf7453,1402/12/29,24805.0,0.0,13061.0,9000000.0,9000000.0,9000000.0,223245000000.0,1.0,1.0,,,,,,,,,,,,,,,,,
7951d684c53fd22e89f5777201bf7453,1403/03/31,7021.0,3378.0,24533.0,9000000.0,9000000.0,9000000.0,63189000000.0,1.0,1.0,,,,,,,,,,,,,,,,,
7951d684c53fd22e89f5777201bf7453,1403/06/31,14943.0,9881.0,24533.0,9000000.0,9000000.0,9000000.0,134487000000.0,1.0,1.0,,,,,,,,,,,,,,,,,
7951d684c53fd22e89f5777201bf7453,1403/09/30,20210.0,15761.0,24533.0,9000000.0,9000000.0,9000000.0,181890000000.0,1.0,1.0,,,,,,,,,,,,,,,,,
7951d684c53fd22e89f5777201bf7453,1403/12/30,4246.0,0.0,24542.0,60000000.0,9000000.0,9000000.0,254760000000.0,1.0,1.0,,,,,,,,,,,,,,,,,
7951d684c53fd22e89f5777201bf7453,1404/03/31,1409.0,7021.0,26866.0,60000000.0,9000000.0,9000000.0,84540000000.0,1.0,1.0,,,,,,,,,,,,,,,,,
7951d684c53fd22e89f5777201bf7453,1404/06/31,2588.0,2030.0,4030.0,60000000.0,60000000.0,60000000.0,155280000000.0,1.0,1.0,,,,,,,,,,,,,,,,,
7951d684c53fd22e89f5777201bf7453,1404/09/30,3787.0,3032.0,4030.0,60000000.0,60000000.0,60000000.0,227220000000.0,1.0,1.0,,,,,,,,,,,,,,,,,
7951d684c53fd22e89f5777201bf7453,1404/12/29,5615.0,0.0,4246.0,60000000.0,60000000.0,60000000.0,336900000000.0,5709.0,-94.0,,,,,,,,,,,,,,,,,
7951d684c53fd22e89f5777201bf7453,1405/03/31,1811.0,1409.0,5589.0,60000000.0,60000000.0,60000000.0,108660000000.0,148279988.0,106530661.0,463458155.0,444404031.0,539791175.0,2505247131.0,-13031798.0,3706284.0,108677184.0,84554077.0,335328544.0,39935331.0,-547749.0,78357852.0,1493683414.0,1059140924.0,947284408.0,926531804.0,546399006.0
799566aa607bcd4a8ce4fed470c7d2b0,1398/02/31,0.0,0.0,0.0,5133432.0,4261365.0,20.0,0.0,1.0,1.0,,,,,,,,,,,,,,,,,
799566aa607bcd4a8ce4fed470c7d2b0,1398/05/31,0.0,0.0,0.0,5573523.0,4261365.0,31.0,0.0,1.0,1.0,,,,,,,,,,,,,,,,,
799566aa607bcd4a8ce4fed470c7d2b0,1398/08/30,0.0,0.0,0.0,6946409.0,4349930.0,60.0,0.0,1.0,1.0,,,,,,,,,,,,,,,,,
799566aa607bcd4a8ce4fed470c7d2b0,1398/11/30,114.0,125.0,636.0,2355596.0,2355596.0,2355596.0,268537944.0,1.0,1.0,,,,,,,,,,,,,,,,,
799566aa607bcd4a8ce4fed470c7d2b0,1399/02/31,176.0,313.0,632.0,2355596.0,2355596.0,2355596.0,414584896.0,1.0,1.0,,,,,,,,,,,,,,,,,
799566aa607bcd4a8ce4fed470c7d2b0,1399/05/31,79.0,118.0,160.0,9358065.0,9358065.0,9358065.0,739287135.0,1.0,1.0,,,,,,,,,,,,,,,,,
799566aa607bcd4a8ce4fed470c7d2b0,1399/08/30,122.0,0.0,159.0,9358065.0,2355596.0,9358065.0,1141683930.0,1.0,1.0,,,,,,,,,,,,,,,,,
799566aa607bcd4a8ce4fed470c7d2b0,1399/11/30,62.0,29.0,128.0,9358065.0,9358065.0,9358065.0,580200030.0,1.0,1.0,,,,,,,,,,,,,,,,,
799566aa607bcd4a8ce4fed470c7d2b0,1400/02/31,106.0,44.0,122.0,9358065.0,9358065.0,9358065.0,991954890.0,1.0,1.0,,,,,,,,,,,,,,,,,
799566aa607bcd4a8ce4fed470c7d2b0,1400/05/31,198.0,79.0,128.0,9358065.0,9358065.0,9358065.0,1852896870.0,1.0,1.0,,,,,,,,,,,,,,,,,
799566aa607bcd4a8ce4fed470c7d2b0,1400/08/30,278.0,0.0,122.0,9358065.0,9358065.0,9358065.0,2601542070.0,1.0,1.0,,,,,,,,,,,,,,,,,
799566aa607bcd4a8ce4fed470c7d2b0,1400/11/30,87.0,62.0,269.0,9358065.0,9358065.0,9358065.0,814151655.0,1.0,1.0,,,,,,,,,,,,,,,,,
799566aa607bcd4a8ce4fed470c7d2b0,1401/02/31,186.0,135.0,278.0,9358065.0,9358065.0,9358065.0,1740600090.0,1.0,1.0,,,,,,,,,,,,,,,,,
799566aa607bcd4a8ce4fed470c7d2b0,1401/05/31,257.0,204.0,269.0,9358065.0,9358065.0,9358065.0,2405022705.0,1.0,1.0,,,,,,,,,,,,,,,,,
799566aa607bcd4a8ce4fed470c7d2b0,1401/08/30,350.0,0.0,278.0,9358065.0,9358065.0,9358065.0,3275322750.0,1.0,1.0,,,,,,,,,,,,,,,,,
799566aa607bcd4a8ce4fed470c7d2b0,1401/11/30,93.0,85.0,297.0,9358065.0,9358065.0,9358065.0,870300045.0,1.0,1.0,,,,,,,,,,,,,,,,,
799566aa607bcd4a8ce4fed470c7d2b0,1402/02/31,146.0,186.0,350.0,9358065.0,9358065.0,9358065.0,1366277490.0,1.0,1.0,,,,,,,,,,,,,,,,,
799566aa607bcd4a8ce4fed470c7d2b0,1402/05/31,176.0,257.0,297.0,9358065.0,9358065.0,9358065.0,1647019440.0,1.0,1.0,,,,,,,,,,,,,,,,,
799566aa607bcd4a8ce4fed470c7d2b0,1402/08/30,112.0,0.0,350.0,9358065.0,9358065.0,9358065.0,1048103280.0,1.0,1.0,,,,,,,,,,,,,,,,,
799566aa607bcd4a8ce4fed470c7d2b0,1402/11/30,45.0,93.0,90.0,9358065.0,9358065.0,9358065.0,421112925.0,1.0,1.0,,,,,,,,,,,,,,,,,
799566aa607bcd4a8ce4fed470c7d2b0,1403/02/31,-130.0,147.0,112.0,9358065.0,9358065.0,9358065.0,-1216548450.0,1.0,1.0,,,,,,,,,,,,,,,,,
799566aa607bcd4a8ce4fed470c7d2b0,1403/05/31,-163.0,176.0,91.0,9358065.0,9358065.0,9358065.0,-1525364595.0,1.0,1.0,,,,,,,,,,,,,,,,,
799566aa607bcd4a8ce4fed470c7d2b0,1403/08/30,-304.0,0.0,112.0,9358065.0,9358065.0,9358065.0,-2844851760.0,1.0,1.0,,,,,,,,,,,,,,,,,
799566aa607bcd4a8ce4fed470c7d2b0,1403/11/30,1.0,45.0,-267.0,9358065.0,9358065.0,9358065.0,9358065.0,1.0,1.0,,,,,,,,,,,,,,,,,
799566aa607bcd4a8ce4fed470c7d2b0,1404/02/31,105.0,-132.0,-304.0,9358065.0,9358065.0,9358065.0,982596825.0,1.0,1.0,,,,,,,,,,,,,,,,,
799566aa607bcd4a8ce4fed470c7d2b0,1404/05/31,137.0,-163.0,-267.0,12000000.0,9358065.0,9358065.0,1644000000.0,1.0,1.0,,,,,,,,,,,,,,,,,
799566aa607bcd4a8ce4fed470c7d2b0,1404/08/30,-51.0,0.0,-304.0,12000000.0,9358065.0,9358065.0,-612000000.0,-1.0,100.0,,,,,,,,,,,,,,,,,
799566aa607bcd4a8ce4fed470c7d2b0,1404/11/30,-87.0,0.0,33.0,12000000.0,9358065000.0,12000000.0,-1044000000.0,-1.0,100.0,,,,,,,,,,,,,,,,,
799566aa607bcd4a8ce4fed470c7d2b0,1405/02/31,-262.0,82.0,-51.0,12000000.0,12000000.0,12000000.0,-3144000000.0,-2549202.0,-866175.0,,,,,,,,,,,,,,,,,
799566aa607bcd4a8ce4fed470c7d2b0,1405/05/31,-79.0,137.0,33.0,12000000.0,12000000.0,12000000.0,-948000000.0,-284237.0,-541119.0,-1466007.0,14795243.0,10755482.0,15393400.0,-516732.0,-141317.0,-942286.0,1646412.0,395179.0,678204.0,0.0,-50002.0,31096396.0,18456603.0,25945773.0,24551032.0,5150623.0
79c05aa1cc2e5430ef253e0d28ef62af,1398/03/31,149.0,227.0,-34.0,200000.0,200000.0,0.0,29800000.0,-1.0,100.0,,,,,,,,,,,,,,,,,
79c05aa1cc2e5430ef253e0d28ef62af,1398/09/30,120.0,85.0,359.0,200000.0,200000.0,200000.0,24000000.0,-1.0,100.0,,,,,,,,,,,,,,,,,
79c05aa1cc2e5430ef253e0d28ef62af,1398/12/29,187.0,240.0,359.0,200000.0,200000.0,200000.0,37400000.0,-1.0,100.0,,,,,,,,,,,,,,,,,
79c05aa1cc2e5430ef253e0d28ef62af,1399/03/31,-58.0,149.0,324.0,200000.0,200000.0,200000.0,-11600000.0,-1.0,100.0,,,,,,,,,,,,,,,,,
79c05aa1cc2e5430ef253e0d28ef62af,1399/06/31,85.0,0.0,324.0,200000.0,200000.0,200000.0,17000000.0,-1.0,100.0,,,,,,,,,,,,,,,,,
79c05aa1cc2e5430ef253e0d28ef62af,1399/09/30,69.0,120.0,85.0,200000.0,200000.0,200000.0,13800000.0,-1.0,100.0,,,,,,,,,,,,,,,,,
79c05aa1cc2e5430ef253e0d28ef62af,1399/12/30,-5.0,208.0,85.0,2460093.0,200000.0,200000.0,-12300465.0,-1.0,100.0,,,,,,,,,,,,,,,,,
79c05aa1cc2e5430ef253e0d28ef62af,1400/03/31,-28.0,-58.0,85.0,2460093.0,200000.0,200000.0,-68882604.0,-1.0,100.0,,,,,,,,,,,,,,,,,
79c05aa1cc2e5430ef253e0d28ef62af,1400/06/31,4.0,0.0,85.0,2460093.0,200000.0,200000.0,9840372.0,-1.0,100.0,,,,,,,,,,,,,,,,,
79c05aa1cc2e5430ef253e0d28ef62af,1400/09/30,9.0,6.0,5.0,2460093.0,2460093.0,2460093.0,22140837.0,-1.0,100.0,,,,,,,,,,,,,,,,,
79c05aa1cc2e5430ef253e0d28ef62af,1400/12/29,-79.0,-5.0,5.0,2460093.0,2460093.0,2460093.0,-194347347.0,-1.0,100.0,,,,,,,,,,,,,,,,,
79c05aa1cc2e5430ef253e0d28ef62af,1401/03/31,-137.0,-28.0,5.0,2460093.0,2460093.0,2460093.0,-337032741.0,-1.0,100.0,,,,,,,,,,,,,,,,,
79c05aa1cc2e5430ef253e0d28ef62af,1401/06/31,-263.0,0.0,5.0,2460093.0,2460093.0,2460093.0,-647004459.0,-1.0,100.0,,,,,,,,,,,,,,,,,
79c05aa1cc2e5430ef253e0d28ef62af,1401/09/30,30.0,9.0,-268.0,2460093.0,2460093.0,2460093.0,73802790.0,-1.0,100.0,,,,,,,,,,,,,,,,,
79c05aa1cc2e5430ef253e0d28ef62af,1401/12/29,6.0,-80.0,-268.0,2432093.0,2460093.0,2460093.0,14592558.0,-1.0,100.0,,,,,,,,,,,,,,,,,
79c05aa1cc2e5430ef253e0d28ef62af,1402/03/31,-24.0,-137.0,-268.0,2460093.0,2460093.0,2460093.0,-59042232.0,-1.0,100.0,,,,,,,,,,,,,,,,,
79c05aa1cc2e5430ef253e0d28ef62af,1402/06/31,5.0,0.0,-268.0,2460093.0,2460093.0,2460093.0,12300465.0,-1.0,100.0,,,,,,,,,,,,,,,,,
79c05aa1cc2e5430ef253e0d28ef62af,1402/09/30,44.0,30.0,5.0,2460093.0,2460093.0,2460093.0,108244092.0,-1.0,100.0,,,,,,,,,,,,,,,,,
79c05aa1cc2e5430ef253e0d28ef62af,1402/12/29,12.0,6.0,5.0,2460093.0,2460093.0,2460093.0,29521116.0,-1.0,100.0,,,,,,,,,,,,,,,,,
79c05aa1cc2e5430ef253e0d28ef62af,1403/03/31,-13.0,-24.0,5.0,2460093.0,2460093.0,2460093.0,-31981209.0,-1.0,100.0,,,,,,,,,,,,,,,,,
79c05aa1cc2e5430ef253e0d28ef62af,1403/06/31,-96.0,0.0,5.0,2460093.0,2460093.0,2460093.0,-236168928.0,-1.0,100.0,,,,,,,,,,,,,,,,,
79c05aa1cc2e5430ef253e0d28ef62af,1403/09/30,35.0,44.0,-91.0,2460093.0,2460093.0,2460093.0,86103255.0,-1.0,100.0,,,,,,,,,,,,,,,,,
79c05aa1cc2e5430ef253e0d28ef62af,1403/12/30,61.0,1.0,-91.0,2460093.0,2460093.0,2460093.0,150065673.0,-1.0,100.0,,,,,,,,,,,,,,,,,
79c05aa1cc2e5430ef253e0d28ef62af,1404/03/31,2.0,-13.0,-91.0,2460093.0,2460093.0,2460093.0,4920186.0,-1.0,100.0,,,,,,,,,,,,,,,,,
79c05aa1cc2e5430ef253e0d28ef62af,1404/06/31,-105.0,0.0,-91.0,2460093.0,2460093.0,2460093.0,-258309765.0,-1.0,100.0,,,,,,,,,,,,,,,,,
79c05aa1cc2e5430ef253e0d28ef62af,1404/09/30,260.0,35.0,-105.0,2460093.0,2460093.0,2460093.0,639624180.0,-1.0,100.0,,,,,,,,,,,,,,,,,
79c05aa1cc2e5430ef253e0d28ef62af,1404/12/29,305.0,79.0,-139.0,2460093.0,2460093.0,2460093.0,750328365.0,-1.0,100.0,,,,,,,,,,,,,,,,,
79f7b5d9782896e63356e2feba1a41c2,1398/09/30,65.0,83.0,77.0,641697.0,641697.0,641697.0,41710305.0,1.0,1.0,,,,,,,,,,,,,,,,,
79f7b5d9782896e63356e2feba1a41c2,1398/12/29,143.0,0.0,77.0,641697.0,641697.0,641697.0,91762671.0,1.0,1.0,,,,,,,,,,,,,,,,,
79f7b5d9782896e63356e2feba1a41c2,1399/03/31,10.0,6.0,142.0,641697.0,641697.0,641697.0,6416970.0,1.0,1.0,,,,,,,,,,,,,,,,,
79f7b5d9782896e63356e2feba1a41c2,1399/06/31,82.0,17.0,142.0,641697.0,641697.0,641697.0,52619154.0,1.0,1.0,,,,,,,,,,,,,,,,,
79f7b5d9782896e63356e2feba1a41c2,1399/09/30,159.0,65.0,142.0,641697.0,641697.0,641697.0,102029823.0,1.0,1.0,,,,,,,,,,,,,,,,,
79f7b5d9782896e63356e2feba1a41c2,1399/12/30,341.0,0.0,142.0,641697.0,641697.0,641697.0,218818677.0,1.0,1.0,,,,,,,,,,,,,,,,,
79f7b5d9782896e63356e2feba1a41c2,1400/03/31,49.0,10.0,307.0,641697.0,641697.0,641697.0,31443153.0,1.0,1.0,,,,,,,,,,,,,,,,,
79f7b5d9782896e63356e2feba1a41c2,1400/06/31,125.0,76.0,307.0,641697.0,641697.0,641697.0,80212125.0,1.0,1.0,,,,,,,,,,,,,,,,,
79f7b5d9782896e63356e2feba1a41c2,1400/09/30,473.0,159.0,307.0,641697.0,641697.0,641697.0,303522681.0,1.0,1.0,,,,,,,,,,,,,,,,,
79f7b5d9782896e63356e2feba1a41c2,1400/12/29,436.0,0.0,307.0,641697.0,641697.0,641697.0,279779892.0,1.0,1.0,,,,,,,,,,,,,,,,,
79f7b5d9782896e63356e2feba1a41c2,1401/03/31,65.0,49.0,402.0,641697.0,641697.0,641697.0,41710305.0,1.0,1.0,,,,,,,,,,,,,,,,,
79f7b5d9782896e63356e2feba1a41c2,1401/06/31,248.0,159.0,402.0,641697.0,641697.0,641697.0,159140856.0,1.0,1.0,,,,,,,,,,,,,,,,,
79f7b5d9782896e63356e2feba1a41c2,1401/09/30,293.0,473.0,402.0,641697.0,641697.0,641697.0,188017221.0,1.0,1.0,,,,,,,,,,,,,,,,,
79f7b5d9782896e63356e2feba1a41c2,1401/12/29,322.0,0.0,402.0,641697.0,641697.0,641697.0,206626434.0,1.0,1.0,,,,,,,,,,,,,,,,,
79f7b5d9782896e63356e2feba1a41c2,1402/03/31,450.0,65.0,258.0,641697.0,641697.0,641697.0,288763650.0,1.0,1.0,,,,,,,,,,,,,,,,,
79f7b5d9782896e63356e2feba1a41c2,1402/06/31,743.0,221.0,258.0,641697.0,641697.0,641697.0,476780871.0,1.0,1.0,,,,,,,,,,,,,,,,,
79f7b5d9782896e63356e2feba1a41c2,1402/09/30,1121.0,293.0,258.0,641697.0,641697.0,641697.0,719342337.0,1.0,1.0,,,,,,,,,,,,,,,,,
79f7b5d9782896e63356e2feba1a41c2,1402/12/29,1445.0,0.0,258.0,641697.0,641697.0,641697.0,927252165.0,1.0,1.0,,,,,,,,,,,,,,,,,
79f7b5d9782896e63356e2feba1a41c2,1403/03/31,125.0,466.0,1135.0,640697.0,641697.0,641697.0,80087125.0,1.0,1.0,,,,,,,,,,,,,,,,,
79f7b5d9782896e63356e2feba1a41c2,1403/06/31,-21.0,792.0,1135.0,640697.0,641697.0,641697.0,-13454637.0,1.0,1.0,,,,,,,,,,,,,,,,,
79f7b5d9782896e63356e2feba1a41c2,1403/09/30,-625.0,1121.0,1135.0,640697.0,641697.0,641697.0,-400435625.0,1.0,1.0,,,,,,,,,,,,,,,,,
79f7b5d9782896e63356e2feba1a41c2,1403/12/30,-3091.0,0.0,1135.0,641697.0,641697.0,641697.0,-1983485427.0,1.0,1.0,,,,,,,,,,,,,,,,,
79f7b5d9782896e63356e2feba1a41c2,1404/03/31,944.0,125.0,-3219.0,641697.0,640697.0,640697.0,605761968.0,1.0,1.0,,,,,,,,,,,,,,,,,
79f7b5d9782896e63356e2feba1a41c2,1404/06/31,1527.0,-474.0,-3219.0,641697.0,640697.0,640697.0,979871319.0,1.0,1.0,,,,,,,,,,,,,,,,,
79f7b5d9782896e63356e2feba1a41c2,1404/09/30,17.0,93.0,77.0,641697.0,641697.0,641697.0,774602673.0,1.0,1.0,,,,,,,,,,,,,,,,,
79f7b5d9782896e63356e2feba1a41c2,1404/12/29,-1083.0,0.0,-3219.0,641697.0,640697.0,640697.0,-694957851.0,-1.0,100.0,,,,,,,,,,,,,,,,,
79f7b5d9782896e63356e2feba1a41c2,1405/03/31,-421.0,944.0,-1653.0,641697.0,641697.0,641697.0,-270154437.0,-300240.0,584341.0,,,,,-2348.0,32192.0,,,,,,,,,,,
7a54ec15d779b9ac2ed7963ef98f7d2e,1398/09/30,47.0,90.0,166.0,675000.0,675000.0,675000.0,31725000.0,1.0,1.0,249788.0,779106.0,756889.0,1142391.0,-123003.0,43.0,31889.0,60661.0,111861.0,108032.0,247676.0,181818.0,2765039.0,1996838.0,1748324.0,1707020.0,1016715.0
7a54ec15d779b9ac2ed7963ef98f7d2e,1398/12/29,2183.0,0.0,249.0,675000.0,0.0,450000.0,1473525000.0,1.0,1.0,,1193080.0,1142391.0,,-165845.0,40068.0,1473665.0,111861.0,,260256.0,181818.0,,3380116.0,2348267.0,949599.0,908804.0,2430517.0
7a54ec15d779b9ac2ed7963ef98f7d2e,1399/03/31,19.0,29.0,1949.0,675000.0,675000.0,675000.0,12825000.0,1.0,1.0,93482.0,232053.0,203315.0,1193080.0,-14304.0,0.0,13094.0,19852.0,1315860.0,85499.0,-97369.0,-1111062.0,4884774.0,4036084.0,2632617.0,2589559.0,2252157.0
7a54ec15d779b9ac2ed7963ef98f7d2e,1399/06/31,0.0,0.0,0.0,0.0,0.0,0.0,0.0,1.0,1.0,93482.0,608593.0,498971.0,1193080.0,-58832.0,0.0,1792464.0,38156.0,1315860.0,-2838454.0,-3434.0,-1111062.0,4787988.0,3918096.0,1161461.0,1118496.0,3626527.0
7a54ec15d779b9ac2ed7963ef98f7d2e,1399/09/30,2845.0,47.0,1949.0,675000.0,675000.0,675000.0,1920375000.0,1.0,1.0,93482.0,1293991.0,779106.0,1193080.0,-100509.0,0.0,1920214.0,31889.0,1315860.0,-2632860.0,108032.0,-1111062.0,5070154.0,4187430.0,1305014.0,1257861.0,3765140.0
7a54ec15d779b9ac2ed7963ef98f7d2e,1399/12/30,2970.0,0.0,1949.0,675000.0,0.0,675000.0,2004750000.0,1.0,1.0,,1761750.0,1193080.0,,-113773.0,59.0,2004425.0,1315860.0,,-1722477.0,-1111045.0,,4553129.0,3633583.0,714641.0,660853.0,3838488.0
7a54ec15d779b9ac2ed7963ef98f7d2e,1400/03/31,23.0,19.0,2979.0,675000.0,675000.0,675000.0,15525000.0,1.0,1.0,406440.0,385533.0,232053.0,1761750.0,-3209.0,0.0,15228.0,13094.0,2010591.0,-386185.0,85499.0,-1722477.0,4799160.0,3880772.0,1951778.0,1894120.0,2847382.0
7a54ec15d779b9ac2ed7963ef98f7d2e,1400/06/31,145.0,2656.0,2979.0,675000.0,675000.0,675000.0,97875000.0,1.0,1.0,406440.0,1025725.0,608593.0,1761750.0,-39737.0,0.0,97845.0,1792464.0,2010591.0,438886.0,-2838454.0,-1722477.0,4988977.0,4054800.0,2058978.0,1997384.0,2929999.0
7a54ec15d779b9ac2ed7963ef98f7d2e,1400/09/30,31.0,2845.0,2979.0,6735150.0,675000.0,675000.0,208789650.0,1.0,1.0,406440.0,1756622.0,1293991.0,1761750.0,-77606.0,15.0,208205.0,1920214.0,2010591.0,-1236849.0,-2813089.0,-1722477.0,12287538.0,5283165.0,3186989.0,3119872.0,9100549.0
7a54ec15d779b9ac2ed7963ef98f7d2e,1400/12/29,30.0,0.0,2979.0,6735150.0,0.0,675000.0,202054500.0,1.0,1.0,,2418846.0,1761750.0,,-151518.0,1434.0,202654.0,2010591.0,,664425.0,-1722477.0,,11745607.0,3784322.0,2650609.0,2576084.0,9094998.0
7a54ec15d779b9ac2ed7963ef98f7d2e,1401/03/31,155.0,23.0,29.0,6735150.0,675000.0,6735150.0,1043948250.0,1.0,1.0,302646.0,1001239.0,385533.0,2418846.0,-74865.0,1004912.0,1047286.0,15228.0,194474.0,-184904.0,-386185.0,249734.0,13110901.0,5172984.0,3044148.0,2951037.0,10066753.0
7a54ec15d779b9ac2ed7963ef98f7d2e,1401/06/31,204.0,137.0,29.0,6735150.0,675000.0,6735150.0,1373970600.0,1.0,1.0,302646.0,2587613.0,1025724.0,2418846.0,-149184.0,1004911.0,1373842.0,92572.0,194474.0,-7696.0,427615.0,249734.0,14062917.0,6121586.0,3669609.0,3553403.0,10393308.0
7a54ec15d779b9ac2ed7963ef98f7d2e,1401/09/30,253.0,21.0,29.0,6735150.0,6735150.0,6735150.0,1703992950.0,1.0,1.0,302646.0,5149253.0,1756622.0,2418846.0,-291208.0,1026688.0,1704776.0,142067.0,194474.0,-299813.0,-1236849.0,249734.0,15179280.0,7242758.0,4455038.0,4318747.0,10724242.0
7a54ec15d779b9ac2ed7963ef98f7d2e,1401/12/29,290.0,0.0,29.0,6735150.0,6735150.0,6735150.0,1953193500.0,1.0,1.0,,7548639.0,2418846.0,,-406484.0,1036543.0,1954252.0,194474.0,,-55889.0,249734.0,,15492990.0,7373370.0,4519272.0,4349876.0,10973718.0
7a54ec15d779b9ac2ed7963ef98f7d2e,1402/03/31,54.0,6.0,290.0,6735150.0,6735150.0,6735150.0,363698100.0,1.0,1.0,1507410.0,2984753.0,1001239.0,7575889.0,-139462.0,11033.0,364298.0,38354.0,1955523.0,260600.0,-184904.0,-245140.0,16979620.0,8838431.0,5640333.0,5458535.0,11339287.0
7a54ec15d779b9ac2ed7963ef98f7d2e,1402/06/31,117.0,30.0,290.0,6735150.0,6735150.0,6735150.0,788012550.0,1.0,1.0,1507410.0,6100683.0,2119895.0,7575889.0,-303859.0,24730.0,785779.0,201018.0,1955523.0,-29406.0,-94598.0,-245140.0,18687397.0,10501146.0,7734847.0,7513868.0,10952550.0
7a54ec15d779b9ac2ed7963ef98f7d2e,1402/09/30,144.0,253.0,290.0,6735150.0,6735150.0,6735150.0,969861600.0,1.0,1.0,1507410.0,8749948.0,5149253.0,7575889.0,-456025.0,57275.0,972530.0,1704776.0,1955523.0,-29516.0,-299813.0,-245140.0,19424667.0,11247438.0,8285367.0,8034315.0,11139300.0
7a54ec15d779b9ac2ed7963ef98f7d2e,1402/12/29,138.0,0.0,290.0,6735150.0,6735150.0,6735150.0,929450700.0,1.0,1.0,,9878977.0,7575889.0,,-470226.0,88573.0,931223.0,1955523.0,,651789.0,-245140.0,,17696355.0,9488580.0,6598361.0,6320933.0,11097994.0
7a54ec15d779b9ac2ed7963ef98f7d2e,1403/03/31,18.0,54.0,124.0,6735150.0,6735150.0,6735150.0,121232700.0,1.0,1.0,1422395.0,2018655.0,2984753.0,9836043.0,-121594.0,1040.0,124033.0,364298.0,832814.0,44884.0,260600.0,592809.0,18630431.0,10462859.0,7506813.0,7181514.0,11123618.0
7a54ec15d779b9ac2ed7963ef98f7d2e,1403/06/31,7.0,118.0,124.0,6735150.0,6735150.0,6735150.0,47146050.0,1.0,1.0,1422395.0,4237737.0,6100683.0,9836043.0,-290493.0,173654.0,50011.0,793499.0,832814.0,-125700.0,58788.0,592809.0,19228931.0,11084831.0,8684471.0,8343727.0,10544460.0
7a54ec15d779b9ac2ed7963ef98f7d2e,1403/09/30,75.0,144.0,124.0,6735150.0,6735150.0,6735150.0,505136250.0,1.0,1.0,1422395.0,7585882.0,8749281.0,9836043.0,-469676.0,180858.0,508117.0,971863.0,832814.0,-597339.0,-29516.0,592809.0,20491309.0,12364713.0,9488743.0,9117683.0,11002566.0
7a54ec15d779b9ac2ed7963ef98f7d2e,1403/12/30,124.0,0.0,124.0,6735150.0,6735150.0,6735150.0,835158600.0,1.0,1.0,,11604882.0,9836043.0,,-754700.0,226572.0,833811.0,832814.0,,2644943.0,592809.0,,23354679.0,15215560.0,12026419.0,11631559.0,11328260.0
7a54ec15d779b9ac2ed7963ef98f7d2e,1404/03/31,110.0,18.0,127.0,6735150.0,6735150.0,6735150.0,740866500.0,1.0,1.0,1574836.0,4809439.0,2018655.0,11604882.0,-265000.0,15316.0,742767.0,124033.0,852012.0,-78407.0,44884.0,-314065.0,25721875.0,17577714.0,13632647.0,13200307.0,12089228.0
7a54ec15d779b9ac2ed7963ef98f7d2e,1404/06/31,496.0,7.0,127.0,6735150.0,6735150.0,6735150.0,3340634400.0,1.0,1.0,1574836.0,10297042.0,4237737.0,11604882.0,-610000.0,1854216.0,3338886.0,49817.0,852012.0,-2887557.0,-131976.0,-314065.0,32304427.0,25739649.0,18386889.0,17961135.0,13917538.0
7a54ec15d779b9ac2ed7963ef98f7d2e,1404/09/30,68.0,117.0,249.0,675000.0,450000.0,450000.0,5468941800.0,1.0,1.0,1574836.0,18328600.0,7585882.0,11604882.0,-1010726.0,1921439.0,5468808.0,508193.0,852012.0,-202899.0,-597339.0,-314065.0,34407119.0,27637458.0,18359659.0,17870828.0,16047460.0
7a54ec15d779b9ac2ed7963ef98f7d2e,1404/12/29,623.0,0.0,127.0,10235150.0,0.0,6735150.0,6376498450.0,-1.0,100.0,,23467868.0,11604882.0,,-1695465.0,1960215.0,6373576.0,852012.0,,-5250459.0,-314065.0,,32946982.0,26098524.0,15994754.0,15464861.0,16952228.0
7a54ec15d779b9ac2ed7963ef98f7d2e,1405/03/31,549.0,110.0,632.0,10235150.0,6735150.0,10235150.0,5619097350.0,7485971.0,1151552.0,7223598.0,12756358.0,4809439.0,23467869.0,-636396.0,2075.0,5622424.0,742767.0,6473647.0,-2311684.0,-78407.0,-4928500.0,54404546.0,46981870.0,31729823.0,28886396.0,22674723.0
7bb1956b5377b9485a7db8de8b55a434,1398/06/31,3993.0,1397.0,4708.0,210000.0,210000.0,210000.0,838530000.0,1.0,1.0,,,,,,,,,,,,,,,,,
7bb1956b5377b9485a7db8de8b55a434,1398/09/30,2842.0,3022.0,4716.0,420000.0,210000.0,210000.0,1193640000.0,1.0,1.0,,,,,,,,,,,,,,,,,
7bb1956b5377b9485a7db8de8b55a434,1398/12/29,4307.0,0.0,4716.0,418950.0,210000.0,210000.0,1804417650.0,1.0,1.0,,,,,,,,,,,,,,,,,
7bb1956b5377b9485a7db8de8b55a434,1399/03/31,1323.0,966.0,4296.0,420000.0,420000.0,420000.0,555660000.0,1.0,1.0,,,,,,,,,,,,,,,,,
7bb1956b5377b9485a7db8de8b55a434,1399/06/31,1373.0,2087.0,4296.0,840000.0,420000.0,420000.0,1153320000.0,1.0,1.0,,,,,,,,,,,,,,,,,
7bb1956b5377b9485a7db8de8b55a434,1399/09/30,2117.0,2842.0,4296.0,840000.0,420000.0,420000.0,1778280000.0,1.0,1.0,,,,,,,,,,,,,,,,,
7bb1956b5377b9485a7db8de8b55a434,1399/12/30,5717.0,0.0,4296.0,420000.0,420000.0,420000.0,2401140000.0,1.0,1.0,,,,,,,,,,,,,,,,,
7bb1956b5377b9485a7db8de8b55a434,1400/03/31,1069.0,1323.0,5750.0,840000.0,420000.0,417559.0,897960000.0,1.0,1.0,,,,,,,,,,,,,,,,,
7bb1956b5377b9485a7db8de8b55a434,1400/06/31,1906.0,2738.0,5717.0,840000.0,420000.0,420000.0,1601040000.0,1.0,1.0,,,,,,,,,,,,,,,,,
7bb1956b5377b9485a7db8de8b55a434,1400/09/30,2826.0,2117.0,2858.0,840000.0,840000.0,840000.0,2373840000.0,1.0,1.0,,,,,,,,,,,,,,,,,
7bb1956b5377b9485a7db8de8b55a434,1400/12/29,4437.0,0.0,2858.0,840000.0,840000.0,840000.0,3727080000.0,1.0,1.0,,,,,,,,,,,,,,,,,
7bb1956b5377b9485a7db8de8b55a434,1401/03/31,953.0,1069.0,4437.0,840000.0,840000.0,840000.0,800520000.0,1.0,1.0,,,,,,,,,,,,,,,,,
7bb1956b5377b9485a7db8de8b55a434,1401/06/31,634.0,1907.0,4437.0,2700000.0,840000.0,840000.0,1711800000.0,1.0,1.0,,,,,,,,,,,,,,,,,
7bb1956b5377b9485a7db8de8b55a434,1401/09/30,978.0,2826.0,4437.0,2700000.0,840000.0,840000.0,2640600000.0,1.0,1.0,,,,,,,,,,,,,,,,,
7bb1956b5377b9485a7db8de8b55a434,1401/12/29,1419.0,0.0,4437.0,2700000.0,840000.0,840000.0,3831300000.0,1.0,1.0,,,,,,,,,,,,,,,,,
7bb1956b5377b9485a7db8de8b55a434,1402/03/31,551.0,953.0,1419.0,2700000.0,840000.0,2700000.0,1487700000.0,1.0,1.0,,,,,,,,,,,,,,,,,
7bb1956b5377b9485a7db8de8b55a434,1402/06/31,1092.0,634.0,1419.0,2700000.0,2700000.0,2700000.0,2948400000.0,1.0,1.0,,,,,,,,,,,,,,,,,
7bb1956b5377b9485a7db8de8b55a434,1402/09/30,1725.0,978.0,1419.0,2700000.0,2700000.0,2700000.0,4657500000.0,1.0,1.0,,,,,,,,,,,,,,,,,
7bb1956b5377b9485a7db8de8b55a434,1402/12/29,2232.0,0.0,1419.0,2700000.0,2700000.0,2700000.0,6026400000.0,1.0,1.0,,,,,,,,,,,,,,,,,
7bb1956b5377b9485a7db8de8b55a434,1403/03/31,1022.0,551.0,2232.0,2700000.0,2700000.0,2700000.0,2759400000.0,1.0,1.0,,,,,,,,,,,,,,,,,
7bb1956b5377b9485a7db8de8b55a434,1403/06/31,2137.0,1092.0,2232.0,2700000.0,2700000.0,2700000.0,5769900000.0,1.0,1.0,,,,,,,,,,,,,,,,,
7bb1956b5377b9485a7db8de8b55a434,1403/09/30,1671.0,1725.0,2232.0,5000000.0,2700000.0,2700000.0,8355000000.0,1.0,1.0,,,,,,,,,,,,,,,,,
7bb1956b5377b9485a7db8de8b55a434,1403/12/30,2005.0,0.0,2232.0,5000000.0,2700000.0,2700000.0,10025000000.0,1.0,1.0,,,,,,,,,,,,,,,,,
7bb1956b5377b9485a7db8de8b55a434,1404/03/31,691.0,552.0,2005.0,5000000.0,5000000.0,5000000.0,3455000000.0,1.0,1.0,,,,,,,,,,,,,,,,,
7bb1956b5377b9485a7db8de8b55a434,1404/06/31,1360.0,2137.0,2005.0,5000000.0,2700000.0,5000000.0,6800000000.0,1.0,1.0,,,,,,,,,,,,,,,,,
7bb1956b5377b9485a7db8de8b55a434,1404/09/30,2323.0,1671.0,2005.0,5000000.0,5000000.0,5000000.0,11615000000.0,1.0,1.0,,,,,,,,,,,,,,,,,
7bb1956b5377b9485a7db8de8b55a434,1404/12/29,3009.0,0.0,2005.0,5000000.0,5000000.0,5000000.0,15045000000.0,-1.0,100.0,,,,,,,,,,,,,,,,,
7bb1956b5377b9485a7db8de8b55a434,1405/03/31,2004.0,691.0,3009.0,5000000.0,5000000.0,5000000.0,10020000000.0,11999046.0,4388003.0,,,,,,,,,,,,,,,,,
7d537ec96a4dfdbd270698d08661b4b4,1398/09/30,279.0,116.0,187.0,678347.0,678347.0,678347.0,189258813.0,1.0,1.0,,,,,,,,,,,,,,,,,
7d537ec96a4dfdbd270698d08661b4b4,1398/12/29,494.0,0.0,187.0,678347.0,678347.0,678347.0,335103418.0,1.0,1.0,,,,,,,,,,,,,,,,,
7d537ec96a4dfdbd270698d08661b4b4,1399/03/31,142.0,44.0,494.0,678347.0,678347.0,678347.0,96325274.0,1.0,1.0,,,,,,,,,,,,,,,,,
7d537ec96a4dfdbd270698d08661b4b4,1399/06/31,858.0,133.0,494.0,678347.0,678347.0,678347.0,582021726.0,1.0,1.0,,,,,,,,,,,,,,,,,
7d537ec96a4dfdbd270698d08661b4b4,1399/09/30,1755.0,279.0,494.0,678347.0,678347.0,678347.0,1190498985.0,1.0,1.0,,,,,,,,,,,,,,,,,
7d537ec96a4dfdbd270698d08661b4b4,1399/12/30,2456.0,0.0,494.0,678347.0,678347.0,678347.0,1666020232.0,1.0,1.0,,,,,,,,,,,,,,,,,
7d537ec96a4dfdbd270698d08661b4b4,1400/03/31,584.0,142.0,2453.0,678347.0,678347.0,678347.0,396154648.0,1.0,1.0,,,,,,,,,,,,,,,,,
7d537ec96a4dfdbd270698d08661b4b4,1400/06/31,1432.0,857.0,2453.0,678347.0,678347.0,678347.0,971392904.0,1.0,1.0,,,,,,,,,,,,,,,,,
7d537ec96a4dfdbd270698d08661b4b4,1400/09/30,2123.0,1755.0,2453.0,678347.0,678347.0,678347.0,1440130681.0,1.0,1.0,,,,,,,,,,,,,,,,,
7d537ec96a4dfdbd270698d08661b4b4,1400/12/29,0.0,0.0,0.0,0.0,0.0,0.0,0.0,1.0,1.0,,,,,,,,,,,,,,,,,
7d537ec96a4dfdbd270698d08661b4b4,1401/03/31,613.0,584.0,4653.0,678347.0,678347.0,678347.0,415826711.0,1.0,1.0,,,,,,,,,,,,,,,,,
7d537ec96a4dfdbd270698d08661b4b4,1401/06/31,1570.0,1431.0,4653.0,678347.0,678347.0,678347.0,1065004790.0,1.0,1.0,,,,,,,,,,,,,,,,,
7d537ec96a4dfdbd270698d08661b4b4,1401/09/30,446.0,2123.0,4653.0,3391735.0,678347.0,678347.0,1512713810.0,1.0,1.0,,,,,,,,,,,,,,,,,
7d537ec96a4dfdbd270698d08661b4b4,1401/12/29,873.0,0.0,4653.0,3391735.0,678347.0,678347.0,2960984655.0,1.0,1.0,,,,,,,,,,,,,,,,,
7d537ec96a4dfdbd270698d08661b4b4,1402/03/31,232.0,123.0,1057.0,3391735.0,3391735.0,3391735.0,786882520.0,1.0,1.0,,,,,,,,,,,,,,,,,
7d537ec96a4dfdbd270698d08661b4b4,1402/06/31,613.0,314.0,1057.0,3391735.0,3391735.0,3391735.0,2079133555.0,1.0,1.0,,,,,,,,,,,,,,,,,
7d537ec96a4dfdbd270698d08661b4b4,1402/09/30,980.0,446.0,1057.0,3391735.0,3391735.0,3391735.0,3323900300.0,1.0,1.0,,,,,,,,,,,,,,,,,
7d537ec96a4dfdbd270698d08661b4b4,1402/12/29,917.0,0.0,704.0,5087603.0,3391735.0,5087603.0,4665331951.0,1.0,1.0,,,,,,,,,,,,,,,,,
7d537ec96a4dfdbd270698d08661b4b4,1403/03/31,221.0,155.0,1029.0,5087603.0,5087603.0,5087603.0,1124360263.0,1.0,1.0,,,,,,,,,,,,,,,,,
7d537ec96a4dfdbd270698d08661b4b4,1403/06/31,479.0,412.0,1029.0,5087603.0,5087603.0,5087603.0,2436961837.0,1.0,1.0,,,,,,,,,,,,,,,,,
7d537ec96a4dfdbd270698d08661b4b4,1403/09/30,934.0,654.0,1029.0,5087603.0,5087603.0,5087603.0,4751821202.0,1.0,1.0,,,,,,,,,,,,,,,,,
7d537ec96a4dfdbd270698d08661b4b4,1403/12/30,1016.0,0.0,686.0,7631405.0,5087603.0,7631405.0,7753507480.0,1.0,1.0,,,,,,,,,,,,,,,,,
7d537ec96a4dfdbd270698d08661b4b4,1404/03/31,244.0,147.0,1129.0,7631405.0,7631405.0,7631405.0,1862062820.0,1.0,1.0,,,,,,,,,,,,,,,,,
7d537ec96a4dfdbd270698d08661b4b4,1404/06/31,578.0,319.0,1129.0,7631405.0,7631405.0,7631405.0,4410952090.0,1.0,1.0,,,,,,,,,,,,,,,,,
7d537ec96a4dfdbd270698d08661b4b4,1404/09/30,994.0,623.0,1129.0,7631405.0,7631405.0,7631405.0,7585616570.0,1.0,1.0,,,,,,,,,,,,,,,,,
7d537ec96a4dfdbd270698d08661b4b4,1404/12/29,158.0,47.0,187.0,678347.0,678347.0,678347.0,12431558202.0,1.0,1.0,,,,,,,,,,,,,,,,,
7d537ec96a4dfdbd270698d08661b4b4,1405/03/31,563.0,162.0,1197.0,11447107.0,11447107.0,11447107.0,6444721241.0,8632814.0,2522742.0,16044485.0,18972087.0,7555917.0,54919849.0,-317830.0,-2732.0,6441995.0,1859785.0,13702751.0,-1364124.0,120957.0,3965346.0,52405849.0,44812945.0,19047113.0,16900076.0,33358736.0
7e41b7fd7ba1c353199eba22667db254,1398/06/31,406.0,93.0,352.0,580000.0,580000.0,580000.0,235480000.0,1.0,1.0,,,,,,,,,,,,,,,,,
7e41b7fd7ba1c353199eba22667db254,1398/09/30,613.0,188.0,352.0,580000.0,580000.0,580000.0,355540000.0,1.0,1.0,,,,,,,,,,,,,,,,,
7e41b7fd7ba1c353199eba22667db254,1398/12/29,1143.0,0.0,401.0,580000.0,580000.0,580000.0,662940000.0,1.0,1.0,,,,,,,,,,,,,,,,,
7e41b7fd7ba1c353199eba22667db254,1399/03/31,194.0,155.0,781.0,761437.0,761437.0,761437.0,147718778.0,1.0,1.0,,,,,,,,,,,,,,,,,
7e41b7fd7ba1c353199eba22667db254,1399/06/31,0.0,0.0,0.0,761437.0,761437.0,0.0,0.0,1.0,1.0,,,,,,,,,,,,,,,,,
7e41b7fd7ba1c353199eba22667db254,1399/09/30,463.0,278.0,465.0,1279000.0,1279000.0,1279000.0,592177000.0,1.0,1.0,,,,,,,,,,,,,,,,,
7e41b7fd7ba1c353199eba22667db254,1399/12/30,1106.0,0.0,529.0,1279000.0,580000.0,1279000.0,1414574000.0,1.0,1.0,,,,,,,,,,,,,,,,,
7e41b7fd7ba1c353199eba22667db254,1400/03/31,219.0,115.0,925.0,1279000.0,1279000.0,1279000.0,280101000.0,1.0,1.0,,,,,,,,,,,,,,,,,
7e41b7fd7ba1c353199eba22667db254,1400/06/31,440.0,275.0,925.0,1279000.0,1279000.0,1279000.0,562760000.0,1.0,1.0,,,,,,,,,,,,,,,,,
7e41b7fd7ba1c353199eba22667db254,1400/09/30,630.0,463.0,925.0,1279000.0,1279000.0,1279000.0,805770000.0,1.0,1.0,,,,,,,,,,,,,,,,,
7e41b7fd7ba1c353199eba22667db254,1400/12/29,533.0,0.0,393.0,3671273.0,1279000.0,3671273.0,1956788509.0,1.0,1.0,,,,,,,,,,,,,,,,,
7e41b7fd7ba1c353199eba22667db254,1401/03/31,122.0,76.0,464.0,3671273.0,3671273.0,3671273.0,447895306.0,1.0,1.0,,,,,,,,,,,,,,,,,
7e41b7fd7ba1c353199eba22667db254,1401/06/31,243.0,139.0,464.0,3671273.0,3671273.0,3671273.0,892119339.0,1.0,1.0,,,,,,,,,,,,,,,,,
7e41b7fd7ba1c353199eba22667db254,1401/09/30,284.0,219.0,464.0,3671273.0,3671273.0,3671273.0,1042641532.0,1.0,1.0,,,,,,,,,,,,,,,,,
7e41b7fd7ba1c353199eba22667db254,1401/12/29,503.0,0.0,503.0,4368273.0,3671273.0,3671273.0,2197241319.0,1.0,1.0,,,,,,,,,,,,,,,,,
7e41b7fd7ba1c353199eba22667db254,1402/03/31,74.0,103.0,495.0,4368273.0,4368273.0,4368273.0,323252202.0,1.0,1.0,,,,,,,,,,,,,,,,,
7e41b7fd7ba1c353199eba22667db254,1402/06/31,163.0,203.0,495.0,4368273.0,4368273.0,4368273.0,712028499.0,1.0,1.0,,,,,,,,,,,,,,,,,
7e41b7fd7ba1c353199eba22667db254,1402/09/30,291.0,239.0,495.0,4368273.0,4368273.0,4368273.0,1271167443.0,1.0,1.0,,,,,,,,,,,,,,,,,
7e41b7fd7ba1c353199eba22667db254,1402/12/29,385.0,0.0,485.0,5553812.0,4368273.0,4368273.0,2138217620.0,1.0,1.0,,,,,,,,,,,,,,,,,
7e41b7fd7ba1c353199eba22667db254,1403/03/31,94.0,58.0,387.0,5553812.0,5553812.0,5553812.0,522058328.0,1.0,1.0,,,,,,,,,,,,,,,,,
7e41b7fd7ba1c353199eba22667db254,1403/06/31,48.0,126.0,387.0,5553812.0,5553812.0,5553812.0,266582976.0,1.0,1.0,,,,,,,,,,,,,,,,,
7e41b7fd7ba1c353199eba22667db254,1403/09/30,124.0,229.0,387.0,5553812.0,5553812.0,5553812.0,688672688.0,1.0,1.0,,,,,,,,,,,,,,,,,
7e41b7fd7ba1c353199eba22667db254,1403/12/30,288.0,0.0,322.0,6570000.0,5553812.0,6570000.0,1892160000.0,1.0,1.0,,,,,,,,,,,,,,,,,
7e41b7fd7ba1c353199eba22667db254,1404/03/31,29.0,94.0,288.0,6570000.0,5553812.0,6570000.0,190530000.0,1.0,1.0,,,,,,,,,,,,,,,,,
7e41b7fd7ba1c353199eba22667db254,1404/06/31,75.0,41.0,288.0,6570000.0,6570000.0,6570000.0,492750000.0,1.0,1.0,,,,,,,,,,,,,,,,,
7e41b7fd7ba1c353199eba22667db254,1404/09/30,160.0,124.0,288.0,6570000.0,5553812.0,6570000.0,1051200000.0,1.0,1.0,,,,,,,,,,,,,,,,,
7e41b7fd7ba1c353199eba22667db254,1404/12/29,500.0,0.0,332.0,6570000.0,6570000.0,6570000.0,3285000000.0,771.0,-269.0,,,,,,,,,,,,,,,,,
7e41b7fd7ba1c353199eba22667db254,1405/03/31,147.0,29.0,450.0,6570000.0,6570000.0,6570000.0,965790000.0,1281330.0,378344.0,4066300.0,4095330.0,983529.0,9819962.0,-317775.0,0.0,963555.0,192480.0,2954284.0,1243532.0,-509865.0,3915636.0,39344976.0,13917944.0,15195508.0,12481660.0,24149468.0
7f03a704085688ac90d02018a42c8162,1398/06/31,118.0,143.0,317.0,2526500.0,2526500.0,2526500.0,298127000.0,1.0,1.0,,,,,,,,,,,,,,,,,
7f03a704085688ac90d02018a42c8162,1398/09/30,337.0,196.0,277.0,2526500.0,2526500.0,2526500.0,851430500.0,1.0,1.0,,,,,,,,,,,,,,,,,
7f03a704085688ac90d02018a42c8162,1398/12/29,732.0,0.0,299.0,2526500.0,2526500.0,2526500.0,1849398000.0,1.0,1.0,,,,,,,,,,,,,,,,,
7f03a704085688ac90d02018a42c8162,1399/03/31,247.0,23.0,676.0,2526500.0,2526500.0,2526500.0,624045500.0,1.0,1.0,,,,,,,,,,,,,,,,,
7f03a704085688ac90d02018a42c8162,1399/06/31,959.0,127.0,676.0,2526500.0,2526500.0,2526500.0,2422913500.0,1.0,1.0,,,,,,,,,,,,,,,,,
7f03a704085688ac90d02018a42c8162,1399/09/30,1311.0,337.0,676.0,2526500.0,2526500.0,2526500.0,3312241500.0,1.0,1.0,,,,,,,,,,,,,,,,,
7f03a704085688ac90d02018a42c8162,1399/12/30,2840.0,0.0,732.0,2526500.0,2526500.0,2526500.0,7175260000.0,1.0,1.0,,,,,,,,,,,,,,,,,
7f03a704085688ac90d02018a42c8162,1400/03/31,357.0,247.0,2635.0,2526500.0,2526500.0,2526500.0,901960500.0,1.0,1.0,,,,,,,,,,,,,,,,,
7f03a704085688ac90d02018a42c8162,1400/06/31,125.0,992.0,2616.0,2526500.0,2526500.0,2526500.0,315812500.0,1.0,1.0,,,,,,,,,,,,,,,,,
7f03a704085688ac90d02018a42c8162,1400/09/30,66.0,1311.0,2616.0,2526500.0,2526500.0,2526500.0,166749000.0,1.0,1.0,,,,,,,,,,,,,,,,,
7f03a704085688ac90d02018a42c8162,1400/12/29,1990.0,0.0,2741.0,2526500.0,2526500.0,2526500.0,5027735000.0,1.0,1.0,,,,,,,,,,,,,,,,,
7f03a704085688ac90d02018a42c8162,1401/03/31,-540.0,357.0,563.0,2526500.0,2526500.0,2526500.0,-1364310000.0,1.0,1.0,,,,,,,,,,,,,,,,,
7f03a704085688ac90d02018a42c8162,1401/06/31,77.0,125.0,563.0,2526500.0,2526500.0,2526500.0,194540500.0,1.0,1.0,,,,,,,,,,,,,,,,,
7f03a704085688ac90d02018a42c8162,1401/09/30,866.0,66.0,563.0,2526500.0,2526500.0,2526500.0,2187949000.0,1.0,1.0,,,,,,,,,,,,,,,,,
7f03a704085688ac90d02018a42c8162,1401/12/29,461.0,0.0,1919.0,2526500.0,2526500.0,2526500.0,1164716500.0,1.0,1.0,,,,,,,,,,,,,,,,,
7f03a704085688ac90d02018a42c8162,1402/03/31,1403.0,-540.0,1479.0,2526500.0,2526500.0,2526500.0,3544679500.0,1.0,1.0,,,,,,,,,,,,,,,,,
7f03a704085688ac90d02018a42c8162,1402/06/31,2776.0,78.0,1479.0,2526500.0,2526500.0,2526500.0,7013564000.0,1.0,1.0,,,,,,,,,,,,,,,,,
7f03a704085688ac90d02018a42c8162,1402/09/30,5798.0,770.0,1479.0,2526500.0,2526500.0,2526500.0,14648647000.0,1.0,1.0,,,,,,,,,,,,,,,,,
7f03a704085688ac90d02018a42c8162,1402/12/29,5609.0,0.0,370.0,5053000.0,2526500.0,2526500.0,28342277000.0,1.0,1.0,,,,,,,,,,,,,,,,,
7f03a704085688ac90d02018a42c8162,1403/03/31,1127.0,702.0,5380.0,5053000.0,5053000.0,5053000.0,5694731000.0,1.0,1.0,,,,,,,,,,,,,,,,,
7f03a704085688ac90d02018a42c8162,1403/06/31,2002.0,1386.0,5380.0,5053000.0,5053000.0,5053000.0,10116106000.0,1.0,1.0,,,,,,,,,,,,,,,,,
7f03a704085688ac90d02018a42c8162,1403/09/30,2825.0,2825.0,2900.0,5053000.0,5053000.0,5053000.0,14274725000.0,1.0,1.0,,,,,,,,,,,,,,,,,
7f03a704085688ac90d02018a42c8162,1403/12/30,2228.0,0.0,5529.0,13953000.0,5053000.0,5053000.0,31087284000.0,1.0,1.0,,,,,,,,,,,,,,,,,
7f03a704085688ac90d02018a42c8162,1404/03/31,382.0,408.0,2160.0,13953000.0,13953000.0,13953000.0,5330046000.0,1.0,1.0,,,,,,,,,,,,,,,,,
7f03a704085688ac90d02018a42c8162,1404/06/31,516.0,512.0,1530.0,19693000.0,19693000.0,19693000.0,10161588000.0,1.0,1.0,,,,,,,,,,,,,,,,,
7f03a704085688ac90d02018a42c8162,1404/09/30,712.0,1023.0,2160.0,19693000.0,13953000.0,13953000.0,14021416000.0,1.0,1.0,,,,,,,,,,,,,,,,,
7f03a704085688ac90d02018a42c8162,1404/12/29,206.0,0.0,2228.0,19693000.0,13953000.0,13953000.0,4056758000.0,1205.0,-1000.0,,,,,,,,,,,,,,,,,
7f03a704085688ac90d02018a42c8162,1405/03/31,381.0,271.0,842.0,19693000.0,19693000.0,19693000.0,7503033000.0,11839638.0,7466030.0,,,,,,,,,,,,,,,,,
7f547bf2c0a3ff2919c50d8c899abc3d,1398/09/30,751.0,728.0,1220.0,330196.0,330196.0,330196.0,247977196.0,1.0,1.0,,,,,,,,,,,,,,,,,
7f547bf2c0a3ff2919c50d8c899abc3d,1398/12/29,982.0,0.0,1220.0,330196.0,330196.0,330196.0,324252472.0,1.0,1.0,,,,,,,,,,,,,,,,,
7f547bf2c0a3ff2919c50d8c899abc3d,1399/03/31,58.0,43.0,1001.0,330196.0,330196.0,330196.0,19151368.0,1.0,1.0,,,,,,,,,,,,,,,,,
7f547bf2c0a3ff2919c50d8c899abc3d,1399/06/31,302.0,353.0,1001.0,330196.0,330196.0,330196.0,99719192.0,1.0,1.0,,,,,,,,,,,,,,,,,
7f547bf2c0a3ff2919c50d8c899abc3d,1399/09/30,0.0,0.0,0.0,330197.0,330197.0,0.0,0.0,1.0,1.0,,,,,,,,,,,,,,,,,
7f547bf2c0a3ff2919c50d8c899abc3d,1399/12/30,1055.0,0.0,1001.0,330196.0,330196.0,330196.0,348356780.0,1.0,1.0,,,,,,,,,,,,,,,,,
7f547bf2c0a3ff2919c50d8c899abc3d,1400/03/31,152.0,58.0,1055.0,330196.0,330196.0,330196.0,50189792.0,1.0,1.0,,,,,,,,,,,,,,,,,
7f547bf2c0a3ff2919c50d8c899abc3d,1400/06/31,832.0,302.0,1055.0,330196.0,330196.0,330196.0,274723072.0,1.0,1.0,,,,,,,,,,,,,,,,,
7f547bf2c0a3ff2919c50d8c899abc3d,1400/09/30,1735.0,852.0,1055.0,330196.0,330196.0,330196.0,572890060.0,1.0,1.0,,,,,,,,,,,,,,,,,
7f547bf2c0a3ff2919c50d8c899abc3d,1400/12/29,544.0,0.0,168.0,2069444.0,330196.0,2069444.0,1125777536.0,1.0,1.0,,,,,,,,,,,,,,,,,
7f547bf2c0a3ff2919c50d8c899abc3d,1401/03/31,27.0,152.0,529.0,2069444.0,330197.0,2069444.0,55874988.0,1.0,1.0,,,,,,,,,,,,,,,,,
7f547bf2c0a3ff2919c50d8c899abc3d,1401/06/31,192.0,192.0,2066624.0,192.0,2069444.0,2069444.0,36864.0,1.0,1.0,,,,,,,,,,,,,,,,,
7f547bf2c0a3ff2919c50d8c899abc3d,1401/09/30,570.0,276.0,529.0,2069444.0,2069444.0,2069444.0,1179583080.0,1.0,1.0,,,,,,,,,,,,,,,,,
7f547bf2c0a3ff2919c50d8c899abc3d,1401/12/29,767.0,0.0,529.0,2069445.0,0.0,2069445.0,1587264315.0,1.0,1.0,,,,,,,,,,,,,,,,,
7f547bf2c0a3ff2919c50d8c899abc3d,1402/03/31,55.0,27.0,762.0,2069444.0,2069444.0,2069444.0,113819420.0,1.0,1.0,,,,,,,,,,,,,,,,,
7f547bf2c0a3ff2919c50d8c899abc3d,1402/06/31,491.0,191.0,762.0,2069444.0,2069444.0,2069444.0,1016097004.0,1.0,1.0,,,,,,,,,,,,,,,,,
7f547bf2c0a3ff2919c50d8c899abc3d,1402/09/30,850.0,570.0,762.0,2069444.0,2069444.0,2069444.0,1759027400.0,1.0,1.0,,,,,,,,,,,,,,,,,
7f547bf2c0a3ff2919c50d8c899abc3d,1402/12/29,989.0,0.0,762.0,2069444.0,2069444.0,2069444.0,2046680116.0,1.0,1.0,,,,,,,,,,,,,,,,,
7f547bf2c0a3ff2919c50d8c899abc3d,1403/03/31,144.0,55.0,981.0,2069445.0,2069444.0,2069444.0,298000080.0,1.0,1.0,,,,,,,,,,,,,,,,,
7f547bf2c0a3ff2919c50d8c899abc3d,1403/06/31,710.0,467.0,981.0,2069445.0,2069444.0,2069444.0,1469305950.0,1.0,1.0,,,,,,,,,,,,,,,,,
7f547bf2c0a3ff2919c50d8c899abc3d,1403/09/30,519.0,850.0,981.0,4000000.0,2069444.0,2069444.0,2076000000.0,1.0,1.0,,,,,,,,,,,,,,,,,
7f547bf2c0a3ff2919c50d8c899abc3d,1403/12/30,1144.0,0.0,508.0,4000000.0,2069444.0,4000000.0,4576000000.0,1.0,1.0,,,,,,,,,,,,,,,,,
7f547bf2c0a3ff2919c50d8c899abc3d,1404/03/31,122.0,74.0,1120.0,4000000.0,4000000.0,4000000.0,488000000.0,1.0,1.0,,,,,,,,,,,,,,,,,
7f547bf2c0a3ff2919c50d8c899abc3d,1404/06/31,442.0,367.0,1120.0,4000000.0,4000000.0,4000000.0,1768000000.0,1.0,1.0,,,,,,,,,,,,,,,,,
7f547bf2c0a3ff2919c50d8c899abc3d,1404/09/30,588.0,519.0,1120.0,4000000.0,4000000.0,4000000.0,2352000000.0,1.0,1.0,,,,,,,,,,,,,,,,,
7f547bf2c0a3ff2919c50d8c899abc3d,1404/12/29,353.0,350.0,1220.0,330196.0,330196.0,330196.0,5000000000.0,1.0,1.0,,,,,,,,,,,,,,,,,
7f547bf2c0a3ff2919c50d8c899abc3d,1405/03/31,300.0,122.0,1225.0,4000000.0,4000000.0,4000000.0,1200000000.0,1265768.0,406046.0,,,,,,,,,,,,,,,,,
801acf9315859c07fc1aca9cb877c22b,1398/03/31,106.0,52.0,312.0,200000.0,200000.0,200000.0,21200000.0,23032.0,13083.0,,,,,-1906.0,0.0,,,,,,,,,,,
801acf9315859c07fc1aca9cb877c22b,1398/06/31,218.0,302.0,521.0,200000.0,120000.0,120000.0,43600000.0,61236.0,44426.0,,,,,-4684.0,0.0,,,,,,,,,,,
801acf9315859c07fc1aca9cb877c22b,1398/09/30,406.0,412.0,312.0,200000.0,120000.0,200000.0,81200000.0,86386.4,63385.0,,,,,-7460.0,0.0,,,,,,,,,,,
801acf9315859c07fc1aca9cb877c22b,1398/12/29,378.0,312.0,,200000.0,200000.0,,75600000.0,106084.0,80866.0,,,,,-7463.0,1812.0,,,,,,,,,,,
801acf9315859c07fc1aca9cb877c22b,1399/03/31,135.0,106.0,380.0,200000.0,200000.0,200000.0,27000000.0,39331.0,23032.0,,,,,-764.0,0.0,,,,,,,,,,,
801acf9315859c07fc1aca9cb877c22b,1399/06/31,303.0,218.0,380.0,200000.0,200000.0,200000.0,60600000.0,81368.0,61236.0,,,,,-4084.0,0.0,,,,,,,,,,,
801acf9315859c07fc1aca9cb877c22b,1399/09/30,438.0,406.0,380.0,200000.0,200000.0,200000.0,87600000.0,115688.0,86386.4,,,,,-4084.0,0.0,,,,,,,,,,,
801acf9315859c07fc1aca9cb877c22b,1399/12/30,621.0,380.0,,200000.0,200000.0,,124200000.0,151371.0,105996.0,,,,,-4084.0,0.0,,,,,,,,,,,
801acf9315859c07fc1aca9cb877c22b,1400/03/31,115.0,135.0,620.0,336309.0,200000.0,200000.0,38675535.0,48170.0,39331.0,,,,,0.0,0.0,,,,,,,,,,,
801acf9315859c07fc1aca9cb877c22b,1400/06/31,219.0,303.0,620.0,336309.0,200000.0,200000.0,73651671.0,94413.0,81368.0,,,,,-450.0,0.0,,,,,,,,,,,
801acf9315859c07fc1aca9cb877c22b,1400/09/30,406.0,438.0,620.0,336309.0,200000.0,200000.0,136541454.0,179237.0,115688.0,,,,,-5280.0,0.0,,,,,,,,,,,
801acf9315859c07fc1aca9cb877c22b,1400/12/29,453.0,620.0,,336309.0,200000.0,,152347977.0,206142.0,151371.0,,,,,-11955.0,0.0,,,,,,,,,,,
801acf9315859c07fc1aca9cb877c22b,1401/03/31,221.0,115.0,453.0,336309.0,336309.0,336309.0,74324289.0,96962.0,48170.0,,,,,-6591.0,0.0,,,,,,,,,,,
801acf9315859c07fc1aca9cb877c22b,1401/06/31,932.0,219.0,453.0,336309.0,336309.0,336309.0,313439988.0,415107.0,94413.0,,,,,-13464.0,0.0,,,,,,,,,,,
801acf9315859c07fc1aca9cb877c22b,1401/09/30,1496.0,406.0,453.0,336309.0,336309.0,336309.0,503118264.0,671715.0,179237.0,,,,,-23685.0,1025.0,,,,,,,,,,,
801acf9315859c07fc1aca9cb877c22b,1401/12/29,1556.0,453.0,,409330.0,336309.0,,636917480.0,824777.0,206142.0,,,,,-33585.0,9285.0,,,,,,,,,,,
801acf9315859c07fc1aca9cb877c22b,1402/03/31,204.0,181.0,1556.0,409330.0,409330.0,409330.0,83503320.0,111392.0,96962.0,,,,,-10532.0,7059.0,,,,,,,,,,,
801acf9315859c07fc1aca9cb877c22b,1402/06/31,547.0,766.0,1556.0,409330.0,409330.0,409330.0,223903510.0,307451.0,415107.0,,,,,-22662.0,4205.0,,,,,,,,,,,
801acf9315859c07fc1aca9cb877c22b,1402/09/30,981.0,1229.0,1556.0,409330.0,409330.0,409330.0,401552730.0,536160.0,671715.0,,,,,-29765.0,10756.0,,,,,,,,,,,
801acf9315859c07fc1aca9cb877c22b,1402/10/30,1201.0,1319.0,1556.0,409330.0,409330.0,409330.0,491605330.0,596988.0,721736.0,,,,,-33034.0,52108.0,,,,,,,,,,,
801acf9315859c07fc1aca9cb877c22b,1403/01/31,229.0,204.0,1201.0,647330.0,409330.0,409330.0,148238570.0,216009.0,111392.0,,,,,-33669.0,9183.0,,,,,,,,,,,
801acf9315859c07fc1aca9cb877c22b,1403/04/31,365.0,540.0,1201.0,647330.0,409330.0,409330.0,236275450.0,360243.0,291604.0,,,,,-70132.0,14372.0,,,,,,,,,,,
801acf9315859c07fc1aca9cb877c22b,1403/07/30,600.0,981.0,1201.0,647330.0,409330.0,409330.0,388398000.0,585220.0,536160.0,,,,,-98020.0,13559.0,,,,,,,,,,,
801acf9315859c07fc1aca9cb877c22b,1403/09/30,775.0,1201.0,1201.0,647330.0,409330.0,409330.0,501680750.0,705445.0,596988.0,,,,,-120571.0,16779.0,,,,,,,,,,,
801acf9315859c07fc1aca9cb877c22b,1403/12/30,330.0,229.0,770.0,647330.0,647330.0,647330.0,213618900.0,299610.0,216009.0,,,,,-32748.0,8371.0,,,,,,,,,,,
801acf9315859c07fc1aca9cb877c22b,1404/03/31,621.0,428.0,770.0,647330.0,647330.0,647330.0,401991930.0,584429.0,404909.0,,,,,-65768.0,0.0,,,,,,,,,,,
801acf9315859c07fc1aca9cb877c22b,1404/06/31,1114.0,600.0,770.0,647330.0,647330.0,647330.0,721125620.0,939404.0,585220.0,,,,,-95269.0,71394.0,,,,,,,,,,,
801acf9315859c07fc1aca9cb877c22b,1404/09/30,1361.0,770.0,,647330.0,647330.0,,881016130.0,1212639.0,730782.0,,,,,-151651.0,0.0,,,,,,,,,,,
801acf9315859c07fc1aca9cb877c22b,1404/12/29,243.0,330.0,1371.0,1000000.0,647330.0,647330.0,243000000.0,379085.0,299610.0,,,,,-67184.0,2094.0,,,,,,,,,,,
801acf9315859c07fc1aca9cb877c22b,1405/03/31,842.0,442.0,887.0,1000000.0,1000000.0,1000000.0,842000000.0,1162626.0,554509.0,,,,,-147181.0,4771.0,,,,,,,,,,,
8234d415920c271fcb0300725ce4c7fd,1398/06/31,1215.0,687.0,1687.0,2000000.0,2000000.0,2000000.0,2430000000.0,1.0,1.0,,,,,,,,,,,,,,,,,
8234d415920c271fcb0300725ce4c7fd,1398/09/30,1285.0,844.0,1687.0,2000000.0,2000000.0,2000000.0,2570000000.0,1.0,1.0,,,,,,,,,,,,,,,,,
8234d415920c271fcb0300725ce4c7fd,1398/12/29,2364.0,0.0,1687.0,2000000.0,2000000.0,2000000.0,4728000000.0,1.0,1.0,,,,,,,,,,,,,,,,,
8234d415920c271fcb0300725ce4c7fd,1399/03/31,548.0,1031.0,2356.0,2000000.0,2000000.0,2000000.0,1096000000.0,1.0,1.0,,,,,,,,,,,,,,,,,
8234d415920c271fcb0300725ce4c7fd,1399/06/31,691.0,399.0,785.0,6000000.0,6000000.0,6000000.0,4146000000.0,1.0,1.0,,,,,,,,,,,,,,,,,
8234d415920c271fcb0300725ce4c7fd,1399/09/30,1489.0,428.0,785.0,6000000.0,6000000.0,6000000.0,8934000000.0,1.0,1.0,,,,,,,,,,,,,,,,,
8234d415920c271fcb0300725ce4c7fd,1399/12/30,2008.0,0.0,785.0,6000000.0,2000000.0,6000000.0,12048000000.0,1.0,1.0,,,,,,,,,,,,,,,,,
8234d415920c271fcb0300725ce4c7fd,1400/03/31,517.0,183.0,2009.0,6000000.0,6000000.0,6000000.0,3102000000.0,1.0,1.0,,,,,,,,,,,,,,,,,
8234d415920c271fcb0300725ce4c7fd,1400/06/31,1694.0,1076.0,2231.0,6000000.0,6000000.0,6000000.0,10164000000.0,1.0,1.0,,,,,,,,,,,,,,,,,
8234d415920c271fcb0300725ce4c7fd,1400/09/30,2034.0,1489.0,2009.0,6000000.0,6000000.0,6000000.0,12204000000.0,1.0,1.0,,,,,,,,,,,,,,,,,
8234d415920c271fcb0300725ce4c7fd,1400/12/29,3682.0,0.0,2231.0,6000000.0,6000000.0,6000000.0,22092000000.0,1.0,1.0,,,,,,,,,,,,,,,,,
8234d415920c271fcb0300725ce4c7fd,1401/03/31,1164.0,517.0,3758.0,6000000.0,6000000.0,6000000.0,6984000000.0,1.0,1.0,,,,,,,,,,,,,,,,,
8234d415920c271fcb0300725ce4c7fd,1401/06/31,1748.0,1174.0,3758.0,6000000.0,6000000.0,6000000.0,10488000000.0,1.0,1.0,,,,,,,,,,,,,,,,,
8234d415920c271fcb0300725ce4c7fd,1401/09/30,2900.0,2039.0,3722.0,6000000.0,6000000.0,6000000.0,17400000000.0,1.0,1.0,,,,,,,,,,,,,,,,,
8234d415920c271fcb0300725ce4c7fd,1401/12/29,1104.0,0.0,3690.0,24000000.0,6000000.0,6000000.0,26496000000.0,1.0,1.0,,,,,,,,,,,,,,,,,
8234d415920c271fcb0300725ce4c7fd,1402/03/31,171.0,252.0,1120.0,24000000.0,24000000.0,24000000.0,4104000000.0,1.0,1.0,,,,,,,,,,,,,,,,,
8234d415920c271fcb0300725ce4c7fd,1402/06/31,488.0,512.0,1098.0,24000000.0,24000000.0,24000000.0,11712000000.0,1.0,1.0,,,,,,,,,,,,,,,,,
8234d415920c271fcb0300725ce4c7fd,1402/09/30,338.0,725.0,1120.0,24000000.0,24000000.0,24000000.0,8112000000.0,1.0,1.0,,,,,,,,,,,,,,,,,
8234d415920c271fcb0300725ce4c7fd,1402/12/29,581.0,0.0,1098.0,24000000.0,24000000.0,24000000.0,13944000000.0,1.0,1.0,,,,,,,,,,,,,,,,,
8234d415920c271fcb0300725ce4c7fd,1403/03/31,67.0,171.0,586.0,24000000.0,24000000.0,24000000.0,1608000000.0,1.0,1.0,,,,,,,,,,,,,,,,,
8234d415920c271fcb0300725ce4c7fd,1403/06/31,228.0,488.0,576.0,24000000.0,24000000.0,24000000.0,5472000000.0,1.0,1.0,,,,,,,,,,,,,,,,,
8234d415920c271fcb0300725ce4c7fd,1403/09/30,313.0,338.0,586.0,24000000.0,24000000.0,24000000.0,7512000000.0,1.0,1.0,,,,,,,,,,,,,,,,,
8234d415920c271fcb0300725ce4c7fd,1403/12/30,596.0,0.0,586.0,24000000.0,24000000.0,24000000.0,14304000000.0,1.0,1.0,,,,,,,,,,,,,,,,,
8234d415920c271fcb0300725ce4c7fd,1404/03/31,35.0,67.0,596.0,24000000.0,24000000.0,24000000.0,840000000.0,1.0,1.0,,,,,,,,,,,,,,,,,
8234d415920c271fcb0300725ce4c7fd,1404/06/31,119.0,156.0,554.0,24000000.0,24000000.0,24000000.0,2856000000.0,1.0,1.0,,,,,,,,,,,,,,,,,
8234d415920c271fcb0300725ce4c7fd,1404/09/30,86.0,0.0,313.0,24000000.0,0.0,24000000.0,2064000000.0,419.22601744186045,100.0,,,,,,,,,,,,,,,,,
8234d415920c271fcb0300725ce4c7fd,1404/12/29,352.0,0.0,554.0,24000000.0,24000000.0,24000000.0,8448000000.0,-1.0,100.0,,,,,,,,,,,,,,,,,
8234d415920c271fcb0300725ce4c7fd,1405/03/31,219.0,35.0,352.0,24000000.0,24000000.0,24000000.0,5256000000.0,8159714.0,1047639.0,,23629220.0,12977700.0,,-1584694.0,0.0,,,,,,,,,,,
83063f85d3b40da6b49c458abcb31423,1398/12/29,1742.0,3358.0,,127000.0,57000.0,,221234000.0,248912.0,231532.0,,,,,,,,,,,,,,,,,
83063f85d3b40da6b49c458abcb31423,1399/06/31,892.0,1005.0,1742.0,200000.0,127000.0,127000.0,178400000.0,216950.0,148427.0,,,,,,,,,,,,,,,,,
83063f85d3b40da6b49c458abcb31423,1399/09/30,1767.0,1395.0,1742.0,200000.0,127000.0,127000.0,353400000.0,442542.0,210003.0,,,,,,,,,,,,,,,,,
83063f85d3b40da6b49c458abcb31423,1399/12/30,2831.0,1742.0,,200000.0,127000.0,,566200000.0,668151.0,248708.0,,,,,,,,,,,,,,,,,
83063f85d3b40da6b49c458abcb31423,1400/03/31,516.0,159.0,2831.0,200000.0,200000.0,200000.0,103200000.0,118920.0,38714.0,,,,,,,,,,,,,,,,,
83063f85d3b40da6b49c458abcb31423,1400/06/31,1149.0,892.0,2831.0,200000.0,200000.0,200000.0,229800000.0,264911.0,216950.0,,,,,,,,,,,,,,,,,
83063f85d3b40da6b49c458abcb31423,1400/09/30,1820.0,1767.0,2831.0,200000.0,200000.0,200000.0,364000000.0,420231.0,442542.0,,,,,,,,,,,,,,,,,
83063f85d3b40da6b49c458abcb31423,1400/12/29,2431.0,2831.0,,200000.0,200000.0,,486200000.0,534504.0,668151.0,,,,,,,,,,,,,,,,,
83063f85d3b40da6b49c458abcb31423,1401/03/31,954.0,507.0,2363.0,200000.0,200000.0,200000.0,190800000.0,224108.0,117821.0,,,,,,,,,,,,,,,,,
83063f85d3b40da6b49c458abcb31423,1401/06/31,1480.0,1149.0,2363.0,200000.0,200000.0,200000.0,296000000.0,333813.0,264911.0,,,,,,,,,,,,,,,,,
83063f85d3b40da6b49c458abcb31423,1401/09/30,2113.0,1820.0,2363.0,200000.0,200000.0,200000.0,422600000.0,470348.0,420231.0,,,,,,,,,,,,,,,,,
83063f85d3b40da6b49c458abcb31423,1401/12/29,3230.0,2363.0,,200000.0,200000.0,,646000000.0,677068.0,534504.0,,,,,,,,,,,,,,,,,
83063f85d3b40da6b49c458abcb31423,1402/03/31,1418.0,954.0,3216.0,200000.0,200000.0,200000.0,283600000.0,358639.0,224108.0,,,,,,,,,,,,,,,,,
83063f85d3b40da6b49c458abcb31423,1402/06/31,1761.0,1351.0,3216.0,200000.0,200000.0,200000.0,352200000.0,428238.0,301704.0,,,,,,,,,,,,,,,,,
83063f85d3b40da6b49c458abcb31423,1402/09/30,2557.0,2113.0,3216.0,200000.0,200000.0,200000.0,511400000.0,612057.0,470348.0,,,,,,,,,,,,,,,,,
83063f85d3b40da6b49c458abcb31423,1402/12/29,2255.0,3216.0,,200000.0,200000.0,,451000000.0,565797.0,689705.0,,,,,,,,,,,,,,,,,
83063f85d3b40da6b49c458abcb31423,1403/03/31,100.0,1418.0,2227.0,200000.0,200000.0,200000.0,20000000.0,25244.0,358639.0,,,,,,,,,,,,,,,,,
83063f85d3b40da6b49c458abcb31423,1403/06/31,685.0,1741.0,2227.0,200000.0,200000.0,200000.0,137000000.0,163624.0,423288.0,,,,,,,,,,,,,,,,,
83063f85d3b40da6b49c458abcb31423,1403/09/30,1503.0,2557.0,2227.0,200000.0,200000.0,200000.0,300600000.0,353422.0,612057.0,,,,,,,,,,,,,,,,,
83063f85d3b40da6b49c458abcb31423,1403/12/30,2000.0,2227.0,,200000.0,200000.0,,400000000.0,419252.0,565797.0,,,,,,,,,,,,,,,,,
83063f85d3b40da6b49c458abcb31423,1404/03/31,2542.0,100.0,1928.0,200000.0,200000.0,200000.0,508400000.0,615396.0,25244.0,,,,,,,,,,,,,,,,,
83063f85d3b40da6b49c458abcb31423,1404/06/31,4544.0,685.0,1928.0,200000.0,200000.0,200000.0,908800000.0,1083415.0,163624.0,,,,,,,,,,,,,,,,,
83063f85d3b40da6b49c458abcb31423,1404/09/30,8986.0,1503.0,1928.0,200000.0,200000.0,200000.0,1797200000.0,2054341.0,353422.0,,,,,,,,,,,,,,,,,
83063f85d3b40da6b49c458abcb31423,1404/12/29,13671.0,1928.0,,200000.0,200000.0,,2734200000.0,3060984.0,417747.0,,,,,,,,,,,,,,,,,
83063f85d3b40da6b49c458abcb31423,1405/03/31,10155.0,2542.0,13057.0,200000.0,200000.0,200000.0,2031000000.0,2559175.0,615396.0,,,,,,,,,,,,,,,,,
835a058978f7d07fa0f0286893ac885a,1399/09/30,861.0,521.0,762.0,500000.0,200000.0,200000.0,430500000.0,1437.0,-7.0,,,,,,,,,,,,,,,,,
835a058978f7d07fa0f0286893ac885a,1399/12/30,1071.0,0.0,1523.0,500000.0,200000.0,200000.0,535500000.0,1076.0,-5.0,,,,,,,,,,,,,,,,,
835a058978f7d07fa0f0286893ac885a,1400/03/31,254.0,258.0,1068.0,500000.0,500000.0,500000.0,127000000.0,259.0,-5.0,,,,,,,,,,,,,,,,,
835a058978f7d07fa0f0286893ac885a,1400/06/31,443.0,578.0,1068.0,500000.0,500000.0,500000.0,221500000.0,0.0,0.0,,,,,,,,,,,,,,,,,
835a058978f7d07fa0f0286893ac885a,1400/09/30,1036.0,861.0,1068.0,500000.0,500000.0,500000.0,518000000.0,1004.0,-14.0,,,,,,,,,,,,,,,,,
835a058978f7d07fa0f0286893ac885a,1400/12/29,1142.0,0.0,1068.0,500000.0,500000.0,500000.0,571000000.0,1146.0,-4.0,,,,,,,,,,,,,,,,,
835a058978f7d07fa0f0286893ac885a,1401/03/31,375.0,254.0,1084.0,500000.0,500000.0,500000.0,187500000.0,375.0,0.0,,,,,,,,,,,,,,,,,
835a058978f7d07fa0f0286893ac885a,1401/06/31,823.0,443.0,1084.0,500000.0,500000.0,500000.0,411500000.0,806.0,17.0,,,,,,,,,,,,,,,,,
835a058978f7d07fa0f0286893ac885a,1401/09/30,536.0,1036.0,1084.0,1000000.0,500000.0,500000.0,536000000.0,514.0,22.0,,,,,,,,,,,,,,,,,
835a058978f7d07fa0f0286893ac885a,1401/12/29,693.0,0.0,1084.0,1500000.0,500000.0,500000.0,1039500000.0,844.0,-1.0,,,,,,,,,,,,,,,,,
835a058978f7d07fa0f0286893ac885a,1402/03/31,75.0,375.0,691.0,1500000.0,500000.0,1500000.0,112500000.0,64.0,11.0,,,,,,,,,,,,,,,,,
835a058978f7d07fa0f0286893ac885a,1402/06/31,178.0,823.0,691.0,1500000.0,500000.0,1500000.0,267000000.0,97.0,87.0,,,,,,,,,,,,,,,,,
835a058978f7d07fa0f0286893ac885a,1402/09/30,286.0,536.0,691.0,1500000.0,1000000.0,1500000.0,429000000.0,199.0,86.0,,,,,,,,,,,,,,,,,
835a058978f7d07fa0f0286893ac885a,1402/12/29,226.0,0.0,691.0,1950000.0,1500000.0,1500000.0,440700000.0,167.0,59.0,,,,,,,,,,,,,,,,,
835a058978f7d07fa0f0286893ac885a,1403/03/31,100.0,58.0,226.0,1950000.0,1950000.0,1950000.0,195000000.0,112.0,-12.0,,,,,,,,,,,,,,,,,
835a058978f7d07fa0f0286893ac885a,1403/06/31,391.0,141.0,226.0,1950000.0,1950000.0,1950000.0,762450000.0,440.0,-49.0,,,,,,,,,,,,,,,,,
835a058978f7d07fa0f0286893ac885a,1403/09/30,758.0,220.0,226.0,1950000.0,1950000.0,1950000.0,1478100000.0,908.0,-59.0,,,,,,,,,,,,,,,,,
835a058978f7d07fa0f0286893ac885a,1403/12/30,997.0,0.0,226.0,1950000.0,1950000.0,1950000.0,1944150000.0,1030.0,-40.0,,,,,,,,,,,,,,,,,
835a058978f7d07fa0f0286893ac885a,1404/03/31,138.0,100.0,1031.0,1950000.0,1950000.0,1950000.0,269100000.0,155.0,-17.0,,,,,,,,,,,,,,,,,
835a058978f7d07fa0f0286893ac885a,1404/06/31,137.0,391.0,1031.0,1950000.0,1950000.0,1950000.0,267150000.0,175.0,-38.0,,,,,,,,,,,,,,,,,
835a058978f7d07fa0f0286893ac885a,1404/09/30,968.0,758.0,1031.0,1950000.0,1950000.0,1950000.0,1887600000.0,982.0,-14.0,,,,,,,,,,,,,,,,,
835a058978f7d07fa0f0286893ac885a,1404/12/29,2069.0,0.0,1031.0,1950000.0,1950000.0,1950000.0,4034550000.0,1099.0,37.0,,,,,,,,,,,,,,,,,
835a058978f7d07fa0f0286893ac885a,1405/03/31,863.0,138.0,1118.0,3550000.0,1950000.0,3550000.0,3063650000.0,3125284.0,319483.0,,,,,,,,,,,,,,,,,
85287a8fa516fef95aa0d2185f916071,1398/09/30,752.0,1464.0,2539.0,51000000.0,20000000.0,20000000.0,38352000000.0,1.0,1.0,,,,,,,,,,,,,,,,,
85287a8fa516fef95aa0d2185f916071,1398/12/29,629.0,0.0,996.0,51000000.0,20000000.0,51000000.0,32079000000.0,1.0,1.0,,,,,,,,,,,,,,,,,
85287a8fa516fef95aa0d2185f916071,1399/03/31,496.0,342.0,559.0,51000000.0,51000000.0,51000000.0,25296000000.0,1.0,1.0,,,,,,,,,,,,,,,,,
85287a8fa516fef95aa0d2185f916071,1399/06/31,767.0,672.0,559.0,51000000.0,51000000.0,51000000.0,39117000000.0,1.0,1.0,,,,,,,,,,,,,,,,,
85287a8fa516fef95aa0d2185f916071,1399/09/30,1133.0,504.0,375.0,76000000.0,76000000.0,76000000.0,86108000000.0,1.0,1.0,,,,,,,,,,,,,,,,,
85287a8fa516fef95aa0d2185f916071,1399/12/30,1953.0,0.0,559.0,76000000.0,51000000.0,51000000.0,148428000000.0,1.0,1.0,,,,,,,,,,,,,,,,,
85287a8fa516fef95aa0d2185f916071,1400/03/31,337.0,496.0,1953.0,76000000.0,51000000.0,76000000.0,25612000000.0,1.0,1.0,,,,,,,,,,,,,,,,,
85287a8fa516fef95aa0d2185f916071,1400/06/31,649.0,571.0,1953.0,76000000.0,76000000.0,76000000.0,49324000000.0,1.0,1.0,,,,,,,,,,,,,,,,,
85287a8fa516fef95aa0d2185f916071,1400/09/30,1263.0,1133.0,1953.0,76000000.0,76000000.0,76000000.0,95988000000.0,1.0,1.0,,,,,,,,,,,,,,,,,
85287a8fa516fef95aa0d2185f916071,1400/12/29,1093.0,0.0,1953.0,139474458.0,76000000.0,76000000.0,152445582594.0,1.0,1.0,,,,,,,,,,,,,,,,,
85287a8fa516fef95aa0d2185f916071,1401/03/31,691.0,184.0,1190.0,190000000.0,139474458.0,139474458.0,131290000000.0,1.0,1.0,,,,,,,,,,,,,,,,,
85287a8fa516fef95aa0d2185f916071,1401/06/31,1087.0,238.0,874.0,190000000.0,190000000.0,190000000.0,206530000000.0,1.0,1.0,,,,,,,,,,,,,,,,,
85287a8fa516fef95aa0d2185f916071,1401/09/30,1378.0,505.0,874.0,190000000.0,190000000.0,190000000.0,261820000000.0,1.0,1.0,,,,,,,,,,,,,,,,,
85287a8fa516fef95aa0d2185f916071,1401/12/29,1706.0,0.0,838.0,227000000.0,190000000.0,190000000.0,387262000000.0,1.0,1.0,,,,,,,,,,,,,,,,,
85287a8fa516fef95aa0d2185f916071,1402/03/31,335.0,578.0,1594.0,227000000.0,227000000.0,227000000.0,76045000000.0,1.0,1.0,,,,,,,,,,,,,,,,,
85287a8fa516fef95aa0d2185f916071,1402/06/31,1011.0,931.0,1594.0,227000000.0,227000000.0,227000000.0,229497000000.0,1.0,1.0,,,,,,,,,,,,,,,,,
85287a8fa516fef95aa0d2185f916071,1402/09/30,1403.0,1154.0,1594.0,227000000.0,227000000.0,227000000.0,318481000000.0,1.0,1.0,,,,,,,,,,,,,,,,,
85287a8fa516fef95aa0d2185f916071,1402/12/29,1028.0,0.0,980.0,371000000.0,227000000.0,371000000.0,381388000000.0,1.0,1.0,,,,,,,,,,,,,,,,,
85287a8fa516fef95aa0d2185f916071,1403/03/31,90.0,205.0,1046.0,371000000.0,371000000.0,371000000.0,33390000000.0,1.0,1.0,,,,,,,,,,,,,,,,,
85287a8fa516fef95aa0d2185f916071,1403/06/31,173.0,631.0,1047.0,371000000.0,371000000.0,371000000.0,64183000000.0,1.0,1.0,,,,,,,,,,,,,,,,,
85287a8fa516fef95aa0d2185f916071,1403/09/30,445.0,859.0,1047.0,371000000.0,371000000.0,371000000.0,165095000000.0,1.0,1.0,,,,,,,,,,,,,,,,,
85287a8fa516fef95aa0d2185f916071,1403/12/30,609.0,0.0,1052.0,526820000.0,371000000.0,371000000.0,320833380000.0,1.0,1.0,,,,,,,,,,,,,,,,,
85287a8fa516fef95aa0d2185f916071,1404/03/31,271.0,271.0,63.0,526820000.0,526820000.0,526820000.0,142768220000.0,1.0,1.0,,,,,,,,,,,,,,,,,
85287a8fa516fef95aa0d2185f916071,1404/06/31,571.0,152.0,607.0,526820000.0,526820000.0,526820000.0,300814220000.0,1.0,1.0,,,,,,,,,,,,,,,,,
85287a8fa516fef95aa0d2185f916071,1404/09/30,1077.0,313.0,607.0,526820000.0,526820000.0,526820000.0,567385140000.0,1065.0,26.0,,15645361.0,17050867.0,,0.0,1198398.0,368813.0,300709.0,,-289074.0,2770223.0,,32762556.0,7526033.0,31110561.0,30968274.0,1651995.0
85287a8fa516fef95aa0d2185f916071,1404/12/29,1500.0,0.0,479.0,627234213.0,526820000.0,627234213.0,940851319500.0,1493.0,17.0,,,,,,,,,,,,,,,,,
85287a8fa516fef95aa0d2185f916071,1405/03/31,614.0,271.0,1701.0,627234213.0,526820000.0,526820000.0,385121806782.0,484606087.0,167324185.0,1066859048.0,3861198381.0,1605114221.0,8471873363.0,-12257641.0,9396604.0,385396040.0,142519175.0,896343938.0,106214541.0,93000115.0,581816607.0,3159784774.0,1886502850.0,1162482936.0,1028159965.0,1997301838.0
85b841e113a9981a56d7137b3e926c4a,1398/06/31,0.0,0.0,0.0,22545507.0,15043220.0,50.0,0.0,1.0,1.0,,,,,,,,,,,,,,,,,
85b841e113a9981a56d7137b3e926c4a,1398/09/30,0.0,0.0,0.0,23848032.0,14695789.0,62.0,0.0,1.0,1.0,,,,,,,,,,,,,,,,,
85b841e113a9981a56d7137b3e926c4a,1398/12/29,338.0,291.0,1253.0,8066220.0,8066220.0,8066220.0,2726382360.0,1.0,1.0,,,,,,,,,,,,,,,,,
85b841e113a9981a56d7137b3e926c4a,1399/03/31,1165.0,671.0,1170.0,8066220.0,8066220.0,8066220.0,9397146300.0,1.0,1.0,,,,,,,,,,,,,,,,,
85b841e113a9981a56d7137b3e926c4a,1399/06/31,1989.0,906.0,1253.0,8066220.0,8066220.0,8066220.0,16043711580.0,1.0,1.0,,,,,,,,,,,,,,,,,
85b841e113a9981a56d7137b3e926c4a,1399/09/30,3338.0,0.0,1170.0,8066220.0,8066220.0,8066220.0,26925042360.0,1.0,1.0,,,,,,,,,,,,,,,,,
85b841e113a9981a56d7137b3e926c4a,1399/12/30,786.0,283.0,2927.0,9640176.0,9640176.0,9640176.0,7577178336.0,1.0,1.0,,,,,,,,,,,,,,,,,
85b841e113a9981a56d7137b3e926c4a,1400/03/31,1455.0,1092.0,3498.0,9640176.0,8066220.0,8066220.0,14026456080.0,1.0,1.0,,,,,,,,,,,,,,,,,
85b841e113a9981a56d7137b3e926c4a,1400/06/31,2074.0,1664.0,2927.0,9640176.0,9640176.0,9640176.0,19993725024.0,1.0,1.0,,,,,,,,,,,,,,,,,
85b841e113a9981a56d7137b3e926c4a,1400/09/30,2459.0,0.0,2715.0,9640176.0,8066220.0,9640176.0,23705192784.0,1.0,1.0,,,,,,,,,,,,,,,,,
85b841e113a9981a56d7137b3e926c4a,1400/12/29,454.0,786.0,2532.0,9640176.0,9640176.0,9640176.0,4376639904.0,1.0,1.0,,,,,,,,,,,,,,,,,
85b841e113a9981a56d7137b3e926c4a,1401/03/31,994.0,1455.0,2532.0,9640176.0,9640176.0,9640176.0,9582334944.0,1.0,1.0,,,,,,,,,,,,,,,,,
85b841e113a9981a56d7137b3e926c4a,1401/06/31,893.0,1037.0,1266.0,19280352.0,19280352.0,19280352.0,17217354336.0,1.0,1.0,,,,,,,,,,,,,,,,,
85b841e113a9981a56d7137b3e926c4a,1401/09/30,1681.0,0.0,1230.0,19280352.0,9640176.0,19280352.0,32410271712.0,1.0,1.0,,,,,,,,,,,,,,,,,
85b841e113a9981a56d7137b3e926c4a,1401/12/29,500.0,227.0,1581.0,19280352.0,19280352.0,19280352.0,9640176000.0,1.0,1.0,,,,,,,,,,,,,,,,,
85b841e113a9981a56d7137b3e926c4a,1402/03/31,1042.0,551.0,1581.0,19280352.0,19280352.0,19280352.0,20090126784.0,1.0,1.0,,,,,,,,,,,,,,,,,
85b841e113a9981a56d7137b3e926c4a,1402/06/31,463.0,316.0,560.0,54433650.0,54433650.0,54433650.0,25202779950.0,1.0,1.0,,,,,,,,,,,,,,,,,
85b841e113a9981a56d7137b3e926c4a,1402/09/30,683.0,0.0,507.0,54433650.0,19280352.0,54433650.0,37178182950.0,1.0,1.0,,,,,,,,,,,,,,,,,
85b841e113a9981a56d7137b3e926c4a,1402/12/29,86.0,177.0,607.0,54433650.0,54433650.0,54433650.0,4681293900.0,1.0,1.0,,,,,,,,,,,,,,,,,
85b841e113a9981a56d7137b3e926c4a,1403/03/31,184.0,336.0,607.0,54433650.0,54433650.0,54433650.0,10015791600.0,1.0,1.0,,,,,,,,,,,,,,,,,
85b841e113a9981a56d7137b3e926c4a,1403/06/31,266.0,426.0,607.0,54433650.0,54433650.0,54433650.0,14479350900.0,1.0,1.0,,,,,,,,,,,,,,,,,
85b841e113a9981a56d7137b3e926c4a,1403/09/30,821.0,0.0,683.0,54433650.0,54433650.0,54433650.0,44690026650.0,1.0,1.0,,,,,,,,,,,,,,,,,
85b841e113a9981a56d7137b3e926c4a,1403/12/30,205.0,102.0,769.0,54433650.0,54433650.0,54433650.0,11158898250.0,1.0,1.0,,,,,,,,,,,,,,,,,
85b841e113a9981a56d7137b3e926c4a,1404/03/31,394.0,174.0,769.0,54433650.0,54433650.0,54433650.0,21446858100.0,1.0,1.0,,,,,,,,,,,,,,,,,
85b841e113a9981a56d7137b3e926c4a,1404/06/31,634.0,266.0,769.0,54433650.0,54433650.0,54433650.0,34510934100.0,1.0,1.0,,,,,,,,,,,,,,,,,
85b841e113a9981a56d7137b3e926c4a,1404/12/29,0.0,0.0,0.0,19986060.0,15043220.0,33.0,57536368050.0,1.0,1.0,,52940267.0,43387179.0,,-1828853.0,491171.0,,,,,,,,,,,
85b841e113a9981a56d7137b3e926c4a,1405/03/31,811.0,387.0,934.0,54433650.0,54433650.0,54433650.0,44145690150.0,57859868.0,22928818.0,53400783.0,146597776.0,83638784.0,204578410.0,-5900833.0,2100267.0,44160839.0,21042412.0,50849078.0,30558451.0,-629085.0,40023660.0,338030632.0,202170280.0,176753969.0,167757098.0,161276663.0
86753ad1b296713ec2fe34094b7b1d88,1398/03/31,0.0,0.0,0.0,325990.0,3.0,0.0,0.0,1.0,1.0,,,,,,,,,,,,,,,,,
86753ad1b296713ec2fe34094b7b1d88,1398/06/31,216.0,81.0,212.0,162000.0,162000.0,162000.0,34992000.0,1.0,1.0,,,,,,,,,,,,,,,,,
86753ad1b296713ec2fe34094b7b1d88,1398/09/30,394.0,121.0,212.0,162000.0,162000.0,162000.0,63828000.0,1.0,1.0,,,,,,,,,,,,,,,,,
86753ad1b296713ec2fe34094b7b1d88,1398/12/29,790.0,0.0,212.0,162000.0,162000.0,162000.0,127980000.0,1.0,1.0,,,,,,,,,,,,,,,,,
86753ad1b296713ec2fe34094b7b1d88,1399/03/31,857.0,41.0,794.0,220000.0,162000.0,162000.0,188540000.0,1.0,1.0,,,,,,,,,,,,,,,,,
86753ad1b296713ec2fe34094b7b1d88,1399/06/31,1542.0,228.0,794.0,220000.0,162000.0,162000.0,339240000.0,1.0,1.0,,,,,,,,,,,,,,,,,
86753ad1b296713ec2fe34094b7b1d88,1399/09/30,1449.0,290.0,585.0,220000.0,220000.0,220000.0,318780000.0,1.0,1.0,,,,,,,,,,,,,,,,,
86753ad1b296713ec2fe34094b7b1d88,1399/12/30,1299.0,0.0,585.0,220000.0,162000.0,220000.0,285780000.0,1.0,1.0,,,,,,,,,,,,,,,,,
86753ad1b296713ec2fe34094b7b1d88,1400/03/31,407.0,857.0,1203.0,220000.0,220000.0,220000.0,89540000.0,1.0,1.0,,,,,,,,,,,,,,,,,
86753ad1b296713ec2fe34094b7b1d88,1400/06/31,102.0,196.0,143.0,1846874.0,1846874.0,1846874.0,188381148.0,1.0,1.0,,,,,,,,,,,,,,,,,
86753ad1b296713ec2fe34094b7b1d88,1400/09/30,190.0,173.0,143.0,1846874.0,1846874.0,1846874.0,350906060.0,1.0,1.0,,,,,,,,,,,,,,,,,
86753ad1b296713ec2fe34094b7b1d88,1400/12/29,270.0,0.0,1203.0,1846874.0,220000.0,220000.0,498655980.0,1.0,1.0,,,,,,,,,,,,,,,,,
86753ad1b296713ec2fe34094b7b1d88,1401/03/31,100.0,48.0,270.0,1846874.0,1846874.0,1846874.0,184687400.0,1.0,1.0,,,,,,,,,,,,,,,,,
86753ad1b296713ec2fe34094b7b1d88,1401/09/30,316.0,190.0,270.0,1846874.0,1846874.0,1846874.0,583612184.0,1.0,1.0,,,,,,,,,,,,,,,,,
86753ad1b296713ec2fe34094b7b1d88,1401/12/29,492.0,0.0,270.0,1846874.0,1846874.0,1846874.0,908662008.0,1.0,1.0,,,,,,,,,,,,,,,,,
86753ad1b296713ec2fe34094b7b1d88,1402/03/31,123.0,100.0,495.0,3000000.0,1846874.0,1846874.0,369000000.0,1.0,1.0,,,,,,,,,,,,,,,,,
86753ad1b296713ec2fe34094b7b1d88,1402/06/31,250.0,180.0,495.0,3000000.0,1846874.0,1846874.0,750000000.0,1.0,1.0,,,,,,,,,,,,,,,,,
86753ad1b296713ec2fe34094b7b1d88,1402/09/30,421.0,316.0,495.0,3000000.0,1846874.0,1846874.0,1263000000.0,1.0,1.0,,,,,,,,,,,,,,,,,
86753ad1b296713ec2fe34094b7b1d88,1402/12/29,580.0,0.0,495.0,3000000.0,1846874.0,1846874.0,1740000000.0,1.0,1.0,,,,,,,,,,,,,,,,,
86753ad1b296713ec2fe34094b7b1d88,1403/03/31,190.0,123.0,622.0,3000000.0,3000000.0,3000000.0,570000000.0,1.0,1.0,,,,,,,,,,,,,,,,,
86753ad1b296713ec2fe34094b7b1d88,1403/06/31,367.0,250.0,622.0,3000000.0,3000000.0,3000000.0,1101000000.0,1.0,1.0,,,,,,,,,,,,,,,,,
86753ad1b296713ec2fe34094b7b1d88,1403/09/30,476.0,421.0,622.0,3000000.0,3000000.0,3000000.0,1428000000.0,1.0,1.0,,,,,,,,,,,,,,,,,
86753ad1b296713ec2fe34094b7b1d88,1403/12/30,501.0,0.0,445.0,4200000.0,3000000.0,4200000.0,2104200000.0,1.0,1.0,,,,,,,,,,,,,,,,,
86753ad1b296713ec2fe34094b7b1d88,1404/03/31,91.0,135.0,489.0,4200000.0,4200000.0,4200000.0,382200000.0,1.0,1.0,,,,,,,,,,,,,,,,,
86753ad1b296713ec2fe34094b7b1d88,1404/06/31,202.0,242.0,489.0,4200000.0,4200000.0,4200000.0,848400000.0,1.0,1.0,,,,,,,,,,,,,,,,,
86753ad1b296713ec2fe34094b7b1d88,1404/09/30,244.0,340.0,489.0,4200000.0,4200000.0,4200000.0,1024800000.0,1.0,1.0,,,,,,,,,,,,,,,,,
86753ad1b296713ec2fe34094b7b1d88,1404/12/29,286.0,489.0,,4200000.0,4200000.0,,1201200000.0,1474061.0,2079371.0,,,,,,,,,,,,,,,,,
86753ad1b296713ec2fe34094b7b1d88,1405/03/31,92.0,64.0,193.0,6000000.0,6000000.0,6000000.0,552000000.0,465132.0,455364.0,1480381.0,1673801.0,1180420.0,5067074.0,-33869.0,263823.0,549011.0,381619.0,1155521.0,142741.0,91514.0,1060086.0,7830423.0,3666094.0,1875248.0,1801254.0,5955175.0
876ac8a92de3ccb30dc55ce3d7ac189a,1398/09/30,673.0,0.0,178.0,400000.0,0.0,400000.0,269200000.0,6.112555720653789,100.0,,,,,,,,,,,,,,,,,
876ac8a92de3ccb30dc55ce3d7ac189a,1398/12/29,805.0,0.0,0.0,400000.0,0.0,400000.0,322000000.0,3.1736024844720494,100.0,,,,,,,,,,,,,,,,,
876ac8a92de3ccb30dc55ce3d7ac189a,1399/03/31,99.0,0.0,90.0,400000.0,0.0,400000.0,39600000.0,9.424242424242424,100.0,,,,,,,,,,,,,,,,,
876ac8a92de3ccb30dc55ce3d7ac189a,1399/06/31,445.0,0.0,398.0,400000.0,0.0,400000.0,178000000.0,5.1,100.0,,,,,,,,,,,,,,,,,
876ac8a92de3ccb30dc55ce3d7ac189a,1399/09/30,694.0,0.0,673.0,400000.0,0.0,400000.0,277600000.0,4.250720461095101,100.0,,,,,,,,,,,,,,,,,
876ac8a92de3ccb30dc55ce3d7ac189a,1399/12/30,87.0,0.0,0.0,3640031.0,0.0,400000.0,316682697.0,4.220628448165578,100.0,,,,,,,,,,,,,,,,,
876ac8a92de3ccb30dc55ce3d7ac189a,1400/03/31,13.0,0.0,11.0,3640031.0,0.0,3640031.0,47320403.0,11.996939248382986,100.0,,,,,,,,,,,,,,,,,
876ac8a92de3ccb30dc55ce3d7ac189a,1400/06/31,137.0,0.0,47.0,3640031.0,0.0,3640031.0,498684247.0,2.6948916234765283,100.0,,,,,,,,,,,,,,,,,
876ac8a92de3ccb30dc55ce3d7ac189a,1400/09/30,195.0,0.0,76.0,3640031.0,0.0,3640031.0,709806045.0,3.11127246035218,100.0,,,,,,,,,,,,,,,,,
876ac8a92de3ccb30dc55ce3d7ac189a,1400/12/29,243.0,0.0,0.0,3640031.0,0.0,0.0,884527533.0,-1.0,100.0,,,,,,,,,,,,,,,,,
876ac8a92de3ccb30dc55ce3d7ac189a,1401/03/31,76.0,0.0,13.0,3640031.0,0.0,3640031.0,276642356.0,-1.0,100.0,,,,,,,,,,,,,,,,,
876ac8a92de3ccb30dc55ce3d7ac189a,1401/06/31,266.0,0.0,178.0,3640031.0,0.0,3640031.0,968248246.0,-1.0,100.0,,,,,,,,,,,,,,,,,
876ac8a92de3ccb30dc55ce3d7ac189a,1401/12/29,402.0,0.0,0.0,3640031.0,0.0,0.0,1463292462.0,-1.0,100.0,,,,,,,,,,,,,,,,,
876ac8a92de3ccb30dc55ce3d7ac189a,1402/03/31,110.0,0.0,76.0,3640031.0,0.0,3640031.0,400403410.0,-1.0,100.0,,,,,,,,,,,,,,,,,
876ac8a92de3ccb30dc55ce3d7ac189a,1402/06/31,447.0,0.0,273.0,3640031.0,0.0,3640031.0,1627093857.0,-1.0,100.0,,,,,,,,,,,,,,,,,
876ac8a92de3ccb30dc55ce3d7ac189a,1402/12/29,610.0,0.0,0.0,3640031.0,0.0,0.0,2220418910.0,-1.0,100.0,,,,,,,,,,,,,,,,,
876ac8a92de3ccb30dc55ce3d7ac189a,1403/03/31,133.0,0.0,110.0,3640031.0,0.0,3640031.0,484124123.0,-1.0,100.0,,,,,,,,,,,,,,,,,
876ac8a92de3ccb30dc55ce3d7ac189a,1403/06/31,366.0,0.0,450.0,3640031.0,0.0,3640031.0,1332251346.0,-1.0,100.0,,,,,,,,,,,,,,,,,
876ac8a92de3ccb30dc55ce3d7ac189a,1403/09/30,576.0,0.0,522.0,3640031.0,0.0,3640031.0,2096657856.0,-1.0,100.0,,,,,,,,,,,,,,,,,
876ac8a92de3ccb30dc55ce3d7ac189a,1403/12/30,742.0,0.0,0.0,3640031.0,0.0,0.0,2700903002.0,-1.0,100.0,,,,,,,,,,,,,,,,,
876ac8a92de3ccb30dc55ce3d7ac189a,1404/03/31,171.0,0.0,133.0,3640031.0,0.0,3640031.0,622445301.0,-1.0,100.0,,,,,,,,,,,,,,,,,
876ac8a92de3ccb30dc55ce3d7ac189a,1404/06/31,627.0,0.0,380.0,3640031.0,0.0,3640031.0,2282299437.0,-1.0,100.0,,,,,,,,,,,,,,,,,
876ac8a92de3ccb30dc55ce3d7ac189a,1404/09/30,976.0,0.0,576.0,3640031.0,0.0,3640031.0,3552670256.0,-1.0,100.0,,,,,,,,,,,,,,,,,
876ac8a92de3ccb30dc55ce3d7ac189a,1404/12/29,361.0,0.0,125.0,400000.0,0.0,400000.0,6071571708.0,3.7479224376731306,100.0,,,,,,,,,,,,,,,,,
876ac8a92de3ccb30dc55ce3d7ac189a,1405/03/31,413.0,171.0,1668.0,3640031.0,3640031.0,3640031.0,1503332803.0,1056863.0,446358.0,4497940.0,7063524.0,2947350.0,16233410.0,-35335.0,479644.0,1505058.0,621971.0,6071403.0,878015.0,248767.0,1172199.0,21933979.0,9105411.0,4511289.0,3038101.0,17422690.0
881f485833e35685213e8f387e534bf7,1398/06/31,266.0,706.0,2447.0,195000.0,195000.0,195000.0,51870000.0,1.0,1.0,,,,,,,,,,,,,,,,,
881f485833e35685213e8f387e534bf7,1398/09/30,1210.0,1296.0,2447.0,195000.0,195000.0,195000.0,235950000.0,1.0,1.0,,,,,,,,,,,,,,,,,
881f485833e35685213e8f387e534bf7,1398/12/29,2593.0,0.0,2447.0,195000.0,195000.0,195000.0,505635000.0,1.0,1.0,,,,,,,,,,,,,,,,,
881f485833e35685213e8f387e534bf7,1399/03/31,381.0,37.0,2593.0,195000.0,195000.0,195000.0,74295000.0,1.0,1.0,,,,,,,,,,,,,,,,,
881f485833e35685213e8f387e534bf7,1399/06/31,813.0,266.0,2593.0,195000.0,195000.0,195000.0,158535000.0,1.0,1.0,,,,,,,,,,,,,,,,,
881f485833e35685213e8f387e534bf7,1399/09/30,2541.0,1210.0,2593.0,195000.0,195000.0,195000.0,495495000.0,1.0,1.0,,,,,,,,,,,,,,,,,
881f485833e35685213e8f387e534bf7,1399/12/30,3139.0,0.0,2593.0,195000.0,195000.0,195000.0,612105000.0,1.0,1.0,,,,,,,,,,,,,,,,,
881f485833e35685213e8f387e534bf7,1400/03/31,396.0,381.0,3139.0,195000.0,195000.0,195000.0,77220000.0,1.0,1.0,,,,,,,,,,,,,,,,,
881f485833e35685213e8f387e534bf7,1400/06/31,1579.0,956.0,3139.0,195000.0,195000.0,195000.0,307905000.0,1.0,1.0,,,,,,,,,,,,,,,,,
881f485833e35685213e8f387e534bf7,1400/09/30,4902.0,2541.0,3139.0,195000.0,195000.0,195000.0,955890000.0,1.0,1.0,,,,,,,,,,,,,,,,,
881f485833e35685213e8f387e534bf7,1400/12/29,5498.0,0.0,3139.0,195000.0,195000.0,195000.0,1072110000.0,1.0,1.0,,,,,,,,,,,,,,,,,
881f485833e35685213e8f387e534bf7,1401/03/31,512.0,396.0,5498.0,195000.0,195000.0,195000.0,99840000.0,1.0,1.0,,,,,,,,,,,,,,,,,
881f485833e35685213e8f387e534bf7,1401/06/31,1286.0,1136.0,5508.0,194635.0,194049.0,194635.0,250300610.0,1.0,1.0,,,,,,,,,,,,,,,,,
881f485833e35685213e8f387e534bf7,1401/09/30,5509.0,4902.0,5508.0,195000.0,195000.0,194640.0,1074255000.0,1.0,1.0,,,,,,,,,,,,,,,,,
881f485833e35685213e8f387e534bf7,1401/12/29,6577.0,0.0,5508.0,194650.0,195000.0,194650.0,1280213050.0,1.0,1.0,,,,,,,,,,,,,,,,,
881f485833e35685213e8f387e534bf7,1402/03/31,1851.0,512.0,6222.0,195000.0,195000.0,195000.0,360945000.0,1.0,1.0,,,,,,,,,,,,,,,,,
881f485833e35685213e8f387e534bf7,1402/06/31,2345.0,1284.0,6254.0,195000.0,195000.0,195000.0,457275000.0,1.0,1.0,,,,,,,,,,,,,,,,,
881f485833e35685213e8f387e534bf7,1402/09/30,10985.0,5509.0,6222.0,195000.0,195000.0,195000.0,2142075000.0,1.0,1.0,,,,,,,,,,,,,,,,,
881f485833e35685213e8f387e534bf7,1402/12/29,12939.0,0.0,6255.0,193985.0,195000.0,193989.0,2509971915.0,1.0,1.0,,,,,,,,,,,,,,,,,
881f485833e35685213e8f387e534bf7,1403/03/31,4324.0,1851.0,13750.0,193984.0,195000.0,193984.0,838786816.0,1.0,1.0,,,,,,,,,,,,,,,,,
881f485833e35685213e8f387e534bf7,1403/06/31,71.0,2944.0,13678.0,30190977.0,195000.0,195000.0,2143559367.0,1.0,1.0,,,,,,,,,,,,,,,,,
881f485833e35685213e8f387e534bf7,1403/09/30,108.0,10985.0,13678.0,30190977.0,195000.0,195000.0,3260625516.0,1.0,1.0,,,,,,,,,,,,,,,,,
881f485833e35685213e8f387e534bf7,1403/12/30,178.0,0.0,13750.0,30006813.0,195000.0,193988.0,5341212714.0,1.0,1.0,,,,,,,,,,,,,,,,,
881f485833e35685213e8f387e534bf7,1404/03/31,39.0,28.0,181.0,30190977.0,30190977.0,30190977.0,1177448103.0,1.0,1.0,,,,,,,,,,,,,,,,,
881f485833e35685213e8f387e534bf7,1404/06/31,60.0,68.0,181.0,30190977.0,30190977.0,30190977.0,1811458620.0,1.0,1.0,,,,,,,,,,,,,,,,,
881f485833e35685213e8f387e534bf7,1404/09/30,147.0,108.0,181.0,30190977.0,30190977.0,30190977.0,4438073619.0,1.0,1.0,,,,,,,,,,,,,,,,,
881f485833e35685213e8f387e534bf7,1404/12/29,188.0,181.0,,30190977.0,30190977.0,,5675903676.0,6467515.0,5547579.0,,,,,,,,,,,,,,,,,
88f79bf4cbb7f64d7bb74b1c01d3388a,1399/12/30,297.0,386.0,2056.0,1000000.0,1000000.0,1000000.0,297000000.0,1.0,1.0,,,,,,,,,,,,,,,,,
88f79bf4cbb7f64d7bb74b1c01d3388a,1400/03/31,469.0,888.0,2056.0,1000000.0,1000000.0,1000000.0,469000000.0,1.0,1.0,,,,,,,,,,,,,,,,,
88f79bf4cbb7f64d7bb74b1c01d3388a,1400/06/31,1059.0,1339.0,2056.0,1000000.0,1000000.0,1000000.0,1059000000.0,1.0,1.0,,,,,,,,,,,,,,,,,
88f79bf4cbb7f64d7bb74b1c01d3388a,1400/09/30,387.0,0.0,791.0,2600000.0,1000000.0,2600000.0,1006200000.0,1.0,1.0,,,,,,,,,,,,,,,,,
88f79bf4cbb7f64d7bb74b1c01d3388a,1400/12/29,-67.0,114.0,378.0,2600000.0,2600000.0,2600000.0,-174200000.0,1.0,1.0,,,,,,,,,,,,,,,,,
88f79bf4cbb7f64d7bb74b1c01d3388a,1401/03/31,-126.0,178.0,378.0,2600000.0,2600000.0,2600000.0,-327600000.0,1.0,1.0,,,,,,,,,,,,,,,,,
88f79bf4cbb7f64d7bb74b1c01d3388a,1401/06/31,86.0,407.0,378.0,2600000.0,2600000.0,2600000.0,223600000.0,1.0,1.0,,,,,,,,,,,,,,,,,
88f79bf4cbb7f64d7bb74b1c01d3388a,1401/09/30,279.0,0.0,378.0,2600000.0,2600000.0,2600000.0,725400000.0,1.0,1.0,,,,,,,,,,,,,,,,,
88f79bf4cbb7f64d7bb74b1c01d3388a,1401/12/29,182.0,-67.0,271.0,2600000.0,2600000.0,2600000.0,473200000.0,1.0,1.0,,,,,,,,,,,,,,,,,
88f79bf4cbb7f64d7bb74b1c01d3388a,1402/03/31,322.0,-126.0,271.0,2600000.0,2600000.0,2600000.0,837200000.0,1.0,1.0,,,,,,,,,,,,,,,,,
88f79bf4cbb7f64d7bb74b1c01d3388a,1402/06/31,503.0,86.0,271.0,2600000.0,2600000.0,2600000.0,1307800000.0,1.0,1.0,,,,,,,,,,,,,,,,,
88f79bf4cbb7f64d7bb74b1c01d3388a,1402/09/30,586.0,0.0,271.0,2600000.0,2600000.0,2600000.0,1523600000.0,1.0,1.0,,,,,,,,,,,,,,,,,
88f79bf4cbb7f64d7bb74b1c01d3388a,1402/12/29,159.0,182.0,586.0,2600000.0,2600000.0,2600000.0,413400000.0,1.0,1.0,,,,,,,,,,,,,,,,,
88f79bf4cbb7f64d7bb74b1c01d3388a,1403/03/31,276.0,315.0,586.0,2600000.0,2600000.0,2600000.0,717600000.0,1.0,1.0,,,,,,,,,,,,,,,,,
88f79bf4cbb7f64d7bb74b1c01d3388a,1403/06/31,540.0,503.0,586.0,2600000.0,2600000.0,2600000.0,1404000000.0,1.0,1.0,,,,,,,,,,,,,,,,,
88f79bf4cbb7f64d7bb74b1c01d3388a,1403/09/30,1110.0,0.0,586.0,2600000.0,2600000.0,2600000.0,2886000000.0,1.0,1.0,,,,,,,,,,,,,,,,,
88f79bf4cbb7f64d7bb74b1c01d3388a,1403/12/30,117.0,159.0,1085.0,2600000.0,2600000.0,2600000.0,304200000.0,1.0,1.0,,,,,,,,,,,,,,,,,
88f79bf4cbb7f64d7bb74b1c01d3388a,1404/03/31,147.0,112.0,459.0,6149600.0,6149600.0,6149600.0,903991200.0,1.0,1.0,,,,,,,,,,,,,,,,,
88f79bf4cbb7f64d7bb74b1c01d3388a,1404/06/31,775.0,438.0,1085.0,2600000.0,2600000.0,2600000.0,2015000000.0,1.0,1.0,,,,,,,,,,,,,,,,,
88f79bf4cbb7f64d7bb74b1c01d3388a,1404/09/30,378.0,1085.0,,6149600.0,2600000.0,,2324548800.0,5165550.0,4893363.0,,,,,,,,,,,,,,,,,
88f79bf4cbb7f64d7bb74b1c01d3388a,1404/12/29,184.0,117.0,378.0,6149600.0,2600000.0,6149600.0,1131526400.0,1962187.0,1027257.0,,,,,,,,,,,,,,,,,
88f79bf4cbb7f64d7bb74b1c01d3388a,1405/03/31,751.0,370.0,378.0,6149600.0,2600000.0,6149600.0,4618349600.0,6860698.0,2496848.0,5165550.0,30481491.0,13074663.0,33148662.0,-1253630.0,137018.0,4620266.0,962901.0,2321916.0,893674.0,-441998.0,-1489468.0,47730658.0,32612834.0,32571790.0,31674895.0,15158868.0
8a664764ba757925c6545b1f6148a41d,1398/12/29,647.0,0.0,859.0,15000000.0,0.0,7000000.0,9705000000.0,8.53155074703761,100.0,,,,,,,,,,,,,,,,,
8a664764ba757925c6545b1f6148a41d,1399/03/31,172.0,0.0,387.0,15000000.0,0.0,7000000.0,2580000000.0,7.254612403100775,100.0,,,,,,,,,,,,,,,,,
8a664764ba757925c6545b1f6148a41d,1399/06/31,801.0,0.0,389.0,15000000.0,0.0,15000000.0,12015000000.0,9.86267166042447,100.0,,,,,,,,,,,,,,,,,
8a664764ba757925c6545b1f6148a41d,1399/09/30,1669.0,0.0,537.0,15000000.0,0.0,15000000.0,25035000000.0,15.01945676053525,100.0,,,,,,,,,,,,,,,,,
8a664764ba757925c6545b1f6148a41d,1399/12/30,2134.0,0.0,0.0,15000000.0,0.0,15000000.0,32010000000.0,9.589443923773821,100.0,,,,,,,,,,,,,,,,,
8a664764ba757925c6545b1f6148a41d,1400/03/31,481.0,0.0,172.0,15000000.0,0.0,15000000.0,7215000000.0,2.480693000693001,100.0,,,,,,,,,,,,,,,,,
8a664764ba757925c6545b1f6148a41d,1400/06/31,748.0,0.0,804.0,15000000.0,0.0,15000000.0,11220000000.0,4.175267379679144,100.0,,,,,,,,,,,,,,,,,
8a664764ba757925c6545b1f6148a41d,1400/09/30,1347.0,0.0,1669.0,15000000.0,0.0,15000000.0,20205000000.0,3.2613610492452363,100.0,,,,,,,,,,,,,,,,,
8a664764ba757925c6545b1f6148a41d,1400/12/29,1756.0,0.0,0.0,15000000.0,0.0,15000000.0,26340000000.0,5.570307517084283,100.0,,,,,,,,,,,,,,,,,
8a664764ba757925c6545b1f6148a41d,1401/03/31,315.0,0.0,481.0,32000000.0,0.0,15000000.0,10080000000.0,0.12175595238095238,100.0,,,,,,,,,,,,,,,,,
8a664764ba757925c6545b1f6148a41d,1401/06/31,564.0,0.0,344.0,32000000.0,0.0,32000000.0,18048000000.0,0.5343085106382979,100.0,,,,,,,,,,,,,,,,,
8a664764ba757925c6545b1f6148a41d,1401/09/30,835.0,0.0,631.0,32000000.0,0.0,32000000.0,26720000000.0,-1.3614595808383234,100.0,,,,,,,,,,,,,,,,,
8a664764ba757925c6545b1f6148a41d,1401/12/29,1049.0,0.0,0.0,32000000.0,0.0,32000000.0,33568000000.0,0.10139716396568162,100.0,,,,,,,,,,,,,,,,,
8a664764ba757925c6545b1f6148a41d,1402/03/31,843.0,0.0,315.0,32000000.0,0.0,32000000.0,26976000000.0,-6.25795521945433,100.0,,,,,,,,,,,,,,,,,
8a664764ba757925c6545b1f6148a41d,1402/06/31,1579.0,0.0,564.0,32000000.0,0.0,32000000.0,50528000000.0,9.913570693476885,100.0,,,,,,,,,,,,,,,,,
8a664764ba757925c6545b1f6148a41d,1402/09/30,2158.0,0.0,835.0,32000000.0,0.0,32000000.0,69056000000.0,10.3942640755329,100.0,,,,,,,,,,,,,,,,,
8a664764ba757925c6545b1f6148a41d,1402/12/29,2032.0,0.0,0.0,32000000.0,0.0,32000000.0,65024000000.0,17.14173997293307,100.0,,,,,,,,,,,,,,,,,
8a664764ba757925c6545b1f6148a41d,1403/03/31,400.0,0.0,843.0,32000000.0,0.0,32000000.0,12800000000.0,-1.3831250000000002,100.0,,,,,,,,,,,,,,,,,
8a664764ba757925c6545b1f6148a41d,1403/06/31,400.0,0.0,1579.0,32000000.0,0.0,32000000.0,12800000000.0,34.6384375,100.0,,,,,,,,,,,,,,,,,
8a664764ba757925c6545b1f6148a41d,1403/09/30,889.0,0.0,2158.0,32000000.0,0.0,32000000.0,28448000000.0,30.09288526434196,100.0,,,,,,,,,,,,,,,,,
8a664764ba757925c6545b1f6148a41d,1403/12/30,676.0,0.0,0.0,61000000.0,0.0,32000000.0,41236000000.0,62.06616306140266,100.0,,,,,,,,,,,,,,,,,
8a664764ba757925c6545b1f6148a41d,1404/03/31,275.0,0.0,210.0,61000000.0,0.0,61000000.0,16775000000.0,11.179636363636364,100.0,,,,,,,,,,,,,,,,,
8a664764ba757925c6545b1f6148a41d,1404/06/31,359.0,0.0,222.0,61000000.0,0.0,61000000.0,21899000000.0,33.580939768939224,100.0,,,,,,,,,,,,,,,,,
8a664764ba757925c6545b1f6148a41d,1404/09/30,571.0,0.0,889.0,61000000.0,0.0,32000000.0,34831000000.0,26.117303551434066,100.0,,,,,,,,,,,,,,,,,
8a664764ba757925c6545b1f6148a41d,1404/12/29,374.0,659.0,,61000000.0,61000000.0,,22814000000.0,50931176.0,49099729.0,,,,,,,,,,,,,,,,,
8a664764ba757925c6545b1f6148a41d,1405/03/31,316.0,275.0,377.0,61000000.0,61000000.0,61000000.0,19276000000.0,27290259.0,21771417.0,,,,,,,,,,,,,,,,,
8a93d99f4ddd3225214f5c0e83dd513f,1399/03/31,104.0,708.0,15397.0,3000000.0,400000.0,3000000.0,312000000.0,1.0,1.0,,,,,,,,,,,,,,,,,
8a93d99f4ddd3225214f5c0e83dd513f,1399/09/30,112.0,3590.0,11556.0,3000000.0,400000.0,3000000.0,336000000.0,1.0,1.0,,,,,,,,,,,,,,,,,
8a93d99f4ddd3225214f5c0e83dd513f,1399/12/30,371.0,0.0,9177.0,3000000.0,3000000.0,3000000.0,1113000000.0,1.0,1.0,,,,,,,,,,,,,,,,,
8a93d99f4ddd3225214f5c0e83dd513f,1400/03/31,26.0,5.0,1059.0,3000000.0,3000000.0,3000000.0,78000000.0,1.0,1.0,,,,,,,,,,,,,,,,,
8a93d99f4ddd3225214f5c0e83dd513f,1400/06/31,129.0,68.0,1059.0,3000000.0,3000000.0,3000000.0,387000000.0,1.0,1.0,,,,,,,,,,,,,,,,,
8a93d99f4ddd3225214f5c0e83dd513f,1400/09/30,170.0,112.0,1059.0,3000000.0,3000000.0,3000000.0,510000000.0,1.0,1.0,,,,,,,,,,,,,,,,,
8a93d99f4ddd3225214f5c0e83dd513f,1400/12/29,6771.0,0.0,371.0,3000000.0,3000000.0,3000000.0,20313000000.0,1.0,1.0,,,,,,,,,,,,,,,,,
8a93d99f4ddd3225214f5c0e83dd513f,1401/03/31,54.0,26.0,6907.0,3000000.0,3000000.0,3000000.0,162000000.0,1.0,1.0,,,,,,,,,,,,,,,,,
8a93d99f4ddd3225214f5c0e83dd513f,1401/06/31,184.0,129.0,6907.0,3000000.0,3000000.0,3000000.0,552000000.0,1.0,1.0,,,,,,,,,,,,,,,,,
8a93d99f4ddd3225214f5c0e83dd513f,1401/09/30,720.0,0.0,6771.0,3000000.0,0.0,3000000.0,2160000000.0,1.0,1.0,,,,,,,,,,,,,,,,,
8a93d99f4ddd3225214f5c0e83dd513f,1401/12/29,29.0,54.0,3363.0,3000000.0,3000000.0,3000000.0,87000000.0,1.0,1.0,,,,,,,,,,,,,,,,,
8a93d99f4ddd3225214f5c0e83dd513f,1402/03/31,4303.0,3059.0,720.0,3000000.0,3000000.0,3000000.0,12909000000.0,1.0,1.0,,,,,,,,,,,,,,,,,
8a93d99f4ddd3225214f5c0e83dd513f,1402/06/31,673.0,3363.0,3363.0,3000000.0,3000000.0,3000000.0,2019000000.0,1.0,1.0,,,,,,,,,,,,,,,,,
8a93d99f4ddd3225214f5c0e83dd513f,1402/09/30,8119.0,0.0,720.0,3000000.0,3000000.0,3000000.0,24357000000.0,1.0,1.0,,,,,,,,,,,,,,,,,
8a93d99f4ddd3225214f5c0e83dd513f,1402/12/29,15.0,29.0,8021.0,3000000.0,3000000.0,3000000.0,45000000.0,1.0,1.0,,,,,,,,,,,,,,,,,
8a93d99f4ddd3225214f5c0e83dd513f,1403/03/31,237.0,191.0,8021.0,3000000.0,3000000.0,3000000.0,711000000.0,1.0,1.0,,,,,,,,,,,,,,,,,
8a93d99f4ddd3225214f5c0e83dd513f,1403/06/31,546.0,374.0,4456.0,5400000.0,5400000.0,5400000.0,2948400000.0,1.0,1.0,,,,,,,,,,,,,,,,,
8a93d99f4ddd3225214f5c0e83dd513f,1403/09/30,5926.0,0.0,4514.0,5400000.0,3000000.0,5400000.0,32000400000.0,1.0,1.0,,,,,,,,,,,,,,,,,
8a93d99f4ddd3225214f5c0e83dd513f,1403/12/30,9.0,8.0,5400.0,5400000.0,5400000.0,5400000.0,48600000.0,1.0,1.0,,,,,,,,,,,,,,,,,
8a93d99f4ddd3225214f5c0e83dd513f,1404/03/31,138.0,129.0,5400.0,5400000.0,5400000.0,5400000.0,745200000.0,1.0,1.0,,,,,,,,,,,,,,,,,
8a93d99f4ddd3225214f5c0e83dd513f,1404/06/31,733.0,546.0,5400.0,5400000.0,5400000.0,5400000.0,3958200000.0,1.0,1.0,,,,,,,,,,,,,,,,,
8a93d99f4ddd3225214f5c0e83dd513f,1404/09/30,9460.0,5943.0,,5400000.0,5400000.0,,51084000000.0,52405131.0,31621820.0,,,,,,,,,,,,,,,,,
8a93d99f4ddd3225214f5c0e83dd513f,1404/12/29,-1.0,9.0,9312.0,5400000.0,5400000.0,5400000.0,-5400000.0,4049.0,59310.0,,,,,,,,,,,,,,,,,
8ae97b44c2d9568e972acecf665519f7,1399/09/30,0.0,0.0,0.0,6691000.0,0.0,6691000.0,0.0,1.0,1.0,,,,,,,,,,,,,,,,,
8ae97b44c2d9568e972acecf665519f7,1399/12/30,0.0,0.0,0.0,0.0,0.0,0.0,0.0,1.0,1.0,,,,,,,,,,,,,,,,,
8ae97b44c2d9568e972acecf665519f7,1400/03/31,580.0,418.0,39.0,6691000.0,6691000.0,0.0,3880780000.0,1.0,1.0,,,,,,,,,,,,,,,,,
8ae97b44c2d9568e972acecf665519f7,1400/06/31,1672.0,1120.0,49.0,6691000.0,6691000.0,0.0,11187352000.0,1.0,1.0,,,,,,,,,,,,,,,,,
8ae97b44c2d9568e972acecf665519f7,1400/09/30,1307.0,0.0,0.0,12000000.0,6691000.0,79.0,15684000000.0,1.0,1.0,,,,,,,,,,,,,,,,,
8ae97b44c2d9568e972acecf665519f7,1400/12/29,281.0,186.0,51.0,12000000.0,6691000.0,79.0,3372000000.0,1.0,1.0,,,,,,,,,,,,,,,,,
8ae97b44c2d9568e972acecf665519f7,1401/03/31,625.0,580.0,8.0,12000000.0,6691000.0,79.0,7500000000.0,1.0,1.0,,,,,,,,,,,,,,,,,
8ae97b44c2d9568e972acecf665519f7,1401/06/31,850.0,1672.0,-49.0,23400000.0,6691000.0,250.0,19890000000.0,1.0,1.0,,,,,,,,,,,,,,,,,
8ae97b44c2d9568e972acecf665519f7,1401/09/30,875.0,0.0,0.0,23400000.0,12000000.0,95.0,20475000000.0,1.0,1.0,,,,,,,,,,,,,,,,,
8ae97b44c2d9568e972acecf665519f7,1401/12/29,305.0,281.0,9.0,23400000.0,12000000.0,95.0,7137000000.0,1.0,1.0,,,,,,,,,,,,,,,,,
8ae97b44c2d9568e972acecf665519f7,1402/03/31,617.0,626.0,-1.0,23400000.0,12000000.0,95.0,14437800000.0,1.0,1.0,,,,,,,,,,,,,,,,,
8ae97b44c2d9568e972acecf665519f7,1402/06/31,1239.0,850.0,46.0,30400000.0,23400000.0,30.0,37665600000.0,1.0,1.0,,,,,,,,,,,,,,,,,
8ae97b44c2d9568e972acecf665519f7,1402/09/30,1322.0,0.0,0.0,30400000.0,23400000.0,30.0,40188800000.0,1.0,1.0,,,,,,,,,,,,,,,,,
8ae97b44c2d9568e972acecf665519f7,1402/12/29,208.0,305.0,-32.0,30400000.0,23400000.0,30.0,6323200000.0,1.0,1.0,,,,,,,,,,,,,,,,,
8ae97b44c2d9568e972acecf665519f7,1403/03/31,331.0,617.0,-46.0,30400000.0,23400000.0,30.0,10062400000.0,1.0,1.0,,,,,,,,,,,,,,,,,
8ae97b44c2d9568e972acecf665519f7,1403/06/31,850.0,1610.0,-47.0,30400000.0,23400000.0,30.0,25840000000.0,1.0,1.0,,,,,,,,,,,,,,,,,
8ae97b44c2d9568e972acecf665519f7,1403/09/30,1060.0,0.0,1718.0,30400000.0,30400000.0,23400000.0,32224000000.0,1.0,1.0,,,,,,,,,,,,,,,,,
8ae97b44c2d9568e972acecf665519f7,1403/12/30,274.0,208.0,1106.0,30400000.0,30400000.0,30400000.0,8329600000.0,1.0,1.0,,,,,,,,,,,,,,,,,
8ae97b44c2d9568e972acecf665519f7,1404/03/31,676.0,331.0,1106.0,30400000.0,30400000.0,30400000.0,20550400000.0,1.0,1.0,,,,,,,,,,,,,,,,,
8ae97b44c2d9568e972acecf665519f7,1404/06/31,1569.0,850.0,1106.0,30400000.0,30400000.0,30400000.0,47697600000.0,1.0,1.0,,,,,,,,,,,,,,,,,
8ae97b44c2d9568e972acecf665519f7,1404/12/29,412.0,274.0,1920.0,30400000.0,30400000.0,30400000.0,12524800000.0,12304658.0,8317580.0,,,,,,,,,,,,,,,,,
8b5fc1bfef84c4c6f8b652747c0c50f7,1398/09/30,454.0,198.0,332.0,200000.0,200000.0,200000.0,90800000.0,1.0,1.0,,,,,,,,,,,,,,,,,
8b5fc1bfef84c4c6f8b652747c0c50f7,1398/12/29,797.0,0.0,332.0,200000.0,200000.0,200000.0,159400000.0,1.0,1.0,,,,,,,,,,,,,,,,,
8b5fc1bfef84c4c6f8b652747c0c50f7,1399/03/31,320.0,170.0,797.0,200000.0,200000.0,200000.0,64000000.0,1.0,1.0,,,,,,,,,,,,,,,,,
8b5fc1bfef84c4c6f8b652747c0c50f7,1399/06/31,1604.0,295.0,797.0,200000.0,200000.0,200000.0,320800000.0,1.0,1.0,,,,,,,,,,,,,,,,,
8b5fc1bfef84c4c6f8b652747c0c50f7,1399/09/30,1842.0,454.0,797.0,200000.0,200000.0,200000.0,368400000.0,1.0,1.0,,,,,,,,,,,,,,,,,
8b5fc1bfef84c4c6f8b652747c0c50f7,1399/12/30,2604.0,0.0,797.0,200000.0,200000.0,200000.0,520800000.0,1.0,1.0,,,,,,,,,,,,,,,,,
8b5fc1bfef84c4c6f8b652747c0c50f7,1400/03/31,830.0,320.0,2604.0,200000.0,200000.0,200000.0,166000000.0,1.0,1.0,,,,,,,,,,,,,,,,,
8b5fc1bfef84c4c6f8b652747c0c50f7,1400/06/31,1637.0,1613.0,2604.0,200000.0,200000.0,200000.0,327400000.0,1.0,1.0,,,,,,,,,,,,,,,,,
8b5fc1bfef84c4c6f8b652747c0c50f7,1400/09/30,2661.0,1842.0,2604.0,200000.0,200000.0,200000.0,532200000.0,1.0,1.0,,,,,,,,,,,,,,,,,
8b5fc1bfef84c4c6f8b652747c0c50f7,1400/12/29,4946.0,0.0,2604.0,200000.0,200000.0,200000.0,989200000.0,1.0,1.0,,,,,,,,,,,,,,,,,
8b5fc1bfef84c4c6f8b652747c0c50f7,1401/03/31,1376.0,664.0,4018.0,250000.0,250000.0,250000.0,344000000.0,1.0,1.0,,,,,,,,,,,,,,,,,
8b5fc1bfef84c4c6f8b652747c0c50f7,1401/06/31,3055.0,1445.0,4018.0,250000.0,250000.0,250000.0,763750000.0,1.0,1.0,,,,,,,,,,,,,,,,,
8b5fc1bfef84c4c6f8b652747c0c50f7,1401/09/30,6029.0,2088.0,4018.0,250000.0,250000.0,250000.0,1507250000.0,1.0,1.0,,,,,,,,,,,,,,,,,
8b5fc1bfef84c4c6f8b652747c0c50f7,1401/12/29,9709.0,0.0,4018.0,250000.0,250000.0,250000.0,2427250000.0,1.0,1.0,,,,,,,,,,,,,,,,,
8b5fc1bfef84c4c6f8b652747c0c50f7,1402/03/31,2560.0,1322.0,9704.0,250000.0,250000.0,250000.0,640000000.0,1.0,1.0,,,,,,,,,,,,,,,,,
8b5fc1bfef84c4c6f8b652747c0c50f7,1402/06/31,5240.0,3206.0,9704.0,250000.0,250000.0,250000.0,1310000000.0,1.0,1.0,,,,,,,,,,,,,,,,,
8b5fc1bfef84c4c6f8b652747c0c50f7,1402/09/30,9904.0,6029.0,9704.0,250000.0,250000.0,250000.0,2476000000.0,1.0,1.0,,,,,,,,,,,,,,,,,
8b5fc1bfef84c4c6f8b652747c0c50f7,1402/12/29,12439.0,0.0,9704.0,250000.0,250000.0,250000.0,3109750000.0,1.0,1.0,,,,,,,,,,,,,,,,,
8b5fc1bfef84c4c6f8b652747c0c50f7,1403/03/31,4382.0,2570.0,12489.0,250000.0,250000.0,250000.0,1095500000.0,1.0,1.0,,,,,,,,,,,,,,,,,
8b5fc1bfef84c4c6f8b652747c0c50f7,1403/06/31,7676.0,5240.0,12489.0,250000.0,250000.0,250000.0,1919000000.0,1.0,1.0,,,,,,,,,,,,,,,,,
8b5fc1bfef84c4c6f8b652747c0c50f7,1403/09/30,10266.0,9904.0,12489.0,250000.0,250000.0,250000.0,2566500000.0,1.0,1.0,,,,,,,,,,,,,,,,,
8b5fc1bfef84c4c6f8b652747c0c50f7,1403/12/30,0.0,0.0,0.0,250000.0,250000.0,970.0,3408324556.0,1.0,1.0,,,,,,,,,,,,,,,,,
8b5fc1bfef84c4c6f8b652747c0c50f7,1404/03/31,328.0,410.0,1274.0,2675294.0,2675294.0,2675294.0,877496432.0,1.0,1.0,,,,,,,,,,,,,,,,,
8b5fc1bfef84c4c6f8b652747c0c50f7,1404/06/31,897.0,677.0,1274.0,2675294.0,2675294.0,2675294.0,2399738718.0,1.0,1.0,,,,,,,,,,,,,,,,,
8b5fc1bfef84c4c6f8b652747c0c50f7,1404/09/30,1305.0,965.0,1274.0,2675294.0,2675294.0,2675294.0,3491258670.0,1.0,1.0,,,,,,,,,,,,,,,,,
8b5fc1bfef84c4c6f8b652747c0c50f7,1404/12/29,1633.0,0.0,1274.0,2675294.0,2675294.0,2675294.0,4368755102.0,-1.0,100.0,,,,,,,,,,,,,,,,,
8b5fc1bfef84c4c6f8b652747c0c50f7,1405/03/31,503.0,328.0,1633.0,2675294.0,2675294.0,2675294.0,1345672882.0,2039867.0,1266383.0,,,,,,,,,,,,,,,,,
8bbc5bbccde546656d599555b9be64d9,1398/06/31,666.0,1296.0,3227.0,250000.0,53222.4,53222.4,166500000.0,-1.0,100.0,,,,,,,,,,,,,,,,,
8bbc5bbccde546656d599555b9be64d9,1398/09/30,1127.0,2618.0,3227.0,250000.0,53222.0,53222.0,281750000.0,-1.0,100.0,,,,,,,,,,,,,,,,,
8bbc5bbccde546656d599555b9be64d9,1398/12/29,1611.0,0.0,3227.0,250000.0,250000.0,53222.0,402750000.0,-1.0,100.0,,,,,,,,,,,,,,,,,
8bbc5bbccde546656d599555b9be64d9,1399/03/31,1087.0,443.0,1611.0,250000.0,250000.0,250000.0,271750000.0,-1.0,100.0,,,,,,,,,,,,,,,,,
8bbc5bbccde546656d599555b9be64d9,1399/06/31,1967.0,666.0,1611.0,250000.0,250000.0,250000.0,491750000.0,-1.0,100.0,,,,,,,,,,,,,,,,,
8bbc5bbccde546656d599555b9be64d9,1399/09/30,4913.0,1127.0,1611.0,250000.0,250000.0,250000.0,1228250000.0,-1.0,100.0,,,,,,,,,,,,,,,,,
8bbc5bbccde546656d599555b9be64d9,1399/12/30,5350.0,0.0,1611.0,250000.0,250000.0,250000.0,1337500000.0,-1.0,100.0,,,,,,,,,,,,,,,,,
8bbc5bbccde546656d599555b9be64d9,1400/03/31,1966.0,1087.0,5311.0,250000.0,250000.0,250000.0,491500000.0,-1.0,100.0,,,,,,,,,,,,,,,,,
8bbc5bbccde546656d599555b9be64d9,1400/06/31,3415.0,1967.0,5311.0,250000.0,250000.0,250000.0,853750000.0,-1.0,100.0,,,,,,,,,,,,,,,,,
8bbc5bbccde546656d599555b9be64d9,1400/12/29,4900.0,0.0,5311.0,250000.0,250000.0,250000.0,1225000000.0,-1.0,100.0,,,,,,,,,,,,,,,,,
8bbc5bbccde546656d599555b9be64d9,1401/03/31,1983.0,1966.0,4900.0,250000.0,250000.0,250000.0,495750000.0,-1.0,100.0,,,,,,,,,,,,,,,,,
8bbc5bbccde546656d599555b9be64d9,1401/06/31,2986.0,3415.0,4900.0,250000.0,250000.0,250000.0,746500000.0,-1.0,100.0,,,,,,,,,,,,,,,,,
8bbc5bbccde546656d599555b9be64d9,1401/09/30,4485.0,4459.0,4900.0,250000.0,250000.0,250000.0,1121250000.0,-1.0,100.0,,,,,,,,,,,,,,,,,
8bbc5bbccde546656d599555b9be64d9,1401/12/29,5953.0,0.0,4900.0,250000.0,250000.0,250000.0,1488250000.0,-1.0,100.0,,,,,,,,,,,,,,,,,
8bbc5bbccde546656d599555b9be64d9,1402/03/31,2764.0,1983.0,5953.0,250000.0,250000.0,250000.0,691000000.0,-1.0,100.0,,,,,,,,,,,,,,,,,
8bbc5bbccde546656d599555b9be64d9,1402/06/31,241.0,2986.0,5953.0,4000000.0,250000.0,250000.0,964000000.0,-1.0,100.0,,,,,,,,,,,,,,,,,
8bbc5bbccde546656d599555b9be64d9,1402/09/30,370.0,4485.0,5953.0,4000000.0,250000.0,250000.0,1480000000.0,-1.0,100.0,,,,,,,,,,,,,,,,,
8bbc5bbccde546656d599555b9be64d9,1402/12/29,446.0,0.0,5953.0,4000000.0,250000.0,250000.0,1784000000.0,-1.0,100.0,,,,,,,,,,,,,,,,,
8bbc5bbccde546656d599555b9be64d9,1403/03/31,262.0,173.0,446.0,4000000.0,4000000.0,4000000.0,1048000000.0,-1.0,100.0,,,,,,,,,,,,,,,,,
8bbc5bbccde546656d599555b9be64d9,1403/06/31,359.0,241.0,446.0,4000000.0,4000000.0,4000000.0,1436000000.0,-1.0,100.0,,,,,,,,,,,,,,,,,
8bbc5bbccde546656d599555b9be64d9,1403/09/30,460.0,370.0,446.0,4000000.0,4000000.0,4000000.0,1840000000.0,-1.0,100.0,,,,,,,,,,,,,,,,,
8bbc5bbccde546656d599555b9be64d9,1403/12/30,510.0,0.0,446.0,4000000.0,4000000.0,4000000.0,2040000000.0,-1.0,100.0,,,,,,,,,,,,,,,,,
8bbc5bbccde546656d599555b9be64d9,1404/03/31,385.0,262.0,510.0,4000000.0,4000000.0,4000000.0,1540000000.0,-1.0,100.0,,,,,,,,,,,,,,,,,
8bbc5bbccde546656d599555b9be64d9,1404/06/31,1004.0,359.0,510.0,4000000.0,4000000.0,4000000.0,4016000000.0,-1.0,100.0,,,,,,,,,,,,,,,,,
8bbc5bbccde546656d599555b9be64d9,1404/09/30,1755.0,460.0,510.0,4000000.0,4000000.0,4000000.0,7020000000.0,-1.0,100.0,,,,,,,,,,,,,,,,,
8bbc5bbccde546656d599555b9be64d9,1404/12/29,2930.0,0.0,510.0,4000000.0,4000000.0,4000000.0,11720000000.0,2306.0,689.0,,,,,,,,,,,,,,,,,
8bbc5bbccde546656d599555b9be64d9,1405/03/31,1312.0,385.0,2886.0,4000000.0,4000000.0,4000000.0,5248000000.0,4347894.0,938469.0,9866484.0,5649153.0,2792994.0,15240368.0,-288649.0,1700750.0,5249450.0,1540016.0,11544854.0,2603443.0,1087502.0,6468964.0,32485570.0,27229521.0,21254490.0,20921847.0,11231080.0
8bfd141901eaba0211578f174767f175,1398/03/31,0.0,0.0,0.0,7283105.0,47.0,0.0,0.0,1.0,1.0,,,,,,,,,,,,,,,,,
8bfd141901eaba0211578f174767f175,1398/06/31,0.0,0.0,0.0,7283105.0,54.0,0.0,0.0,1.0,1.0,,,,,,,,,,,,,,,,,
8bfd141901eaba0211578f174767f175,1398/12/29,480.0,179.0,1104.0,2016000.0,2016000.0,2016000.0,967680000.0,1.0,1.0,,,,,,,,,,,,,,,,,
8bfd141901eaba0211578f174767f175,1399/03/31,383.0,476.0,1104.0,4500000.0,2016000.0,2016000.0,1723500000.0,1.0,1.0,,,,,,,,,,,,,,,,,
8bfd141901eaba0211578f174767f175,1399/06/31,1496.0,708.0,1104.0,2016000.0,2016000.0,2016000.0,3015936000.0,1.0,1.0,,,,,,,,,,,,,,,,,
8bfd141901eaba0211578f174767f175,1399/09/30,1007.0,0.0,494.0,4500000.0,2016000.0,4500000.0,4531500000.0,1.0,1.0,,,,,,,,,,,,,,,,,
8bfd141901eaba0211578f174767f175,1399/12/30,278.0,215.0,1007.0,4500000.0,4500000.0,4500000.0,1251000000.0,1.0,1.0,,,,,,,,,,,,,,,,,
8bfd141901eaba0211578f174767f175,1400/03/31,489.0,373.0,1007.0,4500000.0,4500000.0,4500000.0,2200500000.0,1.0,1.0,,,,,,,,,,,,,,,,,
8bfd141901eaba0211578f174767f175,1400/06/31,923.0,670.0,1007.0,4500000.0,4500000.0,4500000.0,4153500000.0,1.0,1.0,,,,,,,,,,,,,,,,,
8bfd141901eaba0211578f174767f175,1400/09/30,1546.0,0.0,1007.0,4500000.0,4500000.0,4500000.0,6957000000.0,1.0,1.0,,,,,,,,,,,,,,,,,
8bfd141901eaba0211578f174767f175,1400/12/29,493.0,278.0,1525.0,4500000.0,4500000.0,4500000.0,2218500000.0,1.0,1.0,,,,,,,,,,,,,,,,,
8bfd141901eaba0211578f174767f175,1401/03/31,905.0,489.0,1525.0,4500000.0,4500000.0,4500000.0,4072500000.0,1.0,1.0,,,,,,,,,,,,,,,,,
8bfd141901eaba0211578f174767f175,1401/06/31,591.0,923.0,1525.0,13500000.0,4500000.0,4500000.0,7978500000.0,1.0,1.0,,,,,,,,,,,,,,,,,
8bfd141901eaba0211578f174767f175,1401/09/30,1117.0,0.0,515.0,13500000.0,4500000.0,13500000.0,15079500000.0,1.0,1.0,,,,,,,,,,,,,,,,,
8bfd141901eaba0211578f174767f175,1401/12/29,421.0,164.0,1117.0,13500000.0,13500000.0,13500000.0,5683500000.0,1.0,1.0,,,,,,,,,,,,,,,,,
8bfd141901eaba0211578f174767f175,1402/03/31,403.0,161.0,603.0,25000000.0,25000000.0,25000000.0,10075000000.0,1.0,1.0,,,,,,,,,,,,,,,,,
8bfd141901eaba0211578f174767f175,1402/06/31,606.0,319.0,603.0,25000000.0,25000000.0,25000000.0,15150000000.0,1.0,1.0,,,,,,,,,,,,,,,,,
8bfd141901eaba0211578f174767f175,1402/09/30,871.0,0.0,603.0,25000000.0,13500000.0,25000000.0,21775000000.0,1.0,1.0,,,,,,,,,,,,,,,,,
8bfd141901eaba0211578f174767f175,1402/12/29,190.0,228.0,847.0,25000000.0,25000000.0,25000000.0,4750000000.0,1.0,1.0,,,,,,,,,,,,,,,,,
8bfd141901eaba0211578f174767f175,1403/03/31,317.0,403.0,871.0,25000000.0,25000000.0,25000000.0,7925000000.0,1.0,1.0,,,,,,,,,,,,,,,,,
8bfd141901eaba0211578f174767f175,1403/06/31,400.0,606.0,847.0,25000000.0,25000000.0,25000000.0,10000000000.0,1.0,1.0,,,,,,,,,,,,,,,,,
8bfd141901eaba0211578f174767f175,1403/09/30,534.0,0.0,871.0,41000000.0,25000000.0,25000000.0,21894000000.0,1.0,1.0,,,,,,,,,,,,,,,,,
8bfd141901eaba0211578f174767f175,1403/12/30,182.0,116.0,476.0,41000000.0,41000000.0,41000000.0,7462000000.0,1.0,1.0,,,,,,,,,,,,,,,,,
8bfd141901eaba0211578f174767f175,1404/03/31,389.0,177.0,476.0,41000000.0,41000000.0,41000000.0,15949000000.0,1.0,1.0,,,,,,,,,,,,,,,,,
8bfd141901eaba0211578f174767f175,1404/06/31,595.0,244.0,476.0,41000000.0,41000000.0,41000000.0,24395000000.0,1.0,1.0,,,,,,,,,,,,,,,,,
8bfd141901eaba0211578f174767f175,1404/09/30,917.0,0.0,534.0,56000000.0,41000000.0,41000000.0,51352000000.0,-1.0,100.0,,,,,,,,,,,,,,,,,
8bfd141901eaba0211578f174767f175,1404/12/29,375.0,133.0,848.0,56000000.0,56000000.0,56000000.0,21000000000.0,-1.0,100.0,,,,,,,,,,,,,,,,,
8bfd141901eaba0211578f174767f175,1405/03/31,939.0,285.0,848.0,56000000.0,56000000.0,56000000.0,52584000000.0,66507856.0,25871373.0,58871539.0,132411833.0,60714706.0,144178554.0,-12751448.0,9576853.0,52566607.0,15935391.0,47464510.0,-27858132.0,21737290.0,33059964.0,357765146.0,264827297.0,216446165.0,162393506.0,141318981.0
8c179073bc41ee6b95d603feda98dafa,1398/03/31,316.0,254.0,2304.0,1000000.0,600000.0,600000.0,316000000.0,1.0,1.0,,,,,,,,,,,,,,,,,
8c179073bc41ee6b95d603feda98dafa,1398/06/31,1066.0,498.0,2304.0,1000000.0,600000.0,600000.0,1066000000.0,1.0,1.0,,,,,,,,,,,,,,,,,
8c179073bc41ee6b95d603feda98dafa,1398/09/30,1439.0,1364.0,2304.0,1000000.0,600000.0,600000.0,1439000000.0,1.0,1.0,,,,,,,,,,,,,,,,,
8c179073bc41ee6b95d603feda98dafa,1398/12/29,2586.0,0.0,2304.0,1000000.0,600000.0,600000.0,2586000000.0,1.0,1.0,,,,,,,,,,,,,,,,,
8c179073bc41ee6b95d603feda98dafa,1399/03/31,659.0,526.0,2530.0,1000000.0,600000.0,1000000.0,659000000.0,1.0,1.0,,,,,,,,,,,,,,,,,
8c179073bc41ee6b95d603feda98dafa,1399/06/31,1759.0,1066.0,2530.0,1000000.0,1000000.0,1000000.0,1759000000.0,1.0,1.0,,,,,,,,,,,,,,,,,
8c179073bc41ee6b95d603feda98dafa,1399/09/30,2734.0,1439.0,2530.0,1000000.0,1000000.0,1000000.0,2734000000.0,1.0,1.0,,,,,,,,,,,,,,,,,
8c179073bc41ee6b95d603feda98dafa,1399/12/30,4184.0,0.0,2530.0,1000000.0,1000000.0,1000000.0,4184000000.0,1.0,1.0,,,,,,,,,,,,,,,,,
8c179073bc41ee6b95d603feda98dafa,1400/03/31,111.0,659.0,4095.0,1000000.0,1000000.0,1000000.0,111000000.0,1.0,1.0,,,,,,,,,,,,,,,,,
8c179073bc41ee6b95d603feda98dafa,1400/06/31,1337.0,2006.0,4169.0,1000000.0,1000000.0,1000000.0,1337000000.0,1.0,1.0,,,,,,,,,,,,,,,,,
8c179073bc41ee6b95d603feda98dafa,1400/09/30,1227.0,2734.0,4095.0,1000000.0,1000000.0,1000000.0,1227000000.0,1.0,1.0,,,,,,,,,,,,,,,,,
8c179073bc41ee6b95d603feda98dafa,1400/12/29,2746.0,0.0,4169.0,1000000.0,1000000.0,1000000.0,2746000000.0,1.0,1.0,,,,,,,,,,,,,,,,,
8c179073bc41ee6b95d603feda98dafa,1401/03/31,102.0,111.0,2239.0,2000000.0,1000000.0,1000000.0,204000000.0,1.0,1.0,,,,,,,,,,,,,,,,,
8c179073bc41ee6b95d603feda98dafa,1401/06/31,1005.0,694.0,1360.0,2000000.0,2000000.0,2000000.0,2010000000.0,1.0,1.0,,,,,,,,,,,,,,,,,
8c179073bc41ee6b95d603feda98dafa,1401/09/30,1592.0,613.0,1119.0,2000000.0,2000000.0,2000000.0,3184000000.0,1.0,1.0,,,,,,,,,,,,,,,,,
8c179073bc41ee6b95d603feda98dafa,1401/12/29,1652.0,0.0,1360.0,4000000.0,2000000.0,2000000.0,6608000000.0,1.0,1.0,,,,,,,,,,,,,,,,,
8c179073bc41ee6b95d603feda98dafa,1402/03/31,354.0,102.0,1619.0,4000000.0,2000000.0,4000000.0,1416000000.0,1.0,1.0,,,,,,,,,,,,,,,,,
8c179073bc41ee6b95d603feda98dafa,1402/06/31,927.0,595.0,1648.0,4000000.0,4000000.0,4000000.0,3708000000.0,1.0,1.0,,,,,,,,,,,,,,,,,
8c179073bc41ee6b95d603feda98dafa,1402/09/30,866.0,796.0,1619.0,6000000.0,4000000.0,4000000.0,5196000000.0,1.0,1.0,,,,,,,,,,,,,,,,,
8c179073bc41ee6b95d603feda98dafa,1402/12/29,1629.0,0.0,1648.0,6000000.0,4000000.0,4000000.0,9774000000.0,1.0,1.0,,,,,,,,,,,,,,,,,
8c179073bc41ee6b95d603feda98dafa,1403/03/31,368.0,236.0,1507.0,6000000.0,6000000.0,6000000.0,2208000000.0,1.0,1.0,,,,,,,,,,,,,,,,,
8c179073bc41ee6b95d603feda98dafa,1403/06/31,1069.0,972.0,1607.0,6000000.0,4000000.0,6000000.0,6414000000.0,1376.0,-307.0,,,,,,,,,,,,,,,,,
8c179073bc41ee6b95d603feda98dafa,1403/09/30,919.0,866.0,1507.0,10000000.0,6000000.0,6000000.0,9190000000.0,1400.0,-481.0,,,,,,,,,,,,,,,,,
8c179073bc41ee6b95d603feda98dafa,1403/12/30,1613.0,0.0,1607.0,10000000.0,6000000.0,6000000.0,16130000000.0,2045.0,-433.0,,,,,,,,,,,,,,,,,
8c179073bc41ee6b95d603feda98dafa,1404/03/31,395.0,221.0,1510.0,10000000.0,10000000.0,10000000.0,3950000000.0,1.0,1.0,,,,,,,,,,,,,,,,,
8c179073bc41ee6b95d603feda98dafa,1404/06/31,1004.0,548.0,1510.0,10000000.0,10000000.0,10000000.0,10040000000.0,1.0,1.0,,,,,,,,,,,,,,,,,
8c179073bc41ee6b95d603feda98dafa,1404/09/30,1642.0,919.0,1510.0,10000000.0,10000000.0,10000000.0,16420000000.0,1.0,1.0,,,,,,,,,,,,,,,,,
8c179073bc41ee6b95d603feda98dafa,1404/12/29,1959.0,0.0,888.0,17000000.0,10000000.0,17000000.0,33303000000.0,2337.0,-377.0,,,,,,,,,,,,,,,,,
8c179073bc41ee6b95d603feda98dafa,1405/03/31,643.0,233.0,1961.0,17000000.0,17000000.0,17000000.0,10931000000.0,14748151.0,6878978.0,,57323892.0,28034558.0,,-4322456.0,1012699.0,,,,,,,,,,,
8cf8f7ebb7a81d1f00229c19692d4f69,1400/03/31,152.0,132.0,868.0,702900.0,702900.0,702900.0,106840800.0,1.0,1.0,,,,,,,,,,,,,,,,,
8cf8f7ebb7a81d1f00229c19692d4f69,1400/06/31,467.0,322.0,728.0,702900.0,562900.0,702900.0,328254300.0,1.0,1.0,,,,,,,,,,,,,,,,,
8cf8f7ebb7a81d1f00229c19692d4f69,1400/09/30,807.0,428.0,793.0,702900.0,702900.0,702900.0,567240300.0,1.0,1.0,,,,,,,,,,,,,,,,,
8cf8f7ebb7a81d1f00229c19692d4f69,1400/12/29,1186.0,0.0,1001.0,702900.0,702900.0,609567.0,833639400.0,1.0,1.0,,,,,,,,,,,,,,,,,
8cf8f7ebb7a81d1f00229c19692d4f69,1401/03/31,164.0,152.0,1186.0,702900.0,702900.0,702900.0,115275600.0,1.0,1.0,,,,,,,,,,,,,,,,,
8cf8f7ebb7a81d1f00229c19692d4f69,1401/06/31,635.0,552.0,1186.0,702900.0,702900.0,702900.0,446341500.0,1.0,1.0,,,,,,,,,,,,,,,,,
8cf8f7ebb7a81d1f00229c19692d4f69,1401/09/30,1631.0,807.0,1186.0,702900.0,702900.0,702900.0,1146429900.0,1.0,1.0,,,,,,,,,,,,,,,,,
8cf8f7ebb7a81d1f00229c19692d4f69,1401/12/29,3415.0,0.0,1186.0,702900.0,702900.0,702900.0,2400403500.0,1.0,1.0,,,,,,,,,,,,,,,,,
8cf8f7ebb7a81d1f00229c19692d4f69,1402/03/31,344.0,164.0,3415.0,802900.0,702900.0,702900.0,276197600.0,1.0,1.0,,,,,,,,,,,,,,,,,
8cf8f7ebb7a81d1f00229c19692d4f69,1402/06/31,392.0,597.0,3415.0,802900.0,702900.0,702900.0,314736800.0,1.0,1.0,,,,,,,,,,,,,,,,,
8cf8f7ebb7a81d1f00229c19692d4f69,1402/09/30,1524.0,1631.0,3415.0,802900.0,702900.0,702900.0,1223619600.0,1.0,1.0,,,,,,,,,,,,,,,,,
8cf8f7ebb7a81d1f00229c19692d4f69,1402/12/29,2778.0,0.0,2990.0,802900.0,802900.0,802900.0,2230456200.0,1.0,1.0,,,,,,,,,,,,,,,,,
8cf8f7ebb7a81d1f00229c19692d4f69,1403/03/31,873.0,344.0,2737.0,802900.0,802900.0,802900.0,700931700.0,1.0,1.0,,,,,,,,,,,,,,,,,
8cf8f7ebb7a81d1f00229c19692d4f69,1403/06/31,1828.0,392.0,2737.0,802900.0,802900.0,802900.0,1467701200.0,1.0,1.0,,,,,,,,,,,,,,,,,
8cf8f7ebb7a81d1f00229c19692d4f69,1403/09/30,3180.0,1524.0,2737.0,802900.0,802900.0,802900.0,2553222000.0,1.0,1.0,,,,,,,,,,,,,,,,,
8cf8f7ebb7a81d1f00229c19692d4f69,1403/12/30,4065.0,0.0,2737.0,802900.0,802900.0,802900.0,3263788500.0,1.0,1.0,,,,,,,,,,,,,,,,,
8cf8f7ebb7a81d1f00229c19692d4f69,1404/03/31,1656.0,873.0,4065.0,802900.0,802900.0,802900.0,1329602400.0,1.0,1.0,,,,,,,,,,,,,,,,,
8cf8f7ebb7a81d1f00229c19692d4f69,1404/06/31,1725.0,2197.0,4065.0,802900.0,802900.0,802900.0,1385002500.0,1.0,1.0,,,,,,,,,,,,,,,,,
8cf8f7ebb7a81d1f00229c19692d4f69,1404/09/30,2375.0,2782.0,4065.0,802900.0,802900.0,802900.0,1906887500.0,1.0,1.0,,,,,,,,,,,,,,,,,
8cf8f7ebb7a81d1f00229c19692d4f69,1404/12/29,3997.0,0.0,4065.0,802900.0,802900.0,802900.0,3209191300.0,-1.0,100.0,,,,,,,,,,,,,,,,,
8cf8f7ebb7a81d1f00229c19692d4f69,1405/03/31,910.0,1656.0,3997.0,802900.0,802900.0,802900.0,730639000.0,1054702.0,1876828.0,,,,,,,,,,,,,,,,,
8ecb7116a860463b6dee7ca13dcf73ea,1398/06/31,1871.0,727.0,2253.0,330000.0,330000.0,330000.0,617430000.0,1.0,1.0,,,,,,,,,,,,,,,,,
8ecb7116a860463b6dee7ca13dcf73ea,1398/09/30,2301.0,1267.0,2253.0,330000.0,330000.0,330000.0,759330000.0,1.0,1.0,,,,,,,,,,,,,,,,,
8ecb7116a860463b6dee7ca13dcf73ea,1398/12/29,3110.0,0.0,2253.0,330000.0,330000.0,330000.0,1026300000.0,1.0,1.0,,,,,,,,,,,,,,,,,
8ecb7116a860463b6dee7ca13dcf73ea,1399/03/31,1003.0,626.0,3178.0,330000.0,330000.0,330000.0,330990000.0,1.0,1.0,,,,,,,,,,,,,,,,,
8ecb7116a860463b6dee7ca13dcf73ea,1399/06/31,3219.0,1880.0,3178.0,330000.0,330000.0,330000.0,1062270000.0,1.0,1.0,,,,,,,,,,,,,,,,,
8ecb7116a860463b6dee7ca13dcf73ea,1399/09/30,0.0,0.0,0.0,330000.0,330000.0,0.0,0.0,1.0,1.0,,,,,,,,,,,,,,,,,
8ecb7116a860463b6dee7ca13dcf73ea,1399/12/30,14144.0,0.0,3178.0,330000.0,330000.0,330000.0,4667520000.0,1.0,1.0,,,,,,,,,,,,,,,,,
8ecb7116a860463b6dee7ca13dcf73ea,1400/03/31,3159.0,662.0,10207.0,500000.0,500000.0,500000.0,1579500000.0,1.0,1.0,,,,,,,,,,,,,,,,,
8ecb7116a860463b6dee7ca13dcf73ea,1400/06/31,9162.0,2105.0,10207.0,500000.0,500000.0,500000.0,4581000000.0,1.0,1.0,,,,,,,,,,,,,,,,,
8ecb7116a860463b6dee7ca13dcf73ea,1400/09/30,14051.0,4156.0,10207.0,500000.0,500000.0,500000.0,7025500000.0,1.0,1.0,,,,,,,,,,,,,,,,,
8ecb7116a860463b6dee7ca13dcf73ea,1400/12/29,19221.0,0.0,15466.0,500000.0,330000.0,330000.0,9610500000.0,1.0,1.0,,,,,,,,,,,,,,,,,
8ecb7116a860463b6dee7ca13dcf73ea,1401/03/31,4109.0,3159.0,19072.0,500000.0,500000.0,500000.0,2054500000.0,1.0,1.0,,,,,,,,,,,,,,,,,
8ecb7116a860463b6dee7ca13dcf73ea,1401/09/30,12376.0,14051.0,19072.0,500000.0,500000.0,500000.0,6188000000.0,1.0,1.0,,,,,,,,,,,,,,,,,
8ecb7116a860463b6dee7ca13dcf73ea,1401/12/29,3870.0,0.0,19072.0,2500000.0,500000.0,500000.0,9675000000.0,1.0,1.0,,,,,,,,,,,,,,,,,
8ecb7116a860463b6dee7ca13dcf73ea,1402/03/31,1195.0,4109.0,3760.0,2500000.0,500000.0,2500000.0,2987500000.0,1.0,1.0,,,,,,,,,,,,,,,,,
8ecb7116a860463b6dee7ca13dcf73ea,1402/06/31,2807.0,1708.0,3760.0,2500000.0,2500000.0,2500000.0,7017500000.0,1.0,1.0,,,,,,,,,,,,,,,,,
8ecb7116a860463b6dee7ca13dcf73ea,1402/09/30,3745.0,2480.0,3760.0,2500000.0,2500000.0,2500000.0,9362500000.0,1.0,1.0,,,,,,,,,,,,,,,,,
8ecb7116a860463b6dee7ca13dcf73ea,1402/12/29,2534.0,0.0,3760.0,4500000.0,2500000.0,2500000.0,11403000000.0,1.0,1.0,,,,,,,,,,,,,,,,,
8ecb7116a860463b6dee7ca13dcf73ea,1403/03/31,588.0,1195.0,2604.0,4500000.0,2500000.0,4500000.0,2646000000.0,1.0,1.0,,,,,,,,,,,,,,,,,
8ecb7116a860463b6dee7ca13dcf73ea,1403/06/31,1330.0,1691.0,2604.0,4500000.0,4500000.0,4500000.0,5985000000.0,1.0,1.0,,,,,,,,,,,,,,,,,
8ecb7116a860463b6dee7ca13dcf73ea,1403/09/30,1974.0,2080.0,2604.0,4500000.0,4500000.0,4500000.0,8883000000.0,1.0,1.0,,,,,,,,,,,,,,,,,
8ecb7116a860463b6dee7ca13dcf73ea,1403/12/30,2213.0,0.0,2604.0,6500000.0,4500000.0,4500000.0,14384500000.0,1.0,1.0,,,,,,,,,,,,,,,,,
8ecb7116a860463b6dee7ca13dcf73ea,1404/03/31,421.0,407.0,2142.0,6500000.0,6500000.0,6500000.0,2736500000.0,1.0,1.0,,,,,,,,,,,,,,,,,
8ecb7116a860463b6dee7ca13dcf73ea,1404/06/31,1116.0,918.0,2142.0,6500000.0,6500000.0,6500000.0,7254000000.0,1.0,1.0,,,,,,,,,,,,,,,,,
8ecb7116a860463b6dee7ca13dcf73ea,1404/09/30,1914.0,1367.0,2142.0,6500000.0,6500000.0,6500000.0,12441000000.0,1.0,1.0,,,,,,,,,,,,,,,,,
8ecb7116a860463b6dee7ca13dcf73ea,1404/12/29,2242.0,0.0,2142.0,10000000.0,6500000.0,6500000.0,22420000000.0,-1.0,100.0,,,,,,,,,,,,,,,,,
8ecb7116a860463b6dee7ca13dcf73ea,1405/03/31,1157.0,274.0,2001.0,10000000.0,10000000.0,10000000.0,11570000000.0,15045817.0,3931950.0,27458368.0,24258697.0,12525404.0,68434349.0,-921456.0,524183.0,11572129.0,2738165.0,20007770.0,17643501.0,1564986.0,10662365.0,75663613.0,67498497.0,33100913.0,31585732.0,42562700.0
8f0d3b9ed3bb17e93db23268de21bd69,1398/06/31,-3472.0,-1566.0,-5553.0,15300000.0,15300000.0,15300000.0,-53121600000.0,1.0,1.0,,,,,,,,,,,,,,,,,
8f0d3b9ed3bb17e93db23268de21bd69,1398/09/30,-5225.0,-3340.0,-5553.0,15300000.0,15300000.0,15300000.0,-79942500000.0,1.0,1.0,,,,,,,,,,,,,,,,,
8f0d3b9ed3bb17e93db23268de21bd69,1398/12/29,-357.0,0.0,-8399.0,301656068.0,15300000.0,15300000.0,-107691216276.0,1.0,1.0,,,,,,,,,,,,,,,,,
8f0d3b9ed3bb17e93db23268de21bd69,1399/03/31,-123.0,-1159.0,-174.0,301656068.0,15300000.0,301656068.0,-37103696364.0,1.0,1.0,,,,,,,,,,,,,,,,,
8f0d3b9ed3bb17e93db23268de21bd69,1399/06/31,-317.0,-175.0,-174.0,301656068.0,301656068.0,301656068.0,-95624973556.0,1.0,1.0,,,,,,,,,,,,,,,,,
8f0d3b9ed3bb17e93db23268de21bd69,1399/09/30,-380.0,-265.0,-174.0,301656068.0,301656068.0,301656068.0,-114629305840.0,1.0,1.0,,,,,,,,,,,,,,,,,
8f0d3b9ed3bb17e93db23268de21bd69,1399/12/30,-703.0,0.0,-378.0,301656068.0,301656068.0,301656068.0,-212064215804.0,1.0,1.0,,,,,,,,,,,,,,,,,
8f0d3b9ed3bb17e93db23268de21bd69,1400/03/31,-91.0,-123.0,-514.0,301656068.0,301656068.0,301656068.0,-27450702188.0,1.0,1.0,,,,,,,,,,,,,,,,,
8f0d3b9ed3bb17e93db23268de21bd69,1400/06/31,-165.0,-303.0,-514.0,301656068.0,301656068.0,301656068.0,-49773251220.0,1.0,1.0,,,,,,,,,,,,,,,,,
8f0d3b9ed3bb17e93db23268de21bd69,1400/09/30,-295.0,-380.0,-514.0,301656068.0,301656068.0,301656068.0,-88988540060.0,1.0,1.0,,,,,,,,,,,,,,,,,
8f0d3b9ed3bb17e93db23268de21bd69,1400/12/29,-539.0,0.0,-600.0,301656068.0,301656068.0,301656068.0,-162592620652.0,1.0,1.0,,,,,,,,,,,,,,,,,
8f0d3b9ed3bb17e93db23268de21bd69,1401/03/31,-65.0,-91.0,-368.0,301656068.0,301656068.0,301656068.0,-19607644420.0,1.0,1.0,,,,,,,,,,,,,,,,,
8f0d3b9ed3bb17e93db23268de21bd69,1401/06/31,-13.0,-157.0,-368.0,301656068.0,301656068.0,301656068.0,-3921528884.0,1.0,1.0,,,,,,,,,,,,,,,,,
8f0d3b9ed3bb17e93db23268de21bd69,1401/09/30,4.0,-295.0,-368.0,301656068.0,301656068.0,301656068.0,1206624272.0,1.0,1.0,,,,,,,,,,,,,,,,,
8f0d3b9ed3bb17e93db23268de21bd69,1401/12/29,-597.0,0.0,-516.0,301656068.0,301656068.0,301656068.0,-180088672596.0,1.0,1.0,,,,,,,,,,,,,,,,,
8f0d3b9ed3bb17e93db23268de21bd69,1402/03/31,-303.0,-65.0,-1060.0,301656068.0,301656068.0,301656068.0,-91401788604.0,1.0,1.0,,,,,,,,,,,,,,,,,
8f0d3b9ed3bb17e93db23268de21bd69,1402/06/31,-744.0,-444.0,-1060.0,301656068.0,301656068.0,301656068.0,-224432114592.0,1.0,1.0,,,,,,,,,,,,,,,,,
8f0d3b9ed3bb17e93db23268de21bd69,1402/09/30,-999.0,-658.0,-1060.0,301656068.0,301656068.0,301656068.0,-301354411932.0,1.0,1.0,,,,,,,,,,,,,,,,,
8f0d3b9ed3bb17e93db23268de21bd69,1402/12/29,-991.0,0.0,-749.0,301656068.0,301656068.0,301656068.0,-298941163388.0,1.0,1.0,,,,,,,,,,,,,,,,,
8f0d3b9ed3bb17e93db23268de21bd69,1403/03/31,-187.0,-303.0,-1208.0,301656068.0,301656068.0,301656068.0,-56409684716.0,1.0,1.0,,,,,,,,,,,,,,,,,
8f0d3b9ed3bb17e93db23268de21bd69,1403/06/31,-391.0,-769.0,-1208.0,301656068.0,301656068.0,301656068.0,-117947522588.0,1.0,1.0,,,,,,,,,,,,,,,,,
8f0d3b9ed3bb17e93db23268de21bd69,1403/09/30,-575.0,-999.0,-1208.0,301656068.0,301656068.0,301656068.0,-173452239100.0,1.0,1.0,,,,,,,,,,,,,,,,,
8f0d3b9ed3bb17e93db23268de21bd69,1403/12/30,-63.0,0.0,-113.0,2563746068.0,301656068.0,2563746068.0,-161516002284.0,1.0,1.0,,,,,,,,,,,,,,,,,
8f0d3b9ed3bb17e93db23268de21bd69,1404/03/31,-37.0,-187.0,-77.0,2563746068.0,301656068.0,2563746068.0,-94858604516.0,1.0,1.0,,,,,,,,,,,,,,,,,
8f0d3b9ed3bb17e93db23268de21bd69,1404/06/31,-53.0,-381.0,-77.0,2563746068.0,301656068.0,2563746068.0,-135878541604.0,1.0,1.0,,,,,,,,,,,,,,,,,
8f0d3b9ed3bb17e93db23268de21bd69,1404/09/30,-22.0,-68.0,-77.0,2563746068.0,2563746068.0,2563746068.0,-56402413496.0,-1.0,100.0,,,,,,,,,,,,,,,,,
8f0d3b9ed3bb17e93db23268de21bd69,1404/12/29,-14.0,-24.0,,2563746068.0,2563746068.0,,-35892444952.0,4450507.0,18863251.0,,,,,,,,,,,,,,,,,
8f0d3b9ed3bb17e93db23268de21bd69,1405/03/31,-88.0,-37.0,1.0,2563746068.0,2563746068.0,2563746068.0,-225609653984.0,-193081673.0,-64198484.0,-56030947.0,1139382322.0,919486617.0,5103206810.0,-34270336.0,2548127.0,-224803882.0,-95445696.0,3085069.0,30912757.0,-31241629.0,-105655934.0,4580478201.0,1363826994.0,3445840411.0,3193313164.0,1134637790.0
8f5d6dbbead24fee9802a92474c4ead8,1399/06/31,0.0,0.0,0.0,521544.0,185.0,521544.0,0.0,0.0,20461148.0,,,,,,,,,,,,,,,,,
8f5d6dbbead24fee9802a92474c4ead8,1399/09/30,0.0,0.0,0.0,521544.0,185.0,521544.0,0.0,0.0,19256736.0,,,,,,,,,,,,,,,,,
8f5d6dbbead24fee9802a92474c4ead8,1399/12/30,1174.0,0.0,0.0,1485544.0,521544.0,185.0,1744028656.0,0.0,20646741.0,,,,,,,,,,,,,,,,,
8f5d6dbbead24fee9802a92474c4ead8,1400/03/31,153.0,5.0,2960.0,1485544.0,1485544.0,0.0,227288232.0,0.0,20747546.0,,,,,,,,,,,,,,,,,
8f5d6dbbead24fee9802a92474c4ead8,1400/06/31,784.0,-7.0,0.0,1485544.0,1485544.0,0.0,1164666496.0,0.0,21514550.0,,,,,,,,,,,,,,,,,
8f5d6dbbead24fee9802a92474c4ead8,1400/09/30,771.0,233.0,231.0,1485544.0,1485544.0,0.0,1145354424.0,0.0,21495457.0,,,,,,,,,,,,,,,,,
8f5d6dbbead24fee9802a92474c4ead8,1400/12/29,852.0,0.0,0.0,1485544.0,1485544.0,0.0,1265683488.0,0.0,21615543.0,,,,,,,,,,,,,,,,,
8f5d6dbbead24fee9802a92474c4ead8,1401/03/31,39.0,153.0,-75.0,1485544.0,1485544.0,0.0,57936216.0,0.0,23262285.0,,,,,,,,,,,,,,,,,
8f5d6dbbead24fee9802a92474c4ead8,1401/06/31,417.0,785.0,-47.0,1485544.0,1485544.0,0.0,619471848.0,0.0,23823519.0,,,,,,,,,,,,,,,,,
8f5d6dbbead24fee9802a92474c4ead8,1401/09/30,997.0,771.0,29.0,1485544.0,1485544.0,0.0,1481087368.0,0.0,24685645.0,,,,,,,,,,,,,,,,,
8f5d6dbbead24fee9802a92474c4ead8,1401/12/29,1914.0,0.0,0.0,1485544.0,1485544.0,0.0,2843331216.0,0.0,25760381.0,,,,,,,,,,,,,,,,,
8f5d6dbbead24fee9802a92474c4ead8,1402/03/31,1041.0,39.0,2569.0,1485544.0,1485544.0,0.0,1546451304.0,0.0,27314956.0,,,,,,,,,,,,,,,,,
8f5d6dbbead24fee9802a92474c4ead8,1402/06/31,1025.0,486.0,111.0,1485544.0,1485544.0,0.0,1522682600.0,0.0,27276668.0,,,,,,,,,,,,,,,,,
8f5d6dbbead24fee9802a92474c4ead8,1402/09/30,3010.0,622.0,384.0,1485544.0,1485544.0,0.0,4471487440.0,0.0,30240052.0,,,,,,,,,,,,,,,,,
8f5d6dbbead24fee9802a92474c4ead8,1402/12/29,3002.0,0.0,0.0,1485544.0,1485544.0,0.0,4459603088.0,0.0,30229007.0,,,,,,,,,,,,,,,,,
8f5d6dbbead24fee9802a92474c4ead8,1403/03/31,-36.0,1041.0,0.0,1485544.0,1485544.0,0.0,-53479584.0,0.0,30177620.0,,,,,,,,,,,,,,,,,
8f5d6dbbead24fee9802a92474c4ead8,1403/06/31,1072.0,1025.0,5.0,1485544.0,1485544.0,0.0,1592503168.0,0.0,31823317.0,,,,,,,,,,,,,,,,,
8f5d6dbbead24fee9802a92474c4ead8,1403/09/30,1216.0,3010.0,3027.0,1485544.0,1485544.0,1485544.0,1806421504.0,60.0,1157.0,,,,,,,,,,,,,,,,,
8f5d6dbbead24fee9802a92474c4ead8,1403/12/30,1796.0,0.0,3039.0,1485544.0,1485544.0,1485544.0,2668037024.0,227.0,1569.0,,,,,,,,,,,,,,,,,
8f5d6dbbead24fee9802a92474c4ead8,1404/03/31,-67.0,-36.0,1796.0,1485544.0,1485544.0,1485544.0,-99531448.0,-80.0,13.0,,,,,,,,,,,,,,,,,
8f5d6dbbead24fee9802a92474c4ead8,1404/06/31,648.0,1067.0,1793.0,1485544.0,1485544.0,1485544.0,962632512.0,605.0,43.0,,,,,,,,,,,,,,,,,
8f5d6dbbead24fee9802a92474c4ead8,1404/09/30,881.0,1225.0,1793.0,1485544.0,1485544.0,1485544.0,1308764264.0,726.0,155.0,,,,,,,,,,,,,,,,,
8f5d6dbbead24fee9802a92474c4ead8,1404/12/29,3103.0,0.0,1788.0,1485544.0,1485544.0,1485544.0,4609643032.0,872.0,2231.0,,,,,,,,,,,,,,,,,
8f5d6dbbead24fee9802a92474c4ead8,1405/03/31,-17.0,-67.0,3102.0,1485544.0,1485544.0,1485544.0,-25254248.0,-45559.0,-118810.0,,,,,,,,,,,,,,,,,
8fb84e957a6f7f5f8c85bfea0a6625fc,1398/03/31,0.0,0.0,0.0,40500000.0,0.0,40500000.0,0.0,1.0,1.0,,,,,,,,,,,,,,,,,
8fb84e957a6f7f5f8c85bfea0a6625fc,1398/06/31,0.0,0.0,0.0,40500000.0,0.0,40500000.0,0.0,1.0,1.0,,,,,,,,,,,,,,,,,
8fb84e957a6f7f5f8c85bfea0a6625fc,1398/09/30,0.0,0.0,0.0,40500000.0,0.0,40500000.0,0.0,1.0,1.0,,,,,,,,,,,,,,,,,
8fb84e957a6f7f5f8c85bfea0a6625fc,1398/12/29,0.0,0.0,0.0,40500000.0,0.0,40500000.0,0.0,1.0,1.0,,,,,,,,,,,,,,,,,
8fb84e957a6f7f5f8c85bfea0a6625fc,1399/03/31,0.0,0.0,0.0,40500000.0,0.0,40500000.0,0.0,1.0,1.0,,,,,,,,,,,,,,,,,
8fb84e957a6f7f5f8c85bfea0a6625fc,1399/06/31,0.0,0.0,0.0,40500000.0,0.0,40500000.0,0.0,1.0,1.0,,,,,,,,,,,,,,,,,
8fb84e957a6f7f5f8c85bfea0a6625fc,1399/09/30,0.0,0.0,0.0,40500000.0,0.0,40500000.0,0.0,1.0,1.0,,,,,,,,,,,,,,,,,
8fb84e957a6f7f5f8c85bfea0a6625fc,1399/12/30,0.0,0.0,0.0,40500000.0,0.0,40500000.0,0.0,1.0,1.0,,,,,,,,,,,,,,,,,
8fb84e957a6f7f5f8c85bfea0a6625fc,1400/03/31,1827.0,699.0,161.0,40500000.0,40500000.0,0.0,73993500000.0,1.0,1.0,,,,,,,,,,,,,,,,,
8fb84e957a6f7f5f8c85bfea0a6625fc,1400/06/31,3107.0,0.0,0.0,40500000.0,40500000.0,0.0,125833500000.0,1.0,1.0,,,,,,,,,,,,,,,,,
8fb84e957a6f7f5f8c85bfea0a6625fc,1400/09/30,6.0,-4.0,0.0,40500000.0,40500000.0,0.0,243000000.0,1.0,1.0,,,,,,,,,,,,,,,,,
8fb84e957a6f7f5f8c85bfea0a6625fc,1400/12/29,60.0,2327.0,-97.0,40500000.0,40500000.0,0.0,2430000000.0,1.0,1.0,,,,,,,,,,,,,,,,,
8fb84e957a6f7f5f8c85bfea0a6625fc,1401/03/31,2827.0,1827.0,55.0,40500000.0,40500000.0,0.0,114493500000.0,1.0,1.0,,,,,,,,,,,,,,,,,
8fb84e957a6f7f5f8c85bfea0a6625fc,1401/06/31,5624.0,0.0,0.0,40500000.0,40500000.0,0.0,227772000000.0,1.0,1.0,,,,,,,,,,,,,,,,,
8fb84e957a6f7f5f8c85bfea0a6625fc,1401/09/30,9.0,6.0,50.0,40500000.0,40500000.0,0.0,364500000.0,1.0,1.0,,,,,,,,,,,,,,,,,
8fb84e957a6f7f5f8c85bfea0a6625fc,1401/12/29,47.0,3060.0,-98.0,40500000.0,40500000.0,0.0,1903500000.0,1.0,1.0,,,,,,,,,,,,,,,,,
8fb84e957a6f7f5f8c85bfea0a6625fc,1402/03/31,4626.0,2827.0,64.0,40500000.0,40500000.0,0.0,187353000000.0,1.0,1.0,,,,,,,,,,,,,,,,,
8fb84e957a6f7f5f8c85bfea0a6625fc,1402/06/31,7344.0,0.0,0.0,40500000.0,40500000.0,0.0,297432000000.0,1.0,1.0,,,,,,,,,,,,,,,,,
8fb84e957a6f7f5f8c85bfea0a6625fc,1402/09/30,12.0,9.0,33.0,40500000.0,40500000.0,0.0,486000000.0,1.0,1.0,,,,,,,,,,,,,,,,,
8fb84e957a6f7f5f8c85bfea0a6625fc,1402/12/29,-128.0,4460.0,0.0,40500000.0,40500000.0,0.0,-5184000000.0,1.0,1.0,,,,,,,,,,,,,,,,,
8fb84e957a6f7f5f8c85bfea0a6625fc,1403/03/31,3308.0,4626.0,-28.0,40500000.0,40500000.0,0.0,133974000000.0,1.0,1.0,,,,,,,,,,,,,,,,,
8fb84e957a6f7f5f8c85bfea0a6625fc,1403/06/31,7538.0,0.0,7593.0,40500000.0,40500000.0,40500000.0,305289000000.0,1.0,1.0,,,,,,,,,,,,,,,,,
8fb84e957a6f7f5f8c85bfea0a6625fc,1403/09/30,3.0,12.0,7408.0,40500000.0,40500000.0,40500000.0,121500000.0,1.0,1.0,,,,,,,,,,,,,,,,,
8fb84e957a6f7f5f8c85bfea0a6625fc,1403/12/30,120.0,3476.0,7408.0,40500000.0,40500000.0,40500000.0,4860000000.0,1.0,1.0,,,,,,,,,,,,,,,,,
8fb84e957a6f7f5f8c85bfea0a6625fc,1404/03/31,1420.0,3308.0,7408.0,40500000.0,40500000.0,40500000.0,57510000000.0,1.0,1.0,,,,,,,,,,,,,,,,,
8fb84e957a6f7f5f8c85bfea0a6625fc,1404/06/31,19891.0,0.0,14716.0,40500000.0,40500000.0,40500000.0,805585500000.0,-1.0,100.0,,,,,,,,,,,,,,,,,
8fb84e957a6f7f5f8c85bfea0a6625fc,1404/09/30,-61.0,3.0,8891.0,40500000.0,40500000.0,40500000.0,-2470500000.0,1.0,1.0,,,,,,,,,,,,,,,,,
8fb84e957a6f7f5f8c85bfea0a6625fc,1404/12/29,1.0,3880.0,8891.0,121500000.0,40500000.0,40500000.0,121500000.0,-1.0,100.0,,,,,,,,,,,,,,,,,
8fb84e957a6f7f5f8c85bfea0a6625fc,1405/03/31,1888.0,1420.0,8891.0,121500000.0,40500000.0,40500000.0,229392000000.0,235865222.0,65693022.0,,,,,,,,,,,,,,,,,
8fd34057fd7ca66b3cbf6590fabf6582,1398/06/31,1120.0,641.0,2065.0,858000.0,858000.0,858000.0,960960000.0,1.0,1.0,,,,,,,,,,,,,,,,,
8fd34057fd7ca66b3cbf6590fabf6582,1398/09/30,1358.0,1322.0,2065.0,858000.0,858000.0,858000.0,1165164000.0,1.0,1.0,,,,,,,,,,,,,,,,,
8fd34057fd7ca66b3cbf6590fabf6582,1398/12/29,2111.0,0.0,2065.0,858000.0,858000.0,858000.0,1811238000.0,1.0,1.0,,,,,,,,,,,,,,,,,
8fd34057fd7ca66b3cbf6590fabf6582,1399/03/31,1290.0,530.0,2111.0,858000.0,858000.0,858000.0,1106820000.0,1.0,1.0,,,,,,,,,,,,,,,,,
8fd34057fd7ca66b3cbf6590fabf6582,1399/06/31,3954.0,1120.0,2111.0,858000.0,858000.0,858000.0,3392532000.0,1.0,1.0,,,,,,,,,,,,,,,,,
8fd34057fd7ca66b3cbf6590fabf6582,1399/09/30,7998.0,1358.0,2111.0,858000.0,858000.0,858000.0,6862284000.0,1.0,1.0,,,,,,,,,,,,,,,,,
8fd34057fd7ca66b3cbf6590fabf6582,1399/12/30,13568.0,0.0,2111.0,858000.0,858000.0,858000.0,11641344000.0,1.0,1.0,,,,,,,,,,,,,,,,,
8fd34057fd7ca66b3cbf6590fabf6582,1400/03/31,2346.0,1290.0,13568.0,858000.0,858000.0,858000.0,2012868000.0,1.0,1.0,,,,,,,,,,,,,,,,,
8fd34057fd7ca66b3cbf6590fabf6582,1400/06/31,1857.0,4240.0,13568.0,2458000.0,858000.0,858000.0,4564506000.0,1.0,1.0,,,,,,,,,,,,,,,,,
8fd34057fd7ca66b3cbf6590fabf6582,1400/09/30,2632.0,7998.0,13568.0,2458000.0,858000.0,858000.0,6469456000.0,1.0,1.0,,,,,,,,,,,,,,,,,
8fd34057fd7ca66b3cbf6590fabf6582,1400/12/29,3337.0,0.0,13568.0,2458000.0,858000.0,858000.0,8202346000.0,1.0,1.0,,,,,,,,,,,,,,,,,
8fd34057fd7ca66b3cbf6590fabf6582,1401/03/31,230.0,819.0,3337.0,2458000.0,2458000.0,2458000.0,565340000.0,1.0,1.0,,,,,,,,,,,,,,,,,
8fd34057fd7ca66b3cbf6590fabf6582,1401/06/31,449.0,1871.0,3337.0,2458000.0,2458000.0,2458000.0,1103642000.0,1.0,1.0,,,,,,,,,,,,,,,,,
8fd34057fd7ca66b3cbf6590fabf6582,1401/09/30,664.0,2627.0,3337.0,2458000.0,2458000.0,2458000.0,1632112000.0,1.0,1.0,,,,,,,,,,,,,,,,,
8fd34057fd7ca66b3cbf6590fabf6582,1401/12/29,1011.0,0.0,3337.0,8458000.0,2458000.0,2458000.0,8551038000.0,1.0,1.0,,,,,,,,,,,,,,,,,
8fd34057fd7ca66b3cbf6590fabf6582,1402/03/31,622.0,43.0,1011.0,8458000.0,8458000.0,8458000.0,5260876000.0,1.0,1.0,,,,,,,,,,,,,,,,,
8fd34057fd7ca66b3cbf6590fabf6582,1402/06/31,1251.0,124.0,1011.0,8458000.0,8458000.0,8458000.0,10580958000.0,1.0,1.0,,,,,,,,,,,,,,,,,
8fd34057fd7ca66b3cbf6590fabf6582,1402/09/30,1568.0,193.0,1011.0,8458000.0,8458000.0,8458000.0,13262144000.0,1.0,1.0,,,,,,,,,,,,,,,,,
8fd34057fd7ca66b3cbf6590fabf6582,1402/12/29,1181.0,0.0,1011.0,15000000.0,8458000.0,8458000.0,17715000000.0,1.0,1.0,,,,,,,,,,,,,,,,,
8fd34057fd7ca66b3cbf6590fabf6582,1403/03/31,218.0,351.0,1090.0,15000000.0,15000000.0,15000000.0,3270000000.0,1.0,1.0,,,,,,,,,,,,,,,,,
8fd34057fd7ca66b3cbf6590fabf6582,1403/06/31,344.0,705.0,1090.0,15000000.0,15000000.0,15000000.0,5160000000.0,1.0,1.0,,,,,,,,,,,,,,,,,
8fd34057fd7ca66b3cbf6590fabf6582,1403/09/30,384.0,884.0,1090.0,15000000.0,15000000.0,15000000.0,5760000000.0,1.0,1.0,,,,,,,,,,,,,,,,,
8fd34057fd7ca66b3cbf6590fabf6582,1403/12/30,642.0,0.0,1090.0,15000000.0,15000000.0,15000000.0,9630000000.0,1.0,1.0,,,,,,,,,,,,,,,,,
8fd34057fd7ca66b3cbf6590fabf6582,1404/03/31,133.0,218.0,642.0,15000000.0,15000000.0,15000000.0,1995000000.0,1.0,1.0,,,,,,,,,,,,,,,,,
8fd34057fd7ca66b3cbf6590fabf6582,1404/06/31,310.0,353.0,642.0,15000000.0,15000000.0,15000000.0,4650000000.0,1.0,1.0,,,,,,,,,,,,,,,,,
8fd34057fd7ca66b3cbf6590fabf6582,1404/09/30,447.0,384.0,642.0,20000000.0,15000000.0,15000000.0,8940000000.0,1.0,1.0,,,,,,,,,,,,,,,,,
8fd34057fd7ca66b3cbf6590fabf6582,1404/12/29,679.0,642.0,,20000000.0,15000000.0,,13580000000.0,12568271.0,11067692.0,,,,,,,,,,,,,,,,,
8fd34057fd7ca66b3cbf6590fabf6582,1405/03/31,485.0,100.0,679.0,20000000.0,20000000.0,20000000.0,9700000000.0,12013820.0,2657824.0,,,,,,,,,,,,,,,,,
8fd65ccbe666396e87271af7cc74b33f,1398/06/31,899.0,485.0,1190.0,106177.0,87750.0,124605.0,95453123.0,1.0,1.0,,,,,,,,,,,,,,,,,
8fd65ccbe666396e87271af7cc74b33f,1398/09/30,1282.0,572.0,1190.0,124605.0,124605.0,124605.0,159743610.0,1.0,1.0,,,,,,,,,,,,,,,,,
8fd65ccbe666396e87271af7cc74b33f,1398/12/29,1672.0,0.0,1190.0,124605.0,124605.0,124605.0,208339560.0,1.0,1.0,,,,,,,,,,,,,,,,,
8fd65ccbe666396e87271af7cc74b33f,1399/03/31,398.0,302.0,1672.0,124605.0,124605.0,124605.0,49592790.0,1.0,1.0,,,,,,,,,,,,,,,,,
8fd65ccbe666396e87271af7cc74b33f,1399/06/31,3015.0,770.0,1566.0,124605.0,124605.0,124605.0,375684075.0,1.0,1.0,,,,,,,,,,,,,,,,,
8fd65ccbe666396e87271af7cc74b33f,1399/09/30,6098.0,1282.0,1566.0,124605.0,124605.0,124605.0,759841290.0,1.0,1.0,,,,,,,,,,,,,,,,,
8fd65ccbe666396e87271af7cc74b33f,1399/12/30,8502.0,0.0,1566.0,124605.0,124605.0,124605.0,1059391710.0,1.0,1.0,,,,,,,,,,,,,,,,,
8fd65ccbe666396e87271af7cc74b33f,1400/03/31,1548.0,398.0,8305.0,124605.0,124605.0,124605.0,192888540.0,1.0,1.0,,,,,,,,,,,,,,,,,
8fd65ccbe666396e87271af7cc74b33f,1400/06/31,5191.0,2733.0,8305.0,124605.0,124605.0,124605.0,646824555.0,1.0,1.0,,,,,,,,,,,,,,,,,
8fd65ccbe666396e87271af7cc74b33f,1400/09/30,510.0,6098.0,8305.0,1635471.0,124605.0,124605.0,834090210.0,1.0,1.0,,,,,,,,,,,,,,,,,
8fd65ccbe666396e87271af7cc74b33f,1400/12/29,747.0,0.0,633.0,1635471.0,124605.0,1635471.0,1221696837.0,1.0,1.0,,,,,,,,,,,,,,,,,
8fd65ccbe666396e87271af7cc74b33f,1401/03/31,209.0,118.0,868.0,1635471.0,1635471.0,1635471.0,341813439.0,1.0,1.0,,,,,,,,,,,,,,,,,
8fd65ccbe666396e87271af7cc74b33f,1401/06/31,578.0,294.0,868.0,1635471.0,1635471.0,1635471.0,945302238.0,1.0,1.0,,,,,,,,,,,,,,,,,
8fd65ccbe666396e87271af7cc74b33f,1401/09/30,864.0,511.0,869.0,1635471.0,1634367.0,1634384.0,1413046944.0,1.0,1.0,,,,,,,,,,,,,,,,,
8fd65ccbe666396e87271af7cc74b33f,1401/10/30,1061.0,0.0,868.0,1635471.0,0.0,1635471.0,1735234731.0,1.0,1.0,,,,,,,,,,,,,,,,,
8fd65ccbe666396e87271af7cc74b33f,1402/01/31,308.0,209.0,1102.0,1635471.0,1635471.0,1635471.0,503725068.0,1.0,1.0,,,,,,,,,,,,,,,,,
8fd65ccbe666396e87271af7cc74b33f,1402/04/31,911.0,516.0,1102.0,1635471.0,1635471.0,1635471.0,1489914081.0,1.0,1.0,,,,,,,,,,,,,,,,,
8fd65ccbe666396e87271af7cc74b33f,1402/07/30,1367.0,864.0,1102.0,1635471.0,1635471.0,1635471.0,2235688857.0,1.0,1.0,,,,,,,,,,,,,,,,,
8fd65ccbe666396e87271af7cc74b33f,1402/10/30,1595.0,0.0,1102.0,1635471.0,1635471.0,1635471.0,2608576245.0,1.0,1.0,,,,,,,,,,,,,,,,,
8fd65ccbe666396e87271af7cc74b33f,1403/01/31,321.0,308.0,1571.0,1635471.0,1635471.0,1635471.0,524986191.0,1.0,1.0,,,,,,,,,,,,,,,,,
8fd65ccbe666396e87271af7cc74b33f,1403/04/31,610.0,873.0,1571.0,1635471.0,1635471.0,1635471.0,997637310.0,1.0,1.0,,,,,,,,,,,,,,,,,
8fd65ccbe666396e87271af7cc74b33f,1403/07/30,925.0,1367.0,1571.0,1635471.0,1635471.0,1635471.0,1512810675.0,1.0,1.0,,,,,,,,,,,,,,,,,
8fd65ccbe666396e87271af7cc74b33f,1403/10/30,947.0,0.0,1571.0,1635471.0,1635471.0,1635471.0,1548791037.0,1.0,1.0,,,,,,,,,,,,,,,,,
8fd65ccbe666396e87271af7cc74b33f,1404/01/31,460.0,321.0,944.0,1635471.0,1635471.0,1635471.0,752316660.0,1.0,1.0,,,,,,,,,,,,,,,,,
8fd65ccbe666396e87271af7cc74b33f,1404/04/31,698.0,590.0,944.0,2510000.0,1635471.0,1635471.0,1751980000.0,1.0,1.0,,,,,,,,,,,,,,,,,
8fd65ccbe666396e87271af7cc74b33f,1404/07/30,1564.0,925.0,945.0,2510000.0,1635471.0,1635471.0,3925640000.0,1.0,1.0,,,,,,,,,,,,,,,,,
8fd65ccbe666396e87271af7cc74b33f,1404/10/30,1628.0,944.0,,2510000.0,1635471.0,,4086280000.0,3755357.0,1921990.0,,18667463.0,11971405.0,,-228116.0,1266833.0,4085339.0,1544438.0,,2588940.0,2346326.0,,18327759.0,10609990.0,7652600.0,6755297.0,10675159.0
8fd65ccbe666396e87271af7cc74b33f,1405/01/31,647.0,300.0,1307.0,2510000.0,2510000.0,2510000.0,1623970000.0,587.0,60.0,2985638.0,6351259.0,3677341.0,19144019.0,-75576.0,227383.0,1624008.0,751904.0,3281556.0,120572.0,669626.0,1509191.0,25224857.0,12277094.0,8608981.0,7182344.0,16615876.0
8fd65ccbe666396e87271af7cc74b33f,1405/04/31,2079.0,705.0,1307.0,2510000.0,2510000.0,2510000.0,5218290000.0,5516398.0,1701197.0,2985638.0,15976805.0,8153493.0,19144019.0,-188354.0,384926.0,5217281.0,1770543.0,3281556.0,1926419.0,1239453.0,1509191.0,30158912.0,16154404.0,12058164.0,10375081.0,18100748.0
9014071d39f25d22b48f82c550918f60,1398/09/30,746.0,0.0,421.0,200000.0,0.0,200000.0,149200000.0,0.725201072386059,100.0,,,,,,,,,,,,,,,,,
9014071d39f25d22b48f82c550918f60,1398/12/29,625.0,0.0,0.0,300000.0,0.0,200000.0,187500000.0,0.7951999999999999,100.0,,,,,,,,,,,,,,,,,
9014071d39f25d22b48f82c550918f60,1399/03/31,193.0,0.0,143.0,300000.0,0.0,300000.0,57900000.0,0.4162348877374784,100.0,,,,,,,,,,,,,,,,,
9014071d39f25d22b48f82c550918f60,1399/06/31,399.0,0.0,335.0,300000.0,0.0,300000.0,119700000.0,0.5597326649958229,100.0,,,,,,,,,,,,,,,,,
9014071d39f25d22b48f82c550918f60,1399/09/30,574.0,0.0,498.0,300000.0,0.0,300000.0,172200000.0,0.7549361207897793,100.0,,,,,,,,,,,,,,,,,
9014071d39f25d22b48f82c550918f60,1399/12/30,742.0,0.0,0.0,300000.0,0.0,200000.0,222600000.0,0.6738544474393531,100.0,,,,,,,,,,,,,,,,,
9014071d39f25d22b48f82c550918f60,1400/03/31,284.0,0.0,193.0,300000.0,0.0,300000.0,85200000.0,0.15492957746478872,100.0,,,,,,,,,,,,,,,,,
9014071d39f25d22b48f82c550918f60,1400/06/31,701.0,0.0,399.0,300000.0,0.0,300000.0,210300000.0,0.613884926295768,100.0,,,,,,,,,,,,,,,,,
9014071d39f25d22b48f82c550918f60,1400/09/30,995.0,0.0,574.0,300000.0,0.0,300000.0,298500000.0,0.43919597989949744,100.0,,,,,,,,,,,,,,,,,
9014071d39f25d22b48f82c550918f60,1400/12/29,1300.0,0.0,0.0,300000.0,0.0,0.0,390000000.0,9.415384615384616,100.0,,,,,,,,,,,,,,,,,
9014071d39f25d22b48f82c550918f60,1401/03/31,497.0,0.0,284.0,300000.0,0.0,300000.0,149100000.0,65.23138832997988,100.0,,,,,,,,,,,,,,,,,
9014071d39f25d22b48f82c550918f60,1401/06/31,1311.0,0.0,699.0,300000.0,0.0,300000.0,393300000.0,13.97533689295703,100.0,,,,,,,,,,,,,,,,,
9014071d39f25d22b48f82c550918f60,1401/09/30,1924.0,0.0,995.0,300000.0,0.0,300000.0,577200000.0,13.107241857241856,100.0,,,,,,,,,,,,,,,,,
9014071d39f25d22b48f82c550918f60,1401/12/29,2529.0,0.0,0.0,300000.0,0.0,0.0,758700000.0,12.248187689468828,100.0,,,,,,,,,,,,,,,,,
9014071d39f25d22b48f82c550918f60,1402/03/31,462.0,0.0,497.0,600000.0,0.0,300000.0,277200000.0,11.474025974025974,100.0,,,,,,,,,,,,,,,,,
9014071d39f25d22b48f82c550918f60,1402/06/31,957.0,0.0,1340.0,600000.0,0.0,300000.0,574200000.0,14.826541274817139,100.0,,,,,,,,,,,,,,,,,
9014071d39f25d22b48f82c550918f60,1402/09/30,1446.0,0.0,1924.0,600000.0,0.0,300000.0,867600000.0,11.764638082065467,100.0,,,,,,,,,,,,,,,,,
9014071d39f25d22b48f82c550918f60,1402/12/29,2006.0,0.0,0.0,600000.0,0.0,0.0,1203600000.0,18.17156862745098,100.0,,,,,,,,,,,,,,,,,
9014071d39f25d22b48f82c550918f60,1403/03/31,667.0,0.0,462.0,600000.0,0.0,600000.0,400200000.0,12.40279860069965,100.0,,,,,,,,,,,,,,,,,
9014071d39f25d22b48f82c550918f60,1403/06/31,1036.0,0.0,915.0,600000.0,0.0,600000.0,621600000.0,26.552767052767056,100.0,,,,,,,,,,,,,,,,,
9014071d39f25d22b48f82c550918f60,1403/09/30,2045.0,0.0,1446.0,600000.0,0.0,600000.0,1227000000.0,1.2167889160554197,100.0,,,,,,,,,,,,,,,,,
9014071d39f25d22b48f82c550918f60,1403/12/30,2981.0,0.0,0.0,600000.0,0.0,0.0,1788600000.0,35.196969696969695,100.0,,,,,,,,,,,,,,,,,
9014071d39f25d22b48f82c550918f60,1404/03/31,452.0,0.0,667.0,1500000.0,0.0,600000.0,678000000.0,47.370943952802364,100.0,,,,,,,,,,,,,,,,,
9014071d39f25d22b48f82c550918f60,1404/06/31,1172.0,0.0,1036.0,1500000.0,0.0,600000.0,1758000000.0,35.71734926052332,100.0,,,,,,,,,,,,,,,,,
9014071d39f25d22b48f82c550918f60,1404/09/30,2046.0,0.0,2045.0,1500000.0,0.0,600000.0,3069000000.0,1.0,100.0,,,,,,,,,,,,,,,,,
9014071d39f25d22b48f82c550918f60,1404/12/29,2952.0,0.0,2973.0,1500000.0,0.0,600000.0,4428000000.0,2471.0,496.0,,,,,,,,,,,,,,,,,
9014071d39f25d22b48f82c550918f60,1405/03/31,1018.0,452.0,2952.0,1500000.0,1500000.0,1500000.0,1527000000.0,1032324.0,606270.0,3682063.0,5838371.0,2425344.0,13253527.0,-12791.0,76.0,1526584.0,677651.0,4428190.0,360889.0,581098.0,2153190.0,12004954.0,7006444.0,3544011.0,3544011.0,8460943.0
905b8289d77d9927c13119c6a7cff9e1,1398/12/29,33828050.0,0.0,19784300.0,60.0,60.0,60.0,2029683000.0,1.0,1.0,,,,,,,,,,,,,,,,,
905b8289d77d9927c13119c6a7cff9e1,1399/03/31,548.0,1671.0,4059.0,2000000.0,500000.0,500000.0,1096000000.0,1.0,1.0,,,,,,,,,,,,,,,,,
905b8289d77d9927c13119c6a7cff9e1,1399/09/30,2345.0,28821150.0,4074.0,2000000.0,60.0,500000.0,4690000000.0,1.0,1.0,,,,,,,,,,,,,,,,,
905b8289d77d9927c13119c6a7cff9e1,1399/12/30,7723.0,0.0,33952650.0,2000000.0,500000.0,60.0,15446000000.0,1.0,1.0,,,,,,,,,,,,,,,,,
905b8289d77d9927c13119c6a7cff9e1,1400/03/31,831.0,548.0,7723.0,2000000.0,2000000.0,2000000.0,1662000000.0,1.0,1.0,,,,,,,,,,,,,,,,,
905b8289d77d9927c13119c6a7cff9e1,1400/06/31,1338.0,5886.0,7723.0,2000000.0,2000000.0,2000000.0,2676000000.0,1.0,1.0,,,,,,,,,,,,,,,,,
905b8289d77d9927c13119c6a7cff9e1,1400/09/30,1553.0,2345.0,7723.0,2000000.0,2000000.0,2000000.0,3106000000.0,1.0,1.0,,,,,,,,,,,,,,,,,
905b8289d77d9927c13119c6a7cff9e1,1400/12/29,2273.0,0.0,7723.0,2000000.0,2000000.0,2000000.0,4546000000.0,1.0,1.0,,,,,,,,,,,,,,,,,
905b8289d77d9927c13119c6a7cff9e1,1401/03/31,776.0,851.0,1335.0,2000000.0,2000000.0,2000000.0,1552000000.0,1.0,1.0,,,,,,,,,,,,,,,,,
905b8289d77d9927c13119c6a7cff9e1,1401/06/31,2527.0,1369.0,1335.0,2000000.0,2000000.0,2000000.0,5054000000.0,1.0,1.0,,,,,,,,,,,,,,,,,
905b8289d77d9927c13119c6a7cff9e1,1401/09/30,2048.0,1553.0,1335.0,3500000.0,2000000.0,2000000.0,7168000000.0,1.0,1.0,,,,,,,,,,,,,,,,,
905b8289d77d9927c13119c6a7cff9e1,1401/12/29,2705.0,0.0,1335.0,3500000.0,2000000.0,2000000.0,9467500000.0,1.0,1.0,,,,,,,,,,,,,,,,,
905b8289d77d9927c13119c6a7cff9e1,1402/03/31,1263.0,776.0,2750.0,3500000.0,3500000.0,3500000.0,4420500000.0,1.0,1.0,,,,,,,,,,,,,,,,,
905b8289d77d9927c13119c6a7cff9e1,1402/06/31,2211.0,1485.0,2750.0,3500000.0,3500000.0,3500000.0,7738500000.0,1.0,1.0,,,,,,,,,,,,,,,,,
905b8289d77d9927c13119c6a7cff9e1,1402/09/30,2433.0,2048.0,2750.0,3500000.0,3500000.0,3500000.0,8515500000.0,1.0,1.0,,,,,,,,,,,,,,,,,
905b8289d77d9927c13119c6a7cff9e1,1402/12/29,2224.0,0.0,2750.0,3500000.0,3500000.0,3500000.0,7784000000.0,1.0,1.0,,,,,,,,,,,,,,,,,
905b8289d77d9927c13119c6a7cff9e1,1403/03/31,123.0,1263.0,2191.0,3500000.0,3500000.0,3500000.0,430500000.0,1.0,1.0,,,,,,,,,,,,,,,,,
905b8289d77d9927c13119c6a7cff9e1,1403/06/31,-90.0,2218.0,2191.0,3500000.0,3500000.0,3500000.0,-315000000.0,1.0,1.0,,,,,,,,,,,,,,,,,
905b8289d77d9927c13119c6a7cff9e1,1403/09/30,238.0,2433.0,2191.0,3500000.0,3500000.0,3500000.0,833000000.0,1.0,1.0,,,,,,,,,,,,,,,,,
905b8289d77d9927c13119c6a7cff9e1,1403/12/30,359.0,0.0,2191.0,3500000.0,3500000.0,3500000.0,1256500000.0,1.0,1.0,,,,,,,,,,,,,,,,,
905b8289d77d9927c13119c6a7cff9e1,1404/03/31,82.0,123.0,341.0,3500000.0,3500000.0,3500000.0,287000000.0,1.0,1.0,,,,,,,,,,,,,,,,,
905b8289d77d9927c13119c6a7cff9e1,1404/06/31,105.0,-91.0,341.0,3500000.0,3500000.0,3500000.0,367500000.0,1.0,1.0,,,,,,,,,,,,,,,,,
905b8289d77d9927c13119c6a7cff9e1,1404/09/30,-14.0,145.0,143.0,15000000.0,3500000.0,3500000.0,-210000000.0,1.0,1.0,,,,,,,,,,,,,,,,,
905b8289d77d9927c13119c6a7cff9e1,1404/12/29,47.0,143.0,,15000000.0,3500000.0,,705000000.0,3153941.0,1201697.0,,,,,,,,,,,,,,,,,
905b8289d77d9927c13119c6a7cff9e1,1405/03/31,121.0,58.0,47.0,15000000.0,3500000.0,15000000.0,1815000000.0,3044676.0,369929.0,,,,,,,,,,,,,,,,,
916d608d7850e7faf40d8efeb0d236a0,1398/06/31,23.0,-24.0,66.0,230000.0,230000.0,230000.0,5290000.0,1.0,1.0,,,,,,,,,,,,,,,,,
916d608d7850e7faf40d8efeb0d236a0,1398/09/30,14.0,-228.0,48.0,230000.0,230000.0,230000.0,3220000.0,1.0,1.0,,,,,,,,,,,,,,,,,
916d608d7850e7faf40d8efeb0d236a0,1398/12/29,3.0,0.0,48.0,230000.0,230000.0,230000.0,690000.0,1.0,1.0,,,,,,,,,,,,,,,,,
916d608d7850e7faf40d8efeb0d236a0,1399/03/31,-54.0,-49.0,55.0,230000.0,230000.0,230000.0,-12420000.0,1.0,1.0,,,,,,,,,,,,,,,,,
916d608d7850e7faf40d8efeb0d236a0,1399/06/31,395.0,21.0,55.0,230000.0,230000.0,230000.0,90850000.0,1.0,1.0,,,,,,,,,,,,,,,,,
916d608d7850e7faf40d8efeb0d236a0,1399/09/30,520.0,14.0,55.0,230000.0,230000.0,230000.0,119600000.0,1.0,1.0,,,,,,,,,,,,,,,,,
916d608d7850e7faf40d8efeb0d236a0,1399/12/30,66.0,0.0,55.0,230000.0,230000.0,230000.0,15180000.0,1.0,1.0,,,,,,,,,,,,,,,,,
916d608d7850e7faf40d8efeb0d236a0,1400/03/31,-199.0,-54.0,214.0,230000.0,230000.0,230000.0,-45770000.0,1.0,1.0,,,,,,,,,,,,,,,,,
916d608d7850e7faf40d8efeb0d236a0,1400/06/31,85.0,419.0,214.0,230000.0,230000.0,230000.0,19550000.0,1.0,1.0,,,,,,,,,,,,,,,,,
916d608d7850e7faf40d8efeb0d236a0,1400/09/30,36.0,520.0,214.0,230000.0,230000.0,230000.0,8280000.0,1.0,1.0,,,,,,,,,,,,,,,,,
916d608d7850e7faf40d8efeb0d236a0,1400/12/29,177.0,0.0,214.0,230000.0,230000.0,230000.0,40710000.0,1.0,1.0,,,,,,,,,,,,,,,,,
916d608d7850e7faf40d8efeb0d236a0,1401/03/31,-695.0,-199.0,181.0,230000.0,230000.0,230000.0,-159850000.0,1.0,1.0,,,,,,,,,,,,,,,,,
916d608d7850e7faf40d8efeb0d236a0,1401/06/31,-58.0,65.0,181.0,230000.0,230000.0,230000.0,-13340000.0,1.0,1.0,,,,,,,,,,,,,,,,,
916d608d7850e7faf40d8efeb0d236a0,1401/09/30,-296.0,36.0,181.0,628104.0,230000.0,230000.0,-185918784.0,1.0,1.0,,,,,,,,,,,,,,,,,
916d608d7850e7faf40d8efeb0d236a0,1401/12/29,461.0,0.0,181.0,628104.0,230000.0,230000.0,289555944.0,1.0,1.0,,,,,,,,,,,,,,,,,
916d608d7850e7faf40d8efeb0d236a0,1402/03/31,52.0,-255.0,514.0,628104.0,628104.0,628104.0,32661408.0,1.0,1.0,,,,,,,,,,,,,,,,,
916d608d7850e7faf40d8efeb0d236a0,1402/06/31,37.0,-12.0,514.0,2628104.0,628104.0,628104.0,97239848.0,1.0,1.0,,,,,,,,,,,,,,,,,
916d608d7850e7faf40d8efeb0d236a0,1402/09/30,90.0,-296.0,514.0,628104.0,628104.0,628104.0,56529360.0,1.0,1.0,,,,,,,,,,,,,,,,,
916d608d7850e7faf40d8efeb0d236a0,1402/12/29,710.0,0.0,514.0,628104.0,628104.0,628104.0,445953840.0,1.0,1.0,,,,,,,,,,,,,,,,,
916d608d7850e7faf40d8efeb0d236a0,1403/03/31,30.0,13.0,164.0,2628104.0,2628104.0,2628104.0,78843120.0,1.0,1.0,,,,,,,,,,,,,,,,,
916d608d7850e7faf40d8efeb0d236a0,1403/06/31,78.0,35.0,164.0,2628104.0,2628104.0,2628104.0,204992112.0,1.0,1.0,,,,,,,,,,,,,,,,,
916d608d7850e7faf40d8efeb0d236a0,1403/09/30,111.0,21.0,164.0,2628104.0,2628104.0,2628104.0,291719544.0,1.0,1.0,,,,,,,,,,,,,,,,,
916d608d7850e7faf40d8efeb0d236a0,1403/12/30,129.0,0.0,169.0,3225324.0,2628104.0,3225324.0,416066796.0,1.0,1.0,,,,,,,,,,,,,,,,,
916d608d7850e7faf40d8efeb0d236a0,1404/03/31,2.0,24.0,133.0,3225324.0,3225324.0,3225324.0,6450648.0,1.0,1.0,,,,,,,,,,,,,,,,,
916d608d7850e7faf40d8efeb0d236a0,1404/06/31,41.0,73.0,133.0,3225324.0,3225324.0,3225324.0,132238284.0,1.0,1.0,,,,,,,,,,,,,,,,,
916d608d7850e7faf40d8efeb0d236a0,1404/09/30,52.0,90.0,133.0,3225324.0,3225324.0,3225324.0,167716848.0,1.0,1.0,,,,,,,,,,,,,,,,,
916d608d7850e7faf40d8efeb0d236a0,1404/12/29,62.0,133.0,,3550000.0,3225324.0,,220100000.0,1327078.0,697559.0,,,,,,,,,,,,,,,,,
94bbf9d3a165ab493a448d205002268e,1399/03/31,418.0,802.0,1398.0,100000.0,50000.0,100000.0,41800000.0,1.0,1.0,,,,,,,,,,,,,,,,,
94bbf9d3a165ab493a448d205002268e,1399/06/31,1501.0,795.0,1398.0,100000.0,100000.0,100000.0,150100000.0,1.0,1.0,,,,,,,,,,,,,,,,,
94bbf9d3a165ab493a448d205002268e,1399/09/30,2492.0,986.0,1398.0,100000.0,100000.0,100000.0,249200000.0,1.0,1.0,,,,,,,,,,,,,,,,,
94bbf9d3a165ab493a448d205002268e,1399/12/30,3549.0,0.0,1398.0,100000.0,100000.0,100000.0,354900000.0,1.0,1.0,,,,,,,,,,,,,,,,,
94bbf9d3a165ab493a448d205002268e,1400/03/31,613.0,418.0,3472.0,100000.0,100000.0,100000.0,61300000.0,1.0,1.0,,,,,,,,,,,,,,,,,
94bbf9d3a165ab493a448d205002268e,1400/06/31,1749.0,1501.0,3472.0,100000.0,100000.0,100000.0,174900000.0,1.0,1.0,,,,,,,,,,,,,,,,,
94bbf9d3a165ab493a448d205002268e,1400/09/30,2661.0,2492.0,3472.0,100000.0,100000.0,100000.0,266100000.0,1.0,1.0,,,,,,,,,,,,,,,,,
94bbf9d3a165ab493a448d205002268e,1400/12/29,1357.0,0.0,3472.0,230000.0,100000.0,100000.0,312110000.0,1.0,1.0,,,,,,,,,,,,,,,,,
94bbf9d3a165ab493a448d205002268e,1401/03/31,364.0,267.0,1343.0,230000.0,230000.0,230000.0,83720000.0,1.0,1.0,,,,,,,,,,,,,,,,,
94bbf9d3a165ab493a448d205002268e,1401/06/31,1003.0,760.0,1343.0,230000.0,230000.0,230000.0,230690000.0,1.0,1.0,,,,,,,,,,,,,,,,,
94bbf9d3a165ab493a448d205002268e,1401/09/30,1772.0,1157.0,1343.0,230000.0,230000.0,230000.0,407560000.0,1.0,1.0,,,,,,,,,,,,,,,,,
94bbf9d3a165ab493a448d205002268e,1401/12/29,2868.0,0.0,1343.0,230000.0,230000.0,230000.0,659640000.0,1.0,1.0,,,,,,,,,,,,,,,,,
94bbf9d3a165ab493a448d205002268e,1402/03/31,1850.0,363.0,2839.0,230000.0,230000.0,230000.0,425500000.0,1.0,1.0,,,,,,,,,,,,,,,,,
94bbf9d3a165ab493a448d205002268e,1402/06/31,3524.0,1007.0,2839.0,230000.0,230000.0,230000.0,810520000.0,1.0,1.0,,,,,,,,,,,,,,,,,
94bbf9d3a165ab493a448d205002268e,1402/09/30,4773.0,1772.0,2839.0,230000.0,230000.0,230000.0,1097790000.0,1.0,1.0,,,,,,,,,,,,,,,,,
94bbf9d3a165ab493a448d205002268e,1402/12/29,5637.0,0.0,2839.0,230000.0,230000.0,230000.0,1296510000.0,1.0,1.0,,,,,,,,,,,,,,,,,
94bbf9d3a165ab493a448d205002268e,1403/03/31,1289.0,1850.0,5508.0,230000.0,230000.0,230000.0,296470000.0,1.0,1.0,,,,,,,,,,,,,,,,,
94bbf9d3a165ab493a448d205002268e,1403/06/31,163.0,3524.0,5508.0,3395000.0,230000.0,230000.0,553385000.0,1.0,1.0,,,,,,,,,,,,,,,,,
94bbf9d3a165ab493a448d205002268e,1403/09/30,254.0,323.0,373.0,3395000.0,3395000.0,3395000.0,862330000.0,1.0,1.0,,,,,,,,,,,,,,,,,
94bbf9d3a165ab493a448d205002268e,1403/12/30,318.0,0.0,373.0,3395000.0,230000.0,3395000.0,1079610000.0,1.0,1.0,,,,,,,,,,,,,,,,,
94bbf9d3a165ab493a448d205002268e,1404/03/31,140.0,84.0,286.0,3395000.0,3395000.0,3395000.0,475300000.0,1.0,1.0,,,,,,,,,,,,,,,,,
94bbf9d3a165ab493a448d205002268e,1404/06/31,363.0,148.0,286.0,3395000.0,3395000.0,3395000.0,1232385000.0,1.0,1.0,,,,,,,,,,,,,,,,,
94bbf9d3a165ab493a448d205002268e,1404/09/30,539.0,0.0,254.0,3395000.0,0.0,3395000.0,1829905000.0,18.493746943147322,100.0,,,,,,,,,,,,,,,,,
94bbf9d3a165ab493a448d205002268e,1404/12/29,1398.0,0.0,1836.0,100000.0,50000.0,50000.0,2539460000.0,1.0,1.0,,,,,,,,,,,,,,,,,
94bbf9d3a165ab493a448d205002268e,1405/03/31,358.0,140.0,745.0,3395000.0,3395000.0,3395000.0,1215410000.0,1177912.0,557684.0,,,,,,,,,,,,,,,,,
94e5dd63557afa43251119cb808facf2,1398/06/31,1166.0,211.0,1178.0,286469.0,286469.0,286469.0,334022854.0,430559.0,87137.0,,2509606.0,1196911.0,,-24997.0,8456.0,,,,,,,,,,,
94e5dd63557afa43251119cb808facf2,1398/09/30,2038.0,479.0,1178.0,286469.0,286469.0,286469.0,583823822.0,672753.0,179920.0,,4063860.0,1939860.0,,-37353.0,15012.0,,,,,,,,,,,
94e5dd63557afa43251119cb808facf2,1398/12/29,3013.0,1178.0,,286469.0,286469.0,,863131097.0,1003298.0,494765.0,,5714128.0,3263700.0,,-39199.0,23895.0,,,,,,,,,,,
94e5dd63557afa43251119cb808facf2,1399/03/31,792.0,252.0,3013.0,286469.0,286469.0,286469.0,226883448.0,261856.0,99406.0,,1589476.0,709535.0,,-1847.0,0.0,,,,,,,,,,,
94e5dd63557afa43251119cb808facf2,1399/06/31,3526.0,1292.0,3013.0,286469.0,286469.0,286469.0,1010089694.0,1300202.0,421624.0,,4169311.0,2509606.0,,-20752.0,5.0,,,,,,,,,,,
94e5dd63557afa43251119cb808facf2,1399/09/30,6242.0,2038.0,3013.0,286469.0,286469.0,286469.0,1788139498.0,2275195.0,672753.0,,7148807.0,4063860.0,,-47791.0,5.0,,,,,,,,,,,
94e5dd63557afa43251119cb808facf2,1399/12/30,358.0,3013.0,,9882730.0,286469.0,,3538017340.0,3967843.0,1028726.0,,11256812.0,5714128.0,,-71246.0,924.0,,,,,,,,,,,
94e5dd63557afa43251119cb808facf2,1400/03/31,64.0,23.0,358.0,9882730.0,9882730.0,9882730.0,632494720.0,785357.0,261856.0,,3358629.0,1589476.0,,-5915.0,0.0,,,,,,,,,,,
94e5dd63557afa43251119cb808facf2,1400/06/31,94.0,102.0,358.0,9882730.0,9882730.0,9882730.0,928976620.0,1169526.0,1300202.0,,6767264.0,4169311.0,,-19458.0,0.0,,,,,,,,,,,
94e5dd63557afa43251119cb808facf2,1400/09/30,129.0,181.0,358.0,9882730.0,9882730.0,9882730.0,1274872170.0,1538556.0,2275195.0,,10602753.0,7148807.0,,-57531.0,74.0,,,,,,,,,,,
94e5dd63557afa43251119cb808facf2,1400/12/29,94.0,358.0,,13000000.0,9882730.0,,1222000000.0,1641060.0,3967843.0,,14458231.0,11256812.0,,-147644.0,5006.0,,,,,,,,,,,
94e5dd63557afa43251119cb808facf2,1401/03/31,1.0,64.0,124.0,13000000.0,9882730.0,9882730.0,13000000.0,82191.0,785357.0,,4036496.0,3358629.0,,-81946.0,0.0,,,,,,,,,,,
94e5dd63557afa43251119cb808facf2,1401/06/31,22.0,71.0,94.0,13000000.0,13000000.0,13000000.0,286000000.0,465320.0,1169528.0,,9086645.0,6767264.0,,-149681.0,0.0,,,,,,,,,,,
94e5dd63557afa43251119cb808facf2,1401/09/30,60.0,98.0,94.0,13000000.0,13000000.0,13000000.0,780000000.0,1168495.0,1538556.0,,14796427.0,10602753.0,,-230329.0,35748.0,,,,,,,,,,,
94e5dd63557afa43251119cb808facf2,1401/12/29,112.0,94.0,,13000000.0,13000000.0,,1456000000.0,2128461.0,1641330.0,,20478565.0,14458231.0,,-411279.0,-29126.0,,,,,,,,,,,
94e5dd63557afa43251119cb808facf2,1402/03/31,62.0,1.0,105.0,13000000.0,13000000.0,13000000.0,806000000.0,1166631.0,82191.0,,6780244.0,4036496.0,,-178908.0,13858.0,,,,,,,,,,,
94e5dd63557afa43251119cb808facf2,1402/06/31,172.0,22.0,105.0,13000000.0,13000000.0,13000000.0,2236000000.0,2933158.0,465320.0,,12416680.0,9086645.0,,-374174.0,96832.0,,,,,,,,,,,
94e5dd63557afa43251119cb808facf2,1402/09/30,272.0,60.0,105.0,13000000.0,13000000.0,13000000.0,3536000000.0,5054463.0,1168495.0,,21847755.0,14796427.0,,-655429.0,-50697.0,,,,,,,,,,,
94e5dd63557afa43251119cb808facf2,1402/12/29,406.0,105.0,,14040000.0,13000000.0,,5700240000.0,7338374.0,2116636.0,,31104942.0,20478565.0,,-773831.0,55897.0,,,,,,,,,,,
94e5dd63557afa43251119cb808facf2,1403/03/31,87.0,57.0,407.0,14040000.0,14040000.0,14040000.0,1221480000.0,1868628.0,1166631.0,,10284118.0,6780244.0,,-372283.0,19759.0,,,,,,,,,,,
94e5dd63557afa43251119cb808facf2,1403/06/31,290.0,139.0,407.0,14040000.0,14040000.0,14040000.0,4071600000.0,5559168.0,2772586.0,,21247760.0,12416680.0,,-758997.0,28030.0,,,,,,,,,,,
94e5dd63557afa43251119cb808facf2,1403/09/30,417.0,252.0,407.0,14040000.0,14040000.0,14040000.0,5854680000.0,7728032.0,5054463.0,,32969684.0,21847755.0,,-2790314.0,1721544.0,,,,,,,,,,,
94e5dd63557afa43251119cb808facf2,1403/12/30,504.0,407.0,,14040000.0,14040000.0,,7076160000.0,9617972.0,7325554.0,,46630209.0,31104942.0,,-3952572.0,2259798.0,,,,,,,,,,,
94e5dd63557afa43251119cb808facf2,1404/09/30,170.0,417.0,636.0,18800000.0,14040000.0,14040000.0,3196000000.0,4699109.0,7728032.0,,42519307.0,32969684.0,,-2998602.0,2210376.0,,,,,,,,,,,
94e5dd63557afa43251119cb808facf2,1404/12/29,298.0,475.0,,18800000.0,18800000.0,,5602400000.0,6554130.0,9653392.0,,58135894.0,46630209.0,,-4655412.0,4610281.0,,,,,,,,,,,
94e5dd63557afa43251119cb808facf2,1405/03/31,166.0,37.0,262.0,18800000.0,18800000.0,18800000.0,3120800000.0,4264882.0,1229471.0,4808871.0,18030800.0,12167117.0,58135895.0,-1168621.0,718507.0,3128620.0,696021.0,4932023.0,5039006.0,242558.0,7252061.0,105921267.0,50036473.0,55093143.0,43315015.0,50828124.0
959eac0c9aaf26d5f523b9008fb87bdf,1398/09/30,1302.0,800.0,1273.0,200000.0,200000.0,200000.0,260400000.0,-1.0,100.0,,,,,,,,,,,,,,,,,
959eac0c9aaf26d5f523b9008fb87bdf,1398/12/29,1665.0,0.0,1273.0,200000.0,300000.0,200000.0,333000000.0,-1.0,100.0,,,,,,,,,,,,,,,,,
959eac0c9aaf26d5f523b9008fb87bdf,1399/03/31,387.0,343.0,1665.0,200000.0,200000.0,200000.0,77400000.0,-1.0,100.0,,,,,,,,,,,,,,,,,
959eac0c9aaf26d5f523b9008fb87bdf,1399/06/31,1060.0,875.0,1665.0,200000.0,200000.0,200000.0,212000000.0,-1.0,100.0,,,,,,,,,,,,,,,,,
959eac0c9aaf26d5f523b9008fb87bdf,1399/09/30,1578.0,1302.0,1665.0,200000.0,200000.0,200000.0,315600000.0,-1.0,100.0,,,,,,,,,,,,,,,,,
959eac0c9aaf26d5f523b9008fb87bdf,1399/12/30,2087.0,0.0,1665.0,200000.0,200000.0,200000.0,417400000.0,-1.0,100.0,,,,,,,,,,,,,,,,,
959eac0c9aaf26d5f523b9008fb87bdf,1400/03/31,361.0,387.0,2087.0,200000.0,200000.0,200000.0,72200000.0,-1.0,100.0,,,,,,,,,,,,,,,,,
959eac0c9aaf26d5f523b9008fb87bdf,1400/06/31,1146.0,1060.0,2087.0,200000.0,200000.0,200000.0,229200000.0,-1.0,100.0,,,,,,,,,,,,,,,,,
959eac0c9aaf26d5f523b9008fb87bdf,1400/09/30,1994.0,1578.0,2087.0,200000.0,200000.0,200000.0,398800000.0,-1.0,100.0,,,,,,,,,,,,,,,,,
959eac0c9aaf26d5f523b9008fb87bdf,1400/12/29,788.0,0.0,2087.0,700000.0,0.0,200000.0,551600000.0,-1.0,100.0,,,,,,,,,,,,,,,,,
959eac0c9aaf26d5f523b9008fb87bdf,1401/03/31,134.0,361.0,788.0,700000.0,200000.0,700000.0,93800000.0,-1.0,100.0,,,,,,,,,,,,,,,,,
959eac0c9aaf26d5f523b9008fb87bdf,1401/06/31,448.0,1167.0,788.0,700000.0,200000.0,700000.0,313600000.0,-1.0,100.0,,,,,,,,,,,,,,,,,
959eac0c9aaf26d5f523b9008fb87bdf,1401/09/30,730.0,1994.0,788.0,700000.0,200000.0,700000.0,511000000.0,-1.0,100.0,,,,,,,,,,,,,,,,,
959eac0c9aaf26d5f523b9008fb87bdf,1401/12/29,958.0,0.0,788.0,700000.0,0.0,700000.0,670600000.0,-1.0,100.0,,,,,,,,,,,,,,,,,
959eac0c9aaf26d5f523b9008fb87bdf,1402/03/31,508.0,134.0,958.0,700000.0,700000.0,700000.0,355600000.0,-1.0,100.0,,,,,,,,,,,,,,,,,
959eac0c9aaf26d5f523b9008fb87bdf,1402/06/31,1096.0,448.0,958.0,700000.0,700000.0,700000.0,767200000.0,-1.0,100.0,,,,,,,,,,,,,,,,,
959eac0c9aaf26d5f523b9008fb87bdf,1402/09/30,1714.0,730.0,958.0,700000.0,700000.0,700000.0,1199800000.0,-1.0,100.0,,,,,,,,,,,,,,,,,
959eac0c9aaf26d5f523b9008fb87bdf,1402/12/29,1879.0,0.0,958.0,700000.0,0.0,700000.0,1315300000.0,-1.0,100.0,,,,,,,,,,,,,,,,,
959eac0c9aaf26d5f523b9008fb87bdf,1403/03/31,616.0,508.0,1880.0,700000.0,700000.0,700000.0,431200000.0,-1.0,100.0,,,,,,,,,,,,,,,,,
959eac0c9aaf26d5f523b9008fb87bdf,1403/06/31,1163.0,1081.0,1880.0,700000.0,700000.0,700000.0,814100000.0,-1.0,100.0,,,,,,,,,,,,,,,,,
959eac0c9aaf26d5f523b9008fb87bdf,1403/09/30,1989.0,1714.0,1880.0,700000.0,700000.0,700000.0,1392300000.0,-1.0,100.0,,,,,,,,,,,,,,,,,
959eac0c9aaf26d5f523b9008fb87bdf,1403/12/30,545.0,0.0,1880.0,3700000.0,0.0,700000.0,2016500000.0,-1.0,100.0,,,,,,,,,,,,,,,,,
959eac0c9aaf26d5f523b9008fb87bdf,1404/03/31,166.0,616.0,545.0,3700000.0,700000.0,3700000.0,614200000.0,-1.0,100.0,,,,,,,,,,,,,,,,,
959eac0c9aaf26d5f523b9008fb87bdf,1404/06/31,442.0,1164.0,545.0,3700000.0,700000.0,3700000.0,1635400000.0,-1.0,100.0,,,,,,,,,,,,,,,,,
959eac0c9aaf26d5f523b9008fb87bdf,1404/09/30,966.0,1989.0,545.0,3700000.0,700000.0,3700000.0,3574200000.0,-1.0,100.0,,,,,,,,,,,,,,,,,
959eac0c9aaf26d5f523b9008fb87bdf,1404/12/29,1420.0,0.0,545.0,3700000.0,0.0,3700000.0,5254000000.0,1110.0,310.0,,,,,,,,,,,,,,,,,
959eac0c9aaf26d5f523b9008fb87bdf,1405/03/31,314.0,166.0,1420.0,3700000.0,3700000.0,3700000.0,1161800000.0,564989.0,530984.0,4107352.0,13126012.0,5212841.0,28507419.0,-77035.0,628165.0,2222985.0,615693.0,5255307.0,2646472.0,305481.0,5020541.0,35057558.0,14519534.0,20818901.0,19615007.0,14238657.0
968fb3437a7e5a62ca7b18a26e303df1,1398/06/31,87.0,39.0,92.0,600000.0,600000.0,600000.0,52200000.0,-1.0,100.0,,,,,,,,,,,,,,,,,
968fb3437a7e5a62ca7b18a26e303df1,1398/09/30,137.0,77.0,92.0,600000.0,600000.0,600000.0,82200000.0,-1.0,100.0,,,,,,,,,,,,,,,,,
968fb3437a7e5a62ca7b18a26e303df1,1398/12/29,172.0,0.0,92.0,600000.0,600000.0,600000.0,103200000.0,-1.0,100.0,,,,,,,,,,,,,,,,,
968fb3437a7e5a62ca7b18a26e303df1,1399/03/31,63.0,16.0,172.0,600000.0,600000.0,600000.0,37800000.0,-1.0,100.0,,,,,,,,,,,,,,,,,
968fb3437a7e5a62ca7b18a26e303df1,1399/06/31,150.0,84.0,172.0,600000.0,600000.0,600000.0,90000000.0,-1.0,100.0,,,,,,,,,,,,,,,,,
968fb3437a7e5a62ca7b18a26e303df1,1399/09/30,195.0,137.0,172.0,600000.0,600000.0,600000.0,117000000.0,-1.0,100.0,,,,,,,,,,,,,,,,,
968fb3437a7e5a62ca7b18a26e303df1,1399/12/30,130.0,0.0,172.0,1232422.0,600000.0,600000.0,160214860.0,-1.0,100.0,,,,,,,,,,,,,,,,,
968fb3437a7e5a62ca7b18a26e303df1,1400/03/31,38.0,30.0,130.0,1232423.0,1232423.0,1232423.0,46832074.0,-1.0,100.0,,,,,,,,,,,,,,,,,
968fb3437a7e5a62ca7b18a26e303df1,1400/06/31,181.0,71.0,130.0,1232423.0,1232423.0,1232423.0,223068563.0,-1.0,100.0,,,,,,,,,,,,,,,,,
968fb3437a7e5a62ca7b18a26e303df1,1400/09/30,235.0,95.0,130.0,1232423.0,1232423.0,1232423.0,289619405.0,-1.0,100.0,,,,,,,,,,,,,,,,,
968fb3437a7e5a62ca7b18a26e303df1,1400/12/29,297.0,0.0,130.0,1232423.0,1232423.0,1232423.0,366029631.0,-1.0,100.0,,,,,,,,,,,,,,,,,
968fb3437a7e5a62ca7b18a26e303df1,1401/03/31,72.0,38.0,297.0,1232423.0,1232423.0,1232423.0,88734456.0,-1.0,100.0,,,,,,,,,,,,,,,,,
968fb3437a7e5a62ca7b18a26e303df1,1401/06/31,235.0,181.0,297.0,1232423.0,1232423.0,1232423.0,289619405.0,-1.0,100.0,,,,,,,,,,,,,,,,,
968fb3437a7e5a62ca7b18a26e303df1,1401/09/30,430.0,235.0,297.0,1232423.0,1232423.0,1232423.0,529941890.0,-1.0,100.0,,,,,,,,,,,,,,,,,
968fb3437a7e5a62ca7b18a26e303df1,1401/12/29,524.0,0.0,297.0,1370136.0,1232423.0,1232423.0,717951264.0,-1.0,100.0,,,,,,,,,,,,,,,,,
968fb3437a7e5a62ca7b18a26e303df1,1402/03/31,113.0,65.0,524.0,1370136.0,1370136.0,1370136.0,154825368.0,-1.0,100.0,,,,,,,,,,,,,,,,,
968fb3437a7e5a62ca7b18a26e303df1,1402/06/31,343.0,211.0,524.0,1370136.0,1370136.0,1370136.0,469956648.0,-1.0,100.0,,,,,,,,,,,,,,,,,
968fb3437a7e5a62ca7b18a26e303df1,1402/09/30,561.0,387.0,524.0,1370136.0,1370136.0,1370136.0,768646296.0,-1.0,100.0,,,,,,,,,,,,,,,,,
968fb3437a7e5a62ca7b18a26e303df1,1402/10/30,656.0,454.0,524.0,1370136.0,1370136.0,1370136.0,898809216.0,-1.0,100.0,,,,,,,,,,,,,,,,,
968fb3437a7e5a62ca7b18a26e303df1,1403/01/31,185.0,113.0,656.0,1714138.0,1370136.0,1370136.0,317115530.0,-1.0,100.0,,,,,,,,,,,,,,,,,
968fb3437a7e5a62ca7b18a26e303df1,1403/04/31,476.0,343.0,656.0,1714138.0,1370136.0,1370136.0,815929688.0,-1.0,100.0,,,,,,,,,,,,,,,,,
968fb3437a7e5a62ca7b18a26e303df1,1403/07/30,799.0,561.0,656.0,1714138.0,1370136.0,1370136.0,1369596262.0,-1.0,100.0,,,,,,,,,,,,,,,,,
968fb3437a7e5a62ca7b18a26e303df1,1403/09/30,1023.0,656.0,656.0,1714138.0,1370136.0,1370136.0,1753563174.0,-1.0,100.0,,,,,,,,,,,,,,,,,
968fb3437a7e5a62ca7b18a26e303df1,1403/12/30,319.0,185.0,1023.0,1714138.0,1714138.0,1714138.0,546810022.0,-1.0,100.0,,,,,,,,,,,,,,,,,
968fb3437a7e5a62ca7b18a26e303df1,1404/03/31,746.0,512.0,1023.0,1714138.0,1714138.0,1714138.0,1278746948.0,-1.0,100.0,,,,,,,,,,,,,,,,,
968fb3437a7e5a62ca7b18a26e303df1,1404/06/31,1374.0,799.0,1023.0,1714138.0,1714138.0,1714138.0,2355225612.0,-1.0,100.0,,,,,,,,,,,,,,,,,
968fb3437a7e5a62ca7b18a26e303df1,1404/09/30,1676.0,0.0,1023.0,1714138.0,1714138.0,1714138.0,2872895288.0,-1.0,100.0,,,,,,,,,,,,,,,,,
968fb3437a7e5a62ca7b18a26e303df1,1404/12/29,813.0,319.0,1658.0,1714138.0,1714138.0,1714138.0,1393594194.0,-1.0,100.0,,,,,,,,,,,,,,,,,
968fb3437a7e5a62ca7b18a26e303df1,1405/03/31,1897.0,789.0,1658.0,1714138.0,1714138.0,1714138.0,3251719786.0,4324070.0,1840762.0,,29774901.0,13917627.0,,-261982.0,5198.0,,,,,,,,,,,
9690eb40ea60e7030a8c95d739fc573c,1398/03/31,0.0,0.0,0.0,2413950.0,0.0,2413950.0,0.0,1.0,1.0,,,,,,,,,,,,,,,,,
9690eb40ea60e7030a8c95d739fc573c,1398/06/31,0.0,0.0,0.0,2413950.0,0.0,2413950.0,0.0,1.0,1.0,,,,,,,,,,,,,,,,,
9690eb40ea60e7030a8c95d739fc573c,1398/09/30,0.0,0.0,0.0,2413950.0,0.0,2413950.0,0.0,1.0,1.0,,,,,,,,,,,,,,,,,
9690eb40ea60e7030a8c95d739fc573c,1398/12/29,0.0,0.0,0.0,2413950.0,0.0,2413950.0,0.0,1.0,1.0,,,,,,,,,,,,,,,,,
9690eb40ea60e7030a8c95d739fc573c,1399/03/31,0.0,0.0,0.0,2413950.0,0.0,2413950.0,0.0,1.0,1.0,,,,,,,,,,,,,,,,,
9690eb40ea60e7030a8c95d739fc573c,1399/06/31,0.0,0.0,0.0,2413950.0,0.0,2413950.0,0.0,1.0,1.0,,,,,,,,,,,,,,,,,
9690eb40ea60e7030a8c95d739fc573c,1399/09/30,0.0,0.0,0.0,2413950.0,0.0,2413950.0,0.0,1.0,1.0,,,,,,,,,,,,,,,,,
9690eb40ea60e7030a8c95d739fc573c,1399/12/30,2511.0,0.0,0.0,2413950.0,2413950.0,0.0,6061428450.0,1.0,1.0,,,,,,,,,,,,,,,,,
9690eb40ea60e7030a8c95d739fc573c,1400/03/31,31.0,6.0,417.0,2413950.0,2413950.0,0.0,74832450.0,1.0,1.0,,,,,,,,,,,,,,,,,
9690eb40ea60e7030a8c95d739fc573c,1400/06/31,58.0,1.0,5700.0,2413950.0,2413950.0,0.0,140009100.0,1.0,1.0,,,,,,,,,,,,,,,,,
9690eb40ea60e7030a8c95d739fc573c,1400/09/30,77.0,9.0,756.0,2413950.0,2413950.0,0.0,185874150.0,1.0,1.0,,,,,,,,,,,,,,,,,
9690eb40ea60e7030a8c95d739fc573c,1400/12/29,3517.0,0.0,0.0,2413950.0,2413950.0,0.0,8489862150.0,1.0,1.0,,,,,,,,,,,,,,,,,
9690eb40ea60e7030a8c95d739fc573c,1401/03/31,4.0,31.0,-87.0,2413950.0,2413950.0,0.0,9655800.0,1.0,1.0,,,,,,,,,,,,,,,,,
9690eb40ea60e7030a8c95d739fc573c,1401/06/31,11.0,55.0,-80.0,2413950.0,2413950.0,0.0,26553450.0,1.0,1.0,,,,,,,,,,,,,,,,,
9690eb40ea60e7030a8c95d739fc573c,1401/09/30,20.0,77.0,-74.0,2413950.0,2413950.0,0.0,48279000.0,1.0,1.0,,,,,,,,,,,,,,,,,
9690eb40ea60e7030a8c95d739fc573c,1401/12/29,6449.0,0.0,0.0,2413950.0,2413950.0,0.0,15567563550.0,1.0,1.0,,,,,,,,,,,,,,,,,
9690eb40ea60e7030a8c95d739fc573c,1402/03/31,2.0,4.0,-50.0,10000000.0,2413950.0,314.0,20000000.0,1.0,1.0,,,,,,,,,,,,,,,,,
9690eb40ea60e7030a8c95d739fc573c,1402/06/31,4.0,3.0,33.0,10000000.0,10000000.0,0.0,40000000.0,1.0,1.0,,,,,,,,,,,,,,,,,
9690eb40ea60e7030a8c95d739fc573c,1402/09/30,1.0,5.0,-80.0,10000000.0,10000000.0,0.0,10000000.0,1.0,1.0,,,,,,,,,,,,,,,,,
9690eb40ea60e7030a8c95d739fc573c,1402/12/29,813.0,0.0,0.0,10000000.0,10000000.0,0.0,8130000000.0,1.0,1.0,,,,,,,,,,,,,,,,,
9690eb40ea60e7030a8c95d739fc573c,1403/03/31,-5.0,2.0,0.0,10000000.0,10000000.0,0.0,-50000000.0,1.0,1.0,,,,,,,,,,,,,,,,,
9690eb40ea60e7030a8c95d739fc573c,1403/06/31,-31.0,4.0,0.0,10000000.0,10000000.0,0.0,-310000000.0,1.0,1.0,,,,,,,,,,,,,,,,,
9690eb40ea60e7030a8c95d739fc573c,1403/09/30,-35.0,1.0,816.0,10000000.0,10000000.0,10000000.0,-350000000.0,1.0,1.0,,,,,,,,,,,,,,,,,
9690eb40ea60e7030a8c95d739fc573c,1403/12/30,1106.0,0.0,816.0,10000000.0,10000000.0,10000000.0,11060000000.0,1.0,1.0,,,,,,,,,,,,,,,,,
9690eb40ea60e7030a8c95d739fc573c,1404/03/31,-6.0,-5.0,264.0,10000000.0,10000000.0,10000000.0,-60000000.0,1.0,1.0,,,,,,,,,,,,,,,,,
9690eb40ea60e7030a8c95d739fc573c,1404/06/31,-9.0,-31.0,1037.0,10000000.0,10000000.0,10000000.0,-90000000.0,1.0,1.0,,,,,,,,,,,,,,,,,
9690eb40ea60e7030a8c95d739fc573c,1404/09/30,-48.0,-35.0,1106.0,10000000.0,10000000.0,10000000.0,-480000000.0,1.0,1.0,,,,,,,,,,,,,,,,,
9699d9e476a96e2efa79e1d55f75a297,1403/09/30,329.0,198.0,463.0,134637967.0,134637967.0,134637967.0,44295891143.0,47178657.0,7479936.0,,48282333.0,8233383.0,,-2926323.0,8120.0,,,,,,,,,,,
9699d9e476a96e2efa79e1d55f75a297,1403/12/30,861.0,914.0,,134637967.0,134637967.0,,115923289587.0,163705352.0,165648758.0,,760836340.0,553730096.0,,-42101479.0,6510695.0,,,,,,,,,,,
9699d9e476a96e2efa79e1d55f75a297,1404/03/31,6.0,-10.0,511.0,134637967.0,134637967.0,134637967.0,807827802.0,-188424.0,-406293.0,,345868.0,4390.0,,-768094.0,1721264.0,,,,,,,,,,,
9699d9e476a96e2efa79e1d55f75a297,1404/06/31,-1.0,-15.0,511.0,134637967.0,134637967.0,134637967.0,-134637967.0,-435408.0,85492.0,,615854.0,849990.0,,-1323006.0,1676142.0,,,,,,,,,,,
9699d9e476a96e2efa79e1d55f75a297,1404/09/30,14.0,329.0,511.0,134637967.0,134637967.0,134637967.0,1884931538.0,1870960.0,47178657.0,,3398297.0,48282333.0,,-1346535.0,1422473.0,,,,,,,,,,,
9699d9e476a96e2efa79e1d55f75a297,1404/12/29,1044.0,987.0,,134637967.0,134637967.0,,140562037548.0,154836584.0,164898318.0,,1042029999.0,757937439.0,,-61645695.0,57220669.0,,,,,,,,,,,
9699d9e476a96e2efa79e1d55f75a297,1405/03/31,23.0,6.0,542.0,134637967.0,134637967.0,134637967.0,3096673241.0,3130142.0,-188424.0,72857296.0,3942425.0,345868.0,75575226.0,-784.0,-13212.0,3116146.0,764746.0,73004211.0,3675302.0,-953462.0,15798213.0,355838045.0,127946922.0,3765544.0,2840396.0,352072501.0
980b075e10e0e4da4ae747bc7b6c3825,1398/06/31,406.0,30.0,418.0,1260000.0,1260000.0,1260000.0,511560000.0,491.0,-85.0,826977.0,2704601.0,1451666.0,4307423.0,-21213.0,126814.0,511478.0,37942.0,526982.0,114411.0,320312.0,568622.0,4509558.0,3389911.0,1822591.0,1634343.0,2686967.0
980b075e10e0e4da4ae747bc7b6c3825,1398/09/30,732.0,178.0,418.0,1260000.0,1260000.0,1260000.0,922320000.0,0.0,0.0,826978.0,4524502.0,2700314.0,4307423.0,-39904.0,142515.0,921995.0,224491.0,526983.0,-130119.0,335849.0,568623.0,5273827.0,3816099.0,2267135.0,1966067.0,3006692.0
980b075e10e0e4da4ae747bc7b6c3825,1398/12/29,223.0,0.0,418.0,6622407.0,1260000.0,1260000.0,1476796761.0,1010.0,161.0,,6355557.0,4307423.0,,-62489.0,263845.0,1475112.0,526983.0,,230405.0,568623.0,,5932083.0,4444001.0,2372569.0,2177296.0,3559514.0
980b075e10e0e4da4ae747bc7b6c3825,1399/03/31,30.0,28.0,223.0,6622407.0,6622407.0,6622407.0,198672210.0,0.0,0.0,1723157.0,1280529.0,1182015.0,6355557.0,-29764.0,57107.0,197134.0,183880.0,1475112.0,24761.0,-5638.0,289792.0,12028881.0,5430517.0,3108486.0,2837339.0,8920395.0
980b075e10e0e4da4ae747bc7b6c3825,1399/06/31,97.0,76.0,223.0,6622407.0,6622407.0,6622407.0,642373479.0,502.9,9.1,1723157.0,3451835.0,2704600.0,6355557.0,-78421.0,70035.0,645041.0,500909.0,1475112.0,16174.0,-13343.0,289792.0,12645229.0,5507994.0,3276939.0,3001937.0,9368290.0
980b075e10e0e4da4ae747bc7b6c3825,1399/09/30,194.0,139.0,223.0,6622407.0,6622407.0,6622407.0,1284746958.0,0.0,0.0,1723157.0,6112326.0,4524502.0,6355557.0,-152218.0,86164.0,1283102.0,921995.0,1475112.0,279158.0,-130119.0,285056.0,8115632.0,6420506.0,3471688.0,3228446.0,4643944.0
980b075e10e0e4da4ae747bc7b6c3825,1399/12/30,262.0,0.0,223.0,6622407.0,6622407.0,6622407.0,1735070634.0,0.0,0.0,,9253552.0,6355557.0,,-236520.0,198446.0,1732846.0,1475112.0,,1402828.0,285056.0,,15277949.0,6631824.0,4700968.0,4441532.0,10576981.0
980b075e10e0e4da4ae747bc7b6c3825,1400/03/31,33.0,30.0,262.0,6622407.0,6622407.0,6622407.0,218539431.0,0.0,0.0,2290457.0,2642234.0,1280529.0,9253552.0,-112873.0,46625.0,221468.0,197134.0,1732846.0,587915.0,24761.0,1402828.0,16734475.0,7493189.0,6210941.0,5860339.0,10523534.0
980b075e10e0e4da4ae747bc7b6c3825,1400/06/31,69.0,97.0,262.0,6622407.0,6622407.0,6622407.0,456946083.0,92.0,-23.0,2290457.0,5447922.0,3449730.0,9253552.0,-268682.0,66794.0,459185.0,642972.0,1732846.0,2235331.0,565914.0,1402828.0,17309909.0,6908207.0,6389435.0,6051659.0,10920474.0
980b075e10e0e4da4ae747bc7b6c3825,1400/09/30,141.0,164.0,219.0,6622407.0,6622407.0,6622407.0,933759387.0,0.0,0.0,1999800.0,7256313.0,5047426.0,7618235.0,-393614.0,0.0,932779.0,1085372.0,1450898.0,2752609.0,188699.0,1655939.0,17458470.0,6934070.0,6942319.0,6642517.0,10516151.0
980b075e10e0e4da4ae747bc7b6c3825,1400/12/29,149.0,0.0,262.0,9000000.0,6622407.0,6622407.0,1341000000.0,197.0,-47.0,,12811153.0,9253552.0,,-660735.0,142168.0,1344329.0,1732846.0,,1719205.0,1402828.0,,20832597.0,9686221.0,9058180.0,8700872.0,11774417.0
980b075e10e0e4da4ae747bc7b6c3825,1401/03/31,104.0,28.0,129.0,9000000.0,9000000.0,9000000.0,936000000.0,0.0,0.0,1828612.0,4124129.0,2249193.0,10472806.0,-205110.0,0.0,937553.0,249065.0,1158054.0,259274.0,589105.0,2201334.0,20186945.0,9038767.0,9318604.0,8900599.0,10868341.0
980b075e10e0e4da4ae747bc7b6c3825,1401/06/31,249.0,68.0,147.0,9000000.0,9000000.0,9000000.0,2241000000.0,290.0,-40.0,2184463.0,11522766.0,5447922.0,12811153.0,-513365.0,67828.0,2245490.0,610831.0,1322437.0,1591090.0,2088356.0,2079564.0,24640791.0,13232938.0,11458398.0,10976106.0,13182393.0
980b075e10e0e4da4ae747bc7b6c3825,1401/09/30,388.0,104.0,129.0,9000000.0,9000000.0,9000000.0,3492000000.0,436.0,-58.0,1828612.0,16341772.0,7256233.0,10472806.0,-717112.0,126586.0,3490425.0,932699.0,1158054.0,3462870.0,2752609.0,2201334.0,23921159.0,12290478.0,10499308.0,10049585.0,13421851.0
980b075e10e0e4da4ae747bc7b6c3825,1401/12/29,517.0,147.0,147.0,9000000.0,9000000.0,9000000.0,4653000000.0,590.0,-75.0,2184463.0,25501352.0,12811153.0,12811153.0,-1178535.0,148846.0,4649271.0,1322437.0,1322437.0,5299297.0,2079564.0,,26374572.0,13987625.0,10788399.0,10259819.0,15586173.0
980b075e10e0e4da4ae747bc7b6c3825,1402/03/31,147.0,103.0,485.0,9000000.0,9000000.0,9000000.0,1323000000.0,0.0,0.0,5943103.0,6174475.0,4124129.0,21904828.0,-325115.0,49953.0,1326218.0,926329.0,4366065.0,2968183.0,259274.0,5295252.0,25941802.0,13282215.0,12505093.0,11977015.0,13436709.0
980b075e10e0e4da4ae747bc7b6c3825,1402/06/31,276.0,250.0,517.0,9000000.0,9000000.0,9000000.0,2484000000.0,326.0,-48.0,6569320.0,14125084.0,11522766.0,25501352.0,-772423.0,197891.0,2481156.0,2248135.0,4652252.0,4370630.0,1586122.0,5548306.0,28222802.0,15551507.0,12355242.0,11688468.0,15867560.0
980b075e10e0e4da4ae747bc7b6c3825,1402/09/30,421.0,388.0,485.0,9000000.0,9000000.0,9000000.0,3789000000.0,490.0,-69.0,5943103.0,21471730.0,16341771.0,21904828.0,-1056152.0,265309.0,3792723.0,3490424.0,4366065.0,3381222.0,3462870.0,5295252.0,29897083.0,16989199.0,13993870.0,13384193.0,15903213.0
980b075e10e0e4da4ae747bc7b6c3825,1402/12/29,610.0,0.0,517.0,11000000.0,9000000.0,9000000.0,6710000000.0,739.0,-128.0,,35347449.0,25501352.0,,-1545029.0,238421.0,6713404.0,4652252.0,,6013579.0,5548306.0,,35962688.0,21872625.0,15820880.0,15051898.0,20141808.0
980b075e10e0e4da4ae747bc7b6c3825,1403/03/31,184.0,121.0,562.0,11000000.0,11000000.0,11000000.0,2024000000.0,203.0,-19.0,8774477.0,9025063.0,6174474.0,30762763.0,-314967.0,59196.0,2025812.0,1326217.0,6184297.0,3945861.0,2968183.0,5074667.0,34285800.0,20331780.0,17045201.0,16274400.0,17240599.0
980b075e10e0e4da4ae747bc7b6c3825,1403/06/31,371.0,201.0,562.0,11000000.0,11000000.0,11000000.0,4081000000.0,387.0,-16.0,8774477.0,18034380.0,12265581.0,30762763.0,-630775.0,151995.0,4082869.0,2206057.0,6184297.0,5400726.0,3794912.0,5074667.0,35163512.0,21151494.0,15865855.0,15066095.0,19297657.0
980b075e10e0e4da4ae747bc7b6c3825,1403/09/30,742.0,345.0,562.0,11000000.0,11000000.0,11000000.0,8162000000.0,794.0,-52.0,8774477.0,30377532.0,21471728.0,30762763.0,-960165.0,245683.0,8162381.0,3792723.0,6184297.0,7891330.0,3381222.0,5074667.0,39569966.0,25329194.0,16192797.0,15290482.0,23377169.0
980b075e10e0e4da4ae747bc7b6c3825,1403/12/30,802.0,0.0,605.0,13750000.0,11000000.0,11000000.0,11027500000.0,875.0,-77.0,,44641403.0,35347449.0,,-1382935.0,151841.0,11030273.0,6658531.0,,5246118.0,6013579.0,,46625485.0,31391107.0,18614677.0,17581505.0,28010808.0
980b075e10e0e4da4ae747bc7b6c3825,1404/03/31,222.0,147.0,780.0,13750000.0,13750000.0,13750000.0,3052500000.0,235.0,-13.0,13256472.0,11452016.0,9025063.0,39525904.0,-315330.0,85417.0,3053777.0,2025812.0,10720891.0,2656613.0,3945861.0,4565330.0,106680014.0,30851727.0,21922547.0,20890612.0,84757467.0
980b075e10e0e4da4ae747bc7b6c3825,1404/06/31,619.0,297.0,780.0,13750000.0,13750000.0,13750000.0,8511250000.0,636.0,-17.0,13256472.0,24633283.0,18034380.0,39525904.0,-541427.0,232278.0,8510469.0,4082871.0,10720891.0,8188294.0,5536053.0,4565330.0,107526008.0,31725534.0,17311849.0,16165811.0,90214159.0
980b075e10e0e4da4ae747bc7b6c3825,1404/09/30,856.0,430.0,564.0,19000000.0,19000000.0,19000000.0,16264000000.0,872.0,-16.0,13256472.0,43624128.0,30377532.0,39525904.0,-770864.0,412330.0,16256261.0,8162381.0,10720891.0,9394495.0,7891330.0,4565330.0,118349179.0,41890364.0,20389228.0,19264555.0,97959951.0
980b075e10e0e4da4ae747bc7b6c3825,1404/12/29,205.0,0.0,101.0,110140005.0,13750000.0,110140005.0,22578701025.0,209.0,-5.0,,64344246.0,44638256.0,,-1172478.0,592971.0,22571006.0,11165563.0,,9983252.0,5291425.0,,164548467.0,47359359.0,24221153.0,18698289.0,140327314.0
980b075e10e0e4da4ae747bc7b6c3825,1405/03/31,109.0,28.0,194.0,110140005.0,110140005.0,110140005.0,12005260545.0,15318597.0,4047134.0,24214297.0,31927344.0,11452016.0,56978675.0,-416836.0,111912.0,12010938.0,3053777.0,21333316.0,-1748546.0,2656613.0,9545856.0,175677489.0,63928704.0,37228451.0,31709816.0,138449038.0
99739597e0be8c49abb1092f02513a19,1398/03/31,0.0,0.0,0.0,4427300.0,3.0,0.0,0.0,1.0,1.0,,,,,,,,,,,,,,,,,
99739597e0be8c49abb1092f02513a19,1398/06/31,0.0,0.0,0.0,4427300.0,20.0,0.0,0.0,1.0,1.0,,,,,,,,,,,,,,,,,
99739597e0be8c49abb1092f02513a19,1398/12/29,295.0,44.0,336.0,700000.0,700000.0,700000.0,206500000.0,1.0,1.0,,,,,,,,,,,,,,,,,
99739597e0be8c49abb1092f02513a19,1399/03/31,119.0,-138.0,336.0,2180000.0,700000.0,700000.0,259420000.0,1.0,1.0,,,,,,,,,,,,,,,,,
99739597e0be8c49abb1092f02513a19,1399/06/31,443.0,20.0,336.0,2180000.0,700000.0,700000.0,965740000.0,1.0,1.0,,,,,,,,,,,,,,,,,
99739597e0be8c49abb1092f02513a19,1399/09/30,971.0,0.0,336.0,2180000.0,700000.0,700000.0,2116780000.0,1.0,1.0,,,,,,,,,,,,,,,,,
99739597e0be8c49abb1092f02513a19,1399/12/30,402.0,295.0,971.0,2180000.0,700000.0,2180000.0,876360000.0,1.0,1.0,,,,,,,,,,,,,,,,,
99739597e0be8c49abb1092f02513a19,1400/03/31,832.0,336.0,725.0,2180000.0,700000.0,2180000.0,1813760000.0,1.0,1.0,,,,,,,,,,,,,,,,,
99739597e0be8c49abb1092f02513a19,1400/06/31,1169.0,443.0,603.0,2180000.0,2180000.0,2180000.0,2548420000.0,1.0,1.0,,,,,,,,,,,,,,,,,
99739597e0be8c49abb1092f02513a19,1400/09/30,1335.0,0.0,560.0,2180000.0,2180000.0,2180000.0,2910300000.0,1.0,1.0,,,,,,,,,,,,,,,,,
99739597e0be8c49abb1092f02513a19,1400/12/29,201.0,402.0,1335.0,2180000.0,2180000.0,2180000.0,438180000.0,1.0,1.0,,,,,,,,,,,,,,,,,
99739597e0be8c49abb1092f02513a19,1401/03/31,131.0,916.0,1335.0,2180000.0,2180000.0,2180000.0,285580000.0,1.0,1.0,,,,,,,,,,,,,,,,,
99739597e0be8c49abb1092f02513a19,1401/06/31,182.0,1169.0,1335.0,4360000.0,2180000.0,2180000.0,793520000.0,1.0,1.0,,,,,,,,,,,,,,,,,
99739597e0be8c49abb1092f02513a19,1401/09/30,367.0,0.0,1335.0,4360000.0,2180000.0,2180000.0,1600120000.0,1.0,1.0,,,,,,,,,,,,,,,,,
99739597e0be8c49abb1092f02513a19,1401/12/29,231.0,201.0,370.0,4360000.0,2180000.0,4360000.0,1007160000.0,1.0,1.0,,,,,,,,,,,,,,,,,
99739597e0be8c49abb1092f02513a19,1402/03/31,685.0,86.0,370.0,4360000.0,4360000.0,4360000.0,2986600000.0,1.0,1.0,,,,,,,,,,,,,,,,,
99739597e0be8c49abb1092f02513a19,1402/06/31,627.0,182.0,370.0,6540000.0,4360000.0,4360000.0,4100580000.0,1.0,1.0,,,,,,,,,,,,,,,,,
99739597e0be8c49abb1092f02513a19,1402/09/30,1251.0,0.0,374.0,6540000.0,4360000.0,4360000.0,8181540000.0,1.0,1.0,,,,,,,,,,,,,,,,,
99739597e0be8c49abb1092f02513a19,1402/12/29,281.0,231.0,1251.0,6540000.0,4360000.0,6540000.0,1837740000.0,1.0,1.0,,,,,,,,,,,,,,,,,
99739597e0be8c49abb1092f02513a19,1403/03/31,461.0,464.0,1251.0,9779600.0,6540000.0,6540000.0,4508395600.0,1.0,1.0,,,,,,,,,,,,,,,,,
99739597e0be8c49abb1092f02513a19,1403/06/31,766.0,627.0,1251.0,9779600.0,6540000.0,6540000.0,7491173600.0,1.0,1.0,,,,,,,,,,,,,,,,,
99739597e0be8c49abb1092f02513a19,1403/09/30,1168.0,0.0,1251.0,9779600.0,6540000.0,6540000.0,11422572800.0,1.0,1.0,,,,,,,,,,,,,,,,,
99739597e0be8c49abb1092f02513a19,1403/12/30,451.0,281.0,1165.0,9779600.0,6540000.0,9779600.0,4410599600.0,1.0,1.0,,,,,,,,,,,,,,,,,
99739597e0be8c49abb1092f02513a19,1404/03/31,682.0,508.0,1165.0,13668828.0,9779600.0,9779600.0,9322140696.0,1.0,1.0,,,,,,,,,,,,,,,,,
99739597e0be8c49abb1092f02513a19,1404/06/31,847.0,766.0,1165.0,13668828.0,9779600.0,9779600.0,11577497316.0,1.0,1.0,,,,,,,,,,,,,,,,,
99739597e0be8c49abb1092f02513a19,1404/09/30,1155.0,0.0,1168.0,13668828.0,9779600.0,9779600.0,15787496340.0,-1.0,100.0,,,,,,,,,,,,,,,,,
99739597e0be8c49abb1092f02513a19,1404/12/29,437.0,451.0,1153.0,13668828.0,9779600.0,13668828.0,5973277836.0,-1.0,100.0,,,,,,,,,,,,,,,,,
99739597e0be8c49abb1092f02513a19,1405/03/31,753.0,572.0,1155.0,13668828.0,13668828.0,13668828.0,10292627484.0,15477211.0,11822819.0,22368426.0,59017068.0,44851235.0,92448028.0,-2951286.0,156510.0,10296803.0,7819413.0,15791507.0,-4726672.0,9365810.0,18180417.0,106232356.0,76065344.0,72008303.0,65127176.0,34224053.0
99775fd5c264517e465c66d684aefc15,1398/06/31,579.0,58.0,295.0,450000.0,450000.0,450000.0,260550000.0,1.0,1.0,,,,,,,,,,,,,,,,,
99775fd5c264517e465c66d684aefc15,1398/09/30,965.0,124.0,318.0,450000.0,450000.0,450000.0,434250000.0,1.0,1.0,,,,,,,,,,,,,,,,,
99775fd5c264517e465c66d684aefc15,1398/12/29,1181.0,0.0,295.0,450000.0,450000.0,450000.0,531450000.0,1.0,1.0,,,,,,,,,,,,,,,,,
99775fd5c264517e465c66d684aefc15,1399/03/31,338.0,269.0,1202.0,450000.0,450000.0,450000.0,152100000.0,1.0,1.0,,,,,,,,,,,,,,,,,
99775fd5c264517e465c66d684aefc15,1399/06/31,884.0,514.0,1202.0,450000.0,450000.0,450000.0,397800000.0,1.0,1.0,,,,,,,,,,,,,,,,,
99775fd5c264517e465c66d684aefc15,1399/09/30,1365.0,965.0,1202.0,450000.0,450000.0,450000.0,614250000.0,1.0,1.0,,,,,,,,,,,,,,,,,
99775fd5c264517e465c66d684aefc15,1399/12/30,1913.0,0.0,1181.0,450000.0,450000.0,450000.0,860850000.0,1.0,1.0,,,,,,,,,,,,,,,,,
99775fd5c264517e465c66d684aefc15,1400/03/31,362.0,189.0,1074.0,804000.0,804000.0,804000.0,291048000.0,1.0,1.0,,,,,,,,,,,,,,,,,
99775fd5c264517e465c66d684aefc15,1400/06/31,673.0,495.0,1074.0,804000.0,804000.0,804000.0,541092000.0,1.0,1.0,,,,,,,,,,,,,,,,,
99775fd5c264517e465c66d684aefc15,1400/09/30,894.0,1365.0,1919.0,804000.0,450000.0,450000.0,718776000.0,1.0,1.0,,,,,,,,,,,,,,,,,
99775fd5c264517e465c66d684aefc15,1400/12/29,1167.0,0.0,1071.0,804000.0,804000.0,804000.0,938268000.0,1.0,1.0,,,,,,,,,,,,,,,,,
99775fd5c264517e465c66d684aefc15,1401/03/31,380.0,362.0,1168.0,804000.0,804000.0,804000.0,305520000.0,1.0,1.0,,,,,,,,,,,,,,,,,
99775fd5c264517e465c66d684aefc15,1401/06/31,231.0,673.0,1168.0,2000000.0,804000.0,804000.0,462000000.0,1.0,1.0,,,,,,,,,,,,,,,,,
99775fd5c264517e465c66d684aefc15,1401/09/30,446.0,894.0,1168.0,2000000.0,804000.0,804000.0,892000000.0,1.0,1.0,,,,,,,,,,,,,,,,,
99775fd5c264517e465c66d684aefc15,1401/12/29,494.0,0.0,470.0,2000000.0,804000.0,2000000.0,988000000.0,1.0,1.0,,,,,,,,,,,,,,,,,
99775fd5c264517e465c66d684aefc15,1402/03/31,180.0,153.0,518.0,2000000.0,2000000.0,2000000.0,360000000.0,1.0,1.0,,,,,,,,,,,,,,,,,
99775fd5c264517e465c66d684aefc15,1402/06/31,276.0,317.0,517.0,2000000.0,2000000.0,2000000.0,552000000.0,1.0,1.0,,,,,,,,,,,,,,,,,
99775fd5c264517e465c66d684aefc15,1402/09/30,503.0,446.0,518.0,2000000.0,2000000.0,2000000.0,1006000000.0,1.0,1.0,,,,,,,,,,,,,,,,,
99775fd5c264517e465c66d684aefc15,1402/12/29,635.0,0.0,517.0,2000000.0,2000000.0,2000000.0,1270000000.0,1.0,1.0,,,,,,,,,,,,,,,,,
99775fd5c264517e465c66d684aefc15,1403/03/31,189.0,180.0,637.0,2000000.0,2000000.0,2000000.0,378000000.0,1.0,1.0,,,,,,,,,,,,,,,,,
99775fd5c264517e465c66d684aefc15,1403/06/31,250.0,276.0,635.0,2000000.0,2000000.0,2000000.0,500000000.0,1.0,1.0,,,,,,,,,,,,,,,,,
99775fd5c264517e465c66d684aefc15,1403/09/30,515.0,503.0,637.0,2000000.0,2000000.0,2000000.0,1030000000.0,1.0,1.0,,,,,,,,,,,,,,,,,
99775fd5c264517e465c66d684aefc15,1403/12/30,800.0,0.0,711.0,2000000.0,2000000.0,2000000.0,1600000000.0,1.0,1.0,,,,,,,,,,,,,,,,,
99775fd5c264517e465c66d684aefc15,1404/03/31,209.0,126.0,583.0,3000000.0,3000000.0,3000000.0,627000000.0,1.0,1.0,,,,,,,,,,,,,,,,,
99775fd5c264517e465c66d684aefc15,1404/06/31,260.0,167.0,583.0,3000000.0,3000000.0,3000000.0,780000000.0,1.0,1.0,,,,,,,,,,,,,,,,,
99775fd5c264517e465c66d684aefc15,1404/09/30,589.0,343.0,583.0,3000000.0,3000000.0,3000000.0,1767000000.0,1.0,1.0,,,,,,,,,,,,,,,,,
99775fd5c264517e465c66d684aefc15,1404/12/29,718.0,582.0,,3000000.0,3000000.0,,2154000000.0,2471905.0,1747071.0,,,,,,,,,,,,,,,,,
99775fd5c264517e465c66d684aefc15,1405/03/31,229.0,157.0,540.0,4000000.0,4000000.0,4000000.0,916000000.0,1110972.0,592754.0,,,,,,,,,,,,,,,,,
9a36b759bdba7d3f32786da29cb90020,1399/09/30,1223.0,619.0,1240.0,10000000.0,6000000.0,6000000.0,12230000000.0,14930123.0,4668094.0,,42678879.0,19949993.0,,-112396.0,406027.0,,,,,,,,,,,
9a36b759bdba7d3f32786da29cb90020,1399/12/30,1874.0,1525.0,,12000000.0,5500000.0,,22488000000.0,22436138.0,7407273.0,,64247198.0,28002994.0,,-134167.0,553987.0,,,,,,,,,,,
9a36b759bdba7d3f32786da29cb90020,1400/03/31,430.0,165.0,2084.0,12000000.0,12000000.0,12000000.0,5160000000.0,6194263.0,2522448.0,,22164990.0,8759015.0,,-838.0,220720.0,,,,,,,,,,,
9a36b759bdba7d3f32786da29cb90020,1400/06/31,982.0,565.0,2084.0,12000000.0,12000000.0,12000000.0,11784000000.0,14178437.0,8268892.0,,41891964.0,24056794.0,,-20399.0,476630.0,,,,,,,,,,,
9a36b759bdba7d3f32786da29cb90020,1400/09/30,1666.0,1019.0,2084.0,12000000.0,12000000.0,12000000.0,19992000000.0,22689977.0,14930123.0,,68113566.0,42678879.0,,-21257.0,769402.0,,,,,,,,,,,
9a36b759bdba7d3f32786da29cb90020,1400/12/29,1311.0,1095.0,,24000000.0,24000000.0,,31464000000.0,29585363.0,24942666.0,,95865344.0,64206741.0,,-22948.0,1071755.0,,,,,,,,,,,
9a36b759bdba7d3f32786da29cb90020,1401/03/31,352.0,215.0,1266.0,24000000.0,24000000.0,24000000.0,8448000000.0,8390654.0,6194263.0,,33009523.0,22164990.0,,-5254.0,2183910.0,,,,,,,,,,,
9a36b759bdba7d3f32786da29cb90020,1401/06/31,784.0,500.0,1266.0,24000000.0,24000000.0,24000000.0,18816000000.0,20562683.0,14429099.0,,63058682.0,41891964.0,,-47620.0,3815909.0,,,,,,,,,,,
9a36b759bdba7d3f32786da29cb90020,1401/09/30,1251.0,833.0,1266.0,24000000.0,24000000.0,24000000.0,30024000000.0,31948517.0,22689977.0,,95149479.0,68113566.0,,-9554.0,4405814.0,,,,,,,,,,,
9a36b759bdba7d3f32786da29cb90020,1401/12/29,2079.0,1345.0,,24000000.0,24000000.0,,49896000000.0,44692071.0,29035233.0,,130499629.0,95865344.0,,-286439.0,9116772.0,,,,,,,,,,,
9a36b759bdba7d3f32786da29cb90020,1402/03/31,450.0,352.0,1989.0,24000000.0,24000000.0,24000000.0,10800000000.0,13270221.0,8390654.0,,43575885.0,33009523.0,,-176252.0,78984.0,,,,,,,,,,,
9a36b759bdba7d3f32786da29cb90020,1402/06/31,907.0,783.0,1989.0,24000000.0,24000000.0,24000000.0,21768000000.0,26161772.0,20562683.0,,87525765.0,63058682.0,,-331990.0,708459.0,,,,,,,,,,,
9a36b759bdba7d3f32786da29cb90020,1402/09/30,1217.0,1251.0,1989.0,24000000.0,24000000.0,24000000.0,29208000000.0,35153404.0,31948517.0,,130183054.0,95149479.0,,-527740.0,985818.0,,,,,,,,,,,
9a36b759bdba7d3f32786da29cb90020,1402/12/29,2007.0,1988.0,,24000000.0,24000000.0,,48168000000.0,50686906.0,44678625.0,,178427736.0,130505756.0,,-1233151.0,1646.0,,,,,,,,,,,
9a36b759bdba7d3f32786da29cb90020,1403/03/31,364.0,450.0,1972.0,24000000.0,24000000.0,24000000.0,8736000000.0,12236339.0,13270221.0,,47171915.0,43575885.0,,-2186428.0,608834.0,,,,,,,,,,,
9a36b759bdba7d3f32786da29cb90020,1403/06/31,167.0,167.0,900.0,58000000.0,58000000.0,24000000.0,9686000000.0,20066249.0,20066249.0,,83069228.0,83069228.0,,-4661715.0,-4046713.0,,,,,,,,,,,
9a36b759bdba7d3f32786da29cb90020,1403/09/30,309.0,1217.0,1972.0,58000000.0,24000000.0,24000000.0,17922000000.0,23879645.0,35153404.0,,138594085.0,130183054.0,,-7725382.0,5496239.0,,,,,,,,,,,
9a36b759bdba7d3f32786da29cb90020,1403/12/30,455.0,2046.0,,58000000.0,24000000.0,,26390000000.0,28564646.0,46710787.0,,201514659.0,176609842.0,,-10947680.0,8079277.0,,,,,,,,,,,
9a36b759bdba7d3f32786da29cb90020,1404/03/31,121.0,151.0,365.0,58000000.0,58000000.0,58000000.0,7018000000.0,8447442.0,12236339.0,,56190037.0,47171915.0,,-2943427.0,2240196.0,,,,,,,,,,,
9a36b759bdba7d3f32786da29cb90020,1404/06/31,62.0,242.0,365.0,58000000.0,58000000.0,58000000.0,3596000000.0,8142469.0,18946963.0,,104984042.0,83069227.0,,-7643883.0,3846313.0,,,,,,,,,,,
9a36b759bdba7d3f32786da29cb90020,1404/09/30,321.0,309.0,365.0,58000000.0,58000000.0,58000000.0,18618000000.0,26064751.0,23879645.0,,210475773.0,138594085.0,,-12159149.0,9253034.0,,,,,,,,,,,
9a36b759bdba7d3f32786da29cb90020,1404/12/29,352.0,381.0,,58000000.0,58000000.0,,20416000000.0,32572700.0,28799783.0,,296246654.0,201586560.0,,-20951022.0,14087710.0,,,,,,,,,,,
9a36b759bdba7d3f32786da29cb90020,1405/03/31,171.0,121.0,491.0,58000000.0,58000000.0,58000000.0,9918000000.0,15321079.0,8447442.0,,152107580.0,56190037.0,,-6414302.0,3332005.0,,,,,,,,,,,
9a98774de11b0af3874a6f2b69db1b58,1398/09/30,402.0,291.0,424.0,600000.0,600000.0,600000.0,241200000.0,1.0,1.0,,,,,,,,,,,,,,,,,
9a98774de11b0af3874a6f2b69db1b58,1398/12/29,556.0,0.0,424.0,600000.0,600000.0,600000.0,333600000.0,1.0,1.0,,,,,,,,,,,,,,,,,
9a98774de11b0af3874a6f2b69db1b58,1399/03/31,256.0,115.0,556.0,600000.0,600000.0,600000.0,153600000.0,1.0,1.0,,,,,,,,,,,,,,,,,
9a98774de11b0af3874a6f2b69db1b58,1399/06/31,448.0,250.0,556.0,600000.0,600000.0,600000.0,268800000.0,1.0,1.0,,,,,,,,,,,,,,,,,
9a98774de11b0af3874a6f2b69db1b58,1399/09/30,662.0,402.0,556.0,600000.0,600000.0,600000.0,397200000.0,1.0,1.0,,,,,,,,,,,,,,,,,
9a98774de11b0af3874a6f2b69db1b58,1399/12/30,890.0,0.0,556.0,600000.0,600000.0,600000.0,534000000.0,1.0,1.0,,,,,,,,,,,,,,,,,
9a98774de11b0af3874a6f2b69db1b58,1400/03/31,122.0,256.0,890.0,1800000.0,600000.0,600000.0,219600000.0,1.0,1.0,,,,,,,,,,,,,,,,,
9a98774de11b0af3874a6f2b69db1b58,1400/06/31,200.0,149.0,297.0,1800000.0,1800000.0,1800000.0,360000000.0,1.0,1.0,,,,,,,,,,,,,,,,,
9a98774de11b0af3874a6f2b69db1b58,1400/09/30,280.0,221.0,297.0,1800000.0,1800000.0,1800000.0,504000000.0,1.0,1.0,,,,,,,,,,,,,,,,,
9a98774de11b0af3874a6f2b69db1b58,1400/12/29,362.0,0.0,297.0,1800000.0,600000.0,1800000.0,651600000.0,1.0,1.0,,,,,,,,,,,,,,,,,
9a98774de11b0af3874a6f2b69db1b58,1401/03/31,93.0,122.0,362.0,1800000.0,1800000.0,1800000.0,167400000.0,1.0,1.0,,,,,,,,,,,,,,,,,
9a98774de11b0af3874a6f2b69db1b58,1401/06/31,182.0,200.0,362.0,1800000.0,1800000.0,1800000.0,327600000.0,1.0,1.0,,,,,,,,,,,,,,,,,
9a98774de11b0af3874a6f2b69db1b58,1401/09/30,265.0,280.0,362.0,1800000.0,1800000.0,1800000.0,477000000.0,1.0,1.0,,,,,,,,,,,,,,,,,
9a98774de11b0af3874a6f2b69db1b58,1401/12/29,366.0,0.0,362.0,1800000.0,1800000.0,1800000.0,658800000.0,1.0,1.0,,,,,,,,,,,,,,,,,
9a98774de11b0af3874a6f2b69db1b58,1402/03/31,85.0,93.0,366.0,1800000.0,1800000.0,1800000.0,153000000.0,1.0,1.0,,,,,,,,,,,,,,,,,
9a98774de11b0af3874a6f2b69db1b58,1402/06/31,117.0,121.0,244.0,2700000.0,2700000.0,2700000.0,315900000.0,1.0,1.0,,,,,,,,,,,,,,,,,
9a98774de11b0af3874a6f2b69db1b58,1402/09/30,192.0,177.0,244.0,2700000.0,2700000.0,2700000.0,518400000.0,1.0,1.0,,,,,,,,,,,,,,,,,
9a98774de11b0af3874a6f2b69db1b58,1402/12/29,277.0,0.0,244.0,2700000.0,0.0,2700000.0,747900000.0,1.0,1.0,,,,,,,,,,,,,,,,,
9a98774de11b0af3874a6f2b69db1b58,1403/03/31,140.0,57.0,276.0,2700000.0,2700000.0,2700000.0,378000000.0,1.0,1.0,,,,,,,,,,,,,,,,,
9a98774de11b0af3874a6f2b69db1b58,1403/06/31,225.0,117.0,276.0,2700000.0,2700000.0,2700000.0,607500000.0,1.0,1.0,,,,,,,,,,,,,,,,,
9a98774de11b0af3874a6f2b69db1b58,1403/09/30,343.0,192.0,276.0,2700000.0,2700000.0,2700000.0,926100000.0,1.0,1.0,,,,,,,,,,,,,,,,,
9a98774de11b0af3874a6f2b69db1b58,1403/12/30,483.0,0.0,276.0,2700000.0,0.0,2700000.0,1304100000.0,1.0,1.0,,,,,,,,,,,,,,,,,
9a98774de11b0af3874a6f2b69db1b58,1404/03/31,182.0,140.0,454.0,2700000.0,2700000.0,2700000.0,491400000.0,1.0,1.0,,,,,,,,,,,,,,,,,
9a98774de11b0af3874a6f2b69db1b58,1404/06/31,212.0,150.0,303.0,4050000.0,4050000.0,4050000.0,858600000.0,1.0,1.0,,,,,,,,,,,,,,,,,
9a98774de11b0af3874a6f2b69db1b58,1404/09/30,320.0,229.0,303.0,4050000.0,4050000.0,4050000.0,1296000000.0,1.0,1.0,,,,,,,,,,,,,,,,,
9a98774de11b0af3874a6f2b69db1b58,1404/12/29,423.0,0.0,303.0,4050000.0,0.0,4050000.0,1713150000.0,-1.0,100.0,,,,,,,,,,,,,,,,,
9a98774de11b0af3874a6f2b69db1b58,1405/03/31,224.0,122.0,419.0,4050000.0,4050000.0,4050000.0,907200000.0,514294.0,182576.0,401761.0,989395.0,531248.0,1990788.0,0.0,496908.0,908342.0,492105.0,1698849.0,610139.0,145426.0,493487.0,7777978.0,7031934.0,728545.0,614205.0,7049433.0
9ae2b0971dcfcf7effbe2ee13d292a7b,1399/03/31,2.0,-7.0,1.0,2523904.0,2523904.0,2523904.0,5047808.0,-332.0,-66399.0,,,,,,,,,,,,,,,,,
9ae2b0971dcfcf7effbe2ee13d292a7b,1399/06/31,-69.0,-7.0,1.0,2523904.0,2523904.0,2523904.0,-174149376.0,-178514.0,-80222.0,,,,,,,,,,,,,,,,,
9ae2b0971dcfcf7effbe2ee13d292a7b,1399/09/30,463.0,-6.0,1.0,2523904.0,2523904.0,2523904.0,1168567552.0,-525634.0,-130954.0,,,,,,,,,,,,,,,,,
9ae2b0971dcfcf7effbe2ee13d292a7b,1399/12/30,399.0,1.0,,2523904.0,2523904.0,,1007037696.0,-707919.0,-146454.0,,,,,,,,,,,,,,,,,
9ae2b0971dcfcf7effbe2ee13d292a7b,1400/03/31,-60.0,2.0,317.0,2523904.0,2523904.0,2523904.0,-151434240.0,-153635.0,-332.0,,,,,,,,,,,,,,,,,
9ae2b0971dcfcf7effbe2ee13d292a7b,1400/06/31,-28.0,-69.0,317.0,2523904.0,2523904.0,2523904.0,-70669312.0,-97415.0,-178514.0,,,,,,,,,,,,,,,,,
9ae2b0971dcfcf7effbe2ee13d292a7b,1400/09/30,-27.0,463.0,317.0,2523904.0,2523904.0,2523904.0,-68145408.0,-148851.0,-525634.0,,,,,,,,,,,,,,,,,
9ae2b0971dcfcf7effbe2ee13d292a7b,1400/12/29,-46.0,317.0,,2523904.0,2523904.0,,-116099584.0,-164934.0,-772035.0,,,,,,,,,,,,,,,,,
9ae2b0971dcfcf7effbe2ee13d292a7b,1401/03/31,17.0,-60.0,-46.0,2523904.0,2523904.0,2523904.0,42906368.0,4095.0,-153635.0,,,,,,,,,,,,,,,,,
9ae2b0971dcfcf7effbe2ee13d292a7b,1401/06/31,69.0,-28.0,-46.0,2523904.0,2523904.0,2523904.0,174149376.0,99397.0,-96864.0,,,,,,,,,,,,,,,,,
9ae2b0971dcfcf7effbe2ee13d292a7b,1401/09/30,56.0,-27.0,-46.0,2523904.0,2523904.0,2523904.0,141338624.0,22612.0,-148851.0,,,,,,,,,,,,,,,,,
9ae2b0971dcfcf7effbe2ee13d292a7b,1401/12/29,158.0,-46.0,,2523904.0,2523904.0,,398776832.0,11318.0,-79989.0,,,,,,,,,,,,,,,,,
9ae2b0971dcfcf7effbe2ee13d292a7b,1402/03/31,-6.0,2.0,24.0,19749339.0,19749339.0,19749339.0,-118496034.0,-95613.0,4095.0,,,,,,,,,,,,,,,,,
9ae2b0971dcfcf7effbe2ee13d292a7b,1402/06/31,1.0,69.0,186.0,19749339.0,2523904.0,2523904.0,19749339.0,79348.0,99397.0,,,,,,,,,,,,,,,,,
9ae2b0971dcfcf7effbe2ee13d292a7b,1402/09/30,54.0,56.0,186.0,19749339.0,2523904.0,2523904.0,1066464306.0,-219103.0,22612.0,,,,,,,,,,,,,,,,,
9ae2b0971dcfcf7effbe2ee13d292a7b,1402/12/29,0.0,186.0,,0.0,2523904.0,,0.0,-192739.0,11318.0,,,,,,,,,,,,,,,,,
9ae2b0971dcfcf7effbe2ee13d292a7b,1403/03/31,1.0,-6.0,69.0,19749339.0,19749339.0,19749339.0,19749339.0,-14961.0,-95613.0,,,,,,,,,,,,,,,,,
9ae2b0971dcfcf7effbe2ee13d292a7b,1403/06/31,7.0,65.0,69.0,19749339.0,19749339.0,19749339.0,138245373.0,215384.0,79348.0,,,,,,,,,,,,,,,,,
9ae2b0971dcfcf7effbe2ee13d292a7b,1403/09/30,52.0,54.0,69.0,19749339.0,19749339.0,19749339.0,1026965628.0,29464.0,-219103.0,,,,,,,,,,,,,,,,,
9ae2b0971dcfcf7effbe2ee13d292a7b,1403/12/30,38.0,69.0,,19749339.0,19749339.0,,750474882.0,4552.0,-192860.0,,,,,,,,,,,,,,,,,
9ae2b0971dcfcf7effbe2ee13d292a7b,1404/03/31,17.0,1.0,25.0,19749339.0,19749339.0,19749339.0,335738763.0,105507.0,-14961.0,,,,,,,,,,,,,,,,,
9ae2b0971dcfcf7effbe2ee13d292a7b,1404/06/31,59.0,7.0,25.0,19749339.0,19749339.0,19749339.0,1165211001.0,951361.0,215384.0,,,,,,,,,,,,,,,,,
9ae2b0971dcfcf7effbe2ee13d292a7b,1404/09/30,146.0,0.0,52.0,19749339.0,0.0,19749339.0,2883403494.0,106.34803649162811,100.0,,,,,,,,,,,,,,,,,
9ae2b0971dcfcf7effbe2ee13d292a7b,1404/12/29,183.0,0.0,25.0,19479339.0,0.0,19749339.0,3564719037.0,-1.0,100.0,,,,,,,,,,,,,,,,,
9ae2b0971dcfcf7effbe2ee13d292a7b,1405/03/31,12.0,17.0,154.0,19749339.0,19749339.0,19749339.0,236992068.0,72219.0,105507.0,731811.0,5900699.0,7150765.0,30562734.0,-104206.0,320390.0,232435.0,331030.0,3032000.0,263173.0,-376325.0,318381.0,31028174.0,8116437.0,7934906.0,6777875.0,23093268.0
9b49ee65d0f95a940c84528303ae18e9,1398/03/31,0.0,0.0,0.0,1209051.0,10.0,0.0,0.0,1.0,1.0,,,,,,,,,,,,,,,,,
9b49ee65d0f95a940c84528303ae18e9,1398/06/31,0.0,0.0,0.0,1209051.0,19.0,0.0,0.0,1.0,1.0,,,,,,,,,,,,,,,,,
9b49ee65d0f95a940c84528303ae18e9,1398/09/30,233.0,174.0,689.0,250000.0,250000.0,250000.0,58250000.0,1.0,1.0,,,,,,,,,,,,,,,,,
9b49ee65d0f95a940c84528303ae18e9,1398/12/29,465.0,240.0,689.0,250000.0,250000.0,250000.0,116250000.0,1.0,1.0,,,,,,,,,,,,,,,,,
9b49ee65d0f95a940c84528303ae18e9,1399/03/31,732.0,279.0,689.0,250000.0,250000.0,250000.0,183000000.0,1.0,1.0,,,,,,,,,,,,,,,,,
9b49ee65d0f95a940c84528303ae18e9,1399/06/31,1364.0,0.0,689.0,250000.0,250000.0,250000.0,341000000.0,1.0,1.0,,,,,,,,,,,,,,,,,
9b49ee65d0f95a940c84528303ae18e9,1399/09/30,499.0,233.0,1364.0,250000.0,250000.0,250000.0,124750000.0,1.0,1.0,,,,,,,,,,,,,,,,,
9b49ee65d0f95a940c84528303ae18e9,1399/12/30,1027.0,474.0,1364.0,250000.0,250000.0,250000.0,256750000.0,1.0,1.0,,,,,,,,,,,,,,,,,
9b49ee65d0f95a940c84528303ae18e9,1400/03/31,2527.0,732.0,1364.0,250000.0,250000.0,250000.0,631750000.0,1.0,1.0,,,,,,,,,,,,,,,,,
9b49ee65d0f95a940c84528303ae18e9,1400/06/31,3824.0,0.0,1364.0,250000.0,250000.0,250000.0,956000000.0,1.0,1.0,,,,,,,,,,,,,,,,,
9b49ee65d0f95a940c84528303ae18e9,1400/09/30,1278.0,499.0,3824.0,250000.0,250000.0,250000.0,319500000.0,1.0,1.0,,,,,,,,,,,,,,,,,
9b49ee65d0f95a940c84528303ae18e9,1400/12/29,2928.0,1027.0,3824.0,250000.0,250000.0,250000.0,732000000.0,1.0,1.0,,,,,,,,,,,,,,,,,
9b49ee65d0f95a940c84528303ae18e9,1401/03/31,4140.0,2527.0,3824.0,250000.0,250000.0,250000.0,1035000000.0,1.0,1.0,,,,,,,,,,,,,,,,,
9b49ee65d0f95a940c84528303ae18e9,1401/06/31,6248.0,0.0,3824.0,250000.0,250000.0,250000.0,1562000000.0,1.0,1.0,,,,,,,,,,,,,,,,,
9b49ee65d0f95a940c84528303ae18e9,1401/09/30,1831.0,1278.0,6738.0,250000.0,250000.0,250000.0,457750000.0,1.0,1.0,,,,,,,,,,,,,,,,,
9b49ee65d0f95a940c84528303ae18e9,1401/12/29,3338.0,2957.0,6737.0,250000.0,250000.0,250000.0,834500000.0,1.0,1.0,,,,,,,,,,,,,,,,,
9b49ee65d0f95a940c84528303ae18e9,1402/03/31,5123.0,4140.0,6482.0,250000.0,250000.0,250000.0,1280750000.0,1.0,1.0,,,,,,,,,,,,,,,,,
9b49ee65d0f95a940c84528303ae18e9,1402/06/31,0.0,6312.0,0.0,0.0,250000.0,0.0,0.0,1.0,1.0,,,,,,,,,,,,,,,,,
9b49ee65d0f95a940c84528303ae18e9,1402/09/30,1910.0,1769.0,7692.0,250000.0,250000.0,250000.0,477500000.0,1.0,1.0,,,,,,,,,,,,,,,,,
9b49ee65d0f95a940c84528303ae18e9,1402/12/29,3495.0,7692.0,0.0,250000.0,250000.0,0.0,873750000.0,1.0,1.0,,,,,,,,,,,,,,,,,
9b49ee65d0f95a940c84528303ae18e9,1403/03/31,4297.0,7692.0,0.0,250000.0,250000.0,0.0,1074250000.0,1.0,1.0,,,,,,,,,,,,,,,,,
9b49ee65d0f95a940c84528303ae18e9,1403/06/31,1.0,0.0,7692.0,1900000000.0,0.0,250000.0,1900000000.0,1.0,1.0,,,,,,,,,,,,,,,,,
9b49ee65d0f95a940c84528303ae18e9,1403/09/30,320.0,1918.0,1017.0,1900000.0,250000.0,1900000.0,608000000.0,1.0,1.0,,,,,,,,,,,,,,,,,
9b49ee65d0f95a940c84528303ae18e9,1403/12/30,400.0,3339.0,1017.0,1900000.0,250000.0,1900000.0,760000000.0,1.0,1.0,,,,,,,,,,,,,,,,,
9b49ee65d0f95a940c84528303ae18e9,1404/03/31,582.0,664.0,77281.0,1900000.0,1900000.0,25000.0,1105800000.0,1.0,1.0,,,,,,,,,,,,,,,,,
9b49ee65d0f95a940c84528303ae18e9,1404/06/31,1107.0,0.0,1017.0,1900000.0,0.0,1900000.0,2103300000.0,-1.0,100.0,,,,,,,,,,,,,,,,,
9b49ee65d0f95a940c84528303ae18e9,1404/09/30,320.0,1134.0,0.0,1900000.0,1900000.0,0.0,608000000.0,1.0,1.0,,,,,,,,,,,,,,,,,
9b49ee65d0f95a940c84528303ae18e9,1404/12/29,1158.0,390.0,1134.0,1900000.0,1900000.0,1900000.0,2200200000.0,-1.0,100.0,,,,,,,,,,,,,,,,,
9b49ee65d0f95a940c84528303ae18e9,1405/03/31,1959.0,582.0,1134.0,1900000.0,1900000.0,1900000.0,3722100000.0,4281559.0,1231052.0,,,,,,,,,,,,,,,,,
9b6c775a14118735ecb3d0efbf6b7a8e,1398/09/30,-414.0,-503.0,-157.0,143488.0,143488.0,143488.0,-59404032.0,-49554.0,-78474.0,8954.0,624490.0,791255.0,2701211.0,-9931.0,0.0,-59441.0,-72240.0,-22526.0,-1562.0,-162.0,4995.0,1191053.0,1017707.0,1571993.0,1535349.0,-380940.0
9b6c775a14118735ecb3d0efbf6b7a8e,1398/12/29,-404.0,364.0,-157.0,143488.0,143488.0,143488.0,-57969152.0,-42076.0,66382.0,8954.0,1418663.0,1308905.0,2701211.0,-17976.0,0.0,-57923.0,52204.0,-22526.0,-2065.0,17089.0,4995.0,1140037.0,966060.0,1519459.0,1481563.0,-379422.0
9b6c775a14118735ecb3d0efbf6b7a8e,1399/03/31,-812.0,276.0,-157.0,143488.0,143488.0,143488.0,-116512256.0,-90174.0,60612.0,8954.0,2078428.0,1949883.0,2701211.0,-28417.0,0.0,-116465.0,39636.0,-22526.0,3927.0,6345.0,4995.0,1283200.0,1110112.0,1721164.0,1671829.0,-437964.0
9b6c775a14118735ecb3d0efbf6b7a8e,1399/06/31,-4.0,-157.0,,143488.0,143488.0,,-573952.0,33433.0,8954.0,,3036455.0,2701211.0,,-36617.0,93.0,-593.0,-22526.0,,8478.0,4997.0,,1292556.0,1114915.0,1614648.0,1565111.0,-322092.0
9b6c775a14118735ecb3d0efbf6b7a8e,1399/09/30,1113.0,-414.0,-4.0,143488.0,143488.0,143488.0,159702144.0,169105.0,-49554.0,33433.0,1270029.0,624490.0,3036455.0,-10273.0,0.0,159748.0,-59441.0,-593.0,9811.0,-1562.0,8478.0,1588674.0,1409583.0,1751018.0,1700627.0,-162344.0
9b6c775a14118735ecb3d0efbf6b7a8e,1399/12/30,1650.0,-404.0,-4.0,143488.0,143488.0,143488.0,236755200.0,252039.0,-42076.0,33433.0,2838463.0,1418663.0,3036455.0,-17985.0,0.0,236748.0,-57923.0,-593.0,25593.0,-2065.0,8478.0,1495831.0,1305326.0,1581175.0,1526263.0,-85344.0
9b6c775a14118735ecb3d0efbf6b7a8e,1400/03/31,2295.0,-812.0,-4.0,143488.0,143488.0,143488.0,329304960.0,353103.0,-90174.0,33433.0,4652099.0,2078428.0,3036455.0,-28786.0,39.0,329319.0,-116465.0,-593.0,8818.0,3927.0,8478.0,1722889.0,1531402.0,1715662.0,1636845.0,7227.0
9b6c775a14118735ecb3d0efbf6b7a8e,1400/06/31,1752.0,-4.0,,143488.0,143488.0,,251390976.0,313003.0,33433.0,,6523835.0,3036455.0,,-36680.0,199.0,251398.0,-593.0,,6579.0,8478.0,,1776064.0,1567512.0,1848936.0,1767634.0,-72872.0
9b6c775a14118735ecb3d0efbf6b7a8e,1400/09/30,3137.0,1113.0,1507.0,143488.0,143488.0,143488.0,450121856.0,450943.0,169105.0,259981.0,2396117.0,1270029.0,6524053.0,-1877.0,0.0,450053.0,159748.0,216167.0,9561.0,9811.0,41503.0,2301411.0,2077125.0,1957283.0,1873460.0,344128.0
9b6c775a14118735ecb3d0efbf6b7a8e,1400/12/29,5309.0,1650.0,1507.0,143488.0,143488.0,143488.0,761777792.0,771083.0,252039.0,259981.0,5305823.0,2841903.0,6524053.0,-10412.0,43.0,761772.0,236748.0,216167.0,73848.0,25593.0,41503.0,2839386.0,2608420.0,2183539.0,2097483.0,655847.0
9b6c775a14118735ecb3d0efbf6b7a8e,1401/03/31,6287.0,2295.0,1507.0,143488.0,143488.0,143488.0,902109056.0,1207044.0,353103.0,259981.0,8726772.0,4652099.0,6524053.0,-60234.0,54.0,902178.0,329319.0,216167.0,217605.0,8818.0,41503.0,3412826.0,3158145.0,2616573.0,2479787.0,796253.0
9b6c775a14118735ecb3d0efbf6b7a8e,1401/06/31,7568.0,1507.0,,143488.0,143488.0,,1085917184.0,1417939.0,259981.0,,11772302.0,6524053.0,,-53181.0,111.0,1085975.0,216167.0,,239000.0,41503.0,,4044529.0,3767389.0,3145721.0,3005196.0,898808.0
9b6c775a14118735ecb3d0efbf6b7a8e,1401/09/30,2552.0,3137.0,7387.0,143488.0,143488.0,143488.0,366181376.0,227351.0,450943.0,1287546.0,3364346.0,2396117.0,11691059.0,-2078.0,140838.0,366111.0,450053.0,1059920.0,187766.0,9561.0,236033.0,3671014.0,3391369.0,2350907.0,2204327.0,1320107.0
9b6c775a14118735ecb3d0efbf6b7a8e,1401/12/29,6537.0,4237.0,7387.0,143488.0,143488.0,143488.0,937981056.0,904691.0,773792.0,1287546.0,7444841.0,5305822.0,11691059.0,-11234.0,142381.0,937971.0,608000.0,1059920.0,165337.0,76954.0,236033.0,3338881.0,3038775.0,2066488.0,1911531.0,1272393.0
9b6c775a14118735ecb3d0efbf6b7a8e,1402/03/31,13666.0,6287.0,7387.0,143488.0,143488.0,143488.0,1960907008.0,1933842.0,1207044.0,1287546.0,11822835.0,8726772.0,11691059.0,-11387.0,250639.0,1960909.0,902178.0,1059920.0,175771.0,217605.0,236033.0,5054643.0,4749225.0,2857178.0,2650362.0,2197465.0
9b6c775a14118735ecb3d0efbf6b7a8e,1402/06/31,20560.0,7387.0,,143488.0,143488.0,,2950113280.0,2924162.0,1287546.0,,16283068.0,11691059.0,,0.0,290840.0,2950101.0,1059920.0,,1128510.0,236033.0,,5319911.0,4888240.0,2133189.0,1926415.0,3186722.0
9b6c775a14118735ecb3d0efbf6b7a8e,1402/09/30,129.0,2552.0,20163.0,6627272.0,143488.0,143488.0,854918088.0,1042336.0,227351.0,2591085.0,5567253.0,3364346.0,16245458.0,-1035.0,432.0,854222.0,366111.0,2893081.0,556494.0,187766.0,1046091.0,12760510.0,5711120.0,2302866.0,2090658.0,10457644.0
9b6c775a14118735ecb3d0efbf6b7a8e,1402/12/29,350.0,159.0,437.0,6627272.0,6627272.0,6627272.0,2319545200.0,2543338.0,784881.0,2591085.0,11640780.0,7487478.0,16245458.0,-1086.0,28997.0,2319358.0,1051912.0,2893081.0,158786.0,195756.0,1046091.0,12805675.0,5727885.0,2866895.0,2648055.0,9938780.0
9b6c775a14118735ecb3d0efbf6b7a8e,1403/03/31,559.0,13666.0,20163.0,6627272.0,143488.0,143488.0,3704645048.0,4544141.0,1933842.0,2591085.0,18242394.0,11822835.0,16245458.0,-1171.0,402571.0,3702614.0,1960909.0,2893081.0,296683.0,175771.0,1046091.0,13894120.0,6800411.0,2559476.0,2260831.0,11334644.0
9b6c775a14118735ecb3d0efbf6b7a8e,1403/06/31,516.0,437.0,,6627272.0,6627272.0,,3419672352.0,4120469.0,2591085.0,,21630910.0,16245458.0,,-1239.0,571861.0,3417666.0,2893081.0,,64484.0,1046091.0,,14040990.0,6982583.0,3005991.0,2701119.0,11034999.0
9b6c775a14118735ecb3d0efbf6b7a8e,1403/09/30,106.0,129.0,539.0,6627272.0,6627272.0,6627272.0,702490832.0,599687.0,1042336.0,3053279.0,4904897.0,5567253.0,21628380.0,0.0,294689.0,701307.0,854351.0,3569313.0,58003.0,556494.0,2805837.0,15363399.0,8285745.0,3475447.0,3135028.0,11887952.0
9b6c775a14118735ecb3d0efbf6b7a8e,1403/12/30,347.0,290.0,539.0,6627272.0,6627272.0,6627272.0,2299663384.0,2475128.0,2255191.0,3053279.0,14249293.0,11638273.0,21628380.0,-76.0,357418.0,2296942.0,1920610.0,3569313.0,33015.0,444956.0,2805837.0,15195843.0,8116833.0,4029361.0,3702216.0,11166482.0
9b6c775a14118735ecb3d0efbf6b7a8e,1404/03/31,392.0,559.0,539.0,6627272.0,6627272.0,6627272.0,2597890624.0,3228125.0,4544141.0,3053279.0,21541392.0,18242394.0,21628380.0,-4861.0,-19631.0,2598651.0,3702614.0,3569313.0,1812015.0,296683.0,2805837.0,15764849.0,8866027.0,4296658.0,3813131.0,11468191.0
9b6c775a14118735ecb3d0efbf6b7a8e,1404/06/31,662.0,539.0,,6627272.0,6627272.0,,4387254064.0,3271177.0,3053279.0,,26728441.0,21628380.0,,0.0,1917704.0,4388999.0,3569313.0,,2094375.0,2805837.0,,16993482.0,9826999.0,3734942.0,3249118.0,13258540.0
9b6c775a14118735ecb3d0efbf6b7a8e,1404/09/30,548.0,106.0,662.0,6627272.0,6627272.0,6627272.0,3631745056.0,3943646.0,599687.0,3271177.0,7118893.0,4904897.0,26728440.0,-4878.0,12403.0,3631895.0,701307.0,4388999.0,1267833.0,58003.0,1475456.0,21716243.0,14575958.0,5101000.0,4600836.0,16615243.0
9b6c775a14118735ecb3d0efbf6b7a8e,1404/12/29,1052.0,336.0,667.0,6627272.0,6627272.0,6627272.0,6971890144.0,7572422.0,2355657.0,3220340.0,20343856.0,14273521.0,26728440.0,-25350.0,92425.0,6971156.0,2227534.0,4421899.0,1396088.0,1703832.0,1475456.0,20861229.0,13725045.0,4571483.0,4060452.0,16289746.0
9b6c775a14118735ecb3d0efbf6b7a8e,1405/03/31,1560.0,392.0,667.0,6627272.0,6627272.0,6627272.0,10338544320.0,12486131.0,3228125.0,3220340.0,41351958.0,21541392.0,26728440.0,0.0,32254.0,10338086.0,2598651.0,4421231.0,-1238174.0,1812015.0,1475456.0,27492772.0,13483550.0,7836095.0,6549371.0,19656677.0
9bd78c98b11a21d9cff6e5172cad1d14,1398/06/31,-59.0,-70.0,-134.0,5529892.0,5529892.0,5529892.0,-326263628.0,1.0,1.0,,,,,,,,,,,,,,,,,
9bd78c98b11a21d9cff6e5172cad1d14,1398/09/30,-3.0,-89.0,-134.0,5529892.0,5529892.0,5529892.0,-16589676.0,1.0,1.0,,,,,,,,,,,,,,,,,
9bd78c98b11a21d9cff6e5172cad1d14,1398/12/29,220.0,0.0,-134.0,5529892.0,5529892.0,5529892.0,1216576240.0,1.0,1.0,,,,,,,,,,,,,,,,,
9bd78c98b11a21d9cff6e5172cad1d14,1399/03/31,4.0,-16.0,195.0,5529892.0,5529892.0,5529892.0,22119568.0,1.0,1.0,,,,,,,,,,,,,,,,,
9bd78c98b11a21d9cff6e5172cad1d14,1399/06/31,2.0,-59.0,195.0,5529892.0,5529892.0,5529892.0,11059784.0,1.0,1.0,,,,,,,,,,,,,,,,,
9bd78c98b11a21d9cff6e5172cad1d14,1399/09/30,1.0,-3.0,195.0,5529892.0,5529892.0,5529892.0,5529892.0,1.0,1.0,,,,,,,,,,,,,,,,,
9bd78c98b11a21d9cff6e5172cad1d14,1399/12/30,-19.0,0.0,195.0,5529892.0,5529892.0,5529892.0,-105067948.0,1.0,1.0,,,,,,,,,,,,,,,,,
9bd78c98b11a21d9cff6e5172cad1d14,1400/03/31,-43.0,5.0,-27.0,5529892.0,5529892.0,5529892.0,-237785356.0,1.0,1.0,,,,,,,,,,,,,,,,,
9bd78c98b11a21d9cff6e5172cad1d14,1400/06/31,4.0,2.0,-89.0,5529892.0,5529892.0,5529892.0,22119568.0,1.0,1.0,,,,,,,,,,,,,,,,,
9bd78c98b11a21d9cff6e5172cad1d14,1400/09/30,17.0,1.0,-89.0,5529892.0,5529892.0,5529892.0,94008164.0,1.0,1.0,,,,,,,,,,,,,,,,,
9bd78c98b11a21d9cff6e5172cad1d14,1400/12/29,291.0,0.0,-89.0,5529892.0,5529892.0,5529892.0,1609198572.0,1.0,1.0,,,,,,,,,,,,,,,,,
9bd78c98b11a21d9cff6e5172cad1d14,1401/03/31,71.0,-43.0,295.0,5529892.0,5529892.0,5529892.0,392622332.0,1.0,1.0,,,,,,,,,,,,,,,,,
9bd78c98b11a21d9cff6e5172cad1d14,1401/06/31,832.0,4.0,295.0,5529892.0,5529892.0,5529892.0,4600870144.0,1.0,1.0,,,,,,,,,,,,,,,,,
9bd78c98b11a21d9cff6e5172cad1d14,1401/09/30,321.0,17.0,295.0,25673090.0,5529892.0,5529892.0,8241061890.0,1.0,1.0,,,,,,,,,,,,,,,,,
9bd78c98b11a21d9cff6e5172cad1d14,1401/12/29,601.0,0.0,621.0,25673090.0,5529892.0,5529892.0,15429527090.0,1.0,1.0,,,,,,,,,,,,,,,,,
9bd78c98b11a21d9cff6e5172cad1d14,1402/03/31,300.0,15.0,595.0,25673090.0,25673090.0,25673090.0,7701927000.0,1.0,1.0,,,,,,,,,,,,,,,,,
9bd78c98b11a21d9cff6e5172cad1d14,1402/06/31,460.0,176.0,595.0,25673090.0,25673090.0,25673090.0,11809621400.0,1.0,1.0,,,,,,,,,,,,,,,,,
9bd78c98b11a21d9cff6e5172cad1d14,1402/09/30,667.0,321.0,595.0,25673090.0,25673090.0,25673090.0,17123951030.0,1.0,1.0,,,,,,,,,,,,,,,,,
9bd78c98b11a21d9cff6e5172cad1d14,1402/12/29,818.0,0.0,580.0,36651440.0,25673090.0,25673090.0,29980877920.0,1.0,1.0,,,,,,,,,,,,,,,,,
9bd78c98b11a21d9cff6e5172cad1d14,1403/03/31,264.0,210.0,1022.0,36651440.0,36651440.0,36651440.0,9675980160.0,1.0,1.0,,,,,,,,,,,,,,,,,
9bd78c98b11a21d9cff6e5172cad1d14,1403/06/31,431.0,302.0,1022.0,36651440.0,36651440.0,36651440.0,15796770640.0,1.0,1.0,,,,,,,,,,,,,,,,,
9bd78c98b11a21d9cff6e5172cad1d14,1403/09/30,603.0,467.0,1022.0,36651440.0,36651440.0,36651440.0,22100818320.0,1.0,1.0,,,,,,,,,,,,,,,,,
9bd78c98b11a21d9cff6e5172cad1d14,1403/12/30,574.0,0.0,1004.0,66651440.0,36651440.0,36651440.0,38257926560.0,1.0,1.0,,,,,,,,,,,,,,,,,
9bd78c98b11a21d9cff6e5172cad1d14,1404/03/31,32.0,145.0,566.0,66651440.0,66651440.0,66651440.0,2132846080.0,1.0,1.0,,,,,,,,,,,,,,,,,
9bd78c98b11a21d9cff6e5172cad1d14,1404/06/31,119.0,184.0,566.0,66651440.0,66651440.0,66651440.0,7931521360.0,1.0,1.0,,,,,,,,,,,,,,,,,
9bd78c98b11a21d9cff6e5172cad1d14,1404/09/30,150.0,332.0,566.0,66651440.0,66651440.0,66651440.0,9997716000.0,1.0,1.0,,,,,,,,,,,,,,,,,
9bd78c98b11a21d9cff6e5172cad1d14,1404/12/29,31.0,0.0,570.0,91851440.0,66651440.0,66651440.0,2847394640.0,182.0,-138.0,,,,,,,,,,,,,,,,,
9bd78c98b11a21d9cff6e5172cad1d14,1405/03/31,45.0,24.0,64.0,91851440.0,91851440.0,91851440.0,4133314800.0,9171762.0,4300085.0,,,,,,,,,,,,,,,,,
9bef79cc77bbecdafa3e66106bb8253b,1398/09/30,0.0,0.0,0.0,2057984.0,33.0,0.0,0.0,1.0,1.0,,,,,,,,,,,,,,,,,
9bef79cc77bbecdafa3e66106bb8253b,1398/12/29,69.0,69.0,2019.0,325340.0,325340.0,325340.0,22448460.0,1.0,1.0,,,,,,,,,,,,,,,,,
9bef79cc77bbecdafa3e66106bb8253b,1399/03/31,604.0,922.0,1894.0,325340.0,325340.0,325340.0,196505360.0,1.0,1.0,,,,,,,,,,,,,,,,,
9bef79cc77bbecdafa3e66106bb8253b,1399/06/31,976.0,1138.0,1894.0,325340.0,325340.0,325340.0,317531840.0,1.0,1.0,,,,,,,,,,,,,,,,,
9bef79cc77bbecdafa3e66106bb8253b,1399/09/30,2873.0,0.0,1894.0,325340.0,325340.0,325340.0,934701820.0,1.0,1.0,,,,,,,,,,,,,,,,,
9bef79cc77bbecdafa3e66106bb8253b,1399/12/30,368.0,69.0,2873.0,325340.0,325340.0,325340.0,119725120.0,1.0,1.0,,,,,,,,,,,,,,,,,
9bef79cc77bbecdafa3e66106bb8253b,1400/03/31,1414.0,604.0,2873.0,325340.0,325340.0,325340.0,460030760.0,1.0,1.0,,,,,,,,,,,,,,,,,
9bef79cc77bbecdafa3e66106bb8253b,1400/06/31,1780.0,976.0,2873.0,325340.0,325340.0,325340.0,579105200.0,1.0,1.0,,,,,,,,,,,,,,,,,
9bef79cc77bbecdafa3e66106bb8253b,1400/09/30,534.0,0.0,2873.0,1395340.0,325340.0,325340.0,745111560.0,1.0,1.0,,,,,,,,,,,,,,,,,
9bef79cc77bbecdafa3e66106bb8253b,1400/12/29,85.0,86.0,724.0,1395340.0,1395340.0,1395340.0,118603900.0,1.0,1.0,,,,,,,,,,,,,,,,,
9bef79cc77bbecdafa3e66106bb8253b,1401/03/31,716.0,330.0,563.0,1395340.0,1395340.0,1395340.0,999063440.0,1.0,1.0,,,,,,,,,,,,,,,,,
9bef79cc77bbecdafa3e66106bb8253b,1401/06/31,932.0,1780.0,563.0,1395340.0,325340.0,1395340.0,1300456880.0,1.0,1.0,,,,,,,,,,,,,,,,,
9bef79cc77bbecdafa3e66106bb8253b,1401/09/30,1281.0,0.0,724.0,1395340.0,0.0,1395340.0,1787430540.0,1.0,1.0,,,,,,,,,,,,,,,,,
9bef79cc77bbecdafa3e66106bb8253b,1401/12/29,0.0,1327.0,0.0,0.0,1395340.0,0.0,0.0,1.0,1.0,,,,,,,,,,,,,,,,,
9bef79cc77bbecdafa3e66106bb8253b,1402/03/31,1192.0,716.0,1327.0,1395340.0,1395340.0,1395340.0,1663245280.0,1.0,1.0,,,,,,,,,,,,,,,,,
9bef79cc77bbecdafa3e66106bb8253b,1402/06/31,1197.0,932.0,1327.0,1395340.0,1395340.0,1395340.0,1670221980.0,1.0,1.0,,,,,,,,,,,,,,,,,
9bef79cc77bbecdafa3e66106bb8253b,1402/09/30,1645.0,0.0,1327.0,1395340.0,0.0,1395340.0,2295334300.0,1.0,1.0,,,,,,,,,,,,,,,,,
9bef79cc77bbecdafa3e66106bb8253b,1402/12/29,142.0,149.0,1445.0,1395340.0,1150000.0,1395340.0,198138280.0,1.0,1.0,,,,,,,,,,,,,,,,,
9bef79cc77bbecdafa3e66106bb8253b,1403/03/31,1171.0,1192.0,1445.0,1395340.0,1395340.0,1395340.0,1633943140.0,1.0,1.0,,,,,,,,,,,,,,,,,
9bef79cc77bbecdafa3e66106bb8253b,1403/06/31,861.0,1197.0,1445.0,1395340.0,1395340.0,1395340.0,1201387740.0,1.0,1.0,,,,,,,,,,,,,,,,,
9bef79cc77bbecdafa3e66106bb8253b,1403/09/30,2042.0,0.0,1445.0,1395340.0,0.0,1395340.0,2849284280.0,1.0,1.0,,,,,,,,,,,,,,,,,
9bef79cc77bbecdafa3e66106bb8253b,1403/12/30,144.0,142.0,1739.0,1395340.0,1395340.0,1395340.0,200928960.0,1.0,1.0,,,,,,,,,,,,,,,,,
9bef79cc77bbecdafa3e66106bb8253b,1404/03/31,684.0,982.0,1739.0,1395340.0,1395340.0,1395340.0,954412560.0,1.0,1.0,,,,,,,,,,,,,,,,,
9bef79cc77bbecdafa3e66106bb8253b,1404/06/31,938.0,861.0,1739.0,1395340.0,1395340.0,1395340.0,1308828920.0,1.0,1.0,,,,,,,,,,,,,,,,,
9bef79cc77bbecdafa3e66106bb8253b,1404/09/30,842.0,0.0,1739.0,1395340.0,0.0,1395340.0,1174876280.0,-1.0,100.0,,,,,,,,,,,,,,,,,
9bef79cc77bbecdafa3e66106bb8253b,1404/12/29,259.0,144.0,842.0,1395340.0,1395340.0,1395340.0,361393060.0,-1.0,100.0,,,,,,,,,,,,,,,,,
9bef79cc77bbecdafa3e66106bb8253b,1405/03/31,4133.0,585.0,1093.0,1395340.0,1395340.0,1395340.0,5766940220.0,2537402.0,1155493.0,,,,,,,,,,,,,,,,,
9ec90a47014c21843c4239f7a99a76f1,1398/09/30,2524.0,3635.0,4248.0,6000000.0,6000000.0,6000000.0,15144000000.0,1.0,1.0,,,,,,,,,,,,,,,,,
9ec90a47014c21843c4239f7a99a76f1,1398/12/29,3541.0,0.0,4248.0,6000000.0,2000000.0,6000000.0,21246000000.0,1.0,1.0,,,,,,,,,,,,,,,,,
9ec90a47014c21843c4239f7a99a76f1,1399/03/31,584.0,1009.0,3574.0,6000000.0,6000000.0,6000000.0,3504000000.0,1.0,1.0,,,,,,,,,,,,,,,,,
9ec90a47014c21843c4239f7a99a76f1,1399/06/31,2447.0,2056.0,3557.0,6000000.0,6000000.0,6000000.0,14682000000.0,1.0,1.0,,,,,,,,,,,,,,,,,
9ec90a47014c21843c4239f7a99a76f1,1399/09/30,3800.0,2524.0,3574.0,6000000.0,6000000.0,6000000.0,22800000000.0,1.0,1.0,,,,,,,,,,,,,,,,,
9ec90a47014c21843c4239f7a99a76f1,1399/12/30,5636.0,0.0,3574.0,6000000.0,6000000.0,6000000.0,33816000000.0,1.0,1.0,,,,,,,,,,,,,,,,,
9ec90a47014c21843c4239f7a99a76f1,1400/03/31,1309.0,584.0,5637.0,6000000.0,6000000.0,5999000.0,7854000000.0,1.0,1.0,,,,,,,,,,,,,,,,,
9ec90a47014c21843c4239f7a99a76f1,1400/06/31,3463.0,2368.0,5636.0,6000000.0,6000000.0,6000000.0,20778000000.0,1.0,1.0,,,,,,,,,,,,,,,,,
9ec90a47014c21843c4239f7a99a76f1,1400/09/30,4771.0,3800.0,5636.0,6000000.0,6000000.0,6000000.0,28626000000.0,1.0,1.0,,,,,,,,,,,,,,,,,
9ec90a47014c21843c4239f7a99a76f1,1400/12/29,4833.0,0.0,5636.0,6000000.0,6000000.0,6000000.0,28998000000.0,1.0,1.0,,,,,,,,,,,,,,,,,
9ec90a47014c21843c4239f7a99a76f1,1401/03/31,1684.0,1309.0,4749.0,6000000.0,6000000.0,6000000.0,10104000000.0,1.0,1.0,,,,,,,,,,,,,,,,,
9ec90a47014c21843c4239f7a99a76f1,1401/06/31,2532.0,3463.0,4749.0,6000000.0,6000000.0,6000000.0,15192000000.0,1.0,1.0,,,,,,,,,,,,,,,,,
9ec90a47014c21843c4239f7a99a76f1,1401/09/30,0.0,0.0,0.0,0.0,0.0,0.0,0.0,1.0,1.0,,,,,,,,,,,,,,,,,
9ec90a47014c21843c4239f7a99a76f1,1401/12/29,6521.0,0.0,4749.0,6000000.0,6000000.0,6000000.0,39126000000.0,1.0,1.0,,,,,,,,,,,,,,,,,
9ec90a47014c21843c4239f7a99a76f1,1402/03/31,1365.0,1636.0,6412.0,6000000.0,6000000.0,6000000.0,8190000000.0,1.0,1.0,,,,,,,,,,,,,,,,,
9ec90a47014c21843c4239f7a99a76f1,1402/06/31,2878.0,2507.0,6412.0,6000000.0,6000000.0,6000000.0,17268000000.0,1.0,1.0,,,,,,,,,,,,,,,,,
9ec90a47014c21843c4239f7a99a76f1,1402/09/30,3878.0,3575.0,6412.0,6000000.0,6000000.0,6000000.0,23268000000.0,1.0,1.0,,,,,,,,,,,,,,,,,
9ec90a47014c21843c4239f7a99a76f1,1402/12/29,5188.0,0.0,6412.0,6000000.0,6000000.0,6000000.0,31128000000.0,1.0,1.0,,,,,,,,,,,,,,,,,
9ec90a47014c21843c4239f7a99a76f1,1403/03/31,1842.0,1365.0,5160.0,6000000.0,6000000.0,6000000.0,11052000000.0,1.0,1.0,,,,,,,,,,,,,,,,,
9ec90a47014c21843c4239f7a99a76f1,1403/06/31,6691.0,2022.0,5160.0,6000000.0,6000000.0,6000000.0,40146000000.0,1.0,1.0,,,,,,,,,,,,,,,,,
9ec90a47014c21843c4239f7a99a76f1,1403/09/30,7490.0,3878.0,5160.0,6000000.0,6000000.0,6000000.0,44940000000.0,1.0,1.0,,,,,,,,,,,,,,,,,
9ec90a47014c21843c4239f7a99a76f1,1403/12/30,10505.0,0.0,5160.0,6000000.0,6000000.0,6000000.0,63030000000.0,1.0,1.0,,,,,,,,,,,,,,,,,
9ec90a47014c21843c4239f7a99a76f1,1404/03/31,808.0,1842.0,10505.0,6000000.0,6000000.0,6000000.0,4848000000.0,1.0,1.0,,,,,,,,,,,,,,,,,
9ec90a47014c21843c4239f7a99a76f1,1404/06/31,1221.0,6442.0,10505.0,6000000.0,6000000.0,6000000.0,7326000000.0,1.0,1.0,,,,,,,,,,,,,,,,,
9ec90a47014c21843c4239f7a99a76f1,1404/09/30,2047.0,2896.0,4246.0,6000000.0,6000000.0,6000000.0,9522000000.0,1.0,1.0,,,,,,,,,,,,,,,,,
9ec90a47014c21843c4239f7a99a76f1,1404/12/29,8341.0,10505.0,,6000000.0,6000000.0,,50046000000.0,64530620.0,70527874.0,,211723369.0,168385959.0,,-7074325.0,5028390.0,,,,,,,,,,,
9ec90a47014c21843c4239f7a99a76f1,1405/03/31,9781.0,808.0,8341.0,6000000.0,6000000.0,6000000.0,58686000000.0,73532620.0,4662107.0,64530620.0,141722364.0,50727046.0,211723369.0,-1440765.0,2678441.0,58684447.0,4846794.0,50045838.0,66095700.0,-1782808.0,30947085.0,274824268.0,222040858.0,197978353.0,179540226.0,76845915.0
9f4709224be63e56349d1cc368e5f005,1398/09/30,571.0,979.0,1110.0,9000000.0,6000000.0,6000000.0,5139000000.0,1.0,1.0,,,,,,,,,,,,,,,,,
9f4709224be63e56349d1cc368e5f005,1398/12/29,875.0,0.0,1110.0,9000000.0,6000000.0,6000000.0,7875000000.0,1.0,1.0,,,,,,,,,,,,,,,,,
9f4709224be63e56349d1cc368e5f005,1399/03/31,372.0,338.0,1165.0,9000000.0,6000000.0,6760000.0,3348000000.0,1.0,1.0,,,,,,,,,,,,,,,,,
9f4709224be63e56349d1cc368e5f005,1399/06/31,1026.0,573.0,1312.0,9000000.0,6000000.0,6000000.0,9234000000.0,1.0,1.0,,,,,,,,,,,,,,,,,
9f4709224be63e56349d1cc368e5f005,1399/09/30,1282.0,571.0,875.0,12000000.0,9000000.0,9000000.0,15384000000.0,1.0,1.0,,,,,,,,,,,,,,,,,
9f4709224be63e56349d1cc368e5f005,1399/12/30,2148.0,0.0,875.0,12000000.0,9000000.0,9000000.0,25776000000.0,1.0,1.0,,,,,,,,,,,,,,,,,
9f4709224be63e56349d1cc368e5f005,1400/03/31,391.0,372.0,2884.0,12000000.0,9000000.0,9000000.0,4692000000.0,1.0,1.0,,,,,,,,,,,,,,,,,
9f4709224be63e56349d1cc368e5f005,1400/06/31,1117.0,988.0,2197.0,12000000.0,9000000.0,11818402.0,13404000000.0,1.0,1.0,,,,,,,,,,,,,,,,,
9f4709224be63e56349d1cc368e5f005,1400/09/30,1361.0,1709.0,2884.0,12000000.0,9000000.0,9000000.0,16332000000.0,1.0,1.0,,,,,,,,,,,,,,,,,
9f4709224be63e56349d1cc368e5f005,1400/12/29,1681.0,0.0,2884.0,11983079.0,9000000.0,9000000.0,20143555799.0,1.0,1.0,,,,,,,,,,,,,,,,,
9f4709224be63e56349d1cc368e5f005,1401/03/31,747.0,391.0,1679.0,12000000.0,12000000.0,12000000.0,8964000000.0,1.0,1.0,,,,,,,,,,,,,,,,,
9f4709224be63e56349d1cc368e5f005,1401/06/31,1536.0,1117.0,1679.0,12000000.0,12000000.0,12000000.0,18432000000.0,1.0,1.0,,,,,,,,,,,,,,,,,
9f4709224be63e56349d1cc368e5f005,1401/09/30,2254.0,1361.0,1679.0,12000000.0,12000000.0,12000000.0,27048000000.0,1.0,1.0,,,,,,,,,,,,,,,,,
9f4709224be63e56349d1cc368e5f005,1401/12/29,3120.0,0.0,1679.0,12000000.0,12000000.0,12000000.0,37440000000.0,1.0,1.0,,,,,,,,,,,,,,,,,
9f4709224be63e56349d1cc368e5f005,1402/03/31,2018.0,747.0,3117.0,12000000.0,12000000.0,12000000.0,24216000000.0,1.0,1.0,,,,,,,,,,,,,,,,,
9f4709224be63e56349d1cc368e5f005,1402/06/31,3090.0,1536.0,3117.0,12000000.0,12000000.0,12000000.0,37080000000.0,1.0,1.0,,,,,,,,,,,,,,,,,
9f4709224be63e56349d1cc368e5f005,1402/09/30,4173.0,2254.0,3117.0,12000000.0,12000000.0,12000000.0,50076000000.0,1.0,1.0,,,,,,,,,,,,,,,,,
9f4709224be63e56349d1cc368e5f005,1402/12/29,4634.0,0.0,3117.0,12000000.0,12000000.0,12000000.0,55608000000.0,1.0,1.0,,,,,,,,,,,,,,,,,
9f4709224be63e56349d1cc368e5f005,1403/03/31,1300.0,2018.0,4613.0,12000000.0,12000000.0,12000000.0,15600000000.0,1.0,1.0,,,,,,,,,,,,,,,,,
9f4709224be63e56349d1cc368e5f005,1403/06/31,1535.0,3092.0,4613.0,12000000.0,12000000.0,12000000.0,18420000000.0,1.0,1.0,,,,,,,,,,,,,,,,,
9f4709224be63e56349d1cc368e5f005,1403/09/30,2678.0,4173.0,4613.0,12000000.0,12000000.0,12000000.0,32136000000.0,1.0,1.0,,,,,,,,,,,,,,,,,
9f4709224be63e56349d1cc368e5f005,1403/12/30,2611.0,0.0,4194.0,12000000.0,12000000.0,12000000.0,31332000000.0,1.0,1.0,,,,,,,,,,,,,,,,,
9f4709224be63e56349d1cc368e5f005,1404/03/31,508.0,1300.0,2611.0,12000000.0,12000000.0,12000000.0,6096000000.0,1.0,1.0,,,,,,,,,,,,,,,,,
9f4709224be63e56349d1cc368e5f005,1404/06/31,1363.0,1169.0,2611.0,12000000.0,12000000.0,12000000.0,16356000000.0,1.0,1.0,,,,,,,,,,,,,,,,,
9f4709224be63e56349d1cc368e5f005,1404/09/30,573.0,627.0,1110.0,6000000.0,6000000.0,6000000.0,31224000000.0,1.0,1.0,,,,,,,,,,,,,,,,,
9f4709224be63e56349d1cc368e5f005,1404/12/29,1531.0,0.0,976.0,32000000.0,12000000.0,32000000.0,48992000000.0,-1.0,100.0,,,,,,,,,,,,,,,,,
9f4709224be63e56349d1cc368e5f005,1405/03/31,1216.0,207.0,1519.0,32000000.0,32000000.0,32000000.0,38912000000.0,39261064.0,7550374.0,49018198.0,140547858.0,54259107.0,296133037.0,-890485.0,528947.0,38899526.0,6617506.0,48616051.0,29292026.0,-2945499.0,67914091.0,286834358.0,195518758.0,206847609.0,205314991.0,79986749.0
9f5edea13cb3cb346e5895e3fb55faf7,1398/06/31,0.0,0.0,0.0,4199461.0,40.0,0.0,0.0,1.0,1.0,,,,,,,,,,,,,,,,,
9f5edea13cb3cb346e5895e3fb55faf7,1398/09/30,135.0,77.0,129.0,1960000.0,1960000.0,1960000.0,264600000.0,1.0,1.0,,,,,,,,,,,,,,,,,
9f5edea13cb3cb346e5895e3fb55faf7,1398/12/29,74.0,0.0,128.0,3324962.0,1960000.0,1960000.0,246047188.0,1.0,1.0,,,,,,,,,,,,,,,,,
9f5edea13cb3cb346e5895e3fb55faf7,1399/03/31,19.0,33.0,94.0,3324962.0,3324962.0,3324962.0,63174278.0,1.0,1.0,,,,,,,,,,,,,,,,,
9f5edea13cb3cb346e5895e3fb55faf7,1399/06/31,63.0,50.0,78.0,3324962.0,3324962.0,3324962.0,209472606.0,1.0,1.0,,,,,,,,,,,,,,,,,
9f5edea13cb3cb346e5895e3fb55faf7,1399/09/30,132.0,80.0,94.0,3324962.0,3324962.0,3324962.0,438894984.0,1.0,1.0,,,,,,,,,,,,,,,,,
9f5edea13cb3cb346e5895e3fb55faf7,1399/12/30,155.0,0.0,78.0,3732150.0,3324962.0,3324962.0,578483250.0,1.0,1.0,,,,,,,,,,,,,,,,,
9f5edea13cb3cb346e5895e3fb55faf7,1400/03/31,20.0,19.0,145.0,3732150.0,3324962.0,3732150.0,74643000.0,1.0,1.0,,,,,,,,,,,,,,,,,
9f5edea13cb3cb346e5895e3fb55faf7,1400/06/31,89.0,58.0,145.0,3732150.0,3732150.0,3732150.0,332161350.0,1.0,1.0,,,,,,,,,,,,,,,,,
9f5edea13cb3cb346e5895e3fb55faf7,1400/09/30,102.0,118.0,145.0,3732150.0,3732150.0,3732150.0,380679300.0,1.0,1.0,,,,,,,,,,,,,,,,,
9f5edea13cb3cb346e5895e3fb55faf7,1400/12/29,249.0,0.0,150.0,3732150.0,3732150.0,3732150.0,929305350.0,1.0,1.0,,,,,,,,,,,,,,,,,
9f5edea13cb3cb346e5895e3fb55faf7,1401/03/31,14.0,20.0,180.0,3732150.0,3732150.0,3732150.0,52250100.0,1.0,1.0,,,,,,,,,,,,,,,,,
9f5edea13cb3cb346e5895e3fb55faf7,1401/06/31,22.0,69.0,180.0,3732150.0,3732150.0,3732150.0,82107300.0,1.0,1.0,,,,,,,,,,,,,,,,,
9f5edea13cb3cb346e5895e3fb55faf7,1401/09/30,70.0,102.0,180.0,3732150.0,3732150.0,3732150.0,261250500.0,1.0,1.0,,,,,,,,,,,,,,,,,
9f5edea13cb3cb346e5895e3fb55faf7,1401/12/29,168.0,0.0,200.0,4766875.0,3732150.0,4766875.0,800835000.0,1.0,1.0,,,,,,,,,,,,,,,,,
9f5edea13cb3cb346e5895e3fb55faf7,1402/03/31,12.0,11.0,152.0,4766875.0,4766875.0,4766875.0,57202500.0,1.0,1.0,,,,,,,,,,,,,,,,,
9f5edea13cb3cb346e5895e3fb55faf7,1402/06/31,20.0,21.0,143.0,4766875.0,4766875.0,4766875.0,95337500.0,1.0,1.0,,,,,,,,,,,,,,,,,
9f5edea13cb3cb346e5895e3fb55faf7,1402/09/30,30.0,54.0,143.0,4766875.0,4766875.0,4766875.0,143006250.0,1.0,1.0,,,,,,,,,,,,,,,,,
9f5edea13cb3cb346e5895e3fb55faf7,1402/12/29,-51.0,0.0,154.0,5070000.0,0.0,4766875.0,-258570000.0,1.0,1.0,,,,,,,,,,,,,,,,,
9f5edea13cb3cb346e5895e3fb55faf7,1403/03/31,16.0,12.0,140.0,5070000.0,4766875.0,5070000.0,81120000.0,1.0,1.0,,,,,,,,,,,,,,,,,
9f5edea13cb3cb346e5895e3fb55faf7,1403/06/31,95.0,17.0,180.0,5070000.0,4766875.0,5070000.0,481650000.0,1.0,1.0,,,,,,,,,,,,,,,,,
9f5edea13cb3cb346e5895e3fb55faf7,1403/09/30,96.0,30.0,180.0,5070000.0,4766875.0,5070000.0,486720000.0,1.0,1.0,,,,,,,,,,,,,,,,,
9f5edea13cb3cb346e5895e3fb55faf7,1403/12/30,104.0,0.0,4.0,5070000.0,0.0,5070000.0,527280000.0,1.0,1.0,,,,,,,,,,,,,,,,,
9f5edea13cb3cb346e5895e3fb55faf7,1404/03/31,100.0,16.0,186.0,5070000.0,5070000.0,5070000.0,507000000.0,1.0,1.0,,,,,,,,,,,,,,,,,
9f5edea13cb3cb346e5895e3fb55faf7,1404/06/31,157.0,58.0,179.0,5070000.0,5070000.0,5070000.0,795990000.0,1.0,1.0,,,,,,,,,,,,,,,,,
9f5edea13cb3cb346e5895e3fb55faf7,1404/09/30,271.0,96.0,179.0,5070000.0,5070000.0,5070000.0,1373970000.0,1.0,1.0,,,,,,,,,,,,,,,,,
9f5edea13cb3cb346e5895e3fb55faf7,1404/12/29,0.0,179.0,0.0,0.0,5070000.0,0.0,0.0,-1.0,100.0,,,,,,,,,,,,,,,,,
9f5edea13cb3cb346e5895e3fb55faf7,1405/03/31,119.0,100.0,284.0,5070000.0,5070000.0,5070000.0,603330000.0,634378.0,528531.0,,,,,-30953.0,1438.0,,,,,,,,,,,
a09b97e4613ee9786a2d838cfdde6353,1400/03/31,702.0,167.0,1437.0,900000.0,900000.0,900000.0,631800000.0,864514.0,216438.0,,,,,,,,,,,,,,,,,
a09b97e4613ee9786a2d838cfdde6353,1400/06/31,1321.0,627.0,1437.0,900000.0,900000.0,900000.0,1188900000.0,1738538.0,700125.0,,,,,,,,,,,,,,,,,
a09b97e4613ee9786a2d838cfdde6353,1400/09/30,2502.0,951.0,1437.0,900000.0,900000.0,900000.0,2251800000.0,3141120.0,1108247.0,,,,,,,,,,,,,,,,,
a09b97e4613ee9786a2d838cfdde6353,1400/12/29,4005.0,1437.0,,900000.0,900000.0,,3604500000.0,4571117.0,1720822.0,,,,,,,,,,,,,,,,,
a09b97e4613ee9786a2d838cfdde6353,1401/03/31,839.0,702.0,4016.0,900000.0,900000.0,900000.0,755100000.0,1162899.0,864514.0,,,,,,,,,,,,,,,,,
a09b97e4613ee9786a2d838cfdde6353,1401/06/31,2650.0,1454.0,4016.0,900000.0,900000.0,900000.0,2385000000.0,3253763.0,1808336.0,,,,,,,,,,,,,,,,,
a09b97e4613ee9786a2d838cfdde6353,1401/09/30,868.0,2502.0,4016.0,4000000.0,900000.0,900000.0,3472000000.0,5098846.0,3141120.0,,,,,,,,,,,,,,,,,
a09b97e4613ee9786a2d838cfdde6353,1401/12/29,1151.0,4016.0,,4000000.0,900000.0,,4604000000.0,6212089.0,4785562.0,,,,,,,,,,,,,,,,,
a09b97e4613ee9786a2d838cfdde6353,1402/03/31,334.0,196.0,1151.0,4000000.0,4000000.0,4000000.0,1336000000.0,1943798.0,1207292.0,,,,,,,,,,,,,,,,,
a09b97e4613ee9786a2d838cfdde6353,1402/06/31,607.0,522.0,1151.0,4000000.0,4000000.0,4000000.0,2428000000.0,3833013.0,3253772.0,,,,,,,,,,,,,,,,,
a09b97e4613ee9786a2d838cfdde6353,1402/09/30,500.0,868.0,1151.0,7700000.0,4000000.0,4000000.0,3850000000.0,5614012.0,5098846.0,,,,,,,,,,,,,,,,,
a09b97e4613ee9786a2d838cfdde6353,1402/12/29,823.0,1353.0,,7700000.0,4000000.0,,6337100000.0,9849478.0,6410359.0,,,,,,,,,,,,,,,,,
a09b97e4613ee9786a2d838cfdde6353,1403/03/31,152.0,187.0,765.0,7700000.0,7700000.0,7700000.0,1170400000.0,1698475.0,2045939.0,,,,,,,,,,,,,,,,,
a09b97e4613ee9786a2d838cfdde6353,1403/06/31,273.0,315.0,765.0,7700000.0,7700000.0,7700000.0,2102100000.0,3744764.0,3753951.0,,,,,,,,,,,,,,,,,
a09b97e4613ee9786a2d838cfdde6353,1403/09/30,246.0,500.0,765.0,12200000.0,7700000.0,7700000.0,3001200000.0,5261098.0,5614012.0,,,,,,,,,,,,,,,,,
a09b97e4613ee9786a2d838cfdde6353,1403/12/30,587.0,822.0,,12200000.0,7700000.0,,7161400000.0,10991689.0,9846478.0,,,,,,,,,,,,,,,,,
a09b97e4613ee9786a2d838cfdde6353,1404/03/31,201.0,96.0,656.0,12200000.0,12200000.0,12200000.0,2452200000.0,3511272.0,1698475.0,,,,,,,,,,,,,,,,,
a09b97e4613ee9786a2d838cfdde6353,1404/06/31,543.0,170.0,656.0,12200000.0,12200000.0,12200000.0,6624600000.0,10372683.0,3709551.0,,,,,,,,,,,,,,,,,
a09b97e4613ee9786a2d838cfdde6353,1404/09/30,610.0,246.0,656.0,17400000.0,12200000.0,12200000.0,10614000000.0,15814629.0,5261098.0,,,,,,,,,,,,,,,,,
a09b97e4613ee9786a2d838cfdde6353,1404/12/29,1007.0,637.0,,17400000.0,12200000.0,,17521800000.0,24468727.0,11959008.0,,,,,,,,,,,,,,,,,
a09b97e4613ee9786a2d838cfdde6353,1405/03/31,399.0,141.0,1000.0,17400000.0,17400000.0,17400000.0,6942600000.0,9298383.0,3511272.0,22568064.0,29555313.0,12816270.0,73891737.0,-1924780.0,36890.0,6950028.0,2455141.0,17397023.0,929944.0,-1078736.0,2884267.0,94724329.0,75847879.0,51489929.0,51489929.0,43234400.0
a0a860bea50008bf8d2189168b782225,1398/09/30,6801.0,5080.0,7059.0,4583840.0,4583840.0,4583840.0,31174695840.0,1.0,1.0,,,,,,,,,,,,,,,,,
a0a860bea50008bf8d2189168b782225,1398/12/29,9204.0,0.0,7033.0,4583840.0,4583840.0,4583840.0,42189663360.0,1.0,1.0,,,,,,,,,,,,,,,,,
a0a860bea50008bf8d2189168b782225,1399/03/31,2965.0,2908.0,9204.0,4583840.0,4583840.0,4583840.0,13591085600.0,1.0,1.0,,,,,,,,,,,,,,,,,
a0a860bea50008bf8d2189168b782225,1399/06/31,8782.0,4480.0,9204.0,4583840.0,4583840.0,4583840.0,40255282880.0,1.0,1.0,,,,,,,,,,,,,,,,,
a0a860bea50008bf8d2189168b782225,1399/09/30,7866.0,6801.0,9204.0,9167680.0,4583840.0,4583840.0,72112970880.0,1.0,1.0,,,,,,,,,,,,,,,,,
a0a860bea50008bf8d2189168b782225,1399/12/30,12081.0,0.0,4602.0,9167680.0,4583840.0,9167680.0,110754742080.0,1.0,1.0,,,,,,,,,,,,,,,,,
a0a860bea50008bf8d2189168b782225,1400/03/31,2561.0,1483.0,12081.0,9167680.0,9167680.0,9167680.0,23478428480.0,1.0,1.0,,,,,,,,,,,,,,,,,
a0a860bea50008bf8d2189168b782225,1400/06/31,7094.0,4391.0,12081.0,9167680.0,9167680.0,9167680.0,65035521920.0,1.0,1.0,,,,,,,,,,,,,,,,,
a0a860bea50008bf8d2189168b782225,1400/09/30,7451.0,5244.0,8054.0,13751520.0,13751520.0,13751520.0,102462575520.0,1.0,1.0,,,,,,,,,,,,,,,,,
a0a860bea50008bf8d2189168b782225,1400/12/29,9791.0,0.0,8054.0,13751520.0,9167680.0,13751520.0,134641132320.0,1.0,1.0,,,,,,,,,,,,,,,,,
a0a860bea50008bf8d2189168b782225,1401/03/31,2049.0,1707.0,9791.0,13751520.0,13751520.0,13751520.0,28176864480.0,1.0,1.0,,,,,,,,,,,,,,,,,
a0a860bea50008bf8d2189168b782225,1401/06/31,3750.0,4729.0,9791.0,13751520.0,13751520.0,13751520.0,51568200000.0,1.0,1.0,,,,,,,,,,,,,,,,,
a0a860bea50008bf8d2189168b782225,1401/09/30,5003.0,7451.0,9791.0,13751520.0,13751520.0,13751520.0,68798854560.0,1.0,1.0,,,,,,,,,,,,,,,,,
a0a860bea50008bf8d2189168b782225,1401/12/29,8018.0,0.0,9791.0,13751520.0,13751520.0,13751520.0,110259687360.0,1.0,1.0,,,,,,,,,,,,,,,,,
a0a860bea50008bf8d2189168b782225,1402/03/31,2900.0,2049.0,8018.0,13751520.0,13751520.0,13751520.0,39879408000.0,1.0,1.0,,,,,,,,,,,,,,,,,
a0a860bea50008bf8d2189168b782225,1402/06/31,4182.0,3750.0,8018.0,13751520.0,13751520.0,13751520.0,57508856640.0,1.0,1.0,,,,,,,,,,,,,,,,,
a0a860bea50008bf8d2189168b782225,1402/09/30,6011.0,5003.0,8018.0,13751520.0,13751520.0,13751520.0,82660386720.0,1.0,1.0,,,,,,,,,,,,,,,,,
a0a860bea50008bf8d2189168b782225,1402/12/29,8057.0,0.0,8018.0,13751520.0,13751520.0,13751520.0,110795996640.0,1.0,1.0,,,,,,,,,,,,,,,,,
a0a860bea50008bf8d2189168b782225,1403/03/31,2706.0,2900.0,8057.0,13751520.0,13751520.0,13751520.0,37211613120.0,1.0,1.0,,,,,,,,,,,,,,,,,
a0a860bea50008bf8d2189168b782225,1403/06/31,4626.0,4182.0,8057.0,13751520.0,13751520.0,13751520.0,63614531520.0,1.0,1.0,,,,,,,,,,,,,,,,,
a0a860bea50008bf8d2189168b782225,1403/09/30,7054.0,6011.0,8057.0,13751520.0,13751520.0,13751520.0,97003222080.0,1.0,1.0,,,,,,,,,,,,,,,,,
a0a860bea50008bf8d2189168b782225,1403/12/30,10238.0,0.0,8057.0,13751520.0,13751520.0,13751520.0,140788061760.0,1.0,1.0,,,,,,,,,,,,,,,,,
a0a860bea50008bf8d2189168b782225,1404/03/31,1818.0,2706.0,10238.0,13751520.0,13751520.0,13751520.0,25000263360.0,1.0,1.0,,,,,,,,,,,,,,,,,
a0a860bea50008bf8d2189168b782225,1404/06/31,3834.0,4626.0,10238.0,13751520.0,13751520.0,13751520.0,52723327680.0,1.0,1.0,,,,,,,,,,,,,,,,,
a0a860bea50008bf8d2189168b782225,1404/09/30,2615.0,2675.0,3938.0,34378800.0,34378800.0,34378800.0,89900562000.0,1.0,1.0,,,,,,,,,,,,,,,,,
a0a860bea50008bf8d2189168b782225,1404/12/29,5255.0,0.0,4095.0,34378800.0,13751520.0,34378800.0,180660594000.0,-1.0,100.0,,,,,,,,,,,,,,,,,
a0a860bea50008bf8d2189168b782225,1405/03/31,350.0,727.0,5255.0,34378800.0,34378800.0,34378800.0,12032580000.0,15518624.0,30578122.0,,,,,,,,,,,,,,,,,
a207ae2effa153c9cd7977e7399b33d9,1398/06/31,49.0,-19.0,-75.0,1750000.0,1750000.0,1750000.0,85750000.0,1.0,1.0,,,,,,,,,,,,,,,,,
a207ae2effa153c9cd7977e7399b33d9,1398/09/30,94.0,-46.0,-75.0,1750000.0,1750000.0,1750000.0,164500000.0,1.0,1.0,,,,,,,,,,,,,,,,,
a207ae2effa153c9cd7977e7399b33d9,1398/12/29,658.0,0.0,201.0,1750000.0,1750000.0,1750000.0,1151500000.0,1.0,1.0,,,,,,,,,,,,,,,,,
a207ae2effa153c9cd7977e7399b33d9,1399/03/31,222.0,-55.0,301.0,1750000.0,1750000.0,1750000.0,388500000.0,1.0,1.0,,,,,,,,,,,,,,,,,
a207ae2effa153c9cd7977e7399b33d9,1399/06/31,398.0,149.0,667.0,1750000.0,1750000.0,1750000.0,696500000.0,1.0,1.0,,,,,,,,,,,,,,,,,
a207ae2effa153c9cd7977e7399b33d9,1399/09/30,525.0,94.0,278.0,1750000.0,1750000.0,1750000.0,918750000.0,1.0,1.0,,,,,,,,,,,,,,,,,
a207ae2effa153c9cd7977e7399b33d9,1399/12/30,1523.0,661.0,667.0,1750000.0,1750000.0,1750000.0,2665250000.0,1.0,1.0,,,,,,,,,,,,,,,,,
a207ae2effa153c9cd7977e7399b33d9,1400/03/31,261.0,222.0,1583.0,1750000.0,1750000.0,1750000.0,456750000.0,1.0,1.0,,,,,,,,,,,,,,,,,
a207ae2effa153c9cd7977e7399b33d9,1400/06/31,682.0,310.0,1583.0,1750000.0,1750000.0,1750000.0,1193500000.0,1.0,1.0,,,,,,,,,,,,,,,,,
a207ae2effa153c9cd7977e7399b33d9,1400/09/30,1073.0,525.0,1583.0,1750000.0,1750000.0,1750000.0,1877750000.0,1.0,1.0,,,,,,,,,,,,,,,,,
a207ae2effa153c9cd7977e7399b33d9,1400/12/29,3775.0,0.0,1566.0,1750000.0,1750000.0,1750000.0,6606250000.0,1.0,1.0,,,,,,,,,,,,,,,,,
a207ae2effa153c9cd7977e7399b33d9,1401/03/31,552.0,261.0,2883.0,1750000.0,1750000.0,1750000.0,966000000.0,1.0,1.0,,,,,,,,,,,,,,,,,
a207ae2effa153c9cd7977e7399b33d9,1401/06/31,1831.0,615.0,2883.0,1750000.0,1750000.0,1750000.0,3204250000.0,1.0,1.0,,,,,,,,,,,,,,,,,
a207ae2effa153c9cd7977e7399b33d9,1401/09/30,3151.0,1073.0,2883.0,1750000.0,1750000.0,1750000.0,5514250000.0,1.0,1.0,,,,,,,,,,,,,,,,,
a207ae2effa153c9cd7977e7399b33d9,1401/12/29,8926.0,0.0,3918.0,1750000.0,1750000.0,1750000.0,15620500000.0,1.0,1.0,,,,,,,,,,,,,,,,,
a207ae2effa153c9cd7977e7399b33d9,1402/03/31,1056.0,552.0,5995.0,1750000.0,1750000.0,1750000.0,1848000000.0,1.0,1.0,,,,,,,,,,,,,,,,,
a207ae2effa153c9cd7977e7399b33d9,1402/06/31,366.0,1831.0,5995.0,17000000.0,1750000.0,1750000.0,6222000000.0,1.0,1.0,,,,,,,,,,,,,,,,,
a207ae2effa153c9cd7977e7399b33d9,1402/09/30,490.0,324.0,5995.0,17000000.0,17000000.0,1750000.0,8330000000.0,1.0,1.0,,,,,,,,,,,,,,,,,
a207ae2effa153c9cd7977e7399b33d9,1402/12/29,1311.0,0.0,932.0,17000000.0,1750000.0,17000000.0,22287000000.0,1.0,1.0,,,,,,,,,,,,,,,,,
a207ae2effa153c9cd7977e7399b33d9,1403/03/31,118.0,109.0,920.0,17000000.0,17000000.0,17000000.0,2006000000.0,1.0,1.0,,,,,,,,,,,,,,,,,
a207ae2effa153c9cd7977e7399b33d9,1403/06/31,311.0,366.0,920.0,17000000.0,17000000.0,17000000.0,5287000000.0,1.0,1.0,,,,,,,,,,,,,,,,,
a207ae2effa153c9cd7977e7399b33d9,1403/09/30,565.0,490.0,920.0,17000000.0,17000000.0,17000000.0,9605000000.0,1.0,1.0,,,,,,,,,,,,,,,,,
a207ae2effa153c9cd7977e7399b33d9,1403/12/30,1683.0,0.0,1334.0,17000000.0,17000000.0,17000000.0,28611000000.0,1.0,1.0,,,,,,,,,,,,,,,,,
a207ae2effa153c9cd7977e7399b33d9,1404/03/31,214.0,118.0,1363.0,17000000.0,17000000.0,17000000.0,3638000000.0,1.0,1.0,,,,,,,,,,,,,,,,,
a207ae2effa153c9cd7977e7399b33d9,1404/06/31,586.0,343.0,1363.0,17000000.0,17000000.0,17000000.0,9962000000.0,1.0,1.0,,,,,,,,,,,,,,,,,
a207ae2effa153c9cd7977e7399b33d9,1404/09/30,657.0,565.0,1363.0,17000000.0,17000000.0,17000000.0,11169000000.0,-1.0,100.0,,,,,,,,,,,,,,,,,
a207ae2effa153c9cd7977e7399b33d9,1404/12/29,2775.0,0.0,1687.0,17000000.0,17000000.0,17000000.0,47175000000.0,2166.0,93.0,,,,,,,,,,,,,,,,,
a207ae2effa153c9cd7977e7399b33d9,1405/03/31,290.0,214.0,1826.0,17000000.0,17000000.0,17000000.0,4930000000.0,6058262.0,4346622.0,,,,,,,,,,,,,,,,,
a274374c43fbb39b5ca1f9afddfea99a,1398/03/31,0.0,0.0,0.0,10745026.0,2.0,0.0,0.0,1.0,1.0,,,,,,,,,,,,,,,,,
a274374c43fbb39b5ca1f9afddfea99a,1398/06/31,0.0,0.0,0.0,11128817.0,7.0,0.0,0.0,1.0,1.0,,,,,,,,,,,,,,,,,
a274374c43fbb39b5ca1f9afddfea99a,1398/09/30,-11.0,-9.0,48.0,6286547.0,6286547.0,6286547.0,-69152017.0,1.0,1.0,,,,,,,,,,,,,,,,,
a274374c43fbb39b5ca1f9afddfea99a,1398/12/29,27.0,24.0,48.0,6286547.0,6286547.0,6286547.0,169736769.0,1.0,1.0,,,,,,,,,,,,,,,,,
a274374c43fbb39b5ca1f9afddfea99a,1399/03/31,23.0,30.0,48.0,6286547.0,6286547.0,6286547.0,144590581.0,1.0,1.0,,,,,,,,,,,,,,,,,
a274374c43fbb39b5ca1f9afddfea99a,1399/06/31,32.0,0.0,48.0,6286547.0,6286547.0,6286547.0,201169504.0,1.0,1.0,,,,,,,,,,,,,,,,,
a274374c43fbb39b5ca1f9afddfea99a,1399/09/30,20.0,-11.0,47.0,6286547.0,6286547.0,6286547.0,125730940.0,1.0,1.0,,,,,,,,,,,,,,,,,
a274374c43fbb39b5ca1f9afddfea99a,1399/12/30,83.0,0.0,34.0,6286547.0,6286547.0,6286547.0,521783401.0,1.0,1.0,,,,,,,,,,,,,,,,,
a274374c43fbb39b5ca1f9afddfea99a,1400/03/31,30.0,23.0,47.0,14351179.0,6286547.0,6286547.0,430535370.0,1.0,1.0,,,,,,,,,,,,,,,,,
a274374c43fbb39b5ca1f9afddfea99a,1400/06/31,77.0,0.0,33.0,14351179.0,6286547.0,6286547.0,1105040783.0,1.0,1.0,,,,,,,,,,,,,,,,,
a274374c43fbb39b5ca1f9afddfea99a,1400/09/30,27.0,6.0,56.0,20637727.0,20637727.0,20637727.0,557218629.0,1.0,1.0,,,,,,,,,,,,,,,,,
a274374c43fbb39b5ca1f9afddfea99a,1400/12/29,55.0,21.0,56.0,20637727.0,20637727.0,20637727.0,1135074985.0,1.0,1.0,,,,,,,,,,,,,,,,,
a274374c43fbb39b5ca1f9afddfea99a,1401/03/31,54.0,21.0,56.0,20637727.0,20637727.0,20637727.0,1114437258.0,1.0,1.0,,,,,,,,,,,,,,,,,
a274374c43fbb39b5ca1f9afddfea99a,1401/06/31,88.0,0.0,81.0,19087619.0,20637727.0,14349216.0,1679710472.0,1.0,1.0,,,,,,,,,,,,,,,,,
a274374c43fbb39b5ca1f9afddfea99a,1401/09/30,22.0,27.0,88.0,20637727.0,20637727.0,20637727.0,454029994.0,1.0,1.0,,,,,,,,,,,,,,,,,
a274374c43fbb39b5ca1f9afddfea99a,1401/12/29,81.0,54.0,88.0,20637727.0,20637727.0,20637727.0,1671655887.0,1.0,1.0,,,,,,,,,,,,,,,,,
a274374c43fbb39b5ca1f9afddfea99a,1402/03/31,123.0,54.0,88.0,20637727.0,20637727.0,20637727.0,2538440421.0,1.0,1.0,,,,,,,,,,,,,,,,,
a274374c43fbb39b5ca1f9afddfea99a,1402/06/31,152.0,0.0,80.0,20637727.0,0.0,20637727.0,3136934504.0,1.0,1.0,,,,,,,,,,,,,,,,,
a274374c43fbb39b5ca1f9afddfea99a,1402/09/30,28.0,22.0,147.0,20637727.0,20637727.0,20637727.0,577856356.0,1.0,1.0,,,,,,,,,,,,,,,,,
a274374c43fbb39b5ca1f9afddfea99a,1402/12/29,49.0,79.0,147.0,20637727.0,20637727.0,20637727.0,1011248623.0,1.0,1.0,,,,,,,,,,,,,,,,,
a274374c43fbb39b5ca1f9afddfea99a,1403/03/31,73.0,123.0,147.0,20637727.0,20637727.0,20637727.0,1506554071.0,1.0,1.0,,,,,,,,,,,,,,,,,
a274374c43fbb39b5ca1f9afddfea99a,1403/06/31,216.0,0.0,152.0,20637727.0,0.0,20637727.0,4457749032.0,1.0,1.0,,,,,,,,,,,,,,,,,
a274374c43fbb39b5ca1f9afddfea99a,1403/09/30,36.0,28.0,200.0,20637727.0,20637727.0,20637727.0,742958172.0,1.0,1.0,,,,,,,,,,,,,,,,,
a274374c43fbb39b5ca1f9afddfea99a,1403/12/30,212.0,49.0,200.0,24700000.0,20637727.0,20637727.0,5236400000.0,1.0,1.0,,,,,,,,,,,,,,,,,
a274374c43fbb39b5ca1f9afddfea99a,1404/03/31,228.0,73.0,167.0,24700000.0,20637727.0,24700000.0,5631600000.0,1.0,1.0,,,,,,,,,,,,,,,,,
a274374c43fbb39b5ca1f9afddfea99a,1404/06/31,297.0,143.0,,24700000.0,24700000.0,,7335900000.0,9637677.0,4958644.0,,,,,,,,,,,,,,,,,
a274374c43fbb39b5ca1f9afddfea99a,1404/09/30,80.0,36.0,281.0,24700000.0,20637727.0,24700000.0,1976000000.0,1.0,1.0,,,,,,,,,,,,,,,,,
a274374c43fbb39b5ca1f9afddfea99a,1404/12/29,406.0,226.0,281.0,26820046.0,24700000.0,24700000.0,10888938676.0,13325331.0,7843216.0,,,,,,,,,,,,,,,,,
a274374c43fbb39b5ca1f9afddfea99a,1405/03/31,558.0,210.0,259.0,26820046.0,26820046.0,26820046.0,14965585668.0,18489362.0,8105706.0,,,,,,,,,,,,,,,,,
a2affb7dd71d9fab5ed7047d8e8f9a93,1398/12/29,1889.0,0.0,242683.0,1005000.0,450000.0,450000.0,1898445000.0,1.0,1.0,,,,,,,,,,,,,,,,,
a2affb7dd71d9fab5ed7047d8e8f9a93,1399/03/31,88.0,779.0,1900.0,1005000.0,450000.0,1005000.0,88440000.0,1.0,1.0,,,,,,,,,,,,,,,,,
a2affb7dd71d9fab5ed7047d8e8f9a93,1399/06/31,877.0,795.0,1889.0,1005000.0,1005000.0,1005000.0,881385000.0,1.0,1.0,,,,,,,,,,,,,,,,,
a2affb7dd71d9fab5ed7047d8e8f9a93,1399/09/30,2229.0,1448.0,1900.0,1005000.0,1005000.0,1005000.0,2240145000.0,1.0,1.0,,,,,,,,,,,,,,,,,
a2affb7dd71d9fab5ed7047d8e8f9a93,1399/12/30,3529.0,0.0,1889.0,1005000.0,1005000.0,1005000.0,3546645000.0,1.0,1.0,,,,,,,,,,,,,,,,,
a2affb7dd71d9fab5ed7047d8e8f9a93,1400/03/31,1964.0,88.0,3512.0,1005000.0,1005000.0,1005000.0,1973820000.0,1.0,1.0,,,,,,,,,,,,,,,,,
a2affb7dd71d9fab5ed7047d8e8f9a93,1400/06/31,3508.0,881.0,3512.0,1005000.0,1005000.0,1005000.0,3525540000.0,1.0,1.0,,,,,,,,,,,,,,,,,
a2affb7dd71d9fab5ed7047d8e8f9a93,1400/09/30,5777.0,2229.0,3512.0,1005000.0,1005000.0,1005000.0,5805885000.0,1.0,1.0,,,,,,,,,,,,,,,,,
a2affb7dd71d9fab5ed7047d8e8f9a93,1400/12/29,2395.0,0.0,1177.0,3000000.0,1005000.0,3000000.0,7185000000.0,1.0,1.0,,,,,,,,,,,,,,,,,
a2affb7dd71d9fab5ed7047d8e8f9a93,1401/03/31,734.0,1964.0,2395.0,3000000.0,1005000.0,3000000.0,2202000000.0,1.0,1.0,,,,,,,,,,,,,,,,,
a2affb7dd71d9fab5ed7047d8e8f9a93,1401/06/31,1834.0,1175.0,2395.0,3000000.0,3000000.0,3000000.0,5502000000.0,1.0,1.0,,,,,,,,,,,,,,,,,
a2affb7dd71d9fab5ed7047d8e8f9a93,1401/09/30,2359.0,5777.0,2395.0,3000000.0,1005000.0,3000000.0,7077000000.0,1.0,1.0,,,,,,,,,,,,,,,,,
a2affb7dd71d9fab5ed7047d8e8f9a93,1401/12/29,2123.0,0.0,2399.0,3000000.0,3000000.0,3000000.0,6369000000.0,1.0,1.0,,,,,,,,,,,,,,,,,
a2affb7dd71d9fab5ed7047d8e8f9a93,1402/03/31,1215.0,719.0,2120.0,3000000.0,3000000.0,3000000.0,3645000000.0,1.0,1.0,,,,,,,,,,,,,,,,,
a2affb7dd71d9fab5ed7047d8e8f9a93,1402/06/31,2021.0,1783.0,2120.0,3000000.0,3000000.0,3000000.0,6063000000.0,1.0,1.0,,,,,,,,,,,,,,,,,
a2affb7dd71d9fab5ed7047d8e8f9a93,1402/09/30,2626.0,2359.0,2120.0,3000000.0,3000000.0,3000000.0,7878000000.0,1.0,1.0,,,,,,,,,,,,,,,,,
a2affb7dd71d9fab5ed7047d8e8f9a93,1402/12/29,1092.0,0.0,708.0,9000000.0,3000000.0,9000000.0,9828000000.0,1.0,1.0,,,,,,,,,,,,,,,,,
a2affb7dd71d9fab5ed7047d8e8f9a93,1403/03/31,69.0,405.0,1081.0,9000000.0,9000000.0,9000000.0,621000000.0,1.0,1.0,,,,,,,,,,,,,,,,,
a2affb7dd71d9fab5ed7047d8e8f9a93,1403/06/31,-236.0,674.0,1081.0,9000000.0,9000000.0,9000000.0,-2124000000.0,1.0,1.0,,,,,,,,,,,,,,,,,
a2affb7dd71d9fab5ed7047d8e8f9a93,1403/09/30,-7.0,842.0,1035.0,9000000.0,9000000.0,9000000.0,-63000000.0,1.0,1.0,,,,,,,,,,,,,,,,,
a2affb7dd71d9fab5ed7047d8e8f9a93,1403/12/30,106.0,0.0,995.0,9000000.0,9000000.0,9000000.0,954000000.0,1.0,1.0,,,,,,,,,,,,,,,,,
a2affb7dd71d9fab5ed7047d8e8f9a93,1404/03/31,-94.0,69.0,108.0,9000000.0,9000000.0,9000000.0,-846000000.0,1.0,1.0,,,,,,,,,,,,,,,,,
a2affb7dd71d9fab5ed7047d8e8f9a93,1404/06/31,23.0,-245.0,108.0,9000000.0,9000000.0,9000000.0,207000000.0,1.0,1.0,,,,,,,,,,,,,,,,,
a2affb7dd71d9fab5ed7047d8e8f9a93,1404/09/30,1661.0,-7.0,108.0,9000000.0,9000000.0,9000000.0,14949000000.0,1.0,1.0,,,,,,,,,,,,,,,,,
a2affb7dd71d9fab5ed7047d8e8f9a93,1404/12/29,889.0,0.0,1054.0,9187000.0,0.0,7696000.0,8167243000.0,-1.0,100.0,,,,,,,,,,,,,,,,,
a2affb7dd71d9fab5ed7047d8e8f9a93,1405/03/31,625.0,682.0,789.0,10350000.0,2350000.0,10350000.0,6468750000.0,3186865.0,1965870.0,,,,,,,,,,,,,,,,,
a36b1b9ab2e49cbbd170e60080fa4676,1399/06/31,0.0,0.0,0.0,16393000.0,32.0,16393000.0,0.0,1.0,1.0,,,,,,,,,,,,,,,,,
a36b1b9ab2e49cbbd170e60080fa4676,1399/09/30,0.0,0.0,0.0,16393000.0,32.0,16393000.0,0.0,1.0,1.0,,,,,,,,,,,,,,,,,
a36b1b9ab2e49cbbd170e60080fa4676,1399/12/30,0.0,0.0,0.0,16393000.0,32.0,16393000.0,0.0,1.0,1.0,,,,,,,,,,,,,,,,,
a36b1b9ab2e49cbbd170e60080fa4676,1400/03/31,724.0,0.0,0.0,21560000.0,16393000.0,32.0,15609440000.0,1.0,1.0,,,,,,,,,,,,,,,,,
a36b1b9ab2e49cbbd170e60080fa4676,1400/06/31,-12.0,-10.0,20.0,21560000.0,21560000.0,0.0,-258720000.0,1.0,1.0,,,,,,,,,,,,,,,,,
a36b1b9ab2e49cbbd170e60080fa4676,1400/09/30,-264.0,90.0,0.0,21560000.0,16393000.0,0.0,-5691840000.0,1.0,1.0,,,,,,,,,,,,,,,,,
a36b1b9ab2e49cbbd170e60080fa4676,1400/12/29,-1758.0,63.0,0.0,21560000.0,21560000.0,0.0,-37902480000.0,1.0,1.0,,,,,,,,,,,,,,,,,
a36b1b9ab2e49cbbd170e60080fa4676,1401/03/31,4216.0,0.0,0.0,21560000.0,21560000.0,0.0,90896960000.0,1.0,1.0,,,,,,,,,,,,,,,,,
a36b1b9ab2e49cbbd170e60080fa4676,1401/06/31,-227.0,-12.0,1792.0,21560000.0,21560000.0,0.0,-4894120000.0,1.0,1.0,,,,,,,,,,,,,,,,,
a36b1b9ab2e49cbbd170e60080fa4676,1401/09/30,-1896.0,-2151.0,-12.0,21560000.0,21560000.0,0.0,-40877760000.0,1.0,1.0,,,,,,,,,,,,,,,,,
a36b1b9ab2e49cbbd170e60080fa4676,1401/12/29,-173.0,-1758.0,-90.0,57722000.0,21560000.0,168.0,-9985906000.0,1.0,1.0,,,,,,,,,,,,,,,,,
a36b1b9ab2e49cbbd170e60080fa4676,1402/03/31,2820.0,0.0,0.0,57722000.0,21560000.0,168.0,162776040000.0,1.0,1.0,,,,,,,,,,,,,,,,,
a36b1b9ab2e49cbbd170e60080fa4676,1402/06/31,6.0,-227.0,0.0,57722000.0,21560000.0,0.0,346332000.0,1.0,1.0,,,,,,,,,,,,,,,,,
a36b1b9ab2e49cbbd170e60080fa4676,1402/09/30,-5.0,-708.0,-99.0,57722000.0,57722000.0,0.0,-288610000.0,1.0,1.0,,,,,,,,,,,,,,,,,
a36b1b9ab2e49cbbd170e60080fa4676,1402/12/29,-70.0,-173.0,-60.0,57722000.0,57722000.0,0.0,-4040540000.0,1.0,1.0,,,,,,,,,,,,,,,,,
a36b1b9ab2e49cbbd170e60080fa4676,1403/03/31,1351.0,0.0,0.0,82500000.0,57722000.0,43.0,111457500000.0,1.0,1.0,,,,,,,,,,,,,,,,,
a36b1b9ab2e49cbbd170e60080fa4676,1403/06/31,-34.0,6.0,0.0,82500000.0,57722000.0,0.0,-2805000000.0,1.0,1.0,,,,,,,,,,,,,,,,,
a36b1b9ab2e49cbbd170e60080fa4676,1403/09/30,-76.0,-32.0,1306.0,82500000.0,82500000.0,82500000.0,-6270000000.0,1.0,1.0,,,,,,,,,,,,,,,,,
a36b1b9ab2e49cbbd170e60080fa4676,1403/12/30,-354.0,-70.0,1306.0,82500000.0,57722000.0,82500000.0,-29205000000.0,1.0,1.0,,,,,,,,,,,,,,,,,
a36b1b9ab2e49cbbd170e60080fa4676,1404/03/31,1148.0,0.0,1306.0,116000000.0,82500000.0,82500000.0,133168000000.0,1.0,1.0,,,,,,,,,,,,,,,,,
a36b1b9ab2e49cbbd170e60080fa4676,1404/06/31,-6.0,-24.0,1148.0,116000000.0,116000000.0,116000000.0,-696000000.0,1.0,1.0,,,,,,,,,,,,,,,,,
a36b1b9ab2e49cbbd170e60080fa4676,1404/09/30,-183.0,-221.0,1148.0,116000000.0,116000000.0,116000000.0,-21228000000.0,1.0,1.0,,,,,,,,,,,,,,,,,
a36b1b9ab2e49cbbd170e60080fa4676,1404/12/29,78.0,-252.0,1148.0,116000000.0,116000000.0,116000000.0,9048000000.0,-1.0,100.0,159941038.0,51715823.0,20248418.0,196762909.0,0.0,-13446447.0,9065113.0,-29195142.0,133196276.0,163360532.0,152208318.0,145771153.0,1033469993.0,366954530.0,891497617.0,410729630.0,141972376.0
a36b1b9ab2e49cbbd170e60080fa4676,1405/03/31,3125.0,1806.0,,116000000.0,116000000.0,,362500000000.0,396585333.0,281269303.0,,1280241693.0,819512215.0,,-20141310.0,42790004.0,362453418.0,209532300.0,,,,,1917561427.0,850818501.0,1265668071.0,594395750.0,651893356.0
a4c5e155e0d31a9e8e3eaf65bf32f899,1398/06/31,7516.0,3710.0,11666.0,54173.0,54173.0,54173.0,407164268.0,1.0,1.0,,,,,,,,,,,,,,,,,
a4c5e155e0d31a9e8e3eaf65bf32f899,1398/09/30,741.0,668.0,2008.0,54173.0,54173.0,54173.0,40142193.0,1.0,1.0,,,,,,,,,,,,,,,,,
a4c5e155e0d31a9e8e3eaf65bf32f899,1398/12/29,21128.0,0.0,11666.0,54173.0,54173.0,54173.0,1144567144.0,1.0,1.0,,,,,,,,,,,,,,,,,
a4c5e155e0d31a9e8e3eaf65bf32f899,1399/03/31,721.0,354.0,4120.0,54173.0,54173.0,54173.0,39058733.0,1.0,1.0,,,,,,,,,,,,,,,,,
a4c5e155e0d31a9e8e3eaf65bf32f899,1399/06/31,38856.0,7516.0,21116.0,54173.0,54173.0,54173.0,2104946088.0,1.0,1.0,,,,,,,,,,,,,,,,,
a4c5e155e0d31a9e8e3eaf65bf32f899,1399/09/30,3015.0,741.0,4120.0,54173.0,54173.0,54173.0,163331595.0,1.0,1.0,,,,,,,,,,,,,,,,,
a4c5e155e0d31a9e8e3eaf65bf32f899,1399/12/30,93372.0,0.0,21116.0,54173.0,54173.0,54173.0,5058241356.0,1.0,1.0,,,,,,,,,,,,,,,,,
a4c5e155e0d31a9e8e3eaf65bf32f899,1400/03/31,1121.0,721.0,64961.0,54173.0,54173.0,54173.0,60727933.0,1.0,1.0,,,,,,,,,,,,,,,,,
a4c5e155e0d31a9e8e3eaf65bf32f899,1400/06/31,43913.0,39383.0,91143.0,54173.0,54173.0,54173.0,2378898949.0,1.0,1.0,,,,,,,,,,,,,,,,,
a4c5e155e0d31a9e8e3eaf65bf32f899,1400/09/30,4107.0,3015.0,64961.0,54173.0,54173.0,54173.0,222488511.0,1.0,1.0,,,,,,,,,,,,,,,,,
a4c5e155e0d31a9e8e3eaf65bf32f899,1400/12/29,78241.0,0.0,91143.0,54173.0,54173.0,54173.0,4238549693.0,1.0,1.0,,,,,,,,,,,,,,,,,
a4c5e155e0d31a9e8e3eaf65bf32f899,1401/03/31,361.0,1121.0,72414.0,54173.0,54173.0,54173.0,19556453.0,1.0,1.0,,,,,,,,,,,,,,,,,
a4c5e155e0d31a9e8e3eaf65bf32f899,1401/06/31,31524.0,45966.0,76027.0,54173.0,54173.0,54173.0,1707749652.0,1.0,1.0,,,,,,,,,,,,,,,,,
a4c5e155e0d31a9e8e3eaf65bf32f899,1401/09/30,568.0,4107.0,72414.0,54173.0,54173.0,54173.0,30770264.0,1.0,1.0,,,,,,,,,,,,,,,,,
a4c5e155e0d31a9e8e3eaf65bf32f899,1401/10/30,2842.0,76027.0,76027.0,1029283.0,54173.0,54173.0,2925222286.0,1.0,1.0,,,,,,,,,,,,,,,,,
a4c5e155e0d31a9e8e3eaf65bf32f899,1402/01/31,7.0,19.0,2512.0,1029283.0,1029283.0,1029283.0,7204981.0,1.0,1.0,,,,,,,,,,,,,,,,,
a4c5e155e0d31a9e8e3eaf65bf32f899,1402/04/31,166.0,10.0,2512.0,1029283.0,1029283.0,1029283.0,170860978.0,1.0,1.0,,,,,,,,,,,,,,,,,
a4c5e155e0d31a9e8e3eaf65bf32f899,1402/07/30,367.0,30.0,2529.0,1029283.0,1029283.0,1029283.0,377746861.0,1.0,1.0,,,,,,,,,,,,,,,,,
a4c5e155e0d31a9e8e3eaf65bf32f899,1402/10/30,4677.0,0.0,2842.0,1029283.0,1029283.0,1029283.0,4813956591.0,1.0,1.0,,,,,,,,,,,,,,,,,
a4c5e155e0d31a9e8e3eaf65bf32f899,1403/01/31,105.0,7.0,4189.0,1029283.0,1029283.0,1029283.0,108074715.0,1.0,1.0,,,,,,,,,,,,,,,,,
a4c5e155e0d31a9e8e3eaf65bf32f899,1403/04/31,300.0,218.0,4189.0,1029283.0,1029283.0,1029283.0,308784900.0,1.0,1.0,,,,,,,,,,,,,,,,,
a4c5e155e0d31a9e8e3eaf65bf32f899,1403/10/30,2879.0,0.0,4126.0,1029283.0,1029283.0,1029283.0,2963305757.0,1.0,1.0,,,,,,,,,,,,,,,,,
a4c5e155e0d31a9e8e3eaf65bf32f899,1404/01/31,102.0,105.0,2786.0,1029283.0,1029283.0,1029283.0,104986866.0,1.0,1.0,,,,,,,,,,,,,,,,,
a4c5e155e0d31a9e8e3eaf65bf32f899,1404/04/31,99.0,299.0,2786.0,1029283.0,1029283.0,1029283.0,101899017.0,1.0,1.0,,,,,,,,,,,,,,,,,
a4c5e155e0d31a9e8e3eaf65bf32f899,1404/07/30,20.0,514.0,2786.0,1029283.0,1029283.0,1029283.0,20585660.0,1.0,1.0,,,,,,,,,,,,,,,,,
a4c5e155e0d31a9e8e3eaf65bf32f899,1405/01/31,425.0,102.0,2603.0,1029283.0,1029283.0,1029283.0,437445275.0,0.0,0.0,,,,,,,,,,,,,,,,,
a6ad819831020eba3d6400887affac3f,1398/03/31,453.0,252.0,80.0,240000.0,240000.0,0.0,108720000.0,-1.0,100.0,,,,,,,,,,,,,,,,,
a6ad819831020eba3d6400887affac3f,1398/06/31,1086.0,550.0,1066.0,240000.0,240000.0,240000.0,260640000.0,-1.0,100.0,,,,,,,,,,,,,,,,,
a6ad819831020eba3d6400887affac3f,1398/09/30,2107.0,0.0,0.0,240000.0,240000.0,0.0,505680000.0,-1.0,100.0,,,,,,,,,,,,,,,,,
a6ad819831020eba3d6400887affac3f,1398/12/29,364.0,89.0,2125.0,240000.0,240000.0,240000.0,87360000.0,-1.0,100.0,,,,,,,,,,,,,,,,,
a6ad819831020eba3d6400887affac3f,1399/03/31,1493.0,577.0,2125.0,240000.0,240000.0,240000.0,358320000.0,-1.0,100.0,,,,,,,,,,,,,,,,,
a6ad819831020eba3d6400887affac3f,1399/06/31,1393.0,1086.0,2125.0,480000.0,240000.0,240000.0,668640000.0,-1.0,100.0,,,,,,,,,,,,,,,,,
a6ad819831020eba3d6400887affac3f,1399/09/30,2065.0,0.0,1062.0,480000.0,240000.0,480000.0,991200000.0,-1.0,100.0,,,,,,,,,,,,,,,,,
a6ad819831020eba3d6400887affac3f,1399/12/30,281.0,182.0,2065.0,480000.0,480000.0,480000.0,134880000.0,-1.0,100.0,,,,,,,,,,,,,,,,,
a6ad819831020eba3d6400887affac3f,1400/03/31,1217.0,747.0,2065.0,480000.0,480000.0,480000.0,584160000.0,-1.0,100.0,,,,,,,,,,,,,,,,,
a6ad819831020eba3d6400887affac3f,1400/06/31,1950.0,1393.0,2065.0,480000.0,480000.0,480000.0,936000000.0,-1.0,100.0,,,,,,,,,,,,,,,,,
a6ad819831020eba3d6400887affac3f,1400/09/30,3136.0,0.0,2065.0,480000.0,480000.0,480000.0,1505280000.0,-1.0,100.0,,,,,,,,,,,,,,,,,
a6ad819831020eba3d6400887affac3f,1400/12/29,608.0,281.0,3136.0,480000.0,480000.0,480000.0,291840000.0,-1.0,100.0,,,,,,,,,,,,,,,,,
a6ad819831020eba3d6400887affac3f,1401/03/31,2077.0,1217.0,3136.0,480000.0,480000.0,480000.0,996960000.0,-1.0,100.0,,,,,,,,,,,,,,,,,
a6ad819831020eba3d6400887affac3f,1401/06/31,4088.0,1950.0,3136.0,480000.0,480000.0,480000.0,1962240000.0,-1.0,100.0,,,,,,,,,,,,,,,,,
a6ad819831020eba3d6400887affac3f,1401/09/30,6262.0,0.0,3136.0,480000.0,480000.0,480000.0,3005760000.0,-1.0,100.0,,,,,,,,,,,,,,,,,
a6ad819831020eba3d6400887affac3f,1401/12/29,1399.0,608.0,6262.0,480000.0,480000.0,480000.0,671520000.0,-1.0,100.0,,,,,,,,,,,,,,,,,
a6ad819831020eba3d6400887affac3f,1402/03/31,1418.0,692.0,2087.0,1440000.0,1440000.0,1440000.0,2041920000.0,-1.0,100.0,,,,,,,,,,,,,,,,,
a6ad819831020eba3d6400887affac3f,1402/06/31,2433.0,1363.0,2087.0,1440000.0,1440000.0,1440000.0,3503520000.0,-1.0,100.0,,,,,,,,,,,,,,,,,
a6ad819831020eba3d6400887affac3f,1402/09/30,3329.0,0.0,6262.0,1440000.0,480000.0,480000.0,4793760000.0,-1.0,100.0,,,,,,,,,,,,,,,,,
a6ad819831020eba3d6400887affac3f,1402/12/29,531.0,466.0,3329.0,1440000.0,1440000.0,1440000.0,764640000.0,-1.0,100.0,,,,,,,,,,,,,,,,,
a6ad819831020eba3d6400887affac3f,1403/03/31,1629.0,1418.0,3329.0,1440000.0,1440000.0,1440000.0,2345760000.0,-1.0,100.0,,,,,,,,,,,,,,,,,
a6ad819831020eba3d6400887affac3f,1403/06/31,3571.0,2433.0,3329.0,1440000.0,1440000.0,1440000.0,5142240000.0,-1.0,100.0,,,,,,,,,,,,,,,,,
a6ad819831020eba3d6400887affac3f,1403/09/30,5695.0,0.0,3329.0,1440000.0,1440000.0,1440000.0,8200800000.0,-1.0,100.0,,,,,,,,,,,,,,,,,
a6ad819831020eba3d6400887affac3f,1403/12/30,1121.0,531.0,5695.0,1440000.0,1440000.0,1440000.0,1614240000.0,-1.0,100.0,,,,,,,,,,,,,,,,,
a6ad819831020eba3d6400887affac3f,1404/03/31,3554.0,1629.0,5695.0,1440000.0,1440000.0,1440000.0,5117760000.0,-1.0,100.0,,,,,,,,,,,,,,,,,
a6ad819831020eba3d6400887affac3f,1404/06/31,6533.0,3571.0,5695.0,1440000.0,1440000.0,1440000.0,9407520000.0,-1.0,100.0,,,,,,,,,,,,,,,,,
a6ad819831020eba3d6400887affac3f,1404/09/30,9588.0,0.0,5695.0,1440000.0,1440000.0,1440000.0,13806720000.0,-1.0,100.0,,,,,,,,,,,,,,,,,
a6ad819831020eba3d6400887affac3f,1404/12/29,1351.0,1121.0,9588.0,1440000.0,1440000.0,1440000.0,1945440000.0,-1.0,100.0,,,,,,,,,,,,,,,,,
a6ad819831020eba3d6400887affac3f,1405/03/31,5154.0,3554.0,9588.0,1440000.0,1440000.0,1440000.0,7421760000.0,8729031.0,5549877.0,,,,,,,,,,,,,,,,,
a7c92003e95722cea2d38ba5306603b9,1398/09/30,2209.0,486.0,694.0,1125000.0,1125000.0,1125000.0,2485125000.0,1.0,1.0,,,,,,,,,,,,,,,,,
a7c92003e95722cea2d38ba5306603b9,1398/12/29,2567.0,0.0,694.0,1125000.0,1125000.0,1125000.0,2887875000.0,1.0,1.0,,,,,,,,,,,,,,,,,
a7c92003e95722cea2d38ba5306603b9,1399/03/31,602.0,131.0,2528.0,1125000.0,1125000.0,1125000.0,677250000.0,1.0,1.0,,,,,,,,,,,,,,,,,
a7c92003e95722cea2d38ba5306603b9,1399/06/31,2344.0,1706.0,2528.0,1125000.0,1125000.0,1125000.0,2637000000.0,1.0,1.0,,,,,,,,,,,,,,,,,
a7c92003e95722cea2d38ba5306603b9,1399/09/30,4942.0,2209.0,2528.0,1125000.0,1125000.0,1125000.0,5559750000.0,1.0,1.0,,,,,,,,,,,,,,,,,
a7c92003e95722cea2d38ba5306603b9,1399/12/30,5667.0,0.0,2528.0,1125000.0,1125000.0,1125000.0,6375375000.0,1.0,1.0,,,,,,,,,,,,,,,,,
a7c92003e95722cea2d38ba5306603b9,1400/03/31,1961.0,602.0,5667.0,1125000.0,1125000.0,1125000.0,2206125000.0,1.0,1.0,,,,,,,,,,,,,,,,,
a7c92003e95722cea2d38ba5306603b9,1400/06/31,4826.0,2493.0,5667.0,1125000.0,1125000.0,1125000.0,5429250000.0,1.0,1.0,,,,,,,,,,,,,,,,,
a7c92003e95722cea2d38ba5306603b9,1400/09/30,9424.0,4942.0,5667.0,1125000.0,1125000.0,1125000.0,10602000000.0,1.0,1.0,,,,,,,,,,,,,,,,,
a7c92003e95722cea2d38ba5306603b9,1400/12/29,5106.0,0.0,5667.0,2625000.0,1125000.0,1125000.0,13403250000.0,1.0,1.0,,,,,,,,,,,,,,,,,
a7c92003e95722cea2d38ba5306603b9,1401/03/31,1243.0,841.0,4955.0,2625000.0,2625000.0,2625000.0,3262875000.0,1.0,1.0,,,,,,,,,,,,,,,,,
a7c92003e95722cea2d38ba5306603b9,1401/06/31,2380.0,2482.0,4955.0,2625000.0,2625000.0,2625000.0,6247500000.0,1.0,1.0,,,,,,,,,,,,,,,,,
a7c92003e95722cea2d38ba5306603b9,1401/09/30,3815.0,4039.0,4955.0,2625000.0,2625000.0,2625000.0,10014375000.0,1.0,1.0,,,,,,,,,,,,,,,,,
a7c92003e95722cea2d38ba5306603b9,1401/12/29,626.0,0.0,529.0,24583332.0,2625000.0,24583332.0,15389165832.0,1.0,1.0,,,,,,,,,,,,,,,,,
a7c92003e95722cea2d38ba5306603b9,1402/03/31,181.0,133.0,603.0,24583332.0,24583332.0,24583332.0,4449583092.0,1.0,1.0,,,,,,,,,,,,,,,,,
a7c92003e95722cea2d38ba5306603b9,1402/06/31,281.0,248.0,603.0,24583332.0,24583332.0,24583332.0,6907916292.0,1.0,1.0,,,,,,,,,,,,,,,,,
a7c92003e95722cea2d38ba5306603b9,1402/09/30,508.0,407.0,603.0,24583332.0,24583332.0,24583332.0,12488332656.0,1.0,1.0,,,,,,,,,,,,,,,,,
a7c92003e95722cea2d38ba5306603b9,1402/12/29,673.0,0.0,603.0,24583332.0,24583332.0,24583332.0,16544582436.0,1.0,1.0,,,,,,,,,,,,,,,,,
a7c92003e95722cea2d38ba5306603b9,1403/03/31,254.0,181.0,673.0,24583332.0,24583332.0,24583332.0,6244166328.0,1.0,1.0,,,,,,,,,,,,,,,,,
a7c92003e95722cea2d38ba5306603b9,1403/06/31,554.0,272.0,673.0,24583332.0,24583332.0,24583332.0,13619165928.0,1.0,1.0,,,,,,,,,,,,,,,,,
a7c92003e95722cea2d38ba5306603b9,1403/09/30,898.0,508.0,673.0,24583332.0,24583332.0,24583332.0,22075832136.0,1.0,1.0,,,,,,,,,,,,,,,,,
a7c92003e95722cea2d38ba5306603b9,1403/12/30,1026.0,0.0,673.0,24583332.0,24583332.0,24583332.0,25222498632.0,1.0,1.0,,,,,,,,,,,,,,,,,
a7c92003e95722cea2d38ba5306603b9,1404/03/31,207.0,254.0,1038.0,24583332.0,24583332.0,24583332.0,5088749724.0,1.0,1.0,,,,,,,,,,,,,,,,,
a7c92003e95722cea2d38ba5306603b9,1404/06/31,466.0,554.0,1038.0,24583332.0,24583332.0,24583332.0,11455832712.0,1.0,1.0,,,,,,,,,,,,,,,,,
a7c92003e95722cea2d38ba5306603b9,1404/09/30,778.0,898.0,1038.0,24583332.0,24583332.0,24583332.0,19125832296.0,1.0,1.0,,,,,,,,,,,,,,,,,
a7c92003e95722cea2d38ba5306603b9,1404/12/29,1555.0,432.0,915.0,1125000.0,1125000.0,1125000.0,26918748540.0,1.0,1.0,,,,,,,,,,,,,,,,,
a7c92003e95722cea2d38ba5306603b9,1405/03/31,283.0,207.0,994.0,24583332.0,24583332.0,24583332.0,6957082956.0,12949186.0,7493530.0,38153935.0,70380691.0,38295461.0,210220620.0,-5797765.0,1478573.0,6947145.0,5087004.0,24424926.0,-8409606.0,-4470830.0,13741531.0,224368007.0,199070018.0,163154034.0,159514007.0,61213973.0
a7e6b6cc7c33c4988937ed9c579b01fa,1401/06/31,3384.0,3489.0,5841.0,715000.0,715000.0,715000.0,2419560000.0,1.0,1.0,,,,,,,,,,,,,,,,,
a7e6b6cc7c33c4988937ed9c579b01fa,1401/09/30,4472.0,3494.0,5841.0,715000.0,715000.0,715000.0,3197480000.0,1.0,1.0,,,,,,,,,,,,,,,,,
a7e6b6cc7c33c4988937ed9c579b01fa,1401/12/29,7049.0,0.0,5841.0,715000.0,715000.0,715000.0,5040035000.0,1.0,1.0,,,,,,,,,,,,,,,,,
a7e6b6cc7c33c4988937ed9c579b01fa,1402/03/31,1906.0,1414.0,7071.0,715000.0,715000.0,715000.0,1362790000.0,1.0,1.0,,,,,,,,,,,,,,,,,
a7e6b6cc7c33c4988937ed9c579b01fa,1402/06/31,4038.0,3312.0,7071.0,715000.0,715000.0,715000.0,2887170000.0,1.0,1.0,,,,,,,,,,,,,,,,,
a7e6b6cc7c33c4988937ed9c579b01fa,1402/09/30,6970.0,4472.0,7071.0,715000.0,715000.0,715000.0,4983550000.0,1.0,1.0,,,,,,,,,,,,,,,,,
a7e6b6cc7c33c4988937ed9c579b01fa,1402/12/29,9295.0,0.0,7071.0,715000.0,715000.0,715000.0,6645925000.0,1.0,1.0,,,,,,,,,,,,,,,,,
a7e6b6cc7c33c4988937ed9c579b01fa,1403/03/31,3255.0,1906.0,9295.0,715000.0,715000.0,715000.0,2327325000.0,1.0,1.0,,,,,,,,,,,,,,,,,
a7e6b6cc7c33c4988937ed9c579b01fa,1403/06/31,6232.0,4052.0,9295.0,715000.0,715000.0,715000.0,4455880000.0,1.0,1.0,,,,,,,,,,,,,,,,,
a7e6b6cc7c33c4988937ed9c579b01fa,1403/09/30,9155.0,6970.0,9295.0,715000.0,715000.0,715000.0,6545825000.0,1.0,1.0,,,,,,,,,,,,,,,,,
a7e6b6cc7c33c4988937ed9c579b01fa,1403/12/30,1414.0,1439.0,5841.0,715000.0,715000.0,715000.0,6688825000.0,1.0,1.0,,,,,,,,,,,,,,,,,
a7e6b6cc7c33c4988937ed9c579b01fa,1404/03/31,3094.0,3255.0,10184.0,715000.0,715000.0,715000.0,2212210000.0,1.0,1.0,,,,,,,,,,,,,,,,,
a7e6b6cc7c33c4988937ed9c579b01fa,1404/06/31,7906.0,6230.0,10184.0,715000.0,715000.0,715000.0,5652790000.0,1.0,1.0,,,,,,,,,,,,,,,,,
a7e6b6cc7c33c4988937ed9c579b01fa,1404/09/30,5994.0,0.0,5096.0,715000.0,715000.0,715000.0,8730400000.0,1.0,1.0,,,,,,,,,,,,,,,,,
a7e6b6cc7c33c4988937ed9c579b01fa,1404/12/29,4448.0,0.0,9355.0,2800000.0,715000.0,715000.0,12454400000.0,-1.0,100.0,,,,,,,,,,,,,,,,,
a7e6b6cc7c33c4988937ed9c579b01fa,1405/03/31,2052.0,781.0,4448.0,2800000.0,2800000.0,2800000.0,5745600000.0,7606581.0,2836220.0,,,,,,,,,,,,,,,,,
a80a3880494d31e82b13fd0d040e0f72,1400/12/29,1.0,60839.0,,2500100000.0,2500100000.0,,2500100000.0,2606399.0,2090064.0,,,,,,,,,,,,,,,,,
a80a3880494d31e82b13fd0d040e0f72,1401/03/31,702.0,223.0,967.0,2500100.0,2500100.0,2500100.0,1755070200.0,1974241.0,621855.0,,,,,,,,,,,,,,,,,
a80a3880494d31e82b13fd0d040e0f72,1401/06/31,1656.0,665.0,967.0,2500100.0,2500100.0,2500100.0,4140165600.0,4469581.0,1835582.0,,,,,,,,,,,,,,,,,
a80a3880494d31e82b13fd0d040e0f72,1401/09/30,2329.0,1058.0,967.0,2500100.0,2500100.0,2500100.0,5822732900.0,6251938.0,2853403.0,,,,,,,,,,,,,,,,,
a80a3880494d31e82b13fd0d040e0f72,1401/12/29,2882.0,48325707.0,,2500100.0,2500100.0,,7205288200.0,7839194.0,2606399.0,,,,,,,,,,,,,,,,,
a80a3880494d31e82b13fd0d040e0f72,1402/03/31,1068.0,702.0,2908.0,2500100.0,2500100.0,2500100.0,2670106800.0,3009144.0,1974241.0,,,,,,,,,,,,,,,,,
a80a3880494d31e82b13fd0d040e0f72,1402/06/31,1882.0,1656.0,2908.0,3000120.0,2500100.0,2500100.0,5646225840.0,6228725.0,4469580.0,,,,,,,,,,,,,,,,,
a80a3880494d31e82b13fd0d040e0f72,1402/09/30,2728.0,2324.0,2908.0,3000120.0,2500100.0,2500100.0,8184327360.0,9194520.0,6251938.0,,,,,,,,,,,,,,,,,
a80a3880494d31e82b13fd0d040e0f72,1402/12/29,1304.0,2944.0,,9000000.0,2500100.0,,11736000000.0,12893792.0,8013957.0,,,,,,,,,,,,,,,,,
a80a3880494d31e82b13fd0d040e0f72,1403/03/31,446.0,1068.0,1291.0,9000000.0,2500100.0,9000000.0,4014000000.0,4509510.0,3009144.0,,,,,,,,,,,,,,,,,
a80a3880494d31e82b13fd0d040e0f72,1403/06/31,832.0,577.0,1291.0,9000000.0,9000000.0,9000000.0,7488000000.0,8640883.0,5906932.0,,,,,,,,,,,,,,,,,
a80a3880494d31e82b13fd0d040e0f72,1403/09/30,1097.0,909.0,1291.0,9000000.0,9000000.0,9000000.0,9873000000.0,11754984.0,9194520.0,,,,,,,,,,,,,,,,,
a80a3880494d31e82b13fd0d040e0f72,1403/12/30,1009.0,1291.0,,14000000.0,9000000.0,,14126000000.0,15640854.0,12860875.0,,,,,,,,,,,,,,,,,
a80a3880494d31e82b13fd0d040e0f72,1404/03/31,310.0,287.0,1009.0,14000000.0,14000000.0,14000000.0,4340000000.0,5067709.0,4509510.0,,,,,,,,,,,,,,,,,
a80a3880494d31e82b13fd0d040e0f72,1404/06/31,845.0,523.0,1009.0,14000000.0,14000000.0,14000000.0,11830000000.0,13771141.0,8775620.0,,,,,,,,,,,,,,,,,
a80a3880494d31e82b13fd0d040e0f72,1404/09/30,1073.0,705.0,1009.0,14000000.0,14000000.0,14000000.0,15022000000.0,17648987.0,11754984.0,,,,,,,,,,,,,,,,,
a80a3880494d31e82b13fd0d040e0f72,1404/12/29,1053.0,1009.0,,20000000.0,14000000.0,,21060000000.0,25849977.0,15688292.0,,,,,,,,,,,,,,,,,
a80a3880494d31e82b13fd0d040e0f72,1405/03/31,568.0,217.0,1040.0,20000000.0,20000000.0,20000000.0,11360000000.0,13507045.0,5067709.0,25777778.0,38581369.0,23469987.0,100412523.0,-487313.0,35650.0,11361837.0,4337362.0,20808232.0,4531837.0,1036900.0,14484708.0,109721586.0,95579617.0,49056215.0,44388215.0,60665371.0
a9e76ebf3cf2f1c17cdfa0b9442e427c,1398/06/31,1754.0,2104.0,4049.0,120000.0,120000.0,120000.0,210480000.0,1.0,1.0,,,,,,,,,,,,,,,,,
a9e76ebf3cf2f1c17cdfa0b9442e427c,1398/09/30,256.0,2697.0,4028.0,660000.0,120000.0,120000.0,168960000.0,1.0,1.0,,,,,,,,,,,,,,,,,
a9e76ebf3cf2f1c17cdfa0b9442e427c,1398/12/29,450.0,0.0,732.0,660000.0,120000.0,660000.0,297000000.0,1.0,1.0,,,,,,,,,,,,,,,,,
a9e76ebf3cf2f1c17cdfa0b9442e427c,1399/03/31,2.0,202.0,450.0,660000.0,660000.0,660000.0,1320000.0,1.0,1.0,,,,,,,,,,,,,,,,,
a9e76ebf3cf2f1c17cdfa0b9442e427c,1399/06/31,315.0,319.0,450.0,660000.0,660000.0,660000.0,207900000.0,1.0,1.0,,,,,,,,,,,,,,,,,
a9e76ebf3cf2f1c17cdfa0b9442e427c,1399/09/30,930.0,256.0,450.0,660000.0,660000.0,660000.0,613800000.0,1.0,1.0,,,,,,,,,,,,,,,,,
a9e76ebf3cf2f1c17cdfa0b9442e427c,1399/12/30,1050.0,0.0,450.0,660000.0,660000.0,660000.0,693000000.0,1.0,1.0,,,,,,,,,,,,,,,,,
a9e76ebf3cf2f1c17cdfa0b9442e427c,1400/03/31,128.0,2.0,1050.0,660000.0,660000.0,660000.0,84480000.0,1.0,1.0,,,,,,,,,,,,,,,,,
a9e76ebf3cf2f1c17cdfa0b9442e427c,1400/06/31,271.0,315.0,1050.0,660000.0,660000.0,660000.0,178860000.0,1.0,1.0,,,,,,,,,,,,,,,,,
a9e76ebf3cf2f1c17cdfa0b9442e427c,1400/09/30,1456.0,930.0,1050.0,660000.0,660000.0,660000.0,960960000.0,1.0,1.0,,,,,,,,,,,,,,,,,
a9e76ebf3cf2f1c17cdfa0b9442e427c,1400/12/29,2418.0,0.0,1050.0,660000.0,660000.0,660000.0,1595880000.0,1.0,1.0,,,,,,,,,,,,,,,,,
a9e76ebf3cf2f1c17cdfa0b9442e427c,1401/03/31,234.0,128.0,2418.0,660000.0,660000.0,660000.0,154440000.0,1.0,1.0,,,,,,,,,,,,,,,,,
a9e76ebf3cf2f1c17cdfa0b9442e427c,1401/06/31,333.0,271.0,2418.0,660000.0,660000.0,660000.0,219780000.0,1.0,1.0,,,,,,,,,,,,,,,,,
a9e76ebf3cf2f1c17cdfa0b9442e427c,1401/09/30,838.0,1456.0,2418.0,660000.0,660000.0,660000.0,553080000.0,1.0,1.0,,,,,,,,,,,,,,,,,
a9e76ebf3cf2f1c17cdfa0b9442e427c,1401/12/29,1556.0,0.0,2418.0,660000.0,660000.0,660000.0,1026960000.0,1.0,1.0,,,,,,,,,,,,,,,,,
a9e76ebf3cf2f1c17cdfa0b9442e427c,1402/03/31,2699.0,234.0,1556.0,660000.0,660000.0,660000.0,1781340000.0,1.0,1.0,,,,,,,,,,,,,,,,,
a9e76ebf3cf2f1c17cdfa0b9442e427c,1402/06/31,5969.0,333.0,1556.0,660000.0,660000.0,660000.0,3939540000.0,1.0,1.0,,,,,,,,,,,,,,,,,
a9e76ebf3cf2f1c17cdfa0b9442e427c,1402/09/30,5417.0,838.0,1556.0,660000.0,660000.0,660000.0,3575220000.0,1.0,1.0,,,,,,,,,,,,,,,,,
a9e76ebf3cf2f1c17cdfa0b9442e427c,1402/12/29,6360.0,0.0,1558.0,660000.0,660000.0,660000.0,4197600000.0,1.0,1.0,,,,,,,,,,,,,,,,,
a9e76ebf3cf2f1c17cdfa0b9442e427c,1403/03/31,69.0,2699.0,6105.0,660000.0,660000.0,660000.0,45540000.0,1.0,1.0,,,,,,,,,,,,,,,,,
a9e76ebf3cf2f1c17cdfa0b9442e427c,1403/06/31,1050.0,5672.0,6105.0,660000.0,660000.0,660000.0,693000000.0,1.0,1.0,,,,,,,,,,,,,,,,,
a9e76ebf3cf2f1c17cdfa0b9442e427c,1403/09/30,3924.0,5417.0,6105.0,660000.0,660000.0,660000.0,2589840000.0,1.0,1.0,,,,,,,,,,,,,,,,,
a9e76ebf3cf2f1c17cdfa0b9442e427c,1403/12/30,7123.0,0.0,6105.0,660000.0,660000.0,660000.0,4701180000.0,1.0,1.0,,,,,,,,,,,,,,,,,
a9e76ebf3cf2f1c17cdfa0b9442e427c,1404/03/31,80.0,9.0,1019.0,5000000.0,5000000.0,5000000.0,400000000.0,1.0,1.0,,,,,,,,,,,,,,,,,
a9e76ebf3cf2f1c17cdfa0b9442e427c,1404/06/31,135.0,139.0,1019.0,5000000.0,5000000.0,5000000.0,675000000.0,1.0,1.0,,,,,,,,,,,,,,,,,
a9e76ebf3cf2f1c17cdfa0b9442e427c,1404/09/30,342.0,518.0,1019.0,5000000.0,5000000.0,5000000.0,1710000000.0,1.0,1.0,,,,,,,,,,,,,,,,,
a9e76ebf3cf2f1c17cdfa0b9442e427c,1404/12/29,301.0,1019.0,,5000000.0,5000000.0,,1505000000.0,1567869.0,5257559.0,,,,,,,,,,,,,,,,,
ad2a49a7dc0223ba81462651415c6507,1398/06/31,1528.0,64.0,-420.0,144000.0,144000.0,144000.0,220032000.0,1.0,1.0,,,,,,,,,,,,,,,,,
ad2a49a7dc0223ba81462651415c6507,1398/09/30,2394.0,-407.0,-420.0,144000.0,144000.0,144000.0,344736000.0,1.0,1.0,,,,,,,,,,,,,,,,,
ad2a49a7dc0223ba81462651415c6507,1398/12/29,4365.0,0.0,-420.0,144000.0,144000.0,144000.0,628560000.0,1.0,1.0,,,,,,,,,,,,,,,,,
ad2a49a7dc0223ba81462651415c6507,1399/03/31,2410.0,703.0,4539.0,144000.0,144000.0,144000.0,347040000.0,1.0,1.0,,,,,,,,,,,,,,,,,
ad2a49a7dc0223ba81462651415c6507,1399/06/31,10062.0,1533.0,4539.0,144000.0,144000.0,144000.0,1448928000.0,1.0,1.0,,,,,,,,,,,,,,,,,
ad2a49a7dc0223ba81462651415c6507,1399/09/30,15015.0,2394.0,4539.0,144000.0,144000.0,144000.0,2162160000.0,1.0,1.0,,,,,,,,,,,,,,,,,
ad2a49a7dc0223ba81462651415c6507,1399/12/30,20964.0,0.0,4539.0,144000.0,144000.0,144000.0,3018816000.0,1.0,1.0,,,,,,,,,,,,,,,,,
ad2a49a7dc0223ba81462651415c6507,1400/03/31,6605.0,2410.0,21022.0,144000.0,144000.0,144000.0,951120000.0,1.0,1.0,,,,,,,,,,,,,,,,,
ad2a49a7dc0223ba81462651415c6507,1400/06/31,13583.0,10004.0,21022.0,144000.0,144000.0,144000.0,1955952000.0,1.0,1.0,,,,,,,,,,,,,,,,,
ad2a49a7dc0223ba81462651415c6507,1400/09/30,22573.0,15015.0,21022.0,144000.0,144000.0,144000.0,3250512000.0,1.0,1.0,,,,,,,,,,,,,,,,,
ad2a49a7dc0223ba81462651415c6507,1400/12/29,31131.0,0.0,21022.0,144000.0,144000.0,144000.0,4482864000.0,1.0,1.0,,,,,,,,,,,,,,,,,
ad2a49a7dc0223ba81462651415c6507,1401/03/31,6739.0,6605.0,32589.0,144000.0,144000.0,144000.0,970416000.0,1.0,1.0,,,,,,,,,,,,,,,,,
ad2a49a7dc0223ba81462651415c6507,1401/06/31,795.0,13416.0,32589.0,1584000.0,144000.0,144000.0,1259280000.0,1.0,1.0,,,,,,,,,,,,,,,,,
ad2a49a7dc0223ba81462651415c6507,1401/09/30,1333.0,22573.0,32589.0,1584000.0,144000.0,144000.0,2111472000.0,1.0,1.0,,,,,,,,,,,,,,,,,
ad2a49a7dc0223ba81462651415c6507,1401/12/29,2162.0,0.0,2963.0,1584000.0,144000.0,1584000.0,3424608000.0,1.0,1.0,,,,,,,,,,,,,,,,,
ad2a49a7dc0223ba81462651415c6507,1402/03/31,1228.0,612.0,2163.0,1584000.0,1584000.0,1584000.0,1945152000.0,1.0,1.0,,,,,,,,,,,,,,,,,
ad2a49a7dc0223ba81462651415c6507,1402/06/31,2249.0,815.0,2162.0,1584000.0,1584000.0,1584000.0,3562416000.0,1.0,1.0,,,,,,,,,,,,,,,,,
ad2a49a7dc0223ba81462651415c6507,1402/09/30,1556.0,1333.0,2162.0,3168000.0,1584000.0,1584000.0,4929408000.0,1.0,1.0,,,,,,,,,,,,,,,,,
ad2a49a7dc0223ba81462651415c6507,1402/12/29,2116.0,0.0,1081.0,3168000.0,1584000.0,3168000.0,6703488000.0,1.0,1.0,,,,,,,,,,,,,,,,,
ad2a49a7dc0223ba81462651415c6507,1403/03/31,142.0,614.0,2117.0,3168000.0,3168000.0,3168000.0,449856000.0,1.0,1.0,,,,,,,,,,,,,,,,,
ad2a49a7dc0223ba81462651415c6507,1403/06/31,427.0,1124.0,2117.0,3168000.0,3168000.0,3168000.0,1352736000.0,1.0,1.0,,,,,,,,,,,,,,,,,
ad2a49a7dc0223ba81462651415c6507,1403/09/30,815.0,1556.0,2117.0,3168000.0,3168000.0,3168000.0,2581920000.0,1.0,1.0,,,,,,,,,,,,,,,,,
ad2a49a7dc0223ba81462651415c6507,1403/12/30,1081.0,0.0,2117.0,3168000.0,3168000.0,3168000.0,3424608000.0,1.0,1.0,,,,,,,,,,,,,,,,,
ad2a49a7dc0223ba81462651415c6507,1404/03/31,237.0,142.0,1081.0,3168000.0,3168000.0,3168000.0,750816000.0,1.0,1.0,,,,,,,,,,,,,,,,,
ad2a49a7dc0223ba81462651415c6507,1404/06/31,287.0,415.0,1081.0,3168000.0,3168000.0,3168000.0,909216000.0,1.0,1.0,,,,,,,,,,,,,,,,,
ad2a49a7dc0223ba81462651415c6507,1404/09/30,1020.0,815.0,1081.0,3168000.0,3168000.0,3168000.0,3231360000.0,4359161.0,2992797.0,,,,,,,,,,,,,,,,,
ad2a49a7dc0223ba81462651415c6507,1404/12/29,2348.0,1081.0,,3168000.0,3168000.0,,7438464000.0,8465749.0,5060922.0,,,,,,,,,,,,,,,,,
ad2a49a7dc0223ba81462651415c6507,1405/03/31,526.0,237.0,2284.0,6336000.0,3168000.0,3168000.0,3332736000.0,3965142.0,1150518.0,,,,,,,,,,,,,,,,,
add4a2f41440b06319f3e7d8d553f2e4,1398/09/30,-265.0,72.0,59.0,1000000.0,1000000.0,1000000.0,-265000000.0,1.0,1.0,,,,,,,,,,,,,,,,,
add4a2f41440b06319f3e7d8d553f2e4,1398/12/29,-41.0,0.0,22.0,1000000.0,1000000.0,1000000.0,-41000000.0,1.0,1.0,,,,,,,,,,,,,,,,,
add4a2f41440b06319f3e7d8d553f2e4,1399/03/31,-84.0,18.0,-40.0,1000000.0,1000000.0,1000000.0,-84000000.0,1.0,1.0,,,,,,,,,,,,,,,,,
add4a2f41440b06319f3e7d8d553f2e4,1399/06/31,-85.0,-175.0,-37.0,1000000.0,1000000.0,1000000.0,-85000000.0,1.0,1.0,,,,,,,,,,,,,,,,,
add4a2f41440b06319f3e7d8d553f2e4,1399/09/30,-3.0,-265.0,-37.0,1000000.0,1000000.0,1000000.0,-3000000.0,1.0,1.0,,,,,,,,,,,,,,,,,
add4a2f41440b06319f3e7d8d553f2e4,1399/12/30,-1.0,0.0,-44.0,18126475.0,1000000.0,1000000.0,-18126475.0,1.0,1.0,,,,,,,,,,,,,,,,,
add4a2f41440b06319f3e7d8d553f2e4,1400/03/31,-3.0,-84.0,2.0,18126475.0,1000000.0,1000000.0,-54379425.0,1.0,1.0,,,,,,,,,,,,,,,,,
add4a2f41440b06319f3e7d8d553f2e4,1400/06/31,-15.0,-5.0,0.0,18126475.0,17126475.0,17126475.0,-271897125.0,1.0,1.0,,,,,,,,,,,,,,,,,
add4a2f41440b06319f3e7d8d553f2e4,1400/09/30,-31.0,0.0,0.0,18126475.0,17126475.0,17126475.0,-561920725.0,1.0,1.0,,,,,,,,,,,,,,,,,
add4a2f41440b06319f3e7d8d553f2e4,1400/12/29,-20.0,0.0,-1.0,18126475.0,17126475.0,17126475.0,-362529500.0,1.0,1.0,,,,,,,,,,,,,,,,,
add4a2f41440b06319f3e7d8d553f2e4,1401/03/31,-21.0,-3.0,-20.0,18126475.0,18126475.0,18126475.0,-380655975.0,1.0,1.0,,,,,,,,,,,,,,,,,
add4a2f41440b06319f3e7d8d553f2e4,1401/06/31,-38.0,-15.0,-20.0,18126475.0,18126475.0,18126475.0,-688806050.0,1.0,1.0,,,,,,,,,,,,,,,,,
add4a2f41440b06319f3e7d8d553f2e4,1401/09/30,-33.0,-31.0,-20.0,18126475.0,18126475.0,18126475.0,-598173675.0,1.0,1.0,,,,,,,,,,,,,,,,,
add4a2f41440b06319f3e7d8d553f2e4,1401/12/29,-24.0,0.0,-20.0,18126475.0,18126475.0,18126475.0,-435035400.0,1.0,1.0,,,,,,,,,,,,,,,,,
add4a2f41440b06319f3e7d8d553f2e4,1402/03/31,-14.0,-21.0,-24.0,18126475.0,18126475.0,18126475.0,-253770650.0,1.0,1.0,,,,,,,,,,,,,,,,,
add4a2f41440b06319f3e7d8d553f2e4,1402/06/31,-16.0,-37.0,-24.0,18126475.0,18126475.0,18126475.0,-290023600.0,1.0,1.0,,,,,,,,,,,,,,,,,
add4a2f41440b06319f3e7d8d553f2e4,1402/09/30,-23.0,-33.0,-24.0,18126475.0,18126475.0,18126475.0,-416908925.0,1.0,1.0,,,,,,,,,,,,,,,,,
add4a2f41440b06319f3e7d8d553f2e4,1402/12/29,-17.0,0.0,-24.0,18126475.0,0.0,18126475.0,-308150075.0,1.0,1.0,,,,,,,,,,,,,,,,,
add4a2f41440b06319f3e7d8d553f2e4,1403/03/31,-21.0,-14.0,-17.0,18126475.0,18126475.0,18126475.0,-380655975.0,1.0,1.0,,,,,,,,,,,,,,,,,
add4a2f41440b06319f3e7d8d553f2e4,1403/06/31,2.0,-17.0,-17.0,18126475.0,18126475.0,18126475.0,36252950.0,1.0,1.0,,,,,,,,,,,,,,,,,
add4a2f41440b06319f3e7d8d553f2e4,1403/09/30,15.0,-23.0,-17.0,18126475.0,18126475.0,18126475.0,271897125.0,1.0,1.0,,,,,,,,,,,,,,,,,
add4a2f41440b06319f3e7d8d553f2e4,1403/12/30,23.0,0.0,-19.0,18126475.0,0.0,18126475.0,416908925.0,1.0,1.0,,,,,,,,,,,,,,,,,
add4a2f41440b06319f3e7d8d553f2e4,1404/03/31,7.0,-21.0,24.0,18126475.0,18126475.0,18126475.0,126885325.0,1.0,1.0,,,,,,,,,,,,,,,,,
add4a2f41440b06319f3e7d8d553f2e4,1404/06/31,14.0,2.0,24.0,18126475.0,18126475.0,18126475.0,253770650.0,1.0,1.0,,,,,,,,,,,,,,,,,
add4a2f41440b06319f3e7d8d553f2e4,1404/09/30,20.0,15.0,24.0,18126475.0,18126475.0,18126475.0,362529500.0,1.0,1.0,,,,,,,,,,,,,,,,,
add4a2f41440b06319f3e7d8d553f2e4,1404/12/29,-72.0,28.0,,18126475.0,18126475.0,,-1305106200.0,-828528.0,1032477.0,,,,,,,,,,,,,,,,,
add4a2f41440b06319f3e7d8d553f2e4,1405/03/31,-53.0,7.0,121.0,18126475.0,18126475.0,18126475.0,-960703175.0,-877252.0,286564.0,,6250520.0,5502100.0,,-93218.0,1096.0,,,,,,,,,,,
adf177e179510f1d911eeb2ff2905d2c,1398/06/31,748.0,322.0,910.0,322000.0,322000.0,322000.0,240856000.0,1.0,1.0,,,,,,,,,,,,,,,,,
adf177e179510f1d911eeb2ff2905d2c,1398/09/30,845.0,440.0,904.0,322000.0,322000.0,322000.0,272090000.0,1.0,1.0,,,,,,,,,,,,,,,,,
adf177e179510f1d911eeb2ff2905d2c,1398/12/29,884.0,0.0,904.0,322000.0,322000.0,322000.0,284648000.0,1.0,1.0,,,,,,,,,,,,,,,,,
adf177e179510f1d911eeb2ff2905d2c,1399/03/31,2.0,385.0,884.0,322000.0,322000.0,322000.0,644000.0,1.0,1.0,,,,,,,,,,,,,,,,,
adf177e179510f1d911eeb2ff2905d2c,1399/06/31,408.0,813.0,884.0,322000.0,322000.0,322000.0,131376000.0,1.0,1.0,,,,,,,,,,,,,,,,,
adf177e179510f1d911eeb2ff2905d2c,1399/09/30,2393.0,845.0,884.0,322000.0,322000.0,322000.0,770546000.0,1.0,1.0,,,,,,,,,,,,,,,,,
adf177e179510f1d911eeb2ff2905d2c,1399/12/30,4430.0,0.0,884.0,322000.0,322000.0,322000.0,1426460000.0,1.0,1.0,,,,,,,,,,,,,,,,,
adf177e179510f1d911eeb2ff2905d2c,1400/03/31,1230.0,2.0,4430.0,322000.0,322000.0,322000.0,396060000.0,1.0,1.0,,,,,,,,,,,,,,,,,
adf177e179510f1d911eeb2ff2905d2c,1400/06/31,1488.0,504.0,4430.0,322000.0,322000.0,322000.0,479136000.0,1.0,1.0,,,,,,,,,,,,,,,,,
adf177e179510f1d911eeb2ff2905d2c,1400/09/30,67.0,2393.0,4430.0,11082120.0,322000.0,322000.0,742502040.0,1.0,1.0,,,,,,,,,,,,,,,,,
adf177e179510f1d911eeb2ff2905d2c,1400/12/29,103.0,0.0,129.0,11056220.0,322000.0,11056220.0,1138790660.0,1.0,1.0,,,,,,,,,,,,,,,,,
adf177e179510f1d911eeb2ff2905d2c,1401/03/31,16.0,36.0,99.0,11082120.0,11082120.0,11082120.0,177313920.0,1.0,1.0,,,,,,,,,,,,,,,,,
adf177e179510f1d911eeb2ff2905d2c,1401/06/31,46.0,44.0,99.0,11082120.0,11082120.0,11082120.0,509777520.0,1.0,1.0,,,,,,,,,,,,,,,,,
adf177e179510f1d911eeb2ff2905d2c,1401/09/30,26.0,67.0,99.0,11082120.0,11082120.0,11082120.0,288135120.0,1.0,1.0,,,,,,,,,,,,,,,,,
adf177e179510f1d911eeb2ff2905d2c,1401/12/29,12.0,0.0,99.0,11082120.0,11082120.0,11082120.0,132985440.0,1.0,1.0,,,,,,,,,,,,,,,,,
adf177e179510f1d911eeb2ff2905d2c,1402/03/31,3.0,16.0,12.0,11082120.0,11082120.0,11082120.0,33246360.0,1.0,1.0,,,,,,,,,,,,,,,,,
adf177e179510f1d911eeb2ff2905d2c,1402/06/31,2.0,47.0,12.0,11082120.0,11082120.0,11082120.0,22164240.0,1.0,1.0,,,,,,,,,,,,,,,,,
adf177e179510f1d911eeb2ff2905d2c,1402/09/30,26.0,12.0,0.0,11082120.0,11082120.0,0.0,288135120.0,1.0,1.0,,,,,,,,,,,,,,,,,
adf177e179510f1d911eeb2ff2905d2c,1402/12/29,-16.0,0.0,12.0,11082120.0,11082120.0,11082120.0,-177313920.0,1.0,1.0,,,,,,,,,,,,,,,,,
adf177e179510f1d911eeb2ff2905d2c,1403/03/31,-8.0,3.0,-17.0,11082120.0,11082120.0,11082120.0,-88656960.0,1.0,1.0,,,,,,,,,,,,,,,,,
adf177e179510f1d911eeb2ff2905d2c,1403/06/31,-72.0,7.0,-17.0,11082120.0,11082120.0,11082120.0,-797912640.0,1.0,1.0,,,,,,,,,,,,,,,,,
adf177e179510f1d911eeb2ff2905d2c,1403/09/30,-35.0,0.0,-17.0,11082120.0,11082120.0,11082120.0,-387874200.0,1.0,1.0,,,,,,,,,,,,,,,,,
adf177e179510f1d911eeb2ff2905d2c,1403/12/30,-200.0,0.0,-17.0,11082120.0,11082120.0,11082120.0,-2216424000.0,1.0,1.0,,,,,,,,,,,,,,,,,
adf177e179510f1d911eeb2ff2905d2c,1404/06/31,-27.0,-77.0,-111.0,11082120.0,11082120.0,11082120.0,-299217240.0,1.0,1.0,,,,,,,,,,,,,,,,,
adf177e179510f1d911eeb2ff2905d2c,1404/09/30,2.0,-35.0,-111.0,11082120.0,11082120.0,11082120.0,22164240.0,-1.0,100.0,,,,,,,,,,,,,,,,,
adf177e179510f1d911eeb2ff2905d2c,1404/12/29,-81.0,0.0,-111.0,11082120.0,11082120.0,11082120.0,-897651720.0,-1.0,100.0,,10676906.0,9933797.0,,0.0,155511.0,-900640.0,-1225452.0,,106051.0,-208524.0,,18846739.0,7525568.0,9795213.0,9340944.0,9051526.0
adf177e179510f1d911eeb2ff2905d2c,1405/03/31,39.0,-12.0,-106.0,11082120.0,11082120.0,11082120.0,432202680.0,541469.0,-110094.0,-1336220.0,1817436.0,2470147.0,10676906.0,0.0,4119.0,433538.0,-138277.0,-1179802.0,-52332.0,205745.0,357909.0,20220038.0,8865686.0,8963256.0,8401277.0,11256782.0
ae5db37d89e694987912ff20ca952bcd,1398/03/31,0.0,0.0,0.0,6233212.0,18.0,0.0,0.0,1.0,1.0,,,,,,,,,,,,,,,,,
ae5db37d89e694987912ff20ca952bcd,1398/06/31,1419.0,252.0,1296.0,1200000.0,1200000.0,1200000.0,1702800000.0,1.0,1.0,,,,,,,,,,,,,,,,,
ae5db37d89e694987912ff20ca952bcd,1398/09/30,768.0,936.0,1296.0,3200000.0,1200000.0,1200000.0,2457600000.0,1.0,1.0,,,,,,,,,,,,,,,,,
ae5db37d89e694987912ff20ca952bcd,1398/12/29,0.0,0.0,0.0,0.0,1200000.0,0.0,0.0,1.0,1.0,,,,,,,,,,,,,,,,,
ae5db37d89e694987912ff20ca952bcd,1399/03/31,180.0,699.0,978.0,3200000.0,1200000.0,3200000.0,576000000.0,1.0,1.0,,,,,,,,,,,,,,,,,
ae5db37d89e694987912ff20ca952bcd,1399/06/31,1041.0,1418.0,978.0,3200000.0,1200000.0,3200000.0,3331200000.0,1.0,1.0,,,,,,,,,,,,,,,,,
ae5db37d89e694987912ff20ca952bcd,1399/09/30,1766.0,2049.0,978.0,3200000.0,1200000.0,3200000.0,5651200000.0,1.0,1.0,,,,,,,,,,,,,,,,,
ae5db37d89e694987912ff20ca952bcd,1399/12/30,837.0,0.0,978.0,8200000.0,3200000.0,3200000.0,6863400000.0,1.0,1.0,,,,,,,,,,,,,,,,,
ae5db37d89e694987912ff20ca952bcd,1400/03/31,122.0,70.0,873.0,8200000.0,8200000.0,8200000.0,1000400000.0,1.0,1.0,,,,,,,,,,,,,,,,,
ae5db37d89e694987912ff20ca952bcd,1400/06/31,204.0,390.0,873.0,8200000.0,8200000.0,8200000.0,1672800000.0,1.0,1.0,,,,,,,,,,,,,,,,,
ae5db37d89e694987912ff20ca952bcd,1400/09/30,319.0,689.0,873.0,8200000.0,8200000.0,8200000.0,2615800000.0,1.0,1.0,,,,,,,,,,,,,,,,,
ae5db37d89e694987912ff20ca952bcd,1400/12/29,362.0,0.0,873.0,8200000.0,8200000.0,8200000.0,2968400000.0,1.0,1.0,,,,,,,,,,,,,,,,,
ae5db37d89e694987912ff20ca952bcd,1401/03/31,81.0,122.0,364.0,8200000.0,8200000.0,8200000.0,664200000.0,1.0,1.0,,,,,,,,,,,,,,,,,
ae5db37d89e694987912ff20ca952bcd,1401/09/30,0.0,0.0,0.0,8200000.0,8200000.0,73.0,0.0,1.0,1.0,,,,,,,,,,,,,,,,,
ae5db37d89e694987912ff20ca952bcd,1401/12/29,435.0,0.0,364.0,14200000.0,8200000.0,8200000.0,6177000000.0,1.0,1.0,,,,,,,,,,,,,,,,,
ae5db37d89e694987912ff20ca952bcd,1402/03/31,108.0,47.0,433.0,14200000.0,14200000.0,14200000.0,1533600000.0,1.0,1.0,,,,,,,,,,,,,,,,,
ae5db37d89e694987912ff20ca952bcd,1402/06/31,289.0,245.0,433.0,14200000.0,8200000.0,14200000.0,4103800000.0,1.0,1.0,,,,,,,,,,,,,,,,,
ae5db37d89e694987912ff20ca952bcd,1402/09/30,417.0,246.0,433.0,14200000.0,14200000.0,14200000.0,5921400000.0,1.0,1.0,,,,,,,,,,,,,,,,,
ae5db37d89e694987912ff20ca952bcd,1402/12/29,381.0,0.0,433.0,18800000.0,14200000.0,14200000.0,7162800000.0,1.0,1.0,,,,,,,,,,,,,,,,,
ae5db37d89e694987912ff20ca952bcd,1403/03/31,67.0,108.0,373.0,18800000.0,14200000.0,18800000.0,1259600000.0,1.0,1.0,,,,,,,,,,,,,,,,,
ae5db37d89e694987912ff20ca952bcd,1403/06/31,40.0,55.0,55.0,18800000.0,18800000.0,18800000.0,752000000.0,1.0,1.0,,,,,,,,,,,,,,,,,
ae5db37d89e694987912ff20ca952bcd,1403/09/30,114.0,55.0,55.0,23400000.0,18800000.0,18800000.0,2667600000.0,1.0,1.0,,,,,,,,,,,,,,,,,
ae5db37d89e694987912ff20ca952bcd,1403/12/30,179.0,55.0,55.0,23400000.0,18800000.0,18800000.0,4188600000.0,1.0,1.0,,,,,,,,,,,,,,,,,
ae5db37d89e694987912ff20ca952bcd,1404/03/31,259.0,0.0,55.0,23400000.0,18800000.0,18800000.0,6060600000.0,1.0,1.0,,,,,,,,,,,,,,,,,
ae5db37d89e694987912ff20ca952bcd,1404/06/31,15.0,7.0,267.0,23400000.0,18800000.0,23400000.0,351000000.0,1.0,1.0,,,,,,,,,,,,,,,,,
ae5db37d89e694987912ff20ca952bcd,1404/09/30,266.0,116.0,259.0,23400000.0,23400000.0,23400000.0,6224400000.0,1.0,1.0,,,,,,,,,,,,,,,,,
ae5db37d89e694987912ff20ca952bcd,1404/12/29,480.0,179.0,259.0,23400000.0,23400000.0,23400000.0,11232000000.0,23735151.0,11733301.0,16772016.0,91551802.0,67511069.0,92680410.0,-10509220.0,1636049.0,11235394.0,4189954.0,6052915.0,-8046824.0,-2303549.0,-15077670.0,156230206.0,134187391.0,102247013.0,87920492.0,53983193.0
b1cd84e33ebd60a436db5a07c0afd700,1398/06/31,851.0,0.0,734.0,6000000.0,0.0,6000000.0,5106000000.0,12.776654915785352,100.0,,,,,,,,,,,,,,,,,
b1cd84e33ebd60a436db5a07c0afd700,1398/09/30,1082.0,0.0,1244.0,6000000.0,0.0,6000000.0,6492000000.0,14.394423906346272,100.0,,,,,,,,,,,,,,,,,
b1cd84e33ebd60a436db5a07c0afd700,1398/12/29,1608.0,0.0,0.0,6000000.0,0.0,1050000.0,9648000000.0,17.213619402985074,100.0,,,,,,,,,,,,,,,,,
b1cd84e33ebd60a436db5a07c0afd700,1399/03/31,305.0,0.0,550.0,6000000.0,0.0,6000000.0,1830000000.0,16.087704918032784,100.0,,,,,,,,,,,,,,,,,
b1cd84e33ebd60a436db5a07c0afd700,1399/06/31,1035.0,0.0,854.0,6000000.0,0.0,6000000.0,6210000000.0,20.644347826086957,100.0,,,,,,,,,,,,,,,,,
b1cd84e33ebd60a436db5a07c0afd700,1399/09/30,1952.0,0.0,1082.0,6000000.0,0.0,6000000.0,11712000000.0,10.528295765027321,100.0,,,,,,,,,,,,,,,,,
b1cd84e33ebd60a436db5a07c0afd700,1399/12/30,1800.0,0.0,0.0,9500000.0,0.0,6000000.0,17100000000.0,7.925502923976609,100.0,,,,,,,,,,,,,,,,,
b1cd84e33ebd60a436db5a07c0afd700,1400/03/31,757.0,0.0,193.0,9500000.0,0.0,9500000.0,7191500000.0,2.2273100187721617,100.0,,,,,,,,,,,,,,,,,
b1cd84e33ebd60a436db5a07c0afd700,1400/06/31,334.0,0.0,108.0,56000000.0,0.0,56000000.0,18704000000.0,16.280335757057312,100.0,,,,,,,,,,,,,,,,,
b1cd84e33ebd60a436db5a07c0afd700,1400/09/30,449.0,0.0,205.0,56000000.0,0.0,56000000.0,25144000000.0,14.866174832962137,100.0,,,,,,,,,,,,,,,,,
b1cd84e33ebd60a436db5a07c0afd700,1400/12/29,603.0,0.0,0.0,56000000.0,0.0,56000000.0,33768000000.0,12.952235844586589,100.0,,,,,,,,,,,,,,,,,
b1cd84e33ebd60a436db5a07c0afd700,1401/03/31,164.0,0.0,128.0,56000000.0,0.0,56000000.0,9184000000.0,4.3860844947735185,100.0,,,,,,,,,,,,,,,,,
b1cd84e33ebd60a436db5a07c0afd700,1401/06/31,340.0,0.0,338.0,56000000.0,0.0,56000000.0,19040000000.0,21.44016806722689,100.0,,,,,,,,,,,,,,,,,
b1cd84e33ebd60a436db5a07c0afd700,1401/09/30,469.0,0.0,449.0,56000000.0,0.0,56000000.0,26264000000.0,19.326564879683218,100.0,,,,,,,,,,,,,,,,,
b1cd84e33ebd60a436db5a07c0afd700,1401/12/29,735.0,0.0,0.0,55929133.0,0.0,56000000.0,41107912755.0,13.528976849654208,100.0,,,,,,,,,,,,,,,,,
b1cd84e33ebd60a436db5a07c0afd700,1402/03/31,179.0,0.0,164.0,55929133.0,0.0,56000000.0,10011314807.0,-3.0903133700648193,100.0,,,,,,,,,,,,,,,,,
b1cd84e33ebd60a436db5a07c0afd700,1402/06/31,450.0,0.0,342.0,55850087.0,0.0,56000000.0,25132539150.0,22.368734676774594,100.0,,,,,,,,,,,,,,,,,
b1cd84e33ebd60a436db5a07c0afd700,1402/09/30,534.0,0.0,469.0,55889610.0,0.0,56000000.0,29845051740.0,18.913925997435715,100.0,,,,,,,,,,,,,,,,,
b1cd84e33ebd60a436db5a07c0afd700,1402/12/29,717.0,0.0,0.0,55866333.0,0.0,56000000.0,40056160761.0,17.570043824200738,100.0,,,,,,,,,,,,,,,,,
b1cd84e33ebd60a436db5a07c0afd700,1403/03/31,172.0,0.0,179.0,55866333.0,0.0,55929133.0,9609009276.0,0.5851695880910501,100.0,,,,,,,,,,,,,,,,,
b1cd84e33ebd60a436db5a07c0afd700,1403/06/31,481.0,0.0,446.0,55770135.0,0.0,55889610.0,26825434935.0,33.80937540053347,100.0,,,,,,,,,,,,,,,,,
b1cd84e33ebd60a436db5a07c0afd700,1403/09/30,714.0,0.0,534.0,55770135.0,0.0,55889610.0,39819876390.0,30.289014164365664,100.0,,,,,,,,,,,,,,,,,
b1cd84e33ebd60a436db5a07c0afd700,1403/12/30,1034.0,0.0,0.0,55789811.0,0.0,56000000.0,57686664574.0,19.493917845734522,100.0,,,,,,,,,,,,,,,,,
b1cd84e33ebd60a436db5a07c0afd700,1404/03/31,85.0,0.0,171.0,56000000.0,0.0,56000000.0,4760000000.0,37.59840336134454,100.0,,,,,,,,,,,,,,,,,
b1cd84e33ebd60a436db5a07c0afd700,1404/06/31,509.0,0.0,479.0,56000000.0,0.0,56000000.0,28504000000.0,52.169078024136965,100.0,,,,,,,,,,,,,,,,,
b1cd84e33ebd60a436db5a07c0afd700,1404/09/30,1179.0,0.0,711.0,56000000.0,0.0,56000000.0,66024000000.0,41.444592875318065,100.0,,,,,,,,,,,,,,,,,
b1cd84e33ebd60a436db5a07c0afd700,1404/12/29,2980.0,0.0,1008.0,56000000.0,56000000.0,56000000.0,166880000000.0,-1.0,100.0,,,,,,,,,,,,,,,,,
b1cd84e33ebd60a436db5a07c0afd700,1405/03/31,764.0,85.0,3026.0,56000000.0,56000000.0,56000000.0,42784000000.0,59578888.0,5225704.0,187532277.0,171281913.0,53923844.0,386334287.0,-351902.0,230363.0,42759278.0,4784379.0,169445432.0,77277481.0,-7522709.0,63932303.0,514217033.0,387005202.0,214940801.0,203420800.0,299276232.0
b3cd7f653dc0d5fd0e3a6dca3ddedf1b,1398/06/31,1798.0,671.0,1542.0,388000.0,388000.0,388000.0,697624000.0,1.0,1.0,,,,,,,,,,,,,,,,,
b3cd7f653dc0d5fd0e3a6dca3ddedf1b,1398/09/30,2777.0,1212.0,1542.0,388000.0,388000.0,388000.0,1077476000.0,1.0,1.0,,,,,,,,,,,,,,,,,
b3cd7f653dc0d5fd0e3a6dca3ddedf1b,1398/12/29,3440.0,0.0,1542.0,388000.0,388000.0,388000.0,1334720000.0,1.0,1.0,,,,,,,,,,,,,,,,,
b3cd7f653dc0d5fd0e3a6dca3ddedf1b,1399/03/31,746.0,624.0,3440.0,600000.0,388000.0,388000.0,447600000.0,1.0,1.0,,,,,,,,,,,,,,,,,
b3cd7f653dc0d5fd0e3a6dca3ddedf1b,1399/06/31,1913.0,1711.0,3440.0,600000.0,388000.0,388000.0,1147800000.0,1.0,1.0,,,,,,,,,,,,,,,,,
b3cd7f653dc0d5fd0e3a6dca3ddedf1b,1399/09/30,2726.0,2777.0,3440.0,600000.0,388000.0,388000.0,1635600000.0,1.0,1.0,,,,,,,,,,,,,,,,,
b3cd7f653dc0d5fd0e3a6dca3ddedf1b,1399/12/30,3754.0,0.0,3440.0,600000.0,388000.0,388000.0,2252400000.0,1.0,1.0,,,,,,,,,,,,,,,,,
b3cd7f653dc0d5fd0e3a6dca3ddedf1b,1400/03/31,1115.0,746.0,3754.0,600000.0,600000.0,600000.0,669000000.0,1.0,1.0,,,,,,,,,,,,,,,,,
b3cd7f653dc0d5fd0e3a6dca3ddedf1b,1400/06/31,2292.0,1913.0,3754.0,600000.0,600000.0,600000.0,1375200000.0,1.0,1.0,,,,,,,,,,,,,,,,,
b3cd7f653dc0d5fd0e3a6dca3ddedf1b,1400/09/30,3927.0,2726.0,3754.0,600000.0,600000.0,600000.0,2356200000.0,1.0,1.0,,,,,,,,,,,,,,,,,
b3cd7f653dc0d5fd0e3a6dca3ddedf1b,1400/12/29,3721.0,0.0,3754.0,900000.0,600000.0,600000.0,3348900000.0,1.0,1.0,,,,,,,,,,,,,,,,,
b3cd7f653dc0d5fd0e3a6dca3ddedf1b,1401/03/31,907.0,743.0,3721.0,900000.0,900000.0,900000.0,816300000.0,1.0,1.0,,,,,,,,,,,,,,,,,
b3cd7f653dc0d5fd0e3a6dca3ddedf1b,1401/06/31,2696.0,2290.0,3721.0,900000.0,600000.0,900000.0,2426400000.0,1.0,1.0,,,,,,,,,,,,,,,,,
b3cd7f653dc0d5fd0e3a6dca3ddedf1b,1401/09/30,1842.0,2618.0,3721.0,1792503.0,900000.0,900000.0,3301790526.0,1.0,1.0,,,,,,,,,,,,,,,,,
b3cd7f653dc0d5fd0e3a6dca3ddedf1b,1401/12/29,5345.0,0.0,3721.0,900000.0,900000.0,900000.0,4810500000.0,1.0,1.0,,,,,,,,,,,,,,,,,
b3cd7f653dc0d5fd0e3a6dca3ddedf1b,1402/03/31,575.0,456.0,2621.0,1800000.0,1800000.0,1800000.0,1035000000.0,1.0,1.0,,,,,,,,,,,,,,,,,
b3cd7f653dc0d5fd0e3a6dca3ddedf1b,1402/06/31,492.0,1308.0,2621.0,1800000.0,1800000.0,1800000.0,885600000.0,1.0,1.0,,,,,,,,,,,,,,,,,
b3cd7f653dc0d5fd0e3a6dca3ddedf1b,1402/09/30,1130.0,1835.0,2621.0,1800000.0,1800000.0,1800000.0,2034000000.0,1.0,1.0,,,,,,,,,,,,,,,,,
b3cd7f653dc0d5fd0e3a6dca3ddedf1b,1402/12/29,1030.0,0.0,2621.0,1800000.0,1800000.0,1800000.0,1854000000.0,1.0,1.0,,,,,,,,,,,,,,,,,
b3cd7f653dc0d5fd0e3a6dca3ddedf1b,1403/03/31,789.0,576.0,1030.0,1800000.0,1800000.0,1800000.0,1420200000.0,1.0,1.0,,,,,,,,,,,,,,,,,
b3cd7f653dc0d5fd0e3a6dca3ddedf1b,1403/06/31,1026.0,492.0,1030.0,1800000.0,1800000.0,1800000.0,1846800000.0,1.0,1.0,,,,,,,,,,,,,,,,,
b3cd7f653dc0d5fd0e3a6dca3ddedf1b,1403/09/30,1837.0,1746.0,1030.0,1800000.0,1800000.0,1800000.0,3306600000.0,1.0,1.0,,,,,,,,,,,,,,,,,
b3cd7f653dc0d5fd0e3a6dca3ddedf1b,1403/12/30,1225.0,0.0,1030.0,1800000.0,1800000.0,1800000.0,2205000000.0,1.0,1.0,,,,,,,,,,,,,,,,,
b3cd7f653dc0d5fd0e3a6dca3ddedf1b,1404/03/31,1289.0,793.0,1225.0,1800000.0,1800000.0,1800000.0,2320200000.0,1.0,1.0,,,,,,,,,,,,,,,,,
b3cd7f653dc0d5fd0e3a6dca3ddedf1b,1404/06/31,3071.0,981.0,1225.0,1800000.0,1800000.0,1800000.0,5527800000.0,1.0,1.0,,,,,,,,,,,,,,,,,
b3cd7f653dc0d5fd0e3a6dca3ddedf1b,1404/09/30,4834.0,1670.0,1225.0,1800000.0,1800000.0,1800000.0,8701200000.0,1.0,1.0,,,,,,,,,,,,,,,,,
b3cd7f653dc0d5fd0e3a6dca3ddedf1b,1404/12/29,6298.0,0.0,1225.0,1800000.0,1800000.0,1800000.0,11336400000.0,7318.0,-982.0,,,,,,,,,,,,,,,,,
b3cd7f653dc0d5fd0e3a6dca3ddedf1b,1405/03/31,1444.0,1289.0,6118.0,1800000.0,1800000.0,1800000.0,2599200000.0,3845885.0,3860009.0,,,,,-504393.0,10136.0,,,,,,,,,,,
b4d2079975271890006b2f38412d761d,1398/09/30,-146.0,392.0,230.0,182250.0,182250.0,182250.0,-26608500.0,1.0,1.0,,,,,,,,,,,,,,,,,
b4d2079975271890006b2f38412d761d,1398/12/29,358.0,0.0,106.0,182250.0,182250.0,182250.0,65245500.0,1.0,1.0,,,,,,,,,,,,,,,,,
b4d2079975271890006b2f38412d761d,1399/03/31,-10.0,357.0,534.0,2365836.0,182250.0,182250.0,-23658360.0,1.0,1.0,,,,,,,,,,,,,,,,,
b4d2079975271890006b2f38412d761d,1399/06/31,-12.0,11.0,41.0,2365836.0,2365836.0,2365836.0,-28390032.0,1.0,1.0,,,,,,,,,,,,,,,,,
b4d2079975271890006b2f38412d761d,1399/09/30,4.0,-12.0,41.0,2365836.0,2365836.0,2365836.0,9463344.0,1.0,1.0,,,,,,,,,,,,,,,,,
b4d2079975271890006b2f38412d761d,1399/12/30,67.0,0.0,26.0,2365836.0,2365836.0,2365836.0,158511012.0,1.0,1.0,,,,,,,,,,,,,,,,,
b4d2079975271890006b2f38412d761d,1400/03/31,20.0,-10.0,64.0,2365836.0,2365836.0,2365836.0,47316720.0,1.0,1.0,,,,,,,,,,,,,,,,,
b4d2079975271890006b2f38412d761d,1400/06/31,34.0,-31.0,64.0,2365836.0,2365836.0,2365836.0,80438424.0,1.0,1.0,,,,,,,,,,,,,,,,,
b4d2079975271890006b2f38412d761d,1400/09/30,45.0,4.0,64.0,2365836.0,2365836.0,2365836.0,106462620.0,1.0,1.0,,,,,,,,,,,,,,,,,
b4d2079975271890006b2f38412d761d,1400/12/29,87.0,0.0,67.0,2365836.0,2365836.0,2365836.0,205827732.0,1.0,1.0,,,,,,,,,,,,,,,,,
b4d2079975271890006b2f38412d761d,1401/03/31,19.0,20.0,124.0,2365836.0,2365836.0,2365836.0,44950884.0,1.0,1.0,,,,,,,,,,,,,,,,,
b4d2079975271890006b2f38412d761d,1401/06/31,36.0,34.0,124.0,2365836.0,2365836.0,2365836.0,85170096.0,1.0,1.0,,,,,,,,,,,,,,,,,
b4d2079975271890006b2f38412d761d,1401/09/30,65.0,45.0,124.0,2365836.0,2365836.0,2365836.0,153779340.0,1.0,1.0,,,,,,,,,,,,,,,,,
b4d2079975271890006b2f38412d761d,1401/12/29,119.0,0.0,93.0,2365836.0,2365836.0,2365836.0,281534484.0,1.0,1.0,,,,,,,,,,,,,,,,,
b4d2079975271890006b2f38412d761d,1402/03/31,12.0,19.0,98.0,2365836.0,2365836.0,2365836.0,28390032.0,1.0,1.0,,,,,,,,,,,,,,,,,
b4d2079975271890006b2f38412d761d,1402/06/31,-5.0,36.0,98.0,2365836.0,2365836.0,2365836.0,-11829180.0,1.0,1.0,,,,,,,,,,,,,,,,,
b4d2079975271890006b2f38412d761d,1402/09/30,2.0,65.0,98.0,2365836.0,2365836.0,2365836.0,4731672.0,1.0,1.0,,,,,,,,,,,,,,,,,
b4d2079975271890006b2f38412d761d,1402/12/29,-10.0,0.0,112.0,2957295.0,2365836.0,2365836.0,-29572950.0,1.0,1.0,,,,,,,,,,,,,,,,,
b4d2079975271890006b2f38412d761d,1403/03/31,-10.0,9.0,1.0,2957295.0,2957295.0,2957295.0,-29572950.0,1.0,1.0,,,,,,,,,,,,,,,,,
b4d2079975271890006b2f38412d761d,1403/06/31,-6.0,-4.0,1.0,2957295.0,2957295.0,2957295.0,-17743770.0,1.0,1.0,,,,,,,,,,,,,,,,,
b4d2079975271890006b2f38412d761d,1403/09/30,22.0,2.0,1.0,2957295.0,2957295.0,2957295.0,65060490.0,1.0,1.0,,,,,,,,,,,,,,,,,
b4d2079975271890006b2f38412d761d,1403/12/30,109.0,0.0,-8.0,2957295.0,2957295.0,2957295.0,322345155.0,1.0,1.0,,,,,,,,,,,,,,,,,
b4d2079975271890006b2f38412d761d,1404/03/31,62.0,-10.0,91.0,2957295.0,2957295.0,2957295.0,183352290.0,1.0,1.0,,,,,,,,,,,,,,,,,
b4d2079975271890006b2f38412d761d,1404/06/31,114.0,-7.0,91.0,2957295.0,2957295.0,2957295.0,337131630.0,1.0,1.0,,,,,,,,,,,,,,,,,
b4d2079975271890006b2f38412d761d,1404/09/30,458.0,-294.0,106.0,182250.0,182250.0,182250.0,721579980.0,1.0,1.0,,,,,,,,,,,,,,,,,
b4d2079975271890006b2f38412d761d,1404/12/29,421.0,0.0,104.0,2957295.0,2957295.0,2957295.0,1245021195.0,416.0,5.0,,,,,,,,,,,,,,,,,
b4d2079975271890006b2f38412d761d,1405/03/31,111.0,62.0,427.0,2957295.0,2957295.0,2957295.0,328259745.0,385418.0,216530.0,1477868.0,1891568.0,1037711.0,6798141.0,-11412.0,30844.0,327111.0,183623.0,1264097.0,789225.0,82714.0,677412.0,7364797.0,4856168.0,2390124.0,2371579.0,4974673.0
b694bdef08321e4aa9a9324af55183a3,1398/09/30,973.0,1806.0,2111.0,800000.0,400000.0,400000.0,778400000.0,1.0,1.0,,,,,,,,,,,,,,,,,
b694bdef08321e4aa9a9324af55183a3,1398/12/29,1273.0,0.0,2113.0,800000.0,400000.0,400000.0,1018400000.0,1.0,1.0,,,,,,,,,,,,,,,,,
b694bdef08321e4aa9a9324af55183a3,1399/03/31,276.0,302.0,1254.0,800000.0,800000.0,800000.0,220800000.0,1.0,1.0,,,,,,,,,,,,,,,,,
b694bdef08321e4aa9a9324af55183a3,1399/06/31,585.0,642.0,1273.0,800000.0,800000.0,800000.0,468000000.0,1.0,1.0,,,,,,,,,,,,,,,,,
b694bdef08321e4aa9a9324af55183a3,1399/09/30,987.0,973.0,1254.0,800000.0,800000.0,800000.0,789600000.0,1.0,1.0,,,,,,,,,,,,,,,,,
b694bdef08321e4aa9a9324af55183a3,1399/12/30,1449.0,0.0,1273.0,800000.0,800000.0,800000.0,1159200000.0,1.0,1.0,,,,,,,,,,,,,,,,,
b694bdef08321e4aa9a9324af55183a3,1400/03/31,1110.0,585.0,1449.0,800000.0,800000.0,800000.0,888000000.0,1.0,1.0,,,,,,,,,,,,,,,,,
b694bdef08321e4aa9a9324af55183a3,1400/06/31,1110.0,585.0,1449.0,800000.0,800000.0,800000.0,888000000.0,1.0,1.0,,,,,,,,,,,,,,,,,
b694bdef08321e4aa9a9324af55183a3,1400/09/30,1847.0,987.0,1466.0,800000.0,800000.0,800000.0,1477600000.0,1.0,1.0,,,,,,,,,,,,,,,,,
b694bdef08321e4aa9a9324af55183a3,1400/12/29,3066.0,0.0,1466.0,800000.0,800000.0,800000.0,2452800000.0,1.0,1.0,,,,,,,,,,,,,,,,,
b694bdef08321e4aa9a9324af55183a3,1401/03/31,367.0,384.0,3067.0,800000.0,800000.0,800000.0,293600000.0,1.0,1.0,,,,,,,,,,,,,,,,,
b694bdef08321e4aa9a9324af55183a3,1401/06/31,1107.0,1110.0,3065.0,800000.0,800000.0,800000.0,885600000.0,1.0,1.0,,,,,,,,,,,,,,,,,
b694bdef08321e4aa9a9324af55183a3,1401/09/30,2724.0,1847.0,3067.0,800000.0,800000.0,800000.0,2179200000.0,1.0,1.0,,,,,,,,,,,,,,,,,
b694bdef08321e4aa9a9324af55183a3,1401/12/29,1761.0,0.0,3065.0,2400000.0,800000.0,800000.0,4226400000.0,1.0,1.0,,,,,,,,,,,,,,,,,
b694bdef08321e4aa9a9324af55183a3,1402/03/31,474.0,359.0,1761.0,2400000.0,800000.0,2400000.0,1137600000.0,1.0,1.0,,,,,,,,,,,,,,,,,
b694bdef08321e4aa9a9324af55183a3,1402/06/31,1137.0,391.0,1761.0,2400000.0,2400000.0,2400000.0,2728800000.0,1.0,1.0,,,,,,,,,,,,,,,,,
b694bdef08321e4aa9a9324af55183a3,1402/09/30,1848.0,909.0,1762.0,2400000.0,2400000.0,2400000.0,4435200000.0,1.0,1.0,,,,,,,,,,,,,,,,,
b694bdef08321e4aa9a9324af55183a3,1402/12/29,2347.0,0.0,1761.0,2400000.0,2400000.0,2400000.0,5632800000.0,1.0,1.0,,,,,,,,,,,,,,,,,
b694bdef08321e4aa9a9324af55183a3,1403/03/31,515.0,474.0,2349.0,2400000.0,2400000.0,2400000.0,1236000000.0,1.0,1.0,,,,,,,,,,,,,,,,,
b694bdef08321e4aa9a9324af55183a3,1403/06/31,1463.0,1152.0,2347.0,2400000.0,2400000.0,2400000.0,3511200000.0,1.0,1.0,,,,,,,,,,,,,,,,,
b694bdef08321e4aa9a9324af55183a3,1403/09/30,2034.0,1849.0,2349.0,2400000.0,2400000.0,2400000.0,4881600000.0,1.0,1.0,,,,,,,,,,,,,,,,,
b694bdef08321e4aa9a9324af55183a3,1403/12/30,4015.0,0.0,2347.0,2400000.0,2400000.0,2400000.0,9636000000.0,1.0,1.0,,,,,,,,,,,,,,,,,
b694bdef08321e4aa9a9324af55183a3,1404/03/31,1638.0,515.0,4017.0,2400000.0,2400000.0,2400000.0,3931200000.0,1.0,1.0,,,,,,,,,,,,,,,,,
b694bdef08321e4aa9a9324af55183a3,1404/06/31,3664.0,1463.0,4015.0,2400000.0,2400000.0,2400000.0,8793600000.0,1.0,1.0,,,,,,,,,,,,,,,,,
b694bdef08321e4aa9a9324af55183a3,1404/09/30,5997.0,0.0,2034.0,2400000.0,0.0,2400000.0,14392800000.0,5.021434328275249,100.0,,,,,,,,,,,,,,,,,
b694bdef08321e4aa9a9324af55183a3,1404/12/29,8041.0,0.0,4015.0,2400000.0,2400000.0,2400000.0,19298400000.0,8099.0,-55.0,,,,,,,,,,,,,,,,,
b694bdef08321e4aa9a9324af55183a3,1405/03/31,2881.0,1638.0,8046.0,2400000.0,2400000.0,2400000.0,6914400000.0,9013021.0,5167423.0,23022554.0,15071172.0,8921906.0,42214989.0,-255270.0,163271.0,6913793.0,3932289.0,19311307.0,2640200.0,2805146.0,11706336.0,53025026.0,48076355.0,30647679.0,27818635.0,22377347.0
b752d7f753da4d90eb35269ac20f29b9,1398/12/29,789.0,0.0,380.0,1215000.0,202500.0,202500.0,958635000.0,1.0,1.0,,,,,,,,,,,,,,,,,
b752d7f753da4d90eb35269ac20f29b9,1399/03/31,24.0,819.0,800.0,1215000.0,1215000.0,1215000.0,29160000.0,1.0,1.0,,,,,,,,,,,,,,,,,
b752d7f753da4d90eb35269ac20f29b9,1399/06/31,21.0,819.0,800.0,1215000.0,1215000.0,1215000.0,25515000.0,1.0,1.0,,,,,,,,,,,,,,,,,
b752d7f753da4d90eb35269ac20f29b9,1399/09/30,31.0,804.0,800.0,1215000.0,1215000.0,1215000.0,37665000.0,1.0,1.0,,,,,,,,,,,,,,,,,
b752d7f753da4d90eb35269ac20f29b9,1399/12/30,118.0,0.0,800.0,1215000.0,1215000.0,1215000.0,143370000.0,1.0,1.0,,,,,,,,,,,,,,,,,
b752d7f753da4d90eb35269ac20f29b9,1400/03/31,34.0,24.0,109.0,1215000.0,1215000.0,1215000.0,41310000.0,1.0,1.0,,,,,,,,,,,,,,,,,
b752d7f753da4d90eb35269ac20f29b9,1400/06/31,448.0,21.0,109.0,1215000.0,1215000.0,1215000.0,544320000.0,1.0,1.0,,,,,,,,,,,,,,,,,
b752d7f753da4d90eb35269ac20f29b9,1400/09/30,1353.0,31.0,109.0,1215000.0,1215000.0,1215000.0,1643895000.0,1.0,1.0,,,,,,,,,,,,,,,,,
b752d7f753da4d90eb35269ac20f29b9,1400/12/29,1247.0,0.0,109.0,1215000.0,1215000.0,1215000.0,1515105000.0,1.0,1.0,,,,,,,,,,,,,,,,,
b752d7f753da4d90eb35269ac20f29b9,1401/03/31,-22.0,34.0,1240.0,1215000.0,1215000.0,1215000.0,-26730000.0,1.0,1.0,,,,,,,,,,,,,,,,,
b752d7f753da4d90eb35269ac20f29b9,1401/06/31,1951.0,434.0,1240.0,1215000.0,1215000.0,1215000.0,2370465000.0,1.0,1.0,,,,,,,,,,,,,,,,,
b752d7f753da4d90eb35269ac20f29b9,1401/12/29,2170.0,0.0,1240.0,1215000.0,1215000.0,1215000.0,2636550000.0,1.0,1.0,,,,,,,,,,,,,,,,,
b752d7f753da4d90eb35269ac20f29b9,1402/03/31,65.0,-22.0,2145.0,1215000.0,1215000.0,1215000.0,78975000.0,1.0,1.0,,,,,,,,,,,,,,,,,
b752d7f753da4d90eb35269ac20f29b9,1402/06/31,2284.0,1951.0,2145.0,1215000.0,1215000.0,1215000.0,2775060000.0,1.0,1.0,,,,,,,,,,,,,,,,,
b752d7f753da4d90eb35269ac20f29b9,1402/09/30,3082.0,2043.0,2145.0,1215000.0,1215000.0,1215000.0,3744630000.0,1.0,1.0,,,,,,,,,,,,,,,,,
b752d7f753da4d90eb35269ac20f29b9,1402/12/29,3720.0,0.0,2145.0,1215000.0,1215000.0,1215000.0,4519800000.0,1.0,1.0,,,,,,,,,,,,,,,,,
b752d7f753da4d90eb35269ac20f29b9,1403/03/31,65.0,3697.0,0.0,1215000.0,1215000.0,0.0,78975000.0,1.0,1.0,,,,,,,,,,,,,,,,,
b752d7f753da4d90eb35269ac20f29b9,1403/06/31,329.0,2258.0,3697.0,1215000.0,1215000.0,1215000.0,399735000.0,1.0,1.0,,,,,,,,,,,,,,,,,
b752d7f753da4d90eb35269ac20f29b9,1403/09/30,265.0,3082.0,3697.0,1215000.0,1215000.0,1215000.0,321975000.0,1.0,1.0,,,,,,,,,,,,,,,,,
b752d7f753da4d90eb35269ac20f29b9,1403/12/30,2165.0,0.0,3697.0,1215000.0,1215000.0,1215000.0,2630475000.0,-1.0,100.0,,,,,,,,,,,,,,,,,
b752d7f753da4d90eb35269ac20f29b9,1404/03/31,-99.0,0.0,1789.0,1215000.0,1215000.0,1215000.0,-120285000.0,1.0,1.0,,,,,,,,,,,,,,,,,
b752d7f753da4d90eb35269ac20f29b9,1404/06/31,851.0,329.0,1789.0,1215000.0,1215000.0,1215000.0,1033965000.0,1.0,1.0,,,,,,,,,,,,,,,,,
b752d7f753da4d90eb35269ac20f29b9,1404/09/30,0.0,0.0,0.0,0.0,0.0,0.0,0.0,1.0,1.0,,,,,,,,,,,,,,,,,
b752d7f753da4d90eb35269ac20f29b9,1404/12/29,1694.0,0.0,1789.0,1215000.0,1215000.0,1215000.0,2058210000.0,-1.0,100.0,,,,,,,,,,,,,,,,,
b752d7f753da4d90eb35269ac20f29b9,1405/03/31,594.0,-99.0,1583.0,1215000.0,1215000.0,1215000.0,721710000.0,902122.0,-120112.0,,,,,,,,,,,,,,,,,
b88121029d7e973410b008320f8fe378,1399/06/31,583.0,193.0,398.0,2925089.0,2925089.0,2925089.0,1705326887.0,1.0,1.0,1075503.0,16579025.0,12540946.0,26917164.0,0.0,1174876.0,1705410.0,565957.0,1163827.0,-1017871.0,318947.0,494023.0,14994124.0,11434352.0,9878450.0,9647976.0,5115674.0
b88121029d7e973410b008320f8fe378,1399/09/30,764.0,297.0,398.0,2925089.0,2925089.0,2925089.0,2234767996.0,1.0,1.0,1075503.0,27714286.0,18602480.0,26917164.0,0.0,1183867.0,2235646.0,867323.0,1163827.0,133716.0,145475.0,494023.0,17262837.0,12619881.0,11616926.0,11388231.0,5645911.0
b88121029d7e973410b008320f8fe378,1399/12/30,960.0,0.0,398.0,2925089.0,600000.0,2925089.0,2808085440.0,1.0,1.0,,40653945.0,26917164.0,,-8859.0,1189111.0,2808435.0,1163827.0,,2385418.0,494023.0,,20646411.0,14322014.0,14427712.0,14189367.0,6218699.0
b88121029d7e973410b008320f8fe378,1400/03/31,119.0,469.0,960.0,2925089.0,2925089.0,2925089.0,348085591.0,1.0,1.0,1967914.0,12654074.0,6901168.0,40653945.0,-20968.0,11817.0,348672.0,1372332.0,2808435.0,328533.0,-932130.0,2385418.0,22642408.0,16077441.0,16355845.0,16025939.0,6286563.0
b88121029d7e973410b008320f8fe378,1400/06/31,165.0,341.0,562.0,5000000.0,5000000.0,5000000.0,825000000.0,1.0,1.0,1967914.0,28568299.0,16579025.0,40653945.0,-40466.0,23116.0,823534.0,1705410.0,2808435.0,704867.0,-1017871.0,2385418.0,23874369.0,17320843.0,17112945.0,16778083.0,6761424.0
b88121029d7e973410b008320f8fe378,1400/09/30,312.0,447.0,562.0,5000000.0,5000000.0,5000000.0,1560000000.0,1.0,1.0,1967914.0,43984793.0,27714286.0,40653945.0,-63435.0,101845.0,1558188.0,2235646.0,2808435.0,1203022.0,133716.0,2385418.0,27079456.0,19109162.0,19583378.0,19242325.0,7496078.0
b88121029d7e973410b008320f8fe378,1400/12/29,533.0,0.0,562.0,5000000.0,2925089.0,5000000.0,2665000000.0,1.0,1.0,,64788863.0,40653945.0,,-97632.0,242248.0,2664638.0,2808435.0,,2060400.0,2385418.0,,29006146.0,19943194.0,20451343.0,20093113.0,8554803.0
b88121029d7e973410b008320f8fe378,1401/03/31,140.0,70.0,533.0,5000000.0,5000000.0,5000000.0,700000000.0,1.0,1.0,3003586.0,20412946.0,12654074.0,64788863.0,-37566.0,82529.0,698447.0,348672.0,2664638.0,1384328.0,328533.0,2060400.0,35412710.0,26193675.0,27976734.0,27413619.0,7435976.0
b88121029d7e973410b008320f8fe378,1401/06/31,475.0,163.0,533.0,5000000.0,5000000.0,5000000.0,2375000000.0,1.0,1.0,3003586.0,50425805.0,28568299.0,64788863.0,-86200.0,257909.0,2376402.0,814384.0,2664638.0,959572.0,704867.0,2060400.0,42886907.0,33320761.0,33642606.0,33053295.0,9244301.0
b88121029d7e973410b008320f8fe378,1401/09/30,738.0,312.0,533.0,5000000.0,5000000.0,5000000.0,3690000000.0,1.0,1.0,3003586.0,80237104.0,43984793.0,64788863.0,-135675.0,349359.0,3688265.0,1558188.0,2664638.0,274714.0,1203022.0,2060400.0,49341651.0,39452857.0,38785487.0,38139729.0,10556164.0
b88121029d7e973410b008320f8fe378,1401/12/29,966.0,0.0,533.0,5000000.0,5000000.0,5000000.0,4830000000.0,1.0,1.0,,120131397.0,64788863.0,,-220574.0,351442.0,4830507.0,2664638.0,,227646.0,2060400.0,,53514413.0,43145279.0,41454553.0,40772839.0,12059860.0
b88121029d7e973410b008320f8fe378,1402/03/31,287.0,140.0,1033.0,5000000.0,5000000.0,5000000.0,1435000000.0,1.0,1.0,5910509.0,26702029.0,20412946.0,117550575.0,-100797.0,117652.0,1436393.0,698447.0,5164662.0,1156273.0,1384328.0,703772.0,53977902.0,44119315.0,43893948.0,43034926.0,10083954.0
b88121029d7e973410b008320f8fe378,1402/06/31,470.0,475.0,1033.0,5000000.0,5000000.0,5000000.0,2350000000.0,1.0,1.0,5910509.0,61191288.0,50425808.0,117550575.0,-201788.0,652621.0,2347694.0,2376418.0,5164662.0,2755348.0,956574.0,703772.0,59294999.0,48388191.0,48299744.0,47418764.0,10995255.0
b88121029d7e973410b008320f8fe378,1402/09/30,667.0,738.0,1033.0,5000000.0,5000000.0,5000000.0,3335000000.0,1.0,1.0,5910509.0,95022164.0,80237104.0,117550575.0,-369370.0,698878.0,3334617.0,3688265.0,5164662.0,6180025.0,274714.0,703772.0,64287960.0,52436253.0,52305782.0,51407175.0,11982178.0
b88121029d7e973410b008320f8fe378,1402/12/29,525.0,0.0,966.0,7000000.0,0.0,5000000.0,3675000000.0,1.0,1.0,,145169165.0,120131397.0,,-544561.0,1043268.0,3676169.0,4830507.0,,3994528.0,227646.0,,68767356.0,56160583.0,55514327.0,54543776.0,13253029.0
b88121029d7e973410b008320f8fe378,1403/03/31,137.0,205.0,645.0,7000000.0,7000000.0,7000000.0,959000000.0,1.0,1.0,5081056.0,31132149.0,26702029.0,139486120.0,-203268.0,102500.0,960286.0,1436393.0,4517531.0,15816.0,1156273.0,4942473.0,74039541.0,60774171.0,62854163.0,61614408.0,11185378.0
b88121029d7e973410b008320f8fe378,1403/06/31,270.0,335.0,645.0,7000000.0,7000000.0,7000000.0,1890000000.0,1.0,1.0,5081056.0,72257986.0,61191288.0,139486120.0,-458389.0,291994.0,1891317.0,2347868.0,4517531.0,1425276.0,3463323.0,4942473.0,80596118.0,67106128.0,68479709.0,67198180.0,12116409.0
b88121029d7e973410b008320f8fe378,1403/09/30,357.0,667.0,645.0,7000000.0,5000000.0,7000000.0,2499000000.0,1.0,1.0,5081056.0,115959035.0,95022164.0,139486120.0,-773955.0,293862.0,2498782.0,3334617.0,4517531.0,2912617.0,6180025.0,4942473.0,89098249.0,75474972.0,76374375.0,75071503.0,12723874.0
b88121029d7e973410b008320f8fe378,1403/12/30,603.0,0.0,438.0,8400000.0,0.0,8400000.0,5065200000.0,1.0,1.0,,184223910.0,145169165.0,,-1131343.0,766070.0,5068548.0,3676169.0,,2926379.0,4896528.0,,117712512.0,83650665.0,80821203.0,79459265.0,36891309.0
b88121029d7e973410b008320f8fe378,1404/03/31,121.0,137.0,671.0,8400000.0,7000000.0,8400000.0,1016400000.0,1.0,1.0,7486660.0,42198623.0,31132149.0,174772199.0,-307784.0,174778.0,1019350.0,960423.0,5640345.0,3004647.0,15816.0,2771283.0,127751233.0,90812937.0,91708914.0,90098567.0,36042319.0
b88121029d7e973410b008320f8fe378,1404/06/31,371.0,225.0,671.0,8400000.0,8400000.0,8400000.0,3116400000.0,1.0,1.0,7486660.0,105586582.0,72257986.0,174772199.0,-593280.0,464574.0,3116624.0,1891317.0,5640345.0,7209541.0,1425276.0,2771283.0,134312568.0,97491588.0,96172976.0,94392313.0,38139592.0
b88121029d7e973410b008320f8fe378,1404/09/30,794.0,357.0,671.0,8400000.0,7000000.0,8400000.0,6669600000.0,1.0,1.0,7486660.0,177050107.0,115959035.0,174772199.0,-806890.0,471219.0,6668740.0,2498782.0,5640345.0,6650305.0,2912617.0,2771283.0,150896605.0,114602022.0,109204897.0,107368895.0,41691708.0
b88121029d7e973410b008320f8fe378,1404/12/29,469.0,78.0,398.0,2925089.0,2925089.0,2925089.0,10543152480.0,1.0,1.0,,289585664.0,184223910.0,,-996133.0,493468.0,10551338.0,5068548.0,,6649363.0,2926379.0,,183900253.0,132810784.0,124708321.0,119422124.0,59191932.0
b88121029d7e973410b008320f8fe378,1405/03/31,146.0,121.0,276.0,41345696.0,8400000.0,41345696.0,6036471616.0,7222204.0,1546845.0,14815047.0,123794194.0,42198623.0,275120127.0,-316608.0,902551.0,6048613.0,1019348.0,11405105.0,4398275.0,3004647.0,6484400.0,236918223.0,183703066.0,175421078.0,168835169.0,61497145.0
b992f8cd4c1b548e42482525505c9ea7,1398/06/31,579.0,-466.0,-409.0,600000.0,600000.0,600000.0,347400000.0,0.0,0.0,85911.0,474343.0,220006.0,410533.0,-167978.0,0.0,347572.0,-279578.0,-245381.0,110872.0,4883.0,168247.0,4886233.0,297260.0,4274869.0,1802289.0,611364.0
b992f8cd4c1b548e42482525505c9ea7,1398/09/30,634.0,-693.0,-409.0,600000.0,600000.0,600000.0,380400000.0,0.0,0.0,85911.0,782596.0,322119.0,410533.0,-245191.0,473237.0,380528.0,-415625.0,-245381.0,243223.0,0.0,168247.0,4885912.0,338280.0,4241592.0,1727703.0,644320.0
b992f8cd4c1b548e42482525505c9ea7,1398/12/29,736.0,0.0,-409.0,600000.0,600000.0,600000.0,441600000.0,0.0,0.0,,1257641.0,410533.0,,-425961.0,0.0,441673.0,-245387.0,,252947.0,168433.0,,4951665.0,380366.0,4278748.0,1182362.0,672917.0
b992f8cd4c1b548e42482525505c9ea7,1399/03/31,106.0,-162.0,524.0,600000.0,600000.0,600000.0,63600000.0,0.0,0.0,266208.0,350942.0,203301.0,1118521.0,-61716.0,0.0,63786.0,-97412.0,314243.0,293628.0,33062.0,243679.0,5144953.0,508411.0,4503132.0,1320698.0,641821.0
b992f8cd4c1b548e42482525505c9ea7,1399/06/31,48.0,579.0,522.0,600000.0,600000.0,600000.0,28800000.0,0.0,0.0,265410.0,875911.0,474343.0,1118521.0,-270927.0,0.0,28557.0,347572.0,313445.0,716264.0,126217.0,252947.0,5162309.0,643682.0,4625580.0,1364158.0,536729.0
b992f8cd4c1b548e42482525505c9ea7,1399/09/30,400.0,634.0,522.0,600000.0,600000.0,600000.0,240000000.0,766.0,-365.0,265410.0,1370171.0,782597.0,1118521.0,-231163.0,0.0,240116.0,380528.0,313445.0,547315.0,237844.0,107683.0,5077034.0,434880.0,4334602.0,1396239.0,742432.0
b992f8cd4c1b548e42482525505c9ea7,1399/12/30,886.0,0.0,522.0,600000.0,600000.0,600000.0,531600000.0,995.0,-109.0,,1931717.0,1118521.0,,-77368.0,0.0,531450.0,313445.0,,1816393.0,107683.0,,5321818.0,631955.0,4286808.0,1729701.0,1035010.0
b992f8cd4c1b548e42482525505c9ea7,1400/03/31,228.0,106.0,760.0,600000.0,600000.0,600000.0,136800000.0,329.0,-101.0,716434.0,495196.0,350942.0,1931695.0,-60678.0,0.0,137005.0,63786.0,456106.0,63276.0,293628.0,1638737.0,5194708.0,670600.0,4192932.0,1659783.0,1001776.0
b992f8cd4c1b548e42482525505c9ea7,1400/06/31,1112.0,200.0,561.0,600000.0,600000.0,600000.0,667200000.0,1187.0,-75.0,596774.0,1579314.0,875911.0,1931695.0,-65150.0,0.0,667247.0,120022.0,336447.0,178177.0,1735000.0,1754634.0,5355873.0,893592.0,4321439.0,3941523.0,1034434.0
b992f8cd4c1b548e42482525505c9ea7,1400/09/30,1355.0,400.0,561.0,600000.0,600000.0,600000.0,813000000.0,1475.0,-120.0,596774.0,2178650.0,1370171.0,1931695.0,-96214.0,0.0,812818.0,240116.0,336446.0,256385.0,547315.0,1754633.0,5541684.0,1166039.0,4361679.0,1304112.0,1180005.0
b992f8cd4c1b548e42482525505c9ea7,1400/12/29,1731.0,0.0,561.0,600000.0,600000.0,600000.0,1038600000.0,1981.0,-250.0,,2993192.0,1931695.0,,-180381.0,0.0,1038646.0,336446.0,,485672.0,1754633.0,,5928004.0,1502451.0,4527170.0,2520010.0,1400834.0
b992f8cd4c1b548e42482525505c9ea7,1401/03/31,247.0,228.0,1520.0,600000.0,600000.0,600000.0,148200000.0,430.0,-183.0,1061836.0,806104.0,495196.0,2993192.0,-118517.0,0.0,147956.0,137005.0,912034.0,240930.0,63276.0,555782.0,6024286.0,1761279.0,4577347.0,2457312.0,1446939.0
b992f8cd4c1b548e42482525505c9ea7,1401/06/31,621.0,1112.0,1520.0,600000.0,600000.0,600000.0,372600000.0,1052.0,-432.0,1061548.0,2003958.0,1579314.0,2993192.0,-269594.0,0.0,372411.0,667247.0,911730.0,458565.0,171205.0,535831.0,6382379.0,2139089.0,4736049.0,2481782.0,1646330.0
b992f8cd4c1b548e42482525505c9ea7,1401/09/30,1127.0,1355.0,1520.0,600000.0,600000.0,600000.0,676200000.0,1719.0,-589.0,1061548.0,3201598.0,2178650.0,2993192.0,-364154.0,0.0,676088.0,812818.0,911730.0,725374.0,256385.0,535831.0,6406711.0,2209347.0,4456704.0,2843767.0,1950007.0
b992f8cd4c1b548e42482525505c9ea7,1401/12/29,1186.0,0.0,1520.0,600000.0,600000.0,600000.0,711600000.0,1987.0,-796.0,,4288914.0,2993192.0,,-491714.0,16008.0,711333.0,911730.0,,1274922.0,535831.0,,6471701.0,2305839.0,4905311.0,3319834.0,1566390.0
b992f8cd4c1b548e42482525505c9ea7,1402/03/31,595.0,247.0,1109.0,600000.0,600000.0,600000.0,357000000.0,778.0,-184.0,1140814.0,1222091.0,806104.0,4285273.0,-111036.0,919.0,356843.0,147956.0,665108.0,183473.0,240930.0,1293564.0,6726868.0,2582313.0,4823252.0,3269642.0,1903616.0
b992f8cd4c1b548e42482525505c9ea7,1402/06/31,1187.0,608.0,1115.0,600000.0,600000.0,600000.0,712200000.0,1619.0,-407.0,1145434.0,2501742.0,2003958.0,4288914.0,-240794.0,1780.0,712138.0,364502.0,669041.0,304194.0,477839.0,1304844.0,7190609.0,3081718.0,5352441.0,3901742.0,1838168.0
b992f8cd4c1b548e42482525505c9ea7,1402/09/30,2052.0,1127.0,1115.0,600000.0,600000.0,600000.0,1231200000.0,2624.0,-566.0,1145434.0,4258620.0,3201598.0,4288914.0,-341313.0,2695.0,1231207.0,676088.0,669041.0,1081303.0,725374.0,1304844.0,7955371.0,3593368.0,5592547.0,4238739.0,2362824.0
b992f8cd4c1b548e42482525505c9ea7,1402/12/29,2578.0,0.0,1115.0,600000.0,600000.0,600000.0,1546800000.0,3351.0,-718.0,,5926105.0,4288914.0,,-446499.0,24715.0,1546831.0,669041.0,,2044978.0,1304845.0,,8913835.0,4122594.0,6236172.0,4765989.0,2677663.0
b992f8cd4c1b548e42482525505c9ea7,1403/03/31,1017.0,595.0,2608.0,600000.0,600000.0,600000.0,610200000.0,1171.0,-154.0,1976845.0,1892088.0,1222091.0,5914628.0,-94278.0,1579.0,609904.0,356843.0,1565060.0,204943.0,183473.0,2057159.0,9362368.0,4578290.0,6060631.0,4779426.0,3301737.0
b992f8cd4c1b548e42482525505c9ea7,1403/06/31,3000.0,1132.0,2578.0,600000.0,600000.0,600000.0,1800000000.0,3562.0,-498.0,1968713.0,5601092.0,2501742.0,5926105.0,-183100.0,5835.0,1800142.0,679042.0,1546831.0,659529.0,410819.0,2044978.0,9704251.0,5211067.0,5226447.0,4117627.0,4477804.0
b992f8cd4c1b548e42482525505c9ea7,1403/09/30,4188.0,2052.0,2578.0,600000.0,600000.0,600000.0,2512800000.0,5318.0,-1041.0,1968713.0,9080321.0,4258620.0,5926105.0,-261021.0,47581.0,2512609.0,1231207.0,1546831.0,1986320.0,1081303.0,2044978.0,10409664.0,5737100.0,5855960.0,4812637.0,4553704.0
b992f8cd4c1b548e42482525505c9ea7,1403/12/30,5330.0,0.0,2578.0,600000.0,600000.0,600000.0,3198000000.0,5824.0,-398.0,,13937412.0,5926105.0,,-330807.0,95781.0,3197901.0,1546831.0,,3491954.0,2044978.0,,12073304.0,6430648.0,7299675.0,6333962.0,4773629.0
b992f8cd4c1b548e42482525505c9ea7,1404/03/31,3327.0,1017.0,5108.0,600000.0,600000.0,600000.0,1996200000.0,3408.0,-81.0,3312345.0,5734612.0,1892088.0,13907307.0,-54250.0,5696.0,1995953.0,609904.0,3064595.0,983588.0,204943.0,3511212.0,15855447.0,9845236.0,9205001.0,8401476.0,6650446.0
b992f8cd4c1b548e42482525505c9ea7,1404/06/31,6558.0,2996.0,5330.0,600000.0,600000.0,600000.0,3934800000.0,6872.0,-174.0,3437758.0,12208177.0,5601092.0,13937412.0,-115641.0,25992.0,3934570.0,1797371.0,3197901.0,4809798.0,659320.0,3518444.0,17603474.0,8975222.0,10515276.0,9669952.0,7088198.0
b992f8cd4c1b548e42482525505c9ea7,1404/09/30,16501.0,4188.0,5330.0,600000.0,600000.0,600000.0,9900600000.0,18444.0,-1671.0,3437758.0,20680879.0,9080321.0,13937412.0,-196779.0,114007.0,9900401.0,2512609.0,3197901.0,4894306.0,1986320.0,3518444.0,27614593.0,19497139.0,14560563.0,13325949.0,13054030.0
b992f8cd4c1b548e42482525505c9ea7,1404/12/29,33015.0,0.0,5330.0,600000.0,600000.0,600000.0,19809000000.0,32931.0,293.0,,28402648.0,13937412.0,,-341856.0,527000.0,19808844.0,3197901.0,,10735566.0,3518444.0,,32751157.0,22173858.0,9559857.0,9096447.0,23191300.0
b992f8cd4c1b548e42482525505c9ea7,1405/03/31,14803.0,3327.0,33009.0,600000.0,600000.0,600000.0,8881800000.0,8873377.0,2044507.0,19969662.0,12210738.0,5734612.0,28329996.0,-26275.0,34865.0,8881967.0,1995953.0,19805688.0,-139004.0,983588.0,10380630.0,43074340.0,33882737.0,11132980.0,10397795.0,31941360.0
ba1603db6572b46274d398e9882a95ea,1398/12/29,116419.0,0.0,6648.0,30000.0,30000.0,30000.0,3492570000.0,0.0,0.0,,,,,,,,,,,,,,,,,
ba1603db6572b46274d398e9882a95ea,1399/12/30,8690.0,0.0,84875.0,496155.0,30000.0,30000.0,4311586950.0,0.0,0.0,,,,,,,,,,,,,,,,,
ba1603db6572b46274d398e9882a95ea,1401/12/29,2303.0,0.0,12650.0,1700000.0,496154.0,496154.0,3915100000.0,0.0,0.0,,,,,,,,,,,,,,,,,
ba1603db6572b46274d398e9882a95ea,1402/03/31,447.0,-217.0,23034.0,1700000.0,1700000.0,1700000.0,759900000.0,0.0,0.0,,,,,,,,,,,,,,,,,
ba1603db6572b46274d398e9882a95ea,1402/06/31,1851.0,38.0,2303.0,1700000.0,1700000.0,1700000.0,3146700000.0,0.0,0.0,,,,,,,,,,,,,,,,,
ba1603db6572b46274d398e9882a95ea,1402/09/30,2306.0,11706.0,23034.0,1700000.0,1700000.0,1700000.0,3920200000.0,0.0,0.0,,,,,,,,,,,,,,,,,
ba1603db6572b46274d398e9882a95ea,1402/12/29,2867.0,0.0,23034.0,1700000.0,1699999.0,1700000.0,4873900000.0,3703.0,-928.0,,,,,,,,,,,,,,,,,
ba1603db6572b46274d398e9882a95ea,1403/03/31,1227.0,447.0,2869.0,1699999.0,1699999.0,1699999.0,2085898773.0,1490.0,-263.0,,,,,,,,,,,,,,,,,
ba1603db6572b46274d398e9882a95ea,1403/06/31,3053.0,1851.0,2867.0,1700000.0,1700000.0,1700000.0,5190100000.0,3806.0,-753.0,,,,,,,,,,,,,,,,,
ba1603db6572b46274d398e9882a95ea,1403/09/30,4153.0,2306.0,2867.0,1700000.0,1700000.0,1700000.0,7060100000.0,0.0,0.0,,,,,,,,,,,,,,,,,
ba1603db6572b46274d398e9882a95ea,1403/12/30,5911.0,0.0,2867.0,1700000.0,1700000.0,1700000.0,10048700000.0,7230.0,-1282.0,,,,,,,,,,,,,,,,,
ba1603db6572b46274d398e9882a95ea,1404/03/31,1858.0,1227.0,5854.0,1700000.0,1700000.0,1700000.0,3158600000.0,2311.0,-453.0,,,,,,,,,,,,,,,,,
ba1603db6572b46274d398e9882a95ea,1404/06/31,4298.0,3053.0,5854.0,1700000.0,1700000.0,1700000.0,7306600000.0,5157.0,-859.0,,,,,,,,,,,,,,,,,
ba1603db6572b46274d398e9882a95ea,1404/09/30,7117.0,4153.0,5854.0,1700000.0,1700000.0,1700000.0,12098900000.0,8508.0,-1391.0,,,,,,,,,,,,,,,,,
ba1603db6572b46274d398e9882a95ea,1404/12/29,1827.0,0.0,5854.0,7700000.0,1700000.0,1700000.0,14067900000.0,2169.0,-342.0,,,,,,,,,,,,,,,,,
ba1603db6572b46274d398e9882a95ea,1405/03/31,1428.0,410.0,1982.0,7700000.0,7700000.0,7700000.0,10995600000.0,14061297.0,4459142.0,,,,,,,,,,,,,,,,,
bb3afe19f992a47dab8ed0efba9f15db,1398/06/31,478.0,562.0,742.0,1030000.0,580000.0,1030000.0,492340000.0,1.0,1.0,,,,,,,,,,,,,,,,,
bb3afe19f992a47dab8ed0efba9f15db,1398/09/30,854.0,544.0,742.0,1030000.0,1030000.0,1030000.0,879620000.0,1.0,1.0,,,,,,,,,,,,,,,,,
bb3afe19f992a47dab8ed0efba9f15db,1398/12/29,1213.0,0.0,742.0,1030000.0,1030000.0,1030000.0,1249390000.0,1.0,1.0,,,,,,,,,,,,,,,,,
bb3afe19f992a47dab8ed0efba9f15db,1399/03/31,201.0,180.0,1215.0,1330000.0,1030000.0,1030000.0,267330000.0,1.0,1.0,,,,,,,,,,,,,,,,,
bb3afe19f992a47dab8ed0efba9f15db,1399/06/31,968.0,482.0,1215.0,1030000.0,1030000.0,1030000.0,997040000.0,1.0,1.0,,,,,,,,,,,,,,,,,
bb3afe19f992a47dab8ed0efba9f15db,1399/09/30,1323.0,854.0,1215.0,1330000.0,1030000.0,1030000.0,1759590000.0,1.0,1.0,,,,,,,,,,,,,,,,,
bb3afe19f992a47dab8ed0efba9f15db,1399/12/30,1780.0,0.0,1215.0,1330000.0,1030000.0,1030000.0,2367400000.0,1.0,1.0,,,,,,,,,,,,,,,,,
bb3afe19f992a47dab8ed0efba9f15db,1400/03/31,474.0,201.0,1871.0,1330000.0,1330000.0,1330000.0,630420000.0,1.0,1.0,,,,,,,,,,,,,,,,,
bb3afe19f992a47dab8ed0efba9f15db,1400/06/31,687.0,1007.0,1871.0,1530000.0,1030000.0,1330000.0,1051110000.0,1.0,1.0,,,,,,,,,,,,,,,,,
bb3afe19f992a47dab8ed0efba9f15db,1400/09/30,1048.0,1708.0,1871.0,1530000.0,1030000.0,1330000.0,1603440000.0,1.0,1.0,,,,,,,,,,,,,,,,,
bb3afe19f992a47dab8ed0efba9f15db,1400/12/29,743.0,0.0,1627.0,2430000.0,1530000.0,1530000.0,1805490000.0,1.0,1.0,,,,,,,,,,,,,,,,,
bb3afe19f992a47dab8ed0efba9f15db,1401/03/31,264.0,474.0,743.0,2430000.0,1330000.0,2430000.0,641520000.0,1.0,1.0,,,,,,,,,,,,,,,,,
bb3afe19f992a47dab8ed0efba9f15db,1401/06/31,660.0,429.0,743.0,2430000.0,2430000.0,2430000.0,1603800000.0,1.0,1.0,,,,,,,,,,,,,,,,,
bb3afe19f992a47dab8ed0efba9f15db,1401/09/30,714.0,1048.0,1179.0,3630000.0,1530000.0,1530000.0,2591820000.0,1.0,1.0,,,,,,,,,,,,,,,,,
bb3afe19f992a47dab8ed0efba9f15db,1401/12/29,1047.0,0.0,743.0,3630000.0,1530000.0,2430000.0,3800610000.0,1.0,1.0,,,,,,,,,,,,,,,,,
bb3afe19f992a47dab8ed0efba9f15db,1402/03/31,455.0,177.0,1054.0,3630000.0,3630000.0,3630000.0,1651650000.0,1.0,1.0,,,,,,,,,,,,,,,,,
bb3afe19f992a47dab8ed0efba9f15db,1402/06/31,655.0,665.0,1054.0,5330000.0,2430000.0,3630000.0,3491150000.0,1.0,1.0,,,,,,,,,,,,,,,,,
bb3afe19f992a47dab8ed0efba9f15db,1402/09/30,873.0,714.0,1054.0,5330000.0,3630000.0,3630000.0,4653090000.0,1.0,1.0,,,,,,,,,,,,,,,,,
bb3afe19f992a47dab8ed0efba9f15db,1402/12/29,901.0,0.0,1054.0,5330000.0,3630000.0,3630000.0,4802330000.0,1.0,1.0,,,,,,,,,,,,,,,,,
bb3afe19f992a47dab8ed0efba9f15db,1403/03/31,60.0,455.0,901.0,5330000.0,3630000.0,5330000.0,319800000.0,1.0,1.0,,,,,,,,,,,,,,,,,
bb3afe19f992a47dab8ed0efba9f15db,1403/06/31,221.0,681.0,901.0,5330000.0,5330000.0,5330000.0,1177930000.0,1.0,1.0,,,,,,,,,,,,,,,,,
bb3afe19f992a47dab8ed0efba9f15db,1403/09/30,554.0,873.0,901.0,5330000.0,5330000.0,5330000.0,2952820000.0,1.0,1.0,,,,,,,,,,,,,,,,,
bb3afe19f992a47dab8ed0efba9f15db,1403/12/30,136.0,60.0,425.0,6820000.0,5330000.0,6820000.0,927520000.0,1.0,1.0,,,,,,,,,,,,,,,,,
bb3afe19f992a47dab8ed0efba9f15db,1404/03/31,286.0,221.0,544.0,6820000.0,5330000.0,5330000.0,1950520000.0,1.0,1.0,,,,,,,,,,,,,,,,,
bb3afe19f992a47dab8ed0efba9f15db,1404/06/31,364.0,544.0,544.0,10000000.0,5330000.0,5330000.0,3640000000.0,1.0,1.0,,,,,,,,,,,,,,,,,
bb3afe19f992a47dab8ed0efba9f15db,1404/09/30,546.0,0.0,544.0,10000000.0,5330000.0,5330000.0,5460000000.0,-1.0,100.0,,,,,,,,,,,,,,,,,
bb3afe19f992a47dab8ed0efba9f15db,1404/12/29,178.0,93.0,546.0,10000000.0,10000000.0,10000000.0,1780000000.0,-1.0,100.0,,,,,,,,,,,,,,,,,
bb3afe19f992a47dab8ed0efba9f15db,1405/03/31,1077.0,168.0,533.0,10000000.0,10000000.0,10000000.0,10770000000.0,15691463.0,3954857.0,,,,,,,,,,,,,,,,,
bbb81179fce8ad6deb0c746c9ed1d951,1398/06/31,17.0,67.0,214.0,207166.0,207166.0,207166.0,3521822.0,1.0,1.0,,,,,,,,,,,,,,,,,
bbb81179fce8ad6deb0c746c9ed1d951,1398/09/30,70.0,146.0,214.0,207166.0,207166.0,207166.0,14501620.0,1.0,1.0,,,,,,,,,,,,,,,,,
bbb81179fce8ad6deb0c746c9ed1d951,1398/12/29,184.0,0.0,126.0,207166.0,207166.0,207166.0,38118544.0,1.0,1.0,,,,,,,,,,,,,,,,,
bbb81179fce8ad6deb0c746c9ed1d951,1399/03/31,176.0,29.0,124.0,207166.0,207166.0,207166.0,36461216.0,1.0,1.0,,,,,,,,,,,,,,,,,
bbb81179fce8ad6deb0c746c9ed1d951,1399/06/31,311.0,-22.0,235.0,207166.0,207166.0,207166.0,64428626.0,1.0,1.0,,,,,,,,,,,,,,,,,
bbb81179fce8ad6deb0c746c9ed1d951,1399/09/30,542.0,144960.0,671840.0,207166.0,100.0,100.0,112283972.0,1.0,1.0,,,,,,,,,,,,,,,,,
bbb81179fce8ad6deb0c746c9ed1d951,1399/12/30,949.0,0.0,900890.0,207166.0,100.0,100.0,196600534.0,1.0,1.0,,,,,,,,,,,,,,,,,
bbb81179fce8ad6deb0c746c9ed1d951,1400/03/31,582.0,176.0,774.0,207166.0,207166.0,207166.0,120570612.0,1.0,1.0,,,,,,,,,,,,,,,,,
bbb81179fce8ad6deb0c746c9ed1d951,1400/06/31,73.0,255.0,1077.0,1230524.0,207166.0,207166.0,89828252.0,1.0,1.0,,,,,,,,,,,,,,,,,
bbb81179fce8ad6deb0c746c9ed1d951,1400/09/30,117.0,542.0,774.0,1230524.0,207166.0,207166.0,143971308.0,1.0,1.0,,,,,,,,,,,,,,,,,
bbb81179fce8ad6deb0c746c9ed1d951,1400/12/29,314.0,0.0,1077.0,1230524.0,207166.0,207166.0,386384536.0,1.0,1.0,,,,,,,,,,,,,,,,,
bbb81179fce8ad6deb0c746c9ed1d951,1401/03/31,17.0,582.0,249.0,1230524.0,207166.0,1230524.0,20918908.0,1.0,1.0,,,,,,,,,,,,,,,,,
bbb81179fce8ad6deb0c746c9ed1d951,1401/09/30,165.0,117.0,214.0,1430524.0,1230524.0,1430524.0,236036460.0,1.0,1.0,,,,,,,,,,,,,,,,,
bbb81179fce8ad6deb0c746c9ed1d951,1401/12/29,496.0,0.0,326.0,1430524.0,1230524.0,1230524.0,709539904.0,1.0,1.0,,,,,,,,,,,,,,,,,
bbb81179fce8ad6deb0c746c9ed1d951,1402/03/31,153.0,8.0,354.0,1720000.0,1430524.0,1430524.0,263160000.0,1.0,1.0,,,,,,,,,,,,,,,,,
bbb81179fce8ad6deb0c746c9ed1d951,1402/06/31,366.0,62.0,294.0,1720000.0,1720000.0,1720000.0,629520000.0,1.0,1.0,,,,,,,,,,,,,,,,,
bbb81179fce8ad6deb0c746c9ed1d951,1402/09/30,532.0,137.0,294.0,1720000.0,1720000.0,1720000.0,915040000.0,1.0,1.0,,,,,,,,,,,,,,,,,
bbb81179fce8ad6deb0c746c9ed1d951,1402/12/29,918.0,0.0,380.0,1720000.0,1720000.0,1720000.0,1578960000.0,1.0,1.0,,,,,,,,,,,,,,,,,
bbb81179fce8ad6deb0c746c9ed1d951,1403/03/31,65.0,153.0,680.0,1720000.0,1720000.0,1720000.0,111800000.0,1.0,1.0,,,,,,,,,,,,,,,,,
bbb81179fce8ad6deb0c746c9ed1d951,1403/06/31,106.0,365.0,680.0,1720000.0,1720000.0,1720000.0,182320000.0,1.0,1.0,,,,,,,,,,,,,,,,,
bbb81179fce8ad6deb0c746c9ed1d951,1403/09/30,182.0,532.0,680.0,1720000.0,1720000.0,1720000.0,313040000.0,1.0,1.0,,,,,,,,,,,,,,,,,
bbb81179fce8ad6deb0c746c9ed1d951,1403/12/30,574.0,0.0,948.0,2600000.0,1720000.0,1720000.0,1492400000.0,1.0,1.0,,,,,,,,,,,,,,,,,
bbb81179fce8ad6deb0c746c9ed1d951,1404/03/31,43.0,65.0,384.0,2600000.0,1720000.0,2600000.0,111800000.0,1.0,1.0,,,,,,,,,,,,,,,,,
bbb81179fce8ad6deb0c746c9ed1d951,1404/06/31,68.0,63.0,384.0,2600000.0,2600000.0,2600000.0,176800000.0,1.0,1.0,,,,,,,,,,,,,,,,,
bbb81179fce8ad6deb0c746c9ed1d951,1404/09/30,252.0,120.0,384.0,2600000.0,2600000.0,2600000.0,655200000.0,1.0,1.0,,,,,,,,,,,,,,,,,
bbb81179fce8ad6deb0c746c9ed1d951,1404/12/29,534.0,574.0,,2600000.0,2600000.0,,1388400000.0,1656310.0,1713309.0,,,,,,,,,,,,,,,,,
bbb81179fce8ad6deb0c746c9ed1d951,1405/03/31,192.0,43.0,335.0,2600000.0,2600000.0,2600000.0,499200000.0,599442.0,147107.0,,,,,,,,,,,,,,,,,
bbcfae1712205951bfbb99d634742ad8,1398/06/31,2764.0,698.0,3881.0,700000.0,700000.0,700000.0,1934800000.0,1.0,1.0,3434246.0,15803918.0,7301835.0,20132283.0,-354569.0,0.0,1934948.0,488831.0,2716803.0,-502066.0,598361.0,1279222.0,13201970.0,11637814.0,10304969.0,10245722.0,2897001.0
bbcfae1712205951bfbb99d634742ad8,1398/09/30,4071.0,2122.0,3881.0,700000.0,700000.0,700000.0,2849700000.0,1.0,1.0,3434246.0,23539907.0,13610501.0,20132283.0,-562109.0,0.0,2849936.0,1485439.0,2716803.0,-45361.0,19616.0,1279222.0,15056027.0,13396096.0,11244039.0,11190494.0,3811988.0
bbcfae1712205951bfbb99d634742ad8,1398/12/29,1284.0,0.0,3831.0,3000000.0,700000.0,700000.0,3852000000.0,1.0,1.0,,30092031.0,20132283.0,,-768851.0,22560.0,3853489.0,2681987.0,,567537.0,1615179.0,,14421169.0,13190460.0,7359896.0,7295807.0,7061273.0
bbcfae1712205951bfbb99d634742ad8,1399/03/31,780.0,176.0,1284.0,3000000.0,3000000.0,3000000.0,2340000000.0,1.0,1.0,5397559.0,6307479.0,5505773.0,30092031.0,-337027.0,1725053.0,2340727.0,527089.0,3853489.0,11125.0,-285565.0,567537.0,17817862.0,16609534.0,8451816.0,8384037.0,9366046.0
bbcfae1712205951bfbb99d634742ad8,1399/06/31,1755.0,2764.0,1284.0,3000000.0,700000.0,3000000.0,5265000000.0,1.0,1.0,5397559.0,17951215.0,15774470.0,30092031.0,-829696.0,2305982.0,5263780.0,1934948.0,3853489.0,-6129784.0,-502066.0,567537.0,26823808.0,25571554.0,17998755.0,17881237.0,8825053.0
bbcfae1712205951bfbb99d634742ad8,1399/09/30,2682.0,4071.0,1284.0,3000000.0,700000.0,3000000.0,8046000000.0,1.0,1.0,5397559.0,32983994.0,23539907.0,30092031.0,-1183561.0,2362168.0,8046885.0,2849936.0,3853489.0,-4312088.0,-45361.0,567537.0,28921707.0,27552288.0,17313547.0,17194235.0,11608160.0
bbcfae1712205951bfbb99d634742ad8,1399/12/30,3879.0,0.0,1284.0,3000000.0,5300000.0,3000000.0,11637000000.0,1.0,1.0,,52787022.0,30092031.0,,-1743500.0,36393.0,11636345.0,3853489.0,,4314292.0,567537.0,,29543401.0,27991182.0,14345784.0,14215340.0,15197617.0
bbcfae1712205951bfbb99d634742ad8,1400/03/31,963.0,780.0,3811.0,3000000.0,3000000.0,3000000.0,2889000000.0,1.0,1.0,11996432.0,14572067.0,6307479.0,52787022.0,-544588.0,158378.0,2889295.0,2340727.0,11432587.0,1150625.0,11125.0,5225391.0,34003812.0,31205633.0,16120657.0,15985897.0,17883155.0
bbcfae1712205951bfbb99d634742ad8,1400/06/31,1944.0,1754.0,3811.0,3000000.0,3000000.0,3000000.0,5832000000.0,1.0,1.0,11996432.0,33986598.0,17951215.0,52787022.0,-1081607.0,137598.0,5832154.0,5262797.0,11432587.0,1835155.0,-6129784.0,5225391.0,33615429.0,30615236.0,22689414.0,22488978.0,10926015.0
bbcfae1712205951bfbb99d634742ad8,1400/09/30,2538.0,2682.0,3811.0,3000000.0,3000000.0,3000000.0,7614000000.0,1.0,1.0,11996432.0,47782637.0,32983994.0,52787022.0,-1441925.0,233894.0,7614735.0,8046885.0,11432587.0,5264745.0,-4312088.0,5225391.0,30422828.0,26890895.0,17714233.0,17512048.0,12708595.0
bbcfae1712205951bfbb99d634742ad8,1400/12/29,2693.0,0.0,3811.0,3000000.0,3000000.0,3000000.0,8079000000.0,1.0,1.0,,58799839.0,52787022.0,,-2194167.0,-202988.0,8077641.0,11432587.0,,7146184.0,5225391.0,,29119186.0,24407952.0,15947686.0,15733961.0,13171500.0
bbcfae1712205951bfbb99d634742ad8,1401/03/31,986.0,963.0,3230.0,3000000.0,3000000.0,3000000.0,2958000000.0,1.0,1.0,12140443.0,34871701.0,14572067.0,58799839.0,-1246752.0,62797.0,2956857.0,2889295.0,9688856.0,566043.0,1150625.0,6151196.0,65288551.0,55469205.0,47548977.0,35525188.0,17739574.0
bbcfae1712205951bfbb99d634742ad8,1401/06/31,549.0,1924.0,3230.0,12000000.0,3000000.0,3000000.0,6588000000.0,1.0,1.0,12140443.0,80809363.0,34102009.0,58799839.0,-2608015.0,952898.0,6587228.0,5770694.0,9688856.0,8816521.0,1632658.0,6151196.0,65690536.0,55769838.0,45520592.0,45181322.0,20169944.0
bbcfae1712205951bfbb99d634742ad8,1401/09/30,914.0,2538.0,3230.0,12000000.0,3000000.0,3000000.0,10968000000.0,1.0,1.0,12140443.0,126070172.0,48033281.0,58799839.0,-3904045.0,1402587.0,10964381.0,7614735.0,9688856.0,2510445.0,5264745.0,6151196.0,87967075.0,78091833.0,63419979.0,52187293.0,24547096.0
bbcfae1712205951bfbb99d634742ad8,1401/12/29,2055.0,0.0,3230.0,12000000.0,3000000.0,3000000.0,24660000000.0,1.0,1.0,,186687728.0,58799839.0,,-5333487.0,1914661.0,24654888.0,9688856.0,,19359981.0,6151196.0,,104569909.0,94527588.0,66332305.0,55508440.0,38237604.0
bbcfae1712205951bfbb99d634742ad8,1402/03/31,405.0,246.0,2103.0,12000000.0,12000000.0,12000000.0,4860000000.0,1.0,1.0,30153055.0,41694357.0,34933261.0,186687728.0,-1776958.0,620195.0,4863347.0,2956857.0,25237846.0,-2031420.0,566043.0,14288124.0,105055433.0,94996789.0,61373627.0,54598949.0,43681806.0
bbcfae1712205951bfbb99d634742ad8,1402/06/31,396.0,549.0,2103.0,20000000.0,12000000.0,12000000.0,7920000000.0,1.0,1.0,30153055.0,93914641.0,80809363.0,186687728.0,-3508456.0,1731604.0,7922943.0,6587228.0,25235743.0,23157292.0,2773301.0,14288124.0,113312236.0,103270713.0,82770834.0,76746522.0,30541402.0
bbcfae1712205951bfbb99d634742ad8,1402/09/30,633.0,914.0,2103.0,20000000.0,12000000.0,12000000.0,12660000000.0,1.0,1.0,30153055.0,148799726.0,126070172.0,186687728.0,-5317453.0,3417177.0,12655661.0,10964381.0,25235743.0,24770206.0,2510445.0,14288124.0,133461064.0,123312010.0,98278820.0,90224822.0,35182244.0
bbcfae1712205951bfbb99d634742ad8,1402/12/29,1972.0,0.0,2142.0,20000000.0,12000000.0,12000000.0,39440000000.0,1.0,1.0,,256952307.0,187186879.0,,-8007983.0,8194579.0,39443480.0,25709912.0,,25444338.0,12630622.0,,338075152.0,216901628.0,231969103.0,221792771.0,106106049.0
bbcfae1712205951bfbb99d634742ad8,1403/03/31,255.0,405.0,1650.0,20000000.0,12000000.0,20000000.0,5100000000.0,1.0,1.0,36133251.0,45662019.0,41694357.0,222386472.0,-1917477.0,571847.0,5106182.0,4863347.0,32994732.0,897213.0,-2031420.0,17887546.0,156788048.0,137044014.0,96068675.0,90184326.0,60719373.0
bbcfae1712205951bfbb99d634742ad8,1403/06/31,363.0,420.0,1650.0,20000000.0,20000000.0,20000000.0,7260000000.0,1.0,1.0,36133251.0,107052065.0,94329641.0,222386472.0,-3998547.0,1098722.0,7257530.0,8400884.0,32994732.0,-8340822.0,23235520.0,17887546.0,144384209.0,123606762.0,90513489.0,85060749.0,53870720.0
bbcfae1712205951bfbb99d634742ad8,1403/09/30,262.0,633.0,1650.0,44000000.0,20000000.0,20000000.0,11528000000.0,1.0,1.0,36133251.0,170038293.0,148799726.0,222386472.0,-6929192.0,1760050.0,11529785.0,12655661.0,32994732.0,28883608.0,24770206.0,17887546.0,144829662.0,100688271.0,86739415.0,81116428.0,58090247.0
bbcfae1712205951bfbb99d634742ad8,1403/12/30,630.0,0.0,1821.0,44000000.0,20000000.0,20000000.0,27720000000.0,1.0,1.0,,431640436.0,258152505.0,,-16987296.0,5582455.0,27734201.0,36413409.0,,32440344.0,18531392.0,,345310381.0,199321343.0,203988157.0,162672380.0,141322224.0
bbcfae1712205951bfbb99d634742ad8,1404/03/31,160.0,116.0,586.0,44000000.0,44000000.0,44000000.0,7040000000.0,1.0,1.0,37823978.0,53560236.0,45662019.0,230993159.0,-2650644.0,1293974.0,7034350.0,5106437.0,25789442.0,21938118.0,897213.0,45962599.0,187347134.0,142494035.0,107559552.0,102363573.0,79787582.0
bbcfae1712205951bfbb99d634742ad8,1404/06/31,570.0,180.0,586.0,44000000.0,44000000.0,44000000.0,25080000000.0,1.0,1.0,37823978.0,139893587.0,107052065.0,230993159.0,-6921129.0,9211796.0,25091827.0,7915893.0,25788856.0,18023538.0,-8160822.0,45962599.0,211249687.0,165218544.0,137955813.0,132969761.0,73293874.0
bbcfae1712205951bfbb99d634742ad8,1404/09/30,913.0,0.0,262.0,44000000.0,0.0,44000000.0,40172000000.0,38.38228368017525,100.0,37823978.0,199022795.0,170038293.0,230993159.0,-10945315.0,14688698.0,40178715.0,11529785.0,25788856.0,-2145303.0,28883608.0,45962599.0,210457445.0,162998627.0,122076683.0,116908601.0,88380762.0
bbcfae1712205951bfbb99d634742ad8,1404/12/29,3190.0,572.0,,44000000.0,44000000.0,,140360000000.0,181008033.0,42447112.0,,798539481.0,419489572.0,,-28273226.0,10290818.0,140359247.0,25158620.0,,65789271.0,31240957.0,,676594525.0,507890326.0,420652017.0,407782216.0,255942508.0
bbcfae1712205951bfbb99d634742ad8,1405/03/31,1030.0,160.0,2123.0,44000000.0,44000000.0,44000000.0,45320000000.0,60472960.0,10028895.0,112236451.0,289753840.0,53560236.0,466755303.0,-6816784.0,3780660.0,45338760.0,7034350.0,93396089.0,12515921.0,21938118.0,46149063.0,437780843.0,375215943.0,250843947.0,246060041.0,186936896.0
bcd063af0a3b800fe8afeecd6fe37b47,1398/12/29,244.0,0.0,83.0,900000.0,900000.0,900000.0,219600000.0,0.0,0.0,,,,,,,,,,,,,,,,,
bcd063af0a3b800fe8afeecd6fe37b47,1399/06/31,158.0,210.0,244.0,900000.0,900000.0,900000.0,142200000.0,0.0,0.0,,,,,,,,,,,,,,,,,
bcd063af0a3b800fe8afeecd6fe37b47,1399/09/30,296.0,183.0,244.0,900000.0,900000.0,900000.0,266400000.0,180.0,116.0,,,,,,,,,,,,,,,,,
bcd063af0a3b800fe8afeecd6fe37b47,1400/03/31,139.0,79.0,322.0,900000.0,900000.0,900000.0,125100000.0,113.0,26.0,,,,,,,,,,,,,,,,,
bcd063af0a3b800fe8afeecd6fe37b47,1400/09/30,454.0,228.0,322.0,900000.0,900000.0,900000.0,408600000.0,314.0,140.0,,,,,,,,,,,,,,,,,
bcd063af0a3b800fe8afeecd6fe37b47,1400/12/29,578.0,0.0,322.0,900000.0,0.0,900000.0,520200000.0,371.0,207.0,,,,,,,,,,,,,,,,,
bcd063af0a3b800fe8afeecd6fe37b47,1401/03/31,157.0,139.0,572.0,900000.0,900000.0,900000.0,141300000.0,115.0,42.0,,,,,,,,,,,,,,,,,
bcd063af0a3b800fe8afeecd6fe37b47,1401/06/31,712.0,279.0,572.0,900000.0,900000.0,900000.0,640800000.0,561.0,151.0,,,,,,,,,,,,,,,,,
bcd063af0a3b800fe8afeecd6fe37b47,1401/09/30,870.0,454.0,572.0,900000.0,900000.0,900000.0,783000000.0,658.0,212.0,,,,,,,,,,,,,,,,,
bcd063af0a3b800fe8afeecd6fe37b47,1401/12/29,1208.0,0.0,572.0,900000.0,0.0,900000.0,1087200000.0,871.0,309.0,,,,,,,,,,,,,,,,,
bcd063af0a3b800fe8afeecd6fe37b47,1402/03/31,450.0,157.0,1208.0,900000.0,900000.0,900000.0,405000000.0,197.0,253.0,,,,,,,,,,,,,,,,,
bcd063af0a3b800fe8afeecd6fe37b47,1402/06/31,1609.0,714.0,1208.0,900000.0,900000.0,900000.0,1448100000.0,1197.0,412.0,,,,,,,,,,,,,,,,,
bcd063af0a3b800fe8afeecd6fe37b47,1402/09/30,2342.0,870.0,1208.0,900000.0,900000.0,900000.0,2107800000.0,1642.0,700.0,,,,,,,,,,,,,,,,,
bcd063af0a3b800fe8afeecd6fe37b47,1402/12/29,2973.0,0.0,1208.0,900000.0,0.0,900000.0,2675700000.0,1893.0,1080.0,,,,,,,,,,,,,,,,,
bcd063af0a3b800fe8afeecd6fe37b47,1403/03/31,474.0,450.0,2973.0,900000.0,900000.0,900000.0,426600000.0,376.0,98.0,,,,,,,,,,,,,,,,,
bcd063af0a3b800fe8afeecd6fe37b47,1403/06/31,837.0,1525.0,2973.0,900000.0,900000.0,900000.0,753300000.0,557.0,280.0,,,,,,,,,,,,,,,,,
bcd063af0a3b800fe8afeecd6fe37b47,1403/09/30,2232.0,2342.0,2973.0,900000.0,900000.0,900000.0,2008800000.0,1643.0,589.0,,,,,,,,,,,,,,,,,
bcd063af0a3b800fe8afeecd6fe37b47,1403/12/30,2923.0,0.0,2973.0,900000.0,0.0,900000.0,2630700000.0,2063.0,860.0,,,,,,,,,,,,,,,,,
bcd063af0a3b800fe8afeecd6fe37b47,1404/03/31,535.0,474.0,2923.0,900000.0,900000.0,900000.0,481500000.0,437.0,98.0,,,,,,,,,,,,,,,,,
bcd063af0a3b800fe8afeecd6fe37b47,1404/06/31,2117.0,878.0,2923.0,900000.0,900000.0,900000.0,1905300000.0,1514.0,577.0,,,,,,,,,,,,,,,,,
bcd063af0a3b800fe8afeecd6fe37b47,1404/09/30,3530.0,2232.0,2923.0,900000.0,900000.0,900000.0,3177000000.0,2798.0,732.0,,,,,,,,,,,,,,,,,
bcd063af0a3b800fe8afeecd6fe37b47,1404/12/29,6801.0,0.0,2923.0,900000.0,0.0,900000.0,6120900000.0,5487.0,1314.0,,,,,,,,,,,,,,,,,
bcd063af0a3b800fe8afeecd6fe37b47,1405/03/31,1743.0,535.0,6694.0,900000.0,900000.0,900000.0,1568700000.0,853380.0,393403.0,,,,,,,,,,,,,,,,,
bd0ee973f3ff87b60181493e77d55264,1398/03/31,0.0,0.0,0.0,2735000.0,0.0,2735000.0,0.0,-1.0,100.0,,,,,,,,,,,,,,,,,
bd0ee973f3ff87b60181493e77d55264,1398/06/31,0.0,0.0,0.0,2735000.0,0.0,2735000.0,0.0,-1.0,100.0,,,,,,,,,,,,,,,,,
bd0ee973f3ff87b60181493e77d55264,1398/09/30,0.0,0.0,0.0,2735000.0,0.0,2735000.0,0.0,-1.0,100.0,,,,,,,,,,,,,,,,,
bd0ee973f3ff87b60181493e77d55264,1398/12/29,0.0,0.0,0.0,2735000.0,0.0,2735000.0,0.0,-1.0,100.0,,,,,,,,,,,,,,,,,
bd0ee973f3ff87b60181493e77d55264,1399/03/31,0.0,0.0,0.0,2735000.0,0.0,2735000.0,0.0,-1.0,100.0,,,,,,,,,,,,,,,,,
bd0ee973f3ff87b60181493e77d55264,1399/06/31,0.0,0.0,0.0,2735000.0,19.0,2735000.0,0.0,-1.0,100.0,,,,,,,,,,,,,,,,,
bd0ee973f3ff87b60181493e77d55264,1399/09/30,0.0,0.0,0.0,2735000.0,19.0,2735000.0,0.0,-1.0,100.0,,,,,,,,,,,,,,,,,
bd0ee973f3ff87b60181493e77d55264,1399/12/30,1971.0,0.0,0.0,3241000.0,2735000.0,19.0,6388011000.0,-1.0,100.0,,,,,,,,,,,,,,,,,
bd0ee973f3ff87b60181493e77d55264,1400/03/31,-2.0,-2.0,0.0,3241000.0,3241000.0,0.0,-6482000.0,-1.0,100.0,,,,,,,,,,,,,,,,,
bd0ee973f3ff87b60181493e77d55264,1400/06/31,35.0,186.0,-81.0,3241000.0,3241000.0,0.0,113435000.0,-1.0,100.0,,,,,,,,,,,,,,,,,
bd0ee973f3ff87b60181493e77d55264,1400/09/30,29.0,309.0,-91.0,3241000.0,3241000.0,0.0,93989000.0,-1.0,100.0,,,,,,,,,,,,,,,,,
bd0ee973f3ff87b60181493e77d55264,1400/12/29,975.0,0.0,0.0,3241000.0,3241000.0,0.0,3159975000.0,-1.0,100.0,,,,,,,,,,,,,,,,,
bd0ee973f3ff87b60181493e77d55264,1401/03/31,2.0,-2.0,0.0,3241000.0,3241000.0,0.0,6482000.0,-1.0,100.0,,,,,,,,,,,,,,,,,
bd0ee973f3ff87b60181493e77d55264,1401/06/31,122.0,26.0,369.0,6975000.0,3241000.0,115.0,850950000.0,-1.0,100.0,,,,,,,,,,,,,,,,,
bd0ee973f3ff87b60181493e77d55264,1401/09/30,132.0,29.0,355.0,6975000.0,3241000.0,115.0,920700000.0,-1.0,100.0,,,,,,,,,,,,,,,,,
bd0ee973f3ff87b60181493e77d55264,1401/12/29,917.0,0.0,0.0,6975000.0,3241000.0,115.0,6396075000.0,-1.0,100.0,,,,,,,,,,,,,,,,,
bd0ee973f3ff87b60181493e77d55264,1402/03/31,77.0,1.0,0.0,6975000.0,6975000.0,0.0,537075000.0,-1.0,100.0,,,,,,,,,,,,,,,,,
bd0ee973f3ff87b60181493e77d55264,1402/06/31,87.0,119.0,0.0,6975000.0,6975000.0,0.0,606825000.0,-1.0,100.0,,,,,,,,,,,,,,,,,
bd0ee973f3ff87b60181493e77d55264,1402/09/30,199.0,132.0,51.0,6975000.0,6975000.0,0.0,1388025000.0,-1.0,100.0,,,,,,,,,,,,,,,,,
bd0ee973f3ff87b60181493e77d55264,1402/12/29,1059.0,0.0,0.0,6975000.0,6975000.0,0.0,7386525000.0,-1.0,100.0,,,,,,,,,,,,,,,,,
bd0ee973f3ff87b60181493e77d55264,1403/03/31,-1.0,77.0,0.0,6975000.0,6975000.0,0.0,-6975000.0,-1.0,100.0,,,,,,,,,,,,,,,,,
bd0ee973f3ff87b60181493e77d55264,1403/06/31,16.0,88.0,0.0,6975000.0,6975000.0,0.0,111600000.0,-1.0,100.0,,,,,,,,,,,,,,,,,
bd0ee973f3ff87b60181493e77d55264,1403/09/30,242.0,199.0,1059.0,6975000.0,6975000.0,6975000.0,1687950000.0,-1.0,100.0,,,,,,,,,,,,,,,,,
bd0ee973f3ff87b60181493e77d55264,1403/12/30,1295.0,0.0,1971.0,6975000.0,6975000.0,6975000.0,9032625000.0,-1.0,100.0,,,,,,,,,,,,,,,,,
bd0ee973f3ff87b60181493e77d55264,1404/03/31,6.0,-1.0,495.0,6975000.0,6975000.0,6975000.0,41850000.0,-1.0,100.0,,,,,,,,,,,,,,,,,
bd0ee973f3ff87b60181493e77d55264,1404/06/31,-22.0,16.0,495.0,6975000.0,6975000.0,6975000.0,-153450000.0,-1.0,100.0,,,,,,,,,,,,,,,,,
bd0ee973f3ff87b60181493e77d55264,1404/09/30,42.0,242.0,495.0,14521000.0,6975000.0,6975000.0,609882000.0,-1.0,100.0,,,,,,,,,,,,,,,,,
bd0ee973f3ff87b60181493e77d55264,1404/12/29,178.0,93.0,546.0,10000000.0,10000000.0,10000000.0,1780000000.0,318.0,-128.0,,,,,,,,,,,,,,,,,
bd0ee973f3ff87b60181493e77d55264,1405/03/31,1077.0,168.0,533.0,10000000.0,10000000.0,10000000.0,10770000000.0,15691463.0,3954857.0,,26243920.0,11458468.0,,-2651610.0,304712.0,,,,,,,,,,,
bda1926ec65a0bac619855e021b6b61c,1398/03/31,407.0,42.0,467.0,23957666.0,23957666.0,23957666.0,9750770062.0,1.0,1.0,,,,,,,,,,,,,,,,,
bda1926ec65a0bac619855e021b6b61c,1398/06/31,544.0,170.0,467.0,23957666.0,23957666.0,23957666.0,13032970304.0,1.0,1.0,,,,,,,,,,,,,,,,,
bda1926ec65a0bac619855e021b6b61c,1398/09/30,609.0,322.0,467.0,23957666.0,23957666.0,23957666.0,14590218594.0,1.0,1.0,,,,,,,,,,,,,,,,,
bda1926ec65a0bac619855e021b6b61c,1398/12/29,633.0,0.0,467.0,23957666.0,23957666.0,23957666.0,15165202578.0,1.0,1.0,,,,,,,,,,,,,,,,,
bda1926ec65a0bac619855e021b6b61c,1399/03/31,136.0,407.0,637.0,23957666.0,23957666.0,23957666.0,3258242576.0,1.0,1.0,,,,,,,,,,,,,,,,,
bda1926ec65a0bac619855e021b6b61c,1399/06/31,312.0,544.0,637.0,23957666.0,23957666.0,23957666.0,7474791792.0,1.0,1.0,,,,,,,,,,,,,,,,,
bda1926ec65a0bac619855e021b6b61c,1399/09/30,579.0,482.0,541.0,23957666.0,23957666.0,23957666.0,13871488614.0,1.0,1.0,,,,,,,,,,,,,,,,,
bda1926ec65a0bac619855e021b6b61c,1399/12/30,847.0,0.0,498.0,23957666.0,23957666.0,23957666.0,20292143102.0,1.0,1.0,,,,,,,,,,,,,,,,,
bda1926ec65a0bac619855e021b6b61c,1400/03/31,449.0,113.0,875.0,23957666.0,23957666.0,23957666.0,10756992034.0,1.0,1.0,,,,,,,,,,,,,,,,,
bda1926ec65a0bac619855e021b6b61c,1400/06/31,809.0,312.0,875.0,23957666.0,23957666.0,23957666.0,19381751794.0,1.0,1.0,,,,,,,,,,,,,,,,,
bda1926ec65a0bac619855e021b6b61c,1400/09/30,1237.0,579.0,875.0,23957666.0,23957666.0,23957666.0,29635632842.0,1.0,1.0,,,,,,,,,,,,,,,,,
bda1926ec65a0bac619855e021b6b61c,1400/12/29,1508.0,0.0,875.0,23957666.0,23957666.0,23957666.0,36128160328.0,1.0,1.0,,,,,,,,,,,,,,,,,
bda1926ec65a0bac619855e021b6b61c,1401/03/31,438.0,449.0,1371.0,23957666.0,23957666.0,23957666.0,10493457708.0,1.0,1.0,,,,,,,,,,,,,,,,,
bda1926ec65a0bac619855e021b6b61c,1401/06/31,793.0,815.0,1371.0,23957666.0,23957666.0,23957666.0,18998429138.0,1.0,1.0,,,,,,,,,,,,,,,,,
bda1926ec65a0bac619855e021b6b61c,1401/09/30,969.0,1237.0,1371.0,23957666.0,23957666.0,23957666.0,23214978354.0,1.0,1.0,,,,,,,,,,,,,,,,,
bda1926ec65a0bac619855e021b6b61c,1401/12/29,1448.0,0.0,1371.0,23957666.0,23957666.0,23957666.0,34690700368.0,1.0,1.0,,,,,,,,,,,,,,,,,
bda1926ec65a0bac619855e021b6b61c,1402/03/31,1157.0,438.0,1427.0,23957666.0,23957666.0,23957666.0,27719019562.0,1.0,1.0,,,,,,,,,,,,,,,,,
bda1926ec65a0bac619855e021b6b61c,1402/06/31,1806.0,835.0,1427.0,23957666.0,23957666.0,23957666.0,43267544796.0,1.0,1.0,,,,,,,,,,,,,,,,,
bda1926ec65a0bac619855e021b6b61c,1402/09/30,2269.0,969.0,1427.0,23957666.0,23957666.0,23957666.0,54359944154.0,1.0,1.0,,,,,,,,,,,,,,,,,
bda1926ec65a0bac619855e021b6b61c,1402/12/29,2036.0,0.0,1427.0,23957666.0,23957666.0,23957666.0,48777807976.0,1.0,1.0,,,,,,,,,,,,,,,,,
bda1926ec65a0bac619855e021b6b61c,1403/03/31,465.0,1157.0,1953.0,23957666.0,23957666.0,23957666.0,11140314690.0,1.0,1.0,,,,,,,,,,,,,,,,,
bda1926ec65a0bac619855e021b6b61c,1403/06/31,688.0,1806.0,1953.0,23957666.0,23957666.0,23957666.0,16482874208.0,1.0,1.0,,,,,,,,,,,,,,,,,
bda1926ec65a0bac619855e021b6b61c,1403/09/30,469.0,2269.0,1953.0,23957666.0,23957666.0,23957666.0,11236145354.0,1.0,1.0,,,,,,,,,,,,,,,,,
bda1926ec65a0bac619855e021b6b61c,1403/12/30,723.0,0.0,1953.0,23957666.0,23957666.0,23957666.0,17321392518.0,1.0,1.0,,,,,,,,,,,,,,,,,
bda1926ec65a0bac619855e021b6b61c,1404/03/31,171.0,465.0,736.0,23957666.0,23957666.0,23957666.0,4096760886.0,1.0,1.0,,,,,,,,,,,,,,,,,
bda1926ec65a0bac619855e021b6b61c,1404/06/31,522.0,212.0,736.0,23957666.0,23957666.0,23957666.0,12505901652.0,1.0,1.0,,,,,,,,,,,,,,,,,
bda1926ec65a0bac619855e021b6b61c,1404/09/30,1069.0,469.0,736.0,23957666.0,23957666.0,23957666.0,25610744954.0,1.0,1.0,,,,,,,,,,,,,,,,,
bda1926ec65a0bac619855e021b6b61c,1404/12/29,1182.0,736.0,,34000000.0,23957666.0,,40188000000.0,46428746.0,20761501.0,,,,,,,,,,,,,,,,,
bda1926ec65a0bac619855e021b6b61c,1405/03/31,10.0,120.0,1209.0,34000000.0,34000000.0,34000000.0,340000000.0,101056.0,4950507.0,,82083097.0,87165585.0,,-220040.0,445412.0,,,,,,,,,,,
bde997b478a960687f241894a21e4fdb,1398/09/30,1106.0,485.0,684.0,78000000.0,78000000.0,78000000.0,86268000000.0,1.0,1.0,,,,,,,,,,,,,,,,,
bde997b478a960687f241894a21e4fdb,1398/12/29,1217.0,0.0,631.0,101400000.0,78000000.0,78000000.0,123403800000.0,1.0,1.0,,,,,,,,,,,,,,,,,
bde997b478a960687f241894a21e4fdb,1399/03/31,343.0,310.0,1199.0,101400000.0,101400000.0,101400000.0,34780200000.0,1.0,1.0,,,,,,,,,,,,,,,,,
bde997b478a960687f241894a21e4fdb,1399/06/31,1008.0,568.0,1199.0,101400000.0,101400000.0,101400000.0,102211200000.0,1.0,1.0,,,,,,,,,,,,,,,,,
bde997b478a960687f241894a21e4fdb,1399/09/30,869.0,431.0,608.0,200000000.0,200000000.0,200000000.0,173800000000.0,1.0,1.0,,,,,,,,,,,,,,,,,
bde997b478a960687f241894a21e4fdb,1399/12/30,1348.0,0.0,606.0,200000000.0,101400000.0,200000000.0,269600000000.0,1.0,1.0,,,,,,,,,,,,,,,,,
bde997b478a960687f241894a21e4fdb,1400/03/31,474.0,174.0,1302.0,200000000.0,200000000.0,200000000.0,94800000000.0,1.0,1.0,,,,,,,,,,,,,,,,,
bde997b478a960687f241894a21e4fdb,1400/06/31,1242.0,485.0,1302.0,200000000.0,200000000.0,200000000.0,248400000000.0,1.0,1.0,,,,,,,,,,,,,,,,,
bde997b478a960687f241894a21e4fdb,1400/09/30,946.0,434.0,651.0,400000000.0,400000000.0,400000000.0,378400000000.0,1.0,1.0,,,,,,,,,,,,,,,,,
bde997b478a960687f241894a21e4fdb,1400/12/29,1262.0,0.0,655.0,400000000.0,200000000.0,400000000.0,504800000000.0,1.0,1.0,,,,,,,,,,,,,,,,,
bde997b478a960687f241894a21e4fdb,1401/03/31,308.0,237.0,1252.0,400000000.0,400000000.0,400000000.0,123200000000.0,1.0,1.0,,,,,,,,,,,,,,,,,
bde997b478a960687f241894a21e4fdb,1401/06/31,570.0,607.0,1252.0,400000000.0,400000000.0,400000000.0,228000000000.0,1.0,1.0,,,,,,,,,,,,,,,,,
bde997b478a960687f241894a21e4fdb,1401/09/30,775.0,946.0,1252.0,400000000.0,400000000.0,400000000.0,310000000000.0,1.0,1.0,,,,,,,,,,,,,,,,,
bde997b478a960687f241894a21e4fdb,1401/12/29,863.0,0.0,1262.0,600000000.0,400000000.0,400000000.0,517800000000.0,1.0,1.0,,,,,,,,,,,,,,,,,
bde997b478a960687f241894a21e4fdb,1402/03/31,252.0,205.0,833.0,600000000.0,600000000.0,600000000.0,151200000000.0,1.0,1.0,,,,,,,,,,,,,,,,,
bde997b478a960687f241894a21e4fdb,1402/06/31,541.0,370.0,833.0,600000000.0,600000000.0,600000000.0,324600000000.0,1.0,1.0,,,,,,,,,,,,,,,,,
bde997b478a960687f241894a21e4fdb,1402/09/30,789.0,517.0,833.0,600000000.0,600000000.0,600000000.0,473400000000.0,1.0,1.0,,,,,,,,,,,,,,,,,
bde997b478a960687f241894a21e4fdb,1402/12/29,789.0,0.0,847.0,780000000.0,600000000.0,600000000.0,615420000000.0,1.0,1.0,,,,,,,,,,,,,,,,,
bde997b478a960687f241894a21e4fdb,1403/03/31,213.0,252.0,744.0,780000000.0,600000000.0,780000000.0,166140000000.0,1.0,1.0,,,,,,,,,,,,,,,,,
bde997b478a960687f241894a21e4fdb,1403/06/31,438.0,435.0,744.0,780000000.0,780000000.0,780000000.0,341640000000.0,1.0,1.0,,,,,,,,,,,,,,,,,
bde997b478a960687f241894a21e4fdb,1403/09/30,680.0,607.0,744.0,780000000.0,780000000.0,780000000.0,530400000000.0,1.0,1.0,,,,,,,,,,,,,,,,,
bde997b478a960687f241894a21e4fdb,1403/12/30,1033.0,0.0,752.0,780000000.0,780000000.0,780000000.0,805740000000.0,1.0,1.0,,,,,,,,,,,,,,,,,
bde997b478a960687f241894a21e4fdb,1404/03/31,191.0,158.0,1008.0,1050000000.0,1050000000.0,780000000.0,200550000000.0,1.0,1.0,,,,,,,,,,,,,,,,,
bde997b478a960687f241894a21e4fdb,1404/06/31,372.0,321.0,748.0,1050000000.0,1050000000.0,1050000000.0,390600000000.0,1.0,1.0,,,,,,,,,,,,,,,,,
bde997b478a960687f241894a21e4fdb,1404/09/30,740.0,429.0,684.0,78000000.0,60000000.0,78000000.0,792750000000.0,1.0,1.0,,,,,,,,,,,,,,,,,
bde997b478a960687f241894a21e4fdb,1404/12/29,1425.0,0.0,719.0,1050000000.0,1050000000.0,1050000000.0,1496250000000.0,1025.0,-31.0,,,,,,,,,,,,,,,,,
bde997b478a960687f241894a21e4fdb,1405/03/31,691.0,191.0,1434.0,1050000000.0,1050000000.0,1050000000.0,725550000000.0,856351461.0,229184380.0,1806426640.0,1297573906.0,458904137.0,3218894510.0,-1148949.0,3084731.0,725886485.0,200762613.0,1506011965.0,598632690.0,109661249.0,1620265320.0,6325060164.0,3176769266.0,2529557166.0,2459098639.0,3795502998.0
be2e68f612059a7c256315b91e2aba36,1398/09/30,1496.0,918.0,1790.0,230400.0,230400.0,230400.0,344678400.0,1.0,1.0,,,,,,,,,,,,,,,,,
be2e68f612059a7c256315b91e2aba36,1398/12/29,1510.0,0.0,1790.0,400000.0,230400.0,230400.0,604000000.0,1.0,1.0,,,,,,,,,,,,,,,,,
be2e68f612059a7c256315b91e2aba36,1399/03/31,320.0,266.0,1510.0,400000.0,400000.0,400000.0,128000000.0,1.0,1.0,,,,,,,,,,,,,,,,,
be2e68f612059a7c256315b91e2aba36,1399/09/30,671.0,328.0,575.0,1050000.0,1050000.0,1050000.0,704550000.0,1.0,1.0,,,,,,,,,,,,,,,,,
be2e68f612059a7c256315b91e2aba36,1399/12/30,1484.0,0.0,575.0,1050000.0,400000.0,1050000.0,1558200000.0,1.0,1.0,,,,,,,,,,,,,,,,,
be2e68f612059a7c256315b91e2aba36,1400/03/31,466.0,122.0,1484.0,1050000.0,1050000.0,1050000.0,489300000.0,1.0,1.0,,,,,,,,,,,,,,,,,
be2e68f612059a7c256315b91e2aba36,1400/06/31,1233.0,321.0,1484.0,1050000.0,1050000.0,1050000.0,1294650000.0,1.0,1.0,,,,,,,,,,,,,,,,,
be2e68f612059a7c256315b91e2aba36,1400/09/30,1508.0,671.0,1484.0,1050000.0,1050000.0,1050000.0,1583400000.0,1.0,1.0,,,,,,,,,,,,,,,,,
be2e68f612059a7c256315b91e2aba36,1400/12/29,1035.0,0.0,779.0,2000000.0,1050000.0,2000000.0,2070000000.0,1.0,1.0,,,,,,,,,,,,,,,,,
be2e68f612059a7c256315b91e2aba36,1401/03/31,220.0,245.0,1035.0,2000000.0,2000000.0,2000000.0,440000000.0,1.0,1.0,,,,,,,,,,,,,,,,,
be2e68f612059a7c256315b91e2aba36,1401/12/29,1265.0,0.0,1972.0,3000000.0,2000000.0,1050000.0,3795000000.0,1.0,1.0,,,,,,,,,,,,,,,,,
be2e68f612059a7c256315b91e2aba36,1402/03/31,178.0,147.0,1265.0,3000000.0,3000000.0,3000000.0,534000000.0,1.0,1.0,,,,,,,,,,,,,,,,,
be2e68f612059a7c256315b91e2aba36,1402/06/31,115.0,453.0,1265.0,3000000.0,3000000.0,3000000.0,345000000.0,1.0,1.0,,,,,,,,,,,,,,,,,
be2e68f612059a7c256315b91e2aba36,1402/09/30,350.0,568.0,1265.0,3000000.0,3000000.0,3000000.0,1050000000.0,1.0,1.0,,,,,,,,,,,,,,,,,
be2e68f612059a7c256315b91e2aba36,1402/12/29,169.0,0.0,1265.0,4500000.0,3000000.0,3000000.0,760500000.0,1.0,1.0,,,,,,,,,,,,,,,,,
be2e68f612059a7c256315b91e2aba36,1403/06/31,214.0,77.0,169.0,4500000.0,4500000.0,4500000.0,963000000.0,1.0,1.0,,,,,,,,,,,,,,,,,
be2e68f612059a7c256315b91e2aba36,1403/09/30,254.0,233.0,169.0,4500000.0,4500000.0,4500000.0,1143000000.0,1.0,1.0,,,,,,,,,,,,,,,,,
be2e68f612059a7c256315b91e2aba36,1403/12/30,253.0,0.0,169.0,5000000.0,4500000.0,4500000.0,1265000000.0,1.0,1.0,,,,,,,,,,,,,,,,,
be2e68f612059a7c256315b91e2aba36,1404/03/31,23.0,64.0,253.0,5000000.0,5000000.0,5000000.0,115000000.0,1.0,1.0,,,,,,,,,,,,,,,,,
be2e68f612059a7c256315b91e2aba36,1404/06/31,-131.0,160.0,253.0,5000000.0,5000000.0,5000000.0,-655000000.0,1.0,1.0,,,,,,,,,,,,,,,,,
be2e68f612059a7c256315b91e2aba36,1404/09/30,123.0,229.0,253.0,5000000.0,5000000.0,5000000.0,615000000.0,1.0,1.0,,,,,,,,,,,,,,,,,
be2e68f612059a7c256315b91e2aba36,1404/12/29,1503.0,0.0,1216.0,15000000.0,10000000.0,10000000.0,22545000000.0,1875.0,-378.0,,,,,,,,,,,,,,,,,
be2e68f612059a7c256315b91e2aba36,1405/03/31,612.0,124.0,1481.0,15000000.0,15000000.0,15000000.0,9180000000.0,12482121.0,3532422.0,29179769.0,30114165.0,11564894.0,79974786.0,-2800476.0,50867.0,9177759.0,1863496.0,22209301.0,9193003.0,683750.0,9767469.0,103079441.0,98874185.0,68930266.0,61658930.0,34149175.0
bf951d5a241fb38b5504e5206704d0d8,1398/09/30,5783.0,2189.0,2650.0,1143422.0,1143422.0,1143422.0,6612409426.0,1.0,1.0,,,,,,,,,,,,,,,,,
bf951d5a241fb38b5504e5206704d0d8,1398/12/29,3797.0,0.0,2650.0,1143422.0,1143422.0,1143422.0,4341573334.0,1.0,1.0,,,,,,,,,,,,,,,,,
bf951d5a241fb38b5504e5206704d0d8,1399/03/31,860.0,2039.0,2441.0,1143422.0,1143422.0,1143422.0,983342920.0,1.0,1.0,,,,,,,,,,,,,,,,,
bf951d5a241fb38b5504e5206704d0d8,1399/06/31,3030.0,4487.0,2441.0,1143422.0,1143422.0,1143422.0,3464568660.0,1.0,1.0,,,,,,,,,,,,,,,,,
bf951d5a241fb38b5504e5206704d0d8,1399/09/30,6594.0,5783.0,2442.0,1143422.0,1143422.0,1143422.0,7539724668.0,1.0,1.0,,,,,,,,,,,,,,,,,
bf951d5a241fb38b5504e5206704d0d8,1399/12/30,17970.0,0.0,2442.0,1143422.0,1143422.0,1143422.0,20547293340.0,1.0,1.0,,,,,,,,,,,,,,,,,
bf951d5a241fb38b5504e5206704d0d8,1400/03/31,6834.0,860.0,17970.0,1143422.0,1143422.0,1143422.0,7814145948.0,1.0,1.0,,,,,,,,,,,,,,,,,
bf951d5a241fb38b5504e5206704d0d8,1400/06/31,13840.0,3897.0,17970.0,1143422.0,1143422.0,1143422.0,15824960480.0,1.0,1.0,,,,,,,,,,,,,,,,,
bf951d5a241fb38b5504e5206704d0d8,1400/09/30,18613.0,6594.0,17970.0,1143422.0,1143422.0,1143422.0,21282513686.0,1.0,1.0,,,,,,,,,,,,,,,,,
bf951d5a241fb38b5504e5206704d0d8,1400/12/29,28132.0,0.0,17970.0,1143422.0,1143422.0,1143422.0,32166747704.0,1.0,1.0,,,,,,,,,,,,,,,,,
bf951d5a241fb38b5504e5206704d0d8,1401/03/31,2032.0,977.0,3567.0,8000000.0,8000000.0,8000000.0,16256000000.0,1.0,1.0,,,,,,,,,,,,,,,,,
bf951d5a241fb38b5504e5206704d0d8,1401/06/31,3704.0,2124.0,3567.0,8000000.0,8000000.0,8000000.0,29632000000.0,1.0,1.0,,,,,,,,,,,,,,,,,
bf951d5a241fb38b5504e5206704d0d8,1401/09/30,4352.0,2635.0,3567.0,8000000.0,8000000.0,8000000.0,34816000000.0,1.0,1.0,,,,,,,,,,,,,,,,,
bf951d5a241fb38b5504e5206704d0d8,1401/12/29,5246.0,0.0,24953.0,8000000.0,1143422.0,1143422.0,41968000000.0,1.0,1.0,,,,,,,,,,,,,,,,,
bf951d5a241fb38b5504e5206704d0d8,1402/03/31,280.0,2032.0,5553.0,8000000.0,8000000.0,8000000.0,2240000000.0,1.0,1.0,,,,,,,,,,,,,,,,,
bf951d5a241fb38b5504e5206704d0d8,1402/06/31,1834.0,3764.0,5553.0,8000000.0,8000000.0,8000000.0,14672000000.0,1.0,1.0,,,,,,,,,,,,,,,,,
bf951d5a241fb38b5504e5206704d0d8,1402/09/30,2406.0,4353.0,5553.0,8000000.0,8000000.0,8000000.0,19248000000.0,1.0,1.0,,,,,,,,,,,,,,,,,
bf951d5a241fb38b5504e5206704d0d8,1402/12/29,5029.0,0.0,5553.0,8000000.0,8000000.0,8000000.0,40232000000.0,1.0,1.0,,,,,,,,,,,,,,,,,
bf951d5a241fb38b5504e5206704d0d8,1403/03/31,677.0,280.0,5029.0,8000000.0,8000000.0,8000000.0,5416000000.0,1.0,1.0,,,,,,,,,,,,,,,,,
bf951d5a241fb38b5504e5206704d0d8,1403/06/31,980.0,1818.0,5029.0,8000000.0,8000000.0,8000000.0,7840000000.0,1.0,1.0,,,,,,,,,,,,,,,,,
bf951d5a241fb38b5504e5206704d0d8,1403/09/30,1021.0,2406.0,5029.0,8000000.0,8000000.0,8000000.0,8168000000.0,1.0,1.0,,,,,,,,,,,,,,,,,
bf951d5a241fb38b5504e5206704d0d8,1403/12/30,2320.0,0.0,5029.0,8000000.0,8000000.0,8000000.0,18560000000.0,1.0,1.0,,,,,,,,,,,,,,,,,
bf951d5a241fb38b5504e5206704d0d8,1404/03/31,1898.0,677.0,2582.0,8000000.0,8000000.0,8000000.0,15184000000.0,1.0,1.0,,,,,,,,,,,,,,,,,
bf951d5a241fb38b5504e5206704d0d8,1404/06/31,3499.0,813.0,2583.0,8000000.0,8000000.0,8000000.0,27992000000.0,1.0,1.0,,,,,,,,,,,,,,,,,
bf951d5a241fb38b5504e5206704d0d8,1404/09/30,3862.0,1206.0,2650.0,1143422.0,1143422.0,1143422.0,36888000000.0,1.0,1.0,,,,,,,,,,,,,,,,,
bf951d5a241fb38b5504e5206704d0d8,1404/12/29,7854.0,2583.0,,8000000.0,8000000.0,,62832000000.0,82045117.0,27950462.0,,,,,,,,,,,,,,,,,
bf951d5a241fb38b5504e5206704d0d8,1405/03/31,189.0,1898.0,7854.0,8000000.0,8000000.0,8000000.0,1512000000.0,3464071.0,20340086.0,,,,,,,,,,,,,,,,,
c219bd90953f64ecb6ff2dbf5f96ee33,1403/01/31,59.0,22.0,221.0,4000000.0,4000000.0,4000000.0,236000000.0,0.0,0.0,,,,,,,,,,,,,,,,,
c219bd90953f64ecb6ff2dbf5f96ee33,1403/04/31,111.0,93.0,221.0,4000000.0,4000000.0,4000000.0,444000000.0,105.0,6.0,,,,,,,,,,,,,,,,,
c219bd90953f64ecb6ff2dbf5f96ee33,1403/07/30,322.0,152.0,221.0,4000000.0,4000000.0,4000000.0,1288000000.0,315.0,7.0,,,,,,,,,,,,,,,,,
c219bd90953f64ecb6ff2dbf5f96ee33,1403/10/30,401.0,0.0,221.0,4000000.0,4000000.0,4000000.0,1604000000.0,384.0,17.0,,,,,,,,,,,,,,,,,
c219bd90953f64ecb6ff2dbf5f96ee33,1404/01/31,52.0,59.0,401.0,4000000.0,4000000.0,4000000.0,208000000.0,50.0,2.0,,,,,,,,,,,,,,,,,
c219bd90953f64ecb6ff2dbf5f96ee33,1404/04/31,292.0,127.0,401.0,4000000.0,4000000.0,4000000.0,1168000000.0,290.0,2.0,,,,,,,,,,,,,,,,,
c219bd90953f64ecb6ff2dbf5f96ee33,1404/07/30,527.0,322.0,401.0,4000000.0,4000000.0,4000000.0,2108000000.0,469.0,58.0,,,,,,,,,,,,,,,,,
c219bd90953f64ecb6ff2dbf5f96ee33,1404/10/30,758.0,0.0,401.0,4000000.0,4000000.0,4000000.0,3032000000.0,596.0,162.0,,,,,,,,,,,,,,,,,
c219bd90953f64ecb6ff2dbf5f96ee33,1405/01/31,72.0,52.0,758.0,4000000.0,4000000.0,4000000.0,288000000.0,38.0,34.0,,,,,,,,,,,,,,,,,
c2ef7e2898d4f65377c112a6be867fd4,1399/01/31,-133.0,98.0,65.0,510000.0,510000.0,510000.0,-67830000.0,1.0,1.0,,,,,,,,,,,,,,,,,
c2ef7e2898d4f65377c112a6be867fd4,1399/04/31,-203.0,0.0,51.0,510000.0,510000.0,510000.0,-103530000.0,1.0,1.0,,,,,,,,,,,,,,,,,
c2ef7e2898d4f65377c112a6be867fd4,1399/07/30,-160.0,-40.0,-201.0,510000.0,510000.0,510000.0,-81600000.0,1.0,1.0,,,,,,,,,,,,,,,,,
c2ef7e2898d4f65377c112a6be867fd4,1399/10/30,46.0,-77.0,-201.0,510000.0,510000.0,510000.0,23460000.0,1.0,1.0,,,,,,,,,,,,,,,,,
c2ef7e2898d4f65377c112a6be867fd4,1400/01/31,-52.0,-133.0,-202.0,510000.0,510000.0,510000.0,-26520000.0,1.0,1.0,,,,,,,,,,,,,,,,,
c2ef7e2898d4f65377c112a6be867fd4,1400/04/31,16.0,0.0,-72.0,6462809.0,510000.0,510000.0,103404944.0,1.0,1.0,,,,,,,,,,,,,,,,,
c2ef7e2898d4f65377c112a6be867fd4,1400/07/30,14.0,-160.0,16.0,6462809.0,510000.0,6462809.0,90479326.0,1.0,1.0,,,,,,,,,,,,,,,,,
c2ef7e2898d4f65377c112a6be867fd4,1400/10/30,-1.0,51.0,16.0,6462809.0,510000.0,6462809.0,-6462809.0,1.0,1.0,,,,,,,,,,,,,,,,,
c2ef7e2898d4f65377c112a6be867fd4,1401/01/31,-6.0,-52.0,16.0,6462809.0,6462809.0,6462809.0,-38776854.0,1.0,1.0,,,,,,,,,,,,,,,,,
c2ef7e2898d4f65377c112a6be867fd4,1401/04/31,-55.0,0.0,16.0,6462809.0,6462809.0,6462809.0,-355454495.0,1.0,1.0,,,,,,,,,,,,,,,,,
c2ef7e2898d4f65377c112a6be867fd4,1401/10/30,14.0,-1.0,-55.0,6462809.0,6462809.0,6462809.0,90479326.0,1.0,1.0,,,,,,,,,,,,,,,,,
c2ef7e2898d4f65377c112a6be867fd4,1402/01/31,-19.0,-6.0,-55.0,6462809.0,6462809.0,6462809.0,-122793371.0,1.0,1.0,,,,,,,,,,,,,,,,,
c2ef7e2898d4f65377c112a6be867fd4,1402/04/31,-156.0,0.0,-55.0,6462809.0,6462809.0,6462809.0,-1008198204.0,1.0,1.0,,,,,,,,,,,,,,,,,
c2ef7e2898d4f65377c112a6be867fd4,1402/07/30,-1.0,4.0,-156.0,6462809.0,6462809.0,6462809.0,-6462809.0,1.0,1.0,,,,,,,,,,,,,,,,,
c2ef7e2898d4f65377c112a6be867fd4,1402/10/30,58.0,-7.0,-155.0,6462809.0,6462809.0,6462809.0,374842922.0,1.0,1.0,,,,,,,,,,,,,,,,,
c2ef7e2898d4f65377c112a6be867fd4,1403/01/31,67.0,-19.0,-155.0,6462809.0,6462809.0,6462809.0,433008203.0,1.0,1.0,,,,,,,,,,,,,,,,,
c2ef7e2898d4f65377c112a6be867fd4,1403/04/31,22.0,0.0,-155.0,6462809.0,6462809.0,6462809.0,142181798.0,1.0,1.0,,,,,,,,,,,,,,,,,
c2ef7e2898d4f65377c112a6be867fd4,1403/07/30,23.0,-1.0,12.0,6462809.0,6462809.0,6462809.0,148644607.0,1.0,1.0,,,,,,,,,,,,,,,,,
c2ef7e2898d4f65377c112a6be867fd4,1403/10/30,137.0,6.0,12.0,6462809.0,6462809.0,6462809.0,885404833.0,1.0,1.0,,,,,,,,,,,,,,,,,
c2ef7e2898d4f65377c112a6be867fd4,1404/01/31,401.0,67.0,12.0,6462809.0,6462809.0,6462809.0,2591586409.0,1.0,1.0,,,,,,,,,,,,,,,,,
c2ef7e2898d4f65377c112a6be867fd4,1404/04/31,406.0,0.0,8.0,6462809.0,6462809.0,6462809.0,2623900454.0,1.0,1.0,,,,,,,,,,,,,,,,,
c2ef7e2898d4f65377c112a6be867fd4,1404/07/30,17.0,23.0,406.0,6462809.0,6462809.0,6462809.0,109867753.0,1.0,1.0,,,,,,,,,,,,,,,,,
c2ef7e2898d4f65377c112a6be867fd4,1404/10/30,-40.0,-68.0,51.0,510000.0,510000.0,510000.0,872479215.0,1.0,1.0,,,,,,,,,,,,,,,,,
c2ef7e2898d4f65377c112a6be867fd4,1405/01/31,120.0,410.0,499.0,6462809.0,6462809.0,6462809.0,775537080.0,509586.0,2554664.0,2570587.0,13939595.0,9471156.0,10904835.0,-117343.0,515593.0,778623.0,2649901.0,3221926.0,-538294.0,-2410883.0,-2400941.0,14625872.0,6132669.0,5027910.0,4702828.0,9597962.0
c373c2297b48b0838e26f18bf2419ddb,1398/09/30,1415.0,897.0,1456.0,3529200.0,3529200.0,3529200.0,4993818000.0,1.0,1.0,,,,,,,,,,,,,,,,,
c373c2297b48b0838e26f18bf2419ddb,1398/12/29,1953.0,0.0,1456.0,3529200.0,3529200.0,3529200.0,6892527600.0,1.0,1.0,,,,,,,,,,,,,,,,,
c373c2297b48b0838e26f18bf2419ddb,1399/03/31,775.0,669.0,1953.0,3529200.0,3529200.0,3529200.0,2735130000.0,1.0,1.0,,,,,,,,,,,,,,,,,
c373c2297b48b0838e26f18bf2419ddb,1399/06/31,0.0,0.0,0.0,3259200.0,3529200.0,3529200.0,0.0,1.0,1.0,,,,,,,,,,,,,,,,,
c373c2297b48b0838e26f18bf2419ddb,1399/09/30,2633.0,1415.0,1953.0,3529200.0,3529200.0,3529200.0,9292383600.0,1.0,1.0,,,,,,,,,,,,,,,,,
c373c2297b48b0838e26f18bf2419ddb,1399/12/30,3523.0,0.0,1953.0,3529200.0,3529200.0,3529200.0,12433371600.0,1.0,1.0,,,,,,,,,,,,,,,,,
c373c2297b48b0838e26f18bf2419ddb,1400/03/31,1489.0,775.0,3523.0,3529200.0,3529200.0,3529200.0,5254978800.0,1.0,1.0,,,,,,,,,,,,,,,,,
c373c2297b48b0838e26f18bf2419ddb,1400/06/31,0.0,0.0,0.0,0.0,0.0,0.0,0.0,1.0,1.0,,,,,,,,,,,,,,,,,
c373c2297b48b0838e26f18bf2419ddb,1400/09/30,5431.0,2633.0,3523.0,3529200.0,3529200.0,3529200.0,19167085200.0,1.0,1.0,,,,,,,,,,,,,,,,,
c373c2297b48b0838e26f18bf2419ddb,1400/12/29,11130.0,0.0,3523.0,3529200.0,3529200.0,3529200.0,39279996000.0,1.0,1.0,,,,,,,,,,,,,,,,,
c373c2297b48b0838e26f18bf2419ddb,1401/03/31,3744.0,1489.0,11130.0,3529200.0,3529200.0,3529200.0,13213324800.0,1.0,1.0,,,,,,,,,,,,,,,,,
c373c2297b48b0838e26f18bf2419ddb,1401/06/31,6935.0,4045.0,11130.0,3529200.0,3529200.0,3529200.0,24475002000.0,1.0,1.0,,,,,,,,,,,,,,,,,
c373c2297b48b0838e26f18bf2419ddb,1401/09/30,11160.0,5431.0,11130.0,3529200.0,3529200.0,3529200.0,39385872000.0,1.0,1.0,,,,,,,,,,,,,,,,,
c373c2297b48b0838e26f18bf2419ddb,1401/12/29,13199.0,0.0,11130.0,3529200.0,0.0,3529200.0,46581910800.0,1.0,1.0,,,,,,,,,,,,,,,,,
c373c2297b48b0838e26f18bf2419ddb,1402/03/31,2168.0,3744.0,13755.0,3529200.0,3529200.0,3529200.0,7651305600.0,1.0,1.0,,,,,,,,,,,,,,,,,
c373c2297b48b0838e26f18bf2419ddb,1402/06/31,1242.0,6935.0,13755.0,10587600.0,3529200.0,3529200.0,13149799200.0,1.0,1.0,,,,,,,,,,,,,,,,,
c373c2297b48b0838e26f18bf2419ddb,1402/09/30,2208.0,11160.0,13755.0,10587600.0,3529200.0,3529200.0,23377420800.0,1.0,1.0,,,,,,,,,,,,,,,,,
c373c2297b48b0838e26f18bf2419ddb,1402/12/29,2841.0,0.0,13755.0,10587600.0,3529200.0,3529200.0,30079371600.0,1.0,1.0,,,,,,,,,,,,,,,,,
c373c2297b48b0838e26f18bf2419ddb,1403/03/31,280.0,723.0,2860.0,10587600.0,10587600.0,10587600.0,2964528000.0,1.0,1.0,,,,,,,,,,,,,,,,,
c373c2297b48b0838e26f18bf2419ddb,1403/06/31,1053.0,1095.0,2860.0,10587600.0,10587600.0,10587600.0,11148742800.0,1.0,1.0,,,,,,,,,,,,,,,,,
c373c2297b48b0838e26f18bf2419ddb,1403/09/30,2178.0,2859.0,3511.0,10587600.0,10587600.0,10587600.0,23059792800.0,1.0,1.0,,,,,,,,,,,,,,,,,
c373c2297b48b0838e26f18bf2419ddb,1403/12/30,1977.0,0.0,3511.0,10587600.0,10587600.0,10587600.0,20931685200.0,1.0,1.0,,,,,,,,,,,,,,,,,
c373c2297b48b0838e26f18bf2419ddb,1404/03/31,410.0,280.0,1940.0,10587600.0,10587600.0,10587600.0,4340916000.0,1.0,1.0,,,,,,,,,,,,,,,,,
c373c2297b48b0838e26f18bf2419ddb,1404/06/31,2985.0,934.0,1940.0,10587600.0,10587600.0,10587600.0,31603986000.0,1.0,1.0,,,,,,,,,,,,,,,,,
c373c2297b48b0838e26f18bf2419ddb,1404/09/30,5910.0,2838.0,2598.0,10587600.0,0.0,0.0,62572716000.0,72741651.0,36362720.0,,,,,,,,,,,,,,,,,
c373c2297b48b0838e26f18bf2419ddb,1404/12/29,6210.0,2591.0,,10587600.0,10587600.0,,65748996000.0,79141856.0,35795385.0,,,,,,,,,,,,,,,,,
c373c2297b48b0838e26f18bf2419ddb,1405/03/31,1041.0,410.0,6051.0,10587600.0,10587600.0,10587600.0,11021691600.0,16063339.0,7971931.0,78571849.0,29173478.0,18148916.0,142700790.0,-2965059.0,-363627.0,11017707.0,4340078.0,64063306.0,-3049560.0,4716371.0,29808739.0,322064225.0,120745723.0,161182305.0,154599016.0,160881920.0
c45bd2f33db1b2f949e77b9db3b4ec72,1398/12/29,1174.0,0.0,1010.0,185000.0,150000.0,150000.0,217190000.0,1.0,1.0,,,,,,,,,,,,,,,,,
c45bd2f33db1b2f949e77b9db3b4ec72,1399/03/31,558.0,357.0,1419.0,185000.0,150000.0,185000.0,103230000.0,1.0,1.0,,,,,,,,,,,,,,,,,
c45bd2f33db1b2f949e77b9db3b4ec72,1399/06/31,2103.0,524.0,1419.0,185000.0,185000.0,185000.0,389055000.0,1.0,1.0,,,,,,,,,,,,,,,,,
c45bd2f33db1b2f949e77b9db3b4ec72,1399/09/30,3874.0,799.0,1419.0,185000.0,185000.0,185000.0,716690000.0,1.0,1.0,,,,,,,,,,,,,,,,,
c45bd2f33db1b2f949e77b9db3b4ec72,1399/12/30,5851.0,0.0,1419.0,185000.0,185000.0,185000.0,1082435000.0,1.0,1.0,,,,,,,,,,,,,,,,,
c45bd2f33db1b2f949e77b9db3b4ec72,1400/03/31,1040.0,576.0,5875.0,185000.0,185000.0,185000.0,192400000.0,1.0,1.0,,,,,,,,,,,,,,,,,
c45bd2f33db1b2f949e77b9db3b4ec72,1400/06/31,3310.0,2154.0,5875.0,185000.0,185000.0,185000.0,612350000.0,1.0,1.0,,,,,,,,,,,,,,,,,
c45bd2f33db1b2f949e77b9db3b4ec72,1400/09/30,5450.0,3951.0,5875.0,185000.0,185000.0,185000.0,1008250000.0,1.0,1.0,,,,,,,,,,,,,,,,,
c45bd2f33db1b2f949e77b9db3b4ec72,1400/12/29,1735.0,0.0,5875.0,785000.0,185000.0,185000.0,1261975000.0,1.0,1.0,,,,,,,,,,,,,,,,,
c45bd2f33db1b2f949e77b9db3b4ec72,1401/03/31,478.0,1046.0,1700.0,785000.0,185000.0,785000.0,375230000.0,1.0,1.0,,,,,,,,,,,,,,,,,
c45bd2f33db1b2f949e77b9db3b4ec72,1401/06/31,858.0,798.0,1700.0,785000.0,785000.0,785000.0,673530000.0,1.0,1.0,,,,,,,,,,,,,,,,,
c45bd2f33db1b2f949e77b9db3b4ec72,1401/09/30,1326.0,1234.0,1700.0,785000.0,785000.0,785000.0,1040910000.0,1.0,1.0,,,,,,,,,,,,,,,,,
c45bd2f33db1b2f949e77b9db3b4ec72,1401/12/29,1976.0,0.0,7214.0,785000.0,785000.0,185000.0,1351160000.0,1.0,1.0,,,,,,,,,,,,,,,,,
c45bd2f33db1b2f949e77b9db3b4ec72,1402/03/31,506.0,2053.0,1929.0,785000.0,185000.0,785000.0,397210000.0,1.0,1.0,,,,,,,,,,,,,,,,,
c45bd2f33db1b2f949e77b9db3b4ec72,1402/06/31,1219.0,904.0,1929.0,785000.0,785000.0,785000.0,656915000.0,1.0,1.0,,,,,,,,,,,,,,,,,
c45bd2f33db1b2f949e77b9db3b4ec72,1402/09/30,1725.0,1326.0,1929.0,785000.0,785000.0,785000.0,954125000.0,1.0,1.0,,,,,,,,,,,,,,,,,
c45bd2f33db1b2f949e77b9db3b4ec72,1402/12/29,808.0,0.0,1929.0,1950000.0,785000.0,785000.0,1575600000.0,1.0,1.0,,,,,,,,,,,,,,,,,
c45bd2f33db1b2f949e77b9db3b4ec72,1403/03/31,91.0,204.0,808.0,1950000.0,1950000.0,1950000.0,177450000.0,1.0,1.0,,,,,,,,,,,,,,,,,
c45bd2f33db1b2f949e77b9db3b4ec72,1403/06/31,318.0,491.0,808.0,1950000.0,1950000.0,1950000.0,620100000.0,1.0,1.0,,,,,,,,,,,,,,,,,
c45bd2f33db1b2f949e77b9db3b4ec72,1403/09/30,488.0,694.0,808.0,1950000.0,1950000.0,1950000.0,991600000.0,1.0,1.0,,,,,,,,,,,,,,,,,
c45bd2f33db1b2f949e77b9db3b4ec72,1403/12/30,956.0,0.0,808.0,1950000.0,1950000.0,1950000.0,1864200000.0,1.0,1.0,,,,,,,,,,,,,,,,,
c45bd2f33db1b2f949e77b9db3b4ec72,1404/03/31,304.0,91.0,956.0,1950000.0,1950000.0,1950000.0,592800000.0,1.0,1.0,,,,,,,,,,,,,,,,,
c45bd2f33db1b2f949e77b9db3b4ec72,1404/06/31,694.0,318.0,956.0,1950000.0,1950000.0,1950000.0,1353300000.0,1.0,1.0,,,,,,,,,,,,,,,,,
c45bd2f33db1b2f949e77b9db3b4ec72,1404/09/30,1242.0,0.0,488.0,1950000.0,0.0,1950000.0,2421900000.0,8.854205375944506,100.0,,,,,,,,,,,,,,,,,
c45bd2f33db1b2f949e77b9db3b4ec72,1404/12/29,1624.0,0.0,956.0,1950000.0,1950000.0,1950000.0,3166800000.0,1688.0,-24.0,,,,,,,,,,,,,,,,,
c45bd2f33db1b2f949e77b9db3b4ec72,1405/03/31,584.0,304.0,1624.0,1950000.0,1950000.0,1950000.0,1138800000.0,1519865.0,789128.0,4145665.0,3283693.0,2149576.0,10124893.0,-57533.0,5904.0,1138766.0,592948.0,3166471.0,1353485.0,383258.0,2268317.0,14119343.0,8262511.0,5886839.0,4986455.0,8232504.0
c5978431f5fc7f58270049f2352c5a00,1398/09/30,764.0,213.0,366.0,600000.0,600000.0,600000.0,458400000.0,1.0,1.0,,,,,,,,,,,,,,,,,
c5978431f5fc7f58270049f2352c5a00,1398/12/29,631.0,0.0,366.0,900000.0,600000.0,600000.0,567900000.0,1.0,1.0,,,,,,,,,,,,,,,,,
c5978431f5fc7f58270049f2352c5a00,1399/03/31,263.0,130.0,631.0,900000.0,900000.0,900000.0,236700000.0,1.0,1.0,,,,,,,,,,,,,,,,,
c5978431f5fc7f58270049f2352c5a00,1399/06/31,1242.0,503.0,1021.0,900000.0,600000.0,600000.0,1117800000.0,1.0,1.0,,,,,,,,,,,,,,,,,
c5978431f5fc7f58270049f2352c5a00,1399/09/30,2038.0,509.0,681.0,900000.0,900000.0,900000.0,1834200000.0,1.0,1.0,,,,,,,,,,,,,,,,,
c5978431f5fc7f58270049f2352c5a00,1399/12/30,2433.0,0.0,647.0,900000.0,900000.0,900000.0,2189700000.0,1.0,1.0,,,,,,,,,,,,,,,,,
c5978431f5fc7f58270049f2352c5a00,1400/03/31,502.0,263.0,2427.0,900000.0,900000.0,900000.0,451800000.0,1.0,1.0,,,,,,,,,,,,,,,,,
c5978431f5fc7f58270049f2352c5a00,1400/06/31,1017.0,1242.0,2427.0,900000.0,900000.0,900000.0,915300000.0,1.0,1.0,,,,,,,,,,,,,,,,,
c5978431f5fc7f58270049f2352c5a00,1400/09/30,1351.0,2038.0,2427.0,900000.0,900000.0,900000.0,1215900000.0,1.0,1.0,,,,,,,,,,,,,,,,,
c5978431f5fc7f58270049f2352c5a00,1400/12/29,1362.0,0.0,2408.0,900000.0,900000.0,900000.0,1225800000.0,1.0,1.0,,,,,,,,,,,,,,,,,
c5978431f5fc7f58270049f2352c5a00,1401/03/31,649.0,502.0,1374.0,900000.0,900000.0,900000.0,584100000.0,1.0,1.0,,,,,,,,,,,,,,,,,
c5978431f5fc7f58270049f2352c5a00,1401/06/31,1.0,1006.0,1374.0,900000000.0,900000.0,900000.0,900000000.0,1.0,1.0,,,,,,,,,,,,,,,,,
c5978431f5fc7f58270049f2352c5a00,1401/09/30,912.0,1351.0,1374.0,1900000.0,900000.0,900000.0,1732800000.0,1.0,1.0,,,,,,,,,,,,,,,,,
c5978431f5fc7f58270049f2352c5a00,1401/12/29,1360.0,0.0,1374.0,1900000.0,900000.0,900000.0,2584000000.0,1.0,1.0,,,,,,,,,,,,,,,,,
c5978431f5fc7f58270049f2352c5a00,1402/03/31,659.0,308.0,1360.0,1900000.0,1900000.0,1900000.0,1252100000.0,1.0,1.0,,,,,,,,,,,,,,,,,
c5978431f5fc7f58270049f2352c5a00,1402/06/31,1078.0,1391.0,1360.0,1900000.0,900000.0,1900000.0,2048200000.0,1.0,1.0,,,,,,,,,,,,,,,,,
c5978431f5fc7f58270049f2352c5a00,1402/09/30,1828.0,912.0,1360.0,1900000.0,1900000.0,1900000.0,3473200000.0,1.0,1.0,,,,,,,,,,,,,,,,,
c5978431f5fc7f58270049f2352c5a00,1402/12/29,1949.0,0.0,1360.0,1900000.0,1900000.0,1900000.0,3703100000.0,1.0,1.0,,,,,,,,,,,,,,,,,
c5978431f5fc7f58270049f2352c5a00,1403/03/31,455.0,659.0,1949.0,1900000.0,1900000.0,1900000.0,864500000.0,1.0,1.0,,,,,,,,,,,,,,,,,
c5978431f5fc7f58270049f2352c5a00,1403/06/31,1087.0,1021.0,1949.0,1900000.0,1900000.0,1900000.0,2065300000.0,1.0,1.0,,,,,,,,,,,,,,,,,
c5978431f5fc7f58270049f2352c5a00,1403/09/30,2277.0,1828.0,1949.0,1900000.0,1900000.0,1900000.0,4326300000.0,1.0,1.0,,,,,,,,,,,,,,,,,
c5978431f5fc7f58270049f2352c5a00,1403/12/30,2555.0,0.0,1949.0,1900000.0,1900000.0,1900000.0,4854500000.0,1.0,1.0,,,,,,,,,,,,,,,,,
c5978431f5fc7f58270049f2352c5a00,1404/03/31,601.0,455.0,2376.0,1900000.0,1900000.0,1900000.0,1141900000.0,1.0,1.0,,,,,,,,,,,,,,,,,
c5978431f5fc7f58270049f2352c5a00,1404/06/31,1822.0,1274.0,2376.0,1900000.0,1900000.0,1900000.0,3461800000.0,1.0,1.0,,,,,,,,,,,,,,,,,
c5978431f5fc7f58270049f2352c5a00,1404/09/30,2643.0,2277.0,2376.0,1900000.0,1900000.0,1900000.0,5021700000.0,1.0,1.0,,,,,,,,,,,,,,,,,
c5978431f5fc7f58270049f2352c5a00,1404/12/29,503.0,77.0,363.0,600000.0,600000.0,600000.0,6646200000.0,1.0,1.0,,,,,,,,,,,,,,,,,
c5978431f5fc7f58270049f2352c5a00,1405/03/31,781.0,601.0,3478.0,4300000.0,1900000.0,1900000.0,3358300000.0,4452032.0,1555758.0,,,,,,,,,,,,,,,,,
c5e041913a67a3bdb2f7bfe5bba20bd8,1398/06/31,5229.0,220.0,2398.0,400000.0,400000.0,400000.0,2091600000.0,1.0,1.0,,,,,,,,,,,,,,,,,
c5e041913a67a3bdb2f7bfe5bba20bd8,1398/09/30,4762.0,840.0,2398.0,600000.0,400000.0,400000.0,2857200000.0,1.0,1.0,,,,,,,,,,,,,,,,,
c5e041913a67a3bdb2f7bfe5bba20bd8,1398/12/29,6304.0,0.0,2560.0,600000.0,400000.0,400000.0,3782400000.0,1.0,1.0,,,,,,,,,,,,,,,,,
c5e041913a67a3bdb2f7bfe5bba20bd8,1399/03/31,884.0,867.0,6484.0,600000.0,600000.0,600000.0,530400000.0,1.0,1.0,,,,,,,,,,,,,,,,,
c5e041913a67a3bdb2f7bfe5bba20bd8,1399/06/31,1403.0,5228.0,6484.0,600000.0,400000.0,600000.0,841800000.0,1.0,1.0,,,,,,,,,,,,,,,,,
c5e041913a67a3bdb2f7bfe5bba20bd8,1399/09/30,2432.0,7143.0,6484.0,600000.0,400000.0,600000.0,1459200000.0,1.0,1.0,,,,,,,,,,,,,,,,,
c5e041913a67a3bdb2f7bfe5bba20bd8,1399/12/30,5461.0,0.0,6302.0,600000.0,600000.0,600000.0,3276600000.0,1.0,1.0,,,,,,,,,,,,,,,,,
c5e041913a67a3bdb2f7bfe5bba20bd8,1400/03/31,199.0,884.0,5237.0,600000.0,600000.0,600000.0,119400000.0,1.0,1.0,,,,,,,,,,,,,,,,,
c5e041913a67a3bdb2f7bfe5bba20bd8,1400/06/31,115.0,1403.0,5237.0,1600000.0,600000.0,600000.0,184000000.0,1.0,1.0,,,,,,,,,,,,,,,,,
c5e041913a67a3bdb2f7bfe5bba20bd8,1400/09/30,623.0,2432.0,5237.0,600000.0,600000.0,600000.0,373800000.0,1.0,1.0,,,,,,,,,,,,,,,,,
c5e041913a67a3bdb2f7bfe5bba20bd8,1400/12/29,1777.0,0.0,5461.0,1600000.0,600000.0,600000.0,2843200000.0,1.0,1.0,,,,,,,,,,,,,,,,,
c5e041913a67a3bdb2f7bfe5bba20bd8,1401/03/31,62.0,75.0,1407.0,1600000.0,1600000.0,1600000.0,99200000.0,1.0,1.0,,,,,,,,,,,,,,,,,
c5e041913a67a3bdb2f7bfe5bba20bd8,1401/06/31,310.0,114.0,1407.0,1600000.0,1600000.0,1600000.0,496000000.0,1.0,1.0,,,,,,,,,,,,,,,,,
c5e041913a67a3bdb2f7bfe5bba20bd8,1401/09/30,1353.0,234.0,1407.0,1600000.0,1600000.0,1600000.0,2164800000.0,1.0,1.0,,,,,,,,,,,,,,,,,
c5e041913a67a3bdb2f7bfe5bba20bd8,1401/12/29,5468.0,0.0,1777.0,1600000.0,1600000.0,1600000.0,8748800000.0,1.0,1.0,,,,,,,,,,,,,,,,,
c5e041913a67a3bdb2f7bfe5bba20bd8,1402/03/31,737.0,59.0,4522.0,1600000.0,1600000.0,1600000.0,1179200000.0,1.0,1.0,,,,,,,,,,,,,,,,,
c5e041913a67a3bdb2f7bfe5bba20bd8,1402/06/31,1515.0,250.0,4522.0,1600000.0,1600000.0,1600000.0,2424000000.0,1.0,1.0,,,,,,,,,,,,,,,,,
c5e041913a67a3bdb2f7bfe5bba20bd8,1402/09/30,2382.0,1353.0,4522.0,1600000.0,1600000.0,1600000.0,3811200000.0,1.0,1.0,,,,,,,,,,,,,,,,,
c5e041913a67a3bdb2f7bfe5bba20bd8,1402/12/29,6333.0,0.0,5198.0,1600000.0,1600000.0,1600000.0,10132800000.0,1.0,1.0,,,,,,,,,,,,,,,,,
c5e041913a67a3bdb2f7bfe5bba20bd8,1403/03/31,926.0,737.0,4986.0,1600000.0,1600000.0,1600000.0,1481600000.0,1.0,1.0,,,,,,,,,,,,,,,,,
c5e041913a67a3bdb2f7bfe5bba20bd8,1403/06/31,1322.0,1494.0,4986.0,1600000.0,1600000.0,1600000.0,2115200000.0,1.0,1.0,,,,,,,,,,,,,,,,,
c5e041913a67a3bdb2f7bfe5bba20bd8,1403/09/30,2061.0,2382.0,4986.0,1600000.0,1600000.0,1600000.0,3297600000.0,1.0,1.0,,,,,,,,,,,,,,,,,
c5e041913a67a3bdb2f7bfe5bba20bd8,1403/12/30,6697.0,0.0,6203.0,1600000.0,1600000.0,1600000.0,10715200000.0,1.0,1.0,,,,,,,,,,,,,,,,,
c5e041913a67a3bdb2f7bfe5bba20bd8,1404/03/31,866.0,926.0,5731.0,1600000.0,1600000.0,1600000.0,1385600000.0,1.0,1.0,,,,,,,,,,,,,,,,,
c5e041913a67a3bdb2f7bfe5bba20bd8,1404/06/31,317.0,1291.0,5731.0,9206000.0,1600000.0,1600000.0,2918302000.0,1.0,1.0,,,,,,,,,,,,,,,,,
c5e041913a67a3bdb2f7bfe5bba20bd8,1404/09/30,579.0,2061.0,5731.0,9206000.0,1600000.0,1600000.0,5330274000.0,-1.0,100.0,,,,,,,,,,,,,,,,,
c5e041913a67a3bdb2f7bfe5bba20bd8,1404/12/29,1892.0,6697.0,,9206000.0,1600000.0,,17417752000.0,20643794.0,11015460.0,,,,,,,,,,,,,,,,,
c5e041913a67a3bdb2f7bfe5bba20bd8,1405/03/31,377.0,866.0,1730.0,9206000.0,1600000.0,9206000.0,3470662000.0,4791998.0,2169559.0,,,,,,,,,,,,,,,,,
c629b0270c5a5e7f60f68d0cb34f55df,1398/06/31,652.0,125.0,539.0,178000.0,178000.0,178000.0,116056000.0,558.0,94.0,115445.0,601472.0,287785.0,789326.0,-2796.0,314.0,116037.0,22169.0,95929.0,-2550.0,56674.0,123093.0,815287.0,649072.0,477654.0,461310.0,337633.0
c629b0270c5a5e7f60f68d0cb34f55df,1398/09/30,1080.0,331.0,539.0,178000.0,178000.0,178000.0,192240000.0,960.0,120.0,115445.0,975525.0,540862.0,789326.0,-4560.0,10986.0,192285.0,58925.0,95929.0,57963.0,79002.0,120985.0,969750.0,781181.0,555869.0,539219.0,413881.0
c629b0270c5a5e7f60f68d0cb34f55df,1398/12/29,462.0,0.0,170.0,563488.0,178000.0,563488.0,260331456.0,362.0,100.0,,1281774.0,789326.0,,-7107.0,48453.0,260227.0,95929.0,,81132.0,133562.0,,1300025.0,722709.0,432720.0,417342.0,867305.0
c629b0270c5a5e7f60f68d0cb34f55df,1399/03/31,228.0,54.0,462.0,563488.0,563488.0,563488.0,128475264.0,145.0,82.0,241803.0,359697.0,248481.0,1281774.0,-1471.0,63379.0,128597.0,30323.0,260227.0,-49933.0,10116.0,81132.0,1448013.0,874859.0,502825.0,477720.0,945188.0
c629b0270c5a5e7f60f68d0cb34f55df,1399/06/31,462.0,215.0,462.0,563488.0,563488.0,563488.0,260331456.0,288.0,174.0,241803.0,837082.0,601472.0,1281774.0,-3253.0,63439.0,260513.0,121146.0,260227.0,-6967.0,-32053.0,81132.0,1658720.0,969310.0,581616.0,554430.0,1077104.0
c629b0270c5a5e7f60f68d0cb34f55df,1399/09/30,597.0,341.0,462.0,563488.0,563488.0,563488.0,336402336.0,415.0,182.0,241803.0,1408279.0,975525.0,1281774.0,-11491.0,63537.0,336185.0,192285.0,260227.0,-12991.0,57963.0,81132.0,2145193.0,1235879.0,992417.0,963570.0,1152776.0
c629b0270c5a5e7f60f68d0cb34f55df,1399/12/30,1052.0,0.0,462.0,563488.0,563488.0,563488.0,592789376.0,845.0,207.0,,2242966.0,1281774.0,,-23508.0,92436.0,592834.0,260227.0,,281983.0,81132.0,,2817698.0,1667601.0,1179624.0,1151704.0,1638074.0
c629b0270c5a5e7f60f68d0cb34f55df,1400/03/31,142.0,129.0,593.0,1000000.0,1000000.0,1000000.0,142000000.0,172.0,-30.0,560552.0,749572.0,359697.0,2242966.0,-11691.0,3101.0,142427.0,128597.0,592834.0,215359.0,-49933.0,281983.0,3029037.0,1837182.0,1272365.0,1230520.0,1756672.0
c629b0270c5a5e7f60f68d0cb34f55df,1400/06/31,321.0,462.0,1052.0,1000000.0,563488.0,563488.0,321000000.0,318.0,3.0,560552.0,1677922.0,837082.0,2242966.0,-23409.0,4387.0,320967.0,260513.0,592834.0,411158.0,-6968.0,281983.0,3023176.0,1800941.0,1087964.0,1043495.0,1935212.0
c629b0270c5a5e7f60f68d0cb34f55df,1400/09/30,413.0,597.0,1052.0,1500000.0,563488.0,563488.0,619500000.0,504.0,-91.0,560552.0,2840830.0,1408279.0,2242966.0,-32976.0,-5508.0,619406.0,336185.0,592834.0,106672.0,-12991.0,281983.0,3463284.0,2222502.0,1229719.0,1179036.0,2233565.0
c629b0270c5a5e7f60f68d0cb34f55df,1400/12/29,600.0,0.0,1052.0,1500000.0,563488.0,563488.0,900000000.0,628.0,-15.0,,3996453.0,2242966.0,,-45445.0,-3761.0,900666.0,592834.0,,331554.0,281983.0,,3984420.0,2574227.0,1469509.0,1421294.0,2514911.0
c629b0270c5a5e7f60f68d0cb34f55df,1401/03/31,301.0,95.0,579.0,1500000.0,1500000.0,1500000.0,451500000.0,297.0,10.0,1069299.0,1435617.0,748990.0,3996453.0,-14024.0,10333.0,452049.0,142427.0,868999.0,288374.0,215359.0,293194.0,4594678.0,2876449.0,2266885.0,2176399.0,2327793.0
c629b0270c5a5e7f60f68d0cb34f55df,1401/06/31,651.0,214.0,579.0,1500000.0,1500000.0,1500000.0,976500000.0,656.0,-5.0,1069299.0,3554102.0,1677922.0,3996453.0,-27316.0,11491.0,975861.0,320967.0,868999.0,519582.0,412199.0,293194.0,5153384.0,3390031.0,2301779.0,2217023.0,2851605.0
c629b0270c5a5e7f60f68d0cb34f55df,1401/09/30,1038.0,413.0,579.0,1500000.0,1500000.0,1500000.0,1557000000.0,1216.0,-178.0,1069299.0,5723468.0,2840830.0,3996453.0,-40692.0,16815.0,1557075.0,619406.0,868999.0,1186035.0,106672.0,293194.0,5592227.0,3837006.0,2159408.0,2065978.0,3432819.0
c629b0270c5a5e7f60f68d0cb34f55df,1401/12/29,1494.0,0.0,579.0,1500000.0,1500000.0,1500000.0,2241000000.0,1505.0,-11.0,,8157780.0,3996453.0,,-51750.0,21373.0,2240754.0,868999.0,,1190134.0,293194.0,,6121997.0,4296159.0,2005499.0,1907470.0,4116498.0
c629b0270c5a5e7f60f68d0cb34f55df,1402/03/31,387.0,301.0,1494.0,1500000.0,1500000.0,1500000.0,580500000.0,451.0,-64.0,2518512.0,1987863.0,1447036.0,8157780.0,-10624.0,49868.0,580776.0,452049.0,2240754.0,995899.0,288374.0,1190134.0,6546783.0,4699370.0,2970009.0,2842748.0,3576774.0
c629b0270c5a5e7f60f68d0cb34f55df,1402/06/31,667.0,681.0,1494.0,1500000.0,1500000.0,1500000.0,1000500000.0,640.0,27.0,2518512.0,4302376.0,3554102.0,8157780.0,-25994.0,70447.0,1000562.0,1020835.0,2240754.0,1456274.0,519582.0,1190134.0,6150617.0,4278395.0,2154058.0,2019340.0,3996559.0
c629b0270c5a5e7f60f68d0cb34f55df,1402/09/30,1053.0,1038.0,1494.0,1500000.0,1500000.0,1500000.0,1579500000.0,1231.0,-178.0,2518512.0,6965334.0,5723241.0,8157780.0,-41703.0,87110.0,1579771.0,1556848.0,2240754.0,1456311.0,1186035.0,1190134.0,7656249.0,5734351.0,3080480.0,2943620.0,4575769.0
c629b0270c5a5e7f60f68d0cb34f55df,1402/12/29,751.0,0.0,830.0,2700000.0,1500000.0,2700000.0,2027700000.0,729.0,22.0,,9339626.0,8157780.0,,-62975.0,122843.0,2028597.0,2240754.0,,1191057.0,1190134.0,,6988236.0,4992930.0,1963641.0,1813077.0,5024595.0
c629b0270c5a5e7f60f68d0cb34f55df,1403/03/31,228.0,215.0,751.0,2700000.0,2700000.0,2700000.0,615600000.0,265.0,-37.0,1976014.0,2356119.0,1987863.0,9339626.0,-25057.0,63048.0,615757.0,580776.0,2028597.0,602322.0,995899.0,1191057.0,7998222.0,5996327.0,3370370.0,3161792.0,4627852.0
c629b0270c5a5e7f60f68d0cb34f55df,1403/06/31,483.0,371.0,751.0,2700000.0,2700000.0,2700000.0,1304100000.0,476.0,7.0,1976014.0,5448857.0,4302376.0,9339626.0,-52318.0,68428.0,1303781.0,1000562.0,2028597.0,1589411.0,1516274.0,1191057.0,7854107.0,5884481.0,2538231.0,2350407.0,5315876.0
c629b0270c5a5e7f60f68d0cb34f55df,1403/09/30,772.0,585.0,751.0,2700000.0,2700000.0,2700000.0,2084400000.0,848.0,-76.0,1976014.0,8361791.0,6965333.0,9339626.0,-73319.0,181393.0,2084443.0,1579771.0,2028597.0,1379064.0,1456311.0,1191057.0,8822212.0,6871236.0,2725674.0,2528000.0,6096538.0
c629b0270c5a5e7f60f68d0cb34f55df,1403/12/30,533.0,0.0,347.0,5850000.0,2700000.0,5850000.0,3118050000.0,499.0,34.0,,11961536.0,9339626.0,,-104974.0,338868.0,3120852.0,2028597.0,,1423869.0,1191057.0,,11846807.0,7390447.0,2509140.0,2333602.0,9337667.0
c629b0270c5a5e7f60f68d0cb34f55df,1404/03/31,183.0,105.0,533.0,5850000.0,5850000.0,5850000.0,1070550000.0,215.0,-32.0,3201901.0,3130051.0,2356119.0,11961536.0,-32432.0,29199.0,1070079.0,615757.0,3120852.0,610400.0,602322.0,1423869.0,13243345.0,8746252.0,4391699.0,4167243.0,8851646.0
c629b0270c5a5e7f60f68d0cb34f55df,1404/06/31,401.0,223.0,533.0,5850000.0,5850000.0,5850000.0,2345850000.0,392.0,9.0,3201901.0,7319946.0,5448857.0,11961536.0,-56485.0,114011.0,2344485.0,1303781.0,3120852.0,1515916.0,1589411.0,1423869.0,14024566.0,9474884.0,3898514.0,3664910.0,10126052.0
c629b0270c5a5e7f60f68d0cb34f55df,1404/09/30,625.0,356.0,533.0,5850000.0,5850000.0,5850000.0,3656250000.0,606.0,19.0,3201901.0,11892968.0,8361791.0,11961536.0,-89412.0,212245.0,3655519.0,2084443.0,3120852.0,1991647.0,1379064.0,1423869.0,15570888.0,10744034.0,4133802.0,3909840.0,11437086.0
c629b0270c5a5e7f60f68d0cb34f55df,1404/12/29,840.0,0.0,446.0,7000000.0,5850000.0,7000000.0,5880000000.0,799.0,41.0,,18203843.0,11961536.0,,-128388.0,479646.0,5882603.0,3120852.0,,2640703.0,1423869.0,,21446970.0,13329035.0,5039541.0,4074221.0,16407429.0
c629b0270c5a5e7f60f68d0cb34f55df,1405/03/31,543.0,153.0,840.0,7000000.0,7000000.0,7000000.0,3801000000.0,4632465.0,1256750.0,6430103.0,9767359.0,3130051.0,18203843.0,-40984.0,156401.0,3802193.0,1070079.0,5882603.0,76745.0,610400.0,2640703.0,25755551.0,17804974.0,7715929.0,6553828.0,18039622.0
c72d6744160ed4ab4dd2ea41ac2b3c63,1398/06/31,75.0,70.0,121.0,61503539.0,33180587.0,61503539.0,4612765425.0,1.0,1.0,,,,,,,,,,,,,,,,,
c72d6744160ed4ab4dd2ea41ac2b3c63,1398/09/30,75.0,174.0,121.0,61503539.0,33180587.0,61503539.0,4612765425.0,1.0,1.0,,,,,,,,,,,,,,,,,
c72d6744160ed4ab4dd2ea41ac2b3c63,1398/12/29,135.0,0.0,135.0,61503539.0,61503539.0,61503539.0,8302977765.0,1.0,1.0,,,,,,,,,,,,,,,,,
c72d6744160ed4ab4dd2ea41ac2b3c63,1399/03/31,34.0,46.0,122.0,61503539.0,61503539.0,61503539.0,2091120326.0,1.0,1.0,,,,,,,,,,,,,,,,,
c72d6744160ed4ab4dd2ea41ac2b3c63,1399/06/31,89.0,73.0,122.0,61503539.0,61503539.0,61503539.0,5473814971.0,1.0,1.0,,,,,,,,,,,,,,,,,
c72d6744160ed4ab4dd2ea41ac2b3c63,1399/09/30,164.0,75.0,122.0,61503539.0,61503539.0,61503539.0,10086580396.0,1.0,1.0,,,,,,,,,,,,,,,,,
c72d6744160ed4ab4dd2ea41ac2b3c63,1399/12/30,272.0,0.0,120.0,61503539.0,61503539.0,61503539.0,16728962608.0,1.0,1.0,,,,,,,,,,,,,,,,,
c72d6744160ed4ab4dd2ea41ac2b3c63,1400/03/31,178.0,34.0,257.0,61503539.0,61503539.0,61503539.0,10947629942.0,1.0,1.0,,,,,,,,,,,,,,,,,
c72d6744160ed4ab4dd2ea41ac2b3c63,1400/06/31,331.0,90.0,257.0,61503539.0,61503539.0,61503539.0,20357671409.0,1.0,1.0,,,,,,,,,,,,,,,,,
c72d6744160ed4ab4dd2ea41ac2b3c63,1400/09/30,360.0,164.0,257.0,61503539.0,61503539.0,61503539.0,22141274040.0,1.0,1.0,,,,,,,,,,,,,,,,,
c72d6744160ed4ab4dd2ea41ac2b3c63,1400/12/29,296.0,0.0,283.0,61503539.0,61503539.0,61503539.0,18205047544.0,1.0,1.0,,,,,,,,,,,,,,,,,
c72d6744160ed4ab4dd2ea41ac2b3c63,1401/03/31,-20.0,178.0,328.0,61503539.0,61503539.0,61503539.0,-1230070780.0,1.0,1.0,,,,,,,,,,,,,,,,,
c72d6744160ed4ab4dd2ea41ac2b3c63,1401/06/31,-124.0,357.0,328.0,61503539.0,61503539.0,61503539.0,-7626438836.0,1.0,1.0,,,,,,,,,,,,,,,,,
c72d6744160ed4ab4dd2ea41ac2b3c63,1401/09/30,0.0,0.0,0.0,61503539.0,61503539.0,61503539.0,0.0,1.0,1.0,,,,,,,,,,,,,,,,,
c72d6744160ed4ab4dd2ea41ac2b3c63,1401/12/29,-767.0,0.0,319.0,70775539.0,61503539.0,61503539.0,-54284838413.0,1.0,1.0,,,,,,,,,,,,,,,,,
c72d6744160ed4ab4dd2ea41ac2b3c63,1402/03/31,-15.0,-20.0,-766.0,70775539.0,61503539.0,70775539.0,-1061633085.0,1.0,1.0,,,,,,,,,,,,,,,,,
c72d6744160ed4ab4dd2ea41ac2b3c63,1402/06/31,-68.0,-108.0,-766.0,70775539.0,70775539.0,70775539.0,-4812736652.0,1.0,1.0,,,,,,,,,,,,,,,,,
c72d6744160ed4ab4dd2ea41ac2b3c63,1402/09/30,-327.0,-506.0,-766.0,70775539.0,61503539.0,70775539.0,-23143601253.0,1.0,1.0,,,,,,,,,,,,,,,,,
c72d6744160ed4ab4dd2ea41ac2b3c63,1402/12/29,-66.0,0.0,-762.0,667084566.0,70775539.0,70775539.0,-44027581356.0,1.0,1.0,,,,,,,,,,,,,,,,,
c72d6744160ed4ab4dd2ea41ac2b3c63,1403/03/31,-30.0,-2.0,-62.0,667084566.0,667084566.0,667084566.0,-20012536980.0,1.0,1.0,,,,,,,,,,,,,,,,,
c72d6744160ed4ab4dd2ea41ac2b3c63,1403/06/31,-63.0,-7.0,-62.0,667084566.0,667084566.0,667084566.0,-42026327658.0,1.0,1.0,,,,,,,,,,,,,,,,,
c72d6744160ed4ab4dd2ea41ac2b3c63,1403/09/30,-111.0,-35.0,-62.0,667084566.0,667084566.0,667084566.0,-74046386826.0,1.0,1.0,,,,,,,,,,,,,,,,,
c72d6744160ed4ab4dd2ea41ac2b3c63,1403/12/30,-150.0,0.0,-62.0,667084566.0,667084566.0,667084566.0,-100062684900.0,1.0,1.0,,,,,,,,,,,,,,,,,
c72d6744160ed4ab4dd2ea41ac2b3c63,1404/03/31,-37.0,-30.0,-153.0,667084566.0,667084566.0,667084566.0,-24682128942.0,1.0,1.0,,,,,,,,,,,,,,,,,
c72d6744160ed4ab4dd2ea41ac2b3c63,1404/06/31,-65.0,-63.0,-153.0,667084566.0,667084566.0,667084566.0,-43360496790.0,1.0,1.0,,,,,,,,,,,,,,,,,
c72d6744160ed4ab4dd2ea41ac2b3c63,1404/09/30,67.0,-111.0,-153.0,667084566.0,667084566.0,667084566.0,44694665922.0,1.0,1.0,,,,,,,,,,,,,,,,,
c72d6744160ed4ab4dd2ea41ac2b3c63,1404/12/29,42.0,0.0,-156.0,667084566.0,667084566.0,667084566.0,28017551772.0,-97.0,139.0,,,,,,,,,,,,,,,,,
c72d6744160ed4ab4dd2ea41ac2b3c63,1405/03/31,-62.0,-37.0,36.0,667084566.0,667084566.0,667084566.0,-41359243092.0,-53336262.0,-16857424.0,-66631902.0,145369975.0,145355993.0,637227796.0,-6241457.0,18306981.0,-41270738.0,-24684531.0,24263018.0,97839.0,1100682.0,61051407.0,1480280057.0,530604459.0,891089504.0,734441021.0,589190553.0
c830a9da03fc01d31766b115fa297d6c,1398/12/29,1342.0,0.0,1702.0,1950000.0,1000000.0,1000000.0,2616900000.0,1.0,1.0,,,,,,,,,,,,,,,,,
c830a9da03fc01d31766b115fa297d6c,1399/03/31,358.0,497.0,1322.0,1950000.0,1000000.0,1950000.0,698100000.0,1.0,1.0,,,,,,,,,,,,,,,,,
c830a9da03fc01d31766b115fa297d6c,1399/06/31,959.0,492.0,1322.0,1950000.0,1950000.0,1950000.0,1870050000.0,1.0,1.0,,,,,,,,,,,,,,,,,
c830a9da03fc01d31766b115fa297d6c,1399/09/30,1427.0,712.0,1322.0,1950000.0,1950000.0,1950000.0,2782650000.0,1.0,1.0,,,,,,,,,,,,,,,,,
c830a9da03fc01d31766b115fa297d6c,1399/12/30,3203.0,0.0,1308.0,1950000.0,1950000.0,1950000.0,6245850000.0,1.0,1.0,,,,,,,,,,,,,,,,,
c830a9da03fc01d31766b115fa297d6c,1400/03/31,876.0,358.0,2688.0,1950000.0,1950000.0,1950000.0,1708200000.0,1.0,1.0,,,,,,,,,,,,,,,,,
c830a9da03fc01d31766b115fa297d6c,1400/06/31,442.0,961.0,2688.0,7035989.0,1950000.0,1950000.0,3109907138.0,1.0,1.0,,,,,,,,,,,,,,,,,
c830a9da03fc01d31766b115fa297d6c,1400/09/30,611.0,396.0,743.0,7035989.0,7035989.0,7035979.0,4298989279.0,1.0,1.0,,,,,,,,,,,,,,,,,
c830a9da03fc01d31766b115fa297d6c,1400/12/29,772.0,0.0,879.0,7035989.0,1950000.0,7035989.0,5431783508.0,1.0,1.0,,,,,,,,,,,,,,,,,
c830a9da03fc01d31766b115fa297d6c,1401/03/31,261.0,243.0,1013.0,7035989.0,7035989.0,7035989.0,1836393129.0,1.0,1.0,,,,,,,,,,,,,,,,,
c830a9da03fc01d31766b115fa297d6c,1401/06/31,451.0,413.0,1013.0,7035989.0,7035989.0,7035989.0,3173231039.0,1.0,1.0,,,,,,,,,,,,,,,,,
c830a9da03fc01d31766b115fa297d6c,1401/09/30,612.0,611.0,1013.0,7035989.0,7035989.0,7035989.0,4306025268.0,1.0,1.0,,,,,,,,,,,,,,,,,
c830a9da03fc01d31766b115fa297d6c,1401/12/29,874.0,0.0,743.0,7035989.0,7035989.0,7035989.0,6149454386.0,1.0,1.0,,,,,,,,,,,,,,,,,
c830a9da03fc01d31766b115fa297d6c,1402/03/31,249.0,261.0,1052.0,7035989.0,7035989.0,7035989.0,1751961261.0,1.0,1.0,,,,,,,,,,,,,,,,,
c830a9da03fc01d31766b115fa297d6c,1402/06/31,426.0,264.0,617.0,12000000.0,12000000.0,12000000.0,5112000000.0,1.0,1.0,,,,,,,,,,,,,,,,,
c830a9da03fc01d31766b115fa297d6c,1402/09/30,597.0,359.0,617.0,12000000.0,12000000.0,12000000.0,7164000000.0,1.0,1.0,,,,,,,,,,,,,,,,,
c830a9da03fc01d31766b115fa297d6c,1402/12/29,1170.0,0.0,511.0,12000000.0,0.0,12000000.0,14040000000.0,1.0,1.0,,,,,,,,,,,,,,,,,
c830a9da03fc01d31766b115fa297d6c,1403/03/31,238.0,146.0,1105.0,12000000.0,12000000.0,12000000.0,2856000000.0,1.0,1.0,,,,,,,,,,,,,,,,,
c830a9da03fc01d31766b115fa297d6c,1403/06/31,585.0,430.0,1105.0,12000000.0,12000000.0,12000000.0,7020000000.0,1.0,1.0,,,,,,,,,,,,,,,,,
c830a9da03fc01d31766b115fa297d6c,1403/09/30,759.0,422.0,780.0,17000000.0,17000000.0,17000000.0,12903000000.0,1.0,1.0,,,,,,,,,,,,,,,,,
c830a9da03fc01d31766b115fa297d6c,1403/12/30,1445.0,0.0,821.0,17000000.0,0.0,17000000.0,24565000000.0,1.0,1.0,,,,,,,,,,,,,,,,,
c830a9da03fc01d31766b115fa297d6c,1404/03/31,314.0,168.0,1388.0,17000000.0,17000000.0,17000000.0,5338000000.0,1.0,1.0,,,,,,,,,,,,,,,,,
c830a9da03fc01d31766b115fa297d6c,1404/06/31,647.0,413.0,1388.0,17000000.0,17000000.0,17000000.0,10999000000.0,1.0,1.0,,,,,,,,,,,,,,,,,
c830a9da03fc01d31766b115fa297d6c,1404/09/30,712.0,550.0,1635.0,1950000.0,1000000.0,1000000.0,16626000000.0,1.0,1.0,,,,,,,,,,,,,,,,,
c830a9da03fc01d31766b115fa297d6c,1404/12/29,1239.0,0.0,1504.0,22000000.0,0.0,17000000.0,27258000000.0,973.0,222.0,,,,,,,,,,,,,,,,,
c830a9da03fc01d31766b115fa297d6c,1405/03/31,310.0,242.0,1308.0,22000000.0,22000000.0,22000000.0,6820000000.0,8455474.0,6654006.0,,8703000.0,6798600.0,,-27068.0,93145.0,,,,,,,,,,,
c948737bdfc349d67b85aee1855d53b9,1398/06/31,726.0,306.0,895.0,350000.0,350000.0,350000.0,254100000.0,194564.0,80158.0,,,,,,,,,,,,,,,,,
c948737bdfc349d67b85aee1855d53b9,1398/09/30,1367.0,600.0,895.0,350000.0,350000.0,350000.0,478450000.0,368728.0,157893.0,,,,,,,,,,,,,,,,,
c948737bdfc349d67b85aee1855d53b9,1398/12/29,1707.0,895.0,,350000.0,350000.0,,597450000.0,405516.0,181268.0,,,,,,,,,,,,,,,,,
c948737bdfc349d67b85aee1855d53b9,1399/03/31,212.0,220.0,1707.0,700000.0,350000.0,350000.0,148400000.0,115993.0,56619.0,,,,,,,,,,,,,,,,,
c948737bdfc349d67b85aee1855d53b9,1399/06/31,883.0,726.0,1707.0,350000.0,350000.0,350000.0,309050000.0,221741.0,194665.0,,,,,,,,,,,,,,,,,
c948737bdfc349d67b85aee1855d53b9,1399/09/30,669.0,1367.0,1707.0,700000.0,350000.0,350000.0,468300000.0,349417.0,368728.0,,,,,,,,,,,,,,,,,
c948737bdfc349d67b85aee1855d53b9,1399/12/30,898.0,1707.0,,700000.0,350000.0,,628600000.0,376629.0,405516.0,,,,,,,,,,,,,,,,,
c948737bdfc349d67b85aee1855d53b9,1400/03/31,275.0,212.0,898.0,700000.0,700000.0,700000.0,192500000.0,164283.0,115993.0,,,,,,,,,,,,,,,,,
c948737bdfc349d67b85aee1855d53b9,1400/06/31,67.0,442.0,898.0,6897079.0,700000.0,700000.0,462104293.0,332883.0,221965.0,,,,,,,,,,,,,,,,,
c948737bdfc349d67b85aee1855d53b9,1400/09/30,102.0,669.0,898.0,6897079.0,700000.0,700000.0,703502058.0,475743.0,349417.0,,,,,,,,,,,,,,,,,
c948737bdfc349d67b85aee1855d53b9,1400/12/29,121.0,898.0,,6897079.0,700000.0,,834546559.0,479829.0,376629.0,,,,,,,,,,,,,,,,,
c948737bdfc349d67b85aee1855d53b9,1401/03/31,49.0,28.0,121.0,6897079.0,6897079.0,6897079.0,337956871.0,290192.0,164283.0,,,,,,,,,,,,,,,,,
c948737bdfc349d67b85aee1855d53b9,1401/06/31,146.0,66.0,121.0,6897079.0,6897079.0,6897079.0,1006973534.0,709502.0,331447.0,,,,,,,,,,,,,,,,,
c948737bdfc349d67b85aee1855d53b9,1401/09/30,224.0,102.0,121.0,6897079.0,6897079.0,6897079.0,1544945696.0,1122636.0,475743.0,,,,,,,,,,,,,,,,,
c948737bdfc349d67b85aee1855d53b9,1401/12/29,288.0,121.0,,6897079.0,6897079.0,,1986358752.0,1401193.0,479829.0,,,,,,,,,,,,,,,,,
c948737bdfc349d67b85aee1855d53b9,1402/03/31,156.0,49.0,288.0,6897079.0,6897079.0,6897079.0,1075944324.0,613405.0,290192.0,,,,,,,,,,,,,,,,,
c948737bdfc349d67b85aee1855d53b9,1402/06/31,303.0,146.0,288.0,6897079.0,6897079.0,6897079.0,2089814937.0,1290744.0,709498.0,,,,,,,,,,,,,,,,,
c948737bdfc349d67b85aee1855d53b9,1402/09/30,468.0,224.0,288.0,6897079.0,6897079.0,6897079.0,3227832972.0,1783341.0,1122636.0,,,,,,,,,,,,,,,,,
c948737bdfc349d67b85aee1855d53b9,1402/12/29,586.0,288.0,,6897079.0,6897079.0,,4041688294.0,2344394.0,1401193.0,,,,,,,,,,,,,,,,,
c948737bdfc349d67b85aee1855d53b9,1403/03/31,160.0,156.0,586.0,6897079.0,6897079.0,6897079.0,1103532640.0,675629.0,613405.0,,,,,,,,,,,,,,,,,
c948737bdfc349d67b85aee1855d53b9,1403/06/31,269.0,303.0,586.0,6897079.0,6897079.0,6897079.0,1855314251.0,944348.0,1290744.0,,,,,,,,,,,,,,,,,
c948737bdfc349d67b85aee1855d53b9,1403/09/30,388.0,468.0,586.0,6897079.0,6897079.0,6897079.0,2676066652.0,1592249.0,1783341.0,,,,,,,,,,,,,,,,,
c948737bdfc349d67b85aee1855d53b9,1403/12/30,551.0,586.0,,6897079.0,6897079.0,,3800290529.0,2354075.0,2344394.0,,,,,,,,,,,,,,,,,
c948737bdfc349d67b85aee1855d53b9,1404/03/31,222.0,160.0,551.0,6897079.0,6897079.0,6897079.0,1531151538.0,881541.0,675629.0,,,,,,,,,,,,,,,,,
c948737bdfc349d67b85aee1855d53b9,1404/06/31,416.0,269.0,551.0,6897079.0,6897079.0,6897079.0,2869184864.0,1931839.0,944348.0,,,,,,,,,,,,,,,,,
c948737bdfc349d67b85aee1855d53b9,1404/09/30,755.0,388.0,551.0,6897079.0,6897079.0,6897079.0,5207294645.0,3810473.0,1592249.0,,,,,,,,,,,,,,,,,
c948737bdfc349d67b85aee1855d53b9,1404/12/29,1199.0,551.0,,6897079.0,6897079.0,,8269597721.0,5801310.0,2354075.0,,,,,,,,,,,,,,,,,
c948737bdfc349d67b85aee1855d53b9,1405/03/31,419.0,222.0,1199.0,6897079.0,6897079.0,6897079.0,2889876101.0,1440249.0,881541.0,,,,,,,,,,,,,,,,,
ca5267d5258e0569e8890f5e68c841e1,1398/03/31,1885.0,494.0,282.0,200000.0,200000.0,0.0,377000000.0,-1.0,100.0,,,,,,,,,,,,,,,,,
ca5267d5258e0569e8890f5e68c841e1,1398/06/31,3075.0,0.0,0.0,200000.0,200000.0,0.0,615000000.0,-1.0,100.0,,,,,,,,,,,,,,,,,
ca5267d5258e0569e8890f5e68c841e1,1398/09/30,766.0,353.0,2991.0,200000.0,200000.0,200000.0,153200000.0,-1.0,100.0,,,,,,,,,,,,,,,,,
ca5267d5258e0569e8890f5e68c841e1,1398/12/29,54.0,1068.0,2991.0,6106824.0,200000.0,200000.0,329768496.0,-1.0,100.0,,,,,,,,,,,,,,,,,
ca5267d5258e0569e8890f5e68c841e1,1399/03/31,51.0,1885.0,2991.0,6106824.0,200000.0,200000.0,311448024.0,-1.0,100.0,,,,,,,,,,,,,,,,,
ca5267d5258e0569e8890f5e68c841e1,1399/06/31,101.0,0.0,2991.0,6106824.0,200000.0,200000.0,616789224.0,-1.0,100.0,,,,,,,,,,,,,,,,,
ca5267d5258e0569e8890f5e68c841e1,1399/09/30,38.0,766.0,91.0,6106824.0,200000.0,6106824.0,232059312.0,-1.0,100.0,,,,,,,,,,,,,,,,,
ca5267d5258e0569e8890f5e68c841e1,1399/12/30,147.0,43.0,91.0,6106824.0,6106824.0,6106824.0,897703128.0,-1.0,100.0,,,,,,,,,,,,,,,,,
ca5267d5258e0569e8890f5e68c841e1,1400/03/31,234.0,51.0,91.0,6106824.0,6106824.0,6106824.0,1428996816.0,-1.0,100.0,,,,,,,,,,,,,,,,,
ca5267d5258e0569e8890f5e68c841e1,1400/06/31,350.0,0.0,91.0,6106824.0,6106824.0,6106824.0,2137388400.0,-1.0,100.0,,,,,,,,,,,,,,,,,
ca5267d5258e0569e8890f5e68c841e1,1400/09/30,75.0,38.0,352.0,6106824.0,6106824.0,6106824.0,458011800.0,-1.0,100.0,,,,,,,,,,,,,,,,,
ca5267d5258e0569e8890f5e68c841e1,1400/12/29,171.0,148.0,352.0,6106824.0,6106824.0,6106824.0,1044266904.0,-1.0,100.0,,,,,,,,,,,,,,,,,
ca5267d5258e0569e8890f5e68c841e1,1401/03/31,385.0,234.0,352.0,6106824.0,6106824.0,6106824.0,2351127240.0,-1.0,100.0,,,,,,,,,,,,,,,,,
ca5267d5258e0569e8890f5e68c841e1,1401/06/31,635.0,0.0,352.0,6106824.0,6106824.0,6106824.0,3877833240.0,-1.0,100.0,,,,,,,,,,,,,,,,,
ca5267d5258e0569e8890f5e68c841e1,1401/09/30,79.0,75.0,626.0,6106824.0,6106824.0,6106824.0,482439096.0,-1.0,100.0,,,,,,,,,,,,,,,,,
ca5267d5258e0569e8890f5e68c841e1,1401/12/29,120.0,166.0,626.0,10000000.0,6106824.0,6106824.0,1200000000.0,-1.0,100.0,,,,,,,,,,,,,,,,,
ca5267d5258e0569e8890f5e68c841e1,1402/03/31,167.0,385.0,626.0,10000000.0,6106824.0,6106824.0,1670000000.0,-1.0,100.0,,,,,,,,,,,,,,,,,
ca5267d5258e0569e8890f5e68c841e1,1402/06/31,313.0,0.0,626.0,10000000.0,6106824.0,6106824.0,3130000000.0,-1.0,100.0,,,,,,,,,,,,,,,,,
ca5267d5258e0569e8890f5e68c841e1,1402/09/30,149.0,79.0,250.0,10000000.0,6106824.0,10000000.0,1490000000.0,-1.0,100.0,,,,,,,,,,,,,,,,,
ca5267d5258e0569e8890f5e68c841e1,1402/12/29,308.0,122.0,313.0,12000000.0,10000000.0,10000000.0,3696000000.0,-1.0,100.0,,,,,,,,,,,,,,,,,
ca5267d5258e0569e8890f5e68c841e1,1403/03/31,75.0,124.0,297.0,12000000.0,12000000.0,12000000.0,900000000.0,-1.0,100.0,,,,,,,,,,,,,,,,,
ca5267d5258e0569e8890f5e68c841e1,1403/06/31,139.0,296.0,296.0,12000000.0,12000000.0,12000000.0,1668000000.0,-1.0,100.0,,,,,,,,,,,,,,,,,
ca5267d5258e0569e8890f5e68c841e1,1403/09/30,252.0,297.0,297.0,12000000.0,12000000.0,12000000.0,3024000000.0,-1.0,100.0,,,,,,,,,,,,,,,,,
ca5267d5258e0569e8890f5e68c841e1,1403/12/30,306.0,0.0,237.0,15000000.0,12000000.0,15000000.0,4590000000.0,-1.0,100.0,,,,,,,,,,,,,,,,,
ca5267d5258e0569e8890f5e68c841e1,1404/03/31,94.0,60.0,286.0,15000000.0,15000000.0,15000000.0,1410000000.0,-1.0,100.0,,,,,,,,,,,,,,,,,
ca5267d5258e0569e8890f5e68c841e1,1404/06/31,208.0,106.0,281.0,15000000.0,15000000.0,15000000.0,3120000000.0,-1.0,100.0,,,,,,,,,,,,,,,,,
ca5267d5258e0569e8890f5e68c841e1,1404/09/30,434.0,202.0,286.0,15000000.0,15000000.0,15000000.0,6510000000.0,-1.0,100.0,,,,,,,,,,,,,,,,,
ca5267d5258e0569e8890f5e68c841e1,1404/12/29,795.0,0.0,281.0,15000000.0,15000000.0,15000000.0,11925000000.0,802.0,-2.0,,,,,,,,,,,,,,,,,
ca5267d5258e0569e8890f5e68c841e1,1405/03/31,1038.0,746.0,1382.0,1115000.0,1115000.0,1115000.0,1157370000.0,1652374.0,1195864.0,,,,,-201063.0,39617.0,,,,,,,,,,,
caeb12747085d21bf8331e09cbac141e,1398/06/31,270.0,110.0,202.0,810000.0,810000.0,810000.0,218700000.0,1.0,1.0,,,,,,,,,,,,,,,,,
caeb12747085d21bf8331e09cbac141e,1398/09/30,483.0,240.0,202.0,810000.0,810000.0,810000.0,391230000.0,1.0,1.0,,,,,,,,,,,,,,,,,
caeb12747085d21bf8331e09cbac141e,1398/12/29,641.0,0.0,202.0,810000.0,810000.0,810000.0,519210000.0,1.0,1.0,,,,,,,,,,,,,,,,,
caeb12747085d21bf8331e09cbac141e,1399/03/31,266.0,70.0,642.0,810000.0,810000.0,810000.0,215460000.0,1.0,1.0,,,,,,,,,,,,,,,,,
caeb12747085d21bf8331e09cbac141e,1399/06/31,762.0,270.0,642.0,810000.0,810000.0,810000.0,617220000.0,1.0,1.0,,,,,,,,,,,,,,,,,
caeb12747085d21bf8331e09cbac141e,1399/09/30,1374.0,483.0,642.0,810000.0,810000.0,810000.0,1112940000.0,1.0,1.0,,,,,,,,,,,,,,,,,
caeb12747085d21bf8331e09cbac141e,1399/12/30,2227.0,0.0,642.0,810000.0,810000.0,810000.0,1803870000.0,1.0,1.0,,,,,,,,,,,,,,,,,
caeb12747085d21bf8331e09cbac141e,1400/03/31,687.0,266.0,2227.0,810000.0,810000.0,810000.0,556470000.0,1.0,1.0,,,,,,,,,,,,,,,,,
caeb12747085d21bf8331e09cbac141e,1400/06/31,1879.0,762.0,2227.0,810000.0,810000.0,810000.0,1521990000.0,1.0,1.0,,,,,,,,,,,,,,,,,
caeb12747085d21bf8331e09cbac141e,1400/09/30,2836.0,1374.0,2227.0,810000.0,810000.0,810000.0,2297160000.0,1.0,1.0,,,,,,,,,,,,,,,,,
caeb12747085d21bf8331e09cbac141e,1400/12/29,3632.0,0.0,2227.0,810000.0,810000.0,810000.0,2941920000.0,1.0,1.0,,,,,,,,,,,,,,,,,
caeb12747085d21bf8331e09cbac141e,1401/03/31,1134.0,687.0,3492.0,810000.0,810000.0,810000.0,918540000.0,1.0,1.0,,,,,,,,,,,,,,,,,
caeb12747085d21bf8331e09cbac141e,1401/06/31,2310.0,1879.0,3492.0,810000.0,810000.0,810000.0,1871100000.0,1.0,1.0,,,,,,,,,,,,,,,,,
caeb12747085d21bf8331e09cbac141e,1401/09/30,3743.0,2836.0,3492.0,810000.0,810000.0,810000.0,3031830000.0,1.0,1.0,,,,,,,,,,,,,,,,,
caeb12747085d21bf8331e09cbac141e,1401/12/29,4972.0,0.0,3492.0,810000.0,810000.0,810000.0,4027320000.0,1.0,1.0,,,,,,,,,,,,,,,,,
caeb12747085d21bf8331e09cbac141e,1402/03/31,2446.0,1134.0,4964.0,810000.0,810000.0,810000.0,1981260000.0,1.0,1.0,,,,,,,,,,,,,,,,,
caeb12747085d21bf8331e09cbac141e,1402/06/31,4722.0,2210.0,4964.0,810000.0,810000.0,810000.0,3824820000.0,1.0,1.0,,,,,,,,,,,,,,,,,
caeb12747085d21bf8331e09cbac141e,1402/09/30,6435.0,3866.0,4964.0,810000.0,810000.0,810000.0,5212350000.0,1.0,1.0,,,,,,,,,,,,,,,,,
caeb12747085d21bf8331e09cbac141e,1402/12/29,7432.0,0.0,4964.0,810000.0,810000.0,810000.0,6019920000.0,1.0,1.0,,,,,,,,,,,,,,,,,
caeb12747085d21bf8331e09cbac141e,1403/03/31,2610.0,2446.0,7523.0,810000.0,810000.0,810000.0,2114100000.0,1.0,1.0,,,,,,,,,,,,,,,,,
caeb12747085d21bf8331e09cbac141e,1403/06/31,5270.0,4722.0,7523.0,810000.0,810000.0,810000.0,4268700000.0,1.0,1.0,,,,,,,,,,,,,,,,,
caeb12747085d21bf8331e09cbac141e,1403/09/30,627.0,6435.0,7523.0,9600059.0,810000.0,810000.0,6019236993.0,1.0,1.0,,,,,,,,,,,,,,,,,
caeb12747085d21bf8331e09cbac141e,1403/12/30,840.0,0.0,7523.0,9600059.0,810000.0,810000.0,8064049560.0,1.0,1.0,,,,,,,,,,,,,,,,,
caeb12747085d21bf8331e09cbac141e,1404/03/31,391.0,220.0,785.0,9600059.0,9600059.0,9600059.0,3753623069.0,1.0,1.0,,,,,,,,,,,,,,,,,
caeb12747085d21bf8331e09cbac141e,1404/06/31,832.0,444.0,785.0,9600059.0,9600059.0,9600059.0,7987249088.0,1.0,1.0,,,,,,,,,,,,,,,,,
caeb12747085d21bf8331e09cbac141e,1404/09/30,1260.0,0.0,627.0,9600059.0,0.0,9600059.0,12096074340.0,50.19640115736921,100.0,,,,,,,,,,,,,,,,,
caeb12747085d21bf8331e09cbac141e,1404/12/29,1848.0,0.0,785.0,9600059.0,9600059.0,9600059.0,17740909032.0,-1.0,100.0,,,,,,,,,,,,,,,,,
caeb12747085d21bf8331e09cbac141e,1405/03/31,967.0,391.0,1848.0,9600059.0,9600059.0,9600059.0,9283257053.0,11191067.0,4601744.0,,21298401.0,9843642.0,,-1242729.0,1153289.0,,,,,,,,,,,
cb507b89faf6ddf31e16ba5ea8f669d0,1399/12/30,2854.0,3181.0,,12000000.0,4000000.0,,34248000000.0,35633612.0,12717323.0,,,,,,,,,,,,,,,,,
cb507b89faf6ddf31e16ba5ea8f669d0,1400/03/31,1673.0,684.0,2854.0,12000000.0,4000000.0,12000000.0,20076000000.0,20484635.0,3354474.0,,,,,,,,,,,,,,,,,
cb507b89faf6ddf31e16ba5ea8f669d0,1400/06/31,3458.0,2484.0,2854.0,12000000.0,4000000.0,12000000.0,41496000000.0,40491117.0,9700267.0,,,,,,,,,,,,,,,,,
cb507b89faf6ddf31e16ba5ea8f669d0,1400/09/30,5295.0,1497.0,2854.0,12000000.0,12000000.0,12000000.0,63540000000.0,76666332.0,18280967.0,,,,,,,,,,,,,,,,,
cb507b89faf6ddf31e16ba5ea8f669d0,1400/12/29,5440.0,2854.0,,12000000.0,12000000.0,,65280000000.0,78426883.0,35633612.0,,,,,,,,,,,,,,,,,
cb507b89faf6ddf31e16ba5ea8f669d0,1401/03/31,1797.0,1673.0,5586.0,12000000.0,12000000.0,12000000.0,21564000000.0,25769809.0,20484636.0,,,,,,,,,,,,,,,,,
cb507b89faf6ddf31e16ba5ea8f669d0,1401/06/31,3525.0,2987.0,5586.0,12000000.0,12000000.0,12000000.0,42300000000.0,49075814.0,41674612.0,,,,,,,,,,,,,,,,,
cb507b89faf6ddf31e16ba5ea8f669d0,1403/12/30,5730.0,3846.0,,12000000.0,12000000.0,,68760000000.0,72116610.0,46888144.0,,,,,,,,,,,,,,,,,
cb507b89faf6ddf31e16ba5ea8f669d0,1404/06/31,3808.0,1214.0,5730.0,12000000.0,12000000.0,12000000.0,45696000000.0,54279660.0,15741297.0,,,,,,,,,,,,,,,,,
cb507b89faf6ddf31e16ba5ea8f669d0,1404/09/30,5582.0,3173.0,5730.0,12000000.0,12000000.0,12000000.0,66984000000.0,82741592.0,43037275.0,,,,,,,,,,,,,,,,,
cb507b89faf6ddf31e16ba5ea8f669d0,1404/12/29,5248.0,5744.0,,12000000.0,12000000.0,,62976000000.0,80001513.0,72116610.0,,,,,,,,,,,,,,,,,
cb507b89faf6ddf31e16ba5ea8f669d0,1405/03/31,505.0,2350.0,5120.0,12000000.0,12000000.0,12000000.0,6060000000.0,2274819.0,33618713.0,83048897.0,43998765.0,79656973.0,350137229.0,-848352.0,4691383.0,6063966.0,28196770.0,61436498.0,38046065.0,1604528.0,54899589.0,328922592.0,210037981.0,218383734.0,213015545.0,110538858.0
cca4110448d6de510f0d72a5270ddc77,1399/12/30,79133.0,17993.0,,500000.0,5000.0,,39566500000.0,804674.0,99120.0,,,,,,,,,,,,,,,,,
cca4110448d6de510f0d72a5270ddc77,1400/12/29,200510.0,79133.0,,500000.0,500000.0,,100255000000.0,2049087.0,804674.0,,,,,,,,,,,,,,,,,
cca4110448d6de510f0d72a5270ddc77,1401/12/29,530074.0,200510.0,,500000.0,500000.0,,265037000000.0,5383930.0,2049087.0,,,,,,,,,,,,,,,,,
cca4110448d6de510f0d72a5270ddc77,1402/12/29,12372.0,530074.0,,7000000.0,500000.0,,86604000000.0,8960340.0,5383930.0,,,,,,,,,,,,,,,,,
cca4110448d6de510f0d72a5270ddc77,1404/09/30,101685.0,1002.0,1532.0,7000000.0,7000000.0,7000000.0,711795000000.0,14243883.0,6789082.0,,,,,,,,,,,,,,,,,
cca4110448d6de510f0d72a5270ddc77,1404/12/29,149017.0,1532.0,,7000000.0,7000000.0,,1043119000000.0,20983562.0,10603436.0,,,,,,,,,,,,,,,,,
cca4110448d6de510f0d72a5270ddc77,1405/03/31,875.0,311.0,2949.0,7000000.0,7000000.0,7000000.0,6125000000.0,6158940.0,2177304.0,20766908.0,14254957.0,6808066.0,58667265.0,-38394.0,1836.0,6122382.0,2174981.0,20644981.0,593835.0,882490.0,2428827.0,55770655.0,46977347.0,21303292.0,21303292.0,34467363.0
d01ad6f1e6afd1225f55ef45468e0c84,1398/09/30,2564.0,972.0,1841.0,625000.0,625000.0,625000.0,1602500000.0,1.0,1.0,,,,,,,,,,,,,,,,,
d01ad6f1e6afd1225f55ef45468e0c84,1398/12/29,2929.0,0.0,1841.0,750000.0,625000.0,625000.0,2196750000.0,1.0,1.0,,,,,,,,,,,,,,,,,
d01ad6f1e6afd1225f55ef45468e0c84,1399/03/31,796.0,636.0,2929.0,750000.0,625000.0,750000.0,597000000.0,1.0,1.0,,,,,,,,,,,,,,,,,
d01ad6f1e6afd1225f55ef45468e0c84,1399/06/31,1965.0,1303.0,2929.0,750000.0,750000.0,750000.0,1473750000.0,1.0,1.0,,,,,,,,,,,,,,,,,
d01ad6f1e6afd1225f55ef45468e0c84,1399/09/30,3053.0,2564.0,2929.0,750000.0,625000.0,750000.0,2289750000.0,1.0,1.0,,,,,,,,,,,,,,,,,
d01ad6f1e6afd1225f55ef45468e0c84,1399/12/30,1820.0,0.0,2929.0,1500000.0,750000.0,750000.0,2730000000.0,1.0,1.0,,,,,,,,,,,,,,,,,
d01ad6f1e6afd1225f55ef45468e0c84,1400/03/31,502.0,398.0,1820.0,1500000.0,1500000.0,1500000.0,753000000.0,1.0,1.0,,,,,,,,,,,,,,,,,
d01ad6f1e6afd1225f55ef45468e0c84,1400/06/31,2132.0,982.0,1820.0,1500000.0,1500000.0,1500000.0,3198000000.0,1.0,1.0,,,,,,,,,,,,,,,,,
d01ad6f1e6afd1225f55ef45468e0c84,1400/09/30,3549.0,1527.0,1820.0,1500000.0,1500000.0,1500000.0,5323500000.0,1.0,1.0,,,,,,,,,,,,,,,,,
d01ad6f1e6afd1225f55ef45468e0c84,1400/12/29,4126.0,0.0,1820.0,1500000.0,1500000.0,1500000.0,6189000000.0,1.0,1.0,,,,,,,,,,,,,,,,,
d01ad6f1e6afd1225f55ef45468e0c84,1401/03/31,615.0,502.0,4126.0,1500000.0,1500000.0,1500000.0,922500000.0,1.0,1.0,,,,,,,,,,,,,,,,,
d01ad6f1e6afd1225f55ef45468e0c84,1401/06/31,2026.0,2132.0,4126.0,1500000.0,1500000.0,1500000.0,3039000000.0,1.0,1.0,,,,,,,,,,,,,,,,,
d01ad6f1e6afd1225f55ef45468e0c84,1401/09/30,3705.0,3549.0,4126.0,1500000.0,1500000.0,1500000.0,5557500000.0,1.0,1.0,,,,,,,,,,,,,,,,,
d01ad6f1e6afd1225f55ef45468e0c84,1401/12/29,3299.0,0.0,4126.0,2600000.0,1500000.0,1500000.0,8577400000.0,1.0,1.0,,,,,,,,,,,,,,,,,
d01ad6f1e6afd1225f55ef45468e0c84,1402/03/31,843.0,615.0,3299.0,2600000.0,1500000.0,2600000.0,2191800000.0,1.0,1.0,,,,,,,,,,,,,,,,,
d01ad6f1e6afd1225f55ef45468e0c84,1402/06/31,1551.0,1914.0,3299.0,2600000.0,1500000.0,2600000.0,4032600000.0,1.0,1.0,,,,,,,,,,,,,,,,,
d01ad6f1e6afd1225f55ef45468e0c84,1402/09/30,2141.0,3705.0,3299.0,2600000.0,1500000.0,2600000.0,5566600000.0,1.0,1.0,,,,,,,,,,,,,,,,,
d01ad6f1e6afd1225f55ef45468e0c84,1402/12/29,1405.0,0.0,3299.0,2600000.0,2600000.0,2600000.0,3653000000.0,1.0,1.0,,,,,,,,,,,,,,,,,
d01ad6f1e6afd1225f55ef45468e0c84,1403/03/31,327.0,843.0,1245.0,2600000.0,2600000.0,2600000.0,850200000.0,1.0,1.0,,,,,,,,,,,,,,,,,
d01ad6f1e6afd1225f55ef45468e0c84,1403/06/31,425.0,1423.0,1245.0,2600000.0,2600000.0,2600000.0,1105000000.0,1.0,1.0,,,,,,,,,,,,,,,,,
d01ad6f1e6afd1225f55ef45468e0c84,1403/09/30,877.0,2141.0,1245.0,2600000.0,2600000.0,2600000.0,2280200000.0,1.0,1.0,,,,,,,,,,,,,,,,,
d01ad6f1e6afd1225f55ef45468e0c84,1403/12/30,2087.0,0.0,1245.0,2600000.0,2600000.0,2600000.0,5426200000.0,1.0,1.0,,,,,,,,,,,,,,,,,
d01ad6f1e6afd1225f55ef45468e0c84,1404/03/31,1598.0,327.0,2087.0,2600000.0,2600000.0,2600000.0,4154800000.0,1.0,1.0,,,,,,,,,,,,,,,,,
d01ad6f1e6afd1225f55ef45468e0c84,1404/06/31,168.0,425.0,2087.0,51800000.0,2600000.0,2600000.0,8702400000.0,1.0,1.0,,,,,,,,,,,,,,,,,
d01ad6f1e6afd1225f55ef45468e0c84,1404/09/30,343.0,877.0,2087.0,51800000.0,2600000.0,2600000.0,17767400000.0,1.0,1.0,,,,,,,,,,,,,,,,,
d01ad6f1e6afd1225f55ef45468e0c84,1404/12/29,1564.0,620.0,1841.0,625000.0,500000.0,625000.0,26832400000.0,1.0,1.0,,,,,,,,,,,,,,,,,
d01ad6f1e6afd1225f55ef45468e0c84,1405/03/31,403.0,1598.0,518.0,51800000.0,2600000.0,51800000.0,20875400000.0,30718203.0,6845170.0,42042743.0,53102233.0,16501301.0,86361539.0,-3177419.0,25062.0,20869532.0,4156051.0,26835514.0,-7094849.0,2487996.0,6958050.0,179452900.0,127962830.0,90417822.0,75265111.0,89035078.0
d07ff5df6784e3a6d9d9eabdb65794ba,1398/09/30,519.0,538.0,941.0,209000000.0,130000000.0,130000000.0,108471000000.0,1.0,1.0,,,,,,,,,,,,,,,,,
d07ff5df6784e3a6d9d9eabdb65794ba,1398/12/29,980.0,0.0,794.0,209000000.0,130000000.0,209000000.0,204820000000.0,1.0,1.0,,,,,,,,,,,,,,,,,
d07ff5df6784e3a6d9d9eabdb65794ba,1399/03/31,187.0,180.0,708.0,209000000.0,209000000.0,209000000.0,39083000000.0,1.0,1.0,,,,,,,,,,,,,,,,,
d07ff5df6784e3a6d9d9eabdb65794ba,1399/06/31,483.0,386.0,708.0,209000000.0,209000000.0,209000000.0,100947000000.0,1.0,1.0,,,,,,,,,,,,,,,,,
d07ff5df6784e3a6d9d9eabdb65794ba,1399/09/30,991.0,519.0,708.0,209000000.0,209000000.0,209000000.0,207119000000.0,1.0,1.0,,,,,,,,,,,,,,,,,
d07ff5df6784e3a6d9d9eabdb65794ba,1399/12/30,2005.0,0.0,980.0,293000000.0,209000000.0,209000000.0,587465000000.0,1.0,1.0,,,,,,,,,,,,,,,,,
d07ff5df6784e3a6d9d9eabdb65794ba,1400/03/31,473.0,133.0,1306.0,293000000.0,293000000.0,293000000.0,138589000000.0,1.0,1.0,,,,,,,,,,,,,,,,,
d07ff5df6784e3a6d9d9eabdb65794ba,1400/06/31,1210.0,365.0,1306.0,293000000.0,293000000.0,293000000.0,354530000000.0,1.0,1.0,,,,,,,,,,,,,,,,,
d07ff5df6784e3a6d9d9eabdb65794ba,1400/09/30,1812.0,707.0,1306.0,293000000.0,293000000.0,293000000.0,530916000000.0,1.0,1.0,,,,,,,,,,,,,,,,,
d07ff5df6784e3a6d9d9eabdb65794ba,1400/12/29,2969.0,0.0,1984.0,293000000.0,293000000.0,293000000.0,869917000000.0,1.0,1.0,,,,,,,,,,,,,,,,,
d07ff5df6784e3a6d9d9eabdb65794ba,1401/03/31,706.0,473.0,2831.0,293000000.0,293000000.0,293000000.0,206858000000.0,1.0,1.0,,,,,,,,,,,,,,,,,
d07ff5df6784e3a6d9d9eabdb65794ba,1401/06/31,1100.0,1174.0,2868.0,293000000.0,293000000.0,293000000.0,322300000000.0,1.0,1.0,,,,,,,,,,,,,,,,,
d07ff5df6784e3a6d9d9eabdb65794ba,1401/09/30,667.0,1002.0,2868.0,530000000.0,530000000.0,293000000.0,353510000000.0,1.0,1.0,,,,,,,,,,,,,,,,,
d07ff5df6784e3a6d9d9eabdb65794ba,1401/12/29,1124.0,0.0,1358.0,800000000.0,293000000.0,800000000.0,899200000000.0,1.0,1.0,,,,,,,,,,,,,,,,,
d07ff5df6784e3a6d9d9eabdb65794ba,1402/03/31,334.0,259.0,849.0,800000000.0,800000000.0,800000000.0,267200000000.0,1.0,1.0,,,,,,,,,,,,,,,,,
d07ff5df6784e3a6d9d9eabdb65794ba,1402/06/31,656.0,338.0,849.0,800000000.0,800000000.0,800000000.0,524800000000.0,1.0,1.0,,,,,,,,,,,,,,,,,
d07ff5df6784e3a6d9d9eabdb65794ba,1402/09/30,823.0,442.0,849.0,800000000.0,800000000.0,800000000.0,658400000000.0,1.0,1.0,,,,,,,,,,,,,,,,,
d07ff5df6784e3a6d9d9eabdb65794ba,1402/12/29,1133.0,0.0,831.0,1080000000.0,800000000.0,1080000000.0,1223640000000.0,1.0,1.0,,,,,,,,,,,,,,,,,
d07ff5df6784e3a6d9d9eabdb65794ba,1403/03/31,248.0,229.0,857.0,1080000000.0,1080000000.0,1080000000.0,267840000000.0,1.0,1.0,,,,,,,,,,,,,,,,,
d07ff5df6784e3a6d9d9eabdb65794ba,1403/06/31,524.0,457.0,857.0,1080000000.0,1080000000.0,1080000000.0,565920000000.0,1.0,1.0,,,,,,,,,,,,,,,,,
d07ff5df6784e3a6d9d9eabdb65794ba,1403/09/30,636.0,610.0,857.0,1080000000.0,1080000000.0,1080000000.0,686880000000.0,1.0,1.0,,,,,,,,,,,,,,,,,
d07ff5df6784e3a6d9d9eabdb65794ba,1403/12/30,600.0,0.0,617.0,1500000000.0,1080000000.0,1500000000.0,900000000000.0,1.0,1.0,,,,,,,,,,,,,,,,,
d07ff5df6784e3a6d9d9eabdb65794ba,1404/03/31,108.0,178.0,620.0,1500000000.0,1500000000.0,1500000000.0,162000000000.0,1.0,1.0,,,,,,,,,,,,,,,,,
d07ff5df6784e3a6d9d9eabdb65794ba,1404/06/31,201.0,362.0,664.0,1500000000.0,1500000000.0,1500000000.0,301500000000.0,1.0,1.0,,,,,,,,,,,,,,,,,
d07ff5df6784e3a6d9d9eabdb65794ba,1404/09/30,626.0,328.0,941.0,130000000.0,130000000.0,130000000.0,442500000000.0,1.0,1.0,,,,,,,,,,,,,,,,,
d07ff5df6784e3a6d9d9eabdb65794ba,1404/12/29,729.0,562.0,,1935000000.0,1935000000.0,,1410615000000.0,1483883429.0,1194302336.0,,,,,,,,,,,,,,,,,
d07ff5df6784e3a6d9d9eabdb65794ba,1405/03/31,62.0,84.0,519.0,1935000000.0,1935000000.0,1935000000.0,119970000000.0,197995135.0,234582596.0,952391095.0,834166799.0,847715717.0,3668860246.0,-53858259.0,-5812768.0,120356493.0,161823705.0,1003954296.0,499509421.0,206310395.0,907695308.0,6278290305.0,4015015307.0,2896232830.0,2362036939.0,3382057475.0
d108002c1966bd34137074461c1193bc,1398/06/31,177.0,496.0,722.0,370000.0,170000.0,170000.0,65490000.0,1.0,1.0,,,,,,,,,,,,,,,,,
d108002c1966bd34137074461c1193bc,1398/09/30,507.0,560.0,722.0,170000.0,170000.0,170000.0,86190000.0,1.0,1.0,,,,,,,,,,,,,,,,,
d108002c1966bd34137074461c1193bc,1398/12/29,456.0,0.0,722.0,370000.0,170000.0,170000.0,168720000.0,1.0,1.0,,,,,,,,,,,,,,,,,
d108002c1966bd34137074461c1193bc,1399/03/31,130.0,62.0,437.0,370000.0,370000.0,370000.0,48100000.0,1.0,1.0,,,,,,,,,,,,,,,,,
d108002c1966bd34137074461c1193bc,1399/06/31,516.0,209.0,437.0,370000.0,370000.0,370000.0,190920000.0,1.0,1.0,,,,,,,,,,,,,,,,,
d108002c1966bd34137074461c1193bc,1399/09/30,675.0,192.0,437.0,370000.0,370000.0,370000.0,249750000.0,1.0,1.0,,,,,,,,,,,,,,,,,
d108002c1966bd34137074461c1193bc,1399/12/30,294.0,130.0,672.0,370000.0,370000.0,370000.0,108780000.0,1.0,1.0,,,,,,,,,,,,,,,,,
d108002c1966bd34137074461c1193bc,1400/03/31,557.0,513.0,672.0,370000.0,370000.0,370000.0,206090000.0,1.0,1.0,,,,,,,,,,,,,,,,,
d108002c1966bd34137074461c1193bc,1400/06/31,778.0,672.0,672.0,370000.0,370000.0,370000.0,287860000.0,1.0,1.0,,,,,,,,,,,,,,,,,
d108002c1966bd34137074461c1193bc,1400/09/30,784.0,0.0,672.0,520000.0,370000.0,370000.0,407680000.0,1.0,1.0,,,,,,,,,,,,,,,,,
d108002c1966bd34137074461c1193bc,1400/12/29,262.0,294.0,1073.0,520000.0,370000.0,370000.0,136240000.0,1.0,1.0,,,,,,,,,,,,,,,,,
d108002c1966bd34137074461c1193bc,1401/03/31,499.0,397.0,763.0,520000.0,520000.0,520000.0,259480000.0,1.0,1.0,,,,,,,,,,,,,,,,,
d108002c1966bd34137074461c1193bc,1401/06/31,657.0,791.0,1073.0,520000.0,370000.0,370000.0,341640000.0,1.0,1.0,,,,,,,,,,,,,,,,,
d108002c1966bd34137074461c1193bc,1401/09/30,1209.0,0.0,1073.0,520000.0,370000.0,370000.0,628680000.0,1.0,1.0,,,,,,,,,,,,,,,,,
d108002c1966bd34137074461c1193bc,1401/12/29,274.0,262.0,1292.0,770000.0,520000.0,520000.0,210980000.0,1.0,1.0,,,,,,,,,,,,,,,,,
d108002c1966bd34137074461c1193bc,1402/03/31,718.0,333.0,874.0,770000.0,770000.0,770000.0,552860000.0,1.0,1.0,,,,,,,,,,,,,,,,,
d108002c1966bd34137074461c1193bc,1402/06/31,886.0,657.0,1292.0,770000.0,520000.0,520000.0,682220000.0,1.0,1.0,,,,,,,,,,,,,,,,,
d108002c1966bd34137074461c1193bc,1402/09/30,1043.0,0.0,873.0,920000.0,770000.0,770000.0,959560000.0,1.0,1.0,,,,,,,,,,,,,,,,,
d108002c1966bd34137074461c1193bc,1402/12/29,340.0,274.0,1008.0,920000.0,770000.0,920000.0,312800000.0,1.0,1.0,,,,,,,,,,,,,,,,,
d108002c1966bd34137074461c1193bc,1403/03/31,163.0,584.0,1008.0,920000.0,920000.0,920000.0,149960000.0,1.0,1.0,,,,,,,,,,,,,,,,,
d108002c1966bd34137074461c1193bc,1403/06/31,325.0,742.0,1008.0,920000.0,920000.0,920000.0,299000000.0,1.0,1.0,,,,,,,,,,,,,,,,,
d108002c1966bd34137074461c1193bc,1403/09/30,351.0,0.0,1008.0,920000.0,920000.0,920000.0,322920000.0,1.0,1.0,,,,,,,,,,,,,,,,,
d108002c1966bd34137074461c1193bc,1403/12/30,135.0,340.0,245.0,920000.0,920000.0,920000.0,124200000.0,1.0,1.0,,,,,,,,,,,,,,,,,
d108002c1966bd34137074461c1193bc,1404/03/31,224.0,76.0,124.0,1820000.0,1820000.0,1820000.0,407680000.0,1.0,1.0,,,,,,,,,,,,,,,,,
d108002c1966bd34137074461c1193bc,1404/06/31,478.0,164.0,124.0,1820000.0,1820000.0,1820000.0,869960000.0,1.0,1.0,,,,,,,,,,,,,,,,,
d108002c1966bd34137074461c1193bc,1404/09/30,810.0,124.0,,1820000.0,1820000.0,,1474200000.0,2671957.0,1377123.0,,,,,,,,,,,,,,,,,
d108002c1966bd34137074461c1193bc,1404/12/29,93.0,68.0,810.0,1820000.0,1820000.0,1820000.0,169260000.0,-1.0,100.0,,,,,,,,,,,,,,,,,
d108002c1966bd34137074461c1193bc,1405/03/31,479.0,220.0,824.0,1820000.0,1820000.0,1820000.0,871780000.0,1539383.0,946287.0,,,,,,,,,,,,,,,,,
d36c687f0cd3a20f5e0c5c1ae507ae3f,1398/06/31,496.0,-409.0,-76.0,36500.0,36500.0,36500.0,18104000.0,26503.0,-14178.0,,,,,,,,,,,,,,,,,
d36c687f0cd3a20f5e0c5c1ae507ae3f,1398/09/30,647.0,-465.0,-76.0,36500.0,36500.0,36500.0,23615500.0,32245.0,-15586.0,,,,,,,,,,,,,,,,,
d36c687f0cd3a20f5e0c5c1ae507ae3f,1398/12/29,1198.0,-80.0,,36500.0,36500.0,,43727000.0,46490.0,-1799.0,,,,,,,,,,,,,,,,,
d36c687f0cd3a20f5e0c5c1ae507ae3f,1399/03/31,271.0,192.0,1201.0,36500.0,36500.0,36500.0,9891500.0,13386.0,10118.0,,,,,,,,,,,,,,,,,
d36c687f0cd3a20f5e0c5c1ae507ae3f,1399/06/31,429.0,496.0,1201.0,36500.0,36500.0,36500.0,15658500.0,22240.0,26503.0,,,,,,,,,,,,,,,,,
d36c687f0cd3a20f5e0c5c1ae507ae3f,1399/09/30,1632.0,647.0,1201.0,36500.0,36500.0,36500.0,59568000.0,80778.0,32245.0,,,,,,,,,,,,,,,,,
d36c687f0cd3a20f5e0c5c1ae507ae3f,1399/12/30,761.0,1198.0,,145000.0,36500.0,,110345000.0,143024.0,46490.0,,,,,,,,,,,,,,,,,
d36c687f0cd3a20f5e0c5c1ae507ae3f,1400/03/31,661.0,271.0,763.0,145000.0,36500.0,145000.0,95845000.0,66373.0,13386.0,,,,,,,,,,,,,,,,,
d36c687f0cd3a20f5e0c5c1ae507ae3f,1400/06/31,821.0,108.0,763.0,145000.0,145000.0,145000.0,119045000.0,117188.0,22240.0,,,,,,,,,,,,,,,,,
d36c687f0cd3a20f5e0c5c1ae507ae3f,1400/09/30,1027.0,411.0,763.0,145000.0,145000.0,145000.0,148915000.0,178035.0,80778.0,,,,,,,,,,,,,,,,,
d36c687f0cd3a20f5e0c5c1ae507ae3f,1400/12/29,467.0,761.0,,400000.0,145000.0,,186800000.0,234290.0,143024.0,,,,,,,,,,,,,,,,,
d36c687f0cd3a20f5e0c5c1ae507ae3f,1401/03/31,173.0,240.0,468.0,400000.0,400000.0,400000.0,69200000.0,110962.0,66373.0,,,,,,,,,,,,,,,,,
d36c687f0cd3a20f5e0c5c1ae507ae3f,1401/06/31,330.0,298.0,468.0,400000.0,400000.0,400000.0,132000000.0,216110.0,117188.0,,,,,,,,,,,,,,,,,
d36c687f0cd3a20f5e0c5c1ae507ae3f,1401/09/30,561.0,372.0,468.0,400000.0,400000.0,400000.0,224400000.0,362674.0,178035.0,,,,,,,,,,,,,,,,,
d36c687f0cd3a20f5e0c5c1ae507ae3f,1401/12/29,656.0,467.0,,400000.0,400000.0,,262400000.0,408815.0,234290.0,,,,,,,,,,,,,,,,,
d36c687f0cd3a20f5e0c5c1ae507ae3f,1402/03/31,226.0,173.0,659.0,400000.0,400000.0,400000.0,90400000.0,155861.0,110962.0,,,,,,,,,,,,,,,,,
d36c687f0cd3a20f5e0c5c1ae507ae3f,1402/06/31,557.0,330.0,659.0,400000.0,400000.0,400000.0,222800000.0,344668.0,216110.0,,,,,,,,,,,,,,,,,
d36c687f0cd3a20f5e0c5c1ae507ae3f,1402/09/30,704.0,561.0,659.0,400000.0,400000.0,400000.0,281600000.0,469079.0,362674.0,,,,,,,,,,,,,,,,,
d36c687f0cd3a20f5e0c5c1ae507ae3f,1402/12/29,364.0,328.0,,800000.0,800000.0,,291200000.0,504256.0,408815.0,,,,,,,,,,,,,,,,,
d36c687f0cd3a20f5e0c5c1ae507ae3f,1403/03/31,163.0,113.0,365.0,800000.0,800000.0,800000.0,130400000.0,203856.0,155861.0,,,,,,,,,,,,,,,,,
d36c687f0cd3a20f5e0c5c1ae507ae3f,1403/06/31,271.0,278.0,365.0,800000.0,800000.0,800000.0,216800000.0,360066.0,344668.0,,,,,,,,,,,,,,,,,
d36c687f0cd3a20f5e0c5c1ae507ae3f,1403/09/30,462.0,352.0,365.0,800000.0,800000.0,800000.0,369600000.0,606890.0,469079.0,,,,,,,,,,,,,,,,,
d36c687f0cd3a20f5e0c5c1ae507ae3f,1403/12/30,515.0,364.0,,800000.0,800000.0,,412000000.0,638554.0,504256.0,,,,,,,,,,,,,,,,,
d36c687f0cd3a20f5e0c5c1ae507ae3f,1404/03/31,319.0,163.0,517.0,800000.0,800000.0,800000.0,255200000.0,306610.0,203856.0,,,,,,,,,,,,,,,,,
d36c687f0cd3a20f5e0c5c1ae507ae3f,1404/06/31,493.0,271.0,517.0,800000.0,800000.0,800000.0,394400000.0,510921.0,360066.0,,,,,,,,,,,,,,,,,
d36c687f0cd3a20f5e0c5c1ae507ae3f,1404/09/30,673.0,462.0,517.0,1000000.0,800000.0,800000.0,673000000.0,880475.0,606890.0,,,,,,,,,,,,,,,,,
d36c687f0cd3a20f5e0c5c1ae507ae3f,1404/12/29,855.0,515.0,,1000000.0,800000.0,,855000000.0,1063814.0,638554.0,,,,,,,,,,,,,,,,,
d36c687f0cd3a20f5e0c5c1ae507ae3f,1405/03/31,876.0,255.0,858.0,1000000.0,1000000.0,1000000.0,876000000.0,1122788.0,306610.0,,,,,,,,,,,,,,,,,
d481c7823a747032cbe08b189a6f03c0,1398/06/31,9879.0,9053.0,15542.0,2400000.0,2400000.0,2400000.0,23709600000.0,-1.0,100.0,,,,,,,,,,,,,,,,,
d481c7823a747032cbe08b189a6f03c0,1398/09/30,11712.0,13934.0,15542.0,2400000.0,2400000.0,2400000.0,28108800000.0,-1.0,100.0,,,,,,,,,,,,,,,,,
d481c7823a747032cbe08b189a6f03c0,1398/12/29,12613.0,0.0,15542.0,2400000.0,2400000.0,2400000.0,30271200000.0,-1.0,100.0,,,,,,,,,,,,,,,,,
d481c7823a747032cbe08b189a6f03c0,1399/03/31,4354.0,7080.0,12245.0,2400000.0,2400000.0,2400000.0,10449600000.0,-1.0,100.0,,,,,,,,,,,,,,,,,
d481c7823a747032cbe08b189a6f03c0,1399/06/31,11336.0,8604.0,12245.0,2400000.0,2400000.0,2400000.0,27206400000.0,-1.0,100.0,,,,,,,,,,,,,,,,,
d481c7823a747032cbe08b189a6f03c0,1399/09/30,21826.0,11712.0,12245.0,2400000.0,2400000.0,2400000.0,52382400000.0,-1.0,100.0,,,,,,,,,,,,,,,,,
d481c7823a747032cbe08b189a6f03c0,1399/12/30,25441.0,0.0,12245.0,2400000.0,2400000.0,2400000.0,61058400000.0,-1.0,100.0,,,,,,,,,,,,,,,,,
d481c7823a747032cbe08b189a6f03c0,1400/03/31,9817.0,4354.0,24128.0,2400000.0,2400000.0,2400000.0,23560800000.0,-1.0,100.0,,,,,,,,,,,,,,,,,
d481c7823a747032cbe08b189a6f03c0,1400/06/31,18422.0,10813.0,24128.0,2400000.0,2400000.0,2400000.0,44212800000.0,-1.0,100.0,,,,,,,,,,,,,,,,,
d481c7823a747032cbe08b189a6f03c0,1400/09/30,21146.0,21826.0,24128.0,2400000.0,2400000.0,2400000.0,50750400000.0,-1.0,100.0,,,,,,,,,,,,,,,,,
d481c7823a747032cbe08b189a6f03c0,1400/12/29,12671.0,0.0,24128.0,2400000.0,2400000.0,2400000.0,30410400000.0,-1.0,100.0,,,,,,,,,,,,,,,,,
d481c7823a747032cbe08b189a6f03c0,1401/03/31,4572.0,8579.0,12764.0,2400000.0,2400000.0,2400000.0,10972800000.0,-1.0,100.0,,,,,,,,,,,,,,,,,
d481c7823a747032cbe08b189a6f03c0,1401/06/31,4035.0,17199.0,12764.0,2400000.0,2400000.0,2400000.0,9684000000.0,-1.0,100.0,,,,,,,,,,,,,,,,,
d481c7823a747032cbe08b189a6f03c0,1401/09/30,8973.0,8115.0,7903.0,2400000.0,2400000.0,2400000.0,21535200000.0,-1.0,100.0,,,,,,,,,,,,,,,,,
d481c7823a747032cbe08b189a6f03c0,1401/12/29,13176.0,0.0,6922.0,2400000.0,2400000.0,2400000.0,31622400000.0,-1.0,100.0,,,,,,,,,,,,,,,,,
d481c7823a747032cbe08b189a6f03c0,1402/03/31,4185.0,4572.0,12650.0,2400000.0,2400000.0,2400000.0,10044000000.0,-1.0,100.0,,,,,,,,,,,,,,,,,
d481c7823a747032cbe08b189a6f03c0,1402/06/31,4716.0,5683.0,12650.0,2400000.0,2400000.0,2400000.0,11318400000.0,-1.0,100.0,,,,,,,,,,,,,,,,,
d481c7823a747032cbe08b189a6f03c0,1402/09/30,10444.0,8973.0,12650.0,2400000.0,2400000.0,2400000.0,25065600000.0,-1.0,100.0,,,,,,,,,,,,,,,,,
d481c7823a747032cbe08b189a6f03c0,1402/12/29,5049.0,0.0,11021.0,2400000.0,2400000.0,2400000.0,12117600000.0,-1.0,100.0,,,,,,,,,,,,,,,,,
d481c7823a747032cbe08b189a6f03c0,1403/03/31,2739.0,1681.0,5523.0,2400000.0,2400000.0,2400000.0,6573600000.0,-1.0,100.0,,,,,,,,,,,,,,,,,
d481c7823a747032cbe08b189a6f03c0,1403/06/31,9398.0,12553.0,16418.0,2400000.0,2400000.0,2400000.0,22555200000.0,-1.0,100.0,,,,,,,,,,,,,,,,,
d481c7823a747032cbe08b189a6f03c0,1403/09/30,13001.0,9848.0,11032.0,2400000.0,2400000.0,2400000.0,31202400000.0,-1.0,100.0,,,,,,,,,,,,,,,,,
d481c7823a747032cbe08b189a6f03c0,1403/12/30,4305.0,0.0,11334.0,2400000.0,2400000.0,2400000.0,10332000000.0,-1.0,100.0,,,,,,,,,,,,,,,,,
d481c7823a747032cbe08b189a6f03c0,1404/03/31,4794.0,3575.0,4305.0,2400000.0,2400000.0,2400000.0,11505600000.0,-1.0,100.0,,,,,,,,,,,,,,,,,
d481c7823a747032cbe08b189a6f03c0,1404/06/31,9108.0,9254.0,19555.0,2400000.0,2400000.0,2400000.0,21859200000.0,-1.0,100.0,,,,,,,,,,,,,,,,,
d481c7823a747032cbe08b189a6f03c0,1404/09/30,7744.0,10124.0,19555.0,2400000.0,2400000.0,2400000.0,18585600000.0,-1.0,100.0,,,,,,,,,,,,,,,,,
d481c7823a747032cbe08b189a6f03c0,1404/12/29,6744.0,0.0,19555.0,2400000.0,2400000.0,2400000.0,16185600000.0,-1.0,100.0,,,,,,,,,,,,,,,,,
d481c7823a747032cbe08b189a6f03c0,1405/03/31,1428.0,410.0,1982.0,7700000.0,7700000.0,7700000.0,10995600000.0,14061297.0,4459142.0,20009221.0,28032543.0,8127822.0,36147907.0,-2522929.0,420488.0,10997980.0,3158364.0,15262261.0,-1701143.0,307885.0,21105201.0,68667536.0,63963359.0,33393717.0,31039210.0,35273819.0
d4ba95c595b08e7a8441a997f29f4427,1398/06/31,531.0,370.0,755.0,200000.0,120000.0,200000.0,106200000.0,153410.0,69840.0,,,,,,,,,,,,,,,,,
d4ba95c595b08e7a8441a997f29f4427,1398/09/30,924.0,507.0,755.0,200000.0,200000.0,200000.0,184800000.0,255891.0,152669.0,,,,,,,,,,,,,,,,,
d4ba95c595b08e7a8441a997f29f4427,1398/12/29,1229.0,755.0,,200000.0,200000.0,,245800000.0,321539.0,230016.0,,,,,,,,,,,,,,,,,
d4ba95c595b08e7a8441a997f29f4427,1399/03/31,451.0,275.0,1229.0,200000.0,200000.0,200000.0,90200000.0,119062.0,58901.0,,,,,,,,,,,,,,,,,
d4ba95c595b08e7a8441a997f29f4427,1399/06/31,1078.0,531.0,1229.0,200000.0,200000.0,200000.0,215600000.0,268264.0,153410.0,,,,,,,,,,,,,,,,,
d4ba95c595b08e7a8441a997f29f4427,1399/09/30,2347.0,924.0,1229.0,200000.0,200000.0,200000.0,469400000.0,593881.0,255891.0,,,,,,,,,,,,,,,,,
d4ba95c595b08e7a8441a997f29f4427,1399/12/30,3793.0,1229.0,,200000.0,200000.0,,758600000.0,969701.0,321538.0,,,,,,,,,,,,,,,,,
d4ba95c595b08e7a8441a997f29f4427,1400/03/31,1364.0,451.0,3793.0,200000.0,200000.0,200000.0,272800000.0,357435.0,119062.0,,,,,,,,,,,,,,,,,
d4ba95c595b08e7a8441a997f29f4427,1400/06/31,2814.0,1078.0,3793.0,200000.0,200000.0,200000.0,562800000.0,714108.0,268264.0,,,,,,,,,,,,,,,,,
d4ba95c595b08e7a8441a997f29f4427,1400/09/30,5001.0,2347.0,3793.0,200000.0,200000.0,200000.0,1000200000.0,1260735.0,593881.0,,,,,,,,,,,,,,,,,
d4ba95c595b08e7a8441a997f29f4427,1400/12/29,4694.0,3793.0,,300000.0,200000.0,,1408200000.0,1688600.0,969701.0,,,,,,,,,,,,,,,,,
d4ba95c595b08e7a8441a997f29f4427,1401/03/31,2227.0,1364.0,4694.0,300000.0,200000.0,300000.0,668100000.0,846845.0,357433.0,,,,,,,,,,,,,,,,,
d4ba95c595b08e7a8441a997f29f4427,1401/06/31,5053.0,2806.0,4694.0,300000.0,200000.0,300000.0,1515900000.0,1728205.0,711921.0,,,,,,,,,,,,,,,,,
d4ba95c595b08e7a8441a997f29f4427,1401/09/30,6972.0,3334.0,4694.0,300000.0,300000.0,300000.0,2091600000.0,2478832.0,1260735.0,,,,,,,,,,,,,,,,,
d4ba95c595b08e7a8441a997f29f4427,1401/12/29,9207.0,0.0,4694.0,300000.0,300000.0,300000.0,2762100000.0,1.0,1.0,,,,,,,,,,,,,,,,,
d4ba95c595b08e7a8441a997f29f4427,1402/03/31,2838.0,2227.0,9207.0,300000.0,300000.0,300000.0,851400000.0,1.0,1.0,,,,,,,,,,,,,,,,,
d4ba95c595b08e7a8441a997f29f4427,1402/06/31,6025.0,5082.0,9207.0,300000.0,300000.0,300000.0,1807500000.0,1.0,1.0,,,,,,,,,,,,,,,,,
d4ba95c595b08e7a8441a997f29f4427,1402/09/30,9426.0,6972.0,9207.0,300000.0,300000.0,300000.0,2827800000.0,1.0,1.0,,,,,,,,,,,,,,,,,
d4ba95c595b08e7a8441a997f29f4427,1402/12/29,11423.0,0.0,9207.0,300000.0,300000.0,300000.0,3426900000.0,1.0,1.0,,,,,,,,,,,,,,,,,
d4ba95c595b08e7a8441a997f29f4427,1403/03/31,3571.0,2838.0,11423.0,300000.0,300000.0,300000.0,1071300000.0,1.0,1.0,,,,,,,,,,,,,,,,,
d4ba95c595b08e7a8441a997f29f4427,1403/06/31,6926.0,6025.0,11423.0,300000.0,300000.0,300000.0,2077800000.0,1.0,1.0,,,,,,,,,,,,,,,,,
d4ba95c595b08e7a8441a997f29f4427,1403/09/30,10630.0,9426.0,11423.0,300000.0,300000.0,300000.0,3189000000.0,1.0,1.0,,,,,,,,,,,,,,,,,
d4ba95c595b08e7a8441a997f29f4427,1403/12/30,14326.0,0.0,11423.0,300000.0,300000.0,300000.0,4297800000.0,1.0,1.0,,,,,,,,,,,,,,,,,
d4ba95c595b08e7a8441a997f29f4427,1404/03/31,5526.0,3571.0,14397.0,300000.0,300000.0,300000.0,1657800000.0,1.0,1.0,,,,,,,,,,,,,,,,,
d4ba95c595b08e7a8441a997f29f4427,1404/06/31,10570.0,6957.0,14397.0,300000.0,300000.0,300000.0,3171000000.0,1.0,1.0,,,,,,,,,,,,,,,,,
d4ba95c595b08e7a8441a997f29f4427,1404/09/30,6972.0,3334.0,4694.0,300000.0,300000.0,300000.0,4362000000.0,1.0,1.0,,,,,,,,,,,,,,,,,
d4ba95c595b08e7a8441a997f29f4427,1404/12/29,17967.0,0.0,14397.0,300000.0,300000.0,300000.0,5390100000.0,-1.0,100.0,,,,,,,,,,,,,,,,,
d4ba95c595b08e7a8441a997f29f4427,1405/03/31,7965.0,5526.0,17967.0,300000.0,300000.0,300000.0,2389500000.0,3242121.0,2166111.0,,,,,,,,,,,,,,,,,
d591b0ffa863888077d0146ba8cd4e66,1398/06/31,567.0,-249.0,533.0,93558.0,93558.0,93558.0,53047386.0,107748.0,-4350.0,,,,,,,,,,,,,,,,,
d591b0ffa863888077d0146ba8cd4e66,1398/09/30,966.0,200.0,533.0,93558.0,93558.0,93558.0,90377028.0,192150.0,56551.0,,,,,,,,,,,,,,,,,
d591b0ffa863888077d0146ba8cd4e66,1398/12/29,2276.0,533.0,,93558.0,93558.0,,212938008.0,357381.0,127914.0,,,,,,,,,,,,,,,,,
d591b0ffa863888077d0146ba8cd4e66,1399/03/31,1554.0,170.0,3017.0,93558.0,93558.0,93558.0,145389132.0,144583.0,42242.0,,,,,,,,,,,,,,,,,
d591b0ffa863888077d0146ba8cd4e66,1399/06/31,3765.0,882.0,3017.0,93558.0,93558.0,93558.0,352245870.0,299384.0,108851.0,,,,,,,,,,,,,,,,,
d591b0ffa863888077d0146ba8cd4e66,1399/09/30,5575.0,966.0,3017.0,93558.0,93558.0,93558.0,521585850.0,502683.0,192150.0,,,,,,,,,,,,,,,,,
d591b0ffa863888077d0146ba8cd4e66,1399/12/30,8807.0,3017.0,,93558.0,93558.0,,823965306.0,918573.0,357380.0,,,,,,,,,,,,,,,,,
d591b0ffa863888077d0146ba8cd4e66,1400/03/31,540.0,712.0,4114.0,204058.0,204058.0,204058.0,110191320.0,196336.0,144583.0,,,,,,,,,,,,,,,,,
d591b0ffa863888077d0146ba8cd4e66,1400/06/31,2221.0,1726.0,4114.0,204058.0,204058.0,204058.0,453212818.0,701516.0,299384.0,,,,,,,,,,,,,,,,,
d591b0ffa863888077d0146ba8cd4e66,1400/09/30,825.0,2556.0,4114.0,1000000.0,204058.0,204058.0,825000000.0,1205418.0,502683.0,,,,,,,,,,,,,,,,,
d591b0ffa863888077d0146ba8cd4e66,1400/12/29,912.0,4114.0,,1000000.0,204058.0,,912000000.0,1405909.0,917919.0,,,,,,,,,,,,,,,,,
d591b0ffa863888077d0146ba8cd4e66,1401/03/31,269.0,110.0,1010.0,1000000.0,1000000.0,1000000.0,269000000.0,480696.0,196336.0,,,,,,,,,,,,,,,,,
d591b0ffa863888077d0146ba8cd4e66,1401/06/31,706.0,453.0,1010.0,1000000.0,1000000.0,1000000.0,706000000.0,1263846.0,701516.0,,,,,,,,,,,,,,,,,
d591b0ffa863888077d0146ba8cd4e66,1401/09/30,693.0,825.0,1010.0,1900000.0,1000000.0,1000000.0,1316700000.0,2146870.0,1205418.0,,,,,,,,,,,,,,,,,
d591b0ffa863888077d0146ba8cd4e66,1401/12/29,1010.0,1010.0,,1900000.0,1000000.0,,1919000000.0,2702401.0,1337335.0,,,,,,,,,,,,,,,,,
d591b0ffa863888077d0146ba8cd4e66,1402/03/31,163.0,142.0,1053.0,1900000.0,1900000.0,1900000.0,309700000.0,500329.0,480696.0,,,,,,,,,,,,,,,,,
d591b0ffa863888077d0146ba8cd4e66,1402/06/31,438.0,372.0,1053.0,1900000.0,1900000.0,1900000.0,832200000.0,1227555.0,1262411.0,,,,,,,,,,,,,,,,,
d591b0ffa863888077d0146ba8cd4e66,1402/09/30,861.0,693.0,1053.0,1900000.0,1900000.0,1900000.0,1635900000.0,2509500.0,2146870.0,,,,,,,,,,,,,,,,,
d591b0ffa863888077d0146ba8cd4e66,1402/12/29,944.0,1053.0,,3200000.0,1900000.0,,3020800000.0,4157249.0,2662649.0,,,,,,,,,,,,,,,,,
d591b0ffa863888077d0146ba8cd4e66,1403/03/31,233.0,97.0,940.0,3200000.0,3200000.0,3200000.0,745600000.0,1211235.0,500329.0,,,,,,,,,,,,,,,,,
d591b0ffa863888077d0146ba8cd4e66,1403/06/31,538.0,259.0,940.0,3200000.0,3200000.0,3200000.0,1721600000.0,2905097.0,1227555.0,,,,,,,,,,,,,,,,,
d591b0ffa863888077d0146ba8cd4e66,1403/09/30,1049.0,511.0,940.0,3200000.0,3200000.0,3200000.0,3356800000.0,5656927.0,2509500.0,,,,,,,,,,,,,,,,,
d591b0ffa863888077d0146ba8cd4e66,1403/12/30,1464.0,940.0,,3200000.0,3200000.0,,4684800000.0,7296974.0,4151037.0,,,,,,,,,,,,,,,,,
d591b0ffa863888077d0146ba8cd4e66,1404/03/31,361.0,233.0,1557.0,3200000.0,3200000.0,3200000.0,1155200000.0,1849297.0,1211235.0,,,,,,,,,,,,,,,,,
d591b0ffa863888077d0146ba8cd4e66,1404/06/31,929.0,535.0,1557.0,3200000.0,3200000.0,3200000.0,2972800000.0,4162411.0,2892289.0,,,,,,,,,,,,,,,,,
d591b0ffa863888077d0146ba8cd4e66,1404/09/30,828.0,1049.0,1557.0,5000000.0,3200000.0,3200000.0,4140000000.0,6608889.0,5656927.0,,,,,,,,,,,,,,,,,
d591b0ffa863888077d0146ba8cd4e66,1404/12/29,1811.0,1557.0,,5000000.0,3200000.0,,9055000000.0,12366918.0,7041523.0,,,,,,,,,,,,,,,,,
d591b0ffa863888077d0146ba8cd4e66,1405/03/31,977.0,231.0,1818.0,5000000.0,5000000.0,5000000.0,4885000000.0,7251325.0,1849297.0,,,,,,,,,,,,,,,,,
d5d20f20215dafb1d4d773897c34e2b5,1398/06/31,317.0,97.0,469.0,474522.0,474522.0,474522.0,150423474.0,1.0,1.0,,,,,,,,,,,,,,,,,
d5d20f20215dafb1d4d773897c34e2b5,1398/09/30,414.0,250.0,469.0,474522.0,474522.0,474522.0,196452108.0,1.0,1.0,,,,,,,,,,,,,,,,,
d5d20f20215dafb1d4d773897c34e2b5,1398/12/29,738.0,0.0,469.0,474522.0,474522.0,474522.0,350197236.0,1.0,1.0,,,,,,,,,,,,,,,,,
d5d20f20215dafb1d4d773897c34e2b5,1399/03/31,275.0,171.0,738.0,474522.0,474522.0,474522.0,130493550.0,1.0,1.0,,,,,,,,,,,,,,,,,
d5d20f20215dafb1d4d773897c34e2b5,1399/06/31,604.0,317.0,738.0,474522.0,474522.0,474522.0,286611288.0,1.0,1.0,,,,,,,,,,,,,,,,,
d5d20f20215dafb1d4d773897c34e2b5,1399/09/30,967.0,414.0,738.0,474522.0,474522.0,474522.0,458862774.0,1.0,1.0,,,,,,,,,,,,,,,,,
d5d20f20215dafb1d4d773897c34e2b5,1399/12/30,1414.0,0.0,738.0,474522.0,474522.0,474522.0,670974108.0,1.0,1.0,,,,,,,,,,,,,,,,,
d5d20f20215dafb1d4d773897c34e2b5,1400/03/31,728.0,275.0,1414.0,474522.0,474522.0,474522.0,345452016.0,1.0,1.0,,,,,,,,,,,,,,,,,
d5d20f20215dafb1d4d773897c34e2b5,1400/06/31,1624.0,575.0,1414.0,474522.0,474522.0,474522.0,770623728.0,1.0,1.0,,,,,,,,,,,,,,,,,
d5d20f20215dafb1d4d773897c34e2b5,1400/09/30,2398.0,967.0,1414.0,474522.0,474522.0,474522.0,1137903756.0,1.0,1.0,,,,,,,,,,,,,,,,,
d5d20f20215dafb1d4d773897c34e2b5,1400/12/29,2953.0,0.0,1414.0,474522.0,474522.0,474522.0,1401263466.0,1.0,1.0,,,,,,,,,,,,,,,,,
d5d20f20215dafb1d4d773897c34e2b5,1401/03/31,1060.0,728.0,2962.0,474522.0,474522.0,474522.0,502993320.0,1.0,1.0,,,,,,,,,,,,,,,,,
d5d20f20215dafb1d4d773897c34e2b5,1401/06/31,1068.0,1667.0,2962.0,950000.0,474522.0,474522.0,1014600000.0,1.0,1.0,,,,,,,,,,,,,,,,,
d5d20f20215dafb1d4d773897c34e2b5,1401/09/30,1532.0,2398.0,2962.0,950000.0,474522.0,474522.0,1455400000.0,1.0,1.0,,,,,,,,,,,,,,,,,
d5d20f20215dafb1d4d773897c34e2b5,1401/12/29,1927.0,0.0,2962.0,950000.0,474522.0,474522.0,1830650000.0,1.0,1.0,,,,,,,,,,,,,,,,,
d5d20f20215dafb1d4d773897c34e2b5,1402/03/31,900.0,529.0,1927.0,950000.0,950000.0,950000.0,855000000.0,1.0,1.0,,,,,,,,,,,,,,,,,
d5d20f20215dafb1d4d773897c34e2b5,1402/06/31,2230.0,1089.0,1927.0,950000.0,950000.0,950000.0,2118500000.0,1.0,1.0,,,,,,,,,,,,,,,,,
d5d20f20215dafb1d4d773897c34e2b5,1402/09/30,564.0,1532.0,1927.0,5593500.0,950000.0,950000.0,3154734000.0,1.0,1.0,,,,,,,,,,,,,,,,,
d5d20f20215dafb1d4d773897c34e2b5,1402/12/29,771.0,0.0,327.0,5593500.0,950000.0,5593500.0,4312588500.0,1.0,1.0,,,,,,,,,,,,,,,,,
d5d20f20215dafb1d4d773897c34e2b5,1403/03/31,336.0,153.0,771.0,5593500.0,5593500.0,5593500.0,1879416000.0,1.0,1.0,,,,,,,,,,,,,,,,,
d5d20f20215dafb1d4d773897c34e2b5,1403/06/31,510.0,379.0,771.0,5593500.0,5593500.0,5593500.0,2852685000.0,1.0,1.0,,,,,,,,,,,,,,,,,
d5d20f20215dafb1d4d773897c34e2b5,1403/09/30,758.0,564.0,771.0,5593500.0,5593500.0,5593500.0,4239873000.0,1.0,1.0,,,,,,,,,,,,,,,,,
d5d20f20215dafb1d4d773897c34e2b5,1403/12/30,860.0,0.0,771.0,5593500.0,5593500.0,5593500.0,4810410000.0,1.0,1.0,,,,,,,,,,,,,,,,,
d5d20f20215dafb1d4d773897c34e2b5,1404/03/31,216.0,336.0,860.0,5593500.0,5593500.0,5593500.0,1208196000.0,1.0,1.0,,,,,,,,,,,,,,,,,
d5d20f20215dafb1d4d773897c34e2b5,1404/06/31,364.0,521.0,860.0,5593500.0,5593500.0,5593500.0,2036034000.0,1.0,1.0,,,,,,,,,,,,,,,,,
d5d20f20215dafb1d4d773897c34e2b5,1404/09/30,583.0,758.0,860.0,5593500.0,5593500.0,5593500.0,3261010500.0,-1.0,100.0,,,,,,,,,,,,,,,,,
d5d20f20215dafb1d4d773897c34e2b5,1404/12/29,866.0,0.0,860.0,5593500.0,5593500.0,5593500.0,4843971000.0,-1.0,100.0,,,,,,,,,,,,,,,,,
d5d20f20215dafb1d4d773897c34e2b5,1405/03/31,413.0,216.0,847.0,5593500.0,5593500.0,5593500.0,2310115500.0,2678357.0,1394772.0,,,,,,,,,,,,,,,,,
d9386a2d4a04ecbff28884606d66eda3,1398/09/30,1149.0,732.0,1112.0,162000.0,162000.0,162000.0,186138000.0,1.0,1.0,,,,,,,,,,,,,,,,,
d9386a2d4a04ecbff28884606d66eda3,1398/12/29,1183.0,0.0,1112.0,162000.0,162000.0,162000.0,191646000.0,1.0,1.0,,,,,,,,,,,,,,,,,
d9386a2d4a04ecbff28884606d66eda3,1399/03/31,363.0,307.0,1175.0,162000.0,162000.0,162000.0,58806000.0,1.0,1.0,,,,,,,,,,,,,,,,,
d9386a2d4a04ecbff28884606d66eda3,1399/06/31,1292.0,881.0,1175.0,162000.0,162000.0,162000.0,209304000.0,1.0,1.0,,,,,,,,,,,,,,,,,
d9386a2d4a04ecbff28884606d66eda3,1399/09/30,2895.0,1149.0,1175.0,162000.0,162000.0,162000.0,468990000.0,1.0,1.0,,,,,,,,,,,,,,,,,
d9386a2d4a04ecbff28884606d66eda3,1399/12/30,0.0,0.0,0.0,0.0,0.0,0.0,0.0,1.0,1.0,,,,,,,,,,,,,,,,,
d9386a2d4a04ecbff28884606d66eda3,1400/03/31,395.0,363.0,4936.0,162000.0,162000.0,162000.0,63990000.0,1.0,1.0,,,,,,,,,,,,,,,,,
d9386a2d4a04ecbff28884606d66eda3,1400/06/31,1681.0,1459.0,4936.0,162000.0,162000.0,162000.0,272322000.0,1.0,1.0,,,,,,,,,,,,,,,,,
d9386a2d4a04ecbff28884606d66eda3,1400/09/30,2699.0,2895.0,4936.0,162000.0,162000.0,162000.0,437238000.0,1.0,1.0,,,,,,,,,,,,,,,,,
d9386a2d4a04ecbff28884606d66eda3,1400/12/29,4992.0,0.0,4936.0,162000.0,162000.0,162000.0,808704000.0,1.0,1.0,,,,,,,,,,,,,,,,,
d9386a2d4a04ecbff28884606d66eda3,1401/03/31,651.0,395.0,4854.0,162000.0,162000.0,162000.0,105462000.0,1.0,1.0,,,,,,,,,,,,,,,,,
d9386a2d4a04ecbff28884606d66eda3,1401/06/31,2617.0,1742.0,4854.0,162000.0,162000.0,162000.0,423954000.0,1.0,1.0,,,,,,,,,,,,,,,,,
d9386a2d4a04ecbff28884606d66eda3,1401/09/30,3931.0,2698.0,4854.0,162000.0,162000.0,162000.0,636822000.0,1.0,1.0,,,,,,,,,,,,,,,,,
d9386a2d4a04ecbff28884606d66eda3,1401/12/29,1611.0,0.0,4854.0,729000.0,162000.0,162000.0,1174419000.0,1.0,1.0,,,,,,,,,,,,,,,,,
d9386a2d4a04ecbff28884606d66eda3,1402/03/31,208.0,651.0,1755.0,729000.0,162000.0,729000.0,151632000.0,1.0,1.0,,,,,,,,,,,,,,,,,
d9386a2d4a04ecbff28884606d66eda3,1402/06/31,997.0,587.0,1755.0,729000.0,729000.0,729000.0,726813000.0,1.0,1.0,,,,,,,,,,,,,,,,,
d9386a2d4a04ecbff28884606d66eda3,1402/09/30,1413.0,873.0,1755.0,729000.0,729000.0,729000.0,1030077000.0,1.0,1.0,,,,,,,,,,,,,,,,,
d9386a2d4a04ecbff28884606d66eda3,1402/12/29,1223.0,0.0,1755.0,1400000.0,729000.0,729000.0,1712200000.0,1.0,1.0,,,,,,,,,,,,,,,,,
d9386a2d4a04ecbff28884606d66eda3,1403/03/31,131.0,108.0,1223.0,1400000.0,1400000.0,1400000.0,183400000.0,1.0,1.0,,,,,,,,,,,,,,,,,
d9386a2d4a04ecbff28884606d66eda3,1403/06/31,623.0,520.0,1223.0,1400000.0,1400000.0,1400000.0,872200000.0,1.0,1.0,,,,,,,,,,,,,,,,,
d9386a2d4a04ecbff28884606d66eda3,1403/09/30,973.0,736.0,1223.0,1400000.0,1400000.0,1400000.0,1362200000.0,1.0,1.0,,,,,,,,,,,,,,,,,
d9386a2d4a04ecbff28884606d66eda3,1403/12/30,1594.0,0.0,1223.0,1400000.0,1400000.0,1400000.0,2231600000.0,1.0,1.0,,,,,,,,,,,,,,,,,
d9386a2d4a04ecbff28884606d66eda3,1404/03/31,99.0,131.0,1542.0,2700000.0,1400000.0,1400000.0,267300000.0,1.0,1.0,,,,,,,,,,,,,,,,,
d9386a2d4a04ecbff28884606d66eda3,1404/06/31,436.0,303.0,800.0,2700000.0,2700000.0,2700000.0,1177200000.0,1.0,1.0,,,,,,,,,,,,,,,,,
d9386a2d4a04ecbff28884606d66eda3,1404/09/30,716.0,505.0,800.0,2700000.0,2700000.0,2700000.0,1933200000.0,1.0,1.0,,,,,,,,,,,,,,,,,
d9386a2d4a04ecbff28884606d66eda3,1404/12/29,1439.0,1024.0,,2700000.0,2700000.0,,3885300000.0,4625654.0,2868967.0,,,,,,,,,,,,,,,,,
d9386a2d4a04ecbff28884606d66eda3,1405/03/31,719.0,99.0,1198.0,2700000.0,2700000.0,2700000.0,1941300000.0,2663207.0,563599.0,,,,,,,,,,,,,,,,,
d94c1c91ade00de4b90a351ebd762517,1398/06/31,444.0,65.0,358.0,75000.0,75000.0,75000.0,33300000.0,456.0,6.0,24700.0,147859.0,53638.0,154017.0,-526.0,0.0,33278.0,4900.0,26818.0,54600.0,7595.0,-817.0,244597.0,144209.0,89575.0,67692.0,155022.0
d94c1c91ade00de4b90a351ebd762517,1398/09/30,617.0,228.0,331.0,75000.0,75000.0,75000.0,46275000.0,628.0,3.0,25773.0,216962.0,97922.0,154017.0,-777.0,0.0,46296.0,17127.0,24789.0,20986.0,10058.0,-817.0,262020.0,168743.0,93980.0,72295.0,168040.0
d94c1c91ade00de4b90a351ebd762517,1398/12/29,842.0,0.0,292.0,75000.0,75000.0,75000.0,63150000.0,890.0,-6.0,,324586.0,155242.0,,-1000.0,0.0,63162.0,21901.0,,28047.0,-442.0,,274692.0,197918.0,92673.0,74070.0,182019.0
d94c1c91ade00de4b90a351ebd762517,1399/03/31,587.0,299.0,800.0,75000.0,75000.0,75000.0,44025000.0,353.0,234.0,75354.0,109129.0,73616.0,308001.0,-189.0,0.0,43989.0,22457.0,59981.0,7188.0,2671.0,9433.0,330472.0,251697.0,104758.0,80351.0,225714.0
d94c1c91ade00de4b90a351ebd762517,1399/06/31,949.0,444.0,800.0,75000.0,75000.0,75000.0,71175000.0,726.0,223.0,75354.0,221540.0,147859.0,308001.0,-21.0,0.0,71178.0,33309.0,59981.0,5292.0,19506.0,9433.0,359564.0,271840.0,112661.0,88005.0,246903.0
d94c1c91ade00de4b90a351ebd762517,1399/09/30,1241.0,617.0,800.0,75000.0,75000.0,75000.0,93075000.0,977.0,264.0,75354.0,340066.0,216962.0,308001.0,-33.0,0.0,93104.0,46296.0,59981.0,6901.0,20986.0,9433.0,394791.0,294675.0,125962.0,104475.0,268829.0
d94c1c91ade00de4b90a351ebd762517,1399/12/30,823.0,0.0,792.0,159000.0,75000.0,75000.0,130857000.0,661.0,162.0,,475357.0,308138.0,,-337.0,0.0,130913.0,59421.0,,14476.0,7212.0,,425170.0,340586.0,122076.0,102905.0,303094.0
d94c1c91ade00de4b90a351ebd762517,1400/03/31,164.0,277.0,827.0,159000.0,159000.0,159000.0,26076000.0,162.0,2.0,124657.0,120860.0,109129.0,475336.0,-162.0,0.0,26078.0,43989.0,131545.0,9476.0,7188.0,56527.0,523868.0,336046.0,190519.0,164367.0,333349.0
d94c1c91ade00de4b90a351ebd762517,1400/06/31,497.0,453.0,827.0,159000.0,159000.0,159000.0,79023000.0,483.0,14.0,124657.0,290199.0,221541.0,475336.0,-2401.0,0.0,79075.0,72104.0,131545.0,81291.0,13417.0,56527.0,572146.0,346312.0,201700.0,176315.0,370446.0
d94c1c91ade00de4b90a351ebd762517,1400/09/30,775.0,586.0,827.0,159000.0,159000.0,159000.0,123225000.0,731.0,44.0,124657.0,486296.0,340066.0,475336.0,-2528.0,7862.0,123182.0,93104.0,131545.0,61749.0,6901.0,56527.0,641992.0,438862.0,227439.0,201148.0,414553.0
d94c1c91ade00de4b90a351ebd762517,1400/12/29,1064.0,0.0,823.0,159000.0,159000.0,159000.0,169176000.0,989.0,75.0,,721864.0,475224.0,,-7540.0,0.0,169149.0,130913.0,,140468.0,56525.0,,683178.0,400008.0,226973.0,202959.0,456205.0
d94c1c91ade00de4b90a351ebd762517,1401/03/31,281.0,164.0,1124.0,159000.0,159000.0,159000.0,44679000.0,289.0,-8.0,197919.0,181633.0,120860.0,721851.0,-1796.0,0.0,44724.0,26078.0,178720.0,-24678.0,9476.0,122479.0,760097.0,451826.0,245282.0,209636.0,514815.0
d94c1c91ade00de4b90a351ebd762517,1401/06/31,808.0,513.0,1124.0,159000.0,159000.0,159000.0,128472000.0,796.0,12.0,197919.0,441416.0,290199.0,721851.0,-5669.0,6235.0,128469.0,81604.0,178720.0,-19653.0,43734.0,122479.0,832943.0,519888.0,274133.0,238237.0,558810.0
d94c1c91ade00de4b90a351ebd762517,1401/09/30,1603.0,775.0,1124.0,159000.0,159000.0,159000.0,254877000.0,1573.0,30.0,197919.0,877982.0,486296.0,721851.0,-5727.0,11169.0,254840.0,123182.0,178720.0,164408.0,61749.0,122479.0,1004446.0,672934.0,347311.0,305887.0,657135.0
d94c1c91ade00de4b90a351ebd762517,1401/12/29,1880.0,0.0,1081.0,159000.0,159000.0,159000.0,298920000.0,1883.0,9.0,,1202245.0,721864.0,,-8711.0,9002.0,298866.0,171859.0,,89074.0,122697.0,,989987.0,690180.0,350753.0,314407.0,639234.0
d94c1c91ade00de4b90a351ebd762517,1402/03/31,371.0,281.0,2019.0,158844.0,159000.0,158844.0,58931124.0,370.0,1.0,350704.0,242499.0,181633.0,1202245.0,-503.0,585.0,58928.0,44724.0,320661.0,123628.0,-24678.0,89075.0,1058970.0,744435.0,327975.0,276733.0,730995.0
d94c1c91ade00de4b90a351ebd762517,1402/06/31,324.0,373.0,916.0,350000.0,350000.0,350000.0,113400000.0,325.0,-1.0,350704.0,586488.0,441416.0,1202245.0,-1972.0,845.0,113318.0,130587.0,320660.0,139306.0,44076.0,85003.0,1113134.0,796338.0,394697.0,347784.0,718437.0
d94c1c91ade00de4b90a351ebd762517,1402/09/30,842.0,728.0,916.0,350000.0,350000.0,350000.0,294700000.0,844.0,-2.0,350704.0,1058838.0,877982.0,1202245.0,-2968.0,2148.0,294755.0,254840.0,320660.0,225995.0,164408.0,85003.0,1261894.0,946732.0,381019.0,340371.0,880875.0
d94c1c91ade00de4b90a351ebd762517,1402/12/29,1191.0,0.0,868.0,350000.0,350000.0,350000.0,416850000.0,1190.0,1.0,,1661276.0,1202245.0,,-3041.0,3946.0,416855.0,303713.0,,293753.0,85008.0,,1358638.0,1072470.0,391427.0,341080.0,967211.0
d94c1c91ade00de4b90a351ebd762517,1403/03/31,179.0,168.0,1244.0,350000.0,350000.0,350000.0,62650000.0,168.0,11.0,518483.0,371827.0,242499.0,1661276.0,0.0,4237.0,62583.0,58928.0,435402.0,-41493.0,123628.0,297750.0,1742378.0,1436408.0,634781.0,545831.0,1107597.0
d94c1c91ade00de4b90a351ebd762517,1403/06/31,613.0,333.0,1244.0,350000.0,350000.0,350000.0,214550000.0,615.0,-2.0,518483.0,945710.0,586488.0,1661276.0,-94.0,79.0,214454.0,116382.0,435402.0,54651.0,159306.0,297750.0,1852825.0,1551028.0,605576.0,519414.0,1247249.0
d94c1c91ade00de4b90a351ebd762517,1403/09/30,1163.0,842.0,1244.0,350000.0,350000.0,350000.0,407050000.0,1159.0,4.0,518483.0,1502948.0,1058838.0,1661276.0,-152.0,1704.0,406888.0,294755.0,435402.0,-85788.0,225995.0,297750.0,1846972.0,1549139.0,407274.0,316904.0,1439698.0
d94c1c91ade00de4b90a351ebd762517,1403/12/30,1575.0,0.0,1222.0,350000.0,350000.0,350000.0,551250000.0,1576.0,-1.0,,2150513.0,1661276.0,,0.0,-781.0,551318.0,427740.0,,68891.0,293753.0,,1978893.0,1660879.0,621991.0,551218.0,1356902.0
d94c1c91ade00de4b90a351ebd762517,1404/03/31,474.0,179.0,1584.0,350000.0,350000.0,350000.0,165900000.0,415.0,59.0,649694.0,557730.0,371827.0,2150513.0,0.0,24274.0,165898.0,62583.0,554234.0,69786.0,-41493.0,68891.0,2218518.0,1905519.0,671644.0,551441.0,1546874.0
d94c1c91ade00de4b90a351ebd762517,1404/06/31,1277.0,613.0,1584.0,350000.0,350000.0,350000.0,446950000.0,1250.0,27.0,649694.0,1422710.0,945710.0,2150513.0,-10328.0,21783.0,446982.0,214454.0,554234.0,466384.0,54651.0,68891.0,2871522.0,2521801.0,1085343.0,914675.0,1786179.0
d94c1c91ade00de4b90a351ebd762517,1404/09/30,4189.0,1163.0,1584.0,350000.0,350000.0,350000.0,1466150000.0,4248.0,-59.0,639032.0,2903902.0,1502948.0,2150513.0,-25543.0,2696.0,1466044.0,406888.0,554234.0,519686.0,-85788.0,68891.0,4388748.0,4062664.0,1583508.0,1134340.0,2805240.0
d94c1c91ade00de4b90a351ebd762517,1404/12/29,4963.0,0.0,1577.0,350000.0,350000.0,350000.0,1737050000.0,5812.0,-197.0,,4276184.0,2150513.0,,-77467.0,9586.0,1737093.0,552041.0,,154701.0,-91109.0,,4735826.0,3687975.0,1866685.0,1736311.0,2869141.0
d94c1c91ade00de4b90a351ebd762517,1405/03/31,1133.0,192.0,2213.0,863507.0,863507.0,863507.0,978353431.0,1153403.0,194210.0,2261680.0,1590160.0,557730.0,4424540.0,-36132.0,11448.0,978217.0,165898.0,1910879.0,178570.0,60080.0,81053.0,5926267.0,4467626.0,1697974.0,1499500.0,4228293.0
db1cb723021652b16b2b07e88b595bb0,1398/09/30,1068.0,592.0,813.0,1860000.0,1860000.0,1860000.0,1986480000.0,1.0,1.0,,,,,,,,,,,,,,,,,
db1cb723021652b16b2b07e88b595bb0,1398/12/29,1340.0,0.0,813.0,1860000.0,1860000.0,1860000.0,2492400000.0,1.0,1.0,,,,,,,,,,,,,,,,,
db1cb723021652b16b2b07e88b595bb0,1399/03/31,282.0,242.0,1341.0,1860000.0,1860000.0,1860000.0,524520000.0,1.0,1.0,,,,,,,,,,,,,,,,,
db1cb723021652b16b2b07e88b595bb0,1399/06/31,1091.0,618.0,1341.0,1860000.0,1860000.0,1860000.0,2029260000.0,1.0,1.0,,,,,,,,,,,,,,,,,
db1cb723021652b16b2b07e88b595bb0,1399/09/30,1314.0,1068.0,1341.0,2200000.0,1860000.0,1860000.0,2890800000.0,1.0,1.0,,,,,,,,,,,,,,,,,
db1cb723021652b16b2b07e88b595bb0,1399/12/30,1542.0,0.0,1341.0,2200000.0,1860000.0,1860000.0,3392400000.0,1.0,1.0,,,,,,,,,,,,,,,,,
db1cb723021652b16b2b07e88b595bb0,1400/03/31,317.0,239.0,1542.0,3080000.0,2200000.0,2200000.0,976360000.0,1.0,1.0,,,,,,,,,,,,,,,,,
db1cb723021652b16b2b07e88b595bb0,1400/06/31,701.0,950.0,1542.0,3080000.0,2200000.0,2200000.0,2159080000.0,1.0,1.0,,,,,,,,,,,,,,,,,
db1cb723021652b16b2b07e88b595bb0,1400/09/30,1121.0,1314.0,1542.0,3080000.0,2200000.0,2200000.0,3452680000.0,1.0,1.0,,,,,,,,,,,,,,,,,
db1cb723021652b16b2b07e88b595bb0,1400/12/29,1482.0,0.0,1542.0,3080000.0,2200000.0,2200000.0,4564560000.0,1.0,1.0,,,,,,,,,,,,,,,,,
db1cb723021652b16b2b07e88b595bb0,1401/03/31,455.0,317.0,1461.0,3080000.0,3080000.0,3080000.0,1401400000.0,1.0,1.0,,,,,,,,,,,,,,,,,
db1cb723021652b16b2b07e88b595bb0,1401/06/31,604.0,703.0,1461.0,4580000.0,3080000.0,3080000.0,2766320000.0,1.0,1.0,,,,,,,,,,,,,,,,,
db1cb723021652b16b2b07e88b595bb0,1401/09/30,717.0,1121.0,1461.0,6580000.0,3080000.0,3080000.0,4717860000.0,1.0,1.0,,,,,,,,,,,,,,,,,
db1cb723021652b16b2b07e88b595bb0,1401/12/29,1082.0,0.0,1461.0,6580000.0,3080000.0,3080000.0,7119560000.0,1.0,1.0,,,,,,,,,,,,,,,,,
db1cb723021652b16b2b07e88b595bb0,1402/03/31,327.0,213.0,1082.0,6580000.0,6580000.0,6580000.0,2151660000.0,1.0,1.0,,,,,,,,,,,,,,,,,
db1cb723021652b16b2b07e88b595bb0,1402/06/31,495.0,424.0,1082.0,9500000.0,6580000.0,6580000.0,4702500000.0,1.0,1.0,,,,,,,,,,,,,,,,,
db1cb723021652b16b2b07e88b595bb0,1402/09/30,800.0,717.0,1082.0,9500000.0,6580000.0,6580000.0,7600000000.0,1.0,1.0,,,,,,,,,,,,,,,,,
db1cb723021652b16b2b07e88b595bb0,1402/12/29,771.0,0.0,1082.0,9500000.0,6580000.0,6580000.0,7324500000.0,1.0,1.0,,,,,,,,,,,,,,,,,
db1cb723021652b16b2b07e88b595bb0,1403/03/31,148.0,227.0,771.0,9500000.0,9500000.0,9500000.0,1406000000.0,1.0,1.0,,,,,,,,,,,,,,,,,
db1cb723021652b16b2b07e88b595bb0,1403/06/31,262.0,580.0,771.0,9500000.0,9500000.0,9500000.0,2489000000.0,1.0,1.0,,,,,,,,,,,,,,,,,
db1cb723021652b16b2b07e88b595bb0,1403/09/30,236.0,800.0,771.0,12000000.0,9500000.0,9500000.0,2832000000.0,1.0,1.0,,,,,,,,,,,,,,,,,
db1cb723021652b16b2b07e88b595bb0,1403/12/30,305.0,117.0,236.0,12000000.0,12000000.0,12000000.0,3660000000.0,1.0,1.0,,,,,,,,,,,,,,,,,
db1cb723021652b16b2b07e88b595bb0,1404/03/31,555.0,207.0,236.0,14000000.0,12000000.0,12000000.0,7770000000.0,1.0,1.0,,,,,,,,,,,,,,,,,
db1cb723021652b16b2b07e88b595bb0,1404/06/31,821.0,236.0,236.0,14000000.0,12000000.0,12000000.0,11494000000.0,1.0,1.0,,,,,,,,,,,,,,,,,
db1cb723021652b16b2b07e88b595bb0,1404/09/30,909.0,0.0,236.0,14000000.0,12000000.0,12000000.0,12726000000.0,-1.0,100.0,,,,,,,,,,,,,,,,,
db1cb723021652b16b2b07e88b595bb0,1404/12/29,362.0,261.0,909.0,14000000.0,14000000.0,14000000.0,5068000000.0,-1.0,100.0,,,,,,,,,,,,,,,,,
db1cb723021652b16b2b07e88b595bb0,1405/03/31,1532.0,538.0,880.0,14000000.0,14000000.0,14000000.0,21448000000.0,30927817.0,9065991.0,,,,,,,,,,,,,,,,,
dd5d864e79f2bd6bd432e4b67295eda0,1398/03/31,148.0,58.0,155.0,3000000.0,3000000.0,0.0,444000000.0,-1.0,100.0,,,,,,,,,,,,,,,,,
dd5d864e79f2bd6bd432e4b67295eda0,1398/06/31,433.0,157.0,176.0,3000000.0,3000000.0,0.0,1299000000.0,-1.0,100.0,,,,,,,,,,,,,,,,,
dd5d864e79f2bd6bd432e4b67295eda0,1398/12/29,280.0,103.0,699.0,3000000.0,3000000.0,3000000.0,840000000.0,-1.0,100.0,,,,,,,,,,,,,,,,,
dd5d864e79f2bd6bd432e4b67295eda0,1399/03/31,331.0,148.0,699.0,3000000.0,3000000.0,3000000.0,993000000.0,-1.0,100.0,,,,,,,,,,,,,,,,,
dd5d864e79f2bd6bd432e4b67295eda0,1399/06/31,319.0,433.0,699.0,3000000.0,3000000.0,3000000.0,957000000.0,-1.0,100.0,,,,,,,,,,,,,,,,,
dd5d864e79f2bd6bd432e4b67295eda0,1399/09/30,562.0,0.0,699.0,3000000.0,3000000.0,3000000.0,1686000000.0,-1.0,100.0,,,,,,,,,,,,,,,,,
dd5d864e79f2bd6bd432e4b67295eda0,1399/12/30,632.0,280.0,562.0,3000000.0,3000000.0,3000000.0,1896000000.0,-1.0,100.0,,,,,,,,,,,,,,,,,
dd5d864e79f2bd6bd432e4b67295eda0,1400/03/31,1133.0,331.0,562.0,3000000.0,3000000.0,3000000.0,3399000000.0,-1.0,100.0,,,,,,,,,,,,,,,,,
dd5d864e79f2bd6bd432e4b67295eda0,1400/06/31,1496.0,319.0,562.0,3000000.0,3000000.0,3000000.0,4488000000.0,-1.0,100.0,,,,,,,,,,,,,,,,,
dd5d864e79f2bd6bd432e4b67295eda0,1400/09/30,228.0,0.0,562.0,22000000.0,3000000.0,3000000.0,5016000000.0,-1.0,100.0,,,,,,,,,,,,,,,,,
dd5d864e79f2bd6bd432e4b67295eda0,1400/12/29,40.0,86.0,228.0,22000000.0,22000000.0,22000000.0,880000000.0,-1.0,100.0,,,,,,,,,,,,,,,,,
dd5d864e79f2bd6bd432e4b67295eda0,1401/03/31,240.0,154.0,228.0,22000000.0,22000000.0,22000000.0,5280000000.0,-1.0,100.0,,,,,,,,,,,,,,,,,
dd5d864e79f2bd6bd432e4b67295eda0,1401/06/31,408.0,174.0,228.0,22000000.0,22000000.0,22000000.0,8976000000.0,-1.0,100.0,,,,,,,,,,,,,,,,,
dd5d864e79f2bd6bd432e4b67295eda0,1401/09/30,392.0,0.0,227.0,29500000.0,22000000.0,22000000.0,11564000000.0,-1.0,100.0,,,,,,,,,,,,,,,,,
dd5d864e79f2bd6bd432e4b67295eda0,1401/12/29,158.0,30.0,389.0,29500000.0,29500000.0,29500000.0,4661000000.0,-1.0,100.0,,,,,,,,,,,,,,,,,
dd5d864e79f2bd6bd432e4b67295eda0,1402/03/31,236.0,179.0,389.0,29500000.0,29500000.0,29500000.0,6962000000.0,-1.0,100.0,,,,,,,,,,,,,,,,,
dd5d864e79f2bd6bd432e4b67295eda0,1402/06/31,244.0,305.0,389.0,29500000.0,29500000.0,29500000.0,7198000000.0,-1.0,100.0,,,,,,,,,,,,,,,,,
dd5d864e79f2bd6bd432e4b67295eda0,1402/09/30,256.0,0.0,392.0,29500000.0,29500000.0,29500000.0,7552000000.0,-1.0,100.0,,,,,,,,,,,,,,,,,
dd5d864e79f2bd6bd432e4b67295eda0,1402/12/29,128.0,158.0,232.0,35000000.0,29500000.0,29500000.0,4480000000.0,-1.0,100.0,,,,,,,,,,,,,,,,,
dd5d864e79f2bd6bd432e4b67295eda0,1403/03/31,157.0,236.0,232.0,35000000.0,29500000.0,29500000.0,5495000000.0,-1.0,100.0,,,,,,,,,,,,,,,,,
dd5d864e79f2bd6bd432e4b67295eda0,1403/06/31,161.0,244.0,232.0,35000000.0,29500000.0,29500000.0,5635000000.0,-1.0,100.0,,,,,,,,,,,,,,,,,
dd5d864e79f2bd6bd432e4b67295eda0,1403/09/30,122.0,0.0,232.0,35000000.0,29500000.0,29500000.0,4270000000.0,-1.0,100.0,,,,,,,,,,,,,,,,,
dd5d864e79f2bd6bd432e4b67295eda0,1403/12/30,96.0,128.0,122.0,35000000.0,35000000.0,35000000.0,3360000000.0,-1.0,100.0,,,,,,,,,,,,,,,,,
dd5d864e79f2bd6bd432e4b67295eda0,1404/03/31,87.0,173.0,122.0,35000000.0,35000000.0,35000000.0,3045000000.0,-1.0,100.0,,,,,,,,,,,,,,,,,
dd5d864e79f2bd6bd432e4b67295eda0,1404/06/31,357.0,161.0,122.0,35000000.0,35000000.0,35000000.0,12495000000.0,-1.0,100.0,,,,,,,,,,,,,,,,,
dd5d864e79f2bd6bd432e4b67295eda0,1404/09/30,460.0,0.0,129.0,35000000.0,35000000.0,35000000.0,16100000000.0,-1.0,100.0,,,,,,,,,,,,,,,,,
dd5d864e79f2bd6bd432e4b67295eda0,1404/12/29,344.0,96.0,425.0,35000000.0,35000000.0,35000000.0,12040000000.0,-1.0,100.0,,,,,,,,,,,,,,,,,
dd5d864e79f2bd6bd432e4b67295eda0,1405/03/31,1649.0,87.0,457.0,35000000.0,35000000.0,35000000.0,57715000000.0,89090860.0,10376354.0,33731358.0,441421299.0,118533845.0,293945097.0,-5832016.0,-6623957.0,57732059.0,3059507.0,15998064.0,-36702505.0,49053987.0,104361467.0,336262211.0,298823984.0,235110524.0,231412498.0,101151687.0
de970c1c2991b9b3e1e5b18f4f361700,1398/06/31,98.0,2.0,7.0,699840.0,699840.0,699840.0,68584320.0,202951.0,51965.0,,,,,,,,,,,,,,,,,
de970c1c2991b9b3e1e5b18f4f361700,1398/09/30,133.0,10.0,7.0,699840.0,699840.0,699840.0,93078720.0,292821.0,86183.0,,,,,,,,,,,,,,,,,
de970c1c2991b9b3e1e5b18f4f361700,1398/12/29,151.0,7.0,,699840.0,699840.0,,105675840.0,377251.0,109742.0,,,,,,,,,,,,,,,,,
de970c1c2991b9b3e1e5b18f4f361700,1399/03/31,36.0,11.0,148.0,699840.0,699840.0,699840.0,25194240.0,89750.0,20261.0,,,,,,,,,,,,,,,,,
de970c1c2991b9b3e1e5b18f4f361700,1399/06/31,76.0,99.0,148.0,699840.0,699840.0,699840.0,53187840.0,192456.0,203211.0,,,,,,,,,,,,,,,,,
de970c1c2991b9b3e1e5b18f4f361700,1399/09/30,201.0,133.0,148.0,699840.0,699840.0,699840.0,140667840.0,347098.0,292821.0,,,,,,,,,,,,,,,,,
de970c1c2991b9b3e1e5b18f4f361700,1399/12/30,203.0,148.0,,699840.0,699840.0,,142067520.0,487713.0,354042.0,,,,,,,,,,,,,,,,,
de970c1c2991b9b3e1e5b18f4f361700,1400/03/31,42.0,36.0,150.0,699840.0,699840.0,699840.0,29393280.0,114003.0,89750.0,,,,,,,,,,,,,,,,,
de970c1c2991b9b3e1e5b18f4f361700,1400/06/31,66.0,112.0,150.0,699840.0,699840.0,699840.0,46189440.0,231894.0,201853.0,,,,,,,,,,,,,,,,,
de970c1c2991b9b3e1e5b18f4f361700,1400/09/30,760.0,201.0,150.0,699840.0,699840.0,699840.0,531878400.0,318880.0,347098.0,,,,,,,,,,,,,,,,,
de970c1c2991b9b3e1e5b18f4f361700,1400/12/29,786.0,150.0,,699840.0,699840.0,,550074240.0,418197.0,473469.0,,,,,,,,,,,,,,,,,
de970c1c2991b9b3e1e5b18f4f361700,1401/03/31,2.0,42.0,788.0,699840.0,699840.0,699840.0,1399680.0,89720.0,114003.0,,,,,,,,,,,,,,,,,
de970c1c2991b9b3e1e5b18f4f361700,1401/06/31,23.0,56.0,788.0,699840.0,699840.0,699840.0,16096320.0,315347.0,225377.0,,,,,,,,,,,,,,,,,
de970c1c2991b9b3e1e5b18f4f361700,1401/09/30,254.0,760.0,788.0,699840.0,699840.0,699840.0,177759360.0,655624.0,318880.0,,,,,,,,,,,,,,,,,
de970c1c2991b9b3e1e5b18f4f361700,1401/12/29,735.0,685.0,,699840.0,699840.0,,514382400.0,1251303.0,416802.0,,,,,,,,,,,,,,,,,
de970c1c2991b9b3e1e5b18f4f361700,1402/03/31,507.0,2.0,735.0,699840.0,699840.0,699840.0,354818880.0,615316.0,89720.0,,,,,,,,,,,,,,,,,
de970c1c2991b9b3e1e5b18f4f361700,1402/06/31,663.0,18.0,735.0,699840.0,699840.0,699840.0,463993920.0,1105894.0,281145.0,,,,,,,,,,,,,,,,,
de970c1c2991b9b3e1e5b18f4f361700,1402/09/30,146.0,254.0,735.0,1399680.0,699840.0,699840.0,204353280.0,1337451.0,655624.0,,,,,,,,,,,,,,,,,
de970c1c2991b9b3e1e5b18f4f361700,1402/12/29,13.0,735.0,,1399680.0,699840.0,,18195840.0,1590034.0,1251303.0,,,,,,,,,,,,,,,,,
de970c1c2991b9b3e1e5b18f4f361700,1403/03/31,-334.0,254.0,139.0,1399680.0,1399680.0,1399680.0,-467493120.0,56419.0,615316.0,,,,,,,,,,,,,,,,,
de970c1c2991b9b3e1e5b18f4f361700,1403/06/31,-835.0,326.0,139.0,1399680.0,1399680.0,1399680.0,-1168732800.0,-233918.0,1101160.0,,,,,,,,,,,,,,,,,
de970c1c2991b9b3e1e5b18f4f361700,1403/09/30,-984.0,147.0,79.0,1399680.0,1399680.0,1399680.0,-1377285120.0,14696.0,1337451.0,,,,,,,,,,,,,,,,,
de970c1c2991b9b3e1e5b18f4f361700,1403/12/30,9.0,-39.0,,1399680.0,1399680.0,,12597120.0,1951444.0,1542704.0,,,,,,,,,,,,,,,,,
de970c1c2991b9b3e1e5b18f4f361700,1404/03/31,-139.0,-334.0,9.0,1399680.0,1399680.0,1399680.0,-194555520.0,240713.0,56419.0,,,,,,,,,,,,,,,,,
de970c1c2991b9b3e1e5b18f4f361700,1404/06/31,-243.0,-775.0,9.0,1399680.0,1399680.0,1399680.0,-340122240.0,46709.0,-149885.0,,,,,,,,,,,,,,,,,
de970c1c2991b9b3e1e5b18f4f361700,1404/09/30,14.0,-984.0,9.0,1399680.0,1399680.0,1399680.0,19595520.0,730506.0,14696.0,,,,,,,,,,,,,,,,,
de970c1c2991b9b3e1e5b18f4f361700,1404/12/29,105.0,9.0,,1399680.0,1399680.0,,146966400.0,1648177.0,1951444.0,,,,,,,,,,,,,,,,,
de970c1c2991b9b3e1e5b18f4f361700,1405/03/31,905.0,18.0,105.0,1399680.0,1399680.0,1399680.0,1266710400.0,2054215.0,549255.0,,,,,,,,,,,,,,,,,
dec2e66cbc6ff178a8ee0240a9fc017e,1398/12/29,1445.0,0.0,545.0,150000.0,150000.0,150000.0,216750000.0,1.0,1.0,,,,,,,,,,,,,,,,,
dec2e66cbc6ff178a8ee0240a9fc017e,1399/03/31,388.0,123.0,1444.0,150000.0,150000.0,150000.0,58200000.0,1.0,1.0,,,,,,,,,,,,,,,,,
dec2e66cbc6ff178a8ee0240a9fc017e,1399/06/31,890.0,435.0,1444.0,150000.0,150000.0,150000.0,133500000.0,1.0,1.0,,,,,,,,,,,,,,,,,
dec2e66cbc6ff178a8ee0240a9fc017e,1399/09/30,525.0,990.0,1444.0,500000.0,150000.0,150000.0,262500000.0,1.0,1.0,,,,,,,,,,,,,,,,,
dec2e66cbc6ff178a8ee0240a9fc017e,1399/12/30,695.0,0.0,1377.0,500000.0,150000.0,150000.0,347500000.0,1.0,1.0,,,,,,,,,,,,,,,,,
dec2e66cbc6ff178a8ee0240a9fc017e,1400/03/31,160.0,388.0,2307.0,500000.0,150000.0,150000.0,80000000.0,1.0,1.0,,,,,,,,,,,,,,,,,
dec2e66cbc6ff178a8ee0240a9fc017e,1400/06/31,436.0,266.0,692.0,500000.0,500000.0,500000.0,218000000.0,1.0,1.0,,,,,,,,,,,,,,,,,
dec2e66cbc6ff178a8ee0240a9fc017e,1400/09/30,809.0,525.0,692.0,500000.0,500000.0,500000.0,404500000.0,1.0,1.0,,,,,,,,,,,,,,,,,
dec2e66cbc6ff178a8ee0240a9fc017e,1400/12/29,788.0,0.0,692.0,500000.0,500000.0,500000.0,394000000.0,1.0,1.0,,,,,,,,,,,,,,,,,
dec2e66cbc6ff178a8ee0240a9fc017e,1401/03/31,501.0,160.0,792.0,500000.0,500000.0,500000.0,250500000.0,1.0,1.0,,,,,,,,,,,,,,,,,
dec2e66cbc6ff178a8ee0240a9fc017e,1401/06/31,938.0,435.0,792.0,500000.0,500000.0,500000.0,469000000.0,1.0,1.0,,,,,,,,,,,,,,,,,
dec2e66cbc6ff178a8ee0240a9fc017e,1401/09/30,1748.0,809.0,792.0,500000.0,500000.0,500000.0,874000000.0,1.0,1.0,,,,,,,,,,,,,,,,,
dec2e66cbc6ff178a8ee0240a9fc017e,1401/12/29,2631.0,0.0,792.0,500000.0,500000.0,500000.0,1315500000.0,1.0,1.0,,,,,,,,,,,,,,,,,
dec2e66cbc6ff178a8ee0240a9fc017e,1402/03/31,1706.0,501.0,2613.0,500000.0,500000.0,500000.0,853000000.0,1.0,1.0,,,,,,,,,,,,,,,,,
dec2e66cbc6ff178a8ee0240a9fc017e,1402/06/31,999.0,995.0,2613.0,1500000.0,500000.0,500000.0,1498500000.0,1.0,1.0,,,,,,,,,,,,,,,,,
dec2e66cbc6ff178a8ee0240a9fc017e,1402/09/30,1587.0,1748.0,2613.0,1500000.0,500000.0,500000.0,2380500000.0,1.0,1.0,,,,,,,,,,,,,,,,,
dec2e66cbc6ff178a8ee0240a9fc017e,1402/12/29,2115.0,0.0,2613.0,1500000.0,500000.0,500000.0,3172500000.0,1.0,1.0,,,,,,,,,,,,,,,,,
dec2e66cbc6ff178a8ee0240a9fc017e,1403/03/31,557.0,1756.0,2123.0,1500000.0,500000.0,1500000.0,835500000.0,1.0,1.0,,,,,,,,,,,,,,,,,
dec2e66cbc6ff178a8ee0240a9fc017e,1403/06/31,692.0,1001.0,2125.0,2500000.0,1500000.0,1500000.0,1730000000.0,1.0,1.0,,,,,,,,,,,,,,,,,
dec2e66cbc6ff178a8ee0240a9fc017e,1403/09/30,1107.0,1650.0,2123.0,2500000.0,1500000.0,1500000.0,2767500000.0,1.0,1.0,,,,,,,,,,,,,,,,,
dec2e66cbc6ff178a8ee0240a9fc017e,1403/12/30,1732.0,0.0,2123.0,2500000.0,1500000.0,1500000.0,4330000000.0,1.0,1.0,,,,,,,,,,,,,,,,,
dec2e66cbc6ff178a8ee0240a9fc017e,1404/03/31,484.0,557.0,1567.0,2500000.0,1500000.0,2500000.0,1210000000.0,1.0,1.0,,,,,,,,,,,,,,,,,
dec2e66cbc6ff178a8ee0240a9fc017e,1404/06/31,1197.0,729.0,1567.0,2500000.0,2500000.0,2500000.0,2992500000.0,1.0,1.0,,,,,,,,,,,,,,,,,
dec2e66cbc6ff178a8ee0240a9fc017e,1404/09/30,2186.0,0.0,1107.0,2500000.0,0.0,2500000.0,5465000000.0,1.7397987191216833,100.0,,,,,,,,,,,,,,,,,
dec2e66cbc6ff178a8ee0240a9fc017e,1404/12/29,990.0,426.0,545.0,150000.0,150000.0,150000.0,7290000000.0,1.0,1.0,,,,,,,,,,,,,,,,,
dec2e66cbc6ff178a8ee0240a9fc017e,1405/03/31,528.0,484.0,2893.0,6000000.0,2500000.0,2500000.0,3168000000.0,3569369.0,1468232.0,7747505.0,6429245.0,2999577.0,17724575.0,0.0,140437.0,3166511.0,1209417.0,7232922.0,1188635.0,1176723.0,3776176.0,30387914.0,13429049.0,12710450.0,9029487.0,17677464.0
dfe07aa2c9a5a27265431f60ae868b8c,1398/06/31,925.0,652.0,1355.0,650000.0,650000.0,650000.0,601250000.0,1.0,1.0,,,,,,,,,,,,,,,,,
dfe07aa2c9a5a27265431f60ae868b8c,1398/09/30,1050.0,1057.0,1351.0,650000.0,650000.0,650000.0,682500000.0,1.0,1.0,,,,,,,,,,,,,,,,,
dfe07aa2c9a5a27265431f60ae868b8c,1398/12/29,2015.0,0.0,1502.0,650000.0,650000.0,650000.0,1309750000.0,1.0,1.0,,,,,,,,,,,,,,,,,
dfe07aa2c9a5a27265431f60ae868b8c,1399/03/31,1149.0,592.0,1636.0,650000.0,650000.0,650000.0,746850000.0,1.0,1.0,,,,,,,,,,,,,,,,,
dfe07aa2c9a5a27265431f60ae868b8c,1399/06/31,2883.0,900.0,1633.0,650000.0,650000.0,650000.0,1873950000.0,1.0,1.0,,,,,,,,,,,,,,,,,
dfe07aa2c9a5a27265431f60ae868b8c,1399/09/30,5119.0,1050.0,1636.0,650000.0,650000.0,650000.0,3327350000.0,1.0,1.0,,,,,,,,,,,,,,,,,
dfe07aa2c9a5a27265431f60ae868b8c,1399/12/30,9257.0,0.0,2015.0,650000.0,650000.0,650000.0,6017050000.0,1.0,1.0,,,,,,,,,,,,,,,,,
dfe07aa2c9a5a27265431f60ae868b8c,1400/03/31,1506.0,1149.0,7256.0,650000.0,650000.0,650000.0,978900000.0,1.0,1.0,,,,,,,,,,,,,,,,,
dfe07aa2c9a5a27265431f60ae868b8c,1400/06/31,1577.0,1450.0,3628.0,1300000.0,1300000.0,1300000.0,2050100000.0,1.0,1.0,,,,,,,,,,,,,,,,,
dfe07aa2c9a5a27265431f60ae868b8c,1400/09/30,2309.0,2560.0,3628.0,1300000.0,1300000.0,1300000.0,3001700000.0,1.0,1.0,,,,,,,,,,,,,,,,,
dfe07aa2c9a5a27265431f60ae868b8c,1400/12/29,4077.0,0.0,4566.0,1300000.0,650000.0,1300000.0,5300100000.0,1.0,1.0,,,,,,,,,,,,,,,,,
dfe07aa2c9a5a27265431f60ae868b8c,1401/03/31,522.0,753.0,3354.0,1300000.0,1300000.0,1300000.0,678600000.0,1.0,1.0,,,,,,,,,,,,,,,,,
dfe07aa2c9a5a27265431f60ae868b8c,1401/06/31,633.0,1569.0,3354.0,1300000.0,1300000.0,1300000.0,822900000.0,1.0,1.0,,,,,,,,,,,,,,,,,
dfe07aa2c9a5a27265431f60ae868b8c,1401/09/30,363.0,2309.0,3354.0,3900000.0,1300000.0,1300000.0,1415700000.0,1.0,1.0,,,,,,,,,,,,,,,,,
dfe07aa2c9a5a27265431f60ae868b8c,1401/12/29,1373.0,0.0,4085.0,3900000.0,1300000.0,1300000.0,5354700000.0,1.0,1.0,,,,,,,,,,,,,,,,,
dfe07aa2c9a5a27265431f60ae868b8c,1402/03/31,373.0,174.0,1238.0,3900000.0,3900000.0,3900000.0,1454700000.0,1.0,1.0,,,,,,,,,,,,,,,,,
dfe07aa2c9a5a27265431f60ae868b8c,1402/06/31,674.0,233.0,1238.0,3900000.0,3900000.0,3900000.0,2628600000.0,1.0,1.0,,,,,,,,,,,,,,,,,
dfe07aa2c9a5a27265431f60ae868b8c,1402/09/30,1001.0,363.0,1238.0,3900000.0,3900000.0,3900000.0,3903900000.0,1.0,1.0,,,,,,,,,,,,,,,,,
dfe07aa2c9a5a27265431f60ae868b8c,1402/12/29,2002.0,0.0,1468.0,3900000.0,3900000.0,3900000.0,7807800000.0,1.0,1.0,,,,,,,,,,,,,,,,,
dfe07aa2c9a5a27265431f60ae868b8c,1403/03/31,454.0,373.0,1710.0,3900000.0,3900000.0,3900000.0,1770600000.0,1.0,1.0,,,,,,,,,,,,,,,,,
dfe07aa2c9a5a27265431f60ae868b8c,1403/06/31,849.0,703.0,1710.0,3900000.0,3900000.0,3900000.0,3311100000.0,1.0,1.0,,,,,,,,,,,,,,,,,
dfe07aa2c9a5a27265431f60ae868b8c,1403/09/30,495.0,1001.0,1710.0,9750000.0,3900000.0,3900000.0,4826250000.0,1.0,1.0,,,,,,,,,,,,,,,,,
dfe07aa2c9a5a27265431f60ae868b8c,1403/12/30,925.0,0.0,1986.0,9750000.0,3900000.0,3900000.0,9018750000.0,1.0,1.0,,,,,,,,,,,,,,,,,
dfe07aa2c9a5a27265431f60ae868b8c,1404/03/31,60.0,182.0,824.0,9750000.0,9750000.0,9750000.0,585000000.0,1.0,1.0,,,,,,,,,,,,,,,,,
dfe07aa2c9a5a27265431f60ae868b8c,1404/06/31,119.0,310.0,824.0,9750000.0,9750000.0,9750000.0,1160250000.0,1.0,1.0,,,,,,,,,,,,,,,,,
dfe07aa2c9a5a27265431f60ae868b8c,1404/09/30,307.0,495.0,824.0,9750000.0,9750000.0,9750000.0,2993250000.0,1.0,1.0,,,,,,,,,,,,,,,,,
dfe07aa2c9a5a27265431f60ae868b8c,1404/12/29,1018.0,0.0,925.0,9750000.0,9750000.0,9750000.0,9925500000.0,686.0,108.0,,,,,,,,,,,,,,,,,
dfe07aa2c9a5a27265431f60ae868b8c,1405/03/31,502.0,60.0,976.0,12500000.0,9750000.0,9750000.0,6275000000.0,7032736.0,715859.0,,,,,,,,,,,,,,,,,
e2d1f5c5d5e4d6849d80511b5f035099,1398/09/30,5.0,-115.0,0.0,175353972.0,175353972.0,0.0,876769860.0,1.0,1.0,,,,,,,,,,,,,,,,,
e2d1f5c5d5e4d6849d80511b5f035099,1399/12/30,344.0,0.0,67.0,175353972.0,0.0,175353972.0,60321766368.0,1.0,1.0,,,,,,,,,,,,,,,,,
e2d1f5c5d5e4d6849d80511b5f035099,1400/03/31,4.0,10.0,670.0,175353972.0,175353972.0,175353972.0,701415888.0,1.0,1.0,,,,,,,,,,,,,,,,,
e2d1f5c5d5e4d6849d80511b5f035099,1400/06/31,9.0,336.0,661.0,175353972.0,175353972.0,175353972.0,1578185748.0,1.0,1.0,,,,,,,,,,,,,,,,,
e2d1f5c5d5e4d6849d80511b5f035099,1400/09/30,10.0,271.0,661.0,175353972.0,175353972.0,175353972.0,1753539720.0,1.0,1.0,,,,,,,,,,,,,,,,,
e2d1f5c5d5e4d6849d80511b5f035099,1400/12/29,184.0,0.0,661.0,175353972.0,175353972.0,175353972.0,32265130848.0,1.0,1.0,,,,,,,,,,,,,,,,,
e2d1f5c5d5e4d6849d80511b5f035099,1401/03/31,13.0,4.0,21.0,175353972.0,175353972.0,175353972.0,2279601636.0,1.0,1.0,,,,,,,,,,,,,,,,,
e2d1f5c5d5e4d6849d80511b5f035099,1401/06/31,8.0,9.0,5.0,175353972.0,175353972.0,175353972.0,1402831776.0,1.0,1.0,,,,,,,,,,,,,,,,,
e2d1f5c5d5e4d6849d80511b5f035099,1401/09/30,9.0,10.0,5.0,175353972.0,175353972.0,175353972.0,1578185748.0,1.0,1.0,,,,,,,,,,,,,,,,,
e2d1f5c5d5e4d6849d80511b5f035099,1401/12/29,25.0,0.0,20.0,175353972.0,175353972.0,175353972.0,4383849300.0,1.0,1.0,,,,,,,,,,,,,,,,,
e2d1f5c5d5e4d6849d80511b5f035099,1402/03/31,21.0,13.0,25.0,175353972.0,175353972.0,175353972.0,3682433412.0,1.0,1.0,,,,,,,,,,,,,,,,,
e2d1f5c5d5e4d6849d80511b5f035099,1402/06/31,34.0,8.0,25.0,175353972.0,175353972.0,175353972.0,5962035048.0,1.0,1.0,,,,,,,,,,,,,,,,,
e2d1f5c5d5e4d6849d80511b5f035099,1402/09/30,10.0,9.0,25.0,215353972.0,175353972.0,175353972.0,2153539720.0,1.0,1.0,,,,,,,,,,,,,,,,,
e2d1f5c5d5e4d6849d80511b5f035099,1402/12/29,122.0,0.0,25.0,215353972.0,175353972.0,175353972.0,26273184584.0,1.0,1.0,,,,,,,,,,,,,,,,,
e2d1f5c5d5e4d6849d80511b5f035099,1403/03/31,27.0,17.0,122.0,215353972.0,215353972.0,215353972.0,5814557244.0,1.0,1.0,,,,,,,,,,,,,,,,,
e2d1f5c5d5e4d6849d80511b5f035099,1403/06/31,33.0,30.0,122.0,215353972.0,215353972.0,215353972.0,7106681076.0,1.0,1.0,,,,,,,,,,,,,,,,,
e2d1f5c5d5e4d6849d80511b5f035099,1403/09/30,27.0,10.0,122.0,215353972.0,215353972.0,215353972.0,5814557244.0,1.0,1.0,,,,,,,,,,,,,,,,,
e2d1f5c5d5e4d6849d80511b5f035099,1403/12/30,194.0,33.0,0.0,782353972.0,782353972.0,215353972.0,151776670568.0,1.0,1.0,,,,,,,,,,,,,,,,,
e2d1f5c5d5e4d6849d80511b5f035099,1404/03/31,9.0,7.0,0.0,782353972.0,782353972.0,782353972.0,7041185748.0,1.0,1.0,,,,,,,,,,,,,,,,,
e2d1f5c5d5e4d6849d80511b5f035099,1404/06/31,11.0,10.0,0.0,782353972.0,782353972.0,782353972.0,8605893692.0,1.0,1.0,,,,,,,,,,,,,,,,,
e2d1f5c5d5e4d6849d80511b5f035099,1404/09/30,10.0,8.0,0.0,782353972.0,782353972.0,782353972.0,7823539720.0,1.0,1.0,,1182759143.0,765474231.0,,-61339821.0,0.0,,,,,,,,,,,
e2d1f5c5d5e4d6849d80511b5f035099,1404/12/29,184.0,64.0,,782353972.0,782353972.0,,143953130848.0,100130319.0,123812985.0,,1578840741.0,1097153618.0,,-132227876.0,0.0,,,,,,,,,,,
e2d1f5c5d5e4d6849d80511b5f035099,1405/03/31,10.0,8.0,,782353972.0,782353972.0,,7823539720.0,4301812.0,20866202.0,,588547249.0,326819721.0,,-4448665.0,0.0,,,,,,,,,,,
e4f51cddab83abe24e70280c9f7240b3,1399/01/31,590.0,391.0,430.0,400000.0,400000.0,400000.0,236000000.0,1.0,1.0,,,,,,,,,,,,,,,,,
e4f51cddab83abe24e70280c9f7240b3,1399/04/31,1287.0,0.0,430.0,400000.0,400000.0,400000.0,514800000.0,1.0,1.0,,,,,,,,,,,,,,,,,
e4f51cddab83abe24e70280c9f7240b3,1399/07/30,319.0,187.0,1287.0,400000.0,400000.0,400000.0,127600000.0,1.0,1.0,,,,,,,,,,,,,,,,,
e4f51cddab83abe24e70280c9f7240b3,1399/10/30,689.0,429.0,1287.0,400000.0,400000.0,400000.0,275600000.0,1.0,1.0,,,,,,,,,,,,,,,,,
e4f51cddab83abe24e70280c9f7240b3,1400/01/31,1434.0,590.0,1287.0,400000.0,400000.0,400000.0,573600000.0,1.0,1.0,,,,,,,,,,,,,,,,,
e4f51cddab83abe24e70280c9f7240b3,1400/04/31,1681.0,0.0,1287.0,400000.0,400000.0,400000.0,672400000.0,1.0,1.0,,,,,,,,,,,,,,,,,
e4f51cddab83abe24e70280c9f7240b3,1400/07/30,203.0,319.0,1789.0,400000.0,400000.0,400000.0,81200000.0,1.0,1.0,,,,,,,,,,,,,,,,,
e4f51cddab83abe24e70280c9f7240b3,1400/10/30,849.0,691.0,1789.0,400000.0,400000.0,400000.0,339600000.0,1.0,1.0,,,,,,,,,,,,,,,,,
e4f51cddab83abe24e70280c9f7240b3,1401/01/31,1639.0,1434.0,1789.0,400000.0,400000.0,400000.0,655600000.0,1.0,1.0,,,,,,,,,,,,,,,,,
e4f51cddab83abe24e70280c9f7240b3,1401/04/31,2405.0,0.0,1789.0,400000.0,400000.0,400000.0,962000000.0,1.0,1.0,,,,,,,,,,,,,,,,,
e4f51cddab83abe24e70280c9f7240b3,1401/07/30,239.0,203.0,2641.0,400000.0,400000.0,400000.0,95600000.0,1.0,1.0,,,,,,,,,,,,,,,,,
e4f51cddab83abe24e70280c9f7240b3,1401/10/30,67.0,849.0,2641.0,1800000.0,400000.0,400000.0,120600000.0,1.0,1.0,,,,,,,,,,,,,,,,,
e4f51cddab83abe24e70280c9f7240b3,1402/01/31,127.0,1639.0,2641.0,1800000.0,400000.0,400000.0,228600000.0,1.0,1.0,,,,,,,,,,,,,,,,,
e4f51cddab83abe24e70280c9f7240b3,1402/04/31,960.0,0.0,2641.0,1800000.0,400000.0,400000.0,1728000000.0,1.0,1.0,,,,,,,,,,,,,,,,,
e4f51cddab83abe24e70280c9f7240b3,1402/07/30,327.0,53.0,1039.0,1800000.0,1800000.0,1800000.0,588600000.0,1.0,1.0,,,,,,,,,,,,,,,,,
e4f51cddab83abe24e70280c9f7240b3,1403/04/31,1108.0,0.0,1039.0,1800000.0,1800000.0,1800000.0,1994400000.0,1.0,1.0,,,,,,,,,,,,,,,,,
e4f51cddab83abe24e70280c9f7240b3,1403/07/30,273.0,327.0,1108.0,1800000.0,1800000.0,1800000.0,491400000.0,1.0,1.0,,,,,,,,,,,,,,,,,
e4f51cddab83abe24e70280c9f7240b3,1403/10/30,479.0,573.0,1108.0,1800000.0,1800000.0,1800000.0,862200000.0,1.0,1.0,,,,,,,,,,,,,,,,,
e4f51cddab83abe24e70280c9f7240b3,1404/01/31,803.0,718.0,1108.0,1800000.0,1800000.0,1800000.0,1445400000.0,1.0,1.0,,,,,,,,,,,,,,,,,
e4f51cddab83abe24e70280c9f7240b3,1404/04/31,1182.0,0.0,1108.0,1800000.0,1800000.0,1800000.0,2127600000.0,1.0,1.0,,,,,,,,,,,,,,,,,
e4f51cddab83abe24e70280c9f7240b3,1404/07/30,949.0,273.0,1182.0,1800000.0,1800000.0,1800000.0,1708200000.0,1.0,1.0,,,,,,,,,,,,,,,,,
e4f51cddab83abe24e70280c9f7240b3,1404/10/30,2641.0,479.0,1182.0,1800000.0,1800000.0,1800000.0,4753800000.0,3762129.0,486118.0,,,,,,,,,,,,,,,,,
e4f51cddab83abe24e70280c9f7240b3,1405/01/31,2678.0,803.0,1182.0,1800000.0,1800000.0,1800000.0,4820400000.0,3575207.0,962520.0,,,,,,,,,,,,,,,,,
e60b29bf5ce7f167ddc4039487210d2f,1399/03/31,251.0,154.0,317.0,2653560.0,2653560.0,2653560.0,666043560.0,1.0,1.0,,,,,,,,,,,,,,,,,
e60b29bf5ce7f167ddc4039487210d2f,1399/06/31,532.0,0.0,348.0,2653560.0,2653560.0,2653560.0,1411693920.0,1.0,1.0,,,,,,,,,,,,,,,,,
e60b29bf5ce7f167ddc4039487210d2f,1399/09/30,122.0,58.0,339.0,2653560.0,2653560.0,2653560.0,323734320.0,1.0,1.0,,,,,,,,,,,,,,,,,
e60b29bf5ce7f167ddc4039487210d2f,1399/12/30,502.0,230.0,514.0,2653560.0,2653560.0,2653560.0,1332087120.0,1.0,1.0,,,,,,,,,,,,,,,,,
e60b29bf5ce7f167ddc4039487210d2f,1400/03/31,467.0,251.0,322.0,2653560.0,2653560.0,2653560.0,1239212520.0,1.0,1.0,,,,,,,,,,,,,,,,,
e60b29bf5ce7f167ddc4039487210d2f,1400/06/31,1078.0,0.0,518.0,2653560.0,2653560.0,2653560.0,2860537680.0,1.0,1.0,,,,,,,,,,,,,,,,,
e60b29bf5ce7f167ddc4039487210d2f,1400/09/30,296.0,122.0,939.0,2653560.0,2653560.0,2653560.0,785453760.0,1.0,1.0,,,,,,,,,,,,,,,,,
e60b29bf5ce7f167ddc4039487210d2f,1400/12/29,421.0,252.0,929.0,2653560.0,2653560.0,2653560.0,1117148760.0,1.0,1.0,,,,,,,,,,,,,,,,,
e60b29bf5ce7f167ddc4039487210d2f,1401/03/31,674.0,467.0,929.0,2653560.0,2653560.0,2653560.0,1788499440.0,1.0,1.0,,,,,,,,,,,,,,,,,
e60b29bf5ce7f167ddc4039487210d2f,1401/06/31,1632.0,0.0,1049.0,2653560.0,2653560.0,2653560.0,4330609920.0,1.0,1.0,,,,,,,,,,,,,,,,,
e60b29bf5ce7f167ddc4039487210d2f,1401/09/30,243.0,1535.0,0.0,2653560.0,2653560.0,0.0,644815080.0,1.0,1.0,,,,,,,,,,,,,,,,,
e60b29bf5ce7f167ddc4039487210d2f,1401/12/29,502.0,454.0,1535.0,2653560.0,2653560.0,2653560.0,1332087120.0,1.0,1.0,,,,,,,,,,,,,,,,,
e60b29bf5ce7f167ddc4039487210d2f,1402/03/31,752.0,674.0,1535.0,2653560.0,2653560.0,2653560.0,1995477120.0,1.0,1.0,,,,,,,,,,,,,,,,,
e60b29bf5ce7f167ddc4039487210d2f,1402/06/31,2856.0,0.0,1648.0,2653560.0,2653560.0,2653560.0,7578567360.0,1.0,1.0,,,,,,,,,,,,,,,,,
e60b29bf5ce7f167ddc4039487210d2f,1402/09/30,318.0,226.0,2603.0,2653560.0,2653560.0,2653560.0,843832080.0,1.0,1.0,,,,,,,,,,,,,,,,,
e60b29bf5ce7f167ddc4039487210d2f,1402/12/29,276.0,496.0,2603.0,2653560.0,2653560.0,2653560.0,732382560.0,1.0,1.0,,,,,,,,,,,,,,,,,
e60b29bf5ce7f167ddc4039487210d2f,1403/03/31,548.0,752.0,2603.0,2653560.0,2653560.0,2653560.0,1454150880.0,1.0,1.0,,,,,,,,,,,,,,,,,
e60b29bf5ce7f167ddc4039487210d2f,1403/06/31,1541.0,0.0,1506.0,5000000.0,2653560.0,5000000.0,7705000000.0,1.0,1.0,,,,,,,,,,,,,,,,,
e60b29bf5ce7f167ddc4039487210d2f,1403/09/30,213.0,169.0,1396.0,5000000.0,5000000.0,5000000.0,1065000000.0,1.0,1.0,,,,,,,,,,,,,,,,,
e60b29bf5ce7f167ddc4039487210d2f,1403/12/30,475.0,140.0,1396.0,5000000.0,5000000.0,5000000.0,2375000000.0,1.0,1.0,,,,,,,,,,,,,,,,,
e60b29bf5ce7f167ddc4039487210d2f,1404/03/31,873.0,291.0,1396.0,5000000.0,5000000.0,5000000.0,4365000000.0,1.0,1.0,,,,,,,,,,,,,,,,,
e60b29bf5ce7f167ddc4039487210d2f,1404/06/30,58.0,-4.0,317.0,2653560.0,2653560.0,2653560.0,12135000000.0,1.0,1.0,,,,,,,,,,,,,,,,,
e60b29bf5ce7f167ddc4039487210d2f,1404/09/30,160.0,5.0,317.0,2653560.0,2653560.0,2653560.0,4005000000.0,1.0,1.0,,,,,,,,,,,,,,,,,
e60b29bf5ce7f167ddc4039487210d2f,1404/12/29,1261.0,476.0,2488.0,6200000.0,5000000.0,5000000.0,7818200000.0,1164.0,113.0,,,,,,,,,,,,,,,,,
e60b29bf5ce7f167ddc4039487210d2f,1405/03/31,1753.0,873.0,2488.0,6200000.0,5000000.0,5000000.0,10868600000.0,9296319.0,4655159.0,,,,,,,,,,,,,,,,,
e6f5fb278dab95af4b0dede9cbdd4f34,1398/06/31,123.0,-406.0,-636.0,180000.0,180000.0,180000.0,22140000.0,1.0,1.0,,,,,,,,,,,,,,,,,
e6f5fb278dab95af4b0dede9cbdd4f34,1398/09/30,284.0,-394.0,-636.0,180000.0,180000.0,180000.0,51120000.0,1.0,1.0,,,,,,,,,,,,,,,,,
e6f5fb278dab95af4b0dede9cbdd4f34,1398/12/29,57.0,0.0,-636.0,1468924.0,180000.0,180000.0,83728668.0,1.0,1.0,,,,,,,,,,,,,,,,,
e6f5fb278dab95af4b0dede9cbdd4f34,1399/03/31,38.0,-19.0,57.0,1468924.0,1468924.0,1468924.0,55819112.0,1.0,1.0,,,,,,,,,,,,,,,,,
e6f5fb278dab95af4b0dede9cbdd4f34,1399/06/31,0.0,0.0,0.0,0.0,0.0,0.0,0.0,1.0,1.0,,,,,,,,,,,,,,,,,
e6f5fb278dab95af4b0dede9cbdd4f34,1399/09/30,415.0,284.0,57.0,1468924.0,180000.0,1468924.0,609603460.0,1.0,1.0,,,,,,,,,,,,,,,,,
e6f5fb278dab95af4b0dede9cbdd4f34,1399/12/30,516.0,0.0,57.0,1468924.0,1468924.0,1468924.0,757964784.0,1.0,1.0,,,,,,,,,,,,,,,,,
e6f5fb278dab95af4b0dede9cbdd4f34,1400/03/31,220.0,38.0,479.0,1468924.0,1468924.0,1468924.0,323163280.0,1.0,1.0,,,,,,,,,,,,,,,,,
e6f5fb278dab95af4b0dede9cbdd4f34,1400/06/31,137.0,262.0,479.0,5141234.0,1468924.0,1468924.0,704349058.0,1.0,1.0,,,,,,,,,,,,,,,,,
e6f5fb278dab95af4b0dede9cbdd4f34,1400/09/30,190.0,415.0,479.0,5141234.0,1468924.0,1468924.0,976834460.0,1.0,1.0,,,,,,,,,,,,,,,,,
e6f5fb278dab95af4b0dede9cbdd4f34,1400/12/29,329.0,0.0,479.0,5141234.0,1468924.0,1468924.0,1691465986.0,1.0,1.0,,,,,,,,,,,,,,,,,
e6f5fb278dab95af4b0dede9cbdd4f34,1401/03/31,129.0,63.0,358.0,5141234.0,5141234.0,5141234.0,663219186.0,1.0,1.0,,,,,,,,,,,,,,,,,
e6f5fb278dab95af4b0dede9cbdd4f34,1401/06/31,403.0,116.0,358.0,5141234.0,5141234.0,5141234.0,2071917302.0,1.0,1.0,,,,,,,,,,,,,,,,,
e6f5fb278dab95af4b0dede9cbdd4f34,1401/09/30,524.0,187.0,327.0,5141234.0,5141234.0,5141234.0,2694006616.0,1.0,1.0,,,,,,,,,,,,,,,,,
e6f5fb278dab95af4b0dede9cbdd4f34,1401/12/29,669.0,0.0,327.0,5141234.0,5141234.0,5141234.0,3439485546.0,1.0,1.0,,,,,,,,,,,,,,,,,
e6f5fb278dab95af4b0dede9cbdd4f34,1402/03/31,244.0,129.0,777.0,5141234.0,5141234.0,5141234.0,1254461096.0,1.0,1.0,,,,,,,,,,,,,,,,,
e6f5fb278dab95af4b0dede9cbdd4f34,1402/06/31,614.0,304.0,777.0,5141234.0,5141234.0,5141234.0,3156717676.0,1.0,1.0,,,,,,,,,,,,,,,,,
e6f5fb278dab95af4b0dede9cbdd4f34,1402/09/30,811.0,524.0,777.0,5141234.0,5141234.0,5141234.0,4169540774.0,1.0,1.0,,,,,,,,,,,,,,,,,
e6f5fb278dab95af4b0dede9cbdd4f34,1402/12/29,567.0,0.0,777.0,9837234.0,5141234.0,5141234.0,5577711678.0,1.0,1.0,,,,,,,,,,,,,,,,,
e6f5fb278dab95af4b0dede9cbdd4f34,1403/03/31,135.0,244.0,591.0,9837234.0,5141234.0,9837234.0,1328026590.0,1.0,1.0,,,,,,,,,,,,,,,,,
e6f5fb278dab95af4b0dede9cbdd4f34,1403/06/31,260.0,312.0,566.0,9837234.0,9837234.0,9837234.0,2557680840.0,1.0,1.0,,,,,,,,,,,,,,,,,
e6f5fb278dab95af4b0dede9cbdd4f34,1403/09/30,485.0,439.0,566.0,9837234.0,9837234.0,9837234.0,4771058490.0,1.0,1.0,,,,,,,,,,,,,,,,,
e6f5fb278dab95af4b0dede9cbdd4f34,1403/12/30,642.0,0.0,566.0,9837234.0,9837234.0,9837234.0,6315504228.0,1.0,1.0,,,,,,,,,,,,,,,,,
e6f5fb278dab95af4b0dede9cbdd4f34,1404/03/31,79.0,134.0,642.0,22005720.0,9837234.0,9837234.0,1738451880.0,1.0,1.0,,,,,,,,,,,,,,,,,
e6f5fb278dab95af4b0dede9cbdd4f34,1404/06/31,153.0,112.0,273.0,22005720.0,22005720.0,22005720.0,3366875160.0,1.0,1.0,,,,,,,,,,,,,,,,,
e6f5fb278dab95af4b0dede9cbdd4f34,1404/09/30,239.0,217.0,273.0,22005720.0,22005720.0,22005720.0,5259367080.0,1.0,1.0,,,,,,,,,,,,,,,,,
e6f5fb278dab95af4b0dede9cbdd4f34,1404/12/29,323.0,0.0,273.0,22005720.0,22005720.0,22005720.0,7107847560.0,377.0,-55.0,,,,,,,,,,,,,,,,,
e6f5fb278dab95af4b0dede9cbdd4f34,1405/03/31,143.0,79.0,323.0,22005719.0,22005720.0,22005720.0,3146817817.0,3717478.0,1891361.0,8229619.0,11575580.0,6251411.0,29334572.0,-520137.0,10213.0,3151569.0,1738288.0,7114315.0,971685.0,436358.0,3561947.0,57855114.0,30342639.0,19210515.0,13261965.0,38644599.0
e863456493cc72d8dc255c72551f3c26,1398/03/31,-94.0,-83.0,13.0,1500000.0,1500000.0,0.0,-141000000.0,-1.0,100.0,,,,,,,,,,,,,,,,,
e863456493cc72d8dc255c72551f3c26,1398/06/31,405.0,185.0,119.0,1500000.0,1500000.0,0.0,607500000.0,-1.0,100.0,,,,,,,,,,,,,,,,,
e863456493cc72d8dc255c72551f3c26,1398/09/30,873.0,310.0,304.0,1500000.0,1500000.0,1500000.0,1309500000.0,-1.0,100.0,,,,,,,,,,,,,,,,,
e863456493cc72d8dc255c72551f3c26,1398/12/29,351.0,0.0,326.0,1500000.0,1500000.0,1500000.0,526500000.0,-1.0,100.0,,,,,,,,,,,,,,,,,
e863456493cc72d8dc255c72551f3c26,1399/03/31,-60.0,-94.0,323.0,26221057.0,1500000.0,1500000.0,-1573263420.0,-1.0,100.0,,,,,,,,,,,,,,,,,
e863456493cc72d8dc255c72551f3c26,1399/06/31,4.0,23.0,18.0,26221057.0,26221057.0,26221057.0,104884228.0,-1.0,100.0,,,,,,,,,,,,,,,,,
e863456493cc72d8dc255c72551f3c26,1399/09/30,18.0,50.0,18.0,26221057.0,26221057.0,26221057.0,471979026.0,-1.0,100.0,,,,,,,,,,,,,,,,,
e863456493cc72d8dc255c72551f3c26,1399/12/30,62.0,0.0,26.0,26221057.0,26221057.0,26221057.0,1625705534.0,-1.0,100.0,,,,,,,,,,,,,,,,,
e863456493cc72d8dc255c72551f3c26,1400/03/31,45.0,-60.0,60.0,26221057.0,26221057.0,26221057.0,1179947565.0,-1.0,100.0,,,,,,,,,,,,,,,,,
e863456493cc72d8dc255c72551f3c26,1400/06/31,68.0,5.0,60.0,26221057.0,26221057.0,26221057.0,1783031876.0,-1.0,100.0,,,,,,,,,,,,,,,,,
e863456493cc72d8dc255c72551f3c26,1400/09/30,18.0,53.0,89.0,26221057.0,26221057.0,26221057.0,471979026.0,-1.0,100.0,,,,,,,,,,,,,,,,,
e863456493cc72d8dc255c72551f3c26,1400/12/29,58.0,0.0,58.0,26221057.0,26221057.0,26221057.0,1520821306.0,-1.0,100.0,,,,,,,,,,,,,,,,,
e863456493cc72d8dc255c72551f3c26,1401/03/31,45.0,45.0,56.0,26221057.0,26221057.0,26221057.0,1179947565.0,-1.0,100.0,,,,,,,,,,,,,,,,,
e863456493cc72d8dc255c72551f3c26,1401/06/31,24.0,6.0,38.0,26221057.0,26221057.0,26221057.0,629305368.0,-1.0,100.0,,,,,,,,,,,,,,,,,
e863456493cc72d8dc255c72551f3c26,1401/09/30,72.0,18.0,38.0,26221057.0,26221057.0,26221057.0,1887916104.0,-1.0,100.0,,,,,,,,,,,,,,,,,
e863456493cc72d8dc255c72551f3c26,1402/03/31,47.0,45.0,58.0,26221057.0,26221057.0,26221057.0,1232389679.0,-1.0,100.0,,,,,,,,,,,,,,,,,
e863456493cc72d8dc255c72551f3c26,1402/06/31,24.0,23.0,22.0,26221057.0,26221057.0,26221057.0,629305368.0,-1.0,100.0,,,,,,,,,,,,,,,,,
e863456493cc72d8dc255c72551f3c26,1402/09/30,23.0,72.0,58.0,26221057.0,26221057.0,26221057.0,603084311.0,-1.0,100.0,,,,,,,,,,,,,,,,,
e863456493cc72d8dc255c72551f3c26,1402/12/29,58.0,0.0,22.0,26221057.0,0.0,26221057.0,1520821306.0,-1.0,100.0,,,,,,,,,,,,,,,,,
e863456493cc72d8dc255c72551f3c26,1403/03/31,41.0,47.0,55.0,26221057.0,26221057.0,26221057.0,1075063337.0,-1.0,100.0,,,,,,,,,,,,,,,,,
e863456493cc72d8dc255c72551f3c26,1403/09/30,43.0,23.0,55.0,26221057.0,26221057.0,26221057.0,1127505451.0,-1.0,100.0,,,,,,,,,,,,,,,,,
e863456493cc72d8dc255c72551f3c26,1403/12/30,95.0,0.0,55.0,26221057.0,0.0,26221057.0,2491000415.0,-1.0,100.0,,,,,,,,,,,,,,,,,
e863456493cc72d8dc255c72551f3c26,1404/03/31,20.0,41.0,95.0,26221057.0,26221057.0,26221057.0,524421140.0,-1.0,100.0,,,,,,,,,,,,,,,,,
e863456493cc72d8dc255c72551f3c26,1404/06/31,42.0,286.0,0.0,26221057.0,26221057.0,0.0,1101284394.0,-1.0,100.0,,,,,,,,,,,,,,,,,
e863456493cc72d8dc255c72551f3c26,1404/09/30,40.0,43.0,286.0,26221057.0,26221057.0,26221057.0,1048842280.0,-1.0,100.0,,,,,,,,,,,,,,,,,
e863456493cc72d8dc255c72551f3c26,1404/12/29,121.0,0.0,286.0,26221057.0,0.0,26221057.0,3172747897.0,69.0,52.0,,,,,,,,,,,,,,,,,
e863456493cc72d8dc255c72551f3c26,1405/03/31,90.0,20.0,121.0,26221057.0,26221057.0,26221057.0,2359895130.0,2370264.0,521415.0,,,,,,,,,,,,,,,,,
eb385d3905217941c6bb9e2caf44b537,1399/12/30,1468.0,918364.0,3010.0,4000000.0,1000.0,4000000.0,5872000000.0,1.0,1.0,,,,,,,,,,,,,,,,,
eb385d3905217941c6bb9e2caf44b537,1400/03/31,1.0,0.0,0.0,4000000000.0,4000000000000.0,0.0,4000000000.0,1.0,1.0,,,,,,,,,,,,,,,,,
eb385d3905217941c6bb9e2caf44b537,1400/06/31,4575.0,4836.0,5856.0,4000000.0,1353389.0,2055978.0,18300000000.0,1.0,1.0,,,,,,,,,,,,,,,,,
eb385d3905217941c6bb9e2caf44b537,1400/09/30,6491.0,0.0,3010.0,4000000.0,1000.0,4000000.0,25964000000.0,1.0,1.0,,,,,,,,,,,,,,,,,
eb385d3905217941c6bb9e2caf44b537,1400/12/29,221.0,1468.0,6491.0,4000000.0,4000000.0,4000000.0,884000000.0,1.0,1.0,,,,,,,,,,,,,,,,,
eb385d3905217941c6bb9e2caf44b537,1401/03/31,1828.0,3433.0,6491.0,4000000.0,4000000.0,4000000.0,7312000000.0,1.0,1.0,,,,,,,,,,,,,,,,,
eb385d3905217941c6bb9e2caf44b537,1401/06/31,2456.0,4724.0,6491.0,3948902.0,4000000.0,4000000.0,9698503312.0,1.0,1.0,,,,,,,,,,,,,,,,,
eb385d3905217941c6bb9e2caf44b537,1401/09/30,3581.0,0.0,6491.0,4000000.0,4000000.0,4000000.0,14324000000.0,1.0,1.0,,,,,,,,,,,,,,,,,
eb385d3905217941c6bb9e2caf44b537,1401/12/29,904.0,221.0,3581.0,4000000.0,4000000.0,4000000.0,3616000000.0,1.0,1.0,,,,,,,,,,,,,,,,,
eb385d3905217941c6bb9e2caf44b537,1402/03/31,4754.0,1894.0,3582.0,4000000.0,4000000.0,4000000.0,19016000000.0,1.0,1.0,,,,,,,,,,,,,,,,,
eb385d3905217941c6bb9e2caf44b537,1402/06/31,7794.0,2425.0,3581.0,4000000.0,4000000.0,4000000.0,31176000000.0,1.0,1.0,,,,,,,,,,,,,,,,,
eb385d3905217941c6bb9e2caf44b537,1402/09/30,10481.0,0.0,3581.0,4000000.0,4000000.0,4000000.0,41924000000.0,1.0,1.0,,,,,,,,,,,,,,,,,
eb385d3905217941c6bb9e2caf44b537,1402/12/29,2005.0,904.0,10481.0,4000000.0,4000000.0,4000000.0,8020000000.0,1.0,1.0,,,,,,,,,,,,,,,,,
eb385d3905217941c6bb9e2caf44b537,1403/03/31,5417.0,4720.0,10481.0,4000000.0,4000000.0,4000000.0,21668000000.0,1.0,1.0,,,,,,,,,,,,,,,,,
eb385d3905217941c6bb9e2caf44b537,1403/06/31,6885.0,7794.0,10481.0,4000000.0,4000000.0,4000000.0,27540000000.0,1.0,1.0,,,,,,,,,,,,,,,,,
eb385d3905217941c6bb9e2caf44b537,1403/09/30,10008.0,0.0,10481.0,4000000.0,4000000.0,4000000.0,40032000000.0,1.0,1.0,,,,,,,,,,,,,,,,,
eb385d3905217941c6bb9e2caf44b537,1403/12/30,1517.0,2005.0,10008.0,4000000.0,4000000.0,4000000.0,6068000000.0,1.0,1.0,,,,,,,,,,,,,,,,,
eb385d3905217941c6bb9e2caf44b537,1404/03/31,5170.0,5412.0,10008.0,4000000.0,4000000.0,4000000.0,20680000000.0,1.0,1.0,,,,,,,,,,,,,,,,,
eb385d3905217941c6bb9e2caf44b537,1404/06/31,7906.0,6885.0,10008.0,4000000.0,4000000.0,4000000.0,31624000000.0,1.0,1.0,,,,,,,,,,,,,,,,,
eb385d3905217941c6bb9e2caf44b537,1404/09/30,9562.0,10008.0,,4000000.0,4000000.0,,38248000000.0,42877975.0,39762165.0,,,,,,,,,,,,,,,,,
eb385d3905217941c6bb9e2caf44b537,1404/12/29,5396.0,1517.0,9500.0,4000000.0,4000000.0,4000000.0,21584000000.0,24384991.0,6319968.0,,,,,,,,,,,,,,,,,
eb385d3905217941c6bb9e2caf44b537,1405/03/31,10720.0,5388.0,9500.0,4000000.0,4000000.0,4000000.0,42880000000.0,48129764.0,22570236.0,,,,,,,,,,,,,,,,,
ebcee98ad7dedd38d7be45b541349ffa,1398/09/30,0.0,0.0,0.0,1500000.0,0.0,1500000.0,0.0,1.0,1.0,,,,,,,,,,,,,,,,,
ebcee98ad7dedd38d7be45b541349ffa,1399/03/31,0.0,0.0,0.0,1500000.0,0.0,1500000.0,0.0,1.0,1.0,,,,,,,,,,,,,,,,,
ebcee98ad7dedd38d7be45b541349ffa,1399/09/30,0.0,0.0,0.0,1500000.0,0.0,1500000.0,0.0,1.0,1.0,,,,,,,,,,,,,,,,,
ebcee98ad7dedd38d7be45b541349ffa,1399/12/30,1987.0,0.0,0.0,1500000.0,1500000.0,0.0,2980500000.0,1.0,1.0,,,,,,,,,,,,,,,,,
ebcee98ad7dedd38d7be45b541349ffa,1400/03/31,165.0,82.0,101.0,4800000.0,4800000.0,0.0,792000000.0,1.0,1.0,,,,,,,,,,,,,,,,,
ebcee98ad7dedd38d7be45b541349ffa,1400/06/31,421.0,999.0,-58.0,4800000.0,1500000.0,220.0,2020800000.0,1.0,1.0,,,,,,,,,,,,,,,,,
ebcee98ad7dedd38d7be45b541349ffa,1400/09/30,482.0,395.0,22.0,4800000.0,4800000.0,0.0,2313600000.0,1.0,1.0,,,,,,,,,,,,,,,,,
ebcee98ad7dedd38d7be45b541349ffa,1400/12/29,868.0,0.0,0.0,4800000.0,4800000.0,0.0,4166400000.0,1.0,1.0,,,,,,,,,,,,,,,,,
ebcee98ad7dedd38d7be45b541349ffa,1401/03/31,178.0,165.0,8.0,4800000.0,4800000.0,0.0,854400000.0,1.0,1.0,,,,,,,,,,,,,,,,,
ebcee98ad7dedd38d7be45b541349ffa,1401/06/31,537.0,421.0,28.0,4800000.0,4800000.0,0.0,2577600000.0,1.0,1.0,,,,,,,,,,,,,,,,,
ebcee98ad7dedd38d7be45b541349ffa,1401/09/30,504.0,482.0,5.0,6000000.0,4800000.0,25.0,3024000000.0,1.0,1.0,,,,,,,,,,,,,,,,,
ebcee98ad7dedd38d7be45b541349ffa,1401/12/29,978.0,0.0,0.0,6000000.0,4800000.0,25.0,5868000000.0,1.0,1.0,,,,,,,,,,,,,,,,,
ebcee98ad7dedd38d7be45b541349ffa,1402/03/31,182.0,178.0,2.0,6000000.0,4800000.0,25.0,1092000000.0,1.0,1.0,,,,,,,,,,,,,,,,,
ebcee98ad7dedd38d7be45b541349ffa,1402/06/31,596.0,430.0,39.0,6000000.0,6000000.0,0.0,3576000000.0,1.0,1.0,,,,,,,,,,,,,,,,,
ebcee98ad7dedd38d7be45b541349ffa,1402/09/30,757.0,504.0,50.0,6000000.0,6000000.0,0.0,4542000000.0,1.0,1.0,,,,,,,,,,,,,,,,,
ebcee98ad7dedd38d7be45b541349ffa,1402/12/29,1000.0,0.0,0.0,8500000.0,6000000.0,42.0,8500000000.0,1.0,1.0,,,,,,,,,,,,,,,,,
ebcee98ad7dedd38d7be45b541349ffa,1403/03/31,124.0,128.0,-3.0,8500000.0,8500000.0,0.0,1054000000.0,1.0,1.0,,,,,,,,,,,,,,,,,
ebcee98ad7dedd38d7be45b541349ffa,1403/06/31,674.0,642.0,5.0,8500000.0,6000000.0,42.0,5729000000.0,1.0,1.0,,,,,,,,,,,,,,,,,
ebcee98ad7dedd38d7be45b541349ffa,1403/09/30,827.0,757.0,1000.0,8500000.0,6000000.0,8500000.0,7029500000.0,1.0,1.0,,,,,,,,,,,,,,,,,
ebcee98ad7dedd38d7be45b541349ffa,1403/12/30,1295.0,0.0,9997.0,10000000.0,0.0,850000.0,12950000000.0,1.0,1.0,,,,,,,,,,,,,,,,,
ebcee98ad7dedd38d7be45b541349ffa,1404/03/31,249.0,255.0,1295.0,10000000.0,6000000.0,10000000.0,2490000000.0,1.0,1.0,,,,,,,,,,,,,,,,,
ebcee98ad7dedd38d7be45b541349ffa,1404/06/31,913.0,674.0,1295.0,10000000.0,8500000.0,10000000.0,9130000000.0,1.0,1.0,,,,,,,,,,,,,,,,,
ebcee98ad7dedd38d7be45b541349ffa,1404/09/30,1144.0,827.0,1295.0,10000000.0,8500000.0,10000000.0,11440000000.0,1.0,1.0,,,,,,,,,,,,,,,,,
eccaf93842ab5f9e3d79fae98027bde1,1398/06/31,479.0,67.0,216.0,350000.0,350000.0,350000.0,167650000.0,1.0,1.0,,,,,,,,,,,,,,,,,
eccaf93842ab5f9e3d79fae98027bde1,1398/09/30,973.0,142.0,221.0,350000.0,350000.0,350000.0,340550000.0,1.0,1.0,,,,,,,,,,,,,,,,,
eccaf93842ab5f9e3d79fae98027bde1,1398/12/29,1459.0,0.0,216.0,350000.0,350000.0,350000.0,510650000.0,1.0,1.0,,,,,,,,,,,,,,,,,
eccaf93842ab5f9e3d79fae98027bde1,1399/03/31,502.0,129.0,1459.0,350000.0,350000.0,350000.0,175700000.0,1.0,1.0,,,,,,,,,,,,,,,,,
eccaf93842ab5f9e3d79fae98027bde1,1399/06/31,1182.0,480.0,1457.0,350000.0,350000.0,350000.0,413700000.0,1.0,1.0,,,,,,,,,,,,,,,,,
eccaf93842ab5f9e3d79fae98027bde1,1399/09/30,1852.0,973.0,1457.0,350000.0,350000.0,350000.0,648200000.0,1.0,1.0,,,,,,,,,,,,,,,,,
eccaf93842ab5f9e3d79fae98027bde1,1399/12/30,2762.0,0.0,1457.0,350000.0,350000.0,350000.0,966700000.0,1.0,1.0,,,,,,,,,,,,,,,,,
eccaf93842ab5f9e3d79fae98027bde1,1400/03/31,709.0,499.0,3129.0,350000.0,350000.0,350000.0,248150000.0,1.0,1.0,,,,,,,,,,,,,,,,,
eccaf93842ab5f9e3d79fae98027bde1,1400/06/31,1540.0,1186.0,3129.0,350000.0,350000.0,350000.0,539000000.0,1.0,1.0,,,,,,,,,,,,,,,,,
eccaf93842ab5f9e3d79fae98027bde1,1400/09/30,2501.0,1857.0,3129.0,350000.0,350000.0,350000.0,875350000.0,1.0,1.0,,,,,,,,,,,,,,,,,
eccaf93842ab5f9e3d79fae98027bde1,1400/12/29,3748.0,0.0,3129.0,350000.0,350000.0,350000.0,1311800000.0,1.0,1.0,,,,,,,,,,,,,,,,,
eccaf93842ab5f9e3d79fae98027bde1,1401/03/31,932.0,709.0,3748.0,350000.0,350000.0,350000.0,326200000.0,1.0,1.0,,,,,,,,,,,,,,,,,
eccaf93842ab5f9e3d79fae98027bde1,1401/06/31,2019.0,1495.0,3748.0,350000.0,350000.0,350000.0,706650000.0,1.0,1.0,,,,,,,,,,,,,,,,,
eccaf93842ab5f9e3d79fae98027bde1,1401/09/30,3558.0,2501.0,3748.0,350000.0,350000.0,350000.0,1245300000.0,1.0,1.0,,,,,,,,,,,,,,,,,
eccaf93842ab5f9e3d79fae98027bde1,1401/12/29,5662.0,0.0,3748.0,350000.0,350000.0,350000.0,1981700000.0,1.0,1.0,,,,,,,,,,,,,,,,,
eccaf93842ab5f9e3d79fae98027bde1,1402/03/31,1779.0,932.0,5662.0,350000.0,350000.0,350000.0,622650000.0,1.0,1.0,,,,,,,,,,,,,,,,,
eccaf93842ab5f9e3d79fae98027bde1,1402/06/31,4339.0,2019.0,5662.0,350000.0,350000.0,350000.0,1518650000.0,1.0,1.0,,,,,,,,,,,,,,,,,
eccaf93842ab5f9e3d79fae98027bde1,1402/09/30,7318.0,3558.0,5662.0,350000.0,350000.0,350000.0,2561300000.0,1.0,1.0,,,,,,,,,,,,,,,,,
eccaf93842ab5f9e3d79fae98027bde1,1402/12/29,9377.0,0.0,5662.0,350000.0,350000.0,350000.0,3281950000.0,1.0,1.0,,,,,,,,,,,,,,,,,
eccaf93842ab5f9e3d79fae98027bde1,1403/03/31,2059.0,1779.0,9377.0,350000.0,350000.0,350000.0,720650000.0,1.0,1.0,,,,,,,,,,,,,,,,,
eccaf93842ab5f9e3d79fae98027bde1,1403/06/31,4762.0,4339.0,9377.0,350000.0,350000.0,350000.0,1666700000.0,1.0,1.0,,,,,,,,,,,,,,,,,
eccaf93842ab5f9e3d79fae98027bde1,1403/09/30,7631.0,7318.0,9377.0,350000.0,350000.0,350000.0,2670850000.0,1.0,1.0,,,,,,,,,,,,,,,,,
eccaf93842ab5f9e3d79fae98027bde1,1403/12/30,4289.0,0.0,9377.0,860000.0,350000.0,350000.0,3688540000.0,1.0,1.0,,,,,,,,,,,,,,,,,
eccaf93842ab5f9e3d79fae98027bde1,1404/03/31,140.0,838.0,4289.0,860000.0,860000.0,860000.0,120400000.0,1.0,1.0,,,,,,,,,,,,,,,,,
eccaf93842ab5f9e3d79fae98027bde1,1404/06/31,426.0,1939.0,4289.0,860000.0,860000.0,860000.0,366360000.0,1.0,1.0,,,,,,,,,,,,,,,,,
eccaf93842ab5f9e3d79fae98027bde1,1404/09/30,795.0,3106.0,4289.0,860000.0,860000.0,860000.0,683700000.0,1.0,1.0,,,,,,,,,,,,,,,,,
eccaf93842ab5f9e3d79fae98027bde1,1404/12/29,0.0,0.0,0.0,913712.0,11.0,0.0,810980000.0,1.0,1.0,,,,,,,,,,,,,,,,,
eccaf93842ab5f9e3d79fae98027bde1,1405/03/31,665.0,140.0,943.0,860000.0,860000.0,860000.0,571900000.0,726129.0,203675.0,,,,,,,,,,,,,,,,,
efb86e9938a9c7351b51280587d898dc,1398/09/30,843.0,724.0,1336.0,8400000.0,8400000.0,8400000.0,7081200000.0,1.0,1.0,,,,,,,,,,,,,,,,,
efb86e9938a9c7351b51280587d898dc,1398/12/29,1362.0,0.0,1439.0,8400000.0,8400000.0,8400000.0,11440800000.0,1.0,1.0,,,,,,,,,,,,,,,,,
efb86e9938a9c7351b51280587d898dc,1399/03/31,244.0,307.0,1327.0,8400000.0,8400000.0,8400000.0,2049600000.0,1.0,1.0,,,,,,,,,,,,,,,,,
efb86e9938a9c7351b51280587d898dc,1399/06/31,541.0,570.0,1327.0,8400000.0,8400000.0,8400000.0,4544400000.0,1.0,1.0,,,,,,,,,,,,,,,,,
efb86e9938a9c7351b51280587d898dc,1399/09/30,784.0,843.0,1327.0,8400000.0,8400000.0,8400000.0,6585600000.0,1.0,1.0,,,,,,,,,,,,,,,,,
efb86e9938a9c7351b51280587d898dc,1399/12/30,1510.0,0.0,1362.0,8400000.0,8400000.0,8400000.0,12684000000.0,1.0,1.0,,,,,,,,,,,,,,,,,
efb86e9938a9c7351b51280587d898dc,1400/03/31,80.0,73.0,488.0,28000000.0,28000000.0,28000000.0,2240000000.0,1.0,1.0,,,,,,,,,,,,,,,,,
efb86e9938a9c7351b51280587d898dc,1400/06/31,128.0,162.0,488.0,36000000.0,28000000.0,28000000.0,4608000000.0,1.0,1.0,,,,,,,,,,,,,,,,,
efb86e9938a9c7351b51280587d898dc,1400/09/30,199.0,183.0,380.0,36000000.0,36000000.0,36000000.0,7164000000.0,1.0,1.0,,,,,,,,,,,,,,,,,
efb86e9938a9c7351b51280587d898dc,1400/12/29,336.0,0.0,359.0,36000000.0,28000000.0,36000000.0,12096000000.0,1.0,1.0,,,,,,,,,,,,,,,,,
efb86e9938a9c7351b51280587d898dc,1401/03/31,46.0,62.0,381.0,36000000.0,36000000.0,36000000.0,1656000000.0,1.0,1.0,,,,,,,,,,,,,,,,,
efb86e9938a9c7351b51280587d898dc,1401/06/31,145.0,128.0,381.0,36000000.0,36000000.0,36000000.0,5220000000.0,1.0,1.0,,,,,,,,,,,,,,,,,
efb86e9938a9c7351b51280587d898dc,1401/09/30,227.0,199.0,381.0,36000000.0,36000000.0,36000000.0,8172000000.0,1.0,1.0,,,,,,,,,,,,,,,,,
efb86e9938a9c7351b51280587d898dc,1401/12/29,353.0,0.0,381.0,36000000.0,36000000.0,36000000.0,12708000000.0,1.0,1.0,,,,,,,,,,,,,,,,,
efb86e9938a9c7351b51280587d898dc,1402/03/31,58.0,46.0,353.0,36000000.0,36000000.0,36000000.0,2088000000.0,1.0,1.0,,,,,,,,,,,,,,,,,
efb86e9938a9c7351b51280587d898dc,1402/06/31,170.0,145.0,353.0,36000000.0,36000000.0,36000000.0,6120000000.0,1.0,1.0,,,,,,,,,,,,,,,,,
efb86e9938a9c7351b51280587d898dc,1402/09/30,244.0,222.0,343.0,36000000.0,36000000.0,36000000.0,8784000000.0,1.0,1.0,,,,,,,,,,,,,,,,,
efb86e9938a9c7351b51280587d898dc,1402/12/29,371.0,0.0,363.0,36000000.0,0.0,36000000.0,13356000000.0,1.0,1.0,,,,,,,,,,,,,,,,,
efb86e9938a9c7351b51280587d898dc,1403/03/31,422.0,58.0,366.0,36000000.0,36000000.0,36000000.0,15192000000.0,1.0,1.0,,,,,,,,,,,,,,,,,
efb86e9938a9c7351b51280587d898dc,1403/06/31,484.0,154.0,366.0,36000000.0,36000000.0,36000000.0,17424000000.0,1.0,1.0,,,,,,,,,,,,,,,,,
efb86e9938a9c7351b51280587d898dc,1403/09/30,610.0,244.0,366.0,36000000.0,36000000.0,36000000.0,21960000000.0,1.0,1.0,,,,,,,,,,,,,,,,,
efb86e9938a9c7351b51280587d898dc,1403/12/30,0.0,0.0,0.0,36000000.0,0.0,36000000.0,0.0,1.0,1.0,,,,,,,,,,,,,,,,,
efb86e9938a9c7351b51280587d898dc,1404/03/31,83.0,422.0,746.0,36000000.0,36000000.0,36000000.0,2988000000.0,1.0,1.0,,,,,,,,,,,,,,,,,
efb86e9938a9c7351b51280587d898dc,1404/06/31,177.0,511.0,746.0,36000000.0,36000000.0,36000000.0,6372000000.0,1.0,1.0,,,,,,,,,,,,,,,,,
efb86e9938a9c7351b51280587d898dc,1404/09/30,315.0,610.0,746.0,36000000.0,36000000.0,36000000.0,11340000000.0,1.0,1.0,,,,,,,,,,,,,,,,,
efb86e9938a9c7351b51280587d898dc,1404/12/29,155.0,793.0,,60000000.0,36000000.0,,9300000000.0,11243920.0,13753896.0,,,,,,,,,,,,,,,,,
efb86e9938a9c7351b51280587d898dc,1405/03/31,55.0,50.0,149.0,60000000.0,60000000.0,60000000.0,3300000000.0,3091701.0,2614524.0,,,,,,,,,,,,,,,,,
efbd08e291c09108c086ad170e7026ef,1398/06/31,634.0,668.0,1272.0,48000000.0,36000000.0,36000000.0,30432000000.0,1.0,1.0,,,,,,,,,,,,,,,,,
efbd08e291c09108c086ad170e7026ef,1398/09/30,754.0,770.0,1216.0,48000000.0,36000000.0,36000000.0,36192000000.0,1.0,1.0,,,,,,,,,,,,,,,,,
efbd08e291c09108c086ad170e7026ef,1398/12/29,1457.0,0.0,1242.0,48000000.0,36000000.0,36000000.0,69936000000.0,1.0,1.0,,,,,,,,,,,,,,,,,
efbd08e291c09108c086ad170e7026ef,1399/03/31,331.0,286.0,1361.0,48000000.0,48000000.0,48000000.0,15888000000.0,1.0,1.0,,,,,,,,,,,,,,,,,
efbd08e291c09108c086ad170e7026ef,1399/06/31,911.0,619.0,1398.0,74400000.0,48000000.0,48000000.0,67778400000.0,1.0,1.0,,,,,,,,,,,,,,,,,
efbd08e291c09108c086ad170e7026ef,1399/09/30,1125.0,803.0,1361.0,74400000.0,48000000.0,48000000.0,83700000000.0,1.0,1.0,,,,,,,,,,,,,,,,,
efbd08e291c09108c086ad170e7026ef,1399/12/30,2651.0,0.0,1410.0,74400000.0,48000000.0,48000000.0,197234400000.0,1.0,1.0,,,,,,,,,,,,,,,,,
efbd08e291c09108c086ad170e7026ef,1400/03/31,1063.0,331.0,1903.0,74400000.0,48000000.0,74400000.0,79087200000.0,1.0,1.0,,,,,,,,,,,,,,,,,
efbd08e291c09108c086ad170e7026ef,1400/06/31,1541.0,911.0,2661.0,100000000.0,74400000.0,74400000.0,154100000000.0,1.0,1.0,,,,,,,,,,,,,,,,,
efbd08e291c09108c086ad170e7026ef,1400/09/30,1557.0,1077.0,1903.0,100000000.0,74400000.0,74400000.0,155700000000.0,1.0,1.0,,,,,,,,,,,,,,,,,
efbd08e291c09108c086ad170e7026ef,1400/12/29,2939.0,0.0,2661.0,100000000.0,74400000.0,74400000.0,293900000000.0,1.0,1.0,,,,,,,,,,,,,,,,,
efbd08e291c09108c086ad170e7026ef,1401/03/31,268.0,791.0,2085.0,100000000.0,100000000.0,100000000.0,26800000000.0,1.0,1.0,,,,,,,,,,,,,,,,,
efbd08e291c09108c086ad170e7026ef,1401/06/31,608.0,1541.0,2797.0,200000000.0,100000000.0,100000000.0,121600000000.0,1.0,1.0,,,,,,,,,,,,,,,,,
efbd08e291c09108c086ad170e7026ef,1401/09/30,330.0,1557.0,2085.0,200000000.0,100000000.0,100000000.0,66000000000.0,1.0,1.0,,,,,,,,,,,,,,,,,
efbd08e291c09108c086ad170e7026ef,1401/12/29,774.0,0.0,2797.0,281500000.0,100000000.0,100000000.0,217881000000.0,1.0,1.0,,,,,,,,,,,,,,,,,
efbd08e291c09108c086ad170e7026ef,1402/03/31,171.0,316.0,592.0,281500000.0,100000000.0,281500000.0,48136500000.0,1.0,1.0,,,,,,,,,,,,,,,,,
efbd08e291c09108c086ad170e7026ef,1402/06/31,146.0,132.0,592.0,281500000.0,281500000.0,281500000.0,41099000000.0,1.0,1.0,,,,,,,,,,,,,,,,,
efbd08e291c09108c086ad170e7026ef,1402/09/30,284.0,235.0,592.0,330000000.0,281500000.0,281500000.0,93720000000.0,1.0,1.0,,,,,,,,,,,,,,,,,
efbd08e291c09108c086ad170e7026ef,1402/12/29,765.0,0.0,867.0,380000000.0,281500000.0,281500000.0,290700000000.0,1.0,1.0,,,,,,,,,,,,,,,,,
efbd08e291c09108c086ad170e7026ef,1403/03/31,70.0,94.0,476.0,380000000.0,281500000.0,380000000.0,26600000000.0,1.0,1.0,,,,,,,,,,,,,,,,,
efbd08e291c09108c086ad170e7026ef,1403/06/31,119.0,119.0,476.0,430000000.0,380000000.0,380000000.0,51170000000.0,1.0,1.0,,,,,,,,,,,,,,,,,
efbd08e291c09108c086ad170e7026ef,1403/09/30,222.0,247.0,476.0,430000000.0,380000000.0,380000000.0,95460000000.0,1.0,1.0,,,,,,,,,,,,,,,,,
efbd08e291c09108c086ad170e7026ef,1403/12/30,657.0,0.0,765.0,459000000.0,380000000.0,380000000.0,301563000000.0,1.0,1.0,,,,,,,,,,,,,,,,,
efbd08e291c09108c086ad170e7026ef,1404/03/31,68.0,70.0,413.0,459000000.0,380000000.0,459000000.0,31212000000.0,1.0,1.0,,,,,,,,,,,,,,,,,
efbd08e291c09108c086ad170e7026ef,1404/06/31,134.0,116.0,413.0,555000000.0,459000000.0,459000000.0,74370000000.0,1.0,1.0,,,,,,,,,,,,,,,,,
efbd08e291c09108c086ad170e7026ef,1404/09/30,200.0,0.0,413.0,555000000.0,459000000.0,459000000.0,111000000000.0,-1.0,100.0,,,,,,,,,,,,,,,,,
efbd08e291c09108c086ad170e7026ef,1404/12/29,62.0,56.0,200.0,593000000.0,555000000.0,555000000.0,36766000000.0,-1.0,100.0,,,,,,,,,,,,,,,,,
efbd08e291c09108c086ad170e7026ef,1405/03/31,145.0,147.0,276.0,593000000.0,555000000.0,555000000.0,85985000000.0,96114610.0,110309104.0,184457367.0,677875727.0,609818928.0,958872945.0,-26924551.0,38185180.0,86045403.0,81340582.0,153304023.0,147668270.0,64694669.0,148611717.0,2096198346.0,990229095.0,1339506014.0,1235349253.0,756692332.0
f014eb1a1c5399dfedbc5d53791ad9ac,1399/03/31,5147.0,3439.0,3918.0,6000000.0,6000000.0,6000000.0,30882000000.0,1.0,1.0,,,,,,,,,,,,,,,,,
f014eb1a1c5399dfedbc5d53791ad9ac,1399/06/31,9581.0,0.0,3918.0,6000000.0,6000000.0,6000000.0,57486000000.0,1.0,1.0,,,,,,,,,,,,,,,,,
f014eb1a1c5399dfedbc5d53791ad9ac,1399/09/30,4804.0,986.0,9581.0,6000000.0,6000000.0,6000000.0,28824000000.0,1.0,1.0,,,,,,,,,,,,,,,,,
f014eb1a1c5399dfedbc5d53791ad9ac,1399/12/30,9387.0,3306.0,9581.0,6000000.0,6000000.0,6000000.0,56322000000.0,1.0,1.0,,,,,,,,,,,,,,,,,
f014eb1a1c5399dfedbc5d53791ad9ac,1400/03/31,14222.0,5147.0,9581.0,6000000.0,6000000.0,6000000.0,85332000000.0,1.0,1.0,,,,,,,,,,,,,,,,,
f014eb1a1c5399dfedbc5d53791ad9ac,1400/06/31,21314.0,0.0,9581.0,6000000.0,6000000.0,6000000.0,127884000000.0,1.0,1.0,,,,,,,,,,,,,,,,,
f014eb1a1c5399dfedbc5d53791ad9ac,1400/09/30,9385.0,4804.0,21353.0,6000000.0,6000000.0,6000000.0,56310000000.0,1.0,1.0,,,,,,,,,,,,,,,,,
f014eb1a1c5399dfedbc5d53791ad9ac,1400/12/29,16486.0,9306.0,21353.0,6000000.0,6000000.0,6000000.0,98916000000.0,1.0,1.0,,,,,,,,,,,,,,,,,
f014eb1a1c5399dfedbc5d53791ad9ac,1401/03/31,30464.0,14222.0,21353.0,6000000.0,6000000.0,6000000.0,182784000000.0,1.0,1.0,,,,,,,,,,,,,,,,,
f014eb1a1c5399dfedbc5d53791ad9ac,1401/06/31,42744.0,0.0,21353.0,6000000.0,6000000.0,6000000.0,256464000000.0,1.0,1.0,,,,,,,,,,,,,,,,,
f014eb1a1c5399dfedbc5d53791ad9ac,1401/09/30,13003.0,9385.0,42638.0,6000000.0,6000000.0,6000000.0,78018000000.0,1.0,1.0,,,,,,,,,,,,,,,,,
f014eb1a1c5399dfedbc5d53791ad9ac,1401/12/29,17839.0,16023.0,42638.0,6000000.0,6000000.0,6000000.0,107034000000.0,1.0,1.0,,,,,,,,,,,,,,,,,
f014eb1a1c5399dfedbc5d53791ad9ac,1402/03/31,26470.0,30464.0,42638.0,6000000.0,6000000.0,6000000.0,158820000000.0,1.0,1.0,,,,,,,,,,,,,,,,,
f014eb1a1c5399dfedbc5d53791ad9ac,1402/06/31,35254.0,0.0,42638.0,6000000.0,6000000.0,6000000.0,211524000000.0,1.0,1.0,,,,,,,,,,,,,,,,,
f014eb1a1c5399dfedbc5d53791ad9ac,1402/09/30,8344.0,13003.0,36630.0,6000000.0,6000000.0,6000000.0,50064000000.0,1.0,1.0,,,,,,,,,,,,,,,,,
f014eb1a1c5399dfedbc5d53791ad9ac,1402/12/29,14964.0,18885.0,36630.0,6000000.0,6000000.0,6000000.0,89784000000.0,1.0,1.0,,,,,,,,,,,,,,,,,
f014eb1a1c5399dfedbc5d53791ad9ac,1403/03/31,23703.0,26470.0,36630.0,6000000.0,6000000.0,6000000.0,142218000000.0,1.0,1.0,,,,,,,,,,,,,,,,,
f014eb1a1c5399dfedbc5d53791ad9ac,1403/06/31,32125.0,0.0,41625.0,6000000.0,6000000.0,6000000.0,192750000000.0,1.0,1.0,,,,,,,,,,,,,,,,,
f014eb1a1c5399dfedbc5d53791ad9ac,1403/09/30,11663.0,8344.0,32159.0,6000000.0,6000000.0,6000000.0,69978000000.0,1.0,1.0,,,,,,,,,,,,,,,,,
f014eb1a1c5399dfedbc5d53791ad9ac,1403/12/30,17343.0,14972.0,32159.0,6000000.0,6000000.0,6000000.0,104058000000.0,1.0,1.0,,,,,,,,,,,,,,,,,
f014eb1a1c5399dfedbc5d53791ad9ac,1404/03/31,26532.0,22623.0,32159.0,6000000.0,6000000.0,6000000.0,159192000000.0,1.0,1.0,,,,,,,,,,,,,,,,,
f014eb1a1c5399dfedbc5d53791ad9ac,1404/06/30,0.0,0.0,0.0,59220867.0,43372879.0,37.0,296076000000.0,1.0,1.0,,,,,,,,,,,,,,,,,
f014eb1a1c5399dfedbc5d53791ad9ac,1404/09/30,23350.0,0.0,11663.0,6000000.0,0.0,6000000.0,140100000000.0,14.297603854389722,100.0,,,,,,,,,,,,,,,,,
f014eb1a1c5399dfedbc5d53791ad9ac,1404/12/29,3409.0,1825.0,3918.0,6000000.0,6000000.0,6000000.0,251136000000.0,1.0,1.0,,,,,,,,,,,,,,,,,
f014eb1a1c5399dfedbc5d53791ad9ac,1405/03/31,1291.0,26532.0,49401.0,233572772.0,6000000.0,6000000.0,301542448652.0,313333322.0,169054431.0,300038021.0,660734280.0,383436648.0,600474556.0,-14371019.0,60319661.0,301556831.0,159190217.0,296405990.0,149238003.0,87733793.0,128188871.0,1001381986.0,630691502.0,445879624.0,419552591.0,555502362.0
f08b706dfe1ab6bc864806ce40729675,1398/12/29,637.0,484.0,,241200.0,200000.0,,153644400.0,128199.0,85191.0,,,,,,,,,,,,,,,,,
f08b706dfe1ab6bc864806ce40729675,1399/12/30,0.0,0.0,,0.0,0.0,,0.0,186833.0,128200.0,,,,,,,,,,,,,,,,,
f08b706dfe1ab6bc864806ce40729675,1400/12/29,0.0,0.0,,0.0,0.0,,0.0,358605.0,186834.0,,,,,,,,,,,,,,,,,
f08b706dfe1ab6bc864806ce40729675,1401/06/31,815.0,395.0,844.0,500000.0,500000.0,500000.0,407500000.0,345123.0,167781.0,,,,,,,,,,,,,,,,,
f08b706dfe1ab6bc864806ce40729675,1401/12/29,1721.0,844.0,,500000.0,500000.0,,860500000.0,486877.0,358605.0,,,,,,,,,,,,,,,,,
f08b706dfe1ab6bc864806ce40729675,1402/06/31,1609.0,815.0,1721.0,500000.0,500000.0,500000.0,804500000.0,671212.0,345123.0,,,,,,,,,,,,,,,,,
f08b706dfe1ab6bc864806ce40729675,1402/09/30,2533.0,994.0,1721.0,500000.0,500000.0,500000.0,1266500000.0,988852.0,414247.0,,,,,,,,,,,,,,,,,
f08b706dfe1ab6bc864806ce40729675,1402/12/29,3269.0,1721.0,,500000.0,500000.0,,1634500000.0,1254114.0,486877.0,,,,,,,,,,,,,,,,,
f08b706dfe1ab6bc864806ce40729675,1403/03/31,438.0,527.0,3269.0,500000.0,500000.0,500000.0,219000000.0,167900.0,203860.0,,,,,,,,,,,,,,,,,
f08b706dfe1ab6bc864806ce40729675,1403/06/31,1160.0,1609.0,3269.0,500000.0,500000.0,500000.0,580000000.0,468990.0,671212.0,,,,,,,,,,,,,,,,,
f08b706dfe1ab6bc864806ce40729675,1403/09/30,1682.0,2533.0,3269.0,500000.0,500000.0,500000.0,841000000.0,639166.0,988852.0,,,,,,,,,,,,,,,,,
f08b706dfe1ab6bc864806ce40729675,1403/12/30,2392.0,3269.0,,500000.0,500000.0,,1196000000.0,904662.0,1254114.0,,,,,,,,,,,,,,,,,
f08b706dfe1ab6bc864806ce40729675,1404/03/31,543.0,438.0,2392.0,500000.0,500000.0,500000.0,271500000.0,215563.0,167900.0,,,,,,,,,,,,,,,,,
f08b706dfe1ab6bc864806ce40729675,1404/06/31,2140.0,1160.0,2392.0,500000.0,500000.0,500000.0,1070000000.0,987980.0,468990.0,,,,,,,,,,,,,,,,,
f08b706dfe1ab6bc864806ce40729675,1404/09/30,3960.0,1682.0,2392.0,500000.0,500000.0,500000.0,1980000000.0,1736205.0,639166.0,,,,,,,,,,,,,,,,,
f08b706dfe1ab6bc864806ce40729675,1404/12/29,5878.0,2392.0,,500000.0,500000.0,,2939000000.0,2296885.0,904662.0,,,,,,,,,,,,,,,,,
f08b706dfe1ab6bc864806ce40729675,1405/03/31,972.0,543.0,5878.0,500000.0,500000.0,500000.0,486000000.0,274958.0,215563.0,,,,,,,,,,,,,,,,,
f165f6d8af88d6563894b42f26df2b45,1398/06/31,0.0,0.0,0.0,5148142.0,9.0,0.0,0.0,1.0,1.0,,,,,,,,,,,,,,,,,
f165f6d8af88d6563894b42f26df2b45,1398/09/30,1681.0,1754.0,2147.0,500000.0,500000.0,500000.0,840500000.0,1.0,1.0,,,,,,,,,,,,,,,,,
f165f6d8af88d6563894b42f26df2b45,1398/12/29,2824.0,0.0,2147.0,500000.0,500000.0,500000.0,1412000000.0,1.0,1.0,,,,,,,,,,,,,,,,,
f165f6d8af88d6563894b42f26df2b45,1399/03/31,802.0,582.0,2824.0,500000.0,500000.0,500000.0,401000000.0,1.0,1.0,,,,,,,,,,,,,,,,,
f165f6d8af88d6563894b42f26df2b45,1399/06/31,2523.0,1040.0,3065.0,500000.0,500000.0,500000.0,1261500000.0,1.0,1.0,,,,,,,,,,,,,,,,,
f165f6d8af88d6563894b42f26df2b45,1399/09/30,4473.0,1681.0,3065.0,500000.0,500000.0,500000.0,2236500000.0,1.0,1.0,,,,,,,,,,,,,,,,,
f165f6d8af88d6563894b42f26df2b45,1399/12/30,6636.0,0.0,3065.0,500000.0,500000.0,500000.0,3318000000.0,1.0,1.0,,,,,,,,,,,,,,,,,
f165f6d8af88d6563894b42f26df2b45,1400/03/31,1081.0,802.0,6636.0,500000.0,500000.0,500000.0,540500000.0,1.0,1.0,,,,,,,,,,,,,,,,,
f165f6d8af88d6563894b42f26df2b45,1400/06/31,2830.0,2710.0,6636.0,500000.0,500000.0,500000.0,1415000000.0,1.0,1.0,,,,,,,,,,,,,,,,,
f165f6d8af88d6563894b42f26df2b45,1400/09/30,4629.0,4473.0,6636.0,500000.0,500000.0,500000.0,2314500000.0,1.0,1.0,,,,,,,,,,,,,,,,,
f165f6d8af88d6563894b42f26df2b45,1400/12/29,5788.0,0.0,6636.0,500000.0,500000.0,500000.0,2894000000.0,1.0,1.0,,,,,,,,,,,,,,,,,
f165f6d8af88d6563894b42f26df2b45,1401/03/31,1517.0,1081.0,5526.0,500000.0,500000.0,500000.0,758500000.0,1.0,1.0,,,,,,,,,,,,,,,,,
f165f6d8af88d6563894b42f26df2b45,1401/06/31,3830.0,3327.0,5526.0,500000.0,500000.0,500000.0,1915000000.0,1.0,1.0,,,,,,,,,,,,,,,,,
f165f6d8af88d6563894b42f26df2b45,1401/09/30,1211.0,4629.0,5526.0,2495118.0,500000.0,500000.0,3021587898.0,1.0,1.0,,,,,,,,,,,,,,,,,
f165f6d8af88d6563894b42f26df2b45,1401/12/29,2013.0,0.0,1107.0,2495118.0,500000.0,2495118.0,5022672534.0,1.0,1.0,,,,,,,,,,,,,,,,,
f165f6d8af88d6563894b42f26df2b45,1402/03/31,606.0,304.0,1906.0,2495118.0,2495118.0,2495118.0,1512041508.0,1.0,1.0,,,,,,,,,,,,,,,,,
f165f6d8af88d6563894b42f26df2b45,1402/06/31,2377.0,818.0,1906.0,2495118.0,2495118.0,2495118.0,5930895486.0,1.0,1.0,,,,,,,,,,,,,,,,,
f165f6d8af88d6563894b42f26df2b45,1402/09/30,4098.0,1211.0,1906.0,2495118.0,2495118.0,2495118.0,10224993564.0,1.0,1.0,,,,,,,,,,,,,,,,,
f165f6d8af88d6563894b42f26df2b45,1402/12/29,5598.0,0.0,1906.0,2495118.0,0.0,2495118.0,13967670564.0,1.0,1.0,,,,,,,,,,,,,,,,,
f165f6d8af88d6563894b42f26df2b45,1403/03/31,606.0,5923.0,0.0,2495118.0,2495118.0,0.0,1512041508.0,1.0,1.0,,,,,,,,,,,,,,,,,
f165f6d8af88d6563894b42f26df2b45,1403/06/31,6293.0,2397.0,5923.0,2495118.0,2495118.0,2495118.0,15701777574.0,1.0,1.0,,,,,,,,,,,,,,,,,
f165f6d8af88d6563894b42f26df2b45,1403/09/30,8252.0,4098.0,5923.0,2495118.0,2495118.0,2495118.0,20589713736.0,1.0,1.0,,,,,,,,,,,,,,,,,
f165f6d8af88d6563894b42f26df2b45,1403/12/30,2827.0,0.0,1643.0,8995118.0,0.0,8995118.0,25429198586.0,1.0,1.0,,,,,,,,,,,,,,,,,
f165f6d8af88d6563894b42f26df2b45,1404/03/31,634.0,2674.0,2823.0,8995118.0,2495118.0,8995118.0,5702904812.0,1.0,1.0,,,,,,,,,,,,,,,,,
f165f6d8af88d6563894b42f26df2b45,1404/06/31,1455.0,1541.0,2823.0,8995118.0,8995118.0,8995118.0,13087896690.0,1.0,1.0,,,,,,,,,,,,,,,,,
f165f6d8af88d6563894b42f26df2b45,1404/09/30,2069.0,2289.0,2823.0,8995118.0,8995118.0,8995118.0,18610899142.0,1.0,1.0,,,,,,,,,,,,,,,,,
f165f6d8af88d6563894b42f26df2b45,1404/12/29,2582.0,0.0,2823.0,8995118.0,0.0,8995118.0,23225394676.0,2134.0,448.0,,,,,,,,,,,,,,,,,
f165f6d8af88d6563894b42f26df2b45,1405/03/31,512.0,634.0,2580.0,8995118.0,8995118.0,8995118.0,4605500416.0,6213579.0,7822452.0,,,,,,,,,,,,,,,,,
f204dcb930e5f3c8891436b434ca7ef8,1398/09/30,1113.0,681.0,863.0,1300000.0,1300000.0,1300000.0,1446900000.0,1.0,1.0,,,,,,,,,,,,,,,,,
f204dcb930e5f3c8891436b434ca7ef8,1398/12/29,1867.0,0.0,863.0,1300000.0,1300000.0,1300000.0,2427100000.0,1.0,1.0,,,,,,,,,,,,,,,,,
f204dcb930e5f3c8891436b434ca7ef8,1399/03/31,634.0,269.0,1763.0,1300000.0,1300000.0,1300000.0,824200000.0,1.0,1.0,,,,,,,,,,,,,,,,,
f204dcb930e5f3c8891436b434ca7ef8,1399/06/31,2240.0,672.0,1763.0,1300000.0,1300000.0,1300000.0,2912000000.0,1.0,1.0,,,,,,,,,,,,,,,,,
f204dcb930e5f3c8891436b434ca7ef8,1399/09/30,5401.0,1113.0,1763.0,1300000.0,1300000.0,1300000.0,7021300000.0,1.0,1.0,,,,,,,,,,,,,,,,,
f204dcb930e5f3c8891436b434ca7ef8,1399/12/30,10015.0,0.0,1763.0,1300000.0,1300000.0,1300000.0,13019500000.0,1.0,1.0,,,,,,,,,,,,,,,,,
f204dcb930e5f3c8891436b434ca7ef8,1400/03/31,3377.0,634.0,10197.0,1300000.0,1300000.0,1300000.0,4390100000.0,1.0,1.0,,,,,,,,,,,,,,,,,
f204dcb930e5f3c8891436b434ca7ef8,1400/06/31,6786.0,2216.0,10197.0,1300000.0,1300000.0,1300000.0,8821800000.0,1.0,1.0,,,,,,,,,,,,,,,,,
f204dcb930e5f3c8891436b434ca7ef8,1400/09/30,10720.0,5401.0,10197.0,1300000.0,1300000.0,1300000.0,13936000000.0,1.0,1.0,,,,,,,,,,,,,,,,,
f204dcb930e5f3c8891436b434ca7ef8,1400/12/29,14244.0,0.0,10197.0,1300000.0,1300000.0,1300000.0,18517200000.0,1.0,1.0,,,,,,,,,,,,,,,,,
f204dcb930e5f3c8891436b434ca7ef8,1401/03/31,3816.0,3377.0,15189.0,1300000.0,1300000.0,1300000.0,4960800000.0,1.0,1.0,,,,,,,,,,,,,,,,,
f204dcb930e5f3c8891436b434ca7ef8,1401/06/31,4812.0,6822.0,15189.0,1300000.0,1300000.0,1300000.0,6255600000.0,1.0,1.0,,,,,,,,,,,,,,,,,
f204dcb930e5f3c8891436b434ca7ef8,1401/09/30,7726.0,10720.0,15189.0,1300000.0,1300000.0,1300000.0,10043800000.0,1.0,1.0,,,,,,,,,,,,,,,,,
f204dcb930e5f3c8891436b434ca7ef8,1401/12/29,10919.0,0.0,12502.0,1300000.0,1300000.0,1300000.0,14194700000.0,1.0,1.0,,,,,,,,,,,,,,,,,
f204dcb930e5f3c8891436b434ca7ef8,1402/03/31,3164.0,3306.0,10957.0,1300000.0,1300000.0,1300000.0,4113200000.0,1.0,1.0,,,,,,,,,,,,,,,,,
f204dcb930e5f3c8891436b434ca7ef8,1402/06/31,6480.0,4626.0,10957.0,1300000.0,1300000.0,1300000.0,8424000000.0,1.0,1.0,,,,,,,,,,,,,,,,,
f204dcb930e5f3c8891436b434ca7ef8,1402/09/30,8755.0,7732.0,10957.0,1300000.0,1300000.0,1300000.0,11381500000.0,1.0,1.0,,,,,,,,,,,,,,,,,
f204dcb930e5f3c8891436b434ca7ef8,1402/12/29,6634.0,0.0,10957.0,1300000.0,1300000.0,1300000.0,8624200000.0,1.0,1.0,,,,,,,,,,,,,,,,,
f204dcb930e5f3c8891436b434ca7ef8,1403/03/31,2352.0,3164.0,7765.0,1300000.0,1300000.0,1300000.0,3057600000.0,1.0,1.0,,,,,,,,,,,,,,,,,
f204dcb930e5f3c8891436b434ca7ef8,1403/06/31,3491.0,6161.0,7771.0,1300000.0,1300000.0,1300000.0,4538300000.0,1.0,1.0,,,,,,,,,,,,,,,,,
f204dcb930e5f3c8891436b434ca7ef8,1403/09/30,3857.0,8755.0,7765.0,1300000.0,1300000.0,1300000.0,5014100000.0,1.0,1.0,,,,,,,,,,,,,,,,,
f204dcb930e5f3c8891436b434ca7ef8,1403/12/30,2152.0,0.0,7569.0,1300000.0,1300000.0,1300000.0,2797600000.0,1.0,1.0,,,,,,,,,,,,,,,,,
f204dcb930e5f3c8891436b434ca7ef8,1404/03/31,974.0,2352.0,2152.0,1300000.0,1300000.0,1300000.0,1266200000.0,1.0,1.0,,,,,,,,,,,,,,,,,
f204dcb930e5f3c8891436b434ca7ef8,1404/06/31,794.0,3371.0,1661.0,1300000.0,1300000.0,1300000.0,1032200000.0,1.0,1.0,,,,,,,,,,,,,,,,,
f204dcb930e5f3c8891436b434ca7ef8,1404/09/30,2473.0,3857.0,1661.0,1300000.0,1300000.0,1300000.0,3214900000.0,1.0,1.0,,,,,,,,,,,,,,,,,
f204dcb930e5f3c8891436b434ca7ef8,1404/12/29,656.0,194.0,914.0,1300000.0,1300000.0,1300000.0,6615700000.0,1.0,1.0,,,,,,,,,,,,,,,,,
f204dcb930e5f3c8891436b434ca7ef8,1405/03/31,8269.0,974.0,4978.0,1300000.0,1300000.0,1300000.0,10749700000.0,12734060.0,957074.0,2889076.0,32744405.0,14505542.0,77630733.0,-94521.0,420060.0,10750263.0,1266611.0,6471175.0,4854980.0,887646.0,10194775.0,54676085.0,31867358.0,34663630.0,29218870.0,20012455.0
f26e919a7e723cb5fb35be3a34b11035,1398/06/31,1464.0,335.0,1437.0,202400.0,202400.0,202400.0,296313600.0,1.0,1.0,,,,,,,,,,,,,,,,,
f26e919a7e723cb5fb35be3a34b11035,1398/09/30,2114.0,738.0,1435.0,202400.0,202400.0,202400.0,427873600.0,1.0,1.0,,,,,,,,,,,,,,,,,
f26e919a7e723cb5fb35be3a34b11035,1398/12/29,3040.0,0.0,1437.0,202400.0,202400.0,202400.0,615296000.0,1.0,1.0,,,,,,,,,,,,,,,,,
f26e919a7e723cb5fb35be3a34b11035,1399/03/31,743.0,705.0,3040.0,202400.0,202400.0,202400.0,150383200.0,1.0,1.0,,,,,,,,,,,,,,,,,
f26e919a7e723cb5fb35be3a34b11035,1399/06/31,3055.0,1457.0,3040.0,202400.0,202400.0,202400.0,618332000.0,1.0,1.0,,,,,,,,,,,,,,,,,
f26e919a7e723cb5fb35be3a34b11035,1399/09/30,4904.0,2114.0,3040.0,202400.0,202400.0,202400.0,992569600.0,1.0,1.0,,,,,,,,,,,,,,,,,
f26e919a7e723cb5fb35be3a34b11035,1399/12/30,6518.0,0.0,3040.0,202400.0,202400.0,202400.0,1319243200.0,1.0,1.0,,,,,,,,,,,,,,,,,
f26e919a7e723cb5fb35be3a34b11035,1400/03/31,1771.0,743.0,6519.0,202400.0,202400.0,202400.0,358450400.0,1.0,1.0,,,,,,,,,,,,,,,,,
f26e919a7e723cb5fb35be3a34b11035,1400/06/31,4267.0,3052.0,6519.0,202400.0,202400.0,202400.0,863640800.0,1.0,1.0,,,,,,,,,,,,,,,,,
f26e919a7e723cb5fb35be3a34b11035,1400/09/30,997.0,4904.0,6519.0,1480000.0,202400.0,202400.0,1475560000.0,1.0,1.0,,,,,,,,,,,,,,,,,
f26e919a7e723cb5fb35be3a34b11035,1400/12/29,1478.0,0.0,891.0,1480000.0,202400.0,1480000.0,2187440000.0,1.0,1.0,,,,,,,,,,,,,,,,,
f26e919a7e723cb5fb35be3a34b11035,1401/03/31,328.0,242.0,1439.0,1480000.0,1480000.0,1480000.0,485440000.0,1.0,1.0,,,,,,,,,,,,,,,,,
f26e919a7e723cb5fb35be3a34b11035,1401/06/31,565.0,599.0,1439.0,1480000.0,1480000.0,1480000.0,836200000.0,1.0,1.0,,,,,,,,,,,,,,,,,
f26e919a7e723cb5fb35be3a34b11035,1401/09/30,788.0,997.0,1439.0,1480000.0,1480000.0,1480000.0,1166240000.0,1.0,1.0,,,,,,,,,,,,,,,,,
f26e919a7e723cb5fb35be3a34b11035,1401/12/29,1178.0,0.0,1441.0,1480000.0,1480000.0,1480000.0,1743440000.0,1.0,1.0,,,,,,,,,,,,,,,,,
f26e919a7e723cb5fb35be3a34b11035,1402/03/31,480.0,317.0,1138.0,1480000.0,1480000.0,1480000.0,710400000.0,1.0,1.0,,,,,,,,,,,,,,,,,
f26e919a7e723cb5fb35be3a34b11035,1402/06/31,738.0,479.0,1139.0,1480000.0,1480000.0,1480000.0,1092240000.0,1.0,1.0,,,,,,,,,,,,,,,,,
f26e919a7e723cb5fb35be3a34b11035,1402/09/30,1126.0,772.0,1138.0,1480000.0,1480000.0,1480000.0,1666480000.0,1.0,1.0,,,,,,,,,,,,,,,,,
f26e919a7e723cb5fb35be3a34b11035,1402/12/29,716.0,0.0,1134.0,3000000.0,1480000.0,1480000.0,2148000000.0,1.0,1.0,,,,,,,,,,,,,,,,,
f26e919a7e723cb5fb35be3a34b11035,1403/03/31,188.0,237.0,713.0,3000000.0,3000000.0,3000000.0,564000000.0,1.0,1.0,,,,,,,,,,,,,,,,,
f26e919a7e723cb5fb35be3a34b11035,1403/06/31,301.0,359.0,713.0,3000000.0,3000000.0,3000000.0,903000000.0,1.0,1.0,,,,,,,,,,,,,,,,,
f26e919a7e723cb5fb35be3a34b11035,1403/09/30,441.0,556.0,713.0,3000000.0,3000000.0,3000000.0,1323000000.0,1.0,1.0,,,,,,,,,,,,,,,,,
f26e919a7e723cb5fb35be3a34b11035,1403/12/30,478.0,0.0,533.0,3750000.0,3000000.0,3750000.0,1792500000.0,1.0,1.0,,,,,,,,,,,,,,,,,
f26e919a7e723cb5fb35be3a34b11035,1404/03/31,255.0,151.0,446.0,3750000.0,3750000.0,3750000.0,956250000.0,1.0,1.0,,,,,,,,,,,,,,,,,
f26e919a7e723cb5fb35be3a34b11035,1404/06/31,469.0,234.0,446.0,3750000.0,3750000.0,3750000.0,1758750000.0,1.0,1.0,,,,,,,,,,,,,,,,,
f26e919a7e723cb5fb35be3a34b11035,1404/09/30,752.0,352.0,446.0,3750000.0,3750000.0,3750000.0,2820000000.0,1.0,1.0,,,,,,,,,,,,,,,,,
f26e919a7e723cb5fb35be3a34b11035,1404/12/29,1048.0,366.0,,4500000.0,4500000.0,,4716000000.0,4155525.0,2186435.0,,,,,,,,,,,,,,,,,
f26e919a7e723cb5fb35be3a34b11035,1405/03/31,466.0,213.0,1063.0,4500000.0,4500000.0,4500000.0,2097000000.0,2201955.0,424037.0,4261912.0,4571500.0,1362305.0,10058878.0,-80234.0,402139.0,2098422.0,956612.0,4783548.0,995845.0,23364.0,2672862.0,17464106.0,8078044.0,5895985.0,5781637.0,11568121.0
f29a3223edeee237a7b7664f7bb172ff,1400/06/31,839.0,967.0,3072.0,207042862.0,207042862.0,207042862.0,173708961218.0,1.0,1.0,,,,,,,,,,,,,,,,,
f29a3223edeee237a7b7664f7bb172ff,1400/09/30,229.0,419.0,609.0,207042862.0,207042862.0,207042862.0,47412815398.0,1.0,1.0,,,,,,,,,,,,,,,,,
f29a3223edeee237a7b7664f7bb172ff,1400/12/29,761.0,0.0,458.0,207042862.0,207042862.0,207042862.0,157559617982.0,1.0,1.0,,,,,,,,,,,,,,,,,
f29a3223edeee237a7b7664f7bb172ff,1401/03/31,426.0,101.0,761.0,207042862.0,207042862.0,207042862.0,88200259212.0,1.0,1.0,,,,,,,,,,,,,,,,,
f29a3223edeee237a7b7664f7bb172ff,1401/06/31,483.0,124.0,617.0,262042862.0,262042862.0,262042862.0,126566702346.0,1.0,1.0,,,,,,,,,,,,,,,,,
f29a3223edeee237a7b7664f7bb172ff,1401/09/30,707.0,226.0,719.0,262042862.0,262042862.0,262042862.0,185264303434.0,1.0,1.0,,,,,,,,,,,,,,,,,
f29a3223edeee237a7b7664f7bb172ff,1401/12/29,1309.0,0.0,579.0,353000000.0,207042862.0,353000000.0,462077000000.0,1.0,1.0,,,,,,,,,,,,,,,,,
f29a3223edeee237a7b7664f7bb172ff,1402/03/31,258.0,83.0,1309.0,353000000.0,353000000.0,353000000.0,91074000000.0,1.0,1.0,,,,,,,,,,,,,,,,,
f29a3223edeee237a7b7664f7bb172ff,1402/06/31,590.0,216.0,1309.0,353000000.0,353000000.0,353000000.0,208270000000.0,1.0,1.0,,,,,,,,,,,,,,,,,
f29a3223edeee237a7b7664f7bb172ff,1402/09/30,867.0,397.0,1308.0,353000000.0,353000000.0,353000000.0,306051000000.0,1.0,1.0,,,,,,,,,,,,,,,,,
f29a3223edeee237a7b7664f7bb172ff,1402/12/29,830.0,0.0,667.0,710000000.0,353000000.0,353000000.0,589300000000.0,1.0,1.0,,,,,,,,,,,,,,,,,
f29a3223edeee237a7b7664f7bb172ff,1403/03/31,142.0,103.0,1416.0,710000000.0,710000000.0,710000000.0,100820000000.0,1.0,1.0,,,,,,,,,,,,,,,,,
f29a3223edeee237a7b7664f7bb172ff,1403/06/31,296.0,224.0,1416.0,710000000.0,710000000.0,710000000.0,210160000000.0,1.0,1.0,,,,,,,,,,,,,,,,,
f29a3223edeee237a7b7664f7bb172ff,1403/09/30,1030.0,431.0,1416.0,710000000.0,710000000.0,710000000.0,731300000000.0,1.0,1.0,,,,,,,,,,,,,,,,,
f29a3223edeee237a7b7664f7bb172ff,1403/12/30,1732.0,790.0,0.0,1210000000.0,1210000000.0,710000000.0,2095720000000.0,1.0,1.0,,,,,,,,,,,,,,,,,
f29a3223edeee237a7b7664f7bb172ff,1404/03/31,108.0,83.0,0.0,1210000000.0,1210000000.0,1210000000.0,130680000000.0,1.0,1.0,,,,,,,,,,,,,,,,,
f29a3223edeee237a7b7664f7bb172ff,1404/06/31,362.0,261.0,0.0,2378440545.0,2378440545.0,1210000000.0,860995477290.0,1.0,1.0,,,,,,,,,,,,,,,,,
f29a3223edeee237a7b7664f7bb172ff,1404/09/30,354.0,284.0,0.0,2378440545.0,2378440545.0,1210000000.0,841967952930.0,402.0,-48.0,,,,,,,,,,,,,,,,,
f29a3223edeee237a7b7664f7bb172ff,1404/12/29,771.0,406.0,0.0,3382000000.0,3382000000.0,1210000000.0,2607522000000.0,816.0,-45.0,,,,,,,,,,,,,,,,,
f29a3223edeee237a7b7664f7bb172ff,1405/03/31,114.0,28.0,,3382000000.0,3382000000.0,,385548000000.0,475939650.0,152933870.0,,,,,,,,,,,,,,,,,
f785e696c04d1a51b6e88f62deefacb3,1398/06/31,715.0,394.0,1014.0,5197831.0,5197831.0,5197831.0,3716449165.0,4020261.0,1275754.0,,,,,,,,,,,,,,,,,
f785e696c04d1a51b6e88f62deefacb3,1398/09/30,795.0,604.0,1014.0,5197831.0,5197831.0,5197831.0,4132275645.0,5227404.0,2849928.0,,,,,,,,,,,,,,,,,
f785e696c04d1a51b6e88f62deefacb3,1398/12/29,1037.0,1014.0,,5197831.0,5197831.0,,5390150747.0,6963894.0,5290463.0,,,,,,,,,,,,,,,,,
f785e696c04d1a51b6e88f62deefacb3,1399/03/31,160.0,260.0,1037.0,5197831.0,5197831.0,5197831.0,831652960.0,1106540.0,1697843.0,,,,,,,,,,,,,,,,,
f785e696c04d1a51b6e88f62deefacb3,1399/06/31,1360.0,715.0,1037.0,5197831.0,5197831.0,5197831.0,7069050160.0,8318375.0,4020261.0,,,,,,,,,,,,,,,,,
f785e696c04d1a51b6e88f62deefacb3,1399/09/30,2475.0,795.0,1037.0,5197831.0,5197831.0,5197831.0,12864631725.0,14410119.0,5227404.0,,,,,,,,,,,,,,,,,
f785e696c04d1a51b6e88f62deefacb3,1399/12/30,1640.0,1023.0,,9629740.0,5197831.0,,15792773600.0,17932695.0,6886233.0,,,,,,,,,,,,,,,,,
f785e696c04d1a51b6e88f62deefacb3,1400/03/31,663.0,86.0,1625.0,9629740.0,9629740.0,9629740.0,6384517620.0,6894540.0,1106540.0,,,,,,,,,,,,,,,,,
f785e696c04d1a51b6e88f62deefacb3,1400/06/31,1504.0,734.0,1625.0,9629740.0,9629740.0,9629740.0,14483128960.0,15703107.0,8318375.0,,,,,,,,,,,,,,,,,
f785e696c04d1a51b6e88f62deefacb3,1400/09/30,2294.0,1336.0,1625.0,9629740.0,9629740.0,9629740.0,22090623560.0,23759960.0,14410119.0,,,,,,,,,,,,,,,,,
f785e696c04d1a51b6e88f62deefacb3,1400/12/29,3269.0,1631.0,,9629740.0,9629740.0,,31479620060.0,31199834.0,16632380.0,,,,,,,,,,,,,,,,,
f785e696c04d1a51b6e88f62deefacb3,1401/03/31,978.0,663.0,3269.0,9629740.0,9629740.0,9629740.0,9417885720.0,10226901.0,6894540.0,,,,,,,,,,,,,,,,,
f785e696c04d1a51b6e88f62deefacb3,1401/06/31,1608.0,1504.0,3269.0,9629740.0,9629740.0,9629740.0,15484621920.0,13802043.0,15703107.0,,,,,,,,,,,,,,,,,
f785e696c04d1a51b6e88f62deefacb3,1401/09/30,484.0,2294.0,3269.0,37965074.0,9629740.0,9629740.0,18375095816.0,17911028.0,23759960.0,,,,,,,,,,,,,,,,,
f785e696c04d1a51b6e88f62deefacb3,1401/12/29,728.0,3269.0,,37965074.0,9629740.0,,27638573872.0,28122774.0,31199834.0,,,,,,,,,,,,,,,,,
f785e696c04d1a51b6e88f62deefacb3,1402/03/31,225.0,978.0,731.0,37965074.0,9629740.0,37965074.0,8542141650.0,9553748.0,10226901.0,,,,,,,,,,,,,,,,,
f785e696c04d1a51b6e88f62deefacb3,1402/06/31,565.0,1465.0,731.0,37965074.0,9629740.0,37965074.0,21450266810.0,21220698.0,13166975.0,,,,,,,,,,,,,,,,,
f785e696c04d1a51b6e88f62deefacb3,1402/09/30,697.0,1910.0,731.0,37965074.0,9629740.0,37965074.0,26461656578.0,27024847.0,17911028.0,,,,,,,,,,,,,,,,,
f785e696c04d1a51b6e88f62deefacb3,1402/12/29,732.0,724.0,,50000000.0,37965074.0,,36600000000.0,35223727.0,26761051.0,,,,,,,,,,,,,,,,,
f785e696c04d1a51b6e88f62deefacb3,1403/03/31,204.0,171.0,757.0,50000000.0,50000000.0,50000000.0,10200000000.0,10380022.0,9553748.0,,,,,,,,,,,,,,,,,
f785e696c04d1a51b6e88f62deefacb3,1403/06/31,400.0,443.0,757.0,50000000.0,50000000.0,50000000.0,20000000000.0,20598355.0,20682872.0,,,,,,,,,,,,,,,,,
f785e696c04d1a51b6e88f62deefacb3,1403/09/30,609.0,697.0,757.0,50000000.0,37965074.0,50000000.0,30450000000.0,34627199.0,27024847.0,,,,,,,,,,,,,,,,,
f785e696c04d1a51b6e88f62deefacb3,1403/12/30,775.0,768.0,,62000000.0,50000000.0,,48050000000.0,49581191.0,35797568.0,,,,,,,,,,,,,,,,,
f785e696c04d1a51b6e88f62deefacb3,1404/03/31,157.0,204.0,771.0,62000000.0,50000000.0,62000000.0,9734000000.0,9282548.0,10380022.0,,,,,,,,,,,,,,,,,
f785e696c04d1a51b6e88f62deefacb3,1404/06/31,213.0,393.0,744.0,62000000.0,50000000.0,62000000.0,13206000000.0,17257896.0,20793431.0,,,,,,,,,,,,,,,,,
f785e696c04d1a51b6e88f62deefacb3,1404/09/30,625.0,491.0,744.0,62000000.0,62000000.0,62000000.0,38750000000.0,45967811.0,34627199.0,,,,,,,,,,,,,,,,,
f785e696c04d1a51b6e88f62deefacb3,1404/12/29,1352.0,749.0,,62000000.0,62000000.0,,83824000000.0,102555489.0,47487505.0,,,,,,,,,,,,,,,,,
f785e696c04d1a51b6e88f62deefacb3,1405/03/31,1207.0,157.0,1370.0,62000000.0,62000000.0,62000000.0,74834000000.0,99881485.0,9282548.0,104308830.0,250818413.0,59717223.0,437057072.0,-1558591.0,1469683.0,74844433.0,9761913.0,84921974.0,14617537.0,-21742619.0,21865176.0,410521882.0,346783051.0,158289971.0,134374319.0,252231911.0
f8449f411289fa0775dc1618a83c922b,1400/06/31,275.0,124.0,347.0,2000000.0,2000000.0,2000000.0,550000000.0,1.0,1.0,,,,,,,,,,,,,,,,,
f8449f411289fa0775dc1618a83c922b,1400/09/30,455.0,249.0,348.0,2000000.0,2000000.0,2000000.0,910000000.0,1.0,1.0,,,,,,,,,,,,,,,,,
f8449f411289fa0775dc1618a83c922b,1400/12/29,643.0,0.0,347.0,2000000.0,2000000.0,2000000.0,1286000000.0,1.0,1.0,,,,,,,,,,,,,,,,,
f8449f411289fa0775dc1618a83c922b,1401/03/31,227.0,120.0,624.0,2000000.0,2000000.0,2000000.0,454000000.0,1.0,1.0,,,,,,,,,,,,,,,,,
f8449f411289fa0775dc1618a83c922b,1401/06/31,379.0,287.0,624.0,2000000.0,2000000.0,2000000.0,758000000.0,1.0,1.0,,,,,,,,,,,,,,,,,
f8449f411289fa0775dc1618a83c922b,1401/09/30,635.0,455.0,624.0,2000000.0,2000000.0,2000000.0,1270000000.0,1.0,1.0,,,,,,,,,,,,,,,,,
f8449f411289fa0775dc1618a83c922b,1401/12/29,697.0,0.0,587.0,3000000.0,2000000.0,2000000.0,2091000000.0,1.0,1.0,,,,,,,,,,,,,,,,,
f8449f411289fa0775dc1618a83c922b,1402/03/31,286.0,151.0,738.0,3000000.0,3000000.0,3000000.0,858000000.0,1.0,1.0,,,,,,,,,,,,,,,,,
f8449f411289fa0775dc1618a83c922b,1402/06/31,631.0,370.0,738.0,3000000.0,2000000.0,3000000.0,1893000000.0,1.0,1.0,,,,,,,,,,,,,,,,,
f8449f411289fa0775dc1618a83c922b,1402/09/30,1101.0,635.0,738.0,3000000.0,2000000.0,3000000.0,3303000000.0,1.0,1.0,,,,,,,,,,,,,,,,,
f8449f411289fa0775dc1618a83c922b,1402/12/29,938.0,0.0,654.0,4500000.0,0.0,3000000.0,4221000000.0,1.0,1.0,,,,,,,,,,,,,,,,,
f8449f411289fa0775dc1618a83c922b,1403/03/31,276.0,286.0,1110.0,4500000.0,3000000.0,4500000.0,1242000000.0,1.0,1.0,,,,,,,,,,,,,,,,,
f8449f411289fa0775dc1618a83c922b,1403/06/31,557.0,631.0,1110.0,4500000.0,3000000.0,4500000.0,2506500000.0,1.0,1.0,,,,,,,,,,,,,,,,,
f8449f411289fa0775dc1618a83c922b,1403/09/30,963.0,734.0,1110.0,4500000.0,4500000.0,4500000.0,4333500000.0,1.0,1.0,,,,,,,,,,,,,,,,,
f8449f411289fa0775dc1618a83c922b,1403/12/30,830.0,0.0,531.0,7700000.0,0.0,7700000.0,6391000000.0,1.0,1.0,,,,,,,,,,,,,,,,,
f8449f411289fa0775dc1618a83c922b,1404/03/31,179.0,161.0,901.0,7700000.0,7700000.0,7700000.0,1378300000.0,1.0,1.0,,,,,,,,,,,,,,,,,
f8449f411289fa0775dc1618a83c922b,1404/06/30,120.0,93.0,348.0,2000000.0,2000000.0,2000000.0,3834600000.0,1.0,1.0,,,,,,,,,,,,,,,,,
f8449f411289fa0775dc1618a83c922b,1404/09/30,0.0,0.0,0.0,10000.0,10000.0,0.0,6075300000.0,1.0,1.0,,,,,,,,,,,,,,,,,
f8449f411289fa0775dc1618a83c922b,1404/12/29,583.0,0.0,556.0,11500000.0,0.0,11500000.0,6704500000.0,583.0,-8.0,,,,,,,,,,,,,,,,,
f8449f411289fa0775dc1618a83c922b,1405/03/31,486.0,120.0,634.0,11500000.0,11500000.0,11500000.0,5589000000.0,4002148.0,1553245.0,8013554.0,10360028.0,7952109.0,37760085.0,-273964.0,2730969.0,5584765.0,1379615.0,7295143.0,-3480711.0,1698437.0,15775840.0,80746195.0,19415741.0,53895118.0,35684526.0,26851077.0
f8dfbe7ae5669ddbcb0fa22d6d3e7a5c,1399/06/31,47.0,3238.0,9247.0,20130787.0,2310700.0,2310700.0,946146989.0,1227185.0,734575.0,,2445300.0,2706638.0,,0.0,0.0,,,,,,,,,,,
f8dfbe7ae5669ddbcb0fa22d6d3e7a5c,1399/09/30,72.0,9247.0,,20130787.0,2310700.0,,1449416664.0,1698556.0,2147418.0,,4579610.0,6132420.0,,-10014.0,11078.0,,,,,,,,,,,
f8dfbe7ae5669ddbcb0fa22d6d3e7a5c,1399/12/30,22.0,-3.0,71.0,20130787.0,20130787.0,20130787.0,442877314.0,602291.0,83089.0,,818305.0,485053.0,,-16689.0,292.0,,,,,,,,,,,
f8dfbe7ae5669ddbcb0fa22d6d3e7a5c,1400/03/31,109.0,34.0,71.0,20130787.0,20130787.0,20130787.0,2194255783.0,2422333.0,769013.0,,3087244.0,1379235.0,,-45803.0,5536.0,,,,,,,,,,,
f8dfbe7ae5669ddbcb0fa22d6d3e7a5c,1400/06/31,80.0,45.0,71.0,20130787.0,20130787.0,20130787.0,1610462960.0,1911077.0,1128425.0,,2786875.0,2445300.0,,-74407.0,0.0,,,,,,,,,,,
f8dfbe7ae5669ddbcb0fa22d6d3e7a5c,1400/09/30,256.0,71.0,,20130787.0,20130787.0,,5153481472.0,5401746.0,1676667.0,,7406970.0,4579610.0,,-67988.0,10223.0,,,,,,,,,,,
f8dfbe7ae5669ddbcb0fa22d6d3e7a5c,1400/12/29,16.0,22.0,241.0,20130787.0,20130787.0,20130787.0,322092592.0,375571.0,602291.0,,537090.0,818305.0,,-51793.0,77875.0,,,,,,,,,,,
f8dfbe7ae5669ddbcb0fa22d6d3e7a5c,1401/03/31,63.0,46.0,241.0,20130787.0,20130787.0,20130787.0,1268239581.0,1311434.0,1092787.0,,1553331.0,1651323.0,,-1567.0,4686.0,,,,,,,,,,,
f8dfbe7ae5669ddbcb0fa22d6d3e7a5c,1401/06/31,63.0,80.0,241.0,20130787.0,20130787.0,20130787.0,1268239581.0,1337462.0,1911077.0,,1630644.0,2786875.0,,-2750.0,1018.0,,,,,,,,,,,
f8dfbe7ae5669ddbcb0fa22d6d3e7a5c,1401/09/30,696.0,241.0,,20130787.0,20130787.0,,14011027752.0,14300194.0,5224653.0,,27697485.0,7277857.0,,0.0,6570.0,,,,,,,,,,,
f8dfbe7ae5669ddbcb0fa22d6d3e7a5c,1401/12/29,109.0,16.0,696.0,20130787.0,20130787.0,20130787.0,2194255783.0,2296272.0,375571.0,,3199241.0,537090.0,,0.0,2167.0,,,,,,,,,,,
f8dfbe7ae5669ddbcb0fa22d6d3e7a5c,1402/03/31,240.0,62.0,696.0,20130787.0,20130787.0,20130787.0,4831388880.0,4786152.0,1310583.0,,5855462.0,1553331.0,,0.0,278168.0,,,,,,,,,,,
f8dfbe7ae5669ddbcb0fa22d6d3e7a5c,1402/06/31,339.0,63.0,696.0,20130787.0,20130787.0,20130787.0,6824336793.0,7203832.0,1337462.0,,10029628.0,1630644.0,,0.0,279609.0,,,,,,,,,,,
f8dfbe7ae5669ddbcb0fa22d6d3e7a5c,1402/09/30,614.0,696.0,,20130787.0,20130787.0,,12360303218.0,13125922.0,14300194.0,,16889676.0,27697485.0,,0.0,390840.0,,,,,,,,,,,
f8dfbe7ae5669ddbcb0fa22d6d3e7a5c,1402/12/29,77.0,109.0,547.0,20130787.0,20130787.0,20130787.0,1550070599.0,2017618.0,2296272.0,,3364160.0,3199241.0,,-76918.0,76.0,,,,,,,,,,,
f8dfbe7ae5669ddbcb0fa22d6d3e7a5c,1403/03/31,233.0,227.0,547.0,20130787.0,20130787.0,20130787.0,4690473371.0,5555713.0,4786152.0,,8116824.0,5855462.0,,0.0,17726.0,,,,,,,,,,,
f8dfbe7ae5669ddbcb0fa22d6d3e7a5c,1403/06/31,420.0,339.0,547.0,20130787.0,20130787.0,20130787.0,8454930540.0,9695130.0,7203832.0,,13252508.0,10029628.0,,-103825.0,166253.0,,,,,,,,,,,
f8dfbe7ae5669ddbcb0fa22d6d3e7a5c,1403/09/30,704.0,547.0,,20130787.0,20130787.0,,14172074048.0,15806883.0,11773917.0,,23177277.0,16889676.0,,-150865.0,413706.0,,,,,,,,,,,
f8dfbe7ae5669ddbcb0fa22d6d3e7a5c,1403/12/30,180.0,77.0,692.0,20130787.0,20130787.0,20130787.0,3623541660.0,4460944.0,2017618.0,,7615450.0,3364160.0,,-50474.0,-349340.0,,,,,,,,,,,
f8dfbe7ae5669ddbcb0fa22d6d3e7a5c,1404/03/31,646.0,220.0,692.0,20130787.0,20130787.0,20130787.0,13004488402.0,13516026.0,5398115.0,,18721032.0,7876888.0,,-135179.0,960632.0,,,,,,,,,,,
f8dfbe7ae5669ddbcb0fa22d6d3e7a5c,1404/06/31,629.0,420.0,692.0,20130787.0,20130787.0,20130787.0,12662265023.0,13356028.0,9695130.0,,18885210.0,13252508.0,,-561670.0,1209455.0,,,,,,,,,,,
f8dfbe7ae5669ddbcb0fa22d6d3e7a5c,1404/09/30,936.0,692.0,,20130787.0,20130787.0,,18842416632.0,18457862.0,15588295.0,,26713437.0,23177277.0,,-417750.0,1596857.0,,,,,,,,,,,
f8dfbe7ae5669ddbcb0fa22d6d3e7a5c,1404/12/29,74.0,180.0,933.0,20130787.0,20130787.0,20130787.0,1489678238.0,1636210.0,4460944.0,,1991027.0,7615450.0,,-106792.0,58627.0,,,,,,,,,,,
f8dfbe7ae5669ddbcb0fa22d6d3e7a5c,1405/03/31,506.0,634.0,933.0,40261574.0,20130787.0,20130787.0,20372356444.0,22468678.0,14466103.0,,26001872.0,18782677.0,,-167821.0,159186.0,,,,,,,,,,,
fa2e3267b28da291dc990ba6910786d0,1398/12/29,4647.0,0.0,2836.0,2000000.0,3500000.0,2000000.0,9294000000.0,1.0,1.0,,,,,,,,,,,,,,,,,
fa2e3267b28da291dc990ba6910786d0,1399/03/31,1094.0,1762.0,4647.0,2000000.0,2000000.0,2000000.0,2188000000.0,1.0,1.0,,,,,,,,,,,,,,,,,
fa2e3267b28da291dc990ba6910786d0,1399/06/31,4188.0,2737.0,4647.0,2000000.0,2000000.0,2000000.0,8376000000.0,1.0,1.0,,,,,,,,,,,,,,,,,
fa2e3267b28da291dc990ba6910786d0,1399/09/30,4744.0,3440.0,4647.0,2000000.0,2000000.0,2000000.0,9488000000.0,1.0,1.0,,,,,,,,,,,,,,,,,
fa2e3267b28da291dc990ba6910786d0,1399/12/30,9334.0,0.0,4647.0,2000000.0,3500000.0,2000000.0,18668000000.0,1.0,1.0,,,,,,,,,,,,,,,,,
fa2e3267b28da291dc990ba6910786d0,1400/03/31,4927.0,1094.0,9334.0,2000000.0,2000000.0,2000000.0,9854000000.0,1.0,1.0,,,,,,,,,,,,,,,,,
fa2e3267b28da291dc990ba6910786d0,1400/06/31,7573.0,2808.0,9334.0,2000000.0,2000000.0,2000000.0,15146000000.0,1.0,1.0,,,,,,,,,,,,,,,,,
fa2e3267b28da291dc990ba6910786d0,1400/09/30,18484.0,4744.0,9285.0,2000000.0,2000000.0,2000000.0,36968000000.0,1.0,1.0,,,,,,,,,,,,,,,,,
fa2e3267b28da291dc990ba6910786d0,1400/12/29,21201.0,0.0,9285.0,2000000.0,3500000.0,2000000.0,42402000000.0,1.0,1.0,,,,,,,,,,,,,,,,,
fa2e3267b28da291dc990ba6910786d0,1401/03/31,4299.0,4136.0,21276.0,2000000.0,2000000.0,2000000.0,8598000000.0,1.0,1.0,,,,,,,,,,,,,,,,,
fa2e3267b28da291dc990ba6910786d0,1401/06/31,7126.0,11797.0,21276.0,2000000.0,2000000.0,2000000.0,14252000000.0,1.0,1.0,,,,,,,,,,,,,,,,,
fa2e3267b28da291dc990ba6910786d0,1401/09/30,10952.0,18484.0,21276.0,2000000.0,2000000.0,2000000.0,21904000000.0,1.0,1.0,,,,,,,,,,,,,,,,,
fa2e3267b28da291dc990ba6910786d0,1401/12/29,16065.0,0.0,21276.0,2000000.0,2000000.0,2000000.0,32130000000.0,1.0,1.0,,,,,,,,,,,,,,,,,
fa2e3267b28da291dc990ba6910786d0,1402/03/31,6475.0,4012.0,16065.0,2000000.0,2000000.0,2000000.0,12950000000.0,1.0,1.0,,,,,,,,,,,,,,,,,
fa2e3267b28da291dc990ba6910786d0,1402/06/31,13040.0,7471.0,16065.0,2000000.0,2000000.0,2000000.0,26080000000.0,1.0,1.0,,,,,,,,,,,,,,,,,
fa2e3267b28da291dc990ba6910786d0,1402/09/30,16430.0,10952.0,16065.0,2000000.0,2000000.0,2000000.0,32860000000.0,1.0,1.0,,,,,,,,,,,,,,,,,
fa2e3267b28da291dc990ba6910786d0,1402/12/29,21491.0,0.0,16065.0,2000000.0,2000000.0,2000000.0,42982000000.0,1.0,1.0,,,,,,,,,,,,,,,,,
fa2e3267b28da291dc990ba6910786d0,1403/03/31,6363.0,6475.0,21491.0,2000000.0,2000000.0,2000000.0,12726000000.0,1.0,1.0,,,,,,,,,,,,,,,,,
fa2e3267b28da291dc990ba6910786d0,1403/06/31,10249.0,12895.0,21491.0,2000000.0,2000000.0,2000000.0,20498000000.0,1.0,1.0,,,,,,,,,,,,,,,,,
fa2e3267b28da291dc990ba6910786d0,1403/09/30,13544.0,16430.0,21491.0,2000000.0,2000000.0,2000000.0,27088000000.0,1.0,1.0,,,,,,,,,,,,,,,,,
fa2e3267b28da291dc990ba6910786d0,1403/12/30,16082.0,0.0,21491.0,2000000.0,2000000.0,2000000.0,32164000000.0,1.0,1.0,,,,,,,,,,,,,,,,,
fa2e3267b28da291dc990ba6910786d0,1404/03/31,4583.0,6363.0,16082.0,2000000.0,2000000.0,2000000.0,9166000000.0,1.0,1.0,,,,,,,,,,,,,,,,,
fa2e3267b28da291dc990ba6910786d0,1404/06/31,11011.0,10600.0,16082.0,2000000.0,2000000.0,2000000.0,22022000000.0,1.0,1.0,,,,,,,,,,,,,,,,,
fa2e3267b28da291dc990ba6910786d0,1404/09/30,28453.0,0.0,18995.0,2000000.0,0.0,2000000.0,56906000000.0,23.737025972656664,100.0,,,,,,,,,,,,,,,,,
fa2e3267b28da291dc990ba6910786d0,1404/12/29,3440.0,1713.0,2836.0,2000000.0,2000000.0,2000000.0,64622000000.0,1.0,1.0,,,,,,,,,,,,,,,,,
fa2e3267b28da291dc990ba6910786d0,1405/03/31,16183.0,6641.0,32311.0,2000000.0,2000000.0,2000000.0,32366000000.0,29748978.0,9892294.0,69452742.0,51530121.0,37425428.0,242072894.0,-287776.0,7347560.0,32365005.0,13281726.0,64622660.0,-2410905.0,14406031.0,78448905.0,167405875.0,153182779.0,124061749.0,121350461.0,43344126.0
fa35570c95ed00ea371c6fca0da91641,1399/09/30,0.0,0.0,0.0,5800000.0,0.0,5800000.0,0.0,1.0,1.0,,,,,,,,,,,,,,,,,
fa35570c95ed00ea371c6fca0da91641,1399/12/30,431.0,0.0,0.0,5800000.0,5800000.0,0.0,2499800000.0,1.0,1.0,,,,,,,,,,,,,,,,,
fa35570c95ed00ea371c6fca0da91641,1400/03/31,-10.0,-11.0,-9.0,5800000.0,5800000.0,0.0,-58000000.0,1.0,1.0,,,,,,,,,,,,,,,,,
fa35570c95ed00ea371c6fca0da91641,1400/06/31,-23.0,-21.0,10.0,5800000.0,5800000.0,0.0,-133400000.0,1.0,1.0,,,,,,,,,,,,,,,,,
fa35570c95ed00ea371c6fca0da91641,1400/09/30,-32.0,-21.0,52.0,5800000.0,5800000.0,0.0,-185600000.0,1.0,1.0,,,,,,,,,,,,,,,,,
fa35570c95ed00ea371c6fca0da91641,1400/12/29,2064.0,0.0,0.0,7340000.0,5800000.0,27.0,15149760000.0,1.0,1.0,,,,,,,,,,,,,,,,,
fa35570c95ed00ea371c6fca0da91641,1401/03/31,38.0,-8.0,0.0,7340000.0,7340000.0,0.0,278920000.0,1.0,1.0,,,,,,,,,,,,,,,,,
fa35570c95ed00ea371c6fca0da91641,1401/06/31,26.0,-13.0,0.0,7340000.0,7340000.0,0.0,190840000.0,1.0,1.0,,,,,,,,,,,,,,,,,
fa35570c95ed00ea371c6fca0da91641,1401/09/30,35.0,-25.0,0.0,7340000.0,7340000.0,0.0,256900000.0,1.0,1.0,,,,,,,,,,,,,,,,,
fa35570c95ed00ea371c6fca0da91641,1401/12/29,1134.0,0.0,0.0,7340000.0,7340000.0,0.0,8323560000.0,1.0,1.0,,,,,,,,,,,,,,,,,
fa35570c95ed00ea371c6fca0da91641,1402/03/31,-16.0,38.0,0.0,7340000.0,7340000.0,0.0,-117440000.0,1.0,1.0,,,,,,,,,,,,,,,,,
fa35570c95ed00ea371c6fca0da91641,1402/06/31,-45.0,25.0,0.0,7340000.0,7340000.0,0.0,-330300000.0,1.0,1.0,,,,,,,,,,,,,,,,,
fa35570c95ed00ea371c6fca0da91641,1402/09/30,570.0,25.0,2180.0,7340000.0,7340000.0,0.0,4183800000.0,1.0,1.0,,,,,,,,,,,,,,,,,
fa35570c95ed00ea371c6fca0da91641,1402/12/29,389.0,0.0,0.0,17340000.0,7340000.0,136.0,6745260000.0,1.0,1.0,,,,,,,,,,,,,,,,,
fa35570c95ed00ea371c6fca0da91641,1403/03/31,-11.0,-7.0,57.0,17340000.0,17340000.0,0.0,-190740000.0,1.0,1.0,,,,,,,,,,,,,,,,,
fa35570c95ed00ea371c6fca0da91641,1403/06/31,-33.0,-26.0,27.0,17340000.0,17340000.0,0.0,-572220000.0,1.0,1.0,,,,,,,,,,,,,,,,,
fa35570c95ed00ea371c6fca0da91641,1403/09/30,-31.0,241.0,389.0,17340000.0,17340000.0,17340000.0,-537540000.0,1.0,1.0,,,,,,,,,,,,,,,,,
fa35570c95ed00ea371c6fca0da91641,1403/12/30,13.0,0.0,389.0,17340000.0,17340000.0,17340000.0,225420000.0,1.0,1.0,,,,,,,,,,,,,,,,,
fa35570c95ed00ea371c6fca0da91641,1404/03/31,5.0,-11.0,13.0,17340000.0,17340000.0,17340000.0,86700000.0,1.0,1.0,,,,,,,,,,,,,,,,,
fa35570c95ed00ea371c6fca0da91641,1404/06/31,-14.0,-33.0,13.0,17340000.0,17340000.0,17340000.0,-242760000.0,1.0,1.0,,,,,,,,,,,,,,,,,
fa35570c95ed00ea371c6fca0da91641,1404/09/30,-36.0,-31.0,13.0,17340000.0,17340000.0,17340000.0,-624240000.0,-1.0,100.0,,,,,,,,,,,,,,,,,
fa35570c95ed00ea371c6fca0da91641,1404/12/29,1869.0,755.0,,17340000.0,17340000.0,,32408460000.0,70665760.0,28524721.0,,,,,,,,,,,,,,,,,
fa35570c95ed00ea371c6fca0da91641,1405/03/31,-24.0,5.0,76.0,17340000.0,17340000.0,17340000.0,-416160000.0,-266488.0,153256.0,-1385165.0,0.0,332538.0,90787.0,-145613.0,-9473.0,326287.0,111508.0,309197.0,420017.0,241670.0,-889350.0,28428693.0,7434040.0,10586884.0,7871763.0,17841809.0
fb2ff05e8a5b71f6d43905f74f59cec6,1398/06/31,586.0,0.0,146.0,1000000.0,0.0,1000000.0,586000000.0,14.997610921501707,100.0,,,,,,,,,,,,,,,,,
fb2ff05e8a5b71f6d43905f74f59cec6,1398/09/30,1148.0,0.0,174.0,1000000.0,0.0,1000000.0,1148000000.0,13.351742160278745,100.0,,,,,,,,,,,,,,,,,
fb2ff05e8a5b71f6d43905f74f59cec6,1398/12/29,2162.0,0.0,0.0,1000000.0,0.0,1000000.0,2162000000.0,14.52382053654024,100.0,,,,,,,,,,,,,,,,,
fb2ff05e8a5b71f6d43905f74f59cec6,1399/03/31,276.0,0.0,292.0,1000000.0,0.0,1000000.0,276000000.0,42.80688405797102,100.0,,,,,,,,,,,,,,,,,
fb2ff05e8a5b71f6d43905f74f59cec6,1399/06/31,962.0,0.0,639.0,1000000.0,0.0,1000000.0,962000000.0,10.842099792099791,100.0,,,,,,,,,,,,,,,,,
fb2ff05e8a5b71f6d43905f74f59cec6,1399/09/30,1805.0,0.0,1148.0,1000000.0,0.0,1000000.0,1805000000.0,18.570415512465374,100.0,,,,,,,,,,,,,,,,,
fb2ff05e8a5b71f6d43905f74f59cec6,1399/12/30,3946.0,0.0,0.0,1000000.0,0.0,1000000.0,3946000000.0,5.631094779523568,100.0,,,,,,,,,,,,,,,,,
fb2ff05e8a5b71f6d43905f74f59cec6,1400/03/31,325.0,0.0,276.0,1000000.0,0.0,1000000.0,325000000.0,4.789230769230769,100.0,,,,,,,,,,,,,,,,,
fb2ff05e8a5b71f6d43905f74f59cec6,1400/06/31,1873.0,0.0,1174.0,1000000.0,0.0,1000000.0,1873000000.0,3.541964762413241,100.0,,,,,,,,,,,,,,,,,
fb2ff05e8a5b71f6d43905f74f59cec6,1400/09/30,4997.0,0.0,1805.0,1000000.0,0.0,1000000.0,4997000000.0,7.268080848509105,100.0,,,,,,,,,,,,,,,,,
fb2ff05e8a5b71f6d43905f74f59cec6,1400/12/29,1240.0,0.0,0.0,8000000.0,0.0,1000000.0,9920000000.0,5.936895161290323,100.0,,,,,,,,,,,,,,,,,
fb2ff05e8a5b71f6d43905f74f59cec6,1401/03/31,175.0,0.0,325.0,8000000.0,0.0,1000000.0,1400000000.0,3.029642857142857,100.0,,,,,,,,,,,,,,,,,
fb2ff05e8a5b71f6d43905f74f59cec6,1401/06/31,286.0,0.0,1785.0,16900000.0,0.0,1000000.0,4833400000.0,2.652087557413001,100.0,,,,,,,,,,,,,,,,,
fb2ff05e8a5b71f6d43905f74f59cec6,1401/09/30,521.0,0.0,4997.0,16900000.0,0.0,1000000.0,8804900000.0,4.312167088780111,100.0,,,,,,,,,,,,,,,,,
fb2ff05e8a5b71f6d43905f74f59cec6,1401/12/29,1039.0,0.0,0.0,16900000.0,0.0,8000000.0,17559100000.0,5.170845886178676,100.0,,,,,,,,,,,,,,,,,
fb2ff05e8a5b71f6d43905f74f59cec6,1402/03/31,554.0,0.0,68.0,20478126.0,0.0,20478126.0,11344881804.0,7.013171346743103,100.0,,,,,,,,,,,,,,,,,
fb2ff05e8a5b71f6d43905f74f59cec6,1402/06/31,486.0,0.0,143.0,34978126.0,0.0,34978126.0,16999369236.0,8.51348058806292,100.0,,,,,,,,,,,,,,,,,
fb2ff05e8a5b71f6d43905f74f59cec6,1402/09/30,568.0,0.0,252.0,34978126.0,0.0,34978126.0,19867575568.0,6.326811219103048,100.0,,,,,,,,,,,,,,,,,
fb2ff05e8a5b71f6d43905f74f59cec6,1402/12/29,1105.0,0.0,0.0,34978126.0,0.0,16900000.0,38650829230.0,5.63611711158105,100.0,,,,,,,,,,,,,,,,,
fb2ff05e8a5b71f6d43905f74f59cec6,1403/03/31,43.0,0.0,324.0,34978126.0,0.0,34978126.0,1504059418.0,42.311227361364786,100.0,,,,,,,,,,,,,,,,,
fb2ff05e8a5b71f6d43905f74f59cec6,1403/06/31,96.0,0.0,490.0,34978126.0,0.0,34978126.0,3357900096.0,42.44256705843341,100.0,,,,,,,,,,,,,,,,,
fb2ff05e8a5b71f6d43905f74f59cec6,1403/09/30,131.0,0.0,568.0,34978126.0,0.0,34978126.0,4582134506.0,53.596462451816116,100.0,,,,,,,,,,,,,,,,,
fb2ff05e8a5b71f6d43905f74f59cec6,1403/12/30,317.0,0.0,0.0,58730000.0,0.0,34978126.0,18617410000.0,14.387463132626934,100.0,,,,,,,,,,,,,,,,,
fb2ff05e8a5b71f6d43905f74f59cec6,1404/03/31,54.0,0.0,26.0,58730000.0,0.0,58730000.0,3171420000.0,13.830523866280721,100.0,,,,,,,,,,,,,,,,,
fb2ff05e8a5b71f6d43905f74f59cec6,1404/06/31,142.0,0.0,53.0,58730000.0,0.0,58730000.0,8339660000.0,11.692826805888968,100.0,,,,,,,,,,,,,,,,,
fb2ff05e8a5b71f6d43905f74f59cec6,1404/09/30,226.0,0.0,78.0,58730000.0,0.0,58730000.0,13272980000.0,16.487879888314456,100.0,,,,,,,,,,,,,,,,,
fb2ff05e8a5b71f6d43905f74f59cec6,1404/12/29,359.0,0.0,275.0,72000000.0,58730000.0,72000000.0,25848000000.0,-1.0,100.0,,,,,,,,,,,,,,,,,
fd32ba6ce155b8809f2066377e9eeccc,1398/12/29,4341.0,0.0,8449.0,405000.0,135000.0,135000.0,1758105000.0,1.0,1.0,,,,,,,,,,,,,,,,,
fd32ba6ce155b8809f2066377e9eeccc,1399/03/31,1133.0,1020.0,4341.0,405000.0,405000.0,405000.0,458865000.0,1.0,1.0,,,,,,,,,,,,,,,,,
fd32ba6ce155b8809f2066377e9eeccc,1399/06/31,3093.0,2153.0,4341.0,405000.0,405000.0,405000.0,1252665000.0,1.0,1.0,,,,,,,,,,,,,,,,,
fd32ba6ce155b8809f2066377e9eeccc,1399/09/30,2212.0,3138.0,4341.0,850000.0,405000.0,405000.0,1880200000.0,1.0,1.0,,,,,,,,,,,,,,,,,
fd32ba6ce155b8809f2066377e9eeccc,1399/12/30,2902.0,0.0,4341.0,850000.0,405000.0,405000.0,2466700000.0,1.0,1.0,,,,,,,,,,,,,,,,,
fd32ba6ce155b8809f2066377e9eeccc,1400/03/31,100.0,540.0,2902.0,850000.0,850000.0,850000.0,85000000.0,1.0,1.0,,,,,,,,,,,,,,,,,
fd32ba6ce155b8809f2066377e9eeccc,1400/06/31,695.0,1474.0,2902.0,850000.0,850000.0,850000.0,590750000.0,1.0,1.0,,,,,,,,,,,,,,,,,
fd32ba6ce155b8809f2066377e9eeccc,1400/09/30,1770.0,2212.0,2902.0,850000.0,850000.0,850000.0,1504500000.0,1.0,1.0,,,,,,,,,,,,,,,,,
fd32ba6ce155b8809f2066377e9eeccc,1400/12/29,2837.0,0.0,2902.0,850000.0,850000.0,850000.0,2411450000.0,1.0,1.0,,,,,,,,,,,,,,,,,
fd32ba6ce155b8809f2066377e9eeccc,1401/03/31,1063.0,100.0,2837.0,850000.0,850000.0,850000.0,903550000.0,1.0,1.0,,,,,,,,,,,,,,,,,
fd32ba6ce155b8809f2066377e9eeccc,1401/06/31,2284.0,695.0,2837.0,850000.0,850000.0,850000.0,1941400000.0,1.0,1.0,,,,,,,,,,,,,,,,,
fd32ba6ce155b8809f2066377e9eeccc,1401/09/30,1872.0,1770.0,2837.0,1700000.0,850000.0,850000.0,3182400000.0,1.0,1.0,,,,,,,,,,,,,,,,,
fd32ba6ce155b8809f2066377e9eeccc,1401/12/29,2770.0,0.0,2837.0,1700000.0,850000.0,850000.0,4709000000.0,1.0,1.0,,,,,,,,,,,,,,,,,
fd32ba6ce155b8809f2066377e9eeccc,1402/03/31,767.0,531.0,2772.0,1700000.0,1700000.0,1700000.0,1303900000.0,1.0,1.0,,,,,,,,,,,,,,,,,
fd32ba6ce155b8809f2066377e9eeccc,1402/06/31,1770.0,1070.0,2772.0,1700000.0,1700000.0,1700000.0,3009000000.0,1.0,1.0,,,,,,,,,,,,,,,,,
fd32ba6ce155b8809f2066377e9eeccc,1402/09/30,2755.0,1874.0,2772.0,1700000.0,1700000.0,1700000.0,4683500000.0,1.0,1.0,,,,,,,,,,,,,,,,,
fd32ba6ce155b8809f2066377e9eeccc,1402/12/29,3543.0,0.0,2770.0,1700000.0,1700000.0,1700000.0,6023100000.0,1.0,1.0,,,,,,,,,,,,,,,,,
fd32ba6ce155b8809f2066377e9eeccc,1403/03/31,805.0,767.0,3543.0,1700000.0,1700000.0,1700000.0,1368500000.0,1.0,1.0,,,,,,,,,,,,,,,,,
fd32ba6ce155b8809f2066377e9eeccc,1403/06/31,1770.0,1770.0,3543.0,1700000.0,1700000.0,1700000.0,3009000000.0,1.0,1.0,,,,,,,,,,,,,,,,,
fd32ba6ce155b8809f2066377e9eeccc,1403/09/30,2772.0,2755.0,3543.0,1700000.0,1700000.0,1700000.0,4712400000.0,1.0,1.0,,,,,,,,,,,,,,,,,
fd32ba6ce155b8809f2066377e9eeccc,1403/12/30,854.0,0.0,3561.0,9890000.0,1700000.0,1700000.0,8446060000.0,1.0,1.0,,,,,,,,,,,,,,,,,
fd32ba6ce155b8809f2066377e9eeccc,1404/03/31,253.0,138.0,854.0,9890000.0,9890000.0,9890000.0,2502170000.0,1.0,1.0,,,,,,,,,,,,,,,,,
fd32ba6ce155b8809f2066377e9eeccc,1404/06/31,593.0,304.0,854.0,9890000.0,9890000.0,9890000.0,5864770000.0,1.0,1.0,,,,,,,,,,,,,,,,,
fd32ba6ce155b8809f2066377e9eeccc,1404/09/30,1028.0,0.0,477.0,9890000.0,0.0,9890000.0,10166920000.0,4.461980619499318,100.0,,,,,,,,,,,,,,,,,
fd32ba6ce155b8809f2066377e9eeccc,1404/12/29,1601.0,0.0,854.0,9890000.0,9890000.0,9890000.0,15833890000.0,1799.0,-194.0,,,,,,,,,,,,,,,,,
fd32ba6ce155b8809f2066377e9eeccc,1405/03/31,1130.0,253.0,1601.0,10390000.0,9890000.0,9890000.0,11740700000.0,16030888.0,3585034.0,21897782.0,25485947.0,7202847.0,36709534.0,-881922.0,21.0,11740465.0,2503411.0,15831674.0,-1075068.0,-843901.0,3140899.0,68103820.0,56704687.0,26723493.0,22455545.0,41380327.0
fe84a7e68ba30f83fd0f09d141ee51dd,1398/09/30,44.0,9.0,21.0,1723027.0,1723027.0,1723027.0,75813188.0,1.0,1.0,,,,,,,,,,,,,,,,,
fe84a7e68ba30f83fd0f09d141ee51dd,1398/12/29,48.0,0.0,21.0,1723027.0,1723027.0,1723027.0,82705296.0,1.0,1.0,,,,,,,,,,,,,,,,,
fe84a7e68ba30f83fd0f09d141ee51dd,1399/03/31,1.0,1.0,48.0,1723027.0,1723027.0,1723027.0,1723027.0,1.0,1.0,,,,,,,,,,,,,,,,,
fe84a7e68ba30f83fd0f09d141ee51dd,1399/06/31,1.0,36.0,95.0,1723027.0,1723027.0,1723027.0,1723027.0,1.0,1.0,,,,,,,,,,,,,,,,,
fe84a7e68ba30f83fd0f09d141ee51dd,1399/09/30,3.0,44.0,95.0,1723027.0,1723027.0,1723027.0,5169081.0,1.0,1.0,,,,,,,,,,,,,,,,,
fe84a7e68ba30f83fd0f09d141ee51dd,1399/12/30,140.0,0.0,95.0,1723027.0,1723027.0,1723027.0,241223780.0,1.0,1.0,,,,,,,,,,,,,,,,,
fe84a7e68ba30f83fd0f09d141ee51dd,1400/03/31,55.0,1.0,155.0,1723027.0,1723027.0,1723027.0,94766485.0,1.0,1.0,,,,,,,,,,,,,,,,,
fe84a7e68ba30f83fd0f09d141ee51dd,1400/06/31,67.0,16.0,155.0,1723027.0,1723027.0,1723027.0,115442809.0,1.0,1.0,,,,,,,,,,,,,,,,,
fe84a7e68ba30f83fd0f09d141ee51dd,1400/09/30,143.0,3.0,155.0,1723027.0,1723027.0,1723027.0,246392861.0,1.0,1.0,,,,,,,,,,,,,,,,,
fe84a7e68ba30f83fd0f09d141ee51dd,1400/12/29,190.0,0.0,155.0,1723027.0,1723027.0,1723027.0,327375130.0,1.0,1.0,,,,,,,,,,,,,,,,,
fe84a7e68ba30f83fd0f09d141ee51dd,1401/03/31,3.0,55.0,223.0,1723027.0,1723027.0,1723027.0,5169081.0,1.0,1.0,,,,,,,,,,,,,,,,,
fe84a7e68ba30f83fd0f09d141ee51dd,1401/06/31,83.0,69.0,223.0,1723027.0,1723027.0,1723027.0,143011241.0,1.0,1.0,,,,,,,,,,,,,,,,,
fe84a7e68ba30f83fd0f09d141ee51dd,1401/09/30,127.0,176.0,223.0,1723027.0,1723027.0,1723027.0,218824429.0,1.0,1.0,,,,,,,,,,,,,,,,,
fe84a7e68ba30f83fd0f09d141ee51dd,1401/12/29,187.0,0.0,223.0,1723027.0,1723027.0,1723027.0,322206049.0,1.0,1.0,,,,,,,,,,,,,,,,,
fe84a7e68ba30f83fd0f09d141ee51dd,1402/03/31,119.0,3.0,230.0,1723027.0,1723027.0,1723027.0,205040213.0,1.0,1.0,,,,,,,,,,,,,,,,,
fe84a7e68ba30f83fd0f09d141ee51dd,1402/06/31,429.0,26.0,230.0,1723027.0,1723027.0,1723027.0,739178583.0,1.0,1.0,,,,,,,,,,,,,,,,,
fe84a7e68ba30f83fd0f09d141ee51dd,1402/09/30,671.0,127.0,230.0,1723027.0,1723027.0,1723027.0,1156151117.0,1.0,1.0,,,,,,,,,,,,,,,,,
fe84a7e68ba30f83fd0f09d141ee51dd,1402/12/29,896.0,0.0,230.0,1723027.0,1723027.0,1723027.0,1543832192.0,1.0,1.0,,,,,,,,,,,,,,,,,
fe84a7e68ba30f83fd0f09d141ee51dd,1403/03/31,167.0,119.0,616.0,1723027.0,1723027.0,1723027.0,287745509.0,1.0,1.0,,,,,,,,,,,,,,,,,
fe84a7e68ba30f83fd0f09d141ee51dd,1403/06/31,353.0,357.0,617.0,1723027.0,1723027.0,1723027.0,608228531.0,1.0,1.0,,,,,,,,,,,,,,,,,
fe84a7e68ba30f83fd0f09d141ee51dd,1403/09/30,419.0,680.0,617.0,1723027.0,1723027.0,1723027.0,721948313.0,1.0,1.0,,,,,,,,,,,,,,,,,
fe84a7e68ba30f83fd0f09d141ee51dd,1403/12/30,768.0,0.0,617.0,1723027.0,1723027.0,1723027.0,1323284736.0,1.0,1.0,,,,,,,,,,,,,,,,,
fe84a7e68ba30f83fd0f09d141ee51dd,1404/03/31,245.0,167.0,677.0,1723027.0,1723027.0,1723027.0,422141615.0,1.0,1.0,,,,,,,,,,,,,,,,,
fe84a7e68ba30f83fd0f09d141ee51dd,1404/06/31,697.0,208.0,653.0,1723027.0,1723027.0,1723027.0,1200949819.0,1.0,1.0,,,,,,,,,,,,,,,,,
fe84a7e68ba30f83fd0f09d141ee51dd,1404/09/30,46.0,19.0,22.0,1723027.0,1723027.0,1723027.0,1142366901.0,1.0,1.0,,,,,,,,,,,,,,,,,
fe84a7e68ba30f83fd0f09d141ee51dd,1404/12/29,510.0,0.0,653.0,1723027.0,1723027.0,1723027.0,878743770.0,-1.0,100.0,,,,,,,,,,,,,,,,,
fe84a7e68ba30f83fd0f09d141ee51dd,1405/03/31,162.0,245.0,809.0,1723027.0,1723027.0,1723027.0,279130374.0,369687.0,558417.0,,,,,,,,,,,,,,,,,
ff114137fa42e84bc683b7b9b4aecee9,1398/12/29,3365.0,0.0,2430.0,500000.0,375000.0,375000.0,1682500000.0,1.0,1.0,,,,,,,,,,,,,,,,,
ff114137fa42e84bc683b7b9b4aecee9,1399/03/31,1961.0,866.0,3363.0,500000.0,500000.0,500000.0,980500000.0,1.0,1.0,,,,,,,,,,,,,,,,,
ff114137fa42e84bc683b7b9b4aecee9,1399/06/31,4016.0,1545.0,3363.0,500000.0,500000.0,500000.0,2008000000.0,1.0,1.0,,,,,,,,,,,,,,,,,
ff114137fa42e84bc683b7b9b4aecee9,1399/09/30,6077.0,2217.0,3363.0,500000.0,500000.0,500000.0,3038500000.0,1.0,1.0,,,,,,,,,,,,,,,,,
ff114137fa42e84bc683b7b9b4aecee9,1399/12/30,2602.0,0.0,3363.0,1500000.0,500000.0,500000.0,3903000000.0,1.0,1.0,,,,,,,,,,,,,,,,,
ff114137fa42e84bc683b7b9b4aecee9,1400/03/31,824.0,654.0,2602.0,1500000.0,1500000.0,1500000.0,1236000000.0,1.0,1.0,,,,,,,,,,,,,,,,,
ff114137fa42e84bc683b7b9b4aecee9,1400/06/31,1634.0,1469.0,2602.0,1500000.0,1500000.0,1500000.0,2451000000.0,1.0,1.0,,,,,,,,,,,,,,,,,
ff114137fa42e84bc683b7b9b4aecee9,1400/09/30,2293.0,2026.0,2602.0,1500000.0,1500000.0,1500000.0,3439500000.0,1.0,1.0,,,,,,,,,,,,,,,,,
ff114137fa42e84bc683b7b9b4aecee9,1400/12/29,3054.0,0.0,2602.0,1500000.0,1500000.0,1500000.0,4581000000.0,1.0,1.0,,,,,,,,,,,,,,,,,
ff114137fa42e84bc683b7b9b4aecee9,1401/03/31,910.0,824.0,2944.0,1500000.0,1500000.0,1500000.0,1365000000.0,1.0,1.0,,,,,,,,,,,,,,,,,
ff114137fa42e84bc683b7b9b4aecee9,1401/06/31,817.0,1634.0,2944.0,3500000.0,1500000.0,1500000.0,2859500000.0,1.0,1.0,,,,,,,,,,,,,,,,,
ff114137fa42e84bc683b7b9b4aecee9,1401/09/30,1159.0,2293.0,2944.0,3500000.0,1500000.0,1500000.0,4056500000.0,1.0,1.0,,,,,,,,,,,,,,,,,
ff114137fa42e84bc683b7b9b4aecee9,1401/12/29,1833.0,0.0,2944.0,3500000.0,1500000.0,1500000.0,6415500000.0,1.0,1.0,,,,,,,,,,,,,,,,,
ff114137fa42e84bc683b7b9b4aecee9,1402/03/31,470.0,910.0,1833.0,3500000.0,1500000.0,3500000.0,1645000000.0,1.0,1.0,,,,,,,,,,,,,,,,,
ff114137fa42e84bc683b7b9b4aecee9,1402/06/31,823.0,817.0,1833.0,3500000.0,3500000.0,3500000.0,2880500000.0,1.0,1.0,,,,,,,,,,,,,,,,,
ff114137fa42e84bc683b7b9b4aecee9,1402/09/30,1205.0,1159.0,1833.0,3500000.0,3500000.0,3500000.0,4217500000.0,1.0,1.0,,,,,,,,,,,,,,,,,
ff114137fa42e84bc683b7b9b4aecee9,1402/12/29,1880.0,0.0,1833.0,3500000.0,3500000.0,3500000.0,6580000000.0,1.0,1.0,,,,,,,,,,,,,,,,,
ff114137fa42e84bc683b7b9b4aecee9,1403/03/31,611.0,470.0,1880.0,3500000.0,3500000.0,3500000.0,2138500000.0,1.0,1.0,,,,,,,,,,,,,,,,,
ff114137fa42e84bc683b7b9b4aecee9,1403/06/31,1098.0,821.0,1880.0,3500000.0,3500000.0,3500000.0,3843000000.0,1.0,1.0,,,,,,,,,,,,,,,,,
ff114137fa42e84bc683b7b9b4aecee9,1403/09/30,1690.0,1205.0,1880.0,3500000.0,3500000.0,3500000.0,5915000000.0,1.0,1.0,,,,,,,,,,,,,,,,,
ff114137fa42e84bc683b7b9b4aecee9,1403/12/30,2236.0,0.0,1880.0,3500000.0,3500000.0,3500000.0,7826000000.0,1.0,1.0,,,,,,,,,,,,,,,,,
ff114137fa42e84bc683b7b9b4aecee9,1404/03/31,565.0,611.0,2385.0,3500000.0,3500000.0,3500000.0,1977500000.0,1.0,1.0,,,,,,,,,,,,,,,,,
ff114137fa42e84bc683b7b9b4aecee9,1404/06/31,1341.0,1098.0,2385.0,3500000.0,3500000.0,3500000.0,4693500000.0,1.0,1.0,,,,,,,,,,,,,,,,,
ff114137fa42e84bc683b7b9b4aecee9,1404/09/30,2069.0,722.0,2430.0,375000.0,375000.0,375000.0,7633500000.0,1.0,1.0,,,,,,,,,,,,,,,,,
ff114137fa42e84bc683b7b9b4aecee9,1404/12/29,2956.0,1230.0,2430.0,375000.0,375000.0,375000.0,10944500000.0,1.0,1.0,,,,,,,,,,,,,,,,,
ff114137fa42e84bc683b7b9b4aecee9,1405/03/31,1386.0,565.0,3217.0,3500000.0,3500000.0,3500000.0,4851000000.0,5786465.0,2247534.0,14378896.0,9290804.0,4572725.0,26864531.0,-341798.0,-34102.0,4851525.0,1978608.0,11258015.0,4603508.0,2144566.0,9311144.0,34240768.0,20613409.0,13280529.0,13171567.0,20960239.0
ff4c38ddc4d5a2b3d58437c8708fa6cb,1398/03/31,49.0,17547900.0,212.0,3000000.0,10.0,3000000.0,147000000.0,1.0,1.0,,,,,,,,,,,,,,,,,
ff4c38ddc4d5a2b3d58437c8708fa6cb,1398/09/30,213.0,62355900.0,212.0,3000000.0,10.0,3000000.0,639000000.0,1.0,1.0,,,,,,,,,,,,,,,,,
ff4c38ddc4d5a2b3d58437c8708fa6cb,1399/03/31,74.0,49.0,232.0,3000000.0,3000000.0,3000000.0,222000000.0,1.0,1.0,,,,,,,,,,,,,,,,,
ff4c38ddc4d5a2b3d58437c8708fa6cb,1399/06/31,275.0,216.0,232.0,3000000.0,3000000.0,3000000.0,825000000.0,1.0,1.0,,,,,,,,,,,,,,,,,
ff4c38ddc4d5a2b3d58437c8708fa6cb,1399/09/30,367.0,213.0,232.0,3000000.0,3000000.0,3000000.0,1101000000.0,1.0,1.0,,,,,,,,,,,,,,,,,
ff4c38ddc4d5a2b3d58437c8708fa6cb,1399/12/30,360.0,0.0,232.0,3000000.0,3000000.0,3000000.0,1080000000.0,1.0,1.0,,,,,,,,,,,,,,,,,
ff4c38ddc4d5a2b3d58437c8708fa6cb,1400/03/31,90.0,74.0,360.0,3000000.0,3000000.0,3000000.0,270000000.0,1.0,1.0,,,,,,,,,,,,,,,,,
ff4c38ddc4d5a2b3d58437c8708fa6cb,1400/06/31,348.0,281.0,360.0,3000000.0,3000000.0,3000000.0,1044000000.0,1.0,1.0,,,,,,,,,,,,,,,,,
ff4c38ddc4d5a2b3d58437c8708fa6cb,1400/09/30,493.0,396.0,360.0,3000000.0,3000000.0,3000000.0,1479000000.0,1.0,1.0,,,,,,,,,,,,,,,,,
ff4c38ddc4d5a2b3d58437c8708fa6cb,1400/12/29,591.0,0.0,360.0,3000000.0,3000000.0,3000000.0,1773000000.0,1.0,1.0,,,,,,,,,,,,,,,,,
ff4c38ddc4d5a2b3d58437c8708fa6cb,1401/03/31,149.0,105.0,591.0,3000000.0,3000000.0,3000000.0,447000000.0,1.0,1.0,,,,,,,,,,,,,,,,,
ff4c38ddc4d5a2b3d58437c8708fa6cb,1401/06/31,362.0,366.0,591.0,3000000.0,3000000.0,3000000.0,1086000000.0,1.0,1.0,,,,,,,,,,,,,,,,,
ff4c38ddc4d5a2b3d58437c8708fa6cb,1401/09/30,429.0,439.0,591.0,3000000.0,3000000.0,3000000.0,1287000000.0,1.0,1.0,,,,,,,,,,,,,,,,,
ff4c38ddc4d5a2b3d58437c8708fa6cb,1401/12/29,515.0,0.0,591.0,3000000.0,3000000.0,3000000.0,1545000000.0,1.0,1.0,,,,,,,,,,,,,,,,,
ff4c38ddc4d5a2b3d58437c8708fa6cb,1402/03/31,170.0,133.0,515.0,3000000.0,3000000.0,3000000.0,510000000.0,1.0,1.0,,,,,,,,,,,,,,,,,
ff4c38ddc4d5a2b3d58437c8708fa6cb,1402/06/31,447.0,359.0,515.0,3000000.0,3000000.0,3000000.0,1341000000.0,1.0,1.0,,,,,,,,,,,,,,,,,
ff4c38ddc4d5a2b3d58437c8708fa6cb,1402/09/30,536.0,429.0,515.0,3000000.0,3000000.0,3000000.0,1608000000.0,1.0,1.0,,,,,,,,,,,,,,,,,
ff4c38ddc4d5a2b3d58437c8708fa6cb,1402/12/29,548.0,0.0,515.0,3000000.0,3000000.0,3000000.0,1644000000.0,1.0,1.0,,,,,,,,,,,,,,,,,
ff4c38ddc4d5a2b3d58437c8708fa6cb,1403/03/31,168.0,170.0,555.0,3000000.0,3000000.0,3000000.0,504000000.0,1.0,1.0,,,,,,,,,,,,,,,,,
ff4c38ddc4d5a2b3d58437c8708fa6cb,1403/06/31,487.0,457.0,555.0,3000000.0,3000000.0,3000000.0,1461000000.0,1.0,1.0,,,,,,,,,,,,,,,,,
ff4c38ddc4d5a2b3d58437c8708fa6cb,1403/09/30,760.0,536.0,555.0,3000000.0,3000000.0,3000000.0,2280000000.0,1.0,1.0,,,,,,,,,,,,,,,,,
ff4c38ddc4d5a2b3d58437c8708fa6cb,1403/12/30,821.0,0.0,555.0,3000000.0,3000000.0,3000000.0,2463000000.0,1.0,1.0,,,,,,,,,,,,,,,,,
ff4c38ddc4d5a2b3d58437c8708fa6cb,1404/03/31,505.0,168.0,821.0,3000000.0,3000000.0,3000000.0,1515000000.0,1.0,1.0,,,,,,,,,,,,,,,,,
ff4c38ddc4d5a2b3d58437c8708fa6cb,1404/06/31,951.0,535.0,821.0,3000000.0,3000000.0,3000000.0,2853000000.0,1.0,1.0,,,,,,,,,,,,,,,,,
ff4c38ddc4d5a2b3d58437c8708fa6cb,1404/09/30,1364.0,760.0,821.0,3000000.0,3000000.0,3000000.0,4092000000.0,1.0,1.0,,,,,,,,,,,,,,,,,
ff4c38ddc4d5a2b3d58437c8708fa6cb,1404/12/29,1580.0,0.0,821.0,3000000.0,3000000.0,3000000.0,4740000000.0,-1.0,100.0,,,,,,,,,,,,,,,,,
ff4c38ddc4d5a2b3d58437c8708fa6cb,1405/03/31,712.0,505.0,1555.0,3000000.0,3000000.0,3000000.0,2136000000.0,2323023.0,1771392.0,,,,,,,,,,,,,,,,,
