legacy_company_id,ReportDate,Value1,Value2,Value3
002c39c907ffac34a1ee6c5b55cefd23,1402/01/31,0.0,0.0,1552046.0
002c39c907ffac34a1ee6c5b55cefd23,1402/02/31,0.0,0.0,1935375.0
002c39c907ffac34a1ee6c5b55cefd23,1402/03/31,0.0,0.0,2004682.0
002c39c907ffac34a1ee6c5b55cefd23,1402/04/31,0.0,0.0,1861772.0
002c39c907ffac34a1ee6c5b55cefd23,1402/05/31,0.0,0.0,2034058.0
002c39c907ffac34a1ee6c5b55cefd23,1402/06/31,0.0,0.0,1994634.0
002c39c907ffac34a1ee6c5b55cefd23,1402/07/30,0.0,0.0,2183068.0
002c39c907ffac34a1ee6c5b55cefd23,1402/08/30,0.0,0.0,2121502.0
002c39c907ffac34a1ee6c5b55cefd23,1402/09/30,0.0,0.0,1969100.0
002c39c907ffac34a1ee6c5b55cefd23,1402/10/30,0.0,0.0,1417374.0
002c39c907ffac34a1ee6c5b55cefd23,1402/11/30,0.0,0.0,1643576.0
002c39c907ffac34a1ee6c5b55cefd23,1402/12/29,0.0,0.0,1925380.0
002c39c907ffac34a1ee6c5b55cefd23,1403/01/31,0.0,0.0,1904849.0
002c39c907ffac34a1ee6c5b55cefd23,1403/02/31,0.0,0.0,3051953.0
002c39c907ffac34a1ee6c5b55cefd23,1403/03/31,0.0,0.0,2947112.0
002c39c907ffac34a1ee6c5b55cefd23,1403/04/31,0.0,0.0,2115266.0
002c39c907ffac34a1ee6c5b55cefd23,1403/05/31,0.0,0.0,3151988.0
002c39c907ffac34a1ee6c5b55cefd23,1403/06/31,0.0,0.0,3154656.0
002c39c907ffac34a1ee6c5b55cefd23,1403/07/30,0.0,0.0,3083376.0
002c39c907ffac34a1ee6c5b55cefd23,1403/08/30,0.0,0.0,2859537.0
002c39c907ffac34a1ee6c5b55cefd23,1403/09/30,0.0,0.0,2817620.0
002c39c907ffac34a1ee6c5b55cefd23,1403/10/30,0.0,0.0,2464190.0
002c39c907ffac34a1ee6c5b55cefd23,1403/11/30,0.0,0.0,3089317.0
002c39c907ffac34a1ee6c5b55cefd23,1403/12/30,0.0,0.0,2685237.0
002c39c907ffac34a1ee6c5b55cefd23,1404/01/31,0.0,0.0,3006220.0
002c39c907ffac34a1ee6c5b55cefd23,1404/02/31,0.0,0.0,4598384.0
002c39c907ffac34a1ee6c5b55cefd23,1404/03/31,0.0,0.0,4046218.0
002c39c907ffac34a1ee6c5b55cefd23,1404/04/31,0.0,0.0,3451461.0
002c39c907ffac34a1ee6c5b55cefd23,1404/05/31,0.0,0.0,4548194.0
002c39c907ffac34a1ee6c5b55cefd23,1404/06/31,0.0,0.0,4894780.0
002c39c907ffac34a1ee6c5b55cefd23,1404/07/30,0.0,0.0,5225351.0
002c39c907ffac34a1ee6c5b55cefd23,1404/08/30,0.0,0.0,4577034.0
002c39c907ffac34a1ee6c5b55cefd23,1404/09/30,0.0,0.0,4744942.0
002c39c907ffac34a1ee6c5b55cefd23,1404/10/30,0.0,0.0,5092026.0
002c39c907ffac34a1ee6c5b55cefd23,1404/11/30,0.0,0.0,5537860.0
002c39c907ffac34a1ee6c5b55cefd23,1404/12/29,0.0,0.0,4962549.0
002c39c907ffac34a1ee6c5b55cefd23,1405/01/31,0.0,0.0,5184354.0
002c39c907ffac34a1ee6c5b55cefd23,1405/02/31,0.0,0.0,7465428.0
002c39c907ffac34a1ee6c5b55cefd23,1405/03/31,0.0,0.0,7058497.0
003aeed095825b208ba109440c6a6431,1399/09/30,10548957.0,15347862.0,3416778.0
003aeed095825b208ba109440c6a6431,1399/10/30,12099969.0,18052552.0,2704690.0
003aeed095825b208ba109440c6a6431,1399/11/30,12451711.0,19317300.0,1264748.0
003aeed095825b208ba109440c6a6431,1399/12/30,14124456.0,22157318.0,2686954.0
003aeed095825b208ba109440c6a6431,1400/01/31,996038.0,2358066.0,2358066.0
003aeed095825b208ba109440c6a6431,1400/02/31,2932922.0,5089606.0,2731540.0
003aeed095825b208ba109440c6a6431,1400/03/31,3525408.0,8386883.0,3297277.0
003aeed095825b208ba109440c6a6431,1400/04/31,4204010.0,11847574.0,3460734.0
003aeed095825b208ba109440c6a6431,1400/05/31,5591839.0,14489524.0,2641950.0
003aeed095825b208ba109440c6a6431,1400/06/31,7158542.0,20655495.0,6165972.0
003aeed095825b208ba109440c6a6431,1400/07/30,9320105.0,25998128.0,5342633.0
003aeed095825b208ba109440c6a6431,1400/08/30,11931084.0,30563008.0,4564880.0
003aeed095825b208ba109440c6a6431,1400/09/30,15347862.0,40905240.0,9612676.0
003aeed095825b208ba109440c6a6431,1400/10/30,18052552.0,44673817.0,3768577.0
003aeed095825b208ba109440c6a6431,1400/11/30,19470364.0,47580108.0,2906291.0
003aeed095825b208ba109440c6a6431,1400/12/29,22157318.0,52733742.0,5131898.0
003aeed095825b208ba109440c6a6431,1401/01/31,2358066.0,4869790.0,4869790.0
003aeed095825b208ba109440c6a6431,1401/02/31,5089606.0,10709425.0,5839635.0
003aeed095825b208ba109440c6a6431,1401/03/31,8386840.0,19533324.0,9702296.0
003aeed095825b208ba109440c6a6431,1401/04/31,11847574.0,27752540.0,8219216.0
003aeed095825b208ba109440c6a6431,1401/05/31,14489524.0,39681518.0,11928978.0
003aeed095825b208ba109440c6a6431,1401/06/31,20655494.0,46196145.0,7010482.0
003aeed095825b208ba109440c6a6431,1401/07/30,25998128.0,53672300.0,7476155.0
003aeed095825b208ba109440c6a6431,1401/08/30,31292564.0,60683762.0,7011462.0
003aeed095825b208ba109440c6a6431,1401/09/30,40905240.0,66049638.0,5365876.0
003aeed095825b208ba109440c6a6431,1401/10/30,44673817.0,70610453.0,4560815.0
003aeed095825b208ba109440c6a6431,1401/11/30,47580108.0,73829860.0,3219407.0
003aeed095825b208ba109440c6a6431,1401/12/29,52733742.0,79362180.0,6616106.0
003aeed095825b208ba109440c6a6431,1402/01/31,4869790.0,5070914.0,5070914.0
003aeed095825b208ba109440c6a6431,1402/02/31,9831028.0,11306987.0,6236073.0
003aeed095825b208ba109440c6a6431,1402/03/31,19533324.0,17275487.0,5968500.0
003aeed095825b208ba109440c6a6431,1402/04/31,27752540.0,23339419.0,6063932.0
003aeed095825b208ba109440c6a6431,1402/05/31,39185663.0,30369140.0,7029721.0
003aeed095825b208ba109440c6a6431,1402/06/31,46196145.0,34915480.0,4667490.0
003aeed095825b208ba109440c6a6431,1402/07/30,53672300.0,41639496.0,6724016.0
003aeed095825b208ba109440c6a6431,1402/08/30,60684248.0,47304855.0,5665359.0
003aeed095825b208ba109440c6a6431,1402/09/30,66049638.0,53545653.0,6240798.0
003aeed095825b208ba109440c6a6431,1402/10/30,70610453.0,60365837.0,6820184.0
003aeed095825b208ba109440c6a6431,1402/11/30,73829860.0,62486778.0,2120941.0
003aeed095825b208ba109440c6a6431,1402/12/29,79362180.0,65135923.0,2796573.0
003aeed095825b208ba109440c6a6431,1403/01/31,5070914.0,4856114.0,4856114.0
003aeed095825b208ba109440c6a6431,1403/02/31,11306987.0,12952932.0,8086244.0
003aeed095825b208ba109440c6a6431,1403/03/31,17275487.0,19313020.0,6360033.0
003aeed095825b208ba109440c6a6431,1403/04/31,23339419.0,25506557.0,6193537.0
003aeed095825b208ba109440c6a6431,1403/05/31,30247990.0,31406807.0,5900250.0
003aeed095825b208ba109440c6a6431,1403/06/31,34915480.0,38365683.0,6578918.0
003aeed095825b208ba109440c6a6431,1403/07/30,41639496.0,47309962.0,8944279.0
003aeed095825b208ba109440c6a6431,1403/08/30,47304855.0,54604676.0,7294714.0
003aeed095825b208ba109440c6a6431,1403/09/30,53545653.0,65491528.0,9866650.0
003aeed095825b208ba109440c6a6431,1403/10/30,60365837.0,69441342.0,3949814.0
003aeed095825b208ba109440c6a6431,1403/11/30,62486778.0,70147025.0,705683.0
003aeed095825b208ba109440c6a6431,1403/12/30,65135923.0,70072719.0,258134.0
003aeed095825b208ba109440c6a6431,1404/01/31,4856114.0,10676559.0,10676559.0
003aeed095825b208ba109440c6a6431,1404/02/31,12952932.0,22333799.0,11657240.0
003aeed095825b208ba109440c6a6431,1404/03/31,19313020.0,29807425.0,7252504.0
003aeed095825b208ba109440c6a6431,1404/04/31,25506557.0,39225951.0,9418526.0
003aeed095825b208ba109440c6a6431,1404/05/31,31786765.0,53349659.0,14123708.0
003aeed095825b208ba109440c6a6431,1404/06/31,38365683.0,67886647.0,13824074.0
003aeed095825b208ba109440c6a6431,1404/07/30,47309962.0,82961536.0,15074889.0
003aeed095825b208ba109440c6a6431,1404/08/30,55624878.0,95229210.0,12267674.0
003aeed095825b208ba109440c6a6431,1404/09/30,65491528.0,116173341.0,21800727.0
003aeed095825b208ba109440c6a6431,1404/10/30,69441342.0,124770025.0,8596684.0
003aeed095825b208ba109440c6a6431,1404/11/30,70337111.0,132613732.0,7843707.0
003aeed095825b208ba109440c6a6431,1404/12/29,70072719.0,143134989.0,10482784.0
003aeed095825b208ba109440c6a6431,1405/01/31,10676559.0,11247638.0,11247638.0
003aeed095825b208ba109440c6a6431,1405/02/31,22554921.0,23093328.0,11845690.0
003aeed095825b208ba109440c6a6431,1405/03/31,0.0,0.0,26648677.0
003aeed095825b208ba109440c6a6431,1405/04/31,0.0,0.0,42760202.0
003aeed095825b208ba109440c6a6431,1405/05/31,0.0,0.0,32149298.0
02d0fb54342c0cc17bc1062d7d88f448,1401/01/31,202246.0,276878.0,276878.0
02d0fb54342c0cc17bc1062d7d88f448,1401/02/31,415591.0,633839.0,356961.0
02d0fb54342c0cc17bc1062d7d88f448,1401/03/31,664350.0,1221848.0,588009.0
02d0fb54342c0cc17bc1062d7d88f448,1401/04/31,963296.0,1887650.0,651476.0
02d0fb54342c0cc17bc1062d7d88f448,1401/05/31,1216911.0,2461730.0,574080.0
02d0fb54342c0cc17bc1062d7d88f448,1401/06/31,1593776.0,3124101.0,662371.0
02d0fb54342c0cc17bc1062d7d88f448,1401/07/30,1919171.0,3730416.0,606498.0
02d0fb54342c0cc17bc1062d7d88f448,1401/08/30,2374998.0,4446293.0,715877.0
02d0fb54342c0cc17bc1062d7d88f448,1401/09/30,2644546.0,4958331.0,512038.0
02d0fb54342c0cc17bc1062d7d88f448,1401/10/30,2910892.0,5485018.0,526687.0
02d0fb54342c0cc17bc1062d7d88f448,1401/11/30,3190198.0,6008534.0,523516.0
02d0fb54342c0cc17bc1062d7d88f448,1401/12/29,3444698.0,6532823.0,524289.0
02d0fb54342c0cc17bc1062d7d88f448,1402/01/31,276878.0,559595.0,559595.0
02d0fb54342c0cc17bc1062d7d88f448,1402/02/31,652707.0,1182288.0,622693.0
02d0fb54342c0cc17bc1062d7d88f448,1402/03/31,1221848.0,1962106.0,746386.0
02d0fb54342c0cc17bc1062d7d88f448,1402/04/31,1887650.0,2790585.0,842191.0
02d0fb54342c0cc17bc1062d7d88f448,1402/05/31,2461730.0,3499865.0,713804.0
02d0fb54342c0cc17bc1062d7d88f448,1402/06/31,3143470.0,4292477.0,794433.0
02d0fb54342c0cc17bc1062d7d88f448,1402/07/30,3723018.0,5211893.0,941090.0
02d0fb54342c0cc17bc1062d7d88f448,1402/08/30,4436659.0,5967906.0,753944.0
02d0fb54342c0cc17bc1062d7d88f448,1402/09/30,4954786.0,6689064.0,721158.0
02d0fb54342c0cc17bc1062d7d88f448,1402/10/30,5475918.0,7399014.0,709950.0
02d0fb54342c0cc17bc1062d7d88f448,1402/11/30,5999032.0,8108354.0,709340.0
02d0fb54342c0cc17bc1062d7d88f448,1402/12/29,6516276.0,8764702.0,656348.0
02d0fb54342c0cc17bc1062d7d88f448,1403/01/31,547946.0,731289.0,731289.0
02d0fb54342c0cc17bc1062d7d88f448,1403/02/31,1171074.0,1533462.0,802173.0
02d0fb54342c0cc17bc1062d7d88f448,1403/03/31,1962107.0,2258452.0,724990.0
02d0fb54342c0cc17bc1062d7d88f448,1403/04/31,2774493.0,3247599.0,989147.0
02d0fb54342c0cc17bc1062d7d88f448,1403/05/31,3497169.0,3969397.0,713980.0
02d0fb54342c0cc17bc1062d7d88f448,1403/06/31,4244698.0,4973923.0,1004526.0
02d0fb54342c0cc17bc1062d7d88f448,1403/07/30,5214615.0,6177377.0,1203348.0
02d0fb54342c0cc17bc1062d7d88f448,1403/08/30,5974227.0,7572574.0,1406610.0
02d0fb54342c0cc17bc1062d7d88f448,1403/09/30,6695391.0,8468662.0,896088.0
02d0fb54342c0cc17bc1062d7d88f448,1403/10/30,7403901.0,9383446.0,914784.0
02d0fb54342c0cc17bc1062d7d88f448,1403/11/30,8108354.0,10294669.0,911223.0
02d0fb54342c0cc17bc1062d7d88f448,1403/12/30,8793036.0,11186287.0,891618.0
02d0fb54342c0cc17bc1062d7d88f448,1404/01/31,730737.0,926988.0,926988.0
02d0fb54342c0cc17bc1062d7d88f448,1404/02/31,1534457.0,2060103.0,1133115.0
02d0fb54342c0cc17bc1062d7d88f448,1404/03/31,2253610.0,3206577.0,1146474.0
02d0fb54342c0cc17bc1062d7d88f448,1404/04/31,3254328.0,4605675.0,1399098.0
02d0fb54342c0cc17bc1062d7d88f448,1404/05/31,3966485.0,5736231.0,1130593.0
02d0fb54342c0cc17bc1062d7d88f448,1404/06/31,4969408.0,7006442.0,1270211.0
02d0fb54342c0cc17bc1062d7d88f448,1404/07/30,6183551.0,8623303.0,1616861.0
02d0fb54342c0cc17bc1062d7d88f448,1404/08/30,7601085.0,10924322.0,2301019.0
02d0fb54342c0cc17bc1062d7d88f448,1404/09/30,8468662.0,12621314.0,1696992.0
02d0fb54342c0cc17bc1062d7d88f448,1404/10/30,9383446.0,14017256.0,1395942.0
02d0fb54342c0cc17bc1062d7d88f448,1404/11/30,10294669.0,15778198.0,1760942.0
02d0fb54342c0cc17bc1062d7d88f448,1404/12/29,11223920.0,17541938.0,1763740.0
02d0fb54342c0cc17bc1062d7d88f448,1405/01/31,956556.0,1961165.0,1961165.0
02d0fb54342c0cc17bc1062d7d88f448,1405/02/31,2058182.0,4118511.0,2157346.0
02d0fb54342c0cc17bc1062d7d88f448,1405/03/31,0.0,0.0,2705192.0
02d0fb54342c0cc17bc1062d7d88f448,1405/04/31,0.0,0.0,3248028.0
03892a92148b9665bbb3713469826e29,1399/07/30,3160671.08,576942.0,2583729.08
03892a92148b9665bbb3713469826e29,1399/08/30,3537681.08,377010.0,3160671.08
03892a92148b9665bbb3713469826e29,1399/09/30,3937454.08,399773.0,3537681.08
03892a92148b9665bbb3713469826e29,1399/10/30,4186411.08,279533.0,3906878.08
03892a92148b9665bbb3713469826e29,1399/11/30,157383.0,487770.0,487770.0
03892a92148b9665bbb3713469826e29,1399/12/30,203145.0,925385.0,437615.0
03892a92148b9665bbb3713469826e29,1400/01/31,501932.97,1362100.0,436715.0
03892a92148b9665bbb3713469826e29,1400/02/31,788090.0,2015355.0,653255.0
03892a92148b9665bbb3713469826e29,1400/03/31,1153917.0,2332002.0,316647.0
03892a92148b9665bbb3713469826e29,1400/04/30,1511665.0,2653741.0,321739.0
03892a92148b9665bbb3713469826e29,1400/05/31,1882474.0,3230571.0,576830.0
03892a92148b9665bbb3713469826e29,1400/06/31,2583729.0,3825112.0,594541.0
03892a92148b9665bbb3713469826e29,1400/07/30,3160671.0,4364883.0,539771.0
03892a92148b9665bbb3713469826e29,1400/08/30,3537619.0,4769330.0,429384.0
03892a92148b9665bbb3713469826e29,1400/09/30,3937454.0,5598109.0,828779.0
03892a92148b9665bbb3713469826e29,1400/10/30,4169376.0,6258519.0,660410.0
03892a92148b9665bbb3713469826e29,1400/11/30,487770.0,392884.0,392884.0
03892a92148b9665bbb3713469826e29,1400/12/29,925385.0,1490125.0,1097241.0
03892a92148b9665bbb3713469826e29,1401/01/31,1371183.0,1875304.0,385179.0
03892a92148b9665bbb3713469826e29,1401/02/31,2015355.0,2725293.0,849989.0
03892a92148b9665bbb3713469826e29,1401/03/31,2332002.0,4166325.0,1441032.0
03892a92148b9665bbb3713469826e29,1401/04/31,2653741.0,5485485.0,1319160.0
03892a92148b9665bbb3713469826e29,1401/05/31,3230571.0,6794714.0,1309230.0
03892a92148b9665bbb3713469826e29,1401/06/31,3825112.0,7665610.0,870895.0
03892a92148b9665bbb3713469826e29,1401/07/30,4339949.0,8339669.0,674059.0
03892a92148b9665bbb3713469826e29,1401/08/30,4769330.0,9330565.0,990896.0
03892a92148b9665bbb3713469826e29,1401/09/30,5598109.0,9912896.0,582331.0
03892a92148b9665bbb3713469826e29,1401/10/30,6258519.0,10301791.0,388895.0
03892a92148b9665bbb3713469826e29,1401/11/30,392884.0,1017282.0,1017282.0
03892a92148b9665bbb3713469826e29,1401/12/29,1490125.0,2151279.0,1133997.0
03892a92148b9665bbb3713469826e29,1402/01/31,1875304.0,3019253.0,867974.0
03892a92148b9665bbb3713469826e29,1402/02/31,2725294.0,4314756.0,1295503.0
03892a92148b9665bbb3713469826e29,1402/03/31,3212251.0,6084669.0,1769913.0
03892a92148b9665bbb3713469826e29,1402/04/31,5485485.0,7553945.0,1469276.0
03892a92148b9665bbb3713469826e29,1402/05/31,6794717.0,8953608.0,1399663.0
03892a92148b9665bbb3713469826e29,1402/06/31,7665613.0,10561946.0,1608338.0
03892a92148b9665bbb3713469826e29,1402/07/30,8339678.0,11926061.0,1364115.0
03892a92148b9665bbb3713469826e29,1402/08/30,9330575.0,13311502.0,1385441.0
03892a92148b9665bbb3713469826e29,1402/09/30,9912906.0,14649127.0,1337625.0
03892a92148b9665bbb3713469826e29,1402/10/30,10301791.0,15624981.0,975854.0
03892a92148b9665bbb3713469826e29,1402/11/30,1017283.0,965665.0,965665.0
03892a92148b9665bbb3713469826e29,1402/12/29,2151280.0,2281282.0,1315617.0
03892a92148b9665bbb3713469826e29,1403/01/31,3019254.0,4062757.0,1781475.0
03892a92148b9665bbb3713469826e29,1403/02/31,4314756.0,5531253.0,1467357.0
03892a92148b9665bbb3713469826e29,1403/03/31,6084671.0,7026191.0,1494938.0
03892a92148b9665bbb3713469826e29,1403/04/31,7553945.0,8425960.0,1399769.0
03892a92148b9665bbb3713469826e29,1403/05/31,8953608.0,10208206.0,1782246.0
03892a92148b9665bbb3713469826e29,1403/06/31,7553945.0,12404514.0,2196308.0
03892a92148b9665bbb3713469826e29,1403/07/30,11926062.0,14482627.0,2078113.0
03892a92148b9665bbb3713469826e29,1403/08/30,13311502.0,16799251.0,2316624.0
03892a92148b9665bbb3713469826e29,1403/09/30,14649126.0,18640831.0,1841580.0
03892a92148b9665bbb3713469826e29,1403/10/30,16548562.0,21701684.0,3060853.0
03892a92148b9665bbb3713469826e29,1403/11/30,965664.0,1515362.0,1515362.0
03892a92148b9665bbb3713469826e29,1403/12/30,2281283.0,3605339.0,2089977.0
03892a92148b9665bbb3713469826e29,1404/01/31,4062758.0,5427339.0,1822000.0
03892a92148b9665bbb3713469826e29,1404/02/31,5531253.0,9391570.0,3964231.0
03892a92148b9665bbb3713469826e29,1404/03/31,7026190.0,14427422.0,5035852.0
03892a92148b9665bbb3713469826e29,1404/04/31,8425960.0,17371511.0,2944089.0
03892a92148b9665bbb3713469826e29,1404/05/31,10208205.0,19769380.0,2397869.0
03892a92148b9665bbb3713469826e29,1404/06/31,12404513.0,22775015.0,3005635.0
03892a92148b9665bbb3713469826e29,1404/07/30,14482626.0,25872223.0,3097208.0
03892a92148b9665bbb3713469826e29,1404/08/30,16799250.0,28803012.0,2930789.0
03892a92148b9665bbb3713469826e29,1404/09/30,18640830.0,31422051.0,2619039.0
03892a92148b9665bbb3713469826e29,1404/10/30,21701684.0,33629683.0,2207632.0
03892a92148b9665bbb3713469826e29,1404/11/30,1511666.08,357749.0,2398428.0
03892a92148b9665bbb3713469826e29,1404/12/29,1882474.08,370808.0,2767839.0
03892a92148b9665bbb3713469826e29,1405/01/31,2583729.08,701255.0,2370197.0
03892a92148b9665bbb3713469826e29,1405/02/31,9391570.0,12234290.0,4697826.0
03892a92148b9665bbb3713469826e29,1405/03/31,0.0,0.0,4552380.0
03892a92148b9665bbb3713469826e29,1405/04/31,0.0,0.0,4071944.0
04234a593ca4912aa015a1dea99da781,1399/04/31,561582.0,828860.0,253903.0
04234a593ca4912aa015a1dea99da781,1399/05/31,722553.0,1045473.0,217852.0
04234a593ca4912aa015a1dea99da781,1399/06/31,912127.0,1293218.0,240239.0
04234a593ca4912aa015a1dea99da781,1399/07/30,1081539.0,1554900.0,249295.0
04234a593ca4912aa015a1dea99da781,1399/08/30,1249222.0,1841069.0,286169.0
04234a593ca4912aa015a1dea99da781,1399/09/30,1428396.0,2157227.0,311661.0
04234a593ca4912aa015a1dea99da781,1399/10/30,1616951.0,2497615.0,340716.0
04234a593ca4912aa015a1dea99da781,1399/11/30,1788216.0,2819244.0,321629.0
04234a593ca4912aa015a1dea99da781,1399/12/30,1954531.0,3160738.0,337919.0
04234a593ca4912aa015a1dea99da781,1400/01/31,180776.0,340108.0,340108.0
04234a593ca4912aa015a1dea99da781,1400/02/31,372793.0,689527.0,349419.0
04234a593ca4912aa015a1dea99da781,1400/03/31,689527.0,1064556.0,367591.0
04234a593ca4912aa015a1dea99da781,1400/04/31,828860.0,1415590.0,351034.0
04234a593ca4912aa015a1dea99da781,1400/05/31,1045473.0,1806053.0,390463.0
04234a593ca4912aa015a1dea99da781,1400/06/31,1293218.0,2358694.0,469476.0
04234a593ca4912aa015a1dea99da781,1400/07/30,1554900.0,2801567.0,442873.0
04234a593ca4912aa015a1dea99da781,1400/08/30,1841069.0,3249568.0,448001.0
04234a593ca4912aa015a1dea99da781,1400/09/30,2157227.0,3704642.0,455641.0
04234a593ca4912aa015a1dea99da781,1400/10/30,2497615.0,4180099.0,475428.0
04234a593ca4912aa015a1dea99da781,1400/11/30,2819244.0,4660650.0,480801.0
04234a593ca4912aa015a1dea99da781,1400/12/29,3160738.0,5147200.0,485605.0
04234a593ca4912aa015a1dea99da781,1401/01/31,361804.0,508999.0,508999.0
04234a593ca4912aa015a1dea99da781,1401/02/31,718885.0,1029553.0,520277.0
04234a593ca4912aa015a1dea99da781,1401/03/31,1062435.0,1957192.0,892178.0
04234a593ca4912aa015a1dea99da781,1401/04/31,1443750.0,2713978.0,891795.0
04234a593ca4912aa015a1dea99da781,1401/05/31,1928937.0,3628407.0,914429.0
04234a593ca4912aa015a1dea99da781,1401/06/31,2389406.0,4710018.0,957916.0
04234a593ca4912aa015a1dea99da781,1401/07/30,2957552.0,5676835.0,968061.0
04234a593ca4912aa015a1dea99da781,1401/08/30,3313540.0,6599620.0,922104.0
04234a593ca4912aa015a1dea99da781,1401/09/30,3782017.0,7544050.0,947888.0
04234a593ca4912aa015a1dea99da781,1401/10/30,4447414.0,8460440.0,927022.0
04234a593ca4912aa015a1dea99da781,1401/11/30,4737541.0,9422118.0,959784.0
04234a593ca4912aa015a1dea99da781,1401/12/29,5209164.0,10360215.0,946113.0
04234a593ca4912aa015a1dea99da781,1402/01/31,508999.0,1040488.0,1040488.0
04234a593ca4912aa015a1dea99da781,1402/02/31,1065014.0,2094005.0,1061990.0
04234a593ca4912aa015a1dea99da781,1402/03/31,1932461.0,3326031.0,1200823.0
04234a593ca4912aa015a1dea99da781,1402/04/31,2826715.0,4415431.0,1206932.0
04234a593ca4912aa015a1dea99da781,1402/05/31,3752102.0,5530319.0,1160559.0
04234a593ca4912aa015a1dea99da781,1402/06/31,4708774.0,6909087.0,1377454.0
04234a593ca4912aa015a1dea99da781,1402/07/30,5087267.0,8373151.0,1344229.0
04234a593ca4912aa015a1dea99da781,1402/08/30,6596162.0,9646702.0,1272653.0
04234a593ca4912aa015a1dea99da781,1402/09/30,7533418.0,10928675.0,1284037.0
04234a593ca4912aa015a1dea99da781,1402/10/30,8462334.0,12250101.0,1363168.0
04234a593ca4912aa015a1dea99da781,1402/11/30,9414102.0,13564651.0,1312591.0
04234a593ca4912aa015a1dea99da781,1402/12/29,10547120.0,14896489.0,1331838.0
04234a593ca4912aa015a1dea99da781,1403/01/31,1040488.0,1405974.0,1405974.0
04234a593ca4912aa015a1dea99da781,1403/02/31,2125208.0,2874782.0,1469158.0
04234a593ca4912aa015a1dea99da781,1403/03/31,3208499.0,4259023.0,1374063.0
04234a593ca4912aa015a1dea99da781,1403/04/31,4369760.0,5647829.0,1390641.0
04234a593ca4912aa015a1dea99da781,1403/05/31,5531633.0,7048860.0,1397868.0
04234a593ca4912aa015a1dea99da781,1403/06/31,7028922.0,8525258.0,1479053.0
04234a593ca4912aa015a1dea99da781,1403/07/30,8374049.0,10007265.0,1535466.0
04234a593ca4912aa015a1dea99da781,1403/08/30,9644638.0,11651693.0,1644428.0
04234a593ca4912aa015a1dea99da781,1403/09/30,10886933.0,13322866.0,1668990.0
04234a593ca4912aa015a1dea99da781,1403/10/30,12252060.0,15058618.0,1735752.0
04234a593ca4912aa015a1dea99da781,1403/11/30,13564651.0,16857577.0,1805907.0
04234a593ca4912aa015a1dea99da781,1403/12/30,14896489.0,18667367.0,1809799.0
04234a593ca4912aa015a1dea99da781,1404/01/31,1405624.0,1879664.0,1879664.0
04234a593ca4912aa015a1dea99da781,1404/02/31,2884960.0,3780587.0,1896661.0
04234a593ca4912aa015a1dea99da781,1404/03/31,4257188.0,6157140.0,2364470.0
04234a593ca4912aa015a1dea99da781,1404/04/31,5650992.0,8432676.0,2276305.0
04234a593ca4912aa015a1dea99da781,1404/05/31,7046205.0,10633771.0,2190214.0
04234a593ca4912aa015a1dea99da781,1404/06/31,8471799.0,13063780.0,2420159.0
04234a593ca4912aa015a1dea99da781,1404/07/30,10007265.0,15515461.0,2350234.0
04234a593ca4912aa015a1dea99da781,1404/08/30,11653876.0,18214579.0,2635894.0
04234a593ca4912aa015a1dea99da781,1404/09/30,13322866.0,21224789.0,2987268.0
04234a593ca4912aa015a1dea99da781,1404/10/30,16857577.0,24216374.0,2886664.0
04234a593ca4912aa015a1dea99da781,1404/11/30,14515362.0,28380823.0,4152889.0
04234a593ca4912aa015a1dea99da781,1404/12/29,268331.0,372793.0,3922113.0
04234a593ca4912aa015a1dea99da781,1405/01/30,412955.0,574957.0,4259779.0
04234a593ca4912aa015a1dea99da781,1405/02/31,3792670.0,8776200.0,4516421.0
04234a593ca4912aa015a1dea99da781,1405/03/31,0.0,0.0,5688253.0
04234a593ca4912aa015a1dea99da781,1405/04/31,0.0,0.0,5860212.0
04234a593ca4912aa015a1dea99da781,1405/05/31,0.0,0.0,6171106.0
04596c0c8cd003eca6202bb9351d3d5d,1402/01/31,0.0,0.0,470729.0
04596c0c8cd003eca6202bb9351d3d5d,1402/02/31,0.0,0.0,653559.0
04596c0c8cd003eca6202bb9351d3d5d,1402/03/31,0.0,0.0,769376.0
04596c0c8cd003eca6202bb9351d3d5d,1402/04/31,0.0,0.0,729836.0
04596c0c8cd003eca6202bb9351d3d5d,1402/05/31,0.0,0.0,673615.0
04596c0c8cd003eca6202bb9351d3d5d,1402/06/31,0.0,0.0,608032.0
04596c0c8cd003eca6202bb9351d3d5d,1402/07/30,0.0,0.0,824582.0
04596c0c8cd003eca6202bb9351d3d5d,1402/08/30,0.0,0.0,870458.0
04596c0c8cd003eca6202bb9351d3d5d,1402/09/30,0.0,0.0,788966.0
04596c0c8cd003eca6202bb9351d3d5d,1402/10/30,0.0,0.0,765735.0
04596c0c8cd003eca6202bb9351d3d5d,1402/11/30,0.0,0.0,686425.0
04596c0c8cd003eca6202bb9351d3d5d,1402/12/29,0.0,0.0,666119.0
04596c0c8cd003eca6202bb9351d3d5d,1403/01/31,0.0,0.0,364953.0
04596c0c8cd003eca6202bb9351d3d5d,1403/02/31,0.0,0.0,969770.0
04596c0c8cd003eca6202bb9351d3d5d,1403/03/31,0.0,0.0,792623.0
04596c0c8cd003eca6202bb9351d3d5d,1403/04/31,0.0,0.0,711444.0
04596c0c8cd003eca6202bb9351d3d5d,1403/05/31,0.0,0.0,842713.0
04596c0c8cd003eca6202bb9351d3d5d,1403/06/31,0.0,0.0,626303.0
04596c0c8cd003eca6202bb9351d3d5d,1403/07/30,0.0,0.0,876084.0
04596c0c8cd003eca6202bb9351d3d5d,1403/08/30,0.0,0.0,848681.0
04596c0c8cd003eca6202bb9351d3d5d,1403/09/30,0.0,0.0,796862.0
04596c0c8cd003eca6202bb9351d3d5d,1403/10/30,0.0,0.0,853666.0
04596c0c8cd003eca6202bb9351d3d5d,1403/11/30,0.0,0.0,873439.0
04596c0c8cd003eca6202bb9351d3d5d,1403/12/30,0.0,0.0,761436.0
04596c0c8cd003eca6202bb9351d3d5d,1404/01/31,0.0,0.0,561471.0
04596c0c8cd003eca6202bb9351d3d5d,1404/02/31,0.0,0.0,1107473.0
04596c0c8cd003eca6202bb9351d3d5d,1404/03/31,0.0,0.0,1043211.0
04596c0c8cd003eca6202bb9351d3d5d,1404/04/31,0.0,0.0,997584.0
04596c0c8cd003eca6202bb9351d3d5d,1404/05/31,0.0,0.0,1084582.0
04596c0c8cd003eca6202bb9351d3d5d,1404/06/31,0.0,0.0,1454030.0
04596c0c8cd003eca6202bb9351d3d5d,1404/07/30,0.0,0.0,1522538.0
04596c0c8cd003eca6202bb9351d3d5d,1404/08/30,0.0,0.0,1850747.0
04596c0c8cd003eca6202bb9351d3d5d,1404/09/30,0.0,0.0,1705441.0
04596c0c8cd003eca6202bb9351d3d5d,1404/10/30,0.0,0.0,1840617.0
04596c0c8cd003eca6202bb9351d3d5d,1404/11/30,0.0,0.0,2137619.0
04596c0c8cd003eca6202bb9351d3d5d,1404/12/29,0.0,0.0,1969519.0
04596c0c8cd003eca6202bb9351d3d5d,1405/01/31,0.0,0.0,1381538.0
04596c0c8cd003eca6202bb9351d3d5d,1405/02/31,0.0,0.0,2671830.0
04596c0c8cd003eca6202bb9351d3d5d,1405/03/31,0.0,0.0,2182125.0
04596c0c8cd003eca6202bb9351d3d5d,1405/04/31,0.0,0.0,2022379.0
04596c0c8cd003eca6202bb9351d3d5d,1405/05/31,0.0,0.0,2217447.0
05a68769d3006e107f5b7e02c9eca4fd,1399/01/31,11349648.0,17498947.0,17498947.0
05a68769d3006e107f5b7e02c9eca4fd,1399/02/31,24691714.0,30416500.0,12917553.0
05a68769d3006e107f5b7e02c9eca4fd,1399/03/31,38047347.0,48095160.0,17678660.0
05a68769d3006e107f5b7e02c9eca4fd,1399/04/31,52427132.0,67031004.0,18935844.0
05a68769d3006e107f5b7e02c9eca4fd,1399/05/31,66818757.0,93989612.0,26958608.0
05a68769d3006e107f5b7e02c9eca4fd,1399/06/31,79470105.0,112120402.0,18130790.0
05a68769d3006e107f5b7e02c9eca4fd,1399/07/30,88466657.0,150729883.0,38609481.0
05a68769d3006e107f5b7e02c9eca4fd,1399/11/30,140773741.0,268665167.0,26265732.0
05a68769d3006e107f5b7e02c9eca4fd,1399/12/30,158407813.0,306467027.0,37801860.0
05a68769d3006e107f5b7e02c9eca4fd,1400/01/31,17498947.0,33941377.0,33941377.0
05a68769d3006e107f5b7e02c9eca4fd,1400/02/31,30414381.0,73312113.0,39370736.0
05a68769d3006e107f5b7e02c9eca4fd,1400/03/31,48093042.0,109067824.0,35755711.0
05a68769d3006e107f5b7e02c9eca4fd,1400/04/31,67028886.0,148678934.0,39611110.0
05a68769d3006e107f5b7e02c9eca4fd,1400/05/31,93987494.0,178281085.0,29602151.0
05a68769d3006e107f5b7e02c9eca4fd,1400/06/31,112118283.0,201883814.0,23602729.0
05a68769d3006e107f5b7e02c9eca4fd,1400/07/30,150727764.0,233926733.0,32042919.0
05a68769d3006e107f5b7e02c9eca4fd,1400/08/30,176549085.0,276511620.0,42584887.0
05a68769d3006e107f5b7e02c9eca4fd,1400/09/30,208796424.0,330590529.0,54078909.0
05a68769d3006e107f5b7e02c9eca4fd,1400/10/30,242399435.0,381156687.0,50566158.0
05a68769d3006e107f5b7e02c9eca4fd,1400/11/30,268665168.0,417433258.0,36279554.0
05a68769d3006e107f5b7e02c9eca4fd,1400/12/29,306467028.0,502166066.0,84732808.0
05a68769d3006e107f5b7e02c9eca4fd,1401/01/31,33941376.0,27164022.0,27164022.0
05a68769d3006e107f5b7e02c9eca4fd,1401/02/31,73312113.0,67245619.0,40081597.0
05a68769d3006e107f5b7e02c9eca4fd,1401/03/31,109067824.0,127641205.0,60395586.0
05a68769d3006e107f5b7e02c9eca4fd,1401/04/31,148678934.0,162450713.0,34809508.0
05a68769d3006e107f5b7e02c9eca4fd,1401/05/31,178281084.0,181165120.0,26462923.0
05a68769d3006e107f5b7e02c9eca4fd,1401/06/31,201883813.0,237855303.0,56690183.0
05a68769d3006e107f5b7e02c9eca4fd,1401/07/30,233926733.0,277869786.0,40014483.0
05a68769d3006e107f5b7e02c9eca4fd,1401/08/30,276511618.0,319280135.0,41410349.0
05a68769d3006e107f5b7e02c9eca4fd,1401/09/30,330590528.0,366866247.0,47586112.0
05a68769d3006e107f5b7e02c9eca4fd,1401/10/30,381156689.0,404191104.0,37324857.0
05a68769d3006e107f5b7e02c9eca4fd,1401/11/30,417433258.0,454134133.0,49943029.0
05a68769d3006e107f5b7e02c9eca4fd,1401/12/29,502166067.0,530636899.0,76502766.0
05a68769d3006e107f5b7e02c9eca4fd,1402/01/31,27164022.0,46840026.0,46840026.0
05a68769d3006e107f5b7e02c9eca4fd,1402/02/31,67245620.0,131174405.0,84334379.0
05a68769d3006e107f5b7e02c9eca4fd,1402/03/31,127641205.0,215699407.0,84525002.0
05a68769d3006e107f5b7e02c9eca4fd,1402/04/31,154702197.0,257772070.0,42072663.0
05a68769d3006e107f5b7e02c9eca4fd,1402/05/31,181165120.0,291873155.0,34101085.0
05a68769d3006e107f5b7e02c9eca4fd,1402/06/31,237855303.0,337562398.0,45689243.0
05a68769d3006e107f5b7e02c9eca4fd,1402/07/30,277869786.0,399028181.0,61465785.0
05a68769d3006e107f5b7e02c9eca4fd,1402/08/30,319280134.0,478489908.0,79461727.0
05a68769d3006e107f5b7e02c9eca4fd,1402/09/30,366866247.0,538902196.0,60412288.0
05a68769d3006e107f5b7e02c9eca4fd,1402/10/30,404191104.0,591284434.0,52382238.0
05a68769d3006e107f5b7e02c9eca4fd,1402/11/30,454134134.0,668512862.0,77228428.0
05a68769d3006e107f5b7e02c9eca4fd,1402/12/29,530636899.0,739947191.0,71434329.0
05a68769d3006e107f5b7e02c9eca4fd,1403/01/31,46840026.0,60095465.0,60095465.0
05a68769d3006e107f5b7e02c9eca4fd,1403/02/31,131174405.0,144273832.0,84178367.0
05a68769d3006e107f5b7e02c9eca4fd,1403/03/31,215699408.0,209017110.0,64743278.0
05a68769d3006e107f5b7e02c9eca4fd,1403/04/31,257772070.0,265205639.0,56188529.0
05a68769d3006e107f5b7e02c9eca4fd,1403/05/31,291873156.0,290163862.0,24958223.0
05a68769d3006e107f5b7e02c9eca4fd,1403/06/31,337562398.0,322591635.0,32427773.0
05a68769d3006e107f5b7e02c9eca4fd,1403/07/30,399028181.0,381295067.0,58703432.0
05a68769d3006e107f5b7e02c9eca4fd,1403/08/30,478489908.0,460187619.0,78892552.0
05a68769d3006e107f5b7e02c9eca4fd,1403/09/30,538902196.0,548118373.0,87930754.0
05a68769d3006e107f5b7e02c9eca4fd,1403/10/30,591284434.0,615539215.0,67420842.0
05a68769d3006e107f5b7e02c9eca4fd,1403/11/30,668512862.0,695020675.0,79481460.0
05a68769d3006e107f5b7e02c9eca4fd,1403/12/30,739947191.0,787570858.0,92550183.0
05a68769d3006e107f5b7e02c9eca4fd,1404/01/31,60095465.0,95508961.0,95508961.0
05a68769d3006e107f5b7e02c9eca4fd,1404/02/31,144273832.0,177768667.0,82259706.0
05a68769d3006e107f5b7e02c9eca4fd,1404/03/31,209017110.0,249618469.0,71849802.0
05a68769d3006e107f5b7e02c9eca4fd,1404/04/31,265205639.0,297057707.0,47439238.0
05a68769d3006e107f5b7e02c9eca4fd,1404/05/31,290163862.0,360817596.0,63759889.0
05a68769d3006e107f5b7e02c9eca4fd,1404/06/31,322591635.0,404658283.0,43840687.0
05a68769d3006e107f5b7e02c9eca4fd,1404/07/30,381295067.0,494388399.0,89730116.0
05a68769d3006e107f5b7e02c9eca4fd,1404/08/30,460187619.0,621384327.0,126995928.0
05a68769d3006e107f5b7e02c9eca4fd,1404/09/30,548118373.0,730984795.0,109600469.0
05a68769d3006e107f5b7e02c9eca4fd,1404/10/30,615539214.0,879920180.0,148935385.0
05a68769d3006e107f5b7e02c9eca4fd,1404/11/30,695020675.0,977944457.0,98024277.0
05a68769d3006e107f5b7e02c9eca4fd,1404/12/29,787570905.0,1066446083.0,88501626.0
05a68769d3006e107f5b7e02c9eca4fd,1405/01/31,95508961.0,14870971.0,14870971.0
05a68769d3006e107f5b7e02c9eca4fd,1405/02/31,177768667.0,75000673.0,60129702.0
05a68769d3006e107f5b7e02c9eca4fd,1405/03/31,0.0,0.0,153634591.0
067ba4a186448d230d296b1ce604d32f,1399/07/30,21690254.0,26258748.0,4155434.0
067ba4a186448d230d296b1ce604d32f,1399/08/30,24744836.0,30678058.0,4419310.0
067ba4a186448d230d296b1ce604d32f,1399/09/30,28334925.0,37406654.0,6728596.0
067ba4a186448d230d296b1ce604d32f,1399/10/30,32070268.0,44756054.0,7349400.0
067ba4a186448d230d296b1ce604d32f,1399/11/30,35850927.0,52166828.0,7410774.0
067ba4a186448d230d296b1ce604d32f,1399/12/30,40309968.0,61060788.0,8893960.0
067ba4a186448d230d296b1ce604d32f,1400/01/31,1369664.0,3539557.0,3539557.0
067ba4a186448d230d296b1ce604d32f,1400/02/31,4704078.0,10548778.0,7009221.0
067ba4a186448d230d296b1ce604d32f,1400/03/31,8047896.0,18200552.0,7651774.0
067ba4a186448d230d296b1ce604d32f,1400/04/31,12417566.0,25825203.0,7624651.0
067ba4a186448d230d296b1ce604d32f,1400/05/31,16899528.0,34351277.0,8526074.0
067ba4a186448d230d296b1ce604d32f,1400/06/31,22085289.0,46499869.0,12148592.0
067ba4a186448d230d296b1ce604d32f,1400/07/30,26258749.0,56257233.0,9660721.0
067ba4a186448d230d296b1ce604d32f,1400/08/30,30678058.0,67563719.0,11306486.0
067ba4a186448d230d296b1ce604d32f,1400/09/30,37406653.0,78164260.0,10600541.0
067ba4a186448d230d296b1ce604d32f,1400/10/30,44730576.0,89257730.0,11148491.0
067ba4a186448d230d296b1ce604d32f,1400/11/30,52347321.0,99658625.0,10400895.0
067ba4a186448d230d296b1ce604d32f,1400/12/29,60989584.0,114051298.0,14627183.0
067ba4a186448d230d296b1ce604d32f,1401/01/31,3539538.0,6722500.0,6722500.0
067ba4a186448d230d296b1ce604d32f,1401/02/31,10424579.0,18543097.0,11820597.0
067ba4a186448d230d296b1ce604d32f,1401/03/31,17764857.0,33320594.0,14777497.0
067ba4a186448d230d296b1ce604d32f,1401/04/31,25825203.0,49799621.0,16479027.0
067ba4a186448d230d296b1ce604d32f,1401/05/31,34351277.0,65998821.0,16199200.0
067ba4a186448d230d296b1ce604d32f,1401/06/31,46622494.0,81123427.0,15567671.0
067ba4a186448d230d296b1ce604d32f,1401/07/30,56257233.0,94134084.0,13010657.0
067ba4a186448d230d296b1ce604d32f,1401/08/30,67563719.0,111178126.0,17044041.0
067ba4a186448d230d296b1ce604d32f,1401/09/30,78109238.0,125716528.0,14132260.0
067ba4a186448d230d296b1ce604d32f,1401/10/30,89257730.0,141250628.0,15534100.0
067ba4a186448d230d296b1ce604d32f,1401/11/30,99424119.0,157832765.0,16582137.0
067ba4a186448d230d296b1ce604d32f,1401/12/29,116463193.0,176981788.0,19267142.0
067ba4a186448d230d296b1ce604d32f,1402/01/31,6722499.0,12631577.0,12631577.0
067ba4a186448d230d296b1ce604d32f,1402/02/31,18543097.0,29043042.0,16411465.0
067ba4a186448d230d296b1ce604d32f,1402/03/31,34356594.0,47990462.0,18947420.0
067ba4a186448d230d296b1ce604d32f,1402/04/31,51039176.0,64014735.0,16024273.0
067ba4a186448d230d296b1ce604d32f,1402/05/31,66811166.0,82853527.0,18838792.0
067ba4a186448d230d296b1ce604d32f,1402/06/31,81123427.0,99168370.0,20533142.0
067ba4a186448d230d296b1ce604d32f,1402/07/30,94134084.0,117448503.0,16546195.0
067ba4a186448d230d296b1ce604d32f,1402/08/30,111584268.0,135084449.0,17635945.0
067ba4a186448d230d296b1ce604d32f,1402/09/30,125716528.0,152584964.0,20245761.0
067ba4a186448d230d296b1ce604d32f,1402/10/30,141250628.0,170387910.0,17802946.0
067ba4a186448d230d296b1ce604d32f,1402/11/30,156338367.0,188493008.0,19502006.0
067ba4a186448d230d296b1ce604d32f,1402/12/29,176981788.0,210788305.0,19879087.0
067ba4a186448d230d296b1ce604d32f,1403/01/31,12296317.0,16171097.0,16171097.0
067ba4a186448d230d296b1ce604d32f,1403/02/31,28420708.0,41534913.0,25363816.0
067ba4a186448d230d296b1ce604d32f,1403/03/31,47990462.0,64609525.0,22529040.0
067ba4a186448d230d296b1ce604d32f,1403/04/31,61068214.0,87424362.0,23280678.0
067ba4a186448d230d296b1ce604d32f,1403/05/31,78635228.0,113486886.0,26126904.0
067ba4a186448d230d296b1ce604d32f,1403/06/31,99168370.0,136736356.0,23168975.0
067ba4a186448d230d296b1ce604d32f,1403/07/30,115365851.0,162033419.0,25297063.0
067ba4a186448d230d296b1ce604d32f,1403/08/30,132339203.0,187665309.0,25631890.0
067ba4a186448d230d296b1ce604d32f,1403/09/30,152584961.0,210547642.0,22866279.0
067ba4a186448d230d296b1ce604d32f,1403/10/30,168991002.0,237381019.0,26833377.0
067ba4a186448d230d296b1ce604d32f,1403/11/30,188599814.0,262386510.0,25005491.0
067ba4a186448d230d296b1ce604d32f,1403/12/30,208016022.0,288091997.0,25822500.0
067ba4a186448d230d296b1ce604d32f,1404/01/31,16171097.0,16788228.0,16788228.0
067ba4a186448d230d296b1ce604d32f,1404/02/31,41534913.0,51226284.0,34413687.0
067ba4a186448d230d296b1ce604d32f,1404/03/31,64143684.0,79711796.0,28603795.0
067ba4a186448d230d296b1ce604d32f,1404/04/31,87359982.0,118966826.0,39255030.0
067ba4a186448d230d296b1ce604d32f,1404/05/31,113567381.0,154369633.0,35402807.0
067ba4a186448d230d296b1ce604d32f,1404/06/31,136736354.0,197563669.0,44862482.0
067ba4a186448d230d296b1ce604d32f,1404/07/30,162033419.0,237671691.0,39802721.0
067ba4a186448d230d296b1ce604d32f,1404/08/30,187681363.0,274168263.0,36288926.0
067ba4a186448d230d296b1ce604d32f,1404/09/30,210547642.0,312858129.0,38689866.0
067ba4a186448d230d296b1ce604d32f,1404/10/30,237381019.0,350165135.0,37307006.0
067ba4a186448d230d296b1ce604d32f,1404/11/30,262040634.0,411766161.0,61753506.0
067ba4a186448d230d296b1ce604d32f,1404/12/29,18386429.0,22103314.0,30089966.0
067ba4a186448d230d296b1ce604d32f,1405/01/30,15051364.0,16899525.0,19812885.0
067ba4a186448d230d296b1ce604d32f,1405/02/31,0.0,0.0,66677641.0
067ba4a186448d230d296b1ce604d32f,1405/03/31,0.0,0.0,86012797.0
067ba4a186448d230d296b1ce604d32f,1405/04/31,0.0,0.0,74856270.0
067ba4a186448d230d296b1ce604d32f,1405/05/31,0.0,0.0,74037101.0
07589f30e28ffd0a131f9c4157417d59,1399/01/31,925933.0,46976.0,878957.0
07589f30e28ffd0a131f9c4157417d59,1399/02/31,963274.0,22321.0,940953.0
07589f30e28ffd0a131f9c4157417d59,1399/03/31,992268.0,28994.0,963274.0
07589f30e28ffd0a131f9c4157417d59,1399/04/31,1006066.0,13798.0,992268.0
07589f30e28ffd0a131f9c4157417d59,1399/05/31,1103799.0,97733.0,1006066.0
07589f30e28ffd0a131f9c4157417d59,1399/06/31,1197281.0,93882.0,1103399.0
07589f30e28ffd0a131f9c4157417d59,1399/07/30,240474.0,160670.0,160670.0
07589f30e28ffd0a131f9c4157417d59,1399/08/30,491476.0,747341.0,586671.0
07589f30e28ffd0a131f9c4157417d59,1399/09/30,637008.0,1033526.0,286185.0
07589f30e28ffd0a131f9c4157417d59,1399/10/30,599462.0,1595428.0,561902.0
07589f30e28ffd0a131f9c4157417d59,1399/11/30,738552.0,1919955.0,324527.0
07589f30e28ffd0a131f9c4157417d59,1399/12/30,878957.0,2142020.0,222065.0
07589f30e28ffd0a131f9c4157417d59,1400/01/31,925933.0,2201153.0,59133.0
07589f30e28ffd0a131f9c4157417d59,1400/02/31,963274.0,2244456.0,43303.0
07589f30e28ffd0a131f9c4157417d59,1400/03/31,2244456.0,2399267.0,154811.0
07589f30e28ffd0a131f9c4157417d59,1400/04/31,2399267.0,2425051.0,25784.0
07589f30e28ffd0a131f9c4157417d59,1400/05/31,1103799.0,2578750.0,153699.0
07589f30e28ffd0a131f9c4157417d59,1400/06/31,1197281.0,2590156.0,11406.0
07589f30e28ffd0a131f9c4157417d59,1400/07/30,160670.0,194175.0,194175.0
07589f30e28ffd0a131f9c4157417d59,1400/08/30,747341.0,573397.0,379222.0
07589f30e28ffd0a131f9c4157417d59,1400/09/30,1033526.0,1992019.0,1418622.0
07589f30e28ffd0a131f9c4157417d59,1400/10/30,1595428.0,2495479.0,503460.0
07589f30e28ffd0a131f9c4157417d59,1400/11/30,1919955.0,3096267.0,600788.0
07589f30e28ffd0a131f9c4157417d59,1400/12/29,2147511.0,3575823.0,479556.0
07589f30e28ffd0a131f9c4157417d59,1401/01/31,2201153.0,3585303.0,9480.0
07589f30e28ffd0a131f9c4157417d59,1401/02/31,2244456.0,3632826.0,47523.0
07589f30e28ffd0a131f9c4157417d59,1401/03/31,2399266.0,3736238.0,103412.0
07589f30e28ffd0a131f9c4157417d59,1401/04/31,2425051.0,3811138.0,74900.0
07589f30e28ffd0a131f9c4157417d59,1401/05/31,2578750.0,3820458.0,9320.0
07589f30e28ffd0a131f9c4157417d59,1401/06/31,2641788.0,3937350.0,116892.0
07589f30e28ffd0a131f9c4157417d59,1401/07/30,194175.0,202869.0,202869.0
07589f30e28ffd0a131f9c4157417d59,1401/08/30,573397.0,346107.0,143238.0
07589f30e28ffd0a131f9c4157417d59,1401/09/30,1992019.0,988627.0,642520.0
07589f30e28ffd0a131f9c4157417d59,1401/10/30,2495479.0,1470755.0,482128.0
07589f30e28ffd0a131f9c4157417d59,1401/11/30,3096267.0,2148576.0,677821.0
07589f30e28ffd0a131f9c4157417d59,1401/12/29,3575823.0,3418691.0,1270115.0
07589f30e28ffd0a131f9c4157417d59,1402/01/31,3585303.0,3431575.0,12884.0
07589f30e28ffd0a131f9c4157417d59,1402/02/31,3632826.0,3954442.0,522867.0
07589f30e28ffd0a131f9c4157417d59,1402/03/31,3736238.0,4119174.0,164732.0
07589f30e28ffd0a131f9c4157417d59,1402/04/31,3811138.0,4340566.0,221392.0
07589f30e28ffd0a131f9c4157417d59,1402/05/31,3820458.0,4376229.0,35663.0
07589f30e28ffd0a131f9c4157417d59,1402/06/31,3937350.0,4448056.0,71827.0
07589f30e28ffd0a131f9c4157417d59,1402/07/30,202869.0,438114.0,438114.0
07589f30e28ffd0a131f9c4157417d59,1402/08/30,346107.0,982455.0,544341.0
07589f30e28ffd0a131f9c4157417d59,1402/09/30,988627.0,2610440.0,1627997.0
07589f30e28ffd0a131f9c4157417d59,1402/10/30,1470755.0,2964839.0,354399.0
07589f30e28ffd0a131f9c4157417d59,1402/11/30,2148576.0,3528580.0,563741.0
07589f30e28ffd0a131f9c4157417d59,1402/12/29,3418691.0,5720110.0,2194597.0
07589f30e28ffd0a131f9c4157417d59,1403/01/31,3431575.0,5792277.0,72167.0
07589f30e28ffd0a131f9c4157417d59,1403/02/31,3954442.0,6079266.0,286989.0
07589f30e28ffd0a131f9c4157417d59,1403/03/31,4119174.0,6256334.0,177068.0
07589f30e28ffd0a131f9c4157417d59,1403/04/31,4340566.0,6301921.0,45587.0
07589f30e28ffd0a131f9c4157417d59,1403/05/31,4376229.0,6339429.0,37508.0
07589f30e28ffd0a131f9c4157417d59,1403/06/31,4448056.0,6381846.0,42601.0
07589f30e28ffd0a131f9c4157417d59,1403/07/30,438114.0,704408.0,704408.0
07589f30e28ffd0a131f9c4157417d59,1403/08/30,982455.0,3168735.0,2464327.0
07589f30e28ffd0a131f9c4157417d59,1403/09/30,2610440.0,3828633.0,659898.0
07589f30e28ffd0a131f9c4157417d59,1403/10/30,2964839.0,4525769.0,697136.0
07589f30e28ffd0a131f9c4157417d59,1403/11/30,3528580.0,6024278.0,1498509.0
07589f30e28ffd0a131f9c4157417d59,1403/12/30,5720110.0,9325762.0,3301484.0
07589f30e28ffd0a131f9c4157417d59,1404/01/31,5792277.0,9887131.0,561369.0
07589f30e28ffd0a131f9c4157417d59,1404/02/31,6079266.0,10840647.0,953516.0
07589f30e28ffd0a131f9c4157417d59,1404/03/31,6256334.0,11214365.0,373718.0
07589f30e28ffd0a131f9c4157417d59,1404/04/31,6301921.0,11361533.0,147168.0
07589f30e28ffd0a131f9c4157417d59,1404/05/31,6339429.0,11511281.0,149748.0
07589f30e28ffd0a131f9c4157417d59,1404/06/31,6381846.0,11511583.0,302.0
07589f30e28ffd0a131f9c4157417d59,1404/07/30,704408.0,1552339.0,1552339.0
07589f30e28ffd0a131f9c4157417d59,1404/08/30,3168735.0,2995231.0,1442892.0
07589f30e28ffd0a131f9c4157417d59,1404/09/30,3828633.0,6848258.0,3812662.0
07589f30e28ffd0a131f9c4157417d59,1404/10/30,4525769.0,12511082.0,5662824.0
07589f30e28ffd0a131f9c4157417d59,1404/12/29,9325762.0,13458180.0,498088.0
07589f30e28ffd0a131f9c4157417d59,1405/01/31,9887131.0,13654074.0,195894.0
07589f30e28ffd0a131f9c4157417d59,1405/02/31,10840647.0,13930407.0,276333.0
07589f30e28ffd0a131f9c4157417d59,1405/03/31,0.0,0.0,487388.0
0875c9b59ace28c22babd5e711c141da,1400/04/31,2703290.0,3805878.0,397190.0
0875c9b59ace28c22babd5e711c141da,1400/05/31,3176603.0,4263197.0,457319.0
0875c9b59ace28c22babd5e711c141da,1400/06/31,3663519.0,4831377.0,568180.0
0875c9b59ace28c22babd5e711c141da,1400/07/30,4281475.0,5891752.0,1060375.0
0875c9b59ace28c22babd5e711c141da,1400/08/30,5136947.0,6990390.0,1098638.0
0875c9b59ace28c22babd5e711c141da,1400/09/30,609527.0,749025.0,749025.0
0875c9b59ace28c22babd5e711c141da,1400/10/30,1435114.0,1687245.0,938220.0
0875c9b59ace28c22babd5e711c141da,1400/11/30,1785898.0,2897889.0,1210644.0
0875c9b59ace28c22babd5e711c141da,1400/12/29,2152559.0,3780466.0,881647.0
0875c9b59ace28c22babd5e711c141da,1401/01/31,2367188.0,4334722.0,554256.0
0875c9b59ace28c22babd5e711c141da,1401/02/31,2872249.0,5109453.0,774731.0
0875c9b59ace28c22babd5e711c141da,1401/03/31,3408688.0,5878884.0,767921.0
0875c9b59ace28c22babd5e711c141da,1401/04/31,3805878.0,7533659.0,1654775.0
0875c9b59ace28c22babd5e711c141da,1401/05/31,4263197.0,8768124.0,1234465.0
0875c9b59ace28c22babd5e711c141da,1401/06/31,4831377.0,9776554.0,1008430.0
0875c9b59ace28c22babd5e711c141da,1401/07/30,5891752.0,10989051.0,1212497.0
0875c9b59ace28c22babd5e711c141da,1401/08/30,6955766.0,12422549.0,1433115.0
0875c9b59ace28c22babd5e711c141da,1401/09/30,749025.0,1499020.0,1499020.0
0875c9b59ace28c22babd5e711c141da,1401/10/30,1687245.0,2871054.0,1372034.0
0875c9b59ace28c22babd5e711c141da,1401/11/30,2897889.0,4527206.0,1656152.0
0875c9b59ace28c22babd5e711c141da,1401/12/29,3780466.0,6455845.0,1928639.0
0875c9b59ace28c22babd5e711c141da,1402/01/31,4334722.0,7517331.0,1061486.0
0875c9b59ace28c22babd5e711c141da,1402/02/31,5109453.0,8923274.0,1405943.0
0875c9b59ace28c22babd5e711c141da,1402/03/31,2897889.0,10330581.0,1407309.0
0875c9b59ace28c22babd5e711c141da,1402/04/31,7533659.0,11462276.0,1131695.0
0875c9b59ace28c22babd5e711c141da,1402/05/31,8768124.0,12404083.0,941807.0
0875c9b59ace28c22babd5e711c141da,1402/06/31,9776554.0,13836329.0,1432246.0
0875c9b59ace28c22babd5e711c141da,1402/07/30,10988504.0,15810657.0,1974328.0
0875c9b59ace28c22babd5e711c141da,1402/08/30,12065560.0,17856912.0,2057344.0
0875c9b59ace28c22babd5e711c141da,1402/09/30,1499020.0,2019448.0,2019448.0
0875c9b59ace28c22babd5e711c141da,1402/10/30,2871054.0,4337359.0,2295958.0
0875c9b59ace28c22babd5e711c141da,1402/11/30,4527206.0,6685194.0,2347835.0
0875c9b59ace28c22babd5e711c141da,1402/12/29,6455845.0,9038901.0,2353707.0
0875c9b59ace28c22babd5e711c141da,1403/01/31,7517331.0,10581252.0,1542351.0
0875c9b59ace28c22babd5e711c141da,1403/02/31,8923274.0,13713098.0,3131846.0
0875c9b59ace28c22babd5e711c141da,1403/03/31,10330581.0,15684333.0,1971235.0
0875c9b59ace28c22babd5e711c141da,1403/04/31,11462276.0,17238985.0,1554652.0
0875c9b59ace28c22babd5e711c141da,1403/05/31,12404083.0,18878740.0,1639755.0
0875c9b59ace28c22babd5e711c141da,1403/06/31,13836329.0,21189433.0,2310691.0
0875c9b59ace28c22babd5e711c141da,1403/07/30,15810657.0,23827566.0,2638133.0
0875c9b59ace28c22babd5e711c141da,1403/08/30,17856912.0,26614335.0,2786769.0
0875c9b59ace28c22babd5e711c141da,1403/09/30,2019448.0,2668560.0,2668560.0
0875c9b59ace28c22babd5e711c141da,1403/10/30,4337359.0,6135314.0,2850349.0
0875c9b59ace28c22babd5e711c141da,1403/11/30,6685194.0,9538662.0,3401998.0
0875c9b59ace28c22babd5e711c141da,1403/12/30,9038901.0,12847398.0,3308736.0
0875c9b59ace28c22babd5e711c141da,1404/01/31,10581252.0,14988494.0,2024905.0
0875c9b59ace28c22babd5e711c141da,1404/02/31,13713098.0,18438567.0,3450073.0
0875c9b59ace28c22babd5e711c141da,1404/03/31,15684333.0,21738861.0,3300294.0
0875c9b59ace28c22babd5e711c141da,1404/04/31,17238985.0,24176728.0,2437867.0
0875c9b59ace28c22babd5e711c141da,1404/05/31,18878740.0,26787795.0,2611067.0
0875c9b59ace28c22babd5e711c141da,1404/06/31,21189433.0,29960935.0,3173140.0
0875c9b59ace28c22babd5e711c141da,1404/07/30,23827566.0,33484455.0,3523704.0
0875c9b59ace28c22babd5e711c141da,1404/08/30,26614335.0,38329011.0,4844556.0
0875c9b59ace28c22babd5e711c141da,1404/09/30,38329011.0,3730732.0,3730732.0
0875c9b59ace28c22babd5e711c141da,1404/10/30,3730732.0,6170751.0,6170751.0
0875c9b59ace28c22babd5e711c141da,1404/11/30,0.0,0.0,6944631.0
0875c9b59ace28c22babd5e711c141da,1404/12/29,0.0,0.0,2655653.0
0875c9b59ace28c22babd5e711c141da,1405/01/31,0.0,0.0,3163501.0
0875c9b59ace28c22babd5e711c141da,1405/02/31,0.0,0.0,4178414.0
0875c9b59ace28c22babd5e711c141da,1405/03/31,0.0,0.0,3940297.0
09029850a7825c34a7c8958a08fcdf26,1404/07/30,71904869.0,5119106.0,2711668.0
09029850a7825c34a7c8958a08fcdf26,1404/08/30,71904869.0,5119584.0,478.0
0ab048f709cfd236a0ad7aaf542a990c,1399/06/31,3388058.0,5696431.0,1102276.0
0ab048f709cfd236a0ad7aaf542a990c,1399/07/30,4204799.0,7318281.0,1238553.0
0ab048f709cfd236a0ad7aaf542a990c,1399/08/30,4650130.0,8664937.0,1346656.0
0ab048f709cfd236a0ad7aaf542a990c,1399/09/30,8664937.0,10799617.0,2134680.0
0ab048f709cfd236a0ad7aaf542a990c,1399/10/30,6334540.0,13801041.0,3001424.0
0ab048f709cfd236a0ad7aaf542a990c,1399/11/30,6968588.0,17309344.0,3508303.0
0ab048f709cfd236a0ad7aaf542a990c,1399/12/30,7655689.0,21437257.0,4127913.0
0ab048f709cfd236a0ad7aaf542a990c,1400/01/31,895390.0,2449721.0,2449721.0
0ab048f709cfd236a0ad7aaf542a990c,1400/02/31,1752231.0,5365800.0,2916079.0
0ab048f709cfd236a0ad7aaf542a990c,1400/03/31,2934864.0,8172366.0,2806566.0
0ab048f709cfd236a0ad7aaf542a990c,1400/04/31,3903414.0,10326268.0,2153902.0
0ab048f709cfd236a0ad7aaf542a990c,1400/05/31,4594155.0,12676656.0,2350388.0
0ab048f709cfd236a0ad7aaf542a990c,1400/06/31,6079728.0,14156300.0,1479644.0
0ab048f709cfd236a0ad7aaf542a990c,1400/07/30,6079728.0,16447089.0,1525572.0
0ab048f709cfd236a0ad7aaf542a990c,1400/08/30,8664937.0,17766905.0,1319816.0
0ab048f709cfd236a0ad7aaf542a990c,1400/09/30,11123644.0,20577675.0,2700566.0
0ab048f709cfd236a0ad7aaf542a990c,1400/10/30,13801041.0,25630857.0,5095798.0
0ab048f709cfd236a0ad7aaf542a990c,1400/11/30,17309344.0,27379710.0,1748853.0
0ab048f709cfd236a0ad7aaf542a990c,1400/12/29,22072878.0,30601809.0,3558820.0
0ab048f709cfd236a0ad7aaf542a990c,1401/01/31,2449721.0,398455.0,398455.0
0ab048f709cfd236a0ad7aaf542a990c,1401/02/31,5365800.0,3277362.0,2878907.0
0ab048f709cfd236a0ad7aaf542a990c,1401/03/31,8621196.0,6101213.0,3176045.0
0ab048f709cfd236a0ad7aaf542a990c,1401/04/31,10326268.0,6172004.0,70791.0
0ab048f709cfd236a0ad7aaf542a990c,1401/05/31,12676656.0,6460091.0,288087.0
0ab048f709cfd236a0ad7aaf542a990c,1401/06/31,14921517.0,8538276.0,2305962.0
0ab048f709cfd236a0ad7aaf542a990c,1401/07/30,16447089.0,10367281.0,1829005.0
0ab048f709cfd236a0ad7aaf542a990c,1401/08/30,17766905.0,13036619.0,2669338.0
0ab048f709cfd236a0ad7aaf542a990c,1401/09/30,20535059.0,17930982.0,4624334.0
0ab048f709cfd236a0ad7aaf542a990c,1401/10/30,25630857.0,19803081.0,1872099.0
0ab048f709cfd236a0ad7aaf542a990c,1401/11/30,27379710.0,22005330.0,2202249.0
0ab048f709cfd236a0ad7aaf542a990c,1401/12/29,30601809.0,27149424.0,4104752.0
0ab048f709cfd236a0ad7aaf542a990c,1402/01/31,398455.0,1198866.0,1198866.0
0ab048f709cfd236a0ad7aaf542a990c,1402/02/31,3277362.0,4963819.0,3764953.0
0ab048f709cfd236a0ad7aaf542a990c,1402/03/31,6101213.0,12015962.0,7200942.0
0ab048f709cfd236a0ad7aaf542a990c,1402/04/31,6172004.0,16085299.0,4069337.0
0ab048f709cfd236a0ad7aaf542a990c,1402/05/31,6460091.0,20206991.0,4121692.0
0ab048f709cfd236a0ad7aaf542a990c,1402/06/31,8538276.0,26099804.0,5840319.0
0ab048f709cfd236a0ad7aaf542a990c,1402/07/30,10367281.0,32617380.0,6517576.0
0ab048f709cfd236a0ad7aaf542a990c,1402/08/30,13036619.0,35706126.0,3088746.0
0ab048f709cfd236a0ad7aaf542a990c,1402/09/30,17930982.0,41120062.0,5437086.0
0ab048f709cfd236a0ad7aaf542a990c,1402/10/30,19803081.0,48433062.0,7313000.0
0ab048f709cfd236a0ad7aaf542a990c,1402/11/30,22005330.0,52288843.0,3855781.0
0ab048f709cfd236a0ad7aaf542a990c,1402/12/29,27149424.0,57304234.0,4727627.0
0ab048f709cfd236a0ad7aaf542a990c,1403/01/31,1198866.0,4279240.0,4279240.0
0ab048f709cfd236a0ad7aaf542a990c,1403/02/31,4963819.0,11286435.0,7007195.0
0ab048f709cfd236a0ad7aaf542a990c,1403/03/31,12015962.0,17590815.0,6818202.0
0ab048f709cfd236a0ad7aaf542a990c,1403/04/31,16085299.0,21211560.0,3620745.0
0ab048f709cfd236a0ad7aaf542a990c,1403/05/31,20206991.0,26227101.0,5015541.0
0ab048f709cfd236a0ad7aaf542a990c,1403/06/31,26099804.0,32640770.0,6413669.0
0ab048f709cfd236a0ad7aaf542a990c,1403/07/30,32617380.0,36240729.0,3599959.0
0ab048f709cfd236a0ad7aaf542a990c,1403/08/30,35706126.0,38268305.0,2027576.0
0ab048f709cfd236a0ad7aaf542a990c,1403/09/30,41120062.0,47112094.0,7392404.0
0ab048f709cfd236a0ad7aaf542a990c,1403/10/30,48433062.0,54626091.0,7513997.0
0ab048f709cfd236a0ad7aaf542a990c,1403/11/30,52288843.0,60554225.0,5928134.0
0ab048f709cfd236a0ad7aaf542a990c,1403/12/30,57304234.0,68433560.0,7439953.0
0ab048f709cfd236a0ad7aaf542a990c,1404/01/31,4279240.0,12465288.0,12465288.0
0ab048f709cfd236a0ad7aaf542a990c,1404/02/31,11286435.0,19742315.0,7277027.0
0ab048f709cfd236a0ad7aaf542a990c,1404/03/31,17590815.0,25720104.0,5977789.0
0ab048f709cfd236a0ad7aaf542a990c,1404/04/31,21211560.0,28623575.0,3000082.0
0ab048f709cfd236a0ad7aaf542a990c,1404/05/31,26227101.0,32296441.0,3672866.0
0ab048f709cfd236a0ad7aaf542a990c,1404/06/31,32640770.0,44873316.0,12576875.0
0ab048f709cfd236a0ad7aaf542a990c,1404/07/30,36240729.0,51943361.0,7046087.0
0ab048f709cfd236a0ad7aaf542a990c,1404/08/30,38268305.0,64476112.0,12532751.0
0ab048f709cfd236a0ad7aaf542a990c,1404/09/30,47112094.0,73030529.0,8475463.0
0ab048f709cfd236a0ad7aaf542a990c,1404/10/30,54626091.0,76453933.0,3423404.0
0ab048f709cfd236a0ad7aaf542a990c,1404/11/30,60554225.0,87953506.0,11499573.0
0ab048f709cfd236a0ad7aaf542a990c,1404/12/29,68433560.0,106010889.0,15041813.0
0ab048f709cfd236a0ad7aaf542a990c,1405/01/31,12465288.0,5989474.0,5989474.0
0ab048f709cfd236a0ad7aaf542a990c,1405/03/31,0.0,0.0,13777884.0
0ab048f709cfd236a0ad7aaf542a990c,1405/04/31,0.0,0.0,12426405.0
0d19caedc1f47bfbce6949cc9fd54846,1399/01/31,185542.0,265565.0,265565.0
0d19caedc1f47bfbce6949cc9fd54846,1399/02/31,417214.0,583629.0,318064.0
0d19caedc1f47bfbce6949cc9fd54846,1399/03/31,617663.0,942044.0,358415.0
0d19caedc1f47bfbce6949cc9fd54846,1399/04/31,887342.0,1246299.0,304255.0
0d19caedc1f47bfbce6949cc9fd54846,1399/05/31,1112387.0,1619680.0,373381.0
0d19caedc1f47bfbce6949cc9fd54846,1399/06/31,1377475.0,2072598.0,452918.0
0d19caedc1f47bfbce6949cc9fd54846,1399/07/30,1617999.0,2406980.0,334382.0
0d19caedc1f47bfbce6949cc9fd54846,1399/08/30,1910386.0,2838547.0,431567.0
0d19caedc1f47bfbce6949cc9fd54846,1399/09/30,2284098.0,3283554.0,445007.0
0d19caedc1f47bfbce6949cc9fd54846,1399/10/30,2591288.0,3830809.0,547255.0
0d19caedc1f47bfbce6949cc9fd54846,1399/11/30,2876861.0,4463857.0,633048.0
0d19caedc1f47bfbce6949cc9fd54846,1399/12/30,3215605.0,5106137.0,642280.0
0d19caedc1f47bfbce6949cc9fd54846,1400/01/31,265549.0,498569.0,498569.0
0d19caedc1f47bfbce6949cc9fd54846,1400/02/31,583613.0,1154770.0,653921.0
0d19caedc1f47bfbce6949cc9fd54846,1400/03/31,942043.0,1877303.0,722533.0
0d19caedc1f47bfbce6949cc9fd54846,1400/04/31,1246298.0,2586128.0,708825.0
0d19caedc1f47bfbce6949cc9fd54846,1400/05/31,1619712.0,3122533.0,536665.0
0d19caedc1f47bfbce6949cc9fd54846,1400/06/31,2072586.0,3818321.0,695788.0
0d19caedc1f47bfbce6949cc9fd54846,1400/07/30,2406979.0,4513020.0,694699.0
0d19caedc1f47bfbce6949cc9fd54846,1400/08/30,2835254.0,5159593.0,646573.0
0d19caedc1f47bfbce6949cc9fd54846,1400/09/30,3283554.0,5851772.0,692179.0
0d19caedc1f47bfbce6949cc9fd54846,1400/10/30,3830813.0,6683294.0,831522.0
0d19caedc1f47bfbce6949cc9fd54846,1400/11/30,4463859.0,7564030.0,880736.0
0d19caedc1f47bfbce6949cc9fd54846,1400/12/29,5106138.0,8262321.0,698291.0
0d19caedc1f47bfbce6949cc9fd54846,1401/01/31,500790.0,887716.0,887716.0
0d19caedc1f47bfbce6949cc9fd54846,1401/02/31,1155321.0,1684189.0,796473.0
0d19caedc1f47bfbce6949cc9fd54846,1401/03/31,1877303.0,2473585.0,789396.0
0d19caedc1f47bfbce6949cc9fd54846,1401/04/31,2585871.0,3206369.0,732784.0
0d19caedc1f47bfbce6949cc9fd54846,1401/05/31,3122533.0,4063662.0,857293.0
0d19caedc1f47bfbce6949cc9fd54846,1401/06/31,3818321.0,5034245.0,944181.0
0d19caedc1f47bfbce6949cc9fd54846,1401/07/30,4512153.0,5830388.0,796143.0
0d19caedc1f47bfbce6949cc9fd54846,1401/08/30,5158412.0,6577086.0,746698.0
0d19caedc1f47bfbce6949cc9fd54846,1402/12/29,10040177.0,10532021.0,601194.0
0d19caedc1f47bfbce6949cc9fd54846,1403/01/31,466152.0,1568409.0,1568409.0
0d19caedc1f47bfbce6949cc9fd54846,1403/02/31,1317664.0,2998974.0,1430337.0
0d19caedc1f47bfbce6949cc9fd54846,1403/03/31,2153645.0,4124019.0,1040981.0
0d19caedc1f47bfbce6949cc9fd54846,1403/04/31,3132599.0,4958024.0,834005.0
0d19caedc1f47bfbce6949cc9fd54846,1403/05/31,3978931.0,5742976.0,784952.0
0d19caedc1f47bfbce6949cc9fd54846,1403/06/31,5059670.0,6507088.0,746415.0
0d19caedc1f47bfbce6949cc9fd54846,1403/07/30,6366506.0,7286103.0,779015.0
0d19caedc1f47bfbce6949cc9fd54846,1403/08/30,7341324.0,7821431.0,535328.0
0d19caedc1f47bfbce6949cc9fd54846,1403/09/30,8093181.0,8289749.0,468318.0
0d19caedc1f47bfbce6949cc9fd54846,1403/10/30,9399298.0,9359951.0,1070202.0
0d19caedc1f47bfbce6949cc9fd54846,1403/11/30,10007573.0,10620434.0,1260483.0
0d19caedc1f47bfbce6949cc9fd54846,1403/12/30,10655317.0,12438122.0,1817688.0
0d19caedc1f47bfbce6949cc9fd54846,1404/01/31,1568409.0,1510223.0,1510223.0
0d19caedc1f47bfbce6949cc9fd54846,1404/02/31,2822135.0,2649459.0,1139236.0
0d19caedc1f47bfbce6949cc9fd54846,1404/03/31,4124019.0,3831922.0,1182464.0
0d19caedc1f47bfbce6949cc9fd54846,1404/04/31,4958024.0,5175380.0,1343458.0
0d19caedc1f47bfbce6949cc9fd54846,1404/05/31,5742976.0,6366715.0,1191335.0
0d19caedc1f47bfbce6949cc9fd54846,1404/06/31,6507088.0,9023224.0,2656509.0
0d19caedc1f47bfbce6949cc9fd54846,1404/07/30,7286103.0,10608044.0,1343823.0
0d19caedc1f47bfbce6949cc9fd54846,1404/08/30,7821431.0,12218238.0,1610194.0
0d19caedc1f47bfbce6949cc9fd54846,1404/09/30,8289749.0,13727736.0,1509498.0
0d19caedc1f47bfbce6949cc9fd54846,1404/10/30,9359951.0,14747860.0,1000121.0
0d19caedc1f47bfbce6949cc9fd54846,1404/12/29,0.0,0.0,1447251.0
0d19caedc1f47bfbce6949cc9fd54846,1405/01/31,0.0,0.0,737923.0
0d19caedc1f47bfbce6949cc9fd54846,1405/02/31,0.0,0.0,1681585.0
0d19caedc1f47bfbce6949cc9fd54846,1405/03/31,0.0,0.0,3379439.0
0d19caedc1f47bfbce6949cc9fd54846,1405/04/31,0.0,0.0,3847040.0
0e1074b193f3c2c8dec3a7743d83b13b,1405/05/31,0.0,0.0,2219157.0
0e16759f2d662dc8bc10d9604b5c3a7e,1401/01/31,2662098.0,240444.0,240444.0
0e16759f2d662dc8bc10d9604b5c3a7e,1401/02/31,2662098.0,582148.0,341704.0
0e16759f2d662dc8bc10d9604b5c3a7e,1401/03/31,2662098.0,1032577.0,450429.0
0e16759f2d662dc8bc10d9604b5c3a7e,1401/04/31,2662098.0,1543999.0,511422.0
0e16759f2d662dc8bc10d9604b5c3a7e,1401/05/31,2662098.0,2048270.0,504271.0
0e16759f2d662dc8bc10d9604b5c3a7e,1401/06/31,2662098.0,2577140.0,528870.0
0e16759f2d662dc8bc10d9604b5c3a7e,1401/07/30,2662098.0,2990825.0,413685.0
0e16759f2d662dc8bc10d9604b5c3a7e,1401/08/30,3543991.0,553166.0,2990825.0
0e16759f2d662dc8bc10d9604b5c3a7e,1401/09/30,2662098.0,4160754.0,616763.0
0e16759f2d662dc8bc10d9604b5c3a7e,1401/10/30,2662098.0,4777350.0,616596.0
0e16759f2d662dc8bc10d9604b5c3a7e,1401/11/30,2662098.0,5475997.0,698647.0
0e16759f2d662dc8bc10d9604b5c3a7e,1401/12/29,2662098.0,6269967.0,793970.0
0e16759f2d662dc8bc10d9604b5c3a7e,1402/01/31,6269942.0,496988.0,496988.0
0e16759f2d662dc8bc10d9604b5c3a7e,1402/02/31,6269942.0,1228070.0,731082.0
0e16759f2d662dc8bc10d9604b5c3a7e,1402/03/31,6269942.0,2036140.0,808070.0
0e16759f2d662dc8bc10d9604b5c3a7e,1402/04/31,6258527.0,2934861.0,909501.0
0e16759f2d662dc8bc10d9604b5c3a7e,1402/05/31,6258527.0,3825949.0,891088.0
0e16759f2d662dc8bc10d9604b5c3a7e,1402/06/31,6258527.0,4675325.0,849376.0
0e16759f2d662dc8bc10d9604b5c3a7e,1402/07/30,6258527.0,5540703.0,865378.0
0e16759f2d662dc8bc10d9604b5c3a7e,1402/08/30,6258527.0,6454433.0,913730.0
0e16759f2d662dc8bc10d9604b5c3a7e,1402/09/30,6258527.0,7401868.0,947435.0
0e16759f2d662dc8bc10d9604b5c3a7e,1402/10/30,6258527.0,8285858.0,883990.0
0e16759f2d662dc8bc10d9604b5c3a7e,1402/11/30,6258527.0,9235969.0,950111.0
0e16759f2d662dc8bc10d9604b5c3a7e,1402/12/29,6258527.0,10331239.0,1095270.0
0e16759f2d662dc8bc10d9604b5c3a7e,1403/01/31,10331239.0,807119.0,807119.0
0e16759f2d662dc8bc10d9604b5c3a7e,1403/02/31,10331239.0,2143621.0,1336502.0
0e16759f2d662dc8bc10d9604b5c3a7e,1403/03/31,10406275.0,3601025.0,1460212.0
0e16759f2d662dc8bc10d9604b5c3a7e,1403/04/31,10406275.0,5437198.0,1836173.0
0e16759f2d662dc8bc10d9604b5c3a7e,1403/05/31,10406275.0,7259938.0,1822740.0
0e16759f2d662dc8bc10d9604b5c3a7e,1403/06/31,10406275.0,8959592.0,1699654.0
0e16759f2d662dc8bc10d9604b5c3a7e,1403/07/30,10406275.0,10818654.0,1859062.0
0e16759f2d662dc8bc10d9604b5c3a7e,1403/08/30,10406275.0,12932696.0,2114042.0
0e16759f2d662dc8bc10d9604b5c3a7e,1403/09/30,10406275.0,15229331.0,2296635.0
0e16759f2d662dc8bc10d9604b5c3a7e,1403/10/30,10406275.0,17640552.0,2411221.0
0e16759f2d662dc8bc10d9604b5c3a7e,1403/11/30,10406275.0,20334544.0,2693992.0
0e16759f2d662dc8bc10d9604b5c3a7e,1403/12/30,10406275.0,23690768.0,3429382.0
0e16759f2d662dc8bc10d9604b5c3a7e,1404/01/31,23690768.0,2222233.0,2222233.0
0e16759f2d662dc8bc10d9604b5c3a7e,1404/02/31,23427164.0,5902407.0,3680174.0
0e16759f2d662dc8bc10d9604b5c3a7e,1404/03/31,23427164.0,8830179.0,2927772.0
0e16759f2d662dc8bc10d9604b5c3a7e,1404/04/31,23427164.0,10700005.0,1869826.0
0e16759f2d662dc8bc10d9604b5c3a7e,1404/05/31,23427164.0,13176231.0,2476226.0
0e16759f2d662dc8bc10d9604b5c3a7e,1404/06/31,23427164.0,15725611.0,2549380.0
0e16759f2d662dc8bc10d9604b5c3a7e,1404/07/30,23427164.0,18343068.0,2617457.0
0e16759f2d662dc8bc10d9604b5c3a7e,1404/08/30,23427164.0,21205283.0,2862215.0
0e16759f2d662dc8bc10d9604b5c3a7e,1404/09/30,23427164.0,24276080.0,3070797.0
0e16759f2d662dc8bc10d9604b5c3a7e,1404/10/30,23427164.0,26830897.0,2554817.0
0e16759f2d662dc8bc10d9604b5c3a7e,1404/11/30,23427164.0,29367188.0,2536291.0
0e16759f2d662dc8bc10d9604b5c3a7e,1404/12/29,23427164.0,30923852.0,1556664.0
0e16759f2d662dc8bc10d9604b5c3a7e,1405/01/31,30923852.0,1409433.0,1409433.0
0e16759f2d662dc8bc10d9604b5c3a7e,1405/02/31,0.0,0.0,2485515.0
0e16759f2d662dc8bc10d9604b5c3a7e,1405/03/31,0.0,0.0,3098020.0
0e16759f2d662dc8bc10d9604b5c3a7e,1405/04/31,0.0,0.0,3329846.0
0e16759f2d662dc8bc10d9604b5c3a7e,1405/05/31,0.0,0.0,3477617.0
0e3a6731bfe6da581d9c4190b9b9707b,1402/01/31,0.0,0.0,3801487.0
0e3a6731bfe6da581d9c4190b9b9707b,1402/02/31,0.0,0.0,3882473.0
0e3a6731bfe6da581d9c4190b9b9707b,1402/03/31,0.0,0.0,4234596.0
0e3a6731bfe6da581d9c4190b9b9707b,1402/04/31,0.0,0.0,4355274.0
0e3a6731bfe6da581d9c4190b9b9707b,1402/05/31,0.0,0.0,5262594.0
0e3a6731bfe6da581d9c4190b9b9707b,1402/06/31,0.0,0.0,5128428.0
0e3a6731bfe6da581d9c4190b9b9707b,1402/07/30,0.0,0.0,4761767.0
0e3a6731bfe6da581d9c4190b9b9707b,1402/08/30,0.0,0.0,4281267.0
0e3a6731bfe6da581d9c4190b9b9707b,1402/09/30,0.0,0.0,3741940.0
0e3a6731bfe6da581d9c4190b9b9707b,1402/10/30,0.0,0.0,4029073.0
0e3a6731bfe6da581d9c4190b9b9707b,1402/11/30,0.0,0.0,3083105.0
0e3a6731bfe6da581d9c4190b9b9707b,1402/12/29,0.0,0.0,2088586.0
0e3a6731bfe6da581d9c4190b9b9707b,1403/01/31,0.0,0.0,3935328.0
0e3a6731bfe6da581d9c4190b9b9707b,1403/02/31,0.0,0.0,4538705.0
0e3a6731bfe6da581d9c4190b9b9707b,1403/03/31,0.0,0.0,4346343.0
0e3a6731bfe6da581d9c4190b9b9707b,1403/04/31,0.0,0.0,3462682.0
0e3a6731bfe6da581d9c4190b9b9707b,1403/05/31,0.0,0.0,4111238.0
0e3a6731bfe6da581d9c4190b9b9707b,1403/06/31,0.0,0.0,4190457.0
0e3a6731bfe6da581d9c4190b9b9707b,1403/07/30,0.0,0.0,4095659.0
0e3a6731bfe6da581d9c4190b9b9707b,1403/08/30,0.0,0.0,5184866.0
0e3a6731bfe6da581d9c4190b9b9707b,1403/09/30,0.0,0.0,2636072.0
0e3a6731bfe6da581d9c4190b9b9707b,1403/10/30,0.0,0.0,4584640.0
0e3a6731bfe6da581d9c4190b9b9707b,1403/11/30,0.0,0.0,5353686.0
0e3a6731bfe6da581d9c4190b9b9707b,1403/12/30,0.0,0.0,3199731.0
0e3a6731bfe6da581d9c4190b9b9707b,1404/01/31,0.0,0.0,4690244.0
0e3a6731bfe6da581d9c4190b9b9707b,1404/02/31,0.0,0.0,4993803.0
0e3a6731bfe6da581d9c4190b9b9707b,1404/03/31,0.0,0.0,3859539.0
0e3a6731bfe6da581d9c4190b9b9707b,1404/04/31,0.0,0.0,5171143.0
0e3a6731bfe6da581d9c4190b9b9707b,1404/05/31,0.0,0.0,5476273.0
0e3a6731bfe6da581d9c4190b9b9707b,1404/06/31,0.0,0.0,5569390.0
0e3a6731bfe6da581d9c4190b9b9707b,1404/07/30,0.0,0.0,7818038.0
0e3a6731bfe6da581d9c4190b9b9707b,1404/08/30,0.0,0.0,6556392.0
0e3a6731bfe6da581d9c4190b9b9707b,1404/09/30,0.0,0.0,6132015.0
0e3a6731bfe6da581d9c4190b9b9707b,1404/10/30,0.0,0.0,5726190.0
0e3a6731bfe6da581d9c4190b9b9707b,1404/11/30,0.0,0.0,6321118.0
0e3a6731bfe6da581d9c4190b9b9707b,1404/12/29,0.0,0.0,7316651.0
0e3a6731bfe6da581d9c4190b9b9707b,1405/01/31,0.0,0.0,9060019.0
0e3a6731bfe6da581d9c4190b9b9707b,1405/02/31,0.0,0.0,17140874.0
0e3a6731bfe6da581d9c4190b9b9707b,1405/03/31,0.0,0.0,22957674.0
0e3a6731bfe6da581d9c4190b9b9707b,1405/04/31,0.0,0.0,20537268.0
100d9b545dbca1cb4b62ecc648741665,1399/01/31,54645.0,111661.0,111661.0
100d9b545dbca1cb4b62ecc648741665,1399/02/31,301555.0,319707.0,208046.0
100d9b545dbca1cb4b62ecc648741665,1399/03/31,426247.0,623911.0,304204.0
100d9b545dbca1cb4b62ecc648741665,1399/04/31,556198.0,967799.0,343888.0
100d9b545dbca1cb4b62ecc648741665,1399/05/31,695134.0,1247658.0,279859.0
100d9b545dbca1cb4b62ecc648741665,1399/06/31,859142.0,1578097.0,330439.0
100d9b545dbca1cb4b62ecc648741665,1399/07/30,1004617.0,1868651.0,290554.0
100d9b545dbca1cb4b62ecc648741665,1399/08/30,1212264.0,2250579.0,381928.0
100d9b545dbca1cb4b62ecc648741665,1399/09/30,1519498.0,2612918.0,362339.0
100d9b545dbca1cb4b62ecc648741665,1399/10/30,1763453.0,2959493.0,346575.0
100d9b545dbca1cb4b62ecc648741665,1399/11/30,1934052.0,3317300.0,357807.0
100d9b545dbca1cb4b62ecc648741665,1399/12/30,2017972.0,3580141.0,262841.0
100d9b545dbca1cb4b62ecc648741665,1400/01/31,111661.0,275513.0,275513.0
100d9b545dbca1cb4b62ecc648741665,1400/02/31,319707.0,630166.0,354653.0
100d9b545dbca1cb4b62ecc648741665,1400/03/31,623911.0,1111041.0,480875.0
100d9b545dbca1cb4b62ecc648741665,1400/04/31,967799.0,1617162.0,506121.0
100d9b545dbca1cb4b62ecc648741665,1400/05/31,1247658.0,2101608.0,484446.0
100d9b545dbca1cb4b62ecc648741665,1400/06/31,1578097.0,2623411.0,521803.0
100d9b545dbca1cb4b62ecc648741665,1400/07/30,1868651.0,3208938.0,585527.0
100d9b545dbca1cb4b62ecc648741665,1400/08/30,2250579.0,3738456.0,529518.0
100d9b545dbca1cb4b62ecc648741665,1400/09/30,2612918.0,4365943.0,627487.0
100d9b545dbca1cb4b62ecc648741665,1400/10/30,2959493.0,4895065.0,529122.0
100d9b545dbca1cb4b62ecc648741665,1400/11/30,3317300.0,5446055.0,550990.0
100d9b545dbca1cb4b62ecc648741665,1400/12/29,3580140.0,5888270.0,442215.0
100d9b545dbca1cb4b62ecc648741665,1401/01/31,275513.0,349716.0,349716.0
100d9b545dbca1cb4b62ecc648741665,1401/02/31,630166.0,1149783.0,800067.0
100d9b545dbca1cb4b62ecc648741665,1401/03/31,1111041.0,1908471.0,758688.0
100d9b545dbca1cb4b62ecc648741665,1401/04/31,1617162.0,2640087.0,731616.0
100d9b545dbca1cb4b62ecc648741665,1401/05/31,2101608.0,3395515.0,755428.0
100d9b545dbca1cb4b62ecc648741665,1401/06/31,2623411.0,4192032.0,796517.0
100d9b545dbca1cb4b62ecc648741665,1401/07/30,3208938.0,4926754.0,734722.0
100d9b545dbca1cb4b62ecc648741665,1401/08/30,3738456.0,5572501.0,645747.0
100d9b545dbca1cb4b62ecc648741665,1401/09/30,4365943.0,6335547.0,763046.0
100d9b545dbca1cb4b62ecc648741665,1401/10/30,4895065.0,7128331.0,792784.0
100d9b545dbca1cb4b62ecc648741665,1401/11/30,5446055.0,7825915.0,697584.0
100d9b545dbca1cb4b62ecc648741665,1401/12/29,5888270.0,8678574.0,936160.0
100d9b545dbca1cb4b62ecc648741665,1402/01/31,349716.0,487094.0,487094.0
100d9b545dbca1cb4b62ecc648741665,1402/02/31,1149783.0,1678819.0,1191725.0
100d9b545dbca1cb4b62ecc648741665,1402/03/31,1908471.0,2870691.0,1191872.0
100d9b545dbca1cb4b62ecc648741665,1402/04/31,2640087.0,3958021.0,1087330.0
100d9b545dbca1cb4b62ecc648741665,1402/05/31,3395515.0,5072424.0,1114403.0
100d9b545dbca1cb4b62ecc648741665,1402/06/31,4192032.0,6259831.0,1187407.0
100d9b545dbca1cb4b62ecc648741665,1402/07/30,4926754.0,7453919.0,1194088.0
100d9b545dbca1cb4b62ecc648741665,1402/08/30,5572501.0,8549138.0,1095219.0
100d9b545dbca1cb4b62ecc648741665,1402/09/30,6335547.0,9743466.0,1194328.0
100d9b545dbca1cb4b62ecc648741665,1402/10/30,7128331.0,10895369.0,1151903.0
100d9b545dbca1cb4b62ecc648741665,1402/11/30,7825915.0,12070575.0,1175206.0
100d9b545dbca1cb4b62ecc648741665,1402/12/29,8678574.0,13130280.0,1062517.0
100d9b545dbca1cb4b62ecc648741665,1403/01/31,487094.0,800899.0,800899.0
100d9b545dbca1cb4b62ecc648741665,1403/02/31,1678819.0,2349587.0,1549841.0
100d9b545dbca1cb4b62ecc648741665,1403/03/31,2870691.0,3815441.0,1465854.0
100d9b545dbca1cb4b62ecc648741665,1403/04/31,3958021.0,5041131.0,1225690.0
100d9b545dbca1cb4b62ecc648741665,1403/05/31,5072424.0,6411063.0,1369932.0
100d9b545dbca1cb4b62ecc648741665,1403/06/31,6259831.0,7780954.0,1412317.0
100d9b545dbca1cb4b62ecc648741665,1403/07/30,7453919.0,9087808.0,1306854.0
100d9b545dbca1cb4b62ecc648741665,1403/08/30,8549138.0,10470716.0,1382908.0
100d9b545dbca1cb4b62ecc648741665,1403/09/30,9743466.0,12076604.0,1605888.0
100d9b545dbca1cb4b62ecc648741665,1403/10/30,10895369.0,13667057.0,1591720.0
100d9b545dbca1cb4b62ecc648741665,1403/11/30,12070575.0,15137356.0,1471545.0
100d9b545dbca1cb4b62ecc648741665,1403/12/30,13130280.0,16460098.0,1323363.0
100d9b545dbca1cb4b62ecc648741665,1404/01/31,799800.0,969774.0,969774.0
100d9b545dbca1cb4b62ecc648741665,1404/02/31,2346191.0,2792893.0,1823119.0
100d9b545dbca1cb4b62ecc648741665,1404/03/31,3809930.0,4561405.0,1768512.0
100d9b545dbca1cb4b62ecc648741665,1404/04/31,5027822.0,5627783.0,1066378.0
100d9b545dbca1cb4b62ecc648741665,1404/05/31,6368637.0,7492978.0,1865195.0
100d9b545dbca1cb4b62ecc648741665,1404/06/31,7780954.0,9566126.0,2073148.0
100d9b545dbca1cb4b62ecc648741665,1404/07/30,9087212.0,11296344.0,1730218.0
100d9b545dbca1cb4b62ecc648741665,1404/08/30,10469617.0,13382168.0,2085824.0
100d9b545dbca1cb4b62ecc648741665,1404/09/30,12075214.0,15593864.0,2211696.0
100d9b545dbca1cb4b62ecc648741665,1404/10/30,13665103.0,17933449.0,2339585.0
100d9b545dbca1cb4b62ecc648741665,1404/11/30,0.0,0.0,2677837.0
100d9b545dbca1cb4b62ecc648741665,1404/12/29,0.0,0.0,2285727.0
100d9b545dbca1cb4b62ecc648741665,1405/01/31,0.0,0.0,937146.0
100d9b545dbca1cb4b62ecc648741665,1405/02/31,0.0,0.0,3472837.0
100d9b545dbca1cb4b62ecc648741665,1405/03/31,0.0,0.0,3376333.0
100d9b545dbca1cb4b62ecc648741665,1405/04/31,0.0,0.0,3694916.0
1025955b553ca1fa9153eea469591cb1,1399/01/31,20678971.0,3616046.0,1808023.0
1025955b553ca1fa9153eea469591cb1,1399/02/31,20803816.0,3931347.0,2123324.0
1025955b553ca1fa9153eea469591cb1,1399/03/31,20803816.0,6141207.0,2209860.0
1025955b553ca1fa9153eea469591cb1,1399/04/31,20803816.0,8433363.0,2292156.0
1025955b553ca1fa9153eea469591cb1,1399/05/31,20803816.0,10802614.0,2369251.0
1025955b553ca1fa9153eea469591cb1,1399/06/31,20803816.0,13174010.0,2371396.0
1025955b553ca1fa9153eea469591cb1,1399/07/30,20803816.0,15437889.0,2263879.0
1025955b553ca1fa9153eea469591cb1,1399/08/30,20803816.0,17706214.0,2268325.0
1025955b553ca1fa9153eea469591cb1,1399/09/30,20803816.0,19901277.0,2195063.0
1025955b553ca1fa9153eea469591cb1,1399/10/30,20803816.0,22131735.0,2230458.0
1025955b553ca1fa9153eea469591cb1,1399/11/30,20803816.0,24475348.0,2343613.0
1025955b553ca1fa9153eea469591cb1,1399/12/30,20803816.0,26760190.0,2284842.0
1025955b553ca1fa9153eea469591cb1,1400/01/31,27059246.0,2313023.0,2313023.0
1025955b553ca1fa9153eea469591cb1,1400/02/31,27059246.0,4710457.0,2397434.0
1025955b553ca1fa9153eea469591cb1,1400/03/31,27059246.0,7266233.0,2555776.0
1025955b553ca1fa9153eea469591cb1,1400/04/31,27059246.0,9891900.0,2625667.0
1025955b553ca1fa9153eea469591cb1,1400/05/31,27059246.0,12421934.0,2530034.0
1025955b553ca1fa9153eea469591cb1,1400/06/31,27059246.0,15079627.0,2657693.0
1025955b553ca1fa9153eea469591cb1,1400/07/30,27059246.0,17667535.0,2587908.0
1025955b553ca1fa9153eea469591cb1,1400/08/30,27059246.0,20287471.0,2619936.0
1025955b553ca1fa9153eea469591cb1,1400/09/30,26833609.0,22893236.0,2605765.0
1025955b553ca1fa9153eea469591cb1,1400/10/30,26833609.0,25450005.0,2556769.0
1025955b553ca1fa9153eea469591cb1,1400/11/30,26833609.0,28004365.0,2554360.0
1025955b553ca1fa9153eea469591cb1,1400/12/29,26833609.0,30540200.0,2535835.0
1025955b553ca1fa9153eea469591cb1,1401/01/31,30585926.0,2603384.0,2603384.0
1025955b553ca1fa9153eea469591cb1,1401/02/31,30585926.0,5480877.0,2877493.0
1025955b553ca1fa9153eea469591cb1,1401/03/31,30585926.0,8395547.0,2914670.0
1025955b553ca1fa9153eea469591cb1,1401/04/31,30585926.0,11356852.0,2961305.0
1025955b553ca1fa9153eea469591cb1,1401/05/31,30585926.0,14305530.0,2948678.0
1025955b553ca1fa9153eea469591cb1,1401/06/31,17291302.0,2985772.0,14305530.0
1025955b553ca1fa9153eea469591cb1,1401/07/30,30585926.0,20046677.0,2755375.0
1025955b553ca1fa9153eea469591cb1,1401/08/30,30585926.0,23256914.0,3210237.0
1025955b553ca1fa9153eea469591cb1,1401/09/30,30585926.0,26161608.0,2904694.0
1025955b553ca1fa9153eea469591cb1,1401/10/30,26397044.0,3105412.0,3105412.0
1025955b553ca1fa9153eea469591cb1,1401/11/30,26397044.0,6174445.0,3069033.0
1025955b553ca1fa9153eea469591cb1,1401/12/29,26397044.0,9316093.0,3141648.0
1025955b553ca1fa9153eea469591cb1,1402/01/31,26397044.0,12307145.0,2991052.0
1025955b553ca1fa9153eea469591cb1,1402/02/31,26397044.0,15484362.0,3177217.0
1025955b553ca1fa9153eea469591cb1,1402/03/31,26397044.0,18772057.0,3287695.0
1025955b553ca1fa9153eea469591cb1,1402/04/31,26397044.0,22112545.0,3340488.0
1025955b553ca1fa9153eea469591cb1,1402/05/31,26397044.0,25863611.0,3751066.0
1025955b553ca1fa9153eea469591cb1,1402/06/31,26397044.0,29797730.0,3934119.0
1025955b553ca1fa9153eea469591cb1,1402/07/30,26397044.0,33498127.0,3700397.0
1025955b553ca1fa9153eea469591cb1,1402/08/30,26397044.0,37162377.0,3664250.0
1025955b553ca1fa9153eea469591cb1,1402/09/30,26397044.0,41817649.0,4655272.0
1025955b553ca1fa9153eea469591cb1,1402/10/30,41863245.0,3876282.0,3876282.0
1025955b553ca1fa9153eea469591cb1,1402/11/30,41863245.0,7989366.0,4113084.0
1025955b553ca1fa9153eea469591cb1,1402/12/29,41863245.0,13108359.0,5118993.0
1025955b553ca1fa9153eea469591cb1,1403/01/31,41863245.0,17777206.0,4668847.0
1025955b553ca1fa9153eea469591cb1,1403/02/31,41863245.0,22713657.0,4936451.0
1025955b553ca1fa9153eea469591cb1,1403/03/31,41863245.0,31564106.0,8850449.0
1025955b553ca1fa9153eea469591cb1,1403/04/31,41863245.0,36622811.0,6243594.0
1025955b553ca1fa9153eea469591cb1,1403/05/31,41863245.0,43509691.0,6343624.0
1025955b553ca1fa9153eea469591cb1,1403/06/31,41863245.0,49772971.0,6263280.0
1025955b553ca1fa9153eea469591cb1,1403/07/30,41863245.0,55544126.0,5771155.0
1025955b553ca1fa9153eea469591cb1,1403/08/30,41863245.0,61452148.0,5908022.0
1025955b553ca1fa9153eea469591cb1,1403/09/30,41863245.0,66314779.0,4862631.0
1025955b553ca1fa9153eea469591cb1,1403/10/30,66508323.0,5940729.0,5940729.0
1025955b553ca1fa9153eea469591cb1,1403/11/30,66508323.0,11661519.0,5720790.0
1025955b553ca1fa9153eea469591cb1,1403/12/30,66508323.0,17424591.0,5763072.0
1025955b553ca1fa9153eea469591cb1,1404/01/31,66508323.0,23135907.0,5711316.0
1025955b553ca1fa9153eea469591cb1,1404/03/31,66508323.0,34268323.0,5550327.0
1025955b553ca1fa9153eea469591cb1,1404/04/31,66508323.0,44021165.0,7003243.0
1025955b553ca1fa9153eea469591cb1,1404/05/31,66508323.0,50603964.0,6582799.0
1025955b553ca1fa9153eea469591cb1,1404/06/31,66508323.0,57591772.0,6987808.0
1025955b553ca1fa9153eea469591cb1,1404/07/30,66508323.0,65164169.0,7572397.0
1025955b553ca1fa9153eea469591cb1,1404/08/30,66508323.0,72692563.0,7528394.0
1025955b553ca1fa9153eea469591cb1,1404/09/30,66508323.0,80629625.0,7937062.0
1025955b553ca1fa9153eea469591cb1,1404/10/30,81079556.0,7586971.0,7586971.0
1025955b553ca1fa9153eea469591cb1,1405/03/31,0.0,0.0,11256976.0
13a0bcb602f4d54dab681986defb249d,1399/07/30,0.0,0.0,1112808.0
13a0bcb602f4d54dab681986defb249d,1399/08/30,0.0,0.0,1147187.0
13a0bcb602f4d54dab681986defb249d,1399/09/30,0.0,0.0,871906.0
13a0bcb602f4d54dab681986defb249d,1399/10/30,0.0,0.0,1245308.0
13a0bcb602f4d54dab681986defb249d,1399/11/30,0.0,0.0,1811478.0
13a0bcb602f4d54dab681986defb249d,1399/12/30,0.0,0.0,1338352.0
13a0bcb602f4d54dab681986defb249d,1400/01/31,0.0,0.0,689215.0
13a0bcb602f4d54dab681986defb249d,1400/02/31,0.0,0.0,1396507.0
13a0bcb602f4d54dab681986defb249d,1400/03/31,0.0,0.0,1304122.0
13a0bcb602f4d54dab681986defb249d,1400/04/31,0.0,0.0,1485650.0
13a0bcb602f4d54dab681986defb249d,1400/05/31,0.0,0.0,1284931.0
13a0bcb602f4d54dab681986defb249d,1400/06/31,0.0,0.0,1434742.0
13a0bcb602f4d54dab681986defb249d,1400/07/30,0.0,0.0,1370396.0
13a0bcb602f4d54dab681986defb249d,1400/08/30,0.0,0.0,1589587.0
13a0bcb602f4d54dab681986defb249d,1400/09/30,0.0,0.0,1468240.0
13a0bcb602f4d54dab681986defb249d,1400/10/30,0.0,0.0,1474071.0
13a0bcb602f4d54dab681986defb249d,1400/11/30,0.0,0.0,2134361.0
13a0bcb602f4d54dab681986defb249d,1400/12/29,0.0,0.0,1578287.0
13a0bcb602f4d54dab681986defb249d,1401/01/31,0.0,0.0,1031237.0
13a0bcb602f4d54dab681986defb249d,1401/02/31,0.0,0.0,2091167.0
13a0bcb602f4d54dab681986defb249d,1401/03/31,0.0,0.0,2497251.0
13a0bcb602f4d54dab681986defb249d,1401/04/31,0.0,0.0,2036359.0
13a0bcb602f4d54dab681986defb249d,1401/05/31,0.0,0.0,2006078.0
13a0bcb602f4d54dab681986defb249d,1401/06/31,0.0,0.0,2601575.0
13a0bcb602f4d54dab681986defb249d,1401/07/30,0.0,0.0,1790845.0
13a0bcb602f4d54dab681986defb249d,1401/08/30,0.0,0.0,2749344.0
13a0bcb602f4d54dab681986defb249d,1401/09/30,0.0,0.0,2780184.0
13a0bcb602f4d54dab681986defb249d,1401/10/30,0.0,0.0,2633227.0
13a0bcb602f4d54dab681986defb249d,1401/11/30,0.0,0.0,2715187.0
13a0bcb602f4d54dab681986defb249d,1401/12/29,0.0,0.0,2328273.0
13a0bcb602f4d54dab681986defb249d,1402/01/31,0.0,0.0,1475680.0
13a0bcb602f4d54dab681986defb249d,1402/02/31,0.0,0.0,3447388.0
13a0bcb602f4d54dab681986defb249d,1402/03/31,0.0,0.0,3756258.0
13a0bcb602f4d54dab681986defb249d,1402/04/31,0.0,0.0,3166220.0
13a0bcb602f4d54dab681986defb249d,1402/05/31,0.0,0.0,2977248.0
13a0bcb602f4d54dab681986defb249d,1402/06/31,0.0,0.0,4228864.0
13a0bcb602f4d54dab681986defb249d,1402/07/30,0.0,0.0,3076812.0
13a0bcb602f4d54dab681986defb249d,1402/08/30,0.0,0.0,3926836.0
13a0bcb602f4d54dab681986defb249d,1402/09/30,0.0,0.0,4157973.0
13a0bcb602f4d54dab681986defb249d,1402/10/30,0.0,0.0,2803247.0
13a0bcb602f4d54dab681986defb249d,1402/11/30,0.0,0.0,3258640.0
13a0bcb602f4d54dab681986defb249d,1402/12/29,0.0,0.0,4034940.0
13a0bcb602f4d54dab681986defb249d,1403/01/31,0.0,0.0,1901149.0
13a0bcb602f4d54dab681986defb249d,1403/02/31,0.0,0.0,4494613.0
13a0bcb602f4d54dab681986defb249d,1403/03/31,0.0,0.0,3717101.0
13a0bcb602f4d54dab681986defb249d,1403/04/31,0.0,0.0,3174811.0
13a0bcb602f4d54dab681986defb249d,1403/05/31,0.0,0.0,5198609.0
13a0bcb602f4d54dab681986defb249d,1403/06/31,0.0,0.0,4628105.0
13a0bcb602f4d54dab681986defb249d,1403/07/30,0.0,0.0,4487410.0
13a0bcb602f4d54dab681986defb249d,1403/08/30,26055306.0,32175366.0,4573568.0
13a0bcb602f4d54dab681986defb249d,1403/09/30,30213279.0,36252300.0,4076934.0
13a0bcb602f4d54dab681986defb249d,1403/10/30,33016526.0,40319402.0,4067102.0
13a0bcb602f4d54dab681986defb249d,1403/11/30,36275166.0,44019956.0,3700554.0
13a0bcb602f4d54dab681986defb249d,1403/12/30,40310106.0,48960234.0,4940278.0
13a0bcb602f4d54dab681986defb249d,1404/01/31,1901149.0,2156337.0,2156337.0
13a0bcb602f4d54dab681986defb249d,1404/02/31,6395762.0,7792071.0,5635734.0
13a0bcb602f4d54dab681986defb249d,1404/03/31,10112863.0,11564894.0,3772823.0
13a0bcb602f4d54dab681986defb249d,1404/04/31,13287674.0,17852802.0,6287908.0
13a0bcb602f4d54dab681986defb249d,1404/05/31,18486283.0,22549025.0,4696223.0
13a0bcb602f4d54dab681986defb249d,1404/06/31,23114388.0,30190546.0,7641521.0
13a0bcb602f4d54dab681986defb249d,1404/07/30,27601798.0,38869563.0,8679017.0
13a0bcb602f4d54dab681986defb249d,1404/08/30,32175366.0,45875439.0,7005876.0
13a0bcb602f4d54dab681986defb249d,1404/09/30,36252300.0,54081229.0,8205790.0
13a0bcb602f4d54dab681986defb249d,1404/10/30,40319402.0,62515690.0,8434461.0
13a0bcb602f4d54dab681986defb249d,1404/11/30,44019956.0,75199104.0,12683414.0
13a0bcb602f4d54dab681986defb249d,1404/12/29,48960234.0,79974786.0,4961596.0
13a0bcb602f4d54dab681986defb249d,1405/01/31,2156337.0,5930961.0,5930961.0
13a0bcb602f4d54dab681986defb249d,1405/02/31,0.0,0.0,11735987.0
13a0bcb602f4d54dab681986defb249d,1405/03/31,0.0,0.0,12447217.0
162bcc9b9c97c9f3510c1bd06b5ae8c0,1399/01/31,361490.0,313808.0,313808.0
162bcc9b9c97c9f3510c1bd06b5ae8c0,1399/02/31,781581.0,778237.0,464429.0
162bcc9b9c97c9f3510c1bd06b5ae8c0,1399/03/31,1173955.0,1397036.0,618799.0
162bcc9b9c97c9f3510c1bd06b5ae8c0,1399/04/31,1600407.0,1930520.0,533484.0
162bcc9b9c97c9f3510c1bd06b5ae8c0,1399/05/31,1466005.0,2508662.0,578142.0
162bcc9b9c97c9f3510c1bd06b5ae8c0,1399/06/31,266805.0,3062980.0,554318.0
162bcc9b9c97c9f3510c1bd06b5ae8c0,1399/07/30,2873910.0,3557986.0,495006.0
162bcc9b9c97c9f3510c1bd06b5ae8c0,1399/08/30,4117054.0,559068.0,3557986.0
162bcc9b9c97c9f3510c1bd06b5ae8c0,1399/09/30,3925343.0,4804926.0,687872.0
162bcc9b9c97c9f3510c1bd06b5ae8c0,1399/10/30,4804926.0,5515710.0,710784.0
162bcc9b9c97c9f3510c1bd06b5ae8c0,1399/11/30,4913302.0,6135471.0,619761.0
162bcc9b9c97c9f3510c1bd06b5ae8c0,1399/12/30,5295252.0,6963730.0,828259.0
162bcc9b9c97c9f3510c1bd06b5ae8c0,1400/01/31,346403.0,645229.0,645229.0
162bcc9b9c97c9f3510c1bd06b5ae8c0,1400/02/31,645229.0,1267642.0,622413.0
162bcc9b9c97c9f3510c1bd06b5ae8c0,1400/03/31,1397036.0,1975196.0,707554.0
162bcc9b9c97c9f3510c1bd06b5ae8c0,1400/04/31,1975196.0,2788244.0,813048.0
162bcc9b9c97c9f3510c1bd06b5ae8c0,1400/05/31,2788244.0,3516178.0,727934.0
162bcc9b9c97c9f3510c1bd06b5ae8c0,1400/06/31,3516178.0,4410364.0,894186.0
162bcc9b9c97c9f3510c1bd06b5ae8c0,1400/07/30,4410364.0,5267628.0,857264.0
162bcc9b9c97c9f3510c1bd06b5ae8c0,1400/08/30,4117054.0,6189387.0,921759.0
162bcc9b9c97c9f3510c1bd06b5ae8c0,1400/09/30,4804926.0,7153845.0,964458.0
162bcc9b9c97c9f3510c1bd06b5ae8c0,1400/10/30,5514666.0,7991333.0,837488.0
162bcc9b9c97c9f3510c1bd06b5ae8c0,1400/11/30,6134427.0,8739076.0,747743.0
162bcc9b9c97c9f3510c1bd06b5ae8c0,1400/12/29,6974751.0,9866892.0,1127816.0
162bcc9b9c97c9f3510c1bd06b5ae8c0,1401/01/31,645229.0,1217615.0,1217615.0
162bcc9b9c97c9f3510c1bd06b5ae8c0,1401/02/31,87591.0,2223248.0,1005633.0
162bcc9b9c97c9f3510c1bd06b5ae8c0,1401/03/31,2001444.0,3543301.0,1320053.0
162bcc9b9c97c9f3510c1bd06b5ae8c0,1401/04/31,2788244.0,5230800.0,1687499.0
162bcc9b9c97c9f3510c1bd06b5ae8c0,1401/05/31,3516178.0,6982634.0,1751834.0
162bcc9b9c97c9f3510c1bd06b5ae8c0,1401/06/31,4403623.0,8580426.0,1597792.0
162bcc9b9c97c9f3510c1bd06b5ae8c0,1401/07/30,5267628.0,10579131.0,1998705.0
162bcc9b9c97c9f3510c1bd06b5ae8c0,1401/08/30,6189387.0,12407091.0,1827960.0
162bcc9b9c97c9f3510c1bd06b5ae8c0,1401/09/30,7153845.0,14348503.0,1941412.0
162bcc9b9c97c9f3510c1bd06b5ae8c0,1401/10/30,7991333.0,16034880.0,1686377.0
162bcc9b9c97c9f3510c1bd06b5ae8c0,1401/11/30,8739076.0,18055889.0,2021009.0
162bcc9b9c97c9f3510c1bd06b5ae8c0,1401/12/29,9866892.0,20017905.0,1962016.0
162bcc9b9c97c9f3510c1bd06b5ae8c0,1402/01/31,1217615.0,1986376.0,1986376.0
162bcc9b9c97c9f3510c1bd06b5ae8c0,1402/02/31,2223248.0,3706462.0,1720086.0
162bcc9b9c97c9f3510c1bd06b5ae8c0,1402/03/31,3543301.0,5627513.0,1921051.0
162bcc9b9c97c9f3510c1bd06b5ae8c0,1402/04/31,5230800.0,7815676.0,2188163.0
162bcc9b9c97c9f3510c1bd06b5ae8c0,1402/05/31,6982634.0,10368475.0,2552799.0
162bcc9b9c97c9f3510c1bd06b5ae8c0,1402/06/31,8580426.0,12618751.0,2250276.0
162bcc9b9c97c9f3510c1bd06b5ae8c0,1402/07/30,10579131.0,14762721.0,2143970.0
162bcc9b9c97c9f3510c1bd06b5ae8c0,1402/08/30,12407091.0,17326740.0,2564019.0
162bcc9b9c97c9f3510c1bd06b5ae8c0,1402/09/30,14348503.0,19502305.0,2175565.0
162bcc9b9c97c9f3510c1bd06b5ae8c0,1402/10/30,16034880.0,21600340.0,2098340.0
162bcc9b9c97c9f3510c1bd06b5ae8c0,1402/11/30,2021009.0,2506684.0,2506684.0
162bcc9b9c97c9f3510c1bd06b5ae8c0,1402/12/29,3979783.0,5088983.0,2582299.0
162bcc9b9c97c9f3510c1bd06b5ae8c0,1403/01/31,5963999.0,7855463.0,2766480.0
162bcc9b9c97c9f3510c1bd06b5ae8c0,1403/02/31,7686244.0,10874511.0,3019048.0
162bcc9b9c97c9f3510c1bd06b5ae8c0,1403/03/31,9607295.0,13160546.0,2286035.0
162bcc9b9c97c9f3510c1bd06b5ae8c0,1403/04/31,12618751.0,15540550.0,2378953.0
162bcc9b9c97c9f3510c1bd06b5ae8c0,1403/05/31,14762721.0,18322174.0,2781624.0
162bcc9b9c97c9f3510c1bd06b5ae8c0,1403/06/31,17326740.0,21042692.0,2720518.0
162bcc9b9c97c9f3510c1bd06b5ae8c0,1403/07/30,19502305.0,24530836.0,3488144.0
162bcc9b9c97c9f3510c1bd06b5ae8c0,1403/08/30,21600340.0,27446023.0,2940437.0
162bcc9b9c97c9f3510c1bd06b5ae8c0,1403/09/30,21600340.0,30103871.0,2657848.0
162bcc9b9c97c9f3510c1bd06b5ae8c0,1403/10/30,2506684.0,2856241.0,2856241.0
162bcc9b9c97c9f3510c1bd06b5ae8c0,1403/11/30,5088983.0,5901508.0,3045267.0
162bcc9b9c97c9f3510c1bd06b5ae8c0,1403/12/30,7855463.0,9489683.0,3588175.0
162bcc9b9c97c9f3510c1bd06b5ae8c0,1404/01/31,10874511.0,12872709.0,3383026.0
162bcc9b9c97c9f3510c1bd06b5ae8c0,1404/02/31,13160546.0,17116071.0,4243362.0
162bcc9b9c97c9f3510c1bd06b5ae8c0,1404/03/31,15540550.0,20934623.0,3818552.0
162bcc9b9c97c9f3510c1bd06b5ae8c0,1404/04/31,18322174.0,25156537.0,4221914.0
162bcc9b9c97c9f3510c1bd06b5ae8c0,1404/05/31,21042692.0,28837202.0,3680665.0
162bcc9b9c97c9f3510c1bd06b5ae8c0,1404/06/31,24530836.0,33358561.0,4521359.0
162bcc9b9c97c9f3510c1bd06b5ae8c0,1404/07/30,27446023.0,38604448.0,5245887.0
162bcc9b9c97c9f3510c1bd06b5ae8c0,1404/08/30,30103871.0,42618877.0,4014429.0
162bcc9b9c97c9f3510c1bd06b5ae8c0,1404/09/30,30103871.0,48554784.0,5935907.0
162bcc9b9c97c9f3510c1bd06b5ae8c0,1404/10/30,2856241.0,5693612.0,5693612.0
162bcc9b9c97c9f3510c1bd06b5ae8c0,1404/12/29,0.0,0.0,6197762.0
162bcc9b9c97c9f3510c1bd06b5ae8c0,1405/01/31,0.0,0.0,5410948.0
162bcc9b9c97c9f3510c1bd06b5ae8c0,1405/02/31,0.0,0.0,10955472.0
162bcc9b9c97c9f3510c1bd06b5ae8c0,1405/03/31,0.0,0.0,9487142.0
162bcc9b9c97c9f3510c1bd06b5ae8c0,1405/04/31,0.0,0.0,7250046.0
16c5adc0ecd89c732f53b66f1b794505,1399/06/31,1505459.0,2229580.0,398134.0
16c5adc0ecd89c732f53b66f1b794505,1399/07/30,1679137.0,2486865.0,257285.0
16c5adc0ecd89c732f53b66f1b794505,1399/08/30,1841022.0,2690306.0,203441.0
16c5adc0ecd89c732f53b66f1b794505,1399/09/30,1973514.0,2914023.0,223717.0
16c5adc0ecd89c732f53b66f1b794505,1399/10/30,2125950.0,3141854.0,227831.0
16c5adc0ecd89c732f53b66f1b794505,1399/11/30,2283550.0,3385151.0,243297.0
16c5adc0ecd89c732f53b66f1b794505,1399/12/30,2434150.0,3658423.0,273272.0
16c5adc0ecd89c732f53b66f1b794505,1400/01/31,111121.0,170913.0,170913.0
16c5adc0ecd89c732f53b66f1b794505,1400/02/31,289121.0,587124.0,416211.0
16c5adc0ecd89c732f53b66f1b794505,1400/03/31,728851.0,1131089.0,543965.0
16c5adc0ecd89c732f53b66f1b794505,1400/04/31,1285101.0,1810641.0,679552.0
16c5adc0ecd89c732f53b66f1b794505,1400/05/31,1831446.0,2503272.0,692631.0
16c5adc0ecd89c732f53b66f1b794505,1400/06/31,2229580.0,3005662.0,502390.0
16c5adc0ecd89c732f53b66f1b794505,1400/07/30,2486865.0,3596487.0,488551.0
16c5adc0ecd89c732f53b66f1b794505,1400/08/30,2690306.0,4007994.0,411507.0
16c5adc0ecd89c732f53b66f1b794505,1400/09/30,2914023.0,4406489.0,398495.0
16c5adc0ecd89c732f53b66f1b794505,1400/10/30,3141854.0,4829987.0,423498.0
16c5adc0ecd89c732f53b66f1b794505,1400/11/30,3385151.0,5295793.0,465806.0
16c5adc0ecd89c732f53b66f1b794505,1400/12/29,3714253.0,5696550.0,413738.0
16c5adc0ecd89c732f53b66f1b794505,1401/01/31,170913.0,352672.0,352672.0
16c5adc0ecd89c732f53b66f1b794505,1401/02/31,587124.0,845138.0,492466.0
16c5adc0ecd89c732f53b66f1b794505,1401/03/31,1131089.0,1405622.0,560484.0
16c5adc0ecd89c732f53b66f1b794505,1401/04/31,1810641.0,2006064.0,600442.0
16c5adc0ecd89c732f53b66f1b794505,1401/05/31,2503272.0,2619326.0,613262.0
16c5adc0ecd89c732f53b66f1b794505,1401/06/31,3005662.0,3728829.0,696632.0
16c5adc0ecd89c732f53b66f1b794505,1401/07/30,3596487.0,3887667.0,666619.0
16c5adc0ecd89c732f53b66f1b794505,1401/08/30,4007994.0,4551557.0,645366.0
16c5adc0ecd89c732f53b66f1b794505,1401/09/30,4339976.0,5761216.0,643295.0
16c5adc0ecd89c732f53b66f1b794505,1401/10/30,4829987.0,6397214.0,635998.0
16c5adc0ecd89c732f53b66f1b794505,1401/11/30,5295793.0,6881548.0,484334.0
16c5adc0ecd89c732f53b66f1b794505,1401/12/29,5696550.0,7130233.0,755210.0
16c5adc0ecd89c732f53b66f1b794505,1402/01/31,352672.0,448442.0,448442.0
16c5adc0ecd89c732f53b66f1b794505,1402/02/31,845138.0,1074410.0,625968.0
16c5adc0ecd89c732f53b66f1b794505,1402/03/31,1405622.0,1860872.0,786462.0
16c5adc0ecd89c732f53b66f1b794505,1402/04/31,2006064.0,2623268.0,762396.0
16c5adc0ecd89c732f53b66f1b794505,1402/05/31,2619326.0,3345454.0,722186.0
16c5adc0ecd89c732f53b66f1b794505,1402/06/31,3728829.0,4132085.0,814860.0
16c5adc0ecd89c732f53b66f1b794505,1402/07/30,3887667.0,4803786.0,643472.0
16c5adc0ecd89c732f53b66f1b794505,1402/08/30,4551557.0,5418038.0,614252.0
16c5adc0ecd89c732f53b66f1b794505,1402/09/30,5761216.0,6005899.0,587861.0
16c5adc0ecd89c732f53b66f1b794505,1402/10/30,6397214.0,6721156.0,715257.0
16c5adc0ecd89c732f53b66f1b794505,1402/11/30,6881548.0,7432375.0,711219.0
16c5adc0ecd89c732f53b66f1b794505,1402/12/29,7130233.0,8751778.0,1359095.0
16c5adc0ecd89c732f53b66f1b794505,1403/01/31,448442.0,593329.0,593329.0
16c5adc0ecd89c732f53b66f1b794505,1403/02/31,1074410.0,1312512.0,719183.0
16c5adc0ecd89c732f53b66f1b794505,1403/03/31,1860872.0,2400913.0,1088401.0
16c5adc0ecd89c732f53b66f1b794505,1403/04/31,2623268.0,3510529.0,1109616.0
16c5adc0ecd89c732f53b66f1b794505,1403/05/31,3345454.0,4632422.0,1121893.0
16c5adc0ecd89c732f53b66f1b794505,1403/06/31,4132085.0,5822543.0,1074188.0
16c5adc0ecd89c732f53b66f1b794505,1403/07/30,4803786.0,6830813.0,1008270.0
16c5adc0ecd89c732f53b66f1b794505,1403/08/30,5418038.0,7791084.0,960271.0
16c5adc0ecd89c732f53b66f1b794505,1403/09/30,6005899.0,9245425.0,1454341.0
16c5adc0ecd89c732f53b66f1b794505,1403/10/30,6721156.0,10560114.0,1314689.0
16c5adc0ecd89c732f53b66f1b794505,1403/11/30,7432375.0,11771009.0,1210895.0
16c5adc0ecd89c732f53b66f1b794505,1403/12/30,8751778.0,12771103.0,1000094.0
16c5adc0ecd89c732f53b66f1b794505,1404/01/31,593329.0,1500092.0,1500092.0
16c5adc0ecd89c732f53b66f1b794505,1404/02/31,1312512.0,3449046.0,1948954.0
16c5adc0ecd89c732f53b66f1b794505,1404/03/31,5690844.0,2241798.0,3449046.0
16c5adc0ecd89c732f53b66f1b794505,1404/04/31,2023650.0,7967523.0,2276679.0
16c5adc0ecd89c732f53b66f1b794505,1404/05/31,4632422.0,10191501.0,2223978.0
16c5adc0ecd89c732f53b66f1b794505,1404/06/31,5822543.0,12416969.0,2225468.0
16c5adc0ecd89c732f53b66f1b794505,1404/07/30,6817700.0,14338516.0,1921547.0
16c5adc0ecd89c732f53b66f1b794505,1404/08/30,7791084.0,16130388.0,1791872.0
16c5adc0ecd89c732f53b66f1b794505,1404/09/30,9245425.0,18157819.0,2027431.0
16c5adc0ecd89c732f53b66f1b794505,1404/10/30,10560114.0,19992752.0,1834933.0
16c5adc0ecd89c732f53b66f1b794505,1404/11/30,11771009.0,21415595.0,1422843.0
16c5adc0ecd89c732f53b66f1b794505,1404/12/29,756941.0,1285101.0,1124949.0
16c5adc0ecd89c732f53b66f1b794505,1405/01/30,1140669.0,1831446.0,1064154.0
16c5adc0ecd89c732f53b66f1b794505,1405/02/31,3449046.0,3852420.0,2788266.0
16c5adc0ecd89c732f53b66f1b794505,1405/03/31,0.0,0.0,3376456.0
16c5adc0ecd89c732f53b66f1b794505,1405/04/31,0.0,0.0,3925953.0
16c5adc0ecd89c732f53b66f1b794505,1405/05/31,0.0,0.0,3967447.0
1712cd6b0f7a77388a2c072ad6694a89,1399/03/31,321392.0,412162.0,149533.0
1712cd6b0f7a77388a2c072ad6694a89,1399/04/31,413162.0,561383.0,149221.0
1712cd6b0f7a77388a2c072ad6694a89,1399/05/31,552091.0,703100.0,141717.0
1712cd6b0f7a77388a2c072ad6694a89,1399/06/31,682170.0,885988.0,172938.0
1712cd6b0f7a77388a2c072ad6694a89,1399/07/30,820597.0,1051260.0,165272.0
1712cd6b0f7a77388a2c072ad6694a89,1399/08/30,936538.0,1235240.0,175330.0
1712cd6b0f7a77388a2c072ad6694a89,1399/09/30,1065113.0,1455662.0,208660.0
1712cd6b0f7a77388a2c072ad6694a89,1399/10/30,1192692.0,1678471.0,222809.0
1712cd6b0f7a77388a2c072ad6694a89,1399/11/30,1311569.0,1908494.0,223523.0
1712cd6b0f7a77388a2c072ad6694a89,1399/12/30,1450445.0,2156540.0,239546.0
1712cd6b0f7a77388a2c072ad6694a89,1400/01/31,124254.0,236315.0,236315.0
1712cd6b0f7a77388a2c072ad6694a89,1400/02/31,262629.0,480000.0,243685.0
1712cd6b0f7a77388a2c072ad6694a89,1400/03/31,412162.0,719552.0,239552.0
1712cd6b0f7a77388a2c072ad6694a89,1400/04/31,561383.0,971962.0,252410.0
1712cd6b0f7a77388a2c072ad6694a89,1400/05/31,713050.0,1233323.0,256043.0
1712cd6b0f7a77388a2c072ad6694a89,1400/06/31,885988.0,1609470.0,292090.0
1712cd6b0f7a77388a2c072ad6694a89,1400/07/30,1144651.0,1946604.0,337513.0
1712cd6b0f7a77388a2c072ad6694a89,1400/08/30,1247002.0,2257698.0,310230.0
1712cd6b0f7a77388a2c072ad6694a89,1400/09/30,1455662.0,2670844.0,412697.0
1712cd6b0f7a77388a2c072ad6694a89,1400/10/30,1684971.0,2996545.0,325701.0
1712cd6b0f7a77388a2c072ad6694a89,1400/11/30,1916994.0,3318098.0,321553.0
1712cd6b0f7a77388a2c072ad6694a89,1400/12/29,2156540.0,3652528.0,326402.0
1712cd6b0f7a77388a2c072ad6694a89,1401/01/31,238862.0,306261.0,306261.0
1712cd6b0f7a77388a2c072ad6694a89,1401/02/31,484121.0,657996.0,351735.0
1712cd6b0f7a77388a2c072ad6694a89,1401/03/31,728471.0,1233213.0,575217.0
1712cd6b0f7a77388a2c072ad6694a89,1401/04/31,1070888.0,1772605.0,539392.0
1712cd6b0f7a77388a2c072ad6694a89,1401/05/31,1347711.0,2264111.0,491506.0
1712cd6b0f7a77388a2c072ad6694a89,1401/06/31,1670275.0,2799175.0,535046.0
1712cd6b0f7a77388a2c072ad6694a89,1401/07/30,1928535.0,3351343.0,552168.0
1712cd6b0f7a77388a2c072ad6694a89,1401/08/30,2265453.0,3904293.0,552950.0
1712cd6b0f7a77388a2c072ad6694a89,1401/09/30,2840882.0,4480735.0,576442.0
1712cd6b0f7a77388a2c072ad6694a89,1401/10/30,2782470.0,5079736.0,591532.0
1712cd6b0f7a77388a2c072ad6694a89,1401/11/30,3332994.0,5745328.0,665592.0
1712cd6b0f7a77388a2c072ad6694a89,1401/12/29,3803859.0,6246966.0,537840.0
1712cd6b0f7a77388a2c072ad6694a89,1402/01/31,306261.0,598193.0,598193.0
1712cd6b0f7a77388a2c072ad6694a89,1402/02/31,657996.0,1301239.0,703046.0
1712cd6b0f7a77388a2c072ad6694a89,1402/03/31,1233213.0,2042706.0,741467.0
1712cd6b0f7a77388a2c072ad6694a89,1402/04/31,1824186.0,2771072.0,728366.0
1712cd6b0f7a77388a2c072ad6694a89,1402/05/31,2262720.0,3487941.0,716869.0
1712cd6b0f7a77388a2c072ad6694a89,1402/06/31,2825899.0,4208001.0,720060.0
1712cd6b0f7a77388a2c072ad6694a89,1402/07/30,3351399.0,4964319.0,756318.0
1712cd6b0f7a77388a2c072ad6694a89,1402/08/30,3904777.0,5696340.0,732021.0
1712cd6b0f7a77388a2c072ad6694a89,1402/09/30,4480735.0,6450503.0,878539.0
1712cd6b0f7a77388a2c072ad6694a89,1402/10/30,5079736.0,7207687.0,755725.0
1712cd6b0f7a77388a2c072ad6694a89,1402/11/30,5745328.0,7981639.0,773952.0
1712cd6b0f7a77388a2c072ad6694a89,1402/12/29,6246966.0,8809048.0,827409.0
1712cd6b0f7a77388a2c072ad6694a89,1403/01/31,598193.0,819620.0,819620.0
1712cd6b0f7a77388a2c072ad6694a89,1403/02/31,1301239.0,1667600.0,847980.0
1712cd6b0f7a77388a2c072ad6694a89,1403/03/31,2042706.0,2540549.0,872949.0
1712cd6b0f7a77388a2c072ad6694a89,1403/04/31,2771072.0,3372131.0,831582.0
1712cd6b0f7a77388a2c072ad6694a89,1403/05/31,3487941.0,4133221.0,761090.0
1712cd6b0f7a77388a2c072ad6694a89,1403/06/31,4208000.0,4920954.0,779088.0
1712cd6b0f7a77388a2c072ad6694a89,1403/07/30,4964319.0,5843162.0,922208.0
1712cd6b0f7a77388a2c072ad6694a89,1403/08/30,5696340.0,6752450.0,909288.0
1712cd6b0f7a77388a2c072ad6694a89,1403/09/30,6450503.0,7754376.0,1001926.0
1712cd6b0f7a77388a2c072ad6694a89,1403/10/30,7207687.0,8767782.0,1013406.0
1712cd6b0f7a77388a2c072ad6694a89,1403/11/30,7981639.0,9779126.0,1011344.0
1712cd6b0f7a77388a2c072ad6694a89,1403/12/30,8809049.0,10918643.0,1139517.0
1712cd6b0f7a77388a2c072ad6694a89,1404/01/31,819620.0,1101716.0,1101716.0
1712cd6b0f7a77388a2c072ad6694a89,1404/02/31,1667600.0,2189162.0,1087446.0
1712cd6b0f7a77388a2c072ad6694a89,1404/03/31,2540549.0,3443274.0,1254112.0
1712cd6b0f7a77388a2c072ad6694a89,1404/04/31,3372131.0,4690028.0,1246754.0
1712cd6b0f7a77388a2c072ad6694a89,1404/05/31,4133221.0,5898857.0,1208829.0
1712cd6b0f7a77388a2c072ad6694a89,1404/06/31,4920954.0,7118502.0,1219645.0
1712cd6b0f7a77388a2c072ad6694a89,1404/07/30,5843162.0,8410108.0,1291606.0
1712cd6b0f7a77388a2c072ad6694a89,1404/08/30,6752450.0,10170962.0,1760854.0
1712cd6b0f7a77388a2c072ad6694a89,1404/09/30,101836.0,121242.0,1578219.0
1712cd6b0f7a77388a2c072ad6694a89,1404/10/30,8767782.0,13489159.0,1739978.0
1712cd6b0f7a77388a2c072ad6694a89,1404/11/30,207485.0,259329.0,2597940.0
1712cd6b0f7a77388a2c072ad6694a89,1404/12/29,10918643.0,17638336.0,1551237.0
1712cd6b0f7a77388a2c072ad6694a89,1405/01/31,1101716.0,2295030.0,2295030.0
1712cd6b0f7a77388a2c072ad6694a89,1405/02/31,2189162.0,4888837.0,2593807.0
1712cd6b0f7a77388a2c072ad6694a89,1405/03/31,0.0,0.0,3091124.0
1712cd6b0f7a77388a2c072ad6694a89,1405/04/31,0.0,0.0,2056987.0
1712cd6b0f7a77388a2c072ad6694a89,1405/05/31,0.0,0.0,4804089.0
1818f78f177b8c9343ce20a08ca3cf40,1399/10/30,2605446.0,2605446.0,229804.0
1818f78f177b8c9343ce20a08ca3cf40,1399/11/30,1815635.0,2800736.0,186398.0
1818f78f177b8c9343ce20a08ca3cf40,1399/12/30,2043495.0,3037397.0,236661.0
1818f78f177b8c9343ce20a08ca3cf40,1400/01/31,71552.0,189314.0,189314.0
1818f78f177b8c9343ce20a08ca3cf40,1400/02/31,221893.0,556540.0,318094.0
1818f78f177b8c9343ce20a08ca3cf40,1400/03/31,536618.0,1173777.0,505363.0
1818f78f177b8c9343ce20a08ca3cf40,1400/04/31,988886.0,1829701.0,655924.0
1818f78f177b8c9343ce20a08ca3cf40,1400/05/31,1412841.0,2434030.0,604329.0
1818f78f177b8c9343ce20a08ca3cf40,1400/06/31,1758520.0,2962760.0,528730.0
1818f78f177b8c9343ce20a08ca3cf40,1400/07/30,1983462.0,3375541.0,412781.0
1818f78f177b8c9343ce20a08ca3cf40,1400/08/30,2159380.0,3686267.0,310726.0
1818f78f177b8c9343ce20a08ca3cf40,1400/09/30,2375642.0,3909576.0,223309.0
1818f78f177b8c9343ce20a08ca3cf40,1400/10/30,2605446.0,4260997.0,351421.0
1818f78f177b8c9343ce20a08ca3cf40,1400/11/30,2800736.0,4569130.0,308133.0
1818f78f177b8c9343ce20a08ca3cf40,1400/12/29,3176747.0,5149290.0,203056.0
1818f78f177b8c9343ce20a08ca3cf40,1401/01/31,238446.0,363096.0,363096.0
1818f78f177b8c9343ce20a08ca3cf40,1401/02/31,556540.0,800829.0,437733.0
1818f78f177b8c9343ce20a08ca3cf40,1401/03/31,1183878.0,1380056.0,579227.0
1818f78f177b8c9343ce20a08ca3cf40,1401/04/31,1840318.0,1991091.0,611035.0
1818f78f177b8c9343ce20a08ca3cf40,1401/05/31,2488161.0,2608783.0,617692.0
1818f78f177b8c9343ce20a08ca3cf40,1401/06/31,2510044.0,2791759.0,567894.0
1818f78f177b8c9343ce20a08ca3cf40,1401/07/30,2877024.0,3167194.0,375435.0
1818f78f177b8c9343ce20a08ca3cf40,1401/08/30,3165167.0,3559784.0,392590.0
1818f78f177b8c9343ce20a08ca3cf40,1401/09/30,3813607.0,3904149.0,344365.0
1818f78f177b8c9343ce20a08ca3cf40,1401/10/30,4013385.0,4322884.0,418735.0
1818f78f177b8c9343ce20a08ca3cf40,1401/11/30,4569130.0,4758092.0,435208.0
1818f78f177b8c9343ce20a08ca3cf40,1401/12/29,5149290.0,6305581.0,443147.0
1818f78f177b8c9343ce20a08ca3cf40,1402/01/31,363096.0,415013.0,415013.0
1818f78f177b8c9343ce20a08ca3cf40,1402/02/31,800829.0,1098104.0,683091.0
1818f78f177b8c9343ce20a08ca3cf40,1402/03/31,1380056.0,1738006.0,639874.0
1818f78f177b8c9343ce20a08ca3cf40,1402/04/31,1991091.0,2870898.0,1132892.0
1818f78f177b8c9343ce20a08ca3cf40,1402/05/31,2608783.0,3748327.0,877429.0
1818f78f177b8c9343ce20a08ca3cf40,1402/06/31,2791759.0,4626615.0,878288.0
1818f78f177b8c9343ce20a08ca3cf40,1402/07/30,3167194.0,5209013.0,582398.0
1818f78f177b8c9343ce20a08ca3cf40,1402/08/30,3559784.0,5622070.0,413057.0
1818f78f177b8c9343ce20a08ca3cf40,1402/09/30,3904149.0,6065337.0,443267.0
1818f78f177b8c9343ce20a08ca3cf40,1402/10/30,418735.0,726187.0,726187.0
1818f78f177b8c9343ce20a08ca3cf40,1402/11/30,803839.0,1477595.0,751408.0
1818f78f177b8c9343ce20a08ca3cf40,1402/12/29,1738006.0,2225363.0,747768.0
1818f78f177b8c9343ce20a08ca3cf40,1403/01/31,1610876.0,2873768.0,648405.0
1818f78f177b8c9343ce20a08ca3cf40,1403/02/31,2315233.0,3652579.0,778811.0
1818f78f177b8c9343ce20a08ca3cf40,1403/03/31,4626615.0,5414128.0,962044.0
1818f78f177b8c9343ce20a08ca3cf40,1403/04/31,5209012.0,6640664.0,995463.0
1818f78f177b8c9343ce20a08ca3cf40,1403/05/31,6086440.0,7657439.0,1016775.0
1818f78f177b8c9343ce20a08ca3cf40,1403/06/31,6065337.0,8721471.0,1064032.0
1818f78f177b8c9343ce20a08ca3cf40,1403/07/30,6647734.0,9568574.0,847103.0
1818f78f177b8c9343ce20a08ca3cf40,1403/08/30,7060791.0,10368982.0,800408.0
1818f78f177b8c9343ce20a08ca3cf40,1403/09/30,7497310.0,11554749.0,910962.0
1818f78f177b8c9343ce20a08ca3cf40,1403/10/30,726187.0,997670.0,997670.0
1818f78f177b8c9343ce20a08ca3cf40,1403/11/30,1477595.0,2100296.0,1069879.0
1818f78f177b8c9343ce20a08ca3cf40,1403/12/30,2225363.0,3373800.0,956814.0
1818f78f177b8c9343ce20a08ca3cf40,1404/01/31,726187.0,4701177.0,1327377.0
1818f78f177b8c9343ce20a08ca3cf40,1404/02/31,3652579.0,6448411.0,1747234.0
1818f78f177b8c9343ce20a08ca3cf40,1404/03/31,8516832.0,2068421.0,6448411.0
1818f78f177b8c9343ce20a08ca3cf40,1404/04/31,6640664.0,10731386.0,2318021.0
1818f78f177b8c9343ce20a08ca3cf40,1404/05/31,7657439.0,13048133.0,2213808.0
1818f78f177b8c9343ce20a08ca3cf40,1404/06/31,8721471.0,14909785.0,1861652.0
1818f78f177b8c9343ce20a08ca3cf40,1404/07/30,9568574.0,16574703.0,1406373.0
1818f78f177b8c9343ce20a08ca3cf40,1404/08/30,10368982.0,17882274.0,1199329.0
1818f78f177b8c9343ce20a08ca3cf40,1404/09/30,11554749.0,18879937.0,997663.0
1818f78f177b8c9343ce20a08ca3cf40,1404/10/30,997670.0,1040214.0,1040214.0
1818f78f177b8c9343ce20a08ca3cf40,1405/03/31,0.0,0.0,3415164.0
1843493e1f47856f9ed240017217d5bf,1399/04/31,12582505.0,14942221.0,1989823.0
1843493e1f47856f9ed240017217d5bf,1399/05/31,14647551.0,20028256.0,5086035.0
1843493e1f47856f9ed240017217d5bf,1399/06/31,17043155.0,25616003.0,5587747.0
1843493e1f47856f9ed240017217d5bf,1399/07/30,20791230.0,29374420.0,3747521.0
1843493e1f47856f9ed240017217d5bf,1399/08/30,25006353.0,41253803.0,7864678.0
1843493e1f47856f9ed240017217d5bf,1399/09/30,28367494.0,50441177.0,9187374.0
1843493e1f47856f9ed240017217d5bf,1399/10/30,33275203.0,57811983.0,7370806.0
1843493e1f47856f9ed240017217d5bf,1399/11/30,35783132.0,64685708.0,6873725.0
1843493e1f47856f9ed240017217d5bf,1399/12/30,39966578.0,72698068.0,8012360.0
1843493e1f47856f9ed240017217d5bf,1400/01/31,3559456.0,4904673.0,4904673.0
1843493e1f47856f9ed240017217d5bf,1400/02/31,9146764.0,11283690.0,6379017.0
1843493e1f47856f9ed240017217d5bf,1400/03/31,12952398.0,17060163.0,5776473.0
1843493e1f47856f9ed240017217d5bf,1400/04/31,14942221.0,27386931.0,10324771.0
1843493e1f47856f9ed240017217d5bf,1400/05/31,20028256.0,40951697.0,13564766.0
1843493e1f47856f9ed240017217d5bf,1400/06/31,25626899.0,52945515.0,11978459.0
1843493e1f47856f9ed240017217d5bf,1400/07/30,29374420.0,63272539.0,10358588.0
1843493e1f47856f9ed240017217d5bf,1400/08/30,41253803.0,74623719.0,11005705.0
1843493e1f47856f9ed240017217d5bf,1400/09/30,50441177.0,88055963.0,13432244.0
1843493e1f47856f9ed240017217d5bf,1400/10/30,57811983.0,96274921.0,8218958.0
1843493e1f47856f9ed240017217d5bf,1400/11/30,64685708.0,107336458.0,11060229.0
1843493e1f47856f9ed240017217d5bf,1400/12/29,72698068.0,141122889.0,33786431.0
1843493e1f47856f9ed240017217d5bf,1401/01/31,4904673.0,21155791.0,21155791.0
1843493e1f47856f9ed240017217d5bf,1401/02/31,11283690.0,37899818.0,16744027.0
1843493e1f47856f9ed240017217d5bf,1401/03/31,17062160.0,48981706.0,13375665.0
1843493e1f47856f9ed240017217d5bf,1401/04/31,27386931.0,65616680.0,16634974.0
1843493e1f47856f9ed240017217d5bf,1401/05/31,40967056.0,80894533.0,15277853.0
1843493e1f47856f9ed240017217d5bf,1401/06/31,52913951.0,116708818.0,37277122.0
1843493e1f47856f9ed240017217d5bf,1401/07/30,63272539.0,140379774.0,23670956.0
1843493e1f47856f9ed240017217d5bf,1401/08/30,74623719.0,158112647.0,17732268.0
1843493e1f47856f9ed240017217d5bf,1401/09/30,88055963.0,183426867.0,25314220.0
1843493e1f47856f9ed240017217d5bf,1401/10/30,96276229.0,195119914.0,11693047.0
1843493e1f47856f9ed240017217d5bf,1401/11/30,107336458.0,214526263.0,19406349.0
1843493e1f47856f9ed240017217d5bf,1401/12/29,141122889.0,226750132.0,17688506.0
1843493e1f47856f9ed240017217d5bf,1402/01/31,21155791.0,18371856.0,18371856.0
1843493e1f47856f9ed240017217d5bf,1402/02/31,35606041.0,33748111.0,19049896.0
1843493e1f47856f9ed240017217d5bf,1402/03/31,48981706.0,48812603.0,15064492.0
1843493e1f47856f9ed240017217d5bf,1402/04/31,65616680.0,65150532.0,16337929.0
1843493e1f47856f9ed240017217d5bf,1402/05/31,79431696.0,81198199.0,16047667.0
1843493e1f47856f9ed240017217d5bf,1402/06/31,116708818.0,93419411.0,14809284.0
1843493e1f47856f9ed240017217d5bf,1402/07/30,140380379.0,112666993.0,19247582.0
1843493e1f47856f9ed240017217d5bf,1402/08/30,158112647.0,135621198.0,22954205.0
1843493e1f47856f9ed240017217d5bf,1402/09/30,183426867.0,155593968.0,19972770.0
1843493e1f47856f9ed240017217d5bf,1402/10/30,195119914.0,176797835.0,21203867.0
1843493e1f47856f9ed240017217d5bf,1402/11/30,208272210.0,194185445.0,17387610.0
1843493e1f47856f9ed240017217d5bf,1402/12/29,226750132.0,217208264.0,23725716.0
1843493e1f47856f9ed240017217d5bf,1403/01/31,14698215.0,19206006.0,19206006.0
1843493e1f47856f9ed240017217d5bf,1403/02/31,33748111.0,37788403.0,17642871.0
1843493e1f47856f9ed240017217d5bf,1403/03/31,48812603.0,61203903.0,23415500.0
1843493e1f47856f9ed240017217d5bf,1403/04/31,65150532.0,81319477.0,20115574.0
1843493e1f47856f9ed240017217d5bf,1403/05/31,78610127.0,99218327.0,17898850.0
1843493e1f47856f9ed240017217d5bf,1403/06/31,93419411.0,119423058.0,20204731.0
1843493e1f47856f9ed240017217d5bf,1403/07/30,112666993.0,147380664.0,27957606.0
1843493e1f47856f9ed240017217d5bf,1403/08/30,135621198.0,175124752.0,27744088.0
1843493e1f47856f9ed240017217d5bf,1403/09/30,155593968.0,196188618.0,19727365.0
1843493e1f47856f9ed240017217d5bf,1403/10/30,176797835.0,214632938.0,18444320.0
1843493e1f47856f9ed240017217d5bf,1403/11/30,193482548.0,238050505.0,23417567.0
1843493e1f47856f9ed240017217d5bf,1403/12/30,217208264.0,262605905.0,19846205.0
1843493e1f47856f9ed240017217d5bf,1404/01/31,20145532.0,16220921.0,16220921.0
1843493e1f47856f9ed240017217d5bf,1404/02/31,37788403.0,44838524.0,28617603.0
1843493e1f47856f9ed240017217d5bf,1404/03/31,61203903.0,70692125.0,25144100.0
1843493e1f47856f9ed240017217d5bf,1404/04/31,81319477.0,75741007.0,5048882.0
1843493e1f47856f9ed240017217d5bf,1404/05/31,99218327.0,111907023.0,36166016.0
1843493e1f47856f9ed240017217d5bf,1404/06/31,119423058.0,180972429.0,70598969.0
1843493e1f47856f9ed240017217d5bf,1404/07/30,147380664.0,228080799.0,47108366.0
1843493e1f47856f9ed240017217d5bf,1404/08/30,176461253.0,279818086.0,51779403.0
1843493e1f47856f9ed240017217d5bf,1404/09/30,196188618.0,323029405.0,46086853.0
1843493e1f47856f9ed240017217d5bf,1404/10/30,214632938.0,385755946.0,62726541.0
1843493e1f47856f9ed240017217d5bf,1404/11/30,242759700.0,412037356.0,26268706.0
1843493e1f47856f9ed240017217d5bf,1404/12/29,262605905.0,479877567.0,59491171.0
1843493e1f47856f9ed240017217d5bf,1405/01/31,16220921.0,39667088.0,39667088.0
1843493e1f47856f9ed240017217d5bf,1405/02/31,45548025.0,60932734.0,20810106.0
1843493e1f47856f9ed240017217d5bf,1405/03/31,0.0,0.0,10745395.0
19b9ef8150577a94e1ec98c012006fa9,1399/11/30,728588.0,1259329.0,706952.0
19b9ef8150577a94e1ec98c012006fa9,1399/12/30,1223022.0,1724938.0,465609.0
19b9ef8150577a94e1ec98c012006fa9,1400/01/31,1355862.0,2075129.0,150097.0
19b9ef8150577a94e1ec98c012006fa9,1400/02/31,1809797.0,2390474.0,315345.0
19b9ef8150577a94e1ec98c012006fa9,1400/03/31,2015666.0,2778932.0,388458.0
19b9ef8150577a94e1ec98c012006fa9,1400/04/31,2489757.0,3355664.0,416403.0
19b9ef8150577a94e1ec98c012006fa9,1400/05/31,2905858.0,3764635.0,408971.0
19b9ef8150577a94e1ec98c012006fa9,1400/06/31,3555783.0,4340254.0,575619.0
19b9ef8150577a94e1ec98c012006fa9,1400/07/30,4271866.0,4911780.0,571526.0
19b9ef8150577a94e1ec98c012006fa9,1400/08/30,5063196.0,5692206.0,780426.0
19b9ef8150577a94e1ec98c012006fa9,1400/09/30,5673128.0,6500002.0,807796.0
19b9ef8150577a94e1ec98c012006fa9,1400/10/30,552377.0,567774.0,567774.0
19b9ef8150577a94e1ec98c012006fa9,1400/11/30,1259329.0,1307081.0,739307.0
19b9ef8150577a94e1ec98c012006fa9,1400/12/29,1925032.0,1664504.0,357422.0
19b9ef8150577a94e1ec98c012006fa9,1401/01/31,2352645.0,688142.0,1664503.0
19b9ef8150577a94e1ec98c012006fa9,1401/02/31,1809797.0,3411686.0,1059041.0
19b9ef8150577a94e1ec98c012006fa9,1401/03/31,2939261.0,4428321.0,1321156.0
19b9ef8150577a94e1ec98c012006fa9,1401/04/31,3355664.0,6110174.0,1073277.0
19b9ef8150577a94e1ec98c012006fa9,1401/05/31,3764635.0,7502853.0,1392679.0
19b9ef8150577a94e1ec98c012006fa9,1401/06/31,4340254.0,8295520.0,1401243.0
19b9ef8150577a94e1ec98c012006fa9,1401/07/30,4911780.0,9506326.0,1210806.0
19b9ef8150577a94e1ec98c012006fa9,1401/08/30,780426.0,10095906.0,589580.0
19b9ef8150577a94e1ec98c012006fa9,1401/09/30,6500002.0,11299651.0,1203745.0
19b9ef8150577a94e1ec98c012006fa9,1401/10/30,578909.0,1051586.0,1051586.0
19b9ef8150577a94e1ec98c012006fa9,1401/11/30,1307081.0,2230136.0,1178550.0
19b9ef8150577a94e1ec98c012006fa9,1401/12/29,1664503.0,3449420.0,1219284.0
19b9ef8150577a94e1ec98c012006fa9,1402/01/31,2156189.0,4341852.0,892432.0
19b9ef8150577a94e1ec98c012006fa9,1402/02/31,3107165.0,6028527.0,1686675.0
19b9ef8150577a94e1ec98c012006fa9,1402/03/31,4428321.0,7806777.0,1778250.0
19b9ef8150577a94e1ec98c012006fa9,1402/04/31,5501598.0,8870453.0,1063676.0
19b9ef8150577a94e1ec98c012006fa9,1402/05/31,6894278.0,9773622.0,903169.0
19b9ef8150577a94e1ec98c012006fa9,1402/06/31,8295520.0,10508757.0,735135.0
19b9ef8150577a94e1ec98c012006fa9,1402/07/30,9506327.0,11543471.0,1034714.0
19b9ef8150577a94e1ec98c012006fa9,1402/08/30,10095907.0,12643282.0,1099811.0
19b9ef8150577a94e1ec98c012006fa9,1402/09/30,11299652.0,13551906.0,908624.0
19b9ef8150577a94e1ec98c012006fa9,1402/10/30,1051586.0,968336.0,968336.0
19b9ef8150577a94e1ec98c012006fa9,1402/11/30,2230136.0,2039080.0,1070744.0
19b9ef8150577a94e1ec98c012006fa9,1402/12/29,3449420.0,3031284.0,992204.0
19b9ef8150577a94e1ec98c012006fa9,1403/01/31,4341852.0,3492065.0,460781.0
19b9ef8150577a94e1ec98c012006fa9,1403/02/31,6028527.0,4817093.0,1325028.0
19b9ef8150577a94e1ec98c012006fa9,1403/03/31,7806777.0,6056661.0,1239568.0
19b9ef8150577a94e1ec98c012006fa9,1403/04/31,8870453.0,6910906.0,832853.0
19b9ef8150577a94e1ec98c012006fa9,1403/05/31,9773622.0,8156123.0,1245217.0
19b9ef8150577a94e1ec98c012006fa9,1403/06/31,10508757.0,9537370.0,1381247.0
19b9ef8150577a94e1ec98c012006fa9,1403/07/30,11543471.0,10998440.0,1461070.0
19b9ef8150577a94e1ec98c012006fa9,1403/08/30,12643282.0,12434698.0,1436258.0
19b9ef8150577a94e1ec98c012006fa9,1403/09/30,13551906.0,13778667.0,1343969.0
19b9ef8150577a94e1ec98c012006fa9,1403/10/30,968336.0,1014448.0,1014448.0
19b9ef8150577a94e1ec98c012006fa9,1403/11/30,2039080.0,2575975.0,1561527.0
19b9ef8150577a94e1ec98c012006fa9,1403/12/30,3031284.0,4673863.0,2097888.0
19b9ef8150577a94e1ec98c012006fa9,1404/01/31,3492065.0,5372004.0,698141.0
19b9ef8150577a94e1ec98c012006fa9,1404/02/31,4817093.0,7376923.0,1937374.0
19b9ef8150577a94e1ec98c012006fa9,1404/03/31,6078053.0,10210350.0,2800091.0
19b9ef8150577a94e1ec98c012006fa9,1404/04/31,6844149.0,11996329.0,1760514.0
19b9ef8150577a94e1ec98c012006fa9,1404/05/31,9278702.0,13989897.0,1993568.0
19b9ef8150577a94e1ec98c012006fa9,1404/06/31,9537370.0,16151151.0,2322313.0
19b9ef8150577a94e1ec98c012006fa9,1404/07/30,10998440.0,19048187.0,2660400.0
19b9ef8150577a94e1ec98c012006fa9,1404/08/30,11563059.0,22263605.0,3162156.0
19b9ef8150577a94e1ec98c012006fa9,1404/09/30,13778667.0,25463824.0,3490117.0
19b9ef8150577a94e1ec98c012006fa9,1404/10/30,916787.0,1915735.0,1915735.0
19b9ef8150577a94e1ec98c012006fa9,1404/11/30,2348417.0,5487795.0,3572060.0
19b9ef8150577a94e1ec98c012006fa9,1404/12/29,4673863.0,8557703.0,3069908.0
19b9ef8150577a94e1ec98c012006fa9,1405/01/31,3845825.0,11080100.0,2522397.0
19b9ef8150577a94e1ec98c012006fa9,1405/02/31,7308119.0,14362481.0,3282381.0
19b9ef8150577a94e1ec98c012006fa9,1405/03/31,0.0,0.0,3378593.0
19b9ef8150577a94e1ec98c012006fa9,1405/04/31,0.0,0.0,1824461.0
19b9ef8150577a94e1ec98c012006fa9,1405/05/31,0.0,0.0,2593944.0
1b64f3e77238bc8dc5e3277587374ecf,1399/01/31,125155.0,263568.0,263568.0
1b64f3e77238bc8dc5e3277587374ecf,1399/02/31,315579.0,670466.0,406898.0
1b64f3e77238bc8dc5e3277587374ecf,1399/03/31,519479.0,1101950.0,431484.0
1b64f3e77238bc8dc5e3277587374ecf,1399/04/31,763360.0,1600270.0,498320.0
1b64f3e77238bc8dc5e3277587374ecf,1399/05/31,1025873.0,2050027.0,449757.0
1b64f3e77238bc8dc5e3277587374ecf,1399/06/31,1288663.0,2472650.0,422623.0
1b64f3e77238bc8dc5e3277587374ecf,1399/07/30,1549418.0,2877742.0,405092.0
1b64f3e77238bc8dc5e3277587374ecf,1399/08/30,1790444.0,3319768.0,442026.0
1b64f3e77238bc8dc5e3277587374ecf,1399/09/30,1932216.0,3600496.0,280728.0
1b64f3e77238bc8dc5e3277587374ecf,1399/10/30,2002322.0,3748676.0,148180.0
1b64f3e77238bc8dc5e3277587374ecf,1399/11/30,2038026.0,4031697.0,283021.0
1b64f3e77238bc8dc5e3277587374ecf,1399/12/30,2251460.0,4346023.0,314326.0
1b64f3e77238bc8dc5e3277587374ecf,1400/01/31,263568.0,464238.0,464238.0
1b64f3e77238bc8dc5e3277587374ecf,1400/02/31,670466.0,1168033.0,703795.0
1b64f3e77238bc8dc5e3277587374ecf,1400/03/31,1101950.0,1882542.0,714509.0
1b64f3e77238bc8dc5e3277587374ecf,1400/04/31,1600270.0,2645507.0,762965.0
1b64f3e77238bc8dc5e3277587374ecf,1400/05/31,2050027.0,3513015.0,867508.0
1b64f3e77238bc8dc5e3277587374ecf,1400/06/31,2472650.0,4651596.0,1138581.0
1b64f3e77238bc8dc5e3277587374ecf,1400/07/30,2877742.0,5371376.0,719780.0
1b64f3e77238bc8dc5e3277587374ecf,1400/08/30,3319768.0,5988159.0,616783.0
1b64f3e77238bc8dc5e3277587374ecf,1400/09/30,3600496.0,6449653.0,461494.0
1b64f3e77238bc8dc5e3277587374ecf,1400/10/30,3748676.0,6556497.0,106844.0
1b64f3e77238bc8dc5e3277587374ecf,1400/11/30,4031697.0,6764881.0,208384.0
1b64f3e77238bc8dc5e3277587374ecf,1400/12/29,4346023.0,7506331.0,741450.0
1b64f3e77238bc8dc5e3277587374ecf,1401/01/31,464238.0,979141.0,979141.0
1b64f3e77238bc8dc5e3277587374ecf,1401/02/31,1168033.0,1826006.0,846865.0
1b64f3e77238bc8dc5e3277587374ecf,1401/03/31,1882542.0,2922768.0,1096762.0
1b64f3e77238bc8dc5e3277587374ecf,1401/04/31,2645507.0,3761547.0,838779.0
1b64f3e77238bc8dc5e3277587374ecf,1401/05/31,3513015.0,4606709.0,845162.0
1b64f3e77238bc8dc5e3277587374ecf,1401/06/31,4651596.0,5573264.0,966555.0
1b64f3e77238bc8dc5e3277587374ecf,1401/07/30,5371376.0,6384911.0,811647.0
1b64f3e77238bc8dc5e3277587374ecf,1401/08/30,5988160.0,7264077.0,879166.0
1b64f3e77238bc8dc5e3277587374ecf,1401/09/30,6449653.0,7944315.0,680238.0
1b64f3e77238bc8dc5e3277587374ecf,1401/10/30,6556498.0,8427710.0,483395.0
1b64f3e77238bc8dc5e3277587374ecf,1401/11/30,6764882.0,8922935.0,495225.0
1b64f3e77238bc8dc5e3277587374ecf,1401/12/29,7506331.0,10215910.0,1292975.0
1b64f3e77238bc8dc5e3277587374ecf,1402/01/31,979141.0,1370314.0,1370314.0
1b64f3e77238bc8dc5e3277587374ecf,1402/02/31,1826006.0,3103391.0,1733077.0
1b64f3e77238bc8dc5e3277587374ecf,1402/03/31,2922768.0,4720987.0,1617596.0
1b64f3e77238bc8dc5e3277587374ecf,1402/04/31,3761547.0,6330494.0,1609507.0
1b64f3e77238bc8dc5e3277587374ecf,1402/05/31,4606709.0,7963827.0,1633333.0
1b64f3e77238bc8dc5e3277587374ecf,1402/06/31,5573264.0,9776382.0,1812555.0
1b64f3e77238bc8dc5e3277587374ecf,1402/07/30,6384911.0,11625171.0,1848789.0
1b64f3e77238bc8dc5e3277587374ecf,1402/08/30,7264077.0,13493327.0,1868156.0
1b64f3e77238bc8dc5e3277587374ecf,1402/09/30,7944315.0,14953563.0,1460236.0
1b64f3e77238bc8dc5e3277587374ecf,1402/10/30,8427710.0,15838839.0,885276.0
1b64f3e77238bc8dc5e3277587374ecf,1402/11/30,8922935.0,16517232.0,678393.0
1b64f3e77238bc8dc5e3277587374ecf,1402/12/29,10215910.0,17994923.0,1477691.0
1b64f3e77238bc8dc5e3277587374ecf,1403/01/31,1370314.0,1594729.0,1594729.0
1b64f3e77238bc8dc5e3277587374ecf,1403/02/31,3103391.0,3961844.0,2367115.0
1b64f3e77238bc8dc5e3277587374ecf,1403/03/31,4720987.0,6379198.0,2417354.0
1b64f3e77238bc8dc5e3277587374ecf,1403/04/31,6330494.0,8581802.0,2202604.0
1b64f3e77238bc8dc5e3277587374ecf,1403/05/31,7963827.0,10631965.0,2050163.0
1b64f3e77238bc8dc5e3277587374ecf,1403/06/31,9776382.0,13637321.0,3005356.0
1b64f3e77238bc8dc5e3277587374ecf,1403/07/30,11625171.0,16442406.0,2805085.0
1b64f3e77238bc8dc5e3277587374ecf,1403/08/30,13493327.0,19373556.0,2931150.0
1b64f3e77238bc8dc5e3277587374ecf,1403/09/30,14953563.0,21618567.0,2245011.0
1b64f3e77238bc8dc5e3277587374ecf,1403/10/30,15838839.0,22897232.0,1278665.0
1b64f3e77238bc8dc5e3277587374ecf,1403/11/30,16517232.0,24069638.0,1172406.0
1b64f3e77238bc8dc5e3277587374ecf,1403/12/30,17994923.0,26030756.0,1961118.0
1b64f3e77238bc8dc5e3277587374ecf,1404/01/31,1594729.0,2944783.0,2944783.0
1b64f3e77238bc8dc5e3277587374ecf,1404/02/31,3961844.0,6892162.0,3947379.0
1b64f3e77238bc8dc5e3277587374ecf,1404/03/31,6379198.0,11275920.0,4383758.0
1b64f3e77238bc8dc5e3277587374ecf,1404/04/31,8581802.0,14769463.0,3493543.0
1b64f3e77238bc8dc5e3277587374ecf,1404/05/31,10631965.0,18619140.0,3849677.0
1b64f3e77238bc8dc5e3277587374ecf,1404/06/31,13637321.0,22770982.0,4151842.0
1b64f3e77238bc8dc5e3277587374ecf,1404/07/30,16442406.0,26705878.0,3934896.0
1b64f3e77238bc8dc5e3277587374ecf,1404/08/30,19373556.0,30378938.0,3673060.0
1b64f3e77238bc8dc5e3277587374ecf,1404/09/30,21618567.0,33243373.0,2864435.0
1b64f3e77238bc8dc5e3277587374ecf,1404/10/30,22897232.0,34936466.0,1693093.0
1b64f3e77238bc8dc5e3277587374ecf,1404/11/30,24069638.0,37236061.0,2299595.0
1b64f3e77238bc8dc5e3277587374ecf,1404/12/29,26030756.0,40479167.0,3243107.0
1b64f3e77238bc8dc5e3277587374ecf,1405/01/31,2944783.0,4623867.0,4623867.0
1b64f3e77238bc8dc5e3277587374ecf,1405/02/31,6892162.0,10412266.0,5788399.0
1b64f3e77238bc8dc5e3277587374ecf,1405/03/31,0.0,0.0,6986961.0
1b64f3e77238bc8dc5e3277587374ecf,1405/04/31,0.0,0.0,6983618.0
1b8e0f2acf626d841e62b7b091e025b7,1399/09/30,1302014.0,1406117.0,104103.0
1b8e0f2acf626d841e62b7b091e025b7,1399/10/30,1406117.0,1517812.0,111695.0
1b8e0f2acf626d841e62b7b091e025b7,1399/11/30,1517812.0,1623400.0,105588.0
1b8e0f2acf626d841e62b7b091e025b7,1399/12/30,1623400.0,1731826.0,108426.0
1b8e0f2acf626d841e62b7b091e025b7,1400/02/31,111751.0,225625.0,113874.0
1b8e0f2acf626d841e62b7b091e025b7,1400/03/31,225625.0,401726.0,176101.0
1b8e0f2acf626d841e62b7b091e025b7,1400/04/31,401726.0,675366.0,273640.0
1b8e0f2acf626d841e62b7b091e025b7,1400/05/31,810849.0,972488.0,297122.0
1b8e0f2acf626d841e62b7b091e025b7,1400/06/31,1034407.0,1237673.0,265185.0
1b8e0f2acf626d841e62b7b091e025b7,1400/07/30,1184776.0,1507940.0,270267.0
1b8e0f2acf626d841e62b7b091e025b7,1400/08/30,1302014.0,1697548.0,224096.0
1b8e0f2acf626d841e62b7b091e025b7,1400/09/30,1406117.0,1892670.0,195122.0
1b8e0f2acf626d841e62b7b091e025b7,1400/10/30,1517812.0,2084782.0,192112.0
1b8e0f2acf626d841e62b7b091e025b7,1400/11/30,1623400.0,2276756.0,191974.0
1b8e0f2acf626d841e62b7b091e025b7,1400/12/29,1753830.0,2465585.0,202047.0
1b8e0f2acf626d841e62b7b091e025b7,1401/01/31,111751.0,207568.0,207568.0
1b8e0f2acf626d841e62b7b091e025b7,1401/02/31,225625.0,420099.0,212531.0
1b8e0f2acf626d841e62b7b091e025b7,1401/03/31,406813.0,713218.0,268677.0
1b8e0f2acf626d841e62b7b091e025b7,1401/04/31,675366.0,1020933.0,307715.0
1b8e0f2acf626d841e62b7b091e025b7,1401/05/31,972488.0,1349078.0,328145.0
1b8e0f2acf626d841e62b7b091e025b7,1401/06/31,1246611.0,1692122.0,311122.0
1b8e0f2acf626d841e62b7b091e025b7,1401/07/30,1507940.0,1949121.0,256999.0
1b8e0f2acf626d841e62b7b091e025b7,1401/08/30,1697548.0,2208816.0,259695.0
1b8e0f2acf626d841e62b7b091e025b7,1401/09/30,1892223.0,2467718.0,244560.0
1b8e0f2acf626d841e62b7b091e025b7,1401/10/30,2084782.0,2653800.0,186082.0
1b8e0f2acf626d841e62b7b091e025b7,1401/11/30,2276756.0,2850038.0,196238.0
1b8e0f2acf626d841e62b7b091e025b7,1401/12/29,2465585.0,3140052.0,178604.0
1b8e0f2acf626d841e62b7b091e025b7,1402/01/31,207568.0,246672.0,246672.0
1b8e0f2acf626d841e62b7b091e025b7,1402/02/31,420099.0,638875.0,391060.0
1b8e0f2acf626d841e62b7b091e025b7,1402/03/31,713218.0,1125021.0,481526.0
1b8e0f2acf626d841e62b7b091e025b7,1402/04/31,1020933.0,1665018.0,539997.0
1b8e0f2acf626d841e62b7b091e025b7,1402/05/31,1349078.0,2173066.0,508048.0
1b8e0f2acf626d841e62b7b091e025b7,1402/06/31,1692122.0,2588916.0,455346.0
1b8e0f2acf626d841e62b7b091e025b7,1402/07/30,1949121.0,2979176.0,333478.0
1b8e0f2acf626d841e62b7b091e025b7,1402/08/30,2208816.0,3255457.0,276281.0
1b8e0f2acf626d841e62b7b091e025b7,1402/09/30,2467718.0,3921057.0,374056.0
1b8e0f2acf626d841e62b7b091e025b7,1402/10/30,2653800.0,4322141.0,401084.0
1b8e0f2acf626d841e62b7b091e025b7,1402/11/30,2850038.0,4727599.0,405458.0
1b8e0f2acf626d841e62b7b091e025b7,1402/12/29,3140052.0,5117494.0,337697.0
1b8e0f2acf626d841e62b7b091e025b7,1403/01/31,246672.0,374227.0,374227.0
1b8e0f2acf626d841e62b7b091e025b7,1403/02/31,638875.0,830346.0,456119.0
1b8e0f2acf626d841e62b7b091e025b7,1403/03/31,1125021.0,1331209.0,500863.0
1b8e0f2acf626d841e62b7b091e025b7,1403/04/31,1665018.0,1882568.0,551359.0
1b8e0f2acf626d841e62b7b091e025b7,1403/05/31,2173066.0,2480114.0,597546.0
1b8e0f2acf626d841e62b7b091e025b7,1403/06/31,2588916.0,3024209.0,509149.0
1b8e0f2acf626d841e62b7b091e025b7,1403/07/30,2979176.0,3449303.0,425094.0
1b8e0f2acf626d841e62b7b091e025b7,1403/08/30,3255457.0,3930546.0,481243.0
1b8e0f2acf626d841e62b7b091e025b7,1403/09/30,3921057.0,4460598.0,551207.0
1b8e0f2acf626d841e62b7b091e025b7,1403/10/30,4322141.0,4904562.0,443964.0
1b8e0f2acf626d841e62b7b091e025b7,1403/11/30,4727599.0,5395739.0,491177.0
1b8e0f2acf626d841e62b7b091e025b7,1403/12/30,5117494.0,5892351.0,496612.0
1b8e0f2acf626d841e62b7b091e025b7,1404/01/31,374227.0,651416.0,651416.0
1b8e0f2acf626d841e62b7b091e025b7,1404/02/31,830346.0,1506040.0,854624.0
1b8e0f2acf626d841e62b7b091e025b7,1404/03/31,1331209.0,2592996.0,1086956.0
1b8e0f2acf626d841e62b7b091e025b7,1404/04/31,1882568.0,3516886.0,923656.0
1b8e0f2acf626d841e62b7b091e025b7,1404/05/31,2480114.0,4529225.0,1012339.0
1b8e0f2acf626d841e62b7b091e025b7,1404/06/31,3024209.0,5446903.0,917678.0
1b8e0f2acf626d841e62b7b091e025b7,1404/07/30,3449303.0,6091241.0,850640.0
1b8e0f2acf626d841e62b7b091e025b7,1404/09/30,4460598.0,7383732.0,579661.0
1b8e0f2acf626d841e62b7b091e025b7,1404/10/30,4904562.0,7977733.0,594001.0
1b8e0f2acf626d841e62b7b091e025b7,1404/11/30,5395739.0,8653697.0,675964.0
1b8e0f2acf626d841e62b7b091e025b7,1404/12/29,5980612.0,8967159.0,313462.0
1b8e0f2acf626d841e62b7b091e025b7,1405/01/31,651416.0,516243.0,516243.0
1b8e0f2acf626d841e62b7b091e025b7,1405/02/31,1506040.0,1574831.0,1058588.0
1b8e0f2acf626d841e62b7b091e025b7,1405/03/31,0.0,0.0,1575800.0
1b8e0f2acf626d841e62b7b091e025b7,1405/04/31,0.0,0.0,1614196.0
1d619a84cd8a88c3ecda4e61e9339167,1399/10/30,277807.0,472461.0,472461.0
1d619a84cd8a88c3ecda4e61e9339167,1399/11/30,556876.0,1056316.0,583855.0
1d619a84cd8a88c3ecda4e61e9339167,1399/12/30,893965.0,1727035.0,670719.0
1d619a84cd8a88c3ecda4e61e9339167,1400/01/31,1136999.0,2406916.0,679881.0
1d619a84cd8a88c3ecda4e61e9339167,1400/02/31,1430180.0,3271310.0,864394.0
1d619a84cd8a88c3ecda4e61e9339167,1400/03/31,1854168.0,4064257.0,792947.0
1d619a84cd8a88c3ecda4e61e9339167,1400/04/31,2324050.0,4530177.0,465920.0
1d619a84cd8a88c3ecda4e61e9339167,1400/05/31,2721893.0,5240133.0,709956.0
1d619a84cd8a88c3ecda4e61e9339167,1400/06/31,3183853.0,6325618.0,1085485.0
1d619a84cd8a88c3ecda4e61e9339167,1400/07/30,3715809.0,7093149.0,767531.0
1d619a84cd8a88c3ecda4e61e9339167,1400/08/30,4347638.0,7904884.0,819485.0
1d619a84cd8a88c3ecda4e61e9339167,1400/09/30,4840393.0,8904537.0,999653.0
1d619a84cd8a88c3ecda4e61e9339167,1400/10/30,472461.0,768937.0,768937.0
1d619a84cd8a88c3ecda4e61e9339167,1400/11/30,1056316.0,1665704.0,896767.0
1d619a84cd8a88c3ecda4e61e9339167,1400/12/29,1727035.0,2632695.0,966991.0
1d619a84cd8a88c3ecda4e61e9339167,1401/01/31,2406915.0,3389339.0,756644.0
1d619a84cd8a88c3ecda4e61e9339167,1401/02/31,3271310.0,4438217.0,1048878.0
1d619a84cd8a88c3ecda4e61e9339167,1401/03/31,4064257.0,5646530.0,1208313.0
1d619a84cd8a88c3ecda4e61e9339167,1401/04/31,4530177.0,7082644.0,1436114.0
1d619a84cd8a88c3ecda4e61e9339167,1401/05/31,5240133.0,8413220.0,1330576.0
1d619a84cd8a88c3ecda4e61e9339167,1401/06/31,6325618.0,9897037.0,1483817.0
1d619a84cd8a88c3ecda4e61e9339167,1401/07/30,7093149.0,11349566.0,1452529.0
1d619a84cd8a88c3ecda4e61e9339167,1401/08/30,7904884.0,12696076.0,1346510.0
1d619a84cd8a88c3ecda4e61e9339167,1401/09/30,8904537.0,14085615.0,1389539.0
1d619a84cd8a88c3ecda4e61e9339167,1401/10/30,768937.0,1055950.0,1055950.0
1d619a84cd8a88c3ecda4e61e9339167,1401/11/30,1665704.0,2110775.0,1054825.0
1d619a84cd8a88c3ecda4e61e9339167,1401/12/29,2632695.0,3139808.0,1029033.0
1d619a84cd8a88c3ecda4e61e9339167,1402/01/31,3389339.0,4479813.0,1339790.0
1d619a84cd8a88c3ecda4e61e9339167,1402/02/31,4438217.0,6026406.0,1546593.0
1d619a84cd8a88c3ecda4e61e9339167,1402/03/31,5646530.0,7898871.0,1872465.0
1d619a84cd8a88c3ecda4e61e9339167,1402/04/31,7082644.0,9490960.0,1592089.0
1d619a84cd8a88c3ecda4e61e9339167,1402/05/31,8413220.0,11216522.0,1725562.0
1d619a84cd8a88c3ecda4e61e9339167,1402/06/31,9897037.0,13251250.0,2034728.0
1d619a84cd8a88c3ecda4e61e9339167,1402/07/30,11349566.0,15166638.0,1915388.0
1d619a84cd8a88c3ecda4e61e9339167,1402/08/30,12696076.0,17305451.0,2138813.0
1d619a84cd8a88c3ecda4e61e9339167,1402/09/30,14085615.0,19325404.0,2019953.0
1d619a84cd8a88c3ecda4e61e9339167,1402/10/30,1055950.0,1790804.0,1790804.0
1d619a84cd8a88c3ecda4e61e9339167,1402/11/30,2110775.0,3433043.0,1642239.0
1d619a84cd8a88c3ecda4e61e9339167,1402/12/29,3139808.0,5295093.0,1862050.0
1d619a84cd8a88c3ecda4e61e9339167,1403/01/31,4479813.0,7002370.0,1707277.0
1d619a84cd8a88c3ecda4e61e9339167,1403/02/31,6026406.0,9277352.0,2274982.0
1d619a84cd8a88c3ecda4e61e9339167,1403/03/31,7898871.0,11692383.0,2415031.0
1d619a84cd8a88c3ecda4e61e9339167,1403/04/31,9490960.0,13898785.0,2206402.0
1d619a84cd8a88c3ecda4e61e9339167,1403/05/31,11216522.0,16504423.0,2605638.0
1d619a84cd8a88c3ecda4e61e9339167,1403/06/31,13251250.0,19087905.0,2583482.0
1d619a84cd8a88c3ecda4e61e9339167,1403/07/30,15166638.0,22100252.0,3012347.0
1d619a84cd8a88c3ecda4e61e9339167,1403/08/30,17305451.0,25080300.0,2980048.0
1d619a84cd8a88c3ecda4e61e9339167,1403/09/30,19325404.0,27305289.0,2224989.0
1d619a84cd8a88c3ecda4e61e9339167,1403/10/30,1790804.0,2435044.0,2435044.0
1d619a84cd8a88c3ecda4e61e9339167,1403/11/30,3433043.0,4977631.0,2542587.0
1d619a84cd8a88c3ecda4e61e9339167,1403/12/30,5295093.0,7962958.0,2985327.0
1d619a84cd8a88c3ecda4e61e9339167,1404/01/31,6706172.0,10485653.0,2522695.0
1d619a84cd8a88c3ecda4e61e9339167,1404/02/31,9277352.0,13293663.0,2808010.0
1d619a84cd8a88c3ecda4e61e9339167,1404/03/31,11692383.0,17962288.0,4668625.0
1d619a84cd8a88c3ecda4e61e9339167,1404/04/31,13898785.0,21869833.0,3907545.0
1d619a84cd8a88c3ecda4e61e9339167,1404/05/31,16504423.0,25546184.0,3676351.0
1d619a84cd8a88c3ecda4e61e9339167,1404/06/31,19087905.0,29681776.0,4135592.0
1d619a84cd8a88c3ecda4e61e9339167,1404/07/30,22100252.0,33637147.0,3955371.0
1d619a84cd8a88c3ecda4e61e9339167,1404/08/30,25080300.0,37955746.0,4318599.0
1d619a84cd8a88c3ecda4e61e9339167,1404/10/30,2435044.0,4489993.0,4489993.0
1d619a84cd8a88c3ecda4e61e9339167,1404/11/30,4977631.0,8473217.0,3983224.0
1d619a84cd8a88c3ecda4e61e9339167,1404/12/29,7962958.0,12836920.0,4363703.0
1d619a84cd8a88c3ecda4e61e9339167,1405/01/31,10485653.0,17770676.0,4933756.0
1d619a84cd8a88c3ecda4e61e9339167,1405/02/31,13293663.0,25621360.0,7850684.0
1d619a84cd8a88c3ecda4e61e9339167,1405/03/31,0.0,0.0,7068986.0
1d619a84cd8a88c3ecda4e61e9339167,1405/04/31,0.0,0.0,7291963.0
1ddbed63fff24fa4ad4fc82f1d695219,1399/02/31,1489320.0,260129.0,154415.0
1ddbed63fff24fa4ad4fc82f1d695219,1399/03/31,1489320.0,401608.0,141479.0
1ddbed63fff24fa4ad4fc82f1d695219,1399/04/31,1489320.0,558668.0,157060.0
1ddbed63fff24fa4ad4fc82f1d695219,1399/05/31,1489320.0,740722.0,182054.0
1ddbed63fff24fa4ad4fc82f1d695219,1399/06/31,1489320.0,1025020.0,284298.0
1ddbed63fff24fa4ad4fc82f1d695219,1399/07/30,1489320.0,1208521.0,183501.0
1ddbed63fff24fa4ad4fc82f1d695219,1399/08/30,1489320.0,1427104.0,218583.0
1ddbed63fff24fa4ad4fc82f1d695219,1399/09/30,1489320.0,1666172.0,239068.0
1ddbed63fff24fa4ad4fc82f1d695219,1399/10/30,1489320.0,1893906.0,227734.0
1ddbed63fff24fa4ad4fc82f1d695219,1399/11/30,1489320.0,2151094.0,257188.0
1ddbed63fff24fa4ad4fc82f1d695219,1399/12/30,1489320.0,2550647.0,399553.0
1ddbed63fff24fa4ad4fc82f1d695219,1400/01/31,2550648.0,316664.0,316664.0
1ddbed63fff24fa4ad4fc82f1d695219,1400/02/31,2550648.0,541818.0,225154.0
1ddbed63fff24fa4ad4fc82f1d695219,1400/03/31,2550648.0,843509.0,301691.0
1ddbed63fff24fa4ad4fc82f1d695219,1400/04/31,2550648.0,1097808.0,254299.0
1ddbed63fff24fa4ad4fc82f1d695219,1400/05/31,2550648.0,1374319.0,276511.0
1ddbed63fff24fa4ad4fc82f1d695219,1400/06/31,2550648.0,1903201.0,528882.0
1ddbed63fff24fa4ad4fc82f1d695219,1400/07/30,2550648.0,2209242.0,306041.0
1ddbed63fff24fa4ad4fc82f1d695219,1400/08/30,2550648.0,2506382.0,297140.0
1ddbed63fff24fa4ad4fc82f1d695219,1400/09/30,2550648.0,2884852.0,378470.0
1ddbed63fff24fa4ad4fc82f1d695219,1400/10/30,2550648.0,3212372.0,327520.0
1ddbed63fff24fa4ad4fc82f1d695219,1400/11/30,2550648.0,3579220.0,366848.0
1ddbed63fff24fa4ad4fc82f1d695219,1400/12/29,2550648.0,4360819.0,781599.0
1ddbed63fff24fa4ad4fc82f1d695219,1401/01/31,4360819.0,421959.0,421959.0
1ddbed63fff24fa4ad4fc82f1d695219,1401/02/31,4360819.0,783282.0,361323.0
1ddbed63fff24fa4ad4fc82f1d695219,1401/04/31,4360819.0,1721321.0,428044.0
1ddbed63fff24fa4ad4fc82f1d695219,1401/05/31,4360819.0,2235645.0,514324.0
1ddbed63fff24fa4ad4fc82f1d695219,1401/07/30,4360819.0,3356514.0,424337.0
1ddbed63fff24fa4ad4fc82f1d695219,1401/08/30,4360819.0,3994852.0,638338.0
1ddbed63fff24fa4ad4fc82f1d695219,1401/09/30,4360819.0,4759733.0,764881.0
1ddbed63fff24fa4ad4fc82f1d695219,1401/10/30,4360819.0,5301633.0,541900.0
1ddbed63fff24fa4ad4fc82f1d695219,1401/11/30,4360819.0,5819919.0,518286.0
1ddbed63fff24fa4ad4fc82f1d695219,1401/12/29,4360819.0,7617405.0,1797486.0
1ddbed63fff24fa4ad4fc82f1d695219,1402/01/31,7617405.0,869915.0,869915.0
1ddbed63fff24fa4ad4fc82f1d695219,1402/02/31,7617405.0,1627271.0,757356.0
1ddbed63fff24fa4ad4fc82f1d695219,1402/03/31,7617405.0,2714580.0,1087309.0
1ddbed63fff24fa4ad4fc82f1d695219,1402/04/31,7617405.0,3619657.0,905077.0
1ddbed63fff24fa4ad4fc82f1d695219,1402/05/31,7617405.0,4559724.0,940067.0
1ddbed63fff24fa4ad4fc82f1d695219,1402/06/31,7617405.0,5759848.0,1200124.0
1ddbed63fff24fa4ad4fc82f1d695219,1402/07/30,7617405.0,6705980.0,946132.0
1ddbed63fff24fa4ad4fc82f1d695219,1402/08/30,7617405.0,7719614.0,1013634.0
1ddbed63fff24fa4ad4fc82f1d695219,1402/09/30,7617405.0,9091134.0,1371520.0
1ddbed63fff24fa4ad4fc82f1d695219,1402/10/30,7617405.0,10008015.0,916881.0
1ddbed63fff24fa4ad4fc82f1d695219,1402/11/30,7617405.0,11222231.0,1214216.0
1ddbed63fff24fa4ad4fc82f1d695219,1402/12/29,7617405.0,13708339.0,2486108.0
1ddbed63fff24fa4ad4fc82f1d695219,1403/01/31,13708339.0,795053.0,795053.0
1ddbed63fff24fa4ad4fc82f1d695219,1403/02/31,13708339.0,2271293.0,1476240.0
1ddbed63fff24fa4ad4fc82f1d695219,1403/03/31,13708339.0,3746882.0,1475589.0
1ddbed63fff24fa4ad4fc82f1d695219,1403/04/31,13708339.0,5244402.0,1497520.0
1ddbed63fff24fa4ad4fc82f1d695219,1403/05/31,13708339.0,6901307.0,1656905.0
1ddbed63fff24fa4ad4fc82f1d695219,1403/06/31,13708339.0,8829618.0,1928311.0
1ddbed63fff24fa4ad4fc82f1d695219,1403/07/30,13708339.0,10173586.0,1343968.0
1ddbed63fff24fa4ad4fc82f1d695219,1403/08/30,13708339.0,11737619.0,1564033.0
1ddbed63fff24fa4ad4fc82f1d695219,1403/09/30,13708339.0,14064488.0,2326869.0
1ddbed63fff24fa4ad4fc82f1d695219,1403/10/30,13708339.0,15804856.0,1740368.0
1ddbed63fff24fa4ad4fc82f1d695219,1403/11/30,13708339.0,17487301.0,1682445.0
1ddbed63fff24fa4ad4fc82f1d695219,1403/12/30,13708339.0,22103300.0,4615999.0
1ddbed63fff24fa4ad4fc82f1d695219,1404/01/31,22103300.0,1358081.0,1358081.0
1ddbed63fff24fa4ad4fc82f1d695219,1404/02/31,22103300.0,3419351.0,2061270.0
1ddbed63fff24fa4ad4fc82f1d695219,1404/03/31,22103300.0,5267980.0,1848629.0
1ddbed63fff24fa4ad4fc82f1d695219,1404/04/31,22103300.0,7541443.0,2273463.0
1ddbed63fff24fa4ad4fc82f1d695219,1404/05/31,22103300.0,9962434.0,2420991.0
1ddbed63fff24fa4ad4fc82f1d695219,1404/06/31,22103300.0,12573000.0,2610566.0
1ddbed63fff24fa4ad4fc82f1d695219,1404/07/30,22103300.0,15156168.0,2583168.0
1ddbed63fff24fa4ad4fc82f1d695219,1404/08/30,22103300.0,17618710.0,2462542.0
1ddbed63fff24fa4ad4fc82f1d695219,1404/09/30,1489320.0,211428.0,4181879.0
1ddbed63fff24fa4ad4fc82f1d695219,1404/10/30,22103300.0,23962164.0,2161575.0
1ddbed63fff24fa4ad4fc82f1d695219,1404/11/30,22103300.0,26817696.0,2855532.0
1ddbed63fff24fa4ad4fc82f1d695219,1404/12/29,22103300.0,29463503.0,2645807.0
1ddbed63fff24fa4ad4fc82f1d695219,1405/01/31,29463503.0,2665866.0,2665866.0
1ddbed63fff24fa4ad4fc82f1d695219,1405/02/31,29463503.0,6061000.0,3395134.0
1ddbed63fff24fa4ad4fc82f1d695219,1405/03/31,0.0,0.0,4581598.0
1ddbed63fff24fa4ad4fc82f1d695219,1405/04/31,0.0,0.0,3848310.0
1e14ece10fa50f96266e53a6d2ce83a1,1399/01/31,0.0,0.0,215456.0
1e14ece10fa50f96266e53a6d2ce83a1,1399/02/31,0.0,0.0,200690.0
1e14ece10fa50f96266e53a6d2ce83a1,1399/03/31,0.0,0.0,308635.0
1e14ece10fa50f96266e53a6d2ce83a1,1399/04/31,0.0,0.0,217237.0
1e14ece10fa50f96266e53a6d2ce83a1,1399/05/31,0.0,0.0,358436.0
1e14ece10fa50f96266e53a6d2ce83a1,1399/06/31,0.0,0.0,247642.0
1e14ece10fa50f96266e53a6d2ce83a1,1399/07/30,0.0,0.0,244807.0
1e14ece10fa50f96266e53a6d2ce83a1,1399/08/30,0.0,0.0,250454.0
1e14ece10fa50f96266e53a6d2ce83a1,1399/09/30,0.0,0.0,391693.0
1e14ece10fa50f96266e53a6d2ce83a1,1399/10/30,0.0,0.0,333603.0
1e14ece10fa50f96266e53a6d2ce83a1,1399/11/30,0.0,0.0,403494.0
1e14ece10fa50f96266e53a6d2ce83a1,1399/12/30,0.0,0.0,525929.0
1e14ece10fa50f96266e53a6d2ce83a1,1400/01/31,0.0,0.0,101426.0
1e14ece10fa50f96266e53a6d2ce83a1,1400/02/31,0.0,0.0,432658.0
1e14ece10fa50f96266e53a6d2ce83a1,1400/03/31,0.0,0.0,384126.0
1e14ece10fa50f96266e53a6d2ce83a1,1400/04/31,0.0,0.0,243144.0
1e14ece10fa50f96266e53a6d2ce83a1,1400/05/31,0.0,0.0,366412.0
1e14ece10fa50f96266e53a6d2ce83a1,1400/06/31,0.0,0.0,593118.0
1e14ece10fa50f96266e53a6d2ce83a1,1400/07/30,0.0,0.0,454122.0
1e14ece10fa50f96266e53a6d2ce83a1,1400/08/30,0.0,0.0,563982.0
1e14ece10fa50f96266e53a6d2ce83a1,1400/09/30,0.0,0.0,497939.0
1e14ece10fa50f96266e53a6d2ce83a1,1400/10/30,0.0,0.0,366378.0
1e14ece10fa50f96266e53a6d2ce83a1,1400/11/30,0.0,0.0,482373.0
1e14ece10fa50f96266e53a6d2ce83a1,1400/12/29,0.0,0.0,889432.0
1e14ece10fa50f96266e53a6d2ce83a1,1401/01/31,0.0,0.0,634732.0
1e14ece10fa50f96266e53a6d2ce83a1,1401/02/31,0.0,0.0,601627.0
1e14ece10fa50f96266e53a6d2ce83a1,1401/03/31,0.0,0.0,555608.0
1e14ece10fa50f96266e53a6d2ce83a1,1401/04/31,0.0,0.0,706796.0
1e14ece10fa50f96266e53a6d2ce83a1,1401/05/31,0.0,0.0,631256.0
1e14ece10fa50f96266e53a6d2ce83a1,1401/06/31,0.0,0.0,862464.0
1e14ece10fa50f96266e53a6d2ce83a1,1401/07/30,0.0,0.0,638361.0
1e14ece10fa50f96266e53a6d2ce83a1,1401/08/30,0.0,0.0,1225629.0
1e14ece10fa50f96266e53a6d2ce83a1,1401/09/30,0.0,0.0,1267160.0
1e14ece10fa50f96266e53a6d2ce83a1,1401/10/30,0.0,0.0,1258303.0
1e14ece10fa50f96266e53a6d2ce83a1,1401/11/30,0.0,0.0,953453.0
1e14ece10fa50f96266e53a6d2ce83a1,1401/12/29,0.0,0.0,1613216.0
1e14ece10fa50f96266e53a6d2ce83a1,1402/01/31,0.0,0.0,724333.0
1e14ece10fa50f96266e53a6d2ce83a1,1402/02/31,0.0,0.0,1513916.0
1e14ece10fa50f96266e53a6d2ce83a1,1402/03/31,0.0,0.0,1126850.0
1e14ece10fa50f96266e53a6d2ce83a1,1402/04/31,0.0,0.0,955099.0
1e14ece10fa50f96266e53a6d2ce83a1,1402/05/31,0.0,0.0,1339021.0
1e14ece10fa50f96266e53a6d2ce83a1,1402/06/31,0.0,0.0,966624.0
1e14ece10fa50f96266e53a6d2ce83a1,1402/07/30,0.0,0.0,822405.0
1e14ece10fa50f96266e53a6d2ce83a1,1402/08/30,0.0,0.0,1194386.0
1e14ece10fa50f96266e53a6d2ce83a1,1402/09/30,0.0,0.0,1020060.0
1e14ece10fa50f96266e53a6d2ce83a1,1402/10/30,0.0,0.0,1121070.0
1e14ece10fa50f96266e53a6d2ce83a1,1402/11/30,0.0,0.0,1332603.0
1e14ece10fa50f96266e53a6d2ce83a1,1402/12/29,0.0,0.0,1641945.0
1e14ece10fa50f96266e53a6d2ce83a1,1403/01/31,0.0,0.0,1063516.0
1e14ece10fa50f96266e53a6d2ce83a1,1403/02/31,0.0,0.0,1318555.0
1e14ece10fa50f96266e53a6d2ce83a1,1403/03/31,0.0,0.0,1005710.0
1e14ece10fa50f96266e53a6d2ce83a1,1403/04/31,0.0,0.0,821143.0
1e14ece10fa50f96266e53a6d2ce83a1,1403/05/31,0.0,0.0,805450.0
1e14ece10fa50f96266e53a6d2ce83a1,1403/06/31,0.0,0.0,1431713.0
1e14ece10fa50f96266e53a6d2ce83a1,1403/07/30,0.0,0.0,1676772.0
1e14ece10fa50f96266e53a6d2ce83a1,1403/08/30,0.0,0.0,1640002.0
1e14ece10fa50f96266e53a6d2ce83a1,1403/09/30,0.0,0.0,1293253.0
1e14ece10fa50f96266e53a6d2ce83a1,1403/10/30,0.0,0.0,1881206.0
1e14ece10fa50f96266e53a6d2ce83a1,1403/11/30,0.0,0.0,1358084.0
1e14ece10fa50f96266e53a6d2ce83a1,1403/12/30,0.0,0.0,1817579.0
1e14ece10fa50f96266e53a6d2ce83a1,1404/01/31,0.0,0.0,1054932.0
1e14ece10fa50f96266e53a6d2ce83a1,1404/02/31,0.0,0.0,1959017.0
1e14ece10fa50f96266e53a6d2ce83a1,1404/03/31,0.0,0.0,1801122.0
1e14ece10fa50f96266e53a6d2ce83a1,1404/04/31,0.0,0.0,1587558.0
1e14ece10fa50f96266e53a6d2ce83a1,1404/05/31,0.0,0.0,1683404.0
1e14ece10fa50f96266e53a6d2ce83a1,1404/06/31,0.0,0.0,1794973.0
1e14ece10fa50f96266e53a6d2ce83a1,1404/07/30,0.0,0.0,1753216.0
1e14ece10fa50f96266e53a6d2ce83a1,1404/08/30,0.0,0.0,2113613.0
1e14ece10fa50f96266e53a6d2ce83a1,1404/09/30,0.0,0.0,1442541.0
1e14ece10fa50f96266e53a6d2ce83a1,1404/10/30,0.0,0.0,2205199.0
1e14ece10fa50f96266e53a6d2ce83a1,1404/11/30,0.0,0.0,3396353.0
1e14ece10fa50f96266e53a6d2ce83a1,1404/12/29,0.0,0.0,1888263.0
1e14ece10fa50f96266e53a6d2ce83a1,1405/01/31,0.0,0.0,1706678.0
1e14ece10fa50f96266e53a6d2ce83a1,1405/02/31,0.0,0.0,3526692.0
1e14ece10fa50f96266e53a6d2ce83a1,1405/03/31,0.0,0.0,3683075.0
20579374fedaf42bb5e2e72dd734e793,1399/07/30,327268.0,432787.0,432787.0
20579374fedaf42bb5e2e72dd734e793,1399/08/30,579547.0,774519.0,341732.0
20579374fedaf42bb5e2e72dd734e793,1399/09/30,797573.0,1118150.0,343631.0
20579374fedaf42bb5e2e72dd734e793,1399/10/30,966176.0,1371611.0,253461.0
20579374fedaf42bb5e2e72dd734e793,1399/11/30,1121225.0,1597283.0,225672.0
20579374fedaf42bb5e2e72dd734e793,1399/12/30,1336401.0,1911493.0,314210.0
20579374fedaf42bb5e2e72dd734e793,1400/01/31,1505048.0,2257799.0,346306.0
20579374fedaf42bb5e2e72dd734e793,1400/02/31,1813327.0,2776309.0,518510.0
20579374fedaf42bb5e2e72dd734e793,1400/03/31,2309432.0,3373383.0,597074.0
20579374fedaf42bb5e2e72dd734e793,1400/04/31,2997774.0,4180783.0,807400.0
20579374fedaf42bb5e2e72dd734e793,1400/05/31,3683515.0,5023323.0,842540.0
20579374fedaf42bb5e2e72dd734e793,1400/06/31,4250755.0,5687129.0,663806.0
20579374fedaf42bb5e2e72dd734e793,1400/07/30,433540.0,599659.0,599659.0
20579374fedaf42bb5e2e72dd734e793,1400/08/30,777917.0,1127270.0,527611.0
20579374fedaf42bb5e2e72dd734e793,1400/09/30,1126860.0,1637516.0,510246.0
20579374fedaf42bb5e2e72dd734e793,1400/10/30,966176.0,2021704.0,384188.0
20579374fedaf42bb5e2e72dd734e793,1400/11/30,1603001.0,2302040.0,280336.0
20579374fedaf42bb5e2e72dd734e793,1400/12/29,1847368.0,2678808.0,433386.0
20579374fedaf42bb5e2e72dd734e793,1401/01/31,1505048.0,3187676.0,508868.0
20579374fedaf42bb5e2e72dd734e793,1401/02/31,2795308.0,3857143.0,669467.0
20579374fedaf42bb5e2e72dd734e793,1401/03/31,3406259.0,4535770.0,678627.0
20579374fedaf42bb5e2e72dd734e793,1401/04/31,4230347.0,5332915.0,797145.0
20579374fedaf42bb5e2e72dd734e793,1401/05/31,5116999.0,6139880.0,806965.0
20579374fedaf42bb5e2e72dd734e793,1401/06/31,5710108.0,6877325.0,693224.0
20579374fedaf42bb5e2e72dd734e793,1401/07/30,599554.0,682930.0,682930.0
20579374fedaf42bb5e2e72dd734e793,1401/08/30,1104051.0,1333073.0,650143.0
20579374fedaf42bb5e2e72dd734e793,1401/09/30,1624178.0,2071904.0,690495.0
20579374fedaf42bb5e2e72dd734e793,1401/10/30,2004174.0,2519384.0,447480.0
20579374fedaf42bb5e2e72dd734e793,1401/11/30,2288999.0,2904890.0,385506.0
20579374fedaf42bb5e2e72dd734e793,1401/12/29,2678808.0,3563727.0,496487.0
20579374fedaf42bb5e2e72dd734e793,1402/01/31,3232592.0,4242478.0,678751.0
20579374fedaf42bb5e2e72dd734e793,1402/02/31,3902005.0,5178060.0,935582.0
20579374fedaf42bb5e2e72dd734e793,1402/03/31,4565474.0,6322689.0,1075469.0
20579374fedaf42bb5e2e72dd734e793,1402/04/31,5410719.0,7439079.0,1116390.0
20579374fedaf42bb5e2e72dd734e793,1402/05/31,6213765.0,8549635.0,1110556.0
20579374fedaf42bb5e2e72dd734e793,1402/06/31,6877325.0,9578232.0,1029990.0
20579374fedaf42bb5e2e72dd734e793,1402/07/30,731214.0,879751.0,879751.0
20579374fedaf42bb5e2e72dd734e793,1402/08/30,1372757.0,1621064.0,741313.0
20579374fedaf42bb5e2e72dd734e793,1402/09/30,2071904.0,2557368.0,861713.0
20579374fedaf42bb5e2e72dd734e793,1402/10/30,2516194.0,3334347.0,776979.0
20579374fedaf42bb5e2e72dd734e793,1402/11/30,2905355.0,3955551.0,621204.0
20579374fedaf42bb5e2e72dd734e793,1402/12/29,3563727.0,5350378.0,684318.0
20579374fedaf42bb5e2e72dd734e793,1403/01/31,4250865.0,5351482.0,711613.0
20579374fedaf42bb5e2e72dd734e793,1403/02/31,5096589.0,6288063.0,936581.0
20579374fedaf42bb5e2e72dd734e793,1403/03/31,6322689.0,8094228.0,1003385.0
20579374fedaf42bb5e2e72dd734e793,1403/04/31,7287155.0,9125135.0,1030907.0
20579374fedaf42bb5e2e72dd734e793,1403/05/31,8397720.0,10250698.0,1125563.0
20579374fedaf42bb5e2e72dd734e793,1403/06/31,9578232.0,11428807.0,1162339.0
20579374fedaf42bb5e2e72dd734e793,1403/07/30,960768.0,942703.0,942703.0
20579374fedaf42bb5e2e72dd734e793,1403/08/30,1860487.0,1898477.0,955774.0
20579374fedaf42bb5e2e72dd734e793,1403/09/30,2557368.0,2631491.0,692346.0
20579374fedaf42bb5e2e72dd734e793,1403/10/30,3669321.0,3341978.0,710487.0
20579374fedaf42bb5e2e72dd734e793,1403/11/30,4303273.0,4036893.0,694915.0
20579374fedaf42bb5e2e72dd734e793,1403/12/30,5350378.0,4922394.0,898187.0
20579374fedaf42bb5e2e72dd734e793,1404/01/31,5325476.0,6386001.0,1450921.0
20579374fedaf42bb5e2e72dd734e793,1404/02/31,6981079.0,8247513.0,1861512.0
20579374fedaf42bb5e2e72dd734e793,1404/03/31,8094228.0,10338948.0,2091435.0
20579374fedaf42bb5e2e72dd734e793,1404/04/31,9179292.0,12551320.0,2212372.0
20579374fedaf42bb5e2e72dd734e793,1404/05/31,10341133.0,14807428.0,2256108.0
20579374fedaf42bb5e2e72dd734e793,1404/06/31,11428807.0,16823627.0,2016199.0
20579374fedaf42bb5e2e72dd734e793,1404/07/30,944950.0,1706041.0,1706041.0
20579374fedaf42bb5e2e72dd734e793,1404/08/30,1865614.0,3256105.0,1550064.0
20579374fedaf42bb5e2e72dd734e793,1404/09/30,2631491.0,5020615.0,1771868.0
20579374fedaf42bb5e2e72dd734e793,1404/10/30,3309376.0,6317478.0,1296863.0
20579374fedaf42bb5e2e72dd734e793,1404/12/29,0.0,0.0,1290844.0
20579374fedaf42bb5e2e72dd734e793,1405/01/31,0.0,0.0,1149563.0
20579374fedaf42bb5e2e72dd734e793,1405/02/31,0.0,0.0,3145661.0
20579374fedaf42bb5e2e72dd734e793,1405/03/31,0.0,0.0,3162098.0
219f43aab6fb90530570bd54a78db3f4,1399/08/30,3608315.0,8335219.0,935610.0
219f43aab6fb90530570bd54a78db3f4,1399/09/30,4353385.0,9830946.0,1470705.0
219f43aab6fb90530570bd54a78db3f4,1399/10/30,5302658.0,11601118.0,1179877.0
219f43aab6fb90530570bd54a78db3f4,1399/11/30,6241181.0,13196942.0,1355718.0
219f43aab6fb90530570bd54a78db3f4,1399/12/30,8057480.0,16758400.0,1400051.0
219f43aab6fb90530570bd54a78db3f4,1400/01/31,339711.0,723853.0,723853.0
219f43aab6fb90530570bd54a78db3f4,1400/02/31,1687300.0,1802989.0,1079136.0
219f43aab6fb90530570bd54a78db3f4,1400/03/31,2762384.0,3149729.0,1346740.0
219f43aab6fb90530570bd54a78db3f4,1400/04/31,4014914.0,4998203.0,1186878.0
219f43aab6fb90530570bd54a78db3f4,1400/05/31,4852361.0,6101608.0,925986.0
219f43aab6fb90530570bd54a78db3f4,1400/06/31,6282222.0,9129668.0,2044142.0
219f43aab6fb90530570bd54a78db3f4,1400/07/30,7346562.0,10701143.0,1526530.0
219f43aab6fb90530570bd54a78db3f4,1400/08/30,8335219.0,12833126.0,2131983.0
219f43aab6fb90530570bd54a78db3f4,1400/09/30,9830946.0,14897479.0,2062680.0
219f43aab6fb90530570bd54a78db3f4,1400/10/30,11601118.0,17008379.0,2059703.0
219f43aab6fb90530570bd54a78db3f4,1400/11/30,13196942.0,18853058.0,1844220.0
219f43aab6fb90530570bd54a78db3f4,1400/12/29,16758400.0,25752335.0,3932861.0
219f43aab6fb90530570bd54a78db3f4,1401/01/31,723853.0,1074659.0,1074659.0
219f43aab6fb90530570bd54a78db3f4,1401/03/31,3149729.0,5549522.0,2653758.0
219f43aab6fb90530570bd54a78db3f4,1401/04/31,4998203.0,7923511.0,2322310.0
219f43aab6fb90530570bd54a78db3f4,1401/05/31,6101608.0,10247770.0,2197950.0
219f43aab6fb90530570bd54a78db3f4,1401/06/31,9174613.0,14881187.0,2482436.0
219f43aab6fb90530570bd54a78db3f4,1401/07/30,10701143.0,18107257.0,3226070.0
219f43aab6fb90530570bd54a78db3f4,1401/08/30,12833126.0,21399617.0,3486755.0
219f43aab6fb90530570bd54a78db3f4,1401/09/30,14946421.0,25969973.0,4102948.0
219f43aab6fb90530570bd54a78db3f4,1401/10/30,17008379.0,29886175.0,3915453.0
219f43aab6fb90530570bd54a78db3f4,1401/11/30,18853058.0,33940846.0,4122788.0
219f43aab6fb90530570bd54a78db3f4,1401/12/29,25752335.0,45814372.0,10978119.0
219f43aab6fb90530570bd54a78db3f4,1402/01/31,1074659.0,1973162.0,1973162.0
219f43aab6fb90530570bd54a78db3f4,1402/02/31,2819020.0,5264641.0,3205692.0
219f43aab6fb90530570bd54a78db3f4,1402/03/31,5549522.0,10483597.0,5204653.0
219f43aab6fb90530570bd54a78db3f4,1402/04/31,8049820.0,14328020.0,3660863.0
219f43aab6fb90530570bd54a78db3f4,1402/05/31,10221013.0,18318578.0,3180069.0
219f43aab6fb90530570bd54a78db3f4,1402/06/31,14881187.0,25639519.0,4385290.0
219f43aab6fb90530570bd54a78db3f4,1402/07/30,18107257.0,29683168.0,4043649.0
219f43aab6fb90530570bd54a78db3f4,1402/08/30,21399617.0,34967181.0,5284013.0
219f43aab6fb90530570bd54a78db3f4,1402/09/30,25969973.0,40557932.0,5622228.0
219f43aab6fb90530570bd54a78db3f4,1402/10/30,29818058.0,45813806.0,5255874.0
219f43aab6fb90530570bd54a78db3f4,1402/11/30,34135278.0,50746341.0,4933264.0
219f43aab6fb90530570bd54a78db3f4,1402/12/29,46316872.0,58350872.0,5863845.0
219f43aab6fb90530570bd54a78db3f4,1403/01/31,2058949.0,2550120.0,2550120.0
219f43aab6fb90530570bd54a78db3f4,1403/02/31,5264641.0,6648284.0,4098164.0
219f43aab6fb90530570bd54a78db3f4,1403/03/31,10483597.0,13895776.0,6691973.0
219f43aab6fb90530570bd54a78db3f4,1403/04/31,14328020.0,18604811.0,4709035.0
219f43aab6fb90530570bd54a78db3f4,1403/05/31,11211473.0,22998553.0,4033772.0
219f43aab6fb90530570bd54a78db3f4,1403/06/31,25639519.0,30755235.0,5754672.0
219f43aab6fb90530570bd54a78db3f4,1403/07/30,29683168.0,36761275.0,6038157.0
219f43aab6fb90530570bd54a78db3f4,1403/08/30,34967181.0,42518203.0,5752402.0
219f43aab6fb90530570bd54a78db3f4,1403/09/30,40557932.0,47614771.0,5096543.0
219f43aab6fb90530570bd54a78db3f4,1403/10/30,45813806.0,53864333.0,6249562.0
219f43aab6fb90530570bd54a78db3f4,1403/11/30,50746341.0,61465050.0,7153956.0
219f43aab6fb90530570bd54a78db3f4,1403/12/30,58350872.0,70983751.0,8465970.0
219f43aab6fb90530570bd54a78db3f4,1404/01/31,2550120.0,2898869.0,2898869.0
219f43aab6fb90530570bd54a78db3f4,1404/02/31,6648284.0,9418818.0,6170649.0
219f43aab6fb90530570bd54a78db3f4,1404/03/31,13895776.0,15889402.0,6470584.0
219f43aab6fb90530570bd54a78db3f4,1404/04/31,18604811.0,20772874.0,4879898.0
219f43aab6fb90530570bd54a78db3f4,1404/05/31,22998553.0,26404717.0,5631843.0
219f43aab6fb90530570bd54a78db3f4,1404/06/31,30755235.0,35294437.0,8889720.0
219f43aab6fb90530570bd54a78db3f4,1404/07/30,36765801.0,47434753.0,8714770.0
219f43aab6fb90530570bd54a78db3f4,1404/08/30,42518228.0,57306464.0,9848496.0
219f43aab6fb90530570bd54a78db3f4,1404/09/30,47614771.0,69177175.0,11894720.0
219f43aab6fb90530570bd54a78db3f4,1404/10/30,54311094.0,77664405.0,8550123.0
219f43aab6fb90530570bd54a78db3f4,1404/12/29,70983751.0,102276890.0,8529917.0
219f43aab6fb90530570bd54a78db3f4,1405/01/31,3248169.0,5081205.0,5081205.0
219f43aab6fb90530570bd54a78db3f4,1405/02/31,9418818.0,15149857.0,9468493.0
219f43aab6fb90530570bd54a78db3f4,1405/03/31,0.0,0.0,11486944.0
25594bcbd879ef25ca250052162de693,1399/06/31,1098109.0,1626901.0,358240.0
25594bcbd879ef25ca250052162de693,1399/07/30,1330091.0,1973492.0,346591.0
25594bcbd879ef25ca250052162de693,1399/08/30,1535537.0,2268232.0,299960.0
25594bcbd879ef25ca250052162de693,1399/09/30,1713370.0,2488596.0,220364.0
25594bcbd879ef25ca250052162de693,1399/10/30,1879914.0,2648026.0,159430.0
25594bcbd879ef25ca250052162de693,1399/11/30,2047560.0,2798995.0,150969.0
25594bcbd879ef25ca250052162de693,1399/12/30,2276214.0,3189483.0,390488.0
25594bcbd879ef25ca250052162de693,1400/01/31,119965.0,390393.0,390393.0
25594bcbd879ef25ca250052162de693,1400/02/31,363851.0,905254.0,514861.0
25594bcbd879ef25ca250052162de693,1400/03/31,634159.0,1344758.0,439504.0
25594bcbd879ef25ca250052162de693,1400/04/31,947524.0,1779230.0,434472.0
25594bcbd879ef25ca250052162de693,1400/05/31,1268661.0,2269994.0,488629.0
25594bcbd879ef25ca250052162de693,1400/06/31,1626901.0,2948507.0,711810.0
25594bcbd879ef25ca250052162de693,1400/07/30,1973492.0,3492625.0,544118.0
25594bcbd879ef25ca250052162de693,1400/08/30,2268232.0,3980986.0,492598.0
25594bcbd879ef25ca250052162de693,1400/09/30,2488596.0,4524404.0,531240.0
25594bcbd879ef25ca250052162de693,1400/10/30,2648026.0,4937440.0,413036.0
25594bcbd879ef25ca250052162de693,1400/11/30,2798995.0,5262434.0,324994.0
25594bcbd879ef25ca250052162de693,1400/12/29,3204363.0,5955097.0,517366.0
25594bcbd879ef25ca250052162de693,1401/01/31,398745.0,444059.0,444059.0
25594bcbd879ef25ca250052162de693,1401/02/31,944459.0,910785.0,466726.0
25594bcbd879ef25ca250052162de693,1401/03/31,1403037.0,1510812.0,600027.0
25594bcbd879ef25ca250052162de693,1401/04/31,1840933.0,2103427.0,592615.0
25594bcbd879ef25ca250052162de693,1401/05/31,2333531.0,2601912.0,498485.0
25594bcbd879ef25ca250052162de693,1401/06/31,3050329.0,3163415.0,561503.0
25594bcbd879ef25ca250052162de693,1401/07/30,3605383.0,3701808.0,538393.0
25594bcbd879ef25ca250052162de693,1401/08/30,4118174.0,4255834.0,554026.0
25594bcbd879ef25ca250052162de693,1401/09/30,4660958.0,4775695.0,519861.0
25594bcbd879ef25ca250052162de693,1401/10/30,5088546.0,5241804.0,466109.0
25594bcbd879ef25ca250052162de693,1401/11/30,5420202.0,5790449.0,548645.0
25594bcbd879ef25ca250052162de693,1401/12/29,5955097.0,6555762.0,765313.0
25594bcbd879ef25ca250052162de693,1402/01/31,444059.0,673664.0,673664.0
25594bcbd879ef25ca250052162de693,1402/02/31,910785.0,1497867.0,824203.0
25594bcbd879ef25ca250052162de693,1402/03/31,1510813.0,2410112.0,912243.0
25594bcbd879ef25ca250052162de693,1402/04/31,2103427.0,3683712.0,1273600.0
25594bcbd879ef25ca250052162de693,1402/05/31,2601912.0,4892771.0,1209059.0
25594bcbd879ef25ca250052162de693,1402/06/31,3163415.0,6111583.0,1218812.0
25594bcbd879ef25ca250052162de693,1402/07/30,3701808.0,7293341.0,1181758.0
25594bcbd879ef25ca250052162de693,1402/08/30,4255834.0,8274512.0,981171.0
25594bcbd879ef25ca250052162de693,1402/09/30,4775695.0,9227661.0,953219.0
25594bcbd879ef25ca250052162de693,1402/10/30,5241804.0,10192012.0,964351.0
25594bcbd879ef25ca250052162de693,1402/11/30,5790449.0,11075037.0,883024.0
25594bcbd879ef25ca250052162de693,1402/12/29,6555762.0,11955650.0,880613.0
25594bcbd879ef25ca250052162de693,1403/01/31,673664.0,884043.0,884043.0
25594bcbd879ef25ca250052162de693,1403/02/31,1497867.0,2057954.0,1173911.0
25594bcbd879ef25ca250052162de693,1403/03/31,2410112.0,3415002.0,1357048.0
25594bcbd879ef25ca250052162de693,1403/04/31,3683712.0,4809790.0,1394787.0
25594bcbd879ef25ca250052162de693,1403/05/31,4892771.0,6197954.0,1388164.0
25594bcbd879ef25ca250052162de693,1403/06/31,6111583.0,7953085.0,1755131.0
25594bcbd879ef25ca250052162de693,1403/07/30,7293341.0,9573640.0,1620555.0
25594bcbd879ef25ca250052162de693,1403/08/30,8274512.0,11079063.0,1505423.0
25594bcbd879ef25ca250052162de693,1403/09/30,9227661.0,12211267.0,1132204.0
25594bcbd879ef25ca250052162de693,1403/10/30,10192012.0,13524343.0,1313076.0
25594bcbd879ef25ca250052162de693,1403/11/30,11075037.0,15001408.0,1477065.0
25594bcbd879ef25ca250052162de693,1403/12/30,11955650.0,16630708.0,1629299.0
25594bcbd879ef25ca250052162de693,1404/01/31,884043.0,1379087.0,1379087.0
25594bcbd879ef25ca250052162de693,1404/02/31,2057954.0,3663190.0,2284103.0
25594bcbd879ef25ca250052162de693,1404/03/31,3415003.0,6497002.0,2832867.0
25594bcbd879ef25ca250052162de693,1404/04/31,4809790.0,9730242.0,3233240.0
25594bcbd879ef25ca250052162de693,1404/05/31,6197954.0,13310442.0,3580199.0
25594bcbd879ef25ca250052162de693,1404/06/31,7953085.0,16704288.0,3393847.0
25594bcbd879ef25ca250052162de693,1404/07/30,9573640.0,19607244.0,2902956.0
25594bcbd879ef25ca250052162de693,1404/08/30,11079063.0,22212003.0,2604759.0
25594bcbd879ef25ca250052162de693,1404/09/30,12211267.0,24537758.0,2325755.0
25594bcbd879ef25ca250052162de693,1404/10/30,13524343.0,26687884.0,2150126.0
25594bcbd879ef25ca250052162de693,1404/11/30,455615.0,634159.0,2274668.0
25594bcbd879ef25ca250052162de693,1404/12/29,629201.0,947524.0,2723828.0
25594bcbd879ef25ca250052162de693,1405/01/31,851779.0,1268661.0,2377985.0
25594bcbd879ef25ca250052162de693,1405/02/31,3663643.0,6347268.0,3946131.0
25594bcbd879ef25ca250052162de693,1405/03/31,0.0,0.0,3643610.0
25594bcbd879ef25ca250052162de693,1405/04/31,0.0,0.0,3281209.0
25594bcbd879ef25ca250052162de693,1405/05/31,0.0,0.0,4347702.0
25aafd0fbcf94aed7458b9d9f32852d8,1399/01/31,285218687.0,38066355.0,5790424.0
25aafd0fbcf94aed7458b9d9f32852d8,1399/02/31,323285042.0,2014860.0,1007430.0
25aafd0fbcf94aed7458b9d9f32852d8,1399/03/31,323285042.0,2615074.0,1607644.0
25aafd0fbcf94aed7458b9d9f32852d8,1399/04/31,323285042.0,4810514.0,2195440.0
25aafd0fbcf94aed7458b9d9f32852d8,1399/05/31,323285042.0,7697002.0,2886488.0
25aafd0fbcf94aed7458b9d9f32852d8,1399/06/31,56852029.0,9776260.0,2079258.0
25aafd0fbcf94aed7458b9d9f32852d8,1399/07/30,56852029.0,15904540.0,6128280.0
25aafd0fbcf94aed7458b9d9f32852d8,1399/08/30,56852029.0,27427079.0,11522539.0
25aafd0fbcf94aed7458b9d9f32852d8,1399/09/30,56852029.0,33080550.0,5653471.0
25aafd0fbcf94aed7458b9d9f32852d8,1399/10/30,56852029.0,36458026.0,3377476.0
25aafd0fbcf94aed7458b9d9f32852d8,1399/11/30,56852029.0,51203337.0,7991017.0
25aafd0fbcf94aed7458b9d9f32852d8,1399/12/30,56852029.0,56136235.0,4932898.0
25aafd0fbcf94aed7458b9d9f32852d8,1400/01/31,56852029.0,67394412.0,11258177.0
25aafd0fbcf94aed7458b9d9f32852d8,1400/02/31,67394412.0,1331060.0,1331060.0
25aafd0fbcf94aed7458b9d9f32852d8,1400/03/31,67394412.0,3169529.0,1838469.0
25aafd0fbcf94aed7458b9d9f32852d8,1400/04/31,67394412.0,7703497.0,4533968.0
25aafd0fbcf94aed7458b9d9f32852d8,1400/05/31,67394412.0,11446440.0,1534417.0
25aafd0fbcf94aed7458b9d9f32852d8,1400/06/31,127634665.0,13476265.0,2029825.0
25aafd0fbcf94aed7458b9d9f32852d8,1400/07/30,127634665.0,44822732.0,31346467.0
25aafd0fbcf94aed7458b9d9f32852d8,1400/08/30,127634665.0,56461381.0,7043035.0
25aafd0fbcf94aed7458b9d9f32852d8,1400/09/30,127634665.0,58300037.0,1838656.0
25aafd0fbcf94aed7458b9d9f32852d8,1400/10/30,127634665.0,60120920.0,1820883.0
25aafd0fbcf94aed7458b9d9f32852d8,1400/11/30,127634665.0,65910675.0,5789755.0
25aafd0fbcf94aed7458b9d9f32852d8,1400/12/29,127634665.0,76576366.0,10665691.0
25aafd0fbcf94aed7458b9d9f32852d8,1401/01/31,127634665.0,106604101.0,30027735.0
25aafd0fbcf94aed7458b9d9f32852d8,1401/02/31,106604101.0,1535860.0,1535860.0
25aafd0fbcf94aed7458b9d9f32852d8,1401/03/31,106604101.0,4365930.0,2830070.0
25aafd0fbcf94aed7458b9d9f32852d8,1401/04/31,106604101.0,8387520.0,4021590.0
25aafd0fbcf94aed7458b9d9f32852d8,1401/05/31,191266812.0,15244678.0,3622350.0
25aafd0fbcf94aed7458b9d9f32852d8,1401/06/31,191266812.0,18542868.0,3298190.0
25aafd0fbcf94aed7458b9d9f32852d8,1401/07/30,202371740.0,50358478.0,31815610.0
25aafd0fbcf94aed7458b9d9f32852d8,1401/08/30,202371740.0,80049417.0,2313193.0
25aafd0fbcf94aed7458b9d9f32852d8,1401/09/30,202371740.0,85373266.0,5323849.0
25aafd0fbcf94aed7458b9d9f32852d8,1401/10/30,202371740.0,95747270.0,10374004.0
25aafd0fbcf94aed7458b9d9f32852d8,1401/11/30,202371740.0,104510993.0,7605921.0
25aafd0fbcf94aed7458b9d9f32852d8,1401/12/29,202371740.0,129293838.0,24782845.0
25aafd0fbcf94aed7458b9d9f32852d8,1402/01/31,202371740.0,177741736.0,48447898.0
25aafd0fbcf94aed7458b9d9f32852d8,1402/02/31,202371740.0,1702730.0,1702730.0
25aafd0fbcf94aed7458b9d9f32852d8,1402/03/31,202371740.0,4583230.0,2880500.0
25aafd0fbcf94aed7458b9d9f32852d8,1402/04/31,202371740.0,8509630.0,3926400.0
25aafd0fbcf94aed7458b9d9f32852d8,1402/05/31,269754607.0,20297627.0,7963215.0
25aafd0fbcf94aed7458b9d9f32852d8,1402/06/31,269754607.0,34851292.0,14553665.0
25aafd0fbcf94aed7458b9d9f32852d8,1402/07/30,269754607.0,57159492.0,22308200.0
25aafd0fbcf94aed7458b9d9f32852d8,1402/09/30,269754607.0,102218058.0,7783600.0
25aafd0fbcf94aed7458b9d9f32852d8,1402/10/30,269754607.0,114756558.0,12538500.0
25aafd0fbcf94aed7458b9d9f32852d8,1402/11/30,269754607.0,163144941.0,7377900.0
25aafd0fbcf94aed7458b9d9f32852d8,1402/12/29,269754607.0,202455641.0,39310700.0
25aafd0fbcf94aed7458b9d9f32852d8,1403/01/31,269754607.0,2027700.0,2027700.0
25aafd0fbcf94aed7458b9d9f32852d8,1403/03/31,307336578.0,17512900.0,7814700.0
25aafd0fbcf94aed7458b9d9f32852d8,1403/04/31,307330905.0,25949556.0,4847300.0
25aafd0fbcf94aed7458b9d9f32852d8,1403/05/31,307330905.0,34257056.0,8307500.0
25aafd0fbcf94aed7458b9d9f32852d8,1403/06/31,307330905.0,46658256.0,12401200.0
25aafd0fbcf94aed7458b9d9f32852d8,1403/07/30,307330905.0,92208441.0,6990800.0
25aafd0fbcf94aed7458b9d9f32852d8,1403/08/30,307330905.0,123043041.0,30834600.0
25aafd0fbcf94aed7458b9d9f32852d8,1403/09/30,307330905.0,135409941.0,12366900.0
25aafd0fbcf94aed7458b9d9f32852d8,1403/10/30,307330905.0,224651572.0,27601100.0
25aafd0fbcf94aed7458b9d9f32852d8,1403/11/30,307330905.0,258786372.0,34134800.0
25aafd0fbcf94aed7458b9d9f32852d8,1403/12/30,307330905.0,300332572.0,41546200.0
25aafd0fbcf94aed7458b9d9f32852d8,1404/01/31,300332572.0,2453000.0,2453000.0
25aafd0fbcf94aed7458b9d9f32852d8,1404/02/31,300332572.0,13048000.0,10595000.0
25aafd0fbcf94aed7458b9d9f32852d8,1404/03/31,300332572.0,24244000.0,11196000.0
25aafd0fbcf94aed7458b9d9f32852d8,1404/04/31,463183567.0,56700517.0,5160300.0
25aafd0fbcf94aed7458b9d9f32852d8,1404/05/31,463183567.0,76226517.0,19526000.0
25aafd0fbcf94aed7458b9d9f32852d8,1404/06/31,463183567.0,110640517.0,34414000.0
25aafd0fbcf94aed7458b9d9f32852d8,1404/07/30,463183567.0,281136548.0,6805000.0
25aafd0fbcf94aed7458b9d9f32852d8,1404/08/30,463183567.0,307160548.0,26024000.0
25aafd0fbcf94aed7458b9d9f32852d8,1404/09/30,463183567.0,391901548.0,84741000.0
25aafd0fbcf94aed7458b9d9f32852d8,1404/10/30,463183567.0,472275424.0,34484000.0
29d7795e06a8fe30d0a386ed95c8f445,1401/12/29,0.0,0.0,62499731.0
29d7795e06a8fe30d0a386ed95c8f445,1402/02/31,0.0,0.0,49728182.0
29d7795e06a8fe30d0a386ed95c8f445,1402/03/31,0.0,0.0,49432300.0
29d7795e06a8fe30d0a386ed95c8f445,1402/04/31,0.0,0.0,45405355.0
29d7795e06a8fe30d0a386ed95c8f445,1402/05/31,0.0,0.0,32205196.0
29d7795e06a8fe30d0a386ed95c8f445,1402/06/31,0.0,0.0,50388337.0
29d7795e06a8fe30d0a386ed95c8f445,1402/07/30,0.0,0.0,52199665.0
29d7795e06a8fe30d0a386ed95c8f445,1402/08/30,0.0,0.0,49286364.0
29d7795e06a8fe30d0a386ed95c8f445,1402/09/30,0.0,0.0,44030732.0
29d7795e06a8fe30d0a386ed95c8f445,1402/10/30,0.0,0.0,45929297.0
29d7795e06a8fe30d0a386ed95c8f445,1402/11/30,0.0,0.0,48961206.0
29d7795e06a8fe30d0a386ed95c8f445,1402/12/29,0.0,0.0,89866019.0
29d7795e06a8fe30d0a386ed95c8f445,1403/01/31,0.0,0.0,40980502.0
29d7795e06a8fe30d0a386ed95c8f445,1403/02/31,0.0,0.0,49237802.0
29d7795e06a8fe30d0a386ed95c8f445,1403/03/31,0.0,0.0,47417041.0
29d7795e06a8fe30d0a386ed95c8f445,1403/04/31,0.0,0.0,31015010.0
29d7795e06a8fe30d0a386ed95c8f445,1403/05/31,0.0,0.0,27906138.0
29d7795e06a8fe30d0a386ed95c8f445,1403/06/31,0.0,0.0,51133715.0
29d7795e06a8fe30d0a386ed95c8f445,1403/07/30,0.0,0.0,35994182.0
29d7795e06a8fe30d0a386ed95c8f445,1403/08/30,0.0,0.0,51123172.0
29d7795e06a8fe30d0a386ed95c8f445,1403/09/30,0.0,0.0,45931493.0
29d7795e06a8fe30d0a386ed95c8f445,1403/10/30,0.0,0.0,63578271.0
29d7795e06a8fe30d0a386ed95c8f445,1403/11/30,0.0,0.0,54166032.0
29d7795e06a8fe30d0a386ed95c8f445,1403/12/30,0.0,0.0,88988282.0
29d7795e06a8fe30d0a386ed95c8f445,1404/01/31,0.0,0.0,74867560.0
29d7795e06a8fe30d0a386ed95c8f445,1404/02/31,0.0,0.0,80147973.0
29d7795e06a8fe30d0a386ed95c8f445,1404/03/31,0.0,0.0,66181222.0
29d7795e06a8fe30d0a386ed95c8f445,1404/04/31,0.0,0.0,50831007.0
29d7795e06a8fe30d0a386ed95c8f445,1404/05/31,0.0,0.0,69220219.0
29d7795e06a8fe30d0a386ed95c8f445,1404/06/31,0.0,0.0,79512903.0
29d7795e06a8fe30d0a386ed95c8f445,1404/07/30,0.0,0.0,76172918.0
29d7795e06a8fe30d0a386ed95c8f445,1404/08/30,0.0,0.0,84691937.0
29d7795e06a8fe30d0a386ed95c8f445,1404/09/30,0.0,0.0,78321127.0
29d7795e06a8fe30d0a386ed95c8f445,1404/10/30,0.0,0.0,85223777.0
29d7795e06a8fe30d0a386ed95c8f445,1404/11/30,0.0,0.0,83762712.0
29d7795e06a8fe30d0a386ed95c8f445,1404/12/29,0.0,0.0,81541006.0
29d7795e06a8fe30d0a386ed95c8f445,1405/01/31,0.0,0.0,52144839.0
29d7795e06a8fe30d0a386ed95c8f445,1405/02/31,0.0,0.0,90879722.0
29d7795e06a8fe30d0a386ed95c8f445,1405/03/31,0.0,0.0,111679083.0
29d7795e06a8fe30d0a386ed95c8f445,1405/04/31,0.0,0.0,69995970.0
2c7e998dc9b612c1fd643b991c0dc3cc,1398/12/29,0.0,0.0,711168.0
2c7e998dc9b612c1fd643b991c0dc3cc,1399/01/31,0.0,0.0,686556.0
2c7e998dc9b612c1fd643b991c0dc3cc,1399/02/31,0.0,0.0,875797.0
2c7e998dc9b612c1fd643b991c0dc3cc,1399/03/31,0.0,0.0,831653.0
2c7e998dc9b612c1fd643b991c0dc3cc,1399/04/31,0.0,0.0,1091906.0
2c7e998dc9b612c1fd643b991c0dc3cc,1399/05/31,0.0,0.0,983758.0
2c7e998dc9b612c1fd643b991c0dc3cc,1399/06/31,0.0,0.0,1181571.0
2c7e998dc9b612c1fd643b991c0dc3cc,1399/07/30,0.0,0.0,1092918.0
2c7e998dc9b612c1fd643b991c0dc3cc,1399/08/30,0.0,0.0,965583.0
2c7e998dc9b612c1fd643b991c0dc3cc,1399/09/30,0.0,0.0,1565636.0
2c7e998dc9b612c1fd643b991c0dc3cc,1399/10/30,0.0,0.0,1255004.0
2c7e998dc9b612c1fd643b991c0dc3cc,1399/11/30,0.0,0.0,1386286.0
2c7e998dc9b612c1fd643b991c0dc3cc,1399/12/30,0.0,0.0,1422493.0
2c7e998dc9b612c1fd643b991c0dc3cc,1400/01/31,0.0,0.0,1601167.0
2c7e998dc9b612c1fd643b991c0dc3cc,1400/02/31,0.0,0.0,1215746.0
2c7e998dc9b612c1fd643b991c0dc3cc,1400/03/31,0.0,0.0,1533457.0
2c7e998dc9b612c1fd643b991c0dc3cc,1400/04/31,0.0,0.0,1375083.0
2c7e998dc9b612c1fd643b991c0dc3cc,1400/05/31,0.0,0.0,1256681.0
2c7e998dc9b612c1fd643b991c0dc3cc,1400/06/31,0.0,0.0,1675299.0
2c7e998dc9b612c1fd643b991c0dc3cc,1400/07/30,0.0,0.0,1339497.0
2c7e998dc9b612c1fd643b991c0dc3cc,1400/08/30,0.0,0.0,1723706.0
2c7e998dc9b612c1fd643b991c0dc3cc,1400/09/30,0.0,0.0,1980745.0
2c7e998dc9b612c1fd643b991c0dc3cc,1400/10/30,0.0,0.0,1523339.0
2c7e998dc9b612c1fd643b991c0dc3cc,1400/11/30,0.0,0.0,1588363.0
2c7e998dc9b612c1fd643b991c0dc3cc,1400/12/29,0.0,0.0,1838633.0
2c7e998dc9b612c1fd643b991c0dc3cc,1401/01/31,0.0,0.0,1871397.0
2c7e998dc9b612c1fd643b991c0dc3cc,1401/02/31,0.0,0.0,2605878.0
2c7e998dc9b612c1fd643b991c0dc3cc,1401/03/31,0.0,0.0,2495780.0
2c7e998dc9b612c1fd643b991c0dc3cc,1401/04/31,0.0,0.0,2540953.0
2c7e998dc9b612c1fd643b991c0dc3cc,1401/05/31,0.0,0.0,2527197.0
2c7e998dc9b612c1fd643b991c0dc3cc,1401/06/31,0.0,0.0,2969361.0
2c7e998dc9b612c1fd643b991c0dc3cc,1401/07/30,0.0,0.0,3561271.0
2c7e998dc9b612c1fd643b991c0dc3cc,1401/08/30,0.0,0.0,3139830.0
2c7e998dc9b612c1fd643b991c0dc3cc,1401/09/30,0.0,0.0,2734983.0
2c7e998dc9b612c1fd643b991c0dc3cc,1401/10/30,0.0,0.0,2207779.0
2c7e998dc9b612c1fd643b991c0dc3cc,1401/11/30,0.0,0.0,2935973.0
2c7e998dc9b612c1fd643b991c0dc3cc,1401/12/29,0.0,0.0,2752994.0
2c7e998dc9b612c1fd643b991c0dc3cc,1402/01/31,0.0,0.0,2809485.0
2c7e998dc9b612c1fd643b991c0dc3cc,1402/02/31,0.0,0.0,2725467.0
2c7e998dc9b612c1fd643b991c0dc3cc,1402/03/31,0.0,0.0,2573101.0
2c7e998dc9b612c1fd643b991c0dc3cc,1402/04/31,0.0,0.0,2307937.0
2c7e998dc9b612c1fd643b991c0dc3cc,1402/05/31,0.0,0.0,3295693.0
2c7e998dc9b612c1fd643b991c0dc3cc,1402/06/31,0.0,0.0,3009810.0
2c7e998dc9b612c1fd643b991c0dc3cc,1402/07/30,0.0,0.0,3321352.0
2c7e998dc9b612c1fd643b991c0dc3cc,1402/08/30,0.0,0.0,3144858.0
2c7e998dc9b612c1fd643b991c0dc3cc,1402/09/30,0.0,0.0,2905952.0
2c7e998dc9b612c1fd643b991c0dc3cc,1402/10/30,0.0,0.0,2960859.0
2c7e998dc9b612c1fd643b991c0dc3cc,1402/11/30,0.0,0.0,3714864.0
2c7e998dc9b612c1fd643b991c0dc3cc,1402/12/29,0.0,0.0,3100832.0
2c7e998dc9b612c1fd643b991c0dc3cc,1403/01/31,0.0,0.0,2989801.0
2c7e998dc9b612c1fd643b991c0dc3cc,1403/02/31,0.0,0.0,3439026.0
2c7e998dc9b612c1fd643b991c0dc3cc,1403/03/31,0.0,0.0,3061962.0
2c7e998dc9b612c1fd643b991c0dc3cc,1403/04/31,0.0,0.0,3250990.0
2c7e998dc9b612c1fd643b991c0dc3cc,1403/05/31,0.0,0.0,3315681.0
2c7e998dc9b612c1fd643b991c0dc3cc,1403/06/31,0.0,0.0,3530488.0
2c7e998dc9b612c1fd643b991c0dc3cc,1403/07/30,0.0,0.0,4481565.0
2c7e998dc9b612c1fd643b991c0dc3cc,1403/08/30,0.0,0.0,4566987.0
2c7e998dc9b612c1fd643b991c0dc3cc,1403/09/30,0.0,0.0,5755122.0
2c7e998dc9b612c1fd643b991c0dc3cc,1403/10/30,0.0,0.0,5245525.0
2c7e998dc9b612c1fd643b991c0dc3cc,1403/11/30,0.0,0.0,4674211.0
2c7e998dc9b612c1fd643b991c0dc3cc,1403/12/30,0.0,0.0,4881673.0
2c7e998dc9b612c1fd643b991c0dc3cc,1404/01/31,0.0,0.0,5289188.0
2c7e998dc9b612c1fd643b991c0dc3cc,1404/02/31,0.0,0.0,5374757.0
2c7e998dc9b612c1fd643b991c0dc3cc,1404/03/31,0.0,0.0,5733246.0
2c7e998dc9b612c1fd643b991c0dc3cc,1404/04/31,0.0,0.0,5726106.0
2c7e998dc9b612c1fd643b991c0dc3cc,1404/05/31,0.0,0.0,5098745.0
2c7e998dc9b612c1fd643b991c0dc3cc,1404/06/31,0.0,0.0,6645369.0
2c7e998dc9b612c1fd643b991c0dc3cc,1404/07/30,0.0,0.0,6639984.0
2c7e998dc9b612c1fd643b991c0dc3cc,1404/08/30,0.0,0.0,6613992.0
2c7e998dc9b612c1fd643b991c0dc3cc,1404/09/30,0.0,0.0,7510214.0
2c7e998dc9b612c1fd643b991c0dc3cc,1404/10/30,0.0,0.0,8305863.0
2c7e998dc9b612c1fd643b991c0dc3cc,1404/11/30,0.0,0.0,10018070.0
2c7e998dc9b612c1fd643b991c0dc3cc,1404/12/29,0.0,0.0,9348478.0
2c7e998dc9b612c1fd643b991c0dc3cc,1405/01/31,0.0,0.0,10806430.0
2c7e998dc9b612c1fd643b991c0dc3cc,1405/02/31,0.0,0.0,14214026.0
2c7e998dc9b612c1fd643b991c0dc3cc,1405/03/31,0.0,0.0,14301835.0
2dc3ef3ab0a0505e8859b5400fc35e95,1399/01/31,141650.0,217409.0,217409.0
2dc3ef3ab0a0505e8859b5400fc35e95,1399/02/31,438218.0,420133.0,202724.0
2dc3ef3ab0a0505e8859b5400fc35e95,1399/03/31,680049.0,726855.0,306722.0
2dc3ef3ab0a0505e8859b5400fc35e95,1399/04/31,930137.0,1043167.0,316312.0
2dc3ef3ab0a0505e8859b5400fc35e95,1399/05/31,1183681.0,1428960.0,379751.0
2dc3ef3ab0a0505e8859b5400fc35e95,1399/06/31,1372394.0,1804774.0,375814.0
2dc3ef3ab0a0505e8859b5400fc35e95,1399/07/30,1593863.0,2332890.0,528116.0
2dc3ef3ab0a0505e8859b5400fc35e95,1399/08/30,1876693.0,2844360.0,511470.0
2dc3ef3ab0a0505e8859b5400fc35e95,1399/09/30,2164445.0,3440205.0,595845.0
2dc3ef3ab0a0505e8859b5400fc35e95,1399/10/30,2468253.0,4244277.0,804072.0
2dc3ef3ab0a0505e8859b5400fc35e95,1399/11/30,2751346.0,4971298.0,727021.0
2dc3ef3ab0a0505e8859b5400fc35e95,1399/12/30,2986339.0,5965435.0,994137.0
2dc3ef3ab0a0505e8859b5400fc35e95,1400/01/31,217409.0,623523.0,623523.0
2dc3ef3ab0a0505e8859b5400fc35e95,1400/02/31,420133.0,1597401.0,973878.0
2dc3ef3ab0a0505e8859b5400fc35e95,1400/03/31,726855.0,2462898.0,865497.0
2dc3ef3ab0a0505e8859b5400fc35e95,1400/04/31,1043167.0,3256625.0,793727.0
2dc3ef3ab0a0505e8859b5400fc35e95,1400/05/31,1428960.0,3912674.0,656049.0
2dc3ef3ab0a0505e8859b5400fc35e95,1400/06/31,1804774.0,4743043.0,830369.0
2dc3ef3ab0a0505e8859b5400fc35e95,1400/07/30,2332890.0,5515510.0,772467.0
2dc3ef3ab0a0505e8859b5400fc35e95,1400/08/30,2844360.0,6372655.0,857145.0
2dc3ef3ab0a0505e8859b5400fc35e95,1400/09/30,3440205.0,7162438.0,789783.0
2dc3ef3ab0a0505e8859b5400fc35e95,1400/10/30,4244277.0,8008332.0,845894.0
2dc3ef3ab0a0505e8859b5400fc35e95,1400/11/30,4971298.0,8871169.0,862837.0
2dc3ef3ab0a0505e8859b5400fc35e95,1400/12/29,5965435.0,10103962.0,1232793.0
2dc3ef3ab0a0505e8859b5400fc35e95,1401/01/31,623524.0,1145275.0,1145275.0
2dc3ef3ab0a0505e8859b5400fc35e95,1401/02/31,1597401.0,2429753.0,1284478.0
2dc3ef3ab0a0505e8859b5400fc35e95,1401/03/31,2462898.0,4025678.0,1595925.0
2dc3ef3ab0a0505e8859b5400fc35e95,1401/04/31,3256625.0,5585299.0,1559621.0
2dc3ef3ab0a0505e8859b5400fc35e95,1401/05/31,3912674.0,7115118.0,1529819.0
2dc3ef3ab0a0505e8859b5400fc35e95,1401/06/31,4743043.0,8277933.0,1162815.0
2dc3ef3ab0a0505e8859b5400fc35e95,1401/07/30,5515510.0,9736218.0,1458285.0
2dc3ef3ab0a0505e8859b5400fc35e95,1401/08/30,6372655.0,10962808.0,1226590.0
2dc3ef3ab0a0505e8859b5400fc35e95,1401/09/30,7162438.0,12281265.0,1318457.0
2dc3ef3ab0a0505e8859b5400fc35e95,1401/10/30,8008332.0,13303926.0,1022661.0
2dc3ef3ab0a0505e8859b5400fc35e95,1401/11/30,8871169.0,14678454.0,1374528.0
2dc3ef3ab0a0505e8859b5400fc35e95,1401/12/29,10103962.0,16578714.0,1900260.0
2dc3ef3ab0a0505e8859b5400fc35e95,1402/01/31,1145275.0,1443205.0,1443205.0
2dc3ef3ab0a0505e8859b5400fc35e95,1402/02/31,2429753.0,3104230.0,1661025.0
2dc3ef3ab0a0505e8859b5400fc35e95,1402/03/31,4025678.0,5364909.0,2260679.0
2dc3ef3ab0a0505e8859b5400fc35e95,1402/04/31,5585299.0,7238045.0,1873136.0
2dc3ef3ab0a0505e8859b5400fc35e95,1402/05/31,7115118.0,8845997.0,1607952.0
2dc3ef3ab0a0505e8859b5400fc35e95,1402/06/31,8277933.0,11151302.0,2305305.0
2dc3ef3ab0a0505e8859b5400fc35e95,1402/07/30,9736218.0,13070880.0,1919578.0
2dc3ef3ab0a0505e8859b5400fc35e95,1402/08/30,10962808.0,14884616.0,1813736.0
2dc3ef3ab0a0505e8859b5400fc35e95,1402/09/30,12281265.0,16614952.0,1730336.0
2dc3ef3ab0a0505e8859b5400fc35e95,1402/10/30,13303926.0,18382416.0,1767464.0
2dc3ef3ab0a0505e8859b5400fc35e95,1402/11/30,14678454.0,21480674.0,3098258.0
2dc3ef3ab0a0505e8859b5400fc35e95,1402/12/29,16578714.0,24499342.0,3018668.0
2dc3ef3ab0a0505e8859b5400fc35e95,1403/01/31,1443205.0,1544073.0,1544073.0
2dc3ef3ab0a0505e8859b5400fc35e95,1403/02/31,3104230.0,3890566.0,2346493.0
2dc3ef3ab0a0505e8859b5400fc35e95,1403/03/31,5364909.0,6635627.0,2745062.0
2dc3ef3ab0a0505e8859b5400fc35e95,1403/04/31,7238045.0,8094734.0,1459107.0
2dc3ef3ab0a0505e8859b5400fc35e95,1403/05/31,8845997.0,10917321.0,2822587.0
2dc3ef3ab0a0505e8859b5400fc35e95,1403/06/31,11151302.0,13933604.0,3016283.0
2dc3ef3ab0a0505e8859b5400fc35e95,1403/07/30,13070880.0,16342694.0,2409090.0
2dc3ef3ab0a0505e8859b5400fc35e95,1403/08/30,14932046.0,18640910.0,2298216.0
2dc3ef3ab0a0505e8859b5400fc35e95,1403/09/30,16614952.0,21549390.0,2908480.0
2dc3ef3ab0a0505e8859b5400fc35e95,1403/10/30,18440955.0,23613933.0,2064543.0
2dc3ef3ab0a0505e8859b5400fc35e95,1403/11/30,21480673.0,26509521.0,2895588.0
2dc3ef3ab0a0505e8859b5400fc35e95,1403/12/30,24499342.0,28741899.0,2232378.0
2dc3ef3ab0a0505e8859b5400fc35e95,1404/01/31,1544073.0,1824227.0,1824227.0
2dc3ef3ab0a0505e8859b5400fc35e95,1404/02/31,3890566.0,4186928.0,2362701.0
2dc3ef3ab0a0505e8859b5400fc35e95,1404/03/31,6149196.0,1962268.0,4186928.0
2dc3ef3ab0a0505e8859b5400fc35e95,1404/04/31,8094734.0,9075035.0,2925839.0
2dc3ef3ab0a0505e8859b5400fc35e95,1404/05/31,10917321.0,11476574.0,2401539.0
2dc3ef3ab0a0505e8859b5400fc35e95,1404/06/31,13933604.0,14054162.0,2577588.0
2dc3ef3ab0a0505e8859b5400fc35e95,1404/07/30,16342693.0,16590010.0,2535848.0
2dc3ef3ab0a0505e8859b5400fc35e95,1404/08/30,18640910.0,19099245.0,2509235.0
2dc3ef3ab0a0505e8859b5400fc35e95,1404/09/30,21549390.0,21697939.0,2598694.0
2dc3ef3ab0a0505e8859b5400fc35e95,1404/10/30,23613933.0,24896844.0,3198905.0
2dc3ef3ab0a0505e8859b5400fc35e95,1404/11/30,26509521.0,29200538.0,4303694.0
2dc3ef3ab0a0505e8859b5400fc35e95,1404/12/29,28485564.0,32830324.0,3629786.0
2dc3ef3ab0a0505e8859b5400fc35e95,1405/01/31,1824227.0,2275022.0,2275022.0
2dc3ef3ab0a0505e8859b5400fc35e95,1405/02/31,4186928.0,6068784.0,3793762.0
2dc3ef3ab0a0505e8859b5400fc35e95,1405/03/31,0.0,0.0,3702816.0
2dc3ef3ab0a0505e8859b5400fc35e95,1405/04/31,0.0,0.0,3557492.0
2dcd8b1b42da502813fb5b275d5e288e,1399/05/31,89386.0,597123.0,122872.0
2dcd8b1b42da502813fb5b275d5e288e,1399/06/31,6950.0,724379.0,127256.0
2dcd8b1b42da502813fb5b275d5e288e,1399/07/30,112505.0,856613.0,132234.0
2dcd8b1b42da502813fb5b275d5e288e,1399/08/30,101618.0,1000146.0,143533.0
2dcd8b1b42da502813fb5b275d5e288e,1399/09/30,1000146.0,1143658.0,143512.0
2dcd8b1b42da502813fb5b275d5e288e,1399/10/30,1143658.0,1297712.0,154054.0
2dcd8b1b42da502813fb5b275d5e288e,1399/11/30,1078770.0,1499541.0,194598.0
2dcd8b1b42da502813fb5b275d5e288e,1399/12/30,1499541.0,1660278.0,160737.0
2dcd8b1b42da502813fb5b275d5e288e,1400/01/31,91113.0,170811.0,170811.0
2dcd8b1b42da502813fb5b275d5e288e,1400/02/31,202669.0,385921.0,215110.0
2dcd8b1b42da502813fb5b275d5e288e,1400/03/31,385921.0,557319.0,171398.0
2dcd8b1b42da502813fb5b275d5e288e,1400/04/31,557319.0,716148.0,182878.0
2dcd8b1b42da502813fb5b275d5e288e,1400/05/31,716148.0,951003.0,229331.0
2dcd8b1b42da502813fb5b275d5e288e,1400/06/31,951003.0,1200314.0,249168.0
2dcd8b1b42da502813fb5b275d5e288e,1400/07/30,1200314.0,1416217.0,222592.0
2dcd8b1b42da502813fb5b275d5e288e,1400/08/30,998055.0,1653156.0,236939.0
2dcd8b1b42da502813fb5b275d5e288e,1400/09/30,1146656.0,1920275.0,267119.0
2dcd8b1b42da502813fb5b275d5e288e,1400/10/30,1302575.0,2192239.0,271964.0
2dcd8b1b42da502813fb5b275d5e288e,1400/11/30,1390289.0,2343372.0,219743.0
2dcd8b1b42da502813fb5b275d5e288e,1400/12/29,1476026.0,2557783.0,214411.0
2dcd8b1b42da502813fb5b275d5e288e,1401/01/31,168857.0,232379.0,232379.0
2dcd8b1b42da502813fb5b275d5e288e,1401/02/31,391702.0,526152.0,293773.0
2dcd8b1b42da502813fb5b275d5e288e,1401/03/31,604260.0,987497.0,461345.0
2dcd8b1b42da502813fb5b275d5e288e,1401/04/31,819782.0,1428094.0,440597.0
2dcd8b1b42da502813fb5b275d5e288e,1401/05/31,1080093.0,1817822.0,392303.0
2dcd8b1b42da502813fb5b275d5e288e,1401/06/31,1193627.0,2259000.0,439572.0
2dcd8b1b42da502813fb5b275d5e288e,1401/07/30,1466990.0,2524428.0,385080.0
2dcd8b1b42da502813fb5b275d5e288e,1401/08/30,1761026.0,3114207.0,590043.0
2dcd8b1b42da502813fb5b275d5e288e,1401/09/30,2147700.0,3639145.0,524938.0
2dcd8b1b42da502813fb5b275d5e288e,1401/10/30,2114484.0,3729111.0,389966.0
2dcd8b1b42da502813fb5b275d5e288e,1401/11/30,2332610.0,4101419.0,372308.0
2dcd8b1b42da502813fb5b275d5e288e,1401/12/29,2537848.0,4511598.0,410179.0
2dcd8b1b42da502813fb5b275d5e288e,1402/01/31,234866.0,413488.0,413488.0
2dcd8b1b42da502813fb5b275d5e288e,1402/02/31,484859.0,877145.0,463657.0
2dcd8b1b42da502813fb5b275d5e288e,1402/03/31,876009.0,1445812.0,568667.0
2dcd8b1b42da502813fb5b275d5e288e,1402/04/31,1244276.0,2090280.0,644468.0
2dcd8b1b42da502813fb5b275d5e288e,1402/05/31,1617519.0,2656818.0,566538.0
2dcd8b1b42da502813fb5b275d5e288e,1402/06/31,2139347.0,3423218.0,766400.0
2dcd8b1b42da502813fb5b275d5e288e,1402/07/30,2504479.0,3979120.0,555902.0
2dcd8b1b42da502813fb5b275d5e288e,1402/08/30,2876062.0,4562380.0,583260.0
2dcd8b1b42da502813fb5b275d5e288e,1402/09/30,3324726.0,5096590.0,533874.0
2dcd8b1b42da502813fb5b275d5e288e,1402/10/30,3626677.0,5488744.0,592154.0
2dcd8b1b42da502813fb5b275d5e288e,1402/11/30,4025856.0,6100164.0,610996.0
2dcd8b1b42da502813fb5b275d5e288e,1402/12/29,4533885.0,6626975.0,526563.0
2dcd8b1b42da502813fb5b275d5e288e,1403/01/31,418713.0,547766.0,547766.0
2dcd8b1b42da502813fb5b275d5e288e,1403/02/31,893506.0,1158763.0,610997.0
2dcd8b1b42da502813fb5b275d5e288e,1403/03/31,1425596.0,1761332.0,600942.0
2dcd8b1b42da502813fb5b275d5e288e,1403/04/31,1953962.0,2367173.0,605841.0
2dcd8b1b42da502813fb5b275d5e288e,1403/05/31,2509778.0,2969633.0,602460.0
2dcd8b1b42da502813fb5b275d5e288e,1403/06/31,3213097.0,3632511.0,662822.0
2dcd8b1b42da502813fb5b275d5e288e,1403/07/30,3771157.0,4336368.0,709354.0
2dcd8b1b42da502813fb5b275d5e288e,1403/08/30,4349439.0,5075272.0,738904.0
2dcd8b1b42da502813fb5b275d5e288e,1403/09/30,4897203.0,5754061.0,678789.0
2dcd8b1b42da502813fb5b275d5e288e,1403/10/30,5484159.0,6437957.0,683896.0
2dcd8b1b42da502813fb5b275d5e288e,1403/11/30,6139599.0,7123692.0,685735.0
2dcd8b1b42da502813fb5b275d5e288e,1403/12/30,6568035.0,7877575.0,754461.0
2dcd8b1b42da502813fb5b275d5e288e,1404/01/31,530166.0,737352.0,737352.0
2dcd8b1b42da502813fb5b275d5e288e,1404/02/31,1135293.0,1563653.0,826301.0
2dcd8b1b42da502813fb5b275d5e288e,1404/03/31,1778715.0,2492571.0,928918.0
2dcd8b1b42da502813fb5b275d5e288e,1404/04/31,2359655.0,3417372.0,927680.0
2dcd8b1b42da502813fb5b275d5e288e,1404/05/31,2876084.0,4304928.0,887556.0
2dcd8b1b42da502813fb5b275d5e288e,1404/06/31,3501423.0,5304457.0,999529.0
2dcd8b1b42da502813fb5b275d5e288e,1404/07/30,4273586.0,6334931.0,1030474.0
2dcd8b1b42da502813fb5b275d5e288e,1404/08/30,5004746.0,7425071.0,1090140.0
2dcd8b1b42da502813fb5b275d5e288e,1404/09/30,5917008.0,8813417.0,1388346.0
2dcd8b1b42da502813fb5b275d5e288e,1404/10/30,6410993.0,10238917.0,1425500.0
2dcd8b1b42da502813fb5b275d5e288e,1404/11/30,7232891.0,11970154.0,1731237.0
2dcd8b1b42da502813fb5b275d5e288e,1404/12/29,7913924.0,13319670.0,1649516.0
2dcd8b1b42da502813fb5b275d5e288e,1405/01/31,760271.0,1612601.0,1612601.0
2dcd8b1b42da502813fb5b275d5e288e,1405/02/31,1566105.0,3606886.0,1994285.0
2dcd8b1b42da502813fb5b275d5e288e,1405/03/31,0.0,0.0,2166480.0
2dcd8b1b42da502813fb5b275d5e288e,1405/04/31,0.0,0.0,2253469.0
2fe468d2d5a13b43ee3bc672d1fc2c6c,1399/01/31,1332812.0,36852.0,36852.0
2fe468d2d5a13b43ee3bc672d1fc2c6c,1399/02/31,3166830.0,2522856.0,2486004.0
2fe468d2d5a13b43ee3bc672d1fc2c6c,1399/03/31,4648891.0,7545616.0,5022760.0
2fe468d2d5a13b43ee3bc672d1fc2c6c,1399/04/31,6539600.0,10308430.0,2685787.0
2fe468d2d5a13b43ee3bc672d1fc2c6c,1399/05/31,8274717.0,13570972.0,3288394.0
2fe468d2d5a13b43ee3bc672d1fc2c6c,1399/06/31,10155193.0,16902164.0,3331192.0
2fe468d2d5a13b43ee3bc672d1fc2c6c,1399/07/30,11724673.0,20212428.0,3310264.0
2fe468d2d5a13b43ee3bc672d1fc2c6c,1399/08/30,12937783.0,22688501.0,2476073.0
2fe468d2d5a13b43ee3bc672d1fc2c6c,1399/09/30,15664714.0,25322082.0,2633581.0
2fe468d2d5a13b43ee3bc672d1fc2c6c,1399/10/30,18259764.0,31125911.0,5803829.0
2fe468d2d5a13b43ee3bc672d1fc2c6c,1399/11/30,19064935.0,35442095.0,4316184.0
2fe468d2d5a13b43ee3bc672d1fc2c6c,1399/12/30,19672959.0,38819415.0,3377320.0
2fe468d2d5a13b43ee3bc672d1fc2c6c,1400/01/31,36852.0,1699283.0,1699283.0
2fe468d2d5a13b43ee3bc672d1fc2c6c,1400/02/31,2522856.0,5278813.0,3579530.0
2fe468d2d5a13b43ee3bc672d1fc2c6c,1400/03/31,7545616.0,10366109.0,5087296.0
2fe468d2d5a13b43ee3bc672d1fc2c6c,1400/04/31,10308430.0,14392110.0,4026001.0
2fe468d2d5a13b43ee3bc672d1fc2c6c,1400/05/31,13570972.0,18241077.0,3848967.0
2fe468d2d5a13b43ee3bc672d1fc2c6c,1400/06/31,16902164.0,23112397.0,4872866.0
2fe468d2d5a13b43ee3bc672d1fc2c6c,1400/07/30,20212428.0,28016801.0,4904398.0
2fe468d2d5a13b43ee3bc672d1fc2c6c,1400/08/30,22688501.0,33437416.0,5420615.0
2fe468d2d5a13b43ee3bc672d1fc2c6c,1400/09/30,25322082.0,37135292.0,3697876.0
2fe468d2d5a13b43ee3bc672d1fc2c6c,1400/10/30,31125911.0,40941905.0,3806613.0
2fe468d2d5a13b43ee3bc672d1fc2c6c,1400/11/30,35442095.0,48676177.0,7734272.0
2fe468d2d5a13b43ee3bc672d1fc2c6c,1400/12/29,39540432.0,58148466.0,9472289.0
2fe468d2d5a13b43ee3bc672d1fc2c6c,1401/01/31,1699283.0,2334545.0,2334545.0
2fe468d2d5a13b43ee3bc672d1fc2c6c,1401/02/31,5278813.0,11135381.0,8800836.0
2fe468d2d5a13b43ee3bc672d1fc2c6c,1401/03/31,10366109.0,25357671.0,14222290.0
2fe468d2d5a13b43ee3bc672d1fc2c6c,1401/04/31,14392110.0,37102089.0,11744418.0
2fe468d2d5a13b43ee3bc672d1fc2c6c,1401/05/31,18241077.0,45682249.0,8580160.0
2fe468d2d5a13b43ee3bc672d1fc2c6c,1401/06/31,23112402.0,59716096.0,14033847.0
2fe468d2d5a13b43ee3bc672d1fc2c6c,1401/07/30,28016801.0,70153262.0,10437166.0
2fe468d2d5a13b43ee3bc672d1fc2c6c,1401/08/30,33437416.0,82954427.0,12801165.0
2fe468d2d5a13b43ee3bc672d1fc2c6c,1401/09/30,37135293.0,94645729.0,11691302.0
2fe468d2d5a13b43ee3bc672d1fc2c6c,1401/10/30,40941905.0,104370931.0,9725202.0
2fe468d2d5a13b43ee3bc672d1fc2c6c,1401/11/30,48676177.0,121657703.0,17286772.0
2fe468d2d5a13b43ee3bc672d1fc2c6c,1401/12/29,58148466.0,140189506.0,18531803.0
2fe468d2d5a13b43ee3bc672d1fc2c6c,1402/01/31,2334545.0,9393595.0,9393595.0
2fe468d2d5a13b43ee3bc672d1fc2c6c,1402/02/31,11135381.0,21806171.0,12412576.0
2fe468d2d5a13b43ee3bc672d1fc2c6c,1402/03/31,25357671.0,39856505.0,18050334.0
2fe468d2d5a13b43ee3bc672d1fc2c6c,1402/04/31,37102089.0,56509973.0,16653468.0
2fe468d2d5a13b43ee3bc672d1fc2c6c,1402/05/31,45682249.0,66197844.0,9687871.0
2fe468d2d5a13b43ee3bc672d1fc2c6c,1402/06/31,59716096.0,93034066.0,25293143.0
2fe468d2d5a13b43ee3bc672d1fc2c6c,1402/07/30,70153262.0,110617781.0,17583715.0
2fe468d2d5a13b43ee3bc672d1fc2c6c,1402/08/30,82954427.0,125385819.0,14768038.0
2fe468d2d5a13b43ee3bc672d1fc2c6c,1402/09/30,94645729.0,156698861.0,31313042.0
2fe468d2d5a13b43ee3bc672d1fc2c6c,1402/10/30,104370931.0,180750591.0,24051730.0
2fe468d2d5a13b43ee3bc672d1fc2c6c,1402/11/30,121657703.0,201027869.0,20277278.0
2fe468d2d5a13b43ee3bc672d1fc2c6c,1402/12/29,133661610.0,225858477.0,34683163.0
2fe468d2d5a13b43ee3bc672d1fc2c6c,1403/01/31,9393595.0,12722994.0,12722994.0
2fe468d2d5a13b43ee3bc672d1fc2c6c,1403/02/31,21806171.0,39038361.0,26315367.0
2fe468d2d5a13b43ee3bc672d1fc2c6c,1403/03/31,39856505.0,63143594.0,24105233.0
2fe468d2d5a13b43ee3bc672d1fc2c6c,1403/04/31,56509973.0,83489274.0,20345685.0
2fe468d2d5a13b43ee3bc672d1fc2c6c,1403/05/31,66197844.0,114760750.0,31271476.0
2fe468d2d5a13b43ee3bc672d1fc2c6c,1403/06/31,93034066.0,135019894.0,23867608.0
2fe468d2d5a13b43ee3bc672d1fc2c6c,1403/07/30,110617781.0,162451537.0,27431643.0
2fe468d2d5a13b43ee3bc672d1fc2c6c,1403/08/30,125385819.0,195234801.0,32783264.0
2fe468d2d5a13b43ee3bc672d1fc2c6c,1403/09/30,156698861.0,227374698.0,32139897.0
2fe468d2d5a13b43ee3bc672d1fc2c6c,1403/10/30,180750591.0,257022599.0,29647901.0
2fe468d2d5a13b43ee3bc672d1fc2c6c,1403/11/30,201027869.0,294349441.0,37326842.0
2fe468d2d5a13b43ee3bc672d1fc2c6c,1403/12/30,225858477.0,330991146.0,36272520.0
2fe468d2d5a13b43ee3bc672d1fc2c6c,1404/01/31,12722994.0,19532606.0,19532606.0
2fe468d2d5a13b43ee3bc672d1fc2c6c,1404/02/31,38925568.0,41515276.0,21982670.0
2fe468d2d5a13b43ee3bc672d1fc2c6c,1404/03/31,63143594.0,57407882.0,15892606.0
2fe468d2d5a13b43ee3bc672d1fc2c6c,1404/04/31,83417513.0,84854407.0,27446525.0
2fe468d2d5a13b43ee3bc672d1fc2c6c,1404/05/31,114688989.0,104883624.0,20029217.0
2fe468d2d5a13b43ee3bc672d1fc2c6c,1404/06/31,138628358.0,118672154.0,13788530.0
2fe468d2d5a13b43ee3bc672d1fc2c6c,1404/07/30,124594966.0,144431471.0,25759317.0
2fe468d2d5a13b43ee3bc672d1fc2c6c,1404/08/30,195234801.0,187059168.0,42627697.0
2fe468d2d5a13b43ee3bc672d1fc2c6c,1404/09/30,227374198.0,220830982.0,42619527.0
2fe468d2d5a13b43ee3bc672d1fc2c6c,1404/10/30,257022599.0,270667948.0,49836966.0
2fe468d2d5a13b43ee3bc672d1fc2c6c,1404/11/30,0.0,0.0,40325783.0
2fe468d2d5a13b43ee3bc672d1fc2c6c,1404/12/29,0.0,0.0,40166473.0
2fe468d2d5a13b43ee3bc672d1fc2c6c,1405/01/31,0.0,0.0,14748895.0
2fe468d2d5a13b43ee3bc672d1fc2c6c,1405/02/31,0.0,0.0,39632132.0
2fe468d2d5a13b43ee3bc672d1fc2c6c,1405/03/31,0.0,0.0,48443578.0
30098073127320ec11c2c84dc7dd7dd5,1399/10/30,607725.0,1115010.0,1115010.0
30098073127320ec11c2c84dc7dd7dd5,1399/11/30,1501336.0,2991156.0,1844658.0
30098073127320ec11c2c84dc7dd7dd5,1399/12/30,2668830.0,5342611.0,2295446.0
30098073127320ec11c2c84dc7dd7dd5,1400/01/31,2895046.0,6004375.0,749262.0
30098073127320ec11c2c84dc7dd7dd5,1400/02/31,4052433.0,7618067.0,1613692.0
30098073127320ec11c2c84dc7dd7dd5,1400/03/31,5168976.0,9451801.0,1833734.0
30098073127320ec11c2c84dc7dd7dd5,1400/04/31,6559656.0,11536728.0,2084927.0
30098073127320ec11c2c84dc7dd7dd5,1400/05/31,7640268.0,13436322.0,1899594.0
30098073127320ec11c2c84dc7dd7dd5,1400/06/31,8670030.0,16353381.0,2917059.0
30098073127320ec11c2c84dc7dd7dd5,1400/07/30,9925547.0,19097988.0,2744607.0
30098073127320ec11c2c84dc7dd7dd5,1400/08/30,11854592.0,22138692.0,3040704.0
30098073127320ec11c2c84dc7dd7dd5,1400/09/30,14460003.0,25056049.0,2917357.0
30098073127320ec11c2c84dc7dd7dd5,1400/10/30,1115010.0,754233.0,754233.0
30098073127320ec11c2c84dc7dd7dd5,1400/11/30,2959669.0,2062044.0,1307811.0
30098073127320ec11c2c84dc7dd7dd5,1400/12/29,5255115.0,4357126.0,2295082.0
30098073127320ec11c2c84dc7dd7dd5,1401/01/31,6004379.0,5737647.0,1380521.0
30098073127320ec11c2c84dc7dd7dd5,1401/02/31,7618067.0,7772102.0,2034455.0
30098073127320ec11c2c84dc7dd7dd5,1401/03/31,9451801.0,8973310.0,1370626.0
30098073127320ec11c2c84dc7dd7dd5,1401/04/31,11536728.0,11423926.0,2450616.0
30098073127320ec11c2c84dc7dd7dd5,1401/05/31,13436322.0,14075043.0,2651117.0
30098073127320ec11c2c84dc7dd7dd5,1401/06/31,16403382.0,15912727.0,1837684.0
30098073127320ec11c2c84dc7dd7dd5,1401/07/30,19097990.0,17825449.0,1912722.0
30098073127320ec11c2c84dc7dd7dd5,1401/08/30,22138693.0,20556709.0,2731260.0
30098073127320ec11c2c84dc7dd7dd5,1401/09/30,25056049.0,22266380.0,1808840.0
30098073127320ec11c2c84dc7dd7dd5,1401/10/30,754233.0,1747108.0,1747108.0
30098073127320ec11c2c84dc7dd7dd5,1401/11/30,2062044.0,3817771.0,2070663.0
30098073127320ec11c2c84dc7dd7dd5,1401/12/29,4357126.0,6358094.0,2540323.0
30098073127320ec11c2c84dc7dd7dd5,1402/01/31,5737646.0,7407325.0,1049231.0
30098073127320ec11c2c84dc7dd7dd5,1402/02/31,7772103.0,9752624.0,2345299.0
30098073127320ec11c2c84dc7dd7dd5,1402/03/31,8973310.0,12404918.0,2773738.0
30098073127320ec11c2c84dc7dd7dd5,1402/04/31,11593344.0,14501889.0,2096971.0
30098073127320ec11c2c84dc7dd7dd5,1402/05/31,14075043.0,16522113.0,2020224.0
30098073127320ec11c2c84dc7dd7dd5,1402/06/31,15912727.0,18790354.0,2146797.0
30098073127320ec11c2c84dc7dd7dd5,1402/07/30,17825450.0,21224839.0,2434485.0
30098073127320ec11c2c84dc7dd7dd5,1402/08/30,20556711.0,23696372.0,2471533.0
30098073127320ec11c2c84dc7dd7dd5,1402/09/30,22266380.0,26648370.0,2951998.0
30098073127320ec11c2c84dc7dd7dd5,1402/10/30,1747107.0,2716417.0,2716417.0
30098073127320ec11c2c84dc7dd7dd5,1402/11/30,3817771.0,5806206.0,3089789.0
30098073127320ec11c2c84dc7dd7dd5,1402/12/29,6358094.0,8943849.0,3137643.0
30098073127320ec11c2c84dc7dd7dd5,1403/01/31,7407325.0,10163185.0,1219336.0
30098073127320ec11c2c84dc7dd7dd5,1403/02/31,9752624.0,12974195.0,2811010.0
30098073127320ec11c2c84dc7dd7dd5,1403/03/31,12404918.0,16455212.0,3481017.0
30098073127320ec11c2c84dc7dd7dd5,1403/04/31,14623333.0,19482167.0,3026955.0
30098073127320ec11c2c84dc7dd7dd5,1403/05/31,16522113.0,22857638.0,3375471.0
30098073127320ec11c2c84dc7dd7dd5,1403/06/31,18790354.0,25935107.0,3077469.0
30098073127320ec11c2c84dc7dd7dd5,1403/07/30,21224840.0,29798305.0,3863198.0
30098073127320ec11c2c84dc7dd7dd5,1403/08/30,23696374.0,33124655.0,3326350.0
30098073127320ec11c2c84dc7dd7dd5,1403/09/30,26648370.0,36226581.0,3101926.0
30098073127320ec11c2c84dc7dd7dd5,1403/10/30,2716417.0,3848264.0,3848264.0
30098073127320ec11c2c84dc7dd7dd5,1403/11/30,5806206.0,6784019.0,2935755.0
30098073127320ec11c2c84dc7dd7dd5,1403/12/30,8943849.0,11767850.0,4983831.0
30098073127320ec11c2c84dc7dd7dd5,1404/01/31,10163185.0,13784609.0,2016759.0
30098073127320ec11c2c84dc7dd7dd5,1404/02/31,12974173.0,18945385.0,5160774.0
30098073127320ec11c2c84dc7dd7dd5,1404/03/31,16455212.0,23970992.0,5025607.0
30098073127320ec11c2c84dc7dd7dd5,1404/04/31,19482168.0,29056473.0,5085481.0
30098073127320ec11c2c84dc7dd7dd5,1404/05/31,22857638.0,34623588.0,5567115.0
30098073127320ec11c2c84dc7dd7dd5,1404/06/31,25935107.0,40319710.0,5696122.0
30098073127320ec11c2c84dc7dd7dd5,1404/07/30,29798307.0,46308130.0,5988420.0
30098073127320ec11c2c84dc7dd7dd5,1404/08/30,33124655.0,52339499.0,6031369.0
30098073127320ec11c2c84dc7dd7dd5,1404/09/30,36226581.0,57212838.0,4873341.0
30098073127320ec11c2c84dc7dd7dd5,1404/10/30,3816881.0,4794679.0,4794679.0
30098073127320ec11c2c84dc7dd7dd5,1404/11/30,0.0,0.0,10800777.0
30098073127320ec11c2c84dc7dd7dd5,1404/12/29,0.0,0.0,7393785.0
30098073127320ec11c2c84dc7dd7dd5,1405/01/31,0.0,0.0,4068532.0
30098073127320ec11c2c84dc7dd7dd5,1405/02/31,0.0,0.0,10685510.0
30098073127320ec11c2c84dc7dd7dd5,1405/03/31,0.0,0.0,14392399.0
30098073127320ec11c2c84dc7dd7dd5,1405/04/31,0.0,0.0,10268328.0
32b0b479f11a3f7399ab159f7f643370,1399/01/31,249758.0,491667.0,491667.0
32b0b479f11a3f7399ab159f7f643370,1399/02/31,616494.0,1003180.0,502825.0
32b0b479f11a3f7399ab159f7f643370,1399/03/31,1002450.0,1429552.0,434402.0
32b0b479f11a3f7399ab159f7f643370,1399/04/31,1366424.0,2128905.0,687537.0
32b0b479f11a3f7399ab159f7f643370,1399/05/31,1697045.0,2744374.0,615469.0
32b0b479f11a3f7399ab159f7f643370,1399/06/31,2157737.0,3456359.0,711928.0
32b0b479f11a3f7399ab159f7f643370,1399/07/30,2674570.0,4173255.0,716893.0
32b0b479f11a3f7399ab159f7f643370,1399/08/30,3179920.0,4873472.0,700219.0
32b0b479f11a3f7399ab159f7f643370,1399/09/30,3589937.0,5623574.0,750101.0
32b0b479f11a3f7399ab159f7f643370,1399/10/30,4043353.0,6328624.0,705050.0
32b0b479f11a3f7399ab159f7f643370,1399/11/30,4512206.0,7025647.0,697024.0
32b0b479f11a3f7399ab159f7f643370,1399/12/30,4678524.0,7535473.0,509826.0
32b0b479f11a3f7399ab159f7f643370,1400/01/31,491667.0,606609.0,606609.0
32b0b479f11a3f7399ab159f7f643370,1400/02/31,1003180.0,1353500.0,746890.0
32b0b479f11a3f7399ab159f7f643370,1400/03/31,1429552.0,2123264.0,769765.0
32b0b479f11a3f7399ab159f7f643370,1400/04/31,2128905.0,3043939.0,920675.0
32b0b479f11a3f7399ab159f7f643370,1400/05/31,2744374.0,3996438.0,952730.0
32b0b479f11a3f7399ab159f7f643370,1400/06/31,3456359.0,5046299.0,1049861.0
32b0b479f11a3f7399ab159f7f643370,1400/07/30,4173255.0,6067481.0,1021181.0
32b0b479f11a3f7399ab159f7f643370,1400/08/30,4873472.0,7102473.0,1035065.0
32b0b479f11a3f7399ab159f7f643370,1400/09/30,5623574.0,7997506.0,1035680.0
32b0b479f11a3f7399ab159f7f643370,1400/10/30,6328624.0,9034426.0,1036920.0
32b0b479f11a3f7399ab159f7f643370,1400/11/30,7025647.0,10077771.0,1043345.0
32b0b479f11a3f7399ab159f7f643370,1400/12/29,7486054.0,10642416.0,595062.0
32b0b479f11a3f7399ab159f7f643370,1401/01/31,606609.0,583884.0,583884.0
32b0b479f11a3f7399ab159f7f643370,1401/02/31,1353500.0,1531490.0,947606.0
32b0b479f11a3f7399ab159f7f643370,1401/03/31,2123624.0,2319445.0,787955.0
32b0b479f11a3f7399ab159f7f643370,1401/04/31,3043938.0,3516220.0,1196775.0
32b0b479f11a3f7399ab159f7f643370,1401/05/31,3996438.0,5087318.0,1571098.0
32b0b479f11a3f7399ab159f7f643370,1401/06/31,4905580.0,6451824.0,1364506.0
32b0b479f11a3f7399ab159f7f643370,1401/07/30,6067480.0,7874743.0,1423023.0
32b0b479f11a3f7399ab159f7f643370,1401/08/30,7102546.0,9174898.0,1300045.0
32b0b479f11a3f7399ab159f7f643370,1401/09/30,7997506.0,10472248.0,1297358.0
32b0b479f11a3f7399ab159f7f643370,1401/10/30,9034426.0,12223802.0,1751554.0
32b0b479f11a3f7399ab159f7f643370,1401/11/30,10047354.0,13432607.0,1208805.0
32b0b479f11a3f7399ab159f7f643370,1401/12/29,10642416.0,14601542.0,1168935.0
32b0b479f11a3f7399ab159f7f643370,1402/01/31,583885.0,602270.0,602270.0
32b0b479f11a3f7399ab159f7f643370,1402/02/31,1531490.0,2057185.0,1454915.0
32b0b479f11a3f7399ab159f7f643370,1402/03/31,2319442.0,3654541.0,1597356.0
32b0b479f11a3f7399ab159f7f643370,1402/04/31,3516220.0,4129653.0,475112.0
32b0b479f11a3f7399ab159f7f643370,1402/05/31,5087318.0,4435700.0,306047.0
32b0b479f11a3f7399ab159f7f643370,1402/06/31,6451824.0,5356469.0,1600274.0
32b0b479f11a3f7399ab159f7f643370,1402/07/30,7874743.0,7469662.0,1433688.0
32b0b479f11a3f7399ab159f7f643370,1402/08/30,9174897.0,8310910.0,841248.0
32b0b479f11a3f7399ab159f7f643370,1402/09/30,10472248.0,8425007.0,793602.0
32b0b479f11a3f7399ab159f7f643370,1402/10/30,12223802.0,10258199.0,1833192.0
32b0b479f11a3f7399ab159f7f643370,1402/11/30,13432608.0,11567305.0,1508106.0
32b0b479f11a3f7399ab159f7f643370,1402/12/29,14601542.0,10645714.0,341328.0
32b0b479f11a3f7399ab159f7f643370,1403/01/31,602270.0,565326.0,565326.0
32b0b479f11a3f7399ab159f7f643370,1403/02/31,2057184.0,2518070.0,1952744.0
32b0b479f11a3f7399ab159f7f643370,1403/03/31,3654541.0,3524554.0,1006484.0
32b0b479f11a3f7399ab159f7f643370,1403/04/31,4129653.0,4577169.0,1052615.0
32b0b479f11a3f7399ab159f7f643370,1403/05/31,4435700.0,5634984.0,1057815.0
32b0b479f11a3f7399ab159f7f643370,1403/06/31,5356469.0,5974093.0,339109.0
32b0b479f11a3f7399ab159f7f643370,1403/07/30,7469662.0,7006189.0,1032096.0
32b0b479f11a3f7399ab159f7f643370,1403/08/30,8310910.0,8365591.0,1359402.0
32b0b479f11a3f7399ab159f7f643370,1403/09/30,8425007.0,9416012.0,1050421.0
32b0b479f11a3f7399ab159f7f643370,1403/10/30,10258199.0,10268580.0,852568.0
32b0b479f11a3f7399ab159f7f643370,1403/11/30,11567304.0,10769472.0,500892.0
32b0b479f11a3f7399ab159f7f643370,1403/12/30,10645714.0,11170927.0,401455.0
32b0b479f11a3f7399ab159f7f643370,1404/01/31,565326.0,1041194.0,1041194.0
32b0b479f11a3f7399ab159f7f643370,1404/02/31,2518070.0,3242745.0,2201551.0
32b0b479f11a3f7399ab159f7f643370,1404/03/31,3524554.0,5273990.0,2031246.0
32b0b479f11a3f7399ab159f7f643370,1404/04/31,4577169.0,7392978.0,2118988.0
32b0b479f11a3f7399ab159f7f643370,1404/05/31,5634984.0,9410675.0,2017697.0
32b0b479f11a3f7399ab159f7f643370,1404/06/31,5974093.0,11225252.0,1814577.0
32b0b479f11a3f7399ab159f7f643370,1404/07/30,7006189.0,12072349.0,1950686.0
32b0b479f11a3f7399ab159f7f643370,1404/08/30,8365591.0,14134315.0,2061966.0
32b0b479f11a3f7399ab159f7f643370,1404/09/30,9416012.0,16239129.0,2104814.0
32b0b479f11a3f7399ab159f7f643370,1404/10/30,10268580.0,18390984.0,2151855.0
32b0b479f11a3f7399ab159f7f643370,1404/11/30,10769472.0,20415074.0,2024090.0
32b0b479f11a3f7399ab159f7f643370,1404/12/29,10999226.0,21016375.0,601301.0
32b0b479f11a3f7399ab159f7f643370,1405/01/31,1041194.0,1511553.0,1511553.0
32b0b479f11a3f7399ab159f7f643370,1405/02/31,3242744.0,5090794.0,3579241.0
32b0b479f11a3f7399ab159f7f643370,1405/03/31,0.0,0.0,5060696.0
32b0b479f11a3f7399ab159f7f643370,1405/04/31,0.0,0.0,5246862.0
32cddf0dc9b06053a765b4c371dfe764,1399/04/31,877842.0,1549229.0,488984.0
32cddf0dc9b06053a765b4c371dfe764,1399/05/31,1114416.0,1980825.0,431596.0
32cddf0dc9b06053a765b4c371dfe764,1399/06/31,1398930.0,2444566.0,463741.0
32cddf0dc9b06053a765b4c371dfe764,1399/07/30,1723801.0,2870943.0,426377.0
32cddf0dc9b06053a765b4c371dfe764,1399/08/30,2023111.0,3193066.0,321995.0
32cddf0dc9b06053a765b4c371dfe764,1399/09/30,2209493.0,3560203.0,367265.0
32cddf0dc9b06053a765b4c371dfe764,1399/10/30,2335611.0,3796226.0,236023.0
32cddf0dc9b06053a765b4c371dfe764,1399/11/30,2441907.0,4093586.0,297360.0
32cddf0dc9b06053a765b4c371dfe764,1399/12/30,2730408.0,4546249.0,452663.0
32cddf0dc9b06053a765b4c371dfe764,1400/01/31,301174.0,419036.0,419036.0
32cddf0dc9b06053a765b4c371dfe764,1400/02/31,687621.0,1016428.0,597392.0
32cddf0dc9b06053a765b4c371dfe764,1400/03/31,1060245.0,1673403.0,656975.0
32cddf0dc9b06053a765b4c371dfe764,1400/04/31,1549229.0,2336733.0,663330.0
32cddf0dc9b06053a765b4c371dfe764,1400/05/31,1980825.0,3015680.0,678947.0
32cddf0dc9b06053a765b4c371dfe764,1400/06/31,2444563.0,4148124.0,1132444.0
32cddf0dc9b06053a765b4c371dfe764,1400/07/30,2870943.0,5002931.0,854807.0
32cddf0dc9b06053a765b4c371dfe764,1400/08/30,3192934.0,5804051.0,791515.0
32cddf0dc9b06053a765b4c371dfe764,1400/09/30,3560202.0,6509174.0,705123.0
32cddf0dc9b06053a765b4c371dfe764,1400/10/30,3796225.0,6838956.0,329782.0
32cddf0dc9b06053a765b4c371dfe764,1400/11/30,4093586.0,7306777.0,467821.0
32cddf0dc9b06053a765b4c371dfe764,1400/12/29,4546249.0,8166123.0,859346.0
32cddf0dc9b06053a765b4c371dfe764,1401/01/31,419036.0,796824.0,796824.0
32cddf0dc9b06053a765b4c371dfe764,1401/02/31,1016428.0,1827569.0,1030745.0
32cddf0dc9b06053a765b4c371dfe764,1401/03/31,1673403.0,3084945.0,1257376.0
32cddf0dc9b06053a765b4c371dfe764,1401/04/31,2336733.0,4184173.0,1099228.0
32cddf0dc9b06053a765b4c371dfe764,1401/05/31,3015680.0,5149481.0,965308.0
32cddf0dc9b06053a765b4c371dfe764,1401/06/31,4155836.0,6392519.0,1243037.0
32cddf0dc9b06053a765b4c371dfe764,1401/07/30,5012536.0,7555341.0,1162822.0
32cddf0dc9b06053a765b4c371dfe764,1401/08/30,5804051.0,8765454.0,1210113.0
32cddf0dc9b06053a765b4c371dfe764,1401/09/30,6509174.0,9710649.0,945195.0
32cddf0dc9b06053a765b4c371dfe764,1401/10/30,6838956.0,10314294.0,603645.0
32cddf0dc9b06053a765b4c371dfe764,1401/11/30,7306777.0,10937953.0,623659.0
32cddf0dc9b06053a765b4c371dfe764,1401/12/29,8166123.0,12146108.0,1208155.0
32cddf0dc9b06053a765b4c371dfe764,1402/01/31,796824.0,1162187.0,1162187.0
32cddf0dc9b06053a765b4c371dfe764,1402/02/31,1827569.0,2663647.0,1501367.0
32cddf0dc9b06053a765b4c371dfe764,1402/03/31,3084945.0,4228377.0,1564730.0
32cddf0dc9b06053a765b4c371dfe764,1402/04/31,4184173.0,5802500.0,1574123.0
32cddf0dc9b06053a765b4c371dfe764,1402/05/31,5149481.0,7361964.0,1559464.0
32cddf0dc9b06053a765b4c371dfe764,1402/06/31,6392519.0,9218169.0,1856205.0
32cddf0dc9b06053a765b4c371dfe764,1402/07/30,7555341.0,11176568.0,1958399.0
32cddf0dc9b06053a765b4c371dfe764,1402/08/30,8765454.0,13308438.0,2131870.0
32cddf0dc9b06053a765b4c371dfe764,1402/09/30,9710649.0,14840063.0,1531625.0
32cddf0dc9b06053a765b4c371dfe764,1402/10/30,10314294.0,15961395.0,1121332.0
32cddf0dc9b06053a765b4c371dfe764,1402/11/30,10937953.0,17005726.0,1044331.0
32cddf0dc9b06053a765b4c371dfe764,1402/12/29,12146108.0,18628488.0,1622762.0
32cddf0dc9b06053a765b4c371dfe764,1403/01/31,1162187.0,1686526.0,1686526.0
32cddf0dc9b06053a765b4c371dfe764,1403/02/31,2663647.0,4045017.0,2358491.0
32cddf0dc9b06053a765b4c371dfe764,1403/03/31,4228377.0,6441208.0,2396191.0
32cddf0dc9b06053a765b4c371dfe764,1403/04/31,5802500.0,8637711.0,2196503.0
32cddf0dc9b06053a765b4c371dfe764,1403/05/31,7361964.0,10882377.0,2244666.0
32cddf0dc9b06053a765b4c371dfe764,1403/06/31,9218169.0,13339437.0,2457060.0
32cddf0dc9b06053a765b4c371dfe764,1403/07/30,11176568.0,16816073.0,3476636.0
32cddf0dc9b06053a765b4c371dfe764,1403/08/30,13308438.0,19331021.0,2514948.0
32cddf0dc9b06053a765b4c371dfe764,1403/09/30,14840063.0,21895072.0,2564051.0
32cddf0dc9b06053a765b4c371dfe764,1403/10/30,15961395.0,23990458.0,2095386.0
32cddf0dc9b06053a765b4c371dfe764,1403/11/30,17005726.0,26549771.0,2559313.0
32cddf0dc9b06053a765b4c371dfe764,1403/12/30,18628488.0,29635276.0,3085505.0
32cddf0dc9b06053a765b4c371dfe764,1404/01/31,1686526.0,3417097.0,3417097.0
32cddf0dc9b06053a765b4c371dfe764,1404/02/31,4045017.0,7994767.0,4577670.0
32cddf0dc9b06053a765b4c371dfe764,1404/03/31,6441208.0,13656620.0,5661853.0
32cddf0dc9b06053a765b4c371dfe764,1404/04/31,8637711.0,17632614.0,3975994.0
32cddf0dc9b06053a765b4c371dfe764,1404/05/31,10882377.0,22155017.0,4522403.0
32cddf0dc9b06053a765b4c371dfe764,1404/06/31,13339437.0,27159095.0,5004078.0
32cddf0dc9b06053a765b4c371dfe764,1404/07/30,16816073.0,32061740.0,4902645.0
32cddf0dc9b06053a765b4c371dfe764,1404/08/30,19331021.0,36868840.0,4807100.0
32cddf0dc9b06053a765b4c371dfe764,1404/09/30,21895072.0,40554404.0,3685564.0
32cddf0dc9b06053a765b4c371dfe764,1404/10/30,23990458.0,43096111.0,2541707.0
32cddf0dc9b06053a765b4c371dfe764,1404/11/30,140011.0,301173.0,3331670.0
32cddf0dc9b06053a765b4c371dfe764,1404/12/29,381385.0,687621.0,4064732.0
32cddf0dc9b06053a765b4c371dfe764,1405/01/31,618711.0,1060245.0,4878064.0
32cddf0dc9b06053a765b4c371dfe764,1405/02/31,7994767.0,11621861.0,6743797.0
32cddf0dc9b06053a765b4c371dfe764,1405/03/31,0.0,0.0,6128390.0
32cddf0dc9b06053a765b4c371dfe764,1405/04/31,0.0,0.0,5603286.0
32cddf0dc9b06053a765b4c371dfe764,1405/05/31,0.0,0.0,6340862.0
32f230090775786229c664bc8cb52dba,1402/08/30,0.0,0.0,0.0
32f230090775786229c664bc8cb52dba,1402/09/30,0.0,0.0,352999242.0
32f230090775786229c664bc8cb52dba,1402/10/30,0.0,0.0,0.0
32f230090775786229c664bc8cb52dba,1402/11/30,0.0,0.0,0.0
32f230090775786229c664bc8cb52dba,1402/12/29,0.0,0.0,496034544.0
32f230090775786229c664bc8cb52dba,1403/01/31,0.0,0.0,0.0
32f230090775786229c664bc8cb52dba,1403/02/31,0.0,0.0,0.0
32f230090775786229c664bc8cb52dba,1403/03/31,0.0,0.0,0.0
32f230090775786229c664bc8cb52dba,1403/04/31,0.0,0.0,0.0
32f230090775786229c664bc8cb52dba,1403/05/31,0.0,0.0,0.0
32f230090775786229c664bc8cb52dba,1403/06/31,0.0,0.0,0.0
32f230090775786229c664bc8cb52dba,1403/07/30,0.0,0.0,0.0
32f230090775786229c664bc8cb52dba,1403/08/30,0.0,0.0,0.0
32f230090775786229c664bc8cb52dba,1403/09/30,0.0,0.0,0.0
32f230090775786229c664bc8cb52dba,1403/10/30,0.0,0.0,0.0
32f230090775786229c664bc8cb52dba,1403/11/30,0.0,0.0,0.0
32f230090775786229c664bc8cb52dba,1403/12/30,0.0,0.0,0.0
32f230090775786229c664bc8cb52dba,1404/01/31,0.0,0.0,0.0
32f230090775786229c664bc8cb52dba,1404/02/31,0.0,0.0,174999455.0
32f230090775786229c664bc8cb52dba,1404/03/31,0.0,0.0,178289765.0
32f230090775786229c664bc8cb52dba,1404/04/31,0.0,0.0,161214742.0
32f230090775786229c664bc8cb52dba,1404/05/31,0.0,0.0,182411770.0
32f230090775786229c664bc8cb52dba,1404/06/31,0.0,0.0,186704169.0
32f230090775786229c664bc8cb52dba,1404/07/30,0.0,0.0,157081985.0
32f230090775786229c664bc8cb52dba,1404/08/30,0.0,0.0,162350607.0
32f230090775786229c664bc8cb52dba,1404/09/30,0.0,0.0,160406725.0
32f230090775786229c664bc8cb52dba,1404/10/30,0.0,0.0,213370955.0
32f230090775786229c664bc8cb52dba,1404/11/30,0.0,0.0,267576640.0
32f230090775786229c664bc8cb52dba,1404/12/29,0.0,0.0,323325392.0
32f230090775786229c664bc8cb52dba,1405/01/31,0.0,0.0,284374462.0
32f230090775786229c664bc8cb52dba,1405/02/31,0.0,0.0,337336842.0
32f230090775786229c664bc8cb52dba,1405/03/31,0.0,0.0,368896967.0
34f99deab827071c31069cb575b6aeeb,1398/11/30,0.0,0.0,2698656.0
34f99deab827071c31069cb575b6aeeb,1398/12/29,0.0,0.0,2505855.0
34f99deab827071c31069cb575b6aeeb,1399/01/31,0.0,0.0,1631279.0
34f99deab827071c31069cb575b6aeeb,1399/02/31,0.0,0.0,2383048.0
34f99deab827071c31069cb575b6aeeb,1399/03/31,0.0,0.0,2435947.0
34f99deab827071c31069cb575b6aeeb,1399/04/31,0.0,0.0,3098440.0
34f99deab827071c31069cb575b6aeeb,1399/05/31,0.0,0.0,3111634.0
34f99deab827071c31069cb575b6aeeb,1399/06/31,0.0,0.0,3131597.0
34f99deab827071c31069cb575b6aeeb,1399/07/30,0.0,0.0,3375920.0
34f99deab827071c31069cb575b6aeeb,1399/08/30,0.0,0.0,3542552.0
34f99deab827071c31069cb575b6aeeb,1399/09/30,0.0,0.0,4000404.0
34f99deab827071c31069cb575b6aeeb,1399/10/30,0.0,0.0,3110878.0
34f99deab827071c31069cb575b6aeeb,1399/11/30,0.0,0.0,3653386.0
34f99deab827071c31069cb575b6aeeb,1399/12/30,0.0,0.0,3168737.0
34f99deab827071c31069cb575b6aeeb,1400/01/31,0.0,0.0,3528127.0
34f99deab827071c31069cb575b6aeeb,1400/02/31,0.0,0.0,4585342.0
34f99deab827071c31069cb575b6aeeb,1400/03/31,0.0,0.0,4284913.0
34f99deab827071c31069cb575b6aeeb,1400/04/31,0.0,0.0,6000508.0
34f99deab827071c31069cb575b6aeeb,1400/05/31,0.0,0.0,7223558.0
34f99deab827071c31069cb575b6aeeb,1400/06/31,0.0,0.0,5463221.0
34f99deab827071c31069cb575b6aeeb,1400/07/30,0.0,0.0,5883418.0
34f99deab827071c31069cb575b6aeeb,1400/08/30,0.0,0.0,6006711.0
34f99deab827071c31069cb575b6aeeb,1400/09/30,0.0,0.0,5240762.0
34f99deab827071c31069cb575b6aeeb,1400/10/30,0.0,0.0,4775292.0
34f99deab827071c31069cb575b6aeeb,1400/11/30,0.0,0.0,5300598.0
34f99deab827071c31069cb575b6aeeb,1400/12/29,0.0,0.0,4101545.0
34f99deab827071c31069cb575b6aeeb,1401/01/31,0.0,0.0,4615427.0
34f99deab827071c31069cb575b6aeeb,1401/02/31,0.0,0.0,6022776.0
34f99deab827071c31069cb575b6aeeb,1401/03/31,0.0,0.0,6627329.0
34f99deab827071c31069cb575b6aeeb,1401/04/31,0.0,0.0,7704782.0
34f99deab827071c31069cb575b6aeeb,1401/05/31,0.0,0.0,8003119.0
34f99deab827071c31069cb575b6aeeb,1401/06/31,0.0,0.0,8676351.0
34f99deab827071c31069cb575b6aeeb,1401/07/30,0.0,0.0,8483268.0
34f99deab827071c31069cb575b6aeeb,1401/08/30,0.0,0.0,11949638.0
34f99deab827071c31069cb575b6aeeb,1401/09/30,0.0,0.0,12607435.0
34f99deab827071c31069cb575b6aeeb,1401/10/30,0.0,0.0,13221809.0
34f99deab827071c31069cb575b6aeeb,1401/11/30,0.0,0.0,11472459.0
34f99deab827071c31069cb575b6aeeb,1401/12/29,0.0,0.0,10690902.0
34f99deab827071c31069cb575b6aeeb,1402/01/31,0.0,0.0,13936276.0
34f99deab827071c31069cb575b6aeeb,1402/02/31,0.0,0.0,14273455.0
34f99deab827071c31069cb575b6aeeb,1402/03/31,0.0,0.0,16516121.0
34f99deab827071c31069cb575b6aeeb,1402/04/31,0.0,0.0,14013713.0
34f99deab827071c31069cb575b6aeeb,1402/05/31,0.0,0.0,13069489.0
34f99deab827071c31069cb575b6aeeb,1402/06/31,0.0,0.0,14990004.0
34f99deab827071c31069cb575b6aeeb,1402/07/30,0.0,0.0,13977553.0
34f99deab827071c31069cb575b6aeeb,1402/08/30,0.0,0.0,14184504.0
34f99deab827071c31069cb575b6aeeb,1402/09/30,0.0,0.0,13123892.0
34f99deab827071c31069cb575b6aeeb,1402/10/30,0.0,0.0,12616185.0
34f99deab827071c31069cb575b6aeeb,1402/11/30,0.0,0.0,13142030.0
34f99deab827071c31069cb575b6aeeb,1402/12/29,0.0,0.0,11083940.0
34f99deab827071c31069cb575b6aeeb,1403/01/31,0.0,0.0,10962738.0
34f99deab827071c31069cb575b6aeeb,1403/02/31,0.0,0.0,20032749.0
34f99deab827071c31069cb575b6aeeb,1403/03/31,0.0,0.0,16602553.0
34f99deab827071c31069cb575b6aeeb,1403/04/31,0.0,0.0,16662873.0
34f99deab827071c31069cb575b6aeeb,1403/05/31,0.0,0.0,17022559.0
34f99deab827071c31069cb575b6aeeb,1403/06/31,0.0,0.0,17986297.0
34f99deab827071c31069cb575b6aeeb,1403/07/30,0.0,0.0,20377337.0
34f99deab827071c31069cb575b6aeeb,1403/08/30,0.0,0.0,20808558.0
34f99deab827071c31069cb575b6aeeb,1403/09/30,0.0,0.0,18751132.0
34f99deab827071c31069cb575b6aeeb,1403/10/30,0.0,0.0,21156209.0
34f99deab827071c31069cb575b6aeeb,1403/11/30,0.0,0.0,20031868.0
34f99deab827071c31069cb575b6aeeb,1403/12/30,0.0,0.0,14610177.0
34f99deab827071c31069cb575b6aeeb,1404/01/31,0.0,0.0,16862433.0
34f99deab827071c31069cb575b6aeeb,1404/02/31,0.0,0.0,23745118.0
34f99deab827071c31069cb575b6aeeb,1404/03/31,0.0,0.0,19675965.0
34f99deab827071c31069cb575b6aeeb,1404/04/31,0.0,0.0,20057015.0
34f99deab827071c31069cb575b6aeeb,1404/05/31,0.0,0.0,20134391.0
34f99deab827071c31069cb575b6aeeb,1404/06/31,0.0,0.0,24403366.0
34f99deab827071c31069cb575b6aeeb,1404/07/30,0.0,0.0,30090964.0
34f99deab827071c31069cb575b6aeeb,1404/08/30,0.0,0.0,30133808.0
34f99deab827071c31069cb575b6aeeb,1404/09/30,0.0,0.0,30226270.0
34f99deab827071c31069cb575b6aeeb,1404/10/30,0.0,0.0,31257228.0
34f99deab827071c31069cb575b6aeeb,1404/11/30,0.0,0.0,31047038.0
34f99deab827071c31069cb575b6aeeb,1404/12/29,0.0,0.0,23930644.0
34f99deab827071c31069cb575b6aeeb,1405/01/31,0.0,0.0,37156289.0
34f99deab827071c31069cb575b6aeeb,1405/02/31,0.0,0.0,66832977.0
34f99deab827071c31069cb575b6aeeb,1405/03/31,0.0,0.0,62104568.0
34f99deab827071c31069cb575b6aeeb,1405/04/31,0.0,0.0,60121479.0
357e4606a3bb0ad48f3dc109ffc246d0,1405/06/31,0.0,0.0,419313.0
358139e1070f075fd27c39f77c4047e4,1400/09/30,0.0,0.0,571192.0
358139e1070f075fd27c39f77c4047e4,1400/10/30,0.0,0.0,542301.0
358139e1070f075fd27c39f77c4047e4,1400/11/30,0.0,0.0,461369.0
358139e1070f075fd27c39f77c4047e4,1400/12/29,0.0,0.0,331238.0
358139e1070f075fd27c39f77c4047e4,1401/01/31,0.0,0.0,260308.0
358139e1070f075fd27c39f77c4047e4,1401/02/31,0.0,0.0,389794.0
358139e1070f075fd27c39f77c4047e4,1401/03/31,0.0,0.0,606928.0
358139e1070f075fd27c39f77c4047e4,1401/04/31,0.0,0.0,577897.0
358139e1070f075fd27c39f77c4047e4,1401/05/31,0.0,0.0,747312.0
358139e1070f075fd27c39f77c4047e4,1401/06/31,0.0,0.0,608109.0
358139e1070f075fd27c39f77c4047e4,1401/07/30,0.0,0.0,571175.0
358139e1070f075fd27c39f77c4047e4,1401/08/30,0.0,0.0,727657.0
358139e1070f075fd27c39f77c4047e4,1401/09/30,0.0,0.0,1024220.0
358139e1070f075fd27c39f77c4047e4,1401/10/30,0.0,0.0,996121.0
358139e1070f075fd27c39f77c4047e4,1401/11/30,0.0,0.0,579712.0
358139e1070f075fd27c39f77c4047e4,1401/12/29,0.0,0.0,346943.0
358139e1070f075fd27c39f77c4047e4,1402/01/31,0.0,0.0,475195.0
358139e1070f075fd27c39f77c4047e4,1402/02/31,0.0,0.0,929492.0
358139e1070f075fd27c39f77c4047e4,1402/03/31,0.0,0.0,1211780.0
358139e1070f075fd27c39f77c4047e4,1402/04/31,0.0,0.0,1069849.0
358139e1070f075fd27c39f77c4047e4,1402/05/31,0.0,0.0,1068968.0
358139e1070f075fd27c39f77c4047e4,1402/06/31,0.0,0.0,580599.0
358139e1070f075fd27c39f77c4047e4,1402/07/30,0.0,0.0,428696.0
358139e1070f075fd27c39f77c4047e4,1402/08/30,0.0,0.0,776898.0
358139e1070f075fd27c39f77c4047e4,1402/09/30,0.0,0.0,557850.0
358139e1070f075fd27c39f77c4047e4,1402/10/30,0.0,0.0,675308.0
358139e1070f075fd27c39f77c4047e4,1402/11/30,0.0,0.0,675978.0
358139e1070f075fd27c39f77c4047e4,1402/12/29,0.0,0.0,498773.0
358139e1070f075fd27c39f77c4047e4,1403/01/31,0.0,0.0,413889.0
358139e1070f075fd27c39f77c4047e4,1403/02/31,0.0,0.0,662495.0
358139e1070f075fd27c39f77c4047e4,1403/03/31,0.0,0.0,534653.0
358139e1070f075fd27c39f77c4047e4,1403/04/31,0.0,0.0,735685.0
358139e1070f075fd27c39f77c4047e4,1403/05/31,0.0,0.0,698892.0
358139e1070f075fd27c39f77c4047e4,1403/06/31,0.0,0.0,773299.0
358139e1070f075fd27c39f77c4047e4,1403/07/30,0.0,0.0,646529.0
358139e1070f075fd27c39f77c4047e4,1403/08/30,0.0,0.0,543355.0
358139e1070f075fd27c39f77c4047e4,1403/09/30,0.0,0.0,928228.0
358139e1070f075fd27c39f77c4047e4,1403/10/30,0.0,0.0,692910.0
358139e1070f075fd27c39f77c4047e4,1403/11/30,0.0,0.0,704247.0
358139e1070f075fd27c39f77c4047e4,1403/12/30,0.0,0.0,486729.0
358139e1070f075fd27c39f77c4047e4,1404/01/31,0.0,0.0,464461.0
358139e1070f075fd27c39f77c4047e4,1404/02/31,0.0,0.0,686907.0
358139e1070f075fd27c39f77c4047e4,1404/03/31,0.0,0.0,540962.0
358139e1070f075fd27c39f77c4047e4,1404/04/31,0.0,0.0,714184.0
358139e1070f075fd27c39f77c4047e4,1404/05/31,0.0,0.0,921231.0
358139e1070f075fd27c39f77c4047e4,1404/06/31,0.0,0.0,802497.0
358139e1070f075fd27c39f77c4047e4,1404/07/30,0.0,0.0,740202.0
358139e1070f075fd27c39f77c4047e4,1404/08/30,0.0,0.0,723041.0
358139e1070f075fd27c39f77c4047e4,1404/09/30,0.0,0.0,1346702.0
358139e1070f075fd27c39f77c4047e4,1404/10/30,0.0,0.0,161896.0
358139e1070f075fd27c39f77c4047e4,1404/11/30,0.0,0.0,1157476.0
358139e1070f075fd27c39f77c4047e4,1404/12/29,0.0,0.0,1005223.0
358139e1070f075fd27c39f77c4047e4,1405/01/31,0.0,0.0,1619998.0
358139e1070f075fd27c39f77c4047e4,1405/02/31,0.0,0.0,2390605.0
358139e1070f075fd27c39f77c4047e4,1405/03/31,0.0,0.0,3864918.0
36d852f81798b4c4f57827151acb1e86,1399/01/31,3462856.0,3462856.0,3462856.0
36d852f81798b4c4f57827151acb1e86,1399/02/31,11930268.0,9557091.0,6156381.0
36d852f81798b4c4f57827151acb1e86,1399/03/31,18042063.0,15579725.0,6022634.0
36d852f81798b4c4f57827151acb1e86,1399/04/31,24384055.0,21614698.0,6034973.0
36d852f81798b4c4f57827151acb1e86,1399/05/31,27781322.0,28275499.0,6660801.0
36d852f81798b4c4f57827151acb1e86,1399/06/31,32087699.0,37265359.0,8989860.0
36d852f81798b4c4f57827151acb1e86,1399/07/30,38007905.0,46512487.0,9247128.0
36d852f81798b4c4f57827151acb1e86,1399/08/30,43656797.0,57429863.0,10917376.0
36d852f81798b4c4f57827151acb1e86,1399/09/30,49390398.0,70375084.0,12945221.0
36d852f81798b4c4f57827151acb1e86,1399/10/30,55301103.0,83017814.0,12642730.0
36d852f81798b4c4f57827151acb1e86,1399/11/30,61939169.0,96682706.0,13664892.0
36d852f81798b4c4f57827151acb1e86,1399/12/30,67852744.0,111492593.0,14809887.0
36d852f81798b4c4f57827151acb1e86,1400/01/31,3400710.0,12467418.0,12467418.0
36d852f81798b4c4f57827151acb1e86,1400/02/31,9557091.0,26508255.0,14040837.0
36d852f81798b4c4f57827151acb1e86,1400/03/31,15579725.0,42372622.0,15864367.0
36d852f81798b4c4f57827151acb1e86,1400/04/31,21614698.0,58577874.0,16205252.0
36d852f81798b4c4f57827151acb1e86,1400/05/31,28275499.0,74108095.0,15530221.0
36d852f81798b4c4f57827151acb1e86,1400/06/31,37265359.0,95232783.0,21124688.0
36d852f81798b4c4f57827151acb1e86,1400/07/30,46512487.0,111088950.0,15856167.0
36d852f81798b4c4f57827151acb1e86,1400/08/30,57429863.0,131047098.0,19958148.0
36d852f81798b4c4f57827151acb1e86,1400/09/30,70375084.0,148912560.0,17865462.0
36d852f81798b4c4f57827151acb1e86,1400/10/30,83017814.0,166215044.0,17302484.0
36d852f81798b4c4f57827151acb1e86,1400/11/30,96682706.0,184667105.0,18452061.0
36d852f81798b4c4f57827151acb1e86,1400/12/29,111492593.0,205395258.0,20728153.0
36d852f81798b4c4f57827151acb1e86,1401/01/31,12467418.0,15934994.0,15934994.0
36d852f81798b4c4f57827151acb1e86,1401/02/31,26508255.0,35702257.0,19767263.0
36d852f81798b4c4f57827151acb1e86,1401/03/31,42372622.0,61462783.0,25760526.0
36d852f81798b4c4f57827151acb1e86,1401/04/31,58577874.0,80836459.0,19373676.0
36d852f81798b4c4f57827151acb1e86,1401/05/31,74108095.0,100676701.0,19840242.0
36d852f81798b4c4f57827151acb1e86,1401/06/31,95232783.0,119171350.0,18494649.0
36d852f81798b4c4f57827151acb1e86,1401/08/30,131047098.0,155429762.0,17887103.0
36d852f81798b4c4f57827151acb1e86,1401/09/30,148912560.0,174978905.0,19549143.0
36d852f81798b4c4f57827151acb1e86,1401/10/30,166215044.0,191288945.0,16310040.0
36d852f81798b4c4f57827151acb1e86,1401/11/30,184667105.0,209253173.0,17964228.0
36d852f81798b4c4f57827151acb1e86,1401/12/29,205395258.0,232716381.0,23463208.0
36d852f81798b4c4f57827151acb1e86,1402/01/31,15934994.0,14835754.0,14835754.0
36d852f81798b4c4f57827151acb1e86,1402/02/31,35702257.0,40203870.0,25368116.0
36d852f81798b4c4f57827151acb1e86,1402/03/31,61462783.0,64293896.0,24090026.0
36d852f81798b4c4f57827151acb1e86,1402/04/31,80836459.0,87149760.0,22855864.0
36d852f81798b4c4f57827151acb1e86,1402/05/31,100676701.0,109733483.0,22583723.0
36d852f81798b4c4f57827151acb1e86,1402/06/31,119171350.0,133688593.0,23955110.0
36d852f81798b4c4f57827151acb1e86,1402/07/30,137542659.0,159916100.0,26227507.0
36d852f81798b4c4f57827151acb1e86,1402/08/30,155429762.0,186579554.0,26663454.0
36d852f81798b4c4f57827151acb1e86,1402/09/30,174978905.0,214433172.0,27853618.0
36d852f81798b4c4f57827151acb1e86,1402/10/30,191288945.0,241283210.0,26850038.0
36d852f81798b4c4f57827151acb1e86,1402/11/30,209253173.0,271595387.0,30312177.0
36d852f81798b4c4f57827151acb1e86,1402/12/29,232716381.0,298555704.0,26960317.0
36d852f81798b4c4f57827151acb1e86,1403/01/31,14835754.0,20234475.0,20234475.0
36d852f81798b4c4f57827151acb1e86,1403/02/31,40203870.0,55529271.0,35294796.0
36d852f81798b4c4f57827151acb1e86,1403/03/31,64293896.0,85882630.0,30353359.0
36d852f81798b4c4f57827151acb1e86,1403/04/31,87149760.0,111292334.0,25409704.0
36d852f81798b4c4f57827151acb1e86,1403/05/31,109733483.0,142543542.0,31251208.0
36d852f81798b4c4f57827151acb1e86,1403/06/31,133688593.0,179114339.0,36570797.0
36d852f81798b4c4f57827151acb1e86,1403/07/30,159916100.0,214912628.0,35798289.0
36d852f81798b4c4f57827151acb1e86,1403/08/30,186579554.0,249385063.0,34472435.0
36d852f81798b4c4f57827151acb1e86,1403/09/30,214433172.0,279528299.0,30143236.0
36d852f81798b4c4f57827151acb1e86,1403/10/30,241283210.0,314062618.0,34534319.0
36d852f81798b4c4f57827151acb1e86,1403/11/30,271595387.0,353512901.0,39450283.0
36d852f81798b4c4f57827151acb1e86,1403/12/30,298555704.0,400036928.0,46524027.0
36d852f81798b4c4f57827151acb1e86,1404/01/31,20234475.0,33435951.0,33435951.0
36d852f81798b4c4f57827151acb1e86,1404/02/31,55529471.0,75905050.0,42469099.0
36d852f81798b4c4f57827151acb1e86,1404/03/31,85882630.0,99395218.0,23490168.0
36d852f81798b4c4f57827151acb1e86,1404/04/31,111292334.0,116958983.0,17563765.0
36d852f81798b4c4f57827151acb1e86,1404/05/31,142543542.0,150458415.0,33499432.0
36d852f81798b4c4f57827151acb1e86,1404/06/31,179114339.0,187697932.0,37239517.0
36d852f81798b4c4f57827151acb1e86,1404/07/30,214912628.0,232196645.0,44498192.0
36d852f81798b4c4f57827151acb1e86,1404/08/30,249385063.0,276207433.0,44010788.0
36d852f81798b4c4f57827151acb1e86,1404/09/30,279528299.0,327397011.0,51189578.0
36d852f81798b4c4f57827151acb1e86,1404/10/30,314062618.0,373400238.0,46003227.0
36d852f81798b4c4f57827151acb1e86,1404/11/30,353512901.0,435781838.0,62381600.0
36d852f81798b4c4f57827151acb1e86,1404/12/29,400037331.0,488091523.0,52309685.0
36d852f81798b4c4f57827151acb1e86,1405/01/31,33435951.0,32074613.0,32074613.0
36d852f81798b4c4f57827151acb1e86,1405/02/31,75905050.0,125974688.0,93900075.0
36d852f81798b4c4f57827151acb1e86,1405/03/31,0.0,0.0,99872384.0
36d852f81798b4c4f57827151acb1e86,1405/04/31,0.0,0.0,97874454.0
36f23676eaffd388df63219008589dec,1400/11/30,788601.0,1195511.0,60633.0
36f23676eaffd388df63219008589dec,1400/12/29,788601.0,1403967.0,208456.0
36f23676eaffd388df63219008589dec,1401/01/31,1403967.0,281978.0,281978.0
36f23676eaffd388df63219008589dec,1401/02/31,1403967.0,456421.0,174443.0
36f23676eaffd388df63219008589dec,1401/03/31,1403967.0,675724.0,219303.0
36f23676eaffd388df63219008589dec,1401/04/31,1403967.0,810456.0,134732.0
36f23676eaffd388df63219008589dec,1401/05/31,1403967.0,992908.0,182452.0
36f23676eaffd388df63219008589dec,1401/06/31,1403967.0,1171644.0,178736.0
36f23676eaffd388df63219008589dec,1401/07/30,1403967.0,1254308.0,82664.0
36f23676eaffd388df63219008589dec,1401/08/30,1403967.0,1378152.0,123844.0
36f23676eaffd388df63219008589dec,1401/09/30,1403967.0,1559678.0,181526.0
36f23676eaffd388df63219008589dec,1401/10/30,1403967.0,1787830.0,228152.0
36f23676eaffd388df63219008589dec,1401/11/30,1403967.0,2099409.0,311579.0
36f23676eaffd388df63219008589dec,1401/12/29,1403967.0,2364485.0,265076.0
36f23676eaffd388df63219008589dec,1402/01/31,2364485.0,679035.0,679035.0
36f23676eaffd388df63219008589dec,1402/02/31,2364485.0,1536506.0,857471.0
36f23676eaffd388df63219008589dec,1402/03/31,2364485.0,2253206.0,716700.0
36f23676eaffd388df63219008589dec,1402/04/31,2364485.0,2775595.0,522389.0
36f23676eaffd388df63219008589dec,1402/05/31,2364485.0,3137192.0,361597.0
36f23676eaffd388df63219008589dec,1402/06/31,2364485.0,3496752.0,359560.0
36f23676eaffd388df63219008589dec,1402/07/30,2364485.0,3857600.0,360848.0
36f23676eaffd388df63219008589dec,1402/08/30,2364485.0,4259588.0,401988.0
36f23676eaffd388df63219008589dec,1402/09/30,2364485.0,4639880.0,380292.0
36f23676eaffd388df63219008589dec,1402/10/30,2364485.0,5103962.0,464082.0
36f23676eaffd388df63219008589dec,1402/11/30,2364485.0,5479915.0,375953.0
36f23676eaffd388df63219008589dec,1402/12/29,2364485.0,6258904.0,778989.0
36f23676eaffd388df63219008589dec,1403/01/31,6258904.0,706542.0,706542.0
36f23676eaffd388df63219008589dec,1403/02/31,6258904.0,2164386.0,1457844.0
36f23676eaffd388df63219008589dec,1403/03/31,6258904.0,2805670.0,641284.0
36f23676eaffd388df63219008589dec,1403/04/31,6258904.0,3311027.0,505357.0
36f23676eaffd388df63219008589dec,1403/05/31,6258904.0,4253530.0,942503.0
36f23676eaffd388df63219008589dec,1403/06/31,6258904.0,4541263.0,287733.0
36f23676eaffd388df63219008589dec,1403/07/30,6258904.0,5155194.0,613931.0
36f23676eaffd388df63219008589dec,1403/08/30,6258904.0,5628582.0,473388.0
36f23676eaffd388df63219008589dec,1403/09/30,6258904.0,6570666.0,942084.0
36f23676eaffd388df63219008589dec,1403/10/30,6258904.0,6939922.0,369256.0
36f23676eaffd388df63219008589dec,1403/11/30,6258904.0,7939762.0,999840.0
36f23676eaffd388df63219008589dec,1403/12/30,6258904.0,8792140.0,852378.0
36f23676eaffd388df63219008589dec,1404/01/31,8792140.0,1549046.0,1549046.0
36f23676eaffd388df63219008589dec,1404/02/31,8792140.0,3431586.0,1882540.0
36f23676eaffd388df63219008589dec,1404/03/31,8792140.0,4102204.0,670618.0
36f23676eaffd388df63219008589dec,1404/04/31,8792140.0,4856547.0,754343.0
36f23676eaffd388df63219008589dec,1404/05/31,8792140.0,5766186.0,909639.0
36f23676eaffd388df63219008589dec,1404/06/31,8792140.0,6488513.0,722327.0
36f23676eaffd388df63219008589dec,1404/07/30,8792140.0,7335568.0,847055.0
36f23676eaffd388df63219008589dec,1404/08/30,8792140.0,8235906.0,900338.0
36f23676eaffd388df63219008589dec,1404/09/30,8792140.0,9623673.0,1387767.0
36f23676eaffd388df63219008589dec,1404/10/30,8792140.0,10607896.0,984223.0
36f23676eaffd388df63219008589dec,1404/11/30,8792140.0,11423951.0,816055.0
36f23676eaffd388df63219008589dec,1404/12/29,8792140.0,12085377.0,661426.0
36f23676eaffd388df63219008589dec,1405/01/31,12085377.0,2346764.0,2346764.0
36f23676eaffd388df63219008589dec,1405/02/31,12085377.0,4924325.0,2577561.0
36f23676eaffd388df63219008589dec,1405/03/31,0.0,0.0,1656252.0
36f23676eaffd388df63219008589dec,1405/04/31,0.0,0.0,1390717.0
39232c8d2f1231a8f681e77185a0a39e,1399/01/31,134121.0,104963.0,104963.0
39232c8d2f1231a8f681e77185a0a39e,1399/02/31,329110.0,453223.0,348260.0
39232c8d2f1231a8f681e77185a0a39e,1399/03/31,454786.0,793621.0,340398.0
39232c8d2f1231a8f681e77185a0a39e,1399/04/31,681819.0,1192421.0,398800.0
39232c8d2f1231a8f681e77185a0a39e,1399/05/31,907638.0,1561697.0,369276.0
39232c8d2f1231a8f681e77185a0a39e,1399/06/31,1141452.0,2087891.0,526194.0
39232c8d2f1231a8f681e77185a0a39e,1399/07/30,1295151.0,2561305.0,473414.0
39232c8d2f1231a8f681e77185a0a39e,1399/08/30,1440408.0,2963555.0,402250.0
39232c8d2f1231a8f681e77185a0a39e,1399/09/30,1647853.0,3361173.0,397618.0
39232c8d2f1231a8f681e77185a0a39e,1399/10/30,1867342.0,3716875.0,355702.0
39232c8d2f1231a8f681e77185a0a39e,1399/11/30,2111749.0,4157240.0,440365.0
39232c8d2f1231a8f681e77185a0a39e,1399/12/30,2324324.0,4559040.0,401800.0
39232c8d2f1231a8f681e77185a0a39e,1400/01/31,104964.0,262474.0,262474.0
39232c8d2f1231a8f681e77185a0a39e,1400/02/31,454585.0,752999.0,490525.0
39232c8d2f1231a8f681e77185a0a39e,1400/03/31,793621.0,1249176.0,496177.0
39232c8d2f1231a8f681e77185a0a39e,1400/04/31,1192420.0,1760909.0,511733.0
39232c8d2f1231a8f681e77185a0a39e,1400/05/31,1561697.0,2241307.0,480398.0
39232c8d2f1231a8f681e77185a0a39e,1400/06/31,2087891.0,2971626.0,730319.0
39232c8d2f1231a8f681e77185a0a39e,1400/07/30,2561305.0,3569857.0,598231.0
39232c8d2f1231a8f681e77185a0a39e,1400/08/30,2963555.0,4164224.0,594367.0
39232c8d2f1231a8f681e77185a0a39e,1400/09/30,3361173.0,4821016.0,656792.0
39232c8d2f1231a8f681e77185a0a39e,1400/10/30,3716875.0,5294176.0,473160.0
39232c8d2f1231a8f681e77185a0a39e,1400/11/30,4157240.0,5966681.0,672505.0
39232c8d2f1231a8f681e77185a0a39e,1400/12/29,4559040.0,6560916.0,594235.0
39232c8d2f1231a8f681e77185a0a39e,1401/01/31,262474.0,332097.0,332097.0
39232c8d2f1231a8f681e77185a0a39e,1401/02/31,752999.0,663179.0,331082.0
39232c8d2f1231a8f681e77185a0a39e,1401/03/31,1249176.0,1061646.0,398467.0
39232c8d2f1231a8f681e77185a0a39e,1401/04/31,1760909.0,2264655.0,1203009.0
39232c8d2f1231a8f681e77185a0a39e,1401/05/31,2241307.0,3395309.0,1130654.0
39232c8d2f1231a8f681e77185a0a39e,1401/06/31,2971628.0,4720586.0,1325277.0
39232c8d2f1231a8f681e77185a0a39e,1401/07/30,3569857.0,5511574.0,790988.0
39232c8d2f1231a8f681e77185a0a39e,1401/08/30,4164224.0,6293313.0,781739.0
39232c8d2f1231a8f681e77185a0a39e,1401/09/30,4821016.0,6895370.0,602057.0
39232c8d2f1231a8f681e77185a0a39e,1401/10/30,5294176.0,7752456.0,857086.0
39232c8d2f1231a8f681e77185a0a39e,1401/11/30,5966681.0,8626851.0,874395.0
39232c8d2f1231a8f681e77185a0a39e,1401/12/29,6560916.0,9919778.0,1292927.0
39232c8d2f1231a8f681e77185a0a39e,1402/01/31,332097.0,681291.0,681291.0
39232c8d2f1231a8f681e77185a0a39e,1402/02/31,663179.0,1233387.0,552096.0
39232c8d2f1231a8f681e77185a0a39e,1402/03/31,1061646.0,2082825.0,849438.0
39232c8d2f1231a8f681e77185a0a39e,1402/04/31,2264655.0,3216711.0,1133886.0
39232c8d2f1231a8f681e77185a0a39e,1402/05/31,3395309.0,4374869.0,1158158.0
39232c8d2f1231a8f681e77185a0a39e,1402/06/31,4720586.0,5338856.0,963987.0
39232c8d2f1231a8f681e77185a0a39e,1404/02/31,1289542.0,2056049.0,1324153.0
39232c8d2f1231a8f681e77185a0a39e,1404/03/31,1860376.0,2518617.0,462568.0
39232c8d2f1231a8f681e77185a0a39e,1404/04/31,2721887.0,4088395.0,1569778.0
39232c8d2f1231a8f681e77185a0a39e,1404/05/31,3762369.0,5362077.0,1273682.0
39232c8d2f1231a8f681e77185a0a39e,1404/06/31,5431953.0,6810699.0,1448622.0
39232c8d2f1231a8f681e77185a0a39e,1404/07/30,6920794.0,8953720.0,2143021.0
39232c8d2f1231a8f681e77185a0a39e,1404/08/30,8211629.0,11159111.0,2205391.0
39232c8d2f1231a8f681e77185a0a39e,1404/09/30,9314644.0,13468419.0,2238038.0
39232c8d2f1231a8f681e77185a0a39e,1404/10/30,10588985.0,15341809.0,1873390.0
39232c8d2f1231a8f681e77185a0a39e,1404/11/30,12305613.0,18406206.0,3064397.0
39232c8d2f1231a8f681e77185a0a39e,1404/12/29,14759958.0,21721994.0,3315788.0
39232c8d2f1231a8f681e77185a0a39e,1405/01/31,731896.0,1662901.0,1662901.0
39232c8d2f1231a8f681e77185a0a39e,1405/02/31,2056049.0,3909188.0,2246287.0
39232c8d2f1231a8f681e77185a0a39e,1405/03/31,0.0,0.0,2671729.0
39232c8d2f1231a8f681e77185a0a39e,1405/04/31,0.0,0.0,3142637.0
39c493c82f878ca7ed0a347493f150b6,1399/05/31,11400029.0,12889374.0,3501252.0
39c493c82f878ca7ed0a347493f150b6,1399/06/31,14012345.0,17308311.0,4418937.0
39c493c82f878ca7ed0a347493f150b6,1399/07/30,16271515.0,21904074.0,4594971.0
39c493c82f878ca7ed0a347493f150b6,1399/08/30,18925061.0,27085458.0,5181384.0
39c493c82f878ca7ed0a347493f150b6,1399/09/30,21912194.0,33952952.0,6867494.0
39c493c82f878ca7ed0a347493f150b6,1399/10/30,24525506.0,39596990.0,5644038.0
39c493c82f878ca7ed0a347493f150b6,1399/11/30,27318009.0,43680670.0,4083680.0
39c493c82f878ca7ed0a347493f150b6,1399/12/30,30623002.0,51681708.0,8001038.0
39c493c82f878ca7ed0a347493f150b6,1400/01/31,885023.0,3846988.0,3846988.0
39c493c82f878ca7ed0a347493f150b6,1400/02/31,3648982.0,11927004.0,8080016.0
39c493c82f878ca7ed0a347493f150b6,1400/03/31,6211088.0,16412112.0,4485108.0
39c493c82f878ca7ed0a347493f150b6,1400/04/31,9384192.0,21904984.0,5492872.0
39c493c82f878ca7ed0a347493f150b6,1400/05/31,12886196.0,27657809.0,5752825.0
39c493c82f878ca7ed0a347493f150b6,1400/06/31,17307180.0,37272378.0,9614569.0
39c493c82f878ca7ed0a347493f150b6,1400/07/30,21902060.0,43598057.0,6325679.0
39c493c82f878ca7ed0a347493f150b6,1400/08/30,27082486.0,54137500.0,10539443.0
39c493c82f878ca7ed0a347493f150b6,1400/09/30,24950653.0,62780393.0,8642893.0
39c493c82f878ca7ed0a347493f150b6,1400/10/30,39588986.0,70100237.0,7324945.0
39c493c82f878ca7ed0a347493f150b6,1400/11/30,43599138.0,79922803.0,9822566.0
39c493c82f878ca7ed0a347493f150b6,1400/12/29,51595247.0,87924868.0,7981372.0
39c493c82f878ca7ed0a347493f150b6,1401/01/31,3846888.0,7984308.0,7984308.0
39c493c82f878ca7ed0a347493f150b6,1401/02/31,11926864.0,20194245.0,12209937.0
39c493c82f878ca7ed0a347493f150b6,1401/03/31,16408565.0,31425871.0,11244412.0
39c493c82f878ca7ed0a347493f150b6,1401/04/31,21897261.0,44281045.0,12855174.0
39c493c82f878ca7ed0a347493f150b6,1401/05/31,27643008.0,55516621.0,11235576.0
39c493c82f878ca7ed0a347493f150b6,1401/06/31,37272154.0,66688141.0,11203633.0
39c493c82f878ca7ed0a347493f150b6,1401/07/30,43585675.0,75952233.0,9264092.0
39c493c82f878ca7ed0a347493f150b6,1401/08/30,54129537.0,86668826.0,10716593.0
39c493c82f878ca7ed0a347493f150b6,1401/09/30,62772211.0,97817430.0,11148605.0
39c493c82f878ca7ed0a347493f150b6,1401/10/30,70098429.0,107880785.0,10063355.0
39c493c82f878ca7ed0a347493f150b6,1401/11/30,79943496.0,118869725.0,10989938.0
39c493c82f878ca7ed0a347493f150b6,1401/12/29,87577696.0,129776300.0,10875482.0
39c493c82f878ca7ed0a347493f150b6,1402/01/31,7984308.0,6818794.0,6818794.0
39c493c82f878ca7ed0a347493f150b6,1402/02/31,20168633.0,16260701.0,9441907.0
39c493c82f878ca7ed0a347493f150b6,1402/03/31,31425871.0,27850789.0,11590088.0
39c493c82f878ca7ed0a347493f150b6,1402/04/31,44280222.0,41490710.0,13639921.0
39c493c82f878ca7ed0a347493f150b6,1402/05/31,55484508.0,54772492.0,13281782.0
39c493c82f878ca7ed0a347493f150b6,1402/06/31,66688141.0,67100031.0,12487242.0
39c493c82f878ca7ed0a347493f150b6,1402/07/30,75951288.0,78994778.0,11894747.0
39c493c82f878ca7ed0a347493f150b6,1402/08/30,86667881.0,92827243.0,13832464.0
39c493c82f878ca7ed0a347493f150b6,1402/09/30,97816432.0,104947893.0,12120651.0
39c493c82f878ca7ed0a347493f150b6,1402/10/30,107879786.0,117421140.0,12473247.0
39c493c82f878ca7ed0a347493f150b6,1402/11/30,118900817.0,133941566.0,16520426.0
39c493c82f878ca7ed0a347493f150b6,1402/12/29,129776300.0,148276000.0,14364464.0
39c493c82f878ca7ed0a347493f150b6,1403/01/31,6818794.0,13433890.0,13433890.0
39c493c82f878ca7ed0a347493f150b6,1403/02/31,16260701.0,28514696.0,15080806.0
39c493c82f878ca7ed0a347493f150b6,1403/03/31,27850789.0,46494954.0,17978570.0
39c493c82f878ca7ed0a347493f150b6,1403/04/31,41490710.0,59017411.0,12522457.0
39c493c82f878ca7ed0a347493f150b6,1403/05/31,54772491.0,77191548.0,18180625.0
39c493c82f878ca7ed0a347493f150b6,1403/06/31,67100031.0,96827113.0,19635565.0
39c493c82f878ca7ed0a347493f150b6,1403/07/30,78994778.0,114713298.0,17886185.0
39c493c82f878ca7ed0a347493f150b6,1403/08/30,92827243.0,135370250.0,20656952.0
39c493c82f878ca7ed0a347493f150b6,1403/09/30,104947893.0,150578495.0,15207585.0
39c493c82f878ca7ed0a347493f150b6,1403/10/30,117421140.0,173135454.0,22556959.0
39c493c82f878ca7ed0a347493f150b6,1403/11/30,133941565.0,195405449.0,22269995.0
39c493c82f878ca7ed0a347493f150b6,1403/12/30,148276000.0,218777772.0,23365835.0
39c493c82f878ca7ed0a347493f150b6,1404/01/31,13433890.0,19690833.0,19690833.0
39c493c82f878ca7ed0a347493f150b6,1404/02/31,28514696.0,47515794.0,27571867.0
39c493c82f878ca7ed0a347493f150b6,1404/03/31,46494954.0,71517839.0,24002045.0
39c493c82f878ca7ed0a347493f150b6,1404/04/31,59017411.0,96873566.0,25356216.0
39c493c82f878ca7ed0a347493f150b6,1404/05/31,77191548.0,124317218.0,27461273.0
39c493c82f878ca7ed0a347493f150b6,1404/06/31,96827113.0,152330339.0,27997214.0
39c493c82f878ca7ed0a347493f150b6,1404/07/30,114713297.0,184630695.0,32300357.0
39c493c82f878ca7ed0a347493f150b6,1404/08/30,135370248.0,210216896.0,25586201.0
39c493c82f878ca7ed0a347493f150b6,1404/09/30,150578495.0,237697818.0,27480922.0
39c493c82f878ca7ed0a347493f150b6,1404/10/30,173135452.0,273044894.0,35347076.0
39c493c82f878ca7ed0a347493f150b6,1404/11/30,195405447.0,320439588.0,47394694.0
39c493c82f878ca7ed0a347493f150b6,1404/12/29,218777772.0,342149624.0,21710036.0
39c493c82f878ca7ed0a347493f150b6,1405/01/31,19690833.0,21377025.0,21377025.0
39c493c82f878ca7ed0a347493f150b6,1405/02/31,47515794.0,68289742.0,46912717.0
39c493c82f878ca7ed0a347493f150b6,1405/03/31,0.0,0.0,37724823.0
39c493c82f878ca7ed0a347493f150b6,1405/04/31,0.0,0.0,51176031.0
3dc6ca7296ff7c957aa13a1bf9e28347,1399/01/31,96393.0,170779.0,170779.0
3dc6ca7296ff7c957aa13a1bf9e28347,1399/02/31,248901.0,367582.0,195762.0
3dc6ca7296ff7c957aa13a1bf9e28347,1399/03/31,390064.0,558632.0,191038.0
3dc6ca7296ff7c957aa13a1bf9e28347,1399/04/31,591035.0,781684.0,222222.0
3dc6ca7296ff7c957aa13a1bf9e28347,1399/05/31,777069.0,1023843.0,242176.0
3dc6ca7296ff7c957aa13a1bf9e28347,1399/06/31,931510.0,1293900.0,270087.0
3dc6ca7296ff7c957aa13a1bf9e28347,1399/07/30,1056461.0,1537974.0,244074.0
3dc6ca7296ff7c957aa13a1bf9e28347,1399/08/30,1215610.0,1792754.0,254429.0
3dc6ca7296ff7c957aa13a1bf9e28347,1399/09/30,1405191.0,2034612.0,241858.0
3dc6ca7296ff7c957aa13a1bf9e28347,1399/10/30,1539704.0,2307717.0,267744.0
3dc6ca7296ff7c957aa13a1bf9e28347,1399/11/30,1737958.0,2555191.0,247474.0
3dc6ca7296ff7c957aa13a1bf9e28347,1399/12/30,1924194.0,2770279.0,215088.0
3dc6ca7296ff7c957aa13a1bf9e28347,1400/01/31,172664.0,267476.0,267476.0
3dc6ca7296ff7c957aa13a1bf9e28347,1400/02/31,368445.0,533445.0,266182.0
3dc6ca7296ff7c957aa13a1bf9e28347,1400/03/31,559450.0,839004.0,305559.0
3dc6ca7296ff7c957aa13a1bf9e28347,1400/04/31,781669.0,1107858.0,268778.0
3dc6ca7296ff7c957aa13a1bf9e28347,1400/05/31,1023815.0,1460348.0,352490.0
3dc6ca7296ff7c957aa13a1bf9e28347,1400/06/31,1293902.0,1862371.0,402046.0
3dc6ca7296ff7c957aa13a1bf9e28347,1400/07/30,1538318.0,2249951.0,387586.0
3dc6ca7296ff7c957aa13a1bf9e28347,1400/08/30,1800716.0,2676812.0,426861.0
3dc6ca7296ff7c957aa13a1bf9e28347,1400/09/30,2034605.0,3140177.0,463150.0
3dc6ca7296ff7c957aa13a1bf9e28347,1400/10/30,2307717.0,3642469.0,502292.0
3dc6ca7296ff7c957aa13a1bf9e28347,1400/11/30,2555191.0,4176764.0,534295.0
3dc6ca7296ff7c957aa13a1bf9e28347,1400/12/29,2770279.0,4683211.0,506447.0
3dc6ca7296ff7c957aa13a1bf9e28347,1401/01/31,267263.0,491283.0,491283.0
3dc6ca7296ff7c957aa13a1bf9e28347,1401/02/31,533446.0,1104719.0,613436.0
3dc6ca7296ff7c957aa13a1bf9e28347,1401/03/31,839004.0,1608047.0,503328.0
3dc6ca7296ff7c957aa13a1bf9e28347,1401/04/31,1107858.0,2196889.0,588842.0
3dc6ca7296ff7c957aa13a1bf9e28347,1401/05/31,1460323.0,2811467.0,614578.0
3dc6ca7296ff7c957aa13a1bf9e28347,1401/06/31,1862363.0,3482027.0,670560.0
3dc6ca7296ff7c957aa13a1bf9e28347,1401/07/30,2249951.0,4110154.0,628127.0
3dc6ca7296ff7c957aa13a1bf9e28347,1401/08/30,2676812.0,4803704.0,693551.0
3dc6ca7296ff7c957aa13a1bf9e28347,1401/09/30,3140177.0,5694861.0,891157.0
3dc6ca7296ff7c957aa13a1bf9e28347,1401/10/30,3642469.0,6440332.0,745472.0
3dc6ca7296ff7c957aa13a1bf9e28347,1401/11/30,4176764.0,7216002.0,775670.0
3dc6ca7296ff7c957aa13a1bf9e28347,1401/12/29,4683211.0,7986419.0,774533.0
3dc6ca7296ff7c957aa13a1bf9e28347,1402/01/31,491283.0,574398.0,574398.0
3dc6ca7296ff7c957aa13a1bf9e28347,1402/02/31,1104719.0,1412820.0,838422.0
3dc6ca7296ff7c957aa13a1bf9e28347,1402/03/31,1608047.0,2337382.0,924562.0
3dc6ca7296ff7c957aa13a1bf9e28347,1402/04/31,2196889.0,3292932.0,955550.0
3dc6ca7296ff7c957aa13a1bf9e28347,1402/05/31,2811467.0,4330043.0,1037111.0
3dc6ca7296ff7c957aa13a1bf9e28347,1402/06/31,3482027.0,5271127.0,941084.0
3dc6ca7296ff7c957aa13a1bf9e28347,1402/07/30,4110154.0,6279386.0,1008259.0
3dc6ca7296ff7c957aa13a1bf9e28347,1402/08/30,4803704.0,7185681.0,906225.0
3dc6ca7296ff7c957aa13a1bf9e28347,1402/09/30,5694861.0,7993578.0,807897.0
3dc6ca7296ff7c957aa13a1bf9e28347,1402/10/30,6440332.0,8873331.0,879753.0
3dc6ca7296ff7c957aa13a1bf9e28347,1402/11/30,7211886.0,9770086.0,896754.0
3dc6ca7296ff7c957aa13a1bf9e28347,1402/12/29,7986419.0,10636549.0,870659.0
3dc6ca7296ff7c957aa13a1bf9e28347,1403/01/31,574398.0,660241.0,660241.0
3dc6ca7296ff7c957aa13a1bf9e28347,1403/02/31,1412820.0,1706521.0,1046280.0
3dc6ca7296ff7c957aa13a1bf9e28347,1403/03/31,2337382.0,2715053.0,1008532.0
3dc6ca7296ff7c957aa13a1bf9e28347,1403/04/31,3292932.0,3768328.0,1053275.0
3dc6ca7296ff7c957aa13a1bf9e28347,1403/05/31,4330043.0,4772884.0,1004556.0
3dc6ca7296ff7c957aa13a1bf9e28347,1403/06/31,5271127.0,5791535.0,1018652.0
3dc6ca7296ff7c957aa13a1bf9e28347,1403/07/30,6279386.0,6685081.0,893545.0
3dc6ca7296ff7c957aa13a1bf9e28347,1403/08/30,7185681.0,7852478.0,1167398.0
3dc6ca7296ff7c957aa13a1bf9e28347,1403/09/30,7993578.0,8853964.0,1001486.0
3dc6ca7296ff7c957aa13a1bf9e28347,1403/10/30,8873331.0,9511370.0,657406.0
3dc6ca7296ff7c957aa13a1bf9e28347,1403/11/30,9765890.0,10210478.0,699108.0
3dc6ca7296ff7c957aa13a1bf9e28347,1403/12/30,10636549.0,11256721.0,1046243.0
3dc6ca7296ff7c957aa13a1bf9e28347,1404/01/31,660241.0,1203715.0,1203715.0
3dc6ca7296ff7c957aa13a1bf9e28347,1404/02/31,1706521.0,2112709.0,908994.0
3dc6ca7296ff7c957aa13a1bf9e28347,1404/03/31,2715054.0,3416193.0,1303484.0
3dc6ca7296ff7c957aa13a1bf9e28347,1404/04/31,3768328.0,4340758.0,924565.0
3dc6ca7296ff7c957aa13a1bf9e28347,1404/05/31,4772884.0,5579338.0,1238580.0
3dc6ca7296ff7c957aa13a1bf9e28347,1404/06/31,5791535.0,7308522.0,1729184.0
3dc6ca7296ff7c957aa13a1bf9e28347,1404/07/30,6685080.0,8690430.0,1381908.0
3dc6ca7296ff7c957aa13a1bf9e28347,1404/08/30,7852478.0,10185087.0,1494657.0
3dc6ca7296ff7c957aa13a1bf9e28347,1404/09/30,8853965.0,11986168.0,1801081.0
3dc6ca7296ff7c957aa13a1bf9e28347,1404/10/30,9511370.0,14265196.0,2279028.0
3dc6ca7296ff7c957aa13a1bf9e28347,1404/11/30,10210478.0,16370155.0,2104959.0
3dc6ca7296ff7c957aa13a1bf9e28347,1404/12/29,11256721.0,17462404.0,1092249.0
3dc6ca7296ff7c957aa13a1bf9e28347,1405/01/31,1203715.0,1262776.0,1262776.0
3dc6ca7296ff7c957aa13a1bf9e28347,1405/02/31,2112709.0,3814597.0,2551821.0
3dc6ca7296ff7c957aa13a1bf9e28347,1405/03/31,0.0,0.0,2389522.0
3dc6ca7296ff7c957aa13a1bf9e28347,1405/04/31,0.0,0.0,2249836.0
3eed9ad615c315d96a80b4ed8599772d,1399/01/31,4375787.0,8347085.0,8347085.0
3eed9ad615c315d96a80b4ed8599772d,1399/02/31,10354983.0,17514640.0,9167555.0
3eed9ad615c315d96a80b4ed8599772d,1399/03/31,16151329.0,26895250.0,9380610.0
3eed9ad615c315d96a80b4ed8599772d,1399/04/31,22018367.0,37872156.0,10976906.0
3eed9ad615c315d96a80b4ed8599772d,1399/05/31,27766605.0,49713552.0,11841396.0
3eed9ad615c315d96a80b4ed8599772d,1399/06/31,37275860.0,62198346.0,12484794.0
3eed9ad615c315d96a80b4ed8599772d,1399/07/30,44790650.0,75658539.0,13440093.0
3eed9ad615c315d96a80b4ed8599772d,1399/08/30,52727421.0,90591977.0,14933438.0
3eed9ad615c315d96a80b4ed8599772d,1399/09/30,61165388.0,105642465.0,15050488.0
3eed9ad615c315d96a80b4ed8599772d,1399/10/30,69172330.0,120024124.0,14381659.0
3eed9ad615c315d96a80b4ed8599772d,1399/11/30,77580466.0,134811689.0,14787565.0
3eed9ad615c315d96a80b4ed8599772d,1399/12/30,91156399.0,152707741.0,17896052.0
3eed9ad615c315d96a80b4ed8599772d,1400/01/31,8347085.0,14080606.0,14080606.0
3eed9ad615c315d96a80b4ed8599772d,1400/02/31,17514640.0,30960744.0,16880138.0
3eed9ad615c315d96a80b4ed8599772d,1400/03/31,26895250.0,48328785.0,17368041.0
3eed9ad615c315d96a80b4ed8599772d,1400/04/31,37872156.0,66633450.0,18304665.0
3eed9ad615c315d96a80b4ed8599772d,1400/05/31,49713552.0,85361344.0,18727894.0
3eed9ad615c315d96a80b4ed8599772d,1400/06/31,62732610.0,109729082.0,24367738.0
3eed9ad615c315d96a80b4ed8599772d,1400/07/30,75658539.0,128823022.0,19093940.0
3eed9ad615c315d96a80b4ed8599772d,1400/08/30,90591977.0,147709289.0,18886267.0
3eed9ad615c315d96a80b4ed8599772d,1400/09/30,105642465.0,167978204.0,20268915.0
3eed9ad615c315d96a80b4ed8599772d,1400/10/30,120024124.0,188629960.0,20651756.0
3eed9ad615c315d96a80b4ed8599772d,1400/11/30,134811689.0,209775545.0,21145585.0
3eed9ad615c315d96a80b4ed8599772d,1400/12/29,154811133.0,237218993.0,25217016.0
3eed9ad615c315d96a80b4ed8599772d,1401/01/31,14080606.0,19620907.0,19620907.0
3eed9ad615c315d96a80b4ed8599772d,1401/02/31,30960744.0,48132890.0,28511983.0
3eed9ad615c315d96a80b4ed8599772d,1401/03/31,48328785.0,74670049.0,26537159.0
3eed9ad615c315d96a80b4ed8599772d,1401/04/31,66633450.0,102223392.0,27553343.0
3eed9ad615c315d96a80b4ed8599772d,1401/05/31,85361344.0,129615484.0,27392092.0
3eed9ad615c315d96a80b4ed8599772d,1401/06/31,109729082.0,159140573.0,29525089.0
3eed9ad615c315d96a80b4ed8599772d,1401/07/30,128823022.0,188368209.0,29227634.0
3eed9ad615c315d96a80b4ed8599772d,1401/08/30,147709289.0,214956896.0,26588689.0
3eed9ad615c315d96a80b4ed8599772d,1401/09/30,169266211.0,242353640.0,27396744.0
3eed9ad615c315d96a80b4ed8599772d,1401/10/30,188629960.0,273643618.0,31289978.0
3eed9ad615c315d96a80b4ed8599772d,1401/11/30,209775545.0,308541677.0,34898059.0
3eed9ad615c315d96a80b4ed8599772d,1401/12/29,237218993.0,358205253.0,49663576.0
3eed9ad615c315d96a80b4ed8599772d,1402/01/31,19620907.0,34148456.0,34148456.0
3eed9ad615c315d96a80b4ed8599772d,1402/02/31,48132890.0,74307482.0,40159026.0
3eed9ad615c315d96a80b4ed8599772d,1402/03/31,74670049.0,118585500.0,44278018.0
3eed9ad615c315d96a80b4ed8599772d,1402/04/31,102223392.0,165574705.0,46989205.0
3eed9ad615c315d96a80b4ed8599772d,1402/05/31,129615484.0,214688445.0,49113740.0
3eed9ad615c315d96a80b4ed8599772d,1402/06/31,159140573.0,270304629.0,55616184.0
3eed9ad615c315d96a80b4ed8599772d,1402/07/30,188368209.0,323789448.0,53484819.0
3eed9ad615c315d96a80b4ed8599772d,1402/08/30,214956896.0,379647441.0,55857993.0
3eed9ad615c315d96a80b4ed8599772d,1402/09/30,242353640.0,445887105.0,66239664.0
3eed9ad615c315d96a80b4ed8599772d,1402/10/30,273643618.0,511814450.0,65927345.0
3eed9ad615c315d96a80b4ed8599772d,1402/11/30,308541677.0,581072574.0,69258124.0
3eed9ad615c315d96a80b4ed8599772d,1402/12/29,358205253.0,662995186.0,81922612.0
3eed9ad615c315d96a80b4ed8599772d,1403/01/31,34148456.0,58722513.0,58722513.0
3eed9ad615c315d96a80b4ed8599772d,1403/02/31,74307482.0,126724620.0,68002107.0
3eed9ad615c315d96a80b4ed8599772d,1403/03/31,118585500.0,207549607.0,80824987.0
3eed9ad615c315d96a80b4ed8599772d,1403/04/31,165574705.0,289711954.0,82162347.0
3eed9ad615c315d96a80b4ed8599772d,1403/05/31,214688445.0,377051816.0,87339862.0
3eed9ad615c315d96a80b4ed8599772d,1403/06/31,270304629.0,471901641.0,94849825.0
3eed9ad615c315d96a80b4ed8599772d,1403/07/30,323789448.0,564916654.0,93015013.0
3eed9ad615c315d96a80b4ed8599772d,1403/08/30,379647441.0,659128703.0,94212049.0
3eed9ad615c315d96a80b4ed8599772d,1403/09/30,445887105.0,764628097.0,105499394.0
3eed9ad615c315d96a80b4ed8599772d,1403/10/30,511814450.0,870705297.0,106077200.0
3eed9ad615c315d96a80b4ed8599772d,1403/11/30,581072574.0,987005819.0,116300522.0
3eed9ad615c315d96a80b4ed8599772d,1403/12/30,662995186.0,1147715689.0,160709870.0
3eed9ad615c315d96a80b4ed8599772d,1404/01/31,58722513.0,113899526.0,113899526.0
3eed9ad615c315d96a80b4ed8599772d,1404/02/31,126307636.0,237597786.0,123698260.0
3eed9ad615c315d96a80b4ed8599772d,1404/03/31,207549607.0,397327861.0,159730075.0
3eed9ad615c315d96a80b4ed8599772d,1404/04/31,289711954.0,529342562.0,132014701.0
3eed9ad615c315d96a80b4ed8599772d,1404/05/31,373878854.0,676365045.0,147022483.0
3eed9ad615c315d96a80b4ed8599772d,1404/06/31,471901641.0,836656834.0,160291789.0
3eed9ad615c315d96a80b4ed8599772d,1404/07/30,564916654.0,995562759.0,158905925.0
3eed9ad615c315d96a80b4ed8599772d,1404/08/30,94212049.0,1156976856.0,161414097.0
3eed9ad615c315d96a80b4ed8599772d,1404/09/30,445887105.0,1341847393.0,184870537.0
3eed9ad615c315d96a80b4ed8599772d,1404/10/30,870705297.0,1574240003.0,232283757.0
3eed9ad615c315d96a80b4ed8599772d,1404/11/30,987005819.0,1825178453.0,250938450.0
3eed9ad615c315d96a80b4ed8599772d,1404/12/29,1147715689.0,2117315459.0,292137006.0
3eed9ad615c315d96a80b4ed8599772d,1405/01/31,113899526.0,246653974.0,246653974.0
3eed9ad615c315d96a80b4ed8599772d,1405/02/31,237597786.0,555966219.0,309312245.0
3eed9ad615c315d96a80b4ed8599772d,1405/03/31,0.0,0.0,316626406.0
3eed9ad615c315d96a80b4ed8599772d,1405/04/31,0.0,0.0,338371096.0
3eed9ad615c315d96a80b4ed8599772d,1405/05/31,0.0,0.0,371539426.0
3f3bb26af4a9adedd8678ad845720830,1403/01/31,0.0,0.0,1062297.0
3f3bb26af4a9adedd8678ad845720830,1403/02/31,0.0,0.0,2584269.0
3f3bb26af4a9adedd8678ad845720830,1403/03/31,0.0,0.0,1960942.0
3f3bb26af4a9adedd8678ad845720830,1403/04/31,0.0,0.0,2204302.0
3f3bb26af4a9adedd8678ad845720830,1403/05/31,0.0,0.0,3632520.0
3f3bb26af4a9adedd8678ad845720830,1403/06/31,0.0,0.0,3567239.0
3f3bb26af4a9adedd8678ad845720830,1403/07/30,0.0,0.0,513520.0
3f3bb26af4a9adedd8678ad845720830,1403/08/30,0.0,0.0,3595400.0
3f3bb26af4a9adedd8678ad845720830,1403/09/30,0.0,0.0,1213048.0
3f3bb26af4a9adedd8678ad845720830,1403/10/30,0.0,0.0,7028173.0
3f3bb26af4a9adedd8678ad845720830,1403/11/30,0.0,0.0,5589209.0
3f3bb26af4a9adedd8678ad845720830,1403/12/30,0.0,0.0,5129587.0
3f3bb26af4a9adedd8678ad845720830,1404/01/31,0.0,0.0,3178298.0
3f3bb26af4a9adedd8678ad845720830,1404/02/31,0.0,0.0,4619017.0
3f3bb26af4a9adedd8678ad845720830,1404/03/31,0.0,0.0,3822980.0
3f3bb26af4a9adedd8678ad845720830,1404/04/31,0.0,0.0,2586723.0
3f3bb26af4a9adedd8678ad845720830,1404/05/31,0.0,0.0,1944642.0
3f3bb26af4a9adedd8678ad845720830,1404/06/31,0.0,0.0,2386506.0
3f3bb26af4a9adedd8678ad845720830,1404/07/30,0.0,0.0,3688962.0
3f3bb26af4a9adedd8678ad845720830,1404/08/30,0.0,0.0,6478241.0
3f3bb26af4a9adedd8678ad845720830,1404/09/30,0.0,0.0,6024438.0
3f3bb26af4a9adedd8678ad845720830,1404/10/30,0.0,0.0,8198872.0
3f3bb26af4a9adedd8678ad845720830,1404/11/30,0.0,0.0,8050446.0
3f3bb26af4a9adedd8678ad845720830,1404/12/29,0.0,0.0,2948342.0
3f3bb26af4a9adedd8678ad845720830,1405/01/31,0.0,0.0,2815928.0
3f3bb26af4a9adedd8678ad845720830,1405/02/31,0.0,0.0,4883853.0
3f3bb26af4a9adedd8678ad845720830,1405/03/31,0.0,0.0,5865842.0
4178bc367d0410e207d6a86524bf3878,1399/12/30,77928486.0,112751503.0,8308587.0
4178bc367d0410e207d6a86524bf3878,1400/01/31,7692787.0,8179180.0,8179180.0
4178bc367d0410e207d6a86524bf3878,1400/02/31,15102113.0,17270228.0,8624669.0
4178bc367d0410e207d6a86524bf3878,1400/03/31,21523193.0,25939900.0,8669672.0
4178bc367d0410e207d6a86524bf3878,1400/04/31,27948581.0,46998723.0,12553551.0
4178bc367d0410e207d6a86524bf3878,1400/05/31,35338778.0,65889378.0,13606165.0
4178bc367d0410e207d6a86524bf3878,1400/06/31,39960419.0,84519671.0,13586314.0
4178bc367d0410e207d6a86524bf3878,1400/07/30,47745853.0,105713065.0,16693413.0
4178bc367d0410e207d6a86524bf3878,1400/08/30,56965213.0,119426792.0,13713638.0
4178bc367d0410e207d6a86524bf3878,1400/09/30,73415267.0,154739132.0,17695528.0
4178bc367d0410e207d6a86524bf3878,1400/10/30,85598894.0,194319608.0,20952787.0
4178bc367d0410e207d6a86524bf3878,1400/11/30,100072388.0,212862448.0,18542840.0
4178bc367d0410e207d6a86524bf3878,1400/12/29,122584915.0,367094607.0,41745684.0
4178bc367d0410e207d6a86524bf3878,1401/03/31,67352921.0,102689339.0,36866966.0
4178bc367d0410e207d6a86524bf3878,1401/04/31,90367010.0,136003985.0,33314646.0
4178bc367d0410e207d6a86524bf3878,1401/05/31,114987416.0,168654270.0,32609908.0
4178bc367d0410e207d6a86524bf3878,1401/06/31,154508269.0,203585698.0,34883422.0
4178bc367d0410e207d6a86524bf3878,1401/07/30,180323503.0,233311295.0,31962131.0
4178bc367d0410e207d6a86524bf3878,1401/08/30,221302372.0,262547343.0,29229403.0
4178bc367d0410e207d6a86524bf3878,1401/09/30,268370714.0,297785960.0,35235910.0
4178bc367d0410e207d6a86524bf3878,1401/10/30,297894343.0,320446722.0,22660762.0
4178bc367d0410e207d6a86524bf3878,1401/11/30,333911883.0,342176702.0,21729980.0
4178bc367d0410e207d6a86524bf3878,1401/12/29,374673295.0,372617078.0,30440376.0
4178bc367d0410e207d6a86524bf3878,1402/01/31,32636219.0,36494000.0,36494000.0
4178bc367d0410e207d6a86524bf3878,1402/02/31,65822373.0,66040041.0,29546041.0
4178bc367d0410e207d6a86524bf3878,1402/03/31,104244997.0,97093552.0,31053511.0
4178bc367d0410e207d6a86524bf3878,1402/04/31,136044362.0,141885692.0,44792140.0
4178bc367d0410e207d6a86524bf3878,1402/05/31,168702276.0,189566808.0,47681116.0
4178bc367d0410e207d6a86524bf3878,1402/06/31,203585698.0,238017649.0,48308567.0
4178bc367d0410e207d6a86524bf3878,1402/07/30,233317940.0,275851031.0,37833382.0
4178bc367d0410e207d6a86524bf3878,1402/08/30,262547343.0,337030516.0,35604854.0
4178bc367d0410e207d6a86524bf3878,1402/09/30,297785960.0,361175055.0,33867586.0
4178bc367d0410e207d6a86524bf3878,1402/10/30,320446722.0,382373015.0,21197960.0
4178bc367d0410e207d6a86524bf3878,1402/11/30,342176702.0,402474411.0,21102554.0
4178bc367d0410e207d6a86524bf3878,1402/12/29,372617078.0,483326375.0,28577727.0
4178bc367d0410e207d6a86524bf3878,1403/01/31,36494000.0,31728186.0,31728186.0
4178bc367d0410e207d6a86524bf3878,1403/02/31,66040041.0,61040440.0,28237362.0
4178bc367d0410e207d6a86524bf3878,1403/03/31,110379069.0,91023860.0,33128807.0
4178bc367d0410e207d6a86524bf3878,1403/04/31,141885692.0,120045687.0,29021827.0
4178bc367d0410e207d6a86524bf3878,1403/05/31,189709082.0,151015689.0,28321766.0
4178bc367d0410e207d6a86524bf3878,1403/06/31,238017649.0,238893955.0,87878266.0
4178bc367d0410e207d6a86524bf3878,1403/07/30,205036166.0,202988295.0,26295014.0
4178bc367d0410e207d6a86524bf3878,1403/08/30,337030516.0,240232748.0,37244453.0
4178bc367d0410e207d6a86524bf3878,1403/09/30,361175055.0,356910993.0,153922698.0
4178bc367d0410e207d6a86524bf3878,1403/10/30,382373015.0,391310225.0,34399232.0
4178bc367d0410e207d6a86524bf3878,1403/11/30,402474411.0,451213546.0,59903321.0
4178bc367d0410e207d6a86524bf3878,1403/12/30,481778957.0,525933784.0,47379662.0
4178bc367d0410e207d6a86524bf3878,1404/01/31,31728186.0,58507118.0,58507118.0
4178bc367d0410e207d6a86524bf3878,1404/02/31,61040440.0,114013867.0,55626109.0
4178bc367d0410e207d6a86524bf3878,1404/03/31,91023860.0,186071097.0,73860003.0
4178bc367d0410e207d6a86524bf3878,1404/04/31,120045687.0,218106052.0,47231321.0
4178bc367d0410e207d6a86524bf3878,1404/05/31,151015689.0,272185996.0,54079944.0
4178bc367d0410e207d6a86524bf3878,1404/06/31,176693281.0,327612103.0,56474697.0
4178bc367d0410e207d6a86524bf3878,1404/07/30,202988295.0,395690159.0,63649444.0
4178bc367d0410e207d6a86524bf3878,1404/08/30,240232748.0,460342627.0,66934816.0
4178bc367d0410e207d6a86524bf3878,1404/09/30,356910993.0,516828233.0,56485606.0
4178bc367d0410e207d6a86524bf3878,1404/10/30,391310225.0,569538438.0,48739758.0
4178bc367d0410e207d6a86524bf3878,1404/11/30,0.0,0.0,58161228.0
4178bc367d0410e207d6a86524bf3878,1404/12/29,0.0,0.0,83749665.0
4178bc367d0410e207d6a86524bf3878,1405/01/31,0.0,0.0,40473571.0
47cec2efd2813e405cd4d975fb2df1a2,1405/06/31,0.0,0.0,347941.0
4a1adc39de6b1615bf5bf9b656a3030f,1399/02/31,410742.0,501604.0,402107.0
4a1adc39de6b1615bf5bf9b656a3030f,1399/03/31,662574.0,856885.0,355281.0
4a1adc39de6b1615bf5bf9b656a3030f,1399/04/31,1142721.0,1699095.0,522309.0
4a1adc39de6b1615bf5bf9b656a3030f,1399/05/31,1407866.0,2112202.0,413107.0
4a1adc39de6b1615bf5bf9b656a3030f,1399/06/31,1719850.0,2678008.0,565806.0
4a1adc39de6b1615bf5bf9b656a3030f,1399/07/30,2046253.0,3275007.0,596999.0
4a1adc39de6b1615bf5bf9b656a3030f,1399/08/30,2329939.0,3850255.0,575248.0
4a1adc39de6b1615bf5bf9b656a3030f,1399/09/30,2647868.0,4494612.0,644357.0
4a1adc39de6b1615bf5bf9b656a3030f,1399/10/30,3007988.0,5097143.0,602531.0
4a1adc39de6b1615bf5bf9b656a3030f,1399/11/30,3328478.0,6206401.0,712152.0
4a1adc39de6b1615bf5bf9b656a3030f,1399/12/30,3645739.0,6785215.0,578814.0
4a1adc39de6b1615bf5bf9b656a3030f,1400/01/31,99497.0,381961.0,381961.0
4a1adc39de6b1615bf5bf9b656a3030f,1400/02/31,501604.0,925230.0,543269.0
4a1adc39de6b1615bf5bf9b656a3030f,1400/03/31,1176786.0,1676976.0,751746.0
4a1adc39de6b1615bf5bf9b656a3030f,1400/04/31,1699095.0,2437380.0,760404.0
4a1adc39de6b1615bf5bf9b656a3030f,1400/05/31,2112202.0,3297185.0,665922.0
4a1adc39de6b1615bf5bf9b656a3030f,1400/06/31,2678008.0,4212955.0,915770.0
4a1adc39de6b1615bf5bf9b656a3030f,1400/07/30,3275007.0,5080997.0,868042.0
4a1adc39de6b1615bf5bf9b656a3030f,1400/08/30,3850255.0,5731191.0,650194.0
4a1adc39de6b1615bf5bf9b656a3030f,1400/09/30,4494612.0,6618978.0,887787.0
4a1adc39de6b1615bf5bf9b656a3030f,1400/10/30,5097143.0,7553065.0,934087.0
4a1adc39de6b1615bf5bf9b656a3030f,1400/11/30,6206401.0,8261269.0,708204.0
4a1adc39de6b1615bf5bf9b656a3030f,1400/12/29,6785215.0,9536843.0,1052607.0
4a1adc39de6b1615bf5bf9b656a3030f,1401/01/31,381961.0,980385.0,980385.0
4a1adc39de6b1615bf5bf9b656a3030f,1401/03/31,1676976.0,4064053.0,1717237.0
4a1adc39de6b1615bf5bf9b656a3030f,1401/04/31,2631263.0,5484394.0,1420341.0
4a1adc39de6b1615bf5bf9b656a3030f,1401/05/31,3297185.0,7470351.0,1697837.0
4a1adc39de6b1615bf5bf9b656a3030f,1401/06/31,4212955.0,9584574.0,2114223.0
4a1adc39de6b1615bf5bf9b656a3030f,1401/07/30,5080997.0,11256828.0,1672254.0
4a1adc39de6b1615bf5bf9b656a3030f,1401/08/30,5731191.0,12753974.0,1497146.0
4a1adc39de6b1615bf5bf9b656a3030f,1401/09/30,6618978.0,15042896.0,2288922.0
4a1adc39de6b1615bf5bf9b656a3030f,1401/10/30,7553065.0,17267595.0,2224699.0
4a1adc39de6b1615bf5bf9b656a3030f,1401/11/30,8484236.0,19371774.0,2104179.0
4a1adc39de6b1615bf5bf9b656a3030f,1401/12/29,9536843.0,21184762.0,1812988.0
4a1adc39de6b1615bf5bf9b656a3030f,1402/01/31,980385.0,1436368.0,1436368.0
4a1adc39de6b1615bf5bf9b656a3030f,1402/02/31,2346816.0,3832676.0,2396308.0
4a1adc39de6b1615bf5bf9b656a3030f,1402/03/31,4064053.0,6332938.0,2500262.0
4a1adc39de6b1615bf5bf9b656a3030f,1402/04/31,5772514.0,8811910.0,2478972.0
4a1adc39de6b1615bf5bf9b656a3030f,1402/05/31,7470351.0,11385947.0,2574037.0
4a1adc39de6b1615bf5bf9b656a3030f,1402/06/31,9584574.0,14189282.0,2803335.0
4a1adc39de6b1615bf5bf9b656a3030f,1402/07/30,11256828.0,17156158.0,2966876.0
4a1adc39de6b1615bf5bf9b656a3030f,1402/08/30,12753974.0,20312534.0,3156376.0
4a1adc39de6b1615bf5bf9b656a3030f,1402/09/30,15042896.0,23463479.0,3150945.0
4a1adc39de6b1615bf5bf9b656a3030f,1402/10/30,17267595.0,27043157.0,3579678.0
4a1adc39de6b1615bf5bf9b656a3030f,1402/11/30,19371774.0,30558561.0,3515404.0
4a1adc39de6b1615bf5bf9b656a3030f,1402/12/29,21184762.0,33643028.0,3084467.0
4a1adc39de6b1615bf5bf9b656a3030f,1403/01/31,1436368.0,2177586.0,2177586.0
4a1adc39de6b1615bf5bf9b656a3030f,1403/02/31,3832676.0,6774649.0,4597063.0
4a1adc39de6b1615bf5bf9b656a3030f,1403/03/31,6332938.0,11172402.0,4397753.0
4a1adc39de6b1615bf5bf9b656a3030f,1403/04/31,8811910.0,16023353.0,4850951.0
4a1adc39de6b1615bf5bf9b656a3030f,1403/05/31,11385947.0,19902988.0,3879635.0
4a1adc39de6b1615bf5bf9b656a3030f,1403/06/31,14189282.0,23726392.0,3823404.0
4a1adc39de6b1615bf5bf9b656a3030f,1403/07/30,17156158.0,29043802.0,5317410.0
4a1adc39de6b1615bf5bf9b656a3030f,1403/08/30,20312534.0,34052900.0,5009098.0
4a1adc39de6b1615bf5bf9b656a3030f,1403/09/30,23463479.0,39191391.0,5138491.0
4a1adc39de6b1615bf5bf9b656a3030f,1403/10/30,27043157.0,44170715.0,4979324.0
4a1adc39de6b1615bf5bf9b656a3030f,1403/11/30,30558561.0,49817839.0,5647124.0
4a1adc39de6b1615bf5bf9b656a3030f,1403/12/30,33643028.0,54732050.0,4914211.0
4a1adc39de6b1615bf5bf9b656a3030f,1404/01/31,2177586.0,3187917.0,3187917.0
4a1adc39de6b1615bf5bf9b656a3030f,1404/02/31,6774649.0,9962474.0,6774557.0
4a1adc39de6b1615bf5bf9b656a3030f,1404/03/31,11172402.0,15115608.0,4659197.0
4a1adc39de6b1615bf5bf9b656a3030f,1404/04/31,16023353.0,18973277.0,4439145.0
4a1adc39de6b1615bf5bf9b656a3030f,1404/05/31,19902988.0,23868829.0,4895552.0
4a1adc39de6b1615bf5bf9b656a3030f,1404/06/31,23726392.0,28736953.0,4868124.0
4a1adc39de6b1615bf5bf9b656a3030f,1404/07/30,29043802.0,33672756.0,4935803.0
4a1adc39de6b1615bf5bf9b656a3030f,1404/08/30,34052900.0,38535184.0,4493250.0
4a1adc39de6b1615bf5bf9b656a3030f,1404/09/30,39191391.0,44836692.0,6670686.0
4a1adc39de6b1615bf5bf9b656a3030f,1404/10/30,44170715.0,51576048.0,6739356.0
4a1adc39de6b1615bf5bf9b656a3030f,1404/11/30,0.0,0.0,6747242.0
4a1adc39de6b1615bf5bf9b656a3030f,1404/12/29,0.0,0.0,2469108.0
4a1adc39de6b1615bf5bf9b656a3030f,1405/01/31,0.0,0.0,2481122.0
4a1adc39de6b1615bf5bf9b656a3030f,1405/02/31,0.0,0.0,6850106.0
4a1adc39de6b1615bf5bf9b656a3030f,1405/03/31,0.0,0.0,7160511.0
4abec9db6376c2f7c79a759d64220c72,1399/11/30,0.0,0.0,200550.0
4abec9db6376c2f7c79a759d64220c72,1399/12/30,0.0,0.0,171601.0
4abec9db6376c2f7c79a759d64220c72,1400/01/31,0.0,0.0,114228.0
4abec9db6376c2f7c79a759d64220c72,1400/02/31,0.0,0.0,207304.0
4abec9db6376c2f7c79a759d64220c72,1400/03/31,0.0,0.0,354835.0
4abec9db6376c2f7c79a759d64220c72,1400/04/31,0.0,0.0,734129.0
4abec9db6376c2f7c79a759d64220c72,1400/05/31,0.0,0.0,600248.0
4abec9db6376c2f7c79a759d64220c72,1400/06/31,0.0,0.0,600941.0
4abec9db6376c2f7c79a759d64220c72,1400/07/30,0.0,0.0,286960.0
4abec9db6376c2f7c79a759d64220c72,1400/08/30,0.0,0.0,556895.0
4abec9db6376c2f7c79a759d64220c72,1400/09/30,0.0,0.0,604666.0
4abec9db6376c2f7c79a759d64220c72,1400/10/30,0.0,0.0,303723.0
4abec9db6376c2f7c79a759d64220c72,1400/11/30,0.0,0.0,381564.0
4abec9db6376c2f7c79a759d64220c72,1400/12/29,0.0,0.0,345775.0
4abec9db6376c2f7c79a759d64220c72,1401/01/31,0.0,0.0,195774.0
4abec9db6376c2f7c79a759d64220c72,1401/02/31,0.0,0.0,530127.0
4abec9db6376c2f7c79a759d64220c72,1401/03/31,0.0,0.0,363878.0
4abec9db6376c2f7c79a759d64220c72,1401/04/31,0.0,0.0,650204.0
4abec9db6376c2f7c79a759d64220c72,1401/05/31,0.0,0.0,473214.0
4abec9db6376c2f7c79a759d64220c72,1401/06/31,0.0,0.0,964468.0
4abec9db6376c2f7c79a759d64220c72,1401/07/30,0.0,0.0,675725.0
4abec9db6376c2f7c79a759d64220c72,1401/08/30,0.0,0.0,806548.0
4abec9db6376c2f7c79a759d64220c72,1401/09/30,0.0,0.0,957878.0
4abec9db6376c2f7c79a759d64220c72,1401/10/30,0.0,0.0,708135.0
4abec9db6376c2f7c79a759d64220c72,1401/11/30,0.0,0.0,920754.0
4abec9db6376c2f7c79a759d64220c72,1401/12/29,0.0,0.0,87896.0
4abec9db6376c2f7c79a759d64220c72,1402/01/31,0.0,0.0,1116719.0
4abec9db6376c2f7c79a759d64220c72,1402/02/31,0.0,0.0,1420070.0
4abec9db6376c2f7c79a759d64220c72,1402/03/31,0.0,0.0,1519508.0
4abec9db6376c2f7c79a759d64220c72,1402/04/31,0.0,0.0,1089421.0
4abec9db6376c2f7c79a759d64220c72,1402/05/31,0.0,0.0,1417332.0
4abec9db6376c2f7c79a759d64220c72,1402/06/31,0.0,0.0,1247867.0
4abec9db6376c2f7c79a759d64220c72,1402/07/30,0.0,0.0,916537.0
4abec9db6376c2f7c79a759d64220c72,1402/08/30,0.0,0.0,1000792.0
4abec9db6376c2f7c79a759d64220c72,1402/09/30,0.0,0.0,907428.0
4abec9db6376c2f7c79a759d64220c72,1402/10/30,0.0,0.0,1219624.0
4abec9db6376c2f7c79a759d64220c72,1402/11/30,0.0,0.0,1042857.0
4abec9db6376c2f7c79a759d64220c72,1402/12/29,0.0,0.0,602003.0
4abec9db6376c2f7c79a759d64220c72,1403/01/30,0.0,0.0,855771.0
4abec9db6376c2f7c79a759d64220c72,1403/02/31,0.0,0.0,1092223.0
4abec9db6376c2f7c79a759d64220c72,1403/03/31,0.0,0.0,1689776.0
4abec9db6376c2f7c79a759d64220c72,1403/04/31,0.0,0.0,1344472.0
4abec9db6376c2f7c79a759d64220c72,1403/05/31,0.0,0.0,1433739.0
4abec9db6376c2f7c79a759d64220c72,1403/06/31,0.0,0.0,1253683.0
4abec9db6376c2f7c79a759d64220c72,1403/07/30,0.0,0.0,940075.0
4abec9db6376c2f7c79a759d64220c72,1403/08/30,0.0,0.0,547309.0
4abec9db6376c2f7c79a759d64220c72,1403/09/30,0.0,0.0,561653.0
4abec9db6376c2f7c79a759d64220c72,1403/10/30,0.0,0.0,1202632.0
4abec9db6376c2f7c79a759d64220c72,1403/11/30,0.0,0.0,1303802.0
4abec9db6376c2f7c79a759d64220c72,1403/12/30,0.0,0.0,1016919.0
4abec9db6376c2f7c79a759d64220c72,1404/01/31,0.0,0.0,953069.0
4abec9db6376c2f7c79a759d64220c72,1404/02/31,0.0,0.0,1412058.0
4abec9db6376c2f7c79a759d64220c72,1404/03/31,0.0,0.0,810471.0
4abec9db6376c2f7c79a759d64220c72,1404/04/31,0.0,0.0,1400054.0
4abec9db6376c2f7c79a759d64220c72,1404/05/31,0.0,0.0,1443287.0
4abec9db6376c2f7c79a759d64220c72,1404/06/31,0.0,0.0,1484223.0
4abec9db6376c2f7c79a759d64220c72,1404/07/30,0.0,0.0,2021518.0
4abec9db6376c2f7c79a759d64220c72,1404/08/30,0.0,0.0,773533.0
4abec9db6376c2f7c79a759d64220c72,1404/09/30,0.0,0.0,2107115.0
4abec9db6376c2f7c79a759d64220c72,1404/10/30,0.0,0.0,2244933.0
4abec9db6376c2f7c79a759d64220c72,1404/11/30,0.0,0.0,2341773.0
4abec9db6376c2f7c79a759d64220c72,1404/12/29,0.0,0.0,2412206.0
4abec9db6376c2f7c79a759d64220c72,1405/01/31,0.0,0.0,4431265.0
4abec9db6376c2f7c79a759d64220c72,1405/02/31,0.0,0.0,5022147.0
4abec9db6376c2f7c79a759d64220c72,1405/03/31,0.0,0.0,6008206.0
4abec9db6376c2f7c79a759d64220c72,1405/04/31,0.0,0.0,6100595.0
4abec9db6376c2f7c79a759d64220c72,1405/05/31,0.0,0.0,6306215.0
4abec9db6376c2f7c79a759d64220c72,1405/06/31,0.0,0.0,7211823.0
4b42ff856fa2a4996c5843f6bf85ef50,1399/01/31,1143674.0,128262.0,64131.0
4b42ff856fa2a4996c5843f6bf85ef50,1399/02/31,1143674.0,153765.0,89634.0
4b42ff856fa2a4996c5843f6bf85ef50,1399/03/31,1143674.0,340901.0,114194.0
4b42ff856fa2a4996c5843f6bf85ef50,1399/04/31,1147974.0,520881.0,179980.0
4b42ff856fa2a4996c5843f6bf85ef50,1399/05/31,1143674.0,677065.0,156184.0
4b42ff856fa2a4996c5843f6bf85ef50,1399/06/31,1143674.0,840577.0,149030.0
4b42ff856fa2a4996c5843f6bf85ef50,1399/07/30,1143674.0,1011085.0,140025.0
4b42ff856fa2a4996c5843f6bf85ef50,1399/08/30,1143674.0,1187410.0,176325.0
4b42ff856fa2a4996c5843f6bf85ef50,1399/09/30,1143674.0,1407545.0,220135.0
4b42ff856fa2a4996c5843f6bf85ef50,1399/10/30,1143674.0,1649886.0,210894.0
4b42ff856fa2a4996c5843f6bf85ef50,1399/11/30,1143674.0,1844791.0,194905.0
4b42ff856fa2a4996c5843f6bf85ef50,1399/12/30,1143674.0,2071667.0,199571.0
4b42ff856fa2a4996c5843f6bf85ef50,1400/01/31,2102740.0,181297.0,181297.0
4b42ff856fa2a4996c5843f6bf85ef50,1400/02/31,2102740.0,475286.0,293989.0
4b42ff856fa2a4996c5843f6bf85ef50,1400/03/31,2102740.0,771201.0,286428.0
4b42ff856fa2a4996c5843f6bf85ef50,1400/04/31,2102740.0,1224346.0,276296.0
4b42ff856fa2a4996c5843f6bf85ef50,1400/05/31,2102740.0,1452561.0,228215.0
4b42ff856fa2a4996c5843f6bf85ef50,1400/06/31,2102740.0,1976595.0,452529.0
4b42ff856fa2a4996c5843f6bf85ef50,1400/07/30,2102740.0,2354559.0,351794.0
4b42ff856fa2a4996c5843f6bf85ef50,1400/08/30,2102740.0,2672828.0,318269.0
4b42ff856fa2a4996c5843f6bf85ef50,1400/09/30,2102740.0,3016911.0,295603.0
4b42ff856fa2a4996c5843f6bf85ef50,1400/10/30,2102740.0,3298239.0,248731.0
4b42ff856fa2a4996c5843f6bf85ef50,1400/11/30,2102740.0,3617014.0,318775.0
4b42ff856fa2a4996c5843f6bf85ef50,1400/12/29,2102740.0,4140078.0,341418.0
4b42ff856fa2a4996c5843f6bf85ef50,1401/01/31,4171771.0,349200.0,349200.0
4b42ff856fa2a4996c5843f6bf85ef50,1401/02/31,4171771.0,671802.0,337382.0
4b42ff856fa2a4996c5843f6bf85ef50,1401/03/31,4171771.0,1126733.0,449011.0
4b42ff856fa2a4996c5843f6bf85ef50,1401/04/31,4171771.0,1501849.0,334844.0
4b42ff856fa2a4996c5843f6bf85ef50,1401/05/31,4171771.0,2089373.0,587524.0
4b42ff856fa2a4996c5843f6bf85ef50,1401/06/31,4171771.0,3044853.0,873681.0
4b42ff856fa2a4996c5843f6bf85ef50,1401/07/30,4171771.0,3471216.0,465150.0
4b42ff856fa2a4996c5843f6bf85ef50,1401/08/30,4171771.0,3988092.0,516876.0
4b42ff856fa2a4996c5843f6bf85ef50,1401/09/30,4171771.0,4536844.0,548752.0
4b42ff856fa2a4996c5843f6bf85ef50,1401/10/30,4171771.0,5161760.0,624916.0
4b42ff856fa2a4996c5843f6bf85ef50,1401/11/30,4171771.0,5872392.0,710632.0
4b42ff856fa2a4996c5843f6bf85ef50,1401/12/29,4171771.0,6463522.0,591130.0
4b42ff856fa2a4996c5843f6bf85ef50,1402/01/31,6463522.0,519868.0,519868.0
4b42ff856fa2a4996c5843f6bf85ef50,1402/02/31,6263522.0,1162759.0,642891.0
4b42ff856fa2a4996c5843f6bf85ef50,1402/03/31,1849500.0,686741.0,1162759.0
4b42ff856fa2a4996c5843f6bf85ef50,1402/04/31,6008551.0,2719205.0,592845.0
4b42ff856fa2a4996c5843f6bf85ef50,1402/05/31,5402128.0,3351912.0,632707.0
4b42ff856fa2a4996c5843f6bf85ef50,1402/06/31,7192216.0,4001277.0,649365.0
4b42ff856fa2a4996c5843f6bf85ef50,1402/07/30,7192216.0,4756894.0,755617.0
4b42ff856fa2a4996c5843f6bf85ef50,1402/08/30,7192216.0,5579305.0,822411.0
4b42ff856fa2a4996c5843f6bf85ef50,1402/09/30,7192216.0,7500584.0,987790.0
4b42ff856fa2a4996c5843f6bf85ef50,1402/10/30,7192216.0,8867078.0,1366494.0
4b42ff856fa2a4996c5843f6bf85ef50,1402/11/30,7192216.0,9880675.0,1013597.0
4b42ff856fa2a4996c5843f6bf85ef50,1402/12/29,7192216.0,11071754.0,1239270.0
4b42ff856fa2a4996c5843f6bf85ef50,1403/01/31,11071755.0,609082.0,609082.0
4b42ff856fa2a4996c5843f6bf85ef50,1403/02/31,11071755.0,1481804.0,872722.0
4b42ff856fa2a4996c5843f6bf85ef50,1403/03/31,11071755.0,2321071.0,839267.0
4b42ff856fa2a4996c5843f6bf85ef50,1403/04/31,11071755.0,4055903.0,1050147.0
4b42ff856fa2a4996c5843f6bf85ef50,1403/05/31,11071755.0,5108300.0,1052397.0
4b42ff856fa2a4996c5843f6bf85ef50,1403/06/31,11071755.0,6492534.0,1155463.0
4b42ff856fa2a4996c5843f6bf85ef50,1403/07/30,11071755.0,7961649.0,1192526.0
4b42ff856fa2a4996c5843f6bf85ef50,1403/08/30,11071755.0,9280907.0,1319258.0
4b42ff856fa2a4996c5843f6bf85ef50,1403/09/30,11071755.0,10782688.0,1501781.0
4b42ff856fa2a4996c5843f6bf85ef50,1403/10/30,11071755.0,12623299.0,1511289.0
4b42ff856fa2a4996c5843f6bf85ef50,1403/11/30,11071755.0,14048228.0,1235003.0
4b42ff856fa2a4996c5843f6bf85ef50,1403/12/30,11071755.0,16368056.0,1621066.0
4b42ff856fa2a4996c5843f6bf85ef50,1404/01/31,16368056.0,1407752.0,1407752.0
4b42ff856fa2a4996c5843f6bf85ef50,1404/02/31,16368056.0,3152049.0,1691017.0
4b42ff856fa2a4996c5843f6bf85ef50,1404/03/31,16368056.0,4640547.0,1479666.0
4b42ff856fa2a4996c5843f6bf85ef50,1404/04/31,16368056.0,6441215.0,1474684.0
4b42ff856fa2a4996c5843f6bf85ef50,1404/05/31,16368056.0,7970215.0,1529000.0
4b42ff856fa2a4996c5843f6bf85ef50,1404/06/31,16368056.0,10555121.0,1555057.0
4b42ff856fa2a4996c5843f6bf85ef50,1404/07/30,16368056.0,12387064.0,1831943.0
4b42ff856fa2a4996c5843f6bf85ef50,1404/08/30,16368056.0,14196367.0,1809303.0
4b42ff856fa2a4996c5843f6bf85ef50,1404/09/30,16368056.0,16549882.0,1767393.0
4b42ff856fa2a4996c5843f6bf85ef50,1404/10/30,16368056.0,18402545.0,1665185.0
4b42ff856fa2a4996c5843f6bf85ef50,1404/11/30,0.0,0.0,1766762.0
4b42ff856fa2a4996c5843f6bf85ef50,1404/12/29,0.0,0.0,2250974.0
4b42ff856fa2a4996c5843f6bf85ef50,1405/01/31,0.0,0.0,1129558.0
4b42ff856fa2a4996c5843f6bf85ef50,1405/02/31,0.0,0.0,1657749.0
4b42ff856fa2a4996c5843f6bf85ef50,1405/03/31,0.0,0.0,1664016.0
4b42ff856fa2a4996c5843f6bf85ef50,1405/04/31,0.0,0.0,2239064.0
4c72588412aab6f0a0e6d2469d9b1491,1401/08/30,0.0,0.0,1119234.0
4c72588412aab6f0a0e6d2469d9b1491,1401/09/30,0.0,0.0,838885.0
4c72588412aab6f0a0e6d2469d9b1491,1401/10/30,0.0,0.0,1148963.0
4c72588412aab6f0a0e6d2469d9b1491,1401/11/30,0.0,0.0,1007463.0
4c72588412aab6f0a0e6d2469d9b1491,1401/12/29,0.0,0.0,854794.0
4c72588412aab6f0a0e6d2469d9b1491,1402/01/31,0.0,0.0,602753.0
4c72588412aab6f0a0e6d2469d9b1491,1402/02/31,0.0,0.0,717021.0
4c72588412aab6f0a0e6d2469d9b1491,1402/03/31,0.0,0.0,823716.0
4c72588412aab6f0a0e6d2469d9b1491,1402/04/31,0.0,0.0,752386.0
4c72588412aab6f0a0e6d2469d9b1491,1402/05/31,0.0,0.0,759291.0
4c72588412aab6f0a0e6d2469d9b1491,1402/06/31,0.0,0.0,920174.0
4c72588412aab6f0a0e6d2469d9b1491,1402/07/30,0.0,0.0,1216511.0
4c72588412aab6f0a0e6d2469d9b1491,1402/08/30,0.0,0.0,1328880.0
4c72588412aab6f0a0e6d2469d9b1491,1402/09/30,0.0,0.0,1340790.0
4c72588412aab6f0a0e6d2469d9b1491,1402/10/30,0.0,0.0,693790.0
4c72588412aab6f0a0e6d2469d9b1491,1402/11/30,0.0,0.0,771398.0
4c72588412aab6f0a0e6d2469d9b1491,1402/12/29,0.0,0.0,1058325.0
4c72588412aab6f0a0e6d2469d9b1491,1403/01/31,0.0,0.0,511829.0
4c72588412aab6f0a0e6d2469d9b1491,1403/02/31,0.0,0.0,742488.0
4c72588412aab6f0a0e6d2469d9b1491,1403/03/31,0.0,0.0,832837.0
4c72588412aab6f0a0e6d2469d9b1491,1403/04/31,0.0,0.0,663153.0
4c72588412aab6f0a0e6d2469d9b1491,1403/05/31,0.0,0.0,739726.0
4c72588412aab6f0a0e6d2469d9b1491,1403/06/31,0.0,0.0,762788.0
4c72588412aab6f0a0e6d2469d9b1491,1403/07/30,0.0,0.0,1130983.0
4c72588412aab6f0a0e6d2469d9b1491,1403/08/30,0.0,0.0,1239944.0
4c72588412aab6f0a0e6d2469d9b1491,1403/09/30,0.0,0.0,897593.0
4c72588412aab6f0a0e6d2469d9b1491,1403/10/30,0.0,0.0,1014773.0
4c72588412aab6f0a0e6d2469d9b1491,1403/11/30,0.0,0.0,1256357.0
4c72588412aab6f0a0e6d2469d9b1491,1403/12/30,0.0,0.0,1584576.0
4c72588412aab6f0a0e6d2469d9b1491,1404/01/31,0.0,0.0,745957.0
4c72588412aab6f0a0e6d2469d9b1491,1404/02/31,0.0,0.0,1371376.0
4c72588412aab6f0a0e6d2469d9b1491,1404/03/31,0.0,0.0,952661.0
4c72588412aab6f0a0e6d2469d9b1491,1404/04/31,0.0,0.0,967310.0
4c72588412aab6f0a0e6d2469d9b1491,1404/05/31,0.0,0.0,1322269.0
4c72588412aab6f0a0e6d2469d9b1491,1404/06/31,0.0,0.0,1532401.0
4c72588412aab6f0a0e6d2469d9b1491,1404/07/30,0.0,0.0,1431604.0
4c72588412aab6f0a0e6d2469d9b1491,1404/08/30,0.0,0.0,1012512.0
4c72588412aab6f0a0e6d2469d9b1491,1404/09/30,0.0,0.0,1293251.0
4c72588412aab6f0a0e6d2469d9b1491,1404/10/30,0.0,0.0,2077180.0
4c72588412aab6f0a0e6d2469d9b1491,1404/11/30,0.0,0.0,2681362.0
4c72588412aab6f0a0e6d2469d9b1491,1404/12/29,0.0,0.0,1914302.0
4c72588412aab6f0a0e6d2469d9b1491,1405/01/31,0.0,0.0,2323432.0
4c72588412aab6f0a0e6d2469d9b1491,1405/02/31,0.0,0.0,3525765.0
4c72588412aab6f0a0e6d2469d9b1491,1405/03/31,0.0,0.0,2314161.0
4c72588412aab6f0a0e6d2469d9b1491,1405/04/31,0.0,0.0,1838619.0
4d8273e8e35e83a73ef9b5bca072c95c,1399/04/31,1381427.0,603288.0,219464.0
4d8273e8e35e83a73ef9b5bca072c95c,1399/05/31,1381427.0,800208.0,196920.0
4d8273e8e35e83a73ef9b5bca072c95c,1399/06/31,1381427.0,1060612.0,260404.0
4d8273e8e35e83a73ef9b5bca072c95c,1399/07/30,1381427.0,1351620.0,291008.0
4d8273e8e35e83a73ef9b5bca072c95c,1399/08/30,1381427.0,1524800.0,173180.0
4d8273e8e35e83a73ef9b5bca072c95c,1399/09/30,1381427.0,1765235.0,240435.0
4d8273e8e35e83a73ef9b5bca072c95c,1399/10/30,1381427.0,2033112.0,267877.0
4d8273e8e35e83a73ef9b5bca072c95c,1399/11/30,1381427.0,2326834.0,293722.0
4d8273e8e35e83a73ef9b5bca072c95c,1399/12/30,1381427.0,2612313.0,285479.0
4d8273e8e35e83a73ef9b5bca072c95c,1400/01/31,2612313.0,278221.0,278221.0
4d8273e8e35e83a73ef9b5bca072c95c,1400/02/31,2612313.0,571470.0,293249.0
4d8273e8e35e83a73ef9b5bca072c95c,1400/03/31,2612313.0,878297.0,306827.0
4d8273e8e35e83a73ef9b5bca072c95c,1400/04/31,2612313.0,1151089.0,272792.0
4d8273e8e35e83a73ef9b5bca072c95c,1400/05/31,2612313.0,1418097.0,267008.0
4d8273e8e35e83a73ef9b5bca072c95c,1400/06/31,2612313.0,1823142.0,405045.0
4d8273e8e35e83a73ef9b5bca072c95c,1400/07/30,2612313.0,2209605.0,386463.0
4d8273e8e35e83a73ef9b5bca072c95c,1400/08/30,2612313.0,2651791.0,442186.0
4d8273e8e35e83a73ef9b5bca072c95c,1400/09/30,2612313.0,3125342.0,473551.0
4d8273e8e35e83a73ef9b5bca072c95c,1400/10/30,2612313.0,3528335.0,402993.0
4d8273e8e35e83a73ef9b5bca072c95c,1400/11/30,2612313.0,3946314.0,417979.0
4d8273e8e35e83a73ef9b5bca072c95c,1400/12/29,2612313.0,4389470.0,443156.0
4d8273e8e35e83a73ef9b5bca072c95c,1401/01/31,4389471.0,420862.0,420862.0
4d8273e8e35e83a73ef9b5bca072c95c,1401/02/31,4389470.0,845173.0,424311.0
4d8273e8e35e83a73ef9b5bca072c95c,1401/03/31,4389470.0,1392343.0,547170.0
4d8273e8e35e83a73ef9b5bca072c95c,1401/05/31,4389470.0,2291285.0,459277.0
4d8273e8e35e83a73ef9b5bca072c95c,1401/06/31,4389470.0,2790487.0,499202.0
4d8273e8e35e83a73ef9b5bca072c95c,1401/07/30,4389470.0,3249766.0,459279.0
4d8273e8e35e83a73ef9b5bca072c95c,1401/08/30,4389470.0,3781112.0,531346.0
4d8273e8e35e83a73ef9b5bca072c95c,1401/09/30,4389470.0,4422977.0,641865.0
4d8273e8e35e83a73ef9b5bca072c95c,1401/10/30,4389470.0,5087395.0,664418.0
4d8273e8e35e83a73ef9b5bca072c95c,1401/11/30,4389470.0,5812689.0,725294.0
4d8273e8e35e83a73ef9b5bca072c95c,1401/12/29,4389470.0,6591251.0,778562.0
4d8273e8e35e83a73ef9b5bca072c95c,1402/01/31,6591251.0,693893.0,693893.0
4d8273e8e35e83a73ef9b5bca072c95c,1402/02/31,6591251.0,1550917.0,857024.0
4d8273e8e35e83a73ef9b5bca072c95c,1402/03/31,6591251.0,2337343.0,786426.0
4d8273e8e35e83a73ef9b5bca072c95c,1402/04/31,6591251.0,3018881.0,681538.0
4d8273e8e35e83a73ef9b5bca072c95c,1402/05/31,6591251.0,3814801.0,795920.0
4d8273e8e35e83a73ef9b5bca072c95c,1402/06/31,6591251.0,4735168.0,920367.0
4d8273e8e35e83a73ef9b5bca072c95c,1402/07/30,6591251.0,5668487.0,933319.0
4d8273e8e35e83a73ef9b5bca072c95c,1402/08/30,6591251.0,6610828.0,942341.0
4d8273e8e35e83a73ef9b5bca072c95c,1402/09/30,6591251.0,7479629.0,868801.0
4d8273e8e35e83a73ef9b5bca072c95c,1402/10/30,6591251.0,8451867.0,972238.0
4d8273e8e35e83a73ef9b5bca072c95c,1402/11/30,6591251.0,9533707.0,1081840.0
4d8273e8e35e83a73ef9b5bca072c95c,1402/12/29,6591251.0,10553274.0,1019567.0
4d8273e8e35e83a73ef9b5bca072c95c,1403/01/31,10553274.0,1125647.0,1125647.0
4d8273e8e35e83a73ef9b5bca072c95c,1403/02/31,10553274.0,2331168.0,1205521.0
4d8273e8e35e83a73ef9b5bca072c95c,1403/03/31,10553274.0,3378118.0,1046950.0
4d8273e8e35e83a73ef9b5bca072c95c,1403/04/31,10553274.0,4404946.0,1026828.0
4d8273e8e35e83a73ef9b5bca072c95c,1403/05/31,10553274.0,5542824.0,1137878.0
4d8273e8e35e83a73ef9b5bca072c95c,1403/06/31,10553274.0,6575889.0,1033065.0
4d8273e8e35e83a73ef9b5bca072c95c,1403/07/30,10553274.0,8118388.0,1542499.0
4d8273e8e35e83a73ef9b5bca072c95c,1403/08/30,10553274.0,9739306.0,1620918.0
4d8273e8e35e83a73ef9b5bca072c95c,1403/09/30,10553274.0,11373639.0,1634333.0
4d8273e8e35e83a73ef9b5bca072c95c,1403/10/30,10553274.0,13156881.0,1783242.0
4d8273e8e35e83a73ef9b5bca072c95c,1403/11/30,10553274.0,15296748.0,2139867.0
4d8273e8e35e83a73ef9b5bca072c95c,1403/12/30,10553274.0,17510986.0,2214238.0
4d8273e8e35e83a73ef9b5bca072c95c,1404/01/31,17510986.0,2162113.0,2162113.0
4d8273e8e35e83a73ef9b5bca072c95c,1404/02/31,17510986.0,4686281.0,2524168.0
4d8273e8e35e83a73ef9b5bca072c95c,1404/03/31,17510986.0,6388589.0,1702308.0
4d8273e8e35e83a73ef9b5bca072c95c,1404/04/31,17510986.0,8751289.0,2362700.0
4d8273e8e35e83a73ef9b5bca072c95c,1404/05/31,17510986.0,11365957.0,2614668.0
4d8273e8e35e83a73ef9b5bca072c95c,1404/06/31,17510986.0,14658684.0,3292727.0
4d8273e8e35e83a73ef9b5bca072c95c,1404/07/30,17510986.0,18545055.0,3886371.0
4d8273e8e35e83a73ef9b5bca072c95c,1404/08/30,17510986.0,22023785.0,3478730.0
4d8273e8e35e83a73ef9b5bca072c95c,1404/09/30,17510986.0,26880067.0,4856282.0
4d8273e8e35e83a73ef9b5bca072c95c,1404/10/30,17510986.0,32400053.0,5519986.0
4d8273e8e35e83a73ef9b5bca072c95c,1404/11/30,1381427.0,164404.0,5799537.0
4d8273e8e35e83a73ef9b5bca072c95c,1404/12/29,1381427.0,222988.0,3791311.0
4d8273e8e35e83a73ef9b5bca072c95c,1405/01/30,1381427.0,383824.0,3806957.0
4d8273e8e35e83a73ef9b5bca072c95c,1405/02/31,41990901.0,12442795.0,8635838.0
4d8273e8e35e83a73ef9b5bca072c95c,1405/03/31,0.0,0.0,6675137.0
4d8273e8e35e83a73ef9b5bca072c95c,1405/04/31,0.0,0.0,6041047.0
4d8273e8e35e83a73ef9b5bca072c95c,1405/05/31,0.0,0.0,6956280.0
4e74a398d885cd61dfd07383641eb05f,1403/10/30,501448717.0,762714597.0,104391913.0
4e74a398d885cd61dfd07383641eb05f,1403/11/30,552111430.0,880412515.0,117697918.0
4e74a398d885cd61dfd07383641eb05f,1403/12/30,643708213.0,1008139783.0,127727268.0
4e74a398d885cd61dfd07383641eb05f,1404/01/31,61405826.0,89026871.0,89026871.0
4e74a398d885cd61dfd07383641eb05f,1404/02/31,131120686.0,197362785.0,108335914.0
4e74a398d885cd61dfd07383641eb05f,1404/03/31,202793524.0,285947734.0,95954724.0
4e74a398d885cd61dfd07383641eb05f,1404/04/31,277845689.0,379258546.0,93310812.0
4e74a398d885cd61dfd07383641eb05f,1404/05/31,358394442.0,478063080.0,98804534.0
4e74a398d885cd61dfd07383641eb05f,1404/06/31,412586195.0,577447740.0,99384660.0
4e74a398d885cd61dfd07383641eb05f,1404/07/30,495055238.0,619886271.0,45602991.0
4e74a398d885cd61dfd07383641eb05f,1404/08/30,577082477.0,702150693.0,82264422.0
4e74a398d885cd61dfd07383641eb05f,1404/09/30,658322684.0,818805887.0,116655194.0
4e74a398d885cd61dfd07383641eb05f,1404/10/30,762714597.0,963962568.0,144536922.0
4e74a398d885cd61dfd07383641eb05f,1404/11/30,880412516.0,1170182413.0,206219845.0
4e74a398d885cd61dfd07383641eb05f,1404/12/29,1307131394.0,136948981.0,1170182413.0
4e74a398d885cd61dfd07383641eb05f,1405/01/31,89026871.0,62740117.0,62740117.0
4e74a398d885cd61dfd07383641eb05f,1405/02/31,0.0,0.0,5361011.0
4e74a398d885cd61dfd07383641eb05f,1405/03/31,0.0,0.0,15453985.0
4e74a398d885cd61dfd07383641eb05f,1405/04/31,0.0,0.0,3253413.0
4f8054584021b10a15fe091d8973bf6f,1402/06/31,0.0,0.0,0.0
4f8054584021b10a15fe091d8973bf6f,1402/07/30,0.0,0.0,0.0
4f8054584021b10a15fe091d8973bf6f,1402/08/30,0.0,0.0,0.0
4f8054584021b10a15fe091d8973bf6f,1402/09/30,0.0,0.0,0.0
4f8054584021b10a15fe091d8973bf6f,1402/10/30,0.0,0.0,0.0
4f8054584021b10a15fe091d8973bf6f,1402/11/30,0.0,0.0,0.0
4f8054584021b10a15fe091d8973bf6f,1402/12/29,0.0,0.0,0.0
4f8054584021b10a15fe091d8973bf6f,1403/01/31,0.0,0.0,0.0
4f8054584021b10a15fe091d8973bf6f,1403/02/31,0.0,0.0,0.0
4f8054584021b10a15fe091d8973bf6f,1403/03/31,0.0,0.0,0.0
4f8054584021b10a15fe091d8973bf6f,1403/04/31,0.0,0.0,0.0
4f8054584021b10a15fe091d8973bf6f,1403/05/31,0.0,0.0,0.0
4f8054584021b10a15fe091d8973bf6f,1403/06/31,0.0,0.0,0.0
4f8054584021b10a15fe091d8973bf6f,1403/07/30,0.0,0.0,0.0
4f8054584021b10a15fe091d8973bf6f,1403/08/30,0.0,0.0,0.0
4f8054584021b10a15fe091d8973bf6f,1403/09/30,0.0,0.0,0.0
4f8054584021b10a15fe091d8973bf6f,1403/10/30,0.0,0.0,0.0
4f8054584021b10a15fe091d8973bf6f,1403/11/30,0.0,0.0,0.0
4f8054584021b10a15fe091d8973bf6f,1403/12/30,0.0,0.0,0.0
4f8054584021b10a15fe091d8973bf6f,1404/01/31,0.0,0.0,0.0
4f8054584021b10a15fe091d8973bf6f,1404/02/31,0.0,0.0,356266092.0
4f8054584021b10a15fe091d8973bf6f,1404/03/31,0.0,0.0,368779823.0
4f8054584021b10a15fe091d8973bf6f,1404/04/31,0.0,0.0,341019394.0
4f8054584021b10a15fe091d8973bf6f,1404/05/31,0.0,0.0,359933960.0
4f8054584021b10a15fe091d8973bf6f,1404/06/31,0.0,0.0,367919813.0
4f8054584021b10a15fe091d8973bf6f,1404/07/30,0.0,0.0,346631879.0
4f8054584021b10a15fe091d8973bf6f,1404/08/30,0.0,0.0,268342226.0
4f8054584021b10a15fe091d8973bf6f,1404/09/30,0.0,0.0,320391284.0
4f8054584021b10a15fe091d8973bf6f,1404/10/30,0.0,0.0,471456223.0
4f8054584021b10a15fe091d8973bf6f,1404/11/30,0.0,0.0,628105336.0
4f8054584021b10a15fe091d8973bf6f,1404/12/29,0.0,0.0,370877054.0
4f8054584021b10a15fe091d8973bf6f,1405/01/31,0.0,0.0,201440599.0
4f8054584021b10a15fe091d8973bf6f,1405/02/31,0.0,0.0,602993352.0
4f8054584021b10a15fe091d8973bf6f,1405/03/31,0.0,0.0,650739714.0
4f8054584021b10a15fe091d8973bf6f,1405/04/31,0.0,0.0,750815154.0
4f8054584021b10a15fe091d8973bf6f,1405/05/31,0.0,0.0,994558104.0
508279539a385693bd947ea986985bb4,1399/01/31,2539288.0,379183.0,2160105.0
508279539a385693bd947ea986985bb4,1399/02/31,3081956.0,542668.0,2539288.0
508279539a385693bd947ea986985bb4,1399/03/31,3603992.0,522036.0,3081956.0
508279539a385693bd947ea986985bb4,1399/04/31,4222733.0,618741.0,3603992.0
508279539a385693bd947ea986985bb4,1399/05/31,4552954.0,330221.0,4222733.0
508279539a385693bd947ea986985bb4,1399/06/31,4965676.0,412722.0,4552954.0
508279539a385693bd947ea986985bb4,1399/07/30,543814.0,543814.0,543814.0
508279539a385693bd947ea986985bb4,1399/08/30,1122506.0,1122506.0,578692.0
508279539a385693bd947ea986985bb4,1399/09/30,837213.0,1731180.0,608674.0
508279539a385693bd947ea986985bb4,1399/10/30,1096326.0,2351183.0,620003.0
508279539a385693bd947ea986985bb4,1399/11/30,1493471.0,3068296.0,717113.0
508279539a385693bd947ea986985bb4,1399/12/30,2160105.0,3774146.0,705850.0
508279539a385693bd947ea986985bb4,1400/01/31,2539288.0,3979157.0,205011.0
508279539a385693bd947ea986985bb4,1400/02/31,3081956.0,4522091.0,542934.0
508279539a385693bd947ea986985bb4,1400/03/31,3603992.0,5085839.0,563748.0
508279539a385693bd947ea986985bb4,1400/04/31,4222733.0,5640294.0,554455.0
508279539a385693bd947ea986985bb4,1400/05/31,4552954.0,6239090.0,598796.0
508279539a385693bd947ea986985bb4,1400/06/31,6239090.0,7100560.0,861470.0
508279539a385693bd947ea986985bb4,1400/07/30,543814.0,464722.0,464722.0
508279539a385693bd947ea986985bb4,1400/08/30,1122506.0,1112604.0,647882.0
508279539a385693bd947ea986985bb4,1400/09/30,1731180.0,1681418.0,568814.0
508279539a385693bd947ea986985bb4,1400/10/30,2351183.0,2390582.0,709164.0
508279539a385693bd947ea986985bb4,1400/11/30,3068296.0,2669904.0,279322.0
508279539a385693bd947ea986985bb4,1400/12/29,3774257.0,3177305.0,507401.0
508279539a385693bd947ea986985bb4,1401/01/31,3979157.0,3554510.0,377205.0
508279539a385693bd947ea986985bb4,1401/02/31,4522091.0,4628323.0,1073813.0
508279539a385693bd947ea986985bb4,1401/03/31,5085649.0,6069307.0,1440984.0
508279539a385693bd947ea986985bb4,1401/04/31,5640294.0,7471890.0,1402583.0
508279539a385693bd947ea986985bb4,1401/05/31,6239090.0,8578170.0,1106280.0
508279539a385693bd947ea986985bb4,1401/06/31,7101062.0,9549938.0,971768.0
508279539a385693bd947ea986985bb4,1401/07/30,464722.0,941735.0,941735.0
508279539a385693bd947ea986985bb4,1401/08/30,1112604.0,2157315.0,1215580.0
508279539a385693bd947ea986985bb4,1401/09/30,1678776.0,3091617.0,934302.0
508279539a385693bd947ea986985bb4,1401/10/30,2390582.0,4340465.0,1248848.0
508279539a385693bd947ea986985bb4,1401/11/30,2669904.0,5497746.0,1157281.0
508279539a385693bd947ea986985bb4,1401/12/29,3177305.0,7075738.0,1577992.0
508279539a385693bd947ea986985bb4,1402/01/31,3554510.0,7870967.0,795229.0
508279539a385693bd947ea986985bb4,1402/02/31,4628323.0,9081622.0,1210655.0
508279539a385693bd947ea986985bb4,1402/03/31,6069307.0,10419938.0,1338316.0
508279539a385693bd947ea986985bb4,1402/04/31,7471890.0,11733162.0,1313224.0
508279539a385693bd947ea986985bb4,1402/05/31,8578170.0,13168616.0,1435454.0
508279539a385693bd947ea986985bb4,1402/06/31,9549938.0,14756397.0,1587781.0
508279539a385693bd947ea986985bb4,1402/07/30,941735.0,1301764.0,1301764.0
508279539a385693bd947ea986985bb4,1402/08/30,2157315.0,3060115.0,1758351.0
508279539a385693bd947ea986985bb4,1402/09/30,3091617.0,4576553.0,1516438.0
508279539a385693bd947ea986985bb4,1402/10/30,4340465.0,6080512.0,1503959.0
508279539a385693bd947ea986985bb4,1402/11/30,5497746.0,7676080.0,1595568.0
508279539a385693bd947ea986985bb4,1402/12/29,7075738.0,9742905.0,2066825.0
508279539a385693bd947ea986985bb4,1403/01/31,7870967.0,10485378.0,742473.0
508279539a385693bd947ea986985bb4,1403/02/31,9081622.0,12335670.0,1850292.0
508279539a385693bd947ea986985bb4,1403/03/31,10419938.0,13946319.0,1610649.0
508279539a385693bd947ea986985bb4,1403/04/31,11733162.0,14983120.0,1036801.0
508279539a385693bd947ea986985bb4,1403/05/31,13168616.0,16799839.0,1816719.0
508279539a385693bd947ea986985bb4,1403/06/31,14756397.0,18743875.0,1944035.0
508279539a385693bd947ea986985bb4,1403/07/30,1301764.0,1928267.0,1928267.0
508279539a385693bd947ea986985bb4,1403/08/30,3060115.0,3844195.0,1915928.0
508279539a385693bd947ea986985bb4,1403/09/30,4576553.0,5252051.0,1407856.0
508279539a385693bd947ea986985bb4,1403/10/30,6080512.0,7438692.0,2186641.0
508279539a385693bd947ea986985bb4,1403/11/30,7676080.0,9668886.0,2230194.0
508279539a385693bd947ea986985bb4,1403/12/30,9742905.0,12102818.0,2433932.0
508279539a385693bd947ea986985bb4,1404/01/31,7870967.0,13607370.0,1504552.0
508279539a385693bd947ea986985bb4,1404/02/31,12335670.0,16416008.0,2808638.0
508279539a385693bd947ea986985bb4,1404/03/31,13946319.0,18635475.0,2219467.0
508279539a385693bd947ea986985bb4,1404/04/31,14983120.0,21531353.0,2895878.0
508279539a385693bd947ea986985bb4,1404/05/31,16799839.0,23975451.0,2444098.0
508279539a385693bd947ea986985bb4,1404/06/31,18743875.0,27428722.0,3453271.0
508279539a385693bd947ea986985bb4,1404/07/30,1928267.0,3207037.0,3207037.0
508279539a385693bd947ea986985bb4,1404/08/30,3844195.0,6580342.0,3373305.0
508279539a385693bd947ea986985bb4,1404/09/30,5252051.0,10090513.0,3510171.0
508279539a385693bd947ea986985bb4,1404/10/30,7438692.0,14142792.0,4052279.0
508279539a385693bd947ea986985bb4,1404/12/29,0.0,0.0,3526493.0
508279539a385693bd947ea986985bb4,1405/01/31,0.0,0.0,2908411.0
508279539a385693bd947ea986985bb4,1405/02/31,0.0,0.0,6258554.0
508279539a385693bd947ea986985bb4,1405/03/31,0.0,0.0,6557072.0
5275e513e2842a3b390ae43faa530d06,1400/12/29,0.0,0.0,762570.0
5275e513e2842a3b390ae43faa530d06,1401/01/31,0.0,0.0,791261.0
5275e513e2842a3b390ae43faa530d06,1401/02/31,0.0,0.0,1157827.0
5275e513e2842a3b390ae43faa530d06,1401/03/31,0.0,0.0,990410.0
5275e513e2842a3b390ae43faa530d06,1401/04/31,0.0,0.0,1023456.0
5275e513e2842a3b390ae43faa530d06,1401/05/31,0.0,0.0,1288753.0
5275e513e2842a3b390ae43faa530d06,1401/06/31,0.0,0.0,1303077.0
5275e513e2842a3b390ae43faa530d06,1401/07/30,0.0,0.0,1480313.0
5275e513e2842a3b390ae43faa530d06,1401/08/30,0.0,0.0,1537111.0
5275e513e2842a3b390ae43faa530d06,1401/09/30,0.0,0.0,1434824.0
5275e513e2842a3b390ae43faa530d06,1401/10/30,0.0,0.0,1278112.0
5275e513e2842a3b390ae43faa530d06,1401/11/30,0.0,0.0,1129546.0
5275e513e2842a3b390ae43faa530d06,1401/12/29,0.0,0.0,1661553.0
5275e513e2842a3b390ae43faa530d06,1402/01/31,0.0,0.0,1460828.0
5275e513e2842a3b390ae43faa530d06,1402/02/31,0.0,0.0,1799015.0
5275e513e2842a3b390ae43faa530d06,1402/03/31,0.0,0.0,1327339.0
5275e513e2842a3b390ae43faa530d06,1402/04/31,0.0,0.0,1295108.0
5275e513e2842a3b390ae43faa530d06,1402/05/31,0.0,0.0,1699839.0
5275e513e2842a3b390ae43faa530d06,1402/06/31,0.0,0.0,1504652.0
5275e513e2842a3b390ae43faa530d06,1402/07/30,0.0,0.0,1604499.0
5275e513e2842a3b390ae43faa530d06,1402/08/30,0.0,0.0,1950861.0
5275e513e2842a3b390ae43faa530d06,1402/09/30,0.0,0.0,1559872.0
5275e513e2842a3b390ae43faa530d06,1402/10/30,0.0,0.0,1401356.0
5275e513e2842a3b390ae43faa530d06,1402/11/30,0.0,0.0,1569269.0
5275e513e2842a3b390ae43faa530d06,1402/12/29,0.0,0.0,1717969.0
5275e513e2842a3b390ae43faa530d06,1403/01/31,0.0,0.0,1666465.0
5275e513e2842a3b390ae43faa530d06,1403/02/31,0.0,0.0,2002663.0
5275e513e2842a3b390ae43faa530d06,1403/03/31,0.0,0.0,1411353.0
5275e513e2842a3b390ae43faa530d06,1403/04/31,0.0,0.0,2034719.0
5275e513e2842a3b390ae43faa530d06,1403/05/31,0.0,0.0,1783592.0
5275e513e2842a3b390ae43faa530d06,1403/06/31,0.0,0.0,2189913.0
5275e513e2842a3b390ae43faa530d06,1403/07/30,0.0,0.0,2085066.0
5275e513e2842a3b390ae43faa530d06,1403/08/30,0.0,0.0,1927974.0
5275e513e2842a3b390ae43faa530d06,1403/09/30,0.0,0.0,1908405.0
5275e513e2842a3b390ae43faa530d06,1403/10/30,0.0,0.0,2195107.0
5275e513e2842a3b390ae43faa530d06,1403/11/30,0.0,0.0,2374165.0
5275e513e2842a3b390ae43faa530d06,1403/12/30,0.0,0.0,2675080.0
5275e513e2842a3b390ae43faa530d06,1404/01/31,0.0,0.0,2222321.0
5275e513e2842a3b390ae43faa530d06,1404/02/31,0.0,0.0,2436046.0
5275e513e2842a3b390ae43faa530d06,1404/03/31,0.0,0.0,2418905.0
5275e513e2842a3b390ae43faa530d06,1404/04/31,0.0,0.0,2721192.0
5275e513e2842a3b390ae43faa530d06,1404/05/31,0.0,0.0,2848733.0
5275e513e2842a3b390ae43faa530d06,1404/06/31,0.0,0.0,3632637.0
5275e513e2842a3b390ae43faa530d06,1404/07/30,0.0,0.0,3383626.0
5275e513e2842a3b390ae43faa530d06,1404/08/30,0.0,0.0,3437251.0
5275e513e2842a3b390ae43faa530d06,1404/09/30,0.0,0.0,3564156.0
5275e513e2842a3b390ae43faa530d06,1404/10/30,0.0,0.0,4399212.0
5275e513e2842a3b390ae43faa530d06,1404/11/30,0.0,0.0,5087219.0
5275e513e2842a3b390ae43faa530d06,1404/12/29,0.0,0.0,4760073.0
5275e513e2842a3b390ae43faa530d06,1405/01/31,0.0,0.0,4201053.0
5275e513e2842a3b390ae43faa530d06,1405/02/31,0.0,0.0,7635741.0
5275e513e2842a3b390ae43faa530d06,1405/03/31,0.0,0.0,5322949.0
5275e513e2842a3b390ae43faa530d06,1405/04/31,0.0,0.0,5463873.0
549b1892b8d2c12be65851e10d9d9253,1400/12/29,8444117.0,12156740.0,1234468.0
549b1892b8d2c12be65851e10d9d9253,1401/01/31,653052.0,1052528.0,1052528.0
549b1892b8d2c12be65851e10d9d9253,1401/02/31,1751972.0,2386229.0,1333701.0
549b1892b8d2c12be65851e10d9d9253,1401/03/31,2938081.0,3817005.0,1430776.0
549b1892b8d2c12be65851e10d9d9253,1401/04/31,3688768.0,5651958.0,1834953.0
549b1892b8d2c12be65851e10d9d9253,1401/05/31,4308397.0,7249672.0,1597714.0
549b1892b8d2c12be65851e10d9d9253,1401/06/31,5714191.0,9038554.0,1788882.0
549b1892b8d2c12be65851e10d9d9253,1401/07/30,6996592.0,10750145.0,1711591.0
549b1892b8d2c12be65851e10d9d9253,1401/08/30,8150586.0,12393868.0,1643723.0
549b1892b8d2c12be65851e10d9d9253,1401/09/30,9224500.0,14088173.0,1694305.0
549b1892b8d2c12be65851e10d9d9253,1401/10/30,10204564.0,15152096.0,1063923.0
549b1892b8d2c12be65851e10d9d9253,1401/11/30,10922272.0,16140374.0,988278.0
549b1892b8d2c12be65851e10d9d9253,1401/12/29,12156740.0,18201833.0,2050826.0
549b1892b8d2c12be65851e10d9d9253,1402/01/31,1052528.0,1782989.0,1782989.0
549b1892b8d2c12be65851e10d9d9253,1402/02/31,2386229.0,4173783.0,2390794.0
549b1892b8d2c12be65851e10d9d9253,1402/03/31,3817005.0,6930148.0,2756365.0
549b1892b8d2c12be65851e10d9d9253,1402/04/31,5651958.0,9270354.0,2340206.0
549b1892b8d2c12be65851e10d9d9253,1402/05/31,7249672.0,11854993.0,2584639.0
549b1892b8d2c12be65851e10d9d9253,1402/06/31,9038554.0,14746430.0,2891437.0
549b1892b8d2c12be65851e10d9d9253,1402/07/30,10750145.0,17661629.0,2915199.0
549b1892b8d2c12be65851e10d9d9253,1402/08/30,12393868.0,20581157.0,2919528.0
549b1892b8d2c12be65851e10d9d9253,1402/09/30,14088173.0,23318339.0,2737182.0
549b1892b8d2c12be65851e10d9d9253,1402/10/30,15152096.0,25876289.0,2557950.0
549b1892b8d2c12be65851e10d9d9253,1402/11/30,16140374.0,27831534.0,1955245.0
549b1892b8d2c12be65851e10d9d9253,1402/12/29,18201833.0,29950326.0,2118792.0
549b1892b8d2c12be65851e10d9d9253,1403/01/31,1782989.0,2160767.0,2160767.0
549b1892b8d2c12be65851e10d9d9253,1403/02/31,4173783.0,5356394.0,3195627.0
549b1892b8d2c12be65851e10d9d9253,1403/03/31,6930148.0,8069402.0,2713008.0
549b1892b8d2c12be65851e10d9d9253,1403/04/31,9270354.0,10779918.0,2710516.0
549b1892b8d2c12be65851e10d9d9253,1403/05/31,11854993.0,14634308.0,3854390.0
549b1892b8d2c12be65851e10d9d9253,1403/06/31,14746430.0,18479210.0,3844902.0
549b1892b8d2c12be65851e10d9d9253,1403/07/30,17661629.0,22301527.0,3822317.0
549b1892b8d2c12be65851e10d9d9253,1403/08/30,20581157.0,25988502.0,3686975.0
549b1892b8d2c12be65851e10d9d9253,1403/09/30,23318339.0,29323497.0,3334995.0
549b1892b8d2c12be65851e10d9d9253,1403/10/30,25876289.0,33000166.0,3676669.0
549b1892b8d2c12be65851e10d9d9253,1403/11/30,27831534.0,36431643.0,3431477.0
549b1892b8d2c12be65851e10d9d9253,1403/12/30,29950326.0,40613013.0,4181371.0
549b1892b8d2c12be65851e10d9d9253,1404/01/31,2160767.0,3878696.0,3878696.0
549b1892b8d2c12be65851e10d9d9253,1404/02/31,5356393.0,8851435.0,4972739.0
549b1892b8d2c12be65851e10d9d9253,1404/03/31,8069402.0,15739065.0,6887630.0
549b1892b8d2c12be65851e10d9d9253,1404/04/31,10779918.0,21041458.0,5302393.0
549b1892b8d2c12be65851e10d9d9253,1404/05/31,14634309.0,25973535.0,4932077.0
549b1892b8d2c12be65851e10d9d9253,1404/06/31,18479210.0,30859592.0,4886058.0
549b1892b8d2c12be65851e10d9d9253,1404/07/30,22301528.0,36213456.0,5353864.0
549b1892b8d2c12be65851e10d9d9253,1404/08/30,25988502.0,41330383.0,5116927.0
549b1892b8d2c12be65851e10d9d9253,1404/09/30,29323497.0,46089743.0,4759360.0
549b1892b8d2c12be65851e10d9d9253,1404/10/30,33000166.0,50658432.0,4568689.0
549b1892b8d2c12be65851e10d9d9253,1404/11/30,36431642.0,55540634.0,4882202.0
549b1892b8d2c12be65851e10d9d9253,1404/12/29,40613013.0,60556482.0,5015847.0
549b1892b8d2c12be65851e10d9d9253,1405/01/31,3878696.0,4021507.0,4021507.0
549b1892b8d2c12be65851e10d9d9253,1405/02/31,8851435.0,14093547.0,10072040.0
549b1892b8d2c12be65851e10d9d9253,1405/03/31,0.0,0.0,8409367.0
549b1892b8d2c12be65851e10d9d9253,1405/04/31,0.0,0.0,8123939.0
54e663798b0e261d5e3fef1f8da6430e,1402/01/31,561242.0,32429.0,32429.0
54e663798b0e261d5e3fef1f8da6430e,1402/02/31,829766.0,748986.0,716557.0
54e663798b0e261d5e3fef1f8da6430e,1402/03/31,3116472.0,2738739.0,1989753.0
54e663798b0e261d5e3fef1f8da6430e,1402/04/31,4723386.0,2772093.0,33354.0
54e663798b0e261d5e3fef1f8da6430e,1402/05/31,5556651.0,2987021.0,214928.0
54e663798b0e261d5e3fef1f8da6430e,1402/06/31,6163633.0,4712628.0,1725607.0
54e663798b0e261d5e3fef1f8da6430e,1402/07/30,8317664.0,4908853.0,196225.0
54e663798b0e261d5e3fef1f8da6430e,1402/08/30,8951412.0,4967752.0,58899.0
54e663798b0e261d5e3fef1f8da6430e,1402/09/30,8977374.0,5006133.0,38381.0
54e663798b0e261d5e3fef1f8da6430e,1402/10/30,8999261.0,6979895.0,1973762.0
54e663798b0e261d5e3fef1f8da6430e,1402/11/30,10058273.0,6992496.0,12601.0
54e663798b0e261d5e3fef1f8da6430e,1402/12/29,11731237.0,9185636.0,2193140.0
54e663798b0e261d5e3fef1f8da6430e,1403/01/31,629632.0,35403.0,35403.0
54e663798b0e261d5e3fef1f8da6430e,1403/02/31,748986.0,55704.0,20301.0
54e663798b0e261d5e3fef1f8da6430e,1403/03/31,2738739.0,131116.0,75412.0
54e663798b0e261d5e3fef1f8da6430e,1403/04/31,2772093.0,3295053.0,3163937.0
54e663798b0e261d5e3fef1f8da6430e,1403/05/31,2987021.0,3319919.0,24866.0
54e663798b0e261d5e3fef1f8da6430e,1403/06/31,4712628.0,4285213.0,965294.0
54e663798b0e261d5e3fef1f8da6430e,1403/07/30,4908853.0,4808641.0,523428.0
54e663798b0e261d5e3fef1f8da6430e,1403/08/30,4967752.0,4866732.0,58091.0
54e663798b0e261d5e3fef1f8da6430e,1403/09/30,5006133.0,5300208.0,433476.0
54e663798b0e261d5e3fef1f8da6430e,1403/10/30,6979895.0,8167947.0,2867739.0
54e663798b0e261d5e3fef1f8da6430e,1403/11/30,6992496.0,8198280.0,30333.0
54e663798b0e261d5e3fef1f8da6430e,1403/12/30,9185636.0,12039351.0,3841071.0
54e663798b0e261d5e3fef1f8da6430e,1404/01/31,35403.0,73974.0,73974.0
54e663798b0e261d5e3fef1f8da6430e,1404/02/31,55704.0,112420.0,38446.0
54e663798b0e261d5e3fef1f8da6430e,1404/03/31,9104.0,97624.0,97624.0
54e663798b0e261d5e3fef1f8da6430e,1404/04/31,3295053.0,174693.0,36189.0
54e663798b0e261d5e3fef1f8da6430e,1404/05/31,3319919.0,4722454.0,4547761.0
54e663798b0e261d5e3fef1f8da6430e,1404/06/31,4285213.0,4787153.0,64699.0
54e663798b0e261d5e3fef1f8da6430e,1404/07/30,4908853.0,9494608.0,4707455.0
54e663798b0e261d5e3fef1f8da6430e,1404/08/30,4866732.0,9546901.0,52293.0
54e663798b0e261d5e3fef1f8da6430e,1404/09/30,5300208.0,14326053.0,4779152.0
54e663798b0e261d5e3fef1f8da6430e,1404/10/30,8167947.0,14371567.0,45514.0
54e663798b0e261d5e3fef1f8da6430e,1404/11/30,8198280.0,14421598.0,50031.0
54e663798b0e261d5e3fef1f8da6430e,1404/12/29,12039351.0,22622942.0,8201344.0
54e663798b0e261d5e3fef1f8da6430e,1405/01/31,73974.0,32658.0,32658.0
54e663798b0e261d5e3fef1f8da6430e,1405/02/31,112420.0,118699.0,86041.0
54e663798b0e261d5e3fef1f8da6430e,1405/03/31,0.0,0.0,109325.0
54e663798b0e261d5e3fef1f8da6430e,1405/04/31,0.0,0.0,16775220.0
57ec56ad0fe574fcb2cee0f550320934,1400/12/29,0.0,0.0,561155745.0
57ec56ad0fe574fcb2cee0f550320934,1401/03/31,0.0,0.0,198288784.0
57ec56ad0fe574fcb2cee0f550320934,1401/04/31,0.0,0.0,225391142.0
57ec56ad0fe574fcb2cee0f550320934,1401/05/31,0.0,0.0,225391142.0
57ec56ad0fe574fcb2cee0f550320934,1401/06/31,0.0,0.0,252493500.0
57ec56ad0fe574fcb2cee0f550320934,1401/07/30,0.0,0.0,228307397.0
57ec56ad0fe574fcb2cee0f550320934,1401/08/30,0.0,0.0,228307397.0
57ec56ad0fe574fcb2cee0f550320934,1401/09/30,0.0,0.0,204121295.0
57ec56ad0fe574fcb2cee0f550320934,1401/10/30,0.0,0.0,341822895.0
57ec56ad0fe574fcb2cee0f550320934,1401/11/30,0.0,0.0,341822895.0
57ec56ad0fe574fcb2cee0f550320934,1401/12/29,0.0,0.0,341822895.0
57ec56ad0fe574fcb2cee0f550320934,1402/01/31,0.0,0.0,341822895.0
57ec56ad0fe574fcb2cee0f550320934,1402/02/31,0.0,0.0,341822895.0
57ec56ad0fe574fcb2cee0f550320934,1402/06/31,0.0,0.0,341822895.0
57ec56ad0fe574fcb2cee0f550320934,1402/07/30,0.0,0.0,341822895.0
57ec56ad0fe574fcb2cee0f550320934,1402/08/30,0.0,0.0,341822895.0
57ec56ad0fe574fcb2cee0f550320934,1402/09/30,0.0,0.0,341822895.0
57ec56ad0fe574fcb2cee0f550320934,1402/10/30,0.0,0.0,341822895.0
57ec56ad0fe574fcb2cee0f550320934,1402/11/30,0.0,0.0,341822895.0
57ec56ad0fe574fcb2cee0f550320934,1402/12/29,0.0,0.0,341822895.0
57ec56ad0fe574fcb2cee0f550320934,1403/01/31,0.0,0.0,341822895.0
57ec56ad0fe574fcb2cee0f550320934,1403/02/31,0.0,0.0,341822895.0
57ec56ad0fe574fcb2cee0f550320934,1403/03/31,0.0,0.0,341822895.0
57ec56ad0fe574fcb2cee0f550320934,1403/04/31,0.0,0.0,341822895.0
57ec56ad0fe574fcb2cee0f550320934,1403/05/31,0.0,0.0,341822895.0
57ec56ad0fe574fcb2cee0f550320934,1403/06/31,0.0,0.0,341822895.0
57ec56ad0fe574fcb2cee0f550320934,1403/07/30,0.0,0.0,341822895.0
57ec56ad0fe574fcb2cee0f550320934,1403/08/30,0.0,0.0,341822895.0
57ec56ad0fe574fcb2cee0f550320934,1403/09/30,0.0,0.0,341822895.0
57ec56ad0fe574fcb2cee0f550320934,1403/10/30,0.0,0.0,341822895.0
57ec56ad0fe574fcb2cee0f550320934,1403/11/30,0.0,0.0,341822895.0
57ec56ad0fe574fcb2cee0f550320934,1403/12/30,0.0,0.0,341822895.0
57ec56ad0fe574fcb2cee0f550320934,1404/01/31,0.0,0.0,341822895.0
57ec56ad0fe574fcb2cee0f550320934,1404/02/31,0.0,0.0,479524495.0
57ec56ad0fe574fcb2cee0f550320934,1404/03/31,0.0,0.0,467275530.0
57ec56ad0fe574fcb2cee0f550320934,1404/04/31,0.0,0.0,500314810.0
57ec56ad0fe574fcb2cee0f550320934,1404/05/31,0.0,0.0,476769621.0
57ec56ad0fe574fcb2cee0f550320934,1404/06/31,0.0,0.0,494034258.0
57ec56ad0fe574fcb2cee0f550320934,1404/07/30,0.0,0.0,454185630.0
57ec56ad0fe574fcb2cee0f550320934,1404/08/30,0.0,0.0,472844286.0
57ec56ad0fe574fcb2cee0f550320934,1404/09/30,0.0,0.0,446580223.0
57ec56ad0fe574fcb2cee0f550320934,1404/10/30,0.0,0.0,628092188.0
57ec56ad0fe574fcb2cee0f550320934,1404/11/30,0.0,0.0,808825654.0
57ec56ad0fe574fcb2cee0f550320934,1404/12/29,0.0,0.0,816580028.0
57ec56ad0fe574fcb2cee0f550320934,1405/01/31,0.0,0.0,838055077.0
57ec56ad0fe574fcb2cee0f550320934,1405/02/31,0.0,0.0,905059225.0
57ec56ad0fe574fcb2cee0f550320934,1405/03/31,0.0,0.0,920913129.0
57ec56ad0fe574fcb2cee0f550320934,1405/04/31,0.0,0.0,1232535864.0
57ec56ad0fe574fcb2cee0f550320934,1405/05/31,0.0,0.0,1443640040.0
5846976e3619ada1281f076ebdce9055,1399/01/31,148646.0,337784.0,337784.0
5846976e3619ada1281f076ebdce9055,1399/02/31,483119.0,803563.0,465779.0
5846976e3619ada1281f076ebdce9055,1399/03/31,1424495.0,1837491.0,1033928.0
5846976e3619ada1281f076ebdce9055,1399/04/31,1754327.0,2764926.0,927435.0
5846976e3619ada1281f076ebdce9055,1399/05/31,2284440.0,4023169.0,1258243.0
5846976e3619ada1281f076ebdce9055,1399/06/31,3412503.0,6029406.0,2096983.0
5846976e3619ada1281f076ebdce9055,1399/07/30,4090649.0,6756111.0,726705.0
5846976e3619ada1281f076ebdce9055,1399/08/30,4821653.0,7814933.0,1058822.0
5846976e3619ada1281f076ebdce9055,1399/09/30,5730977.0,9228844.0,1413911.0
5846976e3619ada1281f076ebdce9055,1399/10/30,6703330.0,11801389.0,2572545.0
5846976e3619ada1281f076ebdce9055,1399/11/30,7977493.0,15016062.0,3214673.0
5846976e3619ada1281f076ebdce9055,1399/12/30,8725535.0,20011811.0,4995749.0
5846976e3619ada1281f076ebdce9055,1400/01/31,337784.0,401867.0,401867.0
5846976e3619ada1281f076ebdce9055,1400/02/31,803563.0,941974.0,540107.0
5846976e3619ada1281f076ebdce9055,1400/03/31,1837491.0,2234827.0,1292853.0
5846976e3619ada1281f076ebdce9055,1400/04/31,2764926.0,3448378.0,1213551.0
5846976e3619ada1281f076ebdce9055,1400/05/31,3932423.0,4932276.0,1483898.0
5846976e3619ada1281f076ebdce9055,1400/06/31,6029406.0,7413861.0,2481585.0
5846976e3619ada1281f076ebdce9055,1400/07/30,6756111.0,8293722.0,879861.0
5846976e3619ada1281f076ebdce9055,1400/08/30,7814933.0,9881020.0,1270570.0
5846976e3619ada1281f076ebdce9055,1400/09/30,9228844.0,11422242.0,1541222.0
5846976e3619ada1281f076ebdce9055,1400/10/30,11801389.0,14457814.0,2992423.0
5846976e3619ada1281f076ebdce9055,1400/11/30,15016062.0,17495863.0,2972073.0
5846976e3619ada1281f076ebdce9055,1400/12/29,20011811.0,25111454.0,6747319.0
5846976e3619ada1281f076ebdce9055,1401/01/31,401867.0,538894.0,538894.0
5846976e3619ada1281f076ebdce9055,1401/02/31,941974.0,1291916.0,753022.0
5846976e3619ada1281f076ebdce9055,1401/03/31,2234827.0,4168630.0,2876714.0
5846976e3619ada1281f076ebdce9055,1401/04/31,3448378.0,5776497.0,1607867.0
5846976e3619ada1281f076ebdce9055,1401/05/31,4932276.0,7916300.0,2139803.0
5846976e3619ada1281f076ebdce9055,1401/06/31,7413861.0,12797162.0,4880862.0
5846976e3619ada1281f076ebdce9055,1401/07/30,8293722.0,13988293.0,1191131.0
5846976e3619ada1281f076ebdce9055,1401/08/30,9881020.0,16458983.0,2470690.0
5846976e3619ada1281f076ebdce9055,1401/09/30,11422242.0,18875570.0,2416587.0
5846976e3619ada1281f076ebdce9055,1401/10/30,14457814.0,23262156.0,4386586.0
5846976e3619ada1281f076ebdce9055,1401/11/30,17495863.0,26869275.0,3607119.0
5846976e3619ada1281f076ebdce9055,1401/12/29,25111454.0,34386649.0,7517374.0
5846976e3619ada1281f076ebdce9055,1402/01/31,538894.0,1057037.0,1057037.0
5846976e3619ada1281f076ebdce9055,1402/02/31,1291916.0,2315256.0,1258219.0
5846976e3619ada1281f076ebdce9055,1402/03/31,4168630.0,6765802.0,4450546.0
5846976e3619ada1281f076ebdce9055,1402/04/31,5776497.0,9170130.0,2404328.0
5846976e3619ada1281f076ebdce9055,1402/05/31,7916300.0,12236040.0,3065910.0
5846976e3619ada1281f076ebdce9055,1402/06/31,12797162.0,19558510.0,7322469.0
5846976e3619ada1281f076ebdce9055,1402/07/30,13988293.0,22006196.0,1970137.0
5846976e3619ada1281f076ebdce9055,1402/08/30,16458983.0,25696561.0,3690365.0
5846976e3619ada1281f076ebdce9055,1402/09/30,18875570.0,30009975.0,4313414.0
5846976e3619ada1281f076ebdce9055,1402/10/30,23262156.0,36218407.0,6208432.0
5846976e3619ada1281f076ebdce9055,1402/11/30,26869275.0,41639881.0,5421474.0
5846976e3619ada1281f076ebdce9055,1402/12/29,34386649.0,50050514.0,8410634.0
5846976e3619ada1281f076ebdce9055,1403/01/31,1057037.0,1727245.0,1727245.0
5846976e3619ada1281f076ebdce9055,1403/02/31,2315256.0,4852062.0,3124817.0
5846976e3619ada1281f076ebdce9055,1403/03/31,6765802.0,14964821.0,10112759.0
5846976e3619ada1281f076ebdce9055,1403/04/31,9170130.0,20521440.0,5556619.0
5846976e3619ada1281f076ebdce9055,1403/05/31,12236041.0,28237770.0,7716330.0
5846976e3619ada1281f076ebdce9055,1403/06/31,19558510.0,41469513.0,13231743.0
5846976e3619ada1281f076ebdce9055,1403/07/30,22006196.0,46818055.0,5348542.0
5846976e3619ada1281f076ebdce9055,1403/08/30,25696561.0,53694579.0,6876524.0
5846976e3619ada1281f076ebdce9055,1403/09/30,30009975.0,61941860.0,8247281.0
5846976e3619ada1281f076ebdce9055,1403/10/30,36218407.0,72535067.0,10593207.0
5846976e3619ada1281f076ebdce9055,1403/11/30,41639881.0,84910109.0,12375042.0
5846976e3619ada1281f076ebdce9055,1403/12/30,50050514.0,98672079.0,13761970.0
5846976e3619ada1281f076ebdce9055,1404/01/31,1727246.0,4712718.0,4712718.0
5846976e3619ada1281f076ebdce9055,1404/02/31,4852062.0,12789432.0,8076714.0
5846976e3619ada1281f076ebdce9055,1404/03/31,14964821.0,33467748.0,20678316.0
5846976e3619ada1281f076ebdce9055,1404/04/31,20521440.0,54317536.0,20849788.0
5846976e3619ada1281f076ebdce9055,1404/05/31,28237770.0,68631876.0,14314340.0
5846976e3619ada1281f076ebdce9055,1404/06/31,41469514.0,86477648.0,17860052.0
5846976e3619ada1281f076ebdce9055,1404/07/30,46818055.0,95019249.0,8541601.0
5846976e3619ada1281f076ebdce9055,1404/08/30,53694579.0,106893021.0,11873772.0
5846976e3619ada1281f076ebdce9055,1404/09/30,61941860.0,119511017.0,12617996.0
5846976e3619ada1281f076ebdce9055,1404/10/30,72535067.0,136904196.0,17393179.0
5846976e3619ada1281f076ebdce9055,1404/11/30,84910109.0,164645967.0,21744271.0
5846976e3619ada1281f076ebdce9055,1404/12/29,93492487.0,182804789.0,18158822.0
5846976e3619ada1281f076ebdce9055,1405/01/31,4712717.0,10351844.0,10351844.0
5846976e3619ada1281f076ebdce9055,1405/02/31,12789432.0,26957076.0,16605232.0
5846976e3619ada1281f076ebdce9055,1405/03/31,0.0,0.0,26570061.0
5846976e3619ada1281f076ebdce9055,1405/04/31,0.0,0.0,21767289.0
5ba7eb50b25bd20543e42f9cc50394ed,1399/01/31,202644.0,251965.0,251965.0
5ba7eb50b25bd20543e42f9cc50394ed,1399/02/31,455095.0,591917.0,339575.0
5ba7eb50b25bd20543e42f9cc50394ed,1399/03/31,757758.0,1022782.0,430865.0
5ba7eb50b25bd20543e42f9cc50394ed,1399/04/31,1018540.0,1355226.0,332444.0
5ba7eb50b25bd20543e42f9cc50394ed,1399/05/31,1289181.0,1691644.0,336418.0
5ba7eb50b25bd20543e42f9cc50394ed,1399/06/31,1596249.0,2118562.0,426918.0
5ba7eb50b25bd20543e42f9cc50394ed,1399/07/30,1830910.0,2408990.0,290428.0
5ba7eb50b25bd20543e42f9cc50394ed,1399/08/30,2066453.0,2778176.0,369186.0
5ba7eb50b25bd20543e42f9cc50394ed,1399/09/30,2346541.0,3216710.0,438534.0
5ba7eb50b25bd20543e42f9cc50394ed,1399/10/30,2567329.0,3642295.0,425585.0
5ba7eb50b25bd20543e42f9cc50394ed,1399/11/30,2793013.0,4110391.0,468096.0
5ba7eb50b25bd20543e42f9cc50394ed,1399/12/30,2893247.0,4322824.0,212433.0
5ba7eb50b25bd20543e42f9cc50394ed,1400/01/31,251965.0,186429.0,186429.0
5ba7eb50b25bd20543e42f9cc50394ed,1400/02/31,591917.0,557318.0,370889.0
5ba7eb50b25bd20543e42f9cc50394ed,1400/03/31,1022782.0,1061089.0,503771.0
5ba7eb50b25bd20543e42f9cc50394ed,1400/04/31,1355226.0,1512505.0,451416.0
5ba7eb50b25bd20543e42f9cc50394ed,1400/05/31,1691644.0,2006517.0,494012.0
5ba7eb50b25bd20543e42f9cc50394ed,1400/06/31,2118562.0,2606774.0,600257.0
5ba7eb50b25bd20543e42f9cc50394ed,1400/07/30,2408990.0,3063884.0,457110.0
5ba7eb50b25bd20543e42f9cc50394ed,1400/08/30,2778176.0,3711226.0,647342.0
5ba7eb50b25bd20543e42f9cc50394ed,1400/09/30,3216710.0,4412334.0,701108.0
5ba7eb50b25bd20543e42f9cc50394ed,1400/10/30,3642295.0,5045125.0,632791.0
5ba7eb50b25bd20543e42f9cc50394ed,1400/11/30,4110391.0,5550675.0,505550.0
5ba7eb50b25bd20543e42f9cc50394ed,1400/12/29,4322825.0,5805907.0,255233.0
5ba7eb50b25bd20543e42f9cc50394ed,1401/01/31,186429.0,323824.0,323824.0
5ba7eb50b25bd20543e42f9cc50394ed,1401/02/31,557318.0,832026.0,508202.0
5ba7eb50b25bd20543e42f9cc50394ed,1401/03/31,1061089.0,1531576.0,699550.0
5ba7eb50b25bd20543e42f9cc50394ed,1401/04/31,1512505.0,2174909.0,643333.0
5ba7eb50b25bd20543e42f9cc50394ed,1401/05/31,2006516.0,2999674.0,824765.0
5ba7eb50b25bd20543e42f9cc50394ed,1401/06/31,2606774.0,4053422.0,1053747.0
5ba7eb50b25bd20543e42f9cc50394ed,1401/07/30,3063884.0,4783680.0,730258.0
5ba7eb50b25bd20543e42f9cc50394ed,1401/08/30,3711226.0,5825817.0,1042137.0
5ba7eb50b25bd20543e42f9cc50394ed,1401/09/30,4412334.0,7104497.0,1278680.0
5ba7eb50b25bd20543e42f9cc50394ed,1401/10/30,5045125.0,8473918.0,1369421.0
5ba7eb50b25bd20543e42f9cc50394ed,1401/11/30,5550675.0,9599633.0,1125715.0
5ba7eb50b25bd20543e42f9cc50394ed,1402/01/31,323824.0,746225.0,746225.0
5ba7eb50b25bd20543e42f9cc50394ed,1402/02/31,832026.0,1903367.0,1157142.0
5ba7eb50b25bd20543e42f9cc50394ed,1402/03/31,1531576.0,3202627.0,1299260.0
5ba7eb50b25bd20543e42f9cc50394ed,1402/04/31,2174909.0,4479884.0,1277257.0
5ba7eb50b25bd20543e42f9cc50394ed,1402/05/31,2999674.0,5779036.0,1299152.0
5ba7eb50b25bd20543e42f9cc50394ed,1402/06/31,4053422.0,6929337.0,1150302.0
5ba7eb50b25bd20543e42f9cc50394ed,1402/07/30,4783680.0,8135068.0,1205731.0
5ba7eb50b25bd20543e42f9cc50394ed,1402/08/30,5825817.0,9436351.0,1301283.0
5ba7eb50b25bd20543e42f9cc50394ed,1402/09/30,7104497.0,10479146.0,1042795.0
5ba7eb50b25bd20543e42f9cc50394ed,1402/10/30,8473918.0,11558085.0,1078938.0
5ba7eb50b25bd20543e42f9cc50394ed,1402/11/30,9599633.0,12193853.0,635768.0
5ba7eb50b25bd20543e42f9cc50394ed,1403/01/31,746225.0,834713.0,834713.0
5ba7eb50b25bd20543e42f9cc50394ed,1403/02/31,1903367.0,1979105.0,1144392.0
5ba7eb50b25bd20543e42f9cc50394ed,1403/03/31,3202627.0,3271303.0,1292198.0
5ba7eb50b25bd20543e42f9cc50394ed,1403/04/31,4479884.0,4755553.0,1484250.0
5ba7eb50b25bd20543e42f9cc50394ed,1403/05/31,5779036.0,6192394.0,1436841.0
5ba7eb50b25bd20543e42f9cc50394ed,1403/06/31,6929337.0,7479157.0,1286763.0
5ba7eb50b25bd20543e42f9cc50394ed,1403/07/30,8135068.0,9271765.0,1792608.0
5ba7eb50b25bd20543e42f9cc50394ed,1403/08/30,9436351.0,11070608.0,1761187.0
5ba7eb50b25bd20543e42f9cc50394ed,1403/09/30,10479146.0,12741444.0,1670836.0
5ba7eb50b25bd20543e42f9cc50394ed,1403/10/30,11558085.0,14341700.0,1600256.0
5ba7eb50b25bd20543e42f9cc50394ed,1403/11/30,11558085.0,15975317.0,1633617.0
5ba7eb50b25bd20543e42f9cc50394ed,1403/12/30,12105183.0,16546339.0,571022.0
5ba7eb50b25bd20543e42f9cc50394ed,1404/01/31,834713.0,1133155.0,1133155.0
5ba7eb50b25bd20543e42f9cc50394ed,1404/02/31,1979105.0,2956812.0,1823657.0
5ba7eb50b25bd20543e42f9cc50394ed,1404/03/31,3271303.0,4849214.0,1892402.0
5ba7eb50b25bd20543e42f9cc50394ed,1404/04/31,3271303.0,6721558.0,1872344.0
5ba7eb50b25bd20543e42f9cc50394ed,1404/05/31,6192394.0,8806400.0,2084842.0
5ba7eb50b25bd20543e42f9cc50394ed,1404/06/31,7479157.0,10060745.0,1254344.0
5ba7eb50b25bd20543e42f9cc50394ed,1404/07/30,9309421.0,12054045.0,2365127.0
5ba7eb50b25bd20543e42f9cc50394ed,1404/08/30,11070608.0,14742704.0,2688659.0
5ba7eb50b25bd20543e42f9cc50394ed,1404/09/30,12741444.0,17301011.0,2558307.0
5ba7eb50b25bd20543e42f9cc50394ed,1404/10/30,14341700.0,19827243.0,2526232.0
5ba7eb50b25bd20543e42f9cc50394ed,1404/11/30,15975317.0,22713081.0,2885838.0
5ba7eb50b25bd20543e42f9cc50394ed,1404/12/29,16546339.0,24104779.0,1391698.0
5ba7eb50b25bd20543e42f9cc50394ed,1405/01/31,1133155.0,1585371.0,1585371.0
5ba7eb50b25bd20543e42f9cc50394ed,1405/02/31,2956812.0,5595279.0,4009908.0
5ba7eb50b25bd20543e42f9cc50394ed,1405/03/31,0.0,0.0,8045483.0
5d5c836b94dd5814744b8f6f549c51e8,1399/06/31,705703.0,1076944.0,250919.0
5d5c836b94dd5814744b8f6f549c51e8,1399/07/30,1306958.0,230014.0,1076944.0
5d5c836b94dd5814744b8f6f549c51e8,1399/08/30,1450668.0,143710.0,1306958.0
5d5c836b94dd5814744b8f6f549c51e8,1399/09/30,1450668.0,1583379.0,132711.0
5d5c836b94dd5814744b8f6f549c51e8,1399/10/30,1583379.0,1853642.0,270263.0
5d5c836b94dd5814744b8f6f549c51e8,1399/11/30,1550735.0,2109725.0,256083.0
5d5c836b94dd5814744b8f6f549c51e8,1399/12/30,1698297.0,2395654.0,285929.0
5d5c836b94dd5814744b8f6f549c51e8,1400/01/31,123801.0,278816.0,278816.0
5d5c836b94dd5814744b8f6f549c51e8,1400/02/31,366283.0,599769.0,320953.0
5d5c836b94dd5814744b8f6f549c51e8,1400/03/31,599769.0,854146.0,250139.0
5d5c836b94dd5814744b8f6f549c51e8,1400/04/31,625094.0,1068277.0,214131.0
5d5c836b94dd5814744b8f6f549c51e8,1400/05/31,826025.0,1325488.0,257211.0
5d5c836b94dd5814744b8f6f549c51e8,1400/06/31,1076944.0,1686973.0,361485.0
5d5c836b94dd5814744b8f6f549c51e8,1400/07/30,1306958.0,1821028.0,134055.0
5d5c836b94dd5814744b8f6f549c51e8,1400/08/30,1450668.0,2025336.0,204308.0
5d5c836b94dd5814744b8f6f549c51e8,1400/09/30,1583379.0,2415094.0,389758.0
5d5c836b94dd5814744b8f6f549c51e8,1400/10/30,1853642.0,2910560.0,495466.0
5d5c836b94dd5814744b8f6f549c51e8,1400/11/30,2109725.0,3630145.0,719585.0
5d5c836b94dd5814744b8f6f549c51e8,1400/12/29,2395424.0,4413417.0,783046.0
5d5c836b94dd5814744b8f6f549c51e8,1401/01/31,278816.0,601300.0,601300.0
5d5c836b94dd5814744b8f6f549c51e8,1401/02/31,442082.0,1040247.0,438949.0
5d5c836b94dd5814744b8f6f549c51e8,1401/03/31,854146.0,1478157.0,437910.0
5d5c836b94dd5814744b8f6f549c51e8,1401/04/31,1068279.0,2106792.0,628635.0
5d5c836b94dd5814744b8f6f549c51e8,1401/05/31,1325488.0,2644212.0,537420.0
5d5c836b94dd5814744b8f6f549c51e8,1401/06/31,1686974.0,3315257.0,671041.0
5d5c836b94dd5814744b8f6f549c51e8,1401/07/30,1821029.0,3845847.0,530590.0
5d5c836b94dd5814744b8f6f549c51e8,1401/08/30,2025341.0,4351840.0,505993.0
5d5c836b94dd5814744b8f6f549c51e8,1401/09/30,2415095.0,4980197.0,628357.0
5d5c836b94dd5814744b8f6f549c51e8,1401/10/30,2910561.0,5569229.0,589032.0
5d5c836b94dd5814744b8f6f549c51e8,1401/11/30,3630146.0,6128997.0,559768.0
5d5c836b94dd5814744b8f6f549c51e8,1401/12/29,4413417.0,7145863.0,1016866.0
5d5c836b94dd5814744b8f6f549c51e8,1402/01/31,598740.0,611300.0,611300.0
5d5c836b94dd5814744b8f6f549c51e8,1402/02/31,1040247.0,1408556.0,797256.0
5d5c836b94dd5814744b8f6f549c51e8,1402/03/31,1478157.0,2283756.0,875199.0
5d5c836b94dd5814744b8f6f549c51e8,1402/04/31,2106792.0,3187752.0,903996.0
5d5c836b94dd5814744b8f6f549c51e8,1402/05/31,2644212.0,4077484.0,889732.0
5d5c836b94dd5814744b8f6f549c51e8,1402/06/31,3315257.0,5038367.0,960883.0
5d5c836b94dd5814744b8f6f549c51e8,1402/07/30,3845847.0,5927140.0,888773.0
5d5c836b94dd5814744b8f6f549c51e8,1402/08/30,4351840.0,6763249.0,836109.0
5d5c836b94dd5814744b8f6f549c51e8,1402/09/30,4980197.0,7545185.0,781936.0
5d5c836b94dd5814744b8f6f549c51e8,1402/10/30,5569229.0,8300489.0,755304.0
5d5c836b94dd5814744b8f6f549c51e8,1402/11/30,6128997.0,9055883.0,755394.0
5d5c836b94dd5814744b8f6f549c51e8,1402/12/29,7145863.0,9968183.0,912300.0
5d5c836b94dd5814744b8f6f549c51e8,1403/01/31,611300.0,728918.0,728918.0
5d5c836b94dd5814744b8f6f549c51e8,1403/02/31,1408556.0,1719164.0,990246.0
5d5c836b94dd5814744b8f6f549c51e8,1403/03/31,2283756.0,2696136.0,976972.0
5d5c836b94dd5814744b8f6f549c51e8,1403/04/31,3187752.0,3704816.0,1008680.0
5d5c836b94dd5814744b8f6f549c51e8,1403/05/31,4077484.0,4495554.0,790738.0
5d5c836b94dd5814744b8f6f549c51e8,1403/06/31,5038367.0,5727313.0,1231759.0
5d5c836b94dd5814744b8f6f549c51e8,1403/07/30,5927140.0,6840343.0,1113030.0
5d5c836b94dd5814744b8f6f549c51e8,1403/08/30,6763249.0,7772508.0,932165.0
5d5c836b94dd5814744b8f6f549c51e8,1403/09/30,7545185.0,8564531.0,792023.0
5d5c836b94dd5814744b8f6f549c51e8,1403/10/30,8300489.0,9511757.0,947226.0
5d5c836b94dd5814744b8f6f549c51e8,1403/11/30,9055883.0,10659898.0,1148141.0
5d5c836b94dd5814744b8f6f549c51e8,1403/12/30,9968183.0,12057890.0,1397992.0
5d5c836b94dd5814744b8f6f549c51e8,1404/01/31,728918.0,1262082.0,1262082.0
5d5c836b94dd5814744b8f6f549c51e8,1404/02/31,1719164.0,3277317.0,2015235.0
5d5c836b94dd5814744b8f6f549c51e8,1404/03/31,5114539.0,1837222.0,3277317.0
5d5c836b94dd5814744b8f6f549c51e8,1404/04/31,2691782.0,6855555.0,1741016.0
5d5c836b94dd5814744b8f6f549c51e8,1404/05/31,3360528.0,8298788.0,1443233.0
5d5c836b94dd5814744b8f6f549c51e8,1404/06/31,10014175.0,1715387.0,8298788.0
5d5c836b94dd5814744b8f6f549c51e8,1404/07/30,5403631.0,11808574.0,1800744.0
5d5c836b94dd5814744b8f6f549c51e8,1404/08/30,6187595.0,13587810.0,1779236.0
5d5c836b94dd5814744b8f6f549c51e8,1404/09/30,15128376.0,1540566.0,13587810.0
5d5c836b94dd5814744b8f6f549c51e8,1404/10/30,7649503.0,16436791.0,1308415.0
5d5c836b94dd5814744b8f6f549c51e8,1405/02/31,3277317.0,3779995.0,2379757.0
5d5c836b94dd5814744b8f6f549c51e8,1405/03/31,0.0,0.0,2295075.0
5d9142cab82acfbf6d12ef1824abd59b,1402/07/30,16253415.0,30331891.0,3374705.0
5d9142cab82acfbf6d12ef1824abd59b,1402/08/30,18576429.0,33710485.0,3378775.0
5d9142cab82acfbf6d12ef1824abd59b,1402/09/30,20866958.0,37209422.0,3493357.0
5d9142cab82acfbf6d12ef1824abd59b,1402/10/30,2098706.0,3516639.0,3516639.0
5d9142cab82acfbf6d12ef1824abd59b,1402/11/30,33187987.0,7163362.0,3592205.0
5d9142cab82acfbf6d12ef1824abd59b,1402/12/29,36481558.0,10614871.0,3451822.0
5d9142cab82acfbf6d12ef1824abd59b,1403/01/31,9673596.0,13453456.0,2838585.0
5d9142cab82acfbf6d12ef1824abd59b,1403/02/31,13196197.0,16893213.0,3439683.0
5d9142cab82acfbf6d12ef1824abd59b,1403/03/31,16696577.0,19938949.0,3046278.0
5d9142cab82acfbf6d12ef1824abd59b,1403/04/31,19608919.0,23062331.0,3123383.0
5d9142cab82acfbf6d12ef1824abd59b,1403/05/31,23076999.0,26838507.0,3765121.0
5d9142cab82acfbf6d12ef1824abd59b,1403/06/31,26434688.0,30215997.0,3374733.0
5d9142cab82acfbf6d12ef1824abd59b,1403/07/30,29809212.0,34112064.0,3896067.0
5d9142cab82acfbf6d12ef1824abd59b,1403/08/30,33193532.0,38302834.0,4190815.0
5d9142cab82acfbf6d12ef1824abd59b,1403/09/30,36516858.0,43117236.0,4811900.0
5d9142cab82acfbf6d12ef1824abd59b,1403/10/30,3516639.0,4278513.0,4278513.0
5d9142cab82acfbf6d12ef1824abd59b,1403/11/30,7163049.0,8995307.0,4717297.0
5d9142cab82acfbf6d12ef1824abd59b,1403/12/30,10614871.0,13780823.0,4787758.0
5d9142cab82acfbf6d12ef1824abd59b,1404/01/31,13453530.0,17184596.0,3403773.0
5d9142cab82acfbf6d12ef1824abd59b,1404/02/31,16892671.0,20589243.0,3401667.0
5d9142cab82acfbf6d12ef1824abd59b,1404/03/31,20349519.0,24642337.0,4053422.0
5d9142cab82acfbf6d12ef1824abd59b,1404/04/31,23483957.0,28790185.0,4021700.0
5d9142cab82acfbf6d12ef1824abd59b,1404/05/31,27251835.0,33492366.0,4702181.0
5d9142cab82acfbf6d12ef1824abd59b,1404/06/31,30784473.0,38552963.0,5112677.0
5d9142cab82acfbf6d12ef1824abd59b,1404/07/30,23472902.0,43815003.0,5221282.0
5d9142cab82acfbf6d12ef1824abd59b,1404/08/30,38865013.0,49324677.0,5492002.0
5d9142cab82acfbf6d12ef1824abd59b,1404/09/30,43103416.0,55692836.0,6319331.0
5d9142cab82acfbf6d12ef1824abd59b,1404/10/30,4278513.0,8471302.0,8471302.0
5d9142cab82acfbf6d12ef1824abd59b,1404/11/30,8993555.0,17377841.0,8933946.0
5d9142cab82acfbf6d12ef1824abd59b,1404/12/29,13692316.0,25010884.0,7635473.0
5d9142cab82acfbf6d12ef1824abd59b,1405/01/31,17096089.0,33430732.0,8420608.0
5d9142cab82acfbf6d12ef1824abd59b,1405/02/31,20588915.0,46328215.0,12876213.0
5d9142cab82acfbf6d12ef1824abd59b,1405/03/31,0.0,0.0,11330600.0
5d9142cab82acfbf6d12ef1824abd59b,1405/04/31,0.0,0.0,12121496.0
62475be81f64f0f74b0f1f4a798dd2c5,1399/01/31,6328447.0,2079846.0,1039923.0
62475be81f64f0f74b0f1f4a798dd2c5,1399/02/31,6257090.0,2200918.0,1160995.0
62475be81f64f0f74b0f1f4a798dd2c5,1399/03/31,6257090.0,3613169.0,1412251.0
62475be81f64f0f74b0f1f4a798dd2c5,1399/04/31,6257090.0,4762168.0,1148999.0
62475be81f64f0f74b0f1f4a798dd2c5,1399/05/31,6257090.0,6294130.0,1531962.0
62475be81f64f0f74b0f1f4a798dd2c5,1399/06/31,6257090.0,8021405.0,1727275.0
62475be81f64f0f74b0f1f4a798dd2c5,1399/07/30,6257090.0,9578149.0,1556744.0
62475be81f64f0f74b0f1f4a798dd2c5,1399/08/30,6257090.0,11083844.0,1505695.0
62475be81f64f0f74b0f1f4a798dd2c5,1399/09/30,6257090.0,12632393.0,1548549.0
62475be81f64f0f74b0f1f4a798dd2c5,1399/10/30,6257090.0,14046689.0,1414296.0
62475be81f64f0f74b0f1f4a798dd2c5,1399/11/30,6257090.0,15288898.0,1242209.0
62475be81f64f0f74b0f1f4a798dd2c5,1399/12/30,6257090.0,17186083.0,1897185.0
62475be81f64f0f74b0f1f4a798dd2c5,1400/01/31,17185588.0,2211857.0,2211857.0
62475be81f64f0f74b0f1f4a798dd2c5,1400/02/31,17185588.0,4077878.0,1866021.0
62475be81f64f0f74b0f1f4a798dd2c5,1400/03/31,17185993.0,6065252.0,1987374.0
62475be81f64f0f74b0f1f4a798dd2c5,1400/04/31,17185993.0,8341485.0,2276233.0
62475be81f64f0f74b0f1f4a798dd2c5,1400/05/31,17185993.0,10665094.0,2323609.0
62475be81f64f0f74b0f1f4a798dd2c5,1400/06/31,17185993.0,12997989.0,2332895.0
62475be81f64f0f74b0f1f4a798dd2c5,1400/07/30,17185993.0,15207066.0,2209077.0
62475be81f64f0f74b0f1f4a798dd2c5,1400/08/30,17185993.0,17219553.0,2012487.0
62475be81f64f0f74b0f1f4a798dd2c5,1400/09/30,17185993.0,19167827.0,1948274.0
62475be81f64f0f74b0f1f4a798dd2c5,1400/10/30,17185993.0,21174723.0,2006896.0
62475be81f64f0f74b0f1f4a798dd2c5,1400/11/30,17185993.0,23199995.0,2025272.0
62475be81f64f0f74b0f1f4a798dd2c5,1400/12/29,17185993.0,26235338.0,3035343.0
62475be81f64f0f74b0f1f4a798dd2c5,1401/01/31,26233905.0,2036601.0,2036601.0
62475be81f64f0f74b0f1f4a798dd2c5,1401/02/31,26233905.0,4091186.0,2054585.0
62475be81f64f0f74b0f1f4a798dd2c5,1401/04/31,26233905.0,13467157.0,7266420.0
62475be81f64f0f74b0f1f4a798dd2c5,1401/05/31,26233905.0,16592008.0,3124851.0
62475be81f64f0f74b0f1f4a798dd2c5,1401/06/31,26233905.0,19155530.0,2563522.0
62475be81f64f0f74b0f1f4a798dd2c5,1401/07/30,20176697.0,1021167.0,19155530.0
62475be81f64f0f74b0f1f4a798dd2c5,1401/08/30,26233905.0,21233001.0,1056304.0
62475be81f64f0f74b0f1f4a798dd2c5,1401/09/30,26233905.0,22521454.0,1288453.0
62475be81f64f0f74b0f1f4a798dd2c5,1401/10/30,26233905.0,23846853.0,1325399.0
62475be81f64f0f74b0f1f4a798dd2c5,1401/11/30,25253229.0,1406376.0,23846853.0
62475be81f64f0f74b0f1f4a798dd2c5,1401/12/29,26233905.0,27269201.0,2015972.0
62475be81f64f0f74b0f1f4a798dd2c5,1402/01/31,27269201.0,1503848.0,1503848.0
62475be81f64f0f74b0f1f4a798dd2c5,1402/02/31,52202202.0,3373353.0,1869505.0
62475be81f64f0f74b0f1f4a798dd2c5,1402/03/31,52202202.0,5298203.0,1924850.0
62475be81f64f0f74b0f1f4a798dd2c5,1402/04/31,52202202.0,7262212.0,1964009.0
62475be81f64f0f74b0f1f4a798dd2c5,1402/05/31,52202202.0,9302654.0,2040442.0
62475be81f64f0f74b0f1f4a798dd2c5,1402/06/31,52202202.0,11414800.0,2112146.0
62475be81f64f0f74b0f1f4a798dd2c5,1402/07/30,52202202.0,13541844.0,2127044.0
62475be81f64f0f74b0f1f4a798dd2c5,1402/08/30,52202202.0,15677622.0,2135778.0
62475be81f64f0f74b0f1f4a798dd2c5,1402/09/30,52202202.0,13965431.0,2487809.0
62475be81f64f0f74b0f1f4a798dd2c5,1402/10/30,52202202.0,15266211.0,1300780.0
62475be81f64f0f74b0f1f4a798dd2c5,1402/11/30,52202202.0,16368703.0,1102492.0
62475be81f64f0f74b0f1f4a798dd2c5,1402/12/29,52202202.0,17741195.0,1372492.0
62475be81f64f0f74b0f1f4a798dd2c5,1403/01/31,20736599.0,869306.0,869306.0
62475be81f64f0f74b0f1f4a798dd2c5,1403/02/31,20736599.0,1848741.0,979435.0
62475be81f64f0f74b0f1f4a798dd2c5,1403/03/31,25849383.0,4265596.0,2416855.0
62475be81f64f0f74b0f1f4a798dd2c5,1403/04/31,25849383.0,5298618.0,1033022.0
62475be81f64f0f74b0f1f4a798dd2c5,1403/05/31,25849383.0,6925201.0,1626583.0
62475be81f64f0f74b0f1f4a798dd2c5,1403/06/31,25849383.0,8029620.0,1104419.0
62475be81f64f0f74b0f1f4a798dd2c5,1403/07/30,25849383.0,9289202.0,1259582.0
62475be81f64f0f74b0f1f4a798dd2c5,1403/08/30,25849383.0,10834154.0,1544952.0
62475be81f64f0f74b0f1f4a798dd2c5,1403/09/30,25849383.0,12069065.0,1234911.0
62475be81f64f0f74b0f1f4a798dd2c5,1403/10/30,25849383.0,13519921.0,1450856.0
62475be81f64f0f74b0f1f4a798dd2c5,1403/11/30,25849383.0,14467178.0,2186452.0
62475be81f64f0f74b0f1f4a798dd2c5,1403/12/30,25849383.0,15490272.0,1023094.0
62475be81f64f0f74b0f1f4a798dd2c5,1404/01/31,15455625.0,924038.0,924038.0
62475be81f64f0f74b0f1f4a798dd2c5,1404/02/31,15455625.0,1867971.0,943933.0
62475be81f64f0f74b0f1f4a798dd2c5,1404/03/31,15455625.0,2734716.0,866745.0
62475be81f64f0f74b0f1f4a798dd2c5,1404/04/31,15455625.0,3580615.0,845899.0
62475be81f64f0f74b0f1f4a798dd2c5,1404/05/31,15455625.0,4412149.0,831534.0
62475be81f64f0f74b0f1f4a798dd2c5,1404/06/31,15455625.0,5551956.0,1139807.0
62475be81f64f0f74b0f1f4a798dd2c5,1404/07/30,15455625.0,6573027.0,1021071.0
62475be81f64f0f74b0f1f4a798dd2c5,1404/08/30,15455625.0,7553113.0,980086.0
62475be81f64f0f74b0f1f4a798dd2c5,1404/09/30,15455625.0,8527201.0,974088.0
62475be81f64f0f74b0f1f4a798dd2c5,1404/10/30,15455625.0,9246512.0,719311.0
62475be81f64f0f74b0f1f4a798dd2c5,1404/11/30,15455625.0,9957669.0,711157.0
62475be81f64f0f74b0f1f4a798dd2c5,1404/12/29,15455625.0,10743436.0,785767.0
62475be81f64f0f74b0f1f4a798dd2c5,1405/01/31,10743436.0,563300.0,563300.0
62475be81f64f0f74b0f1f4a798dd2c5,1405/02/31,0.0,0.0,436665.0
62475be81f64f0f74b0f1f4a798dd2c5,1405/03/31,0.0,0.0,669480.0
62475be81f64f0f74b0f1f4a798dd2c5,1405/04/31,0.0,0.0,520567.0
62a63aab5e5f97d82fe87b1c3a34f7f2,1399/04/31,26793588.0,21437507.0,7956362.0
62a63aab5e5f97d82fe87b1c3a34f7f2,1399/05/31,32900989.0,27687979.0,6250472.0
62a63aab5e5f97d82fe87b1c3a34f7f2,1399/06/31,39120403.0,36396098.0,8708119.0
62a63aab5e5f97d82fe87b1c3a34f7f2,1399/07/30,42384081.0,46903776.0,10507678.0
62a63aab5e5f97d82fe87b1c3a34f7f2,1399/08/30,48735269.0,58928820.0,12025044.0
62a63aab5e5f97d82fe87b1c3a34f7f2,1399/09/30,55540990.0,73607550.0,14678730.0
62a63aab5e5f97d82fe87b1c3a34f7f2,1399/10/30,60028584.0,91039576.0,16351183.0
62a63aab5e5f97d82fe87b1c3a34f7f2,1399/11/30,71700451.0,112768808.0,21135523.0
62a63aab5e5f97d82fe87b1c3a34f7f2,1399/12/30,80452055.0,131189405.0,18088528.0
62a63aab5e5f97d82fe87b1c3a34f7f2,1400/01/31,3461356.0,6495412.0,6495412.0
62a63aab5e5f97d82fe87b1c3a34f7f2,1400/02/31,6860171.0,26072696.0,19835240.0
62a63aab5e5f97d82fe87b1c3a34f7f2,1400/03/31,13548031.0,43723885.0,17902932.0
62a63aab5e5f97d82fe87b1c3a34f7f2,1400/04/31,21437507.0,62775715.0,18973110.0
62a63aab5e5f97d82fe87b1c3a34f7f2,1400/05/31,27687979.0,77609958.0,14063435.0
62a63aab5e5f97d82fe87b1c3a34f7f2,1400/06/31,36285614.0,101280199.0,23800078.0
62a63aab5e5f97d82fe87b1c3a34f7f2,1400/07/30,46903776.0,125466689.0,23506696.0
62a63aab5e5f97d82fe87b1c3a34f7f2,1400/08/30,58928820.0,155065351.0,28972270.0
62a63aab5e5f97d82fe87b1c3a34f7f2,1400/09/30,74688392.0,193663497.0,38894385.0
62a63aab5e5f97d82fe87b1c3a34f7f2,1400/10/30,91039576.0,218910244.0,25580839.0
62a63aab5e5f97d82fe87b1c3a34f7f2,1400/11/30,112768808.0,244194164.0,24385995.0
62a63aab5e5f97d82fe87b1c3a34f7f2,1400/12/29,131398196.0,263632351.0,17789130.0
62a63aab5e5f97d82fe87b1c3a34f7f2,1401/01/31,6495412.0,16115058.0,16115058.0
62a63aab5e5f97d82fe87b1c3a34f7f2,1401/02/31,26072696.0,63345135.0,47406030.0
62a63aab5e5f97d82fe87b1c3a34f7f2,1401/03/31,44319687.0,107502968.0,44265233.0
62a63aab5e5f97d82fe87b1c3a34f7f2,1401/04/31,62775715.0,154259811.0,46756843.0
62a63aab5e5f97d82fe87b1c3a34f7f2,1401/05/31,77609958.0,198706338.0,44692088.0
62a63aab5e5f97d82fe87b1c3a34f7f2,1401/06/31,101960017.0,241775840.0,48864210.0
62a63aab5e5f97d82fe87b1c3a34f7f2,1401/07/30,125466689.0,277892855.0,36117015.0
62a63aab5e5f97d82fe87b1c3a34f7f2,1401/08/30,155065351.0,325758131.0,46769165.0
62a63aab5e5f97d82fe87b1c3a34f7f2,1401/09/30,193329409.0,363877471.0,36305430.0
62a63aab5e5f97d82fe87b1c3a34f7f2,1401/10/30,218910244.0,422271240.0,58401308.0
62a63aab5e5f97d82fe87b1c3a34f7f2,1401/11/30,244194164.0,454278801.0,31850800.0
62a63aab5e5f97d82fe87b1c3a34f7f2,1401/12/29,263632351.0,485241922.0,30277985.0
62a63aab5e5f97d82fe87b1c3a34f7f2,1402/01/31,16115058.0,31197905.0,31197905.0
62a63aab5e5f97d82fe87b1c3a34f7f2,1402/02/31,63345135.0,76403663.0,45412355.0
62a63aab5e5f97d82fe87b1c3a34f7f2,1402/03/31,107502968.0,108429128.0,30883239.0
62a63aab5e5f97d82fe87b1c3a34f7f2,1402/04/31,154259811.0,138039718.0,29610590.0
62a63aab5e5f97d82fe87b1c3a34f7f2,1402/05/31,198706338.0,188324089.0,50284371.0
62a63aab5e5f97d82fe87b1c3a34f7f2,1402/06/31,241775840.0,226303528.0,33566539.0
62a63aab5e5f97d82fe87b1c3a34f7f2,1402/07/30,277892855.0,282617180.0,56313652.0
62a63aab5e5f97d82fe87b1c3a34f7f2,1402/08/30,325758131.0,336378833.0,53761653.0
62a63aab5e5f97d82fe87b1c3a34f7f2,1402/09/30,363877471.0,390916174.0,53984070.0
62a63aab5e5f97d82fe87b1c3a34f7f2,1402/10/30,422271240.0,447872478.0,57137216.0
62a63aab5e5f97d82fe87b1c3a34f7f2,1402/11/30,454278801.0,509247083.0,60591794.0
62a63aab5e5f97d82fe87b1c3a34f7f2,1402/12/29,485241922.0,531174071.0,61819319.0
62a63aab5e5f97d82fe87b1c3a34f7f2,1403/01/31,31197905.0,42131880.0,42131880.0
62a63aab5e5f97d82fe87b1c3a34f7f2,1403/02/31,76403663.0,86038561.0,43605980.0
62a63aab5e5f97d82fe87b1c3a34f7f2,1403/03/31,108429128.0,122070806.0,42127193.0
62a63aab5e5f97d82fe87b1c3a34f7f2,1403/04/31,138039718.0,210613539.0,88542733.0
62a63aab5e5f97d82fe87b1c3a34f7f2,1403/05/31,188324089.0,271759564.0,60951195.0
62a63aab5e5f97d82fe87b1c3a34f7f2,1403/06/31,226303528.0,351201232.0,59551629.0
62a63aab5e5f97d82fe87b1c3a34f7f2,1403/07/30,282617180.0,418623773.0,67422540.0
62a63aab5e5f97d82fe87b1c3a34f7f2,1403/08/30,336378833.0,480770644.0,62147939.0
62a63aab5e5f97d82fe87b1c3a34f7f2,1403/09/30,373596395.0,525890990.0,44393860.0
62a63aab5e5f97d82fe87b1c3a34f7f2,1403/10/30,447872478.0,578466550.0,52672335.0
62a63aab5e5f97d82fe87b1c3a34f7f2,1403/11/30,509247083.0,650355476.0,69105376.0
62a63aab5e5f97d82fe87b1c3a34f7f2,1403/12/30,531174071.0,713034977.0,65425494.0
62a63aab5e5f97d82fe87b1c3a34f7f2,1404/01/31,42131880.0,73095842.0,73095842.0
62a63aab5e5f97d82fe87b1c3a34f7f2,1404/02/31,86038561.0,119716757.0,46194880.0
62a63aab5e5f97d82fe87b1c3a34f7f2,1404/03/31,122070806.0,203054627.0,82875370.0
62a63aab5e5f97d82fe87b1c3a34f7f2,1404/04/31,210613539.0,276916817.0,76381807.0
62a63aab5e5f97d82fe87b1c3a34f7f2,1404/05/31,271759564.0,409987660.0,130358147.0
62a63aab5e5f97d82fe87b1c3a34f7f2,1404/06/31,351201232.0,461133467.0,51857375.0
62a63aab5e5f97d82fe87b1c3a34f7f2,1404/07/30,418623773.0,499125786.0,37230618.0
62a63aab5e5f97d82fe87b1c3a34f7f2,1404/08/30,480770644.0,581447198.0,82443658.0
62a63aab5e5f97d82fe87b1c3a34f7f2,1404/09/30,525890990.0,642801603.0,65353558.0
62a63aab5e5f97d82fe87b1c3a34f7f2,1404/10/30,578466550.0,714398248.0,71596645.0
62a63aab5e5f97d82fe87b1c3a34f7f2,1404/11/30,650355476.0,873706425.0,142769649.0
62a63aab5e5f97d82fe87b1c3a34f7f2,1404/12/29,713728730.0,1050727561.0,175284145.0
62a63aab5e5f97d82fe87b1c3a34f7f2,1405/01/31,73444313.0,79518737.0,79518737.0
62a63aab5e5f97d82fe87b1c3a34f7f2,1405/02/31,0.0,0.0,55677217.0
62a63aab5e5f97d82fe87b1c3a34f7f2,1405/03/31,0.0,0.0,111267125.0
62a63aab5e5f97d82fe87b1c3a34f7f2,1405/04/31,0.0,0.0,88303352.0
62a63aab5e5f97d82fe87b1c3a34f7f2,1405/05/31,0.0,0.0,149543870.0
63a5bb96ab3f48206ee3e201f4ac9d85,1401/05/31,0.0,0.0,927791.0
63a5bb96ab3f48206ee3e201f4ac9d85,1401/06/31,0.0,0.0,686021.0
63a5bb96ab3f48206ee3e201f4ac9d85,1401/07/30,0.0,0.0,803824.0
63a5bb96ab3f48206ee3e201f4ac9d85,1401/08/30,0.0,0.0,683663.0
63a5bb96ab3f48206ee3e201f4ac9d85,1401/09/30,0.0,0.0,1162044.0
63a5bb96ab3f48206ee3e201f4ac9d85,1401/10/30,0.0,0.0,2090775.0
63a5bb96ab3f48206ee3e201f4ac9d85,1401/11/30,0.0,0.0,950335.0
63a5bb96ab3f48206ee3e201f4ac9d85,1401/12/29,0.0,0.0,1047796.0
63a5bb96ab3f48206ee3e201f4ac9d85,1402/01/31,0.0,0.0,1156836.0
63a5bb96ab3f48206ee3e201f4ac9d85,1402/02/31,0.0,0.0,1157515.0
63a5bb96ab3f48206ee3e201f4ac9d85,1402/03/31,0.0,0.0,1585714.0
63a5bb96ab3f48206ee3e201f4ac9d85,1402/04/31,0.0,0.0,1914712.0
63a5bb96ab3f48206ee3e201f4ac9d85,1402/05/31,0.0,0.0,1828830.0
63a5bb96ab3f48206ee3e201f4ac9d85,1402/06/31,0.0,0.0,1691967.0
63a5bb96ab3f48206ee3e201f4ac9d85,1402/07/30,0.0,0.0,1006915.0
63a5bb96ab3f48206ee3e201f4ac9d85,1402/08/30,0.0,0.0,834089.0
63a5bb96ab3f48206ee3e201f4ac9d85,1402/09/30,0.0,0.0,1256035.0
63a5bb96ab3f48206ee3e201f4ac9d85,1402/10/30,0.0,0.0,1772062.0
63a5bb96ab3f48206ee3e201f4ac9d85,1402/11/30,0.0,0.0,1519870.0
63a5bb96ab3f48206ee3e201f4ac9d85,1402/12/29,0.0,0.0,234491.0
63a5bb96ab3f48206ee3e201f4ac9d85,1403/01/31,0.0,0.0,845617.0
63a5bb96ab3f48206ee3e201f4ac9d85,1403/02/31,0.0,0.0,499638.0
63a5bb96ab3f48206ee3e201f4ac9d85,1403/03/31,0.0,0.0,1275464.0
63a5bb96ab3f48206ee3e201f4ac9d85,1403/04/31,0.0,0.0,1151818.0
63a5bb96ab3f48206ee3e201f4ac9d85,1403/05/31,0.0,0.0,2071399.0
63a5bb96ab3f48206ee3e201f4ac9d85,1403/06/31,0.0,0.0,1141494.0
63a5bb96ab3f48206ee3e201f4ac9d85,1403/07/30,0.0,0.0,1382830.0
63a5bb96ab3f48206ee3e201f4ac9d85,1403/08/30,0.0,0.0,2418387.0
63a5bb96ab3f48206ee3e201f4ac9d85,1403/09/30,0.0,0.0,1996260.0
63a5bb96ab3f48206ee3e201f4ac9d85,1403/10/30,0.0,0.0,1427171.0
63a5bb96ab3f48206ee3e201f4ac9d85,1403/11/30,0.0,0.0,2095126.0
63a5bb96ab3f48206ee3e201f4ac9d85,1403/12/30,0.0,0.0,2221867.0
63a5bb96ab3f48206ee3e201f4ac9d85,1404/01/31,0.0,0.0,568853.0
63a5bb96ab3f48206ee3e201f4ac9d85,1404/02/31,0.0,0.0,1356994.0
63a5bb96ab3f48206ee3e201f4ac9d85,1404/03/31,0.0,0.0,2011066.0
63a5bb96ab3f48206ee3e201f4ac9d85,1404/04/31,0.0,0.0,2220978.0
63a5bb96ab3f48206ee3e201f4ac9d85,1404/05/31,0.0,0.0,2162724.0
63a5bb96ab3f48206ee3e201f4ac9d85,1404/06/31,0.0,0.0,2659152.0
63a5bb96ab3f48206ee3e201f4ac9d85,1404/07/30,0.0,0.0,3052691.0
63a5bb96ab3f48206ee3e201f4ac9d85,1404/08/30,0.0,0.0,2336367.0
63a5bb96ab3f48206ee3e201f4ac9d85,1404/09/30,0.0,0.0,2083968.0
63a5bb96ab3f48206ee3e201f4ac9d85,1404/10/30,0.0,0.0,3596110.0
63a5bb96ab3f48206ee3e201f4ac9d85,1404/11/30,0.0,0.0,1222998.0
63a5bb96ab3f48206ee3e201f4ac9d85,1404/12/29,0.0,0.0,1268510.0
63a5bb96ab3f48206ee3e201f4ac9d85,1405/01/31,0.0,0.0,1304859.0
63a5bb96ab3f48206ee3e201f4ac9d85,1405/02/31,0.0,0.0,5684687.0
63a5bb96ab3f48206ee3e201f4ac9d85,1405/03/31,0.0,0.0,3715381.0
63a5bb96ab3f48206ee3e201f4ac9d85,1405/04/31,0.0,0.0,5197858.0
63a5bb96ab3f48206ee3e201f4ac9d85,1405/05/31,0.0,0.0,4248966.0
68e6f82aede2360869ceea7a3ea76d08,1399/01/31,83086.0,42979.0,42979.0
68e6f82aede2360869ceea7a3ea76d08,1399/02/31,168182.0,168182.0,125203.0
68e6f82aede2360869ceea7a3ea76d08,1399/03/31,369706.0,201524.0,168182.0
68e6f82aede2360869ceea7a3ea76d08,1399/04/31,633519.0,263813.0,369706.0
68e6f82aede2360869ceea7a3ea76d08,1399/05/31,791354.0,937493.0,303974.0
68e6f82aede2360869ceea7a3ea76d08,1399/06/31,971497.0,1219161.0,281668.0
68e6f82aede2360869ceea7a3ea76d08,1399/07/30,1113764.0,1466176.0,247015.0
68e6f82aede2360869ceea7a3ea76d08,1399/08/30,1302817.0,1767654.0,301478.0
68e6f82aede2360869ceea7a3ea76d08,1399/09/30,1482594.0,2083703.0,316049.0
68e6f82aede2360869ceea7a3ea76d08,1399/10/30,1659522.0,2317850.0,234147.0
68e6f82aede2360869ceea7a3ea76d08,1399/11/30,1844164.0,2526599.0,208749.0
68e6f82aede2360869ceea7a3ea76d08,1399/12/30,1988126.0,2773011.0,246412.0
68e6f82aede2360869ceea7a3ea76d08,1400/01/31,42979.0,127048.0,127048.0
68e6f82aede2360869ceea7a3ea76d08,1400/02/31,168182.0,613616.0,486568.0
68e6f82aede2360869ceea7a3ea76d08,1400/03/31,369706.0,1054815.0,441199.0
68e6f82aede2360869ceea7a3ea76d08,1400/04/31,633519.0,1432123.0,377308.0
68e6f82aede2360869ceea7a3ea76d08,1400/05/31,303974.0,1904841.0,472718.0
68e6f82aede2360869ceea7a3ea76d08,1400/06/31,1219161.0,2328311.0,423470.0
68e6f82aede2360869ceea7a3ea76d08,1400/07/30,1466176.0,2737268.0,408957.0
68e6f82aede2360869ceea7a3ea76d08,1400/08/30,1767654.0,3240753.0,503485.0
68e6f82aede2360869ceea7a3ea76d08,1400/09/30,2083703.0,3778304.0,537551.0
68e6f82aede2360869ceea7a3ea76d08,1400/10/30,2317850.0,4210192.0,431888.0
68e6f82aede2360869ceea7a3ea76d08,1400/11/30,2526599.0,4773058.0,562866.0
68e6f82aede2360869ceea7a3ea76d08,1400/12/29,2773011.0,5276173.0,503115.0
68e6f82aede2360869ceea7a3ea76d08,1401/01/31,127048.0,437898.0,437898.0
68e6f82aede2360869ceea7a3ea76d08,1401/02/31,613616.0,1034004.0,596106.0
68e6f82aede2360869ceea7a3ea76d08,1401/03/31,1054815.0,1554302.0,520298.0
68e6f82aede2360869ceea7a3ea76d08,1401/04/31,1432123.0,2134661.0,580359.0
68e6f82aede2360869ceea7a3ea76d08,1401/05/31,1904841.0,2677154.0,542493.0
68e6f82aede2360869ceea7a3ea76d08,1401/06/31,2328311.0,3526586.0,849432.0
68e6f82aede2360869ceea7a3ea76d08,1401/07/30,2737268.0,4303972.0,777386.0
68e6f82aede2360869ceea7a3ea76d08,1401/08/30,3240753.0,5023489.0,719517.0
68e6f82aede2360869ceea7a3ea76d08,1401/09/30,3778304.0,5785287.0,761798.0
68e6f82aede2360869ceea7a3ea76d08,1401/10/30,4210192.0,6644863.0,859576.0
68e6f82aede2360869ceea7a3ea76d08,1401/11/30,4773058.0,7645606.0,1000743.0
68e6f82aede2360869ceea7a3ea76d08,1401/12/29,5276173.0,8353809.0,708203.0
68e6f82aede2360869ceea7a3ea76d08,1402/01/31,437898.0,415272.0,415272.0
68e6f82aede2360869ceea7a3ea76d08,1402/02/31,1034004.0,1293771.0,878499.0
68e6f82aede2360869ceea7a3ea76d08,1402/03/31,1554302.0,2110119.0,816348.0
68e6f82aede2360869ceea7a3ea76d08,1402/04/31,2134661.0,3078093.0,967974.0
68e6f82aede2360869ceea7a3ea76d08,1402/05/31,2677057.0,4103986.0,1027033.0
68e6f82aede2360869ceea7a3ea76d08,1402/06/31,3526586.0,5054915.0,950929.0
68e6f82aede2360869ceea7a3ea76d08,1402/07/30,4303972.0,5762285.0,707370.0
68e6f82aede2360869ceea7a3ea76d08,1402/08/30,5023489.0,6829102.0,1066817.0
68e6f82aede2360869ceea7a3ea76d08,1402/09/30,5785287.0,7855260.0,1026158.0
68e6f82aede2360869ceea7a3ea76d08,1402/10/30,6644863.0,8862976.0,1007716.0
68e6f82aede2360869ceea7a3ea76d08,1402/11/30,7645606.0,9650293.0,787317.0
68e6f82aede2360869ceea7a3ea76d08,1402/12/29,8353809.0,10742149.0,1091856.0
68e6f82aede2360869ceea7a3ea76d08,1403/01/31,415272.0,462384.0,462384.0
68e6f82aede2360869ceea7a3ea76d08,1403/02/31,1293771.0,1426035.0,963651.0
68e6f82aede2360869ceea7a3ea76d08,1403/03/31,2110119.0,2384162.0,958127.0
68e6f82aede2360869ceea7a3ea76d08,1403/04/31,3078093.0,3612944.0,1228782.0
68e6f82aede2360869ceea7a3ea76d08,1403/05/31,4103986.0,4645916.0,1032972.0
68e6f82aede2360869ceea7a3ea76d08,1403/06/31,5054915.0,5739285.0,1093369.0
68e6f82aede2360869ceea7a3ea76d08,1403/07/30,5762285.0,7099329.0,1360044.0
68e6f82aede2360869ceea7a3ea76d08,1403/08/30,6829102.0,8211457.0,1112128.0
68e6f82aede2360869ceea7a3ea76d08,1403/09/30,7855260.0,9692820.0,1481363.0
68e6f82aede2360869ceea7a3ea76d08,1403/10/30,8862976.0,11344107.0,1651287.0
68e6f82aede2360869ceea7a3ea76d08,1403/11/30,9650293.0,12918504.0,1574397.0
68e6f82aede2360869ceea7a3ea76d08,1403/12/30,10742149.0,14530839.0,1612335.0
68e6f82aede2360869ceea7a3ea76d08,1404/01/31,462384.0,1150655.0,1150655.0
68e6f82aede2360869ceea7a3ea76d08,1404/02/31,1426035.0,3161546.0,2010891.0
68e6f82aede2360869ceea7a3ea76d08,1404/03/31,2384162.0,5534065.0,2372519.0
68e6f82aede2360869ceea7a3ea76d08,1404/04/31,3612944.0,7705178.0,2171113.0
68e6f82aede2360869ceea7a3ea76d08,1404/05/31,4645916.0,9538772.0,1833594.0
68e6f82aede2360869ceea7a3ea76d08,1404/06/31,5739285.0,11895496.0,2356724.0
68e6f82aede2360869ceea7a3ea76d08,1404/07/30,7099329.0,14417143.0,2521647.0
68e6f82aede2360869ceea7a3ea76d08,1404/08/30,8211457.0,17270466.0,2853323.0
68e6f82aede2360869ceea7a3ea76d08,1404/09/30,9692820.0,20305330.0,3034864.0
68e6f82aede2360869ceea7a3ea76d08,1404/10/30,11344107.0,23454149.0,3148819.0
68e6f82aede2360869ceea7a3ea76d08,1404/11/30,12918504.0,26985976.0,3531827.0
68e6f82aede2360869ceea7a3ea76d08,1404/12/29,14530839.0,31444554.0,4458578.0
68e6f82aede2360869ceea7a3ea76d08,1405/01/31,1150655.0,1279314.0,1279314.0
68e6f82aede2360869ceea7a3ea76d08,1405/02/31,3161546.0,6474356.0,5195042.0
68e6f82aede2360869ceea7a3ea76d08,1405/03/31,0.0,0.0,5113494.0
68e6f82aede2360869ceea7a3ea76d08,1405/04/31,0.0,0.0,5704221.0
68e6f82aede2360869ceea7a3ea76d08,1405/05/31,0.0,0.0,4691585.0
6a68f93c59cc3f3e981255fe2b2eedc1,1400/02/31,0.0,0.0,384707.0
6a68f93c59cc3f3e981255fe2b2eedc1,1400/03/31,0.0,0.0,481218.0
6a68f93c59cc3f3e981255fe2b2eedc1,1400/04/31,0.0,0.0,506966.0
6a68f93c59cc3f3e981255fe2b2eedc1,1400/05/31,0.0,0.0,461419.0
6a68f93c59cc3f3e981255fe2b2eedc1,1400/06/31,0.0,0.0,641722.0
6a68f93c59cc3f3e981255fe2b2eedc1,1400/07/30,0.0,0.0,489675.0
6a68f93c59cc3f3e981255fe2b2eedc1,1400/08/30,0.0,0.0,469411.0
6a68f93c59cc3f3e981255fe2b2eedc1,1400/09/30,0.0,0.0,481060.0
6a68f93c59cc3f3e981255fe2b2eedc1,1400/10/30,0.0,0.0,516927.0
6a68f93c59cc3f3e981255fe2b2eedc1,1400/11/30,0.0,0.0,600309.0
6a68f93c59cc3f3e981255fe2b2eedc1,1400/12/29,0.0,0.0,627913.0
6a68f93c59cc3f3e981255fe2b2eedc1,1401/01/31,0.0,0.0,389784.0
6a68f93c59cc3f3e981255fe2b2eedc1,1401/02/31,0.0,0.0,702709.0
6a68f93c59cc3f3e981255fe2b2eedc1,1401/03/31,0.0,0.0,665140.0
6a68f93c59cc3f3e981255fe2b2eedc1,1401/04/31,0.0,0.0,744784.0
6a68f93c59cc3f3e981255fe2b2eedc1,1401/05/31,0.0,0.0,750917.0
6a68f93c59cc3f3e981255fe2b2eedc1,1401/06/31,0.0,0.0,754519.0
6a68f93c59cc3f3e981255fe2b2eedc1,1401/07/30,0.0,0.0,797260.0
6a68f93c59cc3f3e981255fe2b2eedc1,1401/08/30,0.0,0.0,850264.0
6a68f93c59cc3f3e981255fe2b2eedc1,1401/09/30,0.0,0.0,841667.0
6a68f93c59cc3f3e981255fe2b2eedc1,1401/10/30,0.0,0.0,935487.0
6a68f93c59cc3f3e981255fe2b2eedc1,1401/11/30,0.0,0.0,1020873.0
6a68f93c59cc3f3e981255fe2b2eedc1,1401/12/29,0.0,0.0,1026655.0
6a68f93c59cc3f3e981255fe2b2eedc1,1402/01/31,0.0,0.0,889829.0
6a68f93c59cc3f3e981255fe2b2eedc1,1402/02/31,0.0,0.0,1060210.0
6a68f93c59cc3f3e981255fe2b2eedc1,1402/03/31,0.0,0.0,1065329.0
6a68f93c59cc3f3e981255fe2b2eedc1,1402/04/31,0.0,0.0,1063226.0
6a68f93c59cc3f3e981255fe2b2eedc1,1402/05/31,0.0,0.0,1193653.0
6a68f93c59cc3f3e981255fe2b2eedc1,1402/06/31,0.0,0.0,1475453.0
6a68f93c59cc3f3e981255fe2b2eedc1,1402/07/30,0.0,0.0,1706977.0
6a68f93c59cc3f3e981255fe2b2eedc1,1402/08/30,0.0,0.0,1580885.0
6a68f93c59cc3f3e981255fe2b2eedc1,1402/09/30,0.0,0.0,1461146.0
6a68f93c59cc3f3e981255fe2b2eedc1,1402/10/30,0.0,0.0,1242127.0
6a68f93c59cc3f3e981255fe2b2eedc1,1402/11/30,0.0,0.0,1764518.0
6a68f93c59cc3f3e981255fe2b2eedc1,1402/12/29,0.0,0.0,1303468.0
6a68f93c59cc3f3e981255fe2b2eedc1,1403/01/31,0.0,0.0,684780.0
6a68f93c59cc3f3e981255fe2b2eedc1,1403/02/31,0.0,0.0,1246267.0
6a68f93c59cc3f3e981255fe2b2eedc1,1403/03/31,0.0,0.0,1329950.0
6a68f93c59cc3f3e981255fe2b2eedc1,1403/04/31,0.0,0.0,787277.0
6a68f93c59cc3f3e981255fe2b2eedc1,1403/05/31,0.0,0.0,1553351.0
6a68f93c59cc3f3e981255fe2b2eedc1,1403/06/31,0.0,0.0,1408426.0
6a68f93c59cc3f3e981255fe2b2eedc1,1403/07/30,0.0,0.0,1170371.0
6a68f93c59cc3f3e981255fe2b2eedc1,1403/08/30,0.0,0.0,1454301.0
6a68f93c59cc3f3e981255fe2b2eedc1,1403/09/30,0.0,0.0,1359205.0
6a68f93c59cc3f3e981255fe2b2eedc1,1403/10/30,0.0,0.0,1814685.0
6a68f93c59cc3f3e981255fe2b2eedc1,1403/11/30,0.0,0.0,1584207.0
6a68f93c59cc3f3e981255fe2b2eedc1,1403/12/30,0.0,0.0,1710852.0
6a68f93c59cc3f3e981255fe2b2eedc1,1404/01/31,0.0,0.0,999619.0
6a68f93c59cc3f3e981255fe2b2eedc1,1404/02/31,0.0,0.0,1358463.0
6a68f93c59cc3f3e981255fe2b2eedc1,1404/03/31,0.0,0.0,870072.0
6a68f93c59cc3f3e981255fe2b2eedc1,1404/04/31,0.0,0.0,1025677.0
6a68f93c59cc3f3e981255fe2b2eedc1,1404/05/31,0.0,0.0,2325512.0
6a68f93c59cc3f3e981255fe2b2eedc1,1404/06/31,0.0,0.0,1675073.0
6a68f93c59cc3f3e981255fe2b2eedc1,1404/07/30,0.0,0.0,2216183.0
6a68f93c59cc3f3e981255fe2b2eedc1,1404/08/30,0.0,0.0,2428903.0
6a68f93c59cc3f3e981255fe2b2eedc1,1404/09/30,0.0,0.0,2228251.0
6a68f93c59cc3f3e981255fe2b2eedc1,1404/10/30,0.0,0.0,1341378.0
6a68f93c59cc3f3e981255fe2b2eedc1,1404/11/30,0.0,0.0,2451260.0
6a68f93c59cc3f3e981255fe2b2eedc1,1404/12/29,0.0,0.0,1981717.0
6a68f93c59cc3f3e981255fe2b2eedc1,1405/01/31,0.0,0.0,1529381.0
6a68f93c59cc3f3e981255fe2b2eedc1,1405/02/31,0.0,0.0,3004404.0
6a68f93c59cc3f3e981255fe2b2eedc1,1405/03/31,0.0,0.0,2885421.0
6a68f93c59cc3f3e981255fe2b2eedc1,1405/04/31,0.0,0.0,2658532.0
6b88726e82dff2001540bb7b87e2d9be,1399/05/31,6810510.0,10482135.0,2439743.0
6b88726e82dff2001540bb7b87e2d9be,1399/06/31,8591802.0,13413824.0,2941504.0
6b88726e82dff2001540bb7b87e2d9be,1399/07/30,10271608.0,16418964.0,2933795.0
6b88726e82dff2001540bb7b87e2d9be,1399/08/30,11983182.0,20066150.0,3647186.0
6b88726e82dff2001540bb7b87e2d9be,1399/09/30,13707564.0,24497420.0,4431270.0
6b88726e82dff2001540bb7b87e2d9be,1399/10/30,15395912.0,28058022.0,3690575.0
6b88726e82dff2001540bb7b87e2d9be,1399/11/30,17492975.0,32266197.0,4208175.0
6b88726e82dff2001540bb7b87e2d9be,1399/12/30,20114706.0,36732760.0,4466563.0
6b88726e82dff2001540bb7b87e2d9be,1400/01/31,1573869.0,2206964.0,2206964.0
6b88726e82dff2001540bb7b87e2d9be,1400/02/31,3903672.0,5680895.0,3473931.0
6b88726e82dff2001540bb7b87e2d9be,1400/03/31,5620372.0,9157984.0,3477089.0
6b88726e82dff2001540bb7b87e2d9be,1400/04/31,8042392.0,14087845.0,4929861.0
6b88726e82dff2001540bb7b87e2d9be,1400/05/31,10482135.0,18018449.0,3930604.0
6b88726e82dff2001540bb7b87e2d9be,1400/06/31,13413824.0,23939456.0,5921007.0
6b88726e82dff2001540bb7b87e2d9be,1400/07/30,16418964.0,28406643.0,4467187.0
6b88726e82dff2001540bb7b87e2d9be,1400/08/30,20066150.0,32493482.0,4086839.0
6b88726e82dff2001540bb7b87e2d9be,1400/09/30,24497420.0,35713858.0,3220376.0
6b88726e82dff2001540bb7b87e2d9be,1400/10/30,28058022.0,40367013.0,4653155.0
6b88726e82dff2001540bb7b87e2d9be,1400/11/30,32266197.0,45512717.0,5145704.0
6b88726e82dff2001540bb7b87e2d9be,1400/12/29,37171057.0,51360959.0,5138961.0
6b88726e82dff2001540bb7b87e2d9be,1401/01/31,2206964.0,2692034.0,2692034.0
6b88726e82dff2001540bb7b87e2d9be,1401/02/31,5680895.0,7213883.0,4519026.0
6b88726e82dff2001540bb7b87e2d9be,1401/03/31,9157984.0,12993545.0,5779662.0
6b88726e82dff2001540bb7b87e2d9be,1401/04/31,14087845.0,19425816.0,6602979.0
6b88726e82dff2001540bb7b87e2d9be,1401/05/31,18018449.0,25117432.0,5691616.0
6b88726e82dff2001540bb7b87e2d9be,1401/06/31,22777635.0,31654125.0,6792013.0
6b88726e82dff2001540bb7b87e2d9be,1401/07/30,28406643.0,37131670.0,5471393.0
6b88726e82dff2001540bb7b87e2d9be,1401/08/30,32493482.0,43964047.0,6832377.0
6b88726e82dff2001540bb7b87e2d9be,1401/09/30,35858421.0,50440385.0,6861129.0
6b88726e82dff2001540bb7b87e2d9be,1401/10/30,40367013.0,56142589.0,5702204.0
6b88726e82dff2001540bb7b87e2d9be,1401/11/30,45512717.0,63480140.0,7337551.0
6b88726e82dff2001540bb7b87e2d9be,1401/12/29,51232676.0,71503949.0,8576780.0
6b88726e82dff2001540bb7b87e2d9be,1402/01/31,2692034.0,3414459.0,3414459.0
6b88726e82dff2001540bb7b87e2d9be,1402/02/31,7213883.0,11268831.0,7854372.0
6b88726e82dff2001540bb7b87e2d9be,1402/03/31,12993545.0,19208565.0,7939734.0
6b88726e82dff2001540bb7b87e2d9be,1402/04/31,19425816.0,26428208.0,7219643.0
6b88726e82dff2001540bb7b87e2d9be,1402/05/31,24554630.0,32534025.0,6105817.0
6b88726e82dff2001540bb7b87e2d9be,1402/06/31,31654125.0,40473645.0,8065551.0
6b88726e82dff2001540bb7b87e2d9be,1402/07/30,37131670.0,48052641.0,7490935.0
6b88726e82dff2001540bb7b87e2d9be,1402/08/30,43964047.0,57025968.0,8973327.0
6b88726e82dff2001540bb7b87e2d9be,1402/09/30,50440385.0,67325047.0,10500457.0
6b88726e82dff2001540bb7b87e2d9be,1402/10/30,56142589.0,76751062.0,9426015.0
6b88726e82dff2001540bb7b87e2d9be,1402/11/30,63480140.0,84189872.0,7438810.0
6b88726e82dff2001540bb7b87e2d9be,1402/12/29,71503949.0,92160644.0,7960283.0
6b88726e82dff2001540bb7b87e2d9be,1403/01/31,3414459.0,4169101.0,4169101.0
6b88726e82dff2001540bb7b87e2d9be,1403/02/31,11268831.0,12857247.0,8688146.0
6b88726e82dff2001540bb7b87e2d9be,1403/03/31,19208565.0,21191894.0,8334647.0
6b88726e82dff2001540bb7b87e2d9be,1403/04/31,26428208.0,28847243.0,7655349.0
6b88726e82dff2001540bb7b87e2d9be,1403/05/31,32534025.0,37008620.0,8161377.0
6b88726e82dff2001540bb7b87e2d9be,1403/06/31,40473645.0,44643440.0,7704936.0
6b88726e82dff2001540bb7b87e2d9be,1403/07/30,48052641.0,54156095.0,9512655.0
6b88726e82dff2001540bb7b87e2d9be,1403/08/30,57025968.0,63145928.0,8919718.0
6b88726e82dff2001540bb7b87e2d9be,1403/09/30,67325047.0,73053093.0,10002865.0
6b88726e82dff2001540bb7b87e2d9be,1403/10/30,76751062.0,83487679.0,10434586.0
6b88726e82dff2001540bb7b87e2d9be,1403/11/30,84189872.0,97740364.0,14252685.0
6b88726e82dff2001540bb7b87e2d9be,1403/12/30,91967524.0,108657797.0,10917434.0
6b88726e82dff2001540bb7b87e2d9be,1404/01/31,4169101.0,5754266.0,5754266.0
6b88726e82dff2001540bb7b87e2d9be,1404/02/31,12857247.0,19972226.0,14217960.0
6b88726e82dff2001540bb7b87e2d9be,1404/03/31,30398758.0,10426532.0,19972226.0
6b88726e82dff2001540bb7b87e2d9be,1404/04/31,28847244.0,49774613.0,19375854.0
6b88726e82dff2001540bb7b87e2d9be,1404/05/31,37008620.0,70685004.0,20910391.0
6b88726e82dff2001540bb7b87e2d9be,1404/06/31,44643440.0,94100760.0,23415712.0
6b88726e82dff2001540bb7b87e2d9be,1404/07/30,54156095.0,116312976.0,22212204.0
6b88726e82dff2001540bb7b87e2d9be,1404/08/30,63145928.0,138900791.0,22587815.0
6b88726e82dff2001540bb7b87e2d9be,1404/09/30,73053093.0,161635791.0,22735086.0
6b88726e82dff2001540bb7b87e2d9be,1404/10/30,83487679.0,188818521.0,27182730.0
6b88726e82dff2001540bb7b87e2d9be,1404/11/30,0.0,0.0,44644133.0
6b88726e82dff2001540bb7b87e2d9be,1404/12/29,0.0,0.0,29313789.0
6b88726e82dff2001540bb7b87e2d9be,1405/01/31,0.0,0.0,13259061.0
6b88726e82dff2001540bb7b87e2d9be,1405/02/31,0.0,0.0,35788003.0
6b88726e82dff2001540bb7b87e2d9be,1405/03/31,0.0,0.0,47492453.0
6b88726e82dff2001540bb7b87e2d9be,1405/04/31,0.0,0.0,37105909.0
6b88726e82dff2001540bb7b87e2d9be,1405/05/31,0.0,0.0,44664694.0
6bd4aac18107335caeba964fd9804250,1401/01/31,214972.0,315854.0,315854.0
6bd4aac18107335caeba964fd9804250,1401/02/31,424651.0,574946.0,259092.0
6bd4aac18107335caeba964fd9804250,1401/03/31,654594.0,877466.0,302520.0
6bd4aac18107335caeba964fd9804250,1401/04/31,895609.0,1175292.0,297826.0
6bd4aac18107335caeba964fd9804250,1401/05/31,1084117.0,1476566.0,301274.0
6bd4aac18107335caeba964fd9804250,1401/06/31,1324872.0,1818791.0,342225.0
6bd4aac18107335caeba964fd9804250,1401/07/30,1567166.0,2144747.0,325956.0
6bd4aac18107335caeba964fd9804250,1401/08/30,1831675.0,2611216.0,466469.0
6bd4aac18107335caeba964fd9804250,1401/09/30,2082293.0,3100462.0,489246.0
6bd4aac18107335caeba964fd9804250,1401/10/30,2331561.0,3607591.0,507332.0
6bd4aac18107335caeba964fd9804250,1401/11/30,2571037.0,4175919.0,568328.0
6bd4aac18107335caeba964fd9804250,1401/12/29,2797987.0,4610421.0,504898.0
6bd4aac18107335caeba964fd9804250,1402/01/31,315854.0,525740.0,525740.0
6bd4aac18107335caeba964fd9804250,1402/02/31,574946.0,1043273.0,516422.0
6bd4aac18107335caeba964fd9804250,1402/03/31,877466.0,1635694.0,596225.0
6bd4aac18107335caeba964fd9804250,1402/04/31,1175291.0,2282486.0,646792.0
6bd4aac18107335caeba964fd9804250,1402/05/31,1476566.0,2794008.0,511522.0
6bd4aac18107335caeba964fd9804250,1402/06/31,1818791.0,3502772.0,708764.0
6bd4aac18107335caeba964fd9804250,1402/07/30,2144543.0,4256885.0,754113.0
6bd4aac18107335caeba964fd9804250,1402/08/30,2611216.0,5074587.0,817702.0
6bd4aac18107335caeba964fd9804250,1402/09/30,3100462.0,5895201.0,820614.0
6bd4aac18107335caeba964fd9804250,1402/10/30,3607591.0,6681986.0,786785.0
6bd4aac18107335caeba964fd9804250,1402/11/30,4175919.0,7486392.0,804406.0
6bd4aac18107335caeba964fd9804250,1402/12/29,4610421.0,8723369.0,1236977.0
6bd4aac18107335caeba964fd9804250,1403/01/31,521870.0,751787.0,751787.0
6bd4aac18107335caeba964fd9804250,1403/02/31,1038810.0,1578423.0,826636.0
6bd4aac18107335caeba964fd9804250,1403/03/31,1635694.0,2548474.0,810846.0
6bd4aac18107335caeba964fd9804250,1403/04/31,2282486.0,3241999.0,693525.0
6bd4aac18107335caeba964fd9804250,1403/05/31,2794008.0,4001780.0,759781.0
6bd4aac18107335caeba964fd9804250,1403/06/31,3502772.0,4913555.0,911775.0
6bd4aac18107335caeba964fd9804250,1403/07/30,4256885.0,5935195.0,1021640.0
6bd4aac18107335caeba964fd9804250,1403/08/30,5074587.0,6914244.0,978998.0
6bd4aac18107335caeba964fd9804250,1403/09/30,5895201.0,7988324.0,1074080.0
6bd4aac18107335caeba964fd9804250,1403/10/30,6681986.0,8976213.0,987889.0
6bd4aac18107335caeba964fd9804250,1403/11/30,7486392.0,10147386.0,1171173.0
6bd4aac18107335caeba964fd9804250,1403/12/30,8723369.0,11181266.0,1034016.0
6bd4aac18107335caeba964fd9804250,1404/01/31,751787.0,1141580.0,1141580.0
6bd4aac18107335caeba964fd9804250,1404/02/31,1578423.0,2232985.0,1091405.0
6bd4aac18107335caeba964fd9804250,1404/03/31,2548474.0,3287768.0,1054783.0
6bd4aac18107335caeba964fd9804250,1404/04/31,3241999.0,4459167.0,1171991.0
6bd4aac18107335caeba964fd9804250,1404/05/31,4001780.0,5473893.0,1014726.0
6bd4aac18107335caeba964fd9804250,1404/06/31,4913555.0,6756512.0,1282619.0
6bd4aac18107335caeba964fd9804250,1404/07/30,5935195.0,8043237.0,1286725.0
6bd4aac18107335caeba964fd9804250,1404/08/30,6914244.0,9275016.0,1231779.0
6bd4aac18107335caeba964fd9804250,1404/09/30,7988324.0,10646319.0,1371303.0
6bd4aac18107335caeba964fd9804250,1404/10/30,8976213.0,12297726.0,1651407.0
6bd4aac18107335caeba964fd9804250,1404/11/30,10147250.0,13827765.0,1530039.0
6bd4aac18107335caeba964fd9804250,1404/12/29,11181266.0,14993362.0,1165597.0
6bd4aac18107335caeba964fd9804250,1405/01/31,1141580.0,2282835.0,2282835.0
6bd4aac18107335caeba964fd9804250,1405/02/31,2232985.0,4534704.0,2251869.0
6bd4aac18107335caeba964fd9804250,1405/03/31,0.0,0.0,1850511.0
6bd4aac18107335caeba964fd9804250,1405/04/31,0.0,0.0,2292478.0
6def03d39ddc41e22cacb552bcb94ee0,1399/01/31,80789.0,87502.0,87502.0
6def03d39ddc41e22cacb552bcb94ee0,1399/02/31,198988.0,188892.0,111449.0
6def03d39ddc41e22cacb552bcb94ee0,1399/03/31,288363.0,286867.0,97975.0
6def03d39ddc41e22cacb552bcb94ee0,1399/04/31,453183.0,433263.0,146396.0
6def03d39ddc41e22cacb552bcb94ee0,1399/05/31,565015.0,590845.0,157582.0
6def03d39ddc41e22cacb552bcb94ee0,1399/06/31,699734.0,707072.0,116227.0
6def03d39ddc41e22cacb552bcb94ee0,1399/07/30,811378.0,840483.0,133411.0
6def03d39ddc41e22cacb552bcb94ee0,1399/08/30,905750.0,1002187.0,161704.0
6def03d39ddc41e22cacb552bcb94ee0,1399/09/30,1002515.0,1159820.0,157633.0
6def03d39ddc41e22cacb552bcb94ee0,1399/10/30,1093084.0,1324546.0,164726.0
6def03d39ddc41e22cacb552bcb94ee0,1399/11/30,1178527.0,1517194.0,192648.0
6def03d39ddc41e22cacb552bcb94ee0,1399/12/30,1273529.0,1710844.0,193650.0
6def03d39ddc41e22cacb552bcb94ee0,1400/01/31,87405.0,171745.0,171745.0
6def03d39ddc41e22cacb552bcb94ee0,1400/02/31,190139.0,378501.0,206756.0
6def03d39ddc41e22cacb552bcb94ee0,1400/03/31,288520.0,613193.0,234692.0
6def03d39ddc41e22cacb552bcb94ee0,1400/04/31,471687.0,857428.0,244235.0
6def03d39ddc41e22cacb552bcb94ee0,1400/05/31,588769.0,1064653.0,207225.0
6def03d39ddc41e22cacb552bcb94ee0,1400/06/31,710506.0,1288172.0,223519.0
6def03d39ddc41e22cacb552bcb94ee0,1400/07/30,837951.0,1562693.0,274521.0
6def03d39ddc41e22cacb552bcb94ee0,1400/08/30,991881.0,1799432.0,236739.0
6def03d39ddc41e22cacb552bcb94ee0,1400/09/30,1150252.0,2047189.0,246811.0
6def03d39ddc41e22cacb552bcb94ee0,1400/10/30,1319012.0,2326447.0,279018.0
6def03d39ddc41e22cacb552bcb94ee0,1400/11/30,1518422.0,2585837.0,259390.0
6def03d39ddc41e22cacb552bcb94ee0,1400/12/29,1711578.0,2815254.0,227732.0
6def03d39ddc41e22cacb552bcb94ee0,1401/01/31,172431.0,230816.0,230816.0
6def03d39ddc41e22cacb552bcb94ee0,1401/02/31,378602.0,584234.0,353418.0
6def03d39ddc41e22cacb552bcb94ee0,1401/03/31,658711.0,1068951.0,514922.0
6def03d39ddc41e22cacb552bcb94ee0,1401/04/31,907205.0,1663218.0,593740.0
6def03d39ddc41e22cacb552bcb94ee0,1401/05/31,1129381.0,2109924.0,451749.0
6def03d39ddc41e22cacb552bcb94ee0,1401/06/31,1399361.0,2529630.0,424709.0
6def03d39ddc41e22cacb552bcb94ee0,1401/07/30,1792110.0,3073067.0,606608.0
6def03d39ddc41e22cacb552bcb94ee0,1401/08/30,2018668.0,3510029.0,430517.0
6def03d39ddc41e22cacb552bcb94ee0,1401/09/30,2250388.0,3876585.0,411484.0
6def03d39ddc41e22cacb552bcb94ee0,1401/10/30,2468689.0,4268600.0,433558.0
6def03d39ddc41e22cacb552bcb94ee0,1401/11/30,2685117.0,4670765.0,664239.0
6def03d39ddc41e22cacb552bcb94ee0,1401/12/29,2924961.0,5099281.0,482473.0
6def03d39ddc41e22cacb552bcb94ee0,1402/01/31,217882.0,447070.0,447070.0
6def03d39ddc41e22cacb552bcb94ee0,1402/02/31,543781.0,1006792.0,560785.0
6def03d39ddc41e22cacb552bcb94ee0,1402/03/31,1042420.0,1748413.0,720139.0
6def03d39ddc41e22cacb552bcb94ee0,1402/04/31,1647032.0,2353405.0,601076.0
6def03d39ddc41e22cacb552bcb94ee0,1402/05/31,2065153.0,2873657.0,526034.0
6def03d39ddc41e22cacb552bcb94ee0,1402/06/31,2503643.0,3462004.0,587490.0
6def03d39ddc41e22cacb552bcb94ee0,1402/07/30,3027930.0,4315212.0,848912.0
6def03d39ddc41e22cacb552bcb94ee0,1402/08/30,3438904.0,4894392.0,578705.0
6def03d39ddc41e22cacb552bcb94ee0,1402/09/30,3866332.0,5386459.0,498397.0
6def03d39ddc41e22cacb552bcb94ee0,1402/10/30,4277504.0,5913547.0,525594.0
6def03d39ddc41e22cacb552bcb94ee0,1402/11/30,4693073.0,6437216.0,524598.0
6def03d39ddc41e22cacb552bcb94ee0,1402/12/29,5141214.0,7011535.0,570864.0
6def03d39ddc41e22cacb552bcb94ee0,1403/01/31,433146.0,560026.0,560026.0
6def03d39ddc41e22cacb552bcb94ee0,1403/02/31,1034806.0,1330227.0,776495.0
6def03d39ddc41e22cacb552bcb94ee0,1403/03/31,1756566.0,2010895.0,686804.0
6def03d39ddc41e22cacb552bcb94ee0,1403/04/31,2344830.0,2804693.0,808381.0
6def03d39ddc41e22cacb552bcb94ee0,1403/05/31,2870255.0,3348286.0,550873.0
6def03d39ddc41e22cacb552bcb94ee0,1403/06/31,793190.0,3885439.0,577828.0
6def03d39ddc41e22cacb552bcb94ee0,1403/07/30,4277773.0,4831934.0,946266.0
6def03d39ddc41e22cacb552bcb94ee0,1403/08/30,4811528.0,5476949.0,661848.0
6def03d39ddc41e22cacb552bcb94ee0,1403/09/30,5322864.0,6145206.0,674863.0
6def03d39ddc41e22cacb552bcb94ee0,1403/10/30,5912618.0,6877671.0,713910.0
6def03d39ddc41e22cacb552bcb94ee0,1403/11/30,6378543.0,7572731.0,695060.0
6def03d39ddc41e22cacb552bcb94ee0,1403/12/30,6961790.0,9010797.0,1438066.0
6def03d39ddc41e22cacb552bcb94ee0,1404/01/31,553732.0,729309.0,729309.0
6def03d39ddc41e22cacb552bcb94ee0,1404/02/31,1285003.0,1647639.0,920547.0
6def03d39ddc41e22cacb552bcb94ee0,1404/03/31,1974785.0,2603411.0,987467.0
6def03d39ddc41e22cacb552bcb94ee0,1404/04/31,2791566.0,3582416.0,986048.0
6def03d39ddc41e22cacb552bcb94ee0,1404/05/31,3333978.0,4410660.0,845496.0
6def03d39ddc41e22cacb552bcb94ee0,1404/06/31,3909601.0,5595208.0,1198738.0
6def03d39ddc41e22cacb552bcb94ee0,1404/07/30,4826612.0,6730640.0,1112284.0
6def03d39ddc41e22cacb552bcb94ee0,1404/08/30,5483183.0,7786787.0,1056846.0
6def03d39ddc41e22cacb552bcb94ee0,1404/09/30,6117273.0,9084116.0,1271275.0
6def03d39ddc41e22cacb552bcb94ee0,1404/10/30,6805763.0,10352183.0,1239267.0
6def03d39ddc41e22cacb552bcb94ee0,1404/11/30,7555014.0,11926028.0,1540122.0
6def03d39ddc41e22cacb552bcb94ee0,1404/12/29,8186326.0,13533052.0,1588151.0
6def03d39ddc41e22cacb552bcb94ee0,1405/01/31,719963.0,1684229.0,1684229.0
6def03d39ddc41e22cacb552bcb94ee0,1405/02/31,1620015.0,3755772.0,2058423.0
6def03d39ddc41e22cacb552bcb94ee0,1405/03/31,0.0,0.0,2762068.0
6def03d39ddc41e22cacb552bcb94ee0,1405/04/31,0.0,0.0,2623493.0
6f7820e83627a1b5cd580bbcbb338ef3,1399/02/31,612636.0,1101649.0,783392.0
6f7820e83627a1b5cd580bbcbb338ef3,1399/03/31,991908.0,1753526.0,651877.0
6f7820e83627a1b5cd580bbcbb338ef3,1399/04/31,1622532.0,2748033.0,994507.0
6f7820e83627a1b5cd580bbcbb338ef3,1399/05/31,1259423.0,3714272.0,966239.0
6f7820e83627a1b5cd580bbcbb338ef3,1399/06/31,2957607.0,4825112.0,1026285.0
6f7820e83627a1b5cd580bbcbb338ef3,1399/07/30,3680772.0,5792177.0,967065.0
6f7820e83627a1b5cd580bbcbb338ef3,1399/08/30,4310778.0,6729208.0,939390.0
6f7820e83627a1b5cd580bbcbb338ef3,1399/09/30,5195264.0,7969454.0,1240246.0
6f7820e83627a1b5cd580bbcbb338ef3,1399/10/30,5871375.0,9618489.0,1520720.0
6f7820e83627a1b5cd580bbcbb338ef3,1399/11/30,6532184.0,11395705.0,1693058.0
6f7820e83627a1b5cd580bbcbb338ef3,1399/12/30,7149993.0,13079733.0,1664134.0
6f7820e83627a1b5cd580bbcbb338ef3,1400/01/31,318257.0,819895.0,819895.0
6f7820e83627a1b5cd580bbcbb338ef3,1400/02/31,1101649.0,2404283.0,1584388.0
6f7820e83627a1b5cd580bbcbb338ef3,1400/03/31,1753526.0,3990620.0,1586337.0
6f7820e83627a1b5cd580bbcbb338ef3,1400/04/31,2748033.0,5611407.0,1620787.0
6f7820e83627a1b5cd580bbcbb338ef3,1400/05/31,3714272.0,7374362.0,1762955.0
6f7820e83627a1b5cd580bbcbb338ef3,1400/06/31,4825113.0,9125579.0,1751217.0
6f7820e83627a1b5cd580bbcbb338ef3,1400/07/30,5789818.0,10481710.0,1356131.0
6f7820e83627a1b5cd580bbcbb338ef3,1400/08/30,6729208.0,11988610.0,1506900.0
6f7820e83627a1b5cd580bbcbb338ef3,1400/09/30,7969454.0,13447112.0,1454889.0
6f7820e83627a1b5cd580bbcbb338ef3,1400/10/30,9619649.0,14988052.0,1543165.0
6f7820e83627a1b5cd580bbcbb338ef3,1400/11/30,11395705.0,16644110.0,1656058.0
6f7820e83627a1b5cd580bbcbb338ef3,1400/12/29,13099191.0,18647345.0,2003235.0
6f7820e83627a1b5cd580bbcbb338ef3,1401/01/31,819895.0,1105931.0,1105931.0
6f7820e83627a1b5cd580bbcbb338ef3,1401/02/31,2404283.0,2909126.0,1803195.0
6f7820e83627a1b5cd580bbcbb338ef3,1401/03/31,3990620.0,5097537.0,2188411.0
6f7820e83627a1b5cd580bbcbb338ef3,1401/04/31,5611407.0,7178737.0,2081200.0
6f7820e83627a1b5cd580bbcbb338ef3,1401/05/31,7374362.0,9212072.0,2028048.0
6f7820e83627a1b5cd580bbcbb338ef3,1401/06/31,9125580.0,11789404.0,2532755.0
6f7820e83627a1b5cd580bbcbb338ef3,1401/07/30,10481710.0,14080238.0,2290834.0
6f7820e83627a1b5cd580bbcbb338ef3,1401/08/30,11992223.0,16107615.0,2027377.0
6f7820e83627a1b5cd580bbcbb338ef3,1401/09/30,13444887.0,18321612.0,2213997.0
6f7820e83627a1b5cd580bbcbb338ef3,1401/10/30,14988052.0,20338468.0,2016856.0
6f7820e83627a1b5cd580bbcbb338ef3,1401/11/30,16644110.0,22533573.0,2060180.0
6f7820e83627a1b5cd580bbcbb338ef3,1401/12/29,18647345.0,24729968.0,2181281.0
6f7820e83627a1b5cd580bbcbb338ef3,1402/01/31,1105931.0,1369225.0,1369225.0
6f7820e83627a1b5cd580bbcbb338ef3,1402/02/31,2903420.0,3582899.0,2201438.0
6f7820e83627a1b5cd580bbcbb338ef3,1402/03/31,5097537.0,6619752.0,3014812.0
6f7820e83627a1b5cd580bbcbb338ef3,1402/04/31,7184023.0,10161453.0,3517694.0
6f7820e83627a1b5cd580bbcbb338ef3,1402/05/31,9212072.0,13655905.0,3494452.0
6f7820e83627a1b5cd580bbcbb338ef3,1402/06/31,11789404.0,15910476.0,2254571.0
6f7820e83627a1b5cd580bbcbb338ef3,1402/07/30,14080238.0,18644037.0,2733561.0
6f7820e83627a1b5cd580bbcbb338ef3,1402/08/30,16107615.0,21862112.0,3218075.0
6f7820e83627a1b5cd580bbcbb338ef3,1402/09/30,18321612.0,25811693.0,3949581.0
6f7820e83627a1b5cd580bbcbb338ef3,1402/10/30,20473393.0,28719608.0,2907915.0
6f7820e83627a1b5cd580bbcbb338ef3,1402/11/30,22533502.0,31792026.0,3072418.0
6f7820e83627a1b5cd580bbcbb338ef3,1402/12/29,24729968.0,34807169.0,2812992.0
6f7820e83627a1b5cd580bbcbb338ef3,1403/01/31,1369225.0,1415199.0,1415199.0
6f7820e83627a1b5cd580bbcbb338ef3,1403/02/31,3604940.0,5156947.0,3741748.0
6f7820e83627a1b5cd580bbcbb338ef3,1403/03/31,6619752.0,9560254.0,4403307.0
6f7820e83627a1b5cd580bbcbb338ef3,1403/04/31,10161453.0,12683372.0,3123118.0
6f7820e83627a1b5cd580bbcbb338ef3,1403/05/31,13655905.0,16820503.0,4137131.0
6f7820e83627a1b5cd580bbcbb338ef3,1403/06/31,15910476.0,20147262.0,3326759.0
6f7820e83627a1b5cd580bbcbb338ef3,1403/07/30,18644036.0,24642103.0,4494841.0
6f7820e83627a1b5cd580bbcbb338ef3,1403/08/30,21862112.0,29452657.0,4810554.0
6f7820e83627a1b5cd580bbcbb338ef3,1403/09/30,25811693.0,33686086.0,4233429.0
6f7820e83627a1b5cd580bbcbb338ef3,1403/10/30,28719608.0,37882752.0,4196666.0
6f7820e83627a1b5cd580bbcbb338ef3,1403/11/30,31994177.0,42680102.0,4797350.0
6f7820e83627a1b5cd580bbcbb338ef3,1403/12/30,34807169.0,49939930.0,6960145.0
6f7820e83627a1b5cd580bbcbb338ef3,1404/01/31,1415199.0,2725472.0,2725472.0
6f7820e83627a1b5cd580bbcbb338ef3,1404/02/31,5156947.0,11188983.0,8463511.0
6f7820e83627a1b5cd580bbcbb338ef3,1404/03/31,9560254.0,16880444.0,5691461.0
6f7820e83627a1b5cd580bbcbb338ef3,1404/04/31,12683372.0,21799735.0,4919291.0
6f7820e83627a1b5cd580bbcbb338ef3,1404/05/31,16820503.0,28243425.0,6443690.0
6f7820e83627a1b5cd580bbcbb338ef3,1404/06/31,20147262.0,34468770.0,6225345.0
6f7820e83627a1b5cd580bbcbb338ef3,1404/07/30,24642103.0,38933064.0,4464294.0
6f7820e83627a1b5cd580bbcbb338ef3,1404/08/30,29452657.0,46034466.0,7101402.0
6f7820e83627a1b5cd580bbcbb338ef3,1404/09/30,33686086.0,54047195.0,8012729.0
6f7820e83627a1b5cd580bbcbb338ef3,1404/10/30,37882752.0,60423206.0,6376011.0
6f7820e83627a1b5cd580bbcbb338ef3,1404/11/30,42979785.0,71803896.0,11380690.0
6f7820e83627a1b5cd580bbcbb338ef3,1404/12/29,49939930.0,79682542.0,7878646.0
6f7820e83627a1b5cd580bbcbb338ef3,1405/01/31,2725472.0,7367302.0,7367302.0
6f7820e83627a1b5cd580bbcbb338ef3,1405/02/31,11188983.0,24516324.0,17149022.0
6f7820e83627a1b5cd580bbcbb338ef3,1405/03/31,0.0,0.0,15238255.0
6f7820e83627a1b5cd580bbcbb338ef3,1405/04/31,0.0,0.0,14117801.0
701858157df331969ad61c12b4abe861,1399/11/30,0.0,0.0,116055.0
701858157df331969ad61c12b4abe861,1399/12/30,0.0,0.0,390098.0
701858157df331969ad61c12b4abe861,1400/01/31,0.0,0.0,138995.0
701858157df331969ad61c12b4abe861,1400/02/31,0.0,0.0,214515.0
701858157df331969ad61c12b4abe861,1400/03/31,0.0,0.0,376062.0
701858157df331969ad61c12b4abe861,1400/04/31,0.0,0.0,317866.0
701858157df331969ad61c12b4abe861,1400/05/31,0.0,0.0,436373.0
701858157df331969ad61c12b4abe861,1400/06/31,0.0,0.0,549587.0
701858157df331969ad61c12b4abe861,1400/07/30,0.0,0.0,371947.0
701858157df331969ad61c12b4abe861,1400/08/30,0.0,0.0,370990.0
701858157df331969ad61c12b4abe861,1400/09/30,0.0,0.0,434837.0
701858157df331969ad61c12b4abe861,1400/10/30,0.0,0.0,161512.0
701858157df331969ad61c12b4abe861,1400/11/30,0.0,0.0,395072.0
701858157df331969ad61c12b4abe861,1400/12/29,0.0,0.0,588266.0
701858157df331969ad61c12b4abe861,1401/01/31,0.0,0.0,520752.0
701858157df331969ad61c12b4abe861,1401/02/31,0.0,0.0,477449.0
701858157df331969ad61c12b4abe861,1401/03/31,0.0,0.0,420304.0
701858157df331969ad61c12b4abe861,1401/04/31,0.0,0.0,441613.0
701858157df331969ad61c12b4abe861,1401/05/31,0.0,0.0,369426.0
701858157df331969ad61c12b4abe861,1401/06/31,0.0,0.0,315385.0
701858157df331969ad61c12b4abe861,1401/07/30,0.0,0.0,284242.0
701858157df331969ad61c12b4abe861,1401/08/30,0.0,0.0,268089.0
701858157df331969ad61c12b4abe861,1401/09/30,0.0,0.0,450211.0
701858157df331969ad61c12b4abe861,1401/10/30,0.0,0.0,171397.0
701858157df331969ad61c12b4abe861,1401/11/30,0.0,0.0,266155.0
701858157df331969ad61c12b4abe861,1401/12/29,0.0,0.0,498315.0
701858157df331969ad61c12b4abe861,1402/01/31,0.0,0.0,591648.0
701858157df331969ad61c12b4abe861,1402/02/31,0.0,0.0,997968.0
701858157df331969ad61c12b4abe861,1402/03/31,0.0,0.0,1396326.0
701858157df331969ad61c12b4abe861,1402/04/31,0.0,0.0,1140036.0
701858157df331969ad61c12b4abe861,1402/05/31,0.0,0.0,515403.0
701858157df331969ad61c12b4abe861,1402/06/31,0.0,0.0,893319.0
701858157df331969ad61c12b4abe861,1402/07/30,0.0,0.0,660335.0
701858157df331969ad61c12b4abe861,1402/08/30,0.0,0.0,467014.0
701858157df331969ad61c12b4abe861,1402/09/30,0.0,0.0,433197.0
701858157df331969ad61c12b4abe861,1402/10/30,0.0,0.0,294697.0
701858157df331969ad61c12b4abe861,1402/11/30,0.0,0.0,371992.0
701858157df331969ad61c12b4abe861,1402/12/29,0.0,0.0,525064.0
701858157df331969ad61c12b4abe861,1403/01/31,0.0,0.0,491520.0
701858157df331969ad61c12b4abe861,1403/02/31,0.0,0.0,1425273.0
701858157df331969ad61c12b4abe861,1403/03/31,0.0,0.0,880575.0
701858157df331969ad61c12b4abe861,1403/04/31,0.0,0.0,1003536.0
701858157df331969ad61c12b4abe861,1403/05/31,0.0,0.0,1048842.0
701858157df331969ad61c12b4abe861,1403/06/31,0.0,0.0,1186399.0
701858157df331969ad61c12b4abe861,1403/07/30,0.0,0.0,896423.0
701858157df331969ad61c12b4abe861,1403/08/30,0.0,0.0,1541137.0
701858157df331969ad61c12b4abe861,1403/09/30,0.0,0.0,806672.0
701858157df331969ad61c12b4abe861,1403/10/30,0.0,0.0,551943.0
701858157df331969ad61c12b4abe861,1403/11/30,0.0,0.0,402069.0
701858157df331969ad61c12b4abe861,1403/12/30,0.0,0.0,540418.0
701858157df331969ad61c12b4abe861,1404/01/31,0.0,0.0,868243.0
701858157df331969ad61c12b4abe861,1404/02/31,0.0,0.0,1222757.0
701858157df331969ad61c12b4abe861,1404/03/31,0.0,0.0,1270946.0
701858157df331969ad61c12b4abe861,1404/04/31,0.0,0.0,974133.0
701858157df331969ad61c12b4abe861,1404/05/31,0.0,0.0,1430447.0
701858157df331969ad61c12b4abe861,1404/06/31,0.0,0.0,1506005.0
701858157df331969ad61c12b4abe861,1404/07/30,0.0,0.0,1571672.0
701858157df331969ad61c12b4abe861,1404/08/30,0.0,0.0,1376046.0
701858157df331969ad61c12b4abe861,1404/09/30,0.0,0.0,1056459.0
701858157df331969ad61c12b4abe861,1404/10/30,0.0,0.0,499301.0
701858157df331969ad61c12b4abe861,1404/11/30,0.0,0.0,942368.0
701858157df331969ad61c12b4abe861,1404/12/29,0.0,0.0,1493183.0
701858157df331969ad61c12b4abe861,1405/01/31,0.0,0.0,1662097.0
701858157df331969ad61c12b4abe861,1405/02/31,0.0,0.0,2624569.0
701858157df331969ad61c12b4abe861,1405/03/31,0.0,0.0,1920079.0
7083cfdfe2c268113f647360403b3778,1399/01/31,28591991.0,4001130.0,2000565.0
7083cfdfe2c268113f647360403b3778,1399/02/31,28591991.0,5045395.0,3044830.0
7083cfdfe2c268113f647360403b3778,1399/03/31,28591991.0,7798725.0,2753330.0
7083cfdfe2c268113f647360403b3778,1399/04/31,28591991.0,11624684.0,3825959.0
7083cfdfe2c268113f647360403b3778,1399/05/31,28591991.0,15180777.0,3556093.0
7083cfdfe2c268113f647360403b3778,1399/06/31,28591991.0,18581909.0,3401132.0
7083cfdfe2c268113f647360403b3778,1399/07/30,28591991.0,22878130.0,4296221.0
7083cfdfe2c268113f647360403b3778,1399/08/30,28591991.0,26758898.0,3880768.0
7083cfdfe2c268113f647360403b3778,1399/09/30,28591991.0,31741635.0,4982737.0
7083cfdfe2c268113f647360403b3778,1399/10/30,28591991.0,35523379.0,3781744.0
7083cfdfe2c268113f647360403b3778,1399/11/30,28591991.0,39647587.0,4124208.0
7083cfdfe2c268113f647360403b3778,1399/12/30,28591991.0,43570713.0,3923126.0
7083cfdfe2c268113f647360403b3778,1400/01/31,43570713.0,3429722.0,3429722.0
7083cfdfe2c268113f647360403b3778,1400/02/31,43570713.0,9501040.0,6071318.0
7083cfdfe2c268113f647360403b3778,1400/03/31,43570713.0,14371362.0,4870322.0
7083cfdfe2c268113f647360403b3778,1400/04/31,43570713.0,20530424.0,6159062.0
7083cfdfe2c268113f647360403b3778,1400/05/31,43570713.0,28472730.0,7942306.0
7083cfdfe2c268113f647360403b3778,1400/06/31,43570713.0,35879910.0,7407180.0
7083cfdfe2c268113f647360403b3778,1400/07/30,43570713.0,42486220.0,6606310.0
7083cfdfe2c268113f647360403b3778,1400/08/30,43570713.0,49292359.0,6806139.0
7083cfdfe2c268113f647360403b3778,1400/09/30,43570713.0,56193746.0,6901387.0
7083cfdfe2c268113f647360403b3778,1400/10/30,43570713.0,63679512.0,7485766.0
7083cfdfe2c268113f647360403b3778,1400/11/30,43570713.0,71841272.0,8161760.0
7083cfdfe2c268113f647360403b3778,1400/12/29,43570713.0,77939168.0,6097896.0
7083cfdfe2c268113f647360403b3778,1401/01/31,77939168.0,4732012.0,4732012.0
7083cfdfe2c268113f647360403b3778,1401/02/31,12264212.0,7532200.0,4732012.0
7083cfdfe2c268113f647360403b3778,1401/03/31,77918978.0,22248086.0,9983874.0
7083cfdfe2c268113f647360403b3778,1401/04/31,77918978.0,33421847.0,11173761.0
7083cfdfe2c268113f647360403b3778,1401/05/31,77918978.0,43682652.0,10260805.0
7083cfdfe2c268113f647360403b3778,1401/06/31,77918978.0,55441830.0,11759178.0
7083cfdfe2c268113f647360403b3778,1401/07/30,77918978.0,66716850.0,11275020.0
7083cfdfe2c268113f647360403b3778,1401/09/30,77918978.0,101121457.0,17435296.0
7083cfdfe2c268113f647360403b3778,1401/10/30,77918978.0,116838085.0,15716628.0
7083cfdfe2c268113f647360403b3778,1401/11/30,77918978.0,132000063.0,15161978.0
7083cfdfe2c268113f647360403b3778,1401/12/29,77918978.0,147392066.0,15392003.0
7083cfdfe2c268113f647360403b3778,1402/01/31,146674958.0,12301372.0,12301372.0
7083cfdfe2c268113f647360403b3778,1402/02/31,146674958.0,29296693.0,16995321.0
7083cfdfe2c268113f647360403b3778,1402/03/31,146674958.0,46181721.0,16885028.0
7083cfdfe2c268113f647360403b3778,1402/04/31,146674958.0,62550992.0,16369271.0
7083cfdfe2c268113f647360403b3778,1402/05/31,146674958.0,80525901.0,17974909.0
7083cfdfe2c268113f647360403b3778,1402/06/31,146674958.0,99048857.0,18522956.0
7083cfdfe2c268113f647360403b3778,1402/07/30,146674958.0,118422645.0,19373788.0
7083cfdfe2c268113f647360403b3778,1402/08/30,146674958.0,137395539.0,18972894.0
7083cfdfe2c268113f647360403b3778,1402/09/30,146674958.0,154925673.0,17530134.0
7083cfdfe2c268113f647360403b3778,1402/10/30,146674958.0,171587747.0,16662074.0
7083cfdfe2c268113f647360403b3778,1402/11/30,147392066.0,191335885.0,19748138.0
7083cfdfe2c268113f647360403b3778,1402/12/29,147392066.0,207917547.0,16581662.0
7083cfdfe2c268113f647360403b3778,1403/01/31,206722597.0,15272211.0,15272211.0
7083cfdfe2c268113f647360403b3778,1403/02/31,206722597.0,36364516.0,21092305.0
7083cfdfe2c268113f647360403b3778,1403/03/31,206722597.0,56402345.0,20037829.0
7083cfdfe2c268113f647360403b3778,1403/04/31,206722597.0,75371662.0,18969317.0
7083cfdfe2c268113f647360403b3778,1403/05/31,206722597.0,96822636.0,21450974.0
7083cfdfe2c268113f647360403b3778,1403/06/31,206722597.0,116791318.0,19968682.0
7083cfdfe2c268113f647360403b3778,1403/07/30,206722597.0,139301861.0,22510543.0
7083cfdfe2c268113f647360403b3778,1403/08/30,206722597.0,162476222.0,23174361.0
7083cfdfe2c268113f647360403b3778,1403/09/30,206722597.0,185604166.0,23127944.0
7083cfdfe2c268113f647360403b3778,1403/10/30,206722597.0,211221387.0,25617221.0
7083cfdfe2c268113f647360403b3778,1403/11/30,206722597.0,239732548.0,28511161.0
7083cfdfe2c268113f647360403b3778,1403/12/30,206722597.0,270137338.0,30404790.0
7083cfdfe2c268113f647360403b3778,1404/01/31,270137338.0,21569389.0,21569389.0
7083cfdfe2c268113f647360403b3778,1404/02/31,268558987.0,58060483.0,36491094.0
7083cfdfe2c268113f647360403b3778,1404/03/31,93089807.0,35029324.0,58060483.0
7083cfdfe2c268113f647360403b3778,1404/04/31,268558987.0,129489445.0,36399638.0
7083cfdfe2c268113f647360403b3778,1404/05/31,268558987.0,165505435.0,36015990.0
7083cfdfe2c268113f647360403b3778,1404/06/31,268558987.0,208908407.0,43402972.0
7083cfdfe2c268113f647360403b3778,1404/07/30,268558987.0,255455635.0,46547228.0
7083cfdfe2c268113f647360403b3778,1404/08/30,268558987.0,297254740.0,41799105.0
7083cfdfe2c268113f647360403b3778,1404/09/30,268558987.0,341217659.0,43962919.0
7083cfdfe2c268113f647360403b3778,1404/10/30,268558987.0,387372370.0,46154711.0
7083cfdfe2c268113f647360403b3778,1404/11/30,268558987.0,434905834.0,47533464.0
7083cfdfe2c268113f647360403b3778,1404/12/29,268558987.0,467793771.0,32887937.0
7083cfdfe2c268113f647360403b3778,1405/01/31,467793771.0,36487626.0,36487626.0
7083cfdfe2c268113f647360403b3778,1405/02/31,467414117.0,116972091.0,80484465.0
7083cfdfe2c268113f647360403b3778,1405/03/31,0.0,0.0,68718931.0
7083cfdfe2c268113f647360403b3778,1405/04/31,0.0,0.0,55577857.0
7083cfdfe2c268113f647360403b3778,1405/05/31,0.0,0.0,73068814.0
70b8796676033dbf81f6977819d3871d,1399/07/30,0.0,0.0,380187.0
70b8796676033dbf81f6977819d3871d,1399/08/30,0.0,0.0,604305.0
70b8796676033dbf81f6977819d3871d,1399/09/30,0.0,0.0,677748.0
70b8796676033dbf81f6977819d3871d,1399/10/30,0.0,0.0,455387.0
70b8796676033dbf81f6977819d3871d,1399/11/30,0.0,0.0,409963.0
70b8796676033dbf81f6977819d3871d,1399/12/30,0.0,0.0,255553.0
70b8796676033dbf81f6977819d3871d,1400/01/31,0.0,0.0,301865.0
70b8796676033dbf81f6977819d3871d,1400/02/31,0.0,0.0,471889.0
70b8796676033dbf81f6977819d3871d,1400/03/31,0.0,0.0,455109.0
70b8796676033dbf81f6977819d3871d,1400/04/31,0.0,0.0,513836.0
70b8796676033dbf81f6977819d3871d,1400/05/31,0.0,0.0,530418.0
70b8796676033dbf81f6977819d3871d,1400/06/31,0.0,0.0,803299.0
70b8796676033dbf81f6977819d3871d,1400/07/30,0.0,0.0,432608.0
70b8796676033dbf81f6977819d3871d,1400/08/30,0.0,0.0,522715.0
70b8796676033dbf81f6977819d3871d,1400/09/30,0.0,0.0,727772.0
70b8796676033dbf81f6977819d3871d,1400/10/30,0.0,0.0,574670.0
70b8796676033dbf81f6977819d3871d,1400/11/30,0.0,0.0,570712.0
70b8796676033dbf81f6977819d3871d,1400/12/29,0.0,0.0,592709.0
70b8796676033dbf81f6977819d3871d,1401/01/31,0.0,0.0,328332.0
70b8796676033dbf81f6977819d3871d,1401/02/31,0.0,0.0,501642.0
70b8796676033dbf81f6977819d3871d,1401/03/31,0.0,0.0,370880.0
70b8796676033dbf81f6977819d3871d,1401/04/31,0.0,0.0,655578.0
70b8796676033dbf81f6977819d3871d,1401/05/31,0.0,0.0,850645.0
70b8796676033dbf81f6977819d3871d,1401/06/31,0.0,0.0,600033.0
70b8796676033dbf81f6977819d3871d,1401/07/30,0.0,0.0,550227.0
70b8796676033dbf81f6977819d3871d,1401/08/30,0.0,0.0,550405.0
70b8796676033dbf81f6977819d3871d,1401/09/30,0.0,0.0,702631.0
70b8796676033dbf81f6977819d3871d,1401/10/30,0.0,0.0,589334.0
70b8796676033dbf81f6977819d3871d,1401/11/30,0.0,0.0,263824.0
70b8796676033dbf81f6977819d3871d,1401/12/29,0.0,0.0,688521.0
70b8796676033dbf81f6977819d3871d,1402/01/31,0.0,0.0,251085.0
70b8796676033dbf81f6977819d3871d,1402/02/31,0.0,0.0,517677.0
70b8796676033dbf81f6977819d3871d,1402/03/31,0.0,0.0,346255.0
70b8796676033dbf81f6977819d3871d,1402/04/31,0.0,0.0,533717.0
70b8796676033dbf81f6977819d3871d,1402/05/31,0.0,0.0,796744.0
70b8796676033dbf81f6977819d3871d,1402/06/31,0.0,0.0,859108.0
70b8796676033dbf81f6977819d3871d,1402/07/30,0.0,0.0,426068.0
70b8796676033dbf81f6977819d3871d,1402/08/30,0.0,0.0,1149519.0
70b8796676033dbf81f6977819d3871d,1402/09/30,0.0,0.0,571709.0
70b8796676033dbf81f6977819d3871d,1402/10/30,0.0,0.0,400211.0
70b8796676033dbf81f6977819d3871d,1402/11/30,0.0,0.0,358939.0
70b8796676033dbf81f6977819d3871d,1402/12/29,0.0,0.0,5767.0
70b8796676033dbf81f6977819d3871d,1403/01/31,0.0,0.0,421310.0
70b8796676033dbf81f6977819d3871d,1403/02/31,0.0,0.0,597103.0
70b8796676033dbf81f6977819d3871d,1403/03/31,0.0,0.0,773414.0
70b8796676033dbf81f6977819d3871d,1403/04/31,0.0,0.0,1076908.0
70b8796676033dbf81f6977819d3871d,1403/05/31,0.0,0.0,944487.0
70b8796676033dbf81f6977819d3871d,1403/06/31,0.0,0.0,930707.0
70b8796676033dbf81f6977819d3871d,1403/07/30,0.0,0.0,1027093.0
70b8796676033dbf81f6977819d3871d,1403/08/30,0.0,0.0,810849.0
70b8796676033dbf81f6977819d3871d,1403/09/30,0.0,0.0,602845.0
70b8796676033dbf81f6977819d3871d,1403/10/30,0.0,0.0,655363.0
70b8796676033dbf81f6977819d3871d,1403/11/30,0.0,0.0,738217.0
70b8796676033dbf81f6977819d3871d,1403/12/30,0.0,0.0,614012.0
70b8796676033dbf81f6977819d3871d,1404/01/31,0.0,0.0,700681.0
70b8796676033dbf81f6977819d3871d,1404/02/31,0.0,0.0,1189572.0
70b8796676033dbf81f6977819d3871d,1404/03/31,0.0,0.0,1403913.0
70b8796676033dbf81f6977819d3871d,1404/04/31,0.0,0.0,1307886.0
70b8796676033dbf81f6977819d3871d,1404/05/31,0.0,0.0,1226329.0
70b8796676033dbf81f6977819d3871d,1404/06/31,0.0,0.0,1442022.0
70b8796676033dbf81f6977819d3871d,1404/07/30,0.0,0.0,1238205.0
70b8796676033dbf81f6977819d3871d,1404/08/30,0.0,0.0,1080288.0
70b8796676033dbf81f6977819d3871d,1404/09/30,0.0,0.0,1120760.0
70b8796676033dbf81f6977819d3871d,1404/10/30,0.0,0.0,1241551.0
70b8796676033dbf81f6977819d3871d,1404/11/30,0.0,0.0,2020749.0
70b8796676033dbf81f6977819d3871d,1404/12/29,0.0,0.0,1133446.0
70b8796676033dbf81f6977819d3871d,1405/01/31,0.0,0.0,1510025.0
70b8796676033dbf81f6977819d3871d,1405/02/31,0.0,0.0,3016134.0
713aa98887c6fda78002e405bfbec00e,1399/01/31,0.0,0.0,247873.0
713aa98887c6fda78002e405bfbec00e,1399/02/31,0.0,0.0,273114.0
713aa98887c6fda78002e405bfbec00e,1399/03/31,0.0,0.0,231526.0
713aa98887c6fda78002e405bfbec00e,1399/04/31,0.0,0.0,307476.0
713aa98887c6fda78002e405bfbec00e,1399/05/31,0.0,0.0,281261.0
713aa98887c6fda78002e405bfbec00e,1399/06/31,0.0,0.0,305849.0
713aa98887c6fda78002e405bfbec00e,1399/07/30,0.0,0.0,315532.0
713aa98887c6fda78002e405bfbec00e,1399/08/30,0.0,0.0,273511.0
713aa98887c6fda78002e405bfbec00e,1399/09/30,0.0,0.0,346902.0
713aa98887c6fda78002e405bfbec00e,1399/10/30,0.0,0.0,389762.0
713aa98887c6fda78002e405bfbec00e,1399/11/30,0.0,0.0,356174.0
713aa98887c6fda78002e405bfbec00e,1399/12/30,0.0,0.0,409893.0
713aa98887c6fda78002e405bfbec00e,1400/01/31,0.0,0.0,280376.0
713aa98887c6fda78002e405bfbec00e,1400/02/31,0.0,0.0,573416.0
713aa98887c6fda78002e405bfbec00e,1400/03/31,0.0,0.0,532111.0
713aa98887c6fda78002e405bfbec00e,1400/04/31,0.0,0.0,491526.0
713aa98887c6fda78002e405bfbec00e,1400/05/31,0.0,0.0,571145.0
713aa98887c6fda78002e405bfbec00e,1400/06/31,0.0,0.0,638004.0
713aa98887c6fda78002e405bfbec00e,1400/07/30,0.0,0.0,485976.0
713aa98887c6fda78002e405bfbec00e,1400/08/30,0.0,0.0,619927.0
713aa98887c6fda78002e405bfbec00e,1400/09/30,0.0,0.0,531468.0
713aa98887c6fda78002e405bfbec00e,1400/10/30,0.0,0.0,565573.0
713aa98887c6fda78002e405bfbec00e,1400/11/30,0.0,0.0,507922.0
713aa98887c6fda78002e405bfbec00e,1400/12/29,0.0,0.0,842682.0
713aa98887c6fda78002e405bfbec00e,1401/01/31,0.0,0.0,554632.0
713aa98887c6fda78002e405bfbec00e,1401/02/31,0.0,0.0,637519.0
713aa98887c6fda78002e405bfbec00e,1401/03/31,0.0,0.0,710896.0
713aa98887c6fda78002e405bfbec00e,1401/04/31,0.0,0.0,736494.0
713aa98887c6fda78002e405bfbec00e,1401/05/31,0.0,0.0,800706.0
713aa98887c6fda78002e405bfbec00e,1401/06/31,0.0,0.0,805687.0
713aa98887c6fda78002e405bfbec00e,1401/07/30,0.0,0.0,686155.0
713aa98887c6fda78002e405bfbec00e,1401/08/30,0.0,0.0,729422.0
713aa98887c6fda78002e405bfbec00e,1401/09/30,0.0,0.0,697286.0
713aa98887c6fda78002e405bfbec00e,1401/10/30,0.0,0.0,667200.0
713aa98887c6fda78002e405bfbec00e,1401/11/30,0.0,0.0,1347922.0
713aa98887c6fda78002e405bfbec00e,1401/12/29,0.0,0.0,1740810.0
713aa98887c6fda78002e405bfbec00e,1402/01/31,0.0,0.0,1514763.0
713aa98887c6fda78002e405bfbec00e,1402/02/31,0.0,0.0,1497066.0
713aa98887c6fda78002e405bfbec00e,1402/03/31,0.0,0.0,1482375.0
713aa98887c6fda78002e405bfbec00e,1402/04/31,0.0,0.0,1515866.0
713aa98887c6fda78002e405bfbec00e,1402/05/31,0.0,0.0,1496281.0
713aa98887c6fda78002e405bfbec00e,1402/06/31,0.0,0.0,1130584.0
713aa98887c6fda78002e405bfbec00e,1402/07/30,0.0,0.0,1235259.0
713aa98887c6fda78002e405bfbec00e,1402/08/30,0.0,0.0,1176953.0
713aa98887c6fda78002e405bfbec00e,1402/09/30,0.0,0.0,1441658.0
713aa98887c6fda78002e405bfbec00e,1402/10/30,0.0,0.0,1221134.0
713aa98887c6fda78002e405bfbec00e,1402/11/30,0.0,0.0,1590614.0
713aa98887c6fda78002e405bfbec00e,1402/12/29,0.0,0.0,2056403.0
713aa98887c6fda78002e405bfbec00e,1403/01/31,0.0,0.0,854498.0
713aa98887c6fda78002e405bfbec00e,1403/02/31,0.0,0.0,1456943.0
713aa98887c6fda78002e405bfbec00e,1403/03/31,0.0,0.0,1507855.0
713aa98887c6fda78002e405bfbec00e,1403/04/31,0.0,0.0,1624737.0
713aa98887c6fda78002e405bfbec00e,1403/05/31,0.0,0.0,2132724.0
713aa98887c6fda78002e405bfbec00e,1403/06/31,0.0,0.0,2072651.0
713aa98887c6fda78002e405bfbec00e,1403/07/30,0.0,0.0,1780447.0
713aa98887c6fda78002e405bfbec00e,1403/08/30,0.0,0.0,1925127.0
713aa98887c6fda78002e405bfbec00e,1403/09/30,0.0,0.0,1451138.0
713aa98887c6fda78002e405bfbec00e,1403/10/30,0.0,0.0,1974587.0
713aa98887c6fda78002e405bfbec00e,1403/11/30,0.0,0.0,2160060.0
713aa98887c6fda78002e405bfbec00e,1403/12/30,0.0,0.0,2000518.0
713aa98887c6fda78002e405bfbec00e,1404/01/31,0.0,0.0,1763773.0
713aa98887c6fda78002e405bfbec00e,1404/02/31,0.0,0.0,2080251.0
713aa98887c6fda78002e405bfbec00e,1404/03/31,0.0,0.0,1646878.0
713aa98887c6fda78002e405bfbec00e,1404/04/31,0.0,0.0,2797697.0
713aa98887c6fda78002e405bfbec00e,1404/05/31,0.0,0.0,2407067.0
713aa98887c6fda78002e405bfbec00e,1404/06/31,0.0,0.0,2503326.0
713aa98887c6fda78002e405bfbec00e,1404/07/30,0.0,0.0,2396907.0
713aa98887c6fda78002e405bfbec00e,1404/08/30,0.0,0.0,1744323.0
713aa98887c6fda78002e405bfbec00e,1404/09/30,0.0,0.0,2112257.0
713aa98887c6fda78002e405bfbec00e,1404/10/30,0.0,0.0,2141606.0
713aa98887c6fda78002e405bfbec00e,1404/11/30,0.0,0.0,3056494.0
713aa98887c6fda78002e405bfbec00e,1404/12/29,0.0,0.0,2876263.0
713aa98887c6fda78002e405bfbec00e,1405/01/31,0.0,0.0,1996458.0
713aa98887c6fda78002e405bfbec00e,1405/02/31,0.0,0.0,2243358.0
713aa98887c6fda78002e405bfbec00e,1405/03/31,0.0,0.0,3741006.0
713aa98887c6fda78002e405bfbec00e,1405/04/31,0.0,0.0,4170821.0
713aa98887c6fda78002e405bfbec00e,1405/05/31,0.0,0.0,3781792.0
72b4d79585406feb5160a555339cce54,1399/10/30,2392924.12,4733092.63,499670.81
72b4d79585406feb5160a555339cce54,1399/11/30,2658192.05,5435167.4,702074.77
72b4d79585406feb5160a555339cce54,1399/12/30,3084408.97,6295772.05,860604.29
72b4d79585406feb5160a555339cce54,1400/01/31,311032.0,815205.96,815205.96
72b4d79585406feb5160a555339cce54,1400/02/31,729322.0,1742316.0,927108.0
72b4d79585406feb5160a555339cce54,1400/03/31,1317528.0,3002981.0,1260665.0
72b4d79585406feb5160a555339cce54,1400/04/31,1872525.0,4112213.0,1109232.0
72b4d79585406feb5160a555339cce54,1400/05/31,2447043.0,4976275.0,864062.0
72b4d79585406feb5160a555339cce54,1400/06/31,2995529.0,5847138.0,870863.0
72b4d79585406feb5160a555339cce54,1400/07/30,3368940.0,6404356.0,557218.0
72b4d79585406feb5160a555339cce54,1400/08/30,3734549.0,6917066.0,512710.0
72b4d79585406feb5160a555339cce54,1400/09/30,4233422.0,7613979.0,696913.0
72b4d79585406feb5160a555339cce54,1400/10/30,4731871.0,8422862.0,808883.0
72b4d79585406feb5160a555339cce54,1400/11/30,5433413.0,9291490.0,868628.0
72b4d79585406feb5160a555339cce54,1400/12/29,6224975.0,10101740.0,850001.0
72b4d79585406feb5160a555339cce54,1401/01/31,815206.0,1327871.0,1327871.0
72b4d79585406feb5160a555339cce54,1401/02/31,1741077.0,2787633.0,1459763.0
72b4d79585406feb5160a555339cce54,1401/03/31,3001352.0,4368105.0,1580472.0
72b4d79585406feb5160a555339cce54,1401/04/31,4108662.0,5767921.0,1399816.0
72b4d79585406feb5160a555339cce54,1401/05/31,4970068.0,6965413.0,1197492.0
72b4d79585406feb5160a555339cce54,1401/06/31,5809047.0,8192508.0,1227095.0
72b4d79585406feb5160a555339cce54,1401/07/30,6367168.0,8984539.0,792031.0
72b4d79585406feb5160a555339cce54,1401/08/30,6875942.0,10021547.0,1037008.0
72b4d79585406feb5160a555339cce54,1401/09/30,7572030.0,10643843.0,622296.0
72b4d79585406feb5160a555339cce54,1401/10/30,8381782.0,11431430.0,787587.0
72b4d79585406feb5160a555339cce54,1401/11/30,9249269.0,12545778.0,1114348.0
72b4d79585406feb5160a555339cce54,1401/12/29,10101740.0,13766954.0,1093778.0
72b4d79585406feb5160a555339cce54,1402/01/31,1323748.0,2327844.0,2327844.0
72b4d79585406feb5160a555339cce54,1402/02/31,2787633.0,4266959.0,1939115.0
72b4d79585406feb5160a555339cce54,1402/03/31,4368105.0,6441169.0,2174210.0
72b4d79585406feb5160a555339cce54,1402/04/31,5762786.0,8615098.0,2173929.0
72b4d79585406feb5160a555339cce54,1402/05/31,6964476.0,10849899.0,2234801.0
72b4d79585406feb5160a555339cce54,1402/06/31,8192508.0,12507192.0,1641480.0
72b4d79585406feb5160a555339cce54,1402/07/30,8983631.0,13898966.0,1246982.0
72b4d79585406feb5160a555339cce54,1402/08/30,10021404.0,15880742.0,1981776.0
72b4d79585406feb5160a555339cce54,1402/09/30,10643843.0,17438370.0,1557628.0
72b4d79585406feb5160a555339cce54,1402/10/30,11433517.0,19116360.0,1677990.0
72b4d79585406feb5160a555339cce54,1402/11/30,12541315.0,20846530.0,1730170.0
72b4d79585406feb5160a555339cce54,1402/12/29,13766954.0,21574414.0,727884.0
72b4d79585406feb5160a555339cce54,1403/01/31,2332017.0,3336530.0,3336530.0
72b4d79585406feb5160a555339cce54,1403/02/31,4271131.0,6646254.0,3309724.0
72b4d79585406feb5160a555339cce54,1403/03/31,6441169.0,10797866.0,4151612.0
72b4d79585406feb5160a555339cce54,1403/04/31,8615098.0,13765347.0,2967481.0
72b4d79585406feb5160a555339cce54,1403/05/31,10840226.0,16834711.0,3069364.0
72b4d79585406feb5160a555339cce54,1403/06/31,12507192.0,18927599.0,2430066.0
72b4d79585406feb5160a555339cce54,1403/07/30,13898966.0,20945898.0,2018299.0
72b4d79585406feb5160a555339cce54,1403/08/30,15880742.0,22608384.0,1662486.0
72b4d79585406feb5160a555339cce54,1403/09/30,17438370.0,24033535.0,1425151.0
72b4d79585406feb5160a555339cce54,1403/10/30,19116360.0,26038543.0,2005008.0
72b4d79585406feb5160a555339cce54,1403/11/30,20846530.0,28524421.0,2485878.0
72b4d79585406feb5160a555339cce54,1403/12/30,21574414.0,31853454.0,3329033.0
72b4d79585406feb5160a555339cce54,1404/01/31,3336530.0,5891910.0,5891910.0
72b4d79585406feb5160a555339cce54,1404/02/31,6646253.0,13064724.0,7172814.0
72b4d79585406feb5160a555339cce54,1404/03/31,10797866.0,19412039.0,6347315.0
72b4d79585406feb5160a555339cce54,1404/04/31,13765347.0,25061242.12,5649203.12
72b4d79585406feb5160a555339cce54,1404/05/31,16834710.53,29712210.72,4650967.72
72b4d79585406feb5160a555339cce54,1404/06/31,18927599.16,33348906.62,3636695.62
72b4d79585406feb5160a555339cce54,1404/07/30,20945898.0,35386916.0,2038009.0
72b4d79585406feb5160a555339cce54,1404/08/30,22608384.0,37580007.0,2193091.0
72b4d79585406feb5160a555339cce54,1404/09/30,24033535.0,40426400.0,2846393.0
72b4d79585406feb5160a555339cce54,1404/10/30,26038543.0,44423470.0,2437130.0
72b4d79585406feb5160a555339cce54,1404/12/29,31853454.0,51638611.0,3464950.0
72b4d79585406feb5160a555339cce54,1405/01/31,5891910.0,5438256.0,5438256.0
72b4d79585406feb5160a555339cce54,1405/02/31,13064724.0,13044018.0,7605762.0
72b4d79585406feb5160a555339cce54,1405/03/31,0.0,0.0,11193868.0
72b4d79585406feb5160a555339cce54,1405/04/31,0.0,0.0,9075480.0
72d8be1259190fb1b5c8726381e27f71,1400/06/31,3211950.0,4777554.0,787498.0
72d8be1259190fb1b5c8726381e27f71,1400/07/30,3532645.0,5416957.0,639403.0
72d8be1259190fb1b5c8726381e27f71,1400/08/30,3997671.0,6072805.0,655848.0
72d8be1259190fb1b5c8726381e27f71,1400/09/30,4524059.0,7089815.0,1017010.0
72d8be1259190fb1b5c8726381e27f71,1400/10/30,500106.0,884980.0,884980.0
72d8be1259190fb1b5c8726381e27f71,1400/11/30,1045172.0,1601597.0,716617.0
72d8be1259190fb1b5c8726381e27f71,1400/12/29,1443838.0,2439795.0,875442.0
72d8be1259190fb1b5c8726381e27f71,1401/01/31,1672084.0,3097404.0,657609.0
72d8be1259190fb1b5c8726381e27f71,1401/02/31,2055118.0,3907500.0,810096.0
72d8be1259190fb1b5c8726381e27f71,1401/03/31,2680404.0,4789926.0,882426.0
72d8be1259190fb1b5c8726381e27f71,1401/04/31,3556749.0,5929873.0,1139947.0
72d8be1259190fb1b5c8726381e27f71,1401/05/31,3990056.0,8229236.0,2299363.0
72d8be1259190fb1b5c8726381e27f71,1401/06/31,4777554.0,12900414.0,4671178.0
72d8be1259190fb1b5c8726381e27f71,1401/07/30,5416957.0,16226558.0,3326144.0
72d8be1259190fb1b5c8726381e27f71,1401/08/30,6072805.0,19998520.0,3771962.0
72d8be1259190fb1b5c8726381e27f71,1401/09/30,7089815.0,24326138.0,4605755.0
72d8be1259190fb1b5c8726381e27f71,1401/10/30,884980.0,4820077.0,4820077.0
72d8be1259190fb1b5c8726381e27f71,1401/11/30,1601597.0,9045537.0,4225460.0
72d8be1259190fb1b5c8726381e27f71,1401/12/29,2439795.0,11922584.0,2877047.0
72d8be1259190fb1b5c8726381e27f71,1402/01/31,3097404.0,12525165.0,602581.0
72d8be1259190fb1b5c8726381e27f71,1402/02/31,3907500.0,13249122.0,723957.0
72d8be1259190fb1b5c8726381e27f71,1402/03/31,4789926.0,13639936.0,390603.0
72d8be1259190fb1b5c8726381e27f71,1402/04/31,5929873.0,15561639.0,1921914.0
72d8be1259190fb1b5c8726381e27f71,1402/05/31,8229236.0,17335203.0,1773564.0
72d8be1259190fb1b5c8726381e27f71,1402/06/31,12900414.0,19122287.0,1787084.0
72d8be1259190fb1b5c8726381e27f71,1402/07/30,16226558.0,21277668.0,2155381.0
72d8be1259190fb1b5c8726381e27f71,1402/08/30,19998520.0,22997713.0,1720045.0
72d8be1259190fb1b5c8726381e27f71,1402/09/30,24326138.0,23701887.0,1273387.0
72d8be1259190fb1b5c8726381e27f71,1402/10/30,4820077.0,1303054.0,1303054.0
72d8be1259190fb1b5c8726381e27f71,1402/11/30,9045537.0,4448365.0,3145311.0
72d8be1259190fb1b5c8726381e27f71,1402/12/29,11922584.0,7260922.0,2812557.0
72d8be1259190fb1b5c8726381e27f71,1403/01/31,12525165.0,8999841.0,1738919.0
72d8be1259190fb1b5c8726381e27f71,1403/02/31,13249122.0,11162482.0,2162641.0
72d8be1259190fb1b5c8726381e27f71,1403/03/31,13639936.0,13317638.0,2155155.0
72d8be1259190fb1b5c8726381e27f71,1403/04/31,15561639.0,15039816.0,1722178.0
72d8be1259190fb1b5c8726381e27f71,1403/05/31,17335203.0,17502355.0,2462539.0
72d8be1259190fb1b5c8726381e27f71,1403/06/31,19122287.0,21081876.0,3579521.0
72d8be1259190fb1b5c8726381e27f71,1403/07/30,21277668.0,29047882.0,7966006.0
72d8be1259190fb1b5c8726381e27f71,1403/08/30,22997713.0,32177634.0,3129752.0
72d8be1259190fb1b5c8726381e27f71,1403/09/30,23701887.0,33770592.0,1632148.0
72d8be1259190fb1b5c8726381e27f71,1403/10/30,1303054.0,2142482.0,2142482.0
72d8be1259190fb1b5c8726381e27f71,1403/11/30,4448365.0,5688441.0,3545959.0
72d8be1259190fb1b5c8726381e27f71,1403/12/30,7260922.0,10255015.0,4566574.0
72d8be1259190fb1b5c8726381e27f71,1404/01/31,8999841.0,11439612.0,1184597.0
72d8be1259190fb1b5c8726381e27f71,1404/02/31,11162482.0,13490827.0,2051215.0
72d8be1259190fb1b5c8726381e27f71,1404/03/31,13317638.0,18342109.0,4851282.0
72d8be1259190fb1b5c8726381e27f71,1404/04/31,15039816.0,23136205.0,4794096.0
72d8be1259190fb1b5c8726381e27f71,1404/05/31,17502355.0,25321808.0,2185603.0
72d8be1259190fb1b5c8726381e27f71,1404/06/31,21081876.0,31323095.0,6001287.0
72d8be1259190fb1b5c8726381e27f71,1404/07/30,29047882.0,36778243.0,5455148.0
72d8be1259190fb1b5c8726381e27f71,1404/08/30,32177634.0,39976077.0,3197834.0
72d8be1259190fb1b5c8726381e27f71,1404/09/30,33770592.0,42568959.0,3389371.0
72d8be1259190fb1b5c8726381e27f71,1404/10/30,2142482.0,5240664.0,5240664.0
72d8be1259190fb1b5c8726381e27f71,1404/11/30,5688441.0,25461733.0,20221069.0
72d8be1259190fb1b5c8726381e27f71,1404/12/29,10255015.0,34434276.0,8972543.0
72d8be1259190fb1b5c8726381e27f71,1405/01/31,11439612.0,45355930.0,10921654.0
72d8be1259190fb1b5c8726381e27f71,1405/02/31,13490827.0,63042424.0,17686494.0
72d8be1259190fb1b5c8726381e27f71,1405/03/31,0.0,0.0,11261376.0
72d8be1259190fb1b5c8726381e27f71,1405/04/31,0.0,0.0,13025628.0
72d8be1259190fb1b5c8726381e27f71,1405/05/31,0.0,0.0,17956676.0
7386c9d3264a07cdaacbdba2e1941d42,1399/04/31,965221.0,1509528.0,465316.0
7386c9d3264a07cdaacbdba2e1941d42,1399/05/31,1328331.0,1962497.0,452969.0
7386c9d3264a07cdaacbdba2e1941d42,1399/06/31,1739052.0,2373070.0,410573.0
7386c9d3264a07cdaacbdba2e1941d42,1399/07/30,2080141.0,2716973.0,343903.0
7386c9d3264a07cdaacbdba2e1941d42,1399/08/30,2495186.0,3230946.0,513973.0
7386c9d3264a07cdaacbdba2e1941d42,1399/09/30,2933022.0,3819246.0,588300.0
7386c9d3264a07cdaacbdba2e1941d42,1399/10/30,3333129.0,4390023.0,570777.0
7386c9d3264a07cdaacbdba2e1941d42,1399/11/30,3643345.0,4965023.0,575000.0
7386c9d3264a07cdaacbdba2e1941d42,1399/12/30,3830026.0,5308715.0,343692.0
7386c9d3264a07cdaacbdba2e1941d42,1400/01/31,302267.0,235182.0,235182.0
7386c9d3264a07cdaacbdba2e1941d42,1400/02/31,644203.0,635264.0,400016.0
7386c9d3264a07cdaacbdba2e1941d42,1400/03/31,1044212.0,1135278.0,500014.0
7386c9d3264a07cdaacbdba2e1941d42,1400/04/31,1509528.0,1756769.0,621491.0
7386c9d3264a07cdaacbdba2e1941d42,1400/05/31,1962497.0,2445417.0,688648.0
7386c9d3264a07cdaacbdba2e1941d42,1400/06/31,2373070.0,4079113.0,1633696.0
7386c9d3264a07cdaacbdba2e1941d42,1400/07/30,2716973.0,4879132.0,800019.0
7386c9d3264a07cdaacbdba2e1941d42,1400/08/30,3230946.0,5681077.0,801945.0
7386c9d3264a07cdaacbdba2e1941d42,1400/09/30,3819246.0,6416537.0,735460.0
7386c9d3264a07cdaacbdba2e1941d42,1400/10/30,4390023.0,7140327.0,723790.0
7386c9d3264a07cdaacbdba2e1941d42,1400/11/30,4965023.0,7940766.0,800439.0
7386c9d3264a07cdaacbdba2e1941d42,1400/12/29,5311404.0,8120909.0,180143.0
7386c9d3264a07cdaacbdba2e1941d42,1401/01/31,235182.0,760206.0,760206.0
7386c9d3264a07cdaacbdba2e1941d42,1401/02/31,635264.0,1661406.0,901200.0
7386c9d3264a07cdaacbdba2e1941d42,1401/03/31,1135278.0,2621656.0,960250.0
7386c9d3264a07cdaacbdba2e1941d42,1401/04/31,1756769.0,3696870.0,1075214.0
7386c9d3264a07cdaacbdba2e1941d42,1401/05/31,2445417.0,4780097.0,1083227.0
7386c9d3264a07cdaacbdba2e1941d42,1401/06/31,4079113.0,5873936.0,1093839.0
7386c9d3264a07cdaacbdba2e1941d42,1401/07/30,4879132.0,6995172.0,1121236.0
7386c9d3264a07cdaacbdba2e1941d42,1401/08/30,5681077.0,7946760.0,951588.0
7386c9d3264a07cdaacbdba2e1941d42,1401/09/30,6416537.0,8957608.0,1010848.0
7386c9d3264a07cdaacbdba2e1941d42,1401/10/30,7140327.0,9923540.0,965932.0
7386c9d3264a07cdaacbdba2e1941d42,1401/11/30,7940766.0,10925960.0,1002420.0
7386c9d3264a07cdaacbdba2e1941d42,1401/12/29,8120909.0,11542817.0,616857.0
7386c9d3264a07cdaacbdba2e1941d42,1402/01/31,760206.0,1070454.0,1070454.0
7386c9d3264a07cdaacbdba2e1941d42,1402/02/31,1661406.0,2372422.0,1301968.0
7386c9d3264a07cdaacbdba2e1941d42,1402/03/31,2621656.0,3750450.0,1378028.0
7386c9d3264a07cdaacbdba2e1941d42,1402/04/31,3696870.0,5172937.0,1422487.0
7386c9d3264a07cdaacbdba2e1941d42,1402/05/31,4780097.0,6621190.0,1448253.0
7386c9d3264a07cdaacbdba2e1941d42,1402/06/31,5873936.0,8095692.0,1474502.0
7386c9d3264a07cdaacbdba2e1941d42,1402/07/30,6995172.0,9563945.0,1468250.0
7386c9d3264a07cdaacbdba2e1941d42,1402/08/30,7946760.0,10967327.0,1403382.0
7386c9d3264a07cdaacbdba2e1941d42,1402/09/30,8957608.0,12486660.0,1519333.0
7386c9d3264a07cdaacbdba2e1941d42,1402/10/30,9923540.0,14180627.0,1693967.0
7386c9d3264a07cdaacbdba2e1941d42,1402/11/30,10925960.0,15734497.0,1553870.0
7386c9d3264a07cdaacbdba2e1941d42,1402/12/29,11542817.0,16587825.0,853328.0
7386c9d3264a07cdaacbdba2e1941d42,1403/01/31,1070454.0,1710290.0,1710290.0
7386c9d3264a07cdaacbdba2e1941d42,1403/02/31,2372422.0,3447807.0,1737517.0
7386c9d3264a07cdaacbdba2e1941d42,1403/03/31,3750450.0,5302577.0,1854770.0
7386c9d3264a07cdaacbdba2e1941d42,1403/04/31,5172937.0,7082265.0,1779688.0
7386c9d3264a07cdaacbdba2e1941d42,1403/05/31,6621190.0,8969091.0,1886826.0
7386c9d3264a07cdaacbdba2e1941d42,1403/06/31,8095695.0,10994165.0,2025074.0
7386c9d3264a07cdaacbdba2e1941d42,1403/07/30,10292320.0,12935782.0,1941617.0
7386c9d3264a07cdaacbdba2e1941d42,1403/08/30,10967327.0,14878957.0,1943175.0
7386c9d3264a07cdaacbdba2e1941d42,1403/09/30,12486660.0,16907736.0,2028779.0
7386c9d3264a07cdaacbdba2e1941d42,1403/10/30,14180627.0,19808682.0,2900946.0
7386c9d3264a07cdaacbdba2e1941d42,1403/11/30,15734497.0,22813557.0,3004875.0
7386c9d3264a07cdaacbdba2e1941d42,1403/12/30,16587825.0,25333006.0,2519449.0
7386c9d3264a07cdaacbdba2e1941d42,1404/01/31,1710290.0,3161412.0,3161412.0
7386c9d3264a07cdaacbdba2e1941d42,1404/02/31,3447807.0,6392893.0,3231481.0
7386c9d3264a07cdaacbdba2e1941d42,1404/03/31,5302577.0,10050740.0,3657847.0
7386c9d3264a07cdaacbdba2e1941d42,1404/04/31,7082265.0,13870884.0,3820144.0
7386c9d3264a07cdaacbdba2e1941d42,1404/05/31,8969091.0,17729767.0,3858883.0
7386c9d3264a07cdaacbdba2e1941d42,1404/06/31,10994165.0,21959597.0,4229830.0
7386c9d3264a07cdaacbdba2e1941d42,1404/07/30,12935782.0,26193385.0,4233788.0
7386c9d3264a07cdaacbdba2e1941d42,1404/08/30,14878957.0,30433385.0,4240000.0
7386c9d3264a07cdaacbdba2e1941d42,1404/09/30,16907736.0,34895125.0,4461740.0
7386c9d3264a07cdaacbdba2e1941d42,1404/10/30,19808682.0,39539881.0,4644756.0
7386c9d3264a07cdaacbdba2e1941d42,1404/11/30,99014.0,302267.0,5083210.0
7386c9d3264a07cdaacbdba2e1941d42,1404/12/29,339191.0,644203.0,3360732.0
7386c9d3264a07cdaacbdba2e1941d42,1405/01/31,630009.0,1044212.0,6161918.0
7386c9d3264a07cdaacbdba2e1941d42,1405/02/31,6392893.0,15163093.0,9001175.0
7386c9d3264a07cdaacbdba2e1941d42,1405/03/31,0.0,0.0,12504091.0
7386c9d3264a07cdaacbdba2e1941d42,1405/04/31,0.0,0.0,12700096.0
7386c9d3264a07cdaacbdba2e1941d42,1405/05/31,0.0,0.0,12750986.0
74a98ddff0b1430c48e8cfc83fa56408,1401/01/31,100.0,137118.0,3.0
74a98ddff0b1430c48e8cfc83fa56408,1401/02/31,27969.0,34438.0,24569.0
74a98ddff0b1430c48e8cfc83fa56408,1401/03/31,100.0,601.0,2.0
74a98ddff0b1430c48e8cfc83fa56408,1401/04/31,100.0,601.0,2.0
74a98ddff0b1430c48e8cfc83fa56408,1401/05/31,100.0,601.0,2.0
74a98ddff0b1430c48e8cfc83fa56408,1401/06/31,100.0,601.0,2.0
74a98ddff0b1430c48e8cfc83fa56408,1401/07/30,100.0,601.0,2.0
74a98ddff0b1430c48e8cfc83fa56408,1401/08/30,100.0,601.0,2.0
74a98ddff0b1430c48e8cfc83fa56408,1401/09/30,219554.0,253731.0,33103.0
74a98ddff0b1430c48e8cfc83fa56408,1401/10/30,100.0,601.0,2.0
74a98ddff0b1430c48e8cfc83fa56408,1401/11/30,417283.0,329360.0,68309.0
74a98ddff0b1430c48e8cfc83fa56408,1401/12/29,100.0,601.0,2.0
74a98ddff0b1430c48e8cfc83fa56408,1402/01/31,100.0,601.0,2.0
74a98ddff0b1430c48e8cfc83fa56408,1402/02/31,100.0,2112.0,4.0
74a98ddff0b1430c48e8cfc83fa56408,1402/03/31,100.0,2112.0,4.0
74a98ddff0b1430c48e8cfc83fa56408,1402/04/31,142507.0,232563.0,82669.0
74a98ddff0b1430c48e8cfc83fa56408,1402/05/31,100.0,2112.0,4.0
74a98ddff0b1430c48e8cfc83fa56408,1402/06/31,174687.0,338033.0,59592.0
74a98ddff0b1430c48e8cfc83fa56408,1402/07/30,202295.0,343748.0,5715.0
74a98ddff0b1430c48e8cfc83fa56408,1402/08/30,100.0,810.0,3.0
74a98ddff0b1430c48e8cfc83fa56408,1402/09/30,100.0,835.0,3.0
74a98ddff0b1430c48e8cfc83fa56408,1402/10/30,100.0,835.0,3.0
74a98ddff0b1430c48e8cfc83fa56408,1402/11/30,100.0,835.0,3.0
74a98ddff0b1430c48e8cfc83fa56408,1402/12/29,100.0,835.0,3.0
74a98ddff0b1430c48e8cfc83fa56408,1403/01/31,17574.0,1980.0,1980.0
74a98ddff0b1430c48e8cfc83fa56408,1403/02/31,52802.0,220020.0,218040.0
74a98ddff0b1430c48e8cfc83fa56408,1403/03/31,149894.0,427432.0,207412.0
74a98ddff0b1430c48e8cfc83fa56408,1403/04/31,232563.0,599844.0,172412.0
74a98ddff0b1430c48e8cfc83fa56408,1403/05/31,100.0,12032.0,3.0
74a98ddff0b1430c48e8cfc83fa56408,1403/06/31,338033.0,855274.0,57187.0
74a98ddff0b1430c48e8cfc83fa56408,1403/07/30,343748.0,910612.0,55338.0
74a98ddff0b1430c48e8cfc83fa56408,1403/08/30,403952.0,929268.0,20928.0
74a98ddff0b1430c48e8cfc83fa56408,1403/09/30,514326.0,1126990.0,197722.0
74a98ddff0b1430c48e8cfc83fa56408,1403/10/30,100.0,272345.0,3.0
74a98ddff0b1430c48e8cfc83fa56408,1403/11/30,100.0,273311.0,3.0
74a98ddff0b1430c48e8cfc83fa56408,1403/12/30,1587969.0,3598552.0,1639116.0
74a98ddff0b1430c48e8cfc83fa56408,1404/01/31,1980.0,201191.0,201191.0
74a98ddff0b1430c48e8cfc83fa56408,1404/02/31,212584.0,687563.0,486372.0
74a98ddff0b1430c48e8cfc83fa56408,1404/04/31,599844.0,885434.0,104101.0
74a98ddff0b1430c48e8cfc83fa56408,1404/05/31,809918.0,939276.0,53842.0
74a98ddff0b1430c48e8cfc83fa56408,1404/06/31,855274.0,1030355.0,91079.0
74a98ddff0b1430c48e8cfc83fa56408,1404/07/30,910612.0,1085195.0,54840.0
74a98ddff0b1430c48e8cfc83fa56408,1404/10/30,1344997.0,1774986.0,312685.0
74a98ddff0b1430c48e8cfc83fa56408,1404/12/29,0.0,0.0,1010854.0
74a98ddff0b1430c48e8cfc83fa56408,1405/01/31,0.0,0.0,161933.0
74a98ddff0b1430c48e8cfc83fa56408,1405/02/31,0.0,0.0,196455.0
74a98ddff0b1430c48e8cfc83fa56408,1405/03/31,0.0,0.0,121038.0
74a98ddff0b1430c48e8cfc83fa56408,1405/04/31,0.0,0.0,290100.0
74a98ddff0b1430c48e8cfc83fa56408,1405/06/31,0.0,0.0,358671.0
76022dd3c77edb744eeef72f3d54483a,1404/12/29,0.0,0.0,4683377.0
77ec0ce2270f5a3e04f8fa6313cf5201,1400/05/31,0.0,0.0,310764.0
77ec0ce2270f5a3e04f8fa6313cf5201,1400/06/31,0.0,0.0,308000.0
77ec0ce2270f5a3e04f8fa6313cf5201,1400/07/30,0.0,0.0,220480.0
77ec0ce2270f5a3e04f8fa6313cf5201,1400/08/30,0.0,0.0,200299.0
77ec0ce2270f5a3e04f8fa6313cf5201,1400/09/30,0.0,0.0,202989.0
77ec0ce2270f5a3e04f8fa6313cf5201,1400/10/30,0.0,0.0,313456.0
77ec0ce2270f5a3e04f8fa6313cf5201,1400/11/30,0.0,0.0,320263.0
77ec0ce2270f5a3e04f8fa6313cf5201,1400/12/29,0.0,0.0,301508.0
77ec0ce2270f5a3e04f8fa6313cf5201,1401/01/31,0.0,0.0,150182.0
77ec0ce2270f5a3e04f8fa6313cf5201,1401/02/31,0.0,0.0,224549.0
77ec0ce2270f5a3e04f8fa6313cf5201,1401/03/31,0.0,0.0,277256.0
77ec0ce2270f5a3e04f8fa6313cf5201,1401/04/31,0.0,0.0,272686.0
77ec0ce2270f5a3e04f8fa6313cf5201,1401/05/31,0.0,0.0,310178.0
77ec0ce2270f5a3e04f8fa6313cf5201,1401/06/31,0.0,0.0,348009.0
77ec0ce2270f5a3e04f8fa6313cf5201,1401/07/30,0.0,0.0,364827.0
77ec0ce2270f5a3e04f8fa6313cf5201,1401/08/30,0.0,0.0,330500.0
77ec0ce2270f5a3e04f8fa6313cf5201,1401/09/30,0.0,0.0,281299.0
77ec0ce2270f5a3e04f8fa6313cf5201,1401/10/30,0.0,0.0,370401.0
77ec0ce2270f5a3e04f8fa6313cf5201,1401/11/30,0.0,0.0,360474.0
77ec0ce2270f5a3e04f8fa6313cf5201,1401/12/29,0.0,0.0,330799.0
77ec0ce2270f5a3e04f8fa6313cf5201,1402/01/31,0.0,0.0,285013.0
77ec0ce2270f5a3e04f8fa6313cf5201,1402/02/31,0.0,0.0,480100.0
77ec0ce2270f5a3e04f8fa6313cf5201,1402/03/31,0.0,0.0,498206.0
77ec0ce2270f5a3e04f8fa6313cf5201,1402/04/31,0.0,0.0,515002.0
77ec0ce2270f5a3e04f8fa6313cf5201,1402/05/31,0.0,0.0,520110.0
77ec0ce2270f5a3e04f8fa6313cf5201,1402/06/31,0.0,0.0,430256.0
77ec0ce2270f5a3e04f8fa6313cf5201,1402/07/30,0.0,0.0,500770.0
77ec0ce2270f5a3e04f8fa6313cf5201,1402/08/30,0.0,0.0,500120.0
77ec0ce2270f5a3e04f8fa6313cf5201,1402/09/30,0.0,0.0,470670.0
77ec0ce2270f5a3e04f8fa6313cf5201,1402/10/30,0.0,0.0,607300.0
77ec0ce2270f5a3e04f8fa6313cf5201,1402/11/30,0.0,0.0,600893.0
77ec0ce2270f5a3e04f8fa6313cf5201,1402/12/29,0.0,0.0,400726.0
77ec0ce2270f5a3e04f8fa6313cf5201,1403/01/31,0.0,0.0,301000.0
77ec0ce2270f5a3e04f8fa6313cf5201,1403/02/31,0.0,0.0,540170.0
77ec0ce2270f5a3e04f8fa6313cf5201,1403/03/31,0.0,0.0,515939.0
77ec0ce2270f5a3e04f8fa6313cf5201,1403/04/31,0.0,0.0,386876.0
77ec0ce2270f5a3e04f8fa6313cf5201,1403/05/31,0.0,0.0,340044.0
77ec0ce2270f5a3e04f8fa6313cf5201,1403/06/31,0.0,0.0,293363.0
77ec0ce2270f5a3e04f8fa6313cf5201,1403/07/30,0.0,0.0,501165.0
77ec0ce2270f5a3e04f8fa6313cf5201,1403/08/30,0.0,0.0,707933.0
77ec0ce2270f5a3e04f8fa6313cf5201,1403/09/30,0.0,0.0,615484.0
77ec0ce2270f5a3e04f8fa6313cf5201,1403/10/30,0.0,0.0,312706.0
77ec0ce2270f5a3e04f8fa6313cf5201,1403/11/30,0.0,0.0,450468.0
77ec0ce2270f5a3e04f8fa6313cf5201,1403/12/30,0.0,0.0,576253.0
77ec0ce2270f5a3e04f8fa6313cf5201,1404/01/31,0.0,0.0,348590.0
77ec0ce2270f5a3e04f8fa6313cf5201,1404/02/31,0.0,0.0,557174.0
77ec0ce2270f5a3e04f8fa6313cf5201,1404/03/31,0.0,0.0,600009.0
77ec0ce2270f5a3e04f8fa6313cf5201,1404/04/31,0.0,0.0,666847.0
77ec0ce2270f5a3e04f8fa6313cf5201,1404/05/31,0.0,0.0,759500.0
77ec0ce2270f5a3e04f8fa6313cf5201,1404/06/31,0.0,0.0,770333.0
77ec0ce2270f5a3e04f8fa6313cf5201,1404/07/30,0.0,0.0,1200112.0
77ec0ce2270f5a3e04f8fa6313cf5201,1404/08/30,0.0,0.0,1293926.0
77ec0ce2270f5a3e04f8fa6313cf5201,1404/09/30,0.0,0.0,1586103.0
77ec0ce2270f5a3e04f8fa6313cf5201,1404/10/30,0.0,0.0,455991.0
77ec0ce2270f5a3e04f8fa6313cf5201,1404/11/30,0.0,0.0,476626.0
77ec0ce2270f5a3e04f8fa6313cf5201,1404/12/29,0.0,0.0,425680.0
77ec0ce2270f5a3e04f8fa6313cf5201,1405/01/31,0.0,0.0,1233093.0
77ec0ce2270f5a3e04f8fa6313cf5201,1405/02/31,0.0,0.0,1210638.0
77ec0ce2270f5a3e04f8fa6313cf5201,1405/03/31,0.0,0.0,3030213.0
77ec0ce2270f5a3e04f8fa6313cf5201,1405/04/31,0.0,0.0,3182111.0
7951d684c53fd22e89f5777201bf7453,1399/12/30,241961190.0,431944715.0,104698663.0
7951d684c53fd22e89f5777201bf7453,1400/01/31,10609433.0,43612329.0,43612329.0
7951d684c53fd22e89f5777201bf7453,1400/02/31,20843506.0,90216882.0,46714621.0
7951d684c53fd22e89f5777201bf7453,1400/03/31,32505175.0,127741463.0,37999919.0
7951d684c53fd22e89f5777201bf7453,1400/04/31,70551060.0,189211163.0,61228229.0
7951d684c53fd22e89f5777201bf7453,1400/05/31,112181500.0,254262718.0,63096702.0
7951d684c53fd22e89f5777201bf7453,1400/06/31,141662552.0,312043734.0,58045236.0
7951d684c53fd22e89f5777201bf7453,1400/07/30,177294576.0,391238174.0,78289733.0
7951d684c53fd22e89f5777201bf7453,1400/08/30,200823574.0,463670330.0,72491926.0
7951d684c53fd22e89f5777201bf7453,1400/09/30,240662430.0,517920146.0,52989817.0
7951d684c53fd22e89f5777201bf7453,1400/10/30,279673084.0,578906347.0,65595254.0
7951d684c53fd22e89f5777201bf7453,1400/11/30,325755647.0,666605411.0,83667391.0
7951d684c53fd22e89f5777201bf7453,1400/12/29,431944715.0,752376245.0,82215530.0
7951d684c53fd22e89f5777201bf7453,1401/01/31,43612329.0,74028492.0,74028492.0
7951d684c53fd22e89f5777201bf7453,1401/02/31,90216882.0,152254932.0,78042913.0
7951d684c53fd22e89f5777201bf7453,1401/03/31,128016193.0,231193314.0,78675654.0
7951d684c53fd22e89f5777201bf7453,1401/04/31,189211163.0,313386666.0,81809183.0
7951d684c53fd22e89f5777201bf7453,1401/05/31,256062175.0,373439103.0,59199333.0
7951d684c53fd22e89f5777201bf7453,1401/06/31,312948438.0,492082850.0,121838159.0
7951d684c53fd22e89f5777201bf7453,1401/07/30,391238174.0,553551341.0,64600735.0
7951d684c53fd22e89f5777201bf7453,1401/08/30,463670330.0,641600753.0,88631998.0
7951d684c53fd22e89f5777201bf7453,1401/09/30,513311087.0,745586108.0,105021510.0
7951d684c53fd22e89f5777201bf7453,1401/10/30,578906347.0,859117178.0,114247841.0
7951d684c53fd22e89f5777201bf7453,1401/11/30,666605411.0,969534227.0,109738119.0
7951d684c53fd22e89f5777201bf7453,1401/12/29,752376245.0,1064535173.0,92130386.0
7951d684c53fd22e89f5777201bf7453,1402/01/31,74028492.0,83465048.0,83465048.0
7951d684c53fd22e89f5777201bf7453,1402/02/31,152254932.0,160906910.0,76098575.0
7951d684c53fd22e89f5777201bf7453,1402/03/31,231193314.0,217950487.0,55857145.0
7951d684c53fd22e89f5777201bf7453,1402/04/31,313386666.0,330034771.0,112016212.0
7951d684c53fd22e89f5777201bf7453,1402/05/31,373439103.0,447927579.0,117679018.0
7951d684c53fd22e89f5777201bf7453,1402/06/31,492082850.0,572709193.0,120393345.0
7951d684c53fd22e89f5777201bf7453,1402/07/30,553551341.0,724024323.0,151832046.0
7951d684c53fd22e89f5777201bf7453,1402/08/30,641600753.0,806192837.0,84657509.0
7951d684c53fd22e89f5777201bf7453,1402/09/30,745586108.0,841507462.0,35887585.0
7951d684c53fd22e89f5777201bf7453,1402/10/30,859117178.0,945283818.0,103972881.0
7951d684c53fd22e89f5777201bf7453,1402/11/30,969534227.0,1078940087.0,133097449.0
7951d684c53fd22e89f5777201bf7453,1402/12/29,1064535173.0,1188472867.0,155337945.0
7951d684c53fd22e89f5777201bf7453,1403/01/31,83465048.0,126678840.0,126678840.0
7951d684c53fd22e89f5777201bf7453,1403/02/31,160906910.0,241481152.0,115833332.0
7951d684c53fd22e89f5777201bf7453,1403/03/31,217950487.0,358926469.0,149867991.0
7951d684c53fd22e89f5777201bf7453,1403/04/31,330034771.0,473765292.0,114838823.0
7951d684c53fd22e89f5777201bf7453,1403/05/31,447927579.0,598354521.0,124154160.0
7951d684c53fd22e89f5777201bf7453,1403/06/31,572709193.0,758093395.0,112634781.0
7951d684c53fd22e89f5777201bf7453,1403/07/30,724024323.0,897071217.0,138977822.0
7951d684c53fd22e89f5777201bf7453,1403/08/30,806192837.0,1013411931.0,116328586.0
7951d684c53fd22e89f5777201bf7453,1403/09/30,841507462.0,1187905663.0,172626702.0
7951d684c53fd22e89f5777201bf7453,1403/10/30,945283818.0,1355668294.0,167908219.0
7951d684c53fd22e89f5777201bf7453,1403/11/30,1078940087.0,1533281393.0,181946085.0
7951d684c53fd22e89f5777201bf7453,1403/12/30,1188472867.0,1737268218.0,207473338.0
7951d684c53fd22e89f5777201bf7453,1404/01/31,126678840.0,148246133.0,148246133.0
7951d684c53fd22e89f5777201bf7453,1404/02/31,241481152.0,328468935.0,179346147.0
7951d684c53fd22e89f5777201bf7453,1404/03/31,527668419.0,200164521.0,327503898.0
7951d684c53fd22e89f5777201bf7453,1404/04/31,473765292.0,756701413.0,216910238.0
7951d684c53fd22e89f5777201bf7453,1404/05/31,598354521.0,904375925.0,148214088.0
7951d684c53fd22e89f5777201bf7453,1404/06/31,758093395.0,1122011763.0,217140423.0
7951d684c53fd22e89f5777201bf7453,1404/07/30,897071217.0,1253492971.0,129572806.0
7951d684c53fd22e89f5777201bf7453,1404/08/30,1013411931.0,1401728690.0,148228388.0
7951d684c53fd22e89f5777201bf7453,1404/09/30,1185462947.0,1594631807.0,188949318.0
7951d684c53fd22e89f5777201bf7453,1404/10/30,1355668294.0,1812986809.0,222791382.0
7951d684c53fd22e89f5777201bf7453,1404/11/30,1525750096.0,2169677887.0,344823009.0
7951d684c53fd22e89f5777201bf7453,1404/12/29,1733223434.0,2505247131.0,449155552.0
7951d684c53fd22e89f5777201bf7453,1405/01/31,149122788.0,138850999.0,138850999.0
7951d684c53fd22e89f5777201bf7453,1405/02/31,328468935.0,315697939.0,176450638.0
7951d684c53fd22e89f5777201bf7453,1405/03/31,0.0,0.0,139765378.0
799566aa607bcd4a8ce4fed470c7d2b0,1399/03/31,2049460.0,309761.0,1739699.0
799566aa607bcd4a8ce4fed470c7d2b0,1399/04/31,2493365.0,443905.0,2049460.0
799566aa607bcd4a8ce4fed470c7d2b0,1399/05/31,2945799.0,452434.0,2493365.0
799566aa607bcd4a8ce4fed470c7d2b0,1399/06/31,3641290.0,695491.0,2945799.0
799566aa607bcd4a8ce4fed470c7d2b0,1399/07/30,4400951.0,759661.0,3641290.0
799566aa607bcd4a8ce4fed470c7d2b0,1399/08/30,5209685.0,808734.0,4400951.0
799566aa607bcd4a8ce4fed470c7d2b0,1399/09/30,317774.0,712449.0,712449.0
799566aa607bcd4a8ce4fed470c7d2b0,1399/10/30,640454.0,1520174.0,807725.0
799566aa607bcd4a8ce4fed470c7d2b0,1399/11/30,971538.0,2291174.0,771000.0
799566aa607bcd4a8ce4fed470c7d2b0,1399/12/30,1263251.0,3136587.0,845413.0
799566aa607bcd4a8ce4fed470c7d2b0,1400/01/31,1434331.0,3889554.0,752967.0
799566aa607bcd4a8ce4fed470c7d2b0,1400/02/31,1739699.0,5168952.0,1158257.0
799566aa607bcd4a8ce4fed470c7d2b0,1400/03/31,2049460.0,5876100.0,707148.0
799566aa607bcd4a8ce4fed470c7d2b0,1400/04/31,2493365.0,6595930.0,719830.0
799566aa607bcd4a8ce4fed470c7d2b0,1400/05/31,2945799.0,7411215.0,815285.0
799566aa607bcd4a8ce4fed470c7d2b0,1400/06/31,3641290.0,8301212.0,889997.0
799566aa607bcd4a8ce4fed470c7d2b0,1400/07/30,4400951.0,9216091.0,914879.0
799566aa607bcd4a8ce4fed470c7d2b0,1400/08/30,5209685.0,10408824.0,1334567.0
799566aa607bcd4a8ce4fed470c7d2b0,1400/09/30,712449.0,848215.0,848215.0
799566aa607bcd4a8ce4fed470c7d2b0,1400/10/30,1520174.0,1849887.0,1001672.0
799566aa607bcd4a8ce4fed470c7d2b0,1400/11/30,2291174.0,2955544.0,1105657.0
799566aa607bcd4a8ce4fed470c7d2b0,1400/12/29,3136587.0,3748116.0,792572.0
799566aa607bcd4a8ce4fed470c7d2b0,1401/01/31,3889554.0,4882018.0,1160902.0
799566aa607bcd4a8ce4fed470c7d2b0,1401/02/31,5190258.0,6078079.0,1196061.0
799566aa607bcd4a8ce4fed470c7d2b0,1401/03/31,5876100.0,7393549.0,1315470.0
799566aa607bcd4a8ce4fed470c7d2b0,1401/04/31,6595930.0,8715205.0,1321656.0
799566aa607bcd4a8ce4fed470c7d2b0,1401/05/31,7411215.0,9901046.0,1185841.0
799566aa607bcd4a8ce4fed470c7d2b0,1401/06/31,8301212.0,11215276.0,1314230.0
799566aa607bcd4a8ce4fed470c7d2b0,1401/07/30,9216091.0,12276312.0,1061036.0
799566aa607bcd4a8ce4fed470c7d2b0,1401/08/30,10408824.0,14266243.0,1989931.0
799566aa607bcd4a8ce4fed470c7d2b0,1401/09/30,848215.0,1170154.0,1170154.0
799566aa607bcd4a8ce4fed470c7d2b0,1401/10/30,848215.0,2199000.0,1028846.0
799566aa607bcd4a8ce4fed470c7d2b0,1401/11/30,2955544.0,3612004.0,1413004.0
799566aa607bcd4a8ce4fed470c7d2b0,1401/12/29,3748116.0,4718417.0,1106413.0
799566aa607bcd4a8ce4fed470c7d2b0,1402/01/31,4882018.0,5814404.0,1095987.0
799566aa607bcd4a8ce4fed470c7d2b0,1402/02/31,6078079.0,7056926.0,1242522.0
799566aa607bcd4a8ce4fed470c7d2b0,1402/03/31,7393549.0,8144922.0,1087996.0
799566aa607bcd4a8ce4fed470c7d2b0,1402/04/31,8715205.0,9416783.0,1271861.0
799566aa607bcd4a8ce4fed470c7d2b0,1402/05/31,9901046.0,10509712.0,1092929.0
799566aa607bcd4a8ce4fed470c7d2b0,1402/06/31,11215276.0,11530703.0,1020991.0
799566aa607bcd4a8ce4fed470c7d2b0,1402/07/30,12276312.0,12899067.0,1368364.0
799566aa607bcd4a8ce4fed470c7d2b0,1402/08/30,14266243.0,14458327.0,1559260.0
799566aa607bcd4a8ce4fed470c7d2b0,1402/09/30,1170154.0,1274088.0,1274088.0
799566aa607bcd4a8ce4fed470c7d2b0,1402/10/30,2199000.0,2423647.0,1149559.0
799566aa607bcd4a8ce4fed470c7d2b0,1402/11/30,3612004.0,3624191.0,1200544.0
799566aa607bcd4a8ce4fed470c7d2b0,1402/12/29,4718417.0,4961554.0,1337363.0
799566aa607bcd4a8ce4fed470c7d2b0,1403/01/31,5814404.0,6273835.0,1312281.0
799566aa607bcd4a8ce4fed470c7d2b0,1403/02/31,7056926.0,7035099.0,761264.0
799566aa607bcd4a8ce4fed470c7d2b0,1403/03/31,8144922.0,7737683.0,702584.0
799566aa607bcd4a8ce4fed470c7d2b0,1403/04/31,9416783.0,8428060.0,690377.0
799566aa607bcd4a8ce4fed470c7d2b0,1403/05/31,10509712.0,9061668.0,633608.0
799566aa607bcd4a8ce4fed470c7d2b0,1403/06/31,11530703.0,10025711.0,964043.0
799566aa607bcd4a8ce4fed470c7d2b0,1403/07/30,12899067.0,10908197.0,882486.0
799566aa607bcd4a8ce4fed470c7d2b0,1403/08/30,14458327.0,11857799.0,949602.0
799566aa607bcd4a8ce4fed470c7d2b0,1403/09/30,1274088.0,731796.0,731796.0
799566aa607bcd4a8ce4fed470c7d2b0,1403/10/30,2423647.0,1569081.0,837285.0
799566aa607bcd4a8ce4fed470c7d2b0,1403/11/30,3624191.0,2804655.0,1235574.0
799566aa607bcd4a8ce4fed470c7d2b0,1403/12/30,4961554.0,3951288.0,1146633.0
799566aa607bcd4a8ce4fed470c7d2b0,1404/01/31,6273835.0,4746309.0,795021.0
799566aa607bcd4a8ce4fed470c7d2b0,1404/02/31,7035099.0,6210284.0,1463975.0
799566aa607bcd4a8ce4fed470c7d2b0,1404/03/31,7737683.0,7653066.0,1442782.0
799566aa607bcd4a8ce4fed470c7d2b0,1404/04/31,8428060.0,9151443.0,1498377.0
799566aa607bcd4a8ce4fed470c7d2b0,1404/05/31,9061668.0,10755481.0,1604038.0
799566aa607bcd4a8ce4fed470c7d2b0,1404/06/31,10025711.0,11880666.0,1125185.0
799566aa607bcd4a8ce4fed470c7d2b0,1404/07/30,10908197.0,13441832.0,1561166.0
799566aa607bcd4a8ce4fed470c7d2b0,1404/08/30,11857799.0,15393396.0,1951564.0
799566aa607bcd4a8ce4fed470c7d2b0,1404/09/30,731796.0,1280014.0,1280014.0
799566aa607bcd4a8ce4fed470c7d2b0,1404/10/30,1295610.0,2280433.0,1000419.0
799566aa607bcd4a8ce4fed470c7d2b0,1404/12/29,3930472.0,3756657.0,663067.0
799566aa607bcd4a8ce4fed470c7d2b0,1405/01/31,4746309.0,3969349.0,212692.0
799566aa607bcd4a8ce4fed470c7d2b0,1405/02/31,6210284.0,6225855.0,2256506.0
799566aa607bcd4a8ce4fed470c7d2b0,1405/03/31,0.0,0.0,2304656.0
799566aa607bcd4a8ce4fed470c7d2b0,1405/04/31,0.0,0.0,3219592.0
7a54ec15d779b9ac2ed7963ef98f7d2e,1399/09/30,0.0,0.0,221326.0
7a54ec15d779b9ac2ed7963ef98f7d2e,1399/10/30,0.0,0.0,132673.0
7a54ec15d779b9ac2ed7963ef98f7d2e,1399/11/30,0.0,0.0,118335.0
7a54ec15d779b9ac2ed7963ef98f7d2e,1399/12/30,0.0,0.0,223039.0
7a54ec15d779b9ac2ed7963ef98f7d2e,1400/01/31,0.0,0.0,63658.0
7a54ec15d779b9ac2ed7963ef98f7d2e,1400/02/31,0.0,0.0,171613.0
7a54ec15d779b9ac2ed7963ef98f7d2e,1400/03/31,0.0,0.0,150262.0
7a54ec15d779b9ac2ed7963ef98f7d2e,1400/04/31,0.0,0.0,182551.0
7a54ec15d779b9ac2ed7963ef98f7d2e,1400/05/31,0.0,0.0,189122.0
7a54ec15d779b9ac2ed7963ef98f7d2e,1400/06/31,0.0,0.0,271195.0
7a54ec15d779b9ac2ed7963ef98f7d2e,1400/07/30,0.0,0.0,263375.0
7a54ec15d779b9ac2ed7963ef98f7d2e,1400/08/30,0.0,0.0,204152.0
7a54ec15d779b9ac2ed7963ef98f7d2e,1400/09/30,0.0,0.0,264180.0
7a54ec15d779b9ac2ed7963ef98f7d2e,1400/10/30,0.0,0.0,226556.0
7a54ec15d779b9ac2ed7963ef98f7d2e,1400/11/30,0.0,0.0,243661.0
7a54ec15d779b9ac2ed7963ef98f7d2e,1400/12/29,0.0,0.0,192000.0
7a54ec15d779b9ac2ed7963ef98f7d2e,1401/01/31,0.0,0.0,123437.0
7a54ec15d779b9ac2ed7963ef98f7d2e,1401/02/31,0.0,0.0,425311.0
7a54ec15d779b9ac2ed7963ef98f7d2e,1401/03/31,0.0,0.0,452576.0
7a54ec15d779b9ac2ed7963ef98f7d2e,1401/04/31,0.0,0.0,397907.0
7a54ec15d779b9ac2ed7963ef98f7d2e,1401/05/31,0.0,0.0,476955.0
7a54ec15d779b9ac2ed7963ef98f7d2e,1401/06/31,0.0,0.0,243786.0
7a54ec15d779b9ac2ed7963ef98f7d2e,1401/07/30,0.0,0.0,1170268.0
7a54ec15d779b9ac2ed7963ef98f7d2e,1401/08/30,0.0,0.0,855492.0
7a54ec15d779b9ac2ed7963ef98f7d2e,1401/09/30,0.0,0.0,1004314.0
7a54ec15d779b9ac2ed7963ef98f7d2e,1401/10/30,0.0,0.0,1001232.0
7a54ec15d779b9ac2ed7963ef98f7d2e,1401/11/30,0.0,0.0,1000609.0
7a54ec15d779b9ac2ed7963ef98f7d2e,1401/12/29,0.0,0.0,424750.0
7a54ec15d779b9ac2ed7963ef98f7d2e,1402/01/31,0.0,0.0,700677.0
7a54ec15d779b9ac2ed7963ef98f7d2e,1402/02/31,0.0,0.0,984055.0
7a54ec15d779b9ac2ed7963ef98f7d2e,1402/03/31,0.0,0.0,1300023.0
7a54ec15d779b9ac2ed7963ef98f7d2e,1402/04/31,0.0,0.0,1200350.0
7a54ec15d779b9ac2ed7963ef98f7d2e,1402/05/31,0.0,0.0,1131194.0
7a54ec15d779b9ac2ed7963ef98f7d2e,1402/06/31,0.0,0.0,784386.0
7a54ec15d779b9ac2ed7963ef98f7d2e,1402/07/30,0.0,0.0,872834.0
7a54ec15d779b9ac2ed7963ef98f7d2e,1402/08/30,0.0,0.0,829971.0
7a54ec15d779b9ac2ed7963ef98f7d2e,1402/09/30,0.0,0.0,966607.0
7a54ec15d779b9ac2ed7963ef98f7d2e,1402/10/30,0.0,0.0,780996.0
7a54ec15d779b9ac2ed7963ef98f7d2e,1402/11/30,0.0,0.0,471843.0
7a54ec15d779b9ac2ed7963ef98f7d2e,1402/12/29,0.0,0.0,261322.0
7a54ec15d779b9ac2ed7963ef98f7d2e,1403/01/31,0.0,0.0,368077.0
7a54ec15d779b9ac2ed7963ef98f7d2e,1403/02/31,0.0,0.0,750548.0
7a54ec15d779b9ac2ed7963ef98f7d2e,1403/03/31,0.0,0.0,900024.0
7a54ec15d779b9ac2ed7963ef98f7d2e,1403/04/31,0.0,0.0,811686.0
7a54ec15d779b9ac2ed7963ef98f7d2e,1403/05/31,0.0,0.0,900890.0
7a54ec15d779b9ac2ed7963ef98f7d2e,1403/06/31,0.0,0.0,618278.0
7a54ec15d779b9ac2ed7963ef98f7d2e,1403/07/30,0.0,0.0,800150.0
7a54ec15d779b9ac2ed7963ef98f7d2e,1403/08/30,0.0,0.0,1057860.0
7a54ec15d779b9ac2ed7963ef98f7d2e,1403/09/30,0.0,0.0,1490135.0
7a54ec15d779b9ac2ed7963ef98f7d2e,1403/10/30,0.0,0.0,1388285.0
7a54ec15d779b9ac2ed7963ef98f7d2e,1403/11/30,0.0,0.0,1717798.0
7a54ec15d779b9ac2ed7963ef98f7d2e,1403/12/30,0.0,0.0,899509.0
7a54ec15d779b9ac2ed7963ef98f7d2e,1404/01/31,0.0,0.0,1321166.0
7a54ec15d779b9ac2ed7963ef98f7d2e,1404/02/31,0.0,0.0,2050723.0
7a54ec15d779b9ac2ed7963ef98f7d2e,1404/03/31,0.0,0.0,1434496.0
7a54ec15d779b9ac2ed7963ef98f7d2e,1404/04/31,0.0,0.0,1625092.0
7a54ec15d779b9ac2ed7963ef98f7d2e,1404/05/31,0.0,0.0,1826996.0
7a54ec15d779b9ac2ed7963ef98f7d2e,1404/06/31,0.0,0.0,2035512.0
7a54ec15d779b9ac2ed7963ef98f7d2e,1404/07/30,0.0,0.0,2881909.0
7a54ec15d779b9ac2ed7963ef98f7d2e,1404/08/30,0.0,0.0,2484679.0
7a54ec15d779b9ac2ed7963ef98f7d2e,1404/09/30,0.0,0.0,2664491.0
7a54ec15d779b9ac2ed7963ef98f7d2e,1404/10/30,0.0,0.0,2011259.0
7a54ec15d779b9ac2ed7963ef98f7d2e,1404/11/30,0.0,0.0,2400699.0
7a54ec15d779b9ac2ed7963ef98f7d2e,1404/12/29,0.0,0.0,727309.0
7a54ec15d779b9ac2ed7963ef98f7d2e,1405/01/31,0.0,0.0,2375741.0
7a54ec15d779b9ac2ed7963ef98f7d2e,1405/02/31,0.0,0.0,3587853.0
7a54ec15d779b9ac2ed7963ef98f7d2e,1405/03/31,0.0,0.0,5243494.0
7a54ec15d779b9ac2ed7963ef98f7d2e,1405/04/31,0.0,0.0,5093174.0
7bb1956b5377b9485a7db8de8b55a434,1399/01/31,187753.0,201763.0,201763.0
7bb1956b5377b9485a7db8de8b55a434,1399/02/31,474233.0,490882.0,289119.0
7bb1956b5377b9485a7db8de8b55a434,1399/03/31,677113.0,742234.0,251352.0
7bb1956b5377b9485a7db8de8b55a434,1399/04/31,941153.0,1029522.0,287288.0
7bb1956b5377b9485a7db8de8b55a434,1399/05/31,1125187.0,1296650.0,267128.0
7bb1956b5377b9485a7db8de8b55a434,1399/06/31,1370311.0,1577503.0,280853.0
7bb1956b5377b9485a7db8de8b55a434,1399/07/30,1617119.0,1856871.0,279368.0
7bb1956b5377b9485a7db8de8b55a434,1399/08/30,1840446.0,2208237.0,351366.0
7bb1956b5377b9485a7db8de8b55a434,1399/09/30,2069836.0,2595290.0,387053.0
7bb1956b5377b9485a7db8de8b55a434,1399/10/30,2348456.0,3034428.0,439138.0
7bb1956b5377b9485a7db8de8b55a434,1399/11/30,2655857.0,3521104.0,486676.0
7bb1956b5377b9485a7db8de8b55a434,1399/12/30,2903726.0,3961675.0,440571.0
7bb1956b5377b9485a7db8de8b55a434,1400/01/31,201763.0,390437.0,390437.0
7bb1956b5377b9485a7db8de8b55a434,1400/02/31,490830.0,907286.0,516849.0
7bb1956b5377b9485a7db8de8b55a434,1400/03/31,742234.0,1402105.0,494819.0
7bb1956b5377b9485a7db8de8b55a434,1400/04/31,1029522.0,1891891.0,489786.0
7bb1956b5377b9485a7db8de8b55a434,1400/05/31,1296650.0,2278180.0,386289.0
7bb1956b5377b9485a7db8de8b55a434,1400/06/31,1577503.0,2816995.0,538815.0
7bb1956b5377b9485a7db8de8b55a434,1400/07/30,1856871.0,3305170.0,488175.0
7bb1956b5377b9485a7db8de8b55a434,1400/08/30,2208237.0,3859738.0,554568.0
7bb1956b5377b9485a7db8de8b55a434,1400/09/30,2595289.0,4387508.0,527770.0
7bb1956b5377b9485a7db8de8b55a434,1400/10/30,3034428.0,4832327.0,444819.0
7bb1956b5377b9485a7db8de8b55a434,1400/11/30,3521103.0,5281229.0,448902.0
7bb1956b5377b9485a7db8de8b55a434,1400/12/29,3961675.0,6003973.0,722744.0
7bb1956b5377b9485a7db8de8b55a434,1401/01/31,390437.0,197299.0,197299.0
7bb1956b5377b9485a7db8de8b55a434,1401/02/31,907286.0,773734.0,576435.0
7bb1956b5377b9485a7db8de8b55a434,1401/03/31,1402105.0,1556549.0,782815.0
7bb1956b5377b9485a7db8de8b55a434,1401/04/31,1891891.0,2317159.0,760610.0
7bb1956b5377b9485a7db8de8b55a434,1401/05/31,2278180.0,3014623.0,697464.0
7bb1956b5377b9485a7db8de8b55a434,1401/06/31,2816995.0,3637869.0,623246.0
7bb1956b5377b9485a7db8de8b55a434,1401/07/30,3305170.0,4173417.0,535548.0
7bb1956b5377b9485a7db8de8b55a434,1401/08/30,3859738.0,4897804.0,724387.0
7bb1956b5377b9485a7db8de8b55a434,1401/09/30,4387508.0,5733855.0,836051.0
7bb1956b5377b9485a7db8de8b55a434,1401/10/30,4832327.0,6448894.0,715039.0
7bb1956b5377b9485a7db8de8b55a434,1401/11/30,5281229.0,7209715.0,760821.0
7bb1956b5377b9485a7db8de8b55a434,1401/12/29,6003973.0,8046276.0,836561.0
7bb1956b5377b9485a7db8de8b55a434,1402/01/31,197299.0,952990.0,952990.0
7bb1956b5377b9485a7db8de8b55a434,1402/02/31,773734.0,1884763.0,931773.0
7bb1956b5377b9485a7db8de8b55a434,1402/03/31,1556549.0,2763592.0,878829.0
7bb1956b5377b9485a7db8de8b55a434,1402/04/31,2317159.0,3676169.0,912577.0
7bb1956b5377b9485a7db8de8b55a434,1402/05/31,3014623.0,4745873.0,1069704.0
7bb1956b5377b9485a7db8de8b55a434,1402/06/31,3637869.0,5919534.0,1173661.0
7bb1956b5377b9485a7db8de8b55a434,1402/07/30,4173417.0,7138600.0,1219066.0
7bb1956b5377b9485a7db8de8b55a434,1402/08/30,4897804.0,8378959.0,1240359.0
7bb1956b5377b9485a7db8de8b55a434,1402/09/30,5733855.0,9525520.0,1146561.0
7bb1956b5377b9485a7db8de8b55a434,1402/10/30,6448894.0,10610944.0,1085424.0
7bb1956b5377b9485a7db8de8b55a434,1402/11/30,7209715.0,11650605.0,1039661.0
7bb1956b5377b9485a7db8de8b55a434,1402/12/29,8046276.0,12691780.0,1041175.0
7bb1956b5377b9485a7db8de8b55a434,1403/01/31,952990.0,1373729.0,1373729.0
7bb1956b5377b9485a7db8de8b55a434,1403/02/31,1884763.0,3983147.0,2609418.0
7bb1956b5377b9485a7db8de8b55a434,1403/03/31,2763592.0,6552391.0,2569244.0
7bb1956b5377b9485a7db8de8b55a434,1403/04/31,3676169.0,8900457.0,2348066.0
7bb1956b5377b9485a7db8de8b55a434,1403/05/31,4745873.0,10943964.0,2043507.0
7bb1956b5377b9485a7db8de8b55a434,1403/06/31,5919534.0,12972568.0,2028604.0
7bb1956b5377b9485a7db8de8b55a434,1403/07/30,7138600.0,14818277.0,1845709.0
7bb1956b5377b9485a7db8de8b55a434,1403/08/30,8378959.0,16147057.0,1328780.0
7bb1956b5377b9485a7db8de8b55a434,1403/09/30,9525520.0,18657934.0,2510877.0
7bb1956b5377b9485a7db8de8b55a434,1403/10/30,10610944.0,20819872.0,2161938.0
7bb1956b5377b9485a7db8de8b55a434,1403/11/30,11650605.0,22351863.0,1531991.0
7bb1956b5377b9485a7db8de8b55a434,1403/12/30,12691780.0,23758624.0,1406761.0
7bb1956b5377b9485a7db8de8b55a434,1404/01/31,1373729.0,1992647.0,1992647.0
7bb1956b5377b9485a7db8de8b55a434,1404/02/31,3983147.0,6070582.0,4077935.0
7bb1956b5377b9485a7db8de8b55a434,1404/03/31,6552391.0,9503684.0,3433102.0
7bb1956b5377b9485a7db8de8b55a434,1404/04/31,8900457.0,12148881.0,2645197.0
7bb1956b5377b9485a7db8de8b55a434,1404/05/31,10943964.0,14534608.0,2385727.0
7bb1956b5377b9485a7db8de8b55a434,1404/06/31,12972568.0,16907487.0,2372879.0
7bb1956b5377b9485a7db8de8b55a434,1404/07/30,14818277.0,21396630.0,4489143.0
7bb1956b5377b9485a7db8de8b55a434,1404/08/30,16147057.0,25151279.0,3754649.0
7bb1956b5377b9485a7db8de8b55a434,1404/09/30,18657934.0,27781154.0,2629875.0
7bb1956b5377b9485a7db8de8b55a434,1404/10/30,20819872.0,31325087.0,3543933.0
7bb1956b5377b9485a7db8de8b55a434,1404/11/30,22351863.0,34098415.0,2773328.0
7bb1956b5377b9485a7db8de8b55a434,1404/12/29,23758624.0,36661665.0,2563250.0
7bb1956b5377b9485a7db8de8b55a434,1405/01/31,1992647.0,6599818.0,6599818.0
7bb1956b5377b9485a7db8de8b55a434,1405/02/31,6070582.0,16187525.0,9587707.0
7bb1956b5377b9485a7db8de8b55a434,1405/03/31,0.0,0.0,6064361.0
7bb1956b5377b9485a7db8de8b55a434,1405/04/31,0.0,0.0,4230098.0
7d537ec96a4dfdbd270698d08661b4b4,1399/03/31,712612.0,837970.0,478320.0
7d537ec96a4dfdbd270698d08661b4b4,1399/04/31,1111161.0,1359443.0,521473.0
7d537ec96a4dfdbd270698d08661b4b4,1399/05/31,1400081.0,1802735.0,443292.0
7d537ec96a4dfdbd270698d08661b4b4,1399/06/31,1626028.0,2341840.0,539105.0
7d537ec96a4dfdbd270698d08661b4b4,1399/07/30,2001513.0,2835755.0,493915.0
7d537ec96a4dfdbd270698d08661b4b4,1399/08/30,2337899.0,3442883.0,607128.0
7d537ec96a4dfdbd270698d08661b4b4,1399/09/30,2658433.0,4186300.0,743417.0
7d537ec96a4dfdbd270698d08661b4b4,1399/10/30,3005417.0,4763819.0,577519.0
7d537ec96a4dfdbd270698d08661b4b4,1399/11/30,3372875.0,5300764.0,536945.0
7d537ec96a4dfdbd270698d08661b4b4,1399/12/30,3770963.0,5973229.0,672465.0
7d537ec96a4dfdbd270698d08661b4b4,1400/01/31,115468.0,199994.0,199994.0
7d537ec96a4dfdbd270698d08661b4b4,1400/02/31,359650.0,816677.0,616683.0
7d537ec96a4dfdbd270698d08661b4b4,1400/03/31,837970.0,1501526.0,684849.0
7d537ec96a4dfdbd270698d08661b4b4,1400/04/31,1359443.0,1983627.0,482189.0
7d537ec96a4dfdbd270698d08661b4b4,1400/05/31,1802735.0,2564845.0,581218.0
7d537ec96a4dfdbd270698d08661b4b4,1400/06/31,2341840.0,3456390.0,891605.0
7d537ec96a4dfdbd270698d08661b4b4,1400/07/30,2835756.0,4320573.0,864183.0
7d537ec96a4dfdbd270698d08661b4b4,1400/08/30,3442883.0,5173928.0,853824.0
7d537ec96a4dfdbd270698d08661b4b4,1400/09/30,4186300.0,6090876.0,916948.0
7d537ec96a4dfdbd270698d08661b4b4,1400/10/30,4763819.0,7095514.0,1004638.0
7d537ec96a4dfdbd270698d08661b4b4,1400/11/30,5300764.0,8209659.0,1106219.0
7d537ec96a4dfdbd270698d08661b4b4,1400/12/29,5973233.0,9204002.0,994343.0
7d537ec96a4dfdbd270698d08661b4b4,1401/01/31,199994.0,366220.0,366220.0
7d537ec96a4dfdbd270698d08661b4b4,1401/02/31,816589.0,1538747.0,1172527.0
7d537ec96a4dfdbd270698d08661b4b4,1401/03/31,1501438.0,2615012.0,1075692.0
7d537ec96a4dfdbd270698d08661b4b4,1401/04/31,1983627.0,3538732.0,923720.0
7d537ec96a4dfdbd270698d08661b4b4,1401/05/31,2564785.0,4594665.0,1055933.0
7d537ec96a4dfdbd270698d08661b4b4,1401/06/31,3456390.0,5697211.0,1102546.0
7d537ec96a4dfdbd270698d08661b4b4,1401/07/30,4320104.0,6695824.0,998613.0
7d537ec96a4dfdbd270698d08661b4b4,1401/08/30,5173928.0,7738227.0,1042403.0
7d537ec96a4dfdbd270698d08661b4b4,1401/09/30,6090876.0,8993407.0,1255180.0
7d537ec96a4dfdbd270698d08661b4b4,1401/10/30,7103440.0,10348065.0,1354658.0
7d537ec96a4dfdbd270698d08661b4b4,1401/11/30,8209659.0,11920274.0,1572209.0
7d537ec96a4dfdbd270698d08661b4b4,1401/12/29,9204002.0,13422882.0,1502608.0
7d537ec96a4dfdbd270698d08661b4b4,1402/01/31,366220.0,455896.0,455896.0
7d537ec96a4dfdbd270698d08661b4b4,1402/02/31,1539320.0,2057655.0,1601759.0
7d537ec96a4dfdbd270698d08661b4b4,1402/03/31,2615012.0,3615666.0,1558011.0
7d537ec96a4dfdbd270698d08661b4b4,1402/04/31,3538731.0,4857000.0,1241334.0
7d537ec96a4dfdbd270698d08661b4b4,1402/05/31,4594664.0,6124833.0,1231393.0
7d537ec96a4dfdbd270698d08661b4b4,1402/06/31,5697211.0,7545446.0,1420613.0
7d537ec96a4dfdbd270698d08661b4b4,1402/07/30,6695824.0,8982577.0,1437131.0
7d537ec96a4dfdbd270698d08661b4b4,1402/08/30,7738227.0,10440686.0,1458109.0
7d537ec96a4dfdbd270698d08661b4b4,1402/09/30,8993407.0,11851925.0,1411239.0
7d537ec96a4dfdbd270698d08661b4b4,1402/10/30,10348066.0,13330272.0,1478347.0
7d537ec96a4dfdbd270698d08661b4b4,1402/11/30,11920274.0,14970292.0,1640020.0
7d537ec96a4dfdbd270698d08661b4b4,1402/12/29,13422882.0,16763816.0,1793524.0
7d537ec96a4dfdbd270698d08661b4b4,1403/01/31,455896.0,723505.0,723505.0
7d537ec96a4dfdbd270698d08661b4b4,1403/02/31,2057655.0,2507458.0,1783953.0
7d537ec96a4dfdbd270698d08661b4b4,1403/03/31,3615666.0,4402402.0,1894944.0
7d537ec96a4dfdbd270698d08661b4b4,1403/04/31,4857000.0,6390624.0,1988222.0
7d537ec96a4dfdbd270698d08661b4b4,1403/05/31,6124833.0,8286053.0,1895602.0
7d537ec96a4dfdbd270698d08661b4b4,1403/06/31,7545446.0,10216819.0,1930766.0
7d537ec96a4dfdbd270698d08661b4b4,1403/07/30,8982634.0,12323723.0,2106904.0
7d537ec96a4dfdbd270698d08661b4b4,1403/08/30,10440686.0,15155626.0,2831903.0
7d537ec96a4dfdbd270698d08661b4b4,1403/09/30,11851925.0,18399525.0,3243907.0
7d537ec96a4dfdbd270698d08661b4b4,1403/10/30,13330272.0,21195321.0,2795796.0
7d537ec96a4dfdbd270698d08661b4b4,1403/11/30,14970292.0,24541295.0,3345974.0
7d537ec96a4dfdbd270698d08661b4b4,1403/12/30,16763816.0,28880953.0,4339658.0
7d537ec96a4dfdbd270698d08661b4b4,1404/01/31,723505.0,462887.0,462887.0
7d537ec96a4dfdbd270698d08661b4b4,1404/02/31,2507457.0,4076261.0,3613374.0
7d537ec96a4dfdbd270698d08661b4b4,1404/03/31,4402307.0,7555917.0,3479618.0
7d537ec96a4dfdbd270698d08661b4b4,1404/04/31,6390529.0,12128352.0,4572435.0
7d537ec96a4dfdbd270698d08661b4b4,1404/05/31,8286053.0,16418269.0,4289917.0
7d537ec96a4dfdbd270698d08661b4b4,1404/06/31,10216820.0,20759902.0,4341633.0
7d537ec96a4dfdbd270698d08661b4b4,1404/07/30,12323723.0,25909196.0,5203102.0
7d537ec96a4dfdbd270698d08661b4b4,1404/08/30,15155618.0,31424566.0,5515370.0
7d537ec96a4dfdbd270698d08661b4b4,1404/09/30,18399525.0,36703827.0,5279261.0
7d537ec96a4dfdbd270698d08661b4b4,1404/10/30,21195321.0,44335228.0,7631401.0
7d537ec96a4dfdbd270698d08661b4b4,1405/01/31,396374.0,359650.0,2199579.0
7d537ec96a4dfdbd270698d08661b4b4,1405/02/31,4076299.0,9966528.0,7766949.0
7d537ec96a4dfdbd270698d08661b4b4,1405/03/31,0.0,0.0,9005559.0
7d537ec96a4dfdbd270698d08661b4b4,1405/04/31,0.0,0.0,7986143.0
7d537ec96a4dfdbd270698d08661b4b4,1405/05/31,0.0,0.0,7190425.0
7e41b7fd7ba1c353199eba22667db254,1399/01/31,80768.0,65118.0,65118.0
7e41b7fd7ba1c353199eba22667db254,1399/02/31,180920.0,200128.0,135010.0
7e41b7fd7ba1c353199eba22667db254,1399/03/31,284497.0,332558.0,132430.0
7e41b7fd7ba1c353199eba22667db254,1399/04/31,390517.0,514566.0,182008.0
7e41b7fd7ba1c353199eba22667db254,1399/05/31,477298.0,673240.0,158674.0
7e41b7fd7ba1c353199eba22667db254,1399/06/31,575317.0,871910.0,221983.0
7e41b7fd7ba1c353199eba22667db254,1399/07/30,666723.0,1037070.0,165160.0
7e41b7fd7ba1c353199eba22667db254,1399/08/30,756817.0,1217737.0,180667.0
7e41b7fd7ba1c353199eba22667db254,1399/09/30,861710.0,1398480.0,180743.0
7e41b7fd7ba1c353199eba22667db254,1399/10/30,978101.0,1549567.0,151087.0
7e41b7fd7ba1c353199eba22667db254,1399/11/30,1080548.0,1730417.0,180850.0
7e41b7fd7ba1c353199eba22667db254,1399/12/30,1211458.0,1928095.0,197678.0
7e41b7fd7ba1c353199eba22667db254,1400/01/31,65118.0,185203.0,185203.0
7e41b7fd7ba1c353199eba22667db254,1400/02/31,200128.0,421180.0,235977.0
7e41b7fd7ba1c353199eba22667db254,1400/03/31,332558.0,655746.0,234566.0
7e41b7fd7ba1c353199eba22667db254,1400/04/31,514566.0,926474.0,270728.0
7e41b7fd7ba1c353199eba22667db254,1400/05/31,673240.0,1202116.0,275642.0
7e41b7fd7ba1c353199eba22667db254,1400/06/31,871910.0,1478127.0,276011.0
7e41b7fd7ba1c353199eba22667db254,1400/07/30,1037070.0,1758297.0,280170.0
7e41b7fd7ba1c353199eba22667db254,1400/08/30,1217737.0,2044446.0,286149.0
7e41b7fd7ba1c353199eba22667db254,1400/09/30,1398480.0,2335442.0,290996.0
7e41b7fd7ba1c353199eba22667db254,1400/10/30,1549567.0,2639370.0,303928.0
7e41b7fd7ba1c353199eba22667db254,1400/11/30,1730417.0,2962662.0,323292.0
7e41b7fd7ba1c353199eba22667db254,1400/12/29,2314866.0,3840099.0,873461.0
7e41b7fd7ba1c353199eba22667db254,1401/01/31,185203.0,280250.0,280250.0
7e41b7fd7ba1c353199eba22667db254,1401/02/31,421180.0,640846.0,360596.0
7e41b7fd7ba1c353199eba22667db254,1401/03/31,655746.0,1141671.0,500825.0
7e41b7fd7ba1c353199eba22667db254,1401/04/31,926474.0,1643410.0,501739.0
7e41b7fd7ba1c353199eba22667db254,1401/05/31,1202116.0,2118239.0,474829.0
7e41b7fd7ba1c353199eba22667db254,1401/06/31,1478649.0,2523968.0,404226.0
7e41b7fd7ba1c353199eba22667db254,1401/07/30,1758297.0,2635165.0,111197.0
7e41b7fd7ba1c353199eba22667db254,1401/08/30,2044446.0,2921328.0,286163.0
7e41b7fd7ba1c353199eba22667db254,1401/09/30,2335442.0,3219134.0,297806.0
7e41b7fd7ba1c353199eba22667db254,1401/10/30,2639370.0,3509743.0,290609.0
7e41b7fd7ba1c353199eba22667db254,1401/11/30,2962662.0,3789560.0,273495.0
7e41b7fd7ba1c353199eba22667db254,1401/12/29,3840099.0,6174328.0,2384750.0
7e41b7fd7ba1c353199eba22667db254,1402/01/31,280250.0,188234.0,188234.0
7e41b7fd7ba1c353199eba22667db254,1402/02/31,640846.0,486162.0,297928.0
7e41b7fd7ba1c353199eba22667db254,1402/03/31,1141671.0,1044975.0,558813.0
7e41b7fd7ba1c353199eba22667db254,1402/04/31,1643410.0,1517648.0,472673.0
7e41b7fd7ba1c353199eba22667db254,1402/05/31,2118239.0,2107168.0,589520.0
7e41b7fd7ba1c353199eba22667db254,1402/06/31,2523968.0,2914826.0,807675.0
7e41b7fd7ba1c353199eba22667db254,1402/07/30,2635165.0,3815412.0,900586.0
7e41b7fd7ba1c353199eba22667db254,1402/08/30,2921328.0,4322255.0,506843.0
7e41b7fd7ba1c353199eba22667db254,1402/09/30,3219134.0,4912570.0,590315.0
7e41b7fd7ba1c353199eba22667db254,1402/10/30,3509743.0,5421718.0,509148.0
7e41b7fd7ba1c353199eba22667db254,1402/11/30,3789560.0,6223343.0,801625.0
7e41b7fd7ba1c353199eba22667db254,1402/12/29,6174328.0,7624211.0,1395506.0
7e41b7fd7ba1c353199eba22667db254,1403/01/31,188234.0,184474.0,184474.0
7e41b7fd7ba1c353199eba22667db254,1403/02/31,486162.0,647374.0,462900.0
7e41b7fd7ba1c353199eba22667db254,1403/03/31,1044975.0,2008561.0,1361187.0
7e41b7fd7ba1c353199eba22667db254,1403/04/31,1517648.0,2410747.0,402186.0
7e41b7fd7ba1c353199eba22667db254,1403/05/31,2107168.0,2757817.0,347070.0
7e41b7fd7ba1c353199eba22667db254,1403/06/31,2914826.0,2781666.0,224939.0
7e41b7fd7ba1c353199eba22667db254,1403/07/30,3815412.0,2859380.0,77714.0
7e41b7fd7ba1c353199eba22667db254,1403/08/30,4322255.0,3611523.0,752143.0
7e41b7fd7ba1c353199eba22667db254,1403/09/30,4912570.0,5952762.0,2191773.0
7e41b7fd7ba1c353199eba22667db254,1403/10/30,5421718.0,6605791.0,653029.0
7e41b7fd7ba1c353199eba22667db254,1403/11/30,6223343.0,6650402.0,53014.0
7e41b7fd7ba1c353199eba22667db254,1403/12/30,7624211.0,6963520.0,421526.0
7e41b7fd7ba1c353199eba22667db254,1404/01/31,184474.0,100845.0,100845.0
7e41b7fd7ba1c353199eba22667db254,1404/02/31,647374.0,452152.0,351307.0
7e41b7fd7ba1c353199eba22667db254,1404/03/31,2008561.0,983631.0,531479.0
7e41b7fd7ba1c353199eba22667db254,1404/04/31,2410747.0,1288574.0,304943.0
7e41b7fd7ba1c353199eba22667db254,1404/05/31,2757817.0,1935456.0,646882.0
7e41b7fd7ba1c353199eba22667db254,1404/06/31,2781666.0,3020826.0,1085370.0
7e41b7fd7ba1c353199eba22667db254,1404/07/30,2859380.0,4399826.0,1379000.0
7e41b7fd7ba1c353199eba22667db254,1404/08/30,3611523.0,5497057.0,1117402.0
7e41b7fd7ba1c353199eba22667db254,1404/09/30,5952762.0,6034938.0,533143.0
7e41b7fd7ba1c353199eba22667db254,1404/10/30,6597388.0,6742008.0,707070.0
7e41b7fd7ba1c353199eba22667db254,1404/12/29,0.0,0.0,2119732.0
7e41b7fd7ba1c353199eba22667db254,1405/01/31,0.0,0.0,329400.0
7e41b7fd7ba1c353199eba22667db254,1405/02/31,0.0,0.0,594638.0
7e41b7fd7ba1c353199eba22667db254,1405/03/31,0.0,0.0,3171292.0
7e41b7fd7ba1c353199eba22667db254,1405/04/31,0.0,0.0,2211738.0
7f03a704085688ac90d02018a42c8162,1399/02/31,2815589.0,2026182.0,789407.0
7f03a704085688ac90d02018a42c8162,1399/03/31,3057812.0,4918815.0,2103226.0
7f03a704085688ac90d02018a42c8162,1399/04/31,7319721.0,2400906.0,4918815.0
7f03a704085688ac90d02018a42c8162,1399/05/31,5725358.0,9325937.0,2006216.0
7f03a704085688ac90d02018a42c8162,1399/06/31,6980861.0,12875607.0,3549670.0
7f03a704085688ac90d02018a42c8162,1399/07/30,8476448.0,15991750.0,3116143.0
7f03a704085688ac90d02018a42c8162,1399/08/30,9981112.0,18977814.0,2986064.0
7f03a704085688ac90d02018a42c8162,1399/09/30,11701659.0,21745366.0,2767552.0
7f03a704085688ac90d02018a42c8162,1399/10/30,13461042.0,25576656.0,3831290.0
7f03a704085688ac90d02018a42c8162,1399/11/30,15233623.0,29610559.0,4033903.0
7f03a704085688ac90d02018a42c8162,1399/12/30,16860698.0,33645124.0,4034565.0
7f03a704085688ac90d02018a42c8162,1400/01/31,789407.0,2320649.0,2320649.0
7f03a704085688ac90d02018a42c8162,1400/02/31,2815589.0,6749158.0,4428509.0
7f03a704085688ac90d02018a42c8162,1400/03/31,4918815.0,11537651.0,4788493.0
7f03a704085688ac90d02018a42c8162,1400/04/31,7319721.0,16049623.0,4511972.0
7f03a704085688ac90d02018a42c8162,1400/05/31,9325937.0,19652078.0,3602455.0
7f03a704085688ac90d02018a42c8162,1400/06/31,12875608.0,24593935.0,4941857.0
7f03a704085688ac90d02018a42c8162,1400/07/30,15991750.0,28482728.0,3888793.0
7f03a704085688ac90d02018a42c8162,1400/08/30,18977814.0,32621751.0,4139023.0
7f03a704085688ac90d02018a42c8162,1400/09/30,21745366.0,37142702.0,4520951.0
7f03a704085688ac90d02018a42c8162,1400/10/30,25576656.0,41147010.0,4004308.0
7f03a704085688ac90d02018a42c8162,1400/11/30,29610559.0,45278723.0,4131713.0
7f03a704085688ac90d02018a42c8162,1400/12/29,33645124.0,49765416.0,4486693.0
7f03a704085688ac90d02018a42c8162,1401/01/31,2320649.0,2481181.0,2481181.0
7f03a704085688ac90d02018a42c8162,1401/02/31,6749158.0,8312403.0,5831222.0
7f03a704085688ac90d02018a42c8162,1401/03/31,11537651.0,14203803.0,5891400.0
7f03a704085688ac90d02018a42c8162,1401/04/31,16049623.0,20630835.0,6427032.0
7f03a704085688ac90d02018a42c8162,1401/05/31,19652078.0,26601774.0,5677123.0
7f03a704085688ac90d02018a42c8162,1401/06/31,24593946.0,32825877.0,6214474.0
7f03a704085688ac90d02018a42c8162,1401/07/30,28482728.0,37989488.0,5163611.0
7f03a704085688ac90d02018a42c8162,1401/08/30,32621751.0,44764735.0,6775247.0
7f03a704085688ac90d02018a42c8162,1401/09/30,37142702.0,50941441.0,6176706.0
7f03a704085688ac90d02018a42c8162,1401/10/30,41147010.0,56914140.0,5973022.0
7f03a704085688ac90d02018a42c8162,1401/11/30,45278723.0,63476262.0,6562122.0
7f03a704085688ac90d02018a42c8162,1401/12/29,49765416.0,70563150.0,7083014.0
7f03a704085688ac90d02018a42c8162,1402/01/31,2481181.0,4786964.0,4786964.0
7f03a704085688ac90d02018a42c8162,1402/02/31,8312403.0,12312356.0,7525392.0
7f03a704085688ac90d02018a42c8162,1402/03/31,14203803.0,23170086.0,10857730.0
7f03a704085688ac90d02018a42c8162,1402/04/31,20630835.0,30843815.0,7673729.0
7f03a704085688ac90d02018a42c8162,1402/05/31,26601774.0,37175397.0,6331582.0
7f03a704085688ac90d02018a42c8162,1402/06/31,32825877.0,43634503.0,6459106.0
7f03a704085688ac90d02018a42c8162,1402/07/30,37989503.0,52359618.0,8725113.0
7f03a704085688ac90d02018a42c8162,1402/08/30,44763734.0,62612759.0,10253141.0
7f03a704085688ac90d02018a42c8162,1402/09/30,50941441.0,71128856.0,8516097.0
7f03a704085688ac90d02018a42c8162,1402/10/30,56914140.0,81199025.0,9205336.0
7f03a704085688ac90d02018a42c8162,1402/11/30,63476262.0,90795516.0,9596491.0
7f03a704085688ac90d02018a42c8162,1402/12/29,70563150.0,100964071.0,10168555.0
7f03a704085688ac90d02018a42c8162,1403/01/31,4786964.0,6347710.0,6347710.0
7f03a704085688ac90d02018a42c8162,1403/02/31,12312356.0,17603116.0,11255406.0
7f03a704085688ac90d02018a42c8162,1403/03/31,23170086.0,28296356.0,10693240.0
7f03a704085688ac90d02018a42c8162,1403/04/31,30843815.0,38675170.0,10378814.0
7f03a704085688ac90d02018a42c8162,1403/05/31,37175397.0,48489506.0,9814336.0
7f03a704085688ac90d02018a42c8162,1403/06/31,43634503.0,55928197.0,7438691.0
7f03a704085688ac90d02018a42c8162,1403/07/30,52359618.0,67903639.0,11975442.0
7f03a704085688ac90d02018a42c8162,1403/08/30,62612759.0,78324898.0,10421259.0
7f03a704085688ac90d02018a42c8162,1403/09/30,71128856.0,89324303.0,10999405.0
7f03a704085688ac90d02018a42c8162,1403/10/30,81199025.0,102631370.0,13307067.0
7f03a704085688ac90d02018a42c8162,1403/11/30,90795516.0,120323187.0,17144866.0
7f03a704085688ac90d02018a42c8162,1403/12/30,100964071.0,134592442.0,14269255.0
7f03a704085688ac90d02018a42c8162,1404/01/31,6347710.0,9099088.0,9099088.0
7f03a704085688ac90d02018a42c8162,1404/02/31,17603116.0,24016520.0,14917432.0
7f03a704085688ac90d02018a42c8162,1404/03/31,28296356.0,38171759.0,14155239.0
7f03a704085688ac90d02018a42c8162,1404/04/31,38675170.0,55289040.0,17117281.0
7f03a704085688ac90d02018a42c8162,1404/05/31,37175397.0,71229598.0,15940558.0
7f03a704085688ac90d02018a42c8162,1404/06/31,7438691.0,87656125.0,16426527.0
7f03a704085688ac90d02018a42c8162,1404/07/30,67903639.0,105509884.0,18696877.0
7f03a704085688ac90d02018a42c8162,1404/08/30,78324898.0,120660073.0,15150189.0
7f03a704085688ac90d02018a42c8162,1404/09/30,89324303.0,138002434.0,18505462.0
7f03a704085688ac90d02018a42c8162,1404/10/30,102635370.0,150658792.0,12656358.0
7f03a704085688ac90d02018a42c8162,1404/11/30,120323187.0,165651267.0,14992475.0
7f03a704085688ac90d02018a42c8162,1404/12/29,134592380.0,179884627.0,13160471.0
7f03a704085688ac90d02018a42c8162,1405/01/31,9099088.0,12524060.0,12524060.0
7f03a704085688ac90d02018a42c8162,1405/02/31,24016520.0,39213646.0,26689586.0
7f03a704085688ac90d02018a42c8162,1405/03/31,0.0,0.0,19474022.0
7f03a704085688ac90d02018a42c8162,1405/04/31,0.0,0.0,12493415.0
7f547bf2c0a3ff2919c50d8c899abc3d,1399/01/31,35104.0,765.0,765.0
7f547bf2c0a3ff2919c50d8c899abc3d,1399/02/31,56351.0,18084.0,17319.0
7f547bf2c0a3ff2919c50d8c899abc3d,1399/03/31,99446.0,158013.0,139929.0
7f547bf2c0a3ff2919c50d8c899abc3d,1399/04/31,237053.0,420896.0,262883.0
7f547bf2c0a3ff2919c50d8c899abc3d,1399/05/31,290849.0,468187.0,47291.0
7f547bf2c0a3ff2919c50d8c899abc3d,1399/06/31,423632.0,537946.0,69759.0
7f547bf2c0a3ff2919c50d8c899abc3d,1399/07/30,569802.0,781351.0,243405.0
7f547bf2c0a3ff2919c50d8c899abc3d,1399/08/30,859901.0,1478267.0,696916.0
7f547bf2c0a3ff2919c50d8c899abc3d,1399/09/30,1256355.0,2169098.0,690831.0
7f547bf2c0a3ff2919c50d8c899abc3d,1399/10/30,1753876.0,2357927.0,188829.0
7f547bf2c0a3ff2919c50d8c899abc3d,1399/11/30,1938179.0,2414992.0,57065.0
7f547bf2c0a3ff2919c50d8c899abc3d,1399/12/30,1865924.0,2504563.0,89571.0
7f547bf2c0a3ff2919c50d8c899abc3d,1400/01/31,765.0,9808.0,9808.0
7f547bf2c0a3ff2919c50d8c899abc3d,1400/02/31,18084.0,77267.0,67459.0
7f547bf2c0a3ff2919c50d8c899abc3d,1400/03/31,158013.0,453015.0,375748.0
7f547bf2c0a3ff2919c50d8c899abc3d,1400/04/31,420896.0,606330.0,153315.0
7f547bf2c0a3ff2919c50d8c899abc3d,1400/05/31,468187.0,922834.0,316504.0
7f547bf2c0a3ff2919c50d8c899abc3d,1400/06/31,537946.0,1529951.0,607117.0
7f547bf2c0a3ff2919c50d8c899abc3d,1400/07/30,781351.0,2140366.0,610415.0
7f547bf2c0a3ff2919c50d8c899abc3d,1400/08/30,1478267.0,3329123.0,1188757.0
7f547bf2c0a3ff2919c50d8c899abc3d,1400/09/30,2169098.0,4638585.0,1309462.0
7f547bf2c0a3ff2919c50d8c899abc3d,1400/10/30,2357927.0,5772175.0,1133590.0
7f547bf2c0a3ff2919c50d8c899abc3d,1400/11/30,2414992.0,6045590.0,273415.0
7f547bf2c0a3ff2919c50d8c899abc3d,1400/12/29,2504563.0,6157631.0,110900.0
7f547bf2c0a3ff2919c50d8c899abc3d,1401/01/31,9808.0,1690.0,1690.0
7f547bf2c0a3ff2919c50d8c899abc3d,1401/02/31,77267.0,1690.0,1690.0
7f547bf2c0a3ff2919c50d8c899abc3d,1401/03/31,453015.0,179962.0,178272.0
7f547bf2c0a3ff2919c50d8c899abc3d,1401/04/31,606330.0,966963.0,787001.0
7f547bf2c0a3ff2919c50d8c899abc3d,1401/05/31,922834.0,1607085.0,640122.0
7f547bf2c0a3ff2919c50d8c899abc3d,1401/06/31,1529951.0,2754885.0,1147800.0
7f547bf2c0a3ff2919c50d8c899abc3d,1401/07/30,2140366.0,3701970.0,947085.0
7f547bf2c0a3ff2919c50d8c899abc3d,1401/08/30,3329123.0,4807819.0,1105849.0
7f547bf2c0a3ff2919c50d8c899abc3d,1401/09/30,4638585.0,6178834.0,1371015.0
7f547bf2c0a3ff2919c50d8c899abc3d,1401/10/30,5772175.0,6800170.0,621336.0
7f547bf2c0a3ff2919c50d8c899abc3d,1401/11/30,6045590.0,7633666.0,833496.0
7f547bf2c0a3ff2919c50d8c899abc3d,1401/12/29,6157631.0,8583859.0,949085.0
7f547bf2c0a3ff2919c50d8c899abc3d,1402/01/31,1690.0,131558.0,131558.0
7f547bf2c0a3ff2919c50d8c899abc3d,1402/02/31,1690.0,221356.0,89798.0
7f547bf2c0a3ff2919c50d8c899abc3d,1402/03/31,179962.0,663860.0,442504.0
7f547bf2c0a3ff2919c50d8c899abc3d,1402/04/31,966963.0,2377341.0,1713481.0
7f547bf2c0a3ff2919c50d8c899abc3d,1402/05/31,1607085.0,4033993.0,1656652.0
7f547bf2c0a3ff2919c50d8c899abc3d,1402/06/31,2754885.0,4757795.0,723802.0
7f547bf2c0a3ff2919c50d8c899abc3d,1402/07/30,3701970.0,5337313.0,579518.0
7f547bf2c0a3ff2919c50d8c899abc3d,1402/08/30,4807819.0,7606200.0,2268887.0
7f547bf2c0a3ff2919c50d8c899abc3d,1402/09/30,6178834.0,9206754.0,1600554.0
7f547bf2c0a3ff2919c50d8c899abc3d,1402/10/30,6800170.0,10061513.0,854759.0
7f547bf2c0a3ff2919c50d8c899abc3d,1402/11/30,7633666.0,10448681.0,387168.0
7f547bf2c0a3ff2919c50d8c899abc3d,1402/12/29,8583859.0,10919949.0,471268.0
7f547bf2c0a3ff2919c50d8c899abc3d,1403/02/31,221356.0,339345.0,339345.0
7f547bf2c0a3ff2919c50d8c899abc3d,1403/03/31,663860.0,1824341.0,1484996.0
7f547bf2c0a3ff2919c50d8c899abc3d,1403/04/31,2377341.0,5801090.0,3976749.0
7f547bf2c0a3ff2919c50d8c899abc3d,1403/05/31,4033993.0,6284527.0,483437.0
7f547bf2c0a3ff2919c50d8c899abc3d,1403/06/31,4757795.0,6471249.0,186722.0
7f547bf2c0a3ff2919c50d8c899abc3d,1403/07/30,5337313.0,8324881.0,1853632.0
7f547bf2c0a3ff2919c50d8c899abc3d,1403/08/30,7606200.0,9392271.0,1067390.0
7f547bf2c0a3ff2919c50d8c899abc3d,1403/09/30,9206754.0,10043961.0,651690.0
7f547bf2c0a3ff2919c50d8c899abc3d,1403/10/30,10061513.0,13195902.0,3151941.0
7f547bf2c0a3ff2919c50d8c899abc3d,1403/11/30,10448681.0,16485634.0,3289732.0
7f547bf2c0a3ff2919c50d8c899abc3d,1403/12/30,10919949.0,19326549.0,2840915.0
7f547bf2c0a3ff2919c50d8c899abc3d,1404/02/31,339345.0,1108396.0,760175.0
7f547bf2c0a3ff2919c50d8c899abc3d,1404/04/31,5801090.0,6122357.0,4024579.0
7f547bf2c0a3ff2919c50d8c899abc3d,1404/05/31,6284527.0,8320227.0,2197870.0
7f547bf2c0a3ff2919c50d8c899abc3d,1404/06/31,9714423.0,1394196.0,8320227.0
7f547bf2c0a3ff2919c50d8c899abc3d,1404/07/30,8324881.0,10612086.0,897663.0
7f547bf2c0a3ff2919c50d8c899abc3d,1404/08/30,9392271.0,11922578.0,1310492.0
7f547bf2c0a3ff2919c50d8c899abc3d,1404/09/30,10043961.0,13240693.0,1318115.0
7f547bf2c0a3ff2919c50d8c899abc3d,1404/10/30,13195902.0,17637854.0,4397161.0
7f547bf2c0a3ff2919c50d8c899abc3d,1404/11/30,16485634.0,20980352.0,3342498.0
7f547bf2c0a3ff2919c50d8c899abc3d,1404/12/29,19326549.0,23369256.0,2388904.0
7f547bf2c0a3ff2919c50d8c899abc3d,1405/01/31,347548.0,607271.0,607271.0
7f547bf2c0a3ff2919c50d8c899abc3d,1405/02/31,1108396.0,4242005.0,3634734.0
7f547bf2c0a3ff2919c50d8c899abc3d,1405/03/31,0.0,0.0,5298315.0
7f547bf2c0a3ff2919c50d8c899abc3d,1405/04/31,0.0,0.0,2660305.0
83063f85d3b40da6b49c458abcb31423,1405/06/31,0.0,0.0,4005898.0
835a058978f7d07fa0f0286893ac885a,1399/07/30,0.0,0.0,412502.0
835a058978f7d07fa0f0286893ac885a,1399/08/30,0.0,0.0,473289.0
835a058978f7d07fa0f0286893ac885a,1399/09/30,0.0,0.0,473169.0
835a058978f7d07fa0f0286893ac885a,1399/10/30,0.0,0.0,728532.0
835a058978f7d07fa0f0286893ac885a,1399/11/30,0.0,0.0,487762.0
835a058978f7d07fa0f0286893ac885a,1399/12/30,0.0,0.0,390276.0
835a058978f7d07fa0f0286893ac885a,1400/01/31,0.0,0.0,155550.0
835a058978f7d07fa0f0286893ac885a,1400/02/31,0.0,0.0,536462.0
835a058978f7d07fa0f0286893ac885a,1400/03/31,0.0,0.0,379599.0
835a058978f7d07fa0f0286893ac885a,1400/04/31,0.0,0.0,452972.0
835a058978f7d07fa0f0286893ac885a,1400/05/31,0.0,0.0,389404.0
835a058978f7d07fa0f0286893ac885a,1400/06/31,0.0,0.0,723461.0
835a058978f7d07fa0f0286893ac885a,1400/07/30,0.0,0.0,705491.0
835a058978f7d07fa0f0286893ac885a,1400/08/30,0.0,0.0,762628.0
835a058978f7d07fa0f0286893ac885a,1400/09/30,0.0,0.0,423642.0
835a058978f7d07fa0f0286893ac885a,1400/10/30,0.0,0.0,515420.0
835a058978f7d07fa0f0286893ac885a,1400/11/30,0.0,0.0,414440.0
835a058978f7d07fa0f0286893ac885a,1400/12/29,0.0,0.0,89151.0
835a058978f7d07fa0f0286893ac885a,1401/01/31,0.0,0.0,254273.0
835a058978f7d07fa0f0286893ac885a,1401/02/31,0.0,0.0,781216.0
835a058978f7d07fa0f0286893ac885a,1401/03/31,0.0,0.0,630643.0
835a058978f7d07fa0f0286893ac885a,1401/04/31,0.0,0.0,1481053.0
835a058978f7d07fa0f0286893ac885a,1401/05/31,0.0,0.0,443740.0
835a058978f7d07fa0f0286893ac885a,1401/06/31,0.0,0.0,224424.0
835a058978f7d07fa0f0286893ac885a,1401/07/30,0.0,0.0,125644.0
835a058978f7d07fa0f0286893ac885a,1401/08/30,0.0,0.0,665166.0
835a058978f7d07fa0f0286893ac885a,1401/09/30,0.0,0.0,259021.0
835a058978f7d07fa0f0286893ac885a,1401/10/30,0.0,0.0,330786.0
835a058978f7d07fa0f0286893ac885a,1401/11/30,0.0,0.0,598336.0
835a058978f7d07fa0f0286893ac885a,1401/12/29,0.0,0.0,466987.0
835a058978f7d07fa0f0286893ac885a,1402/01/31,0.0,0.0,963329.0
835a058978f7d07fa0f0286893ac885a,1402/02/31,0.0,0.0,1178714.0
835a058978f7d07fa0f0286893ac885a,1402/03/31,0.0,0.0,720549.0
835a058978f7d07fa0f0286893ac885a,1402/04/31,0.0,0.0,1269472.0
835a058978f7d07fa0f0286893ac885a,1402/05/31,0.0,0.0,663550.0
835a058978f7d07fa0f0286893ac885a,1402/06/31,0.0,0.0,488964.0
835a058978f7d07fa0f0286893ac885a,1402/07/30,0.0,0.0,526236.0
835a058978f7d07fa0f0286893ac885a,1402/08/30,0.0,0.0,540970.0
835a058978f7d07fa0f0286893ac885a,1402/09/30,0.0,0.0,475518.0
835a058978f7d07fa0f0286893ac885a,1402/10/30,0.0,0.0,1257152.0
835a058978f7d07fa0f0286893ac885a,1402/11/30,0.0,0.0,1797823.0
835a058978f7d07fa0f0286893ac885a,1402/12/29,0.0,0.0,494725.0
835a058978f7d07fa0f0286893ac885a,1403/01/31,0.0,0.0,150115.0
835a058978f7d07fa0f0286893ac885a,1403/02/31,0.0,0.0,308461.0
835a058978f7d07fa0f0286893ac885a,1403/03/31,0.0,0.0,730467.0
835a058978f7d07fa0f0286893ac885a,1403/04/31,0.0,0.0,1463524.0
835a058978f7d07fa0f0286893ac885a,1403/05/31,0.0,0.0,885935.0
835a058978f7d07fa0f0286893ac885a,1403/06/31,0.0,0.0,1722260.0
835a058978f7d07fa0f0286893ac885a,1403/07/30,0.0,0.0,1165032.0
835a058978f7d07fa0f0286893ac885a,1403/08/30,0.0,0.0,2431709.0
835a058978f7d07fa0f0286893ac885a,1403/09/30,0.0,0.0,2287925.0
835a058978f7d07fa0f0286893ac885a,1403/10/30,0.0,0.0,2162716.0
835a058978f7d07fa0f0286893ac885a,1403/11/30,0.0,0.0,1337776.0
835a058978f7d07fa0f0286893ac885a,1403/12/30,0.0,0.0,1037780.0
835a058978f7d07fa0f0286893ac885a,1404/01/31,0.0,0.0,703658.0
835a058978f7d07fa0f0286893ac885a,1404/02/31,0.0,0.0,552956.0
835a058978f7d07fa0f0286893ac885a,1404/03/31,0.0,0.0,487978.0
835a058978f7d07fa0f0286893ac885a,1404/04/31,0.0,0.0,357967.0
835a058978f7d07fa0f0286893ac885a,1404/05/31,0.0,0.0,427483.0
835a058978f7d07fa0f0286893ac885a,1404/06/31,0.0,0.0,1681573.0
835a058978f7d07fa0f0286893ac885a,1404/07/30,0.0,0.0,1841731.0
835a058978f7d07fa0f0286893ac885a,1404/08/30,0.0,0.0,2036541.0
835a058978f7d07fa0f0286893ac885a,1404/09/30,0.0,0.0,2176550.0
835a058978f7d07fa0f0286893ac885a,1404/10/30,0.0,0.0,994178.0
835a058978f7d07fa0f0286893ac885a,1404/11/30,0.0,0.0,1061713.0
835a058978f7d07fa0f0286893ac885a,1404/12/29,0.0,0.0,3358036.0
835a058978f7d07fa0f0286893ac885a,1405/01/31,0.0,0.0,433775.0
835a058978f7d07fa0f0286893ac885a,1405/02/31,0.0,0.0,4967747.0
835a058978f7d07fa0f0286893ac885a,1405/03/31,0.0,0.0,4059516.0
835a058978f7d07fa0f0286893ac885a,1405/04/31,0.0,0.0,322514.0
85287a8fa516fef95aa0d2185f916071,1401/07/30,0.0,0.0,0.0
85287a8fa516fef95aa0d2185f916071,1401/08/30,0.0,0.0,0.0
85287a8fa516fef95aa0d2185f916071,1401/09/30,0.0,0.0,0.0
85287a8fa516fef95aa0d2185f916071,1401/10/30,0.0,0.0,0.0
85287a8fa516fef95aa0d2185f916071,1401/11/30,0.0,0.0,0.0
85287a8fa516fef95aa0d2185f916071,1401/12/29,0.0,0.0,0.0
85287a8fa516fef95aa0d2185f916071,1402/01/31,0.0,0.0,0.0
85287a8fa516fef95aa0d2185f916071,1402/02/31,0.0,0.0,0.0
85287a8fa516fef95aa0d2185f916071,1402/03/31,0.0,0.0,0.0
85287a8fa516fef95aa0d2185f916071,1402/04/31,0.0,0.0,0.0
85287a8fa516fef95aa0d2185f916071,1402/05/31,0.0,0.0,0.0
85287a8fa516fef95aa0d2185f916071,1402/06/31,0.0,0.0,0.0
85287a8fa516fef95aa0d2185f916071,1402/07/30,0.0,0.0,0.0
85287a8fa516fef95aa0d2185f916071,1402/08/30,0.0,0.0,0.0
85287a8fa516fef95aa0d2185f916071,1402/09/30,0.0,0.0,0.0
85287a8fa516fef95aa0d2185f916071,1402/10/30,0.0,0.0,0.0
85287a8fa516fef95aa0d2185f916071,1402/11/30,0.0,0.0,0.0
85287a8fa516fef95aa0d2185f916071,1402/12/29,0.0,0.0,0.0
85287a8fa516fef95aa0d2185f916071,1403/01/31,0.0,0.0,0.0
85287a8fa516fef95aa0d2185f916071,1403/02/31,0.0,0.0,0.0
85287a8fa516fef95aa0d2185f916071,1403/03/31,0.0,0.0,0.0
85287a8fa516fef95aa0d2185f916071,1403/04/31,0.0,0.0,0.0
85287a8fa516fef95aa0d2185f916071,1403/05/31,0.0,0.0,0.0
85287a8fa516fef95aa0d2185f916071,1403/06/31,0.0,0.0,0.0
85287a8fa516fef95aa0d2185f916071,1403/07/30,0.0,0.0,0.0
85287a8fa516fef95aa0d2185f916071,1403/08/30,0.0,0.0,0.0
85287a8fa516fef95aa0d2185f916071,1403/09/30,0.0,0.0,0.0
85287a8fa516fef95aa0d2185f916071,1403/10/30,0.0,0.0,0.0
85287a8fa516fef95aa0d2185f916071,1403/11/30,0.0,0.0,0.0
85287a8fa516fef95aa0d2185f916071,1403/12/30,0.0,0.0,0.0
85287a8fa516fef95aa0d2185f916071,1404/01/31,0.0,0.0,0.0
85287a8fa516fef95aa0d2185f916071,1404/02/31,0.0,0.0,523722883.0
85287a8fa516fef95aa0d2185f916071,1404/03/31,0.0,0.0,494586214.0
85287a8fa516fef95aa0d2185f916071,1404/04/31,0.0,0.0,622676632.0
85287a8fa516fef95aa0d2185f916071,1404/05/31,0.0,0.0,652575921.0
85287a8fa516fef95aa0d2185f916071,1404/06/31,0.0,0.0,648890108.0
85287a8fa516fef95aa0d2185f916071,1404/07/30,0.0,0.0,619812393.0
85287a8fa516fef95aa0d2185f916071,1404/08/30,0.0,0.0,710043216.0
85287a8fa516fef95aa0d2185f916071,1404/09/30,0.0,0.0,657800820.0
85287a8fa516fef95aa0d2185f916071,1404/10/30,0.0,0.0,646850047.0
85287a8fa516fef95aa0d2185f916071,1404/11/30,0.0,0.0,1145354210.0
85287a8fa516fef95aa0d2185f916071,1404/12/29,0.0,0.0,1037954211.0
85287a8fa516fef95aa0d2185f916071,1405/01/31,0.0,0.0,1085602354.0
85287a8fa516fef95aa0d2185f916071,1405/02/31,0.0,0.0,1342377447.0
85287a8fa516fef95aa0d2185f916071,1405/03/31,0.0,0.0,1755658074.0
85287a8fa516fef95aa0d2185f916071,1405/04/31,0.0,0.0,1760433763.0
85287a8fa516fef95aa0d2185f916071,1405/05/31,0.0,0.0,2023871451.0
857898d4f504279f0355b95477392169,1405/06/31,0.0,0.0,258165.0
85b841e113a9981a56d7137b3e926c4a,1399/10/30,2008049.0,4837826.0,4837826.0
85b841e113a9981a56d7137b3e926c4a,1399/11/30,4014544.0,8873150.0,4035324.0
85b841e113a9981a56d7137b3e926c4a,1399/12/30,5873393.0,13098505.0,4225355.0
85b841e113a9981a56d7137b3e926c4a,1400/01/31,6804270.0,17422531.0,4324026.0
85b841e113a9981a56d7137b3e926c4a,1400/02/31,8525280.0,22032972.0,4610441.0
85b841e113a9981a56d7137b3e926c4a,1400/03/31,10083032.0,28223466.0,6190494.0
85b841e113a9981a56d7137b3e926c4a,1400/04/31,12169394.0,32310721.0,4087255.0
85b841e113a9981a56d7137b3e926c4a,1400/05/31,14457661.0,35159254.0,2848533.0
85b841e113a9981a56d7137b3e926c4a,1400/06/31,16848801.0,38770751.0,3611497.0
85b841e113a9981a56d7137b3e926c4a,1400/07/30,19432755.0,43727966.0,4957215.0
85b841e113a9981a56d7137b3e926c4a,1400/08/30,22972349.0,48465737.0,4737771.0
85b841e113a9981a56d7137b3e926c4a,1400/09/30,28516565.0,52509898.0,4020389.0
85b841e113a9981a56d7137b3e926c4a,1400/10/30,4837826.0,3492242.0,3492242.0
85b841e113a9981a56d7137b3e926c4a,1400/11/30,8873150.0,8130453.0,4638211.0
85b841e113a9981a56d7137b3e926c4a,1400/12/29,13098505.0,12078949.0,3948496.0
85b841e113a9981a56d7137b3e926c4a,1401/01/31,17422531.0,17180983.0,5102034.0
85b841e113a9981a56d7137b3e926c4a,1401/02/31,22032972.0,24529707.0,7348724.0
85b841e113a9981a56d7137b3e926c4a,1401/03/31,28223466.0,28597476.0,4559828.0
85b841e113a9981a56d7137b3e926c4a,1401/04/31,32310721.0,35308517.0,6711041.0
85b841e113a9981a56d7137b3e926c4a,1401/05/31,35159254.0,41705039.0,6396522.0
85b841e113a9981a56d7137b3e926c4a,1401/06/31,38770751.0,50589245.0,8884206.0
85b841e113a9981a56d7137b3e926c4a,1401/07/30,43727966.0,60605793.0,10016548.0
85b841e113a9981a56d7137b3e926c4a,1401/08/30,48465737.0,67617683.0,7004867.0
85b841e113a9981a56d7137b3e926c4a,1401/09/30,52509898.0,73453387.0,6195540.0
85b841e113a9981a56d7137b3e926c4a,1401/10/30,3492242.0,4472295.0,4472295.0
85b841e113a9981a56d7137b3e926c4a,1401/11/30,8130453.0,14720565.0,10248270.0
85b841e113a9981a56d7137b3e926c4a,1401/12/29,12078949.0,25773126.0,11052561.0
85b841e113a9981a56d7137b3e926c4a,1402/01/31,17180983.0,30990626.0,5217500.0
85b841e113a9981a56d7137b3e926c4a,1402/02/31,24529707.0,40354194.0,9363568.0
85b841e113a9981a56d7137b3e926c4a,1402/04/31,35308517.0,52239678.0,6650260.0
85b841e113a9981a56d7137b3e926c4a,1402/05/31,41705039.0,56359256.0,4119578.0
85b841e113a9981a56d7137b3e926c4a,1402/06/31,50589245.0,61792400.0,5433144.0
85b841e113a9981a56d7137b3e926c4a,1402/07/30,60605793.0,70515798.0,8723398.0
85b841e113a9981a56d7137b3e926c4a,1402/08/30,67617683.0,78943710.0,8427912.0
85b841e113a9981a56d7137b3e926c4a,1402/09/30,73453387.0,86987515.0,8043805.0
85b841e113a9981a56d7137b3e926c4a,1402/10/30,4472295.0,7634168.0,7634168.0
85b841e113a9981a56d7137b3e926c4a,1402/11/30,14720565.0,14586032.0,6951864.0
85b841e113a9981a56d7137b3e926c4a,1402/12/29,25773126.0,25074613.0,10488581.0
85b841e113a9981a56d7137b3e926c4a,1403/01/31,30990626.0,34244752.0,9170139.0
85b841e113a9981a56d7137b3e926c4a,1403/02/31,40354194.0,46380432.0,12135680.0
85b841e113a9981a56d7137b3e926c4a,1403/03/31,45589418.0,59154686.0,12774254.0
85b841e113a9981a56d7137b3e926c4a,1403/04/31,52239678.0,74980289.0,15825603.0
85b841e113a9981a56d7137b3e926c4a,1403/05/31,56359256.0,84502857.0,9522568.0
85b841e113a9981a56d7137b3e926c4a,1403/06/31,61792400.0,94347832.0,9844975.0
85b841e113a9981a56d7137b3e926c4a,1403/07/30,70515798.0,101893714.0,7545882.0
85b841e113a9981a56d7137b3e926c4a,1403/08/30,78943710.0,112403988.0,10510274.0
85b841e113a9981a56d7137b3e926c4a,1403/09/30,86987515.0,128113766.0,15709778.0
85b841e113a9981a56d7137b3e926c4a,1403/10/30,7634168.0,12981752.0,12981752.0
85b841e113a9981a56d7137b3e926c4a,1403/11/30,14586032.0,27441209.0,14459457.0
85b841e113a9981a56d7137b3e926c4a,1403/12/30,25074613.0,43387179.0,15945970.0
85b841e113a9981a56d7137b3e926c4a,1404/01/31,34244752.0,59526855.0,16139676.0
85b841e113a9981a56d7137b3e926c4a,1404/02/31,46380432.0,71069592.0,11542737.0
85b841e113a9981a56d7137b3e926c4a,1404/03/31,59154686.0,83638784.0,12569192.0
85b841e113a9981a56d7137b3e926c4a,1404/04/31,74980289.0,98577833.0,14939049.0
85b841e113a9981a56d7137b3e926c4a,1404/05/31,84502857.0,118993060.0,20415227.0
85b841e113a9981a56d7137b3e926c4a,1404/06/31,94347832.0,142102941.0,23109881.0
85b841e113a9981a56d7137b3e926c4a,1404/07/30,101893714.0,167530136.0,25427195.0
85b841e113a9981a56d7137b3e926c4a,1404/08/30,112403988.0,184729311.0,17199175.0
85b841e113a9981a56d7137b3e926c4a,1404/09/30,128113766.0,204578410.0,19849099.0
85b841e113a9981a56d7137b3e926c4a,1404/10/30,12981752.0,19556374.0,19556374.0
85b841e113a9981a56d7137b3e926c4a,1405/01/31,59526855.0,66356348.0,13416081.0
85b841e113a9981a56d7137b3e926c4a,1405/02/31,71069592.0,105128259.0,38771911.0
85b841e113a9981a56d7137b3e926c4a,1405/03/31,0.0,0.0,41471898.0
85b841e113a9981a56d7137b3e926c4a,1405/04/31,0.0,0.0,30302012.0
85b841e113a9981a56d7137b3e926c4a,1405/05/31,0.0,0.0,32989739.0
86753ad1b296713ec2fe34094b7b1d88,1399/01/31,12134.0,14207.0,14207.0
86753ad1b296713ec2fe34094b7b1d88,1399/02/31,39038.0,51124.0,37374.0
86753ad1b296713ec2fe34094b7b1d88,1399/03/31,62796.0,89424.0,38709.0
86753ad1b296713ec2fe34094b7b1d88,1399/04/31,91407.0,135223.0,45956.0
86753ad1b296713ec2fe34094b7b1d88,1399/05/31,121463.0,177445.0,42234.0
86753ad1b296713ec2fe34094b7b1d88,1399/06/31,152343.0,216972.0,39607.0
86753ad1b296713ec2fe34094b7b1d88,1399/07/30,182108.0,264191.0,47289.0
86753ad1b296713ec2fe34094b7b1d88,1399/08/30,214618.0,318410.0,54235.0
86753ad1b296713ec2fe34094b7b1d88,1399/09/30,247374.0,372267.0,53798.0
86753ad1b296713ec2fe34094b7b1d88,1399/10/30,280459.0,426833.0,54575.0
86753ad1b296713ec2fe34094b7b1d88,1399/11/30,306090.0,491950.0,65085.0
86753ad1b296713ec2fe34094b7b1d88,1399/12/30,324665.0,551722.0,59674.0
86753ad1b296713ec2fe34094b7b1d88,1400/01/31,14207.0,52294.0,52294.0
86753ad1b296713ec2fe34094b7b1d88,1400/02/31,51124.0,142406.0,90186.0
86753ad1b296713ec2fe34094b7b1d88,1400/03/31,89424.0,235436.0,93043.0
86753ad1b296713ec2fe34094b7b1d88,1400/04/31,135223.0,323014.0,87589.0
86753ad1b296713ec2fe34094b7b1d88,1400/05/31,177445.0,402555.0,79541.0
86753ad1b296713ec2fe34094b7b1d88,1400/06/31,216972.0,498724.0,96142.0
86753ad1b296713ec2fe34094b7b1d88,1400/07/30,264191.0,599055.0,100402.0
86753ad1b296713ec2fe34094b7b1d88,1400/08/30,318410.0,704221.0,105195.0
86753ad1b296713ec2fe34094b7b1d88,1400/09/30,372267.0,821975.0,117811.0
86753ad1b296713ec2fe34094b7b1d88,1400/10/30,426833.0,940333.0,118483.0
86753ad1b296713ec2fe34094b7b1d88,1400/11/30,491950.0,1055881.0,115869.0
86753ad1b296713ec2fe34094b7b1d88,1400/12/29,551724.0,1178962.0,123214.0
86753ad1b296713ec2fe34094b7b1d88,1401/01/31,52294.0,81323.0,81323.0
86753ad1b296713ec2fe34094b7b1d88,1401/02/31,142406.0,208496.0,127173.0
86753ad1b296713ec2fe34094b7b1d88,1401/03/31,235436.0,352076.0,143635.0
86753ad1b296713ec2fe34094b7b1d88,1401/04/31,323014.0,493193.0,141117.0
86753ad1b296713ec2fe34094b7b1d88,1401/05/31,402555.0,631460.0,138300.0
86753ad1b296713ec2fe34094b7b1d88,1401/06/31,498630.0,790843.0,159383.0
86753ad1b296713ec2fe34094b7b1d88,1401/07/30,599055.0,954261.0,163418.0
86753ad1b296713ec2fe34094b7b1d88,1401/08/30,704221.0,1110173.0,155912.0
86753ad1b296713ec2fe34094b7b1d88,1401/09/30,821894.0,1272151.0,161910.0
86753ad1b296713ec2fe34094b7b1d88,1401/10/30,940333.0,1448318.0,176195.0
86753ad1b296713ec2fe34094b7b1d88,1401/11/30,1055881.0,1624058.0,175945.0
86753ad1b296713ec2fe34094b7b1d88,1401/12/29,1178962.0,1808253.0,184166.0
86753ad1b296713ec2fe34094b7b1d88,1402/01/31,81480.0,147530.0,147530.0
86753ad1b296713ec2fe34094b7b1d88,1402/02/31,208496.0,363406.0,216197.0
86753ad1b296713ec2fe34094b7b1d88,1402/03/31,352076.0,622919.0,259588.0
86753ad1b296713ec2fe34094b7b1d88,1402/04/31,493193.0,875568.0,252649.0
86753ad1b296713ec2fe34094b7b1d88,1402/05/31,631460.0,1115826.0,240267.0
86753ad1b296713ec2fe34094b7b1d88,1402/06/31,790843.0,1368287.0,252594.0
86753ad1b296713ec2fe34094b7b1d88,1402/07/30,954261.0,1648053.0,279766.0
86753ad1b296713ec2fe34094b7b1d88,1402/08/30,1110173.0,1937510.0,289458.0
86753ad1b296713ec2fe34094b7b1d88,1402/09/30,1272151.0,2259437.0,322335.0
86753ad1b296713ec2fe34094b7b1d88,1402/10/30,1448318.0,2551603.0,292166.0
86753ad1b296713ec2fe34094b7b1d88,1402/11/30,1624058.0,2850306.0,298823.0
86753ad1b296713ec2fe34094b7b1d88,1402/12/29,1808253.0,3125535.0,275229.0
86753ad1b296713ec2fe34094b7b1d88,1403/01/31,147530.0,215386.0,215386.0
86753ad1b296713ec2fe34094b7b1d88,1403/02/31,363406.0,640158.0,424940.0
86753ad1b296713ec2fe34094b7b1d88,1403/03/31,622919.0,1073980.0,434030.0
86753ad1b296713ec2fe34094b7b1d88,1403/04/31,875568.0,1456484.0,382514.0
86753ad1b296713ec2fe34094b7b1d88,1403/05/31,1115826.0,1797717.0,341375.0
86753ad1b296713ec2fe34094b7b1d88,1403/06/31,1368287.0,2085344.0,287627.0
86753ad1b296713ec2fe34094b7b1d88,1403/07/30,1648053.0,2445376.0,360032.0
86753ad1b296713ec2fe34094b7b1d88,1403/08/30,1937510.0,2752053.0,306961.0
86753ad1b296713ec2fe34094b7b1d88,1403/09/30,2259437.0,3092405.0,340599.0
86753ad1b296713ec2fe34094b7b1d88,1403/10/30,2551603.0,3462442.0,370037.0
86753ad1b296713ec2fe34094b7b1d88,1403/11/30,2850306.0,3852544.0,390074.0
86753ad1b296713ec2fe34094b7b1d88,1403/12/30,3125535.0,4242703.0,390414.0
86753ad1b296713ec2fe34094b7b1d88,1404/01/31,215386.0,321390.0,321390.0
86753ad1b296713ec2fe34094b7b1d88,1404/02/31,640158.0,784100.0,464111.0
86753ad1b296713ec2fe34094b7b1d88,1404/03/31,1073980.0,1158484.0,375837.0
86753ad1b296713ec2fe34094b7b1d88,1404/04/31,1456484.0,1499210.0,340713.0
86753ad1b296713ec2fe34094b7b1d88,1404/05/31,1797717.0,1866880.0,367499.0
86753ad1b296713ec2fe34094b7b1d88,1404/06/31,2085344.0,2249107.0,382161.0
86753ad1b296713ec2fe34094b7b1d88,1404/07/30,2445376.0,2729306.0,480174.0
86753ad1b296713ec2fe34094b7b1d88,1404/08/30,2752053.0,3170960.0,442031.0
86753ad1b296713ec2fe34094b7b1d88,1404/09/30,3092405.0,3635831.0,464902.0
86753ad1b296713ec2fe34094b7b1d88,1404/10/30,3462442.0,4059534.0,422887.0
86753ad1b296713ec2fe34094b7b1d88,1404/11/30,0.0,0.0,459859.0
86753ad1b296713ec2fe34094b7b1d88,1404/12/29,0.0,0.0,408577.0
86753ad1b296713ec2fe34094b7b1d88,1405/01/31,0.0,0.0,210601.0
86753ad1b296713ec2fe34094b7b1d88,1405/02/31,0.0,0.0,685892.0
86753ad1b296713ec2fe34094b7b1d88,1405/03/31,0.0,0.0,614518.0
86753ad1b296713ec2fe34094b7b1d88,1405/04/31,0.0,0.0,497919.0
876ac8a92de3ccb30dc55ce3d7ac189a,1400/06/31,772940.0,1303609.0,277916.0
876ac8a92de3ccb30dc55ce3d7ac189a,1400/07/30,906210.0,1546118.0,242509.0
876ac8a92de3ccb30dc55ce3d7ac189a,1400/08/30,1070381.0,1833948.0,287830.0
876ac8a92de3ccb30dc55ce3d7ac189a,1400/09/30,1229359.0,2078064.0,244116.0
876ac8a92de3ccb30dc55ce3d7ac189a,1400/10/30,1406300.0,2377892.0,299828.0
876ac8a92de3ccb30dc55ce3d7ac189a,1400/11/30,1591104.0,2680499.0,302607.0
876ac8a92de3ccb30dc55ce3d7ac189a,1400/12/29,1783359.0,3030310.0,349811.0
876ac8a92de3ccb30dc55ce3d7ac189a,1401/01/31,156036.0,232895.0,232895.0
876ac8a92de3ccb30dc55ce3d7ac189a,1401/02/31,371966.0,567566.0,334671.0
876ac8a92de3ccb30dc55ce3d7ac189a,1401/03/31,639723.0,1109933.0,542367.0
876ac8a92de3ccb30dc55ce3d7ac189a,1401/04/31,774000.0,1713329.0,603396.0
876ac8a92de3ccb30dc55ce3d7ac189a,1401/05/31,1025693.0,2259453.0,546124.0
876ac8a92de3ccb30dc55ce3d7ac189a,1401/06/31,1303609.0,3175449.0,915996.0
876ac8a92de3ccb30dc55ce3d7ac189a,1401/07/30,1546118.0,3638304.0,462855.0
876ac8a92de3ccb30dc55ce3d7ac189a,1401/08/30,1833948.0,3958314.0,320010.0
876ac8a92de3ccb30dc55ce3d7ac189a,1401/09/30,2078064.0,4396659.0,438345.0
876ac8a92de3ccb30dc55ce3d7ac189a,1401/10/30,2377892.0,4898370.0,501711.0
876ac8a92de3ccb30dc55ce3d7ac189a,1401/11/30,2680499.0,5321134.0,422764.0
876ac8a92de3ccb30dc55ce3d7ac189a,1401/12/29,3030310.0,5845831.0,524697.0
876ac8a92de3ccb30dc55ce3d7ac189a,1402/01/31,232895.0,430570.0,430570.0
876ac8a92de3ccb30dc55ce3d7ac189a,1402/02/31,482420.0,988135.0,557565.0
876ac8a92de3ccb30dc55ce3d7ac189a,1402/03/31,933699.0,1804955.0,771436.0
876ac8a92de3ccb30dc55ce3d7ac189a,1402/04/31,1321928.0,2436516.0,631561.0
876ac8a92de3ccb30dc55ce3d7ac189a,1402/05/31,1729001.0,3100402.0,663886.0
876ac8a92de3ccb30dc55ce3d7ac189a,1402/06/31,2160237.0,4052228.0,951826.0
876ac8a92de3ccb30dc55ce3d7ac189a,1402/07/30,2547765.0,4707232.0,655004.0
876ac8a92de3ccb30dc55ce3d7ac189a,1402/08/30,2894152.0,5265586.0,558354.0
876ac8a92de3ccb30dc55ce3d7ac189a,1402/09/30,3328949.0,5864667.0,599081.0
876ac8a92de3ccb30dc55ce3d7ac189a,1402/10/30,3800308.0,6445127.0,580460.0
876ac8a92de3ccb30dc55ce3d7ac189a,1402/11/30,4190782.0,7075193.0,630066.0
876ac8a92de3ccb30dc55ce3d7ac189a,1402/12/29,4670039.0,7690625.0,615432.0
876ac8a92de3ccb30dc55ce3d7ac189a,1403/01/31,383783.0,541334.0,541334.0
876ac8a92de3ccb30dc55ce3d7ac189a,1403/02/31,880379.0,1170922.0,629588.0
876ac8a92de3ccb30dc55ce3d7ac189a,1403/03/31,1612167.0,2085327.0,914405.0
876ac8a92de3ccb30dc55ce3d7ac189a,1403/04/31,2213037.0,2748287.0,662960.0
876ac8a92de3ccb30dc55ce3d7ac189a,1403/05/31,2799485.0,3417361.0,669074.0
876ac8a92de3ccb30dc55ce3d7ac189a,1403/06/31,3364820.0,4471027.0,1053666.0
876ac8a92de3ccb30dc55ce3d7ac189a,1403/07/30,3913273.0,5875172.0,1404145.0
876ac8a92de3ccb30dc55ce3d7ac189a,1403/08/30,4439126.0,6483745.0,608573.0
876ac8a92de3ccb30dc55ce3d7ac189a,1403/09/30,5003375.0,7086102.0,602357.0
876ac8a92de3ccb30dc55ce3d7ac189a,1403/10/30,5566056.0,7798722.0,712620.0
876ac8a92de3ccb30dc55ce3d7ac189a,1403/11/30,6182991.0,8486283.0,687561.0
876ac8a92de3ccb30dc55ce3d7ac189a,1403/12/30,6795735.0,9175380.0,689097.0
876ac8a92de3ccb30dc55ce3d7ac189a,1404/01/31,476449.0,742361.0,742361.0
876ac8a92de3ccb30dc55ce3d7ac189a,1404/02/31,1110348.0,1736050.0,993689.0
876ac8a92de3ccb30dc55ce3d7ac189a,1404/03/31,1726427.0,2936650.0,1200600.0
876ac8a92de3ccb30dc55ce3d7ac189a,1404/04/31,2269150.0,3968629.0,1031979.0
876ac8a92de3ccb30dc55ce3d7ac189a,1404/05/31,2931831.0,5060455.0,1091826.0
876ac8a92de3ccb30dc55ce3d7ac189a,1404/06/31,3531880.0,6647132.0,1586677.0
876ac8a92de3ccb30dc55ce3d7ac189a,1404/07/30,4233751.0,8190306.0,1543174.0
876ac8a92de3ccb30dc55ce3d7ac189a,1404/08/30,5047576.0,9309943.0,1119637.0
876ac8a92de3ccb30dc55ce3d7ac189a,1404/09/30,5867301.0,10826408.0,1516465.0
876ac8a92de3ccb30dc55ce3d7ac189a,1404/10/30,7080716.0,12218034.0,1391626.0
876ac8a92de3ccb30dc55ce3d7ac189a,1404/11/30,7788376.0,13969296.0,1751262.0
876ac8a92de3ccb30dc55ce3d7ac189a,1404/12/29,8460603.0,15043113.0,1073817.0
876ac8a92de3ccb30dc55ce3d7ac189a,1405/01/31,594559.0,1847557.0,1847557.0
876ac8a92de3ccb30dc55ce3d7ac189a,1405/02/31,1493108.0,3939562.0,2092005.0
876ac8a92de3ccb30dc55ce3d7ac189a,1405/03/31,0.0,0.0,3302312.0
876ac8a92de3ccb30dc55ce3d7ac189a,1405/04/31,0.0,0.0,2401000.0
881f485833e35685213e8f387e534bf7,1399/07/30,1473591.0,2328587.0,702083.0
881f485833e35685213e8f387e534bf7,1399/08/30,1901035.0,3108304.0,779717.0
881f485833e35685213e8f387e534bf7,1399/09/30,2571839.0,3897668.0,789364.0
881f485833e35685213e8f387e534bf7,1399/10/30,2991234.0,4685227.0,787559.0
881f485833e35685213e8f387e534bf7,1399/11/30,3464973.0,5038825.0,353598.0
881f485833e35685213e8f387e534bf7,1399/12/30,4402099.0,5063791.0,24958.0
881f485833e35685213e8f387e534bf7,1400/01/31,145165.0,4055.0,4055.0
881f485833e35685213e8f387e534bf7,1400/02/31,240323.0,376820.0,372765.0
881f485833e35685213e8f387e534bf7,1400/03/31,698832.0,836195.0,459375.0
881f485833e35685213e8f387e534bf7,1400/04/31,1384368.0,2039494.0,1203299.0
881f485833e35685213e8f387e534bf7,1400/05/31,1546043.0,2504106.0,464612.0
881f485833e35685213e8f387e534bf7,1400/06/31,1631579.0,3543133.0,1039027.0
881f485833e35685213e8f387e534bf7,1400/07/30,2341119.0,4834248.0,1291115.0
881f485833e35685213e8f387e534bf7,1400/08/30,1936511.0,6315156.0,1480908.0
881f485833e35685213e8f387e534bf7,1400/09/30,3950930.0,8098935.0,1783779.0
881f485833e35685213e8f387e534bf7,1400/10/30,4741523.0,10265240.0,2166305.0
881f485833e35685213e8f387e534bf7,1400/11/30,5096115.0,10625019.0,360039.0
881f485833e35685213e8f387e534bf7,1400/12/29,5063791.0,10656705.0,120055.0
881f485833e35685213e8f387e534bf7,1401/01/31,4055.0,16251.0,16251.0
881f485833e35685213e8f387e534bf7,1401/02/31,376820.0,54757.0,38506.0
881f485833e35685213e8f387e534bf7,1401/03/31,823513.0,1329741.0,1286326.0
881f485833e35685213e8f387e534bf7,1401/04/31,2021119.0,2269796.0,940055.0
881f485833e35685213e8f387e534bf7,1401/05/31,2483038.0,3098031.0,828235.0
881f485833e35685213e8f387e534bf7,1401/06/31,3520871.0,3570900.0,440589.0
881f485833e35685213e8f387e534bf7,1401/07/30,4794837.0,5689761.0,2118861.0
881f485833e35685213e8f387e534bf7,1401/08/30,6254027.0,7603169.0,1913408.0
881f485833e35685213e8f387e534bf7,1401/09/30,8007857.0,9094943.0,1491774.0
881f485833e35685213e8f387e534bf7,1401/10/30,10154384.0,11779565.0,2684622.0
881f485833e35685213e8f387e534bf7,1401/11/30,10513150.0,14070503.0,2290938.0
881f485833e35685213e8f387e534bf7,1401/12/29,10656705.0,14052428.0,488933.0
881f485833e35685213e8f387e534bf7,1402/02/31,43415.0,1258203.0,1258203.0
881f485833e35685213e8f387e534bf7,1402/03/31,1329741.0,4879886.0,3621683.0
881f485833e35685213e8f387e534bf7,1402/04/31,2269796.0,5758053.0,878167.0
881f485833e35685213e8f387e534bf7,1402/05/31,3098031.0,6128909.0,370856.0
881f485833e35685213e8f387e534bf7,1402/06/31,3570900.0,6255878.0,140711.0
881f485833e35685213e8f387e534bf7,1402/07/30,5689761.0,9554930.0,3299052.0
881f485833e35685213e8f387e534bf7,1402/08/30,7603169.0,13551993.0,3997063.0
881f485833e35685213e8f387e534bf7,1402/09/30,9094943.0,15518120.0,1966127.0
881f485833e35685213e8f387e534bf7,1402/10/30,11779565.0,16784042.0,1265922.0
881f485833e35685213e8f387e534bf7,1402/11/30,14070503.0,17626658.0,842616.0
881f485833e35685213e8f387e534bf7,1402/12/29,14052428.0,18334292.0,719421.0
881f485833e35685213e8f387e534bf7,1403/02/31,1258203.0,2952063.0,2798960.0
881f485833e35685213e8f387e534bf7,1403/03/31,4879886.0,7079588.0,4127525.0
881f485833e35685213e8f387e534bf7,1403/04/31,5758053.0,8568433.0,1488845.0
881f485833e35685213e8f387e534bf7,1403/05/31,6128909.0,10077874.0,1509441.0
881f485833e35685213e8f387e534bf7,1403/06/31,6255878.0,10789474.0,711600.0
881f485833e35685213e8f387e534bf7,1403/07/30,9554930.0,15184323.0,4394849.0
881f485833e35685213e8f387e534bf7,1403/08/30,13551993.0,20420354.0,5236031.0
881f485833e35685213e8f387e534bf7,1403/09/30,15518120.0,24090804.0,3670450.0
881f485833e35685213e8f387e534bf7,1403/10/30,16784042.0,28176544.0,4085740.0
881f485833e35685213e8f387e534bf7,1403/11/30,17626658.0,33189709.0,5013165.0
881f485833e35685213e8f387e534bf7,1403/12/30,18334292.0,37886559.0,3417170.0
881f485833e35685213e8f387e534bf7,1404/01/31,153103.0,36232.0,36232.0
881f485833e35685213e8f387e534bf7,1404/02/31,2952063.0,4383570.0,4347338.0
881f485833e35685213e8f387e534bf7,1404/03/31,7079588.0,11878669.0,7495099.0
881f485833e35685213e8f387e534bf7,1404/04/31,8568433.0,15448582.0,3569913.0
881f485833e35685213e8f387e534bf7,1404/05/31,10077874.0,16596516.0,1147934.0
881f485833e35685213e8f387e534bf7,1404/06/31,17122672.0,526156.0,16596516.0
881f485833e35685213e8f387e534bf7,1404/07/30,15184323.0,22685362.0,5562690.0
881f485833e35685213e8f387e534bf7,1404/08/30,20420354.0,27770626.0,4750356.0
881f485833e35685213e8f387e534bf7,1404/09/30,38678626.0,10908000.0,27770626.0
881f485833e35685213e8f387e534bf7,1404/10/30,28176544.0,47430917.0,8752291.0
88f79bf4cbb7f64d7bb74b1c01d3388a,1399/10/30,449597.0,720419.0,720419.0
88f79bf4cbb7f64d7bb74b1c01d3388a,1399/11/30,996688.0,1596414.0,875995.0
88f79bf4cbb7f64d7bb74b1c01d3388a,1399/12/30,1709663.0,2488682.0,892268.0
88f79bf4cbb7f64d7bb74b1c01d3388a,1400/01/31,2280255.0,2910569.0,421887.0
88f79bf4cbb7f64d7bb74b1c01d3388a,1400/02/31,3026757.0,3797795.0,887227.0
88f79bf4cbb7f64d7bb74b1c01d3388a,1400/03/31,3578508.0,5091756.0,1293961.0
88f79bf4cbb7f64d7bb74b1c01d3388a,1400/04/31,4268449.0,6118355.0,1026599.0
88f79bf4cbb7f64d7bb74b1c01d3388a,1400/05/31,4931378.0,7210857.0,1092502.0
88f79bf4cbb7f64d7bb74b1c01d3388a,1400/06/31,5617997.0,8508540.0,1297683.0
88f79bf4cbb7f64d7bb74b1c01d3388a,1400/07/30,6165914.0,9425770.0,917230.0
88f79bf4cbb7f64d7bb74b1c01d3388a,1400/08/30,7007329.0,10184454.0,758684.0
88f79bf4cbb7f64d7bb74b1c01d3388a,1400/09/30,8195864.0,11278078.0,1093624.0
88f79bf4cbb7f64d7bb74b1c01d3388a,1400/10/30,780937.0,686394.0,686394.0
88f79bf4cbb7f64d7bb74b1c01d3388a,1400/11/30,1595250.0,1423913.0,737519.0
88f79bf4cbb7f64d7bb74b1c01d3388a,1400/12/29,2469916.0,2319379.0,895466.0
88f79bf4cbb7f64d7bb74b1c01d3388a,1401/01/31,2903413.0,2636429.0,317050.0
88f79bf4cbb7f64d7bb74b1c01d3388a,1401/02/31,3852854.0,2760825.0,124396.0
88f79bf4cbb7f64d7bb74b1c01d3388a,1401/03/31,5018726.0,3485694.0,724824.0
88f79bf4cbb7f64d7bb74b1c01d3388a,1401/04/31,5358042.0,4675646.0,1190432.0
88f79bf4cbb7f64d7bb74b1c01d3388a,1401/05/31,7174800.0,5574080.0,898434.0
88f79bf4cbb7f64d7bb74b1c01d3388a,1401/06/31,8503541.0,6704606.0,1130526.0
88f79bf4cbb7f64d7bb74b1c01d3388a,1401/07/30,9492300.0,8330145.0,1639744.0
88f79bf4cbb7f64d7bb74b1c01d3388a,1401/08/30,10164558.0,9649486.0,1319341.0
88f79bf4cbb7f64d7bb74b1c01d3388a,1401/09/30,11206859.0,11234217.0,1584731.0
88f79bf4cbb7f64d7bb74b1c01d3388a,1401/10/30,655134.0,1404205.0,1404205.0
88f79bf4cbb7f64d7bb74b1c01d3388a,1401/11/30,1432495.0,3108560.0,1704355.0
88f79bf4cbb7f64d7bb74b1c01d3388a,1401/12/29,2319378.0,4762946.0,1654386.0
88f79bf4cbb7f64d7bb74b1c01d3388a,1402/01/31,2638275.0,5430570.0,667624.0
88f79bf4cbb7f64d7bb74b1c01d3388a,1402/02/31,2801937.0,6997849.0,1567279.0
88f79bf4cbb7f64d7bb74b1c01d3388a,1402/03/31,3485694.0,8844276.0,1846427.0
88f79bf4cbb7f64d7bb74b1c01d3388a,1402/04/31,4675644.0,10175750.0,1331474.0
88f79bf4cbb7f64d7bb74b1c01d3388a,1402/05/31,5574047.0,11913091.0,1737341.0
88f79bf4cbb7f64d7bb74b1c01d3388a,1402/06/31,6704604.0,13709428.0,1796337.0
88f79bf4cbb7f64d7bb74b1c01d3388a,1402/07/30,8330144.0,15689433.0,1980005.0
88f79bf4cbb7f64d7bb74b1c01d3388a,1402/08/30,9647436.0,16546823.0,857390.0
88f79bf4cbb7f64d7bb74b1c01d3388a,1402/09/30,11234217.0,18304685.0,1757862.0
88f79bf4cbb7f64d7bb74b1c01d3388a,1402/10/30,1397014.0,1217145.0,1217145.0
88f79bf4cbb7f64d7bb74b1c01d3388a,1402/11/30,3101775.0,2707761.0,1427727.0
88f79bf4cbb7f64d7bb74b1c01d3388a,1402/12/29,4762946.0,4436277.0,1728516.0
88f79bf4cbb7f64d7bb74b1c01d3388a,1403/01/31,5438424.0,5280289.0,844012.0
88f79bf4cbb7f64d7bb74b1c01d3388a,1403/02/31,7010513.0,7065469.0,1785180.0
88f79bf4cbb7f64d7bb74b1c01d3388a,1403/03/31,8844276.0,8780509.0,1715040.0
88f79bf4cbb7f64d7bb74b1c01d3388a,1403/04/31,10176579.0,10589260.0,1808751.0
88f79bf4cbb7f64d7bb74b1c01d3388a,1403/05/31,11970591.0,11902428.0,1313168.0
88f79bf4cbb7f64d7bb74b1c01d3388a,1403/06/31,13709428.0,13745846.0,1843418.0
88f79bf4cbb7f64d7bb74b1c01d3388a,1403/07/30,15689431.0,16776718.0,3030872.0
88f79bf4cbb7f64d7bb74b1c01d3388a,1403/08/30,16555035.0,19620240.0,2843112.0
88f79bf4cbb7f64d7bb74b1c01d3388a,1403/09/30,18304685.0,22285475.0,2665235.0
88f79bf4cbb7f64d7bb74b1c01d3388a,1403/10/30,1149837.0,2241608.0,2241608.0
88f79bf4cbb7f64d7bb74b1c01d3388a,1403/11/30,2624414.0,4217371.0,1975763.0
88f79bf4cbb7f64d7bb74b1c01d3388a,1403/12/30,4436277.0,5891489.0,1674118.0
88f79bf4cbb7f64d7bb74b1c01d3388a,1404/01/31,5351125.0,7133352.0,1241863.0
88f79bf4cbb7f64d7bb74b1c01d3388a,1404/02/31,7169353.0,9947812.0,2814460.0
88f79bf4cbb7f64d7bb74b1c01d3388a,1404/03/31,8680181.0,13249784.0,2806774.0
88f79bf4cbb7f64d7bb74b1c01d3388a,1404/04/31,10612353.0,16684196.0,3582243.0
88f79bf4cbb7f64d7bb74b1c01d3388a,1404/05/31,11674652.0,19976493.0,3257633.0
88f79bf4cbb7f64d7bb74b1c01d3388a,1404/06/31,13479339.0,23168681.0,3192188.0
88f79bf4cbb7f64d7bb74b1c01d3388a,1404/07/30,16841448.0,26709193.0,3540512.0
88f79bf4cbb7f64d7bb74b1c01d3388a,1404/08/30,19684972.0,30077840.0,3368647.0
88f79bf4cbb7f64d7bb74b1c01d3388a,1404/09/30,22285475.0,32702257.0,2624417.0
88f79bf4cbb7f64d7bb74b1c01d3388a,1404/10/30,2241608.0,2683699.0,2683699.0
88f79bf4cbb7f64d7bb74b1c01d3388a,1404/11/30,4127651.0,8714811.0,6031112.0
88f79bf4cbb7f64d7bb74b1c01d3388a,1404/12/29,5891489.0,11130468.0,2415657.0
88f79bf4cbb7f64d7bb74b1c01d3388a,1405/01/31,7149366.0,14886906.0,3756438.0
88f79bf4cbb7f64d7bb74b1c01d3388a,1405/02/31,10186903.0,22314198.0,7427292.0
88f79bf4cbb7f64d7bb74b1c01d3388a,1405/03/31,0.0,0.0,8827206.0
8bbc5bbccde546656d599555b9be64d9,1399/04/31,270781.66,472920.58,141463.68
8bbc5bbccde546656d599555b9be64d9,1399/05/31,331182.0,612269.21,139348.63
8bbc5bbccde546656d599555b9be64d9,1399/06/31,467769.0,795741.85,183472.64
8bbc5bbccde546656d599555b9be64d9,1399/07/30,594998.0,1005206.65,209464.8
8bbc5bbccde546656d599555b9be64d9,1399/08/30,694016.0,1195827.2,190620.55
8bbc5bbccde546656d599555b9be64d9,1399/09/30,785576.0,1302577.75,106750.55
8bbc5bbccde546656d599555b9be64d9,1399/10/30,892287.0,1426022.37,123444.62
8bbc5bbccde546656d599555b9be64d9,1399/11/30,1011833.0,1593405.65,167383.28
8bbc5bbccde546656d599555b9be64d9,1399/12/30,1129012.0,1792077.8,198672.15
8bbc5bbccde546656d599555b9be64d9,1400/01/31,76713.0,195741.0,195741.0
8bbc5bbccde546656d599555b9be64d9,1400/02/31,219428.0,440944.0,245203.0
8bbc5bbccde546656d599555b9be64d9,1400/03/31,331345.0,642535.0,201591.0
8bbc5bbccde546656d599555b9be64d9,1400/04/31,472920.0,843233.0,200698.0
8bbc5bbccde546656d599555b9be64d9,1400/05/31,612269.0,1099373.0,256140.0
8bbc5bbccde546656d599555b9be64d9,1400/06/31,795742.0,1448510.0,349137.0
8bbc5bbccde546656d599555b9be64d9,1400/07/30,1005206.0,1626422.0,177912.0
8bbc5bbccde546656d599555b9be64d9,1400/08/30,1195827.0,1834984.0,208562.0
8bbc5bbccde546656d599555b9be64d9,1400/09/30,1302578.0,2075402.0,240418.0
8bbc5bbccde546656d599555b9be64d9,1400/10/30,1426022.0,2197815.0,122413.0
8bbc5bbccde546656d599555b9be64d9,1400/11/30,1593406.0,2366548.0,168733.0
8bbc5bbccde546656d599555b9be64d9,1400/12/29,1791747.0,2650392.0,283844.0
8bbc5bbccde546656d599555b9be64d9,1401/01/31,195741.0,181575.0,181575.0
8bbc5bbccde546656d599555b9be64d9,1401/02/31,440944.0,384493.0,202918.0
8bbc5bbccde546656d599555b9be64d9,1401/03/31,642535.0,698557.0,314064.0
8bbc5bbccde546656d599555b9be64d9,1401/04/31,843236.0,1072818.0,374261.0
8bbc5bbccde546656d599555b9be64d9,1401/05/31,1099373.0,1392210.0,319392.0
8bbc5bbccde546656d599555b9be64d9,1401/06/31,1448510.0,1694176.0,301966.0
8bbc5bbccde546656d599555b9be64d9,1401/07/30,1626422.0,2013106.0,318930.0
8bbc5bbccde546656d599555b9be64d9,1401/08/30,1834984.0,2319695.0,306589.0
8bbc5bbccde546656d599555b9be64d9,1401/09/30,2075402.0,2649927.0,330232.0
8bbc5bbccde546656d599555b9be64d9,1401/10/30,2197815.0,2891579.0,241652.0
8bbc5bbccde546656d599555b9be64d9,1401/11/30,2366548.0,3165884.0,274305.0
8bbc5bbccde546656d599555b9be64d9,1401/12/29,2650392.0,3608225.0,442341.0
8bbc5bbccde546656d599555b9be64d9,1402/01/31,181575.0,355948.0,355948.0
8bbc5bbccde546656d599555b9be64d9,1402/02/31,384493.0,729227.0,373279.0
8bbc5bbccde546656d599555b9be64d9,1402/03/31,698557.0,1205747.0,476520.0
8bbc5bbccde546656d599555b9be64d9,1402/04/31,1072818.0,1630059.0,424312.0
8bbc5bbccde546656d599555b9be64d9,1402/05/31,1392210.0,2083651.0,453592.0
8bbc5bbccde546656d599555b9be64d9,1402/06/31,1694176.0,2578796.0,495145.0
8bbc5bbccde546656d599555b9be64d9,1402/07/30,2013106.0,3082229.0,503433.0
8bbc5bbccde546656d599555b9be64d9,1402/08/30,2319695.0,3632172.0,549943.0
8bbc5bbccde546656d599555b9be64d9,1402/09/30,2649927.0,4222939.0,590767.0
8bbc5bbccde546656d599555b9be64d9,1402/10/30,2891579.0,4752094.0,529155.0
8bbc5bbccde546656d599555b9be64d9,1402/11/30,3165884.0,5289330.0,537236.0
8bbc5bbccde546656d599555b9be64d9,1402/12/29,3608225.0,5716107.0,426777.0
8bbc5bbccde546656d599555b9be64d9,1403/01/31,355948.0,479423.0,479423.0
8bbc5bbccde546656d599555b9be64d9,1403/02/31,729227.0,1242941.0,763518.0
8bbc5bbccde546656d599555b9be64d9,1403/03/31,1205747.0,1935605.0,692664.0
8bbc5bbccde546656d599555b9be64d9,1403/04/31,1630059.0,2413126.0,477521.0
8bbc5bbccde546656d599555b9be64d9,1403/05/31,2083651.0,2793765.0,380639.0
8bbc5bbccde546656d599555b9be64d9,1403/06/31,2578796.0,3411754.0,617989.0
8bbc5bbccde546656d599555b9be64d9,1403/07/30,3082229.0,4246395.0,834641.0
8bbc5bbccde546656d599555b9be64d9,1403/08/30,3632172.0,5052898.0,806503.0
8bbc5bbccde546656d599555b9be64d9,1403/09/30,4222939.0,5500573.0,447675.0
8bbc5bbccde546656d599555b9be64d9,1403/10/30,4752094.0,5875064.0,374491.0
8bbc5bbccde546656d599555b9be64d9,1403/11/30,5289330.0,6532288.0,657224.0
8bbc5bbccde546656d599555b9be64d9,1403/12/30,5716107.0,7277304.0,745016.0
8bbc5bbccde546656d599555b9be64d9,1404/01/31,479423.0,718267.0,718267.0
8bbc5bbccde546656d599555b9be64d9,1404/02/31,1242942.0,1896403.0,1178136.0
8bbc5bbccde546656d599555b9be64d9,1404/03/31,1935605.0,2792994.0,896591.0
8bbc5bbccde546656d599555b9be64d9,1404/04/31,2413126.0,3699383.0,906389.0
8bbc5bbccde546656d599555b9be64d9,1404/05/31,2793766.0,5051398.0,1352015.0
8bbc5bbccde546656d599555b9be64d9,1404/06/31,3411754.0,6503019.0,1451621.0
8bbc5bbccde546656d599555b9be64d9,1404/07/30,4246395.0,8035575.0,1532556.0
8bbc5bbccde546656d599555b9be64d9,1404/08/30,5052898.0,9861209.0,1825634.0
8bbc5bbccde546656d599555b9be64d9,1404/09/30,5500573.0,11245821.0,1384612.0
8bbc5bbccde546656d599555b9be64d9,1404/10/30,5875065.0,12512685.0,1266864.0
8bbc5bbccde546656d599555b9be64d9,1404/11/30,6532288.0,13909226.0,1396541.0
8bbc5bbccde546656d599555b9be64d9,1404/12/29,7277304.0,15240368.0,1331142.0
8bbc5bbccde546656d599555b9be64d9,1405/01/31,718267.0,1342100.0,1342100.0
8bbc5bbccde546656d599555b9be64d9,1405/02/31,1896403.0,3400731.0,2058631.0
8bbc5bbccde546656d599555b9be64d9,1405/03/31,0.0,0.0,2248423.0
8bbc5bbccde546656d599555b9be64d9,1405/04/31,0.0,0.0,2339111.0
8bbc5bbccde546656d599555b9be64d9,1405/05/31,0.0,0.0,2600628.0
8bfd141901eaba0211578f174767f175,1399/10/30,1061901.0,1238213.0,1238213.0
8bfd141901eaba0211578f174767f175,1399/11/30,2182397.0,2741798.0,1503585.0
8bfd141901eaba0211578f174767f175,1399/12/30,3357802.0,4543096.0,1801298.0
8bfd141901eaba0211578f174767f175,1400/01/31,3954696.0,5643336.0,1100240.0
8bfd141901eaba0211578f174767f175,1400/02/31,5009622.0,7339018.0,1695682.0
8bfd141901eaba0211578f174767f175,1400/03/31,6028217.0,9023017.0,1683999.0
8bfd141901eaba0211578f174767f175,1400/04/31,7220261.0,10932117.0,1909100.0
8bfd141901eaba0211578f174767f175,1400/05/31,8528215.0,13118701.0,2186584.0
8bfd141901eaba0211578f174767f175,1400/06/31,9972119.0,15925840.0,2807139.0
8bfd141901eaba0211578f174767f175,1400/07/30,11605042.0,18070122.0,2144282.0
8bfd141901eaba0211578f174767f175,1400/08/30,13265647.0,20713763.0,2643641.0
8bfd141901eaba0211578f174767f175,1400/09/30,14783310.0,23558622.0,2844859.0
8bfd141901eaba0211578f174767f175,1400/10/30,1238213.0,2318869.0,2318869.0
8bfd141901eaba0211578f174767f175,1400/11/30,2741798.0,5419355.0,3100486.0
8bfd141901eaba0211578f174767f175,1400/12/29,4543096.0,8208603.0,2789248.0
8bfd141901eaba0211578f174767f175,1401/01/31,5643336.0,10332324.0,2123721.0
8bfd141901eaba0211578f174767f175,1401/02/31,7339018.0,13352076.0,3019752.0
8bfd141901eaba0211578f174767f175,1401/03/31,9023017.0,16365300.0,3013224.0
8bfd141901eaba0211578f174767f175,1401/04/31,10932117.0,19601439.0,3236139.0
8bfd141901eaba0211578f174767f175,1401/05/31,13118701.0,23554711.0,3953272.0
8bfd141901eaba0211578f174767f175,1401/06/31,15925840.0,27904566.0,4349855.0
8bfd141901eaba0211578f174767f175,1401/07/30,18070122.0,32814077.0,4909511.0
8bfd141901eaba0211578f174767f175,1401/08/30,20713763.0,38494335.0,5680258.0
8bfd141901eaba0211578f174767f175,1401/09/30,23558622.0,44021398.0,5527063.0
8bfd141901eaba0211578f174767f175,1401/10/30,2318869.0,5007479.0,5007479.0
8bfd141901eaba0211578f174767f175,1401/11/30,5419355.0,9671801.0,4664322.0
8bfd141901eaba0211578f174767f175,1401/12/29,8208603.0,15223330.0,5551529.0
8bfd141901eaba0211578f174767f175,1402/01/31,10332324.0,19137526.0,3914196.0
8bfd141901eaba0211578f174767f175,1402/02/31,13352076.0,25055002.0,5917476.0
8bfd141901eaba0211578f174767f175,1402/03/31,16365300.0,30409697.0,5354695.0
8bfd141901eaba0211578f174767f175,1402/04/31,19601439.0,35367149.0,4957452.0
8bfd141901eaba0211578f174767f175,1402/05/31,23554711.0,40865573.0,5498424.0
8bfd141901eaba0211578f174767f175,1402/06/31,27904566.0,46549776.0,5684203.0
8bfd141901eaba0211578f174767f175,1402/07/30,32814077.0,52291825.0,5742049.0
8bfd141901eaba0211578f174767f175,1402/08/30,38494335.0,59488288.0,7196463.0
8bfd141901eaba0211578f174767f175,1402/09/30,44021398.0,66350594.0,6862306.0
8bfd141901eaba0211578f174767f175,1402/10/30,5007479.0,6115821.0,6115821.0
8bfd141901eaba0211578f174767f175,1402/11/30,9671801.0,12465893.0,6350072.0
8bfd141901eaba0211578f174767f175,1402/12/29,15223330.0,20038810.0,7572917.0
8bfd141901eaba0211578f174767f175,1403/01/31,19137526.0,24387714.0,4348904.0
8bfd141901eaba0211578f174767f175,1403/02/31,25055002.0,32417998.0,8030284.0
8bfd141901eaba0211578f174767f175,1403/03/31,30409697.0,38827944.0,6409946.0
8bfd141901eaba0211578f174767f175,1403/04/31,35367149.0,44886635.0,6058691.0
8bfd141901eaba0211578f174767f175,1403/05/31,40865573.0,52626869.0,7740234.0
8bfd141901eaba0211578f174767f175,1403/06/31,46549776.0,58912406.0,6285537.0
8bfd141901eaba0211578f174767f175,1403/07/30,52291825.0,67512510.0,8600104.0
8bfd141901eaba0211578f174767f175,1403/08/30,59488288.0,76604966.0,9092456.0
8bfd141901eaba0211578f174767f175,1403/09/30,66350594.0,85932988.0,9328022.0
8bfd141901eaba0211578f174767f175,1403/10/30,6115821.0,11180442.0,11180442.0
8bfd141901eaba0211578f174767f175,1403/11/30,12465893.0,19728102.0,8547660.0
8bfd141901eaba0211578f174767f175,1403/12/30,20038810.0,30045922.0,10317820.0
8bfd141901eaba0211578f174767f175,1404/01/31,24387714.0,37991839.0,7945917.0
8bfd141901eaba0211578f174767f175,1404/02/31,32417998.0,49078910.0,11087071.0
8bfd141901eaba0211578f174767f175,1404/03/31,38827944.0,60714706.0,11635796.0
8bfd141901eaba0211578f174767f175,1404/04/31,44886635.0,71250378.0,10535672.0
8bfd141901eaba0211578f174767f175,1404/05/31,52626869.0,83449185.0,12198807.0
8bfd141901eaba0211578f174767f175,1404/06/31,58912406.0,95896355.0,12447170.0
8bfd141901eaba0211578f174767f175,1404/07/30,67512510.0,112934035.0,17037680.0
8bfd141901eaba0211578f174767f175,1404/08/30,76604966.0,126402863.0,13468828.0
8bfd141901eaba0211578f174767f175,1404/09/30,85932988.0,144178554.0,17775691.0
8bfd141901eaba0211578f174767f175,1404/10/30,11180442.0,16450881.0,16450881.0
8bfd141901eaba0211578f174767f175,1404/11/30,19728102.0,36086594.0,19635713.0
8bfd141901eaba0211578f174767f175,1404/12/29,30045922.0,53366289.0,17279695.0
8bfd141901eaba0211578f174767f175,1405/01/31,37991839.0,70547991.0,17181702.0
8bfd141901eaba0211578f174767f175,1405/02/31,49078910.0,100616716.0,30068725.0
8bfd141901eaba0211578f174767f175,1405/03/31,0.0,0.0,31795117.0
8bfd141901eaba0211578f174767f175,1405/04/31,0.0,0.0,22967210.0
8c179073bc41ee6b95d603feda98dafa,1399/01/31,379738.0,760355.0,760355.0
8c179073bc41ee6b95d603feda98dafa,1399/02/31,1144885.0,1923644.0,1163289.0
8c179073bc41ee6b95d603feda98dafa,1399/03/31,1816687.0,2923246.0,999602.0
8c179073bc41ee6b95d603feda98dafa,1399/04/31,2774368.0,4245297.0,1322051.0
8c179073bc41ee6b95d603feda98dafa,1399/05/31,3524730.0,5405252.0,1159955.0
8c179073bc41ee6b95d603feda98dafa,1399/06/31,4742406.0,6662731.0,1257479.0
8c179073bc41ee6b95d603feda98dafa,1399/07/30,5335752.0,7904091.0,1241360.0
8c179073bc41ee6b95d603feda98dafa,1399/08/30,5924631.0,9615303.0,1711212.0
8c179073bc41ee6b95d603feda98dafa,1399/09/30,6849131.0,11650152.0,2034849.0
8c179073bc41ee6b95d603feda98dafa,1399/10/30,7772478.0,14169992.0,2519840.0
8c179073bc41ee6b95d603feda98dafa,1399/11/30,8878195.0,16304839.0,2134847.0
8c179073bc41ee6b95d603feda98dafa,1399/12/30,10130258.0,18044123.0,2155127.0
8c179073bc41ee6b95d603feda98dafa,1400/01/31,760355.0,771063.0,771063.0
8c179073bc41ee6b95d603feda98dafa,1400/02/31,1923644.0,2072941.0,1301878.0
8c179073bc41ee6b95d603feda98dafa,1400/03/31,2923246.0,3431309.0,1358368.0
8c179073bc41ee6b95d603feda98dafa,1400/04/31,4245297.0,5882310.0,2451001.0
8c179073bc41ee6b95d603feda98dafa,1400/05/31,5405253.0,8118064.0,2235754.0
8c179073bc41ee6b95d603feda98dafa,1400/06/31,6669520.0,10860713.0,2742649.0
8c179073bc41ee6b95d603feda98dafa,1400/07/30,7904427.0,12258842.0,1690252.0
8c179073bc41ee6b95d603feda98dafa,1400/08/30,9615640.0,14410738.0,2151896.0
8c179073bc41ee6b95d603feda98dafa,1400/09/30,11650152.0,16132868.0,1722130.0
8c179073bc41ee6b95d603feda98dafa,1400/10/30,14169992.0,18156981.0,2024113.0
8c179073bc41ee6b95d603feda98dafa,1400/11/30,16304839.0,20484880.0,2327899.0
8c179073bc41ee6b95d603feda98dafa,1400/12/29,18044120.0,23112181.0,2627301.0
8c179073bc41ee6b95d603feda98dafa,1401/01/31,771063.0,1091189.0,1091189.0
8c179073bc41ee6b95d603feda98dafa,1401/02/31,2072941.0,3110894.0,2019705.0
8c179073bc41ee6b95d603feda98dafa,1401/03/31,3431309.0,5730428.0,2619534.0
8c179073bc41ee6b95d603feda98dafa,1401/04/31,5882310.0,8960473.0,3230045.0
8c179073bc41ee6b95d603feda98dafa,1401/05/31,8118064.0,12533696.0,3573223.0
8c179073bc41ee6b95d603feda98dafa,1401/06/31,10368587.0,15170068.0,3036588.0
8c179073bc41ee6b95d603feda98dafa,1401/07/30,12258842.0,17992252.0,2822174.0
8c179073bc41ee6b95d603feda98dafa,1401/08/30,14410738.0,21870502.0,3878250.0
8c179073bc41ee6b95d603feda98dafa,1401/09/30,15783623.0,25455243.0,3584741.0
8c179073bc41ee6b95d603feda98dafa,1401/10/30,18156981.0,29715940.0,4260697.0
8c179073bc41ee6b95d603feda98dafa,1401/11/30,20484880.0,34862360.0,5146420.0
8c179073bc41ee6b95d603feda98dafa,1401/12/29,23112181.0,37815619.0,3854662.0
8c179073bc41ee6b95d603feda98dafa,1402/01/31,1091189.0,2364535.0,2364535.0
8c179073bc41ee6b95d603feda98dafa,1402/02/31,3110894.0,6645094.0,4280559.0
8c179073bc41ee6b95d603feda98dafa,1402/03/31,5730428.0,10694662.0,4049568.0
8c179073bc41ee6b95d603feda98dafa,1402/04/31,8960473.0,14717203.0,4022541.0
8c179073bc41ee6b95d603feda98dafa,1402/05/31,12533696.0,18815845.0,4098642.0
8c179073bc41ee6b95d603feda98dafa,1402/06/31,15170068.0,22649011.0,3979327.0
8c179073bc41ee6b95d603feda98dafa,1402/07/30,17992252.0,27361497.0,4712486.0
8c179073bc41ee6b95d603feda98dafa,1402/08/30,21870502.0,32261542.0,4900045.0
8c179073bc41ee6b95d603feda98dafa,1402/09/30,25455243.0,37299940.0,5038398.0
8c179073bc41ee6b95d603feda98dafa,1402/10/30,29715940.0,42682927.0,5382987.0
8c179073bc41ee6b95d603feda98dafa,1402/11/30,34862360.0,48938822.0,6255895.0
8c179073bc41ee6b95d603feda98dafa,1402/12/29,37815619.0,55622077.0,6683255.0
8c179073bc41ee6b95d603feda98dafa,1403/01/31,2364535.0,3272294.0,3272294.0
8c179073bc41ee6b95d603feda98dafa,1403/02/31,6645094.0,9276670.0,6004376.0
8c179073bc41ee6b95d603feda98dafa,1403/03/31,10694662.0,15497285.0,6220615.0
8c179073bc41ee6b95d603feda98dafa,1403/04/31,14717203.0,20125907.0,4628622.0
8c179073bc41ee6b95d603feda98dafa,1403/05/31,18815845.0,25587856.0,5461949.0
8c179073bc41ee6b95d603feda98dafa,1403/06/31,22649011.0,32815669.0,7227813.0
8c179073bc41ee6b95d603feda98dafa,1403/07/30,27361497.0,40703089.0,7887420.0
8c179073bc41ee6b95d603feda98dafa,1403/08/30,32261542.0,48761357.0,8058268.0
8c179073bc41ee6b95d603feda98dafa,1403/09/30,37299940.0,56340951.0,7579594.0
8c179073bc41ee6b95d603feda98dafa,1403/10/30,42682927.0,64788343.0,8447392.0
8c179073bc41ee6b95d603feda98dafa,1403/11/30,48938822.0,75428490.0,10640147.0
8c179073bc41ee6b95d603feda98dafa,1404/02/31,9011777.0,19149453.0,14323515.0
8c179073bc41ee6b95d603feda98dafa,1404/03/31,15497285.0,28034558.0,8885105.0
8c179073bc41ee6b95d603feda98dafa,1404/04/31,20125907.0,40953258.0,12918700.0
8c179073bc41ee6b95d603feda98dafa,1404/05/31,25587856.0,53583698.0,12630440.0
8c179073bc41ee6b95d603feda98dafa,1404/06/31,32815669.0,65756461.0,12172763.0
8c179073bc41ee6b95d603feda98dafa,1404/07/30,40703089.0,79833895.0,14077434.0
8c179073bc41ee6b95d603feda98dafa,1404/08/30,48761357.0,94281632.0,14447737.0
8c179073bc41ee6b95d603feda98dafa,1404/09/30,56096505.0,108353843.0,14072211.0
8c179073bc41ee6b95d603feda98dafa,1404/10/30,64788343.0,125757262.0,17403419.0
8c179073bc41ee6b95d603feda98dafa,1404/11/30,75428490.0,152163413.0,26406151.0
8c179073bc41ee6b95d603feda98dafa,1404/12/29,85848942.0,165758321.0,13594908.0
8c179073bc41ee6b95d603feda98dafa,1405/01/31,4825938.0,5457704.0,5457704.0
8c179073bc41ee6b95d603feda98dafa,1405/02/31,19149453.0,28221838.0,22764134.0
8c179073bc41ee6b95d603feda98dafa,1405/03/31,0.0,0.0,29102054.0
8c179073bc41ee6b95d603feda98dafa,1405/04/31,0.0,0.0,25483609.0
8c179073bc41ee6b95d603feda98dafa,1405/05/31,0.0,0.0,23041998.0
8cf8f7ebb7a81d1f00229c19692d4f69,1400/01/31,85196.0,109215.0,109215.0
8cf8f7ebb7a81d1f00229c19692d4f69,1400/02/31,333487.0,293099.0,183884.0
8cf8f7ebb7a81d1f00229c19692d4f69,1400/03/31,501986.0,528507.0,235408.0
8cf8f7ebb7a81d1f00229c19692d4f69,1400/04/31,689786.0,842843.0,314336.0
8cf8f7ebb7a81d1f00229c19692d4f69,1400/05/31,862446.0,1124503.0,281660.0
8cf8f7ebb7a81d1f00229c19692d4f69,1400/06/31,1042301.0,1447578.0,323075.0
8cf8f7ebb7a81d1f00229c19692d4f69,1400/07/30,1235880.0,1810781.0,363203.0
8cf8f7ebb7a81d1f00229c19692d4f69,1400/08/30,1433430.0,2108870.0,298089.0
8cf8f7ebb7a81d1f00229c19692d4f69,1400/09/30,1664692.0,2406711.0,297841.0
8cf8f7ebb7a81d1f00229c19692d4f69,1400/10/30,211628.0,2694234.0,287523.0
8cf8f7ebb7a81d1f00229c19692d4f69,1400/11/30,2084397.0,2877498.0,183721.0
8cf8f7ebb7a81d1f00229c19692d4f69,1400/12/29,2162112.0,3187195.0,298723.0
8cf8f7ebb7a81d1f00229c19692d4f69,1401/01/31,109215.0,86886.0,86886.0
8cf8f7ebb7a81d1f00229c19692d4f69,1401/02/31,293098.0,216513.0,129627.0
8cf8f7ebb7a81d1f00229c19692d4f69,1401/03/31,528507.0,535987.0,319474.0
8cf8f7ebb7a81d1f00229c19692d4f69,1401/04/31,842842.0,544049.0,8062.0
8cf8f7ebb7a81d1f00229c19692d4f69,1401/05/31,1124503.0,584409.0,40360.0
8cf8f7ebb7a81d1f00229c19692d4f69,1401/06/31,1447578.0,1914580.0,1243708.0
8cf8f7ebb7a81d1f00229c19692d4f69,1401/07/30,1810782.0,3011073.0,1096493.0
8cf8f7ebb7a81d1f00229c19692d4f69,1401/08/30,2108871.0,3907227.0,896154.0
8cf8f7ebb7a81d1f00229c19692d4f69,1401/09/30,2406711.0,4783105.0,875878.0
8cf8f7ebb7a81d1f00229c19692d4f69,1401/10/30,2694234.0,6283884.0,1500779.0
8cf8f7ebb7a81d1f00229c19692d4f69,1401/11/30,2877498.0,7324989.0,1041105.0
8cf8f7ebb7a81d1f00229c19692d4f69,1401/12/29,3187195.0,8282950.0,957961.0
8cf8f7ebb7a81d1f00229c19692d4f69,1402/01/31,86886.0,707573.0,707573.0
8cf8f7ebb7a81d1f00229c19692d4f69,1402/02/31,216513.0,1105121.0,397548.0
8cf8f7ebb7a81d1f00229c19692d4f69,1402/03/31,535987.0,1685479.0,580358.0
8cf8f7ebb7a81d1f00229c19692d4f69,1402/04/31,544049.0,2276527.0,591048.0
8cf8f7ebb7a81d1f00229c19692d4f69,1402/05/31,584409.0,3201802.0,925275.0
8cf8f7ebb7a81d1f00229c19692d4f69,1402/06/31,1914580.0,3589193.0,387391.0
8cf8f7ebb7a81d1f00229c19692d4f69,1402/07/30,3011073.0,4317766.0,728573.0
8cf8f7ebb7a81d1f00229c19692d4f69,1402/08/30,3907227.0,5441012.0,1123246.0
8cf8f7ebb7a81d1f00229c19692d4f69,1402/09/30,4783105.0,7475443.0,2034430.0
8cf8f7ebb7a81d1f00229c19692d4f69,1402/10/30,6283884.0,9531728.0,2056285.0
8cf8f7ebb7a81d1f00229c19692d4f69,1402/11/30,7324989.0,10571591.0,1039863.0
8cf8f7ebb7a81d1f00229c19692d4f69,1402/12/29,8282950.0,11949618.0,1378027.0
8cf8f7ebb7a81d1f00229c19692d4f69,1403/01/31,707573.0,1039482.0,1039482.0
8cf8f7ebb7a81d1f00229c19692d4f69,1403/02/31,1105121.0,2651441.0,1611959.0
8cf8f7ebb7a81d1f00229c19692d4f69,1403/03/31,1685479.0,3853817.0,1211030.0
8cf8f7ebb7a81d1f00229c19692d4f69,1403/04/31,2276527.0,4787261.0,933444.0
8cf8f7ebb7a81d1f00229c19692d4f69,1403/05/31,3201802.0,6019277.0,1232016.0
8cf8f7ebb7a81d1f00229c19692d4f69,1403/06/31,3589193.0,7223752.0,1204475.0
8cf8f7ebb7a81d1f00229c19692d4f69,1403/07/30,4317766.0,9003905.0,1780153.0
8cf8f7ebb7a81d1f00229c19692d4f69,1403/08/30,5441012.0,10233285.0,1229380.0
8cf8f7ebb7a81d1f00229c19692d4f69,1403/09/30,7475443.0,11528439.0,1295154.0
8cf8f7ebb7a81d1f00229c19692d4f69,1403/10/30,9531728.0,12716398.0,1187959.0
8cf8f7ebb7a81d1f00229c19692d4f69,1403/11/30,10571591.0,14152746.0,1436348.0
8cf8f7ebb7a81d1f00229c19692d4f69,1403/12/30,11949618.0,15102625.0,951378.0
8cf8f7ebb7a81d1f00229c19692d4f69,1404/01/31,1039482.0,1505225.0,1505225.0
8cf8f7ebb7a81d1f00229c19692d4f69,1404/02/31,2651441.0,3359071.0,1853846.0
8cf8f7ebb7a81d1f00229c19692d4f69,1404/03/31,3853817.0,4821116.0,1462045.0
8cf8f7ebb7a81d1f00229c19692d4f69,1404/04/31,4787261.0,6192152.0,1371036.0
8cf8f7ebb7a81d1f00229c19692d4f69,1404/05/31,6019277.0,7419553.0,1227401.0
8cf8f7ebb7a81d1f00229c19692d4f69,1404/06/31,7223752.0,8731878.0,1312325.0
8cf8f7ebb7a81d1f00229c19692d4f69,1404/07/30,9003905.0,9843553.0,1111675.0
8cf8f7ebb7a81d1f00229c19692d4f69,1404/08/30,10233285.0,10626060.0,771402.0
8cf8f7ebb7a81d1f00229c19692d4f69,1404/09/30,11528439.0,11749680.0,1123620.0
8cf8f7ebb7a81d1f00229c19692d4f69,1404/10/30,12716398.0,12722037.0,972357.0
8cf8f7ebb7a81d1f00229c19692d4f69,1404/11/30,14152746.0,13901586.0,1179549.0
8cf8f7ebb7a81d1f00229c19692d4f69,1404/12/29,15102625.0,14401391.0,499805.0
8cf8f7ebb7a81d1f00229c19692d4f69,1405/01/31,1505225.0,703553.0,703553.0
8cf8f7ebb7a81d1f00229c19692d4f69,1405/02/31,3359071.0,1413412.0,709859.0
8cf8f7ebb7a81d1f00229c19692d4f69,1405/03/31,0.0,0.0,1844033.0
8cf8f7ebb7a81d1f00229c19692d4f69,1405/04/31,0.0,0.0,1850828.0
8cf8f7ebb7a81d1f00229c19692d4f69,1405/05/31,0.0,0.0,2514427.0
8ecb7116a860463b6dee7ca13dcf73ea,1399/01/31,337375.0,279479.0,279479.0
8ecb7116a860463b6dee7ca13dcf73ea,1399/02/31,606271.0,1109175.0,829696.0
8ecb7116a860463b6dee7ca13dcf73ea,1399/03/31,1558679.0,1987862.0,878687.0
8ecb7116a860463b6dee7ca13dcf73ea,1399/04/31,666531.0,3075579.0,1087717.0
8ecb7116a860463b6dee7ca13dcf73ea,1399/05/31,2900103.0,4101001.0,1025422.0
8ecb7116a860463b6dee7ca13dcf73ea,1399/06/31,3448745.0,5090270.0,989269.0
8ecb7116a860463b6dee7ca13dcf73ea,1399/07/30,3753430.0,6243463.0,1153193.0
8ecb7116a860463b6dee7ca13dcf73ea,1399/08/30,4185929.0,7615105.0,1371642.0
8ecb7116a860463b6dee7ca13dcf73ea,1399/09/30,4914302.0,9111482.0,1496377.0
8ecb7116a860463b6dee7ca13dcf73ea,1399/10/30,5511534.0,11142620.0,2031138.0
8ecb7116a860463b6dee7ca13dcf73ea,1399/11/30,6330621.0,12948947.0,1806327.0
8ecb7116a860463b6dee7ca13dcf73ea,1399/12/30,7072885.0,14360868.0,1411921.0
8ecb7116a860463b6dee7ca13dcf73ea,1400/01/31,279479.0,1348871.0,1348871.0
8ecb7116a860463b6dee7ca13dcf73ea,1400/02/31,1109175.0,3310367.0,1961496.0
8ecb7116a860463b6dee7ca13dcf73ea,1400/03/31,1987862.0,5208176.0,1897809.0
8ecb7116a860463b6dee7ca13dcf73ea,1400/04/31,3075579.0,7130671.0,1922495.0
8ecb7116a860463b6dee7ca13dcf73ea,1400/05/31,4101001.0,8771342.0,1640671.0
8ecb7116a860463b6dee7ca13dcf73ea,1400/06/31,5090270.0,11439462.0,2668120.0
8ecb7116a860463b6dee7ca13dcf73ea,1400/07/30,6243463.0,14083437.0,2643975.0
8ecb7116a860463b6dee7ca13dcf73ea,1400/08/30,7615105.0,16145928.0,2062491.0
8ecb7116a860463b6dee7ca13dcf73ea,1400/09/30,9111482.0,18174809.0,2028881.0
8ecb7116a860463b6dee7ca13dcf73ea,1400/10/30,11142620.0,19958131.0,1783322.0
8ecb7116a860463b6dee7ca13dcf73ea,1400/11/30,12948947.0,22270712.0,2312581.0
8ecb7116a860463b6dee7ca13dcf73ea,1400/12/29,14347943.0,24521918.0,2251206.0
8ecb7116a860463b6dee7ca13dcf73ea,1401/01/31,1348871.0,1640845.0,1640845.0
8ecb7116a860463b6dee7ca13dcf73ea,1401/02/31,3310367.0,4014276.0,2373431.0
8ecb7116a860463b6dee7ca13dcf73ea,1401/03/31,5208176.0,6951845.0,2937569.0
8ecb7116a860463b6dee7ca13dcf73ea,1401/04/31,7130671.0,9664137.0,2712292.0
8ecb7116a860463b6dee7ca13dcf73ea,1401/05/31,8771342.0,12275122.0,2610985.0
8ecb7116a860463b6dee7ca13dcf73ea,1401/06/31,11421926.0,14626613.0,2351491.0
8ecb7116a860463b6dee7ca13dcf73ea,1401/07/30,14083437.0,17318470.0,2540593.0
8ecb7116a860463b6dee7ca13dcf73ea,1401/08/30,16145928.0,19836144.0,2517674.0
8ecb7116a860463b6dee7ca13dcf73ea,1401/09/30,18174809.0,22705962.0,2869818.0
8ecb7116a860463b6dee7ca13dcf73ea,1401/10/30,19958131.0,25495894.0,2789932.0
8ecb7116a860463b6dee7ca13dcf73ea,1401/11/30,22270712.0,28472654.0,2976760.0
8ecb7116a860463b6dee7ca13dcf73ea,1401/12/29,24521918.0,31033876.0,3118493.0
8ecb7116a860463b6dee7ca13dcf73ea,1402/01/31,1647792.0,2374929.0,2374929.0
8ecb7116a860463b6dee7ca13dcf73ea,1402/02/31,4021293.0,6212444.0,3837515.0
8ecb7116a860463b6dee7ca13dcf73ea,1402/03/31,6951845.0,9500130.0,3287686.0
8ecb7116a860463b6dee7ca13dcf73ea,1402/04/31,9664137.0,12694892.0,3194762.0
8ecb7116a860463b6dee7ca13dcf73ea,1402/05/31,12275122.0,15662543.0,2967651.0
8ecb7116a860463b6dee7ca13dcf73ea,1402/06/31,14626613.0,18269724.0,2607181.0
8ecb7116a860463b6dee7ca13dcf73ea,1402/07/30,17318470.0,21210465.0,2940741.0
8ecb7116a860463b6dee7ca13dcf73ea,1402/08/30,19836144.0,24466370.0,3255905.0
8ecb7116a860463b6dee7ca13dcf73ea,1402/09/30,22705962.0,27146079.0,2679709.0
8ecb7116a860463b6dee7ca13dcf73ea,1402/10/30,25495894.0,30485769.0,3339690.0
8ecb7116a860463b6dee7ca13dcf73ea,1402/11/30,28472654.0,33677489.0,3191720.0
8ecb7116a860463b6dee7ca13dcf73ea,1402/12/29,31033876.0,36448826.0,2771337.0
8ecb7116a860463b6dee7ca13dcf73ea,1403/01/31,2374929.0,1323884.0,1323884.0
8ecb7116a860463b6dee7ca13dcf73ea,1403/02/31,6212444.0,5300977.0,3977093.0
8ecb7116a860463b6dee7ca13dcf73ea,1403/03/31,9500130.0,9122376.0,3821399.0
8ecb7116a860463b6dee7ca13dcf73ea,1403/04/31,12694892.0,12940706.0,3818330.0
8ecb7116a860463b6dee7ca13dcf73ea,1403/05/31,15662543.0,17309487.0,4368781.0
8ecb7116a860463b6dee7ca13dcf73ea,1403/06/31,18269724.0,20360454.0,3554315.0
8ecb7116a860463b6dee7ca13dcf73ea,1403/07/30,21210465.0,24677430.0,4316976.0
8ecb7116a860463b6dee7ca13dcf73ea,1403/08/30,24466370.0,29532292.0,4854862.0
8ecb7116a860463b6dee7ca13dcf73ea,1403/09/30,27146079.0,33487296.0,3955004.0
8ecb7116a860463b6dee7ca13dcf73ea,1403/10/30,30485769.0,38841063.0,5353767.0
8ecb7116a860463b6dee7ca13dcf73ea,1403/11/30,33677489.0,44433185.0,5592122.0
8ecb7116a860463b6dee7ca13dcf73ea,1403/12/30,36448826.0,50056943.0,6352811.0
8ecb7116a860463b6dee7ca13dcf73ea,1404/01/31,1323884.0,2925100.0,2925100.0
8ecb7116a860463b6dee7ca13dcf73ea,1404/02/31,5300977.0,8299112.0,5374012.0
8ecb7116a860463b6dee7ca13dcf73ea,1404/03/31,9122376.0,12524653.0,4225541.0
8ecb7116a860463b6dee7ca13dcf73ea,1404/04/31,12940706.0,16180546.0,3655893.0
8ecb7116a860463b6dee7ca13dcf73ea,1404/05/31,17309487.0,19676515.0,3495969.0
8ecb7116a860463b6dee7ca13dcf73ea,1404/06/31,20863802.0,24604839.0,4928324.0
8ecb7116a860463b6dee7ca13dcf73ea,1404/07/30,32442559.0,7837720.0,24604839.0
8ecb7116a860463b6dee7ca13dcf73ea,1404/08/30,29534036.0,39230037.0,6787478.0
8ecb7116a860463b6dee7ca13dcf73ea,1404/09/30,33487296.0,47238869.0,8008832.0
8ecb7116a860463b6dee7ca13dcf73ea,1404/10/30,38841063.0,56676187.0,9437318.0
8ecb7116a860463b6dee7ca13dcf73ea,1404/11/30,44458402.0,66028376.0,9352189.0
8ecb7116a860463b6dee7ca13dcf73ea,1404/12/29,50056943.0,70518730.0,4490354.0
8ecb7116a860463b6dee7ca13dcf73ea,1405/01/31,2925100.0,4177144.0,4177144.0
8ecb7116a860463b6dee7ca13dcf73ea,1405/02/31,8299112.0,15940594.0,11763450.0
8ecb7116a860463b6dee7ca13dcf73ea,1405/03/31,0.0,0.0,8318104.0
8ecb7116a860463b6dee7ca13dcf73ea,1405/04/31,0.0,0.0,7656959.0
8ecb7116a860463b6dee7ca13dcf73ea,1405/05/31,0.0,0.0,8734413.0
8f0d3b9ed3bb17e93db23268de21bd69,1399/11/30,198651129.0,367496234.0,45467924.0
8f0d3b9ed3bb17e93db23268de21bd69,1399/12/30,228693791.0,439611703.0,72115469.0
8f0d3b9ed3bb17e93db23268de21bd69,1400/01/31,3863538.0,44731694.0,44731694.0
8f0d3b9ed3bb17e93db23268de21bd69,1400/02/31,17967814.0,66214267.0,21482573.0
8f0d3b9ed3bb17e93db23268de21bd69,1400/03/31,45101364.0,113963945.0,47749678.0
8f0d3b9ed3bb17e93db23268de21bd69,1400/04/31,113963945.0,174878459.0,60914514.0
8f0d3b9ed3bb17e93db23268de21bd69,1400/05/31,92693097.0,219994697.0,45116238.0
8f0d3b9ed3bb17e93db23268de21bd69,1400/06/31,132359266.0,263332882.0,43338185.0
8f0d3b9ed3bb17e93db23268de21bd69,1400/07/30,168664692.0,317653470.0,54320588.0
8f0d3b9ed3bb17e93db23268de21bd69,1400/09/30,272728467.0,447347478.0,59409461.0
8f0d3b9ed3bb17e93db23268de21bd69,1400/10/30,322028310.0,545216676.0,97869198.0
8f0d3b9ed3bb17e93db23268de21bd69,1400/11/30,367496234.0,606581505.0,61364829.0
8f0d3b9ed3bb17e93db23268de21bd69,1400/12/29,670802591.0,1098571317.0,492006182.0
8f0d3b9ed3bb17e93db23268de21bd69,1401/01/31,44731694.0,62760878.0,62760878.0
8f0d3b9ed3bb17e93db23268de21bd69,1401/02/31,66214267.0,153578325.0,90817447.0
8f0d3b9ed3bb17e93db23268de21bd69,1401/03/31,194469091.0,422390274.0,184301545.0
8f0d3b9ed3bb17e93db23268de21bd69,1401/04/31,174133345.0,514223980.0,91833706.0
8f0d3b9ed3bb17e93db23268de21bd69,1401/05/31,219994697.0,608344728.0,94120748.0
8f0d3b9ed3bb17e93db23268de21bd69,1401/06/31,464379607.0,798881428.0,190536700.0
8f0d3b9ed3bb17e93db23268de21bd69,1401/07/30,518700195.0,887633799.0,109280650.0
8f0d3b9ed3bb17e93db23268de21bd69,1401/08/30,588984742.0,1004677608.0,137572087.0
8f0d3b9ed3bb17e93db23268de21bd69,1401/09/30,742360021.0,1284271445.0,279595037.0
8f0d3b9ed3bb17e93db23268de21bd69,1401/10/30,840277645.0,1410030794.0,125759349.0
8f0d3b9ed3bb17e93db23268de21bd69,1401/11/30,901642474.0,1563605173.0,153574379.0
8f0d3b9ed3bb17e93db23268de21bd69,1401/12/29,1098571317.0,1881503420.0,295052189.0
8f0d3b9ed3bb17e93db23268de21bd69,1402/01/31,62760878.0,40789816.0,40789816.0
8f0d3b9ed3bb17e93db23268de21bd69,1402/02/31,153578325.0,185139506.0,144342254.0
8f0d3b9ed3bb17e93db23268de21bd69,1402/03/31,422390274.0,535606884.0,350467378.0
8f0d3b9ed3bb17e93db23268de21bd69,1402/04/31,514223980.0,723678123.0,188071239.0
8f0d3b9ed3bb17e93db23268de21bd69,1402/05/31,608344728.0,807208378.0,91579697.0
8f0d3b9ed3bb17e93db23268de21bd69,1402/06/31,798881428.0,1128299834.0,324941082.0
8f0d3b9ed3bb17e93db23268de21bd69,1402/07/30,887633799.0,1317708828.0,189408994.0
8f0d3b9ed3bb17e93db23268de21bd69,1402/08/30,1004677608.0,1566620827.0,248494109.0
8f0d3b9ed3bb17e93db23268de21bd69,1402/09/30,1284271445.0,1796441937.0,254928194.0
8f0d3b9ed3bb17e93db23268de21bd69,1402/10/30,1410030794.0,2045104749.0,248662812.0
8f0d3b9ed3bb17e93db23268de21bd69,1402/11/30,1563605173.0,2267866691.0,222761852.0
8f0d3b9ed3bb17e93db23268de21bd69,1402/12/29,1881503420.0,2540145669.0,232963928.0
8f0d3b9ed3bb17e93db23268de21bd69,1403/01/31,40797252.0,112672640.0,112672640.0
8f0d3b9ed3bb17e93db23268de21bd69,1403/02/31,292566567.0,369140522.0,246662224.0
8f0d3b9ed3bb17e93db23268de21bd69,1403/03/31,535606884.0,645090258.0,275949736.0
8f0d3b9ed3bb17e93db23268de21bd69,1403/04/31,723678123.0,913027123.0,267936865.0
8f0d3b9ed3bb17e93db23268de21bd69,1403/05/31,807208378.0,1147576347.0,234549224.0
8f0d3b9ed3bb17e93db23268de21bd69,1403/06/31,1128299834.0,1394001949.0,239757188.0
8f0d3b9ed3bb17e93db23268de21bd69,1403/07/30,1317708828.0,1674998573.0,280996624.0
8f0d3b9ed3bb17e93db23268de21bd69,1403/08/30,1566620827.0,1920461156.0,245462583.0
8f0d3b9ed3bb17e93db23268de21bd69,1403/09/30,1796441937.0,2171778353.0,250587341.0
8f0d3b9ed3bb17e93db23268de21bd69,1403/10/30,2045104749.0,2469681480.0,297903127.0
8f0d3b9ed3bb17e93db23268de21bd69,1403/11/30,2267866691.0,2871740725.0,402059245.0
8f0d3b9ed3bb17e93db23268de21bd69,1403/12/30,2540145669.0,3305372184.0,433631459.0
8f0d3b9ed3bb17e93db23268de21bd69,1404/01/31,112672640.0,189951157.0,189951157.0
8f0d3b9ed3bb17e93db23268de21bd69,1404/04/31,913027123.0,1195586984.0,276100367.0
8f0d3b9ed3bb17e93db23268de21bd69,1404/05/31,1147576347.0,1586495455.0,390908471.0
8f0d3b9ed3bb17e93db23268de21bd69,1404/06/31,1394001949.0,2107340900.0,520845445.0
8f0d3b9ed3bb17e93db23268de21bd69,1404/07/30,1674998573.0,2602047257.0,480807268.0
8f0d3b9ed3bb17e93db23268de21bd69,1404/08/30,1920461156.0,3164552261.0,562505004.0
8f0d3b9ed3bb17e93db23268de21bd69,1404/09/30,2171778353.0,3708788739.0,544236478.0
8f0d3b9ed3bb17e93db23268de21bd69,1404/10/30,2469681480.0,4218115989.0,509327250.0
8f0d3b9ed3bb17e93db23268de21bd69,1404/11/30,2871740725.0,4754697465.0,536575826.0
8f0d3b9ed3bb17e93db23268de21bd69,1404/12/29,3315356109.0,5102460527.0,347763062.0
8f0d3b9ed3bb17e93db23268de21bd69,1405/01/31,189951157.0,152396194.0,152396194.0
8f0d3b9ed3bb17e93db23268de21bd69,1405/03/31,0.0,0.0,429244503.0
8f0d3b9ed3bb17e93db23268de21bd69,1405/04/31,0.0,0.0,679869813.0
8fd34057fd7ca66b3cbf6590fabf6582,1399/10/30,9054179.0,21598076.0,3263508.0
8fd34057fd7ca66b3cbf6590fabf6582,1399/11/30,10798690.0,24798739.0,3200663.0
8fd34057fd7ca66b3cbf6590fabf6582,1399/12/30,11950960.0,27555094.0,2752734.0
8fd34057fd7ca66b3cbf6590fabf6582,1400/01/31,420958.0,2503800.0,2503800.0
8fd34057fd7ca66b3cbf6590fabf6582,1400/02/31,1977255.0,6698509.0,4194709.0
8fd34057fd7ca66b3cbf6590fabf6582,1400/03/31,3751424.0,11675581.0,4977072.0
8fd34057fd7ca66b3cbf6590fabf6582,1400/04/31,6222661.0,14766523.0,3090942.0
8fd34057fd7ca66b3cbf6590fabf6582,1400/05/31,8069029.0,18413849.0,3647326.0
8fd34057fd7ca66b3cbf6590fabf6582,1400/06/31,9964295.0,22374000.0,3960151.0
8fd34057fd7ca66b3cbf6590fabf6582,1400/07/30,13049827.0,26614548.0,4439086.0
8fd34057fd7ca66b3cbf6590fabf6582,1400/08/30,15755518.0,31552487.0,4937939.0
8fd34057fd7ca66b3cbf6590fabf6582,1400/09/30,18334568.0,38171784.0,6619297.0
8fd34057fd7ca66b3cbf6590fabf6582,1400/10/30,21598076.0,44208703.0,6023935.0
8fd34057fd7ca66b3cbf6590fabf6582,1400/11/30,24802360.0,47379528.0,3170825.0
8fd34057fd7ca66b3cbf6590fabf6582,1400/12/29,27555094.0,52556684.0,5177156.0
8fd34057fd7ca66b3cbf6590fabf6582,1401/01/31,2503800.0,3771787.0,3771787.0
8fd34057fd7ca66b3cbf6590fabf6582,1401/02/31,6698509.0,8824756.0,5052969.0
8fd34057fd7ca66b3cbf6590fabf6582,1401/03/31,11675581.0,13292305.0,4467549.0
8fd34057fd7ca66b3cbf6590fabf6582,1401/04/31,14766523.0,16864606.0,3572301.0
8fd34057fd7ca66b3cbf6590fabf6582,1401/05/31,18413849.0,20176938.0,3312332.0
8fd34057fd7ca66b3cbf6590fabf6582,1401/06/31,22175462.0,23674611.0,3497673.0
8fd34057fd7ca66b3cbf6590fabf6582,1401/07/30,26614548.0,26543012.0,2868401.0
8fd34057fd7ca66b3cbf6590fabf6582,1401/08/30,31552487.0,30850077.0,4306009.0
8fd34057fd7ca66b3cbf6590fabf6582,1401/09/30,38171784.0,34664555.0,3814478.0
8fd34057fd7ca66b3cbf6590fabf6582,1401/10/30,44208703.0,39220882.0,4556327.0
8fd34057fd7ca66b3cbf6590fabf6582,1401/11/30,47379528.0,46332390.0,7111508.0
8fd34057fd7ca66b3cbf6590fabf6582,1401/12/29,52556684.0,53579357.0,7207387.0
8fd34057fd7ca66b3cbf6590fabf6582,1402/01/31,3771787.0,3618204.0,3618204.0
8fd34057fd7ca66b3cbf6590fabf6582,1402/02/31,8824756.0,10772320.0,7154116.0
8fd34057fd7ca66b3cbf6590fabf6582,1402/03/31,13292305.0,16518889.0,5759211.0
8fd34057fd7ca66b3cbf6590fabf6582,1402/04/31,16864606.0,22786383.0,6267494.0
8fd34057fd7ca66b3cbf6590fabf6582,1402/05/31,20176938.0,28881516.0,6095133.0
8fd34057fd7ca66b3cbf6590fabf6582,1402/06/31,23674611.0,33300984.0,4419468.0
8fd34057fd7ca66b3cbf6590fabf6582,1402/07/30,26544068.0,36870214.0,3569230.0
8fd34057fd7ca66b3cbf6590fabf6582,1402/08/30,30850077.0,41460330.0,4590116.0
8fd34057fd7ca66b3cbf6590fabf6582,1402/09/30,34664555.0,44093065.0,2633874.0
8fd34057fd7ca66b3cbf6590fabf6582,1402/10/30,39220882.0,47714287.0,3621222.0
8fd34057fd7ca66b3cbf6590fabf6582,1402/11/30,46371970.0,53510879.0,5796592.0
8fd34057fd7ca66b3cbf6590fabf6582,1402/12/29,53579357.0,61847726.0,8336847.0
8fd34057fd7ca66b3cbf6590fabf6582,1403/01/31,3618204.0,4330770.0,4330770.0
8fd34057fd7ca66b3cbf6590fabf6582,1403/02/31,10759678.0,11608690.0,7277920.0
8fd34057fd7ca66b3cbf6590fabf6582,1403/03/31,16518889.0,17987187.0,6378497.0
8fd34057fd7ca66b3cbf6590fabf6582,1403/04/31,22786383.0,25768816.0,7781629.0
8fd34057fd7ca66b3cbf6590fabf6582,1403/05/31,28881516.0,32291586.0,6522770.0
8fd34057fd7ca66b3cbf6590fabf6582,1403/06/31,33300984.0,35915784.0,3624198.0
8fd34057fd7ca66b3cbf6590fabf6582,1403/07/30,41460330.0,41634271.0,5718487.0
8fd34057fd7ca66b3cbf6590fabf6582,1403/08/30,41460330.0,49202812.0,7568541.0
8fd34057fd7ca66b3cbf6590fabf6582,1403/09/30,44093065.0,56302799.0,7099987.0
8fd34057fd7ca66b3cbf6590fabf6582,1403/10/30,47714287.0,62735441.0,6432642.0
8fd34057fd7ca66b3cbf6590fabf6582,1403/11/30,53510879.0,74699340.0,11963899.0
8fd34057fd7ca66b3cbf6590fabf6582,1403/12/30,61847726.0,81683052.0,6983712.0
8fd34057fd7ca66b3cbf6590fabf6582,1404/01/31,4330770.0,4831300.0,4831300.0
8fd34057fd7ca66b3cbf6590fabf6582,1404/02/31,11608690.0,11046105.0,6214805.0
8fd34057fd7ca66b3cbf6590fabf6582,1404/03/31,17987187.0,17633820.0,6587715.0
8fd34057fd7ca66b3cbf6590fabf6582,1404/04/31,25768816.0,23813582.0,6179762.0
8fd34057fd7ca66b3cbf6590fabf6582,1404/05/31,32291586.0,31090754.0,7277172.0
8fd34057fd7ca66b3cbf6590fabf6582,1404/06/31,35915784.0,41261206.0,10170452.0
8fd34057fd7ca66b3cbf6590fabf6582,1404/07/30,41634271.0,52058962.0,10847159.0
8fd34057fd7ca66b3cbf6590fabf6582,1404/08/30,49202812.0,61318395.0,9259433.0
8fd34057fd7ca66b3cbf6590fabf6582,1404/09/30,56302799.0,71404892.0,10086497.0
8fd34057fd7ca66b3cbf6590fabf6582,1404/10/30,62735441.0,81242400.0,9837508.0
8fd34057fd7ca66b3cbf6590fabf6582,1405/01/31,0.0,0.0,2992123.0
8fd34057fd7ca66b3cbf6590fabf6582,1405/02/31,0.0,0.0,11545055.0
8fd34057fd7ca66b3cbf6590fabf6582,1405/03/31,0.0,0.0,12993270.0
8fd34057fd7ca66b3cbf6590fabf6582,1405/04/31,0.0,0.0,16163710.0
8fd34057fd7ca66b3cbf6590fabf6582,1405/05/31,0.0,0.0,15534410.0
8fd65ccbe666396e87271af7cc74b33f,1399/09/30,997193.0,2130242.0,311744.0
8fd65ccbe666396e87271af7cc74b33f,1399/10/30,1119606.0,2389094.0,258852.0
8fd65ccbe666396e87271af7cc74b33f,1399/11/30,1244600.0,2699668.0,310574.0
8fd65ccbe666396e87271af7cc74b33f,1399/12/30,1355089.0,3021502.0,361834.0
8fd65ccbe666396e87271af7cc74b33f,1400/01/31,9538.0,101902.0,101902.0
8fd65ccbe666396e87271af7cc74b33f,1400/02/31,176750.0,415209.0,313307.0
8fd65ccbe666396e87271af7cc74b33f,1400/03/31,330561.0,762210.0,347001.0
8fd65ccbe666396e87271af7cc74b33f,1400/04/31,586247.0,1099445.0,337235.0
8fd65ccbe666396e87271af7cc74b33f,1400/05/31,897433.0,1465761.0,366316.0
8fd65ccbe666396e87271af7cc74b33f,1400/06/31,1137191.0,1879543.0,413782.0
8fd65ccbe666396e87271af7cc74b33f,1400/07/30,1473061.0,2327769.0,448226.0
8fd65ccbe666396e87271af7cc74b33f,1400/08/30,1818498.0,2736457.0,408688.0
8fd65ccbe666396e87271af7cc74b33f,1400/09/30,2130242.0,3220038.0,483581.0
8fd65ccbe666396e87271af7cc74b33f,1400/10/30,2389094.0,3721537.0,501499.0
8fd65ccbe666396e87271af7cc74b33f,1400/11/30,2864836.0,4180921.0,459384.0
8fd65ccbe666396e87271af7cc74b33f,1400/12/29,3012701.0,4744386.0,562458.0
8fd65ccbe666396e87271af7cc74b33f,1401/01/31,105510.0,254458.0,254458.0
8fd65ccbe666396e87271af7cc74b33f,1401/02/31,447976.0,860181.0,605723.0
8fd65ccbe666396e87271af7cc74b33f,1401/03/31,762210.0,1502564.0,642383.0
8fd65ccbe666396e87271af7cc74b33f,1401/04/31,1099445.0,2050402.0,547838.0
8fd65ccbe666396e87271af7cc74b33f,1401/05/31,1564895.0,2687134.0,636732.0
8fd65ccbe666396e87271af7cc74b33f,1401/06/31,1844497.0,3265278.0,603818.0
8fd65ccbe666396e87271af7cc74b33f,1401/07/30,2327769.0,3905545.0,640267.0
8fd65ccbe666396e87271af7cc74b33f,1401/08/30,2736457.0,4533726.0,628181.0
8fd65ccbe666396e87271af7cc74b33f,1401/09/30,3220038.0,5219200.0,685474.0
8fd65ccbe666396e87271af7cc74b33f,1401/10/30,3721537.0,5897871.0,678671.0
8fd65ccbe666396e87271af7cc74b33f,1401/11/30,254458.0,669469.0,669469.0
8fd65ccbe666396e87271af7cc74b33f,1401/12/29,860181.0,1851457.0,1181988.0
8fd65ccbe666396e87271af7cc74b33f,1402/01/31,1502564.0,2108201.0,256744.0
8fd65ccbe666396e87271af7cc74b33f,1402/02/31,2050402.0,3047753.0,939552.0
8fd65ccbe666396e87271af7cc74b33f,1402/03/31,2687134.0,4295962.0,1248209.0
8fd65ccbe666396e87271af7cc74b33f,1402/04/31,3265278.0,5175052.0,958442.0
8fd65ccbe666396e87271af7cc74b33f,1402/05/31,3905545.0,6007336.0,832284.0
8fd65ccbe666396e87271af7cc74b33f,1402/06/31,4533726.0,6990992.0,983656.0
8fd65ccbe666396e87271af7cc74b33f,1402/07/30,5219200.0,7926033.0,935041.0
8fd65ccbe666396e87271af7cc74b33f,1402/08/30,5834044.0,8731516.0,805483.0
8fd65ccbe666396e87271af7cc74b33f,1402/09/30,5834044.0,9728451.0,996935.0
8fd65ccbe666396e87271af7cc74b33f,1402/10/30,5834044.0,10414688.0,686237.0
8fd65ccbe666396e87271af7cc74b33f,1402/11/30,669469.0,1001531.0,1001531.0
8fd65ccbe666396e87271af7cc74b33f,1402/12/29,1851457.0,2324239.0,1322708.0
8fd65ccbe666396e87271af7cc74b33f,1403/01/31,2108201.0,2422464.0,98225.0
8fd65ccbe666396e87271af7cc74b33f,1403/02/31,3047753.0,3593255.0,1170791.0
8fd65ccbe666396e87271af7cc74b33f,1403/03/31,4295962.0,4637653.0,1044398.0
8fd65ccbe666396e87271af7cc74b33f,1403/04/31,5175052.0,5755562.0,851110.0
8fd65ccbe666396e87271af7cc74b33f,1403/05/31,6007336.0,6312683.0,557121.0
8fd65ccbe666396e87271af7cc74b33f,1403/06/31,6990992.0,7295677.0,982994.0
8fd65ccbe666396e87271af7cc74b33f,1403/07/30,7926033.0,8442085.0,1146408.0
8fd65ccbe666396e87271af7cc74b33f,1403/08/30,8731516.0,9558123.0,1116038.0
8fd65ccbe666396e87271af7cc74b33f,1403/09/30,9728451.0,10452327.0,894204.0
8fd65ccbe666396e87271af7cc74b33f,1403/10/30,10414688.0,11971405.0,1160169.0
8fd65ccbe666396e87271af7cc74b33f,1403/11/30,1001531.0,1502339.0,1502339.0
8fd65ccbe666396e87271af7cc74b33f,1403/12/30,2324239.0,2905947.0,1403608.0
8fd65ccbe666396e87271af7cc74b33f,1404/01/31,2422464.0,3677348.0,771401.0
8fd65ccbe666396e87271af7cc74b33f,1404/02/31,3593255.0,5253741.0,1576393.0
8fd65ccbe666396e87271af7cc74b33f,1404/03/31,4637655.0,6591580.0,1337839.0
8fd65ccbe666396e87271af7cc74b33f,1404/04/31,5755562.0,8187834.0,1483905.0
8fd65ccbe666396e87271af7cc74b33f,1404/05/31,6312683.0,9877741.0,1689907.0
8fd65ccbe666396e87271af7cc74b33f,1404/06/31,7295677.0,11895610.0,2017869.0
8fd65ccbe666396e87271af7cc74b33f,1404/07/30,8528816.0,14046492.0,2150882.0
8fd65ccbe666396e87271af7cc74b33f,1404/08/30,9558123.0,15810450.0,515235.0
8fd65ccbe666396e87271af7cc74b33f,1404/09/30,10452327.0,17607139.0,1796689.0
8fd65ccbe666396e87271af7cc74b33f,1404/10/30,11971405.0,19401648.0,1794509.0
8fd65ccbe666396e87271af7cc74b33f,1404/11/30,1502339.0,2597039.0,2597039.0
8fd65ccbe666396e87271af7cc74b33f,1404/12/29,2905947.0,4291293.0,1694254.0
8fd65ccbe666396e87271af7cc74b33f,1405/01/31,3677348.0,6351259.0,2054405.0
8fd65ccbe666396e87271af7cc74b33f,1405/02/31,5253741.0,9702483.0,3351224.0
8fd65ccbe666396e87271af7cc74b33f,1405/03/31,0.0,0.0,2752593.0
8fd65ccbe666396e87271af7cc74b33f,1405/04/31,0.0,0.0,3331872.0
9014071d39f25d22b48f82c550918f60,1399/03/31,142667.0,209279.0,79915.0
9014071d39f25d22b48f82c550918f60,1399/04/31,175228.0,281463.0,75844.0
9014071d39f25d22b48f82c550918f60,1399/05/31,225080.0,364117.0,81023.0
9014071d39f25d22b48f82c550918f60,1399/06/31,309450.0,455426.0,91309.0
9014071d39f25d22b48f82c550918f60,1399/07/30,336761.0,539803.0,84377.0
9014071d39f25d22b48f82c550918f60,1399/08/30,390990.0,643241.0,103438.0
9014071d39f25d22b48f82c550918f60,1399/09/30,497796.0,735155.0,91415.0
9014071d39f25d22b48f82c550918f60,1399/10/30,545962.0,814385.0,91514.0
9014071d39f25d22b48f82c550918f60,1399/11/30,604544.0,918029.0,103644.0
9014071d39f25d22b48f82c550918f60,1399/12/30,657007.0,1024269.0,106240.0
9014071d39f25d22b48f82c550918f60,1400/01/31,70071.0,111694.0,111694.0
9014071d39f25d22b48f82c550918f60,1400/02/31,127604.0,218492.0,106798.0
9014071d39f25d22b48f82c550918f60,1400/03/31,205619.0,326613.0,108121.0
9014071d39f25d22b48f82c550918f60,1400/04/31,283094.0,494030.0,119131.0
9014071d39f25d22b48f82c550918f60,1400/05/31,364117.0,619893.0,121532.0
9014071d39f25d22b48f82c550918f60,1400/06/31,455426.0,778234.0,158341.0
9014071d39f25d22b48f82c550918f60,1400/07/30,539803.0,983388.0,183599.0
9014071d39f25d22b48f82c550918f60,1400/08/30,643740.0,1121410.0,138022.0
9014071d39f25d22b48f82c550918f60,1400/09/30,722871.0,1266618.0,145208.0
9014071d39f25d22b48f82c550918f60,1400/10/30,814385.0,1435293.0,150002.0
9014071d39f25d22b48f82c550918f60,1400/11/30,918029.0,1587474.0,152181.0
9014071d39f25d22b48f82c550918f60,1400/12/29,1024269.0,1733178.0,145704.0
9014071d39f25d22b48f82c550918f60,1401/01/31,111694.0,141779.0,141779.0
9014071d39f25d22b48f82c550918f60,1401/02/31,218492.0,317157.0,162628.0
9014071d39f25d22b48f82c550918f60,1401/03/31,374899.0,677950.0,339285.0
9014071d39f25d22b48f82c550918f60,1401/04/31,479056.0,1025772.0,323086.0
9014071d39f25d22b48f82c550918f60,1401/05/31,602452.0,1326353.0,300581.0
9014071d39f25d22b48f82c550918f60,1401/06/31,799790.0,1633505.0,307152.0
9014071d39f25d22b48f82c550918f60,1401/07/30,983388.0,1860944.0,300873.0
9014071d39f25d22b48f82c550918f60,1401/08/30,1126438.0,2225509.0,364565.0
9014071d39f25d22b48f82c550918f60,1401/09/30,1285291.0,2551244.0,325735.0
9014071d39f25d22b48f82c550918f60,1401/10/30,1285291.0,2895934.0,341379.0
9014071d39f25d22b48f82c550918f60,1401/11/30,1532809.0,3246886.0,350952.0
9014071d39f25d22b48f82c550918f60,1401/12/29,1730932.0,3564180.0,317294.0
9014071d39f25d22b48f82c550918f60,1402/01/31,141779.0,327011.0,327011.0
9014071d39f25d22b48f82c550918f60,1402/02/31,299457.0,700955.0,373944.0
9014071d39f25d22b48f82c550918f60,1402/03/31,637900.0,1137634.0,436679.0
9014071d39f25d22b48f82c550918f60,1402/04/31,1025772.0,1631304.0,430058.0
9014071d39f25d22b48f82c550918f60,1402/05/31,1326353.0,2026403.0,395099.0
9014071d39f25d22b48f82c550918f60,1402/06/31,1633505.0,2466651.0,440248.0
9014071d39f25d22b48f82c550918f60,1402/07/30,1718709.0,2892860.0,426209.0
9014071d39f25d22b48f82c550918f60,1402/08/30,2222384.0,3312112.0,419252.0
9014071d39f25d22b48f82c550918f60,1402/09/30,2345515.0,3756713.0,444601.0
9014071d39f25d22b48f82c550918f60,1402/10/30,2895934.0,4210970.0,454257.0
9014071d39f25d22b48f82c550918f60,1402/11/30,3246886.0,4709059.0,498089.0
9014071d39f25d22b48f82c550918f60,1402/12/29,3564180.0,5166298.0,457239.0
9014071d39f25d22b48f82c550918f60,1403/01/31,327011.0,504712.0,504712.0
9014071d39f25d22b48f82c550918f60,1403/02/31,700955.0,989970.0,485258.0
9014071d39f25d22b48f82c550918f60,1403/03/31,1118634.0,1515179.0,525209.0
9014071d39f25d22b48f82c550918f60,1403/04/31,1631304.0,1996077.0,480898.0
9014071d39f25d22b48f82c550918f60,1403/05/31,2026403.0,2491699.0,495622.0
9014071d39f25d22b48f82c550918f60,1403/06/31,2466651.0,3056852.0,565153.0
9014071d39f25d22b48f82c550918f60,1403/07/30,2892860.0,3673296.0,616444.0
9014071d39f25d22b48f82c550918f60,1403/08/30,3312112.0,4316092.0,642796.0
9014071d39f25d22b48f82c550918f60,1403/09/30,3756713.0,4968171.0,652079.0
9014071d39f25d22b48f82c550918f60,1403/10/30,4210970.0,5646706.0,678535.0
9014071d39f25d22b48f82c550918f60,1403/11/30,4709059.0,6339353.0,692647.0
9014071d39f25d22b48f82c550918f60,1403/12/30,5166298.0,7031362.0,692009.0
9014071d39f25d22b48f82c550918f60,1404/01/31,504712.0,784716.0,784716.0
9014071d39f25d22b48f82c550918f60,1404/02/31,989970.0,1575533.0,790817.0
9014071d39f25d22b48f82c550918f60,1404/03/31,1515179.0,2471029.0,895496.0
9014071d39f25d22b48f82c550918f60,1404/04/31,1996077.0,3292320.0,821291.0
9014071d39f25d22b48f82c550918f60,1404/05/31,2491699.0,4146844.0,854524.0
9014071d39f25d22b48f82c550918f60,1404/06/31,3056852.0,5072693.0,925849.0
9014071d39f25d22b48f82c550918f60,1404/07/30,3673296.0,6011327.0,938634.0
9014071d39f25d22b48f82c550918f60,1404/08/30,4316092.0,7021783.0,1010456.0
9014071d39f25d22b48f82c550918f60,1404/09/30,4968171.0,8309204.0,1287421.0
9014071d39f25d22b48f82c550918f60,1404/10/30,5646706.0,9564070.0,1254866.0
9014071d39f25d22b48f82c550918f60,1404/11/30,6339353.0,11305728.0,1741658.0
9014071d39f25d22b48f82c550918f60,1404/12/29,38012.0,70071.0,1677921.0
9014071d39f25d22b48f82c550918f60,1405/01/31,44069.0,126215.0,1762126.0
9014071d39f25d22b48f82c550918f60,1405/02/31,1575533.0,3680026.0,1917900.0
9014071d39f25d22b48f82c550918f60,1405/03/31,0.0,0.0,2115023.0
9014071d39f25d22b48f82c550918f60,1405/04/31,0.0,0.0,2076961.0
9014071d39f25d22b48f82c550918f60,1405/05/31,0.0,0.0,2195519.0
94e5dd63557afa43251119cb808facf2,1399/02/31,0.0,0.0,591477.0
94e5dd63557afa43251119cb808facf2,1399/03/31,0.0,0.0,579491.0
94e5dd63557afa43251119cb808facf2,1399/04/31,0.0,0.0,728855.0
94e5dd63557afa43251119cb808facf2,1399/05/31,0.0,0.0,864030.0
94e5dd63557afa43251119cb808facf2,1399/06/31,0.0,0.0,986950.0
94e5dd63557afa43251119cb808facf2,1399/07/30,0.0,0.0,1010469.0
94e5dd63557afa43251119cb808facf2,1399/08/30,0.0,0.0,733554.0
94e5dd63557afa43251119cb808facf2,1399/09/30,0.0,0.0,1235473.0
94e5dd63557afa43251119cb808facf2,1399/10/30,0.0,0.0,1560694.0
94e5dd63557afa43251119cb808facf2,1399/11/30,0.0,0.0,1270011.0
94e5dd63557afa43251119cb808facf2,1399/12/30,0.0,0.0,1277300.0
94e5dd63557afa43251119cb808facf2,1400/01/31,0.0,0.0,966320.0
94e5dd63557afa43251119cb808facf2,1400/02/31,0.0,0.0,1234290.0
94e5dd63557afa43251119cb808facf2,1400/03/31,0.0,0.0,1158019.0
94e5dd63557afa43251119cb808facf2,1400/04/31,0.0,0.0,1025014.0
94e5dd63557afa43251119cb808facf2,1400/05/31,0.0,0.0,1003260.0
94e5dd63557afa43251119cb808facf2,1400/06/31,0.0,0.0,1380360.0
94e5dd63557afa43251119cb808facf2,1400/07/30,0.0,0.0,1226722.0
94e5dd63557afa43251119cb808facf2,1400/08/30,0.0,0.0,1037223.0
94e5dd63557afa43251119cb808facf2,1400/09/30,0.0,0.0,1571545.0
94e5dd63557afa43251119cb808facf2,1400/10/30,0.0,0.0,1307540.0
94e5dd63557afa43251119cb808facf2,1400/11/30,0.0,0.0,1190067.0
94e5dd63557afa43251119cb808facf2,1400/12/29,0.0,0.0,1357871.0
94e5dd63557afa43251119cb808facf2,1401/01/31,0.0,0.0,1074482.0
94e5dd63557afa43251119cb808facf2,1401/02/31,0.0,0.0,1289189.0
94e5dd63557afa43251119cb808facf2,1401/03/31,0.0,0.0,1672825.0
94e5dd63557afa43251119cb808facf2,1401/04/31,0.0,0.0,1745271.0
94e5dd63557afa43251119cb808facf2,1401/05/31,0.0,0.0,1561378.0
94e5dd63557afa43251119cb808facf2,1401/06/31,0.0,0.0,1743500.0
94e5dd63557afa43251119cb808facf2,1401/07/30,0.0,0.0,1751368.0
94e5dd63557afa43251119cb808facf2,1401/08/30,0.0,0.0,1879052.0
94e5dd63557afa43251119cb808facf2,1401/09/30,0.0,0.0,2079362.0
94e5dd63557afa43251119cb808facf2,1401/10/30,0.0,0.0,1906152.0
94e5dd63557afa43251119cb808facf2,1401/11/30,0.0,0.0,1905004.0
94e5dd63557afa43251119cb808facf2,1401/12/29,0.0,0.0,1870982.0
94e5dd63557afa43251119cb808facf2,1402/01/31,0.0,0.0,1761541.0
94e5dd63557afa43251119cb808facf2,1402/02/31,0.0,0.0,2444726.0
94e5dd63557afa43251119cb808facf2,1402/03/31,0.0,0.0,2573977.0
94e5dd63557afa43251119cb808facf2,1402/04/31,0.0,0.0,2399555.0
94e5dd63557afa43251119cb808facf2,1402/05/31,0.0,0.0,1295476.0
94e5dd63557afa43251119cb808facf2,1402/06/31,0.0,0.0,1941405.0
94e5dd63557afa43251119cb808facf2,1402/07/30,0.0,0.0,2791414.0
94e5dd63557afa43251119cb808facf2,1402/08/30,0.0,0.0,3193211.0
94e5dd63557afa43251119cb808facf2,1402/09/30,0.0,0.0,3446450.0
94e5dd63557afa43251119cb808facf2,1402/10/30,0.0,0.0,3366576.0
94e5dd63557afa43251119cb808facf2,1402/11/30,0.0,0.0,3176624.0
94e5dd63557afa43251119cb808facf2,1402/12/29,0.0,0.0,2713957.0
94e5dd63557afa43251119cb808facf2,1403/01/31,0.0,0.0,2778399.0
94e5dd63557afa43251119cb808facf2,1403/02/31,0.0,0.0,3471043.0
94e5dd63557afa43251119cb808facf2,1403/03/31,0.0,0.0,4034676.0
94e5dd63557afa43251119cb808facf2,1403/04/31,0.0,0.0,3566863.0
94e5dd63557afa43251119cb808facf2,1403/05/31,0.0,0.0,3621871.0
94e5dd63557afa43251119cb808facf2,1403/06/31,0.0,0.0,3774908.0
94e5dd63557afa43251119cb808facf2,1403/07/30,0.0,0.0,4034102.0
94e5dd63557afa43251119cb808facf2,1403/08/30,0.0,0.0,4195233.0
94e5dd63557afa43251119cb808facf2,1403/09/30,0.0,0.0,3492589.0
94e5dd63557afa43251119cb808facf2,1403/10/30,0.0,0.0,3633248.0
94e5dd63557afa43251119cb808facf2,1403/11/30,0.0,0.0,4872638.0
94e5dd63557afa43251119cb808facf2,1403/12/30,0.0,0.0,5154639.0
94e5dd63557afa43251119cb808facf2,1404/01/31,0.0,0.0,3456288.0
94e5dd63557afa43251119cb808facf2,1404/02/31,0.0,0.0,5255865.0
94e5dd63557afa43251119cb808facf2,1404/03/31,0.0,0.0,3454965.0
94e5dd63557afa43251119cb808facf2,1404/04/31,0.0,0.0,4553168.0
94e5dd63557afa43251119cb808facf2,1404/05/31,0.0,0.0,4310198.0
94e5dd63557afa43251119cb808facf2,1404/06/31,0.0,0.0,4638766.0
94e5dd63557afa43251119cb808facf2,1404/07/30,0.0,0.0,5489375.0
94e5dd63557afa43251119cb808facf2,1404/08/30,0.0,0.0,5233299.0
94e5dd63557afa43251119cb808facf2,1404/09/30,0.0,0.0,6127383.0
94e5dd63557afa43251119cb808facf2,1404/10/30,0.0,0.0,4676259.0
94e5dd63557afa43251119cb808facf2,1404/11/30,0.0,0.0,7148606.0
94e5dd63557afa43251119cb808facf2,1404/12/29,0.0,0.0,3791723.0
94e5dd63557afa43251119cb808facf2,1405/01/31,0.0,0.0,2404873.0
94e5dd63557afa43251119cb808facf2,1405/02/31,0.0,0.0,7719657.0
94e5dd63557afa43251119cb808facf2,1405/03/31,0.0,0.0,7906270.0
94e5dd63557afa43251119cb808facf2,1405/04/31,0.0,0.0,8718578.0
959eac0c9aaf26d5f523b9008fb87bdf,1399/06/31,570338.0,723826.0,135942.0
959eac0c9aaf26d5f523b9008fb87bdf,1399/07/30,570338.0,869769.0,145943.0
959eac0c9aaf26d5f523b9008fb87bdf,1399/08/30,761490.0,1040750.0,170981.0
959eac0c9aaf26d5f523b9008fb87bdf,1399/09/30,854807.0,1230991.0,190241.0
959eac0c9aaf26d5f523b9008fb87bdf,1399/10/30,949900.0,1433557.0,202566.0
959eac0c9aaf26d5f523b9008fb87bdf,1399/11/30,1059011.0,1652869.0,219312.0
959eac0c9aaf26d5f523b9008fb87bdf,1399/12/30,1652869.0,1866681.0,213812.0
959eac0c9aaf26d5f523b9008fb87bdf,1400/01/31,115584.0,242098.0,242098.0
959eac0c9aaf26d5f523b9008fb87bdf,1400/02/31,232712.0,463896.0,221798.0
959eac0c9aaf26d5f523b9008fb87bdf,1400/03/31,339494.0,679942.0,216046.0
959eac0c9aaf26d5f523b9008fb87bdf,1400/04/31,457947.0,890318.0,210376.0
959eac0c9aaf26d5f523b9008fb87bdf,1400/05/31,587884.0,1112560.0,222242.0
959eac0c9aaf26d5f523b9008fb87bdf,1400/06/31,723826.0,1429928.0,277092.0
959eac0c9aaf26d5f523b9008fb87bdf,1400/07/30,869769.0,1697363.0,267435.0
959eac0c9aaf26d5f523b9008fb87bdf,1400/08/30,1040750.0,1991144.0,293781.0
959eac0c9aaf26d5f523b9008fb87bdf,1400/09/30,854807.0,2275524.0,284380.0
959eac0c9aaf26d5f523b9008fb87bdf,1400/10/30,1433557.0,2572958.0,297434.0
959eac0c9aaf26d5f523b9008fb87bdf,1400/11/30,1652869.0,2879561.0,306603.0
959eac0c9aaf26d5f523b9008fb87bdf,1400/12/29,1908661.0,3271989.0,392428.0
959eac0c9aaf26d5f523b9008fb87bdf,1401/01/31,298795.0,372647.0,372647.0
959eac0c9aaf26d5f523b9008fb87bdf,1401/02/31,461933.0,701790.0,329143.0
959eac0c9aaf26d5f523b9008fb87bdf,1401/03/31,669904.0,1326705.0,624915.0
959eac0c9aaf26d5f523b9008fb87bdf,1401/04/31,879305.0,1772277.0,531179.0
959eac0c9aaf26d5f523b9008fb87bdf,1401/05/31,1144538.0,2332117.0,559840.0
959eac0c9aaf26d5f523b9008fb87bdf,1401/06/31,1458243.0,2887728.0,555611.0
959eac0c9aaf26d5f523b9008fb87bdf,1401/07/30,1851465.0,3532140.0,644412.0
959eac0c9aaf26d5f523b9008fb87bdf,1401/08/30,1977872.0,4262432.0,730292.0
959eac0c9aaf26d5f523b9008fb87bdf,1401/09/30,2262108.0,4937951.0,675519.0
959eac0c9aaf26d5f523b9008fb87bdf,1401/10/30,2559398.0,5654688.0,716737.0
959eac0c9aaf26d5f523b9008fb87bdf,1401/11/30,2865593.0,6410458.0,755770.0
959eac0c9aaf26d5f523b9008fb87bdf,1401/12/29,3178303.0,7083707.0,665522.0
959eac0c9aaf26d5f523b9008fb87bdf,1402/01/31,344868.0,705295.0,705295.0
959eac0c9aaf26d5f523b9008fb87bdf,1402/02/31,646044.0,1460427.0,755132.0
959eac0c9aaf26d5f523b9008fb87bdf,1402/03/31,1192915.0,2394356.0,907337.0
959eac0c9aaf26d5f523b9008fb87bdf,1402/04/31,1733179.0,3261650.0,864892.0
959eac0c9aaf26d5f523b9008fb87bdf,1402/05/31,2242287.0,4231083.0,882302.0
959eac0c9aaf26d5f523b9008fb87bdf,1402/06/31,2780394.0,5240876.0,988635.0
959eac0c9aaf26d5f523b9008fb87bdf,1402/07/30,3376983.0,6214888.0,945732.0
959eac0c9aaf26d5f523b9008fb87bdf,1402/08/30,3975066.0,7262064.0,1013172.0
959eac0c9aaf26d5f523b9008fb87bdf,1402/09/30,4617839.0,8317248.0,1021441.0
959eac0c9aaf26d5f523b9008fb87bdf,1402/10/30,5254304.0,9381619.0,1064371.0
959eac0c9aaf26d5f523b9008fb87bdf,1402/11/30,5927798.0,10470528.0,1088909.0
959eac0c9aaf26d5f523b9008fb87bdf,1402/12/29,6571352.0,11528079.0,1057551.0
959eac0c9aaf26d5f523b9008fb87bdf,1403/01/31,751926.0,1075944.0,1075944.0
959eac0c9aaf26d5f523b9008fb87bdf,1403/02/31,1460427.0,2205882.0,1120525.0
959eac0c9aaf26d5f523b9008fb87bdf,1403/03/31,2394356.0,3333161.0,1122282.0
959eac0c9aaf26d5f523b9008fb87bdf,1403/04/31,3261650.0,4457270.0,1113256.0
959eac0c9aaf26d5f523b9008fb87bdf,1403/05/31,197029.0,5559347.0,1094898.0
959eac0c9aaf26d5f523b9008fb87bdf,1403/06/31,5488953.0,6821353.0,1173294.0
959eac0c9aaf26d5f523b9008fb87bdf,1403/07/30,5974495.0,8132764.0,1310493.0
959eac0c9aaf26d5f523b9008fb87bdf,1403/08/30,7262064.0,9580903.0,1398050.0
959eac0c9aaf26d5f523b9008fb87bdf,1403/09/30,8387083.0,11024759.0,1406394.0
959eac0c9aaf26d5f523b9008fb87bdf,1403/10/30,9378869.0,12279861.0,1473246.0
959eac0c9aaf26d5f523b9008fb87bdf,1403/11/30,10573233.0,13503347.0,1213732.0
959eac0c9aaf26d5f523b9008fb87bdf,1403/12/30,11398081.0,15403137.0,1896572.0
959eac0c9aaf26d5f523b9008fb87bdf,1404/01/31,1080444.0,1605922.0,1605922.0
959eac0c9aaf26d5f523b9008fb87bdf,1404/02/31,2229369.0,3220729.0,1631434.0
959eac0c9aaf26d5f523b9008fb87bdf,1404/03/31,3384107.0,5070592.0,1836985.0
959eac0c9aaf26d5f523b9008fb87bdf,1404/04/31,4515479.0,7140958.0,1928117.0
959eac0c9aaf26d5f523b9008fb87bdf,1404/05/31,5648059.0,8958081.0,1941308.0
959eac0c9aaf26d5f523b9008fb87bdf,1404/06/31,6828239.0,10966376.0,2016185.0
959eac0c9aaf26d5f523b9008fb87bdf,1404/07/30,8132764.0,13052562.0,2021511.0
959eac0c9aaf26d5f523b9008fb87bdf,1404/08/30,9608635.0,15400721.0,2202592.0
959eac0c9aaf26d5f523b9008fb87bdf,1404/09/30,11024759.0,18121926.0,2548174.0
959eac0c9aaf26d5f523b9008fb87bdf,1404/10/30,10806615.0,21055428.0,2733818.0
959eac0c9aaf26d5f523b9008fb87bdf,1404/11/30,13506565.0,24869892.0,3708474.0
959eac0c9aaf26d5f523b9008fb87bdf,1404/12/29,15776733.0,29200587.0,4298312.0
959eac0c9aaf26d5f523b9008fb87bdf,1405/01/31,1589295.0,3805110.0,3805110.0
959eac0c9aaf26d5f523b9008fb87bdf,1405/02/31,3233607.0,8228205.0,4289558.0
959eac0c9aaf26d5f523b9008fb87bdf,1405/03/31,0.0,0.0,5094152.0
959eac0c9aaf26d5f523b9008fb87bdf,1405/04/31,0.0,0.0,5165959.0
968fb3437a7e5a62ca7b18a26e303df1,1399/10/30,2578616.0,3431839.0,366140.0
968fb3437a7e5a62ca7b18a26e303df1,1399/11/30,2821560.0,3822808.0,390968.0
968fb3437a7e5a62ca7b18a26e303df1,1399/12/30,3055338.0,4259519.0,436917.0
968fb3437a7e5a62ca7b18a26e303df1,1400/01/31,248141.0,577530.0,577530.0
968fb3437a7e5a62ca7b18a26e303df1,1400/02/31,580160.0,954596.0,450637.0
968fb3437a7e5a62ca7b18a26e303df1,1400/03/31,847330.0,1452567.0,498036.0
968fb3437a7e5a62ca7b18a26e303df1,1400/04/31,1182704.0,1959762.0,507195.0
968fb3437a7e5a62ca7b18a26e303df1,1400/05/31,1515909.0,2534629.0,574867.0
968fb3437a7e5a62ca7b18a26e303df1,1400/06/31,1905535.0,3147412.0,615202.0
968fb3437a7e5a62ca7b18a26e303df1,1400/07/30,2297973.0,3700009.0,550178.0
968fb3437a7e5a62ca7b18a26e303df1,1400/08/30,3700009.0,4262881.0,565291.0
968fb3437a7e5a62ca7b18a26e303df1,1400/09/30,3065699.0,4859383.0,596489.0
968fb3437a7e5a62ca7b18a26e303df1,1400/10/30,3431840.0,5407418.0,548035.0
968fb3437a7e5a62ca7b18a26e303df1,1400/11/30,3822602.0,5983368.0,575950.0
968fb3437a7e5a62ca7b18a26e303df1,1400/12/29,4259021.0,6559786.0,629896.0
968fb3437a7e5a62ca7b18a26e303df1,1401/01/31,577530.0,665982.0,665982.0
968fb3437a7e5a62ca7b18a26e303df1,1401/02/31,954531.0,1444632.0,778650.0
968fb3437a7e5a62ca7b18a26e303df1,1401/03/31,1452568.0,2494146.0,1038693.0
968fb3437a7e5a62ca7b18a26e303df1,1401/04/31,1959762.0,3493051.0,998905.0
968fb3437a7e5a62ca7b18a26e303df1,1401/05/31,2534629.0,4599879.0,1107337.0
968fb3437a7e5a62ca7b18a26e303df1,1401/06/31,3147412.0,5706976.0,1107219.0
968fb3437a7e5a62ca7b18a26e303df1,1401/07/30,3700009.0,6843959.0,1136983.0
968fb3437a7e5a62ca7b18a26e303df1,1401/08/30,4262881.0,8095659.0,1251804.0
968fb3437a7e5a62ca7b18a26e303df1,1401/09/30,4859383.0,9145655.0,1051274.0
968fb3437a7e5a62ca7b18a26e303df1,1401/10/30,5407418.0,10169726.0,1024072.0
968fb3437a7e5a62ca7b18a26e303df1,1401/11/30,5983368.0,11207767.0,1038041.0
968fb3437a7e5a62ca7b18a26e303df1,1401/12/29,6559786.0,12398125.0,1190358.0
968fb3437a7e5a62ca7b18a26e303df1,1402/01/31,665982.0,1318564.0,1318564.0
968fb3437a7e5a62ca7b18a26e303df1,1402/02/31,1444632.0,2577846.0,1263120.0
968fb3437a7e5a62ca7b18a26e303df1,1402/03/31,2494146.0,3924795.0,1347203.0
968fb3437a7e5a62ca7b18a26e303df1,1402/04/31,3493051.0,5441834.0,1517039.0
968fb3437a7e5a62ca7b18a26e303df1,1402/05/31,4599879.0,6982352.0,1543688.0
968fb3437a7e5a62ca7b18a26e303df1,1402/06/31,5706976.0,8557660.0,1575456.0
968fb3437a7e5a62ca7b18a26e303df1,1402/07/30,6843959.0,10168951.0,1611291.0
968fb3437a7e5a62ca7b18a26e303df1,1402/08/30,8095659.0,11586836.0,1417918.0
968fb3437a7e5a62ca7b18a26e303df1,1402/09/30,9145655.0,13046713.0,1459892.0
968fb3437a7e5a62ca7b18a26e303df1,1402/10/30,10169726.0,14535739.0,1489026.0
968fb3437a7e5a62ca7b18a26e303df1,1402/11/30,1038041.0,1655982.0,1655982.0
968fb3437a7e5a62ca7b18a26e303df1,1402/12/29,2228399.0,3276466.0,1620524.0
968fb3437a7e5a62ca7b18a26e303df1,1403/01/31,3924795.0,4831188.0,1555348.0
968fb3437a7e5a62ca7b18a26e303df1,1403/02/31,5441834.0,6658954.0,1827806.0
968fb3437a7e5a62ca7b18a26e303df1,1403/03/31,6982204.0,8312763.0,1655579.0
968fb3437a7e5a62ca7b18a26e303df1,1403/04/31,8557660.0,10008981.0,1696202.0
968fb3437a7e5a62ca7b18a26e303df1,1403/05/31,10168918.0,11882339.0,1873358.0
968fb3437a7e5a62ca7b18a26e303df1,1403/06/31,11586822.0,13840182.0,1958558.0
968fb3437a7e5a62ca7b18a26e303df1,1403/07/30,13046713.0,15772083.0,1931841.0
968fb3437a7e5a62ca7b18a26e303df1,1403/08/30,14535739.0,17766742.0,1994659.0
968fb3437a7e5a62ca7b18a26e303df1,1403/09/30,1655942.0,19579860.0,1812995.0
968fb3437a7e5a62ca7b18a26e303df1,1403/10/30,1655982.0,1956247.0,1956247.0
968fb3437a7e5a62ca7b18a26e303df1,1403/11/30,3276466.0,4251511.0,2295264.0
968fb3437a7e5a62ca7b18a26e303df1,1403/12/30,4831188.0,6329857.0,2078346.0
968fb3437a7e5a62ca7b18a26e303df1,1404/01/31,6658954.0,8644295.0,2314438.0
968fb3437a7e5a62ca7b18a26e303df1,1404/02/31,8312779.0,11036891.0,2391797.0
968fb3437a7e5a62ca7b18a26e303df1,1404/03/31,10008981.0,13922052.0,2885161.0
968fb3437a7e5a62ca7b18a26e303df1,1404/04/31,11881624.0,16787628.0,2870001.0
968fb3437a7e5a62ca7b18a26e303df1,1404/05/31,13840242.0,19617668.0,2830039.0
968fb3437a7e5a62ca7b18a26e303df1,1404/06/31,15772083.0,22834544.0,3216876.0
968fb3437a7e5a62ca7b18a26e303df1,1404/07/30,17766865.0,25943831.0,3109383.0
968fb3437a7e5a62ca7b18a26e303df1,1404/08/30,19579860.0,28878336.0,2934505.0
968fb3437a7e5a62ca7b18a26e303df1,1404/09/30,19579860.0,31996121.0,3117786.0
968fb3437a7e5a62ca7b18a26e303df1,1404/10/30,1956247.0,3691648.0,3691648.0
968fb3437a7e5a62ca7b18a26e303df1,1404/11/30,4251511.0,8463597.0,4771949.0
968fb3437a7e5a62ca7b18a26e303df1,1404/12/29,6329857.0,12465758.0,4002161.0
968fb3437a7e5a62ca7b18a26e303df1,1405/01/31,8644295.0,17052964.0,4587426.0
968fb3437a7e5a62ca7b18a26e303df1,1405/02/31,11036891.0,23150029.0,6099772.0
968fb3437a7e5a62ca7b18a26e303df1,1405/03/31,0.0,0.0,6624872.0
968fb3437a7e5a62ca7b18a26e303df1,1405/04/31,0.0,0.0,6347930.0
980b075e10e0e4da4ae747bc7b6c3825,1399/04/31,1673192.0,1672947.0,623231.0
980b075e10e0e4da4ae747bc7b6c3825,1399/05/31,1732058.0,2154600.0,481651.0
980b075e10e0e4da4ae747bc7b6c3825,1399/06/31,2153581.0,2864435.0,709835.0
980b075e10e0e4da4ae747bc7b6c3825,1399/07/30,2606309.0,3610411.0,745976.0
980b075e10e0e4da4ae747bc7b6c3825,1399/08/30,2987017.0,4231294.0,618707.0
980b075e10e0e4da4ae747bc7b6c3825,1399/09/30,3585544.0,5047426.0,813673.0
980b075e10e0e4da4ae747bc7b6c3825,1399/10/30,4028304.0,5865995.0,818569.0
980b075e10e0e4da4ae747bc7b6c3825,1399/11/30,4534332.0,6727022.0,866862.0
980b075e10e0e4da4ae747bc7b6c3825,1399/12/30,4941924.0,7618609.0,891514.0
980b075e10e0e4da4ae747bc7b6c3825,1400/01/31,38713.0,590086.0,590086.0
980b075e10e0e4da4ae747bc7b6c3825,1400/02/31,516022.0,1406585.0,816445.0
980b075e10e0e4da4ae747bc7b6c3825,1400/03/31,1049715.0,2249193.0,842730.0
980b075e10e0e4da4ae747bc7b6c3825,1400/04/31,1672946.0,3121190.0,871997.0
980b075e10e0e4da4ae747bc7b6c3825,1400/05/31,2154598.0,3483634.0,362444.0
980b075e10e0e4da4ae747bc7b6c3825,1400/06/31,2864446.0,4407938.0,924342.0
980b075e10e0e4da4ae747bc7b6c3825,1400/07/30,3614429.0,5240660.0,832463.0
980b075e10e0e4da4ae747bc7b6c3825,1400/08/30,4231294.0,6174570.0,934131.0
980b075e10e0e4da4ae747bc7b6c3825,1400/09/30,5047424.0,7256233.0,1081663.0
980b075e10e0e4da4ae747bc7b6c3825,1400/10/30,5860160.0,8398036.0,1141803.0
980b075e10e0e4da4ae747bc7b6c3825,1400/11/30,6727097.0,9388130.0,990094.0
980b075e10e0e4da4ae747bc7b6c3825,1400/12/29,7618235.0,10472806.0,1092327.0
980b075e10e0e4da4ae747bc7b6c3825,1401/01/31,590141.0,847357.0,847357.0
980b075e10e0e4da4ae747bc7b6c3825,1401/02/31,1407762.0,2032447.0,1185090.0
980b075e10e0e4da4ae747bc7b6c3825,1401/03/31,2249193.0,4124129.0,2091682.0
980b075e10e0e4da4ae747bc7b6c3825,1401/04/31,3121190.0,6338783.0,2214654.0
980b075e10e0e4da4ae747bc7b6c3825,1401/05/31,3483595.0,7582001.0,1243218.0
980b075e10e0e4da4ae747bc7b6c3825,1401/06/31,4408199.0,9968066.0,2386065.0
980b075e10e0e4da4ae747bc7b6c3825,1401/07/30,5240437.0,11633249.0,1665183.0
980b075e10e0e4da4ae747bc7b6c3825,1401/08/30,6174570.0,14027671.0,2394422.0
980b075e10e0e4da4ae747bc7b6c3825,1401/09/30,7256233.0,16341772.0,2314101.0
980b075e10e0e4da4ae747bc7b6c3825,1401/10/30,8398036.0,18221342.0,1879570.0
980b075e10e0e4da4ae747bc7b6c3825,1401/11/30,9380478.0,20046119.0,1824777.0
980b075e10e0e4da4ae747bc7b6c3825,1401/12/29,10472806.0,21904828.0,1858709.0
980b075e10e0e4da4ae747bc7b6c3825,1402/01/31,847357.0,1493481.0,1493481.0
980b075e10e0e4da4ae747bc7b6c3825,1402/02/31,2032447.0,3719621.0,2226140.0
980b075e10e0e4da4ae747bc7b6c3825,1402/03/31,4124129.0,6174475.0,2454854.0
980b075e10e0e4da4ae747bc7b6c3825,1402/04/31,6338783.0,8450101.0,2275626.0
980b075e10e0e4da4ae747bc7b6c3825,1402/05/31,7582000.0,9760776.0,1310675.0
980b075e10e0e4da4ae747bc7b6c3825,1402/06/31,9968067.0,12265581.0,2504805.0
980b075e10e0e4da4ae747bc7b6c3825,1402/07/30,11633250.0,14796059.0,2530478.0
980b075e10e0e4da4ae747bc7b6c3825,1402/08/30,14027670.0,18317432.0,3521373.0
980b075e10e0e4da4ae747bc7b6c3825,1402/09/30,16341771.0,21471730.0,3154298.0
980b075e10e0e4da4ae747bc7b6c3825,1402/10/30,18221341.0,24764120.0,3292390.0
980b075e10e0e4da4ae747bc7b6c3825,1402/11/30,20046117.0,27539190.0,2775070.0
980b075e10e0e4da4ae747bc7b6c3825,1402/12/29,21904826.0,30762765.0,3223575.0
980b075e10e0e4da4ae747bc7b6c3825,1403/01/31,1493482.0,1728901.0,1728901.0
980b075e10e0e4da4ae747bc7b6c3825,1403/02/31,3719622.0,5472889.0,3743988.0
980b075e10e0e4da4ae747bc7b6c3825,1403/03/31,6174474.0,9025063.0,3552174.0
980b075e10e0e4da4ae747bc7b6c3825,1403/04/31,8450101.0,12601568.0,3576505.0
980b075e10e0e4da4ae747bc7b6c3825,1403/05/31,9760773.0,14804282.0,2202714.0
980b075e10e0e4da4ae747bc7b6c3825,1403/06/31,12265581.0,18034380.0,3230098.0
980b075e10e0e4da4ae747bc7b6c3825,1403/07/30,11633249.0,22337044.0,4302664.0
980b075e10e0e4da4ae747bc7b6c3825,1403/08/30,18317431.0,26543221.0,4206177.0
980b075e10e0e4da4ae747bc7b6c3825,1403/09/30,21471728.0,30377532.0,3834311.0
980b075e10e0e4da4ae747bc7b6c3825,1403/10/30,24764120.0,33266706.0,2890046.0
980b075e10e0e4da4ae747bc7b6c3825,1403/11/30,27539190.0,36526200.0,3259494.0
980b075e10e0e4da4ae747bc7b6c3825,1403/12/30,30762762.0,39525904.0,2999704.0
980b075e10e0e4da4ae747bc7b6c3825,1404/01/31,1728901.0,2757092.0,2757092.0
980b075e10e0e4da4ae747bc7b6c3825,1404/02/31,5472889.0,7330868.0,4573776.0
980b075e10e0e4da4ae747bc7b6c3825,1404/03/31,9025062.0,11452016.0,4121148.0
980b075e10e0e4da4ae747bc7b6c3825,1404/04/31,12601567.0,15674893.0,4222877.0
980b075e10e0e4da4ae747bc7b6c3825,1404/05/31,14804282.0,19731982.0,4057089.0
980b075e10e0e4da4ae747bc7b6c3825,1404/06/31,18034380.0,24633283.0,4901301.0
980b075e10e0e4da4ae747bc7b6c3825,1404/07/30,22337044.0,30797180.0,6163897.0
980b075e10e0e4da4ae747bc7b6c3825,1404/08/30,26543223.0,37006540.0,6209360.0
980b075e10e0e4da4ae747bc7b6c3825,1404/09/30,30376660.0,43624128.0,6617588.0
980b075e10e0e4da4ae747bc7b6c3825,1404/10/30,33266706.0,49608222.0,5984094.0
980b075e10e0e4da4ae747bc7b6c3825,1404/11/30,36526200.0,54827734.0,5219512.0
980b075e10e0e4da4ae747bc7b6c3825,1404/12/29,39525904.0,56978675.0,2150941.0
980b075e10e0e4da4ae747bc7b6c3825,1405/01/31,2757091.0,6512074.0,6512074.0
980b075e10e0e4da4ae747bc7b6c3825,1405/02/31,7330868.0,21227353.0,14715279.0
980b075e10e0e4da4ae747bc7b6c3825,1405/03/31,0.0,0.0,10699990.0
980b075e10e0e4da4ae747bc7b6c3825,1405/04/31,0.0,0.0,8714893.0
980b075e10e0e4da4ae747bc7b6c3825,1405/05/31,0.0,0.0,9317820.0
981b4b3afa1c7f609640ac1af6445bfc,1405/05/31,0.0,0.0,22587.0
981b4b3afa1c7f609640ac1af6445bfc,1405/06/31,0.0,0.0,20790.0
99739597e0be8c49abb1092f02513a19,1399/10/30,1192598.0,1192598.0,1192598.0
99739597e0be8c49abb1092f02513a19,1399/11/30,1144033.0,2548901.0,1356303.0
99739597e0be8c49abb1092f02513a19,1399/12/30,1646975.0,4137806.0,1588905.0
99739597e0be8c49abb1092f02513a19,1400/01/31,2117353.0,5662301.0,1524495.0
99739597e0be8c49abb1092f02513a19,1400/02/31,2831223.0,7762223.0,1819773.0
99739597e0be8c49abb1092f02513a19,1400/03/31,3618439.0,9859508.0,1886142.0
99739597e0be8c49abb1092f02513a19,1400/04/31,4378534.0,11053629.0,1194107.0
99739597e0be8c49abb1092f02513a19,1400/05/31,5328636.0,12721666.0,1668037.0
99739597e0be8c49abb1092f02513a19,1400/06/31,6438364.0,14434711.0,1713045.0
99739597e0be8c49abb1092f02513a19,1400/07/30,7385694.0,15827155.0,1392444.0
99739597e0be8c49abb1092f02513a19,1400/08/30,8401698.0,17494765.0,1667610.0
99739597e0be8c49abb1092f02513a19,1400/09/30,10738330.0,19899740.0,2404975.0
99739597e0be8c49abb1092f02513a19,1400/10/30,1192598.0,1528367.0,1528367.0
99739597e0be8c49abb1092f02513a19,1400/11/30,2548901.0,3356079.0,1827712.0
99739597e0be8c49abb1092f02513a19,1400/12/29,4137806.0,5087108.0,1731029.0
99739597e0be8c49abb1092f02513a19,1401/01/31,5662301.0,6501748.0,1414640.0
99739597e0be8c49abb1092f02513a19,1401/02/31,7762223.0,8807153.0,2143471.0
99739597e0be8c49abb1092f02513a19,1401/03/31,9859521.0,12044626.0,3181426.0
99739597e0be8c49abb1092f02513a19,1401/04/31,11053629.0,14055908.0,2011282.0
99739597e0be8c49abb1092f02513a19,1401/05/31,12720913.0,16511886.0,2455978.0
99739597e0be8c49abb1092f02513a19,1401/06/31,14434711.0,18612466.0,2100580.0
99739597e0be8c49abb1092f02513a19,1401/07/30,15827155.0,20874486.0,2262020.0
99739597e0be8c49abb1092f02513a19,1401/08/30,17494765.0,23605314.0,2730828.0
99739597e0be8c49abb1092f02513a19,1401/09/30,19899740.0,26639711.0,3034010.0
99739597e0be8c49abb1092f02513a19,1401/10/30,1528348.0,2047201.0,2047201.0
99739597e0be8c49abb1092f02513a19,1401/11/30,3356079.0,4818399.0,2771198.0
99739597e0be8c49abb1092f02513a19,1401/12/29,5087108.0,7803958.0,2985559.0
99739597e0be8c49abb1092f02513a19,1402/01/31,6501748.0,11070757.0,3266799.0
99739597e0be8c49abb1092f02513a19,1402/02/31,8807153.0,15010792.0,3940035.0
99739597e0be8c49abb1092f02513a19,1402/03/31,12044626.0,19019779.0,4008987.0
99739597e0be8c49abb1092f02513a19,1402/04/31,14055908.0,21377085.0,2357306.0
99739597e0be8c49abb1092f02513a19,1402/05/31,16511886.0,23779359.0,2402274.0
99739597e0be8c49abb1092f02513a19,1402/06/31,18612466.0,26305104.0,2525745.0
99739597e0be8c49abb1092f02513a19,1402/07/30,20874486.0,30262712.0,3957608.0
99739597e0be8c49abb1092f02513a19,1402/08/30,23605701.0,35162403.0,4899691.0
99739597e0be8c49abb1092f02513a19,1402/09/30,26639711.0,40992416.0,5830013.0
99739597e0be8c49abb1092f02513a19,1402/10/30,2047201.0,3754698.0,3754698.0
99739597e0be8c49abb1092f02513a19,1402/11/30,4818399.0,8704660.0,4949962.0
99739597e0be8c49abb1092f02513a19,1402/12/29,7803958.0,13199374.0,4494714.0
99739597e0be8c49abb1092f02513a19,1403/01/31,11070757.0,18372323.0,5172949.0
99739597e0be8c49abb1092f02513a19,1403/02/31,15010792.0,24274486.0,5902163.0
99739597e0be8c49abb1092f02513a19,1403/03/31,19019779.0,29069181.0,4794695.0
99739597e0be8c49abb1092f02513a19,1403/04/31,21377085.0,34253986.0,5184805.0
99739597e0be8c49abb1092f02513a19,1403/05/31,23779359.0,38329031.0,4075063.0
99739597e0be8c49abb1092f02513a19,1403/06/31,26305104.0,43624340.0,5295309.0
99739597e0be8c49abb1092f02513a19,1403/07/30,30262712.0,49718082.0,6093742.0
99739597e0be8c49abb1092f02513a19,1403/08/30,35162403.0,56252566.0,6534484.0
99739597e0be8c49abb1092f02513a19,1403/09/30,40992416.0,63198121.0,6945555.0
99739597e0be8c49abb1092f02513a19,1403/10/30,3754698.0,7220756.0,7220756.0
99739597e0be8c49abb1092f02513a19,1403/11/30,8704660.0,13640240.0,6419484.0
99739597e0be8c49abb1092f02513a19,1403/12/30,13199374.0,21759316.0,8119076.0
99739597e0be8c49abb1092f02513a19,1404/01/31,18372323.0,29346566.0,7587250.0
99739597e0be8c49abb1092f02513a19,1404/02/31,24274486.0,37277202.0,7930636.0
99739597e0be8c49abb1092f02513a19,1404/03/31,29069181.0,44824356.0,7547154.0
99739597e0be8c49abb1092f02513a19,1404/04/31,34253968.0,52150415.0,7326059.0
99739597e0be8c49abb1092f02513a19,1404/05/31,38329031.0,60015050.0,7864635.0
99739597e0be8c49abb1092f02513a19,1404/06/31,43624340.0,67795775.0,7780725.0
99739597e0be8c49abb1092f02513a19,1404/07/30,49718082.0,76913261.0,9117486.0
99739597e0be8c49abb1092f02513a19,1404/08/30,56252566.0,84686798.0,7773537.0
99739597e0be8c49abb1092f02513a19,1404/09/30,63198121.0,92184830.0,7498032.0
99739597e0be8c49abb1092f02513a19,1404/10/30,7220756.0,9060931.0,9060931.0
99739597e0be8c49abb1092f02513a19,1404/11/30,13640240.0,19922473.0,10861542.0
99739597e0be8c49abb1092f02513a19,1404/12/29,21759316.0,29467356.0,9544883.0
99739597e0be8c49abb1092f02513a19,1405/01/31,29346566.0,35187038.0,5719682.0
99739597e0be8c49abb1092f02513a19,1405/02/31,37277202.0,46259808.0,11072770.0
99739597e0be8c49abb1092f02513a19,1405/03/31,0.0,0.0,12681809.0
99739597e0be8c49abb1092f02513a19,1405/04/31,0.0,0.0,12273458.0
99775fd5c264517e465c66d684aefc15,1400/12/29,0.0,0.0,361844.0
99775fd5c264517e465c66d684aefc15,1401/01/31,0.0,0.0,385436.0
99775fd5c264517e465c66d684aefc15,1401/02/31,0.0,0.0,401369.0
99775fd5c264517e465c66d684aefc15,1401/03/31,0.0,0.0,335413.0
99775fd5c264517e465c66d684aefc15,1401/04/31,0.0,0.0,200936.0
99775fd5c264517e465c66d684aefc15,1401/05/31,0.0,0.0,234768.0
99775fd5c264517e465c66d684aefc15,1401/06/31,0.0,0.0,399471.0
99775fd5c264517e465c66d684aefc15,1401/07/30,0.0,0.0,419118.0
99775fd5c264517e465c66d684aefc15,1401/08/30,0.0,0.0,356289.0
99775fd5c264517e465c66d684aefc15,1401/09/30,0.0,0.0,372153.0
99775fd5c264517e465c66d684aefc15,1401/10/30,0.0,0.0,249492.0
99775fd5c264517e465c66d684aefc15,1401/11/30,0.0,0.0,282276.0
99775fd5c264517e465c66d684aefc15,1401/12/29,0.0,0.0,571505.0
99775fd5c264517e465c66d684aefc15,1402/01/31,0.0,0.0,444143.0
99775fd5c264517e465c66d684aefc15,1402/02/31,0.0,0.0,459739.0
99775fd5c264517e465c66d684aefc15,1402/03/31,0.0,0.0,497660.0
99775fd5c264517e465c66d684aefc15,1402/04/31,0.0,0.0,427755.0
99775fd5c264517e465c66d684aefc15,1402/05/31,0.0,0.0,233826.0
99775fd5c264517e465c66d684aefc15,1402/06/31,0.0,0.0,493257.0
99775fd5c264517e465c66d684aefc15,1402/07/30,0.0,0.0,580373.0
99775fd5c264517e465c66d684aefc15,1402/08/30,0.0,0.0,578191.0
99775fd5c264517e465c66d684aefc15,1402/09/30,0.0,0.0,510384.0
99775fd5c264517e465c66d684aefc15,1402/10/30,0.0,0.0,461070.0
99775fd5c264517e465c66d684aefc15,1402/11/30,0.0,0.0,676459.0
99775fd5c264517e465c66d684aefc15,1402/12/29,0.0,0.0,350883.0
99775fd5c264517e465c66d684aefc15,1403/01/31,0.0,0.0,489695.0
99775fd5c264517e465c66d684aefc15,1403/02/31,0.0,0.0,706021.0
99775fd5c264517e465c66d684aefc15,1403/03/31,0.0,0.0,531703.0
99775fd5c264517e465c66d684aefc15,1403/04/31,0.0,0.0,345581.0
99775fd5c264517e465c66d684aefc15,1403/05/31,0.0,0.0,294249.0
99775fd5c264517e465c66d684aefc15,1403/06/31,0.0,0.0,500643.0
99775fd5c264517e465c66d684aefc15,1403/07/30,0.0,0.0,620711.0
99775fd5c264517e465c66d684aefc15,1403/08/30,0.0,0.0,688605.0
99775fd5c264517e465c66d684aefc15,1403/09/30,0.0,0.0,752986.0
99775fd5c264517e465c66d684aefc15,1403/10/30,0.0,0.0,594095.0
99775fd5c264517e465c66d684aefc15,1403/11/30,0.0,0.0,490329.0
99775fd5c264517e465c66d684aefc15,1403/12/30,0.0,0.0,628755.0
99775fd5c264517e465c66d684aefc15,1404/01/31,0.0,0.0,836246.0
99775fd5c264517e465c66d684aefc15,1404/02/31,0.0,0.0,1019031.0
99775fd5c264517e465c66d684aefc15,1404/03/31,0.0,0.0,577145.0
99775fd5c264517e465c66d684aefc15,1404/04/31,0.0,0.0,663683.0
99775fd5c264517e465c66d684aefc15,1404/05/31,0.0,0.0,395461.0
99775fd5c264517e465c66d684aefc15,1404/06/31,0.0,0.0,656238.0
99775fd5c264517e465c66d684aefc15,1404/07/30,0.0,0.0,942667.0
99775fd5c264517e465c66d684aefc15,1404/08/30,0.0,0.0,1062125.0
99775fd5c264517e465c66d684aefc15,1404/09/30,0.0,0.0,1330281.0
99775fd5c264517e465c66d684aefc15,1404/10/30,0.0,0.0,1166442.0
99775fd5c264517e465c66d684aefc15,1404/11/30,0.0,0.0,1094175.0
99775fd5c264517e465c66d684aefc15,1404/12/29,0.0,0.0,455811.0
99775fd5c264517e465c66d684aefc15,1405/01/31,0.0,0.0,833805.0
99775fd5c264517e465c66d684aefc15,1405/02/31,0.0,0.0,1199641.0
99775fd5c264517e465c66d684aefc15,1405/03/31,0.0,0.0,1401899.0
99775fd5c264517e465c66d684aefc15,1405/04/31,0.0,0.0,1509516.0
9a98774de11b0af3874a6f2b69db1b58,1399/01/31,223321.0,34494.0,17247.0
9a98774de11b0af3874a6f2b69db1b58,1399/02/31,223321.0,59474.0,42227.0
9a98774de11b0af3874a6f2b69db1b58,1399/03/31,223321.0,91373.0,31899.0
9a98774de11b0af3874a6f2b69db1b58,1399/04/31,223321.0,123149.0,31776.0
9a98774de11b0af3874a6f2b69db1b58,1399/05/31,223321.0,160352.0,37203.0
9a98774de11b0af3874a6f2b69db1b58,1399/06/31,223321.0,185326.0,32410.0
9a98774de11b0af3874a6f2b69db1b58,1399/07/30,223321.0,227521.0,42195.0
9a98774de11b0af3874a6f2b69db1b58,1399/08/30,223321.0,248816.0,21295.0
9a98774de11b0af3874a6f2b69db1b58,1399/09/30,223321.0,284468.0,35652.0
9a98774de11b0af3874a6f2b69db1b58,1399/10/30,223321.0,308582.0,24114.0
9a98774de11b0af3874a6f2b69db1b58,1399/11/30,223321.0,334809.0,26227.0
9a98774de11b0af3874a6f2b69db1b58,1399/12/30,223321.0,385268.0,50459.0
9a98774de11b0af3874a6f2b69db1b58,1400/01/31,385468.0,26825.0,26825.0
9a98774de11b0af3874a6f2b69db1b58,1400/02/31,385468.0,54654.0,27829.0
9a98774de11b0af3874a6f2b69db1b58,1400/03/31,385468.0,98281.0,43627.0
9a98774de11b0af3874a6f2b69db1b58,1400/04/31,385468.0,148465.0,50184.0
9a98774de11b0af3874a6f2b69db1b58,1400/05/31,385468.0,183464.0,34999.0
9a98774de11b0af3874a6f2b69db1b58,1400/06/31,385468.0,223759.0,40295.0
9a98774de11b0af3874a6f2b69db1b58,1400/07/30,385468.0,266410.0,42651.0
9a98774de11b0af3874a6f2b69db1b58,1400/08/30,385468.0,297593.0,31183.0
9a98774de11b0af3874a6f2b69db1b58,1400/09/30,385468.0,337945.0,40352.0
9a98774de11b0af3874a6f2b69db1b58,1400/10/30,385468.0,375965.0,38020.0
9a98774de11b0af3874a6f2b69db1b58,1400/11/30,385468.0,413074.0,37109.0
9a98774de11b0af3874a6f2b69db1b58,1400/12/29,385468.0,479236.0,66162.0
9a98774de11b0af3874a6f2b69db1b58,1401/01/31,479542.0,24729.0,24729.0
9a98774de11b0af3874a6f2b69db1b58,1401/02/31,479542.0,68285.0,43556.0
9a98774de11b0af3874a6f2b69db1b58,1401/03/31,479542.0,137639.0,69354.0
9a98774de11b0af3874a6f2b69db1b58,1401/04/31,479542.0,197222.0,59583.0
9a98774de11b0af3874a6f2b69db1b58,1401/05/31,479542.0,243653.0,46431.0
9a98774de11b0af3874a6f2b69db1b58,1401/06/31,479542.0,275513.0,31860.0
9a98774de11b0af3874a6f2b69db1b58,1401/07/30,479542.0,328772.0,53259.0
9a98774de11b0af3874a6f2b69db1b58,1401/08/30,479542.0,364658.0,35886.0
9a98774de11b0af3874a6f2b69db1b58,1401/09/30,479542.0,405481.0,40823.0
9a98774de11b0af3874a6f2b69db1b58,1401/10/30,479542.0,455557.0,50076.0
9a98774de11b0af3874a6f2b69db1b58,1401/11/30,479542.0,497403.0,41846.0
9a98774de11b0af3874a6f2b69db1b58,1401/12/29,479542.0,557376.0,59973.0
9a98774de11b0af3874a6f2b69db1b58,1402/01/31,557376.0,43832.0,43832.0
9a98774de11b0af3874a6f2b69db1b58,1402/02/31,557376.0,86475.0,42643.0
9a98774de11b0af3874a6f2b69db1b58,1402/03/31,557376.0,139895.0,53420.0
9a98774de11b0af3874a6f2b69db1b58,1402/04/31,557376.0,199569.0,59674.0
9a98774de11b0af3874a6f2b69db1b58,1402/05/31,557376.0,265162.0,65593.0
9a98774de11b0af3874a6f2b69db1b58,1402/06/31,557376.0,337055.0,71893.0
9a98774de11b0af3874a6f2b69db1b58,1402/07/30,557376.0,395405.0,58350.0
9a98774de11b0af3874a6f2b69db1b58,1402/08/30,557376.0,454139.0,58734.0
9a98774de11b0af3874a6f2b69db1b58,1402/09/30,557376.0,536596.0,82457.0
9a98774de11b0af3874a6f2b69db1b58,1402/10/30,557376.0,610133.0,73537.0
9a98774de11b0af3874a6f2b69db1b58,1402/11/30,557376.0,688170.0,78037.0
9a98774de11b0af3874a6f2b69db1b58,1402/12/29,557376.0,775125.0,86955.0
9a98774de11b0af3874a6f2b69db1b58,1403/01/31,775135.0,105388.0,105388.0
9a98774de11b0af3874a6f2b69db1b58,1403/02/31,775135.0,224224.0,118836.0
9a98774de11b0af3874a6f2b69db1b58,1403/03/31,775135.0,342088.0,117864.0
9a98774de11b0af3874a6f2b69db1b58,1403/04/31,775135.0,441769.0,99681.0
9a98774de11b0af3874a6f2b69db1b58,1403/05/31,775135.0,558530.0,116761.0
9a98774de11b0af3874a6f2b69db1b58,1403/06/31,775135.0,636518.0,77988.0
9a98774de11b0af3874a6f2b69db1b58,1403/07/30,775135.0,745275.0,108757.0
9a98774de11b0af3874a6f2b69db1b58,1403/08/30,775135.0,828631.0,83356.0
9a98774de11b0af3874a6f2b69db1b58,1403/09/30,775135.0,930554.0,101923.0
9a98774de11b0af3874a6f2b69db1b58,1403/10/30,775135.0,1051480.0,120926.0
9a98774de11b0af3874a6f2b69db1b58,1403/11/30,775135.0,1159291.0,107811.0
9a98774de11b0af3874a6f2b69db1b58,1403/12/30,775135.0,1308179.0,155292.0
9a98774de11b0af3874a6f2b69db1b58,1404/01/31,1308139.0,147648.0,147648.0
9a98774de11b0af3874a6f2b69db1b58,1404/02/31,1308139.0,374962.0,227314.0
9a98774de11b0af3874a6f2b69db1b58,1404/03/31,1308139.0,531248.0,156286.0
9a98774de11b0af3874a6f2b69db1b58,1404/04/31,1308139.0,686510.0,155262.0
9a98774de11b0af3874a6f2b69db1b58,1404/05/31,1308139.0,856168.0,169658.0
9a98774de11b0af3874a6f2b69db1b58,1404/06/31,1308139.0,1021921.0,165753.0
9a98774de11b0af3874a6f2b69db1b58,1404/07/30,1308139.0,1185167.0,163246.0
9a98774de11b0af3874a6f2b69db1b58,1404/08/30,1308139.0,1331505.0,146338.0
9a98774de11b0af3874a6f2b69db1b58,1404/09/30,1308139.0,1515823.0,184318.0
9a98774de11b0af3874a6f2b69db1b58,1404/10/30,1308139.0,1711886.0,196087.0
9a98774de11b0af3874a6f2b69db1b58,1404/11/30,1308139.0,1904510.0,192624.0
9a98774de11b0af3874a6f2b69db1b58,1404/12/29,1308139.0,1990788.0,86278.0
9a98774de11b0af3874a6f2b69db1b58,1405/01/31,1990788.0,169094.0,169094.0
9a98774de11b0af3874a6f2b69db1b58,1405/02/31,1990788.0,608849.0,439755.0
9a98774de11b0af3874a6f2b69db1b58,1405/03/31,0.0,0.0,380546.0
9a98774de11b0af3874a6f2b69db1b58,1405/04/31,0.0,0.0,493659.0
9ae2b0971dcfcf7effbe2ee13d292a7b,1399/07/30,0.0,0.0,336081.0
9ae2b0971dcfcf7effbe2ee13d292a7b,1399/08/30,0.0,0.0,288806.0
9ae2b0971dcfcf7effbe2ee13d292a7b,1399/09/30,0.0,0.0,550635.0
9ae2b0971dcfcf7effbe2ee13d292a7b,1399/10/30,0.0,0.0,472161.0
9ae2b0971dcfcf7effbe2ee13d292a7b,1399/11/30,0.0,0.0,320762.0
9ae2b0971dcfcf7effbe2ee13d292a7b,1399/12/29,0.0,0.0,263580.0
9ae2b0971dcfcf7effbe2ee13d292a7b,1400/01/31,0.0,0.0,236088.0
9ae2b0971dcfcf7effbe2ee13d292a7b,1400/02/31,0.0,0.0,465541.0
9ae2b0971dcfcf7effbe2ee13d292a7b,1400/03/31,0.0,0.0,492341.0
9ae2b0971dcfcf7effbe2ee13d292a7b,1400/04/31,0.0,0.0,635939.0
9ae2b0971dcfcf7effbe2ee13d292a7b,1400/05/31,0.0,0.0,567600.0
9ae2b0971dcfcf7effbe2ee13d292a7b,1400/06/31,0.0,0.0,747605.0
9ae2b0971dcfcf7effbe2ee13d292a7b,1400/07/30,0.0,0.0,627881.0
9ae2b0971dcfcf7effbe2ee13d292a7b,1400/08/30,0.0,0.0,581374.0
9ae2b0971dcfcf7effbe2ee13d292a7b,1400/09/30,0.0,0.0,586487.0
9ae2b0971dcfcf7effbe2ee13d292a7b,1400/10/30,0.0,0.0,551956.0
9ae2b0971dcfcf7effbe2ee13d292a7b,1400/11/30,0.0,0.0,630836.0
9ae2b0971dcfcf7effbe2ee13d292a7b,1400/12/29,0.0,0.0,549245.0
9ae2b0971dcfcf7effbe2ee13d292a7b,1401/01/31,0.0,0.0,1210871.0
9ae2b0971dcfcf7effbe2ee13d292a7b,1401/02/31,0.0,0.0,1798553.0
9ae2b0971dcfcf7effbe2ee13d292a7b,1401/03/31,0.0,0.0,1211170.0
9ae2b0971dcfcf7effbe2ee13d292a7b,1401/04/31,0.0,0.0,1829827.0
9ae2b0971dcfcf7effbe2ee13d292a7b,1401/05/31,0.0,0.0,1624856.0
9ae2b0971dcfcf7effbe2ee13d292a7b,1401/06/31,0.0,0.0,1364844.0
9ae2b0971dcfcf7effbe2ee13d292a7b,1401/07/30,0.0,0.0,905249.0
9ae2b0971dcfcf7effbe2ee13d292a7b,1401/08/30,0.0,0.0,733873.0
9ae2b0971dcfcf7effbe2ee13d292a7b,1401/09/30,0.0,0.0,669475.0
9ae2b0971dcfcf7effbe2ee13d292a7b,1401/10/30,0.0,0.0,724476.0
9ae2b0971dcfcf7effbe2ee13d292a7b,1401/11/30,0.0,0.0,738658.0
9ae2b0971dcfcf7effbe2ee13d292a7b,1401/12/29,0.0,0.0,727289.0
9ae2b0971dcfcf7effbe2ee13d292a7b,1402/01/31,0.0,0.0,661114.0
9ae2b0971dcfcf7effbe2ee13d292a7b,1402/02/31,0.0,0.0,741304.0
9ae2b0971dcfcf7effbe2ee13d292a7b,1402/03/31,0.0,0.0,943767.0
9ae2b0971dcfcf7effbe2ee13d292a7b,1402/04/31,0.0,0.0,1312325.0
9ae2b0971dcfcf7effbe2ee13d292a7b,1402/05/31,0.0,0.0,1409457.0
9ae2b0971dcfcf7effbe2ee13d292a7b,1402/06/31,0.0,0.0,1083426.0
9ae2b0971dcfcf7effbe2ee13d292a7b,1402/07/30,0.0,0.0,1036957.0
9ae2b0971dcfcf7effbe2ee13d292a7b,1402/08/30,0.0,0.0,1068444.0
9ae2b0971dcfcf7effbe2ee13d292a7b,1402/09/30,0.0,0.0,1087914.0
9ae2b0971dcfcf7effbe2ee13d292a7b,1402/10/30,0.0,0.0,1218871.0
9ae2b0971dcfcf7effbe2ee13d292a7b,1402/11/30,0.0,0.0,1193488.0
9ae2b0971dcfcf7effbe2ee13d292a7b,1402/12/29,0.0,0.0,1032993.0
9ae2b0971dcfcf7effbe2ee13d292a7b,1403/01/31,0.0,0.0,1559512.0
9ae2b0971dcfcf7effbe2ee13d292a7b,1403/02/31,0.0,0.0,1880814.0
9ae2b0971dcfcf7effbe2ee13d292a7b,1403/03/31,0.0,0.0,1452913.0
9ae2b0971dcfcf7effbe2ee13d292a7b,1403/04/31,0.0,0.0,2311231.0
9ae2b0971dcfcf7effbe2ee13d292a7b,1403/05/31,0.0,0.0,3005751.0
9ae2b0971dcfcf7effbe2ee13d292a7b,1403/06/31,0.0,0.0,3088455.0
9ae2b0971dcfcf7effbe2ee13d292a7b,1403/07/30,0.0,0.0,1419094.0
9ae2b0971dcfcf7effbe2ee13d292a7b,1403/08/30,0.0,0.0,1342837.0
9ae2b0971dcfcf7effbe2ee13d292a7b,1403/09/30,0.0,0.0,1571884.0
9ae2b0971dcfcf7effbe2ee13d292a7b,1403/10/30,0.0,0.0,1787078.0
9ae2b0971dcfcf7effbe2ee13d292a7b,1403/11/30,0.0,0.0,1421776.0
9ae2b0971dcfcf7effbe2ee13d292a7b,1403/12/30,0.0,0.0,1504339.0
9ae2b0971dcfcf7effbe2ee13d292a7b,1404/01/31,0.0,0.0,1930594.0
9ae2b0971dcfcf7effbe2ee13d292a7b,1404/02/31,0.0,0.0,2882007.0
9ae2b0971dcfcf7effbe2ee13d292a7b,1404/03/31,0.0,0.0,2058481.0
9ae2b0971dcfcf7effbe2ee13d292a7b,1404/04/31,0.0,0.0,3399687.0
9ae2b0971dcfcf7effbe2ee13d292a7b,1404/05/31,0.0,0.0,4378314.0
9ae2b0971dcfcf7effbe2ee13d292a7b,1404/06/31,0.0,0.0,2639825.0
9ae2b0971dcfcf7effbe2ee13d292a7b,1404/07/30,0.0,0.0,1906937.0
9ae2b0971dcfcf7effbe2ee13d292a7b,1404/08/30,0.0,0.0,2080702.0
9ae2b0971dcfcf7effbe2ee13d292a7b,1404/09/30,0.0,0.0,2174380.0
9ae2b0971dcfcf7effbe2ee13d292a7b,1404/10/30,0.0,0.0,2034844.0
9ae2b0971dcfcf7effbe2ee13d292a7b,1404/11/30,0.0,0.0,2256692.0
9ae2b0971dcfcf7effbe2ee13d292a7b,1404/12/29,0.0,0.0,1914140.0
9ae2b0971dcfcf7effbe2ee13d292a7b,1405/01/31,0.0,0.0,1784965.0
9ae2b0971dcfcf7effbe2ee13d292a7b,1405/02/31,0.0,0.0,1704322.0
9ae2b0971dcfcf7effbe2ee13d292a7b,1405/03/31,0.0,0.0,1678754.0
9ae2b0971dcfcf7effbe2ee13d292a7b,1405/04/31,0.0,0.0,2355387.0
9b49ee65d0f95a940c84528303ae18e9,1399/01/31,1379831.0,940671.0,138696.0
9b49ee65d0f95a940c84528303ae18e9,1399/02/31,1379831.0,1064384.0,123713.0
9b49ee65d0f95a940c84528303ae18e9,1399/03/31,1379831.0,1206033.0,141649.0
9b49ee65d0f95a940c84528303ae18e9,1399/04/31,1379831.0,1494376.0,185076.0
9b49ee65d0f95a940c84528303ae18e9,1399/05/31,1379831.0,1676966.0,182590.0
9b49ee65d0f95a940c84528303ae18e9,1399/06/31,1379831.0,1897991.0,221025.0
9b49ee65d0f95a940c84528303ae18e9,1399/07/30,1897974.0,399120.0,199560.0
9b49ee65d0f95a940c84528303ae18e9,1399/08/30,1897974.0,443679.0,223535.0
9b49ee65d0f95a940c84528303ae18e9,1399/09/30,1897974.0,654989.0,211310.0
9b49ee65d0f95a940c84528303ae18e9,1399/10/30,1897974.0,930154.0,256262.0
9b49ee65d0f95a940c84528303ae18e9,1399/11/30,1897974.0,1199249.0,269095.0
9b49ee65d0f95a940c84528303ae18e9,1399/12/30,1897974.0,1484191.0,284942.0
9b49ee65d0f95a940c84528303ae18e9,1400/01/31,1897974.0,1735499.0,257699.0
9b49ee65d0f95a940c84528303ae18e9,1400/02/31,1897974.0,1984723.0,249224.0
9b49ee65d0f95a940c84528303ae18e9,1400/03/31,1897974.0,2567924.0,277280.0
9b49ee65d0f95a940c84528303ae18e9,1400/04/31,1897974.0,2824924.0,257000.0
9b49ee65d0f95a940c84528303ae18e9,1400/05/31,1897974.0,3099666.0,274742.0
9b49ee65d0f95a940c84528303ae18e9,1400/06/31,1897974.0,3882001.0,405680.0
9b49ee65d0f95a940c84528303ae18e9,1400/07/30,3867841.0,407771.0,407771.0
9b49ee65d0f95a940c84528303ae18e9,1400/08/30,3867841.0,804865.0,397094.0
9b49ee65d0f95a940c84528303ae18e9,1400/09/30,3867841.0,1187575.0,382710.0
9b49ee65d0f95a940c84528303ae18e9,1400/10/30,3867841.0,1568477.0,364993.0
9b49ee65d0f95a940c84528303ae18e9,1400/11/30,3867841.0,1938394.0,369917.0
9b49ee65d0f95a940c84528303ae18e9,1400/12/29,3867841.0,2354867.0,416473.0
9b49ee65d0f95a940c84528303ae18e9,1401/01/31,3867841.0,2795642.0,440775.0
9b49ee65d0f95a940c84528303ae18e9,1401/02/31,3867841.0,3219609.0,384831.0
9b49ee65d0f95a940c84528303ae18e9,1401/03/31,3867841.0,3557634.0,338025.0
9b49ee65d0f95a940c84528303ae18e9,1401/04/31,3867841.0,3922499.0,368338.0
9b49ee65d0f95a940c84528303ae18e9,1401/05/31,3867841.0,4293317.0,370818.0
9b49ee65d0f95a940c84528303ae18e9,1401/06/31,3867841.0,5376022.0,552034.0
9b49ee65d0f95a940c84528303ae18e9,1401/07/30,5376022.0,452634.0,452634.0
9b49ee65d0f95a940c84528303ae18e9,1401/08/30,5363345.0,939499.0,486865.0
9b49ee65d0f95a940c84528303ae18e9,1401/09/30,5472408.0,1593844.0,630221.0
9b49ee65d0f95a940c84528303ae18e9,1401/10/30,5472408.0,2227928.0,632224.0
9b49ee65d0f95a940c84528303ae18e9,1401/11/30,2933282.0,669369.0,2263913.0
9b49ee65d0f95a940c84528303ae18e9,1401/12/29,5472408.0,3478050.0,544768.0
9b49ee65d0f95a940c84528303ae18e9,1402/01/31,5472408.0,4042602.0,592187.0
9b49ee65d0f95a940c84528303ae18e9,1402/02/31,5472408.0,4577676.0,535074.0
9b49ee65d0f95a940c84528303ae18e9,1402/03/31,5473408.0,5091825.0,514149.0
9b49ee65d0f95a940c84528303ae18e9,1402/04/31,5472223.0,5789897.0,541094.0
9b49ee65d0f95a940c84528303ae18e9,1402/05/31,5472223.0,6287946.0,498049.0
9b49ee65d0f95a940c84528303ae18e9,1402/06/31,5472223.0,6866736.0,578790.0
9b49ee65d0f95a940c84528303ae18e9,1402/07/30,6866736.0,560994.0,560994.0
9b49ee65d0f95a940c84528303ae18e9,1402/08/30,6991250.0,1143308.0,582314.0
9b49ee65d0f95a940c84528303ae18e9,1402/09/30,6991250.0,1692267.0,548959.0
9b49ee65d0f95a940c84528303ae18e9,1402/10/30,6980131.0,2211655.0,519388.0
9b49ee65d0f95a940c84528303ae18e9,1402/11/30,6980131.0,2930790.0,602614.0
9b49ee65d0f95a940c84528303ae18e9,1402/12/29,3491994.0,561204.0,2930790.0
9b49ee65d0f95a940c84528303ae18e9,1403/01/31,6980131.0,4276746.0,714817.0
9b49ee65d0f95a940c84528303ae18e9,1403/02/30,6980131.0,4987145.0,710399.0
9b49ee65d0f95a940c84528303ae18e9,1403/03/31,6980131.0,5787306.0,800161.0
9b49ee65d0f95a940c84528303ae18e9,1403/04/31,6980131.0,6917909.0,785403.0
9b49ee65d0f95a940c84528303ae18e9,1403/05/31,6980131.0,7943235.0,874815.0
9b49ee65d0f95a940c84528303ae18e9,1403/06/31,6980131.0,8750816.0,807581.0
9b49ee65d0f95a940c84528303ae18e9,1403/07/30,8806404.0,906067.0,906067.0
9b49ee65d0f95a940c84528303ae18e9,1403/08/30,8806404.0,1998605.0,1092538.0
9b49ee65d0f95a940c84528303ae18e9,1403/09/30,8806404.0,3008489.0,1009884.0
9b49ee65d0f95a940c84528303ae18e9,1403/10/30,8806404.0,4140625.0,1132136.0
9b49ee65d0f95a940c84528303ae18e9,1403/11/30,8806404.0,5259590.0,1118965.0
9b49ee65d0f95a940c84528303ae18e9,1403/12/30,8806404.0,6537337.0,1277747.0
9b49ee65d0f95a940c84528303ae18e9,1404/01/31,8806404.0,7624932.0,1087595.0
9b49ee65d0f95a940c84528303ae18e9,1404/02/31,8806404.0,8575905.0,950973.0
9b49ee65d0f95a940c84528303ae18e9,1404/03/31,8806404.0,9605476.0,1029571.0
9b49ee65d0f95a940c84528303ae18e9,1404/04/31,8806404.0,10603643.0,998167.0
9b49ee65d0f95a940c84528303ae18e9,1404/05/31,8806404.0,11704799.0,1101156.0
9b49ee65d0f95a940c84528303ae18e9,1404/06/31,8806404.0,13488266.0,967351.0
9b49ee65d0f95a940c84528303ae18e9,1404/07/30,13488266.0,1288309.0,1288309.0
9b49ee65d0f95a940c84528303ae18e9,1404/08/30,13560677.0,2426975.0,1138666.0
9b49ee65d0f95a940c84528303ae18e9,1404/09/30,13565786.0,3419340.0,992365.0
9b49ee65d0f95a940c84528303ae18e9,1404/10/30,13565786.0,6983402.0,1708934.0
9b49ee65d0f95a940c84528303ae18e9,1404/11/30,13565786.0,9092297.0,2108895.0
9b49ee65d0f95a940c84528303ae18e9,1404/12/29,13565786.0,11248975.0,2156678.0
9b49ee65d0f95a940c84528303ae18e9,1405/01/31,13565786.0,13952486.0,2702103.0
9b49ee65d0f95a940c84528303ae18e9,1405/02/31,13565786.0,17004443.0,3051957.0
9b49ee65d0f95a940c84528303ae18e9,1405/03/31,0.0,0.0,2409718.0
9b6c775a14118735ecb3d0efbf6b7a8e,1401/02/31,0.0,0.0,1168289.0
9b6c775a14118735ecb3d0efbf6b7a8e,1401/03/31,0.0,0.0,950461.0
9b6c775a14118735ecb3d0efbf6b7a8e,1401/04/31,0.0,0.0,343950.0
9b6c775a14118735ecb3d0efbf6b7a8e,1401/05/31,0.0,0.0,1370410.0
9b6c775a14118735ecb3d0efbf6b7a8e,1401/06/31,0.0,0.0,1315444.0
9b6c775a14118735ecb3d0efbf6b7a8e,1401/07/30,0.0,0.0,1358530.0
9b6c775a14118735ecb3d0efbf6b7a8e,1401/08/30,0.0,0.0,1200969.0
9b6c775a14118735ecb3d0efbf6b7a8e,1401/09/30,0.0,0.0,804847.0
9b6c775a14118735ecb3d0efbf6b7a8e,1401/10/30,0.0,0.0,1143770.0
9b6c775a14118735ecb3d0efbf6b7a8e,1401/11/30,0.0,0.0,1235372.0
9b6c775a14118735ecb3d0efbf6b7a8e,1401/12/29,0.0,0.0,1701353.0
9b6c775a14118735ecb3d0efbf6b7a8e,1402/01/30,0.0,0.0,1341256.0
9b6c775a14118735ecb3d0efbf6b7a8e,1402/02/31,0.0,0.0,1688212.0
9b6c775a14118735ecb3d0efbf6b7a8e,1402/03/31,0.0,0.0,1305889.0
9b6c775a14118735ecb3d0efbf6b7a8e,1402/04/30,0.0,0.0,748285.0
9b6c775a14118735ecb3d0efbf6b7a8e,1402/05/30,0.0,0.0,1925820.0
9b6c775a14118735ecb3d0efbf6b7a8e,1402/06/30,0.0,0.0,1786128.0
9b6c775a14118735ecb3d0efbf6b7a8e,1402/07/30,0.0,0.0,1932712.0
9b6c775a14118735ecb3d0efbf6b7a8e,1402/08/30,0.0,0.0,1636883.0
9b6c775a14118735ecb3d0efbf6b7a8e,1402/09/30,0.0,0.0,1997658.0
9b6c775a14118735ecb3d0efbf6b7a8e,1402/10/30,0.0,0.0,1962310.0
9b6c775a14118735ecb3d0efbf6b7a8e,1402/11/30,0.0,0.0,2119831.0
9b6c775a14118735ecb3d0efbf6b7a8e,1402/12/29,0.0,0.0,1988879.0
9b6c775a14118735ecb3d0efbf6b7a8e,1403/01/31,0.0,0.0,1972108.0
9b6c775a14118735ecb3d0efbf6b7a8e,1403/02/31,0.0,0.0,2195683.0
9b6c775a14118735ecb3d0efbf6b7a8e,1403/03/30,0.0,0.0,2436330.0
9b6c775a14118735ecb3d0efbf6b7a8e,1403/04/31,0.0,0.0,2149650.0
9b6c775a14118735ecb3d0efbf6b7a8e,1403/05/31,0.0,0.0,1515518.0
9b6c775a14118735ecb3d0efbf6b7a8e,1403/06/31,0.0,0.0,194306.0
9b6c775a14118735ecb3d0efbf6b7a8e,1403/07/30,0.0,0.0,1396372.0
9b6c775a14118735ecb3d0efbf6b7a8e,1403/08/30,0.0,0.0,1920385.0
9b6c775a14118735ecb3d0efbf6b7a8e,1403/09/30,0.0,0.0,1588140.0
9b6c775a14118735ecb3d0efbf6b7a8e,1403/10/30,0.0,0.0,2856919.0
9b6c775a14118735ecb3d0efbf6b7a8e,1403/11/30,0.0,0.0,2882695.0
9b6c775a14118735ecb3d0efbf6b7a8e,1403/12/30,0.0,0.0,3629012.0
9b6c775a14118735ecb3d0efbf6b7a8e,1404/01/31,0.0,0.0,2956937.0
9b6c775a14118735ecb3d0efbf6b7a8e,1404/02/31,0.0,0.0,2149476.0
9b6c775a14118735ecb3d0efbf6b7a8e,1404/03/31,0.0,0.0,2161457.0
9b6c775a14118735ecb3d0efbf6b7a8e,1404/04/31,0.0,0.0,2130517.0
9b6c775a14118735ecb3d0efbf6b7a8e,1404/05/31,0.0,0.0,1518040.0
9b6c775a14118735ecb3d0efbf6b7a8e,1404/06/31,0.0,0.0,1538491.0
9b6c775a14118735ecb3d0efbf6b7a8e,1404/07/30,0.0,0.0,2357477.0
9b6c775a14118735ecb3d0efbf6b7a8e,1404/08/30,0.0,0.0,1162856.0
9b6c775a14118735ecb3d0efbf6b7a8e,1404/09/30,0.0,0.0,3613394.0
9b6c775a14118735ecb3d0efbf6b7a8e,1404/10/30,0.0,0.0,4336873.0
9b6c775a14118735ecb3d0efbf6b7a8e,1404/11/30,0.0,0.0,5883446.0
9b6c775a14118735ecb3d0efbf6b7a8e,1404/12/29,0.0,0.0,3004622.0
9b6c775a14118735ecb3d0efbf6b7a8e,1405/01/31,0.0,0.0,3469521.0
9b6c775a14118735ecb3d0efbf6b7a8e,1405/02/31,0.0,0.0,6044797.0
9b6c775a14118735ecb3d0efbf6b7a8e,1405/03/31,0.0,0.0,12335593.0
9b6c775a14118735ecb3d0efbf6b7a8e,1405/04/31,0.0,0.0,7892829.0
9b6c775a14118735ecb3d0efbf6b7a8e,1405/05/31,0.0,0.0,4327730.0
9bd78c98b11a21d9cff6e5172cad1d14,1399/06/31,9442872.0,12816133.0,3377385.0
9bd78c98b11a21d9cff6e5172cad1d14,1399/07/30,11561234.0,16397877.0,3581745.0
9bd78c98b11a21d9cff6e5172cad1d14,1399/08/30,14260720.0,19125282.0,2727405.0
9bd78c98b11a21d9cff6e5172cad1d14,1399/09/30,17575534.0,21428089.0,2302807.0
9bd78c98b11a21d9cff6e5172cad1d14,1399/10/30,21850035.0,26352311.0,4924220.0
9bd78c98b11a21d9cff6e5172cad1d14,1399/11/30,25137198.0,33329726.0,6977416.0
9bd78c98b11a21d9cff6e5172cad1d14,1399/12/30,27251854.0,49749952.0,16420226.0
9bd78c98b11a21d9cff6e5172cad1d14,1400/01/31,569247.0,20997.0,20997.0
9bd78c98b11a21d9cff6e5172cad1d14,1400/02/31,2338732.0,1812870.0,1791871.0
9bd78c98b11a21d9cff6e5172cad1d14,1400/03/31,5096333.0,2753657.0,940788.0
9bd78c98b11a21d9cff6e5172cad1d14,1400/04/31,7263550.0,5078140.0,2324482.0
9bd78c98b11a21d9cff6e5172cad1d14,1400/05/31,9438748.0,8911165.0,3833025.0
9bd78c98b11a21d9cff6e5172cad1d14,1400/06/31,12816133.0,15097326.0,6186160.0
9bd78c98b11a21d9cff6e5172cad1d14,1400/07/30,16397877.0,22187174.0,7089848.0
9bd78c98b11a21d9cff6e5172cad1d14,1400/08/30,19125282.0,33259335.0,11540819.0
9bd78c98b11a21d9cff6e5172cad1d14,1400/09/30,21428090.0,42540527.0,9281192.0
9bd78c98b11a21d9cff6e5172cad1d14,1400/10/30,26352311.0,49156711.0,6616184.0
9bd78c98b11a21d9cff6e5172cad1d14,1400/11/30,33329726.0,60979890.0,11823178.0
9bd78c98b11a21d9cff6e5172cad1d14,1400/12/29,52019511.0,84874410.0,10754083.0
9bd78c98b11a21d9cff6e5172cad1d14,1401/01/31,20997.0,6330603.0,6330603.0
9bd78c98b11a21d9cff6e5172cad1d14,1401/02/31,1812870.0,12506560.0,6175956.0
9bd78c98b11a21d9cff6e5172cad1d14,1401/03/31,3933917.0,26666753.0,18545981.0
9bd78c98b11a21d9cff6e5172cad1d14,1401/04/31,5078140.0,35759726.0,9075318.0
9bd78c98b11a21d9cff6e5172cad1d14,1401/05/31,8911165.0,53380174.0,17620459.0
9bd78c98b11a21d9cff6e5172cad1d14,1401/06/31,18789227.0,65302269.0,11713459.0
9bd78c98b11a21d9cff6e5172cad1d14,1401/07/30,22187173.0,76977479.0,11666746.0
9bd78c98b11a21d9cff6e5172cad1d14,1401/08/30,33259335.0,100191728.0,23214249.0
9bd78c98b11a21d9cff6e5172cad1d14,1401/09/30,49448997.0,117840871.0,16382562.0
9bd78c98b11a21d9cff6e5172cad1d14,1401/10/30,49156711.0,137576300.0,21001920.0
9bd78c98b11a21d9cff6e5172cad1d14,1401/11/30,60979890.0,156586007.0,19009708.0
9bd78c98b11a21d9cff6e5172cad1d14,1401/12/29,84874410.0,174152330.0,17447796.0
9bd78c98b11a21d9cff6e5172cad1d14,1402/01/31,6330603.0,6302968.0,6302968.0
9bd78c98b11a21d9cff6e5172cad1d14,1402/02/31,12506560.0,54989027.0,48686059.0
9bd78c98b11a21d9cff6e5172cad1d14,1402/03/31,26666753.0,61867130.0,6657938.0
9bd78c98b11a21d9cff6e5172cad1d14,1402/04/31,35759726.0,65205267.0,3757800.0
9bd78c98b11a21d9cff6e5172cad1d14,1402/05/31,53380174.0,79375428.0,14170160.0
9bd78c98b11a21d9cff6e5172cad1d14,1402/06/31,65302269.0,106898766.0,22152519.0
9bd78c98b11a21d9cff6e5172cad1d14,1402/07/30,76977479.0,116280868.0,9382102.0
9bd78c98b11a21d9cff6e5172cad1d14,1402/08/30,100191728.0,123435125.0,12525077.0
9bd78c98b11a21d9cff6e5172cad1d14,1402/09/30,117840871.0,146437009.0,20755710.0
9bd78c98b11a21d9cff6e5172cad1d14,1402/10/30,137576300.0,189559859.0,43122850.0
9bd78c98b11a21d9cff6e5172cad1d14,1402/11/30,156586007.0,223453226.0,33893365.0
9bd78c98b11a21d9cff6e5172cad1d14,1402/12/29,174152330.0,278336026.0,53045213.0
9bd78c98b11a21d9cff6e5172cad1d14,1403/01/31,6302968.0,28786695.0,28786695.0
9bd78c98b11a21d9cff6e5172cad1d14,1403/02/31,54989027.0,62730533.0,33943836.0
9bd78c98b11a21d9cff6e5172cad1d14,1403/03/31,61867131.0,86024396.0,21724253.0
9bd78c98b11a21d9cff6e5172cad1d14,1403/04/31,65205267.0,100287683.0,14263287.0
9bd78c98b11a21d9cff6e5172cad1d14,1403/05/31,79375428.0,106128990.0,5841306.0
9bd78c98b11a21d9cff6e5172cad1d14,1403/06/31,106898766.0,120982457.0,14265725.0
9bd78c98b11a21d9cff6e5172cad1d14,1403/07/30,116280868.0,147697964.0,26715506.0
9bd78c98b11a21d9cff6e5172cad1d14,1403/08/30,123435125.0,176825694.0,29127730.0
9bd78c98b11a21d9cff6e5172cad1d14,1403/09/30,146437009.0,217194571.0,40368877.0
9bd78c98b11a21d9cff6e5172cad1d14,1403/10/30,189559859.0,256452461.0,39025308.0
9bd78c98b11a21d9cff6e5172cad1d14,1403/11/30,223453226.0,297270262.0,40817801.0
9bd78c98b11a21d9cff6e5172cad1d14,1403/12/30,278336026.0,352316330.0,55046068.0
9bd78c98b11a21d9cff6e5172cad1d14,1404/01/31,28786695.0,5784112.0,5784112.0
9bd78c98b11a21d9cff6e5172cad1d14,1404/02/31,62730533.0,19347279.0,13563167.0
9bd78c98b11a21d9cff6e5172cad1d14,1404/03/31,84454786.0,27552726.0,8205447.0
9bd78c98b11a21d9cff6e5172cad1d14,1404/04/31,100287683.0,35261450.0,7708724.0
9bd78c98b11a21d9cff6e5172cad1d14,1404/05/31,106128990.0,61918989.0,26657539.0
9bd78c98b11a21d9cff6e5172cad1d14,1404/06/31,120982457.0,115911729.0,53992741.0
9bd78c98b11a21d9cff6e5172cad1d14,1404/07/30,147697964.0,133981718.0,14440191.0
9bd78c98b11a21d9cff6e5172cad1d14,1404/08/30,176825694.0,151831322.0,17849605.0
9bd78c98b11a21d9cff6e5172cad1d14,1404/09/30,217194571.0,172982845.0,21151523.0
9bd78c98b11a21d9cff6e5172cad1d14,1404/10/30,256452461.0,210884395.0,37901550.0
9bd78c98b11a21d9cff6e5172cad1d14,1404/11/30,297270262.0,243751119.0,32866724.0
9bd78c98b11a21d9cff6e5172cad1d14,1404/12/29,357582903.0,260797114.0,17045995.0
9bd78c98b11a21d9cff6e5172cad1d14,1405/01/31,5784112.0,8929072.0,8929072.0
9bd78c98b11a21d9cff6e5172cad1d14,1405/02/31,19347279.0,51109204.0,42180132.0
9bd78c98b11a21d9cff6e5172cad1d14,1405/03/31,0.0,0.0,44410484.0
9bef79cc77bbecdafa3e66106bb8253b,1400/09/30,2219293.0,2536306.0,19492.0
9bef79cc77bbecdafa3e66106bb8253b,1400/11/30,115178.0,155921.0,80615.0
9bef79cc77bbecdafa3e66106bb8253b,1400/12/29,249375.0,225605.0,69684.0
9bef79cc77bbecdafa3e66106bb8253b,1401/01/31,638749.0,306949.0,81344.0
9bef79cc77bbecdafa3e66106bb8253b,1401/02/31,724871.0,1245620.0,938671.0
9bef79cc77bbecdafa3e66106bb8253b,1401/03/31,944762.0,2156237.0,910617.0
9bef79cc77bbecdafa3e66106bb8253b,1401/04/31,1708811.0,2470886.0,314649.0
9bef79cc77bbecdafa3e66106bb8253b,1401/05/31,1835024.0,3968675.0,1497789.0
9bef79cc77bbecdafa3e66106bb8253b,1401/06/31,1899690.0,4429602.0,460927.0
9bef79cc77bbecdafa3e66106bb8253b,1401/07/30,2129182.0,4614391.0,184789.0
9bef79cc77bbecdafa3e66106bb8253b,1401/08/30,2206509.0,4837820.0,223429.0
9bef79cc77bbecdafa3e66106bb8253b,1401/09/30,2536306.0,4077023.0,17576.0
9bef79cc77bbecdafa3e66106bb8253b,1401/10/30,75306.0,162501.0,162501.0
9bef79cc77bbecdafa3e66106bb8253b,1401/11/30,155921.0,751215.0,588714.0
9bef79cc77bbecdafa3e66106bb8253b,1402/01/31,306949.0,2073045.0,507325.0
9bef79cc77bbecdafa3e66106bb8253b,1402/02/31,1245620.0,3912027.0,1838982.0
9bef79cc77bbecdafa3e66106bb8253b,1402/03/31,2156237.0,5874064.0,1962037.0
9bef79cc77bbecdafa3e66106bb8253b,1402/04/31,2470886.0,7777837.0,1903773.0
9bef79cc77bbecdafa3e66106bb8253b,1402/05/31,3968675.0,7904879.0,127042.0
9bef79cc77bbecdafa3e66106bb8253b,1402/06/31,4429602.0,8116991.0,212112.0
9bef79cc77bbecdafa3e66106bb8253b,1402/07/30,4614391.0,8373177.0,256186.0
9bef79cc77bbecdafa3e66106bb8253b,1402/08/30,4837820.0,9705855.0,1332678.0
9bef79cc77bbecdafa3e66106bb8253b,1402/09/30,4077023.0,9884691.0,178836.0
9bef79cc77bbecdafa3e66106bb8253b,1402/10/30,162501.0,180734.0,180734.0
9bef79cc77bbecdafa3e66106bb8253b,1402/11/30,751215.0,376312.0,195578.0
9bef79cc77bbecdafa3e66106bb8253b,1402/12/29,1565720.0,543554.0,167242.0
9bef79cc77bbecdafa3e66106bb8253b,1403/01/31,2073045.0,914435.0,370881.0
9bef79cc77bbecdafa3e66106bb8253b,1403/02/31,3912027.0,1386491.0,472056.0
9bef79cc77bbecdafa3e66106bb8253b,1403/03/31,5874064.0,4190318.0,2803827.0
9bef79cc77bbecdafa3e66106bb8253b,1403/04/31,7777837.0,5691672.0,1501354.0
9bef79cc77bbecdafa3e66106bb8253b,1403/05/31,7904879.0,6326575.0,634903.0
9bef79cc77bbecdafa3e66106bb8253b,1403/06/31,8116991.0,6888429.0,561854.0
9bef79cc77bbecdafa3e66106bb8253b,1403/07/30,8373174.0,8668335.0,1779906.0
9bef79cc77bbecdafa3e66106bb8253b,1403/08/30,9705855.0,9086184.0,417849.0
9bef79cc77bbecdafa3e66106bb8253b,1403/09/30,9884691.0,10613925.0,1527741.0
9bef79cc77bbecdafa3e66106bb8253b,1403/10/30,180734.0,232757.0,232757.0
9bef79cc77bbecdafa3e66106bb8253b,1403/11/30,376312.0,1019170.0,786413.0
9bef79cc77bbecdafa3e66106bb8253b,1403/12/30,543554.0,2355452.0,1336282.0
9bef79cc77bbecdafa3e66106bb8253b,1404/01/31,914435.0,3038763.0,683311.0
9bef79cc77bbecdafa3e66106bb8253b,1404/02/31,1386491.0,3629162.0,590399.0
9bef79cc77bbecdafa3e66106bb8253b,1404/03/31,4190318.0,5120499.0,1491337.0
9bef79cc77bbecdafa3e66106bb8253b,1404/04/31,5691672.0,6611692.0,1491193.0
9bef79cc77bbecdafa3e66106bb8253b,1404/05/31,6326575.0,8072336.0,1460644.0
9bef79cc77bbecdafa3e66106bb8253b,1404/06/31,6888429.0,8760567.0,688231.0
9bef79cc77bbecdafa3e66106bb8253b,1404/07/30,8668335.0,9127177.0,366610.0
9bef79cc77bbecdafa3e66106bb8253b,1404/08/30,9086184.0,10519127.0,1391872.0
9bef79cc77bbecdafa3e66106bb8253b,1404/09/30,10613925.0,11927148.0,1408021.0
9bef79cc77bbecdafa3e66106bb8253b,1404/10/30,232757.0,258695.0,258695.0
9bef79cc77bbecdafa3e66106bb8253b,1404/11/30,1019170.0,1925978.0,1667283.0
9bef79cc77bbecdafa3e66106bb8253b,1404/12/29,2355452.0,2496427.0,570449.0
9bef79cc77bbecdafa3e66106bb8253b,1405/01/31,3038763.0,5539209.0,3042782.0
9bef79cc77bbecdafa3e66106bb8253b,1405/02/31,3629162.0,9739713.0,4200504.0
9bef79cc77bbecdafa3e66106bb8253b,1405/03/31,0.0,0.0,5832558.0
9bef79cc77bbecdafa3e66106bb8253b,1405/04/31,0.0,0.0,5096635.0
9ec90a47014c21843c4239f7a99a76f1,1401/10/30,0.0,0.0,4968923.0
9ec90a47014c21843c4239f7a99a76f1,1401/11/30,0.0,0.0,16802165.0
9ec90a47014c21843c4239f7a99a76f1,1401/12/29,0.0,0.0,11190118.0
9ec90a47014c21843c4239f7a99a76f1,1402/01/31,0.0,0.0,6313612.0
9ec90a47014c21843c4239f7a99a76f1,1402/02/31,0.0,0.0,10759851.0
9ec90a47014c21843c4239f7a99a76f1,1402/03/31,0.0,0.0,8583283.0
9ec90a47014c21843c4239f7a99a76f1,1402/04/31,0.0,0.0,10478722.0
9ec90a47014c21843c4239f7a99a76f1,1402/05/31,0.0,0.0,13503906.0
9ec90a47014c21843c4239f7a99a76f1,1402/06/31,0.0,0.0,3377375.0
9ec90a47014c21843c4239f7a99a76f1,1402/07/30,0.0,0.0,14421482.0
9ec90a47014c21843c4239f7a99a76f1,1402/08/30,0.0,0.0,12964214.0
9ec90a47014c21843c4239f7a99a76f1,1402/09/30,0.0,0.0,18604542.0
9ec90a47014c21843c4239f7a99a76f1,1402/10/30,0.0,0.0,12152292.0
9ec90a47014c21843c4239f7a99a76f1,1402/11/30,0.0,0.0,15670307.0
9ec90a47014c21843c4239f7a99a76f1,1402/12/29,0.0,0.0,13610069.0
9ec90a47014c21843c4239f7a99a76f1,1403/01/31,0.0,0.0,2332918.0
9ec90a47014c21843c4239f7a99a76f1,1403/02/31,0.0,0.0,14173844.0
9ec90a47014c21843c4239f7a99a76f1,1403/03/31,0.0,0.0,17038238.0
9ec90a47014c21843c4239f7a99a76f1,1403/04/31,0.0,0.0,7311086.0
9ec90a47014c21843c4239f7a99a76f1,1403/05/31,0.0,0.0,16610709.0
9ec90a47014c21843c4239f7a99a76f1,1403/06/31,0.0,0.0,27058262.0
9ec90a47014c21843c4239f7a99a76f1,1403/07/30,0.0,0.0,6965287.0
9ec90a47014c21843c4239f7a99a76f1,1403/08/30,0.0,0.0,14482769.0
9ec90a47014c21843c4239f7a99a76f1,1403/09/30,0.0,0.0,6716989.0
9ec90a47014c21843c4239f7a99a76f1,1403/10/30,0.0,0.0,23529871.0
9ec90a47014c21843c4239f7a99a76f1,1403/11/30,0.0,0.0,1455835.0
9ec90a47014c21843c4239f7a99a76f1,1403/12/30,0.0,0.0,31239036.0
9ec90a47014c21843c4239f7a99a76f1,1404/01/31,0.0,0.0,11582663.0
9ec90a47014c21843c4239f7a99a76f1,1404/02/31,0.0,0.0,23270993.0
9ec90a47014c21843c4239f7a99a76f1,1404/03/31,0.0,0.0,15873575.0
9ec90a47014c21843c4239f7a99a76f1,1404/04/31,0.0,0.0,20566099.0
9ec90a47014c21843c4239f7a99a76f1,1404/05/31,0.0,0.0,8362734.0
9ec90a47014c21843c4239f7a99a76f1,1404/06/31,0.0,0.0,19100576.0
9ec90a47014c21843c4239f7a99a76f1,1404/07/30,0.0,0.0,14507051.0
9ec90a47014c21843c4239f7a99a76f1,1404/08/30,0.0,0.0,11709041.0
9ec90a47014c21843c4239f7a99a76f1,1404/09/30,0.0,0.0,27925190.0
9ec90a47014c21843c4239f7a99a76f1,1404/10/30,0.0,0.0,29313312.0
9ec90a47014c21843c4239f7a99a76f1,1404/11/30,0.0,0.0,25865645.0
9ec90a47014c21843c4239f7a99a76f1,1404/12/29,0.0,0.0,4107077.0
9ec90a47014c21843c4239f7a99a76f1,1405/01/31,0.0,0.0,87443977.0
9ec90a47014c21843c4239f7a99a76f1,1405/02/31,0.0,0.0,21223666.0
9ec90a47014c21843c4239f7a99a76f1,1405/03/31,0.0,0.0,33054721.0
9ec90a47014c21843c4239f7a99a76f1,1405/04/31,0.0,0.0,2401639.0
9ec90a47014c21843c4239f7a99a76f1,1405/05/31,0.0,0.0,36579965.0
9f4709224be63e56349d1cc368e5f005,1399/01/31,1603215.0,1226427.0,1226427.0
9f4709224be63e56349d1cc368e5f005,1399/02/31,4408220.0,4847075.0,3620648.0
9f4709224be63e56349d1cc368e5f005,1399/03/31,7459143.0,10936599.0,6089524.0
9f4709224be63e56349d1cc368e5f005,1399/04/31,9897500.0,15180934.0,4244335.0
9f4709224be63e56349d1cc368e5f005,1399/05/31,12812646.0,20158042.0,4977108.0
9f4709224be63e56349d1cc368e5f005,1399/06/31,14448669.0,25675030.0,5516988.0
9f4709224be63e56349d1cc368e5f005,1399/07/30,15854407.0,30636185.0,4961155.0
9f4709224be63e56349d1cc368e5f005,1399/08/30,20375536.0,36957456.0,6321271.0
9f4709224be63e56349d1cc368e5f005,1399/09/30,23230119.0,43107738.0,6150282.0
9f4709224be63e56349d1cc368e5f005,1399/10/30,26220265.0,53024517.0,9916779.0
9f4709224be63e56349d1cc368e5f005,1399/11/30,30335173.0,57940294.0,4915777.0
9f4709224be63e56349d1cc368e5f005,1399/12/30,34103671.0,69198972.0,11258678.0
9f4709224be63e56349d1cc368e5f005,1400/01/31,1226427.0,3400326.0,3400326.0
9f4709224be63e56349d1cc368e5f005,1400/02/31,4847075.0,8956835.0,5556509.0
9f4709224be63e56349d1cc368e5f005,1400/03/31,10936599.0,16730505.0,7773670.0
9f4709224be63e56349d1cc368e5f005,1400/04/31,15180934.0,30814852.0,14084347.0
9f4709224be63e56349d1cc368e5f005,1400/05/31,20158042.0,39213392.0,8398540.0
9f4709224be63e56349d1cc368e5f005,1400/06/31,25674117.0,44163208.0,4949816.0
9f4709224be63e56349d1cc368e5f005,1400/07/30,30636185.0,47512270.0,3349062.0
9f4709224be63e56349d1cc368e5f005,1400/08/30,36957456.0,54662557.0,7150287.0
9f4709224be63e56349d1cc368e5f005,1400/09/30,43107738.0,65290363.0,10627806.0
9f4709224be63e56349d1cc368e5f005,1400/10/30,53024517.0,70340506.0,5050143.0
9f4709224be63e56349d1cc368e5f005,1400/11/30,57940294.0,81563617.0,11223111.0
9f4709224be63e56349d1cc368e5f005,1400/12/29,69198972.0,96104375.0,14540758.0
9f4709224be63e56349d1cc368e5f005,1401/01/31,3400326.0,5514125.0,5514125.0
9f4709224be63e56349d1cc368e5f005,1401/03/31,16730505.0,29815227.0,14069117.0
9f4709224be63e56349d1cc368e5f005,1401/04/31,30814852.0,40758960.0,10943733.0
9f4709224be63e56349d1cc368e5f005,1401/05/31,39213392.0,49311021.0,8552061.0
9f4709224be63e56349d1cc368e5f005,1401/06/31,44163208.0,62961990.0,13650969.0
9f4709224be63e56349d1cc368e5f005,1401/07/30,47512270.0,73517290.0,10555300.0
9f4709224be63e56349d1cc368e5f005,1401/08/30,54662557.0,90178757.0,16661467.0
9f4709224be63e56349d1cc368e5f005,1401/09/30,65290363.0,103959036.0,13780279.0
9f4709224be63e56349d1cc368e5f005,1401/10/30,70340506.0,110781881.0,6822845.0
9f4709224be63e56349d1cc368e5f005,1401/11/30,81563617.0,118085387.0,7303506.0
9f4709224be63e56349d1cc368e5f005,1401/12/29,96104375.0,135645811.0,17560424.0
9f4709224be63e56349d1cc368e5f005,1402/01/31,5514125.0,7957469.0,7957469.0
9f4709224be63e56349d1cc368e5f005,1402/02/31,15746110.0,31781861.0,23824392.0
9f4709224be63e56349d1cc368e5f005,1402/03/31,29815227.0,51154961.0,19373100.0
9f4709224be63e56349d1cc368e5f005,1402/04/31,40758960.0,65176049.0,14021088.0
9f4709224be63e56349d1cc368e5f005,1402/05/31,49311021.0,73395050.0,8219001.0
9f4709224be63e56349d1cc368e5f005,1402/06/31,62961990.0,89882304.0,16487254.0
9f4709224be63e56349d1cc368e5f005,1402/07/30,73517290.0,98235414.0,8353110.0
9f4709224be63e56349d1cc368e5f005,1402/08/30,90178757.0,108393706.0,10158292.0
9f4709224be63e56349d1cc368e5f005,1402/09/30,103959036.0,140978993.0,32585287.0
9f4709224be63e56349d1cc368e5f005,1402/10/30,110781881.0,153164667.0,12185674.0
9f4709224be63e56349d1cc368e5f005,1402/11/30,118085387.0,170682660.0,17517993.0
9f4709224be63e56349d1cc368e5f005,1402/12/29,135645811.0,182455037.0,11772377.0
9f4709224be63e56349d1cc368e5f005,1403/01/31,7957469.0,16174059.0,16174059.0
9f4709224be63e56349d1cc368e5f005,1403/02/31,31781861.0,37126484.0,20952425.0
9f4709224be63e56349d1cc368e5f005,1403/03/31,51154961.0,59599084.0,22472600.0
9f4709224be63e56349d1cc368e5f005,1403/04/31,65176049.0,65300344.0,5701260.0
9f4709224be63e56349d1cc368e5f005,1403/05/31,73395050.0,69527662.0,4227318.0
9f4709224be63e56349d1cc368e5f005,1403/06/31,89882304.0,83038750.0,13511088.0
9f4709224be63e56349d1cc368e5f005,1403/07/30,98235414.0,99144871.0,16106121.0
9f4709224be63e56349d1cc368e5f005,1403/08/30,108393706.0,119458123.0,20313252.0
9f4709224be63e56349d1cc368e5f005,1403/09/30,140978993.0,143128914.0,23670791.0
9f4709224be63e56349d1cc368e5f005,1403/10/30,153164667.0,159153756.0,16024842.0
9f4709224be63e56349d1cc368e5f005,1403/11/30,170682660.0,168384576.0,9230820.0
9f4709224be63e56349d1cc368e5f005,1403/12/30,182455037.0,183931061.0,15546485.0
9f4709224be63e56349d1cc368e5f005,1404/01/31,16174059.0,11079453.0,11079453.0
9f4709224be63e56349d1cc368e5f005,1404/02/31,37126484.0,30887359.0,19807906.0
9f4709224be63e56349d1cc368e5f005,1404/03/31,59599084.0,54259107.0,23371748.0
9f4709224be63e56349d1cc368e5f005,1404/04/31,65300344.0,68526314.0,14267207.0
9f4709224be63e56349d1cc368e5f005,1404/05/31,69527662.0,103479865.0,34953551.0
9f4709224be63e56349d1cc368e5f005,1404/06/31,83038750.0,131512886.0,28027903.0
9f4709224be63e56349d1cc368e5f005,1404/07/30,99144871.0,155112706.0,23599821.0
9f4709224be63e56349d1cc368e5f005,1404/08/30,119458123.0,180915615.0,25802909.0
9f4709224be63e56349d1cc368e5f005,1404/09/30,143128914.0,215495708.0,34580093.0
9f4709224be63e56349d1cc368e5f005,1404/10/30,159153756.0,247216491.0,31720783.0
9f4709224be63e56349d1cc368e5f005,1404/11/30,168384576.0,275874567.0,28658076.0
9f4709224be63e56349d1cc368e5f005,1404/12/29,183931061.0,296133037.0,20258470.0
9f4709224be63e56349d1cc368e5f005,1405/01/31,11079453.0,26630503.0,26630503.0
9f4709224be63e56349d1cc368e5f005,1405/02/31,30887359.0,77172142.0,50541639.0
9f4709224be63e56349d1cc368e5f005,1405/03/31,0.0,0.0,63380834.0
9f4709224be63e56349d1cc368e5f005,1405/04/31,0.0,0.0,43100900.0
9f4709224be63e56349d1cc368e5f005,1405/05/31,0.0,0.0,44523345.0
a09b97e4613ee9786a2d838cfdde6353,1400/03/31,0.0,0.0,922259.0
a09b97e4613ee9786a2d838cfdde6353,1400/04/31,0.0,0.0,1018662.0
a09b97e4613ee9786a2d838cfdde6353,1400/05/31,0.0,0.0,1287893.0
a09b97e4613ee9786a2d838cfdde6353,1400/06/31,0.0,0.0,1339345.0
a09b97e4613ee9786a2d838cfdde6353,1400/07/30,0.0,0.0,1426220.0
a09b97e4613ee9786a2d838cfdde6353,1400/08/30,0.0,0.0,2042861.0
a09b97e4613ee9786a2d838cfdde6353,1400/09/30,0.0,0.0,2216787.0
a09b97e4613ee9786a2d838cfdde6353,1400/10/30,0.0,0.0,1733176.0
a09b97e4613ee9786a2d838cfdde6353,1400/11/30,0.0,0.0,2090650.0
a09b97e4613ee9786a2d838cfdde6353,1400/12/29,0.0,0.0,2923597.0
a09b97e4613ee9786a2d838cfdde6353,1401/01/31,0.0,0.0,861776.0
a09b97e4613ee9786a2d838cfdde6353,1401/02/31,0.0,0.0,1825228.0
a09b97e4613ee9786a2d838cfdde6353,1401/03/31,0.0,0.0,3068688.0
a09b97e4613ee9786a2d838cfdde6353,1401/04/31,0.0,0.0,1894158.0
a09b97e4613ee9786a2d838cfdde6353,1401/05/31,0.0,0.0,1922926.0
a09b97e4613ee9786a2d838cfdde6353,1401/06/31,0.0,0.0,3823164.0
a09b97e4613ee9786a2d838cfdde6353,1401/07/30,0.0,0.0,1253899.0
a09b97e4613ee9786a2d838cfdde6353,1401/08/30,0.0,0.0,2219313.0
a09b97e4613ee9786a2d838cfdde6353,1401/09/30,0.0,0.0,3201613.0
a09b97e4613ee9786a2d838cfdde6353,1401/10/30,0.0,0.0,1833423.0
a09b97e4613ee9786a2d838cfdde6353,1401/11/30,0.0,0.0,2560992.0
a09b97e4613ee9786a2d838cfdde6353,1401/12/29,0.0,0.0,3349927.0
a09b97e4613ee9786a2d838cfdde6353,1402/01/31,0.0,0.0,1784964.0
a09b97e4613ee9786a2d838cfdde6353,1402/02/31,0.0,0.0,2925630.0
a09b97e4613ee9786a2d838cfdde6353,1402/03/31,0.0,0.0,4047936.0
a09b97e4613ee9786a2d838cfdde6353,1402/04/31,0.0,0.0,2618839.0
a09b97e4613ee9786a2d838cfdde6353,1402/05/31,0.0,0.0,2816225.0
a09b97e4613ee9786a2d838cfdde6353,1402/06/31,0.0,0.0,4020005.0
a09b97e4613ee9786a2d838cfdde6353,1402/07/30,0.0,0.0,2695047.0
a09b97e4613ee9786a2d838cfdde6353,1402/08/30,0.0,0.0,3113824.0
a09b97e4613ee9786a2d838cfdde6353,1402/09/30,0.0,0.0,3801769.0
a09b97e4613ee9786a2d838cfdde6353,1402/10/30,0.0,0.0,2573763.0
a09b97e4613ee9786a2d838cfdde6353,1402/11/30,0.0,0.0,2199582.0
a09b97e4613ee9786a2d838cfdde6353,1402/12/29,0.0,0.0,4428643.0
a09b97e4613ee9786a2d838cfdde6353,1403/01/31,0.0,0.0,1481729.0
a09b97e4613ee9786a2d838cfdde6353,1403/02/31,0.0,0.0,2783713.0
a09b97e4613ee9786a2d838cfdde6353,1403/03/31,0.0,0.0,3094762.0
a09b97e4613ee9786a2d838cfdde6353,1403/04/31,0.0,0.0,2444341.0
a09b97e4613ee9786a2d838cfdde6353,1403/05/31,0.0,0.0,2819199.0
a09b97e4613ee9786a2d838cfdde6353,1403/06/31,0.0,0.0,3930052.0
a09b97e4613ee9786a2d838cfdde6353,1403/07/30,0.0,0.0,4393845.0
a09b97e4613ee9786a2d838cfdde6353,1403/08/30,0.0,0.0,4468333.0
a09b97e4613ee9786a2d838cfdde6353,1403/09/30,0.0,0.0,4872851.0
a09b97e4613ee9786a2d838cfdde6353,1403/10/30,0.0,0.0,4062696.0
a09b97e4613ee9786a2d838cfdde6353,1403/11/30,0.0,0.0,8393459.0
a09b97e4613ee9786a2d838cfdde6353,1403/12/30,0.0,0.0,10503749.0
a09b97e4613ee9786a2d838cfdde6353,1404/01/31,0.0,0.0,2677628.0
a09b97e4613ee9786a2d838cfdde6353,1404/02/31,0.0,0.0,4916180.0
a09b97e4613ee9786a2d838cfdde6353,1404/03/31,0.0,0.0,5152222.0
a09b97e4613ee9786a2d838cfdde6353,1404/04/31,0.0,0.0,7185184.0
a09b97e4613ee9786a2d838cfdde6353,1404/05/31,0.0,0.0,6650218.0
a09b97e4613ee9786a2d838cfdde6353,1404/06/31,0.0,0.0,6735558.0
a09b97e4613ee9786a2d838cfdde6353,1404/07/30,0.0,0.0,7682059.0
a09b97e4613ee9786a2d838cfdde6353,1404/08/30,0.0,0.0,8177532.0
a09b97e4613ee9786a2d838cfdde6353,1404/09/30,0.0,0.0,7041260.0
a09b97e4613ee9786a2d838cfdde6353,1404/10/30,0.0,0.0,5689626.0
a09b97e4613ee9786a2d838cfdde6353,1404/11/30,0.0,0.0,7004366.0
a09b97e4613ee9786a2d838cfdde6353,1404/12/29,0.0,0.0,5620443.0
a09b97e4613ee9786a2d838cfdde6353,1405/01/31,0.0,0.0,3889590.0
a09b97e4613ee9786a2d838cfdde6353,1405/02/31,0.0,0.0,11276522.0
a09b97e4613ee9786a2d838cfdde6353,1405/03/31,0.0,0.0,14473093.0
a09b97e4613ee9786a2d838cfdde6353,1405/04/31,0.0,0.0,12892895.0
a09b97e4613ee9786a2d838cfdde6353,1405/05/31,0.0,0.0,18944535.0
a0a860bea50008bf8d2189168b782225,1399/01/31,7346630.0,7346630.0,7346630.0
a0a860bea50008bf8d2189168b782225,1399/02/31,12722194.0,15888466.0,9058867.0
a0a860bea50008bf8d2189168b782225,1399/03/31,20703297.0,24156440.0,8384241.0
a0a860bea50008bf8d2189168b782225,1399/04/31,29760143.0,35560728.0,11735526.0
a0a860bea50008bf8d2189168b782225,1399/05/31,35714047.0,47170981.0,11706839.0
a0a860bea50008bf8d2189168b782225,1399/06/31,42385444.0,60732593.0,13563629.0
a0a860bea50008bf8d2189168b782225,1399/07/30,49124912.0,76770245.0,16035906.0
a0a860bea50008bf8d2189168b782225,1399/08/30,55046561.0,92388690.0,15625903.0
a0a860bea50008bf8d2189168b782225,1399/09/30,61051329.0,115184467.0,22790239.0
a0a860bea50008bf8d2189168b782225,1399/10/30,71352871.0,136171462.0,21641476.0
a0a860bea50008bf8d2189168b782225,1399/11/30,79475921.0,154736957.0,18537212.0
a0a860bea50008bf8d2189168b782225,1399/12/30,89593769.0,180452040.0,25715738.0
a0a860bea50008bf8d2189168b782225,1400/01/31,7346630.0,17539813.0,17539813.0
a0a860bea50008bf8d2189168b782225,1400/02/31,15888466.0,33840114.0,16261480.0
a0a860bea50008bf8d2189168b782225,1400/03/31,24156440.0,47296556.0,14341345.0
a0a860bea50008bf8d2189168b782225,1400/04/31,35560728.0,72776566.0,25491048.0
a0a860bea50008bf8d2189168b782225,1400/05/31,47170981.0,91134373.0,18355379.0
a0a860bea50008bf8d2189168b782225,1400/06/31,60732593.0,114459237.0,23388741.0
a0a860bea50008bf8d2189168b782225,1400/07/30,76770245.0,138539901.0,24080664.0
a0a860bea50008bf8d2189168b782225,1400/08/30,92388690.0,163542499.0,25172411.0
a0a860bea50008bf8d2189168b782225,1400/09/30,115184467.0,188138798.0,24559722.0
a0a860bea50008bf8d2189168b782225,1400/10/30,136171462.0,208209512.0,20008424.0
a0a860bea50008bf8d2189168b782225,1400/11/30,154736957.0,235210140.0,27027388.0
a0a860bea50008bf8d2189168b782225,1400/12/29,180452040.0,265321339.0,29286314.0
a0a860bea50008bf8d2189168b782225,1401/01/31,17539813.0,20804592.0,20804592.0
a0a860bea50008bf8d2189168b782225,1401/02/31,33840114.0,49727199.0,28886753.0
a0a860bea50008bf8d2189168b782225,1401/03/31,47296556.0,76870955.0,27620057.0
a0a860bea50008bf8d2189168b782225,1401/04/31,72776566.0,103727279.0,26938054.0
a0a860bea50008bf8d2189168b782225,1401/05/31,91134373.0,125198487.0,21610297.0
a0a860bea50008bf8d2189168b782225,1401/06/31,114459237.0,147984678.0,22923457.0
a0a860bea50008bf8d2189168b782225,1401/07/30,138539901.0,165986379.0,18137259.0
a0a860bea50008bf8d2189168b782225,1401/08/30,163542499.0,182128699.0,16131844.0
a0a860bea50008bf8d2189168b782225,1401/09/30,188138798.0,200315906.0,18375629.0
a0a860bea50008bf8d2189168b782225,1401/10/30,208209512.0,220109604.0,19768240.0
a0a860bea50008bf8d2189168b782225,1401/11/30,235210140.0,241487514.0,21294510.0
a0a860bea50008bf8d2189168b782225,1401/12/29,265321339.0,274455486.0,32407013.0
a0a860bea50008bf8d2189168b782225,1402/01/31,20804592.0,26000553.0,26000553.0
a0a860bea50008bf8d2189168b782225,1402/02/31,49727199.0,57194884.0,31214060.0
a0a860bea50008bf8d2189168b782225,1402/03/31,76870955.0,85634254.0,28302083.0
a0a860bea50008bf8d2189168b782225,1402/04/31,103727279.0,114792956.0,29327375.0
a0a860bea50008bf8d2189168b782225,1402/05/31,125198487.0,136748760.0,23078557.0
a0a860bea50008bf8d2189168b782225,1402/06/31,147984678.0,164965501.0,28496694.0
a0a860bea50008bf8d2189168b782225,1402/07/30,165986379.0,189287310.0,23532562.0
a0a860bea50008bf8d2189168b782225,1402/08/30,182128699.0,217626731.0,28113279.0
a0a860bea50008bf8d2189168b782225,1402/09/30,200315906.0,243761378.0,26127953.0
a0a860bea50008bf8d2189168b782225,1402/10/30,220109604.0,271428866.0,27709358.0
a0a860bea50008bf8d2189168b782225,1402/11/30,241487514.0,302790961.0,31290786.0
a0a860bea50008bf8d2189168b782225,1402/12/29,274455486.0,338807668.0,35920389.0
a0a860bea50008bf8d2189168b782225,1403/01/31,26000553.0,30891640.0,30891640.0
a0a860bea50008bf8d2189168b782225,1403/02/31,57194884.0,68928443.0,38022394.0
a0a860bea50008bf8d2189168b782225,1403/03/31,85634254.0,108508597.0,39738794.0
a0a860bea50008bf8d2189168b782225,1403/04/31,114792956.0,147573944.0,39562394.0
a0a860bea50008bf8d2189168b782225,1403/05/31,136748760.0,183520817.0,37778193.0
a0a860bea50008bf8d2189168b782225,1403/06/31,164965501.0,225393455.0,41633016.0
a0a860bea50008bf8d2189168b782225,1403/07/30,189287310.0,255777281.0,31992514.0
a0a860bea50008bf8d2189168b782225,1403/08/30,217626731.0,293622510.0,38034463.0
a0a860bea50008bf8d2189168b782225,1403/09/30,243761378.0,333918695.0,41747742.0
a0a860bea50008bf8d2189168b782225,1403/10/30,271428866.0,383435415.0,49635731.0
a0a860bea50008bf8d2189168b782225,1403/11/30,302790961.0,436746968.0,53142734.0
a0a860bea50008bf8d2189168b782225,1403/12/30,338807668.0,504243307.0,67256317.0
a0a860bea50008bf8d2189168b782225,1404/01/31,30891640.0,45264758.0,45264758.0
a0a860bea50008bf8d2189168b782225,1404/02/31,68928443.0,96213119.0,50937535.0
a0a860bea50008bf8d2189168b782225,1404/03/31,108508597.0,144211384.0,48621967.0
a0a860bea50008bf8d2189168b782225,1404/04/31,147573944.0,201752614.0,57327367.0
a0a860bea50008bf8d2189168b782225,1404/05/31,183520817.0,255163280.0,53712635.0
a0a860bea50008bf8d2189168b782225,1404/06/31,225393455.0,298462770.0,42722944.0
a0a860bea50008bf8d2189168b782225,1404/07/30,255777281.0,345319974.0,46764583.0
a0a860bea50008bf8d2189168b782225,1404/08/30,293622510.0,394772134.0,49760823.0
a0a860bea50008bf8d2189168b782225,1404/09/30,333918695.0,453861468.0,59625244.0
a0a860bea50008bf8d2189168b782225,1404/10/30,383435415.0,526344793.0,74430271.0
a0a860bea50008bf8d2189168b782225,1404/11/30,436746968.0,613212826.0,89270627.0
a0a860bea50008bf8d2189168b782225,1404/12/29,504243307.0,681189685.0,67117946.0
a0a860bea50008bf8d2189168b782225,1405/01/31,45264758.0,19918337.0,19918337.0
a0a860bea50008bf8d2189168b782225,1405/02/31,96213119.0,47435348.0,27508968.0
a0a860bea50008bf8d2189168b782225,1405/03/31,0.0,0.0,11128435.0
a0a860bea50008bf8d2189168b782225,1405/04/31,0.0,0.0,46740532.0
a0a860bea50008bf8d2189168b782225,1405/05/31,0.0,0.0,75520022.0
a274374c43fbb39b5ca1f9afddfea99a,1399/08/30,0.0,0.0,180521.0
a274374c43fbb39b5ca1f9afddfea99a,1399/09/30,0.0,0.0,414191.0
a274374c43fbb39b5ca1f9afddfea99a,1399/10/30,0.0,0.0,438315.0
a274374c43fbb39b5ca1f9afddfea99a,1399/11/30,0.0,0.0,362673.0
a274374c43fbb39b5ca1f9afddfea99a,1399/12/30,0.0,0.0,585315.0
a274374c43fbb39b5ca1f9afddfea99a,1400/01/31,0.0,0.0,160942.0
a274374c43fbb39b5ca1f9afddfea99a,1400/02/31,0.0,0.0,449234.0
a274374c43fbb39b5ca1f9afddfea99a,1400/03/31,0.0,0.0,501257.0
a274374c43fbb39b5ca1f9afddfea99a,1400/04/31,0.0,0.0,564695.0
a274374c43fbb39b5ca1f9afddfea99a,1400/05/31,0.0,0.0,512285.0
a274374c43fbb39b5ca1f9afddfea99a,1400/06/31,0.0,0.0,877787.0
a274374c43fbb39b5ca1f9afddfea99a,1400/07/30,0.0,0.0,364770.0
a274374c43fbb39b5ca1f9afddfea99a,1400/08/30,0.0,0.0,455232.0
a274374c43fbb39b5ca1f9afddfea99a,1400/09/30,0.0,0.0,622537.0
a274374c43fbb39b5ca1f9afddfea99a,1400/10/30,0.0,0.0,608119.0
a274374c43fbb39b5ca1f9afddfea99a,1400/11/30,0.0,0.0,632071.0
a274374c43fbb39b5ca1f9afddfea99a,1400/12/29,0.0,0.0,814488.0
a274374c43fbb39b5ca1f9afddfea99a,1401/01/31,0.0,0.0,278337.0
a274374c43fbb39b5ca1f9afddfea99a,1401/02/31,0.0,0.0,537146.0
a274374c43fbb39b5ca1f9afddfea99a,1401/03/31,0.0,0.0,753641.0
a274374c43fbb39b5ca1f9afddfea99a,1401/04/31,0.0,0.0,533373.0
a274374c43fbb39b5ca1f9afddfea99a,1401/05/31,0.0,0.0,783515.0
a274374c43fbb39b5ca1f9afddfea99a,1401/06/31,0.0,0.0,696190.0
a274374c43fbb39b5ca1f9afddfea99a,1401/07/30,0.0,0.0,444481.0
a274374c43fbb39b5ca1f9afddfea99a,1401/08/30,0.0,0.0,919090.0
a274374c43fbb39b5ca1f9afddfea99a,1401/09/30,0.0,0.0,697824.0
a274374c43fbb39b5ca1f9afddfea99a,1401/10/30,0.0,0.0,893488.0
a274374c43fbb39b5ca1f9afddfea99a,1401/11/30,0.0,0.0,960257.0
a274374c43fbb39b5ca1f9afddfea99a,1401/12/29,0.0,0.0,1562952.0
a274374c43fbb39b5ca1f9afddfea99a,1402/01/31,0.0,0.0,276866.0
a274374c43fbb39b5ca1f9afddfea99a,1402/02/31,0.0,0.0,624646.0
a274374c43fbb39b5ca1f9afddfea99a,1402/03/31,0.0,0.0,1063784.0
a274374c43fbb39b5ca1f9afddfea99a,1402/04/31,0.0,0.0,766666.0
a274374c43fbb39b5ca1f9afddfea99a,1402/05/31,0.0,0.0,984658.0
a274374c43fbb39b5ca1f9afddfea99a,1402/06/31,0.0,0.0,1011942.0
a274374c43fbb39b5ca1f9afddfea99a,1402/07/30,0.0,0.0,387184.0
a274374c43fbb39b5ca1f9afddfea99a,1402/08/30,0.0,0.0,1068084.0
a274374c43fbb39b5ca1f9afddfea99a,1402/09/30,0.0,0.0,873880.0
a274374c43fbb39b5ca1f9afddfea99a,1402/10/30,0.0,0.0,1189402.0
a274374c43fbb39b5ca1f9afddfea99a,1402/11/30,0.0,0.0,1082714.0
a274374c43fbb39b5ca1f9afddfea99a,1402/12/29,0.0,0.0,1949500.0
a274374c43fbb39b5ca1f9afddfea99a,1403/01/31,0.0,0.0,588145.0
a274374c43fbb39b5ca1f9afddfea99a,1403/02/31,0.0,0.0,1348412.0
a274374c43fbb39b5ca1f9afddfea99a,1403/03/31,0.0,0.0,1319448.0
a274374c43fbb39b5ca1f9afddfea99a,1403/04/31,0.0,0.0,1100623.0
a274374c43fbb39b5ca1f9afddfea99a,1403/05/31,0.0,0.0,1824135.0
a274374c43fbb39b5ca1f9afddfea99a,1403/06/31,0.0,0.0,2949710.0
a274374c43fbb39b5ca1f9afddfea99a,1403/07/30,0.0,0.0,546536.0
a274374c43fbb39b5ca1f9afddfea99a,1403/08/30,0.0,0.0,2094633.0
a274374c43fbb39b5ca1f9afddfea99a,1403/09/30,0.0,0.0,2171077.0
a274374c43fbb39b5ca1f9afddfea99a,1403/10/30,0.0,0.0,993233.0
a274374c43fbb39b5ca1f9afddfea99a,1403/11/30,0.0,0.0,2151025.0
a274374c43fbb39b5ca1f9afddfea99a,1403/12/30,0.0,0.0,2039416.0
a274374c43fbb39b5ca1f9afddfea99a,1404/01/31,0.0,0.0,1255763.0
a274374c43fbb39b5ca1f9afddfea99a,1404/02/31,0.0,0.0,1176760.0
a274374c43fbb39b5ca1f9afddfea99a,1404/03/31,0.0,0.0,1792169.0
a274374c43fbb39b5ca1f9afddfea99a,1404/04/31,0.0,0.0,1962756.0
a274374c43fbb39b5ca1f9afddfea99a,1404/05/31,0.0,0.0,1267759.0
a274374c43fbb39b5ca1f9afddfea99a,1404/06/31,0.0,0.0,2500932.0
a274374c43fbb39b5ca1f9afddfea99a,1404/07/30,0.0,0.0,1573896.0
a274374c43fbb39b5ca1f9afddfea99a,1404/08/30,0.0,0.0,2458217.0
a274374c43fbb39b5ca1f9afddfea99a,1404/09/30,0.0,0.0,2482701.0
a274374c43fbb39b5ca1f9afddfea99a,1404/10/30,0.0,0.0,1101423.0
a274374c43fbb39b5ca1f9afddfea99a,1404/11/30,0.0,0.0,2064974.0
a274374c43fbb39b5ca1f9afddfea99a,1404/12/29,0.0,0.0,1045823.0
a274374c43fbb39b5ca1f9afddfea99a,1405/01/31,0.0,0.0,1013800.0
a274374c43fbb39b5ca1f9afddfea99a,1405/02/31,0.0,0.0,3276760.0
a274374c43fbb39b5ca1f9afddfea99a,1405/03/31,0.0,0.0,843017.0
a6ad819831020eba3d6400887affac3f,1399/02/31,706288.0,227079.0,479209.0
a6ad819831020eba3d6400887affac3f,1399/03/31,935945.0,229657.0,706288.0
a6ad819831020eba3d6400887affac3f,1399/04/31,1169089.0,233144.0,935945.0
a6ad819831020eba3d6400887affac3f,1399/05/31,1420731.0,251642.0,1169089.0
a6ad819831020eba3d6400887affac3f,1399/06/31,1678528.0,257797.0,1420731.0
a6ad819831020eba3d6400887affac3f,1399/07/30,1949758.0,271230.0,1678528.0
a6ad819831020eba3d6400887affac3f,1399/08/30,2229106.0,279348.0,1949758.0
a6ad819831020eba3d6400887affac3f,1399/09/30,2394136.0,165030.0,2229106.0
a6ad819831020eba3d6400887affac3f,1399/10/30,93553.0,136619.0,136619.0
a6ad819831020eba3d6400887affac3f,1399/11/30,170250.0,288908.0,152289.0
a6ad819831020eba3d6400887affac3f,1399/12/30,338582.0,486635.0,197727.0
a6ad819831020eba3d6400887affac3f,1400/01/31,479209.0,700462.0,213827.0
a6ad819831020eba3d6400887affac3f,1400/02/31,706288.0,1118152.0,417690.0
a6ad819831020eba3d6400887affac3f,1400/03/31,935945.0,1498757.0,380605.0
a6ad819831020eba3d6400887affac3f,1400/04/31,1169089.0,1759275.0,260518.0
a6ad819831020eba3d6400887affac3f,1400/05/31,1420731.0,2083858.0,324583.0
a6ad819831020eba3d6400887affac3f,1400/06/31,1678528.0,2542285.0,458427.0
a6ad819831020eba3d6400887affac3f,1400/07/30,1949758.0,2966336.0,424051.0
a6ad819831020eba3d6400887affac3f,1400/08/30,2229106.0,3341913.0,375577.0
a6ad819831020eba3d6400887affac3f,1400/09/30,2394136.0,3746409.0,404496.0
a6ad819831020eba3d6400887affac3f,1400/10/30,136619.0,207147.0,207147.0
a6ad819831020eba3d6400887affac3f,1400/11/30,288908.0,442460.0,235313.0
a6ad819831020eba3d6400887affac3f,1400/12/29,486635.0,838422.0,395962.0
a6ad819831020eba3d6400887affac3f,1401/01/31,700462.0,1245425.0,407003.0
a6ad819831020eba3d6400887affac3f,1401/02/31,1118152.0,1844879.0,599454.0
a6ad819831020eba3d6400887affac3f,1401/03/31,1498759.0,2474137.0,629258.0
a6ad819831020eba3d6400887affac3f,1401/04/31,1759275.0,3218440.0,744303.0
a6ad819831020eba3d6400887affac3f,1401/05/31,2083858.0,3848886.0,630446.0
a6ad819831020eba3d6400887affac3f,1401/06/31,2542285.0,4562150.0,713264.0
a6ad819831020eba3d6400887affac3f,1401/07/30,2966336.0,5244262.0,682112.0
a6ad819831020eba3d6400887affac3f,1401/08/30,3341913.0,5865411.0,621149.0
a6ad819831020eba3d6400887affac3f,1401/09/30,3746409.0,6408461.0,543050.0
a6ad819831020eba3d6400887affac3f,1401/10/30,207147.0,400739.0,400739.0
a6ad819831020eba3d6400887affac3f,1401/11/30,442460.0,805975.0,405236.0
a6ad819831020eba3d6400887affac3f,1401/12/29,838422.0,1537809.0,731834.0
a6ad819831020eba3d6400887affac3f,1402/01/31,1245425.0,2308379.0,770570.0
a6ad819831020eba3d6400887affac3f,1402/02/31,1844879.0,3264512.0,956133.0
a6ad819831020eba3d6400887affac3f,1402/03/31,2474137.0,4226225.0,961713.0
a6ad819831020eba3d6400887affac3f,1402/04/31,3218440.0,5177894.0,951669.0
a6ad819831020eba3d6400887affac3f,1402/05/31,3848886.0,6239351.0,1061457.0
a6ad819831020eba3d6400887affac3f,1402/06/31,4562150.0,7387649.0,1148298.0
a6ad819831020eba3d6400887affac3f,1402/07/30,5244262.0,8647281.0,1259632.0
a6ad819831020eba3d6400887affac3f,1402/08/30,5865411.0,9906112.0,1258831.0
a6ad819831020eba3d6400887affac3f,1402/09/30,6408461.0,10929796.0,1023684.0
a6ad819831020eba3d6400887affac3f,1402/10/30,400739.0,618466.0,618466.0
a6ad819831020eba3d6400887affac3f,1402/11/30,805975.0,1111866.0,493400.0
a6ad819831020eba3d6400887affac3f,1402/12/29,1537807.0,2050608.0,938742.0
a6ad819831020eba3d6400887affac3f,1403/01/31,2308381.0,2958548.0,907940.0
a6ad819831020eba3d6400887affac3f,1403/02/31,3264511.0,4429422.0,1470874.0
a6ad819831020eba3d6400887affac3f,1403/03/31,4226225.0,5770540.0,1341118.0
a6ad819831020eba3d6400887affac3f,1403/04/31,5177894.0,7192761.0,1422221.0
a6ad819831020eba3d6400887affac3f,1403/05/31,6239353.0,8729158.0,1536397.0
a6ad819831020eba3d6400887affac3f,1403/06/31,7387649.0,10648308.0,1919150.0
a6ad819831020eba3d6400887affac3f,1403/07/30,8647283.0,12759724.0,2111416.0
a6ad819831020eba3d6400887affac3f,1403/08/30,9906112.0,14315311.0,1555587.0
a6ad819831020eba3d6400887affac3f,1403/09/30,10929796.0,15622826.0,1307515.0
a6ad819831020eba3d6400887affac3f,1403/10/30,618466.0,1394520.0,1394520.0
a6ad819831020eba3d6400887affac3f,1403/11/30,1111866.0,2514765.0,1120245.0
a6ad819831020eba3d6400887affac3f,1403/12/30,2050608.0,3783972.0,1269207.0
a6ad819831020eba3d6400887affac3f,1404/01/31,2958548.0,5150399.0,1366427.0
a6ad819831020eba3d6400887affac3f,1404/02/31,4429422.0,7503228.0,2352829.0
a6ad819831020eba3d6400887affac3f,1404/03/31,5770540.0,10024921.0,2521693.0
a6ad819831020eba3d6400887affac3f,1404/04/31,7192761.0,12654496.0,2629575.0
a6ad819831020eba3d6400887affac3f,1404/05/31,8729158.0,15506957.0,2852461.0
a6ad819831020eba3d6400887affac3f,1404/06/31,10648308.0,18683762.0,3176805.0
a6ad819831020eba3d6400887affac3f,1404/07/30,12759724.0,21654677.0,2970915.0
a6ad819831020eba3d6400887affac3f,1404/08/30,14315311.0,24737553.0,3082876.0
a6ad819831020eba3d6400887affac3f,1404/09/30,15622826.0,27106366.0,2368813.0
a6ad819831020eba3d6400887affac3f,1404/10/30,1394520.0,1224989.0,1224989.0
a6ad819831020eba3d6400887affac3f,1404/11/30,2514765.0,2790778.0,1565789.0
a6ad819831020eba3d6400887affac3f,1404/12/29,3783972.0,5184201.0,2393423.0
a6ad819831020eba3d6400887affac3f,1405/01/31,5150399.0,7956664.0,2772463.0
a6ad819831020eba3d6400887affac3f,1405/02/31,7503228.0,12992672.0,5036008.0
a6ad819831020eba3d6400887affac3f,1405/03/31,0.0,0.0,4204821.0
a6ad819831020eba3d6400887affac3f,1405/04/31,0.0,0.0,4090001.0
a7c92003e95722cea2d38ba5306603b9,1399/01/31,512967.0,594569.0,594569.0
a7c92003e95722cea2d38ba5306603b9,1399/02/31,1009489.0,1812807.0,1220191.0
a7c92003e95722cea2d38ba5306603b9,1399/03/31,2447432.0,3532934.0,1719083.0
a7c92003e95722cea2d38ba5306603b9,1399/04/31,3545914.0,6136425.0,2603438.0
a7c92003e95722cea2d38ba5306603b9,1399/05/31,5264441.0,9148205.5,3023765.5
a7c92003e95722cea2d38ba5306603b9,1399/06/31,6574146.0,12242429.5,3092220.0
a7c92003e95722cea2d38ba5306603b9,1399/07/30,7831646.0,15502170.5,3254315.0
a7c92003e95722cea2d38ba5306603b9,1399/08/30,8992048.0,18402228.5,2900058.0
a7c92003e95722cea2d38ba5306603b9,1399/09/30,9948974.0,20888733.5,2480916.0
a7c92003e95722cea2d38ba5306603b9,1399/10/30,10955177.0,24042321.5,3153588.0
a7c92003e95722cea2d38ba5306603b9,1399/11/30,12123802.0,27211666.5,3173154.0
a7c92003e95722cea2d38ba5306603b9,1399/12/30,13554134.0,30782096.5,3598017.0
a7c92003e95722cea2d38ba5306603b9,1400/01/31,592616.0,2170867.0,2170867.0
a7c92003e95722cea2d38ba5306603b9,1400/02/31,1813851.0,5347520.0,3173770.0
a7c92003e95722cea2d38ba5306603b9,1400/03/31,3532934.0,9631710.0,4285928.0
a7c92003e95722cea2d38ba5306603b9,1400/04/31,6124440.0,14120655.0,4488926.0
a7c92003e95722cea2d38ba5306603b9,1400/05/31,9150210.0,17386058.0,3271387.0
a7c92003e95722cea2d38ba5306603b9,1400/06/31,12247855.0,23697418.0,6311747.0
a7c92003e95722cea2d38ba5306603b9,1400/07/30,15502171.0,27862886.0,4168726.0
a7c92003e95722cea2d38ba5306603b9,1400/08/30,18407818.0,33477480.0,5616640.0
a7c92003e95722cea2d38ba5306603b9,1400/09/30,20888733.0,39506641.0,6029161.0
a7c92003e95722cea2d38ba5306603b9,1400/10/30,24038512.0,44330312.0,4823671.0
a7c92003e95722cea2d38ba5306603b9,1400/11/30,27184080.0,48866316.0,4536619.0
a7c92003e95722cea2d38ba5306603b9,1400/12/29,30782097.0,55718696.0,6852380.0
a7c92003e95722cea2d38ba5306603b9,1401/01/31,2173750.0,3246468.0,3246468.0
a7c92003e95722cea2d38ba5306603b9,1401/02/31,5345782.0,8387348.0,5140880.0
a7c92003e95722cea2d38ba5306603b9,1401/03/31,9631729.0,15444802.0,7057454.0
a7c92003e95722cea2d38ba5306603b9,1401/04/31,14114671.0,21367839.0,5923037.0
a7c92003e95722cea2d38ba5306603b9,1401/05/31,17385671.0,26317539.0,4949700.0
a7c92003e95722cea2d38ba5306603b9,1401/06/31,23694160.0,31529490.0,5230307.0
a7c92003e95722cea2d38ba5306603b9,1401/07/30,27860840.0,36524396.0,4994906.0
a7c92003e95722cea2d38ba5306603b9,1401/08/30,33477480.0,42133134.0,5635561.0
a7c92003e95722cea2d38ba5306603b9,1401/09/30,39506641.0,48375863.0,6242729.0
a7c92003e95722cea2d38ba5306603b9,1401/10/30,44330312.0,54865902.0,6490039.0
a7c92003e95722cea2d38ba5306603b9,1401/11/30,48866316.0,63480518.0,8614616.0
a7c92003e95722cea2d38ba5306603b9,1401/12/29,55718696.0,76409105.0,12928651.0
a7c92003e95722cea2d38ba5306603b9,1402/01/31,3246468.0,4073681.0,4073681.0
a7c92003e95722cea2d38ba5306603b9,1402/02/31,8387348.0,13151224.0,9077543.0
a7c92003e95722cea2d38ba5306603b9,1402/03/31,15444802.0,22481327.0,9330103.0
a7c92003e95722cea2d38ba5306603b9,1402/04/31,21367839.0,32451698.0,9970371.0
a7c92003e95722cea2d38ba5306603b9,1402/05/31,26317539.0,42327904.0,9641531.0
a7c92003e95722cea2d38ba5306603b9,1402/06/31,31529490.0,49599279.0,7271375.0
a7c92003e95722cea2d38ba5306603b9,1402/07/30,36524396.0,57166108.0,7566829.0
a7c92003e95722cea2d38ba5306603b9,1402/08/30,42133134.0,66301231.0,9135123.0
a7c92003e95722cea2d38ba5306603b9,1402/09/30,48375863.0,75487768.0,9186537.0
a7c92003e95722cea2d38ba5306603b9,1402/10/30,54865902.0,84524687.0,9036919.0
a7c92003e95722cea2d38ba5306603b9,1402/11/30,63480454.0,94113069.0,9588382.0
a7c92003e95722cea2d38ba5306603b9,1402/12/29,76409105.0,108967019.0,14853950.0
a7c92003e95722cea2d38ba5306603b9,1403/01/31,4073681.0,4627501.0,4627501.0
a7c92003e95722cea2d38ba5306603b9,1403/02/31,13151224.0,23677745.0,19050244.0
a7c92003e95722cea2d38ba5306603b9,1403/03/31,22481327.0,39703545.0,16025799.0
a7c92003e95722cea2d38ba5306603b9,1403/04/31,32451698.0,54502280.0,14798735.0
a7c92003e95722cea2d38ba5306603b9,1403/05/31,42327904.0,71984744.0,17482464.0
a7c92003e95722cea2d38ba5306603b9,1403/06/31,49599279.0,89267591.0,17282847.0
a7c92003e95722cea2d38ba5306603b9,1403/07/30,57166108.0,109996545.0,20728952.0
a7c92003e95722cea2d38ba5306603b9,1403/08/30,66301231.0,133076445.0,23079900.0
a7c92003e95722cea2d38ba5306603b9,1403/09/30,75487768.0,154091627.0,21015182.0
a7c92003e95722cea2d38ba5306603b9,1403/10/30,84524687.0,171457437.0,17365810.0
a7c92003e95722cea2d38ba5306603b9,1403/11/30,94113069.0,190534201.0,19076764.0
a7c92003e95722cea2d38ba5306603b9,1403/12/30,108967019.0,210095368.0,19561260.0
a7c92003e95722cea2d38ba5306603b9,1404/01/31,4627501.0,7051929.0,7051929.0
a7c92003e95722cea2d38ba5306603b9,1404/02/31,23677745.0,27993888.0,20941959.0
a7c92003e95722cea2d38ba5306603b9,1404/03/31,39703545.0,38931525.0,10937637.0
a7c92003e95722cea2d38ba5306603b9,1404/04/31,54502280.0,53344975.0,14413450.0
a7c92003e95722cea2d38ba5306603b9,1404/05/31,71984744.0,66369128.0,13024153.0
a7c92003e95722cea2d38ba5306603b9,1404/06/31,89267593.0,83425309.0,17056181.0
a7c92003e95722cea2d38ba5306603b9,1404/07/30,109996545.0,105360006.0,21934697.0
a7c92003e95722cea2d38ba5306603b9,1404/08/30,133076445.0,123901006.0,18541000.0
a7c92003e95722cea2d38ba5306603b9,1404/09/30,154091627.0,147856404.0,23955398.0
a7c92003e95722cea2d38ba5306603b9,1404/10/30,171457437.0,173084749.0,25228345.0
a7c92003e95722cea2d38ba5306603b9,1404/12/29,210095368.0,214277620.0,13272290.0
a7c92003e95722cea2d38ba5306603b9,1405/01/31,7051929.0,4964396.0,4964396.0
a7c92003e95722cea2d38ba5306603b9,1405/02/31,27993888.0,44655021.0,39690625.0
a7c92003e95722cea2d38ba5306603b9,1405/03/31,0.0,0.0,27147000.0
a7c92003e95722cea2d38ba5306603b9,1405/04/31,0.0,0.0,24946378.0
a80a3880494d31e82b13fd0d040e0f72,1402/06/31,0.0,0.0,1629602.0
a80a3880494d31e82b13fd0d040e0f72,1402/07/30,0.0,0.0,1564374.0
a80a3880494d31e82b13fd0d040e0f72,1402/08/30,0.0,0.0,1525967.0
a80a3880494d31e82b13fd0d040e0f72,1402/09/30,0.0,0.0,1267654.0
a80a3880494d31e82b13fd0d040e0f72,1402/10/30,0.0,0.0,1327873.0
a80a3880494d31e82b13fd0d040e0f72,1402/11/30,0.0,0.0,1469165.0
a80a3880494d31e82b13fd0d040e0f72,1402/12/29,0.0,0.0,1428361.0
a80a3880494d31e82b13fd0d040e0f72,1403/01/31,0.0,0.0,1274933.0
a80a3880494d31e82b13fd0d040e0f72,1403/02/31,0.0,0.0,1831255.0
a80a3880494d31e82b13fd0d040e0f72,1403/03/31,0.0,0.0,1286448.0
a80a3880494d31e82b13fd0d040e0f72,1403/04/31,0.0,0.0,1456662.0
a80a3880494d31e82b13fd0d040e0f72,1403/05/31,0.0,0.0,1445388.0
a80a3880494d31e82b13fd0d040e0f72,1403/06/31,0.0,0.0,1602241.0
a80a3880494d31e82b13fd0d040e0f72,1403/07/30,0.0,0.0,1390991.0
a80a3880494d31e82b13fd0d040e0f72,1403/08/30,0.0,0.0,1529935.0
a80a3880494d31e82b13fd0d040e0f72,1403/09/30,0.0,0.0,1437556.0
a80a3880494d31e82b13fd0d040e0f72,1403/10/30,0.0,0.0,1276745.0
a80a3880494d31e82b13fd0d040e0f72,1403/11/30,0.0,0.0,1346158.0
a80a3880494d31e82b13fd0d040e0f72,1403/12/30,0.0,0.0,1271439.0
a80a3880494d31e82b13fd0d040e0f72,1404/01/31,0.0,0.0,1551993.0
a80a3880494d31e82b13fd0d040e0f72,1404/02/31,0.0,0.0,2026890.0
a80a3880494d31e82b13fd0d040e0f72,1404/03/31,0.0,0.0,1950710.0
a80a3880494d31e82b13fd0d040e0f72,1404/04/31,0.0,0.0,1409387.0
a80a3880494d31e82b13fd0d040e0f72,1404/05/31,0.0,0.0,2182758.0
a80a3880494d31e82b13fd0d040e0f72,1404/06/31,0.0,0.0,2616422.0
a80a3880494d31e82b13fd0d040e0f72,1404/07/30,0.0,0.0,3346774.0
a80a3880494d31e82b13fd0d040e0f72,1404/08/30,0.0,0.0,2516853.0
a80a3880494d31e82b13fd0d040e0f72,1404/09/30,0.0,0.0,2077340.0
a80a3880494d31e82b13fd0d040e0f72,1404/10/30,0.0,0.0,1945676.0
a80a3880494d31e82b13fd0d040e0f72,1404/11/30,0.0,0.0,2866814.0
a80a3880494d31e82b13fd0d040e0f72,1404/12/29,0.0,0.0,2290353.0
a80a3880494d31e82b13fd0d040e0f72,1405/01/31,0.0,0.0,6196727.0
a80a3880494d31e82b13fd0d040e0f72,1405/02/31,0.0,0.0,4390271.0
a80a3880494d31e82b13fd0d040e0f72,1405/03/31,0.0,0.0,2459125.0
a80a3880494d31e82b13fd0d040e0f72,1405/04/31,0.0,0.0,2492473.0
adf177e179510f1d911eeb2ff2905d2c,1399/06/31,1498580.0,1022769.0,382234.0
adf177e179510f1d911eeb2ff2905d2c,1399/07/30,1606681.0,1825418.0,802649.0
adf177e179510f1d911eeb2ff2905d2c,1399/08/30,1646474.0,1909430.0,84012.0
adf177e179510f1d911eeb2ff2905d2c,1399/09/30,1821246.0,3072411.0,1162981.0
adf177e179510f1d911eeb2ff2905d2c,1399/10/30,2666209.0,3529562.0,457151.0
adf177e179510f1d911eeb2ff2905d2c,1399/11/30,2727050.0,3677524.0,147962.0
adf177e179510f1d911eeb2ff2905d2c,1399/12/30,2825281.0,4908642.0,1231118.0
adf177e179510f1d911eeb2ff2905d2c,1400/01/31,24095.0,267758.0,267758.0
adf177e179510f1d911eeb2ff2905d2c,1400/02/31,155549.0,927606.0,657350.0
adf177e179510f1d911eeb2ff2905d2c,1400/03/31,181219.0,1682552.0,754946.0
adf177e179510f1d911eeb2ff2905d2c,1400/04/31,384142.0,1985583.0,303031.0
adf177e179510f1d911eeb2ff2905d2c,1400/05/31,642050.0,2392727.0,407144.0
adf177e179510f1d911eeb2ff2905d2c,1400/06/31,1022769.0,2931383.0,538656.0
adf177e179510f1d911eeb2ff2905d2c,1400/07/30,1825418.0,3279475.0,348092.0
adf177e179510f1d911eeb2ff2905d2c,1400/08/30,1909430.0,3798147.0,518672.0
adf177e179510f1d911eeb2ff2905d2c,1400/09/30,3072411.0,4842752.0,1044605.0
adf177e179510f1d911eeb2ff2905d2c,1400/10/30,3529562.0,5380321.0,537569.0
adf177e179510f1d911eeb2ff2905d2c,1400/11/30,3677524.0,5598791.0,218470.0
adf177e179510f1d911eeb2ff2905d2c,1400/12/29,4904482.0,6221250.0,757606.0
adf177e179510f1d911eeb2ff2905d2c,1401/01/31,243975.0,186016.0,186016.0
adf177e179510f1d911eeb2ff2905d2c,1401/02/31,657100.0,566766.0,380750.0
adf177e179510f1d911eeb2ff2905d2c,1401/03/31,1654777.0,1067666.0,500900.0
adf177e179510f1d911eeb2ff2905d2c,1401/04/31,1957282.0,1921842.0,854176.0
adf177e179510f1d911eeb2ff2905d2c,1401/05/31,2392727.0,2202515.0,280673.0
adf177e179510f1d911eeb2ff2905d2c,1401/06/31,2883187.0,2403145.0,200630.0
adf177e179510f1d911eeb2ff2905d2c,1401/07/30,3268922.0,2653264.0,250119.0
adf177e179510f1d911eeb2ff2905d2c,1401/08/30,3787594.0,2953342.0,300078.0
adf177e179510f1d911eeb2ff2905d2c,1401/09/30,4764679.0,3498840.0,545498.0
adf177e179510f1d911eeb2ff2905d2c,1401/10/30,5369768.0,3949951.0,451111.0
adf177e179510f1d911eeb2ff2905d2c,1401/11/30,5583206.0,4394073.0,444122.0
adf177e179510f1d911eeb2ff2905d2c,1401/12/29,6221250.0,7330702.0,1002822.0
adf177e179510f1d911eeb2ff2905d2c,1402/01/31,186016.0,131367.0,131367.0
adf177e179510f1d911eeb2ff2905d2c,1402/02/31,566766.0,363652.0,232285.0
adf177e179510f1d911eeb2ff2905d2c,1402/03/31,1067666.0,484252.0,120600.0
adf177e179510f1d911eeb2ff2905d2c,1402/04/31,1921842.0,932450.0,448198.0
adf177e179510f1d911eeb2ff2905d2c,1402/05/31,2202515.0,1035170.0,102720.0
adf177e179510f1d911eeb2ff2905d2c,1402/06/31,2403145.0,1474027.0,438857.0
adf177e179510f1d911eeb2ff2905d2c,1402/07/30,2653264.0,1522544.0,177303.0
adf177e179510f1d911eeb2ff2905d2c,1402/08/30,2953342.0,1803927.0,153596.0
adf177e179510f1d911eeb2ff2905d2c,1402/09/30,3498840.0,2062939.0,259012.0
adf177e179510f1d911eeb2ff2905d2c,1402/10/30,3949951.0,2956444.0,892505.0
adf177e179510f1d911eeb2ff2905d2c,1402/11/30,4394073.0,3798566.0,842122.0
adf177e179510f1d911eeb2ff2905d2c,1402/12/29,7330702.0,4414186.0,615620.0
adf177e179510f1d911eeb2ff2905d2c,1403/02/31,363652.0,386202.0,386202.0
adf177e179510f1d911eeb2ff2905d2c,1403/03/31,484252.0,460326.0,74124.0
adf177e179510f1d911eeb2ff2905d2c,1403/04/31,932450.0,909318.0,448992.0
adf177e179510f1d911eeb2ff2905d2c,1403/05/31,1035170.0,1282861.0,373543.0
adf177e179510f1d911eeb2ff2905d2c,1403/06/31,1474027.0,1611768.0,328907.0
adf177e179510f1d911eeb2ff2905d2c,1403/07/30,1522544.0,2199297.0,587529.0
adf177e179510f1d911eeb2ff2905d2c,1403/08/30,1803927.0,2987628.0,788331.0
adf177e179510f1d911eeb2ff2905d2c,1403/09/30,2062939.0,4791440.0,1803812.0
adf177e179510f1d911eeb2ff2905d2c,1403/10/30,2956444.0,5242830.0,451390.0
adf177e179510f1d911eeb2ff2905d2c,1403/11/30,3798566.0,6239264.0,996434.0
adf177e179510f1d911eeb2ff2905d2c,1403/12/30,4406132.0,9933797.0,3694533.0
adf177e179510f1d911eeb2ff2905d2c,1404/02/31,386202.0,2166316.0,1000037.0
adf177e179510f1d911eeb2ff2905d2c,1404/03/31,2470147.0,303831.0,2166316.0
adf177e179510f1d911eeb2ff2905d2c,1404/04/31,2781767.0,311620.0,2470147.0
adf177e179510f1d911eeb2ff2905d2c,1404/05/31,1035170.0,2940175.0,158408.0
adf177e179510f1d911eeb2ff2905d2c,1404/06/31,1474027.0,3651371.0,711196.0
adf177e179510f1d911eeb2ff2905d2c,1404/07/30,1522544.0,4511096.0,859725.0
adf177e179510f1d911eeb2ff2905d2c,1404/08/30,1803927.0,5425403.0,914307.0
adf177e179510f1d911eeb2ff2905d2c,1404/09/30,4791440.0,8103222.0,2677819.0
adf177e179510f1d911eeb2ff2905d2c,1404/10/30,5242830.0,9448511.0,1345289.0
adf177e179510f1d911eeb2ff2905d2c,1404/11/30,3798566.0,10235996.0,787485.0
adf177e179510f1d911eeb2ff2905d2c,1404/12/29,9933797.0,10676905.0,440909.0
adf177e179510f1d911eeb2ff2905d2c,1405/01/31,1166279.0,463243.0,463243.0
adf177e179510f1d911eeb2ff2905d2c,1405/02/31,2166316.0,889425.0,426182.0
adf177e179510f1d911eeb2ff2905d2c,1405/03/31,0.0,0.0,928011.0
b1cd84e33ebd60a436db5a07c0afd700,1399/12/30,47358995.0,71720510.0,8303574.0
b1cd84e33ebd60a436db5a07c0afd700,1400/01/31,1477646.0,7468775.0,7468775.0
b1cd84e33ebd60a436db5a07c0afd700,1400/02/31,4371279.0,16975594.0,9506819.0
b1cd84e33ebd60a436db5a07c0afd700,1400/03/31,8813425.0,28003609.0,11028015.0
b1cd84e33ebd60a436db5a07c0afd700,1400/04/31,13817198.0,37946531.0,9942922.0
b1cd84e33ebd60a436db5a07c0afd700,1400/05/31,18631731.0,49862975.0,11916444.0
b1cd84e33ebd60a436db5a07c0afd700,1400/06/31,24398619.0,65347895.0,15484920.0
b1cd84e33ebd60a436db5a07c0afd700,1400/07/30,31720697.0,77021907.0,11674012.0
b1cd84e33ebd60a436db5a07c0afd700,1400/08/30,38504156.0,87897032.0,10875125.0
b1cd84e33ebd60a436db5a07c0afd700,1400/09/30,46417210.0,99626005.0,12011104.0
b1cd84e33ebd60a436db5a07c0afd700,1400/10/30,55127821.0,109960426.0,10354889.0
b1cd84e33ebd60a436db5a07c0afd700,1400/11/30,63416936.0,121758034.0,11797608.0
b1cd84e33ebd60a436db5a07c0afd700,1400/12/29,71803812.0,131977460.0,10888591.0
b1cd84e33ebd60a436db5a07c0afd700,1401/01/31,7468775.0,8635868.0,8635868.0
b1cd84e33ebd60a436db5a07c0afd700,1401/02/31,16975594.0,24386997.0,15751129.0
b1cd84e33ebd60a436db5a07c0afd700,1401/03/31,27979989.0,45206330.0,20819333.0
b1cd84e33ebd60a436db5a07c0afd700,1401/04/31,37946532.0,63807432.0,18601102.0
b1cd84e33ebd60a436db5a07c0afd700,1401/05/31,49862975.0,80219122.0,16410446.0
b1cd84e33ebd60a436db5a07c0afd700,1401/06/31,65394748.0,95516202.0,15297080.0
b1cd84e33ebd60a436db5a07c0afd700,1401/07/30,77021907.0,107291122.0,11774920.0
b1cd84e33ebd60a436db5a07c0afd700,1401/08/30,87897032.0,121888865.0,14597743.0
b1cd84e33ebd60a436db5a07c0afd700,1401/09/30,99605537.0,135606870.0,13718005.0
b1cd84e33ebd60a436db5a07c0afd700,1401/10/30,109960426.0,151272522.0,15665652.0
b1cd84e33ebd60a436db5a07c0afd700,1401/11/30,121758034.0,167749318.0,16476796.0
b1cd84e33ebd60a436db5a07c0afd700,1401/12/29,131977460.0,183544853.0,17280312.0
b1cd84e33ebd60a436db5a07c0afd700,1402/01/31,8635868.0,9069796.0,9069796.0
b1cd84e33ebd60a436db5a07c0afd700,1402/02/31,24386997.0,27206853.0,18137057.0
b1cd84e33ebd60a436db5a07c0afd700,1402/03/31,45206330.0,47700372.0,20493519.0
b1cd84e33ebd60a436db5a07c0afd700,1402/04/31,63807432.0,64383369.0,16682997.0
b1cd84e33ebd60a436db5a07c0afd700,1402/05/31,80219122.0,81970323.0,17586954.0
b1cd84e33ebd60a436db5a07c0afd700,1402/06/31,95516202.0,102424938.0,20454615.0
b1cd84e33ebd60a436db5a07c0afd700,1402/07/30,107291122.0,121010031.0,18585093.0
b1cd84e33ebd60a436db5a07c0afd700,1402/08/30,121888865.0,140708357.0,19698326.0
b1cd84e33ebd60a436db5a07c0afd700,1402/09/30,135606870.0,160142751.0,19434394.0
b1cd84e33ebd60a436db5a07c0afd700,1402/10/30,151272522.0,181704758.0,21562007.0
b1cd84e33ebd60a436db5a07c0afd700,1402/11/30,167749318.0,212869220.0,31164462.0
b1cd84e33ebd60a436db5a07c0afd700,1402/12/29,183544853.0,232581181.0,19711961.0
b1cd84e33ebd60a436db5a07c0afd700,1403/01/31,9069796.0,15722890.0,15722890.0
b1cd84e33ebd60a436db5a07c0afd700,1403/02/31,27206854.0,38352578.0,22629688.0
b1cd84e33ebd60a436db5a07c0afd700,1403/03/31,47700372.0,58481987.0,20129409.0
b1cd84e33ebd60a436db5a07c0afd700,1403/04/31,64383369.0,75640379.0,17158392.0
b1cd84e33ebd60a436db5a07c0afd700,1403/05/31,81970323.0,97899945.0,22259566.0
b1cd84e33ebd60a436db5a07c0afd700,1403/06/31,102424938.0,124754018.0,26854073.0
b1cd84e33ebd60a436db5a07c0afd700,1403/07/30,121010031.0,152147632.0,27393614.0
b1cd84e33ebd60a436db5a07c0afd700,1403/08/30,140708357.0,174368341.0,22220709.0
b1cd84e33ebd60a436db5a07c0afd700,1403/09/30,160142751.0,208018869.0,33650528.0
b1cd84e33ebd60a436db5a07c0afd700,1403/10/30,181704759.0,236086218.0,28067349.0
b1cd84e33ebd60a436db5a07c0afd700,1403/11/30,212869220.0,265052202.0,28965983.0
b1cd84e33ebd60a436db5a07c0afd700,1403/12/30,232581181.0,302485660.0,37433459.0
b1cd84e33ebd60a436db5a07c0afd700,1404/01/31,15722890.0,12988174.0,12988174.0
b1cd84e33ebd60a436db5a07c0afd700,1404/02/31,38352578.0,33855001.0,20866827.0
b1cd84e33ebd60a436db5a07c0afd700,1404/03/31,58481987.0,53923844.0,20068843.0
b1cd84e33ebd60a436db5a07c0afd700,1404/04/31,75640379.0,85507208.0,31583364.0
b1cd84e33ebd60a436db5a07c0afd700,1404/05/31,97899945.0,117920079.0,32412871.0
b1cd84e33ebd60a436db5a07c0afd700,1404/06/31,124754018.0,144967019.0,27046940.0
b1cd84e33ebd60a436db5a07c0afd700,1404/07/30,152147632.0,181515496.0,36548477.0
b1cd84e33ebd60a436db5a07c0afd700,1404/08/30,174368341.0,215094716.0,33579220.0
b1cd84e33ebd60a436db5a07c0afd700,1404/09/30,208018869.0,247658227.0,32563511.0
b1cd84e33ebd60a436db5a07c0afd700,1404/10/30,236086218.0,289831464.0,42173237.0
b1cd84e33ebd60a436db5a07c0afd700,1404/11/30,265052202.0,353072844.0,63241380.0
b1cd84e33ebd60a436db5a07c0afd700,1404/12/29,302485660.0,386077490.0,33004646.0
b1cd84e33ebd60a436db5a07c0afd700,1405/01/31,12988174.0,31583232.0,31583232.0
b1cd84e33ebd60a436db5a07c0afd700,1405/02/31,33855001.0,98942615.0,67359383.0
b1cd84e33ebd60a436db5a07c0afd700,1405/03/31,0.0,0.0,72339298.0
b1cd84e33ebd60a436db5a07c0afd700,1405/04/31,0.0,0.0,74142771.0
b3cd7f653dc0d5fd0e3a6dca3ddedf1b,1399/01/31,300019.0,400013.0,400013.0
b3cd7f653dc0d5fd0e3a6dca3ddedf1b,1399/02/31,600563.0,900310.0,500297.0
b3cd7f653dc0d5fd0e3a6dca3ddedf1b,1399/03/31,903868.0,1421449.0,521139.0
b3cd7f653dc0d5fd0e3a6dca3ddedf1b,1399/04/31,1206259.0,1987852.0,566403.0
b3cd7f653dc0d5fd0e3a6dca3ddedf1b,1399/05/31,1615512.0,2569217.0,581365.0
b3cd7f653dc0d5fd0e3a6dca3ddedf1b,1399/06/31,1989763.0,3152301.0,583084.0
b3cd7f653dc0d5fd0e3a6dca3ddedf1b,1399/07/30,2420017.0,3741556.0,589255.0
b3cd7f653dc0d5fd0e3a6dca3ddedf1b,1399/08/30,2822290.0,4307971.0,566415.0
b3cd7f653dc0d5fd0e3a6dca3ddedf1b,1399/09/30,3258965.0,4932248.0,624277.0
b3cd7f653dc0d5fd0e3a6dca3ddedf1b,1399/10/30,3639388.0,5582310.0,650062.0
b3cd7f653dc0d5fd0e3a6dca3ddedf1b,1399/11/30,4042189.0,6242953.0,660643.0
b3cd7f653dc0d5fd0e3a6dca3ddedf1b,1399/12/30,4244694.0,6626670.0,383717.0
b3cd7f653dc0d5fd0e3a6dca3ddedf1b,1400/01/31,400013.0,546604.0,546604.0
b3cd7f653dc0d5fd0e3a6dca3ddedf1b,1400/02/31,900310.0,1347081.0,800477.0
b3cd7f653dc0d5fd0e3a6dca3ddedf1b,1400/03/31,1421449.0,2149317.0,802236.0
b3cd7f653dc0d5fd0e3a6dca3ddedf1b,1400/04/31,1987852.0,2954783.0,805466.0
b3cd7f653dc0d5fd0e3a6dca3ddedf1b,1400/05/31,2569217.0,3760873.0,806090.0
b3cd7f653dc0d5fd0e3a6dca3ddedf1b,1400/06/31,3152301.0,4792702.0,1031829.0
b3cd7f653dc0d5fd0e3a6dca3ddedf1b,1400/07/30,3741556.0,5834258.0,1041556.0
b3cd7f653dc0d5fd0e3a6dca3ddedf1b,1400/08/30,4307971.0,6884356.0,1050098.0
b3cd7f653dc0d5fd0e3a6dca3ddedf1b,1400/09/30,4932248.0,7944404.0,1060048.0
b3cd7f653dc0d5fd0e3a6dca3ddedf1b,1400/10/30,5582310.0,8987614.0,1043210.0
b3cd7f653dc0d5fd0e3a6dca3ddedf1b,1400/11/30,6242953.0,10052821.0,1065207.0
b3cd7f653dc0d5fd0e3a6dca3ddedf1b,1400/12/29,6562955.0,10749369.0,696548.0
b3cd7f653dc0d5fd0e3a6dca3ddedf1b,1401/01/31,546604.0,820873.0,820873.0
b3cd7f653dc0d5fd0e3a6dca3ddedf1b,1401/02/31,1347081.0,1902969.0,1082096.0
b3cd7f653dc0d5fd0e3a6dca3ddedf1b,1401/03/31,2149317.0,3029003.0,1126034.0
b3cd7f653dc0d5fd0e3a6dca3ddedf1b,1401/04/31,2954783.0,4108468.0,1079465.0
b3cd7f653dc0d5fd0e3a6dca3ddedf1b,1401/05/31,3760873.0,5326484.0,1218016.0
b3cd7f653dc0d5fd0e3a6dca3ddedf1b,1401/06/31,4792702.0,7146007.0,1819523.0
b3cd7f653dc0d5fd0e3a6dca3ddedf1b,1401/07/30,5834258.0,8346931.0,1200924.0
b3cd7f653dc0d5fd0e3a6dca3ddedf1b,1401/08/30,6884356.0,9471873.0,1124942.0
b3cd7f653dc0d5fd0e3a6dca3ddedf1b,1401/09/30,7944404.0,10707889.0,1236016.0
b3cd7f653dc0d5fd0e3a6dca3ddedf1b,1401/10/30,8987614.0,11941266.0,1233377.0
b3cd7f653dc0d5fd0e3a6dca3ddedf1b,1401/11/30,10052821.0,13533363.0,1592097.0
b3cd7f653dc0d5fd0e3a6dca3ddedf1b,1401/12/29,10749369.0,15030857.0,1497494.0
b3cd7f653dc0d5fd0e3a6dca3ddedf1b,1402/01/31,820873.0,871000.0,871000.0
b3cd7f653dc0d5fd0e3a6dca3ddedf1b,1402/02/31,1902969.0,2082426.0,1211426.0
b3cd7f653dc0d5fd0e3a6dca3ddedf1b,1402/03/31,3029003.0,3389836.0,1307410.0
b3cd7f653dc0d5fd0e3a6dca3ddedf1b,1402/04/31,4108468.0,4624029.0,1234193.0
b3cd7f653dc0d5fd0e3a6dca3ddedf1b,1402/05/31,5326484.0,5854490.0,1230461.0
b3cd7f653dc0d5fd0e3a6dca3ddedf1b,1402/06/31,7146007.0,6576986.0,722496.0
b3cd7f653dc0d5fd0e3a6dca3ddedf1b,1402/07/30,8346931.0,8016621.0,1439635.0
b3cd7f653dc0d5fd0e3a6dca3ddedf1b,1402/08/30,9471873.0,9465526.0,1448905.0
b3cd7f653dc0d5fd0e3a6dca3ddedf1b,1402/09/30,10707889.0,11480441.0,2014915.0
b3cd7f653dc0d5fd0e3a6dca3ddedf1b,1402/10/30,11941266.0,12381983.0,901542.0
b3cd7f653dc0d5fd0e3a6dca3ddedf1b,1402/11/30,13533363.0,13328468.0,946485.0
b3cd7f653dc0d5fd0e3a6dca3ddedf1b,1402/12/29,15030857.0,14134665.0,806197.0
b3cd7f653dc0d5fd0e3a6dca3ddedf1b,1403/01/31,871000.0,2033332.0,2033332.0
b3cd7f653dc0d5fd0e3a6dca3ddedf1b,1403/02/31,2088431.0,4167484.0,2134152.0
b3cd7f653dc0d5fd0e3a6dca3ddedf1b,1403/03/31,3389836.0,6537910.0,2370426.0
b3cd7f653dc0d5fd0e3a6dca3ddedf1b,1403/04/31,4624029.0,7787910.0,1250000.0
b3cd7f653dc0d5fd0e3a6dca3ddedf1b,1403/05/31,5895213.0,9089844.0,1301934.0
b3cd7f653dc0d5fd0e3a6dca3ddedf1b,1403/06/31,6576986.0,9422656.0,332812.0
b3cd7f653dc0d5fd0e3a6dca3ddedf1b,1403/07/30,9051343.0,11789502.0,2366846.0
b3cd7f653dc0d5fd0e3a6dca3ddedf1b,1403/08/30,10533512.0,13039746.0,1250244.0
b3cd7f653dc0d5fd0e3a6dca3ddedf1b,1403/09/30,12588439.0,14441400.0,1401654.0
b3cd7f653dc0d5fd0e3a6dca3ddedf1b,1403/10/30,13890546.0,15645065.0,1203665.0
b3cd7f653dc0d5fd0e3a6dca3ddedf1b,1403/11/30,14908227.0,16599792.0,954727.0
b3cd7f653dc0d5fd0e3a6dca3ddedf1b,1403/12/30,16044240.0,17100982.0,501190.0
b3cd7f653dc0d5fd0e3a6dca3ddedf1b,1404/01/31,2074953.0,2200443.0,2200443.0
b3cd7f653dc0d5fd0e3a6dca3ddedf1b,1404/02/31,4167484.0,4950452.0,2600179.0
b3cd7f653dc0d5fd0e3a6dca3ddedf1b,1404/03/31,6537910.0,7801269.0,3000647.0
b3cd7f653dc0d5fd0e3a6dca3ddedf1b,1404/04/31,7787910.0,10901460.0,3100191.0
b3cd7f653dc0d5fd0e3a6dca3ddedf1b,1404/05/31,9089844.0,14819146.0,3202069.0
b3cd7f653dc0d5fd0e3a6dca3ddedf1b,1404/06/31,9422656.0,17308350.0,3204820.0
b3cd7f653dc0d5fd0e3a6dca3ddedf1b,1404/07/30,11789502.0,20608552.0,3300202.0
b3cd7f653dc0d5fd0e3a6dca3ddedf1b,1404/08/30,13039746.0,23919120.0,3310568.0
b3cd7f653dc0d5fd0e3a6dca3ddedf1b,1404/09/30,14441400.0,27269140.0,3350020.0
b3cd7f653dc0d5fd0e3a6dca3ddedf1b,1404/10/30,15645065.0,30069245.0,2800105.0
b3cd7f653dc0d5fd0e3a6dca3ddedf1b,1404/11/30,0.0,0.0,2219094.0
b3cd7f653dc0d5fd0e3a6dca3ddedf1b,1404/12/29,0.0,0.0,1584596.0
b3cd7f653dc0d5fd0e3a6dca3ddedf1b,1405/01/31,0.0,0.0,2895017.0
b3cd7f653dc0d5fd0e3a6dca3ddedf1b,1405/02/31,0.0,0.0,3726920.0
b3cd7f653dc0d5fd0e3a6dca3ddedf1b,1405/03/31,0.0,0.0,4609271.0
b3cd7f653dc0d5fd0e3a6dca3ddedf1b,1405/04/31,0.0,0.0,6206177.0
b4d2079975271890006b2f38412d761d,1399/10/30,814106.0,1199923.0,189723.0
b4d2079975271890006b2f38412d761d,1399/11/30,908703.0,1392530.0,192607.0
b4d2079975271890006b2f38412d761d,1399/12/30,982495.0,1626889.0,234460.0
b4d2079975271890006b2f38412d761d,1400/01/31,6500.0,129851.0,129851.0
b4d2079975271890006b2f38412d761d,1400/02/31,81564.0,467891.0,341820.0
b4d2079975271890006b2f38412d761d,1400/03/31,165808.0,787755.0,320335.0
b4d2079975271890006b2f38412d761d,1400/04/31,278447.0,1046175.0,258541.0
b4d2079975271890006b2f38412d761d,1400/05/31,398105.0,1331853.0,285777.0
b4d2079975271890006b2f38412d761d,1400/06/31,517995.0,1666673.0,334820.0
b4d2079975271890006b2f38412d761d,1400/07/30,644249.0,1944352.0,277653.0
b4d2079975271890006b2f38412d761d,1400/08/30,813530.0,2147971.0,203619.0
b4d2079975271890006b2f38412d761d,1400/09/30,1010106.0,2447210.0,299239.0
b4d2079975271890006b2f38412d761d,1400/10/30,1199828.0,2745881.0,298671.0
b4d2079975271890006b2f38412d761d,1400/11/30,1392429.0,3037811.0,291930.0
b4d2079975271890006b2f38412d761d,1400/12/29,1606237.0,3344574.0,379384.0
b4d2079975271890006b2f38412d761d,1401/01/31,123706.0,209307.0,209307.0
b4d2079975271890006b2f38412d761d,1401/02/31,467420.0,522867.0,313560.0
b4d2079975271890006b2f38412d761d,1401/03/31,773018.0,897399.0,382742.0
b4d2079975271890006b2f38412d761d,1401/04/31,1026575.0,1269581.0,372182.0
b4d2079975271890006b2f38412d761d,1401/05/31,1310618.0,1644872.0,375291.0
b4d2079975271890006b2f38412d761d,1401/06/31,1638334.0,2016451.0,371595.0
b4d2079975271890006b2f38412d761d,1401/07/30,1904226.0,2335978.0,319527.0
b4d2079975271890006b2f38412d761d,1401/08/30,2107845.0,2712403.0,376425.0
b4d2079975271890006b2f38412d761d,1401/09/30,2403805.0,3040776.0,328373.0
b4d2079975271890006b2f38412d761d,1401/10/30,2684821.0,3316296.0,275520.0
b4d2079975271890006b2f38412d761d,1401/11/30,2965190.0,3598107.0,281811.0
b4d2079975271890006b2f38412d761d,1401/12/29,3344574.0,4066991.0,468884.0
b4d2079975271890006b2f38412d761d,1402/01/31,209307.0,211362.0,211362.0
b4d2079975271890006b2f38412d761d,1402/02/31,514657.0,602288.0,412740.0
b4d2079975271890006b2f38412d761d,1402/03/31,897399.0,1098814.0,496526.0
b4d2079975271890006b2f38412d761d,1402/04/31,1269581.0,1467417.0,368603.0
b4d2079975271890006b2f38412d761d,1402/05/31,1644872.0,1706916.0,239537.0
b4d2079975271890006b2f38412d761d,1402/06/31,2016451.0,1885663.0,178747.0
b4d2079975271890006b2f38412d761d,1402/07/30,2335977.0,2079548.0,193886.0
b4d2079975271890006b2f38412d761d,1402/08/30,2712572.0,2242823.0,164348.0
b4d2079975271890006b2f38412d761d,1402/09/30,3040776.0,2452964.0,208788.0
b4d2079975271890006b2f38412d761d,1402/10/30,3322122.0,2644523.0,191559.0
b4d2079975271890006b2f38412d761d,1402/11/30,3603298.0,2842636.0,199686.0
b4d2079975271890006b2f38412d761d,1402/12/29,4066991.0,3096318.0,253766.0
b4d2079975271890006b2f38412d761d,1403/01/31,189669.0,92203.0,92203.0
b4d2079975271890006b2f38412d761d,1403/02/31,600001.0,336545.0,244342.0
b4d2079975271890006b2f38412d761d,1403/03/31,1098814.0,593749.0,259900.0
b4d2079975271890006b2f38412d761d,1403/04/31,1467590.0,817425.0,223676.0
b4d2079975271890006b2f38412d761d,1403/05/31,1707225.0,1047848.0,228245.0
b4d2079975271890006b2f38412d761d,1403/06/31,1885663.0,1203267.0,147708.0
b4d2079975271890006b2f38412d761d,1403/07/30,2068001.0,1515778.0,312511.0
b4d2079975271890006b2f38412d761d,1403/08/30,2238851.0,1813761.0,298008.0
b4d2079975271890006b2f38412d761d,1403/09/30,2452964.0,2080693.0,267834.0
b4d2079975271890006b2f38412d761d,1403/10/30,2644523.0,2353483.0,272790.0
b4d2079975271890006b2f38412d761d,1403/11/30,2842636.0,2678037.0,326145.0
b4d2079975271890006b2f38412d761d,1403/12/30,3096318.0,3256818.0,584840.0
b4d2079975271890006b2f38412d761d,1404/01/31,88006.0,176722.0,176722.0
b4d2079975271890006b2f38412d761d,1404/02/31,328908.0,648600.0,477679.0
b4d2079975271890006b2f38412d761d,1404/03/31,593589.0,1037711.0,399081.0
b4d2079975271890006b2f38412d761d,1404/04/31,827314.0,1403713.0,366002.0
b4d2079975271890006b2f38412d761d,1404/05/31,1055560.0,1789811.0,396012.0
b4d2079975271890006b2f38412d761d,1404/06/31,1203268.0,2208121.0,419852.0
b4d2079975271890006b2f38412d761d,1404/07/30,1514953.0,2759488.0,551367.0
b4d2079975271890006b2f38412d761d,1404/08/30,1812760.0,3280037.0,519075.0
b4d2079975271890006b2f38412d761d,1404/09/30,2080593.0,4109417.0,829380.0
b4d2079975271890006b2f38412d761d,1404/10/30,2350225.0,5093530.0,984939.0
b4d2079975271890006b2f38412d761d,1404/11/30,2671878.0,6109225.0,1013511.0
b4d2079975271890006b2f38412d761d,1404/12/29,3256818.0,6787286.0,678061.0
b4d2079975271890006b2f38412d761d,1405/01/31,170921.0,166952.0,166952.0
b4d2079975271890006b2f38412d761d,1405/02/31,638352.0,1030918.0,863966.0
b4d2079975271890006b2f38412d761d,1405/03/31,0.0,0.0,860627.0
b4d2079975271890006b2f38412d761d,1405/04/31,0.0,0.0,737222.0
b4d2079975271890006b2f38412d761d,1405/05/31,0.0,0.0,888664.0
b694bdef08321e4aa9a9324af55183a3,1399/01/31,253891.0,163943.0,163943.0
b694bdef08321e4aa9a9324af55183a3,1399/02/31,611452.0,524599.0,360656.0
b694bdef08321e4aa9a9324af55183a3,1399/03/31,916468.0,828867.0,304268.0
b694bdef08321e4aa9a9324af55183a3,1399/04/31,1181577.0,1093476.0,264609.0
b694bdef08321e4aa9a9324af55183a3,1399/05/31,1456248.0,1439736.0,346260.0
b694bdef08321e4aa9a9324af55183a3,1399/06/31,1798136.0,1807739.0,368003.0
b694bdef08321e4aa9a9324af55183a3,1399/07/30,2064077.0,2138978.0,331239.0
b694bdef08321e4aa9a9324af55183a3,1399/08/30,2365429.0,2492672.0,353694.0
b694bdef08321e4aa9a9324af55183a3,1399/09/30,2636855.0,2862876.0,370204.0
b694bdef08321e4aa9a9324af55183a3,1399/10/30,2917855.0,3271223.0,408347.0
b694bdef08321e4aa9a9324af55183a3,1399/11/30,3305587.0,3689120.0,417897.0
b694bdef08321e4aa9a9324af55183a3,1399/12/30,3430795.0,4109535.0,420415.0
b694bdef08321e4aa9a9324af55183a3,1400/01/31,163943.0,239536.0,239536.0
b694bdef08321e4aa9a9324af55183a3,1400/02/31,524599.0,710495.0,470959.0
b694bdef08321e4aa9a9324af55183a3,1400/03/31,710495.0,1171264.0,460769.0
b694bdef08321e4aa9a9324af55183a3,1400/04/31,1171264.0,1686084.0,514820.0
b694bdef08321e4aa9a9324af55183a3,1400/05/31,1686084.0,2143075.0,456991.0
b694bdef08321e4aa9a9324af55183a3,1400/06/31,2143075.0,2854817.0,711742.0
b694bdef08321e4aa9a9324af55183a3,1400/07/30,2854817.0,3501174.0,646357.0
b694bdef08321e4aa9a9324af55183a3,1400/08/30,3501174.0,4292649.0,791475.0
b694bdef08321e4aa9a9324af55183a3,1400/09/30,370204.0,4969946.0,677297.0
b694bdef08321e4aa9a9324af55183a3,1400/10/30,408348.0,5607300.0,637354.0
b694bdef08321e4aa9a9324af55183a3,1400/11/30,417897.0,6206310.0,599010.0
b694bdef08321e4aa9a9324af55183a3,1400/12/29,4130296.0,6588391.0,382082.0
b694bdef08321e4aa9a9324af55183a3,1401/01/31,239537.0,386943.0,386943.0
b694bdef08321e4aa9a9324af55183a3,1401/02/31,710496.0,875874.0,488931.0
b694bdef08321e4aa9a9324af55183a3,1401/03/31,1171264.0,1376860.0,501898.0
b694bdef08321e4aa9a9324af55183a3,1401/04/31,514820.0,1974155.0,597295.0
b694bdef08321e4aa9a9324af55183a3,1401/05/31,2143075.0,2585306.0,611151.0
b694bdef08321e4aa9a9324af55183a3,1401/06/31,2854817.0,3548188.0,962881.0
b694bdef08321e4aa9a9324af55183a3,1401/07/30,3501174.0,4591977.0,1043789.0
b694bdef08321e4aa9a9324af55183a3,1401/08/30,791475.0,5893058.0,1301081.0
b694bdef08321e4aa9a9324af55183a3,1401/09/30,4969946.0,7279400.0,1386195.0
b694bdef08321e4aa9a9324af55183a3,1401/10/30,5607300.0,8805296.0,1525896.0
b694bdef08321e4aa9a9324af55183a3,1401/11/30,599010.0,10024244.0,1218948.0
b694bdef08321e4aa9a9324af55183a3,1401/12/29,6588391.0,11333126.0,1308882.0
b694bdef08321e4aa9a9324af55183a3,1402/01/31,386943.0,835130.0,835130.0
b694bdef08321e4aa9a9324af55183a3,1402/02/31,874962.0,2022859.0,1187729.0
b694bdef08321e4aa9a9324af55183a3,1402/03/31,1376860.0,3315083.0,1292224.0
b694bdef08321e4aa9a9324af55183a3,1402/04/31,1974155.0,5019286.0,1704203.0
b694bdef08321e4aa9a9324af55183a3,1402/05/31,2585307.0,6320515.0,1301229.0
b694bdef08321e4aa9a9324af55183a3,1402/06/31,3548188.0,7942450.0,1621935.0
b694bdef08321e4aa9a9324af55183a3,1402/07/30,4591977.0,9592269.0,1649819.0
b694bdef08321e4aa9a9324af55183a3,1402/08/30,5893205.0,11250683.0,1658414.0
b694bdef08321e4aa9a9324af55183a3,1402/09/30,7279400.0,12993035.0,1748095.0
b694bdef08321e4aa9a9324af55183a3,1402/10/30,8805296.0,14726365.0,1733330.0
b694bdef08321e4aa9a9324af55183a3,1402/11/30,10024244.0,16454863.0,1728498.0
b694bdef08321e4aa9a9324af55183a3,1402/12/29,11333126.0,17342363.0,887500.0
b694bdef08321e4aa9a9324af55183a3,1403/01/31,835130.0,1180868.0,1180868.0
b694bdef08321e4aa9a9324af55183a3,1403/02/31,2022859.0,2613384.0,1432516.0
b694bdef08321e4aa9a9324af55183a3,1403/03/31,3315083.0,4705628.0,2092244.0
b694bdef08321e4aa9a9324af55183a3,1403/04/31,5019286.0,6418366.0,1712738.0
b694bdef08321e4aa9a9324af55183a3,1403/05/31,6320515.0,8600065.0,2181699.0
b694bdef08321e4aa9a9324af55183a3,1403/06/31,7942450.0,10927676.0,2327611.0
b694bdef08321e4aa9a9324af55183a3,1403/07/30,9592269.0,12841604.0,1913928.0
b694bdef08321e4aa9a9324af55183a3,1403/08/30,11250683.0,13706112.0,864508.0
b694bdef08321e4aa9a9324af55183a3,1403/09/30,12993035.0,15522531.0,1816419.0
b694bdef08321e4aa9a9324af55183a3,1403/10/30,14726365.0,18264185.0,2741654.0
b694bdef08321e4aa9a9324af55183a3,1403/11/30,16454863.0,21719004.0,3454819.0
b694bdef08321e4aa9a9324af55183a3,1403/12/30,17342363.0,24165619.0,2446615.0
b694bdef08321e4aa9a9324af55183a3,1404/01/31,1180868.0,2401779.0,2401779.0
b694bdef08321e4aa9a9324af55183a3,1404/02/31,2613384.0,5914328.0,3512549.0
b694bdef08321e4aa9a9324af55183a3,1404/03/31,4705628.0,8921906.0,3007578.0
b694bdef08321e4aa9a9324af55183a3,1404/04/31,6418366.0,12383804.0,3461898.0
b694bdef08321e4aa9a9324af55183a3,1404/05/31,8600065.0,15789626.0,3405822.0
b694bdef08321e4aa9a9324af55183a3,1404/06/31,10927676.0,19993033.0,4203407.0
b694bdef08321e4aa9a9324af55183a3,1404/07/30,12841604.0,24553401.0,4560368.0
b694bdef08321e4aa9a9324af55183a3,1404/08/30,13706112.0,29176284.0,4622883.0
b694bdef08321e4aa9a9324af55183a3,1404/09/30,15522531.0,33385710.0,4209426.0
b694bdef08321e4aa9a9324af55183a3,1404/10/30,18264185.0,37388847.0,4003137.0
b694bdef08321e4aa9a9324af55183a3,1404/11/30,21719004.0,41422764.0,4033917.0
b694bdef08321e4aa9a9324af55183a3,1404/12/29,24165619.0,42214989.0,792225.0
b694bdef08321e4aa9a9324af55183a3,1405/01/31,2401779.0,2857623.0,2857623.0
b694bdef08321e4aa9a9324af55183a3,1405/02/31,5914328.0,8480931.0,5623308.0
b694bdef08321e4aa9a9324af55183a3,1405/03/31,0.0,0.0,6590241.0
b694bdef08321e4aa9a9324af55183a3,1405/04/31,0.0,0.0,7009189.0
b88121029d7e973410b008320f8fe378,1400/08/30,40653945.0,38795145.0,5123705.0
b88121029d7e973410b008320f8fe378,1400/09/30,40653945.0,43984805.0,5189660.0
b88121029d7e973410b008320f8fe378,1400/10/30,40653945.0,50082841.0,6098036.0
b88121029d7e973410b008320f8fe378,1400/11/30,40653945.0,56990999.0,6908158.0
b88121029d7e973410b008320f8fe378,1400/12/29,40653945.0,64789478.0,7798479.0
b88121029d7e973410b008320f8fe378,1401/01/31,64788863.0,3707112.0,3707112.0
b88121029d7e973410b008320f8fe378,1401/02/31,64788863.0,11481621.0,7774509.0
b88121029d7e973410b008320f8fe378,1401/03/31,64788863.0,20413270.0,8931649.0
b88121029d7e973410b008320f8fe378,1401/04/31,64788863.0,31954690.0,11541420.0
b88121029d7e973410b008320f8fe378,1401/05/31,64788863.0,41543273.0,9588583.0
b88121029d7e973410b008320f8fe378,1401/06/31,64788863.0,50427305.0,8884032.0
b88121029d7e973410b008320f8fe378,1401/07/30,64788863.0,59885153.0,9457848.0
b88121029d7e973410b008320f8fe378,1401/08/30,64788863.0,70136232.0,10251079.0
b88121029d7e973410b008320f8fe378,1401/09/30,64788863.0,80237628.0,10101396.0
b88121029d7e973410b008320f8fe378,1401/10/30,64788863.0,90591219.0,10353591.0
b88121029d7e973410b008320f8fe378,1401/11/30,64788863.0,102070025.0,11478806.0
b88121029d7e973410b008320f8fe378,1401/12/29,64788863.0,117555657.0,15485632.0
b88121029d7e973410b008320f8fe378,1402/01/31,117550575.0,5713851.0,5713851.0
b88121029d7e973410b008320f8fe378,1402/02/31,117550575.0,16019021.0,10305170.0
b88121029d7e973410b008320f8fe378,1402/03/31,117550575.0,26703138.0,10684117.0
b88121029d7e973410b008320f8fe378,1402/04/31,117550575.0,37710121.0,11006983.0
b88121029d7e973410b008320f8fe378,1402/05/31,117550575.0,49059506.0,11351432.0
b88121029d7e973410b008320f8fe378,1402/06/31,117550575.0,61192839.0,12134333.0
b88121029d7e973410b008320f8fe378,1402/07/30,117550575.0,72729532.0,11536693.0
b88121029d7e973410b008320f8fe378,1402/08/30,117550575.0,83510606.0,10781074.0
b88121029d7e973410b008320f8fe378,1402/09/30,117550575.0,95023029.0,11512423.0
b88121029d7e973410b008320f8fe378,1402/10/30,117550575.0,105498055.0,10475026.0
b88121029d7e973410b008320f8fe378,1402/11/30,117550575.0,119364104.0,13866049.0
b88121029d7e973410b008320f8fe378,1402/12/29,117550575.0,139489738.0,20125634.0
b88121029d7e973410b008320f8fe378,1403/01/31,139489738.0,5410614.0,5410614.0
b88121029d7e973410b008320f8fe378,1403/02/31,17846246.0,12435632.0,5410614.0
b88121029d7e973410b008320f8fe378,1403/03/31,139486120.0,31082168.0,13235922.0
b88121029d7e973410b008320f8fe378,1403/04/31,139486120.0,43726141.0,12643973.0
b88121029d7e973410b008320f8fe378,1403/05/31,139486120.0,58387010.0,14660869.0
b88121029d7e973410b008320f8fe378,1403/06/31,139486120.0,72240389.0,13853379.0
b88121029d7e973410b008320f8fe378,1403/07/30,139486120.0,87371478.0,15131089.0
b88121029d7e973410b008320f8fe378,1403/08/30,139486120.0,102690257.0,15318779.0
b88121029d7e973410b008320f8fe378,1403/09/30,139486120.0,115959062.0,13268805.0
b88121029d7e973410b008320f8fe378,1403/10/30,139486120.0,130372113.0,14413051.0
b88121029d7e973410b008320f8fe378,1403/11/30,139486120.0,149062043.0,18689930.0
b88121029d7e973410b008320f8fe378,1403/12/30,139486120.0,174773828.0,25711785.0
b88121029d7e973410b008320f8fe378,1404/01/31,174773728.0,7132352.0,7132352.0
b88121029d7e973410b008320f8fe378,1404/02/31,174772199.0,25098293.0,17965941.0
b88121029d7e973410b008320f8fe378,1404/03/31,174772199.0,42197624.0,17099331.0
b88121029d7e973410b008320f8fe378,1404/04/31,174772199.0,63422994.0,21224371.0
b88121029d7e973410b008320f8fe378,1404/05/31,174772199.0,82422451.0,18999457.0
b88121029d7e973410b008320f8fe378,1404/06/31,174772199.0,105586689.0,23164238.0
b88121029d7e973410b008320f8fe378,1404/07/30,174772199.0,129996512.0,24409930.0
b88121029d7e973410b008320f8fe378,1404/08/30,174772199.0,152746421.0,22749909.0
b88121029d7e973410b008320f8fe378,1404/09/30,174772199.0,177042758.0,24296337.0
b88121029d7e973410b008320f8fe378,1404/10/30,174772199.0,203077188.0,26027081.0
b88121029d7e973410b008320f8fe378,1404/11/30,174772199.0,236559632.0,33482444.0
b88121029d7e973410b008320f8fe378,1404/12/29,174772199.0,275117293.0,38557661.0
b88121029d7e973410b008320f8fe378,1405/01/31,275117812.0,24713875.0,24713875.0
b88121029d7e973410b008320f8fe378,1405/02/31,275120127.0,77662135.0,52948260.0
b88121029d7e973410b008320f8fe378,1405/03/31,0.0,0.0,46328027.0
b88121029d7e973410b008320f8fe378,1405/04/31,0.0,0.0,45224074.0
b88121029d7e973410b008320f8fe378,1405/06/31,0.0,0.0,54742204.0
b992f8cd4c1b548e42482525505c9ea7,1400/03/31,0.0,0.0,251936.0
b992f8cd4c1b548e42482525505c9ea7,1400/04/31,0.0,0.0,273989.0
b992f8cd4c1b548e42482525505c9ea7,1400/05/31,0.0,0.0,412531.0
b992f8cd4c1b548e42482525505c9ea7,1400/06/31,0.0,0.0,397598.0
b992f8cd4c1b548e42482525505c9ea7,1400/07/30,0.0,0.0,113586.0
b992f8cd4c1b548e42482525505c9ea7,1400/08/30,0.0,0.0,180800.0
b992f8cd4c1b548e42482525505c9ea7,1400/09/30,0.0,0.0,304960.0
b992f8cd4c1b548e42482525505c9ea7,1400/10/30,0.0,0.0,208374.0
b992f8cd4c1b548e42482525505c9ea7,1400/11/30,0.0,0.0,311833.0
b992f8cd4c1b548e42482525505c9ea7,1400/12/29,0.0,0.0,294368.0
b992f8cd4c1b548e42482525505c9ea7,1401/01/31,0.0,0.0,388806.0
b992f8cd4c1b548e42482525505c9ea7,1401/02/31,0.0,0.0,193141.0
b992f8cd4c1b548e42482525505c9ea7,1401/03/31,0.0,0.0,224156.0
b992f8cd4c1b548e42482525505c9ea7,1401/04/31,0.0,0.0,374681.0
b992f8cd4c1b548e42482525505c9ea7,1401/05/31,0.0,0.0,377314.0
b992f8cd4c1b548e42482525505c9ea7,1401/06/31,0.0,0.0,400084.0
b992f8cd4c1b548e42482525505c9ea7,1401/07/30,0.0,0.0,373127.0
b992f8cd4c1b548e42482525505c9ea7,1401/08/30,0.0,0.0,445382.0
b992f8cd4c1b548e42482525505c9ea7,1401/09/30,0.0,0.0,378790.0
b992f8cd4c1b548e42482525505c9ea7,1401/10/30,0.0,0.0,321847.0
b992f8cd4c1b548e42482525505c9ea7,1401/11/30,0.0,0.0,347349.0
b992f8cd4c1b548e42482525505c9ea7,1401/12/29,0.0,0.0,414817.0
b992f8cd4c1b548e42482525505c9ea7,1402/01/31,0.0,0.0,383842.0
b992f8cd4c1b548e42482525505c9ea7,1402/02/31,0.0,0.0,356955.0
b992f8cd4c1b548e42482525505c9ea7,1402/03/31,0.0,0.0,481262.0
b992f8cd4c1b548e42482525505c9ea7,1402/04/31,0.0,0.0,415428.0
b992f8cd4c1b548e42482525505c9ea7,1402/05/31,0.0,0.0,433240.0
b992f8cd4c1b548e42482525505c9ea7,1402/06/31,0.0,0.0,409759.0
b992f8cd4c1b548e42482525505c9ea7,1402/07/30,0.0,0.0,440105.0
b992f8cd4c1b548e42482525505c9ea7,1402/08/30,0.0,0.0,632600.0
b992f8cd4c1b548e42482525505c9ea7,1402/09/30,0.0,0.0,679505.0
b992f8cd4c1b548e42482525505c9ea7,1402/10/30,0.0,0.0,560946.0
b992f8cd4c1b548e42482525505c9ea7,1402/11/30,0.0,0.0,629450.0
b992f8cd4c1b548e42482525505c9ea7,1402/12/29,0.0,0.0,474916.0
b992f8cd4c1b548e42482525505c9ea7,1403/01/31,0.0,0.0,396190.0
b992f8cd4c1b548e42482525505c9ea7,1403/02/31,0.0,0.0,708450.0
b992f8cd4c1b548e42482525505c9ea7,1403/03/31,0.0,0.0,787677.0
b992f8cd4c1b548e42482525505c9ea7,1403/04/31,0.0,0.0,1083214.0
b992f8cd4c1b548e42482525505c9ea7,1403/05/31,0.0,0.0,1400866.0
b992f8cd4c1b548e42482525505c9ea7,1403/06/31,0.0,0.0,1222059.0
b992f8cd4c1b548e42482525505c9ea7,1403/07/30,0.0,0.0,1365557.0
b992f8cd4c1b548e42482525505c9ea7,1403/08/30,0.0,0.0,1132900.0
b992f8cd4c1b548e42482525505c9ea7,1403/09/30,0.0,0.0,978894.0
b992f8cd4c1b548e42482525505c9ea7,1403/10/30,0.0,0.0,1588021.0
b992f8cd4c1b548e42482525505c9ea7,1403/11/30,0.0,0.0,1574552.0
b992f8cd4c1b548e42482525505c9ea7,1403/12/30,0.0,0.0,1669362.0
b992f8cd4c1b548e42482525505c9ea7,1404/01/31,0.0,0.0,1624461.0
b992f8cd4c1b548e42482525505c9ea7,1404/02/31,0.0,0.0,1996037.0
b992f8cd4c1b548e42482525505c9ea7,1404/03/31,0.0,0.0,2114114.0
b992f8cd4c1b548e42482525505c9ea7,1404/04/31,0.0,0.0,2192023.0
b992f8cd4c1b548e42482525505c9ea7,1404/05/31,0.0,0.0,1604990.0
b992f8cd4c1b548e42482525505c9ea7,1404/06/31,0.0,0.0,2620984.0
b992f8cd4c1b548e42482525505c9ea7,1404/07/30,0.0,0.0,2717898.0
b992f8cd4c1b548e42482525505c9ea7,1404/08/30,0.0,0.0,3355884.0
b992f8cd4c1b548e42482525505c9ea7,1404/09/30,0.0,0.0,2391765.0
b992f8cd4c1b548e42482525505c9ea7,1404/10/30,0.0,0.0,2380950.0
b992f8cd4c1b548e42482525505c9ea7,1404/11/30,0.0,0.0,2044771.0
b992f8cd4c1b548e42482525505c9ea7,1404/12/29,0.0,0.0,3286168.0
b992f8cd4c1b548e42482525505c9ea7,1405/01/31,0.0,0.0,4258997.0
b992f8cd4c1b548e42482525505c9ea7,1405/02/31,0.0,0.0,4531844.0
b992f8cd4c1b548e42482525505c9ea7,1405/03/31,0.0,0.0,3405349.0
b992f8cd4c1b548e42482525505c9ea7,1405/04/31,0.0,0.0,3881115.0
b992f8cd4c1b548e42482525505c9ea7,1405/05/31,0.0,0.0,4705622.0
ba1603db6572b46274d398e9882a95ea,1402/01/31,0.0,0.0,640374.0
ba1603db6572b46274d398e9882a95ea,1402/02/31,0.0,0.0,1038273.0
ba1603db6572b46274d398e9882a95ea,1402/03/31,0.0,0.0,1288966.0
ba1603db6572b46274d398e9882a95ea,1402/04/31,0.0,0.0,1164714.0
ba1603db6572b46274d398e9882a95ea,1402/05/31,0.0,0.0,1261507.0
ba1603db6572b46274d398e9882a95ea,1402/06/31,0.0,0.0,4135898.0
ba1603db6572b46274d398e9882a95ea,1402/07/30,0.0,0.0,313678.0
ba1603db6572b46274d398e9882a95ea,1402/08/30,0.0,0.0,1633718.0
ba1603db6572b46274d398e9882a95ea,1402/09/30,0.0,0.0,1262472.0
ba1603db6572b46274d398e9882a95ea,1402/10/30,0.0,0.0,1291729.0
ba1603db6572b46274d398e9882a95ea,1402/11/30,0.0,0.0,1110689.0
ba1603db6572b46274d398e9882a95ea,1402/12/29,0.0,0.0,1138701.0
ba1603db6572b46274d398e9882a95ea,1403/01/31,0.0,0.0,2032960.0
ba1603db6572b46274d398e9882a95ea,1403/02/31,0.0,0.0,2199192.0
ba1603db6572b46274d398e9882a95ea,1403/03/31,0.0,0.0,2252303.0
ba1603db6572b46274d398e9882a95ea,1403/04/31,0.0,0.0,2140034.0
ba1603db6572b46274d398e9882a95ea,1403/05/31,0.0,0.0,1654605.0
ba1603db6572b46274d398e9882a95ea,1403/06/31,0.0,0.0,1730418.0
ba1603db6572b46274d398e9882a95ea,1403/07/30,0.0,0.0,1802199.0
ba1603db6572b46274d398e9882a95ea,1403/08/30,0.0,0.0,1841769.0
ba1603db6572b46274d398e9882a95ea,1403/09/30,0.0,0.0,2110052.0
ba1603db6572b46274d398e9882a95ea,1403/10/30,0.0,0.0,2412561.0
ba1603db6572b46274d398e9882a95ea,1403/11/30,0.0,0.0,2010502.0
ba1603db6572b46274d398e9882a95ea,1403/12/30,0.0,0.0,3774757.0
ba1603db6572b46274d398e9882a95ea,1404/01/31,0.0,0.0,2802665.0
ba1603db6572b46274d398e9882a95ea,1404/02/31,0.0,0.0,3200916.0
ba1603db6572b46274d398e9882a95ea,1404/03/31,0.0,0.0,2124241.0
ba1603db6572b46274d398e9882a95ea,1404/04/31,0.0,0.0,3004374.0
ba1603db6572b46274d398e9882a95ea,1404/05/31,0.0,0.0,2615960.0
ba1603db6572b46274d398e9882a95ea,1404/06/31,0.0,0.0,4311017.0
ba1603db6572b46274d398e9882a95ea,1404/07/30,0.0,0.0,3191158.0
ba1603db6572b46274d398e9882a95ea,1404/08/30,0.0,0.0,3868622.0
ba1603db6572b46274d398e9882a95ea,1404/09/30,0.0,0.0,3667169.0
ba1603db6572b46274d398e9882a95ea,1404/10/30,0.0,0.0,2473731.0
ba1603db6572b46274d398e9882a95ea,1404/11/30,0.0,0.0,4037447.0
ba1603db6572b46274d398e9882a95ea,1404/12/29,0.0,0.0,1027242.0
ba1603db6572b46274d398e9882a95ea,1405/01/31,0.0,0.0,5504348.0
ba1603db6572b46274d398e9882a95ea,1405/02/31,0.0,0.0,10523327.0
ba1603db6572b46274d398e9882a95ea,1405/03/31,0.0,0.0,12004868.0
ba1603db6572b46274d398e9882a95ea,1405/04/31,0.0,0.0,10071083.0
bbb81179fce8ad6deb0c746c9ed1d951,1399/01/31,16466.0,16466.0,16466.0
bbb81179fce8ad6deb0c746c9ed1d951,1399/02/31,61907.0,61907.0,45441.0
bbb81179fce8ad6deb0c746c9ed1d951,1399/03/31,267737.0,267737.0,205830.0
bbb81179fce8ad6deb0c746c9ed1d951,1399/04/31,377907.0,110128.0,267779.0
bbb81179fce8ad6deb0c746c9ed1d951,1399/05/31,80084.0,427696.0,49789.0
bbb81179fce8ad6deb0c746c9ed1d951,1399/06/31,199286.0,496670.0,68974.0
bbb81179fce8ad6deb0c746c9ed1d951,1399/07/30,229661.0,414000.0,69699.0
bbb81179fce8ad6deb0c746c9ed1d951,1399/08/30,255646.0,471125.0,57125.0
bbb81179fce8ad6deb0c746c9ed1d951,1399/09/30,894659.0,742285.0,271160.0
bbb81179fce8ad6deb0c746c9ed1d951,1399/10/30,360427.0,832597.0,90312.0
bbb81179fce8ad6deb0c746c9ed1d951,1399/11/30,408383.0,913285.0,80688.0
bbb81179fce8ad6deb0c746c9ed1d951,1399/12/30,443573.0,1033201.0,100240.0
bbb81179fce8ad6deb0c746c9ed1d951,1400/01/31,16464.0,62001.0,62001.0
bbb81179fce8ad6deb0c746c9ed1d951,1400/02/31,61907.0,158959.0,96958.0
bbb81179fce8ad6deb0c746c9ed1d951,1400/03/31,267737.0,293276.0,118277.0
bbb81179fce8ad6deb0c746c9ed1d951,1400/04/31,377907.0,412527.0,119251.0
bbb81179fce8ad6deb0c746c9ed1d951,1400/05/31,427696.0,502509.0,96013.0
bbb81179fce8ad6deb0c746c9ed1d951,1400/06/31,496670.0,647824.0,146143.0
bbb81179fce8ad6deb0c746c9ed1d951,1400/07/30,414000.0,745636.0,97812.0
bbb81179fce8ad6deb0c746c9ed1d951,1400/08/30,623497.0,858495.0,112859.0
bbb81179fce8ad6deb0c746c9ed1d951,1400/09/30,742285.0,1188401.0,138692.0
bbb81179fce8ad6deb0c746c9ed1d951,1400/10/30,832597.0,1335691.0,147290.0
bbb81179fce8ad6deb0c746c9ed1d951,1400/11/30,913285.0,2185785.0,850094.0
bbb81179fce8ad6deb0c746c9ed1d951,1400/12/29,1033201.0,2340454.0,154669.0
bbb81179fce8ad6deb0c746c9ed1d951,1401/01/31,62001.0,102750.0,102750.0
bbb81179fce8ad6deb0c746c9ed1d951,1401/02/31,158959.0,300680.0,186969.0
bbb81179fce8ad6deb0c746c9ed1d951,1401/03/31,293276.0,570739.0,268951.0
bbb81179fce8ad6deb0c746c9ed1d951,1401/04/31,412527.0,794035.0,223296.0
bbb81179fce8ad6deb0c746c9ed1d951,1401/05/31,502509.0,1010983.0,216948.0
bbb81179fce8ad6deb0c746c9ed1d951,1401/06/31,647824.0,1305056.0,294073.0
bbb81179fce8ad6deb0c746c9ed1d951,1401/07/30,745636.0,1564905.0,259849.0
bbb81179fce8ad6deb0c746c9ed1d951,1401/08/30,858495.0,1926347.0,361442.0
bbb81179fce8ad6deb0c746c9ed1d951,1401/09/30,1188401.0,2403520.0,376530.0
bbb81179fce8ad6deb0c746c9ed1d951,1401/10/30,1335691.0,2812201.0,408681.0
bbb81179fce8ad6deb0c746c9ed1d951,1401/11/30,2185785.0,3185428.0,373227.0
bbb81179fce8ad6deb0c746c9ed1d951,1401/12/29,2340454.0,3591970.0,406542.0
bbb81179fce8ad6deb0c746c9ed1d951,1402/01/31,102750.0,230213.0,230213.0
bbb81179fce8ad6deb0c746c9ed1d951,1402/02/31,300680.0,866736.0,636523.0
bbb81179fce8ad6deb0c746c9ed1d951,1402/03/31,570739.0,1277157.0,633755.0
bbb81179fce8ad6deb0c746c9ed1d951,1402/04/31,794035.0,2255500.0,978343.0
bbb81179fce8ad6deb0c746c9ed1d951,1402/05/31,1010983.0,2671360.0,415860.0
bbb81179fce8ad6deb0c746c9ed1d951,1402/06/31,1305056.0,3159363.0,488003.0
bbb81179fce8ad6deb0c746c9ed1d951,1402/07/30,1564905.0,3738390.0,579027.0
bbb81179fce8ad6deb0c746c9ed1d951,1402/08/30,1926347.0,4355280.0,616890.0
bbb81179fce8ad6deb0c746c9ed1d951,1402/09/30,2403520.0,4886028.0,530748.0
bbb81179fce8ad6deb0c746c9ed1d951,1402/10/30,2812201.0,5453126.0,567098.0
bbb81179fce8ad6deb0c746c9ed1d951,1402/11/30,3185428.0,6007960.0,554834.0
bbb81179fce8ad6deb0c746c9ed1d951,1402/12/29,3591970.0,6487105.0,483448.0
bbb81179fce8ad6deb0c746c9ed1d951,1403/01/31,230213.0,292792.0,292792.0
bbb81179fce8ad6deb0c746c9ed1d951,1403/02/31,838960.0,785339.0,492547.0
bbb81179fce8ad6deb0c746c9ed1d951,1403/03/31,1277157.0,1289267.0,503928.0
bbb81179fce8ad6deb0c746c9ed1d951,1403/04/31,2255500.0,1828439.0,539172.0
bbb81179fce8ad6deb0c746c9ed1d951,1403/05/31,2671360.0,2285449.0,457010.0
bbb81179fce8ad6deb0c746c9ed1d951,1403/06/31,3159363.0,2694517.0,409068.0
bbb81179fce8ad6deb0c746c9ed1d951,1403/07/30,3738390.0,3149404.0,454887.0
bbb81179fce8ad6deb0c746c9ed1d951,1403/08/30,4355280.0,3732750.0,583346.0
bbb81179fce8ad6deb0c746c9ed1d951,1403/09/30,4886028.0,4210382.0,477632.0
bbb81179fce8ad6deb0c746c9ed1d951,1403/10/30,5453126.0,4774418.0,564036.0
bbb81179fce8ad6deb0c746c9ed1d951,1403/11/30,6007960.0,5530553.0,589173.0
bbb81179fce8ad6deb0c746c9ed1d951,1403/12/30,6487105.0,6462973.0,537527.0
bbb81179fce8ad6deb0c746c9ed1d951,1404/01/31,292792.0,329326.0,329326.0
bbb81179fce8ad6deb0c746c9ed1d951,1404/02/31,785339.0,870346.0,541020.0
bbb81179fce8ad6deb0c746c9ed1d951,1404/03/31,1289267.0,1351257.0,430187.0
bbb81179fce8ad6deb0c746c9ed1d951,1404/04/31,1828439.0,1709837.0,358630.0
bbb81179fce8ad6deb0c746c9ed1d951,1404/05/31,2285449.0,2024203.0,314366.0
bbb81179fce8ad6deb0c746c9ed1d951,1404/06/31,2694517.0,2538415.0,514212.0
bbb81179fce8ad6deb0c746c9ed1d951,1404/07/30,3149404.0,3055004.0,516589.0
bbb81179fce8ad6deb0c746c9ed1d951,1404/08/30,3732750.0,3621504.0,566500.0
bbb81179fce8ad6deb0c746c9ed1d951,1404/09/30,4210382.0,4656712.0,791407.0
bbb81179fce8ad6deb0c746c9ed1d951,1404/10/30,4774418.0,5368026.0,711314.0
bbb81179fce8ad6deb0c746c9ed1d951,1404/12/29,0.0,0.0,451131.0
bbb81179fce8ad6deb0c746c9ed1d951,1405/01/31,0.0,0.0,111394.0
bbb81179fce8ad6deb0c746c9ed1d951,1405/02/31,0.0,0.0,560318.0
bbb81179fce8ad6deb0c746c9ed1d951,1405/03/31,0.0,0.0,1203069.0
bbcfae1712205951bfbb99d634742ad8,1400/04/31,11056620.0,19960375.0,5331201.0
bbcfae1712205951bfbb99d634742ad8,1400/05/31,14337055.0,25208921.0,5248546.0
bbcfae1712205951bfbb99d634742ad8,1400/06/31,17951215.0,34102009.0,8893088.0
bbcfae1712205951bfbb99d634742ad8,1400/07/30,21874726.0,39247848.0,5145839.0
bbcfae1712205951bfbb99d634742ad8,1400/08/30,27925394.0,43684703.0,4436855.0
bbcfae1712205951bfbb99d634742ad8,1400/09/30,33338208.0,48033281.0,4348578.0
bbcfae1712205951bfbb99d634742ad8,1400/10/30,38767043.0,50359989.0,2326708.0
bbcfae1712205951bfbb99d634742ad8,1400/11/30,45756696.0,53572727.0,3212738.0
bbcfae1712205951bfbb99d634742ad8,1400/12/29,52787022.0,58799839.0,5546362.0
bbcfae1712205951bfbb99d634742ad8,1401/01/31,4453362.0,2016170.0,2016170.0
bbcfae1712205951bfbb99d634742ad8,1401/02/31,9019529.0,11023455.0,9007285.0
bbcfae1712205951bfbb99d634742ad8,1401/03/31,14572067.0,34871701.0,23851122.0
bbcfae1712205951bfbb99d634742ad8,1401/04/31,19960375.0,58582721.0,23711020.0
bbcfae1712205951bfbb99d634742ad8,1401/05/31,25151814.0,68717203.0,10134482.0
bbcfae1712205951bfbb99d634742ad8,1401/06/31,34102009.0,83136184.0,14418981.0
bbcfae1712205951bfbb99d634742ad8,1401/07/30,39247848.0,90471203.0,9661840.0
bbcfae1712205951bfbb99d634742ad8,1401/08/30,43684703.0,104732928.0,14261725.0
bbcfae1712205951bfbb99d634742ad8,1401/09/30,48033281.0,126070172.0,20010347.0
bbcfae1712205951bfbb99d634742ad8,1401/10/30,50359989.0,145049754.0,18979582.0
bbcfae1712205951bfbb99d634742ad8,1401/11/30,53572727.0,164170868.0,19121114.0
bbcfae1712205951bfbb99d634742ad8,1401/12/29,58799839.0,186687728.0,22516860.0
bbcfae1712205951bfbb99d634742ad8,1402/01/31,2016170.0,9245348.0,9245348.0
bbcfae1712205951bfbb99d634742ad8,1402/02/31,11058084.0,26097040.0,16851692.0
bbcfae1712205951bfbb99d634742ad8,1402/03/31,34933261.0,41694357.0,15597317.0
bbcfae1712205951bfbb99d634742ad8,1402/04/31,58519032.0,59033569.0,17339212.0
bbcfae1712205951bfbb99d634742ad8,1402/05/31,68877162.0,70126673.0,11093104.0
bbcfae1712205951bfbb99d634742ad8,1402/06/31,80809363.0,94329641.0,24202968.0
bbcfae1712205951bfbb99d634742ad8,1402/07/30,90471203.0,106374892.0,12460251.0
bbcfae1712205951bfbb99d634742ad8,1402/08/30,109986373.0,125140630.0,18765738.0
bbcfae1712205951bfbb99d634742ad8,1402/09/30,126070172.0,148799726.0,23659096.0
bbcfae1712205951bfbb99d634742ad8,1402/10/30,145049754.0,168082259.0,19282533.0
bbcfae1712205951bfbb99d634742ad8,1402/11/30,164170868.0,187782712.0,19700453.0
bbcfae1712205951bfbb99d634742ad8,1402/12/29,186687728.0,222386472.0,34603760.0
bbcfae1712205951bfbb99d634742ad8,1403/01/31,9245348.0,12981616.0,12981616.0
bbcfae1712205951bfbb99d634742ad8,1403/02/31,26247835.0,28709558.0,15727942.0
bbcfae1712205951bfbb99d634742ad8,1403/03/31,41694357.0,45662019.0,16952461.0
bbcfae1712205951bfbb99d634742ad8,1403/04/31,59033569.0,66357961.0,20695942.0
bbcfae1712205951bfbb99d634742ad8,1403/05/31,70126673.0,86742032.0,20384071.0
bbcfae1712205951bfbb99d634742ad8,1403/06/31,94329641.0,107052065.0,20310033.0
bbcfae1712205951bfbb99d634742ad8,1403/07/30,106374892.0,127756082.0,20704017.0
bbcfae1712205951bfbb99d634742ad8,1403/08/30,125140630.0,153957107.0,26201025.0
bbcfae1712205951bfbb99d634742ad8,1403/09/30,148799726.0,172597306.0,18640199.0
bbcfae1712205951bfbb99d634742ad8,1403/10/30,168082259.0,191418848.0,21380555.0
bbcfae1712205951bfbb99d634742ad8,1403/11/30,187782712.0,211866659.0,20447811.0
bbcfae1712205951bfbb99d634742ad8,1403/12/30,222386472.0,230993159.0,19323341.0
bbcfae1712205951bfbb99d634742ad8,1404/01/31,12981616.0,10022283.0,10022283.0
bbcfae1712205951bfbb99d634742ad8,1404/02/31,28709558.0,38443410.0,28421127.0
bbcfae1712205951bfbb99d634742ad8,1404/03/31,45692019.0,53430437.0,14987027.0
bbcfae1712205951bfbb99d634742ad8,1404/04/31,66357961.0,87470297.0,34039860.0
bbcfae1712205951bfbb99d634742ad8,1404/05/31,86742032.0,116472203.0,29001906.0
bbcfae1712205951bfbb99d634742ad8,1404/06/31,107052065.0,140141486.0,24200109.0
bbcfae1712205951bfbb99d634742ad8,1404/07/30,127756082.0,158949637.0,19056050.0
bbcfae1712205951bfbb99d634742ad8,1404/08/30,153957107.0,182025063.0,23075426.0
bbcfae1712205951bfbb99d634742ad8,1404/09/30,170038293.0,199022795.0,16754350.0
bbcfae1712205951bfbb99d634742ad8,1404/10/30,191418848.0,253887173.0,54864378.0
bbcfae1712205951bfbb99d634742ad8,1404/11/30,6307479.0,14629174.0,100369037.0
bbcfae1712205951bfbb99d634742ad8,1404/12/29,3938818.0,9023673.0,106751529.0
bbcfae1712205951bfbb99d634742ad8,1405/01/31,1746561.0,4453361.0,87267570.0
bbcfae1712205951bfbb99d634742ad8,1405/02/31,0.0,0.0,107460020.0
bbcfae1712205951bfbb99d634742ad8,1405/03/31,0.0,0.0,95157153.0
bbcfae1712205951bfbb99d634742ad8,1405/04/31,0.0,0.0,90076245.0
bda1926ec65a0bac619855e021b6b61c,1399/05/31,31956545.0,28352836.0,7713766.0
bda1926ec65a0bac619855e021b6b61c,1399/06/31,34917016.0,37083386.0,8730550.0
bda1926ec65a0bac619855e021b6b61c,1399/07/30,39466423.0,44777362.0,7436446.0
bda1926ec65a0bac619855e021b6b61c,1399/08/30,43133468.0,54875401.0,10098039.0
bda1926ec65a0bac619855e021b6b61c,1399/09/30,50618494.0,63954501.0,9079100.0
bda1926ec65a0bac619855e021b6b61c,1399/10/30,55701393.0,74404012.0,10449511.0
bda1926ec65a0bac619855e021b6b61c,1399/11/30,62189274.0,87706034.0,13302022.0
bda1926ec65a0bac619855e021b6b61c,1399/12/30,70450660.0,99925911.0,12416825.0
bda1926ec65a0bac619855e021b6b61c,1400/01/31,4927955.0,15742614.0,15742614.0
bda1926ec65a0bac619855e021b6b61c,1400/02/31,8277389.0,29478199.0,13735585.0
bda1926ec65a0bac619855e021b6b61c,1400/03/31,14057821.0,42357941.0,12879742.0
bda1926ec65a0bac619855e021b6b61c,1400/04/31,20639070.0,53039142.0,10681201.0
bda1926ec65a0bac619855e021b6b61c,1400/05/31,27397687.0,63584976.0,10545834.0
bda1926ec65a0bac619855e021b6b61c,1400/06/31,37083386.0,79609516.0,16024540.0
bda1926ec65a0bac619855e021b6b61c,1400/07/30,44777362.0,92776748.0,13178459.0
bda1926ec65a0bac619855e021b6b61c,1400/08/30,54875401.0,108384472.0,15607724.0
bda1926ec65a0bac619855e021b6b61c,1400/09/30,63954501.0,122457346.0,14072874.0
bda1926ec65a0bac619855e021b6b61c,1400/10/30,74404012.0,135057249.0,12599903.0
bda1926ec65a0bac619855e021b6b61c,1400/11/30,87706034.0,151241568.0,16184319.0
bda1926ec65a0bac619855e021b6b61c,1400/12/29,99925911.0,170464572.0,19193912.0
bda1926ec65a0bac619855e021b6b61c,1401/01/31,15742614.0,18740757.0,18740757.0
bda1926ec65a0bac619855e021b6b61c,1401/02/31,29478199.0,36513654.0,17772897.0
bda1926ec65a0bac619855e021b6b61c,1401/03/31,42357941.0,56131679.0,19618025.0
bda1926ec65a0bac619855e021b6b61c,1401/04/31,53039142.0,75696029.0,19564350.0
bda1926ec65a0bac619855e021b6b61c,1401/05/31,63584976.0,95116833.0,19420804.0
bda1926ec65a0bac619855e021b6b61c,1401/06/31,79598289.0,111283780.0,16166167.0
bda1926ec65a0bac619855e021b6b61c,1401/07/30,92776748.0,129281332.0,17997552.0
bda1926ec65a0bac619855e021b6b61c,1401/08/30,108384472.0,144645038.0,15363706.0
bda1926ec65a0bac619855e021b6b61c,1401/09/30,122475334.0,162078471.0,17506766.0
bda1926ec65a0bac619855e021b6b61c,1401/10/30,135057249.0,178622752.0,16544281.0
bda1926ec65a0bac619855e021b6b61c,1401/11/30,151241568.0,198267158.0,19644406.0
bda1926ec65a0bac619855e021b6b61c,1401/12/29,170464572.0,217659290.0,19377669.0
bda1926ec65a0bac619855e021b6b61c,1402/01/31,18740757.0,26739929.0,26739929.0
bda1926ec65a0bac619855e021b6b61c,1402/02/31,36513654.0,54278422.0,27538493.0
bda1926ec65a0bac619855e021b6b61c,1402/03/31,56131679.0,80531739.0,26246086.0
bda1926ec65a0bac619855e021b6b61c,1402/04/31,75696029.0,103976934.0,23445195.0
bda1926ec65a0bac619855e021b6b61c,1402/05/31,95116833.0,125822181.0,21845247.0
bda1926ec65a0bac619855e021b6b61c,1402/06/31,111283780.0,146911703.0,21089500.0
bda1926ec65a0bac619855e021b6b61c,1402/07/30,129281332.0,174519846.0,27608143.0
bda1926ec65a0bac619855e021b6b61c,1402/08/30,144645038.0,197103542.0,22583696.0
bda1926ec65a0bac619855e021b6b61c,1402/09/30,162078471.0,214823679.0,17720138.0
bda1926ec65a0bac619855e021b6b61c,1402/10/30,178622752.0,239015180.0,24191501.0
bda1926ec65a0bac619855e021b6b61c,1402/11/30,198267158.0,262082601.0,23067421.0
bda1926ec65a0bac619855e021b6b61c,1402/12/29,217659290.0,283686067.0,21603464.0
bda1926ec65a0bac619855e021b6b61c,1403/01/31,26739929.0,25399930.0,25399930.0
bda1926ec65a0bac619855e021b6b61c,1403/02/31,54278424.0,46340159.0,20940229.0
bda1926ec65a0bac619855e021b6b61c,1403/03/31,80531739.0,66805046.0,20465630.0
bda1926ec65a0bac619855e021b6b61c,1403/04/31,103976934.0,94638097.0,27833051.0
bda1926ec65a0bac619855e021b6b61c,1403/05/31,125822181.0,115607315.0,20969218.0
bda1926ec65a0bac619855e021b6b61c,1403/06/31,146911703.0,136660762.0,21042924.0
bda1926ec65a0bac619855e021b6b61c,1403/07/30,174519846.0,161013538.0,24352776.0
bda1926ec65a0bac619855e021b6b61c,1403/08/30,197103542.0,188799699.0,27786161.0
bda1926ec65a0bac619855e021b6b61c,1403/09/30,214823679.0,215850780.0,27050082.0
bda1926ec65a0bac619855e021b6b61c,1403/10/30,239015180.0,246456469.0,30605689.0
bda1926ec65a0bac619855e021b6b61c,1403/11/30,262082601.0,277548758.0,31092289.0
bda1926ec65a0bac619855e021b6b61c,1403/12/30,283686067.0,314632564.0,37080935.0
bda1926ec65a0bac619855e021b6b61c,1404/01/31,25399930.0,28438123.0,28438123.0
bda1926ec65a0bac619855e021b6b61c,1404/02/31,46340159.0,62867950.0,34429827.0
bda1926ec65a0bac619855e021b6b61c,1404/03/31,66805046.0,87165586.0,24297636.0
bda1926ec65a0bac619855e021b6b61c,1404/04/31,94638097.0,111733882.0,24568296.0
bda1926ec65a0bac619855e021b6b61c,1404/05/31,115607315.0,151447923.0,39714041.0
bda1926ec65a0bac619855e021b6b61c,1404/06/31,136660762.0,182445120.0,30997197.0
bda1926ec65a0bac619855e021b6b61c,1404/07/30,161013538.0,225777444.0,43331120.0
bda1926ec65a0bac619855e021b6b61c,1404/08/30,188799699.0,265770245.0,39992801.0
bda1926ec65a0bac619855e021b6b61c,1404/09/30,215850780.0,321388200.0,55617955.0
bda1926ec65a0bac619855e021b6b61c,1404/10/30,246456469.0,296528999.0,50072530.0
bda1926ec65a0bac619855e021b6b61c,1404/11/30,277539758.0,430070866.0,58610136.0
bda1926ec65a0bac619855e021b6b61c,1404/12/29,314632564.0,481392810.0,52345379.0
bda1926ec65a0bac619855e021b6b61c,1405/01/31,28438123.0,28872477.0,28872477.0
bda1926ec65a0bac619855e021b6b61c,1405/02/31,62867950.0,43070068.0,14197591.0
bda1926ec65a0bac619855e021b6b61c,1405/03/31,0.0,0.0,39013029.0
bda1926ec65a0bac619855e021b6b61c,1405/04/31,0.0,0.0,15386913.0
bda1926ec65a0bac619855e021b6b61c,1405/05/31,0.0,0.0,71493931.0
bde997b478a960687f241894a21e4fdb,1399/01/31,3370939.0,6581240.0,6581240.0
bde997b478a960687f241894a21e4fdb,1399/02/31,31216459.0,34339829.0,27758589.0
bde997b478a960687f241894a21e4fdb,1399/03/31,51032453.0,64176921.0,29837092.0
bde997b478a960687f241894a21e4fdb,1399/04/31,68774424.0,91620487.0,27442510.0
bde997b478a960687f241894a21e4fdb,1399/05/31,84620799.0,119094096.0,29049370.0
bde997b478a960687f241894a21e4fdb,1399/06/31,100276601.0,161957741.0,42863645.0
bde997b478a960687f241894a21e4fdb,1399/07/30,117511556.0,194845757.0,32883015.0
bde997b478a960687f241894a21e4fdb,1399/08/30,133982536.0,230856122.0,36010365.0
bde997b478a960687f241894a21e4fdb,1399/09/30,155886723.0,279722012.0,48865890.0
bde997b478a960687f241894a21e4fdb,1399/10/30,183110461.0,311914481.0,32192469.0
bde997b478a960687f241894a21e4fdb,1399/11/30,201816954.0,346698271.0,34783790.0
bde997b478a960687f241894a21e4fdb,1399/12/30,224104294.0,422406136.0,75707865.0
bde997b478a960687f241894a21e4fdb,1400/01/31,6581240.0,14007946.0,14007946.0
bde997b478a960687f241894a21e4fdb,1400/02/31,34339829.0,69388811.0,55380865.0
bde997b478a960687f241894a21e4fdb,1400/03/31,64176921.0,135189649.0,65800838.0
bde997b478a960687f241894a21e4fdb,1400/04/31,91620487.0,212628069.0,77438420.0
bde997b478a960687f241894a21e4fdb,1400/05/31,119094096.0,261009555.0,48381486.0
bde997b478a960687f241894a21e4fdb,1400/06/31,161957741.0,349813103.0,86740658.0
bde997b478a960687f241894a21e4fdb,1400/07/30,194845757.0,404243048.0,54430283.0
bde997b478a960687f241894a21e4fdb,1400/08/30,230856122.0,479027306.0,74784258.0
bde997b478a960687f241894a21e4fdb,1400/09/30,279722012.0,551878786.0,72851480.0
bde997b478a960687f241894a21e4fdb,1400/10/30,311914481.0,628467933.0,76589147.0
bde997b478a960687f241894a21e4fdb,1400/11/30,346698271.0,713211763.0,84743830.0
bde997b478a960687f241894a21e4fdb,1400/12/29,422406136.0,809467601.0,96255838.0
bde997b478a960687f241894a21e4fdb,1401/01/31,14007946.0,43024778.0,43024778.0
bde997b478a960687f241894a21e4fdb,1401/03/31,135189649.0,221436357.0,97091949.0
bde997b478a960687f241894a21e4fdb,1401/04/31,212628069.0,282193258.0,60756901.0
bde997b478a960687f241894a21e4fdb,1401/05/31,261009555.0,328845498.0,46652240.0
bde997b478a960687f241894a21e4fdb,1401/07/30,404243048.0,450101631.0,52839326.0
bde997b478a960687f241894a21e4fdb,1401/08/30,479027306.0,513600168.0,63498537.0
bde997b478a960687f241894a21e4fdb,1401/09/30,551878786.0,575014000.0,61413832.0
bde997b478a960687f241894a21e4fdb,1401/10/30,628467933.0,645299061.0,70300780.0
bde997b478a960687f241894a21e4fdb,1401/11/30,713211763.0,747628055.0,102328994.0
bde997b478a960687f241894a21e4fdb,1401/12/29,809467601.0,883680976.0,137266467.0
bde997b478a960687f241894a21e4fdb,1402/01/31,43024778.0,63727574.0,63727574.0
bde997b478a960687f241894a21e4fdb,1402/02/31,124344408.0,143287050.0,79559476.0
bde997b478a960687f241894a21e4fdb,1402/03/31,221436357.0,233573858.0,90286808.0
bde997b478a960687f241894a21e4fdb,1402/04/31,282193258.0,342254252.0,108861981.0
bde997b478a960687f241894a21e4fdb,1402/05/31,328845498.0,468722436.0,126468184.0
bde997b478a960687f241894a21e4fdb,1402/06/31,397262305.0,572066403.0,103343967.0
bde997b478a960687f241894a21e4fdb,1402/07/30,450101631.0,686595645.0,114529242.0
bde997b478a960687f241894a21e4fdb,1402/08/30,513600168.0,783934021.0,97338376.0
bde997b478a960687f241894a21e4fdb,1402/09/30,575014000.0,907388256.0,123454235.0
bde997b478a960687f241894a21e4fdb,1402/10/30,645299061.0,1011553187.0,104164931.0
bde997b478a960687f241894a21e4fdb,1402/11/30,747628055.0,1112927806.0,101374619.0
bde997b478a960687f241894a21e4fdb,1402/12/29,883680976.0,1239304780.0,126376974.0
bde997b478a960687f241894a21e4fdb,1403/01/31,63727574.0,50628834.0,50628834.0
bde997b478a960687f241894a21e4fdb,1403/02/31,143287050.0,213260550.0,162631716.0
bde997b478a960687f241894a21e4fdb,1403/03/31,233573858.0,344003280.0,130742730.0
bde997b478a960687f241894a21e4fdb,1403/04/31,342435839.0,444365946.0,100362666.0
bde997b478a960687f241894a21e4fdb,1403/05/31,468910469.0,575953553.0,131587607.0
bde997b478a960687f241894a21e4fdb,1403/06/31,572066403.0,675195552.0,99241999.0
bde997b478a960687f241894a21e4fdb,1403/07/30,686599039.0,856399311.0,181203759.0
bde997b478a960687f241894a21e4fdb,1403/08/30,783937415.0,1019604705.0,163205394.0
bde997b478a960687f241894a21e4fdb,1403/09/30,907391650.0,1181019249.0,161414544.0
bde997b478a960687f241894a21e4fdb,1403/10/30,1011556581.0,1334718568.0,153699319.0
bde997b478a960687f241894a21e4fdb,1403/11/30,1112931200.0,1514171378.0,179452810.0
bde997b478a960687f241894a21e4fdb,1403/12/30,1239308174.0,1757638625.0,243467247.0
bde997b478a960687f241894a21e4fdb,1404/01/31,50628834.0,143526319.0,143526319.0
bde997b478a960687f241894a21e4fdb,1404/02/31,213260550.0,311656226.0,168129907.0
bde997b478a960687f241894a21e4fdb,1404/04/31,444365946.0,604815484.0,145911347.0
bde997b478a960687f241894a21e4fdb,1404/05/31,575953553.0,793173117.0,188357633.0
bde997b478a960687f241894a21e4fdb,1404/06/31,675195552.0,1012691962.0,219518845.0
bde997b478a960687f241894a21e4fdb,1404/07/30,856399311.0,1304841501.0,291930311.0
bde997b478a960687f241894a21e4fdb,1404/08/30,1019604705.0,1610698709.0,305857208.0
bde997b478a960687f241894a21e4fdb,1404/09/30,1181019249.0,1894724914.0,283898333.0
bde997b478a960687f241894a21e4fdb,1404/10/30,1334718568.0,2289704857.0,394979943.0
bde997b478a960687f241894a21e4fdb,1404/11/30,1514171378.0,2713996242.0,424291385.0
bde997b478a960687f241894a21e4fdb,1404/12/29,1789892699.0,3209893845.0,495897603.0
bde997b478a960687f241894a21e4fdb,1405/01/31,143526319.0,254481107.0,254481107.0
bde997b478a960687f241894a21e4fdb,1405/02/31,311656226.0,878142649.0,623664556.0
bde997b478a960687f241894a21e4fdb,1405/03/31,0.0,0.0,419431257.0
bde997b478a960687f241894a21e4fdb,1405/04/31,0.0,0.0,513701118.0
bde997b478a960687f241894a21e4fdb,1405/05/31,0.0,0.0,663951296.0
be2e68f612059a7c256315b91e2aba36,1400/08/30,0.0,0.0,311968.0
be2e68f612059a7c256315b91e2aba36,1400/09/30,0.0,0.0,519982.0
be2e68f612059a7c256315b91e2aba36,1400/10/30,0.0,0.0,758361.0
be2e68f612059a7c256315b91e2aba36,1400/11/30,0.0,0.0,864326.0
be2e68f612059a7c256315b91e2aba36,1400/12/29,0.0,0.0,1147492.0
be2e68f612059a7c256315b91e2aba36,1401/01/31,0.0,0.0,692511.0
be2e68f612059a7c256315b91e2aba36,1401/02/31,0.0,0.0,312431.0
be2e68f612059a7c256315b91e2aba36,1401/03/31,0.0,0.0,411262.0
be2e68f612059a7c256315b91e2aba36,1401/04/31,0.0,0.0,122812.0
be2e68f612059a7c256315b91e2aba36,1401/05/31,0.0,0.0,404165.0
be2e68f612059a7c256315b91e2aba36,1401/06/31,0.0,0.0,2195862.0
be2e68f612059a7c256315b91e2aba36,1401/07/30,0.0,0.0,619916.0
be2e68f612059a7c256315b91e2aba36,1401/08/30,0.0,0.0,320713.0
be2e68f612059a7c256315b91e2aba36,1401/09/30,0.0,0.0,214634.0
be2e68f612059a7c256315b91e2aba36,1401/10/30,0.0,0.0,471468.0
be2e68f612059a7c256315b91e2aba36,1401/11/30,0.0,0.0,240882.0
be2e68f612059a7c256315b91e2aba36,1401/12/29,0.0,0.0,2840023.0
be2e68f612059a7c256315b91e2aba36,1402/01/31,0.0,0.0,327871.0
be2e68f612059a7c256315b91e2aba36,1402/02/31,0.0,0.0,703528.0
be2e68f612059a7c256315b91e2aba36,1402/03/31,0.0,0.0,821272.0
be2e68f612059a7c256315b91e2aba36,1402/04/31,0.0,0.0,800772.0
be2e68f612059a7c256315b91e2aba36,1402/05/31,0.0,0.0,433512.0
be2e68f612059a7c256315b91e2aba36,1402/06/31,0.0,0.0,533890.0
be2e68f612059a7c256315b91e2aba36,1402/07/30,0.0,0.0,277167.0
be2e68f612059a7c256315b91e2aba36,1402/08/30,0.0,0.0,673018.0
be2e68f612059a7c256315b91e2aba36,1402/09/30,0.0,0.0,2169233.0
be2e68f612059a7c256315b91e2aba36,1402/10/30,0.0,0.0,965786.0
be2e68f612059a7c256315b91e2aba36,1402/11/30,0.0,0.0,620457.0
be2e68f612059a7c256315b91e2aba36,1402/12/29,0.0,0.0,1092807.0
be2e68f612059a7c256315b91e2aba36,1403/01/31,0.0,0.0,333465.0
be2e68f612059a7c256315b91e2aba36,1403/02/31,0.0,0.0,256840.0
be2e68f612059a7c256315b91e2aba36,1403/03/31,0.0,0.0,1260833.0
be2e68f612059a7c256315b91e2aba36,1403/04/31,0.0,0.0,272591.0
be2e68f612059a7c256315b91e2aba36,1403/05/31,0.0,0.0,646022.0
be2e68f612059a7c256315b91e2aba36,1403/06/31,0.0,0.0,1364245.0
be2e68f612059a7c256315b91e2aba36,1403/07/30,0.0,0.0,276512.0
be2e68f612059a7c256315b91e2aba36,1403/08/30,0.0,0.0,93725.0
be2e68f612059a7c256315b91e2aba36,1403/09/30,0.0,0.0,634450.0
be2e68f612059a7c256315b91e2aba36,1403/10/30,0.0,0.0,1376242.0
be2e68f612059a7c256315b91e2aba36,1403/11/30,0.0,0.0,1655449.0
be2e68f612059a7c256315b91e2aba36,1403/12/30,0.0,0.0,2193617.0
be2e68f612059a7c256315b91e2aba36,1404/01/31,0.0,0.0,1083850.0
be2e68f612059a7c256315b91e2aba36,1404/02/31,0.0,0.0,242693.0
be2e68f612059a7c256315b91e2aba36,1404/03/31,0.0,0.0,777610.0
be2e68f612059a7c256315b91e2aba36,1404/04/31,0.0,0.0,1139309.0
be2e68f612059a7c256315b91e2aba36,1404/05/31,0.0,0.0,699878.0
be2e68f612059a7c256315b91e2aba36,1404/06/31,0.0,0.0,1624862.0
be2e68f612059a7c256315b91e2aba36,1404/07/30,0.0,0.0,2241828.0
be2e68f612059a7c256315b91e2aba36,1404/08/30,0.0,0.0,1833129.0
be2e68f612059a7c256315b91e2aba36,1404/09/30,0.0,0.0,3560666.0
be2e68f612059a7c256315b91e2aba36,1404/10/30,0.0,0.0,1495887.0
be2e68f612059a7c256315b91e2aba36,1404/11/30,0.0,0.0,2738528.0
be2e68f612059a7c256315b91e2aba36,1404/12/29,0.0,0.0,1598504.0
be2e68f612059a7c256315b91e2aba36,1405/01/31,0.0,0.0,1249934.0
be2e68f612059a7c256315b91e2aba36,1405/02/31,0.0,0.0,1395989.0
be2e68f612059a7c256315b91e2aba36,1405/03/31,0.0,0.0,1242208.0
be2e68f612059a7c256315b91e2aba36,1405/04/31,0.0,0.0,1501426.0
be2e68f612059a7c256315b91e2aba36,1405/05/31,0.0,0.0,12055778.0
bf951d5a241fb38b5504e5206704d0d8,1400/12/29,139276849.0,326717314.0,326717314.0
bf951d5a241fb38b5504e5206704d0d8,1401/03/31,65227719.0,132230271.0,132230271.0
bf951d5a241fb38b5504e5206704d0d8,1401/04/31,132230271.0,132230271.0,132230271.0
bf951d5a241fb38b5504e5206704d0d8,1401/05/31,132230271.0,132230271.0,132230271.0
bf951d5a241fb38b5504e5206704d0d8,1401/06/31,143775382.0,269223523.0,42659781.0
bf951d5a241fb38b5504e5206704d0d8,1401/07/30,267110427.0,267110427.0,267110427.0
bf951d5a241fb38b5504e5206704d0d8,1401/08/30,267110427.0,267110427.0,267110427.0
bf951d5a241fb38b5504e5206704d0d8,1401/09/30,267110427.0,267110427.0,267110427.0
bf951d5a241fb38b5504e5206704d0d8,1404/02/31,109243804.0,159587716.0,86970234.0
bf951d5a241fb38b5504e5206704d0d8,1404/03/31,167923484.0,238983058.0,79395342.0
bf951d5a241fb38b5504e5206704d0d8,1404/04/31,215347089.0,323403734.0,83229695.0
bf951d5a241fb38b5504e5206704d0d8,1404/05/31,284951319.0,378750434.0,55346700.0
bf951d5a241fb38b5504e5206704d0d8,1404/06/31,318643899.0,460709785.0,82053788.0
bf951d5a241fb38b5504e5206704d0d8,1404/07/30,379703497.0,554739968.0,90492508.0
bf951d5a241fb38b5504e5206704d0d8,1404/08/30,443069070.0,634926043.0,80031516.0
bf951d5a241fb38b5504e5206704d0d8,1404/09/30,496095040.0,708838624.0,41867973.0
bf951d5a241fb38b5504e5206704d0d8,1404/10/30,511838606.0,819292100.0,110453476.0
bf951d5a241fb38b5504e5206704d0d8,1404/11/30,677650139.0,962910265.0,149545715.0
bf951d5a241fb38b5504e5206704d0d8,1404/12/29,745652242.0,1152381046.0,164802807.0
bf951d5a241fb38b5504e5206704d0d8,1405/01/31,0.0,0.0,196086099.0
bf951d5a241fb38b5504e5206704d0d8,1405/02/31,0.0,0.0,90785397.0
bf951d5a241fb38b5504e5206704d0d8,1405/03/31,0.0,0.0,52825098.0
bf951d5a241fb38b5504e5206704d0d8,1405/04/31,0.0,0.0,96388841.0
c219bd90953f64ecb6ff2dbf5f96ee33,1401/12/29,210615.0,114445.0,96170.0
c219bd90953f64ecb6ff2dbf5f96ee33,1402/01/31,436683.0,226068.0,210615.0
c219bd90953f64ecb6ff2dbf5f96ee33,1402/02/31,718700.0,282017.0,436683.0
c219bd90953f64ecb6ff2dbf5f96ee33,1402/03/31,1030390.0,311690.0,718700.0
c219bd90953f64ecb6ff2dbf5f96ee33,1402/04/31,1366817.0,336427.0,1030390.0
c219bd90953f64ecb6ff2dbf5f96ee33,1402/05/31,1732046.0,365229.0,1366817.0
c219bd90953f64ecb6ff2dbf5f96ee33,1402/06/31,2107513.0,375467.0,1732046.0
c219bd90953f64ecb6ff2dbf5f96ee33,1402/07/30,2373647.0,266134.0,2107513.0
c219bd90953f64ecb6ff2dbf5f96ee33,1402/08/30,2486882.0,113235.0,2373647.0
c219bd90953f64ecb6ff2dbf5f96ee33,1402/09/30,2609577.0,122695.0,2486882.0
c219bd90953f64ecb6ff2dbf5f96ee33,1402/10/30,2774120.0,164543.0,2609577.0
c219bd90953f64ecb6ff2dbf5f96ee33,1402/11/30,96170.0,226882.0,226882.0
c219bd90953f64ecb6ff2dbf5f96ee33,1402/12/29,210615.0,420004.0,193122.0
c219bd90953f64ecb6ff2dbf5f96ee33,1403/01/31,436683.0,1017201.0,305224.0
c219bd90953f64ecb6ff2dbf5f96ee33,1403/02/31,718700.0,1482859.0,465658.0
c219bd90953f64ecb6ff2dbf5f96ee33,1403/03/31,1030390.0,1669485.0,186626.0
c219bd90953f64ecb6ff2dbf5f96ee33,1403/04/31,1366817.0,1850480.0,421836.0
c219bd90953f64ecb6ff2dbf5f96ee33,1403/05/31,1732046.0,2193295.0,342815.0
c219bd90953f64ecb6ff2dbf5f96ee33,1403/06/31,2107513.0,2397283.0,203988.0
c219bd90953f64ecb6ff2dbf5f96ee33,1403/07/30,2373647.0,3690295.0,367532.0
c219bd90953f64ecb6ff2dbf5f96ee33,1403/08/30,2486882.0,3858329.0,168034.0
c219bd90953f64ecb6ff2dbf5f96ee33,1403/09/30,2609577.0,4196232.0,253071.0
c219bd90953f64ecb6ff2dbf5f96ee33,1403/10/30,2774120.0,4018949.0,137937.0
c219bd90953f64ecb6ff2dbf5f96ee33,1403/11/30,226882.0,262810.0,262810.0
c219bd90953f64ecb6ff2dbf5f96ee33,1403/12/30,420004.0,579533.0,316723.0
c219bd90953f64ecb6ff2dbf5f96ee33,1404/01/31,1780359.0,1136281.0,556755.0
c219bd90953f64ecb6ff2dbf5f96ee33,1404/02/31,1482859.0,1870675.0,734394.0
c219bd90953f64ecb6ff2dbf5f96ee33,1404/03/31,1669485.0,2703567.0,832892.0
c219bd90953f64ecb6ff2dbf5f96ee33,1404/04/31,1850480.0,3553755.0,613054.0
c219bd90953f64ecb6ff2dbf5f96ee33,1404/05/31,2193295.0,4403107.0,849352.0
c219bd90953f64ecb6ff2dbf5f96ee33,1404/06/31,2397283.0,5461136.0,799117.0
c219bd90953f64ecb6ff2dbf5f96ee33,1404/07/30,3690295.0,6050422.0,589286.0
c219bd90953f64ecb6ff2dbf5f96ee33,1404/08/30,3858329.0,6569429.0,446571.0
c219bd90953f64ecb6ff2dbf5f96ee33,1404/09/30,4196232.0,7100689.0,419373.0
c219bd90953f64ecb6ff2dbf5f96ee33,1404/10/30,4376099.0,7420638.0,323881.0
c219bd90953f64ecb6ff2dbf5f96ee33,1404/11/30,262810.0,435792.0,435792.0
c219bd90953f64ecb6ff2dbf5f96ee33,1404/12/29,579533.0,728174.0,292382.0
c219bd90953f64ecb6ff2dbf5f96ee33,1405/01/31,1136281.0,1183137.0,454448.0
c219bd90953f64ecb6ff2dbf5f96ee33,1405/02/31,1870675.0,2343229.0,1160092.0
c219bd90953f64ecb6ff2dbf5f96ee33,1405/03/31,0.0,0.0,1410993.0
c2ef7e2898d4f65377c112a6be867fd4,1400/04/31,327193.0,976317.0,16230.0
c2ef7e2898d4f65377c112a6be867fd4,1400/05/31,7527.0,12199.0,12199.0
c2ef7e2898d4f65377c112a6be867fd4,1400/06/31,15726.0,22483.0,10284.0
c2ef7e2898d4f65377c112a6be867fd4,1400/07/30,36119.0,277679.0,255196.0
c2ef7e2898d4f65377c112a6be867fd4,1400/08/30,485204.0,811499.0,533820.0
c2ef7e2898d4f65377c112a6be867fd4,1400/09/30,704115.0,1594587.0,783088.0
c2ef7e2898d4f65377c112a6be867fd4,1400/10/30,790603.0,2341411.0,746824.0
c2ef7e2898d4f65377c112a6be867fd4,1400/11/30,852699.0,2683572.0,342161.0
c2ef7e2898d4f65377c112a6be867fd4,1400/12/29,923740.0,2990769.0,307197.0
c2ef7e2898d4f65377c112a6be867fd4,1401/01/31,936345.0,3072341.0,81572.0
c2ef7e2898d4f65377c112a6be867fd4,1401/02/31,950219.0,3254059.0,181681.0
c2ef7e2898d4f65377c112a6be867fd4,1401/03/31,960087.0,3263503.0,43143.0
c2ef7e2898d4f65377c112a6be867fd4,1401/04/31,976204.0,3300654.0,36969.0
c2ef7e2898d4f65377c112a6be867fd4,1401/05/31,12199.0,29328.0,29328.0
c2ef7e2898d4f65377c112a6be867fd4,1401/06/31,22483.0,125579.0,96251.0
c2ef7e2898d4f65377c112a6be867fd4,1401/07/30,277679.0,276675.0,151096.0
c2ef7e2898d4f65377c112a6be867fd4,1401/08/30,811499.0,612626.0,335951.0
c2ef7e2898d4f65377c112a6be867fd4,1401/09/30,1594587.0,1466838.0,854212.0
c2ef7e2898d4f65377c112a6be867fd4,1401/10/30,2341411.0,3693206.0,2226368.0
c2ef7e2898d4f65377c112a6be867fd4,1401/11/30,2683572.0,4813489.0,1120283.0
c2ef7e2898d4f65377c112a6be867fd4,1401/12/29,2990769.0,5108252.0,294763.0
c2ef7e2898d4f65377c112a6be867fd4,1402/01/31,3072341.0,5572399.0,464147.0
c2ef7e2898d4f65377c112a6be867fd4,1402/02/31,3254059.0,5994952.0,422553.0
c2ef7e2898d4f65377c112a6be867fd4,1402/03/31,3263503.0,6224129.0,250923.0
c2ef7e2898d4f65377c112a6be867fd4,1402/04/31,3300654.0,6190129.0,377725.0
c2ef7e2898d4f65377c112a6be867fd4,1402/05/31,29328.0,9269.0,9269.0
c2ef7e2898d4f65377c112a6be867fd4,1402/06/31,125579.0,12632.0,3363.0
c2ef7e2898d4f65377c112a6be867fd4,1402/07/30,276675.0,577526.0,564893.0
c2ef7e2898d4f65377c112a6be867fd4,1402/08/30,612626.0,3160964.0,2583438.0
c2ef7e2898d4f65377c112a6be867fd4,1402/09/30,5572116.0,4543460.0,1382496.0
c2ef7e2898d4f65377c112a6be867fd4,1402/10/30,3693206.0,5532354.0,988894.0
c2ef7e2898d4f65377c112a6be867fd4,1402/11/30,4813489.0,5642170.0,590542.0
c2ef7e2898d4f65377c112a6be867fd4,1402/12/29,5108252.0,6042238.0,400068.0
c2ef7e2898d4f65377c112a6be867fd4,1403/01/31,5572399.0,6628222.0,585984.0
c2ef7e2898d4f65377c112a6be867fd4,1403/02/31,5994952.0,6786394.0,158172.0
c2ef7e2898d4f65377c112a6be867fd4,1403/03/31,6224129.0,6804443.0,18049.0
c2ef7e2898d4f65377c112a6be867fd4,1403/04/31,6190129.0,6842988.0,66698.0
c2ef7e2898d4f65377c112a6be867fd4,1403/06/31,12632.0,10719.0,10719.0
c2ef7e2898d4f65377c112a6be867fd4,1403/07/30,577526.0,11344.0,625.0
c2ef7e2898d4f65377c112a6be867fd4,1403/08/30,3160964.0,1678210.0,1666866.0
c2ef7e2898d4f65377c112a6be867fd4,1403/09/30,4543460.0,4322161.0,2644733.0
c2ef7e2898d4f65377c112a6be867fd4,1403/10/30,5532354.0,6873142.0,2347261.0
c2ef7e2898d4f65377c112a6be867fd4,1403/11/30,5642170.0,7928950.0,1117098.0
c2ef7e2898d4f65377c112a6be867fd4,1403/12/30,6842988.0,9108647.0,1179697.0
c2ef7e2898d4f65377c112a6be867fd4,1404/01/31,6628222.0,9398278.0,489206.0
c2ef7e2898d4f65377c112a6be867fd4,1404/02/31,6786394.0,9852722.0,454444.0
c2ef7e2898d4f65377c112a6be867fd4,1404/03/31,6804443.0,10091565.0,239625.0
c2ef7e2898d4f65377c112a6be867fd4,1404/04/31,6842988.0,10317330.0,225765.0
c2ef7e2898d4f65377c112a6be867fd4,1404/06/31,10719.0,43690.0,19802.0
c2ef7e2898d4f65377c112a6be867fd4,1404/07/30,11344.0,571512.0,527822.0
c2ef7e2898d4f65377c112a6be867fd4,1404/08/30,1678210.0,4303039.0,3731527.0
c2ef7e2898d4f65377c112a6be867fd4,1404/09/30,4322161.0,6471326.0,2168287.0
c2ef7e2898d4f65377c112a6be867fd4,1404/10/30,6873142.0,10845072.0,4373746.0
c2ef7e2898d4f65377c112a6be867fd4,1404/11/30,315057.0,960087.0,1505949.0
c2ef7e2898d4f65377c112a6be867fd4,1404/12/29,303520.0,950219.0,1178916.0
c2ef7e2898d4f65377c112a6be867fd4,1405/01/30,269483.0,936345.0,108762.0
c2ef7e2898d4f65377c112a6be867fd4,1405/02/31,9852722.0,13823909.0,10704.0
c2ef7e2898d4f65377c112a6be867fd4,1405/03/31,0.0,0.0,630793.0
c2ef7e2898d4f65377c112a6be867fd4,1405/04/31,0.0,0.0,451796.0
c2ef7e2898d4f65377c112a6be867fd4,1405/05/31,0.0,0.0,229509.0
c373c2297b48b0838e26f18bf2419ddb,1399/01/31,842246.0,1400892.0,1400892.0
c373c2297b48b0838e26f18bf2419ddb,1399/02/31,2622891.0,2336867.0,935975.0
c373c2297b48b0838e26f18bf2419ddb,1399/03/31,3841491.0,4054634.0,1717767.0
c373c2297b48b0838e26f18bf2419ddb,1399/04/31,4203943.0,4606662.0,552028.0
c373c2297b48b0838e26f18bf2419ddb,1399/05/31,5518328.0,5505108.0,898446.0
c373c2297b48b0838e26f18bf2419ddb,1399/06/31,6157124.0,9930966.0,4425858.0
c373c2297b48b0838e26f18bf2419ddb,1399/07/30,7206593.0,11444669.0,1513703.0
c373c2297b48b0838e26f18bf2419ddb,1399/08/30,8158194.0,14981851.0,3537182.0
c373c2297b48b0838e26f18bf2419ddb,1399/09/30,8736914.0,16817400.0,1835549.0
c373c2297b48b0838e26f18bf2419ddb,1399/10/30,10869392.0,20705382.0,3887982.0
c373c2297b48b0838e26f18bf2419ddb,1399/11/30,11433227.0,22023397.0,1318015.0
c373c2297b48b0838e26f18bf2419ddb,1399/12/30,14039282.0,23705854.0,1682457.0
c373c2297b48b0838e26f18bf2419ddb,1400/01/31,1400892.0,1397389.0,1397389.0
c373c2297b48b0838e26f18bf2419ddb,1400/02/31,2336868.0,4225721.0,2828332.0
c373c2297b48b0838e26f18bf2419ddb,1400/03/31,4054635.0,9287245.0,5061524.0
c373c2297b48b0838e26f18bf2419ddb,1400/04/31,4606664.0,12956800.0,3669555.0
c373c2297b48b0838e26f18bf2419ddb,1400/05/31,5505110.0,15356426.0,2399626.0
c373c2297b48b0838e26f18bf2419ddb,1400/06/31,9930967.0,19675542.0,4312475.0
c373c2297b48b0838e26f18bf2419ddb,1400/07/30,11444669.0,24110881.0,4435339.0
c373c2297b48b0838e26f18bf2419ddb,1400/08/30,14981850.0,27104005.0,2476608.0
c373c2297b48b0838e26f18bf2419ddb,1400/09/30,16817400.0,30769464.0,3665459.0
c373c2297b48b0838e26f18bf2419ddb,1400/10/30,20705381.0,38971414.0,8201950.0
c373c2297b48b0838e26f18bf2419ddb,1400/11/30,22023396.0,40824665.0,1853251.0
c373c2297b48b0838e26f18bf2419ddb,1400/12/29,24014839.0,61114637.0,20289972.0
c373c2297b48b0838e26f18bf2419ddb,1401/01/31,1397389.0,3637759.0,3637759.0
c373c2297b48b0838e26f18bf2419ddb,1401/02/31,4225722.0,10933357.0,7295598.0
c373c2297b48b0838e26f18bf2419ddb,1401/03/31,9287246.0,17892661.0,7911327.0
c373c2297b48b0838e26f18bf2419ddb,1401/04/31,12956801.0,21803862.0,3911201.0
c373c2297b48b0838e26f18bf2419ddb,1401/05/31,15356426.0,27841001.0,6037139.0
c373c2297b48b0838e26f18bf2419ddb,1401/06/31,19675542.0,36604858.0,9420533.0
c373c2297b48b0838e26f18bf2419ddb,1401/07/30,24110881.0,44482576.0,7877718.0
c373c2297b48b0838e26f18bf2419ddb,1401/08/30,27104005.0,50735417.0,6252841.0
c373c2297b48b0838e26f18bf2419ddb,1401/09/30,30769466.0,56772493.0,6037076.0
c373c2297b48b0838e26f18bf2419ddb,1401/10/30,38971413.0,67960708.0,11188215.0
c373c2297b48b0838e26f18bf2419ddb,1401/11/30,40824665.0,71501178.0,3540472.0
c373c2297b48b0838e26f18bf2419ddb,1401/12/29,61114637.0,79282474.0,9609507.0
c373c2297b48b0838e26f18bf2419ddb,1402/01/31,3637759.0,2415320.0,2415320.0
c373c2297b48b0838e26f18bf2419ddb,1402/02/31,10933357.0,11558155.0,9142835.0
c373c2297b48b0838e26f18bf2419ddb,1402/03/31,17892661.0,15974037.0,4415882.0
c373c2297b48b0838e26f18bf2419ddb,1402/04/31,21803866.0,23572529.0,7598492.0
c373c2297b48b0838e26f18bf2419ddb,1402/05/31,27841005.0,27800925.0,4228396.0
c373c2297b48b0838e26f18bf2419ddb,1402/06/31,36604858.0,32349754.0,4715916.0
c373c2297b48b0838e26f18bf2419ddb,1402/07/30,44482575.0,41568937.0,9219183.0
c373c2297b48b0838e26f18bf2419ddb,1402/08/30,50735416.0,50534324.0,8965387.0
c373c2297b48b0838e26f18bf2419ddb,1402/09/30,56772492.0,56733631.0,6199307.0
c373c2297b48b0838e26f18bf2419ddb,1402/10/30,67960706.0,66721807.0,9988176.0
c373c2297b48b0838e26f18bf2419ddb,1402/11/30,71501178.0,77349515.0,10627708.0
c373c2297b48b0838e26f18bf2419ddb,1402/12/29,79282474.0,78840300.0,1733137.0
c373c2297b48b0838e26f18bf2419ddb,1403/01/31,2415320.0,3459717.0,3459717.0
c373c2297b48b0838e26f18bf2419ddb,1403/02/31,11558155.0,7963860.0,4504143.0
c373c2297b48b0838e26f18bf2419ddb,1403/03/31,15974038.0,11170202.0,3206342.0
c373c2297b48b0838e26f18bf2419ddb,1403/04/31,23572529.0,15485394.0,4315192.0
c373c2297b48b0838e26f18bf2419ddb,1403/05/31,27800925.0,23834428.0,8349034.0
c373c2297b48b0838e26f18bf2419ddb,1403/06/31,32349754.0,30134288.0,5850451.0
c373c2297b48b0838e26f18bf2419ddb,1403/07/30,41568937.0,38108434.0,7974146.0
c373c2297b48b0838e26f18bf2419ddb,1403/08/30,50534324.0,44309278.0,6200844.0
c373c2297b48b0838e26f18bf2419ddb,1403/09/30,56733632.0,55753117.0,10466843.0
c373c2297b48b0838e26f18bf2419ddb,1403/10/30,66721807.0,64094695.0,8341578.0
c373c2297b48b0838e26f18bf2419ddb,1403/11/30,77349514.0,65180243.0,1085548.0
c373c2297b48b0838e26f18bf2419ddb,1403/12/30,78840300.0,67592432.0,1355028.0
c373c2297b48b0838e26f18bf2419ddb,1404/01/31,3459717.0,4040032.0,4040032.0
c373c2297b48b0838e26f18bf2419ddb,1404/02/31,7963861.0,10489920.0,6449888.0
c373c2297b48b0838e26f18bf2419ddb,1404/03/31,11170202.0,18148916.0,7390488.0
c373c2297b48b0838e26f18bf2419ddb,1404/04/31,15485393.0,32650807.0,14501891.0
c373c2297b48b0838e26f18bf2419ddb,1404/05/31,23834427.0,51638529.0,18987722.0
c373c2297b48b0838e26f18bf2419ddb,1404/06/31,30134288.0,82508616.0,30678573.0
c373c2297b48b0838e26f18bf2419ddb,1404/07/30,38108434.0,94128030.0,11619414.0
c373c2297b48b0838e26f18bf2419ddb,1404/08/30,44309280.0,105526524.0,11398494.0
c373c2297b48b0838e26f18bf2419ddb,1404/09/30,55753118.0,133808389.0,29011359.0
c373c2297b48b0838e26f18bf2419ddb,1404/10/30,64094695.0,135033754.0,1225365.0
c373c2297b48b0838e26f18bf2419ddb,1404/11/30,65180200.0,135473756.0,440002.0
c373c2297b48b0838e26f18bf2419ddb,1404/12/29,67592432.0,142700790.0,7098158.0
c373c2297b48b0838e26f18bf2419ddb,1405/01/31,4040032.0,9442864.0,9442864.0
c373c2297b48b0838e26f18bf2419ddb,1405/02/31,10489920.0,19544289.0,10101425.0
c373c2297b48b0838e26f18bf2419ddb,1405/03/31,0.0,0.0,5991585.0
c373c2297b48b0838e26f18bf2419ddb,1405/04/31,0.0,0.0,26309086.0
c45bd2f33db1b2f949e77b9db3b4ec72,1399/02/31,99165.0,79132.0,20033.0
c45bd2f33db1b2f949e77b9db3b4ec72,1399/03/31,184184.0,171925.0,72760.0
c45bd2f33db1b2f949e77b9db3b4ec72,1399/04/31,250172.0,321551.0,150804.0
c45bd2f33db1b2f949e77b9db3b4ec72,1399/05/31,324838.0,466985.0,145434.0
c45bd2f33db1b2f949e77b9db3b4ec72,1399/06/31,387456.0,624607.0,157622.0
c45bd2f33db1b2f949e77b9db3b4ec72,1399/07/30,832700.0,179715.0,652985.0
c45bd2f33db1b2f949e77b9db3b4ec72,1399/08/30,518859.0,1052061.0,219361.0
c45bd2f33db1b2f949e77b9db3b4ec72,1399/09/30,595587.0,1216927.0,164866.0
c45bd2f33db1b2f949e77b9db3b4ec72,1399/10/30,681670.0,1445105.0,228178.0
c45bd2f33db1b2f949e77b9db3b4ec72,1399/11/30,784301.0,1650682.0,205577.0
c45bd2f33db1b2f949e77b9db3b4ec72,1399/12/30,849954.0,1853288.0,202606.0
c45bd2f33db1b2f949e77b9db3b4ec72,1400/01/31,19708.0,81982.0,81982.0
c45bd2f33db1b2f949e77b9db3b4ec72,1400/02/31,99165.0,256098.0,174116.0
c45bd2f33db1b2f949e77b9db3b4ec72,1400/03/31,184184.0,481996.0,225898.0
c45bd2f33db1b2f949e77b9db3b4ec72,1400/04/31,321551.0,717454.0,235458.0
c45bd2f33db1b2f949e77b9db3b4ec72,1400/05/31,466985.0,1011641.0,294187.0
c45bd2f33db1b2f949e77b9db3b4ec72,1400/06/31,624607.0,1339353.0,327712.0
c45bd2f33db1b2f949e77b9db3b4ec72,1400/07/30,832700.0,1575707.0,236354.0
c45bd2f33db1b2f949e77b9db3b4ec72,1400/08/30,1052061.0,1838589.0,262882.0
c45bd2f33db1b2f949e77b9db3b4ec72,1400/09/30,1216927.0,2120885.0,282296.0
c45bd2f33db1b2f949e77b9db3b4ec72,1400/10/30,1445105.0,2369038.0,248153.0
c45bd2f33db1b2f949e77b9db3b4ec72,1400/11/30,1650682.0,2633508.0,264470.0
c45bd2f33db1b2f949e77b9db3b4ec72,1400/12/29,1852809.0,2901340.0,266295.0
c45bd2f33db1b2f949e77b9db3b4ec72,1401/01/31,81982.0,175430.0,175430.0
c45bd2f33db1b2f949e77b9db3b4ec72,1401/02/31,256098.0,474914.0,299484.0
c45bd2f33db1b2f949e77b9db3b4ec72,1401/03/31,481996.0,852981.0,378067.0
c45bd2f33db1b2f949e77b9db3b4ec72,1401/04/31,717454.0,1107091.0,254110.0
c45bd2f33db1b2f949e77b9db3b4ec72,1401/05/31,1011641.0,1337360.0,230266.0
c45bd2f33db1b2f949e77b9db3b4ec72,1401/06/31,1339355.0,1671948.0,334588.0
c45bd2f33db1b2f949e77b9db3b4ec72,1401/07/30,1575707.0,2015049.0,343101.0
c45bd2f33db1b2f949e77b9db3b4ec72,1401/08/30,1838589.0,2363534.0,348485.0
c45bd2f33db1b2f949e77b9db3b4ec72,1401/09/30,2120635.0,2688641.0,325107.0
c45bd2f33db1b2f949e77b9db3b4ec72,1401/10/30,2369038.0,3078800.0,390159.0
c45bd2f33db1b2f949e77b9db3b4ec72,1401/11/30,2633508.0,3543440.0,464640.0
c45bd2f33db1b2f949e77b9db3b4ec72,1401/12/29,2901340.0,3947326.0,403886.0
c45bd2f33db1b2f949e77b9db3b4ec72,1402/02/31,474914.0,639833.0,522612.0
c45bd2f33db1b2f949e77b9db3b4ec72,1402/03/31,852981.0,1245886.0,606053.0
c45bd2f33db1b2f949e77b9db3b4ec72,1402/05/31,1337360.0,2231143.0,500581.0
c45bd2f33db1b2f949e77b9db3b4ec72,1402/06/31,1671948.0,2779958.0,548815.0
c45bd2f33db1b2f949e77b9db3b4ec72,1402/07/30,2015049.0,3222192.0,442234.0
c45bd2f33db1b2f949e77b9db3b4ec72,1402/08/30,2363534.0,3737279.0,515087.0
c45bd2f33db1b2f949e77b9db3b4ec72,1402/09/30,2688641.0,4151364.0,414085.0
c45bd2f33db1b2f949e77b9db3b4ec72,1402/10/30,3078800.0,4652071.0,500707.0
c45bd2f33db1b2f949e77b9db3b4ec72,1402/11/30,3543440.0,5159398.0,507327.0
c45bd2f33db1b2f949e77b9db3b4ec72,1402/12/29,3947326.0,5232440.0,73042.0
c45bd2f33db1b2f949e77b9db3b4ec72,1403/01/31,117221.0,296581.0,296581.0
c45bd2f33db1b2f949e77b9db3b4ec72,1403/02/31,639833.0,826608.0,530027.0
c45bd2f33db1b2f949e77b9db3b4ec72,1403/03/31,1245886.0,1381332.0,554724.0
c45bd2f33db1b2f949e77b9db3b4ec72,1403/04/31,1730562.0,2054315.0,672983.0
c45bd2f33db1b2f949e77b9db3b4ec72,1403/05/31,2231143.0,2699863.0,645548.0
c45bd2f33db1b2f949e77b9db3b4ec72,1403/06/31,2779958.0,2998125.0,416790.0
c45bd2f33db1b2f949e77b9db3b4ec72,1403/07/30,3222192.0,3392723.0,394598.0
c45bd2f33db1b2f949e77b9db3b4ec72,1403/08/30,3737279.0,3957995.0,565272.0
c45bd2f33db1b2f949e77b9db3b4ec72,1403/09/30,4151364.0,4554945.0,596950.0
c45bd2f33db1b2f949e77b9db3b4ec72,1403/10/30,4652071.0,5189093.0,634148.0
c45bd2f33db1b2f949e77b9db3b4ec72,1403/11/30,5159398.0,5843382.0,654289.0
c45bd2f33db1b2f949e77b9db3b4ec72,1403/12/30,5232440.0,6902615.0,683398.0
c45bd2f33db1b2f949e77b9db3b4ec72,1404/01/31,296581.0,521026.0,521026.0
c45bd2f33db1b2f949e77b9db3b4ec72,1404/02/31,826608.0,1379401.0,858375.0
c45bd2f33db1b2f949e77b9db3b4ec72,1404/03/31,1381332.0,2149576.0,770175.0
c45bd2f33db1b2f949e77b9db3b4ec72,1404/04/31,2054315.0,2943570.0,793994.0
c45bd2f33db1b2f949e77b9db3b4ec72,1404/05/31,2699863.0,3624457.0,680887.0
c45bd2f33db1b2f949e77b9db3b4ec72,1404/06/31,2998125.0,4605038.0,980581.0
c45bd2f33db1b2f949e77b9db3b4ec72,1404/07/30,3392723.0,5641288.0,1036250.0
c45bd2f33db1b2f949e77b9db3b4ec72,1404/08/30,3957995.0,6700262.0,1058974.0
c45bd2f33db1b2f949e77b9db3b4ec72,1404/09/30,4554945.0,7727423.0,1027161.0
c45bd2f33db1b2f949e77b9db3b4ec72,1404/10/30,5189093.0,8718847.0,991424.0
c45bd2f33db1b2f949e77b9db3b4ec72,1404/11/30,1011641.0,1337360.0,935760.0
c45bd2f33db1b2f949e77b9db3b4ec72,1404/12/29,481996.0,852981.0,470286.0
c45bd2f33db1b2f949e77b9db3b4ec72,1405/01/30,1339355.0,1671948.0,343292.0
c45bd2f33db1b2f949e77b9db3b4ec72,1405/02/31,1379401.0,1605817.0,1248793.0
c45bd2f33db1b2f949e77b9db3b4ec72,1405/03/31,0.0,0.0,1677876.0
c45bd2f33db1b2f949e77b9db3b4ec72,1405/04/31,0.0,0.0,1932020.0
c45bd2f33db1b2f949e77b9db3b4ec72,1405/05/31,0.0,0.0,2024635.0
c5978431f5fc7f58270049f2352c5a00,1399/01/31,121607.0,203554.0,203554.0
c5978431f5fc7f58270049f2352c5a00,1399/02/31,415796.0,655909.0,452355.0
c5978431f5fc7f58270049f2352c5a00,1399/03/31,700142.0,1141031.0,485122.0
c5978431f5fc7f58270049f2352c5a00,1399/04/31,1110159.0,1757870.0,616839.0
c5978431f5fc7f58270049f2352c5a00,1399/05/31,1391570.0,2514803.0,756933.0
c5978431f5fc7f58270049f2352c5a00,1399/06/31,1670255.0,3318126.0,803323.0
c5978431f5fc7f58270049f2352c5a00,1399/07/30,1994196.0,3869689.0,551563.0
c5978431f5fc7f58270049f2352c5a00,1399/08/30,2243783.0,4589377.0,719688.0
c5978431f5fc7f58270049f2352c5a00,1399/09/30,2638175.0,5144283.0,554906.0
c5978431f5fc7f58270049f2352c5a00,1399/11/30,3416194.0,6453481.0,644635.0
c5978431f5fc7f58270049f2352c5a00,1399/12/30,3791134.0,7130495.0,677014.0
c5978431f5fc7f58270049f2352c5a00,1400/01/31,203554.0,659387.0,659387.0
c5978431f5fc7f58270049f2352c5a00,1400/02/31,655909.0,1540257.0,880556.0
c5978431f5fc7f58270049f2352c5a00,1400/03/31,1540257.0,2669782.0,1129525.0
c5978431f5fc7f58270049f2352c5a00,1400/04/31,1757870.0,3707430.0,1037648.0
c5978431f5fc7f58270049f2352c5a00,1400/05/31,2514803.0,4599485.0,892055.0
c5978431f5fc7f58270049f2352c5a00,1400/06/31,3318126.0,5639882.0,1040397.0
c5978431f5fc7f58270049f2352c5a00,1400/07/30,3869689.0,6537930.0,898048.0
c5978431f5fc7f58270049f2352c5a00,1400/08/30,4589377.0,7394470.0,856540.0
c5978431f5fc7f58270049f2352c5a00,1400/09/30,5144283.0,8256199.0,861729.0
c5978431f5fc7f58270049f2352c5a00,1400/10/30,5808846.0,8994955.0,738756.0
c5978431f5fc7f58270049f2352c5a00,1400/11/30,6453481.0,9783606.0,788651.0
c5978431f5fc7f58270049f2352c5a00,1400/12/29,7130495.0,10532870.0,749264.0
c5978431f5fc7f58270049f2352c5a00,1401/01/31,659387.0,964796.0,964796.0
c5978431f5fc7f58270049f2352c5a00,1401/02/31,1540257.0,2169725.0,1204929.0
c5978431f5fc7f58270049f2352c5a00,1401/03/31,2669782.0,3911403.0,1741678.0
c5978431f5fc7f58270049f2352c5a00,1401/04/31,3490163.0,5344183.0,1432780.0
c5978431f5fc7f58270049f2352c5a00,1401/05/31,4599485.0,6877444.0,1533261.0
c5978431f5fc7f58270049f2352c5a00,1401/06/31,5639882.0,8146029.0,1268585.0
c5978431f5fc7f58270049f2352c5a00,1401/07/30,6537930.0,9689558.0,1543529.0
c5978431f5fc7f58270049f2352c5a00,1401/08/30,7394470.0,10867316.0,1177758.0
c5978431f5fc7f58270049f2352c5a00,1401/09/30,8256199.0,11997322.0,1130006.0
c5978431f5fc7f58270049f2352c5a00,1401/10/30,8994955.0,14013897.0,2016575.0
c5978431f5fc7f58270049f2352c5a00,1401/11/30,9783606.0,15611685.0,1597788.0
c5978431f5fc7f58270049f2352c5a00,1401/12/29,10532870.0,17595389.0,1983704.0
c5978431f5fc7f58270049f2352c5a00,1402/01/31,964796.0,1055338.0,1055338.0
c5978431f5fc7f58270049f2352c5a00,1402/02/31,2169725.0,3401283.0,2345945.0
c5978431f5fc7f58270049f2352c5a00,1402/03/31,3911403.0,5773752.0,2372469.0
c5978431f5fc7f58270049f2352c5a00,1402/04/31,5344183.0,7554199.0,1780447.0
c5978431f5fc7f58270049f2352c5a00,1402/05/31,6877444.0,9307514.0,1753315.0
c5978431f5fc7f58270049f2352c5a00,1402/06/31,8146029.0,11181086.0,1873572.0
c5978431f5fc7f58270049f2352c5a00,1402/07/30,9689558.0,13157230.0,1976144.0
c5978431f5fc7f58270049f2352c5a00,1402/08/30,10867316.0,17114636.0,3957406.0
c5978431f5fc7f58270049f2352c5a00,1402/09/30,11997322.0,19554756.0,2440120.0
c5978431f5fc7f58270049f2352c5a00,1402/10/30,14013897.0,21275565.0,1720809.0
c5978431f5fc7f58270049f2352c5a00,1402/11/30,15611685.0,22843833.0,1568268.0
c5978431f5fc7f58270049f2352c5a00,1402/12/29,17595389.0,24673332.0,1829499.0
c5978431f5fc7f58270049f2352c5a00,1403/01/31,1055338.0,1300442.0,1300442.0
c5978431f5fc7f58270049f2352c5a00,1403/02/31,3401283.0,3679297.0,2378855.0
c5978431f5fc7f58270049f2352c5a00,1403/03/31,5773752.0,5731171.0,2051874.0
c5978431f5fc7f58270049f2352c5a00,1403/04/31,7554199.0,8052971.0,2321800.0
c5978431f5fc7f58270049f2352c5a00,1403/05/31,9307514.0,9545316.0,1492345.0
c5978431f5fc7f58270049f2352c5a00,1403/06/31,11181086.0,12479153.0,2722003.0
c5978431f5fc7f58270049f2352c5a00,1403/07/30,13157230.0,15554267.0,3075114.0
c5978431f5fc7f58270049f2352c5a00,1403/08/30,17114636.0,18173783.0,2619516.0
c5978431f5fc7f58270049f2352c5a00,1403/09/30,19554756.0,21784797.0,3611014.0
c5978431f5fc7f58270049f2352c5a00,1403/10/30,21275565.0,24850615.0,3065818.0
c5978431f5fc7f58270049f2352c5a00,1403/11/30,22843833.0,27602536.0,2751921.0
c5978431f5fc7f58270049f2352c5a00,1403/12/30,24673332.0,30826969.0,3224432.0
c5978431f5fc7f58270049f2352c5a00,1404/01/31,1300442.0,892430.0,892430.0
c5978431f5fc7f58270049f2352c5a00,1404/02/31,3679297.0,5186316.0,4293886.0
c5978431f5fc7f58270049f2352c5a00,1404/03/31,5731171.0,8100187.0,2913871.0
c5978431f5fc7f58270049f2352c5a00,1404/04/31,8052971.0,11477300.0,3377113.0
c5978431f5fc7f58270049f2352c5a00,1404/05/31,9545316.0,14982266.0,3504966.0
c5978431f5fc7f58270049f2352c5a00,1404/06/31,12479153.0,20800317.0,5818051.0
c5978431f5fc7f58270049f2352c5a00,1404/07/30,15554267.0,24863735.0,3720629.0
c5978431f5fc7f58270049f2352c5a00,1404/08/30,18173783.0,28821836.0,3958101.0
c5978431f5fc7f58270049f2352c5a00,1404/09/30,21784797.0,33555924.0,4734088.0
c5978431f5fc7f58270049f2352c5a00,1404/10/30,24850615.0,38394166.0,4838242.0
c5978431f5fc7f58270049f2352c5a00,1405/02/31,5186316.0,7697098.0,5353375.0
c5978431f5fc7f58270049f2352c5a00,1405/03/31,0.0,0.0,4626406.0
c5978431f5fc7f58270049f2352c5a00,1405/04/31,0.0,0.0,3378364.0
c629b0270c5a5e7f60f68d0cb34f55df,1399/01/31,69036.0,69036.0,69036.0
c629b0270c5a5e7f60f68d0cb34f55df,1399/02/31,161918.0,296791.0,227755.0
c629b0270c5a5e7f60f68d0cb34f55df,1399/03/31,248481.0,359697.0,131942.0
c629b0270c5a5e7f60f68d0cb34f55df,1399/04/31,370889.0,523337.0,163640.0
c629b0270c5a5e7f60f68d0cb34f55df,1399/05/31,482712.0,661592.0,138255.0
c629b0270c5a5e7f60f68d0cb34f55df,1399/06/31,601472.0,837082.0,175490.0
c629b0270c5a5e7f60f68d0cb34f55df,1399/07/30,740551.0,1012660.0,175578.0
c629b0270c5a5e7f60f68d0cb34f55df,1399/08/30,865671.0,1177295.0,164635.0
c629b0270c5a5e7f60f68d0cb34f55df,1399/09/30,975577.0,1408279.0,230984.0
c629b0270c5a5e7f60f68d0cb34f55df,1399/10/30,1408279.0,1673150.0,264871.0
c629b0270c5a5e7f60f68d0cb34f55df,1399/11/30,1169723.0,1969994.0,296844.0
c629b0270c5a5e7f60f68d0cb34f55df,1399/12/30,1281774.0,2242966.0,272972.0
c629b0270c5a5e7f60f68d0cb34f55df,1400/01/31,69034.0,180475.0,180475.0
c629b0270c5a5e7f60f68d0cb34f55df,1400/02/31,296791.0,458340.0,277865.0
c629b0270c5a5e7f60f68d0cb34f55df,1400/03/31,359697.0,749571.0,291231.0
c629b0270c5a5e7f60f68d0cb34f55df,1400/04/31,523337.0,1033681.0,284110.0
c629b0270c5a5e7f60f68d0cb34f55df,1400/05/31,661557.0,1357338.0,323657.0
c629b0270c5a5e7f60f68d0cb34f55df,1400/06/31,837082.0,1677922.0,320584.0
c629b0270c5a5e7f60f68d0cb34f55df,1400/07/30,1012660.0,2075357.0,397435.0
c629b0270c5a5e7f60f68d0cb34f55df,1400/08/30,1167578.0,2470973.0,395616.0
c629b0270c5a5e7f60f68d0cb34f55df,1400/09/30,1408279.0,2840830.0,369857.0
c629b0270c5a5e7f60f68d0cb34f55df,1400/10/30,1673150.0,3241956.0,401126.0
c629b0270c5a5e7f60f68d0cb34f55df,1400/11/30,1969994.0,3638045.0,396089.0
c629b0270c5a5e7f60f68d0cb34f55df,1400/12/29,2242966.0,3996453.0,358408.0
c629b0270c5a5e7f60f68d0cb34f55df,1401/01/31,180475.0,340120.0,340120.0
c629b0270c5a5e7f60f68d0cb34f55df,1401/02/31,458340.0,820967.0,480847.0
c629b0270c5a5e7f60f68d0cb34f55df,1401/03/31,748990.0,1435617.0,614650.0
c629b0270c5a5e7f60f68d0cb34f55df,1401/04/31,1033681.0,2161257.0,725640.0
c629b0270c5a5e7f60f68d0cb34f55df,1401/05/31,1357338.0,2811609.0,650352.0
c629b0270c5a5e7f60f68d0cb34f55df,1401/06/31,1677922.0,3554102.0,742493.0
c629b0270c5a5e7f60f68d0cb34f55df,1401/07/30,2075357.0,4217043.0,662941.0
c629b0270c5a5e7f60f68d0cb34f55df,1401/08/30,2470973.0,5001985.0,784942.0
c629b0270c5a5e7f60f68d0cb34f55df,1401/09/30,2840830.0,5723468.0,721483.0
c629b0270c5a5e7f60f68d0cb34f55df,1401/10/30,3241656.0,6341125.0,617657.0
c629b0270c5a5e7f60f68d0cb34f55df,1401/11/30,3631716.0,7172119.0,830994.0
c629b0270c5a5e7f60f68d0cb34f55df,1401/12/29,3996453.0,8157780.0,985661.0
c629b0270c5a5e7f60f68d0cb34f55df,1402/01/31,340120.0,396442.0,396442.0
c629b0270c5a5e7f60f68d0cb34f55df,1402/02/31,832385.0,1224023.0,827581.0
c629b0270c5a5e7f60f68d0cb34f55df,1402/03/31,1447036.0,1987863.0,763840.0
c629b0270c5a5e7f60f68d0cb34f55df,1402/04/31,2161225.0,2588259.0,600396.0
c629b0270c5a5e7f60f68d0cb34f55df,1402/05/31,2811577.0,3123498.0,535239.0
c629b0270c5a5e7f60f68d0cb34f55df,1402/06/31,3554102.0,4302376.0,1178878.0
c629b0270c5a5e7f60f68d0cb34f55df,1402/07/30,4217043.0,5128801.0,826425.0
c629b0270c5a5e7f60f68d0cb34f55df,1402/08/30,5001985.0,6057148.0,928347.0
c629b0270c5a5e7f60f68d0cb34f55df,1402/09/30,5723241.0,6965334.0,908186.0
c629b0270c5a5e7f60f68d0cb34f55df,1402/10/30,6341125.0,7687322.0,721988.0
c629b0270c5a5e7f60f68d0cb34f55df,1402/11/30,7172119.0,8418214.0,730892.0
c629b0270c5a5e7f60f68d0cb34f55df,1402/12/29,8157780.0,9339626.0,921412.0
c629b0270c5a5e7f60f68d0cb34f55df,1403/01/31,396442.0,417840.0,417840.0
c629b0270c5a5e7f60f68d0cb34f55df,1403/02/31,1224023.0,1115702.0,697862.0
c629b0270c5a5e7f60f68d0cb34f55df,1403/03/31,1987863.0,2356119.0,1240417.0
c629b0270c5a5e7f60f68d0cb34f55df,1403/04/31,2588259.0,3286069.0,929950.0
c629b0270c5a5e7f60f68d0cb34f55df,1403/05/31,3123498.0,4166778.0,880709.0
c629b0270c5a5e7f60f68d0cb34f55df,1403/06/31,4302376.0,5448857.0,1282079.0
c629b0270c5a5e7f60f68d0cb34f55df,1403/07/30,5128801.0,6424675.0,975818.0
c629b0270c5a5e7f60f68d0cb34f55df,1403/08/30,6057148.0,7373079.0,948404.0
c629b0270c5a5e7f60f68d0cb34f55df,1403/09/30,6965333.0,8361791.0,988712.0
c629b0270c5a5e7f60f68d0cb34f55df,1403/10/30,7687321.0,9269798.0,908007.0
c629b0270c5a5e7f60f68d0cb34f55df,1403/11/30,8418213.0,10441594.0,1171796.0
c629b0270c5a5e7f60f68d0cb34f55df,1403/12/30,9339626.0,11961536.0,1519942.0
c629b0270c5a5e7f60f68d0cb34f55df,1404/01/31,417840.0,604540.0,604540.0
c629b0270c5a5e7f60f68d0cb34f55df,1404/02/31,1115702.0,1591131.0,986591.0
c629b0270c5a5e7f60f68d0cb34f55df,1404/03/31,2356119.0,3130051.0,1538920.0
c629b0270c5a5e7f60f68d0cb34f55df,1404/04/31,3286069.0,4118298.0,988247.0
c629b0270c5a5e7f60f68d0cb34f55df,1404/05/31,4166778.0,5008168.0,889870.0
c629b0270c5a5e7f60f68d0cb34f55df,1404/06/31,5456579.0,7319946.0,2311778.0
c629b0270c5a5e7f60f68d0cb34f55df,1404/07/30,6424675.0,8753485.0,1433539.0
c629b0270c5a5e7f60f68d0cb34f55df,1404/08/30,7373079.0,10272715.0,1519230.0
c629b0270c5a5e7f60f68d0cb34f55df,1404/09/30,8361791.0,11892968.0,1620253.0
c629b0270c5a5e7f60f68d0cb34f55df,1404/10/30,9269798.0,13639506.0,1746538.0
c629b0270c5a5e7f60f68d0cb34f55df,1404/11/30,10441594.0,15776347.0,2136841.0
c629b0270c5a5e7f60f68d0cb34f55df,1404/12/29,11961536.0,18203843.0,2427496.0
c629b0270c5a5e7f60f68d0cb34f55df,1405/01/31,604540.0,2180940.0,2180940.0
c629b0270c5a5e7f60f68d0cb34f55df,1405/02/31,1591131.0,6589799.0,4408859.0
c629b0270c5a5e7f60f68d0cb34f55df,1405/03/31,0.0,0.0,3177560.0
c629b0270c5a5e7f60f68d0cb34f55df,1405/04/31,0.0,0.0,3205066.0
c629b0270c5a5e7f60f68d0cb34f55df,1405/05/31,0.0,0.0,1986488.0
c72d6744160ed4ab4dd2ea41ac2b3c63,1399/02/31,14790185.0,20599054.0,13410271.0
c72d6744160ed4ab4dd2ea41ac2b3c63,1399/03/31,23694056.0,32942914.0,12343860.0
c72d6744160ed4ab4dd2ea41ac2b3c63,1399/04/31,32858663.0,47116095.0,14173181.0
c72d6744160ed4ab4dd2ea41ac2b3c63,1399/05/31,43365675.0,59800672.0,12684577.0
c72d6744160ed4ab4dd2ea41ac2b3c63,1399/06/31,51748732.0,75658064.0,15857392.0
c72d6744160ed4ab4dd2ea41ac2b3c63,1399/07/30,60001207.0,94203885.0,18545821.0
c72d6744160ed4ab4dd2ea41ac2b3c63,1399/08/30,67988852.0,113979799.0,19775914.0
c72d6744160ed4ab4dd2ea41ac2b3c63,1399/09/30,76749020.0,132439269.0,18459470.0
c72d6744160ed4ab4dd2ea41ac2b3c63,1399/10/30,86124320.0,151848376.0,19409107.0
c72d6744160ed4ab4dd2ea41ac2b3c63,1399/11/30,97226073.0,175754233.0,23906042.0
c72d6744160ed4ab4dd2ea41ac2b3c63,1399/12/30,108627318.0,200419254.0,24665021.0
c72d6744160ed4ab4dd2ea41ac2b3c63,1400/01/31,7188783.0,23139818.0,23139818.0
c72d6744160ed4ab4dd2ea41ac2b3c63,1400/02/31,23139818.0,49106597.0,25966779.0
c72d6744160ed4ab4dd2ea41ac2b3c63,1400/03/31,32942914.0,75854381.0,26747784.0
c72d6744160ed4ab4dd2ea41ac2b3c63,1400/04/31,47116095.0,102193970.0,26339589.0
c72d6744160ed4ab4dd2ea41ac2b3c63,1400/05/31,59800672.0,130912898.0,28718928.0
c72d6744160ed4ab4dd2ea41ac2b3c63,1400/06/31,75658064.0,160379779.0,29466881.0
c72d6744160ed4ab4dd2ea41ac2b3c63,1400/07/30,94203885.0,192186970.0,31807191.0
c72d6744160ed4ab4dd2ea41ac2b3c63,1400/08/30,113979799.0,222756693.0,30546952.0
c72d6744160ed4ab4dd2ea41ac2b3c63,1400/09/30,132439269.0,254051286.0,31294593.0
c72d6744160ed4ab4dd2ea41ac2b3c63,1400/10/30,151848191.0,285614703.0,31563417.0
c72d6744160ed4ab4dd2ea41ac2b3c63,1400/11/30,175754233.0,316822742.0,31207966.0
c72d6744160ed4ab4dd2ea41ac2b3c63,1400/12/29,200419254.0,350583948.0,33761206.0
c72d6744160ed4ab4dd2ea41ac2b3c63,1401/01/31,23139818.0,30690111.0,30690111.0
c72d6744160ed4ab4dd2ea41ac2b3c63,1401/02/31,49106597.0,64963691.0,34273580.0
c72d6744160ed4ab4dd2ea41ac2b3c63,1401/03/31,75854381.0,102477440.0,37513749.0
c72d6744160ed4ab4dd2ea41ac2b3c63,1401/04/31,102193970.0,133403231.0,30925791.0
c72d6744160ed4ab4dd2ea41ac2b3c63,1401/05/31,130912898.0,166472212.0,33068981.0
c72d6744160ed4ab4dd2ea41ac2b3c63,1401/06/31,160379779.0,215075742.0,48603530.0
c72d6744160ed4ab4dd2ea41ac2b3c63,1401/07/30,192209741.0,245375515.0,30299773.0
c72d6744160ed4ab4dd2ea41ac2b3c63,1401/08/30,222756693.0,282790484.0,37414969.0
c72d6744160ed4ab4dd2ea41ac2b3c63,1401/09/30,254051286.0,316857438.0,34066954.0
c72d6744160ed4ab4dd2ea41ac2b3c63,1401/10/30,285614776.0,353471910.0,36614472.0
c72d6744160ed4ab4dd2ea41ac2b3c63,1401/11/30,316822742.0,407300931.0,53820536.0
c72d6744160ed4ab4dd2ea41ac2b3c63,1401/12/29,350583948.0,451948708.0,44647777.0
c72d6744160ed4ab4dd2ea41ac2b3c63,1402/01/31,30690111.0,45805885.0,45805885.0
c72d6744160ed4ab4dd2ea41ac2b3c63,1402/02/31,64963691.0,95464523.0,49658172.0
c72d6744160ed4ab4dd2ea41ac2b3c63,1402/03/31,102477440.0,150457959.0,54993436.0
c72d6744160ed4ab4dd2ea41ac2b3c63,1402/05/31,166472212.0,243975997.0,49957933.0
c72d6744160ed4ab4dd2ea41ac2b3c63,1402/06/31,215075742.0,299405159.0,55429162.0
c72d6744160ed4ab4dd2ea41ac2b3c63,1402/07/30,245375515.0,343721276.0,44316117.0
c72d6744160ed4ab4dd2ea41ac2b3c63,1402/08/30,282790484.0,380110662.0,36181327.0
c72d6744160ed4ab4dd2ea41ac2b3c63,1402/09/30,316857438.0,425265080.0,45132261.0
c72d6744160ed4ab4dd2ea41ac2b3c63,1402/10/30,353480395.0,476086125.0,50821045.0
c72d6744160ed4ab4dd2ea41ac2b3c63,1402/11/30,407300931.0,526630470.0,50544345.0
c72d6744160ed4ab4dd2ea41ac2b3c63,1402/12/29,446877616.0,573194876.0,46564406.0
c72d6744160ed4ab4dd2ea41ac2b3c63,1403/01/31,45806351.0,32435649.0,32435649.0
c72d6744160ed4ab4dd2ea41ac2b3c63,1403/02/31,95464523.0,70025601.0,37589952.0
c72d6744160ed4ab4dd2ea41ac2b3c63,1403/03/31,150457959.0,116380792.0,46355191.0
c72d6744160ed4ab4dd2ea41ac2b3c63,1403/04/31,194018064.0,161409789.0,45028997.0
c72d6744160ed4ab4dd2ea41ac2b3c63,1403/05/31,243975997.0,214861410.0,53451621.0
c72d6744160ed4ab4dd2ea41ac2b3c63,1403/06/31,299405159.0,271323408.0,56461998.0
c72d6744160ed4ab4dd2ea41ac2b3c63,1403/07/30,343929335.0,313303135.0,41979727.0
c72d6744160ed4ab4dd2ea41ac2b3c63,1403/08/30,380132819.0,369813692.0,56510557.0
c72d6744160ed4ab4dd2ea41ac2b3c63,1403/09/30,425265080.0,429008002.0,59194310.0
c72d6744160ed4ab4dd2ea41ac2b3c63,1403/10/30,476086125.0,490465320.0,61457318.0
c72d6744160ed4ab4dd2ea41ac2b3c63,1403/11/30,526630470.0,538772250.0,48306930.0
c72d6744160ed4ab4dd2ea41ac2b3c63,1403/12/30,573194876.0,600945941.0,62173691.0
c72d6744160ed4ab4dd2ea41ac2b3c63,1404/01/31,32435649.0,49519167.0,49519167.0
c72d6744160ed4ab4dd2ea41ac2b3c63,1404/02/31,70025601.0,103613356.0,54094189.0
c72d6744160ed4ab4dd2ea41ac2b3c63,1404/03/31,116380792.0,145355993.0,41742637.0
c72d6744160ed4ab4dd2ea41ac2b3c63,1404/04/31,161409789.0,183929376.0,38573383.0
c72d6744160ed4ab4dd2ea41ac2b3c63,1404/05/31,214861410.0,224867131.0,40937755.0
c72d6744160ed4ab4dd2ea41ac2b3c63,1404/06/31,271323408.0,301147895.0,76280764.0
c72d6744160ed4ab4dd2ea41ac2b3c63,1404/07/30,313303135.0,355530136.0,54387566.0
c72d6744160ed4ab4dd2ea41ac2b3c63,1404/08/30,369813692.0,404772657.0,49242521.0
c72d6744160ed4ab4dd2ea41ac2b3c63,1404/09/30,429008002.0,466739406.0,61966750.0
c72d6744160ed4ab4dd2ea41ac2b3c63,1404/10/30,490465320.0,504755213.0,37951454.0
c72d6744160ed4ab4dd2ea41ac2b3c63,1404/12/29,600945941.0,637227796.0,74898638.0
c72d6744160ed4ab4dd2ea41ac2b3c63,1405/01/30,5352676.0,7149444.0,35602724.0
c72d6744160ed4ab4dd2ea41ac2b3c63,1405/02/31,0.0,0.0,56293300.0
c72d6744160ed4ab4dd2ea41ac2b3c63,1405/03/31,0.0,0.0,51634882.0
c72d6744160ed4ab4dd2ea41ac2b3c63,1405/04/31,0.0,0.0,58311234.0
c830a9da03fc01d31766b115fa297d6c,1399/01/31,2310836.0,390000.0,195000.0
c830a9da03fc01d31766b115fa297d6c,1399/02/31,2580836.0,390000.0,195000.0
c830a9da03fc01d31766b115fa297d6c,1399/03/31,2580836.0,861000.0,287000.0
c830a9da03fc01d31766b115fa297d6c,1399/04/31,2755502.0,1196666.0,330666.0
c830a9da03fc01d31766b115fa297d6c,1399/05/31,2755502.0,1888666.0,360000.0
c830a9da03fc01d31766b115fa297d6c,1399/06/31,2755502.0,2248666.0,360000.0
c830a9da03fc01d31766b115fa297d6c,1399/07/30,2755502.0,2608666.0,360000.0
c830a9da03fc01d31766b115fa297d6c,1399/08/30,2755502.0,2953666.0,345000.0
c830a9da03fc01d31766b115fa297d6c,1399/09/30,2755502.0,3298666.0,345000.0
c830a9da03fc01d31766b115fa297d6c,1399/10/30,2755502.0,4243666.0,405000.0
c830a9da03fc01d31766b115fa297d6c,1399/11/30,2755502.0,4648666.0,405000.0
c830a9da03fc01d31766b115fa297d6c,1399/12/30,2755502.0,5857666.0,472000.0
c830a9da03fc01d31766b115fa297d6c,1400/01/31,5053666.0,398000.0,398000.0
c830a9da03fc01d31766b115fa297d6c,1400/02/31,5053666.0,796000.0,398000.0
c830a9da03fc01d31766b115fa297d6c,1400/03/31,5053666.0,1194000.0,398000.0
c830a9da03fc01d31766b115fa297d6c,1400/04/31,5857666.0,1592000.0,398000.0
c830a9da03fc01d31766b115fa297d6c,1400/05/31,5857666.0,1990000.0,398000.0
c830a9da03fc01d31766b115fa297d6c,1400/06/31,5857666.0,2388000.0,398000.0
c830a9da03fc01d31766b115fa297d6c,1400/07/30,5857666.0,2786000.0,398000.0
c830a9da03fc01d31766b115fa297d6c,1400/08/30,5857666.0,3184000.0,398000.0
c830a9da03fc01d31766b115fa297d6c,1400/09/30,5857666.0,3582000.0,398000.0
c830a9da03fc01d31766b115fa297d6c,1400/10/30,5857666.0,4450000.0,445000.0
c830a9da03fc01d31766b115fa297d6c,1400/11/30,5857666.0,4895000.0,445000.0
c830a9da03fc01d31766b115fa297d6c,1400/12/29,5857666.0,5340000.0,445000.0
c830a9da03fc01d31766b115fa297d6c,1401/01/31,5340000.0,556000.0,556000.0
c830a9da03fc01d31766b115fa297d6c,1401/02/31,5340000.0,1112000.0,556000.0
c830a9da03fc01d31766b115fa297d6c,1401/03/31,5340000.0,1668000.0,556000.0
c830a9da03fc01d31766b115fa297d6c,1401/04/31,5340000.0,2224000.0,556000.0
c830a9da03fc01d31766b115fa297d6c,1401/05/31,5340000.0,2780000.0,556000.0
c830a9da03fc01d31766b115fa297d6c,1401/06/31,5340000.0,3336000.0,556000.0
c830a9da03fc01d31766b115fa297d6c,1401/07/30,5340000.0,3892000.0,556000.0
c830a9da03fc01d31766b115fa297d6c,1401/08/30,5340000.0,4208000.0,316000.0
c830a9da03fc01d31766b115fa297d6c,1401/09/30,5340000.0,4524000.0,316000.0
c830a9da03fc01d31766b115fa297d6c,1401/10/30,5340000.0,4840000.0,316000.0
c830a9da03fc01d31766b115fa297d6c,1401/11/30,5340000.0,5156000.0,316000.0
c830a9da03fc01d31766b115fa297d6c,1401/12/29,5340000.0,5472000.0,316000.0
c830a9da03fc01d31766b115fa297d6c,1402/01/31,5472000.0,537200.0,537200.0
c830a9da03fc01d31766b115fa297d6c,1402/02/31,5472000.0,1174400.0,637200.0
c830a9da03fc01d31766b115fa297d6c,1402/03/31,5472000.0,1811600.0,637200.0
c830a9da03fc01d31766b115fa297d6c,1402/04/31,5472000.0,2448800.0,637200.0
c830a9da03fc01d31766b115fa297d6c,1402/05/31,5472000.0,3486000.0,1037200.0
c830a9da03fc01d31766b115fa297d6c,1402/06/31,5472000.0,5303200.0,1817200.0
c830a9da03fc01d31766b115fa297d6c,1402/07/30,5472000.0,6020400.0,717200.0
c830a9da03fc01d31766b115fa297d6c,1402/08/30,5472000.0,6937600.0,917200.0
c830a9da03fc01d31766b115fa297d6c,1402/09/30,5472000.0,7854800.0,917200.0
c830a9da03fc01d31766b115fa297d6c,1402/10/30,5472000.0,8972000.0,1117200.0
c830a9da03fc01d31766b115fa297d6c,1402/11/30,5472000.0,9889200.0,917200.0
c830a9da03fc01d31766b115fa297d6c,1402/12/29,5472000.0,11806400.0,1917200.0
c830a9da03fc01d31766b115fa297d6c,1403/01/31,11806400.0,1140000.0,1140000.0
c830a9da03fc01d31766b115fa297d6c,1403/02/31,11806400.0,2330000.0,1190000.0
c830a9da03fc01d31766b115fa297d6c,1403/03/31,11806400.0,3670000.0,1340000.0
c830a9da03fc01d31766b115fa297d6c,1403/04/31,11806400.0,5360000.0,1690000.0
c830a9da03fc01d31766b115fa297d6c,1403/05/31,11806400.0,7550000.0,2190000.0
c830a9da03fc01d31766b115fa297d6c,1403/06/31,11806400.0,9050000.0,1500000.0
c830a9da03fc01d31766b115fa297d6c,1403/07/30,11806400.0,10800000.0,1750000.0
c830a9da03fc01d31766b115fa297d6c,1403/08/30,11806400.0,12700000.0,1900000.0
c830a9da03fc01d31766b115fa297d6c,1403/09/30,11806400.0,15100000.0,2400000.0
c830a9da03fc01d31766b115fa297d6c,1403/10/30,11806400.0,17600000.0,2500000.0
c830a9da03fc01d31766b115fa297d6c,1403/11/30,11806400.0,19400000.0,1800000.0
c830a9da03fc01d31766b115fa297d6c,1403/12/30,11806400.0,21450000.0,2050000.0
c830a9da03fc01d31766b115fa297d6c,1404/01/31,21450000.0,2049300.0,2049300.0
c830a9da03fc01d31766b115fa297d6c,1404/02/31,21450000.0,4298600.0,2249300.0
c830a9da03fc01d31766b115fa297d6c,1404/03/31,21450000.0,6798600.0,2500000.0
c830a9da03fc01d31766b115fa297d6c,1404/04/31,21450000.0,9648600.0,2850000.0
c830a9da03fc01d31766b115fa297d6c,1404/05/31,21450000.0,11930600.0,2282000.0
c830a9da03fc01d31766b115fa297d6c,1404/06/31,21450000.0,14212600.0,2282000.0
c830a9da03fc01d31766b115fa297d6c,1404/07/30,21450000.0,16794600.0,2582000.0
c830a9da03fc01d31766b115fa297d6c,1404/08/30,21450000.0,18876600.0,2082000.0
c830a9da03fc01d31766b115fa297d6c,1404/09/30,21450000.0,21258600.0,2382000.0
c830a9da03fc01d31766b115fa297d6c,1404/10/30,21450000.0,23638600.0,2380000.0
c830a9da03fc01d31766b115fa297d6c,1404/11/30,21450000.0,26488600.0,2850000.0
c830a9da03fc01d31766b115fa297d6c,1404/12/29,21450000.0,28270600.0,1782000.0
c830a9da03fc01d31766b115fa297d6c,1405/01/31,28270600.0,2801000.0,2801000.0
c830a9da03fc01d31766b115fa297d6c,1405/02/31,28270600.0,5602000.0,2801000.0
c830a9da03fc01d31766b115fa297d6c,1405/03/31,0.0,0.0,3101000.0
c830a9da03fc01d31766b115fa297d6c,1405/04/31,0.0,0.0,3081000.0
c948737bdfc349d67b85aee1855d53b9,1398/12/29,0.0,0.0,198059.0
c948737bdfc349d67b85aee1855d53b9,1399/01/31,0.0,0.0,200121.0
c948737bdfc349d67b85aee1855d53b9,1399/02/31,0.0,0.0,231210.0
c948737bdfc349d67b85aee1855d53b9,1399/03/31,0.0,0.0,207728.0
c948737bdfc349d67b85aee1855d53b9,1399/04/31,0.0,0.0,240414.0
c948737bdfc349d67b85aee1855d53b9,1399/05/31,0.0,0.0,260867.0
c948737bdfc349d67b85aee1855d53b9,1399/06/31,0.0,0.0,263156.0
c948737bdfc349d67b85aee1855d53b9,1399/07/30,0.0,0.0,251136.0
c948737bdfc349d67b85aee1855d53b9,1399/08/30,0.0,0.0,278222.0
c948737bdfc349d67b85aee1855d53b9,1399/09/30,0.0,0.0,307944.0
c948737bdfc349d67b85aee1855d53b9,1399/10/30,0.0,0.0,324086.0
c948737bdfc349d67b85aee1855d53b9,1399/11/30,0.0,0.0,340989.0
c948737bdfc349d67b85aee1855d53b9,1399/12/30,0.0,0.0,328476.0
c948737bdfc349d67b85aee1855d53b9,1400/01/31,0.0,0.0,350261.0
c948737bdfc349d67b85aee1855d53b9,1400/02/31,0.0,0.0,374248.0
c948737bdfc349d67b85aee1855d53b9,1400/03/31,0.0,0.0,383190.0
c948737bdfc349d67b85aee1855d53b9,1400/04/31,0.0,0.0,374185.0
c948737bdfc349d67b85aee1855d53b9,1400/05/31,0.0,0.0,429282.0
c948737bdfc349d67b85aee1855d53b9,1400/06/31,0.0,0.0,480495.0
c948737bdfc349d67b85aee1855d53b9,1400/07/30,0.0,0.0,436237.0
c948737bdfc349d67b85aee1855d53b9,1400/08/30,0.0,0.0,452067.0
c948737bdfc349d67b85aee1855d53b9,1400/09/30,0.0,0.0,446710.0
c948737bdfc349d67b85aee1855d53b9,1400/10/30,0.0,0.0,445240.0
c948737bdfc349d67b85aee1855d53b9,1400/11/30,0.0,0.0,465785.0
c948737bdfc349d67b85aee1855d53b9,1400/12/29,0.0,0.0,455825.0
c948737bdfc349d67b85aee1855d53b9,1401/01/31,0.0,0.0,490867.0
c948737bdfc349d67b85aee1855d53b9,1401/02/31,0.0,0.0,629851.0
c948737bdfc349d67b85aee1855d53b9,1401/03/31,0.0,0.0,861822.0
c948737bdfc349d67b85aee1855d53b9,1401/04/31,0.0,0.0,845427.0
c948737bdfc349d67b85aee1855d53b9,1401/05/31,0.0,0.0,830271.0
c948737bdfc349d67b85aee1855d53b9,1401/06/31,0.0,0.0,778672.0
c948737bdfc349d67b85aee1855d53b9,1401/07/30,0.0,0.0,847006.0
c948737bdfc349d67b85aee1855d53b9,1401/08/30,0.0,0.0,816060.0
c948737bdfc349d67b85aee1855d53b9,1401/09/30,0.0,0.0,824116.0
c948737bdfc349d67b85aee1855d53b9,1401/10/30,0.0,0.0,839428.0
c948737bdfc349d67b85aee1855d53b9,1401/11/30,0.0,0.0,844153.0
c948737bdfc349d67b85aee1855d53b9,1401/12/29,0.0,0.0,988220.0
c948737bdfc349d67b85aee1855d53b9,1402/01/31,0.0,0.0,890607.0
c948737bdfc349d67b85aee1855d53b9,1402/02/31,0.0,0.0,1047082.0
c948737bdfc349d67b85aee1855d53b9,1402/03/31,0.0,0.0,1089960.0
c948737bdfc349d67b85aee1855d53b9,1402/04/31,0.0,0.0,1069260.0
c948737bdfc349d67b85aee1855d53b9,1402/05/31,0.0,0.0,1090944.0
c948737bdfc349d67b85aee1855d53b9,1402/06/31,0.0,0.0,1116328.0
c948737bdfc349d67b85aee1855d53b9,1402/07/30,0.0,0.0,1074666.0
c948737bdfc349d67b85aee1855d53b9,1402/08/30,0.0,0.0,1064889.0
c948737bdfc349d67b85aee1855d53b9,1402/09/30,0.0,0.0,1092589.0
c948737bdfc349d67b85aee1855d53b9,1402/10/30,0.0,0.0,1121832.0
c948737bdfc349d67b85aee1855d53b9,1402/11/30,0.0,0.0,1100840.0
c948737bdfc349d67b85aee1855d53b9,1402/12/29,0.0,0.0,1062468.0
c948737bdfc349d67b85aee1855d53b9,1403/01/31,0.0,0.0,1030293.0
c948737bdfc349d67b85aee1855d53b9,1403/02/31,0.0,0.0,1249091.0
c948737bdfc349d67b85aee1855d53b9,1403/03/31,0.0,0.0,1154438.0
c948737bdfc349d67b85aee1855d53b9,1403/04/31,0.0,0.0,1121967.0
c948737bdfc349d67b85aee1855d53b9,1403/05/31,0.0,0.0,1032674.0
c948737bdfc349d67b85aee1855d53b9,1403/06/31,0.0,0.0,1106728.0
c948737bdfc349d67b85aee1855d53b9,1403/07/30,0.0,0.0,1360554.0
c948737bdfc349d67b85aee1855d53b9,1403/08/30,0.0,0.0,1336139.0
c948737bdfc349d67b85aee1855d53b9,1403/09/30,0.0,0.0,1391000.0
c948737bdfc349d67b85aee1855d53b9,1403/10/30,0.0,0.0,1488851.0
c948737bdfc349d67b85aee1855d53b9,1403/11/30,0.0,0.0,1458537.0
c948737bdfc349d67b85aee1855d53b9,1403/12/30,0.0,0.0,1509903.0
c948737bdfc349d67b85aee1855d53b9,1404/01/31,0.0,0.0,1553634.0
c948737bdfc349d67b85aee1855d53b9,1404/02/31,0.0,0.0,1624013.0
c948737bdfc349d67b85aee1855d53b9,1404/03/31,0.0,0.0,1925153.0
c948737bdfc349d67b85aee1855d53b9,1404/04/31,0.0,0.0,1843615.0
c948737bdfc349d67b85aee1855d53b9,1404/05/31,0.0,0.0,1847548.0
c948737bdfc349d67b85aee1855d53b9,1404/06/31,0.0,0.0,1964082.0
c948737bdfc349d67b85aee1855d53b9,1404/07/30,0.0,0.0,2145575.0
c948737bdfc349d67b85aee1855d53b9,1404/08/30,0.0,0.0,2416762.0
c948737bdfc349d67b85aee1855d53b9,1404/09/30,0.0,0.0,2745185.0
c948737bdfc349d67b85aee1855d53b9,1404/10/30,0.0,0.0,2771140.0
c948737bdfc349d67b85aee1855d53b9,1404/11/30,0.0,0.0,3598748.0
c948737bdfc349d67b85aee1855d53b9,1404/12/29,0.0,0.0,3787294.0
c948737bdfc349d67b85aee1855d53b9,1405/01/31,0.0,0.0,3494401.0
c948737bdfc349d67b85aee1855d53b9,1405/02/31,0.0,0.0,4003783.0
c948737bdfc349d67b85aee1855d53b9,1405/03/31,0.0,0.0,4811853.0
c948737bdfc349d67b85aee1855d53b9,1405/04/31,0.0,0.0,4979826.0
ca5267d5258e0569e8890f5e68c841e1,1399/03/31,0.0,0.0,624375.0
ca5267d5258e0569e8890f5e68c841e1,1399/04/31,0.0,0.0,792602.0
ca5267d5258e0569e8890f5e68c841e1,1399/05/31,0.0,0.0,673691.0
ca5267d5258e0569e8890f5e68c841e1,1399/06/31,0.0,0.0,476704.0
ca5267d5258e0569e8890f5e68c841e1,1399/07/30,0.0,0.0,740574.0
ca5267d5258e0569e8890f5e68c841e1,1399/08/30,0.0,0.0,305683.0
ca5267d5258e0569e8890f5e68c841e1,1399/09/30,0.0,0.0,716743.0
ca5267d5258e0569e8890f5e68c841e1,1399/10/30,0.0,0.0,698887.0
ca5267d5258e0569e8890f5e68c841e1,1399/11/30,0.0,0.0,953527.0
ca5267d5258e0569e8890f5e68c841e1,1399/12/30,0.0,0.0,961556.0
ca5267d5258e0569e8890f5e68c841e1,1400/01/31,0.0,0.0,678999.0
ca5267d5258e0569e8890f5e68c841e1,1400/02/31,0.0,0.0,909487.0
ca5267d5258e0569e8890f5e68c841e1,1400/03/31,0.0,0.0,862233.0
ca5267d5258e0569e8890f5e68c841e1,1400/04/31,0.0,0.0,944312.0
ca5267d5258e0569e8890f5e68c841e1,1400/05/31,0.0,0.0,690532.0
ca5267d5258e0569e8890f5e68c841e1,1400/06/31,0.0,0.0,941920.0
ca5267d5258e0569e8890f5e68c841e1,1400/07/30,0.0,0.0,862061.0
ca5267d5258e0569e8890f5e68c841e1,1400/08/30,0.0,0.0,1034079.0
ca5267d5258e0569e8890f5e68c841e1,1400/09/30,0.0,0.0,1062631.0
ca5267d5258e0569e8890f5e68c841e1,1400/10/30,0.0,0.0,1014260.0
ca5267d5258e0569e8890f5e68c841e1,1400/11/30,0.0,0.0,1017017.0
ca5267d5258e0569e8890f5e68c841e1,1400/12/29,0.0,0.0,1199064.0
ca5267d5258e0569e8890f5e68c841e1,1401/01/31,0.0,0.0,700413.0
ca5267d5258e0569e8890f5e68c841e1,1401/02/31,0.0,0.0,1217225.0
ca5267d5258e0569e8890f5e68c841e1,1401/03/31,0.0,0.0,1263676.0
ca5267d5258e0569e8890f5e68c841e1,1401/04/31,0.0,0.0,1143336.0
ca5267d5258e0569e8890f5e68c841e1,1401/05/31,0.0,0.0,1007252.0
ca5267d5258e0569e8890f5e68c841e1,1401/06/31,0.0,0.0,1152009.0
ca5267d5258e0569e8890f5e68c841e1,1401/07/30,0.0,0.0,1116171.0
ca5267d5258e0569e8890f5e68c841e1,1401/08/30,0.0,0.0,1216980.0
ca5267d5258e0569e8890f5e68c841e1,1401/09/30,0.0,0.0,1188979.0
ca5267d5258e0569e8890f5e68c841e1,1401/10/30,0.0,0.0,1255896.0
ca5267d5258e0569e8890f5e68c841e1,1401/11/30,0.0,0.0,1619010.0
ca5267d5258e0569e8890f5e68c841e1,1401/12/29,0.0,0.0,1773669.0
ca5267d5258e0569e8890f5e68c841e1,1402/01/31,0.0,0.0,819082.0
ca5267d5258e0569e8890f5e68c841e1,1402/02/31,0.0,0.0,1217253.0
ca5267d5258e0569e8890f5e68c841e1,1402/03/31,0.0,0.0,1310788.0
ca5267d5258e0569e8890f5e68c841e1,1402/04/31,0.0,0.0,1377195.0
ca5267d5258e0569e8890f5e68c841e1,1402/05/31,0.0,0.0,1742765.0
ca5267d5258e0569e8890f5e68c841e1,1402/06/31,0.0,0.0,1606706.0
ca5267d5258e0569e8890f5e68c841e1,1402/07/30,0.0,0.0,2222255.0
ca5267d5258e0569e8890f5e68c841e1,1402/08/30,0.0,0.0,2287373.0
ca5267d5258e0569e8890f5e68c841e1,1402/09/30,0.0,0.0,2295953.0
ca5267d5258e0569e8890f5e68c841e1,1402/10/30,0.0,0.0,2408473.0
ca5267d5258e0569e8890f5e68c841e1,1402/11/30,0.0,0.0,2614215.0
ca5267d5258e0569e8890f5e68c841e1,1402/12/29,0.0,0.0,2713361.0
ca5267d5258e0569e8890f5e68c841e1,1403/01/31,0.0,0.0,1162949.0
ca5267d5258e0569e8890f5e68c841e1,1403/02/31,0.0,0.0,2192869.0
ca5267d5258e0569e8890f5e68c841e1,1403/03/31,0.0,0.0,2100948.0
ca5267d5258e0569e8890f5e68c841e1,1403/04/31,0.0,0.0,1968797.0
ca5267d5258e0569e8890f5e68c841e1,1403/05/31,0.0,0.0,1498376.0
ca5267d5258e0569e8890f5e68c841e1,1403/06/31,0.0,0.0,1461412.0
ca5267d5258e0569e8890f5e68c841e1,1403/07/30,0.0,0.0,2716062.0
ca5267d5258e0569e8890f5e68c841e1,1403/08/30,0.0,0.0,2997378.0
ca5267d5258e0569e8890f5e68c841e1,1403/09/30,0.0,0.0,2656206.0
ca5267d5258e0569e8890f5e68c841e1,1403/10/30,0.0,0.0,2583860.0
ca5267d5258e0569e8890f5e68c841e1,1403/11/30,0.0,0.0,2193590.0
ca5267d5258e0569e8890f5e68c841e1,1403/12/30,0.0,0.0,2487439.0
ca5267d5258e0569e8890f5e68c841e1,1404/01/31,0.0,0.0,1165187.0
ca5267d5258e0569e8890f5e68c841e1,1404/02/31,0.0,0.0,2643763.0
ca5267d5258e0569e8890f5e68c841e1,1404/03/31,0.0,0.0,2379237.0
ca5267d5258e0569e8890f5e68c841e1,1404/04/31,0.0,0.0,2197012.0
ca5267d5258e0569e8890f5e68c841e1,1404/05/31,0.0,0.0,2061426.0
ca5267d5258e0569e8890f5e68c841e1,1404/06/31,0.0,0.0,2389284.0
ca5267d5258e0569e8890f5e68c841e1,1404/07/30,0.0,0.0,3579377.0
ca5267d5258e0569e8890f5e68c841e1,1404/08/30,0.0,0.0,2547853.0
ca5267d5258e0569e8890f5e68c841e1,1404/09/30,0.0,0.0,2808035.0
ca5267d5258e0569e8890f5e68c841e1,1404/10/30,0.0,0.0,3674683.0
ca5267d5258e0569e8890f5e68c841e1,1404/11/30,0.0,0.0,4091548.0
ca5267d5258e0569e8890f5e68c841e1,1404/12/29,0.0,0.0,2869127.0
ca5267d5258e0569e8890f5e68c841e1,1405/01/31,0.0,0.0,1856256.0
ca5267d5258e0569e8890f5e68c841e1,1405/02/31,0.0,0.0,4056791.0
ca5267d5258e0569e8890f5e68c841e1,1405/03/31,0.0,0.0,2818916.0
ca5267d5258e0569e8890f5e68c841e1,1405/04/31,0.0,0.0,3067632.0
caeb12747085d21bf8331e09cbac141e,1399/01/31,78751.0,164435.0,164435.0
caeb12747085d21bf8331e09cbac141e,1399/02/31,229568.0,423977.0,259542.0
caeb12747085d21bf8331e09cbac141e,1399/03/31,399474.0,702443.0,278466.0
caeb12747085d21bf8331e09cbac141e,1399/04/31,1107948.0,405505.0,702443.0
caeb12747085d21bf8331e09cbac141e,1399/05/31,961706.0,1426077.0,318129.0
caeb12747085d21bf8331e09cbac141e,1399/06/31,1796351.0,370274.0,1426077.0
caeb12747085d21bf8331e09cbac141e,1399/07/30,2192822.0,396471.0,1796351.0
caeb12747085d21bf8331e09cbac141e,1399/08/30,2581662.0,388840.0,2192822.0
caeb12747085d21bf8331e09cbac141e,1399/09/30,1789250.0,2948158.0,366496.0
caeb12747085d21bf8331e09cbac141e,1399/10/30,1972091.0,3275460.0,327302.0
caeb12747085d21bf8331e09cbac141e,1399/11/30,2201509.0,3839457.0,563997.0
caeb12747085d21bf8331e09cbac141e,1399/12/30,2453602.0,4329980.0,490523.0
caeb12747085d21bf8331e09cbac141e,1400/01/31,164435.0,405010.0,405010.0
caeb12747085d21bf8331e09cbac141e,1400/02/31,423977.0,1093489.0,688479.0
caeb12747085d21bf8331e09cbac141e,1400/03/31,702443.0,1558099.0,464610.0
caeb12747085d21bf8331e09cbac141e,1400/04/31,1107948.0,2124283.0,566184.0
caeb12747085d21bf8331e09cbac141e,1400/05/31,1426077.0,2720838.0,596555.0
caeb12747085d21bf8331e09cbac141e,1400/06/31,1796351.0,3538971.0,818133.0
caeb12747085d21bf8331e09cbac141e,1400/07/30,2192822.0,4063764.0,524793.0
caeb12747085d21bf8331e09cbac141e,1400/08/30,2581662.0,4597952.0,534188.0
caeb12747085d21bf8331e09cbac141e,1400/09/30,2948158.0,5327437.0,729569.0
caeb12747085d21bf8331e09cbac141e,1400/10/30,3275460.0,5852796.0,525359.0
caeb12747085d21bf8331e09cbac141e,1400/11/30,3839457.0,6398058.0,545262.0
caeb12747085d21bf8331e09cbac141e,1400/12/29,4329980.0,7106031.0,707973.0
caeb12747085d21bf8331e09cbac141e,1401/01/31,405010.0,590657.0,590657.0
caeb12747085d21bf8331e09cbac141e,1401/02/31,1093489.0,1374521.0,783864.0
caeb12747085d21bf8331e09cbac141e,1401/03/31,1558099.0,2320085.0,945564.0
caeb12747085d21bf8331e09cbac141e,1401/04/31,2124283.0,3104010.0,783925.0
caeb12747085d21bf8331e09cbac141e,1401/05/31,2720838.0,3846598.0,742588.0
caeb12747085d21bf8331e09cbac141e,1401/06/31,3538971.0,4714653.0,868055.0
caeb12747085d21bf8331e09cbac141e,1401/07/30,4063764.0,5402009.0,781820.0
caeb12747085d21bf8331e09cbac141e,1401/08/30,4597952.0,6638817.0,1236808.0
caeb12747085d21bf8331e09cbac141e,1401/09/30,5327437.0,8069085.0,1430268.0
caeb12747085d21bf8331e09cbac141e,1401/10/30,5852796.0,9222838.0,1153753.0
caeb12747085d21bf8331e09cbac141e,1401/12/29,7106031.0,11829608.0,1445051.0
caeb12747085d21bf8331e09cbac141e,1402/01/31,590657.0,1236753.0,1236753.0
caeb12747085d21bf8331e09cbac141e,1402/02/31,1374521.0,2637459.0,1400706.0
caeb12747085d21bf8331e09cbac141e,1402/03/31,2320085.0,4437860.0,1680331.0
caeb12747085d21bf8331e09cbac141e,1402/04/31,3104010.0,6327069.0,1889209.0
caeb12747085d21bf8331e09cbac141e,1402/05/31,3846598.0,8255415.0,1928346.0
caeb12747085d21bf8331e09cbac141e,1402/06/31,4714653.0,9529610.0,1717005.0
caeb12747085d21bf8331e09cbac141e,1402/07/30,5402009.0,11087366.0,1557756.0
caeb12747085d21bf8331e09cbac141e,1402/08/30,6638817.0,12443858.0,1356492.0
caeb12747085d21bf8331e09cbac141e,1402/09/30,8069085.0,13786284.0,1342426.0
caeb12747085d21bf8331e09cbac141e,1402/10/30,9222838.0,14797037.0,1010753.0
caeb12747085d21bf8331e09cbac141e,1402/11/30,10384557.0,15964211.0,1167174.0
caeb12747085d21bf8331e09cbac141e,1402/12/29,11829608.0,17512924.0,1548713.0
caeb12747085d21bf8331e09cbac141e,1403/01/31,1236753.0,1420483.0,1420483.0
caeb12747085d21bf8331e09cbac141e,1403/02/31,2637459.0,3259596.0,1839113.0
caeb12747085d21bf8331e09cbac141e,1403/03/31,4437860.0,5064127.0,1804531.0
caeb12747085d21bf8331e09cbac141e,1403/04/31,6327069.0,6768920.0,1704793.0
caeb12747085d21bf8331e09cbac141e,1403/05/31,8255415.0,8772000.0,2003080.0
caeb12747085d21bf8331e09cbac141e,1403/06/31,9529610.0,10459956.0,1687956.0
caeb12747085d21bf8331e09cbac141e,1403/07/30,11087366.0,13197322.0,2737366.0
caeb12747085d21bf8331e09cbac141e,1403/08/30,12443858.0,15358922.0,2161600.0
caeb12747085d21bf8331e09cbac141e,1403/09/30,13786284.0,16963781.0,1604859.0
caeb12747085d21bf8331e09cbac141e,1403/10/30,14797037.0,18836871.0,1873090.0
caeb12747085d21bf8331e09cbac141e,1403/11/30,15964211.0,21228036.0,2391165.0
caeb12747085d21bf8331e09cbac141e,1403/12/30,17512924.0,23809286.0,2581250.0
caeb12747085d21bf8331e09cbac141e,1404/01/31,1420483.0,2436109.0,2436109.0
caeb12747085d21bf8331e09cbac141e,1404/02/31,3259596.0,5902784.0,3466675.0
caeb12747085d21bf8331e09cbac141e,1404/03/31,5064127.0,9843642.0,3940858.0
caeb12747085d21bf8331e09cbac141e,1404/04/31,6768920.0,13983444.0,4139802.0
caeb12747085d21bf8331e09cbac141e,1404/05/31,8772000.0,17074821.0,3091377.0
caeb12747085d21bf8331e09cbac141e,1404/06/31,10459956.0,21024026.0,3949205.0
caeb12747085d21bf8331e09cbac141e,1404/07/30,13197322.0,24251627.0,3227601.0
caeb12747085d21bf8331e09cbac141e,1404/08/30,15358922.0,27652901.0,3401274.0
caeb12747085d21bf8331e09cbac141e,1404/09/30,16963781.0,31732935.0,4080034.0
caeb12747085d21bf8331e09cbac141e,1404/10/30,18836871.0,34824539.0,3091604.0
caeb12747085d21bf8331e09cbac141e,1404/11/30,21228036.0,38077276.0,3252737.0
caeb12747085d21bf8331e09cbac141e,1404/12/29,23809286.0,42097712.0,4020436.0
caeb12747085d21bf8331e09cbac141e,1405/01/31,2436109.0,5828230.0,5828230.0
caeb12747085d21bf8331e09cbac141e,1405/02/31,5902784.0,14762706.0,8934476.0
caeb12747085d21bf8331e09cbac141e,1405/03/31,0.0,0.0,6535695.0
caeb12747085d21bf8331e09cbac141e,1405/04/31,0.0,0.0,6606454.0
cb507b89faf6ddf31e16ba5ea8f669d0,1400/01/31,0.0,0.0,10051860.0
cb507b89faf6ddf31e16ba5ea8f669d0,1400/02/31,0.0,0.0,13737695.0
cb507b89faf6ddf31e16ba5ea8f669d0,1400/03/31,0.0,0.0,11795715.0
cb507b89faf6ddf31e16ba5ea8f669d0,1400/04/31,0.0,0.0,12531068.0
cb507b89faf6ddf31e16ba5ea8f669d0,1400/05/31,0.0,0.0,9407686.0
cb507b89faf6ddf31e16ba5ea8f669d0,1400/06/31,0.0,0.0,11746550.0
cb507b89faf6ddf31e16ba5ea8f669d0,1400/07/30,0.0,0.0,13959181.0
cb507b89faf6ddf31e16ba5ea8f669d0,1400/08/30,0.0,0.0,17767678.0
cb507b89faf6ddf31e16ba5ea8f669d0,1400/09/30,0.0,0.0,18810591.0
cb507b89faf6ddf31e16ba5ea8f669d0,1400/10/30,0.0,0.0,12903098.0
cb507b89faf6ddf31e16ba5ea8f669d0,1400/11/30,0.0,0.0,6443904.0
cb507b89faf6ddf31e16ba5ea8f669d0,1400/12/29,0.0,0.0,12110494.0
cb507b89faf6ddf31e16ba5ea8f669d0,1401/01/31,0.0,0.0,14030122.0
cb507b89faf6ddf31e16ba5ea8f669d0,1401/02/31,0.0,0.0,14720948.0
cb507b89faf6ddf31e16ba5ea8f669d0,1401/03/31,0.0,0.0,18331333.0
cb507b89faf6ddf31e16ba5ea8f669d0,1401/04/31,0.0,0.0,17283952.0
cb507b89faf6ddf31e16ba5ea8f669d0,1401/05/31,0.0,0.0,15819528.0
cb507b89faf6ddf31e16ba5ea8f669d0,1401/06/31,0.0,0.0,14631329.0
cb507b89faf6ddf31e16ba5ea8f669d0,1401/07/30,0.0,0.0,11239248.0
cb507b89faf6ddf31e16ba5ea8f669d0,1403/01/31,0.0,0.0,12624915.0
cb507b89faf6ddf31e16ba5ea8f669d0,1403/02/31,0.0,0.0,16139201.0
cb507b89faf6ddf31e16ba5ea8f669d0,1403/03/31,0.0,0.0,15410599.0
cb507b89faf6ddf31e16ba5ea8f669d0,1403/04/31,0.0,0.0,15444771.0
cb507b89faf6ddf31e16ba5ea8f669d0,1403/05/31,0.0,0.0,19971535.0
cb507b89faf6ddf31e16ba5ea8f669d0,1403/06/31,0.0,0.0,21579720.0
cb507b89faf6ddf31e16ba5ea8f669d0,1403/07/30,0.0,0.0,22626810.0
cb507b89faf6ddf31e16ba5ea8f669d0,1403/08/30,0.0,0.0,22230228.0
cb507b89faf6ddf31e16ba5ea8f669d0,1403/09/30,0.0,0.0,20509822.0
cb507b89faf6ddf31e16ba5ea8f669d0,1403/10/30,0.0,0.0,24938438.0
cb507b89faf6ddf31e16ba5ea8f669d0,1403/11/30,0.0,0.0,29053735.0
cb507b89faf6ddf31e16ba5ea8f669d0,1403/12/30,0.0,0.0,35018589.0
cb507b89faf6ddf31e16ba5ea8f669d0,1404/01/31,0.0,0.0,21509623.0
cb507b89faf6ddf31e16ba5ea8f669d0,1404/02/31,0.0,0.0,33476366.0
cb507b89faf6ddf31e16ba5ea8f669d0,1404/03/31,0.0,0.0,24670986.0
cb507b89faf6ddf31e16ba5ea8f669d0,1404/04/31,0.0,0.0,26089226.0
cb507b89faf6ddf31e16ba5ea8f669d0,1404/05/31,0.0,0.0,27178945.0
cb507b89faf6ddf31e16ba5ea8f669d0,1404/06/31,0.0,0.0,27526476.0
cb507b89faf6ddf31e16ba5ea8f669d0,1404/07/30,0.0,0.0,35055358.0
cb507b89faf6ddf31e16ba5ea8f669d0,1404/08/30,0.0,0.0,36479151.0
cb507b89faf6ddf31e16ba5ea8f669d0,1404/09/30,0.0,0.0,32860431.0
cb507b89faf6ddf31e16ba5ea8f669d0,1404/10/30,0.0,0.0,35029906.0
cb507b89faf6ddf31e16ba5ea8f669d0,1404/11/30,0.0,0.0,35266184.0
cb507b89faf6ddf31e16ba5ea8f669d0,1404/12/29,0.0,0.0,13335868.0
cb507b89faf6ddf31e16ba5ea8f669d0,1405/01/31,0.0,0.0,4057891.0
cb507b89faf6ddf31e16ba5ea8f669d0,1405/02/31,0.0,0.0,10556478.0
cb507b89faf6ddf31e16ba5ea8f669d0,1405/03/31,0.0,0.0,29379423.0
cb507b89faf6ddf31e16ba5ea8f669d0,1405/04/31,0.0,0.0,25269567.0
d01ad6f1e6afd1225f55ef45468e0c84,1399/06/31,3607378.0,5560599.0,1105394.0
d01ad6f1e6afd1225f55ef45468e0c84,1399/07/30,4380153.0,6669087.0,1108695.0
d01ad6f1e6afd1225f55ef45468e0c84,1399/08/30,5083491.0,7793701.0,1124613.0
d01ad6f1e6afd1225f55ef45468e0c84,1399/09/30,5866925.0,8824246.0,1030545.0
d01ad6f1e6afd1225f55ef45468e0c84,1399/10/30,6579146.0,10026065.0,1201819.0
d01ad6f1e6afd1225f55ef45468e0c84,1399/11/30,7298541.0,11028193.0,1002128.0
d01ad6f1e6afd1225f55ef45468e0c84,1399/12/30,8014296.0,11557219.0,529044.0
d01ad6f1e6afd1225f55ef45468e0c84,1400/01/31,469463.0,1154100.0,1154100.0
d01ad6f1e6afd1225f55ef45468e0c84,1400/02/31,1370828.0,2455081.0,1300981.0
d01ad6f1e6afd1225f55ef45468e0c84,1400/03/31,2390202.0,3955180.0,1500098.0
d01ad6f1e6afd1225f55ef45468e0c84,1400/04/31,3422327.0,6258819.0,2303639.0
d01ad6f1e6afd1225f55ef45468e0c84,1400/05/31,4455205.0,9264809.0,3005990.0
d01ad6f1e6afd1225f55ef45468e0c84,1400/06/31,5560599.0,12281682.0,3016872.0
d01ad6f1e6afd1225f55ef45468e0c84,1400/07/30,6669087.0,15298919.0,3017237.0
d01ad6f1e6afd1225f55ef45468e0c84,1400/08/30,7793701.0,17811352.0,2512433.0
d01ad6f1e6afd1225f55ef45468e0c84,1400/09/30,8824246.0,20072507.0,2261235.0
d01ad6f1e6afd1225f55ef45468e0c84,1400/10/30,10026065.0,22091467.0,2018960.0
d01ad6f1e6afd1225f55ef45468e0c84,1400/11/30,11028193.0,24302402.0,2210935.0
d01ad6f1e6afd1225f55ef45468e0c84,1400/12/29,11557219.0,25277192.0,974790.0
d01ad6f1e6afd1225f55ef45468e0c84,1401/01/31,1154100.0,1564113.0,1564113.0
d01ad6f1e6afd1225f55ef45468e0c84,1401/02/31,2455081.0,3716619.0,2152506.0
d01ad6f1e6afd1225f55ef45468e0c84,1401/03/31,3955180.0,6117893.0,2401274.0
d01ad6f1e6afd1225f55ef45468e0c84,1401/04/31,6258819.0,8534303.0,2416410.0
d01ad6f1e6afd1225f55ef45468e0c84,1401/05/31,9264809.0,11277610.0,2743307.0
d01ad6f1e6afd1225f55ef45468e0c84,1401/06/31,12281682.0,14753580.0,3475657.0
d01ad6f1e6afd1225f55ef45468e0c84,1401/07/30,15298919.0,17218978.0,2465398.0
d01ad6f1e6afd1225f55ef45468e0c84,1401/08/30,17811352.0,20371632.0,3152654.0
d01ad6f1e6afd1225f55ef45468e0c84,1401/09/30,20072507.0,24014848.0,3643216.0
d01ad6f1e6afd1225f55ef45468e0c84,1401/10/30,22091467.0,27685118.0,3670270.0
d01ad6f1e6afd1225f55ef45468e0c84,1401/11/30,24302402.0,31019242.0,3334123.0
d01ad6f1e6afd1225f55ef45468e0c84,1401/12/29,25277192.0,33068617.0,2049375.0
d01ad6f1e6afd1225f55ef45468e0c84,1402/01/31,1564113.0,2514641.0,2514641.0
d01ad6f1e6afd1225f55ef45468e0c84,1402/02/31,3716619.0,6228949.0,3714308.0
d01ad6f1e6afd1225f55ef45468e0c84,1402/03/31,6117893.0,10230947.0,4001998.0
d01ad6f1e6afd1225f55ef45468e0c84,1402/04/31,8534303.0,14281516.0,4050570.0
d01ad6f1e6afd1225f55ef45468e0c84,1402/05/31,11277610.0,18413322.0,4131805.0
d01ad6f1e6afd1225f55ef45468e0c84,1402/06/31,14753580.0,22357327.0,4374006.0
d01ad6f1e6afd1225f55ef45468e0c84,1402/07/30,17218978.0,26524160.0,4166833.0
d01ad6f1e6afd1225f55ef45468e0c84,1402/08/30,20371632.0,30391945.0,3867785.0
d01ad6f1e6afd1225f55ef45468e0c84,1402/09/30,24014848.0,33119598.0,2727653.0
d01ad6f1e6afd1225f55ef45468e0c84,1402/10/30,27685118.0,34578885.0,1459287.0
d01ad6f1e6afd1225f55ef45468e0c84,1402/11/30,31019242.0,35858231.0,1279347.0
d01ad6f1e6afd1225f55ef45468e0c84,1402/12/29,33068617.0,37068157.0,1209925.0
d01ad6f1e6afd1225f55ef45468e0c84,1403/01/31,2514641.0,1167377.0,1167377.0
d01ad6f1e6afd1225f55ef45468e0c84,1403/02/31,6228949.0,3672394.0,2505017.0
d01ad6f1e6afd1225f55ef45468e0c84,1403/03/31,10230947.0,6876260.0,3203866.0
d01ad6f1e6afd1225f55ef45468e0c84,1403/04/31,14281516.0,9579387.0,2703127.0
d01ad6f1e6afd1225f55ef45468e0c84,1403/05/31,18413322.0,12379410.0,2800023.0
d01ad6f1e6afd1225f55ef45468e0c84,1403/06/31,22357327.0,14651808.0,2272398.0
d01ad6f1e6afd1225f55ef45468e0c84,1403/07/30,26524160.0,17752385.0,3100577.0
d01ad6f1e6afd1225f55ef45468e0c84,1403/08/30,30391945.0,20902515.0,3150129.0
d01ad6f1e6afd1225f55ef45468e0c84,1403/09/30,33119598.0,24403681.0,3501167.0
d01ad6f1e6afd1225f55ef45468e0c84,1403/10/30,34578885.0,28425435.0,4021754.0
d01ad6f1e6afd1225f55ef45468e0c84,1403/11/30,35858231.0,33425999.0,5000564.0
d01ad6f1e6afd1225f55ef45468e0c84,1403/12/30,36064986.0,37199366.0,3773366.0
d01ad6f1e6afd1225f55ef45468e0c84,1404/01/31,1167377.0,4000099.0,4000099.0
d01ad6f1e6afd1225f55ef45468e0c84,1404/02/31,3672394.0,10501187.0,6501088.0
d01ad6f1e6afd1225f55ef45468e0c84,1404/03/31,6876260.0,16501301.0,6000114.0
d01ad6f1e6afd1225f55ef45468e0c84,1404/04/31,9579387.0,22701532.0,6200231.0
d01ad6f1e6afd1225f55ef45468e0c84,1404/05/31,12379410.0,29101903.0,6400370.0
d01ad6f1e6afd1225f55ef45468e0c84,1404/06/31,14651808.0,35704557.0,6602654.0
d01ad6f1e6afd1225f55ef45468e0c84,1404/07/30,17752385.0,42705507.0,7000950.0
d01ad6f1e6afd1225f55ef45468e0c84,1404/08/30,20902515.0,52705876.0,10000369.0
d01ad6f1e6afd1225f55ef45468e0c84,1404/09/30,24403681.0,62706410.0,10000534.0
d01ad6f1e6afd1225f55ef45468e0c84,1404/10/30,28425435.0,72706707.0,10000297.0
d01ad6f1e6afd1225f55ef45468e0c84,1404/11/30,33425999.0,82707148.0,10000441.0
d01ad6f1e6afd1225f55ef45468e0c84,1404/12/29,37199366.0,86361539.0,3654392.0
d01ad6f1e6afd1225f55ef45468e0c84,1405/01/31,4000099.0,10000422.0,10000422.0
d01ad6f1e6afd1225f55ef45468e0c84,1405/02/31,10501186.0,30000549.0,20000127.0
d01ad6f1e6afd1225f55ef45468e0c84,1405/03/31,0.0,0.0,23101684.0
d01ad6f1e6afd1225f55ef45468e0c84,1405/04/31,0.0,0.0,23500755.0
d01ad6f1e6afd1225f55ef45468e0c84,1405/05/31,0.0,0.0,25001073.0
d07ff5df6784e3a6d9d9eabdb65794ba,1399/07/30,234421439.0,340966011.0,67348088.0
d07ff5df6784e3a6d9d9eabdb65794ba,1399/08/30,266783655.0,416182113.0,75216101.0
d07ff5df6784e3a6d9d9eabdb65794ba,1399/09/30,296137515.0,494552549.0,78370436.0
d07ff5df6784e3a6d9d9eabdb65794ba,1399/10/30,327952046.0,579276666.0,84724117.0
d07ff5df6784e3a6d9d9eabdb65794ba,1399/11/30,365941133.0,662930323.0,83653566.0
d07ff5df6784e3a6d9d9eabdb65794ba,1399/12/30,391437551.0,774036745.0,111106419.0
d07ff5df6784e3a6d9d9eabdb65794ba,1400/01/31,25726273.0,90854065.0,90854065.0
d07ff5df6784e3a6d9d9eabdb65794ba,1400/02/31,77516028.0,215355046.0,124500980.0
d07ff5df6784e3a6d9d9eabdb65794ba,1400/03/31,126685284.0,336653926.0,121298880.0
d07ff5df6784e3a6d9d9eabdb65794ba,1400/04/31,175529488.0,450865962.0,114212036.0
d07ff5df6784e3a6d9d9eabdb65794ba,1400/05/31,218443109.0,540268584.0,89402622.0
d07ff5df6784e3a6d9d9eabdb65794ba,1400/06/31,273544260.0,660847349.0,120578768.0
d07ff5df6784e3a6d9d9eabdb65794ba,1400/07/30,340966011.0,787332074.0,126484725.0
d07ff5df6784e3a6d9d9eabdb65794ba,1400/08/30,416182113.0,914399026.0,127066952.0
d07ff5df6784e3a6d9d9eabdb65794ba,1400/09/30,494552549.0,1049691323.0,135292297.0
d07ff5df6784e3a6d9d9eabdb65794ba,1400/10/30,579276666.0,1182610404.0,132919081.0
d07ff5df6784e3a6d9d9eabdb65794ba,1400/11/30,662930323.0,1310081070.0,127470667.0
d07ff5df6784e3a6d9d9eabdb65794ba,1400/12/29,774036745.0,1456266489.0,146185417.0
d07ff5df6784e3a6d9d9eabdb65794ba,1401/01/31,90854066.0,120678354.0,120678354.0
d07ff5df6784e3a6d9d9eabdb65794ba,1401/02/31,215355046.0,294291085.0,173612731.0
d07ff5df6784e3a6d9d9eabdb65794ba,1401/03/31,336653925.0,481494914.0,187316082.0
d07ff5df6784e3a6d9d9eabdb65794ba,1401/04/31,450865962.0,605802165.0,124307251.0
d07ff5df6784e3a6d9d9eabdb65794ba,1401/05/31,538494170.0,705495584.0,102344184.0
d07ff5df6784e3a6d9d9eabdb65794ba,1401/06/31,660847349.0,807673722.0,98064186.0
d07ff5df6784e3a6d9d9eabdb65794ba,1401/07/30,785257395.0,910817879.0,107258109.0
d07ff5df6784e3a6d9d9eabdb65794ba,1401/08/30,912126416.0,1024912002.0,114094126.0
d07ff5df6784e3a6d9d9eabdb65794ba,1401/09/30,1049691323.0,1156373480.0,122928341.0
d07ff5df6784e3a6d9d9eabdb65794ba,1401/10/30,1182610404.0,1270757828.0,114384348.0
d07ff5df6784e3a6d9d9eabdb65794ba,1401/11/30,1310081072.0,1393092259.0,122334431.0
d07ff5df6784e3a6d9d9eabdb65794ba,1401/12/29,1456266489.0,1607038537.0,213946278.0
d07ff5df6784e3a6d9d9eabdb65794ba,1402/01/31,120678354.0,172609764.0,172609764.0
d07ff5df6784e3a6d9d9eabdb65794ba,1402/02/31,294291085.0,402485866.0,229876102.0
d07ff5df6784e3a6d9d9eabdb65794ba,1402/03/31,481494914.0,630834205.0,228348339.0
d07ff5df6784e3a6d9d9eabdb65794ba,1402/04/31,605803545.0,840030972.0,209196767.0
d07ff5df6784e3a6d9d9eabdb65794ba,1402/05/31,709236113.0,1037990485.0,197959513.0
d07ff5df6784e3a6d9d9eabdb65794ba,1402/06/31,807673722.0,1235265296.0,197274811.0
d07ff5df6784e3a6d9d9eabdb65794ba,1402/07/30,916972849.0,1449001486.0,213736192.0
d07ff5df6784e3a6d9d9eabdb65794ba,1402/08/30,1032105781.0,1645924674.0,196923189.0
d07ff5df6784e3a6d9d9eabdb65794ba,1402/09/30,1156373480.0,1803854203.0,157929529.0
d07ff5df6784e3a6d9d9eabdb65794ba,1402/10/30,1270757828.0,1989675960.0,185821757.0
d07ff5df6784e3a6d9d9eabdb65794ba,1402/11/30,1393092260.0,2182378305.0,192702345.0
d07ff5df6784e3a6d9d9eabdb65794ba,1402/12/29,1607038537.0,2410860380.0,228482075.0
d07ff5df6784e3a6d9d9eabdb65794ba,1403/01/31,172609765.0,218614835.0,218614835.0
d07ff5df6784e3a6d9d9eabdb65794ba,1403/02/31,402485867.0,481925389.0,263310554.0
d07ff5df6784e3a6d9d9eabdb65794ba,1403/03/31,630834205.0,739049516.0,257124127.0
d07ff5df6784e3a6d9d9eabdb65794ba,1403/04/31,840030971.0,972445431.0,233395915.0
d07ff5df6784e3a6d9d9eabdb65794ba,1403/05/31,1037990483.0,1216979150.0,244533719.0
d07ff5df6784e3a6d9d9eabdb65794ba,1403/06/31,1235265295.0,1445615948.0,228636798.0
d07ff5df6784e3a6d9d9eabdb65794ba,1403/07/30,1449001486.0,1652744632.0,207128684.0
d07ff5df6784e3a6d9d9eabdb65794ba,1403/08/30,1645924674.0,1863254372.0,210509740.0
d07ff5df6784e3a6d9d9eabdb65794ba,1403/09/30,1803854203.0,2030219861.0,166965489.0
d07ff5df6784e3a6d9d9eabdb65794ba,1403/10/30,1989675960.0,2263339615.0,233119754.0
d07ff5df6784e3a6d9d9eabdb65794ba,1403/11/30,2182378305.0,2520629209.0,257289594.0
d07ff5df6784e3a6d9d9eabdb65794ba,1403/12/30,2410860381.0,2763555712.0,242926503.0
d07ff5df6784e3a6d9d9eabdb65794ba,1404/01/31,218615574.0,240568919.0,240568919.0
d07ff5df6784e3a6d9d9eabdb65794ba,1404/02/31,481928430.0,567876870.0,327307951.0
d07ff5df6784e3a6d9d9eabdb65794ba,1404/03/31,739049516.0,804688699.0,236811829.0
d07ff5df6784e3a6d9d9eabdb65794ba,1404/04/31,972445431.0,1054947302.0,250258603.0
d07ff5df6784e3a6d9d9eabdb65794ba,1404/05/31,1216718673.0,1274443025.0,219495723.0
d07ff5df6784e3a6d9d9eabdb65794ba,1404/06/31,1445615948.0,1528954575.0,254511550.0
d07ff5df6784e3a6d9d9eabdb65794ba,1404/07/30,1652744633.0,1798278417.0,269323842.0
d07ff5df6784e3a6d9d9eabdb65794ba,1404/08/30,1863254371.0,2097020559.0,298742142.0
d07ff5df6784e3a6d9d9eabdb65794ba,1404/09/30,2030219860.0,2362294472.0,265273912.0
d07ff5df6784e3a6d9d9eabdb65794ba,1404/10/30,2263339615.0,2816296379.0,328231964.0
d07ff5df6784e3a6d9d9eabdb65794ba,1404/12/29,200337490.0,273544260.0,357016358.0
d07ff5df6784e3a6d9d9eabdb65794ba,1405/01/30,163889532.0,218443109.0,49048553.0
d07ff5df6784e3a6d9d9eabdb65794ba,1405/02/31,598506827.0,271401732.0,222353179.0
d07ff5df6784e3a6d9d9eabdb65794ba,1405/03/31,0.0,0.0,545287525.0
d07ff5df6784e3a6d9d9eabdb65794ba,1405/04/31,0.0,0.0,509042840.0
d07ff5df6784e3a6d9d9eabdb65794ba,1405/05/31,0.0,0.0,544271929.0
d108002c1966bd34137074461c1193bc,1399/01/31,45493.0,91817.0,91817.0
d108002c1966bd34137074461c1193bc,1399/02/31,108392.0,191565.0,99748.0
d108002c1966bd34137074461c1193bc,1399/03/31,174927.0,307386.8,115821.8
d108002c1966bd34137074461c1193bc,1399/04/31,245103.0,452516.1,145129.3
d108002c1966bd34137074461c1193bc,1399/05/31,315905.0,617260.5,164744.4
d108002c1966bd34137074461c1193bc,1399/06/31,388190.0,780358.5,163098.0
d108002c1966bd34137074461c1193bc,1399/07/30,440041.0,890492.0,110133.5
d108002c1966bd34137074461c1193bc,1399/08/30,512914.0,1037429.5,146937.5
d108002c1966bd34137074461c1193bc,1399/09/30,583909.0,1177798.5,140369.0
d108002c1966bd34137074461c1193bc,1399/10/30,91817.0,324524.0,324524.0
d108002c1966bd34137074461c1193bc,1399/11/30,191565.0,565984.6,241460.6
d108002c1966bd34137074461c1193bc,1399/12/30,307386.8,720371.23,154386.63
d108002c1966bd34137074461c1193bc,1400/01/31,452516.1,883878.26,163507.04
d108002c1966bd34137074461c1193bc,1400/02/31,617260.0,1054041.0,170163.0
d108002c1966bd34137074461c1193bc,1400/03/31,780358.0,1237029.0,182988.0
d108002c1966bd34137074461c1193bc,1400/04/31,890492.0,1401797.0,164768.0
d108002c1966bd34137074461c1193bc,1400/05/31,1037429.0,1557180.0,155383.0
d108002c1966bd34137074461c1193bc,1400/06/31,1177799.0,1731290.0,174110.0
d108002c1966bd34137074461c1193bc,1400/07/30,324524.0,1924918.0,193628.0
d108002c1966bd34137074461c1193bc,1400/08/30,565985.0,2082169.0,157251.0
d108002c1966bd34137074461c1193bc,1400/09/30,1177799.0,2203294.0,125934.0
d108002c1966bd34137074461c1193bc,1400/10/30,324524.0,179659.0,179659.0
d108002c1966bd34137074461c1193bc,1400/11/30,565985.0,488951.0,309292.0
d108002c1966bd34137074461c1193bc,1400/12/29,720371.0,779228.0,290277.0
d108002c1966bd34137074461c1193bc,1401/01/31,883878.0,953518.0,168465.0
d108002c1966bd34137074461c1193bc,1401/02/31,1054041.0,1111054.0,157536.0
d108002c1966bd34137074461c1193bc,1401/03/31,1232600.0,1308170.0,197116.0
d108002c1966bd34137074461c1193bc,1401/04/31,1401797.0,1408055.0,99885.0
d108002c1966bd34137074461c1193bc,1401/05/31,1557180.0,1656783.0,248728.0
d108002c1966bd34137074461c1193bc,1401/06/31,1731290.0,1898277.0,241494.0
d108002c1966bd34137074461c1193bc,1401/07/30,1934106.0,2175343.0,277066.0
d108002c1966bd34137074461c1193bc,1401/08/30,2082169.0,2486222.0,310879.0
d108002c1966bd34137074461c1193bc,1401/09/30,2203294.0,2869791.0,383569.0
d108002c1966bd34137074461c1193bc,1401/10/30,179659.0,554423.0,554423.0
d108002c1966bd34137074461c1193bc,1401/11/30,488951.0,1020298.0,490675.0
d108002c1966bd34137074461c1193bc,1401/12/29,779228.0,1546296.0,525998.0
d108002c1966bd34137074461c1193bc,1402/01/31,953518.0,1811405.0,265109.0
d108002c1966bd34137074461c1193bc,1402/02/31,1111054.0,2430907.0,619502.0
d108002c1966bd34137074461c1193bc,1402/03/31,1308170.0,2950523.0,519615.0
d108002c1966bd34137074461c1193bc,1402/04/31,1408055.0,3398579.0,448056.0
d108002c1966bd34137074461c1193bc,1402/05/31,1656783.0,3981373.0,582794.0
d108002c1966bd34137074461c1193bc,1402/06/31,1898277.0,4665220.0,683847.0
d108002c1966bd34137074461c1193bc,1402/07/30,2175343.0,5480909.0,815689.0
d108002c1966bd34137074461c1193bc,1402/08/30,2486222.0,6355619.0,874710.0
d108002c1966bd34137074461c1193bc,1402/09/30,2869791.0,6765053.0,409434.0
d108002c1966bd34137074461c1193bc,1402/10/30,554423.0,854341.0,854341.0
d108002c1966bd34137074461c1193bc,1402/11/30,1021138.0,1461488.0,607147.0
d108002c1966bd34137074461c1193bc,1402/12/29,1546296.0,1997031.0,535543.0
d108002c1966bd34137074461c1193bc,1403/01/31,1844118.0,2356558.0,359527.0
d108002c1966bd34137074461c1193bc,1403/02/31,2430907.0,2934195.0,577637.0
d108002c1966bd34137074461c1193bc,1403/03/31,2950522.0,3378572.0,444377.0
d108002c1966bd34137074461c1193bc,1403/04/31,3398579.0,3849527.0,470955.0
d108002c1966bd34137074461c1193bc,1403/05/31,3981373.0,4438805.0,589278.0
d108002c1966bd34137074461c1193bc,1403/06/31,4665220.0,5044933.0,606128.0
d108002c1966bd34137074461c1193bc,1403/07/30,5480909.0,5654055.0,609122.0
d108002c1966bd34137074461c1193bc,1403/08/30,6355619.0,6330295.0,676240.0
d108002c1966bd34137074461c1193bc,1403/09/30,6765053.0,7027643.0,697350.0
d108002c1966bd34137074461c1193bc,1403/10/30,854341.0,594332.0,594332.0
d108002c1966bd34137074461c1193bc,1403/11/30,1461488.0,1201612.0,607280.0
d108002c1966bd34137074461c1193bc,1403/12/30,1997031.0,1985733.0,784121.0
d108002c1966bd34137074461c1193bc,1404/01/31,2356558.0,2452747.0,467014.0
d108002c1966bd34137074461c1193bc,1404/04/31,3849527.0,5371442.0,1021258.0
d108002c1966bd34137074461c1193bc,1404/05/31,4438805.0,6476753.0,1105311.0
d108002c1966bd34137074461c1193bc,1404/06/31,5044933.0,7641991.0,1165238.0
d108002c1966bd34137074461c1193bc,1404/07/30,5654055.0,8818667.0,1176676.0
d108002c1966bd34137074461c1193bc,1404/08/30,6330295.0,10026788.0,1208121.0
d108002c1966bd34137074461c1193bc,1404/09/30,7027643.0,10933879.0,907092.0
d108002c1966bd34137074461c1193bc,1404/10/30,594332.0,805241.0,805241.0
d108002c1966bd34137074461c1193bc,1405/01/31,0.0,0.0,557365.0
d108002c1966bd34137074461c1193bc,1405/02/31,0.0,0.0,1542180.0
d108002c1966bd34137074461c1193bc,1405/03/31,0.0,0.0,2076368.0
d108002c1966bd34137074461c1193bc,1405/04/31,0.0,0.0,2834831.0
d36c687f0cd3a20f5e0c5c1ae507ae3f,1404/01/31,0.0,0.0,127106.0
d36c687f0cd3a20f5e0c5c1ae507ae3f,1404/02/31,0.0,0.0,384865.0
d36c687f0cd3a20f5e0c5c1ae507ae3f,1404/03/31,0.0,0.0,463705.0
d36c687f0cd3a20f5e0c5c1ae507ae3f,1404/04/31,0.0,0.0,237319.0
d36c687f0cd3a20f5e0c5c1ae507ae3f,1404/05/31,0.0,0.0,359064.0
d36c687f0cd3a20f5e0c5c1ae507ae3f,1404/06/31,0.0,0.0,361070.0
d36c687f0cd3a20f5e0c5c1ae507ae3f,1404/07/30,0.0,0.0,457035.0
d36c687f0cd3a20f5e0c5c1ae507ae3f,1404/08/30,0.0,0.0,454633.0
d36c687f0cd3a20f5e0c5c1ae507ae3f,1404/09/30,0.0,0.0,455034.0
d36c687f0cd3a20f5e0c5c1ae507ae3f,1404/10/30,0.0,0.0,285639.0
d36c687f0cd3a20f5e0c5c1ae507ae3f,1404/11/30,0.0,0.0,396759.0
d36c687f0cd3a20f5e0c5c1ae507ae3f,1404/12/29,0.0,0.0,398243.0
d36c687f0cd3a20f5e0c5c1ae507ae3f,1405/01/31,0.0,0.0,353306.0
d36c687f0cd3a20f5e0c5c1ae507ae3f,1405/02/31,0.0,0.0,900808.0
d36c687f0cd3a20f5e0c5c1ae507ae3f,1405/03/31,0.0,0.0,1261281.0
d481c7823a747032cbe08b189a6f03c0,1399/01/31,7567750.0,7130550.4,7130550.4
d481c7823a747032cbe08b189a6f03c0,1399/02/31,15990337.0,13301474.4,6795705.0
d481c7823a747032cbe08b189a6f03c0,1399/03/31,22972907.0,20482613.4,7062703.0
d481c7823a747032cbe08b189a6f03c0,1399/04/31,29080643.0,29248612.4,7786656.0
d481c7823a747032cbe08b189a6f03c0,1399/05/31,39638797.0,37672816.4,7609324.0
d481c7823a747032cbe08b189a6f03c0,1399/06/31,43811177.0,46024977.4,7337717.0
d481c7823a747032cbe08b189a6f03c0,1399/07/30,49854268.0,65002049.4,16651381.0
d481c7823a747032cbe08b189a6f03c0,1399/08/30,58011226.0,83893997.4,16358779.0
d481c7823a747032cbe08b189a6f03c0,1399/09/30,65707901.0,103461135.4,18120204.0
d481c7823a747032cbe08b189a6f03c0,1399/10/30,70672031.0,117372012.0,11428348.6
d481c7823a747032cbe08b189a6f03c0,1399/11/30,71403723.0,126089333.0,9699863.0
d481c7823a747032cbe08b189a6f03c0,1399/12/30,78031948.0,143648390.0,18202227.0
d481c7823a747032cbe08b189a6f03c0,1400/01/31,7130550.0,21063657.0,21063657.0
d481c7823a747032cbe08b189a6f03c0,1400/02/31,13335147.0,40236547.0,20235696.0
d481c7823a747032cbe08b189a6f03c0,1400/03/31,20531928.0,54684355.0,14807005.0
d481c7823a747032cbe08b189a6f03c0,1400/04/31,29308926.0,71386683.0,16423982.0
d481c7823a747032cbe08b189a6f03c0,1400/05/31,37749376.0,93657234.0,22151362.0
d481c7823a747032cbe08b189a6f03c0,1400/06/31,46161359.0,108851253.0,14435367.0
d481c7823a747032cbe08b189a6f03c0,1400/07/30,65108707.0,129682943.0,20371832.0
d481c7823a747032cbe08b189a6f03c0,1400/08/30,84015134.0,140882531.0,9906862.0
d481c7823a747032cbe08b189a6f03c0,1400/09/30,103594365.0,154394497.0,13644567.0
d481c7823a747032cbe08b189a6f03c0,1400/10/30,117512404.0,160082064.0,5918671.0
d481c7823a747032cbe08b189a6f03c0,1400/11/30,126239328.0,167888871.0,7975163.0
d481c7823a747032cbe08b189a6f03c0,1400/12/29,143234768.0,192628444.0,24725644.0
d481c7823a747032cbe08b189a6f03c0,1401/01/31,21063657.0,19968753.0,19968753.0
d481c7823a747032cbe08b189a6f03c0,1401/02/31,40236547.0,43855949.0,23910757.0
d481c7823a747032cbe08b189a6f03c0,1401/03/31,54684355.0,69507214.0,27159679.0
d481c7823a747032cbe08b189a6f03c0,1401/04/31,71386683.0,94656531.0,25540218.0
d481c7823a747032cbe08b189a6f03c0,1401/05/31,93657234.0,104869575.0,11828211.0
d481c7823a747032cbe08b189a6f03c0,1401/06/31,108851285.0,127578003.0,22927134.0
d481c7823a747032cbe08b189a6f03c0,1401/07/30,129682943.0,144025526.0,16366075.0
d481c7823a747032cbe08b189a6f03c0,1401/08/30,140882531.0,160638053.0,15973404.0
d481c7823a747032cbe08b189a6f03c0,1401/09/30,154394497.0,173935378.0,12969159.0
d481c7823a747032cbe08b189a6f03c0,1401/10/30,160082064.0,186522742.0,12633679.0
d481c7823a747032cbe08b189a6f03c0,1401/11/30,167888871.0,198978368.0,12455423.0
d481c7823a747032cbe08b189a6f03c0,1401/12/29,192628444.0,214213606.0,12293618.0
d481c7823a747032cbe08b189a6f03c0,1402/01/31,20051400.0,23540072.0,23540072.0
d481c7823a747032cbe08b189a6f03c0,1402/02/31,43855949.0,54132168.0,30788972.0
d481c7823a747032cbe08b189a6f03c0,1402/03/31,69507214.0,66850505.0,14929264.0
d481c7823a747032cbe08b189a6f03c0,1402/04/31,94656531.0,90947386.0,24176992.0
d481c7823a747032cbe08b189a6f03c0,1402/05/31,104869575.0,114028123.0,22926471.0
d481c7823a747032cbe08b189a6f03c0,1402/06/31,127578003.0,144939397.0,30447326.0
d481c7823a747032cbe08b189a6f03c0,1402/07/30,144025526.0,165246874.0,19531040.0
d481c7823a747032cbe08b189a6f03c0,1402/08/30,160638053.0,198080953.0,32746104.0
d481c7823a747032cbe08b189a6f03c0,1402/09/30,173935378.0,212411258.0,13745569.0
d481c7823a747032cbe08b189a6f03c0,1402/10/30,186522742.0,228447024.0,15614460.0
d481c7823a747032cbe08b189a6f03c0,1402/11/30,198978368.0,238268426.0,9969426.0
d481c7823a747032cbe08b189a6f03c0,1402/12/29,215847502.0,258734831.0,18762700.0
d481c7823a747032cbe08b189a6f03c0,1403/01/31,23540072.0,22972101.0,22972101.0
d481c7823a747032cbe08b189a6f03c0,1403/02/31,54412756.0,47166337.0,24014242.0
d481c7823a747032cbe08b189a6f03c0,1403/03/31,67219366.0,58313077.0,11146740.0
d481c7823a747032cbe08b189a6f03c0,1403/04/31,91498993.0,80882293.0,22144109.0
d481c7823a747032cbe08b189a6f03c0,1403/05/31,114794188.0,106422632.0,25369322.0
d481c7823a747032cbe08b189a6f03c0,1403/06/31,146859364.0,132546207.0,25242596.0
d481c7823a747032cbe08b189a6f03c0,1403/07/30,167369951.0,166377714.0,33831507.0
d481c7823a747032cbe08b189a6f03c0,1403/08/30,200499192.0,186670111.0,20292449.0
d481c7823a747032cbe08b189a6f03c0,1403/09/30,215108804.0,221160017.0,33858005.0
d481c7823a747032cbe08b189a6f03c0,1403/10/30,231841616.0,227354489.0,900321.0
d481c7823a747032cbe08b189a6f03c0,1403/11/30,241157826.0,244558882.0,17204393.0
d481c7823a747032cbe08b189a6f03c0,1403/12/30,260270475.0,239326316.0,1736470.0
d481c7823a747032cbe08b189a6f03c0,1404/01/31,23512879.0,43698577.0,43698577.0
d481c7823a747032cbe08b189a6f03c0,1404/02/31,47621880.0,96128177.0,55905766.0
d481c7823a747032cbe08b189a6f03c0,1404/03/31,58802216.0,125937913.0,33060640.0
d481c7823a747032cbe08b189a6f03c0,1404/04/31,81805702.0,164075744.0,37081480.0
d481c7823a747032cbe08b189a6f03c0,1404/05/31,107625634.0,210708070.0,45713639.0
d481c7823a747032cbe08b189a6f03c0,1404/06/31,132829367.0,255760146.0,44981732.0
d481c7823a747032cbe08b189a6f03c0,1404/07/30,165148372.0,299800175.0,45079541.0
d481c7823a747032cbe08b189a6f03c0,1404/08/30,186670111.0,336127074.0,37317920.0
d481c7823a747032cbe08b189a6f03c0,1404/09/30,221160017.0,369997182.0,36152025.0
d481c7823a747032cbe08b189a6f03c0,1404/10/30,227354489.0,383427767.0,13741510.0
d481c7823a747032cbe08b189a6f03c0,1404/11/30,244558882.0,384936136.0,1508369.0
d481c7823a747032cbe08b189a6f03c0,1404/12/29,239711202.0,452872519.0,65294878.0
d481c7823a747032cbe08b189a6f03c0,1405/01/31,43924066.0,48904869.0,48904869.0
d481c7823a747032cbe08b189a6f03c0,1405/02/31,96601431.0,49379507.0,406813.0
d481c7823a747032cbe08b189a6f03c0,1405/03/31,0.0,0.0,59864426.0
d481c7823a747032cbe08b189a6f03c0,1405/06/31,0.0,0.0,52899348.0
d4ba95c595b08e7a8441a997f29f4427,1398/10/30,0.0,0.0,80519.0
d4ba95c595b08e7a8441a997f29f4427,1398/11/30,0.0,0.0,80975.0
d4ba95c595b08e7a8441a997f29f4427,1398/12/29,0.0,0.0,63991.0
d4ba95c595b08e7a8441a997f29f4427,1399/01/31,0.0,0.0,91208.0
d4ba95c595b08e7a8441a997f29f4427,1399/02/31,0.0,0.0,104363.0
d4ba95c595b08e7a8441a997f29f4427,1399/03/31,0.0,0.0,106094.0
d4ba95c595b08e7a8441a997f29f4427,1399/04/31,0.0,0.0,100422.0
d4ba95c595b08e7a8441a997f29f4427,1399/05/31,0.0,0.0,97383.0
d4ba95c595b08e7a8441a997f29f4427,1399/06/31,0.0,0.0,210249.0
d4ba95c595b08e7a8441a997f29f4427,1399/07/30,0.0,0.0,206242.0
d4ba95c595b08e7a8441a997f29f4427,1399/08/30,0.0,0.0,200686.0
d4ba95c595b08e7a8441a997f29f4427,1399/09/30,0.0,0.0,201418.0
d4ba95c595b08e7a8441a997f29f4427,1399/10/30,0.0,0.0,205160.0
d4ba95c595b08e7a8441a997f29f4427,1399/11/30,0.0,0.0,200157.0
d4ba95c595b08e7a8441a997f29f4427,1399/12/30,0.0,0.0,115466.0
d4ba95c595b08e7a8441a997f29f4427,1400/01/31,0.0,0.0,193687.0
d4ba95c595b08e7a8441a997f29f4427,1400/02/31,0.0,0.0,273839.0
d4ba95c595b08e7a8441a997f29f4427,1400/03/31,0.0,0.0,280558.0
d4ba95c595b08e7a8441a997f29f4427,1400/04/31,0.0,0.0,279960.0
d4ba95c595b08e7a8441a997f29f4427,1400/05/31,499470.0,1305162.0,277118.0
d4ba95c595b08e7a8441a997f29f4427,1400/06/31,709719.0,1587912.0,282750.0
d4ba95c595b08e7a8441a997f29f4427,1400/07/30,915961.0,1933353.0,345441.0
d4ba95c595b08e7a8441a997f29f4427,1400/08/30,1116647.0,2272101.0,338748.0
d4ba95c595b08e7a8441a997f29f4427,1400/09/30,1318065.0,2608271.0,336170.0
d4ba95c595b08e7a8441a997f29f4427,1400/10/30,1523225.0,2944126.0,335855.0
d4ba95c595b08e7a8441a997f29f4427,1400/11/30,1723584.0,3265117.0,320991.0
d4ba95c595b08e7a8441a997f29f4427,1400/12/29,1839050.0,3456701.0,191584.0
d4ba95c595b08e7a8441a997f29f4427,1401/01/31,193687.0,475026.0,475026.0
d4ba95c595b08e7a8441a997f29f4427,1401/02/31,467524.0,956207.0,481181.0
d4ba95c595b08e7a8441a997f29f4427,1401/03/31,748082.0,1442520.0,486313.0
d4ba95c595b08e7a8441a997f29f4427,1401/04/31,1028044.0,1926162.0,483642.0
d4ba95c595b08e7a8441a997f29f4427,1401/05/31,1305162.0,2405524.0,479362.0
d4ba95c595b08e7a8441a997f29f4427,1401/06/31,1587912.0,2882962.0,477438.0
d4ba95c595b08e7a8441a997f29f4427,1401/07/30,1933353.0,3351083.0,468121.0
d4ba95c595b08e7a8441a997f29f4427,1401/08/30,2272101.0,3820289.0,469206.0
d4ba95c595b08e7a8441a997f29f4427,1401/09/30,2608271.0,4287872.0,467583.0
d4ba95c595b08e7a8441a997f29f4427,1401/10/30,2944127.0,4768079.0,480207.0
d4ba95c595b08e7a8441a997f29f4427,1401/11/30,3265117.0,5253187.0,485108.0
d4ba95c595b08e7a8441a997f29f4427,1401/12/29,3456701.0,5516295.0,263108.0
d4ba95c595b08e7a8441a997f29f4427,1402/01/31,475026.0,508875.0,508875.0
d4ba95c595b08e7a8441a997f29f4427,1402/02/31,956206.0,1176811.0,667936.0
d4ba95c595b08e7a8441a997f29f4427,1402/03/31,1442520.0,1839047.0,662236.0
d4ba95c595b08e7a8441a997f29f4427,1402/04/31,1926162.0,2456735.0,617688.0
d4ba95c595b08e7a8441a997f29f4427,1402/05/31,2405524.0,3068410.0,611675.0
d4ba95c595b08e7a8441a997f29f4427,1402/06/31,2882962.0,3683733.0,615323.0
d4ba95c595b08e7a8441a997f29f4427,1402/07/30,3351083.0,4372059.0,688326.0
d4ba95c595b08e7a8441a997f29f4427,1402/08/30,3820289.0,5068600.0,696541.0
d4ba95c595b08e7a8441a997f29f4427,1402/09/30,4287872.0,5765784.0,697184.0
d4ba95c595b08e7a8441a997f29f4427,1402/10/30,4768079.0,6463285.0,697501.0
d4ba95c595b08e7a8441a997f29f4427,1402/11/30,5253187.0,7147797.0,684512.0
d4ba95c595b08e7a8441a997f29f4427,1402/12/29,5516295.0,7492612.0,344815.0
d4ba95c595b08e7a8441a997f29f4427,1403/01/31,508875.0,678547.0,678547.0
d4ba95c595b08e7a8441a997f29f4427,1403/02/31,1176811.0,1520384.0,841837.0
d4ba95c595b08e7a8441a997f29f4427,1403/03/31,1839047.0,2371047.0,850663.0
d4ba95c595b08e7a8441a997f29f4427,1403/04/31,2456735.0,3198058.0,827011.0
d4ba95c595b08e7a8441a997f29f4427,1403/05/31,3068410.0,4058854.0,860796.0
d4ba95c595b08e7a8441a997f29f4427,1403/06/31,3683733.0,4965282.0,906428.0
d4ba95c595b08e7a8441a997f29f4427,1403/07/30,4372059.0,5856939.0,891657.0
d4ba95c595b08e7a8441a997f29f4427,1403/08/30,5068600.0,6726773.0,869834.0
d4ba95c595b08e7a8441a997f29f4427,1403/09/30,5765784.0,7625288.0,898515.0
d4ba95c595b08e7a8441a997f29f4427,1403/10/30,6463285.0,8588341.0,963053.0
d4ba95c595b08e7a8441a997f29f4427,1403/11/30,7147797.0,9562207.0,973866.0
d4ba95c595b08e7a8441a997f29f4427,1403/12/30,7492612.0,10345951.0,783744.0
d4ba95c595b08e7a8441a997f29f4427,1404/01/31,678547.0,1240738.0,1240738.0
d4ba95c595b08e7a8441a997f29f4427,1404/02/31,1520384.0,2520032.0,1279294.0
d4ba95c595b08e7a8441a997f29f4427,1404/03/31,2371047.0,3814428.0,1294396.0
d4ba95c595b08e7a8441a997f29f4427,1404/04/31,3198058.0,5090824.0,1276396.0
d4ba95c595b08e7a8441a997f29f4427,1404/05/31,4058854.0,6353741.0,1262917.0
d4ba95c595b08e7a8441a997f29f4427,1404/06/31,4965282.0,7595806.0,1242065.0
d4ba95c595b08e7a8441a997f29f4427,1404/07/30,5856939.0,8805243.0,1209437.0
d4ba95c595b08e7a8441a997f29f4427,1404/08/30,6726773.0,10008062.0,1202819.0
d4ba95c595b08e7a8441a997f29f4427,1404/09/30,7625288.0,11216513.0,1208451.0
d4ba95c595b08e7a8441a997f29f4427,1404/10/30,8588341.0,12619120.0,1402607.0
d4ba95c595b08e7a8441a997f29f4427,1404/11/30,9562207.0,14028173.0,1409053.0
d4ba95c595b08e7a8441a997f29f4427,1404/12/29,10345951.0,14717984.0,689811.0
d4ba95c595b08e7a8441a997f29f4427,1405/01/31,1240738.0,1762667.0,1762667.0
d4ba95c595b08e7a8441a997f29f4427,1405/02/31,2520032.0,4074603.0,2311936.0
d4ba95c595b08e7a8441a997f29f4427,1405/03/31,0.0,0.0,2189171.0
d4ba95c595b08e7a8441a997f29f4427,1405/04/31,0.0,0.0,2190191.0
d591b0ffa863888077d0146ba8cd4e66,1400/06/31,0.0,0.0,1186385.0
d591b0ffa863888077d0146ba8cd4e66,1400/07/30,0.0,0.0,973766.0
d591b0ffa863888077d0146ba8cd4e66,1400/08/30,0.0,0.0,1050962.0
d591b0ffa863888077d0146ba8cd4e66,1400/09/30,0.0,0.0,1278917.0
d591b0ffa863888077d0146ba8cd4e66,1400/10/30,0.0,0.0,777021.0
d591b0ffa863888077d0146ba8cd4e66,1400/11/30,0.0,0.0,1119724.0
d591b0ffa863888077d0146ba8cd4e66,1400/12/29,0.0,0.0,1380837.0
d591b0ffa863888077d0146ba8cd4e66,1401/01/31,0.0,0.0,685455.0
d591b0ffa863888077d0146ba8cd4e66,1401/02/31,0.0,0.0,744430.0
d591b0ffa863888077d0146ba8cd4e66,1401/03/31,0.0,0.0,2335658.0
d591b0ffa863888077d0146ba8cd4e66,1401/04/31,0.0,0.0,2264070.0
d591b0ffa863888077d0146ba8cd4e66,1401/05/31,0.0,0.0,1155905.0
d591b0ffa863888077d0146ba8cd4e66,1401/06/31,0.0,0.0,1987837.0
d591b0ffa863888077d0146ba8cd4e66,1401/07/30,0.0,0.0,1748178.0
d591b0ffa863888077d0146ba8cd4e66,1401/08/30,0.0,0.0,1853394.0
d591b0ffa863888077d0146ba8cd4e66,1401/09/30,0.0,0.0,1780293.0
d591b0ffa863888077d0146ba8cd4e66,1401/10/30,0.0,0.0,2163654.0
d591b0ffa863888077d0146ba8cd4e66,1401/11/30,0.0,0.0,2616337.0
d591b0ffa863888077d0146ba8cd4e66,1401/12/29,0.0,0.0,3156472.0
d591b0ffa863888077d0146ba8cd4e66,1402/01/31,0.0,0.0,1642381.0
d591b0ffa863888077d0146ba8cd4e66,1402/02/31,0.0,0.0,2134987.0
d591b0ffa863888077d0146ba8cd4e66,1402/03/31,0.0,0.0,2138628.0
d591b0ffa863888077d0146ba8cd4e66,1402/04/31,0.0,0.0,2639286.0
d591b0ffa863888077d0146ba8cd4e66,1402/05/31,0.0,0.0,2396480.0
d591b0ffa863888077d0146ba8cd4e66,1402/06/31,0.0,0.0,2369685.0
d591b0ffa863888077d0146ba8cd4e66,1402/07/30,0.0,0.0,2979763.0
d591b0ffa863888077d0146ba8cd4e66,1402/08/30,0.0,0.0,3293020.0
d591b0ffa863888077d0146ba8cd4e66,1402/09/30,0.0,0.0,3118823.0
d591b0ffa863888077d0146ba8cd4e66,1402/10/30,0.0,0.0,3220725.0
d591b0ffa863888077d0146ba8cd4e66,1402/11/30,0.0,0.0,3474581.0
d591b0ffa863888077d0146ba8cd4e66,1402/12/29,0.0,0.0,3521893.0
d591b0ffa863888077d0146ba8cd4e66,1403/01/31,0.0,0.0,1810256.0
d591b0ffa863888077d0146ba8cd4e66,1403/02/31,0.0,0.0,3519667.0
d591b0ffa863888077d0146ba8cd4e66,1403/03/31,0.0,0.0,3800971.0
d591b0ffa863888077d0146ba8cd4e66,1403/04/31,0.0,0.0,2265060.0
d591b0ffa863888077d0146ba8cd4e66,1403/05/31,0.0,0.0,3463864.0
d591b0ffa863888077d0146ba8cd4e66,1403/06/31,0.0,0.0,3878112.0
d591b0ffa863888077d0146ba8cd4e66,1403/07/30,0.0,0.0,3699847.0
d591b0ffa863888077d0146ba8cd4e66,1403/08/30,0.0,0.0,3824862.0
d591b0ffa863888077d0146ba8cd4e66,1403/09/30,0.0,0.0,3815683.0
d591b0ffa863888077d0146ba8cd4e66,1403/10/30,0.0,0.0,3465077.0
d591b0ffa863888077d0146ba8cd4e66,1403/11/30,0.0,0.0,5093438.0
d591b0ffa863888077d0146ba8cd4e66,1403/12/30,0.0,0.0,4410893.0
d591b0ffa863888077d0146ba8cd4e66,1404/01/31,0.0,0.0,2545337.0
d591b0ffa863888077d0146ba8cd4e66,1404/02/31,0.0,0.0,5257274.0
d591b0ffa863888077d0146ba8cd4e66,1404/03/31,0.0,0.0,4851129.0
d591b0ffa863888077d0146ba8cd4e66,1404/04/31,0.0,0.0,4669104.0
d591b0ffa863888077d0146ba8cd4e66,1404/05/31,0.0,0.0,4593870.0
d591b0ffa863888077d0146ba8cd4e66,1404/06/31,0.0,0.0,5376596.0
d591b0ffa863888077d0146ba8cd4e66,1404/07/30,0.0,0.0,5920555.0
d591b0ffa863888077d0146ba8cd4e66,1404/08/30,0.0,0.0,5335472.0
d591b0ffa863888077d0146ba8cd4e66,1404/09/30,0.0,0.0,3596267.0
d591b0ffa863888077d0146ba8cd4e66,1404/10/30,0.0,0.0,6090337.0
d591b0ffa863888077d0146ba8cd4e66,1404/11/30,0.0,0.0,11200776.0
d591b0ffa863888077d0146ba8cd4e66,1404/12/29,0.0,0.0,10566935.0
d591b0ffa863888077d0146ba8cd4e66,1405/01/31,0.0,0.0,6927874.0
d591b0ffa863888077d0146ba8cd4e66,1405/02/31,0.0,0.0,13766332.0
d591b0ffa863888077d0146ba8cd4e66,1405/03/31,0.0,0.0,16062362.0
d591b0ffa863888077d0146ba8cd4e66,1405/04/31,0.0,0.0,10363887.0
d5d20f20215dafb1d4d773897c34e2b5,1399/02/31,351258.0,219405.0,219405.0
d5d20f20215dafb1d4d773897c34e2b5,1399/03/31,610142.0,268807.0,341335.0
d5d20f20215dafb1d4d773897c34e2b5,1399/04/31,796568.0,186426.0,610142.0
d5d20f20215dafb1d4d773897c34e2b5,1399/05/31,986906.0,190338.0,796568.0
d5d20f20215dafb1d4d773897c34e2b5,1399/06/31,1415422.0,428516.0,986906.0
d5d20f20215dafb1d4d773897c34e2b5,1399/07/30,1496259.0,1699457.0,284035.0
d5d20f20215dafb1d4d773897c34e2b5,1399/08/30,1650921.0,1980922.0,281465.0
d5d20f20215dafb1d4d773897c34e2b5,1399/09/30,1877736.0,2389378.0,407924.0
d5d20f20215dafb1d4d773897c34e2b5,1399/10/30,2273763.0,2709972.0,320594.0
d5d20f20215dafb1d4d773897c34e2b5,1399/11/30,2352512.0,2981433.0,271461.0
d5d20f20215dafb1d4d773897c34e2b5,1399/12/30,2641417.0,3372982.0,391549.0
d5d20f20215dafb1d4d773897c34e2b5,1400/01/31,131853.0,463301.0,463301.0
d5d20f20215dafb1d4d773897c34e2b5,1400/02/31,351258.0,1166377.0,703076.0
d5d20f20215dafb1d4d773897c34e2b5,1400/03/31,610142.0,1721437.0,555060.0
d5d20f20215dafb1d4d773897c34e2b5,1400/04/31,806491.0,2343173.0,621736.0
d5d20f20215dafb1d4d773897c34e2b5,1400/05/31,986906.0,3050488.0,707315.0
d5d20f20215dafb1d4d773897c34e2b5,1400/06/31,1415423.0,3777997.0,727509.0
d5d20f20215dafb1d4d773897c34e2b5,1400/07/30,1699457.0,4551207.0,773210.0
d5d20f20215dafb1d4d773897c34e2b5,1400/08/30,1980923.0,5132585.0,581378.0
d5d20f20215dafb1d4d773897c34e2b5,1400/09/30,2389378.0,6073241.0,940656.0
d5d20f20215dafb1d4d773897c34e2b5,1400/10/30,2719895.0,6833358.0,760117.0
d5d20f20215dafb1d4d773897c34e2b5,1400/11/30,2991356.0,7595211.0,761853.0
d5d20f20215dafb1d4d773897c34e2b5,1400/12/29,3409060.0,8310129.0,714918.0
d5d20f20215dafb1d4d773897c34e2b5,1401/01/31,463301.0,930752.0,930752.0
d5d20f20215dafb1d4d773897c34e2b5,1401/02/31,1166377.0,2090646.0,1159894.0
d5d20f20215dafb1d4d773897c34e2b5,1401/03/31,1721437.0,3138299.0,1047653.0
d5d20f20215dafb1d4d773897c34e2b5,1401/04/31,2343173.0,4177584.0,1039285.0
d5d20f20215dafb1d4d773897c34e2b5,1401/05/31,3050488.0,5048412.0,870828.0
d5d20f20215dafb1d4d773897c34e2b5,1401/06/31,3777997.0,5925440.0,877028.0
d5d20f20215dafb1d4d773897c34e2b5,1401/07/30,4317258.0,6675093.0,749653.0
d5d20f20215dafb1d4d773897c34e2b5,1401/08/30,5132585.0,7577025.0,901932.0
d5d20f20215dafb1d4d773897c34e2b5,1401/09/30,6073241.0,8601081.0,1024056.0
d5d20f20215dafb1d4d773897c34e2b5,1401/10/30,6833358.0,9259914.0,658833.0
d5d20f20215dafb1d4d773897c34e2b5,1401/11/30,7595211.0,9971044.0,711130.0
d5d20f20215dafb1d4d773897c34e2b5,1401/12/29,8310129.0,11031555.0,1060511.0
d5d20f20215dafb1d4d773897c34e2b5,1402/01/31,930752.0,1082640.0,1082640.0
d5d20f20215dafb1d4d773897c34e2b5,1402/02/31,2090646.0,2316884.0,1234244.0
d5d20f20215dafb1d4d773897c34e2b5,1402/03/31,3138299.0,3700945.0,1384061.0
d5d20f20215dafb1d4d773897c34e2b5,1402/04/31,4177584.0,5248352.0,1547407.0
d5d20f20215dafb1d4d773897c34e2b5,1402/05/31,5048412.0,6686195.0,1437843.0
d5d20f20215dafb1d4d773897c34e2b5,1402/06/31,5925440.0,8200453.0,1514258.0
d5d20f20215dafb1d4d773897c34e2b5,1402/07/30,6675093.0,9657789.0,1457336.0
d5d20f20215dafb1d4d773897c34e2b5,1402/08/30,7577025.0,11246271.0,1588482.0
d5d20f20215dafb1d4d773897c34e2b5,1402/09/30,8601081.0,12935675.0,1689404.0
d5d20f20215dafb1d4d773897c34e2b5,1402/10/30,9259914.0,14628958.0,1693283.0
d5d20f20215dafb1d4d773897c34e2b5,1402/11/30,9971044.0,16158747.0,1529789.0
d5d20f20215dafb1d4d773897c34e2b5,1402/12/29,11031555.0,17494189.0,1335442.0
d5d20f20215dafb1d4d773897c34e2b5,1403/01/31,1082640.0,1720742.0,1720742.0
d5d20f20215dafb1d4d773897c34e2b5,1403/02/31,2316884.0,4295060.0,2574318.0
d5d20f20215dafb1d4d773897c34e2b5,1403/03/31,3700945.0,6131698.0,1836638.0
d5d20f20215dafb1d4d773897c34e2b5,1403/04/31,5248352.0,7698444.0,1566746.0
d5d20f20215dafb1d4d773897c34e2b5,1403/05/31,6686195.0,9297541.0,1599097.0
d5d20f20215dafb1d4d773897c34e2b5,1403/06/31,8200453.0,11313218.0,2015677.0
d5d20f20215dafb1d4d773897c34e2b5,1403/07/30,9657789.0,13192167.0,1878949.0
d5d20f20215dafb1d4d773897c34e2b5,1403/08/30,11246271.0,15465166.0,2272999.0
d5d20f20215dafb1d4d773897c34e2b5,1403/09/30,12935675.0,17710436.0,2245270.0
d5d20f20215dafb1d4d773897c34e2b5,1403/10/30,14628958.0,19769807.0,2059371.0
d5d20f20215dafb1d4d773897c34e2b5,1403/11/30,16158747.0,21733574.0,1963767.0
d5d20f20215dafb1d4d773897c34e2b5,1403/12/30,17494189.0,23374600.0,1641026.0
d5d20f20215dafb1d4d773897c34e2b5,1404/01/31,1720742.0,2363172.0,2363172.0
d5d20f20215dafb1d4d773897c34e2b5,1404/02/31,4295060.0,5014850.0,2651678.0
d5d20f20215dafb1d4d773897c34e2b5,1404/03/31,6131698.0,6958048.0,1943198.0
d5d20f20215dafb1d4d773897c34e2b5,1404/04/31,7698444.0,9203591.0,2245543.0
d5d20f20215dafb1d4d773897c34e2b5,1404/05/31,9297541.0,11725806.0,2522215.0
d5d20f20215dafb1d4d773897c34e2b5,1404/06/31,11313218.0,13966085.0,2240279.0
d5d20f20215dafb1d4d773897c34e2b5,1404/07/30,13192167.0,16791307.0,2825222.0
d5d20f20215dafb1d4d773897c34e2b5,1404/08/30,15465166.0,19439844.0,2648537.0
d5d20f20215dafb1d4d773897c34e2b5,1404/09/30,17710436.0,22180579.0,2740735.0
d5d20f20215dafb1d4d773897c34e2b5,1404/10/30,19769807.0,24678429.0,2497850.0
d5d20f20215dafb1d4d773897c34e2b5,1404/11/30,21733574.0,27644493.0,2966064.0
d5d20f20215dafb1d4d773897c34e2b5,1404/12/29,23374600.0,29289908.0,1645415.0
d5d20f20215dafb1d4d773897c34e2b5,1405/01/31,2363172.0,1778663.0,1778663.0
d5d20f20215dafb1d4d773897c34e2b5,1405/02/31,5014850.0,5592652.0,3813989.0
d5d20f20215dafb1d4d773897c34e2b5,1405/03/31,0.0,0.0,5079298.0
d5d20f20215dafb1d4d773897c34e2b5,1405/04/31,0.0,0.0,3955908.0
d9386a2d4a04ecbff28884606d66eda3,1400/02/31,290651.0,218590.0,170450.0
d9386a2d4a04ecbff28884606d66eda3,1400/03/31,463134.0,372345.0,153755.0
d9386a2d4a04ecbff28884606d66eda3,1400/04/31,698534.0,566013.0,193668.0
d9386a2d4a04ecbff28884606d66eda3,1400/05/31,816469.0,705561.0,139548.0
d9386a2d4a04ecbff28884606d66eda3,1400/06/31,1068067.0,939342.0,233781.0
d9386a2d4a04ecbff28884606d66eda3,1400/07/30,1342732.0,1155463.0,215121.0
d9386a2d4a04ecbff28884606d66eda3,1400/08/30,1652329.0,1480662.0,287606.0
d9386a2d4a04ecbff28884606d66eda3,1400/09/30,1963830.0,1765286.0,284448.0
d9386a2d4a04ecbff28884606d66eda3,1400/10/30,2322578.0,2114912.0,349802.0
d9386a2d4a04ecbff28884606d66eda3,1400/11/30,287956.0,2522573.0,407661.0
d9386a2d4a04ecbff28884606d66eda3,1400/12/29,2994650.0,3050826.0,528008.0
d9386a2d4a04ecbff28884606d66eda3,1401/01/31,48140.0,40050.0,40050.0
d9386a2d4a04ecbff28884606d66eda3,1401/02/31,218589.0,399862.0,359812.0
d9386a2d4a04ecbff28884606d66eda3,1401/03/31,372351.0,779549.0,379687.0
d9386a2d4a04ecbff28884606d66eda3,1401/04/31,566013.0,1155477.0,375928.0
d9386a2d4a04ecbff28884606d66eda3,1401/05/31,705561.0,1444003.0,288526.0
d9386a2d4a04ecbff28884606d66eda3,1401/06/31,977392.0,1742679.0,298676.0
d9386a2d4a04ecbff28884606d66eda3,1401/07/30,1155463.0,2051012.0,308333.0
d9386a2d4a04ecbff28884606d66eda3,1401/08/30,1480662.0,2465327.0,414315.0
d9386a2d4a04ecbff28884606d66eda3,1401/09/30,1765110.0,2890438.0,425111.0
d9386a2d4a04ecbff28884606d66eda3,1401/10/30,2114912.0,3397333.0,506895.0
d9386a2d4a04ecbff28884606d66eda3,1401/11/30,2522573.0,4008570.0,611237.0
d9386a2d4a04ecbff28884606d66eda3,1401/12/29,3050826.0,4810010.0,801440.0
d9386a2d4a04ecbff28884606d66eda3,1402/01/31,40050.0,110153.0,110153.0
d9386a2d4a04ecbff28884606d66eda3,1402/02/31,399862.0,410174.0,300021.0
d9386a2d4a04ecbff28884606d66eda3,1402/03/31,779549.0,900087.0,489913.0
d9386a2d4a04ecbff28884606d66eda3,1402/04/31,1155477.0,1340290.0,440203.0
d9386a2d4a04ecbff28884606d66eda3,1402/05/31,1444003.0,1770498.0,430208.0
d9386a2d4a04ecbff28884606d66eda3,1402/06/31,1742679.0,2202240.0,431742.0
d9386a2d4a04ecbff28884606d66eda3,1402/07/30,2051012.0,2614421.0,412182.0
d9386a2d4a04ecbff28884606d66eda3,1402/08/30,2465327.0,3218840.0,604419.0
d9386a2d4a04ecbff28884606d66eda3,1402/09/30,2890438.0,3853364.0,634524.0
d9386a2d4a04ecbff28884606d66eda3,1402/10/30,3397333.0,4503698.0,650334.0
d9386a2d4a04ecbff28884606d66eda3,1402/11/30,4008570.0,5118367.0,614193.0
d9386a2d4a04ecbff28884606d66eda3,1402/12/29,4810010.0,5899740.0,801236.0
d9386a2d4a04ecbff28884606d66eda3,1403/01/31,110153.0,35764.0,35764.0
d9386a2d4a04ecbff28884606d66eda3,1403/02/31,410174.0,747622.0,711858.0
d9386a2d4a04ecbff28884606d66eda3,1403/03/31,900087.0,1248468.0,500846.0
d9386a2d4a04ecbff28884606d66eda3,1403/04/31,1340290.0,1748776.0,500308.0
d9386a2d4a04ecbff28884606d66eda3,1403/05/31,1770498.0,2234111.0,485335.0
d9386a2d4a04ecbff28884606d66eda3,1403/06/31,2202240.0,2669561.0,435450.0
d9386a2d4a04ecbff28884606d66eda3,1403/07/30,2614421.0,3572831.0,903270.0
d9386a2d4a04ecbff28884606d66eda3,1403/08/30,3218840.0,4519069.0,946238.0
d9386a2d4a04ecbff28884606d66eda3,1403/09/30,3853364.0,5298580.0,779511.0
d9386a2d4a04ecbff28884606d66eda3,1403/10/30,4503698.0,6125691.0,827111.0
d9386a2d4a04ecbff28884606d66eda3,1403/11/30,5118367.0,7082581.0,956890.0
d9386a2d4a04ecbff28884606d66eda3,1403/12/30,5899740.0,8330501.0,1247920.0
d9386a2d4a04ecbff28884606d66eda3,1404/01/31,35764.0,23426.0,23426.0
d9386a2d4a04ecbff28884606d66eda3,1404/02/31,747622.0,1048388.0,1024962.0
d9386a2d4a04ecbff28884606d66eda3,1404/03/31,1248467.0,1583727.0,535249.0
d9386a2d4a04ecbff28884606d66eda3,1404/04/31,1748776.0,2167068.0,583341.0
d9386a2d4a04ecbff28884606d66eda3,1404/05/31,2234111.0,2761636.0,594568.0
d9386a2d4a04ecbff28884606d66eda3,1404/06/31,2202240.0,3635347.0,873711.0
d9386a2d4a04ecbff28884606d66eda3,1404/07/30,3572831.0,4787134.0,1151787.0
d9386a2d4a04ecbff28884606d66eda3,1404/08/30,4519069.0,5867085.0,1079951.0
d9386a2d4a04ecbff28884606d66eda3,1404/09/30,5298580.0,6990475.0,1123390.0
d9386a2d4a04ecbff28884606d66eda3,1404/10/30,6125691.0,8229648.0,1239173.0
d9386a2d4a04ecbff28884606d66eda3,1404/11/30,0.0,0.0,1443162.0
d9386a2d4a04ecbff28884606d66eda3,1404/12/29,0.0,0.0,1093382.0
d9386a2d4a04ecbff28884606d66eda3,1405/01/31,0.0,0.0,32268.0
d9386a2d4a04ecbff28884606d66eda3,1405/02/31,0.0,0.0,2633550.0
d9386a2d4a04ecbff28884606d66eda3,1405/03/31,0.0,0.0,2063627.0
d94c1c91ade00de4b90a351ebd762517,1399/04/31,96138.0,141172.0,32043.0
d94c1c91ade00de4b90a351ebd762517,1399/05/31,121312.0,174534.0,33362.0
d94c1c91ade00de4b90a351ebd762517,1399/06/31,147859.0,221541.0,47007.0
d94c1c91ade00de4b90a351ebd762517,1399/07/30,173485.0,253178.0,31637.0
d94c1c91ade00de4b90a351ebd762517,1399/08/30,195130.0,290986.0,37808.0
d94c1c91ade00de4b90a351ebd762517,1399/09/30,216962.0,340066.0,49080.0
d94c1c91ade00de4b90a351ebd762517,1399/10/30,239406.0,372559.0,32493.0
d94c1c91ade00de4b90a351ebd762517,1399/11/30,264213.0,420860.0,48301.0
d94c1c91ade00de4b90a351ebd762517,1399/12/30,308001.0,475203.0,54343.0
d94c1c91ade00de4b90a351ebd762517,1400/01/31,7983.0,24336.0,24336.0
d94c1c91ade00de4b90a351ebd762517,1400/02/31,68902.0,78366.0,54030.0
d94c1c91ade00de4b90a351ebd762517,1400/03/31,109129.0,120860.0,42494.0
d94c1c91ade00de4b90a351ebd762517,1400/04/31,141172.0,162637.0,41777.0
d94c1c91ade00de4b90a351ebd762517,1400/05/31,174534.0,210809.0,48172.0
d94c1c91ade00de4b90a351ebd762517,1400/06/31,221541.0,290199.0,79390.0
d94c1c91ade00de4b90a351ebd762517,1400/07/30,253178.0,357870.0,67671.0
d94c1c91ade00de4b90a351ebd762517,1400/08/30,290986.0,419479.0,61609.0
d94c1c91ade00de4b90a351ebd762517,1400/09/30,340066.0,486296.0,66817.0
d94c1c91ade00de4b90a351ebd762517,1400/10/30,372559.0,552638.0,66342.0
d94c1c91ade00de4b90a351ebd762517,1400/11/30,420860.0,620811.0,68173.0
d94c1c91ade00de4b90a351ebd762517,1400/12/29,475203.0,721851.0,101040.0
d94c1c91ade00de4b90a351ebd762517,1401/01/31,24336.0,14540.0,14540.0
d94c1c91ade00de4b90a351ebd762517,1401/02/31,78366.0,88779.0,74239.0
d94c1c91ade00de4b90a351ebd762517,1401/03/31,120860.0,181633.0,92854.0
d94c1c91ade00de4b90a351ebd762517,1401/04/31,162637.0,263999.0,82366.0
d94c1c91ade00de4b90a351ebd762517,1401/05/31,210809.0,339450.0,75451.0
d94c1c91ade00de4b90a351ebd762517,1401/06/31,290199.0,441416.0,101966.0
d94c1c91ade00de4b90a351ebd762517,1401/07/30,357870.0,599514.0,158098.0
d94c1c91ade00de4b90a351ebd762517,1401/08/30,419479.0,792490.0,192976.0
d94c1c91ade00de4b90a351ebd762517,1401/09/30,486296.0,877982.0,171881.0
d94c1c91ade00de4b90a351ebd762517,1401/10/30,552638.0,1001682.0,123700.0
d94c1c91ade00de4b90a351ebd762517,1401/11/30,620811.0,1166397.0,164715.0
d94c1c91ade00de4b90a351ebd762517,1401/12/29,721851.0,1202245.0,98043.0
d94c1c91ade00de4b90a351ebd762517,1402/01/31,14540.0,50501.0,50501.0
d94c1c91ade00de4b90a351ebd762517,1402/02/31,88779.0,161778.0,111277.0
d94c1c91ade00de4b90a351ebd762517,1402/03/31,181633.0,242499.0,80721.0
d94c1c91ade00de4b90a351ebd762517,1402/04/31,263999.0,350376.0,107877.0
d94c1c91ade00de4b90a351ebd762517,1402/05/31,339450.0,461194.0,110818.0
d94c1c91ade00de4b90a351ebd762517,1402/06/31,441416.0,586488.0,125294.0
d94c1c91ade00de4b90a351ebd762517,1402/07/30,599514.0,732110.0,145622.0
d94c1c91ade00de4b90a351ebd762517,1402/08/30,792490.0,879964.0,147854.0
d94c1c91ade00de4b90a351ebd762517,1402/09/30,877982.0,1058838.0,178874.0
d94c1c91ade00de4b90a351ebd762517,1402/10/30,1001682.0,1188195.0,129357.0
d94c1c91ade00de4b90a351ebd762517,1402/11/30,1166397.0,1377942.0,189747.0
d94c1c91ade00de4b90a351ebd762517,1402/12/29,1202245.0,1661276.0,283334.0
d94c1c91ade00de4b90a351ebd762517,1403/01/31,50501.0,77238.0,77238.0
d94c1c91ade00de4b90a351ebd762517,1403/02/31,161778.0,247674.0,170436.0
d94c1c91ade00de4b90a351ebd762517,1403/03/31,242499.0,371827.0,124153.0
d94c1c91ade00de4b90a351ebd762517,1403/04/31,350376.0,507300.0,135473.0
d94c1c91ade00de4b90a351ebd762517,1403/05/31,461194.0,658060.0,150760.0
d94c1c91ade00de4b90a351ebd762517,1403/06/31,586488.0,945710.0,287650.0
d94c1c91ade00de4b90a351ebd762517,1403/07/30,732110.0,1077743.0,132033.0
d94c1c91ade00de4b90a351ebd762517,1403/08/30,879964.0,1255673.0,177930.0
d94c1c91ade00de4b90a351ebd762517,1403/09/30,1058838.0,1502948.0,247275.0
d94c1c91ade00de4b90a351ebd762517,1403/10/30,1188195.0,1608679.0,105731.0
d94c1c91ade00de4b90a351ebd762517,1403/11/30,1377942.0,1789652.0,180973.0
d94c1c91ade00de4b90a351ebd762517,1403/12/30,1661276.0,2150513.0,360861.0
d94c1c91ade00de4b90a351ebd762517,1404/01/31,77238.0,113720.0,113720.0
d94c1c91ade00de4b90a351ebd762517,1404/02/31,247674.0,350810.0,237090.0
d94c1c91ade00de4b90a351ebd762517,1404/03/31,371827.0,557730.0,206920.0
d94c1c91ade00de4b90a351ebd762517,1404/04/31,507300.0,838891.0,281161.0
d94c1c91ade00de4b90a351ebd762517,1404/05/31,658060.0,1081323.0,242432.0
d94c1c91ade00de4b90a351ebd762517,1404/06/31,945710.0,1422710.0,341387.0
d94c1c91ade00de4b90a351ebd762517,1404/07/30,1077743.0,1823238.0,400528.0
d94c1c91ade00de4b90a351ebd762517,1404/08/30,1255673.0,2317819.0,504175.0
d94c1c91ade00de4b90a351ebd762517,1404/09/30,1502948.0,2903901.0,586082.0
d94c1c91ade00de4b90a351ebd762517,1404/10/30,1608679.0,3506833.0,602932.0
d94c1c91ade00de4b90a351ebd762517,1404/11/30,1789652.0,4229613.0,722780.0
d94c1c91ade00de4b90a351ebd762517,1404/12/29,2150513.0,4424540.0,194927.0
d94c1c91ade00de4b90a351ebd762517,1405/01/31,113720.0,240600.0,240600.0
d94c1c91ade00de4b90a351ebd762517,1405/02/31,350810.0,732160.0,491560.0
d94c1c91ade00de4b90a351ebd762517,1405/03/31,0.0,0.0,858000.0
d94c1c91ade00de4b90a351ebd762517,1405/04/31,0.0,0.0,1002502.0
d94c1c91ade00de4b90a351ebd762517,1405/05/31,0.0,0.0,1270139.0
dd5d864e79f2bd6bd432e4b67295eda0,1400/07/30,22907083.0,49906523.0,5180270.0
dd5d864e79f2bd6bd432e4b67295eda0,1400/08/30,23524545.0,53332541.0,5230832.0
dd5d864e79f2bd6bd432e4b67295eda0,1400/09/30,26509989.0,57700971.0,4151330.0
dd5d864e79f2bd6bd432e4b67295eda0,1400/10/30,3633126.0,5838909.0,5838909.0
dd5d864e79f2bd6bd432e4b67295eda0,1400/11/30,7506763.0,11491916.0,5653007.0
dd5d864e79f2bd6bd432e4b67295eda0,1400/12/29,12042147.0,17258787.0,5930516.0
dd5d864e79f2bd6bd432e4b67295eda0,1401/01/31,15709609.0,20532158.0,3273371.0
dd5d864e79f2bd6bd432e4b67295eda0,1401/02/31,20189553.0,28747062.0,8214905.0
dd5d864e79f2bd6bd432e4b67295eda0,1401/03/31,26405609.0,48150665.0,19403602.0
dd5d864e79f2bd6bd432e4b67295eda0,1401/04/31,32401054.0,75231697.0,27081032.0
dd5d864e79f2bd6bd432e4b67295eda0,1401/05/31,37980763.0,87936910.0,12705213.0
dd5d864e79f2bd6bd432e4b67295eda0,1401/06/31,43336260.0,104661515.0,16724605.0
dd5d864e79f2bd6bd432e4b67295eda0,1401/07/30,48487379.0,120184076.0,15522561.0
dd5d864e79f2bd6bd432e4b67295eda0,1401/08/30,53547886.0,136240878.0,16056802.0
dd5d864e79f2bd6bd432e4b67295eda0,1401/09/30,57700971.0,152385340.0,16144462.0
dd5d864e79f2bd6bd432e4b67295eda0,1401/10/30,5764944.0,18433759.0,18433759.0
dd5d864e79f2bd6bd432e4b67295eda0,1401/11/30,11328271.0,36385982.0,17952223.0
dd5d864e79f2bd6bd432e4b67295eda0,1401/12/29,17258787.0,58622289.0,22236307.0
dd5d864e79f2bd6bd432e4b67295eda0,1402/01/31,20532158.0,73207086.0,14584797.0
dd5d864e79f2bd6bd432e4b67295eda0,1402/02/31,28747062.0,88581466.0,15374380.0
dd5d864e79f2bd6bd432e4b67295eda0,1402/03/31,48150665.0,105141260.0,16559793.0
dd5d864e79f2bd6bd432e4b67295eda0,1402/04/31,75231697.0,117699396.0,12558136.0
dd5d864e79f2bd6bd432e4b67295eda0,1402/05/31,87936910.0,129810904.0,12111508.0
dd5d864e79f2bd6bd432e4b67295eda0,1402/06/31,104661515.0,141326570.0,11515670.0
dd5d864e79f2bd6bd432e4b67295eda0,1402/07/30,120184076.0,157371699.0,16045129.0
dd5d864e79f2bd6bd432e4b67295eda0,1402/08/30,136240878.0,172952187.0,15580488.0
dd5d864e79f2bd6bd432e4b67295eda0,1402/09/30,152385340.0,187469548.0,14517361.0
dd5d864e79f2bd6bd432e4b67295eda0,1402/10/30,18433759.0,13146156.0,13146156.0
dd5d864e79f2bd6bd432e4b67295eda0,1402/11/30,36385982.0,30036420.0,16890264.0
dd5d864e79f2bd6bd432e4b67295eda0,1402/12/29,58622289.0,52652916.0,22616496.0
dd5d864e79f2bd6bd432e4b67295eda0,1403/01/31,73207086.0,65091881.0,12438965.0
dd5d864e79f2bd6bd432e4b67295eda0,1403/02/31,88581466.0,79486722.0,14394841.0
dd5d864e79f2bd6bd432e4b67295eda0,1403/03/31,105141260.0,92145379.0,12658657.0
dd5d864e79f2bd6bd432e4b67295eda0,1403/04/31,12558136.0,104699443.0,12554064.0
dd5d864e79f2bd6bd432e4b67295eda0,1403/05/31,12111508.0,123273778.0,18574335.0
dd5d864e79f2bd6bd432e4b67295eda0,1403/06/31,141326570.0,137863343.0,14589565.0
dd5d864e79f2bd6bd432e4b67295eda0,1403/07/30,157371699.0,156723882.0,18860539.0
dd5d864e79f2bd6bd432e4b67295eda0,1403/08/30,15580488.0,173796332.0,17072450.0
dd5d864e79f2bd6bd432e4b67295eda0,1403/09/30,187469548.0,189714542.0,15918210.0
dd5d864e79f2bd6bd432e4b67295eda0,1403/10/30,13146156.0,15537700.0,15537700.0
dd5d864e79f2bd6bd432e4b67295eda0,1403/11/30,30036420.0,40182381.0,24644681.0
dd5d864e79f2bd6bd432e4b67295eda0,1403/12/30,52652916.0,65060624.0,24878243.0
dd5d864e79f2bd6bd432e4b67295eda0,1404/01/31,65091881.0,82310721.0,17250097.0
dd5d864e79f2bd6bd432e4b67295eda0,1404/02/31,79486722.0,102934154.0,20623434.0
dd5d864e79f2bd6bd432e4b67295eda0,1404/03/31,92145379.0,118533845.0,15471133.0
dd5d864e79f2bd6bd432e4b67295eda0,1404/04/31,104699443.0,151155748.0,32621903.0
dd5d864e79f2bd6bd432e4b67295eda0,1404/05/31,123273778.0,184961581.0,33427989.0
dd5d864e79f2bd6bd432e4b67295eda0,1404/06/31,137863343.0,217516167.0,32932722.0
dd5d864e79f2bd6bd432e4b67295eda0,1404/07/30,156723882.0,249978342.0,32462175.0
dd5d864e79f2bd6bd432e4b67295eda0,1404/08/30,173796332.0,276703330.0,26724988.0
dd5d864e79f2bd6bd432e4b67295eda0,1404/09/30,189714542.0,293945097.0,17241767.0
dd5d864e79f2bd6bd432e4b67295eda0,1404/10/30,15537700.0,35080923.0,35080923.0
dd5d864e79f2bd6bd432e4b67295eda0,1404/11/30,40182381.0,104808194.0,69727271.0
dd5d864e79f2bd6bd432e4b67295eda0,1404/12/29,65060624.0,165853603.0,61045409.0
dd5d864e79f2bd6bd432e4b67295eda0,1405/01/31,82310721.0,215213947.0,49360344.0
dd5d864e79f2bd6bd432e4b67295eda0,1405/02/31,102934154.0,326853139.0,111639192.0
dd5d864e79f2bd6bd432e4b67295eda0,1405/03/31,0.0,0.0,114568160.0
dd5d864e79f2bd6bd432e4b67295eda0,1405/04/31,0.0,0.0,105345915.0
dd5d864e79f2bd6bd432e4b67295eda0,1405/05/31,0.0,0.0,91593063.0
dec2e66cbc6ff178a8ee0240a9fc017e,1399/09/30,739637.0,1216832.0,205941.0
dec2e66cbc6ff178a8ee0240a9fc017e,1399/10/30,852400.0,1381945.0,165113.0
dec2e66cbc6ff178a8ee0240a9fc017e,1399/11/30,939250.0,1567661.0,154412.0
dec2e66cbc6ff178a8ee0240a9fc017e,1399/12/30,1079437.0,1740478.0,209073.0
dec2e66cbc6ff178a8ee0240a9fc017e,1400/01/31,32534.0,96429.0,96429.0
dec2e66cbc6ff178a8ee0240a9fc017e,1400/02/31,128411.0,215971.0,119510.0
dec2e66cbc6ff178a8ee0240a9fc017e,1400/03/31,166333.0,375734.0,159763.0
dec2e66cbc6ff178a8ee0240a9fc017e,1400/04/31,406811.0,549346.0,173464.0
dec2e66cbc6ff178a8ee0240a9fc017e,1400/05/31,512696.0,770807.0,221620.0
dec2e66cbc6ff178a8ee0240a9fc017e,1400/06/31,168568.0,1028969.0,258161.0
dec2e66cbc6ff178a8ee0240a9fc017e,1400/07/30,835349.0,1269426.0,240457.0
dec2e66cbc6ff178a8ee0240a9fc017e,1400/08/30,987267.0,1559482.0,290056.0
dec2e66cbc6ff178a8ee0240a9fc017e,1400/09/30,1190570.0,1869504.0,310022.0
dec2e66cbc6ff178a8ee0240a9fc017e,1400/10/30,1373660.0,2121889.0,252385.0
dec2e66cbc6ff178a8ee0240a9fc017e,1400/11/30,1523116.0,2284807.0,162918.0
dec2e66cbc6ff178a8ee0240a9fc017e,1400/12/29,1725439.0,2393139.0,108330.0
dec2e66cbc6ff178a8ee0240a9fc017e,1401/01/31,96609.0,222675.0,222675.0
dec2e66cbc6ff178a8ee0240a9fc017e,1401/02/31,215971.0,650596.0,427921.0
dec2e66cbc6ff178a8ee0240a9fc017e,1401/03/31,375886.0,1009922.0,359326.0
dec2e66cbc6ff178a8ee0240a9fc017e,1401/04/31,549346.0,1313167.0,303245.0
dec2e66cbc6ff178a8ee0240a9fc017e,1401/05/31,770966.0,1676014.0,362847.0
dec2e66cbc6ff178a8ee0240a9fc017e,1401/06/31,1028969.0,2056594.0,380580.0
dec2e66cbc6ff178a8ee0240a9fc017e,1401/07/30,1269426.0,2517371.0,460777.0
dec2e66cbc6ff178a8ee0240a9fc017e,1401/08/30,1559482.0,3056227.0,538856.0
dec2e66cbc6ff178a8ee0240a9fc017e,1401/09/30,1869504.0,3494750.0,438523.0
dec2e66cbc6ff178a8ee0240a9fc017e,1401/10/30,2121889.0,3910188.0,415438.0
dec2e66cbc6ff178a8ee0240a9fc017e,1401/11/30,2284807.0,4427614.0,517426.0
dec2e66cbc6ff178a8ee0240a9fc017e,1401/12/29,2393139.0,4939854.0,512240.0
dec2e66cbc6ff178a8ee0240a9fc017e,1402/01/31,222675.0,515535.0,515535.0
dec2e66cbc6ff178a8ee0240a9fc017e,1402/02/31,650596.0,1414822.0,899287.0
dec2e66cbc6ff178a8ee0240a9fc017e,1402/03/31,1009921.0,2060284.0,645462.0
dec2e66cbc6ff178a8ee0240a9fc017e,1402/04/31,1313167.0,2661993.0,601709.0
dec2e66cbc6ff178a8ee0240a9fc017e,1402/05/31,1676014.0,3459711.0,797718.0
dec2e66cbc6ff178a8ee0240a9fc017e,1402/06/31,2056594.0,4122333.0,662796.0
dec2e66cbc6ff178a8ee0240a9fc017e,1402/07/30,2520059.0,4968805.0,846472.0
dec2e66cbc6ff178a8ee0240a9fc017e,1402/08/30,3056227.0,5857884.0,889079.0
dec2e66cbc6ff178a8ee0240a9fc017e,1402/09/30,3494751.0,6701631.0,846827.0
dec2e66cbc6ff178a8ee0240a9fc017e,1402/10/30,3910189.0,7527849.0,826218.0
dec2e66cbc6ff178a8ee0240a9fc017e,1402/11/30,4427615.0,8274152.0,746303.0
dec2e66cbc6ff178a8ee0240a9fc017e,1402/12/29,4939854.0,9030323.0,756171.0
dec2e66cbc6ff178a8ee0240a9fc017e,1403/01/31,515535.0,442981.0,442981.0
dec2e66cbc6ff178a8ee0240a9fc017e,1403/02/31,1414822.0,1010554.0,567573.0
dec2e66cbc6ff178a8ee0240a9fc017e,1403/03/31,2060285.0,2103512.0,1092958.0
dec2e66cbc6ff178a8ee0240a9fc017e,1403/04/31,2661993.0,2840209.0,736638.0
dec2e66cbc6ff178a8ee0240a9fc017e,1403/05/31,3459537.0,3772377.0,935600.0
dec2e66cbc6ff178a8ee0240a9fc017e,1403/06/31,4122333.0,4580168.0,804358.0
dec2e66cbc6ff178a8ee0240a9fc017e,1403/07/30,4968805.0,5639812.0,1059644.0
dec2e66cbc6ff178a8ee0240a9fc017e,1403/08/30,5854804.0,7035805.0,1395993.0
dec2e66cbc6ff178a8ee0240a9fc017e,1403/09/30,6701631.0,7843563.0,807758.0
dec2e66cbc6ff178a8ee0240a9fc017e,1403/10/30,7527848.0,9067846.0,1224283.0
dec2e66cbc6ff178a8ee0240a9fc017e,1403/11/30,8274151.0,10370048.0,1302202.0
dec2e66cbc6ff178a8ee0240a9fc017e,1403/12/30,9030323.0,11497373.0,1127325.0
dec2e66cbc6ff178a8ee0240a9fc017e,1404/01/31,442981.0,645686.0,645686.0
dec2e66cbc6ff178a8ee0240a9fc017e,1404/02/31,1010554.0,1870743.0,1225057.0
dec2e66cbc6ff178a8ee0240a9fc017e,1404/03/31,2103570.0,2999577.0,1128834.0
dec2e66cbc6ff178a8ee0240a9fc017e,1404/04/31,2840209.0,4030129.0,1030552.0
dec2e66cbc6ff178a8ee0240a9fc017e,1404/05/31,3775808.0,5513433.0,1483304.0
dec2e66cbc6ff178a8ee0240a9fc017e,1404/06/31,4580168.0,7135228.0,1621795.0
dec2e66cbc6ff178a8ee0240a9fc017e,1404/07/30,5639811.0,9281770.0,2146542.0
dec2e66cbc6ff178a8ee0240a9fc017e,1404/08/30,7035805.0,10827903.0,1546132.0
dec2e66cbc6ff178a8ee0240a9fc017e,1404/09/30,7843563.0,13455020.0,2627117.0
dec2e66cbc6ff178a8ee0240a9fc017e,1404/10/30,9067847.0,14947892.0,1492871.0
dec2e66cbc6ff178a8ee0240a9fc017e,1404/12/29,11497373.0,17724575.0,1073514.0
dec2e66cbc6ff178a8ee0240a9fc017e,1405/01/31,645686.0,1036898.0,1036898.0
dec2e66cbc6ff178a8ee0240a9fc017e,1405/02/31,1870743.0,4701680.0,3664782.0
dec2e66cbc6ff178a8ee0240a9fc017e,1405/03/31,0.0,0.0,1727565.0
dec2e66cbc6ff178a8ee0240a9fc017e,1405/04/31,0.0,0.0,2621578.0
dfe07aa2c9a5a27265431f60ae868b8c,1399/03/31,1977083.0,2803821.0,1338131.0
dfe07aa2c9a5a27265431f60ae868b8c,1399/04/31,2885398.0,4387254.0,1583506.0
dfe07aa2c9a5a27265431f60ae868b8c,1399/05/31,3823429.0,5616299.0,1229090.0
dfe07aa2c9a5a27265431f60ae868b8c,1399/06/31,4695567.0,7015403.0,1399131.0
dfe07aa2c9a5a27265431f60ae868b8c,1399/07/30,5496578.0,9237890.0,2222375.0
dfe07aa2c9a5a27265431f60ae868b8c,1399/08/30,6421546.0,10416308.0,1178418.0
dfe07aa2c9a5a27265431f60ae868b8c,1399/09/30,7544038.0,11786378.0,1370232.0
dfe07aa2c9a5a27265431f60ae868b8c,1399/10/30,8449006.0,12857718.0,1071336.0
dfe07aa2c9a5a27265431f60ae868b8c,1399/11/30,9379485.0,14016743.0,1158979.0
dfe07aa2c9a5a27265431f60ae868b8c,1399/12/30,10042830.0,15856599.0,1839810.0
dfe07aa2c9a5a27265431f60ae868b8c,1400/01/31,172074.0,1046147.0,1046147.0
dfe07aa2c9a5a27265431f60ae868b8c,1400/02/31,1465727.0,2602913.0,1556696.0
dfe07aa2c9a5a27265431f60ae868b8c,1400/03/31,2803821.0,4584453.0,1981683.0
dfe07aa2c9a5a27265431f60ae868b8c,1400/04/31,4387254.0,6960800.0,2376347.0
dfe07aa2c9a5a27265431f60ae868b8c,1400/05/31,5616298.0,9300071.0,2339363.0
dfe07aa2c9a5a27265431f60ae868b8c,1400/06/31,7015403.0,11281670.0,1981599.0
dfe07aa2c9a5a27265431f60ae868b8c,1400/07/30,9237889.0,13518242.0,2235244.0
dfe07aa2c9a5a27265431f60ae868b8c,1400/08/30,10416308.0,16406166.0,2887919.0
dfe07aa2c9a5a27265431f60ae868b8c,1400/09/30,11786377.0,20125973.0,3719807.0
dfe07aa2c9a5a27265431f60ae868b8c,1400/10/30,12857717.0,22848318.0,2721555.0
dfe07aa2c9a5a27265431f60ae868b8c,1400/11/30,14016742.0,25442663.0,2594360.0
dfe07aa2c9a5a27265431f60ae868b8c,1400/12/29,16051179.0,29604052.0,4161400.0
dfe07aa2c9a5a27265431f60ae868b8c,1401/01/31,1046148.0,961645.0,961645.0
dfe07aa2c9a5a27265431f60ae868b8c,1401/02/31,2602913.0,3447821.0,2585724.0
dfe07aa2c9a5a27265431f60ae868b8c,1401/03/31,4584454.0,6565990.0,3122617.0
dfe07aa2c9a5a27265431f60ae868b8c,1401/04/31,6960801.0,9600703.0,3036166.0
dfe07aa2c9a5a27265431f60ae868b8c,1401/05/31,9299640.0,12123424.0,2521026.0
dfe07aa2c9a5a27265431f60ae868b8c,1401/06/31,11283007.0,15656938.0,3533514.0
dfe07aa2c9a5a27265431f60ae868b8c,1401/07/30,13518242.0,18215390.0,2558451.0
dfe07aa2c9a5a27265431f60ae868b8c,1401/08/30,16406166.0,21353263.0,3137873.0
dfe07aa2c9a5a27265431f60ae868b8c,1401/09/30,20126762.0,24152251.0,2798988.0
dfe07aa2c9a5a27265431f60ae868b8c,1401/10/30,22848318.0,26892183.0,2739932.0
dfe07aa2c9a5a27265431f60ae868b8c,1401/11/30,25442663.0,30264859.0,3372675.0
dfe07aa2c9a5a27265431f60ae868b8c,1401/12/29,29604052.0,34809329.0,4544469.0
dfe07aa2c9a5a27265431f60ae868b8c,1402/01/31,961645.0,1385307.0,1385307.0
dfe07aa2c9a5a27265431f60ae868b8c,1402/02/31,3447821.0,4327232.0,2941925.0
dfe07aa2c9a5a27265431f60ae868b8c,1402/03/31,6565990.0,7439208.0,3111976.0
dfe07aa2c9a5a27265431f60ae868b8c,1402/04/31,9600703.0,10747838.0,3308630.0
dfe07aa2c9a5a27265431f60ae868b8c,1402/05/31,12123424.0,14000580.0,3252742.0
dfe07aa2c9a5a27265431f60ae868b8c,1402/06/31,15656938.0,17365592.0,3365012.0
dfe07aa2c9a5a27265431f60ae868b8c,1402/07/30,18215390.0,21240667.0,3875076.0
dfe07aa2c9a5a27265431f60ae868b8c,1402/08/30,21353263.0,25713484.0,4472817.0
dfe07aa2c9a5a27265431f60ae868b8c,1402/09/30,24152251.0,30323324.0,4609840.0
dfe07aa2c9a5a27265431f60ae868b8c,1402/10/30,26892183.0,34691394.0,4368070.0
dfe07aa2c9a5a27265431f60ae868b8c,1402/11/30,30264859.0,39260625.0,4569231.0
dfe07aa2c9a5a27265431f60ae868b8c,1402/12/29,34809329.0,44592864.0,5332239.0
dfe07aa2c9a5a27265431f60ae868b8c,1403/01/31,1385307.0,1659107.0,1659107.0
dfe07aa2c9a5a27265431f60ae868b8c,1403/02/31,4329511.0,5508479.0,3849372.0
dfe07aa2c9a5a27265431f60ae868b8c,1403/03/31,7439208.0,9396960.0,3888481.0
dfe07aa2c9a5a27265431f60ae868b8c,1403/04/31,10747838.0,13211413.0,3814453.0
dfe07aa2c9a5a27265431f60ae868b8c,1403/05/31,14000580.0,16885269.0,3839410.0
dfe07aa2c9a5a27265431f60ae868b8c,1403/06/31,17365592.0,19792463.0,2907194.0
dfe07aa2c9a5a27265431f60ae868b8c,1403/07/30,21240667.0,24484794.0,4692331.0
dfe07aa2c9a5a27265431f60ae868b8c,1403/08/30,25713484.0,28207189.0,3722395.0
dfe07aa2c9a5a27265431f60ae868b8c,1403/09/30,30323324.0,31336492.0,3129303.0
dfe07aa2c9a5a27265431f60ae868b8c,1403/10/30,34691394.0,35336898.0,4000406.0
dfe07aa2c9a5a27265431f60ae868b8c,1403/11/30,39260625.0,39294618.0,3957720.0
dfe07aa2c9a5a27265431f60ae868b8c,1403/12/30,43421544.0,43050871.0,3756253.0
dfe07aa2c9a5a27265431f60ae868b8c,1404/01/31,1659107.0,1137223.0,1137223.0
dfe07aa2c9a5a27265431f60ae868b8c,1404/02/31,5508479.0,4034167.0,2896944.0
dfe07aa2c9a5a27265431f60ae868b8c,1404/03/31,9396960.0,7018399.0,2984232.0
dfe07aa2c9a5a27265431f60ae868b8c,1404/04/31,13211413.0,9207118.0,2188719.0
dfe07aa2c9a5a27265431f60ae868b8c,1404/05/31,16885269.0,12345562.0,3138444.0
dfe07aa2c9a5a27265431f60ae868b8c,1404/06/31,19792463.0,16176756.0,3831194.0
dfe07aa2c9a5a27265431f60ae868b8c,1404/07/30,24484794.0,20896215.0,4719459.0
dfe07aa2c9a5a27265431f60ae868b8c,1404/08/30,28207189.0,25661854.0,4765639.0
dfe07aa2c9a5a27265431f60ae868b8c,1404/09/30,31336492.0,31181057.0,5519204.0
dfe07aa2c9a5a27265431f60ae868b8c,1404/10/30,35336898.0,36281682.0,5100625.0
dfe07aa2c9a5a27265431f60ae868b8c,1404/11/30,0.0,0.0,5519914.0
dfe07aa2c9a5a27265431f60ae868b8c,1404/12/29,0.0,0.0,5664272.0
dfe07aa2c9a5a27265431f60ae868b8c,1405/01/31,0.0,0.0,2413364.0
dfe07aa2c9a5a27265431f60ae868b8c,1405/02/31,0.0,0.0,6859972.0
dfe07aa2c9a5a27265431f60ae868b8c,1405/03/31,0.0,0.0,4426768.0
dfe07aa2c9a5a27265431f60ae868b8c,1405/04/31,0.0,0.0,5564233.0
e4f51cddab83abe24e70280c9f7240b3,1399/10/30,0.0,0.0,28484.0
e4f51cddab83abe24e70280c9f7240b3,1399/11/30,0.0,0.0,72279.0
e4f51cddab83abe24e70280c9f7240b3,1399/12/30,0.0,0.0,99312.0
e4f51cddab83abe24e70280c9f7240b3,1400/01/31,0.0,0.0,32378.0
e4f51cddab83abe24e70280c9f7240b3,1400/02/31,0.0,0.0,6651.0
e4f51cddab83abe24e70280c9f7240b3,1400/03/31,0.0,0.0,8125.0
e4f51cddab83abe24e70280c9f7240b3,1400/04/31,0.0,0.0,86095.0
e4f51cddab83abe24e70280c9f7240b3,1400/05/31,0.0,0.0,0.0
e4f51cddab83abe24e70280c9f7240b3,1400/06/31,0.0,0.0,1053.0
e4f51cddab83abe24e70280c9f7240b3,1400/07/30,0.0,0.0,204179.0
e4f51cddab83abe24e70280c9f7240b3,1400/08/30,0.0,0.0,351567.0
e4f51cddab83abe24e70280c9f7240b3,1400/09/30,0.0,0.0,498250.0
e4f51cddab83abe24e70280c9f7240b3,1400/10/30,0.0,0.0,326950.0
e4f51cddab83abe24e70280c9f7240b3,1400/11/30,0.0,0.0,407747.0
e4f51cddab83abe24e70280c9f7240b3,1400/12/29,0.0,0.0,228494.0
e4f51cddab83abe24e70280c9f7240b3,1401/01/31,0.0,0.0,479398.0
e4f51cddab83abe24e70280c9f7240b3,1401/02/31,0.0,0.0,297892.0
e4f51cddab83abe24e70280c9f7240b3,1401/03/31,0.0,0.0,117756.0
e4f51cddab83abe24e70280c9f7240b3,1401/04/31,0.0,0.0,44764.0
e4f51cddab83abe24e70280c9f7240b3,1401/05/31,0.0,0.0,9997.0
e4f51cddab83abe24e70280c9f7240b3,1401/06/31,0.0,0.0,45991.0
e4f51cddab83abe24e70280c9f7240b3,1401/07/30,0.0,0.0,24538.0
e4f51cddab83abe24e70280c9f7240b3,1401/08/30,0.0,0.0,32164.0
e4f51cddab83abe24e70280c9f7240b3,1401/09/30,0.0,0.0,31613.0
e4f51cddab83abe24e70280c9f7240b3,1401/10/30,0.0,0.0,2408.0
e4f51cddab83abe24e70280c9f7240b3,1401/11/30,0.0,0.0,39209.0
e4f51cddab83abe24e70280c9f7240b3,1401/12/29,0.0,0.0,142911.0
e4f51cddab83abe24e70280c9f7240b3,1402/01/31,0.0,0.0,49490.0
e4f51cddab83abe24e70280c9f7240b3,1402/02/31,0.0,0.0,252299.0
e4f51cddab83abe24e70280c9f7240b3,1402/03/31,0.0,0.0,1830046.0
e4f51cddab83abe24e70280c9f7240b3,1402/04/31,0.0,0.0,2123270.0
e4f51cddab83abe24e70280c9f7240b3,1402/05/31,0.0,0.0,53804.0
e4f51cddab83abe24e70280c9f7240b3,1402/06/31,0.0,0.0,191313.0
e4f51cddab83abe24e70280c9f7240b3,1402/07/30,0.0,0.0,1045415.0
e4f51cddab83abe24e70280c9f7240b3,1402/08/30,0.0,0.0,908451.0
e4f51cddab83abe24e70280c9f7240b3,1402/09/30,0.0,0.0,24282.0
e4f51cddab83abe24e70280c9f7240b3,1402/10/30,0.0,0.0,123554.0
e4f51cddab83abe24e70280c9f7240b3,1402/11/30,0.0,0.0,43490.0
e4f51cddab83abe24e70280c9f7240b3,1402/12/29,0.0,0.0,118239.0
e4f51cddab83abe24e70280c9f7240b3,1403/01/31,0.0,0.0,0.0
e4f51cddab83abe24e70280c9f7240b3,1403/02/31,0.0,0.0,52096.0
e4f51cddab83abe24e70280c9f7240b3,1403/03/31,0.0,0.0,701209.0
e4f51cddab83abe24e70280c9f7240b3,1403/04/31,0.0,0.0,2290496.0
e4f51cddab83abe24e70280c9f7240b3,1403/05/31,0.0,0.0,9885.0
e4f51cddab83abe24e70280c9f7240b3,1403/06/31,0.0,0.0,2290.0
e4f51cddab83abe24e70280c9f7240b3,1403/07/30,0.0,0.0,1101564.0
e4f51cddab83abe24e70280c9f7240b3,1403/08/30,0.0,0.0,694854.0
e4f51cddab83abe24e70280c9f7240b3,1403/09/30,0.0,0.0,234305.0
e4f51cddab83abe24e70280c9f7240b3,1403/10/30,0.0,0.0,705853.0
e4f51cddab83abe24e70280c9f7240b3,1403/11/30,0.0,0.0,1436479.0
e4f51cddab83abe24e70280c9f7240b3,1403/12/30,0.0,0.0,1187487.0
e4f51cddab83abe24e70280c9f7240b3,1404/01/31,0.0,0.0,166914.0
e4f51cddab83abe24e70280c9f7240b3,1404/02/31,0.0,0.0,359199.0
e4f51cddab83abe24e70280c9f7240b3,1404/03/31,0.0,0.0,1425191.0
e4f51cddab83abe24e70280c9f7240b3,1404/04/31,0.0,0.0,2780915.0
e4f51cddab83abe24e70280c9f7240b3,1404/05/31,0.0,0.0,851723.0
e4f51cddab83abe24e70280c9f7240b3,1404/06/31,0.0,0.0,2193566.0
e4f51cddab83abe24e70280c9f7240b3,1404/07/30,0.0,0.0,2712963.0
e4f51cddab83abe24e70280c9f7240b3,1404/08/30,0.0,0.0,1508596.0
e4f51cddab83abe24e70280c9f7240b3,1404/09/30,0.0,0.0,2368439.0
e4f51cddab83abe24e70280c9f7240b3,1404/10/30,0.0,0.0,5323456.0
e4f51cddab83abe24e70280c9f7240b3,1404/11/30,0.0,0.0,74332.0
e4f51cddab83abe24e70280c9f7240b3,1404/12/29,0.0,0.0,177812.0
e4f51cddab83abe24e70280c9f7240b3,1405/01/31,0.0,0.0,102712.0
e4f51cddab83abe24e70280c9f7240b3,1405/02/31,0.0,0.0,2702204.0
e4f51cddab83abe24e70280c9f7240b3,1405/03/31,0.0,0.0,2820684.0
e4f51cddab83abe24e70280c9f7240b3,1405/04/31,0.0,0.0,4370576.0
e60b29bf5ce7f167ddc4039487210d2f,1399/07/30,440244.0,440244.0,440244.0
e60b29bf5ce7f167ddc4039487210d2f,1399/08/30,36243.0,844019.0,403775.0
e60b29bf5ce7f167ddc4039487210d2f,1399/09/30,742045.0,1219483.0,375464.0
e60b29bf5ce7f167ddc4039487210d2f,1399/10/30,952961.0,1539155.0,319672.0
e60b29bf5ce7f167ddc4039487210d2f,1399/11/30,1242293.0,1863707.0,324552.0
e60b29bf5ce7f167ddc4039487210d2f,1399/12/30,1556978.0,2370198.0,506491.0
e60b29bf5ce7f167ddc4039487210d2f,1400/01/31,1748661.0,2857605.0,487407.0
e60b29bf5ce7f167ddc4039487210d2f,1400/02/31,2065259.0,3471739.0,614134.0
e60b29bf5ce7f167ddc4039487210d2f,1400/03/31,2414787.0,4209298.0,737559.0
e60b29bf5ce7f167ddc4039487210d2f,1400/04/31,2786646.0,4658720.0,449422.0
e60b29bf5ce7f167ddc4039487210d2f,1400/05/31,3088300.0,5113560.0,454840.0
e60b29bf5ce7f167ddc4039487210d2f,1400/06/31,3433336.0,6004954.0,891394.0
e60b29bf5ce7f167ddc4039487210d2f,1400/07/30,440244.0,666758.0,666758.0
e60b29bf5ce7f167ddc4039487210d2f,1400/08/30,844019.0,1279702.0,612944.0
e60b29bf5ce7f167ddc4039487210d2f,1400/09/30,1219483.0,1892744.0,612940.0
e60b29bf5ce7f167ddc4039487210d2f,1400/10/30,1539155.0,2341896.0,449152.0
e60b29bf5ce7f167ddc4039487210d2f,1400/11/30,1863707.0,2755680.0,413784.0
e60b29bf5ce7f167ddc4039487210d2f,1400/12/29,2370125.0,3424743.0,669063.0
e60b29bf5ce7f167ddc4039487210d2f,1401/01/31,2857605.0,3959379.0,534636.0
e60b29bf5ce7f167ddc4039487210d2f,1401/02/31,3471739.0,4594738.0,635359.0
e60b29bf5ce7f167ddc4039487210d2f,1401/03/31,4209298.0,5238548.0,643810.0
e60b29bf5ce7f167ddc4039487210d2f,1401/04/31,4658720.0,5967211.0,728663.0
e60b29bf5ce7f167ddc4039487210d2f,1401/05/31,5113560.0,6762422.0,795211.0
e60b29bf5ce7f167ddc4039487210d2f,1401/06/31,5757814.0,7182656.0,798773.0
e60b29bf5ce7f167ddc4039487210d2f,1401/07/30,666758.0,761646.0,761646.0
e60b29bf5ce7f167ddc4039487210d2f,1401/08/30,1279702.0,1534261.0,772615.0
e60b29bf5ce7f167ddc4039487210d2f,1401/09/30,1762820.0,2297475.0,763214.0
e60b29bf5ce7f167ddc4039487210d2f,1401/10/30,2197535.0,2866974.0,569499.0
e60b29bf5ce7f167ddc4039487210d2f,1401/11/30,2597058.0,3441936.0,574962.0
e60b29bf5ce7f167ddc4039487210d2f,1401/12/29,3232505.0,4359899.0,917963.0
e60b29bf5ce7f167ddc4039487210d2f,1402/01/31,3727070.0,5172398.0,812499.0
e60b29bf5ce7f167ddc4039487210d2f,1402/02/31,4313287.0,5985579.0,813181.0
e60b29bf5ce7f167ddc4039487210d2f,1402/03/31,4925906.0,6770062.0,784482.0
e60b29bf5ce7f167ddc4039487210d2f,1402/04/31,5625738.0,7769560.0,999498.0
e60b29bf5ce7f167ddc4039487210d2f,1402/05/31,6383887.0,8826354.0,1056794.0
e60b29bf5ce7f167ddc4039487210d2f,1402/06/31,7182656.0,9925678.0,1099324.0
e60b29bf5ce7f167ddc4039487210d2f,1402/07/30,761647.0,1186576.0,1186576.0
e60b29bf5ce7f167ddc4039487210d2f,1402/08/30,1534261.0,2560057.0,1373481.0
e60b29bf5ce7f167ddc4039487210d2f,1402/09/30,2297474.0,3801902.0,1241845.0
e60b29bf5ce7f167ddc4039487210d2f,1402/10/30,2866974.0,5058222.0,1256320.0
e60b29bf5ce7f167ddc4039487210d2f,1402/11/30,3441937.0,6000152.0,941930.0
e60b29bf5ce7f167ddc4039487210d2f,1402/12/29,4359898.0,7004214.0,1004062.0
e60b29bf5ce7f167ddc4039487210d2f,1403/01/31,5172398.0,7955658.0,951444.0
e60b29bf5ce7f167ddc4039487210d2f,1403/02/31,5985578.0,9091937.0,1136279.0
e60b29bf5ce7f167ddc4039487210d2f,1403/03/31,6770060.0,10302376.0,1210439.0
e60b29bf5ce7f167ddc4039487210d2f,1403/04/31,7769558.0,11243027.0,940651.0
e60b29bf5ce7f167ddc4039487210d2f,1403/05/31,8826354.0,12284816.0,1041789.0
e60b29bf5ce7f167ddc4039487210d2f,1403/06/31,9925678.0,13373132.0,1088316.0
e60b29bf5ce7f167ddc4039487210d2f,1403/07/30,1186576.0,1584649.0,1584649.0
e60b29bf5ce7f167ddc4039487210d2f,1403/08/30,2560057.0,3112230.0,1527581.0
e60b29bf5ce7f167ddc4039487210d2f,1403/09/30,3801902.0,4412439.0,1300209.0
e60b29bf5ce7f167ddc4039487210d2f,1403/10/30,5058222.0,5892991.0,1480552.0
e60b29bf5ce7f167ddc4039487210d2f,1403/11/30,6000152.0,7341161.0,1448170.0
e60b29bf5ce7f167ddc4039487210d2f,1403/12/30,7004214.0,9053523.0,1712362.0
e60b29bf5ce7f167ddc4039487210d2f,1404/01/31,7955659.0,10455256.0,1401733.0
e60b29bf5ce7f167ddc4039487210d2f,1404/02/31,9091937.0,12254230.0,1798974.0
e60b29bf5ce7f167ddc4039487210d2f,1404/03/31,10302378.0,15326505.0,3072275.0
e60b29bf5ce7f167ddc4039487210d2f,1404/04/31,11243029.0,17787135.0,2460630.0
e60b29bf5ce7f167ddc4039487210d2f,1404/05/31,12284818.0,19524476.0,1737341.0
e60b29bf5ce7f167ddc4039487210d2f,1404/06/31,13373132.0,21701736.0,2177260.0
e60b29bf5ce7f167ddc4039487210d2f,1404/07/30,1584649.0,3127455.0,3127455.0
e60b29bf5ce7f167ddc4039487210d2f,1404/08/30,3112230.0,6191200.0,3063745.0
e60b29bf5ce7f167ddc4039487210d2f,1404/09/30,4412439.0,8952678.0,2761478.0
e60b29bf5ce7f167ddc4039487210d2f,1404/10/30,5892991.0,11061591.0,2108913.0
e60b29bf5ce7f167ddc4039487210d2f,1404/11/30,7342039.0,13804741.0,2743150.0
e60b29bf5ce7f167ddc4039487210d2f,1404/12/29,9053523.0,16711976.0,2907235.0
e60b29bf5ce7f167ddc4039487210d2f,1405/01/31,10455256.0,19408918.0,2696942.0
e60b29bf5ce7f167ddc4039487210d2f,1405/02/31,12254230.0,23531904.0,4344574.0
e60b29bf5ce7f167ddc4039487210d2f,1405/03/31,0.0,0.0,4176002.0
e60b29bf5ce7f167ddc4039487210d2f,1405/04/31,0.0,0.0,4132901.0
e62877018de8682af3ad516f752ad9bb,1399/09/30,821152.0,96098.0,725054.0
e62877018de8682af3ad516f752ad9bb,1399/10/30,36598.0,36598.0,36598.0
e62877018de8682af3ad516f752ad9bb,1399/11/30,27165.0,65995.0,29397.0
e62877018de8682af3ad516f752ad9bb,1399/12/30,58153.0,108232.0,42237.0
e62877018de8682af3ad516f752ad9bb,1400/01/31,90691.0,133112.0,24880.0
e62877018de8682af3ad516f752ad9bb,1400/02/31,163474.0,156234.0,23122.0
e62877018de8682af3ad516f752ad9bb,1400/03/31,234675.0,285090.0,128856.0
e62877018de8682af3ad516f752ad9bb,1400/04/31,308067.0,338461.0,53371.0
e62877018de8682af3ad516f752ad9bb,1400/05/31,86781.0,379130.0,40669.0
e62877018de8682af3ad516f752ad9bb,1400/06/31,523635.0,425033.0,45903.0
e62877018de8682af3ad516f752ad9bb,1400/07/30,630691.0,535308.0,110275.0
e62877018de8682af3ad516f752ad9bb,1400/08/30,725054.0,618889.0,83581.0
e62877018de8682af3ad516f752ad9bb,1400/09/30,822114.0,709237.0,91149.0
e62877018de8682af3ad516f752ad9bb,1400/10/30,36598.0,144296.0,144296.0
e62877018de8682af3ad516f752ad9bb,1400/11/30,65995.0,254914.0,110618.0
e62877018de8682af3ad516f752ad9bb,1400/12/29,109214.0,340449.0,82535.0
e62877018de8682af3ad516f752ad9bb,1401/01/31,135049.0,361626.0,21177.0
e62877018de8682af3ad516f752ad9bb,1401/02/31,153642.0,392823.0,31197.0
e62877018de8682af3ad516f752ad9bb,1401/03/31,286134.0,523563.0,133391.0
e62877018de8682af3ad516f752ad9bb,1401/04/31,338461.0,704873.0,181344.0
e62877018de8682af3ad516f752ad9bb,1401/05/31,376538.0,793431.0,88558.0
e62877018de8682af3ad516f752ad9bb,1401/06/31,427781.0,892251.0,84015.0
e62877018de8682af3ad516f752ad9bb,1401/07/30,537020.0,1003387.0,111136.0
e62877018de8682af3ad516f752ad9bb,1401/08/30,612230.0,1171928.0,168541.0
e62877018de8682af3ad516f752ad9bb,1401/09/30,709237.0,1372439.0,200355.0
e62877018de8682af3ad516f752ad9bb,1401/10/30,144296.0,192081.0,192081.0
e62877018de8682af3ad516f752ad9bb,1401/11/30,1177740.0,442773.0,250692.0
e62877018de8682af3ad516f752ad9bb,1401/12/29,340449.0,601124.0,158351.0
e62877018de8682af3ad516f752ad9bb,1402/01/31,361626.0,708943.0,107819.0
e62877018de8682af3ad516f752ad9bb,1402/02/31,253730.0,830999.0,122056.0
e62877018de8682af3ad516f752ad9bb,1402/03/31,523563.0,1003078.0,169264.0
e62877018de8682af3ad516f752ad9bb,1402/04/31,704873.0,1256944.0,256681.0
e62877018de8682af3ad516f752ad9bb,1402/05/31,394125.0,1535850.0,278906.0
e62877018de8682af3ad516f752ad9bb,1402/06/31,892251.0,1826216.0,287821.0
e62877018de8682af3ad516f752ad9bb,1402/07/30,1003387.0,2118598.0,292382.0
e62877018de8682af3ad516f752ad9bb,1402/08/30,796666.0,2283486.0,164888.0
e62877018de8682af3ad516f752ad9bb,1402/09/30,1372439.0,2613093.0,329607.0
e62877018de8682af3ad516f752ad9bb,1402/10/30,192081.0,150945.0,150945.0
e62877018de8682af3ad516f752ad9bb,1402/11/30,442773.0,313011.0,162066.0
e62877018de8682af3ad516f752ad9bb,1402/12/29,601124.0,521074.0,178895.0
e62877018de8682af3ad516f752ad9bb,1403/01/31,708943.0,630354.0,109280.0
e62877018de8682af3ad516f752ad9bb,1403/02/31,830999.0,732550.0,102196.0
e62877018de8682af3ad516f752ad9bb,1403/03/31,1003078.0,849878.0,101825.0
e62877018de8682af3ad516f752ad9bb,1403/04/31,1256944.0,949684.0,85845.0
e62877018de8682af3ad516f752ad9bb,1403/05/31,1535850.0,1041283.0,91599.0
e62877018de8682af3ad516f752ad9bb,1403/06/31,1826216.0,1135689.0,110249.0
e62877018de8682af3ad516f752ad9bb,1403/07/30,2118598.0,1246212.0,110523.0
e62877018de8682af3ad516f752ad9bb,1403/08/30,2283486.0,1354394.0,108182.0
e62877018de8682af3ad516f752ad9bb,1403/09/30,2613093.0,1487243.0,132849.0
e62877018de8682af3ad516f752ad9bb,1403/10/30,150945.0,161759.0,161759.0
e62877018de8682af3ad516f752ad9bb,1403/11/30,313011.0,321754.0,159995.0
e62877018de8682af3ad516f752ad9bb,1403/12/30,521074.0,474187.0,168309.0
e62877018de8682af3ad516f752ad9bb,1404/01/31,630354.0,617030.0,142844.0
e62877018de8682af3ad516f752ad9bb,1404/02/31,732550.0,953680.0,336650.0
e6f5fb278dab95af4b0dede9cbdd4f34,1399/06/31,313135.0,873493.0,200089.0
e6f5fb278dab95af4b0dede9cbdd4f34,1399/07/30,393634.0,1077287.0,203733.0
e6f5fb278dab95af4b0dede9cbdd4f34,1399/08/30,483498.0,1332157.0,254074.0
e6f5fb278dab95af4b0dede9cbdd4f34,1399/09/30,580762.0,1624123.0,293404.0
e6f5fb278dab95af4b0dede9cbdd4f34,1399/10/30,692435.0,1906206.0,282332.0
e6f5fb278dab95af4b0dede9cbdd4f34,1399/11/30,841305.0,2120707.0,216480.0
e6f5fb278dab95af4b0dede9cbdd4f34,1399/12/30,991338.0,2380811.0,259739.0
e6f5fb278dab95af4b0dede9cbdd4f34,1400/01/31,75091.0,185796.0,185796.0
e6f5fb278dab95af4b0dede9cbdd4f34,1400/02/31,174201.0,468661.0,285923.0
e6f5fb278dab95af4b0dede9cbdd4f34,1400/03/31,312563.0,808011.0,340766.0
e6f5fb278dab95af4b0dede9cbdd4f34,1400/04/31,491378.0,1153017.0,345283.0
e6f5fb278dab95af4b0dede9cbdd4f34,1400/05/31,673404.0,1534037.0,381023.0
e6f5fb278dab95af4b0dede9cbdd4f34,1400/06/31,873554.0,1916300.0,384103.0
e6f5fb278dab95af4b0dede9cbdd4f34,1400/07/30,1078083.0,2298082.0,381845.0
e6f5fb278dab95af4b0dede9cbdd4f34,1400/08/30,1330719.0,3009339.0,347973.0
e6f5fb278dab95af4b0dede9cbdd4f34,1400/09/30,1623874.0,3024131.0,378076.0
e6f5fb278dab95af4b0dede9cbdd4f34,1400/10/30,1904227.0,3395872.0,400775.0
e6f5fb278dab95af4b0dede9cbdd4f34,1400/11/30,2184962.0,3897547.0,501714.0
e6f5fb278dab95af4b0dede9cbdd4f34,1400/12/29,2346627.0,4478363.0,585208.0
e6f5fb278dab95af4b0dede9cbdd4f34,1401/01/31,182738.0,361646.0,361646.0
e6f5fb278dab95af4b0dede9cbdd4f34,1401/02/31,467245.0,952756.0,626042.0
e6f5fb278dab95af4b0dede9cbdd4f34,1401/03/31,807734.0,1903632.0,947192.0
e6f5fb278dab95af4b0dede9cbdd4f34,1401/04/31,1153014.0,2943135.0,1041341.0
e6f5fb278dab95af4b0dede9cbdd4f34,1401/05/31,1532198.0,3972647.0,1062307.0
e6f5fb278dab95af4b0dede9cbdd4f34,1401/06/31,1916237.0,5015999.0,1051240.0
e6f5fb278dab95af4b0dede9cbdd4f34,1401/07/30,2298082.0,6073055.0,1057056.0
e6f5fb278dab95af4b0dede9cbdd4f34,1401/08/30,2646055.0,7091243.0,1018188.0
e6f5fb278dab95af4b0dede9cbdd4f34,1401/09/30,2995097.0,8204077.0,1112834.0
e6f5fb278dab95af4b0dede9cbdd4f34,1401/10/30,3395833.0,9244130.0,1040053.0
e6f5fb278dab95af4b0dede9cbdd4f34,1401/11/30,3893155.0,10234074.0,1003099.0
e6f5fb278dab95af4b0dede9cbdd4f34,1401/12/29,4478363.0,11292490.0,1078306.0
e6f5fb278dab95af4b0dede9cbdd4f34,1402/01/31,324578.0,902707.0,902707.0
e6f5fb278dab95af4b0dede9cbdd4f34,1402/02/31,956229.0,2270661.0,1368002.0
e6f5fb278dab95af4b0dede9cbdd4f34,1402/03/31,1901583.0,3586906.0,1316245.0
e6f5fb278dab95af4b0dede9cbdd4f34,1402/04/31,2910340.0,5003038.0,1418062.0
e6f5fb278dab95af4b0dede9cbdd4f34,1402/05/31,3964759.0,6617289.0,1613654.0
e6f5fb278dab95af4b0dede9cbdd4f34,1402/06/31,5015999.0,8148431.0,1533748.0
e6f5fb278dab95af4b0dede9cbdd4f34,1402/07/30,6073055.0,9558113.0,1409682.0
e6f5fb278dab95af4b0dede9cbdd4f34,1402/08/30,7198024.0,10990593.0,1432480.0
e6f5fb278dab95af4b0dede9cbdd4f34,1402/09/30,8204077.0,12374655.0,1386157.0
e6f5fb278dab95af4b0dede9cbdd4f34,1402/10/30,9230975.0,13884595.0,1509940.0
e6f5fb278dab95af4b0dede9cbdd4f34,1402/11/30,10214184.0,15219019.0,1338071.0
e6f5fb278dab95af4b0dede9cbdd4f34,1402/12/29,11292490.0,16546710.0,1327691.0
e6f5fb278dab95af4b0dede9cbdd4f34,1403/01/31,902707.0,1018759.0,1018759.0
e6f5fb278dab95af4b0dede9cbdd4f34,1403/02/31,2270661.0,2820427.0,1801668.0
e6f5fb278dab95af4b0dede9cbdd4f34,1403/03/31,3584976.0,4823375.0,2002948.0
e6f5fb278dab95af4b0dede9cbdd4f34,1403/04/31,5003038.0,6595973.0,1772598.0
e6f5fb278dab95af4b0dede9cbdd4f34,1403/05/31,6614683.0,7879472.0,1283495.0
e6f5fb278dab95af4b0dede9cbdd4f34,1403/06/31,8148431.0,8563622.0,1569004.0
e6f5fb278dab95af4b0dede9cbdd4f34,1403/07/30,9606524.0,10319712.0,1756090.0
e6f5fb278dab95af4b0dede9cbdd4f34,1403/08/30,10988501.0,12335595.0,2015883.0
e6f5fb278dab95af4b0dede9cbdd4f34,1403/09/30,12374655.0,14354439.0,2018844.0
e6f5fb278dab95af4b0dede9cbdd4f34,1403/10/30,13942614.0,16015873.0,1661434.0
e6f5fb278dab95af4b0dede9cbdd4f34,1403/11/30,15219019.0,17950524.0,1934651.0
e6f5fb278dab95af4b0dede9cbdd4f34,1403/12/30,16546710.0,19945912.0,1995388.0
e6f5fb278dab95af4b0dede9cbdd4f34,1404/01/31,1018759.0,1904955.0,1904955.0
e6f5fb278dab95af4b0dede9cbdd4f34,1404/02/31,2820427.0,4177863.0,2272908.0
e6f5fb278dab95af4b0dede9cbdd4f34,1404/03/31,3584976.0,6251411.0,2073611.0
e6f5fb278dab95af4b0dede9cbdd4f34,1404/04/31,6595973.0,8362858.0,2111447.0
e6f5fb278dab95af4b0dede9cbdd4f34,1404/05/31,7879473.0,10444697.0,2081839.0
e6f5fb278dab95af4b0dede9cbdd4f34,1404/06/31,9448477.0,13178321.0,2733624.0
e6f5fb278dab95af4b0dede9cbdd4f34,1404/07/30,10319712.0,15564325.0,2451565.0
e6f5fb278dab95af4b0dede9cbdd4f34,1404/08/30,12335595.0,18567545.0,3003596.0
e6f5fb278dab95af4b0dede9cbdd4f34,1404/09/30,14354439.0,21486260.0,2642352.0
e6f5fb278dab95af4b0dede9cbdd4f34,1404/10/30,16015873.0,23800132.0,2590235.0
e6f5fb278dab95af4b0dede9cbdd4f34,1404/11/30,17429210.0,26901261.0,3101129.0
e6f5fb278dab95af4b0dede9cbdd4f34,1404/12/29,19424598.0,29334571.0,2433310.0
e6f5fb278dab95af4b0dede9cbdd4f34,1405/01/31,1904955.0,2006376.0,2006376.0
e6f5fb278dab95af4b0dede9cbdd4f34,1405/02/31,4177800.0,6394626.0,4388250.0
e6f5fb278dab95af4b0dede9cbdd4f34,1405/03/31,0.0,0.0,5180943.0
e6f5fb278dab95af4b0dede9cbdd4f34,1405/04/31,0.0,0.0,4642916.0
eccaf93842ab5f9e3d79fae98027bde1,1399/01/31,54147.0,72123.0,72123.0
eccaf93842ab5f9e3d79fae98027bde1,1399/02/31,188168.0,188168.0,116045.0
eccaf93842ab5f9e3d79fae98027bde1,1399/03/31,255950.0,359872.0,171704.0
eccaf93842ab5f9e3d79fae98027bde1,1399/04/31,381982.0,525484.0,165612.0
eccaf93842ab5f9e3d79fae98027bde1,1399/05/31,517517.0,701891.0,176407.0
eccaf93842ab5f9e3d79fae98027bde1,1399/06/31,653328.0,883001.0,181110.0
eccaf93842ab5f9e3d79fae98027bde1,1399/07/30,1071683.0,188682.0,883001.0
eccaf93842ab5f9e3d79fae98027bde1,1399/08/30,911316.0,1264410.0,192727.0
eccaf93842ab5f9e3d79fae98027bde1,1399/09/30,1034075.0,1449266.0,184856.0
eccaf93842ab5f9e3d79fae98027bde1,1399/10/30,1159385.0,1654131.0,204865.0
eccaf93842ab5f9e3d79fae98027bde1,1399/11/30,1285342.0,1912789.0,258658.0
eccaf93842ab5f9e3d79fae98027bde1,1399/12/30,1401941.0,2170343.0,257554.0
eccaf93842ab5f9e3d79fae98027bde1,1400/01/31,72123.0,200065.0,200065.0
eccaf93842ab5f9e3d79fae98027bde1,1400/02/31,188168.0,455402.0,255337.0
eccaf93842ab5f9e3d79fae98027bde1,1400/03/31,359872.0,701903.0,246501.0
eccaf93842ab5f9e3d79fae98027bde1,1400/04/31,525484.0,926294.0,224391.0
eccaf93842ab5f9e3d79fae98027bde1,1400/05/31,701891.0,1142451.0,216157.0
eccaf93842ab5f9e3d79fae98027bde1,1400/06/31,883001.0,1465413.0,322962.0
eccaf93842ab5f9e3d79fae98027bde1,1400/07/30,1071683.0,1772549.0,307136.0
eccaf93842ab5f9e3d79fae98027bde1,1400/08/30,1264410.0,2040890.0,268341.0
eccaf93842ab5f9e3d79fae98027bde1,1400/09/30,1449266.0,2366919.0,326029.0
eccaf93842ab5f9e3d79fae98027bde1,1400/10/30,1654131.0,2697584.0,330665.0
eccaf93842ab5f9e3d79fae98027bde1,1400/11/30,1912789.0,3038686.0,341102.0
eccaf93842ab5f9e3d79fae98027bde1,1400/12/29,2170343.0,3405388.0,366702.0
eccaf93842ab5f9e3d79fae98027bde1,1401/01/31,200065.0,341728.0,341728.0
eccaf93842ab5f9e3d79fae98027bde1,1401/02/31,455402.0,744727.0,402999.0
eccaf93842ab5f9e3d79fae98027bde1,1401/03/31,701903.0,1027910.0,283183.0
eccaf93842ab5f9e3d79fae98027bde1,1401/04/31,926294.0,1470264.0,442354.0
eccaf93842ab5f9e3d79fae98027bde1,1401/05/31,1142451.0,1831015.0,360751.0
eccaf93842ab5f9e3d79fae98027bde1,1401/06/31,1465413.0,2164532.0,333517.0
eccaf93842ab5f9e3d79fae98027bde1,1401/07/30,1772549.0,2498510.0,333978.0
eccaf93842ab5f9e3d79fae98027bde1,1401/08/30,2040890.0,3005186.0,506676.0
eccaf93842ab5f9e3d79fae98027bde1,1401/09/30,2366919.0,3607624.0,602438.0
eccaf93842ab5f9e3d79fae98027bde1,1401/10/30,2697584.0,4009273.0,401650.0
eccaf93842ab5f9e3d79fae98027bde1,1401/11/30,3038686.0,4545774.0,536501.0
eccaf93842ab5f9e3d79fae98027bde1,1401/12/29,3405388.0,5230545.0,684771.0
eccaf93842ab5f9e3d79fae98027bde1,1402/01/31,341728.0,431678.0,431678.0
eccaf93842ab5f9e3d79fae98027bde1,1402/02/31,744727.0,951360.0,519682.0
eccaf93842ab5f9e3d79fae98027bde1,1402/03/31,1027910.0,1476369.0,525009.0
eccaf93842ab5f9e3d79fae98027bde1,1402/04/31,1470264.0,2203712.0,727343.0
eccaf93842ab5f9e3d79fae98027bde1,1402/05/31,1831015.0,2837553.0,633841.0
eccaf93842ab5f9e3d79fae98027bde1,1402/06/31,2164532.0,3549742.0,712189.0
eccaf93842ab5f9e3d79fae98027bde1,1402/07/30,2498510.0,4202796.0,653054.0
eccaf93842ab5f9e3d79fae98027bde1,1402/08/30,3005186.0,4882702.0,679906.0
eccaf93842ab5f9e3d79fae98027bde1,1402/09/30,3607624.0,5591295.0,708593.0
eccaf93842ab5f9e3d79fae98027bde1,1402/10/30,4009273.0,6020435.0,429140.0
eccaf93842ab5f9e3d79fae98027bde1,1402/11/30,4545774.0,6754534.0,734099.0
eccaf93842ab5f9e3d79fae98027bde1,1402/12/29,5230545.0,7420834.0,666300.0
eccaf93842ab5f9e3d79fae98027bde1,1403/01/31,431678.0,433771.0,433771.0
eccaf93842ab5f9e3d79fae98027bde1,1403/02/31,951360.0,1135534.0,701763.0
eccaf93842ab5f9e3d79fae98027bde1,1403/03/31,1476369.0,1819647.0,684113.0
eccaf93842ab5f9e3d79fae98027bde1,1403/04/31,2203712.0,2526429.0,706782.0
eccaf93842ab5f9e3d79fae98027bde1,1403/05/31,2837553.0,3261574.0,735145.0
eccaf93842ab5f9e3d79fae98027bde1,1403/06/31,3549742.0,4069986.0,808412.0
eccaf93842ab5f9e3d79fae98027bde1,1403/07/30,4202796.0,4671780.0,601794.0
eccaf93842ab5f9e3d79fae98027bde1,1403/08/30,4882702.0,5472907.0,801127.0
eccaf93842ab5f9e3d79fae98027bde1,1403/09/30,5591295.0,6490683.0,1017776.0
eccaf93842ab5f9e3d79fae98027bde1,1403/10/30,6020435.0,7206170.0,715487.0
eccaf93842ab5f9e3d79fae98027bde1,1403/11/30,6754534.0,8374624.0,1168454.0
eccaf93842ab5f9e3d79fae98027bde1,1403/12/30,7420834.0,10018739.0,1644115.0
eccaf93842ab5f9e3d79fae98027bde1,1404/01/31,433771.0,325193.0,325193.0
eccaf93842ab5f9e3d79fae98027bde1,1404/02/31,1135534.0,731850.0,406657.0
eccaf93842ab5f9e3d79fae98027bde1,1404/03/31,1819647.0,1135440.0,403590.0
eccaf93842ab5f9e3d79fae98027bde1,1404/04/31,2526429.0,1838176.0,702736.0
eccaf93842ab5f9e3d79fae98027bde1,1404/05/31,3261574.0,2642671.0,804495.0
eccaf93842ab5f9e3d79fae98027bde1,1404/06/31,4069986.0,3545953.0,903282.0
eccaf93842ab5f9e3d79fae98027bde1,1404/07/30,4671780.0,4304166.0,758213.0
eccaf93842ab5f9e3d79fae98027bde1,1404/08/30,5655345.0,5107849.0,803683.0
eccaf93842ab5f9e3d79fae98027bde1,1404/09/30,6490683.0,5815120.0,707271.0
eccaf93842ab5f9e3d79fae98027bde1,1404/10/30,7206170.0,6518500.0,703380.0
eccaf93842ab5f9e3d79fae98027bde1,1404/11/30,8374624.0,7519206.0,1000706.0
eccaf93842ab5f9e3d79fae98027bde1,1404/12/29,10018739.0,7822179.0,302973.0
eccaf93842ab5f9e3d79fae98027bde1,1405/01/31,325193.0,519029.0,519029.0
eccaf93842ab5f9e3d79fae98027bde1,1405/02/31,731850.0,1553082.0,1034053.0
eccaf93842ab5f9e3d79fae98027bde1,1405/03/31,0.0,0.0,1502077.0
eccaf93842ab5f9e3d79fae98027bde1,1405/04/31,0.0,0.0,1650391.0
efb86e9938a9c7351b51280587d898dc,1399/01/31,18721968.0,2867568.0,1433784.0
efb86e9938a9c7351b51280587d898dc,1399/02/31,18721968.0,2921404.0,1487620.0
efb86e9938a9c7351b51280587d898dc,1399/03/31,18721968.0,4552840.0,1631436.0
efb86e9938a9c7351b51280587d898dc,1399/04/31,18721968.0,6454328.0,1901488.0
efb86e9938a9c7351b51280587d898dc,1399/05/31,18721968.0,8335407.0,1881079.0
efb86e9938a9c7351b51280587d898dc,1399/06/31,18721968.0,10195217.0,1859810.0
efb86e9938a9c7351b51280587d898dc,1399/07/30,18721968.0,11940319.0,1745102.0
efb86e9938a9c7351b51280587d898dc,1399/08/30,18721968.0,13814141.0,1873822.0
efb86e9938a9c7351b51280587d898dc,1399/09/30,18721968.0,15505383.0,1691242.0
efb86e9938a9c7351b51280587d898dc,1399/10/30,18721968.0,17702842.0,2197459.0
efb86e9938a9c7351b51280587d898dc,1399/11/30,18721968.0,19574613.0,1872483.0
efb86e9938a9c7351b51280587d898dc,1399/12/30,18721968.0,21526712.0,1952099.0
efb86e9938a9c7351b51280587d898dc,1400/01/31,22192592.0,2058990.0,2058990.0
efb86e9938a9c7351b51280587d898dc,1400/02/31,22192592.0,3968910.0,1909920.0
efb86e9938a9c7351b51280587d898dc,1400/03/31,22192592.0,6389390.0,2420480.0
efb86e9938a9c7351b51280587d898dc,1400/04/31,22192592.0,8777002.0,2387612.0
efb86e9938a9c7351b51280587d898dc,1400/05/31,22192592.0,11071973.0,2294971.0
efb86e9938a9c7351b51280587d898dc,1400/06/31,22192592.0,13512448.0,2488793.0
efb86e9938a9c7351b51280587d898dc,1400/07/30,22192592.0,15908850.0,2396402.0
efb86e9938a9c7351b51280587d898dc,1400/08/30,22192592.0,18533970.0,2625120.0
efb86e9938a9c7351b51280587d898dc,1400/09/30,22192592.0,21131527.0,2597557.0
efb86e9938a9c7351b51280587d898dc,1400/10/30,22192592.0,23543335.0,2411808.0
efb86e9938a9c7351b51280587d898dc,1400/11/30,22192592.0,25773472.0,2230137.0
efb86e9938a9c7351b51280587d898dc,1400/12/29,22192592.0,28377144.0,2603672.0
efb86e9938a9c7351b51280587d898dc,1401/01/31,28511144.0,2725447.0,2725447.0
efb86e9938a9c7351b51280587d898dc,1401/02/31,28377144.0,5298607.0,2573160.0
efb86e9938a9c7351b51280587d898dc,1401/03/31,28511144.0,8620999.0,3322392.0
efb86e9938a9c7351b51280587d898dc,1401/04/31,28511144.0,11786954.0,3165955.0
efb86e9938a9c7351b51280587d898dc,1401/05/31,28511144.0,14829929.0,3042975.0
efb86e9938a9c7351b51280587d898dc,1401/06/31,28511144.0,18186830.0,3356901.0
efb86e9938a9c7351b51280587d898dc,1401/07/30,28511144.0,21298238.0,3111408.0
efb86e9938a9c7351b51280587d898dc,1401/08/30,28511144.0,24396035.0,3097797.0
efb86e9938a9c7351b51280587d898dc,1401/09/30,28511144.0,27621441.0,3225406.0
efb86e9938a9c7351b51280587d898dc,1401/10/30,28511144.0,30817655.0,3196214.0
efb86e9938a9c7351b51280587d898dc,1401/11/30,28511144.0,34147330.0,3329675.0
efb86e9938a9c7351b51280587d898dc,1401/12/29,28511144.0,37578829.0,3431499.0
efb86e9938a9c7351b51280587d898dc,1402/01/31,37845719.0,3344520.0,3344520.0
efb86e9938a9c7351b51280587d898dc,1402/02/31,37845719.0,6758218.0,3413698.0
efb86e9938a9c7351b51280587d898dc,1402/03/31,37845719.0,10486725.0,3728507.0
efb86e9938a9c7351b51280587d898dc,1402/04/31,37845719.0,14671201.0,4184476.0
efb86e9938a9c7351b51280587d898dc,1402/05/31,37845719.0,19103194.0,4431993.0
efb86e9938a9c7351b51280587d898dc,1402/06/31,37845719.0,23137420.0,4034226.0
efb86e9938a9c7351b51280587d898dc,1402/07/30,37845719.0,27264742.0,4127322.0
efb86e9938a9c7351b51280587d898dc,1402/08/30,37845719.0,32492394.0,5227652.0
efb86e9938a9c7351b51280587d898dc,1402/09/30,37845719.0,37696618.0,5204224.0
efb86e9938a9c7351b51280587d898dc,1402/10/30,37845719.0,43115962.0,5419344.0
efb86e9938a9c7351b51280587d898dc,1402/11/30,37845719.0,48141977.0,5026015.0
efb86e9938a9c7351b51280587d898dc,1402/12/29,37845719.0,53536601.0,5394624.0
efb86e9938a9c7351b51280587d898dc,1403/01/31,53531786.0,4097011.0,4097011.0
efb86e9938a9c7351b51280587d898dc,1403/02/31,53531786.0,9492515.0,5395504.0
efb86e9938a9c7351b51280587d898dc,1403/03/31,53531786.0,14538286.0,5045771.0
efb86e9938a9c7351b51280587d898dc,1403/04/31,53531786.0,20211301.0,5673015.0
efb86e9938a9c7351b51280587d898dc,1403/05/31,53531786.0,26156436.0,5945135.0
efb86e9938a9c7351b51280587d898dc,1403/06/31,53531786.0,31316049.0,5159613.0
efb86e9938a9c7351b51280587d898dc,1403/07/30,53531786.0,37751726.0,6435677.0
efb86e9938a9c7351b51280587d898dc,1403/08/30,53531786.0,43932313.0,6180587.0
efb86e9938a9c7351b51280587d898dc,1403/09/30,53531786.0,49774181.0,5841868.0
efb86e9938a9c7351b51280587d898dc,1403/10/30,53531786.0,54955573.0,5181392.0
efb86e9938a9c7351b51280587d898dc,1403/11/30,53531786.0,60692588.0,5737015.0
efb86e9938a9c7351b51280587d898dc,1403/12/30,53531786.0,67177860.0,6485272.0
efb86e9938a9c7351b51280587d898dc,1404/01/31,67177860.0,5893002.0,5893002.0
efb86e9938a9c7351b51280587d898dc,1404/02/31,67177860.0,11630493.0,5737491.0
efb86e9938a9c7351b51280587d898dc,1404/03/31,67177860.0,18077527.0,6447034.0
efb86e9938a9c7351b51280587d898dc,1404/04/31,67177860.0,24310706.0,6233179.0
efb86e9938a9c7351b51280587d898dc,1404/05/31,67177860.0,30551779.0,6241073.0
efb86e9938a9c7351b51280587d898dc,1404/06/31,67177860.0,37085390.0,6533611.0
efb86e9938a9c7351b51280587d898dc,1404/07/30,67177860.0,45043500.0,7009919.0
efb86e9938a9c7351b51280587d898dc,1404/08/30,67177860.0,52176007.0,7132507.0
efb86e9938a9c7351b51280587d898dc,1404/09/30,67177860.0,59516128.0,7340121.0
efb86e9938a9c7351b51280587d898dc,1404/10/30,67177860.0,70108342.0,7512346.0
efb86e9938a9c7351b51280587d898dc,1404/11/30,0.0,0.0,7548336.0
efb86e9938a9c7351b51280587d898dc,1404/12/29,0.0,0.0,8020426.0
efb86e9938a9c7351b51280587d898dc,1405/01/31,0.0,0.0,6714803.0
efb86e9938a9c7351b51280587d898dc,1405/02/31,0.0,0.0,8816599.0
efb86e9938a9c7351b51280587d898dc,1405/03/31,0.0,0.0,7757749.0
efb86e9938a9c7351b51280587d898dc,1405/04/31,0.0,0.0,6675944.0
efbd08e291c09108c086ad170e7026ef,1399/12/30,128257111.0,292954697.0,27550248.0
efbd08e291c09108c086ad170e7026ef,1400/01/31,10656395.0,30723427.0,30723427.0
efbd08e291c09108c086ad170e7026ef,1400/02/31,23633020.0,77051270.0,41587663.0
efbd08e291c09108c086ad170e7026ef,1400/03/31,40392870.0,129997176.0,44393708.0
efbd08e291c09108c086ad170e7026ef,1400/04/31,55943366.0,173282202.0,31199874.0
efbd08e291c09108c086ad170e7026ef,1400/05/31,69917300.0,194666661.0,21381798.0
efbd08e291c09108c086ad170e7026ef,1400/06/31,100783415.0,244484816.0,41576843.0
efbd08e291c09108c086ad170e7026ef,1400/07/30,122263503.0,278816916.0,40041439.0
efbd08e291c09108c086ad170e7026ef,1400/08/30,142741416.0,325390340.0,46258874.0
efbd08e291c09108c086ad170e7026ef,1400/09/30,190648259.0,367051709.0,41114587.0
efbd08e291c09108c086ad170e7026ef,1400/10/30,220535114.0,384152929.0,22522823.0
efbd08e291c09108c086ad170e7026ef,1400/11/30,265910332.0,401758201.0,18450485.0
efbd08e291c09108c086ad170e7026ef,1400/12/29,322454118.0,490875087.0,118283972.0
efbd08e291c09108c086ad170e7026ef,1401/01/31,35463607.0,22042968.0,22042968.0
efbd08e291c09108c086ad170e7026ef,1401/02/31,85603468.0,48806711.0,27412766.0
efbd08e291c09108c086ad170e7026ef,1401/03/31,142082328.0,89978882.0,35482157.0
efbd08e291c09108c086ad170e7026ef,1401/04/31,173284863.0,122293203.0,26336605.0
efbd08e291c09108c086ad170e7026ef,1401/05/31,202907973.0,146630740.0,28083454.0
efbd08e291c09108c086ad170e7026ef,1401/06/31,239820328.0,183538335.0,39184504.0
efbd08e291c09108c086ad170e7026ef,1401/07/30,279131466.0,210032930.0,30152955.0
efbd08e291c09108c086ad170e7026ef,1401/08/30,325937122.0,251640473.0,30009772.0
efbd08e291c09108c086ad170e7026ef,1401/09/30,362911340.0,296425376.0,32761700.0
efbd08e291c09108c086ad170e7026ef,1401/10/30,383307716.0,312287329.0,15999439.0
efbd08e291c09108c086ad170e7026ef,1401/11/30,372591115.0,336963129.0,24099546.0
efbd08e291c09108c086ad170e7026ef,1401/12/29,490875087.0,504679470.0,152646959.0
efbd08e291c09108c086ad170e7026ef,1402/01/31,21393945.0,45244932.0,45244932.0
efbd08e291c09108c086ad170e7026ef,1402/02/31,54496725.0,103867144.0,41647518.0
efbd08e291c09108c086ad170e7026ef,1402/03/31,95956598.0,171751500.0,64032622.0
efbd08e291c09108c086ad170e7026ef,1402/04/31,122293203.0,224789098.0,49095462.0
efbd08e291c09108c086ad170e7026ef,1402/05/31,144353831.0,280823063.0,56209375.0
efbd08e291c09108c086ad170e7026ef,1402/06/31,183538335.0,301357092.0,52606262.0
efbd08e291c09108c086ad170e7026ef,1402/07/30,221630701.0,351118526.0,49761434.0
efbd08e291c09108c086ad170e7026ef,1402/08/30,263663676.0,411555390.0,59798043.0
efbd08e291c09108c086ad170e7026ef,1402/09/30,296425376.0,480150128.0,66254167.0
efbd08e291c09108c086ad170e7026ef,1402/10/30,312863583.0,538091191.0,57941063.0
efbd08e291c09108c086ad170e7026ef,1402/11/30,352032511.0,584795233.0,46668878.0
efbd08e291c09108c086ad170e7026ef,1402/12/29,504679470.0,685600359.0,56050820.0
efbd08e291c09108c086ad170e7026ef,1403/01/31,62219626.0,40709393.0,40709393.0
efbd08e291c09108c086ad170e7026ef,1403/02/31,107718878.0,90430946.0,49667534.0
efbd08e291c09108c086ad170e7026ef,1403/03/31,149823555.0,147960963.0,56088880.0
efbd08e291c09108c086ad170e7026ef,1403/04/31,195685743.0,212794407.0,64860348.0
efbd08e291c09108c086ad170e7026ef,1403/05/31,248750830.0,282758732.0,70839106.0
efbd08e291c09108c086ad170e7026ef,1403/06/31,301357092.0,366539343.0,83979062.0
efbd08e291c09108c086ad170e7026ef,1403/07/30,351118526.0,451773716.0,85234373.0
efbd08e291c09108c086ad170e7026ef,1403/08/30,413895961.0,513081942.0,61205582.0
efbd08e291c09108c086ad170e7026ef,1403/09/30,480150128.0,556536862.0,43820886.0
efbd08e291c09108c086ad170e7026ef,1403/10/30,538126355.0,595881830.0,39090474.0
efbd08e291c09108c086ad170e7026ef,1403/11/30,629549539.0,665274062.0,69392232.0
efbd08e291c09108c086ad170e7026ef,1403/12/30,685600359.0,757237568.0,91708385.0
efbd08e291c09108c086ad170e7026ef,1404/01/31,40763412.0,96236298.0,96236298.0
efbd08e291c09108c086ad170e7026ef,1404/02/31,91595717.0,195043355.0,98506303.0
efbd08e291c09108c086ad170e7026ef,1404/03/31,147934059.0,281705597.0,86607558.0
efbd08e291c09108c086ad170e7026ef,1404/04/31,211919626.0,392212719.0,110608674.0
efbd08e291c09108c086ad170e7026ef,1404/05/31,282560281.0,491795705.0,98485289.0
efbd08e291c09108c086ad170e7026ef,1404/06/31,366539343.0,612656560.0,119393521.0
efbd08e291c09108c086ad170e7026ef,1404/07/30,451876360.0,711372963.0,101518672.0
efbd08e291c09108c086ad170e7026ef,1404/08/30,738745596.0,807552014.0,96076265.0
efbd08e291c09108c086ad170e7026ef,1404/09/30,830453980.0,958872945.0,149878764.0
efbd08e291c09108c086ad170e7026ef,1404/10/30,96537052.0,116734157.0,116734157.0
efbd08e291c09108c086ad170e7026ef,1404/11/30,194957317.0,215763075.0,99128158.0
efbd08e291c09108c086ad170e7026ef,1404/12/29,281602675.0,327977972.0,112396897.0
efbd08e291c09108c086ad170e7026ef,1405/01/31,393310416.0,414461435.0,86483463.0
efbd08e291c09108c086ad170e7026ef,1405/02/31,490312221.0,549204025.0,134900601.0
efbd08e291c09108c086ad170e7026ef,1405/03/31,0.0,0.0,125448987.0
efbd08e291c09108c086ad170e7026ef,1405/04/31,0.0,0.0,122243105.0
f014eb1a1c5399dfedbc5d53791ad9ac,1399/05/31,34754362.0,8833168.0,25921194.0
f014eb1a1c5399dfedbc5d53791ad9ac,1399/06/31,45854723.0,12063560.0,33791163.0
f014eb1a1c5399dfedbc5d53791ad9ac,1399/07/30,6142099.0,16846350.0,16846350.0
f014eb1a1c5399dfedbc5d53791ad9ac,1399/08/30,10356094.0,29629936.0,12784810.0
f014eb1a1c5399dfedbc5d53791ad9ac,1399/09/30,12943403.0,46810537.0,16906035.0
f014eb1a1c5399dfedbc5d53791ad9ac,1399/10/30,19850356.0,58732902.0,11922365.0
f014eb1a1c5399dfedbc5d53791ad9ac,1399/11/30,25976544.0,67597861.0,8800851.0
f014eb1a1c5399dfedbc5d53791ad9ac,1399/12/30,32422412.0,88668155.0,18773392.0
f014eb1a1c5399dfedbc5d53791ad9ac,1400/01/31,36163815.0,106656600.0,17850410.0
f014eb1a1c5399dfedbc5d53791ad9ac,1400/02/31,45273101.0,121341798.0,14685198.0
f014eb1a1c5399dfedbc5d53791ad9ac,1400/03/31,50154552.0,136740382.0,15398584.0
f014eb1a1c5399dfedbc5d53791ad9ac,1400/04/31,58129687.0,147136246.0,10395864.0
f014eb1a1c5399dfedbc5d53791ad9ac,1400/05/31,67014476.0,172234894.0,25098648.0
f014eb1a1c5399dfedbc5d53791ad9ac,1400/06/31,78340025.0,197398681.0,25637461.0
f014eb1a1c5399dfedbc5d53791ad9ac,1400/07/30,16846350.0,23469535.0,23469535.0
f014eb1a1c5399dfedbc5d53791ad9ac,1400/08/30,29629936.0,50746490.0,27276955.0
f014eb1a1c5399dfedbc5d53791ad9ac,1400/09/30,46810537.0,94387382.0,43640892.0
f014eb1a1c5399dfedbc5d53791ad9ac,1400/10/30,58732902.0,113065867.0,18279037.0
f014eb1a1c5399dfedbc5d53791ad9ac,1400/11/30,67597861.0,133784976.0,20719109.0
f014eb1a1c5399dfedbc5d53791ad9ac,1400/12/29,88806190.0,161373844.0,27530349.0
f014eb1a1c5399dfedbc5d53791ad9ac,1401/01/31,106656600.0,210234694.0,48860850.0
f014eb1a1c5399dfedbc5d53791ad9ac,1401/02/31,121341898.0,249356018.0,39121324.0
f014eb1a1c5399dfedbc5d53791ad9ac,1401/03/31,136740382.0,289433821.0,44168750.0
f014eb1a1c5399dfedbc5d53791ad9ac,1401/04/31,147136246.0,314692721.0,25258900.0
f014eb1a1c5399dfedbc5d53791ad9ac,1401/05/31,172234894.0,359226324.0,44533603.0
f014eb1a1c5399dfedbc5d53791ad9ac,1401/06/31,197398681.0,431582823.0,74759205.0
f014eb1a1c5399dfedbc5d53791ad9ac,1401/07/30,23469535.0,27822537.0,27822537.0
f014eb1a1c5399dfedbc5d53791ad9ac,1401/08/30,50746490.0,77598920.0,49776383.0
f014eb1a1c5399dfedbc5d53791ad9ac,1401/09/30,94387382.0,110842812.0,33243892.0
f014eb1a1c5399dfedbc5d53791ad9ac,1401/10/30,113065867.0,132051938.0,21092884.0
f014eb1a1c5399dfedbc5d53791ad9ac,1401/11/30,133784976.0,153640957.0,21589019.0
f014eb1a1c5399dfedbc5d53791ad9ac,1401/12/29,161373844.0,171855821.0,18214864.0
f014eb1a1c5399dfedbc5d53791ad9ac,1402/01/31,210234694.0,198118971.0,26263150.0
f014eb1a1c5399dfedbc5d53791ad9ac,1402/02/31,249356018.0,239524601.0,32074618.0
f014eb1a1c5399dfedbc5d53791ad9ac,1402/03/31,289433821.0,250627185.0,20433596.0
f014eb1a1c5399dfedbc5d53791ad9ac,1402/04/31,314692721.0,279914435.0,29287250.0
f014eb1a1c5399dfedbc5d53791ad9ac,1402/05/31,359226324.0,313823014.0,33908579.0
f014eb1a1c5399dfedbc5d53791ad9ac,1402/06/31,431582823.0,347856284.0,34445824.0
f014eb1a1c5399dfedbc5d53791ad9ac,1402/07/30,27822536.0,34390942.0,34390942.0
f014eb1a1c5399dfedbc5d53791ad9ac,1402/08/30,77598920.0,67895257.0,33504315.0
f014eb1a1c5399dfedbc5d53791ad9ac,1402/09/30,110842812.0,94721889.0,26828628.0
f014eb1a1c5399dfedbc5d53791ad9ac,1402/10/30,132051938.0,118904139.0,24182250.0
f014eb1a1c5399dfedbc5d53791ad9ac,1402/11/30,153640956.0,143626055.0,24721916.0
f014eb1a1c5399dfedbc5d53791ad9ac,1402/12/29,171855821.0,190616135.0,42749390.0
f014eb1a1c5399dfedbc5d53791ad9ac,1403/01/31,198118971.0,224057362.0,33441227.0
f014eb1a1c5399dfedbc5d53791ad9ac,1403/02/31,230193589.0,259635186.0,35577824.0
f014eb1a1c5399dfedbc5d53791ad9ac,1403/03/31,250627185.0,297717067.0,38357804.0
f014eb1a1c5399dfedbc5d53791ad9ac,1403/04/31,279914435.0,332569225.0,34852158.0
f014eb1a1c5399dfedbc5d53791ad9ac,1403/05/31,313823014.0,370188535.0,37619310.0
f014eb1a1c5399dfedbc5d53791ad9ac,1403/06/31,347856284.0,424017801.0,53845912.0
f014eb1a1c5399dfedbc5d53791ad9ac,1403/07/30,27822536.0,30623326.0,30623326.0
f014eb1a1c5399dfedbc5d53791ad9ac,1403/08/30,67895257.0,67126815.0,38403788.0
f014eb1a1c5399dfedbc5d53791ad9ac,1403/09/30,94721889.0,99624138.0,31743126.0
f014eb1a1c5399dfedbc5d53791ad9ac,1403/10/30,118904139.0,130312110.0,30552073.0
f014eb1a1c5399dfedbc5d53791ad9ac,1403/11/30,143626055.0,155562575.0,25250465.0
f014eb1a1c5399dfedbc5d53791ad9ac,1403/12/30,190616135.0,241023196.0,71928347.0
f014eb1a1c5399dfedbc5d53791ad9ac,1404/01/31,224057362.0,274294798.0,33271602.0
f014eb1a1c5399dfedbc5d53791ad9ac,1404/02/31,259635186.0,346701650.0,72406852.0
f014eb1a1c5399dfedbc5d53791ad9ac,1404/03/31,297717067.0,383436650.0,36735000.0
f014eb1a1c5399dfedbc5d53791ad9ac,1404/04/31,332569225.0,443611540.0,60174890.0
f014eb1a1c5399dfedbc5d53791ad9ac,1404/05/31,370188535.0,534243209.0,80008748.0
f014eb1a1c5399dfedbc5d53791ad9ac,1404/06/31,424017801.0,601148181.0,66904972.0
f014eb1a1c5399dfedbc5d53791ad9ac,1404/07/30,30623326.0,79882800.0,79882800.0
f014eb1a1c5399dfedbc5d53791ad9ac,1404/08/30,67126815.0,170063595.0,90180795.0
f014eb1a1c5399dfedbc5d53791ad9ac,1404/09/30,36163815.0,3903701.0,82035709.0
f014eb1a1c5399dfedbc5d53791ad9ac,1404/10/30,130312110.0,336594656.0,94206795.0
f014eb1a1c5399dfedbc5d53791ad9ac,1404/11/30,13012987.0,9109286.0,62528650.0
f014eb1a1c5399dfedbc5d53791ad9ac,1404/12/29,17894438.0,4881451.0,167473185.0
f014eb1a1c5399dfedbc5d53791ad9ac,1405/01/30,25869573.0,7975135.0,50503170.0
f014eb1a1c5399dfedbc5d53791ad9ac,1405/02/31,346701650.0,621354064.0,5195480.0
f014eb1a1c5399dfedbc5d53791ad9ac,1405/03/31,0.0,0.0,39101270.0
f014eb1a1c5399dfedbc5d53791ad9ac,1405/04/31,0.0,0.0,56440224.0
f014eb1a1c5399dfedbc5d53791ad9ac,1405/05/31,0.0,0.0,113609288.0
f165f6d8af88d6563894b42f26df2b45,1399/01/31,5208431.0,821060.0,410530.0
f165f6d8af88d6563894b42f26df2b45,1399/02/31,5315244.0,795022.0,384492.0
f165f6d8af88d6563894b42f26df2b45,1399/03/31,5315244.0,1383517.0,588495.0
f165f6d8af88d6563894b42f26df2b45,1399/04/31,5315244.0,1980675.0,597158.0
f165f6d8af88d6563894b42f26df2b45,1399/05/31,5376786.0,2545112.0,564437.0
f165f6d8af88d6563894b42f26df2b45,1399/06/31,5376786.0,3430332.0,885220.0
f165f6d8af88d6563894b42f26df2b45,1399/07/30,5376786.0,4044561.0,599956.0
f165f6d8af88d6563894b42f26df2b45,1399/08/30,5376786.0,4844934.0,800373.0
f165f6d8af88d6563894b42f26df2b45,1399/09/30,5376786.0,5766024.0,921090.0
f165f6d8af88d6563894b42f26df2b45,1399/10/30,5376786.0,6602867.0,836843.0
f165f6d8af88d6563894b42f26df2b45,1399/11/30,5376786.0,7417586.0,814719.0
f165f6d8af88d6563894b42f26df2b45,1399/12/30,5376786.0,8503870.0,1086284.0
f165f6d8af88d6563894b42f26df2b45,1400/01/31,8340732.0,827837.0,827837.0
f165f6d8af88d6563894b42f26df2b45,1400/02/31,8357497.0,1637739.0,809902.0
f165f6d8af88d6563894b42f26df2b45,1400/03/31,8357497.0,2255464.0,617725.0
f165f6d8af88d6563894b42f26df2b45,1400/04/31,8503870.0,3224195.0,968731.0
f165f6d8af88d6563894b42f26df2b45,1400/05/31,8503870.0,4139760.0,915565.0
f165f6d8af88d6563894b42f26df2b45,1400/06/31,8503870.0,5124449.0,984689.0
f165f6d8af88d6563894b42f26df2b45,1400/07/30,8503870.0,5872516.0,748067.0
f165f6d8af88d6563894b42f26df2b45,1400/08/30,8503870.0,6786228.0,913712.0
f165f6d8af88d6563894b42f26df2b45,1400/09/30,8503870.0,7798841.0,1012613.0
f165f6d8af88d6563894b42f26df2b45,1400/10/30,8503870.0,8553057.0,754216.0
f165f6d8af88d6563894b42f26df2b45,1400/11/30,8503870.0,9631138.0,1081320.0
f165f6d8af88d6563894b42f26df2b45,1400/12/29,8503870.0,10705174.0,1074036.0
f165f6d8af88d6563894b42f26df2b45,1401/01/31,10609730.0,929094.0,929094.0
f165f6d8af88d6563894b42f26df2b45,1401/02/31,10705174.0,1841462.0,912368.0
f165f6d8af88d6563894b42f26df2b45,1401/03/31,10867895.0,2931474.0,1090012.0
f165f6d8af88d6563894b42f26df2b45,1401/04/31,10867895.0,4150980.0,1219506.0
f165f6d8af88d6563894b42f26df2b45,1401/05/31,10867895.0,5480921.0,1329941.0
f165f6d8af88d6563894b42f26df2b45,1401/06/31,10867895.0,6673414.0,1192493.0
f165f6d8af88d6563894b42f26df2b45,1401/07/30,10867895.0,8035715.0,1213856.0
f165f6d8af88d6563894b42f26df2b45,1401/08/30,10867895.0,9514982.0,1479267.0
f165f6d8af88d6563894b42f26df2b45,1401/09/30,10867895.0,10716105.0,1201123.0
f165f6d8af88d6563894b42f26df2b45,1401/10/30,10867895.0,12015609.0,1299504.0
f165f6d8af88d6563894b42f26df2b45,1401/11/30,10867895.0,13359608.0,1343999.0
f165f6d8af88d6563894b42f26df2b45,1401/12/29,10867895.0,16311617.0,2952009.0
f165f6d8af88d6563894b42f26df2b45,1402/01/31,15043229.0,1443727.0,1443727.0
f165f6d8af88d6563894b42f26df2b45,1402/02/31,16311617.0,3333052.0,1889325.0
f165f6d8af88d6563894b42f26df2b45,1402/03/31,16311617.0,5857177.0,2524125.0
f165f6d8af88d6563894b42f26df2b45,1402/04/31,16311617.0,8363101.0,2751283.0
f165f6d8af88d6563894b42f26df2b45,1402/05/31,16311617.0,10852303.0,2489202.0
f165f6d8af88d6563894b42f26df2b45,1402/06/31,16311617.0,15233526.0,4381223.0
f165f6d8af88d6563894b42f26df2b45,1402/07/30,16311617.0,18544250.0,3310724.0
f165f6d8af88d6563894b42f26df2b45,1402/08/30,16311617.0,21964815.0,3420565.0
f165f6d8af88d6563894b42f26df2b45,1402/09/30,16311617.0,25172905.0,3208090.0
f165f6d8af88d6563894b42f26df2b45,1402/10/30,16311617.0,28502791.0,3290083.0
f165f6d8af88d6563894b42f26df2b45,1402/11/30,16311617.0,32347380.0,3844589.0
f165f6d8af88d6563894b42f26df2b45,1402/12/29,16311617.0,35435038.0,3087658.0
f165f6d8af88d6563894b42f26df2b45,1403/01/31,35435038.0,3999504.0,3999504.0
f165f6d8af88d6563894b42f26df2b45,1403/02/31,36314215.0,8481019.0,4481515.0
f165f6d8af88d6563894b42f26df2b45,1403/03/31,36314215.0,13191172.0,4710153.0
f165f6d8af88d6563894b42f26df2b45,1403/04/30,36730196.0,19013652.0,5822480.0
f165f6d8af88d6563894b42f26df2b45,1403/05/31,36730196.0,24349172.0,5335520.0
f165f6d8af88d6563894b42f26df2b45,1403/06/31,36730196.0,31120233.0,6771061.0
f165f6d8af88d6563894b42f26df2b45,1403/07/30,36730195.0,37387060.0,6500793.0
f165f6d8af88d6563894b42f26df2b45,1403/08/30,36730195.0,41954665.0,4567605.0
f165f6d8af88d6563894b42f26df2b45,1403/09/30,36730195.0,44762465.0,4424653.0
f165f6d8af88d6563894b42f26df2b45,1403/10/30,36730195.0,50515740.0,5753275.0
f165f6d8af88d6563894b42f26df2b45,1403/11/30,36730195.0,56125972.0,5610232.0
f165f6d8af88d6563894b42f26df2b45,1403/12/30,36730195.0,62379256.0,6253284.0
f165f6d8af88d6563894b42f26df2b45,1404/01/31,62379256.0,5507717.0,5507717.0
f165f6d8af88d6563894b42f26df2b45,1404/02/31,62379257.0,11029670.0,5521953.0
f165f6d8af88d6563894b42f26df2b45,1404/03/31,62379257.0,14724698.0,3695028.0
f165f6d8af88d6563894b42f26df2b45,1404/04/31,62379257.0,19875366.0,5150668.0
f165f6d8af88d6563894b42f26df2b45,1404/05/31,62379257.0,24082760.0,4207394.0
f165f6d8af88d6563894b42f26df2b45,1404/06/31,62379257.0,28975408.0,4892648.0
f165f6d8af88d6563894b42f26df2b45,1404/07/30,62379257.0,35662474.0,5368756.0
f165f6d8af88d6563894b42f26df2b45,1404/08/30,62379257.0,40800227.0,5137753.0
f165f6d8af88d6563894b42f26df2b45,1404/09/30,62379257.0,46301903.0,5501676.0
f165f6d8af88d6563894b42f26df2b45,1404/10/30,62379257.0,53635164.0,7333261.0
f165f6d8af88d6563894b42f26df2b45,1404/11/30,62379257.0,62639118.0,9003954.0
f165f6d8af88d6563894b42f26df2b45,1404/12/29,62379257.0,68473012.0,5833894.0
f165f6d8af88d6563894b42f26df2b45,1405/01/31,68473012.0,3711885.0,3711885.0
f165f6d8af88d6563894b42f26df2b45,1405/02/31,68473012.0,7958880.0,4249541.0
f165f6d8af88d6563894b42f26df2b45,1405/03/31,0.0,0.0,6221510.0
f165f6d8af88d6563894b42f26df2b45,1405/04/31,0.0,0.0,5566456.0
f204dcb930e5f3c8891436b434ca7ef8,1399/06/31,0.0,0.0,1845240.0
f204dcb930e5f3c8891436b434ca7ef8,1399/07/30,0.0,0.0,2427181.0
f204dcb930e5f3c8891436b434ca7ef8,1399/08/30,0.0,0.0,2398829.0
f204dcb930e5f3c8891436b434ca7ef8,1399/09/30,0.0,0.0,2662571.0
f204dcb930e5f3c8891436b434ca7ef8,1399/10/30,0.0,0.0,2037393.0
f204dcb930e5f3c8891436b434ca7ef8,1399/11/30,0.0,0.0,3570013.0
f204dcb930e5f3c8891436b434ca7ef8,1399/12/30,0.0,0.0,5357339.0
f204dcb930e5f3c8891436b434ca7ef8,1400/01/31,0.0,0.0,2584033.0
f204dcb930e5f3c8891436b434ca7ef8,1400/02/31,0.0,0.0,2936999.0
f204dcb930e5f3c8891436b434ca7ef8,1400/03/31,0.0,0.0,2344752.0
f204dcb930e5f3c8891436b434ca7ef8,1400/04/31,0.0,0.0,1450196.0
f204dcb930e5f3c8891436b434ca7ef8,1400/05/31,0.0,0.0,4148826.0
f204dcb930e5f3c8891436b434ca7ef8,1400/06/31,0.0,0.0,3840037.0
f204dcb930e5f3c8891436b434ca7ef8,1400/07/30,0.0,0.0,2499284.0
f204dcb930e5f3c8891436b434ca7ef8,1400/08/30,0.0,0.0,3943727.0
f204dcb930e5f3c8891436b434ca7ef8,1400/09/30,0.0,0.0,4154852.0
f204dcb930e5f3c8891436b434ca7ef8,1400/10/30,0.0,0.0,3025258.0
f204dcb930e5f3c8891436b434ca7ef8,1400/11/30,0.0,0.0,4055694.0
f204dcb930e5f3c8891436b434ca7ef8,1400/12/29,0.0,0.0,4504321.0
f204dcb930e5f3c8891436b434ca7ef8,1401/01/31,2584033.0,3316015.0,3316015.0
f204dcb930e5f3c8891436b434ca7ef8,1401/02/31,5521032.0,7115724.0,3799709.0
f204dcb930e5f3c8891436b434ca7ef8,1401/03/31,7865784.0,11809522.0,4693798.0
f204dcb930e5f3c8891436b434ca7ef8,1401/04/31,9315980.0,14680329.0,2870807.0
f204dcb930e5f3c8891436b434ca7ef8,1401/05/31,13464806.0,16550379.0,1870050.0
f204dcb930e5f3c8891436b434ca7ef8,1401/06/31,17077170.0,18683617.0,2133238.0
f204dcb930e5f3c8891436b434ca7ef8,1401/07/30,19804127.0,21945678.0,3262061.0
f204dcb930e5f3c8891436b434ca7ef8,1401/08/30,23354547.0,26071217.0,3882016.0
f204dcb930e5f3c8891436b434ca7ef8,1401/09/30,27509399.0,30057981.0,3986764.0
f204dcb930e5f3c8891436b434ca7ef8,1401/10/30,30534657.0,34163735.0,4105754.0
f204dcb930e5f3c8891436b434ca7ef8,1401/11/30,34590351.0,37979619.0,3815884.0
f204dcb930e5f3c8891436b434ca7ef8,1401/12/29,39094672.0,42582126.0,4602507.0
f204dcb930e5f3c8891436b434ca7ef8,1402/01/31,3316015.0,2487532.0,2487532.0
f204dcb930e5f3c8891436b434ca7ef8,1402/02/31,7115724.0,7205971.0,4718439.0
f204dcb930e5f3c8891436b434ca7ef8,1402/03/31,11809522.0,11252216.0,4046245.0
f204dcb930e5f3c8891436b434ca7ef8,1402/04/31,14680329.0,13941376.0,2684093.0
f204dcb930e5f3c8891436b434ca7ef8,1402/05/31,16550379.0,17931258.0,3989882.0
f204dcb930e5f3c8891436b434ca7ef8,1402/06/31,18683617.0,21437075.0,3505817.0
f204dcb930e5f3c8891436b434ca7ef8,1402/07/30,21945678.0,24829416.0,3392341.0
f204dcb930e5f3c8891436b434ca7ef8,1402/08/30,26071217.0,28108353.0,3278937.0
f204dcb930e5f3c8891436b434ca7ef8,1402/09/30,30057981.0,31947795.0,3839442.0
f204dcb930e5f3c8891436b434ca7ef8,1402/10/30,34163735.0,35849462.0,3901667.0
f204dcb930e5f3c8891436b434ca7ef8,1402/11/30,37979619.0,40914992.0,5065530.0
f204dcb930e5f3c8891436b434ca7ef8,1402/12/29,42582126.0,46016693.0,5101701.0
f204dcb930e5f3c8891436b434ca7ef8,1403/01/31,2487532.0,3327658.0,3327658.0
f204dcb930e5f3c8891436b434ca7ef8,1403/02/31,7205971.0,9168710.0,5841052.0
f204dcb930e5f3c8891436b434ca7ef8,1403/03/31,11252216.0,12969799.0,3801089.0
f204dcb930e5f3c8891436b434ca7ef8,1403/04/31,13941376.0,17138862.0,4169063.0
f204dcb930e5f3c8891436b434ca7ef8,1403/05/31,17931258.0,21337683.0,4198821.0
f204dcb930e5f3c8891436b434ca7ef8,1403/06/31,21437075.0,24249940.0,2912257.0
f204dcb930e5f3c8891436b434ca7ef8,1403/07/30,24829416.0,28485118.0,4235178.0
f204dcb930e5f3c8891436b434ca7ef8,1403/08/30,28108353.0,34250405.0,5765287.0
f204dcb930e5f3c8891436b434ca7ef8,1403/09/30,31947795.0,39008518.0,4758113.0
f204dcb930e5f3c8891436b434ca7ef8,1403/10/30,35849462.0,44823735.0,5815217.0
f204dcb930e5f3c8891436b434ca7ef8,1403/11/30,40914992.0,51482941.0,6659206.0
f204dcb930e5f3c8891436b434ca7ef8,1403/12/30,46016693.0,62470217.0,10987276.0
f204dcb930e5f3c8891436b434ca7ef8,1404/01/31,3327658.0,4293950.0,4293950.0
f204dcb930e5f3c8891436b434ca7ef8,1404/02/31,9168710.0,11456564.0,7162614.0
f204dcb930e5f3c8891436b434ca7ef8,1404/03/31,12969799.0,14505542.0,3048978.0
f204dcb930e5f3c8891436b434ca7ef8,1404/04/31,12969799.0,19749822.0,5244280.0
f204dcb930e5f3c8891436b434ca7ef8,1404/05/31,21337683.0,24422467.0,4672645.0
f204dcb930e5f3c8891436b434ca7ef8,1404/06/31,24249940.0,29404220.0,4981753.0
f204dcb930e5f3c8891436b434ca7ef8,1404/07/30,169764.0,35810151.0,6405931.0
f204dcb930e5f3c8891436b434ca7ef8,1404/08/30,34250405.0,43469290.0,7659118.0
f204dcb930e5f3c8891436b434ca7ef8,1404/09/30,39008518.0,51937615.0,8468325.0
f204dcb930e5f3c8891436b434ca7ef8,1404/10/30,39008518.0,61947401.0,10009786.0
f204dcb930e5f3c8891436b434ca7ef8,1404/11/30,50716266.0,70473986.0,8526585.0
f204dcb930e5f3c8891436b434ca7ef8,1404/12/29,61703542.0,77505633.0,7031647.0
f204dcb930e5f3c8891436b434ca7ef8,1405/01/31,4293950.0,457793.0,457793.0
f204dcb930e5f3c8891436b434ca7ef8,1405/02/31,11456564.0,19906121.0,19448328.0
f204dcb930e5f3c8891436b434ca7ef8,1405/03/31,0.0,0.0,12838284.0
f204dcb930e5f3c8891436b434ca7ef8,1405/04/31,0.0,0.0,14646562.0
f204dcb930e5f3c8891436b434ca7ef8,1405/05/31,0.0,0.0,5890436.0
f26e919a7e723cb5fb35be3a34b11035,1399/03/31,249452.0,292801.0,99420.0
f26e919a7e723cb5fb35be3a34b11035,1399/04/31,347820.0,448695.0,151320.0
f26e919a7e723cb5fb35be3a34b11035,1399/05/31,425019.0,597196.0,147685.0
f26e919a7e723cb5fb35be3a34b11035,1399/06/31,517858.0,802398.0,180144.0
f26e919a7e723cb5fb35be3a34b11035,1399/07/30,583661.0,966039.0,161134.0
f26e919a7e723cb5fb35be3a34b11035,1399/08/30,654292.0,1114151.0,147712.0
f26e919a7e723cb5fb35be3a34b11035,1399/09/30,764972.0,1376456.0,216932.0
f26e919a7e723cb5fb35be3a34b11035,1399/10/30,861881.0,1588473.0,211597.0
f26e919a7e723cb5fb35be3a34b11035,1399/11/30,966690.0,1766754.0,175475.0
f26e919a7e723cb5fb35be3a34b11035,1399/12/30,1012219.0,1866221.0,117835.0
f26e919a7e723cb5fb35be3a34b11035,1400/01/31,60672.0,154559.0,154559.0
f26e919a7e723cb5fb35be3a34b11035,1400/02/31,203504.0,373806.0,213342.0
f26e919a7e723cb5fb35be3a34b11035,1400/03/31,297375.0,601706.0,209141.0
f26e919a7e723cb5fb35be3a34b11035,1400/04/31,449511.0,820049.0,211003.0
f26e919a7e723cb5fb35be3a34b11035,1400/05/31,622254.0,1109294.0,287808.0
f26e919a7e723cb5fb35be3a34b11035,1400/06/31,805856.0,1384596.0,251592.0
f26e919a7e723cb5fb35be3a34b11035,1400/07/30,967389.0,1673771.0,290293.0
f26e919a7e723cb5fb35be3a34b11035,1400/08/30,1158283.0,1959120.0,281149.0
f26e919a7e723cb5fb35be3a34b11035,1400/09/30,1376876.0,2353390.0,355728.0
f26e919a7e723cb5fb35be3a34b11035,1400/10/30,1591279.0,2786494.0,379036.0
f26e919a7e723cb5fb35be3a34b11035,1400/11/30,1775047.0,3115642.0,320727.0
f26e919a7e723cb5fb35be3a34b11035,1400/12/29,1866221.0,3483722.0,319504.0
f26e919a7e723cb5fb35be3a34b11035,1401/01/31,160464.0,276215.0,276215.0
f26e919a7e723cb5fb35be3a34b11035,1401/02/31,382123.0,648426.0,365841.0
f26e919a7e723cb5fb35be3a34b11035,1401/03/31,609046.0,977819.0,305385.0
f26e919a7e723cb5fb35be3a34b11035,1401/04/31,821486.0,1198564.0,213121.0
f26e919a7e723cb5fb35be3a34b11035,1401/05/31,1085891.0,1421824.0,214849.0
f26e919a7e723cb5fb35be3a34b11035,1401/06/31,1383478.0,1612869.0,181113.0
f26e919a7e723cb5fb35be3a34b11035,1401/07/30,1673771.0,1806229.0,193360.0
f26e919a7e723cb5fb35be3a34b11035,1401/08/30,1997662.0,2161166.0,344244.0
f26e919a7e723cb5fb35be3a34b11035,1401/09/30,2407458.0,2367635.0,197549.0
f26e919a7e723cb5fb35be3a34b11035,1401/10/30,2794915.0,2427149.0,59514.0
f26e919a7e723cb5fb35be3a34b11035,1401/11/30,3164218.0,2577887.0,151181.0
f26e919a7e723cb5fb35be3a34b11035,1401/12/29,3483722.0,3272582.0,716457.0
f26e919a7e723cb5fb35be3a34b11035,1402/01/31,282585.0,303486.0,303486.0
f26e919a7e723cb5fb35be3a34b11035,1402/02/31,625409.0,613835.0,297733.0
f26e919a7e723cb5fb35be3a34b11035,1402/03/31,985446.0,1037556.0,434252.0
f26e919a7e723cb5fb35be3a34b11035,1402/04/31,1206971.0,1406348.0,368792.0
f26e919a7e723cb5fb35be3a34b11035,1402/05/31,1431756.0,1674886.0,270652.0
f26e919a7e723cb5fb35be3a34b11035,1402/06/31,1612869.0,1954904.0,280018.0
f26e919a7e723cb5fb35be3a34b11035,1402/07/30,1816922.0,2492219.0,537315.0
f26e919a7e723cb5fb35be3a34b11035,1402/08/30,2146436.0,3123055.0,624419.0
f26e919a7e723cb5fb35be3a34b11035,1402/09/30,2343985.0,3700918.0,597455.0
f26e919a7e723cb5fb35be3a34b11035,1402/10/30,2402161.0,4160484.0,459566.0
f26e919a7e723cb5fb35be3a34b11035,1402/11/30,2578759.0,4487223.0,323061.0
f26e919a7e723cb5fb35be3a34b11035,1402/12/29,3272582.0,4841235.0,347008.0
f26e919a7e723cb5fb35be3a34b11035,1403/01/31,312093.0,158875.0,158875.0
f26e919a7e723cb5fb35be3a34b11035,1403/02/31,603304.0,540749.0,384215.0
f26e919a7e723cb5fb35be3a34b11035,1403/03/31,1037556.0,1265849.0,728003.0
f26e919a7e723cb5fb35be3a34b11035,1403/04/31,1404234.0,1610929.0,345080.0
f26e919a7e723cb5fb35be3a34b11035,1403/05/31,1676757.0,1945825.0,358034.0
f26e919a7e723cb5fb35be3a34b11035,1403/06/31,1954904.0,2223885.0,276142.0
f26e919a7e723cb5fb35be3a34b11035,1403/07/30,2498637.0,2709282.0,485397.0
f26e919a7e723cb5fb35be3a34b11035,1403/08/30,3103463.0,3272891.0,549957.0
f26e919a7e723cb5fb35be3a34b11035,1403/09/30,3700918.0,3660300.0,379608.0
f26e919a7e723cb5fb35be3a34b11035,1403/10/30,4164162.0,4331392.0,671092.0
f26e919a7e723cb5fb35be3a34b11035,1403/11/30,4493310.0,4864021.0,524001.0
f26e919a7e723cb5fb35be3a34b11035,1403/12/29,4841235.0,5580013.0,693056.0
f26e919a7e723cb5fb35be3a34b11035,1403/12/30,4841235.0,5578741.0,693742.0
f26e919a7e723cb5fb35be3a34b11035,1404/01/31,156534.0,382715.0,382715.0
f26e919a7e723cb5fb35be3a34b11035,1404/02/31,537843.0,894701.0,480169.0
f26e919a7e723cb5fb35be3a34b11035,1404/03/31,1265847.0,1363420.0,458499.0
f26e919a7e723cb5fb35be3a34b11035,1404/04/31,1587791.0,2021681.0,659375.0
f26e919a7e723cb5fb35be3a34b11035,1404/05/31,1947743.0,2852448.0,851406.0
f26e919a7e723cb5fb35be3a34b11035,1404/06/31,2223885.0,3614951.0,773390.0
f26e919a7e723cb5fb35be3a34b11035,1404/07/30,2722936.0,4446001.0,831653.0
f26e919a7e723cb5fb35be3a34b11035,1404/08/30,3281406.0,5537409.0,1064941.0
f26e919a7e723cb5fb35be3a34b11035,1404/09/30,3660302.0,6496627.0,982933.0
f26e919a7e723cb5fb35be3a34b11035,1404/10/30,4331392.0,7802096.0,1297719.0
f26e919a7e723cb5fb35be3a34b11035,1404/11/30,0.0,0.0,1240953.0
f26e919a7e723cb5fb35be3a34b11035,1404/12/29,0.0,0.0,954747.0
f26e919a7e723cb5fb35be3a34b11035,1405/01/31,0.0,0.0,1108264.0
f26e919a7e723cb5fb35be3a34b11035,1405/02/31,0.0,0.0,1490430.0
f26e919a7e723cb5fb35be3a34b11035,1405/03/31,0.0,0.0,1696905.0
f26e919a7e723cb5fb35be3a34b11035,1405/04/31,0.0,0.0,1610523.0
f26e919a7e723cb5fb35be3a34b11035,1405/05/31,0.0,0.0,1623423.0
f785e696c04d1a51b6e88f62deefacb3,1401/04/31,0.0,0.0,16697878.0
f785e696c04d1a51b6e88f62deefacb3,1401/05/31,0.0,0.0,12266064.0
f785e696c04d1a51b6e88f62deefacb3,1401/06/31,0.0,0.0,10909431.0
f785e696c04d1a51b6e88f62deefacb3,1401/07/30,0.0,0.0,12078635.0
f785e696c04d1a51b6e88f62deefacb3,1401/08/30,0.0,0.0,12618964.0
f785e696c04d1a51b6e88f62deefacb3,1401/09/30,0.0,0.0,8511560.0
f785e696c04d1a51b6e88f62deefacb3,1401/10/30,0.0,0.0,10882349.0
f785e696c04d1a51b6e88f62deefacb3,1401/11/30,0.0,0.0,12794643.0
f785e696c04d1a51b6e88f62deefacb3,1401/12/29,0.0,0.0,15147508.0
f785e696c04d1a51b6e88f62deefacb3,1402/01/31,0.0,0.0,8845668.0
f785e696c04d1a51b6e88f62deefacb3,1402/02/31,0.0,0.0,13838477.0
f785e696c04d1a51b6e88f62deefacb3,1402/03/31,0.0,0.0,13818536.0
f785e696c04d1a51b6e88f62deefacb3,1402/04/31,0.0,0.0,16881612.0
f785e696c04d1a51b6e88f62deefacb3,1402/05/31,0.0,0.0,16216020.0
f785e696c04d1a51b6e88f62deefacb3,1402/06/31,0.0,0.0,15996594.0
f785e696c04d1a51b6e88f62deefacb3,1402/07/30,0.0,0.0,15312388.0
f785e696c04d1a51b6e88f62deefacb3,1402/08/30,0.0,0.0,8921378.0
f785e696c04d1a51b6e88f62deefacb3,1402/09/30,0.0,0.0,14147997.0
f785e696c04d1a51b6e88f62deefacb3,1402/10/30,0.0,0.0,21357397.0
f785e696c04d1a51b6e88f62deefacb3,1402/11/30,0.0,0.0,21945745.0
f785e696c04d1a51b6e88f62deefacb3,1402/12/29,0.0,0.0,22292683.0
f785e696c04d1a51b6e88f62deefacb3,1403/01/31,0.0,0.0,7804358.0
f785e696c04d1a51b6e88f62deefacb3,1403/02/31,0.0,0.0,24615100.0
f785e696c04d1a51b6e88f62deefacb3,1403/03/31,0.0,0.0,21489868.0
f785e696c04d1a51b6e88f62deefacb3,1403/04/31,0.0,0.0,17428754.0
f785e696c04d1a51b6e88f62deefacb3,1403/05/31,0.0,0.0,12495856.0
f785e696c04d1a51b6e88f62deefacb3,1403/06/31,0.0,0.0,27361119.0
f785e696c04d1a51b6e88f62deefacb3,1403/07/30,0.0,0.0,21388745.0
f785e696c04d1a51b6e88f62deefacb3,1403/08/30,0.0,0.0,19927180.0
f785e696c04d1a51b6e88f62deefacb3,1403/09/30,0.0,0.0,20843796.0
f785e696c04d1a51b6e88f62deefacb3,1403/10/30,0.0,0.0,22595356.0
f785e696c04d1a51b6e88f62deefacb3,1403/11/30,0.0,0.0,23256458.0
f785e696c04d1a51b6e88f62deefacb3,1403/12/30,0.0,0.0,52201894.0
f785e696c04d1a51b6e88f62deefacb3,1404/01/31,0.0,0.0,14722705.0
f785e696c04d1a51b6e88f62deefacb3,1404/02/31,0.0,0.0,22944153.0
f785e696c04d1a51b6e88f62deefacb3,1404/03/31,0.0,0.0,21988326.0
f785e696c04d1a51b6e88f62deefacb3,1404/04/31,0.0,0.0,25710687.0
f785e696c04d1a51b6e88f62deefacb3,1404/05/31,0.0,0.0,27008165.0
f785e696c04d1a51b6e88f62deefacb3,1404/06/31,0.0,0.0,29558051.0
f785e696c04d1a51b6e88f62deefacb3,1404/07/30,0.0,0.0,42998865.0
f785e696c04d1a51b6e88f62deefacb3,1404/08/30,0.0,0.0,36423340.0
f785e696c04d1a51b6e88f62deefacb3,1404/09/30,0.0,0.0,46362306.0
f785e696c04d1a51b6e88f62deefacb3,1404/10/30,0.0,0.0,65052264.0
f785e696c04d1a51b6e88f62deefacb3,1404/11/30,0.0,0.0,66686002.0
f785e696c04d1a51b6e88f62deefacb3,1404/12/29,0.0,0.0,44014390.0
f785e696c04d1a51b6e88f62deefacb3,1405/01/31,0.0,0.0,88114304.0
f785e696c04d1a51b6e88f62deefacb3,1405/02/31,0.0,0.0,66365275.0
f785e696c04d1a51b6e88f62deefacb3,1405/03/31,0.0,0.0,96338833.0
f785e696c04d1a51b6e88f62deefacb3,1405/04/31,0.0,0.0,44870413.0
f785e696c04d1a51b6e88f62deefacb3,1405/05/31,0.0,0.0,57107929.0
f8449f411289fa0775dc1618a83c922b,1400/01/31,5751426.0,537304.0,537304.0
f8449f411289fa0775dc1618a83c922b,1400/02/31,5751426.0,1139856.0,602552.0
f8449f411289fa0775dc1618a83c922b,1400/03/31,5751426.0,1720121.0,580265.0
f8449f411289fa0775dc1618a83c922b,1400/04/31,5751426.0,2503257.0,783136.0
f8449f411289fa0775dc1618a83c922b,1400/05/31,5751426.0,3132274.0,629017.0
f8449f411289fa0775dc1618a83c922b,1400/06/31,5751426.0,4017818.0,885544.0
f8449f411289fa0775dc1618a83c922b,1400/07/30,5751426.0,4717146.0,699328.0
f8449f411289fa0775dc1618a83c922b,1400/08/30,5751426.0,5466706.0,749560.0
f8449f411289fa0775dc1618a83c922b,1400/09/30,5751426.0,6182159.0,715453.0
f8449f411289fa0775dc1618a83c922b,1400/10/30,5751426.0,6893713.0,711554.0
f8449f411289fa0775dc1618a83c922b,1400/11/30,5751426.0,7636597.0,742884.0
f8449f411289fa0775dc1618a83c922b,1400/12/29,5751426.0,8312976.0,676379.0
f8449f411289fa0775dc1618a83c922b,1401/01/31,8312976.0,831199.0,831199.0
f8449f411289fa0775dc1618a83c922b,1401/02/31,8312976.0,1783366.0,952167.0
f8449f411289fa0775dc1618a83c922b,1401/03/31,8312976.0,2826103.0,1042737.0
f8449f411289fa0775dc1618a83c922b,1401/04/31,8346492.0,3886685.0,1060582.0
f8449f411289fa0775dc1618a83c922b,1401/05/31,8346492.0,4974128.0,1087443.0
f8449f411289fa0775dc1618a83c922b,1401/06/31,8346492.0,6126991.0,1152863.0
f8449f411289fa0775dc1618a83c922b,1401/07/30,8346492.0,7086830.0,959839.0
f8449f411289fa0775dc1618a83c922b,1401/08/30,8346492.0,8068930.0,982100.0
f8449f411289fa0775dc1618a83c922b,1401/09/30,8346492.0,9282570.0,1213640.0
f8449f411289fa0775dc1618a83c922b,1401/10/30,8346492.0,10423328.0,1140758.0
f8449f411289fa0775dc1618a83c922b,1401/11/30,8346492.0,11637185.0,1213857.0
f8449f411289fa0775dc1618a83c922b,1401/12/29,8346492.0,13003021.0,1365836.0
f8449f411289fa0775dc1618a83c922b,1402/01/31,13003021.0,1385466.0,1385466.0
f8449f411289fa0775dc1618a83c922b,1402/02/31,13003021.0,2905577.0,1520111.0
f8449f411289fa0775dc1618a83c922b,1402/03/31,13015669.0,4558703.0,1653126.0
f8449f411289fa0775dc1618a83c922b,1402/04/31,13044345.0,6259058.0,1700355.0
f8449f411289fa0775dc1618a83c922b,1402/05/31,13044345.0,7932162.0,1673104.0
f8449f411289fa0775dc1618a83c922b,1402/06/31,13044345.0,9660562.0,1728400.0
f8449f411289fa0775dc1618a83c922b,1402/07/30,13044345.0,11264626.0,1604064.0
f8449f411289fa0775dc1618a83c922b,1402/08/30,13044345.0,12980118.0,1715492.0
f8449f411289fa0775dc1618a83c922b,1402/09/30,13044345.0,14842943.0,1862825.0
f8449f411289fa0775dc1618a83c922b,1402/10/30,13044345.0,16662925.0,1819982.0
f8449f411289fa0775dc1618a83c922b,1402/11/30,13044345.0,18668280.0,2005355.0
f8449f411289fa0775dc1618a83c922b,1402/12/29,13044345.0,20939293.0,2271013.0
f8449f411289fa0775dc1618a83c922b,1403/01/31,20939293.0,1917086.0,1917086.0
f8449f411289fa0775dc1618a83c922b,1403/02/31,20939293.0,4266207.0,2349121.0
f8449f411289fa0775dc1618a83c922b,1403/03/31,20939295.0,6536685.0,2270478.0
f8449f411289fa0775dc1618a83c922b,1403/04/31,20939295.0,9026197.0,2489512.0
f8449f411289fa0775dc1618a83c922b,1403/05/31,20939295.0,11444369.0,2418172.0
f8449f411289fa0775dc1618a83c922b,1403/06/31,20939295.0,13815879.0,2371510.0
f8449f411289fa0775dc1618a83c922b,1403/07/30,20939295.0,16375736.0,2559857.0
f8449f411289fa0775dc1618a83c922b,1403/08/30,20939295.0,18986358.0,2610622.0
f8449f411289fa0775dc1618a83c922b,1403/09/30,20939295.0,21813092.0,2826734.0
f8449f411289fa0775dc1618a83c922b,1403/10/30,20939295.0,24502693.0,2689601.0
f8449f411289fa0775dc1618a83c922b,1403/11/30,20939295.0,27070316.0,2567623.0
f8449f411289fa0775dc1618a83c922b,1403/12/30,20939295.0,29750646.0,2680330.0
f8449f411289fa0775dc1618a83c922b,1404/01/31,29750646.0,2455891.0,2455891.0
f8449f411289fa0775dc1618a83c922b,1404/02/31,29750646.0,5132890.0,2676999.0
f8449f411289fa0775dc1618a83c922b,1404/03/31,29749858.0,7952109.0,2819219.0
f8449f411289fa0775dc1618a83c922b,1404/04/31,29749858.0,11181615.0,3229506.0
f8449f411289fa0775dc1618a83c922b,1404/05/31,29749858.0,14339335.0,3157720.0
f8449f411289fa0775dc1618a83c922b,1404/06/31,29749858.0,17742759.0,3403424.0
f8449f411289fa0775dc1618a83c922b,1404/07/30,29749858.0,21273161.0,3530402.0
f8449f411289fa0775dc1618a83c922b,1404/08/30,29749858.0,24722362.0,3449201.0
f8449f411289fa0775dc1618a83c922b,1404/09/30,29749858.0,28654586.0,3932224.0
f8449f411289fa0775dc1618a83c922b,1404/10/30,29749858.0,31857766.0,3203180.0
f8449f411289fa0775dc1618a83c922b,1404/11/30,29749858.0,34863392.0,3005626.0
f8449f411289fa0775dc1618a83c922b,1404/12/29,29749858.0,37503043.0,2639651.0
f8449f411289fa0775dc1618a83c922b,1405/01/31,37503043.0,2358968.0,2358968.0
f8449f411289fa0775dc1618a83c922b,1405/02/31,37503043.0,5786672.0,3427704.0
f8449f411289fa0775dc1618a83c922b,1405/03/31,0.0,0.0,4573356.0
f8449f411289fa0775dc1618a83c922b,1405/04/31,0.0,0.0,4606726.0
fa2e3267b28da291dc990ba6910786d0,1399/02/31,5295144.0,4820362.0,2880040.0
fa2e3267b28da291dc990ba6910786d0,1399/03/31,7726096.0,7479820.0,2657812.0
fa2e3267b28da291dc990ba6910786d0,1399/04/31,10421585.0,12294369.0,4810682.0
fa2e3267b28da291dc990ba6910786d0,1399/05/31,13243891.0,17228303.0,4927164.0
fa2e3267b28da291dc990ba6910786d0,1399/06/31,15235120.0,23448148.0,6219845.0
fa2e3267b28da291dc990ba6910786d0,1399/07/30,17970494.0,28834619.0,5396281.0
fa2e3267b28da291dc990ba6910786d0,1399/08/30,20100144.0,34551667.0,5717048.0
fa2e3267b28da291dc990ba6910786d0,1399/09/30,23419330.0,41123930.0,6572263.0
fa2e3267b28da291dc990ba6910786d0,1399/10/30,26789694.0,50317667.0,9193737.0
fa2e3267b28da291dc990ba6910786d0,1399/11/30,30342089.0,56998338.0,6686907.0
fa2e3267b28da291dc990ba6910786d0,1399/12/30,33691872.0,65623854.0,8654031.0
fa2e3267b28da291dc990ba6910786d0,1400/01/31,1940322.0,5377528.0,5377528.0
fa2e3267b28da291dc990ba6910786d0,1400/02/31,4822008.0,13358038.0,7980510.0
fa2e3267b28da291dc990ba6910786d0,1400/03/31,7483687.0,19962620.0,6538924.0
fa2e3267b28da291dc990ba6910786d0,1400/04/31,12301139.0,28673507.0,8716291.0
fa2e3267b28da291dc990ba6910786d0,1401/10/30,77371760.0,75036459.0,9589391.0
fa2e3267b28da291dc990ba6910786d0,1401/11/30,84554192.0,85309107.0,10272648.0
fa2e3267b28da291dc990ba6910786d0,1401/12/29,93188097.0,94371810.0,9062703.0
fa2e3267b28da291dc990ba6910786d0,1402/01/31,6716337.0,5612800.0,5612800.0
fa2e3267b28da291dc990ba6910786d0,1402/02/31,15837600.0,14956892.0,9344092.0
fa2e3267b28da291dc990ba6910786d0,1402/03/31,24754945.0,28966814.0,14009922.0
fa2e3267b28da291dc990ba6910786d0,1402/04/31,32039257.0,40172320.0,11205506.0
fa2e3267b28da291dc990ba6910786d0,1402/05/31,41124647.0,47773476.0,7601155.0
fa2e3267b28da291dc990ba6910786d0,1402/06/31,47319146.0,55232842.0,7459366.0
fa2e3267b28da291dc990ba6910786d0,1402/07/30,53833042.0,63235084.0,8002242.0
fa2e3267b28da291dc990ba6910786d0,1402/08/30,59781529.0,69017992.0,5782908.0
fa2e3267b28da291dc990ba6910786d0,1402/09/30,65447068.0,73434486.0,4416494.0
fa2e3267b28da291dc990ba6910786d0,1402/10/30,75036459.0,83020656.0,9586170.0
fa2e3267b28da291dc990ba6910786d0,1402/11/30,85309108.0,94877523.0,11856867.0
fa2e3267b28da291dc990ba6910786d0,1402/12/29,94371810.0,107341053.0,12463531.0
fa2e3267b28da291dc990ba6910786d0,1403/01/31,5612800.0,7568886.0,7568886.0
fa2e3267b28da291dc990ba6910786d0,1403/02/31,14956892.0,20842049.0,13273163.0
fa2e3267b28da291dc990ba6910786d0,1403/03/31,28966814.0,30998822.0,10156773.0
fa2e3267b28da291dc990ba6910786d0,1403/04/31,40172321.0,42509792.0,11510970.0
fa2e3267b28da291dc990ba6910786d0,1403/05/31,47773476.0,55623546.0,13113754.0
fa2e3267b28da291dc990ba6910786d0,1403/06/31,55232842.0,65544476.0,9920930.0
fa2e3267b28da291dc990ba6910786d0,1403/07/30,63235084.0,77092338.0,11547862.0
fa2e3267b28da291dc990ba6910786d0,1403/08/30,69017992.0,88981858.0,11889521.0
fa2e3267b28da291dc990ba6910786d0,1403/09/30,73434486.0,100386839.0,11404980.0
fa2e3267b28da291dc990ba6910786d0,1403/10/30,83020655.0,115085952.0,14699113.0
fa2e3267b28da291dc990ba6910786d0,1403/11/30,94877522.0,133263009.0,18177058.0
fa2e3267b28da291dc990ba6910786d0,1403/12/30,107341053.0,154861264.0,21598254.0
fa2e3267b28da291dc990ba6910786d0,1404/01/31,7568886.0,6555238.0,6555238.0
fa2e3267b28da291dc990ba6910786d0,1404/02/31,20842049.0,21226276.0,14671038.0
fa2e3267b28da291dc990ba6910786d0,1404/03/31,30998822.0,37425428.0,16199153.0
fa2e3267b28da291dc990ba6910786d0,1404/04/31,42509792.0,55918261.0,18492833.0
fa2e3267b28da291dc990ba6910786d0,1404/05/31,55623546.0,73957121.0,18038860.0
fa2e3267b28da291dc990ba6910786d0,1404/06/31,65544476.0,95357712.0,21400591.0
fa2e3267b28da291dc990ba6910786d0,1404/07/30,77092337.0,114706660.0,19348948.0
fa2e3267b28da291dc990ba6910786d0,1404/08/30,88981858.0,137170846.0,22464186.0
fa2e3267b28da291dc990ba6910786d0,1404/09/30,100386839.0,161225426.0,24054581.0
fa2e3267b28da291dc990ba6910786d0,1404/10/30,115085952.0,191547743.0,30322317.0
fa2e3267b28da291dc990ba6910786d0,1404/11/30,0.0,0.0,33243846.0
fa2e3267b28da291dc990ba6910786d0,1404/12/29,0.0,0.0,17281305.0
fa2e3267b28da291dc990ba6910786d0,1405/01/30,1650630.0,1940322.0,10633567.0
fa2e3267b28da291dc990ba6910786d0,1405/01/31,0.0,0.0,10633567.0
fa2e3267b28da291dc990ba6910786d0,1405/02/31,21226275.0,29993919.0,19360352.0
fa2e3267b28da291dc990ba6910786d0,1405/03/31,0.0,0.0,21536202.0
fa2e3267b28da291dc990ba6910786d0,1405/04/31,0.0,0.0,27103549.0
fa2e3267b28da291dc990ba6910786d0,1405/05/31,0.0,0.0,33604662.0
fd32ba6ce155b8809f2066377e9eeccc,1401/01/31,61967.0,771913.0,771913.0
fd32ba6ce155b8809f2066377e9eeccc,1401/02/31,205221.0,1750295.0,978382.0
fd32ba6ce155b8809f2066377e9eeccc,1401/03/31,370459.0,2561986.0,811691.0
fd32ba6ce155b8809f2066377e9eeccc,1401/04/31,789573.0,3349144.0,787158.0
fd32ba6ce155b8809f2066377e9eeccc,1401/05/31,1069152.0,4332008.0,982864.0
fd32ba6ce155b8809f2066377e9eeccc,1401/06/31,1434823.0,5422018.0,1090010.0
fd32ba6ce155b8809f2066377e9eeccc,1401/07/30,2223838.0,6367711.0,945693.0
fd32ba6ce155b8809f2066377e9eeccc,1401/08/30,2956673.0,7486962.0,1119251.0
fd32ba6ce155b8809f2066377e9eeccc,1401/09/30,3715560.0,8534316.0,1047354.0
fd32ba6ce155b8809f2066377e9eeccc,1401/10/30,4500744.0,9599766.0,1065450.0
fd32ba6ce155b8809f2066377e9eeccc,1401/11/30,5330826.0,10681107.0,1081341.0
fd32ba6ce155b8809f2066377e9eeccc,1401/12/29,5869933.0,11447673.0,766566.0
fd32ba6ce155b8809f2066377e9eeccc,1402/01/31,776334.0,1072810.0,1072810.0
fd32ba6ce155b8809f2066377e9eeccc,1402/02/31,1750295.0,2259085.0,1186275.0
fd32ba6ce155b8809f2066377e9eeccc,1402/03/31,2561986.0,3470434.0,1211349.0
fd32ba6ce155b8809f2066377e9eeccc,1402/04/31,3349144.0,4691731.0,1221297.0
fd32ba6ce155b8809f2066377e9eeccc,1402/05/31,4332008.0,6045278.0,1353547.0
fd32ba6ce155b8809f2066377e9eeccc,1402/06/31,5422018.0,7416825.0,1371547.0
fd32ba6ce155b8809f2066377e9eeccc,1402/07/30,6367711.0,8799122.0,1382297.0
fd32ba6ce155b8809f2066377e9eeccc,1402/08/30,7486962.0,10498844.0,1699722.0
fd32ba6ce155b8809f2066377e9eeccc,1402/09/30,8534316.0,12011816.0,1512972.0
fd32ba6ce155b8809f2066377e9eeccc,1402/10/30,9599766.0,13443651.0,1431835.0
fd32ba6ce155b8809f2066377e9eeccc,1402/11/30,10681107.0,14875438.0,1431787.0
fd32ba6ce155b8809f2066377e9eeccc,1402/12/29,11447673.0,16075674.0,1200236.0
fd32ba6ce155b8809f2066377e9eeccc,1403/01/31,1072810.0,1242517.0,1242517.0
fd32ba6ce155b8809f2066377e9eeccc,1403/02/31,2259085.0,2642788.0,1400271.0
fd32ba6ce155b8809f2066377e9eeccc,1403/03/31,3470434.0,4090495.0,1447707.0
fd32ba6ce155b8809f2066377e9eeccc,1403/04/31,4691731.0,5262329.0,1171834.0
fd32ba6ce155b8809f2066377e9eeccc,1403/05/31,6045278.0,7012278.0,1749949.0
fd32ba6ce155b8809f2066377e9eeccc,1403/06/31,7416825.0,8701710.0,1689432.0
fd32ba6ce155b8809f2066377e9eeccc,1403/07/30,8799122.0,10361096.0,1659386.0
fd32ba6ce155b8809f2066377e9eeccc,1403/08/30,10498844.0,12112256.0,1751160.0
fd32ba6ce155b8809f2066377e9eeccc,1403/09/30,12011816.0,13931291.0,1819035.0
fd32ba6ce155b8809f2066377e9eeccc,1403/10/30,13443651.0,16238761.0,2307470.0
fd32ba6ce155b8809f2066377e9eeccc,1403/11/30,14875438.0,19019314.0,2780553.0
fd32ba6ce155b8809f2066377e9eeccc,1403/12/30,16075674.0,20984021.0,1963793.0
fd32ba6ce155b8809f2066377e9eeccc,1404/01/31,1242517.0,1933066.0,1933066.0
fd32ba6ce155b8809f2066377e9eeccc,1404/02/31,2642788.0,4871509.0,2933576.0
fd32ba6ce155b8809f2066377e9eeccc,1404/03/31,4090495.0,7202847.0,2320168.0
fd32ba6ce155b8809f2066377e9eeccc,1404/04/31,5262329.0,9574851.0,2372004.0
fd32ba6ce155b8809f2066377e9eeccc,1404/05/31,6045278.0,12195747.0,2618896.0
fd32ba6ce155b8809f2066377e9eeccc,1404/06/31,8701710.0,15358861.0,3163114.0
fd32ba6ce155b8809f2066377e9eeccc,1404/07/30,10361096.0,18670118.0,3311257.0
fd32ba6ce155b8809f2066377e9eeccc,1404/08/30,12112256.0,22476446.0,3806328.0
fd32ba6ce155b8809f2066377e9eeccc,1404/09/30,13931291.0,26046149.0,3569703.0
fd32ba6ce155b8809f2066377e9eeccc,1404/10/30,16238761.0,29611424.0,3565275.0
fd32ba6ce155b8809f2066377e9eeccc,1404/11/30,61967.0,771913.0,3966116.0
fd32ba6ce155b8809f2066377e9eeccc,1404/12/29,205221.0,1750295.0,3131933.0
fd32ba6ce155b8809f2066377e9eeccc,1405/01/31,370459.0,2561986.0,5049847.0
fd32ba6ce155b8809f2066377e9eeccc,1405/02/31,4871509.0,14522585.0,9472738.0
fd32ba6ce155b8809f2066377e9eeccc,1405/03/31,0.0,0.0,10963362.0
fd32ba6ce155b8809f2066377e9eeccc,1405/04/31,0.0,0.0,7727550.0
fd32ba6ce155b8809f2066377e9eeccc,1405/05/31,0.0,0.0,11099600.0
ff114137fa42e84bc683b7b9b4aecee9,1399/11/30,1870776.0,3638369.0,469569.0
ff114137fa42e84bc683b7b9b4aecee9,1399/12/30,2091542.0,3930583.0,292214.0
ff114137fa42e84bc683b7b9b4aecee9,1400/01/31,171425.0,422313.0,422313.0
ff114137fa42e84bc683b7b9b4aecee9,1400/02/31,430502.0,993887.0,571574.0
ff114137fa42e84bc683b7b9b4aecee9,1400/03/31,737070.0,1570614.0,576728.0
ff114137fa42e84bc683b7b9b4aecee9,1400/04/31,1046034.0,2125961.0,555347.0
ff114137fa42e84bc683b7b9b4aecee9,1400/05/31,2125961.0,2531296.0,405335.0
ff114137fa42e84bc683b7b9b4aecee9,1400/06/31,2531296.0,3091418.0,560122.0
ff114137fa42e84bc683b7b9b4aecee9,1400/07/30,2032410.0,3497986.0,406568.0
ff114137fa42e84bc683b7b9b4aecee9,1400/08/30,2341692.0,3966472.0,468484.0
ff114137fa42e84bc683b7b9b4aecee9,1400/09/30,2717792.0,4514188.0,547716.0
ff114137fa42e84bc683b7b9b4aecee9,1400/10/30,3168800.0,4946261.0,432073.0
ff114137fa42e84bc683b7b9b4aecee9,1400/11/30,3638369.0,5538786.0,592525.0
ff114137fa42e84bc683b7b9b4aecee9,1400/12/29,3930590.0,6084927.0,546141.0
ff114137fa42e84bc683b7b9b4aecee9,1401/01/31,422313.0,264115.0,264115.0
ff114137fa42e84bc683b7b9b4aecee9,1401/02/31,993887.0,1101189.0,837074.0
ff114137fa42e84bc683b7b9b4aecee9,1401/03/31,1570614.0,1940892.0,839703.0
ff114137fa42e84bc683b7b9b4aecee9,1401/04/31,2125961.0,2386005.0,445113.0
ff114137fa42e84bc683b7b9b4aecee9,1401/05/31,2531296.0,3135808.0,749803.0
ff114137fa42e84bc683b7b9b4aecee9,1401/06/31,3091418.0,3869086.0,733278.0
ff114137fa42e84bc683b7b9b4aecee9,1401/07/30,3497986.0,4343878.0,474791.0
ff114137fa42e84bc683b7b9b4aecee9,1401/08/30,3966472.0,4988355.0,644477.0
ff114137fa42e84bc683b7b9b4aecee9,1401/09/30,4514189.0,5625018.0,636663.0
ff114137fa42e84bc683b7b9b4aecee9,1401/10/30,4946261.0,6446904.0,821886.0
ff114137fa42e84bc683b7b9b4aecee9,1401/11/30,5538786.0,7482351.0,1035447.0
ff114137fa42e84bc683b7b9b4aecee9,1401/12/29,6084927.0,8318553.0,836202.0
ff114137fa42e84bc683b7b9b4aecee9,1402/01/31,264115.0,775648.0,775648.0
ff114137fa42e84bc683b7b9b4aecee9,1402/02/31,1101189.0,1633569.0,857921.0
ff114137fa42e84bc683b7b9b4aecee9,1402/03/31,1940892.0,2669701.0,1036132.0
ff114137fa42e84bc683b7b9b4aecee9,1402/04/31,2386005.0,3902691.0,1232990.0
ff114137fa42e84bc683b7b9b4aecee9,1402/05/31,3135808.0,5010229.0,1107538.0
ff114137fa42e84bc683b7b9b4aecee9,1402/06/31,3869086.0,6018508.0,1008279.0
ff114137fa42e84bc683b7b9b4aecee9,1402/07/30,4343878.0,6999467.0,980959.0
ff114137fa42e84bc683b7b9b4aecee9,1402/08/30,4988355.0,8012040.0,1012573.0
ff114137fa42e84bc683b7b9b4aecee9,1402/09/30,5625018.0,9200871.0,1188831.0
ff114137fa42e84bc683b7b9b4aecee9,1402/10/30,6446904.0,10348579.0,1147708.0
ff114137fa42e84bc683b7b9b4aecee9,1402/11/30,7482351.0,11817010.0,1468431.0
ff114137fa42e84bc683b7b9b4aecee9,1402/12/29,8318553.0,13108774.0,1291764.0
ff114137fa42e84bc683b7b9b4aecee9,1403/01/31,775648.0,1103762.0,1103762.0
ff114137fa42e84bc683b7b9b4aecee9,1403/02/31,1633569.0,2855370.0,1751608.0
ff114137fa42e84bc683b7b9b4aecee9,1403/03/31,2669701.0,4407983.0,1552613.0
ff114137fa42e84bc683b7b9b4aecee9,1403/04/31,3902691.0,5725742.0,1317010.0
ff114137fa42e84bc683b7b9b4aecee9,1403/05/31,5010229.0,7127222.0,1401480.0
ff114137fa42e84bc683b7b9b4aecee9,1403/06/31,6018508.0,8236466.0,1109244.0
ff114137fa42e84bc683b7b9b4aecee9,1403/07/30,6999467.0,9972086.0,1735620.0
ff114137fa42e84bc683b7b9b4aecee9,1403/08/30,8012040.0,11498893.0,1526807.0
ff114137fa42e84bc683b7b9b4aecee9,1403/09/30,9200871.0,12783183.0,1284290.0
ff114137fa42e84bc683b7b9b4aecee9,1403/10/30,10348579.0,14553508.0,1770325.0
ff114137fa42e84bc683b7b9b4aecee9,1403/11/30,11817010.0,16543181.0,1989673.0
ff114137fa42e84bc683b7b9b4aecee9,1403/12/30,13108774.0,18460531.0,1917350.0
ff114137fa42e84bc683b7b9b4aecee9,1404/01/31,1103762.0,763986.0,763986.0
ff114137fa42e84bc683b7b9b4aecee9,1404/02/31,2855370.0,3141832.0,2350232.0
ff114137fa42e84bc683b7b9b4aecee9,1404/03/31,4407983.0,4771051.0,1629219.0
ff114137fa42e84bc683b7b9b4aecee9,1404/04/31,5725742.0,6746846.0,2030081.0
ff114137fa42e84bc683b7b9b4aecee9,1404/05/31,7127222.0,8451521.0,1704675.0
ff114137fa42e84bc683b7b9b4aecee9,1404/06/31,8236466.0,11068622.0,2617101.0
ff114137fa42e84bc683b7b9b4aecee9,1404/07/30,9972086.0,13432893.0,2364271.0
ff114137fa42e84bc683b7b9b4aecee9,1404/08/30,11498893.0,15654163.0,2221270.0
ff114137fa42e84bc683b7b9b4aecee9,1404/09/30,12783183.0,18012928.0,2358765.0
ff114137fa42e84bc683b7b9b4aecee9,1404/10/30,14553508.0,20827567.0,2814639.0
ff114137fa42e84bc683b7b9b4aecee9,1404/12/29,18460531.0,27100394.0,3076431.0
ff114137fa42e84bc683b7b9b4aecee9,1405/01/31,791600.0,1393417.0,1393417.0
ff114137fa42e84bc683b7b9b4aecee9,1405/02/31,3141832.0,6021446.0,4628029.0
ff114137fa42e84bc683b7b9b4aecee9,1405/03/31,0.0,0.0,3329781.0
ff114137fa42e84bc683b7b9b4aecee9,1405/04/31,0.0,0.0,3721656.0
ff4c38ddc4d5a2b3d58437c8708fa6cb,1399/02/31,195324.0,122608.0,122608.0
ff4c38ddc4d5a2b3d58437c8708fa6cb,1399/03/31,405286.0,509104.0,261862.0
ff4c38ddc4d5a2b3d58437c8708fa6cb,1399/04/31,683434.0,862515.0,353411.0
ff4c38ddc4d5a2b3d58437c8708fa6cb,1399/05/31,926992.0,1208750.0,346235.0
ff4c38ddc4d5a2b3d58437c8708fa6cb,1399/06/31,1219806.0,1502007.0,284186.0
ff4c38ddc4d5a2b3d58437c8708fa6cb,1399/07/30,1464132.0,1766810.0,201484.0
ff4c38ddc4d5a2b3d58437c8708fa6cb,1399/08/30,1513042.0,1966209.0,167859.0
ff4c38ddc4d5a2b3d58437c8708fa6cb,1399/09/30,1732558.0,2160492.0,184502.0
ff4c38ddc4d5a2b3d58437c8708fa6cb,1399/10/30,1786451.0,2339224.0,164286.0
ff4c38ddc4d5a2b3d58437c8708fa6cb,1399/11/30,1862087.0,2445020.0,108000.0
ff4c38ddc4d5a2b3d58437c8708fa6cb,1399/12/30,1853245.0,2553285.0,104379.0
ff4c38ddc4d5a2b3d58437c8708fa6cb,1400/01/31,74360.0,136756.0,136756.0
ff4c38ddc4d5a2b3d58437c8708fa6cb,1400/02/31,231761.0,361131.0,212765.0
ff4c38ddc4d5a2b3d58437c8708fa6cb,1400/03/31,486282.0,621120.0,254118.0
ff4c38ddc4d5a2b3d58437c8708fa6cb,1400/04/31,832146.0,1034657.0,367254.0
ff4c38ddc4d5a2b3d58437c8708fa6cb,1400/05/31,1170645.0,1505383.0,418042.0
ff4c38ddc4d5a2b3d58437c8708fa6cb,1400/06/31,1511952.0,1887815.0,365652.0
ff4c38ddc4d5a2b3d58437c8708fa6cb,1400/07/30,1772597.0,2221062.0,307463.0
ff4c38ddc4d5a2b3d58437c8708fa6cb,1400/08/30,1943883.0,2447006.0,206885.0
ff4c38ddc4d5a2b3d58437c8708fa6cb,1400/09/30,2134436.0,2614470.0,160432.0
ff4c38ddc4d5a2b3d58437c8708fa6cb,1400/10/30,2205200.0,2840703.0,213529.0
ff4c38ddc4d5a2b3d58437c8708fa6cb,1400/11/30,2311666.0,2973177.0,147036.0
ff4c38ddc4d5a2b3d58437c8708fa6cb,1400/12/29,2501486.0,3180860.0,202477.0
ff4c38ddc4d5a2b3d58437c8708fa6cb,1401/01/31,148366.0,285611.0,285611.0
ff4c38ddc4d5a2b3d58437c8708fa6cb,1401/02/31,366492.0,617280.0,334406.0
ff4c38ddc4d5a2b3d58437c8708fa6cb,1401/03/31,666639.0,972889.0,371941.0
ff4c38ddc4d5a2b3d58437c8708fa6cb,1401/04/31,1086322.0,1388829.0,415940.0
ff4c38ddc4d5a2b3d58437c8708fa6cb,1401/05/31,1536958.0,1825628.0,426383.0
ff4c38ddc4d5a2b3d58437c8708fa6cb,1401/06/31,1912884.0,2219873.0,385448.0
ff4c38ddc4d5a2b3d58437c8708fa6cb,1401/07/30,2239151.0,2603551.0,383678.0
ff4c38ddc4d5a2b3d58437c8708fa6cb,1401/08/30,2452813.0,2962260.0,358709.0
ff4c38ddc4d5a2b3d58437c8708fa6cb,1401/09/30,2624603.0,3297626.0,335366.0
ff4c38ddc4d5a2b3d58437c8708fa6cb,1401/10/30,2815159.0,3585030.0,284686.0
ff4c38ddc4d5a2b3d58437c8708fa6cb,1401/11/30,2973177.0,3786502.0,185370.0
ff4c38ddc4d5a2b3d58437c8708fa6cb,1401/12/29,3180860.0,4135937.0,236047.0
ff4c38ddc4d5a2b3d58437c8708fa6cb,1402/01/31,285611.0,408093.0,408093.0
ff4c38ddc4d5a2b3d58437c8708fa6cb,1402/02/31,617280.0,870215.0,471691.0
ff4c38ddc4d5a2b3d58437c8708fa6cb,1402/03/31,972889.0,1228742.0,358013.0
ff4c38ddc4d5a2b3d58437c8708fa6cb,1402/04/31,1410225.0,1794450.0,539919.0
ff4c38ddc4d5a2b3d58437c8708fa6cb,1402/05/31,1825628.0,2362619.0,580853.0
ff4c38ddc4d5a2b3d58437c8708fa6cb,1402/06/31,2219873.0,2881323.0,524139.0
ff4c38ddc4d5a2b3d58437c8708fa6cb,1402/07/30,2603551.0,3330545.0,449222.0
ff4c38ddc4d5a2b3d58437c8708fa6cb,1402/08/30,2962260.0,3690415.0,343962.0
ff4c38ddc4d5a2b3d58437c8708fa6cb,1402/09/30,3297626.0,4015137.0,274614.0
ff4c38ddc4d5a2b3d58437c8708fa6cb,1402/10/30,3585030.0,4302202.0,276685.0
ff4c38ddc4d5a2b3d58437c8708fa6cb,1402/11/30,3786502.0,4576960.0,226743.0
ff4c38ddc4d5a2b3d58437c8708fa6cb,1402/12/29,4135937.0,5402481.0,830014.0
ff4c38ddc4d5a2b3d58437c8708fa6cb,1403/01/31,398525.0,465723.0,465723.0
ff4c38ddc4d5a2b3d58437c8708fa6cb,1403/02/31,870215.0,1056509.0,542472.0
ff4c38ddc4d5a2b3d58437c8708fa6cb,1403/03/31,1228742.0,1647469.0,638694.0
ff4c38ddc4d5a2b3d58437c8708fa6cb,1403/04/31,1794450.0,2247659.0,600190.0
ff4c38ddc4d5a2b3d58437c8708fa6cb,1403/05/31,2362619.0,2899699.0,625478.0
ff4c38ddc4d5a2b3d58437c8708fa6cb,1403/06/31,2881323.0,3429097.0,507343.0
ff4c38ddc4d5a2b3d58437c8708fa6cb,1403/07/30,3330545.0,3922648.0,493551.0
ff4c38ddc4d5a2b3d58437c8708fa6cb,1403/08/30,3690415.0,4370052.0,428765.0
ff4c38ddc4d5a2b3d58437c8708fa6cb,1403/09/30,4015137.0,4959903.0,590745.0
ff4c38ddc4d5a2b3d58437c8708fa6cb,1403/10/30,4302202.0,5645755.0,685852.0
ff4c38ddc4d5a2b3d58437c8708fa6cb,1403/11/30,4576960.0,6303704.0,643191.0
ff4c38ddc4d5a2b3d58437c8708fa6cb,1403/12/30,5402481.0,6878395.0,559905.0
ff4c38ddc4d5a2b3d58437c8708fa6cb,1404/01/31,465723.0,983189.0,983189.0
ff4c38ddc4d5a2b3d58437c8708fa6cb,1404/02/31,1050412.0,2205543.0,1083086.0
ff4c38ddc4d5a2b3d58437c8708fa6cb,1404/03/31,1647469.0,3315761.0,1087968.0
ff4c38ddc4d5a2b3d58437c8708fa6cb,1404/04/31,2247659.0,4430806.0,1093683.0
ff4c38ddc4d5a2b3d58437c8708fa6cb,1404/05/31,2899699.0,5535428.0,1119876.0
ff4c38ddc4d5a2b3d58437c8708fa6cb,1404/06/31,3429097.0,6629461.0,1045307.0
ff4c38ddc4d5a2b3d58437c8708fa6cb,1404/07/30,3922648.0,7559318.0,914484.0
ff4c38ddc4d5a2b3d58437c8708fa6cb,1404/08/30,4370052.0,8263255.0,667350.0
ff4c38ddc4d5a2b3d58437c8708fa6cb,1404/09/30,4959903.0,9086400.0,820967.0
ff4c38ddc4d5a2b3d58437c8708fa6cb,1404/10/30,5645755.0,9837318.0,721911.0
ff4c38ddc4d5a2b3d58437c8708fa6cb,1404/12/29,6878395.0,11674392.0,985833.0
ff4c38ddc4d5a2b3d58437c8708fa6cb,1405/01/31,983189.0,820665.0,820665.0
ff4c38ddc4d5a2b3d58437c8708fa6cb,1405/02/31,2205543.0,2448488.0,1668147.0
ff4c38ddc4d5a2b3d58437c8708fa6cb,1405/03/31,0.0,0.0,1667521.0
ff4c38ddc4d5a2b3d58437c8708fa6cb,1405/04/31,0.0,0.0,1805316.0
