legacy_company_id,symbol,compat__SalesLast12M,compat__SalesPrev12M,compat__SalesGrowth12M,compat__TTMNetProfit,compat__PEApprox,compat__QuantScore,compat__OperatingMargin12M,compat__NetProfitMargin12M,compat__ROE,compat__TTMNetProfitP1,compat__TTMNetProfitPrev,compat__SR_TTMNetProfit,compat__NPUnitRatio,compat__OperatingMarginTrend,compat__NonOperatingPct,compat__InterestCoverage,compat__CashConversion,compat__FinancialLeverage,compat__CurrentRatio,compat__PriceReturn30D,compat__Volatility30D,compat__AvgTradeValue30D,compat__NetProfitGrowthTTM,compat__OperatingProfitGrowthTTM,compat__GrowthScore,compat__ProfitabilityScore,compat__ValuationScore,compat__MarketScore,compat__DataQualityScore,compat__GrowthPenalty,compat__ProfitabilityPenalty,compat__ValuationPenalty,compat__MarketPenalty,compat__CashConversionRank,compat__CurrentRatioRank,compat__EarningsQualityRank,compat__InterestCoverageRank,compat__LeverageRank,compat__LiquidityRank,compat__LowVolatilityRank,compat__MarginTrendRank,compat__MomentumRank,compat__NetMarginRank,compat__NetProfitGrowthRank,compat__OperatingMarginRank,compat__OperatingProfitGrowthRank,compat__PBRank,compat__PERank,compat__PSRank,compat__ROERank,compat__RevenueGrowthRank,compat__SalesGrowth3MRank,compat__SalesGrowthRank,compat__StabilityRank,ref__SalesLast12M,ref__SalesPrev12M,ref__SalesGrowth12M,ref__TTMNetProfit,ref__PEApprox,ref__QuantScore,ref__OperatingMargin12M,ref__NetProfitMargin12M,ref__ROE,ref__TTMNetProfitP1,ref__TTMNetProfitPrev,ref__SR_TTMNetProfit,ref__NPUnitRatio,ref__OperatingMarginTrend,ref__NonOperatingPct,ref__InterestCoverage,ref__CashConversion,ref__FinancialLeverage,ref__CurrentRatio,ref__PriceReturn30D,ref__Volatility30D,ref__AvgTradeValue30D,ref__NetProfitGrowthTTM,ref__OperatingProfitGrowthTTM,ref__GrowthScore,ref__ProfitabilityScore,ref__ValuationScore,ref__MarketScore,ref__DataQualityScore,ref__GrowthPenalty,ref__ProfitabilityPenalty,ref__ValuationPenalty,ref__MarketPenalty,ref__CashConversionRank,ref__CurrentRatioRank,ref__EarningsQualityRank,ref__InterestCoverageRank,ref__LeverageRank,ref__LiquidityRank,ref__LowVolatilityRank,ref__MarginTrendRank,ref__MomentumRank,ref__NetMarginRank,ref__NetProfitGrowthRank,ref__OperatingMarginRank,ref__OperatingProfitGrowthRank,ref__PBRank,ref__PERank,ref__PSRank,ref__ROERank,ref__RevenueGrowthRank,ref__SalesGrowth3MRank,ref__SalesGrowthRank,ref__StabilityRank
002c39c907ffac34a1ee6c5b55cefd23,نان,62742476.0,37072009.0,69.24487690969217,8300000000.0,7.373493975903615,31.51,17.72167709798383,,,8300000000.0,4090000000.0,,,3.19915688603632,,,,,,-0.9884678747940692,2.4900792977275756,302840865596.0,102.93398533007334,106.52772489268712,15.6,9.6,7.2,4.9,0.845,0.0,0.0,0.0,0.0,0.3,0.3,0.5,0.5,0.3,0.6037037037037037,0.4398496240601504,0.44680851063829785,0.08171206225680934,0.3,0.5096525096525096,0.2937062937062937,0.48484848484848486,0.0,0.6545454545454545,0.0,0.3,0.3,0.358695652173913,0.44021739130434784,0.921875,62742476.0,37072009.0,69.24,8300000000.0,7.37,31.51,17.72,,,8300000000.0,,,,3.2,,,,,,-0.99,2.4901,302840865596.0,,,15.6000000000000,9.6,7.2000000000000,4.9000000000000,0.845,0.0,0.0,0.0,0.0,0.300000000000,0.300000000000,0.500000000000,0.500000000000,0.300000000000,0.603700000000,0.439800000000,0.446800000000,0.081700000000,0.300000000000,0.509700000000,0.293700000000,0.484800000000,0E-12,0.654500000000,0E-12,0.300000000000,0.300000000000,0.358700000000,0.440200000000,0.921900000000
003aeed095825b208ba109440c6a6431,خراسان,214542044.0,90726729.0,136.47060393855926,84071858.0,7.489160498375893,60.05,58.49908064172449,50.594965774348346,127.43073723335021,82398880608.0,32893212824.0,84071858.0,0.001,22.853667487784342,0.9898434601886689,13.654460560108571,0.5715453320896037,2.3038327566059107,0.8992297226837048,7.916157916157916,2.747519842222752,265904774912.66666,155.59028985656983,170.38800044078604,26.1,20.5,10.7,2.8,1.0,0.0,0.0,0.0,0.0,0.6041666666666666,0.08737864077669903,0.736842105263158,0.47413793103448276,0.15384615384615385,0.5370370370370371,0.15413533834586468,0.8439716312056738,0.245136186770428,0.8543689320388349,0.6525096525096525,0.8391608391608392,0.6363636363636364,0.7127272727272727,0.6363636363636364,0.749090909090909,0.9306930693069307,0.3888888888888889,0.9456521739130435,0.8804347826086957,0.13541666666666666,214542044.0,90726729.0,136.47,84071858.0,7.49,60.05,58.5,50.59,127.43,82398880608.0,,,0.001,22.85,0.99,13.65,0.572,2.3,0.9,7.92,2.7475,265904774912.67,,,26.1000000000000,20.5,10.7000000000000,2.8000000000000,1.000,0.0,0.0,0.0,0.0,0.604200000000,0.087400000000,0.736800000000,0.474100000000,0.153800000000,0.537000000000,0.154100000000,0.844000000000,0.245100000000,0.854400000000,0.652500000000,0.839200000000,0.636400000000,0.712700000000,0.636400000000,0.749100000000,0.930700000000,0.388900000000,0.945700000000,0.880400000000,0.135400000000
02d0fb54342c0cc17bc1062d7d88f448,زدشت,23008031.0,12547852.0,83.36230774797151,4296270000.0,9.345781340558204,28.57,,,,4296270000.0,2519190000.0,,,,,,,,,12.976190476190478,2.5003851970724864,235598815326.33334,70.54172174389387,-27.306141787533466,9.8,9.2,4.9,4.6,1.0,5.0,0.0,0.0,0.0,0.3,0.3,0.5,0.5,0.3,0.4962962962962963,0.4135338345864662,0.3,0.377431906614786,0.3,0.3861003861003861,0.3,0.14015151515151514,0.0,0.44727272727272727,0.0,0.3,0.3,0.5271739130434783,0.5597826086956522,0.7291666666666666,23008031.0,12547852.0,83.36,4296270000.0,9.35,28.57,,,,4296270000.0,,,,,,,,,,12.98,2.5004,235598815326.33,,,9.8000000000000,9.2,4.9000000000000,4.6000000000000,1.000,5.0,0.0,0.0,0.0,0.300000000000,0.300000000000,0.500000000000,0.500000000000,0.300000000000,0.496300000000,0.413500000000,0.300000000000,0.377400000000,0.300000000000,0.386100000000,0.300000000000,0.140200000000,0E-12,0.447300000000,0E-12,0.300000000000,0.300000000000,0.527200000000,0.559800000000,0.729200000000
03892a92148b9665bbb3713469826e29,سهگمت,37116786.0,30647235.0,21.10973795841615,19895825.0,5.150315203339326,39.29,46.413916479541214,50.491832742251894,113.56720490932469,,,19895825.0,0.001,-8.869334661121982,30.828482953309056,67.89519253730194,0.5265809786726612,1.6958320880178694,1.3979205202589184,3.3973412112259975,2.052629339685742,168256225573.33334,6.62195497995683,-0.756825969885947,8.3,12.2,13.4,5.4,1.0,0.0,4.1,0.0,0.0,0.5625,0.42718446601941745,0.1578947368421053,0.8146551724137931,0.3173076923076923,0.362962962962963,0.9097744360902256,0.09219858156028368,0.15953307392996108,0.8446601941747572,0.1583011583011583,0.7272727272727273,0.1893939393939394,0.7636363636363637,0.8618181818181818,0.7927272727272727,0.9207920792079208,0.1111111111111111,0.6847826086956522,0.11413043478260869,0.8072916666666666,37116786.0,30647235.0,21.11,19895825.0,5.15,39.29,46.41,50.49,113.57,,,,0.001,-8.87,30.83,67.9,0.527,1.7,1.4,3.4,2.0526,168256225573.33,,,8.3000000000000,12.2,13.4000000000000,5.4000000000000,1.000,0.0,4.1,0.0,0.0,0.562500000000,0.427200000000,0.157900000000,0.814700000000,0.317300000000,0.363000000000,0.909800000000,0.092200000000,0.159500000000,0.844700000000,0.158300000000,0.727300000000,0.189400000000,0.763600000000,0.861800000000,0.792700000000,0.920800000000,0.111100000000,0.684800000000,0.114100000000,0.807300000000
04234a593ca4912aa015a1dea99da781,زفکا,47850992.0,22286709.0,114.7064064057192,11048382.0,8.911630315110896,37.85,21.948298624327702,27.133574277101776,36.40887266203093,10731902324.0,8696109927.0,11048382.0,0.001,-13.984678107526129,27.202165920396016,15.205183029974965,0.5576964120176149,0.4633457087804138,1.390645644665554,-2.3086269744835968,2.3745910278178144,277586629838.6667,27.049704899619293,23.110156157551266,17.4,5.0,9.5,6.0,1.0,0.0,3.7,0.0,0.0,0.59375,0.4077669902912621,0.17293233082706772,0.5431034482758621,0.7884615384615384,0.5703703703703704,0.5977443609022557,0.05673758865248227,0.07003891050583658,0.44660194174757284,0.23166023166023167,0.3706293706293706,0.25,0.8872727272727272,0.48,0.8036363636363637,0.297029702970297,0.6904761904761905,0.44021739130434784,0.7717391304347826,0.6302083333333334,47850992.0,22286709.0,114.71,11048382.0,8.91,37.85,21.95,27.13,36.41,10731902324.0,,,0.001,-13.98,27.2,15.21,0.558,0.46,1.39,-2.31,2.3746,277586629838.67,,,17.4000000000000,5.0,9.5000000000000,6.0000000000000,1.000,0.0,3.7,0.0,0.0,0.593800000000,0.407800000000,0.172900000000,0.543100000000,0.788500000000,0.570400000000,0.597700000000,0.056700000000,0.070000000000,0.446600000000,0.231700000000,0.370600000000,0.250000000000,0.887300000000,0.480000000000,0.803600000000,0.297000000000,0.690500000000,0.440200000000,0.771700000000,0.630200000000
04596c0c8cd003eca6202bb9351d3d5d,آردینه,22955830.0,10430792.0,120.07753581894835,9335659.0,6.994533831983045,50.31,48.365999410116416,44.859498053086256,69.69179885835945,9518000000.0,4512000000.0,9335659.0,0.001,14.101032490585965,8.310099128134892,19.420520239285494,0.6733751736219157,0.4294053249435357,2.745942609007369,11.957270847691246,2.631736710997336,253841526120.33334,106.9073359929078,207.79964288338468,21.3,17.4,11.7,6.7,0.88,0.0,0.0,0.0,0.0,0.6770833333333334,0.8737864077669902,0.3533834586466166,0.6120689655172413,0.8076923076923077,0.5222222222222223,0.24812030075187974,0.7446808510638298,0.3540856031128405,0.7475728155339806,0.5135135135135135,0.7552447552447552,0.7159090909090909,0.8072727272727273,0.7090909090909091,0.7781818181818182,0.7623762376237624,0.6666666666666666,0.1793478260869565,0.8152173913043478,0.9375,22955830.0,10430792.0,120.08,9335659.0,6.99,50.31,48.37,44.86,69.69,9518000000.0,,,0.001,14.1,8.31,19.42,0.673,0.43,2.75,11.96,2.6317,253841526120.33,,,21.3000000000000,17.4,11.7000000000000,6.7000000000000,0.880,0.0,0.0,0.0,0.0,0.677100000000,0.873800000000,0.353400000000,0.612100000000,0.807700000000,0.522200000000,0.248100000000,0.744700000000,0.354100000000,0.747600000000,0.513500000000,0.755200000000,0.715900000000,0.807300000000,0.709100000000,0.778200000000,0.762400000000,0.666700000000,0.179300000000,0.815200000000,0.937500000000
046559f7fcc4efeb9b20ea57995da789,وپست,,,,80912160000.0,6.043704061293136,24.21,,,,80912160000.0,62030182968.0,,,,,,,,,3.4375000000000004,2.118706626826515,408281059539.0,30.4399828092411,45.0252945671653,10.3,9.2,8.6,5.4,0.72,0.0,0.0,0.0,0.0,0.3,0.3,0.5,0.5,0.3,0.6703703703703704,0.8834586466165414,0.3,0.16342412451361868,0.3,0.2471042471042471,0.3,0.3143939393939394,0.0,0.7854545454545454,0.0,0.3,0.3,0.3,0.3,0.3,,,,80912160000.0,6.04,24.21,,,,80912160000.0,,,,,,,,,,3.44,2.1187,408281059539.0,,,10.3000000000000,9.2,8.6000000000000,5.4000000000000,0.720,0.0,0.0,0.0,0.0,0.300000000000,0.300000000000,0.500000000000,0.500000000000,0.300000000000,0.670400000000,0.883500000000,0.300000000000,0.163400000000,0.300000000000,0.247100000000,0.300000000000,0.314400000000,0E-12,0.785500000000,0E-12,0.300000000000,0.300000000000,0.300000000000,0.300000000000,0.300000000000
057f29e2cbb5f0df740b951b2669799f,خمهر,,,,530217520.0,45.25,21.85,,,,530217520.0,-7641760007.0,,,,,,,,,37.21804511278196,1.995382072072167,153755194148.8,106.93842150910669,127.32739764009982,14.2,9.2,1.8,5.1,0.72,0.0,0.0,0.0,0.0,0.3,0.3,0.5,0.5,0.3,0.3296296296296296,0.9285714285714286,0.3,0.754863813229572,0.3,0.5173745173745173,0.3,0.5454545454545454,0.0,0.16727272727272724,0.0,0.3,0.3,0.3,0.3,0.3,,,,530217520.0,45.25,21.85,,,,530217520.0,,,,,,,,,,37.22,1.9954,153755194148.8,,,14.2000000000000,9.2,1.8000000000000,5.1000000000000,0.720,0.0,0.0,0.0,0.0,0.300000000000,0.300000000000,0.500000000000,0.500000000000,0.300000000000,0.329600000000,0.928600000000,0.300000000000,0.754900000000,0.300000000000,0.517400000000,0.300000000000,0.545500000000,0E-12,0.167300000000,0E-12,0.300000000000,0.300000000000,0.300000000000,0.300000000000,0.300000000000
05a68769d3006e107f5b7e02c9eca4fd,فخوز,1045462879.0,828172217.0,26.237376422396935,,,16.39,9.944314626811025,,,,92070000000.0,,,3.7449900888498533,8.675619199505986,2.1765130411999123,,,,,2.0596061598282573,3993032677334.6665,23.076923076923077,46.92543467355242,5.7,7.1,0.0,6.5,0.85,0.0,0.0,8.0,0.0,0.3,0.3,0.3308270676691729,0.04310344827586207,0.3,0.9629629629629629,0.9060150375939849,0.46808510638297873,0.3,0.3,0.21235521235521235,0.16083916083916083,0.32575757575757575,0.0,0.0,0.0,0.3,0.05555555555555555,0.043478260869565216,0.14130434782608695,0.2760416666666667,1045462879.0,828172217.0,26.24,,,16.39,9.94,,,,,,,3.74,8.68,2.18,,,,,2.0596,3993032677334.67,,,5.7000000000000,7.1,0E-13,6.5000000000000,0.850,0.0,0.0,8.0,0.0,0.300000000000,0.300000000000,0.330800000000,0.043100000000,0.300000000000,0.963000000000,0.906000000000,0.468100000000,0.300000000000,0.300000000000,0.212400000000,0.160800000000,0.325800000000,0E-12,0E-12,0E-12,0.300000000000,0.055600000000,0.043500000000,0.141300000000,0.276000000000
067ba4a186448d230d296b1ce604d32f,شبهرن,610191167.0,329089122.0,85.41821233459062,94552734.0,8.182749898700202,54.6,27.662687711799034,17.581039578368472,53.622858300173235,96534000000.0,29790000000.0,94552734.0,0.001,4.950918117060638,1.1661557748349147,16.86374697244392,0.6613984213296255,0.8286086798452736,1.7758432663037822,55.57485615025512,2.5049316912704516,1033132861893.0435,217.39756294058407,180.4584067984819,24.4,13.9,10.6,7.2,0.975,0.0,0.0,0.0,0.0,0.6666666666666666,0.6796116504854369,0.6992481203007519,0.5775862068965517,0.5192307692307692,0.8777777777777778,0.4022556390977443,0.48936170212765956,0.8949416342412452,0.27184466019417475,0.7760617760617761,0.5174825174825175,0.6515151515151515,0.8218181818181818,0.5672727272727273,0.8945454545454545,0.5643564356435643,0.5634920634920635,0.7880434782608695,0.5815217391304348,0.4479166666666667,610191167.0,329089122.0,85.42,94552734.0,8.18,54.6,27.66,17.58,53.62,96534000000.0,,,0.001,4.95,1.17,16.86,0.661,0.83,1.78,55.57,2.5049,1033132861893.04,,,24.4000000000000,13.9,10.6000000000000,7.2000000000000,0.975,0.0,0.0,0.0,0.0,0.666700000000,0.679600000000,0.699200000000,0.577600000000,0.519200000000,0.877800000000,0.402300000000,0.489400000000,0.894900000000,0.271800000000,0.776100000000,0.517500000000,0.651500000000,0.821800000000,0.567300000000,0.894500000000,0.564400000000,0.563500000000,0.788000000000,0.581500000000,0.447900000000
07589f30e28ffd0a131f9c4157417d59,قنیشا,14599356.0,11143411.0,31.013349503127902,668000000.0,20.29940119760479,21.85,,,,668000000.0,244000000.0,,,,,,,,,24.45095168374817,2.1580174525321163,53566466314.2,173.77049180327867,-25.11481282686272,6.1,9.2,2.8,3.8,1.0,5.0,0.0,0.0,0.0,0.3,0.3,0.5,0.5,0.3,0.08148148148148149,0.8383458646616542,0.3,0.622568093385214,0.3,0.7104247104247104,0.3,0.14393939393939395,0.0,0.2545454545454545,0.0,0.3,0.3,0.005434782608695652,0.17391304347826086,0.010416666666666666,14599356.0,11143411.0,31.01,668000000.0,20.3,21.85,,,,668000000.0,,,,,,,,,,24.45,2.158,53566466314.2,,,6.1000000000000,9.2,2.8000000000000,3.8000000000000,1.000,5.0,0.0,0.0,0.0,0.300000000000,0.300000000000,0.500000000000,0.500000000000,0.300000000000,0.081500000000,0.838300000000,0.300000000000,0.622600000000,0.300000000000,0.710400000000,0.300000000000,0.143900000000,0E-12,0.254500000000,0E-12,0.300000000000,0.300000000000,0.005400000000,0.173900000000,0.010400000000
081486afb8ec3b6088ff61e17ed1e666,بکهنوج,,,,,,13.1,,,,,,,,,,,,,,19.05697445972495,2.5863517280873483,45200754441.03333,-6.614785992217899,0.0,8.5,9.2,0.0,2.8,0.64,0.0,0.0,8.0,0.0,0.3,0.3,0.5,0.5,0.3,0.05925925925925926,0.30451127819548873,0.3,0.5252918287937743,0.3,0.11196911196911197,0.3,0.20833333333333334,0.0,0.0,0.0,0.3,0.3,0.3,0.3,0.3,,,,,,13.1,,,,,,,,,,,,,,19.06,2.5864,45200754441.03,,,8.5000000000000,9.2,0E-13,2.8000000000000,0.640,0.0,0.0,8.0,0.0,0.300000000000,0.300000000000,0.500000000000,0.500000000000,0.300000000000,0.059300000000,0.304500000000,0.300000000000,0.525300000000,0.300000000000,0.112000000000,0.300000000000,0.208300000000,0E-12,0E-12,0E-12,0.300000000000,0.300000000000,0.300000000000,0.300000000000,0.300000000000
0839a7cf2afa34a4cc6cb908eaf9cb4f,شپلی,,,,2710929422.0,69.58762886597938,23.89,,,,2710929422.0,-726640876.0,,,,,,,,,14.60101867572156,3.312334038649309,350758231021.1539,473.0769230769231,518.5653196435525,19.9,9.2,0.0,4.0,0.72,0.0,0.0,8.0,0.0,0.3,0.3,0.5,0.5,0.3,0.6444444444444445,0.08270676691729328,0.3,0.4357976653696498,0.3,0.918918918918919,0.3,0.8901515151515151,0.0,0.0,0.0,0.3,0.3,0.3,0.3,0.3,,,,2710929422.0,69.59,23.89,,,,2710929422.0,,,,,,,,,,14.6,3.3123,350758231021.15,,,19.9000000000000,9.2,0E-13,4.0000000000000,0.720,0.0,0.0,8.0,0.0,0.300000000000,0.300000000000,0.500000000000,0.500000000000,0.300000000000,0.644400000000,0.082700000000,0.300000000000,0.435800000000,0.300000000000,0.918900000000,0.300000000000,0.890200000000,0E-12,0E-12,0E-12,0.300000000000,0.300000000000,0.300000000000,0.300000000000,0.300000000000
0859d2221e900c47ebd6555e399b010c,کربن,,,,3709000000.0,2.4966298193583176,27.08,59.90781667783217,,,3709000000.0,1509000000.0,,,25.910895474895327,4.918605063960207,25.766541315174305,,,,28.90733056708161,2.5117000026038045,199544467065.0,145.79191517561298,186.0905554129274,15.9,14.2,10.8,4.2,0.6,0.0,0.0,0.0,0.0,0.3,0.3,0.4736842105263158,0.8146551724137931,0.3,0.4222222222222222,0.39473684210526316,0.9432624113475178,0.6575875486381323,0.3,0.61003861003861,0.8601398601398601,0.678030303030303,0.0,0.9818181818181818,0.0,0.3,0.3253968253968254,0.3,0.3,0.3,,,,3709000000.0,2.5,27.08,59.91,,,3709000000.0,,,,25.91,4.92,25.77,,,,28.91,2.5117,199544467065.0,,,15.9000000000000,14.2,10.8000000000000,4.2000000000000,0.600,0.0,0.0,0.0,0.0,0.300000000000,0.300000000000,0.473700000000,0.814700000000,0.300000000000,0.422200000000,0.394700000000,0.943300000000,0.657600000000,0.300000000000,0.610000000000,0.860100000000,0.678000000000,0E-12,0.981800000000,0E-12,0.300000000000,0.325400000000,0.300000000000,0.300000000000,0.300000000000
0875c9b59ace28c22babd5e711c141da,سهرمز,47374313.0,31934915.0,48.34645089864808,9025152000.0,3.839935327405012,24.99,-2.110848552041272e-06,,,9025152000.0,,,,,,,,,,-5.328685258964144,1.9516323604414147,88065825474.33333,,-101.0,3.2,8.2,10.4,4.1,0.965,5.0,0.0,0.0,0.0,0.3,0.3,0.5,0.5,0.3,0.15185185185185185,0.9360902255639098,0.3,0.042801556420233464,0.3,0.3,0.04895104895104895,0.06060606060606061,0.0,0.9454545454545454,0.0,0.3,0.3,0.059782608695652176,0.29891304347826086,0.578125,47374313.0,31934915.0,48.35,9025152000.0,3.84,24.99,0.0,,,9025152000.0,,,,,,,,,,-5.33,1.9516,88065825474.33,,,3.2000000000000,8.2,10.4000000000000,4.1000000000000,0.965,5.0,0.0,0.0,0.0,0.300000000000,0.300000000000,0.500000000000,0.500000000000,0.300000000000,0.151900000000,0.936100000000,0.300000000000,0.042800000000,0.300000000000,0.300000000000,0.049000000000,0.060600000000,0E-12,0.945500000000,0E-12,0.300000000000,0.300000000000,0.059800000000,0.298900000000,0.578100000000
09029850a7825c34a7c8958a08fcdf26,09029850a7825c34a7c8958a08fcdf26,2712146.0,0,,,,0.0,,,,,,,,,,,,,,,,,,,10.8,9.2,0.0,2.1,0.0,0.0,0.0,8.0,0.0,0.3,0.3,0.5,0.5,0.3,0.0,0.3,0.3,0.3,0.3,0.3,0.3,0.3,0.0,0.0,0.0,0.3,0.3,0.3,0.3,0.015625,2712146.0,0.0,,,,0.0,,,,,,,,,,,,,,,,,,,10.8000000000000,9.2,0E-13,2.1000000000000,0.000,0.0,0.0,8.0,0.0,0.300000000000,0.300000000000,0.500000000000,0.500000000000,0.300000000000,0E-12,0.300000000000,0.300000000000,0.300000000000,0.300000000000,0.300000000000,0.300000000000,0.300000000000,0E-12,0E-12,0E-12,0.300000000000,0.300000000000,0.300000000000,0.300000000000,0.015600000000
0ab048f709cfd236a0ad7aaf542a990c,کنور,109462677.0,74672082.0,46.59116776735916,49851600000.0,8.41026165659678,30.7,,,,49851600000.0,31087423280.0,,,,,,,,,44.230769230769226,2.2259213129028668,251416515428.66666,60.35938247758178,38.0382788675537,10.3,9.2,5.7,5.5,1.0,0.0,0.0,0.0,0.0,0.3,0.3,0.5,0.5,0.3,0.5185185185185185,0.7669172932330828,0.3,0.8949416342412452,0.3,0.35135135135135137,0.3,0.2916666666666667,0.0,0.52,0.0,0.3,0.3,0.18478260869565216,0.2717391304347826,0.296875,109462677.0,74672082.0,46.59,49851600000.0,8.41,30.7,,,,49851600000.0,,,,,,,,,,44.23,2.2259,251416515428.67,,,10.3000000000000,9.2,5.7000000000000,5.5000000000000,1.000,0.0,0.0,0.0,0.0,0.300000000000,0.300000000000,0.500000000000,0.500000000000,0.300000000000,0.518500000000,0.766900000000,0.300000000000,0.894900000000,0.300000000000,0.351400000000,0.300000000000,0.291700000000,0E-12,0.520000000000,0E-12,0.300000000000,0.300000000000,0.184800000000,0.271700000000,0.296900000000
0b933179128a75d133acc7cac85b4662,تپمپی,,,,1742222000.0,11.607717041800644,20.67,,,,1742222000.0,401280000.0,,,,,,,,,22.837370242214533,2.3321012054306123,34421058217.666664,334.16616826156303,238886800.0,19.9,9.2,3.9,3.5,0.565,0.0,0.0,0.0,0.0,0.3,0.3,0.5,0.5,0.3,0.037037037037037035,0.6578947368421053,0.3,0.5914396887159533,0.3,0.918918918918919,0.3,0.8901515151515151,0.0,0.3563636363636363,0.0,0.3,0.3,0.3,0.3,0.3,,,,1742222000.0,11.61,20.67,,,,1742222000.0,,,,,,,,,,22.84,2.3321,34421058217.67,,,19.9000000000000,9.2,3.9000000000000,3.5000000000000,0.565,0.0,0.0,0.0,0.0,0.300000000000,0.300000000000,0.500000000000,0.500000000000,0.300000000000,0.037000000000,0.657900000000,0.300000000000,0.591400000000,0.300000000000,0.918900000000,0.300000000000,0.890200000000,0E-12,0.356400000000,0E-12,0.300000000000,0.300000000000,0.300000000000,0.300000000000,0.300000000000
0d19caedc1f47bfbce6949cc9fd54846,کفرا,21748176.0,12128329.0,79.3171672701161,-1371368032.0,,23.75,,,,-1371368032.0,-2954266192.0,,,,,,,,,44.99825723248519,2.6679652237799925,142323072971.96667,53.580079015438976,275.3524898261436,20.1,0.0,0.0,3.6,1.0,0.0,10.0,8.0,0.0,0.3,0.3,0.5,0.5,0.3,0.2962962962962963,0.20676691729323304,0.3,0.8949416342412452,0.3,0.3281853281853282,0.3,0.8901515151515151,0.0,0.0,0.0,0.3,0.3,0.9456521739130435,0.5217391304347826,0.22916666666666666,21748176.0,12128329.0,79.32,-1371368032.0,,23.75,,,,-1371368032.0,,,,,,,,,,45.0,2.668,142323072971.97,,,20.1000000000000,0.0,0E-13,3.6000000000000,1.000,0.0,10.0,8.0,0.0,0.300000000000,0.300000000000,0.500000000000,0.500000000000,0.300000000000,0.296300000000,0.206800000000,0.300000000000,0.894900000000,0.300000000000,0.328200000000,0.300000000000,0.890200000000,0E-12,0E-12,0E-12,0.300000000000,0.300000000000,0.945700000000,0.521700000000,0.229200000000
0e1074b193f3c2c8dec3a7743d83b13b,بمولد,2219157.0,0,,,,3.47,,,,,,,,,,,,,,,,14597308080.0,,,10.8,9.2,0.0,3.1,0.15,0.0,0.0,8.0,0.0,0.3,0.3,0.5,0.5,0.3,0.007407407407407408,0.3,0.3,0.3,0.3,0.3,0.3,0.3,0.0,0.0,0.0,0.3,0.3,0.3,0.3,0.9869791666666666,2219157.0,0.0,,,,3.47,,,,,,,,,,,,,,,,14597308080.0,,,10.8000000000000,9.2,0E-13,3.1000000000000,0.150,0.0,0.0,8.0,0.0,0.300000000000,0.300000000000,0.500000000000,0.500000000000,0.300000000000,0.007400000000,0.300000000000,0.300000000000,0.300000000000,0.300000000000,0.300000000000,0.300000000000,0.300000000000,0E-12,0E-12,0E-12,0.300000000000,0.300000000000,0.300000000000,0.300000000000,0.987000000000
0e16759f2d662dc8bc10d9604b5c3a7e,تپسی,31548052.0,29680219.0,6.29319143500929,-3813570.0,,13.44,14.237315351099816,-13.346787553525724,-235.09398346758954,-6589829292.0,1906026858.0,-3813570.0,0.001,14.99099463863893,13.324185333711302,0.5985320307010409,,31.72797718085969,0.13663048605061112,41.93175245806825,0.3789923459248548,49261800407.0,-300.07955207942825,288.02898944141884,9.5,0.0,0.0,4.0,1.0,0.0,14.0,8.0,0.0,0.3,0.0,0.24060150375939848,0.008620689655172414,0.0,0.07037037037037037,1.0,0.75177304964539,0.8949416342412452,0.0,0.005791505791505791,0.21678321678321677,0.8901515151515151,0.0,0.0,0.0,0.0,0.031746031746031744,0.7065217391304348,0.05434782608695652,0.8854166666666666,31548052.0,29680219.0,6.29,-3813570.0,,13.44,14.24,-13.35,-235.09,-6589829292.0,,,0.001,14.99,13.32,0.6,,31.73,0.14,41.93,0.379,49261800407.0,,,9.5000000000000,0.0,0E-13,4.0000000000000,1.000,0.0,14.0,8.0,0.0,0.300000000000,0E-12,0.240600000000,0.008600000000,0E-12,0.070400000000,1.000000000000,0.751800000000,0.894900000000,0E-12,0.005800000000,0.216800000000,0.890200000000,0E-12,0E-12,0E-12,0E-12,0.031700000000,0.706500000000,0.054300000000,0.885400000000
0e3a6731bfe6da581d9c4190b9b9707b,ددانا,120611902.0,52071078.0,131.62935478309092,24271200000.0,11.74725600711955,45.67,28.323388018539,,,24271200000.0,8395200000.0,,,3.990093055834368,0.7197882375990368,7.711140479986959,,,,8.19672131147541,2.747035832878568,588739853690.3334,189.10806174957116,169.61116865022038,26.4,11.3,3.9,4.2,1.0,0.0,0.0,0.0,0.0,0.3,0.3,0.7669172932330828,0.3620689655172414,0.3,0.7555555555555555,0.1578947368421053,0.475177304964539,0.25680933852140075,0.3,0.7374517374517374,0.5244755244755245,0.6325757575757576,0.0,0.3527272727272728,0.0,0.3,0.3,0.9456521739130435,0.8641304347826086,0.125,120611902.0,52071078.0,131.63,24271200000.0,11.75,45.67,28.32,,,24271200000.0,,,,3.99,0.72,7.71,,,,8.2,2.747,588739853690.33,,,26.4000000000000,11.3,3.9000000000000,4.2000000000000,1.000,0.0,0.0,0.0,0.0,0.300000000000,0.300000000000,0.766900000000,0.362100000000,0.300000000000,0.755600000000,0.157900000000,0.475200000000,0.256800000000,0.300000000000,0.737500000000,0.524500000000,0.632600000000,0E-12,0.352700000000,0E-12,0.300000000000,0.300000000000,0.945700000000,0.864100000000,0.125000000000
100d9b545dbca1cb4b62ecc648741665,کلوند,28750462.0,17092310.0,68.20700069212413,5411748020.0,6.880586432034209,32.1,24.183593370728854,,,5411748020.0,4179242940.0,,,-3.57614293858812,7.865222242461674,9.748653937749799,,,,17.39864864864865,2.4548882960784,150340809751.66666,29.491108741335818,48.70955921259419,14.3,5.6,7.9,4.3,1.0,0.0,3.0,0.0,0.0,0.3,0.3,0.368421052631579,0.4396551724137931,0.3,0.32222222222222224,0.5037593984962406,0.1702127659574468,0.490272373540856,0.3,0.23552123552123552,0.4125874125874126,0.3333333333333333,0.0,0.72,0.0,0.3,0.3492063492063492,0.6956521739130435,0.43478260869565216,0.6770833333333334,28750462.0,17092310.0,68.21,5411748020.0,6.88,32.1,24.18,,,5411748020.0,,,,-3.58,7.87,9.75,,,,17.4,2.4549,150340809751.67,,,14.3000000000000,5.6,7.9000000000000,4.3000000000000,1.000,0.0,3.0,0.0,0.0,0.300000000000,0.300000000000,0.368400000000,0.439700000000,0.300000000000,0.322200000000,0.503800000000,0.170200000000,0.490300000000,0.300000000000,0.235500000000,0.412600000000,0.333300000000,0E-12,0.720000000000,0E-12,0.300000000000,0.349200000000,0.695700000000,0.434800000000,0.677100000000
1025955b553ca1fa9153eea469591cb1,پرداخت,85201155.0,69020859.0,23.442617542618528,1030000000.0,66.79611650485437,12.43,-1.1736930092086194e-06,,,1030000000.0,1048000000.0,,,-2.6225303816904655e-06,,,,,,14.576271186440678,2.580531172127573,83571676706.66667,-1.717557251908397,-200.0,1.0,8.2,0.0,3.6,0.965,5.0,0.0,8.0,0.0,0.3,0.3,0.5,0.5,0.3,0.14444444444444443,0.32330827067669177,0.2978723404255319,0.43190661478599224,0.3,0.13513513513513514,0.055944055944055944,0.032196969696969696,0.0,0.0,0.0,0.3,0.3,0.28804347826086957,0.13043478260869565,0.90625,85201155.0,69020859.0,23.44,1030000000.0,66.8,12.43,0.0,,,1030000000.0,,,,0.0,,,,,,14.58,2.5805,83571676706.67,,,1.0000000000000,8.2,0E-13,3.6000000000000,0.965,5.0,0.0,8.0,0.0,0.300000000000,0.300000000000,0.500000000000,0.500000000000,0.300000000000,0.144400000000,0.323300000000,0.297900000000,0.431900000000,0.300000000000,0.135100000000,0.055900000000,0.032200000000,0E-12,0E-12,0E-12,0.300000000000,0.300000000000,0.288000000000,0.130400000000,0.906300000000
13a0bcb602f4d54dab681986defb249d,کیمیاتک,98709971.0,50412265.0,95.8054671814488,29865000000.0,9.939728779507785,38.72,,,,29865000000.0,11698000000.0,,,,,,,,,21.828358208955223,2.5478637296531534,221839863833.66666,155.30005129081894,253.35871535167652,20.5,9.2,4.5,4.5,1.0,0.0,0.0,0.0,0.0,0.3,0.3,0.5,0.5,0.3,0.4703703703703704,0.34962406015037595,0.3,0.5758754863813229,0.3,0.6447876447876448,0.3,0.8901515151515151,0.0,0.4109090909090909,0.0,0.3,0.3,0.2391304347826087,0.6630434782608695,0.6510416666666666,98709971.0,50412265.0,95.81,29865000000.0,9.94,38.72,,,,29865000000.0,,,,,,,,,,21.83,2.5479,221839863833.67,,,20.5000000000000,9.2,4.5000000000000,4.5000000000000,1.000,0.0,0.0,0.0,0.0,0.300000000000,0.300000000000,0.500000000000,0.500000000000,0.300000000000,0.470400000000,0.349600000000,0.300000000000,0.575900000000,0.300000000000,0.644800000000,0.300000000000,0.890200000000,0E-12,0.410900000000,0E-12,0.300000000000,0.300000000000,0.239100000000,0.663000000000,0.651000000000
14e17dd0b0b3c62c333dd4aa6c71f8ff,سبزوا,,,,1228799946.0,39.72477064220183,18.43,,,,1228799946.0,11273394.0,,,,,,,,,55.26315789473685,2.133956025289387,119287771369.66667,10800.0,-100.00002661132929,10.8,9.2,2.0,4.8,0.685,5.0,0.0,0.0,0.0,0.3,0.3,0.5,0.5,0.3,0.23333333333333334,0.8759398496240601,0.3,0.8949416342412452,0.3,0.918918918918919,0.3,0.06439393939393939,0.0,0.18545454545454543,0.0,0.3,0.3,0.3,0.3,0.3,,,,1228799946.0,39.72,18.43,,,,1228799946.0,,,,,,,,,,55.26,2.134,119287771369.67,,,10.8000000000000,9.2,2.0000000000000,4.8000000000000,0.685,5.0,0.0,0.0,0.0,0.300000000000,0.300000000000,0.500000000000,0.500000000000,0.300000000000,0.233300000000,0.875900000000,0.300000000000,0.894900000000,0.300000000000,0.918900000000,0.300000000000,0.064400000000,0E-12,0.185500000000,0E-12,0.300000000000,0.300000000000,0.300000000000,0.300000000000,0.300000000000
15658d3f9297a112771a62658b4269d3,شوینده,,,,-557000000.0,,1.79,62.35274199692433,,,-557000000.0,,,,-19.205528592571817,8.613191537504242,,,,,1.007866273352999,2.7609450607945685,98410608952.33333,-58.1151832460733,-57.26627957010042,0.9,0.0,0.0,2.4,0.53,5.0,13.0,8.0,0.0,0.3,0.3,0.33834586466165417,0.5,0.3,0.17777777777777778,0.13533834586466165,0.03546099290780142,0.1245136186770428,0.3,0.04633204633204633,0.8811188811188811,0.12121212121212122,0.0,0.0,0.0,0.3,0.015873015873015872,0.3,0.3,0.3,,,,-557000000.0,,1.79,62.35,,,-557000000.0,,,,-19.21,8.61,,,,,1.01,2.7609,98410608952.33,,,0.9000000000000,0.0,0E-13,2.4000000000000,0.530,5.0,13.0,8.0,0.0,0.300000000000,0.300000000000,0.338300000000,0.500000000000,0.300000000000,0.177800000000,0.135300000000,0.035500000000,0.124500000000,0.300000000000,0.046300000000,0.881100000000,0.121200000000,0E-12,0E-12,0E-12,0.300000000000,0.015900000000,0.300000000000,0.300000000000,0.300000000000
162bcc9b9c97c9f3510c1bd06b5ae8c0,غفارس,72615143.0,37902147.0,91.58583021695314,3458120.0,13.834481675641722,42.67,6.639343250506278,4.828780836309116,41.5619241565674,2038314096.0,,3458120.0,0.001,1.604607964592522,0.09065320405479271,4.5663009833065376,0.15201207592564747,2.4237040653314432,1.4640847834897692,112.22307104660045,3.6482523532980253,147383960806.0,164.6946564885496,161.8978402880398,22.3,8.6,8.1,3.7,1.0,0.0,0.0,0.0,0.0,0.19791666666666666,0.4563106796116505,0.9172932330827068,0.20689655172413793,0.13461538461538458,0.3074074074074074,0.06766917293233088,0.3475177304964539,0.8949416342412452,0.06796116504854369,0.6756756756756757,0.13986013986013987,0.625,0.7672727272727273,0.3236363636363636,0.9890909090909091,0.3465346534653465,0.5476190476190477,0.5978260869565217,0.6086956521739131,0.5364583333333334,72615143.0,37902147.0,91.59,3458120.0,13.83,42.67,6.64,4.83,41.56,2038314096.0,,,0.001,1.6,0.09,4.57,0.152,2.42,1.46,112.22,3.6483,147383960806.0,,,22.3000000000000,8.6,8.1000000000000,3.7000000000000,1.000,0.0,0.0,0.0,0.0,0.197900000000,0.456300000000,0.917300000000,0.206900000000,0.134600000000,0.307400000000,0.067700000000,0.347500000000,0.894900000000,0.068000000000,0.675700000000,0.139900000000,0.625000000000,0.767300000000,0.323600000000,0.989100000000,0.346500000000,0.547600000000,0.597800000000,0.608700000000,0.536500000000
16c5adc0ecd89c732f53b66f1b794505,بجهرم,27471319.0,19421497.0,41.447999605797634,12195186.0,9.178463767845546,36.96,52.1681303526472,49.870335017216966,21.273122262173917,12824752820.0,8103201008.0,12195186.0,0.001,-0.7867080825775901,9.87388393467022,,-0.6472421986839725,0.14989441313531682,3.5918021757663063,15.326821938392184,2.4600888372348626,436738103629.2,50.498376974236834,25.257072667927545,12.6,10.6,9.1,7.9,0.92,0.0,0.0,0.0,0.0,0.020833333333333332,0.9805825242718447,0.30827067669172936,0.5,0.9807692307692307,0.7185185185185186,0.4887218045112782,0.22695035460992907,0.44357976653696496,0.8058252427184466,0.3127413127413127,0.7832167832167832,0.2537878787878788,0.9490909090909091,0.45818181818181813,0.7236363636363636,0.12871287128712872,0.14285714285714285,0.8586956521739131,0.23369565217391305,0.3854166666666667,27471319.0,19421497.0,41.45,12195186.0,9.18,36.96,52.17,49.87,21.27,12824752820.0,,,0.001,-0.79,9.87,,-0.647,0.15,3.59,15.33,2.4601,436738103629.2,,,12.6000000000000,10.6,9.1000000000000,7.9000000000000,0.920,0.0,0.0,0.0,0.0,0.020800000000,0.980600000000,0.308300000000,0.500000000000,0.980800000000,0.718500000000,0.488700000000,0.227000000000,0.443600000000,0.805800000000,0.312700000000,0.783200000000,0.253800000000,0.949100000000,0.458200000000,0.723600000000,0.128700000000,0.142900000000,0.858700000000,0.233700000000,0.385400000000
1712cd6b0f7a77388a2c072ad6694a89,تلیسه,26580516.0,12675634.0,109.69772399550193,6320758.0,7.316778613660219,38.58,18.990443285383655,27.99799785167713,25.67541394608972,6387249260.0,2941430660.0,6320758.0,0.001,-9.531007014848706,123.1095314331237,8.389478690041644,0.33277622715503424,0.24228249804817137,1.7632701299938098,10.684273709483794,2.437199722812891,219140976823.66666,114.88720050262886,5.528340931871827,20.5,0.0,11.7,6.3,1.0,0.0,11.0,0.0,0.0,0.3958333333333333,0.6504854368932039,0.03759398496240607,0.39655172413793105,0.9711538461538461,0.4666666666666667,0.5112781954887218,0.0851063829787234,0.29961089494163423,0.47572815533980584,0.5366795366795367,0.32867132867132864,0.22727272727272727,0.96,0.6654545454545455,0.8327272727272728,0.18811881188118812,0.626984126984127,0.5543478260869565,0.7554347826086957,0.359375,26580516.0,12675634.0,109.7,6320758.0,7.32,38.58,18.99,28.0,25.68,6387249260.0,,,0.001,-9.53,123.11,8.39,0.333,0.24,1.76,10.68,2.4372,219140976823.67,,,20.5000000000000,0.0,11.7000000000000,6.3000000000000,1.000,0.0,11.0,0.0,0.0,0.395800000000,0.650500000000,0.037600000000,0.396600000000,0.971200000000,0.466700000000,0.511300000000,0.085100000000,0.299600000000,0.475700000000,0.536700000000,0.328700000000,0.227300000000,0.960000000000,0.665500000000,0.832700000000,0.188100000000,0.627000000000,0.554300000000,0.755400000000,0.359400000000
1818f78f177b8c9343ce20a08ca3cf40,بمپنا,24932060.0,10839320.0,130.01498248967647,5512400000.0,22.955881285828315,30.54,4.010900021899514e-06,,,5512400000.0,3114384000.0,,,-5.214770961151083e-06,,,,,,43.78378378378379,2.4210608229583466,306975870925.3333,76.99808373020154,0.0,17.1,8.3,2.7,5.1,0.92,0.0,0.0,0.0,0.0,0.3,0.3,0.5,0.5,0.3,0.6111111111111112,0.5375939849624061,0.2907801418439716,0.8949416342412452,0.3,0.42084942084942084,0.06993006993006994,0.20833333333333334,0.0,0.2472727272727273,0.0,0.3,0.3,0.29891304347826086,0.8586956521739131,0.09375,24932060.0,10839320.0,130.01,5512400000.0,22.96,30.54,0.0,,,5512400000.0,,,,0.0,,,,,,43.78,2.4211,306975870925.33,,,17.1000000000000,8.3,2.7000000000000,5.1000000000000,0.920,0.0,0.0,0.0,0.0,0.300000000000,0.300000000000,0.500000000000,0.500000000000,0.300000000000,0.611100000000,0.537600000000,0.290800000000,0.894900000000,0.300000000000,0.420800000000,0.069900000000,0.208300000000,0E-12,0.247300000000,0E-12,0.300000000000,0.300000000000,0.298900000000,0.858700000000,0.093800000000
1843493e1f47856f9ed240017217d5bf,شیراز,476497496.0,265338930.0,79.58069552779156,138587400000.0,7.51269595937293,25.77,-2.0986469150301684e-07,,,138587400000.0,69186600000.0,,,-5.867411641713886e-07,,,,,,4.478527607361963,2.5859956425766417,575906495845.6666,100.30959752321982,-200.0,7.0,8.3,7.0,4.5,0.965,5.0,0.0,0.0,0.0,0.3,0.3,0.5,0.5,0.3,0.7444444444444445,0.3120300751879699,0.3049645390070922,0.17898832684824903,0.3,0.49034749034749037,0.06293706293706294,0.032196969696969696,0.0,0.6327272727272728,0.0,0.3,0.3,0.02717391304347826,0.5271739130434783,0.24479166666666666,476497496.0,265338930.0,79.58,138587400000.0,7.51,25.77,0.0,,,138587400000.0,,,,0.0,,,,,,4.48,2.586,575906495845.67,,,7.0000000000000,8.3,7.0000000000000,4.5000000000000,0.965,5.0,0.0,0.0,0.0,0.300000000000,0.300000000000,0.500000000000,0.500000000000,0.300000000000,0.744400000000,0.312000000000,0.305000000000,0.179000000000,0.300000000000,0.490300000000,0.062900000000,0.032200000000,0E-12,0.632700000000,0E-12,0.300000000000,0.300000000000,0.027200000000,0.527200000000,0.244800000000
18aeb706c9868c500cbb5e6128c038ae,بنو,,,,7575000000.0,3.740594059405941,29.09,,,,7575000000.0,-165000000.0,,,,,,,,,8.25214899713467,2.7036559192102882,115023385641.66667,4690.909090909091,679159900.0,19.9,9.2,10.5,2.8,0.685,0.0,0.0,0.0,0.0,0.3,0.3,0.5,0.5,0.3,0.22592592592592592,0.18045112781954886,0.3,0.26459143968871596,0.3,0.918918918918919,0.3,0.8901515151515151,0.0,0.9563636363636363,0.0,0.3,0.3,0.3,0.3,0.3,,,,7575000000.0,3.74,29.09,,,,7575000000.0,,,,,,,,,,8.25,2.7037,115023385641.67,,,19.9000000000000,9.2,10.5000000000000,2.8000000000000,0.685,0.0,0.0,0.0,0.0,0.300000000000,0.300000000000,0.500000000000,0.500000000000,0.300000000000,0.225900000000,0.180500000000,0.300000000000,0.264600000000,0.300000000000,0.918900000000,0.300000000000,0.890200000000,0E-12,0.956400000000,0E-12,0.300000000000,0.300000000000,0.300000000000,0.300000000000,0.300000000000
19b9ef8150577a94e1ec98c012006fa9,غویتا,33794465.0,19486095.0,73.42861666229176,9369776.0,4.583653252820719,53.31,22.835758973329256,28.493149818465103,46.045666303845664,6069000000.0,1106000000.0,9369776.0,0.001,12.851408979912547,18.211243461280837,13.71019027069439,0.16078047116601293,0.5999444097087029,3.068712531421802,17.509727626459142,2.5863469631584626,294774879903.0,747.1768535262206,274.2539770932281,20.9,10.9,14.5,7.0,1.0,0.0,0.0,0.0,0.0,0.20833333333333334,0.941747572815534,0.21804511278195493,0.4827586206896552,0.6923076923076923,0.5851851851851851,0.30827067669172936,0.6879432624113475,0.4980544747081712,0.49514563106796117,0.918918918918919,0.38461538461538464,0.8901515151515151,0.9418181818181818,0.9018181818181819,0.9018181818181819,0.42574257425742573,0.36507936507936506,0.08695652173913043,0.4891304347826087,0.9114583333333334,33794465.0,19486095.0,73.43,9369776.0,4.58,53.31,22.84,28.49,46.05,6069000000.0,,,0.001,12.85,18.21,13.71,0.161,0.6,3.07,17.51,2.5863,294774879903.0,,,20.9000000000000,10.9,14.5000000000000,7.0000000000000,1.000,0.0,0.0,0.0,0.0,0.208300000000,0.941700000000,0.218000000000,0.482800000000,0.692300000000,0.585200000000,0.308300000000,0.687900000000,0.498100000000,0.495100000000,0.918900000000,0.384600000000,0.890200000000,0.941800000000,0.901800000000,0.901800000000,0.425700000000,0.365100000000,0.087000000000,0.489100000000,0.911500000000
1b3136d2227d59961e470887dc900c4d,دتوزیع,,,,22170000000.0,8.14614343707713,27.57,,,,22170000000.0,7700400000.0,,,,,,,,,21.616161616161616,2.3596798155989767,371414891466.0,187.90712170796323,225.80666214042958,17.4,9.2,6.4,5.3,0.72,0.0,0.0,0.0,0.0,0.3,0.3,0.5,0.5,0.3,0.6555555555555556,0.6240601503759399,0.3,0.5680933852140078,0.3,0.7335907335907336,0.3,0.7537878787878788,0.0,0.5818181818181818,0.0,0.3,0.3,0.3,0.3,0.3,,,,22170000000.0,8.15,27.57,,,,22170000000.0,,,,,,,,,,21.62,2.3597,371414891466.0,,,17.4000000000000,9.2,6.4000000000000,5.3000000000000,0.720,0.0,0.0,0.0,0.0,0.300000000000,0.300000000000,0.500000000000,0.500000000000,0.300000000000,0.655600000000,0.624100000000,0.300000000000,0.568100000000,0.300000000000,0.733600000000,0.300000000000,0.753800000000,0E-12,0.581800000000,0E-12,0.300000000000,0.300000000000,0.300000000000,0.300000000000,0.300000000000
1b64f3e77238bc8dc5e3277587374ecf,ساروم,50092550.0,32218417.0,55.47799881043194,34335732.0,6.389967462348287,52.53,74.31418610277673,73.67791517510605,230.8507672876208,34914000000.0,17169000000.0,34335732.0,0.001,6.318711325925868,9.607238239192226,205.7812228042933,0.6370909756634866,3.0818064294215466,1.1663257241001486,-0.3646308113035551,2.472353311075866,415974271623.3333,99.98679014502883,69.7827010652919,16.4,20.0,11.9,4.1,1.0,0.0,0.0,0.0,0.0,0.6458333333333334,0.23300970873786409,0.32330827067669177,0.8146551724137931,0.05769230769230771,0.6851851851851852,0.46240601503759393,0.524822695035461,0.09727626459143969,0.941747572815534,0.4864864864864865,0.9440559440559441,0.3977272727272727,0.6727272727272727,0.7672727272727273,0.72,0.9801980198019802,0.29365079365079366,0.7554347826086957,0.358695652173913,0.453125,50092550.0,32218417.0,55.48,34335732.0,6.39,52.53,74.31,73.68,230.85,34914000000.0,,,0.001,6.32,9.61,205.78,0.637,3.08,1.17,-0.36,2.4724,415974271623.33,,,16.4000000000000,20.0,11.9000000000000,4.1000000000000,1.000,0.0,0.0,0.0,0.0,0.645800000000,0.233000000000,0.323300000000,0.814700000000,0.057700000000,0.685200000000,0.462400000000,0.524800000000,0.097300000000,0.941700000000,0.486500000000,0.944100000000,0.397700000000,0.672700000000,0.767300000000,0.720000000000,0.980200000000,0.293700000000,0.755400000000,0.358700000000,0.453100000000
1b8e0f2acf626d841e62b7b091e025b7,بزاگرس,10632228.0,7140347.0,48.90351967488415,2916000000.0,15.905349794238683,26.61,,,,2916000000.0,3114000000.0,,,,,,,,,31.04631217838765,2.389139690460658,90374900458.33333,-6.358381502890173,13.012865692895831,12.5,9.2,3.3,3.9,0.92,0.0,0.0,0.0,0.0,0.3,0.3,0.5,0.5,0.3,0.15925925925925927,0.5676691729323309,0.3,0.6731517509727627,0.3,0.11583011583011583,0.3,0.23484848484848486,0.0,0.30181818181818176,0.0,0.3,0.3,0.9456521739130435,0.30434782608695654,0.3645833333333333,10632228.0,7140347.0,48.9,2916000000.0,15.91,26.61,,,,2916000000.0,,,,,,,,,,31.05,2.3891,90374900458.33,,,12.5000000000000,9.2,3.3000000000000,3.9000000000000,0.920,0.0,0.0,0.0,0.0,0.300000000000,0.300000000000,0.500000000000,0.500000000000,0.300000000000,0.159300000000,0.567700000000,0.300000000000,0.673200000000,0.300000000000,0.115800000000,0.300000000000,0.234800000000,0E-12,0.301800000000,0E-12,0.300000000000,0.300000000000,0.945700000000,0.304300000000,0.364600000000
1d619a84cd8a88c3ecda4e61e9339167,سمازن,59975767.0,33575194.0,78.6311852732705,13168440000.0,15.462546816479401,34.31,,,,13168440000.0,7447320000.0,,,,,,,,,-0.24612355402412012,2.267121559099005,197944292933.0,76.82119205298014,97.75556334084582,16.9,9.2,3.4,4.8,1.0,0.0,0.0,0.0,0.0,0.3,0.3,0.5,0.5,0.3,0.4148148148148148,0.736842105263158,0.3,0.11284046692607004,0.3,0.41312741312741313,0.3,0.4583333333333333,0.0,0.31272727272727274,0.0,0.3,0.3,0.6413043478260869,0.5108695652173914,0.7604166666666666,59975767.0,33575194.0,78.63,13168440000.0,15.46,34.31,,,,13168440000.0,,,,,,,,,,-0.25,2.2671,197944292933.0,,,16.9000000000000,9.2,3.4000000000000,4.8000000000000,1.000,0.0,0.0,0.0,0.0,0.300000000000,0.300000000000,0.500000000000,0.500000000000,0.300000000000,0.414800000000,0.736800000000,0.300000000000,0.112800000000,0.300000000000,0.413100000000,0.300000000000,0.458300000000,0E-12,0.312700000000,0E-12,0.300000000000,0.300000000000,0.641300000000,0.510900000000,0.760400000000
1ddbed63fff24fa4ad4fc82f1d695219,سیستم,36412968.0,24400341.0,49.23138984000265,36540673.0,14.641535869729362,36.82,71.04259007551312,79.70938893429812,198.10739359066616,39070000000.0,30370000000.0,36540673.0,0.001,15.355630300670256,79.65397547995188,,0.7571829889394758,3.462127893370524,0.8039311141909612,5.445544554455446,2.170815491318636,51221886106.333336,20.318317418505103,181.9946524535197,13.9,12.9,6.9,3.1,1.0,0.0,6.0,0.0,0.0,0.71875,0.07766990291262135,0.07518796992481203,0.5,0.028846153846153855,0.07407407407407407,0.8157894736842105,0.7659574468085106,0.20622568093385213,0.941747572815534,0.20077220077220076,0.9230769230769231,0.6628787878787878,0.6690909090909091,0.31999999999999995,0.6654545454545455,0.9801980198019802,0.5,0.5,0.30978260869565216,0.859375,36412968.0,24400341.0,49.23,36540673.0,14.64,36.82,71.04,79.71,198.11,39070000000.0,,,0.001,15.36,79.65,,0.757,3.46,0.8,5.45,2.1708,51221886106.33,,,13.9000000000000,12.9,6.9000000000000,3.1000000000000,1.000,0.0,6.0,0.0,0.0,0.718800000000,0.077700000000,0.075200000000,0.500000000000,0.028800000000,0.074100000000,0.815800000000,0.766000000000,0.206200000000,0.941700000000,0.200800000000,0.923100000000,0.662900000000,0.669100000000,0.320000000000,0.665500000000,0.980200000000,0.500000000000,0.500000000000,0.309800000000,0.859400000000
1e14ece10fa50f96266e53a6d2ce83a1,سفانو,26781565.0,17540273.0,52.686135500855656,12748800000.0,6.8147590361445785,31.57,,,,12748800000.0,9063000000.0,,,,,,,,,7.08490005937067,3.2091641796818946,88538875901.53847,40.668652763985435,107.3517402065905,11.7,9.2,8.0,2.6,1.0,0.0,0.0,0.0,0.0,0.3,0.3,0.5,0.5,0.3,0.15555555555555556,0.09022556390977443,0.3,0.22957198443579765,0.3,0.2857142857142857,0.3,0.48863636363636365,0.0,0.730909090909091,0.0,0.3,0.3,0.2554347826086957,0.33695652173913043,0.5520833333333334,26781565.0,17540273.0,52.69,12748800000.0,6.81,31.57,,,,12748800000.0,,,,,,,,,,7.08,3.2092,88538875901.54,,,11.7000000000000,9.2,8.0000000000000,2.6000000000000,1.000,0.0,0.0,0.0,0.0,0.300000000000,0.300000000000,0.500000000000,0.500000000000,0.300000000000,0.155600000000,0.090200000000,0.300000000000,0.229600000000,0.300000000000,0.285700000000,0.300000000000,0.488600000000,0E-12,0.730900000000,0E-12,0.300000000000,0.300000000000,0.255400000000,0.337000000000,0.552100000000
20579374fedaf42bb5e2e72dd734e793,بگیلان,23649116.0,12529039.0,88.7544288113398,,,31.83,,,,,847100000.0,,,,,,,,,16.003536693191865,2.37905571871297,121180530198.33333,95.58998808104887,102.51700303001961,18.4,9.2,0.0,4.2,1.0,0.0,0.0,8.0,0.0,0.3,0.3,0.5,0.5,0.3,0.23703703703703705,0.5902255639097744,0.3,0.46303501945525294,0.3,0.46332046332046334,0.3,0.4772727272727273,0.0,0.0,0.0,0.3,0.3,0.6630434782608695,0.592391304347826,0.65625,23649116.0,12529039.0,88.75,,,31.83,,,,,,,,,,,,,,16.0,2.3791,121180530198.33,,,18.4000000000000,9.2,0E-13,4.2000000000000,1.000,0.0,0.0,8.0,0.0,0.300000000000,0.300000000000,0.500000000000,0.500000000000,0.300000000000,0.237000000000,0.590200000000,0.300000000000,0.463000000000,0.300000000000,0.463300000000,0.300000000000,0.477300000000,0E-12,0E-12,0E-12,0.300000000000,0.300000000000,0.663000000000,0.592400000000,0.656300000000
213d9e3501b775d1751c699f0b6915ed,کصدف,,,,1258272000.0,13.421835660334173,18.36,30.863458074928147,,,1258272000.0,1012680000.0,,,-10.803238887607982,0.0,114.72902976420565,,,,2.805049088359046,2.738418339918824,74677314387.33333,24.251688588695345,29.483773301748094,10.2,9.4,3.6,2.3,0.72,0.0,3.0,0.0,0.0,0.3,0.3,0.9849624060150376,0.8146551724137931,0.3,0.11481481481481481,0.16165413533834583,0.06382978723404255,0.14785992217898833,0.3,0.21621621621621623,0.5524475524475524,0.26515151515151514,0.0,0.33090909090909093,0.0,0.3,0.373015873015873,0.3,0.3,0.3,,,,1258272000.0,13.42,18.36,30.86,,,1258272000.0,,,,-10.8,0.0,114.73,,,,2.81,2.7384,74677314387.33,,,10.2000000000000,9.4,3.6000000000000,2.3000000000000,0.720,0.0,3.0,0.0,0.0,0.300000000000,0.300000000000,0.985000000000,0.814700000000,0.300000000000,0.114800000000,0.161700000000,0.063800000000,0.147900000000,0.300000000000,0.216200000000,0.552400000000,0.265200000000,0E-12,0.330900000000,0E-12,0.300000000000,0.373000000000,0.300000000000,0.300000000000,0.300000000000
219f43aab6fb90530570bd54a78db3f4,خمحرکه,99446713.0,69015560.0,44.09317695893506,682356591.0,,20.74,,,,682356591.0,940390596.0,,,,,,,,,13.518886679920477,2.560914907442881,136348160217.33333,-27.439024390243905,76.56144286753646,7.6,9.2,0.0,3.9,1.0,0.0,0.0,8.0,0.0,0.3,0.3,0.5,0.5,0.3,0.2851851851851852,0.33834586466165417,0.3,0.4085603112840467,0.3,0.0888030888030888,0.3,0.42045454545454547,0.0,0.0,0.0,0.3,0.3,0.09239130434782608,0.2554347826086957,0.796875,99446713.0,69015560.0,44.09,682356591.0,,20.74,,,,682356591.0,,,,,,,,,,13.52,2.5609,136348160217.33,,,7.6000000000000,9.2,0E-13,3.9000000000000,1.000,0.0,0.0,8.0,0.0,0.300000000000,0.300000000000,0.500000000000,0.500000000000,0.300000000000,0.285200000000,0.338300000000,0.300000000000,0.408600000000,0.300000000000,0.088800000000,0.300000000000,0.420500000000,0E-12,0E-12,0E-12,0.300000000000,0.300000000000,0.092400000000,0.255400000000,0.796900000000
22299b7657a300fc6056ba1b0e6532dd,غانیزان,,,,3034000000.0,2.887277521423863,19.36,,,,3034000000.0,2077000000.0,,,,,,,,,23.661971830985916,2.513536615020249,113017414884.33333,46.076071256620125,46.510516252390055,10.9,9.2,10.7,3.5,0.565,0.0,0.0,0.0,0.0,0.3,0.3,0.5,0.5,0.3,0.2074074074074074,0.3872180451127819,0.3,0.5992217898832685,0.3,0.2972972972972973,0.3,0.32196969696969696,0.0,0.9709090909090909,0.0,0.3,0.3,0.3,0.3,0.3,,,,3034000000.0,2.89,19.36,,,,3034000000.0,,,,,,,,,,23.66,2.5135,113017414884.33,,,10.9000000000000,9.2,10.7000000000000,3.5000000000000,0.565,0.0,0.0,0.0,0.0,0.300000000000,0.300000000000,0.500000000000,0.500000000000,0.300000000000,0.207400000000,0.387200000000,0.300000000000,0.599200000000,0.300000000000,0.297300000000,0.300000000000,0.322000000000,0E-12,0.970900000000,0E-12,0.300000000000,0.300000000000,0.300000000000,0.300000000000,0.300000000000
251c0169be640916c76cf3d978482145,سشمال,,,,1380000000.0,66.55797101449275,15.8,,,,1380000000.0,1145800000.0,,,,,,,,,19.480519480519483,1.8755365323335385,94781775304.66667,20.43986734159539,0.0,9.4,9.2,0.0,4.5,0.685,0.0,0.0,8.0,0.0,0.3,0.3,0.5,0.5,0.3,0.17407407407407408,0.9624060150375939,0.3,0.5330739299610895,0.3,0.20463320463320464,0.3,0.20833333333333334,0.0,0.0,0.0,0.3,0.3,0.3,0.3,0.3,,,,1380000000.0,66.56,15.8,,,,1380000000.0,,,,,,,,,,19.48,1.8755,94781775304.67,,,9.4000000000000,9.2,0E-13,4.5000000000000,0.685,0.0,0.0,8.0,0.0,0.300000000000,0.300000000000,0.500000000000,0.500000000000,0.300000000000,0.174100000000,0.962400000000,0.300000000000,0.533100000000,0.300000000000,0.204600000000,0.300000000000,0.208300000000,0E-12,0E-12,0E-12,0.300000000000,0.300000000000,0.300000000000,0.300000000000,0.300000000000
25594bcbd879ef25ca250052162de693,سبجنو,35972576.0,23742249.0,51.51292533407429,17601522.0,5.679430763625981,51.93,50.19898610273059,48.35512294160976,212.59846171740787,17602000000.0,5276000000.0,17601522.0,0.001,11.00009778585919,3.813330034129266,74.76442872397223,0.5087552087825132,3.3678856483444783,1.119947529630209,-3.7688442211055273,2.4280631781176862,69757337812.33333,233.61489764973467,91.31309888330837,17.0,19.5,12.7,2.8,1.0,0.0,0.0,0.0,0.0,0.5208333333333334,0.1941747572815534,0.49624060150375937,0.8146551724137931,0.038461538461538436,0.10740740740740741,0.5263157894736843,0.624113475177305,0.058365758754863814,0.7961165048543689,0.7992277992277992,0.7622377622377622,0.4393939393939394,0.6836363636363636,0.8181818181818181,0.7890909090909091,0.9801980198019802,0.2857142857142857,0.33695652173913043,0.33152173913043476,0.8802083333333334,35972576.0,23742249.0,51.51,17601522.0,5.68,51.93,50.2,48.36,212.6,17602000000.0,,,0.001,11.0,3.81,74.76,0.509,3.37,1.12,-3.77,2.4281,69757337812.33,,,17.0000000000000,19.5,12.7000000000000,2.8000000000000,1.000,0.0,0.0,0.0,0.0,0.520800000000,0.194200000000,0.496200000000,0.814700000000,0.038500000000,0.107400000000,0.526300000000,0.624100000000,0.058400000000,0.796100000000,0.799200000000,0.762200000000,0.439400000000,0.683600000000,0.818200000000,0.789100000000,0.980200000000,0.285700000000,0.337000000000,0.331500000000,0.880200000000
257905140790bc29dc5bf9fb900ab7ff,ثتران,,,,675000000.0,,18.86,,,,675000000.0,-3988800000.0,,,,,,,,,22.338830584707647,2.499153424589043,79329727642.0,116.92238267148014,64.53082601663637,13.7,9.2,0.0,3.3,0.72,0.0,0.0,8.0,0.0,0.3,0.3,0.5,0.5,0.3,0.11851851851851852,0.4172932330827067,0.3,0.5836575875486382,0.3,0.5482625482625483,0.3,0.38636363636363635,0.0,0.0,0.0,0.3,0.3,0.3,0.3,0.3,,,,675000000.0,,18.86,,,,675000000.0,,,,,,,,,,22.34,2.4992,79329727642.0,,,13.7000000000000,9.2,0E-13,3.3000000000000,0.720,0.0,0.0,8.0,0.0,0.300000000000,0.300000000000,0.500000000000,0.500000000000,0.300000000000,0.118500000000,0.417300000000,0.300000000000,0.583700000000,0.300000000000,0.548300000000,0.300000000000,0.386400000000,0E-12,0E-12,0E-12,0.300000000000,0.300000000000,0.300000000000,0.300000000000,0.300000000000
25aafd0fbcf94aed7458b9d9f32852d8,رمپنا,311079300.0,172418900.0,80.42064994034877,,,19.8,,,,,,,,,,,,,,56.258534365043246,2.275653036599864,2216056327560.0,,,16.6,9.2,0.0,6.4,0.615,0.0,0.0,8.0,0.0,0.3,0.3,0.5,0.5,0.3,0.9407407407407408,0.7255639097744361,0.3,0.8949416342412452,0.3,0.3,0.3,0.3,0.0,0.0,0.0,0.3,0.3,0.875,0.532608695652174,0.052083333333333336,311079300.0,172418900.0,80.42,,,19.8,,,,,,,,,,,,,,56.26,2.2757,2216056327560.0,,,16.6000000000000,9.2,0E-13,6.4000000000000,0.615,0.0,0.0,8.0,0.0,0.300000000000,0.300000000000,0.500000000000,0.500000000000,0.300000000000,0.940700000000,0.725600000000,0.300000000000,0.894900000000,0.300000000000,0.300000000000,0.300000000000,0.300000000000,0E-12,0E-12,0E-12,0.300000000000,0.300000000000,0.875000000000,0.532600000000,0.052100000000
26ee5c2c59a374815a759f4990eb7c29,غگلستا,,,,545235000.0,32.45398773006135,18.01,,,,545235000.0,334500000.0,,,,,,,,,26.153846153846157,2.6724718728533374,135744660710.33333,63.0,,11.4,9.2,2.3,3.4,0.685,0.0,0.0,0.0,0.0,0.3,0.3,0.5,0.5,0.3,0.2814814814814815,0.1992481203007519,0.3,0.642023346303502,0.3,0.36293436293436293,0.3,0.3,0.0,0.20727272727272728,0.0,0.3,0.3,0.3,0.3,0.3,,,,545235000.0,32.45,18.01,,,,545235000.0,,,,,,,,,,26.15,2.6725,135744660710.33,,,11.4000000000000,9.2,2.3000000000000,3.4000000000000,0.685,0.0,0.0,0.0,0.0,0.300000000000,0.300000000000,0.500000000000,0.500000000000,0.300000000000,0.281500000000,0.199200000000,0.300000000000,0.642000000000,0.300000000000,0.362900000000,0.300000000000,0.300000000000,0E-12,0.207300000000,0E-12,0.300000000000,0.300000000000,0.300000000000,0.300000000000,0.300000000000
29d7795e06a8fe30d0a386ed95c8f445,کچاد,963146213.0,690849047.0,39.41485729515669,136622000000.0,10.441583346752353,26.86,,,,136622000000.0,217752000000.0,,,,,,,,,10.88950937375349,2.517531692461898,1503934911510.4666,-37.257981557000626,-14.440494643575933,7.4,9.2,4.3,6.0,1.0,0.0,0.0,0.0,0.0,0.3,0.3,0.5,0.5,0.3,0.9259259259259259,0.37969924812030076,0.3,0.3151750972762646,0.3,0.07335907335907337,0.3,0.16666666666666666,0.0,0.38909090909090904,0.0,0.3,0.3,0.34782608695652173,0.22282608695652173,0.9427083333333334,963146213.0,690849047.0,39.41,136622000000.0,10.44,26.86,,,,136622000000.0,,,,,,,,,,10.89,2.5175,1503934911510.47,,,7.4000000000000,9.2,4.3000000000000,6.0000000000000,1.000,0.0,0.0,0.0,0.0,0.300000000000,0.300000000000,0.500000000000,0.500000000000,0.300000000000,0.925900000000,0.379700000000,0.300000000000,0.315200000000,0.300000000000,0.073400000000,0.300000000000,0.166700000000,0E-12,0.389100000000,0E-12,0.300000000000,0.300000000000,0.347800000000,0.222800000000,0.942700000000
2c7e998dc9b612c1fd643b991c0dc3cc,غشصفا,105229112.0,56099433.0,87.57607051037397,984812040.0,54.0958605664488,28.16,1.3221493306909213,,,984812040.0,613630160.0,,,-0.12958726707469248,,,,,,19.682697074863658,2.754416587850696,113031686596.66667,60.48951048951049,70.83235103436081,15.8,8.3,1.8,3.3,0.965,0.0,0.0,0.0,0.0,0.3,0.3,0.5,0.5,0.3,0.2111111111111111,0.14661654135338342,0.2765957446808511,0.5408560311284046,0.3,0.3552123552123552,0.09090909090909091,0.4090909090909091,0.0,0.1636363636363637,0.0,0.3,0.3,0.47282608695652173,0.5869565217391305,0.6197916666666666,105229112.0,56099433.0,87.58,984812040.0,54.1,28.16,1.32,,,984812040.0,,,,-0.13,,,,,,19.68,2.7544,113031686596.67,,,15.8000000000000,8.3,1.8000000000000,3.3000000000000,0.965,0.0,0.0,0.0,0.0,0.300000000000,0.300000000000,0.500000000000,0.500000000000,0.300000000000,0.211100000000,0.146600000000,0.276600000000,0.540900000000,0.300000000000,0.355200000000,0.090900000000,0.409100000000,0E-12,0.163600000000,0E-12,0.300000000000,0.300000000000,0.472800000000,0.587000000000,0.619800000000
2dc3ef3ab0a0505e8859b5400fc35e95,شکربن,37084381.0,31946860.0,16.08145839685027,11646473472.0,5.537280701754386,29.55,,,,11646473472.0,13945119552.0,,,,,,,,,23.703703703703706,2.3595842321685496,183783783203.33334,-16.483516483516482,34.9190516066532,6.0,9.2,9.2,5.1,1.0,0.0,0.0,0.0,0.0,0.3,0.3,0.5,0.5,0.3,0.3962962962962963,0.6278195488721805,0.3,0.603112840466926,0.3,0.10424710424710425,0.3,0.2803030303030303,0.0,0.8327272727272728,0.0,0.3,0.3,0.1956521739130435,0.09239130434782608,0.9010416666666666,37084381.0,31946860.0,16.08,11646473472.0,5.54,29.55,,,,11646473472.0,,,,,,,,,,23.7,2.3596,183783783203.33,,,6.0000000000000,9.2,9.2000000000000,5.1000000000000,1.000,0.0,0.0,0.0,0.0,0.300000000000,0.300000000000,0.500000000000,0.500000000000,0.300000000000,0.396300000000,0.627800000000,0.300000000000,0.603100000000,0.300000000000,0.104200000000,0.300000000000,0.280300000000,0E-12,0.832700000000,0E-12,0.300000000000,0.300000000000,0.195700000000,0.092400000000,0.901000000000
2dcd8b1b42da502813fb5b275d5e288e,زشگزا,18229133.0,8936672.0,103.98122477808293,4594560000.0,6.50856665273715,40.98,,,,4594560000.0,2028480000.0,,,,,,,,,0.7462686567164178,2.2770683649017487,209340521245.66666,126.50260293421675,62.61760510529167,18.6,9.2,8.3,4.8,1.0,0.0,0.0,0.0,0.0,0.3,0.3,0.5,0.5,0.3,0.43333333333333335,0.7218045112781954,0.3,0.12062256809338522,0.3,0.5598455598455598,0.3,0.3787878787878788,0.0,0.7563636363636363,0.0,0.3,0.3,0.3858695652173913,0.7336956521739131,0.75,18229133.0,8936672.0,103.98,4594560000.0,6.51,40.98,,,,4594560000.0,,,,,,,,,,0.75,2.2771,209340521245.67,,,18.6000000000000,9.2,8.3000000000000,4.8000000000000,1.000,0.0,0.0,0.0,0.0,0.300000000000,0.300000000000,0.500000000000,0.500000000000,0.300000000000,0.433300000000,0.721800000000,0.300000000000,0.120600000000,0.300000000000,0.559800000000,0.300000000000,0.378800000000,0E-12,0.756400000000,0E-12,0.300000000000,0.300000000000,0.385900000000,0.733700000000,0.750000000000
2ebfd20c4a8b98cdd3e425bf2d0a48cf,دامین,,,,3117800.0,45.215249026125676,29.98,36.82251237150477,20.18096456958452,22.578105668112563,3300440000.0,489500000.0,3117800.0,0.001,8.265440341482797,6.353719542205502,2.937444517219617,2.7008871640259158,1.214803613279008,1.2373417570530705,-0.3234152652005175,2.5675023097180265,423473369270.6667,536.9356486210419,214.17599514892328,21.3,10.5,5.3,4.5,0.72,0.0,0.0,0.0,0.0,1.0,0.30097087378640774,0.4135338345864662,0.08620689655172414,0.40384615384615385,0.6888888888888889,0.3308270676691729,0.5815602836879432,0.10505836575875487,0.32038834951456313,0.918918918918919,0.6223776223776224,0.7272727272727273,0.6981818181818182,0.1709090909090909,0.6690909090909091,0.1782178217821782,0.7380952380952381,0.3,0.3,0.3,,,,3117800.0,45.22,29.98,36.82,20.18,22.58,3300440000.0,,,0.001,8.27,6.35,2.94,2.701,1.21,1.24,-0.32,2.5675,423473369270.67,,,21.3000000000000,10.5,5.3000000000000,4.5000000000000,0.720,0.0,0.0,0.0,0.0,1.000000000000,0.301000000000,0.413500000000,0.086200000000,0.403800000000,0.688900000000,0.330800000000,0.581600000000,0.105100000000,0.320400000000,0.918900000000,0.622400000000,0.727300000000,0.698200000000,0.170900000000,0.669100000000,0.178200000000,0.738100000000,0.300000000000,0.300000000000,0.300000000000
2f418d231f33b1c2a4dd596f18096bc7,خودکفا,,,,62400000000.0,2.3076923076923075,26.58,,,,62400000000.0,25900000000.0,,,,,,,,,-1.0302197802197801,2.3802693522775162,225775061880.0,140.92664092664094,103.33607907742999,14.6,9.2,10.8,4.2,0.685,0.0,0.0,0.0,0.0,0.3,0.3,0.5,0.5,0.3,0.4777777777777778,0.5864661654135339,0.3,0.07782101167315175,0.3,0.5868725868725869,0.3,0.4810606060606061,0.0,0.9854545454545455,0.0,0.3,0.3,0.3,0.3,0.3,,,,62400000000.0,2.31,26.58,,,,62400000000.0,,,,,,,,,,-1.03,2.3803,225775061880.0,,,14.6000000000000,9.2,10.8000000000000,4.2000000000000,0.685,0.0,0.0,0.0,0.0,0.300000000000,0.300000000000,0.500000000000,0.500000000000,0.300000000000,0.477800000000,0.586500000000,0.300000000000,0.077800000000,0.300000000000,0.586900000000,0.300000000000,0.481100000000,0E-12,0.985500000000,0E-12,0.300000000000,0.300000000000,0.300000000000,0.300000000000,0.300000000000
2fe468d2d5a13b43ee3bc672d1fc2c6c,تایرا,405424640.0,328494718.0,23.418922066198945,69389200000.0,2.5733111204625505,31.99,,,,69389200000.0,54711000000.0,,,,,,,,,16.0844250363901,1.9126227572341465,155944926191.36667,26.828608506516055,40.526666414625225,7.0,9.2,10.8,5.1,1.0,0.0,0.0,0.0,0.0,0.3,0.3,0.5,0.5,0.3,0.337037037037037,0.9511278195488722,0.3,0.4708171206225681,0.3,0.2277992277992278,0.3,0.3068181818181818,0.0,0.9781818181818182,0.0,0.3,0.3,0.06521739130434782,0.125,0.4947916666666667,405424640.0,328494718.0,23.42,69389200000.0,2.57,31.99,,,,69389200000.0,,,,,,,,,,16.08,1.9126,155944926191.37,,,7.0000000000000,9.2,10.8000000000000,5.1000000000000,1.000,0.0,0.0,0.0,0.0,0.300000000000,0.300000000000,0.500000000000,0.500000000000,0.300000000000,0.337000000000,0.951100000000,0.300000000000,0.470800000000,0.300000000000,0.227800000000,0.300000000000,0.306800000000,0E-12,0.978200000000,0E-12,0.300000000000,0.300000000000,0.065200000000,0.125000000000,0.494800000000
30098073127320ec11c2c84dc7dd7dd5,شپاکسا,90560377.0,45800885.0,97.72626009300912,8465300000.0,5.435483680436606,45.0,22.900985547671553,,,8465300000.0,1402200000.0,,,6.238913323042716,2.0563780064382473,5.309882907230809,,,,-23.263473053892216,8.725038370427999,413606623428.93335,503.71558978747686,198.93324193102563,25.9,10.0,9.3,3.7,0.92,0.0,0.0,0.0,0.0,0.3,0.3,0.631578947368421,0.25862068965517243,0.3,0.6777777777777778,0.015037593984962405,0.5106382978723404,0.007782101167315175,0.3,0.918918918918919,0.3916083916083916,0.7083333333333334,0.0,0.8436363636363636,0.0,0.3,0.5952380952380952,0.5815217391304348,0.6739130434782609,0.421875,90560377.0,45800885.0,97.73,8465300000.0,5.44,45.0,22.9,,,8465300000.0,,,,6.24,2.06,5.31,,,,-23.26,8.725,413606623428.93,,,25.9000000000000,10.0,9.3000000000000,3.7000000000000,0.920,0.0,0.0,0.0,0.0,0.300000000000,0.300000000000,0.631600000000,0.258600000000,0.300000000000,0.677800000000,0.015000000000,0.510600000000,0.007800000000,0.300000000000,0.918900000000,0.391600000000,0.708300000000,0E-12,0.843600000000,0E-12,0.300000000000,0.595200000000,0.581500000000,0.673900000000,0.421900000000
326f53e9133b7e24c3b9ffec1e73fa18,326f53e9133b7e24c3b9ffec1e73fa18,,,,663470.0,,6.79,12.569667007993257,3.6547412786135527,2.0936104222903764,667000000.0,-439000000.0,663470.0,0.001,6.94590511607397,2.318261901178387,1.5632977747943821,1.9064599755829201,0.6781087307912419,1.1755643641294038,,,,251.13211845102506,-279.8381125,8.5,7.4,0.0,2.9,0.36,5.0,0.0,8.0,0.0,0.96875,0.2524271844660194,0.6165413533834587,0.034482758620689655,0.6153846153846154,0.0,0.3,0.5390070921985816,0.3,0.04854368932038835,0.806949806949807,0.20279720279720279,0.005681818181818182,0.0,0.0,0.0,0.04950495049504951,0.11904761904761904,0.3,0.3,0.3,,,,663470.0,,6.79,12.57,3.65,2.09,667000000.0,,,0.001,6.95,2.32,1.56,1.906,0.68,1.18,,,,,,8.5000000000000,7.4,0E-13,2.9000000000000,0.360,5.0,0.0,8.0,0.0,0.968800000000,0.252400000000,0.616500000000,0.034500000000,0.615400000000,0E-12,0.300000000000,0.539000000000,0.300000000000,0.048500000000,0.806900000000,0.202800000000,0.005700000000,0E-12,0E-12,0E-12,0.049500000000,0.119000000000,0.300000000000,0.300000000000,0.300000000000
32b0b479f11a3f7399ab159f7f643370,درازک,30125338.0,13986737.0,115.38503226306464,13950083496.0,5.622544411471815,51.17,50.343388014961356,,,13950083496.0,4200000.0,,,32.47767344212372,5.139979540578765,8.858059014393078,,,,37.61467889908257,3.4811178129608638,501896819635.3333,332044.8451428571,442.3910782436672,29.5,12.6,9.1,4.5,0.92,0.0,0.0,0.0,0.0,0.3,0.3,0.4586466165413534,0.4051724137931034,0.3,0.7333333333333333,0.07518796992481203,0.9432624113475178,0.7665369649805448,0.3,0.918918918918919,0.7692307692307693,0.8901515151515151,0.0,0.8254545454545454,0.0,0.3,0.46825396825396826,0.9456521739130435,0.782608695652174,0.18229166666666666,30125338.0,13986737.0,115.39,13950083496.0,5.62,51.17,50.34,,,13950083496.0,,,,32.48,5.14,8.86,,,,37.61,3.4811,501896819635.33,,,29.5000000000000,12.6,9.1000000000000,4.5000000000000,0.920,0.0,0.0,0.0,0.0,0.300000000000,0.300000000000,0.458600000000,0.405200000000,0.300000000000,0.733300000000,0.075200000000,0.943300000000,0.766500000000,0.300000000000,0.918900000000,0.769200000000,0.890200000000,0E-12,0.825500000000,0E-12,0.300000000000,0.468300000000,0.945700000000,0.782600000000,0.182300000000
32bc989812a6997ee475737a30528c3b,وخارزم,,,,13380000000.0,40.71748878923767,22.1,,,,13380000000.0,7740000000.0,,,,,,,,,43.67088607594937,2.3181668922620604,1030384545614.6666,72.86821705426357,1496797900.0,14.7,9.2,2.0,6.4,0.685,0.0,0.0,0.0,0.0,0.3,0.3,0.5,0.5,0.3,0.8703703703703703,0.6842105263157895,0.3,0.8949416342412452,0.3,0.3938223938223938,0.3,0.8901515151515151,0.0,0.18181818181818177,0.0,0.3,0.3,0.3,0.3,0.3,,,,13380000000.0,40.72,22.1,,,,13380000000.0,,,,,,,,,,43.67,2.3182,1030384545614.67,,,14.7000000000000,9.2,2.0000000000000,6.4000000000000,0.685,0.0,0.0,0.0,0.0,0.300000000000,0.300000000000,0.500000000000,0.500000000000,0.300000000000,0.870400000000,0.684200000000,0.300000000000,0.894900000000,0.300000000000,0.393800000000,0.300000000000,0.890200000000,0E-12,0.181800000000,0E-12,0.300000000000,0.300000000000,0.300000000000,0.300000000000,0.300000000000
32cddf0dc9b06053a765b4c371dfe764,سصوفی,58031895.0,40907916.0,41.8598175472933,34014376.0,5.365077552994768,45.2,60.173834590697595,62.31320534383231,224.80001750055467,34002100000.0,19220300000.0,34014376.0,0.001,2.790380335231788,29.233455213490355,14.57053892556745,0.542632856178223,4.279288496709625,1.0978146681369918,-0.3645200486026731,2.2167629497502594,582150942780.0,76.97109826589596,36.589117040955074,10.2,16.8,13.0,5.2,1.0,0.0,0.9,0.0,0.0,0.5833333333333334,0.17475728155339806,0.16541353383458646,0.5086206896551724,0.019230769230769273,0.7481481481481481,0.7894736842105263,0.41843971631205673,0.10116731517509728,0.941747572815534,0.416988416988417,0.8741258741258742,0.2840909090909091,0.6872727272727273,0.850909090909091,0.7672727272727273,0.9801980198019802,0.15873015873015872,0.23369565217391305,0.2391304347826087,0.84375,58031895.0,40907916.0,41.86,34014376.0,5.37,45.2,60.17,62.31,224.8,34002100000.0,,,0.001,2.79,29.23,14.57,0.543,4.28,1.1,-0.36,2.2168,582150942780.0,,,10.2000000000000,16.8,13.0000000000000,5.2000000000000,1.000,0.0,0.9,0.0,0.0,0.583300000000,0.174800000000,0.165400000000,0.508600000000,0.019200000000,0.748100000000,0.789500000000,0.418400000000,0.101200000000,0.941700000000,0.417000000000,0.874100000000,0.284100000000,0.687300000000,0.850900000000,0.767300000000,0.980200000000,0.158700000000,0.233700000000,0.239100000000,0.843800000000
32f230090775786229c664bc8cb52dba,شبریز,2805051256.0,353289220.0,693.9815587919722,301440000000.0,5.461783439490445,46.07,,,,301440000000.0,124380000000.0,,,,,,,,,30.590171643545734,2.385672801848038,1634611189294.0,142.35407621804148,93.10193742963389,21.1,9.2,9.2,6.5,1.0,0.0,0.0,0.0,0.0,0.3,0.3,0.5,0.5,0.3,0.9333333333333333,0.5789473684210527,0.3,0.669260700389105,0.3,0.5984555984555985,0.3,0.45075757575757575,0.0,0.84,0.0,0.3,0.3,0.30978260869565216,0.9538043478260869,0.6666666666666666,2805051256.0,353289220.0,693.98,301440000000.0,5.46,46.07,,,,301440000000.0,,,,,,,,,,30.59,2.3857,1634611189294.0,,,21.1000000000000,9.2,9.2000000000000,6.5000000000000,1.000,0.0,0.0,0.0,0.0,0.300000000000,0.300000000000,0.500000000000,0.500000000000,0.300000000000,0.933300000000,0.578900000000,0.300000000000,0.669300000000,0.300000000000,0.598500000000,0.300000000000,0.450800000000,0E-12,0.840000000000,0E-12,0.300000000000,0.300000000000,0.309800000000,0.953800000000,0.666700000000
34f99deab827071c31069cb575b6aeeb,هجرت,447439022.0,231084668.0,93.62557709800116,18336750000.0,9.121845474252526,39.73,5.803823029096465,,,18336750000.0,8724800000.0,,,0.44080733997251187,,,,,,24.80739599383667,2.372266182695586,423845293518.3333,110.16814139006053,109.54042436654505,20.5,8.6,5.1,5.5,1.0,0.0,0.0,0.0,0.0,0.3,0.3,0.5,0.5,0.3,0.6925925925925925,0.6015037593984962,0.3120567375886525,0.6264591439688716,0.3,0.5328185328185329,0.13286713286713286,0.4962121212121212,0.0,0.46545454545454545,0.0,0.3,0.3,0.8206521739130435,0.6304347826086957,0.4010416666666667,447439022.0,231084668.0,93.63,18336750000.0,9.12,39.73,5.8,,,18336750000.0,,,,0.44,,,,,,24.81,2.3723,423845293518.33,,,20.5000000000000,8.6,5.1000000000000,5.5000000000000,1.000,0.0,0.0,0.0,0.0,0.300000000000,0.300000000000,0.500000000000,0.500000000000,0.300000000000,0.692600000000,0.601500000000,0.312100000000,0.626500000000,0.300000000000,0.532800000000,0.132900000000,0.496200000000,0E-12,0.465500000000,0E-12,0.300000000000,0.300000000000,0.820700000000,0.630400000000,0.401000000000
357e4606a3bb0ad48f3dc109ffc246d0,ثالوند,419313.0,0,,,,3.47,,,,,,,,,,,,,,,,23026601440.0,,,10.8,9.2,0.0,3.1,0.15,0.0,0.0,8.0,0.0,0.3,0.3,0.5,0.5,0.3,0.018518518518518517,0.3,0.3,0.3,0.3,0.3,0.3,0.3,0.0,0.0,0.0,0.3,0.3,0.3,0.3,0.9869791666666666,419313.0,0.0,,,,3.47,,,,,,,,,,,,,,,,23026601440.0,,,10.8000000000000,9.2,0E-13,3.1000000000000,0.150,0.0,0.0,8.0,0.0,0.300000000000,0.300000000000,0.500000000000,0.500000000000,0.300000000000,0.018500000000,0.300000000000,0.300000000000,0.300000000000,0.300000000000,0.300000000000,0.300000000000,0.300000000000,0E-12,0E-12,0E-12,0.300000000000,0.300000000000,0.300000000000,0.300000000000,0.987000000000
358139e1070f075fd27c39f77c4047e4,داسوه,15447973.0,7902204.0,95.48942295086282,3402750000.0,20.077143486885607,45.83,45.77277356453593,,,3402750000.0,1190250000.0,,,16.362073894221183,6.139357738350729,17.522324762716128,,,,28.71273138335453,2.749826969124575,113373951173.33333,185.88531821045999,267.8028282033165,27.8,12.3,2.8,2.9,1.0,0.0,0.0,0.0,0.0,0.3,0.3,0.4285714285714286,0.5948275862068966,0.3,0.21481481481481482,0.15037593984962405,0.7801418439716312,0.6536964980544747,0.3,0.7297297297297297,0.7062937062937062,0.8901515151515151,0.0,0.2581818181818182,0.0,0.3,0.7698412698412699,0.9456521739130435,0.657608695652174,0.08333333333333333,15447973.0,7902204.0,95.49,3402750000.0,20.08,45.83,45.77,,,3402750000.0,,,,16.36,6.14,17.52,,,,28.71,2.7498,113373951173.33,,,27.8000000000000,12.3,2.8000000000000,2.9000000000000,1.000,0.0,0.0,0.0,0.0,0.300000000000,0.300000000000,0.428600000000,0.594800000000,0.300000000000,0.214800000000,0.150400000000,0.780100000000,0.653700000000,0.300000000000,0.729700000000,0.706300000000,0.890200000000,0E-12,0.258200000000,0E-12,0.300000000000,0.769800000000,0.945700000000,0.657600000000,0.083300000000
36d852f81798b4c4f57827151acb1e86,شاراک,694853545.0,405703577.0,71.2712394941492,65813096.0,7.467972594755538,57.62,12.56574518101953,10.67162051303871,75.27223827729497,61982000000.0,7267016000.0,65813096.0,0.001,19.21730105387648,10.360614875943046,274.3454818296673,1.0824244463442352,3.0400188257522793,1.3113869678772607,42.006886374815544,2.421194760093974,1033249549703.3334,805.6412700894011,1819.5849079910906,26.2,14.0,11.5,5.9,1.0,0.0,0.0,0.0,0.0,0.8958333333333334,0.39805825242718446,0.2857142857142857,0.8146551724137931,0.06730769230769229,0.8814814814814815,0.5338345864661654,0.8156028368794326,0.8949416342412452,0.11650485436893204,0.918918918918919,0.1958041958041958,0.8901515151515151,0.7781818181818182,0.64,0.9636363636363636,0.8217821782178217,0.6507936507936508,0.7717391304347826,0.4673913043478261,0.3958333333333333,694853545.0,405703577.0,71.27,65813096.0,7.47,57.62,12.57,10.67,75.27,61982000000.0,,,0.001,19.22,10.36,274.35,1.082,3.04,1.31,42.01,2.4212,1033249549703.33,,,26.2000000000000,14.0,11.5000000000000,5.9000000000000,1.000,0.0,0.0,0.0,0.0,0.895800000000,0.398100000000,0.285700000000,0.814700000000,0.067300000000,0.881500000000,0.533800000000,0.815600000000,0.894900000000,0.116500000000,0.918900000000,0.195800000000,0.890200000000,0.778200000000,0.640000000000,0.963600000000,0.821800000000,0.650800000000,0.771700000000,0.467400000000,0.395800000000
36f23676eaffd388df63219008589dec,سپیدار,15200124.0,10337660.0,47.03640862632356,13033268.0,7.974430608194353,36.6,85.66304469473434,96.8542810376549,55.995984079646114,13033293000.0,7645450000.0,13033268.0,0.001,2.9131937883356755,126.76850133281454,,0.9349418733659125,0.31771557409074885,4.321599248723258,13.333333333333334,2.562193740388214,74451311210.0,70.47090753323873,62.10965119768856,13.2,7.7,10.3,5.5,1.0,0.0,8.0,0.0,0.0,0.8020833333333334,0.9902912621359223,0.03007518796992481,0.5,0.9230769230769231,0.1111111111111111,0.33458646616541354,0.425531914893617,0.39299610894941633,0.941747572815534,0.3783783783783784,0.9790209790209791,0.3731060606060606,0.8145454545454546,0.6,0.6799999999999999,0.5841584158415841,0.30952380952380953,0.5217391304347826,0.2826086956521739,0.265625,15200124.0,10337660.0,47.04,13033268.0,7.97,36.6,85.66,96.85,56.0,13033293000.0,,,0.001,2.91,126.77,,0.935,0.32,4.32,13.33,2.5622,74451311210.0,,,13.2000000000000,7.7,10.3000000000000,5.5000000000000,1.000,0.0,8.0,0.0,0.0,0.802100000000,0.990300000000,0.030100000000,0.500000000000,0.923100000000,0.111100000000,0.334600000000,0.425500000000,0.393000000000,0.941700000000,0.378400000000,0.979000000000,0.373100000000,0.814500000000,0.600000000000,0.680000000000,0.584200000000,0.309500000000,0.521700000000,0.282600000000,0.265600000000
39232c8d2f1231a8f681e77185a0a39e,کرازی,27285883.0,11719763.0,132.8194094027328,10773000000.0,7.075396825396825,39.32,,,,10773000000.0,6178000000.0,,,,,,,,,12.999365884590997,2.526069535391098,218163285117.7,74.37682097766267,142.66774711045164,18.0,9.2,7.6,4.5,1.0,0.0,0.0,0.0,0.0,0.3,0.3,0.5,0.5,0.3,0.46296296296296297,0.368421052631579,0.3,0.38132295719844356,0.3,0.4015444015444015,0.3,0.571969696969697,0.0,0.6909090909090909,0.0,0.3,0.3,0.15217391304347827,0.875,0.7708333333333334,27285883.0,11719763.0,132.82,10773000000.0,7.08,39.32,,,,10773000000.0,,,,,,,,,,13.0,2.5261,218163285117.7,,,18.0000000000000,9.2,7.6000000000000,4.5000000000000,1.000,0.0,0.0,0.0,0.0,0.300000000000,0.300000000000,0.500000000000,0.500000000000,0.300000000000,0.463000000000,0.368400000000,0.300000000000,0.381300000000,0.300000000000,0.401500000000,0.300000000000,0.572000000000,0E-12,0.690900000000,0E-12,0.300000000000,0.300000000000,0.152200000000,0.875000000000,0.770800000000
39c493c82f878ca7ed0a347493f150b6,شرانل,402468369.0,256380662.0,56.980782349333346,78900444.0,8.136972304599183,50.37,25.56734082249835,20.94815043342382,83.62120380153208,78392000000.0,31718000000.0,78900444.0,0.001,11.791592244858638,8.426019572804586,60.992583223135746,1.0719221301213464,1.013031734863137,1.89362175202932,13.400961025093434,2.4979617981121063,334189831852.6667,148.7560501923198,171.10772332251634,17.6,16.0,10.5,6.2,1.0,0.0,0.0,0.0,0.0,0.875,0.7087378640776699,0.3458646616541353,0.8146551724137931,0.46153846153846156,0.6296296296296297,0.4285714285714286,0.6595744680851063,0.3968871595330739,0.33980582524271846,0.6138996138996139,0.4755244755244755,0.6401515151515151,0.7418181818181818,0.5854545454545454,0.8727272727272728,0.8712871287128713,0.2698412698412698,0.5380434782608695,0.3641304347826087,0.7447916666666666,402468369.0,256380662.0,56.98,78900444.0,8.14,50.37,25.57,20.95,83.62,78392000000.0,,,0.001,11.79,8.43,60.99,1.072,1.01,1.89,13.4,2.498,334189831852.67,,,17.6000000000000,16.0,10.5000000000000,6.2000000000000,1.000,0.0,0.0,0.0,0.0,0.875000000000,0.708700000000,0.345900000000,0.814700000000,0.461500000000,0.629600000000,0.428600000000,0.659600000000,0.396900000000,0.339800000000,0.613900000000,0.475500000000,0.640200000000,0.741800000000,0.585500000000,0.872700000000,0.871300000000,0.269800000000,0.538000000000,0.364100000000,0.744800000000
3d93905f5d86c52a214cb21d71fbe704,سخوز,,,,21868000000.0,6.0051216389244555,23.05,,,,21868000000.0,16055200000.0,,,,5.284742766460325,30.512796424662533,,,,31.601242586839877,3.9297656671107446,210352517983.46155,36.20509243111266,-6.508400324845723,9.8,9.9,8.7,3.6,0.72,0.0,0.0,0.0,0.0,0.3,0.3,0.45112781954887216,0.8146551724137931,0.3,0.43703703703703706,0.06015037593984962,0.3,0.6809338521400778,0.3,0.25868725868725867,0.3,0.17803030303030304,0.0,0.7890909090909091,0.0,0.3,0.3,0.3,0.3,0.3,,,,21868000000.0,6.01,23.05,,,,21868000000.0,,,,,5.28,30.51,,,,31.6,3.9298,210352517983.46,,,9.8000000000000,9.9,8.7000000000000,3.6000000000000,0.720,0.0,0.0,0.0,0.0,0.300000000000,0.300000000000,0.451100000000,0.814700000000,0.300000000000,0.437000000000,0.060200000000,0.300000000000,0.680900000000,0.300000000000,0.258700000000,0.300000000000,0.178000000000,0E-12,0.789100000000,0E-12,0.300000000000,0.300000000000,0.300000000000,0.300000000000,0.300000000000
3dc6ca7296ff7c957aa13a1bf9e28347,کلر,21575601.0,11829152.0,82.39347165375844,11076070.0,7.336785718892371,45.53,65.27383010548469,54.69575063715011,50.580881862694504,11076557525.0,7473550000.0,11076070.0,0.001,-16.112807557459114,0.7528230467411902,8.165930408001369,0.7471100309044634,0.5533993462339036,1.7851887111870646,19.00647948164147,2.543571858458871,158268460990.0,48.203598022358854,37.857979728396046,15.7,12.7,11.2,5.9,1.0,0.0,3.0,0.0,0.0,0.7083333333333334,0.6893203883495146,0.7518796992481203,0.3793103448275862,0.7307692307692308,0.34444444444444444,0.3571428571428571,0.0425531914893617,0.5214007782101168,0.8737864077669902,0.30115830115830117,0.9020979020979021,0.2878787878787879,0.8618181818181818,0.6618181818181819,0.7454545454545455,0.48514851485148514,0.40476190476190477,0.6086956521739131,0.5543478260869565,0.8020833333333334,21575601.0,11829152.0,82.39,11076070.0,7.34,45.53,65.27,54.7,50.58,11076557525.0,,,0.001,-16.11,0.75,8.17,0.747,0.55,1.79,19.01,2.5436,158268460990.0,,,15.7000000000000,12.7,11.2000000000000,5.9000000000000,1.000,0.0,3.0,0.0,0.0,0.708300000000,0.689300000000,0.751900000000,0.379300000000,0.730800000000,0.344400000000,0.357100000000,0.042600000000,0.521400000000,0.873800000000,0.301200000000,0.902100000000,0.287900000000,0.861800000000,0.661800000000,0.745500000000,0.485100000000,0.404800000000,0.608700000000,0.554300000000,0.802100000000
3dee3148d7752fbf747804eae2347c51,وخاور,,,,144240000000.0,5.149750415973378,27.24,,,,144240000000.0,76950000000.0,,,,,,,,,-3.7325038880248838,1.931532015769514,631266486104.6666,87.44639376218323,16402643700.0,15.3,9.2,9.5,5.8,0.685,0.0,0.0,0.0,0.0,0.3,0.3,0.5,0.5,0.3,0.774074074074074,0.9473684210526316,0.3,0.0622568093385214,0.3,0.4517374517374517,0.3,0.8901515151515151,0.0,0.8654545454545455,0.0,0.3,0.3,0.3,0.3,0.3,,,,144240000000.0,5.15,27.24,,,,144240000000.0,,,,,,,,,,-3.73,1.9315,631266486104.67,,,15.3000000000000,9.2,9.5000000000000,5.8000000000000,0.685,0.0,0.0,0.0,0.0,0.300000000000,0.300000000000,0.500000000000,0.500000000000,0.300000000000,0.774100000000,0.947400000000,0.300000000000,0.062300000000,0.300000000000,0.451700000000,0.300000000000,0.890200000000,0E-12,0.865500000000,0E-12,0.300000000000,0.300000000000,0.300000000000,0.300000000000,0.300000000000
3eed9ad615c315d96a80b4ed8599772d,افق,3023344708.0,1447028918.0,108.93464328126163,155839187.0,13.167454672796524,48.44,5.55974956872733,6.010326346818822,70.87561742699356,144810000000.0,50210000000.0,155839187.0,0.001,1.7152245386639113,9.642127457355128,890.7701891666034,1.145680707382027,3.218843495450875,0.9781815502490426,3.2757051865332123,2.3029753928554646,433891534807.3333,210.37479984066917,222.49298469870132,23.5,12.1,8.0,4.8,1.0,0.0,0.0,0.0,0.0,0.90625,0.11650485436893204,0.3157894736842105,0.8146551724137931,0.04807692307692313,0.7148148148148148,0.6954887218045113,0.3546099290780142,0.1517509727626459,0.07766990291262135,0.7606177606177607,0.11188811188811189,0.7424242424242424,0.7236363636363636,0.3345454545454546,0.9709090909090909,0.7920792079207921,0.6190476190476191,0.27717391304347827,0.7445652173913043,0.765625,3023344708.0,1447028918.0,108.93,155839187.0,13.17,48.44,5.56,6.01,70.88,144810000000.0,,,0.001,1.72,9.64,890.77,1.146,3.22,0.98,3.28,2.303,433891534807.33,,,23.5000000000000,12.1,8.0000000000000,4.8000000000000,1.000,0.0,0.0,0.0,0.0,0.906300000000,0.116500000000,0.315800000000,0.814700000000,0.048100000000,0.714800000000,0.695500000000,0.354600000000,0.151800000000,0.077700000000,0.760600000000,0.111900000000,0.742400000000,0.723600000000,0.334500000000,0.970900000000,0.792100000000,0.619000000000,0.277200000000,0.744600000000,0.765600000000
3f3bb26af4a9adedd8678ad845720830,بموتو,55872795.0,44093293.0,26.714951863540787,8086000000.0,10.482315112540192,30.26,20.44552809645553,,,8086000000.0,4628000000.0,,,20.445525828536915,,,,,,13.924050632911392,2.119775880647957,115053775108.56667,74.71910112359551,1142348700.0,11.9,11.0,4.2,4.4,0.965,0.0,0.0,0.0,0.0,0.3,0.3,0.5,0.5,0.3,0.22962962962962963,0.8796992481203008,0.8368794326241135,0.4163424124513619,0.3,0.40540540540540543,0.34265734265734266,0.8901515151515151,0.0,0.3781818181818182,0.0,0.3,0.3,0.05434782608695652,0.15217391304347827,0.3020833333333333,55872795.0,44093293.0,26.71,8086000000.0,10.48,30.26,20.45,,,8086000000.0,,,,20.45,,,,,,13.92,2.1198,115053775108.57,,,11.9000000000000,11.0,4.2000000000000,4.4000000000000,0.965,0.0,0.0,0.0,0.0,0.300000000000,0.300000000000,0.500000000000,0.500000000000,0.300000000000,0.229600000000,0.879700000000,0.836900000000,0.416300000000,0.300000000000,0.405400000000,0.342700000000,0.890200000000,0E-12,0.378200000000,0E-12,0.300000000000,0.300000000000,0.054300000000,0.152200000000,0.302100000000
4178bc367d0410e207d6a86524bf3878,مبین,705466162.0,624239526.0,13.012094335083807,131505484320.0,5.48938134810711,30.13,24.27239749027112,,,131505484320.0,113821120000.0,,,24.272397330076203,,,,,,,2.222787512645357,3464364082715.8335,15.536979709916753,17123355000.0,9.6,11.4,9.2,6.8,0.815,0.0,0.0,0.0,0.0,0.3,0.3,0.5,0.5,0.3,0.9555555555555556,0.7706766917293233,0.8581560283687943,0.3,0.3,0.1776061776061776,0.4195804195804196,0.8901515151515151,0.0,0.8363636363636364,0.0,0.3,0.3,0.17391304347826086,0.08152173913043478,0.9270833333333334,705466162.0,624239526.0,13.01,131505484320.0,5.49,30.13,24.27,,,131505484320.0,,,,24.27,,,,,,,2.2228,3464364082715.83,,,9.6000000000000,11.4,9.2000000000000,6.8000000000000,0.815,0.0,0.0,0.0,0.0,0.300000000000,0.300000000000,0.500000000000,0.500000000000,0.300000000000,0.955600000000,0.770700000000,0.858200000000,0.300000000000,0.300000000000,0.177600000000,0.419600000000,0.890200000000,0E-12,0.836400000000,0E-12,0.300000000000,0.300000000000,0.173900000000,0.081500000000,0.927100000000
42c343943444522671018f6ce8d2c2a1,بفجر,,,,100605498.0,4.2015503875969,13.97,-0.011482039844071635,29.62366279770482,74.78836569530067,100620000000.0,129558000000.0,100605498.0,0.001,-1.6631486244280516,42483.28450200605,,1.9918125150575767,2.2878129160804725,1.400214730908474,,2.154359148229046,1292937740325.0,-22.347135645811143,-3900000100.0,2.1,3.2,14.6,6.2,0.535,5.0,8.0,0.0,0.0,0.9791666666666666,0.4368932038834951,0.011278195488721776,0.5,0.16346153846153844,0.9037037037037037,0.8421052631578947,0.20567375886524822,0.3,0.5242718446601942,0.10038610038610038,0.03496503496503497,0.005681818181818182,0.8909090909090909,0.92,0.9054545454545455,0.8118811881188119,0.24603174603174602,0.3,0.3,0.3,,,,100605498.0,4.2,13.97,-0.01,29.62,74.79,100620000000.0,,,0.001,-1.66,42483.28,,1.992,2.29,1.4,,2.1544,1292937740325.0,,,2.1000000000000,3.2,14.6000000000000,6.2000000000000,0.535,5.0,8.0,0.0,0.0,0.979200000000,0.436900000000,0.011300000000,0.500000000000,0.163500000000,0.903700000000,0.842100000000,0.205700000000,0.300000000000,0.524300000000,0.100400000000,0.035000000000,0.005700000000,0.890900000000,0.920000000000,0.905500000000,0.811900000000,0.246000000000,0.300000000000,0.300000000000,0.300000000000
4548be3fe5c878a9dbda1bd95501aa64,حفاری,,,,45738000000.0,2.215663124754034,19.02,,,,45738000000.0,46296000000.0,,,,,,,,,18.029350104821802,2.732767756174251,802932610029.6666,-1.2052877138413685,-200.0,2.9,9.2,10.9,4.8,0.685,5.0,0.0,0.0,0.0,0.3,0.3,0.5,0.5,0.3,0.8185185185185185,0.16917293233082709,0.3,0.5058365758754864,0.3,0.14285714285714285,0.3,0.032196969696969696,0.0,0.9890909090909091,0.0,0.3,0.3,0.3,0.3,0.3,,,,45738000000.0,2.22,19.02,,,,45738000000.0,,,,,,,,,,18.03,2.7328,802932610029.67,,,2.9000000000000,9.2,10.9000000000000,4.8000000000000,0.685,5.0,0.0,0.0,0.0,0.300000000000,0.300000000000,0.500000000000,0.500000000000,0.300000000000,0.818500000000,0.169200000000,0.300000000000,0.505800000000,0.300000000000,0.142900000000,0.300000000000,0.032200000000,0E-12,0.989100000000,0E-12,0.300000000000,0.300000000000,0.300000000000,0.300000000000,0.300000000000
47cec2efd2813e405cd4d975fb2df1a2,تاتمس,347941.0,0,,,,3.46,,,,,,,,,,,,,,,,5910542100.0,,,10.8,9.2,0.0,3.1,0.15,0.0,0.0,8.0,0.0,0.3,0.3,0.5,0.5,0.3,0.0,0.3,0.3,0.3,0.3,0.3,0.3,0.3,0.0,0.0,0.0,0.3,0.3,0.3,0.3,0.9869791666666666,347941.0,0.0,,,,3.46,,,,,,,,,,,,,,,,5910542100.0,,,10.8000000000000,9.2,0E-13,3.1000000000000,0.150,0.0,0.0,8.0,0.0,0.300000000000,0.300000000000,0.500000000000,0.500000000000,0.300000000000,0E-12,0.300000000000,0.300000000000,0.300000000000,0.300000000000,0.300000000000,0.300000000000,0.300000000000,0E-12,0E-12,0E-12,0.300000000000,0.300000000000,0.300000000000,0.300000000000,0.987000000000
486253dea70fdfaa0ad435e871f1ac01,ساوه,,,,25582640032.0,7.0987239758227,21.63,,,,25582640032.0,21361241328.0,,,,,,,,,-3.873873873873874,2.6753261350719986,183233372358.66666,19.761954088626172,70.19767562369358,10.2,9.2,7.5,3.1,0.72,0.0,0.0,0.0,0.0,0.3,0.3,0.5,0.5,0.3,0.3925925925925926,0.19172932330827064,0.3,0.054474708171206226,0.3,0.1891891891891892,0.3,0.4015151515151515,0.0,0.6836363636363636,0.0,0.3,0.3,0.3,0.3,0.3,,,,25582640032.0,7.1,21.63,,,,25582640032.0,,,,,,,,,,-3.87,2.6753,183233372358.67,,,10.2000000000000,9.2,7.5000000000000,3.1000000000000,0.720,0.0,0.0,0.0,0.0,0.300000000000,0.300000000000,0.500000000000,0.500000000000,0.300000000000,0.392600000000,0.191700000000,0.300000000000,0.054500000000,0.300000000000,0.189200000000,0.300000000000,0.401500000000,0E-12,0.683600000000,0E-12,0.300000000000,0.300000000000,0.300000000000,0.300000000000,0.300000000000
4a1adc39de6b1615bf5bf9b656a3030f,خموتور,62750005.0,58181319.0,7.852496434465503,5545590000.0,7.747777964112024,25.67,,,,5545590000.0,9109200000.0,,,,,,,,,2.5943396226415096,2.139277739207571,92603927894.13333,-39.12099855091556,53.8673953594921,5.5,9.2,6.7,4.3,1.0,0.0,0.0,0.0,0.0,0.3,0.3,0.5,0.5,0.3,0.16666666666666666,0.8609022556390977,0.3,0.14007782101167315,0.3,0.06563706563706563,0.3,0.3409090909090909,0.0,0.6072727272727273,0.0,0.3,0.3,0.16304347826086957,0.06521739130434782,0.7395833333333334,62750005.0,58181319.0,7.85,5545590000.0,7.75,25.67,,,,5545590000.0,,,,,,,,,,2.59,2.1393,92603927894.13,,,5.5000000000000,9.2,6.7000000000000,4.3000000000000,1.000,0.0,0.0,0.0,0.0,0.300000000000,0.300000000000,0.500000000000,0.500000000000,0.300000000000,0.166700000000,0.860900000000,0.300000000000,0.140100000000,0.300000000000,0.065600000000,0.300000000000,0.340900000000,0E-12,0.607300000000,0E-12,0.300000000000,0.300000000000,0.163000000000,0.065200000000,0.739600000000
4abec9db6376c2f7c79a759d64220c72,دجابر,46981329.0,13075552.0,259.30665871697045,9520877.0,11.378835613376063,55.73,33.91481416244085,30.043291171626496,50.19851367034804,12428640000.0,941220000.0,9520877.0,0.001,28.28947197344795,21.126722962448355,28.7741046992882,0.1045374286423404,1.3661610511022304,1.775097405830149,53.79909851899549,3.230658393745346,669211815533.0,911.5463972291283,134.36591710758375,28.5,13.7,7.9,5.7,1.0,0.0,0.1,0.0,0.0,0.14583333333333334,0.6699029126213593,0.19548872180451127,0.8146551724137931,0.3846153846153846,0.7851851851851852,0.0864661654135338,0.9432624113475178,0.8949416342412452,0.5436893203883495,0.918918918918919,0.6013986013986014,0.553030303030303,0.7709090909090909,0.3672727272727273,0.7636363636363637,0.4752475247524752,0.9484126984126984,0.3695652173913043,0.9538043478260869,0.203125,46981329.0,13075552.0,259.31,9520877.0,11.38,55.73,33.91,30.04,50.2,12428640000.0,,,0.001,28.29,21.13,28.77,0.105,1.37,1.78,53.8,3.2307,669211815533.0,,,28.5000000000000,13.7,7.9000000000000,5.7000000000000,1.000,0.0,0.1,0.0,0.0,0.145800000000,0.669900000000,0.195500000000,0.814700000000,0.384600000000,0.785200000000,0.086500000000,0.943300000000,0.894900000000,0.543700000000,0.918900000000,0.601400000000,0.553000000000,0.770900000000,0.367300000000,0.763600000000,0.475200000000,0.948400000000,0.369600000000,0.953800000000,0.203100000000
4b42ff856fa2a4996c5843f6bf85ef50,حتوکا,20866004.0,16641902.0,25.38232709217973,2031130000.0,7.72873966708187,19.72,,,,2031130000.0,,,,,,,,,,30.064070970921637,2.32969876678134,170021411937.83334,-37.53760121894709,-71.11363141256429,0.3,9.2,6.7,5.3,0.92,5.0,0.0,0.0,0.0,0.3,0.3,0.5,0.5,0.3,0.36666666666666664,0.6691729323308271,0.3,0.6653696498054474,0.3,0.0694980694980695,0.3,0.11363636363636363,0.0,0.6109090909090908,0.0,0.3,0.3,0.19021739130434784,0.1358695652173913,0.9479166666666666,20866004.0,16641902.0,25.38,2031130000.0,7.73,19.72,,,,2031130000.0,,,,,,,,,,30.06,2.3297,170021411937.83,,,0.3000000000000,9.2,6.7000000000000,5.3000000000000,0.920,5.0,0.0,0.0,0.0,0.300000000000,0.300000000000,0.500000000000,0.500000000000,0.300000000000,0.366700000000,0.669200000000,0.300000000000,0.665400000000,0.300000000000,0.069500000000,0.300000000000,0.113600000000,0E-12,0.610900000000,0E-12,0.300000000000,0.300000000000,0.190200000000,0.135900000000,0.947900000000
4c198075a5599a736ed1cb88eb36b7cd,توریل,,,,10230000000.0,3.6451612903225805,17.3,,,,10230000000.0,9204000000.0,,,,,,,,,28.61491628614916,2.429560411653507,109697414646.13333,11.147327249022164,-83.03633651823338,3.5,9.2,10.6,3.8,0.64,5.0,0.0,0.0,0.0,0.3,0.3,0.5,0.5,0.3,0.1925925925925926,0.5225563909774436,0.3,0.6498054474708171,0.3,0.16988416988416988,0.3,0.09848484848484848,0.0,0.96,0.0,0.3,0.3,0.3,0.3,0.3,,,,10230000000.0,3.65,17.3,,,,10230000000.0,,,,,,,,,,28.61,2.4296,109697414646.13,,,3.5000000000000,9.2,10.6000000000000,3.8000000000000,0.640,5.0,0.0,0.0,0.0,0.300000000000,0.300000000000,0.500000000000,0.500000000000,0.300000000000,0.192600000000,0.522600000000,0.300000000000,0.649800000000,0.300000000000,0.169900000000,0.300000000000,0.098500000000,0E-12,0.960000000000,0E-12,0.300000000000,0.300000000000,0.300000000000,0.300000000000,0.300000000000
4c72588412aab6f0a0e6d2469d9b1491,غشهداب,23266858.0,12664044.0,83.7237615409422,5793781990.0,4.706428382542574,35.61,24.31924413687486,,,5793781990.0,3180094487.0,,,-1.8921224692424268,,,,,,9.045454545454545,2.466461522127289,312911991069.0,82.1889888393118,70.46127650652117,14.7,9.4,9.8,4.8,0.92,0.0,0.0,0.0,0.0,0.3,0.3,0.5,0.5,0.3,0.6148148148148148,0.4699248120300752,0.19148936170212766,0.2801556420233463,0.3,0.43243243243243246,0.42657342657342656,0.4053030303030303,0.0,0.8872727272727272,0.0,0.3,0.3,0.20652173913043478,0.5652173913043478,0.5572916666666666,23266858.0,12664044.0,83.72,5793781990.0,4.71,35.61,24.32,,,5793781990.0,,,,-1.89,,,,,,9.05,2.4665,312911991069.0,,,14.7000000000000,9.4,9.8000000000000,4.8000000000000,0.920,0.0,0.0,0.0,0.0,0.300000000000,0.300000000000,0.500000000000,0.500000000000,0.300000000000,0.614800000000,0.469900000000,0.191500000000,0.280200000000,0.300000000000,0.432400000000,0.426600000000,0.405300000000,0E-12,0.887300000000,0E-12,0.300000000000,0.300000000000,0.206500000000,0.565200000000,0.557300000000
4d8273e8e35e83a73ef9b5bca072c95c,کالا,62740203.0,23334119.0,168.87753079514164,54884699.0,5.782750369472226,56.21,69.57548836953286,100.30053776806989,61.27849810506775,54903000000.0,27726800000.0,54884699.0,0.001,-3.0089681212173502,48.54313309970658,69.94296725850782,0.6344878014180236,0.32705956866511365,3.041530716924068,23.389830508474578,2.3160909708373763,1482741006724.3333,97.94819091997634,219.28528070979647,24.1,10.2,12.8,9.1,1.0,0.0,5.9,0.0,0.0,0.6354166666666666,0.9223300970873787,0.10526315789473684,0.8146551724137931,0.9134615384615384,0.9222222222222223,0.6879699248120301,0.18439716312056736,0.5953307392996109,0.941747572815534,0.47104247104247104,0.916083916083916,0.7386363636363636,0.8727272727272728,0.8109090909090909,0.7127272727272727,0.6534653465346535,0.8888888888888888,0.2826086956521739,0.9538043478260869,0.7239583333333334,62740203.0,23334119.0,168.88,54884699.0,5.78,56.21,69.58,100.3,61.28,54903000000.0,,,0.001,-3.01,48.54,69.94,0.634,0.33,3.04,23.39,2.3161,1482741006724.33,,,24.1000000000000,10.2,12.8000000000000,9.1000000000000,1.000,0.0,5.9,0.0,0.0,0.635400000000,0.922300000000,0.105300000000,0.814700000000,0.913500000000,0.922200000000,0.688000000000,0.184400000000,0.595300000000,0.941700000000,0.471000000000,0.916100000000,0.738600000000,0.872700000000,0.810900000000,0.712700000000,0.653500000000,0.888900000000,0.282600000000,0.953800000000,0.724000000000
4e35602375bf56d08f1acbbff336611c,سرچشمه,,,,32490000000.0,3.7857802400738687,22.19,,,,32490000000.0,12994245000.0,,,,,,,,,,1.2111466034761555,562794693282.8572,150.03376494748252,-22.98500833259013,13.2,9.2,10.5,6.0,0.57,0.0,0.0,0.0,0.0,0.3,0.3,0.5,0.5,0.3,0.7407407407407407,0.9962406015037594,0.3,0.3,0.3,0.6177606177606177,0.3,0.15151515151515152,0.0,0.9527272727272728,0.0,0.3,0.3,0.3,0.3,0.3,,,,32490000000.0,3.79,22.19,,,,32490000000.0,,,,,,,,,,,1.2111,562794693282.86,,,13.2000000000000,9.2,10.5000000000000,6.0000000000000,0.570,0.0,0.0,0.0,0.0,0.300000000000,0.300000000000,0.500000000000,0.500000000000,0.300000000000,0.740700000000,0.996200000000,0.300000000000,0.300000000000,0.300000000000,0.617800000000,0.300000000000,0.151500000000,0E-12,0.952700000000,0E-12,0.300000000000,0.300000000000,0.300000000000,0.300000000000,0.300000000000
4e74a398d885cd61dfd07383641eb05f,پارس,2050459507.0,736445420.0,178.42654069326684,260734403424.0,5.947735916223376,33.02,,,,260734403424.0,186611237792.0,,,,,,,,,31.664348632359758,2.6725794554352627,836397680804.0667,39.720633392196305,-1.0691591998650682,14.8,9.2,8.8,4.8,0.88,0.0,0.0,0.0,0.0,0.3,0.3,0.5,0.5,0.3,0.8296296296296296,0.19548872180451127,0.3,0.6926070038910506,0.3,0.28185328185328185,0.3,0.1856060606060606,0.0,0.7963636363636364,0.0,0.3,0.3,0.0,0.9538043478260869,0.0,2050459507.0,736445420.0,178.43,260734403424.0,5.95,33.02,,,,260734403424.0,,,,,,,,,,31.66,2.6726,836397680804.07,,,14.8000000000000,9.2,8.8000000000000,4.8000000000000,0.880,0.0,0.0,0.0,0.0,0.300000000000,0.300000000000,0.500000000000,0.500000000000,0.300000000000,0.829600000000,0.195500000000,0.300000000000,0.692600000000,0.300000000000,0.281900000000,0.300000000000,0.185600000000,0E-12,0.796400000000,0E-12,0.300000000000,0.300000000000,0E-12,0.953800000000,0E-12
4f8054584021b10a15fe091d8973bf6f,شتران,5974270738.0,1425999269.0,318.953281945897,922911344.0,4.647906265258297,60.52,22.35592682864095,18.72756107507754,52.73578025534579,906486000000.0,283120500000.0,922911344.0,0.001,6.296015222192226,4.946587351324879,,0.2160169687978177,0.2781797209277611,3.398334080550006,33.537832310838446,2.352672685692538,4508642903842.667,225.9782827453328,110.02207815267795,25.7,11.3,14.5,9.0,1.0,0.0,0.0,0.0,0.0,0.22916666666666666,0.970873786407767,0.46616541353383456,0.5,0.9423076923076923,0.9666666666666667,0.6390977443609023,0.5177304964539007,0.7120622568093385,0.2912621359223301,0.7876447876447876,0.3776223776223776,0.5,0.9236363636363636,0.8909090909090909,0.9563636363636363,0.5346534653465347,0.19047619047619047,0.8043478260869565,0.9538043478260869,0.3333333333333333,5974270738.0,1425999269.0,318.95,922911344.0,4.65,60.52,22.36,18.73,52.74,906486000000.0,,,0.001,6.3,4.95,,0.216,0.28,3.4,33.54,2.3527,4508642903842.67,,,25.7000000000000,11.3,14.5000000000000,9.0000000000000,1.000,0.0,0.0,0.0,0.0,0.229200000000,0.970900000000,0.466200000000,0.500000000000,0.942300000000,0.966700000000,0.639100000000,0.517700000000,0.712100000000,0.291300000000,0.787600000000,0.377600000000,0.500000000000,0.923600000000,0.890900000000,0.956400000000,0.534700000000,0.190500000000,0.804300000000,0.953800000000,0.333300000000
508279539a385693bd947ea986985bb4,شپارس,44406036.0,22824212.0,94.55671021632641,1105800000.0,24.855670103092784,31.33,5.750842070208654,,,1105800000.0,1044450000.0,,,5.750837688896388,,,,,,37.919272313814666,2.6578056834150967,211600147028.4,5.8739049260376275,255372000.0,16.6,9.1,2.5,4.3,0.965,0.0,0.0,0.0,0.0,0.3,0.3,0.5,0.5,0.3,0.44074074074074077,0.21804511278195493,0.49645390070921985,0.7704280155642024,0.3,0.14671814671814673,0.1258741258741259,0.8901515151515151,0.0,0.22909090909090912,0.0,0.3,0.3,0.46195652173913043,0.6413043478260869,0.5260416666666666,44406036.0,22824212.0,94.56,1105800000.0,24.86,31.33,5.75,,,1105800000.0,,,,5.75,,,,,,37.92,2.6578,211600147028.4,,,16.6000000000000,9.1,2.5000000000000,4.3000000000000,0.965,0.0,0.0,0.0,0.0,0.300000000000,0.300000000000,0.500000000000,0.500000000000,0.300000000000,0.440700000000,0.218000000000,0.496500000000,0.770400000000,0.300000000000,0.146700000000,0.125900000000,0.890200000000,0E-12,0.229100000000,0E-12,0.300000000000,0.300000000000,0.462000000000,0.641300000000,0.526000000000
5273ccc375234a373922892e70dffc5d,غبهنوش,,,,2531520000.0,11.46188850967008,21.12,,,,2531520000.0,1504440000.0,,,,,,,,,2.3938515812019654,2.8838237160404447,149681240130.0,68.26992103374013,180.68251305032769,13.3,9.2,4.0,2.8,0.72,0.0,0.0,0.0,0.0,0.3,0.3,0.5,0.5,0.3,0.31851851851851853,0.10902255639097747,0.3,0.13618677042801555,0.3,0.3745173745173745,0.3,0.6553030303030303,0.0,0.36363636363636365,0.0,0.3,0.3,0.3,0.3,0.3,,,,2531520000.0,11.46,21.12,,,,2531520000.0,,,,,,,,,,2.39,2.8838,149681240130.0,,,13.3000000000000,9.2,4.0000000000000,2.8000000000000,0.720,0.0,0.0,0.0,0.0,0.300000000000,0.300000000000,0.500000000000,0.500000000000,0.300000000000,0.318500000000,0.109000000000,0.300000000000,0.136200000000,0.300000000000,0.374500000000,0.300000000000,0.655300000000,0E-12,0.363600000000,0E-12,0.300000000000,0.300000000000,0.300000000000,0.300000000000,0.300000000000
5275e513e2842a3b390ae43faa530d06,غشان,53736523.0,26937766.0,99.48396240430628,2233035000.0,18.941798941798943,40.82,11.730855747315672,,,2233035000.0,,,,3.105451254082224,0.5501388240090485,5.462313316104965,,,,31.61764705882353,2.464304936808988,193649590537.33334,195.54896142433233,198.24066743409284,23.4,9.7,2.9,4.8,1.0,0.0,0.0,0.0,0.0,0.3,0.3,0.7969924812030076,0.28448275862068967,0.3,0.40370370370370373,0.47744360902255634,0.4326241134751773,0.6848249027237354,0.3,0.7451737451737451,0.18181818181818182,0.7045454545454546,0.0,0.2654545454545455,0.0,0.3,0.6111111111111112,0.40217391304347827,0.6956521739130435,0.7864583333333334,53736523.0,26937766.0,99.48,2233035000.0,18.94,40.82,11.73,,,2233035000.0,,,,3.11,0.55,5.46,,,,31.62,2.4643,193649590537.33,,,23.4000000000000,9.7,2.9000000000000,4.8000000000000,1.000,0.0,0.0,0.0,0.0,0.300000000000,0.300000000000,0.797000000000,0.284500000000,0.300000000000,0.403700000000,0.477400000000,0.432600000000,0.684800000000,0.300000000000,0.745200000000,0.181800000000,0.704500000000,0E-12,0.265500000000,0E-12,0.300000000000,0.611100000000,0.402200000000,0.695700000000,0.786500000000
549b1892b8d2c12be65851e10d9d9253,سآبیک,70141877.0,50874554.0,37.87221997071463,30196707404.0,7.0521364170913365,31.93,,,,30196707404.0,26488703251.0,,,,,,,,,-3.6712106897017143,2.462411536638441,160208199284.0,13.998435928946487,21.866903074604664,11.1,9.2,7.6,4.0,1.0,0.0,0.0,0.0,0.0,0.3,0.3,0.5,0.5,0.3,0.34814814814814815,0.48120300751879697,0.3,0.06614785992217899,0.3,0.17374517374517376,0.3,0.24621212121212122,0.0,0.6945454545454546,0.0,0.3,0.3,0.7445652173913043,0.21739130434782608,0.7083333333333334,70141877.0,50874554.0,37.87,30196707404.0,7.05,31.93,,,,30196707404.0,,,,,,,,,,-3.67,2.4624,160208199284.0,,,11.1000000000000,9.2,7.6000000000000,4.0000000000000,1.000,0.0,0.0,0.0,0.0,0.300000000000,0.300000000000,0.500000000000,0.500000000000,0.300000000000,0.348100000000,0.481200000000,0.300000000000,0.066100000000,0.300000000000,0.173700000000,0.300000000000,0.246200000000,0E-12,0.694500000000,0E-12,0.300000000000,0.300000000000,0.744600000000,0.217400000000,0.708300000000
54e663798b0e261d5e3fef1f8da6430e,کاما,39451493.0,8990531.0,338.81160078309057,35296359.0,6.0716568974989,53.79,68.00902376304775,74.55315295734603,43.7878021221857,34849980000.0,11457000000.0,35296359.0,0.001,30.108934644699985,34.51629617695035,5.452802553482382,0.12480556422264404,0.4068361025813612,2.432822957473461,32.631578947368425,2.6207461741850144,1454979830628.0,208.0768002094789,-287.2857333333333,21.0,12.8,12.6,7.3,1.0,5.0,1.5,0.0,0.0,0.17708333333333334,0.8252427184466019,0.1428571428571429,0.27586206896551724,0.8461538461538461,0.9185185185185185,0.2706766917293233,0.9432624113475178,0.7042801556420234,0.941747572815534,0.7567567567567568,0.9090909090909091,0.005681818181818182,0.9127272727272727,0.7818181818181819,0.7272727272727273,0.37623762376237624,0.8095238095238095,0.8097826086956522,0.9538043478260869,0.005208333333333333,39451493.0,8990531.0,338.81,35296359.0,6.07,53.79,68.01,74.55,43.79,34849980000.0,,,0.001,30.11,34.52,5.45,0.125,0.41,2.43,32.63,2.6207,1454979830628.0,,,21.0000000000000,12.8,12.6000000000000,7.3000000000000,1.000,5.0,1.5,0.0,0.0,0.177100000000,0.825200000000,0.142900000000,0.275900000000,0.846200000000,0.918500000000,0.270700000000,0.943300000000,0.704300000000,0.941700000000,0.756800000000,0.909100000000,0.005700000000,0.912700000000,0.781800000000,0.727300000000,0.376200000000,0.809500000000,0.809800000000,0.953800000000,0.005200000000
56187148c4031e89830f329dd299e701,کگاز,,,,5456150000.0,8.301916186321858,21.47,,,,5456150000.0,3932100000.0,,,,,,,,,33.283470456245325,2.4980435532842886,135535051682.33333,38.759187202766974,54.9307105057366,10.8,9.2,6.0,3.9,0.72,0.0,0.0,0.0,0.0,0.3,0.3,0.5,0.5,0.3,0.2777777777777778,0.424812030075188,0.3,0.708171206225681,0.3,0.27413127413127414,0.3,0.3446969696969697,0.0,0.5418181818181818,0.0,0.3,0.3,0.3,0.3,0.3,,,,5456150000.0,8.3,21.47,,,,5456150000.0,,,,,,,,,,33.28,2.498,135535051682.33,,,10.8000000000000,9.2,6.0000000000000,3.9000000000000,0.720,0.0,0.0,0.0,0.0,0.300000000000,0.300000000000,0.500000000000,0.500000000000,0.300000000000,0.277800000000,0.424800000000,0.300000000000,0.708200000000,0.300000000000,0.274100000000,0.300000000000,0.344700000000,0E-12,0.541800000000,0E-12,0.300000000000,0.300000000000,0.300000000000,0.300000000000,0.300000000000
57ec56ad0fe574fcb2cee0f550320934,شبندر,9461345602.0,4658467616.0,103.09995436061436,1046821058.0,5.8352508895758755,56.9,15.762546716695372,13.476047495510413,60.33744531495137,1071081275420.0,341631507646.0,1046821058.0,0.001,1.9534887706703934,3.514945394393344,183.69216698950126,0.5275890686180675,0.3332750063882023,3.395986247152313,16.926677067082682,2.3601964065530456,6120940295212.0,206.41818291675844,110.15166131663972,22.1,12.4,13.5,8.9,1.0,0.0,0.0,0.0,0.0,0.5729166666666666,0.9611650485436893,0.5338345864661654,0.8146551724137931,0.9038461538461539,0.9814814814814815,0.6203007518796992,0.375886524822695,0.48638132295719844,0.18446601941747573,0.752895752895753,0.24475524475524477,0.5037878787878788,0.88,0.8036363636363637,0.9745454545454545,0.6336633663366337,0.4365079365079365,0.45652173913043476,0.717391304347826,0.4635416666666667,9461345602.0,4658467616.0,103.1,1046821058.0,5.84,56.9,15.76,13.48,60.34,1071081275420.0,,,0.001,1.95,3.51,183.69,0.528,0.33,3.4,16.93,2.3602,6120940295212.0,,,22.1000000000000,12.4,13.5000000000000,8.9000000000000,1.000,0.0,0.0,0.0,0.0,0.572900000000,0.961200000000,0.533800000000,0.814700000000,0.903800000000,0.981500000000,0.620300000000,0.375900000000,0.486400000000,0.184500000000,0.752900000000,0.244800000000,0.503800000000,0.880000000000,0.803600000000,0.974500000000,0.633700000000,0.436500000000,0.456500000000,0.717400000000,0.463500000000
5846976e3619ada1281f076ebdce9055,بترانس,197798459.0,132468175.0,49.31772027507739,550392.0,7.962534204803885,43.49,89.28846416461585,79.95909010346601,29.149231511497536,,,550392.0,0.001,-0.5455826653083165,0.0,5.20736160188457,0.26173163854125786,0.463030939202526,3.0469150846587993,16.293929712460063,2.4937750119546993,827702815926.0,,-1.2998755378939673,9.8,15.0,10.6,8.0,1.0,0.0,0.0,0.0,0.0,0.28125,0.9320388349514563,0.9849624060150376,0.23275862068965517,0.7980769230769231,0.825925925925926,0.43609022556390975,0.24113475177304963,0.48249027237354086,0.941747572815534,0.3,0.9790209790209791,0.18181818181818182,0.9345454545454546,0.6036363636363636,0.6981818181818182,0.2376237623762376,0.07936507936507936,0.3967391304347826,0.31521739130434784,0.71875,197798459.0,132468175.0,49.32,550392.0,7.96,43.49,89.29,79.96,29.15,,,,0.001,-0.55,0.0,5.21,0.262,0.46,3.05,16.29,2.4938,827702815926.0,,,9.8000000000000,15.0,10.6000000000000,8.0000000000000,1.000,0.0,0.0,0.0,0.0,0.281300000000,0.932000000000,0.985000000000,0.232800000000,0.798100000000,0.825900000000,0.436100000000,0.241100000000,0.482500000000,0.941700000000,0.300000000000,0.979000000000,0.181800000000,0.934500000000,0.603600000000,0.698200000000,0.237600000000,0.079400000000,0.396700000000,0.315200000000,0.718800000000
58a5a4af2867c8c00cd83c908b224228,حسیر,,,,2642976238.0,,17.29,,,,2642976238.0,2681908256.0,,,,,,,,,53.246753246753244,2.1457593590495683,161440015493.33334,-1.451653609436519,69.7455119057965,9.7,9.2,0.0,5.1,0.72,0.0,0.0,8.0,0.0,0.3,0.3,0.5,0.5,0.3,0.35185185185185186,0.849624060150376,0.3,0.8949416342412452,0.3,0.138996138996139,0.3,0.3939393939393939,0.0,0.0,0.0,0.3,0.3,0.3,0.3,0.3,,,,2642976238.0,,17.29,,,,2642976238.0,,,,,,,,,,53.25,2.1458,161440015493.33,,,9.7000000000000,9.2,0E-13,5.1000000000000,0.720,0.0,0.0,8.0,0.0,0.300000000000,0.300000000000,0.500000000000,0.500000000000,0.300000000000,0.351900000000,0.849600000000,0.300000000000,0.894900000000,0.300000000000,0.139000000000,0.300000000000,0.393900000000,0E-12,0E-12,0E-12,0.300000000000,0.300000000000,0.300000000000,0.300000000000,0.300000000000
5a47be702a11b42d75ea4fc8a0003e05,دانا,,,,-35528522172.0,,3.38,,,,-35528522172.0,12024439596.0,,,,,,,,,5.84571154767609,2.1692487337345736,46316521021.4,-395.46925566343043,-3945904500.0,1.4,0.0,0.0,3.5,0.685,5.0,10.0,8.0,0.0,0.3,0.3,0.5,0.5,0.3,0.06296296296296296,0.8233082706766918,0.3,0.21011673151750973,0.3,0.005791505791505791,0.3,0.005681818181818182,0.0,0.0,0.0,0.3,0.3,0.3,0.3,0.3,,,,-35528522172.0,,3.38,,,,-35528522172.0,,,,,,,,,,5.85,2.1692,46316521021.4,,,1.4000000000000,0.0,0E-13,3.5000000000000,0.685,5.0,10.0,8.0,0.0,0.300000000000,0.300000000000,0.500000000000,0.500000000000,0.300000000000,0.063000000000,0.823300000000,0.300000000000,0.210100000000,0.300000000000,0.005800000000,0.300000000000,0.005700000000,0E-12,0E-12,0E-12,0.300000000000,0.300000000000,0.300000000000,0.300000000000,0.300000000000
5ba7eb50b25bd20543e42f9cc50394ed,دپارس,33268153.0,18086594.0,83.93818648220886,35285450000.0,3.926476777255214,38.85,,,,35285450000.0,20698600000.0,,,,,,,,,14.337714863498482,3.0545794149650423,299179901293.6667,70.47264066168727,182.7040753167028,19.0,9.2,10.3,3.7,0.92,0.0,0.0,0.0,0.0,0.3,0.3,0.5,0.5,0.3,0.5962962962962963,0.09398496240601506,0.3,0.42412451361867703,0.3,0.38223938223938225,0.3,0.6666666666666666,0.0,0.9345454545454546,0.0,0.3,0.3,0.7771739130434783,0.5706521739130435,0.11979166666666667,33268153.0,18086594.0,83.94,35285450000.0,3.93,38.85,,,,35285450000.0,,,,,,,,,,14.34,3.0546,299179901293.67,,,19.0000000000000,9.2,10.3000000000000,3.7000000000000,0.920,0.0,0.0,0.0,0.0,0.300000000000,0.300000000000,0.500000000000,0.500000000000,0.300000000000,0.596300000000,0.094000000000,0.300000000000,0.424100000000,0.300000000000,0.382200000000,0.300000000000,0.666700000000,0E-12,0.934500000000,0E-12,0.300000000000,0.300000000000,0.777200000000,0.570700000000,0.119800000000
5d15c985370d5c69364f396ffec4e0d7,فبیرا,,,,335000000.0,35.67164179104478,22.2,,,,335000000.0,104400000.0,,,,,,,,,25.445960125918155,2.8260425808661496,19881313854.366665,220.88122605363986,36779200.0,18.6,9.2,2.2,2.4,0.685,0.0,0.0,0.0,0.0,0.3,0.3,0.5,0.5,0.3,0.014814814814814815,0.12030075187969924,0.3,0.6381322957198443,0.3,0.7837837837837838,0.3,0.8901515151515151,0.0,0.19999999999999996,0.0,0.3,0.3,0.3,0.3,0.3,,,,335000000.0,35.67,22.2,,,,335000000.0,,,,,,,,,,25.45,2.826,19881313854.37,,,18.6000000000000,9.2,2.2000000000000,2.4000000000000,0.685,0.0,0.0,0.0,0.0,0.300000000000,0.300000000000,0.500000000000,0.500000000000,0.300000000000,0.014800000000,0.120300000000,0.300000000000,0.638100000000,0.300000000000,0.783800000000,0.300000000000,0.890200000000,0E-12,0.200000000000,0E-12,0.300000000000,0.300000000000,0.300000000000,0.300000000000,0.300000000000
5d5c836b94dd5814744b8f6f549c51e8,سغرب,41188708.0,12057890.0,241.5913397783526,6113300000.0,7.33826247689464,27.24,-2.427849885458898e-06,,,6113300000.0,4005850000.0,,,-1.0721174837005147e-05,,,,,,-0.5031446540880503,2.1623140388660924,79573537469.33333,52.60930888575458,-200.0,9.5,8.1,7.2,3.4,0.965,5.0,0.0,0.0,0.0,0.3,0.3,0.5,0.5,0.3,0.12222222222222222,0.8345864661654135,0.28368794326241137,0.08949416342412451,0.3,0.32432432432432434,0.04195804195804196,0.032196969696969696,0.0,0.6581818181818182,0.0,0.3,0.3,0.010869565217391304,0.9538043478260869,0.03125,41188708.0,12057890.0,241.59,6113300000.0,7.34,27.24,0.0,,,6113300000.0,,,,0.0,,,,,,-0.5,2.1623,79573537469.33,,,9.5000000000000,8.1,7.2000000000000,3.4000000000000,0.965,5.0,0.0,0.0,0.0,0.300000000000,0.300000000000,0.500000000000,0.500000000000,0.300000000000,0.122200000000,0.834600000000,0.283700000000,0.089500000000,0.300000000000,0.324300000000,0.042000000000,0.032200000000,0E-12,0.658200000000,0E-12,0.300000000000,0.300000000000,0.010900000000,0.953800000000,0.031300000000
5d9142cab82acfbf6d12ef1824abd59b,سیمرغ3,96637111.0,48702766.0,98.42222308277111,15054403.0,10.447032317831978,50.08,15.351794046136646,16.788173778618336,28.93011889510889,12758079967.0,1343344380.0,15054403.0,0.001,6.975049955484477,12.011367880655385,46.92342612132034,0.9438008933333325,0.41969226280128297,1.624299281710809,8.450704225352112,2.8855642242544906,91520061903.0,1020.665945689965,356.3616894096691,27.1,10.1,8.6,4.3,1.0,0.0,0.0,0.0,0.0,0.8125,0.5533980582524272,0.2556390977443609,0.8146551724137931,0.8269230769230769,0.16296296296296298,0.10526315789473684,0.5460992907801419,0.26848249027237353,0.2524271844660194,0.918918918918919,0.23776223776223776,0.8901515151515151,0.8945454545454545,0.3854545454545455,0.8690909090909091,0.22772277227722773,0.7063492063492064,0.5054347826086957,0.6847826086956522,0.6041666666666666,96637111.0,48702766.0,98.42,15054403.0,10.45,50.08,15.35,16.79,28.93,12758079967.0,,,0.001,6.98,12.01,46.92,0.944,0.42,1.62,8.45,2.8856,91520061903.0,,,27.1000000000000,10.1,8.6000000000000,4.3000000000000,1.000,0.0,0.0,0.0,0.0,0.812500000000,0.553400000000,0.255600000000,0.814700000000,0.826900000000,0.163000000000,0.105300000000,0.546100000000,0.268500000000,0.252400000000,0.918900000000,0.237800000000,0.890200000000,0.894500000000,0.385500000000,0.869100000000,0.227700000000,0.706300000000,0.505400000000,0.684800000000,0.604200000000
6081d3f368b7889ba242435db91b5b2f,6081d3f368b7889ba242435db91b5b2f,,,,14322451.0,,2.65,40.37594147974584,33.35334191382864,67.63086327592131,,,14322451.0,0.001,24.388436787694097,3.9719210428456657,5.484646323178295,0.10931173721592764,0.9413563683417252,1.6470047783459099,,,,,561.8926651915398,14.7,15.1,0.0,3.3,0.08,0.0,0.0,8.0,0.0,0.15625,0.5825242718446602,0.48120300751879697,0.3017241379310345,0.4903846153846154,0.0,0.3,0.8723404255319149,0.3,0.5922330097087378,0.3,0.6643356643356644,0.8901515151515151,0.0,0.0,0.0,0.7227722772277227,0.49206349206349204,0.3,0.3,0.3,,,,14322451.0,,2.65,40.38,33.35,67.63,,,,0.001,24.39,3.97,5.48,0.109,0.94,1.65,,,,,,14.7000000000000,15.1,0E-13,3.3000000000000,0.080,0.0,0.0,8.0,0.0,0.156300000000,0.582500000000,0.481200000000,0.301700000000,0.490400000000,0E-12,0.300000000000,0.872300000000,0.300000000000,0.592200000000,0.300000000000,0.664300000000,0.890200000000,0E-12,0E-12,0E-12,0.722800000000,0.492100000000,0.300000000000,0.300000000000,0.300000000000
60de37b0434d9b34ee753646b12c46f3,سکرما,,,,12952818000.0,8.258048557464484,27.45,,,,12952818000.0,-2108607925.0,,,,,,,,,17.546763780830986,2.1444770502002304,66259696992.30769,714.2829042056266,184.1119740822588,18.9,9.2,6.0,4.0,0.72,0.0,0.0,0.0,0.0,0.3,0.3,0.5,0.5,0.3,0.1037037037037037,0.8533834586466166,0.3,0.5019455252918288,0.3,0.918918918918919,0.3,0.6742424242424242,0.0,0.5490909090909091,0.0,0.3,0.3,0.3,0.3,0.3,,,,12952818000.0,8.26,27.45,,,,12952818000.0,,,,,,,,,,17.55,2.1445,66259696992.31,,,18.9000000000000,9.2,6.0000000000000,4.0000000000000,0.720,0.0,0.0,0.0,0.0,0.300000000000,0.300000000000,0.500000000000,0.500000000000,0.300000000000,0.103700000000,0.853400000000,0.300000000000,0.501900000000,0.300000000000,0.918900000000,0.300000000000,0.674200000000,0E-12,0.549100000000,0E-12,0.300000000000,0.300000000000,0.300000000000,0.300000000000,0.300000000000
611f456315ab832044ca3f40c5f81b25,خچرخش,,,,2476399095.0,8.677431757016532,26.83,,,,2476399095.0,516987585.0,,,,,,,,,24.1494701617401,1.5717974189745627,18073981633.666668,379.0055248618784,147.35212592818635,18.4,9.2,5.5,4.1,0.72,0.0,0.0,0.0,0.0,0.3,0.3,0.5,0.5,0.3,0.011111111111111112,0.9924812030075187,0.3,0.6147859922178989,0.3,0.918918918918919,0.3,0.5833333333333334,0.0,0.5018181818181818,0.0,0.3,0.3,0.3,0.3,0.3,,,,2476399095.0,8.68,26.83,,,,2476399095.0,,,,,,,,,,24.15,1.5718,18073981633.67,,,18.4000000000000,9.2,5.5000000000000,4.1000000000000,0.720,0.0,0.0,0.0,0.0,0.300000000000,0.300000000000,0.500000000000,0.500000000000,0.300000000000,0.011100000000,0.992500000000,0.300000000000,0.614800000000,0.300000000000,0.918900000000,0.300000000000,0.583300000000,0E-12,0.501800000000,0E-12,0.300000000000,0.300000000000,0.300000000000,0.300000000000,0.300000000000
62475be81f64f0f74b0f1f4a798dd2c5,های وب3,9352833.0,15011464.0,-37.69539733099983,-5497800000.0,,5.43,,,,-5497800000.0,1293000000.0,,,,,,,,,5.373831775700935,1.8122058936980672,205249542230.6,-525.1972157772622,-101.43122549019607,0.0,0.0,0.0,5.4,1.0,11.0,10.0,8.0,0.0,0.3,0.3,0.5,0.5,0.3,0.42592592592592593,0.9699248120300752,0.3,0.19455252918287938,0.3,0.005791505791505791,0.3,0.056818181818181816,0.0,0.0,0.0,0.3,0.3,0.07065217391304347,0.0,0.8177083333333334,9352833.0,15011464.0,-37.7,-5497800000.0,,5.43,,,,-5497800000.0,,,,,,,,,,5.37,1.8122,205249542230.6,,,0E-13,0.0,0E-13,5.4000000000000,1.000,11.0,10.0,8.0,0.0,0.300000000000,0.300000000000,0.500000000000,0.500000000000,0.300000000000,0.425900000000,0.969900000000,0.300000000000,0.194600000000,0.300000000000,0.005800000000,0.300000000000,0.056800000000,0E-12,0E-12,0E-12,0.300000000000,0.300000000000,0.070700000000,0E-12,0.817700000000
62a63aab5e5f97d82fe87b1c3a34f7f2,بوعلی,1110845949.0,829625219.0,33.897321773676694,165963132.0,5.29890548958641,46.13,17.319835872656235,14.971882269409232,76.89929828444129,130323830000.0,106462650000.0,165963132.0,0.001,24.995187904499268,10.26648094438406,32.886688953130744,0.333260419549084,1.9544918439120493,1.302479616084272,58.413026621866116,2.301041759150738,929610473220.0,55.88859755040853,565.389739768678,11.7,14.1,14.0,6.4,1.0,0.0,0.0,0.0,0.0,0.40625,0.36893203883495146,0.3007518796992481,0.8146551724137931,0.23076923076923073,0.8444444444444444,0.7105263157894737,0.8794326241134752,0.8949416342412452,0.22330097087378642,0.3359073359073359,0.27972027972027974,0.8901515151515151,0.84,0.8545454545454545,0.9672727272727273,0.8316831683168316,0.1349206349206349,0.22282608695652173,0.18478260869565216,0.328125,1110845949.0,829625219.0,33.9,165963132.0,5.3,46.13,17.32,14.97,76.9,130323830000.0,,,0.001,25.0,10.27,32.89,0.333,1.95,1.3,58.41,2.301,929610473220.0,,,11.7000000000000,14.1,14.0000000000000,6.4000000000000,1.000,0.0,0.0,0.0,0.0,0.406300000000,0.368900000000,0.300800000000,0.814700000000,0.230800000000,0.844400000000,0.710500000000,0.879400000000,0.894900000000,0.223300000000,0.335900000000,0.279700000000,0.890200000000,0.840000000000,0.854500000000,0.967300000000,0.831700000000,0.134900000000,0.222800000000,0.184800000000,0.328100000000
63a5bb96ab3f48206ee3e201f4ac9d85,کپرور,36371547.0,21003750.0,73.16692019282272,4440071.0,7.407604782295898,54.73,17.059447720652813,14.195880645118283,40.126619148712926,4649490000.0,-68400000.0,4440071.0,0.001,19.47960975148792,1.7936298381667641,49.070652703835876,0.09987250203881874,0.9074121085198024,1.7706038542906466,63.87931034482759,4.748221924689244,242346552673.46155,6591.33187134503,1460.4827256885228,26.2,11.7,11.7,5.1,1.0,0.0,0.0,0.0,0.0,0.125,0.6601941747572816,0.6691729323308271,0.8146551724137931,0.5,0.5037037037037037,0.048872180451127845,0.8226950354609929,0.8949416342412452,0.1941747572815534,0.918918918918919,0.2727272727272727,0.8901515151515151,0.8981818181818182,0.6472727272727272,0.9418181818181818,0.33663366336633666,0.8333333333333334,0.5869565217391305,0.483695652173913,0.2708333333333333,36371547.0,21003750.0,73.17,4440071.0,7.41,54.73,17.06,14.2,40.13,4649490000.0,,,0.001,19.48,1.79,49.07,0.1,0.91,1.77,63.88,4.7482,242346552673.46,,,26.2000000000000,11.7,11.7000000000000,5.1000000000000,1.000,0.0,0.0,0.0,0.0,0.125000000000,0.660200000000,0.669200000000,0.814700000000,0.500000000000,0.503700000000,0.048900000000,0.822700000000,0.894900000000,0.194200000000,0.918900000000,0.272700000000,0.890200000000,0.898200000000,0.647300000000,0.941800000000,0.336600000000,0.833300000000,0.587000000000,0.483700000000,0.270800000000
64e35e12a7959fcfbd10cb6036ed7693,فولای,,,,1184000000.0,21.718061674008812,18.26,,,,1184000000.0,1077600000.0,,,,,,,,,53.125,1.7968657468836888,216676943311.33334,9.873793615441723,0.0,9.0,9.2,2.8,5.7,0.685,0.0,0.0,0.0,0.0,0.3,0.3,0.5,0.5,0.3,0.45185185185185184,0.9736842105263158,0.3,0.8949416342412452,0.3,0.16602316602316602,0.3,0.20833333333333334,0.0,0.25090909090909086,0.0,0.3,0.3,0.3,0.3,0.3,,,,1184000000.0,21.72,18.26,,,,1184000000.0,,,,,,,,,,53.13,1.7969,216676943311.33,,,9.0000000000000,9.2,2.8000000000000,5.7000000000000,0.685,0.0,0.0,0.0,0.0,0.300000000000,0.300000000000,0.500000000000,0.500000000000,0.300000000000,0.451900000000,0.973700000000,0.300000000000,0.894900000000,0.300000000000,0.166000000000,0.300000000000,0.208300000000,0E-12,0.250900000000,0E-12,0.300000000000,0.300000000000,0.300000000000,0.300000000000,0.300000000000
68e6f82aede2360869ceea7a3ea76d08,دفرا,43889438.0,19423695.0,125.9582329726656,23472925.0,13.626875936298093,53.34,72.58703112156515,62.597239307053044,69.23842328565848,22807400000.0,10199000000.0,23472925.0,0.001,10.011917632043492,6.04602320063778,,0.4834878482336564,0.35275085049113336,2.8555741873195863,-5.875077303648732,2.4194785489248463,101800732496.0,130.14927934111188,141.64744780462902,22.5,18.0,7.1,5.7,1.0,0.0,0.0,0.0,0.0,0.5104166666666666,0.8932038834951457,0.43609022556390975,0.5,0.875,0.1814814814814815,0.5451127819548872,0.6099290780141844,0.038910505836575876,0.941747572815534,0.5714285714285714,0.9300699300699301,0.5681818181818182,0.72,0.32727272727272727,0.6727272727272727,0.7425742574257426,0.5396825396825397,0.4673913043478261,0.8478260869565217,0.5,43889438.0,19423695.0,125.96,23472925.0,13.63,53.34,72.59,62.6,69.24,22807400000.0,,,0.001,10.01,6.05,,0.483,0.35,2.86,-5.88,2.4195,101800732496.0,,,22.5000000000000,18.0,7.1000000000000,5.7000000000000,1.000,0.0,0.0,0.0,0.0,0.510400000000,0.893200000000,0.436100000000,0.500000000000,0.875000000000,0.181500000000,0.545100000000,0.609900000000,0.038900000000,0.941700000000,0.571400000000,0.930100000000,0.568200000000,0.720000000000,0.327300000000,0.672700000000,0.742600000000,0.539700000000,0.467400000000,0.847800000000,0.500000000000
6a68f93c59cc3f3e981255fe2b2eedc1,چدن,26726015.0,16309229.0,63.87049933506973,10889712.0,8.015788986566726,44.89,38.90411968839317,43.39713292387248,29.403884866246454,21429000000.0,9058000000.0,10889712.0,0.001,-1.5390405583607603,3.7547094405459545,5.565497980127838,0.2981795110834887,0.7019476714193944,1.7438158486515811,44.96149983260796,2.3318050917926305,425090492125.73334,20.22203576948554,150.31321642271837,15.3,11.2,10.7,7.7,1.0,0.0,0.0,0.0,0.0,0.34375,0.6407766990291263,0.5037593984962406,0.3103448275862069,0.6057692307692308,0.6962962962962963,0.6616541353383458,0.2127659574468085,0.8949416342412452,0.7087378640776699,0.1969111969111969,0.6503496503496503,0.5946969696969697,0.9309090909090909,0.5963636363636364,0.76,0.24752475247524752,0.6587301587301587,0.4891304347826087,0.41304347826086957,0.890625,26726015.0,16309229.0,63.87,10889712.0,8.02,44.89,38.9,43.4,29.4,21429000000.0,,,0.001,-1.54,3.75,5.57,0.298,0.7,1.74,44.96,2.3318,425090492125.73,,,15.3000000000000,11.2,10.7000000000000,7.7000000000000,1.000,0.0,0.0,0.0,0.0,0.343800000000,0.640800000000,0.503800000000,0.310300000000,0.605800000000,0.696300000000,0.661700000000,0.212800000000,0.894900000000,0.708700000000,0.196900000000,0.650300000000,0.594700000000,0.930900000000,0.596400000000,0.760000000000,0.247500000000,0.658700000000,0.489100000000,0.413000000000,0.890600000000
6b88726e82dff2001540bb7b87e2d9be,پاکشو,370401589.0,151975576.0,143.72441858683925,104720000000.0,9.037433155080214,38.43,23.077642909690546,,,104720000000.0,37510000000.0,,,7.966324792419185,2.692449339727084,3.171400626278828,,,,15.655577299412915,2.771830380444922,149390117911.66666,179.17888563049854,-68.17279285714287,20.2,9.6,5.2,3.5,1.0,5.0,0.0,0.0,0.0,0.3,0.3,0.5939849624060151,0.10344827586206896,0.3,0.3148148148148148,0.1278195488721805,0.574468085106383,0.45136186770428016,0.3,0.7258687258687259,0.3986013986013986,0.11742424242424243,0.0,0.4727272727272728,0.0,0.3,0.9484126984126984,0.6195652173913043,0.8858695652173914,0.609375,370401589.0,151975576.0,143.72,104720000000.0,9.04,38.43,23.08,,,104720000000.0,,,,7.97,2.69,3.17,,,,15.66,2.7718,149390117911.67,,,20.2000000000000,9.6,5.2000000000000,3.5000000000000,1.000,5.0,0.0,0.0,0.0,0.300000000000,0.300000000000,0.594000000000,0.103400000000,0.300000000000,0.314800000000,0.127800000000,0.574500000000,0.451400000000,0.300000000000,0.725900000000,0.398600000000,0.117400000000,0E-12,0.472700000000,0E-12,0.300000000000,0.948400000000,0.619600000000,0.885900000000,0.609400000000
6bd4aac18107335caeba964fd9804250,غمایه,19211888.0,12399111.0,54.945689251431006,7387380000.0,8.149825783972126,33.87,,,,7387380000.0,1934394000.0,,,,,,,,,15.215215215215217,2.6557304509523334,123980327357.33333,281.8963458323382,224.47414355484247,19.3,9.2,6.4,3.6,0.88,0.0,0.0,0.0,0.0,0.3,0.3,0.5,0.5,0.3,0.24074074074074073,0.22180451127819545,0.3,0.4396887159533074,0.3,0.8262548262548263,0.3,0.75,0.0,0.5781818181818181,0.0,0.3,0.3,0.3804347826086957,0.3532608695652174,0.7916666666666666,19211888.0,12399111.0,54.95,7387380000.0,8.15,33.87,,,,7387380000.0,,,,,,,,,,15.22,2.6557,123980327357.33,,,19.3000000000000,9.2,6.4000000000000,3.6000000000000,0.880,0.0,0.0,0.0,0.0,0.300000000000,0.300000000000,0.500000000000,0.500000000000,0.300000000000,0.240700000000,0.221800000000,0.300000000000,0.439700000000,0.300000000000,0.826300000000,0.300000000000,0.750000000000,0E-12,0.578200000000,0E-12,0.300000000000,0.300000000000,0.380400000000,0.353300000000,0.791700000000
6dd3fb203bb12fdd017e1f59fc61b9c6,تاصیکو,,,,53520682.0,38.87318754461987,31.06,95.86999640143252,65.50053939349525,29.911900069773424,,,53520682.0,0.001,-4.490428073260347,1.0836675949524248,3.3189452694868167,0.9898655439405649,0.5518862353605973,1.1647773034284012,77.08213670304423,2.3264992714374917,2964505117226.0,165.625,155.64966350351008,18.8,11.6,5.4,7.3,0.72,0.0,3.0,0.0,0.0,0.8541666666666666,0.22330097087378642,0.7142857142857143,0.11206896551724138,0.7403846153846154,0.9481481481481482,0.6729323308270676,0.14893617021276595,0.8949416342412452,0.941747572815534,0.6872586872586872,0.9790209790209791,0.6098484848484849,0.6909090909090909,0.1890909090909091,0.6581818181818182,0.25742574257425743,0.8174603174603174,0.3,0.3,0.3,,,,53520682.0,38.87,31.06,95.87,65.5,29.91,,,,0.001,-4.49,1.08,3.32,0.99,0.55,1.16,77.08,2.3265,2964505117226.0,,,18.8000000000000,11.6,5.4000000000000,7.3000000000000,0.720,0.0,3.0,0.0,0.0,0.854200000000,0.223300000000,0.714300000000,0.112100000000,0.740400000000,0.948100000000,0.672900000000,0.148900000000,0.894900000000,0.941700000000,0.687300000000,0.979000000000,0.609800000000,0.690900000000,0.189100000000,0.658200000000,0.257400000000,0.817500000000,0.300000000000,0.300000000000,0.300000000000
6def03d39ddc41e22cacb552bcb94ee0,زمگسا,18980392.0,9882085.0,92.06869805309304,3725400000.0,7.3924947656627475,29.0,8.040723265916741,,,3725400000.0,1853400000.0,,,-14.042972111626044,98.84182422407474,35.66770703287557,,,,8.207190160832544,2.85580256073667,101962667870.0,101.00356102298478,-10.310373333984451,19.1,0.0,7.2,2.7,1.0,0.0,10.9,0.0,0.0,0.3,0.3,0.06015037593984962,0.8146551724137931,0.3,0.18518518518518517,0.1127819548872181,0.04964539007092199,0.2607003891050584,0.3,0.5019305019305019,0.15384615384615385,0.17424242424242425,0.0,0.6509090909090909,0.0,0.3,0.746031746031746,0.5597826086956522,0.6141304347826086,0.4791666666666667,18980392.0,9882085.0,92.07,3725400000.0,7.39,29.0,8.04,,,3725400000.0,,,,-14.04,98.84,35.67,,,,8.21,2.8558,101962667870.0,,,19.1000000000000,0.0,7.2000000000000,2.7000000000000,1.000,0.0,10.9,0.0,0.0,0.300000000000,0.300000000000,0.060200000000,0.814700000000,0.300000000000,0.185200000000,0.112800000000,0.049600000000,0.260700000000,0.300000000000,0.501900000000,0.153800000000,0.174200000000,0E-12,0.650900000000,0E-12,0.300000000000,0.746000000000,0.559800000000,0.614100000000,0.479200000000
6e0ae81a60f8c7f6c7f0ba5597f87225,شلیا,,,,,,21.44,,,,,,,,,,,,,,81.0702875399361,1.7304559746826684,27285817819.333332,165.4945054945055,154.23156417760566,16.2,9.2,0.0,4.4,0.72,0.0,0.0,8.0,0.0,0.3,0.3,0.5,0.5,0.3,0.022222222222222223,0.9774436090225564,0.3,0.8949416342412452,0.3,0.6833976833976834,0.3,0.6060606060606061,0.0,0.0,0.0,0.3,0.3,0.3,0.3,0.3,,,,,,21.44,,,,,,,,,,,,,,81.07,1.7305,27285817819.33,,,16.2000000000000,9.2,0E-13,4.4000000000000,0.720,0.0,0.0,8.0,0.0,0.300000000000,0.300000000000,0.500000000000,0.500000000000,0.300000000000,0.022200000000,0.977400000000,0.300000000000,0.894900000000,0.300000000000,0.683400000000,0.300000000000,0.606100000000,0E-12,0E-12,0E-12,0.300000000000,0.300000000000,0.300000000000,0.300000000000,0.300000000000
6f7820e83627a1b5cd580bbcbb338ef3,پیزد,111755187.0,58756610.0,90.20019534823402,15021184.0,7.606609656168301,52.85,19.851474906894655,14.646714811167291,50.6914193177196,15107160000.0,7181800000.0,15021184.0,0.001,19.750635649424126,3.167916104577307,15.179384179065007,-0.12004586322889062,1.8431619408855728,1.3079207810245952,99.00497512437812,1.6080218339395274,352356574133.6667,109.15625609178758,473.8929416586471,23.3,11.7,11.3,6.5,1.0,0.0,0.0,0.0,0.0,0.07291666666666667,0.3883495145631068,0.5639097744360902,0.5344827586206896,0.27884615384615385,0.6481481481481481,0.9849624060150376,0.8297872340425532,0.8949416342412452,0.20388349514563106,0.525096525096525,0.3356643356643357,0.8901515151515151,0.850909090909091,0.6218181818181818,0.9345454545454546,0.504950495049505,0.6984126984126984,0.6793478260869565,0.6032608695652174,0.3802083333333333,111755187.0,58756610.0,90.2,15021184.0,7.61,52.85,19.85,14.65,50.69,15107160000.0,,,0.001,19.75,3.17,15.18,-0.12,1.84,1.31,99.0,1.608,352356574133.67,,,23.3000000000000,11.7,11.3000000000000,6.5000000000000,1.000,0.0,0.0,0.0,0.0,0.072900000000,0.388300000000,0.563900000000,0.534500000000,0.278800000000,0.648100000000,0.985000000000,0.829800000000,0.894900000000,0.203900000000,0.525100000000,0.335700000000,0.890200000000,0.850900000000,0.621800000000,0.934500000000,0.505000000000,0.698400000000,0.679300000000,0.603300000000,0.380200000000
701858157df331969ad61c12b4abe861,سکرد,17056359.0,11339385.0,50.41696705773726,5279100000.0,8.28948116156163,34.83,,,,5279100000.0,2633400000.0,,,,,,,,,10.882352941176471,2.6348237859374173,80291516963.33333,100.46707678286626,79.56887587837525,16.8,9.2,6.0,2.9,1.0,0.0,0.0,0.0,0.0,0.3,0.3,0.5,0.5,0.3,0.1259259259259259,0.23684210526315785,0.3,0.311284046692607,0.3,0.4942084942084942,0.3,0.42803030303030304,0.0,0.5454545454545454,0.0,0.3,0.3,0.8315217391304348,0.32065217391304346,0.4895833333333333,17056359.0,11339385.0,50.42,5279100000.0,8.29,34.83,,,,5279100000.0,,,,,,,,,,10.88,2.6348,80291516963.33,,,16.8000000000000,9.2,6.0000000000000,2.9000000000000,1.000,0.0,0.0,0.0,0.0,0.300000000000,0.300000000000,0.500000000000,0.500000000000,0.300000000000,0.125900000000,0.236800000000,0.300000000000,0.311300000000,0.300000000000,0.494200000000,0.300000000000,0.428000000000,0E-12,0.545500000000,0E-12,0.300000000000,0.300000000000,0.831500000000,0.320700000000,0.489600000000
7083cfdfe2c268113f647360403b3778,پخش,616626029.0,361851296.0,70.40868329514011,19179120000.0,6.9971927804821075,38.83,,,,19179120000.0,12233840000.0,,,,,,,,,21.79023508137432,2.2184938958345453,699778726827.6666,56.77105471381022,188.06845466616775,15.4,9.2,7.8,6.5,1.0,0.0,0.0,0.0,0.0,0.3,0.3,0.5,0.5,0.3,0.8037037037037037,0.7781954887218046,0.3,0.5719844357976653,0.3,0.33976833976833976,0.3,0.6893939393939394,0.0,0.7054545454545454,0.0,0.3,0.3,0.4076086956521739,0.45652173913043476,0.7760416666666666,616626029.0,361851296.0,70.41,19179120000.0,7.0,38.83,,,,19179120000.0,,,,,,,,,,21.79,2.2185,699778726827.67,,,15.4000000000000,9.2,7.8000000000000,6.5000000000000,1.000,0.0,0.0,0.0,0.0,0.300000000000,0.300000000000,0.500000000000,0.500000000000,0.300000000000,0.803700000000,0.778200000000,0.300000000000,0.572000000000,0.300000000000,0.339800000000,0.300000000000,0.689400000000,0E-12,0.705500000000,0E-12,0.300000000000,0.300000000000,0.407600000000,0.456500000000,0.776000000000
70b8796676033dbf81f6977819d3871d,دزهراوی,17741308.0,10064148.0,76.28226452949619,,,17.7,,,,,,,,,,,,,,11.538461538461538,2.2329031346715866,249223967389.66666,,,13.3,9.2,0.0,5.1,0.64,0.0,0.0,8.0,0.0,0.3,0.3,0.5,0.5,0.3,0.5111111111111111,0.7593984962406015,0.3,0.33852140077821014,0.3,0.3,0.3,0.3,0.0,0.0,0.0,0.3,0.3,0.391304347826087,0.5,0.5208333333333334,17741308.0,10064148.0,76.28,,,17.7,,,,,,,,,,,,,,11.54,2.2329,249223967389.67,,,13.3000000000000,9.2,0E-13,5.1000000000000,0.640,0.0,0.0,8.0,0.0,0.300000000000,0.300000000000,0.500000000000,0.500000000000,0.300000000000,0.511100000000,0.759400000000,0.300000000000,0.338500000000,0.300000000000,0.300000000000,0.300000000000,0.300000000000,0E-12,0E-12,0E-12,0.300000000000,0.300000000000,0.391300000000,0.500000000000,0.520800000000
713aa98887c6fda78002e405bfbec00e,کهمدا,32764611.0,24060194.0,36.1776675616165,23743500000.0,3.8568450312717166,47.26,52.458166540414986,53.94809739971287,,23743500000.0,2601600000.0,,0.001,11.108955348611453,37.26523209377628,3.0019558357456386,,0.796946495913977,2.8519747345762885,20.52401746724891,2.5153518123579826,284353029335.6667,812.6499077490776,68.49784233849053,17.7,10.0,12.8,6.7,1.0,0.0,1.7,0.0,0.0,0.3,0.883495145631068,0.13533834586466165,0.09482758620689655,0.5480769230769231,0.5777777777777777,0.3834586466165414,0.6312056737588653,0.5603112840466926,0.8640776699029126,0.918918918918919,0.7902097902097902,0.39015151515151514,0.0,0.9418181818181818,0.8290909090909091,0.3,0.18253968253968253,0.6141304347826086,0.1956521739130435,0.78125,32764611.0,24060194.0,36.18,23743500000.0,3.86,47.26,52.46,53.95,,23743500000.0,,,0.001,11.11,37.27,3.0,,0.8,2.85,20.52,2.5154,284353029335.67,,,17.7000000000000,10.0,12.8000000000000,6.7000000000000,1.000,0.0,1.7,0.0,0.0,0.300000000000,0.883500000000,0.135300000000,0.094800000000,0.548100000000,0.577800000000,0.383500000000,0.631200000000,0.560300000000,0.864100000000,0.918900000000,0.790200000000,0.390200000000,0E-12,0.941800000000,0.829100000000,0.300000000000,0.182500000000,0.614100000000,0.195700000000,0.781300000000
72b4d79585406feb5160a555339cce54,غدیس,60229805.46,40804805.0,47.60468885955956,9135261318.0,1.5055690692612982,37.7,,,,9135261318.0,5526067050.0,,,,,,,,,-9.610983981693364,2.58282608453024,133559129352.33333,65.31216931216932,31.602105202955755,14.7,9.2,11.0,2.8,1.0,0.0,0.0,0.0,0.0,0.3,0.3,0.5,0.5,0.3,0.27037037037037037,0.31954887218045114,0.3,0.019455252918287938,0.3,0.3667953667953668,0.3,0.2765151515151515,0.0,0.9963636363636363,0.0,0.3,0.3,0.8804347826086957,0.28804347826086957,0.15625,60229805.46,40804805.0,47.6,9135261318.0,1.51,37.7,,,,9135261318.0,,,,,,,,,,-9.61,2.5828,133559129352.33,,,14.7000000000000,9.2,11.0000000000000,2.8000000000000,1.000,0.0,0.0,0.0,0.0,0.300000000000,0.300000000000,0.500000000000,0.500000000000,0.300000000000,0.270400000000,0.319500000000,0.300000000000,0.019500000000,0.300000000000,0.366800000000,0.300000000000,0.276500000000,0E-12,0.996400000000,0E-12,0.300000000000,0.300000000000,0.880400000000,0.288000000000,0.156300000000
72d8be1259190fb1b5c8726381e27f71,بهپاک,123329744.0,41629235.0,196.25753151601273,19926553.0,4.1704559756807935,57.11,17.540803600181306,20.22810119345023,35.61526486585495,9139048000.0,1519620000.0,19926553.0,0.001,-1.7348666752449553,6.035403368886426,4.015165026483726,0.2799557956662148,1.0876855086731558,1.2391911792464048,5.9103260869565215,2.2818281234445017,328171071761.0,1211.2852555244076,268.07087271605513,29.2,7.7,15.0,5.2,1.0,0.0,0.0,0.0,0.0,0.3229166666666667,0.3106796116504854,0.443609022556391,0.1724137931034483,0.4326923076923077,0.6259259259259259,0.7180451127819549,0.19858156028368795,0.2140077821011673,0.3300970873786408,0.918918918918919,0.2867132867132867,0.8901515151515151,0.9709090909090909,0.9236363636363636,0.96,0.2871287128712871,0.9484126984126984,0.21739130434782608,0.9538043478260869,0.16145833333333334,123329744.0,41629235.0,196.26,19926553.0,4.17,57.11,17.54,20.23,35.62,9139048000.0,,,0.001,-1.73,6.04,4.02,0.28,1.09,1.24,5.91,2.2818,328171071761.0,,,29.2000000000000,7.7,15.0000000000000,5.2000000000000,1.000,0.0,0.0,0.0,0.0,0.322900000000,0.310700000000,0.443600000000,0.172400000000,0.432700000000,0.625900000000,0.718000000000,0.198600000000,0.214000000000,0.330100000000,0.918900000000,0.286700000000,0.890200000000,0.970900000000,0.923600000000,0.960000000000,0.287100000000,0.948400000000,0.217400000000,0.953800000000,0.161500000000
731166bbfc773bf6a75a4bb795177b44,فخاس,,,,47035000000.0,8.76145423620708,21.59,,,,47035000000.0,65576000000.0,,,,,,,,,31.715081575805808,2.3700035927055145,205714964332.9,-28.274063681834814,191.71732771246548,10.7,9.2,5.4,4.7,0.72,0.0,0.0,0.0,0.0,0.3,0.3,0.5,0.5,0.3,0.42962962962962964,0.6052631578947368,0.3,0.6964980544747081,0.3,0.08494208494208494,0.3,0.7007575757575758,0.0,0.4945454545454545,0.0,0.3,0.3,0.3,0.3,0.3,,,,47035000000.0,8.76,21.59,,,,47035000000.0,,,,,,,,,,31.72,2.37,205714964332.9,,,10.7000000000000,9.2,5.4000000000000,4.7000000000000,0.720,0.0,0.0,0.0,0.0,0.300000000000,0.300000000000,0.500000000000,0.500000000000,0.300000000000,0.429600000000,0.605300000000,0.300000000000,0.696500000000,0.300000000000,0.084900000000,0.300000000000,0.700800000000,0E-12,0.494500000000,0E-12,0.300000000000,0.300000000000,0.300000000000,0.300000000000,0.300000000000
7386c9d3264a07cdaacbdba2e1941d42,کاسپین,83372322.0,34093682.0,144.5389207302397,30419105.0,9.32261699885836,60.11,64.34042193632928,45.9474556504889,104.43140337140031,30414380000.0,12069400000.0,30419105.0,0.001,2.404092488792287,0.6230272120477437,13.916387877340656,0.291370702721201,1.855116389854654,1.4839496573967006,13.437102922490471,2.3850067059003726,337478025048.6667,152.03493959931728,186.16187228871806,27.7,18.6,8.6,5.2,1.0,0.0,0.0,0.0,0.0,0.3333333333333333,0.47572815533980584,0.7819548872180451,0.5,0.2692307692307693,0.6333333333333333,0.5827067669172932,0.41134751773049644,0.40077821011673154,0.7669902912621359,0.6293436293436293,0.8951048951048951,0.6818181818181818,0.7090909090909091,0.4509090909090909,0.7345454545454546,0.9108910891089109,0.8412698412698413,0.8152173913043478,0.8913043478260869,0.21354166666666666,83372322.0,34093682.0,144.54,30419105.0,9.32,60.11,64.34,45.95,104.43,30414380000.0,,,0.001,2.4,0.62,13.92,0.291,1.86,1.48,13.44,2.385,337478025048.67,,,27.7000000000000,18.6,8.6000000000000,5.2000000000000,1.000,0.0,0.0,0.0,0.0,0.333300000000,0.475700000000,0.782000000000,0.500000000000,0.269200000000,0.633300000000,0.582700000000,0.411300000000,0.400800000000,0.767000000000,0.629300000000,0.895100000000,0.681800000000,0.709100000000,0.450900000000,0.734500000000,0.910900000000,0.841300000000,0.815200000000,0.891300000000,0.213500000000
74a98ddff0b1430c48e8cfc83fa56408,غنوش,3241970.0,2769355.0,17.065887183116647,563000000.0,30.24866785079929,20.0,,,,563000000.0,249000000.0,,,,,,,,,8.72865275142315,2.5034785948849776,643396229084.0,126.10441767068272,-89.71900000000001,3.8,9.2,2.4,4.7,1.0,5.0,0.0,0.0,0.0,0.3,0.3,0.5,0.5,0.3,0.7814814814814814,0.40601503759398494,0.3,0.27626459143968873,0.3,0.555984555984556,0.3,0.0946969696969697,0.0,0.2145454545454546,0.0,0.3,0.3,0.03260869565217391,0.10326086956521739,0.041666666666666664,3241970.0,2769355.0,17.07,563000000.0,30.25,20.0,,,,563000000.0,,,,,,,,,,8.73,2.5035,643396229084.0,,,3.8000000000000,9.2,2.4000000000000,4.7000000000000,1.000,5.0,0.0,0.0,0.0,0.300000000000,0.300000000000,0.500000000000,0.500000000000,0.300000000000,0.781500000000,0.406000000000,0.300000000000,0.276300000000,0.300000000000,0.556000000000,0.300000000000,0.094700000000,0E-12,0.214500000000,0E-12,0.300000000000,0.300000000000,0.032600000000,0.103300000000,0.041700000000
7545952cb53929c1c7836fa12c77de87,شستا,,,,950523817936.0,5.955249569707401,30.89,24.699390478030214,32.42036435862085,,950523817936.0,24540201840.0,,0.001,0.45660329033864144,7.179969929996992,3.9487789271425178,,1.4799255933135071,1.1922107295497377,52.72887323943662,4.223540428180404,5137901479568.767,3773.3333333333335,45.24116069838467,16.8,9.4,11.3,5.4,0.72,0.0,0.0,0.0,0.0,0.3,0.2621359223300971,0.3834586466165414,0.16379310344827586,0.34615384615384615,0.9740740740740741,0.052631578947368474,0.3191489361702128,0.8949416342412452,0.5631067961165048,0.918918918918919,0.44755244755244755,0.3181818181818182,0.0,0.7927272727272727,0.850909090909091,0.3,0.23809523809523808,0.3,0.3,0.3,,,,950523817936.0,5.96,30.89,24.7,32.42,,950523817936.0,,,0.001,0.46,7.18,3.95,,1.48,1.19,52.73,4.2235,5137901479568.77,,,16.8000000000000,9.4,11.3000000000000,5.4000000000000,0.720,0.0,0.0,0.0,0.0,0.300000000000,0.262100000000,0.383500000000,0.163800000000,0.346200000000,0.974100000000,0.052600000000,0.319100000000,0.894900000000,0.563100000000,0.918900000000,0.447600000000,0.318200000000,0E-12,0.792700000000,0.850900000000,0.300000000000,0.238100000000,0.300000000000,0.300000000000,0.300000000000
76022dd3c77edb744eeef72f3d54483a,غپاک,4683377.0,0,,758853027.0,38.280701754385966,19.02,,,,758853027.0,13313211.0,,,,,,,,,33.95872420262664,2.627162869836878,125176688943.0,5600.0,-94.77892298108999,10.9,9.2,2.1,4.2,0.72,5.0,0.0,0.0,0.0,0.3,0.3,0.5,0.5,0.3,0.24814814814814815,0.2593984962406015,0.3,0.7159533073929961,0.3,0.918918918918919,0.3,0.08712121212121213,0.0,0.19272727272727275,0.0,0.3,0.3,0.3,0.3,0.9869791666666666,4683377.0,0.0,,758853027.0,38.28,19.02,,,,758853027.0,,,,,,,,,,33.96,2.6272,125176688943.0,,,10.9000000000000,9.2,2.1000000000000,4.2000000000000,0.720,5.0,0.0,0.0,0.0,0.300000000000,0.300000000000,0.500000000000,0.500000000000,0.300000000000,0.248100000000,0.259400000000,0.300000000000,0.716000000000,0.300000000000,0.918900000000,0.300000000000,0.087100000000,0E-12,0.192700000000,0E-12,0.300000000000,0.300000000000,0.300000000000,0.300000000000,0.987000000000
77ec0ce2270f5a3e04f8fa6313cf5201,دیران,15624326.0,5970036.0,161.71242518470575,2722669.0,11.18253366580314,51.88,43.1592216423281,21.15047889946343,57.42453703088542,2262380000.0,-139450000.0,2722669.0,0.001,23.697370430017706,2.765407210877246,3.931698781775065,0.10411989118030873,2.2618069436245216,1.714457431411507,118.79795396419436,5.284311483438696,271490481547.6,2052.4338472570817,101.09601123595506,30.6,13.4,8.0,4.3,0.92,0.0,0.0,0.0,0.0,0.13541666666666666,0.6213592233009708,0.5864661654135339,0.15517241379310345,0.17307692307692313,0.5555555555555556,0.041353383458646586,0.851063829787234,0.8949416342412452,0.34951456310679613,0.918918918918919,0.6783216783216783,0.4696969696969697,0.7454545454545455,0.3745454545454545,0.8109090909090909,0.6039603960396039,0.7777777777777778,0.9456521739130435,0.9538043478260869,0.10416666666666667,15624326.0,5970036.0,161.71,2722669.0,11.18,51.88,43.16,21.15,57.42,2262380000.0,,,0.001,23.7,2.77,3.93,0.104,2.26,1.71,118.8,5.2843,271490481547.6,,,30.6000000000000,13.4,8.0000000000000,4.3000000000000,0.920,0.0,0.0,0.0,0.0,0.135400000000,0.621400000000,0.586500000000,0.155200000000,0.173100000000,0.555600000000,0.041400000000,0.851100000000,0.894900000000,0.349500000000,0.918900000000,0.678300000000,0.469700000000,0.745500000000,0.374500000000,0.810900000000,0.604000000000,0.777800000000,0.945700000000,0.953800000000,0.104200000000
7951d684c53fd22e89f5777201bf7453,نوری,2520852219.0,1991984694.0,26.54977854965386,359451651.0,8.307298487637459,33.37,20.964184007591474,14.915872828258218,65.78556092761266,361020000000.0,276111000000.0,359451651.0,0.001,13.630499110259137,2.4995173320353925,11.378321548569122,0.33061729350632474,1.7336861846340914,1.1431241965224541,-1.448424349187708,10.355030200637843,2972208296341.3335,30.18374892706194,39.189963347735166,5.7,13.2,10.2,4.3,1.0,0.0,0.0,0.0,0.0,0.3854166666666667,0.20388349514563106,0.6015037593984962,0.45689655172413796,0.29807692307692313,0.9518518518518518,0.011278195488721776,0.723404255319149,0.07392996108949416,0.21359223300970873,0.23938223938223938,0.34965034965034963,0.29924242424242425,0.7854545454545454,0.5381818181818182,0.9090909090909091,0.7029702970297029,0.03968253968253968,0.016304347826086956,0.14673913043478262,0.3489583333333333,2520852219.0,1991984694.0,26.55,359451651.0,8.31,33.37,20.96,14.92,65.79,361020000000.0,,,0.001,13.63,2.5,11.38,0.331,1.73,1.14,-1.45,10.355,2972208296341.33,,,5.7000000000000,13.2,10.2000000000000,4.3000000000000,1.000,0.0,0.0,0.0,0.0,0.385400000000,0.203900000000,0.601500000000,0.456900000000,0.298100000000,0.951900000000,0.011300000000,0.723400000000,0.073900000000,0.213600000000,0.239400000000,0.349700000000,0.299200000000,0.785500000000,0.538200000000,0.909100000000,0.703000000000,0.039700000000,0.016300000000,0.146700000000,0.349000000000
799566aa607bcd4a8ce4fed470c7d2b0,چکاپا,18677276.0,11773182.0,58.642548802864006,-2193519.0,,16.02,-6.221967697380782,-11.287504899485986,-42.58745010069656,,,-2193519.0,0.001,3.1099617292517516,49.71801700693435,,,5.0374047954975545,0.7517648545283148,46.808510638297875,2.4318410627088274,229822839115.5,-157.66423357664235,47.47236744597769,12.3,0.0,0.0,3.8,1.0,0.0,13.0,8.0,0.0,0.3,0.04854368932038835,0.09774436090225569,0.5,0.009615384615384581,0.4888888888888889,0.5150375939849624,0.4397163120567376,0.8949416342412452,0.009708737864077669,0.015444015444015444,0.02097902097902098,0.32954545454545453,0.0,0.0,0.0,0.009900990099009901,0.20634920634920634,0.9456521739130435,0.375,0.25,18677276.0,11773182.0,58.64,-2193519.0,,16.02,-6.22,-11.29,-42.59,,,,0.001,3.11,49.72,,,5.04,0.75,46.81,2.4318,229822839115.5,,,12.3000000000000,0.0,0E-13,3.8000000000000,1.000,0.0,13.0,8.0,0.0,0.300000000000,0.048500000000,0.097700000000,0.500000000000,0.009600000000,0.488900000000,0.515000000000,0.439700000000,0.894900000000,0.009700000000,0.015400000000,0.021000000000,0.329500000000,0E-12,0E-12,0E-12,0.009900000000,0.206300000000,0.945700000000,0.375000000000,0.250000000000
79c05aa1cc2e5430ef253e0d28ef62af,قشکر,,,,750328365.0,17.016393442622952,21.83,,,,750328365.0,150065673.0,,,,,,,,,36.702127659574465,2.6585974058027486,66027437264.28571,400.0,0.0,16.5,9.2,3.2,3.0,0.685,0.0,0.0,0.0,0.0,0.3,0.3,0.5,0.5,0.3,0.1,0.2142857142857143,0.3,0.7431906614785992,0.3,0.918918918918919,0.3,0.20833333333333334,0.0,0.28727272727272724,0.0,0.3,0.3,0.3,0.3,0.3,,,,750328365.0,17.02,21.83,,,,750328365.0,,,,,,,,,,36.7,2.6586,66027437264.29,,,16.5000000000000,9.2,3.2000000000000,3.0000000000000,0.685,0.0,0.0,0.0,0.0,0.300000000000,0.300000000000,0.500000000000,0.500000000000,0.300000000000,0.100000000000,0.214300000000,0.300000000000,0.743200000000,0.300000000000,0.918900000000,0.300000000000,0.208300000000,0E-12,0.287300000000,0E-12,0.300000000000,0.300000000000,0.300000000000,0.300000000000,0.300000000000
79f7b5d9782896e63356e2feba1a41c2,سدور,,,,-1570874256.0,,4.79,,,,-1570874256.0,-1457810584.0,,,,10.72208899547029,,,,,53.12066574202496,2.4552689907443677,114459871822.33333,-7.755717597396727,-151.38095735195716,2.6,0.0,0.0,4.1,0.72,5.0,10.0,8.0,0.0,0.3,0.3,0.27819548872180455,0.5,0.3,0.2222222222222222,0.5,0.3,0.8949416342412452,0.3,0.10810810810810811,0.3,0.041666666666666664,0.0,0.0,0.0,0.3,0.3,0.3,0.3,0.3,,,,-1570874256.0,,4.79,,,,-1570874256.0,,,,,10.72,,,,,53.12,2.4553,114459871822.33,,,2.6000000000000,0.0,0E-13,4.1000000000000,0.720,5.0,10.0,8.0,0.0,0.300000000000,0.300000000000,0.278200000000,0.500000000000,0.300000000000,0.222200000000,0.500000000000,0.300000000000,0.894900000000,0.300000000000,0.108100000000,0.300000000000,0.041700000000,0E-12,0E-12,0E-12,0.300000000000,0.300000000000,0.300000000000,0.300000000000,0.300000000000
7a54ec15d779b9ac2ed7963ef98f7d2e,دلقما,33333116.0,15304382.0,117.80112388726313,11353304.0,8.524340536305266,53.11,43.1580725612409,36.139998780192315,50.070309568941596,11254729300.0,1454792400.0,11353304.0,0.001,34.740651558662236,0.02771851507306133,11.76307047812997,-0.6308099386751205,1.39934776711495,1.6264358489027153,31.06796116504854,5.367237441500595,972409976980.6666,680.4071563750264,-240.8183782098394,21.9,16.2,9.6,5.5,1.0,5.0,0.0,0.0,0.0,0.03125,0.5631067961165048,0.9473684210526316,0.46551724137931033,0.3653846153846154,0.8629629629629629,0.03383458646616544,0.9432624113475178,0.6770428015564203,0.6504854368932039,0.918918918918919,0.6713286713286714,0.015151515151515152,0.8290909090909091,0.5054545454545454,0.7818181818181819,0.46534653465346537,0.8015873015873016,0.9456521739130435,0.7934782608695652,0.3177083333333333,33333116.0,15304382.0,117.8,11353304.0,8.52,53.11,43.16,36.14,50.07,11254729300.0,,,0.001,34.74,0.03,11.76,-0.631,1.4,1.63,31.07,5.3672,972409976980.67,,,21.9000000000000,16.2,9.6000000000000,5.5000000000000,1.000,5.0,0.0,0.0,0.0,0.031300000000,0.563100000000,0.947400000000,0.465500000000,0.365400000000,0.863000000000,0.033800000000,0.943300000000,0.677000000000,0.650500000000,0.918900000000,0.671300000000,0.015200000000,0.829100000000,0.505500000000,0.781800000000,0.465300000000,0.801600000000,0.945700000000,0.793500000000,0.317700000000
7bb1956b5377b9485a7db8de8b55a434,شاملا,50994768.0,27007048.0,88.82022203981717,21610000000.0,9.150856085145765,38.47,,,,21610000000.0,10720600000.0,,,,,,,,,16.289326668626874,2.3019717933546477,215493719820.33334,101.57453873850343,173.45118041168158,19.5,9.2,5.1,4.7,1.0,0.0,0.0,0.0,0.0,0.3,0.3,0.5,0.5,0.3,0.44814814814814813,0.7030075187969924,0.3,0.4785992217898833,0.3,0.5057915057915058,0.3,0.6439393939393939,0.0,0.4618181818181818,0.0,0.3,0.3,0.625,0.5978260869565217,0.2552083333333333,50994768.0,27007048.0,88.82,21610000000.0,9.15,38.47,,,,21610000000.0,,,,,,,,,,16.29,2.302,215493719820.33,,,19.5000000000000,9.2,5.1000000000000,4.7000000000000,1.000,0.0,0.0,0.0,0.0,0.300000000000,0.300000000000,0.500000000000,0.500000000000,0.300000000000,0.448100000000,0.703000000000,0.300000000000,0.478600000000,0.300000000000,0.505800000000,0.300000000000,0.643900000000,0E-12,0.461800000000,0E-12,0.300000000000,0.300000000000,0.625000000000,0.597800000000,0.255200000000
7d537ec96a4dfdbd270698d08661b4b4,فنوال,70981774.0,32034611.0,121.57838595261856,18284961.0,7.571872989450654,56.51,33.39747746996997,27.56415183732988,54.81311102435056,17014216623.0,8491210037.0,18284961.0,0.001,12.115076283350518,0.03164669133378757,27.161734260453702,0.135645080128965,0.5709782588884663,2.6516416257536357,-6.536964980544748,2.3668974333782358,82445833408.66667,115.33987406181505,242.19963833003928,23.8,16.2,11.0,5.5,1.0,0.0,0.0,0.0,0.0,0.1875,0.8543689320388349,0.9323308270676691,0.8146551724137931,0.7211538461538461,0.14074074074074075,0.612781954887218,0.6737588652482269,0.0311284046692607,0.4563106796116505,0.5405405405405406,0.5944055944055944,0.7651515151515151,0.8327272727272728,0.6254545454545455,0.8218181818181818,0.5742574257425742,0.753968253968254,0.42391304347826086,0.8260869565217391,0.6458333333333334,70981774.0,32034611.0,121.58,18284961.0,7.57,56.51,33.4,27.56,54.81,17014216623.0,,,0.001,12.12,0.03,27.16,0.136,0.57,2.65,-6.54,2.3669,82445833408.67,,,23.8000000000000,16.2,11.0000000000000,5.5000000000000,1.000,0.0,0.0,0.0,0.0,0.187500000000,0.854400000000,0.932300000000,0.814700000000,0.721200000000,0.140700000000,0.612800000000,0.673800000000,0.031100000000,0.456300000000,0.540500000000,0.594400000000,0.765200000000,0.832700000000,0.625500000000,0.821800000000,0.574300000000,0.754000000000,0.423900000000,0.826100000000,0.645800000000
7e41b7fd7ba1c353199eba22667db254,کسرا,14200610.0,6107025.0,132.52909559073362,3725359.0,4.147158429453869,46.76,38.42698014184145,28.80781993916839,15.426257009057093,4060260000.0,1560631672.0,3725359.0,0.001,-7.180417989670691,0.0,4.032192589096058,1.5217413945877432,0.6292274430227615,1.115071552982536,,42.84662453100464,269116490474.41177,138.70840678414731,238.66798469118052,27.4,8.9,15.0,3.7,0.85,0.0,3.0,0.0,0.0,0.9479166666666666,0.18446601941747573,0.9849624060150376,0.1810344827586207,0.6634615384615384,0.5444444444444444,0.0,0.10638297872340426,0.3,0.5145631067961165,0.5752895752895753,0.6363636363636364,0.7575757575757576,1.0,0.9272727272727272,0.9272727272727272,0.09900990099009901,0.9484126984126984,0.7391304347826086,0.8695652173913043,0.08854166666666667,14200610.0,6107025.0,132.53,3725359.0,4.15,46.76,38.43,28.81,15.43,4060260000.0,,,0.001,-7.18,0.0,4.03,1.522,0.63,1.12,,42.8466,269116490474.41,,,27.4000000000000,8.9,15.0000000000000,3.7000000000000,0.850,0.0,3.0,0.0,0.0,0.947900000000,0.184500000000,0.985000000000,0.181000000000,0.663500000000,0.544400000000,0E-12,0.106400000000,0.300000000000,0.514600000000,0.575300000000,0.636400000000,0.757600000000,1.000000000000,0.927300000000,0.927300000000,0.099000000000,0.948400000000,0.739100000000,0.869600000000,0.088500000000
7f03a704085688ac90d02018a42c8162,پکرمان,196710000.0,150659361.0,30.566065523137325,6229745000.0,23.487155573783518,24.45,,,,6229745000.0,30722599000.0,,,,,,,,,13.580246913580247,2.6723460569657402,237193846070.0,-79.72259768778027,58.580102142638054,8.2,9.2,2.6,4.4,1.0,0.0,0.0,0.0,0.0,0.3,0.3,0.5,0.5,0.3,0.5,0.20300751879699253,0.3,0.41245136186770426,0.3,0.03088803088803089,0.3,0.3522727272727273,0.0,0.24,0.0,0.3,0.3,0.4945652173913043,0.16847826086956522,0.8697916666666666,196710000.0,150659361.0,30.57,6229745000.0,23.49,24.45,,,,6229745000.0,,,,,,,,,,13.58,2.6723,237193846070.0,,,8.2000000000000,9.2,2.6000000000000,4.4000000000000,1.000,0.0,0.0,0.0,0.0,0.300000000000,0.300000000000,0.500000000000,0.500000000000,0.300000000000,0.500000000000,0.203000000000,0.300000000000,0.412500000000,0.300000000000,0.030900000000,0.300000000000,0.352300000000,0E-12,0.240000000000,0E-12,0.300000000000,0.300000000000,0.494600000000,0.168500000000,0.869800000000
7f547bf2c0a3ff2919c50d8c899abc3d,قزوین,36373555.0,23771958.0,53.01034521430671,5712000000.0,8.788515406162466,29.11,,,,5712000000.0,4765999920.0,,,,,,,,,5.437553101104503,2.5456095512690666,29950680085.0,19.848931932000536,211.73019805637784,14.8,9.2,5.4,2.3,0.92,0.0,0.0,0.0,0.0,0.3,0.3,0.5,0.5,0.3,0.03333333333333333,0.3533834586466166,0.3,0.20233463035019456,0.3,0.19305019305019305,0.3,0.7234848484848485,0.0,0.4872727272727273,0.0,0.3,0.3,0.717391304347826,0.3423913043478261,0.09895833333333333,36373555.0,23771958.0,53.01,5712000000.0,8.79,29.11,,,,5712000000.0,,,,,,,,,,5.44,2.5456,29950680085.0,,,14.8000000000000,9.2,5.4000000000000,2.3000000000000,0.920,0.0,0.0,0.0,0.0,0.300000000000,0.300000000000,0.500000000000,0.500000000000,0.300000000000,0.033300000000,0.353400000000,0.300000000000,0.202300000000,0.300000000000,0.193100000000,0.300000000000,0.723500000000,0E-12,0.487300000000,0E-12,0.300000000000,0.300000000000,0.717400000000,0.342400000000,0.099000000000
801acf9315859c07fc1aca9cb877c22b,غگیلا,,,,683008070.0,54.6699250566688,21.71,,,,683008070.0,,,,,0.41036412397451977,7.899294066489561,,,,64.49339207048457,1.9415517620444764,42828387273.333336,109.45694108834473,98.93366003398188,13.9,10.1,1.8,4.4,0.72,0.0,0.0,0.0,0.0,0.3,0.3,0.8120300751879699,0.3706896551724138,0.3,0.04814814814814815,0.943609022556391,0.3,0.8949416342412452,0.3,0.528957528957529,0.3,0.4621212121212121,0.0,0.16000000000000003,0.0,0.3,0.3,0.3,0.3,0.3,,,,683008070.0,54.67,21.71,,,,683008070.0,,,,,0.41,7.9,,,,64.49,1.9416,42828387273.33,,,13.9000000000000,10.1,1.8000000000000,4.4000000000000,0.720,0.0,0.0,0.0,0.0,0.300000000000,0.300000000000,0.812000000000,0.370700000000,0.300000000000,0.048100000000,0.943600000000,0.300000000000,0.894900000000,0.300000000000,0.529000000000,0.300000000000,0.462100000000,0E-12,0.160000000000,0E-12,0.300000000000,0.300000000000,0.300000000000,0.300000000000,0.300000000000
8234d415920c271fcb0300725ce4c7fd,فاسمین,,,,12864000000.0,8.921641791044776,18.47,34.5323036477717,,,12864000000.0,13536000000.0,,,26.4596944797373,0.0,5.149078623380918,,,,,2.111627544506844,214935855715.0,-4.964539007092199,678.8669570338637,12.6,13.5,5.2,4.9,0.51,0.0,0.0,0.0,0.0,0.3,0.3,0.9849624060150376,0.22413793103448276,0.3,0.4444444444444444,0.8909774436090225,0.9432624113475178,0.3,0.3,0.1274131274131274,0.6083916083916084,0.8901515151515151,0.0,0.4763636363636363,0.0,0.3,0.4126984126984127,0.3,0.3,0.3,,,,12864000000.0,8.92,18.47,34.53,,,12864000000.0,,,,26.46,0.0,5.15,,,,,2.1116,214935855715.0,,,12.6000000000000,13.5,5.2000000000000,4.9000000000000,0.510,0.0,0.0,0.0,0.0,0.300000000000,0.300000000000,0.985000000000,0.224100000000,0.300000000000,0.444400000000,0.891000000000,0.943300000000,0.300000000000,0.300000000000,0.127400000000,0.608400000000,0.890200000000,0E-12,0.476400000000,0E-12,0.300000000000,0.412700000000,0.300000000000,0.300000000000,0.300000000000
83063f85d3b40da6b49c458abcb31423,چخزر,4005898.0,0,,4256800000.0,8.771847397105807,30.16,124.93485855106645,,,4256800000.0,888400000.0,,,,,,,,,4.245810055865921,2.357953821058446,154961216763.33334,379.1535344439441,395.81366826364865,19.9,11.9,5.4,4.6,0.72,0.0,0.0,0.0,0.0,0.3,0.3,0.5,0.5,0.3,0.3333333333333333,0.6353383458646616,0.3,0.17509727626459143,0.3,0.918918918918919,0.9790209790209791,0.8901515151515151,0.0,0.49090909090909096,0.0,0.3,0.3,0.3,0.3,0.9869791666666666,4005898.0,0.0,,4256800000.0,8.77,30.16,124.93,,,4256800000.0,,,,,,,,,,4.25,2.358,154961216763.33,,,19.9000000000000,11.9,5.4000000000000,4.6000000000000,0.720,0.0,0.0,0.0,0.0,0.300000000000,0.300000000000,0.500000000000,0.500000000000,0.300000000000,0.333300000000,0.635300000000,0.300000000000,0.175100000000,0.300000000000,0.918900000000,0.979000000000,0.890200000000,0E-12,0.490900000000,0E-12,0.300000000000,0.300000000000,0.300000000000,0.300000000000,0.987000000000
835a058978f7d07fa0f0286893ac885a,فگستر,23361357.0,15133692.0,54.366541885483066,6829100000.0,5.718176626495439,35.45,,,,6829100000.0,2018250000.0,,,,,,,,,45.81673306772908,2.6101919616413674,272493533152.33334,238.3673974978323,-98.96599371381308,12.9,9.2,9.0,4.4,1.0,5.0,0.0,0.0,0.0,0.3,0.3,0.5,0.5,0.3,0.562962962962963,0.28195488721804507,0.3,0.8949416342412452,0.3,0.803088803088803,0.3,0.07196969696969698,0.0,0.8145454545454546,0.0,0.3,0.3,0.75,0.34782608695652173,0.07291666666666667,23361357.0,15133692.0,54.37,6829100000.0,5.72,35.45,,,,6829100000.0,,,,,,,,,,45.82,2.6102,272493533152.33,,,12.9000000000000,9.2,9.0000000000000,4.4000000000000,1.000,5.0,0.0,0.0,0.0,0.300000000000,0.300000000000,0.500000000000,0.500000000000,0.300000000000,0.563000000000,0.282000000000,0.300000000000,0.894900000000,0.300000000000,0.803100000000,0.300000000000,0.072000000000,0E-12,0.814500000000,0E-12,0.300000000000,0.300000000000,0.750000000000,0.347800000000,0.072900000000
85287a8fa516fef95aa0d2185f916071,شپنا,13434648094.0,2293561650.0,485.75482782422694,1139220803.0,7.03593578512252,58.37,12.902185220555706,10.619177047985035,57.037989017261395,1183204906282.0,430211600000.0,1139220803.0,0.001,2.1262243391901254,1.9390189789341212,39.53502040074432,0.5223140513525191,0.5820266691208041,1.8348339890865133,10.704960835509137,2.6459497252503623,9743928812128.0,164.80476188926565,189.62106523931374,27.0,12.1,12.3,6.9,1.0,0.0,0.0,0.0,0.0,0.5416666666666666,0.6990291262135923,0.6541353383458647,0.8146551724137931,0.7115384615384616,0.9888888888888889,0.23308270676691734,0.3900709219858156,0.30739299610894943,0.10679611650485436,0.6795366795366795,0.2097902097902098,0.6931818181818182,0.8472727272727273,0.6981818181818182,0.9854545454545455,0.594059405940594,0.7222222222222222,0.592391304347826,0.9538043478260869,0.3697916666666667,13434648094.0,2293561650.0,485.75,1139220803.0,7.04,58.37,12.9,10.62,57.04,1183204906282.0,,,0.001,2.13,1.94,39.54,0.522,0.58,1.83,10.7,2.6459,9743928812128.0,,,27.0000000000000,12.1,12.3000000000000,6.9000000000000,1.000,0.0,0.0,0.0,0.0,0.541700000000,0.699000000000,0.654100000000,0.814700000000,0.711500000000,0.988900000000,0.233100000000,0.390100000000,0.307400000000,0.106800000000,0.679500000000,0.209800000000,0.693200000000,0.847300000000,0.698200000000,0.985500000000,0.594100000000,0.722200000000,0.592400000000,0.953800000000,0.369800000000
857898d4f504279f0355b95477392169,857898d4f504279f0355b95477392169,258165.0,0,,,,0.0,,,,,,,,,,,,,,,,,,,10.8,9.2,0.0,3.1,0.0,0.0,0.0,8.0,0.0,0.3,0.3,0.5,0.5,0.3,0.0,0.3,0.3,0.3,0.3,0.3,0.3,0.3,0.0,0.0,0.0,0.3,0.3,0.3,0.3,0.9869791666666666,258165.0,0.0,,,,0.0,,,,,,,,,,,,,,,,,,,10.8000000000000,9.2,0E-13,3.1000000000000,0.000,0.0,0.0,8.0,0.0,0.300000000000,0.300000000000,0.500000000000,0.500000000000,0.300000000000,0E-12,0.300000000000,0.300000000000,0.300000000000,0.300000000000,0.300000000000,0.300000000000,0.300000000000,0E-12,0E-12,0E-12,0.300000000000,0.300000000000,0.300000000000,0.300000000000,0.987000000000
85b841e113a9981a56d7137b3e926c4a,شیران,297447641.0,152597864.0,94.9225455737703,73967505.0,8.164075982893841,51.35,33.01662957764687,27.647538044045145,45.86373727239136,80235200100.0,22589964750.0,73967505.0,0.001,12.054350942347298,3.629920137391257,9.805372902435979,0.9627362177485911,1.0959674246236109,1.2051369653521307,1.9319227230910765,2.6461502925277616,498077699146.3333,227.43523869376557,152.34562025831423,22.4,13.7,10.5,4.7,1.0,0.0,0.0,0.0,0.0,0.8333333333333334,0.2815533980582524,0.518796992481203,0.4482758620689655,0.42307692307692313,0.7296296296296296,0.2293233082706767,0.6666666666666666,0.13229571984435798,0.46601941747572817,0.7915057915057915,0.5874125874125874,0.5984848484848485,0.8581818181818182,0.5745454545454545,0.8181818181818181,0.40594059405940597,0.38095238095238093,0.5163043478260869,0.6521739130434783,0.5052083333333334,297447641.0,152597864.0,94.92,73967505.0,8.16,51.35,33.02,27.65,45.86,80235200100.0,,,0.001,12.05,3.63,9.81,0.963,1.1,1.21,1.93,2.6462,498077699146.33,,,22.4000000000000,13.7,10.5000000000000,4.7000000000000,1.000,0.0,0.0,0.0,0.0,0.833300000000,0.281600000000,0.518800000000,0.448300000000,0.423100000000,0.729600000000,0.229300000000,0.666700000000,0.132300000000,0.466000000000,0.791500000000,0.587400000000,0.598500000000,0.858200000000,0.574500000000,0.818200000000,0.405900000000,0.381000000000,0.516300000000,0.652200000000,0.505200000000
86753ad1b296713ec2fe34094b7b1d88,کماسه,5437020.0,4289170.0,26.761587906284902,1322913.0,24.539224522273788,24.67,26.79904791963967,23.79145231820058,22.214510908579513,1371000000.0,1916400000.0,1322913.0,0.001,-10.787472344843746,56.720027863058235,13.733266408810417,0.8400499503746656,0.3148938528254837,2.0353009625516445,75.4892524863651,1.998518740805083,270751180955.66666,-30.968847839699436,2.145097109125886,8.4,1.4,6.3,8.6,1.0,0.0,6.7,0.0,0.0,0.75,0.7475728155339806,0.09022556390977443,0.49137931034482757,0.9326923076923077,0.5518518518518518,0.924812030075188,0.07092198581560284,0.8949416342412452,0.36893203883495146,0.08108108108108109,0.5034965034965035,0.22348484848484848,0.7890909090909091,0.23272727272727278,0.7090909090909091,0.16831683168316833,0.23015873015873015,0.6304347826086957,0.15760869565217392,0.8333333333333334,5437020.0,4289170.0,26.76,1322913.0,24.54,24.67,26.8,23.79,22.21,1371000000.0,,,0.001,-10.79,56.72,13.73,0.84,0.31,2.04,75.49,1.9985,270751180955.67,,,8.4000000000000,1.4,6.3000000000000,8.6000000000000,1.000,0.0,6.7,0.0,0.0,0.750000000000,0.747600000000,0.090200000000,0.491400000000,0.932700000000,0.551900000000,0.924800000000,0.070900000000,0.894900000000,0.368900000000,0.081100000000,0.503500000000,0.223500000000,0.789100000000,0.232700000000,0.709100000000,0.168300000000,0.230200000000,0.630400000000,0.157600000000,0.833300000000
876ac8a92de3ccb30dc55ce3d7ac189a,زبینا,20717358.0,10395722.0,99.28734146603766,6954490.0,7.304671192321876,49.92,25.103437003921066,34.175096650624404,39.91628158453144,6952459210.0,2839224180.0,6954490.0,0.001,-0.18212147535451528,45.383744156054284,29.909806141219754,0.25903366026840213,0.2589318297002357,2.997073171695082,9.858044164037855,2.1843216480409913,174859093357.33334,144.94332110118899,136.7747413511128,23.2,7.9,11.6,7.3,1.0,0.0,2.5,0.0,0.0,0.2708333333333333,0.912621359223301,0.1127819548872181,0.8146551724137931,0.9615384615384616,0.3814814814814815,0.8045112781954887,0.2624113475177305,0.2840466926070039,0.6019417475728155,0.6061776061776062,0.46153846153846156,0.5643939393939394,0.9018181818181819,0.6690909090909091,0.7963636363636364,0.32673267326732675,0.7142857142857143,0.6358695652173914,0.6902173913043478,0.5104166666666666,20717358.0,10395722.0,99.29,6954490.0,7.3,49.92,25.1,34.18,39.92,6952459210.0,,,0.001,-0.18,45.38,29.91,0.259,0.26,3.0,9.86,2.1843,174859093357.33,,,23.2000000000000,7.9,11.6000000000000,7.3000000000000,1.000,0.0,2.5,0.0,0.0,0.270800000000,0.912600000000,0.112800000000,0.814700000000,0.961500000000,0.381500000000,0.804500000000,0.262400000000,0.284000000000,0.601900000000,0.606200000000,0.461500000000,0.564400000000,0.901800000000,0.669100000000,0.796400000000,0.326700000000,0.714300000000,0.635900000000,0.690200000000,0.510400000000
881f485833e35685213e8f387e534bf7,قصفها,88459330.0,30851400.0,186.72711773209642,5675903676.0,12.202127659574469,36.37,7.311286440898885,,,5675903676.0,5341212714.0,,,7.311283199554895,,,,,,12.205882352941176,2.4613917232102325,133777307290.0,6.266197957679766,646751400.0,21.2,9.4,3.8,3.4,0.965,0.0,0.0,0.0,0.0,0.3,0.3,0.5,0.5,0.3,0.2740740740740741,0.4849624060150376,0.5602836879432624,0.35797665369649806,0.3,0.15444015444015444,0.14685314685314685,0.8901515151515151,0.0,0.3418181818181818,0.0,0.3,0.3,0.6902173913043478,0.9538043478260869,0.036458333333333336,88459330.0,30851400.0,186.73,5675903676.0,12.2,36.37,7.31,,,5675903676.0,,,,7.31,,,,,,12.21,2.4614,133777307290.0,,,21.2000000000000,9.4,3.8000000000000,3.4000000000000,0.965,0.0,0.0,0.0,0.0,0.300000000000,0.300000000000,0.500000000000,0.500000000000,0.300000000000,0.274100000000,0.485000000000,0.560300000000,0.358000000000,0.300000000000,0.154400000000,0.146900000000,0.890200000000,0E-12,0.341800000000,0E-12,0.300000000000,0.300000000000,0.690200000000,0.953800000000,0.036500000000
88f79bf4cbb7f64d7bb74b1c01d3388a,شگل,50707044.0,26259142.0,93.10244028536805,5979281.0,3.1381804907128044,53.23,18.849387079425004,11.827164567092515,39.444112845365495,4845884800.0,490591200.0,5979281.0,0.001,3.4109066613988084,1.9971437308565396,5.472665778579007,-0.025721487249052186,2.14869540390483,1.0296114320189538,10.122358175750835,2.685969899615006,150375418591.26666,1118.7909200165025,174.77435550742376,26.2,8.8,15.6,2.6,1.0,0.0,0.0,0.0,0.0,0.09375,0.13592233009708737,0.6390977443609023,0.29310344827586204,0.1826923076923077,0.32592592592592595,0.18796992481203012,0.46099290780141844,0.2918287937743191,0.1553398058252427,0.918918918918919,0.32167832167832167,0.6477272727272727,0.9890909090909091,0.9672727272727273,0.9963636363636363,0.31683168316831684,0.6825396825396826,0.7010869565217391,0.6195652173913043,0.28125,50707044.0,26259142.0,93.1,5979281.0,3.14,53.23,18.85,11.83,39.44,4845884800.0,,,0.001,3.41,2.0,5.47,-0.026,2.15,1.03,10.12,2.686,150375418591.27,,,26.2000000000000,8.8,15.6000000000000,2.6000000000000,1.000,0.0,0.0,0.0,0.0,0.093800000000,0.135900000000,0.639100000000,0.293100000000,0.182700000000,0.325900000000,0.188000000000,0.461000000000,0.291800000000,0.155300000000,0.918900000000,0.321700000000,0.647700000000,0.989100000000,0.967300000000,0.996400000000,0.316800000000,0.682500000000,0.701100000000,0.619600000000,0.281300000000
8a664764ba757925c6545b1f6148a41d,کاوه,,,,25315000000.0,17.156626506024097,19.46,,,,25315000000.0,45211000000.0,,,,,,,,,47.09418837675351,2.1370846821447445,670443762329.3334,-44.00698944947026,25.34902528393076,8.2,9.2,3.1,6.5,0.72,0.0,0.0,0.0,0.0,0.3,0.3,0.5,0.5,0.3,0.7888888888888889,0.8721804511278195,0.3,0.8949416342412452,0.3,0.06177606177606178,0.3,0.25757575757575757,0.0,0.2836363636363637,0.0,0.3,0.3,0.3,0.3,0.3,,,,25315000000.0,17.16,19.46,,,,25315000000.0,,,,,,,,,,47.09,2.1371,670443762329.33,,,8.2000000000000,9.2,3.1000000000000,6.5000000000000,0.720,0.0,0.0,0.0,0.0,0.300000000000,0.300000000000,0.500000000000,0.500000000000,0.300000000000,0.788900000000,0.872200000000,0.300000000000,0.894900000000,0.300000000000,0.061800000000,0.300000000000,0.257600000000,0E-12,0.283600000000,0E-12,0.300000000000,0.300000000000,0.300000000000,0.300000000000,0.300000000000
8a93d99f4ddd3225214f5c0e83dd513f,فزر,,,,-5400000.0,,5.96,,,,-5400000.0,48600000.0,,,,,,,,,61.46055437100213,2.233314667627823,6986256233016.667,-111.11111111111111,-99.92501851851851,1.8,0.0,0.0,6.9,0.685,5.0,10.0,8.0,0.0,0.3,0.3,0.5,0.5,0.3,0.9851851851851852,0.7556390977443609,0.3,0.8949416342412452,0.3,0.019305019305019305,0.3,0.06818181818181818,0.0,0.0,0.0,0.3,0.3,0.3,0.3,0.3,,,,-5400000.0,,5.96,,,,-5400000.0,,,,,,,,,,61.46,2.2333,6986256233016.67,,,1.8000000000000,0.0,0E-13,6.9000000000000,0.685,5.0,10.0,8.0,0.0,0.300000000000,0.300000000000,0.500000000000,0.500000000000,0.300000000000,0.985200000000,0.755600000000,0.300000000000,0.894900000000,0.300000000000,0.019300000000,0.300000000000,0.068200000000,0E-12,0E-12,0E-12,0.300000000000,0.300000000000,0.300000000000,0.300000000000,0.300000000000
8ae97b44c2d9568e972acecf665519f7,وسپه,,,,12524800000.0,17.57281553398058,22.25,,,,12524800000.0,8329600000.0,,,,,,,,,38.16793893129771,1.8779285852899472,519623506501.6667,50.36496350364964,1230465700.0,13.8,9.2,3.0,6.4,0.685,0.0,0.0,0.0,0.0,0.3,0.3,0.5,0.5,0.3,0.737037037037037,0.9586466165413534,0.3,0.7782101167315175,0.3,0.3088803088803089,0.3,0.8901515151515151,0.0,0.27636363636363637,0.0,0.3,0.3,0.3,0.3,0.3,,,,12524800000.0,17.57,22.25,,,,12524800000.0,,,,,,,,,,38.17,1.8779,519623506501.67,,,13.8000000000000,9.2,3.0000000000000,6.4000000000000,0.685,0.0,0.0,0.0,0.0,0.300000000000,0.300000000000,0.500000000000,0.500000000000,0.300000000000,0.737000000000,0.958600000000,0.300000000000,0.778200000000,0.300000000000,0.308900000000,0.300000000000,0.890200000000,0E-12,0.276400000000,0E-12,0.300000000000,0.300000000000,0.300000000000,0.300000000000,0.300000000000
8b5fc1bfef84c4c6f8b652747c0c50f7,درهآور,,,,4836931552.0,8.125,22.62,,,,4836931552.0,3190320988.0,,,,,,,,,11.465451784358391,2.39670070338691,230848623249.0,51.612692584649736,61.07820461898178,11.3,9.2,6.5,4.4,0.72,0.0,0.0,0.0,0.0,0.3,0.3,0.5,0.5,0.3,0.4925925925925926,0.5601503759398496,0.3,0.3346303501945525,0.3,0.3204633204633205,0.3,0.35984848484848486,0.0,0.5890909090909091,0.0,0.3,0.3,0.3,0.3,0.3,,,,4836931552.0,8.13,22.62,,,,4836931552.0,,,,,,,,,,11.47,2.3967,230848623249.0,,,11.3000000000000,9.2,6.5000000000000,4.4000000000000,0.720,0.0,0.0,0.0,0.0,0.300000000000,0.300000000000,0.500000000000,0.500000000000,0.300000000000,0.492600000000,0.560200000000,0.300000000000,0.334600000000,0.300000000000,0.320500000000,0.300000000000,0.359800000000,0E-12,0.589100000000,0E-12,0.300000000000,0.300000000000,0.300000000000,0.300000000000,0.300000000000
8bbc5bbccde546656d599555b9be64d9,سقاین,20777863.0,9534937.0,117.91295527175481,15254288.0,8.238648293236086,58.49,73.36164005391753,84.294008458087,135.8220936900102,15428000000.0,2532000000.0,15254288.0,0.001,43.364590045291536,39.11663899809885,15.0629103166822,0.5234531431424397,1.8924707151939084,1.3014874355978228,24.16,2.8354400829995856,194394096631.33334,502.4600315955766,363.29649674096856,27.5,17.3,9.6,4.1,1.0,0.0,1.9,0.0,0.0,0.5520833333333334,0.3592233009708738,0.1278195488721805,0.5258620689655172,0.2596153846153846,0.4074074074074074,0.11654135338345861,0.9432624113475178,0.6186770428015564,0.941747572815534,0.918918918918919,0.9370629370629371,0.8901515151515151,0.6945454545454546,0.5563636363636364,0.6836363636363636,0.9504950495049505,0.5079365079365079,0.5489130434782609,0.7989130434782609,0.828125,20777863.0,9534937.0,117.91,15254288.0,8.24,58.49,73.36,84.29,135.82,15428000000.0,,,0.001,43.36,39.12,15.06,0.523,1.89,1.3,24.16,2.8354,194394096631.33,,,27.5000000000000,17.3,9.6000000000000,4.1000000000000,1.000,0.0,1.9,0.0,0.0,0.552100000000,0.359200000000,0.127800000000,0.525900000000,0.259600000000,0.407400000000,0.116500000000,0.943300000000,0.618700000000,0.941700000000,0.918900000000,0.937100000000,0.890200000000,0.694500000000,0.556400000000,0.683600000000,0.950500000000,0.507900000000,0.548900000000,0.798900000000,0.828100000000
8bfd141901eaba0211578f174767f175,دعبید,228307219.0,112296731.0,103.3070927060201,84095726.0,16.768669173890736,52.84,46.095058757452165,38.95562742891822,59.50773590703997,57635000000.0,15486000000.0,84095726.0,0.001,7.616652396597281,14.399581607321698,5.215710090336407,-0.19662661572123177,1.5316142493272011,1.6307751678198266,38.103070175438596,2.2205657364051175,1075388279805.3334,443.04356192690176,157.0712269503439,25.9,12.8,6.7,7.5,1.0,0.0,0.0,0.0,0.0,0.052083333333333336,0.5728155339805825,0.23308270676691734,0.2413793103448276,0.32692307692307687,0.8851851851851852,0.7744360902255639,0.5673758865248227,0.77431906614786,0.6699029126213593,0.918918918918919,0.7202797202797203,0.6136363636363636,0.7054545454545454,0.2909090909090909,0.6909090909090909,0.6237623762376238,0.6031746031746031,0.5706521739130435,0.7228260869565217,0.6822916666666666,228307219.0,112296731.0,103.31,84095726.0,16.77,52.84,46.1,38.96,59.51,57635000000.0,,,0.001,7.62,14.4,5.22,-0.197,1.53,1.63,38.1,2.2206,1075388279805.33,,,25.9000000000000,12.8,6.7000000000000,7.5000000000000,1.000,0.0,0.0,0.0,0.0,0.052100000000,0.572800000000,0.233100000000,0.241400000000,0.326900000000,0.885200000000,0.774400000000,0.567400000000,0.774300000000,0.669900000000,0.918900000000,0.720300000000,0.613600000000,0.705500000000,0.290900000000,0.690900000000,0.623800000000,0.603200000000,0.570700000000,0.722800000000,0.682300000000
8c179073bc41ee6b95d603feda98dafa,قرن,218024122.0,108688965.0,100.59453321687258,40284000000.0,9.706086783834774,39.06,25.727755889289583,,,40284000000.0,17872000000.0,,,1.1902618435478942,6.86661670334132,3.4119840664659167,,,,7.473982970671712,2.772362365601,250684380455.66666,125.40286481647269,114.39450743991331,22.2,8.5,4.7,3.7,1.0,0.0,0.0,0.0,0.0,0.3,0.3,0.40601503759398494,0.1206896551724138,0.3,0.5148148148148148,0.12406015037593987,0.3262411347517731,0.23346303501945526,0.3,0.5521235521235521,0.4825174825174825,0.5227272727272727,0.0,0.4254545454545454,0.0,0.3,0.5238095238095238,0.7282608695652174,0.7065217391304348,0.4739583333333333,218024122.0,108688965.0,100.59,40284000000.0,9.71,39.06,25.73,,,40284000000.0,,,,1.19,6.87,3.41,,,,7.47,2.7724,250684380455.67,,,22.2000000000000,8.5,4.7000000000000,3.7000000000000,1.000,0.0,0.0,0.0,0.0,0.300000000000,0.300000000000,0.406000000000,0.120700000000,0.300000000000,0.514800000000,0.124100000000,0.326200000000,0.233500000000,0.300000000000,0.552100000000,0.482500000000,0.522700000000,0E-12,0.425500000000,0E-12,0.300000000000,0.523800000000,0.728300000000,0.706500000000,0.474000000000
8cf8f7ebb7a81d1f00229c19692d4f69,بیوتیک,14593433.0,16504400.0,-11.578530573665205,2610227900.0,9.84312519224854,20.44,,,,2610227900.0,3892459200.0,,,,,,,,,37.36593736593737,2.3356248514976548,170389641307.66666,-32.94141914191419,-43.804014006611155,3.8,9.2,4.6,4.7,0.92,5.0,0.0,0.0,0.0,0.3,0.3,0.5,0.5,0.3,0.37037037037037035,0.6541353383458647,0.3,0.7626459143968871,0.3,0.07722007722007722,0.3,0.12878787878787878,0.0,0.4181818181818182,0.0,0.3,0.3,0.9456521739130435,0.016304347826086956,0.2864583333333333,14593433.0,16504400.0,-11.58,2610227900.0,9.84,20.44,,,,2610227900.0,,,,,,,,,,37.37,2.3356,170389641307.67,,,3.8000000000000,9.2,4.6000000000000,4.7000000000000,0.920,5.0,0.0,0.0,0.0,0.300000000000,0.300000000000,0.500000000000,0.500000000000,0.300000000000,0.370400000000,0.654100000000,0.300000000000,0.762600000000,0.300000000000,0.077200000000,0.300000000000,0.128800000000,0E-12,0.418200000000,0E-12,0.300000000000,0.300000000000,0.945700000000,0.016300000000,0.286500000000
8ecb7116a860463b6dee7ca13dcf73ea,شبصیر,108259404.0,53656372.0,101.76430117190927,28841734.0,5.562408808832811,58.77,48.114468678023485,35.976777263824225,67.76293327256025,31253500000.0,14475000000.0,28841734.0,0.001,30.63056072328063,3.483911840746169,16.328307591463943,0.9271592339073649,0.7776976789536378,2.1369932791172928,35.56308213378493,2.3224067017047965,342415873762.3333,99.25204835924006,282.6553491270235,20.4,18.2,13.3,6.8,1.0,0.0,0.0,0.0,0.0,0.7916666666666666,0.7864077669902912,0.5413533834586466,0.5603448275862069,0.5673076923076923,0.6370370370370371,0.6766917293233083,0.9432624113475178,0.7276264591439688,0.6407766990291263,0.47876447876447875,0.7482517482517482,0.8901515151515151,0.8545454545454545,0.8290909090909091,0.84,0.7326732673267327,0.47619047619047616,0.2717391304347826,0.7119565217391305,0.140625,108259404.0,53656372.0,101.76,28841734.0,5.56,58.77,48.11,35.98,67.76,31253500000.0,,,0.001,30.63,3.48,16.33,0.927,0.78,2.14,35.56,2.3224,342415873762.33,,,20.4000000000000,18.2,13.3000000000000,6.8000000000000,1.000,0.0,0.0,0.0,0.0,0.791700000000,0.786400000000,0.541400000000,0.560300000000,0.567300000000,0.637000000000,0.676700000000,0.943300000000,0.727600000000,0.640800000000,0.478800000000,0.748300000000,0.890200000000,0.854500000000,0.829100000000,0.840000000000,0.732700000000,0.476200000000,0.271700000000,0.712000000000,0.140600000000
8f0d3b9ed3bb17e93db23268de21bd69,خودرو,5430579681.0,3365446773.0,61.362815914010596,-126273117.0,,8.22,-3.4738037728736098,-2.3721714290524045,-11.128936310150571,-166643494420.0,-199964922084.0,-126273117.0,0.001,-9.964178468254653,1.3197145852366838,,,3.036951916611203,0.4270883950171822,11.892797319932999,2.407641624679013,5835717461209.767,36.85236606300579,-200.75737146690255,2.9,0.0,0.0,5.3,1.0,5.0,13.0,8.0,0.0,0.3,0.009708737864077669,0.6917293233082706,0.5,0.07692307692307687,0.9777777777777777,0.5526315789473684,0.07801418439716312,0.35019455252918286,0.02912621359223301,0.2625482625482625,0.027972027972027972,0.022727272727272728,0.0,0.0,0.0,0.019801980198019802,0.12698412698412698,0.09782608695652174,0.3967391304347826,0.734375,5430579681.0,3365446773.0,61.36,-126273117.0,,8.22,-3.47,-2.37,-11.13,-166643494420.0,,,0.001,-9.96,1.32,,,3.04,0.43,11.89,2.4076,5835717461209.77,,,2.9000000000000,0.0,0E-13,5.3000000000000,1.000,5.0,13.0,8.0,0.0,0.300000000000,0.009700000000,0.691700000000,0.500000000000,0.076900000000,0.977800000000,0.552600000000,0.078000000000,0.350200000000,0.029100000000,0.262500000000,0.028000000000,0.022700000000,0E-12,0E-12,0E-12,0.019800000000,0.127000000000,0.097800000000,0.396700000000,0.734400000000
8f5d6dbbead24fee9802a92474c4ead8,گشان,,,,4683920232.0,,17.44,,,,4683920232.0,2621985160.0,,,,,,,,,8.567179366756683,3.4507774753337426,124882868865.0,78.64022662889518,61.65390118676879,12.4,9.2,0.0,2.7,0.72,0.0,0.0,8.0,0.0,0.3,0.3,0.5,0.5,0.3,0.24444444444444444,0.07894736842105265,0.3,0.2723735408560311,0.3,0.4247104247104247,0.3,0.36363636363636365,0.0,0.0,0.0,0.3,0.3,0.3,0.3,0.3,,,,4683920232.0,,17.44,,,,4683920232.0,,,,,,,,,,8.57,3.4508,124882868865.0,,,12.4000000000000,9.2,0E-13,2.7000000000000,0.720,0.0,0.0,8.0,0.0,0.300000000000,0.300000000000,0.500000000000,0.500000000000,0.300000000000,0.244400000000,0.078900000000,0.300000000000,0.272400000000,0.300000000000,0.424700000000,0.300000000000,0.363600000000,0E-12,0E-12,0E-12,0.300000000000,0.300000000000,0.300000000000,0.300000000000,0.300000000000
8fb84e957a6f7f5f8c85bfea0a6625fc,پارسان,,,,172003500000.0,24.214739816340945,27.44,,,,172003500000.0,-71604000000.0,,,,,,,,,21.10481586402266,2.2178537982006983,1391671351885.6667,340.2149321266968,259.0415158553674,19.9,9.2,2.6,6.4,0.72,0.0,0.0,0.0,0.0,0.3,0.3,0.5,0.5,0.3,0.9148148148148149,0.7819548872180451,0.3,0.5642023346303502,0.3,0.918918918918919,0.3,0.8901515151515151,0.0,0.23636363636363633,0.0,0.3,0.3,0.3,0.3,0.3,,,,172003500000.0,24.21,27.44,,,,172003500000.0,,,,,,,,,,21.1,2.2179,1391671351885.67,,,19.9000000000000,9.2,2.6000000000000,6.4000000000000,0.720,0.0,0.0,0.0,0.0,0.300000000000,0.300000000000,0.500000000000,0.500000000000,0.300000000000,0.914800000000,0.782000000000,0.300000000000,0.564200000000,0.300000000000,0.918900000000,0.300000000000,0.890200000000,0E-12,0.236400000000,0E-12,0.300000000000,0.300000000000,0.300000000000,0.300000000000,0.300000000000
8fd34057fd7ca66b3cbf6590fabf6582,فجر,122886551.0,81329685.0,51.09679940356341,21285000000.0,6.539816772374912,43.28,,,,21285000000.0,8355000000.0,,,,,,,,,41.46341463414634,2.42600026213177,428728192013.3333,154.7576301615799,352.0171388323681,20.0,9.2,8.3,5.8,1.0,0.0,0.0,0.0,0.0,0.3,0.3,0.5,0.5,0.3,0.7074074074074074,0.5300751879699248,0.3,0.8949416342412452,0.3,0.640926640926641,0.3,0.8901515151515151,0.0,0.7527272727272727,0.0,0.3,0.3,0.7228260869565217,0.32608695652173914,0.5677083333333334,122886551.0,81329685.0,51.1,21285000000.0,6.54,43.28,,,,21285000000.0,,,,,,,,,,41.46,2.426,428728192013.33,,,20.0000000000000,9.2,8.3000000000000,5.8000000000000,1.000,0.0,0.0,0.0,0.0,0.300000000000,0.300000000000,0.500000000000,0.500000000000,0.300000000000,0.707400000000,0.530100000000,0.300000000000,0.894900000000,0.300000000000,0.640900000000,0.300000000000,0.890200000000,0E-12,0.752700000000,0E-12,0.300000000000,0.300000000000,0.722800000000,0.326100000000,0.567700000000
8fd65ccbe666396e87271af7cc74b33f,کپارس,25746478.0,13932419.0,84.7954615777777,6728294.0,6.821792169562347,53.27,25.218806414324057,24.949795736181677,37.17135888527922,,,6728294.0,0.001,13.6629011779407,6.977850401657023,29.28739501152086,0.32640621827761984,0.6661693759837991,1.557038831793217,47.48557295960429,2.534751763601118,222374279477.0,197.85100286532952,224.2656788132121,22.6,12.3,12.5,5.9,1.0,0.0,0.0,0.0,0.0,0.3645833333333333,0.5242718446601942,0.39097744360902253,0.8146551724137931,0.6346153846153846,0.4740740740740741,0.3609022556390977,0.7304964539007093,0.8949416342412452,0.4174757281553398,0.749034749034749,0.46853146853146854,0.7462121212121212,0.9163636363636364,0.7272727272727273,0.8763636363636363,0.3069306930693069,0.48412698412698413,0.532608695652174,0.5760869565217391,0.5416666666666666,25746478.0,13932419.0,84.8,6728294.0,6.82,53.27,25.22,24.95,37.17,,,,0.001,13.66,6.98,29.29,0.326,0.67,1.56,47.49,2.5348,222374279477.0,,,22.6000000000000,12.3,12.5000000000000,5.9000000000000,1.000,0.0,0.0,0.0,0.0,0.364600000000,0.524300000000,0.391000000000,0.814700000000,0.634600000000,0.474100000000,0.360900000000,0.730500000000,0.894900000000,0.417500000000,0.749000000000,0.468500000000,0.746200000000,0.916400000000,0.727300000000,0.876400000000,0.306900000000,0.484100000000,0.532600000000,0.576100000000,0.541700000000
9014071d39f25d22b48f82c550918f60,زکشت,18904334.0,8686507.0,117.62872003671903,5277123.0,3.8391144595540756,46.96,24.648868626351913,31.662952041555805,62.37038826523238,5277000000.0,2066400000.0,5277123.0,0.001,-7.3155658066854805,0.007362029750349696,80.70705965131734,0.3662944752282636,0.4188671404594027,1.9769814484210122,-29.33753943217666,11.019517032432534,112528948559.54546,155.37761324041813,-98.54717693469293,15.0,12.4,15.1,4.5,1.0,5.0,3.0,0.0,0.0,0.4270833333333333,0.7281553398058253,0.9548872180451128,0.8146551724137931,0.8365384615384616,0.2037037037037037,0.007518796992481258,0.09929078014184398,0.0038910505836575876,0.5533980582524272,0.6486486486486487,0.4405594405594406,0.07575757575757576,0.9272727272727272,0.9490909090909091,0.92,0.6732673267326733,0.7301587301587301,0.2608695652173913,0.7880434782608695,0.7552083333333334,18904334.0,8686507.0,117.63,5277123.0,3.84,46.96,24.65,31.66,62.37,5277000000.0,,,0.001,-7.32,0.01,80.71,0.366,0.42,1.98,-29.34,11.0195,112528948559.55,,,15.0000000000000,12.4,15.1000000000000,4.5000000000000,1.000,5.0,3.0,0.0,0.0,0.427100000000,0.728200000000,0.954900000000,0.814700000000,0.836500000000,0.203700000000,0.007500000000,0.099300000000,0.003900000000,0.553400000000,0.648600000000,0.440600000000,0.075800000000,0.927300000000,0.949100000000,0.920000000000,0.673300000000,0.730200000000,0.260900000000,0.788000000000,0.755200000000
905b8289d77d9927c13119c6a7cff9e1,کزغال,,,,2233000000.0,36.94581280788177,22.3,,,,2233000000.0,1113000000.0,,,,,,,,,12.26215644820296,2.733837498659392,271826466592.66666,100.62893081761007,723.0433407491707,15.7,9.2,2.2,3.9,0.72,0.0,0.0,0.0,0.0,0.3,0.3,0.5,0.5,0.3,0.5592592592592592,0.16541353383458646,0.3,0.3657587548638132,0.3,0.4980694980694981,0.3,0.8901515151515151,0.0,0.1963636363636364,0.0,0.3,0.3,0.3,0.3,0.3,,,,2233000000.0,36.95,22.3,,,,2233000000.0,,,,,,,,,,12.26,2.7338,271826466592.67,,,15.7000000000000,9.2,2.2000000000000,3.9000000000000,0.720,0.0,0.0,0.0,0.0,0.300000000000,0.300000000000,0.500000000000,0.500000000000,0.300000000000,0.559300000000,0.165400000000,0.300000000000,0.365800000000,0.300000000000,0.498100000000,0.300000000000,0.890200000000,0E-12,0.196400000000,0E-12,0.300000000000,0.300000000000,0.300000000000,0.300000000000,0.300000000000
916d608d7850e7faf40d8efeb0d236a0,کساپا,,,,220100000.0,55.16129032258065,17.36,,,,220100000.0,416066796.0,,,,,,,,,7.59493670886076,2.393203131170474,51740397804.666664,-47.09984019008333,132707700.0,11.3,9.2,1.7,3.1,0.685,0.0,0.0,0.0,0.0,0.3,0.3,0.5,0.5,0.3,0.07777777777777778,0.5639097744360902,0.3,0.23735408560311283,0.3,0.05791505791505792,0.3,0.8901515151515151,0.0,0.15636363636363637,0.0,0.3,0.3,0.3,0.3,0.3,,,,220100000.0,55.16,17.36,,,,220100000.0,,,,,,,,,,7.59,2.3932,51740397804.67,,,11.3000000000000,9.2,1.7000000000000,3.1000000000000,0.685,0.0,0.0,0.0,0.0,0.300000000000,0.300000000000,0.500000000000,0.500000000000,0.300000000000,0.077800000000,0.563900000000,0.300000000000,0.237400000000,0.300000000000,0.057900000000,0.300000000000,0.890200000000,0E-12,0.156400000000,0E-12,0.300000000000,0.300000000000,0.300000000000,0.300000000000,0.300000000000
94bbf9d3a165ab493a448d205002268e,سنیر,,,,3279570000.0,6.863354037267081,26.06,,,,3279570000.0,1258440000.0,,,,,,,,,-11.486486486486488,2.3079783944422805,114063623384.33333,160.60598836654907,111.21495327102804,15.5,9.2,8.0,3.6,0.72,0.0,0.0,0.0,0.0,0.3,0.3,0.5,0.5,0.3,0.21851851851851853,0.6917293233082706,0.3,0.01556420233463035,0.3,0.6640926640926641,0.3,0.5075757575757576,0.0,0.7236363636363636,0.0,0.3,0.3,0.3,0.3,0.3,,,,3279570000.0,6.86,26.06,,,,3279570000.0,,,,,,,,,,-11.49,2.308,114063623384.33,,,15.5000000000000,9.2,8.0000000000000,3.6000000000000,0.720,0.0,0.0,0.0,0.0,0.300000000000,0.300000000000,0.500000000000,0.500000000000,0.300000000000,0.218500000000,0.691700000000,0.300000000000,0.015600000000,0.300000000000,0.664100000000,0.300000000000,0.507600000000,0E-12,0.723600000000,0E-12,0.300000000000,0.300000000000,0.300000000000,0.300000000000,0.300000000000
94e5dd63557afa43251119cb808facf2,پتایر,68164987.0,49499514.0,37.70839649051908,7364622.0,6.694713681523723,39.44,12.256771443086704,11.507297751244547,14.489265824565942,,,7364622.0,0.001,13.548448360642551,16.847054619565093,3.6494997094866513,1.6359982902041679,1.083910612164242,1.1551761669711993,49.97147746719909,6.821273861902241,270087485685.92,,246.8875638384313,14.6,7.3,13.0,4.6,1.0,0.0,0.0,0.0,0.0,0.9583333333333334,0.21359223300970873,0.22556390977443608,0.13793103448275862,0.4423076923076923,0.5481481481481482,0.018796992481203034,0.7163120567375887,0.8949416342412452,0.14563106796116504,0.3,0.1888111888111888,0.7727272727272727,0.9963636363636363,0.7381818181818182,0.9781818181818182,0.0891089108910891,0.2619047619047619,0.7119565217391305,0.21195652173913043,0.6875,68164987.0,49499514.0,37.71,7364622.0,6.69,39.44,12.26,11.51,14.49,,,,0.001,13.55,16.85,3.65,1.636,1.08,1.16,49.97,6.8213,270087485685.92,,,14.6000000000000,7.3,13.0000000000000,4.6000000000000,1.000,0.0,0.0,0.0,0.0,0.958300000000,0.213600000000,0.225600000000,0.137900000000,0.442300000000,0.548100000000,0.018800000000,0.716300000000,0.894900000000,0.145600000000,0.300000000000,0.188800000000,0.772700000000,0.996400000000,0.738200000000,0.978200000000,0.089100000000,0.261900000000,0.712000000000,0.212000000000,0.687500000000
959eac0c9aaf26d5f523b9008fb87bdf,زگلدشت,39825153.0,17969137.0,121.63086073638371,6862599.0,10.39869388289163,35.32,11.370922327178116,18.842635443302814,48.196954249266625,5801600000.0,2199500000.0,6862599.0,0.001,-5.881730825887456,111.1818106193218,7.334185759719608,1.0727032134618386,1.4621393717118125,0.7402257873270196,-0.29732408325074333,2.244023291948096,164747264539.66666,212.00722891566267,6.404147770930951,22.8,0.0,8.5,4.0,1.0,0.0,11.0,0.0,0.0,0.8854166666666666,0.038834951456310676,0.045112781954887216,0.3448275862068966,0.3557692307692307,0.3592592592592593,0.7481203007518797,0.11347517730496454,0.10894941634241245,0.3106796116504854,0.7644787644787645,0.17482517482517482,0.23106060606060605,0.8,0.39636363636363636,0.8472727272727273,0.44554455445544555,0.7619047619047619,0.31521739130434784,0.8315217391304348,0.53125,39825153.0,17969137.0,121.63,6862599.0,10.4,35.32,11.37,18.84,48.2,5801600000.0,,,0.001,-5.88,111.18,7.33,1.073,1.46,0.74,-0.3,2.244,164747264539.67,,,22.8000000000000,0.0,8.5000000000000,4.0000000000000,1.000,0.0,11.0,0.0,0.0,0.885400000000,0.038800000000,0.045100000000,0.344800000000,0.355800000000,0.359300000000,0.748100000000,0.113500000000,0.108900000000,0.310700000000,0.764500000000,0.174800000000,0.231100000000,0.800000000000,0.396400000000,0.847300000000,0.445500000000,0.761900000000,0.315200000000,0.831500000000,0.531300000000
968fb3437a7e5a62ca7b18a26e303df1,غشاذر,51334347.0,26362665.0,94.7236631804865,3366567032.0,9.623217922606925,40.41,14.522533592974835,,,3366567032.0,,,,1.2964139390999332,0.1202108198988453,16.50521791573467,,,,22.331368696791092,3.5833286731588863,130462320158.46153,154.28954423592495,134.90652240756816,21.4,10.8,4.8,3.4,1.0,0.0,0.0,0.0,0.0,0.3,0.3,0.9097744360902256,0.5689655172413793,0.3,0.26666666666666666,0.0714285714285714,0.3333333333333333,0.5797665369649806,0.3,0.637065637065637,0.22377622377622378,0.5568181818181818,0.0,0.43272727272727274,0.0,0.3,0.5714285714285714,0.483695652173913,0.6467391304347826,0.703125,51334347.0,26362665.0,94.72,3366567032.0,9.62,40.41,14.52,,,3366567032.0,,,,1.3,0.12,16.51,,,,22.33,3.5833,130462320158.46,,,21.4000000000000,10.8,4.8000000000000,3.4000000000000,1.000,0.0,0.0,0.0,0.0,0.300000000000,0.300000000000,0.909800000000,0.569000000000,0.300000000000,0.266700000000,0.071400000000,0.333300000000,0.579800000000,0.300000000000,0.637100000000,0.223800000000,0.556800000000,0E-12,0.432700000000,0E-12,0.300000000000,0.571400000000,0.483700000000,0.646700000000,0.703100000000
9690eb40ea60e7030a8c95d739fc573c,کروی,,,,10930000000.0,,10.23,,,,10930000000.0,7770000000.0,,,,,,,,,,2.105053193065994,126075761719.0,40.66924066924067,0.0,10.2,9.2,0.0,4.3,0.43,0.0,0.0,8.0,0.0,0.3,0.3,0.5,0.5,0.3,0.2518518518518518,0.8947368421052632,0.3,0.3,0.3,0.28957528957528955,0.3,0.20833333333333334,0.0,0.0,0.0,0.3,0.3,0.3,0.3,0.3,,,,10930000000.0,,10.23,,,,10930000000.0,,,,,,,,,,,2.1051,126075761719.0,,,10.2000000000000,9.2,0E-13,4.3000000000000,0.430,0.0,0.0,8.0,0.0,0.300000000000,0.300000000000,0.500000000000,0.500000000000,0.300000000000,0.251900000000,0.894700000000,0.300000000000,0.300000000000,0.300000000000,0.289600000000,0.300000000000,0.208300000000,0E-12,0E-12,0E-12,0.300000000000,0.300000000000,0.300000000000,0.300000000000,0.300000000000
9699d9e476a96e2efa79e1d55f75a297,خبهمن,,,,75355611.0,4.6458680942758885,32.06,96.21592329176167,95.17988372195686,21.403435595215655,142850882987.0,,75355611.0,0.001,133.8749485832439,0.4220894770908157,3992.5280612244896,0.2710743994896412,0.010695365270802561,,46.30911188004614,5.9409902334006635,1387236878984.5715,283.33333333333337,1761.2225618817135,22.3,17.6,14.0,6.6,0.53,0.0,0.0,0.0,0.0,0.3020833333333333,0.3,0.8045112781954887,0.8146551724137931,1.0,0.9074074074074074,0.022556390977443663,0.9432624113475178,0.8949416342412452,0.941747572815534,0.8301158301158301,0.9790209790209791,0.8901515151515151,0.9927272727272727,0.8945454545454545,0.730909090909091,0.13861386138613863,0.9484126984126984,0.3,0.3,0.3,,,,75355611.0,4.65,32.06,96.22,95.18,21.4,142850882987.0,,,0.001,133.87,0.42,3992.53,0.271,0.01,,46.31,5.941,1387236878984.57,,,22.3000000000000,17.6,14.0000000000000,6.6000000000000,0.530,0.0,0.0,0.0,0.0,0.302100000000,0.300000000000,0.804500000000,0.814700000000,1.000000000000,0.907400000000,0.022600000000,0.943300000000,0.894900000000,0.941700000000,0.830100000000,0.979000000000,0.890200000000,0.992700000000,0.894500000000,0.730900000000,0.138600000000,0.948400000000,0.300000000000,0.300000000000,0.300000000000
980b075e10e0e4da4ae747bc7b6c3825,غپینو,87206749.0,44454476.0,96.17090751446491,30290477.0,7.093799774070331,56.98,45.81526922501345,39.10769724839141,21.87843082015492,31531461570.0,12056000000.0,30290477.0,0.001,12.639627025098136,0.7305629882423306,36.74969772284543,0.16971330626453984,0.26889642237889727,2.016054082433023,15.384615384615385,2.4671021107244235,426961869380.6667,151.2481502986065,278.5048135297719,23.5,14.4,11.9,7.2,1.0,0.0,0.0,0.0,0.0,0.21875,0.7378640776699029,0.7593984962406015,0.8146551724137931,0.9519230769230769,0.7037037037037037,0.46616541353383456,0.6808510638297872,0.4474708171206226,0.6796116504854369,0.6254826254826255,0.7132867132867133,0.8901515151515151,0.9672727272727273,0.6872727272727273,0.7854545454545454,0.1485148514851485,0.8492063492063492,0.30434782608695654,0.6684782608695652,0.375,87206749.0,44454476.0,96.17,30290477.0,7.09,56.98,45.82,39.11,21.88,31531461570.0,,,0.001,12.64,0.73,36.75,0.17,0.27,2.02,15.38,2.4671,426961869380.67,,,23.5000000000000,14.4,11.9000000000000,7.2000000000000,1.000,0.0,0.0,0.0,0.0,0.218800000000,0.737900000000,0.759400000000,0.814700000000,0.951900000000,0.703700000000,0.466200000000,0.680900000000,0.447500000000,0.679600000000,0.625500000000,0.713300000000,0.890200000000,0.967300000000,0.687300000000,0.785500000000,0.148500000000,0.849200000000,0.304300000000,0.668500000000,0.375000000000
981b4b3afa1c7f609640ac1af6445bfc,فبستم,43377.0,0,,,,3.46,,,,,,,,,,,,,,,,13643148490.0,,,10.8,9.2,0.0,3.1,0.15,0.0,0.0,8.0,0.0,0.3,0.3,0.5,0.5,0.3,0.003703703703703704,0.3,0.3,0.3,0.3,0.3,0.3,0.3,0.0,0.0,0.0,0.3,0.3,0.3,0.3,0.96875,43377.0,0.0,,,,3.46,,,,,,,,,,,,,,,,13643148490.0,,,10.8000000000000,9.2,0E-13,3.1000000000000,0.150,0.0,0.0,8.0,0.0,0.300000000000,0.300000000000,0.500000000000,0.500000000000,0.300000000000,0.003700000000,0.300000000000,0.300000000000,0.300000000000,0.300000000000,0.300000000000,0.300000000000,0.300000000000,0E-12,0E-12,0E-12,0.300000000000,0.300000000000,0.300000000000,0.300000000000,0.968800000000
99739597e0be8c49abb1092f02513a19,پکویر,111249490.0,81094568.0,37.184885182445264,18268897.0,2.6946204484208773,41.93,24.408475367006922,17.13557395693605,53.38028491248538,6943764624.0,9224344696.0,18268897.0,0.001,-0.1351001458179617,1.0112287026389961,5.244226076361288,0.22376474069562055,2.104026165457376,1.16795090270765,-42.94770206022187,18.392414677579147,353842348598.0,98.05089252488618,30.90965022808858,11.6,11.0,15.7,3.7,1.0,0.0,0.0,0.0,0.0,0.25,0.24271844660194175,0.7218045112781954,0.25,0.1923076923076923,0.6518518518518519,0.003759398496240629,0.2695035460992908,0.0,0.2621359223300971,0.4749034749034749,0.43356643356643354,0.2689393939393939,0.9781818181818182,0.9745454545454545,0.9927272727272727,0.5445544554455446,0.1746031746031746,0.42934782608695654,0.20108695652173914,0.8958333333333334,111249490.0,81094568.0,37.18,18268897.0,2.69,41.93,24.41,17.14,53.38,6943764624.0,,,0.001,-0.14,1.01,5.24,0.224,2.1,1.17,-42.95,18.3924,353842348598.0,,,11.6000000000000,11.0,15.7000000000000,3.7000000000000,1.000,0.0,0.0,0.0,0.0,0.250000000000,0.242700000000,0.721800000000,0.250000000000,0.192300000000,0.651900000000,0.003800000000,0.269500000000,0E-12,0.262100000000,0.474900000000,0.433600000000,0.268900000000,0.978200000000,0.974500000000,0.992700000000,0.544600000000,0.174600000000,0.429300000000,0.201100000000,0.895800000000
99775fd5c264517e465c66d684aefc15,کاذر,12048061.0,7666478.0,57.15248905690462,2443000000.0,8.203029062627916,35.26,,,,2443000000.0,1849000000.0,,,,,,,,,52.40147783251231,2.1416627853536077,266691987437.56668,32.125473228772314,87.42547498625062,13.9,9.2,6.2,6.0,1.0,0.0,0.0,0.0,0.0,0.3,0.3,0.5,0.5,0.3,0.5407407407407407,0.8571428571428572,0.3,0.8949416342412452,0.3,0.25096525096525096,0.3,0.4356060606060606,0.0,0.56,0.0,0.3,0.3,0.6684782608695652,0.3695652173913043,0.5729166666666666,12048061.0,7666478.0,57.15,2443000000.0,8.2,35.26,,,,2443000000.0,,,,,,,,,,52.4,2.1417,266691987437.57,,,13.9000000000000,9.2,6.2000000000000,6.0000000000000,1.000,0.0,0.0,0.0,0.0,0.300000000000,0.300000000000,0.500000000000,0.500000000000,0.300000000000,0.540700000000,0.857100000000,0.300000000000,0.894900000000,0.300000000000,0.251000000000,0.300000000000,0.435600000000,0E-12,0.560000000000,0E-12,0.300000000000,0.300000000000,0.668500000000,0.369600000000,0.572900000000
9a36b759bdba7d3f32786da29cb90020,فولاژ,,,,23316000000.0,15.796019900497512,16.07,10.07252827242403,,,23316000000.0,24672000000.0,,,-4.961172452848672,21.74784817701155,2.3885808619550497,,,,36.853448275862064,2.4598827630875455,217680947105.66666,-5.496108949416342,59.21349945868438,11.9,2.5,3.4,4.6,0.72,0.0,3.2,0.0,0.0,0.3,0.3,0.18796992481203012,0.06896551724137931,0.3,0.45555555555555555,0.49248120300751874,0.1347517730496454,0.7509727626459144,0.3,0.11969111969111969,0.16783216783216784,0.3560606060606061,0.0,0.3054545454545454,0.0,0.3,0.8253968253968254,0.3,0.3,0.3,,,,23316000000.0,15.8,16.07,10.07,,,23316000000.0,,,,-4.96,21.75,2.39,,,,36.85,2.4599,217680947105.67,,,11.9000000000000,2.5,3.4000000000000,4.6000000000000,0.720,0.0,3.2,0.0,0.0,0.300000000000,0.300000000000,0.188000000000,0.069000000000,0.300000000000,0.455600000000,0.492500000000,0.134800000000,0.751000000000,0.300000000000,0.119700000000,0.167800000000,0.356100000000,0E-12,0.305500000000,0E-12,0.300000000000,0.825400000000,0.300000000000,0.300000000000,0.300000000000
9a98774de11b0af3874a6f2b69db1b58,انرژی,2787356.0,1559324.0,78.75412678827492,2115086.0,42.04476973479363,37.4,29.950937856660143,86.36758427643036,30.0036329162927,2128950000.0,1417500000.0,2115086.0,0.001,17.613278402739496,96.61944335341263,,0.4530312242622759,0.10334802813219163,11.448838742765037,18.15269620928991,2.663542347713173,961363199946.3334,49.212416225749564,181.68762597493645,19.4,5.0,5.3,7.6,1.0,0.0,7.7,0.0,0.0,0.4791666666666667,1.0,0.06766917293233088,0.5,0.9903846153846154,0.8481481481481481,0.21052631578947367,0.8014184397163121,0.5136186770428015,0.941747572815534,0.305019305019305,0.5454545454545454,0.6590909090909091,0.6799999999999999,0.17818181818181822,0.6545454545454545,0.26732673267326734,0.4523809523809524,0.9456521739130435,0.5163043478260869,0.1875,2787356.0,1559324.0,78.75,2115086.0,42.04,37.4,29.95,86.37,30.0,2128950000.0,,,0.001,17.61,96.62,,0.453,0.1,11.45,18.15,2.6635,961363199946.33,,,19.4000000000000,5.0,5.3000000000000,7.6000000000000,1.000,0.0,7.7,0.0,0.0,0.479200000000,1.000000000000,0.067700000000,0.500000000000,0.990400000000,0.848100000000,0.210500000000,0.801400000000,0.513600000000,0.941700000000,0.305000000000,0.545500000000,0.659100000000,0.680000000000,0.178200000000,0.654500000000,0.267300000000,0.452400000000,0.945700000000,0.516300000000,0.187500000000
9ae2b0971dcfcf7effbe2ee13d292a7b,حفارس,26909262.0,25411983.0,5.892019524804499,2933405.0,59.69207570496857,15.83,2.3830072376898617,10.007294457126864,12.702424793234115,3465972342.0,1066464306.0,2933405.0,0.001,-0.2515586675062367,443.6367160996413,0.6930407078287238,0.32654168108392806,0.34360255984557925,1.1974899212511296,78.65612648221344,1.6470035116311408,297697787200.3333,175.05890103367415,-31.5505132360886,4.3,0.0,5.2,7.7,0.92,5.0,12.0,0.0,0.0,0.375,0.27184466019417475,0.011278195488721776,0.017241379310344827,0.8942307692307693,0.5925925925925926,0.981203007518797,0.2553191489361702,0.8949416342412452,0.0970873786407767,0.7181467181467182,0.0979020979020979,0.13636363636363635,0.730909090909091,0.14909090909090905,0.7054545454545454,0.06930693069306931,0.047619047619047616,0.11956521739130435,0.04891304347826087,0.7135416666666666,26909262.0,25411983.0,5.89,2933405.0,59.69,15.83,2.38,10.01,12.7,3465972342.0,,,0.001,-0.25,443.64,0.69,0.327,0.34,1.2,78.66,1.647,297697787200.33,,,4.3000000000000,0.0,5.2000000000000,7.7000000000000,0.920,5.0,12.0,0.0,0.0,0.375000000000,0.271800000000,0.011300000000,0.017200000000,0.894200000000,0.592600000000,0.981200000000,0.255300000000,0.894900000000,0.097100000000,0.718100000000,0.097900000000,0.136400000000,0.730900000000,0.149100000000,0.705500000000,0.069300000000,0.047600000000,0.119600000000,0.048900000000,0.713500000000
9b49ee65d0f95a940c84528303ae18e9,حپارسا,20624299.0,12073275.0,70.82605175480555,4816500000.0,8.256410256410257,37.01,,,,4816500000.0,791550000.0,,,,,,,,,12.46641590542719,2.4956051514978266,81725911704.33333,508.4896721622134,247.7967624438285,21.7,9.2,6.1,3.2,0.92,0.0,0.0,0.0,0.0,0.3,0.3,0.5,0.5,0.3,0.13333333333333333,0.4323308270676691,0.3,0.3735408560311284,0.3,0.918918918918919,0.3,0.7765151515151515,0.0,0.5527272727272727,0.0,0.3,0.3,0.41847826086956524,0.46195652173913043,0.40625,20624299.0,12073275.0,70.83,4816500000.0,8.26,37.01,,,,4816500000.0,,,,,,,,,,12.47,2.4956,81725911704.33,,,21.7000000000000,9.2,6.1000000000000,3.2000000000000,0.920,0.0,0.0,0.0,0.0,0.300000000000,0.300000000000,0.500000000000,0.500000000000,0.300000000000,0.133300000000,0.432300000000,0.300000000000,0.373500000000,0.300000000000,0.918900000000,0.300000000000,0.776500000000,0E-12,0.552700000000,0E-12,0.300000000000,0.300000000000,0.418500000000,0.462000000000,0.406300000000
9b6c775a14118735ecb3d0efbf6b7a8e,شمواد,55967629.0,25384256.0,120.48165997065267,12160666.0,7.11162247009523,62.74,26.812661190056357,26.130050994213327,61.86531935179074,14712543840.0,1192908960.0,12160666.0,0.001,15.209091478152137,0.25831860966379416,,-0.12949397672791935,0.39864800138904455,2.0587549552468474,48.97260273972603,2.338204240912955,254812022934.66666,919.4127471387254,1352.0105045931712,28.7,15.2,11.7,7.2,1.0,0.0,0.0,0.0,0.0,0.0625,0.7669902912621359,0.887218045112782,0.5,0.8653846153846154,0.5259259259259259,0.650375939849624,0.7588652482269503,0.8949416342412452,0.42718446601941745,0.918918918918919,0.5104895104895105,0.8901515151515151,0.8181818181818181,0.6799999999999999,0.8581818181818182,0.6633663366336634,0.4603174603174603,0.7608695652173914,0.8206521739130435,0.11458333333333333,55967629.0,25384256.0,120.48,12160666.0,7.11,62.74,26.81,26.13,61.87,14712543840.0,,,0.001,15.21,0.26,,-0.129,0.4,2.06,48.97,2.3382,254812022934.67,,,28.7000000000000,15.2,11.7000000000000,7.2000000000000,1.000,0.0,0.0,0.0,0.0,0.062500000000,0.767000000000,0.887200000000,0.500000000000,0.865400000000,0.525900000000,0.650400000000,0.758900000000,0.894900000000,0.427200000000,0.918900000000,0.510500000000,0.890200000000,0.818200000000,0.680000000000,0.858200000000,0.663400000000,0.460300000000,0.760900000000,0.820700000000,0.114600000000
9bd78c98b11a21d9cff6e5172cad1d14,خزامیا,325134280.0,293024334.0,10.958115853954983,4847863360.0,33.725282884210664,23.77,,,,4847863360.0,30714792480.0,,,,,,,,,34.493192133131615,2.4195311777238753,1519272879240.2334,-84.21651924506182,113.29257444910972,6.3,9.2,2.2,6.0,1.0,0.0,0.0,0.0,0.0,0.3,0.3,0.5,0.5,0.3,0.9296296296296296,0.5413533834586466,0.3,0.7237354085603113,0.3,0.02702702702702703,0.3,0.5189393939393939,0.0,0.20363636363636362,0.0,0.3,0.3,0.20108695652173914,0.07608695652173914,0.19791666666666666,325134280.0,293024334.0,10.96,4847863360.0,33.73,23.77,,,,4847863360.0,,,,,,,,,,34.49,2.4195,1519272879240.23,,,6.3000000000000,9.2,2.2000000000000,6.0000000000000,1.000,0.0,0.0,0.0,0.0,0.300000000000,0.300000000000,0.500000000000,0.500000000000,0.300000000000,0.929600000000,0.541400000000,0.300000000000,0.723700000000,0.300000000000,0.027000000000,0.300000000000,0.518900000000,0E-12,0.203600000000,0E-12,0.300000000000,0.300000000000,0.201100000000,0.076100000000,0.197900000000
9bef79cc77bbecdafa3e66106bb8253b,زپارس,25984284.0,11533945.0,125.28531218069794,5173920720.0,10.40992448759439,40.29,,,,5173920720.0,-478601620.0,,,,,,,,,45.329775066717495,3.9846818577357266,104229771708.0,1181.0495626822158,119.59475306211289,27.5,9.2,4.3,2.8,0.92,0.0,0.0,0.0,0.0,0.3,0.3,0.5,0.5,0.3,0.18888888888888888,0.05639097744360899,0.3,0.8949416342412452,0.3,0.918918918918919,0.3,0.5340909090909091,0.0,0.3927272727272727,0.0,0.3,0.3,0.9456521739130435,0.842391304347826,0.046875,25984284.0,11533945.0,125.29,5173920720.0,10.41,40.29,,,,5173920720.0,,,,,,,,,,45.33,3.9847,104229771708.0,,,27.5000000000000,9.2,4.3000000000000,2.8000000000000,0.920,0.0,0.0,0.0,0.0,0.300000000000,0.300000000000,0.500000000000,0.500000000000,0.300000000000,0.188900000000,0.056400000000,0.300000000000,0.894900000000,0.300000000000,0.918900000000,0.300000000000,0.534100000000,0E-12,0.392700000000,0E-12,0.300000000000,0.300000000000,0.945700000000,0.842400000000,0.046900000000
9ec90a47014c21843c4239f7a99a76f1,9ec90a47014c21843c4239f7a99a76f1,313231860.0,191104113.0,63.906393788604646,103883491.0,,25.04,44.067690145603734,34.31684116679589,135.18414218895046,103884000000.0,56826000000.0,103883491.0,0.001,42.69440525680422,3.6425208295311657,51.03720592879477,0.9513118210476773,2.5763028913117894,1.236719274264476,,,,82.80978953296027,1477.240076214467,17.5,19.8,0.0,1.8,0.64,0.0,0.0,8.0,0.0,0.8229166666666666,0.2912621359223301,0.5112781954887218,0.8146551724137931,0.125,0.0,0.3,0.9432624113475178,0.3,0.6116504854368932,0.4362934362934363,0.6923076923076923,0.8901515151515151,0.0,0.0,0.0,0.9405940594059405,0.8571428571428571,0.03804347826086957,0.41847826086956524,0.057291666666666664,313231860.0,191104113.0,63.91,103883491.0,,25.04,44.07,34.32,135.18,103884000000.0,,,0.001,42.69,3.64,51.04,0.951,2.58,1.24,,,,,,17.5000000000000,19.8,0E-13,1.8000000000000,0.640,0.0,0.0,8.0,0.0,0.822900000000,0.291300000000,0.511300000000,0.814700000000,0.125000000000,0E-12,0.300000000000,0.943300000000,0.300000000000,0.611700000000,0.436300000000,0.692300000000,0.890200000000,0E-12,0E-12,0E-12,0.940600000000,0.857100000000,0.038000000000,0.418500000000,0.057300000000
9f4709224be63e56349d1cc368e5f005,ارفع,420825276.0,217883264.0,93.14254260483264,80898071.0,5.638870149700642,60.68,21.10990809969227,21.15414799535428,101.13934121763093,81808000000.0,21828000000.0,80898071.0,0.001,14.018898534667422,1.3472558970892894,44.089528739956314,1.2379975784589474,2.5860234549600207,0.9522868108544494,12.259059367771782,5.358818532945594,472644807600.0,270.61604819497893,419.98833435270893,26.2,17.5,13.4,3.6,1.0,0.0,0.0,0.0,0.0,0.9166666666666666,0.10679611650485436,0.6842105263157895,0.8146551724137931,0.11538461538461542,0.7222222222222222,0.03759398496240607,0.7375886524822695,0.36186770428015563,0.3592233009708738,0.8185328185328186,0.35664335664335667,0.8901515151515151,0.7745454545454545,0.8218181818181818,0.9309090909090909,0.900990099009901,0.7857142857142857,0.5652173913043478,0.625,0.546875,420825276.0,217883264.0,93.14,80898071.0,5.64,60.68,21.11,21.15,101.14,81808000000.0,,,0.001,14.02,1.35,44.09,1.238,2.59,0.95,12.26,5.3588,472644807600.0,,,26.2000000000000,17.5,13.4000000000000,3.6000000000000,1.000,0.0,0.0,0.0,0.0,0.916700000000,0.106800000000,0.684200000000,0.814700000000,0.115400000000,0.722200000000,0.037600000000,0.737600000000,0.361900000000,0.359200000000,0.818500000000,0.356600000000,0.890200000000,0.774500000000,0.821800000000,0.930900000000,0.901000000000,0.785700000000,0.565200000000,0.625000000000,0.546900000000
9f5edea13cb3cb346e5895e3fb55faf7,حریل,,,,96330000.0,153.68421052631578,16.24,,,,96330000.0,953160000.0,,,,0.22667873097742988,20.494879333182567,,,,31.626235399820306,2.529756428202782,44521354663.63333,-89.8936170212766,20.02663987542831,7.7,11.7,0.0,3.1,0.72,0.0,0.0,8.0,0.0,0.3,0.3,0.8947368421052632,0.8146551724137931,0.3,0.05555555555555555,0.36466165413533835,0.3,0.688715953307393,0.3,0.023166023166023165,0.3,0.24242424242424243,0.0,0.0,0.0,0.3,0.3,0.3,0.3,0.3,,,,96330000.0,153.68,16.24,,,,96330000.0,,,,,0.23,20.49,,,,31.63,2.5298,44521354663.63,,,7.7000000000000,11.7,0E-13,3.1000000000000,0.720,0.0,0.0,8.0,0.0,0.300000000000,0.300000000000,0.894700000000,0.814700000000,0.300000000000,0.055600000000,0.364700000000,0.300000000000,0.688700000000,0.300000000000,0.023200000000,0.300000000000,0.242400000000,0E-12,0E-12,0E-12,0.300000000000,0.300000000000,0.300000000000,0.300000000000,0.300000000000
a09b97e4613ee9786a2d838cfdde6353,شکام,109427479.0,67206417.0,62.822962277545614,21891910.0,8.171474845260155,51.18,31.286473535812004,24.15504975241303,50.63539681364839,22012200000.0,8443200000.0,21891910.0,0.001,4.063964194279226,0.3967356474776313,4.830880931846757,0.22350480154541108,1.1909481570231113,1.473062411874757,42.83727399165508,2.6332447710872895,961777205870.6666,159.2845129808603,136.29092179100354,22.0,12.7,10.5,6.0,1.0,0.0,0.0,0.0,0.0,0.23958333333333334,0.46601941747572817,0.8270676691729324,0.21551724137931033,0.41346153846153844,0.8518518518518519,0.2443609022556391,0.48226950354609927,0.8949416342412452,0.39805825242718446,0.6602316602316602,0.5734265734265734,0.5606060606060606,0.8363636363636364,0.5709090909090909,0.8436363636363636,0.49504950495049505,0.6746031746031746,0.8532608695652174,0.4076086956521739,0.2916666666666667,109427479.0,67206417.0,62.82,21891910.0,8.17,51.18,31.29,24.16,50.64,22012200000.0,,,0.001,4.06,0.4,4.83,0.224,1.19,1.47,42.84,2.6332,961777205870.67,,,22.0000000000000,12.7,10.5000000000000,6.0000000000000,1.000,0.0,0.0,0.0,0.0,0.239600000000,0.466000000000,0.827100000000,0.215500000000,0.413500000000,0.851900000000,0.244400000000,0.482300000000,0.894900000000,0.398100000000,0.660200000000,0.573400000000,0.560600000000,0.836400000000,0.570900000000,0.843600000000,0.495000000000,0.674600000000,0.853300000000,0.407600000000,0.291700000000
a0a860bea50008bf8d2189168b782225,آریا,610508732.0,579306779.0,5.386084563667777,167692910640.0,9.389478863422035,21.81,,,,167692910640.0,128576712000.0,,,,,,,,,52.0079654829074,2.0209138295064233,387162666253.6667,30.422459893048128,-49.24925736119439,1.5,9.2,4.9,6.2,1.0,5.0,0.0,0.0,0.0,0.3,0.3,0.5,0.5,0.3,0.6592592592592592,0.9135338345864662,0.3,0.8949416342412452,0.3,0.24324324324324326,0.3,0.125,0.0,0.4436363636363636,0.0,0.3,0.3,0.25,0.043478260869565216,0.3385416666666667,610508732.0,579306779.0,5.39,167692910640.0,9.39,21.81,,,,167692910640.0,,,,,,,,,,52.01,2.0209,387162666253.67,,,1.5000000000000,9.2,4.9000000000000,6.2000000000000,1.000,5.0,0.0,0.0,0.0,0.300000000000,0.300000000000,0.500000000000,0.500000000000,0.300000000000,0.659300000000,0.913500000000,0.300000000000,0.894900000000,0.300000000000,0.243200000000,0.300000000000,0.125000000000,0E-12,0.443600000000,0E-12,0.300000000000,0.300000000000,0.250000000000,0.043500000000,0.338500000000
a207ae2effa153c9cd7977e7399b33d9,ستران,,,,48467000000.0,4.636969484391441,25.01,,,,48467000000.0,30243000000.0,,,,,,,,,3.278688524590164,2.4989861960265696,319140421316.3333,60.258572231590776,39.37862551655055,11.3,9.2,9.9,4.4,0.72,0.0,0.0,0.0,0.0,0.3,0.3,0.5,0.5,0.3,0.6222222222222222,0.42105263157894735,0.3,0.1556420233463035,0.3,0.3474903474903475,0.3,0.30303030303030304,0.0,0.8981818181818182,0.0,0.3,0.3,0.3,0.3,0.3,,,,48467000000.0,4.64,25.01,,,,48467000000.0,,,,,,,,,,3.28,2.499,319140421316.33,,,11.3000000000000,9.2,9.9000000000000,4.4000000000000,0.720,0.0,0.0,0.0,0.0,0.300000000000,0.300000000000,0.500000000000,0.500000000000,0.300000000000,0.622200000000,0.421100000000,0.300000000000,0.155600000000,0.300000000000,0.347500000000,0.300000000000,0.303000000000,0E-12,0.898200000000,0E-12,0.300000000000,0.300000000000,0.300000000000,0.300000000000,0.300000000000
a274374c43fbb39b5ca1f9afddfea99a,فاراک,21592058.0,20095080.0,7.449475194923334,20222924344.0,3.8725622955334535,37.09,,,,20222924344.0,9361445929.0,,,,,,,,,4.663581345674618,2.388094690671903,967074365008.8334,116.02351279253969,128.10304247403002,12.0,9.2,10.3,5.5,1.0,0.0,0.0,0.0,0.0,0.3,0.3,0.5,0.5,0.3,0.8555555555555555,0.575187969924812,0.3,0.1828793774319066,0.3,0.5444015444015444,0.3,0.5492424242424242,0.0,0.9381818181818182,0.0,0.3,0.3,0.29347826086956524,0.059782608695652176,0.4166666666666667,21592058.0,20095080.0,7.45,20222924344.0,3.87,37.09,,,,20222924344.0,,,,,,,,,,4.66,2.3881,967074365008.83,,,12.0000000000000,9.2,10.3000000000000,5.5000000000000,1.000,0.0,0.0,0.0,0.0,0.300000000000,0.300000000000,0.500000000000,0.500000000000,0.300000000000,0.855600000000,0.575200000000,0.300000000000,0.182900000000,0.300000000000,0.544400000000,0.300000000000,0.549200000000,0E-12,0.938200000000,0E-12,0.300000000000,0.300000000000,0.293500000000,0.059800000000,0.416700000000
a2affb7dd71d9fab5ed7047d8e8f9a93,سپید,,,,15481993000.0,28.87331753734807,25.02,,,,15481993000.0,-513000000.0,,,,,,,,,19.367478309543802,2.43059427368887,1388630879914.6667,3117.932358674464,62.10965119768856,17.4,9.2,2.4,5.8,0.72,0.0,0.0,0.0,0.0,0.3,0.3,0.5,0.5,0.3,0.9111111111111111,0.518796992481203,0.3,0.5291828793774319,0.3,0.918918918918919,0.3,0.3731060606060606,0.0,0.21818181818181814,0.0,0.3,0.3,0.3,0.3,0.3,,,,15481993000.0,28.87,25.02,,,,15481993000.0,,,,,,,,,,19.37,2.4306,1388630879914.67,,,17.4000000000000,9.2,2.4000000000000,5.8000000000000,0.720,0.0,0.0,0.0,0.0,0.300000000000,0.300000000000,0.500000000000,0.500000000000,0.300000000000,0.911100000000,0.518800000000,0.300000000000,0.529200000000,0.300000000000,0.918900000000,0.300000000000,0.373100000000,0E-12,0.218200000000,0E-12,0.300000000000,0.300000000000,0.300000000000,0.300000000000,0.300000000000
a36b1b9ab2e49cbbd170e60080fa4676,حکشتی,,,,238380000000.0,4.330900243309002,30.22,30.97737990946683,28.31132746119681,,238380000000.0,-7494500000.0,,0.001,-3.3441711121979303,10.78960829849953,19.69014592397416,,1.9415262624643164,1.4314007140865324,5.213270142180095,2.6172997899843926,1148413075002.0,3280.732537193942,40.99844126964683,17.1,7.1,12.7,5.1,0.72,0.0,3.0,0.0,0.0,0.3,0.44660194174757284,0.2706766917293233,0.6206896551724138,0.24038461538461542,0.8962962962962963,0.27819548872180455,0.1773049645390071,0.19066147859922178,0.4854368932038835,0.918918918918919,0.5594405594405595,0.3106060606060606,0.0,0.9090909090909091,0.9163636363636364,0.3,0.30158730158730157,0.3,0.3,0.3,,,,238380000000.0,4.33,30.22,30.98,28.31,,238380000000.0,,,0.001,-3.34,10.79,19.69,,1.94,1.43,5.21,2.6173,1148413075002.0,,,17.1000000000000,7.1,12.7000000000000,5.1000000000000,0.720,0.0,3.0,0.0,0.0,0.300000000000,0.446600000000,0.270700000000,0.620700000000,0.240400000000,0.896300000000,0.278200000000,0.177300000000,0.190700000000,0.485400000000,0.918900000000,0.559400000000,0.310600000000,0E-12,0.909100000000,0.916400000000,0.300000000000,0.301600000000,0.300000000000,0.300000000000,0.300000000000
a4c5e155e0d31a9e8e3eaf65bf32f899,فپنتا,,,,,,20.55,,,,,,,,,,,,,,43.48363187152564,2.725307723960569,162104254014.66666,316.66666666666663,,17.0,9.2,0.0,3.8,0.685,0.0,0.0,8.0,0.0,0.3,0.3,0.5,0.5,0.3,0.35555555555555557,0.17293233082706772,0.3,0.8949416342412452,0.3,0.918918918918919,0.3,0.3,0.0,0.0,0.0,0.3,0.3,0.3,0.3,0.3,,,,,,20.55,,,,,,,,,,,,,,43.48,2.7253,162104254014.67,,,17.0000000000000,9.2,0E-13,3.8000000000000,0.685,0.0,0.0,8.0,0.0,0.300000000000,0.300000000000,0.500000000000,0.500000000000,0.300000000000,0.355600000000,0.172900000000,0.300000000000,0.894900000000,0.300000000000,0.918900000000,0.300000000000,0.300000000000,0E-12,0E-12,0E-12,0.300000000000,0.300000000000,0.300000000000,0.300000000000,0.300000000000
a6ad819831020eba3d6400887affac3f,ساربیل,35739364.0,21084561.0,69.50489981745412,4249440000.0,27.88885123686886,28.8,,,,4249440000.0,4386240000.0,,,,,,,,,-0.5743614811193939,2.2298319237269046,38444924467.69231,-3.118844386080105,57.283323576360345,13.7,9.2,2.4,3.5,1.0,0.0,0.0,0.0,0.0,0.3,0.3,0.5,0.5,0.3,0.040740740740740744,0.7631578947368421,0.3,0.08560311284046693,0.3,0.13127413127413126,0.3,0.3484848484848485,0.0,0.2218181818181818,0.0,0.3,0.3,0.7663043478260869,0.45108695652173914,0.5625,35739364.0,21084561.0,69.5,4249440000.0,27.89,28.8,,,,4249440000.0,,,,,,,,,,-0.57,2.2298,38444924467.69,,,13.7000000000000,9.2,2.4000000000000,3.5000000000000,1.000,0.0,0.0,0.0,0.0,0.300000000000,0.300000000000,0.500000000000,0.500000000000,0.300000000000,0.040700000000,0.763200000000,0.300000000000,0.085600000000,0.300000000000,0.131300000000,0.300000000000,0.348500000000,0E-12,0.221800000000,0E-12,0.300000000000,0.300000000000,0.766300000000,0.451100000000,0.562500000000
a7c92003e95722cea2d38ba5306603b9,فباهنر,244173913.0,209323439.0,16.649102540303666,26285067.0,11.375176078912972,31.41,17.99774582413095,10.847887906957261,42.93965203010103,28787081772.0,24067082028.0,26285067.0,0.001,-1.1688950308948023,11.41826984337085,2.233478935417355,0.37294008038861,2.6653070533422163,1.2479782919627866,11.365719523373052,2.622152212445895,794297475362.3334,9.215844984529335,72.80488634862341,11.8,6.7,8.4,4.5,1.0,0.0,0.0,0.0,0.0,0.4375,0.32038834951456313,0.26315789473684215,0.05172413793103448,0.10576923076923073,0.8148148148148148,0.26691729323308266,0.2198581560283688,0.32684824902723736,0.1262135922330097,0.16216216216216217,0.3076923076923077,0.4128787878787879,0.8036363636363637,0.37090909090909085,0.9127272727272727,0.36633663366336633,0.42857142857142855,0.8260869565217391,0.09782608695652174,0.390625,244173913.0,209323439.0,16.65,26285067.0,11.38,31.41,18.0,10.85,42.94,28787081772.0,,,0.001,-1.17,11.42,2.23,0.373,2.67,1.25,11.37,2.6222,794297475362.33,,,11.8000000000000,6.7,8.4000000000000,4.5000000000000,1.000,0.0,0.0,0.0,0.0,0.437500000000,0.320400000000,0.263200000000,0.051700000000,0.105800000000,0.814800000000,0.266900000000,0.219900000000,0.326800000000,0.126200000000,0.162200000000,0.307700000000,0.412900000000,0.803600000000,0.370900000000,0.912700000000,0.366300000000,0.428600000000,0.826100000000,0.097800000000,0.390600000000
a7e6b6cc7c33c4988937ed9c579b01fa,دتماد,,,,15987790000.0,9.523767825321698,24.4,,,,15987790000.0,6573710000.0,,,,,,,,,24.81064952949277,2.627929315240665,285622233532.0,143.20802104139062,168.19432202015358,15.5,9.2,4.8,4.4,0.72,0.0,0.0,0.0,0.0,0.3,0.3,0.5,0.5,0.3,0.5814814814814815,0.2556390977443609,0.3,0.6303501945525292,0.3,0.6023166023166023,0.3,0.6287878787878788,0.0,0.43999999999999995,0.0,0.3,0.3,0.3,0.3,0.3,,,,15987790000.0,9.52,24.4,,,,15987790000.0,,,,,,,,,,24.81,2.6279,285622233532.0,,,15.5000000000000,9.2,4.8000000000000,4.4000000000000,0.720,0.0,0.0,0.0,0.0,0.300000000000,0.300000000000,0.500000000000,0.500000000000,0.300000000000,0.581500000000,0.255600000000,0.300000000000,0.630400000000,0.300000000000,0.602300000000,0.300000000000,0.628800000000,0E-12,0.440000000000,0E-12,0.300000000000,0.300000000000,0.300000000000,0.300000000000,0.300000000000
a80a3880494d31e82b13fd0d040e0f72,عالیس,35381586.0,18239433.0,93.9840235165205,27832707.0,4.283423655607063,53.09,29.61907667508296,24.092595381016597,45.87906830735445,28080000000.0,14452000000.0,27832707.0,0.001,13.416946687936502,0.26393633840710534,27.717391081296824,0.6459898061658178,0.8086361987302443,2.1532656134066217,6.884057971014493,1.8911793178551186,347560354363.3333,92.58723360088568,111.67479975526963,15.6,15.6,14.8,7.1,1.0,0.0,0.0,0.0,0.0,0.65625,0.7961165048543689,0.8721804511278195,0.8146551724137931,0.5288461538461539,0.6407407407407407,0.9548872180451128,0.7092198581560284,0.22178988326848248,0.3883495145631068,0.4555984555984556,0.5384615384615384,0.5113636363636364,0.9454545454545454,0.9127272727272727,0.9490909090909091,0.4158415841584158,0.3333333333333333,0.07608695652173914,0.6358695652173914,0.4427083333333333,35381586.0,18239433.0,93.98,27832707.0,4.28,53.09,29.62,24.09,45.88,28080000000.0,,,0.001,13.42,0.26,27.72,0.646,0.81,2.15,6.88,1.8912,347560354363.33,,,15.6000000000000,15.6,14.8000000000000,7.1000000000000,1.000,0.0,0.0,0.0,0.0,0.656300000000,0.796100000000,0.872200000000,0.814700000000,0.528800000000,0.640700000000,0.954900000000,0.709200000000,0.221800000000,0.388300000000,0.455600000000,0.538500000000,0.511400000000,0.945500000000,0.912700000000,0.949100000000,0.415800000000,0.333300000000,0.076100000000,0.635900000000,0.442700000000
a9e76ebf3cf2f1c17cdfa0b9442e427c,فرآور,,,,1505000000.0,25.980066445182725,18.76,,,,1505000000.0,4701180000.0,,,,,,,,,48.669201520912544,2.138245231323304,87098790965.18518,-67.98676077070013,156786800.0,11.1,9.2,2.5,4.6,0.685,0.0,0.0,0.0,0.0,0.3,0.3,0.5,0.5,0.3,0.14814814814814814,0.8646616541353384,0.3,0.8949416342412452,0.3,0.03861003861003861,0.3,0.8901515151515151,0.0,0.22545454545454546,0.0,0.3,0.3,0.3,0.3,0.3,,,,1505000000.0,25.98,18.76,,,,1505000000.0,,,,,,,,,,48.67,2.1382,87098790965.19,,,11.1000000000000,9.2,2.5000000000000,4.6000000000000,0.685,0.0,0.0,0.0,0.0,0.300000000000,0.300000000000,0.500000000000,0.500000000000,0.300000000000,0.148100000000,0.864700000000,0.300000000000,0.894900000000,0.300000000000,0.038600000000,0.300000000000,0.890200000000,0E-12,0.225500000000,0E-12,0.300000000000,0.300000000000,0.300000000000,0.300000000000,0.300000000000
ad2a49a7dc0223ba81462651415c6507,فنورد,,,,10020384000.0,7.613025608599431,27.47,,,,10020384000.0,3725568000.0,,,,,,,,,38.967136150234744,2.3473702827511094,226867449791.66666,168.9625850340136,244.63971880492093,17.1,9.2,6.8,5.0,0.72,0.0,0.0,0.0,0.0,0.3,0.3,0.5,0.5,0.3,0.48148148148148145,0.6466165413533835,0.3,0.7859922178988327,0.3,0.6988416988416989,0.3,0.7689393939393939,0.0,0.6181818181818182,0.0,0.3,0.3,0.3,0.3,0.3,,,,10020384000.0,7.61,27.47,,,,10020384000.0,,,,,,,,,,38.97,2.3474,226867449791.67,,,17.1000000000000,9.2,6.8000000000000,5.0000000000000,0.720,0.0,0.0,0.0,0.0,0.300000000000,0.300000000000,0.500000000000,0.500000000000,0.300000000000,0.481500000000,0.646600000000,0.300000000000,0.786000000000,0.300000000000,0.698800000000,0.300000000000,0.768900000000,0E-12,0.618200000000,0E-12,0.300000000000,0.300000000000,0.300000000000,0.300000000000,0.300000000000
add4a2f41440b06319f3e7d8d553f2e4,فاذر,,,,-2392694700.0,,3.53,-14.034864299290298,,,-2392694700.0,924450225.0,,,-19.243130234115185,0.12493559433321326,,,,,16.18900077459334,2.7647597778228663,414717518306.5333,-358.8235294117647,-104.83961718977352,0.6,0.0,0.0,4.3,0.72,5.0,13.0,8.0,0.0,0.3,0.3,0.9022556390977443,0.5,0.3,0.6814814814814815,0.13157894736842102,0.028368794326241134,0.47470817120622566,0.3,0.005791505791505791,0.006993006993006993,0.04924242424242424,0.0,0.0,0.0,0.3,0.10317460317460317,0.3,0.3,0.3,,,,-2392694700.0,,3.53,-14.03,,,-2392694700.0,,,,-19.24,0.12,,,,,16.19,2.7648,414717518306.53,,,0.6000000000000,0.0,0E-13,4.3000000000000,0.720,5.0,13.0,8.0,0.0,0.300000000000,0.300000000000,0.902300000000,0.500000000000,0.300000000000,0.681500000000,0.131600000000,0.028400000000,0.474700000000,0.300000000000,0.005800000000,0.007000000000,0.049200000000,0E-12,0E-12,0E-12,0.300000000000,0.103200000000,0.300000000000,0.300000000000,0.300000000000
adf177e179510f1d911eeb2ff2905d2c,فسرب,12182721.0,12713948.0,-4.17830087082313,-607987.0,-47.90375536453988,11.89,-6.83004470683182,-6.065195260068265,-5.40107288210787,,,-607987.0,0.001,34.24999780519765,0.7607083692695242,,,0.7962538494571539,1.055278382084057,48.52607709750567,2.2094895421336624,141877357165.66666,,591.8242592693516,8.1,0.0,0.0,4.8,0.92,0.0,10.0,8.0,0.0,0.3,0.14563106796116504,0.7443609022556391,0.5,0.5576923076923077,0.29259259259259257,0.7969924812030076,0.9432624113475178,0.8949416342412452,0.019417475728155338,0.3,0.013986013986013986,0.8901515151515151,0.0,0.0,0.0,0.0297029702970297,0.023809523809523808,0.04891304347826087,0.021739130434782608,0.06770833333333333,12182721.0,12713948.0,-4.18,-607987.0,-47.9,11.89,-6.83,-6.07,-5.4,,,,0.001,34.25,0.76,,,0.8,1.06,48.53,2.2095,141877357165.67,,,8.1000000000000,0.0,0E-13,4.8000000000000,0.920,0.0,10.0,8.0,0.0,0.300000000000,0.145600000000,0.744400000000,0.500000000000,0.557700000000,0.292600000000,0.797000000000,0.943300000000,0.894900000000,0.019400000000,0.300000000000,0.014000000000,0.890200000000,0E-12,0E-12,0E-12,0.029700000000,0.023800000000,0.048900000000,0.021700000000,0.067700000000
ae5db37d89e694987912ff20ca952bcd,مادیرا,,,,11235394.0,6.25,28.52,25.92537829020558,12.272171333121328,20.812762964947257,11232000000.0,4188600000.0,11235394.0,0.001,8.545560174749578,6.892936977733995,2.2585073868469783,-0.7162030988855398,1.8940527100721887,1.5262356698367885,10.655737704918032,2.6280191494470944,255233452302.7,168.2374540419233,2373515000.0,17.2,6.8,13.4,4.2,0.685,0.0,0.0,0.0,0.0,0.010416666666666666,0.5145631067961165,0.3984962406015038,0.0603448275862069,0.25,0.5296296296296297,0.25187969924812026,0.5886524822695035,0.29571984435797666,0.1650485436893204,0.6911196911196911,0.48951048951048953,0.8901515151515151,0.9854545454545455,0.7745454545454545,0.9818181818181818,0.10891089108910891,0.1984126984126984,0.3,0.3,0.3,,,,11235394.0,6.25,28.52,25.93,12.27,20.81,11232000000.0,,,0.001,8.55,6.89,2.26,-0.716,1.89,1.53,10.66,2.628,255233452302.7,,,17.2000000000000,6.8,13.4000000000000,4.2000000000000,0.685,0.0,0.0,0.0,0.0,0.010400000000,0.514600000000,0.398500000000,0.060300000000,0.250000000000,0.529600000000,0.251900000000,0.588700000000,0.295700000000,0.165000000000,0.691100000000,0.489500000000,0.890200000000,0.985500000000,0.774500000000,0.981800000000,0.108900000000,0.198400000000,0.300000000000,0.300000000000,0.300000000000
b1cd84e33ebd60a436db5a07c0afd700,شسپا,545994966.0,312352489.0,74.80090129840458,207420331.0,5.814775559947778,57.4,48.022460162170894,41.17996402550131,69.30731839740618,204904000000.0,52837655298.0,207420331.0,0.001,25.093212734501186,0.38665206373103167,169.3053406914425,0.7170584112123513,0.7182020421855618,1.9024858913149492,11.556728232189974,2.5514994814426593,1226516967669.6667,292.56157342744774,-97.17033538881724,17.3,20.3,13.0,6.8,1.0,5.0,0.0,0.0,0.0,0.6875,0.7184466019417476,0.849624060150376,0.8146551724137931,0.5865384615384616,0.9,0.3421052631578947,0.9432624113475178,0.3424124513618677,0.6893203883495146,0.833976833976834,0.7412587412587412,0.08333333333333333,0.8436363636363636,0.8072727272727273,0.8072727272727273,0.7524752475247525,0.9484126984126984,0.6467391304347826,0.4945652173913043,0.46875,545994966.0,312352489.0,74.8,207420331.0,5.81,57.4,48.02,41.18,69.31,204904000000.0,,,0.001,25.09,0.39,169.31,0.717,0.72,1.9,11.56,2.5515,1226516967669.67,,,17.3000000000000,20.3,13.0000000000000,6.8000000000000,1.000,5.0,0.0,0.0,0.0,0.687500000000,0.718400000000,0.849600000000,0.814700000000,0.586500000000,0.900000000000,0.342100000000,0.943300000000,0.342400000000,0.689300000000,0.834000000000,0.741300000000,0.083300000000,0.843600000000,0.807300000000,0.807300000000,0.752500000000,0.948400000000,0.646700000000,0.494600000000,0.468800000000
b3cd7f653dc0d5fd0e3a6dca3ddedf1b,دابور,40408859.0,20214532.0,99.9000471541958,11615400000.0,10.23090035642337,43.91,,,,11615400000.0,3105000000.0,,,,0.2635544224541295,7.62477869439108,,,,36.28933387821823,2.115374201203967,426280352243.6667,274.0869565217391,-0.3659058826028644,22.8,10.3,4.4,6.4,1.0,0.0,0.0,0.0,0.0,0.3,0.3,0.8796992481203008,0.35344827586206895,0.3,0.7,0.887218045112782,0.3,0.7392996108949417,0.3,0.8223938223938224,0.3,0.19318181818181818,0.0,0.4036363636363637,0.0,0.3,0.3,0.842391304347826,0.7010869565217391,0.625,40408859.0,20214532.0,99.9,11615400000.0,10.23,43.91,,,,11615400000.0,,,,,0.26,7.62,,,,36.29,2.1154,426280352243.67,,,22.8000000000000,10.3,4.4000000000000,6.4000000000000,1.000,0.0,0.0,0.0,0.0,0.300000000000,0.300000000000,0.879700000000,0.353400000000,0.300000000000,0.700000000000,0.887200000000,0.300000000000,0.739300000000,0.300000000000,0.822400000000,0.300000000000,0.193200000000,0E-12,0.403600000000,0E-12,0.300000000000,0.300000000000,0.842400000000,0.701100000000,0.625000000000
b4d2079975271890006b2f38412d761d,چکارن,8513616.0,4025332.0,111.50096439250228,1407585.0,9.819070597147944,46.63,21.52060154746512,18.394999580501718,28.295025622789677,1389928650.0,535270395.0,1407585.0,0.001,-0.4905352450413183,8.00273988241338,33.773045916579036,0.9831896475168462,0.48045851455965044,2.047651796545677,13.075060532687651,2.146933091938037,28968746535.0,162.96709348179064,77.99750611924445,21.6,10.1,9.0,5.8,1.0,0.0,0.0,0.0,0.0,0.84375,0.7572815533980582,0.3609022556390977,0.8146551724137931,0.7788461538461539,0.02962962962962963,0.8458646616541353,0.24822695035460993,0.3852140077821012,0.2815533980582524,0.6718146718146718,0.36363636363636365,0.42424242424242425,0.9054545454545455,0.42181818181818187,0.8618181818181818,0.2079207920792079,0.42063492063492064,0.5108695652173914,0.7608695652173914,0.5885416666666666,8513616.0,4025332.0,111.5,1407585.0,9.82,46.63,21.52,18.39,28.3,1389928650.0,,,0.001,-0.49,8.0,33.77,0.983,0.48,2.05,13.08,2.1469,28968746535.0,,,21.6000000000000,10.1,9.0000000000000,5.8000000000000,1.000,0.0,0.0,0.0,0.0,0.843800000000,0.757300000000,0.360900000000,0.814700000000,0.778800000000,0.029600000000,0.845900000000,0.248200000000,0.385200000000,0.281600000000,0.671800000000,0.363600000000,0.424200000000,0.905500000000,0.421800000000,0.861800000000,0.207900000000,0.420600000000,0.510900000000,0.760900000000,0.588500000000
b694bdef08321e4aa9a9324af55183a3,دسینا,51911546.0,30131057.0,72.28584446937923,22292811.0,9.197494142117163,51.17,55.55373901655262,46.09356848358359,99.62222510112571,22281600000.0,12331200000.0,22292811.0,0.001,1.8846778512597453,1.811501382277929,35.30779566733263,0.5177180212939498,1.369585009340026,1.7282068297024638,12.317602208492179,2.465386210453912,173312945239.0,80.78379233164655,74.42003489940731,18.5,19.0,8.7,4.9,1.0,0.0,0.0,0.0,0.0,0.53125,0.6310679611650486,0.6616541353383458,0.8146551724137931,0.375,0.37777777777777777,0.4736842105263158,0.36879432624113473,0.36964980544747084,0.7864077669902912,0.42857142857142855,0.8181818181818182,0.4166666666666667,0.7272727272727273,0.4545454545454546,0.7381818181818182,0.8910891089108911,0.3412698412698413,0.9456521739130435,0.4782608695652174,0.484375,51911546.0,30131057.0,72.29,22292811.0,9.2,51.17,55.55,46.09,99.62,22281600000.0,,,0.001,1.88,1.81,35.31,0.518,1.37,1.73,12.32,2.4654,173312945239.0,,,18.5000000000000,19.0,8.7000000000000,4.9000000000000,1.000,0.0,0.0,0.0,0.0,0.531300000000,0.631100000000,0.661700000000,0.814700000000,0.375000000000,0.377800000000,0.473700000000,0.368800000000,0.369600000000,0.786400000000,0.428600000000,0.818200000000,0.416700000000,0.727300000000,0.454500000000,0.738200000000,0.891100000000,0.341300000000,0.945700000000,0.478300000000,0.484400000000
b752d7f753da4d90eb35269ac20f29b9,کبافق,,,,2900205000.0,17.469627147046502,17.62,,,,2900205000.0,2431215000.0,,,,,,,,,20.520231213872833,2.9388084617222754,80844473330.0,19.290354822588707,851.0673371519914,12.6,9.2,3.1,2.6,0.64,0.0,0.0,0.0,0.0,0.3,0.3,0.5,0.5,0.3,0.12962962962962962,0.10150375939849621,0.3,0.556420233463035,0.3,0.18532818532818532,0.3,0.8901515151515151,0.0,0.28,0.0,0.3,0.3,0.3,0.3,0.3,,,,2900205000.0,17.47,17.62,,,,2900205000.0,,,,,,,,,,20.52,2.9388,80844473330.0,,,12.6000000000000,9.2,3.1000000000000,2.6000000000000,0.640,0.0,0.0,0.0,0.0,0.300000000000,0.300000000000,0.500000000000,0.500000000000,0.300000000000,0.129600000000,0.101500000000,0.300000000000,0.556400000000,0.300000000000,0.185300000000,0.300000000000,0.890200000000,0E-12,0.280000000000,0E-12,0.300000000000,0.300000000000,0.300000000000,0.300000000000,0.300000000000
b88121029d7e973410b008320f8fe378,قاسم,416644040.0,198808270.0,109.57077892182252,16434370.0,5.384571283664862,48.85,5.7441839859820245,4.607133942280274,26.723793437890492,15563224096.0,5122600000.0,16434370.0,0.001,2.1684118835084476,12.496891530618631,22.81118607236709,0.4793629448527689,2.8525076733236965,1.0880616111445358,-9.361702127659575,2.9460451085259893,198348698865.9,220.82087221332918,117.37013524215658,24.5,7.5,14.3,2.6,1.0,0.0,0.0,0.0,0.0,0.4895833333333333,0.1553398058252427,0.24812030075187974,0.8146551724137931,0.09615384615384615,0.4185185185185185,0.09774436090225569,0.40425531914893614,0.023346303501945526,0.05825242718446602,0.7799227799227799,0.11888111888111888,0.5303030303030303,0.9745454545454545,0.8472727272727273,1.0,0.19801980198019803,0.8809523809523809,0.3532608695652174,0.75,0.5989583333333334,416644040.0,198808270.0,109.57,16434370.0,5.38,48.85,5.74,4.61,26.72,15563224096.0,,,0.001,2.17,12.5,22.81,0.479,2.85,1.09,-9.36,2.946,198348698865.9,,,24.5000000000000,7.5,14.3000000000000,2.6000000000000,1.000,0.0,0.0,0.0,0.0,0.489600000000,0.155300000000,0.248100000000,0.814700000000,0.096200000000,0.418500000000,0.097700000000,0.404300000000,0.023300000000,0.058300000000,0.779900000000,0.118900000000,0.530300000000,0.974500000000,0.847300000000,1.000000000000,0.198000000000,0.881000000000,0.353300000000,0.750000000000,0.599000000000
b992f8cd4c1b548e42482525505c9ea7,سباقر,39581347.0,19062970.0,107.6347337272209,26691702.0,8.186967946862481,65.19,76.99373116028266,76.686802396429,83.56470106470107,26694600000.0,4584000000.0,26691702.0,0.001,37.01658346961819,0.3929169244133322,337.7117792578497,0.34685079280444536,0.3485443324892866,3.2586463764673184,37.25934314835787,2.524770078455806,1027430406743.3334,482.27971204188475,334.0105952192876,24.6,22.2,9.8,8.6,1.0,0.0,0.0,0.0,0.0,0.4166666666666667,0.9514563106796117,0.8345864661654135,0.8146551724137931,0.8846153846153846,0.8666666666666667,0.3721804511278195,0.9432624113475178,0.7587548638132295,0.941747572815534,0.918918918918919,0.951048951048951,0.8901515151515151,0.7381818181818182,0.5636363636363637,0.7018181818181819,0.8613861386138614,0.5555555555555556,0.1358695652173913,0.7391304347826086,0.8229166666666666,39581347.0,19062970.0,107.63,26691702.0,8.19,65.19,76.99,76.69,83.56,26694600000.0,,,0.001,37.02,0.39,337.71,0.347,0.35,3.26,37.26,2.5248,1027430406743.33,,,24.6000000000000,22.2,9.8000000000000,8.6000000000000,1.000,0.0,0.0,0.0,0.0,0.416700000000,0.951500000000,0.834600000000,0.814700000000,0.884600000000,0.866700000000,0.372200000000,0.943300000000,0.758800000000,0.941700000000,0.918900000000,0.951000000000,0.890200000000,0.738200000000,0.563600000000,0.701800000000,0.861400000000,0.555600000000,0.135900000000,0.739100000000,0.822900000000
ba1603db6572b46274d398e9882a95ea,دزاگرس,63295972.0,28469059.0,122.33250491349222,21904900000.0,8.464590114540583,43.61,,,,21904900000.0,11121401227.0,,,,,,,,,11.843938690199721,2.6237617590589974,1079867473840.6666,96.9616917229849,215.33638085533045,23.9,9.2,5.7,4.8,1.0,0.0,0.0,0.0,0.0,0.3,0.3,0.5,0.5,0.3,0.8888888888888888,0.26315789473684215,0.3,0.3463035019455253,0.3,0.4671814671814672,0.3,0.7329545454545454,0.0,0.5163636363636364,0.0,0.3,0.3,0.9456521739130435,0.8369565217391305,0.109375,63295972.0,28469059.0,122.33,21904900000.0,8.46,43.61,,,,21904900000.0,,,,,,,,,,11.84,2.6238,1079867473840.67,,,23.9000000000000,9.2,5.7000000000000,4.8000000000000,1.000,0.0,0.0,0.0,0.0,0.300000000000,0.300000000000,0.500000000000,0.500000000000,0.300000000000,0.888900000000,0.263200000000,0.300000000000,0.346300000000,0.300000000000,0.467200000000,0.300000000000,0.733000000000,0E-12,0.516400000000,0E-12,0.300000000000,0.300000000000,0.945700000000,0.837000000000,0.109400000000
bb3afe19f992a47dab8ed0efba9f15db,دسبحان,,,,10599480000.0,15.642276790936913,25.01,,,,10599480000.0,2558240000.0,,,,,,,,,64.64746772591857,2.1693559536614244,880052561671.6666,314.32703733817,296.7643583573313,19.9,9.2,3.4,6.5,0.64,0.0,0.0,0.0,0.0,0.3,0.3,0.5,0.5,0.3,0.8333333333333334,0.8195488721804511,0.3,0.8949416342412452,0.3,0.918918918918919,0.3,0.8901515151515151,0.0,0.3090909090909091,0.0,0.3,0.3,0.3,0.3,0.3,,,,10599480000.0,15.64,25.01,,,,10599480000.0,,,,,,,,,,64.65,2.1694,880052561671.67,,,19.9000000000000,9.2,3.4000000000000,6.5000000000000,0.640,0.0,0.0,0.0,0.0,0.300000000000,0.300000000000,0.500000000000,0.500000000000,0.300000000000,0.833300000000,0.819500000000,0.300000000000,0.894900000000,0.300000000000,0.918900000000,0.300000000000,0.890200000000,0E-12,0.309100000000,0E-12,0.300000000000,0.300000000000,0.300000000000,0.300000000000,0.300000000000
bbb81179fce8ad6deb0c746c9ed1d951,خنصیر,6529117.0,5986125.0,9.070842991083547,1775800000.0,6.090775988286969,30.26,,,,1775800000.0,1492400000.0,,,,,,,,,10.695187165775401,2.3518384753738117,65259569921.0,18.989547038327526,307.4870672367732,9.2,9.2,8.6,3.3,1.0,0.0,0.0,0.0,0.0,0.3,0.3,0.5,0.5,0.3,0.0962962962962963,0.6428571428571428,0.3,0.3035019455252918,0.3,0.18146718146718147,0.3,0.8901515151515151,0.0,0.7781818181818182,0.0,0.3,0.3,0.11413043478260869,0.07065217391304347,0.2604166666666667,6529117.0,5986125.0,9.07,1775800000.0,6.09,30.26,,,,1775800000.0,,,,,,,,,,10.7,2.3518,65259569921.0,,,9.2000000000000,9.2,8.6000000000000,3.3000000000000,1.000,0.0,0.0,0.0,0.0,0.300000000000,0.300000000000,0.500000000000,0.500000000000,0.300000000000,0.096300000000,0.642900000000,0.300000000000,0.303500000000,0.300000000000,0.181500000000,0.300000000000,0.890200000000,0E-12,0.778200000000,0E-12,0.300000000000,0.300000000000,0.114100000000,0.070700000000,0.260400000000
bbcfae1712205951bfbb99d634742ad8,غکورش,754033773.0,254861349.0,195.86038681761823,131700499.0,8.486091181072869,55.84,23.142580403784596,18.735429799878755,70.45184862810603,178640000000.0,29660000000.0,131700499.0,0.001,2.145944174288566,6.251818994803628,8.871186178115662,0.27886656678498994,1.3418642994906687,1.5248958810016617,34.16445623342175,2.551244199147309,1080035426310.0,344.03404922454484,190.413225,27.8,12.3,9.8,6.0,1.0,0.0,0.0,0.0,0.0,0.3125,0.5048543689320388,0.42105263157894735,0.41379310344827586,0.3942307692307693,0.8925925925925926,0.3458646616541353,0.3971631205673759,0.7198443579766537,0.30097087378640774,0.918918918918919,0.40559440559440557,0.696969696969697,0.7563636363636363,0.509090909090909,0.8836363636363637,0.7821782178217822,0.9484126984126984,0.14130434782608695,0.9538043478260869,0.13020833333333334,754033773.0,254861349.0,195.86,131700499.0,8.49,55.84,23.14,18.74,70.45,178640000000.0,,,0.001,2.15,6.25,8.87,0.279,1.34,1.52,34.16,2.5512,1080035426310.0,,,27.8000000000000,12.3,9.8000000000000,6.0000000000000,1.000,0.0,0.0,0.0,0.0,0.312500000000,0.504900000000,0.421100000000,0.413800000000,0.394200000000,0.892600000000,0.345900000000,0.397200000000,0.719800000000,0.301000000000,0.918900000000,0.405600000000,0.697000000000,0.756400000000,0.509100000000,0.883600000000,0.782200000000,0.948400000000,0.141300000000,0.953800000000,0.130200000000
bcd063af0a3b800fe8afeecd6fe37b47,زفجر,,,,7208100000.0,6.2604569858908725,26.45,,,,7208100000.0,2685600000.0,,,,,,,,,6.068321663483981,2.7587644804309184,181468387717.33334,168.39812332439678,116.92259591309676,15.9,9.2,8.5,3.2,0.72,0.0,0.0,0.0,0.0,0.3,0.3,0.5,0.5,0.3,0.3888888888888889,0.1428571428571429,0.3,0.2178988326848249,0.3,0.694980694980695,0.3,0.5265151515151515,0.0,0.7709090909090909,0.0,0.3,0.3,0.3,0.3,0.3,,,,7208100000.0,6.26,26.45,,,,7208100000.0,,,,,,,,,,6.07,2.7588,181468387717.33,,,15.9000000000000,9.2,8.5000000000000,3.2000000000000,0.720,0.0,0.0,0.0,0.0,0.300000000000,0.300000000000,0.500000000000,0.500000000000,0.300000000000,0.388900000000,0.142900000000,0.300000000000,0.217900000000,0.300000000000,0.695000000000,0.300000000000,0.526500000000,0E-12,0.770900000000,0E-12,0.300000000000,0.300000000000,0.300000000000,0.300000000000,0.300000000000
bd0ee973f3ff87b60181493e77d55264,دسبحا,,,,12508150000.0,4.980752549337832,31.12,59.79085060463528,,,12508150000.0,9081450000.0,,,25.276140610245108,1.941896686115246,5.917711503577072,,,,13.479052823315119,2.5094576113259364,639190018133.0,37.73296114607249,324.96721146953405,15.1,13.4,9.6,5.0,0.72,0.0,0.0,0.0,0.0,0.3,0.3,0.6466165413533835,0.3275862068965517,0.3,0.7777777777777778,0.3984962406015038,0.9432624113475178,0.4046692607003891,0.3,0.26640926640926643,0.8531468531468531,0.8901515151515151,0.0,0.8763636363636363,0.0,0.3,0.6428571428571429,0.3,0.3,0.3,,,,12508150000.0,4.98,31.12,59.79,,,12508150000.0,,,,25.28,1.94,5.92,,,,13.48,2.5095,639190018133.0,,,15.1000000000000,13.4,9.6000000000000,5.0000000000000,0.720,0.0,0.0,0.0,0.0,0.300000000000,0.300000000000,0.646600000000,0.327600000000,0.300000000000,0.777800000000,0.398500000000,0.943300000000,0.404700000000,0.300000000000,0.266400000000,0.853100000000,0.890200000000,0E-12,0.876400000000,0E-12,0.300000000000,0.642900000000,0.300000000000,0.300000000000,0.300000000000
bda1926ec65a0bac619855e021b6b61c,شگویا,499931059.0,350458779.0,42.65045961368256,36431239114.0,11.843132720517216,18.5,0.12311426309852808,,,36431239114.0,10277838714.0,,,-5.556314148928994,440.75759974667517,0.45926195237229595,,,,53.63196125907991,2.4586942084177377,677476666478.0,254.46400870617904,-97.95867372776162,8.7,0.0,3.8,5.9,1.0,5.0,15.0,0.0,0.0,0.3,0.3,0.011278195488721776,0.0,0.3,0.7962962962962963,0.49624060150375937,0.1276595744680851,0.8949416342412452,0.3,0.8108108108108109,0.07692307692307693,0.07954545454545454,0.0,0.3490909090909091,0.0,0.3,0.06349206349206349,0.41304347826086957,0.24456521739130435,0.4375,499931059.0,350458779.0,42.65,36431239114.0,11.84,18.5,0.12,,,36431239114.0,,,,-5.56,440.76,0.46,,,,53.63,2.4587,677476666478.0,,,8.7000000000000,0.0,3.8000000000000,5.9000000000000,1.000,5.0,15.0,0.0,0.0,0.300000000000,0.300000000000,0.011300000000,0E-12,0.300000000000,0.796300000000,0.496200000000,0.127700000000,0.894900000000,0.300000000000,0.810800000000,0.076900000000,0.079500000000,0E-12,0.349100000000,0E-12,0.300000000000,0.063500000000,0.413000000000,0.244600000000,0.437500000000
bde997b478a960687f241894a21e4fdb,فملی,4891602962.0,1959197885.0,149.67375676806634,2031135837.0,12.94531265309377,59.03,59.97671395115316,50.0580076454286,53.51427302442615,2021250000000.0,840150000000.0,2031135837.0,0.001,16.054685545930354,0.36021787087252954,745.3346153745728,1.038451846783106,0.6664616435115249,1.2918429605133053,62.73754326389343,5.473157992576135,11742659986441.154,141.75871415818605,273.6517562846124,25.2,20.1,7.3,6.5,1.0,0.0,0.0,0.0,0.0,0.8645833333333334,0.34951456310679613,0.8571428571428572,0.8146551724137931,0.625,0.9962962962962963,0.03007518796992481,0.7730496453900709,0.8949416342412452,0.8349514563106796,0.5945945945945946,0.8671328671328671,0.8901515151515151,0.7345454545454546,0.33818181818181814,0.6945454545454546,0.5544554455445545,0.8650793650793651,0.24456521739130435,0.9021739130434783,0.59375,4891602962.0,1959197885.0,149.67,2031135837.0,12.95,59.03,59.98,50.06,53.51,2021250000000.0,,,0.001,16.05,0.36,745.33,1.038,0.67,1.29,62.74,5.4732,11742659986441.15,,,25.2000000000000,20.1,7.3000000000000,6.5000000000000,1.000,0.0,0.0,0.0,0.0,0.864600000000,0.349500000000,0.857100000000,0.814700000000,0.625000000000,0.996300000000,0.030100000000,0.773000000000,0.894900000000,0.835000000000,0.594600000000,0.867100000000,0.890200000000,0.734500000000,0.338200000000,0.694500000000,0.554500000000,0.865100000000,0.244600000000,0.902200000000,0.593800000000
be2e68f612059a7c256315b91e2aba36,کیمیا,32538739.0,11537580.0,182.0239512965457,29523564.0,3.1390983247861826,69.26,38.70066779730762,29.965842758586366,86.45469180441403,31610000000.0,,29523564.0,0.001,10.904981967512853,0.4075188824078857,4.457142642893565,0.6190554094349856,2.0185045758792124,1.6035663447289792,36.72566371681416,2.48112955326835,156368743604.0,7882.608695652173,253.35871535167652,32.8,17.0,15.3,4.2,1.0,0.0,0.0,0.0,0.0,0.625,0.5436893203883495,0.8195488721804511,0.19827586206896552,0.20192307692307687,0.34074074074074073,0.4548872180451128,0.6170212765957447,0.7470817120622568,0.5339805825242718,0.918918918918919,0.6433566433566433,0.8901515151515151,0.9090909090909091,0.9636363636363636,0.9527272727272728,0.8811881188118812,0.7936507936507936,0.9456521739130435,0.9538043478260869,0.026041666666666668,32538739.0,11537580.0,182.02,29523564.0,3.14,69.26,38.7,29.97,86.45,31610000000.0,,,0.001,10.9,0.41,4.46,0.619,2.02,1.6,36.73,2.4811,156368743604.0,,,32.8000000000000,17.0,15.3000000000000,4.2000000000000,1.000,0.0,0.0,0.0,0.0,0.625000000000,0.543700000000,0.819500000000,0.198300000000,0.201900000000,0.340700000000,0.454900000000,0.617000000000,0.747100000000,0.534000000000,0.918900000000,0.643400000000,0.890200000000,0.909100000000,0.963600000000,0.952700000000,0.881200000000,0.793700000000,0.945700000000,0.953800000000,0.026000000000
bf951d5a241fb38b5504e5206704d0d8,شاوان,1210679918.0,1816994460.0,-33.36909139502825,49160000000.0,8.473555736371033,19.15,,,,49160000000.0,28328000000.0,,,,,,,,,109.7551184263348,1.5995503961918491,904247893358.6666,73.53854843264614,-82.96924113300209,0.0,9.2,5.6,6.9,0.88,11.0,0.0,0.0,0.0,0.3,0.3,0.5,0.5,0.3,0.8407407407407408,0.9887218045112782,0.3,0.8949416342412452,0.3,0.39768339768339767,0.3,0.10227272727272728,0.0,0.5127272727272727,0.0,0.3,0.3,0.021739130434782608,0.005434782608695652,0.3229166666666667,1210679918.0,1816994460.0,-33.37,49160000000.0,8.47,19.15,,,,49160000000.0,,,,,,,,,,109.76,1.5996,904247893358.67,,,0E-13,9.2,5.6000000000000,6.9000000000000,0.880,11.0,0.0,0.0,0.0,0.300000000000,0.300000000000,0.500000000000,0.500000000000,0.300000000000,0.840700000000,0.988700000000,0.300000000000,0.894900000000,0.300000000000,0.397700000000,0.300000000000,0.102300000000,0E-12,0.512700000000,0E-12,0.300000000000,0.300000000000,0.021700000000,0.005400000000,0.322900000000
c219bd90953f64ecb6ff2dbf5f96ee33,شمس,7794341.0,4598787.0,69.48688860780028,,,23.33,,,,,,,,,,,,,,-4.330065359477124,2.5836294810292566,195140755292.33334,38.46153846153847,-24.0,15.1,9.2,0.0,3.3,0.845,0.0,0.0,8.0,0.0,0.3,0.3,0.5,0.5,0.3,0.4111111111111111,0.3157894736842105,0.3,0.05058365758754864,0.3,0.2702702702702703,0.3,0.14772727272727273,0.0,0.0,0.0,0.3,0.3,0.9456521739130435,0.44565217391304346,0.22395833333333334,7794341.0,4598787.0,69.49,,,23.33,,,,,,,,,,,,,,-4.33,2.5836,195140755292.33,,,15.1000000000000,9.2,0E-13,3.3000000000000,0.845,0.0,0.0,8.0,0.0,0.300000000000,0.300000000000,0.500000000000,0.500000000000,0.300000000000,0.411100000000,0.315800000000,0.300000000000,0.050600000000,0.300000000000,0.270300000000,0.300000000000,0.147700000000,0E-12,0E-12,0E-12,0.300000000000,0.300000000000,0.945700000000,0.445700000000,0.224000000000
c2ef7e2898d4f65377c112a6be867fd4,قثابت,14937613.0,10442737.0,43.04308343684228,1350648.0,17.918953161741623,11.21,3.4183284575556256,8.785688721868874,14.072237418735353,,,1350648.0,0.001,-23.31742307493089,101.17880004552715,4.342704720349744,-0.3911840834917758,0.5238518343790067,1.3040385487200468,-15.668202764976957,2.2440615090576603,127692187962.33333,-70.07481296758104,-80.05271926171112,0.6,0.0,7.5,4.6,0.885,5.0,11.0,0.0,0.0,0.041666666666666664,0.3786407766990291,0.052631578947368474,0.1896551724137931,0.75,0.25925925925925924,0.7443609022556391,0.02127659574468085,0.011673151750972763,0.08737864077669903,0.03474903474903475,0.1048951048951049,0.10606060606060606,0.92,0.2727272727272727,0.8909090909090909,0.07920792079207921,0.25396825396825395,0.15760869565217392,0.25,0.020833333333333332,14937613.0,10442737.0,43.04,1350648.0,17.92,11.21,3.42,8.79,14.07,,,,0.001,-23.32,101.18,4.34,-0.391,0.52,1.3,-15.67,2.2441,127692187962.33,,,0.6000000000000,0.0,7.5000000000000,4.6000000000000,0.885,5.0,11.0,0.0,0.0,0.041700000000,0.378600000000,0.052600000000,0.189700000000,0.750000000000,0.259300000000,0.744400000000,0.021300000000,0.011700000000,0.087400000000,0.034700000000,0.104900000000,0.106100000000,0.920000000000,0.272700000000,0.890900000000,0.079200000000,0.254000000000,0.157600000000,0.250000000000,0.020800000000
c373c2297b48b0838e26f18bf2419ddb,کرماشا,162304047.0,82005771.0,97.91783556306055,70740935.0,4.371695505693686,57.86,56.37538367776839,46.01774143278592,43.97071777860433,72429771600.0,22308073200.0,70740935.0,0.001,11.136338310182381,2.2637074396549806,5.417544473819913,0.31159904799109595,1.0018671147136982,0.7810251715961762,20.20033388981636,2.488486458006324,823218525075.3334,217.10912173266493,101.49872094979247,23.8,14.6,14.4,5.0,1.0,0.0,0.0,0.0,0.0,0.3541666666666667,0.05825242718446602,0.6240601503759399,0.2672413793103448,0.47115384615384615,0.8222222222222222,0.4473684210526315,0.6382978723404256,0.5486381322957199,0.7766990291262136,0.7722007722007722,0.8251748251748252,0.4734848484848485,0.9563636363636363,0.9054545454545455,0.8363636363636364,0.38613861386138615,0.31746031746031744,0.8858695652173914,0.6793478260869565,0.078125,162304047.0,82005771.0,97.92,70740935.0,4.37,57.86,56.38,46.02,43.97,72429771600.0,,,0.001,11.14,2.26,5.42,0.312,1.0,0.78,20.2,2.4885,823218525075.33,,,23.8000000000000,14.6,14.4000000000000,5.0000000000000,1.000,0.0,0.0,0.0,0.0,0.354200000000,0.058300000000,0.624100000000,0.267200000000,0.471200000000,0.822200000000,0.447400000000,0.638300000000,0.548600000000,0.776700000000,0.772200000000,0.825200000000,0.473500000000,0.956400000000,0.905500000000,0.836400000000,0.386100000000,0.317500000000,0.885900000000,0.679300000000,0.078100000000
c45bd2f33db1b2f949e77b9db3b4ec72,کطبس,13727052.0,7569902.0,81.33724848749692,3712289.0,9.659654555266325,49.49,43.31110817025653,32.971717762041244,45.09307253297417,3712800000.0,2279550000.0,3712289.0,0.001,9.574366706719104,0.388455553618249,26.41727356473676,0.8723846661722727,0.7150727166363964,1.6569909885880851,41.18098159509203,2.301356154898375,130149278418.66667,62.85183479195455,92.60056670147301,18.4,16.6,8.7,5.8,1.0,0.0,0.0,0.0,0.0,0.7604166666666666,0.5922330097087378,0.8421052631578947,0.8146551724137931,0.5961538461538461,0.26296296296296295,0.7067669172932332,0.6028368794326241,0.8949416342412452,0.5825242718446602,0.3590733590733591,0.6853146853146853,0.44696969696969696,0.8254545454545454,0.4290909090909091,0.7745454545454545,0.39603960396039606,0.2777777777777778,0.9456521739130435,0.5489130434782609,0.3541666666666667,13727052.0,7569902.0,81.34,3712289.0,9.66,49.49,43.31,32.97,45.09,3712800000.0,,,0.001,9.57,0.39,26.42,0.872,0.72,1.66,41.18,2.3014,130149278418.67,,,18.4000000000000,16.6,8.7000000000000,5.8000000000000,1.000,0.0,0.0,0.0,0.0,0.760400000000,0.592200000000,0.842100000000,0.814700000000,0.596200000000,0.263000000000,0.706800000000,0.602800000000,0.894900000000,0.582500000000,0.359100000000,0.685300000000,0.447000000000,0.825500000000,0.429100000000,0.774500000000,0.396000000000,0.277800000000,0.945700000000,0.548900000000,0.354200000000
c5978431f5fc7f58270049f2352c5a00,پاسا,50517092.0,30207122.0,67.23570024314134,8862600000.0,5.089589962313542,38.59,,,,8862600000.0,5131900000.0,,,,,,,,,23.990498812351543,2.2607202220344975,280088959607.3333,72.69627233578207,186.1648148362406,13.9,9.2,9.6,5.9,1.0,0.0,0.0,0.0,0.0,0.3,0.3,0.5,0.5,0.3,0.5740740740740741,0.7406015037593985,0.3,0.6070038910505836,0.3,0.38996138996138996,0.3,0.6856060606060606,0.0,0.8690909090909091,0.0,0.3,0.3,0.13043478260869565,0.42934782608695654,0.9166666666666666,50517092.0,30207122.0,67.24,8862600000.0,5.09,38.59,,,,8862600000.0,,,,,,,,,,23.99,2.2607,280088959607.33,,,13.9000000000000,9.2,9.6000000000000,5.9000000000000,1.000,0.0,0.0,0.0,0.0,0.300000000000,0.300000000000,0.500000000000,0.500000000000,0.300000000000,0.574100000000,0.740600000000,0.300000000000,0.607000000000,0.300000000000,0.390000000000,0.300000000000,0.685600000000,0E-12,0.869100000000,0E-12,0.300000000000,0.300000000000,0.130400000000,0.429300000000,0.916700000000
c5e041913a67a3bdb2f7bfe5bba20bd8,دفارا,,,,19502814000.0,8.373891070283499,21.74,,,,19502814000.0,10619200000.0,,,,,,,,,27.07736389684814,2.4410554644662734,718481118684.3334,83.6561511224951,120.87428827701852,13.4,9.2,5.8,5.6,0.64,0.0,0.0,0.0,0.0,0.3,0.3,0.5,0.5,0.3,0.8074074074074075,0.5075187969924813,0.3,0.6459143968871596,0.3,0.44015444015444016,0.3,0.5378787878787878,0.0,0.5272727272727273,0.0,0.3,0.3,0.3,0.3,0.3,,,,19502814000.0,8.37,21.74,,,,19502814000.0,,,,,,,,,,27.08,2.4411,718481118684.33,,,13.4000000000000,9.2,5.8000000000000,5.6000000000000,0.640,0.0,0.0,0.0,0.0,0.300000000000,0.300000000000,0.500000000000,0.500000000000,0.300000000000,0.807400000000,0.507500000000,0.300000000000,0.645900000000,0.300000000000,0.440200000000,0.300000000000,0.537900000000,0E-12,0.527300000000,0E-12,0.300000000000,0.300000000000,0.300000000000,0.300000000000,0.300000000000
c629b0270c5a5e7f60f68d0cb34f55df,غمینو,28154588.0,12802926.0,119.9074492815158,8614717.0,6.990234810882376,57.86,39.47408878115189,34.679218366330936,47.754420796622014,8610450000.0,3573000000.0,8614717.0,0.001,7.276917235598852,3.3761938838177947,113.03106090181534,0.24458702473917598,0.4277212127837268,2.716728910188061,5.41871921182266,2.216030706037438,306443164281.3333,141.10598936467954,268.6067236920628,23.8,14.5,12.0,7.5,1.0,0.0,0.0,0.0,0.0,0.2604166666666667,0.8640776699029126,0.5488721804511278,0.8146551724137931,0.8173076923076923,0.6074074074074074,0.793233082706767,0.5531914893617021,0.19844357976653695,0.6213592233009708,0.5907335907335908,0.6573426573426573,0.8901515151515151,0.8836363636363637,0.7127272727272727,0.8,0.43564356435643564,0.9484126984126984,0.10326086956521739,0.8097826086956522,0.515625,28154588.0,12802926.0,119.91,8614717.0,6.99,57.86,39.47,34.68,47.75,8610450000.0,,,0.001,7.28,3.38,113.03,0.245,0.43,2.72,5.42,2.216,306443164281.33,,,23.8000000000000,14.5,12.0000000000000,7.5000000000000,1.000,0.0,0.0,0.0,0.0,0.260400000000,0.864100000000,0.548900000000,0.814700000000,0.817300000000,0.607400000000,0.793200000000,0.553200000000,0.198400000000,0.621400000000,0.590700000000,0.657300000000,0.890200000000,0.883600000000,0.712700000000,0.800000000000,0.435600000000,0.948400000000,0.103300000000,0.809800000000,0.515600000000
c72d6744160ed4ab4dd2ea41ac2b3c63,ذوب,636080971.0,629921142.0,0.9778730366855984,7676811.0,,7.95,-16.180787820223554,1.20469361316734,1.3029419702864788,11340437622.0,-104732276862.0,7676811.0,0.001,-25.092675747089515,34.32370457457255,,,1.512396116099981,0.7224602709112568,47.4025974025974,2.690208191545578,1942482987388.1667,107.32993803821844,-216.39627739089912,2.3,0.0,0.0,5.7,1.0,5.0,4.4,8.0,0.0,0.3,0.02912621359223301,0.15037593984962405,0.5,0.33653846153846156,0.937037037037037,0.1842105263157895,0.0070921985815602835,0.8949416342412452,0.038834951456310676,0.5212355212355212,0.0,0.01893939393939394,0.0,0.0,0.0,0.039603960396039604,0.0873015873015873,0.21195652173913043,0.02717391304347826,0.8541666666666666,636080971.0,629921142.0,0.98,7676811.0,,7.95,-16.18,1.2,1.3,11340437622.0,,,0.001,-25.09,34.32,,,1.51,0.72,47.4,2.6902,1942482987388.17,,,2.3000000000000,0.0,0E-13,5.7000000000000,1.000,5.0,4.4,8.0,0.0,0.300000000000,0.029100000000,0.150400000000,0.500000000000,0.336500000000,0.937000000000,0.184200000000,0.007100000000,0.894900000000,0.038800000000,0.521200000000,0E-12,0.018900000000,0E-12,0E-12,0E-12,0.039600000000,0.087300000000,0.212000000000,0.027200000000,0.854200000000
c830a9da03fc01d31766b115fa297d6c,حتاید,30406000.0,25738600.0,18.133853434141717,28740000000.0,6.590814196242172,33.56,97.15585430311387,,,28740000000.0,27047000000.0,,,-0.7173254691921898,1.1015940679375278,312.37897147923746,,,,10.95360824742268,2.40709766308393,412046999531.0,6.259474248530336,27.07343516071371,6.3,13.5,8.2,5.6,1.0,0.0,0.0,0.0,0.0,0.3,0.3,0.7067669172932332,0.8146551724137931,0.3,0.674074074074074,0.5563909774436091,0.23404255319148937,0.3229571984435798,0.3,0.15057915057915058,0.9790209790209791,0.26136363636363635,0.0,0.7454545454545455,0.0,0.3,0.15079365079365079,0.266304347826087,0.10869565217391304,0.9583333333333334,30406000.0,25738600.0,18.13,28740000000.0,6.59,33.56,97.16,,,28740000000.0,,,,-0.72,1.1,312.38,,,,10.95,2.4071,412046999531.0,,,6.3000000000000,13.5,8.2000000000000,5.6000000000000,1.000,0.0,0.0,0.0,0.0,0.300000000000,0.300000000000,0.706800000000,0.814700000000,0.300000000000,0.674100000000,0.556400000000,0.234000000000,0.323000000000,0.300000000000,0.150600000000,0.979000000000,0.261400000000,0E-12,0.745500000000,0E-12,0.300000000000,0.150800000000,0.266300000000,0.108700000000,0.958300000000
c948737bdfc349d67b85aee1855d53b9,زقیام,38566197.0,17630801.0,118.74330610390305,9628322284.0,7.564469914040115,40.97,16.491172308226297,,,9628322284.0,4227909427.0,,,1.971202398747991,,,,,,5.179282868525896,2.241860875872691,136438140270.66667,127.73246329526917,148.43946473165684,20.3,9.3,6.9,4.4,1.0,0.0,0.0,0.0,0.0,0.3,0.3,0.5,0.5,0.3,0.28888888888888886,0.7518796992481203,0.3829787234042553,0.1867704280155642,0.3,0.5637065637065637,0.25874125874125875,0.5909090909090909,0.0,0.6290909090909091,0.0,0.3,0.3,0.3641304347826087,0.8043478260869565,0.6927083333333334,38566197.0,17630801.0,118.74,9628322284.0,7.56,40.97,16.49,,,9628322284.0,,,,1.97,,,,,,5.18,2.2419,136438140270.67,,,20.3000000000000,9.3,6.9000000000000,4.4000000000000,1.000,0.0,0.0,0.0,0.0,0.300000000000,0.300000000000,0.500000000000,0.500000000000,0.300000000000,0.288900000000,0.751900000000,0.383000000000,0.186800000000,0.300000000000,0.563700000000,0.258700000000,0.590900000000,0E-12,0.629100000000,0E-12,0.300000000000,0.300000000000,0.364100000000,0.804300000000,0.692700000000
ca5267d5258e0569e8890f5e68c841e1,غگل,35820928.0,26979522.0,32.770802981609535,11672370000.0,0.602761050240868,36.55,,,,11672370000.0,5100000000.0,,,,2.3975806929908123,8.218190318457399,,,,-6.952662721893491,2.286131493666436,142505239318.66666,128.87,38.17407330599466,11.8,9.3,11.0,4.4,1.0,0.0,0.0,0.0,0.0,0.3,0.3,0.6090225563909775,0.3879310344827586,0.3,0.3,0.7142857142857143,0.3,0.027237354085603113,0.3,0.5675675675675675,0.3,0.29545454545454547,0.0,1.0,0.0,0.3,0.3,0.22826086956521738,0.1793478260869565,0.875,35820928.0,26979522.0,32.77,11672370000.0,0.6,36.55,,,,11672370000.0,,,,,2.4,8.22,,,,-6.95,2.2861,142505239318.67,,,11.8000000000000,9.3,11.0000000000000,4.4000000000000,1.000,0.0,0.0,0.0,0.0,0.300000000000,0.300000000000,0.609000000000,0.387900000000,0.300000000000,0.300000000000,0.714300000000,0.300000000000,0.027200000000,0.300000000000,0.567600000000,0.300000000000,0.295500000000,0E-12,1.000000000000,0E-12,0.300000000000,0.300000000000,0.228300000000,0.179300000000,0.875000000000
caeb12747085d21bf8331e09cbac141e,سرود,56019123.0,31023810.0,80.56816039035824,23270543016.0,7.71039603960396,43.64,52.54416516995807,,,23270543016.0,9703572629.0,,,5.795776717797779,10.305442724987707,9.005235252416254,,,,14.242053789731052,2.4888342120572524,587504606807.6666,139.81417881547966,143.19186378034067,20.9,10.7,6.8,5.2,1.0,0.0,0.0,0.0,0.0,0.3,0.3,0.29323308270676696,0.4224137931034483,0.3,0.7518518518518519,0.443609022556391,0.5035460992907801,0.42023346303501946,0.3,0.5791505791505791,0.7972027972027972,0.5795454545454546,0.0,0.6145454545454545,0.0,0.3,0.5873015873015873,0.6521739130434783,0.5380434782608695,0.4583333333333333,56019123.0,31023810.0,80.57,23270543016.0,7.71,43.64,52.54,,,23270543016.0,,,,5.8,10.31,9.01,,,,14.24,2.4888,587504606807.67,,,20.9000000000000,10.7,6.8000000000000,5.2000000000000,1.000,0.0,0.0,0.0,0.0,0.300000000000,0.300000000000,0.293200000000,0.422400000000,0.300000000000,0.751900000000,0.443600000000,0.503500000000,0.420200000000,0.300000000000,0.579200000000,0.797200000000,0.579500000000,0E-12,0.614500000000,0E-12,0.300000000000,0.587300000000,0.652200000000,0.538000000000,0.458300000000
cb507b89faf6ddf31e16ba5ea8f669d0,اروند,311995678.0,301675078.0,3.421097980125491,39303694.0,16.681098708124505,12.34,16.4414792553046,12.498033692365127,35.55645020323984,,,39303694.0,0.001,-37.03416837360334,206.2310451952441,2.681456518049112,2.3239832367919413,1.975628642734847,0.9860218464337897,19.846322722283205,2.1666015150690545,1031050530087.3334,,-93.23347386915138,0.8,0.0,7.3,5.9,0.88,5.0,11.0,0.0,0.0,0.9895833333333334,0.1262135922330097,0.011278195488721776,0.07758620689655173,0.22115384615384615,0.8740740740740741,0.8270676691729324,0.0070921985815602835,0.5447470817120622,0.17475728155339806,0.3,0.2517482517482518,0.09090909090909091,0.76,0.2981818181818182,0.8254545454545454,0.27722772277227725,0.007936507936507936,0.32065217391304346,0.03804347826086957,0.4322916666666667,311995678.0,301675078.0,3.42,39303694.0,16.68,12.34,16.44,12.5,35.56,,,,0.001,-37.03,206.23,2.68,2.324,1.98,0.99,19.85,2.1666,1031050530087.33,,,0.8000000000000,0.0,7.3000000000000,5.9000000000000,0.880,5.0,11.0,0.0,0.0,0.989600000000,0.126200000000,0.011300000000,0.077600000000,0.221200000000,0.874100000000,0.827100000000,0.007100000000,0.544700000000,0.174800000000,0.300000000000,0.251700000000,0.090900000000,0.760000000000,0.298200000000,0.825500000000,0.277200000000,0.007900000000,0.320700000000,0.038000000000,0.432300000000
cca4110448d6de510f0d72a5270ddc77,رانیز,,,,24592382.0,5.061598844715408,23.91,37.43304837771808,37.19684782786912,71.34976354297832,,,24592382.0,0.001,11.224361018438085,0.029810324503891903,160.41412720737614,0.0870258114891026,0.6180714202011914,2.205168431245274,-4.6875,2.216977169181825,488773246461.6667,,182.87000804664854,13.8,18.3,13.9,7.1,0.45,0.0,0.0,0.0,0.0,0.11458333333333333,0.8058252427184466,0.9398496240601504,0.8146551724137931,0.6826923076923077,0.725925925925926,0.7857142857142857,0.6453900709219859,0.04669260700389105,0.6601941747572816,0.3,0.6293706293706294,0.6704545454545454,0.8690909090909091,0.8727272727272728,0.8545454545454545,0.801980198019802,0.5317460317460317,0.3,0.3,0.3,,,,24592382.0,5.06,23.91,37.43,37.2,71.35,,,,0.001,11.22,0.03,160.41,0.087,0.62,2.21,-4.69,2.217,488773246461.67,,,13.8000000000000,18.3,13.9000000000000,7.1000000000000,0.450,0.0,0.0,0.0,0.0,0.114600000000,0.805800000000,0.939800000000,0.814700000000,0.682700000000,0.725900000000,0.785700000000,0.645400000000,0.046700000000,0.660200000000,0.300000000000,0.629400000000,0.670500000000,0.869100000000,0.872700000000,0.854500000000,0.802000000000,0.531700000000,0.300000000000,0.300000000000,0.300000000000
d01ad6f1e6afd1225f55ef45468e0c84,دارو,158863698.0,53921857.0,194.61837339912086,43548995.0,9.905457257638389,63.08,53.6064178476049,35.416493053396756,48.912177063516474,43553000000.0,8730800000.0,43548995.0,0.001,16.364682580217128,0.08158680375932147,9.667658876591346,-0.06027222901469942,1.0155303283948378,1.7001613137858789,9.894459102902374,2.57297606742753,745335394698.6666,398.7973037980483,348.75734276869673,32.9,16.0,8.4,5.7,1.0,0.0,0.0,0.0,0.0,0.08333333333333333,0.6116504854368932,0.924812030075188,0.43103448275862066,0.45192307692307687,0.8111111111111111,0.3270676691729323,0.7872340425531915,0.28793774319066145,0.6310679611650486,0.918918918918919,0.8111888111888111,0.8901515151515151,0.8109090909090909,0.41454545454545455,0.7527272727272727,0.45544554455445546,0.9484126984126984,0.8369565217391305,0.9538043478260869,0.17708333333333334,158863698.0,53921857.0,194.62,43548995.0,9.91,63.08,53.61,35.42,48.91,43553000000.0,,,0.001,16.36,0.08,9.67,-0.06,1.02,1.7,9.89,2.573,745335394698.67,,,32.9000000000000,16.0,8.4000000000000,5.7000000000000,1.000,0.0,0.0,0.0,0.0,0.083300000000,0.611700000000,0.924800000000,0.431000000000,0.451900000000,0.811100000000,0.327100000000,0.787200000000,0.287900000000,0.631100000000,0.918900000000,0.811200000000,0.890200000000,0.810900000000,0.414500000000,0.752700000000,0.455400000000,0.948400000000,0.837000000000,0.953800000000,0.177100000000
d07ff5df6784e3a6d9d9eabdb65794ba,فولاد,3862599517.0,2846057583.0,35.71754626722885,962487084.0,6.756592579393127,38.58,25.054052906105838,26.33119309502493,28.458625884233385,1368585000000.0,794160000000.0,962487084.0,0.001,-3.9366420783080436,2.935813549156145,3.676226054763486,1.2476991680856675,0.8563523391925798,1.6998105494064841,43.59194170595799,2.092153915788051,10922145405057.867,21.195613478392264,-15.596835240070412,10.8,7.0,12.6,8.2,1.0,0.0,3.0,0.0,0.0,0.9270833333333334,0.6019417475728155,0.5789473684210527,0.14655172413793102,0.5096153846153846,0.9925925925925926,0.8984962406015038,0.15602836879432624,0.8949416342412452,0.4368932038834951,0.2084942084942085,0.45454545454545453,0.1590909090909091,0.9527272727272728,0.7345454545454546,0.8654545454545455,0.21782178217821782,0.07142857142857142,0.9456521739130435,0.19021739130434784,0.34375,3862599517.0,2846057583.0,35.72,962487084.0,6.76,38.58,25.05,26.33,28.46,1368585000000.0,,,0.001,-3.94,2.94,3.68,1.248,0.86,1.7,43.59,2.0922,10922145405057.87,,,10.8000000000000,7.0,12.6000000000000,8.2000000000000,1.000,0.0,3.0,0.0,0.0,0.927100000000,0.601900000000,0.578900000000,0.146600000000,0.509600000000,0.992600000000,0.898500000000,0.156000000000,0.894900000000,0.436900000000,0.208500000000,0.454500000000,0.159100000000,0.952700000000,0.734500000000,0.865500000000,0.217800000000,0.071400000000,0.945700000000,0.190200000000,0.343800000000
d108002c1966bd34137074461c1193bc,دبالک,14866695.0,7016347.0,111.88654152937418,633360000.0,43.41954022988506,36.28,,,,633360000.0,381920000.0,,,,,,,,,59.22023182297155,2.607445943620963,301821100661.6667,65.8357771260997,62.67612257169337,20.5,9.2,1.9,4.7,1.0,0.0,0.0,0.0,0.0,0.3,0.3,0.5,0.5,0.3,0.6,0.2894736842105263,0.3,0.8949416342412452,0.3,0.37065637065637064,0.3,0.38257575757575757,0.0,0.17454545454545456,0.0,0.3,0.3,0.9456521739130435,0.7663043478260869,0.234375,14866695.0,7016347.0,111.89,633360000.0,43.42,36.28,,,,633360000.0,,,,,,,,,,59.22,2.6074,301821100661.67,,,20.5000000000000,9.2,1.9000000000000,4.7000000000000,1.000,0.0,0.0,0.0,0.0,0.300000000000,0.300000000000,0.500000000000,0.500000000000,0.300000000000,0.600000000000,0.289500000000,0.300000000000,0.894900000000,0.300000000000,0.370700000000,0.300000000000,0.382600000000,0E-12,0.174500000000,0E-12,0.300000000000,0.300000000000,0.945700000000,0.766300000000,0.234400000000
d36c687f0cd3a20f5e0c5c1ae507ae3f,غشوکو,5920191.0,975676.0,506.7783772481849,1475800000.0,8.408998509283101,36.22,31.755597074486282,,,1475800000.0,536800000.0,,,-44.22331395745466,,,,,,2.740863787375415,2.5121006144106692,64469755679.0,174.92548435171386,153.6047095134546,26.4,6.4,5.8,2.5,0.88,0.0,3.0,0.0,0.0,0.3,0.3,0.5,0.5,0.3,0.09259259259259259,0.39097744360902253,0.0070921985815602835,0.14396887159533073,0.3,0.7142857142857143,0.5804195804195804,0.6022727272727273,0.0,0.5236363636363637,0.0,0.3,0.3,0.8695652173913043,0.9538043478260869,0.14583333333333334,5920191.0,975676.0,506.78,1475800000.0,8.41,36.22,31.76,,,1475800000.0,,,,-44.22,,,,,,2.74,2.5121,64469755679.0,,,26.4000000000000,6.4,5.8000000000000,2.5000000000000,0.880,0.0,3.0,0.0,0.0,0.300000000000,0.300000000000,0.500000000000,0.500000000000,0.300000000000,0.092600000000,0.391000000000,0.007100000000,0.144000000000,0.300000000000,0.714300000000,0.580400000000,0.602300000000,0E-12,0.523600000000,0E-12,0.300000000000,0.300000000000,0.869600000000,0.953800000000,0.145800000000
d481c7823a747032cbe08b189a6f03c0,زاگرس,451865070.0,328181526.0,37.68754003538883,23101877.0,55.67419189935663,37.31,52.827810321400094,41.2146188756752,65.4929850379966,15675600000.0,15264000000.0,23101877.0,0.001,-4.70207393501677,2.9903927070169987,5.573401788159714,0.826606989553273,0.9466997888717408,2.0607276731592075,35.85817888799355,2.0145290229511774,276738620333.3333,51.348774895178195,215.33638085533045,14.4,12.3,3.7,7.0,1.0,0.0,3.0,0.0,0.0,0.7291666666666666,0.7766990291262136,0.5714285714285714,0.31896551724137934,0.4807692307692307,0.5666666666666667,0.9172932330827068,0.14184397163120568,0.7354085603112841,0.6990291262135923,0.3166023166023166,0.8041958041958042,0.7329545454545454,0.0,0.1527272727272727,0.6618181818181819,0.693069306930693,0.9484126984126984,0.125,0.20652173913043478,0.171875,451865070.0,328181526.0,37.69,23101877.0,55.67,37.31,52.83,41.21,65.49,15675600000.0,,,0.001,-4.7,2.99,5.57,0.827,0.95,2.06,35.86,2.0145,276738620333.33,,,14.4000000000000,12.3,3.7000000000000,7.0000000000000,1.000,0.0,3.0,0.0,0.0,0.729200000000,0.776700000000,0.571400000000,0.319000000000,0.480800000000,0.566700000000,0.917300000000,0.141800000000,0.735400000000,0.699000000000,0.316600000000,0.804200000000,0.733000000000,0E-12,0.152700000000,0.661800000000,0.693100000000,0.948400000000,0.125000000000,0.206500000000,0.171900000000
d4ba95c595b08e7a8441a997f29f4427,دکپسول,18081125.0,12238717.0,47.737095318079504,6121800000.0,8.737626188375968,32.21,,,,6121800000.0,4884300000.0,,,,,,,,,6.894484412470024,2.1655580534785597,217831235583.33334,25.33628155518703,49.67473966015592,12.4,9.2,5.5,5.2,1.0,0.0,0.0,0.0,0.0,0.3,0.3,0.5,0.5,0.3,0.45925925925925926,0.8308270676691729,0.3,0.22568093385214008,0.3,0.22007722007722008,0.3,0.3371212121212121,0.0,0.49818181818181817,0.0,0.3,0.3,0.6739130434782609,0.29347826086956524,0.6979166666666666,18081125.0,12238717.0,47.74,6121800000.0,8.74,32.21,,,,6121800000.0,,,,,,,,,,6.89,2.1656,217831235583.33,,,12.4000000000000,9.2,5.5000000000000,5.2000000000000,1.000,0.0,0.0,0.0,0.0,0.300000000000,0.300000000000,0.500000000000,0.500000000000,0.300000000000,0.459300000000,0.830800000000,0.300000000000,0.225700000000,0.300000000000,0.220100000000,0.300000000000,0.337100000000,0E-12,0.498200000000,0E-12,0.300000000000,0.300000000000,0.673900000000,0.293500000000,0.697900000000
d591b0ffa863888077d0146ba8cd4e66,غمهرا,99801263.0,48974620.0,103.7815974886584,12784800000.0,8.075996495838808,40.65,17.804329790896535,,,12784800000.0,5094400000.0,,,1.6019866180449647,,,,,,16.00688468158348,2.3303597643710208,171139496439.0,150.95791457286433,123.93025059999727,20.4,9.3,6.5,4.4,1.0,0.0,0.0,0.0,0.0,0.3,0.3,0.5,0.5,0.3,0.37407407407407406,0.6654135338345865,0.3404255319148936,0.4669260700389105,0.3,0.6216216216216216,0.3006993006993007,0.5416666666666666,0.0,0.5927272727272728,0.0,0.3,0.3,0.44565217391304346,0.7282608695652174,0.3072916666666667,99801263.0,48974620.0,103.78,12784800000.0,8.08,40.65,17.8,,,12784800000.0,,,,1.6,,,,,,16.01,2.3304,171139496439.0,,,20.4000000000000,9.3,6.5000000000000,4.4000000000000,1.000,0.0,0.0,0.0,0.0,0.300000000000,0.300000000000,0.500000000000,0.500000000000,0.300000000000,0.374100000000,0.665400000000,0.340400000000,0.466900000000,0.300000000000,0.621600000000,0.300700000000,0.541700000000,0E-12,0.592700000000,0E-12,0.300000000000,0.300000000000,0.445700000000,0.728300000000,0.307300000000
d5d20f20215dafb1d4d773897c34e2b5,شدوص,34714175.0,24879747.0,39.52784568106741,5945890500.0,6.4440263405456255,34.7,,,,5945890500.0,4139190000.0,,,,,,,,,3.9634146341463414,2.6099129082529746,145651695515.33334,43.648648648648646,92.0283028337248,13.6,9.2,8.4,3.5,1.0,0.0,0.0,0.0,0.0,0.3,0.3,0.5,0.5,0.3,0.3037037037037037,0.2857142857142857,0.3,0.17120622568093385,0.3,0.29343629343629346,0.3,0.4431818181818182,0.0,0.76,0.0,0.3,0.3,0.782608695652174,0.22826086956521738,0.6614583333333334,34714175.0,24879747.0,39.53,5945890500.0,6.44,34.7,,,,5945890500.0,,,,,,,,,,3.96,2.6099,145651695515.33,,,13.6000000000000,9.2,8.4000000000000,3.5000000000000,1.000,0.0,0.0,0.0,0.0,0.300000000000,0.300000000000,0.500000000000,0.500000000000,0.300000000000,0.303700000000,0.285700000000,0.300000000000,0.171200000000,0.300000000000,0.293400000000,0.300000000000,0.443200000000,0E-12,0.760000000000,0E-12,0.300000000000,0.300000000000,0.782600000000,0.228300000000,0.661500000000
d9386a2d4a04ecbff28884606d66eda3,بشهاب,13911910.0,8665670.0,60.54050061910966,5559300000.0,3.977659057795046,40.09,,,,5559300000.0,2315500000.0,,,,,,,,,15.677966101694915,2.589122065816428,112241697759.66667,140.09069315482617,372.5357922920374,17.6,9.2,10.2,3.0,1.0,0.0,0.0,0.0,0.0,0.3,0.3,0.5,0.5,0.3,0.2,0.3007518796992481,0.3,0.45525291828793774,0.3,0.583011583011583,0.3,0.8901515151515151,0.0,0.9309090909090909,0.0,0.3,0.3,0.3423913043478261,0.3804347826086957,0.15104166666666666,13911910.0,8665670.0,60.54,5559300000.0,3.98,40.09,,,,5559300000.0,,,,,,,,,,15.68,2.5891,112241697759.67,,,17.6000000000000,9.2,10.2000000000000,3.0000000000000,1.000,0.0,0.0,0.0,0.0,0.300000000000,0.300000000000,0.500000000000,0.500000000000,0.300000000000,0.200000000000,0.300800000000,0.300000000000,0.455300000000,0.300000000000,0.583000000000,0.300000000000,0.890200000000,0E-12,0.930900000000,0E-12,0.300000000000,0.300000000000,0.342400000000,0.380400000000,0.151000000000
d94c1c91ade00de4b90a351ebd762517,غاذر,7215612.0,2573776.0,180.35120383436632,2723198.0,9.552679527762043,68.92,59.02310256424352,49.90311473216822,64.40419337070539,2549503431.0,654500000.0,2723198.0,0.001,37.71226157136809,0.9925412019909781,31.921925163290158,0.07327524476736542,0.401574346905477,2.979410470156719,40.59729351376575,2.274054754986173,397998255886.53845,316.0730328495034,493.89475310231194,33.2,19.1,8.5,8.1,1.0,0.0,0.0,0.0,0.0,0.10416666666666667,0.9029126213592233,0.7293233082706767,0.8146551724137931,0.8557692307692308,0.662962962962963,0.7293233082706767,0.9432624113475178,0.8949416342412452,0.8155339805825242,0.918918918918919,0.8461538461538461,0.8901515151515151,0.7527272727272727,0.4363636363636364,0.7163636363636363,0.6831683168316832,0.873015873015873,0.9456521739130435,0.9538043478260869,0.23958333333333334,7215612.0,2573776.0,180.35,2723198.0,9.55,68.92,59.02,49.9,64.4,2549503431.0,,,0.001,37.71,0.99,31.92,0.073,0.4,2.98,40.6,2.2741,397998255886.54,,,33.2000000000000,19.1,8.5000000000000,8.1000000000000,1.000,0.0,0.0,0.0,0.0,0.104200000000,0.902900000000,0.729300000000,0.814700000000,0.855800000000,0.663000000000,0.729300000000,0.943300000000,0.894900000000,0.815500000000,0.918900000000,0.846200000000,0.890200000000,0.752700000000,0.436400000000,0.716400000000,0.683200000000,0.873000000000,0.945700000000,0.953800000000,0.239600000000
db1cb723021652b16b2b07e88b595bb0,دالبر,,,,18746000000.0,11.605675877520538,23.93,,,,18746000000.0,10024000000.0,,,,,,,,,22.766798418972332,2.5033860914830797,971787840331.0,87.01117318435753,241.14105120995598,14.6,9.2,4.0,5.5,0.72,0.0,0.0,0.0,0.0,0.3,0.3,0.5,0.5,0.3,0.8592592592592593,0.40977443609022557,0.3,0.5875486381322957,0.3,0.44787644787644787,0.3,0.7613636363636364,0.0,0.36,0.0,0.3,0.3,0.3,0.3,0.3,,,,18746000000.0,11.61,23.93,,,,18746000000.0,,,,,,,,,,22.77,2.5034,971787840331.0,,,14.6000000000000,9.2,4.0000000000000,5.5000000000000,0.720,0.0,0.0,0.0,0.0,0.300000000000,0.300000000000,0.500000000000,0.500000000000,0.300000000000,0.859300000000,0.409800000000,0.300000000000,0.587500000000,0.300000000000,0.447900000000,0.300000000000,0.761400000000,0E-12,0.360000000000,0E-12,0.300000000000,0.300000000000,0.300000000000,0.300000000000,0.300000000000
dd5d864e79f2bd6bd432e4b67295eda0,غبشهر,747721929.0,250895944.0,198.02073205296614,70670616.0,9.041081477220954,57.79,18.22956065105585,11.457017935488297,69.86597860696085,66710000000.0,910000000.0,70670616.0,0.001,11.42881131918184,7.435057872378828,15.27616865248655,0.2632632351754228,2.3243361625792756,1.2913044307572359,67.58747697974218,2.376336727935102,621883669448.0769,7666.001758241758,758.5950325133472,30.6,12.1,9.5,5.5,1.0,0.0,0.0,0.0,0.0,0.2916666666666667,0.33980582524271846,0.37593984962406013,0.5517241379310345,0.14423076923076927,0.7703703703703704,0.5939849624060151,0.6524822695035462,0.8949416342412452,0.13592233009708737,0.918918918918919,0.3146853146853147,0.8901515151515151,0.749090909090909,0.4690909090909091,0.9454545454545454,0.7722772277227723,0.9484126984126984,0.45108695652173914,0.9538043478260869,0.16666666666666666,747721929.0,250895944.0,198.02,70670616.0,9.04,57.79,18.23,11.46,69.87,66710000000.0,,,0.001,11.43,7.44,15.28,0.263,2.32,1.29,67.59,2.3763,621883669448.08,,,30.6000000000000,12.1,9.5000000000000,5.5000000000000,1.000,0.0,0.0,0.0,0.0,0.291700000000,0.339800000000,0.375900000000,0.551700000000,0.144200000000,0.770400000000,0.594000000000,0.652500000000,0.894900000000,0.135900000000,0.918900000000,0.314700000000,0.890200000000,0.749100000000,0.469100000000,0.945500000000,0.772300000000,0.948400000000,0.451100000000,0.953800000000,0.166700000000
de970c1c2991b9b3e1e5b18f4f361700,دروز,,,,1608232320.0,23.333333333333332,17.84,,,,1608232320.0,285534720.0,,,,,,,,,,3.8858688079469226,42871704791.0,463.2352941176471,62.083504624630926,17.3,9.2,2.7,2.1,0.57,0.0,0.0,0.0,0.0,0.3,0.3,0.5,0.5,0.3,0.05185185185185185,0.06390977443609025,0.3,0.3,0.3,0.918918918918919,0.3,0.36742424242424243,0.0,0.24363636363636365,0.0,0.3,0.3,0.3,0.3,0.3,,,,1608232320.0,23.33,17.84,,,,1608232320.0,,,,,,,,,,,3.8859,42871704791.0,,,17.3000000000000,9.2,2.7000000000000,2.1000000000000,0.570,0.0,0.0,0.0,0.0,0.300000000000,0.300000000000,0.500000000000,0.500000000000,0.300000000000,0.051900000000,0.063900000000,0.300000000000,0.300000000000,0.300000000000,0.918900000000,0.300000000000,0.367400000000,0E-12,0.243600000000,0E-12,0.300000000000,0.300000000000,0.300000000000,0.300000000000,0.300000000000
dec2e66cbc6ff178a8ee0240a9fc017e,کپشیر,22072650.0,12393378.0,78.10035326930237,9190016.0,18.161178097150938,48.75,46.55634333027185,43.44289701125207,51.987185492217655,9248000000.0,4704500000.0,9190016.0,0.001,6.569732426263954,3.9345049503147473,,0.4121960179394682,0.7190199906502426,1.487243848958418,62.21574344023324,1.87408740254555,247742137187.66666,95.34522265915612,143.10660713020832,20.5,14.9,6.4,6.9,1.0,0.0,0.0,0.0,0.0,0.4583333333333333,0.4854368932038835,0.4887218045112782,0.5,0.5769230769230769,0.5074074074074074,0.9661654135338346,0.5319148936170213,0.8949416342412452,0.7184466019417476,0.4594594594594595,0.7342657342657343,0.5757575757575758,0.7163636363636363,0.26909090909090905,0.6763636363636364,0.5247524752475248,0.5793650793650794,0.8478260869565217,0.5054347826086957,0.4114583333333333,22072650.0,12393378.0,78.1,9190016.0,18.16,48.75,46.56,43.44,51.99,9248000000.0,,,0.001,6.57,3.93,,0.412,0.72,1.49,62.22,1.8741,247742137187.67,,,20.5000000000000,14.9,6.4000000000000,6.9000000000000,1.000,0.0,0.0,0.0,0.0,0.458300000000,0.485400000000,0.488700000000,0.500000000000,0.576900000000,0.507400000000,0.966200000000,0.531900000000,0.894900000000,0.718400000000,0.459500000000,0.734300000000,0.575800000000,0.716400000000,0.269100000000,0.676400000000,0.524800000000,0.579400000000,0.847800000000,0.505400000000,0.411500000000
dfe07aa2c9a5a27265431f60ae868b8c,فسپا,57523088.0,39212130.0,46.6971776335537,15615500000.0,6.60401524126669,40.04,,,,15615500000.0,7833150000.0,,,,,,,,,68.0244399185336,1.950366097020501,603805957513.0,99.35147418343834,882.419163550364,15.5,9.2,8.2,7.1,1.0,0.0,0.0,0.0,0.0,0.3,0.3,0.5,0.5,0.3,0.7666666666666667,0.9398496240601504,0.3,0.8949416342412452,0.3,0.4826254826254826,0.3,0.8901515151515151,0.0,0.7418181818181818,0.0,0.3,0.3,0.33152173913043476,0.27717391304347827,0.8645833333333334,57523088.0,39212130.0,46.7,15615500000.0,6.6,40.04,,,,15615500000.0,,,,,,,,,,68.02,1.9504,603805957513.0,,,15.5000000000000,9.2,8.2000000000000,7.1000000000000,1.000,0.0,0.0,0.0,0.0,0.300000000000,0.300000000000,0.500000000000,0.500000000000,0.300000000000,0.766700000000,0.939800000000,0.300000000000,0.894900000000,0.300000000000,0.482600000000,0.300000000000,0.890200000000,0E-12,0.741800000000,0E-12,0.300000000000,0.300000000000,0.331500000000,0.277200000000,0.864600000000
e2d1f5c5d5e4d6849d80511b5f035099,وبصادر,,,,144735484820.0,5.237837837837838,14.34,0.7309204158730168,,,144735484820.0,153003299072.0,,,-5.6537010311295655,0.0,0.9669894226694975,,,,29.892761394101875,2.6199844289345884,3856174899225.967,-5.403683647441712,-79.38382845138756,3.6,1.3,9.4,5.6,0.72,5.0,7.0,0.0,0.0,0.3,0.3,0.9849624060150376,0.02586206896551724,0.3,0.9592592592592593,0.2744360902255639,0.12056737588652482,0.6614785992217899,0.3,0.12355212355212356,0.08391608391608392,0.10984848484848485,0.0,0.8581818181818182,0.0,0.3,0.3968253968253968,0.3,0.3,0.3,,,,144735484820.0,5.24,14.34,0.73,,,144735484820.0,,,,-5.65,0.0,0.97,,,,29.89,2.62,3856174899225.97,,,3.6000000000000,1.3,9.4000000000000,5.6000000000000,0.720,5.0,7.0,0.0,0.0,0.300000000000,0.300000000000,0.985000000000,0.025900000000,0.300000000000,0.959300000000,0.274400000000,0.120600000000,0.661500000000,0.300000000000,0.123600000000,0.083900000000,0.109800000000,0E-12,0.858200000000,0E-12,0.300000000000,0.396800000000,0.300000000000,0.300000000000,0.300000000000
e4f51cddab83abe24e70280c9f7240b3,قلرست,25207063.0,10104936.0,149.45297031074713,,,39.34,,,,,,,,,,,,,,18.04795961295751,2.6337468611892887,127602702622.0,233.49937733499377,271.44235963928026,28.5,9.2,0.0,3.0,0.965,0.0,0.0,8.0,0.0,0.3,0.3,0.5,0.5,0.3,0.25555555555555554,0.24060150375939848,0.3,0.5097276264591439,0.3,0.7953667953667953,0.3,0.8901515151515151,0.0,0.0,0.0,0.3,0.3,0.9456521739130435,0.8967391304347826,0.0625,25207063.0,10104936.0,149.45,,,39.34,,,,,,,,,,,,,,18.05,2.6337,127602702622.0,,,28.5000000000000,9.2,0E-13,3.0000000000000,0.965,0.0,0.0,8.0,0.0,0.300000000000,0.300000000000,0.500000000000,0.500000000000,0.300000000000,0.255600000000,0.240600000000,0.300000000000,0.509700000000,0.300000000000,0.795400000000,0.300000000000,0.890200000000,0E-12,0E-12,0E-12,0.300000000000,0.300000000000,0.945700000000,0.896700000000,0.062500000000
e60b29bf5ce7f167ddc4039487210d2f,سشرق,35976996.0,19917240.0,80.632437024407,14321800000.0,10.281528858104428,38.44,,,,14321800000.0,5285849120.0,,,,,,,,,20.467242254951753,2.602021757902578,429865216716.6667,170.9460613586337,99.69927987422128,19.6,9.2,4.4,5.3,1.0,0.0,0.0,0.0,0.0,0.3,0.3,0.5,0.5,0.3,0.7111111111111111,0.29323308270676696,0.3,0.5525291828793775,0.3,0.7027027027027027,0.3,0.4659090909090909,0.0,0.4,0.0,0.3,0.3,0.5434782608695652,0.5434782608695652,0.8125,35976996.0,19917240.0,80.63,14321800000.0,10.28,38.44,,,,14321800000.0,,,,,,,,,,20.47,2.602,429865216716.67,,,19.6000000000000,9.2,4.4000000000000,5.3000000000000,1.000,0.0,0.0,0.0,0.0,0.300000000000,0.300000000000,0.500000000000,0.500000000000,0.300000000000,0.711100000000,0.293200000000,0.300000000000,0.552500000000,0.300000000000,0.702700000000,0.300000000000,0.465900000000,0E-12,0.400000000000,0E-12,0.300000000000,0.300000000000,0.543500000000,0.543500000000,0.812500000000
e62877018de8682af3ad516f752ad9bb,غدام,1710629.0,2482931.0,-31.10444873417747,,,10.25,,,,,,,,,,,,,,17.4573055028463,2.1743419172097695,49224528913.333336,,,3.0,9.2,0.0,3.8,0.64,6.0,0.0,8.0,0.0,0.3,0.3,0.5,0.5,0.3,0.06666666666666667,0.8120300751879699,0.3,0.49416342412451364,0.3,0.3,0.3,0.3,0.0,0.0,0.0,0.3,0.3,0.4782608695652174,0.010869565217391304,0.3125,1710629.0,2482931.0,-31.1,,,10.25,,,,,,,,,,,,,,17.46,2.1743,49224528913.33,,,3.0000000000000,9.2,0E-13,3.8000000000000,0.640,6.0,0.0,8.0,0.0,0.300000000000,0.300000000000,0.500000000000,0.500000000000,0.300000000000,0.066700000000,0.812000000000,0.300000000000,0.494200000000,0.300000000000,0.300000000000,0.300000000000,0.300000000000,0E-12,0E-12,0E-12,0.300000000000,0.300000000000,0.478300000000,0.010900000000,0.312500000000
e6f5fb278dab95af4b0dede9cbdd4f34,کحافظ,37256135.0,22597710.0,64.86686040311164,8527596.0,6.414546273868175,45.98,29.013563995299197,24.604459810008677,22.066721406528245,8516213497.0,6725929518.0,8527596.0,0.001,1.859885751585992,0.27472926537830217,7.147113164416298,0.48047233944947676,0.4971073706832875,2.2879444335737578,10.909913988229968,2.594675249871959,258071756231.5,26.786877221629545,96.55042057016085,15.4,11.3,13.0,6.3,1.0,0.0,0.0,0.0,0.0,0.5,0.8155339805825242,0.8646616541353384,0.33620689655172414,0.7692307692307692,0.5333333333333333,0.2969924812030075,0.3617021276595745,0.31906614785992216,0.4077669902912621,0.22393822393822393,0.5314685314685315,0.45454545454545453,0.9818181818181818,0.7636363636363637,0.8872727272727272,0.15841584158415842,0.4444444444444444,0.7336956521739131,0.42391304347826086,0.640625,37256135.0,22597710.0,64.87,8527596.0,6.41,45.98,29.01,24.6,22.07,8516213497.0,,,0.001,1.86,0.27,7.15,0.48,0.5,2.29,10.91,2.5947,258071756231.5,,,15.4000000000000,11.3,13.0000000000000,6.3000000000000,1.000,0.0,0.0,0.0,0.0,0.500000000000,0.815500000000,0.864700000000,0.336200000000,0.769200000000,0.533300000000,0.297000000000,0.361700000000,0.319100000000,0.407800000000,0.223900000000,0.531500000000,0.454500000000,0.981800000000,0.763600000000,0.887300000000,0.158400000000,0.444400000000,0.733700000000,0.423900000000,0.640600000000
e863456493cc72d8dc255c72551f3c26,خصدرا,,,,5008221887.0,11.99476439790576,16.34,,,,5008221887.0,1940358218.0,,,,,,,,,,2.0024580640059733,27355347379.333332,158.10810810810813,109.03954405804465,15.3,9.2,3.8,3.7,0.51,0.0,0.0,0.0,0.0,0.3,0.3,0.5,0.5,0.3,0.025925925925925925,0.9210526315789473,0.3,0.3,0.3,0.6563706563706564,0.3,0.49242424242424243,0.0,0.34545454545454546,0.0,0.3,0.3,0.3,0.3,0.3,,,,5008221887.0,11.99,16.34,,,,5008221887.0,,,,,,,,,,,2.0025,27355347379.33,,,15.3000000000000,9.2,3.8000000000000,3.7000000000000,0.510,0.0,0.0,0.0,0.0,0.300000000000,0.300000000000,0.500000000000,0.500000000000,0.300000000000,0.025900000000,0.921100000000,0.300000000000,0.300000000000,0.300000000000,0.656400000000,0.300000000000,0.492400000000,0E-12,0.345500000000,0E-12,0.300000000000,0.300000000000,0.300000000000,0.300000000000,0.300000000000
eb385d3905217941c6bb9e2caf44b537,فسبزوار,,,,43784000000.0,6.893842499543212,29.08,,,,43784000000.0,5080000000.0,,,,,,,,,7.848795267638148,2.3681129834703794,601143379197.6666,761.8897637795276,113.24439850784015,18.1,9.2,7.9,5.2,0.72,0.0,0.0,0.0,0.0,0.3,0.3,0.5,0.5,0.3,0.762962962962963,0.6090225563909775,0.3,0.24124513618677043,0.3,0.918918918918919,0.3,0.5151515151515151,0.0,0.7163636363636363,0.0,0.3,0.3,0.3,0.3,0.3,,,,43784000000.0,6.89,29.08,,,,43784000000.0,,,,,,,,,,7.85,2.3681,601143379197.67,,,18.1000000000000,9.2,7.9000000000000,5.2000000000000,0.720,0.0,0.0,0.0,0.0,0.300000000000,0.300000000000,0.500000000000,0.500000000000,0.300000000000,0.763000000000,0.609000000000,0.300000000000,0.241200000000,0.300000000000,0.918900000000,0.300000000000,0.515200000000,0E-12,0.716400000000,0E-12,0.300000000000,0.300000000000,0.300000000000,0.300000000000,0.300000000000
ebcee98ad7dedd38d7be45b541349ffa,وتوشه,,,,17360500000.0,4.855850925952594,21.38,,,,17360500000.0,10987500000.0,,,,,,,,,8.072916666666668,2.319164497758511,111466088911.0,58.002275312855524,0.0,10.8,9.2,9.7,3.7,0.64,0.0,0.0,0.0,0.0,0.3,0.3,0.5,0.5,0.3,0.1962962962962963,0.6804511278195489,0.3,0.2529182879377432,0.3,0.3436293436293436,0.3,0.20833333333333334,0.0,0.8836363636363637,0.0,0.3,0.3,0.3,0.3,0.3,,,,17360500000.0,4.86,21.38,,,,17360500000.0,,,,,,,,,,8.07,2.3192,111466088911.0,,,10.8000000000000,9.2,9.7000000000000,3.7000000000000,0.640,0.0,0.0,0.0,0.0,0.300000000000,0.300000000000,0.500000000000,0.500000000000,0.300000000000,0.196300000000,0.680500000000,0.300000000000,0.252900000000,0.300000000000,0.343600000000,0.300000000000,0.208300000000,0E-12,0.883600000000,0E-12,0.300000000000,0.300000000000,0.300000000000,0.300000000000,0.300000000000
eccaf93842ab5f9e3d79fae98027bde1,پسهند,10689553.0,9330486.0,14.565875775388335,1262480000.0,16.743869209809265,25.9,,,,1262480000.0,3088290000.0,,,,,,,,,24.86019318759532,2.5222090214725923,64247313794.333336,-59.12041939066604,256.51356327482506,12.4,9.2,3.2,3.3,0.92,0.0,0.0,0.0,0.0,0.3,0.3,0.5,0.5,0.3,0.08888888888888889,0.37593984962406013,0.3,0.6342412451361867,0.3,0.04247104247104247,0.3,0.8901515151515151,0.0,0.29454545454545455,0.0,0.3,0.3,0.8641304347826086,0.08695652173913043,0.4270833333333333,10689553.0,9330486.0,14.57,1262480000.0,16.74,25.9,,,,1262480000.0,,,,,,,,,,24.86,2.5222,64247313794.33,,,12.4000000000000,9.2,3.2000000000000,3.3000000000000,0.920,0.0,0.0,0.0,0.0,0.300000000000,0.300000000000,0.500000000000,0.500000000000,0.300000000000,0.088900000000,0.375900000000,0.300000000000,0.634200000000,0.300000000000,0.042500000000,0.300000000000,0.890200000000,0E-12,0.294500000000,0E-12,0.300000000000,0.300000000000,0.864100000000,0.087000000000,0.427100000000
efb86e9938a9c7351b51280587d898dc,رانفور,87303434.0,71277265.0,22.484264793268935,9612000000.0,31.7103620474407,27.82,,,,9612000000.0,-12204000000.0,,,,,,,,,-5.947955390334572,2.2715942862781517,92958217744.66667,178.76106194690266,18.25100859659349,12.1,9.2,2.3,4.2,1.0,0.0,0.0,0.0,0.0,0.3,0.3,0.5,0.5,0.3,0.17037037037037037,0.7330827067669172,0.3,0.03501945525291829,0.3,0.722007722007722,0.3,0.23863636363636365,0.0,0.21090909090909093,0.0,0.3,0.3,0.16847826086956522,0.11956521739130435,0.9635416666666666,87303434.0,71277265.0,22.48,9612000000.0,31.71,27.82,,,,9612000000.0,,,,,,,,,,-5.95,2.2716,92958217744.67,,,12.1000000000000,9.2,2.3000000000000,4.2000000000000,1.000,0.0,0.0,0.0,0.0,0.300000000000,0.300000000000,0.500000000000,0.500000000000,0.300000000000,0.170400000000,0.733100000000,0.300000000000,0.035000000000,0.300000000000,0.722000000000,0.300000000000,0.238600000000,0E-12,0.210900000000,0E-12,0.300000000000,0.300000000000,0.168500000000,0.119600000000,0.963500000000
efbd08e291c09108c086ad170e7026ef,کگل,1362687879.0,937228933.0,45.395413118344266,158008844.0,10.47809853627233,21.46,16.579797595189724,15.386529110018648,20.881517800288744,91539000000.0,306175000000.0,158008844.0,0.001,-3.9100341020060565,39.728798774712814,3.5697757782478896,1.465647821586493,1.7702122214712757,0.8015782521382234,-0.45887751500176494,2.6469380813951386,2301298423538.8335,-48.3926368906671,-12.867926114239856,6.7,1.0,8.7,5.0,1.0,0.0,5.0,0.0,0.0,0.9375,0.06796116504854369,0.12030075187969924,0.12931034482758622,0.28846153846153844,0.9444444444444444,0.22556390977443608,0.16312056737588654,0.0933852140077821,0.23300970873786409,0.05405405405405406,0.26573426573426573,0.17045454545454544,0.9381818181818182,0.38181818181818183,0.88,0.1188118811881188,0.09523809523809523,0.375,0.2608695652173913,0.953125,1362687879.0,937228933.0,45.4,158008844.0,10.48,21.46,16.58,15.39,20.88,91539000000.0,,,0.001,-3.91,39.73,3.57,1.466,1.77,0.8,-0.46,2.6469,2301298423538.83,,,6.7000000000000,1.0,8.7000000000000,5.0000000000000,1.000,0.0,5.0,0.0,0.0,0.937500000000,0.068000000000,0.120300000000,0.129300000000,0.288500000000,0.944400000000,0.225600000000,0.163100000000,0.093400000000,0.233000000000,0.054100000000,0.265700000000,0.170500000000,0.938200000000,0.381800000000,0.880000000000,0.118800000000,0.095200000000,0.375000000000,0.260900000000,0.953100000000
f014eb1a1c5399dfedbc5d53791ad9ac,شپدیس,908062338.0,564944129.0,60.734892423317845,438772604.0,7.016472629105069,52.0,50.61870472478447,49.987070677158435,78.9866315635936,393486448652.0,121032000000.0,438772604.0,0.001,3.3327135163871233,19.25095633460906,21.803138803170466,0.43232662949029516,0.8026601766276558,1.5032477823501273,19.67654986522911,2.416153963223094,4638032088960.667,262.5261121025845,85.34463731388384,16.6,17.0,11.6,6.8,1.0,0.0,0.0,0.0,0.0,0.46875,0.49514563106796117,0.20300751879699253,0.8146551724137931,0.5384615384615384,0.9703703703703703,0.5488721804511278,0.45390070921985815,0.5369649805447471,0.8252427184466019,0.8146718146718147,0.7762237762237763,0.4318181818181818,0.7818181818181819,0.7018181818181819,0.7563636363636363,0.8415841584158416,0.35714285714285715,0.10869565217391304,0.3858695652173913,0.21875,908062338.0,564944129.0,60.73,438772604.0,7.02,52.0,50.62,49.99,78.99,393486448652.0,,,0.001,3.33,19.25,21.8,0.432,0.8,1.5,19.68,2.4162,4638032088960.67,,,16.6000000000000,17.0,11.6000000000000,6.8000000000000,1.000,0.0,0.0,0.0,0.0,0.468800000000,0.495100000000,0.203000000000,0.814700000000,0.538500000000,0.970400000000,0.548900000000,0.453900000000,0.537000000000,0.825200000000,0.814700000000,0.776200000000,0.431800000000,0.781800000000,0.701800000000,0.756400000000,0.841600000000,0.357100000000,0.108700000000,0.385900000000,0.218800000000
f08b706dfe1ab6bc864806ce40729675,زهلال,,,,3153500000.0,8.351038528618995,22.51,,,,3153500000.0,1248500000.0,,,,,,,,,11.426153195090986,2.0863121537077225,147403418646.66666,152.5830997196636,147.42393615624917,15.6,9.2,5.8,4.6,0.64,0.0,0.0,0.0,0.0,0.3,0.3,0.5,0.5,0.3,0.3111111111111111,0.9022556390977443,0.3,0.33073929961089493,0.3,0.6332046332046332,0.3,0.5871212121212122,0.0,0.5309090909090909,0.0,0.3,0.3,0.3,0.3,0.3,,,,3153500000.0,8.35,22.51,,,,3153500000.0,,,,,,,,,,11.43,2.0863,147403418646.67,,,15.6000000000000,9.2,5.8000000000000,4.6000000000000,0.640,0.0,0.0,0.0,0.0,0.300000000000,0.300000000000,0.500000000000,0.500000000000,0.300000000000,0.311100000000,0.902300000000,0.300000000000,0.330700000000,0.300000000000,0.633200000000,0.300000000000,0.587100000000,0E-12,0.530900000000,0E-12,0.300000000000,0.300000000000,0.300000000000,0.300000000000,0.300000000000
f165f6d8af88d6563894b42f26df2b45,حسینا,67028728.0,65091789.0,2.975704047710227,22127990280.0,7.439024390243903,24.95,,,,22127990280.0,29620061890.0,,,,,,,,,18.754055807916934,2.7606010734719684,295132063662.3333,-25.293909370693758,-20.567374526555103,4.1,9.2,7.1,4.6,1.0,0.0,0.0,0.0,0.0,0.3,0.3,0.5,0.5,0.3,0.5888888888888889,0.13909774436090228,0.3,0.5175097276264592,0.3,0.09652509652509653,0.3,0.1553030303030303,0.0,0.6436363636363636,0.0,0.3,0.3,0.08152173913043478,0.03260869565217391,0.8489583333333334,67028728.0,65091789.0,2.98,22127990280.0,7.44,24.95,,,,22127990280.0,,,,,,,,,,18.75,2.7606,295132063662.33,,,4.1000000000000,9.2,7.1000000000000,4.6000000000000,1.000,0.0,0.0,0.0,0.0,0.300000000000,0.300000000000,0.500000000000,0.500000000000,0.300000000000,0.588900000000,0.139100000000,0.300000000000,0.517500000000,0.300000000000,0.096500000000,0.300000000000,0.155300000000,0E-12,0.643600000000,0E-12,0.300000000000,0.300000000000,0.081500000000,0.032600000000,0.849000000000
f204dcb930e5f3c8891436b434ca7ef8,شغدیر,106364548.0,65555001.0,62.25237796884482,15954827.0,6.567635468629784,55.97,15.297928239939596,16.64221783097949,79.72448657598481,16099200000.0,1006200000.0,15954827.0,0.001,32.29128123707285,3.298712272440997,134.72201944541425,0.8876378916549832,1.7321028329607737,1.0906430673054777,90.38571157134714,5.522986563586818,683192200737.5,1485.6516597097993,1230.5198971030454,22.8,16.0,12.6,4.5,1.0,0.0,0.0,0.0,0.0,0.7708333333333334,0.1650485436893204,0.5563909774436091,0.8146551724137931,0.3076923076923077,0.8,0.02631578947368418,0.9432624113475178,0.8949416342412452,0.24271844660194175,0.918918918918919,0.23076923076923078,0.8901515151515151,0.7963636363636364,0.749090909090909,0.9381818181818182,0.8514851485148515,0.6349206349206349,0.32608695652173914,0.40217391304347827,0.19270833333333334,106364548.0,65555001.0,62.25,15954827.0,6.57,55.97,15.3,16.64,79.72,16099200000.0,,,0.001,32.29,3.3,134.72,0.888,1.73,1.09,90.39,5.523,683192200737.5,,,22.8000000000000,16.0,12.6000000000000,4.5000000000000,1.000,0.0,0.0,0.0,0.0,0.770800000000,0.165000000000,0.556400000000,0.814700000000,0.307700000000,0.800000000000,0.026300000000,0.943300000000,0.894900000000,0.242700000000,0.918900000000,0.230800000000,0.890200000000,0.796400000000,0.749100000000,0.938200000000,0.851500000000,0.634900000000,0.326100000000,0.402200000000,0.192700000000
f26e919a7e723cb5fb35be3a34b11035,کمنگنز,14675881.0,6829017.0,114.90473665536342,5925358.0,7.181648213538991,60.68,45.52153127285326,44.658768458690275,51.22143864159098,5856750000.0,2184750000.0,5925358.0,0.001,17.040576571306694,18.26281645174402,27.444163322282325,0.6152105914950624,0.5096752532239246,1.3971897578488583,24.015748031496063,2.194048424373536,228908163485.0,171.2144638974711,419.2836945832557,26.6,15.7,11.5,6.9,1.0,0.0,0.0,0.0,0.0,0.6145833333333334,0.4174757281553398,0.21052631578947367,0.8146551724137931,0.7596153846153846,0.48518518518518516,0.8007518796992481,0.7943262411347518,0.6108949416342413,0.7281553398058253,0.7065637065637066,0.6993006993006993,0.8901515151515151,0.8654545454545455,0.6763636363636364,0.7709090909090909,0.5148514851485149,0.9484126984126984,0.43478260869565216,0.7771739130434783,0.8385416666666666,14675881.0,6829017.0,114.9,5925358.0,7.18,60.68,45.52,44.66,51.22,5856750000.0,,,0.001,17.04,18.26,27.44,0.615,0.51,1.4,24.02,2.194,228908163485.0,,,26.6000000000000,15.7,11.5000000000000,6.9000000000000,1.000,0.0,0.0,0.0,0.0,0.614600000000,0.417500000000,0.210500000000,0.814700000000,0.759600000000,0.485200000000,0.800800000000,0.794300000000,0.610900000000,0.728200000000,0.706600000000,0.699300000000,0.890200000000,0.865500000000,0.676400000000,0.770900000000,0.514900000000,0.948400000000,0.434800000000,0.777200000000,0.838500000000
f29a3223edeee237a7b7664f7bb172ff,وبملت,,,,2862390000000.0,1.745119987143611,27.88,,,,2862390000000.0,2125580000000.0,,,,,,,,,14.462490332559938,2.361703210953382,12492011533280.633,34.66395054526294,211.2061768920122,12.4,9.2,10.9,6.2,0.72,0.0,0.0,0.0,0.0,0.3,0.3,0.5,0.5,0.3,1.0,0.6165413533834587,0.3,0.4280155642023346,0.3,0.2548262548262548,0.3,0.7196969696969697,0.0,0.9927272727272727,0.0,0.3,0.3,0.3,0.3,0.3,,,,2862390000000.0,1.75,27.88,,,,2862390000000.0,,,,,,,,,,14.46,2.3617,12492011533280.63,,,12.4000000000000,9.2,10.9000000000000,6.2000000000000,0.720,0.0,0.0,0.0,0.0,0.300000000000,0.300000000000,0.500000000000,0.500000000000,0.300000000000,1.000000000000,0.616500000000,0.300000000000,0.428000000000,0.300000000000,0.254800000000,0.300000000000,0.719700000000,0E-12,0.992700000000,0E-12,0.300000000000,0.300000000000,0.300000000000,0.300000000000,0.300000000000
f785e696c04d1a51b6e88f62deefacb3,فایرا,683891972.0,299948584.0,128.00306735236998,150004494.0,5.9237149579218435,62.84,31.028449164933537,23.880047923336875,59.47086290758825,148924000000.0,47584000000.0,150004494.0,0.001,24.27805763762568,1.47142686154496,64.08447437461143,0.3881572508087658,0.6275572760498175,2.580724156079258,3.540462427745665,2.487519746164418,893249374733.3334,215.24145511096168,298.3903008096512,26.3,16.1,13.2,7.2,1.0,0.0,0.0,0.0,0.0,0.4479166666666667,0.8446601941747572,0.6766917293233083,0.8146551724137931,0.6730769230769231,0.837037037037037,0.45112781954887216,0.8652482269503546,0.16731517509727625,0.3786407766990291,0.7683397683397684,0.5664335664335665,0.8901515151515151,0.8763636363636363,0.8,0.8981818181818182,0.6138613861386139,0.9484126984126984,0.14673913043478262,0.8532608695652174,0.5833333333333334,683891972.0,299948584.0,128.0,150004494.0,5.92,62.84,31.03,23.88,59.47,148924000000.0,,,0.001,24.28,1.47,64.08,0.388,0.63,2.58,3.54,2.4875,893249374733.33,,,26.3000000000000,16.1,13.2000000000000,7.2000000000000,1.000,0.0,0.0,0.0,0.0,0.447900000000,0.844700000000,0.676700000000,0.814700000000,0.673100000000,0.837000000000,0.451100000000,0.865200000000,0.167300000000,0.378600000000,0.768300000000,0.566400000000,0.890200000000,0.876400000000,0.800000000000,0.898200000000,0.613900000000,0.948400000000,0.146700000000,0.853300000000,0.583300000000
f8449f411289fa0775dc1618a83c922b,اسیاتک,41288182.0,31906064.0,29.405438414465664,11500293.0,4.226687077869652,38.05,26.04674357232189,28.630481614172314,42.82991330291891,10915200000.0,6527300000.0,11500293.0,0.001,19.09817647584988,68.23758141877812,14.608298900585478,0.9214280018778652,2.007186452893491,0.5440941264008943,35.75096277278562,1.9633366101030252,600274161445.9667,76.18759670920595,157.6636654230337,13.1,7.2,14.8,6.3,0.92,0.0,4.8,0.0,0.0,0.78125,0.019417475728155338,0.08270676691729328,0.5172413793103449,0.21153846153846156,0.7592592592592593,0.9323308270676691,0.8085106382978723,0.7315175097276264,0.5048543689320388,0.4092664092664093,0.4965034965034965,0.6212121212121212,0.9636363636363636,0.9163636363636364,0.9236363636363636,0.3564356435643564,0.16666666666666666,0.5760869565217391,0.16304347826086957,0.9322916666666666,41288182.0,31906064.0,29.41,11500293.0,4.23,38.05,26.05,28.63,42.83,10915200000.0,,,0.001,19.1,68.24,14.61,0.921,2.01,0.54,35.75,1.9633,600274161445.97,,,13.1000000000000,7.2,14.8000000000000,6.3000000000000,0.920,0.0,4.8,0.0,0.0,0.781300000000,0.019400000000,0.082700000000,0.517200000000,0.211500000000,0.759300000000,0.932300000000,0.808500000000,0.731500000000,0.504900000000,0.409300000000,0.496500000000,0.621200000000,0.963600000000,0.916400000000,0.923600000000,0.356400000000,0.166700000000,0.576100000000,0.163000000000,0.932300000000
f8dfbe7ae5669ddbcb0fa22d6d3e7a5c,ثبهساز,,,,8857546280.0,8.35,23.94,86.41177066020477,,,8857546280.0,11937556691.0,,,9.393446807859334,0.7084795999123759,133.88478199986892,,,,0.4936917169500823,2.302002240802337,313601312832.3333,-25.801011804384487,-14.752089905232618,7.7,14.8,5.9,4.9,0.72,0.0,0.0,0.0,0.0,0.3,0.3,0.7744360902255639,0.8146551724137931,0.3,0.6185185185185185,0.6992481203007519,0.5957446808510638,0.11673151750972763,0.3,0.09266409266409266,0.9790209790209791,0.16287878787878787,0.0,0.5345454545454545,0.0,0.3,0.2222222222222222,0.3,0.3,0.3,,,,8857546280.0,8.35,23.94,86.41,,,8857546280.0,,,,9.39,0.71,133.88,,,,0.49,2.302,313601312832.33,,,7.7000000000000,14.8,5.9000000000000,4.9000000000000,0.720,0.0,0.0,0.0,0.0,0.300000000000,0.300000000000,0.774400000000,0.814700000000,0.300000000000,0.618500000000,0.699200000000,0.595700000000,0.116700000000,0.300000000000,0.092700000000,0.979000000000,0.162900000000,0E-12,0.534500000000,0E-12,0.300000000000,0.222200000000,0.300000000000,0.300000000000,0.300000000000
fa2e3267b28da291dc990ba6910786d0,جم پیلن3,269587082.0,184674501.0,45.97959141094417,83705939.0,7.225071654182832,51.66,34.862310573641246,32.67496582361048,193.1194529104128,87822000000.0,28604000000.0,83705939.0,0.001,31.299227320791225,24.698529139387578,103.37546563994218,0.7362914715047877,2.862250561933121,1.2623172399814782,15.70376114773168,2.716251502105217,181140886926.66666,192.6371801146693,200.72880971794814,19.5,17.6,11.2,3.4,1.0,0.0,0.5,0.0,0.0,0.6979166666666666,0.3300970873786408,0.18045112781954886,0.8146551724137931,0.08653846153846156,0.3851851851851852,0.17669172932330823,0.9432624113475178,0.4591439688715953,0.5728155339805825,0.7413127413127413,0.6153846153846154,0.7121212121212122,0.6763636363636364,0.6727272727272727,0.8145454545454546,0.9801980198019802,0.21428571428571427,0.7934782608695652,0.266304347826087,0.6354166666666666,269587082.0,184674501.0,45.98,83705939.0,7.23,51.66,34.86,32.67,193.12,87822000000.0,,,0.001,31.3,24.7,103.38,0.736,2.86,1.26,15.7,2.7163,181140886926.67,,,19.5000000000000,17.6,11.2000000000000,3.4000000000000,1.000,0.0,0.5,0.0,0.0,0.697900000000,0.330100000000,0.180500000000,0.814700000000,0.086500000000,0.385200000000,0.176700000000,0.943300000000,0.459100000000,0.572800000000,0.741300000000,0.615400000000,0.712100000000,0.676400000000,0.672700000000,0.814500000000,0.980200000000,0.214300000000,0.793500000000,0.266300000000,0.635400000000
fa35570c95ed00ea371c6fca0da91641,برکت,,,,523976.0,,16.13,,,2.936787407599756,31905600000.0,502860000.0,523976.0,,,3.554756686980277,,-1.3569381040352992,0.593375032767137,0.9443932699701452,32.32044198895028,2.478790393098976,673912779970.0,6244.827586206897,-101.5368396770473,9.3,7.3,0.0,5.9,0.72,5.0,0.0,8.0,0.0,0.0,0.0970873786407767,0.5263157894736843,0.5,0.7019230769230769,0.7925925925925926,0.4586466165413534,0.3,0.7003891050583657,0.3,0.918918918918919,0.3,0.05303030303030303,0.0,0.0,0.0,0.0594059405940594,0.0,0.3,0.3,0.3,,,,523976.0,,16.13,,,2.94,31905600000.0,,,,,3.55,,-1.357,0.59,0.94,32.32,2.4788,673912779970.0,,,9.3000000000000,7.3,0E-13,5.9000000000000,0.720,5.0,0.0,8.0,0.0,0E-12,0.097100000000,0.526300000000,0.500000000000,0.701900000000,0.792600000000,0.458600000000,0.300000000000,0.700400000000,0.300000000000,0.918900000000,0.300000000000,0.053000000000,0E-12,0E-12,0E-12,0.059400000000,0E-12,0.300000000000,0.300000000000,0.300000000000
fb2ff05e8a5b71f6d43905f74f59cec6,خدیزل,,,,25848000000.0,4.874651810584958,18.55,,,,25848000000.0,18617410000.0,,,,,,,,,7.987616099071207,2.137622056724972,82253086981.66667,38.83778678129772,-106.95049565570922,4.3,9.2,9.7,3.9,0.685,5.0,0.0,0.0,0.0,0.3,0.3,0.5,0.5,0.3,0.13703703703703704,0.868421052631579,0.3,0.2490272373540856,0.3,0.277992277992278,0.3,0.045454545454545456,0.0,0.88,0.0,0.3,0.3,0.3,0.3,0.3,,,,25848000000.0,4.87,18.55,,,,25848000000.0,,,,,,,,,,7.99,2.1376,82253086981.67,,,4.3000000000000,9.2,9.7000000000000,3.9000000000000,0.685,5.0,0.0,0.0,0.0,0.300000000000,0.300000000000,0.500000000000,0.500000000000,0.300000000000,0.137000000000,0.868400000000,0.300000000000,0.249000000000,0.300000000000,0.278000000000,0.300000000000,0.045500000000,0E-12,0.880000000000,0E-12,0.300000000000,0.300000000000,0.300000000000,0.300000000000,0.300000000000
fd32ba6ce155b8809f2066377e9eeccc,دقاضی,68826823.0,26148539.0,163.21479375960547,25068728.0,8.902435453460342,63.45,62.45133848289572,45.5856106110502,60.581270901991665,25072420000.0,9579730000.0,25068728.0,0.001,13.128433979788525,0.00013099711007899252,18.17721748635367,0.11607018912168181,0.6458018806859598,2.5251975402957263,1.41643059490085,2.3886319567093883,403344233946.6667,161.685120561853,347.16139372736774,29.4,18.5,9.1,6.4,1.0,0.0,0.0,0.0,0.0,0.16666666666666666,0.8349514563106796,0.9624060150375939,0.603448275862069,0.6442307692307692,0.6666666666666666,0.5714285714285714,0.6950354609929078,0.12840466926070038,0.7572815533980582,0.667953667953668,0.8881118881118881,0.8901515151515151,0.7927272727272727,0.48363636363636364,0.7418181818181818,0.6435643564356436,0.9484126984126984,0.657608695652174,0.9538043478260869,0.20833333333333334,68826823.0,26148539.0,163.21,25068728.0,8.9,63.45,62.45,45.59,60.58,25072420000.0,,,0.001,13.13,0.0,18.18,0.116,0.65,2.53,1.42,2.3886,403344233946.67,,,29.4000000000000,18.5,9.1000000000000,6.4000000000000,1.000,0.0,0.0,0.0,0.0,0.166700000000,0.835000000000,0.962400000000,0.603400000000,0.644200000000,0.666700000000,0.571400000000,0.695000000000,0.128400000000,0.757300000000,0.668000000000,0.888100000000,0.890200000000,0.792700000000,0.483600000000,0.741800000000,0.643600000000,0.948400000000,0.657600000000,0.953800000000,0.208300000000
fe84a7e68ba30f83fd0f09d141ee51dd,تکمبا,,,,735732529.0,19.97658079625293,12.45,,,,735732529.0,1457680842.0,,,,,,,,,47.719298245614034,4.807128403064787,54759564763.84615,-49.527186761229316,-33.7973235055523,2.5,9.2,2.9,2.7,0.72,5.0,0.0,0.0,0.0,0.3,0.3,0.5,0.5,0.3,0.08518518518518518,0.045112781954887216,0.3,0.8949416342412452,0.3,0.05019305019305019,0.3,0.13257575757575757,0.0,0.26181818181818184,0.0,0.3,0.3,0.3,0.3,0.3,,,,735732529.0,19.98,12.45,,,,735732529.0,,,,,,,,,,47.72,4.8071,54759564763.85,,,2.5000000000000,9.2,2.9000000000000,2.7000000000000,0.720,5.0,0.0,0.0,0.0,0.300000000000,0.300000000000,0.500000000000,0.500000000000,0.300000000000,0.085200000000,0.045100000000,0.300000000000,0.894900000000,0.300000000000,0.050200000000,0.300000000000,0.132600000000,0E-12,0.261800000000,0E-12,0.300000000000,0.300000000000,0.300000000000,0.300000000000,0.300000000000
ff114137fa42e84bc683b7b9b4aecee9,کخاک,32260116.0,18795236.0,71.63985597201334,14130932.0,14.904734639347685,50.75,56.73320539372775,44.74276191866346,67.41779995924665,13818000000.0,7665000000.0,14130932.0,0.001,13.1307715483101,0.589340815160897,16.929487592086556,0.8329306234012024,0.6336058000102003,1.5649929123846844,38.96073903002309,2.359072544553987,186674831853.33334,84.35658186562296,157.45839662492313,18.5,19.1,6.9,6.3,1.0,0.0,0.0,0.0,0.0,0.7395833333333334,0.5339805825242718,0.7894736842105263,0.5862068965517241,0.6538461538461539,0.4,0.631578947368421,0.7021276595744681,0.7821011673151751,0.7378640776699029,0.444015444015444,0.8321678321678322,0.6174242424242424,0.7018181818181819,0.3163636363636364,0.6872727272727273,0.7128712871287128,0.5158730158730159,0.6032608695652174,0.47282608695652173,0.671875,32260116.0,18795236.0,71.64,14130932.0,14.9,50.75,56.73,44.74,67.42,13818000000.0,,,0.001,13.13,0.59,16.93,0.833,0.63,1.56,38.96,2.3591,186674831853.33,,,18.5000000000000,19.1,6.9000000000000,6.3000000000000,1.000,0.0,0.0,0.0,0.0,0.739600000000,0.534000000000,0.789500000000,0.586200000000,0.653800000000,0.400000000000,0.631600000000,0.702100000000,0.782100000000,0.737900000000,0.444000000000,0.832200000000,0.617400000000,0.701800000000,0.316400000000,0.687300000000,0.712900000000,0.515900000000,0.603300000000,0.472800000000,0.671900000000
ff4c38ddc4d5a2b3d58437c8708fa6cb,بپیوند,13331060.0,8289263.0,60.823223970574944,5361000000.0,10.139899272523783,32.52,,,,5361000000.0,3474000000.0,,,,,,,,,13.154613466334164,2.1770771420019512,41465321602.0,54.317789291882555,31.141102590505092,14.9,9.2,4.5,4.0,1.0,0.0,0.0,0.0,0.0,0.3,0.3,0.5,0.5,0.3,0.044444444444444446,0.8082706766917294,0.3,0.38910505836575876,0.3,0.33204633204633205,0.3,0.2727272727272727,0.0,0.40727272727272723,0.0,0.3,0.3,0.7989130434782609,0.391304347826087,0.6145833333333334,13331060.0,8289263.0,60.82,5361000000.0,10.14,32.52,,,,5361000000.0,,,,,,,,,,13.15,2.1771,41465321602.0,,,14.9000000000000,9.2,4.5000000000000,4.0000000000000,1.000,0.0,0.0,0.0,0.0,0.300000000000,0.300000000000,0.500000000000,0.500000000000,0.300000000000,0.044400000000,0.808300000000,0.300000000000,0.389100000000,0.300000000000,0.332000000000,0.300000000000,0.272700000000,0E-12,0.407300000000,0E-12,0.300000000000,0.300000000000,0.798900000000,0.391300000000,0.614600000000
