symbol,compat__SalesReportCount,compat__MarketDaysCount,compat__SalesLast12M,compat__SalesPrev12M,compat__SalesGrowth12M,compat__SalesGrowth3M,compat__SalesStability,compat__TTMNetProfit,compat__TTMNetProfitP1,compat__TTMNetProfitPrev,compat__SR_TTMNetProfit,compat__NPUnitRatio,compat__TTMOperatingProfit,compat__TTMOperatingProfitPrev,compat__OperatingMargin12M,compat__OperatingMarginTrend,compat__NetProfitMargin12M,compat__ROE,compat__PEApprox,compat__TTMEPS,compat__LatestPrice,compat__LatestClosingPrice,compat__PriceReturn7D,compat__PriceReturn30D,compat__PriceReturn90D,compat__AvgTradeValue30D,compat__Volatility30D,compat__NetProfitGrowthTTM,compat__OperatingProfitGrowthTTM,compat__SalesGrowthRank,compat__NetProfitGrowthRank,compat__OperatingProfitGrowthRank,compat__LowVolatilityRank,compat__PERank,compat__OperatingMarginRank,compat__QuantScore,ref__SalesReportCount,ref__MarketDaysCount,ref__SalesLast12M,ref__SalesPrev12M,ref__SalesGrowth12M,ref__SalesGrowth3M,ref__SalesStability,ref__TTMNetProfit,ref__TTMNetProfitP1,ref__TTMNetProfitPrev,ref__SR_TTMNetProfit,ref__NPUnitRatio,ref__TTMOperatingProfit,ref__TTMOperatingProfitPrev,ref__OperatingMargin12M,ref__OperatingMarginTrend,ref__NetProfitMargin12M,ref__ROE,ref__PEApprox,ref__TTMEPS,ref__LatestPrice,ref__LatestClosingPrice,ref__PriceReturn7D,ref__PriceReturn30D,ref__PriceReturn90D,ref__AvgTradeValue30D,ref__Volatility30D,ref__NetProfitGrowthTTM,ref__OperatingProfitGrowthTTM,ref__SalesGrowthRank,ref__NetProfitGrowthRank,ref__OperatingProfitGrowthRank,ref__LowVolatilityRank,ref__PERank,ref__OperatingMarginRank,ref__QuantScore
آردینه,41,525,22955830.0,10430792.0,120.07753581894835,6.62579258086695,0.8066870600467978,9335659.0,9518000000.0,4512000000.0,9335659.0,0.001,,4444000000.0,48.365999410116416,14.101032490585965,44.859498053086256,69.69179885835945,6.994533831983045,4666.501125600549,32640.0,32490.0,-8.29805249788315,11.957270847691246,131.6742726754136,253841526120.33334,2.631736710997336,106.9073359929078,207.79964288338468,0.8142076502732241,0.5175097276264592,0.7213740458015268,0.24626865671641796,0.7169117647058824,0.75,50.41,41,525,22955830.0,10430792.0,120.08,6.63,0.8067,9335659.0,9518000000.0,,,0.001,,,48.37,14.1,44.86,69.69,6.99,4666.5,32640.0,32490.0,-8.3,11.96,131.67,253841526120.33,2.6317,,,0.815200000000,0.513500000000,0.715900000000,0.248100000000,0.709100000000,0.755200000000,50.31
آریا,77,1353,610508732.0,579306779.0,5.386084563667777,16.450911613961196,0.5347616215801558,167692910640.0,167692910640.0,128576712000.0,,,,1.0,,,,,9.389478863422035,4877.8,45800.0,45800.0,16.09632446134347,52.0079654829074,6.67784687769315,387162666253.6667,2.0209138295064233,30.422459893048128,-49.24925736119439,0.04371584699453552,0.26459143968871596,0.1297709923664122,0.9104477611940298,0.4558823529411765,0.3,22.14,77,1353,610508732.0,579306779.0,5.39,16.45,0.5348,167692910640.0,167692910640.0,,,,,,,,,,9.39,4877.8,45800.0,45800.0,16.1,52.01,6.68,387162666253.67,2.0209,,,0.043500000000,0.243200000000,0.125000000000,0.913500000000,0.443600000000,0.300000000000,21.81
ارفع,76,2769,420825276.0,217883264.0,93.14254260483264,54.987304195523265,0.6347288304530802,80898071.0,81808000000.0,21828000000.0,80898071.0,0.001,,1.0,21.10990809969227,14.018898534667422,21.15414799535428,101.13934121763093,5.638870149700642,2528.8753990472787,14260.0,14560.0,12.95577967416602,12.259059367771782,159.76806422836754,472644807600.0,5.358818532945594,270.61604819497893,419.98833435270893,0.6229508196721312,0.8093385214007782,0.8931297709923665,0.03731343283582089,0.8235294117647058,0.35714285714285715,60.65,76,2769,420825276.0,217883264.0,93.14,54.99,0.6347,80898071.0,81808000000.0,,,0.001,,,21.11,14.02,21.15,101.14,5.64,2528.88,14260.0,14560.0,12.96,12.26,159.77,472644807600.0,5.3588,,,0.625000000000,0.818500000000,0.890200000000,0.037600000000,0.821800000000,0.356600000000,60.68
اروند,47,105,311995678.0,301675078.0,3.421097980125491,23.823658525418455,0.5815047983996171,39303694.0,,,39303694.0,0.001,,,16.4414792553046,-37.03416837360334,12.498033692365127,35.55645020323984,16.681098708124505,3273.165692221889,54600.0,54590.0,-6.954150332367479,19.846322722283205,5.6655633625612145,1031050530087.3334,2.1666015150690545,,-93.23347386915138,0.03825136612021858,0.3,0.0916030534351145,0.8246268656716418,0.3088235294117647,0.25,12.4,47,105,311995678.0,301675078.0,3.42,23.82,0.5815,39303694.0,,,,0.001,,,16.44,-37.03,12.5,35.56,16.68,3273.17,54600.0,54590.0,-6.95,19.85,5.67,1031050530087.33,2.1666,,,0.038000000000,0.300000000000,0.090900000000,0.827100000000,0.298200000000,0.251700000000,12.34
اسیاتک,64,46,41288182.0,31906064.0,29.405438414465664,57.51374426944702,0.8034360780268242,11500293.0,10915200000.0,6527300000.0,11500293.0,0.001,,1.0,26.04674357232189,19.09817647584988,28.630481614172314,42.82991330291891,4.226687077869652,1000.7838105990136,4230.0,4230.0,-0.936768149882904,35.75096277278562,,600274161445.9667,1.9633366101030252,76.18759670920595,157.6636654230337,0.16393442622950818,0.42023346303501946,0.6259541984732825,0.9291044776119403,0.9154411764705882,0.5,38.2,64,46,41288182.0,31906064.0,29.41,57.51,0.8034,11500293.0,10915200000.0,,,0.001,,,26.05,19.1,28.63,42.83,4.23,1000.78,4230.0,4230.0,-0.94,35.75,,600274161445.97,1.9633,,,0.163000000000,0.409300000000,0.621200000000,0.932300000000,0.916400000000,0.496500000000,38.05
افق,77,1626,3023344708.0,1447028918.0,108.93464328126163,21.03914921441314,0.7043576496509211,155839187.0,144810000000.0,50210000000.0,155839187.0,0.001,,1.0,5.55974956872733,1.7152245386639113,6.010326346818822,70.87561742699356,13.167454672796524,5193.866369731367,68390.0,68100.0,-9.717618984488931,3.2757051865332123,121.66525616821822,433891534807.3333,2.3029753928554646,210.37479984066917,222.49298469870132,0.7431693989071039,0.754863813229572,0.7480916030534351,0.6940298507462687,0.34558823529411764,0.11428571428571428,48.54,77,1626,3023344708.0,1447028918.0,108.93,21.04,0.7044,155839187.0,144810000000.0,,,0.001,,,5.56,1.72,6.01,70.88,13.17,5193.87,68390.0,68100.0,-9.72,3.28,121.67,433891534807.33,2.303,,,0.744600000000,0.760600000000,0.742400000000,0.695500000000,0.334500000000,0.111900000000,48.44
انرژی,76,1297,2787356.0,1559324.0,78.75412678827492,193.2972615826927,0.44268504014096166,2115086.0,2128950000.0,1417500000.0,2115086.0,0.001,,1.0,29.950937856660143,17.613278402739496,86.36758427643036,30.0036329162927,42.04476973479363,521.5868736665265,21930.0,22130.0,-10.621970920840065,18.15269620928991,121.56587905486585,961363199946.3334,2.663542347713173,49.212416225749564,181.68762597493645,0.5136612021857924,0.3229571984435798,0.6641221374045801,0.20895522388059706,0.1875,0.55,37.69,76,1297,2787356.0,1559324.0,78.75,193.3,0.4427,2115086.0,2128950000.0,,,0.001,,,29.95,17.61,86.37,30.0,42.04,521.59,21930.0,22130.0,-10.62,18.15,121.57,961363199946.33,2.6635,,,0.516300000000,0.305000000000,0.659100000000,0.210500000000,0.178200000000,0.545500000000,37.4
بترانس,76,4964,197798459.0,132468175.0,49.31772027507739,29.226272833652146,0.6808342940779508,550392.0,,,550392.0,0.001,,,89.28846416461585,-0.5455826653083165,79.95909010346601,29.149231511497536,7.962534204803885,458.3967749611568,3650.0,3640.0,7.374631268436578,16.293929712460063,57.64400173235167,827702815926.0,2.4937750119546993,,-1.2998755378939673,0.31693989071038253,0.3,0.18702290076335878,0.4328358208955224,0.6139705882352942,0.9785714285714285,43.56,76,4964,197798459.0,132468175.0,49.32,29.23,0.6808,550392.0,,,,0.001,,,89.29,-0.55,79.96,29.15,7.96,458.4,3650.0,3640.0,7.37,16.29,57.64,827702815926.0,2.4938,,,0.315200000000,0.300000000000,0.181800000000,0.436100000000,0.603600000000,0.979000000000,43.49
بجهرم,72,46,27471319.0,19421497.0,41.447999605797634,126.42195103477358,0.559327847290302,12195186.0,12824752820.0,8103201008.0,12195186.0,0.001,,1.0,52.1681303526472,-0.7867080825775901,49.870335017216966,21.273122262173917,9.178463767845546,334.47863146281384,3070.0,3070.0,-8.902077151335313,15.326821938392184,,436738103629.2,2.4600888372348626,50.498376974236834,25.257072667927545,0.23497267759562843,0.33073929961089493,0.2595419847328244,0.4850746268656716,0.47058823529411764,0.7785714285714286,37.2,72,46,27471319.0,19421497.0,41.45,126.42,0.5593,12195186.0,12824752820.0,,,0.001,,,52.17,-0.79,49.87,21.27,9.18,334.48,3070.0,3070.0,-8.9,15.33,,436738103629.2,2.4601,,,0.233700000000,0.312700000000,0.253800000000,0.488700000000,0.458200000000,0.783200000000,36.96
برکت,0,2146,,,,,,523976.0,31905600000.0,502860000.0,523976.0,,,,,,,2.936787407599756,,,4790.0,4790.0,-5.522682445759369,32.32044198895028,122.06768660176171,673912779970.0,2.478790393098976,6244.827586206897,-101.5368396770473,0.3,0.914396887159533,0.04961832061068702,0.4552238805970149,0.0,0.3,16.02,0,2146,,,,,,523976.0,31905600000.0,,,,,,,,,2.94,,,4790.0,4790.0,-5.52,32.32,122.07,673912779970.0,2.4788,,,0.300000000000,0.918900000000,0.053000000000,0.458600000000,0E-12,0.300000000000,16.13
بزاگرس,66,45,10632228.0,7140347.0,48.90351967488415,182.17250936294764,0.5506951069152018,2916000000.0,2916000000.0,3114000000.0,,,,1.0,,,,,15.905349794238683,486.0,7730.0,7640.0,-12.082853855005753,31.04631217838765,,90374900458.33333,2.389139690460658,-6.358381502890173,13.012865692895831,0.30601092896174864,0.14396887159533073,0.24045801526717558,0.5634328358208955,0.3125,0.3,27.0,66,45,10632228.0,7140347.0,48.9,182.17,0.5507,2916000000.0,2916000000.0,,,,,,,,,,15.91,486.0,7730.0,7640.0,-12.08,31.05,,90374900458.33,2.3891,,,0.304300000000,0.115800000000,0.234800000000,0.567700000000,0.301800000000,0.300000000000,26.61
بشهاب,62,3699,13911910.0,8665670.0,60.54050061910966,25.259520244764104,0.41309608958620847,5559300000.0,5559300000.0,2315500000.0,,,,1.0,,,,,3.977659057795046,2059.0,8190.0,8190.0,-8.797327394209354,15.677966101694915,79.4478527607362,112241697759.66667,2.589122065816428,140.09069315482617,372.5357922920374,0.3825136612021858,0.5836575875486382,0.8931297709923665,0.29850746268656714,0.9301470588235294,0.3,40.08,62,3699,13911910.0,8665670.0,60.54,25.26,0.4131,5559300000.0,5559300000.0,,,,,,,,,,3.98,2059.0,8190.0,8190.0,-8.8,15.68,79.45,112241697759.67,2.5891,,,0.380400000000,0.583000000000,0.890200000000,0.300800000000,0.930900000000,0.300000000000,40.09
بفجر,0,10,,,,,,100605498.0,100620000000.0,129558000000.0,100605498.0,0.001,-39000000.0,1.0,-0.011482039844071635,-1.6631486244280516,29.62366279770482,74.78836569530067,4.2015503875969,2580.0,10840.0,10970.0,-2.83436669619132,,,1292937740325.0,2.154359148229046,-22.347135645811143,-3900000100.0,0.3,0.12840466926070038,0.003816793893129771,0.8395522388059702,0.9191176470588235,0.03571428571428571,14.11,0,10,,,,,,100605498.0,100620000000.0,,,0.001,,,-0.01,-1.66,29.62,74.79,4.2,2580.0,10840.0,10970.0,-2.83,,,1292937740325.0,2.1544,,,0.300000000000,0.100400000000,0.005700000000,0.842100000000,0.920000000000,0.035000000000,13.97
بموتو,27,5088,55872795.0,44093293.0,26.714951863540787,-29.337101500912087,0.5206076337272936,8086000000.0,8086000000.0,4628000000.0,,,11423488.0,1.0,20.44552809645553,20.445525828536915,,,10.482315112540192,311.0,3260.0,3240.0,-4.9853372434017595,13.924050632911392,61.7573639540689,115053775108.56667,2.119775880647957,74.71910112359551,1142348700.0,0.15300546448087432,0.4163424124513619,0.8931297709923665,0.8768656716417911,0.3897058823529411,0.34285714285714286,30.5,27,5088,55872795.0,44093293.0,26.71,-29.34,0.5206,8086000000.0,8086000000.0,,,,,,20.45,20.45,,,10.48,311.0,3260.0,3240.0,-4.99,13.92,61.76,115053775108.57,2.1198,,,0.152200000000,0.405400000000,0.890200000000,0.879700000000,0.378200000000,0.342700000000,30.26
بمولد,1,1,2219157.0,0,,,1.0,,,,,,,,,,,,,,8560.0,8560.0,,,,14597308080.0,,,,0.3,0.3,0.3,0.3,0.0,0.3,3.47,1,1,2219157.0,0.0,,,1.0,,,,,,,,,,,,,,8560.0,8560.0,,,,14597308080.0,,,,0.300000000000,0.300000000000,0.300000000000,0.300000000000,0E-12,0.300000000000,3.47
بمپنا,62,2793,24932060.0,10839320.0,130.01498248967647,22.06422414700066,0.25424037856628623,5512400000.0,5512400000.0,3114384000.0,,,1.0,1.0,4.010900021899514e-06,-5.214770961151083e-06,,,22.955881285828315,351.10828025477707,8060.0,7980.0,-11.431742508324085,43.78378378378379,79.77021851768417,306975870925.3333,2.4210608229583466,76.99808373020154,0.0,0.8579234972677595,0.43190661478599224,0.21374045801526717,0.5335820895522387,0.25735294117647056,0.07142857142857142,30.74,62,2793,24932060.0,10839320.0,130.01,22.06,0.2542,5512400000.0,5512400000.0,,,,,,0.0,0.0,,,22.96,351.11,8060.0,7980.0,-11.43,43.78,79.77,306975870925.33,2.4211,,,0.858700000000,0.420800000000,0.208300000000,0.537600000000,0.247300000000,0.069900000000,30.54
بنو,0,1292,,,,,,7575000000.0,7575000000.0,-165000000.0,,,6791600.0,1.0,,,,,3.740594059405941,505.0,1889.0,1889.0,-7.898586055582643,8.25214899713467,39.925925925925924,115023385641.66667,2.7036559192102882,4690.909090909091,679159900.0,0.3,0.914396887159533,0.8931297709923665,0.17910447761194026,0.9558823529411765,0.3,29.06,0,1292,,,,,,7575000000.0,7575000000.0,,,,,,,,,,3.74,505.0,1889.0,1889.0,-7.9,8.25,39.93,115023385641.67,2.7037,,,0.300000000000,0.918900000000,0.890200000000,0.180500000000,0.956400000000,0.300000000000,29.09
بهپاک,60,2101,123329744.0,41629235.0,196.25753151601273,12.407938427742055,0.42223476241831503,19926553.0,9139048000.0,1519620000.0,19926553.0,0.001,,1.0,17.540803600181306,-1.7348666752449553,20.22810119345023,35.61526486585495,4.1704559756807935,3738.200352889484,15590.0,15590.0,-9.36046511627907,5.9103260869565215,122.8734810578985,328171071761.0,2.2818281234445017,1211.2852555244076,268.07087271605513,0.953551912568306,0.914396887159533,0.8931297709923665,0.7164179104477613,0.9227941176470589,0.2857142857142857,57.02,60,2101,123329744.0,41629235.0,196.26,12.41,0.4222,19926553.0,9139048000.0,,,0.001,,,17.54,-1.73,20.23,35.62,4.17,3738.2,15590.0,15590.0,-9.36,5.91,122.87,328171071761.0,2.2818,,,0.953800000000,0.918900000000,0.890200000000,0.718000000000,0.923600000000,0.286700000000,57.11
بوعلی,74,1207,1110845949.0,829625219.0,33.897321773676694,12.44338948758194,0.5335407722793482,165963132.0,130323830000.0,106462650000.0,165963132.0,0.001,,1.0,17.319835872656235,24.995187904499268,14.971882269409232,76.89929828444129,5.29890548958641,11566.539565661098,61290.0,61290.0,6.129870129870129,58.413026621866116,74.44640519155234,929610473220.0,2.301041759150738,55.88859755040853,565.389739768678,0.18579234972677597,0.35019455252918286,0.8931297709923665,0.708955223880597,0.8566176470588236,0.2785714285714286,46.27,74,1207,1110845949.0,829625219.0,33.9,12.44,0.5335,165963132.0,130323830000.0,,,0.001,,,17.32,25.0,14.97,76.9,5.3,11566.54,61290.0,61290.0,6.13,58.41,74.45,929610473220.0,2.301,,,0.184800000000,0.335900000000,0.890200000000,0.710500000000,0.854500000000,0.279700000000,46.13
بپیوند,74,1359,13331060.0,8289263.0,60.823223970574944,103.32881270395731,0.6484461720967736,5361000000.0,5361000000.0,3474000000.0,,,,1.0,,,,,10.139899272523783,1787.0,18120.0,18150.0,-4.272151898734177,13.154613466334164,85.37432335818609,41465321602.0,2.1770771420019512,54.317789291882555,31.141102590505092,0.39344262295081966,0.3463035019455253,0.2786259541984733,0.8059701492537313,0.4191176470588235,0.3,32.84,74,1359,13331060.0,8289263.0,60.82,103.33,0.6484,5361000000.0,5361000000.0,,,,,,,,,,10.14,1787.0,18120.0,18150.0,-4.27,13.15,85.37,41465321602.0,2.1771,,,0.391300000000,0.332000000000,0.272700000000,0.808300000000,0.407300000000,0.300000000000,32.52
بکهنوج,0,2113,,,,,,,,,,,,,,,,,,,1211.0,1212.0,-12.868439971243708,19.05697445972495,20.0,45200754441.03333,2.5863517280873483,-6.614785992217899,0.0,0.3,0.14007782101167315,0.21374045801526717,0.3022388059701493,0.0,0.3,13.3,0,2113,,,,,,,,,,,,,,,,,,,1211.0,1212.0,-12.87,19.06,20.0,45200754441.03,2.5864,,,0.300000000000,0.112000000000,0.208300000000,0.304500000000,0E-12,0.300000000000,13.1
بگیلان,68,1390,23649116.0,12529039.0,88.7544288113398,71.05616946606034,0.6636422740853709,,,847100000.0,,,,1.0,,,,,,,26540.0,26240.0,-7.115044247787611,16.003536693191865,72.17847769028872,121180530198.33333,2.37905571871297,95.58998808104887,102.51700303001961,0.5901639344262295,0.4708171206225681,0.4847328244274809,0.585820895522388,0.0,0.3,31.9,68,1390,23649116.0,12529039.0,88.75,71.06,0.6636,,,,,,,,,,,,,,26540.0,26240.0,-7.12,16.0,72.18,121180530198.33,2.3791,,,0.592400000000,0.463300000000,0.477300000000,0.590200000000,0E-12,0.300000000000,31.83
بیوتیک,65,49,14593433.0,16504400.0,-11.578530573665205,224.54698029549184,0.5165628262932709,2610227900.0,2610227900.0,3892459200.0,,,,1.0,,,,,9.84312519224854,3251.0,32000.0,32020.0,-8.0413555427915,37.36593736593737,,170389641307.66666,2.3356248514976548,-32.94141914191419,-43.804014006611155,0.01639344262295082,0.10116731517509728,0.13358778625954199,0.6529850746268657,0.43014705882352944,0.3,20.79,65,49,14593433.0,16504400.0,-11.58,224.55,0.5166,2610227900.0,2610227900.0,,,,,,,,,,9.84,3251.0,32000.0,32020.0,-8.04,37.37,,170389641307.67,2.3356,,,0.016300000000,0.077200000000,0.128800000000,0.654100000000,0.418200000000,0.300000000000,20.44
تاتمس,1,1,347941.0,0,,,1.0,,,,,,,,,,,,,,12820.0,12830.0,,,,5910542100.0,,,,0.3,0.3,0.3,0.3,0.0,0.3,3.46,1,1,347941.0,0.0,,,1.0,,,,,,,,,,,,,,12820.0,12830.0,,,,5910542100.0,,,,0.300000000000,0.300000000000,0.300000000000,0.300000000000,0E-12,0.300000000000,3.46
تاصیکو,0,1656,,,,,,53520682.0,,,53520682.0,0.001,,,95.86999640143252,-4.490428073260347,65.50053939349525,29.911900069773424,38.87318754461987,793.0916384104688,30830.0,30830.0,16.20806633999246,77.08213670304423,192.31060965203375,2964505117226.0,2.3264992714374917,165.625,155.64966350351008,0.3,0.6809338521400778,0.6145038167938931,0.6716417910447761,0.19852941176470584,0.9785714285714285,31.05,0,1656,,,,,,53520682.0,,,,0.001,,,95.87,-4.49,65.5,29.91,38.87,793.09,30830.0,30830.0,16.21,77.08,192.31,2964505117226.0,2.3265,,,0.300000000000,0.687300000000,0.609800000000,0.672900000000,0.189100000000,0.979000000000,31.06
تایرا,75,4927,405424640.0,328494718.0,23.418922066198945,-21.10395241981879,0.6211088408003922,69389200000.0,69389200000.0,54711000000.0,,,,1.0,,,,,2.5733111204625505,1243.5340501792114,3200.0,3190.0,-1.8461538461538463,16.0844250363901,83.33333333333334,155944926191.36667,1.9126227572341465,26.828608506516055,40.526666414625225,0.12568306010928962,0.2490272373540856,0.31297709923664124,0.9477611940298507,0.9779411764705882,0.3,32.19,75,4927,405424640.0,328494718.0,23.42,-21.1,0.6211,69389200000.0,69389200000.0,,,,,,,,,,2.57,1243.53,3200.0,3190.0,-1.85,16.08,83.33,155944926191.37,1.9126,,,0.125000000000,0.227800000000,0.306800000000,0.951100000000,0.978200000000,0.300000000000,31.99
تلیسه,75,2240,26580516.0,12675634.0,109.69772399550193,54.53549136236633,0.550313053392018,6320758.0,843044020.0,2941430660.0,6320758.0,0.001,,1.0,18.990443285383655,-9.531007014848706,27.99799785167713,25.67541394608972,7.316778613660219,1264.2175591770006,9250.0,9220.0,-6.774519716885743,10.684273709483794,124.54943984413053,219140976823.66666,2.437199722812891,114.88720050262886,5.528340931871827,0.7540983606557377,0.5408560311284046,0.23282442748091603,0.5074626865671642,0.6727941176470589,0.32857142857142857,38.65,75,2240,26580516.0,12675634.0,109.7,54.54,0.5503,6320758.0,6387249260.0,,,0.001,,,18.99,-9.53,28.0,25.68,7.32,1264.22,9250.0,9220.0,-6.77,10.68,124.55,219140976823.67,2.4372,,,0.755400000000,0.536700000000,0.227300000000,0.511300000000,0.665500000000,0.328700000000,38.58
توریل,0,50,,,,,,10230000000.0,10230000000.0,9204000000.0,,,,1.0,,,,,3.6451612903225805,930.0,3390.0,3380.0,-5.58659217877095,28.61491628614916,,109697414646.13333,2.429560411653507,11.147327249022164,-83.03633651823338,0.3,0.19455252918287938,0.09923664122137404,0.5186567164179104,0.9595588235294118,0.3,17.45,0,50,,,,,,10230000000.0,10230000000.0,,,,,,,,,,3.65,930.0,3390.0,3380.0,-5.59,28.61,,109697414646.13,2.4296,,,0.300000000000,0.169900000000,0.098500000000,0.522600000000,0.960000000000,0.300000000000,17.3
تپسی,53,710,31548052.0,29680219.0,6.29319143500929,81.69823897958989,0.7605468529654397,-3813570.0,-6589829292.0,1906026858.0,-3813570.0,0.001,,1.0,14.237315351099816,14.99099463863893,-13.346787553525724,-235.09398346758954,,,24540.0,24540.0,7.3021425448185395,41.93175245806825,56.10687022900763,49261800407.0,0.3789923459248548,-300.07955207942825,288.02898944141884,0.0546448087431694,0.005836575875486381,0.8931297709923665,0.996268656716418,0.0,0.21428571428571427,13.45,53,710,31548052.0,29680219.0,6.29,81.7,0.7605,-3813570.0,-6589829292.0,,,0.001,,,14.24,14.99,-13.35,-235.09,,,24540.0,24540.0,7.3,41.93,56.11,49261800407.0,0.379,,,0.054300000000,0.005800000000,0.890200000000,1.000000000000,0E-12,0.216800000000,13.44
تپمپی,0,5252,,,,,,1742222000.0,1742222000.0,401280000.0,,,2388869.0,1.0,,,,,11.607717041800644,622.0,7220.0,7100.0,-5.710491367861885,22.837370242214533,112.63851452530697,34421058217.666664,2.3321012054306123,334.16616826156303,238886800.0,0.3,0.914396887159533,0.8931297709923665,0.6567164179104478,0.36764705882352944,0.3,20.72,0,5252,,,,,,1742222000.0,1742222000.0,,,,,,,,,,11.61,622.0,7220.0,7100.0,-5.71,22.84,112.64,34421058217.67,2.3321,,,0.300000000000,0.918900000000,0.890200000000,0.657900000000,0.356400000000,0.300000000000,20.67
تکمبا,0,4288,,,,,,735732529.0,735732529.0,1457680842.0,,,,1.0,,,,,19.97658079625293,427.0,8530.0,8420.0,-12.382934443288242,47.719298245614034,42.44628658433429,54759564763.84615,4.807128403064787,-49.527186761229316,-33.7973235055523,0.3,0.07392996108949416,0.13740458015267176,0.04477611940298509,0.2720588235294118,0.3,12.71,0,4288,,,,,,735732529.0,735732529.0,,,,,,,,,,19.98,427.0,8530.0,8420.0,-12.38,47.72,42.45,54759564763.85,4.8071,,,0.300000000000,0.050200000000,0.132600000000,0.045100000000,0.261800000000,0.300000000000,12.45
ثالوند,1,1,419313.0,0,,,1.0,,,,,,,,,,,,,,10310.0,10310.0,,,,23026601440.0,,,,0.3,0.3,0.3,0.3,0.0,0.3,3.47,1,1,419313.0,0.0,,,1.0,,,,,,,,,,,,,,10310.0,10310.0,,,,23026601440.0,,,,0.300000000000,0.300000000000,0.300000000000,0.300000000000,0E-12,0.300000000000,3.47
ثبهساز,0,1329,,,,,,8857546280.0,8857546280.0,11937556691.0,,,10588862.0,12421257.0,86.41177066020477,9.393446807859334,,,8.35,220.0,1837.0,1832.0,-7.099391480730223,0.4936917169500823,77.34753146176186,313601312832.3333,2.302002240802337,-25.801011804384487,-14.752089905232618,0.3,0.12062256809338522,0.16793893129770993,0.6977611940298507,0.5441176470588236,0.9785714285714285,24.21,0,1329,,,,,,8857546280.0,8857546280.0,,,,,,86.41,9.39,,,8.35,220.0,1837.0,1832.0,-7.1,0.49,77.35,313601312832.33,2.302,,,0.300000000000,0.092700000000,0.162900000000,0.699200000000,0.534500000000,0.979000000000,23.94
ثتران,0,3202,,,,,,675000000.0,675000000.0,-3988800000.0,,,,1.0,,,,,,,8010.0,8160.0,0.49261083743842365,22.338830584707647,116.73306772908367,79329727642.0,2.499153424589043,116.92238267148014,64.53082601663637,0.3,0.5525291828793775,0.3931297709923664,0.41417910447761197,0.0,0.3,18.9,0,3202,,,,,,675000000.0,675000000.0,,,,,,,,,,,,8010.0,8160.0,0.49,22.34,116.73,79329727642.0,2.4992,,,0.300000000000,0.548300000000,0.386400000000,0.417300000000,0E-12,0.300000000000,18.86
جم پیلن3,60,1618,269587082.0,184674501.0,45.97959141094417,102.43539804554975,0.6570136504815771,83705939.0,30080000000.0,28604000000.0,83705939.0,0.001,,1.0,34.862310573641246,31.299227320791225,32.67496582361048,193.1194529104128,7.225071654182832,41854.25618926986,302400.0,298400.0,-1.7774851876234363,15.70376114773168,66.05453533667223,181140886926.66666,2.716251502105217,192.6371801146693,200.72880971794814,0.2677595628415301,0.7354085603112841,0.7175572519083969,0.17537313432835822,0.6801470588235294,0.6214285714285714,51.76,60,1618,269587082.0,184674501.0,45.98,102.44,0.657,83705939.0,87822000000.0,,,0.001,,,34.86,31.3,32.67,193.12,7.23,41854.26,302400.0,298400.0,-1.78,15.7,66.05,181140886926.67,2.7163,,,0.266300000000,0.741300000000,0.712100000000,0.176700000000,0.672700000000,0.615400000000,51.66
حتاید,76,4237,30406000.0,25738600.0,18.133853434141717,20.85295304722185,0.839950803484797,28740000000.0,28740000000.0,27047000000.0,,,,1.0,97.15585430311387,-0.7173254691921898,,,6.590814196242172,1306.3636363636363,8610.0,8610.0,-3.5834266517357225,10.95360824742268,42.7150671307807,412046999531.0,2.40709766308393,6.259474248530336,27.07343516071371,0.1092896174863388,0.17898832684824903,0.26717557251908397,0.5522388059701493,0.75,0.9785714285714285,33.85,76,4237,30406000.0,25738600.0,18.13,20.85,0.84,28740000000.0,28740000000.0,,,,,,97.16,-0.72,,,6.59,1306.36,8610.0,8610.0,-3.58,10.95,42.72,412046999531.0,2.4071,,,0.108700000000,0.150600000000,0.261400000000,0.556400000000,0.745500000000,0.979000000000,33.56
حتوکا,76,50,20866004.0,16641902.0,25.38232709217973,8.034027199534357,0.8270905059407405,2031130000.0,2031130000.0,,,,,,,,,,7.72873966708187,342.22914911541704,2645.0,2639.0,-4.935158501440922,30.064070970921637,,170021411937.83334,2.32969876678134,-37.53760121894709,-71.11363141256429,0.1366120218579235,0.0933852140077821,0.1183206106870229,0.667910447761194,0.6213235294117647,0.3,20.05,76,50,20866004.0,16641902.0,25.38,8.03,0.8271,2031130000.0,2031130000.0,,,,,,,,,,7.73,342.23,2645.0,2639.0,-4.94,30.06,,170021411937.83,2.3297,,,0.135900000000,0.069500000000,0.113600000000,0.669200000000,0.610900000000,0.300000000000,19.72
حریل,0,2310,,,,,,96330000.0,96330000.0,953160000.0,,,,,,,,,153.68421052631578,19.0,2920.0,2930.0,-12.53731343283582,31.626235399820306,56.100159829515185,44521354663.63333,2.529756428202782,-89.8936170212766,20.02663987542831,0.3,0.027237354085603113,0.2480916030534351,0.3619402985074627,0.0,0.3,16.28,0,2310,,,,,,96330000.0,96330000.0,,,,,,,,,,153.68,19.0,2920.0,2930.0,-12.54,31.63,56.1,44521354663.63,2.5298,,,0.300000000000,0.023200000000,0.242400000000,0.364700000000,0E-12,0.300000000000,16.24
حسیر,0,2042,,,,,,2642976238.0,2642976238.0,2681908256.0,,,,1.0,,,,,,,8300.0,8260.0,9.694555112881806,53.246753246753244,133.00423131170663,161440015493.33334,2.1457593590495683,-1.451653609436519,69.7455119057965,0.3,0.16731517509727625,0.40076335877862596,0.8470149253731343,0.0,0.3,17.51,0,2042,,,,,,2642976238.0,2642976238.0,,,,,,,,,,,,8300.0,8260.0,9.69,53.25,133.0,161440015493.33,2.1458,,,0.300000000000,0.139000000000,0.393900000000,0.849600000000,0E-12,0.300000000000,17.29
حسینا,76,2661,67028728.0,65091789.0,2.975704047710227,-13.543192238939502,0.7403621815156962,22127990280.0,22127990280.0,29620061890.0,,,,1.0,,,,,7.439024390243903,2460.0,18300.0,18300.0,-6.9649211997966445,18.754055807916934,27.615062761506277,295132063662.3333,2.7606010734719684,-25.293909370693758,-20.567374526555103,0.03278688524590164,0.1245136186770428,0.16030534351145037,0.13805970149253732,0.6544117647058824,0.3,25.33,76,2661,67028728.0,65091789.0,2.98,-13.54,0.7404,22127990280.0,22127990280.0,,,,,,,,,,7.44,2460.0,18300.0,18300.0,-6.96,18.75,27.62,295132063662.33,2.7606,,,0.032600000000,0.096500000000,0.155300000000,0.139100000000,0.643600000000,0.300000000000,24.95
حفارس,70,40,26909262.0,25411983.0,5.892019524804499,-3.649116986357997,0.67496841121976,2933405.0,3465972342.0,1066464306.0,2933405.0,0.001,,125020.0,2.3830072376898617,-0.2515586675062367,10.007294457126864,12.702424793234115,59.69207570496857,151.4438875384516,9040.0,9040.0,0.5561735261401557,78.65612648221344,,297697787200.3333,1.6470035116311408,175.05890103367415,-31.5505132360886,0.04918032786885246,0.7120622568093385,0.14122137404580154,0.9776119402985075,0.15441176470588236,0.1,15.79,70,40,26909262.0,25411983.0,5.89,-3.65,0.675,2933405.0,3465972342.0,,,0.001,,,2.38,-0.25,10.01,12.7,59.69,151.44,9040.0,9040.0,0.56,78.66,,297697787200.33,1.647,,,0.048900000000,0.718100000000,0.136400000000,0.981200000000,0.149100000000,0.097900000000,15.83
حفاری,0,3656,,,,,,45738000000.0,45738000000.0,46296000000.0,,,-1.0,1.0,,,,,2.215663124754034,2541.0,5630.0,5630.0,-9.630818619582666,18.029350104821802,79.5280612244898,802932610029.6666,2.732767756174251,-1.2052877138413685,-200.0,0.3,0.17120622568093385,0.02862595419847328,0.16791044776119401,0.9889705882352942,0.3,19.19,0,3656,,,,,,45738000000.0,45738000000.0,,,,,,,,,,2.22,2541.0,5630.0,5630.0,-9.63,18.03,79.53,802932610029.67,2.7328,,,0.300000000000,0.142900000000,0.032200000000,0.169200000000,0.989100000000,0.300000000000,19.02
حپارسا,75,50,20624299.0,12073275.0,70.82605175480555,36.64354230399262,0.5674066390327093,4816500000.0,4816500000.0,791550000.0,,,,1.0,,,,,8.256410256410257,2535.0,20930.0,20930.0,-6.143497757847534,12.46641590542719,,81725911704.33333,2.4956051514978266,508.4896721622134,247.7967624438285,0.45901639344262296,0.914396887159533,0.7824427480916031,0.42910447761194026,0.5625,0.3,37.04,75,50,20624299.0,12073275.0,70.83,36.64,0.5674,4816500000.0,4816500000.0,,,,,,,,,,8.26,2535.0,20930.0,20930.0,-6.14,12.47,,81725911704.33,2.4956,,,0.462000000000,0.918900000000,0.776500000000,0.432300000000,0.552700000000,0.300000000000,37.01
حکشتی,0,3840,,,,,,238380000000.0,238380000000.0,-7494500000.0,,0.001,,1.0,30.97737990946683,-3.3441711121979303,28.31132746119681,,4.330900243309002,2055.0,8900.0,8880.0,-9.480122324159021,5.213270142180095,20.816326530612244,1148413075002.0,2.6172997899843926,3280.732537193942,40.99844126964683,0.3,0.914396887159533,0.31679389312977096,0.27611940298507465,0.9080882352941176,0.5642857142857143,30.22,0,3840,,,,,,238380000000.0,238380000000.0,,,0.001,,,30.98,-3.34,28.31,,4.33,2055.0,8900.0,8880.0,-9.48,5.21,20.82,1148413075002.0,2.6173,,,0.300000000000,0.918900000000,0.310600000000,0.278200000000,0.909100000000,0.559400000000,30.22
خبهمن,0,5412,,,,,,75355611.0,142850882987.0,,75355611.0,0.001,158155150.0,,96.21592329176167,133.8749485832439,95.17988372195686,21.403435595215655,4.6458680942758885,556.1931478820312,2584.0,2537.0,-8.93754486719311,46.30911188004614,56.79851668726823,1387236878984.5715,5.9409902334006635,283.33333333333337,1761.2225618817135,0.3,0.8210116731517509,0.8931297709923665,0.02238805970149249,0.8933823529411765,0.9785714285714285,31.96,0,5412,,,,,,75355611.0,142850882987.0,,,0.001,,,96.22,133.87,95.18,21.4,4.65,556.19,2584.0,2537.0,-8.94,46.31,56.8,1387236878984.57,5.941,,,0.300000000000,0.830100000000,0.890200000000,0.022600000000,0.894500000000,0.979000000000,32.06
خدیزل,0,2371,,,,,,25848000000.0,25848000000.0,18617410000.0,,,-1.0,14.387463132627,,,,,4.874651810584958,359.0,1750.0,1744.0,-6.6880684858212955,7.987616099071207,37.10691823899371,82253086981.66667,2.137622056724972,38.83778678129772,-106.95049565570918,0.3,0.29571984435797666,0.04198473282442748,0.8656716417910448,0.8786764705882353,0.3,18.65,0,2371,,,,,,25848000000.0,25848000000.0,,,,,,,,,,4.87,359.0,1750.0,1744.0,-6.69,7.99,37.11,82253086981.67,2.1376,,,0.300000000000,0.278000000000,0.045500000000,0.868400000000,0.880000000000,0.300000000000,18.55
خراسان,69,1691,214542044.0,90726729.0,136.47060393855926,202.4715220154138,0.39364260766368175,84071858.0,23631766984.0,32893212824.0,84071858.0,0.001,,1.0,58.49908064172449,22.853667487784342,50.594965774348346,127.43073723335021,7.489160498375893,7007.460984629835,52480.0,53030.0,-10.422297297297298,7.916157916157916,47.4161176437884,265904774912.66666,2.747519842222752,155.59028985656983,170.38800044078604,0.8797814207650273,0.6498054474708171,0.6412213740458015,0.15298507462686572,0.6470588235294117,0.8357142857142857,60.16,69,1691,214542044.0,90726729.0,136.47,202.47,0.3936,84071858.0,82398880608.0,,,0.001,,,58.5,22.85,50.59,127.43,7.49,7007.46,52480.0,53030.0,-10.42,7.92,47.42,265904774912.67,2.7475,,,0.880400000000,0.652500000000,0.636400000000,0.154100000000,0.636400000000,0.839200000000,60.05
خزامیا,70,5226,325134280.0,293024334.0,10.958115853954983,8.77467760962629,0.4448280465596792,4847863360.0,4847863360.0,30714792480.0,,,,1.0,,,,,33.725282884210664,52.779394204380466,1780.0,1778.0,6.915213469633192,34.493192133131615,88.34745762711864,1519272879240.2334,2.4195311777238753,-84.21651924506182,113.29257444910972,0.07650273224043716,0.038910505836575876,0.5267175572519084,0.5373134328358209,0.21323529411764708,0.3,23.97,70,5226,325134280.0,293024334.0,10.96,8.77,0.4448,4847863360.0,4847863360.0,,,,,,,,,,33.73,52.78,1780.0,1778.0,6.92,34.49,88.35,1519272879240.23,2.4195,,,0.076100000000,0.027000000000,0.518900000000,0.541400000000,0.203600000000,0.300000000000,23.77
خصدرا,0,6,,,,,,5008221887.0,5008221887.0,1940358218.0,,,,,,,,,11.99476439790576,191.0,2291.0,2291.0,,,,27355347379.333332,2.0024580640059733,158.10810810810813,109.03954405804465,0.3,0.6536964980544747,0.5,0.917910447761194,0.3566176470588235,0.3,16.41,0,6,,,,,,5008221887.0,5008221887.0,,,,,,,,,,11.99,191.0,2291.0,2291.0,,,,27355347379.33,2.0025,,,0.300000000000,0.656400000000,0.492400000000,0.921100000000,0.345500000000,0.300000000000,16.34
خمحرکه,66,5267,99446713.0,69015560.0,44.09317695893506,-10.14026690816421,0.7181842306887559,682356591.0,682356591.0,940390596.0,,,,1.0,,,,,,,5800.0,5710.0,-14.006024096385541,13.518886679920477,60.16830294530154,136348160217.33333,2.560914907442881,-27.439024390243905,76.56144286753646,0.2568306010928962,0.11673151750972763,0.42748091603053434,0.33582089552238803,0.0,0.3,21.03,66,5267,99446713.0,69015560.0,44.09,-10.14,0.7182,682356591.0,682356591.0,,,,,,,,,,,,5800.0,5710.0,-14.01,13.52,60.17,136348160217.33,2.5609,,,0.255400000000,0.088800000000,0.420500000000,0.338300000000,0E-12,0.300000000000,20.74
خمهر,0,4591,,,,,,530217520.0,530217520.0,-7641760007.0,,,,-1095.0,,,,,45.25,80.0,3620.0,3650.0,-6.169665809768637,37.21804511278196,100.77007700770078,153755194148.8,1.995382072072167,106.93842150910669,127.32739764009982,0.3,0.5214007782101168,0.549618320610687,0.9253731343283582,0.17647058823529416,0.3,21.96,0,4591,,,,,,530217520.0,530217520.0,,,,,,,,,,45.25,80.0,3620.0,3650.0,-6.17,37.22,100.77,153755194148.8,1.9954,,,0.300000000000,0.517400000000,0.545500000000,0.928600000000,0.167300000000,0.300000000000,21.85
خموتور,73,4407,62750005.0,58181319.0,7.852496434465503,3.359506624150633,0.6858543014967133,5545590000.0,5545590000.0,9109200000.0,,,,1.0,,,,,7.747777964112024,283.95238095238096,2200.0,2175.0,-8.0338266384778,2.5943396226415096,39.691714836223504,92603927894.13333,2.139277739207571,-39.12099855091556,53.8673953594921,0.06557377049180328,0.08949416342412451,0.3473282442748092,0.8582089552238806,0.6176470588235294,0.3,26.03,73,4407,62750005.0,58181319.0,7.85,3.36,0.6859,5545590000.0,5545590000.0,,,,,,,,,,7.75,283.95,2200.0,2175.0,-8.03,2.59,39.69,92603927894.13,2.1393,,,0.065200000000,0.065600000000,0.340900000000,0.860900000000,0.607300000000,0.300000000000,25.67
خنصیر,74,3587,6529117.0,5986125.0,9.070842991083547,-4.046928835960963,0.49763961051645056,1775800000.0,1775800000.0,1492400000.0,,,,1.0,,,,,6.090775988286969,683.0,4160.0,4140.0,-10.967741935483872,10.695187165775401,55.172413793103445,65259569921.0,2.3518384753738117,18.989547038327526,307.4870672367732,0.07103825136612021,0.20622568093385213,0.8931297709923665,0.6417910447761195,0.7830882352941176,0.3,30.54,74,3587,6529117.0,5986125.0,9.07,-4.05,0.4976,1775800000.0,1775800000.0,,,,,,,,,,6.09,683.0,4160.0,4140.0,-10.97,10.7,55.17,65259569921.0,2.3518,,,0.070700000000,0.181500000000,0.890200000000,0.642900000000,0.778200000000,0.300000000000,30.26
خودرو,62,5288,5430579681.0,3365446773.0,61.362815914010596,-9.482588720254894,0.6843430154416419,-126273117.0,-166643494420.0,-199964922084.0,-126273117.0,0.001,,1.0,-3.4738037728736098,-9.964178468254653,-2.3721714290524045,-11.128936310150571,,,662.0,668.0,-11.52317880794702,11.892797319932999,28.957528957528954,5835717461209.767,2.407641624679013,36.85236606300579,-200.75737146690255,0.3989071038251366,0.2801556420233463,0.019083969465648856,0.5485074626865671,0.0,0.02857142857142857,8.33,62,5288,5430579681.0,3365446773.0,61.36,-9.48,0.6843,-126273117.0,-166643494420.0,,,0.001,,,-3.47,-9.96,-2.37,-11.13,,,662.0,668.0,-11.52,11.89,28.96,5835717461209.77,2.4076,,,0.396700000000,0.262500000000,0.022700000000,0.552600000000,0E-12,0.028000000000,8.22
خودکفا,0,2422,,,,,,62400000000.0,62400000000.0,25900000000.0,,,49370000000.0,24280000000.0,,,,,2.3076923076923075,6240.0,14400.0,14410.0,-10.218068535825545,-1.0302197802197801,83.33333333333334,225775061880.0,2.3802693522775162,140.92664092664094,103.33607907742999,0.3,0.5875486381322957,0.48854961832061067,0.582089552238806,0.9852941176470589,0.3,26.59,0,2422,,,,,,62400000000.0,62400000000.0,,,,,,,,,,2.31,6240.0,14400.0,14410.0,-10.22,-1.03,83.33,225775061880.0,2.3803,,,0.300000000000,0.586900000000,0.481100000000,0.586500000000,0.985500000000,0.300000000000,26.58
خچرخش,0,3845,,,,,,2476399095.0,2476399095.0,516987585.0,,,,1.0,,,,,8.677431757016532,2601.0,22570.0,22260.0,-2.921936327954645,24.1494701617401,80.82859463850528,18073981633.666668,1.5717974189745627,379.0055248618784,147.35212592818635,0.3,0.914396887159533,0.5877862595419847,0.9888059701492538,0.5110294117647058,0.3,26.88,0,3845,,,,,,2476399095.0,2476399095.0,,,,,,,,,,8.68,2601.0,22570.0,22260.0,-2.92,24.15,80.83,18073981633.67,1.5718,,,0.300000000000,0.918900000000,0.583300000000,0.992500000000,0.501800000000,0.300000000000,26.83
دابور,76,3790,40408859.0,20214532.0,99.9000471541958,117.09216420422628,0.6551450404881829,11615400000.0,11615400000.0,3105000000.0,,,,1.0,,,,,10.23090035642337,6453.0,66020.0,66700.0,1.3986013986013985,36.28933387821823,169.42963322022945,426280352243.6667,2.115374201203967,274.0869565217391,-0.3659058826028644,0.6994535519125683,0.8132295719844358,0.1984732824427481,0.8843283582089552,0.4154411764705882,0.3,43.9,76,3790,40408859.0,20214532.0,99.9,117.09,0.6551,11615400000.0,11615400000.0,,,,,,,,,,10.23,6453.0,66020.0,66700.0,1.4,36.29,169.43,426280352243.67,2.1154,,,0.701100000000,0.822400000000,0.193200000000,0.887200000000,0.403600000000,0.300000000000,43.91
دارو,72,4325,158863698.0,53921857.0,194.61837339912086,112.75779981310916,0.43570283270502086,43548995.0,17698100000.0,8730800000.0,43548995.0,0.001,,1.0,53.6064178476049,16.364682580217128,35.416493053396756,48.912177063516474,9.905457257638389,840.9505773775857,8330.0,8330.0,1.9583843329253363,9.894459102902374,224.37694704049846,745335394698.6666,2.57297606742753,398.7973037980483,348.75734276869673,0.953551912568306,0.914396887159533,0.8931297709923665,0.3246268656716418,0.42647058823529416,0.8071428571428572,63.09,72,4325,158863698.0,53921857.0,194.62,112.76,0.4357,43548995.0,43553000000.0,,,0.001,,,53.61,16.36,35.42,48.91,9.91,840.95,8330.0,8330.0,1.96,9.89,224.38,745335394698.67,2.573,,,0.953800000000,0.918900000000,0.890200000000,0.327100000000,0.414500000000,0.811200000000,63.08
داسوه,55,4981,15447973.0,7902204.0,95.48942295086282,238.7911012455933,0.23552167386337663,3402750000.0,3402750000.0,1190250000.0,,,4336068.0,1178911.0,45.77277356453593,16.362073894221183,,,20.077143486885607,4537.0,91090.0,91090.0,-5.801447776628748,28.71273138335453,253.08938677416853,113373951173.33333,2.749826969124575,185.88531821045999,267.8028282033165,0.6557377049180327,0.7237354085603113,0.8931297709923665,0.14925373134328357,0.2683823529411765,0.7,45.92,55,4981,15447973.0,7902204.0,95.49,238.79,0.2355,3402750000.0,3402750000.0,,,,,,45.77,16.36,,,20.08,4537.0,91090.0,91090.0,-5.8,28.71,253.09,113373951173.33,2.7498,,,0.657600000000,0.729700000000,0.890200000000,0.150400000000,0.258200000000,0.706300000000,45.83
دالبر,0,4628,,,,,,18746000000.0,18746000000.0,10024000000.0,,,,1.0,,,,,11.605675877520538,1339.0,15540.0,15530.0,-5.878787878787879,22.766798418972332,310.08714021653026,971787840331.0,2.5033860914830797,87.01117318435753,241.14105120995598,0.3,0.45525291828793774,0.767175572519084,0.40671641791044777,0.3713235294117647,0.3,24.07,0,4628,,,,,,18746000000.0,18746000000.0,,,,,,,,,,11.61,1339.0,15540.0,15530.0,-5.88,22.77,310.09,971787840331.0,2.5034,,,0.300000000000,0.447900000000,0.761400000000,0.409800000000,0.360000000000,0.300000000000,23.93
دامین,0,4395,,,,,,3117800.0,3300440000.0,489500000.0,3117800.0,0.001,,1.0,36.82251237150477,8.265440341482797,20.18096456958452,22.578105668112563,45.215249026125676,340.8142237831312,15410.0,15410.0,7.611731843575418,-0.3234152652005175,83.29963125966457,423473369270.6667,2.5675023097180265,536.9356486210419,214.17599514892328,0.3,0.914396887159533,0.732824427480916,0.32835820895522383,0.18014705882352944,0.6285714285714286,30.03,0,4395,,,,,,3117800.0,3300440000.0,,,0.001,,,36.82,8.27,20.18,22.58,45.22,340.81,15410.0,15410.0,7.61,-0.32,83.3,423473369270.67,2.5675,,,0.300000000000,0.918900000000,0.727300000000,0.330800000000,0.170900000000,0.622400000000,29.98
دانا,0,3170,,,,,,-35528522172.0,-35528522172.0,12024439596.0,,,-39459044.0,1.0,,,,,,,2222.0,2209.0,-10.999194198227237,5.84571154767609,23.54586129753915,46316521021.4,2.1692487337345736,-395.46925566343043,-3945904500.0,0.3,0.005836575875486381,0.003816793893129771,0.8208955223880597,0.0,0.3,3.37,0,3170,,,,,,-35528522172.0,-35528522172.0,,,,,,,,,,,,2222.0,2209.0,-11.0,5.85,23.55,46316521021.4,2.1692,,,0.300000000000,0.005800000000,0.005700000000,0.823300000000,0E-12,0.300000000000,3.38
دبالک,72,2443,14866695.0,7016347.0,111.88654152937418,184.3276506389837,0.468231452832395,633360000.0,633360000.0,381920000.0,,,,1.0,,,,,43.41954022988506,348.0,15110.0,15110.0,-7.978075517661389,59.22023182297155,222.72533105510465,301821100661.6667,2.607445943620963,65.8357771260997,62.67612257169337,0.7650273224043715,0.3852140077821012,0.3893129770992366,0.2873134328358209,0.18382352941176472,0.3,36.53,72,2443,14866695.0,7016347.0,111.89,184.33,0.4682,633360000.0,633360000.0,,,,,,,,,,43.42,348.0,15110.0,15110.0,-7.98,59.22,222.73,301821100661.67,2.6074,,,0.766300000000,0.370700000000,0.382600000000,0.289500000000,0.174500000000,0.300000000000,36.28
دتماد,0,3931,,,,,,15987790000.0,15987790000.0,895895000.0,,,,1.0,,,,,9.523767825321698,5709.925,54380.0,54380.0,-0.0735023888276369,24.81064952949277,174.6325943134185,285622233532.0,2.627929315240665,1684.5606907059419,168.19432202015358,0.3,0.914396887159533,0.6335877862595419,0.25373134328358204,0.4522058823529411,0.3,26.75,0,3931,,,,,,15987790000.0,15987790000.0,,,,,,,,,,9.52,5709.93,54380.0,54380.0,-0.07,24.81,174.63,285622233532.0,2.6279,,,0.300000000000,0.602300000000,0.628800000000,0.255600000000,0.440000000000,0.300000000000,24.4
دتوزیع,0,1529,,,,,,22170000000.0,22170000000.0,7700400000.0,,,,1.0,,,,,8.14614343707713,739.0,6020.0,6020.0,-5.196850393700787,21.616161616161616,181.30841121495328,371414891466.0,2.3596798155989767,187.90712170796323,225.80666214042958,0.3,0.7276264591439688,0.7595419847328244,0.6231343283582089,0.5919117647058824,0.3,27.61,0,1529,,,,,,22170000000.0,22170000000.0,,,,,,,,,,8.15,739.0,6020.0,6020.0,-5.2,21.62,181.31,371414891466.0,2.3597,,,0.300000000000,0.733600000000,0.753800000000,0.624100000000,0.581800000000,0.300000000000,27.57
دجابر,68,5488,46981329.0,13075552.0,259.30665871697045,26.88602835744616,0.447426309402285,9520877.0,12428640000.0,941220000.0,9520877.0,0.001,5315419.0,2268000.0,33.91481416244085,28.28947197344795,30.043291171626496,50.19851367034804,11.378835613376063,4198.144838637562,47770.0,47770.0,8.889901983131981,53.79909851899549,357.04171450440106,669211815533.0,3.230658393745346,911.5463972291283,134.36591710758375,0.953551912568306,0.914396887159533,0.5572519083969466,0.08582089552238803,0.3786764705882353,0.6071428571428571,55.85,68,5488,46981329.0,13075552.0,259.31,26.89,0.4474,9520877.0,12428640000.0,,,0.001,,,33.91,28.29,30.04,50.2,11.38,4198.14,47770.0,47770.0,8.89,53.8,357.04,669211815533.0,3.2307,,,0.953800000000,0.918900000000,0.553000000000,0.086500000000,0.367300000000,0.601400000000,55.73
ددانا,40,930,120611902.0,52071078.0,131.62935478309092,167.14416400399898,0.3697136580123628,24271200000.0,24271200000.0,8395200000.0,,,34161377.0,12670609.0,28.323388018539,3.990093055834368,,,11.74725600711955,1685.5,19800.0,19800.0,-4.069767441860465,8.19672131147541,224.1119659518743,588739853690.3334,2.747035832878568,189.10806174957116,169.61116865022038,0.8633879781420765,0.7315175097276264,0.6374045801526718,0.15671641791044777,0.36397058823529416,0.5285714285714286,45.73,40,930,120611902.0,52071078.0,131.63,167.14,0.3697,24271200000.0,24271200000.0,,,,,,28.32,3.99,,,11.75,1685.5,19800.0,19800.0,-4.07,8.2,224.11,588739853690.33,2.747,,,0.864100000000,0.737500000000,0.632600000000,0.157900000000,0.352700000000,0.524500000000,45.67
درازک,76,44,30125338.0,13986737.0,115.38503226306464,235.67771282376557,0.44248693708192743,13950083496.0,13950083496.0,4200000.0,,,,,50.343388014961356,32.47767344212372,,,5.622544411471815,800.3493917840008,4500.0,4500.0,-3.8461538461538463,37.61467889908257,,501896819635.3333,3.4811178129608638,332044.8451428571,442.3910782436672,0.7814207650273224,0.914396887159533,0.8931297709923665,0.07462686567164178,0.8272058823529411,0.7642857142857142,51.15,76,44,30125338.0,13986737.0,115.39,235.68,0.4425,13950083496.0,13950083496.0,,,,,,50.34,32.48,,,5.62,800.35,4500.0,4500.0,-3.85,37.61,,501896819635.33,3.4811,,,0.782600000000,0.918900000000,0.890200000000,0.075200000000,0.825500000000,0.769200000000,51.17
درهآور,0,1608,,,,,,4836931552.0,4836931552.0,-218003568.0,,,,1.0,,,,,8.125,1808.0,14690.0,14680.0,-7.614852108244179,11.465451784358391,65.91320072332731,230848623249.0,2.39670070338691,2318.739627233991,61.07820461898178,0.3,0.914396887159533,0.366412213740458,0.5559701492537313,0.5992647058823529,0.3,26.99,0,1608,,,,,,4836931552.0,4836931552.0,,,,,,,,,,8.13,1808.0,14690.0,14680.0,-7.61,11.47,65.91,230848623249.0,2.3967,,,0.300000000000,0.320500000000,0.359800000000,0.560200000000,0.589100000000,0.300000000000,22.62
دروز,0,29,,,,,,1608232320.0,1608232320.0,285534720.0,,,3461679.0,2135738.0,,,,,23.333333333333332,1149.0,26810.0,27130.0,3.86676875957121,,,42871704791.0,3.8858688079469226,463.2352941176471,62.083504624630926,0.3,0.914396887159533,0.37404580152671757,0.06343283582089554,0.2536764705882353,0.3,17.89,0,29,,,,,,1608232320.0,1608232320.0,,,,,,,,,,23.33,1149.0,26810.0,27130.0,3.87,,,42871704791.0,3.8859,,,0.300000000000,0.918900000000,0.367400000000,0.063900000000,0.243600000000,0.300000000000,17.84
دزاگرس,40,331,63295972.0,28469059.0,122.33250491349222,208.44132724674918,0.323120691801731,21904900000.0,21904900000.0,11121401227.0,,,,13686701490.0,,,,,8.464590114540583,2844.7922077922076,24080.0,24080.0,0.7953118459606531,11.843938690199721,175.7988775627076,1079867473840.6666,2.6237617590589974,96.9616917229849,215.33638085533045,0.8360655737704918,0.47470817120622566,0.7385496183206107,0.26119402985074625,0.5257352941176471,0.3,43.78,40,331,63295972.0,28469059.0,122.33,208.44,0.3231,21904900000.0,21904900000.0,,,,,,,,,,8.46,2844.79,24080.0,24080.0,0.8,11.84,175.8,1079867473840.67,2.6238,,,0.837000000000,0.467200000000,0.733000000000,0.263200000000,0.516400000000,0.300000000000,43.61
دزهراوی,68,4190,17741308.0,10064148.0,76.28226452949619,29.12451574927106,0.6307395394383599,,,,,,,,,,,,,,4630.0,4640.0,-5.691056910569105,11.538461538461538,237.70014556040758,249223967389.66666,2.2329031346715866,,,0.4972677595628415,0.3,0.3,0.7574626865671642,0.0,0.3,17.66,68,4190,17741308.0,10064148.0,76.28,29.12,0.6307,,,,,,,,,,,,,,4630.0,4640.0,-5.69,11.54,237.7,249223967389.67,2.2329,,,0.500000000000,0.300000000000,0.300000000000,0.759400000000,0E-12,0.300000000000,17.7
دسبحا,0,4928,,,,,,12508150000.0,12508150000.0,9081450000.0,,,,,59.79085060463528,25.276140610245108,,,4.980752549337832,1250.815,6230.0,6230.0,-5.175038051750381,13.479052823315119,162.20538720538718,639190018133.0,2.5094576113259364,37.73296114607249,324.96721146953405,0.3,0.2840466926070039,0.8931297709923665,0.3955223880597015,0.875,0.85,31.18,0,4928,,,,,,12508150000.0,12508150000.0,,,,,,59.79,25.28,,,4.98,1250.82,6230.0,6230.0,-5.18,13.48,162.21,639190018133.0,2.5095,,,0.300000000000,0.266400000000,0.890200000000,0.398500000000,0.876400000000,0.853100000000,31.12
دسبحان,0,49,,,,,,10599480000.0,10599480000.0,2558240000.0,,,,1.0,,,,,15.642276790936913,1059.948,16580.0,16580.0,-3.0409356725146197,64.64746772591857,,880052561671.6666,2.1693559536614244,314.32703733817,296.7643583573313,0.3,0.914396887159533,0.8931297709923665,0.8171641791044776,0.31985294117647056,0.3,25.05,0,49,,,,,,10599480000.0,10599480000.0,,,,,,,,,,15.64,1059.95,16580.0,16580.0,-3.04,64.65,,880052561671.67,2.1694,,,0.300000000000,0.918900000000,0.890200000000,0.819500000000,0.309100000000,0.300000000000,25.01
دسینا,76,4945,51911546.0,30131057.0,72.28584446937923,150.17342409612993,0.6191334430515266,22292811.0,22281600000.0,12331200000.0,22292811.0,0.001,,1.0,55.55373901655262,1.8846778512597453,46.09356848358359,99.62222510112571,9.197494142117163,9289.48675365317,85440.0,85440.0,-4.759781518225393,12.317602208492179,120.04738848253838,173312945239.0,2.465386210453912,80.78379233164655,74.42003489940731,0.47540983606557374,0.4396887159533074,0.42366412213740456,0.4701492537313433,0.46691176470588236,0.8142857142857143,51.38,76,4945,51911546.0,30131057.0,72.29,150.17,0.6191,22292811.0,22281600000.0,,,0.001,,,55.55,1.88,46.09,99.62,9.2,9289.49,85440.0,85440.0,-4.76,12.32,120.05,173312945239.0,2.4654,,,0.478300000000,0.428600000000,0.416700000000,0.473700000000,0.454500000000,0.818200000000,51.17
دعبید,67,4285,228307219.0,112296731.0,103.3070927060201,56.81253952383039,0.6674747344555632,84095726.0,57635000000.0,15486000000.0,84095726.0,0.001,,1.0,46.095058757452165,7.616652396597281,38.95562742891822,59.50773590703997,16.768669173890736,1502.2062716355272,25190.0,25190.0,1.9838056680161944,38.103070175438596,180.57473824905324,1075388279805.3334,2.2205657364051175,443.04356192690176,157.0712269503439,0.7213114754098361,0.914396887159533,0.6183206106870229,0.7723880597014925,0.30514705882352944,0.7142857142857143,52.91,67,4285,228307219.0,112296731.0,103.31,56.81,0.6675,84095726.0,57635000000.0,,,0.001,,,46.1,7.62,38.96,59.51,16.77,1502.21,25190.0,25190.0,1.98,38.1,180.57,1075388279805.33,2.2206,,,0.722800000000,0.918900000000,0.613600000000,0.774400000000,0.290900000000,0.720300000000,52.84
دفارا,0,48,,,,,,19502814000.0,19502814000.0,10619200000.0,,,,1.0,,,,,8.373891070283499,2118.489463393439,17740.0,17740.0,1.1402508551881414,27.07736389684814,,718481118684.3334,2.4410554644662734,83.6561511224951,120.87428827701852,0.3,0.4474708171206226,0.5419847328244275,0.5037313432835822,0.5367647058823529,0.3,21.85,0,48,,,,,,19502814000.0,19502814000.0,,,,,,,,,,8.37,2118.49,17740.0,17740.0,1.14,27.08,,718481118684.33,2.4411,,,0.300000000000,0.440200000000,0.537900000000,0.507500000000,0.527300000000,0.300000000000,21.74
دفرا,77,3569,43889438.0,19423695.0,125.9582329726656,41.85853495502671,0.6282904156722332,23472925.0,22807400000.0,10199000000.0,23472925.0,0.001,,1.0,72.58703112156515,10.011917632043492,62.597239307053044,69.23842328565848,13.626875936298093,3352.199008308395,45680.0,45660.0,-6.415249026439844,-5.875077303648732,174.81191694252183,101800732496.0,2.4194785489248463,130.14927934111188,141.64744780462902,0.8469945355191257,0.5719844357976653,0.5725190839694656,0.541044776119403,0.3382352941176471,0.9285714285714286,53.48,77,3569,43889438.0,19423695.0,125.96,41.86,0.6283,23472925.0,22807400000.0,,,0.001,,,72.59,10.01,62.6,69.24,13.63,3352.2,45680.0,45660.0,-6.42,-5.88,174.81,101800732496.0,2.4195,,,0.847800000000,0.571400000000,0.568200000000,0.545100000000,0.327300000000,0.930100000000,53.34
دقاضی,53,634,68826823.0,26148539.0,163.21479375960547,68.7415765188265,0.448566929170521,25068728.0,25072420000.0,9579730000.0,25068728.0,0.001,,1.0,62.45133848289572,13.128433979788525,45.5856106110502,60.581270901991665,8.902435453460342,2412.8228856352794,21480.0,21480.0,-4.95575221238938,1.41643059490085,174.53987730061348,403344233946.6667,2.3886319567093883,161.685120561853,347.16139372736774,0.953551912568306,0.6614785992217899,0.8931297709923665,0.5671641791044777,0.4963235294117647,0.8857142857142857,63.47,53,634,68826823.0,26148539.0,163.21,68.74,0.4486,25068728.0,25072420000.0,,,0.001,,,62.45,13.13,45.59,60.58,8.9,2412.82,21480.0,21480.0,-4.96,1.42,174.54,403344233946.67,2.3886,,,0.953800000000,0.668000000000,0.890200000000,0.571400000000,0.483600000000,0.888100000000,63.45
دلقما,68,4985,33333116.0,15304382.0,117.80112388726313,153.00065464467946,0.5298950029779237,11353304.0,11254729300.0,1454792400.0,11353304.0,0.001,-9484329.0,6735150.0,43.1580725612409,34.740651558662236,36.139998780192315,50.070309568941596,8.524340536305266,1108.590155420509,9450.0,9450.0,3.5049288061336252,31.06796116504854,304.8843187660668,972409976980.6666,5.367237441500595,680.4071563750264,-240.8183782098394,0.7923497267759563,0.914396887159533,0.011450381679389313,0.03358208955223885,0.5147058823529411,0.6714285714285714,53.09,68,4985,33333116.0,15304382.0,117.8,153.0,0.5299,11353304.0,11254729300.0,,,0.001,,,43.16,34.74,36.14,50.07,8.52,1108.59,9450.0,9450.0,3.5,31.07,304.88,972409976980.67,5.3672,,,0.793500000000,0.918900000000,0.015200000000,0.033800000000,0.505500000000,0.671300000000,53.11
دپارس,73,47,33268153.0,18086594.0,83.93818648220886,100.4883470453431,0.34265813202653705,35285450000.0,35285450000.0,20698600000.0,,,,1.0,,,,,3.926476777255214,14402.224489795919,56550.0,56540.0,-10.111287758346583,14.337714863498482,,299179901293.6667,3.0545794149650423,70.47264066168727,182.7040753167028,0.5683060109289617,0.3968871595330739,0.6717557251908397,0.09328358208955223,0.9338235294117647,0.3,38.95,73,47,33268153.0,18086594.0,83.94,100.49,0.3427,35285450000.0,35285450000.0,,,,,,,,,,3.93,14402.22,56550.0,56540.0,-10.11,14.34,,299179901293.67,3.0546,,,0.570700000000,0.382200000000,0.666700000000,0.094000000000,0.934500000000,0.300000000000,38.85
دکپسول,79,1647,18081125.0,12238717.0,47.737095318079504,73.28096032376796,0.6691500615552005,6121800000.0,6121800000.0,4884300000.0,,,,1.0,,,,,8.737626188375968,20406.0,178300.0,178300.0,1.5375854214123008,6.894484412470024,77.69760511864779,217831235583.33334,2.1655580534785597,25.33628155518703,49.67473966015592,0.29508196721311475,0.24124513618677043,0.3435114503816794,0.8283582089552239,0.5073529411764706,0.3,32.55,79,1647,18081125.0,12238717.0,47.74,73.28,0.6692,6121800000.0,6121800000.0,,,,,,,,,,8.74,20406.0,178300.0,178300.0,1.54,6.89,77.7,217831235583.33,2.1656,,,0.293500000000,0.220100000000,0.337100000000,0.830800000000,0.498200000000,0.300000000000,32.21
دیران,60,37,15624326.0,5970036.0,161.71242518470575,247.61475490060639,0.2912392947449032,2722669.0,2262380000.0,-139450000.0,2722669.0,0.001,19509.0,,43.1592216423281,23.697370430017706,21.15047889946343,57.42453703088542,11.18253366580314,1530.0646983360675,17110.0,17110.0,-6.040637012630423,118.79795396419436,,271490481547.6,5.284311483438696,2052.4338472570817,101.09601123595506,0.953551912568306,0.914396887159533,0.4770992366412214,0.04104477611940294,0.38602941176470584,0.6785714285714286,52.0,60,37,15624326.0,5970036.0,161.71,247.61,0.2912,2722669.0,2262380000.0,,,0.001,,,43.16,23.7,21.15,57.42,11.18,1530.06,17110.0,17110.0,-6.04,118.8,,271490481547.6,5.2843,,,0.953800000000,0.918900000000,0.469700000000,0.041400000000,0.374500000000,0.678300000000,51.88
ذوب,73,1038,636080971.0,629921142.0,0.9778730366855984,11.981315329175029,0.7429817338223457,7676811.0,11340437622.0,-104732276862.0,7676811.0,0.001,,1.0,-16.180787820223554,-25.092675747089515,1.20469361316734,1.3029419702864788,,,680.0,681.0,-10.512483574244415,47.4025974025974,84.05405405405405,1942482987388.1667,2.690208191545578,107.32993803821844,-216.39627739089912,0.0273224043715847,0.5252918287937743,0.015267175572519083,0.18283582089552242,0.0,0.0,7.94,73,1038,636080971.0,629921142.0,0.98,11.98,0.743,7676811.0,11340437622.0,,,0.001,,,-16.18,-25.09,1.2,1.3,,,680.0,681.0,-10.51,47.4,84.05,1942482987388.17,2.6902,,,0.027200000000,0.521200000000,0.018900000000,0.184200000000,0E-12,0E-12,7.95
رانفور,76,4658,87303434.0,71277265.0,22.484264793268935,4.338295959376339,0.9012081485053374,9612000000.0,9612000000.0,-12204000000.0,,,,1.0,,,,,31.7103620474407,160.2,5080.0,5060.0,-6.985294117647059,-5.947955390334572,87.13017751479289,92958217744.66667,2.2715942862781517,178.76106194690266,18.25100859659349,0.12021857923497267,0.7159533073929961,0.24427480916030533,0.7313432835820896,0.22058823529411764,0.3,27.87,76,4658,87303434.0,71277265.0,22.48,4.34,0.9012,9612000000.0,9612000000.0,,,,,,,,,,31.71,160.2,5080.0,5060.0,-6.99,-5.95,87.13,92958217744.67,2.2716,,,0.119600000000,0.722000000000,0.238600000000,0.733100000000,0.210900000000,0.300000000000,27.82
رانیز,0,58,,,,,,24592382.0,,,24592382.0,0.001,,,37.43304837771808,11.224361018438085,37.19684782786912,71.34976354297832,5.061598844715408,3514.699711648179,17790.0,17690.0,-7.430664573521717,-4.6875,,488773246461.6667,2.216977169181825,,182.87000804664854,0.3,0.3,0.6755725190839694,0.7835820895522388,0.8713235294117647,0.6357142857142857,23.89,0,58,,,,,,24592382.0,,,,0.001,,,37.43,11.22,37.2,71.35,5.06,3514.7,17790.0,17690.0,-7.43,-4.69,,488773246461.67,2.217,,,0.300000000000,0.300000000000,0.670500000000,0.785700000000,0.872700000000,0.629400000000,23.91
رمپنا,68,3803,311079300.0,172418900.0,80.42064994034877,139.11268417153676,0.11753211850062617,,,,,,,,,,,,,,34500.0,34330.0,8.811410459587956,56.258534365043246,147.6911976911977,2216056327560.0,2.275653036599864,,,0.5300546448087432,0.3,0.3,0.7238805970149254,0.0,0.3,19.77,68,3803,311079300.0,172418900.0,80.42,139.11,0.1175,,,,,,,,,,,,,,34500.0,34330.0,8.81,56.26,147.69,2216056327560.0,2.2757,,,0.532600000000,0.300000000000,0.300000000000,0.725600000000,0E-12,0.300000000000,19.8
زاگرس,76,3281,451865070.0,328181526.0,37.68754003538883,-2.1930432261121595,0.4305284246203235,23101877.0,15675600000.0,15264000000.0,23101877.0,0.001,,-1.0,52.827810321400094,-4.70207393501677,41.2146188756752,65.4929850379966,55.67419189935663,2999.5945033542525,167000.0,168600.0,-2.4869866975130135,35.85817888799355,38.566990482765426,276738620333.3333,2.0145290229511774,51.348774895178195,215.33638085533045,0.20765027322404372,0.3346303501945525,0.7385496183206107,0.914179104477612,0.15808823529411764,0.8,37.52,76,3281,451865070.0,328181526.0,37.69,-2.19,0.4305,23101877.0,15675600000.0,,,0.001,,,52.83,-4.7,41.21,65.49,55.67,2999.59,167000.0,168600.0,-2.49,35.86,38.57,276738620333.33,2.0145,,,0.206500000000,0.316600000000,0.733000000000,0.917300000000,0.152700000000,0.804200000000,37.31
زبینا,59,1839,20717358.0,10395722.0,99.28734146603766,66.82910887986995,0.6297945239498657,6954490.0,1025287502.0,2839224180.0,6954490.0,0.001,,-1.0,25.103437003921066,-0.18212147535451528,34.175096650624404,39.91628158453144,7.304671192321876,1908.367896785373,13940.0,13930.0,-2.8591352859135286,9.858044164037855,146.02613917343695,174859093357.33334,2.1843216480409913,144.94332110118899,136.7747413511128,0.6885245901639344,0.603112840466926,0.5687022900763359,0.8022388059701493,0.6764705882352942,0.4642857142857143,49.97,59,1839,20717358.0,10395722.0,99.29,66.83,0.6298,6954490.0,6952459210.0,,,0.001,,,25.1,-0.18,34.18,39.92,7.3,1908.37,13940.0,13930.0,-2.86,9.86,146.03,174859093357.33,2.1843,,,0.690200000000,0.606200000000,0.564400000000,0.804500000000,0.669100000000,0.461500000000,49.92
زدشت,52,1723,23008031.0,12547852.0,83.36230774797151,47.84528259719967,0.6817891611022752,4296270000.0,4296270000.0,2519190000.0,,,,1.0,,,,,9.345781340558204,1022.9214285714286,9560.0,9490.0,-9.099616858237548,12.976190476190478,43.98422090729783,235598815326.33334,2.5003851970724864,70.54172174389387,-27.306141787533466,0.5573770491803278,0.40077821011673154,0.1450381679389313,0.4104477611940298,0.4595588235294118,0.3,28.82,52,1723,23008031.0,12547852.0,83.36,47.85,0.6818,4296270000.0,4296270000.0,,,,,,,,,,9.35,1022.92,9560.0,9490.0,-9.1,12.98,43.98,235598815326.33,2.5004,,,0.559800000000,0.386100000000,0.140200000000,0.413500000000,0.447300000000,0.300000000000,28.57
زشگزا,72,1946,18229133.0,8936672.0,103.98122477808293,28.455422948182722,0.6942894325149898,4594560000.0,4594560000.0,2028480000.0,,,,-1.0,,,,,6.50856665273715,4786.0,31150.0,31050.0,-2.908067542213884,0.7462686567164178,117.52837326607819,209340521245.66666,2.2770683649017487,126.50260293421675,62.61760510529167,0.73224043715847,0.5603112840466926,0.38549618320610685,0.7201492537313433,0.7610294117647058,0.3,41.02,72,1946,18229133.0,8936672.0,103.98,28.46,0.6943,4594560000.0,4594560000.0,,,,,,,,,,6.51,4786.0,31150.0,31050.0,-2.91,0.75,117.53,209340521245.67,2.2771,,,0.733700000000,0.559800000000,0.378800000000,0.721800000000,0.756400000000,0.300000000000,40.98
زفجر,0,705,,,,,,7208100000.0,7208100000.0,2685600000.0,,,,1911600000.0,,,,,6.2604569858908725,8009.0,50140.0,49990.0,-1.5557306025994486,6.068321663483981,130.15653775322284,181468387717.33334,2.7587644804309184,168.39812332439678,116.92259591309676,0.3,0.688715953307393,0.5343511450381679,0.14179104477611937,0.7757352941176471,0.3,26.46,0,705,,,,,,7208100000.0,7208100000.0,,,,,,,,,,6.26,8009.0,50140.0,49990.0,-1.56,6.07,130.16,181468387717.33,2.7588,,,0.300000000000,0.695000000000,0.526500000000,0.142900000000,0.770900000000,0.300000000000,26.45
زفکا,74,1703,47850992.0,22286709.0,114.7064064057192,39.54271720975849,0.6557376638869549,11048382.0,10731902324.0,8696109927.0,11048382.0,0.001,,-1.0,21.948298624327702,-13.984678107526129,27.133574277101776,36.40887266203093,8.911630315110896,908.9245978107209,8100.0,8040.0,-10.167597765363128,-2.3086269744835968,53.31807780320366,277586629838.6667,2.3745910278178144,27.049704899619293,23.110156157551266,0.7704918032786885,0.2529182879377432,0.25572519083969464,0.5932835820895522,0.49264705882352944,0.37142857142857144,38.19,74,1703,47850992.0,22286709.0,114.71,39.54,0.6557,11048382.0,10731902324.0,,,0.001,,,21.95,-13.98,27.13,36.41,8.91,908.92,8100.0,8040.0,-10.17,-2.31,53.32,277586629838.67,2.3746,,,0.771700000000,0.231700000000,0.250000000000,0.597700000000,0.480000000000,0.370600000000,37.85
زقیام,77,1830,38566197.0,17630801.0,118.74330610390305,26.791363182546885,0.6686695550571791,9628322284.0,9628322284.0,4227909427.0,,,6360018.0,2559987.0,16.491172308226297,1.971202398747991,,,7.564469914040115,1396.0,10560.0,10560.0,-6.631299734748011,5.179282868525896,105.68757304246202,136438140270.66667,2.241860875872691,127.73246329526917,148.43946473165684,0.8032786885245902,0.5642023346303502,0.5954198473282443,0.75,0.6397058823529411,0.2571428571428571,41.1,77,1830,38566197.0,17630801.0,118.74,26.79,0.6687,9628322284.0,9628322284.0,,,,,,16.49,1.97,,,7.56,1396.0,10560.0,10560.0,-6.63,5.18,105.69,136438140270.67,2.2419,,,0.804300000000,0.563700000000,0.590900000000,0.751900000000,0.629100000000,0.258700000000,40.97
زمگسا,76,3607,18980392.0,9882085.0,92.06869805309304,54.68012273033861,0.6132496610436876,450900000.0,450900000.0,1853400000.0,,,,1.0,8.040723265916741,-14.042972111626044,,,61.07784431137725,1503.0,91800.0,91500.0,-11.02683780630105,8.207190160832544,72.54709687152314,101962667870.0,2.85580256073667,-75.67173842667529,-10.310373333984451,0.6120218579234973,0.05058365758754864,0.17938931297709923,0.11194029850746268,0.0,0.15714285714285714,17.32,76,3607,18980392.0,9882085.0,92.07,54.68,0.6132,3725400000.0,3725400000.0,,,,,,8.04,-14.04,,,7.39,12418.0,91800.0,91500.0,-11.03,8.21,72.55,101962667870.0,2.8558,,,0.614100000000,0.501900000000,0.174200000000,0.112800000000,0.650900000000,0.153800000000,29.0
زهلال,0,62,,,,,,3153500000.0,3153500000.0,1248500000.0,,,2356280.0,952325.0,,,,,8.351038528618995,6307.0,52670.0,52660.0,-1.6803584764749813,11.426153195090986,,147403418646.66666,2.0863121537077225,152.5830997196636,147.42393615624917,0.3,0.6303501945525292,0.5916030534351145,0.8992537313432836,0.5404411764705883,0.3,22.57,0,62,,,,,,3153500000.0,3153500000.0,,,,,,,,,,8.35,6307.0,52670.0,52660.0,-1.68,11.43,,147403418646.67,2.0863,,,0.300000000000,0.633200000000,0.587100000000,0.902300000000,0.530900000000,0.300000000000,22.51
زپارس,54,38,25984284.0,11533945.0,125.28531218069794,186.51939943725176,0.11423922237936945,5173920720.0,5173920720.0,-478601620.0,,,,1.0,,,,,10.40992448759439,3708.0,38600.0,38120.0,-8.07812876778394,45.329775066717495,,104229771708.0,3.9846818577357266,1181.0495626822158,119.59475306211289,0.8415300546448088,0.914396887159533,0.5381679389312977,0.05597014925373134,0.40441176470588236,0.3,40.37,54,38,25984284.0,11533945.0,125.29,186.52,0.1142,5173920720.0,5173920720.0,,,,,,,,,,10.41,3708.0,38600.0,38120.0,-8.08,45.33,,104229771708.0,3.9847,,,0.842400000000,0.918900000000,0.534100000000,0.056400000000,0.392700000000,0.300000000000,40.29
زکشت,75,1715,18904334.0,8686507.0,117.62872003671903,19.215494292870012,0.700433348428531,5277123.0,5277000000.0,2066400000.0,5277123.0,0.001,,,24.648868626351913,-7.3155658066854805,31.662952041555805,62.37038826523238,3.8391144595540756,3519.0406908496357,13510.0,13440.0,-38.54595336076817,-29.33753943217666,15.216459494213458,112528948559.54546,11.019517032432534,155.37761324041813,-98.54717693469291,0.7868852459016393,0.6459143968871596,0.07633587786259542,0.007462686567164201,0.9485294117647058,0.44285714285714284,46.98,75,1715,18904334.0,8686507.0,117.63,19.22,0.7004,5277123.0,5277000000.0,,,0.001,,,24.65,-7.32,31.66,62.37,3.84,3519.04,13510.0,13440.0,-38.55,-29.34,15.22,112528948559.55,11.0195,,,0.788000000000,0.648600000000,0.075800000000,0.007500000000,0.949100000000,0.440600000000,46.96
زگلدشت,71,2240,39825153.0,17969137.0,121.63086073638371,23.178099434671623,0.6330575824277573,6862599.0,5801600000.0,2199500000.0,6862599.0,0.001,,-1.0,11.370922327178116,-5.881730825887456,18.842635443302814,48.196954249266625,10.39869388289163,969.352508451474,10080.0,10060.0,-7.959743824336687,-0.29732408325074333,67.61079640119961,164747264539.66666,2.244023291948096,212.00722891566267,6.404147770930951,0.8306010928961749,0.7587548638132295,0.2366412213740458,0.7462686567164178,0.40808823529411764,0.17857142857142858,35.38,71,2240,39825153.0,17969137.0,121.63,23.18,0.6331,6862599.0,5801600000.0,,,0.001,,,11.37,-5.88,18.84,48.2,10.4,969.35,10080.0,10060.0,-7.96,-0.3,67.61,164747264539.67,2.244,,,0.831500000000,0.764500000000,0.231100000000,0.748100000000,0.396400000000,0.174800000000,35.32
سآبیک,53,962,70141877.0,50874554.0,37.87221997071463,91.13645578925075,0.674131501893414,30196707404.0,30196707404.0,26488703251.0,,,,22387112065.0,,,,,7.0521364170913365,10204.0,71960.0,71370.0,-7.921558508579538,-3.6712106897017143,86.21823305327976,160208199284.0,2.462411536638441,13.998435928946487,21.866903074604664,0.2185792349726776,0.19844357976653695,0.25190839694656486,0.4776119402985075,0.7022058823529411,0.3,32.28,53,962,70141877.0,50874554.0,37.87,91.14,0.6741,30196707404.0,30196707404.0,,,,,,,,,,7.05,10204.0,71960.0,71370.0,-7.92,-3.67,86.22,160208199284.0,2.4624,,,0.217400000000,0.173700000000,0.246200000000,0.481200000000,0.694500000000,0.300000000000,31.93
ساربیل,75,2554,35739364.0,21084561.0,69.50489981745412,98.03139634637739,0.6368742056608321,4249440000.0,4249440000.0,4386240000.0,,,,-1.0,,,,,27.88885123686886,2951.0,82300.0,81360.0,-7.859569648924122,-0.5743614811193939,26.366799204771375,38444924467.69231,2.2298319237269046,-3.118844386080105,57.283323576360345,0.44808743169398907,0.15953307392996108,0.3549618320610687,0.7611940298507462,0.2279411764705882,0.3,29.14,75,2554,35739364.0,21084561.0,69.5,98.03,0.6369,4249440000.0,4249440000.0,,,,,,,,,,27.89,2951.0,82300.0,81360.0,-7.86,-0.57,26.37,38444924467.69,2.2298,,,0.451100000000,0.131300000000,0.348500000000,0.763200000000,0.221800000000,0.300000000000,28.8
ساروم,76,4282,50092550.0,32218417.0,55.47799881043194,94.35247033684618,0.5960403552790121,34335732.0,5828200000.0,17169000000.0,34335732.0,0.001,,1.0,74.31418610277673,6.318711325925868,73.67791517510605,230.8507672876208,6.389967462348287,34335.07311152589,219400.0,218600.0,-5.121527777777778,-0.3646308113035551,122.06645740001423,415974271623.3333,2.472353311075866,99.98679014502883,69.7827010652919,0.36065573770491804,0.49416342412451364,0.40458015267175573,0.45895522388059706,0.7720588235294118,0.9428571428571428,52.74,76,4282,50092550.0,32218417.0,55.48,94.35,0.596,34335732.0,34914000000.0,,,0.001,,,74.31,6.32,73.68,230.85,6.39,34335.07,219400.0,218600.0,-5.12,-0.36,122.07,415974271623.33,2.4724,,,0.358700000000,0.486500000000,0.397700000000,0.462400000000,0.767300000000,0.944100000000,52.53
ساوه,0,1452,,,,,,25582640032.0,25582640032.0,21361241328.0,,,,-1.0,,,,,7.0987239758227,1489.0,10570.0,10670.0,-9.881756756756758,-3.873873873873874,55.49402506557855,183233372358.66666,2.6753261350719986,19.761954088626172,70.19767562369358,0.3,0.2140077821011673,0.4083969465648855,0.19029850746268662,0.6911764705882353,0.3,21.88,0,1452,,,,,,25582640032.0,25582640032.0,,,,,,,,,,7.1,1489.0,10570.0,10670.0,-9.88,-3.87,55.49,183233372358.67,2.6753,,,0.300000000000,0.189200000000,0.401500000000,0.191700000000,0.683600000000,0.300000000000,21.63
سباقر,63,323,39581347.0,19062970.0,107.6347337272209,-0.7031790735603493,0.7286794612930364,26691702.0,26694600000.0,4584000000.0,26691702.0,0.001,,4836600000.0,76.99373116028266,37.01658346961819,76.686802396429,83.56470106470107,8.186967946862481,44485.33356473853,364200.0,363600.0,-9.122719320169956,37.25934314835787,276.86567164179104,1027430406743.3334,2.524770078455806,482.27971204188475,334.0105952192876,0.7377049180327869,0.914396887159533,0.8931297709923665,0.3694029850746269,0.5735294117647058,0.95,65.19,63,323,39581347.0,19062970.0,107.63,-0.7,0.7287,26691702.0,26694600000.0,,,0.001,,,76.99,37.02,76.69,83.56,8.19,44485.33,364200.0,363600.0,-9.12,37.26,276.87,1027430406743.33,2.5248,,,0.739100000000,0.918900000000,0.890200000000,0.372200000000,0.563600000000,0.951000000000,65.19
سبجنو,72,3192,35972576.0,23742249.0,51.51292533407429,24.58654695475569,0.7600438512938941,17601522.0,17602000000.0,5276000000.0,17601522.0,0.001,,1.0,50.19898610273059,11.00009778585919,48.35512294160976,212.59846171740787,5.679430763625981,8800.17770796641,49980.0,49790.0,-5.539745778789603,-3.7688442211055273,102.11081794195252,69757337812.33333,2.4280631781176862,233.61489764973467,91.31309888330837,0.3333333333333333,0.7937743190661478,0.44656488549618323,0.5223880597014925,0.8198529411764706,0.7571428571428571,51.91,72,3192,35972576.0,23742249.0,51.51,24.59,0.76,17601522.0,17602000000.0,,,0.001,,,50.2,11.0,48.36,212.6,5.68,8800.18,49980.0,49790.0,-5.54,-3.77,102.11,69757337812.33,2.4281,,,0.331500000000,0.799200000000,0.439400000000,0.526300000000,0.818200000000,0.762200000000,51.93
سبزوا,0,2737,,,,,,1228799946.0,1228799946.0,11273394.0,,,-1.0,3757798.0,,,,,39.72477064220183,327.0,12990.0,12980.0,14.765694076038905,55.26315789473685,132.20035778175315,119287771369.66667,2.133956025289387,10800.0,-100.00002661132929,0.3,0.914396887159533,0.061068702290076333,0.8731343283582089,0.19485294117647056,0.3,18.45,0,2737,,,,,,1228799946.0,1228799946.0,,,,,,,,,,39.72,327.0,12990.0,12980.0,14.77,55.26,132.2,119287771369.67,2.134,,,0.300000000000,0.918900000000,0.064400000000,0.875900000000,0.185500000000,0.300000000000,18.43
ستران,0,5300,,,,,,48467000000.0,48467000000.0,30243000000.0,,,,1.0,,,,,4.636969484391441,2851.0,13220.0,13230.0,-10.849056603773585,3.278688524590164,82.43243243243244,319140421316.3333,2.4989861960265696,60.258572231590776,39.37862551655055,0.3,0.36186770428015563,0.30916030534351147,0.417910447761194,0.8970588235294118,0.3,25.11,0,5300,,,,,,48467000000.0,48467000000.0,,,,,,,,,,4.64,2851.0,13220.0,13230.0,-10.85,3.28,82.43,319140421316.33,2.499,,,0.300000000000,0.347500000000,0.303000000000,0.421100000000,0.898200000000,0.300000000000,25.01
سخوز,0,2578,,,,,,21868000000.0,21868000000.0,16055200000.0,,,,1.0,,,,,6.0051216389244555,15620.0,93800.0,93200.0,-11.068702290076336,31.601242586839877,37.72313512235489,210352517983.46155,3.9297656671107446,36.20509243111266,-6.508400324845723,0.3,0.27626459143968873,0.183206106870229,0.05970149253731338,0.7904411764705882,0.3,23.23,0,2578,,,,,,21868000000.0,21868000000.0,,,,,,,,,,6.01,15620.0,93800.0,93200.0,-11.07,31.6,37.72,210352517983.46,3.9298,,,0.300000000000,0.258700000000,0.178000000000,0.060200000000,0.789100000000,0.300000000000,23.05
سدور,0,4222,,,,,,-1570874256.0,-1570874256.0,-1457810584.0,,,,1.0,,,,,,,33110.0,33120.0,-8.35639180962922,53.12066574202496,133.89830508474577,114459871822.33333,2.4552689907443677,-7.755717597396727,-151.38095735195716,0.3,0.13618677042801555,0.03816793893129771,0.49626865671641796,0.0,0.3,4.97,0,4222,,,,,,-1570874256.0,-1570874256.0,,,,,,,,,,,,33110.0,33120.0,-8.36,53.12,133.9,114459871822.33,2.4553,,,0.300000000000,0.108100000000,0.041700000000,0.500000000000,0E-12,0.300000000000,4.79
سرود,75,4816,56019123.0,31023810.0,80.56816039035824,68.50580811841297,0.5980516503353452,23270543016.0,23270543016.0,9703572629.0,,,,1.0,52.54416516995807,5.795776717797779,,,7.71039603960396,2424.0,18690.0,18690.0,-6.174698795180722,14.242053789731052,183.22473101985148,587504606807.6666,2.4888342120572524,139.81417881547966,143.19186378034067,0.5355191256830601,0.5797665369649806,0.583969465648855,0.4402985074626866,0.625,0.7928571428571428,43.74,75,4816,56019123.0,31023810.0,80.57,68.51,0.5981,23270543016.0,23270543016.0,,,,,,52.54,5.8,,,7.71,2424.0,18690.0,18690.0,-6.17,14.24,183.22,587504606807.67,2.4888,,,0.538000000000,0.579200000000,0.579500000000,0.443600000000,0.614500000000,0.797200000000,43.64
سرچشمه,0,21,,,,,,32490000000.0,32490000000.0,12994245000.0,,,,1.0,,,,,3.7857802400738687,2166.0,8200.0,8190.0,9.054593874833555,,,562794693282.8572,1.2111466034761555,150.03376494748252,-22.98500833259013,0.3,0.6147859922178989,0.15648854961832062,0.9925373134328358,0.9522058823529411,0.3,22.17,0,21,,,,,,32490000000.0,32490000000.0,,,,,,,,,,3.79,2166.0,8200.0,8190.0,9.05,,,562794693282.86,1.2111,,,0.300000000000,0.617800000000,0.151500000000,0.996200000000,0.952700000000,0.300000000000,22.19
سشرق,70,5102,35976996.0,19917240.0,80.632437024407,51.58717275602118,0.7194323180242332,14321800000.0,14321800000.0,5285849120.0,,,,1.0,,,,,10.281528858104428,2309.967741935484,23750.0,23720.0,-7.8118927322192,20.467242254951753,104.30663221360896,429865216716.6667,2.602021757902578,170.9460613586337,99.69927987422128,0.5409836065573771,0.6964980544747081,0.4732824427480916,0.29104477611940294,0.4117647058823529,0.3,38.48,70,5102,35976996.0,19917240.0,80.63,51.59,0.7194,14321800000.0,14321800000.0,,,,,,,,,,10.28,2309.97,23750.0,23720.0,-7.81,20.47,104.31,429865216716.67,2.602,,,0.543500000000,0.702700000000,0.465900000000,0.293200000000,0.400000000000,0.300000000000,38.44
سشمال,0,4598,,,,,,1380000000.0,1380000000.0,1145800000.0,,,-1.0,-1.0,,,,,66.55797101449275,276.0,18370.0,18400.0,0.6564551422319475,19.480519480519483,65.66129467903124,94781775304.66667,1.8755365323335385,20.43986734159539,0.0,0.3,0.22568093385214008,0.21374045801526717,0.9589552238805971,0.0,0.3,15.96,0,4598,,,,,,1380000000.0,1380000000.0,,,,,,,,,,66.56,276.0,18370.0,18400.0,0.66,19.48,65.66,94781775304.67,1.8755,,,0.300000000000,0.204600000000,0.208300000000,0.962400000000,0E-12,0.300000000000,15.8
سصوفی,74,4626,58031895.0,40907916.0,41.8598175472933,15.210090553123932,0.7381132689313987,34014376.0,34002100000.0,19220300000.0,34014376.0,0.001,,1.0,60.173834590697595,2.790380335231788,62.31320534383231,224.80001750055467,5.365077552994768,30922.199793252792,165900.0,164000.0,-6.552706552706552,-0.3645200486026731,56.186013732940964,582150942780.0,2.2167629497502594,76.97109826589596,36.589117040955074,0.24043715846994534,0.4280155642023346,0.2900763358778626,0.7873134328358209,0.8529411764705882,0.8714285714285714,45.34,74,4626,58031895.0,40907916.0,41.86,15.21,0.7381,34014376.0,34002100000.0,,,0.001,,,60.17,2.79,62.31,224.8,5.37,30922.2,165900.0,164000.0,-6.55,-0.36,56.19,582150942780.0,2.2168,,,0.239100000000,0.417000000000,0.284100000000,0.789500000000,0.850900000000,0.874100000000,45.2
سغرب,67,4471,41188708.0,12057890.0,241.5913397783526,-65.14841456005695,-0.0854287460793488,6113300000.0,6113300000.0,4005850000.0,,,-1.0,1.0,-2.427849885458898e-06,-1.0721174837005147e-05,,,7.33826247689464,1082.0,7940.0,7910.0,-6.6115702479338845,-0.5031446540880503,40.07437577474766,79573537469.33333,2.1623140388660924,52.60930888575458,-200.0,0.953551912568306,0.33852140077821014,0.02862595419847328,0.832089552238806,0.6654411764705883,0.04285714285714286,27.44,67,4471,41188708.0,12057890.0,241.59,-65.15,-0.0854,6113300000.0,6113300000.0,,,,,,0.0,0.0,,,7.34,1082.0,7940.0,7910.0,-6.61,-0.5,40.07,79573537469.33,2.1623,,,0.953800000000,0.324300000000,0.032200000000,0.834600000000,0.658200000000,0.042000000000,27.24
سفانو,75,3493,26781565.0,17540273.0,52.686135500855656,19.04759997409816,0.6348315324933673,12748800000.0,12748800000.0,9063000000.0,,,,1.0,,,,,6.8147590361445785,7968.0,54300.0,54110.0,-9.07410519240464,7.08490005937067,82.19468668978753,88538875901.53847,3.2091641796818946,40.668652763985435,107.3517402065905,0.33879781420765026,0.3035019455252918,0.4961832061068702,0.08955223880597019,0.7352941176470589,0.3,31.83,75,3493,26781565.0,17540273.0,52.69,19.05,0.6348,12748800000.0,12748800000.0,,,,,,,,,,6.81,7968.0,54300.0,54110.0,-9.07,7.08,82.19,88538875901.54,3.2092,,,0.337000000000,0.285700000000,0.488600000000,0.090200000000,0.730900000000,0.300000000000,31.57
سقاین,74,3266,20777863.0,9534937.0,117.91295527175481,51.90944473784482,0.7310258057048513,15254288.0,15428000000.0,2532000000.0,15254288.0,0.001,,-1.0,73.36164005391753,43.364590045291536,84.294008458087,135.8220936900102,8.238648293236086,3812.5186173789634,31410.0,31040.0,-11.466058185966913,24.16,247.63131369694253,194394096631.33334,2.8354400829995856,502.4600315955766,363.29649674096856,0.7978142076502732,0.914396887159533,0.8931297709923665,0.11567164179104472,0.5661764705882353,0.9357142857142857,58.48,74,3266,20777863.0,9534937.0,117.91,51.91,0.731,15254288.0,15428000000.0,,,0.001,,,73.36,43.36,84.29,135.82,8.24,3812.52,31410.0,31040.0,-11.47,24.16,247.63,194394096631.33,2.8354,,,0.798900000000,0.918900000000,0.890200000000,0.116500000000,0.556400000000,0.937100000000,58.49
سمازن,66,2884,59975767.0,33575194.0,78.6311852732705,67.247670921744,0.7007190079148826,13168440000.0,13168440000.0,7447320000.0,,,,1.0,,,,,15.462546816479401,5340.0,82570.0,81060.0,-6.881102814474439,-0.24612355402412012,123.05998899284536,197944292933.0,2.267121559099005,76.82119205298014,97.75556334084582,0.5081967213114754,0.42412451361867703,0.46564885496183206,0.7350746268656716,0.32352941176470584,0.3,34.53,66,2884,59975767.0,33575194.0,78.63,67.25,0.7007,13168440000.0,13168440000.0,,,,,,,,,,15.46,5340.0,82570.0,81060.0,-6.88,-0.25,123.06,197944292933.0,2.2671,,,0.510900000000,0.413100000000,0.458300000000,0.736800000000,0.312700000000,0.300000000000,34.31
سنیر,0,2415,,,,,,879910000.0,879910000.0,1258440000.0,,,,1.0,,,,,25.58085486015615,259.1782032400589,6630.0,6550.0,-9.655172413793103,-11.486486486486488,95.9904248952723,114063623384.33333,2.3079783944422805,-30.079304535774448,111.21495327102804,0.3,0.10894941634241245,0.5152671755725191,0.6902985074626866,0.23529411764705888,0.3,18.22,0,2415,,,,,,3279570000.0,3279570000.0,,,,,,,,,,6.86,966.0,6630.0,6550.0,-9.66,-11.49,95.99,114063623384.33,2.308,,,0.300000000000,0.664100000000,0.507600000000,0.691700000000,0.723600000000,0.300000000000,26.06
سهرمز,60,3245,47374313.0,31934915.0,48.34645089864808,-28.462450308429343,0.6421150431548611,9025152000.0,9025152000.0,,,,-1.0,,-2.110848552041272e-06,,,,3.839935327405012,4948.0,19000.0,19010.0,-11.20971508640822,-5.328685258964144,-10.313266654085677,88065825474.33333,1.9516323604414147,,-101.0,0.3005464480874317,0.3,0.05725190839694656,0.9328358208955224,0.9448529411764706,0.05,24.95,60,3245,47374313.0,31934915.0,48.35,-28.46,0.6421,9025152000.0,9025152000.0,,,,,,0.0,,,,3.84,4948.0,19000.0,19010.0,-11.21,-5.33,-10.31,88065825474.33,1.9516,,,0.298900000000,0.300000000000,0.060600000000,0.936100000000,0.945500000000,0.049000000000,24.99
سهگمت,70,4289,37116786.0,30647235.0,21.10973795841615,76.76923819977114,0.7191655535553538,19895825.0,,,19895825.0,0.001,,,46.413916479541214,-8.869334661121982,50.491832742251894,113.56720490932469,5.150315203339326,27299.30003290648,140600.0,140000.0,-3.7138927097661623,3.3973412112259975,40.33680834001604,168256225573.33334,2.052629339685742,6.62195497995683,-0.756825969885947,0.11475409836065574,0.1867704280155642,0.1946564885496183,0.9067164179104478,0.8639705882352942,0.7214285714285714,39.64,70,4289,37116786.0,30647235.0,21.11,76.77,0.7192,19895825.0,,,,0.001,,,46.41,-8.87,50.49,113.57,5.15,27299.3,140600.0,140000.0,-3.71,3.4,40.34,168256225573.33,2.0526,,,0.114100000000,0.158300000000,0.189400000000,0.909800000000,0.861800000000,0.727300000000,39.29
سپید,0,1108,,,,,,15481993000.0,15481993000.0,-513000000.0,,,,1.0,,,,,28.87331753734807,1495.8447342995169,43190.0,42650.0,-7.962883038411739,19.367478309543802,222.56844652851305,1388630879914.6667,2.43059427368887,3117.932358674464,62.10965119768856,0.3,0.914396887159533,0.3797709923664122,0.5149253731343284,0.22426470588235292,0.3,25.04,0,1108,,,,,,15481993000.0,15481993000.0,,,,,,,,,,28.87,1495.84,43190.0,42650.0,-7.96,19.37,222.57,1388630879914.67,2.4306,,,0.300000000000,0.918900000000,0.373100000000,0.518800000000,0.218200000000,0.300000000000,25.02
سپیدار,54,1197,15200124.0,10337660.0,47.03640862632356,47.07556654973727,0.4978641147754508,13033268.0,5417850000.0,7645450000.0,13033268.0,0.001,,1.0,85.66304469473434,2.9131937883356755,96.8542810376549,55.995984079646114,7.974430608194353,1259.0240599351523,10040.0,10030.0,-2.904162633107454,13.333333333333334,73.34946422398893,74451311210.0,2.562193740388214,70.47090753323873,62.10965119768856,0.28415300546448086,0.39299610894941633,0.3797709923664122,0.332089552238806,0.6102941176470589,0.9785714285714285,36.96,54,1197,15200124.0,10337660.0,47.04,47.08,0.4979,13033268.0,13033293000.0,,,0.001,,,85.66,2.91,96.85,56.0,7.97,1259.02,10040.0,10030.0,-2.9,13.33,73.35,74451311210.0,2.5622,,,0.282600000000,0.378400000000,0.373100000000,0.334600000000,0.600000000000,0.979000000000,36.6
سکرد,65,3745,17056359.0,11339385.0,50.41696705773726,111.48408846510829,0.6202826331563416,5279100000.0,5279100000.0,2633400000.0,,,,1.0,,,,,8.28948116156163,1820.3793103448277,15090.0,15080.0,-10.451306413301662,10.882352941176471,79.52380952380952,80291516963.33333,2.6348237859374173,100.46707678286626,79.56887587837525,0.3224043715846995,0.5019455252918288,0.4351145038167939,0.2350746268656716,0.5551470588235294,0.3,35.06,65,3745,17056359.0,11339385.0,50.42,111.48,0.6203,5279100000.0,5279100000.0,,,,,,,,,,8.29,1820.38,15090.0,15080.0,-10.45,10.88,79.52,80291516963.33,2.6348,,,0.320700000000,0.494200000000,0.428000000000,0.236800000000,0.545500000000,0.300000000000,34.83
سکرما,0,4770,,,,,,12952818000.0,12952818000.0,-2108607925.0,,,,-1.0,,,,,8.258048557464484,8635.212,71310.0,71010.0,-1.3886960144424385,17.546763780830986,48.175197712997935,66259696992.30769,2.1444770502002304,714.2829042056266,184.1119740822588,0.3,0.914396887159533,0.6793893129770993,0.8507462686567164,0.5588235294117647,0.3,27.51,0,4770,,,,,,12952818000.0,12952818000.0,,,,,,,,,,8.26,8635.21,71310.0,71010.0,-1.39,17.55,48.18,66259696992.31,2.1445,,,0.300000000000,0.918900000000,0.674200000000,0.853400000000,0.549100000000,0.300000000000,27.45
سیستم,73,2198,36412968.0,24400341.0,49.23138984000265,44.78688853775557,0.7433737840088882,36540673.0,39070000000.0,30370000000.0,36540673.0,0.001,,1.0,71.04259007551312,15.355630300670256,79.70938893429812,198.10739359066616,14.641535869729362,3654.6712364123787,53510.0,53250.0,-9.546458297944623,5.445544554455446,96.92319071040272,51221886106.333336,2.170815491318636,20.318317418505103,181.9946524535197,0.3114754098360656,0.22178988326848248,0.6679389312977099,0.8134328358208955,0.3308823529411765,0.9214285714285714,37.19,73,2198,36412968.0,24400341.0,49.23,44.79,0.7434,36540673.0,39070000000.0,,,0.001,,,71.04,15.36,79.71,198.11,14.64,3654.67,53510.0,53250.0,-9.55,5.45,96.92,51221886106.33,2.1708,,,0.309800000000,0.200800000000,0.662900000000,0.815800000000,0.320000000000,0.923100000000,36.82
سیمرغ3,34,1653,96637111.0,48702766.0,98.42222308277111,45.37122749007034,0.6462410276978778,15054403.0,12758079967.0,1343344380.0,15054403.0,0.001,,1.0,15.351794046136646,6.975049955484477,16.788173778618336,28.93011889510889,10.447032317831978,515.9359936888336,5390.0,5390.0,-10.01669449081803,8.450704225352112,64.58015267175573,91520061903.0,2.8855642242544906,1020.665945689965,356.3616894096691,0.6830601092896175,0.914396887159533,0.8931297709923665,0.10447761194029848,0.3970588235294118,0.2357142857142857,50.15,34,1653,96637111.0,48702766.0,98.42,45.37,0.6462,15054403.0,12758079967.0,,,0.001,,,15.35,6.98,16.79,28.93,10.45,515.94,5390.0,5390.0,-10.02,8.45,64.58,91520061903.0,2.8856,,,0.684800000000,0.918900000000,0.890200000000,0.105300000000,0.385500000000,0.237800000000,50.08
شاراک,75,5453,694853545.0,405703577.0,71.2712394941492,98.71572141370333,0.5657416720946501,65813096.0,61982000000.0,7267016000.0,65813096.0,0.001,,1.0,12.56574518101953,19.21730105387648,10.67162051303871,75.27223827729497,7.467972594755538,3871.197923289428,28910.0,28870.0,0.5222841225626741,42.006886374815544,172.05050885789672,1033249549703.3334,2.421194760093974,805.6412700894011,1819.5849079910906,0.4644808743169399,0.914396887159533,0.8931297709923665,0.5298507462686567,0.6507352941176471,0.2,57.72,75,5453,694853545.0,405703577.0,71.27,98.72,0.5657,65813096.0,61982000000.0,,,0.001,,,12.57,19.22,10.67,75.27,7.47,3871.2,28910.0,28870.0,0.52,42.01,172.05,1033249549703.33,2.4212,,,0.467400000000,0.918900000000,0.890200000000,0.533800000000,0.640000000000,0.195800000000,57.62
شاملا,76,3968,50994768.0,27007048.0,88.82022203981717,66.56758036512863,0.48465965271063327,21610000000.0,21610000000.0,10720600000.0,,,,1.0,,,,,9.150856085145765,4322.0,39550.0,39550.0,-1.6658378915962206,16.289326668626874,124.97155858930601,215493719820.33334,2.3019717933546477,101.57453873850343,173.45118041168158,0.5956284153005464,0.5097276264591439,0.648854961832061,0.7014925373134329,0.4742647058823529,0.3,38.62,76,3968,50994768.0,27007048.0,88.82,66.57,0.4847,21610000000.0,21610000000.0,,,,,,,,,,9.15,4322.0,39550.0,39550.0,-1.67,16.29,124.97,215493719820.33,2.302,,,0.597800000000,0.505800000000,0.643900000000,0.703000000000,0.461800000000,0.300000000000,38.47
شاوان,23,2683,1210679918.0,1816994460.0,-33.36909139502825,-52.98137584597734,0.5322771222945105,49160000000.0,49160000000.0,28328000000.0,,,,1.0,,,,,8.473555736371033,6145.0,52070.0,52250.0,7.003891050583658,109.7551184263348,93.34665482534044,904247893358.6666,1.5995503961918491,73.53854843264614,-82.96924113300209,0.00546448087431694,0.4085603112840467,0.10305343511450382,0.9850746268656716,0.5220588235294117,0.3,19.21,23,2683,1210679918.0,1816994460.0,-33.37,-52.98,0.5323,49160000000.0,49160000000.0,,,,,,,,,,8.47,6145.0,52070.0,52250.0,7.0,109.76,93.35,904247893358.67,1.5996,,,0.005400000000,0.397700000000,0.102300000000,0.988700000000,0.512700000000,0.300000000000,19.15
شبریز,32,3218,2805051256.0,353289220.0,693.9815587919722,23.168163920939943,0.6646192171510732,301440000000.0,301440000000.0,124380000000.0,,,,1.0,,,,,5.461783439490445,10048.0,54880.0,55540.0,-12.134155987976586,30.590171643545734,125.16824779048082,1634611189294.0,2.385672801848038,142.35407621804148,93.10193742963389,0.953551912568306,0.5992217898832685,0.4580152671755725,0.5746268656716418,0.8419117647058824,0.3,46.08,32,3218,2805051256.0,353289220.0,693.98,23.17,0.6646,301440000000.0,301440000000.0,,,,,,,,,,5.46,10048.0,54880.0,55540.0,-12.13,30.59,125.17,1634611189294.0,2.3857,,,0.953800000000,0.598500000000,0.450800000000,0.578900000000,0.840000000000,0.300000000000,46.07
شبصیر,77,1713,108259404.0,53656372.0,101.76430117190927,20.941407124133445,0.40228765534909006,28841734.0,31253500000.0,14475000000.0,28841734.0,0.001,,1.0,48.114468678023485,30.63056072328063,35.976777263824225,67.76293327256025,5.562408808832811,2883.642779820377,16040.0,16010.0,3.1572164948453607,35.56308213378493,58.86088509624926,342415873762.3333,2.3224067017047965,99.25204835924006,282.6553491270235,0.7103825136612022,0.48638132295719844,0.8931297709923665,0.6753731343283582,0.8308823529411764,0.7428571428571429,58.77,77,1713,108259404.0,53656372.0,101.76,20.94,0.4023,28841734.0,31253500000.0,,,0.001,,,48.11,30.63,35.98,67.76,5.56,2883.64,16040.0,16010.0,3.16,35.56,58.86,342415873762.33,2.3224,,,0.712000000000,0.478800000000,0.890200000000,0.676700000000,0.829100000000,0.748300000000,58.77
شبندر,49,2798,9461345602.0,4658467616.0,103.09995436061436,40.528069732451215,0.5985748789829461,1046821058.0,1071081275420.0,341631507646.0,1046821058.0,0.001,,1.0,15.762546716695372,1.9534887706703934,13.476047495510413,60.33744531495137,5.8352508895758755,2555.160057750954,14910.0,14990.0,-2.7255029201817003,16.926677067082682,110.12054948135687,6120940295212.0,2.3601964065530456,206.41818291675844,110.15166131663972,0.7158469945355191,0.7470817120622568,0.5114503816793893,0.6194029850746269,0.8051470588235294,0.24285714285714285,56.9,49,2798,9461345602.0,4658467616.0,103.1,40.53,0.5986,1046821058.0,1071081275420.0,,,0.001,,,15.76,1.95,13.48,60.34,5.84,2555.16,14910.0,14990.0,-2.73,16.93,110.12,6120940295212.0,2.3602,,,0.717400000000,0.752900000000,0.503800000000,0.620300000000,0.803600000000,0.244800000000,56.9
شبهرن,71,5231,610191167.0,329089122.0,85.41821233459062,101.49697772762873,0.5885394148398941,94552734.0,96534000000.0,29790000000.0,94552734.0,0.001,,1.0,27.662687711799034,4.950918117060638,17.581039578368472,53.622858300173235,8.182749898700202,5253.735056332199,42990.0,42990.0,19.15188470066519,55.57485615025512,124.04627892432771,1033132861893.0435,2.5049316912704516,217.39756294058407,180.4584067984819,0.5792349726775956,0.7704280155642024,0.6564885496183206,0.39925373134328357,0.5772058823529411,0.5214285714285715,54.64,71,5231,610191167.0,329089122.0,85.42,101.5,0.5885,94552734.0,96534000000.0,,,0.001,,,27.66,4.95,17.58,53.62,8.18,5253.74,42990.0,42990.0,19.15,55.57,124.05,1033132861893.04,2.5049,,,0.581500000000,0.776100000000,0.651500000000,0.402300000000,0.567300000000,0.517500000000,54.6
شتران,36,2151,5974270738.0,1425999269.0,318.953281945897,103.87054675796217,0.5345393342729079,922911344.0,906486000000.0,283120500000.0,922911344.0,0.001,,213440500000.0,22.35592682864095,6.296015222192226,18.72756107507754,52.73578025534579,4.647906265258297,1413.5396940142223,6570.0,6530.0,-5.499276410998553,33.537832310838446,77.3011132229161,4508642903842.667,2.352672685692538,225.9782827453328,110.02207815267795,0.953551912568306,0.7821011673151751,0.5076335877862596,0.6380597014925373,0.8897058823529411,0.37857142857142856,60.53,36,2151,5974270738.0,1425999269.0,318.95,103.87,0.5345,922911344.0,906486000000.0,,,0.001,,,22.36,6.3,18.73,52.74,4.65,1413.54,6570.0,6530.0,-5.5,33.54,77.3,4508642903842.67,2.3527,,,0.953800000000,0.787600000000,0.500000000000,0.639100000000,0.890900000000,0.377600000000,60.52
شدوص,75,3849,34714175.0,24879747.0,39.52784568106741,101.07839544097767,0.6643865898542141,5945890500.0,5945890500.0,4139190000.0,,,,1.0,,,,,6.4440263405456255,1063.0,6850.0,6820.0,-9.066666666666666,3.9634146341463414,80.04223864836325,145651695515.33334,2.6099129082529746,43.648648648648646,92.0283028337248,0.22950819672131148,0.311284046692607,0.45038167938931295,0.28358208955223885,0.7647058823529411,0.3,34.97,75,3849,34714175.0,24879747.0,39.53,101.08,0.6644,5945890500.0,5945890500.0,,,,,,,,,,6.44,1063.0,6850.0,6820.0,-9.07,3.96,80.04,145651695515.33,2.6099,,,0.228300000000,0.293400000000,0.443200000000,0.285700000000,0.760000000000,0.300000000000,34.7
شرانل,72,3045,402468369.0,256380662.0,56.980782349333346,50.10050479237499,0.6938609332193434,78900444.0,78392000000.0,31718000000.0,78900444.0,0.001,,1.0,25.56734082249835,11.791592244858638,20.94815043342382,83.62120380153208,8.136972304599183,13149.854269446316,107000.0,106200.0,-11.72069825436409,13.400961025093434,125.03814205797592,334189831852.6667,2.4979617981121063,148.7560501923198,171.10772332251634,0.366120218579235,0.6108949416342413,0.6450381679389313,0.4253731343283582,0.5955882352941176,0.4785714285714286,50.56,72,3045,402468369.0,256380662.0,56.98,50.1,0.6939,78900444.0,78392000000.0,,,0.001,,,25.57,11.79,20.95,83.62,8.14,13149.85,107000.0,106200.0,-11.72,13.4,125.04,334189831852.67,2.498,,,0.364100000000,0.613900000000,0.640200000000,0.428600000000,0.585500000000,0.475500000000,50.37
شستا,0,1333,,,,,,950523817936.0,950523817936.0,24540201840.0,,0.001,,1.0,24.699390478030214,0.45660329033864144,32.42036435862085,,5.955249569707401,581.0,3460.0,3470.0,-3.6111111111111107,52.72887323943662,112.49234537660746,5137901479568.767,4.223540428180404,3773.3333333333335,45.24116069838467,0.3,0.914396887159533,0.3244274809160305,0.052238805970149294,0.7941176470588236,0.45,30.92,0,1333,,,,,,950523817936.0,950523817936.0,,,0.001,,,24.7,0.46,32.42,,5.96,581.0,3460.0,3470.0,-3.61,52.73,112.49,5137901479568.77,4.2235,,,0.300000000000,0.918900000000,0.318200000000,0.052600000000,0.792700000000,0.447600000000,30.89
شسپا,65,2687,545994966.0,312352489.0,74.80090129840458,67.2867818727384,0.6026420665500054,207420331.0,204904000000.0,52837655298.0,207420331.0,0.001,,,48.022460162170894,25.093212734501186,41.17996402550131,69.30731839740618,5.814775559947778,3706.0759745288497,21550.0,21140.0,-7.443082311733801,11.556728232189974,162.28287841191067,1226516967669.6667,2.5514994814426593,292.56157342744774,-97.17033538881728,0.4918032786885246,0.8249027237354085,0.08396946564885496,0.3395522388059702,0.8088235294117647,0.7357142857142858,57.2,65,2687,545994966.0,312352489.0,74.8,67.29,0.6026,207420331.0,204904000000.0,,,0.001,,,48.02,25.09,41.18,69.31,5.81,3706.08,21550.0,21140.0,-7.44,11.56,162.28,1226516967669.67,2.5515,,,0.494600000000,0.834000000000,0.083300000000,0.342100000000,0.807300000000,0.741300000000,57.4
شغدیر,72,1137,106364548.0,65555001.0,62.25237796884482,23.897726047681456,0.4428435955912571,15954827.0,10336300000.0,1006200000.0,15954827.0,0.001,,1.0,15.297928239939596,32.29128123707285,16.64221783097949,79.72448657598481,6.567635468629784,12272.301102121874,80600.0,80160.0,5.127868852459017,90.38571157134714,106.48086136726597,683192200737.5,5.522986563586818,1485.6516597097993,1230.5198971030454,0.40437158469945356,0.914396887159533,0.8931297709923665,0.026119402985074647,0.7536764705882353,0.22857142857142856,56.0,72,1137,106364548.0,65555001.0,62.25,23.9,0.4428,15954827.0,16099200000.0,,,0.001,,,15.3,32.29,16.64,79.72,6.57,12272.3,80600.0,80160.0,5.13,90.39,106.48,683192200737.5,5.523,,,0.402200000000,0.918900000000,0.890200000000,0.026300000000,0.749100000000,0.230800000000,55.97
شلیا,0,824,,,,,,,,,,,,,,,,,,,22650.0,22670.0,12.954658694569007,81.0702875399361,254.773082942097,27285817819.333332,1.7304559746826684,165.4945054945055,154.23156417760566,0.3,0.6770428015564203,0.6106870229007634,0.9738805970149254,0.0,0.3,21.41,0,824,,,,,,,,,,,,,,,,,,,22650.0,22670.0,12.95,81.07,254.77,27285817819.33,1.7305,,,0.300000000000,0.683400000000,0.606100000000,0.977400000000,0E-12,0.300000000000,21.44
شمس,40,334,7794341.0,4598787.0,69.48688860780028,187.58315867516433,0.4668214682319908,,,,,,,,,,,,,,11940.0,11710.0,-4.095004095004095,-4.330065359477124,180.27764480612734,195140755292.33334,2.5836294810292566,38.46153846153847,-24.0,0.4426229508196721,0.28793774319066145,0.15267175572519084,0.31343283582089554,0.0,0.3,23.46,40,334,7794341.0,4598787.0,69.49,187.58,0.4668,,,,,,,,,,,,,,11940.0,11710.0,-4.1,-4.33,180.28,195140755292.33,2.5836,,,0.445700000000,0.270300000000,0.147700000000,0.315800000000,0E-12,0.300000000000,23.33
شمواد,52,1487,55967629.0,25384256.0,120.48165997065267,96.15200647978183,0.33591707403026205,12160666.0,14712543840.0,1192908960.0,12160666.0,0.001,16830428.0,1159112.0,26.812661190056357,15.209091478152137,26.130050994213327,61.86531935179074,7.11162247009523,1835.024293665191,13050.0,13050.0,2.112676056338028,48.97260273972603,307.17628705148206,254812022934.66666,2.338204240912955,919.4127471387254,1352.0105045931712,0.819672131147541,0.914396887159533,0.8931297709923665,0.6492537313432836,0.6875,0.5142857142857142,62.84,52,1487,55967629.0,25384256.0,120.48,96.15,0.3359,12160666.0,14712543840.0,,,0.001,,,26.81,15.21,26.13,61.87,7.11,1835.02,13050.0,13050.0,2.11,48.97,307.18,254812022934.67,2.3382,,,0.820700000000,0.918900000000,0.890200000000,0.650400000000,0.680000000000,0.510500000000,62.74
شوینده,0,1962,,,,,,-557000000.0,-557000000.0,,,,-487660.0,,62.35274199692433,-19.205528592571817,,,,-557.0,41650.0,41090.0,-12.760084925690022,1.007866273352999,88.81536623472107,98410608952.33333,2.7609450607945685,-58.1151832460733,-57.26627957010042,0.3,0.0622568093385214,0.12595419847328243,0.13432835820895528,0.0,0.8785714285714286,1.89,0,1962,,,,,,-557000000.0,-557000000.0,,,,,,62.35,-19.21,,,,-557.0,41650.0,41090.0,-12.76,1.01,88.82,98410608952.33,2.7609,,,0.300000000000,0.046300000000,0.121200000000,0.135300000000,0E-12,0.881100000000,1.79
شپارس,74,3513,44406036.0,22824212.0,94.55671021632641,41.7992409195358,0.6324209233688576,1105800000.0,1105800000.0,1044450000.0,,,2553721.0,1.0,5.750842070208654,5.750837688896388,,,24.855670103092784,97.0,2411.0,2426.0,-14.727592267135325,37.919272313814666,118.16546762589928,211600147028.4,2.6578056834150967,5.8739049260376275,255372000.0,0.639344262295082,0.17509727626459143,0.8931297709923665,0.21641791044776115,0.23897058823529416,0.12857142857142856,31.72,74,3513,44406036.0,22824212.0,94.56,41.8,0.6324,1105800000.0,1105800000.0,,,,,,5.75,5.75,,,24.86,97.0,2411.0,2426.0,-14.73,37.92,118.17,211600147028.4,2.6578,,,0.641300000000,0.146700000000,0.890200000000,0.218000000000,0.229100000000,0.125900000000,31.33
شپاکسا,67,46,90560377.0,45800885.0,97.72626009300912,58.766059200935864,0.5741303615507303,8465300000.0,8465300000.0,1402200000.0,,,,1.0,22.900985547671553,6.238913323042716,,,5.435483680436606,475.57865168539325,2585.0,2563.0,-10.727969348659004,-23.263473053892216,,413606623428.93335,8.725038370427999,503.71558978747686,198.93324193102563,0.6721311475409836,0.914396887159533,0.7137404580152672,0.014925373134328401,0.8455882352941176,0.39285714285714285,44.95,67,46,90560377.0,45800885.0,97.73,58.77,0.5741,8465300000.0,8465300000.0,,,,,,22.9,6.24,,,5.44,475.58,2585.0,2563.0,-10.73,-23.26,,413606623428.93,8.725,,,0.673900000000,0.918900000000,0.708300000000,0.015000000000,0.843600000000,0.391600000000,45.0
شپدیس,73,3213,908062338.0,564944129.0,60.734892423317845,-6.282626568894771,0.4648906511274955,438772604.0,162804448652.0,121032000000.0,438772604.0,0.001,,1.0,50.61870472478447,3.3327135163871233,49.987070677158435,78.9866315635936,7.016472629105069,1878.4367440311773,13180.0,13320.0,3.255813953488372,19.67654986522911,-6.98973535367642,4638032088960.667,2.416153963223094,262.5261121025845,85.34463731388384,0.3879781420765027,0.8054474708171206,0.4389312977099237,0.5447761194029851,0.7095588235294117,0.7714285714285715,52.0,73,3213,908062338.0,564944129.0,60.73,-6.28,0.4649,438772604.0,393486448652.0,,,0.001,,,50.62,3.33,49.99,78.99,7.02,1878.44,13180.0,13320.0,3.26,19.68,-6.99,4638032088960.67,2.4162,,,0.385900000000,0.814700000000,0.431800000000,0.548900000000,0.701800000000,0.776200000000,52.0
شپلی,0,1556,,,,,,2710929422.0,2710929422.0,-726640876.0,,,,,,,,,69.58762886597938,97.0,6750.0,6750.0,-4.795486600846263,14.60101867572156,299.64476021314385,350758231021.1539,3.312334038649309,473.0769230769231,518.5653196435525,0.3,0.914396887159533,0.8931297709923665,0.08208955223880599,0.0,0.3,23.85,0,1556,,,,,,2710929422.0,2710929422.0,,,,,,,,,,69.59,97.0,6750.0,6750.0,-4.8,14.6,299.64,350758231021.15,3.3123,,,0.300000000000,0.918900000000,0.890200000000,0.082700000000,0E-12,0.300000000000,23.89
شپنا,47,3476,13434648094.0,2293561650.0,485.75482782422694,59.84041441121355,0.55202316405895,1139220803.0,1183204906282.0,430211600000.0,1139220803.0,0.001,,1.0,12.902185220555706,2.1262243391901254,10.619177047985035,57.037989017261395,7.03593578512252,1814.9682416093326,12770.0,12720.0,-10.23288637967537,10.704960835509137,149.4606785644244,9743928812128.0,2.6459497252503623,164.80476188926565,189.62106523931374,0.953551912568306,0.6731517509727627,0.6984732824427481,0.23134328358208955,0.7058823529411764,0.20714285714285716,58.37,47,3476,13434648094.0,2293561650.0,485.75,59.84,0.552,1139220803.0,1183204906282.0,,,0.001,,,12.9,2.13,10.62,57.04,7.04,1814.97,12770.0,12720.0,-10.23,10.7,149.46,9743928812128.0,2.6459,,,0.953800000000,0.679500000000,0.693200000000,0.233100000000,0.698200000000,0.209800000000,58.37
شکام,63,1053,109427479.0,67206417.0,62.822962277545614,122.79075585155886,0.5175877824983646,21891910.0,22012200000.0,8443200000.0,21891910.0,0.001,30255838.0,12804486.0,31.286473535812004,4.063964194279226,24.15504975241303,50.63539681364839,8.171474845260155,1256.8110646460705,10270.0,10270.0,-0.38797284190106696,42.83727399165508,249.4385845525689,961777205870.6666,2.6332447710872895,159.2845129808603,136.29092179100354,0.4098360655737705,0.6575875486381323,0.5648854961832062,0.2425373134328358,0.5808823529411764,0.5785714285714286,51.32,63,1053,109427479.0,67206417.0,62.82,122.79,0.5176,21891910.0,22012200000.0,,,0.001,,,31.29,4.06,24.16,50.64,8.17,1256.81,10270.0,10270.0,-0.39,42.84,249.44,961777205870.67,2.6332,,,0.407600000000,0.660200000000,0.560600000000,0.244400000000,0.570900000000,0.573400000000,51.18
شکربن,76,5306,37084381.0,31946860.0,16.08145839685027,8.282978246955333,0.7785438386042252,11646473472.0,11646473472.0,13945119552.0,,,,1.0,,,,,5.537280701754386,1824.0,10100.0,10020.0,16.511627906976745,23.703703703703706,79.6020792256677,183783783203.33334,2.3595842321685496,-16.483516483516482,34.9190516066532,0.09289617486338798,0.13229571984435798,0.2862595419847328,0.6268656716417911,0.8345588235294118,0.3,29.85,76,5306,37084381.0,31946860.0,16.08,8.28,0.7785,11646473472.0,11646473472.0,,,,,,,,,,5.54,1824.0,10100.0,10020.0,16.51,23.7,79.6,183783783203.33,2.3596,,,0.092400000000,0.104200000000,0.280300000000,0.627800000000,0.832700000000,0.300000000000,29.55
شگل,66,4773,50707044.0,26259142.0,93.10244028536805,79.78521657849427,0.5121510320442406,5979281.0,4845884800.0,490591200.0,5979281.0,0.001,,1.0,18.849387079425004,3.4109066613988084,11.827164567092515,39.444112845365495,3.1381804907128044,971.9007587441935,3050.0,2970.0,-14.409221902017292,10.122358175750835,82.88177339901478,150375418591.26666,2.685969899615006,1118.7909200165025,174.77435550742376,0.6174863387978142,0.914396887159533,0.6526717557251909,0.18656716417910446,0.9669117647058824,0.32142857142857145,53.14,66,4773,50707044.0,26259142.0,93.1,79.79,0.5122,5979281.0,4845884800.0,,,0.001,,,18.85,3.41,11.83,39.44,3.14,971.9,3050.0,2970.0,-14.41,10.12,82.88,150375418591.27,2.686,,,0.619600000000,0.918900000000,0.647700000000,0.188000000000,0.967300000000,0.321700000000,53.23
شگویا,73,1418,499931059.0,350458779.0,42.65045961368256,31.942863507205494,0.584792771073676,36431239114.0,36431239114.0,10277838714.0,,,,1.0,0.12311426309852808,-5.556314148928994,,,11.843132720517216,1071.5070327647059,12690.0,12690.0,9.30232558139535,53.63196125907991,63.63636363636363,677476666478.0,2.4586942084177377,254.46400870617904,-97.95867372776162,0.2459016393442623,0.8015564202334631,0.08015267175572519,0.4925373134328358,0.3602941176470589,0.07857142857142857,18.51,73,1418,499931059.0,350458779.0,42.65,31.94,0.5848,36431239114.0,36431239114.0,,,,,,0.12,-5.56,,,11.84,1071.51,12690.0,12690.0,9.3,53.63,63.64,677476666478.0,2.4587,,,0.244600000000,0.810800000000,0.079500000000,0.496200000000,0.349100000000,0.076900000000,18.5
شیراز,72,3872,476497496.0,265338930.0,79.58069552779156,-52.03427359935371,0.4790478079009869,138587400000.0,138587400000.0,69186600000.0,,,-1.0,1.0,-2.0986469150301684e-07,-5.867411641713886e-07,,,7.51269595937293,9058.0,68050.0,68120.0,-9.499136442141623,4.478527607361963,7.149036570979159,575906495845.6666,2.5859956425766417,100.30959752321982,-200.0,0.5245901639344263,0.4980544747081712,0.02862595419847328,0.3097014925373134,0.6433823529411764,0.06428571428571428,25.92,72,3872,476497496.0,265338930.0,79.58,-52.03,0.479,138587400000.0,138587400000.0,,,,,,0.0,0.0,,,7.51,9058.0,68050.0,68120.0,-9.5,4.48,7.15,575906495845.67,2.586,,,0.527200000000,0.490300000000,0.032200000000,0.312000000000,0.632700000000,0.062900000000,25.77
شیران,65,4402,297447641.0,152597864.0,94.9225455737703,46.02352050891355,0.6291301449563634,73967505.0,22698832050.0,22589964750.0,73967505.0,0.001,,1.0,33.01662957764687,12.054350942347298,27.647538044045145,45.86373727239136,8.164075982893841,1358.3901011255696,11090.0,11080.0,-0.8057296329453895,1.9319227230910765,86.21848739495799,498077699146.3333,2.6461502925277616,227.43523869376557,152.34562025831423,0.6502732240437158,0.7859922178988327,0.6030534351145038,0.2276119402985075,0.5845588235294117,0.5928571428571429,51.43,65,4402,297447641.0,152597864.0,94.92,46.02,0.6291,73967505.0,80235200100.0,,,0.001,,,33.02,12.05,27.65,45.86,8.16,1358.39,11090.0,11080.0,-0.81,1.93,86.22,498077699146.33,2.6462,,,0.652200000000,0.791500000000,0.598500000000,0.229300000000,0.574500000000,0.587400000000,51.35
عالیس,35,688,35381586.0,18239433.0,93.9840235165205,-17.72101272039355,0.5868487032704597,27832707.0,28080000000.0,14452000000.0,27832707.0,0.001,34289313.0,16199053.0,29.61907667508296,13.416946687936502,24.092595381016597,45.87906830735445,4.283423655607063,1391.4103481681702,5960.0,5900.0,-3.436988543371522,6.884057971014493,103.16804407713498,347560354363.3333,1.8911793178551186,92.58723360088568,111.67479975526963,0.6338797814207651,0.46303501945525294,0.5190839694656488,0.9514925373134329,0.9117647058823529,0.5428571428571428,53.18,35,688,35381586.0,18239433.0,93.98,-17.72,0.5868,27832707.0,28080000000.0,,,0.001,,,29.62,13.42,24.09,45.88,4.28,1391.41,5960.0,5900.0,-3.44,6.88,103.17,347560354363.33,1.8912,,,0.635900000000,0.455600000000,0.511400000000,0.954900000000,0.912700000000,0.538500000000,53.09
غاذر,74,3723,7215612.0,2573776.0,180.35120383436632,237.6857835348786,0.47081047237851636,2723198.0,2549503431.0,654500000.0,2723198.0,0.001,,638050000.0,59.02310256424352,37.71226157136809,49.90311473216822,64.40419337070539,9.552679527762043,3154.0888514511607,30130.0,30130.0,-3.305519897304236,40.59729351376575,142.57306175026164,397998255886.53845,2.274054754986173,316.0730328495034,493.89475310231194,0.953551912568306,0.914396887159533,0.8931297709923665,0.7276119402985075,0.44852941176470584,0.8428571428571429,68.96,74,3723,7215612.0,2573776.0,180.35,237.69,0.4708,2723198.0,2549503431.0,,,0.001,,,59.02,37.71,49.9,64.4,9.55,3154.09,30130.0,30130.0,-3.31,40.6,142.57,397998255886.54,2.2741,,,0.953800000000,0.918900000000,0.890200000000,0.729300000000,0.436400000000,0.846200000000,68.92
غانیزان,0,305,,,,,,3034000000.0,3034000000.0,2077000000.0,,,3065000000.0,2092000000.0,,,,,2.887277521423863,3034.0,8760.0,8780.0,-9.948717948717949,23.661971830985916,49.167516139993204,113017414884.33333,2.513536615020249,46.076071256620125,46.510516252390055,0.3,0.3151750972762646,0.3282442748091603,0.3843283582089553,0.9705882352941176,0.3,19.47,0,305,,,,,,3034000000.0,3034000000.0,,,,,,,,,,2.89,3034.0,8760.0,8780.0,-9.95,23.66,49.17,113017414884.33,2.5135,,,0.300000000000,0.297300000000,0.322000000000,0.387200000000,0.970900000000,0.300000000000,19.36
غبشهر,59,4838,747721929.0,250895944.0,198.02073205296614,40.29012819904547,0.4296901054817476,70670616.0,66710000000.0,910000000.0,70670616.0,0.001,,-1.0,18.22956065105585,11.42881131918184,11.457017935488297,69.86597860696085,9.041081477220954,2018.563824027132,18250.0,18200.0,2.824858757062147,67.58747697974218,270.74760643715626,621883669448.0769,2.376336727935102,7666.001758241758,758.5950325133472,0.953551912568306,0.914396887159533,0.8931297709923665,0.5895522388059702,0.4816176470588235,0.3142857142857143,57.83,59,4838,747721929.0,250895944.0,198.02,40.29,0.4297,70670616.0,66710000000.0,,,0.001,,,18.23,11.43,11.46,69.87,9.04,2018.56,18250.0,18200.0,2.82,67.59,270.75,621883669448.08,2.3763,,,0.953800000000,0.918900000000,0.890200000000,0.594000000000,0.469100000000,0.314700000000,57.79
غبهنوش,0,4167,,,,,,2531520000.0,2531520000.0,1504440000.0,,,,1.0,,,,,11.46188850967008,7032.0,80600.0,81270.0,13.569032979318054,2.3938515812019654,-14.254062038404728,149681240130.0,2.8838237160404447,68.26992103374013,180.68251305032769,0.3,0.38910505836575876,0.6603053435114504,0.10820895522388063,0.375,0.3,21.33,0,4167,,,,,,2531520000.0,2531520000.0,,,,,,,,,,11.46,7032.0,80600.0,81270.0,13.57,2.39,-14.25,149681240130.0,2.8838,,,0.300000000000,0.374500000000,0.655300000000,0.109000000000,0.363600000000,0.300000000000,21.12
غدام,54,3236,1710629.0,2482931.0,-31.10444873417747,42.49861967474918,0.5278745481749996,,,,,,,,,,,,,,61900.0,61900.0,0.5686433793663688,17.4573055028463,63.609451815827036,49224528913.333336,2.1743419172097695,,,0.01092896174863388,0.3,0.3,0.8097014925373134,0.0,0.3,10.23,54,3236,1710629.0,2482931.0,-31.1,42.5,0.5279,,,,,,,,,,,,,,61900.0,61900.0,0.57,17.46,63.61,49224528913.33,2.1743,,,0.010900000000,0.300000000000,0.300000000000,0.812000000000,0E-12,0.300000000000,10.25
غدیس,66,2154,60229805.46,40804805.0,47.60468885955956,145.80497438523867,0.41582177570374546,9135261318.0,9135261318.0,5526067050.0,,,,1.0,,,,,1.5055690692612982,7811.0,11760.0,11850.0,-9.885931558935361,-9.610983981693364,73.16966242875932,133559129352.33333,2.58282608453024,65.31216931216932,31.602105202955755,0.2896174863387978,0.38132295719844356,0.2824427480916031,0.3171641791044776,0.9963235294117647,0.3,37.87,66,2154,60229805.46,40804805.0,47.6,145.8,0.4158,9135261318.0,9135261318.0,,,,,,,,,,1.51,7811.0,11760.0,11850.0,-9.89,-9.61,73.17,133559129352.33,2.5828,,,0.288000000000,0.366800000000,0.276500000000,0.319500000000,0.996400000000,0.300000000000,37.7
غشاذر,67,3537,51334347.0,26362665.0,94.7236631804865,42.7423763255961,0.6723528532611813,3366567032.0,3366567032.0,,,,,,14.522533592974835,1.2964139390999332,,,9.623217922606925,1964.0,18900.0,18680.0,-4.742478327383988,22.331368696791092,121.5107316494723,130462320158.46153,3.5833286731588863,154.28954423592495,134.90652240756816,0.644808743169399,0.6342412451361867,0.5610687022900763,0.07089552238805974,0.44485294117647056,0.22142857142857142,40.48,67,3537,51334347.0,26362665.0,94.72,42.74,0.6724,3366567032.0,3366567032.0,,,,,,14.52,1.3,,,9.62,1964.0,18900.0,18680.0,-4.74,22.33,121.51,130462320158.46,3.5833,,,0.646700000000,0.637100000000,0.556800000000,0.071400000000,0.432700000000,0.223800000000,40.41
غشان,53,3697,53736523.0,26937766.0,99.48396240430628,31.1368919257037,0.7090246615302176,2233035000.0,2233035000.0,,,,3585847.0,,11.730855747315672,3.105451254082224,,,18.941798941798943,945.0,17900.0,17900.0,4.55607476635514,31.61764705882353,376.317189994678,193649590537.33334,2.464304936808988,195.54896142433233,198.24066743409284,0.6939890710382514,0.7392996108949417,0.7099236641221374,0.47388059701492535,0.2757352941176471,0.18571428571428572,40.87,53,3697,53736523.0,26937766.0,99.48,31.14,0.709,2233035000.0,2233035000.0,,,,,,11.73,3.11,,,18.94,945.0,17900.0,17900.0,4.56,31.62,376.32,193649590537.33,2.4643,,,0.695700000000,0.745200000000,0.704500000000,0.477400000000,0.265500000000,0.181800000000,40.82
غشصفا,76,3797,105229112.0,56099433.0,87.57607051037397,42.09925907793144,0.648475614046494,984812040.0,984812040.0,613630160.0,,,1391286.0,814416.0,1.3221493306909213,-0.12958726707469248,,,54.0958605664488,459.0,24830.0,24140.0,-9.621864470235867,19.682697074863658,205.45362520561815,113031686596.66667,2.754416587850696,60.48951048951049,70.83235103436081,0.5846994535519126,0.36964980544747084,0.41603053435114506,0.14552238805970152,0.16911764705882348,0.09285714285714286,28.37,76,3797,105229112.0,56099433.0,87.58,42.1,0.6485,984812040.0,984812040.0,,,,,,1.32,-0.13,,,54.1,459.0,24830.0,24140.0,-9.62,19.68,205.45,113031686596.67,2.7544,,,0.587000000000,0.355200000000,0.409100000000,0.146600000000,0.163600000000,0.090900000000,28.16
غشهداب,45,30,23266858.0,12664044.0,83.7237615409422,10.976130407787375,0.6364437039519042,5793781990.0,5793781990.0,3180094487.0,,,5658324.0,3319419.0,24.31924413687486,-1.8921224692424268,,,4.706428382542574,518.2273694096601,2439.0,2399.0,-5.065294815987337,9.045454545454545,,312911991069.0,2.466461522127289,82.1889888393118,70.46127650652117,0.5628415300546448,0.44357976653696496,0.4122137404580153,0.46641791044776115,0.8860294117647058,0.42857142857142855,35.69,45,30,23266858.0,12664044.0,83.72,10.98,0.6364,5793781990.0,5793781990.0,,,,,,24.32,-1.89,,,4.71,518.23,2439.0,2399.0,-5.07,9.05,,312911991069.0,2.4665,,,0.565200000000,0.432400000000,0.405300000000,0.469900000000,0.887300000000,0.426600000000,35.61
غشوکو,15,2213,5920191.0,975676.0,506.7783772481849,132.76879185594476,0.40676068054662196,1475800000.0,1475800000.0,536800000.0,,,1879992.0,741308.0,31.755597074486282,-44.22331395745466,,,8.408998509283101,1475.8,12410.0,12370.0,7.846556233653009,2.740863787375415,168.44618055555557,64469755679.0,2.5121006144106692,174.92548435171386,153.6047095134546,0.953551912568306,0.708171206225681,0.6068702290076335,0.3880597014925373,0.5330882352941176,0.5857142857142857,36.28,15,2213,5920191.0,975676.0,506.78,132.77,0.4068,1475800000.0,1475800000.0,,,,,,31.76,-44.22,,,8.41,1475.8,12410.0,12370.0,7.85,2.74,168.45,64469755679.0,2.5121,,,0.953800000000,0.714300000000,0.602300000000,0.391000000000,0.523600000000,0.580400000000,36.22
غفارس,75,2399,72615143.0,37902147.0,91.58583021695314,60.05169710747494,0.6339538480099738,3458120.0,2038314096.0,,3458120.0,0.001,,,6.639343250506278,1.604607964592522,4.828780836309116,41.5619241565674,13.834481675641722,2028.9881947238152,28070.0,27780.0,-3.2055749128919864,112.22307104660045,303.36866560185854,147383960806.0,3.6482523532980253,164.6946564885496,161.8978402880398,0.6065573770491803,0.669260700389105,0.6297709923664122,0.06716417910447758,0.3345588235294118,0.14285714285714285,42.64,75,2399,72615143.0,37902147.0,91.59,60.05,0.634,3458120.0,2038314096.0,,,0.001,,,6.64,1.6,4.83,41.56,13.83,2028.99,28070.0,27780.0,-3.21,112.22,303.37,147383960806.0,3.6483,,,0.608700000000,0.675700000000,0.625000000000,0.067700000000,0.323600000000,0.139900000000,42.67
غمایه,52,661,19211888.0,12399111.0,54.945689251431006,28.45024104790407,0.7107453588656133,7387380000.0,7387380000.0,1934394000.0,,,,2810016000.0,,,,,8.149825783972126,2870.0,23390.0,23020.0,-12.571211545765287,15.215215215215217,107.14478538648429,123980327357.33333,2.6557304509523334,281.8963458323382,224.47414355484247,0.3551912568306011,0.8171206225680934,0.7557251908396947,0.2201492537313433,0.5882352941176471,0.3,33.9,52,661,19211888.0,12399111.0,54.95,28.45,0.7107,7387380000.0,7387380000.0,,,,,,,,,,8.15,2870.0,23390.0,23020.0,-12.57,15.22,107.14,123980327357.33,2.6557,,,0.353300000000,0.826300000000,0.750000000000,0.221800000000,0.578200000000,0.300000000000,33.87
غمهرا,59,3903,99801263.0,48974620.0,103.7815974886584,40.0653828803281,0.5223799021888687,12784800000.0,12784800000.0,5094400000.0,,,17768946.0,7935036.0,17.804329790896535,1.6019866180449647,,,8.075996495838808,2556.96,20650.0,20220.0,-2.6948989412897015,16.00688468158348,130.08648156577152,171139496439.0,2.3303597643710208,150.95791457286433,123.93025059999727,0.726775956284153,0.6186770428015564,0.5458015267175572,0.664179104477612,0.6029411764705883,0.3,40.73,59,3903,99801263.0,48974620.0,103.78,40.07,0.5224,12784800000.0,12784800000.0,,,,,,17.8,1.6,,,8.08,2556.96,20650.0,20220.0,-2.69,16.01,130.09,171139496439.0,2.3304,,,0.728300000000,0.621600000000,0.541700000000,0.665400000000,0.592700000000,0.300700000000,40.65
غمینو,77,2815,28154588.0,12802926.0,119.9074492815158,-7.188197791022696,0.6298760640080548,8614717.0,8610450000.0,3573000000.0,8614717.0,0.001,,3461400000.0,39.47408878115189,7.276917235598852,34.679218366330936,47.754420796622014,6.990234810882376,1230.2877131697417,8600.0,8560.0,-3.6036036036036037,5.41871921182266,151.1737089201878,306443164281.3333,2.216030706037438,141.10598936467954,268.6067236920628,0.8087431693989071,0.5914396887159533,0.8931297709923665,0.791044776119403,0.7205882352941176,0.6642857142857143,57.88,77,2815,28154588.0,12802926.0,119.91,-7.19,0.6299,8614717.0,8610450000.0,,,0.001,,,39.47,7.28,34.68,47.75,6.99,1230.29,8600.0,8560.0,-3.6,5.42,151.17,306443164281.33,2.216,,,0.809800000000,0.590700000000,0.890200000000,0.793200000000,0.712700000000,0.657300000000,57.86
غنوش,49,2867,3241970.0,2769355.0,17.065887183116647,-43.77845552502772,0.0032907202286065473,124979250.0,124979250.0,249000000.0,,,,,,,,,136.26261959485277,124.97925,17030.0,17190.0,-10.328638497652582,8.72865275142315,25.474452554744527,643396229084.0,2.5034785948849776,-49.80753012048193,-89.71900000000001,0.10382513661202186,0.07003891050583658,0.09541984732824428,0.4029850746268657,0.0,0.3,13.85,49,2867,3241970.0,2769355.0,17.07,-43.78,0.0033,563000000.0,563000000.0,,,,,,,,,,30.25,563.0,17030.0,17190.0,-10.33,8.73,25.47,643396229084.0,2.5035,,,0.103300000000,0.556000000000,0.094700000000,0.406000000000,0.214500000000,0.300000000000,20.0
غویتا,67,1590,33794465.0,19486095.0,73.42861666229176,-12.143393016947304,0.7874469032532891,9369776.0,6069000000.0,1106000000.0,9369776.0,0.001,,133000000.0,22.835758973329256,12.851408979912547,28.493149818465103,46.045666303845664,4.583653252820719,1339.5428627201516,6140.0,6040.0,-10.650887573964498,17.509727626459142,174.54545454545453,294774879903.0,2.5863469631584626,747.1768535262206,274.2539770932281,0.48633879781420764,0.914396887159533,0.8931297709923665,0.30597014925373134,0.9007352941176471,0.38571428571428573,53.24,67,1590,33794465.0,19486095.0,73.43,-12.14,0.7874,9369776.0,6069000000.0,,,0.001,,,22.84,12.85,28.49,46.05,4.58,1339.54,6140.0,6040.0,-10.65,17.51,174.55,294774879903.0,2.5863,,,0.489100000000,0.918900000000,0.890200000000,0.308300000000,0.901800000000,0.384600000000,53.31
غپاک,1,4653,4683377.0,0,,,1.0,758853027.0,758853027.0,13313211.0,,,-11261092.0,,,,,,38.280701754385966,57.0,2182.0,2142.0,-10.638297872340425,33.95872420262664,68.66141732283465,125176688943.0,2.627162869836878,5600.0,-94.77892298108999,0.3,0.914396887159533,0.08778625954198473,0.2574626865671642,0.20220588235294112,0.3,19.06,1,4653,4683377.0,0.0,,,1.0,758853027.0,758853027.0,,,,,,,,,,38.28,57.0,2182.0,2142.0,-10.64,33.96,68.66,125176688943.0,2.6272,,,0.300000000000,0.918900000000,0.087100000000,0.259400000000,0.192700000000,0.300000000000,19.02
غپینو,74,4368,87206749.0,44454476.0,96.17090751446491,22.903335033771068,0.5560459076362398,30290477.0,31531461570.0,12056000000.0,30290477.0,0.001,,13029500000.0,45.81526922501345,12.639627025098136,39.10769724839141,21.87843082015492,7.093799774070331,274.8879390602133,1950.0,1950.0,-8.235294117647058,15.384615384615385,108.33333333333333,426961869380.6667,2.4671021107244235,151.2481502986065,278.5048135297719,0.6666666666666666,0.622568093385214,0.8931297709923665,0.4626865671641791,0.6948529411764706,0.7071428571428572,56.88,74,4368,87206749.0,44454476.0,96.17,22.9,0.556,30290477.0,31531461570.0,,,0.001,,,45.82,12.64,39.11,21.88,7.09,274.89,1950.0,1950.0,-8.24,15.38,108.33,426961869380.67,2.4671,,,0.668500000000,0.625500000000,0.890200000000,0.466200000000,0.687300000000,0.713300000000,56.98
غکورش,61,1127,754033773.0,254861349.0,195.86038681761823,-0.5756746936296373,0.392397635091673,131700499.0,178640000000.0,29660000000.0,131700499.0,0.001,197480993.0,68000000.0,23.142580403784596,2.145944174288566,18.735429799878755,70.45184862810603,8.486091181072869,2991.9546535899967,25390.0,25290.0,-5.528576765035488,34.16445623342175,247.53332417204894,1080035426310.0,2.551244199147309,344.03404922454484,190.413225,0.953551912568306,0.914396887159533,0.7022900763358778,0.34328358208955223,0.5183823529411764,0.40714285714285714,55.91,61,1127,754033773.0,254861349.0,195.86,-0.58,0.3924,131700499.0,178640000000.0,,,0.001,,,23.14,2.15,18.74,70.45,8.49,2991.95,25390.0,25290.0,-5.53,34.16,247.53,1080035426310.0,2.5512,,,0.953800000000,0.918900000000,0.697000000000,0.345900000000,0.509100000000,0.405600000000,55.84
غگل,74,3099,35820928.0,26979522.0,32.770802981609535,12.775511116056142,0.7535300906846237,11672370000.0,11672370000.0,5100000000.0,,,,-1.0,,,,,0.602761050240868,10468.493273542601,6310.0,6290.0,-13.835616438356164,-6.952662721893491,43.31282752335384,142505239318.66666,2.286131493666436,128.87,38.17407330599466,0.18032786885245902,0.5680933852140078,0.3015267175572519,0.7126865671641791,1.0,0.3,36.54,74,3099,35820928.0,26979522.0,32.77,12.78,0.7535,11672370000.0,11672370000.0,,,,,,,,,,0.6,10468.49,6310.0,6290.0,-13.84,-6.95,43.31,142505239318.67,2.2861,,,0.179300000000,0.567600000000,0.295500000000,0.714300000000,1.000000000000,0.300000000000,36.55
غگلستا,0,2167,,,,,,545235000.0,545235000.0,334500000.0,,,0.0,0.0,,,,,32.45398773006135,489.0,15870.0,15580.0,-12.717086834733893,26.153846153846157,122.50785489860041,135744660710.33333,2.6724718728533374,63.0,,0.3,0.377431906614786,0.3,0.1977611940298507,0.21691176470588236,0.3,18.18,0,2167,,,,,,545235000.0,545235000.0,,,,,,,,,,32.45,489.0,15870.0,15580.0,-12.72,26.15,122.51,135744660710.33,2.6725,,,0.300000000000,0.362900000000,0.300000000000,0.199200000000,0.207300000000,0.300000000000,18.01
غگیلا,0,1397,,,,,,683008070.0,683008070.0,,,,957282.0,,,,,,54.6699250566688,683.00807,37340.0,37340.0,19.259022676461193,64.49339207048457,128.16987473266119,42828387273.333336,1.9415517620444764,109.45694108834473,98.93366003398188,0.3,0.5330739299610895,0.46946564885496184,0.9402985074626866,0.1654411764705882,0.3,21.77,0,1397,,,,,,683008070.0,683008070.0,,,,,,,,,,54.67,683.01,37340.0,37340.0,19.26,64.49,128.17,42828387273.33,1.9416,,,0.300000000000,0.529000000000,0.462100000000,0.943600000000,0.160000000000,0.300000000000,21.71
فاذر,0,4389,,,,,,-2392694700.0,-2392694700.0,924450225.0,,,-19832255.0,,-14.034864299290298,-19.243130234115185,,,,,1517.0,1500.0,-13.990825688073393,16.18900077459334,41.509433962264154,414717518306.5333,2.7647597778228663,-358.8235294117647,-104.83961718977352,0.3,0.005836575875486381,0.04580152671755725,0.13059701492537312,0.0,0.007142857142857143,3.52,0,4389,,,,,,-2392694700.0,-2392694700.0,,,,,,-14.03,-19.24,,,,,1517.0,1500.0,-13.99,16.19,41.51,414717518306.53,2.7648,,,0.300000000000,0.005800000000,0.049200000000,0.131600000000,0E-12,0.007000000000,3.53
فاراک,68,4438,21592058.0,20095080.0,7.449475194923334,21.873430162717046,0.5697296196833428,20222924344.0,20222924344.0,9361445929.0,,,,1.0,,,,,3.8725622955334535,754.0227315046365,2920.0,2940.0,-8.125,4.663581345674618,180.0,967074365008.8334,2.388094690671903,116.02351279253969,128.10304247403002,0.060109289617486336,0.5486381322957199,0.5534351145038168,0.5708955223880596,0.9375,0.3,37.1,68,4438,21592058.0,20095080.0,7.45,21.87,0.5697,20222924344.0,20222924344.0,,,,,,,,,,3.87,754.02,2920.0,2940.0,-8.13,4.66,180.0,967074365008.83,2.3881,,,0.059800000000,0.544400000000,0.549200000000,0.575200000000,0.938200000000,0.300000000000,37.09
فاسمین,0,4,,,,,,12864000000.0,12864000000.0,13536000000.0,,,,1.0,34.5323036477717,26.4596944797373,,,8.921641791044776,536.0,4782.0,4782.0,,,,214935855715.0,2.111627544506844,-4.964539007092199,678.8669570338637,0.3,0.1556420233463035,0.8931297709923665,0.8880597014925373,0.48897058823529416,0.6142857142857143,18.7,0,4,,,,,,12864000000.0,12864000000.0,,,,,,34.53,26.46,,,8.92,536.0,4782.0,4782.0,,,,214935855715.0,2.1116,,,0.300000000000,0.127400000000,0.890200000000,0.891000000000,0.476400000000,0.608400000000,18.47
فایرا,50,2879,683891972.0,299948584.0,128.00306735236998,-0.08906769353783238,0.6426096175507918,150004494.0,148924000000.0,47584000000.0,150004494.0,0.001,193154426.0,48483717.0,31.028449164933537,24.27805763762568,23.880047923336875,59.47086290758825,5.9237149579218435,2419.090064560981,14330.0,14330.0,-4.5303131245836115,3.540462427745665,159.60144927536234,893249374733.3334,2.487519746164418,215.24145511096168,298.3903008096512,0.8524590163934426,0.7626459143968871,0.8931297709923665,0.4477611940298507,0.8014705882352942,0.5714285714285714,62.8,50,2879,683891972.0,299948584.0,128.0,-0.09,0.6426,150004494.0,148924000000.0,,,0.001,,,31.03,24.28,23.88,59.47,5.92,2419.09,14330.0,14330.0,-4.53,3.54,159.6,893249374733.33,2.4875,,,0.853300000000,0.768300000000,0.890200000000,0.451100000000,0.800000000000,0.566400000000,62.84
فباهنر,75,5006,244173913.0,209323439.0,16.649102540303666,111.16746241363546,0.562800850949144,26285067.0,3617708232.0,24067082028.0,26285067.0,0.001,,1.0,17.99774582413095,-1.1688950308948023,10.847887906957261,42.93965203010103,11.375176078912972,1070.7526560910992,12180.0,12150.0,-10.133136094674557,11.365719523373052,69.05523862529567,794297475362.3334,2.622152212445895,9.215844984529335,72.80488634862341,0.09836065573770492,0.19066147859922178,0.4198473282442748,0.2649253731343284,0.38235294117647056,0.30714285714285716,31.83,75,5006,244173913.0,209323439.0,16.65,111.17,0.5628,26285067.0,28787081772.0,,,0.001,,,18.0,-1.17,10.85,42.94,11.38,1070.75,12180.0,12150.0,-10.13,11.37,69.06,794297475362.33,2.6222,,,0.097800000000,0.162200000000,0.412900000000,0.266900000000,0.370900000000,0.307700000000,31.41
فبستم,2,1,43377.0,0,,,0.9414126894071869,,,,,,,,,,,,,,16710.0,16890.0,,,,13643148490.0,,,,0.3,0.3,0.3,0.3,0.0,0.3,3.46,2,1,43377.0,0.0,,,0.9414,,,,,,,,,,,,,,16710.0,16890.0,,,,13643148490.0,,,,0.300000000000,0.300000000000,0.300000000000,0.300000000000,0E-12,0.300000000000,3.46
فبیرا,0,1929,,,,,,335000000.0,335000000.0,104400000.0,,,367793.0,1.0,,,,,35.67164179104478,67.0,2390.0,2391.0,-11.608133086876157,25.445960125918155,142.00404858299595,19881313854.366665,2.8260425808661496,220.88122605363986,36779200.0,0.3,0.7782101167315175,0.8931297709923665,0.11940298507462688,0.2095588235294118,0.3,22.24,0,1929,,,,,,335000000.0,335000000.0,,,,,,,,,,35.67,67.0,2390.0,2391.0,-11.61,25.45,142.0,19881313854.37,2.826,,,0.300000000000,0.783800000000,0.890200000000,0.120300000000,0.200000000000,0.300000000000,22.2
فجر,66,4047,122886551.0,81329685.0,51.09679940356341,83.35165425310504,0.6373369551195063,21285000000.0,21285000000.0,8355000000.0,,,,1.0,,,,,6.539816772374912,1064.25,6960.0,6960.0,-9.256844850065189,41.46341463414634,196.42248722316867,428728192013.3333,2.42600026213177,154.7576301615799,352.0171388323681,0.32786885245901637,0.6381322957198443,0.8931297709923665,0.5261194029850746,0.7573529411764706,0.3,43.31,66,4047,122886551.0,81329685.0,51.1,83.35,0.6373,21285000000.0,21285000000.0,,,,,,,,,,6.54,1064.25,6960.0,6960.0,-9.26,41.46,196.42,428728192013.33,2.426,,,0.326100000000,0.640900000000,0.890200000000,0.530100000000,0.752700000000,0.300000000000,43.28
فخاس,0,3865,,,,,,47035000000.0,47035000000.0,65576000000.0,,,,1.0,,,,,8.76145423620708,377.79116465863456,3310.0,3310.0,-5.428571428571429,31.715081575805808,97.7299880525687,205714964332.9,2.3700035927055145,-28.274063681834814,191.71732771246548,0.3,0.11284046692607004,0.7061068702290076,0.6007462686567164,0.5036764705882353,0.3,21.87,0,3865,,,,,,47035000000.0,47035000000.0,,,,,,,,,,8.76,377.79,3310.0,3310.0,-5.43,31.72,97.73,205714964332.9,2.37,,,0.300000000000,0.084900000000,0.700800000000,0.605300000000,0.494500000000,0.300000000000,21.59
فخوز,72,15,1045462879.0,828172217.0,26.237376422396935,-31.844516139817596,0.5055758960884087,,,92070000000.0,,,,1.0,9.944314626811025,3.7449900888498533,,,,,2980.0,2960.0,-0.2695417789757413,,,3993032677334.6665,2.0596061598282573,23.076923076923077,46.92543467355242,0.14207650273224043,0.23346303501945526,0.3320610687022901,0.9029850746268657,0.0,0.16428571428571428,16.6,72,15,1045462879.0,828172217.0,26.24,-31.84,0.5056,,,,,,,,9.94,3.74,,,,,2980.0,2960.0,-0.27,,,3993032677334.67,2.0596,,,0.141300000000,0.212400000000,0.325800000000,0.906000000000,0E-12,0.160800000000,16.39
فرآور,0,4586,,,,,,1505000000.0,1505000000.0,4701180000.0,,,1567869.0,1.0,,,,,25.980066445182725,301.0,7820.0,7820.0,18.84498480243161,48.669201520912544,33.675213675213676,87098790965.18518,2.138245231323304,-67.98676077070013,156786800.0,0.3,0.058365758754863814,0.8931297709923665,0.8619402985074627,0.23161764705882348,0.3,18.95,0,4586,,,,,,1505000000.0,1505000000.0,,,,,,,,,,25.98,301.0,7820.0,7820.0,18.84,48.67,33.68,87098790965.19,2.1382,,,0.300000000000,0.038600000000,0.890200000000,0.864700000000,0.225500000000,0.300000000000,18.76
فزر,0,996,,,,,,-5400000.0,-5400000.0,48600000.0,,,4049.0,5400000.0,,,,,,,302300.0,302900.0,0.6981382978723404,61.46055437100213,205.01988822315093,6986256233016.667,2.233314667627823,-111.11111111111111,-99.92501851851851,0.3,0.019455252918287938,0.06870229007633588,0.7537313432835822,0.0,0.3,5.94,0,996,,,,,,-5400000.0,-5400000.0,,,,,,,,,,,,302300.0,302900.0,0.7,61.46,205.02,6986256233016.67,2.2333,,,0.300000000000,0.019300000000,0.068200000000,0.755600000000,0E-12,0.300000000000,5.96
فسبزوار,0,1104,,,,,,43784000000.0,43784000000.0,5080000000.0,,,,1.0,,,,,6.893842499543212,10946.0,75460.0,74750.0,-5.844564806650712,7.848795267638148,120.66420664206643,601143379197.6666,2.3681129834703794,761.8897637795276,113.24439850784015,0.3,0.914396887159533,0.5229007633587787,0.6044776119402986,0.7242647058823529,0.3,29.13,0,1104,,,,,,43784000000.0,43784000000.0,,,,,,,,,,6.89,10946.0,75460.0,74750.0,-5.84,7.85,120.66,601143379197.67,2.3681,,,0.300000000000,0.918900000000,0.515200000000,0.609000000000,0.716400000000,0.300000000000,29.08
فسرب,68,47,12182721.0,12713948.0,-4.17830087082313,-29.383844086470635,0.22033362659588807,-607987.0,,,-607987.0,0.001,,,-6.83004470683182,34.24999780519765,-6.065195260068265,-5.40107288210787,-47.90375536453988,-54.6929980762932,2620.0,2620.0,-7.420494699646643,48.52607709750567,,141877357165.66666,2.2094895421336624,,591.8242592693516,0.02185792349726776,0.3,0.8931297709923665,0.7947761194029851,0.0,0.014285714285714285,11.86,68,47,12182721.0,12713948.0,-4.18,-29.38,0.2203,-607987.0,,,,0.001,,,-6.83,34.25,-6.07,-5.4,-47.9,-54.69,2620.0,2620.0,-7.42,48.53,,141877357165.67,2.2095,,,0.021700000000,0.300000000000,0.890200000000,0.797000000000,0E-12,0.014000000000,11.89
فسپا,74,3314,57523088.0,39212130.0,46.6971776335537,23.926538236667636,0.746506937811803,15615500000.0,15615500000.0,7833150000.0,,,,1.0,,,,,6.60401524126669,1249.24,8250.0,8250.0,6.314432989690721,68.0244399185336,320.70372259051504,603805957513.0,1.950366097020501,99.35147418343834,882.419163550364,0.2786885245901639,0.490272373540856,0.8931297709923665,0.9365671641791045,0.7463235294117647,0.3,40.15,74,3314,57523088.0,39212130.0,46.7,23.93,0.7465,15615500000.0,15615500000.0,,,,,,,,,,6.6,1249.24,8250.0,8250.0,6.31,68.02,320.7,603805957513.0,1.9504,,,0.277200000000,0.482600000000,0.890200000000,0.939800000000,0.741800000000,0.300000000000,40.04
فملی,74,4276,4891602962.0,1959197885.0,149.67375676806634,16.232414984230925,0.6453591534931815,2031135837.0,2021250000000.0,840150000000.0,2031135837.0,0.001,,1.0,59.97671395115316,16.054685545930354,50.0580076454286,53.51427302442615,12.94531265309377,1933.518383893041,25030.0,24920.0,-7.908351810790835,62.73754326389343,118.92295528419574,11742659986441.154,5.473157992576135,141.75871415818605,273.6517562846124,0.9016393442622951,0.5953307392996109,0.8931297709923665,0.02985074626865669,0.3492647058823529,0.8642857142857143,59.09,74,4276,4891602962.0,1959197885.0,149.67,16.23,0.6454,2031135837.0,2021250000000.0,,,0.001,,,59.98,16.05,50.06,53.51,12.95,1933.52,25030.0,24920.0,-7.91,62.74,118.92,11742659986441.15,5.4732,,,0.902200000000,0.594600000000,0.890200000000,0.030100000000,0.338200000000,0.867100000000,59.03
فنوال,73,4422,70981774.0,32034611.0,121.57838595261856,37.41461850425695,0.6632806271120456,18284961.0,4689837247.0,8491210037.0,18284961.0,0.001,,1.0,33.39747746996997,12.115076283350518,27.56415183732988,54.81311102435056,7.571872989450654,1598.0194090495258,12100.0,12010.0,-10.838901262063844,-6.536964980544748,116.74787944414366,82445833408.66667,2.3668974333782358,115.33987406181505,242.19963833003928,0.825136612021858,0.5447470817120622,0.7709923664122137,0.6082089552238805,0.6360294117647058,0.6,56.72,73,4422,70981774.0,32034611.0,121.58,37.41,0.6633,18284961.0,17014216623.0,,,0.001,,,33.4,12.12,27.56,54.81,7.57,1598.02,12100.0,12010.0,-10.84,-6.54,116.75,82445833408.67,2.3669,,,0.826100000000,0.540500000000,0.765200000000,0.612800000000,0.625500000000,0.594400000000,56.51
فنورد,0,4041,,,,,,10020384000.0,10020384000.0,3725568000.0,,,,1.0,,,,,7.613025608599431,1581.5,12040.0,11840.0,-8.993082244427363,38.967136150234744,207.85231409256372,226867449791.66666,2.3473702827511094,168.9625850340136,244.63971880492093,0.3,0.6926070038910506,0.7748091603053435,0.6455223880597014,0.6286764705882353,0.3,27.52,0,4041,,,,,,10020384000.0,10020384000.0,,,,,,,,,,7.61,1581.5,12040.0,11840.0,-8.99,38.97,207.85,226867449791.67,2.3474,,,0.300000000000,0.698800000000,0.768900000000,0.646600000000,0.618200000000,0.300000000000,27.47
فولاد,70,4230,3862599517.0,2846057583.0,35.71754626722885,154.38514890620033,0.5396383406109649,962487084.0,1368585000000.0,794160000000.0,962487084.0,0.001,,1.0,25.054052906105838,-3.9366420783080436,26.33119309502493,28.458625884233385,6.756592579393127,495.81204736498927,3350.0,3350.0,3.940428172510084,43.59194170595799,37.40771123872027,10922145405057.867,2.092153915788051,21.195613478392264,-15.596835240070412,0.1912568306010929,0.22957198443579765,0.16412213740458015,0.8955223880597015,0.7389705882352942,0.45714285714285713,38.83,70,4230,3862599517.0,2846057583.0,35.72,154.39,0.5396,962487084.0,1368585000000.0,,,0.001,,,25.05,-3.94,26.33,28.46,6.76,495.81,3350.0,3350.0,3.94,43.59,37.41,10922145405057.87,2.0922,,,0.190200000000,0.208500000000,0.159100000000,0.898500000000,0.734500000000,0.454500000000,38.58
فولاژ,0,3397,,,,,,23316000000.0,23316000000.0,24672000000.0,,,39446337.0,24775749.0,10.07252827242403,-4.961172452848672,,,15.796019900497512,402.0,6350.0,6350.0,0.0,36.853448275862064,90.4619076184763,217680947105.66666,2.4598827630875455,-5.496108949416342,59.21349945868438,0.3,0.14785992217898833,0.36259541984732824,0.48880597014925375,0.3161764705882353,0.17142857142857143,16.4,0,3397,,,,,,23316000000.0,23316000000.0,,,,,,10.07,-4.96,,,15.8,402.0,6350.0,6350.0,0.0,36.85,90.46,217680947105.67,2.4599,,,0.300000000000,0.119700000000,0.356100000000,0.492500000000,0.305500000000,0.167800000000,16.07
فولای,0,3192,,,,,,30418000.0,30418000.0,1077600000.0,,,1.0,1.0,,,,,21.718061674008812,227.0,4930.0,4900.0,4.25531914893617,53.125,23.146519225936167,216676943311.33334,1.7968657468836888,-97.17724573125463,0.0,0.3,0.023346303501945526,0.21374045801526717,0.9701492537313433,0.26102941176470584,0.3,17.37,0,3192,,,,,,1184000000.0,1184000000.0,,,,,,,,,,21.72,227.0,4930.0,4900.0,4.26,53.13,23.15,216676943311.33,1.7969,,,0.300000000000,0.166000000000,0.208300000000,0.973700000000,0.250900000000,0.300000000000,18.26
فپنتا,0,3829,,,,,,,,,,,,,,,,,,,46460.0,46460.0,-8.362919132149901,43.48363187152564,58.44758202032604,162104254014.66666,2.725307723960569,316.66666666666663,-100.0,0.3,0.914396887159533,0.0648854961832061,0.17164179104477617,0.0,0.3,16.28,0,3829,,,,,,,,,,,,,,,,,,,46460.0,46460.0,-8.36,43.48,58.45,162104254014.67,2.7253,,,0.300000000000,0.918900000000,0.300000000000,0.172900000000,0E-12,0.300000000000,20.55
فگستر,70,1168,23361357.0,15133692.0,54.366541885483066,92.63893616267272,0.23105119378919892,6829100000.0,6829100000.0,2018250000.0,,,,2092350000.0,,,,,5.718176626495439,1923.6901408450703,11000.0,10980.0,-9.703947368421053,45.81673306772908,301.16916331750093,272493533152.33334,2.6101919616413674,238.3673974978323,-98.96599371381308,0.34972677595628415,0.7976653696498055,0.07251908396946564,0.2798507462686567,0.8161764705882353,0.3,35.4,70,1168,23361357.0,15133692.0,54.37,92.64,0.2311,6829100000.0,6829100000.0,,,,,,,,,,5.72,1923.69,11000.0,10980.0,-9.7,45.82,301.17,272493533152.33,2.6102,,,0.347800000000,0.803100000000,0.072000000000,0.282000000000,0.814500000000,0.300000000000,35.45
قاسم,58,2530,416644040.0,198808270.0,109.57077892182252,25.877268791626513,0.645978455113719,16434370.0,6391938357.0,5122600000.0,16434370.0,0.001,1747293.0,9800000.0,5.7441839859820245,2.1684118835084476,4.607133942280274,26.723793437890492,5.384571283664862,396.688963238349,2136.0,2130.0,-10.012674271229404,-9.361702127659575,92.23826714801444,198348698865.9,2.9460451085259893,220.82087221332918,-82.17047959183674,0.7486338797814208,0.77431906614786,0.10687022900763359,0.09701492537313428,0.8492647058823529,0.12142857142857143,41.66,58,2530,416644040.0,198808270.0,109.57,25.88,0.646,16434370.0,15563224096.0,,,0.001,,,5.74,2.17,4.61,26.72,5.38,396.69,2136.0,2130.0,-10.01,-9.36,92.24,198348698865.9,2.946,,,0.750000000000,0.779900000000,0.530300000000,0.097700000000,0.847300000000,0.118900000000,48.85
قثابت,60,46,14937613.0,10442737.0,43.04308343684228,1.056391724469378,-0.1807752006099721,1350648.0,,,1350648.0,0.001,,,3.4183284575556256,-23.31742307493089,8.785688721868874,14.072237418735353,17.918953161741623,208.1594815462682,3730.0,3660.0,-13.47517730496454,-15.668202764976957,,127692187962.33333,2.2440615090576603,-70.07481296758104,-80.05271926171112,0.25136612021857924,0.054474708171206226,0.11068702290076336,0.7425373134328358,0.28308823529411764,0.10714285714285714,11.44,60,46,14937613.0,10442737.0,43.04,1.06,-0.1808,1350648.0,,,,0.001,,,3.42,-23.32,8.79,14.07,17.92,208.16,3730.0,3660.0,-13.48,-15.67,,127692187962.33,2.2441,,,0.250000000000,0.034700000000,0.106100000000,0.744400000000,0.272700000000,0.104900000000,11.21
قرن,75,1444,218024122.0,108688965.0,100.59453321687258,85.6377370922166,0.6100465223113242,40284000000.0,40284000000.0,17872000000.0,,,,,25.727755889289583,1.1902618435478942,,,9.706086783834774,2369.6470588235293,23000.0,22720.0,-12.37948322406479,7.473982970671712,146.12718015382947,250684380455.66666,2.772362365601,125.40286481647269,114.39450743991331,0.7049180327868853,0.556420233463035,0.5305343511450382,0.12313432835820892,0.4375,0.4857142857142857,39.28,75,1444,218024122.0,108688965.0,100.59,85.64,0.61,40284000000.0,40284000000.0,,,,,,25.73,1.19,,,9.71,2369.65,23000.0,22720.0,-12.38,7.47,146.13,250684380455.67,2.7724,,,0.706500000000,0.552100000000,0.522700000000,0.124100000000,0.425500000000,0.482500000000,39.06
قزوین,73,50,36373555.0,23771958.0,53.01034521430671,82.89875499177825,0.27578053527478263,828559188.0,828559188.0,4765999920.0,,,,1.0,,,,,60.58710195607656,207.139797,12550.0,12410.0,-6.268882175226587,5.437553101104503,,29950680085.0,2.5456095512690666,-82.61520768132955,211.73019805637784,0.3442622950819672,0.042801556420233464,0.7290076335877863,0.35074626865671643,0.0,0.3,22.82,73,50,36373555.0,23771958.0,53.01,82.9,0.2758,5712000000.0,5712000000.0,,,,,,,,,,8.79,1428.0,12550.0,12410.0,-6.27,5.44,,29950680085.0,2.5456,,,0.342400000000,0.193100000000,0.723500000000,0.353400000000,0.487300000000,0.300000000000,29.11
قشکر,0,4142,,,,,,750328365.0,750328365.0,150065673.0,,,-1.0,-1.0,,,,,17.016393442622952,305.0,5190.0,5140.0,-14.90066225165563,36.702127659574465,52.83972643473089,66027437264.28571,2.6585974058027486,400.0,0.0,0.3,0.914396887159533,0.21374045801526717,0.2126865671641791,0.30147058823529416,0.3,21.92,0,4142,,,,,,750328365.0,750328365.0,,,,,,,,,,17.02,305.0,5190.0,5140.0,-14.9,36.7,52.84,66027437264.29,2.6586,,,0.300000000000,0.918900000000,0.208300000000,0.214300000000,0.287300000000,0.300000000000,21.83
قصفها,62,4362,88459330.0,30851400.0,186.72711773209642,77.08424542865406,-0.043293275192073155,5675903676.0,5675903676.0,5341212714.0,,,6467515.0,1.0,7.311286440898885,7.311283199554895,,,12.202127659574469,188.0,2294.0,2289.0,-6.609547123623011,12.205882352941176,104.01069518716577,133777307290.0,2.4613917232102325,6.266197957679766,646751400.0,0.953551912568306,0.1828793774319066,0.8931297709923665,0.48134328358208955,0.3529411764705882,0.15,36.78,62,4362,88459330.0,30851400.0,186.73,77.08,-0.0433,5675903676.0,5675903676.0,,,,,,7.31,7.31,,,12.2,188.0,2294.0,2289.0,-6.61,12.21,104.01,133777307290.0,2.4614,,,0.953800000000,0.154400000000,0.890200000000,0.485000000000,0.341800000000,0.146900000000,36.37
قلرست,67,3286,25207063.0,10104936.0,149.45297031074713,2688.0221836463243,0.20625423096168272,,,,,,,,,,,,,,27860.0,28060.0,-15.021199273167776,18.04795961295751,128.130081300813,127602702622.0,2.6337468611892887,233.49937733499377,271.44235963928026,0.8961748633879781,0.7898832684824902,0.8931297709923665,0.23880597014925375,0.0,0.3,39.28,67,3286,25207063.0,10104936.0,149.45,2688.02,0.2063,,,,,,,,,,,,,,27860.0,28060.0,-15.02,18.05,128.13,127602702622.0,2.6337,,,0.896700000000,0.795400000000,0.890200000000,0.240600000000,0E-12,0.300000000000,39.34
قنیشا,74,3948,14599356.0,11143411.0,31.013349503127902,-90.37842402332403,-0.44758171138319347,668000000.0,668000000.0,244000000.0,,,,1.0,,,,,20.29940119760479,167.0,3390.0,3400.0,-3.133903133903134,24.45095168374817,88.470066518847,53566466314.2,2.1580174525321163,173.77049180327867,-25.11481282686272,0.17486338797814208,0.7042801556420234,0.14885496183206107,0.835820895522388,0.2647058823529411,0.3,21.93,74,3948,14599356.0,11143411.0,31.01,-90.38,-0.4476,668000000.0,668000000.0,,,,,,,,,,20.3,167.0,3390.0,3400.0,-3.13,24.45,88.47,53566466314.2,2.158,,,0.173900000000,0.710400000000,0.143900000000,0.838300000000,0.254500000000,0.300000000000,21.85
مادیرا,0,1742,,,,,,11235394.0,11232000000.0,4188600000.0,11235394.0,0.001,23735151.0,1.0,25.92537829020558,8.545560174749578,12.272171333121328,20.812762964947257,6.25,480.0,3000.0,2970.0,-5.263157894736842,10.655737704918032,43.201542912246865,255233452302.7,2.6280191494470944,168.2374540419233,2373515000.0,0.3,0.6848249027237354,0.8931297709923665,0.25,0.7794117647058824,0.4928571428571429,28.49,0,1742,,,,,,11235394.0,11232000000.0,,,0.001,,,25.93,8.55,12.27,20.81,6.25,480.0,3000.0,2970.0,-5.26,10.66,43.2,255233452302.7,2.628,,,0.300000000000,0.691100000000,0.890200000000,0.251900000000,0.774500000000,0.489500000000,28.52
مبین,60,12,705466162.0,624239526.0,13.012094335083807,5.938820463593846,0.797860548962076,131505484320.0,131505484320.0,113821120000.0,,,171233551.0,1.0,24.27239749027112,24.272397330076203,,,5.48938134810711,2166.0,11890.0,12090.0,-2.4213075060532687,,,3464364082715.8335,2.222787512645357,15.536979709916753,17123355000.0,0.08196721311475409,0.20233463035019456,0.8931297709923665,0.7686567164179104,0.8382352941176471,0.42142857142857143,30.36,60,12,705466162.0,624239526.0,13.01,5.94,0.7979,131505484320.0,131505484320.0,,,,,,24.27,24.27,,,5.49,2166.0,11890.0,12090.0,-2.42,,,3464364082715.83,2.2228,,,0.081500000000,0.177600000000,0.890200000000,0.770700000000,0.836400000000,0.419600000000,30.13
مثقال,0,1104,,,,,,,,,,,,,,,,,,,190810.0,189267.0,3.1765154819014394,28.316610169491526,18.85644310474755,8159249543752.04,2.3609134213468397,,,0.3,0.3,0.3,0.6156716417910448,0.0,0.3,9.48,,,,,,,,,,,,,,,,,,,,,,,,,,,,,,,,,,,,
نان,39,245,62742476.0,37072009.0,69.24487690969217,26.39641595427526,0.7926408388733095,8300000000.0,8300000000.0,4090000000.0,,,11119019.0,5383790.0,17.72167709798383,3.19915688603632,,,7.373493975903615,830.0,6120.0,6010.0,-13.400576368876079,-0.9884678747940692,83.62358692331195,302840865596.0,2.4900792977275756,102.93398533007334,106.52772489268712,0.4371584699453552,0.5136186770428015,0.49236641221374045,0.43656716417910446,0.6617647058823529,0.29285714285714287,31.61,39,245,62742476.0,37072009.0,69.24,26.4,0.7926,8300000000.0,8300000000.0,,,,,,17.72,3.2,,,7.37,830.0,6120.0,6010.0,-13.4,-0.99,83.62,302840865596.0,2.4901,,,0.440200000000,0.509700000000,0.484800000000,0.439800000000,0.654500000000,0.293700000000,31.51
نوری,64,1524,2520852219.0,1991984694.0,26.54977854965386,-55.24385647580065,0.5431819913704653,359451651.0,361020000000.0,276111000000.0,359451651.0,0.001,,1.0,20.964184007591474,13.630499110259137,14.915872828258218,65.78556092761266,8.307298487637459,5989.9135770853245,49760.0,50350.0,11.76470588235294,-1.448424349187708,37.11873638344226,2972208296341.3335,10.355030200637843,30.18374892706194,39.189963347735166,0.14754098360655737,0.2607003891050584,0.3053435114503817,0.011194029850746245,0.5477941176470589,0.35,33.77,64,1524,2520852219.0,1991984694.0,26.55,-55.24,0.5432,359451651.0,361020000000.0,,,0.001,,,20.96,13.63,14.92,65.79,8.31,5989.91,49760.0,50350.0,11.76,-1.45,37.12,2972208296341.33,10.355,,,0.146700000000,0.239400000000,0.299200000000,0.011300000000,0.538200000000,0.349700000000,33.37
های وب3,75,1726,9352833.0,15011464.0,-37.69539733099983,-21.041983784287535,0.7208390131347376,-5497800000.0,-5497800000.0,1293000000.0,,,,,,,,,,,451.0,451.0,-3.010752688172043,5.373831775700935,27.401129943502823,205249542230.6,1.8122058936980672,-525.1972157772622,-101.43122549019607,0.0,0.005836575875486381,0.05343511450381679,0.9664179104477612,0.0,0.3,5.42,75,1726,9352833.0,15011464.0,-37.7,-21.04,0.7208,-5497800000.0,-5497800000.0,,,,,,,,,,,,451.0,451.0,-3.01,5.37,27.4,205249542230.6,1.8122,,,0E-12,0.005800000000,0.056800000000,0.969900000000,0E-12,0.300000000000,5.43
هجرت,78,1557,447439022.0,231084668.0,93.62557709800116,105.20012536960988,0.5662685250432383,18336750000.0,18336750000.0,8724800000.0,,,25968569.0,12393107.0,5.803823029096465,0.44080733997251187,,,9.121845474252526,887.9782082324455,8100.0,8100.0,-2.9940119760479043,24.80739599383667,202.91697830964844,423845293518.3333,2.372266182695586,110.16814139006053,109.54042436654505,0.6284153005464481,0.5369649805447471,0.5038167938931297,0.5970149253731343,0.4779411764705882,0.1357142857142857,39.93,78,1557,447439022.0,231084668.0,93.63,105.2,0.5663,18336750000.0,18336750000.0,,,,,,5.8,0.44,,,9.12,887.98,8100.0,8100.0,-2.99,24.81,202.92,423845293518.33,2.3723,,,0.630400000000,0.532800000000,0.496200000000,0.601500000000,0.465500000000,0.132900000000,39.73
وبصادر,0,3421,,,,,,144735484820.0,144735484820.0,153003299072.0,,,,,0.7309204158730168,-5.6537010311295655,,,5.237837837837838,185.0,969.0,969.0,-6.557377049180328,29.892761394101875,84.22053231939164,3856174899225.967,2.6199844289345884,-5.403683647441712,-79.38382845138756,0.3,0.1517509727626459,0.11450381679389313,0.2723880597014925,0.8602941176470589,0.08571428571428572,14.57,0,3421,,,,,,144735484820.0,144735484820.0,,,,,,0.73,-5.65,,,5.24,185.0,969.0,969.0,-6.56,29.89,84.22,3856174899225.97,2.62,,,0.300000000000,0.123600000000,0.109800000000,0.274400000000,0.858200000000,0.083900000000,14.34
وبملت,0,3691,,,,,,2862390000000.0,2862390000000.0,2125580000000.0,,,,1.0,,,,,1.745119987143611,846.3601419278533,1477.0,1480.0,-5.972045743329097,14.462490332559938,74.73435655253837,12492011533280.633,2.361703210953382,34.66395054526294,211.2061768920122,0.3,0.2723735408560311,0.7251908396946565,0.6119402985074627,0.9926470588235294,0.3,28.02,0,3691,,,,,,2862390000000.0,2862390000000.0,,,,,,,,,,1.75,846.36,1477.0,1480.0,-5.97,14.46,74.73,12492011533280.63,2.3617,,,0.300000000000,0.254800000000,0.719700000000,0.616500000000,0.992700000000,0.300000000000,27.88
وتوشه,0,4995,,,,,,17360500000.0,17360500000.0,10987500000.0,,,1.0,1.0,,,,,4.855850925952594,1736.05,8430.0,8300.0,-2.810304449648712,8.072916666666668,53.306243073513116,111466088911.0,2.319164497758511,58.002275312855524,0.0,0.3,0.35797665369649806,0.21374045801526717,0.6791044776119404,0.8823529411764706,0.3,21.48,0,4995,,,,,,17360500000.0,17360500000.0,,,,,,,,,,4.86,1736.05,8430.0,8300.0,-2.81,8.07,53.31,111466088911.0,2.3192,,,0.300000000000,0.343600000000,0.208300000000,0.680500000000,0.883600000000,0.300000000000,21.38
وخارزم,0,2973,,,,,,13380000000.0,13380000000.0,7740000000.0,,,14967980.0,1.0,,,,,40.71748878923767,223.0,9080.0,9080.0,3.8901601830663615,43.67088607594937,197.41238126433015,1030384545614.6666,2.3181668922620604,72.86821705426357,1496797900.0,0.3,0.4046692607003891,0.8931297709923665,0.6828358208955223,0.19117647058823528,0.3,22.24,0,2973,,,,,,13380000000.0,13380000000.0,,,,,,,,,,40.72,223.0,9080.0,9080.0,3.89,43.67,197.41,1030384545614.67,2.3182,,,0.300000000000,0.393800000000,0.890200000000,0.684200000000,0.181800000000,0.300000000000,22.1
وخاور,0,2610,,,,,,144240000000.0,144240000000.0,76950000000.0,,,164026438.0,1.0,,,,,5.149750415973378,1202.0,6190.0,6190.0,-1.9017432646592711,-3.7325038880248838,134.02646502835537,631266486104.6666,1.931532015769514,87.44639376218323,16402643700.0,0.3,0.4591439688715953,0.8931297709923665,0.9440298507462687,0.8676470588235294,0.3,27.3,0,2610,,,,,,144240000000.0,144240000000.0,,,,,,,,,,5.15,1202.0,6190.0,6190.0,-1.9,-3.73,134.03,631266486104.67,1.9315,,,0.300000000000,0.451700000000,0.890200000000,0.947400000000,0.865500000000,0.300000000000,27.24
وسپه,0,5548,,,,,,12524800000.0,12524800000.0,8329600000.0,,,12304658.0,1.0,,,,,17.57281553398058,412.0,7240.0,7240.0,-4.105960264900662,38.16793893129771,43.13958086200079,519623506501.6667,1.8779285852899472,50.36496350364964,1230465700.0,0.3,0.32684824902723736,0.8931297709923665,0.9552238805970149,0.2904411764705882,0.3,22.48,0,5548,,,,,,12524800000.0,12524800000.0,,,,,,,,,,17.57,412.0,7240.0,7240.0,-4.11,38.17,43.14,519623506501.67,1.8779,,,0.300000000000,0.308900000000,0.890200000000,0.958600000000,0.276400000000,0.300000000000,22.25
وپست,0,3190,,,,,,7239128667.0,7239128667.0,62030182968.0,,,,1.0,,,,,67.55083000930449,146.11219430820466,9870.0,9930.0,-5.428571428571429,3.4375000000000004,131.14525139664806,408281059539.0,2.118706626826515,-88.32966739637943,45.0252945671653,0.3,0.0311284046692607,0.32061068702290074,0.8805970149253731,0.0,0.3,16.44,0,3190,,,,,,80912160000.0,80912160000.0,,,,,,,,,,6.04,1633.1,9870.0,9930.0,-5.43,3.44,131.15,408281059539.0,2.1187,,,0.300000000000,0.247100000000,0.314400000000,0.883500000000,0.785500000000,0.300000000000,24.21
پارس,19,1761,2050459507.0,736445420.0,178.42654069326684,-98.32758666424508,-0.8746525830689356,260734403424.0,260734403424.0,186611237792.0,,,,1.0,,,,,5.947735916223376,477.49261904071057,2840.0,2840.0,4.5270518954729475,31.664348632359758,5.341246290801187,836397680804.0667,2.6725794554352627,39.720633392196305,-1.0691591998650682,0.953551912568306,0.29961089494163423,0.19083969465648856,0.19402985074626866,0.7977941176470589,0.3,33.19,19,1761,2050459507.0,736445420.0,178.43,-98.33,-0.8747,260734403424.0,260734403424.0,,,,,,,,,,5.95,477.49,2840.0,2840.0,4.53,31.66,5.34,836397680804.07,2.6726,,,0.953800000000,0.281900000000,0.185600000000,0.195500000000,0.796400000000,0.300000000000,33.02
پارسان,0,3231,,,,,,172003500000.0,172003500000.0,-71604000000.0,,,,1.0,,,,,24.214739816340945,1415.6666666666667,34280.0,34200.0,-4.228507420890507,21.10481586402266,20.464952448045086,1391671351885.6667,2.2178537982006983,340.2149321266968,259.0415158553674,0.3,0.914396887159533,0.8931297709923665,0.7798507462686567,0.24632352941176472,0.3,27.48,0,3231,,,,,,172003500000.0,172003500000.0,,,,,,,,,,24.21,1415.67,34280.0,34200.0,-4.23,21.1,20.46,1391671351885.67,2.2179,,,0.300000000000,0.918900000000,0.890200000000,0.782000000000,0.236400000000,0.300000000000,27.44
پاسا,72,3694,50517092.0,30207122.0,67.23570024314134,-1.2733223354082364,0.7898628951967106,2518200000.0,2518200000.0,5131900000.0,,,,1.0,,,,,17.91239774442062,585.6279069767442,10490.0,10440.0,-1.7873941674506115,23.990498812351543,85.1063829787234,280088959607.3333,2.2607202220344975,-50.93045460745533,186.1648148362406,0.4262295081967213,0.06614785992217899,0.6908396946564885,0.7388059701492538,0.2867647058823529,0.3,28.9,72,3694,50517092.0,30207122.0,67.24,-1.27,0.7899,8862600000.0,8862600000.0,,,,,,,,,,5.09,2061.07,10490.0,10440.0,-1.79,23.99,85.11,280088959607.33,2.2607,,,0.429300000000,0.390000000000,0.685600000000,0.740600000000,0.869100000000,0.300000000000,38.59
پاکشو,73,2797,370401589.0,151975576.0,143.72441858683925,64.95871478070818,0.6463368368907295,104720000000.0,104720000000.0,37510000000.0,,,,,23.077642909690546,7.966324792419185,,,9.037433155080214,1309.0,11830.0,11820.0,-4.13625304136253,15.655577299412915,170.04797806716928,149390117911.66666,2.771830380444922,179.17888563049854,-68.17279285714287,0.8852459016393442,0.7198443579766537,0.12213740458015267,0.12686567164179108,0.4852941176470589,0.4,38.49,73,2797,370401589.0,151975576.0,143.72,64.96,0.6463,104720000000.0,104720000000.0,,,,,,23.08,7.97,,,9.04,1309.0,11830.0,11820.0,-4.14,15.66,170.05,149390117911.67,2.7718,,,0.885900000000,0.725900000000,0.117400000000,0.127800000000,0.472700000000,0.398600000000,38.43
پتایر,75,4321,68164987.0,49499514.0,37.70839649051908,82.42140508626247,0.6676623665221217,7364622.0,,,7364622.0,0.001,,,12.256771443086704,13.548448360642551,11.507297751244547,14.489265824565942,6.694713681523723,390.7560688098906,2616.0,2629.0,-11.808118081180812,49.97147746719909,57.048984468339306,270087485685.92,6.821273861902241,,246.8875638384313,0.21311475409836064,0.3,0.7786259541984732,0.018656716417910446,0.7426470588235294,0.19285714285714287,39.52,75,4321,68164987.0,49499514.0,37.71,82.42,0.6677,7364622.0,,,,0.001,,,12.26,13.55,11.51,14.49,6.69,390.76,2616.0,2629.0,-11.81,49.97,57.05,270087485685.92,6.8213,,,0.212000000000,0.300000000000,0.772700000000,0.018800000000,0.738200000000,0.188800000000,39.44
پخش,76,2977,616626029.0,361851296.0,70.40868329514011,31.699963381829875,0.7080671301521926,19179120000.0,19179120000.0,12233840000.0,,,,1.0,,,,,6.9971927804821075,1917.912,13420.0,13470.0,-2.813852813852814,21.79023508137432,133.24675324675326,699778726827.6666,2.2184938958345453,56.77105471381022,188.06845466616775,0.453551912568306,0.3540856031128405,0.6946564885496184,0.7761194029850746,0.7132352941176471,0.3,39.02,76,2977,616626029.0,361851296.0,70.41,31.7,0.7081,19179120000.0,19179120000.0,,,,,,,,,,7.0,1917.91,13420.0,13470.0,-2.81,21.79,133.25,699778726827.67,2.2185,,,0.456500000000,0.339800000000,0.689400000000,0.778200000000,0.705500000000,0.300000000000,38.83
پرداخت,70,2061,85201155.0,69020859.0,23.442617542618528,21.243583624294143,0.779611379005936,1030000000.0,1030000000.0,1048000000.0,,,-1.0,1.0,-1.1736930092086194e-06,-2.6225303816904655e-06,,,66.79611650485437,103.0,6880.0,6760.0,-13.333333333333334,14.576271186440678,38.98026315789473,83571676706.66667,2.580531172127573,-1.717557251908397,-200.0,0.13114754098360656,0.16342412451361868,0.02862595419847328,0.32089552238805974,0.0,0.05714285714285714,12.69,70,2061,85201155.0,69020859.0,23.44,21.24,0.7796,1030000000.0,1030000000.0,,,,,,0.0,0.0,,,66.8,103.0,6880.0,6760.0,-13.33,14.58,38.98,83571676706.67,2.5805,,,0.130400000000,0.135100000000,0.032200000000,0.323300000000,0E-12,0.055900000000,12.43
پسهند,76,50,10689553.0,9330486.0,14.565875775388335,129.6868724995995,0.5760857279693042,451500000.0,451500000.0,3088290000.0,,,,1.0,,,,,46.819047619047616,525.0,24580.0,24560.0,5.9534081104400345,24.86019318759532,,64247313794.333336,2.5222090214725923,-85.38025897826952,256.51356327482506,0.08743169398907104,0.03501945525291829,0.8931297709923665,0.3731343283582089,0.17279411764705888,0.3,24.6,76,50,10689553.0,9330486.0,14.57,129.69,0.5761,1262480000.0,1262480000.0,,,,,,,,,,16.74,1468.0,24580.0,24560.0,5.95,24.86,,64247313794.33,2.5222,,,0.087000000000,0.042500000000,0.890200000000,0.375900000000,0.294500000000,0.300000000000,25.9
پکرمان,75,3868,196710000.0,150659361.0,30.566065523137325,44.20191840077906,0.7507855199976678,6229745000.0,6229745000.0,30722599000.0,,,,1.0,,,,,23.487155573783518,316.34311684354844,7430.0,7360.0,-5.761843790012804,13.580246913580247,21.232086970845003,237193846070.0,2.6723460569657402,-79.72259768778027,58.580102142638054,0.16939890710382513,0.04669260700389105,0.35877862595419846,0.20149253731343286,0.25,0.3,24.74,75,3868,196710000.0,150659361.0,30.57,44.2,0.7508,6229745000.0,6229745000.0,,,,,,,,,,23.49,316.34,7430.0,7360.0,-5.76,13.58,21.23,237193846070.0,2.6723,,,0.168500000000,0.030900000000,0.352300000000,0.203000000000,0.240000000000,0.300000000000,24.45
پکویر,67,2551,111249490.0,81094568.0,37.184885182445264,37.9005184354485,0.7728904816665474,18268897.0,6943764624.0,9224344696.0,18268897.0,0.001,,1.0,24.408475367006922,-0.1351001458179617,17.13557395693605,53.38028491248538,2.6946204484208773,1335.9952055992526,3600.0,3600.0,2.857142857142857,-42.94770206022187,-45.889072598827596,353842348598.0,18.392414677579147,98.05089252488618,30.90965022808858,0.20218579234972678,0.48249027237354086,0.2748091603053435,0.003731343283582045,0.9742647058823529,0.4357142857142857,42.03,67,2551,111249490.0,81094568.0,37.18,37.9,0.7729,18268897.0,6943764624.0,,,0.001,,,24.41,-0.14,17.14,53.38,2.69,1336.0,3600.0,3600.0,2.86,-42.95,-45.89,353842348598.0,18.3924,,,0.201100000000,0.474900000000,0.268900000000,0.003800000000,0.974500000000,0.433600000000,41.93
پیزد,75,1368,111755187.0,58756610.0,90.20019534823402,74.65621457729662,0.5582181128412598,15021184.0,15107160000.0,7181800000.0,15021184.0,0.001,,1.0,19.851474906894655,19.750635649424126,14.646714811167291,50.6914193177196,7.606609656168301,1598.6097025682518,12160.0,12000.0,3.181427343078246,99.00497512437812,231.12582781456953,352356574133.6667,1.6080218339395274,109.15625609178758,473.8929416586471,0.6010928961748634,0.5291828793774319,0.8931297709923665,0.9813432835820896,0.6323529411764706,0.3357142857142857,52.98,75,1368,111755187.0,58756610.0,90.2,74.66,0.5582,15021184.0,15107160000.0,,,0.001,,,19.85,19.75,14.65,50.69,7.61,1598.61,12160.0,12000.0,3.18,99.0,231.13,352356574133.67,1.608,,,0.603300000000,0.525100000000,0.890200000000,0.985000000000,0.621800000000,0.335700000000,52.85
چخزر,1,1286,4005898.0,0,,,1.0,4256800000.0,4256800000.0,888400000.0,,,5004763.0,1009404.0,124.93485855106645,,,,8.771847397105807,21284.0,186700.0,186600.0,-0.7974481658692184,4.245810055865921,195.50565356475468,154961216763.33334,2.357953821058446,379.1535344439441,395.81366826364865,0.3,0.914396887159533,0.8931297709923665,0.6343283582089552,0.5,0.9785714285714285,30.21,1,1286,4005898.0,0.0,,,1.0,4256800000.0,4256800000.0,,,,,,124.93,,,,8.77,21284.0,186700.0,186600.0,-0.8,4.25,195.51,154961216763.33,2.358,,,0.300000000000,0.918900000000,0.890200000000,0.635300000000,0.490900000000,0.979000000000,30.16
چدن,63,2002,26726015.0,16309229.0,63.87049933506973,43.37208533939089,0.767055546575705,10889712.0,21429000000.0,9058000000.0,10889712.0,0.001,27107452.0,10829413.0,38.90411968839317,-1.5390405583607603,43.39713292387248,29.403884866246454,8.015788986566726,542.6789561564002,4350.0,4330.0,1.1682242990654206,44.96149983260796,197.1859986273164,425090492125.73334,2.3318050917926305,20.22203576948554,150.31321642271837,0.41530054644808745,0.2178988326848249,0.5992366412213741,0.6604477611940298,0.6066176470588236,0.6571428571428571,45.17,63,2002,26726015.0,16309229.0,63.87,43.37,0.7671,10889712.0,21429000000.0,,,0.001,,,38.9,-1.54,43.4,29.4,8.02,542.68,4350.0,4330.0,1.17,44.96,197.19,425090492125.73,2.3318,,,0.413000000000,0.196900000000,0.594700000000,0.661700000000,0.596400000000,0.650300000000,44.89
چکارن,68,4225,8513616.0,4025332.0,111.50096439250228,45.496989723103674,0.6437395052256751,1407585.0,1389928650.0,535270395.0,1407585.0,0.001,,1.0,21.52060154746512,-0.4905352450413183,18.394999580501718,28.295025622789677,9.819070597147944,477.6419472289223,4690.0,4670.0,-8.7890625,13.075060532687651,54.074562850544375,28968746535.0,2.146933091938037,162.96709348179064,77.99750611924445,0.7595628415300546,0.6653696498054474,0.4312977099236641,0.8432835820895522,0.4338235294117647,0.36428571428571427,46.71,68,4225,8513616.0,4025332.0,111.5,45.5,0.6437,1407585.0,1389928650.0,,,0.001,,,21.52,-0.49,18.39,28.3,9.82,477.64,4690.0,4670.0,-8.79,13.08,54.07,28968746535.0,2.1469,,,0.760900000000,0.671800000000,0.424200000000,0.845900000000,0.421800000000,0.363600000000,46.63
چکاپا,73,1335,18677276.0,11773182.0,58.642548802864006,314.71299631484857,0.48189405758170345,-2193519.0,,,-2193519.0,0.001,,,-6.221967697380782,3.1099617292517516,-11.287504899485986,-42.58745010069656,,,2277.0,2277.0,13.793103448275861,46.808510638297875,75.01921598770177,229822839115.5,2.4318410627088274,-157.66423357664235,47.47236744597769,0.3770491803278688,0.01556420233463035,0.33587786259541985,0.5111940298507462,0.0,0.02142857142857143,16.03,73,1335,18677276.0,11773182.0,58.64,314.71,0.4819,-2193519.0,,,,0.001,,,-6.22,3.11,-11.29,-42.59,,,2277.0,2277.0,13.79,46.81,75.02,229822839115.5,2.4318,,,0.375000000000,0.015400000000,0.329500000000,0.515000000000,0E-12,0.021000000000,16.02
کاذر,53,4526,12048061.0,7666478.0,57.15248905690462,72.45874323713782,0.6420150924709198,2443000000.0,2443000000.0,1849000000.0,,,,1.0,,,,,8.203029062627916,610.75,5010.0,4950.0,-7.992565055762081,52.40147783251231,83.33333333333334,266691987437.56668,2.1416627853536077,32.125473228772314,87.42547498625062,0.37158469945355194,0.26848249027237353,0.44274809160305345,0.8544776119402985,0.5698529411764706,0.3,35.57,53,4526,12048061.0,7666478.0,57.15,72.46,0.642,2443000000.0,2443000000.0,,,,,,,,,,8.2,610.75,5010.0,4950.0,-7.99,52.4,83.33,266691987437.57,2.1417,,,0.369600000000,0.251000000000,0.435600000000,0.857100000000,0.560000000000,0.300000000000,35.26
کاسپین,74,2271,83372322.0,34093682.0,144.5389207302397,104.8992203284149,0.46428309362185294,30419105.0,30414380000.0,12069400000.0,30419105.0,0.001,,1.0,64.34042193632928,2.404092488792287,45.9474556504889,104.43140337140031,9.32261699885836,3830.469492029225,35710.0,35710.0,-4.262734584450402,13.437102922490471,234.3006927541659,337478025048.6667,2.3850067059003726,152.03493959931728,186.16187228871806,0.8907103825136612,0.6264591439688716,0.6870229007633588,0.5783582089552239,0.4632352941176471,0.8928571428571429,60.19,74,2271,83372322.0,34093682.0,144.54,104.9,0.4643,30419105.0,30414380000.0,,,0.001,,,64.34,2.4,45.95,104.43,9.32,3830.47,35710.0,35710.0,-4.26,13.44,234.3,337478025048.67,2.385,,,0.891300000000,0.629300000000,0.681800000000,0.582700000000,0.450900000000,0.895100000000,60.11
کالا,73,1639,62740203.0,23334119.0,168.87753079514164,21.179841994378997,0.6810231976634937,54884699.0,54903000000.0,27726800000.0,54884699.0,0.001,38071877.0,11924094.0,69.57548836953286,-3.0089681212173502,100.30053776806989,61.27849810506775,5.782750369472226,1893.5626303023992,10950.0,10920.0,-3.873239436619718,23.389830508474578,161.1815355178187,1482741006724.3333,2.3160909708373763,97.94819091997634,219.28528070979647,0.953551912568306,0.4785992217898833,0.7442748091603053,0.6865671641791045,0.8125,0.9142857142857143,56.33,73,1639,62740203.0,23334119.0,168.88,21.18,0.681,54884699.0,54903000000.0,,,0.001,,,69.58,-3.01,100.3,61.28,5.78,1893.56,10950.0,10920.0,-3.87,23.39,161.18,1482741006724.33,2.3161,,,0.953800000000,0.471000000000,0.738600000000,0.688000000000,0.810900000000,0.916100000000,56.21
کاما,40,4540,39451493.0,8990531.0,338.81160078309057,104.85898595527081,-0.5473982387245919,35296359.0,34849980000.0,11457000000.0,35296359.0,0.001,-61804292.0,33000000.0,68.00902376304775,30.108934644699985,74.55315295734603,43.7878021221857,6.0716568974989,831.7334271770608,5050.0,5040.0,-13.402061855670103,32.631578947368425,148.39822572695908,1454979830628.0,2.6207461741850144,208.0768002094789,-287.2857333333333,0.953551912568306,0.7509727626459144,0.003816793893129771,0.26865671641791045,0.7867647058823529,0.9071428571428571,53.73,40,4540,39451493.0,8990531.0,338.81,104.86,-0.5474,35296359.0,34849980000.0,,,0.001,,,68.01,30.11,74.55,43.79,6.07,831.73,5050.0,5040.0,-13.4,32.63,148.4,1454979830628.0,2.6207,,,0.953800000000,0.756800000000,0.005700000000,0.270700000000,0.781800000000,0.909100000000,53.79
کاوه,0,1998,,,,,,25315000000.0,25315000000.0,45211000000.0,,,,,,,,,17.156626506024097,415.0,7120.0,7340.0,9.715994020926756,47.09418837675351,48.88438133874239,670443762329.3334,2.1370846821447445,-44.00698944947026,25.34902528393076,0.3,0.08560311284046693,0.2633587786259542,0.8694029850746269,0.2977941176470589,0.3,19.75,0,1998,,,,,,25315000000.0,25315000000.0,,,,,,,,,,17.16,415.0,7120.0,7340.0,9.72,47.09,48.88,670443762329.33,2.1371,,,0.300000000000,0.061800000000,0.257600000000,0.872200000000,0.283600000000,0.300000000000,19.46
کبافق,0,46,,,,,,2900205000.0,2900205000.0,2431215000.0,,,,-1.0,,,,,17.469627147046502,2387.0,41700.0,41700.0,-10.534220124436816,20.520231213872833,,80844473330.0,2.9388084617222754,19.290354822588707,851.0673371519914,0.3,0.21011673151750973,0.8931297709923665,0.10074626865671643,0.2941176470588235,0.3,17.89,0,46,,,,,,2900205000.0,2900205000.0,,,,,,,,,,17.47,2387.0,41700.0,41700.0,-10.53,20.52,,80844473330.0,2.9388,,,0.300000000000,0.185300000000,0.890200000000,0.101500000000,0.280000000000,0.300000000000,17.62
کحافظ,71,2858,37256135.0,22597710.0,64.86686040311164,88.46913761974005,0.6624541853821934,8527596.0,8516213497.0,6725929518.0,8527596.0,0.001,,1.0,29.013563995299197,1.859885751585992,24.604459810008677,22.066721406528245,6.414546273868175,386.9330571534369,2482.0,2450.0,-12.531238843270259,10.909913988229968,100.16339869281046,258071756231.5,2.594675249871959,26.786877221629545,96.55042057016085,0.4207650273224044,0.245136186770428,0.4618320610687023,0.2947761194029851,0.7683823529411764,0.5357142857142857,46.21,71,2858,37256135.0,22597710.0,64.87,88.47,0.6625,8527596.0,8516213497.0,,,0.001,,,29.01,1.86,24.6,22.07,6.41,386.93,2482.0,2450.0,-12.53,10.91,100.16,258071756231.5,2.5947,,,0.423900000000,0.223900000000,0.454500000000,0.297000000000,0.763600000000,0.531500000000,45.98
کخاک,65,3771,32260116.0,18795236.0,71.63985597201334,60.333404397591764,0.6649819382225712,14130932.0,3982000000.0,7665000000.0,14130932.0,0.001,,1.0,56.73320539372775,13.1307715483101,44.74276191866346,67.41779995924665,14.904734639347685,4036.972241099448,60170.0,60170.0,6.873889875666074,38.96073903002309,164.3905439845329,186674831853.33334,2.359072544553987,84.35658186562296,157.45839662492313,0.46994535519125685,0.45136186770428016,0.6221374045801527,0.6305970149253731,0.3272058823529411,0.8285714285714286,50.9,65,3771,32260116.0,18795236.0,71.64,60.33,0.665,14130932.0,13818000000.0,,,0.001,,,56.73,13.13,44.74,67.42,14.9,4036.97,60170.0,60170.0,6.87,38.96,164.39,186674831853.33,2.3591,,,0.472800000000,0.444000000000,0.617400000000,0.631600000000,0.316400000000,0.832200000000,50.75
کرازی,57,3361,27285883.0,11719763.0,132.8194094027328,0.21841119192310016,0.7076002362887214,10773000000.0,10773000000.0,6178000000.0,,,,1.0,,,,,7.075396825396825,252.0,1783.0,1782.0,-7.090719499478623,12.999365884590997,92.23300970873787,218163285117.7,2.526069535391098,74.37682097766267,142.66774711045164,0.8743169398907104,0.41245136186770426,0.5763358778625954,0.3656716417910447,0.6985294117647058,0.3,39.49,57,3361,27285883.0,11719763.0,132.82,0.22,0.7076,10773000000.0,10773000000.0,,,,,,,,,,7.08,252.0,1783.0,1782.0,-7.09,13.0,92.23,218163285117.7,2.5261,,,0.875000000000,0.401500000000,0.572000000000,0.368400000000,0.690900000000,0.300000000000,39.32
کربن,0,353,,,,,,3709000000.0,3709000000.0,1509000000.0,,,,2092000000.0,59.90781667783217,25.910895474895327,,,2.4966298193583176,3709.0,9260.0,9320.0,-7.07876370887338,28.90733056708161,102.87331301697866,199544467065.0,2.5117000026038045,145.79191517561298,186.0905554129274,0.3,0.6070038910505836,0.683206106870229,0.39179104477611937,0.9816176470588235,0.8571428571428571,27.1,0,353,,,,,,3709000000.0,3709000000.0,,,,,,59.91,25.91,,,2.5,3709.0,9260.0,9320.0,-7.08,28.91,102.87,199544467065.0,2.5117,,,0.300000000000,0.610000000000,0.678000000000,0.394700000000,0.981800000000,0.860100000000,27.08
کرماشا,76,3366,162304047.0,82005771.0,97.91783556306055,149.7028212197333,0.23279402794202486,70740935.0,72429771600.0,22308073200.0,70740935.0,0.001,,1.0,56.37538367776839,11.136338310182381,46.01774143278592,43.97071777860433,4.371695505693686,6683.905583530221,29220.0,28800.0,-6.005221932114883,20.20033388981636,49.929720443542095,823218525075.3334,2.488486458006324,217.10912173266493,101.49872094979247,0.6775956284153005,0.7665369649805448,0.48091603053435117,0.44402985074626866,0.9044117647058824,0.8214285714285714,57.73,76,3366,162304047.0,82005771.0,97.92,149.7,0.2328,70740935.0,72429771600.0,,,0.001,,,56.38,11.14,46.02,43.97,4.37,6683.91,29220.0,28800.0,-6.01,20.2,49.93,823218525075.33,2.4885,,,0.679300000000,0.772200000000,0.473500000000,0.447400000000,0.905500000000,0.825200000000,57.86
کروی,0,4,,,,,,10930000000.0,10930000000.0,7770000000.0,,,1.0,,,,,,,,7264.0,7264.0,,,,126075761719.0,2.105053193065994,40.66924066924067,0.0,0.3,0.30739299610894943,0.21374045801526717,0.8917910447761194,0.0,0.3,10.31,0,4,,,,,,10930000000.0,10930000000.0,,,,,,,,,,,,7264.0,7264.0,,,,126075761719.0,2.1051,,,0.300000000000,0.289600000000,0.208300000000,0.894700000000,0E-12,0.300000000000,10.23
کزغال,0,1241,,,,,,2233000000.0,2233000000.0,1113000000.0,,,,1.0,,,,,36.94581280788177,148.86666666666667,5500.0,5310.0,-11.794019933554816,12.26215644820296,34.43037974683544,271826466592.66666,2.733837498659392,100.62893081761007,723.0433407491707,0.3,0.5058365758754864,0.8931297709923665,0.16417910447761197,0.20588235294117652,0.3,22.43,0,1241,,,,,,2233000000.0,2233000000.0,,,,,,,,,,36.95,148.87,5500.0,5310.0,-11.79,12.26,34.43,271826466592.67,2.7338,,,0.300000000000,0.498100000000,0.890200000000,0.165400000000,0.196400000000,0.300000000000,22.3
کساپا,0,3549,,,,,,220100000.0,220100000.0,416066796.0,,,1327078.0,1.0,,,,,55.16129032258065,62.0,3420.0,3400.0,-14.357682619647354,7.59493670886076,41.843971631205676,51740397804.666664,2.393203131170474,-47.09984019008333,132707700.0,0.3,0.08171206225680934,0.8931297709923665,0.5597014925373134,0.16176470588235292,0.3,17.57,0,3549,,,,,,220100000.0,220100000.0,,,,,,,,,,55.16,62.0,3420.0,3400.0,-14.36,7.59,41.84,51740397804.67,2.3932,,,0.300000000000,0.057900000000,0.890200000000,0.563900000000,0.156400000000,0.300000000000,17.36
کسرا,75,3660,14200610.0,6107025.0,132.52909559073362,89.39434168028536,0.2474771491940283,3725359.0,4060260000.0,1560631672.0,3725359.0,0.001,,1.0,38.42698014184145,-7.180417989670691,28.80781993916839,15.426257009057093,4.147158429453869,568.3409592602394,2357.0,2357.0,-60.78202995008319,-52.95409181636727,-6.985003946329914,269116490474.41177,31.527154532815807,138.70840678414731,238.66798469118052,0.8688524590163934,0.5758754863813229,0.7633587786259542,0.0,0.9264705882352942,0.6428571428571429,54.7,75,17,14200610.0,6107025.0,132.53,89.39,0.2475,3725359.0,4060260000.0,,,0.001,,,38.43,-7.18,28.81,15.43,4.15,568.34,2357.0,2357.0,-60.78,,,269116490474.41,42.8466,,,0.869600000000,0.575300000000,0.757600000000,0E-12,0.927300000000,0.636400000000,46.76
کصدف,0,1660,,,,,,1258272000.0,1258272000.0,1012680000.0,,,,1.0,30.863458074928147,-10.803238887607982,,,13.421835660334173,546.125,7330.0,7330.0,-16.228571428571428,2.805049088359046,71.34174848059841,74677314387.33333,2.738418339918824,24.251688588695345,29.483773301748094,0.3,0.23735408560311283,0.27099236641221375,0.16044776119402981,0.34191176470588236,0.5571428571428572,18.63,0,1660,,,,,,1258272000.0,1258272000.0,,,,,,30.86,-10.8,,,13.42,546.13,7330.0,7330.0,-16.23,2.81,71.34,74677314387.33,2.7384,,,0.300000000000,0.216200000000,0.265200000000,0.161700000000,0.330900000000,0.552400000000,18.36
کطبس,74,4527,13727052.0,7569902.0,81.33724848749692,173.20646964101027,0.5501115124312815,3712289.0,3712800000.0,2279550000.0,3712289.0,0.001,,1.0,43.31110817025653,9.574366706719104,32.971717762041244,45.09307253297417,9.659654555266325,1903.7947883937525,18390.0,18410.0,-1.9179541822056474,41.18098159509203,128.32692546198686,130149278418.66667,2.301356154898375,62.85183479195455,92.60056670147301,0.546448087431694,0.3735408560311284,0.4541984732824427,0.7052238805970149,0.4411764705882353,0.6857142857142857,49.79,74,4527,13727052.0,7569902.0,81.34,173.21,0.5501,3712289.0,3712800000.0,,,0.001,,,43.31,9.57,32.97,45.09,9.66,1903.79,18390.0,18410.0,-1.92,41.18,128.33,130149278418.67,2.3014,,,0.548900000000,0.359100000000,0.447000000000,0.706800000000,0.429100000000,0.685300000000,49.49
کفرا,60,3883,21748176.0,12128329.0,79.3171672701161,179.66213490430243,0.4678797899898339,-1371368032.0,-1371368032.0,-2954266192.0,,,,1.0,,,,,,-69.55166743283142,4330.0,4160.0,-13.871635610766045,44.99825723248519,238.21138211382114,142323072971.96667,2.6679652237799925,53.580079015438976,275.3524898261436,0.5191256830601093,0.3424124513618677,0.8931297709923665,0.2052238805970149,0.0,0.3,23.86,60,3883,21748176.0,12128329.0,79.32,179.66,0.4679,-1371368032.0,-1371368032.0,,,,,,,,,,,-69.55,4330.0,4160.0,-13.87,45.0,238.21,142323072971.97,2.668,,,0.521700000000,0.328200000000,0.890200000000,0.206800000000,0E-12,0.300000000000,23.75
کلر,76,1471,21575601.0,11829152.0,82.39347165375844,61.237775740899515,0.7186254308175593,11076070.0,11076557525.0,7473550000.0,11076070.0,0.001,,1.0,65.27383010548469,-16.112807557459114,54.69575063715011,50.580881862694504,7.336785718892371,1503.383146600224,11030.0,11020.0,-7.23905723905724,19.00647948164147,55.29875986471251,158268460990.0,2.543571858458871,48.203598022358854,37.857979728396046,0.5519125683060109,0.31906614785992216,0.29389312977099236,0.3544776119402985,0.6691176470588236,0.9,45.72,76,1471,21575601.0,11829152.0,82.39,61.24,0.7186,11076070.0,11076557525.0,,,0.001,,,65.27,-16.11,54.7,50.58,7.34,1503.38,11030.0,11020.0,-7.24,19.01,55.3,158268460990.0,2.5436,,,0.554300000000,0.301200000000,0.287900000000,0.357100000000,0.661800000000,0.902100000000,45.53
کلوند,76,3749,28750462.0,17092310.0,68.20700069212413,78.69181844218747,0.6672736820660089,5411748020.0,5411748020.0,4179242940.0,,,,1.0,24.183593370728854,-3.57614293858812,,,6.880586432034209,1011.5416859813084,6960.0,6950.0,-2.797202797202797,17.39864864864865,103.0382705229331,150340809751.66666,2.4548882960784,29.491108741335818,48.70955921259419,0.43169398907103823,0.25680933852140075,0.33969465648854963,0.5,0.7279411764705883,0.4142857142857143,32.42,76,3749,28750462.0,17092310.0,68.21,78.69,0.6673,5411748020.0,5411748020.0,,,,,,24.18,-3.58,,,6.88,1011.54,6960.0,6950.0,-2.8,17.4,103.04,150340809751.67,2.4549,,,0.434800000000,0.235500000000,0.333300000000,0.503800000000,0.720000000000,0.412600000000,32.1
کماسه,76,3636,5437020.0,4289170.0,26.761587906284902,66.66055010161838,0.7360217021449427,1322913.0,1371000000.0,1916400000.0,1322913.0,0.001,,1.0,26.79904791963967,-10.787472344843746,23.79145231820058,22.214510908579513,24.539224522273788,221.68589700388517,5440.0,5470.0,-4.869565217391305,75.4892524863651,170.79207920792078,270751180955.66666,1.998518740805083,-30.968847839699436,2.145097109125886,0.15846994535519127,0.10505836575875487,0.22900763358778625,0.9216417910447761,0.24264705882352944,0.5071428571428571,25.0,76,3636,5437020.0,4289170.0,26.76,66.66,0.736,1322913.0,1371000000.0,,,0.001,,,26.8,-10.79,23.79,22.21,24.54,221.69,5440.0,5470.0,-4.87,75.49,170.79,270751180955.67,1.9985,,,0.157600000000,0.081100000000,0.223500000000,0.924800000000,0.232700000000,0.503500000000,24.67
کمنگنز,76,4623,14675881.0,6829017.0,114.90473665536342,38.76270915993821,0.7372840992836325,5925358.0,5856750000.0,2184750000.0,5925358.0,0.001,,1.0,45.52153127285326,17.040576571306694,44.658768458690275,51.22143864159098,7.181648213538991,1315.8539264266196,9450.0,9450.0,0.0,24.015748031496063,130.8255984367367,228908163485.0,2.194048424373536,171.2144638974711,419.2836945832557,0.7759562841530054,0.7003891050583657,0.8931297709923665,0.7985074626865671,0.6838235294117647,0.6928571428571428,60.67,76,4623,14675881.0,6829017.0,114.9,38.76,0.7373,5925358.0,5856750000.0,,,0.001,,,45.52,17.04,44.66,51.22,7.18,1315.85,9450.0,9450.0,0.0,24.02,130.83,228908163485.0,2.194,,,0.777200000000,0.706600000000,0.890200000000,0.800800000000,0.676400000000,0.699300000000,60.68
کنور,70,2693,109462677.0,74672082.0,46.59116776735916,7.438640484381836,0.5198142060911981,49851600000.0,49851600000.0,31087423280.0,,,,1.0,,,,,8.41026165659678,719.3593073593073,6050.0,6000.0,-5.063291139240507,44.230769230769226,126.07385079125848,251416515428.66666,2.2259213129028668,60.35938247758178,38.0382788675537,0.273224043715847,0.3657587548638132,0.29770992366412213,0.7649253731343284,0.5294117647058824,0.3,30.95,70,2693,109462677.0,74672082.0,46.59,7.44,0.5198,49851600000.0,49851600000.0,,,,,,,,,,8.41,719.36,6050.0,6000.0,-5.06,44.23,126.07,251416515428.67,2.2259,,,0.271700000000,0.351400000000,0.291700000000,0.766900000000,0.520000000000,0.300000000000,30.7
کهمدا,77,4575,32764611.0,24060194.0,36.1776675616165,64.32671700243912,0.7084829346259685,23743500000.0,23743500000.0,2601600000.0,,0.001,,1.0,52.458166540414986,11.108955348611453,53.94809739971287,,3.8568450312717166,1439.0,5550.0,5520.0,-7.846410684474124,20.52401746724891,191.75475687103594,284353029335.6667,2.5153518123579826,812.6499077490776,68.49784233849053,0.19672131147540983,0.914396887159533,0.3969465648854962,0.3805970149253731,0.9411764705882353,0.7857142857142857,47.16,77,4575,32764611.0,24060194.0,36.18,64.33,0.7085,23743500000.0,23743500000.0,,,0.001,,,52.46,11.11,53.95,,3.86,1439.0,5550.0,5520.0,-7.85,20.52,191.75,284353029335.67,2.5154,,,0.195700000000,0.918900000000,0.390200000000,0.383500000000,0.941800000000,0.790200000000,47.26
کپارس,68,3613,25746478.0,13932419.0,84.7954615777777,48.69426499653781,0.6342959692996701,6728294.0,,,6728294.0,0.001,,,25.218806414324057,13.6629011779407,24.949795736181677,37.17135888527922,6.821792169562347,2681.113634860764,18290.0,17890.0,-8.256410256410257,47.48557295960429,132.18689162881245,222374279477.0,2.534751763601118,197.85100286532952,224.2656788132121,0.5737704918032787,0.7431906614785992,0.7519083969465649,0.35820895522388063,0.7316176470588236,0.4714285714285714,53.3,68,3613,25746478.0,13932419.0,84.8,48.69,0.6343,6728294.0,,,,0.001,,,25.22,13.66,24.95,37.17,6.82,2681.11,18290.0,17890.0,-8.26,47.49,132.19,222374279477.0,2.5348,,,0.576100000000,0.749000000000,0.746200000000,0.360900000000,0.727300000000,0.468500000000,53.27
کپرور,49,2530,36371547.0,21003750.0,73.16692019282272,59.38624053893555,0.5037954142885697,4440071.0,4649490000.0,-68400000.0,4440071.0,0.001,,1.0,17.059447720652813,19.47960975148792,14.195880645118283,40.126619148712926,7.407604782295898,2595.9808285074155,19230.0,19010.0,-4.135148764498235,63.87931034482759,95.4353860388609,242346552673.46155,4.748221924689244,6591.33187134503,1460.4827256885228,0.4808743169398907,0.914396887159533,0.8931297709923665,0.04850746268656714,0.6580882352941176,0.2714285714285714,54.73,49,2530,36371547.0,21003750.0,73.17,59.39,0.5038,4440071.0,4649490000.0,,,0.001,,,17.06,19.48,14.2,40.13,7.41,2595.98,19230.0,19010.0,-4.14,63.88,95.44,242346552673.46,4.7482,,,0.483700000000,0.918900000000,0.890200000000,0.048900000000,0.647300000000,0.272700000000,54.73
کپشیر,67,3940,22072650.0,12393378.0,78.10035326930237,122.40620567410332,0.5682898184729521,9190016.0,2106500000.0,4704500000.0,9190016.0,0.001,,1.0,46.55634333027185,6.569732426263954,43.44289701125207,51.987185492217655,18.161178097150938,1532.3895757823043,27830.0,27820.0,-1.3475177304964538,62.21574344023324,174.5756020529017,247742137187.66666,1.87408740254555,95.34522265915612,143.10660713020832,0.5027322404371585,0.4669260700389105,0.5801526717557252,0.9626865671641791,0.27941176470588236,0.7285714285714285,48.89,67,3940,22072650.0,12393378.0,78.1,122.41,0.5683,9190016.0,9248000000.0,,,0.001,,,46.56,6.57,43.44,51.99,18.16,1532.39,27830.0,27820.0,-1.35,62.22,174.58,247742137187.67,1.8741,,,0.505400000000,0.459500000000,0.575800000000,0.966200000000,0.269100000000,0.734300000000,48.75
کچاد,40,4878,963146213.0,690849047.0,39.41485729515669,25.342186106114283,0.8239273797439017,136622000000.0,136622000000.0,217752000000.0,,,,1.0,,,,,10.441583346752353,265.2854368932039,2770.0,2780.0,-12.025316455696203,10.88950937375349,37.14849531327084,1503934911510.4666,2.517531692461898,-37.257981557000626,-14.440494643575933,0.22404371584699453,0.09727626459143969,0.1717557251908397,0.3768656716417911,0.4007352941176471,0.3,27.22,40,4878,963146213.0,690849047.0,39.41,25.34,0.8239,136622000000.0,136622000000.0,,,,,,,,,,10.44,265.29,2770.0,2780.0,-12.03,10.89,37.15,1503934911510.47,2.5175,,,0.222800000000,0.073400000000,0.166700000000,0.379700000000,0.389100000000,0.300000000000,26.86
کگاز,0,4384,,,,,,5456150000.0,5456150000.0,3932100000.0,,,,1.0,,,,,8.301916186321858,6419.0,53290.0,53460.0,-1.3106885730108917,33.283470456245325,86.20689655172413,135535051682.33333,2.4980435532842886,38.759187202766974,54.9307105057366,0.3,0.2918287937743191,0.3511450381679389,0.42164179104477617,0.5514705882352942,0.3,21.69,0,4384,,,,,,5456150000.0,5456150000.0,,,,,,,,,,8.3,6419.0,53290.0,53460.0,-1.31,33.28,86.21,135535051682.33,2.498,,,0.300000000000,0.274100000000,0.344700000000,0.424800000000,0.541800000000,0.300000000000,21.47
کگل,65,4524,1362687879.0,937228933.0,45.395413118344266,28.38314004165478,0.8394565954040739,158008844.0,91539000000.0,306175000000.0,158008844.0,0.001,,1.0,16.579797595189724,-3.9100341020060565,15.386529110018648,20.881517800288744,10.47809853627233,266.2696853195051,2790.0,2820.0,-9.615384615384617,-0.45887751500176494,52.680021656740664,2301298423538.8335,2.6469380813951386,-48.3926368906671,-12.867926114239856,0.26229508196721313,0.07782101167315175,0.17557251908396945,0.22388059701492535,0.3933823529411765,0.2642857142857143,21.8,65,4524,1362687879.0,937228933.0,45.4,28.38,0.8395,158008844.0,91539000000.0,,,0.001,,,16.58,-3.91,15.39,20.88,10.48,266.27,2790.0,2820.0,-9.62,-0.46,52.68,2301298423538.83,2.6469,,,0.260900000000,0.054100000000,0.170500000000,0.225600000000,0.381800000000,0.265700000000,21.46
کیمیا,58,2354,32538739.0,11537580.0,182.0239512965457,248.6786791244142,-0.11426087203020052,29523564.0,31610000000.0,,29523564.0,0.001,,,38.70066779730762,10.904981967512853,29.965842758586366,86.45469180441403,3.1390983247861826,1968.7181988544262,6180.0,6180.0,-9.3841642228739,36.72566371681416,235.68712656165127,156368743604.0,2.48112955326835,7882.608695652173,253.35871535167652,0.953551912568306,0.914396887159533,0.8931297709923665,0.45149253731343286,0.9632352941176471,0.65,69.3,58,2354,32538739.0,11537580.0,182.02,248.68,-0.1143,29523564.0,31610000000.0,,,0.001,,,38.7,10.9,29.97,86.45,3.14,1968.72,6180.0,6180.0,-9.38,36.73,235.69,156368743604.0,2.4811,,,0.953800000000,0.918900000000,0.890200000000,0.454900000000,0.963600000000,0.643400000000,69.26
کیمیاتک,69,1100,98709971.0,50412265.0,95.8054671814488,15.470766259024197,0.66360760218938,29865000000.0,29865000000.0,11698000000.0,,,,-1.0,,,,,9.939728779507785,1991.0,19790.0,19590.0,-9.17941585535466,21.828358208955223,221.56927117531188,221839863833.66666,2.5478637296531534,155.30005129081894,253.35871535167652,0.6612021857923497,0.642023346303502,0.8931297709923665,0.3470149253731343,0.4227941176470589,0.3,38.78,69,1100,98709971.0,50412265.0,95.81,15.47,0.6636,29865000000.0,29865000000.0,,,,,,,,,,9.94,1991.0,19790.0,19590.0,-9.18,21.83,221.57,221839863833.67,2.5479,,,0.663000000000,0.644800000000,0.890200000000,0.349600000000,0.410900000000,0.300000000000,38.72
گشان,0,1149,,,,,,4683920232.0,4683920232.0,2621985160.0,,,,,,,,,,,27600.0,27740.0,-10.110174983797798,8.567179366756683,60.06924408540104,124882868865.0,3.4507774753337426,78.64022662889518,61.65390118676879,0.3,0.4357976653696498,0.3702290076335878,0.07835820895522383,0.0,0.3,17.55,0,1149,,,,,,4683920232.0,4683920232.0,,,,,,,,,,,,27600.0,27740.0,-10.11,8.57,60.07,124882868865.0,3.4508,,,0.300000000000,0.424700000000,0.363600000000,0.078900000000,0E-12,0.300000000000,17.44
یاقوت,0,1532,,,,,,,,,,,,,,,,,,,47126.0,47126.0,0.7547089132619246,4.010240791012823,12.941571202607488,25977739377081.56,0.05680016721642888,,,0.3,0.3,0.3,1.0,0.0,0.3,9.6,,,,,,,,,,,,,,,,,,,,,,,,,,,,,,,,,,,,
