symbol,metric,reference,compat,abs_diff
زگلدشت,SalesLast12M,39825153.0,39825153.0,0.0
پسهند,SalesLast12M,10689553.0,10689553.0,0.0
کربن,SalesLast12M,,,
دسینا,SalesLast12M,51911546.0,51911546.0,0.0
شپاکسا,SalesLast12M,90560377.0,90560377.0,0.0
سرود,SalesLast12M,56019123.0,56019123.0,0.0
چدن,SalesLast12M,26726015.0,26726015.0,0.0
داسوه,SalesLast12M,15447973.0,15447973.0,0.0
پخش,SalesLast12M,616626029.0,616626029.0,0.0
بهپاک,SalesLast12M,123329744.0,123329744.0,0.0
سصوفی,SalesLast12M,58031895.0,58031895.0,0.0
زاگرس,SalesLast12M,451865070.0,451865070.0,0.0
درهآور,SalesLast12M,,,
حسیر,SalesLast12M,,,
رانیز,SalesLast12M,,,
اسیاتک,SalesLast12M,41288182.0,41288182.0,0.0
سنیر,SalesLast12M,,,
یاقوت,SalesLast12M,,,
کیمیا,SalesLast12M,32538739.0,32538739.0,0.0
ثبهساز,SalesLast12M,,,
فولای,SalesLast12M,,,
قزوین,SalesLast12M,36373555.0,36373555.0,0.0
سکرما,SalesLast12M,,,
مادیرا,SalesLast12M,,,
ساروم,SalesLast12M,50092550.0,50092550.0,0.0
حسینا,SalesLast12M,67028728.0,67028728.0,0.0
کخاک,SalesLast12M,32260116.0,32260116.0,0.0
غفارس,SalesLast12M,72615143.0,72615143.0,0.0
ثالوند,SalesLast12M,419313.0,419313.0,0.0
شاملا,SalesLast12M,50994768.0,50994768.0,0.0
غبهنوش,SalesLast12M,,,
خمهر,SalesLast12M,,,
خنصیر,SalesLast12M,6529117.0,6529117.0,0.0
کچاد,SalesLast12M,963146213.0,963146213.0,0.0
کلر,SalesLast12M,21575601.0,21575601.0,0.0
دفرا,SalesLast12M,43889438.0,43889438.0,0.0
غپینو,SalesLast12M,87206749.0,87206749.0,0.0
نوری,SalesLast12M,2520852219.0,2520852219.0,0.0
تایرا,SalesLast12M,405424640.0,405424640.0,0.0
کنور,SalesLast12M,109462677.0,109462677.0,0.0
شپدیس,SalesLast12M,908062338.0,908062338.0,0.0
فاراک,SalesLast12M,21592058.0,21592058.0,0.0
ثتران,SalesLast12M,,,
شغدیر,SalesLast12M,106364548.0,106364548.0,0.0
بموتو,SalesLast12M,55872795.0,55872795.0,0.0
وپست,SalesLast12M,,,
درازک,SalesLast12M,30125338.0,30125338.0,0.0
حتوکا,SalesLast12M,20866004.0,20866004.0,0.0
غگل,SalesLast12M,35820928.0,35820928.0,0.0
غدام,SalesLast12M,1710629.0,1710629.0,0.0
شبهرن,SalesLast12M,610191167.0,610191167.0,0.0
کپرور,SalesLast12M,36371547.0,36371547.0,0.0
خودکفا,SalesLast12M,,,
خصدرا,SalesLast12M,,,
پکرمان,SalesLast12M,196710000.0,196710000.0,0.0
وسپه,SalesLast12M,,,
تاصیکو,SalesLast12M,,,
پارسان,SalesLast12M,,,
کفرا,SalesLast12M,21748176.0,21748176.0,0.0
شستا,SalesLast12M,,,
زدشت,SalesLast12M,23008031.0,23008031.0,0.0
خزامیا,SalesLast12M,325134280.0,325134280.0,0.0
شلیا,SalesLast12M,,,
زشگزا,SalesLast12M,18229133.0,18229133.0,0.0
خبهمن,SalesLast12M,,,
سشرق,SalesLast12M,35976996.0,35976996.0,0.0
جم پیلن3,SalesLast12M,269587082.0,269587082.0,0.0
فاسمین,SalesLast12M,,,
سدور,SalesLast12M,,,
شکربن,SalesLast12M,37084381.0,37084381.0,0.0
مبین,SalesLast12M,705466162.0,705466162.0,0.0
شمواد,SalesLast12M,55967629.0,55967629.0,0.0
کزغال,SalesLast12M,,,
وبصادر,SalesLast12M,,,
کساپا,SalesLast12M,,,
کاسپین,SalesLast12M,83372322.0,83372322.0,0.0
سیمرغ3,SalesLast12M,96637111.0,96637111.0,0.0
حفاری,SalesLast12M,,,
شپلی,SalesLast12M,,,
فخوز,SalesLast12M,1045462879.0,1045462879.0,0.0
چکاپا,SalesLast12M,18677276.0,18677276.0,0.0
دلقما,SalesLast12M,33333116.0,33333116.0,0.0
سپیدار,SalesLast12M,15200124.0,15200124.0,0.0
سهرمز,SalesLast12M,47374313.0,47374313.0,0.0
بزاگرس,SalesLast12M,10632228.0,10632228.0,0.0
های وب3,SalesLast12M,9352833.0,9352833.0,0.0
تکمبا,SalesLast12M,,,
ستران,SalesLast12M,,,
غشان,SalesLast12M,53736523.0,53736523.0,0.0
کحافظ,SalesLast12M,37256135.0,37256135.0,0.0
ساوه,SalesLast12M,,,
مثقال,SalesLast12M,,,
کلوند,SalesLast12M,28750462.0,28750462.0,0.0
پیزد,SalesLast12M,111755187.0,111755187.0,0.0
دجابر,SalesLast12M,46981329.0,46981329.0,0.0
زپارس,SalesLast12M,25984284.0,25984284.0,0.0
غشهداب,SalesLast12M,23266858.0,23266858.0,0.0
بجهرم,SalesLast12M,27471319.0,27471319.0,0.0
خچرخش,SalesLast12M,,,
سمازن,SalesLast12M,59975767.0,59975767.0,0.0
غپاک,SalesLast12M,4683377.0,4683377.0,0.0
عالیس,SalesLast12M,35381586.0,35381586.0,0.0
قاسم,SalesLast12M,416644040.0,416644040.0,0.0
برکت,SalesLast12M,,,
دتماد,SalesLast12M,,,
ساربیل,SalesLast12M,35739364.0,35739364.0,0.0
غدیس,SalesLast12M,60229805.46,60229805.46,0.0
شوینده,SalesLast12M,,,
غاذر,SalesLast12M,7215612.0,7215612.0,0.0
شبندر,SalesLast12M,9461345602.0,9461345602.0,0.0
حفارس,SalesLast12M,26909262.0,26909262.0,0.0
فملی,SalesLast12M,4891602962.0,4891602962.0,0.0
تاتمس,SalesLast12M,347941.0,347941.0,0.0
کگل,SalesLast12M,1362687879.0,1362687879.0,0.0
شیران,SalesLast12M,297447641.0,297447641.0,0.0
سرچشمه,SalesLast12M,,,
قشکر,SalesLast12M,,,
زفجر,SalesLast12M,,,
حتاید,SalesLast12M,30406000.0,30406000.0,0.0
فسبزوار,SalesLast12M,,,
توریل,SalesLast12M,,,
غویتا,SalesLast12M,33794465.0,33794465.0,0.0
خدیزل,SalesLast12M,,,
تپسی,SalesLast12M,31548052.0,31548052.0,0.0
کرماشا,SalesLast12M,162304047.0,162304047.0,0.0
فاذر,SalesLast12M,,,
شیراز,SalesLast12M,476497496.0,476497496.0,0.0
خمحرکه,SalesLast12M,99446713.0,99446713.0,0.0
قرن,SalesLast12M,218024122.0,218024122.0,0.0
بمپنا,SalesLast12M,24932060.0,24932060.0,0.0
کیمیاتک,SalesLast12M,98709971.0,98709971.0,0.0
دروز,SalesLast12M,,,
قصفها,SalesLast12M,88459330.0,88459330.0,0.0
رانفور,SalesLast12M,87303434.0,87303434.0,0.0
شدوص,SalesLast12M,34714175.0,34714175.0,0.0
فولاژ,SalesLast12M,,,
فرآور,SalesLast12M,,,
چخزر,SalesLast12M,4005898.0,4005898.0,0.0
سهگمت,SalesLast12M,37116786.0,37116786.0,0.0
فجر,SalesLast12M,122886551.0,122886551.0,0.0
فبستم,SalesLast12M,43377.0,43377.0,0.0
تلیسه,SalesLast12M,26580516.0,26580516.0,0.0
پتایر,SalesLast12M,68164987.0,68164987.0,0.0
سخوز,SalesLast12M,,,
غبشهر,SalesLast12M,747721929.0,747721929.0,0.0
کصدف,SalesLast12M,,,
تپمپی,SalesLast12M,,,
کبافق,SalesLast12M,,,
دزاگرس,SalesLast12M,63295972.0,63295972.0,0.0
خراسان,SalesLast12M,214542044.0,214542044.0,0.0
دسبحا,SalesLast12M,,,
شرانل,SalesLast12M,402468369.0,402468369.0,0.0
شگل,SalesLast12M,50707044.0,50707044.0,0.0
کالا,SalesLast12M,62740203.0,62740203.0,0.0
قثابت,SalesLast12M,14937613.0,14937613.0,0.0
سفانو,SalesLast12M,26781565.0,26781565.0,0.0
سپید,SalesLast12M,,,
کسرا,SalesLast12M,14200610.0,14200610.0,0.0
بفجر,SalesLast12M,,,
فولاد,SalesLast12M,3862599517.0,3862599517.0,0.0
بکهنوج,SalesLast12M,,,
بترانس,SalesLast12M,197798459.0,197798459.0,0.0
دقاضی,SalesLast12M,68826823.0,68826823.0,0.0
فخاس,SalesLast12M,,,
وخاور,SalesLast12M,,,
سیستم,SalesLast12M,36412968.0,36412968.0,0.0
بیوتیک,SalesLast12M,14593433.0,14593433.0,0.0
بمولد,SalesLast12M,2219157.0,2219157.0,0.0
دانا,SalesLast12M,,,
غنوش,SalesLast12M,3241970.0,3241970.0,0.0
زهلال,SalesLast12M,,,
شبریز,SalesLast12M,2805051256.0,2805051256.0,0.0
دعبید,SalesLast12M,228307219.0,228307219.0,0.0
شسپا,SalesLast12M,545994966.0,545994966.0,0.0
کاذر,SalesLast12M,12048061.0,12048061.0,0.0
فبیرا,SalesLast12M,,,
کاما,SalesLast12M,39451493.0,39451493.0,0.0
افق,SalesLast12M,3023344708.0,3023344708.0,0.0
انرژی,SalesLast12M,2787356.0,2787356.0,0.0
دامین,SalesLast12M,,,
بوعلی,SalesLast12M,1110845949.0,1110845949.0,0.0
کمنگنز,SalesLast12M,14675881.0,14675881.0,0.0
زمگسا,SalesLast12M,18980392.0,18980392.0,0.0
غشوکو,SalesLast12M,5920191.0,5920191.0,0.0
شتران,SalesLast12M,5974270738.0,5974270738.0,0.0
سغرب,SalesLast12M,41188708.0,41188708.0,0.0
دکپسول,SalesLast12M,18081125.0,18081125.0,0.0
چکارن,SalesLast12M,8513616.0,8513616.0,0.0
هجرت,SalesLast12M,447439022.0,447439022.0,0.0
غانیزان,SalesLast12M,,,
فسرب,SalesLast12M,12182721.0,12182721.0,0.0
زفکا,SalesLast12M,47850992.0,47850992.0,0.0
زبینا,SalesLast12M,20717358.0,20717358.0,0.0
بنو,SalesLast12M,,,
وتوشه,SalesLast12M,,,
آریا,SalesLast12M,610508732.0,610508732.0,0.0
غمینو,SalesLast12M,28154588.0,28154588.0,0.0
حریل,SalesLast12M,,,
فنورد,SalesLast12M,,,
دفارا,SalesLast12M,,,
قلرست,SalesLast12M,25207063.0,25207063.0,0.0
کرازی,SalesLast12M,27285883.0,27285883.0,0.0
خموتور,SalesLast12M,62750005.0,62750005.0,0.0
غگیلا,SalesLast12M,,,
کپشیر,SalesLast12M,22072650.0,22072650.0,0.0
فنوال,SalesLast12M,70981774.0,70981774.0,0.0
اروند,SalesLast12M,311995678.0,311995678.0,0.0
دسبحان,SalesLast12M,,,
ارفع,SalesLast12M,420825276.0,420825276.0,0.0
غمایه,SalesLast12M,19211888.0,19211888.0,0.0
شمس,SalesLast12M,7794341.0,7794341.0,0.0
پرداخت,SalesLast12M,85201155.0,85201155.0,0.0
شگویا,SalesLast12M,499931059.0,499931059.0,0.0
غشاذر,SalesLast12M,51334347.0,51334347.0,0.0
شاوان,SalesLast12M,1210679918.0,1210679918.0,0.0
کاوه,SalesLast12M,,,
دالبر,SalesLast12M,,,
حکشتی,SalesLast12M,,,
سقاین,SalesLast12M,20777863.0,20777863.0,0.0
پارس,SalesLast12M,2050459507.0,2050459507.0,0.0
شپارس,SalesLast12M,44406036.0,44406036.0,0.0
سبزوا,SalesLast12M,,,
سباقر,SalesLast12M,39581347.0,39581347.0,0.0
غمهرا,SalesLast12M,99801263.0,99801263.0,0.0
دابور,SalesLast12M,40408859.0,40408859.0,0.0
غشصفا,SalesLast12M,105229112.0,105229112.0,0.0
کگاز,SalesLast12M,,,
غکورش,SalesLast12M,754033773.0,754033773.0,0.0
پاکشو,SalesLast12M,370401589.0,370401589.0,0.0
قنیشا,SalesLast12M,14599356.0,14599356.0,0.0
پاسا,SalesLast12M,50517092.0,50517092.0,0.0
بپیوند,SalesLast12M,13331060.0,13331060.0,0.0
غگلستا,SalesLast12M,,,
فایرا,SalesLast12M,683891972.0,683891972.0,0.0
سکرد,SalesLast12M,17056359.0,17056359.0,0.0
خودرو,SalesLast12M,5430579681.0,5430579681.0,0.0
سبجنو,SalesLast12M,35972576.0,35972576.0,0.0
دتوزیع,SalesLast12M,,,
فباهنر,SalesLast12M,244173913.0,244173913.0,0.0
رمپنا,SalesLast12M,311079300.0,311079300.0,0.0
کهمدا,SalesLast12M,32764611.0,32764611.0,0.0
سشمال,SalesLast12M,,,
کماسه,SalesLast12M,5437020.0,5437020.0,0.0
دارو,SalesLast12M,158863698.0,158863698.0,0.0
فپنتا,SalesLast12M,,,
شبصیر,SalesLast12M,108259404.0,108259404.0,0.0
دیران,SalesLast12M,15624326.0,15624326.0,0.0
شکام,SalesLast12M,109427479.0,109427479.0,0.0
بشهاب,SalesLast12M,13911910.0,13911910.0,0.0
ددانا,SalesLast12M,120611902.0,120611902.0,0.0
کروی,SalesLast12M,,,
گشان,SalesLast12M,,,
دپارس,SalesLast12M,33268153.0,33268153.0,0.0
سآبیک,SalesLast12M,70141877.0,70141877.0,0.0
بگیلان,SalesLast12M,23649116.0,23649116.0,0.0
زقیام,SalesLast12M,38566197.0,38566197.0,0.0
ذوب,SalesLast12M,636080971.0,636080971.0,0.0
دبالک,SalesLast12M,14866695.0,14866695.0,0.0
پکویر,SalesLast12M,111249490.0,111249490.0,0.0
زکشت,SalesLast12M,18904334.0,18904334.0,0.0
وخارزم,SalesLast12M,,,
شاراک,SalesLast12M,694853545.0,694853545.0,0.0
شپنا,SalesLast12M,13434648094.0,13434648094.0,0.0
وبملت,SalesLast12M,,,
نان,SalesLast12M,62742476.0,62742476.0,0.0
فزر,SalesLast12M,,,
فگستر,SalesLast12M,23361357.0,23361357.0,0.0
دزهراوی,SalesLast12M,17741308.0,17741308.0,0.0
کطبس,SalesLast12M,13727052.0,13727052.0,0.0
فسپا,SalesLast12M,57523088.0,57523088.0,0.0
حپارسا,SalesLast12M,20624299.0,20624299.0,0.0
کپارس,SalesLast12M,25746478.0,25746478.0,0.0
آردینه,SalesLast12M,22955830.0,22955830.0,0.0
زگلدشت,SalesPrev12M,17969137.0,17969137.0,0.0
پسهند,SalesPrev12M,9330486.0,9330486.0,0.0
کربن,SalesPrev12M,,,
دسینا,SalesPrev12M,30131057.0,30131057.0,0.0
شپاکسا,SalesPrev12M,45800885.0,45800885.0,0.0
سرود,SalesPrev12M,31023810.0,31023810.0,0.0
چدن,SalesPrev12M,16309229.0,16309229.0,0.0
داسوه,SalesPrev12M,7902204.0,7902204.0,0.0
پخش,SalesPrev12M,361851296.0,361851296.0,0.0
بهپاک,SalesPrev12M,41629235.0,41629235.0,0.0
سصوفی,SalesPrev12M,40907916.0,40907916.0,0.0
زاگرس,SalesPrev12M,328181526.0,328181526.0,0.0
درهآور,SalesPrev12M,,,
حسیر,SalesPrev12M,,,
رانیز,SalesPrev12M,,,
اسیاتک,SalesPrev12M,31906064.0,31906064.0,0.0
سنیر,SalesPrev12M,,,
یاقوت,SalesPrev12M,,,
کیمیا,SalesPrev12M,11537580.0,11537580.0,0.0
ثبهساز,SalesPrev12M,,,
فولای,SalesPrev12M,,,
قزوین,SalesPrev12M,23771958.0,23771958.0,0.0
سکرما,SalesPrev12M,,,
مادیرا,SalesPrev12M,,,
ساروم,SalesPrev12M,32218417.0,32218417.0,0.0
حسینا,SalesPrev12M,65091789.0,65091789.0,0.0
کخاک,SalesPrev12M,18795236.0,18795236.0,0.0
غفارس,SalesPrev12M,37902147.0,37902147.0,0.0
ثالوند,SalesPrev12M,0.0,0.0,0.0
شاملا,SalesPrev12M,27007048.0,27007048.0,0.0
غبهنوش,SalesPrev12M,,,
خمهر,SalesPrev12M,,,
خنصیر,SalesPrev12M,5986125.0,5986125.0,0.0
کچاد,SalesPrev12M,690849047.0,690849047.0,0.0
کلر,SalesPrev12M,11829152.0,11829152.0,0.0
دفرا,SalesPrev12M,19423695.0,19423695.0,0.0
غپینو,SalesPrev12M,44454476.0,44454476.0,0.0
نوری,SalesPrev12M,1991984694.0,1991984694.0,0.0
تایرا,SalesPrev12M,328494718.0,328494718.0,0.0
کنور,SalesPrev12M,74672082.0,74672082.0,0.0
شپدیس,SalesPrev12M,564944129.0,564944129.0,0.0
فاراک,SalesPrev12M,20095080.0,20095080.0,0.0
ثتران,SalesPrev12M,,,
شغدیر,SalesPrev12M,65555001.0,65555001.0,0.0
بموتو,SalesPrev12M,44093293.0,44093293.0,0.0
وپست,SalesPrev12M,,,
درازک,SalesPrev12M,13986737.0,13986737.0,0.0
حتوکا,SalesPrev12M,16641902.0,16641902.0,0.0
غگل,SalesPrev12M,26979522.0,26979522.0,0.0
غدام,SalesPrev12M,2482931.0,2482931.0,0.0
شبهرن,SalesPrev12M,329089122.0,329089122.0,0.0
کپرور,SalesPrev12M,21003750.0,21003750.0,0.0
خودکفا,SalesPrev12M,,,
خصدرا,SalesPrev12M,,,
پکرمان,SalesPrev12M,150659361.0,150659361.0,0.0
وسپه,SalesPrev12M,,,
تاصیکو,SalesPrev12M,,,
پارسان,SalesPrev12M,,,
کفرا,SalesPrev12M,12128329.0,12128329.0,0.0
شستا,SalesPrev12M,,,
زدشت,SalesPrev12M,12547852.0,12547852.0,0.0
خزامیا,SalesPrev12M,293024334.0,293024334.0,0.0
شلیا,SalesPrev12M,,,
زشگزا,SalesPrev12M,8936672.0,8936672.0,0.0
خبهمن,SalesPrev12M,,,
سشرق,SalesPrev12M,19917240.0,19917240.0,0.0
جم پیلن3,SalesPrev12M,184674501.0,184674501.0,0.0
فاسمین,SalesPrev12M,,,
سدور,SalesPrev12M,,,
شکربن,SalesPrev12M,31946860.0,31946860.0,0.0
مبین,SalesPrev12M,624239526.0,624239526.0,0.0
شمواد,SalesPrev12M,25384256.0,25384256.0,0.0
کزغال,SalesPrev12M,,,
وبصادر,SalesPrev12M,,,
کساپا,SalesPrev12M,,,
کاسپین,SalesPrev12M,34093682.0,34093682.0,0.0
سیمرغ3,SalesPrev12M,48702766.0,48702766.0,0.0
حفاری,SalesPrev12M,,,
شپلی,SalesPrev12M,,,
فخوز,SalesPrev12M,828172217.0,828172217.0,0.0
چکاپا,SalesPrev12M,11773182.0,11773182.0,0.0
دلقما,SalesPrev12M,15304382.0,15304382.0,0.0
سپیدار,SalesPrev12M,10337660.0,10337660.0,0.0
سهرمز,SalesPrev12M,31934915.0,31934915.0,0.0
بزاگرس,SalesPrev12M,7140347.0,7140347.0,0.0
های وب3,SalesPrev12M,15011464.0,15011464.0,0.0
تکمبا,SalesPrev12M,,,
ستران,SalesPrev12M,,,
غشان,SalesPrev12M,26937766.0,26937766.0,0.0
کحافظ,SalesPrev12M,22597710.0,22597710.0,0.0
ساوه,SalesPrev12M,,,
مثقال,SalesPrev12M,,,
کلوند,SalesPrev12M,17092310.0,17092310.0,0.0
پیزد,SalesPrev12M,58756610.0,58756610.0,0.0
دجابر,SalesPrev12M,13075552.0,13075552.0,0.0
زپارس,SalesPrev12M,11533945.0,11533945.0,0.0
غشهداب,SalesPrev12M,12664044.0,12664044.0,0.0
بجهرم,SalesPrev12M,19421497.0,19421497.0,0.0
خچرخش,SalesPrev12M,,,
سمازن,SalesPrev12M,33575194.0,33575194.0,0.0
غپاک,SalesPrev12M,0.0,0.0,0.0
عالیس,SalesPrev12M,18239433.0,18239433.0,0.0
قاسم,SalesPrev12M,198808270.0,198808270.0,0.0
برکت,SalesPrev12M,,,
دتماد,SalesPrev12M,,,
ساربیل,SalesPrev12M,21084561.0,21084561.0,0.0
غدیس,SalesPrev12M,40804805.0,40804805.0,0.0
شوینده,SalesPrev12M,,,
غاذر,SalesPrev12M,2573776.0,2573776.0,0.0
شبندر,SalesPrev12M,4658467616.0,4658467616.0,0.0
حفارس,SalesPrev12M,25411983.0,25411983.0,0.0
فملی,SalesPrev12M,1959197885.0,1959197885.0,0.0
تاتمس,SalesPrev12M,0.0,0.0,0.0
کگل,SalesPrev12M,937228933.0,937228933.0,0.0
شیران,SalesPrev12M,152597864.0,152597864.0,0.0
سرچشمه,SalesPrev12M,,,
قشکر,SalesPrev12M,,,
زفجر,SalesPrev12M,,,
حتاید,SalesPrev12M,25738600.0,25738600.0,0.0
فسبزوار,SalesPrev12M,,,
توریل,SalesPrev12M,,,
غویتا,SalesPrev12M,19486095.0,19486095.0,0.0
خدیزل,SalesPrev12M,,,
تپسی,SalesPrev12M,29680219.0,29680219.0,0.0
کرماشا,SalesPrev12M,82005771.0,82005771.0,0.0
فاذر,SalesPrev12M,,,
شیراز,SalesPrev12M,265338930.0,265338930.0,0.0
خمحرکه,SalesPrev12M,69015560.0,69015560.0,0.0
قرن,SalesPrev12M,108688965.0,108688965.0,0.0
بمپنا,SalesPrev12M,10839320.0,10839320.0,0.0
کیمیاتک,SalesPrev12M,50412265.0,50412265.0,0.0
دروز,SalesPrev12M,,,
قصفها,SalesPrev12M,30851400.0,30851400.0,0.0
رانفور,SalesPrev12M,71277265.0,71277265.0,0.0
شدوص,SalesPrev12M,24879747.0,24879747.0,0.0
فولاژ,SalesPrev12M,,,
فرآور,SalesPrev12M,,,
چخزر,SalesPrev12M,0.0,0.0,0.0
سهگمت,SalesPrev12M,30647235.0,30647235.0,0.0
فجر,SalesPrev12M,81329685.0,81329685.0,0.0
فبستم,SalesPrev12M,0.0,0.0,0.0
تلیسه,SalesPrev12M,12675634.0,12675634.0,0.0
پتایر,SalesPrev12M,49499514.0,49499514.0,0.0
سخوز,SalesPrev12M,,,
غبشهر,SalesPrev12M,250895944.0,250895944.0,0.0
کصدف,SalesPrev12M,,,
تپمپی,SalesPrev12M,,,
کبافق,SalesPrev12M,,,
دزاگرس,SalesPrev12M,28469059.0,28469059.0,0.0
خراسان,SalesPrev12M,90726729.0,90726729.0,0.0
دسبحا,SalesPrev12M,,,
شرانل,SalesPrev12M,256380662.0,256380662.0,0.0
شگل,SalesPrev12M,26259142.0,26259142.0,0.0
کالا,SalesPrev12M,23334119.0,23334119.0,0.0
قثابت,SalesPrev12M,10442737.0,10442737.0,0.0
سفانو,SalesPrev12M,17540273.0,17540273.0,0.0
سپید,SalesPrev12M,,,
کسرا,SalesPrev12M,6107025.0,6107025.0,0.0
بفجر,SalesPrev12M,,,
فولاد,SalesPrev12M,2846057583.0,2846057583.0,0.0
بکهنوج,SalesPrev12M,,,
بترانس,SalesPrev12M,132468175.0,132468175.0,0.0
دقاضی,SalesPrev12M,26148539.0,26148539.0,0.0
فخاس,SalesPrev12M,,,
وخاور,SalesPrev12M,,,
سیستم,SalesPrev12M,24400341.0,24400341.0,0.0
بیوتیک,SalesPrev12M,16504400.0,16504400.0,0.0
بمولد,SalesPrev12M,0.0,0.0,0.0
دانا,SalesPrev12M,,,
غنوش,SalesPrev12M,2769355.0,2769355.0,0.0
زهلال,SalesPrev12M,,,
شبریز,SalesPrev12M,353289220.0,353289220.0,0.0
دعبید,SalesPrev12M,112296731.0,112296731.0,0.0
شسپا,SalesPrev12M,312352489.0,312352489.0,0.0
کاذر,SalesPrev12M,7666478.0,7666478.0,0.0
فبیرا,SalesPrev12M,,,
کاما,SalesPrev12M,8990531.0,8990531.0,0.0
افق,SalesPrev12M,1447028918.0,1447028918.0,0.0
انرژی,SalesPrev12M,1559324.0,1559324.0,0.0
دامین,SalesPrev12M,,,
بوعلی,SalesPrev12M,829625219.0,829625219.0,0.0
کمنگنز,SalesPrev12M,6829017.0,6829017.0,0.0
زمگسا,SalesPrev12M,9882085.0,9882085.0,0.0
غشوکو,SalesPrev12M,975676.0,975676.0,0.0
شتران,SalesPrev12M,1425999269.0,1425999269.0,0.0
سغرب,SalesPrev12M,12057890.0,12057890.0,0.0
دکپسول,SalesPrev12M,12238717.0,12238717.0,0.0
چکارن,SalesPrev12M,4025332.0,4025332.0,0.0
هجرت,SalesPrev12M,231084668.0,231084668.0,0.0
غانیزان,SalesPrev12M,,,
فسرب,SalesPrev12M,12713948.0,12713948.0,0.0
زفکا,SalesPrev12M,22286709.0,22286709.0,0.0
زبینا,SalesPrev12M,10395722.0,10395722.0,0.0
بنو,SalesPrev12M,,,
وتوشه,SalesPrev12M,,,
آریا,SalesPrev12M,579306779.0,579306779.0,0.0
غمینو,SalesPrev12M,12802926.0,12802926.0,0.0
حریل,SalesPrev12M,,,
فنورد,SalesPrev12M,,,
دفارا,SalesPrev12M,,,
قلرست,SalesPrev12M,10104936.0,10104936.0,0.0
کرازی,SalesPrev12M,11719763.0,11719763.0,0.0
خموتور,SalesPrev12M,58181319.0,58181319.0,0.0
غگیلا,SalesPrev12M,,,
کپشیر,SalesPrev12M,12393378.0,12393378.0,0.0
فنوال,SalesPrev12M,32034611.0,32034611.0,0.0
اروند,SalesPrev12M,301675078.0,301675078.0,0.0
دسبحان,SalesPrev12M,,,
ارفع,SalesPrev12M,217883264.0,217883264.0,0.0
غمایه,SalesPrev12M,12399111.0,12399111.0,0.0
شمس,SalesPrev12M,4598787.0,4598787.0,0.0
پرداخت,SalesPrev12M,69020859.0,69020859.0,0.0
شگویا,SalesPrev12M,350458779.0,350458779.0,0.0
غشاذر,SalesPrev12M,26362665.0,26362665.0,0.0
شاوان,SalesPrev12M,1816994460.0,1816994460.0,0.0
کاوه,SalesPrev12M,,,
دالبر,SalesPrev12M,,,
حکشتی,SalesPrev12M,,,
سقاین,SalesPrev12M,9534937.0,9534937.0,0.0
پارس,SalesPrev12M,736445420.0,736445420.0,0.0
شپارس,SalesPrev12M,22824212.0,22824212.0,0.0
سبزوا,SalesPrev12M,,,
سباقر,SalesPrev12M,19062970.0,19062970.0,0.0
غمهرا,SalesPrev12M,48974620.0,48974620.0,0.0
دابور,SalesPrev12M,20214532.0,20214532.0,0.0
غشصفا,SalesPrev12M,56099433.0,56099433.0,0.0
کگاز,SalesPrev12M,,,
غکورش,SalesPrev12M,254861349.0,254861349.0,0.0
پاکشو,SalesPrev12M,151975576.0,151975576.0,0.0
قنیشا,SalesPrev12M,11143411.0,11143411.0,0.0
پاسا,SalesPrev12M,30207122.0,30207122.0,0.0
بپیوند,SalesPrev12M,8289263.0,8289263.0,0.0
غگلستا,SalesPrev12M,,,
فایرا,SalesPrev12M,299948584.0,299948584.0,0.0
سکرد,SalesPrev12M,11339385.0,11339385.0,0.0
خودرو,SalesPrev12M,3365446773.0,3365446773.0,0.0
سبجنو,SalesPrev12M,23742249.0,23742249.0,0.0
دتوزیع,SalesPrev12M,,,
فباهنر,SalesPrev12M,209323439.0,209323439.0,0.0
رمپنا,SalesPrev12M,172418900.0,172418900.0,0.0
کهمدا,SalesPrev12M,24060194.0,24060194.0,0.0
سشمال,SalesPrev12M,,,
کماسه,SalesPrev12M,4289170.0,4289170.0,0.0
دارو,SalesPrev12M,53921857.0,53921857.0,0.0
فپنتا,SalesPrev12M,,,
شبصیر,SalesPrev12M,53656372.0,53656372.0,0.0
دیران,SalesPrev12M,5970036.0,5970036.0,0.0
شکام,SalesPrev12M,67206417.0,67206417.0,0.0
بشهاب,SalesPrev12M,8665670.0,8665670.0,0.0
ددانا,SalesPrev12M,52071078.0,52071078.0,0.0
کروی,SalesPrev12M,,,
گشان,SalesPrev12M,,,
دپارس,SalesPrev12M,18086594.0,18086594.0,0.0
سآبیک,SalesPrev12M,50874554.0,50874554.0,0.0
بگیلان,SalesPrev12M,12529039.0,12529039.0,0.0
زقیام,SalesPrev12M,17630801.0,17630801.0,0.0
ذوب,SalesPrev12M,629921142.0,629921142.0,0.0
دبالک,SalesPrev12M,7016347.0,7016347.0,0.0
پکویر,SalesPrev12M,81094568.0,81094568.0,0.0
زکشت,SalesPrev12M,8686507.0,8686507.0,0.0
وخارزم,SalesPrev12M,,,
شاراک,SalesPrev12M,405703577.0,405703577.0,0.0
شپنا,SalesPrev12M,2293561650.0,2293561650.0,0.0
وبملت,SalesPrev12M,,,
نان,SalesPrev12M,37072009.0,37072009.0,0.0
فزر,SalesPrev12M,,,
فگستر,SalesPrev12M,15133692.0,15133692.0,0.0
دزهراوی,SalesPrev12M,10064148.0,10064148.0,0.0
کطبس,SalesPrev12M,7569902.0,7569902.0,0.0
فسپا,SalesPrev12M,39212130.0,39212130.0,0.0
حپارسا,SalesPrev12M,12073275.0,12073275.0,0.0
کپارس,SalesPrev12M,13932419.0,13932419.0,0.0
آردینه,SalesPrev12M,10430792.0,10430792.0,0.0
زگلدشت,SalesGrowth12M,121.63,121.63086073638371,0.0008607363837143112
پسهند,SalesGrowth12M,14.57,14.565875775388335,0.004124224611665284
کربن,SalesGrowth12M,,,
دسینا,SalesGrowth12M,72.29,72.28584446937923,0.004155530620778336
شپاکسا,SalesGrowth12M,97.73,97.72626009300912,0.0037399069908872207
سرود,SalesGrowth12M,80.57,80.56816039035824,0.001839609641749007
چدن,SalesGrowth12M,63.87,63.87049933506973,0.0004993350697333199
داسوه,SalesGrowth12M,95.49,95.48942295086282,0.0005770491371777098
پخش,SalesGrowth12M,70.41,70.40868329514011,0.0013167048598887732
بهپاک,SalesGrowth12M,196.26,196.25753151601273,0.0024684839872577413
سصوفی,SalesGrowth12M,41.86,41.8598175472933,0.00018245270670291802
زاگرس,SalesGrowth12M,37.69,37.68754003538883,0.002459964611169596
درهآور,SalesGrowth12M,,,
حسیر,SalesGrowth12M,,,
رانیز,SalesGrowth12M,,,
اسیاتک,SalesGrowth12M,29.41,29.405438414465664,0.004561585534336388
سنیر,SalesGrowth12M,,,
یاقوت,SalesGrowth12M,,,
کیمیا,SalesGrowth12M,182.02,182.0239512965457,0.0039512965456935945
ثبهساز,SalesGrowth12M,,,
فولای,SalesGrowth12M,,,
قزوین,SalesGrowth12M,53.01,53.01034521430671,0.0003452143067121938
سکرما,SalesGrowth12M,,,
مادیرا,SalesGrowth12M,,,
ساروم,SalesGrowth12M,55.48,55.47799881043194,0.002001189568055395
حسینا,SalesGrowth12M,2.98,2.975704047710227,0.004295952289773197
کخاک,SalesGrowth12M,71.64,71.63985597201334,0.00014402798666424133
غفارس,SalesGrowth12M,91.59,91.58583021695314,0.004169783046862108
ثالوند,SalesGrowth12M,,,
شاملا,SalesGrowth12M,88.82,88.82022203981717,0.00022203981717439092
غبهنوش,SalesGrowth12M,,,
خمهر,SalesGrowth12M,,,
خنصیر,SalesGrowth12M,9.07,9.070842991083547,0.0008429910835463517
کچاد,SalesGrowth12M,39.41,39.41485729515669,0.00485729515669675
کلر,SalesGrowth12M,82.39,82.39347165375844,0.0034716537584387197
دفرا,SalesGrowth12M,125.96,125.9582329726656,0.0017670273343952658
غپینو,SalesGrowth12M,96.17,96.17090751446491,0.0009075144649131062
نوری,SalesGrowth12M,26.55,26.54977854965386,0.00022145034614240444
تایرا,SalesGrowth12M,23.42,23.418922066198945,0.0010779338010564743
کنور,SalesGrowth12M,46.59,46.59116776735916,0.0011677673591563575
شپدیس,SalesGrowth12M,60.73,60.734892423317845,0.004892423317848227
فاراک,SalesGrowth12M,7.45,7.449475194923334,0.0005248050766661905
ثتران,SalesGrowth12M,,,
شغدیر,SalesGrowth12M,62.25,62.25237796884482,0.0023779688448186675
بموتو,SalesGrowth12M,26.71,26.714951863540787,0.004951863540785695
وپست,SalesGrowth12M,,,
درازک,SalesGrowth12M,115.39,115.38503226306464,0.004967736935356015
حتوکا,SalesGrowth12M,25.38,25.38232709217973,0.002327092179729817
غگل,SalesGrowth12M,32.77,32.770802981609535,0.0008029816095316278
غدام,SalesGrowth12M,-31.1,-31.10444873417747,0.004448734177469049
شبهرن,SalesGrowth12M,85.42,85.41821233459062,0.001787665409381134
کپرور,SalesGrowth12M,73.17,73.16692019282272,0.0030798071772863977
خودکفا,SalesGrowth12M,,,
خصدرا,SalesGrowth12M,,,
پکرمان,SalesGrowth12M,30.57,30.566065523137325,0.003934476862674785
وسپه,SalesGrowth12M,,,
تاصیکو,SalesGrowth12M,,,
پارسان,SalesGrowth12M,,,
کفرا,SalesGrowth12M,79.32,79.3171672701161,0.002832729883891716
شستا,SalesGrowth12M,,,
زدشت,SalesGrowth12M,83.36,83.36230774797151,0.002307747971514118
خزامیا,SalesGrowth12M,10.96,10.958115853954983,0.0018841460450182979
شلیا,SalesGrowth12M,,,
زشگزا,SalesGrowth12M,103.98,103.98122477808293,0.0012247780829284238
خبهمن,SalesGrowth12M,,,
سشرق,SalesGrowth12M,80.63,80.632437024407,0.0024370244070013314
جم پیلن3,SalesGrowth12M,45.98,45.97959141094417,0.00040858905583007754
فاسمین,SalesGrowth12M,,,
سدور,SalesGrowth12M,,,
شکربن,SalesGrowth12M,16.08,16.08145839685027,0.0014583968502712708
مبین,SalesGrowth12M,13.01,13.012094335083807,0.002094335083807408
شمواد,SalesGrowth12M,120.48,120.48165997065267,0.0016599706526676528
کزغال,SalesGrowth12M,,,
وبصادر,SalesGrowth12M,,,
کساپا,SalesGrowth12M,,,
کاسپین,SalesGrowth12M,144.54,144.5389207302397,0.0010792697602823864
سیمرغ3,SalesGrowth12M,98.42,98.42222308277111,0.00222308277110983
حفاری,SalesGrowth12M,,,
شپلی,SalesGrowth12M,,,
فخوز,SalesGrowth12M,26.24,26.237376422396935,0.0026235776030638647
چکاپا,SalesGrowth12M,58.64,58.642548802864006,0.002548802864005495
دلقما,SalesGrowth12M,117.8,117.80112388726313,0.0011238872631338381
سپیدار,SalesGrowth12M,47.04,47.03640862632356,0.003591373676435694
سهرمز,SalesGrowth12M,48.35,48.34645089864808,0.0035491013519219905
بزاگرس,SalesGrowth12M,48.9,48.90351967488415,0.0035196748841528347
های وب3,SalesGrowth12M,-37.7,-37.69539733099983,0.0046026690001710335
تکمبا,SalesGrowth12M,,,
ستران,SalesGrowth12M,,,
غشان,SalesGrowth12M,99.48,99.48396240430628,0.0039624043062786996
کحافظ,SalesGrowth12M,64.87,64.86686040311164,0.0031395968883600744
ساوه,SalesGrowth12M,,,
مثقال,SalesGrowth12M,,,
کلوند,SalesGrowth12M,68.21,68.20700069212413,0.002999307875867885
پیزد,SalesGrowth12M,90.2,90.20019534823402,0.00019534823401556878
دجابر,SalesGrowth12M,259.31,259.30665871697045,0.0033412830295560525
زپارس,SalesGrowth12M,125.29,125.28531218069794,0.00468781930206319
غشهداب,SalesGrowth12M,83.72,83.7237615409422,0.0037615409422073753
بجهرم,SalesGrowth12M,41.45,41.447999605797634,0.0020003942023691934
خچرخش,SalesGrowth12M,,,
سمازن,SalesGrowth12M,78.63,78.6311852732705,0.0011852732705079916
غپاک,SalesGrowth12M,,,
عالیس,SalesGrowth12M,93.98,93.9840235165205,0.004023516520490489
قاسم,SalesGrowth12M,109.57,109.57077892182252,0.00077892182252981
برکت,SalesGrowth12M,,,
دتماد,SalesGrowth12M,,,
ساربیل,SalesGrowth12M,69.5,69.50489981745412,0.004899817454116828
غدیس,SalesGrowth12M,47.6,47.60468885955956,0.004688859559557557
شوینده,SalesGrowth12M,,,
غاذر,SalesGrowth12M,180.35,180.35120383436632,0.0012038343663220985
شبندر,SalesGrowth12M,103.1,103.09995436061436,4.563938563251213e-05
حفارس,SalesGrowth12M,5.89,5.892019524804499,0.0020195248044991843
فملی,SalesGrowth12M,149.67,149.67375676806634,0.0037567680663528336
تاتمس,SalesGrowth12M,,,
کگل,SalesGrowth12M,45.4,45.395413118344266,0.004586881655733066
شیران,SalesGrowth12M,94.92,94.9225455737703,0.0025455737702912984
سرچشمه,SalesGrowth12M,,,
قشکر,SalesGrowth12M,,,
زفجر,SalesGrowth12M,,,
حتاید,SalesGrowth12M,18.13,18.133853434141717,0.003853434141717571
فسبزوار,SalesGrowth12M,,,
توریل,SalesGrowth12M,,,
غویتا,SalesGrowth12M,73.43,73.42861666229176,0.0013833377082477227
خدیزل,SalesGrowth12M,,,
تپسی,SalesGrowth12M,6.29,6.29319143500929,0.003191435009290089
کرماشا,SalesGrowth12M,97.92,97.91783556306055,0.00216443693945223
فاذر,SalesGrowth12M,,,
شیراز,SalesGrowth12M,79.58,79.58069552779156,0.0006955277915636771
خمحرکه,SalesGrowth12M,44.09,44.09317695893506,0.003176958935057428
قرن,SalesGrowth12M,100.59,100.59453321687258,0.0045332168725735755
بمپنا,SalesGrowth12M,130.01,130.01498248967647,0.004982489676478963
کیمیاتک,SalesGrowth12M,95.81,95.8054671814488,0.004532818551197693
دروز,SalesGrowth12M,,,
قصفها,SalesGrowth12M,186.73,186.72711773209642,0.0028822679035727106
رانفور,SalesGrowth12M,22.48,22.484264793268935,0.004264793268934142
شدوص,SalesGrowth12M,39.53,39.52784568106741,0.0021543189325896606
فولاژ,SalesGrowth12M,,,
فرآور,SalesGrowth12M,,,
چخزر,SalesGrowth12M,,,
سهگمت,SalesGrowth12M,21.11,21.10973795841615,0.00026204158384857124
فجر,SalesGrowth12M,51.1,51.09679940356341,0.003200596436592207
فبستم,SalesGrowth12M,,,
تلیسه,SalesGrowth12M,109.7,109.69772399550193,0.0022760044980714156
پتایر,SalesGrowth12M,37.71,37.70839649051908,0.0016035094809225825
سخوز,SalesGrowth12M,,,
غبشهر,SalesGrowth12M,198.02,198.02073205296614,0.0007320529661285491
کصدف,SalesGrowth12M,,,
تپمپی,SalesGrowth12M,,,
کبافق,SalesGrowth12M,,,
دزاگرس,SalesGrowth12M,122.33,122.33250491349222,0.0025049134922170424
خراسان,SalesGrowth12M,136.47,136.47060393855926,0.0006039385592657709
دسبحا,SalesGrowth12M,,,
شرانل,SalesGrowth12M,56.98,56.980782349333346,0.000782349333348975
شگل,SalesGrowth12M,93.1,93.10244028536805,0.0024402853680527414
کالا,SalesGrowth12M,168.88,168.87753079514164,0.0024692048583574433
قثابت,SalesGrowth12M,43.04,43.04308343684228,0.0030834368422816283
سفانو,SalesGrowth12M,52.69,52.686135500855656,0.0038644991443419485
سپید,SalesGrowth12M,,,
کسرا,SalesGrowth12M,132.53,132.52909559073362,0.0009044092663827996
بفجر,SalesGrowth12M,,,
فولاد,SalesGrowth12M,35.72,35.71754626722885,0.0024537327711513512
بکهنوج,SalesGrowth12M,,,
بترانس,SalesGrowth12M,49.32,49.31772027507739,0.00227972492260875
دقاضی,SalesGrowth12M,163.21,163.21479375960547,0.0047937596054623555
فخاس,SalesGrowth12M,,,
وخاور,SalesGrowth12M,,,
سیستم,SalesGrowth12M,49.23,49.23138984000265,0.0013898400026519653
بیوتیک,SalesGrowth12M,-11.58,-11.578530573665205,0.0014694263347951875
بمولد,SalesGrowth12M,,,
دانا,SalesGrowth12M,,,
غنوش,SalesGrowth12M,17.07,17.065887183116647,0.0041128168833530765
زهلال,SalesGrowth12M,,,
شبریز,SalesGrowth12M,693.98,693.9815587919722,0.0015587919722293009
دعبید,SalesGrowth12M,103.31,103.3070927060201,0.0029072939799021924
شسپا,SalesGrowth12M,74.8,74.80090129840458,0.0009012984045853045
کاذر,SalesGrowth12M,57.15,57.15248905690462,0.002489056904622089
فبیرا,SalesGrowth12M,,,
کاما,SalesGrowth12M,338.81,338.81160078309057,0.0016007830905664377
افق,SalesGrowth12M,108.93,108.93464328126163,0.004643281261621723
انرژی,SalesGrowth12M,78.75,78.75412678827492,0.004126788274916748
دامین,SalesGrowth12M,,,
بوعلی,SalesGrowth12M,33.9,33.897321773676694,0.0026782263233045
کمنگنز,SalesGrowth12M,114.9,114.90473665536342,0.004736655363416276
زمگسا,SalesGrowth12M,92.07,92.06869805309304,0.0013019469069490697
غشوکو,SalesGrowth12M,506.78,506.7783772481849,0.0016227518150913056
شتران,SalesGrowth12M,318.95,318.953281945897,0.003281945897015248
سغرب,SalesGrowth12M,241.59,241.5913397783526,0.001339778352587473
دکپسول,SalesGrowth12M,47.74,47.737095318079504,0.0029046819204978647
چکارن,SalesGrowth12M,111.5,111.50096439250228,0.0009643925022828626
هجرت,SalesGrowth12M,93.63,93.62557709800116,0.004422901998836437
غانیزان,SalesGrowth12M,,,
فسرب,SalesGrowth12M,-4.18,-4.17830087082313,0.0016991291768695405
زفکا,SalesGrowth12M,114.71,114.7064064057192,0.0035935942807867605
زبینا,SalesGrowth12M,99.29,99.28734146603766,0.0026585339623466098
بنو,SalesGrowth12M,,,
وتوشه,SalesGrowth12M,,,
آریا,SalesGrowth12M,5.39,5.386084563667777,0.00391543633222291
غمینو,SalesGrowth12M,119.91,119.9074492815158,0.0025507184842012975
حریل,SalesGrowth12M,,,
فنورد,SalesGrowth12M,,,
دفارا,SalesGrowth12M,,,
قلرست,SalesGrowth12M,149.45,149.45297031074713,0.002970310747144822
کرازی,SalesGrowth12M,132.82,132.8194094027328,0.0005905972672053394
خموتور,SalesGrowth12M,7.85,7.852496434465503,0.0024964344655034054
غگیلا,SalesGrowth12M,,,
کپشیر,SalesGrowth12M,78.1,78.10035326930237,0.0003532693023799993
فنوال,SalesGrowth12M,121.58,121.57838595261856,0.0016140473814374445
اروند,SalesGrowth12M,3.42,3.421097980125491,0.001097980125491116
دسبحان,SalesGrowth12M,,,
ارفع,SalesGrowth12M,93.14,93.14254260483264,0.0025426048326409045
غمایه,SalesGrowth12M,54.95,54.945689251431006,0.004310748568997269
شمس,SalesGrowth12M,69.49,69.48688860780028,0.0031113921997132366
پرداخت,SalesGrowth12M,23.44,23.442617542618528,0.002617542618526869
شگویا,SalesGrowth12M,42.65,42.65045961368256,0.00045961368255831303
غشاذر,SalesGrowth12M,94.72,94.7236631804865,0.003663180486498163
شاوان,SalesGrowth12M,-33.37,-33.36909139502825,0.0009086049717481615
کاوه,SalesGrowth12M,,,
دالبر,SalesGrowth12M,,,
حکشتی,SalesGrowth12M,,,
سقاین,SalesGrowth12M,117.91,117.91295527175481,0.002955271754814248
پارس,SalesGrowth12M,178.43,178.42654069326684,0.003459306733162748
شپارس,SalesGrowth12M,94.56,94.55671021632641,0.0032897836735941155
سبزوا,SalesGrowth12M,,,
سباقر,SalesGrowth12M,107.63,107.6347337272209,0.004733727220909145
غمهرا,SalesGrowth12M,103.78,103.7815974886584,0.0015974886584046999
دابور,SalesGrowth12M,99.9,99.9000471541958,4.71541957978161e-05
غشصفا,SalesGrowth12M,87.58,87.57607051037397,0.003929489626031568
کگاز,SalesGrowth12M,,,
غکورش,SalesGrowth12M,195.86,195.86038681761823,0.00038681761822090266
پاکشو,SalesGrowth12M,143.72,143.72441858683925,0.004418586839250338
قنیشا,SalesGrowth12M,31.01,31.013349503127902,0.0033495031279002774
پاسا,SalesGrowth12M,67.24,67.23570024314134,0.004299756858657133
بپیوند,SalesGrowth12M,60.82,60.823223970574944,0.00322397057494328
غگلستا,SalesGrowth12M,,,
فایرا,SalesGrowth12M,128.0,128.00306735236998,0.0030673523699817906
سکرد,SalesGrowth12M,50.42,50.41696705773726,0.0030329422627417557
خودرو,SalesGrowth12M,61.36,61.362815914010596,0.002815914010596998
سبجنو,SalesGrowth12M,51.51,51.51292533407429,0.002925334074291186
دتوزیع,SalesGrowth12M,,,
فباهنر,SalesGrowth12M,16.65,16.649102540303666,0.0008974596963327031
رمپنا,SalesGrowth12M,80.42,80.42064994034877,0.0006499403487651989
کهمدا,SalesGrowth12M,36.18,36.1776675616165,0.0023324383834975038
سشمال,SalesGrowth12M,,,
کماسه,SalesGrowth12M,26.76,26.761587906284902,0.0015879062849002423
دارو,SalesGrowth12M,194.62,194.61837339912086,0.0016266008791490094
فپنتا,SalesGrowth12M,,,
شبصیر,SalesGrowth12M,101.76,101.76430117190927,0.004301171909261825
دیران,SalesGrowth12M,161.71,161.71242518470575,0.002425184705742822
شکام,SalesGrowth12M,62.82,62.822962277545614,0.00296227754561329
بشهاب,SalesGrowth12M,60.54,60.54050061910966,0.0005006191096583734
ددانا,SalesGrowth12M,131.63,131.62935478309092,0.000645216909077817
کروی,SalesGrowth12M,,,
گشان,SalesGrowth12M,,,
دپارس,SalesGrowth12M,83.94,83.93818648220886,0.0018135177911347
سآبیک,SalesGrowth12M,37.87,37.87221997071463,0.0022199707146342007
بگیلان,SalesGrowth12M,88.75,88.7544288113398,0.004428811339806771
زقیام,SalesGrowth12M,118.74,118.74330610390305,0.0033061039030570782
ذوب,SalesGrowth12M,0.98,0.9778730366855984,0.002126963314401542
دبالک,SalesGrowth12M,111.89,111.88654152937418,0.003458470625815835
پکویر,SalesGrowth12M,37.18,37.184885182445264,0.004885182445264036
زکشت,SalesGrowth12M,117.63,117.62872003671903,0.00127996328096458
وخارزم,SalesGrowth12M,,,
شاراک,SalesGrowth12M,71.27,71.2712394941492,0.001239494149203324
شپنا,SalesGrowth12M,485.75,485.75482782422694,0.004827824226936173
وبملت,SalesGrowth12M,,,
نان,SalesGrowth12M,69.24,69.24487690969217,0.004876909692171694
فزر,SalesGrowth12M,,,
فگستر,SalesGrowth12M,54.37,54.366541885483066,0.003458114516931232
دزهراوی,SalesGrowth12M,76.28,76.28226452949619,0.002264529496187606
کطبس,SalesGrowth12M,81.34,81.33724848749692,0.002751512503081699
فسپا,SalesGrowth12M,46.7,46.6971776335537,0.0028223664463027376
حپارسا,SalesGrowth12M,70.83,70.82605175480555,0.003948245194450806
کپارس,SalesGrowth12M,84.8,84.7954615777777,0.00453842222229639
آردینه,SalesGrowth12M,120.08,120.07753581894835,0.0024641810516499163
زگلدشت,TTMNetProfit,6862599.0,6862599.0,0.0
پسهند,TTMNetProfit,1262480000.0,451500000.0,810980000.0
کربن,TTMNetProfit,3709000000.0,3709000000.0,0.0
دسینا,TTMNetProfit,22292811.0,22292811.0,0.0
شپاکسا,TTMNetProfit,8465300000.0,8465300000.0,0.0
سرود,TTMNetProfit,23270543016.0,23270543016.0,0.0
چدن,TTMNetProfit,10889712.0,10889712.0,0.0
داسوه,TTMNetProfit,3402750000.0,3402750000.0,0.0
پخش,TTMNetProfit,19179120000.0,19179120000.0,0.0
بهپاک,TTMNetProfit,19926553.0,19926553.0,0.0
سصوفی,TTMNetProfit,34014376.0,34014376.0,0.0
زاگرس,TTMNetProfit,23101877.0,23101877.0,0.0
درهآور,TTMNetProfit,4836931552.0,4836931552.0,0.0
حسیر,TTMNetProfit,2642976238.0,2642976238.0,0.0
رانیز,TTMNetProfit,24592382.0,24592382.0,0.0
اسیاتک,TTMNetProfit,11500293.0,11500293.0,0.0
سنیر,TTMNetProfit,3279570000.0,879910000.0,2399660000.0
یاقوت,TTMNetProfit,,,
کیمیا,TTMNetProfit,29523564.0,29523564.0,0.0
ثبهساز,TTMNetProfit,8857546280.0,8857546280.0,0.0
فولای,TTMNetProfit,1184000000.0,30418000.0,1153582000.0
قزوین,TTMNetProfit,5712000000.0,828559188.0,4883440812.0
سکرما,TTMNetProfit,12952818000.0,12952818000.0,0.0
مادیرا,TTMNetProfit,11235394.0,11235394.0,0.0
ساروم,TTMNetProfit,34335732.0,34335732.0,0.0
حسینا,TTMNetProfit,22127990280.0,22127990280.0,0.0
کخاک,TTMNetProfit,14130932.0,14130932.0,0.0
غفارس,TTMNetProfit,3458120.0,3458120.0,0.0
ثالوند,TTMNetProfit,,,
شاملا,TTMNetProfit,21610000000.0,21610000000.0,0.0
غبهنوش,TTMNetProfit,2531520000.0,2531520000.0,0.0
خمهر,TTMNetProfit,530217520.0,530217520.0,0.0
خنصیر,TTMNetProfit,1775800000.0,1775800000.0,0.0
کچاد,TTMNetProfit,136622000000.0,136622000000.0,0.0
کلر,TTMNetProfit,11076070.0,11076070.0,0.0
دفرا,TTMNetProfit,23472925.0,23472925.0,0.0
غپینو,TTMNetProfit,30290477.0,30290477.0,0.0
نوری,TTMNetProfit,359451651.0,359451651.0,0.0
تایرا,TTMNetProfit,69389200000.0,69389200000.0,0.0
کنور,TTMNetProfit,49851600000.0,49851600000.0,0.0
شپدیس,TTMNetProfit,438772604.0,438772604.0,0.0
فاراک,TTMNetProfit,20222924344.0,20222924344.0,0.0
ثتران,TTMNetProfit,675000000.0,675000000.0,0.0
شغدیر,TTMNetProfit,15954827.0,15954827.0,0.0
بموتو,TTMNetProfit,8086000000.0,8086000000.0,0.0
وپست,TTMNetProfit,80912160000.0,7239128667.0,73673031333.0
درازک,TTMNetProfit,13950083496.0,13950083496.0,0.0
حتوکا,TTMNetProfit,2031130000.0,2031130000.0,0.0
غگل,TTMNetProfit,11672370000.0,11672370000.0,0.0
غدام,TTMNetProfit,,,
شبهرن,TTMNetProfit,94552734.0,94552734.0,0.0
کپرور,TTMNetProfit,4440071.0,4440071.0,0.0
خودکفا,TTMNetProfit,62400000000.0,62400000000.0,0.0
خصدرا,TTMNetProfit,5008221887.0,5008221887.0,0.0
پکرمان,TTMNetProfit,6229745000.0,6229745000.0,0.0
وسپه,TTMNetProfit,12524800000.0,12524800000.0,0.0
تاصیکو,TTMNetProfit,53520682.0,53520682.0,0.0
پارسان,TTMNetProfit,172003500000.0,172003500000.0,0.0
کفرا,TTMNetProfit,-1371368032.0,-1371368032.0,0.0
شستا,TTMNetProfit,950523817936.0,950523817936.0,0.0
زدشت,TTMNetProfit,4296270000.0,4296270000.0,0.0
خزامیا,TTMNetProfit,4847863360.0,4847863360.0,0.0
شلیا,TTMNetProfit,,,
زشگزا,TTMNetProfit,4594560000.0,4594560000.0,0.0
خبهمن,TTMNetProfit,75355611.0,75355611.0,0.0
سشرق,TTMNetProfit,14321800000.0,14321800000.0,0.0
جم پیلن3,TTMNetProfit,83705939.0,83705939.0,0.0
فاسمین,TTMNetProfit,12864000000.0,12864000000.0,0.0
سدور,TTMNetProfit,-1570874256.0,-1570874256.0,0.0
شکربن,TTMNetProfit,11646473472.0,11646473472.0,0.0
مبین,TTMNetProfit,131505484320.0,131505484320.0,0.0
شمواد,TTMNetProfit,12160666.0,12160666.0,0.0
کزغال,TTMNetProfit,2233000000.0,2233000000.0,0.0
وبصادر,TTMNetProfit,144735484820.0,144735484820.0,0.0
کساپا,TTMNetProfit,220100000.0,220100000.0,0.0
کاسپین,TTMNetProfit,30419105.0,30419105.0,0.0
سیمرغ3,TTMNetProfit,15054403.0,15054403.0,0.0
حفاری,TTMNetProfit,45738000000.0,45738000000.0,0.0
شپلی,TTMNetProfit,2710929422.0,2710929422.0,0.0
فخوز,TTMNetProfit,,,
چکاپا,TTMNetProfit,-2193519.0,-2193519.0,0.0
دلقما,TTMNetProfit,11353304.0,11353304.0,0.0
سپیدار,TTMNetProfit,13033268.0,13033268.0,0.0
سهرمز,TTMNetProfit,9025152000.0,9025152000.0,0.0
بزاگرس,TTMNetProfit,2916000000.0,2916000000.0,0.0
های وب3,TTMNetProfit,-5497800000.0,-5497800000.0,0.0
تکمبا,TTMNetProfit,735732529.0,735732529.0,0.0
ستران,TTMNetProfit,48467000000.0,48467000000.0,0.0
غشان,TTMNetProfit,2233035000.0,2233035000.0,0.0
کحافظ,TTMNetProfit,8527596.0,8527596.0,0.0
ساوه,TTMNetProfit,25582640032.0,25582640032.0,0.0
مثقال,TTMNetProfit,,,
کلوند,TTMNetProfit,5411748020.0,5411748020.0,0.0
پیزد,TTMNetProfit,15021184.0,15021184.0,0.0
دجابر,TTMNetProfit,9520877.0,9520877.0,0.0
زپارس,TTMNetProfit,5173920720.0,5173920720.0,0.0
غشهداب,TTMNetProfit,5793781990.0,5793781990.0,0.0
بجهرم,TTMNetProfit,12195186.0,12195186.0,0.0
خچرخش,TTMNetProfit,2476399095.0,2476399095.0,0.0
سمازن,TTMNetProfit,13168440000.0,13168440000.0,0.0
غپاک,TTMNetProfit,758853027.0,758853027.0,0.0
عالیس,TTMNetProfit,27832707.0,27832707.0,0.0
قاسم,TTMNetProfit,16434370.0,16434370.0,0.0
برکت,TTMNetProfit,523976.0,523976.0,0.0
دتماد,TTMNetProfit,15987790000.0,15987790000.0,0.0
ساربیل,TTMNetProfit,4249440000.0,4249440000.0,0.0
غدیس,TTMNetProfit,9135261318.0,9135261318.0,0.0
شوینده,TTMNetProfit,-557000000.0,-557000000.0,0.0
غاذر,TTMNetProfit,2723198.0,2723198.0,0.0
شبندر,TTMNetProfit,1046821058.0,1046821058.0,0.0
حفارس,TTMNetProfit,2933405.0,2933405.0,0.0
فملی,TTMNetProfit,2031135837.0,2031135837.0,0.0
تاتمس,TTMNetProfit,,,
کگل,TTMNetProfit,158008844.0,158008844.0,0.0
شیران,TTMNetProfit,73967505.0,73967505.0,0.0
سرچشمه,TTMNetProfit,32490000000.0,32490000000.0,0.0
قشکر,TTMNetProfit,750328365.0,750328365.0,0.0
زفجر,TTMNetProfit,7208100000.0,7208100000.0,0.0
حتاید,TTMNetProfit,28740000000.0,28740000000.0,0.0
فسبزوار,TTMNetProfit,43784000000.0,43784000000.0,0.0
توریل,TTMNetProfit,10230000000.0,10230000000.0,0.0
غویتا,TTMNetProfit,9369776.0,9369776.0,0.0
خدیزل,TTMNetProfit,25848000000.0,25848000000.0,0.0
تپسی,TTMNetProfit,-3813570.0,-3813570.0,0.0
کرماشا,TTMNetProfit,70740935.0,70740935.0,0.0
فاذر,TTMNetProfit,-2392694700.0,-2392694700.0,0.0
شیراز,TTMNetProfit,138587400000.0,138587400000.0,0.0
خمحرکه,TTMNetProfit,682356591.0,682356591.0,0.0
قرن,TTMNetProfit,40284000000.0,40284000000.0,0.0
بمپنا,TTMNetProfit,5512400000.0,5512400000.0,0.0
کیمیاتک,TTMNetProfit,29865000000.0,29865000000.0,0.0
دروز,TTMNetProfit,1608232320.0,1608232320.0,0.0
قصفها,TTMNetProfit,5675903676.0,5675903676.0,0.0
رانفور,TTMNetProfit,9612000000.0,9612000000.0,0.0
شدوص,TTMNetProfit,5945890500.0,5945890500.0,0.0
فولاژ,TTMNetProfit,23316000000.0,23316000000.0,0.0
فرآور,TTMNetProfit,1505000000.0,1505000000.0,0.0
چخزر,TTMNetProfit,4256800000.0,4256800000.0,0.0
سهگمت,TTMNetProfit,19895825.0,19895825.0,0.0
فجر,TTMNetProfit,21285000000.0,21285000000.0,0.0
فبستم,TTMNetProfit,,,
تلیسه,TTMNetProfit,6320758.0,6320758.0,0.0
پتایر,TTMNetProfit,7364622.0,7364622.0,0.0
سخوز,TTMNetProfit,21868000000.0,21868000000.0,0.0
غبشهر,TTMNetProfit,70670616.0,70670616.0,0.0
کصدف,TTMNetProfit,1258272000.0,1258272000.0,0.0
تپمپی,TTMNetProfit,1742222000.0,1742222000.0,0.0
کبافق,TTMNetProfit,2900205000.0,2900205000.0,0.0
دزاگرس,TTMNetProfit,21904900000.0,21904900000.0,0.0
خراسان,TTMNetProfit,84071858.0,84071858.0,0.0
دسبحا,TTMNetProfit,12508150000.0,12508150000.0,0.0
شرانل,TTMNetProfit,78900444.0,78900444.0,0.0
شگل,TTMNetProfit,5979281.0,5979281.0,0.0
کالا,TTMNetProfit,54884699.0,54884699.0,0.0
قثابت,TTMNetProfit,1350648.0,1350648.0,0.0
سفانو,TTMNetProfit,12748800000.0,12748800000.0,0.0
سپید,TTMNetProfit,15481993000.0,15481993000.0,0.0
کسرا,TTMNetProfit,3725359.0,3725359.0,0.0
بفجر,TTMNetProfit,100605498.0,100605498.0,0.0
فولاد,TTMNetProfit,962487084.0,962487084.0,0.0
بکهنوج,TTMNetProfit,,,
بترانس,TTMNetProfit,550392.0,550392.0,0.0
دقاضی,TTMNetProfit,25068728.0,25068728.0,0.0
فخاس,TTMNetProfit,47035000000.0,47035000000.0,0.0
وخاور,TTMNetProfit,144240000000.0,144240000000.0,0.0
سیستم,TTMNetProfit,36540673.0,36540673.0,0.0
بیوتیک,TTMNetProfit,2610227900.0,2610227900.0,0.0
بمولد,TTMNetProfit,,,
دانا,TTMNetProfit,-35528522172.0,-35528522172.0,0.0
غنوش,TTMNetProfit,563000000.0,124979250.0,438020750.0
زهلال,TTMNetProfit,3153500000.0,3153500000.0,0.0
شبریز,TTMNetProfit,301440000000.0,301440000000.0,0.0
دعبید,TTMNetProfit,84095726.0,84095726.0,0.0
شسپا,TTMNetProfit,207420331.0,207420331.0,0.0
کاذر,TTMNetProfit,2443000000.0,2443000000.0,0.0
فبیرا,TTMNetProfit,335000000.0,335000000.0,0.0
کاما,TTMNetProfit,35296359.0,35296359.0,0.0
افق,TTMNetProfit,155839187.0,155839187.0,0.0
انرژی,TTMNetProfit,2115086.0,2115086.0,0.0
دامین,TTMNetProfit,3117800.0,3117800.0,0.0
بوعلی,TTMNetProfit,165963132.0,165963132.0,0.0
کمنگنز,TTMNetProfit,5925358.0,5925358.0,0.0
زمگسا,TTMNetProfit,3725400000.0,450900000.0,3274500000.0
غشوکو,TTMNetProfit,1475800000.0,1475800000.0,0.0
شتران,TTMNetProfit,922911344.0,922911344.0,0.0
سغرب,TTMNetProfit,6113300000.0,6113300000.0,0.0
دکپسول,TTMNetProfit,6121800000.0,6121800000.0,0.0
چکارن,TTMNetProfit,1407585.0,1407585.0,0.0
هجرت,TTMNetProfit,18336750000.0,18336750000.0,0.0
غانیزان,TTMNetProfit,3034000000.0,3034000000.0,0.0
فسرب,TTMNetProfit,-607987.0,-607987.0,0.0
زفکا,TTMNetProfit,11048382.0,11048382.0,0.0
زبینا,TTMNetProfit,6954490.0,6954490.0,0.0
بنو,TTMNetProfit,7575000000.0,7575000000.0,0.0
وتوشه,TTMNetProfit,17360500000.0,17360500000.0,0.0
آریا,TTMNetProfit,167692910640.0,167692910640.0,0.0
غمینو,TTMNetProfit,8614717.0,8614717.0,0.0
حریل,TTMNetProfit,96330000.0,96330000.0,0.0
فنورد,TTMNetProfit,10020384000.0,10020384000.0,0.0
دفارا,TTMNetProfit,19502814000.0,19502814000.0,0.0
قلرست,TTMNetProfit,,,
کرازی,TTMNetProfit,10773000000.0,10773000000.0,0.0
خموتور,TTMNetProfit,5545590000.0,5545590000.0,0.0
غگیلا,TTMNetProfit,683008070.0,683008070.0,0.0
کپشیر,TTMNetProfit,9190016.0,9190016.0,0.0
فنوال,TTMNetProfit,18284961.0,18284961.0,0.0
اروند,TTMNetProfit,39303694.0,39303694.0,0.0
دسبحان,TTMNetProfit,10599480000.0,10599480000.0,0.0
ارفع,TTMNetProfit,80898071.0,80898071.0,0.0
غمایه,TTMNetProfit,7387380000.0,7387380000.0,0.0
شمس,TTMNetProfit,,,
پرداخت,TTMNetProfit,1030000000.0,1030000000.0,0.0
شگویا,TTMNetProfit,36431239114.0,36431239114.0,0.0
غشاذر,TTMNetProfit,3366567032.0,3366567032.0,0.0
شاوان,TTMNetProfit,49160000000.0,49160000000.0,0.0
کاوه,TTMNetProfit,25315000000.0,25315000000.0,0.0
دالبر,TTMNetProfit,18746000000.0,18746000000.0,0.0
حکشتی,TTMNetProfit,238380000000.0,238380000000.0,0.0
سقاین,TTMNetProfit,15254288.0,15254288.0,0.0
پارس,TTMNetProfit,260734403424.0,260734403424.0,0.0
شپارس,TTMNetProfit,1105800000.0,1105800000.0,0.0
سبزوا,TTMNetProfit,1228799946.0,1228799946.0,0.0
سباقر,TTMNetProfit,26691702.0,26691702.0,0.0
غمهرا,TTMNetProfit,12784800000.0,12784800000.0,0.0
دابور,TTMNetProfit,11615400000.0,11615400000.0,0.0
غشصفا,TTMNetProfit,984812040.0,984812040.0,0.0
کگاز,TTMNetProfit,5456150000.0,5456150000.0,0.0
غکورش,TTMNetProfit,131700499.0,131700499.0,0.0
پاکشو,TTMNetProfit,104720000000.0,104720000000.0,0.0
قنیشا,TTMNetProfit,668000000.0,668000000.0,0.0
پاسا,TTMNetProfit,8862600000.0,2518200000.0,6344400000.0
بپیوند,TTMNetProfit,5361000000.0,5361000000.0,0.0
غگلستا,TTMNetProfit,545235000.0,545235000.0,0.0
فایرا,TTMNetProfit,150004494.0,150004494.0,0.0
سکرد,TTMNetProfit,5279100000.0,5279100000.0,0.0
خودرو,TTMNetProfit,-126273117.0,-126273117.0,0.0
سبجنو,TTMNetProfit,17601522.0,17601522.0,0.0
دتوزیع,TTMNetProfit,22170000000.0,22170000000.0,0.0
فباهنر,TTMNetProfit,26285067.0,26285067.0,0.0
رمپنا,TTMNetProfit,,,
کهمدا,TTMNetProfit,23743500000.0,23743500000.0,0.0
سشمال,TTMNetProfit,1380000000.0,1380000000.0,0.0
کماسه,TTMNetProfit,1322913.0,1322913.0,0.0
دارو,TTMNetProfit,43548995.0,43548995.0,0.0
فپنتا,TTMNetProfit,,,
شبصیر,TTMNetProfit,28841734.0,28841734.0,0.0
دیران,TTMNetProfit,2722669.0,2722669.0,0.0
شکام,TTMNetProfit,21891910.0,21891910.0,0.0
بشهاب,TTMNetProfit,5559300000.0,5559300000.0,0.0
ددانا,TTMNetProfit,24271200000.0,24271200000.0,0.0
کروی,TTMNetProfit,10930000000.0,10930000000.0,0.0
گشان,TTMNetProfit,4683920232.0,4683920232.0,0.0
دپارس,TTMNetProfit,35285450000.0,35285450000.0,0.0
سآبیک,TTMNetProfit,30196707404.0,30196707404.0,0.0
بگیلان,TTMNetProfit,,,
زقیام,TTMNetProfit,9628322284.0,9628322284.0,0.0
ذوب,TTMNetProfit,7676811.0,7676811.0,0.0
دبالک,TTMNetProfit,633360000.0,633360000.0,0.0
پکویر,TTMNetProfit,18268897.0,18268897.0,0.0
زکشت,TTMNetProfit,5277123.0,5277123.0,0.0
وخارزم,TTMNetProfit,13380000000.0,13380000000.0,0.0
شاراک,TTMNetProfit,65813096.0,65813096.0,0.0
شپنا,TTMNetProfit,1139220803.0,1139220803.0,0.0
وبملت,TTMNetProfit,2862390000000.0,2862390000000.0,0.0
نان,TTMNetProfit,8300000000.0,8300000000.0,0.0
فزر,TTMNetProfit,-5400000.0,-5400000.0,0.0
فگستر,TTMNetProfit,6829100000.0,6829100000.0,0.0
دزهراوی,TTMNetProfit,,,
کطبس,TTMNetProfit,3712289.0,3712289.0,0.0
فسپا,TTMNetProfit,15615500000.0,15615500000.0,0.0
حپارسا,TTMNetProfit,4816500000.0,4816500000.0,0.0
کپارس,TTMNetProfit,6728294.0,6728294.0,0.0
آردینه,TTMNetProfit,9335659.0,9335659.0,0.0
زگلدشت,PEApprox,10.4,10.39869388289163,0.0013061171083705858
پسهند,PEApprox,16.74,46.819047619047616,30.079047619047618
کربن,PEApprox,2.5,2.4966298193583176,0.0033701806416823743
دسینا,PEApprox,9.2,9.197494142117163,0.0025058578828360822
شپاکسا,PEApprox,5.44,5.435483680436606,0.0045163195633941555
سرود,PEApprox,7.71,7.71039603960396,0.0003960396039603964
چدن,PEApprox,8.02,8.015788986566726,0.004211013433273791
داسوه,PEApprox,20.08,20.077143486885607,0.0028565131143913902
پخش,PEApprox,7.0,6.9971927804821075,0.002807219517892534
بهپاک,PEApprox,4.17,4.1704559756807935,0.0004559756807935855
سصوفی,PEApprox,5.37,5.365077552994768,0.004922447005232478
زاگرس,PEApprox,55.67,55.67419189935663,0.004191899356627005
درهآور,PEApprox,8.13,8.125,0.005000000000000782
حسیر,PEApprox,,,
رانیز,PEApprox,5.06,5.061598844715408,0.0015988447154082763
اسیاتک,PEApprox,4.23,4.226687077869652,0.0033129221303482836
سنیر,PEApprox,6.86,25.58085486015615,18.72085486015615
یاقوت,PEApprox,,,
کیمیا,PEApprox,3.14,3.1390983247861826,0.0009016752138175654
ثبهساز,PEApprox,8.35,8.35,0.0
فولای,PEApprox,21.72,21.718061674008812,0.0019383259911869288
قزوین,PEApprox,8.79,60.58710195607656,51.79710195607656
سکرما,PEApprox,8.26,8.258048557464484,0.0019514425355158238
مادیرا,PEApprox,6.25,6.25,0.0
ساروم,PEApprox,6.39,6.389967462348287,3.2537651712516436e-05
حسینا,PEApprox,7.44,7.439024390243903,0.0009756097560975618
کخاک,PEApprox,14.9,14.904734639347685,0.004734639347685032
غفارس,PEApprox,13.83,13.834481675641722,0.004481675641722305
ثالوند,PEApprox,,,
شاملا,PEApprox,9.15,9.150856085145765,0.0008560851457648511
غبهنوش,PEApprox,11.46,11.46188850967008,0.0018885096700795856
خمهر,PEApprox,45.25,45.25,0.0
خنصیر,PEApprox,6.09,6.090775988286969,0.0007759882869695645
کچاد,PEApprox,10.44,10.441583346752353,0.0015833467523531652
کلر,PEApprox,7.34,7.336785718892371,0.0032142811076285582
دفرا,PEApprox,13.63,13.626875936298093,0.0031240637019074313
غپینو,PEApprox,7.09,7.093799774070331,0.0037997740703312743
نوری,PEApprox,8.31,8.307298487637459,0.0027015123625417914
تایرا,PEApprox,2.57,2.5733111204625505,0.003311120462550665
کنور,PEApprox,8.41,8.41026165659678,0.0002616565967805684
شپدیس,PEApprox,7.02,7.016472629105069,0.003527370894930826
فاراک,PEApprox,3.87,3.8725622955334535,0.0025622955334534403
ثتران,PEApprox,,,
شغدیر,PEApprox,6.57,6.567635468629784,0.002364531370216305
بموتو,PEApprox,10.48,10.482315112540192,0.0023151125401916772
وپست,PEApprox,6.04,67.55083000930449,61.51083000930449
درازک,PEApprox,5.62,5.622544411471815,0.0025444114718151667
حتوکا,PEApprox,7.73,7.72873966708187,0.0012603329181306577
غگل,PEApprox,0.6,0.602761050240868,0.002761050240868035
غدام,PEApprox,,,
شبهرن,PEApprox,8.18,8.182749898700202,0.002749898700201925
کپرور,PEApprox,7.41,7.407604782295898,0.002395217704101782
خودکفا,PEApprox,2.31,2.3076923076923075,0.002307692307692566
خصدرا,PEApprox,11.99,11.99476439790576,0.004764397905759665
پکرمان,PEApprox,23.49,23.487155573783518,0.0028444262164804
وسپه,PEApprox,17.57,17.57281553398058,0.0028155339805806534
تاصیکو,PEApprox,38.87,38.87318754461987,0.0031875446198696977
پارسان,PEApprox,24.21,24.214739816340945,0.004739816340944003
کفرا,PEApprox,,,
شستا,PEApprox,5.96,5.955249569707401,0.004750430292599361
زدشت,PEApprox,9.35,9.345781340558204,0.004218659441795225
خزامیا,PEApprox,33.73,33.725282884210664,0.004717115789333093
شلیا,PEApprox,,,
زشگزا,PEApprox,6.51,6.50856665273715,0.0014333472628500488
خبهمن,PEApprox,4.65,4.6458680942758885,0.004131905724111817
سشرق,PEApprox,10.28,10.281528858104428,0.0015288581044288208
جم پیلن3,PEApprox,7.23,7.225071654182832,0.004928345817168278
فاسمین,PEApprox,8.92,8.921641791044776,0.0016417910447756867
سدور,PEApprox,,,
شکربن,PEApprox,5.54,5.537280701754386,0.002719298245613899
مبین,PEApprox,5.49,5.48938134810711,0.0006186518928901208
شمواد,PEApprox,7.11,7.11162247009523,0.0016224700952296445
کزغال,PEApprox,36.95,36.94581280788177,0.004187192118230598
وبصادر,PEApprox,5.24,5.237837837837838,0.00216216216216214
کساپا,PEApprox,55.16,55.16129032258065,0.0012903225806510932
کاسپین,PEApprox,9.32,9.32261699885836,0.0026169988583593096
سیمرغ3,PEApprox,10.45,10.447032317831978,0.002967682168021568
حفاری,PEApprox,2.22,2.215663124754034,0.004336875245966265
شپلی,PEApprox,69.59,69.58762886597938,0.0023711340206205023
فخوز,PEApprox,,,
چکاپا,PEApprox,,,
دلقما,PEApprox,8.52,8.524340536305266,0.004340536305265985
سپیدار,PEApprox,7.97,7.974430608194353,0.004430608194352814
سهرمز,PEApprox,3.84,3.839935327405012,6.467259498776912e-05
بزاگرس,PEApprox,15.91,15.905349794238683,0.004650205761317139
های وب3,PEApprox,,,
تکمبا,PEApprox,19.98,19.97658079625293,0.0034192037470717196
ستران,PEApprox,4.64,4.636969484391441,0.0030305156085583818
غشان,PEApprox,18.94,18.941798941798943,0.001798941798941911
کحافظ,PEApprox,6.41,6.414546273868175,0.004546273868174744
ساوه,PEApprox,7.1,7.0987239758227,0.0012760241772999947
مثقال,PEApprox,,,
کلوند,PEApprox,6.88,6.880586432034209,0.0005864320342094942
پیزد,PEApprox,7.61,7.606609656168301,0.0033903438316995604
دجابر,PEApprox,11.38,11.378835613376063,0.0011643866239374745
زپارس,PEApprox,10.41,10.40992448759439,7.551240561021189e-05
غشهداب,PEApprox,4.71,4.706428382542574,0.0035716174574256243
بجهرم,PEApprox,9.18,9.178463767845546,0.0015362321544536428
خچرخش,PEApprox,8.68,8.677431757016532,0.0025682429834681386
سمازن,PEApprox,15.46,15.462546816479401,0.002546816479400249
غپاک,PEApprox,38.28,38.280701754385966,0.000701754385964648
عالیس,PEApprox,4.28,4.283423655607063,0.0034236556070625923
قاسم,PEApprox,5.38,5.384571283664862,0.004571283664861703
برکت,PEApprox,,,
دتماد,PEApprox,9.52,9.523767825321698,0.0037678253216988367
ساربیل,PEApprox,27.89,27.88885123686886,0.001148763131141095
غدیس,PEApprox,1.51,1.5055690692612982,0.0044309307387018215
شوینده,PEApprox,,,
غاذر,PEApprox,9.55,9.552679527762043,0.0026795277620426106
شبندر,PEApprox,5.84,5.8352508895758755,0.004749110424124403
حفارس,PEApprox,59.69,59.69207570496857,0.0020757049685755646
فملی,PEApprox,12.95,12.94531265309377,0.00468734690622874
تاتمس,PEApprox,,,
کگل,PEApprox,10.48,10.47809853627233,0.00190146372766975
شیران,PEApprox,8.16,8.164075982893841,0.004075982893841257
سرچشمه,PEApprox,3.79,3.7857802400738687,0.004219759926131328
قشکر,PEApprox,17.02,17.016393442622952,0.0036065573770471815
زفجر,PEApprox,6.26,6.2604569858908725,0.0004569858908727298
حتاید,PEApprox,6.59,6.590814196242172,0.0008141962421719384
فسبزوار,PEApprox,6.89,6.893842499543212,0.0038424995432126963
توریل,PEApprox,3.65,3.6451612903225805,0.004838709677419395
غویتا,PEApprox,4.58,4.583653252820719,0.003653252820718933
خدیزل,PEApprox,4.87,4.874651810584958,0.004651810584958227
تپسی,PEApprox,,,
کرماشا,PEApprox,4.37,4.371695505693686,0.001695505693685817
فاذر,PEApprox,,,
شیراز,PEApprox,7.51,7.51269595937293,0.0026959593729305453
خمحرکه,PEApprox,,,
قرن,PEApprox,9.71,9.706086783834774,0.003913216165226885
بمپنا,PEApprox,22.96,22.955881285828315,0.004118714171685411
کیمیاتک,PEApprox,9.94,9.939728779507785,0.0002712204922143968
دروز,PEApprox,23.33,23.333333333333332,0.0033333333333338544
قصفها,PEApprox,12.2,12.202127659574469,0.002127659574469476
رانفور,PEApprox,31.71,31.7103620474407,0.00036204744069934236
شدوص,PEApprox,6.44,6.4440263405456255,0.004026340545625118
فولاژ,PEApprox,15.8,15.796019900497512,0.003980099502488343
فرآور,PEApprox,25.98,25.980066445182725,6.644518272480582e-05
چخزر,PEApprox,8.77,8.771847397105807,0.0018473971058075023
سهگمت,PEApprox,5.15,5.150315203339326,0.00031520333932544276
فجر,PEApprox,6.54,6.539816772374912,0.00018322762508837798
فبستم,PEApprox,,,
تلیسه,PEApprox,7.32,7.316778613660219,0.003221386339781418
پتایر,PEApprox,6.69,6.694713681523723,0.004713681523722535
سخوز,PEApprox,6.01,6.0051216389244555,0.004878361075544291
غبشهر,PEApprox,9.04,9.041081477220954,0.001081477220955307
کصدف,PEApprox,13.42,13.421835660334173,0.0018356603341729283
تپمپی,PEApprox,11.61,11.607717041800644,0.0022829581993555337
کبافق,PEApprox,17.47,17.469627147046502,0.0003728529534967606
دزاگرس,PEApprox,8.46,8.464590114540583,0.00459011454058178
خراسان,PEApprox,7.49,7.489160498375893,0.0008395016241076192
دسبحا,PEApprox,4.98,4.980752549337832,0.0007525493378315318
شرانل,PEApprox,8.14,8.136972304599183,0.003027695400817265
شگل,PEApprox,3.14,3.1381804907128044,0.001819509287195764
کالا,PEApprox,5.78,5.782750369472226,0.0027503694722259553
قثابت,PEApprox,17.92,17.918953161741623,0.0010468382583788127
سفانو,PEApprox,6.81,6.8147590361445785,0.004759036144578843
سپید,PEApprox,28.87,28.87331753734807,0.0033175373480673898
کسرا,PEApprox,4.15,4.147158429453869,0.0028415705461313223
بفجر,PEApprox,4.2,4.2015503875969,0.0015503875968994052
فولاد,PEApprox,6.76,6.756592579393127,0.003407420606873046
بکهنوج,PEApprox,,,
بترانس,PEApprox,7.96,7.962534204803885,0.0025342048038847764
دقاضی,PEApprox,8.9,8.902435453460342,0.0024354534603414635
فخاس,PEApprox,8.76,8.76145423620708,0.0014542362070795178
وخاور,PEApprox,5.15,5.149750415973378,0.00024958402662278445
سیستم,PEApprox,14.64,14.641535869729362,0.001535869729361039
بیوتیک,PEApprox,9.84,9.84312519224854,0.0031251922485395767
بمولد,PEApprox,,,
دانا,PEApprox,,,
غنوش,PEApprox,30.25,136.26261959485277,106.01261959485277
زهلال,PEApprox,8.35,8.351038528618995,0.001038528618995116
شبریز,PEApprox,5.46,5.461783439490445,0.0017834394904454598
دعبید,PEApprox,16.77,16.768669173890736,0.0013308261092639384
شسپا,PEApprox,5.81,5.814775559947778,0.004775559947778341
کاذر,PEApprox,8.2,8.203029062627916,0.003029062627916801
فبیرا,PEApprox,35.67,35.67164179104478,0.0016417910447756867
کاما,PEApprox,6.07,6.0716568974989,0.0016568974988997454
افق,PEApprox,13.17,13.167454672796524,0.002545327203476333
انرژی,PEApprox,42.04,42.04476973479363,0.004769734793633518
دامین,PEApprox,45.22,45.215249026125676,0.0047509738743229946
بوعلی,PEApprox,5.3,5.29890548958641,0.0010945104135897665
کمنگنز,PEApprox,7.18,7.181648213538991,0.00164821353899125
زمگسا,PEApprox,7.39,61.07784431137725,53.68784431137725
غشوکو,PEApprox,8.41,8.408998509283101,0.0010014907168987008
شتران,PEApprox,4.65,4.647906265258297,0.002093734741703379
سغرب,PEApprox,7.34,7.33826247689464,0.0017375231053602391
دکپسول,PEApprox,8.74,8.737626188375968,0.0023738116240323848
چکارن,PEApprox,9.82,9.819070597147944,0.0009294028520567821
هجرت,PEApprox,9.12,9.121845474252526,0.0018454742525264578
غانیزان,PEApprox,2.89,2.887277521423863,0.002722478576137277
فسرب,PEApprox,-47.9,-47.90375536453988,0.0037553645398844537
زفکا,PEApprox,8.91,8.911630315110896,0.0016303151108960634
زبینا,PEApprox,7.3,7.304671192321876,0.00467119232187585
بنو,PEApprox,3.74,3.740594059405941,0.0005940594059405946
وتوشه,PEApprox,4.86,4.855850925952594,0.004149074047406387
آریا,PEApprox,9.39,9.389478863422035,0.0005211365779658195
غمینو,PEApprox,6.99,6.990234810882376,0.00023481088237620185
حریل,PEApprox,153.68,153.68421052631578,0.004210526315773677
فنورد,PEApprox,7.61,7.613025608599431,0.0030256085994304627
دفارا,PEApprox,8.37,8.373891070283499,0.0038910702834993316
قلرست,PEApprox,,,
کرازی,PEApprox,7.08,7.075396825396825,0.004603174603174942
خموتور,PEApprox,7.75,7.747777964112024,0.0022220358879758706
غگیلا,PEApprox,54.67,54.6699250566688,7.494333119950625e-05
کپشیر,PEApprox,18.16,18.161178097150938,0.0011780971509374183
فنوال,PEApprox,7.57,7.571872989450654,0.001872989450653506
اروند,PEApprox,16.68,16.681098708124505,0.0010987081245055208
دسبحان,PEApprox,15.64,15.642276790936913,0.002276790936912576
ارفع,PEApprox,5.64,5.638870149700642,0.0011298502993577486
غمایه,PEApprox,8.15,8.149825783972126,0.00017421602787415225
شمس,PEApprox,,,
پرداخت,PEApprox,66.8,66.79611650485437,0.0038834951456294675
شگویا,PEApprox,11.84,11.843132720517216,0.0031327205172164696
غشاذر,PEApprox,9.62,9.623217922606925,0.0032179226069253275
شاوان,PEApprox,8.47,8.473555736371033,0.0035557363710321255
کاوه,PEApprox,17.16,17.156626506024097,0.0033734939759035854
دالبر,PEApprox,11.61,11.605675877520538,0.004324122479461678
حکشتی,PEApprox,4.33,4.330900243309002,0.0009002433090019579
سقاین,PEApprox,8.24,8.238648293236086,0.0013517067639146063
پارس,PEApprox,5.95,5.947735916223376,0.002264083776624126
شپارس,PEApprox,24.86,24.855670103092784,0.004329896907215414
سبزوا,PEApprox,39.72,39.72477064220183,0.0047706422018336525
سباقر,PEApprox,8.19,8.186967946862481,0.003032053137518531
غمهرا,PEApprox,8.08,8.075996495838808,0.004003504161191884
دابور,PEApprox,10.23,10.23090035642337,0.00090035642336872
غشصفا,PEApprox,54.1,54.0958605664488,0.004139433551202387
کگاز,PEApprox,8.3,8.301916186321858,0.001916186321857083
غکورش,PEApprox,8.49,8.486091181072869,0.003908818927131463
پاکشو,PEApprox,9.04,9.037433155080214,0.002566844919785538
قنیشا,PEApprox,20.3,20.29940119760479,0.0005988023952099297
پاسا,PEApprox,5.09,17.91239774442062,12.82239774442062
بپیوند,PEApprox,10.14,10.139899272523783,0.00010072747621769906
غگلستا,PEApprox,32.45,32.45398773006135,0.003987730061346895
فایرا,PEApprox,5.92,5.9237149579218435,0.00371495792184362
سکرد,PEApprox,8.29,8.28948116156163,0.0005188384383689737
خودرو,PEApprox,,,
سبجنو,PEApprox,5.68,5.679430763625981,0.0005692363740186224
دتوزیع,PEApprox,8.15,8.14614343707713,0.003856562922869955
فباهنر,PEApprox,11.38,11.375176078912972,0.004823921087028893
رمپنا,PEApprox,,,
کهمدا,PEApprox,3.86,3.8568450312717166,0.0031549687282832473
سشمال,PEApprox,66.56,66.55797101449275,0.002028985507251946
کماسه,PEApprox,24.54,24.539224522273788,0.0007754777262114487
دارو,PEApprox,9.91,9.905457257638389,0.0045427423616111184
فپنتا,PEApprox,,,
شبصیر,PEApprox,5.56,5.562408808832811,0.00240880883281136
دیران,PEApprox,11.18,11.18253366580314,0.0025336658031402948
شکام,PEApprox,8.17,8.171474845260155,0.0014748452601551776
بشهاب,PEApprox,3.98,3.977659057795046,0.002340942204953844
ددانا,PEApprox,11.75,11.74725600711955,0.002743992880450463
کروی,PEApprox,,,
گشان,PEApprox,,,
دپارس,PEApprox,3.93,3.926476777255214,0.003523222744786114
سآبیک,PEApprox,7.05,7.0521364170913365,0.0021364170913367175
بگیلان,PEApprox,,,
زقیام,PEApprox,7.56,7.564469914040115,0.004469914040114986
ذوب,PEApprox,,,
دبالک,PEApprox,43.42,43.41954022988506,0.00045977011494358067
پکویر,PEApprox,2.69,2.6946204484208773,0.004620448420877388
زکشت,PEApprox,3.84,3.8391144595540756,0.00088554044592426
وخارزم,PEApprox,40.72,40.71748878923767,0.0025112107623286306
شاراک,PEApprox,7.47,7.467972594755538,0.0020274052444619883
شپنا,PEApprox,7.04,7.03593578512252,0.004064214877479877
وبملت,PEApprox,1.75,1.745119987143611,0.00488001285638906
نان,PEApprox,7.37,7.373493975903615,0.0034939759036145546
فزر,PEApprox,,,
فگستر,PEApprox,5.72,5.718176626495439,0.0018233735045605215
دزهراوی,PEApprox,,,
کطبس,PEApprox,9.66,9.659654555266325,0.0003454447336750377
فسپا,PEApprox,6.6,6.60401524126669,0.004015241266690062
حپارسا,PEApprox,8.26,8.256410256410257,0.003589743589742511
کپارس,PEApprox,6.82,6.821792169562347,0.0017921695623464018
آردینه,PEApprox,6.99,6.994533831983045,0.004533831983044578
زگلدشت,QuantScore,35.32,35.38,0.060000000000002274
پسهند,QuantScore,25.9,24.6,1.2999999999999972
کربن,QuantScore,27.08,27.1,0.020000000000003126
دسینا,QuantScore,51.17,51.38,0.21000000000000085
شپاکسا,QuantScore,45.0,44.95,0.04999999999999716
سرود,QuantScore,43.64,43.74,0.10000000000000142
چدن,QuantScore,44.89,45.17,0.28000000000000114
داسوه,QuantScore,45.83,45.92,0.09000000000000341
پخش,QuantScore,38.83,39.02,0.19000000000000483
بهپاک,QuantScore,57.11,57.02,0.0899999999999963
سصوفی,QuantScore,45.2,45.34,0.14000000000000057
زاگرس,QuantScore,37.31,37.52,0.21000000000000085
درهآور,QuantScore,22.62,26.99,4.369999999999997
حسیر,QuantScore,17.29,17.51,0.22000000000000242
رانیز,QuantScore,23.91,23.89,0.019999999999999574
اسیاتک,QuantScore,38.05,38.2,0.15000000000000568
سنیر,QuantScore,26.06,18.22,7.84
یاقوت,QuantScore,,9.6,
کیمیا,QuantScore,69.26,69.3,0.03999999999999204
ثبهساز,QuantScore,23.94,24.21,0.2699999999999996
فولای,QuantScore,18.26,17.37,0.8900000000000006
قزوین,QuantScore,29.11,22.82,6.289999999999999
سکرما,QuantScore,27.45,27.51,0.060000000000002274
مادیرا,QuantScore,28.52,28.49,0.030000000000001137
ساروم,QuantScore,52.53,52.74,0.21000000000000085
حسینا,QuantScore,24.95,25.33,0.379999999999999
کخاک,QuantScore,50.75,50.9,0.14999999999999858
غفارس,QuantScore,42.67,42.64,0.030000000000001137
ثالوند,QuantScore,3.47,3.47,0.0
شاملا,QuantScore,38.47,38.62,0.14999999999999858
غبهنوش,QuantScore,21.12,21.33,0.2099999999999973
خمهر,QuantScore,21.85,21.96,0.10999999999999943
خنصیر,QuantScore,30.26,30.54,0.2799999999999976
کچاد,QuantScore,26.86,27.22,0.35999999999999943
کلر,QuantScore,45.53,45.72,0.18999999999999773
دفرا,QuantScore,53.34,53.48,0.13999999999999346
غپینو,QuantScore,56.98,56.88,0.09999999999999432
نوری,QuantScore,33.37,33.77,0.4000000000000057
تایرا,QuantScore,31.99,32.19,0.1999999999999993
کنور,QuantScore,30.7,30.95,0.25
شپدیس,QuantScore,52.0,52.0,0.0
فاراک,QuantScore,37.09,37.1,0.00999999999999801
ثتران,QuantScore,18.86,18.9,0.03999999999999915
شغدیر,QuantScore,55.97,56.0,0.030000000000001137
بموتو,QuantScore,30.26,30.5,0.23999999999999844
وپست,QuantScore,24.21,16.44,7.77
درازک,QuantScore,51.17,51.15,0.020000000000003126
حتوکا,QuantScore,19.72,20.05,0.33000000000000185
غگل,QuantScore,36.55,36.54,0.00999999999999801
غدام,QuantScore,10.25,10.23,0.019999999999999574
شبهرن,QuantScore,54.6,54.64,0.03999999999999915
کپرور,QuantScore,54.73,54.73,0.0
خودکفا,QuantScore,26.58,26.59,0.010000000000001563
خصدرا,QuantScore,16.34,16.41,0.07000000000000028
پکرمان,QuantScore,24.45,24.74,0.28999999999999915
وسپه,QuantScore,22.25,22.48,0.23000000000000043
تاصیکو,QuantScore,31.06,31.05,0.00999999999999801
پارسان,QuantScore,27.44,27.48,0.03999999999999915
کفرا,QuantScore,23.75,23.86,0.10999999999999943
شستا,QuantScore,30.89,30.92,0.030000000000001137
زدشت,QuantScore,28.57,28.82,0.25
خزامیا,QuantScore,23.77,23.97,0.1999999999999993
شلیا,QuantScore,21.44,21.41,0.030000000000001137
زشگزا,QuantScore,40.98,41.02,0.04000000000000625
خبهمن,QuantScore,32.06,31.96,0.10000000000000142
سشرق,QuantScore,38.44,38.48,0.03999999999999915
جم پیلن3,QuantScore,51.66,51.76,0.10000000000000142
فاسمین,QuantScore,18.47,18.7,0.23000000000000043
سدور,QuantScore,4.79,4.97,0.17999999999999972
شکربن,QuantScore,29.55,29.85,0.3000000000000007
مبین,QuantScore,30.13,30.36,0.23000000000000043
شمواد,QuantScore,62.74,62.84,0.10000000000000142
کزغال,QuantScore,22.3,22.43,0.129999999999999
وبصادر,QuantScore,14.34,14.57,0.23000000000000043
کساپا,QuantScore,17.36,17.57,0.21000000000000085
کاسپین,QuantScore,60.11,60.19,0.0799999999999983
سیمرغ3,QuantScore,50.08,50.15,0.07000000000000028
حفاری,QuantScore,19.02,19.19,0.1700000000000017
شپلی,QuantScore,23.89,23.85,0.03999999999999915
فخوز,QuantScore,16.39,16.6,0.21000000000000085
چکاپا,QuantScore,16.02,16.03,0.010000000000001563
دلقما,QuantScore,53.11,53.09,0.01999999999999602
سپیدار,QuantScore,36.6,36.96,0.35999999999999943
سهرمز,QuantScore,24.99,24.95,0.03999999999999915
بزاگرس,QuantScore,26.61,27.0,0.39000000000000057
های وب3,QuantScore,5.43,5.42,0.009999999999999787
تکمبا,QuantScore,12.45,12.71,0.26000000000000156
ستران,QuantScore,25.01,25.11,0.09999999999999787
غشان,QuantScore,40.82,40.87,0.04999999999999716
کحافظ,QuantScore,45.98,46.21,0.23000000000000398
ساوه,QuantScore,21.63,21.88,0.25
مثقال,QuantScore,,9.48,
کلوند,QuantScore,32.1,32.42,0.3200000000000003
پیزد,QuantScore,52.85,52.98,0.12999999999999545
دجابر,QuantScore,55.73,55.85,0.12000000000000455
زپارس,QuantScore,40.29,40.37,0.0799999999999983
غشهداب,QuantScore,35.61,35.69,0.0799999999999983
بجهرم,QuantScore,36.96,37.2,0.240000000000002
خچرخش,QuantScore,26.83,26.88,0.05000000000000071
سمازن,QuantScore,34.31,34.53,0.21999999999999886
غپاک,QuantScore,19.02,19.06,0.03999999999999915
عالیس,QuantScore,53.09,53.18,0.0899999999999963
قاسم,QuantScore,48.85,41.66,7.190000000000005
برکت,QuantScore,16.13,16.02,0.10999999999999943
دتماد,QuantScore,24.4,26.75,2.3500000000000014
ساربیل,QuantScore,28.8,29.14,0.33999999999999986
غدیس,QuantScore,37.7,37.87,0.1699999999999946
شوینده,QuantScore,1.79,1.89,0.09999999999999987
غاذر,QuantScore,68.92,68.96,0.03999999999999204
شبندر,QuantScore,56.9,56.9,0.0
حفارس,QuantScore,15.83,15.79,0.040000000000000924
فملی,QuantScore,59.03,59.09,0.060000000000002274
تاتمس,QuantScore,3.46,3.46,0.0
کگل,QuantScore,21.46,21.8,0.33999999999999986
شیران,QuantScore,51.35,51.43,0.0799999999999983
سرچشمه,QuantScore,22.19,22.17,0.019999999999999574
قشکر,QuantScore,21.83,21.92,0.09000000000000341
زفجر,QuantScore,26.45,26.46,0.010000000000001563
حتاید,QuantScore,33.56,33.85,0.28999999999999915
فسبزوار,QuantScore,29.08,29.13,0.05000000000000071
توریل,QuantScore,17.3,17.45,0.14999999999999858
غویتا,QuantScore,53.31,53.24,0.07000000000000028
خدیزل,QuantScore,18.55,18.65,0.09999999999999787
تپسی,QuantScore,13.44,13.45,0.009999999999999787
کرماشا,QuantScore,57.86,57.73,0.13000000000000256
فاذر,QuantScore,3.53,3.52,0.009999999999999787
شیراز,QuantScore,25.77,25.92,0.15000000000000213
خمحرکه,QuantScore,20.74,21.03,0.2900000000000027
قرن,QuantScore,39.06,39.28,0.21999999999999886
بمپنا,QuantScore,30.54,30.74,0.1999999999999993
کیمیاتک,QuantScore,38.72,38.78,0.060000000000002274
دروز,QuantScore,17.84,17.89,0.05000000000000071
قصفها,QuantScore,36.37,36.78,0.4100000000000037
رانفور,QuantScore,27.82,27.87,0.05000000000000071
شدوص,QuantScore,34.7,34.97,0.269999999999996
فولاژ,QuantScore,16.07,16.4,0.3299999999999983
فرآور,QuantScore,18.76,18.95,0.18999999999999773
چخزر,QuantScore,30.16,30.21,0.05000000000000071
سهگمت,QuantScore,39.29,39.64,0.3500000000000014
فجر,QuantScore,43.28,43.31,0.030000000000001137
فبستم,QuantScore,3.46,3.46,0.0
تلیسه,QuantScore,38.58,38.65,0.07000000000000028
پتایر,QuantScore,39.44,39.52,0.0800000000000054
سخوز,QuantScore,23.05,23.23,0.17999999999999972
غبشهر,QuantScore,57.79,57.83,0.03999999999999915
کصدف,QuantScore,18.36,18.63,0.2699999999999996
تپمپی,QuantScore,20.67,20.72,0.04999999999999716
کبافق,QuantScore,17.62,17.89,0.2699999999999996
دزاگرس,QuantScore,43.61,43.78,0.1700000000000017
خراسان,QuantScore,60.05,60.16,0.10999999999999943
دسبحا,QuantScore,31.12,31.18,0.05999999999999872
شرانل,QuantScore,50.37,50.56,0.19000000000000483
شگل,QuantScore,53.23,53.14,0.0899999999999963
کالا,QuantScore,56.21,56.33,0.11999999999999744
قثابت,QuantScore,11.21,11.44,0.22999999999999865
سفانو,QuantScore,31.57,31.83,0.259999999999998
سپید,QuantScore,25.02,25.04,0.019999999999999574
کسرا,QuantScore,46.76,54.7,7.940000000000005
بفجر,QuantScore,13.97,14.11,0.1399999999999988
فولاد,QuantScore,38.58,38.83,0.25
بکهنوج,QuantScore,13.1,13.3,0.20000000000000107
بترانس,QuantScore,43.49,43.56,0.07000000000000028
دقاضی,QuantScore,63.45,63.47,0.01999999999999602
فخاس,QuantScore,21.59,21.87,0.28000000000000114
وخاور,QuantScore,27.24,27.3,0.060000000000002274
سیستم,QuantScore,36.82,37.19,0.36999999999999744
بیوتیک,QuantScore,20.44,20.79,0.34999999999999787
بمولد,QuantScore,3.47,3.47,0.0
دانا,QuantScore,3.38,3.37,0.009999999999999787
غنوش,QuantScore,20.0,13.85,6.15
زهلال,QuantScore,22.51,22.57,0.05999999999999872
شبریز,QuantScore,46.07,46.08,0.00999999999999801
دعبید,QuantScore,52.84,52.91,0.06999999999999318
شسپا,QuantScore,57.4,57.2,0.19999999999999574
کاذر,QuantScore,35.26,35.57,0.3100000000000023
فبیرا,QuantScore,22.2,22.24,0.03999999999999915
کاما,QuantScore,53.79,53.73,0.060000000000002274
افق,QuantScore,48.44,48.54,0.10000000000000142
انرژی,QuantScore,37.4,37.69,0.28999999999999915
دامین,QuantScore,29.98,30.03,0.05000000000000071
بوعلی,QuantScore,46.13,46.27,0.14000000000000057
کمنگنز,QuantScore,60.68,60.67,0.00999999999999801
زمگسا,QuantScore,29.0,17.32,11.68
غشوکو,QuantScore,36.22,36.28,0.060000000000002274
شتران,QuantScore,60.52,60.53,0.00999999999999801
سغرب,QuantScore,27.24,27.44,0.20000000000000284
دکپسول,QuantScore,32.21,32.55,0.3399999999999963
چکارن,QuantScore,46.63,46.71,0.0799999999999983
هجرت,QuantScore,39.73,39.93,0.20000000000000284
غانیزان,QuantScore,19.36,19.47,0.10999999999999943
فسرب,QuantScore,11.89,11.86,0.030000000000001137
زفکا,QuantScore,37.85,38.19,0.3399999999999963
زبینا,QuantScore,49.92,49.97,0.04999999999999716
بنو,QuantScore,29.09,29.06,0.030000000000001137
وتوشه,QuantScore,21.38,21.48,0.10000000000000142
آریا,QuantScore,21.81,22.14,0.33000000000000185
غمینو,QuantScore,57.86,57.88,0.020000000000003126
حریل,QuantScore,16.24,16.28,0.0400000000000027
فنورد,QuantScore,27.47,27.52,0.05000000000000071
دفارا,QuantScore,21.74,21.85,0.11000000000000298
قلرست,QuantScore,39.34,39.28,0.060000000000002274
کرازی,QuantScore,39.32,39.49,0.1700000000000017
خموتور,QuantScore,25.67,26.03,0.35999999999999943
غگیلا,QuantScore,21.71,21.77,0.05999999999999872
کپشیر,QuantScore,48.75,48.89,0.14000000000000057
فنوال,QuantScore,56.51,56.72,0.21000000000000085
اروند,QuantScore,12.34,12.4,0.0600000000000005
دسبحان,QuantScore,25.01,25.05,0.03999999999999915
ارفع,QuantScore,60.68,60.65,0.030000000000001137
غمایه,QuantScore,33.87,33.9,0.030000000000001137
شمس,QuantScore,23.33,23.46,0.13000000000000256
پرداخت,QuantScore,12.43,12.69,0.2599999999999998
شگویا,QuantScore,18.5,18.51,0.010000000000001563
غشاذر,QuantScore,40.41,40.48,0.07000000000000028
شاوان,QuantScore,19.15,19.21,0.060000000000002274
کاوه,QuantScore,19.46,19.75,0.28999999999999915
دالبر,QuantScore,23.93,24.07,0.14000000000000057
حکشتی,QuantScore,30.22,30.22,0.0
سقاین,QuantScore,58.49,58.48,0.010000000000005116
پارس,QuantScore,33.02,33.19,0.1699999999999946
شپارس,QuantScore,31.33,31.72,0.39000000000000057
سبزوا,QuantScore,18.43,18.45,0.019999999999999574
سباقر,QuantScore,65.19,65.19,0.0
غمهرا,QuantScore,40.65,40.73,0.0799999999999983
دابور,QuantScore,43.91,43.9,0.00999999999999801
غشصفا,QuantScore,28.16,28.37,0.21000000000000085
کگاز,QuantScore,21.47,21.69,0.22000000000000242
غکورش,QuantScore,55.84,55.91,0.06999999999999318
پاکشو,QuantScore,38.43,38.49,0.060000000000002274
قنیشا,QuantScore,21.85,21.93,0.0799999999999983
پاسا,QuantScore,38.59,28.9,9.690000000000005
بپیوند,QuantScore,32.52,32.84,0.3200000000000003
غگلستا,QuantScore,18.01,18.18,0.16999999999999815
فایرا,QuantScore,62.84,62.8,0.04000000000000625
سکرد,QuantScore,34.83,35.06,0.23000000000000398
خودرو,QuantScore,8.22,8.33,0.10999999999999943
سبجنو,QuantScore,51.93,51.91,0.020000000000003126
دتوزیع,QuantScore,27.57,27.61,0.03999999999999915
فباهنر,QuantScore,31.41,31.83,0.41999999999999815
رمپنا,QuantScore,19.8,19.77,0.030000000000001137
کهمدا,QuantScore,47.26,47.16,0.10000000000000142
سشمال,QuantScore,15.8,15.96,0.16000000000000014
کماسه,QuantScore,24.67,25.0,0.3299999999999983
دارو,QuantScore,63.08,63.09,0.010000000000005116
فپنتا,QuantScore,20.55,16.28,4.27
شبصیر,QuantScore,58.77,58.77,0.0
دیران,QuantScore,51.88,52.0,0.11999999999999744
شکام,QuantScore,51.18,51.32,0.14000000000000057
بشهاب,QuantScore,40.09,40.08,0.010000000000005116
ددانا,QuantScore,45.67,45.73,0.05999999999999517
کروی,QuantScore,10.23,10.31,0.08000000000000007
گشان,QuantScore,17.44,17.55,0.10999999999999943
دپارس,QuantScore,38.85,38.95,0.10000000000000142
سآبیک,QuantScore,31.93,32.28,0.3500000000000014
بگیلان,QuantScore,31.83,31.9,0.07000000000000028
زقیام,QuantScore,40.97,41.1,0.13000000000000256
ذوب,QuantScore,7.95,7.94,0.009999999999999787
دبالک,QuantScore,36.28,36.53,0.25
پکویر,QuantScore,41.93,42.03,0.10000000000000142
زکشت,QuantScore,46.96,46.98,0.01999999999999602
وخارزم,QuantScore,22.1,22.24,0.13999999999999702
شاراک,QuantScore,57.62,57.72,0.10000000000000142
شپنا,QuantScore,58.37,58.37,0.0
وبملت,QuantScore,27.88,28.02,0.14000000000000057
نان,QuantScore,31.51,31.61,0.09999999999999787
فزر,QuantScore,5.96,5.94,0.019999999999999574
فگستر,QuantScore,35.45,35.4,0.05000000000000426
دزهراوی,QuantScore,17.7,17.66,0.03999999999999915
کطبس,QuantScore,49.49,49.79,0.29999999999999716
فسپا,QuantScore,40.04,40.15,0.10999999999999943
حپارسا,QuantScore,37.01,37.04,0.030000000000001137
کپارس,QuantScore,53.27,53.3,0.02999999999999403
آردینه,QuantScore,50.31,50.41,0.09999999999999432
زگلدشت,OperatingMargin12M,11.37,11.370922327178116,0.0009223271781166886
پسهند,OperatingMargin12M,,,
کربن,OperatingMargin12M,59.91,59.90781667783217,0.002183322167823576
دسینا,OperatingMargin12M,55.55,55.55373901655262,0.0037390165526218766
شپاکسا,OperatingMargin12M,22.9,22.900985547671553,0.0009855476715543432
سرود,OperatingMargin12M,52.54,52.54416516995807,0.0041651699580711465
چدن,OperatingMargin12M,38.9,38.90411968839317,0.00411968839317467
داسوه,OperatingMargin12M,45.77,45.77277356453593,0.0027735645359285854
پخش,OperatingMargin12M,,,
بهپاک,OperatingMargin12M,17.54,17.540803600181306,0.0008036001813067628
سصوفی,OperatingMargin12M,60.17,60.173834590697595,0.0038345906975933985
زاگرس,OperatingMargin12M,52.83,52.827810321400094,0.0021896785999047097
درهآور,OperatingMargin12M,,,
حسیر,OperatingMargin12M,,,
رانیز,OperatingMargin12M,37.43,37.43304837771808,0.0030483777180805305
اسیاتک,OperatingMargin12M,26.05,26.04674357232189,0.0032564276781101853
سنیر,OperatingMargin12M,,,
یاقوت,OperatingMargin12M,,,
کیمیا,OperatingMargin12M,38.7,38.70066779730762,0.0006677973076136823
ثبهساز,OperatingMargin12M,86.41,86.41177066020477,0.0017706602047695696
فولای,OperatingMargin12M,,,
قزوین,OperatingMargin12M,,,
سکرما,OperatingMargin12M,,,
مادیرا,OperatingMargin12M,25.93,25.92537829020558,0.004621709794420781
ساروم,OperatingMargin12M,74.31,74.31418610277673,0.004186102776728262
حسینا,OperatingMargin12M,,,
کخاک,OperatingMargin12M,56.73,56.73320539372775,0.003205393727753858
غفارس,OperatingMargin12M,6.64,6.639343250506278,0.0006567494937215201
ثالوند,OperatingMargin12M,,,
شاملا,OperatingMargin12M,,,
غبهنوش,OperatingMargin12M,,,
خمهر,OperatingMargin12M,,,
خنصیر,OperatingMargin12M,,,
کچاد,OperatingMargin12M,,,
کلر,OperatingMargin12M,65.27,65.27383010548469,0.003830105484695423
دفرا,OperatingMargin12M,72.59,72.58703112156515,0.0029688784348564923
غپینو,OperatingMargin12M,45.82,45.81526922501345,0.00473077498654817
نوری,OperatingMargin12M,20.96,20.964184007591474,0.004184007591472749
تایرا,OperatingMargin12M,,,
کنور,OperatingMargin12M,,,
شپدیس,OperatingMargin12M,50.62,50.61870472478447,0.0012952752155257485
فاراک,OperatingMargin12M,,,
ثتران,OperatingMargin12M,,,
شغدیر,OperatingMargin12M,15.3,15.297928239939596,0.0020717600604047703
بموتو,OperatingMargin12M,20.45,20.44552809645553,0.004471903544470024
وپست,OperatingMargin12M,,,
درازک,OperatingMargin12M,50.34,50.343388014961356,0.003388014961352326
حتوکا,OperatingMargin12M,,,
غگل,OperatingMargin12M,,,
غدام,OperatingMargin12M,,,
شبهرن,OperatingMargin12M,27.66,27.662687711799034,0.0026877117990338206
کپرور,OperatingMargin12M,17.06,17.059447720652813,0.0005522793471861576
خودکفا,OperatingMargin12M,,,
خصدرا,OperatingMargin12M,,,
پکرمان,OperatingMargin12M,,,
وسپه,OperatingMargin12M,,,
تاصیکو,OperatingMargin12M,95.87,95.86999640143252,3.5985674884386754e-06
پارسان,OperatingMargin12M,,,
کفرا,OperatingMargin12M,,,
شستا,OperatingMargin12M,24.7,24.699390478030214,0.0006095219697854759
زدشت,OperatingMargin12M,,,
خزامیا,OperatingMargin12M,,,
شلیا,OperatingMargin12M,,,
زشگزا,OperatingMargin12M,,,
خبهمن,OperatingMargin12M,96.22,96.21592329176167,0.004076708238329729
سشرق,OperatingMargin12M,,,
جم پیلن3,OperatingMargin12M,34.86,34.862310573641246,0.002310573641246094
فاسمین,OperatingMargin12M,34.53,34.5323036477717,0.002303647771697115
سدور,OperatingMargin12M,,,
شکربن,OperatingMargin12M,,,
مبین,OperatingMargin12M,24.27,24.27239749027112,0.0023974902711216828
شمواد,OperatingMargin12M,26.81,26.812661190056357,0.0026611900563580093
کزغال,OperatingMargin12M,,,
وبصادر,OperatingMargin12M,0.73,0.7309204158730168,0.0009204158730168333
کساپا,OperatingMargin12M,,,
کاسپین,OperatingMargin12M,64.34,64.34042193632928,0.00042193632927478575
سیمرغ3,OperatingMargin12M,15.35,15.351794046136646,0.0017940461366467986
حفاری,OperatingMargin12M,,,
شپلی,OperatingMargin12M,,,
فخوز,OperatingMargin12M,9.94,9.944314626811025,0.004314626811025235
چکاپا,OperatingMargin12M,-6.22,-6.221967697380782,0.001967697380782063
دلقما,OperatingMargin12M,43.16,43.1580725612409,0.0019274387590968445
سپیدار,OperatingMargin12M,85.66,85.66304469473434,0.0030446947343421016
سهرمز,OperatingMargin12M,0.0,-2.110848552041272e-06,2.110848552041272e-06
بزاگرس,OperatingMargin12M,,,
های وب3,OperatingMargin12M,,,
تکمبا,OperatingMargin12M,,,
ستران,OperatingMargin12M,,,
غشان,OperatingMargin12M,11.73,11.730855747315672,0.0008557473156720619
کحافظ,OperatingMargin12M,29.01,29.013563995299197,0.0035639952991957102
ساوه,OperatingMargin12M,,,
مثقال,OperatingMargin12M,,,
کلوند,OperatingMargin12M,24.18,24.183593370728854,0.0035933707288542394
پیزد,OperatingMargin12M,19.85,19.851474906894655,0.0014749068946535715
دجابر,OperatingMargin12M,33.91,33.91481416244085,0.004814162440851533
زپارس,OperatingMargin12M,,,
غشهداب,OperatingMargin12M,24.32,24.31924413687486,0.0007558631251392001
بجهرم,OperatingMargin12M,52.17,52.1681303526472,0.0018696473527981539
خچرخش,OperatingMargin12M,,,
سمازن,OperatingMargin12M,,,
غپاک,OperatingMargin12M,,,
عالیس,OperatingMargin12M,29.62,29.61907667508296,0.000923324917039281
قاسم,OperatingMargin12M,5.74,5.7441839859820245,0.004183985982024296
برکت,OperatingMargin12M,,,
دتماد,OperatingMargin12M,,,
ساربیل,OperatingMargin12M,,,
غدیس,OperatingMargin12M,,,
شوینده,OperatingMargin12M,62.35,62.35274199692433,0.002741996924328305
غاذر,OperatingMargin12M,59.02,59.02310256424352,0.0031025642435196232
شبندر,OperatingMargin12M,15.76,15.762546716695372,0.0025467166953720977
حفارس,OperatingMargin12M,2.38,2.3830072376898617,0.0030072376898617748
فملی,OperatingMargin12M,59.98,59.97671395115316,0.003286048846838696
تاتمس,OperatingMargin12M,,,
کگل,OperatingMargin12M,16.58,16.579797595189724,0.00020240481027400392
شیران,OperatingMargin12M,33.02,33.01662957764687,0.0033704223531358934
سرچشمه,OperatingMargin12M,,,
قشکر,OperatingMargin12M,,,
زفجر,OperatingMargin12M,,,
حتاید,OperatingMargin12M,97.16,97.15585430311387,0.004145696886126871
فسبزوار,OperatingMargin12M,,,
توریل,OperatingMargin12M,,,
غویتا,OperatingMargin12M,22.84,22.835758973329256,0.004241026670744219
خدیزل,OperatingMargin12M,,,
تپسی,OperatingMargin12M,14.24,14.237315351099816,0.002684648900183717
کرماشا,OperatingMargin12M,56.38,56.37538367776839,0.0046163222316124575
فاذر,OperatingMargin12M,-14.03,-14.034864299290298,0.004864299290298746
شیراز,OperatingMargin12M,0.0,-2.0986469150301684e-07,2.0986469150301684e-07
خمحرکه,OperatingMargin12M,,,
قرن,OperatingMargin12M,25.73,25.727755889289583,0.002244110710417857
بمپنا,OperatingMargin12M,0.0,4.010900021899514e-06,4.010900021899514e-06
کیمیاتک,OperatingMargin12M,,,
دروز,OperatingMargin12M,,,
قصفها,OperatingMargin12M,7.31,7.311286440898885,0.0012864408988857434
رانفور,OperatingMargin12M,,,
شدوص,OperatingMargin12M,,,
فولاژ,OperatingMargin12M,10.07,10.07252827242403,0.002528272424029865
فرآور,OperatingMargin12M,,,
چخزر,OperatingMargin12M,124.93,124.93485855106645,0.004858551066448058
سهگمت,OperatingMargin12M,46.41,46.413916479541214,0.0039164795412176545
فجر,OperatingMargin12M,,,
فبستم,OperatingMargin12M,,,
تلیسه,OperatingMargin12M,18.99,18.990443285383655,0.0004432853836568995
پتایر,OperatingMargin12M,12.26,12.256771443086704,0.0032285569132959324
سخوز,OperatingMargin12M,,,
غبشهر,OperatingMargin12M,18.23,18.22956065105585,0.00043934894415187387
کصدف,OperatingMargin12M,30.86,30.863458074928147,0.0034580749281474255
تپمپی,OperatingMargin12M,,,
کبافق,OperatingMargin12M,,,
دزاگرس,OperatingMargin12M,,,
خراسان,OperatingMargin12M,58.5,58.49908064172449,0.0009193582755102625
دسبحا,OperatingMargin12M,59.79,59.79085060463528,0.0008506046352820817
شرانل,OperatingMargin12M,25.57,25.56734082249835,0.0026591775016520103
شگل,OperatingMargin12M,18.85,18.849387079425004,0.0006129205749978439
کالا,OperatingMargin12M,69.58,69.57548836953286,0.004511630467135319
قثابت,OperatingMargin12M,3.42,3.4183284575556256,0.0016715424443742855
سفانو,OperatingMargin12M,,,
سپید,OperatingMargin12M,,,
کسرا,OperatingMargin12M,38.43,38.42698014184145,0.0030198581585523243
بفجر,OperatingMargin12M,-0.01,-0.011482039844071635,0.0014820398440716347
فولاد,OperatingMargin12M,25.05,25.054052906105838,0.004052906105837195
بکهنوج,OperatingMargin12M,,,
بترانس,OperatingMargin12M,89.29,89.28846416461585,0.0015358353841605776
دقاضی,OperatingMargin12M,62.45,62.45133848289572,0.0013384828957185846
فخاس,OperatingMargin12M,,,
وخاور,OperatingMargin12M,,,
سیستم,OperatingMargin12M,71.04,71.04259007551312,0.002590075513111856
بیوتیک,OperatingMargin12M,,,
بمولد,OperatingMargin12M,,,
دانا,OperatingMargin12M,,,
غنوش,OperatingMargin12M,,,
زهلال,OperatingMargin12M,,,
شبریز,OperatingMargin12M,,,
دعبید,OperatingMargin12M,46.1,46.095058757452165,0.004941242547836566
شسپا,OperatingMargin12M,48.02,48.022460162170894,0.002460162170891067
کاذر,OperatingMargin12M,,,
فبیرا,OperatingMargin12M,,,
کاما,OperatingMargin12M,68.01,68.00902376304775,0.0009762369522547942
افق,OperatingMargin12M,5.56,5.55974956872733,0.000250431272669438
انرژی,OperatingMargin12M,29.95,29.950937856660143,0.0009378566601441207
دامین,OperatingMargin12M,36.82,36.82251237150477,0.002512371504771238
بوعلی,OperatingMargin12M,17.32,17.319835872656235,0.00016412734376558547
کمنگنز,OperatingMargin12M,45.52,45.52153127285326,0.0015312728532563824
زمگسا,OperatingMargin12M,8.04,8.040723265916741,0.0007232659167417665
غشوکو,OperatingMargin12M,31.76,31.755597074486282,0.00440292551371968
شتران,OperatingMargin12M,22.36,22.35592682864095,0.00407317135904961
سغرب,OperatingMargin12M,0.0,-2.427849885458898e-06,2.427849885458898e-06
دکپسول,OperatingMargin12M,,,
چکارن,OperatingMargin12M,21.52,21.52060154746512,0.0006015474651199781
هجرت,OperatingMargin12M,5.8,5.803823029096465,0.003823029096465369
غانیزان,OperatingMargin12M,,,
فسرب,OperatingMargin12M,-6.83,-6.83004470683182,4.4706831819674164e-05
زفکا,OperatingMargin12M,21.95,21.948298624327702,0.001701375672297445
زبینا,OperatingMargin12M,25.1,25.103437003921066,0.0034370039210642744
بنو,OperatingMargin12M,,,
وتوشه,OperatingMargin12M,,,
آریا,OperatingMargin12M,,,
غمینو,OperatingMargin12M,39.47,39.47408878115189,0.0040887811518928174
حریل,OperatingMargin12M,,,
فنورد,OperatingMargin12M,,,
دفارا,OperatingMargin12M,,,
قلرست,OperatingMargin12M,,,
کرازی,OperatingMargin12M,,,
خموتور,OperatingMargin12M,,,
غگیلا,OperatingMargin12M,,,
کپشیر,OperatingMargin12M,46.56,46.55634333027185,0.003656669728151485
فنوال,OperatingMargin12M,33.4,33.39747746996997,0.002522530030027781
اروند,OperatingMargin12M,16.44,16.4414792553046,0.0014792553045985812
دسبحان,OperatingMargin12M,,,
ارفع,OperatingMargin12M,21.11,21.10990809969227,9.190030772998625e-05
غمایه,OperatingMargin12M,,,
شمس,OperatingMargin12M,,,
پرداخت,OperatingMargin12M,0.0,-1.1736930092086194e-06,1.1736930092086194e-06
شگویا,OperatingMargin12M,0.12,0.12311426309852808,0.0031142630985280806
غشاذر,OperatingMargin12M,14.52,14.522533592974835,0.0025335929748351305
شاوان,OperatingMargin12M,,,
کاوه,OperatingMargin12M,,,
دالبر,OperatingMargin12M,,,
حکشتی,OperatingMargin12M,30.98,30.97737990946683,0.0026200905331705826
سقاین,OperatingMargin12M,73.36,73.36164005391753,0.0016400539175265294
پارس,OperatingMargin12M,,,
شپارس,OperatingMargin12M,5.75,5.750842070208654,0.000842070208653567
سبزوا,OperatingMargin12M,,,
سباقر,OperatingMargin12M,76.99,76.99373116028266,0.003731160282669066
غمهرا,OperatingMargin12M,17.8,17.804329790896535,0.004329790896534291
دابور,OperatingMargin12M,,,
غشصفا,OperatingMargin12M,1.32,1.3221493306909213,0.0021493306909212695
کگاز,OperatingMargin12M,,,
غکورش,OperatingMargin12M,23.14,23.142580403784596,0.00258040378459512
پاکشو,OperatingMargin12M,23.08,23.077642909690546,0.0023570903094523032
قنیشا,OperatingMargin12M,,,
پاسا,OperatingMargin12M,,,
بپیوند,OperatingMargin12M,,,
غگلستا,OperatingMargin12M,,,
فایرا,OperatingMargin12M,31.03,31.028449164933537,0.0015508350664639181
سکرد,OperatingMargin12M,,,
خودرو,OperatingMargin12M,-3.47,-3.4738037728736098,0.0038037728736095566
سبجنو,OperatingMargin12M,50.2,50.19898610273059,0.0010138972694093695
دتوزیع,OperatingMargin12M,,,
فباهنر,OperatingMargin12M,18.0,17.99774582413095,0.0022541758690515223
رمپنا,OperatingMargin12M,,,
کهمدا,OperatingMargin12M,52.46,52.458166540414986,0.0018334595850149071
سشمال,OperatingMargin12M,,,
کماسه,OperatingMargin12M,26.8,26.79904791963967,0.0009520803603315642
دارو,OperatingMargin12M,53.61,53.6064178476049,0.0035821523950971823
فپنتا,OperatingMargin12M,,,
شبصیر,OperatingMargin12M,48.11,48.114468678023485,0.004468678023485495
دیران,OperatingMargin12M,43.16,43.1592216423281,0.0007783576718978225
شکام,OperatingMargin12M,31.29,31.286473535812004,0.003526464187995515
بشهاب,OperatingMargin12M,,,
ددانا,OperatingMargin12M,28.32,28.323388018539,0.0033880185389989492
کروی,OperatingMargin12M,,,
گشان,OperatingMargin12M,,,
دپارس,OperatingMargin12M,,,
سآبیک,OperatingMargin12M,,,
بگیلان,OperatingMargin12M,,,
زقیام,OperatingMargin12M,16.49,16.491172308226297,0.0011723082262982132
ذوب,OperatingMargin12M,-16.18,-16.180787820223554,0.0007878202235538367
دبالک,OperatingMargin12M,,,
پکویر,OperatingMargin12M,24.41,24.408475367006922,0.0015246329930782565
زکشت,OperatingMargin12M,24.65,24.648868626351913,0.0011313736480857983
وخارزم,OperatingMargin12M,,,
شاراک,OperatingMargin12M,12.57,12.56574518101953,0.004254818980470532
شپنا,OperatingMargin12M,12.9,12.902185220555706,0.0021852205557060245
وبملت,OperatingMargin12M,,,
نان,OperatingMargin12M,17.72,17.72167709798383,0.0016770979838298672
فزر,OperatingMargin12M,,,
فگستر,OperatingMargin12M,,,
دزهراوی,OperatingMargin12M,,,
کطبس,OperatingMargin12M,43.31,43.31110817025653,0.0011081702565292062
فسپا,OperatingMargin12M,,,
حپارسا,OperatingMargin12M,,,
کپارس,OperatingMargin12M,25.22,25.218806414324057,0.0011935856759421881
آردینه,OperatingMargin12M,48.37,48.365999410116416,0.00400058988358154
زگلدشت,NetProfitMargin12M,18.84,18.842635443302814,0.002635443302814622
پسهند,NetProfitMargin12M,,,
کربن,NetProfitMargin12M,,,
دسینا,NetProfitMargin12M,46.09,46.09356848358359,0.0035684835835851914
شپاکسا,NetProfitMargin12M,,,
سرود,NetProfitMargin12M,,,
چدن,NetProfitMargin12M,43.4,43.39713292387248,0.0028670761275151335
داسوه,NetProfitMargin12M,,,
پخش,NetProfitMargin12M,,,
بهپاک,NetProfitMargin12M,20.23,20.22810119345023,0.0018988065497715922
سصوفی,NetProfitMargin12M,62.31,62.31320534383231,0.0032053438323060846
زاگرس,NetProfitMargin12M,41.21,41.2146188756752,0.004618875675198808
درهآور,NetProfitMargin12M,,,
حسیر,NetProfitMargin12M,,,
رانیز,NetProfitMargin12M,37.2,37.19684782786912,0.003152172130882036
اسیاتک,NetProfitMargin12M,28.63,28.630481614172314,0.00048161417231540327
سنیر,NetProfitMargin12M,,,
یاقوت,NetProfitMargin12M,,,
کیمیا,NetProfitMargin12M,29.97,29.965842758586366,0.0041572414136332725
ثبهساز,NetProfitMargin12M,,,
فولای,NetProfitMargin12M,,,
قزوین,NetProfitMargin12M,,,
سکرما,NetProfitMargin12M,,,
مادیرا,NetProfitMargin12M,12.27,12.272171333121328,0.002171333121328445
ساروم,NetProfitMargin12M,73.68,73.67791517510605,0.0020848248939557834
حسینا,NetProfitMargin12M,,,
کخاک,NetProfitMargin12M,44.74,44.74276191866346,0.0027619186634595394
غفارس,NetProfitMargin12M,4.83,4.828780836309116,0.0012191636908838177
ثالوند,NetProfitMargin12M,,,
شاملا,NetProfitMargin12M,,,
غبهنوش,NetProfitMargin12M,,,
خمهر,NetProfitMargin12M,,,
خنصیر,NetProfitMargin12M,,,
کچاد,NetProfitMargin12M,,,
کلر,NetProfitMargin12M,54.7,54.69575063715011,0.0042493628498903036
دفرا,NetProfitMargin12M,62.6,62.597239307053044,0.002760692946957022
غپینو,NetProfitMargin12M,39.11,39.10769724839141,0.002302751608588949
نوری,NetProfitMargin12M,14.92,14.915872828258218,0.004127171741782121
تایرا,NetProfitMargin12M,,,
کنور,NetProfitMargin12M,,,
شپدیس,NetProfitMargin12M,49.99,49.987070677158435,0.0029293228415667727
فاراک,NetProfitMargin12M,,,
ثتران,NetProfitMargin12M,,,
شغدیر,NetProfitMargin12M,16.64,16.64221783097949,0.0022178309794895767
بموتو,NetProfitMargin12M,,,
وپست,NetProfitMargin12M,,,
درازک,NetProfitMargin12M,,,
حتوکا,NetProfitMargin12M,,,
غگل,NetProfitMargin12M,,,
غدام,NetProfitMargin12M,,,
شبهرن,NetProfitMargin12M,17.58,17.581039578368472,0.0010395783684735704
کپرور,NetProfitMargin12M,14.2,14.195880645118283,0.0041193548817162196
خودکفا,NetProfitMargin12M,,,
خصدرا,NetProfitMargin12M,,,
پکرمان,NetProfitMargin12M,,,
وسپه,NetProfitMargin12M,,,
تاصیکو,NetProfitMargin12M,65.5,65.50053939349525,0.0005393934952451218
پارسان,NetProfitMargin12M,,,
کفرا,NetProfitMargin12M,,,
شستا,NetProfitMargin12M,32.42,32.42036435862085,0.00036435862084971404
زدشت,NetProfitMargin12M,,,
خزامیا,NetProfitMargin12M,,,
شلیا,NetProfitMargin12M,,,
زشگزا,NetProfitMargin12M,,,
خبهمن,NetProfitMargin12M,95.18,95.17988372195686,0.00011627804315139656
سشرق,NetProfitMargin12M,,,
جم پیلن3,NetProfitMargin12M,32.67,32.67496582361048,0.00496582361047615
فاسمین,NetProfitMargin12M,,,
سدور,NetProfitMargin12M,,,
شکربن,NetProfitMargin12M,,,
مبین,NetProfitMargin12M,,,
شمواد,NetProfitMargin12M,26.13,26.130050994213327,5.09942133284369e-05
کزغال,NetProfitMargin12M,,,
وبصادر,NetProfitMargin12M,,,
کساپا,NetProfitMargin12M,,,
کاسپین,NetProfitMargin12M,45.95,45.9474556504889,0.0025443495111048264
سیمرغ3,NetProfitMargin12M,16.79,16.788173778618336,0.0018262213816626627
حفاری,NetProfitMargin12M,,,
شپلی,NetProfitMargin12M,,,
فخوز,NetProfitMargin12M,,,
چکاپا,NetProfitMargin12M,-11.29,-11.287504899485986,0.0024951005140128046
دلقما,NetProfitMargin12M,36.14,36.139998780192315,1.2198076859704088e-06
سپیدار,NetProfitMargin12M,96.85,96.8542810376549,0.004281037654905617
سهرمز,NetProfitMargin12M,,,
بزاگرس,NetProfitMargin12M,,,
های وب3,NetProfitMargin12M,,,
تکمبا,NetProfitMargin12M,,,
ستران,NetProfitMargin12M,,,
غشان,NetProfitMargin12M,,,
کحافظ,NetProfitMargin12M,24.6,24.604459810008677,0.004459810008675902
ساوه,NetProfitMargin12M,,,
مثقال,NetProfitMargin12M,,,
کلوند,NetProfitMargin12M,,,
پیزد,NetProfitMargin12M,14.65,14.646714811167291,0.0032851888327094514
دجابر,NetProfitMargin12M,30.04,30.043291171626496,0.003291171626496947
زپارس,NetProfitMargin12M,,,
غشهداب,NetProfitMargin12M,,,
بجهرم,NetProfitMargin12M,49.87,49.870335017216966,0.0003350172169689358
خچرخش,NetProfitMargin12M,,,
سمازن,NetProfitMargin12M,,,
غپاک,NetProfitMargin12M,,,
عالیس,NetProfitMargin12M,24.09,24.092595381016597,0.002595381016597287
قاسم,NetProfitMargin12M,4.61,4.607133942280274,0.002866057719725923
برکت,NetProfitMargin12M,,,
دتماد,NetProfitMargin12M,,,
ساربیل,NetProfitMargin12M,,,
غدیس,NetProfitMargin12M,,,
شوینده,NetProfitMargin12M,,,
غاذر,NetProfitMargin12M,49.9,49.90311473216822,0.0031147321682212237
شبندر,NetProfitMargin12M,13.48,13.476047495510413,0.003952504489587838
حفارس,NetProfitMargin12M,10.01,10.007294457126864,0.0027055428731355136
فملی,NetProfitMargin12M,50.06,50.0580076454286,0.0019923545713993462
تاتمس,NetProfitMargin12M,,,
کگل,NetProfitMargin12M,15.39,15.386529110018648,0.0034708899813526983
شیران,NetProfitMargin12M,27.65,27.647538044045145,0.002461955954853323
سرچشمه,NetProfitMargin12M,,,
قشکر,NetProfitMargin12M,,,
زفجر,NetProfitMargin12M,,,
حتاید,NetProfitMargin12M,,,
فسبزوار,NetProfitMargin12M,,,
توریل,NetProfitMargin12M,,,
غویتا,NetProfitMargin12M,28.49,28.493149818465103,0.003149818465104204
خدیزل,NetProfitMargin12M,,,
تپسی,NetProfitMargin12M,-13.35,-13.346787553525724,0.0032124464742757652
کرماشا,NetProfitMargin12M,46.02,46.01774143278592,0.0022585672140849056
فاذر,NetProfitMargin12M,,,
شیراز,NetProfitMargin12M,,,
خمحرکه,NetProfitMargin12M,,,
قرن,NetProfitMargin12M,,,
بمپنا,NetProfitMargin12M,,,
کیمیاتک,NetProfitMargin12M,,,
دروز,NetProfitMargin12M,,,
قصفها,NetProfitMargin12M,,,
رانفور,NetProfitMargin12M,,,
شدوص,NetProfitMargin12M,,,
فولاژ,NetProfitMargin12M,,,
فرآور,NetProfitMargin12M,,,
چخزر,NetProfitMargin12M,,,
سهگمت,NetProfitMargin12M,50.49,50.491832742251894,0.0018327422518922276
فجر,NetProfitMargin12M,,,
فبستم,NetProfitMargin12M,,,
تلیسه,NetProfitMargin12M,28.0,27.99799785167713,0.0020021483228696013
پتایر,NetProfitMargin12M,11.51,11.507297751244547,0.002702248755452885
سخوز,NetProfitMargin12M,,,
غبشهر,NetProfitMargin12M,11.46,11.457017935488297,0.002982064511703797
کصدف,NetProfitMargin12M,,,
تپمپی,NetProfitMargin12M,,,
کبافق,NetProfitMargin12M,,,
دزاگرس,NetProfitMargin12M,,,
خراسان,NetProfitMargin12M,50.59,50.594965774348346,0.004965774348342222
دسبحا,NetProfitMargin12M,,,
شرانل,NetProfitMargin12M,20.95,20.94815043342382,0.0018495665761797397
شگل,NetProfitMargin12M,11.83,11.827164567092515,0.0028354329074851137
کالا,NetProfitMargin12M,100.3,100.30053776806989,0.0005377680698899212
قثابت,NetProfitMargin12M,8.79,8.785688721868874,0.004311278131124752
سفانو,NetProfitMargin12M,,,
سپید,NetProfitMargin12M,,,
کسرا,NetProfitMargin12M,28.81,28.80781993916839,0.002180060831609154
بفجر,NetProfitMargin12M,29.62,29.62366279770482,0.003662797704819809
فولاد,NetProfitMargin12M,26.33,26.33119309502493,0.0011930950249308125
بکهنوج,NetProfitMargin12M,,,
بترانس,NetProfitMargin12M,79.96,79.95909010346601,0.0009098965339831011
دقاضی,NetProfitMargin12M,45.59,45.5856106110502,0.004389388949803674
فخاس,NetProfitMargin12M,,,
وخاور,NetProfitMargin12M,,,
سیستم,NetProfitMargin12M,79.71,79.70938893429812,0.0006110657018751908
بیوتیک,NetProfitMargin12M,,,
بمولد,NetProfitMargin12M,,,
دانا,NetProfitMargin12M,,,
غنوش,NetProfitMargin12M,,,
زهلال,NetProfitMargin12M,,,
شبریز,NetProfitMargin12M,,,
دعبید,NetProfitMargin12M,38.96,38.95562742891822,0.004372571081781018
شسپا,NetProfitMargin12M,41.18,41.17996402550131,3.597449868664171e-05
کاذر,NetProfitMargin12M,,,
فبیرا,NetProfitMargin12M,,,
کاما,NetProfitMargin12M,74.55,74.55315295734603,0.003152957346031826
افق,NetProfitMargin12M,6.01,6.010326346818822,0.00032634681882193206
انرژی,NetProfitMargin12M,86.37,86.36758427643036,0.0024157235696407042
دامین,NetProfitMargin12M,20.18,20.18096456958452,0.000964569584521513
بوعلی,NetProfitMargin12M,14.97,14.971882269409232,0.0018822694092310854
کمنگنز,NetProfitMargin12M,44.66,44.658768458690275,0.0012315413097212513
زمگسا,NetProfitMargin12M,,,
غشوکو,NetProfitMargin12M,,,
شتران,NetProfitMargin12M,18.73,18.72756107507754,0.0024389249224618936
سغرب,NetProfitMargin12M,,,
دکپسول,NetProfitMargin12M,,,
چکارن,NetProfitMargin12M,18.39,18.394999580501718,0.00499958050171756
هجرت,NetProfitMargin12M,,,
غانیزان,NetProfitMargin12M,,,
فسرب,NetProfitMargin12M,-6.07,-6.065195260068265,0.004804739931735469
زفکا,NetProfitMargin12M,27.13,27.133574277101776,0.0035742771017766017
زبینا,NetProfitMargin12M,34.18,34.175096650624404,0.004903349375595667
بنو,NetProfitMargin12M,,,
وتوشه,NetProfitMargin12M,,,
آریا,NetProfitMargin12M,,,
غمینو,NetProfitMargin12M,34.68,34.679218366330936,0.0007816336690638082
حریل,NetProfitMargin12M,,,
فنورد,NetProfitMargin12M,,,
دفارا,NetProfitMargin12M,,,
قلرست,NetProfitMargin12M,,,
کرازی,NetProfitMargin12M,,,
خموتور,NetProfitMargin12M,,,
غگیلا,NetProfitMargin12M,,,
کپشیر,NetProfitMargin12M,43.44,43.44289701125207,0.0028970112520738667
فنوال,NetProfitMargin12M,27.56,27.56415183732988,0.004151837329882113
اروند,NetProfitMargin12M,12.5,12.498033692365127,0.0019663076348734876
دسبحان,NetProfitMargin12M,,,
ارفع,NetProfitMargin12M,21.15,21.15414799535428,0.004147995354280454
غمایه,NetProfitMargin12M,,,
شمس,NetProfitMargin12M,,,
پرداخت,NetProfitMargin12M,,,
شگویا,NetProfitMargin12M,,,
غشاذر,NetProfitMargin12M,,,
شاوان,NetProfitMargin12M,,,
کاوه,NetProfitMargin12M,,,
دالبر,NetProfitMargin12M,,,
حکشتی,NetProfitMargin12M,28.31,28.31132746119681,0.001327461196812152
سقاین,NetProfitMargin12M,84.29,84.294008458087,0.004008458087000122
پارس,NetProfitMargin12M,,,
شپارس,NetProfitMargin12M,,,
سبزوا,NetProfitMargin12M,,,
سباقر,NetProfitMargin12M,76.69,76.686802396429,0.003197603570995966
غمهرا,NetProfitMargin12M,,,
دابور,NetProfitMargin12M,,,
غشصفا,NetProfitMargin12M,,,
کگاز,NetProfitMargin12M,,,
غکورش,NetProfitMargin12M,18.74,18.735429799878755,0.004570200121243317
پاکشو,NetProfitMargin12M,,,
قنیشا,NetProfitMargin12M,,,
پاسا,NetProfitMargin12M,,,
بپیوند,NetProfitMargin12M,,,
غگلستا,NetProfitMargin12M,,,
فایرا,NetProfitMargin12M,23.88,23.880047923336875,4.7923336875754785e-05
سکرد,NetProfitMargin12M,,,
خودرو,NetProfitMargin12M,-2.37,-2.3721714290524045,0.0021714290524044166
سبجنو,NetProfitMargin12M,48.36,48.35512294160976,0.004877058390242439
دتوزیع,NetProfitMargin12M,,,
فباهنر,NetProfitMargin12M,10.85,10.847887906957261,0.0021120930427382945
رمپنا,NetProfitMargin12M,,,
کهمدا,NetProfitMargin12M,53.95,53.94809739971287,0.0019026002871314063
سشمال,NetProfitMargin12M,,,
کماسه,NetProfitMargin12M,23.79,23.79145231820058,0.0014523182005810042
دارو,NetProfitMargin12M,35.42,35.416493053396756,0.0035069466032453533
فپنتا,NetProfitMargin12M,,,
شبصیر,NetProfitMargin12M,35.98,35.976777263824225,0.0032227361757719564
دیران,NetProfitMargin12M,21.15,21.15047889946343,0.0004788994634310484
شکام,NetProfitMargin12M,24.16,24.15504975241303,0.004950247586968715
بشهاب,NetProfitMargin12M,,,
ددانا,NetProfitMargin12M,,,
کروی,NetProfitMargin12M,,,
گشان,NetProfitMargin12M,,,
دپارس,NetProfitMargin12M,,,
سآبیک,NetProfitMargin12M,,,
بگیلان,NetProfitMargin12M,,,
زقیام,NetProfitMargin12M,,,
ذوب,NetProfitMargin12M,1.2,1.20469361316734,0.004693613167340072
دبالک,NetProfitMargin12M,,,
پکویر,NetProfitMargin12M,17.14,17.13557395693605,0.004426043063951113
زکشت,NetProfitMargin12M,31.66,31.662952041555805,0.002952041555804641
وخارزم,NetProfitMargin12M,,,
شاراک,NetProfitMargin12M,10.67,10.67162051303871,0.0016205130387092481
شپنا,NetProfitMargin12M,10.62,10.619177047985035,0.0008229520149640734
وبملت,NetProfitMargin12M,,,
نان,NetProfitMargin12M,,,
فزر,NetProfitMargin12M,,,
فگستر,NetProfitMargin12M,,,
دزهراوی,NetProfitMargin12M,,,
کطبس,NetProfitMargin12M,32.97,32.971717762041244,0.0017177620412454075
فسپا,NetProfitMargin12M,,,
حپارسا,NetProfitMargin12M,,,
کپارس,NetProfitMargin12M,24.95,24.949795736181677,0.00020426381832194807
آردینه,NetProfitMargin12M,44.86,44.859498053086256,0.0005019469137437227
زگلدشت,ROE,48.2,48.196954249266625,0.003045750733377872
پسهند,ROE,,,
کربن,ROE,,,
دسینا,ROE,99.62,99.62222510112571,0.002225101125702622
شپاکسا,ROE,,,
سرود,ROE,,,
چدن,ROE,29.4,29.403884866246454,0.003884866246455232
داسوه,ROE,,,
پخش,ROE,,,
بهپاک,ROE,35.62,35.61526486585495,0.004735134145050779
سصوفی,ROE,224.8,224.80001750055467,1.75005546623197e-05
زاگرس,ROE,65.49,65.4929850379966,0.0029850379966092078
درهآور,ROE,,,
حسیر,ROE,,,
رانیز,ROE,71.35,71.34976354297832,0.00023645702167129912
اسیاتک,ROE,42.83,42.82991330291891,8.669708108755003e-05
سنیر,ROE,,,
یاقوت,ROE,,,
کیمیا,ROE,86.45,86.45469180441403,0.004691804414022727
ثبهساز,ROE,,,
فولای,ROE,,,
قزوین,ROE,,,
سکرما,ROE,,,
مادیرا,ROE,20.81,20.812762964947257,0.002762964947258695
ساروم,ROE,230.85,230.8507672876208,0.0007672876208175694
حسینا,ROE,,,
کخاک,ROE,67.42,67.41779995924665,0.002200040753351118
غفارس,ROE,41.56,41.5619241565674,0.0019241565673979721
ثالوند,ROE,,,
شاملا,ROE,,,
غبهنوش,ROE,,,
خمهر,ROE,,,
خنصیر,ROE,,,
کچاد,ROE,,,
کلر,ROE,50.58,50.580881862694504,0.0008818626945057417
دفرا,ROE,69.24,69.23842328565848,0.0015767143415104101
غپینو,ROE,21.88,21.87843082015492,0.0015691798450774286
نوری,ROE,65.79,65.78556092761266,0.00443907238734198
تایرا,ROE,,,
کنور,ROE,,,
شپدیس,ROE,78.99,78.9866315635936,0.003368436406390174
فاراک,ROE,,,
ثتران,ROE,,,
شغدیر,ROE,79.72,79.72448657598481,0.004486575984813612
بموتو,ROE,,,
وپست,ROE,,,
درازک,ROE,,,
حتوکا,ROE,,,
غگل,ROE,,,
غدام,ROE,,,
شبهرن,ROE,53.62,53.622858300173235,0.0028583001732371827
کپرور,ROE,40.13,40.126619148712926,0.003380851287076325
خودکفا,ROE,,,
خصدرا,ROE,,,
پکرمان,ROE,,,
وسپه,ROE,,,
تاصیکو,ROE,29.91,29.911900069773424,0.0019000697734234961
پارسان,ROE,,,
کفرا,ROE,,,
شستا,ROE,,,
زدشت,ROE,,,
خزامیا,ROE,,,
شلیا,ROE,,,
زشگزا,ROE,,,
خبهمن,ROE,21.4,21.403435595215655,0.003435595215655951
سشرق,ROE,,,
جم پیلن3,ROE,193.12,193.1194529104128,0.0005470895872008441
فاسمین,ROE,,,
سدور,ROE,,,
شکربن,ROE,,,
مبین,ROE,,,
شمواد,ROE,61.87,61.86531935179074,0.004680648209259175
کزغال,ROE,,,
وبصادر,ROE,,,
کساپا,ROE,,,
کاسپین,ROE,104.43,104.43140337140031,0.001403371400300557
سیمرغ3,ROE,28.93,28.93011889510889,0.00011889510889062649
حفاری,ROE,,,
شپلی,ROE,,,
فخوز,ROE,,,
چکاپا,ROE,-42.59,-42.58745010069656,0.002549899303446068
دلقما,ROE,50.07,50.070309568941596,0.0003095689415957281
سپیدار,ROE,56.0,55.995984079646114,0.004015920353886315
سهرمز,ROE,,,
بزاگرس,ROE,,,
های وب3,ROE,,,
تکمبا,ROE,,,
ستران,ROE,,,
غشان,ROE,,,
کحافظ,ROE,22.07,22.066721406528245,0.003278593471755187
ساوه,ROE,,,
مثقال,ROE,,,
کلوند,ROE,,,
پیزد,ROE,50.69,50.6914193177196,0.0014193177196020201
دجابر,ROE,50.2,50.19851367034804,0.001486329651960716
زپارس,ROE,,,
غشهداب,ROE,,,
بجهرم,ROE,21.27,21.273122262173917,0.003122262173917534
خچرخش,ROE,,,
سمازن,ROE,,,
غپاک,ROE,,,
عالیس,ROE,45.88,45.87906830735445,0.0009316926455511521
قاسم,ROE,26.72,26.723793437890492,0.0037934378904935784
برکت,ROE,2.94,2.936787407599756,0.003212592400243963
دتماد,ROE,,,
ساربیل,ROE,,,
غدیس,ROE,,,
شوینده,ROE,,,
غاذر,ROE,64.4,64.40419337070539,0.004193370705380062
شبندر,ROE,60.34,60.33744531495137,0.002554685048636429
حفارس,ROE,12.7,12.702424793234115,0.0024247932341161516
فملی,ROE,53.51,53.51427302442615,0.004273024426154848
تاتمس,ROE,,,
کگل,ROE,20.88,20.881517800288744,0.0015178002887452635
شیران,ROE,45.86,45.86373727239136,0.003737272391362012
سرچشمه,ROE,,,
قشکر,ROE,,,
زفجر,ROE,,,
حتاید,ROE,,,
فسبزوار,ROE,,,
توریل,ROE,,,
غویتا,ROE,46.05,46.045666303845664,0.004333696154333211
خدیزل,ROE,,,
تپسی,ROE,-235.09,-235.09398346758954,0.003983467589534939
کرماشا,ROE,43.97,43.97071777860433,0.0007177786043328638
فاذر,ROE,,,
شیراز,ROE,,,
خمحرکه,ROE,,,
قرن,ROE,,,
بمپنا,ROE,,,
کیمیاتک,ROE,,,
دروز,ROE,,,
قصفها,ROE,,,
رانفور,ROE,,,
شدوص,ROE,,,
فولاژ,ROE,,,
فرآور,ROE,,,
چخزر,ROE,,,
سهگمت,ROE,113.57,113.56720490932469,0.0027950906753062554
فجر,ROE,,,
فبستم,ROE,,,
تلیسه,ROE,25.68,25.67541394608972,0.004586053910280441
پتایر,ROE,14.49,14.489265824565942,0.0007341754340579598
سخوز,ROE,,,
غبشهر,ROE,69.87,69.86597860696085,0.004021393039153054
کصدف,ROE,,,
تپمپی,ROE,,,
کبافق,ROE,,,
دزاگرس,ROE,,,
خراسان,ROE,127.43,127.43073723335021,0.000737233350207589
دسبحا,ROE,,,
شرانل,ROE,83.62,83.62120380153208,0.0012038015320712248
شگل,ROE,39.44,39.444112845365495,0.004112845365497719
کالا,ROE,61.28,61.27849810506775,0.0015018949322538333
قثابت,ROE,14.07,14.072237418735353,0.0022374187353531028
سفانو,ROE,,,
سپید,ROE,,,
کسرا,ROE,15.43,15.426257009057093,0.0037429909429071984
بفجر,ROE,74.79,74.78836569530067,0.001634304699337008
فولاد,ROE,28.46,28.458625884233385,0.0013741157666160575
بکهنوج,ROE,,,
بترانس,ROE,29.15,29.149231511497536,0.0007684885024623611
دقاضی,ROE,60.58,60.581270901991665,0.0012709019916670172
فخاس,ROE,,,
وخاور,ROE,,,
سیستم,ROE,198.11,198.10739359066616,0.002606409333850479
بیوتیک,ROE,,,
بمولد,ROE,,,
دانا,ROE,,,
غنوش,ROE,,,
زهلال,ROE,,,
شبریز,ROE,,,
دعبید,ROE,59.51,59.50773590703997,0.002264092960025721
شسپا,ROE,69.31,69.30731839740618,0.0026816025938245502
کاذر,ROE,,,
فبیرا,ROE,,,
کاما,ROE,43.79,43.7878021221857,0.0021978778142965893
افق,ROE,70.88,70.87561742699356,0.004382573006438406
انرژی,ROE,30.0,30.0036329162927,0.0036329162926982406
دامین,ROE,22.58,22.578105668112563,0.0018943318874349302
بوعلی,ROE,76.9,76.89929828444129,0.0007017155587192292
کمنگنز,ROE,51.22,51.22143864159098,0.0014386415909797279
زمگسا,ROE,,,
غشوکو,ROE,,,
شتران,ROE,52.74,52.73578025534579,0.004219744654214708
سغرب,ROE,,,
دکپسول,ROE,,,
چکارن,ROE,28.3,28.295025622789677,0.004974377210324121
هجرت,ROE,,,
غانیزان,ROE,,,
فسرب,ROE,-5.4,-5.40107288210787,0.0010728821078700435
زفکا,ROE,36.41,36.40887266203093,0.0011273379690663887
زبینا,ROE,39.92,39.91628158453144,0.0037184154685618864
بنو,ROE,,,
وتوشه,ROE,,,
آریا,ROE,,,
غمینو,ROE,47.75,47.754420796622014,0.0044207966220142225
حریل,ROE,,,
فنورد,ROE,,,
دفارا,ROE,,,
قلرست,ROE,,,
کرازی,ROE,,,
خموتور,ROE,,,
غگیلا,ROE,,,
کپشیر,ROE,51.99,51.987185492217655,0.002814507782346709
فنوال,ROE,54.81,54.81311102435056,0.0031110243505594326
اروند,ROE,35.56,35.55645020323984,0.0035497967601614278
دسبحان,ROE,,,
ارفع,ROE,101.14,101.13934121763093,0.0006587823690722416
غمایه,ROE,,,
شمس,ROE,,,
پرداخت,ROE,,,
شگویا,ROE,,,
غشاذر,ROE,,,
شاوان,ROE,,,
کاوه,ROE,,,
دالبر,ROE,,,
حکشتی,ROE,,,
سقاین,ROE,135.82,135.8220936900102,0.0020936900102128675
پارس,ROE,,,
شپارس,ROE,,,
سبزوا,ROE,,,
سباقر,ROE,83.56,83.56470106470107,0.004701064701066571
غمهرا,ROE,,,
دابور,ROE,,,
غشصفا,ROE,,,
کگاز,ROE,,,
غکورش,ROE,70.45,70.45184862810603,0.0018486281060319243
پاکشو,ROE,,,
قنیشا,ROE,,,
پاسا,ROE,,,
بپیوند,ROE,,,
غگلستا,ROE,,,
فایرا,ROE,59.47,59.47086290758825,0.000862907588249584
سکرد,ROE,,,
خودرو,ROE,-11.13,-11.128936310150571,0.0010636898494293945
سبجنو,ROE,212.6,212.59846171740787,0.0015382825921221865
دتوزیع,ROE,,,
فباهنر,ROE,42.94,42.93965203010103,0.00034796989896790365
رمپنا,ROE,,,
کهمدا,ROE,,,
سشمال,ROE,,,
کماسه,ROE,22.21,22.214510908579513,0.004510908579511863
دارو,ROE,48.91,48.912177063516474,0.0021770635164770624
فپنتا,ROE,,,
شبصیر,ROE,67.76,67.76293327256025,0.002933272560241562
دیران,ROE,57.42,57.42453703088542,0.004537030885416016
شکام,ROE,50.64,50.63539681364839,0.0046031863516091676
بشهاب,ROE,,,
ددانا,ROE,,,
کروی,ROE,,,
گشان,ROE,,,
دپارس,ROE,,,
سآبیک,ROE,,,
بگیلان,ROE,,,
زقیام,ROE,,,
ذوب,ROE,1.3,1.3029419702864788,0.002941970286478801
دبالک,ROE,,,
پکویر,ROE,53.38,53.38028491248538,0.00028491248537676483
زکشت,ROE,62.37,62.37038826523238,0.0003882652323810021
وخارزم,ROE,,,
شاراک,ROE,75.27,75.27223827729497,0.0022382772949782748
شپنا,ROE,57.04,57.037989017261395,0.0020109827386036727
وبملت,ROE,,,
نان,ROE,,,
فزر,ROE,,,
فگستر,ROE,,,
دزهراوی,ROE,,,
کطبس,ROE,45.09,45.09307253297417,0.0030725329741656537
فسپا,ROE,,,
حپارسا,ROE,,,
کپارس,ROE,37.17,37.17135888527922,0.0013588852792167927
آردینه,ROE,69.69,69.69179885835945,0.0017988583594501506
