[GIN-debug] [WARNING] Creating an Engine instance with the Logger and Recovery middleware already attached.

[GIN-debug] [WARNING] Running in "debug" mode. Switch to "release" mode in production.
 - using env:	export GIN_MODE=release
 - using code:	gin.SetMode(gin.ReleaseMode)

[GIN-debug] GET    /api/health/shadow        --> go-app/handlers.GetShadowHealth (4 handlers)
[GIN-debug] POST   /api/register/send-code   --> go-app/handlers.SendVerificationCode (4 handlers)
[GIN-debug] POST   /api/register             --> go-app/handlers.Register (4 handlers)
[GIN-debug] POST   /api/login                --> go-app/handlers.Login (4 handlers)
[GIN-debug] GET    /api/AllCompanyScores     --> go-app/handlers.GetCompanyScores (5 handlers)
[GIN-debug] GET    /api/SalesData            --> go-app/handlers.GetSalesData (5 handlers)
[GIN-debug] GET    /api/CompanyNames         --> go-app/handlers.GetCompanyNames (5 handlers)
[GIN-debug] POST   /api/GetUrl               --> go-app/handlers.GetURL (5 handlers)
[GIN-debug] GET    /api/SalesData2           --> go-app/handlers.GetSalesData2 (5 handlers)
[GIN-debug] POST   /api/GetUrl2              --> go-app/handlers.GetURL2 (5 handlers)
[GIN-debug] GET    /api/CompanyScores        --> go-app/handlers.GetCompanyScores2 (5 handlers)
[GIN-debug] GET    /api/StockPriceScore      --> go-app/handlers.StockPriceScore (5 handlers)
[GIN-debug] POST   /api/run-script           --> go-app/handlers.RunScript (5 handlers)
[GIN-debug] POST   /api/run-script2          --> go-app/handlers.RunScript2 (5 handlers)
[GIN-debug] POST   /api/fetchAllData         --> go-app/handlers.BulkFetch (5 handlers)
[GIN-debug] GET    /api/FetchFullPE          --> go-app/handlers.RunScriptPE (5 handlers)
[GIN-debug] POST   /api/users/get-items      --> go-app/handlers.AddViewedItem (5 handlers)
[GIN-debug] GET    /api/price-history        --> go-app/handlers.GetPriceHistory (5 handlers)
[GIN-debug] GET    /api/export/scores        --> go-app/handlers.ExportScoresCSV (5 handlers)
[GIN-debug] POST   /api/brs/collect          --> go-app/handlers.RunBrsCollector (5 handlers)
[GIN-debug] POST   /api/sync-codal           --> go-app/handlers.RunSyncCodal (5 handlers)
[GIN-debug] GET    /api/summary              --> go-app/handlers.GetAIStockSummary (5 handlers)
[GIN-debug] GET    /api/detail               --> go-app/handlers.GetAIStockDetail (5 handlers)
[GIN-debug] POST   /api/analyze              --> go-app/handlers.AnalyzeTopStocksWithAI (5 handlers)
[GIN-debug] GET    /api/portfolio            --> go-app/handlers.GetPortfolio (5 handlers)
[GIN-debug] POST   /api/portfolio            --> go-app/handlers.UpsertHolding (5 handlers)
[GIN-debug] DELETE /api/portfolio/:company_id --> go-app/handlers.DeleteHolding (5 handlers)
[GIN-debug] GET    /api/family/assets        --> go-app/handlers.GetFamilyAssets (5 handlers)
[GIN-debug] POST   /api/family/assets        --> go-app/handlers.CreateFamilyAsset (5 handlers)
[GIN-debug] POST   /api/family/people        --> go-app/handlers.CreateFamilyPerson (5 handlers)
[GIN-debug] POST   /api/family/prices        --> go-app/handlers.SaveFamilyPrices (5 handlers)
[GIN-debug] POST   /api/family/sync-prices   --> go-app/handlers.SyncFamilyPrices (5 handlers)
[GIN-debug] PUT    /api/family/holdings      --> go-app/handlers.UpsertFamilyHolding (5 handlers)
[GIN-debug] DELETE /api/family/holdings      --> go-app/handlers.DeleteFamilyHolding (5 handlers)
[GIN-debug] PUT    /api/family/account       --> go-app/handlers.UpdateFamilyAccount (5 handlers)
[GIN-debug] GET    /api/family/cashflows     --> go-app/handlers.GetFamilyCashFlows (5 handlers)
[GIN-debug] POST   /api/family/cashflows     --> go-app/handlers.AddFamilyCashFlow (5 handlers)
[GIN-debug] DELETE /api/family/cashflows/:id --> go-app/handlers.DeleteFamilyCashFlow (5 handlers)
[GIN-debug] GET    /api/family/history       --> go-app/handlers.GetFamilyHistory (5 handlers)
[GIN-debug] GET    /api/family/broker        --> go-app/handlers.GetFamilyBrokerAccounts (5 handlers)
[GIN-debug] PUT    /api/family/broker        --> go-app/handlers.UpsertFamilyBrokerAccount (5 handlers)
[GIN-debug] DELETE /api/family/broker        --> go-app/handlers.DeleteFamilyBrokerAccount (5 handlers)
[GIN-debug] POST   /api/family/sync-broker   --> go-app/handlers.StartFamilyBrokerSync (5 handlers)
[GIN-debug] GET    /api/family/sync-broker/status --> go-app/handlers.GetFamilyBrokerJob (5 handlers)
[GIN-debug] [WARNING] You trusted all proxies, this is NOT safe. We recommend you to set a value.
Please check https://pkg.go.dev/github.com/gin-gonic/gin#readme-don-t-trust-all-proxies for details.
[GIN-debug] Listening and serving HTTP on :5000
[GIN] 2026/09/28 - 10:03:12 | 200 |    377.5647ms |             ::1 | GET      "/api/SalesData?companyName=%D8%A7%D9%86%D8%B1%DA%98%DB%8C"
[GIN] 2026/09/28 - 10:03:12 | 200 |      7.9619ms |             ::1 | GET      "/api/SalesData?companyName=%D8%A8%D9%81%D8%AC%D8%B1"
[GIN] 2026/09/28 - 10:03:12 | 200 |      7.1278ms |             ::1 | GET      "/api/SalesData?companyName=%D8%A8%D8%B1%DA%A9%D8%AA"
[GIN] 2026/09/28 - 10:03:12 | 200 |      7.6615ms |             ::1 | GET      "/api/SalesData?companyName=%D9%81%DA%AF%D8%B3%D8%AA%D8%B1"
[GIN] 2026/09/28 - 10:03:12 | 200 |      8.3325ms |             ::1 | GET      "/api/SalesData?companyName=%D8%A8%D8%AA%D8%B1%D8%A7%D9%86%D8%B3"
[GIN] 2026/09/28 - 10:03:32 | 200 |      8.9187ms |             ::1 | GET      "/api/SalesData?companyName=%D8%A8%D8%B1%DA%A9%D8%AA"
[GIN] 2026/09/28 - 10:03:32 | 200 |      2.8078ms |             ::1 | GET      "/api/SalesData?companyName=%D8%A8%D8%AA%D8%B1%D8%A7%D9%86%D8%B3"
[GIN] 2026/09/28 - 10:04:43 | 200 |      4.7439ms |             ::1 | GET      "/api/SalesData?companyName=%D8%A7%D9%86%D8%B1%DA%98%DB%8C"
[GIN] 2026/09/28 - 10:04:43 | 200 |      3.1806ms |             ::1 | GET      "/api/SalesData?companyName=%D8%A8%D9%81%D8%AC%D8%B1"
[GIN] 2026/09/28 - 10:04:43 | 200 |      3.0997ms |             ::1 | GET      "/api/SalesData?companyName=%D8%A8%D8%B1%DA%A9%D8%AA"
[GIN] 2026/09/28 - 10:04:43 | 200 |      2.6289ms |             ::1 | GET      "/api/SalesData?companyName=%D9%81%DA%AF%D8%B3%D8%AA%D8%B1"
[GIN] 2026/09/28 - 10:04:43 | 200 |      4.1875ms |             ::1 | GET      "/api/SalesData?companyName=%D8%A8%D8%AA%D8%B1%D8%A7%D9%86%D8%B3"
[GIN] 2026/09/28 - 10:04:43 | 200 |      3.5092ms |             ::1 | GET      "/api/SalesData?companyName=%D8%A8%D8%B2%D8%A7%DA%AF%D8%B1%D8%B3"
[GIN] 2026/09/28 - 10:04:43 | 200 |      3.1551ms |             ::1 | GET      "/api/SalesData?companyName=%D8%B4%D9%BE%D9%86%D8%A7"
[GIN] 2026/09/28 - 10:04:43 | 200 |      4.3627ms |             ::1 | GET      "/api/SalesData?companyName=%D8%A8%D9%BE%DB%8C%D9%88%D9%86%D8%AF"
[GIN] 2026/09/28 - 10:04:43 | 200 |      3.9818ms |             ::1 | GET      "/api/SalesData?companyName=%DA%A9%D8%A7%D8%B3%D9%BE%DB%8C%D9%86"
[GIN] 2026/09/28 - 10:04:43 | 200 |      3.4329ms |             ::1 | GET      "/api/SalesData?companyName=%D9%81%D9%88%D9%84%D8%A7%D8%AF"
[GIN] 2026/09/28 - 10:04:43 | 200 |      5.6917ms |             ::1 | GET      "/api/SalesData?companyName=%D8%AE%D9%88%D8%AF%D8%B1%D9%88"
[GIN] 2026/09/28 - 10:04:43 | 200 |      3.7138ms |             ::1 | GET      "/api/SalesData?companyName=%D9%81%D9%85%D9%84%DB%8C"
[GIN] 2026/09/28 - 10:04:43 | 200 |      3.0845ms |             ::1 | GET      "/api/SalesData?companyName=%D8%B4%D8%A8%D9%86%D8%AF%D8%B1"
[GIN] 2026/09/28 - 12:06:35 | 204 |            0s |             ::1 | OPTIONS  "/api/summary?limit=1000"
[GIN] 2026/09/28 - 12:06:35 | 204 |            0s |             ::1 | OPTIONS  "/api/CompanyNames"
[GIN] 2026/09/28 - 12:06:35 | 204 |            0s |             ::1 | OPTIONS  "/api/CompanyNames"
[GIN] 2026/09/28 - 12:06:35 | 204 |            0s |             ::1 | OPTIONS  "/api/summary?limit=1000"
[GIN] 2026/09/28 - 12:06:36 | 200 |    397.8801ms |             ::1 | GET      "/api/CompanyNames"
[GIN] 2026/09/28 - 12:06:36 | 200 |    456.5386ms |             ::1 | GET      "/api/summary?limit=1000"
[GIN] 2026/09/28 - 12:06:36 | 204 |            0s |             ::1 | OPTIONS  "/api/SalesData?companyName=%D8%A2%D8%B1%D8%AF%DB%8C%D9%86%D9%87"
[GIN] 2026/09/28 - 12:06:36 | 200 |      7.3411ms |             ::1 | GET      "/api/CompanyNames"
[GIN] 2026/09/28 - 12:06:36 | 204 |            0s |             ::1 | OPTIONS  "/api/SalesData2?companyName=%D8%A2%D8%B1%D8%AF%DB%8C%D9%86%D9%87"
[GIN] 2026/09/28 - 12:06:36 | 204 |            0s |             ::1 | OPTIONS  "/api/StockPriceScore?companyName=%D8%A2%D8%B1%D8%AF%DB%8C%D9%86%D9%87"
[GIN] 2026/09/28 - 12:06:36 | 204 |            0s |             ::1 | OPTIONS  "/api/AllCompanyScores"
[GIN] 2026/09/28 - 12:06:36 | 204 |            0s |             ::1 | OPTIONS  "/api/CompanyScores?companyName=%D8%A2%D8%B1%D8%AF%DB%8C%D9%86%D9%87"
[GIN] 2026/09/28 - 12:06:36 | 200 |            0s |             ::1 | GET      "/api/StockPriceScore?companyName=%D8%A2%D8%B1%D8%AF%DB%8C%D9%86%D9%87"
[GIN] 2026/09/28 - 12:06:36 | 200 |     15.4793ms |             ::1 | GET      "/api/SalesData2?companyName=%D8%A2%D8%B1%D8%AF%DB%8C%D9%86%D9%87"
[GIN] 2026/09/28 - 12:06:36 | 200 |     70.7343ms |             ::1 | GET      "/api/summary?limit=1000"
[GIN] 2026/09/28 - 12:06:36 | 200 |       5.677ms |             ::1 | GET      "/api/CompanyNames"
[GIN] 2026/09/28 - 12:06:37 | 200 |    498.4273ms |             ::1 | GET      "/api/CompanyScores?companyName=%D8%A2%D8%B1%D8%AF%DB%8C%D9%86%D9%87"
[GIN] 2026/09/28 - 12:06:37 | 200 |    550.4048ms |             ::1 | GET      "/api/SalesData?companyName=%D8%A2%D8%B1%D8%AF%DB%8C%D9%86%D9%87"
[GIN] 2026/09/28 - 12:06:37 | 200 |    790.1733ms |             ::1 | GET      "/api/AllCompanyScores"
[GIN] 2026/09/28 - 12:06:37 | 204 |            0s |             ::1 | OPTIONS  "/api/price-history?companyName=%D8%A2%D8%B1%D8%AF%DB%8C%D9%86%D9%87&limit=180"
[GIN] 2026/09/28 - 12:06:37 | 204 |            0s |             ::1 | OPTIONS  "/api/price-history?companyName=%D8%A2%D8%B1%D8%AF%DB%8C%D9%86%D9%87&limit=180"
[GIN] 2026/09/28 - 12:06:37 | 200 |      3.8217ms |             ::1 | GET      "/api/price-history?companyName=%D8%A2%D8%B1%D8%AF%DB%8C%D9%86%D9%87&limit=180"
[GIN] 2026/09/28 - 12:06:37 | 200 |      3.8587ms |             ::1 | GET      "/api/price-history?companyName=%D8%A2%D8%B1%D8%AF%DB%8C%D9%86%D9%87&limit=180"
[GIN] 2026/09/28 - 12:06:39 | 204 |            0s |             ::1 | OPTIONS  "/api/brs/collect"
🔍 BRS raw=false symbol=""
[GIN] 2026/09/28 - 12:06:41 | 204 |            0s |             ::1 | OPTIONS  "/api/family/cashflows?limit=200"
[GIN] 2026/09/28 - 12:06:41 | 204 |            0s |             ::1 | OPTIONS  "/api/family/history"
[GIN] 2026/09/28 - 12:06:41 | 204 |            0s |             ::1 | OPTIONS  "/api/family/assets"
[GIN] 2026/09/28 - 12:06:41 | 204 |            0s |             ::1 | OPTIONS  "/api/family/broker"
[GIN] 2026/09/28 - 12:06:41 | 204 |            0s |             ::1 | OPTIONS  "/api/family/assets"
[GIN] 2026/09/28 - 12:06:41 | 204 |            0s |             ::1 | OPTIONS  "/api/family/history"
[GIN] 2026/09/28 - 12:06:41 | 204 |            0s |             ::1 | OPTIONS  "/api/family/broker"
[GIN] 2026/09/28 - 12:06:41 | 204 |            0s |             ::1 | OPTIONS  "/api/family/cashflows?limit=200"
[GIN] 2026/09/28 - 12:06:41 | 200 |      3.5756ms |             ::1 | GET      "/api/CompanyNames"
[GIN] 2026/09/28 - 12:06:42 | 200 |    418.2427ms |             ::1 | GET      "/api/family/history"
[GIN] 2026/09/28 - 12:06:42 | 200 |     55.9714ms |             ::1 | GET      "/api/family/history"
[GIN] 2026/09/28 - 12:06:43 | 200 |    1.0338527s |             ::1 | GET      "/api/family/broker"
[GIN] 2026/09/28 - 12:06:43 | 200 |      4.6724ms |             ::1 | GET      "/api/family/broker"
[GIN] 2026/09/28 - 12:06:43 | 200 |    1.2431467s |             ::1 | GET      "/api/family/cashflows?limit=200"
[GIN] 2026/09/28 - 12:06:43 | 200 |       4.207ms |             ::1 | GET      "/api/family/cashflows?limit=200"
[GIN] 2026/09/28 - 12:06:43 | 200 |    1.3533272s |             ::1 | GET      "/api/family/assets"
[GIN] 2026/09/28 - 12:06:43 | 200 |     15.9991ms |             ::1 | GET      "/api/family/assets"
[GIN] 2026/09/28 - 12:10:28 | 200 |         3m48s |             ::1 | POST     "/api/brs/collect"
[GIN] 2026/09/28 - 12:14:20 | 200 |      3.2258ms |             ::1 | GET      "/api/family/cashflows?limit=200"
[GIN] 2026/09/28 - 12:14:20 | 200 |      3.2987ms |             ::1 | GET      "/api/family/broker"
[GIN] 2026/09/28 - 12:14:20 | 200 |     48.8591ms |             ::1 | GET      "/api/family/history"
[GIN] 2026/09/28 - 12:14:21 | 200 |      6.6529ms |             ::1 | GET      "/api/family/cashflows?limit=200"
[GIN] 2026/09/28 - 12:14:21 | 200 |       7.009ms |             ::1 | GET      "/api/family/broker"
[GIN] 2026/09/28 - 12:14:21 | 200 |     54.5209ms |             ::1 | GET      "/api/family/history"
[GIN] 2026/09/28 - 12:14:21 | 200 |    649.1102ms |             ::1 | GET      "/api/summary?limit=1000"
[GIN] 2026/09/28 - 12:14:21 | 200 |    668.2613ms |             ::1 | GET      "/api/CompanyNames"
[GIN] 2026/09/28 - 12:14:21 | 200 |      6.8439ms |             ::1 | GET      "/api/CompanyNames"
[GIN] 2026/09/28 - 12:14:21 | 200 |     18.4603ms |             ::1 | GET      "/api/SalesData2?companyName=%D8%A2%D8%B1%D8%AF%DB%8C%D9%86%D9%87"
[GIN] 2026/09/28 - 12:14:21 | 200 |    760.6916ms |             ::1 | GET      "/api/family/assets"
[GIN] 2026/09/28 - 12:14:21 | 200 |    108.5937ms |             ::1 | GET      "/api/summary?limit=1000"
[GIN] 2026/09/28 - 12:14:21 | 200 |      1.9928ms |             ::1 | GET      "/api/StockPriceScore?companyName=%D8%A2%D8%B1%D8%AF%DB%8C%D9%86%D9%87"
[GIN] 2026/09/28 - 12:14:21 | 200 |      15.761ms |             ::1 | GET      "/api/family/assets"
[GIN] 2026/09/28 - 12:14:22 | 200 |    539.8508ms |             ::1 | GET      "/api/CompanyScores?companyName=%D8%A2%D8%B1%D8%AF%DB%8C%D9%86%D9%87"
[GIN] 2026/09/28 - 12:14:22 | 200 |    726.1808ms |             ::1 | GET      "/api/SalesData?companyName=%D8%A2%D8%B1%D8%AF%DB%8C%D9%86%D9%87"
[GIN] 2026/09/28 - 12:14:22 | 200 |    817.0922ms |             ::1 | GET      "/api/AllCompanyScores"
[GIN] 2026/09/28 - 12:26:38 | 200 |    331.2959ms |             ::1 | GET      "/api/SalesData?companyName=%D9%BE%D8%AA%D8%A7%DB%8C%D8%B1"
[GIN] 2026/09/28 - 12:26:38 | 200 |      5.4334ms |             ::1 | GET      "/api/SalesData?companyName=%D8%B4%D8%AF%D9%88%D8%B5"
[GIN] 2026/09/28 - 12:26:38 | 200 |      5.8591ms |             ::1 | GET      "/api/SalesData?companyName=%D9%81%DA%AF%D8%B3%D8%AA%D8%B1"
[GIN] 2026/09/28 - 12:26:38 | 200 |      7.1496ms |             ::1 | GET      "/api/SalesData?companyName=%D8%B3%D8%A8%D8%A7%D9%82%D8%B1"
[GIN] 2026/09/28 - 12:26:38 | 200 |      6.4711ms |             ::1 | GET      "/api/SalesData?companyName=%D8%B4%DB%8C%D8%B1%D8%A7%D8%B2"
[GIN] 2026/09/28 - 12:26:38 | 200 |      7.2062ms |             ::1 | GET      "/api/SalesData?companyName=%D9%88%D8%AA%D9%88%D8%B4%D9%87"
[GIN] 2026/09/28 - 12:26:38 | 200 |      3.2094ms |             ::1 | GET      "/api/SalesData?companyName=%D8%BA%DA%AF%DB%8C%D9%84%D8%A7"
[GIN] 2026/09/28 - 12:26:38 | 200 |      2.3264ms |             ::1 | GET      "/api/SalesData?companyName=%D9%88%D8%AE%D8%A7%D9%88%D8%B1"
[GIN] 2026/09/28 - 12:26:38 | 200 |      3.1058ms |             ::1 | GET      "/api/SalesData?companyName=%D8%A7%D9%86%D8%B1%DA%98%DB%8C"
[GIN] 2026/09/28 - 12:26:38 | 200 |      3.4192ms |             ::1 | GET      "/api/SalesData?companyName=%D8%A8%D9%81%D8%AC%D8%B1"
[GIN] 2026/09/28 - 12:26:38 | 200 |      2.3726ms |             ::1 | GET      "/api/SalesData?companyName=%D8%A8%D8%B1%DA%A9%D8%AA"
[GIN] 2026/09/28 - 12:26:38 | 200 |      2.5516ms |             ::1 | GET      "/api/SalesData?companyName=%D8%A8%D8%AA%D8%B1%D8%A7%D9%86%D8%B3"
[GIN] 2026/09/28 - 12:26:38 | 200 |      3.0783ms |             ::1 | GET      "/api/SalesData?companyName=%D8%A8%D8%B2%D8%A7%DA%AF%D8%B1%D8%B3"
[GIN] 2026/09/28 - 12:26:38 | 200 |      2.2055ms |             ::1 | GET      "/api/SalesData?companyName=%D8%B4%D9%BE%D9%86%D8%A7"
[GIN] 2026/09/28 - 12:26:38 | 200 |      3.5808ms |             ::1 | GET      "/api/SalesData?companyName=%D8%A8%D9%BE%DB%8C%D9%88%D9%86%D8%AF"
[GIN] 2026/09/28 - 12:26:38 | 200 |      2.6405ms |             ::1 | GET      "/api/SalesData?companyName=%DA%A9%D8%A7%D8%B3%D9%BE%DB%8C%D9%86"
[GIN] 2026/09/28 - 12:26:38 | 200 |      3.3848ms |             ::1 | GET      "/api/SalesData?companyName=%D9%81%D9%88%D9%84%D8%A7%D8%AF"
[GIN] 2026/09/28 - 12:26:38 | 200 |      3.0634ms |             ::1 | GET      "/api/SalesData?companyName=%D8%AE%D9%88%D8%AF%D8%B1%D9%88"
[GIN] 2026/09/28 - 12:26:38 | 200 |      2.6673ms |             ::1 | GET      "/api/SalesData?companyName=%D9%81%D9%85%D9%84%DB%8C"
[GIN] 2026/09/28 - 12:26:38 | 200 |      2.2271ms |             ::1 | GET      "/api/SalesData?companyName=%D8%B4%D8%A8%D9%86%D8%AF%D8%B1"
[GIN] 2026/09/28 - 12:27:46 | 200 |      3.3952ms |             ::1 | GET      "/api/SalesData?companyName=%D8%BA%DA%AF%DB%8C%D9%84%D8%A7"
[GIN] 2026/09/28 - 12:27:46 | 200 |      2.7227ms |             ::1 | GET      "/api/SalesData?companyName=%D8%B3%D8%A8%D8%A7%D9%82%D8%B1"
[GIN] 2026/09/28 - 12:29:00 | 200 |      3.7275ms |             ::1 | GET      "/api/SalesData?companyName=%D9%BE%D8%AA%D8%A7%DB%8C%D8%B1"
[GIN] 2026/09/28 - 12:29:00 | 200 |      2.5644ms |             ::1 | GET      "/api/SalesData?companyName=%D8%B4%D8%AF%D9%88%D8%B5"
[GIN] 2026/09/28 - 12:29:00 | 200 |      4.1503ms |             ::1 | GET      "/api/SalesData?companyName=%D9%81%DA%AF%D8%B3%D8%AA%D8%B1"
[GIN] 2026/09/28 - 12:29:00 | 200 |      3.8929ms |             ::1 | GET      "/api/SalesData?companyName=%D8%B3%D8%A8%D8%A7%D9%82%D8%B1"
[GIN] 2026/09/28 - 12:29:00 | 200 |       5.131ms |             ::1 | GET      "/api/SalesData?companyName=%D8%B4%DB%8C%D8%B1%D8%A7%D8%B2"
[GIN] 2026/09/28 - 12:29:00 | 200 |      2.8172ms |             ::1 | GET      "/api/SalesData?companyName=%D9%88%D8%AA%D9%88%D8%B4%D9%87"
[GIN] 2026/09/28 - 12:29:00 | 200 |      4.2176ms |             ::1 | GET      "/api/SalesData?companyName=%D8%BA%DA%AF%DB%8C%D9%84%D8%A7"
[GIN] 2026/09/28 - 12:29:00 | 200 |      4.5549ms |             ::1 | GET      "/api/SalesData?companyName=%D9%88%D8%AE%D8%A7%D9%88%D8%B1"
[GIN] 2026/09/28 - 12:29:00 | 200 |      2.8188ms |             ::1 | GET      "/api/SalesData?companyName=%D8%A7%D9%86%D8%B1%DA%98%DB%8C"
[GIN] 2026/09/28 - 12:29:00 | 200 |      3.3004ms |             ::1 | GET      "/api/SalesData?companyName=%D8%A8%D9%81%D8%AC%D8%B1"
[GIN] 2026/09/28 - 12:29:00 | 200 |      3.1214ms |             ::1 | GET      "/api/SalesData?companyName=%D8%A8%D8%B1%DA%A9%D8%AA"
[GIN] 2026/09/28 - 12:29:00 | 200 |      5.4479ms |             ::1 | GET      "/api/SalesData?companyName=%D8%A8%D8%AA%D8%B1%D8%A7%D9%86%D8%B3"
[GIN] 2026/09/28 - 12:29:00 | 200 |      5.9004ms |             ::1 | GET      "/api/SalesData?companyName=%D8%A8%D8%B2%D8%A7%DA%AF%D8%B1%D8%B3"
[GIN] 2026/09/28 - 12:29:00 | 200 |      4.4579ms |             ::1 | GET      "/api/SalesData?companyName=%D8%B4%D9%BE%D9%86%D8%A7"
[GIN] 2026/09/28 - 12:29:00 | 200 |      4.3009ms |             ::1 | GET      "/api/SalesData?companyName=%D8%A8%D9%BE%DB%8C%D9%88%D9%86%D8%AF"
[GIN] 2026/09/28 - 12:29:00 | 200 |      8.1177ms |             ::1 | GET      "/api/SalesData?companyName=%DA%A9%D8%A7%D8%B3%D9%BE%DB%8C%D9%86"
[GIN] 2026/09/28 - 12:29:00 | 200 |      4.3152ms |             ::1 | GET      "/api/SalesData?companyName=%D9%81%D9%88%D9%84%D8%A7%D8%AF"
[GIN] 2026/09/28 - 12:29:00 | 200 |      4.1597ms |             ::1 | GET      "/api/SalesData?companyName=%D8%AE%D9%88%D8%AF%D8%B1%D9%88"
[GIN] 2026/09/28 - 12:29:00 | 200 |      4.2493ms |             ::1 | GET      "/api/SalesData?companyName=%D9%81%D9%85%D9%84%DB%8C"
[GIN] 2026/09/28 - 12:29:00 | 200 |      2.5527ms |             ::1 | GET      "/api/SalesData?companyName=%D8%B4%D8%A8%D9%86%D8%AF%D8%B1"
[GIN] 2026/09/28 - 13:52:40 | 200 |    511.7545ms |             ::1 | GET      "/api/CompanyNames"
[GIN] 2026/09/28 - 13:52:40 | 200 |      10.001ms |             ::1 | GET      "/api/CompanyNames"
[GIN] 2026/09/28 - 13:52:40 | 200 |            0s |             ::1 | GET      "/api/StockPriceScore?companyName=%D8%A2%D8%B1%D8%AF%DB%8C%D9%86%D9%87"
[GIN] 2026/09/28 - 13:52:40 | 200 |     26.8451ms |             ::1 | GET      "/api/SalesData2?companyName=%D8%A2%D8%B1%D8%AF%DB%8C%D9%86%D9%87"
[GIN] 2026/09/28 - 13:52:40 | 200 |    144.5662ms |             ::1 | GET      "/api/AllCompanyScores"
[GIN] 2026/09/28 - 13:52:40 | 200 |    681.0879ms |             ::1 | GET      "/api/summary?limit=1000"
[GIN] 2026/09/28 - 13:52:40 | 200 |      6.6005ms |             ::1 | GET      "/api/CompanyNames"
[GIN] 2026/09/28 - 13:52:40 | 200 |     71.9002ms |             ::1 | GET      "/api/summary?limit=1000"
[GIN] 2026/09/28 - 13:52:41 | 200 |    645.4304ms |             ::1 | GET      "/api/SalesData?companyName=%D8%A2%D8%B1%D8%AF%DB%8C%D9%86%D9%87"
[GIN] 2026/09/28 - 13:52:41 | 200 |    943.6413ms |             ::1 | GET      "/api/CompanyScores?companyName=%D8%A2%D8%B1%D8%AF%DB%8C%D9%86%D9%87"
[GIN] 2026/09/28 - 13:52:41 | 200 |     10.4734ms |             ::1 | GET      "/api/price-history?companyName=%D8%A2%D8%B1%D8%AF%DB%8C%D9%86%D9%87&limit=180"
[GIN] 2026/09/28 - 13:52:41 | 200 |      2.6639ms |             ::1 | GET      "/api/price-history?companyName=%D8%A2%D8%B1%D8%AF%DB%8C%D9%86%D9%87&limit=180"
🔍 BRS raw=false symbol=""
[GIN] 2026/09/28 - 13:57:55 | 200 |         5m13s |             ::1 | POST     "/api/brs/collect"
[GIN] 2026/09/28 - 14:09:32 | 204 |            0s |             ::1 | OPTIONS  "/api/CompanyNames"
[GIN] 2026/09/28 - 14:09:32 | 204 |            0s |             ::1 | OPTIONS  "/api/summary?limit=1000"
[GIN] 2026/09/28 - 14:09:32 | 204 |            0s |             ::1 | OPTIONS  "/api/summary?limit=1000"
[GIN] 2026/09/28 - 14:09:32 | 204 |            0s |             ::1 | OPTIONS  "/api/CompanyNames"
[GIN] 2026/09/28 - 14:09:32 | 200 |    474.3784ms |             ::1 | GET      "/api/CompanyNames"
[GIN] 2026/09/28 - 14:09:32 | 200 |      5.8979ms |             ::1 | GET      "/api/CompanyNames"
[GIN] 2026/09/28 - 14:09:32 | 204 |            0s |             ::1 | OPTIONS  "/api/price-history?companyName=%D8%A2%D8%B1%D8%AF%DB%8C%D9%86%D9%87&limit=180"
[GIN] 2026/09/28 - 14:09:32 | 204 |            0s |             ::1 | OPTIONS  "/api/SalesData?companyName=%D8%A2%D8%B1%D8%AF%DB%8C%D9%86%D9%87"
[GIN] 2026/09/28 - 14:09:32 | 204 |            0s |             ::1 | OPTIONS  "/api/SalesData2?companyName=%D8%A2%D8%B1%D8%AF%DB%8C%D9%86%D9%87"
[GIN] 2026/09/28 - 14:09:32 | 204 |            0s |             ::1 | OPTIONS  "/api/StockPriceScore?companyName=%D8%A2%D8%B1%D8%AF%DB%8C%D9%86%D9%87"
[GIN] 2026/09/28 - 14:09:32 | 204 |            0s |             ::1 | OPTIONS  "/api/price-history?companyName=%D8%A2%D8%B1%D8%AF%DB%8C%D9%86%D9%87&limit=180"
[GIN] 2026/09/28 - 14:09:32 | 204 |            0s |             ::1 | OPTIONS  "/api/CompanyScores?companyName=%D8%A2%D8%B1%D8%AF%DB%8C%D9%86%D9%87"
[GIN] 2026/09/28 - 14:09:32 | 204 |            0s |             ::1 | OPTIONS  "/api/AllCompanyScores"
[GIN] 2026/09/28 - 14:09:32 | 200 |     11.2725ms |             ::1 | GET      "/api/price-history?companyName=%D8%A2%D8%B1%D8%AF%DB%8C%D9%86%D9%87&limit=180"
[GIN] 2026/09/28 - 14:09:32 | 200 |            0s |             ::1 | GET      "/api/StockPriceScore?companyName=%D8%A2%D8%B1%D8%AF%DB%8C%D9%86%D9%87"
[GIN] 2026/09/28 - 14:09:32 | 200 |     22.7146ms |             ::1 | GET      "/api/SalesData?companyName=%D8%A2%D8%B1%D8%AF%DB%8C%D9%86%D9%87"
[GIN] 2026/09/28 - 14:09:32 | 200 |    661.4654ms |             ::1 | GET      "/api/summary?limit=1000"
[GIN] 2026/09/28 - 14:09:32 | 200 |     32.3174ms |             ::1 | GET      "/api/price-history?companyName=%D8%A2%D8%B1%D8%AF%DB%8C%D9%86%D9%87&limit=180"
[GIN] 2026/09/28 - 14:09:32 | 200 |     79.2411ms |             ::1 | GET      "/api/AllCompanyScores"
[GIN] 2026/09/28 - 14:09:33 | 200 |     71.0142ms |             ::1 | GET      "/api/summary?limit=1000"
[GIN] 2026/09/28 - 14:09:33 | 200 |    434.7027ms |             ::1 | GET      "/api/SalesData2?companyName=%D8%A2%D8%B1%D8%AF%DB%8C%D9%86%D9%87"
[GIN] 2026/09/28 - 14:09:33 | 200 |    895.1812ms |             ::1 | GET      "/api/CompanyScores?companyName=%D8%A2%D8%B1%D8%AF%DB%8C%D9%86%D9%87"
[GIN] 2026/09/28 - 14:09:33 | 200 |      4.7429ms |             ::1 | GET      "/api/price-history?companyName=%D8%A2%D8%B1%D8%AF%DB%8C%D9%86%D9%87&limit=180"
[GIN] 2026/09/28 - 14:09:33 | 200 |       2.478ms |             ::1 | GET      "/api/price-history?companyName=%D8%A2%D8%B1%D8%AF%DB%8C%D9%86%D9%87&limit=180"
[GIN] 2026/09/28 - 14:10:32 | 200 |      3.6801ms |             ::1 | GET      "/api/CompanyNames"
[GIN] 2026/09/28 - 14:10:32 | 200 |     13.7822ms |             ::1 | GET      "/api/CompanyNames"
[GIN] 2026/09/28 - 14:10:32 | 200 |     92.8771ms |             ::1 | GET      "/api/summary?limit=1000"
[GIN] 2026/09/28 - 14:10:32 | 200 |     38.9592ms |             ::1 | GET      "/api/price-history?companyName=%D8%A2%D8%B1%D8%AF%DB%8C%D9%86%D9%87&limit=180"
[GIN] 2026/09/28 - 14:10:32 | 200 |     70.0721ms |             ::1 | GET      "/api/CompanyScores?companyName=%D8%A2%D8%B1%D8%AF%DB%8C%D9%86%D9%87"
[GIN] 2026/09/28 - 14:10:32 | 200 |            0s |             ::1 | GET      "/api/StockPriceScore?companyName=%D8%A2%D8%B1%D8%AF%DB%8C%D9%86%D9%87"
[GIN] 2026/09/28 - 14:10:32 | 200 |      6.3938ms |             ::1 | GET      "/api/price-history?companyName=%D8%A2%D8%B1%D8%AF%DB%8C%D9%86%D9%87&limit=180"
[GIN] 2026/09/28 - 14:10:32 | 200 |     98.5996ms |             ::1 | GET      "/api/AllCompanyScores"
[GIN] 2026/09/28 - 14:10:32 | 200 |    157.1805ms |             ::1 | GET      "/api/summary?limit=1000"
[GIN] 2026/09/28 - 14:10:32 | 200 |    771.7815ms |             ::1 | GET      "/api/SalesData?companyName=%D8%A2%D8%B1%D8%AF%DB%8C%D9%86%D9%87"
[GIN] 2026/09/28 - 14:10:33 | 200 |    979.4387ms |             ::1 | GET      "/api/SalesData2?companyName=%D8%A2%D8%B1%D8%AF%DB%8C%D9%86%D9%87"
[GIN] 2026/09/28 - 14:10:33 | 200 |      2.9678ms |             ::1 | GET      "/api/price-history?companyName=%D8%A2%D8%B1%D8%AF%DB%8C%D9%86%D9%87&limit=180"
[GIN] 2026/09/28 - 14:10:33 | 200 |      3.3559ms |             ::1 | GET      "/api/price-history?companyName=%D8%A2%D8%B1%D8%AF%DB%8C%D9%86%D9%87&limit=180"
[GIN] 2026/09/28 - 14:11:32 | 200 |       6.317ms |             ::1 | GET      "/api/CompanyNames"
[GIN] 2026/09/28 - 14:11:32 | 200 |      6.8339ms |             ::1 | GET      "/api/CompanyNames"
[GIN] 2026/09/28 - 14:11:32 | 200 |     66.2366ms |             ::1 | GET      "/api/summary?limit=1000"
[GIN] 2026/09/28 - 14:11:32 | 200 |     24.0092ms |             ::1 | GET      "/api/SalesData?companyName=%D8%A2%D8%B1%D8%AF%DB%8C%D9%86%D9%87"
[GIN] 2026/09/28 - 14:11:32 | 200 |      86.728ms |             ::1 | GET      "/api/summary?limit=1000"
[GIN] 2026/09/28 - 14:11:32 | 200 |            0s |             ::1 | GET      "/api/StockPriceScore?companyName=%D8%A2%D8%B1%D8%AF%DB%8C%D9%86%D9%87"
[GIN] 2026/09/28 - 14:11:32 | 200 |    156.1181ms |             ::1 | GET      "/api/AllCompanyScores"
[GIN] 2026/09/28 - 14:11:32 | 200 |    569.5601ms |             ::1 | GET      "/api/CompanyScores?companyName=%D8%A2%D8%B1%D8%AF%DB%8C%D9%86%D9%87"
[GIN] 2026/09/28 - 14:11:32 | 200 |    806.5096ms |             ::1 | GET      "/api/price-history?companyName=%D8%A2%D8%B1%D8%AF%DB%8C%D9%86%D9%87&limit=180"
[GIN] 2026/09/28 - 14:11:33 | 200 |      5.0747ms |             ::1 | GET      "/api/price-history?companyName=%D8%A2%D8%B1%D8%AF%DB%8C%D9%86%D9%87&limit=180"
[GIN] 2026/09/28 - 14:11:33 | 200 |    882.7616ms |             ::1 | GET      "/api/SalesData2?companyName=%D8%A2%D8%B1%D8%AF%DB%8C%D9%86%D9%87"
[GIN] 2026/09/28 - 14:11:33 | 200 |      2.8214ms |             ::1 | GET      "/api/price-history?companyName=%D8%A2%D8%B1%D8%AF%DB%8C%D9%86%D9%87&limit=180"
[GIN] 2026/09/28 - 14:11:33 | 200 |      2.8102ms |             ::1 | GET      "/api/price-history?companyName=%D8%A2%D8%B1%D8%AF%DB%8C%D9%86%D9%87&limit=180"
[GIN] 2026/09/28 - 14:12:32 | 200 |      4.1624ms |             ::1 | GET      "/api/CompanyNames"
[GIN] 2026/09/28 - 14:12:32 | 200 |       4.339ms |             ::1 | GET      "/api/CompanyNames"
[GIN] 2026/09/28 - 14:12:32 | 200 |     65.0339ms |             ::1 | GET      "/api/summary?limit=1000"
[GIN] 2026/09/28 - 14:12:32 | 200 |       5.777ms |             ::1 | GET      "/api/SalesData?companyName=%D8%A2%D8%B1%D8%AF%DB%8C%D9%86%D9%87"
[GIN] 2026/09/28 - 14:12:32 | 200 |      8.4646ms |             ::1 | GET      "/api/SalesData2?companyName=%D8%A2%D8%B1%D8%AF%DB%8C%D9%86%D9%87"
[GIN] 2026/09/28 - 14:12:32 | 200 |     63.8147ms |             ::1 | GET      "/api/summary?limit=1000"
[GIN] 2026/09/28 - 14:12:32 | 200 |            0s |             ::1 | GET      "/api/StockPriceScore?companyName=%D8%A2%D8%B1%D8%AF%DB%8C%D9%86%D9%87"
[GIN] 2026/09/28 - 14:12:32 | 200 |     82.4407ms |             ::1 | GET      "/api/AllCompanyScores"
[GIN] 2026/09/28 - 14:12:32 | 200 |    401.5107ms |             ::1 | GET      "/api/price-history?companyName=%D8%A2%D8%B1%D8%AF%DB%8C%D9%86%D9%87&limit=180"
[GIN] 2026/09/28 - 14:12:32 | 200 |      3.8321ms |             ::1 | GET      "/api/price-history?companyName=%D8%A2%D8%B1%D8%AF%DB%8C%D9%86%D9%87&limit=180"
[GIN] 2026/09/28 - 14:12:33 | 200 |    784.2134ms |             ::1 | GET      "/api/CompanyScores?companyName=%D8%A2%D8%B1%D8%AF%DB%8C%D9%86%D9%87"
[GIN] 2026/09/28 - 14:12:33 | 200 |      3.3724ms |             ::1 | GET      "/api/price-history?companyName=%D8%A2%D8%B1%D8%AF%DB%8C%D9%86%D9%87&limit=180"
[GIN] 2026/09/28 - 14:12:33 | 200 |      3.0199ms |             ::1 | GET      "/api/price-history?companyName=%D8%A2%D8%B1%D8%AF%DB%8C%D9%86%D9%87&limit=180"
[GIN] 2026/09/28 - 14:13:32 | 200 |      4.7197ms |             ::1 | GET      "/api/CompanyNames"
[GIN] 2026/09/28 - 14:13:32 | 200 |      6.2077ms |             ::1 | GET      "/api/CompanyNames"
[GIN] 2026/09/28 - 14:13:32 | 200 |     61.4711ms |             ::1 | GET      "/api/summary?limit=1000"
[GIN] 2026/09/28 - 14:13:32 | 200 |      6.3564ms |             ::1 | GET      "/api/price-history?companyName=%D8%A2%D8%B1%D8%AF%DB%8C%D9%86%D9%87&limit=180"
[GIN] 2026/09/28 - 14:13:32 | 200 |     16.0524ms |             ::1 | GET      "/api/CompanyScores?companyName=%D8%A2%D8%B1%D8%AF%DB%8C%D9%86%D9%87"
[GIN] 2026/09/28 - 14:13:32 | 200 |     61.6771ms |             ::1 | GET      "/api/summary?limit=1000"
[GIN] 2026/09/28 - 14:13:32 | 200 |            0s |             ::1 | GET      "/api/StockPriceScore?companyName=%D8%A2%D8%B1%D8%AF%DB%8C%D9%86%D9%87"
[GIN] 2026/09/28 - 14:13:32 | 200 |      9.0227ms |             ::1 | GET      "/api/price-history?companyName=%D8%A2%D8%B1%D8%AF%DB%8C%D9%86%D9%87&limit=180"
[GIN] 2026/09/28 - 14:13:32 | 200 |    112.5255ms |             ::1 | GET      "/api/AllCompanyScores"
[GIN] 2026/09/28 - 14:13:32 | 200 |    482.0663ms |             ::1 | GET      "/api/SalesData2?companyName=%D8%A2%D8%B1%D8%AF%DB%8C%D9%86%D9%87"
[GIN] 2026/09/28 - 14:13:32 | 200 |    545.6627ms |             ::1 | GET      "/api/SalesData?companyName=%D8%A2%D8%B1%D8%AF%DB%8C%D9%86%D9%87"
[GIN] 2026/09/28 - 14:13:32 | 200 |      3.6823ms |             ::1 | GET      "/api/price-history?companyName=%D8%A2%D8%B1%D8%AF%DB%8C%D9%86%D9%87&limit=180"
[GIN] 2026/09/28 - 14:13:32 | 200 |      4.1424ms |             ::1 | GET      "/api/price-history?companyName=%D8%A2%D8%B1%D8%AF%DB%8C%D9%86%D9%87&limit=180"
[GIN] 2026/09/28 - 14:14:32 | 200 |      5.1315ms |             ::1 | GET      "/api/CompanyNames"
[GIN] 2026/09/28 - 14:14:32 | 200 |      4.0972ms |             ::1 | GET      "/api/CompanyNames"
[GIN] 2026/09/28 - 14:14:32 | 200 |     52.7077ms |             ::1 | GET      "/api/summary?limit=1000"
[GIN] 2026/09/28 - 14:14:32 | 200 |     48.9008ms |             ::1 | GET      "/api/summary?limit=1000"
[GIN] 2026/09/28 - 14:14:32 | 200 |      2.8998ms |             ::1 | GET      "/api/price-history?companyName=%D8%A2%D8%B1%D8%AF%DB%8C%D9%86%D9%87&limit=180"
[GIN] 2026/09/28 - 14:14:32 | 200 |      6.3974ms |             ::1 | GET      "/api/SalesData?companyName=%D8%A2%D8%B1%D8%AF%DB%8C%D9%86%D9%87"
[GIN] 2026/09/28 - 14:14:32 | 200 |            0s |             ::1 | GET      "/api/StockPriceScore?companyName=%D8%A2%D8%B1%D8%AF%DB%8C%D9%86%D9%87"
[GIN] 2026/09/28 - 14:14:32 | 200 |     11.8996ms |             ::1 | GET      "/api/price-history?companyName=%D8%A2%D8%B1%D8%AF%DB%8C%D9%86%D9%87&limit=180"
[GIN] 2026/09/28 - 14:14:32 | 200 |     56.4084ms |             ::1 | GET      "/api/AllCompanyScores"
[GIN] 2026/09/28 - 14:14:32 | 200 |    400.6851ms |             ::1 | GET      "/api/SalesData2?companyName=%D8%A2%D8%B1%D8%AF%DB%8C%D9%86%D9%87"
[GIN] 2026/09/28 - 14:14:32 | 200 |    742.6701ms |             ::1 | GET      "/api/CompanyScores?companyName=%D8%A2%D8%B1%D8%AF%DB%8C%D9%86%D9%87"
[GIN] 2026/09/28 - 14:14:32 | 200 |      2.6272ms |             ::1 | GET      "/api/price-history?companyName=%D8%A2%D8%B1%D8%AF%DB%8C%D9%86%D9%87&limit=180"
[GIN] 2026/09/28 - 14:14:32 | 200 |      3.0315ms |             ::1 | GET      "/api/price-history?companyName=%D8%A2%D8%B1%D8%AF%DB%8C%D9%86%D9%87&limit=180"
[GIN] 2026/09/28 - 14:15:32 | 200 |      5.7519ms |             ::1 | GET      "/api/CompanyNames"
[GIN] 2026/09/28 - 14:15:32 | 200 |       4.897ms |             ::1 | GET      "/api/CompanyNames"
[GIN] 2026/09/28 - 14:15:32 | 200 |     56.3669ms |             ::1 | GET      "/api/summary?limit=1000"
[GIN] 2026/09/28 - 14:15:32 | 200 |      6.6505ms |             ::1 | GET      "/api/SalesData2?companyName=%D8%A2%D8%B1%D8%AF%DB%8C%D9%86%D9%87"
[GIN] 2026/09/28 - 14:15:32 | 200 |      9.6065ms |             ::1 | GET      "/api/price-history?companyName=%D8%A2%D8%B1%D8%AF%DB%8C%D9%86%D9%87&limit=180"
[GIN] 2026/09/28 - 14:15:32 | 200 |      50.338ms |             ::1 | GET      "/api/summary?limit=1000"
[GIN] 2026/09/28 - 14:15:32 | 200 |            0s |             ::1 | GET      "/api/StockPriceScore?companyName=%D8%A2%D8%B1%D8%AF%DB%8C%D9%86%D9%87"
[GIN] 2026/09/28 - 14:15:32 | 200 |      7.4586ms |             ::1 | GET      "/api/price-history?companyName=%D8%A2%D8%B1%D8%AF%DB%8C%D9%86%D9%87&limit=180"
[GIN] 2026/09/28 - 14:15:32 | 200 |     72.5899ms |             ::1 | GET      "/api/AllCompanyScores"
[GIN] 2026/09/28 - 14:15:32 | 200 |    435.0831ms |             ::1 | GET      "/api/SalesData?companyName=%D8%A2%D8%B1%D8%AF%DB%8C%D9%86%D9%87"
[GIN] 2026/09/28 - 14:15:32 | 200 |    514.1924ms |             ::1 | GET      "/api/CompanyScores?companyName=%D8%A2%D8%B1%D8%AF%DB%8C%D9%86%D9%87"
[GIN] 2026/09/28 - 14:15:32 | 200 |       3.815ms |             ::1 | GET      "/api/price-history?companyName=%D8%A2%D8%B1%D8%AF%DB%8C%D9%86%D9%87&limit=180"
[GIN] 2026/09/28 - 14:15:32 | 200 |       3.679ms |             ::1 | GET      "/api/price-history?companyName=%D8%A2%D8%B1%D8%AF%DB%8C%D9%86%D9%87&limit=180"
[GIN] 2026/09/28 - 14:16:31 | 200 |      5.7709ms |             ::1 | GET      "/api/CompanyNames"
[GIN] 2026/09/28 - 14:16:31 | 200 |      4.5886ms |             ::1 | GET      "/api/CompanyNames"
[GIN] 2026/09/28 - 14:16:32 | 200 |     60.0134ms |             ::1 | GET      "/api/summary?limit=1000"
[GIN] 2026/09/28 - 14:16:32 | 200 |      3.7129ms |             ::1 | GET      "/api/price-history?companyName=%D8%A2%D8%B1%D8%AF%DB%8C%D9%86%D9%87&limit=180"
[GIN] 2026/09/28 - 14:16:32 | 200 |     59.9714ms |             ::1 | GET      "/api/summary?limit=1000"
[GIN] 2026/09/28 - 14:16:32 | 200 |      9.4811ms |             ::1 | GET      "/api/SalesData?companyName=%D8%A2%D8%B1%D8%AF%DB%8C%D9%86%D9%87"
[GIN] 2026/09/28 - 14:16:32 | 200 |     10.9154ms |             ::1 | GET      "/api/SalesData2?companyName=%D8%A2%D8%B1%D8%AF%DB%8C%D9%86%D9%87"
[GIN] 2026/09/28 - 14:16:32 | 200 |            0s |             ::1 | GET      "/api/StockPriceScore?companyName=%D8%A2%D8%B1%D8%AF%DB%8C%D9%86%D9%87"
[GIN] 2026/09/28 - 14:16:32 | 200 |      2.7785ms |             ::1 | GET      "/api/price-history?companyName=%D8%A2%D8%B1%D8%AF%DB%8C%D9%86%D9%87&limit=180"
[GIN] 2026/09/28 - 14:16:32 | 200 |    598.0147ms |             ::1 | GET      "/api/AllCompanyScores"
[GIN] 2026/09/28 - 14:16:32 | 200 |    766.8375ms |             ::1 | GET      "/api/CompanyScores?companyName=%D8%A2%D8%B1%D8%AF%DB%8C%D9%86%D9%87"
[GIN] 2026/09/28 - 14:16:32 | 200 |      5.6885ms |             ::1 | GET      "/api/price-history?companyName=%D8%A2%D8%B1%D8%AF%DB%8C%D9%86%D9%87&limit=180"
[GIN] 2026/09/28 - 14:16:32 | 200 |      4.6619ms |             ::1 | GET      "/api/price-history?companyName=%D8%A2%D8%B1%D8%AF%DB%8C%D9%86%D9%87&limit=180"
[GIN] 2026/09/28 - 15:13:25 | 200 |    366.8494ms |             ::1 | GET      "/api/SalesData?companyName=%D8%BA%DA%AF%DB%8C%D9%84%D8%A7"
[GIN] 2026/09/28 - 15:13:25 | 200 |      8.1404ms |             ::1 | GET      "/api/SalesData?companyName=%D9%88%D8%AA%D9%88%D8%B4%D9%87"
[GIN] 2026/09/28 - 15:13:25 | 200 |      7.3926ms |             ::1 | GET      "/api/SalesData?companyName=%D8%B4%DB%8C%D8%B1%D8%A7%D8%B2"
[GIN] 2026/09/28 - 15:13:25 | 200 |      9.7291ms |             ::1 | GET      "/api/SalesData?companyName=%D9%81%DA%AF%D8%B3%D8%AA%D8%B1"
[GIN] 2026/09/28 - 15:13:25 | 200 |       7.966ms |             ::1 | GET      "/api/SalesData?companyName=%D8%B4%D8%AF%D9%88%D8%B5"
[GIN] 2026/09/28 - 15:13:25 | 200 |       7.463ms |             ::1 | GET      "/api/SalesData?companyName=%D9%88%D8%AE%D8%A7%D9%88%D8%B1"
[GIN] 2026/09/28 - 15:13:25 | 200 |       3.349ms |             ::1 | GET      "/api/SalesData?companyName=%D9%BE%D8%AA%D8%A7%DB%8C%D8%B1"
[GIN] 2026/09/28 - 15:13:25 | 200 |      4.0313ms |             ::1 | GET      "/api/SalesData?companyName=%D8%B3%D8%A8%D8%A7%D9%82%D8%B1"
[GIN] 2026/09/28 - 15:13:25 | 200 |      4.8233ms |             ::1 | GET      "/api/SalesData?companyName=%D8%B3%DB%8C%D8%B3%D8%AA%D9%85"
[GIN] 2026/09/28 - 15:13:25 | 200 |      3.6399ms |             ::1 | GET      "/api/SalesData?companyName=%D8%BA%D8%B4%D8%A7%D9%86"
[GIN] 2026/09/28 - 15:13:25 | 200 |      3.4405ms |             ::1 | GET      "/api/SalesData?companyName=%D9%82%D8%B2%D9%88%DB%8C%D9%86"
[GIN] 2026/09/28 - 15:13:25 | 200 |      3.7719ms |             ::1 | GET      "/api/SalesData?companyName=%DA%A9%D8%B1%D8%A7%D8%B2%DB%8C"
[GIN] 2026/09/28 - 15:13:25 | 200 |      3.2754ms |             ::1 | GET      "/api/SalesData?companyName=%D8%A8%D9%88%D8%B9%D9%84%DB%8C"
[GIN] 2026/09/28 - 15:13:25 | 200 |      4.0523ms |             ::1 | GET      "/api/SalesData?companyName=%D8%B2%DA%A9%D8%B4%D8%AA"
[GIN] 2026/09/28 - 15:13:25 | 200 |      3.4405ms |             ::1 | GET      "/api/SalesData?companyName=%DA%A9%D8%B7%D8%A8%D8%B3"
[GIN] 2026/09/28 - 15:13:25 | 200 |      4.3618ms |             ::1 | GET      "/api/SalesData?companyName=%DA%A9%D8%B2%D8%BA%D8%A7%D9%84"
[GIN] 2026/09/28 - 15:13:25 | 200 |      3.4864ms |             ::1 | GET      "/api/SalesData?companyName=%DA%A9%D8%B5%D8%AF%D9%81"
[GIN] 2026/09/28 - 15:13:25 | 200 |      3.4381ms |             ::1 | GET      "/api/SalesData?companyName=%D8%A7%D9%86%D8%B1%DA%98%DB%8C"
[GIN] 2026/09/28 - 15:13:25 | 200 |      3.3246ms |             ::1 | GET      "/api/SalesData?companyName=%D8%A8%D9%81%D8%AC%D8%B1"
[GIN] 2026/09/28 - 15:13:25 | 200 |      2.2663ms |             ::1 | GET      "/api/SalesData?companyName=%D8%A8%D8%B1%DA%A9%D8%AA"
[GIN] 2026/09/28 - 15:13:25 | 200 |      2.5813ms |             ::1 | GET      "/api/SalesData?companyName=%D8%A8%D8%AA%D8%B1%D8%A7%D9%86%D8%B3"
[GIN] 2026/09/28 - 15:13:25 | 200 |      3.4411ms |             ::1 | GET      "/api/SalesData?companyName=%D8%A8%D8%B2%D8%A7%DA%AF%D8%B1%D8%B3"
[GIN] 2026/09/28 - 15:13:25 | 200 |      2.0072ms |             ::1 | GET      "/api/SalesData?companyName=%D8%B4%D9%BE%D9%86%D8%A7"
[GIN] 2026/09/28 - 15:13:25 | 200 |      4.3973ms |             ::1 | GET      "/api/SalesData?companyName=%D8%A8%D9%BE%DB%8C%D9%88%D9%86%D8%AF"
[GIN] 2026/09/28 - 15:13:25 | 200 |      3.1168ms |             ::1 | GET      "/api/SalesData?companyName=%DA%A9%D8%A7%D8%B3%D9%BE%DB%8C%D9%86"
[GIN] 2026/09/28 - 15:13:25 | 200 |      3.3774ms |             ::1 | GET      "/api/SalesData?companyName=%D9%81%D9%88%D9%84%D8%A7%D8%AF"
[GIN] 2026/09/28 - 15:13:25 | 200 |      4.6582ms |             ::1 | GET      "/api/SalesData?companyName=%D8%AE%D9%88%D8%AF%D8%B1%D9%88"
[GIN] 2026/09/28 - 15:13:25 | 200 |      2.7131ms |             ::1 | GET      "/api/SalesData?companyName=%D9%81%D9%85%D9%84%DB%8C"
[GIN] 2026/09/28 - 15:13:25 | 200 |      3.5226ms |             ::1 | GET      "/api/SalesData?companyName=%D8%B4%D8%A8%D9%86%D8%AF%D8%B1"
[GIN] 2026/09/28 - 17:48:44 | 204 |            0s |             ::1 | OPTIONS  "/api/summary?limit=1000"
[GIN] 2026/09/28 - 17:48:44 | 204 |            0s |             ::1 | OPTIONS  "/api/CompanyNames"
[GIN] 2026/09/28 - 17:48:44 | 204 |            0s |             ::1 | OPTIONS  "/api/CompanyNames"
[GIN] 2026/09/28 - 17:48:44 | 204 |            0s |             ::1 | OPTIONS  "/api/summary?limit=1000"
[GIN] 2026/09/28 - 17:48:44 | 204 |      1.2457ms |             ::1 | OPTIONS  "/api/CompanyNames"
[GIN] 2026/09/28 - 17:48:45 | 200 |    546.6587ms |             ::1 | GET      "/api/CompanyNames"
[GIN] 2026/09/28 - 17:48:45 | 200 |      4.7395ms |             ::1 | GET      "/api/CompanyNames"
[GIN] 2026/09/28 - 17:48:45 | 200 |      5.7129ms |             ::1 | GET      "/api/CompanyNames"
[GIN] 2026/09/28 - 17:48:45 | 200 |    605.9388ms |             ::1 | GET      "/api/summary?limit=1000"
[GIN] 2026/09/28 - 17:48:45 | 204 |            0s |             ::1 | OPTIONS  "/api/price-history?companyName=%D8%A2%D8%B1%D8%AF%DB%8C%D9%86%D9%87&limit=180"
[GIN] 2026/09/28 - 17:48:45 | 204 |            0s |             ::1 | OPTIONS  "/api/SalesData?companyName=%D8%A2%D8%B1%D8%AF%DB%8C%D9%86%D9%87"
[GIN] 2026/09/28 - 17:48:45 | 204 |            0s |             ::1 | OPTIONS  "/api/SalesData2?companyName=%D8%A2%D8%B1%D8%AF%DB%8C%D9%86%D9%87"
[GIN] 2026/09/28 - 17:48:45 | 204 |            0s |             ::1 | OPTIONS  "/api/CompanyScores?companyName=%D8%A2%D8%B1%D8%AF%DB%8C%D9%86%D9%87"
[GIN] 2026/09/28 - 17:48:45 | 204 |            0s |             ::1 | OPTIONS  "/api/StockPriceScore?companyName=%D8%A2%D8%B1%D8%AF%DB%8C%D9%86%D9%87"
[GIN] 2026/09/28 - 17:48:45 | 204 |            0s |             ::1 | OPTIONS  "/api/AllCompanyScores"
[GIN] 2026/09/28 - 17:48:45 | 204 |            0s |             ::1 | OPTIONS  "/api/price-history?companyName=%D8%A2%D8%B1%D8%AF%DB%8C%D9%86%D9%87&limit=180"
[GIN] 2026/09/28 - 17:48:45 | 200 |     15.9241ms |             ::1 | GET      "/api/price-history?companyName=%D8%A2%D8%B1%D8%AF%DB%8C%D9%86%D9%87&limit=180"
[GIN] 2026/09/28 - 17:48:45 | 200 |       870.2µs |             ::1 | GET      "/api/StockPriceScore?companyName=%D8%A2%D8%B1%D8%AF%DB%8C%D9%86%D9%87"
[GIN] 2026/09/28 - 17:48:45 | 200 |     22.6855ms |             ::1 | GET      "/api/SalesData2?companyName=%D8%A2%D8%B1%D8%AF%DB%8C%D9%86%D9%87"
[GIN] 2026/09/28 - 17:48:45 | 200 |     31.5097ms |             ::1 | GET      "/api/price-history?companyName=%D8%A2%D8%B1%D8%AF%DB%8C%D9%86%D9%87&limit=180"
[GIN] 2026/09/28 - 17:48:45 | 200 |     85.7523ms |             ::1 | GET      "/api/summary?limit=1000"
[GIN] 2026/09/28 - 17:48:45 | 204 |            0s |             ::1 | OPTIONS  "/api/family/history"
[GIN] 2026/09/28 - 17:48:45 | 204 |            0s |             ::1 | OPTIONS  "/api/family/assets"
[GIN] 2026/09/28 - 17:48:45 | 204 |            0s |             ::1 | OPTIONS  "/api/family/cashflows?limit=200"
[GIN] 2026/09/28 - 17:48:45 | 204 |            0s |             ::1 | OPTIONS  "/api/family/broker"
[GIN] 2026/09/28 - 17:48:45 | 204 |            0s |             ::1 | OPTIONS  "/api/family/assets"
[GIN] 2026/09/28 - 17:48:45 | 204 |            0s |             ::1 | OPTIONS  "/api/family/history"
[GIN] 2026/09/28 - 17:48:45 | 200 |    128.5232ms |             ::1 | GET      "/api/AllCompanyScores"
[GIN] 2026/09/28 - 17:48:45 | 204 |            0s |             ::1 | OPTIONS  "/api/family/cashflows?limit=200"
[GIN] 2026/09/28 - 17:48:45 | 204 |            0s |             ::1 | OPTIONS  "/api/family/broker"
[GIN] 2026/09/28 - 17:48:46 | 200 |      4.7389ms |             ::1 | GET      "/api/CompanyNames"
[GIN] 2026/09/28 - 17:48:46 | 200 |    847.7913ms |             ::1 | GET      "/api/SalesData?companyName=%D8%A2%D8%B1%D8%AF%DB%8C%D9%86%D9%87"
[GIN] 2026/09/28 - 17:48:47 | 200 |     1.043092s |             ::1 | GET      "/api/family/history"
[GIN] 2026/09/28 - 17:48:47 | 200 |    116.5264ms |             ::1 | GET      "/api/family/history"
[GIN] 2026/09/28 - 17:48:47 | 200 |    1.2291374s |             ::1 | GET      "/api/family/assets"
[GIN] 2026/09/28 - 17:48:47 | 200 |     22.0682ms |             ::1 | GET      "/api/family/assets"
[GIN] 2026/09/28 - 17:48:47 | 200 |    1.6039406s |             ::1 | GET      "/api/CompanyScores?companyName=%D8%A2%D8%B1%D8%AF%DB%8C%D9%86%D9%87"
[GIN] 2026/09/28 - 17:48:47 | 200 |    1.4816276s |             ::1 | GET      "/api/family/cashflows?limit=200"
[GIN] 2026/09/28 - 17:48:47 | 200 |    1.3682112s |             ::1 | GET      "/api/family/broker"
[GIN] 2026/09/28 - 17:48:47 | 200 |      5.4044ms |             ::1 | GET      "/api/family/cashflows?limit=200"
[GIN] 2026/09/28 - 17:48:47 | 200 |      4.8346ms |             ::1 | GET      "/api/family/broker"
[GIN] 2026/09/28 - 17:49:03 | 204 |            0s |             ::1 | OPTIONS  "/api/brs/collect"
🔍 BRS raw=false symbol=""
[GIN] 2026/09/28 - 17:49:22 | 200 |      5.8659ms |             ::1 | GET      "/api/CompanyNames"
[GIN] 2026/09/28 - 17:49:22 | 200 |     81.1801ms |             ::1 | GET      "/api/summary?limit=1000"
[GIN] 2026/09/28 - 17:49:22 | 200 |    118.0244ms |             ::1 | GET      "/api/summary?limit=1000"
[GIN] 2026/09/28 - 17:49:24 | 200 |     15.9504ms |             ::1 | GET      "/api/CompanyNames"
[GIN] 2026/09/28 - 17:49:24 | 200 |     29.9077ms |             ::1 | GET      "/api/CompanyScores?companyName=%D8%A2%D8%B1%D8%AF%DB%8C%D9%86%D9%87"
[GIN] 2026/09/28 - 17:49:24 | 200 |    130.6891ms |             ::1 | GET      "/api/AllCompanyScores"
[GIN] 2026/09/28 - 17:49:24 | 200 |            0s |             ::1 | GET      "/api/StockPriceScore?companyName=%D8%A2%D8%B1%D8%AF%DB%8C%D9%86%D9%87"
[GIN] 2026/09/28 - 17:49:24 | 200 |     729.833ms |             ::1 | GET      "/api/SalesData2?companyName=%D8%A2%D8%B1%D8%AF%DB%8C%D9%86%D9%87"
[GIN] 2026/09/28 - 17:49:24 | 200 |    836.4545ms |             ::1 | GET      "/api/SalesData?companyName=%D8%A2%D8%B1%D8%AF%DB%8C%D9%86%D9%87"
[GIN] 2026/09/28 - 17:50:39 | 200 |      5.7619ms |             ::1 | GET      "/api/price-history?companyName=%D8%A2%D8%B1%D8%AF%DB%8C%D9%86%D9%87&limit=180"
[GIN] 2026/09/28 - 17:50:39 | 200 |      5.6457ms |             ::1 | GET      "/api/CompanyNames"
[GIN] 2026/09/28 - 17:50:39 | 200 |      4.9674ms |             ::1 | GET      "/api/price-history?companyName=%D8%A2%D8%B1%D8%AF%DB%8C%D9%86%D9%87&limit=180"
[GIN] 2026/09/28 - 17:50:52 | 200 |      5.8452ms |             ::1 | GET      "/api/CompanyNames"
[GIN] 2026/09/28 - 17:51:07 | 200 |      4.6972ms |             ::1 | GET      "/api/CompanyNames"
[GIN] 2026/09/28 - 17:51:37 | 200 |      4.4204ms |             ::1 | GET      "/api/CompanyNames"
[GIN] 2026/09/28 - 17:51:37 | 200 |      7.2132ms |             ::1 | GET      "/api/CompanyNames"
[GIN] 2026/09/28 - 17:51:37 | 200 |            0s |             ::1 | GET      "/api/StockPriceScore?companyName=%D8%A2%D8%B1%D8%AF%DB%8C%D9%86%D9%87"
[GIN] 2026/09/28 - 17:51:37 | 200 |     79.7849ms |             ::1 | GET      "/api/summary?limit=1000"
[GIN] 2026/09/28 - 17:51:37 | 200 |     36.6247ms |             ::1 | GET      "/api/SalesData2?companyName=%D8%A2%D8%B1%D8%AF%DB%8C%D9%86%D9%87"
[GIN] 2026/09/28 - 17:51:37 | 200 |     62.2982ms |             ::1 | GET      "/api/AllCompanyScores"
[GIN] 2026/09/28 - 17:51:37 | 200 |    118.7402ms |             ::1 | GET      "/api/summary?limit=1000"
[GIN] 2026/09/28 - 17:51:38 | 200 |    684.2814ms |             ::1 | GET      "/api/SalesData?companyName=%D8%A2%D8%B1%D8%AF%DB%8C%D9%86%D9%87"
[GIN] 2026/09/28 - 17:51:38 | 200 |    1.2118192s |             ::1 | GET      "/api/CompanyScores?companyName=%D8%A2%D8%B1%D8%AF%DB%8C%D9%86%D9%87"
[GIN] 2026/09/28 - 17:53:00 | 200 |      5.0022ms |             ::1 | GET      "/api/CompanyNames"
[GIN] 2026/09/28 - 17:53:00 | 200 |     12.0045ms |             ::1 | GET      "/api/price-history?companyName=%D8%A2%D8%B1%D8%AF%DB%8C%D9%86%D9%87&limit=180"
[GIN] 2026/09/28 - 17:53:00 | 200 |      4.4063ms |             ::1 | GET      "/api/price-history?companyName=%D8%A2%D8%B1%D8%AF%DB%8C%D9%86%D9%87&limit=180"
[GIN] 2026/09/28 - 17:54:25 | 200 |         5m22s |             ::1 | POST     "/api/brs/collect"
[GIN] 2026/09/28 - 20:48:33 | 204 |            0s |             ::1 | OPTIONS  "/api/CompanyNames"
[GIN] 2026/09/28 - 20:48:33 | 204 |            0s |             ::1 | OPTIONS  "/api/summary?limit=1000"
[GIN] 2026/09/28 - 20:48:33 | 204 |            0s |             ::1 | OPTIONS  "/api/CompanyNames"
[GIN] 2026/09/28 - 20:48:33 | 204 |            0s |             ::1 | OPTIONS  "/api/summary?limit=1000"
[GIN] 2026/09/28 - 20:48:34 | 200 |     356.785ms |             ::1 | GET      "/api/CompanyNames"
[GIN] 2026/09/28 - 20:48:34 | 200 |    450.7814ms |             ::1 | GET      "/api/summary?limit=1000"
[GIN] 2026/09/28 - 20:48:34 | 200 |      7.5277ms |             ::1 | GET      "/api/CompanyNames"
[GIN] 2026/09/28 - 20:48:34 | 204 |            0s |             ::1 | OPTIONS  "/api/SalesData2?companyName=%D8%A2%D8%B1%D8%AF%DB%8C%D9%86%D9%87"
[GIN] 2026/09/28 - 20:48:34 | 204 |            0s |             ::1 | OPTIONS  "/api/SalesData?companyName=%D8%A2%D8%B1%D8%AF%DB%8C%D9%86%D9%87"
[GIN] 2026/09/28 - 20:48:34 | 204 |            0s |             ::1 | OPTIONS  "/api/CompanyScores?companyName=%D8%A2%D8%B1%D8%AF%DB%8C%D9%86%D9%87"
[GIN] 2026/09/28 - 20:48:34 | 204 |            0s |             ::1 | OPTIONS  "/api/AllCompanyScores"
[GIN] 2026/09/28 - 20:48:34 | 204 |            0s |             ::1 | OPTIONS  "/api/StockPriceScore?companyName=%D8%A2%D8%B1%D8%AF%DB%8C%D9%86%D9%87"
[GIN] 2026/09/28 - 20:48:34 | 200 |      12.746ms |             ::1 | GET      "/api/SalesData2?companyName=%D8%A2%D8%B1%D8%AF%DB%8C%D9%86%D9%87"
[GIN] 2026/09/28 - 20:48:34 | 200 |     20.5942ms |             ::1 | GET      "/api/SalesData?companyName=%D8%A2%D8%B1%D8%AF%DB%8C%D9%86%D9%87"
[GIN] 2026/09/28 - 20:48:34 | 200 |            0s |             ::1 | GET      "/api/StockPriceScore?companyName=%D8%A2%D8%B1%D8%AF%DB%8C%D9%86%D9%87"
[GIN] 2026/09/28 - 20:48:34 | 200 |     75.3369ms |             ::1 | GET      "/api/summary?limit=1000"
[GIN] 2026/09/28 - 20:48:34 | 200 |     86.0245ms |             ::1 | GET      "/api/AllCompanyScores"
[GIN] 2026/09/28 - 20:48:35 | 200 |    623.6836ms |             ::1 | GET      "/api/CompanyScores?companyName=%D8%A2%D8%B1%D8%AF%DB%8C%D9%86%D9%87"
[GIN] 2026/09/28 - 20:49:10 | 204 |            0s |             ::1 | OPTIONS  "/api/price-history?companyName=%D8%A2%D8%B1%D8%AF%DB%8C%D9%86%D9%87&limit=180"
[GIN] 2026/09/28 - 20:49:10 | 200 |      4.3404ms |             ::1 | GET      "/api/CompanyNames"
[GIN] 2026/09/28 - 20:49:10 | 204 |            0s |             ::1 | OPTIONS  "/api/price-history?companyName=%D8%A2%D8%B1%D8%AF%DB%8C%D9%86%D9%87&limit=180"
[GIN] 2026/09/28 - 20:49:10 | 200 |      4.1291ms |             ::1 | GET      "/api/price-history?companyName=%D8%A2%D8%B1%D8%AF%DB%8C%D9%86%D9%87&limit=180"
[GIN] 2026/09/28 - 20:49:10 | 200 |      4.2142ms |             ::1 | GET      "/api/price-history?companyName=%D8%A2%D8%B1%D8%AF%DB%8C%D9%86%D9%87&limit=180"
[GIN] 2026/09/28 - 20:49:17 | 204 |            0s |             ::1 | OPTIONS  "/api/family/assets"
[GIN] 2026/09/28 - 20:49:17 | 204 |            0s |             ::1 | OPTIONS  "/api/family/cashflows?limit=200"
[GIN] 2026/09/28 - 20:49:17 | 204 |            0s |             ::1 | OPTIONS  "/api/family/history"
[GIN] 2026/09/28 - 20:49:17 | 204 |            0s |             ::1 | OPTIONS  "/api/family/broker"
[GIN] 2026/09/28 - 20:49:17 | 200 |      4.8269ms |             ::1 | GET      "/api/CompanyNames"
[GIN] 2026/09/28 - 20:49:17 | 204 |            0s |             ::1 | OPTIONS  "/api/family/assets"
[GIN] 2026/09/28 - 20:49:17 | 204 |            0s |             ::1 | OPTIONS  "/api/family/history"
[GIN] 2026/09/28 - 20:49:17 | 204 |            0s |             ::1 | OPTIONS  "/api/family/broker"
[GIN] 2026/09/28 - 20:49:17 | 204 |            0s |             ::1 | OPTIONS  "/api/family/cashflows?limit=200"
[GIN] 2026/09/28 - 20:49:18 | 200 |    673.3892ms |             ::1 | GET      "/api/family/assets"
[GIN] 2026/09/28 - 20:49:18 | 200 |    754.4024ms |             ::1 | GET      "/api/family/cashflows?limit=200"
[GIN] 2026/09/28 - 20:49:18 | 200 |     19.3619ms |             ::1 | GET      "/api/family/assets"
[GIN] 2026/09/28 - 20:49:18 | 200 |    934.9772ms |             ::1 | GET      "/api/family/broker"
[GIN] 2026/09/28 - 20:49:18 | 200 |    957.3743ms |             ::1 | GET      "/api/family/history"
[GIN] 2026/09/28 - 20:49:18 | 200 |      8.7966ms |             ::1 | GET      "/api/family/broker"
[GIN] 2026/09/28 - 20:49:18 | 200 |     71.0466ms |             ::1 | GET      "/api/family/history"
[GIN] 2026/09/28 - 20:49:19 | 200 |    406.0546ms |             ::1 | GET      "/api/family/cashflows?limit=200"
[GIN] 2026/09/28 - 20:49:43 | 204 |            0s |             ::1 | OPTIONS  "/api/family/sync-broker"
[GIN] 2026/09/28 - 20:49:43 | 200 |            0s |             ::1 | POST     "/api/family/sync-broker"
[GIN] 2026/09/28 - 20:49:45 | 204 |            0s |             ::1 | OPTIONS  "/api/family/sync-broker/status?job_id=agah-3-1"
[GIN] 2026/09/28 - 20:49:46 | 200 |      1.0009ms |             ::1 | GET      "/api/family/sync-broker/status?job_id=agah-3-1"
[GIN] 2026/09/28 - 20:49:48 | 200 |            0s |             ::1 | GET      "/api/family/sync-broker/status?job_id=agah-3-1"
[GIN] 2026/09/28 - 20:49:50 | 200 |            0s |             ::1 | GET      "/api/family/sync-broker/status?job_id=agah-3-1"
[GIN] 2026/09/28 - 20:49:53 | 200 |            0s |             ::1 | GET      "/api/family/sync-broker/status?job_id=agah-3-1"
[GIN] 2026/09/28 - 20:49:57 | 200 |       660.8µs |             ::1 | GET      "/api/family/sync-broker/status?job_id=agah-3-1"
[GIN] 2026/09/28 - 20:49:59 | 200 |            0s |             ::1 | GET      "/api/family/sync-broker/status?job_id=agah-3-1"
[GIN] 2026/09/28 - 20:50:01 | 200 |            0s |             ::1 | GET      "/api/family/sync-broker/status?job_id=agah-3-1"
[GIN] 2026/09/28 - 20:50:03 | 200 |            0s |             ::1 | GET      "/api/family/sync-broker/status?job_id=agah-3-1"
[GIN] 2026/09/28 - 20:50:06 | 200 |            0s |             ::1 | GET      "/api/family/sync-broker/status?job_id=agah-3-1"
[GIN] 2026/09/28 - 20:50:09 | 200 |       996.3µs |             ::1 | GET      "/api/family/sync-broker/status?job_id=agah-3-1"
[GIN] 2026/09/28 - 20:50:12 | 200 |            0s |             ::1 | GET      "/api/family/sync-broker/status?job_id=agah-3-1"
[GIN] 2026/09/28 - 20:50:15 | 200 |            0s |             ::1 | GET      "/api/family/sync-broker/status?job_id=agah-3-1"
[GIN] 2026/09/28 - 20:50:18 | 200 |            0s |             ::1 | GET      "/api/family/sync-broker/status?job_id=agah-3-1"
[GIN] 2026/09/28 - 20:50:21 | 200 |            0s |             ::1 | GET      "/api/family/sync-broker/status?job_id=agah-3-1"
[GIN] 2026/09/28 - 20:50:24 | 200 |            0s |             ::1 | GET      "/api/family/sync-broker/status?job_id=agah-3-1"
[GIN] 2026/09/28 - 20:50:27 | 200 |            0s |             ::1 | GET      "/api/family/sync-broker/status?job_id=agah-3-1"
[GIN] 2026/09/28 - 20:50:30 | 200 |            0s |             ::1 | GET      "/api/family/sync-broker/status?job_id=agah-3-1"
[GIN] 2026/09/28 - 20:50:33 | 200 |            0s |             ::1 | GET      "/api/family/sync-broker/status?job_id=agah-3-1"
[GIN] 2026/09/28 - 20:50:35 | 200 |       857.2µs |             ::1 | GET      "/api/family/sync-broker/status?job_id=agah-3-1"
[GIN] 2026/09/28 - 20:50:35 | 200 |      7.4731ms |             ::1 | GET      "/api/family/assets"
[GIN] 2026/09/28 - 20:50:35 | 200 |        8.69ms |             ::1 | GET      "/api/family/cashflows?limit=200"
[GIN] 2026/09/28 - 20:50:35 | 200 |      2.1332ms |             ::1 | GET      "/api/family/broker"
[GIN] 2026/09/28 - 20:50:35 | 200 |     38.6645ms |             ::1 | GET      "/api/family/history"
[GIN] 2026/09/28 - 20:51:15 | 204 |            0s |             ::1 | OPTIONS  "/api/brs/collect"
🔍 BRS raw=false symbol=""
[GIN] 2026/09/28 - 20:52:09 | 200 |      5.2637ms |             ::1 | GET      "/api/CompanyNames"
[GIN] 2026/09/28 - 20:52:09 | 200 |     65.4757ms |             ::1 | GET      "/api/summary?limit=1000"
[GIN] 2026/09/28 - 20:52:09 | 200 |      5.7497ms |             ::1 | GET      "/api/CompanyNames"
[GIN] 2026/09/28 - 20:52:09 | 200 |     17.3215ms |             ::1 | GET      "/api/SalesData?companyName=%D8%A2%D8%B1%D8%AF%DB%8C%D9%86%D9%87"
[GIN] 2026/09/28 - 20:52:09 | 200 |      8.4867ms |             ::1 | GET      "/api/SalesData2?companyName=%D8%A2%D8%B1%D8%AF%DB%8C%D9%86%D9%87"
[GIN] 2026/09/28 - 20:52:09 | 200 |     56.0697ms |             ::1 | GET      "/api/AllCompanyScores"
[GIN] 2026/09/28 - 20:52:09 | 200 |            0s |             ::1 | GET      "/api/StockPriceScore?companyName=%D8%A2%D8%B1%D8%AF%DB%8C%D9%86%D9%87"
[GIN] 2026/09/28 - 20:52:09 | 200 |      96.415ms |             ::1 | GET      "/api/summary?limit=1000"
[GIN] 2026/09/28 - 20:52:10 | 200 |    929.4698ms |             ::1 | GET      "/api/CompanyScores?companyName=%D8%A2%D8%B1%D8%AF%DB%8C%D9%86%D9%87"
[GIN] 2026/09/28 - 20:52:27 | 200 |      4.3774ms |             ::1 | GET      "/api/CompanyNames"
[GIN] 2026/09/28 - 20:52:27 | 200 |      5.3622ms |             ::1 | GET      "/api/price-history?companyName=%D8%A2%D8%B1%D8%AF%DB%8C%D9%86%D9%87&limit=180"
[GIN] 2026/09/28 - 20:52:27 | 200 |      3.6758ms |             ::1 | GET      "/api/price-history?companyName=%D8%A2%D8%B1%D8%AF%DB%8C%D9%86%D9%87&limit=180"
[GIN] 2026/09/28 - 20:52:36 | 200 |      4.4549ms |             ::1 | GET      "/api/CompanyNames"
[GIN] 2026/09/28 - 20:52:37 | 200 |       8.733ms |             ::1 | GET      "/api/price-history?companyName=%D8%A2%D8%B1%D8%AF%DB%8C%D9%86%D9%87&limit=180"
[GIN] 2026/09/28 - 20:52:37 | 200 |      3.5456ms |             ::1 | GET      "/api/CompanyNames"
[GIN] 2026/09/28 - 20:52:37 | 200 |       4.744ms |             ::1 | GET      "/api/price-history?companyName=%D8%A2%D8%B1%D8%AF%DB%8C%D9%86%D9%87&limit=180"
[GIN] 2026/09/28 - 20:52:42 | 200 |      7.4179ms |             ::1 | GET      "/api/CompanyNames"
[GIN] 2026/09/28 - 20:52:42 | 200 |     39.0313ms |             ::1 | GET      "/api/family/assets"
[GIN] 2026/09/28 - 20:52:42 | 200 |     74.6599ms |             ::1 | GET      "/api/family/history"
[GIN] 2026/09/28 - 20:52:42 | 200 |      8.1605ms |             ::1 | GET      "/api/family/assets"
[GIN] 2026/09/28 - 20:52:42 | 200 |     28.7245ms |             ::1 | GET      "/api/family/history"
[GIN] 2026/09/28 - 20:52:43 | 200 |    602.3048ms |             ::1 | GET      "/api/family/broker"
[GIN] 2026/09/28 - 20:52:43 | 200 |      1.0079ms |             ::1 | GET      "/api/family/broker"
[GIN] 2026/09/28 - 20:52:43 | 200 |    734.8869ms |             ::1 | GET      "/api/family/cashflows?limit=200"
[GIN] 2026/09/28 - 20:52:43 | 200 |      2.0101ms |             ::1 | GET      "/api/family/cashflows?limit=200"
[GIN] 2026/09/28 - 20:53:41 | 204 |            0s |             ::1 | OPTIONS  "/api/family/broker?person_id=7"
[GIN] 2026/09/28 - 20:53:41 | 200 |       998.6µs |             ::1 | DELETE   "/api/family/broker?person_id=7"
[GIN] 2026/09/28 - 20:53:41 | 200 |      2.5636ms |             ::1 | GET      "/api/family/cashflows?limit=200"
[GIN] 2026/09/28 - 20:53:41 | 200 |       712.8µs |             ::1 | GET      "/api/family/broker"
[GIN] 2026/09/28 - 20:53:41 | 200 |     77.4058ms |             ::1 | GET      "/api/family/history"
[GIN] 2026/09/28 - 20:53:41 | 200 |    439.6818ms |             ::1 | GET      "/api/family/assets"
[GIN] 2026/09/28 - 20:53:45 | 200 |       997.7µs |             ::1 | GET      "/api/family/broker"
[GIN] 2026/09/28 - 20:53:45 | 200 |      5.5279ms |             ::1 | GET      "/api/CompanyNames"
[GIN] 2026/09/28 - 20:53:45 | 200 |      9.4132ms |             ::1 | GET      "/api/family/assets"
[GIN] 2026/09/28 - 20:53:45 | 200 |     27.3913ms |             ::1 | GET      "/api/family/history"
[GIN] 2026/09/28 - 20:53:45 | 200 |       639.6µs |             ::1 | GET      "/api/family/broker"
[GIN] 2026/09/28 - 20:53:45 | 200 |      6.0411ms |             ::1 | GET      "/api/CompanyNames"
[GIN] 2026/09/28 - 20:53:45 | 200 |     10.5715ms |             ::1 | GET      "/api/family/assets"
[GIN] 2026/09/28 - 20:53:45 | 200 |      82.538ms |             ::1 | GET      "/api/summary?limit=1000"
[GIN] 2026/09/28 - 20:53:45 | 200 |      9.5838ms |             ::1 | GET      "/api/SalesData?companyName=%D8%A2%D8%B1%D8%AF%DB%8C%D9%86%D9%87"
[GIN] 2026/09/28 - 20:53:45 | 200 |     10.2829ms |             ::1 | GET      "/api/SalesData2?companyName=%D8%A2%D8%B1%D8%AF%DB%8C%D9%86%D9%87"
[GIN] 2026/09/28 - 20:53:45 | 200 |       995.3µs |             ::1 | GET      "/api/StockPriceScore?companyName=%D8%A2%D8%B1%D8%AF%DB%8C%D9%86%D9%87"
[GIN] 2026/09/28 - 20:53:45 | 200 |    103.5858ms |             ::1 | GET      "/api/AllCompanyScores"
[GIN] 2026/09/28 - 20:53:45 | 200 |    118.9288ms |             ::1 | GET      "/api/family/history"
[GIN] 2026/09/28 - 20:53:46 | 200 |     525.426ms |             ::1 | GET      "/api/CompanyScores?companyName=%D8%A2%D8%B1%D8%AF%DB%8C%D9%86%D9%87"
[GIN] 2026/09/28 - 20:53:46 | 200 |    798.1289ms |             ::1 | GET      "/api/family/cashflows?limit=200"
[GIN] 2026/09/28 - 20:53:46 | 200 |      2.8113ms |             ::1 | GET      "/api/family/cashflows?limit=200"
[GIN] 2026/09/28 - 20:53:46 | 200 |    839.7149ms |             ::1 | GET      "/api/summary?limit=1000"
[GIN] 2026/09/28 - 20:53:53 | 200 |      1.9953ms |             ::1 | DELETE   "/api/family/broker?person_id=7"
[GIN] 2026/09/28 - 20:53:53 | 200 |     15.6301ms |             ::1 | GET      "/api/family/assets"
[GIN] 2026/09/28 - 20:53:53 | 200 |    162.4628ms |             ::1 | GET      "/api/family/history"
[GIN] 2026/09/28 - 20:53:54 | 200 |    784.5472ms |             ::1 | GET      "/api/family/broker"
[GIN] 2026/09/28 - 20:53:54 | 200 |    867.7519ms |             ::1 | GET      "/api/family/cashflows?limit=200"
[GIN] 2026/09/28 - 20:56:02 | 200 |         4m46s |             ::1 | POST     "/api/brs/collect"
[GIN] 2026/09/28 - 20:59:42 | 204 |            0s |             ::1 | OPTIONS  "/api/users/get-items"
[GIN] 2026/09/28 - 20:59:42 | 200 |      4.9568ms |             ::1 | POST     "/api/users/get-items"
[GIN] 2026/09/28 - 20:59:42 | 204 |            0s |             ::1 | OPTIONS  "/api/price-history?companyName=%D8%A7%D8%B1%D9%88%D9%86%D8%AF&limit=180"
[GIN] 2026/09/28 - 20:59:42 | 204 |            0s |             ::1 | OPTIONS  "/api/SalesData2?companyName=%D8%A7%D8%B1%D9%88%D9%86%D8%AF"
[GIN] 2026/09/28 - 20:59:42 | 204 |            0s |             ::1 | OPTIONS  "/api/SalesData?companyName=%D8%A7%D8%B1%D9%88%D9%86%D8%AF"
[GIN] 2026/09/28 - 20:59:42 | 204 |            0s |             ::1 | OPTIONS  "/api/CompanyScores?companyName=%D8%A7%D8%B1%D9%88%D9%86%D8%AF"
[GIN] 2026/09/28 - 20:59:42 | 204 |            0s |             ::1 | OPTIONS  "/api/StockPriceScore?companyName=%D8%A7%D8%B1%D9%88%D9%86%D8%AF"
[GIN] 2026/09/28 - 20:59:43 | 200 |     856.903ms |             ::1 | GET      "/api/AllCompanyScores"
[GIN] 2026/09/28 - 20:59:43 | 200 |    780.5274ms |             ::1 | GET      "/api/SalesData2?companyName=%D8%A7%D8%B1%D9%88%D9%86%D8%AF"
[GIN] 2026/09/28 - 20:59:43 | 200 |    982.0742ms |             ::1 | GET      "/api/CompanyNames"
[GIN] 2026/09/28 - 20:59:43 | 200 |            0s |             ::1 | GET      "/api/StockPriceScore?companyName=%D8%A7%D8%B1%D9%88%D9%86%D8%AF"
[GIN] 2026/09/28 - 20:59:43 | 200 |    1.0961745s |             ::1 | GET      "/api/price-history?companyName=%D8%A7%D8%B1%D9%88%D9%86%D8%AF&limit=180"
[GIN] 2026/09/28 - 20:59:44 | 200 |    1.2802248s |             ::1 | GET      "/api/CompanyScores?companyName=%D8%A7%D8%B1%D9%88%D9%86%D8%AF"
[GIN] 2026/09/28 - 20:59:44 | 200 |    1.3783043s |             ::1 | GET      "/api/SalesData?companyName=%D8%A7%D8%B1%D9%88%D9%86%D8%AF"
[GIN] 2026/09/28 - 20:59:44 | 200 |      3.8356ms |             ::1 | GET      "/api/price-history?companyName=%D8%A7%D8%B1%D9%88%D9%86%D8%AF&limit=180"
[GIN] 2026/09/28 - 20:59:44 | 200 |       3.032ms |             ::1 | GET      "/api/price-history?companyName=%D8%A7%D8%B1%D9%88%D9%86%D8%AF&limit=180"
[GIN] 2026/09/28 - 20:59:45 | 200 |            0s |             ::1 | POST     "/api/users/get-items"
[GIN] 2026/09/28 - 20:59:45 | 204 |            0s |             ::1 | OPTIONS  "/api/price-history?companyName=%D8%A7%D8%B1%D9%81%D8%B9&limit=180"
[GIN] 2026/09/28 - 20:59:45 | 204 |            0s |             ::1 | OPTIONS  "/api/SalesData?companyName=%D8%A7%D8%B1%D9%81%D8%B9"
[GIN] 2026/09/28 - 20:59:45 | 204 |            0s |             ::1 | OPTIONS  "/api/CompanyScores?companyName=%D8%A7%D8%B1%D9%81%D8%B9"
[GIN] 2026/09/28 - 20:59:45 | 204 |            0s |             ::1 | OPTIONS  "/api/SalesData2?companyName=%D8%A7%D8%B1%D9%81%D8%B9"
[GIN] 2026/09/28 - 20:59:45 | 204 |            0s |             ::1 | OPTIONS  "/api/StockPriceScore?companyName=%D8%A7%D8%B1%D9%81%D8%B9"
[GIN] 2026/09/28 - 20:59:45 | 200 |     88.2201ms |             ::1 | GET      "/api/AllCompanyScores"
[GIN] 2026/09/28 - 20:59:45 | 200 |      7.9232ms |             ::1 | GET      "/api/CompanyNames"
[GIN] 2026/09/28 - 20:59:45 | 200 |       7.207ms |             ::1 | GET      "/api/price-history?companyName=%D8%A7%D8%B1%D9%81%D8%B9&limit=180"
[GIN] 2026/09/28 - 20:59:45 | 200 |            0s |             ::1 | GET      "/api/StockPriceScore?companyName=%D8%A7%D8%B1%D9%81%D8%B9"
[GIN] 2026/09/28 - 20:59:45 | 200 |     85.3552ms |             ::1 | GET      "/api/CompanyScores?companyName=%D8%A7%D8%B1%D9%81%D8%B9"
[GIN] 2026/09/28 - 20:59:45 | 200 |      22.565ms |             ::1 | GET      "/api/SalesData2?companyName=%D8%A7%D8%B1%D9%81%D8%B9"
[GIN] 2026/09/28 - 20:59:46 | 200 |    484.5643ms |             ::1 | GET      "/api/SalesData?companyName=%D8%A7%D8%B1%D9%81%D8%B9"
[GIN] 2026/09/28 - 20:59:46 | 200 |      4.1816ms |             ::1 | GET      "/api/price-history?companyName=%D8%A7%D8%B1%D9%81%D8%B9&limit=180"
[GIN] 2026/09/28 - 20:59:46 | 200 |     39.9509ms |             ::1 | GET      "/api/price-history?companyName=%D8%A7%D8%B1%D9%81%D8%B9&limit=180"
[GIN] 2026/09/28 - 20:59:47 | 200 |            0s |             ::1 | POST     "/api/users/get-items"
[GIN] 2026/09/28 - 20:59:48 | 204 |            0s |             ::1 | OPTIONS  "/api/price-history?companyName=%D8%A2%D8%B1%DB%8C%D8%A7&limit=180"
[GIN] 2026/09/28 - 20:59:48 | 204 |            0s |             ::1 | OPTIONS  "/api/SalesData?companyName=%D8%A2%D8%B1%DB%8C%D8%A7"
[GIN] 2026/09/28 - 20:59:48 | 204 |            0s |             ::1 | OPTIONS  "/api/SalesData2?companyName=%D8%A2%D8%B1%DB%8C%D8%A7"
[GIN] 2026/09/28 - 20:59:48 | 204 |            0s |             ::1 | OPTIONS  "/api/CompanyScores?companyName=%D8%A2%D8%B1%DB%8C%D8%A7"
[GIN] 2026/09/28 - 20:59:48 | 204 |            0s |             ::1 | OPTIONS  "/api/StockPriceScore?companyName=%D8%A2%D8%B1%DB%8C%D8%A7"
[GIN] 2026/09/28 - 20:59:48 | 200 |     80.7305ms |             ::1 | GET      "/api/AllCompanyScores"
[GIN] 2026/09/28 - 20:59:48 | 200 |      5.6371ms |             ::1 | GET      "/api/CompanyNames"
[GIN] 2026/09/28 - 20:59:48 | 200 |            0s |             ::1 | GET      "/api/StockPriceScore?companyName=%D8%A2%D8%B1%DB%8C%D8%A7"
[GIN] 2026/09/28 - 20:59:48 | 200 |     26.2968ms |             ::1 | GET      "/api/price-history?companyName=%D8%A2%D8%B1%DB%8C%D8%A7&limit=180"
[GIN] 2026/09/28 - 20:59:48 | 200 |     63.8385ms |             ::1 | GET      "/api/CompanyScores?companyName=%D8%A2%D8%B1%DB%8C%D8%A7"
[GIN] 2026/09/28 - 20:59:48 | 200 |     18.0898ms |             ::1 | GET      "/api/SalesData?companyName=%D8%A2%D8%B1%DB%8C%D8%A7"
[GIN] 2026/09/28 - 20:59:49 | 200 |    765.6722ms |             ::1 | GET      "/api/SalesData2?companyName=%D8%A2%D8%B1%DB%8C%D8%A7"
[GIN] 2026/09/28 - 20:59:49 | 200 |     10.9934ms |             ::1 | GET      "/api/price-history?companyName=%D8%A2%D8%B1%DB%8C%D8%A7&limit=180"
[GIN] 2026/09/28 - 20:59:49 | 200 |      8.3803ms |             ::1 | GET      "/api/price-history?companyName=%D8%A2%D8%B1%DB%8C%D8%A7&limit=180"
[GIN] 2026/09/28 - 20:59:51 | 200 |       767.3µs |             ::1 | POST     "/api/users/get-items"
[GIN] 2026/09/28 - 20:59:51 | 204 |            0s |             ::1 | OPTIONS  "/api/SalesData?companyName=%D8%A7%D8%B3%DB%8C%D8%A7%D8%AA%DA%A9"
[GIN] 2026/09/28 - 20:59:51 | 204 |            0s |             ::1 | OPTIONS  "/api/price-history?companyName=%D8%A7%D8%B3%DB%8C%D8%A7%D8%AA%DA%A9&limit=180"
[GIN] 2026/09/28 - 20:59:52 | 204 |            0s |             ::1 | OPTIONS  "/api/SalesData2?companyName=%D8%A7%D8%B3%DB%8C%D8%A7%D8%AA%DA%A9"
[GIN] 2026/09/28 - 20:59:52 | 204 |       642.4µs |             ::1 | OPTIONS  "/api/StockPriceScore?companyName=%D8%A7%D8%B3%DB%8C%D8%A7%D8%AA%DA%A9"
[GIN] 2026/09/28 - 20:59:52 | 204 |            0s |             ::1 | OPTIONS  "/api/CompanyScores?companyName=%D8%A7%D8%B3%DB%8C%D8%A7%D8%AA%DA%A9"
[GIN] 2026/09/28 - 20:59:52 | 200 |      4.7222ms |             ::1 | GET      "/api/CompanyNames"
[GIN] 2026/09/28 - 20:59:52 | 200 |            0s |             ::1 | GET      "/api/StockPriceScore?companyName=%D8%A7%D8%B3%DB%8C%D8%A7%D8%AA%DA%A9"
[GIN] 2026/09/28 - 20:59:52 | 200 |     17.7809ms |             ::1 | GET      "/api/SalesData?companyName=%D8%A7%D8%B3%DB%8C%D8%A7%D8%AA%DA%A9"
[GIN] 2026/09/28 - 20:59:52 | 200 |      8.4583ms |             ::1 | GET      "/api/price-history?companyName=%D8%A7%D8%B3%DB%8C%D8%A7%D8%AA%DA%A9&limit=180"
[GIN] 2026/09/28 - 20:59:52 | 200 |    128.1772ms |             ::1 | GET      "/api/AllCompanyScores"
[GIN] 2026/09/28 - 20:59:52 | 200 |    513.4073ms |             ::1 | GET      "/api/SalesData2?companyName=%D8%A7%D8%B3%DB%8C%D8%A7%D8%AA%DA%A9"
[GIN] 2026/09/28 - 20:59:52 | 200 |     602.632ms |             ::1 | GET      "/api/CompanyScores?companyName=%D8%A7%D8%B3%DB%8C%D8%A7%D8%AA%DA%A9"
[GIN] 2026/09/28 - 20:59:52 | 200 |      5.9159ms |             ::1 | GET      "/api/price-history?companyName=%D8%A7%D8%B3%DB%8C%D8%A7%D8%AA%DA%A9&limit=180"
[GIN] 2026/09/28 - 20:59:52 | 200 |      2.0018ms |             ::1 | GET      "/api/price-history?companyName=%D8%A7%D8%B3%DB%8C%D8%A7%D8%AA%DA%A9&limit=180"
[GIN] 2026/09/28 - 20:59:53 | 200 |            0s |             ::1 | POST     "/api/users/get-items"
[GIN] 2026/09/28 - 20:59:53 | 204 |            0s |             ::1 | OPTIONS  "/api/SalesData?companyName=%D8%A7%D9%81%D9%82"
[GIN] 2026/09/28 - 20:59:53 | 204 |            0s |             ::1 | OPTIONS  "/api/CompanyScores?companyName=%D8%A7%D9%81%D9%82"
[GIN] 2026/09/28 - 20:59:53 | 204 |            0s |             ::1 | OPTIONS  "/api/SalesData2?companyName=%D8%A7%D9%81%D9%82"
[GIN] 2026/09/28 - 20:59:53 | 204 |            0s |             ::1 | OPTIONS  "/api/price-history?companyName=%D8%A7%D9%81%D9%82&limit=180"
[GIN] 2026/09/28 - 20:59:53 | 204 |            0s |             ::1 | OPTIONS  "/api/StockPriceScore?companyName=%D8%A7%D9%81%D9%82"
[GIN] 2026/09/28 - 20:59:53 | 200 |    107.2514ms |             ::1 | GET      "/api/AllCompanyScores"
[GIN] 2026/09/28 - 20:59:54 | 200 |      5.5956ms |             ::1 | GET      "/api/CompanyNames"
[GIN] 2026/09/28 - 20:59:54 | 200 |     11.7811ms |             ::1 | GET      "/api/SalesData?companyName=%D8%A7%D9%81%D9%82"
[GIN] 2026/09/28 - 20:59:54 | 200 |     22.8321ms |             ::1 | GET      "/api/SalesData2?companyName=%D8%A7%D9%81%D9%82"
[GIN] 2026/09/28 - 20:59:54 | 200 |     42.2364ms |             ::1 | GET      "/api/CompanyScores?companyName=%D8%A7%D9%81%D9%82"
[GIN] 2026/09/28 - 20:59:54 | 200 |            0s |             ::1 | GET      "/api/StockPriceScore?companyName=%D8%A7%D9%81%D9%82"
[GIN] 2026/09/28 - 20:59:54 | 200 |     91.1979ms |             ::1 | GET      "/api/price-history?companyName=%D8%A7%D9%81%D9%82&limit=180"
[GIN] 2026/09/28 - 20:59:54 | 200 |      6.0125ms |             ::1 | GET      "/api/price-history?companyName=%D8%A7%D9%81%D9%82&limit=180"
[GIN] 2026/09/28 - 20:59:54 | 200 |      2.3955ms |             ::1 | GET      "/api/price-history?companyName=%D8%A7%D9%81%D9%82&limit=180"
[GIN] 2026/09/28 - 21:29:20 | 401 |            0s |             ::1 | GET      "/api/CompanyNames"
[GIN] 2026/09/28 - 21:50:15 | 204 |         391µs |             ::1 | OPTIONS  "/api/CompanyNames"
[GIN] 2026/09/28 - 21:50:15 | 204 |            0s |             ::1 | OPTIONS  "/api/CompanyNames"
[GIN] 2026/09/28 - 21:50:15 | 204 |            0s |             ::1 | OPTIONS  "/api/summary?limit=1000"
[GIN] 2026/09/28 - 21:50:15 | 204 |            0s |             ::1 | OPTIONS  "/api/summary?limit=1000"
[GIN] 2026/09/28 - 21:50:16 | 200 |    366.5036ms |             ::1 | GET      "/api/CompanyNames"
[GIN] 2026/09/28 - 21:50:16 | 200 |      4.0752ms |             ::1 | GET      "/api/CompanyNames"
[GIN] 2026/09/28 - 21:50:16 | 204 |            0s |             ::1 | OPTIONS  "/api/SalesData?companyName=%D8%A2%D8%B1%D8%AF%DB%8C%D9%86%D9%87"
[GIN] 2026/09/28 - 21:50:16 | 204 |            0s |             ::1 | OPTIONS  "/api/SalesData2?companyName=%D8%A2%D8%B1%D8%AF%DB%8C%D9%86%D9%87"
[GIN] 2026/09/28 - 21:50:16 | 204 |            0s |             ::1 | OPTIONS  "/api/CompanyScores?companyName=%D8%A2%D8%B1%D8%AF%DB%8C%D9%86%D9%87"
[GIN] 2026/09/28 - 21:50:16 | 204 |            0s |             ::1 | OPTIONS  "/api/AllCompanyScores"
[GIN] 2026/09/28 - 21:50:16 | 204 |            0s |             ::1 | OPTIONS  "/api/StockPriceScore?companyName=%D8%A2%D8%B1%D8%AF%DB%8C%D9%86%D9%87"
[GIN] 2026/09/28 - 21:50:16 | 200 |    102.8148ms |             ::1 | GET      "/api/SalesData2?companyName=%D8%A2%D8%B1%D8%AF%DB%8C%D9%86%D9%87"
[GIN] 2026/09/28 - 21:50:16 | 200 |            0s |             ::1 | GET      "/api/StockPriceScore?companyName=%D8%A2%D8%B1%D8%AF%DB%8C%D9%86%D9%87"
[GIN] 2026/09/28 - 21:50:16 | 200 |    411.3598ms |             ::1 | GET      "/api/SalesData?companyName=%D8%A2%D8%B1%D8%AF%DB%8C%D9%86%D9%87"
[GIN] 2026/09/28 - 21:50:17 | 200 |      9.7978ms |             ::1 | GET      "/api/CompanyNames"
[GIN] 2026/09/28 - 21:50:17 | 200 |    1.4272853s |             ::1 | GET      "/api/AllCompanyScores"
[GIN] 2026/09/28 - 21:50:17 | 200 |    2.0356462s |             ::1 | GET      "/api/summary?limit=1000"
[GIN] 2026/09/28 - 21:50:18 | 200 |      57.753ms |             ::1 | GET      "/api/summary?limit=1000"
[GIN] 2026/09/28 - 21:50:18 | 200 |    1.9172831s |             ::1 | GET      "/api/CompanyScores?companyName=%D8%A2%D8%B1%D8%AF%DB%8C%D9%86%D9%87"
[GIN] 2026/09/28 - 21:50:18 | 204 |            0s |             ::1 | OPTIONS  "/api/price-history?companyName=%D8%A2%D8%B1%D8%AF%DB%8C%D9%86%D9%87&limit=180"
[GIN] 2026/09/28 - 21:50:18 | 204 |            0s |             ::1 | OPTIONS  "/api/price-history?companyName=%D8%A2%D8%B1%D8%AF%DB%8C%D9%86%D9%87&limit=180"
[GIN] 2026/09/28 - 21:50:19 | 204 |            0s |             ::1 | OPTIONS  "/api/family/history"
[GIN] 2026/09/28 - 21:50:19 | 204 |            0s |             ::1 | OPTIONS  "/api/family/assets"
[GIN] 2026/09/28 - 21:50:19 | 204 |            0s |             ::1 | OPTIONS  "/api/family/cashflows?limit=200"
[GIN] 2026/09/28 - 21:50:19 | 204 |            0s |             ::1 | OPTIONS  "/api/family/broker"
[GIN] 2026/09/28 - 21:50:19 | 204 |            0s |             ::1 | OPTIONS  "/api/family/history"
[GIN] 2026/09/28 - 21:50:19 | 204 |            0s |             ::1 | OPTIONS  "/api/family/assets"
[GIN] 2026/09/28 - 21:50:19 | 200 |      8.1963ms |             ::1 | GET      "/api/CompanyNames"
[GIN] 2026/09/28 - 21:50:19 | 204 |            0s |             ::1 | OPTIONS  "/api/family/cashflows?limit=200"
[GIN] 2026/09/28 - 21:50:20 | 204 |            0s |             ::1 | OPTIONS  "/api/family/broker"
[GIN] 2026/09/28 - 21:50:20 | 200 |      7.1052ms |             ::1 | GET      "/api/price-history?companyName=%D8%A2%D8%B1%D8%AF%DB%8C%D9%86%D9%87&limit=180"
[GIN] 2026/09/28 - 21:50:20 | 200 |    595.5635ms |             ::1 | GET      "/api/family/assets"
[GIN] 2026/09/28 - 21:50:20 | 200 |     10.5417ms |             ::1 | GET      "/api/price-history?companyName=%D8%A2%D8%B1%D8%AF%DB%8C%D9%86%D9%87&limit=180"
[GIN] 2026/09/28 - 21:50:21 | 200 |    823.7355ms |             ::1 | GET      "/api/family/history"
[GIN] 2026/09/28 - 21:50:21 | 200 |      10.113ms |             ::1 | GET      "/api/family/assets"
[GIN] 2026/09/28 - 21:50:21 | 200 |    706.4085ms |             ::1 | GET      "/api/family/broker"
[GIN] 2026/09/28 - 21:50:21 | 200 |    643.6701ms |             ::1 | GET      "/api/family/cashflows?limit=200"
[GIN] 2026/09/28 - 21:50:21 | 200 |     26.2514ms |             ::1 | GET      "/api/family/history"
[GIN] 2026/09/28 - 21:50:21 | 200 |      4.4611ms |             ::1 | GET      "/api/family/broker"
[GIN] 2026/09/28 - 21:50:21 | 200 |      7.1807ms |             ::1 | GET      "/api/family/cashflows?limit=200"
[GIN] 2026/09/28 - 23:39:24 | 204 |       720.4µs |             ::1 | OPTIONS  "/api/users/get-items"
[GIN] 2026/09/28 - 23:39:25 | 200 |            0s |             ::1 | POST     "/api/users/get-items"
[GIN] 2026/09/28 - 23:39:25 | 204 |            0s |             ::1 | OPTIONS  "/api/SalesData?companyName=%D8%A7%D8%B1%D9%81%D8%B9"
[GIN] 2026/09/28 - 23:39:25 | 204 |            0s |             ::1 | OPTIONS  "/api/StockPriceScore?companyName=%D8%A7%D8%B1%D9%81%D8%B9"
[GIN] 2026/09/28 - 23:39:25 | 204 |            0s |             ::1 | OPTIONS  "/api/CompanyScores?companyName=%D8%A7%D8%B1%D9%81%D8%B9"
[GIN] 2026/09/28 - 23:39:25 | 204 |            0s |             ::1 | OPTIONS  "/api/SalesData2?companyName=%D8%A7%D8%B1%D9%81%D8%B9"
[GIN] 2026/09/28 - 23:39:25 | 200 |      1.0014ms |             ::1 | GET      "/api/StockPriceScore?companyName=%D8%A7%D8%B1%D9%81%D8%B9"
[GIN] 2026/09/28 - 23:39:26 | 200 |    1.0608312s |             ::1 | GET      "/api/AllCompanyScores"
[GIN] 2026/09/28 - 23:39:26 | 200 |    1.0564743s |             ::1 | GET      "/api/CompanyNames"
[GIN] 2026/09/28 - 23:39:26 | 200 |    1.0197958s |             ::1 | GET      "/api/SalesData2?companyName=%D8%A7%D8%B1%D9%81%D8%B9"
[GIN] 2026/09/28 - 23:39:26 | 200 |    1.4125493s |             ::1 | GET      "/api/SalesData?companyName=%D8%A7%D8%B1%D9%81%D8%B9"
[GIN] 2026/09/28 - 23:39:38 | 401 |            0s |             ::1 | GET      "/api/CompanyNames"
[GIN] 2026/09/28 - 23:39:40 | 503 |    15.014393s |             ::1 | GET      "/api/CompanyScores?companyName=%D8%A7%D8%B1%D9%81%D8%B9"
[GIN] 2026/09/28 - 23:39:40 | 204 |            0s |             ::1 | OPTIONS  "/api/price-history?companyName=%D8%A7%D8%B1%D9%81%D8%B9&limit=180"
[GIN] 2026/09/28 - 23:39:40 | 204 |            0s |             ::1 | OPTIONS  "/api/price-history?companyName=%D8%A7%D8%B1%D9%81%D8%B9&limit=180"
[GIN] 2026/09/28 - 23:39:40 | 200 |     62.2264ms |             ::1 | GET      "/api/price-history?companyName=%D8%A7%D8%B1%D9%81%D8%B9&limit=180"
[GIN] 2026/09/28 - 23:39:40 | 200 |      3.9436ms |             ::1 | GET      "/api/price-history?companyName=%D8%A7%D8%B1%D9%81%D8%B9&limit=180"
[GIN] 2026/09/29 - 00:03:22 | 204 |            0s |             ::1 | OPTIONS  "/api/summary?limit=1000"
[GIN] 2026/09/29 - 00:03:22 | 204 |            0s |             ::1 | OPTIONS  "/api/CompanyNames"
[GIN] 2026/09/29 - 00:03:22 | 204 |            0s |             ::1 | OPTIONS  "/api/CompanyNames"
[GIN] 2026/09/29 - 00:03:22 | 204 |            0s |             ::1 | OPTIONS  "/api/summary?limit=1000"
[GIN] 2026/09/29 - 00:03:23 | 401 |            0s |             ::1 | GET      "/api/CompanyNames"
[GIN] 2026/09/29 - 00:03:23 | 401 |            0s |             ::1 | GET      "/api/summary?limit=1000"
[GIN] 2026/09/29 - 00:03:23 | 401 |            0s |             ::1 | GET      "/api/CompanyNames"
[GIN] 2026/09/29 - 00:03:23 | 401 |            0s |             ::1 | GET      "/api/summary?limit=1000"
[GIN] 2026/09/29 - 00:16:42 | 401 |            0s |             ::1 | GET      "/api/CompanyNames"
[GIN] 2026/09/29 - 00:16:42 | 401 |            0s |             ::1 | GET      "/api/summary?limit=1000"
[GIN] 2026/09/29 - 00:16:42 | 401 |            0s |             ::1 | GET      "/api/CompanyNames"
[GIN] 2026/09/29 - 00:16:44 | 401 |            0s |             ::1 | GET      "/api/summary?limit=1000"
[GIN] 2026/09/29 - 00:25:41 | 200 |            0s |             ::1 | POST     "/api/users/get-items"
[GIN] 2026/09/29 - 00:25:41 | 204 |            0s |             ::1 | OPTIONS  "/api/price-history?companyName=%D9%88%D8%AE%D8%A7%D8%B1%D8%B2%D9%85&limit=180"
[GIN] 2026/09/29 - 00:25:41 | 204 |            0s |             ::1 | OPTIONS  "/api/CompanyNames"
[GIN] 2026/09/29 - 00:25:41 | 204 |            0s |             ::1 | OPTIONS  "/api/SalesData2?companyName=%D9%88%D8%AE%D8%A7%D8%B1%D8%B2%D9%85"
[GIN] 2026/09/29 - 00:25:41 | 204 |            0s |             ::1 | OPTIONS  "/api/CompanyScores?companyName=%D9%88%D8%AE%D8%A7%D8%B1%D8%B2%D9%85"
[GIN] 2026/09/29 - 00:25:41 | 204 |       609.3µs |             ::1 | OPTIONS  "/api/SalesData?companyName=%D9%88%D8%AE%D8%A7%D8%B1%D8%B2%D9%85"
[GIN] 2026/09/29 - 00:25:41 | 204 |            0s |             ::1 | OPTIONS  "/api/StockPriceScore?companyName=%D9%88%D8%AE%D8%A7%D8%B1%D8%B2%D9%85"
[GIN] 2026/09/29 - 00:25:41 | 204 |            0s |             ::1 | OPTIONS  "/api/AllCompanyScores"
[GIN] 2026/09/29 - 00:25:42 | 200 |            0s |             ::1 | GET      "/api/StockPriceScore?companyName=%D9%88%D8%AE%D8%A7%D8%B1%D8%B2%D9%85"
[GIN] 2026/09/29 - 00:25:42 | 200 |    668.4623ms |             ::1 | GET      "/api/price-history?companyName=%D9%88%D8%AE%D8%A7%D8%B1%D8%B2%D9%85&limit=180"
[GIN] 2026/09/29 - 00:25:42 | 200 |    710.4332ms |             ::1 | GET      "/api/SalesData?companyName=%D9%88%D8%AE%D8%A7%D8%B1%D8%B2%D9%85"
[GIN] 2026/09/29 - 00:25:42 | 200 |    361.9045ms |             ::1 | GET      "/api/AllCompanyScores"
[GIN] 2026/09/29 - 00:25:42 | 200 |    882.8264ms |             ::1 | GET      "/api/SalesData2?companyName=%D9%88%D8%AE%D8%A7%D8%B1%D8%B2%D9%85"
[GIN] 2026/09/29 - 00:25:42 | 200 |    953.9459ms |             ::1 | GET      "/api/CompanyNames"
[GIN] 2026/09/29 - 00:25:56 | 503 |   15.0005645s |             ::1 | GET      "/api/CompanyScores?companyName=%D9%88%D8%AE%D8%A7%D8%B1%D8%B2%D9%85"
[GIN] 2026/09/29 - 00:25:57 | 200 |     71.1369ms |             ::1 | GET      "/api/price-history?companyName=%D9%88%D8%AE%D8%A7%D8%B1%D8%B2%D9%85&limit=180"
[GIN] 2026/09/29 - 00:25:57 | 200 |     65.0729ms |             ::1 | GET      "/api/price-history?companyName=%D9%88%D8%AE%D8%A7%D8%B1%D8%B2%D9%85&limit=180"
[GIN] 2026/09/29 - 01:09:28 | 401 |            0s |             ::1 | GET      "/api/CompanyNames"
[GIN] 2026/09/29 - 01:09:28 | 401 |            0s |             ::1 | GET      "/api/summary?limit=1000"
[GIN] 2026/09/29 - 01:09:28 | 401 |            0s |             ::1 | GET      "/api/CompanyNames"
[GIN] 2026/09/29 - 01:09:28 | 401 |            0s |             ::1 | GET      "/api/summary?limit=1000"
[GIN] 2026/09/29 - 01:09:28 | 401 |            0s |             ::1 | GET      "/api/CompanyNames"
[GIN] 2026/09/29 - 01:10:11 | 401 |            0s |             ::1 | GET      "/api/summary?limit=1000"
[GIN] 2026/09/29 - 01:10:11 | 401 |            0s |             ::1 | GET      "/api/CompanyNames"
[GIN] 2026/09/29 - 01:10:11 | 401 |       1.019ms |             ::1 | GET      "/api/summary?limit=1000"
[GIN] 2026/09/29 - 01:10:11 | 401 |            0s |             ::1 | GET      "/api/CompanyNames"
[GIN] 2026/09/29 - 01:10:12 | 401 |            0s |             ::1 | GET      "/api/CompanyNames"
[GIN] 2026/09/29 - 01:10:12 | 401 |            0s |             ::1 | GET      "/api/summary?limit=1000"
[GIN] 2026/09/29 - 01:10:35 | 401 |       997.9µs |             ::1 | GET      "/api/CompanyNames"
[GIN] 2026/09/29 - 01:10:35 | 401 |            0s |             ::1 | GET      "/api/summary?limit=1000"
[GIN] 2026/09/29 - 01:28:24 | 204 |            0s |             ::1 | OPTIONS  "/api/CompanyNames"
[GIN] 2026/09/29 - 01:28:24 | 204 |            0s |             ::1 | OPTIONS  "/api/summary?limit=1000"
[GIN] 2026/09/29 - 01:28:24 | 204 |            0s |             ::1 | OPTIONS  "/api/CompanyNames"
[GIN] 2026/09/29 - 01:28:24 | 204 |            0s |             ::1 | OPTIONS  "/api/summary?limit=1000"
[GIN] 2026/09/29 - 01:28:24 | 401 |            0s |             ::1 | GET      "/api/summary?limit=1000"
[GIN] 2026/09/29 - 01:28:24 | 401 |            0s |             ::1 | GET      "/api/CompanyNames"
[GIN] 2026/09/29 - 01:28:24 | 401 |            0s |             ::1 | GET      "/api/summary?limit=1000"
[GIN] 2026/09/29 - 01:28:25 | 401 |            0s |             ::1 | GET      "/api/CompanyNames"
[GIN] 2026/09/29 - 01:28:33 | 401 |       997.8µs |             ::1 | GET      "/api/CompanyNames"
[GIN] 2026/09/29 - 01:28:42 | 204 |            0s |             ::1 | OPTIONS  "/api/login"
[GIN] 2026/09/29 - 01:28:43 | 200 |    873.9123ms |             ::1 | POST     "/api/login"
[GIN] 2026/09/29 - 01:28:43 | 200 |    380.3683ms |             ::1 | GET      "/api/CompanyNames"
[GIN] 2026/09/29 - 01:28:43 | 204 |            0s |             ::1 | OPTIONS  "/api/StockPriceScore?companyName=%D8%A2%D8%B1%D8%AF%DB%8C%D9%86%D9%87"
[GIN] 2026/09/29 - 01:28:43 | 204 |            0s |             ::1 | OPTIONS  "/api/AllCompanyScores"
[GIN] 2026/09/29 - 01:28:43 | 204 |            0s |             ::1 | OPTIONS  "/api/price-history?companyName=%D8%A2%D8%B1%D8%AF%DB%8C%D9%86%D9%87&limit=180"
[GIN] 2026/09/29 - 01:28:43 | 204 |            0s |             ::1 | OPTIONS  "/api/SalesData2?companyName=%D8%A2%D8%B1%D8%AF%DB%8C%D9%86%D9%87"
[GIN] 2026/09/29 - 01:28:43 | 204 |            0s |             ::1 | OPTIONS  "/api/SalesData?companyName=%D8%A2%D8%B1%D8%AF%DB%8C%D9%86%D9%87"
[GIN] 2026/09/29 - 01:28:43 | 200 |            0s |             ::1 | GET      "/api/StockPriceScore?companyName=%D8%A2%D8%B1%D8%AF%DB%8C%D9%86%D9%87"
[GIN] 2026/09/29 - 01:28:43 | 204 |            0s |             ::1 | OPTIONS  "/api/price-history?companyName=%D8%A2%D8%B1%D8%AF%DB%8C%D9%86%D9%87&limit=180"
[GIN] 2026/09/29 - 01:28:43 | 204 |       608.9µs |             ::1 | OPTIONS  "/api/CompanyScores?companyName=%D8%A2%D8%B1%D8%AF%DB%8C%D9%86%D9%87"
[GIN] 2026/09/29 - 01:28:43 | 200 |    100.3193ms |             ::1 | GET      "/api/AllCompanyScores"
[GIN] 2026/09/29 - 01:28:44 | 200 |    802.9871ms |             ::1 | GET      "/api/price-history?companyName=%D8%A2%D8%B1%D8%AF%DB%8C%D9%86%D9%87&limit=180"
[GIN] 2026/09/29 - 01:28:44 | 200 |     10.1157ms |             ::1 | GET      "/api/price-history?companyName=%D8%A2%D8%B1%D8%AF%DB%8C%D9%86%D9%87&limit=180"
[GIN] 2026/09/29 - 01:28:45 | 200 |    1.2870738s |             ::1 | GET      "/api/SalesData2?companyName=%D8%A2%D8%B1%D8%AF%DB%8C%D9%86%D9%87"
[GIN] 2026/09/29 - 01:28:45 | 200 |    1.3834022s |             ::1 | GET      "/api/SalesData?companyName=%D8%A2%D8%B1%D8%AF%DB%8C%D9%86%D9%87"
[GIN] 2026/09/29 - 01:28:52 | 200 |    8.9158279s |             ::1 | GET      "/api/CompanyScores?companyName=%D8%A2%D8%B1%D8%AF%DB%8C%D9%86%D9%87"
[GIN] 2026/09/29 - 01:28:53 | 200 |     22.2628ms |             ::1 | GET      "/api/price-history?companyName=%D8%A2%D8%B1%D8%AF%DB%8C%D9%86%D9%87&limit=180"
[GIN] 2026/09/29 - 01:28:53 | 200 |      7.4139ms |             ::1 | GET      "/api/price-history?companyName=%D8%A2%D8%B1%D8%AF%DB%8C%D9%86%D9%87&limit=180"
[GIN] 2026/09/29 - 01:29:21 | 200 |      5.0028ms |             ::1 | GET      "/api/CompanyNames"
[GIN] 2026/09/29 - 01:29:24 | 204 |            0s |             ::1 | OPTIONS  "/api/portfolio"
[GIN] 2026/09/29 - 01:29:24 | 204 |            0s |             ::1 | OPTIONS  "/api/portfolio"
[GIN] 2026/09/29 - 01:29:24 | 200 |      10.537ms |             ::1 | GET      "/api/CompanyNames"
[GIN] 2026/09/29 - 01:29:24 | 200 |    166.7468ms |             ::1 | GET      "/api/summary?limit=1000"
[GIN] 2026/09/29 - 01:29:24 | 200 |    125.3926ms |             ::1 | GET      "/api/portfolio"
[GIN] 2026/09/29 - 01:29:24 | 200 |      1.0229ms |             ::1 | GET      "/api/portfolio"
[GIN] 2026/09/29 - 01:29:24 | 200 |    156.4044ms |             ::1 | GET      "/api/summary?limit=1000"
[GIN] 2026/09/29 - 01:29:27 | 200 |      4.0165ms |             ::1 | GET      "/api/CompanyNames"
[GIN] 2026/09/29 - 01:29:27 | 200 |      4.0045ms |             ::1 | GET      "/api/price-history?companyName=%D8%A2%D8%B1%D8%AF%DB%8C%D9%86%D9%87&limit=180"
[GIN] 2026/09/29 - 01:29:27 | 200 |      3.9921ms |             ::1 | GET      "/api/price-history?companyName=%D8%A2%D8%B1%D8%AF%DB%8C%D9%86%D9%87&limit=180"
[GIN] 2026/09/29 - 01:29:33 | 204 |            0s |             ::1 | OPTIONS  "/api/users/get-items"
[GIN] 2026/09/29 - 01:29:33 | 200 |            0s |             ::1 | POST     "/api/users/get-items"
[GIN] 2026/09/29 - 01:29:33 | 204 |            0s |             ::1 | OPTIONS  "/api/CompanyScores?companyName=%D8%A2%D8%B1%DB%8C%D8%A7"
[GIN] 2026/09/29 - 01:29:33 | 204 |            0s |             ::1 | OPTIONS  "/api/SalesData?companyName=%D8%A2%D8%B1%DB%8C%D8%A7"
[GIN] 2026/09/29 - 01:29:33 | 204 |            0s |             ::1 | OPTIONS  "/api/price-history?companyName=%D8%A2%D8%B1%DB%8C%D8%A7&limit=180"
[GIN] 2026/09/29 - 01:29:33 | 204 |            0s |             ::1 | OPTIONS  "/api/StockPriceScore?companyName=%D8%A2%D8%B1%DB%8C%D8%A7"
[GIN] 2026/09/29 - 01:29:33 | 204 |            0s |             ::1 | OPTIONS  "/api/SalesData2?companyName=%D8%A2%D8%B1%DB%8C%D8%A7"
[GIN] 2026/09/29 - 01:29:33 | 200 |            0s |             ::1 | GET      "/api/StockPriceScore?companyName=%D8%A2%D8%B1%DB%8C%D8%A7"
[GIN] 2026/09/29 - 01:29:33 | 200 |     56.6474ms |             ::1 | GET      "/api/CompanyScores?companyName=%D8%A2%D8%B1%DB%8C%D8%A7"
[GIN] 2026/09/29 - 01:29:33 | 200 |     60.6346ms |             ::1 | GET      "/api/SalesData2?companyName=%D8%A2%D8%B1%DB%8C%D8%A7"
[GIN] 2026/09/29 - 01:29:33 | 200 |     34.8634ms |             ::1 | GET      "/api/CompanyNames"
[GIN] 2026/09/29 - 01:29:33 | 200 |    209.8545ms |             ::1 | GET      "/api/AllCompanyScores"
[GIN] 2026/09/29 - 01:29:34 | 200 |    723.7404ms |             ::1 | GET      "/api/price-history?companyName=%D8%A2%D8%B1%DB%8C%D8%A7&limit=180"
[GIN] 2026/09/29 - 01:29:34 | 200 |    815.7578ms |             ::1 | GET      "/api/SalesData?companyName=%D8%A2%D8%B1%DB%8C%D8%A7"
[GIN] 2026/09/29 - 01:29:34 | 200 |      2.3521ms |             ::1 | GET      "/api/price-history?companyName=%D8%A2%D8%B1%DB%8C%D8%A7&limit=180"
[GIN] 2026/09/29 - 01:29:34 | 200 |      3.0332ms |             ::1 | GET      "/api/price-history?companyName=%D8%A2%D8%B1%DB%8C%D8%A7&limit=180"
[GIN] 2026/09/29 - 01:29:54 | 401 |            0s |             ::1 | GET      "/api/summary?limit=1000"
[GIN] 2026/09/29 - 01:29:54 | 401 |            0s |             ::1 | GET      "/api/CompanyNames"
[GIN] 2026/09/29 - 01:29:54 | 401 |            0s |             ::1 | GET      "/api/summary?limit=1000"
[GIN] 2026/09/29 - 01:29:54 | 401 |            0s |             ::1 | GET      "/api/CompanyNames"
[GIN] 2026/09/29 - 01:30:02 | 200 |     64.2019ms |             ::1 | POST     "/api/login"
[GIN] 2026/09/29 - 01:30:02 | 200 |      4.2165ms |             ::1 | GET      "/api/CompanyNames"
[GIN] 2026/09/29 - 01:30:03 | 200 |            0s |             ::1 | GET      "/api/StockPriceScore?companyName=%D8%A2%D8%B1%D8%AF%DB%8C%D9%86%D9%87"
[GIN] 2026/09/29 - 01:30:03 | 200 |      2.9878ms |             ::1 | GET      "/api/price-history?companyName=%D8%A2%D8%B1%D8%AF%DB%8C%D9%86%D9%87&limit=180"
[GIN] 2026/09/29 - 01:30:03 | 200 |     12.8737ms |             ::1 | GET      "/api/SalesData2?companyName=%D8%A2%D8%B1%D8%AF%DB%8C%D9%86%D9%87"
[GIN] 2026/09/29 - 01:30:03 | 200 |      7.0012ms |             ::1 | GET      "/api/price-history?companyName=%D8%A2%D8%B1%D8%AF%DB%8C%D9%86%D9%87&limit=180"
[GIN] 2026/09/29 - 01:30:03 | 200 |    130.4931ms |             ::1 | GET      "/api/AllCompanyScores"
[GIN] 2026/09/29 - 01:30:04 | 200 |    928.7973ms |             ::1 | GET      "/api/SalesData?companyName=%D8%A2%D8%B1%D8%AF%DB%8C%D9%86%D9%87"
[GIN] 2026/09/29 - 01:30:04 | 200 |    1.2450633s |             ::1 | GET      "/api/CompanyScores?companyName=%D8%A2%D8%B1%D8%AF%DB%8C%D9%86%D9%87"
[GIN] 2026/09/29 - 01:30:04 | 200 |     17.3693ms |             ::1 | GET      "/api/price-history?companyName=%D8%A2%D8%B1%D8%AF%DB%8C%D9%86%D9%87&limit=180"
[GIN] 2026/09/29 - 01:30:04 | 200 |     28.5882ms |             ::1 | GET      "/api/price-history?companyName=%D8%A2%D8%B1%D8%AF%DB%8C%D9%86%D9%87&limit=180"
[GIN] 2026/09/29 - 01:30:13 | 204 |            0s |             ::1 | OPTIONS  "/api/family/history"
[GIN] 2026/09/29 - 01:30:13 | 204 |            0s |             ::1 | OPTIONS  "/api/family/assets"
[GIN] 2026/09/29 - 01:30:13 | 204 |            0s |             ::1 | OPTIONS  "/api/family/history"
[GIN] 2026/09/29 - 01:30:13 | 204 |            0s |             ::1 | OPTIONS  "/api/family/broker"
[GIN] 2026/09/29 - 01:30:13 | 204 |            0s |             ::1 | OPTIONS  "/api/family/cashflows?limit=200"
[GIN] 2026/09/29 - 01:30:13 | 204 |            0s |             ::1 | OPTIONS  "/api/family/assets"
[GIN] 2026/09/29 - 01:30:13 | 204 |            0s |             ::1 | OPTIONS  "/api/family/cashflows?limit=200"
[GIN] 2026/09/29 - 01:30:13 | 204 |            0s |             ::1 | OPTIONS  "/api/family/broker"
[GIN] 2026/09/29 - 01:30:13 | 200 |       5.216ms |             ::1 | GET      "/api/CompanyNames"
[GIN] 2026/09/29 - 01:30:13 | 200 |     64.6473ms |             ::1 | GET      "/api/family/history"
[GIN] 2026/09/29 - 01:30:13 | 200 |    180.8732ms |             ::1 | GET      "/api/family/history"
[GIN] 2026/09/29 - 01:30:14 | 200 |    769.0798ms |             ::1 | GET      "/api/family/broker"
[GIN] 2026/09/29 - 01:30:14 | 200 |      1.9342ms |             ::1 | GET      "/api/family/broker"
[GIN] 2026/09/29 - 01:30:14 | 200 |    973.0233ms |             ::1 | GET      "/api/family/cashflows?limit=200"
[GIN] 2026/09/29 - 01:30:14 | 200 |      3.9989ms |             ::1 | GET      "/api/family/cashflows?limit=200"
[GIN] 2026/09/29 - 01:30:14 | 200 |    1.0979956s |             ::1 | GET      "/api/family/assets"
[GIN] 2026/09/29 - 01:30:14 | 200 |     11.7052ms |             ::1 | GET      "/api/family/assets"
[GIN] 2026/09/29 - 04:13:53 | 200 |    367.4184ms |             ::1 | GET      "/api/SalesData?companyName=%D8%AF%D8%A7%D9%86%D8%A7"
[GIN] 2026/09/29 - 04:13:53 | 200 |      6.9137ms |             ::1 | GET      "/api/SalesData?companyName=%D8%B3%D8%A7%D9%88%D9%87"
[GIN] 2026/09/29 - 04:13:53 | 200 |      6.8755ms |             ::1 | GET      "/api/SalesData?companyName=%D9%88%D8%B3%D9%BE%D9%87"
[GIN] 2026/09/29 - 04:13:53 | 200 |      6.2137ms |             ::1 | GET      "/api/SalesData?companyName=%D8%B3%D8%B1%DA%86%D8%B4%D9%85%D9%87"
[GIN] 2026/09/29 - 04:13:53 | 200 |      7.6649ms |             ::1 | GET      "/api/SalesData?companyName=%D8%A8%D8%B1%DA%A9%D8%AA"
[GIN] 2026/09/29 - 04:13:53 | 200 |      8.0543ms |             ::1 | GET      "/api/SalesData?companyName=%D9%88%D8%AE%D8%A7%D8%B1%D8%B2%D9%85"
[GIN] 2026/09/29 - 04:13:53 | 200 |      4.2368ms |             ::1 | GET      "/api/SalesData?companyName=%D8%BA%DA%AF%DB%8C%D9%84%D8%A7"
[GIN] 2026/09/29 - 04:13:53 | 200 |      3.6666ms |             ::1 | GET      "/api/SalesData?companyName=%D8%BA%D9%BE%D8%A7%DA%A9"
[GIN] 2026/09/29 - 04:13:53 | 200 |      3.6101ms |             ::1 | GET      "/api/SalesData?companyName=%D8%A7%D8%B1%D9%88%D9%86%D8%AF"
[GIN] 2026/09/29 - 04:13:53 | 200 |      4.5166ms |             ::1 | GET      "/api/SalesData?companyName=%D8%A8%D9%BE%DB%8C%D9%88%D9%86%D8%AF"
[GIN] 2026/09/29 - 04:13:53 | 200 |      3.5785ms |             ::1 | GET      "/api/SalesData?companyName=%DA%A9%D8%A7%D8%B3%D9%BE%DB%8C%D9%86"
[GIN] 2026/09/29 - 04:13:53 | 200 |      3.2876ms |             ::1 | GET      "/api/SalesData?companyName=%D9%81%D9%88%D9%84%D8%A7%D8%AF"
[GIN] 2026/09/29 - 04:13:53 | 200 |      4.3704ms |             ::1 | GET      "/api/SalesData?companyName=%D8%AE%D9%88%D8%AF%D8%B1%D9%88"
[GIN] 2026/09/29 - 04:13:53 | 200 |      3.4041ms |             ::1 | GET      "/api/SalesData?companyName=%D9%81%D9%85%D9%84%DB%8C"
[GIN] 2026/09/29 - 04:13:53 | 200 |      3.3347ms |             ::1 | GET      "/api/SalesData?companyName=%D8%B4%D8%A8%D9%86%D8%AF%D8%B1"
[GIN] 2026/09/29 - 04:13:53 | 200 |      3.7663ms |             ::1 | GET      "/api/SalesData?companyName=%D8%A8%D8%B2%D8%A7%DA%AF%D8%B1%D8%B3"
[GIN] 2026/09/29 - 04:14:27 | 200 |      4.1694ms |             ::1 | GET      "/api/SalesData?companyName=%D9%88%D8%B3%D9%BE%D9%87"
[GIN] 2026/09/29 - 08:28:07 | 204 |            0s |             ::1 | OPTIONS  "/api/summary?limit=1000"
[GIN] 2026/09/29 - 08:28:07 | 204 |            0s |             ::1 | OPTIONS  "/api/CompanyNames"
[GIN] 2026/09/29 - 08:28:07 | 204 |            0s |             ::1 | OPTIONS  "/api/summary?limit=1000"
[GIN] 2026/09/29 - 08:28:07 | 204 |            0s |             ::1 | OPTIONS  "/api/CompanyNames"
[GIN] 2026/09/29 - 08:28:07 | 200 |    512.8428ms |             ::1 | GET      "/api/CompanyNames"
[GIN] 2026/09/29 - 08:28:07 | 204 |            0s |             ::1 | OPTIONS  "/api/SalesData?companyName=%D8%A2%D8%B1%D8%AF%DB%8C%D9%86%D9%87"
[GIN] 2026/09/29 - 08:28:07 | 204 |            0s |             ::1 | OPTIONS  "/api/SalesData2?companyName=%D8%A2%D8%B1%D8%AF%DB%8C%D9%86%D9%87"
[GIN] 2026/09/29 - 08:28:07 | 200 |      4.7821ms |             ::1 | GET      "/api/CompanyNames"
[GIN] 2026/09/29 - 08:28:08 | 204 |            0s |             ::1 | OPTIONS  "/api/CompanyScores?companyName=%D8%A2%D8%B1%D8%AF%DB%8C%D9%86%D9%87"
[GIN] 2026/09/29 - 08:28:08 | 204 |            0s |             ::1 | OPTIONS  "/api/AllCompanyScores"
[GIN] 2026/09/29 - 08:28:08 | 204 |            0s |             ::1 | OPTIONS  "/api/StockPriceScore?companyName=%D8%A2%D8%B1%D8%AF%DB%8C%D9%86%D9%87"
[GIN] 2026/09/29 - 08:28:08 | 200 |            0s |             ::1 | GET      "/api/StockPriceScore?companyName=%D8%A2%D8%B1%D8%AF%DB%8C%D9%86%D9%87"
[GIN] 2026/09/29 - 08:28:08 | 200 |    403.4258ms |             ::1 | GET      "/api/SalesData?companyName=%D8%A2%D8%B1%D8%AF%DB%8C%D9%86%D9%87"
[GIN] 2026/09/29 - 08:28:08 | 200 |    517.3175ms |             ::1 | GET      "/api/SalesData2?companyName=%D8%A2%D8%B1%D8%AF%DB%8C%D9%86%D9%87"
[GIN] 2026/09/29 - 08:28:09 | 200 |    2.2205511s |             ::1 | GET      "/api/summary?limit=1000"
[GIN] 2026/09/29 - 08:28:09 | 200 |    1.3618225s |             ::1 | GET      "/api/AllCompanyScores"
[GIN] 2026/09/29 - 08:28:09 | 200 |     90.2515ms |             ::1 | GET      "/api/summary?limit=1000"
[GIN] 2026/09/29 - 08:28:13 | 200 |      7.2953ms |             ::1 | GET      "/api/CompanyNames"
[GIN] 2026/09/29 - 08:28:23 | 503 |   15.0004434s |             ::1 | GET      "/api/CompanyScores?companyName=%D8%A2%D8%B1%D8%AF%DB%8C%D9%86%D9%87"
[GIN] 2026/09/29 - 08:28:23 | 204 |            0s |             ::1 | OPTIONS  "/api/price-history?companyName=%D8%A2%D8%B1%D8%AF%DB%8C%D9%86%D9%87&limit=180"
[GIN] 2026/09/29 - 08:28:23 | 204 |            0s |             ::1 | OPTIONS  "/api/price-history?companyName=%D8%A2%D8%B1%D8%AF%DB%8C%D9%86%D9%87&limit=180"
[GIN] 2026/09/29 - 08:28:23 | 200 |      4.7051ms |             ::1 | GET      "/api/price-history?companyName=%D8%A2%D8%B1%D8%AF%DB%8C%D9%86%D9%87&limit=180"
[GIN] 2026/09/29 - 08:28:23 | 200 |      3.2469ms |             ::1 | GET      "/api/price-history?companyName=%D8%A2%D8%B1%D8%AF%DB%8C%D9%86%D9%87&limit=180"
[GIN] 2026/09/29 - 08:28:36 | 204 |       929.1µs |             ::1 | OPTIONS  "/api/users/get-items"
[GIN] 2026/09/29 - 08:28:36 | 200 |            0s |             ::1 | POST     "/api/users/get-items"
[GIN] 2026/09/29 - 08:28:36 | 204 |            0s |             ::1 | OPTIONS  "/api/price-history?companyName=%D8%A7%D8%B1%D9%81%D8%B9&limit=180"
[GIN] 2026/09/29 - 08:28:36 | 204 |            0s |             ::1 | OPTIONS  "/api/SalesData2?companyName=%D8%A7%D8%B1%D9%81%D8%B9"
[GIN] 2026/09/29 - 08:28:36 | 204 |            0s |             ::1 | OPTIONS  "/api/SalesData?companyName=%D8%A7%D8%B1%D9%81%D8%B9"
[GIN] 2026/09/29 - 08:28:36 | 204 |            0s |             ::1 | OPTIONS  "/api/StockPriceScore?companyName=%D8%A7%D8%B1%D9%81%D8%B9"
[GIN] 2026/09/29 - 08:28:36 | 204 |            0s |             ::1 | OPTIONS  "/api/CompanyScores?companyName=%D8%A7%D8%B1%D9%81%D8%B9"
[GIN] 2026/09/29 - 08:28:36 | 200 |      6.1039ms |             ::1 | GET      "/api/CompanyNames"
[GIN] 2026/09/29 - 08:28:36 | 200 |     16.1102ms |             ::1 | GET      "/api/price-history?companyName=%D8%A7%D8%B1%D9%81%D8%B9&limit=180"
[GIN] 2026/09/29 - 08:28:36 | 200 |     81.9742ms |             ::1 | GET      "/api/AllCompanyScores"
[GIN] 2026/09/29 - 08:28:36 | 200 |            0s |             ::1 | GET      "/api/StockPriceScore?companyName=%D8%A7%D8%B1%D9%81%D8%B9"
[GIN] 2026/09/29 - 08:28:36 | 200 |    150.2262ms |             ::1 | GET      "/api/SalesData?companyName=%D8%A7%D8%B1%D9%81%D8%B9"
[GIN] 2026/09/29 - 08:28:37 | 200 |     416.722ms |             ::1 | GET      "/api/SalesData2?companyName=%D8%A7%D8%B1%D9%81%D8%B9"
[GIN] 2026/09/29 - 08:28:51 | 503 |   15.0006017s |             ::1 | GET      "/api/CompanyScores?companyName=%D8%A7%D8%B1%D9%81%D8%B9"
[GIN] 2026/09/29 - 08:28:51 | 200 |       4.003ms |             ::1 | GET      "/api/price-history?companyName=%D8%A7%D8%B1%D9%81%D8%B9&limit=180"
[GIN] 2026/09/29 - 08:28:51 | 200 |      3.9999ms |             ::1 | GET      "/api/price-history?companyName=%D8%A7%D8%B1%D9%81%D8%B9&limit=180"
[GIN] 2026/09/29 - 08:31:01 | 204 |            0s |             ::1 | OPTIONS  "/api/price-history?companyName=%D8%A7%D8%B1%D9%81%D8%B9&limit=90"
[GIN] 2026/09/29 - 08:31:01 | 200 |      5.4837ms |             ::1 | GET      "/api/price-history?companyName=%D8%A7%D8%B1%D9%81%D8%B9&limit=90"
[GIN] 2026/09/29 - 08:31:02 | 204 |            0s |             ::1 | OPTIONS  "/api/price-history?companyName=%D8%A7%D8%B1%D9%81%D8%B9&limit=30"
[GIN] 2026/09/29 - 08:31:02 | 200 |      2.5416ms |             ::1 | GET      "/api/price-history?companyName=%D8%A7%D8%B1%D9%81%D8%B9&limit=30"
[GIN] 2026/09/29 - 08:31:03 | 204 |            0s |             ::1 | OPTIONS  "/api/price-history?companyName=%D8%A7%D8%B1%D9%81%D8%B9&limit=365"
[GIN] 2026/09/29 - 08:31:03 | 200 |      4.9999ms |             ::1 | GET      "/api/price-history?companyName=%D8%A7%D8%B1%D9%81%D8%B9&limit=365"
[GIN] 2026/09/29 - 08:31:04 | 204 |            0s |             ::1 | OPTIONS  "/api/price-history?companyName=%D8%A7%D8%B1%D9%81%D8%B9&limit=5000"
[GIN] 2026/09/29 - 08:31:04 | 200 |     21.5721ms |             ::1 | GET      "/api/price-history?companyName=%D8%A7%D8%B1%D9%81%D8%B9&limit=5000"
[GIN] 2026/09/29 - 08:31:06 | 200 |     13.8114ms |             ::1 | GET      "/api/price-history?companyName=%D8%A7%D8%B1%D9%81%D8%B9&limit=180"
[GIN] 2026/09/29 - 08:31:11 | 204 |            0s |             ::1 | OPTIONS  "/api/family/assets"
[GIN] 2026/09/29 - 08:31:11 | 204 |            0s |             ::1 | OPTIONS  "/api/family/cashflows?limit=200"
[GIN] 2026/09/29 - 08:31:11 | 204 |            0s |             ::1 | OPTIONS  "/api/family/assets"
[GIN] 2026/09/29 - 08:31:11 | 204 |            0s |             ::1 | OPTIONS  "/api/family/broker"
[GIN] 2026/09/29 - 08:31:11 | 204 |            0s |             ::1 | OPTIONS  "/api/family/history"
[GIN] 2026/09/29 - 08:31:11 | 204 |            0s |             ::1 | OPTIONS  "/api/family/history"
[GIN] 2026/09/29 - 08:31:11 | 204 |            0s |             ::1 | OPTIONS  "/api/family/cashflows?limit=200"
[GIN] 2026/09/29 - 08:31:11 | 204 |            0s |             ::1 | OPTIONS  "/api/family/broker"
[GIN] 2026/09/29 - 08:31:11 | 200 |    177.9457ms |             ::1 | GET      "/api/CompanyNames"
[GIN] 2026/09/29 - 08:31:11 | 200 |     25.1117ms |             ::1 | GET      "/api/SalesData?companyName=%D8%A2%D8%B1%D8%AF%DB%8C%D9%86%D9%87"
[GIN] 2026/09/29 - 08:31:13 | 200 |    2.1995672s |             ::1 | GET      "/api/family/broker"
[GIN] 2026/09/29 - 08:31:13 | 200 |    2.3381585s |             ::1 | GET      "/api/SalesData2?companyName=%D8%A2%D8%B1%D8%AF%DB%8C%D9%86%D9%87"
[GIN] 2026/09/29 - 08:31:13 | 200 |            0s |             ::1 | GET      "/api/StockPriceScore?companyName=%D8%A2%D8%B1%D8%AF%DB%8C%D9%86%D9%87"
[GIN] 2026/09/29 - 08:31:13 | 200 |      1.0032ms |             ::1 | GET      "/api/family/broker"
[GIN] 2026/09/29 - 08:31:14 | 200 |    2.7520039s |             ::1 | GET      "/api/family/cashflows?limit=200"
[GIN] 2026/09/29 - 08:31:14 | 200 |      8.2839ms |             ::1 | GET      "/api/family/cashflows?limit=200"
[GIN] 2026/09/29 - 08:31:14 | 200 |    3.2436215s |             ::1 | GET      "/api/family/assets"
[GIN] 2026/09/29 - 08:31:14 | 200 |    3.1944581s |             ::1 | GET      "/api/family/history"
[GIN] 2026/09/29 - 08:31:14 | 200 |     31.8741ms |             ::1 | GET      "/api/family/assets"
[GIN] 2026/09/29 - 08:31:14 | 200 |    1.2039443s |             ::1 | GET      "/api/AllCompanyScores"
[GIN] 2026/09/29 - 08:31:14 | 200 |    178.2184ms |             ::1 | GET      "/api/family/history"
[GIN] 2026/09/29 - 08:31:15 | 200 |    4.3356761s |             ::1 | GET      "/api/CompanyScores?companyName=%D8%A2%D8%B1%D8%AF%DB%8C%D9%86%D9%87"
[GIN] 2026/09/29 - 08:31:31 | 200 |      7.9964ms |             ::1 | GET      "/api/price-history?companyName=%D8%A2%D8%B1%D8%AF%DB%8C%D9%86%D9%87&limit=180"
[GIN] 2026/09/29 - 08:31:31 | 200 |     18.0987ms |             ::1 | GET      "/api/CompanyNames"
[GIN] 2026/09/29 - 08:31:31 | 200 |      4.4856ms |             ::1 | GET      "/api/price-history?companyName=%D8%A2%D8%B1%D8%AF%DB%8C%D9%86%D9%87&limit=180"
[GIN] 2026/09/29 - 08:31:33 | 200 |            0s |             ::1 | POST     "/api/users/get-items"
[GIN] 2026/09/29 - 08:31:33 | 200 |      3.0022ms |             ::1 | GET      "/api/price-history?companyName=%D8%A7%D8%B1%D9%81%D8%B9&limit=180"
[GIN] 2026/09/29 - 08:31:33 | 200 |      1.0333ms |             ::1 | GET      "/api/StockPriceScore?companyName=%D8%A7%D8%B1%D9%81%D8%B9"
[GIN] 2026/09/29 - 08:31:33 | 200 |      7.7759ms |             ::1 | GET      "/api/SalesData2?companyName=%D8%A7%D8%B1%D9%81%D8%B9"
[GIN] 2026/09/29 - 08:31:33 | 200 |     16.3675ms |             ::1 | GET      "/api/SalesData?companyName=%D8%A7%D8%B1%D9%81%D8%B9"
[GIN] 2026/09/29 - 08:31:33 | 200 |      4.1248ms |             ::1 | GET      "/api/CompanyNames"
[GIN] 2026/09/29 - 08:31:34 | 200 |    664.5635ms |             ::1 | GET      "/api/AllCompanyScores"
[GIN] 2026/09/29 - 08:31:34 | 200 |    667.7413ms |             ::1 | GET      "/api/CompanyScores?companyName=%D8%A7%D8%B1%D9%81%D8%B9"
[GIN] 2026/09/29 - 08:31:34 | 200 |      4.6246ms |             ::1 | GET      "/api/price-history?companyName=%D8%A7%D8%B1%D9%81%D8%B9&limit=180"
[GIN] 2026/09/29 - 08:31:34 | 200 |      3.0581ms |             ::1 | GET      "/api/price-history?companyName=%D8%A7%D8%B1%D9%81%D8%B9&limit=180"
[GIN] 2026/09/29 - 08:31:41 | 200 |            0s |             ::1 | POST     "/api/users/get-items"
[GIN] 2026/09/29 - 08:31:41 | 204 |            0s |             ::1 | OPTIONS  "/api/price-history?companyName=%D8%A7%D8%B1%D9%88%D9%86%D8%AF&limit=180"
[GIN] 2026/09/29 - 08:31:41 | 204 |            0s |             ::1 | OPTIONS  "/api/SalesData?companyName=%D8%A7%D8%B1%D9%88%D9%86%D8%AF"
[GIN] 2026/09/29 - 08:31:41 | 204 |            0s |             ::1 | OPTIONS  "/api/CompanyScores?companyName=%D8%A7%D8%B1%D9%88%D9%86%D8%AF"
[GIN] 2026/09/29 - 08:31:41 | 204 |            0s |             ::1 | OPTIONS  "/api/StockPriceScore?companyName=%D8%A7%D8%B1%D9%88%D9%86%D8%AF"
[GIN] 2026/09/29 - 08:31:41 | 204 |            0s |             ::1 | OPTIONS  "/api/SalesData2?companyName=%D8%A7%D8%B1%D9%88%D9%86%D8%AF"
[GIN] 2026/09/29 - 08:31:41 | 200 |            0s |             ::1 | GET      "/api/StockPriceScore?companyName=%D8%A7%D8%B1%D9%88%D9%86%D8%AF"
[GIN] 2026/09/29 - 08:31:41 | 200 |      6.5303ms |             ::1 | GET      "/api/price-history?companyName=%D8%A7%D8%B1%D9%88%D9%86%D8%AF&limit=180"
[GIN] 2026/09/29 - 08:31:41 | 200 |    112.9248ms |             ::1 | GET      "/api/AllCompanyScores"
[GIN] 2026/09/29 - 08:31:41 | 200 |     26.7361ms |             ::1 | GET      "/api/SalesData2?companyName=%D8%A7%D8%B1%D9%88%D9%86%D8%AF"
[GIN] 2026/09/29 - 08:31:41 | 200 |    248.1802ms |             ::1 | GET      "/api/SalesData?companyName=%D8%A7%D8%B1%D9%88%D9%86%D8%AF"
[GIN] 2026/09/29 - 08:31:42 | 200 |    850.0411ms |             ::1 | GET      "/api/CompanyScores?companyName=%D8%A7%D8%B1%D9%88%D9%86%D8%AF"
[GIN] 2026/09/29 - 08:31:42 | 200 |     886.884ms |             ::1 | GET      "/api/CompanyNames"
[GIN] 2026/09/29 - 08:31:42 | 200 |      2.3942ms |             ::1 | GET      "/api/price-history?companyName=%D8%A7%D8%B1%D9%88%D9%86%D8%AF&limit=180"
[GIN] 2026/09/29 - 08:31:42 | 200 |      3.3722ms |             ::1 | GET      "/api/price-history?companyName=%D8%A7%D8%B1%D9%88%D9%86%D8%AF&limit=180"
[GIN] 2026/09/29 - 08:31:44 | 200 |      1.0051ms |             ::1 | POST     "/api/users/get-items"
[GIN] 2026/09/29 - 08:31:44 | 200 |      4.9763ms |             ::1 | GET      "/api/price-history?companyName=%D8%A7%D8%B1%D9%81%D8%B9&limit=180"
[GIN] 2026/09/29 - 08:31:44 | 200 |       17.52ms |             ::1 | GET      "/api/CompanyScores?companyName=%D8%A7%D8%B1%D9%81%D8%B9"
[GIN] 2026/09/29 - 08:31:44 | 200 |       519.8µs |             ::1 | GET      "/api/StockPriceScore?companyName=%D8%A7%D8%B1%D9%81%D8%B9"
[GIN] 2026/09/29 - 08:31:44 | 200 |      9.1536ms |             ::1 | GET      "/api/CompanyNames"
[GIN] 2026/09/29 - 08:31:44 | 200 |     80.1445ms |             ::1 | GET      "/api/AllCompanyScores"
[GIN] 2026/09/29 - 08:31:45 | 200 |    539.3024ms |             ::1 | GET      "/api/SalesData?companyName=%D8%A7%D8%B1%D9%81%D8%B9"
[GIN] 2026/09/29 - 08:31:45 | 200 |    647.4461ms |             ::1 | GET      "/api/SalesData2?companyName=%D8%A7%D8%B1%D9%81%D8%B9"
[GIN] 2026/09/29 - 08:31:45 | 200 |      3.6692ms |             ::1 | GET      "/api/price-history?companyName=%D8%A7%D8%B1%D9%81%D8%B9&limit=180"
[GIN] 2026/09/29 - 08:31:45 | 200 |      2.5284ms |             ::1 | GET      "/api/price-history?companyName=%D8%A7%D8%B1%D9%81%D8%B9&limit=180"
[GIN] 2026/09/29 - 08:31:47 | 200 |      6.5422ms |             ::1 | POST     "/api/users/get-items"
[GIN] 2026/09/29 - 08:31:47 | 200 |       7.001ms |             ::1 | GET      "/api/price-history?companyName=%D8%A7%D8%B1%D9%88%D9%86%D8%AF&limit=180"
[GIN] 2026/09/29 - 08:31:47 | 200 |     13.5471ms |             ::1 | GET      "/api/CompanyScores?companyName=%D8%A7%D8%B1%D9%88%D9%86%D8%AF"
[GIN] 2026/09/29 - 08:31:47 | 200 |            0s |             ::1 | GET      "/api/StockPriceScore?companyName=%D8%A7%D8%B1%D9%88%D9%86%D8%AF"
[GIN] 2026/09/29 - 08:31:47 | 200 |     14.2994ms |             ::1 | GET      "/api/SalesData?companyName=%D8%A7%D8%B1%D9%88%D9%86%D8%AF"
[GIN] 2026/09/29 - 08:31:47 | 200 |      3.8661ms |             ::1 | GET      "/api/CompanyNames"
[GIN] 2026/09/29 - 08:31:47 | 200 |    567.1999ms |             ::1 | GET      "/api/SalesData2?companyName=%D8%A7%D8%B1%D9%88%D9%86%D8%AF"
[GIN] 2026/09/29 - 08:31:48 | 200 |    829.4634ms |             ::1 | GET      "/api/AllCompanyScores"
[GIN] 2026/09/29 - 08:31:48 | 200 |       5.655ms |             ::1 | GET      "/api/price-history?companyName=%D8%A7%D8%B1%D9%88%D9%86%D8%AF&limit=180"
[GIN] 2026/09/29 - 08:31:48 | 200 |      2.5489ms |             ::1 | GET      "/api/price-history?companyName=%D8%A7%D8%B1%D9%88%D9%86%D8%AF&limit=180"
[GIN] 2026/09/29 - 08:31:57 | 200 |       947.3µs |             ::1 | POST     "/api/users/get-items"
[GIN] 2026/09/29 - 08:31:57 | 204 |            0s |             ::1 | OPTIONS  "/api/SalesData2?companyName=%DA%A9%D8%A7%D8%B3%D9%BE%DB%8C%D9%86"
[GIN] 2026/09/29 - 08:31:57 | 204 |            0s |             ::1 | OPTIONS  "/api/price-history?companyName=%DA%A9%D8%A7%D8%B3%D9%BE%DB%8C%D9%86&limit=180"
[GIN] 2026/09/29 - 08:31:57 | 204 |            0s |             ::1 | OPTIONS  "/api/SalesData?companyName=%DA%A9%D8%A7%D8%B3%D9%BE%DB%8C%D9%86"
[GIN] 2026/09/29 - 08:31:57 | 204 |            0s |             ::1 | OPTIONS  "/api/CompanyScores?companyName=%DA%A9%D8%A7%D8%B3%D9%BE%DB%8C%D9%86"
[GIN] 2026/09/29 - 08:31:57 | 204 |            0s |             ::1 | OPTIONS  "/api/StockPriceScore?companyName=%DA%A9%D8%A7%D8%B3%D9%BE%DB%8C%D9%86"
[GIN] 2026/09/29 - 08:31:57 | 200 |      5.4135ms |             ::1 | GET      "/api/CompanyNames"
[GIN] 2026/09/29 - 08:31:57 | 200 |            0s |             ::1 | GET      "/api/StockPriceScore?companyName=%DA%A9%D8%A7%D8%B3%D9%BE%DB%8C%D9%86"
[GIN] 2026/09/29 - 08:31:57 | 200 |    127.5872ms |             ::1 | GET      "/api/price-history?companyName=%DA%A9%D8%A7%D8%B3%D9%BE%DB%8C%D9%86&limit=180"
[GIN] 2026/09/29 - 08:31:58 | 200 |    326.6905ms |             ::1 | GET      "/api/SalesData?companyName=%DA%A9%D8%A7%D8%B3%D9%BE%DB%8C%D9%86"
[GIN] 2026/09/29 - 08:31:58 | 200 |    596.5991ms |             ::1 | GET      "/api/AllCompanyScores"
[GIN] 2026/09/29 - 08:31:58 | 200 |    1.4375239s |             ::1 | GET      "/api/CompanyScores?companyName=%DA%A9%D8%A7%D8%B3%D9%BE%DB%8C%D9%86"
[GIN] 2026/09/29 - 08:31:58 | 200 |    1.4642328s |             ::1 | GET      "/api/SalesData2?companyName=%DA%A9%D8%A7%D8%B3%D9%BE%DB%8C%D9%86"
[GIN] 2026/09/29 - 08:31:59 | 200 |       4.055ms |             ::1 | GET      "/api/price-history?companyName=%DA%A9%D8%A7%D8%B3%D9%BE%DB%8C%D9%86&limit=180"
[GIN] 2026/09/29 - 08:31:59 | 200 |      2.9966ms |             ::1 | GET      "/api/price-history?companyName=%DA%A9%D8%A7%D8%B3%D9%BE%DB%8C%D9%86&limit=180"
[GIN] 2026/09/29 - 08:33:49 | 204 |            0s |             ::1 | OPTIONS  "/api/price-history?companyName=%DA%A9%D8%A7%D8%B3%D9%BE%DB%8C%D9%86&limit=5000"
[GIN] 2026/09/29 - 08:33:49 | 200 |     19.3364ms |             ::1 | GET      "/api/price-history?companyName=%DA%A9%D8%A7%D8%B3%D9%BE%DB%8C%D9%86&limit=5000"
[GIN] 2026/09/29 - 08:34:46 | 200 |     10.1386ms |             ::1 | GET      "/api/family/assets"
[GIN] 2026/09/29 - 08:34:46 | 200 |      1.5459ms |             ::1 | GET      "/api/family/broker"
[GIN] 2026/09/29 - 08:34:46 | 200 |      3.9636ms |             ::1 | GET      "/api/CompanyNames"
[GIN] 2026/09/29 - 08:34:46 | 200 |     27.1138ms |             ::1 | GET      "/api/family/assets"
[GIN] 2026/09/29 - 08:34:46 | 200 |      2.0003ms |             ::1 | GET      "/api/family/broker"
[GIN] 2026/09/29 - 08:34:46 | 200 |     21.0738ms |             ::1 | GET      "/api/SalesData?companyName=%D8%A2%D8%B1%D8%AF%DB%8C%D9%86%D9%87"
[GIN] 2026/09/29 - 08:34:47 | 200 |     19.5346ms |             ::1 | GET      "/api/SalesData2?companyName=%D8%A2%D8%B1%D8%AF%DB%8C%D9%86%D9%87"
[GIN] 2026/09/29 - 08:34:47 | 200 |            0s |             ::1 | GET      "/api/StockPriceScore?companyName=%D8%A2%D8%B1%D8%AF%DB%8C%D9%86%D9%87"
[GIN] 2026/09/29 - 08:34:47 | 200 |    388.9172ms |             ::1 | GET      "/api/family/history"
[GIN] 2026/09/29 - 08:34:47 | 200 |    211.1456ms |             ::1 | GET      "/api/family/history"
[GIN] 2026/09/29 - 08:34:48 | 200 |    1.1806699s |             ::1 | GET      "/api/family/cashflows?limit=200"
[GIN] 2026/09/29 - 08:34:48 | 200 |    1.0499176s |             ::1 | GET      "/api/CompanyScores?companyName=%D8%A2%D8%B1%D8%AF%DB%8C%D9%86%D9%87"
[GIN] 2026/09/29 - 08:34:48 | 200 |      8.6205ms |             ::1 | GET      "/api/family/cashflows?limit=200"
[GIN] 2026/09/29 - 08:34:48 | 200 |    1.4256692s |             ::1 | GET      "/api/AllCompanyScores"
[GIN] 2026/09/29 - 08:34:57 | 200 |      2.7842ms |             ::1 | GET      "/api/price-history?companyName=%D8%A2%D8%B1%D8%AF%DB%8C%D9%86%D9%87&limit=180"
[GIN] 2026/09/29 - 08:34:57 | 200 |       5.123ms |             ::1 | GET      "/api/CompanyNames"
[GIN] 2026/09/29 - 08:34:57 | 200 |      2.7205ms |             ::1 | GET      "/api/price-history?companyName=%D8%A2%D8%B1%D8%AF%DB%8C%D9%86%D9%87&limit=180"
[GIN] 2026/09/29 - 08:35:04 | 200 |            0s |             ::1 | POST     "/api/users/get-items"
[GIN] 2026/09/29 - 08:35:04 | 204 |            0s |             ::1 | OPTIONS  "/api/CompanyScores?companyName=%DA%A9%D8%A7%D9%84%D8%A7"
[GIN] 2026/09/29 - 08:35:04 | 204 |            0s |             ::1 | OPTIONS  "/api/SalesData?companyName=%DA%A9%D8%A7%D9%84%D8%A7"
[GIN] 2026/09/29 - 08:35:04 | 204 |            0s |             ::1 | OPTIONS  "/api/StockPriceScore?companyName=%DA%A9%D8%A7%D9%84%D8%A7"
[GIN] 2026/09/29 - 08:35:04 | 204 |            0s |             ::1 | OPTIONS  "/api/price-history?companyName=%DA%A9%D8%A7%D9%84%D8%A7&limit=180"
[GIN] 2026/09/29 - 08:35:04 | 204 |            0s |             ::1 | OPTIONS  "/api/SalesData2?companyName=%DA%A9%D8%A7%D9%84%D8%A7"
[GIN] 2026/09/29 - 08:35:05 | 200 |       7.238ms |             ::1 | GET      "/api/SalesData?companyName=%DA%A9%D8%A7%D9%84%D8%A7"
[GIN] 2026/09/29 - 08:35:05 | 200 |            0s |             ::1 | GET      "/api/StockPriceScore?companyName=%DA%A9%D8%A7%D9%84%D8%A7"
[GIN] 2026/09/29 - 08:35:05 | 200 |      7.2528ms |             ::1 | GET      "/api/price-history?companyName=%DA%A9%D8%A7%D9%84%D8%A7&limit=180"
[GIN] 2026/09/29 - 08:35:05 | 200 |    109.7622ms |             ::1 | GET      "/api/AllCompanyScores"
[GIN] 2026/09/29 - 08:35:05 | 200 |     17.9357ms |             ::1 | GET      "/api/SalesData2?companyName=%DA%A9%D8%A7%D9%84%D8%A7"
[GIN] 2026/09/29 - 08:35:05 | 200 |    830.8172ms |             ::1 | GET      "/api/CompanyScores?companyName=%DA%A9%D8%A7%D9%84%D8%A7"
[GIN] 2026/09/29 - 08:35:05 | 200 |    890.9433ms |             ::1 | GET      "/api/CompanyNames"
[GIN] 2026/09/29 - 08:35:08 | 200 |        2.09ms |             ::1 | GET      "/api/price-history?companyName=%DA%A9%D8%A7%D9%84%D8%A7&limit=180"
[GIN] 2026/09/29 - 08:35:08 | 200 |      3.0799ms |             ::1 | GET      "/api/price-history?companyName=%DA%A9%D8%A7%D9%84%D8%A7&limit=180"
[GIN] 2026/09/29 - 08:35:25 | 200 |      5.1627ms |             ::1 | GET      "/api/CompanyNames"
[GIN] 2026/09/29 - 08:35:26 | 200 |            0s |             ::1 | GET      "/api/StockPriceScore?companyName=%D8%A2%D8%B1%D8%AF%DB%8C%D9%86%D9%87"
[GIN] 2026/09/29 - 08:35:26 | 200 |      5.2485ms |             ::1 | GET      "/api/SalesData?companyName=%D8%A2%D8%B1%D8%AF%DB%8C%D9%86%D9%87"
[GIN] 2026/09/29 - 08:35:26 | 200 |       8.344ms |             ::1 | GET      "/api/CompanyScores?companyName=%D8%A2%D8%B1%D8%AF%DB%8C%D9%86%D9%87"
[GIN] 2026/09/29 - 08:35:26 | 200 |    527.8972ms |             ::1 | GET      "/api/SalesData2?companyName=%D8%A2%D8%B1%D8%AF%DB%8C%D9%86%D9%87"
[GIN] 2026/09/29 - 08:35:26 | 200 |    712.4235ms |             ::1 | GET      "/api/AllCompanyScores"
[GIN] 2026/09/29 - 08:35:32 | 200 |            0s |             ::1 | POST     "/api/users/get-items"
[GIN] 2026/09/29 - 08:35:32 | 200 |        3.76ms |             ::1 | GET      "/api/price-history?companyName=%D8%A2%D8%B1%D8%AF%DB%8C%D9%86%D9%87&limit=180"
[GIN] 2026/09/29 - 08:35:32 | 200 |      3.4498ms |             ::1 | GET      "/api/CompanyNames"
[GIN] 2026/09/29 - 08:35:32 | 200 |       3.825ms |             ::1 | GET      "/api/price-history?companyName=%D8%A2%D8%B1%D8%AF%DB%8C%D9%86%D9%87&limit=180"
[GIN] 2026/09/29 - 08:35:35 | 200 |      5.3689ms |             ::1 | GET      "/api/CompanyNames"
[GIN] 2026/09/29 - 08:35:37 | 200 |            0s |             ::1 | POST     "/api/users/get-items"
[GIN] 2026/09/29 - 08:35:37 | 200 |      2.2252ms |             ::1 | GET      "/api/price-history?companyName=%D8%A2%D8%B1%D8%AF%DB%8C%D9%86%D9%87&limit=180"
[GIN] 2026/09/29 - 08:35:37 | 200 |      2.5352ms |             ::1 | GET      "/api/CompanyNames"
[GIN] 2026/09/29 - 08:35:37 | 200 |      2.7261ms |             ::1 | GET      "/api/price-history?companyName=%D8%A2%D8%B1%D8%AF%DB%8C%D9%86%D9%87&limit=180"
[GIN] 2026/09/29 - 08:36:21 | 200 |     24.5196ms |             ::1 | GET      "/api/family/assets"
[GIN] 2026/09/29 - 08:36:21 | 200 |      5.2511ms |             ::1 | GET      "/api/CompanyNames"
[GIN] 2026/09/29 - 08:36:21 | 200 |      55.739ms |             ::1 | GET      "/api/family/history"
[GIN] 2026/09/29 - 08:36:21 | 200 |     11.8358ms |             ::1 | GET      "/api/family/assets"
[GIN] 2026/09/29 - 08:36:21 | 200 |    248.9933ms |             ::1 | GET      "/api/family/history"
[GIN] 2026/09/29 - 08:36:22 | 200 |    770.8757ms |             ::1 | GET      "/api/family/broker"
[GIN] 2026/09/29 - 08:36:22 | 200 |      4.0002ms |             ::1 | GET      "/api/family/broker"
[GIN] 2026/09/29 - 08:36:22 | 200 |    870.3124ms |             ::1 | GET      "/api/family/cashflows?limit=200"
[GIN] 2026/09/29 - 08:36:22 | 200 |      2.1267ms |             ::1 | GET      "/api/family/cashflows?limit=200"
[GIN] 2026/09/29 - 08:36:23 | 204 |            0s |             ::1 | OPTIONS  "/api/portfolio"
[GIN] 2026/09/29 - 08:36:23 | 204 |            0s |             ::1 | OPTIONS  "/api/portfolio"
[GIN] 2026/09/29 - 08:36:23 | 200 |     33.1207ms |             ::1 | GET      "/api/CompanyNames"
[GIN] 2026/09/29 - 08:36:23 | 200 |    113.4038ms |             ::1 | GET      "/api/summary?limit=1000"
[GIN] 2026/09/29 - 08:36:23 | 200 |    110.0712ms |             ::1 | GET      "/api/summary?limit=1000"
[GIN] 2026/09/29 - 08:36:23 | 200 |    311.5605ms |             ::1 | GET      "/api/portfolio"
[GIN] 2026/09/29 - 08:36:24 | 200 |      3.0271ms |             ::1 | GET      "/api/portfolio"
[GIN] 2026/09/29 - 08:36:28 | 204 |            0s |             ::1 | OPTIONS  "/api/portfolio/7386c9d3264a07cdaacbdba2e1941d42"
[GIN] 2026/09/29 - 08:36:28 | 200 |     27.2616ms |             ::1 | DELETE   "/api/portfolio/7386c9d3264a07cdaacbdba2e1941d42"
[GIN] 2026/09/29 - 08:36:28 | 200 |      1.9957ms |             ::1 | GET      "/api/portfolio"
[GIN] 2026/09/29 - 08:36:28 | 200 |     65.6236ms |             ::1 | GET      "/api/summary?limit=1000"
[GIN] 2026/09/29 - 08:36:38 | 200 |      1.6457ms |             ::1 | GET      "/api/family/broker"
[GIN] 2026/09/29 - 08:36:38 | 200 |      6.5309ms |             ::1 | GET      "/api/CompanyNames"
[GIN] 2026/09/29 - 08:36:38 | 200 |      8.8129ms |             ::1 | GET      "/api/family/assets"
[GIN] 2026/09/29 - 08:36:38 | 200 |       549.7µs |             ::1 | GET      "/api/family/broker"
[GIN] 2026/09/29 - 08:36:38 | 200 |      7.9665ms |             ::1 | GET      "/api/family/assets"
[GIN] 2026/09/29 - 08:36:39 | 200 |     486.058ms |             ::1 | GET      "/api/family/cashflows?limit=200"
[GIN] 2026/09/29 - 08:36:39 | 200 |      4.7838ms |             ::1 | GET      "/api/family/cashflows?limit=200"
[GIN] 2026/09/29 - 08:36:39 | 200 |    593.2491ms |             ::1 | GET      "/api/family/history"
[GIN] 2026/09/29 - 08:36:39 | 200 |     29.3928ms |             ::1 | GET      "/api/family/history"
[GIN] 2026/09/29 - 08:36:59 | 200 |      4.5396ms |             ::1 | GET      "/api/price-history?companyName=%D8%A2%D8%B1%D8%AF%DB%8C%D9%86%D9%87&limit=180"
[GIN] 2026/09/29 - 08:36:59 | 200 |      8.8713ms |             ::1 | GET      "/api/CompanyNames"
[GIN] 2026/09/29 - 08:36:59 | 200 |      2.6586ms |             ::1 | GET      "/api/price-history?companyName=%D8%A2%D8%B1%D8%AF%DB%8C%D9%86%D9%87&limit=180"
[GIN] 2026/09/29 - 08:38:59 | 200 |      4.3151ms |             ::1 | GET      "/api/CompanyNames"
[GIN] 2026/09/29 - 08:38:59 | 200 |      4.6256ms |             ::1 | GET      "/api/CompanyNames"
[GIN] 2026/09/29 - 08:38:59 | 200 |     65.6168ms |             ::1 | GET      "/api/summary?limit=1000"
[GIN] 2026/09/29 - 08:38:59 | 200 |      1.9036ms |             ::1 | GET      "/api/price-history?companyName=%D8%A2%D8%B1%D8%AF%DB%8C%D9%86%D9%87&limit=180"
[GIN] 2026/09/29 - 08:38:59 | 200 |      4.0177ms |             ::1 | GET      "/api/SalesData?companyName=%D8%A2%D8%B1%D8%AF%DB%8C%D9%86%D9%87"
[GIN] 2026/09/29 - 08:38:59 | 200 |      2.8426ms |             ::1 | GET      "/api/SalesData2?companyName=%D8%A2%D8%B1%D8%AF%DB%8C%D9%86%D9%87"
[GIN] 2026/09/29 - 08:38:59 | 200 |      1.6441ms |             ::1 | GET      "/api/StockPriceScore?companyName=%D8%A2%D8%B1%D8%AF%DB%8C%D9%86%D9%87"
[GIN] 2026/09/29 - 08:39:00 | 200 |     194.717ms |             ::1 | GET      "/api/AllCompanyScores"
[GIN] 2026/09/29 - 08:39:00 | 200 |     16.2549ms |             ::1 | GET      "/api/price-history?companyName=%D8%A2%D8%B1%D8%AF%DB%8C%D9%86%D9%87&limit=180"
[GIN] 2026/09/29 - 08:39:00 | 200 |    582.9303ms |             ::1 | GET      "/api/CompanyScores?companyName=%D8%A2%D8%B1%D8%AF%DB%8C%D9%86%D9%87"
[GIN] 2026/09/29 - 08:39:00 | 200 |      8.7265ms |             ::1 | GET      "/api/price-history?companyName=%D8%A2%D8%B1%D8%AF%DB%8C%D9%86%D9%87&limit=180"
[GIN] 2026/09/29 - 08:39:00 | 200 |      2.3637ms |             ::1 | GET      "/api/price-history?companyName=%D8%A2%D8%B1%D8%AF%DB%8C%D9%86%D9%87&limit=180"
[GIN] 2026/09/29 - 08:39:00 | 200 |    882.6537ms |             ::1 | GET      "/api/summary?limit=1000"
[GIN] 2026/09/29 - 08:43:14 | 200 |      3.8241ms |             ::1 | GET      "/api/family/cashflows?limit=200"
[GIN] 2026/09/29 - 08:43:14 | 200 |      9.6227ms |             ::1 | GET      "/api/family/assets"
[GIN] 2026/09/29 - 08:43:14 | 200 |      1.1282ms |             ::1 | GET      "/api/family/broker"
[GIN] 2026/09/29 - 08:43:14 | 200 |       4.552ms |             ::1 | GET      "/api/CompanyNames"
[GIN] 2026/09/29 - 08:43:14 | 200 |      25.412ms |             ::1 | GET      "/api/family/history"
[GIN] 2026/09/29 - 08:43:14 | 200 |      1.7919ms |             ::1 | GET      "/api/family/cashflows?limit=200"
[GIN] 2026/09/29 - 08:43:14 | 200 |      6.6817ms |             ::1 | GET      "/api/family/assets"
[GIN] 2026/09/29 - 08:43:15 | 200 |       592.9µs |             ::1 | GET      "/api/family/broker"
[GIN] 2026/09/29 - 08:43:15 | 200 |     26.5599ms |             ::1 | GET      "/api/family/history"
[GIN] 2026/09/29 - 08:47:32 | 200 |      5.0378ms |             ::1 | GET      "/api/CompanyNames"
[GIN] 2026/09/29 - 08:47:32 | 200 |       5.018ms |             ::1 | GET      "/api/CompanyNames"
[GIN] 2026/09/29 - 08:47:32 | 200 |     16.5358ms |             ::1 | GET      "/api/family/assets"
[GIN] 2026/09/29 - 08:47:32 | 200 |      4.6326ms |             ::1 | GET      "/api/family/cashflows?limit=200"
[GIN] 2026/09/29 - 08:47:32 | 200 |       792.7µs |             ::1 | GET      "/api/family/broker"
[GIN] 2026/09/29 - 08:47:32 | 200 |     17.3718ms |             ::1 | GET      "/api/SalesData?companyName=%D8%A2%D8%B1%D8%AF%DB%8C%D9%86%D9%87"
[GIN] 2026/09/29 - 08:47:32 | 200 |     50.6441ms |             ::1 | GET      "/api/family/history"
[GIN] 2026/09/29 - 08:47:32 | 200 |      3.0189ms |             ::1 | GET      "/api/SalesData2?companyName=%D8%A2%D8%B1%D8%AF%DB%8C%D9%86%D9%87"
[GIN] 2026/09/29 - 08:47:32 | 200 |            0s |             ::1 | GET      "/api/StockPriceScore?companyName=%D8%A2%D8%B1%D8%AF%DB%8C%D9%86%D9%87"
[GIN] 2026/09/29 - 08:47:32 | 200 |     15.9474ms |             ::1 | GET      "/api/family/assets"
[GIN] 2026/09/29 - 08:47:32 | 200 |      1.2588ms |             ::1 | GET      "/api/family/cashflows?limit=200"
[GIN] 2026/09/29 - 08:47:32 | 200 |         702µs |             ::1 | GET      "/api/family/broker"
[GIN] 2026/09/29 - 08:47:33 | 200 |     82.5167ms |             ::1 | GET      "/api/family/history"
[GIN] 2026/09/29 - 08:47:33 | 200 |    1.0298949s |             ::1 | GET      "/api/summary?limit=1000"
[GIN] 2026/09/29 - 08:47:33 | 200 |    961.3791ms |             ::1 | GET      "/api/CompanyScores?companyName=%D8%A2%D8%B1%D8%AF%DB%8C%D9%86%D9%87"
[GIN] 2026/09/29 - 08:47:33 | 200 |     99.4468ms |             ::1 | GET      "/api/summary?limit=1000"
[GIN] 2026/09/29 - 08:47:33 | 200 |    970.4925ms |             ::1 | GET      "/api/AllCompanyScores"
[GIN] 2026/09/29 - 08:47:42 | 200 |      8.4739ms |             ::1 | GET      "/api/CompanyNames"
[GIN] 2026/09/29 - 08:48:02 | 200 |            0s |             ::1 | POST     "/api/users/get-items"
[GIN] 2026/09/29 - 08:48:02 | 200 |      2.1078ms |             ::1 | GET      "/api/price-history?companyName=%D8%A2%D8%B1%D8%AF%DB%8C%D9%86%D9%87&limit=180"
[GIN] 2026/09/29 - 08:48:02 | 200 |       3.923ms |             ::1 | GET      "/api/CompanyNames"
[GIN] 2026/09/29 - 08:48:02 | 200 |      5.3082ms |             ::1 | GET      "/api/price-history?companyName=%D8%A2%D8%B1%D8%AF%DB%8C%D9%86%D9%87&limit=180"
[GIN] 2026/09/29 - 08:48:05 | 200 |      8.9448ms |             ::1 | GET      "/api/CompanyNames"
[GIN] 2026/09/29 - 08:48:10 | 200 |            0s |             ::1 | POST     "/api/users/get-items"
[GIN] 2026/09/29 - 08:48:10 | 200 |       2.335ms |             ::1 | GET      "/api/price-history?companyName=%D8%A2%D8%B1%D8%AF%DB%8C%D9%86%D9%87&limit=180"
[GIN] 2026/09/29 - 08:48:10 | 200 |       5.128ms |             ::1 | GET      "/api/CompanyNames"
[GIN] 2026/09/29 - 08:48:10 | 200 |      4.0557ms |             ::1 | GET      "/api/price-history?companyName=%D8%A2%D8%B1%D8%AF%DB%8C%D9%86%D9%87&limit=180"
[GIN] 2026/09/29 - 08:48:13 | 200 |      6.1264ms |             ::1 | GET      "/api/CompanyNames"
[GIN] 2026/09/29 - 08:48:15 | 200 |            0s |             ::1 | POST     "/api/users/get-items"
[GIN] 2026/09/29 - 08:48:15 | 200 |      3.2339ms |             ::1 | GET      "/api/price-history?companyName=%D8%A2%D8%B1%D8%AF%DB%8C%D9%86%D9%87&limit=180"
[GIN] 2026/09/29 - 08:48:15 | 200 |      5.5873ms |             ::1 | GET      "/api/CompanyNames"
[GIN] 2026/09/29 - 08:48:15 | 200 |      3.6913ms |             ::1 | GET      "/api/price-history?companyName=%D8%A2%D8%B1%D8%AF%DB%8C%D9%86%D9%87&limit=180"
[GIN] 2026/09/29 - 08:48:24 | 200 |      6.0576ms |             ::1 | GET      "/api/CompanyNames"
[GIN] 2026/09/29 - 08:48:28 | 200 |            0s |             ::1 | POST     "/api/users/get-items"
[GIN] 2026/09/29 - 08:48:28 | 200 |      3.3841ms |             ::1 | GET      "/api/price-history?companyName=%D8%A2%D8%B1%D8%AF%DB%8C%D9%86%D9%87&limit=180"
[GIN] 2026/09/29 - 08:48:28 | 200 |      5.2084ms |             ::1 | GET      "/api/CompanyNames"
[GIN] 2026/09/29 - 08:48:28 | 200 |      2.9514ms |             ::1 | GET      "/api/price-history?companyName=%D8%A2%D8%B1%D8%AF%DB%8C%D9%86%D9%87&limit=180"
[GIN] 2026/09/29 - 08:48:32 | 200 |      3.9927ms |             ::1 | GET      "/api/CompanyNames"
[GIN] 2026/09/29 - 08:48:34 | 200 |            0s |             ::1 | POST     "/api/users/get-items"
[GIN] 2026/09/29 - 08:48:34 | 200 |      2.7786ms |             ::1 | GET      "/api/price-history?companyName=%D8%A2%D8%B1%D8%AF%DB%8C%D9%86%D9%87&limit=180"
[GIN] 2026/09/29 - 08:48:34 | 200 |      3.5771ms |             ::1 | GET      "/api/CompanyNames"
[GIN] 2026/09/29 - 08:48:34 | 200 |      1.3684ms |             ::1 | GET      "/api/price-history?companyName=%D8%A2%D8%B1%D8%AF%DB%8C%D9%86%D9%87&limit=180"
[GIN] 2026/09/29 - 08:48:51 | 200 |      12.084ms |             ::1 | GET      "/api/CompanyNames"
[GIN] 2026/09/29 - 08:48:55 | 200 |            0s |             ::1 | POST     "/api/users/get-items"
[GIN] 2026/09/29 - 08:48:55 | 200 |       6.469ms |             ::1 | GET      "/api/CompanyNames"
[GIN] 2026/09/29 - 08:48:55 | 200 |      7.5435ms |             ::1 | GET      "/api/price-history?companyName=%D8%A2%D8%B1%D8%AF%DB%8C%D9%86%D9%87&limit=180"
[GIN] 2026/09/29 - 08:48:55 | 200 |      4.7583ms |             ::1 | GET      "/api/price-history?companyName=%D8%A2%D8%B1%D8%AF%DB%8C%D9%86%D9%87&limit=180"
[GIN] 2026/09/29 - 08:49:55 | 200 |            0s |             ::1 | POST     "/api/users/get-items"
[GIN] 2026/09/29 - 08:49:55 | 204 |            0s |             ::1 | OPTIONS  "/api/price-history?companyName=%D9%82%D8%AB%D8%A7%D8%A8%D8%AA&limit=180"
[GIN] 2026/09/29 - 08:49:55 | 204 |            0s |             ::1 | OPTIONS  "/api/SalesData?companyName=%D9%82%D8%AB%D8%A7%D8%A8%D8%AA"
[GIN] 2026/09/29 - 08:49:55 | 204 |            0s |             ::1 | OPTIONS  "/api/SalesData2?companyName=%D9%82%D8%AB%D8%A7%D8%A8%D8%AA"
[GIN] 2026/09/29 - 08:49:55 | 204 |            0s |             ::1 | OPTIONS  "/api/CompanyScores?companyName=%D9%82%D8%AB%D8%A7%D8%A8%D8%AA"
[GIN] 2026/09/29 - 08:49:55 | 204 |            0s |             ::1 | OPTIONS  "/api/StockPriceScore?companyName=%D9%82%D8%AB%D8%A7%D8%A8%D8%AA"
[GIN] 2026/09/29 - 08:49:55 | 200 |      6.5548ms |             ::1 | GET      "/api/CompanyNames"
[GIN] 2026/09/29 - 08:49:55 | 200 |     28.5517ms |             ::1 | GET      "/api/SalesData?companyName=%D9%82%D8%AB%D8%A7%D8%A8%D8%AA"
[GIN] 2026/09/29 - 08:49:55 | 200 |            0s |             ::1 | GET      "/api/StockPriceScore?companyName=%D9%82%D8%AB%D8%A7%D8%A8%D8%AA"
[GIN] 2026/09/29 - 08:49:55 | 200 |     26.3236ms |             ::1 | GET      "/api/SalesData2?companyName=%D9%82%D8%AB%D8%A7%D8%A8%D8%AA"
[GIN] 2026/09/29 - 08:49:55 | 200 |    134.0115ms |             ::1 | GET      "/api/AllCompanyScores"
[GIN] 2026/09/29 - 08:49:56 | 200 |    820.5058ms |             ::1 | GET      "/api/price-history?companyName=%D9%82%D8%AB%D8%A7%D8%A8%D8%AA&limit=180"
[GIN] 2026/09/29 - 08:49:57 | 200 |    2.2011322s |             ::1 | GET      "/api/CompanyScores?companyName=%D9%82%D8%AB%D8%A7%D8%A8%D8%AA"
[GIN] 2026/09/29 - 08:49:57 | 200 |      1.8206ms |             ::1 | GET      "/api/price-history?companyName=%D9%82%D8%AB%D8%A7%D8%A8%D8%AA&limit=180"
[GIN] 2026/09/29 - 08:49:58 | 200 |      2.2886ms |             ::1 | GET      "/api/price-history?companyName=%D9%82%D8%AB%D8%A7%D8%A8%D8%AA&limit=180"
[GIN] 2026/09/29 - 08:50:54 | 200 |            0s |             ::1 | POST     "/api/users/get-items"
[GIN] 2026/09/29 - 08:50:55 | 204 |            0s |             ::1 | OPTIONS  "/api/SalesData2?companyName=%D9%81%D9%86%D9%88%D8%A7%D9%84"
[GIN] 2026/09/29 - 08:50:55 | 204 |            0s |             ::1 | OPTIONS  "/api/SalesData?companyName=%D9%81%D9%86%D9%88%D8%A7%D9%84"
[GIN] 2026/09/29 - 08:50:55 | 204 |            0s |             ::1 | OPTIONS  "/api/price-history?companyName=%D9%81%D9%86%D9%88%D8%A7%D9%84&limit=180"
[GIN] 2026/09/29 - 08:50:55 | 204 |            0s |             ::1 | OPTIONS  "/api/CompanyScores?companyName=%D9%81%D9%86%D9%88%D8%A7%D9%84"
[GIN] 2026/09/29 - 08:50:55 | 204 |            0s |             ::1 | OPTIONS  "/api/StockPriceScore?companyName=%D9%81%D9%86%D9%88%D8%A7%D9%84"
[GIN] 2026/09/29 - 08:50:55 | 200 |      8.6224ms |             ::1 | GET      "/api/CompanyNames"
[GIN] 2026/09/29 - 08:50:55 | 200 |     21.4909ms |             ::1 | GET      "/api/SalesData2?companyName=%D9%81%D9%86%D9%88%D8%A7%D9%84"
[GIN] 2026/09/29 - 08:50:55 | 200 |     28.6131ms |             ::1 | GET      "/api/price-history?companyName=%D9%81%D9%86%D9%88%D8%A7%D9%84&limit=180"
[GIN] 2026/09/29 - 08:50:55 | 200 |     89.2042ms |             ::1 | GET      "/api/AllCompanyScores"
[GIN] 2026/09/29 - 08:50:55 | 200 |            0s |             ::1 | GET      "/api/StockPriceScore?companyName=%D9%81%D9%86%D9%88%D8%A7%D9%84"
[GIN] 2026/09/29 - 08:50:55 | 200 |     538.438ms |             ::1 | GET      "/api/CompanyScores?companyName=%D9%81%D9%86%D9%88%D8%A7%D9%84"
[GIN] 2026/09/29 - 08:50:55 | 200 |     606.738ms |             ::1 | GET      "/api/SalesData?companyName=%D9%81%D9%86%D9%88%D8%A7%D9%84"
[GIN] 2026/09/29 - 08:50:55 | 200 |      2.8676ms |             ::1 | GET      "/api/price-history?companyName=%D9%81%D9%86%D9%88%D8%A7%D9%84&limit=180"
[GIN] 2026/09/29 - 08:50:55 | 200 |      2.7586ms |             ::1 | GET      "/api/price-history?companyName=%D9%81%D9%86%D9%88%D8%A7%D9%84&limit=180"
[GIN] 2026/09/29 - 08:50:59 | 200 |            0s |             ::1 | POST     "/api/users/get-items"
[GIN] 2026/09/29 - 08:50:59 | 204 |            0s |             ::1 | OPTIONS  "/api/SalesData2?companyName=%DA%A9%DB%8C%D9%85%DB%8C%D8%A7"
[GIN] 2026/09/29 - 08:50:59 | 204 |            0s |             ::1 | OPTIONS  "/api/CompanyScores?companyName=%DA%A9%DB%8C%D9%85%DB%8C%D8%A7"
[GIN] 2026/09/29 - 08:50:59 | 204 |            0s |             ::1 | OPTIONS  "/api/SalesData?companyName=%DA%A9%DB%8C%D9%85%DB%8C%D8%A7"
[GIN] 2026/09/29 - 08:50:59 | 204 |            0s |             ::1 | OPTIONS  "/api/price-history?companyName=%DA%A9%DB%8C%D9%85%DB%8C%D8%A7&limit=180"
[GIN] 2026/09/29 - 08:50:59 | 204 |            0s |             ::1 | OPTIONS  "/api/StockPriceScore?companyName=%DA%A9%DB%8C%D9%85%DB%8C%D8%A7"
[GIN] 2026/09/29 - 08:50:59 | 200 |      4.7482ms |             ::1 | GET      "/api/CompanyNames"
[GIN] 2026/09/29 - 08:50:59 | 200 |     17.3676ms |             ::1 | GET      "/api/SalesData?companyName=%DA%A9%DB%8C%D9%85%DB%8C%D8%A7"
[GIN] 2026/09/29 - 08:50:59 | 200 |     20.9419ms |             ::1 | GET      "/api/price-history?companyName=%DA%A9%DB%8C%D9%85%DB%8C%D8%A7&limit=180"
[GIN] 2026/09/29 - 08:50:59 | 200 |            0s |             ::1 | GET      "/api/StockPriceScore?companyName=%DA%A9%DB%8C%D9%85%DB%8C%D8%A7"
[GIN] 2026/09/29 - 08:50:59 | 200 |     81.0916ms |             ::1 | GET      "/api/AllCompanyScores"
[GIN] 2026/09/29 - 08:51:00 | 200 |    847.5576ms |             ::1 | GET      "/api/SalesData2?companyName=%DA%A9%DB%8C%D9%85%DB%8C%D8%A7"
[GIN] 2026/09/29 - 08:51:00 | 200 |    1.1710923s |             ::1 | GET      "/api/CompanyScores?companyName=%DA%A9%DB%8C%D9%85%DB%8C%D8%A7"
[GIN] 2026/09/29 - 08:51:01 | 200 |      8.2892ms |             ::1 | GET      "/api/price-history?companyName=%DA%A9%DB%8C%D9%85%DB%8C%D8%A7&limit=180"
[GIN] 2026/09/29 - 08:51:01 | 200 |      3.9935ms |             ::1 | GET      "/api/price-history?companyName=%DA%A9%DB%8C%D9%85%DB%8C%D8%A7&limit=180"
[GIN] 2026/09/29 - 08:51:05 | 200 |            0s |             ::1 | POST     "/api/users/get-items"
[GIN] 2026/09/29 - 08:51:05 | 204 |            0s |             ::1 | OPTIONS  "/api/SalesData?companyName=%D8%BA%D8%A7%D8%B0%D8%B1"
[GIN] 2026/09/29 - 08:51:05 | 204 |            0s |             ::1 | OPTIONS  "/api/SalesData2?companyName=%D8%BA%D8%A7%D8%B0%D8%B1"
[GIN] 2026/09/29 - 08:51:05 | 204 |            0s |             ::1 | OPTIONS  "/api/CompanyScores?companyName=%D8%BA%D8%A7%D8%B0%D8%B1"
[GIN] 2026/09/29 - 08:51:05 | 204 |            0s |             ::1 | OPTIONS  "/api/price-history?companyName=%D8%BA%D8%A7%D8%B0%D8%B1&limit=180"
[GIN] 2026/09/29 - 08:51:05 | 204 |            0s |             ::1 | OPTIONS  "/api/StockPriceScore?companyName=%D8%BA%D8%A7%D8%B0%D8%B1"
[GIN] 2026/09/29 - 08:51:05 | 200 |       6.756ms |             ::1 | GET      "/api/CompanyNames"
[GIN] 2026/09/29 - 08:51:05 | 200 |            0s |             ::1 | GET      "/api/StockPriceScore?companyName=%D8%BA%D8%A7%D8%B0%D8%B1"
[GIN] 2026/09/29 - 08:51:05 | 200 |     18.1378ms |             ::1 | GET      "/api/SalesData2?companyName=%D8%BA%D8%A7%D8%B0%D8%B1"
[GIN] 2026/09/29 - 08:51:05 | 200 |     93.9824ms |             ::1 | GET      "/api/AllCompanyScores"
[GIN] 2026/09/29 - 08:51:05 | 200 |     11.5889ms |             ::1 | GET      "/api/price-history?companyName=%D8%BA%D8%A7%D8%B0%D8%B1&limit=180"
[GIN] 2026/09/29 - 08:51:05 | 200 |    579.0059ms |             ::1 | GET      "/api/SalesData?companyName=%D8%BA%D8%A7%D8%B0%D8%B1"
[GIN] 2026/09/29 - 08:51:06 | 200 |    711.9195ms |             ::1 | GET      "/api/CompanyScores?companyName=%D8%BA%D8%A7%D8%B0%D8%B1"
[GIN] 2026/09/29 - 08:51:06 | 200 |      4.5247ms |             ::1 | GET      "/api/price-history?companyName=%D8%BA%D8%A7%D8%B0%D8%B1&limit=180"
[GIN] 2026/09/29 - 08:51:06 | 200 |      3.8184ms |             ::1 | GET      "/api/price-history?companyName=%D8%BA%D8%A7%D8%B0%D8%B1&limit=180"
[GIN] 2026/09/29 - 08:51:34 | 200 |            0s |             ::1 | POST     "/api/users/get-items"
[GIN] 2026/09/29 - 08:51:34 | 204 |            0s |             ::1 | OPTIONS  "/api/price-history?companyName=%D8%BA%D8%A8%D8%B4%D9%87%D8%B1&limit=180"
[GIN] 2026/09/29 - 08:51:34 | 204 |            0s |             ::1 | OPTIONS  "/api/SalesData?companyName=%D8%BA%D8%A8%D8%B4%D9%87%D8%B1"
[GIN] 2026/09/29 - 08:51:34 | 204 |            0s |             ::1 | OPTIONS  "/api/StockPriceScore?companyName=%D8%BA%D8%A8%D8%B4%D9%87%D8%B1"
[GIN] 2026/09/29 - 08:51:34 | 204 |            0s |             ::1 | OPTIONS  "/api/SalesData2?companyName=%D8%BA%D8%A8%D8%B4%D9%87%D8%B1"
[GIN] 2026/09/29 - 08:51:34 | 204 |            0s |             ::1 | OPTIONS  "/api/CompanyScores?companyName=%D8%BA%D8%A8%D8%B4%D9%87%D8%B1"
[GIN] 2026/09/29 - 08:51:34 | 200 |     70.5316ms |             ::1 | GET      "/api/AllCompanyScores"
[GIN] 2026/09/29 - 08:51:35 | 200 |      5.1704ms |             ::1 | GET      "/api/price-history?companyName=%D8%BA%D8%A8%D8%B4%D9%87%D8%B1&limit=180"
[GIN] 2026/09/29 - 08:51:35 | 200 |            0s |             ::1 | GET      "/api/StockPriceScore?companyName=%D8%BA%D8%A8%D8%B4%D9%87%D8%B1"
[GIN] 2026/09/29 - 08:51:35 | 200 |      7.7472ms |             ::1 | GET      "/api/CompanyNames"
[GIN] 2026/09/29 - 08:51:35 | 200 |     18.8851ms |             ::1 | GET      "/api/SalesData?companyName=%D8%BA%D8%A8%D8%B4%D9%87%D8%B1"
[GIN] 2026/09/29 - 08:51:35 | 200 |      2.8773ms |             ::1 | GET      "/api/SalesData2?companyName=%D8%BA%D8%A8%D8%B4%D9%87%D8%B1"
[GIN] 2026/09/29 - 08:51:35 | 200 |    461.1167ms |             ::1 | GET      "/api/CompanyScores?companyName=%D8%BA%D8%A8%D8%B4%D9%87%D8%B1"
[GIN] 2026/09/29 - 08:51:35 | 200 |      2.1435ms |             ::1 | GET      "/api/price-history?companyName=%D8%BA%D8%A8%D8%B4%D9%87%D8%B1&limit=180"
[GIN] 2026/09/29 - 08:51:35 | 200 |      2.5527ms |             ::1 | GET      "/api/price-history?companyName=%D8%BA%D8%A8%D8%B4%D9%87%D8%B1&limit=180"
[GIN] 2026/09/29 - 08:52:24 | 200 |            0s |             ::1 | POST     "/api/users/get-items"
[GIN] 2026/09/29 - 08:52:24 | 204 |            0s |             ::1 | OPTIONS  "/api/price-history?companyName=%D8%BA%D9%BE%DB%8C%D9%86%D9%88&limit=180"
[GIN] 2026/09/29 - 08:52:24 | 204 |            0s |             ::1 | OPTIONS  "/api/StockPriceScore?companyName=%D8%BA%D9%BE%DB%8C%D9%86%D9%88"
[GIN] 2026/09/29 - 08:52:24 | 204 |            0s |             ::1 | OPTIONS  "/api/SalesData2?companyName=%D8%BA%D9%BE%DB%8C%D9%86%D9%88"
[GIN] 2026/09/29 - 08:52:24 | 204 |            0s |             ::1 | OPTIONS  "/api/CompanyScores?companyName=%D8%BA%D9%BE%DB%8C%D9%86%D9%88"
[GIN] 2026/09/29 - 08:52:24 | 204 |            0s |             ::1 | OPTIONS  "/api/SalesData?companyName=%D8%BA%D9%BE%DB%8C%D9%86%D9%88"
[GIN] 2026/09/29 - 08:52:24 | 200 |     58.5001ms |             ::1 | GET      "/api/AllCompanyScores"
[GIN] 2026/09/29 - 08:52:25 | 200 |      4.4023ms |             ::1 | GET      "/api/price-history?companyName=%D8%BA%D9%BE%DB%8C%D9%86%D9%88&limit=180"
[GIN] 2026/09/29 - 08:52:25 | 200 |            0s |             ::1 | GET      "/api/StockPriceScore?companyName=%D8%BA%D9%BE%DB%8C%D9%86%D9%88"
[GIN] 2026/09/29 - 08:52:25 | 200 |      5.9147ms |             ::1 | GET      "/api/CompanyNames"
[GIN] 2026/09/29 - 08:52:25 | 200 |      24.345ms |             ::1 | GET      "/api/SalesData2?companyName=%D8%BA%D9%BE%DB%8C%D9%86%D9%88"
[GIN] 2026/09/29 - 08:52:25 | 200 |      4.6755ms |             ::1 | GET      "/api/SalesData?companyName=%D8%BA%D9%BE%DB%8C%D9%86%D9%88"
[GIN] 2026/09/29 - 08:52:25 | 200 |    540.4114ms |             ::1 | GET      "/api/CompanyScores?companyName=%D8%BA%D9%BE%DB%8C%D9%86%D9%88"
[GIN] 2026/09/29 - 08:52:25 | 200 |      3.3157ms |             ::1 | GET      "/api/price-history?companyName=%D8%BA%D9%BE%DB%8C%D9%86%D9%88&limit=180"
[GIN] 2026/09/29 - 08:52:25 | 200 |       2.226ms |             ::1 | GET      "/api/price-history?companyName=%D8%BA%D9%BE%DB%8C%D9%86%D9%88&limit=180"
[GIN] 2026/09/29 - 08:54:30 | 200 |            0s |             ::1 | POST     "/api/users/get-items"
[GIN] 2026/09/29 - 08:54:30 | 204 |            0s |             ::1 | OPTIONS  "/api/price-history?companyName=%D8%BA%DA%A9%D9%88%D8%B1%D8%B4&limit=180"
[GIN] 2026/09/29 - 08:54:30 | 204 |            0s |             ::1 | OPTIONS  "/api/CompanyScores?companyName=%D8%BA%DA%A9%D9%88%D8%B1%D8%B4"
[GIN] 2026/09/29 - 08:54:30 | 204 |            0s |             ::1 | OPTIONS  "/api/StockPriceScore?companyName=%D8%BA%DA%A9%D9%88%D8%B1%D8%B4"
[GIN] 2026/09/29 - 08:54:30 | 200 |      5.7909ms |             ::1 | GET      "/api/CompanyNames"
[GIN] 2026/09/29 - 08:54:30 | 204 |            0s |             ::1 | OPTIONS  "/api/SalesData2?companyName=%D8%BA%DA%A9%D9%88%D8%B1%D8%B4"
[GIN] 2026/09/29 - 08:54:30 | 204 |            0s |             ::1 | OPTIONS  "/api/SalesData?companyName=%D8%BA%DA%A9%D9%88%D8%B1%D8%B4"
[GIN] 2026/09/29 - 08:54:30 | 200 |       585.3µs |             ::1 | GET      "/api/StockPriceScore?companyName=%D8%BA%DA%A9%D9%88%D8%B1%D8%B4"
[GIN] 2026/09/29 - 08:54:31 | 200 |      7.1108ms |             ::1 | GET      "/api/price-history?companyName=%D8%BA%DA%A9%D9%88%D8%B1%D8%B4&limit=180"
[GIN] 2026/09/29 - 08:54:31 | 200 |        3.79ms |             ::1 | GET      "/api/SalesData?companyName=%D8%BA%DA%A9%D9%88%D8%B1%D8%B4"
[GIN] 2026/09/29 - 08:54:31 | 200 |     70.8584ms |             ::1 | GET      "/api/AllCompanyScores"
[GIN] 2026/09/29 - 08:54:31 | 200 |    581.2997ms |             ::1 | GET      "/api/SalesData2?companyName=%D8%BA%DA%A9%D9%88%D8%B1%D8%B4"
[GIN] 2026/09/29 - 08:54:31 | 200 |    878.7807ms |             ::1 | GET      "/api/CompanyScores?companyName=%D8%BA%DA%A9%D9%88%D8%B1%D8%B4"
[GIN] 2026/09/29 - 08:54:31 | 200 |     11.9306ms |             ::1 | GET      "/api/price-history?companyName=%D8%BA%DA%A9%D9%88%D8%B1%D8%B4&limit=180"
[GIN] 2026/09/29 - 08:54:32 | 200 |      3.2998ms |             ::1 | GET      "/api/price-history?companyName=%D8%BA%DA%A9%D9%88%D8%B1%D8%B4&limit=180"
[GIN] 2026/09/29 - 08:54:51 | 204 |            0s |             ::1 | OPTIONS  "/api/price-history?companyName=%D8%BA%DA%A9%D9%88%D8%B1%D8%B4&limit=90"
[GIN] 2026/09/29 - 08:54:51 | 200 |      2.4443ms |             ::1 | GET      "/api/price-history?companyName=%D8%BA%DA%A9%D9%88%D8%B1%D8%B4&limit=90"
[GIN] 2026/09/29 - 08:55:07 | 200 |            0s |             ::1 | POST     "/api/users/get-items"
[GIN] 2026/09/29 - 08:55:07 | 204 |            0s |             ::1 | OPTIONS  "/api/price-history?companyName=%DA%A9%D8%A7%D8%B3%D9%BE%DB%8C%D9%86&limit=90"
[GIN] 2026/09/29 - 08:55:07 | 200 |      9.5427ms |             ::1 | GET      "/api/SalesData?companyName=%DA%A9%D8%A7%D8%B3%D9%BE%DB%8C%D9%86"
[GIN] 2026/09/29 - 08:55:07 | 200 |       348.8µs |             ::1 | GET      "/api/StockPriceScore?companyName=%DA%A9%D8%A7%D8%B3%D9%BE%DB%8C%D9%86"
[GIN] 2026/09/29 - 08:55:07 | 200 |      4.0195ms |             ::1 | GET      "/api/CompanyNames"
[GIN] 2026/09/29 - 08:55:07 | 200 |     15.4537ms |             ::1 | GET      "/api/price-history?companyName=%DA%A9%D8%A7%D8%B3%D9%BE%DB%8C%D9%86&limit=90"
[GIN] 2026/09/29 - 08:55:07 | 200 |    110.7837ms |             ::1 | GET      "/api/AllCompanyScores"
[GIN] 2026/09/29 - 08:55:07 | 200 |    481.0066ms |             ::1 | GET      "/api/CompanyScores?companyName=%DA%A9%D8%A7%D8%B3%D9%BE%DB%8C%D9%86"
[GIN] 2026/09/29 - 08:55:07 | 200 |    529.2096ms |             ::1 | GET      "/api/SalesData2?companyName=%DA%A9%D8%A7%D8%B3%D9%BE%DB%8C%D9%86"
[GIN] 2026/09/29 - 08:55:07 | 200 |      3.2553ms |             ::1 | GET      "/api/price-history?companyName=%DA%A9%D8%A7%D8%B3%D9%BE%DB%8C%D9%86&limit=180"
[GIN] 2026/09/29 - 08:55:07 | 200 |      2.6727ms |             ::1 | GET      "/api/price-history?companyName=%DA%A9%D8%A7%D8%B3%D9%BE%DB%8C%D9%86&limit=180"
[GIN] 2026/09/29 - 08:55:52 | 200 |      7.0495ms |             ::1 | GET      "/api/CompanyNames"
[GIN] 2026/09/29 - 08:55:52 | 200 |       996.9µs |             ::1 | GET      "/api/StockPriceScore?companyName=%D8%A2%D8%B1%D8%AF%DB%8C%D9%86%D9%87"
[GIN] 2026/09/29 - 08:55:52 | 200 |      7.7697ms |             ::1 | GET      "/api/SalesData2?companyName=%D8%A2%D8%B1%D8%AF%DB%8C%D9%86%D9%87"
[GIN] 2026/09/29 - 08:55:52 | 200 |      8.9149ms |             ::1 | GET      "/api/SalesData?companyName=%D8%A2%D8%B1%D8%AF%DB%8C%D9%86%D9%87"
[GIN] 2026/09/29 - 08:55:52 | 200 |    576.5467ms |             ::1 | GET      "/api/AllCompanyScores"
[GIN] 2026/09/29 - 08:55:53 | 200 |    918.1514ms |             ::1 | GET      "/api/CompanyScores?companyName=%D8%A2%D8%B1%D8%AF%DB%8C%D9%86%D9%87"
[GIN] 2026/09/29 - 08:55:58 | 200 |            0s |             ::1 | POST     "/api/users/get-items"
[GIN] 2026/09/29 - 08:55:58 | 200 |      3.0875ms |             ::1 | GET      "/api/price-history?companyName=%D8%A2%D8%B1%D8%AF%DB%8C%D9%86%D9%87&limit=180"
[GIN] 2026/09/29 - 08:55:58 | 200 |      3.9007ms |             ::1 | GET      "/api/CompanyNames"
[GIN] 2026/09/29 - 08:55:58 | 200 |      4.9802ms |             ::1 | GET      "/api/price-history?companyName=%D8%A2%D8%B1%D8%AF%DB%8C%D9%86%D9%87&limit=180"
[GIN] 2026/09/29 - 08:56:09 | 200 |       996.7µs |             ::1 | POST     "/api/users/get-items"
[GIN] 2026/09/29 - 08:56:09 | 204 |            0s |             ::1 | OPTIONS  "/api/price-history?companyName=%D8%AE%D8%B1%D8%A7%D8%B3%D8%A7%D9%86&limit=180"
[GIN] 2026/09/29 - 08:56:09 | 204 |            0s |             ::1 | OPTIONS  "/api/SalesData?companyName=%D8%AE%D8%B1%D8%A7%D8%B3%D8%A7%D9%86"
[GIN] 2026/09/29 - 08:56:09 | 204 |            0s |             ::1 | OPTIONS  "/api/CompanyScores?companyName=%D8%AE%D8%B1%D8%A7%D8%B3%D8%A7%D9%86"
[GIN] 2026/09/29 - 08:56:09 | 204 |            0s |             ::1 | OPTIONS  "/api/SalesData2?companyName=%D8%AE%D8%B1%D8%A7%D8%B3%D8%A7%D9%86"
[GIN] 2026/09/29 - 08:56:09 | 204 |            0s |             ::1 | OPTIONS  "/api/StockPriceScore?companyName=%D8%AE%D8%B1%D8%A7%D8%B3%D8%A7%D9%86"
[GIN] 2026/09/29 - 08:56:09 | 200 |        3.26ms |             ::1 | GET      "/api/price-history?companyName=%D8%AE%D8%B1%D8%A7%D8%B3%D8%A7%D9%86&limit=180"
[GIN] 2026/09/29 - 08:56:09 | 200 |            0s |             ::1 | GET      "/api/StockPriceScore?companyName=%D8%AE%D8%B1%D8%A7%D8%B3%D8%A7%D9%86"
[GIN] 2026/09/29 - 08:56:09 | 200 |     19.1647ms |             ::1 | GET      "/api/SalesData2?companyName=%D8%AE%D8%B1%D8%A7%D8%B3%D8%A7%D9%86"
[GIN] 2026/09/29 - 08:56:09 | 200 |     79.2336ms |             ::1 | GET      "/api/AllCompanyScores"
[GIN] 2026/09/29 - 08:56:10 | 200 |    542.2619ms |             ::1 | GET      "/api/CompanyScores?companyName=%D8%AE%D8%B1%D8%A7%D8%B3%D8%A7%D9%86"
[GIN] 2026/09/29 - 08:56:10 | 200 |    554.7274ms |             ::1 | GET      "/api/SalesData?companyName=%D8%AE%D8%B1%D8%A7%D8%B3%D8%A7%D9%86"
[GIN] 2026/09/29 - 08:56:10 | 200 |      2.5072ms |             ::1 | GET      "/api/price-history?companyName=%D8%AE%D8%B1%D8%A7%D8%B3%D8%A7%D9%86&limit=180"
[GIN] 2026/09/29 - 08:56:10 | 200 |      2.8058ms |             ::1 | GET      "/api/price-history?companyName=%D8%AE%D8%B1%D8%A7%D8%B3%D8%A7%D9%86&limit=180"
[GIN] 2026/09/29 - 08:56:18 | 200 |      4.4157ms |             ::1 | GET      "/api/CompanyNames"
[GIN] 2026/09/29 - 08:56:18 | 200 |            0s |             ::1 | GET      "/api/StockPriceScore?companyName=%D8%A2%D8%B1%D8%AF%DB%8C%D9%86%D9%87"
[GIN] 2026/09/29 - 08:56:18 | 200 |      1.8778ms |             ::1 | GET      "/api/SalesData?companyName=%D8%A2%D8%B1%D8%AF%DB%8C%D9%86%D9%87"
[GIN] 2026/09/29 - 08:56:18 | 200 |      3.1313ms |             ::1 | GET      "/api/SalesData2?companyName=%D8%A2%D8%B1%D8%AF%DB%8C%D9%86%D9%87"
[GIN] 2026/09/29 - 08:56:18 | 200 |     11.5476ms |             ::1 | GET      "/api/CompanyScores?companyName=%D8%A2%D8%B1%D8%AF%DB%8C%D9%86%D9%87"
[GIN] 2026/09/29 - 08:56:19 | 200 |    416.2379ms |             ::1 | GET      "/api/AllCompanyScores"
[GIN] 2026/09/29 - 08:56:21 | 200 |            0s |             ::1 | POST     "/api/users/get-items"
[GIN] 2026/09/29 - 08:56:21 | 200 |      2.9166ms |             ::1 | GET      "/api/price-history?companyName=%D8%A2%D8%B1%D8%AF%DB%8C%D9%86%D9%87&limit=180"
[GIN] 2026/09/29 - 08:56:21 | 200 |       6.838ms |             ::1 | GET      "/api/CompanyNames"
[GIN] 2026/09/29 - 08:56:21 | 200 |       26.69ms |             ::1 | GET      "/api/price-history?companyName=%D8%A2%D8%B1%D8%AF%DB%8C%D9%86%D9%87&limit=180"
[GIN] 2026/09/29 - 08:56:31 | 200 |     10.5531ms |             ::1 | GET      "/api/CompanyNames"
[GIN] 2026/09/29 - 08:56:31 | 200 |       5.011ms |             ::1 | GET      "/api/CompanyNames"
[GIN] 2026/09/29 - 08:56:31 | 200 |     76.3168ms |             ::1 | GET      "/api/summary?limit=1000"
[GIN] 2026/09/29 - 08:56:31 | 204 |            0s |             ::1 | OPTIONS  "/api/price-history?companyName=%D8%B3%D9%87%DA%AF%D9%85%D8%AA&limit=180"
[GIN] 2026/09/29 - 08:56:31 | 204 |            0s |             ::1 | OPTIONS  "/api/SalesData?companyName=%D8%B3%D9%87%DA%AF%D9%85%D8%AA"
[GIN] 2026/09/29 - 08:56:31 | 204 |            0s |             ::1 | OPTIONS  "/api/SalesData2?companyName=%D8%B3%D9%87%DA%AF%D9%85%D8%AA"
[GIN] 2026/09/29 - 08:56:31 | 204 |            0s |             ::1 | OPTIONS  "/api/CompanyScores?companyName=%D8%B3%D9%87%DA%AF%D9%85%D8%AA"
[GIN] 2026/09/29 - 08:56:31 | 204 |            0s |             ::1 | OPTIONS  "/api/StockPriceScore?companyName=%D8%B3%D9%87%DA%AF%D9%85%D8%AA"
[GIN] 2026/09/29 - 08:56:31 | 204 |            0s |             ::1 | OPTIONS  "/api/price-history?companyName=%D8%B3%D9%87%DA%AF%D9%85%D8%AA&limit=180"
[GIN] 2026/09/29 - 08:56:31 | 200 |     38.3109ms |             ::1 | GET      "/api/SalesData2?companyName=%D8%B3%D9%87%DA%AF%D9%85%D8%AA"
[GIN] 2026/09/29 - 08:56:31 | 200 |     76.8614ms |             ::1 | GET      "/api/AllCompanyScores"
[GIN] 2026/09/29 - 08:56:31 | 200 |     136.366ms |             ::1 | GET      "/api/summary?limit=1000"
[GIN] 2026/09/29 - 08:56:31 | 200 |    125.2713ms |             ::1 | GET      "/api/CompanyScores?companyName=%D8%B3%D9%87%DA%AF%D9%85%D8%AA"
[GIN] 2026/09/29 - 08:56:31 | 200 |            0s |             ::1 | GET      "/api/StockPriceScore?companyName=%D8%B3%D9%87%DA%AF%D9%85%D8%AA"
[GIN] 2026/09/29 - 08:56:32 | 200 |     537.668ms |             ::1 | GET      "/api/SalesData?companyName=%D8%B3%D9%87%DA%AF%D9%85%D8%AA"
[GIN] 2026/09/29 - 08:56:32 | 200 |    694.9605ms |             ::1 | GET      "/api/price-history?companyName=%D8%B3%D9%87%DA%AF%D9%85%D8%AA&limit=180"
[GIN] 2026/09/29 - 08:56:32 | 200 |      2.4637ms |             ::1 | GET      "/api/price-history?companyName=%D8%B3%D9%87%DA%AF%D9%85%D8%AA&limit=180"
[GIN] 2026/09/29 - 08:56:32 | 200 |      2.4921ms |             ::1 | GET      "/api/price-history?companyName=%D8%B3%D9%87%DA%AF%D9%85%D8%AA&limit=180"
[GIN] 2026/09/29 - 08:56:32 | 200 |      3.0409ms |             ::1 | GET      "/api/price-history?companyName=%D8%B3%D9%87%DA%AF%D9%85%D8%AA&limit=180"
[GIN] 2026/09/29 - 08:57:04 | 200 |            0s |             ::1 | POST     "/api/users/get-items"
[GIN] 2026/09/29 - 08:57:04 | 204 |            0s |             ::1 | OPTIONS  "/api/SalesData2?companyName=%D8%B3%DB%8C%D9%85%D8%B1%D8%BA"
[GIN] 2026/09/29 - 08:57:04 | 204 |            0s |             ::1 | OPTIONS  "/api/CompanyScores?companyName=%D8%B3%DB%8C%D9%85%D8%B1%D8%BA"
[GIN] 2026/09/29 - 08:57:04 | 204 |            0s |             ::1 | OPTIONS  "/api/price-history?companyName=%D8%B3%DB%8C%D9%85%D8%B1%D8%BA&limit=180"
[GIN] 2026/09/29 - 08:57:04 | 204 |            0s |             ::1 | OPTIONS  "/api/SalesData?companyName=%D8%B3%DB%8C%D9%85%D8%B1%D8%BA"
[GIN] 2026/09/29 - 08:57:04 | 204 |            0s |             ::1 | OPTIONS  "/api/StockPriceScore?companyName=%D8%B3%DB%8C%D9%85%D8%B1%D8%BA"
[GIN] 2026/09/29 - 08:57:04 | 200 |      5.1916ms |             ::1 | GET      "/api/CompanyNames"
[GIN] 2026/09/29 - 08:57:04 | 200 |      2.8496ms |             ::1 | GET      "/api/SalesData2?companyName=%D8%B3%DB%8C%D9%85%D8%B1%D8%BA"
[GIN] 2026/09/29 - 08:57:04 | 200 |            0s |             ::1 | GET      "/api/StockPriceScore?companyName=%D8%B3%DB%8C%D9%85%D8%B1%D8%BA"
[GIN] 2026/09/29 - 08:57:04 | 200 |      5.9297ms |             ::1 | GET      "/api/price-history?companyName=%D8%B3%DB%8C%D9%85%D8%B1%D8%BA&limit=180"
[GIN] 2026/09/29 - 08:57:04 | 200 |     67.0858ms |             ::1 | GET      "/api/AllCompanyScores"
[GIN] 2026/09/29 - 08:57:04 | 200 |      4.8841ms |             ::1 | GET      "/api/SalesData?companyName=%D8%B3%DB%8C%D9%85%D8%B1%D8%BA"
[GIN] 2026/09/29 - 08:57:05 | 200 |    801.8817ms |             ::1 | GET      "/api/CompanyScores?companyName=%D8%B3%DB%8C%D9%85%D8%B1%D8%BA"
[GIN] 2026/09/29 - 08:57:05 | 200 |      3.0917ms |             ::1 | GET      "/api/price-history?companyName=%D8%B3%DB%8C%D9%85%D8%B1%D8%BA&limit=180"
[GIN] 2026/09/29 - 08:57:05 | 200 |      3.2247ms |             ::1 | GET      "/api/price-history?companyName=%D8%B3%DB%8C%D9%85%D8%B1%D8%BA&limit=180"
[GIN] 2026/09/29 - 08:57:08 | 200 |            0s |             ::1 | POST     "/api/users/get-items"
[GIN] 2026/09/29 - 08:57:08 | 200 |      2.9304ms |             ::1 | GET      "/api/SalesData?companyName=%D8%B3%D9%87%DA%AF%D9%85%D8%AA"
[GIN] 2026/09/29 - 08:57:08 | 200 |      3.5831ms |             ::1 | GET      "/api/price-history?companyName=%D8%B3%D9%87%DA%AF%D9%85%D8%AA&limit=180"
[GIN] 2026/09/29 - 08:57:08 | 200 |      3.1377ms |             ::1 | GET      "/api/SalesData2?companyName=%D8%B3%D9%87%DA%AF%D9%85%D8%AA"
[GIN] 2026/09/29 - 08:57:08 | 200 |            0s |             ::1 | GET      "/api/StockPriceScore?companyName=%D8%B3%D9%87%DA%AF%D9%85%D8%AA"
[GIN] 2026/09/29 - 08:57:08 | 200 |      6.0649ms |             ::1 | GET      "/api/CompanyScores?companyName=%D8%B3%D9%87%DA%AF%D9%85%D8%AA"
[GIN] 2026/09/29 - 08:57:08 | 200 |      5.7899ms |             ::1 | GET      "/api/CompanyNames"
[GIN] 2026/09/29 - 08:57:08 | 200 |    405.3734ms |             ::1 | GET      "/api/AllCompanyScores"
[GIN] 2026/09/29 - 08:57:08 | 200 |      2.8535ms |             ::1 | GET      "/api/price-history?companyName=%D8%B3%D9%87%DA%AF%D9%85%D8%AA&limit=180"
[GIN] 2026/09/29 - 08:57:08 | 200 |      3.2258ms |             ::1 | GET      "/api/price-history?companyName=%D8%B3%D9%87%DA%AF%D9%85%D8%AA&limit=180"
[GIN] 2026/09/29 - 08:57:10 | 200 |            0s |             ::1 | POST     "/api/users/get-items"
[GIN] 2026/09/29 - 08:57:10 | 204 |            0s |             ::1 | OPTIONS  "/api/CompanyScores?companyName=%D8%B3%DB%8C%D8%B3%D8%AA%D9%85"
[GIN] 2026/09/29 - 08:57:10 | 204 |            0s |             ::1 | OPTIONS  "/api/SalesData2?companyName=%D8%B3%DB%8C%D8%B3%D8%AA%D9%85"
[GIN] 2026/09/29 - 08:57:10 | 204 |            0s |             ::1 | OPTIONS  "/api/StockPriceScore?companyName=%D8%B3%DB%8C%D8%B3%D8%AA%D9%85"
[GIN] 2026/09/29 - 08:57:10 | 204 |            0s |             ::1 | OPTIONS  "/api/SalesData?companyName=%D8%B3%DB%8C%D8%B3%D8%AA%D9%85"
[GIN] 2026/09/29 - 08:57:10 | 204 |         445µs |             ::1 | OPTIONS  "/api/price-history?companyName=%D8%B3%DB%8C%D8%B3%D8%AA%D9%85&limit=180"
[GIN] 2026/09/29 - 08:57:10 | 200 |      6.1105ms |             ::1 | GET      "/api/CompanyNames"
[GIN] 2026/09/29 - 08:57:10 | 200 |            0s |             ::1 | GET      "/api/StockPriceScore?companyName=%D8%B3%DB%8C%D8%B3%D8%AA%D9%85"
[GIN] 2026/09/29 - 08:57:10 | 200 |     88.2111ms |             ::1 | GET      "/api/AllCompanyScores"
[GIN] 2026/09/29 - 08:57:10 | 200 |     34.4477ms |             ::1 | GET      "/api/CompanyScores?companyName=%D8%B3%DB%8C%D8%B3%D8%AA%D9%85"
[GIN] 2026/09/29 - 08:57:10 | 200 |      4.4526ms |             ::1 | GET      "/api/price-history?companyName=%D8%B3%DB%8C%D8%B3%D8%AA%D9%85&limit=180"
[GIN] 2026/09/29 - 08:57:11 | 200 |    558.3765ms |             ::1 | GET      "/api/SalesData?companyName=%D8%B3%DB%8C%D8%B3%D8%AA%D9%85"
[GIN] 2026/09/29 - 08:57:11 | 200 |    668.0323ms |             ::1 | GET      "/api/SalesData2?companyName=%D8%B3%DB%8C%D8%B3%D8%AA%D9%85"
[GIN] 2026/09/29 - 08:57:11 | 200 |      4.4587ms |             ::1 | GET      "/api/price-history?companyName=%D8%B3%DB%8C%D8%B3%D8%AA%D9%85&limit=180"
[GIN] 2026/09/29 - 08:57:11 | 200 |      2.7964ms |             ::1 | GET      "/api/price-history?companyName=%D8%B3%DB%8C%D8%B3%D8%AA%D9%85&limit=180"
[GIN] 2026/09/29 - 09:03:59 | 200 |    670.3974ms |             ::1 | GET      "/api/family/cashflows?limit=200"
[GIN] 2026/09/29 - 09:03:59 | 200 |      2.0366ms |             ::1 | GET      "/api/family/cashflows?limit=200"
[GIN] 2026/09/29 - 09:04:00 | 200 |    922.8891ms |             ::1 | GET      "/api/family/history"
[GIN] 2026/09/29 - 09:04:00 | 200 |     1.043322s |             ::1 | GET      "/api/family/assets"
[GIN] 2026/09/29 - 09:04:00 | 200 |     83.9251ms |             ::1 | GET      "/api/family/history"
[GIN] 2026/09/29 - 09:04:00 | 200 |    1.1210976s |             ::1 | GET      "/api/CompanyNames"
[GIN] 2026/09/29 - 09:04:00 | 200 |      9.7239ms |             ::1 | GET      "/api/family/assets"
[GIN] 2026/09/29 - 09:04:00 | 200 |    1.2092153s |             ::1 | GET      "/api/family/broker"
[GIN] 2026/09/29 - 09:04:00 | 200 |     30.2711ms |             ::1 | GET      "/api/SalesData?companyName=%D8%A2%D8%B1%D8%AF%DB%8C%D9%86%D9%87"
[GIN] 2026/09/29 - 09:04:00 | 200 |            0s |             ::1 | GET      "/api/StockPriceScore?companyName=%D8%A2%D8%B1%D8%AF%DB%8C%D9%86%D9%87"
[GIN] 2026/09/29 - 09:04:00 | 200 |      4.7075ms |             ::1 | GET      "/api/family/broker"
[GIN] 2026/09/29 - 09:04:00 | 200 |    142.9329ms |             ::1 | GET      "/api/AllCompanyScores"
[GIN] 2026/09/29 - 09:04:00 | 200 |    576.2418ms |             ::1 | GET      "/api/SalesData2?companyName=%D8%A2%D8%B1%D8%AF%DB%8C%D9%86%D9%87"
[GIN] 2026/09/29 - 09:04:01 | 200 |    958.5382ms |             ::1 | GET      "/api/CompanyScores?companyName=%D8%A2%D8%B1%D8%AF%DB%8C%D9%86%D9%87"
[GIN] 2026/09/29 - 09:04:03 | 204 |       568.6µs |             ::1 | OPTIONS  "/api/family/broker?person_id=7"
[GIN] 2026/09/29 - 09:04:03 | 200 |      1.8679ms |             ::1 | DELETE   "/api/family/broker?person_id=7"
[GIN] 2026/09/29 - 09:04:03 | 200 |      7.3452ms |             ::1 | GET      "/api/family/assets"
[GIN] 2026/09/29 - 09:04:04 | 200 |     35.9026ms |             ::1 | GET      "/api/family/history"
[GIN] 2026/09/29 - 09:04:04 | 200 |    488.4742ms |             ::1 | GET      "/api/family/cashflows?limit=200"
[GIN] 2026/09/29 - 09:04:04 | 200 |    546.1433ms |             ::1 | GET      "/api/family/broker"
[GIN] 2026/09/29 - 09:04:30 | 200 |      4.3724ms |             ::1 | DELETE   "/api/family/broker?person_id=7"
[GIN] 2026/09/29 - 09:04:32 | 200 |      2.0045ms |             ::1 | GET      "/api/family/broker"
[GIN] 2026/09/29 - 09:04:32 | 200 |      3.0054ms |             ::1 | GET      "/api/family/cashflows?limit=200"
[GIN] 2026/09/29 - 09:04:32 | 200 |    404.2687ms |             ::1 | GET      "/api/family/assets"
[GIN] 2026/09/29 - 09:04:32 | 200 |    508.7607ms |             ::1 | GET      "/api/family/history"
[GIN] 2026/09/29 - 09:05:10 | 200 |      3.9705ms |             ::1 | GET      "/api/price-history?companyName=%D8%A2%D8%B1%D8%AF%DB%8C%D9%86%D9%87&limit=180"
[GIN] 2026/09/29 - 09:05:10 | 200 |      4.7365ms |             ::1 | GET      "/api/CompanyNames"
[GIN] 2026/09/29 - 09:05:10 | 200 |      2.7816ms |             ::1 | GET      "/api/price-history?companyName=%D8%A2%D8%B1%D8%AF%DB%8C%D9%86%D9%87&limit=180"
[GIN] 2026/09/29 - 09:09:04 | 200 |       5.203ms |             ::1 | GET      "/api/family/cashflows?limit=200"
[GIN] 2026/09/29 - 09:09:04 | 200 |      5.9334ms |             ::1 | GET      "/api/CompanyNames"
[GIN] 2026/09/29 - 09:09:04 | 200 |       9.747ms |             ::1 | GET      "/api/family/assets"
[GIN] 2026/09/29 - 09:09:05 | 200 |      1.0239ms |             ::1 | GET      "/api/family/cashflows?limit=200"
[GIN] 2026/09/29 - 09:09:05 | 200 |     36.2021ms |             ::1 | GET      "/api/family/assets"
[GIN] 2026/09/29 - 09:09:05 | 200 |    702.9188ms |             ::1 | GET      "/api/family/broker"
[GIN] 2026/09/29 - 09:09:05 | 200 |      3.2207ms |             ::1 | GET      "/api/family/broker"
[GIN] 2026/09/29 - 09:09:05 | 200 |    849.7341ms |             ::1 | GET      "/api/family/history"
[GIN] 2026/09/29 - 09:09:05 | 200 |     21.8748ms |             ::1 | GET      "/api/family/history"
[GIN] 2026/09/29 - 10:38:15 | 204 |            0s |             ::1 | OPTIONS  "/api/CompanyNames"
[GIN] 2026/09/29 - 10:38:15 | 204 |       714.8µs |             ::1 | OPTIONS  "/api/summary?limit=1000"
[GIN] 2026/09/29 - 10:38:15 | 204 |            0s |             ::1 | OPTIONS  "/api/summary?limit=1000"
[GIN] 2026/09/29 - 10:38:15 | 204 |            0s |             ::1 | OPTIONS  "/api/CompanyNames"
[GIN] 2026/09/29 - 10:38:15 | 200 |    381.3652ms |             ::1 | GET      "/api/CompanyNames"
[GIN] 2026/09/29 - 10:38:15 | 200 |      6.6951ms |             ::1 | GET      "/api/CompanyNames"
[GIN] 2026/09/29 - 10:38:15 | 204 |            0s |             ::1 | OPTIONS  "/api/SalesData2?companyName=%D8%A2%D8%B1%D8%AF%DB%8C%D9%86%D9%87"
[GIN] 2026/09/29 - 10:38:15 | 204 |            0s |             ::1 | OPTIONS  "/api/SalesData?companyName=%D8%A2%D8%B1%D8%AF%DB%8C%D9%86%D9%87"
[GIN] 2026/09/29 - 10:38:15 | 204 |            0s |             ::1 | OPTIONS  "/api/AllCompanyScores"
[GIN] 2026/09/29 - 10:38:15 | 204 |            0s |             ::1 | OPTIONS  "/api/CompanyScores?companyName=%D8%A2%D8%B1%D8%AF%DB%8C%D9%86%D9%87"
[GIN] 2026/09/29 - 10:38:15 | 200 |     25.2885ms |             ::1 | GET      "/api/SalesData?companyName=%D8%A2%D8%B1%D8%AF%DB%8C%D9%86%D9%87"
[GIN] 2026/09/29 - 10:38:15 | 204 |            0s |             ::1 | OPTIONS  "/api/StockPriceScore?companyName=%D8%A2%D8%B1%D8%AF%DB%8C%D9%86%D9%87"
[GIN] 2026/09/29 - 10:38:15 | 200 |     12.5064ms |             ::1 | GET      "/api/SalesData2?companyName=%D8%A2%D8%B1%D8%AF%DB%8C%D9%86%D9%87"
[GIN] 2026/09/29 - 10:38:15 | 200 |            0s |             ::1 | GET      "/api/StockPriceScore?companyName=%D8%A2%D8%B1%D8%AF%DB%8C%D9%86%D9%87"
[GIN] 2026/09/29 - 10:38:16 | 200 |    565.7893ms |             ::1 | GET      "/api/summary?limit=1000"
[GIN] 2026/09/29 - 10:38:16 | 200 |     251.284ms |             ::1 | GET      "/api/summary?limit=1000"
[GIN] 2026/09/29 - 10:38:16 | 200 |    503.4589ms |             ::1 | GET      "/api/CompanyScores?companyName=%D8%A2%D8%B1%D8%AF%DB%8C%D9%86%D9%87"
[GIN] 2026/09/29 - 10:38:16 | 200 |    726.0525ms |             ::1 | GET      "/api/AllCompanyScores"
[GIN] 2026/09/29 - 10:38:58 | 204 |            0s |             ::1 | OPTIONS  "/api/price-history?companyName=%D8%A2%D8%B1%D8%AF%DB%8C%D9%86%D9%87&limit=180"
[GIN] 2026/09/29 - 10:38:58 | 204 |            0s |             ::1 | OPTIONS  "/api/price-history?companyName=%D8%A2%D8%B1%D8%AF%DB%8C%D9%86%D9%87&limit=180"
[GIN] 2026/09/29 - 10:38:58 | 200 |      4.8598ms |             ::1 | GET      "/api/CompanyNames"
[GIN] 2026/09/29 - 10:38:59 | 200 |      5.5779ms |             ::1 | GET      "/api/price-history?companyName=%D8%A2%D8%B1%D8%AF%DB%8C%D9%86%D9%87&limit=180"
[GIN] 2026/09/29 - 10:38:59 | 200 |      3.3905ms |             ::1 | GET      "/api/price-history?companyName=%D8%A2%D8%B1%D8%AF%DB%8C%D9%86%D9%87&limit=180"
[GIN] 2026/09/29 - 10:39:07 | 204 |            0s |             ::1 | OPTIONS  "/api/price-history?companyName=%D8%A2%D8%B1%D8%AF%DB%8C%D9%86%D9%87&limit=365"
[GIN] 2026/09/29 - 10:39:07 | 200 |     55.5016ms |             ::1 | GET      "/api/price-history?companyName=%D8%A2%D8%B1%D8%AF%DB%8C%D9%86%D9%87&limit=365"
[GIN] 2026/09/29 - 10:39:22 | 200 |      5.0838ms |             ::1 | GET      "/api/CompanyNames"
[GIN] 2026/09/29 - 10:40:06 | 200 |      4.6549ms |             ::1 | GET      "/api/CompanyNames"
[GIN] 2026/09/29 - 10:40:06 | 200 |      6.4138ms |             ::1 | GET      "/api/price-history?companyName=%D8%A2%D8%B1%D8%AF%DB%8C%D9%86%D9%87&limit=180"
[GIN] 2026/09/29 - 10:40:06 | 200 |       4.615ms |             ::1 | GET      "/api/price-history?companyName=%D8%A2%D8%B1%D8%AF%DB%8C%D9%86%D9%87&limit=180"
[GIN] 2026/09/29 - 10:40:08 | 204 |            0s |             ::1 | OPTIONS  "/api/family/assets"
[GIN] 2026/09/29 - 10:40:08 | 204 |            0s |             ::1 | OPTIONS  "/api/family/cashflows?limit=200"
[GIN] 2026/09/29 - 10:40:08 | 204 |            0s |             ::1 | OPTIONS  "/api/family/history"
[GIN] 2026/09/29 - 10:40:08 | 204 |            0s |             ::1 | OPTIONS  "/api/family/broker"
[GIN] 2026/09/29 - 10:40:08 | 204 |       517.6µs |             ::1 | OPTIONS  "/api/family/history"
[GIN] 2026/09/29 - 10:40:08 | 204 |       517.6µs |             ::1 | OPTIONS  "/api/family/assets"
[GIN] 2026/09/29 - 10:40:08 | 204 |            0s |             ::1 | OPTIONS  "/api/family/cashflows?limit=200"
[GIN] 2026/09/29 - 10:40:08 | 204 |            0s |             ::1 | OPTIONS  "/api/family/broker"
[GIN] 2026/09/29 - 10:40:08 | 200 |       5.736ms |             ::1 | GET      "/api/CompanyNames"
[GIN] 2026/09/29 - 10:40:09 | 200 |    626.2045ms |             ::1 | GET      "/api/family/assets"
[GIN] 2026/09/29 - 10:40:09 | 200 |     11.5741ms |             ::1 | GET      "/api/family/assets"
[GIN] 2026/09/29 - 10:40:09 | 200 |    766.6067ms |             ::1 | GET      "/api/family/broker"
[GIN] 2026/09/29 - 10:40:09 | 200 |       1.877ms |             ::1 | GET      "/api/family/broker"
[GIN] 2026/09/29 - 10:40:09 | 200 |    929.9038ms |             ::1 | GET      "/api/family/cashflows?limit=200"
[GIN] 2026/09/29 - 10:40:09 | 200 |      4.9998ms |             ::1 | GET      "/api/family/cashflows?limit=200"
[GIN] 2026/09/29 - 10:40:09 | 200 |    1.0612685s |             ::1 | GET      "/api/family/history"
[GIN] 2026/09/29 - 10:40:09 | 200 |     43.6211ms |             ::1 | GET      "/api/family/history"
[GIN] 2026/09/29 - 10:40:21 | 200 |         4.2ms |             ::1 | GET      "/api/price-history?companyName=%D8%A2%D8%B1%D8%AF%DB%8C%D9%86%D9%87&limit=180"
[GIN] 2026/09/29 - 10:40:21 | 200 |         4.2ms |             ::1 | GET      "/api/CompanyNames"
[GIN] 2026/09/29 - 10:40:21 | 200 |      3.6876ms |             ::1 | GET      "/api/price-history?companyName=%D8%A2%D8%B1%D8%AF%DB%8C%D9%86%D9%87&limit=180"
[GIN] 2026/09/29 - 10:40:30 | 401 |            0s |             ::1 | GET      "/api/summary?limit=1000"
[GIN] 2026/09/29 - 10:40:30 | 401 |            0s |             ::1 | GET      "/api/CompanyNames"
[GIN] 2026/09/29 - 10:40:30 | 401 |            0s |             ::1 | GET      "/api/summary?limit=1000"
[GIN] 2026/09/29 - 10:40:30 | 401 |            0s |             ::1 | GET      "/api/CompanyNames"
[GIN] 2026/09/29 - 10:40:42 | 204 |            0s |             ::1 | OPTIONS  "/api/login"
[GIN] 2026/09/29 - 10:40:42 | 200 |     90.8095ms |             ::1 | POST     "/api/login"
[GIN] 2026/09/29 - 10:40:42 | 200 |      4.3966ms |             ::1 | GET      "/api/CompanyNames"
[GIN] 2026/09/29 - 10:40:42 | 200 |      5.8216ms |             ::1 | GET      "/api/price-history?companyName=%D8%A2%D8%B1%D8%AF%DB%8C%D9%86%D9%87&limit=180"
[GIN] 2026/09/29 - 10:40:42 | 200 |       992.2µs |             ::1 | GET      "/api/StockPriceScore?companyName=%D8%A2%D8%B1%D8%AF%DB%8C%D9%86%D9%87"
[GIN] 2026/09/29 - 10:40:42 | 200 |     22.4813ms |             ::1 | GET      "/api/SalesData?companyName=%D8%A2%D8%B1%D8%AF%DB%8C%D9%86%D9%87"
[GIN] 2026/09/29 - 10:40:42 | 200 |      6.1872ms |             ::1 | GET      "/api/price-history?companyName=%D8%A2%D8%B1%D8%AF%DB%8C%D9%86%D9%87&limit=180"
[GIN] 2026/09/29 - 10:40:42 | 200 |    471.4346ms |             ::1 | GET      "/api/CompanyScores?companyName=%D8%A2%D8%B1%D8%AF%DB%8C%D9%86%D9%87"
[GIN] 2026/09/29 - 10:40:43 | 200 |    655.9469ms |             ::1 | GET      "/api/SalesData2?companyName=%D8%A2%D8%B1%D8%AF%DB%8C%D9%86%D9%87"
[GIN] 2026/09/29 - 10:40:43 | 200 |    819.4344ms |             ::1 | GET      "/api/AllCompanyScores"
[GIN] 2026/09/29 - 10:40:43 | 200 |      4.9964ms |             ::1 | GET      "/api/price-history?companyName=%D8%A2%D8%B1%D8%AF%DB%8C%D9%86%D9%87&limit=180"
[GIN] 2026/09/29 - 10:40:43 | 200 |      4.0002ms |             ::1 | GET      "/api/price-history?companyName=%D8%A2%D8%B1%D8%AF%DB%8C%D9%86%D9%87&limit=180"
[GIN] 2026/09/29 - 10:40:47 | 200 |      4.4381ms |             ::1 | GET      "/api/CompanyNames"
[GIN] 2026/09/29 - 10:40:47 | 200 |      4.9532ms |             ::1 | GET      "/api/CompanyNames"
[GIN] 2026/09/29 - 10:40:47 | 200 |     76.5059ms |             ::1 | GET      "/api/summary?limit=1000"
[GIN] 2026/09/29 - 10:40:47 | 200 |     73.1688ms |             ::1 | GET      "/api/CompanyScores?companyName=%D8%A2%D8%B1%D8%AF%DB%8C%D9%86%D9%87"
[GIN] 2026/09/29 - 10:40:47 | 200 |     89.8854ms |             ::1 | GET      "/api/summary?limit=1000"
[GIN] 2026/09/29 - 10:40:47 | 200 |    103.3983ms |             ::1 | GET      "/api/AllCompanyScores"
[GIN] 2026/09/29 - 10:40:47 | 200 |            0s |             ::1 | GET      "/api/StockPriceScore?companyName=%D8%A2%D8%B1%D8%AF%DB%8C%D9%86%D9%87"
[GIN] 2026/09/29 - 10:40:48 | 200 |     499.489ms |             ::1 | GET      "/api/SalesData?companyName=%D8%A2%D8%B1%D8%AF%DB%8C%D9%86%D9%87"
[GIN] 2026/09/29 - 10:40:48 | 200 |    552.1703ms |             ::1 | GET      "/api/SalesData2?companyName=%D8%A2%D8%B1%D8%AF%DB%8C%D9%86%D9%87"
[GIN] 2026/09/29 - 12:15:10 | 200 |    515.4439ms |             ::1 | GET      "/api/CompanyNames"
[GIN] 2026/09/29 - 12:15:10 | 200 |    613.1012ms |             ::1 | GET      "/api/summary?limit=1000"
[GIN] 2026/09/29 - 12:15:10 | 200 |     82.9167ms |             ::1 | GET      "/api/summary?limit=1000"
[GIN] 2026/09/29 - 12:15:11 | 200 |      8.1078ms |             ::1 | GET      "/api/CompanyNames"
[GIN] 2026/09/29 - 12:15:11 | 200 |       13.23ms |             ::1 | GET      "/api/SalesData2?companyName=%D8%A2%D8%B1%D8%AF%DB%8C%D9%86%D9%87"
[GIN] 2026/09/29 - 12:15:11 | 200 |     25.7353ms |             ::1 | GET      "/api/SalesData?companyName=%D8%A2%D8%B1%D8%AF%DB%8C%D9%86%D9%87"
[GIN] 2026/09/29 - 12:15:11 | 200 |            0s |             ::1 | GET      "/api/StockPriceScore?companyName=%D8%A2%D8%B1%D8%AF%DB%8C%D9%86%D9%87"
[GIN] 2026/09/29 - 12:15:12 | 200 |     106.327ms |             ::1 | GET      "/api/AllCompanyScores"
[GIN] 2026/09/29 - 12:15:12 | 200 |    588.1861ms |             ::1 | GET      "/api/CompanyScores?companyName=%D8%A2%D8%B1%D8%AF%DB%8C%D9%86%D9%87"
[GIN] 2026/09/29 - 12:15:12 | 200 |      4.6359ms |             ::1 | GET      "/api/CompanyNames"
[GIN] 2026/09/29 - 12:15:12 | 200 |      4.8151ms |             ::1 | GET      "/api/CompanyNames"
[GIN] 2026/09/29 - 12:15:12 | 200 |            0s |             ::1 | GET      "/api/StockPriceScore?companyName=%D8%A2%D8%B1%D8%AF%DB%8C%D9%86%D9%87"
[GIN] 2026/09/29 - 12:15:12 | 200 |     25.9937ms |             ::1 | GET      "/api/SalesData?companyName=%D8%A2%D8%B1%D8%AF%DB%8C%D9%86%D9%87"
[GIN] 2026/09/29 - 12:15:12 | 200 |     32.8025ms |             ::1 | GET      "/api/CompanyScores?companyName=%D8%A2%D8%B1%D8%AF%DB%8C%D9%86%D9%87"
[GIN] 2026/09/29 - 12:15:12 | 200 |      96.166ms |             ::1 | GET      "/api/summary?limit=1000"
[GIN] 2026/09/29 - 12:15:12 | 200 |    131.9213ms |             ::1 | GET      "/api/summary?limit=1000"
[GIN] 2026/09/29 - 12:15:13 | 200 |    634.6236ms |             ::1 | GET      "/api/AllCompanyScores"
[GIN] 2026/09/29 - 12:15:13 | 200 |    638.6198ms |             ::1 | GET      "/api/SalesData2?companyName=%D8%A2%D8%B1%D8%AF%DB%8C%D9%86%D9%87"
[GIN] 2026/09/29 - 12:15:28 | 200 |      4.7965ms |             ::1 | GET      "/api/CompanyNames"
[GIN] 2026/09/29 - 12:15:28 | 200 |      4.4828ms |             ::1 | GET      "/api/price-history?companyName=%D8%A2%D8%B1%D8%AF%DB%8C%D9%86%D9%87&limit=180"
[GIN] 2026/09/29 - 12:15:28 | 200 |      2.8214ms |             ::1 | GET      "/api/price-history?companyName=%D8%A2%D8%B1%D8%AF%DB%8C%D9%86%D9%87&limit=180"
[GIN] 2026/09/29 - 12:15:38 | 401 |            0s |             ::1 | GET      "/api/summary?limit=1000"
[GIN] 2026/09/29 - 12:15:38 | 401 |            0s |             ::1 | GET      "/api/CompanyNames"
[GIN] 2026/09/29 - 12:15:38 | 401 |            0s |             ::1 | GET      "/api/summary?limit=1000"
[GIN] 2026/09/29 - 12:15:38 | 401 |            0s |             ::1 | GET      "/api/CompanyNames"
[GIN] 2026/09/29 - 12:15:43 | 200 |    372.8889ms |             ::1 | POST     "/api/login"
[GIN] 2026/09/29 - 12:15:43 | 200 |      4.7694ms |             ::1 | GET      "/api/CompanyNames"
[GIN] 2026/09/29 - 12:15:43 | 200 |            0s |             ::1 | GET      "/api/StockPriceScore?companyName=%D8%A2%D8%B1%D8%AF%DB%8C%D9%86%D9%87"
[GIN] 2026/09/29 - 12:15:43 | 200 |      6.0633ms |             ::1 | GET      "/api/price-history?companyName=%D8%A2%D8%B1%D8%AF%DB%8C%D9%86%D9%87&limit=180"
[GIN] 2026/09/29 - 12:15:43 | 200 |      9.0231ms |             ::1 | GET      "/api/SalesData2?companyName=%D8%A2%D8%B1%D8%AF%DB%8C%D9%86%D9%87"
[GIN] 2026/09/29 - 12:15:43 | 200 |      9.3004ms |             ::1 | GET      "/api/price-history?companyName=%D8%A2%D8%B1%D8%AF%DB%8C%D9%86%D9%87&limit=180"
[GIN] 2026/09/29 - 12:15:43 | 200 |     78.3343ms |             ::1 | GET      "/api/AllCompanyScores"
[GIN] 2026/09/29 - 12:15:43 | 200 |    436.9805ms |             ::1 | GET      "/api/SalesData?companyName=%D8%A2%D8%B1%D8%AF%DB%8C%D9%86%D9%87"
[GIN] 2026/09/29 - 12:15:44 | 200 |     505.957ms |             ::1 | GET      "/api/CompanyScores?companyName=%D8%A2%D8%B1%D8%AF%DB%8C%D9%86%D9%87"
[GIN] 2026/09/29 - 12:15:44 | 200 |      4.0138ms |             ::1 | GET      "/api/price-history?companyName=%D8%A2%D8%B1%D8%AF%DB%8C%D9%86%D9%87&limit=180"
[GIN] 2026/09/29 - 12:15:44 | 200 |      3.7614ms |             ::1 | GET      "/api/price-history?companyName=%D8%A2%D8%B1%D8%AF%DB%8C%D9%86%D9%87&limit=180"
[GIN] 2026/09/29 - 12:15:56 | 200 |      4.4494ms |             ::1 | GET      "/api/price-history?companyName=%D8%A2%D8%B1%D8%AF%DB%8C%D9%86%D9%87&limit=365"
[GIN] 2026/09/29 - 12:16:04 | 204 |            0s |             ::1 | OPTIONS  "/api/users/get-items"
[GIN] 2026/09/29 - 12:16:04 | 200 |            0s |             ::1 | POST     "/api/users/get-items"
[GIN] 2026/09/29 - 12:16:04 | 204 |            0s |             ::1 | OPTIONS  "/api/price-history?companyName=%D8%A2%D8%B1%DB%8C%D8%A7&limit=365"
[GIN] 2026/09/29 - 12:16:04 | 204 |            0s |             ::1 | OPTIONS  "/api/SalesData?companyName=%D8%A2%D8%B1%DB%8C%D8%A7"
[GIN] 2026/09/29 - 12:16:04 | 204 |            0s |             ::1 | OPTIONS  "/api/SalesData2?companyName=%D8%A2%D8%B1%DB%8C%D8%A7"
[GIN] 2026/09/29 - 12:16:04 | 204 |            0s |             ::1 | OPTIONS  "/api/CompanyScores?companyName=%D8%A2%D8%B1%DB%8C%D8%A7"
[GIN] 2026/09/29 - 12:16:04 | 204 |            0s |             ::1 | OPTIONS  "/api/StockPriceScore?companyName=%D8%A2%D8%B1%DB%8C%D8%A7"
[GIN] 2026/09/29 - 12:16:04 | 200 |            0s |             ::1 | GET      "/api/StockPriceScore?companyName=%D8%A2%D8%B1%DB%8C%D8%A7"
[GIN] 2026/09/29 - 12:16:04 | 200 |     16.0213ms |             ::1 | GET      "/api/price-history?companyName=%D8%A2%D8%B1%DB%8C%D8%A7&limit=365"
[GIN] 2026/09/29 - 12:16:04 | 200 |     64.4576ms |             ::1 | GET      "/api/AllCompanyScores"
[GIN] 2026/09/29 - 12:16:04 | 200 |     27.3376ms |             ::1 | GET      "/api/CompanyNames"
[GIN] 2026/09/29 - 12:16:05 | 200 |    111.2763ms |             ::1 | GET      "/api/SalesData2?companyName=%D8%A2%D8%B1%DB%8C%D8%A7"
[GIN] 2026/09/29 - 12:16:05 | 200 |    450.6137ms |             ::1 | GET      "/api/SalesData?companyName=%D8%A2%D8%B1%DB%8C%D8%A7"
[GIN] 2026/09/29 - 12:16:05 | 200 |    572.6503ms |             ::1 | GET      "/api/CompanyScores?companyName=%D8%A2%D8%B1%DB%8C%D8%A7"
[GIN] 2026/09/29 - 12:16:05 | 204 |            0s |             ::1 | OPTIONS  "/api/price-history?companyName=%D8%A2%D8%B1%DB%8C%D8%A7&limit=180"
[GIN] 2026/09/29 - 12:16:05 | 204 |            0s |             ::1 | OPTIONS  "/api/price-history?companyName=%D8%A2%D8%B1%DB%8C%D8%A7&limit=180"
[GIN] 2026/09/29 - 12:16:05 | 200 |      2.8036ms |             ::1 | GET      "/api/price-history?companyName=%D8%A2%D8%B1%DB%8C%D8%A7&limit=180"
[GIN] 2026/09/29 - 12:16:05 | 200 |      4.6491ms |             ::1 | GET      "/api/price-history?companyName=%D8%A2%D8%B1%DB%8C%D8%A7&limit=180"
[GIN] 2026/09/29 - 12:16:13 | 200 |      4.1456ms |             ::1 | GET      "/api/CompanyNames"
[GIN] 2026/09/29 - 12:16:13 | 200 |            0s |             ::1 | GET      "/api/StockPriceScore?companyName=%D8%A2%D8%B1%D8%AF%DB%8C%D9%86%D9%87"
[GIN] 2026/09/29 - 12:16:13 | 200 |      8.0284ms |             ::1 | GET      "/api/SalesData?companyName=%D8%A2%D8%B1%D8%AF%DB%8C%D9%86%D9%87"
[GIN] 2026/09/29 - 12:16:13 | 200 |     70.8329ms |             ::1 | GET      "/api/AllCompanyScores"
[GIN] 2026/09/29 - 12:16:13 | 200 |    429.3694ms |             ::1 | GET      "/api/SalesData2?companyName=%D8%A2%D8%B1%D8%AF%DB%8C%D9%86%D9%87"
[GIN] 2026/09/29 - 12:16:13 | 200 |     605.495ms |             ::1 | GET      "/api/CompanyScores?companyName=%D8%A2%D8%B1%D8%AF%DB%8C%D9%86%D9%87"
[GIN] 2026/09/29 - 12:16:32 | 200 |      6.1136ms |             ::1 | GET      "/api/CompanyNames"
[GIN] 2026/09/29 - 12:16:32 | 200 |     23.3273ms |             ::1 | GET      "/api/family/assets"
[GIN] 2026/09/29 - 12:16:33 | 200 |     10.7543ms |             ::1 | GET      "/api/family/assets"
[GIN] 2026/09/29 - 12:16:33 | 200 |    561.4892ms |             ::1 | GET      "/api/family/history"
[GIN] 2026/09/29 - 12:16:33 | 200 |     57.9328ms |             ::1 | GET      "/api/family/history"
[GIN] 2026/09/29 - 12:16:33 | 200 |    657.1964ms |             ::1 | GET      "/api/family/broker"
[GIN] 2026/09/29 - 12:16:33 | 200 |      8.0822ms |             ::1 | GET      "/api/family/broker"
[GIN] 2026/09/29 - 12:16:33 | 200 |    734.4651ms |             ::1 | GET      "/api/family/cashflows?limit=200"
[GIN] 2026/09/29 - 12:16:33 | 200 |      4.9351ms |             ::1 | GET      "/api/family/cashflows?limit=200"
[GIN] 2026/09/29 - 12:16:35 | 200 |      3.8784ms |             ::1 | GET      "/api/CompanyNames"
[GIN] 2026/09/29 - 12:16:35 | 200 |      6.7849ms |             ::1 | GET      "/api/price-history?companyName=%D8%A2%D8%B1%D8%AF%DB%8C%D9%86%D9%87&limit=180"
[GIN] 2026/09/29 - 12:16:35 | 200 |      4.0685ms |             ::1 | GET      "/api/price-history?companyName=%D8%A2%D8%B1%D8%AF%DB%8C%D9%86%D9%87&limit=180"
[GIN] 2026/09/29 - 12:16:39 | 200 |            0s |             ::1 | POST     "/api/users/get-items"
[GIN] 2026/09/29 - 12:16:39 | 204 |            0s |             ::1 | OPTIONS  "/api/price-history?companyName=%D8%A7%D8%B1%D9%81%D8%B9&limit=180"
[GIN] 2026/09/29 - 12:16:39 | 204 |            0s |             ::1 | OPTIONS  "/api/SalesData2?companyName=%D8%A7%D8%B1%D9%81%D8%B9"
[GIN] 2026/09/29 - 12:16:39 | 204 |            0s |             ::1 | OPTIONS  "/api/CompanyScores?companyName=%D8%A7%D8%B1%D9%81%D8%B9"
[GIN] 2026/09/29 - 12:16:39 | 204 |            0s |             ::1 | OPTIONS  "/api/StockPriceScore?companyName=%D8%A7%D8%B1%D9%81%D8%B9"
[GIN] 2026/09/29 - 12:16:39 | 204 |            0s |             ::1 | OPTIONS  "/api/SalesData?companyName=%D8%A7%D8%B1%D9%81%D8%B9"
[GIN] 2026/09/29 - 12:16:39 | 200 |      5.8635ms |             ::1 | GET      "/api/price-history?companyName=%D8%A7%D8%B1%D9%81%D8%B9&limit=180"
[GIN] 2026/09/29 - 12:16:39 | 200 |      4.8294ms |             ::1 | GET      "/api/CompanyNames"
[GIN] 2026/09/29 - 12:16:39 | 200 |      5.4652ms |             ::1 | GET      "/api/SalesData?companyName=%D8%A7%D8%B1%D9%81%D8%B9"
[GIN] 2026/09/29 - 12:16:39 | 200 |            0s |             ::1 | GET      "/api/StockPriceScore?companyName=%D8%A7%D8%B1%D9%81%D8%B9"
[GIN] 2026/09/29 - 12:16:39 | 200 |     75.5528ms |             ::1 | GET      "/api/AllCompanyScores"
[GIN] 2026/09/29 - 12:16:40 | 200 |    391.3589ms |             ::1 | GET      "/api/SalesData2?companyName=%D8%A7%D8%B1%D9%81%D8%B9"
[GIN] 2026/09/29 - 12:16:40 | 200 |    457.4506ms |             ::1 | GET      "/api/CompanyScores?companyName=%D8%A7%D8%B1%D9%81%D8%B9"
[GIN] 2026/09/29 - 12:16:40 | 200 |      3.8195ms |             ::1 | GET      "/api/price-history?companyName=%D8%A7%D8%B1%D9%81%D8%B9&limit=180"
[GIN] 2026/09/29 - 12:16:40 | 200 |      3.8103ms |             ::1 | GET      "/api/price-history?companyName=%D8%A7%D8%B1%D9%81%D8%B9&limit=180"
[GIN] 2026/09/29 - 12:16:47 | 200 |            0s |             ::1 | POST     "/api/users/get-items"
[GIN] 2026/09/29 - 12:16:47 | 200 |      2.8602ms |             ::1 | GET      "/api/price-history?companyName=%D8%A2%D8%B1%DB%8C%D8%A7&limit=180"
[GIN] 2026/09/29 - 12:16:47 | 200 |            0s |             ::1 | GET      "/api/StockPriceScore?companyName=%D8%A2%D8%B1%DB%8C%D8%A7"
[GIN] 2026/09/29 - 12:16:47 | 200 |      5.5692ms |             ::1 | GET      "/api/SalesData2?companyName=%D8%A2%D8%B1%DB%8C%D8%A7"
[GIN] 2026/09/29 - 12:16:47 | 200 |     13.1828ms |             ::1 | GET      "/api/CompanyScores?companyName=%D8%A2%D8%B1%DB%8C%D8%A7"
[GIN] 2026/09/29 - 12:16:47 | 200 |         5.6ms |             ::1 | GET      "/api/CompanyNames"
[GIN] 2026/09/29 - 12:16:47 | 200 |    424.0704ms |             ::1 | GET      "/api/SalesData?companyName=%D8%A2%D8%B1%DB%8C%D8%A7"
[GIN] 2026/09/29 - 12:16:47 | 200 |    562.1972ms |             ::1 | GET      "/api/AllCompanyScores"
[GIN] 2026/09/29 - 12:16:47 | 200 |      2.7254ms |             ::1 | GET      "/api/price-history?companyName=%D8%A2%D8%B1%DB%8C%D8%A7&limit=180"
[GIN] 2026/09/29 - 12:16:47 | 200 |      3.2032ms |             ::1 | GET      "/api/price-history?companyName=%D8%A2%D8%B1%DB%8C%D8%A7&limit=180"
[GIN] 2026/09/29 - 12:17:14 | 200 |      4.5663ms |             ::1 | GET      "/api/CompanyNames"
[GIN] 2026/09/29 - 12:17:14 | 200 |      4.2198ms |             ::1 | GET      "/api/CompanyNames"
[GIN] 2026/09/29 - 12:17:14 | 200 |      7.9507ms |             ::1 | GET      "/api/price-history?companyName=%D8%A2%D8%B1%DB%8C%D8%A7&limit=180"
[GIN] 2026/09/29 - 12:17:14 | 200 |      5.2447ms |             ::1 | GET      "/api/SalesData?companyName=%D8%A2%D8%B1%DB%8C%D8%A7"
[GIN] 2026/09/29 - 12:17:14 | 200 |      8.0128ms |             ::1 | GET      "/api/SalesData2?companyName=%D8%A2%D8%B1%DB%8C%D8%A7"
[GIN] 2026/09/29 - 12:17:14 | 200 |     66.7179ms |             ::1 | GET      "/api/summary?limit=1000"
[GIN] 2026/09/29 - 12:17:14 | 200 |            0s |             ::1 | GET      "/api/StockPriceScore?companyName=%D8%A2%D8%B1%DB%8C%D8%A7"
[GIN] 2026/09/29 - 12:17:14 | 200 |      2.9153ms |             ::1 | GET      "/api/price-history?companyName=%D8%A2%D8%B1%DB%8C%D8%A7&limit=180"
[GIN] 2026/09/29 - 12:17:14 | 200 |     66.2468ms |             ::1 | GET      "/api/summary?limit=1000"
[GIN] 2026/09/29 - 12:17:15 | 200 |    516.2345ms |             ::1 | GET      "/api/AllCompanyScores"
[GIN] 2026/09/29 - 12:17:15 | 200 |    814.0833ms |             ::1 | GET      "/api/CompanyScores?companyName=%D8%A2%D8%B1%DB%8C%D8%A7"
[GIN] 2026/09/29 - 12:17:15 | 200 |      1.6717ms |             ::1 | GET      "/api/price-history?companyName=%D8%A2%D8%B1%DB%8C%D8%A7&limit=180"
[GIN] 2026/09/29 - 12:17:15 | 200 |      2.4447ms |             ::1 | GET      "/api/price-history?companyName=%D8%A2%D8%B1%DB%8C%D8%A7&limit=180"
[GIN] 2026/09/29 - 13:16:43 | 204 |            0s |             ::1 | OPTIONS  "/api/CompanyNames"
[GIN] 2026/09/29 - 13:16:43 | 204 |       994.6µs |             ::1 | OPTIONS  "/api/CompanyNames"
[GIN] 2026/09/29 - 13:16:43 | 204 |            0s |             ::1 | OPTIONS  "/api/summary?limit=1000"
[GIN] 2026/09/29 - 13:16:43 | 204 |            0s |             ::1 | OPTIONS  "/api/summary?limit=1000"
[GIN] 2026/09/29 - 13:16:43 | 204 |            0s |             ::1 | OPTIONS  "/api/AllCompanyScores"
[GIN] 2026/09/29 - 13:16:44 | 200 |       706.9µs |             ::1 | GET      "/api/StockPriceScore?companyName=%D8%A2%D8%B1%DB%8C%D8%A7"
[GIN] 2026/09/29 - 13:16:44 | 200 |     624.766ms |             ::1 | GET      "/api/CompanyNames"
[GIN] 2026/09/29 - 13:16:44 | 200 |    581.0433ms |             ::1 | GET      "/api/SalesData?companyName=%D8%A2%D8%B1%DB%8C%D8%A7"
[GIN] 2026/09/29 - 13:16:44 | 200 |     35.9933ms |             ::1 | GET      "/api/CompanyNames"
[GIN] 2026/09/29 - 13:16:44 | 200 |    106.6039ms |             ::1 | GET      "/api/AllCompanyScores"
[GIN] 2026/09/29 - 13:16:44 | 200 |     651.112ms |             ::1 | GET      "/api/price-history?companyName=%D8%A2%D8%B1%DB%8C%D8%A7&limit=180"
[GIN] 2026/09/29 - 13:16:44 | 200 |    773.7331ms |             ::1 | GET      "/api/SalesData2?companyName=%D8%A2%D8%B1%DB%8C%D8%A7"
[GIN] 2026/09/29 - 13:16:44 | 200 |     15.1476ms |             ::1 | GET      "/api/price-history?companyName=%D8%A2%D8%B1%DB%8C%D8%A7&limit=180"
[GIN] 2026/09/29 - 13:16:45 | 200 |    1.0093777s |             ::1 | GET      "/api/summary?limit=1000"
[GIN] 2026/09/29 - 13:16:45 | 200 |    1.3214804s |             ::1 | GET      "/api/CompanyScores?companyName=%D8%A2%D8%B1%DB%8C%D8%A7"
[GIN] 2026/09/29 - 13:40:15 | 200 |    514.6159ms |             ::1 | GET      "/api/CompanyNames"
[GIN] 2026/09/29 - 13:40:15 | 200 |    519.1873ms |             ::1 | GET      "/api/summary?limit=1000"
[GIN] 2026/09/29 - 13:40:15 | 200 |      5.7351ms |             ::1 | GET      "/api/CompanyNames"
[GIN] 2026/09/29 - 13:40:15 | 204 |            0s |             ::1 | OPTIONS  "/api/StockPriceScore?companyName=%D8%A2%D8%B1%D8%AF%DB%8C%D9%86%D9%87"
[GIN] 2026/09/29 - 13:40:15 | 204 |            0s |             ::1 | OPTIONS  "/api/SalesData2?companyName=%D8%A2%D8%B1%D8%AF%DB%8C%D9%86%D9%87"
[GIN] 2026/09/29 - 13:40:15 | 204 |            0s |             ::1 | OPTIONS  "/api/CompanyScores?companyName=%D8%A2%D8%B1%D8%AF%DB%8C%D9%86%D9%87"
[GIN] 2026/09/29 - 13:40:15 | 204 |            0s |             ::1 | OPTIONS  "/api/SalesData?companyName=%D8%A2%D8%B1%D8%AF%DB%8C%D9%86%D9%87"
[GIN] 2026/09/29 - 13:40:15 | 200 |            0s |             ::1 | GET      "/api/StockPriceScore?companyName=%D8%A2%D8%B1%D8%AF%DB%8C%D9%86%D9%87"
[GIN] 2026/09/29 - 13:40:15 | 200 |     99.3448ms |             ::1 | GET      "/api/summary?limit=1000"
[GIN] 2026/09/29 - 13:40:15 | 200 |     79.1448ms |             ::1 | GET      "/api/AllCompanyScores"
[GIN] 2026/09/29 - 13:40:15 | 200 |     29.2977ms |             ::1 | GET      "/api/SalesData?companyName=%D8%A2%D8%B1%D8%AF%DB%8C%D9%86%D9%87"
[GIN] 2026/09/29 - 13:40:16 | 200 |    448.2382ms |             ::1 | GET      "/api/SalesData2?companyName=%D8%A2%D8%B1%D8%AF%DB%8C%D9%86%D9%87"
[GIN] 2026/09/29 - 13:40:16 | 200 |    762.1261ms |             ::1 | GET      "/api/CompanyScores?companyName=%D8%A2%D8%B1%D8%AF%DB%8C%D9%86%D9%87"
[GIN] 2026/09/29 - 13:40:17 | 204 |            0s |             ::1 | OPTIONS  "/api/price-history?companyName=%D8%A2%D8%B1%D8%AF%DB%8C%D9%86%D9%87&limit=180"
[GIN] 2026/09/29 - 13:40:17 | 204 |            0s |             ::1 | OPTIONS  "/api/price-history?companyName=%D8%A2%D8%B1%D8%AF%DB%8C%D9%86%D9%87&limit=180"
[GIN] 2026/09/29 - 13:40:17 | 200 |      3.6147ms |             ::1 | GET      "/api/CompanyNames"
[GIN] 2026/09/29 - 13:40:17 | 200 |      3.8203ms |             ::1 | GET      "/api/price-history?companyName=%D8%A2%D8%B1%D8%AF%DB%8C%D9%86%D9%87&limit=180"
[GIN] 2026/09/29 - 13:40:17 | 200 |      2.8964ms |             ::1 | GET      "/api/price-history?companyName=%D8%A2%D8%B1%D8%AF%DB%8C%D9%86%D9%87&limit=180"
[GIN] 2026/09/29 - 13:40:19 | 204 |            0s |             ::1 | OPTIONS  "/api/family/assets"
[GIN] 2026/09/29 - 13:40:19 | 204 |            0s |             ::1 | OPTIONS  "/api/family/cashflows?limit=200"
[GIN] 2026/09/29 - 13:40:19 | 204 |            0s |             ::1 | OPTIONS  "/api/family/assets"
[GIN] 2026/09/29 - 13:40:19 | 204 |            0s |             ::1 | OPTIONS  "/api/family/history"
[GIN] 2026/09/29 - 13:40:19 | 204 |            0s |             ::1 | OPTIONS  "/api/family/broker"
[GIN] 2026/09/29 - 13:40:19 | 204 |            0s |             ::1 | OPTIONS  "/api/family/history"
[GIN] 2026/09/29 - 13:40:19 | 200 |       5.458ms |             ::1 | GET      "/api/CompanyNames"
[GIN] 2026/09/29 - 13:40:19 | 204 |       860.4µs |             ::1 | OPTIONS  "/api/family/broker"
[GIN] 2026/09/29 - 13:40:19 | 204 |            0s |             ::1 | OPTIONS  "/api/family/cashflows?limit=200"
[GIN] 2026/09/29 - 13:40:20 | 200 |    547.0457ms |             ::1 | GET      "/api/family/assets"
[GIN] 2026/09/29 - 13:40:20 | 200 |      7.3906ms |             ::1 | GET      "/api/family/assets"
[GIN] 2026/09/29 - 13:40:20 | 200 |    636.9033ms |             ::1 | GET      "/api/family/cashflows?limit=200"
[GIN] 2026/09/29 - 13:40:20 | 200 |       2.323ms |             ::1 | GET      "/api/family/cashflows?limit=200"
[GIN] 2026/09/29 - 13:40:20 | 200 |    806.0567ms |             ::1 | GET      "/api/family/history"
[GIN] 2026/09/29 - 13:40:20 | 200 |    835.0414ms |             ::1 | GET      "/api/family/broker"
[GIN] 2026/09/29 - 13:40:20 | 200 |     24.3143ms |             ::1 | GET      "/api/family/history"
[GIN] 2026/09/29 - 13:40:20 | 200 |       876.8µs |             ::1 | GET      "/api/family/broker"
[GIN] 2026/09/29 - 13:40:34 | 204 |            0s |             ::1 | OPTIONS  "/api/family/sync-prices"
[GIN] 2026/09/29 - 13:40:58 | 200 |   24.1378681s |             ::1 | POST     "/api/family/sync-prices"
[GIN] 2026/09/29 - 13:40:58 | 200 |     12.5357ms |             ::1 | GET      "/api/family/assets"
[GIN] 2026/09/29 - 13:40:58 | 200 |         302µs |             ::1 | GET      "/api/family/broker"
[GIN] 2026/09/29 - 13:40:58 | 200 |     82.4377ms |             ::1 | GET      "/api/family/history"
[GIN] 2026/09/29 - 13:40:59 | 200 |     439.214ms |             ::1 | GET      "/api/family/cashflows?limit=200"
[GIN] 2026/09/29 - 13:41:05 | 200 |      6.1846ms |             ::1 | GET      "/api/CompanyNames"
[GIN] 2026/09/29 - 13:41:05 | 200 |      4.7482ms |             ::1 | GET      "/api/CompanyNames"
[GIN] 2026/09/29 - 13:41:05 | 200 |       721.1µs |             ::1 | GET      "/api/StockPriceScore?companyName=%D8%A2%D8%B1%D8%AF%DB%8C%D9%86%D9%87"
[GIN] 2026/09/29 - 13:41:06 | 200 |      9.7476ms |             ::1 | GET      "/api/family/assets"
[GIN] 2026/09/29 - 13:41:06 | 200 |     95.5739ms |             ::1 | GET      "/api/SalesData?companyName=%D8%A2%D8%B1%D8%AF%DB%8C%D9%86%D9%87"
[GIN] 2026/09/29 - 13:41:06 | 200 |     11.9416ms |             ::1 | GET      "/api/family/cashflows?limit=200"
[GIN] 2026/09/29 - 13:41:06 | 200 |     83.7784ms |             ::1 | GET      "/api/family/history"
[GIN] 2026/09/29 - 13:41:06 | 200 |      7.5255ms |             ::1 | GET      "/api/family/broker"
[GIN] 2026/09/29 - 13:41:06 | 200 |      8.6688ms |             ::1 | GET      "/api/family/assets"
[GIN] 2026/09/29 - 13:41:06 | 200 |      2.8709ms |             ::1 | GET      "/api/family/cashflows?limit=200"
[GIN] 2026/09/29 - 13:41:06 | 200 |     43.4174ms |             ::1 | GET      "/api/family/history"
[GIN] 2026/09/29 - 13:41:06 | 200 |       854.8µs |             ::1 | GET      "/api/family/broker"
[GIN] 2026/09/29 - 13:41:06 | 200 |    828.0905ms |             ::1 | GET      "/api/SalesData2?companyName=%D8%A2%D8%B1%D8%AF%DB%8C%D9%86%D9%87"
[GIN] 2026/09/29 - 13:41:06 | 200 |    870.2444ms |             ::1 | GET      "/api/CompanyScores?companyName=%D8%A2%D8%B1%D8%AF%DB%8C%D9%86%D9%87"
[GIN] 2026/09/29 - 13:41:09 | 200 |    3.5170826s |             ::1 | GET      "/api/summary?limit=1000"
[GIN] 2026/09/29 - 13:41:09 | 200 |     3.469795s |             ::1 | GET      "/api/AllCompanyScores"
[GIN] 2026/09/29 - 13:41:09 | 200 |     80.2221ms |             ::1 | GET      "/api/summary?limit=1000"
[GIN] 2026/09/29 - 13:41:20 | 200 |    4.4870641s |             ::1 | POST     "/api/family/sync-prices"
[GIN] 2026/09/29 - 13:41:20 | 200 |      1.7893ms |             ::1 | GET      "/api/family/broker"
[GIN] 2026/09/29 - 13:41:20 | 200 |     11.7405ms |             ::1 | GET      "/api/family/assets"
[GIN] 2026/09/29 - 13:41:21 | 200 |    359.6395ms |             ::1 | GET      "/api/family/cashflows?limit=200"
[GIN] 2026/09/29 - 13:41:21 | 200 |    425.7624ms |             ::1 | GET      "/api/family/history"
[GIN] 2026/09/29 - 13:41:23 | 200 |      6.3739ms |             ::1 | GET      "/api/CompanyNames"
[GIN] 2026/09/29 - 13:41:23 | 200 |      3.8222ms |             ::1 | GET      "/api/CompanyNames"
[GIN] 2026/09/29 - 13:41:23 | 200 |            0s |             ::1 | GET      "/api/StockPriceScore?companyName=%D8%A2%D8%B1%D8%AF%DB%8C%D9%86%D9%87"
[GIN] 2026/09/29 - 13:41:23 | 200 |     10.0052ms |             ::1 | GET      "/api/family/assets"
[GIN] 2026/09/29 - 13:41:23 | 200 |    115.3732ms |             ::1 | GET      "/api/SalesData?companyName=%D8%A2%D8%B1%D8%AF%DB%8C%D9%86%D9%87"
[GIN] 2026/09/29 - 13:41:23 | 200 |      3.9979ms |             ::1 | GET      "/api/family/cashflows?limit=200"
[GIN] 2026/09/29 - 13:41:23 | 200 |     93.2123ms |             ::1 | GET      "/api/family/history"
[GIN] 2026/09/29 - 13:41:23 | 200 |       989.5µs |             ::1 | GET      "/api/family/broker"
[GIN] 2026/09/29 - 13:41:23 | 200 |    210.0658ms |             ::1 | GET      "/api/AllCompanyScores"
[GIN] 2026/09/29 - 13:41:23 | 200 |      4.9946ms |             ::1 | GET      "/api/family/cashflows?limit=200"
[GIN] 2026/09/29 - 13:41:23 | 200 |     23.7654ms |             ::1 | GET      "/api/family/assets"
[GIN] 2026/09/29 - 13:41:23 | 200 |    312.5323ms |             ::1 | GET      "/api/summary?limit=1000"
[GIN] 2026/09/29 - 13:41:23 | 200 |     35.8051ms |             ::1 | GET      "/api/family/history"
[GIN] 2026/09/29 - 13:41:23 | 200 |       998.9µs |             ::1 | GET      "/api/family/broker"
[GIN] 2026/09/29 - 13:41:24 | 200 |     67.9898ms |             ::1 | GET      "/api/summary?limit=1000"
[GIN] 2026/09/29 - 13:41:24 | 200 |    509.1605ms |             ::1 | GET      "/api/SalesData2?companyName=%D8%A2%D8%B1%D8%AF%DB%8C%D9%86%D9%87"
[GIN] 2026/09/29 - 13:41:25 | 200 |    1.3725729s |             ::1 | GET      "/api/CompanyScores?companyName=%D8%A2%D8%B1%D8%AF%DB%8C%D9%86%D9%87"
[GIN] 2026/09/29 - 13:41:26 | 204 |            0s |             ::1 | OPTIONS  "/api/brs/collect"
🔍 BRS raw=false symbol=""
[GIN] 2026/09/29 - 13:46:20 | 200 |      7.1585ms |             ::1 | GET      "/api/CompanyNames"
[GIN] 2026/09/29 - 13:46:20 | 200 |      3.5906ms |             ::1 | GET      "/api/CompanyNames"
[GIN] 2026/09/29 - 13:46:20 | 200 |     14.6819ms |             ::1 | GET      "/api/SalesData2?companyName=%D8%A2%D8%B1%D8%AF%DB%8C%D9%86%D9%87"
[GIN] 2026/09/29 - 13:46:20 | 200 |            0s |             ::1 | GET      "/api/StockPriceScore?companyName=%D8%A2%D8%B1%D8%AF%DB%8C%D9%86%D9%87"
[GIN] 2026/09/29 - 13:46:20 | 200 |      5.9066ms |             ::1 | GET      "/api/SalesData?companyName=%D8%A2%D8%B1%D8%AF%DB%8C%D9%86%D9%87"
[GIN] 2026/09/29 - 13:46:20 | 200 |     70.4649ms |             ::1 | GET      "/api/summary?limit=1000"
[GIN] 2026/09/29 - 13:46:20 | 200 |     29.2876ms |             ::1 | GET      "/api/family/history"
[GIN] 2026/09/29 - 13:46:20 | 200 |      2.4814ms |             ::1 | GET      "/api/family/cashflows?limit=200"
[GIN] 2026/09/29 - 13:46:20 | 200 |      9.1797ms |             ::1 | GET      "/api/family/assets"
[GIN] 2026/09/29 - 13:46:20 | 200 |      2.6322ms |             ::1 | GET      "/api/family/broker"
[GIN] 2026/09/29 - 13:46:20 | 200 |     65.0462ms |             ::1 | GET      "/api/family/cashflows?limit=200"
[GIN] 2026/09/29 - 13:46:21 | 200 |    191.1868ms |             ::1 | GET      "/api/summary?limit=1000"
[GIN] 2026/09/29 - 13:46:21 | 200 |    183.7701ms |             ::1 | GET      "/api/family/history"
[GIN] 2026/09/29 - 13:46:21 | 200 |     18.2922ms |             ::1 | GET      "/api/family/assets"
[GIN] 2026/09/29 - 13:46:21 | 200 |      1.7016ms |             ::1 | GET      "/api/family/broker"
[GIN] 2026/09/29 - 13:46:21 | 200 |    495.0845ms |             ::1 | GET      "/api/CompanyScores?companyName=%D8%A2%D8%B1%D8%AF%DB%8C%D9%86%D9%87"
[GIN] 2026/09/29 - 13:46:21 | 200 |    720.6046ms |             ::1 | GET      "/api/AllCompanyScores"
[GIN] 2026/09/29 - 13:46:23 | 200 |      5.1119ms |             ::1 | GET      "/api/CompanyNames"
[GIN] 2026/09/29 - 13:46:23 | 200 |     66.9613ms |             ::1 | GET      "/api/summary?limit=1000"
[GIN] 2026/09/29 - 13:46:23 | 200 |     64.1357ms |             ::1 | GET      "/api/summary?limit=1000"
[GIN] 2026/09/29 - 13:46:24 | 200 |      4.0092ms |             ::1 | GET      "/api/family/cashflows?limit=200"
[GIN] 2026/09/29 - 13:46:24 | 200 |     21.9079ms |             ::1 | GET      "/api/family/history"
[GIN] 2026/09/29 - 13:46:24 | 200 |       782.4µs |             ::1 | GET      "/api/family/broker"
[GIN] 2026/09/29 - 13:46:24 | 200 |      3.5558ms |             ::1 | GET      "/api/CompanyNames"
[GIN] 2026/09/29 - 13:46:24 | 200 |      6.5883ms |             ::1 | GET      "/api/family/cashflows?limit=200"
[GIN] 2026/09/29 - 13:46:24 | 200 |    565.0558ms |             ::1 | GET      "/api/family/assets"
[GIN] 2026/09/29 - 13:46:24 | 200 |            0s |             ::1 | GET      "/api/StockPriceScore?companyName=%D8%A2%D8%B1%D8%AF%DB%8C%D9%86%D9%87"
[GIN] 2026/09/29 - 13:46:24 | 200 |      8.0402ms |             ::1 | GET      "/api/SalesData?companyName=%D8%A2%D8%B1%D8%AF%DB%8C%D9%86%D9%87"
[GIN] 2026/09/29 - 13:46:24 | 200 |     11.0743ms |             ::1 | GET      "/api/CompanyScores?companyName=%D8%A2%D8%B1%D8%AF%DB%8C%D9%86%D9%87"
[GIN] 2026/09/29 - 13:46:24 | 200 |       1.167ms |             ::1 | GET      "/api/family/broker"
[GIN] 2026/09/29 - 13:46:24 | 200 |      6.0311ms |             ::1 | GET      "/api/family/assets"
[GIN] 2026/09/29 - 13:46:24 | 200 |     25.3922ms |             ::1 | GET      "/api/family/history"
[GIN] 2026/09/29 - 13:46:25 | 200 |    438.8885ms |             ::1 | GET      "/api/SalesData2?companyName=%D8%A2%D8%B1%D8%AF%DB%8C%D9%86%D9%87"
[GIN] 2026/09/29 - 13:46:25 | 200 |     565.725ms |             ::1 | GET      "/api/AllCompanyScores"
[GIN] 2026/09/29 - 13:46:39 | 200 |         5m12s |             ::1 | POST     "/api/brs/collect"
[GIN] 2026/09/29 - 13:49:10 | 200 |      4.6449ms |             ::1 | GET      "/api/CompanyNames"
[GIN] 2026/09/29 - 13:49:10 | 200 |      4.3256ms |             ::1 | GET      "/api/CompanyNames"
[GIN] 2026/09/29 - 13:49:10 | 200 |      7.0404ms |             ::1 | GET      "/api/SalesData2?companyName=%D8%A2%D8%B1%D8%AF%DB%8C%D9%86%D9%87"
[GIN] 2026/09/29 - 13:49:10 | 200 |     74.4257ms |             ::1 | GET      "/api/summary?limit=1000"
[GIN] 2026/09/29 - 13:49:10 | 200 |       996.3µs |             ::1 | GET      "/api/StockPriceScore?companyName=%D8%A2%D8%B1%D8%AF%DB%8C%D9%86%D9%87"
[GIN] 2026/09/29 - 13:49:10 | 200 |     17.0122ms |             ::1 | GET      "/api/SalesData?companyName=%D8%A2%D8%B1%D8%AF%DB%8C%D9%86%D9%87"
[GIN] 2026/09/29 - 13:49:10 | 200 |     12.6364ms |             ::1 | GET      "/api/family/assets"
[GIN] 2026/09/29 - 13:49:10 | 200 |     48.8903ms |             ::1 | GET      "/api/family/history"
[GIN] 2026/09/29 - 13:49:10 | 200 |     15.9974ms |             ::1 | GET      "/api/family/cashflows?limit=200"
[GIN] 2026/09/29 - 13:49:10 | 200 |       998.2µs |             ::1 | GET      "/api/family/broker"
[GIN] 2026/09/29 - 13:49:10 | 200 |      9.9694ms |             ::1 | GET      "/api/family/assets"
[GIN] 2026/09/29 - 13:49:10 | 200 |      3.5703ms |             ::1 | GET      "/api/family/cashflows?limit=200"
[GIN] 2026/09/29 - 13:49:10 | 200 |     39.5919ms |             ::1 | GET      "/api/family/history"
[GIN] 2026/09/29 - 13:49:10 | 200 |         909µs |             ::1 | GET      "/api/family/broker"
[GIN] 2026/09/29 - 13:49:11 | 200 |    449.7981ms |             ::1 | GET      "/api/CompanyScores?companyName=%D8%A2%D8%B1%D8%AF%DB%8C%D9%86%D9%87"
[GIN] 2026/09/29 - 13:49:11 | 200 |    688.3871ms |             ::1 | GET      "/api/summary?limit=1000"
[GIN] 2026/09/29 - 13:49:11 | 200 |    729.5644ms |             ::1 | GET      "/api/AllCompanyScores"
[GIN] 2026/09/29 - 13:50:05 | 200 |      4.1524ms |             ::1 | GET      "/api/CompanyNames"
[GIN] 2026/09/29 - 13:50:05 | 200 |     16.1573ms |             ::1 | GET      "/api/price-history?companyName=%D8%A2%D8%B1%D8%AF%DB%8C%D9%86%D9%87&limit=180"
[GIN] 2026/09/29 - 13:50:05 | 200 |      3.7252ms |             ::1 | GET      "/api/price-history?companyName=%D8%A2%D8%B1%D8%AF%DB%8C%D9%86%D9%87&limit=180"
[GIN] 2026/09/29 - 14:03:37 | 200 |    409.6168ms |             ::1 | GET      "/api/CompanyNames"
[GIN] 2026/09/29 - 14:03:37 | 200 |      3.9989ms |             ::1 | GET      "/api/CompanyNames"
[GIN] 2026/09/29 - 14:03:37 | 200 |     18.4718ms |             ::1 | GET      "/api/SalesData?companyName=%D8%A2%D8%B1%D8%AF%DB%8C%D9%86%D9%87"
[GIN] 2026/09/29 - 14:03:37 | 200 |            0s |             ::1 | GET      "/api/StockPriceScore?companyName=%D8%A2%D8%B1%D8%AF%DB%8C%D9%86%D9%87"
[GIN] 2026/09/29 - 14:03:37 | 200 |    631.3881ms |             ::1 | GET      "/api/summary?limit=1000"
[GIN] 2026/09/29 - 14:03:37 | 200 |     79.1554ms |             ::1 | GET      "/api/SalesData2?companyName=%D8%A2%D8%B1%D8%AF%DB%8C%D9%86%D9%87"
[GIN] 2026/09/29 - 14:03:37 | 200 |    539.8889ms |             ::1 | GET      "/api/CompanyScores?companyName=%D8%A2%D8%B1%D8%AF%DB%8C%D9%86%D9%87"
[GIN] 2026/09/29 - 14:03:38 | 200 |    103.4521ms |             ::1 | GET      "/api/summary?limit=1000"
[GIN] 2026/09/29 - 14:03:38 | 200 |    808.0372ms |             ::1 | GET      "/api/price-history?companyName=%D8%A2%D8%B1%D8%AF%DB%8C%D9%86%D9%87&limit=180"
[GIN] 2026/09/29 - 14:03:38 | 200 |      4.5025ms |             ::1 | GET      "/api/price-history?companyName=%D8%A2%D8%B1%D8%AF%DB%8C%D9%86%D9%87&limit=180"
[GIN] 2026/09/29 - 14:03:38 | 200 |    951.3008ms |             ::1 | GET      "/api/AllCompanyScores"
[GIN] 2026/09/29 - 14:03:38 | 200 |      3.8392ms |             ::1 | GET      "/api/price-history?companyName=%D8%A2%D8%B1%D8%AF%DB%8C%D9%86%D9%87&limit=180"
[GIN] 2026/09/29 - 14:03:38 | 200 |      2.7024ms |             ::1 | GET      "/api/price-history?companyName=%D8%A2%D8%B1%D8%AF%DB%8C%D9%86%D9%87&limit=180"
[GIN] 2026/09/29 - 14:04:19 | 200 |      7.6388ms |             ::1 | GET      "/api/CompanyNames"
[GIN] 2026/09/29 - 14:04:19 | 200 |      3.9571ms |             ::1 | GET      "/api/CompanyNames"
[GIN] 2026/09/29 - 14:04:19 | 200 |     61.9829ms |             ::1 | GET      "/api/summary?limit=1000"
[GIN] 2026/09/29 - 14:04:19 | 200 |     12.3685ms |             ::1 | GET      "/api/price-history?companyName=%D8%A2%D8%B1%D8%AF%DB%8C%D9%86%D9%87&limit=180"
[GIN] 2026/09/29 - 14:04:19 | 200 |     15.6562ms |             ::1 | GET      "/api/CompanyScores?companyName=%D8%A2%D8%B1%D8%AF%DB%8C%D9%86%D9%87"
[GIN] 2026/09/29 - 14:04:19 | 200 |            0s |             ::1 | GET      "/api/StockPriceScore?companyName=%D8%A2%D8%B1%D8%AF%DB%8C%D9%86%D9%87"
[GIN] 2026/09/29 - 14:04:19 | 200 |      7.0778ms |             ::1 | GET      "/api/price-history?companyName=%D8%A2%D8%B1%D8%AF%DB%8C%D9%86%D9%87&limit=180"
[GIN] 2026/09/29 - 14:04:19 | 200 |    165.7814ms |             ::1 | GET      "/api/summary?limit=1000"
[GIN] 2026/09/29 - 14:04:19 | 200 |    125.1776ms |             ::1 | GET      "/api/AllCompanyScores"
[GIN] 2026/09/29 - 14:04:19 | 200 |    479.8054ms |             ::1 | GET      "/api/SalesData2?companyName=%D8%A2%D8%B1%D8%AF%DB%8C%D9%86%D9%87"
[GIN] 2026/09/29 - 14:04:19 | 200 |    571.0848ms |             ::1 | GET      "/api/SalesData?companyName=%D8%A2%D8%B1%D8%AF%DB%8C%D9%86%D9%87"
[GIN] 2026/09/29 - 14:04:20 | 200 |      3.2194ms |             ::1 | GET      "/api/price-history?companyName=%D8%A2%D8%B1%D8%AF%DB%8C%D9%86%D9%87&limit=180"
[GIN] 2026/09/29 - 14:04:20 | 200 |      4.3514ms |             ::1 | GET      "/api/price-history?companyName=%D8%A2%D8%B1%D8%AF%DB%8C%D9%86%D9%87&limit=180"
[GIN] 2026/09/29 - 14:04:21 | 200 |      2.9891ms |             ::1 | GET      "/api/family/cashflows?limit=200"
[GIN] 2026/09/29 - 14:04:21 | 200 |       998.8µs |             ::1 | GET      "/api/family/broker"
[GIN] 2026/09/29 - 14:04:21 | 200 |      2.9959ms |             ::1 | GET      "/api/CompanyNames"
[GIN] 2026/09/29 - 14:04:21 | 200 |      9.2026ms |             ::1 | GET      "/api/family/assets"
[GIN] 2026/09/29 - 14:04:21 | 200 |      7.7347ms |             ::1 | GET      "/api/family/cashflows?limit=200"
[GIN] 2026/09/29 - 14:04:21 | 200 |      1.7491ms |             ::1 | GET      "/api/family/broker"
[GIN] 2026/09/29 - 14:04:21 | 200 |     42.0237ms |             ::1 | GET      "/api/family/history"
[GIN] 2026/09/29 - 14:04:21 | 200 |      6.7028ms |             ::1 | GET      "/api/family/assets"
[GIN] 2026/09/29 - 14:04:21 | 200 |       26.71ms |             ::1 | GET      "/api/family/history"
[GIN] 2026/09/29 - 14:06:36 | 200 |      4.6086ms |             ::1 | GET      "/api/CompanyNames"
[GIN] 2026/09/29 - 14:06:36 | 200 |      3.5208ms |             ::1 | GET      "/api/CompanyNames"
[GIN] 2026/09/29 - 14:06:36 | 200 |     64.6351ms |             ::1 | GET      "/api/summary?limit=1000"
[GIN] 2026/09/29 - 14:06:36 | 200 |      8.9186ms |             ::1 | GET      "/api/SalesData?companyName=%D8%A2%D8%B1%D8%AF%DB%8C%D9%86%D9%87"
[GIN] 2026/09/29 - 14:06:37 | 200 |            0s |             ::1 | GET      "/api/StockPriceScore?companyName=%D8%A2%D8%B1%D8%AF%DB%8C%D9%86%D9%87"
[GIN] 2026/09/29 - 14:06:37 | 200 |      55.651ms |             ::1 | GET      "/api/AllCompanyScores"
[GIN] 2026/09/29 - 14:06:37 | 200 |      9.9699ms |             ::1 | GET      "/api/family/assets"
[GIN] 2026/09/29 - 14:06:37 | 200 |      8.8888ms |             ::1 | GET      "/api/family/cashflows?limit=200"
[GIN] 2026/09/29 - 14:06:37 | 200 |        6.63ms |             ::1 | GET      "/api/family/broker"
[GIN] 2026/09/29 - 14:06:37 | 200 |     60.5141ms |             ::1 | GET      "/api/family/history"
[GIN] 2026/09/29 - 14:06:37 | 200 |     14.0991ms |             ::1 | GET      "/api/family/assets"
[GIN] 2026/09/29 - 14:06:37 | 200 |      6.0005ms |             ::1 | GET      "/api/family/cashflows?limit=200"
[GIN] 2026/09/29 - 14:06:37 | 200 |      1.0057ms |             ::1 | GET      "/api/family/broker"
[GIN] 2026/09/29 - 14:06:37 | 200 |     64.1905ms |             ::1 | GET      "/api/family/history"
[GIN] 2026/09/29 - 14:06:37 | 200 |    456.9412ms |             ::1 | GET      "/api/CompanyScores?companyName=%D8%A2%D8%B1%D8%AF%DB%8C%D9%86%D9%87"
[GIN] 2026/09/29 - 14:06:37 | 200 |    667.8547ms |             ::1 | GET      "/api/SalesData2?companyName=%D8%A2%D8%B1%D8%AF%DB%8C%D9%86%D9%87"
[GIN] 2026/09/29 - 14:06:37 | 200 |     781.755ms |             ::1 | GET      "/api/summary?limit=1000"
[GIN] 2026/09/29 - 14:07:36 | 200 |      4.2385ms |             ::1 | GET      "/api/CompanyNames"
[GIN] 2026/09/29 - 14:07:36 | 200 |      3.5619ms |             ::1 | GET      "/api/CompanyNames"
[GIN] 2026/09/29 - 14:07:36 | 200 |       512.6µs |             ::1 | GET      "/api/StockPriceScore?companyName=%D8%A2%D8%B1%D8%AF%DB%8C%D9%86%D9%87"
[GIN] 2026/09/29 - 14:07:36 | 200 |     22.3954ms |             ::1 | GET      "/api/SalesData?companyName=%D8%A2%D8%B1%D8%AF%DB%8C%D9%86%D9%87"
[GIN] 2026/09/29 - 14:07:36 | 200 |      68.251ms |             ::1 | GET      "/api/summary?limit=1000"
[GIN] 2026/09/29 - 14:07:36 | 200 |     52.0801ms |             ::1 | GET      "/api/AllCompanyScores"
[GIN] 2026/09/29 - 14:07:37 | 200 |      7.7469ms |             ::1 | GET      "/api/family/assets"
[GIN] 2026/09/29 - 14:07:37 | 200 |      5.4207ms |             ::1 | GET      "/api/family/cashflows?limit=200"
[GIN] 2026/09/29 - 14:07:37 | 200 |    112.3269ms |             ::1 | GET      "/api/summary?limit=1000"
[GIN] 2026/09/29 - 14:07:37 | 200 |     59.0511ms |             ::1 | GET      "/api/family/history"
[GIN] 2026/09/29 - 14:07:37 | 200 |       514.2µs |             ::1 | GET      "/api/family/broker"
[GIN] 2026/09/29 - 14:07:37 | 200 |      7.7454ms |             ::1 | GET      "/api/family/assets"
[GIN] 2026/09/29 - 14:07:37 | 200 |      1.4488ms |             ::1 | GET      "/api/family/cashflows?limit=200"
[GIN] 2026/09/29 - 14:07:37 | 200 |       981.2µs |             ::1 | GET      "/api/family/broker"
[GIN] 2026/09/29 - 14:07:37 | 200 |     33.7632ms |             ::1 | GET      "/api/family/history"
[GIN] 2026/09/29 - 14:07:37 | 200 |    419.3941ms |             ::1 | GET      "/api/SalesData2?companyName=%D8%A2%D8%B1%D8%AF%DB%8C%D9%86%D9%87"
[GIN] 2026/09/29 - 14:07:37 | 200 |    483.5069ms |             ::1 | GET      "/api/CompanyScores?companyName=%D8%A2%D8%B1%D8%AF%DB%8C%D9%86%D9%87"
[GIN] 2026/09/29 - 14:08:36 | 200 |      4.9518ms |             ::1 | GET      "/api/CompanyNames"
[GIN] 2026/09/29 - 14:08:36 | 200 |      4.0909ms |             ::1 | GET      "/api/CompanyNames"
[GIN] 2026/09/29 - 14:08:36 | 200 |            0s |             ::1 | GET      "/api/StockPriceScore?companyName=%D8%A2%D8%B1%D8%AF%DB%8C%D9%86%D9%87"
[GIN] 2026/09/29 - 14:08:36 | 200 |      8.3991ms |             ::1 | GET      "/api/SalesData?companyName=%D8%A2%D8%B1%D8%AF%DB%8C%D9%86%D9%87"
[GIN] 2026/09/29 - 14:08:37 | 200 |     72.4762ms |             ::1 | GET      "/api/summary?limit=1000"
[GIN] 2026/09/29 - 14:08:37 | 200 |      13.614ms |             ::1 | GET      "/api/family/assets"
[GIN] 2026/09/29 - 14:08:37 | 200 |     116.866ms |             ::1 | GET      "/api/summary?limit=1000"
[GIN] 2026/09/29 - 14:08:37 | 200 |    111.8827ms |             ::1 | GET      "/api/family/history"
[GIN] 2026/09/29 - 14:08:37 | 200 |      1.9067ms |             ::1 | GET      "/api/family/cashflows?limit=200"
[GIN] 2026/09/29 - 14:08:37 | 200 |      2.9046ms |             ::1 | GET      "/api/family/broker"
[GIN] 2026/09/29 - 14:08:37 | 200 |     10.7708ms |             ::1 | GET      "/api/family/assets"
[GIN] 2026/09/29 - 14:08:37 | 200 |      1.3236ms |             ::1 | GET      "/api/family/cashflows?limit=200"
[GIN] 2026/09/29 - 14:08:37 | 200 |    142.9564ms |             ::1 | GET      "/api/family/history"
[GIN] 2026/09/29 - 14:08:37 | 200 |    567.2807ms |             ::1 | GET      "/api/CompanyScores?companyName=%D8%A2%D8%B1%D8%AF%DB%8C%D9%86%D9%87"
[GIN] 2026/09/29 - 14:08:37 | 200 |    777.2188ms |             ::1 | GET      "/api/AllCompanyScores"
[GIN] 2026/09/29 - 14:08:37 | 200 |    779.8708ms |             ::1 | GET      "/api/SalesData2?companyName=%D8%A2%D8%B1%D8%AF%DB%8C%D9%86%D9%87"
[GIN] 2026/09/29 - 14:08:37 | 200 |         735µs |             ::1 | GET      "/api/family/broker"
[GIN] 2026/09/29 - 14:09:37 | 200 |      5.4157ms |             ::1 | GET      "/api/CompanyNames"
[GIN] 2026/09/29 - 14:09:37 | 200 |      3.8389ms |             ::1 | GET      "/api/CompanyNames"
[GIN] 2026/09/29 - 14:09:37 | 200 |     47.7364ms |             ::1 | GET      "/api/summary?limit=1000"
[GIN] 2026/09/29 - 14:09:37 | 200 |       518.7µs |             ::1 | GET      "/api/StockPriceScore?companyName=%D8%A2%D8%B1%D8%AF%DB%8C%D9%86%D9%87"
[GIN] 2026/09/29 - 14:09:37 | 200 |      5.9436ms |             ::1 | GET      "/api/SalesData?companyName=%D8%A2%D8%B1%D8%AF%DB%8C%D9%86%D9%87"
[GIN] 2026/09/29 - 14:09:37 | 200 |      9.7441ms |             ::1 | GET      "/api/CompanyScores?companyName=%D8%A2%D8%B1%D8%AF%DB%8C%D9%86%D9%87"
[GIN] 2026/09/29 - 14:09:37 | 200 |    113.7857ms |             ::1 | GET      "/api/SalesData2?companyName=%D8%A2%D8%B1%D8%AF%DB%8C%D9%86%D9%87"
[GIN] 2026/09/29 - 14:09:37 | 200 |    105.2143ms |             ::1 | GET      "/api/summary?limit=1000"
[GIN] 2026/09/29 - 14:09:37 | 200 |      6.0098ms |             ::1 | GET      "/api/family/broker"
[GIN] 2026/09/29 - 14:09:37 | 200 |      1.1469ms |             ::1 | GET      "/api/family/broker"
[GIN] 2026/09/29 - 14:09:37 | 200 |     49.9676ms |             ::1 | GET      "/api/family/history"
[GIN] 2026/09/29 - 14:09:37 | 200 |      37.544ms |             ::1 | GET      "/api/family/history"
[GIN] 2026/09/29 - 14:09:37 | 200 |     478.697ms |             ::1 | GET      "/api/AllCompanyScores"
[GIN] 2026/09/29 - 14:09:37 | 200 |     440.572ms |             ::1 | GET      "/api/family/cashflows?limit=200"
[GIN] 2026/09/29 - 14:09:37 | 200 |    498.5854ms |             ::1 | GET      "/api/family/assets"
[GIN] 2026/09/29 - 14:09:37 | 200 |       1.687ms |             ::1 | GET      "/api/family/cashflows?limit=200"
[GIN] 2026/09/29 - 14:09:38 | 200 |     10.2001ms |             ::1 | GET      "/api/family/assets"
[GIN] 2026/09/29 - 14:10:37 | 200 |      5.1393ms |             ::1 | GET      "/api/CompanyNames"
[GIN] 2026/09/29 - 14:10:37 | 200 |      3.8358ms |             ::1 | GET      "/api/CompanyNames"
[GIN] 2026/09/29 - 14:10:37 | 200 |     48.5488ms |             ::1 | GET      "/api/summary?limit=1000"
[GIN] 2026/09/29 - 14:10:37 | 200 |      3.9012ms |             ::1 | GET      "/api/SalesData?companyName=%D8%A2%D8%B1%D8%AF%DB%8C%D9%86%D9%87"
[GIN] 2026/09/29 - 14:10:37 | 200 |      2.8987ms |             ::1 | GET      "/api/SalesData2?companyName=%D8%A2%D8%B1%D8%AF%DB%8C%D9%86%D9%87"
[GIN] 2026/09/29 - 14:10:37 | 200 |            0s |             ::1 | GET      "/api/StockPriceScore?companyName=%D8%A2%D8%B1%D8%AF%DB%8C%D9%86%D9%87"
[GIN] 2026/09/29 - 14:10:37 | 200 |    106.8872ms |             ::1 | GET      "/api/summary?limit=1000"
[GIN] 2026/09/29 - 14:10:37 | 200 |    401.9097ms |             ::1 | GET      "/api/CompanyScores?companyName=%D8%A2%D8%B1%D8%AF%DB%8C%D9%86%D9%87"
[GIN] 2026/09/29 - 14:10:38 | 200 |    856.9445ms |             ::1 | GET      "/api/family/assets"
[GIN] 2026/09/29 - 14:10:38 | 200 |     10.0939ms |             ::1 | GET      "/api/family/assets"
[GIN] 2026/09/29 - 14:10:38 | 200 |    1.0706278s |             ::1 | GET      "/api/AllCompanyScores"
[GIN] 2026/09/29 - 14:10:38 | 200 |    1.0654715s |             ::1 | GET      "/api/family/history"
[GIN] 2026/09/29 - 14:10:38 | 200 |    847.7972ms |             ::1 | GET      "/api/family/cashflows?limit=200"
[GIN] 2026/09/29 - 14:10:38 | 200 |      4.1912ms |             ::1 | GET      "/api/family/cashflows?limit=200"
[GIN] 2026/09/29 - 14:10:38 | 200 |     29.6617ms |             ::1 | GET      "/api/family/history"
[GIN] 2026/09/29 - 14:10:38 | 200 |    796.8288ms |             ::1 | GET      "/api/family/broker"
[GIN] 2026/09/29 - 14:10:38 | 200 |      3.5482ms |             ::1 | GET      "/api/family/broker"
[GIN] 2026/09/29 - 14:11:36 | 200 |         6.4ms |             ::1 | GET      "/api/CompanyNames"
[GIN] 2026/09/29 - 14:11:36 | 200 |      4.7164ms |             ::1 | GET      "/api/CompanyNames"
[GIN] 2026/09/29 - 14:11:36 | 200 |      2.5489ms |             ::1 | GET      "/api/SalesData2?companyName=%D8%A2%D8%B1%D8%AF%DB%8C%D9%86%D9%87"
[GIN] 2026/09/29 - 14:11:36 | 200 |            0s |             ::1 | GET      "/api/StockPriceScore?companyName=%D8%A2%D8%B1%D8%AF%DB%8C%D9%86%D9%87"
[GIN] 2026/09/29 - 14:11:36 | 200 |      4.9459ms |             ::1 | GET      "/api/SalesData?companyName=%D8%A2%D8%B1%D8%AF%DB%8C%D9%86%D9%87"
[GIN] 2026/09/29 - 14:11:36 | 200 |     58.1011ms |             ::1 | GET      "/api/summary?limit=1000"
[GIN] 2026/09/29 - 14:11:36 | 200 |      7.9616ms |             ::1 | GET      "/api/CompanyScores?companyName=%D8%A2%D8%B1%D8%AF%DB%8C%D9%86%D9%87"
[GIN] 2026/09/29 - 14:11:37 | 200 |     66.9972ms |             ::1 | GET      "/api/summary?limit=1000"
[GIN] 2026/09/29 - 14:11:37 | 200 |     11.9348ms |             ::1 | GET      "/api/family/assets"
[GIN] 2026/09/29 - 14:11:37 | 200 |     34.7855ms |             ::1 | GET      "/api/family/history"
[GIN] 2026/09/29 - 14:11:37 | 200 |    418.6358ms |             ::1 | GET      "/api/AllCompanyScores"
[GIN] 2026/09/29 - 14:11:37 | 200 |    459.8949ms |             ::1 | GET      "/api/family/broker"
[GIN] 2026/09/29 - 14:11:37 | 200 |      6.9121ms |             ::1 | GET      "/api/family/assets"
[GIN] 2026/09/29 - 14:11:37 | 200 |     36.0373ms |             ::1 | GET      "/api/family/history"
[GIN] 2026/09/29 - 14:11:37 | 200 |    519.4649ms |             ::1 | GET      "/api/family/cashflows?limit=200"
[GIN] 2026/09/29 - 14:11:37 | 200 |       3.432ms |             ::1 | GET      "/api/family/cashflows?limit=200"
[GIN] 2026/09/29 - 14:11:38 | 200 |    338.9862ms |             ::1 | GET      "/api/family/broker"
[GIN] 2026/09/29 - 14:12:36 | 200 |      4.1693ms |             ::1 | GET      "/api/CompanyNames"
[GIN] 2026/09/29 - 14:12:36 | 200 |      4.5181ms |             ::1 | GET      "/api/CompanyNames"
[GIN] 2026/09/29 - 14:12:37 | 200 |            0s |             ::1 | GET      "/api/StockPriceScore?companyName=%D8%A2%D8%B1%D8%AF%DB%8C%D9%86%D9%87"
[GIN] 2026/09/29 - 14:12:37 | 200 |     15.3568ms |             ::1 | GET      "/api/SalesData2?companyName=%D8%A2%D8%B1%D8%AF%DB%8C%D9%86%D9%87"
[GIN] 2026/09/29 - 14:12:37 | 200 |     15.3568ms |             ::1 | GET      "/api/SalesData?companyName=%D8%A2%D8%B1%D8%AF%DB%8C%D9%86%D9%87"
[GIN] 2026/09/29 - 14:12:37 | 200 |     74.8405ms |             ::1 | GET      "/api/summary?limit=1000"
[GIN] 2026/09/29 - 14:12:37 | 200 |     10.2352ms |             ::1 | GET      "/api/family/assets"
[GIN] 2026/09/29 - 14:12:37 | 200 |     37.4363ms |             ::1 | GET      "/api/family/history"
[GIN] 2026/09/29 - 14:12:37 | 200 |      3.6705ms |             ::1 | GET      "/api/family/cashflows?limit=200"
[GIN] 2026/09/29 - 14:12:37 | 200 |    108.8311ms |             ::1 | GET      "/api/summary?limit=1000"
[GIN] 2026/09/29 - 14:12:37 | 200 |      3.9944ms |             ::1 | GET      "/api/family/broker"
[GIN] 2026/09/29 - 14:12:37 | 200 |      8.5684ms |             ::1 | GET      "/api/family/assets"
[GIN] 2026/09/29 - 14:12:37 | 200 |      2.2973ms |             ::1 | GET      "/api/family/cashflows?limit=200"
[GIN] 2026/09/29 - 14:12:37 | 200 |       999.5µs |             ::1 | GET      "/api/family/broker"
[GIN] 2026/09/29 - 14:12:37 | 200 |     39.0469ms |             ::1 | GET      "/api/family/history"
[GIN] 2026/09/29 - 14:12:37 | 200 |    518.5557ms |             ::1 | GET      "/api/AllCompanyScores"
[GIN] 2026/09/29 - 14:12:37 | 200 |    862.0532ms |             ::1 | GET      "/api/CompanyScores?companyName=%D8%A2%D8%B1%D8%AF%DB%8C%D9%86%D9%87"
[GIN] 2026/09/29 - 14:13:36 | 200 |      4.3195ms |             ::1 | GET      "/api/CompanyNames"
[GIN] 2026/09/29 - 14:13:36 | 200 |      4.6016ms |             ::1 | GET      "/api/CompanyNames"
[GIN] 2026/09/29 - 14:13:36 | 200 |      3.0234ms |             ::1 | GET      "/api/SalesData2?companyName=%D8%A2%D8%B1%D8%AF%DB%8C%D9%86%D9%87"
[GIN] 2026/09/29 - 14:13:36 | 200 |       569.3µs |             ::1 | GET      "/api/StockPriceScore?companyName=%D8%A2%D8%B1%D8%AF%DB%8C%D9%86%D9%87"
[GIN] 2026/09/29 - 14:13:36 | 200 |      4.8044ms |             ::1 | GET      "/api/SalesData?companyName=%D8%A2%D8%B1%D8%AF%DB%8C%D9%86%D9%87"
[GIN] 2026/09/29 - 14:13:36 | 200 |     53.7997ms |             ::1 | GET      "/api/summary?limit=1000"
[GIN] 2026/09/29 - 14:13:37 | 200 |     63.4346ms |             ::1 | GET      "/api/summary?limit=1000"
[GIN] 2026/09/29 - 14:13:37 | 200 |     13.5123ms |             ::1 | GET      "/api/family/assets"
[GIN] 2026/09/29 - 14:13:37 | 200 |     53.3127ms |             ::1 | GET      "/api/family/history"
[GIN] 2026/09/29 - 14:13:37 | 200 |      1.3266ms |             ::1 | GET      "/api/family/broker"
[GIN] 2026/09/29 - 14:13:37 | 200 |      6.0209ms |             ::1 | GET      "/api/family/assets"
[GIN] 2026/09/29 - 14:13:37 | 200 |    524.6869ms |             ::1 | GET      "/api/AllCompanyScores"
[GIN] 2026/09/29 - 14:13:37 | 200 |    532.7006ms |             ::1 | GET      "/api/CompanyScores?companyName=%D8%A2%D8%B1%D8%AF%DB%8C%D9%86%D9%87"
[GIN] 2026/09/29 - 14:13:37 | 200 |      1.0019ms |             ::1 | GET      "/api/family/broker"
[GIN] 2026/09/29 - 14:13:37 | 200 |     39.0254ms |             ::1 | GET      "/api/family/history"
[GIN] 2026/09/29 - 14:13:37 | 200 |    502.2968ms |             ::1 | GET      "/api/family/cashflows?limit=200"
[GIN] 2026/09/29 - 14:13:37 | 200 |      1.9015ms |             ::1 | GET      "/api/family/cashflows?limit=200"
[GIN] 2026/09/29 - 14:14:36 | 200 |      5.2132ms |             ::1 | GET      "/api/CompanyNames"
[GIN] 2026/09/29 - 14:14:36 | 200 |      5.7094ms |             ::1 | GET      "/api/CompanyNames"
[GIN] 2026/09/29 - 14:14:36 | 200 |            0s |             ::1 | GET      "/api/StockPriceScore?companyName=%D8%A2%D8%B1%D8%AF%DB%8C%D9%86%D9%87"
[GIN] 2026/09/29 - 14:14:36 | 200 |     61.7849ms |             ::1 | GET      "/api/summary?limit=1000"
[GIN] 2026/09/29 - 14:14:36 | 200 |      7.4898ms |             ::1 | GET      "/api/SalesData?companyName=%D8%A2%D8%B1%D8%AF%DB%8C%D9%86%D9%87"
[GIN] 2026/09/29 - 14:14:36 | 200 |     14.8919ms |             ::1 | GET      "/api/family/assets"
[GIN] 2026/09/29 - 14:14:37 | 200 |     61.2298ms |             ::1 | GET      "/api/summary?limit=1000"
[GIN] 2026/09/29 - 14:14:37 | 200 |      3.0062ms |             ::1 | GET      "/api/family/cashflows?limit=200"
[GIN] 2026/09/29 - 14:14:37 | 200 |    110.6864ms |             ::1 | GET      "/api/family/history"
[GIN] 2026/09/29 - 14:14:37 | 200 |         996µs |             ::1 | GET      "/api/family/broker"
[GIN] 2026/09/29 - 14:14:37 | 200 |     457.323ms |             ::1 | GET      "/api/CompanyScores?companyName=%D8%A2%D8%B1%D8%AF%DB%8C%D9%86%D9%87"
[GIN] 2026/09/29 - 14:14:37 | 200 |     32.4077ms |             ::1 | GET      "/api/family/assets"
[GIN] 2026/09/29 - 14:14:37 | 200 |    683.8722ms |             ::1 | GET      "/api/SalesData2?companyName=%D8%A2%D8%B1%D8%AF%DB%8C%D9%86%D9%87"
[GIN] 2026/09/29 - 14:14:37 | 200 |     74.4637ms |             ::1 | GET      "/api/family/history"
[GIN] 2026/09/29 - 14:14:37 | 200 |     886.175ms |             ::1 | GET      "/api/AllCompanyScores"
[GIN] 2026/09/29 - 14:14:38 | 200 |    579.5009ms |             ::1 | GET      "/api/family/broker"
[GIN] 2026/09/29 - 14:14:38 | 200 |    628.7913ms |             ::1 | GET      "/api/family/cashflows?limit=200"
[GIN] 2026/09/29 - 14:15:38 | 200 |      4.1193ms |             ::1 | GET      "/api/CompanyNames"
[GIN] 2026/09/29 - 14:15:38 | 200 |      4.7582ms |             ::1 | GET      "/api/CompanyNames"
[GIN] 2026/09/29 - 14:15:38 | 200 |     47.0364ms |             ::1 | GET      "/api/summary?limit=1000"
[GIN] 2026/09/29 - 14:15:38 | 200 |     63.1373ms |             ::1 | GET      "/api/summary?limit=1000"
[GIN] 2026/09/29 - 14:15:39 | 200 |            0s |             ::1 | GET      "/api/StockPriceScore?companyName=%D8%A2%D8%B1%D8%AF%DB%8C%D9%86%D9%87"
[GIN] 2026/09/29 - 14:15:39 | 200 |      5.1792ms |             ::1 | GET      "/api/SalesData?companyName=%D8%A2%D8%B1%D8%AF%DB%8C%D9%86%D9%87"
[GIN] 2026/09/29 - 14:15:39 | 200 |       5.535ms |             ::1 | GET      "/api/SalesData2?companyName=%D8%A2%D8%B1%D8%AF%DB%8C%D9%86%D9%87"
[GIN] 2026/09/29 - 14:15:39 | 200 |     12.1728ms |             ::1 | GET      "/api/family/assets"
[GIN] 2026/09/29 - 14:15:39 | 200 |      2.4302ms |             ::1 | GET      "/api/family/cashflows?limit=200"
[GIN] 2026/09/29 - 14:15:39 | 200 |      2.7655ms |             ::1 | GET      "/api/family/broker"
[GIN] 2026/09/29 - 14:15:39 | 200 |     24.3349ms |             ::1 | GET      "/api/family/history"
[GIN] 2026/09/29 - 14:15:39 | 200 |     10.9234ms |             ::1 | GET      "/api/family/assets"
[GIN] 2026/09/29 - 14:15:39 | 200 |      1.0271ms |             ::1 | GET      "/api/family/broker"
[GIN] 2026/09/29 - 14:15:39 | 200 |      2.0297ms |             ::1 | GET      "/api/family/cashflows?limit=200"
[GIN] 2026/09/29 - 14:15:39 | 200 |     24.7743ms |             ::1 | GET      "/api/family/history"
[GIN] 2026/09/29 - 14:15:40 | 200 |    562.1559ms |             ::1 | GET      "/api/AllCompanyScores"
[GIN] 2026/09/29 - 14:15:40 | 200 |    840.7838ms |             ::1 | GET      "/api/CompanyScores?companyName=%D8%A2%D8%B1%D8%AF%DB%8C%D9%86%D9%87"
[GIN] 2026/09/29 - 14:16:36 | 200 |      4.1713ms |             ::1 | GET      "/api/CompanyNames"
[GIN] 2026/09/29 - 14:16:36 | 200 |     58.7923ms |             ::1 | GET      "/api/summary?limit=1000"
[GIN] 2026/09/29 - 14:16:36 | 200 |     57.1182ms |             ::1 | GET      "/api/summary?limit=1000"
[GIN] 2026/09/29 - 14:16:37 | 200 |      7.2181ms |             ::1 | GET      "/api/CompanyNames"
[GIN] 2026/09/29 - 14:16:37 | 200 |      4.7948ms |             ::1 | GET      "/api/SalesData2?companyName=%D8%A2%D8%B1%D8%AF%DB%8C%D9%86%D9%87"
[GIN] 2026/09/29 - 14:16:37 | 200 |       7.777ms |             ::1 | GET      "/api/family/assets"
[GIN] 2026/09/29 - 14:16:37 | 200 |     21.1249ms |             ::1 | GET      "/api/SalesData?companyName=%D8%A2%D8%B1%D8%AF%DB%8C%D9%86%D9%87"
[GIN] 2026/09/29 - 14:16:37 | 200 |     12.9773ms |             ::1 | GET      "/api/CompanyScores?companyName=%D8%A2%D8%B1%D8%AF%DB%8C%D9%86%D9%87"
[GIN] 2026/09/29 - 14:16:37 | 200 |      38.019ms |             ::1 | GET      "/api/family/history"
[GIN] 2026/09/29 - 14:16:37 | 200 |            0s |             ::1 | GET      "/api/StockPriceScore?companyName=%D8%A2%D8%B1%D8%AF%DB%8C%D9%86%D9%87"
[GIN] 2026/09/29 - 14:16:37 | 200 |      7.0593ms |             ::1 | GET      "/api/family/assets"
[GIN] 2026/09/29 - 14:16:37 | 200 |     47.3283ms |             ::1 | GET      "/api/AllCompanyScores"
[GIN] 2026/09/29 - 14:16:37 | 200 |      37.817ms |             ::1 | GET      "/api/family/history"
[GIN] 2026/09/29 - 14:16:38 | 200 |    361.9065ms |             ::1 | GET      "/api/family/cashflows?limit=200"
[GIN] 2026/09/29 - 14:16:38 | 200 |    414.5918ms |             ::1 | GET      "/api/family/broker"
[GIN] 2026/09/29 - 14:16:38 | 200 |      2.0243ms |             ::1 | GET      "/api/family/cashflows?limit=200"
[GIN] 2026/09/29 - 14:16:38 | 200 |       582.5µs |             ::1 | GET      "/api/family/broker"
[GIN] 2026/09/29 - 14:22:51 | 200 |     11.9801ms |             ::1 | GET      "/api/family/assets"
[GIN] 2026/09/29 - 14:22:51 | 200 |     12.3295ms |             ::1 | GET      "/api/family/assets"
[GIN] 2026/09/29 - 14:22:51 | 200 |     90.7732ms |             ::1 | GET      "/api/family/history"
[GIN] 2026/09/29 - 14:22:51 | 200 |     49.3745ms |             ::1 | GET      "/api/family/history"
[GIN] 2026/09/29 - 14:22:51 | 200 |    674.4203ms |             ::1 | GET      "/api/summary?limit=1000"
[GIN] 2026/09/29 - 14:22:52 | 200 |    103.5175ms |             ::1 | GET      "/api/summary?limit=1000"
[GIN] 2026/09/29 - 14:22:52 | 200 |    891.1545ms |             ::1 | GET      "/api/CompanyNames"
[GIN] 2026/09/29 - 14:22:52 | 200 |    765.4938ms |             ::1 | GET      "/api/family/broker"
[GIN] 2026/09/29 - 14:22:52 | 200 |    815.6763ms |             ::1 | GET      "/api/family/cashflows?limit=200"
[GIN] 2026/09/29 - 14:22:52 | 200 |      4.1696ms |             ::1 | GET      "/api/CompanyNames"
[GIN] 2026/09/29 - 14:22:52 | 200 |      1.2142ms |             ::1 | GET      "/api/family/broker"
[GIN] 2026/09/29 - 14:22:52 | 200 |      1.0505ms |             ::1 | GET      "/api/family/cashflows?limit=200"
[GIN] 2026/09/29 - 14:22:52 | 200 |            0s |             ::1 | GET      "/api/StockPriceScore?companyName=%D8%A2%D8%B1%D8%AF%DB%8C%D9%86%D9%87"
[GIN] 2026/09/29 - 14:22:52 | 200 |     19.0198ms |             ::1 | GET      "/api/SalesData?companyName=%D8%A2%D8%B1%D8%AF%DB%8C%D9%86%D9%87"
[GIN] 2026/09/29 - 14:22:53 | 200 |    484.0615ms |             ::1 | GET      "/api/CompanyScores?companyName=%D8%A2%D8%B1%D8%AF%DB%8C%D9%86%D9%87"
[GIN] 2026/09/29 - 14:22:53 | 200 |    691.7855ms |             ::1 | GET      "/api/SalesData2?companyName=%D8%A2%D8%B1%D8%AF%DB%8C%D9%86%D9%87"
[GIN] 2026/09/29 - 14:22:53 | 200 |    887.2561ms |             ::1 | GET      "/api/AllCompanyScores"
[GIN] 2026/09/29 - 14:30:49 | 200 |    498.0891ms |             ::1 | GET      "/api/CompanyNames"
[GIN] 2026/09/29 - 14:30:49 | 200 |    509.6365ms |             ::1 | GET      "/api/summary?limit=1000"
[GIN] 2026/09/29 - 14:30:49 | 200 |      7.2065ms |             ::1 | GET      "/api/CompanyNames"
[GIN] 2026/09/29 - 14:30:49 | 200 |      6.9626ms |             ::1 | GET      "/api/family/assets"
[GIN] 2026/09/29 - 14:30:49 | 200 |     72.2591ms |             ::1 | GET      "/api/summary?limit=1000"
[GIN] 2026/09/29 - 14:30:49 | 200 |      2.6458ms |             ::1 | GET      "/api/family/cashflows?limit=200"
[GIN] 2026/09/29 - 14:30:49 | 200 |     25.5242ms |             ::1 | GET      "/api/family/history"
[GIN] 2026/09/29 - 14:30:49 | 200 |     19.8067ms |             ::1 | GET      "/api/SalesData?companyName=%D8%A2%D8%B1%D8%AF%DB%8C%D9%86%D9%87"
[GIN] 2026/09/29 - 14:30:49 | 200 |     11.9549ms |             ::1 | GET      "/api/SalesData2?companyName=%D8%A2%D8%B1%D8%AF%DB%8C%D9%86%D9%87"
[GIN] 2026/09/29 - 14:30:49 | 200 |            0s |             ::1 | GET      "/api/StockPriceScore?companyName=%D8%A2%D8%B1%D8%AF%DB%8C%D9%86%D9%87"
[GIN] 2026/09/29 - 14:30:50 | 200 |       684.3µs |             ::1 | GET      "/api/family/cashflows?limit=200"
[GIN] 2026/09/29 - 14:30:50 | 200 |      17.454ms |             ::1 | GET      "/api/family/assets"
[GIN] 2026/09/29 - 14:30:50 | 200 |      76.186ms |             ::1 | GET      "/api/family/history"
[GIN] 2026/09/29 - 14:30:50 | 200 |    567.4985ms |             ::1 | GET      "/api/CompanyScores?companyName=%D8%A2%D8%B1%D8%AF%DB%8C%D9%86%D9%87"
[GIN] 2026/09/29 - 14:30:50 | 200 |    727.0447ms |             ::1 | GET      "/api/family/broker"
[GIN] 2026/09/29 - 14:30:50 | 200 |       900.8µs |             ::1 | GET      "/api/family/broker"
[GIN] 2026/09/29 - 14:30:50 | 200 |    833.2959ms |             ::1 | GET      "/api/AllCompanyScores"
[GIN] 2026/09/29 - 14:31:48 | 200 |      5.0828ms |             ::1 | GET      "/api/CompanyNames"
[GIN] 2026/09/29 - 14:31:48 | 200 |      4.0475ms |             ::1 | GET      "/api/CompanyNames"
[GIN] 2026/09/29 - 14:31:48 | 200 |            0s |             ::1 | GET      "/api/StockPriceScore?companyName=%D8%A2%D8%B1%D8%AF%DB%8C%D9%86%D9%87"
[GIN] 2026/09/29 - 14:31:48 | 200 |     19.9489ms |             ::1 | GET      "/api/CompanyScores?companyName=%D8%A2%D8%B1%D8%AF%DB%8C%D9%86%D9%87"
[GIN] 2026/09/29 - 14:31:48 | 200 |     15.3557ms |             ::1 | GET      "/api/SalesData?companyName=%D8%A2%D8%B1%D8%AF%DB%8C%D9%86%D9%87"
[GIN] 2026/09/29 - 14:31:48 | 200 |     98.0404ms |             ::1 | GET      "/api/summary?limit=1000"
[GIN] 2026/09/29 - 14:31:49 | 200 |     82.4409ms |             ::1 | GET      "/api/summary?limit=1000"
[GIN] 2026/09/29 - 14:31:49 | 200 |        1.99ms |             ::1 | GET      "/api/family/cashflows?limit=200"
[GIN] 2026/09/29 - 14:31:49 | 200 |     11.0453ms |             ::1 | GET      "/api/family/assets"
[GIN] 2026/09/29 - 14:31:49 | 200 |       1.001ms |             ::1 | GET      "/api/family/broker"
[GIN] 2026/09/29 - 14:31:49 | 200 |      3.0014ms |             ::1 | GET      "/api/family/cashflows?limit=200"
[GIN] 2026/09/29 - 14:31:49 | 200 |     66.6922ms |             ::1 | GET      "/api/family/history"
[GIN] 2026/09/29 - 14:31:49 | 200 |     11.7665ms |             ::1 | GET      "/api/family/assets"
[GIN] 2026/09/29 - 14:31:49 | 200 |      1.8077ms |             ::1 | GET      "/api/family/broker"
[GIN] 2026/09/29 - 14:31:49 | 200 |     596.105ms |             ::1 | GET      "/api/AllCompanyScores"
[GIN] 2026/09/29 - 14:31:49 | 200 |    600.1941ms |             ::1 | GET      "/api/SalesData2?companyName=%D8%A2%D8%B1%D8%AF%DB%8C%D9%86%D9%87"
[GIN] 2026/09/29 - 14:31:49 | 200 |     23.9612ms |             ::1 | GET      "/api/family/history"
[GIN] 2026/09/29 - 14:32:48 | 200 |      4.6654ms |             ::1 | GET      "/api/CompanyNames"
[GIN] 2026/09/29 - 14:32:48 | 200 |      3.5702ms |             ::1 | GET      "/api/CompanyNames"
[GIN] 2026/09/29 - 14:32:48 | 200 |            0s |             ::1 | GET      "/api/StockPriceScore?companyName=%D8%A2%D8%B1%D8%AF%DB%8C%D9%86%D9%87"
[GIN] 2026/09/29 - 14:32:48 | 200 |     50.8427ms |             ::1 | GET      "/api/SalesData?companyName=%D8%A2%D8%B1%D8%AF%DB%8C%D9%86%D9%87"
[GIN] 2026/09/29 - 14:32:48 | 200 |     93.4507ms |             ::1 | GET      "/api/summary?limit=1000"
[GIN] 2026/09/29 - 14:32:48 | 200 |      8.3652ms |             ::1 | GET      "/api/family/assets"
[GIN] 2026/09/29 - 14:32:48 | 200 |     73.0169ms |             ::1 | GET      "/api/AllCompanyScores"
[GIN] 2026/09/29 - 14:32:48 | 200 |      1.3838ms |             ::1 | GET      "/api/family/cashflows?limit=200"
[GIN] 2026/09/29 - 14:32:48 | 200 |      1.1583ms |             ::1 | GET      "/api/family/broker"
[GIN] 2026/09/29 - 14:32:48 | 200 |     49.9092ms |             ::1 | GET      "/api/family/history"
[GIN] 2026/09/29 - 14:32:49 | 200 |     12.0443ms |             ::1 | GET      "/api/family/assets"
[GIN] 2026/09/29 - 14:32:49 | 200 |      2.5352ms |             ::1 | GET      "/api/family/cashflows?limit=200"
[GIN] 2026/09/29 - 14:32:49 | 200 |       1.909ms |             ::1 | GET      "/api/family/broker"
[GIN] 2026/09/29 - 14:32:49 | 200 |    105.4338ms |             ::1 | GET      "/api/summary?limit=1000"
[GIN] 2026/09/29 - 14:32:49 | 200 |     70.7317ms |             ::1 | GET      "/api/family/history"
[GIN] 2026/09/29 - 14:32:49 | 200 |    537.7067ms |             ::1 | GET      "/api/SalesData2?companyName=%D8%A2%D8%B1%D8%AF%DB%8C%D9%86%D9%87"
[GIN] 2026/09/29 - 14:32:49 | 200 |    917.5928ms |             ::1 | GET      "/api/CompanyScores?companyName=%D8%A2%D8%B1%D8%AF%DB%8C%D9%86%D9%87"
[GIN] 2026/09/29 - 14:33:48 | 200 |      6.1644ms |             ::1 | GET      "/api/CompanyNames"
[GIN] 2026/09/29 - 14:33:48 | 200 |      5.9562ms |             ::1 | GET      "/api/CompanyNames"
[GIN] 2026/09/29 - 14:33:48 | 200 |            0s |             ::1 | GET      "/api/StockPriceScore?companyName=%D8%A2%D8%B1%D8%AF%DB%8C%D9%86%D9%87"
[GIN] 2026/09/29 - 14:33:48 | 200 |     14.1122ms |             ::1 | GET      "/api/SalesData2?companyName=%D8%A2%D8%B1%D8%AF%DB%8C%D9%86%D9%87"
[GIN] 2026/09/29 - 14:33:48 | 200 |     82.1619ms |             ::1 | GET      "/api/summary?limit=1000"
[GIN] 2026/09/29 - 14:33:48 | 200 |     60.7344ms |             ::1 | GET      "/api/AllCompanyScores"
[GIN] 2026/09/29 - 14:33:49 | 200 |      32.717ms |             ::1 | GET      "/api/family/assets"
[GIN] 2026/09/29 - 14:33:49 | 200 |      9.3981ms |             ::1 | GET      "/api/family/cashflows?limit=200"
[GIN] 2026/09/29 - 14:33:49 | 200 |     30.8739ms |             ::1 | GET      "/api/family/assets"
[GIN] 2026/09/29 - 14:33:49 | 200 |     178.614ms |             ::1 | GET      "/api/summary?limit=1000"
[GIN] 2026/09/29 - 14:33:49 | 200 |    140.9468ms |             ::1 | GET      "/api/family/history"
[GIN] 2026/09/29 - 14:33:49 | 200 |      2.4458ms |             ::1 | GET      "/api/family/cashflows?limit=200"
[GIN] 2026/09/29 - 14:33:49 | 200 |     55.0301ms |             ::1 | GET      "/api/family/history"
[GIN] 2026/09/29 - 14:33:49 | 200 |    589.0383ms |             ::1 | GET      "/api/CompanyScores?companyName=%D8%A2%D8%B1%D8%AF%DB%8C%D9%86%D9%87"
[GIN] 2026/09/29 - 14:33:49 | 200 |    727.3312ms |             ::1 | GET      "/api/SalesData?companyName=%D8%A2%D8%B1%D8%AF%DB%8C%D9%86%D9%87"
[GIN] 2026/09/29 - 14:33:49 | 200 |    634.1364ms |             ::1 | GET      "/api/family/broker"
[GIN] 2026/09/29 - 14:33:50 | 200 |      1.6809ms |             ::1 | GET      "/api/family/broker"
[GIN] 2026/09/29 - 14:34:48 | 200 |      5.5157ms |             ::1 | GET      "/api/CompanyNames"
[GIN] 2026/09/29 - 14:34:48 | 200 |      4.6359ms |             ::1 | GET      "/api/CompanyNames"
[GIN] 2026/09/29 - 14:34:48 | 200 |            0s |             ::1 | GET      "/api/StockPriceScore?companyName=%D8%A2%D8%B1%D8%AF%DB%8C%D9%86%D9%87"
[GIN] 2026/09/29 - 14:34:48 | 200 |       7.456ms |             ::1 | GET      "/api/SalesData2?companyName=%D8%A2%D8%B1%D8%AF%DB%8C%D9%86%D9%87"
[GIN] 2026/09/29 - 14:34:48 | 200 |     68.0113ms |             ::1 | GET      "/api/summary?limit=1000"
[GIN] 2026/09/29 - 14:34:49 | 200 |     95.8057ms |             ::1 | GET      "/api/summary?limit=1000"
[GIN] 2026/09/29 - 14:34:49 | 200 |     18.2283ms |             ::1 | GET      "/api/family/assets"
[GIN] 2026/09/29 - 14:34:49 | 200 |      4.0087ms |             ::1 | GET      "/api/family/cashflows?limit=200"
[GIN] 2026/09/29 - 14:34:49 | 200 |    116.1543ms |             ::1 | GET      "/api/family/history"
[GIN] 2026/09/29 - 14:34:49 | 200 |     469.909ms |             ::1 | GET      "/api/CompanyScores?companyName=%D8%A2%D8%B1%D8%AF%DB%8C%D9%86%D9%87"
[GIN] 2026/09/29 - 14:34:49 | 200 |    755.5437ms |             ::1 | GET      "/api/AllCompanyScores"
[GIN] 2026/09/29 - 14:34:49 | 200 |      1.9478ms |             ::1 | GET      "/api/family/broker"
[GIN] 2026/09/29 - 14:34:49 | 200 |      4.5414ms |             ::1 | GET      "/api/family/cashflows?limit=200"
[GIN] 2026/09/29 - 14:34:49 | 200 |    774.6847ms |             ::1 | GET      "/api/SalesData?companyName=%D8%A2%D8%B1%D8%AF%DB%8C%D9%86%D9%87"
[GIN] 2026/09/29 - 14:34:49 | 200 |      9.8014ms |             ::1 | GET      "/api/family/assets"
[GIN] 2026/09/29 - 14:34:49 | 200 |     30.2128ms |             ::1 | GET      "/api/family/history"
[GIN] 2026/09/29 - 14:34:49 | 200 |       614.8µs |             ::1 | GET      "/api/family/broker"
[GIN] 2026/09/29 - 15:27:22 | 204 |            0s |             ::1 | OPTIONS  "/api/CompanyNames"
[GIN] 2026/09/29 - 15:27:22 | 204 |            0s |             ::1 | OPTIONS  "/api/summary?limit=1000"
[GIN] 2026/09/29 - 15:27:22 | 204 |         756µs |             ::1 | OPTIONS  "/api/CompanyNames"
[GIN] 2026/09/29 - 15:27:22 | 204 |            0s |             ::1 | OPTIONS  "/api/summary?limit=1000"
[GIN] 2026/09/29 - 15:27:23 | 200 |     828.126ms |             ::1 | GET      "/api/summary?limit=1000"
[GIN] 2026/09/29 - 15:27:23 | 200 |    829.9014ms |             ::1 | GET      "/api/CompanyNames"
[GIN] 2026/09/29 - 15:27:23 | 200 |    111.7449ms |             ::1 | GET      "/api/summary?limit=1000"
[GIN] 2026/09/29 - 15:27:23 | 200 |    991.5385ms |             ::1 | GET      "/api/family/assets"
[GIN] 2026/09/29 - 15:27:23 | 200 |      4.9057ms |             ::1 | GET      "/api/CompanyNames"
[GIN] 2026/09/29 - 15:27:23 | 204 |            0s |             ::1 | OPTIONS  "/api/AllCompanyScores"
[GIN] 2026/09/29 - 15:27:23 | 200 |     12.3979ms |             ::1 | GET      "/api/SalesData2?companyName=%D8%A2%D8%B1%D8%AF%DB%8C%D9%86%D9%87"
[GIN] 2026/09/29 - 15:27:23 | 200 |    1.1190023s |             ::1 | GET      "/api/family/history"
[GIN] 2026/09/29 - 15:27:23 | 200 |     21.8861ms |             ::1 | GET      "/api/SalesData?companyName=%D8%A2%D8%B1%D8%AF%DB%8C%D9%86%D9%87"
[GIN] 2026/09/29 - 15:27:23 | 200 |     1.125445s |             ::1 | GET      "/api/family/cashflows?limit=200"
[GIN] 2026/09/29 - 15:27:23 | 200 |            0s |             ::1 | GET      "/api/StockPriceScore?companyName=%D8%A2%D8%B1%D8%AF%DB%8C%D9%86%D9%87"
[GIN] 2026/09/29 - 15:27:23 | 200 |     14.2861ms |             ::1 | GET      "/api/family/assets"
[GIN] 2026/09/29 - 15:27:23 | 200 |    1.2149502s |             ::1 | GET      "/api/family/broker"
[GIN] 2026/09/29 - 15:27:24 | 200 |     449.239ms |             ::1 | GET      "/api/CompanyScores?companyName=%D8%A2%D8%B1%D8%AF%DB%8C%D9%86%D9%87"
[GIN] 2026/09/29 - 15:27:24 | 200 |      8.4061ms |             ::1 | GET      "/api/family/cashflows?limit=200"
[GIN] 2026/09/29 - 15:27:24 | 200 |     23.4032ms |             ::1 | GET      "/api/family/history"
[GIN] 2026/09/29 - 15:27:24 | 200 |     56.5764ms |             ::1 | GET      "/api/AllCompanyScores"
[GIN] 2026/09/29 - 15:27:24 | 200 |    310.6561ms |             ::1 | GET      "/api/family/broker"
[GIN-debug] [WARNING] Creating an Engine instance with the Logger and Recovery middleware already attached.

[GIN-debug] [WARNING] Running in "debug" mode. Switch to "release" mode in production.
 - using env:	export GIN_MODE=release
 - using code:	gin.SetMode(gin.ReleaseMode)

[GIN-debug] GET    /api/health/shadow        --> go-app/handlers.GetShadowHealth (4 handlers)
[GIN-debug] POST   /api/register/send-code   --> go-app/handlers.SendVerificationCode (4 handlers)
[GIN-debug] POST   /api/register             --> go-app/handlers.Register (4 handlers)
[GIN-debug] POST   /api/login                --> go-app/handlers.Login (4 handlers)
[GIN-debug] GET    /api/AllCompanyScores     --> go-app/handlers.GetCompanyScores (5 handlers)
[GIN-debug] GET    /api/SalesData            --> go-app/handlers.GetSalesData (5 handlers)
[GIN-debug] GET    /api/CompanyNames         --> go-app/handlers.GetCompanyNames (5 handlers)
[GIN-debug] POST   /api/GetUrl               --> go-app/handlers.GetURL (5 handlers)
[GIN-debug] GET    /api/SalesData2           --> go-app/handlers.GetSalesData2 (5 handlers)
[GIN-debug] POST   /api/GetUrl2              --> go-app/handlers.GetURL2 (5 handlers)
[GIN-debug] GET    /api/CompanyScores        --> go-app/handlers.GetCompanyScores2 (5 handlers)
[GIN-debug] GET    /api/StockPriceScore      --> go-app/handlers.StockPriceScore (5 handlers)
[GIN-debug] POST   /api/run-script           --> go-app/handlers.RunScript (5 handlers)
[GIN-debug] POST   /api/run-script2          --> go-app/handlers.RunScript2 (5 handlers)
[GIN-debug] POST   /api/fetchAllData         --> go-app/handlers.BulkFetch (5 handlers)
[GIN-debug] GET    /api/FetchFullPE          --> go-app/handlers.RunScriptPE (5 handlers)
[GIN-debug] POST   /api/users/get-items      --> go-app/handlers.AddViewedItem (5 handlers)
[GIN-debug] GET    /api/price-history        --> go-app/handlers.GetPriceHistory (5 handlers)
[GIN-debug] GET    /api/export/scores        --> go-app/handlers.ExportScoresCSV (5 handlers)
[GIN-debug] POST   /api/brs/collect          --> go-app/handlers.RunBrsCollector (5 handlers)
[GIN-debug] POST   /api/sync-codal           --> go-app/handlers.RunSyncCodal (5 handlers)
[GIN-debug] GET    /api/summary              --> go-app/handlers.GetAIStockSummary (5 handlers)
[GIN-debug] GET    /api/detail               --> go-app/handlers.GetAIStockDetail (5 handlers)
[GIN-debug] POST   /api/analyze              --> go-app/handlers.AnalyzeTopStocksWithAI (5 handlers)
[GIN-debug] GET    /api/portfolio            --> go-app/handlers.GetPortfolio (5 handlers)
[GIN-debug] POST   /api/portfolio            --> go-app/handlers.UpsertHolding (5 handlers)
[GIN-debug] DELETE /api/portfolio/:company_id --> go-app/handlers.DeleteHolding (5 handlers)
[GIN-debug] POST   /api/chat                 --> go-app/handlers.Chat (5 handlers)
[GIN-debug] GET    /api/family/assets        --> go-app/handlers.GetFamilyAssets (5 handlers)
[GIN-debug] POST   /api/family/assets        --> go-app/handlers.CreateFamilyAsset (5 handlers)
[GIN-debug] POST   /api/family/people        --> go-app/handlers.CreateFamilyPerson (5 handlers)
[GIN-debug] POST   /api/family/prices        --> go-app/handlers.SaveFamilyPrices (5 handlers)
[GIN-debug] POST   /api/family/sync-prices   --> go-app/handlers.SyncFamilyPrices (5 handlers)
[GIN-debug] PUT    /api/family/holdings      --> go-app/handlers.UpsertFamilyHolding (5 handlers)
[GIN-debug] DELETE /api/family/holdings      --> go-app/handlers.DeleteFamilyHolding (5 handlers)
[GIN-debug] PUT    /api/family/account       --> go-app/handlers.UpdateFamilyAccount (5 handlers)
[GIN-debug] GET    /api/family/cashflows     --> go-app/handlers.GetFamilyCashFlows (5 handlers)
[GIN-debug] POST   /api/family/cashflows     --> go-app/handlers.AddFamilyCashFlow (5 handlers)
[GIN-debug] DELETE /api/family/cashflows/:id --> go-app/handlers.DeleteFamilyCashFlow (5 handlers)
[GIN-debug] GET    /api/family/history       --> go-app/handlers.GetFamilyHistory (5 handlers)
[GIN-debug] GET    /api/family/broker        --> go-app/handlers.GetFamilyBrokerAccounts (5 handlers)
[GIN-debug] PUT    /api/family/broker        --> go-app/handlers.UpsertFamilyBrokerAccount (5 handlers)
[GIN-debug] DELETE /api/family/broker        --> go-app/handlers.DeleteFamilyBrokerAccount (5 handlers)
[GIN-debug] POST   /api/family/sync-broker   --> go-app/handlers.StartFamilyBrokerSync (5 handlers)
[GIN-debug] GET    /api/family/sync-broker/status --> go-app/handlers.GetFamilyBrokerJob (5 handlers)
[GIN-debug] POST   /api/family/sync-broker/captcha --> go-app/handlers.SubmitFamilyBrokerCaptcha (5 handlers)
[GIN-debug] [WARNING] You trusted all proxies, this is NOT safe. We recommend you to set a value.
Please check https://pkg.go.dev/github.com/gin-gonic/gin#readme-don-t-trust-all-proxies for details.
[GIN-debug] Listening and serving HTTP on :5000
[GIN] 2026/09/29 - 19:35:30 | 200 |    1.0891039s |       127.0.0.1 | POST     "/api/chat"
[GIN] 2026/09/29 - 19:35:46 | 200 |     92.7378ms |       127.0.0.1 | POST     "/api/chat"
[GIN] 2026/09/29 - 19:35:49 | 200 |     84.7765ms |       127.0.0.1 | POST     "/api/chat"
[GIN] 2026/09/29 - 19:35:52 | 200 |    129.8986ms |       127.0.0.1 | POST     "/api/chat"
[GIN] 2026/09/29 - 19:35:55 | 200 |     99.4962ms |       127.0.0.1 | POST     "/api/chat"
[GIN] 2026/09/29 - 19:35:58 | 200 |     77.5274ms |       127.0.0.1 | POST     "/api/chat"
[GIN] 2026/09/29 - 19:36:01 | 200 |     50.7486ms |       127.0.0.1 | POST     "/api/chat"
[GIN] 2026/09/29 - 19:36:44 | 200 |      50.964ms |       127.0.0.1 | POST     "/api/chat"
[GIN] 2026/09/29 - 19:36:44 | 200 |     58.8717ms |       127.0.0.1 | POST     "/api/chat"
[GIN] 2026/09/29 - 19:36:44 | 200 |     58.0923ms |       127.0.0.1 | POST     "/api/chat"
[GIN] 2026/09/29 - 19:36:44 | 200 |     55.3896ms |       127.0.0.1 | POST     "/api/chat"
[GIN] 2026/09/29 - 19:36:44 | 200 |     75.5432ms |       127.0.0.1 | POST     "/api/chat"
[GIN] 2026/09/29 - 19:36:44 | 200 |      85.622ms |       127.0.0.1 | POST     "/api/chat"
[GIN-debug] [WARNING] Creating an Engine instance with the Logger and Recovery middleware already attached.

[GIN-debug] [WARNING] Running in "debug" mode. Switch to "release" mode in production.
 - using env:	export GIN_MODE=release
 - using code:	gin.SetMode(gin.ReleaseMode)

[GIN-debug] GET    /api/health/shadow        --> go-app/handlers.GetShadowHealth (4 handlers)
[GIN-debug] POST   /api/register/send-code   --> go-app/handlers.SendVerificationCode (4 handlers)
[GIN-debug] POST   /api/register             --> go-app/handlers.Register (4 handlers)
[GIN-debug] POST   /api/login                --> go-app/handlers.Login (4 handlers)
[GIN-debug] GET    /api/AllCompanyScores     --> go-app/handlers.GetCompanyScores (5 handlers)
[GIN-debug] GET    /api/SalesData            --> go-app/handlers.GetSalesData (5 handlers)
[GIN-debug] GET    /api/CompanyNames         --> go-app/handlers.GetCompanyNames (5 handlers)
[GIN-debug] POST   /api/GetUrl               --> go-app/handlers.GetURL (5 handlers)
[GIN-debug] GET    /api/SalesData2           --> go-app/handlers.GetSalesData2 (5 handlers)
[GIN-debug] POST   /api/GetUrl2              --> go-app/handlers.GetURL2 (5 handlers)
[GIN-debug] GET    /api/CompanyScores        --> go-app/handlers.GetCompanyScores2 (5 handlers)
[GIN-debug] GET    /api/StockPriceScore      --> go-app/handlers.StockPriceScore (5 handlers)
[GIN-debug] POST   /api/run-script           --> go-app/handlers.RunScript (5 handlers)
[GIN-debug] POST   /api/run-script2          --> go-app/handlers.RunScript2 (5 handlers)
[GIN-debug] POST   /api/fetchAllData         --> go-app/handlers.BulkFetch (5 handlers)
[GIN-debug] GET    /api/FetchFullPE          --> go-app/handlers.RunScriptPE (5 handlers)
[GIN-debug] POST   /api/users/get-items      --> go-app/handlers.AddViewedItem (5 handlers)
[GIN-debug] GET    /api/price-history        --> go-app/handlers.GetPriceHistory (5 handlers)
[GIN-debug] GET    /api/export/scores        --> go-app/handlers.ExportScoresCSV (5 handlers)
[GIN-debug] POST   /api/brs/collect          --> go-app/handlers.RunBrsCollector (5 handlers)
[GIN-debug] POST   /api/sync-codal           --> go-app/handlers.RunSyncCodal (5 handlers)
[GIN-debug] GET    /api/summary              --> go-app/handlers.GetAIStockSummary (5 handlers)
[GIN-debug] GET    /api/detail               --> go-app/handlers.GetAIStockDetail (5 handlers)
[GIN-debug] POST   /api/analyze              --> go-app/handlers.AnalyzeTopStocksWithAI (5 handlers)
[GIN-debug] GET    /api/portfolio            --> go-app/handlers.GetPortfolio (5 handlers)
[GIN-debug] POST   /api/portfolio            --> go-app/handlers.UpsertHolding (5 handlers)
[GIN-debug] DELETE /api/portfolio/:company_id --> go-app/handlers.DeleteHolding (5 handlers)
[GIN-debug] POST   /api/chat                 --> go-app/handlers.Chat (5 handlers)
[GIN-debug] GET    /api/family/assets        --> go-app/handlers.GetFamilyAssets (5 handlers)
[GIN-debug] POST   /api/family/assets        --> go-app/handlers.CreateFamilyAsset (5 handlers)
[GIN-debug] POST   /api/family/people        --> go-app/handlers.CreateFamilyPerson (5 handlers)
[GIN-debug] POST   /api/family/prices        --> go-app/handlers.SaveFamilyPrices (5 handlers)
[GIN-debug] POST   /api/family/sync-prices   --> go-app/handlers.SyncFamilyPrices (5 handlers)
[GIN-debug] PUT    /api/family/holdings      --> go-app/handlers.UpsertFamilyHolding (5 handlers)
[GIN-debug] DELETE /api/family/holdings      --> go-app/handlers.DeleteFamilyHolding (5 handlers)
[GIN-debug] PUT    /api/family/account       --> go-app/handlers.UpdateFamilyAccount (5 handlers)
[GIN-debug] GET    /api/family/cashflows     --> go-app/handlers.GetFamilyCashFlows (5 handlers)
[GIN-debug] POST   /api/family/cashflows     --> go-app/handlers.AddFamilyCashFlow (5 handlers)
[GIN-debug] DELETE /api/family/cashflows/:id --> go-app/handlers.DeleteFamilyCashFlow (5 handlers)
[GIN-debug] GET    /api/family/history       --> go-app/handlers.GetFamilyHistory (5 handlers)
[GIN-debug] GET    /api/family/broker        --> go-app/handlers.GetFamilyBrokerAccounts (5 handlers)
[GIN-debug] PUT    /api/family/broker        --> go-app/handlers.UpsertFamilyBrokerAccount (5 handlers)
[GIN-debug] DELETE /api/family/broker        --> go-app/handlers.DeleteFamilyBrokerAccount (5 handlers)
[GIN-debug] POST   /api/family/sync-broker   --> go-app/handlers.StartFamilyBrokerSync (5 handlers)
[GIN-debug] GET    /api/family/sync-broker/status --> go-app/handlers.GetFamilyBrokerJob (5 handlers)
[GIN-debug] POST   /api/family/sync-broker/captcha --> go-app/handlers.SubmitFamilyBrokerCaptcha (5 handlers)
[GIN-debug] [WARNING] You trusted all proxies, this is NOT safe. We recommend you to set a value.
Please check https://pkg.go.dev/github.com/gin-gonic/gin#readme-don-t-trust-all-proxies for details.
[GIN-debug] Listening and serving HTTP on :5000
[GIN] 2026/09/29 - 19:39:26 | 200 |    520.7763ms |       127.0.0.1 | POST     "/api/chat"
[GIN] 2026/09/29 - 19:39:27 | 200 |     69.5988ms |       127.0.0.1 | POST     "/api/chat"
[GIN] 2026/09/29 - 19:39:27 | 200 |     62.6372ms |       127.0.0.1 | POST     "/api/chat"
[GIN-debug] [WARNING] Creating an Engine instance with the Logger and Recovery middleware already attached.

[GIN-debug] [WARNING] Running in "debug" mode. Switch to "release" mode in production.
 - using env:	export GIN_MODE=release
 - using code:	gin.SetMode(gin.ReleaseMode)

[GIN-debug] GET    /api/health/shadow        --> go-app/handlers.GetShadowHealth (4 handlers)
[GIN-debug] POST   /api/register/send-code   --> go-app/handlers.SendVerificationCode (4 handlers)
[GIN-debug] POST   /api/register             --> go-app/handlers.Register (4 handlers)
[GIN-debug] POST   /api/login                --> go-app/handlers.Login (4 handlers)
[GIN-debug] GET    /api/AllCompanyScores     --> go-app/handlers.GetCompanyScores (5 handlers)
[GIN-debug] GET    /api/SalesData            --> go-app/handlers.GetSalesData (5 handlers)
[GIN-debug] GET    /api/CompanyNames         --> go-app/handlers.GetCompanyNames (5 handlers)
[GIN-debug] POST   /api/GetUrl               --> go-app/handlers.GetURL (5 handlers)
[GIN-debug] GET    /api/SalesData2           --> go-app/handlers.GetSalesData2 (5 handlers)
[GIN-debug] POST   /api/GetUrl2              --> go-app/handlers.GetURL2 (5 handlers)
[GIN-debug] GET    /api/CompanyScores        --> go-app/handlers.GetCompanyScores2 (5 handlers)
[GIN-debug] GET    /api/StockPriceScore      --> go-app/handlers.StockPriceScore (5 handlers)
[GIN-debug] POST   /api/run-script           --> go-app/handlers.RunScript (5 handlers)
[GIN-debug] POST   /api/run-script2          --> go-app/handlers.RunScript2 (5 handlers)
[GIN-debug] POST   /api/fetchAllData         --> go-app/handlers.BulkFetch (5 handlers)
[GIN-debug] GET    /api/FetchFullPE          --> go-app/handlers.RunScriptPE (5 handlers)
[GIN-debug] POST   /api/users/get-items      --> go-app/handlers.AddViewedItem (5 handlers)
[GIN-debug] GET    /api/price-history        --> go-app/handlers.GetPriceHistory (5 handlers)
[GIN-debug] GET    /api/export/scores        --> go-app/handlers.ExportScoresCSV (5 handlers)
[GIN-debug] POST   /api/brs/collect          --> go-app/handlers.RunBrsCollector (5 handlers)
[GIN-debug] POST   /api/sync-codal           --> go-app/handlers.RunSyncCodal (5 handlers)
[GIN-debug] GET    /api/summary              --> go-app/handlers.GetAIStockSummary (5 handlers)
[GIN-debug] GET    /api/detail               --> go-app/handlers.GetAIStockDetail (5 handlers)
[GIN-debug] POST   /api/analyze              --> go-app/handlers.AnalyzeTopStocksWithAI (5 handlers)
[GIN-debug] GET    /api/portfolio            --> go-app/handlers.GetPortfolio (5 handlers)
[GIN-debug] POST   /api/portfolio            --> go-app/handlers.UpsertHolding (5 handlers)
[GIN-debug] DELETE /api/portfolio/:company_id --> go-app/handlers.DeleteHolding (5 handlers)
[GIN-debug] POST   /api/chat                 --> go-app/handlers.Chat (5 handlers)
[GIN-debug] GET    /api/family/assets        --> go-app/handlers.GetFamilyAssets (5 handlers)
[GIN-debug] POST   /api/family/assets        --> go-app/handlers.CreateFamilyAsset (5 handlers)
[GIN-debug] POST   /api/family/people        --> go-app/handlers.CreateFamilyPerson (5 handlers)
[GIN-debug] POST   /api/family/prices        --> go-app/handlers.SaveFamilyPrices (5 handlers)
[GIN-debug] POST   /api/family/sync-prices   --> go-app/handlers.SyncFamilyPrices (5 handlers)
[GIN-debug] PUT    /api/family/holdings      --> go-app/handlers.UpsertFamilyHolding (5 handlers)
[GIN-debug] DELETE /api/family/holdings      --> go-app/handlers.DeleteFamilyHolding (5 handlers)
[GIN-debug] PUT    /api/family/account       --> go-app/handlers.UpdateFamilyAccount (5 handlers)
[GIN-debug] GET    /api/family/cashflows     --> go-app/handlers.GetFamilyCashFlows (5 handlers)
[GIN-debug] POST   /api/family/cashflows     --> go-app/handlers.AddFamilyCashFlow (5 handlers)
[GIN-debug] DELETE /api/family/cashflows/:id --> go-app/handlers.DeleteFamilyCashFlow (5 handlers)
[GIN-debug] GET    /api/family/history       --> go-app/handlers.GetFamilyHistory (5 handlers)
[GIN-debug] GET    /api/family/broker        --> go-app/handlers.GetFamilyBrokerAccounts (5 handlers)
[GIN-debug] PUT    /api/family/broker        --> go-app/handlers.UpsertFamilyBrokerAccount (5 handlers)
[GIN-debug] DELETE /api/family/broker        --> go-app/handlers.DeleteFamilyBrokerAccount (5 handlers)
[GIN-debug] POST   /api/family/sync-broker   --> go-app/handlers.StartFamilyBrokerSync (5 handlers)
[GIN-debug] GET    /api/family/sync-broker/status --> go-app/handlers.GetFamilyBrokerJob (5 handlers)
[GIN-debug] POST   /api/family/sync-broker/captcha --> go-app/handlers.SubmitFamilyBrokerCaptcha (5 handlers)
[GIN-debug] [WARNING] You trusted all proxies, this is NOT safe. We recommend you to set a value.
Please check https://pkg.go.dev/github.com/gin-gonic/gin#readme-don-t-trust-all-proxies for details.
[GIN-debug] Listening and serving HTTP on :5000
[GIN] 2026/09/29 - 19:42:14 | 200 |    639.4918ms |       127.0.0.1 | POST     "/api/chat"
[GIN] 2026/09/29 - 19:42:14 | 200 |    104.1067ms |       127.0.0.1 | POST     "/api/chat"
[GIN] 2026/09/29 - 19:43:08 | 200 |   26.6827799s |             ::1 | GET      "/api/health/shadow"
[GIN] 2026/09/29 - 19:44:38 | 204 |       997.4µs |       127.0.0.1 | OPTIONS  "/api/summary?limit=1000"
[GIN] 2026/09/29 - 19:44:38 | 204 |            0s |       127.0.0.1 | OPTIONS  "/api/CompanyNames"
[GIN] 2026/09/29 - 19:44:38 | 204 |            0s |       127.0.0.1 | OPTIONS  "/api/summary?limit=1000"
[GIN] 2026/09/29 - 19:44:38 | 204 |            0s |       127.0.0.1 | OPTIONS  "/api/CompanyNames"
[GIN] 2026/09/29 - 19:44:38 | 401 |            0s |       127.0.0.1 | GET      "/api/summary?limit=1000"
[GIN] 2026/09/29 - 19:44:38 | 401 |            0s |       127.0.0.1 | GET      "/api/CompanyNames"
[GIN] 2026/09/29 - 19:44:38 | 401 |            0s |       127.0.0.1 | GET      "/api/CompanyNames"
[GIN] 2026/09/29 - 19:44:38 | 401 |            0s |       127.0.0.1 | GET      "/api/summary?limit=1000"
[GIN] 2026/09/29 - 19:44:40 | 200 |    258.4151ms |       127.0.0.1 | GET      "/api/summary?limit=1000"
[GIN] 2026/09/29 - 19:44:40 | 200 |    160.8137ms |       127.0.0.1 | GET      "/api/summary?limit=1000"
[GIN] 2026/09/29 - 19:44:41 | 200 |     900.833ms |       127.0.0.1 | GET      "/api/CompanyNames"
[GIN] 2026/09/29 - 19:44:41 | 200 |      4.0031ms |       127.0.0.1 | GET      "/api/CompanyNames"
[GIN] 2026/09/29 - 19:44:43 | 204 |            0s |       127.0.0.1 | OPTIONS  "/api/AllCompanyScores"
[GIN] 2026/09/29 - 19:44:43 | 204 |            0s |       127.0.0.1 | OPTIONS  "/api/CompanyScores?companyName=%D8%A2%D8%B1%D8%AF%DB%8C%D9%86%D9%87"
[GIN] 2026/09/29 - 19:44:43 | 204 |            0s |       127.0.0.1 | OPTIONS  "/api/SalesData2?companyName=%D8%A2%D8%B1%D8%AF%DB%8C%D9%86%D9%87"
[GIN] 2026/09/29 - 19:44:43 | 204 |            0s |       127.0.0.1 | OPTIONS  "/api/SalesData?companyName=%D8%A2%D8%B1%D8%AF%DB%8C%D9%86%D9%87"
[GIN] 2026/09/29 - 19:44:43 | 204 |            0s |       127.0.0.1 | OPTIONS  "/api/StockPriceScore?companyName=%D8%A2%D8%B1%D8%AF%DB%8C%D9%86%D9%87"
[GIN] 2026/09/29 - 19:44:43 | 200 |     22.2007ms |       127.0.0.1 | GET      "/api/SalesData2?companyName=%D8%A2%D8%B1%D8%AF%DB%8C%D9%86%D9%87"
[GIN] 2026/09/29 - 19:44:43 | 200 |      1.0012ms |       127.0.0.1 | GET      "/api/StockPriceScore?companyName=%D8%A2%D8%B1%D8%AF%DB%8C%D9%86%D9%87"
[GIN] 2026/09/29 - 19:44:44 | 200 |    1.0890056s |       127.0.0.1 | GET      "/api/CompanyScores?companyName=%D8%A2%D8%B1%D8%AF%DB%8C%D9%86%D9%87"
[GIN] 2026/09/29 - 19:44:45 | 200 |    2.0590757s |       127.0.0.1 | GET      "/api/AllCompanyScores"
[GIN] 2026/09/29 - 19:44:45 | 200 |    2.3485864s |       127.0.0.1 | GET      "/api/SalesData?companyName=%D8%A2%D8%B1%D8%AF%DB%8C%D9%86%D9%87"
[GIN] 2026/09/29 - 19:46:02 | 204 |            0s |       127.0.0.1 | OPTIONS  "/api/chat"
[GIN] 2026/09/29 - 19:46:02 | 200 |     90.6518ms |       127.0.0.1 | POST     "/api/chat"
[GIN] 2026/09/29 - 19:46:38 | 200 |    335.8129ms |       127.0.0.1 | POST     "/api/chat"
[GIN] 2026/09/29 - 19:49:06 | 200 |    594.0241ms |       127.0.0.1 | GET      "/api/health/shadow"
[GIN-debug] [WARNING] Creating an Engine instance with the Logger and Recovery middleware already attached.

[GIN-debug] [WARNING] Running in "debug" mode. Switch to "release" mode in production.
 - using env:	export GIN_MODE=release
 - using code:	gin.SetMode(gin.ReleaseMode)

[GIN-debug] GET    /api/health/shadow        --> go-app/handlers.GetShadowHealth (4 handlers)
[GIN-debug] POST   /api/register/send-code   --> go-app/handlers.SendVerificationCode (4 handlers)
[GIN-debug] POST   /api/register             --> go-app/handlers.Register (4 handlers)
[GIN-debug] POST   /api/login                --> go-app/handlers.Login (4 handlers)
[GIN-debug] GET    /api/AllCompanyScores     --> go-app/handlers.GetCompanyScores (5 handlers)
[GIN-debug] GET    /api/SalesData            --> go-app/handlers.GetSalesData (5 handlers)
[GIN-debug] GET    /api/CompanyNames         --> go-app/handlers.GetCompanyNames (5 handlers)
[GIN-debug] POST   /api/GetUrl               --> go-app/handlers.GetURL (5 handlers)
[GIN-debug] GET    /api/SalesData2           --> go-app/handlers.GetSalesData2 (5 handlers)
[GIN-debug] POST   /api/GetUrl2              --> go-app/handlers.GetURL2 (5 handlers)
[GIN-debug] GET    /api/CompanyScores        --> go-app/handlers.GetCompanyScores2 (5 handlers)
[GIN-debug] GET    /api/StockPriceScore      --> go-app/handlers.StockPriceScore (5 handlers)
[GIN-debug] POST   /api/run-script           --> go-app/handlers.RunScript (5 handlers)
[GIN-debug] POST   /api/run-script2          --> go-app/handlers.RunScript2 (5 handlers)
[GIN-debug] POST   /api/fetchAllData         --> go-app/handlers.BulkFetch (5 handlers)
[GIN-debug] GET    /api/FetchFullPE          --> go-app/handlers.RunScriptPE (5 handlers)
[GIN-debug] POST   /api/users/get-items      --> go-app/handlers.AddViewedItem (5 handlers)
[GIN-debug] GET    /api/price-history        --> go-app/handlers.GetPriceHistory (5 handlers)
[GIN-debug] GET    /api/export/scores        --> go-app/handlers.ExportScoresCSV (5 handlers)
[GIN-debug] POST   /api/brs/collect          --> go-app/handlers.RunBrsCollector (5 handlers)
[GIN-debug] POST   /api/sync-codal           --> go-app/handlers.RunSyncCodal (5 handlers)
[GIN-debug] GET    /api/summary              --> go-app/handlers.GetAIStockSummary (5 handlers)
[GIN-debug] GET    /api/detail               --> go-app/handlers.GetAIStockDetail (5 handlers)
[GIN-debug] POST   /api/analyze              --> go-app/handlers.AnalyzeTopStocksWithAI (5 handlers)
[GIN-debug] GET    /api/portfolio            --> go-app/handlers.GetPortfolio (5 handlers)
[GIN-debug] POST   /api/portfolio            --> go-app/handlers.UpsertHolding (5 handlers)
[GIN-debug] DELETE /api/portfolio/:company_id --> go-app/handlers.DeleteHolding (5 handlers)
[GIN-debug] POST   /api/chat                 --> go-app/handlers.Chat (5 handlers)
[GIN-debug] GET    /api/family/assets        --> go-app/handlers.GetFamilyAssets (5 handlers)
[GIN-debug] POST   /api/family/assets        --> go-app/handlers.CreateFamilyAsset (5 handlers)
[GIN-debug] POST   /api/family/people        --> go-app/handlers.CreateFamilyPerson (5 handlers)
[GIN-debug] POST   /api/family/prices        --> go-app/handlers.SaveFamilyPrices (5 handlers)
[GIN-debug] POST   /api/family/sync-prices   --> go-app/handlers.SyncFamilyPrices (5 handlers)
[GIN-debug] PUT    /api/family/holdings      --> go-app/handlers.UpsertFamilyHolding (5 handlers)
[GIN-debug] DELETE /api/family/holdings      --> go-app/handlers.DeleteFamilyHolding (5 handlers)
[GIN-debug] PUT    /api/family/account       --> go-app/handlers.UpdateFamilyAccount (5 handlers)
[GIN-debug] GET    /api/family/cashflows     --> go-app/handlers.GetFamilyCashFlows (5 handlers)
[GIN-debug] POST   /api/family/cashflows     --> go-app/handlers.AddFamilyCashFlow (5 handlers)
[GIN-debug] DELETE /api/family/cashflows/:id --> go-app/handlers.DeleteFamilyCashFlow (5 handlers)
[GIN-debug] GET    /api/family/history       --> go-app/handlers.GetFamilyHistory (5 handlers)
[GIN-debug] GET    /api/family/broker        --> go-app/handlers.GetFamilyBrokerAccounts (5 handlers)
[GIN-debug] PUT    /api/family/broker        --> go-app/handlers.UpsertFamilyBrokerAccount (5 handlers)
[GIN-debug] DELETE /api/family/broker        --> go-app/handlers.DeleteFamilyBrokerAccount (5 handlers)
[GIN-debug] POST   /api/family/sync-broker   --> go-app/handlers.StartFamilyBrokerSync (5 handlers)
[GIN-debug] GET    /api/family/sync-broker/status --> go-app/handlers.GetFamilyBrokerJob (5 handlers)
[GIN-debug] POST   /api/family/sync-broker/captcha --> go-app/handlers.SubmitFamilyBrokerCaptcha (5 handlers)
[GIN-debug] [WARNING] You trusted all proxies, this is NOT safe. We recommend you to set a value.
Please check https://pkg.go.dev/github.com/gin-gonic/gin#readme-don-t-trust-all-proxies for details.
[GIN-debug] Listening and serving HTTP on :5000
[GIN] 2026/09/29 - 20:49:21 | 200 |   11.9474583s |       127.0.0.1 | POST     "/api/chat"
[GIN] 2026/09/29 - 20:49:22 | 200 |     355.221ms |       127.0.0.1 | POST     "/api/chat"
[GIN-debug] [WARNING] Creating an Engine instance with the Logger and Recovery middleware already attached.

[GIN-debug] [WARNING] Running in "debug" mode. Switch to "release" mode in production.
 - using env:	export GIN_MODE=release
 - using code:	gin.SetMode(gin.ReleaseMode)

[GIN-debug] GET    /api/health/shadow        --> go-app/handlers.GetShadowHealth (4 handlers)
[GIN-debug] POST   /api/register/send-code   --> go-app/handlers.SendVerificationCode (4 handlers)
[GIN-debug] POST   /api/register             --> go-app/handlers.Register (4 handlers)
[GIN-debug] POST   /api/login                --> go-app/handlers.Login (4 handlers)
[GIN-debug] GET    /api/AllCompanyScores     --> go-app/handlers.GetCompanyScores (5 handlers)
[GIN-debug] GET    /api/SalesData            --> go-app/handlers.GetSalesData (5 handlers)
[GIN-debug] GET    /api/CompanyNames         --> go-app/handlers.GetCompanyNames (5 handlers)
[GIN-debug] POST   /api/GetUrl               --> go-app/handlers.GetURL (5 handlers)
[GIN-debug] GET    /api/SalesData2           --> go-app/handlers.GetSalesData2 (5 handlers)
[GIN-debug] POST   /api/GetUrl2              --> go-app/handlers.GetURL2 (5 handlers)
[GIN-debug] GET    /api/CompanyScores        --> go-app/handlers.GetCompanyScores2 (5 handlers)
[GIN-debug] GET    /api/StockPriceScore      --> go-app/handlers.StockPriceScore (5 handlers)
[GIN-debug] POST   /api/run-script           --> go-app/handlers.RunScript (5 handlers)
[GIN-debug] POST   /api/run-script2          --> go-app/handlers.RunScript2 (5 handlers)
[GIN-debug] POST   /api/fetchAllData         --> go-app/handlers.BulkFetch (5 handlers)
[GIN-debug] GET    /api/FetchFullPE          --> go-app/handlers.RunScriptPE (5 handlers)
[GIN-debug] POST   /api/users/get-items      --> go-app/handlers.AddViewedItem (5 handlers)
[GIN-debug] GET    /api/price-history        --> go-app/handlers.GetPriceHistory (5 handlers)
[GIN-debug] GET    /api/export/scores        --> go-app/handlers.ExportScoresCSV (5 handlers)
[GIN-debug] POST   /api/brs/collect          --> go-app/handlers.RunBrsCollector (5 handlers)
[GIN-debug] POST   /api/sync-codal           --> go-app/handlers.RunSyncCodal (5 handlers)
[GIN-debug] GET    /api/summary              --> go-app/handlers.GetAIStockSummary (5 handlers)
[GIN-debug] GET    /api/detail               --> go-app/handlers.GetAIStockDetail (5 handlers)
[GIN-debug] POST   /api/analyze              --> go-app/handlers.AnalyzeTopStocksWithAI (5 handlers)
[GIN-debug] GET    /api/portfolio            --> go-app/handlers.GetPortfolio (5 handlers)
[GIN-debug] POST   /api/portfolio            --> go-app/handlers.UpsertHolding (5 handlers)
[GIN-debug] DELETE /api/portfolio/:company_id --> go-app/handlers.DeleteHolding (5 handlers)
[GIN-debug] POST   /api/chat                 --> go-app/handlers.Chat (5 handlers)
[GIN-debug] GET    /api/family/assets        --> go-app/handlers.GetFamilyAssets (5 handlers)
[GIN-debug] POST   /api/family/assets        --> go-app/handlers.CreateFamilyAsset (5 handlers)
[GIN-debug] POST   /api/family/people        --> go-app/handlers.CreateFamilyPerson (5 handlers)
[GIN-debug] POST   /api/family/prices        --> go-app/handlers.SaveFamilyPrices (5 handlers)
[GIN-debug] POST   /api/family/sync-prices   --> go-app/handlers.SyncFamilyPrices (5 handlers)
[GIN-debug] PUT    /api/family/holdings      --> go-app/handlers.UpsertFamilyHolding (5 handlers)
[GIN-debug] DELETE /api/family/holdings      --> go-app/handlers.DeleteFamilyHolding (5 handlers)
[GIN-debug] PUT    /api/family/account       --> go-app/handlers.UpdateFamilyAccount (5 handlers)
[GIN-debug] GET    /api/family/cashflows     --> go-app/handlers.GetFamilyCashFlows (5 handlers)
[GIN-debug] POST   /api/family/cashflows     --> go-app/handlers.AddFamilyCashFlow (5 handlers)
[GIN-debug] DELETE /api/family/cashflows/:id --> go-app/handlers.DeleteFamilyCashFlow (5 handlers)
[GIN-debug] GET    /api/family/history       --> go-app/handlers.GetFamilyHistory (5 handlers)
[GIN-debug] GET    /api/family/broker        --> go-app/handlers.GetFamilyBrokerAccounts (5 handlers)
[GIN-debug] PUT    /api/family/broker        --> go-app/handlers.UpsertFamilyBrokerAccount (5 handlers)
[GIN-debug] DELETE /api/family/broker        --> go-app/handlers.DeleteFamilyBrokerAccount (5 handlers)
[GIN-debug] POST   /api/family/sync-broker   --> go-app/handlers.StartFamilyBrokerSync (5 handlers)
[GIN-debug] GET    /api/family/sync-broker/status --> go-app/handlers.GetFamilyBrokerJob (5 handlers)
[GIN-debug] POST   /api/family/sync-broker/captcha --> go-app/handlers.SubmitFamilyBrokerCaptcha (5 handlers)
[GIN-debug] [WARNING] You trusted all proxies, this is NOT safe. We recommend you to set a value.
Please check https://pkg.go.dev/github.com/gin-gonic/gin#readme-don-t-trust-all-proxies for details.
[GIN-debug] Listening and serving HTTP on :5000
[GIN] 2026/09/29 - 20:52:47 | 200 |    1.0162436s |       127.0.0.1 | POST     "/api/chat"
[GIN] 2026/09/29 - 20:52:47 | 200 |     28.5727ms |       127.0.0.1 | GET      "/api/detail?companyName=%D9%81%D9%88%D9%84%D8%A7%D8%AF&months=3&market_days=2&profit_reports=2"
[GIN] 2026/09/29 - 20:58:09 | 200 |    1.1401562s |       127.0.0.1 | GET      "/api/health/shadow"
[GIN-debug] [WARNING] Creating an Engine instance with the Logger and Recovery middleware already attached.

[GIN-debug] [WARNING] Running in "debug" mode. Switch to "release" mode in production.
 - using env:	export GIN_MODE=release
 - using code:	gin.SetMode(gin.ReleaseMode)

[GIN-debug] GET    /api/health/shadow        --> go-app/handlers.GetShadowHealth (4 handlers)
[GIN-debug] POST   /api/register/send-code   --> go-app/handlers.SendVerificationCode (4 handlers)
[GIN-debug] POST   /api/register             --> go-app/handlers.Register (4 handlers)
[GIN-debug] POST   /api/login                --> go-app/handlers.Login (4 handlers)
[GIN-debug] GET    /api/AllCompanyScores     --> go-app/handlers.GetCompanyScores (5 handlers)
[GIN-debug] GET    /api/SalesData            --> go-app/handlers.GetSalesData (5 handlers)
[GIN-debug] GET    /api/CompanyNames         --> go-app/handlers.GetCompanyNames (5 handlers)
[GIN-debug] POST   /api/GetUrl               --> go-app/handlers.GetURL (5 handlers)
[GIN-debug] GET    /api/SalesData2           --> go-app/handlers.GetSalesData2 (5 handlers)
[GIN-debug] POST   /api/GetUrl2              --> go-app/handlers.GetURL2 (5 handlers)
[GIN-debug] GET    /api/CompanyScores        --> go-app/handlers.GetCompanyScores2 (5 handlers)
[GIN-debug] GET    /api/StockPriceScore      --> go-app/handlers.StockPriceScore (5 handlers)
[GIN-debug] POST   /api/run-script           --> go-app/handlers.RunScript (5 handlers)
[GIN-debug] POST   /api/run-script2          --> go-app/handlers.RunScript2 (5 handlers)
[GIN-debug] POST   /api/fetchAllData         --> go-app/handlers.BulkFetch (5 handlers)
[GIN-debug] GET    /api/FetchFullPE          --> go-app/handlers.RunScriptPE (5 handlers)
[GIN-debug] POST   /api/users/get-items      --> go-app/handlers.AddViewedItem (5 handlers)
[GIN-debug] GET    /api/price-history        --> go-app/handlers.GetPriceHistory (5 handlers)
[GIN-debug] GET    /api/export/scores        --> go-app/handlers.ExportScoresCSV (5 handlers)
[GIN-debug] POST   /api/brs/collect          --> go-app/handlers.RunBrsCollector (5 handlers)
[GIN-debug] POST   /api/sync-codal           --> go-app/handlers.RunSyncCodal (5 handlers)
[GIN-debug] GET    /api/summary              --> go-app/handlers.GetAIStockSummary (5 handlers)
[GIN-debug] GET    /api/detail               --> go-app/handlers.GetAIStockDetail (5 handlers)
[GIN-debug] POST   /api/analyze              --> go-app/handlers.AnalyzeTopStocksWithAI (5 handlers)
[GIN-debug] GET    /api/portfolio            --> go-app/handlers.GetPortfolio (5 handlers)
[GIN-debug] POST   /api/portfolio            --> go-app/handlers.UpsertHolding (5 handlers)
[GIN-debug] DELETE /api/portfolio/:company_id --> go-app/handlers.DeleteHolding (5 handlers)
[GIN-debug] POST   /api/chat                 --> go-app/handlers.Chat (5 handlers)
[GIN-debug] GET    /api/health/ai            --> go-app/handlers.GetAIHealth (5 handlers)
[GIN-debug] GET    /api/family/assets        --> go-app/handlers.GetFamilyAssets (5 handlers)
[GIN-debug] POST   /api/family/assets        --> go-app/handlers.CreateFamilyAsset (5 handlers)
[GIN-debug] POST   /api/family/people        --> go-app/handlers.CreateFamilyPerson (5 handlers)
[GIN-debug] POST   /api/family/prices        --> go-app/handlers.SaveFamilyPrices (5 handlers)
[GIN-debug] POST   /api/family/sync-prices   --> go-app/handlers.SyncFamilyPrices (5 handlers)
[GIN-debug] PUT    /api/family/holdings      --> go-app/handlers.UpsertFamilyHolding (5 handlers)
[GIN-debug] DELETE /api/family/holdings      --> go-app/handlers.DeleteFamilyHolding (5 handlers)
[GIN-debug] PUT    /api/family/account       --> go-app/handlers.UpdateFamilyAccount (5 handlers)
[GIN-debug] GET    /api/family/cashflows     --> go-app/handlers.GetFamilyCashFlows (5 handlers)
[GIN-debug] POST   /api/family/cashflows     --> go-app/handlers.AddFamilyCashFlow (5 handlers)
[GIN-debug] DELETE /api/family/cashflows/:id --> go-app/handlers.DeleteFamilyCashFlow (5 handlers)
[GIN-debug] GET    /api/family/history       --> go-app/handlers.GetFamilyHistory (5 handlers)
[GIN-debug] GET    /api/family/broker        --> go-app/handlers.GetFamilyBrokerAccounts (5 handlers)
[GIN-debug] PUT    /api/family/broker        --> go-app/handlers.UpsertFamilyBrokerAccount (5 handlers)
[GIN-debug] DELETE /api/family/broker        --> go-app/handlers.DeleteFamilyBrokerAccount (5 handlers)
[GIN-debug] POST   /api/family/sync-broker   --> go-app/handlers.StartFamilyBrokerSync (5 handlers)
[GIN-debug] GET    /api/family/sync-broker/status --> go-app/handlers.GetFamilyBrokerJob (5 handlers)
[GIN-debug] POST   /api/family/sync-broker/captcha --> go-app/handlers.SubmitFamilyBrokerCaptcha (5 handlers)
[GIN-debug] [WARNING] You trusted all proxies, this is NOT safe. We recommend you to set a value.
Please check https://pkg.go.dev/github.com/gin-gonic/gin#readme-don-t-trust-all-proxies for details.
[GIN-debug] Listening and serving HTTP on :5000
[GIN] 2026/09/29 - 21:24:29 | 200 |    3.4324093s |       127.0.0.1 | GET      "/api/health/ai"
[GIN] 2026/09/29 - 21:25:08 | 200 |   21.3327742s |       127.0.0.1 | POST     "/api/chat"
[GIN] 2026/09/29 - 21:25:46 | 200 |   38.3818113s |       127.0.0.1 | POST     "/api/chat"
[GIN] 2026/09/29 - 21:26:39 | 200 |    6.5301074s |       127.0.0.1 | POST     "/api/chat"
[GIN-debug] [WARNING] Creating an Engine instance with the Logger and Recovery middleware already attached.

[GIN-debug] [WARNING] Running in "debug" mode. Switch to "release" mode in production.
 - using env:	export GIN_MODE=release
 - using code:	gin.SetMode(gin.ReleaseMode)

[GIN-debug] GET    /api/health/shadow        --> go-app/handlers.GetShadowHealth (4 handlers)
[GIN-debug] POST   /api/register/send-code   --> go-app/handlers.SendVerificationCode (4 handlers)
[GIN-debug] POST   /api/register             --> go-app/handlers.Register (4 handlers)
[GIN-debug] POST   /api/login                --> go-app/handlers.Login (4 handlers)
[GIN-debug] GET    /api/AllCompanyScores     --> go-app/handlers.GetCompanyScores (5 handlers)
[GIN-debug] GET    /api/SalesData            --> go-app/handlers.GetSalesData (5 handlers)
[GIN-debug] GET    /api/CompanyNames         --> go-app/handlers.GetCompanyNames (5 handlers)
[GIN-debug] POST   /api/GetUrl               --> go-app/handlers.GetURL (5 handlers)
[GIN-debug] GET    /api/SalesData2           --> go-app/handlers.GetSalesData2 (5 handlers)
[GIN-debug] POST   /api/GetUrl2              --> go-app/handlers.GetURL2 (5 handlers)
[GIN-debug] GET    /api/CompanyScores        --> go-app/handlers.GetCompanyScores2 (5 handlers)
[GIN-debug] GET    /api/StockPriceScore      --> go-app/handlers.StockPriceScore (5 handlers)
[GIN-debug] POST   /api/run-script           --> go-app/handlers.RunScript (5 handlers)
[GIN-debug] POST   /api/run-script2          --> go-app/handlers.RunScript2 (5 handlers)
[GIN-debug] POST   /api/fetchAllData         --> go-app/handlers.BulkFetch (5 handlers)
[GIN-debug] GET    /api/FetchFullPE          --> go-app/handlers.RunScriptPE (5 handlers)
[GIN-debug] POST   /api/users/get-items      --> go-app/handlers.AddViewedItem (5 handlers)
[GIN-debug] GET    /api/price-history        --> go-app/handlers.GetPriceHistory (5 handlers)
[GIN-debug] GET    /api/export/scores        --> go-app/handlers.ExportScoresCSV (5 handlers)
[GIN-debug] POST   /api/brs/collect          --> go-app/handlers.RunBrsCollector (5 handlers)
[GIN-debug] POST   /api/sync-codal           --> go-app/handlers.RunSyncCodal (5 handlers)
[GIN-debug] GET    /api/summary              --> go-app/handlers.GetAIStockSummary (5 handlers)
[GIN-debug] GET    /api/detail               --> go-app/handlers.GetAIStockDetail (5 handlers)
[GIN-debug] POST   /api/analyze              --> go-app/handlers.AnalyzeTopStocksWithAI (5 handlers)
[GIN-debug] GET    /api/portfolio            --> go-app/handlers.GetPortfolio (5 handlers)
[GIN-debug] POST   /api/portfolio            --> go-app/handlers.UpsertHolding (5 handlers)
[GIN-debug] DELETE /api/portfolio/:company_id --> go-app/handlers.DeleteHolding (5 handlers)
[GIN-debug] POST   /api/chat                 --> go-app/handlers.Chat (5 handlers)
[GIN-debug] GET    /api/health/ai            --> go-app/handlers.GetAIHealth (5 handlers)
[GIN-debug] GET    /api/family/assets        --> go-app/handlers.GetFamilyAssets (5 handlers)
[GIN-debug] POST   /api/family/assets        --> go-app/handlers.CreateFamilyAsset (5 handlers)
[GIN-debug] POST   /api/family/people        --> go-app/handlers.CreateFamilyPerson (5 handlers)
[GIN-debug] POST   /api/family/prices        --> go-app/handlers.SaveFamilyPrices (5 handlers)
[GIN-debug] POST   /api/family/sync-prices   --> go-app/handlers.SyncFamilyPrices (5 handlers)
[GIN-debug] PUT    /api/family/holdings      --> go-app/handlers.UpsertFamilyHolding (5 handlers)
[GIN-debug] DELETE /api/family/holdings      --> go-app/handlers.DeleteFamilyHolding (5 handlers)
[GIN-debug] PUT    /api/family/account       --> go-app/handlers.UpdateFamilyAccount (5 handlers)
[GIN-debug] GET    /api/family/cashflows     --> go-app/handlers.GetFamilyCashFlows (5 handlers)
[GIN-debug] POST   /api/family/cashflows     --> go-app/handlers.AddFamilyCashFlow (5 handlers)
[GIN-debug] DELETE /api/family/cashflows/:id --> go-app/handlers.DeleteFamilyCashFlow (5 handlers)
[GIN-debug] GET    /api/family/history       --> go-app/handlers.GetFamilyHistory (5 handlers)
[GIN-debug] GET    /api/family/broker        --> go-app/handlers.GetFamilyBrokerAccounts (5 handlers)
[GIN-debug] PUT    /api/family/broker        --> go-app/handlers.UpsertFamilyBrokerAccount (5 handlers)
[GIN-debug] DELETE /api/family/broker        --> go-app/handlers.DeleteFamilyBrokerAccount (5 handlers)
[GIN-debug] POST   /api/family/sync-broker   --> go-app/handlers.StartFamilyBrokerSync (5 handlers)
[GIN-debug] GET    /api/family/sync-broker/status --> go-app/handlers.GetFamilyBrokerJob (5 handlers)
[GIN-debug] POST   /api/family/sync-broker/captcha --> go-app/handlers.SubmitFamilyBrokerCaptcha (5 handlers)
[GIN-debug] [WARNING] You trusted all proxies, this is NOT safe. We recommend you to set a value.
Please check https://pkg.go.dev/github.com/gin-gonic/gin#readme-don-t-trust-all-proxies for details.
[GIN-debug] Listening and serving HTTP on :5000
[GIN] 2026/09/29 - 21:30:47 | 200 |    1.3067584s |       127.0.0.1 | GET      "/api/health/ai"
[GIN-debug] [WARNING] Creating an Engine instance with the Logger and Recovery middleware already attached.

[GIN-debug] [WARNING] Running in "debug" mode. Switch to "release" mode in production.
 - using env:	export GIN_MODE=release
 - using code:	gin.SetMode(gin.ReleaseMode)

[GIN-debug] GET    /api/health/shadow        --> go-app/handlers.GetShadowHealth (4 handlers)
[GIN-debug] POST   /api/register/send-code   --> go-app/handlers.SendVerificationCode (4 handlers)
[GIN-debug] POST   /api/register             --> go-app/handlers.Register (4 handlers)
[GIN-debug] POST   /api/login                --> go-app/handlers.Login (4 handlers)
[GIN-debug] GET    /api/AllCompanyScores     --> go-app/handlers.GetCompanyScores (5 handlers)
[GIN-debug] GET    /api/SalesData            --> go-app/handlers.GetSalesData (5 handlers)
[GIN-debug] GET    /api/CompanyNames         --> go-app/handlers.GetCompanyNames (5 handlers)
[GIN-debug] POST   /api/GetUrl               --> go-app/handlers.GetURL (5 handlers)
[GIN-debug] GET    /api/SalesData2           --> go-app/handlers.GetSalesData2 (5 handlers)
[GIN-debug] POST   /api/GetUrl2              --> go-app/handlers.GetURL2 (5 handlers)
[GIN-debug] GET    /api/CompanyScores        --> go-app/handlers.GetCompanyScores2 (5 handlers)
[GIN-debug] GET    /api/StockPriceScore      --> go-app/handlers.StockPriceScore (5 handlers)
[GIN-debug] POST   /api/run-script           --> go-app/handlers.RunScript (5 handlers)
[GIN-debug] POST   /api/run-script2          --> go-app/handlers.RunScript2 (5 handlers)
[GIN-debug] POST   /api/fetchAllData         --> go-app/handlers.BulkFetch (5 handlers)
[GIN-debug] GET    /api/FetchFullPE          --> go-app/handlers.RunScriptPE (5 handlers)
[GIN-debug] POST   /api/users/get-items      --> go-app/handlers.AddViewedItem (5 handlers)
[GIN-debug] GET    /api/price-history        --> go-app/handlers.GetPriceHistory (5 handlers)
[GIN-debug] GET    /api/export/scores        --> go-app/handlers.ExportScoresCSV (5 handlers)
[GIN-debug] POST   /api/brs/collect          --> go-app/handlers.RunBrsCollector (5 handlers)
[GIN-debug] POST   /api/sync-codal           --> go-app/handlers.RunSyncCodal (5 handlers)
[GIN-debug] GET    /api/summary              --> go-app/handlers.GetAIStockSummary (5 handlers)
[GIN-debug] GET    /api/detail               --> go-app/handlers.GetAIStockDetail (5 handlers)
[GIN-debug] POST   /api/analyze              --> go-app/handlers.AnalyzeTopStocksWithAI (5 handlers)
[GIN-debug] GET    /api/portfolio            --> go-app/handlers.GetPortfolio (5 handlers)
[GIN-debug] POST   /api/portfolio            --> go-app/handlers.UpsertHolding (5 handlers)
[GIN-debug] DELETE /api/portfolio/:company_id --> go-app/handlers.DeleteHolding (5 handlers)
[GIN-debug] POST   /api/chat                 --> go-app/handlers.Chat (5 handlers)
[GIN-debug] GET    /api/health/ai            --> go-app/handlers.GetAIHealth (5 handlers)
[GIN-debug] GET    /api/family/assets        --> go-app/handlers.GetFamilyAssets (5 handlers)
[GIN-debug] POST   /api/family/assets        --> go-app/handlers.CreateFamilyAsset (5 handlers)
[GIN-debug] POST   /api/family/people        --> go-app/handlers.CreateFamilyPerson (5 handlers)
[GIN-debug] POST   /api/family/prices        --> go-app/handlers.SaveFamilyPrices (5 handlers)
[GIN-debug] POST   /api/family/sync-prices   --> go-app/handlers.SyncFamilyPrices (5 handlers)
[GIN-debug] PUT    /api/family/holdings      --> go-app/handlers.UpsertFamilyHolding (5 handlers)
[GIN-debug] DELETE /api/family/holdings      --> go-app/handlers.DeleteFamilyHolding (5 handlers)
[GIN-debug] PUT    /api/family/account       --> go-app/handlers.UpdateFamilyAccount (5 handlers)
[GIN-debug] GET    /api/family/cashflows     --> go-app/handlers.GetFamilyCashFlows (5 handlers)
[GIN-debug] POST   /api/family/cashflows     --> go-app/handlers.AddFamilyCashFlow (5 handlers)
[GIN-debug] DELETE /api/family/cashflows/:id --> go-app/handlers.DeleteFamilyCashFlow (5 handlers)
[GIN-debug] GET    /api/family/history       --> go-app/handlers.GetFamilyHistory (5 handlers)
[GIN-debug] GET    /api/family/broker        --> go-app/handlers.GetFamilyBrokerAccounts (5 handlers)
[GIN-debug] PUT    /api/family/broker        --> go-app/handlers.UpsertFamilyBrokerAccount (5 handlers)
[GIN-debug] DELETE /api/family/broker        --> go-app/handlers.DeleteFamilyBrokerAccount (5 handlers)
[GIN-debug] POST   /api/family/sync-broker   --> go-app/handlers.StartFamilyBrokerSync (5 handlers)
[GIN-debug] GET    /api/family/sync-broker/status --> go-app/handlers.GetFamilyBrokerJob (5 handlers)
[GIN-debug] POST   /api/family/sync-broker/captcha --> go-app/handlers.SubmitFamilyBrokerCaptcha (5 handlers)
[GIN-debug] [WARNING] You trusted all proxies, this is NOT safe. We recommend you to set a value.
Please check https://pkg.go.dev/github.com/gin-gonic/gin#readme-don-t-trust-all-proxies for details.
[GIN-debug] Listening and serving HTTP on :5000
[GIN] 2026/09/29 - 21:33:26 | 200 |    5.8938884s |       127.0.0.1 | GET      "/api/health/ai"
[GIN-debug] [WARNING] Creating an Engine instance with the Logger and Recovery middleware already attached.

[GIN-debug] [WARNING] Running in "debug" mode. Switch to "release" mode in production.
 - using env:	export GIN_MODE=release
 - using code:	gin.SetMode(gin.ReleaseMode)

[GIN-debug] GET    /api/health/shadow        --> go-app/handlers.GetShadowHealth (4 handlers)
[GIN-debug] POST   /api/register/send-code   --> go-app/handlers.SendVerificationCode (4 handlers)
[GIN-debug] POST   /api/register             --> go-app/handlers.Register (4 handlers)
[GIN-debug] POST   /api/login                --> go-app/handlers.Login (4 handlers)
[GIN-debug] GET    /api/AllCompanyScores     --> go-app/handlers.GetCompanyScores (5 handlers)
[GIN-debug] GET    /api/SalesData            --> go-app/handlers.GetSalesData (5 handlers)
[GIN-debug] GET    /api/CompanyNames         --> go-app/handlers.GetCompanyNames (5 handlers)
[GIN-debug] POST   /api/GetUrl               --> go-app/handlers.GetURL (5 handlers)
[GIN-debug] GET    /api/SalesData2           --> go-app/handlers.GetSalesData2 (5 handlers)
[GIN-debug] POST   /api/GetUrl2              --> go-app/handlers.GetURL2 (5 handlers)
[GIN-debug] GET    /api/CompanyScores        --> go-app/handlers.GetCompanyScores2 (5 handlers)
[GIN-debug] GET    /api/StockPriceScore      --> go-app/handlers.StockPriceScore (5 handlers)
[GIN-debug] POST   /api/run-script           --> go-app/handlers.RunScript (5 handlers)
[GIN-debug] POST   /api/run-script2          --> go-app/handlers.RunScript2 (5 handlers)
[GIN-debug] POST   /api/fetchAllData         --> go-app/handlers.BulkFetch (5 handlers)
[GIN-debug] GET    /api/FetchFullPE          --> go-app/handlers.RunScriptPE (5 handlers)
[GIN-debug] POST   /api/users/get-items      --> go-app/handlers.AddViewedItem (5 handlers)
[GIN-debug] GET    /api/price-history        --> go-app/handlers.GetPriceHistory (5 handlers)
[GIN-debug] GET    /api/export/scores        --> go-app/handlers.ExportScoresCSV (5 handlers)
[GIN-debug] POST   /api/brs/collect          --> go-app/handlers.RunBrsCollector (5 handlers)
[GIN-debug] POST   /api/sync-codal           --> go-app/handlers.RunSyncCodal (5 handlers)
[GIN-debug] GET    /api/summary              --> go-app/handlers.GetAIStockSummary (5 handlers)
[GIN-debug] GET    /api/detail               --> go-app/handlers.GetAIStockDetail (5 handlers)
[GIN-debug] POST   /api/analyze              --> go-app/handlers.AnalyzeTopStocksWithAI (5 handlers)
[GIN-debug] GET    /api/portfolio            --> go-app/handlers.GetPortfolio (5 handlers)
[GIN-debug] POST   /api/portfolio            --> go-app/handlers.UpsertHolding (5 handlers)
[GIN-debug] DELETE /api/portfolio/:company_id --> go-app/handlers.DeleteHolding (5 handlers)
[GIN-debug] POST   /api/chat                 --> go-app/handlers.Chat (5 handlers)
[GIN-debug] GET    /api/health/ai            --> go-app/handlers.GetAIHealth (5 handlers)
[GIN-debug] GET    /api/family/assets        --> go-app/handlers.GetFamilyAssets (5 handlers)
[GIN-debug] POST   /api/family/assets        --> go-app/handlers.CreateFamilyAsset (5 handlers)
[GIN-debug] POST   /api/family/people        --> go-app/handlers.CreateFamilyPerson (5 handlers)
[GIN-debug] POST   /api/family/prices        --> go-app/handlers.SaveFamilyPrices (5 handlers)
[GIN-debug] POST   /api/family/sync-prices   --> go-app/handlers.SyncFamilyPrices (5 handlers)
[GIN-debug] PUT    /api/family/holdings      --> go-app/handlers.UpsertFamilyHolding (5 handlers)
[GIN-debug] DELETE /api/family/holdings      --> go-app/handlers.DeleteFamilyHolding (5 handlers)
[GIN-debug] PUT    /api/family/account       --> go-app/handlers.UpdateFamilyAccount (5 handlers)
[GIN-debug] GET    /api/family/cashflows     --> go-app/handlers.GetFamilyCashFlows (5 handlers)
[GIN-debug] POST   /api/family/cashflows     --> go-app/handlers.AddFamilyCashFlow (5 handlers)
[GIN-debug] DELETE /api/family/cashflows/:id --> go-app/handlers.DeleteFamilyCashFlow (5 handlers)
[GIN-debug] GET    /api/family/history       --> go-app/handlers.GetFamilyHistory (5 handlers)
[GIN-debug] GET    /api/family/broker        --> go-app/handlers.GetFamilyBrokerAccounts (5 handlers)
[GIN-debug] PUT    /api/family/broker        --> go-app/handlers.UpsertFamilyBrokerAccount (5 handlers)
[GIN-debug] DELETE /api/family/broker        --> go-app/handlers.DeleteFamilyBrokerAccount (5 handlers)
[GIN-debug] POST   /api/family/sync-broker   --> go-app/handlers.StartFamilyBrokerSync (5 handlers)
[GIN-debug] GET    /api/family/sync-broker/status --> go-app/handlers.GetFamilyBrokerJob (5 handlers)
[GIN-debug] POST   /api/family/sync-broker/captcha --> go-app/handlers.SubmitFamilyBrokerCaptcha (5 handlers)
[GIN-debug] [WARNING] You trusted all proxies, this is NOT safe. We recommend you to set a value.
Please check https://pkg.go.dev/github.com/gin-gonic/gin#readme-don-t-trust-all-proxies for details.
[GIN-debug] Listening and serving HTTP on :5000
[GIN] 2026/09/29 - 21:56:56 | 200 |    601.1545ms |       127.0.0.1 | GET      "/api/CompanyNames"
[GIN] 2026/09/29 - 21:56:56 | 200 |    590.4574ms |       127.0.0.1 | GET      "/api/family/broker"
[GIN] 2026/09/29 - 21:56:56 | 200 |      9.5427ms |       127.0.0.1 | GET      "/api/CompanyNames"
[GIN] 2026/09/29 - 21:56:56 | 200 |     25.3623ms |       127.0.0.1 | GET      "/api/SalesData2?companyName=%D8%A2%D8%B1%D8%AF%DB%8C%D9%86%D9%87"
[GIN] 2026/09/29 - 21:56:56 | 200 |       20.34ms |       127.0.0.1 | GET      "/api/SalesData?companyName=%D8%A2%D8%B1%D8%AF%DB%8C%D9%86%D9%87"
[GIN] 2026/09/29 - 21:56:57 | 200 |    1.8941286s |       127.0.0.1 | GET      "/api/summary?limit=1000"
[GIN] 2026/09/29 - 21:56:57 | 200 |    2.1109877s |       127.0.0.1 | GET      "/api/family/cashflows?limit=200"
[GIN] 2026/09/29 - 21:56:58 | 200 |      1.5143ms |       127.0.0.1 | GET      "/api/StockPriceScore?companyName=%D8%A2%D8%B1%D8%AF%DB%8C%D9%86%D9%87"
[GIN] 2026/09/29 - 21:56:58 | 200 |    2.6751535s |       127.0.0.1 | GET      "/api/family/history"
[GIN] 2026/09/29 - 21:56:58 | 200 |     14.7851ms |       127.0.0.1 | GET      "/api/CompanyNames"
[GIN] 2026/09/29 - 21:56:58 | 200 |    2.6880039s |       127.0.0.1 | GET      "/api/family/assets"
[GIN] 2026/09/29 - 21:56:58 | 200 |    2.0557937s |       127.0.0.1 | GET      "/api/CompanyScores?companyName=%D8%A2%D8%B1%D8%AF%DB%8C%D9%86%D9%87"
[GIN] 2026/09/29 - 21:56:58 | 200 |     2.121098s |       127.0.0.1 | GET      "/api/AllCompanyScores"
[GIN] 2026/09/29 - 21:57:58 | 200 |    8.9469594s |       127.0.0.1 | GET      "/api/health/ai"
[GIN] 2026/09/29 - 21:58:13 | 200 |   15.3144292s |       127.0.0.1 | POST     "/api/chat"
[GIN-debug] [WARNING] Creating an Engine instance with the Logger and Recovery middleware already attached.

[GIN-debug] [WARNING] Running in "debug" mode. Switch to "release" mode in production.
 - using env:	export GIN_MODE=release
 - using code:	gin.SetMode(gin.ReleaseMode)

[GIN-debug] GET    /api/health/shadow        --> go-app/handlers.GetShadowHealth (4 handlers)
[GIN-debug] POST   /api/register/send-code   --> go-app/handlers.SendVerificationCode (4 handlers)
[GIN-debug] POST   /api/register             --> go-app/handlers.Register (4 handlers)
[GIN-debug] POST   /api/login                --> go-app/handlers.Login (4 handlers)
[GIN-debug] GET    /api/AllCompanyScores     --> go-app/handlers.GetCompanyScores (5 handlers)
[GIN-debug] GET    /api/SalesData            --> go-app/handlers.GetSalesData (5 handlers)
[GIN-debug] GET    /api/CompanyNames         --> go-app/handlers.GetCompanyNames (5 handlers)
[GIN-debug] POST   /api/GetUrl               --> go-app/handlers.GetURL (5 handlers)
[GIN-debug] GET    /api/SalesData2           --> go-app/handlers.GetSalesData2 (5 handlers)
[GIN-debug] POST   /api/GetUrl2              --> go-app/handlers.GetURL2 (5 handlers)
[GIN-debug] GET    /api/CompanyScores        --> go-app/handlers.GetCompanyScores2 (5 handlers)
[GIN-debug] GET    /api/StockPriceScore      --> go-app/handlers.StockPriceScore (5 handlers)
[GIN-debug] POST   /api/run-script           --> go-app/handlers.RunScript (5 handlers)
[GIN-debug] POST   /api/run-script2          --> go-app/handlers.RunScript2 (5 handlers)
[GIN-debug] POST   /api/fetchAllData         --> go-app/handlers.BulkFetch (5 handlers)
[GIN-debug] GET    /api/FetchFullPE          --> go-app/handlers.RunScriptPE (5 handlers)
[GIN-debug] POST   /api/users/get-items      --> go-app/handlers.AddViewedItem (5 handlers)
[GIN-debug] GET    /api/price-history        --> go-app/handlers.GetPriceHistory (5 handlers)
[GIN-debug] GET    /api/export/scores        --> go-app/handlers.ExportScoresCSV (5 handlers)
[GIN-debug] POST   /api/brs/collect          --> go-app/handlers.RunBrsCollector (5 handlers)
[GIN-debug] POST   /api/sync-codal           --> go-app/handlers.RunSyncCodal (5 handlers)
[GIN-debug] GET    /api/summary              --> go-app/handlers.GetAIStockSummary (5 handlers)
[GIN-debug] GET    /api/detail               --> go-app/handlers.GetAIStockDetail (5 handlers)
[GIN-debug] POST   /api/analyze              --> go-app/handlers.AnalyzeTopStocksWithAI (5 handlers)
[GIN-debug] GET    /api/portfolio            --> go-app/handlers.GetPortfolio (5 handlers)
[GIN-debug] POST   /api/portfolio            --> go-app/handlers.UpsertHolding (5 handlers)
[GIN-debug] DELETE /api/portfolio/:company_id --> go-app/handlers.DeleteHolding (5 handlers)
[GIN-debug] POST   /api/chat                 --> go-app/handlers.Chat (5 handlers)
[GIN-debug] GET    /api/health/ai            --> go-app/handlers.GetAIHealth (5 handlers)
[GIN-debug] GET    /api/family/assets        --> go-app/handlers.GetFamilyAssets (5 handlers)
[GIN-debug] POST   /api/family/assets        --> go-app/handlers.CreateFamilyAsset (5 handlers)
[GIN-debug] POST   /api/family/people        --> go-app/handlers.CreateFamilyPerson (5 handlers)
[GIN-debug] POST   /api/family/prices        --> go-app/handlers.SaveFamilyPrices (5 handlers)
[GIN-debug] POST   /api/family/sync-prices   --> go-app/handlers.SyncFamilyPrices (5 handlers)
[GIN-debug] PUT    /api/family/holdings      --> go-app/handlers.UpsertFamilyHolding (5 handlers)
[GIN-debug] DELETE /api/family/holdings      --> go-app/handlers.DeleteFamilyHolding (5 handlers)
[GIN-debug] PUT    /api/family/account       --> go-app/handlers.UpdateFamilyAccount (5 handlers)
[GIN-debug] GET    /api/family/cashflows     --> go-app/handlers.GetFamilyCashFlows (5 handlers)
[GIN-debug] POST   /api/family/cashflows     --> go-app/handlers.AddFamilyCashFlow (5 handlers)
[GIN-debug] DELETE /api/family/cashflows/:id --> go-app/handlers.DeleteFamilyCashFlow (5 handlers)
[GIN-debug] GET    /api/family/history       --> go-app/handlers.GetFamilyHistory (5 handlers)
[GIN-debug] GET    /api/family/broker        --> go-app/handlers.GetFamilyBrokerAccounts (5 handlers)
[GIN-debug] PUT    /api/family/broker        --> go-app/handlers.UpsertFamilyBrokerAccount (5 handlers)
[GIN-debug] DELETE /api/family/broker        --> go-app/handlers.DeleteFamilyBrokerAccount (5 handlers)
[GIN-debug] POST   /api/family/sync-broker   --> go-app/handlers.StartFamilyBrokerSync (5 handlers)
[GIN-debug] GET    /api/family/sync-broker/status --> go-app/handlers.GetFamilyBrokerJob (5 handlers)
[GIN-debug] POST   /api/family/sync-broker/captcha --> go-app/handlers.SubmitFamilyBrokerCaptcha (5 handlers)
[GIN-debug] [WARNING] You trusted all proxies, this is NOT safe. We recommend you to set a value.
Please check https://pkg.go.dev/github.com/gin-gonic/gin#readme-don-t-trust-all-proxies for details.
[GIN-debug] Listening and serving HTTP on :5000
[GIN] 2026/09/29 - 22:11:41 | 200 |   14.5637333s |       127.0.0.1 | POST     "/api/chat"
[GIN-debug] [WARNING] Creating an Engine instance with the Logger and Recovery middleware already attached.

[GIN-debug] [WARNING] Running in "debug" mode. Switch to "release" mode in production.
 - using env:	export GIN_MODE=release
 - using code:	gin.SetMode(gin.ReleaseMode)

[GIN-debug] GET    /api/health/shadow        --> go-app/handlers.GetShadowHealth (4 handlers)
[GIN-debug] POST   /api/register/send-code   --> go-app/handlers.SendVerificationCode (4 handlers)
[GIN-debug] POST   /api/register             --> go-app/handlers.Register (4 handlers)
[GIN-debug] POST   /api/login                --> go-app/handlers.Login (4 handlers)
[GIN-debug] GET    /api/AllCompanyScores     --> go-app/handlers.GetCompanyScores (5 handlers)
[GIN-debug] GET    /api/SalesData            --> go-app/handlers.GetSalesData (5 handlers)
[GIN-debug] GET    /api/CompanyNames         --> go-app/handlers.GetCompanyNames (5 handlers)
[GIN-debug] POST   /api/GetUrl               --> go-app/handlers.GetURL (5 handlers)
[GIN-debug] GET    /api/SalesData2           --> go-app/handlers.GetSalesData2 (5 handlers)
[GIN-debug] POST   /api/GetUrl2              --> go-app/handlers.GetURL2 (5 handlers)
[GIN-debug] GET    /api/CompanyScores        --> go-app/handlers.GetCompanyScores2 (5 handlers)
[GIN-debug] GET    /api/StockPriceScore      --> go-app/handlers.StockPriceScore (5 handlers)
[GIN-debug] POST   /api/run-script           --> go-app/handlers.RunScript (5 handlers)
[GIN-debug] POST   /api/run-script2          --> go-app/handlers.RunScript2 (5 handlers)
[GIN-debug] POST   /api/fetchAllData         --> go-app/handlers.BulkFetch (5 handlers)
[GIN-debug] GET    /api/FetchFullPE          --> go-app/handlers.RunScriptPE (5 handlers)
[GIN-debug] POST   /api/users/get-items      --> go-app/handlers.AddViewedItem (5 handlers)
[GIN-debug] GET    /api/price-history        --> go-app/handlers.GetPriceHistory (5 handlers)
[GIN-debug] GET    /api/export/scores        --> go-app/handlers.ExportScoresCSV (5 handlers)
[GIN-debug] POST   /api/brs/collect          --> go-app/handlers.RunBrsCollector (5 handlers)
[GIN-debug] POST   /api/sync-codal           --> go-app/handlers.RunSyncCodal (5 handlers)
[GIN-debug] GET    /api/summary              --> go-app/handlers.GetAIStockSummary (5 handlers)
[GIN-debug] GET    /api/detail               --> go-app/handlers.GetAIStockDetail (5 handlers)
[GIN-debug] POST   /api/analyze              --> go-app/handlers.AnalyzeTopStocksWithAI (5 handlers)
[GIN-debug] GET    /api/portfolio            --> go-app/handlers.GetPortfolio (5 handlers)
[GIN-debug] POST   /api/portfolio            --> go-app/handlers.UpsertHolding (5 handlers)
[GIN-debug] DELETE /api/portfolio/:company_id --> go-app/handlers.DeleteHolding (5 handlers)
[GIN-debug] POST   /api/chat                 --> go-app/handlers.Chat (5 handlers)
[GIN-debug] GET    /api/health/ai            --> go-app/handlers.GetAIHealth (5 handlers)
[GIN-debug] GET    /api/family/assets        --> go-app/handlers.GetFamilyAssets (5 handlers)
[GIN-debug] POST   /api/family/assets        --> go-app/handlers.CreateFamilyAsset (5 handlers)
[GIN-debug] POST   /api/family/people        --> go-app/handlers.CreateFamilyPerson (5 handlers)
[GIN-debug] POST   /api/family/prices        --> go-app/handlers.SaveFamilyPrices (5 handlers)
[GIN-debug] POST   /api/family/sync-prices   --> go-app/handlers.SyncFamilyPrices (5 handlers)
[GIN-debug] PUT    /api/family/holdings      --> go-app/handlers.UpsertFamilyHolding (5 handlers)
[GIN-debug] DELETE /api/family/holdings      --> go-app/handlers.DeleteFamilyHolding (5 handlers)
[GIN-debug] PUT    /api/family/account       --> go-app/handlers.UpdateFamilyAccount (5 handlers)
[GIN-debug] GET    /api/family/cashflows     --> go-app/handlers.GetFamilyCashFlows (5 handlers)
[GIN-debug] POST   /api/family/cashflows     --> go-app/handlers.AddFamilyCashFlow (5 handlers)
[GIN-debug] DELETE /api/family/cashflows/:id --> go-app/handlers.DeleteFamilyCashFlow (5 handlers)
[GIN-debug] GET    /api/family/history       --> go-app/handlers.GetFamilyHistory (5 handlers)
[GIN-debug] GET    /api/family/broker        --> go-app/handlers.GetFamilyBrokerAccounts (5 handlers)
[GIN-debug] PUT    /api/family/broker        --> go-app/handlers.UpsertFamilyBrokerAccount (5 handlers)
[GIN-debug] DELETE /api/family/broker        --> go-app/handlers.DeleteFamilyBrokerAccount (5 handlers)
[GIN-debug] POST   /api/family/sync-broker   --> go-app/handlers.StartFamilyBrokerSync (5 handlers)
[GIN-debug] GET    /api/family/sync-broker/status --> go-app/handlers.GetFamilyBrokerJob (5 handlers)
[GIN-debug] POST   /api/family/sync-broker/captcha --> go-app/handlers.SubmitFamilyBrokerCaptcha (5 handlers)
[GIN-debug] [WARNING] You trusted all proxies, this is NOT safe. We recommend you to set a value.
Please check https://pkg.go.dev/github.com/gin-gonic/gin#readme-don-t-trust-all-proxies for details.
[GIN-debug] Listening and serving HTTP on :5000
[GIN] 2026/09/29 - 22:18:01 | 200 |   15.9314784s |       127.0.0.1 | POST     "/api/chat"
[GIN-debug] [WARNING] Creating an Engine instance with the Logger and Recovery middleware already attached.

[GIN-debug] [WARNING] Running in "debug" mode. Switch to "release" mode in production.
 - using env:	export GIN_MODE=release
 - using code:	gin.SetMode(gin.ReleaseMode)

[GIN-debug] GET    /api/health/shadow        --> go-app/handlers.GetShadowHealth (4 handlers)
[GIN-debug] POST   /api/register/send-code   --> go-app/handlers.SendVerificationCode (4 handlers)
[GIN-debug] POST   /api/register             --> go-app/handlers.Register (4 handlers)
[GIN-debug] POST   /api/login                --> go-app/handlers.Login (4 handlers)
[GIN-debug] GET    /api/AllCompanyScores     --> go-app/handlers.GetCompanyScores (5 handlers)
[GIN-debug] GET    /api/SalesData            --> go-app/handlers.GetSalesData (5 handlers)
[GIN-debug] GET    /api/CompanyNames         --> go-app/handlers.GetCompanyNames (5 handlers)
[GIN-debug] POST   /api/GetUrl               --> go-app/handlers.GetURL (5 handlers)
[GIN-debug] GET    /api/SalesData2           --> go-app/handlers.GetSalesData2 (5 handlers)
[GIN-debug] POST   /api/GetUrl2              --> go-app/handlers.GetURL2 (5 handlers)
[GIN-debug] GET    /api/CompanyScores        --> go-app/handlers.GetCompanyScores2 (5 handlers)
[GIN-debug] GET    /api/StockPriceScore      --> go-app/handlers.StockPriceScore (5 handlers)
[GIN-debug] POST   /api/run-script           --> go-app/handlers.RunScript (5 handlers)
[GIN-debug] POST   /api/run-script2          --> go-app/handlers.RunScript2 (5 handlers)
[GIN-debug] POST   /api/fetchAllData         --> go-app/handlers.BulkFetch (5 handlers)
[GIN-debug] GET    /api/FetchFullPE          --> go-app/handlers.RunScriptPE (5 handlers)
[GIN-debug] POST   /api/users/get-items      --> go-app/handlers.AddViewedItem (5 handlers)
[GIN-debug] GET    /api/price-history        --> go-app/handlers.GetPriceHistory (5 handlers)
[GIN-debug] GET    /api/export/scores        --> go-app/handlers.ExportScoresCSV (5 handlers)
[GIN-debug] POST   /api/brs/collect          --> go-app/handlers.RunBrsCollector (5 handlers)
[GIN-debug] POST   /api/sync-codal           --> go-app/handlers.RunSyncCodal (5 handlers)
[GIN-debug] GET    /api/summary              --> go-app/handlers.GetAIStockSummary (5 handlers)
[GIN-debug] GET    /api/detail               --> go-app/handlers.GetAIStockDetail (5 handlers)
[GIN-debug] POST   /api/analyze              --> go-app/handlers.AnalyzeTopStocksWithAI (5 handlers)
[GIN-debug] GET    /api/portfolio            --> go-app/handlers.GetPortfolio (5 handlers)
[GIN-debug] POST   /api/portfolio            --> go-app/handlers.UpsertHolding (5 handlers)
[GIN-debug] DELETE /api/portfolio/:company_id --> go-app/handlers.DeleteHolding (5 handlers)
[GIN-debug] POST   /api/chat                 --> go-app/handlers.Chat (5 handlers)
[GIN-debug] GET    /api/health/ai            --> go-app/handlers.GetAIHealth (5 handlers)
[GIN-debug] GET    /api/family/assets        --> go-app/handlers.GetFamilyAssets (5 handlers)
[GIN-debug] POST   /api/family/assets        --> go-app/handlers.CreateFamilyAsset (5 handlers)
[GIN-debug] POST   /api/family/people        --> go-app/handlers.CreateFamilyPerson (5 handlers)
[GIN-debug] POST   /api/family/prices        --> go-app/handlers.SaveFamilyPrices (5 handlers)
[GIN-debug] POST   /api/family/sync-prices   --> go-app/handlers.SyncFamilyPrices (5 handlers)
[GIN-debug] PUT    /api/family/holdings      --> go-app/handlers.UpsertFamilyHolding (5 handlers)
[GIN-debug] DELETE /api/family/holdings      --> go-app/handlers.DeleteFamilyHolding (5 handlers)
[GIN-debug] PUT    /api/family/account       --> go-app/handlers.UpdateFamilyAccount (5 handlers)
[GIN-debug] GET    /api/family/cashflows     --> go-app/handlers.GetFamilyCashFlows (5 handlers)
[GIN-debug] POST   /api/family/cashflows     --> go-app/handlers.AddFamilyCashFlow (5 handlers)
[GIN-debug] DELETE /api/family/cashflows/:id --> go-app/handlers.DeleteFamilyCashFlow (5 handlers)
[GIN-debug] GET    /api/family/history       --> go-app/handlers.GetFamilyHistory (5 handlers)
[GIN-debug] GET    /api/family/broker        --> go-app/handlers.GetFamilyBrokerAccounts (5 handlers)
[GIN-debug] PUT    /api/family/broker        --> go-app/handlers.UpsertFamilyBrokerAccount (5 handlers)
[GIN-debug] DELETE /api/family/broker        --> go-app/handlers.DeleteFamilyBrokerAccount (5 handlers)
[GIN-debug] POST   /api/family/sync-broker   --> go-app/handlers.StartFamilyBrokerSync (5 handlers)
[GIN-debug] GET    /api/family/sync-broker/status --> go-app/handlers.GetFamilyBrokerJob (5 handlers)
[GIN-debug] POST   /api/family/sync-broker/captcha --> go-app/handlers.SubmitFamilyBrokerCaptcha (5 handlers)
[GIN-debug] [WARNING] You trusted all proxies, this is NOT safe. We recommend you to set a value.
Please check https://pkg.go.dev/github.com/gin-gonic/gin#readme-don-t-trust-all-proxies for details.
[GIN-debug] Listening and serving HTTP on :5000
[GIN] 2026/09/29 - 23:10:23 | 200 |   13.5153568s |       127.0.0.1 | POST     "/api/chat"
[GIN-debug] [WARNING] Creating an Engine instance with the Logger and Recovery middleware already attached.

[GIN-debug] [WARNING] Running in "debug" mode. Switch to "release" mode in production.
 - using env:	export GIN_MODE=release
 - using code:	gin.SetMode(gin.ReleaseMode)

[GIN-debug] GET    /api/health/shadow        --> go-app/handlers.GetShadowHealth (4 handlers)
[GIN-debug] POST   /api/register/send-code   --> go-app/handlers.SendVerificationCode (4 handlers)
[GIN-debug] POST   /api/register             --> go-app/handlers.Register (4 handlers)
[GIN-debug] POST   /api/login                --> go-app/handlers.Login (4 handlers)
[GIN-debug] GET    /api/AllCompanyScores     --> go-app/handlers.GetCompanyScores (5 handlers)
[GIN-debug] GET    /api/SalesData            --> go-app/handlers.GetSalesData (5 handlers)
[GIN-debug] GET    /api/CompanyNames         --> go-app/handlers.GetCompanyNames (5 handlers)
[GIN-debug] POST   /api/GetUrl               --> go-app/handlers.GetURL (5 handlers)
[GIN-debug] GET    /api/SalesData2           --> go-app/handlers.GetSalesData2 (5 handlers)
[GIN-debug] POST   /api/GetUrl2              --> go-app/handlers.GetURL2 (5 handlers)
[GIN-debug] GET    /api/CompanyScores        --> go-app/handlers.GetCompanyScores2 (5 handlers)
[GIN-debug] GET    /api/StockPriceScore      --> go-app/handlers.StockPriceScore (5 handlers)
[GIN-debug] POST   /api/run-script           --> go-app/handlers.RunScript (5 handlers)
[GIN-debug] POST   /api/run-script2          --> go-app/handlers.RunScript2 (5 handlers)
[GIN-debug] POST   /api/fetchAllData         --> go-app/handlers.BulkFetch (5 handlers)
[GIN-debug] GET    /api/FetchFullPE          --> go-app/handlers.RunScriptPE (5 handlers)
[GIN-debug] POST   /api/users/get-items      --> go-app/handlers.AddViewedItem (5 handlers)
[GIN-debug] GET    /api/price-history        --> go-app/handlers.GetPriceHistory (5 handlers)
[GIN-debug] GET    /api/export/scores        --> go-app/handlers.ExportScoresCSV (5 handlers)
[GIN-debug] POST   /api/brs/collect          --> go-app/handlers.RunBrsCollector (5 handlers)
[GIN-debug] POST   /api/sync-codal           --> go-app/handlers.RunSyncCodal (5 handlers)
[GIN-debug] GET    /api/summary              --> go-app/handlers.GetAIStockSummary (5 handlers)
[GIN-debug] GET    /api/detail               --> go-app/handlers.GetAIStockDetail (5 handlers)
[GIN-debug] POST   /api/analyze              --> go-app/handlers.AnalyzeTopStocksWithAI (5 handlers)
[GIN-debug] GET    /api/portfolio            --> go-app/handlers.GetPortfolio (5 handlers)
[GIN-debug] POST   /api/portfolio            --> go-app/handlers.UpsertHolding (5 handlers)
[GIN-debug] DELETE /api/portfolio/:company_id --> go-app/handlers.DeleteHolding (5 handlers)
[GIN-debug] POST   /api/chat                 --> go-app/handlers.Chat (5 handlers)
[GIN-debug] GET    /api/health/ai            --> go-app/handlers.GetAIHealth (5 handlers)
[GIN-debug] GET    /api/family/assets        --> go-app/handlers.GetFamilyAssets (5 handlers)
[GIN-debug] POST   /api/family/assets        --> go-app/handlers.CreateFamilyAsset (5 handlers)
[GIN-debug] POST   /api/family/people        --> go-app/handlers.CreateFamilyPerson (5 handlers)
[GIN-debug] POST   /api/family/prices        --> go-app/handlers.SaveFamilyPrices (5 handlers)
[GIN-debug] POST   /api/family/sync-prices   --> go-app/handlers.SyncFamilyPrices (5 handlers)
[GIN-debug] PUT    /api/family/holdings      --> go-app/handlers.UpsertFamilyHolding (5 handlers)
[GIN-debug] DELETE /api/family/holdings      --> go-app/handlers.DeleteFamilyHolding (5 handlers)
[GIN-debug] PUT    /api/family/account       --> go-app/handlers.UpdateFamilyAccount (5 handlers)
[GIN-debug] GET    /api/family/cashflows     --> go-app/handlers.GetFamilyCashFlows (5 handlers)
[GIN-debug] POST   /api/family/cashflows     --> go-app/handlers.AddFamilyCashFlow (5 handlers)
[GIN-debug] DELETE /api/family/cashflows/:id --> go-app/handlers.DeleteFamilyCashFlow (5 handlers)
[GIN-debug] GET    /api/family/history       --> go-app/handlers.GetFamilyHistory (5 handlers)
[GIN-debug] GET    /api/family/broker        --> go-app/handlers.GetFamilyBrokerAccounts (5 handlers)
[GIN-debug] PUT    /api/family/broker        --> go-app/handlers.UpsertFamilyBrokerAccount (5 handlers)
[GIN-debug] DELETE /api/family/broker        --> go-app/handlers.DeleteFamilyBrokerAccount (5 handlers)
[GIN-debug] POST   /api/family/sync-broker   --> go-app/handlers.StartFamilyBrokerSync (5 handlers)
[GIN-debug] GET    /api/family/sync-broker/status --> go-app/handlers.GetFamilyBrokerJob (5 handlers)
[GIN-debug] POST   /api/family/sync-broker/captcha --> go-app/handlers.SubmitFamilyBrokerCaptcha (5 handlers)
[GIN-debug] [WARNING] You trusted all proxies, this is NOT safe. We recommend you to set a value.
Please check https://pkg.go.dev/github.com/gin-gonic/gin#readme-don-t-trust-all-proxies for details.
[GIN-debug] Listening and serving HTTP on :5000
[GIN-debug] [WARNING] Creating an Engine instance with the Logger and Recovery middleware already attached.

[GIN-debug] [WARNING] Running in "debug" mode. Switch to "release" mode in production.
 - using env:	export GIN_MODE=release
 - using code:	gin.SetMode(gin.ReleaseMode)

[GIN-debug] GET    /api/health/shadow        --> go-app/handlers.GetShadowHealth (4 handlers)
[GIN-debug] POST   /api/register/send-code   --> go-app/handlers.SendVerificationCode (4 handlers)
[GIN-debug] POST   /api/register             --> go-app/handlers.Register (4 handlers)
[GIN-debug] POST   /api/login                --> go-app/handlers.Login (4 handlers)
[GIN-debug] GET    /api/AllCompanyScores     --> go-app/handlers.GetCompanyScores (5 handlers)
[GIN-debug] GET    /api/SalesData            --> go-app/handlers.GetSalesData (5 handlers)
[GIN-debug] GET    /api/CompanyNames         --> go-app/handlers.GetCompanyNames (5 handlers)
[GIN-debug] POST   /api/GetUrl               --> go-app/handlers.GetURL (5 handlers)
[GIN-debug] GET    /api/SalesData2           --> go-app/handlers.GetSalesData2 (5 handlers)
[GIN-debug] POST   /api/GetUrl2              --> go-app/handlers.GetURL2 (5 handlers)
[GIN-debug] GET    /api/CompanyScores        --> go-app/handlers.GetCompanyScores2 (5 handlers)
[GIN-debug] GET    /api/StockPriceScore      --> go-app/handlers.StockPriceScore (5 handlers)
[GIN-debug] POST   /api/run-script           --> go-app/handlers.RunScript (5 handlers)
[GIN-debug] POST   /api/run-script2          --> go-app/handlers.RunScript2 (5 handlers)
[GIN-debug] POST   /api/fetchAllData         --> go-app/handlers.BulkFetch (5 handlers)
[GIN-debug] GET    /api/FetchFullPE          --> go-app/handlers.RunScriptPE (5 handlers)
[GIN-debug] POST   /api/users/get-items      --> go-app/handlers.AddViewedItem (5 handlers)
[GIN-debug] GET    /api/price-history        --> go-app/handlers.GetPriceHistory (5 handlers)
[GIN-debug] GET    /api/export/scores        --> go-app/handlers.ExportScoresCSV (5 handlers)
[GIN-debug] POST   /api/brs/collect          --> go-app/handlers.RunBrsCollector (5 handlers)
[GIN-debug] POST   /api/sync-codal           --> go-app/handlers.RunSyncCodal (5 handlers)
[GIN-debug] GET    /api/summary              --> go-app/handlers.GetAIStockSummary (5 handlers)
[GIN-debug] GET    /api/detail               --> go-app/handlers.GetAIStockDetail (5 handlers)
[GIN-debug] POST   /api/analyze              --> go-app/handlers.AnalyzeTopStocksWithAI (5 handlers)
[GIN-debug] GET    /api/portfolio            --> go-app/handlers.GetPortfolio (5 handlers)
[GIN-debug] POST   /api/portfolio            --> go-app/handlers.UpsertHolding (5 handlers)
[GIN-debug] DELETE /api/portfolio/:company_id --> go-app/handlers.DeleteHolding (5 handlers)
[GIN-debug] POST   /api/chat                 --> go-app/handlers.Chat (5 handlers)
[GIN-debug] POST   /api/chat/stream          --> go-app/handlers.ChatStream (5 handlers)
[GIN-debug] GET    /api/health/ai            --> go-app/handlers.GetAIHealth (5 handlers)
[GIN-debug] GET    /api/family/assets        --> go-app/handlers.GetFamilyAssets (5 handlers)
[GIN-debug] POST   /api/family/assets        --> go-app/handlers.CreateFamilyAsset (5 handlers)
[GIN-debug] POST   /api/family/people        --> go-app/handlers.CreateFamilyPerson (5 handlers)
[GIN-debug] POST   /api/family/prices        --> go-app/handlers.SaveFamilyPrices (5 handlers)
[GIN-debug] POST   /api/family/sync-prices   --> go-app/handlers.SyncFamilyPrices (5 handlers)
[GIN-debug] PUT    /api/family/holdings      --> go-app/handlers.UpsertFamilyHolding (5 handlers)
[GIN-debug] DELETE /api/family/holdings      --> go-app/handlers.DeleteFamilyHolding (5 handlers)
[GIN-debug] PUT    /api/family/account       --> go-app/handlers.UpdateFamilyAccount (5 handlers)
[GIN-debug] GET    /api/family/cashflows     --> go-app/handlers.GetFamilyCashFlows (5 handlers)
[GIN-debug] POST   /api/family/cashflows     --> go-app/handlers.AddFamilyCashFlow (5 handlers)
[GIN-debug] DELETE /api/family/cashflows/:id --> go-app/handlers.DeleteFamilyCashFlow (5 handlers)
[GIN-debug] GET    /api/family/history       --> go-app/handlers.GetFamilyHistory (5 handlers)
[GIN-debug] GET    /api/family/broker        --> go-app/handlers.GetFamilyBrokerAccounts (5 handlers)
[GIN-debug] PUT    /api/family/broker        --> go-app/handlers.UpsertFamilyBrokerAccount (5 handlers)
[GIN-debug] DELETE /api/family/broker        --> go-app/handlers.DeleteFamilyBrokerAccount (5 handlers)
[GIN-debug] POST   /api/family/sync-broker   --> go-app/handlers.StartFamilyBrokerSync (5 handlers)
[GIN-debug] GET    /api/family/sync-broker/status --> go-app/handlers.GetFamilyBrokerJob (5 handlers)
[GIN-debug] POST   /api/family/sync-broker/captcha --> go-app/handlers.SubmitFamilyBrokerCaptcha (5 handlers)
[GIN-debug] [WARNING] You trusted all proxies, this is NOT safe. We recommend you to set a value.
Please check https://pkg.go.dev/github.com/gin-gonic/gin#readme-don-t-trust-all-proxies for details.
[GIN-debug] Listening and serving HTTP on :5000
[GIN] 2026/09/29 - 23:22:13 | 200 |   16.0565334s |       127.0.0.1 | POST     "/api/chat/stream"
[GIN] 2026/09/29 - 23:28:26 | 204 |            0s |       127.0.0.1 | OPTIONS  "/api/CompanyNames"
[GIN] 2026/09/29 - 23:28:26 | 401 |            0s |       127.0.0.1 | GET      "/api/CompanyNames"
[GIN] 2026/09/29 - 23:28:26 | 204 |            0s |       127.0.0.1 | OPTIONS  "/api/summary?limit=1000"
[GIN] 2026/09/29 - 23:28:26 | 204 |            0s |       127.0.0.1 | OPTIONS  "/api/summary?limit=1000"
[GIN] 2026/09/29 - 23:28:26 | 401 |            0s |       127.0.0.1 | GET      "/api/CompanyNames"
[GIN] 2026/09/29 - 23:28:26 | 401 |            0s |       127.0.0.1 | GET      "/api/summary?limit=1000"
[GIN] 2026/09/29 - 23:28:26 | 401 |            0s |       127.0.0.1 | GET      "/api/summary?limit=1000"
[GIN] 2026/09/29 - 23:28:31 | 200 |    4.2765692s |       127.0.0.1 | GET      "/api/CompanyNames"
[GIN] 2026/09/29 - 23:28:31 | 204 |            0s |       127.0.0.1 | OPTIONS  "/api/AllCompanyScores"
[GIN] 2026/09/29 - 23:28:31 | 204 |            0s |       127.0.0.1 | OPTIONS  "/api/StockPriceScore?companyName=%D8%A2%D8%B1%D8%AF%DB%8C%D9%86%D9%87"
[GIN] 2026/09/29 - 23:28:31 | 204 |            0s |       127.0.0.1 | OPTIONS  "/api/SalesData?companyName=%D8%A2%D8%B1%D8%AF%DB%8C%D9%86%D9%87"
[GIN] 2026/09/29 - 23:28:31 | 204 |            0s |       127.0.0.1 | OPTIONS  "/api/CompanyScores?companyName=%D8%A2%D8%B1%D8%AF%DB%8C%D9%86%D9%87"
[GIN] 2026/09/29 - 23:28:31 | 204 |            0s |       127.0.0.1 | OPTIONS  "/api/SalesData2?companyName=%D8%A2%D8%B1%D8%AF%DB%8C%D9%86%D9%87"
[GIN] 2026/09/29 - 23:28:31 | 200 |     40.2317ms |       127.0.0.1 | GET      "/api/CompanyNames"
[GIN] 2026/09/29 - 23:28:31 | 200 |            0s |       127.0.0.1 | GET      "/api/StockPriceScore?companyName=%D8%A2%D8%B1%D8%AF%DB%8C%D9%86%D9%87"
[GIN] 2026/09/29 - 23:28:31 | 200 |    104.9605ms |       127.0.0.1 | GET      "/api/SalesData2?companyName=%D8%A2%D8%B1%D8%AF%DB%8C%D9%86%D9%87"
[GIN] 2026/09/29 - 23:28:32 | 200 |    4.7591588s |       127.0.0.1 | GET      "/api/summary?limit=1000"
[GIN] 2026/09/29 - 23:28:32 | 200 |    143.1169ms |       127.0.0.1 | GET      "/api/summary?limit=1000"
[GIN] 2026/09/29 - 23:28:34 | 200 |    2.5177484s |       127.0.0.1 | GET      "/api/CompanyScores?companyName=%D8%A2%D8%B1%D8%AF%DB%8C%D9%86%D9%87"
[GIN] 2026/09/29 - 23:28:34 | 200 |    3.0810039s |       127.0.0.1 | GET      "/api/SalesData?companyName=%D8%A2%D8%B1%D8%AF%DB%8C%D9%86%D9%87"
[GIN] 2026/09/29 - 23:28:35 | 200 |     3.392706s |       127.0.0.1 | GET      "/api/AllCompanyScores"
[GIN] 2026/09/29 - 23:31:08 | 204 |            0s |       127.0.0.1 | OPTIONS  "/api/chat/stream"
[GIN] 2026/09/29 - 23:31:18 | 200 |   10.3683153s |       127.0.0.1 | POST     "/api/chat/stream"
[GIN] 2026/09/29 - 23:34:47 | 200 |    231.0061ms |       127.0.0.1 | GET      "/api/summary?limit=1000"
[GIN] 2026/09/29 - 23:34:47 | 200 |    111.3536ms |       127.0.0.1 | GET      "/api/summary?limit=1000"
[GIN] 2026/09/29 - 23:34:48 | 200 |     904.338ms |       127.0.0.1 | GET      "/api/CompanyNames"
[GIN] 2026/09/29 - 23:34:48 | 200 |      6.6285ms |       127.0.0.1 | GET      "/api/CompanyNames"
[GIN] 2026/09/29 - 23:34:48 | 200 |      1.0006ms |       127.0.0.1 | GET      "/api/StockPriceScore?companyName=%D8%A2%D8%B1%D8%AF%DB%8C%D9%86%D9%87"
[GIN] 2026/09/29 - 23:34:48 | 200 |     11.0016ms |       127.0.0.1 | GET      "/api/SalesData?companyName=%D8%A2%D8%B1%D8%AF%DB%8C%D9%86%D9%87"
[GIN] 2026/09/29 - 23:34:48 | 200 |      9.5381ms |       127.0.0.1 | GET      "/api/SalesData2?companyName=%D8%A2%D8%B1%D8%AF%DB%8C%D9%86%D9%87"
[GIN] 2026/09/29 - 23:34:49 | 200 |    681.6504ms |       127.0.0.1 | GET      "/api/CompanyScores?companyName=%D8%A2%D8%B1%D8%AF%DB%8C%D9%86%D9%87"
[GIN] 2026/09/29 - 23:34:49 | 200 |    929.5071ms |       127.0.0.1 | GET      "/api/AllCompanyScores"
[GIN] 2026/09/29 - 23:36:33 | 200 |      28.595ms |       127.0.0.1 | GET      "/api/CompanyNames"
[GIN] 2026/09/29 - 23:36:33 | 200 |      6.0235ms |       127.0.0.1 | GET      "/api/CompanyNames"
[GIN] 2026/09/29 - 23:36:33 | 200 |      1.0138ms |       127.0.0.1 | GET      "/api/StockPriceScore?companyName=%D8%A2%D8%B1%D8%AF%DB%8C%D9%86%D9%87"
[GIN] 2026/09/29 - 23:36:33 | 200 |    303.7929ms |       127.0.0.1 | GET      "/api/summary?limit=1000"
[GIN] 2026/09/29 - 23:36:33 | 200 |     51.5665ms |       127.0.0.1 | GET      "/api/SalesData?companyName=%D8%A2%D8%B1%D8%AF%DB%8C%D9%86%D9%87"
[GIN] 2026/09/29 - 23:36:33 | 200 |    134.4775ms |       127.0.0.1 | GET      "/api/AllCompanyScores"
[GIN] 2026/09/29 - 23:36:33 | 200 |    134.8444ms |       127.0.0.1 | GET      "/api/summary?limit=1000"
[GIN] 2026/09/29 - 23:36:34 | 200 |    636.2288ms |       127.0.0.1 | GET      "/api/SalesData2?companyName=%D8%A2%D8%B1%D8%AF%DB%8C%D9%86%D9%87"
[GIN] 2026/09/29 - 23:36:34 | 200 |    1.0070482s |       127.0.0.1 | GET      "/api/CompanyScores?companyName=%D8%A2%D8%B1%D8%AF%DB%8C%D9%86%D9%87"
[GIN] 2026/09/29 - 23:36:43 | 200 |    8.1650048s |       127.0.0.1 | POST     "/api/chat/stream"
[GIN-debug] [WARNING] Creating an Engine instance with the Logger and Recovery middleware already attached.

[GIN-debug] [WARNING] Running in "debug" mode. Switch to "release" mode in production.
 - using env:	export GIN_MODE=release
 - using code:	gin.SetMode(gin.ReleaseMode)

[GIN-debug] GET    /api/health/shadow        --> go-app/handlers.GetShadowHealth (4 handlers)
[GIN-debug] POST   /api/register/send-code   --> go-app/handlers.SendVerificationCode (4 handlers)
[GIN-debug] POST   /api/register             --> go-app/handlers.Register (4 handlers)
[GIN-debug] POST   /api/login                --> go-app/handlers.Login (4 handlers)
[GIN-debug] GET    /api/AllCompanyScores     --> go-app/handlers.GetCompanyScores (5 handlers)
[GIN-debug] GET    /api/SalesData            --> go-app/handlers.GetSalesData (5 handlers)
[GIN-debug] GET    /api/CompanyNames         --> go-app/handlers.GetCompanyNames (5 handlers)
[GIN-debug] POST   /api/GetUrl               --> go-app/handlers.GetURL (5 handlers)
[GIN-debug] GET    /api/SalesData2           --> go-app/handlers.GetSalesData2 (5 handlers)
[GIN-debug] POST   /api/GetUrl2              --> go-app/handlers.GetURL2 (5 handlers)
[GIN-debug] GET    /api/CompanyScores        --> go-app/handlers.GetCompanyScores2 (5 handlers)
[GIN-debug] GET    /api/StockPriceScore      --> go-app/handlers.StockPriceScore (5 handlers)
[GIN-debug] POST   /api/run-script           --> go-app/handlers.RunScript (5 handlers)
[GIN-debug] POST   /api/run-script2          --> go-app/handlers.RunScript2 (5 handlers)
[GIN-debug] POST   /api/fetchAllData         --> go-app/handlers.BulkFetch (5 handlers)
[GIN-debug] GET    /api/FetchFullPE          --> go-app/handlers.RunScriptPE (5 handlers)
[GIN-debug] POST   /api/users/get-items      --> go-app/handlers.AddViewedItem (5 handlers)
[GIN-debug] GET    /api/price-history        --> go-app/handlers.GetPriceHistory (5 handlers)
[GIN-debug] GET    /api/export/scores        --> go-app/handlers.ExportScoresCSV (5 handlers)
[GIN-debug] POST   /api/brs/collect          --> go-app/handlers.RunBrsCollector (5 handlers)
[GIN-debug] POST   /api/sync-codal           --> go-app/handlers.RunSyncCodal (5 handlers)
[GIN-debug] GET    /api/summary              --> go-app/handlers.GetAIStockSummary (5 handlers)
[GIN-debug] GET    /api/detail               --> go-app/handlers.GetAIStockDetail (5 handlers)
[GIN-debug] POST   /api/analyze              --> go-app/handlers.AnalyzeTopStocksWithAI (5 handlers)
[GIN-debug] GET    /api/portfolio            --> go-app/handlers.GetPortfolio (5 handlers)
[GIN-debug] POST   /api/portfolio            --> go-app/handlers.UpsertHolding (5 handlers)
[GIN-debug] DELETE /api/portfolio/:company_id --> go-app/handlers.DeleteHolding (5 handlers)
[GIN-debug] POST   /api/chat                 --> go-app/handlers.Chat (5 handlers)
[GIN-debug] POST   /api/chat/stream          --> go-app/handlers.ChatStream (5 handlers)
[GIN-debug] GET    /api/health/ai            --> go-app/handlers.GetAIHealth (5 handlers)
[GIN-debug] GET    /api/family/assets        --> go-app/handlers.GetFamilyAssets (5 handlers)
[GIN-debug] POST   /api/family/assets        --> go-app/handlers.CreateFamilyAsset (5 handlers)
[GIN-debug] POST   /api/family/people        --> go-app/handlers.CreateFamilyPerson (5 handlers)
[GIN-debug] POST   /api/family/prices        --> go-app/handlers.SaveFamilyPrices (5 handlers)
[GIN-debug] POST   /api/family/sync-prices   --> go-app/handlers.SyncFamilyPrices (5 handlers)
[GIN-debug] PUT    /api/family/holdings      --> go-app/handlers.UpsertFamilyHolding (5 handlers)
[GIN-debug] DELETE /api/family/holdings      --> go-app/handlers.DeleteFamilyHolding (5 handlers)
[GIN-debug] PUT    /api/family/account       --> go-app/handlers.UpdateFamilyAccount (5 handlers)
[GIN-debug] GET    /api/family/cashflows     --> go-app/handlers.GetFamilyCashFlows (5 handlers)
[GIN-debug] POST   /api/family/cashflows     --> go-app/handlers.AddFamilyCashFlow (5 handlers)
[GIN-debug] DELETE /api/family/cashflows/:id --> go-app/handlers.DeleteFamilyCashFlow (5 handlers)
[GIN-debug] GET    /api/family/history       --> go-app/handlers.GetFamilyHistory (5 handlers)
[GIN-debug] GET    /api/family/broker        --> go-app/handlers.GetFamilyBrokerAccounts (5 handlers)
[GIN-debug] PUT    /api/family/broker        --> go-app/handlers.UpsertFamilyBrokerAccount (5 handlers)
[GIN-debug] DELETE /api/family/broker        --> go-app/handlers.DeleteFamilyBrokerAccount (5 handlers)
[GIN-debug] POST   /api/family/sync-broker   --> go-app/handlers.StartFamilyBrokerSync (5 handlers)
[GIN-debug] GET    /api/family/sync-broker/status --> go-app/handlers.GetFamilyBrokerJob (5 handlers)
[GIN-debug] POST   /api/family/sync-broker/captcha --> go-app/handlers.SubmitFamilyBrokerCaptcha (5 handlers)
[GIN-debug] [WARNING] You trusted all proxies, this is NOT safe. We recommend you to set a value.
Please check https://pkg.go.dev/github.com/gin-gonic/gin#readme-don-t-trust-all-proxies for details.
[GIN-debug] Listening and serving HTTP on :5000
[GIN] 2026/09/29 - 23:41:40 | 200 |    1.1998829s |       127.0.0.1 | GET      "/api/health/shadow"
[GIN-debug] [WARNING] Creating an Engine instance with the Logger and Recovery middleware already attached.

[GIN-debug] [WARNING] Running in "debug" mode. Switch to "release" mode in production.
 - using env:	export GIN_MODE=release
 - using code:	gin.SetMode(gin.ReleaseMode)

[GIN-debug] GET    /api/health/shadow        --> go-app/handlers.GetShadowHealth (4 handlers)
[GIN-debug] POST   /api/register/send-code   --> go-app/handlers.SendVerificationCode (4 handlers)
[GIN-debug] POST   /api/register             --> go-app/handlers.Register (4 handlers)
[GIN-debug] POST   /api/login                --> go-app/handlers.Login (4 handlers)
[GIN-debug] GET    /api/AllCompanyScores     --> go-app/handlers.GetCompanyScores (5 handlers)
[GIN-debug] GET    /api/SalesData            --> go-app/handlers.GetSalesData (5 handlers)
[GIN-debug] GET    /api/CompanyNames         --> go-app/handlers.GetCompanyNames (5 handlers)
[GIN-debug] POST   /api/GetUrl               --> go-app/handlers.GetURL (5 handlers)
[GIN-debug] GET    /api/SalesData2           --> go-app/handlers.GetSalesData2 (5 handlers)
[GIN-debug] POST   /api/GetUrl2              --> go-app/handlers.GetURL2 (5 handlers)
[GIN-debug] GET    /api/CompanyScores        --> go-app/handlers.GetCompanyScores2 (5 handlers)
[GIN-debug] GET    /api/StockPriceScore      --> go-app/handlers.StockPriceScore (5 handlers)
[GIN-debug] POST   /api/run-script           --> go-app/handlers.RunScript (5 handlers)
[GIN-debug] POST   /api/run-script2          --> go-app/handlers.RunScript2 (5 handlers)
[GIN-debug] POST   /api/fetchAllData         --> go-app/handlers.BulkFetch (5 handlers)
[GIN-debug] GET    /api/FetchFullPE          --> go-app/handlers.RunScriptPE (5 handlers)
[GIN-debug] POST   /api/users/get-items      --> go-app/handlers.AddViewedItem (5 handlers)
[GIN-debug] GET    /api/price-history        --> go-app/handlers.GetPriceHistory (5 handlers)
[GIN-debug] GET    /api/export/scores        --> go-app/handlers.ExportScoresCSV (5 handlers)
[GIN-debug] POST   /api/brs/collect          --> go-app/handlers.RunBrsCollector (5 handlers)
[GIN-debug] POST   /api/sync-codal           --> go-app/handlers.RunSyncCodal (5 handlers)
[GIN-debug] GET    /api/summary              --> go-app/handlers.GetAIStockSummary (5 handlers)
[GIN-debug] GET    /api/detail               --> go-app/handlers.GetAIStockDetail (5 handlers)
[GIN-debug] POST   /api/analyze              --> go-app/handlers.AnalyzeTopStocksWithAI (5 handlers)
[GIN-debug] GET    /api/portfolio            --> go-app/handlers.GetPortfolio (5 handlers)
[GIN-debug] POST   /api/portfolio            --> go-app/handlers.UpsertHolding (5 handlers)
[GIN-debug] DELETE /api/portfolio/:company_id --> go-app/handlers.DeleteHolding (5 handlers)
[GIN-debug] POST   /api/chat                 --> go-app/handlers.Chat (5 handlers)
[GIN-debug] POST   /api/chat/stream          --> go-app/handlers.ChatStream (5 handlers)
[GIN-debug] GET    /api/health/ai            --> go-app/handlers.GetAIHealth (5 handlers)
[GIN-debug] GET    /api/family/assets        --> go-app/handlers.GetFamilyAssets (5 handlers)
[GIN-debug] POST   /api/family/assets        --> go-app/handlers.CreateFamilyAsset (5 handlers)
[GIN-debug] POST   /api/family/people        --> go-app/handlers.CreateFamilyPerson (5 handlers)
[GIN-debug] POST   /api/family/prices        --> go-app/handlers.SaveFamilyPrices (5 handlers)
[GIN-debug] POST   /api/family/sync-prices   --> go-app/handlers.SyncFamilyPrices (5 handlers)
[GIN-debug] PUT    /api/family/holdings      --> go-app/handlers.UpsertFamilyHolding (5 handlers)
[GIN-debug] DELETE /api/family/holdings      --> go-app/handlers.DeleteFamilyHolding (5 handlers)
[GIN-debug] PUT    /api/family/account       --> go-app/handlers.UpdateFamilyAccount (5 handlers)
[GIN-debug] GET    /api/family/cashflows     --> go-app/handlers.GetFamilyCashFlows (5 handlers)
[GIN-debug] POST   /api/family/cashflows     --> go-app/handlers.AddFamilyCashFlow (5 handlers)
[GIN-debug] DELETE /api/family/cashflows/:id --> go-app/handlers.DeleteFamilyCashFlow (5 handlers)
[GIN-debug] GET    /api/family/history       --> go-app/handlers.GetFamilyHistory (5 handlers)
[GIN-debug] GET    /api/family/broker        --> go-app/handlers.GetFamilyBrokerAccounts (5 handlers)
[GIN-debug] PUT    /api/family/broker        --> go-app/handlers.UpsertFamilyBrokerAccount (5 handlers)
[GIN-debug] DELETE /api/family/broker        --> go-app/handlers.DeleteFamilyBrokerAccount (5 handlers)
[GIN-debug] POST   /api/family/sync-broker   --> go-app/handlers.StartFamilyBrokerSync (5 handlers)
[GIN-debug] GET    /api/family/sync-broker/status --> go-app/handlers.GetFamilyBrokerJob (5 handlers)
[GIN-debug] POST   /api/family/sync-broker/captcha --> go-app/handlers.SubmitFamilyBrokerCaptcha (5 handlers)
[GIN-debug] [WARNING] You trusted all proxies, this is NOT safe. We recommend you to set a value.
Please check https://pkg.go.dev/github.com/gin-gonic/gin#readme-don-t-trust-all-proxies for details.
[GIN-debug] Listening and serving HTTP on :5000
[GIN] 2026/09/30 - 00:12:20 | 200 |   10.0711321s |       127.0.0.1 | POST     "/api/chat"
[GIN-debug] [WARNING] Creating an Engine instance with the Logger and Recovery middleware already attached.

[GIN-debug] [WARNING] Running in "debug" mode. Switch to "release" mode in production.
 - using env:	export GIN_MODE=release
 - using code:	gin.SetMode(gin.ReleaseMode)

[GIN-debug] GET    /api/health/shadow        --> go-app/handlers.GetShadowHealth (4 handlers)
[GIN-debug] POST   /api/register/send-code   --> go-app/handlers.SendVerificationCode (4 handlers)
[GIN-debug] POST   /api/register             --> go-app/handlers.Register (4 handlers)
[GIN-debug] POST   /api/login                --> go-app/handlers.Login (4 handlers)
[GIN-debug] GET    /api/AllCompanyScores     --> go-app/handlers.GetCompanyScores (5 handlers)
[GIN-debug] GET    /api/SalesData            --> go-app/handlers.GetSalesData (5 handlers)
[GIN-debug] GET    /api/CompanyNames         --> go-app/handlers.GetCompanyNames (5 handlers)
[GIN-debug] POST   /api/GetUrl               --> go-app/handlers.GetURL (5 handlers)
[GIN-debug] GET    /api/SalesData2           --> go-app/handlers.GetSalesData2 (5 handlers)
[GIN-debug] POST   /api/GetUrl2              --> go-app/handlers.GetURL2 (5 handlers)
[GIN-debug] GET    /api/CompanyScores        --> go-app/handlers.GetCompanyScores2 (5 handlers)
[GIN-debug] GET    /api/StockPriceScore      --> go-app/handlers.StockPriceScore (5 handlers)
[GIN-debug] POST   /api/run-script           --> go-app/handlers.RunScript (5 handlers)
[GIN-debug] POST   /api/run-script2          --> go-app/handlers.RunScript2 (5 handlers)
[GIN-debug] POST   /api/fetchAllData         --> go-app/handlers.BulkFetch (5 handlers)
[GIN-debug] GET    /api/FetchFullPE          --> go-app/handlers.RunScriptPE (5 handlers)
[GIN-debug] POST   /api/users/get-items      --> go-app/handlers.AddViewedItem (5 handlers)
[GIN-debug] GET    /api/price-history        --> go-app/handlers.GetPriceHistory (5 handlers)
[GIN-debug] GET    /api/export/scores        --> go-app/handlers.ExportScoresCSV (5 handlers)
[GIN-debug] POST   /api/brs/collect          --> go-app/handlers.RunBrsCollector (5 handlers)
[GIN-debug] POST   /api/sync-codal           --> go-app/handlers.RunSyncCodal (5 handlers)
[GIN-debug] GET    /api/summary              --> go-app/handlers.GetAIStockSummary (5 handlers)
[GIN-debug] GET    /api/detail               --> go-app/handlers.GetAIStockDetail (5 handlers)
[GIN-debug] POST   /api/analyze              --> go-app/handlers.AnalyzeTopStocksWithAI (5 handlers)
[GIN-debug] GET    /api/portfolio            --> go-app/handlers.GetPortfolio (5 handlers)
[GIN-debug] POST   /api/portfolio            --> go-app/handlers.UpsertHolding (5 handlers)
[GIN-debug] DELETE /api/portfolio/:company_id --> go-app/handlers.DeleteHolding (5 handlers)
[GIN-debug] POST   /api/chat                 --> go-app/handlers.Chat (5 handlers)
[GIN-debug] POST   /api/chat/stream          --> go-app/handlers.ChatStream (5 handlers)
[GIN-debug] GET    /api/health/ai            --> go-app/handlers.GetAIHealth (5 handlers)
[GIN-debug] GET    /api/family/assets        --> go-app/handlers.GetFamilyAssets (5 handlers)
[GIN-debug] POST   /api/family/assets        --> go-app/handlers.CreateFamilyAsset (5 handlers)
[GIN-debug] POST   /api/family/people        --> go-app/handlers.CreateFamilyPerson (5 handlers)
[GIN-debug] POST   /api/family/prices        --> go-app/handlers.SaveFamilyPrices (5 handlers)
[GIN-debug] POST   /api/family/sync-prices   --> go-app/handlers.SyncFamilyPrices (5 handlers)
[GIN-debug] PUT    /api/family/holdings      --> go-app/handlers.UpsertFamilyHolding (5 handlers)
[GIN-debug] DELETE /api/family/holdings      --> go-app/handlers.DeleteFamilyHolding (5 handlers)
[GIN-debug] PUT    /api/family/account       --> go-app/handlers.UpdateFamilyAccount (5 handlers)
[GIN-debug] GET    /api/family/cashflows     --> go-app/handlers.GetFamilyCashFlows (5 handlers)
[GIN-debug] POST   /api/family/cashflows     --> go-app/handlers.AddFamilyCashFlow (5 handlers)
[GIN-debug] DELETE /api/family/cashflows/:id --> go-app/handlers.DeleteFamilyCashFlow (5 handlers)
[GIN-debug] GET    /api/family/history       --> go-app/handlers.GetFamilyHistory (5 handlers)
[GIN-debug] GET    /api/family/broker        --> go-app/handlers.GetFamilyBrokerAccounts (5 handlers)
[GIN-debug] PUT    /api/family/broker        --> go-app/handlers.UpsertFamilyBrokerAccount (5 handlers)
[GIN-debug] DELETE /api/family/broker        --> go-app/handlers.DeleteFamilyBrokerAccount (5 handlers)
[GIN-debug] POST   /api/family/sync-broker   --> go-app/handlers.StartFamilyBrokerSync (5 handlers)
[GIN-debug] GET    /api/family/sync-broker/status --> go-app/handlers.GetFamilyBrokerJob (5 handlers)
[GIN-debug] POST   /api/family/sync-broker/captcha --> go-app/handlers.SubmitFamilyBrokerCaptcha (5 handlers)
[GIN-debug] [WARNING] You trusted all proxies, this is NOT safe. We recommend you to set a value.
Please check https://pkg.go.dev/github.com/gin-gonic/gin#readme-don-t-trust-all-proxies for details.
[GIN-debug] Listening and serving HTTP on :5000
[GIN] 2026/09/30 - 00:14:30 | 200 |    2.8746191s |       127.0.0.1 | POST     "/api/chat"
[GIN] 2026/09/30 - 00:14:32 | 200 |    1.5579492s |       127.0.0.1 | GET      "/api/health/ai"
[GIN-debug] [WARNING] Creating an Engine instance with the Logger and Recovery middleware already attached.

[GIN-debug] [WARNING] Running in "debug" mode. Switch to "release" mode in production.
 - using env:	export GIN_MODE=release
 - using code:	gin.SetMode(gin.ReleaseMode)

[GIN-debug] GET    /api/health/shadow        --> go-app/handlers.GetShadowHealth (4 handlers)
[GIN-debug] POST   /api/register/send-code   --> go-app/handlers.SendVerificationCode (4 handlers)
[GIN-debug] POST   /api/register             --> go-app/handlers.Register (4 handlers)
[GIN-debug] POST   /api/login                --> go-app/handlers.Login (4 handlers)
[GIN-debug] GET    /api/AllCompanyScores     --> go-app/handlers.GetCompanyScores (5 handlers)
[GIN-debug] GET    /api/SalesData            --> go-app/handlers.GetSalesData (5 handlers)
[GIN-debug] GET    /api/CompanyNames         --> go-app/handlers.GetCompanyNames (5 handlers)
[GIN-debug] POST   /api/GetUrl               --> go-app/handlers.GetURL (5 handlers)
[GIN-debug] GET    /api/SalesData2           --> go-app/handlers.GetSalesData2 (5 handlers)
[GIN-debug] POST   /api/GetUrl2              --> go-app/handlers.GetURL2 (5 handlers)
[GIN-debug] GET    /api/CompanyScores        --> go-app/handlers.GetCompanyScores2 (5 handlers)
[GIN-debug] GET    /api/StockPriceScore      --> go-app/handlers.StockPriceScore (5 handlers)
[GIN-debug] POST   /api/run-script           --> go-app/handlers.RunScript (5 handlers)
[GIN-debug] POST   /api/run-script2          --> go-app/handlers.RunScript2 (5 handlers)
[GIN-debug] POST   /api/fetchAllData         --> go-app/handlers.BulkFetch (5 handlers)
[GIN-debug] GET    /api/FetchFullPE          --> go-app/handlers.RunScriptPE (5 handlers)
[GIN-debug] POST   /api/users/get-items      --> go-app/handlers.AddViewedItem (5 handlers)
[GIN-debug] GET    /api/price-history        --> go-app/handlers.GetPriceHistory (5 handlers)
[GIN-debug] GET    /api/export/scores        --> go-app/handlers.ExportScoresCSV (5 handlers)
[GIN-debug] POST   /api/brs/collect          --> go-app/handlers.RunBrsCollector (5 handlers)
[GIN-debug] POST   /api/sync-codal           --> go-app/handlers.RunSyncCodal (5 handlers)
[GIN-debug] GET    /api/summary              --> go-app/handlers.GetAIStockSummary (5 handlers)
[GIN-debug] GET    /api/detail               --> go-app/handlers.GetAIStockDetail (5 handlers)
[GIN-debug] POST   /api/analyze              --> go-app/handlers.AnalyzeTopStocksWithAI (5 handlers)
[GIN-debug] GET    /api/portfolio            --> go-app/handlers.GetPortfolio (5 handlers)
[GIN-debug] POST   /api/portfolio            --> go-app/handlers.UpsertHolding (5 handlers)
[GIN-debug] DELETE /api/portfolio/:company_id --> go-app/handlers.DeleteHolding (5 handlers)
[GIN-debug] POST   /api/chat                 --> go-app/handlers.Chat (5 handlers)
[GIN-debug] POST   /api/chat/stream          --> go-app/handlers.ChatStream (5 handlers)
[GIN-debug] GET    /api/health/ai            --> go-app/handlers.GetAIHealth (5 handlers)
[GIN-debug] GET    /api/family/assets        --> go-app/handlers.GetFamilyAssets (5 handlers)
[GIN-debug] POST   /api/family/assets        --> go-app/handlers.CreateFamilyAsset (5 handlers)
[GIN-debug] POST   /api/family/people        --> go-app/handlers.CreateFamilyPerson (5 handlers)
[GIN-debug] POST   /api/family/prices        --> go-app/handlers.SaveFamilyPrices (5 handlers)
[GIN-debug] POST   /api/family/sync-prices   --> go-app/handlers.SyncFamilyPrices (5 handlers)
[GIN-debug] PUT    /api/family/holdings      --> go-app/handlers.UpsertFamilyHolding (5 handlers)
[GIN-debug] DELETE /api/family/holdings      --> go-app/handlers.DeleteFamilyHolding (5 handlers)
[GIN-debug] PUT    /api/family/account       --> go-app/handlers.UpdateFamilyAccount (5 handlers)
[GIN-debug] GET    /api/family/cashflows     --> go-app/handlers.GetFamilyCashFlows (5 handlers)
[GIN-debug] POST   /api/family/cashflows     --> go-app/handlers.AddFamilyCashFlow (5 handlers)
[GIN-debug] DELETE /api/family/cashflows/:id --> go-app/handlers.DeleteFamilyCashFlow (5 handlers)
[GIN-debug] GET    /api/family/history       --> go-app/handlers.GetFamilyHistory (5 handlers)
[GIN-debug] GET    /api/family/broker        --> go-app/handlers.GetFamilyBrokerAccounts (5 handlers)
[GIN-debug] PUT    /api/family/broker        --> go-app/handlers.UpsertFamilyBrokerAccount (5 handlers)
[GIN-debug] DELETE /api/family/broker        --> go-app/handlers.DeleteFamilyBrokerAccount (5 handlers)
[GIN-debug] POST   /api/family/sync-broker   --> go-app/handlers.StartFamilyBrokerSync (5 handlers)
[GIN-debug] GET    /api/family/sync-broker/status --> go-app/handlers.GetFamilyBrokerJob (5 handlers)
[GIN-debug] POST   /api/family/sync-broker/captcha --> go-app/handlers.SubmitFamilyBrokerCaptcha (5 handlers)
[GIN-debug] [WARNING] You trusted all proxies, this is NOT safe. We recommend you to set a value.
Please check https://pkg.go.dev/github.com/gin-gonic/gin#readme-don-t-trust-all-proxies for details.
[GIN-debug] Listening and serving HTTP on :5000
[GIN] 2026/09/30 - 00:36:26 | 200 |    3.6453908s |       127.0.0.1 | POST     "/api/chat"
[GIN] 2026/09/30 - 00:36:34 | 200 |    7.3635163s |       127.0.0.1 | POST     "/api/chat"
[GIN] 2026/09/30 - 00:36:36 | 200 |    2.6661469s |       127.0.0.1 | POST     "/api/chat"
[GIN] 2026/09/30 - 00:37:49 | 200 |     6.565351s |       127.0.0.1 | POST     "/api/chat"
[GIN] 2026/09/30 - 00:37:55 | 200 |    6.3482125s |       127.0.0.1 | POST     "/api/chat"
[GIN] 2026/09/30 - 00:37:57 | 200 |    1.5794083s |       127.0.0.1 | POST     "/api/chat"
[GIN-debug] [WARNING] Creating an Engine instance with the Logger and Recovery middleware already attached.

[GIN-debug] [WARNING] Running in "debug" mode. Switch to "release" mode in production.
 - using env:	export GIN_MODE=release
 - using code:	gin.SetMode(gin.ReleaseMode)

[GIN-debug] GET    /api/health/shadow        --> go-app/handlers.GetShadowHealth (4 handlers)
[GIN-debug] POST   /api/register/send-code   --> go-app/handlers.SendVerificationCode (4 handlers)
[GIN-debug] POST   /api/register             --> go-app/handlers.Register (4 handlers)
[GIN-debug] POST   /api/login                --> go-app/handlers.Login (4 handlers)
[GIN-debug] GET    /api/AllCompanyScores     --> go-app/handlers.GetCompanyScores (5 handlers)
[GIN-debug] GET    /api/SalesData            --> go-app/handlers.GetSalesData (5 handlers)
[GIN-debug] GET    /api/CompanyNames         --> go-app/handlers.GetCompanyNames (5 handlers)
[GIN-debug] POST   /api/GetUrl               --> go-app/handlers.GetURL (5 handlers)
[GIN-debug] GET    /api/SalesData2           --> go-app/handlers.GetSalesData2 (5 handlers)
[GIN-debug] POST   /api/GetUrl2              --> go-app/handlers.GetURL2 (5 handlers)
[GIN-debug] GET    /api/CompanyScores        --> go-app/handlers.GetCompanyScores2 (5 handlers)
[GIN-debug] GET    /api/StockPriceScore      --> go-app/handlers.StockPriceScore (5 handlers)
[GIN-debug] POST   /api/run-script           --> go-app/handlers.RunScript (5 handlers)
[GIN-debug] POST   /api/run-script2          --> go-app/handlers.RunScript2 (5 handlers)
[GIN-debug] POST   /api/fetchAllData         --> go-app/handlers.BulkFetch (5 handlers)
[GIN-debug] GET    /api/FetchFullPE          --> go-app/handlers.RunScriptPE (5 handlers)
[GIN-debug] POST   /api/users/get-items      --> go-app/handlers.AddViewedItem (5 handlers)
[GIN-debug] GET    /api/price-history        --> go-app/handlers.GetPriceHistory (5 handlers)
[GIN-debug] GET    /api/export/scores        --> go-app/handlers.ExportScoresCSV (5 handlers)
[GIN-debug] POST   /api/brs/collect          --> go-app/handlers.RunBrsCollector (5 handlers)
[GIN-debug] POST   /api/sync-codal           --> go-app/handlers.RunSyncCodal (5 handlers)
[GIN-debug] GET    /api/summary              --> go-app/handlers.GetAIStockSummary (5 handlers)
[GIN-debug] GET    /api/detail               --> go-app/handlers.GetAIStockDetail (5 handlers)
[GIN-debug] POST   /api/analyze              --> go-app/handlers.AnalyzeTopStocksWithAI (5 handlers)
[GIN-debug] GET    /api/portfolio            --> go-app/handlers.GetPortfolio (5 handlers)
[GIN-debug] POST   /api/portfolio            --> go-app/handlers.UpsertHolding (5 handlers)
[GIN-debug] DELETE /api/portfolio/:company_id --> go-app/handlers.DeleteHolding (5 handlers)
[GIN-debug] POST   /api/chat                 --> go-app/handlers.Chat (5 handlers)
[GIN-debug] POST   /api/chat/stream          --> go-app/handlers.ChatStream (5 handlers)
[GIN-debug] GET    /api/health/ai            --> go-app/handlers.GetAIHealth (5 handlers)
[GIN-debug] GET    /api/family/assets        --> go-app/handlers.GetFamilyAssets (5 handlers)
[GIN-debug] POST   /api/family/assets        --> go-app/handlers.CreateFamilyAsset (5 handlers)
[GIN-debug] POST   /api/family/people        --> go-app/handlers.CreateFamilyPerson (5 handlers)
[GIN-debug] POST   /api/family/prices        --> go-app/handlers.SaveFamilyPrices (5 handlers)
[GIN-debug] POST   /api/family/sync-prices   --> go-app/handlers.SyncFamilyPrices (5 handlers)
[GIN-debug] PUT    /api/family/holdings      --> go-app/handlers.UpsertFamilyHolding (5 handlers)
[GIN-debug] DELETE /api/family/holdings      --> go-app/handlers.DeleteFamilyHolding (5 handlers)
[GIN-debug] PUT    /api/family/account       --> go-app/handlers.UpdateFamilyAccount (5 handlers)
[GIN-debug] GET    /api/family/cashflows     --> go-app/handlers.GetFamilyCashFlows (5 handlers)
[GIN-debug] POST   /api/family/cashflows     --> go-app/handlers.AddFamilyCashFlow (5 handlers)
[GIN-debug] DELETE /api/family/cashflows/:id --> go-app/handlers.DeleteFamilyCashFlow (5 handlers)
[GIN-debug] GET    /api/family/history       --> go-app/handlers.GetFamilyHistory (5 handlers)
[GIN-debug] GET    /api/family/broker        --> go-app/handlers.GetFamilyBrokerAccounts (5 handlers)
[GIN-debug] PUT    /api/family/broker        --> go-app/handlers.UpsertFamilyBrokerAccount (5 handlers)
[GIN-debug] DELETE /api/family/broker        --> go-app/handlers.DeleteFamilyBrokerAccount (5 handlers)
[GIN-debug] POST   /api/family/sync-broker   --> go-app/handlers.StartFamilyBrokerSync (5 handlers)
[GIN-debug] GET    /api/family/sync-broker/status --> go-app/handlers.GetFamilyBrokerJob (5 handlers)
[GIN-debug] POST   /api/family/sync-broker/captcha --> go-app/handlers.SubmitFamilyBrokerCaptcha (5 handlers)
[GIN-debug] [WARNING] You trusted all proxies, this is NOT safe. We recommend you to set a value.
Please check https://pkg.go.dev/github.com/gin-gonic/gin#readme-don-t-trust-all-proxies for details.
[GIN-debug] Listening and serving HTTP on :5000
[GIN] 2026/09/30 - 00:40:12 | 200 |     8.339878s |       127.0.0.1 | POST     "/api/chat"
[GIN-debug] [WARNING] Creating an Engine instance with the Logger and Recovery middleware already attached.

[GIN-debug] [WARNING] Running in "debug" mode. Switch to "release" mode in production.
 - using env:	export GIN_MODE=release
 - using code:	gin.SetMode(gin.ReleaseMode)

[GIN-debug] GET    /api/health/shadow        --> go-app/handlers.GetShadowHealth (4 handlers)
[GIN-debug] POST   /api/register/send-code   --> go-app/handlers.SendVerificationCode (4 handlers)
[GIN-debug] POST   /api/register             --> go-app/handlers.Register (4 handlers)
[GIN-debug] POST   /api/login                --> go-app/handlers.Login (4 handlers)
[GIN-debug] GET    /api/AllCompanyScores     --> go-app/handlers.GetCompanyScores (5 handlers)
[GIN-debug] GET    /api/SalesData            --> go-app/handlers.GetSalesData (5 handlers)
[GIN-debug] GET    /api/CompanyNames         --> go-app/handlers.GetCompanyNames (5 handlers)
[GIN-debug] POST   /api/GetUrl               --> go-app/handlers.GetURL (5 handlers)
[GIN-debug] GET    /api/SalesData2           --> go-app/handlers.GetSalesData2 (5 handlers)
[GIN-debug] POST   /api/GetUrl2              --> go-app/handlers.GetURL2 (5 handlers)
[GIN-debug] GET    /api/CompanyScores        --> go-app/handlers.GetCompanyScores2 (5 handlers)
[GIN-debug] GET    /api/StockPriceScore      --> go-app/handlers.StockPriceScore (5 handlers)
[GIN-debug] POST   /api/run-script           --> go-app/handlers.RunScript (5 handlers)
[GIN-debug] POST   /api/run-script2          --> go-app/handlers.RunScript2 (5 handlers)
[GIN-debug] POST   /api/fetchAllData         --> go-app/handlers.BulkFetch (5 handlers)
[GIN-debug] GET    /api/FetchFullPE          --> go-app/handlers.RunScriptPE (5 handlers)
[GIN-debug] POST   /api/users/get-items      --> go-app/handlers.AddViewedItem (5 handlers)
[GIN-debug] GET    /api/price-history        --> go-app/handlers.GetPriceHistory (5 handlers)
[GIN-debug] GET    /api/export/scores        --> go-app/handlers.ExportScoresCSV (5 handlers)
[GIN-debug] POST   /api/brs/collect          --> go-app/handlers.RunBrsCollector (5 handlers)
[GIN-debug] POST   /api/sync-codal           --> go-app/handlers.RunSyncCodal (5 handlers)
[GIN-debug] GET    /api/summary              --> go-app/handlers.GetAIStockSummary (5 handlers)
[GIN-debug] GET    /api/detail               --> go-app/handlers.GetAIStockDetail (5 handlers)
[GIN-debug] POST   /api/analyze              --> go-app/handlers.AnalyzeTopStocksWithAI (5 handlers)
[GIN-debug] GET    /api/portfolio            --> go-app/handlers.GetPortfolio (5 handlers)
[GIN-debug] POST   /api/portfolio            --> go-app/handlers.UpsertHolding (5 handlers)
[GIN-debug] DELETE /api/portfolio/:company_id --> go-app/handlers.DeleteHolding (5 handlers)
[GIN-debug] POST   /api/chat                 --> go-app/handlers.Chat (5 handlers)
[GIN-debug] POST   /api/chat/stream          --> go-app/handlers.ChatStream (5 handlers)
[GIN-debug] GET    /api/health/ai            --> go-app/handlers.GetAIHealth (5 handlers)
[GIN-debug] GET    /api/family/assets        --> go-app/handlers.GetFamilyAssets (5 handlers)
[GIN-debug] POST   /api/family/assets        --> go-app/handlers.CreateFamilyAsset (5 handlers)
[GIN-debug] POST   /api/family/people        --> go-app/handlers.CreateFamilyPerson (5 handlers)
[GIN-debug] POST   /api/family/prices        --> go-app/handlers.SaveFamilyPrices (5 handlers)
[GIN-debug] POST   /api/family/sync-prices   --> go-app/handlers.SyncFamilyPrices (5 handlers)
[GIN-debug] PUT    /api/family/holdings      --> go-app/handlers.UpsertFamilyHolding (5 handlers)
[GIN-debug] DELETE /api/family/holdings      --> go-app/handlers.DeleteFamilyHolding (5 handlers)
[GIN-debug] PUT    /api/family/account       --> go-app/handlers.UpdateFamilyAccount (5 handlers)
[GIN-debug] GET    /api/family/cashflows     --> go-app/handlers.GetFamilyCashFlows (5 handlers)
[GIN-debug] POST   /api/family/cashflows     --> go-app/handlers.AddFamilyCashFlow (5 handlers)
[GIN-debug] DELETE /api/family/cashflows/:id --> go-app/handlers.DeleteFamilyCashFlow (5 handlers)
[GIN-debug] GET    /api/family/history       --> go-app/handlers.GetFamilyHistory (5 handlers)
[GIN-debug] GET    /api/family/broker        --> go-app/handlers.GetFamilyBrokerAccounts (5 handlers)
[GIN-debug] PUT    /api/family/broker        --> go-app/handlers.UpsertFamilyBrokerAccount (5 handlers)
[GIN-debug] DELETE /api/family/broker        --> go-app/handlers.DeleteFamilyBrokerAccount (5 handlers)
[GIN-debug] POST   /api/family/sync-broker   --> go-app/handlers.StartFamilyBrokerSync (5 handlers)
[GIN-debug] GET    /api/family/sync-broker/status --> go-app/handlers.GetFamilyBrokerJob (5 handlers)
[GIN-debug] POST   /api/family/sync-broker/captcha --> go-app/handlers.SubmitFamilyBrokerCaptcha (5 handlers)
[GIN-debug] [WARNING] You trusted all proxies, this is NOT safe. We recommend you to set a value.
Please check https://pkg.go.dev/github.com/gin-gonic/gin#readme-don-t-trust-all-proxies for details.
[GIN-debug] Listening and serving HTTP on :5000
[GIN] 2026/09/30 - 00:42:10 | 200 |   10.5392066s |       127.0.0.1 | POST     "/api/chat"
[GIN] 2026/09/30 - 13:43:35 | 204 |            0s |             ::1 | OPTIONS  "/api/CompanyNames"
[GIN] 2026/09/30 - 13:43:35 | 204 |            0s |             ::1 | OPTIONS  "/api/summary?limit=1000"
[GIN] 2026/09/30 - 13:43:35 | 204 |            0s |             ::1 | OPTIONS  "/api/summary?limit=1000"
[GIN] 2026/09/30 - 13:43:35 | 204 |            0s |             ::1 | OPTIONS  "/api/CompanyNames"
[GIN] 2026/09/30 - 13:43:35 | 200 |    449.8261ms |             ::1 | GET      "/api/CompanyNames"
[GIN] 2026/09/30 - 13:43:36 | 200 |        4.81ms |             ::1 | GET      "/api/CompanyNames"
[GIN] 2026/09/30 - 13:43:36 | 200 |    680.0394ms |             ::1 | GET      "/api/summary?limit=1000"
[GIN] 2026/09/30 - 13:43:36 | 204 |            0s |             ::1 | OPTIONS  "/api/SalesData2?companyName=%D8%A2%D8%B1%D8%AF%DB%8C%D9%86%D9%87"
[GIN] 2026/09/30 - 13:43:36 | 204 |            0s |             ::1 | OPTIONS  "/api/SalesData?companyName=%D8%A2%D8%B1%D8%AF%DB%8C%D9%86%D9%87"
[GIN] 2026/09/30 - 13:43:36 | 204 |            0s |             ::1 | OPTIONS  "/api/CompanyScores?companyName=%D8%A2%D8%B1%D8%AF%DB%8C%D9%86%D9%87"
[GIN] 2026/09/30 - 13:43:36 | 204 |            0s |             ::1 | OPTIONS  "/api/AllCompanyScores"
[GIN] 2026/09/30 - 13:43:36 | 204 |            0s |             ::1 | OPTIONS  "/api/StockPriceScore?companyName=%D8%A2%D8%B1%D8%AF%DB%8C%D9%86%D9%87"
[GIN] 2026/09/30 - 13:43:36 | 200 |     88.1865ms |             ::1 | GET      "/api/summary?limit=1000"
[GIN] 2026/09/30 - 13:43:36 | 200 |     67.7105ms |             ::1 | GET      "/api/AllCompanyScores"
[GIN] 2026/09/30 - 13:43:36 | 200 |    192.7505ms |             ::1 | GET      "/api/SalesData2?companyName=%D8%A2%D8%B1%D8%AF%DB%8C%D9%86%D9%87"
[GIN] 2026/09/30 - 13:43:36 | 200 |            0s |             ::1 | GET      "/api/StockPriceScore?companyName=%D8%A2%D8%B1%D8%AF%DB%8C%D9%86%D9%87"
[GIN] 2026/09/30 - 13:43:36 | 200 |    415.5306ms |             ::1 | GET      "/api/SalesData?companyName=%D8%A2%D8%B1%D8%AF%DB%8C%D9%86%D9%87"
[GIN] 2026/09/30 - 13:43:37 | 200 |     81.8233ms |             ::1 | GET      "/api/summary?limit=1000"
[GIN] 2026/09/30 - 13:43:38 | 200 |     76.1064ms |             ::1 | GET      "/api/summary?limit=1000"
[GIN] 2026/09/30 - 13:43:38 | 200 |     332.729ms |             ::1 | GET      "/api/CompanyNames"
[GIN] 2026/09/30 - 13:43:38 | 200 |      4.0038ms |             ::1 | GET      "/api/CompanyNames"
[GIN] 2026/09/30 - 13:43:38 | 200 |      14.322ms |             ::1 | GET      "/api/SalesData2?companyName=%D8%A2%D8%B1%D8%AF%DB%8C%D9%86%D9%87"
[GIN] 2026/09/30 - 13:43:38 | 200 |            0s |             ::1 | GET      "/api/StockPriceScore?companyName=%D8%A2%D8%B1%D8%AF%DB%8C%D9%86%D9%87"
[GIN] 2026/09/30 - 13:43:38 | 200 |     81.7184ms |             ::1 | GET      "/api/AllCompanyScores"
[GIN] 2026/09/30 - 13:43:38 | 200 |    436.6597ms |             ::1 | GET      "/api/SalesData?companyName=%D8%A2%D8%B1%D8%AF%DB%8C%D9%86%D9%87"
[GIN] 2026/09/30 - 13:43:49 | 200 |       5.495ms |             ::1 | GET      "/api/CompanyNames"
[GIN] 2026/09/30 - 13:43:51 | 503 |   15.0005798s |             ::1 | GET      "/api/CompanyScores?companyName=%D8%A2%D8%B1%D8%AF%DB%8C%D9%86%D9%87"
[GIN] 2026/09/30 - 13:43:53 | 503 |   15.0002317s |             ::1 | GET      "/api/CompanyScores?companyName=%D8%A2%D8%B1%D8%AF%DB%8C%D9%86%D9%87"
[GIN] 2026/09/30 - 13:43:53 | 204 |            0s |             ::1 | OPTIONS  "/api/price-history?companyName=%D8%A2%D8%B1%D8%AF%DB%8C%D9%86%D9%87&limit=180"
[GIN] 2026/09/30 - 13:43:53 | 204 |            0s |             ::1 | OPTIONS  "/api/price-history?companyName=%D8%A2%D8%B1%D8%AF%DB%8C%D9%86%D9%87&limit=180"
[GIN] 2026/09/30 - 13:43:53 | 200 |     13.3427ms |             ::1 | GET      "/api/price-history?companyName=%D8%A2%D8%B1%D8%AF%DB%8C%D9%86%D9%87&limit=180"
[GIN] 2026/09/30 - 13:43:53 | 200 |      4.7239ms |             ::1 | GET      "/api/price-history?companyName=%D8%A2%D8%B1%D8%AF%DB%8C%D9%86%D9%87&limit=180"
[GIN] 2026/09/30 - 13:44:13 | 200 |      5.5405ms |             ::1 | GET      "/api/CompanyNames"
[GIN] 2026/09/30 - 13:44:24 | 204 |            0s |             ::1 | OPTIONS  "/api/family/cashflows?limit=200"
[GIN] 2026/09/30 - 13:44:24 | 204 |            0s |             ::1 | OPTIONS  "/api/family/history"
[GIN] 2026/09/30 - 13:44:24 | 204 |            0s |             ::1 | OPTIONS  "/api/family/assets"
[GIN] 2026/09/30 - 13:44:24 | 204 |            0s |             ::1 | OPTIONS  "/api/family/assets"
[GIN] 2026/09/30 - 13:44:24 | 204 |            0s |             ::1 | OPTIONS  "/api/family/broker"
[GIN] 2026/09/30 - 13:44:24 | 204 |            0s |             ::1 | OPTIONS  "/api/family/history"
[GIN] 2026/09/30 - 13:44:24 | 204 |            0s |             ::1 | OPTIONS  "/api/family/cashflows?limit=200"
[GIN] 2026/09/30 - 13:44:24 | 200 |      4.4922ms |             ::1 | GET      "/api/CompanyNames"
[GIN] 2026/09/30 - 13:44:24 | 204 |            0s |             ::1 | OPTIONS  "/api/family/broker"
[GIN] 2026/09/30 - 13:44:25 | 200 |    595.2754ms |             ::1 | GET      "/api/family/cashflows?limit=200"
[GIN] 2026/09/30 - 13:44:25 | 200 |      2.3967ms |             ::1 | GET      "/api/family/cashflows?limit=200"
[GIN] 2026/09/30 - 13:44:25 | 200 |    762.2577ms |             ::1 | GET      "/api/family/broker"
[GIN] 2026/09/30 - 13:44:25 | 200 |    807.8824ms |             ::1 | GET      "/api/family/history"
[GIN] 2026/09/30 - 13:44:25 | 200 |         552µs |             ::1 | GET      "/api/family/broker"
[GIN] 2026/09/30 - 13:44:25 | 200 |     32.7118ms |             ::1 | GET      "/api/family/history"
[GIN] 2026/09/30 - 13:44:25 | 200 |    991.0585ms |             ::1 | GET      "/api/family/assets"
[GIN] 2026/09/30 - 13:44:26 | 200 |     10.3737ms |             ::1 | GET      "/api/family/assets"
[GIN] 2026/09/30 - 13:44:53 | 200 |      4.9683ms |             ::1 | GET      "/api/CompanyNames"
[GIN] 2026/09/30 - 13:44:53 | 200 |     77.5531ms |             ::1 | GET      "/api/summary?limit=1000"
[GIN] 2026/09/30 - 13:44:53 | 200 |       3.673ms |             ::1 | GET      "/api/CompanyNames"
[GIN] 2026/09/30 - 13:44:53 | 200 |      5.3296ms |             ::1 | GET      "/api/SalesData2?companyName=%D8%A2%D8%B1%D8%AF%DB%8C%D9%86%D9%87"
[GIN] 2026/09/30 - 13:44:53 | 200 |     72.6362ms |             ::1 | GET      "/api/summary?limit=1000"
[GIN] 2026/09/30 - 13:44:53 | 200 |            0s |             ::1 | GET      "/api/StockPriceScore?companyName=%D8%A2%D8%B1%D8%AF%DB%8C%D9%86%D9%87"
[GIN] 2026/09/30 - 13:44:53 | 200 |    103.2886ms |             ::1 | GET      "/api/AllCompanyScores"
[GIN] 2026/09/30 - 13:44:53 | 200 |    506.3998ms |             ::1 | GET      "/api/SalesData?companyName=%D8%A2%D8%B1%D8%AF%DB%8C%D9%86%D9%87"
[GIN] 2026/09/30 - 13:45:03 | 200 |   10.6348532s |             ::1 | GET      "/api/CompanyScores?companyName=%D8%A2%D8%B1%D8%AF%DB%8C%D9%86%D9%87"
[GIN] 2026/09/30 - 13:45:08 | 204 |            0s |             ::1 | OPTIONS  "/api/chat/stream"
[GIN] 2026/09/30 - 13:45:22 | 200 |    14.742839s |             ::1 | POST     "/api/chat/stream"
[GIN] 2026/09/30 - 13:45:51 | 200 |     18.2797ms |             ::1 | GET      "/api/family/assets"
[GIN] 2026/09/30 - 13:45:51 | 200 |      5.5596ms |             ::1 | GET      "/api/CompanyNames"
[GIN] 2026/09/30 - 13:45:51 | 200 |     33.7108ms |             ::1 | GET      "/api/family/history"
[GIN] 2026/09/30 - 13:45:51 | 200 |      6.5308ms |             ::1 | GET      "/api/family/assets"
[GIN] 2026/09/30 - 13:45:51 | 200 |     37.8706ms |             ::1 | GET      "/api/family/history"
[GIN] 2026/09/30 - 13:45:51 | 200 |    371.5328ms |             ::1 | GET      "/api/family/broker"
[GIN] 2026/09/30 - 13:45:51 | 200 |    429.5679ms |             ::1 | GET      "/api/family/cashflows?limit=200"
[GIN] 2026/09/30 - 13:45:51 | 200 |      3.3131ms |             ::1 | GET      "/api/family/broker"
[GIN] 2026/09/30 - 13:45:51 | 200 |      2.1115ms |             ::1 | GET      "/api/family/cashflows?limit=200"
[GIN] 2026/09/30 - 18:18:59 | 200 |    492.5357ms |             ::1 | GET      "/api/SalesData?companyName=%D8%AF%D9%84%D9%82%D9%85%D8%A7"
[GIN] 2026/09/30 - 18:18:59 | 200 |     12.1638ms |             ::1 | GET      "/api/SalesData?companyName=%D8%AF%D9%84%D9%82%D9%85%D8%A7"
[GIN] 2026/09/30 - 18:19:48 | 200 |     12.0178ms |             ::1 | GET      "/api/SalesData?companyName=%D8%BA%DA%A9%D9%88%D8%B1%D8%B4"
[GIN] 2026/09/30 - 18:19:48 | 200 |      8.5385ms |             ::1 | GET      "/api/SalesData?companyName=%D8%AD%D8%AA%D8%A7%DB%8C%D8%AF"
[GIN] 2026/09/30 - 18:19:48 | 200 |      9.3984ms |             ::1 | GET      "/api/SalesData?companyName=%D8%A8%D9%86%D9%88"
[GIN] 2026/09/30 - 18:19:48 | 200 |      9.4577ms |             ::1 | GET      "/api/SalesData?companyName=%D8%AD%D9%81%D8%A7%D8%B1%D8%B3"
[GIN] 2026/09/30 - 18:19:48 | 200 |      4.7385ms |             ::1 | GET      "/api/SalesData?companyName=%DA%A9%D8%B1%D9%88%DB%8C"
[GIN] 2026/09/30 - 18:19:48 | 200 |      3.0647ms |             ::1 | GET      "/api/SalesData?companyName=%D8%AD%D8%B1%DB%8C%D9%84"
[GIN] 2026/09/30 - 18:19:48 | 200 |      3.4378ms |             ::1 | GET      "/api/SalesData?companyName=%D9%87%D8%AC%D8%B1%D8%AA"
[GIN] 2026/09/30 - 18:19:48 | 200 |      6.0706ms |             ::1 | GET      "/api/SalesData?companyName=%D8%AF%D8%A7%D9%86%D8%A7"
[GIN] 2026/09/30 - 18:19:48 | 200 |      4.6074ms |             ::1 | GET      "/api/SalesData?companyName=%D8%AD%D8%B3%DB%8C%D9%86%D8%A7"
[GIN] 2026/09/30 - 18:19:48 | 200 |      4.5786ms |             ::1 | GET      "/api/SalesData?companyName=%D8%AD%D8%B3%DB%8C%D8%B1"
[GIN] 2026/09/30 - 18:19:48 | 200 |      5.2016ms |             ::1 | GET      "/api/SalesData?companyName=%D8%AD%D9%81%D8%A7%D8%B1%DB%8C"
[GIN] 2026/09/30 - 18:19:48 | 200 |      6.9792ms |             ::1 | GET      "/api/SalesData?companyName=%D9%BE%DB%8C%D8%B2%D8%AF"
[GIN] 2026/09/30 - 18:19:48 | 200 |      5.3315ms |             ::1 | GET      "/api/SalesData?companyName=%D9%82%D8%A7%D8%B3%D9%85"
[GIN] 2026/09/30 - 18:19:48 | 200 |      3.6698ms |             ::1 | GET      "/api/SalesData?companyName=%D9%82%D8%B1%D9%86"
[GIN] 2026/09/30 - 18:19:48 | 200 |      4.7412ms |             ::1 | GET      "/api/SalesData?companyName=%DA%A9%D8%A7%D9%84%D8%A7"
[GIN] 2026/09/30 - 18:19:48 | 200 |      3.5037ms |             ::1 | GET      "/api/SalesData?companyName=%D8%AE%D8%A8%D9%87%D9%85%D9%86"
[GIN] 2026/09/30 - 18:19:48 | 200 |      5.1624ms |             ::1 | GET      "/api/SalesData?companyName=%D8%B1%D8%A7%D9%86%D9%81%D9%88%D8%B1"
[GIN] 2026/09/30 - 18:19:48 | 200 |      5.4003ms |             ::1 | GET      "/api/SalesData?companyName=%D8%A8%D9%BE%DB%8C%D9%88%D9%86%D8%AF"
[GIN] 2026/09/30 - 18:19:48 | 200 |      5.0125ms |             ::1 | GET      "/api/SalesData?companyName=%D8%AF%D8%AA%D9%88%D8%B2%DB%8C%D8%B9"
[GIN] 2026/09/30 - 18:19:48 | 200 |      2.7896ms |             ::1 | GET      "/api/SalesData?companyName=%D9%81%D8%A8%D8%A7%D9%87%D9%86%D8%B1"
[GIN] 2026/09/30 - 18:19:48 | 200 |      3.4957ms |             ::1 | GET      "/api/SalesData?companyName=%D8%BA%D8%AF%DB%8C%D8%B3"
[GIN] 2026/09/30 - 18:19:48 | 200 |      3.2856ms |             ::1 | GET      "/api/SalesData?companyName=%D8%AF%D8%A7%D9%84%D8%A8%D8%B1"
[GIN] 2026/09/30 - 18:19:48 | 200 |      3.2887ms |             ::1 | GET      "/api/SalesData?companyName=%D8%AA%DA%A9%D9%85%D8%A8%D8%A7"
[GIN] 2026/09/30 - 18:19:48 | 200 |      2.6482ms |             ::1 | GET      "/api/SalesData?companyName=%D9%86%D9%88%D8%B1%DB%8C"
[GIN] 2026/09/30 - 18:19:48 | 200 |       3.031ms |             ::1 | GET      "/api/SalesData?companyName=%D8%B4%D9%BE%D8%A7%D8%B1%D8%B3"
[GIN] 2026/09/30 - 18:19:48 | 200 |      3.4054ms |             ::1 | GET      "/api/SalesData?companyName=%D8%BA%D8%A8%D9%87%D9%86%D9%88%D8%B4"
[GIN] 2026/09/30 - 18:19:48 | 200 |      3.8469ms |             ::1 | GET      "/api/SalesData?companyName=%D8%B3%DB%8C%D9%85%D8%B1%D8%BA3"
[GIN] 2026/09/30 - 18:19:48 | 200 |      4.3111ms |             ::1 | GET      "/api/SalesData?companyName=%D8%A8%D9%BE%DB%8C%D9%88%D9%86%D8%AF"
[GIN] 2026/09/30 - 18:19:48 | 200 |      3.0005ms |             ::1 | GET      "/api/SalesData?companyName=%DA%A9%D8%A7%D8%B3%D9%BE%DB%8C%D9%86"
[GIN] 2026/09/30 - 18:19:48 | 200 |      4.7539ms |             ::1 | GET      "/api/SalesData?companyName=%D9%81%D9%88%D9%84%D8%A7%D8%AF"
[GIN] 2026/09/30 - 18:19:49 | 200 |      4.1455ms |             ::1 | GET      "/api/SalesData?companyName=%D8%AE%D9%88%D8%AF%D8%B1%D9%88"
[GIN] 2026/09/30 - 18:19:49 | 200 |      3.5508ms |             ::1 | GET      "/api/SalesData?companyName=%D9%81%D9%85%D9%84%DB%8C"
[GIN] 2026/09/30 - 18:19:49 | 200 |      3.2015ms |             ::1 | GET      "/api/SalesData?companyName=%D8%B4%D8%A8%D9%86%D8%AF%D8%B1"
