canonical_company_id,legacy_company_id,metric,canonical,oracle,classification
5e1cc3fa-9f64-4367-8c67-47569ef161c0,959eac0c9aaf26d5f523b9008fb87bdf,SalesLast12M,39825153000000.0,39825153.0,CANONICAL_UNIT_FIX
5e1cc3fa-9f64-4367-8c67-47569ef161c0,959eac0c9aaf26d5f523b9008fb87bdf,SalesGrowth12M,121.63086073638371,121.63086073638371,SAME
5e1cc3fa-9f64-4367-8c67-47569ef161c0,959eac0c9aaf26d5f523b9008fb87bdf,TTMNetProfit,6862599000000.0,6862599.0,CANONICAL_UNIT_FIX
5e1cc3fa-9f64-4367-8c67-47569ef161c0,959eac0c9aaf26d5f523b9008fb87bdf,NetProfitMargin12M,18.842635443302814,18.842635443302814,SAME
5e1cc3fa-9f64-4367-8c67-47569ef161c0,959eac0c9aaf26d5f523b9008fb87bdf,OperatingMargin12M,11.370922327178116,11.370922327178116,SAME
5e1cc3fa-9f64-4367-8c67-47569ef161c0,959eac0c9aaf26d5f523b9008fb87bdf,ROE,48.196954249266625,48.196954249266625,SAME
5e1cc3fa-9f64-4367-8c67-47569ef161c0,959eac0c9aaf26d5f523b9008fb87bdf,PEApprox,6.428571428571429,10.39869388289163,FORMULA_CHANGE
5e1cc3fa-9f64-4367-8c67-47569ef161c0,959eac0c9aaf26d5f523b9008fb87bdf,SalesGrowthRank,0.8388888888888889,0.8315217391304348,SAME
5e1cc3fa-9f64-4367-8c67-47569ef161c0,959eac0c9aaf26d5f523b9008fb87bdf,NetProfitGrowthRank,0.3,0.7644787644787645,FORMULA_CHANGE
5e1cc3fa-9f64-4367-8c67-47569ef161c0,959eac0c9aaf26d5f523b9008fb87bdf,OperatingMarginRank,0.12,0.17482517482517482,FORMULA_CHANGE
5e1cc3fa-9f64-4367-8c67-47569ef161c0,959eac0c9aaf26d5f523b9008fb87bdf,PERank,0.736842105263158,0.39636363636363636,FORMULA_CHANGE
f7aadfae-4289-4049-ae62-fa60e55cadfd,eccaf93842ab5f9e3d79fae98027bde1,SalesLast12M,10689553000000.0,10689553.0,CANONICAL_UNIT_FIX
f7aadfae-4289-4049-ae62-fa60e55cadfd,eccaf93842ab5f9e3d79fae98027bde1,SalesGrowth12M,14.565875775388335,14.565875775388335,SAME
f7aadfae-4289-4049-ae62-fa60e55cadfd,eccaf93842ab5f9e3d79fae98027bde1,TTMNetProfit,,1262480000.0,LEGACY_HEURISTIC_REMOVED
f7aadfae-4289-4049-ae62-fa60e55cadfd,eccaf93842ab5f9e3d79fae98027bde1,NetProfitMargin12M,,,SAME
f7aadfae-4289-4049-ae62-fa60e55cadfd,eccaf93842ab5f9e3d79fae98027bde1,OperatingMargin12M,,,SAME
f7aadfae-4289-4049-ae62-fa60e55cadfd,eccaf93842ab5f9e3d79fae98027bde1,ROE,,,SAME
f7aadfae-4289-4049-ae62-fa60e55cadfd,eccaf93842ab5f9e3d79fae98027bde1,PEApprox,16.743869209809265,16.743869209809265,SAME
f7aadfae-4289-4049-ae62-fa60e55cadfd,eccaf93842ab5f9e3d79fae98027bde1,SalesGrowthRank,0.08333333333333333,0.08695652173913043,SAME
f7aadfae-4289-4049-ae62-fa60e55cadfd,eccaf93842ab5f9e3d79fae98027bde1,NetProfitGrowthRank,0.3,0.04247104247104247,FORMULA_CHANGE
f7aadfae-4289-4049-ae62-fa60e55cadfd,eccaf93842ab5f9e3d79fae98027bde1,OperatingMarginRank,0.3,0.3,SAME
f7aadfae-4289-4049-ae62-fa60e55cadfd,eccaf93842ab5f9e3d79fae98027bde1,PERank,0.22180451127819545,0.29454545454545455,FORMULA_CHANGE
d747ca7e-87f0-4258-9ffe-dc2ef9cbcf04,0859d2221e900c47ebd6555e399b010c,SalesLast12M,,,SAME
d747ca7e-87f0-4258-9ffe-dc2ef9cbcf04,0859d2221e900c47ebd6555e399b010c,SalesGrowth12M,,,SAME
d747ca7e-87f0-4258-9ffe-dc2ef9cbcf04,0859d2221e900c47ebd6555e399b010c,TTMNetProfit,,3709000000.0,LEGACY_HEURISTIC_REMOVED
d747ca7e-87f0-4258-9ffe-dc2ef9cbcf04,0859d2221e900c47ebd6555e399b010c,NetProfitMargin12M,,,SAME
d747ca7e-87f0-4258-9ffe-dc2ef9cbcf04,0859d2221e900c47ebd6555e399b010c,OperatingMargin12M,,59.90781667783217,MISSING_CANONICAL_DATA
d747ca7e-87f0-4258-9ffe-dc2ef9cbcf04,0859d2221e900c47ebd6555e399b010c,ROE,,,SAME
d747ca7e-87f0-4258-9ffe-dc2ef9cbcf04,0859d2221e900c47ebd6555e399b010c,PEApprox,2.555892906431134,2.4966298193583176,FORMULA_CHANGE
d747ca7e-87f0-4258-9ffe-dc2ef9cbcf04,0859d2221e900c47ebd6555e399b010c,SalesGrowthRank,0.3,0.3,SAME
d747ca7e-87f0-4258-9ffe-dc2ef9cbcf04,0859d2221e900c47ebd6555e399b010c,NetProfitGrowthRank,0.3,0.61003861003861,FORMULA_CHANGE
d747ca7e-87f0-4258-9ffe-dc2ef9cbcf04,0859d2221e900c47ebd6555e399b010c,OperatingMarginRank,0.3,0.8601398601398601,FORMULA_CHANGE
d747ca7e-87f0-4258-9ffe-dc2ef9cbcf04,0859d2221e900c47ebd6555e399b010c,PERank,0.9774436090225564,0.9818181818181818,SAME
bc8b177b-acb6-4e2e-9af9-aab8da6dcd37,b694bdef08321e4aa9a9324af55183a3,SalesLast12M,51911546000000.0,51911546.0,CANONICAL_UNIT_FIX
bc8b177b-acb6-4e2e-9af9-aab8da6dcd37,b694bdef08321e4aa9a9324af55183a3,SalesGrowth12M,72.28584446937923,72.28584446937923,SAME
bc8b177b-acb6-4e2e-9af9-aab8da6dcd37,b694bdef08321e4aa9a9324af55183a3,TTMNetProfit,22292811000000.0,22292811.0,CANONICAL_UNIT_FIX
bc8b177b-acb6-4e2e-9af9-aab8da6dcd37,b694bdef08321e4aa9a9324af55183a3,NetProfitMargin12M,46.09356848358359,46.09356848358359,SAME
bc8b177b-acb6-4e2e-9af9-aab8da6dcd37,b694bdef08321e4aa9a9324af55183a3,OperatingMargin12M,55.55373901655262,55.55373901655262,SAME
bc8b177b-acb6-4e2e-9af9-aab8da6dcd37,b694bdef08321e4aa9a9324af55183a3,ROE,99.62222510112571,99.62222510112571,SAME
bc8b177b-acb6-4e2e-9af9-aab8da6dcd37,b694bdef08321e4aa9a9324af55183a3,PEApprox,9.197976100764345,9.197494142117163,SAME
bc8b177b-acb6-4e2e-9af9-aab8da6dcd37,b694bdef08321e4aa9a9324af55183a3,SalesGrowthRank,0.4777777777777778,0.4782608695652174,SAME
bc8b177b-acb6-4e2e-9af9-aab8da6dcd37,b694bdef08321e4aa9a9324af55183a3,NetProfitGrowthRank,0.3,0.42857142857142855,FORMULA_CHANGE
bc8b177b-acb6-4e2e-9af9-aab8da6dcd37,b694bdef08321e4aa9a9324af55183a3,OperatingMarginRank,0.79,0.8181818181818182,FORMULA_CHANGE
bc8b177b-acb6-4e2e-9af9-aab8da6dcd37,b694bdef08321e4aa9a9324af55183a3,PERank,0.40977443609022557,0.4545454545454546,FORMULA_CHANGE
436e8450-0253-4347-bbe2-be8ff48da73e,30098073127320ec11c2c84dc7dd7dd5,SalesLast12M,90560377000000.0,90560377.0,CANONICAL_UNIT_FIX
436e8450-0253-4347-bbe2-be8ff48da73e,30098073127320ec11c2c84dc7dd7dd5,SalesGrowth12M,97.72626009300912,97.72626009300912,SAME
436e8450-0253-4347-bbe2-be8ff48da73e,30098073127320ec11c2c84dc7dd7dd5,TTMNetProfit,,8465300000.0,LEGACY_HEURISTIC_REMOVED
436e8450-0253-4347-bbe2-be8ff48da73e,30098073127320ec11c2c84dc7dd7dd5,NetProfitMargin12M,,,SAME
436e8450-0253-4347-bbe2-be8ff48da73e,30098073127320ec11c2c84dc7dd7dd5,OperatingMargin12M,,22.900985547671553,MISSING_CANONICAL_DATA
436e8450-0253-4347-bbe2-be8ff48da73e,30098073127320ec11c2c84dc7dd7dd5,ROE,,,SAME
436e8450-0253-4347-bbe2-be8ff48da73e,30098073127320ec11c2c84dc7dd7dd5,PEApprox,4.38135593220339,5.435483680436606,FORMULA_CHANGE
436e8450-0253-4347-bbe2-be8ff48da73e,30098073127320ec11c2c84dc7dd7dd5,SalesGrowthRank,0.6777777777777778,0.6739130434782609,SAME
436e8450-0253-4347-bbe2-be8ff48da73e,30098073127320ec11c2c84dc7dd7dd5,NetProfitGrowthRank,0.3,0.918918918918919,FORMULA_CHANGE
436e8450-0253-4347-bbe2-be8ff48da73e,30098073127320ec11c2c84dc7dd7dd5,OperatingMarginRank,0.3,0.3916083916083916,FORMULA_CHANGE
436e8450-0253-4347-bbe2-be8ff48da73e,30098073127320ec11c2c84dc7dd7dd5,PERank,0.8947368421052632,0.8436363636363636,FORMULA_CHANGE
390a7edf-ac22-43e7-b261-25e686bbf9dd,caeb12747085d21bf8331e09cbac141e,SalesLast12M,56019123000000.0,56019123.0,CANONICAL_UNIT_FIX
390a7edf-ac22-43e7-b261-25e686bbf9dd,caeb12747085d21bf8331e09cbac141e,SalesGrowth12M,80.56816039035824,80.56816039035824,SAME
390a7edf-ac22-43e7-b261-25e686bbf9dd,caeb12747085d21bf8331e09cbac141e,TTMNetProfit,,23270543016.0,LEGACY_HEURISTIC_REMOVED
390a7edf-ac22-43e7-b261-25e686bbf9dd,caeb12747085d21bf8331e09cbac141e,NetProfitMargin12M,,,SAME
390a7edf-ac22-43e7-b261-25e686bbf9dd,caeb12747085d21bf8331e09cbac141e,OperatingMargin12M,,52.54416516995807,MISSING_CANONICAL_DATA
390a7edf-ac22-43e7-b261-25e686bbf9dd,caeb12747085d21bf8331e09cbac141e,ROE,,,SAME
390a7edf-ac22-43e7-b261-25e686bbf9dd,caeb12747085d21bf8331e09cbac141e,PEApprox,7.71039603960396,7.71039603960396,SAME
390a7edf-ac22-43e7-b261-25e686bbf9dd,caeb12747085d21bf8331e09cbac141e,SalesGrowthRank,0.5388888888888889,0.5380434782608695,SAME
390a7edf-ac22-43e7-b261-25e686bbf9dd,caeb12747085d21bf8331e09cbac141e,NetProfitGrowthRank,0.3,0.5791505791505791,FORMULA_CHANGE
390a7edf-ac22-43e7-b261-25e686bbf9dd,caeb12747085d21bf8331e09cbac141e,OperatingMarginRank,0.3,0.7972027972027972,FORMULA_CHANGE
390a7edf-ac22-43e7-b261-25e686bbf9dd,caeb12747085d21bf8331e09cbac141e,PERank,0.5676691729323309,0.6145454545454545,FORMULA_CHANGE
d902203f-0213-4f12-b051-1700f7b33c2c,6a68f93c59cc3f3e981255fe2b2eedc1,SalesLast12M,26726015000000.0,26726015.0,CANONICAL_UNIT_FIX
d902203f-0213-4f12-b051-1700f7b33c2c,6a68f93c59cc3f3e981255fe2b2eedc1,SalesGrowth12M,63.87049933506973,63.87049933506973,SAME
d902203f-0213-4f12-b051-1700f7b33c2c,6a68f93c59cc3f3e981255fe2b2eedc1,TTMNetProfit,10889712000000.0,10889712.0,CANONICAL_UNIT_FIX
d902203f-0213-4f12-b051-1700f7b33c2c,6a68f93c59cc3f3e981255fe2b2eedc1,NetProfitMargin12M,43.39713292387248,43.39713292387248,SAME
d902203f-0213-4f12-b051-1700f7b33c2c,6a68f93c59cc3f3e981255fe2b2eedc1,OperatingMargin12M,38.90411968839317,38.90411968839317,SAME
d902203f-0213-4f12-b051-1700f7b33c2c,6a68f93c59cc3f3e981255fe2b2eedc1,ROE,29.403884866246454,29.403884866246454,SAME
d902203f-0213-4f12-b051-1700f7b33c2c,6a68f93c59cc3f3e981255fe2b2eedc1,PEApprox,7.9963235294117645,8.015788986566726,FORMULA_CHANGE
d902203f-0213-4f12-b051-1700f7b33c2c,6a68f93c59cc3f3e981255fe2b2eedc1,SalesGrowthRank,0.4166666666666667,0.41304347826086957,SAME
d902203f-0213-4f12-b051-1700f7b33c2c,6a68f93c59cc3f3e981255fe2b2eedc1,NetProfitGrowthRank,0.3,0.1969111969111969,FORMULA_CHANGE
d902203f-0213-4f12-b051-1700f7b33c2c,6a68f93c59cc3f3e981255fe2b2eedc1,OperatingMarginRank,0.61,0.6503496503496503,FORMULA_CHANGE
d902203f-0213-4f12-b051-1700f7b33c2c,6a68f93c59cc3f3e981255fe2b2eedc1,PERank,0.5563909774436091,0.5963636363636364,FORMULA_CHANGE
ae6670e0-aa42-419d-8a8a-9168096df1ea,358139e1070f075fd27c39f77c4047e4,SalesLast12M,15447973000000.0,15447973.0,CANONICAL_UNIT_FIX
ae6670e0-aa42-419d-8a8a-9168096df1ea,358139e1070f075fd27c39f77c4047e4,SalesGrowth12M,95.48942295086282,95.48942295086282,SAME
ae6670e0-aa42-419d-8a8a-9168096df1ea,358139e1070f075fd27c39f77c4047e4,TTMNetProfit,,3402750000.0,LEGACY_HEURISTIC_REMOVED
ae6670e0-aa42-419d-8a8a-9168096df1ea,358139e1070f075fd27c39f77c4047e4,NetProfitMargin12M,,,SAME
ae6670e0-aa42-419d-8a8a-9168096df1ea,358139e1070f075fd27c39f77c4047e4,OperatingMargin12M,,45.77277356453593,MISSING_CANONICAL_DATA
ae6670e0-aa42-419d-8a8a-9168096df1ea,358139e1070f075fd27c39f77c4047e4,ROE,,,SAME
ae6670e0-aa42-419d-8a8a-9168096df1ea,358139e1070f075fd27c39f77c4047e4,PEApprox,14.639987142397942,20.077143486885607,FORMULA_CHANGE
ae6670e0-aa42-419d-8a8a-9168096df1ea,358139e1070f075fd27c39f77c4047e4,SalesGrowthRank,0.6611111111111111,0.657608695652174,SAME
ae6670e0-aa42-419d-8a8a-9168096df1ea,358139e1070f075fd27c39f77c4047e4,NetProfitGrowthRank,0.3,0.7297297297297297,FORMULA_CHANGE
ae6670e0-aa42-419d-8a8a-9168096df1ea,358139e1070f075fd27c39f77c4047e4,OperatingMarginRank,0.3,0.7062937062937062,FORMULA_CHANGE
ae6670e0-aa42-419d-8a8a-9168096df1ea,358139e1070f075fd27c39f77c4047e4,PERank,0.24812030075187974,0.2581818181818182,FORMULA_CHANGE
672f86bf-cbf2-4bf6-9597-521d11f9e20a,7083cfdfe2c268113f647360403b3778,SalesLast12M,616626029000000.0,616626029.0,CANONICAL_UNIT_FIX
672f86bf-cbf2-4bf6-9597-521d11f9e20a,7083cfdfe2c268113f647360403b3778,SalesGrowth12M,70.40868329514011,70.40868329514011,SAME
672f86bf-cbf2-4bf6-9597-521d11f9e20a,7083cfdfe2c268113f647360403b3778,TTMNetProfit,,19179120000.0,LEGACY_HEURISTIC_REMOVED
672f86bf-cbf2-4bf6-9597-521d11f9e20a,7083cfdfe2c268113f647360403b3778,NetProfitMargin12M,,,SAME
672f86bf-cbf2-4bf6-9597-521d11f9e20a,7083cfdfe2c268113f647360403b3778,OperatingMargin12M,,,SAME
672f86bf-cbf2-4bf6-9597-521d11f9e20a,7083cfdfe2c268113f647360403b3778,ROE,,,SAME
672f86bf-cbf2-4bf6-9597-521d11f9e20a,7083cfdfe2c268113f647360403b3778,PEApprox,6.7234468937875755,6.9971927804821075,FORMULA_CHANGE
672f86bf-cbf2-4bf6-9597-521d11f9e20a,7083cfdfe2c268113f647360403b3778,SalesGrowthRank,0.45555555555555555,0.45652173913043476,SAME
672f86bf-cbf2-4bf6-9597-521d11f9e20a,7083cfdfe2c268113f647360403b3778,NetProfitGrowthRank,0.3,0.33976833976833976,FORMULA_CHANGE
672f86bf-cbf2-4bf6-9597-521d11f9e20a,7083cfdfe2c268113f647360403b3778,OperatingMarginRank,0.3,0.3,SAME
672f86bf-cbf2-4bf6-9597-521d11f9e20a,7083cfdfe2c268113f647360403b3778,PERank,0.7067669172932332,0.7054545454545454,SAME
a225648b-76a1-4ae3-8b6e-e7ccfa259d30,72d8be1259190fb1b5c8726381e27f71,SalesLast12M,123329744000000.0,123329744.0,CANONICAL_UNIT_FIX
a225648b-76a1-4ae3-8b6e-e7ccfa259d30,72d8be1259190fb1b5c8726381e27f71,SalesGrowth12M,196.25753151601273,196.25753151601273,SAME
a225648b-76a1-4ae3-8b6e-e7ccfa259d30,72d8be1259190fb1b5c8726381e27f71,TTMNetProfit,19926553000000.0,19926553.0,CANONICAL_UNIT_FIX
a225648b-76a1-4ae3-8b6e-e7ccfa259d30,72d8be1259190fb1b5c8726381e27f71,NetProfitMargin12M,20.22810119345023,20.22810119345023,SAME
a225648b-76a1-4ae3-8b6e-e7ccfa259d30,72d8be1259190fb1b5c8726381e27f71,OperatingMargin12M,17.540803600181306,17.540803600181306,SAME
a225648b-76a1-4ae3-8b6e-e7ccfa259d30,72d8be1259190fb1b5c8726381e27f71,ROE,35.61526486585495,35.61526486585495,SAME
a225648b-76a1-4ae3-8b6e-e7ccfa259d30,72d8be1259190fb1b5c8726381e27f71,PEApprox,4.17067950775816,4.1704559756807935,SAME
a225648b-76a1-4ae3-8b6e-e7ccfa259d30,72d8be1259190fb1b5c8726381e27f71,SalesGrowthRank,0.9583333333333334,0.9538043478260869,SAME
a225648b-76a1-4ae3-8b6e-e7ccfa259d30,72d8be1259190fb1b5c8726381e27f71,NetProfitGrowthRank,0.3,0.918918918918919,FORMULA_CHANGE
a225648b-76a1-4ae3-8b6e-e7ccfa259d30,72d8be1259190fb1b5c8726381e27f71,OperatingMarginRank,0.24,0.2867132867132867,FORMULA_CHANGE
a225648b-76a1-4ae3-8b6e-e7ccfa259d30,72d8be1259190fb1b5c8726381e27f71,PERank,0.924812030075188,0.9236363636363636,SAME
ccc92064-f5c8-4f9f-aa09-33d100f530a1,32cddf0dc9b06053a765b4c371dfe764,SalesLast12M,58031895000000.0,58031895.0,CANONICAL_UNIT_FIX
ccc92064-f5c8-4f9f-aa09-33d100f530a1,32cddf0dc9b06053a765b4c371dfe764,SalesGrowth12M,41.8598175472933,41.8598175472933,SAME
ccc92064-f5c8-4f9f-aa09-33d100f530a1,32cddf0dc9b06053a765b4c371dfe764,TTMNetProfit,34014376000000.0,34014376.0,CANONICAL_UNIT_FIX
ccc92064-f5c8-4f9f-aa09-33d100f530a1,32cddf0dc9b06053a765b4c371dfe764,NetProfitMargin12M,62.31320534383231,62.31320534383231,SAME
ccc92064-f5c8-4f9f-aa09-33d100f530a1,32cddf0dc9b06053a765b4c371dfe764,OperatingMargin12M,60.173834590697595,60.173834590697595,SAME
ccc92064-f5c8-4f9f-aa09-33d100f530a1,32cddf0dc9b06053a765b4c371dfe764,ROE,224.80001750055467,224.80001750055467,SAME
ccc92064-f5c8-4f9f-aa09-33d100f530a1,32cddf0dc9b06053a765b4c371dfe764,PEApprox,5.3651122178384325,5.365077552994768,SAME
ccc92064-f5c8-4f9f-aa09-33d100f530a1,32cddf0dc9b06053a765b4c371dfe764,SalesGrowthRank,0.2388888888888889,0.2391304347826087,SAME
ccc92064-f5c8-4f9f-aa09-33d100f530a1,32cddf0dc9b06053a765b4c371dfe764,NetProfitGrowthRank,0.3,0.416988416988417,FORMULA_CHANGE
ccc92064-f5c8-4f9f-aa09-33d100f530a1,32cddf0dc9b06053a765b4c371dfe764,OperatingMarginRank,0.85,0.8741258741258742,FORMULA_CHANGE
ccc92064-f5c8-4f9f-aa09-33d100f530a1,32cddf0dc9b06053a765b4c371dfe764,PERank,0.8383458646616542,0.850909090909091,FORMULA_CHANGE
1fc6970b-c1ec-4b4d-bb3b-8dce55332e18,d481c7823a747032cbe08b189a6f03c0,SalesLast12M,451865070000000.0,451865070.0,CANONICAL_UNIT_FIX
1fc6970b-c1ec-4b4d-bb3b-8dce55332e18,d481c7823a747032cbe08b189a6f03c0,SalesGrowth12M,37.68754003538883,37.68754003538883,SAME
1fc6970b-c1ec-4b4d-bb3b-8dce55332e18,d481c7823a747032cbe08b189a6f03c0,TTMNetProfit,23101877000000.0,23101877.0,CANONICAL_UNIT_FIX
1fc6970b-c1ec-4b4d-bb3b-8dce55332e18,d481c7823a747032cbe08b189a6f03c0,NetProfitMargin12M,41.2146188756752,41.2146188756752,SAME
1fc6970b-c1ec-4b4d-bb3b-8dce55332e18,d481c7823a747032cbe08b189a6f03c0,OperatingMargin12M,52.827810321400094,52.827810321400094,SAME
1fc6970b-c1ec-4b4d-bb3b-8dce55332e18,d481c7823a747032cbe08b189a6f03c0,ROE,65.4929850379966,65.4929850379966,SAME
1fc6970b-c1ec-4b4d-bb3b-8dce55332e18,d481c7823a747032cbe08b189a6f03c0,PEApprox,55.666666666666664,55.67419189935663,SAME
1fc6970b-c1ec-4b4d-bb3b-8dce55332e18,d481c7823a747032cbe08b189a6f03c0,SalesGrowthRank,0.20555555555555555,0.20652173913043478,SAME
1fc6970b-c1ec-4b4d-bb3b-8dce55332e18,d481c7823a747032cbe08b189a6f03c0,NetProfitGrowthRank,0.3,0.3166023166023166,FORMULA_CHANGE
1fc6970b-c1ec-4b4d-bb3b-8dce55332e18,d481c7823a747032cbe08b189a6f03c0,OperatingMarginRank,0.77,0.8041958041958042,FORMULA_CHANGE
1fc6970b-c1ec-4b4d-bb3b-8dce55332e18,d481c7823a747032cbe08b189a6f03c0,PERank,0.09774436090225569,0.1527272727272727,FORMULA_CHANGE
a2713fb9-4917-493b-bf50-5679d944796d,8b5fc1bfef84c4c6f8b652747c0c50f7,SalesLast12M,,,SAME
a2713fb9-4917-493b-bf50-5679d944796d,8b5fc1bfef84c4c6f8b652747c0c50f7,SalesGrowth12M,,,SAME
a2713fb9-4917-493b-bf50-5679d944796d,8b5fc1bfef84c4c6f8b652747c0c50f7,TTMNetProfit,,4836931552.0,LEGACY_HEURISTIC_REMOVED
a2713fb9-4917-493b-bf50-5679d944796d,8b5fc1bfef84c4c6f8b652747c0c50f7,NetProfitMargin12M,,,SAME
a2713fb9-4917-493b-bf50-5679d944796d,8b5fc1bfef84c4c6f8b652747c0c50f7,OperatingMargin12M,,,SAME
a2713fb9-4917-493b-bf50-5679d944796d,8b5fc1bfef84c4c6f8b652747c0c50f7,ROE,,,SAME
a2713fb9-4917-493b-bf50-5679d944796d,8b5fc1bfef84c4c6f8b652747c0c50f7,PEApprox,8.125,8.125,SAME
a2713fb9-4917-493b-bf50-5679d944796d,8b5fc1bfef84c4c6f8b652747c0c50f7,SalesGrowthRank,0.3,0.3,SAME
a2713fb9-4917-493b-bf50-5679d944796d,8b5fc1bfef84c4c6f8b652747c0c50f7,NetProfitGrowthRank,0.3,0.3204633204633205,FORMULA_CHANGE
a2713fb9-4917-493b-bf50-5679d944796d,8b5fc1bfef84c4c6f8b652747c0c50f7,OperatingMarginRank,0.3,0.3,SAME
a2713fb9-4917-493b-bf50-5679d944796d,8b5fc1bfef84c4c6f8b652747c0c50f7,PERank,0.5451127819548872,0.5890909090909091,FORMULA_CHANGE
a53af603-e764-4e39-a8d2-0ad69c5faf24,58a5a4af2867c8c00cd83c908b224228,SalesLast12M,,,SAME
a53af603-e764-4e39-a8d2-0ad69c5faf24,58a5a4af2867c8c00cd83c908b224228,SalesGrowth12M,,,SAME
a53af603-e764-4e39-a8d2-0ad69c5faf24,58a5a4af2867c8c00cd83c908b224228,TTMNetProfit,,2642976238.0,LEGACY_HEURISTIC_REMOVED
a53af603-e764-4e39-a8d2-0ad69c5faf24,58a5a4af2867c8c00cd83c908b224228,NetProfitMargin12M,,,SAME
a53af603-e764-4e39-a8d2-0ad69c5faf24,58a5a4af2867c8c00cd83c908b224228,OperatingMargin12M,,,SAME
a53af603-e764-4e39-a8d2-0ad69c5faf24,58a5a4af2867c8c00cd83c908b224228,ROE,,,SAME
a53af603-e764-4e39-a8d2-0ad69c5faf24,58a5a4af2867c8c00cd83c908b224228,PEApprox,-61.940298507462686,,FORMULA_CHANGE
a53af603-e764-4e39-a8d2-0ad69c5faf24,58a5a4af2867c8c00cd83c908b224228,SalesGrowthRank,0.3,0.3,SAME
a53af603-e764-4e39-a8d2-0ad69c5faf24,58a5a4af2867c8c00cd83c908b224228,NetProfitGrowthRank,0.3,0.138996138996139,FORMULA_CHANGE
a53af603-e764-4e39-a8d2-0ad69c5faf24,58a5a4af2867c8c00cd83c908b224228,OperatingMarginRank,0.3,0.3,SAME
a53af603-e764-4e39-a8d2-0ad69c5faf24,58a5a4af2867c8c00cd83c908b224228,PERank,0.0,0.0,SAME
4dd789ea-94b5-4066-b6ca-edf6775e1e72,cca4110448d6de510f0d72a5270ddc77,SalesLast12M,,,SAME
4dd789ea-94b5-4066-b6ca-edf6775e1e72,cca4110448d6de510f0d72a5270ddc77,SalesGrowth12M,,,SAME
4dd789ea-94b5-4066-b6ca-edf6775e1e72,cca4110448d6de510f0d72a5270ddc77,TTMNetProfit,24592382000000.0,24592382.0,CANONICAL_UNIT_FIX
4dd789ea-94b5-4066-b6ca-edf6775e1e72,cca4110448d6de510f0d72a5270ddc77,NetProfitMargin12M,37.19684782786912,37.19684782786912,SAME
4dd789ea-94b5-4066-b6ca-edf6775e1e72,cca4110448d6de510f0d72a5270ddc77,OperatingMargin12M,37.43304837771808,37.43304837771808,SAME
4dd789ea-94b5-4066-b6ca-edf6775e1e72,cca4110448d6de510f0d72a5270ddc77,ROE,71.34976354297832,71.34976354297832,SAME
4dd789ea-94b5-4066-b6ca-edf6775e1e72,cca4110448d6de510f0d72a5270ddc77,PEApprox,5.0640478223740395,5.061598844715408,SAME
4dd789ea-94b5-4066-b6ca-edf6775e1e72,cca4110448d6de510f0d72a5270ddc77,SalesGrowthRank,0.3,0.3,SAME
4dd789ea-94b5-4066-b6ca-edf6775e1e72,cca4110448d6de510f0d72a5270ddc77,NetProfitGrowthRank,0.3,0.3,SAME
4dd789ea-94b5-4066-b6ca-edf6775e1e72,cca4110448d6de510f0d72a5270ddc77,OperatingMarginRank,0.58,0.6293706293706294,FORMULA_CHANGE
4dd789ea-94b5-4066-b6ca-edf6775e1e72,cca4110448d6de510f0d72a5270ddc77,PERank,0.8646616541353384,0.8727272727272728,SAME
bf2ee8a4-c121-42a7-aa4a-da75001a6a05,f8449f411289fa0775dc1618a83c922b,SalesLast12M,41288182000000.0,41288182.0,CANONICAL_UNIT_FIX
bf2ee8a4-c121-42a7-aa4a-da75001a6a05,f8449f411289fa0775dc1618a83c922b,SalesGrowth12M,29.405438414465664,29.405438414465664,SAME
bf2ee8a4-c121-42a7-aa4a-da75001a6a05,f8449f411289fa0775dc1618a83c922b,TTMNetProfit,11500293000000.0,11500293.0,CANONICAL_UNIT_FIX
bf2ee8a4-c121-42a7-aa4a-da75001a6a05,f8449f411289fa0775dc1618a83c922b,NetProfitMargin12M,28.630481614172314,28.630481614172314,SAME
bf2ee8a4-c121-42a7-aa4a-da75001a6a05,f8449f411289fa0775dc1618a83c922b,OperatingMargin12M,26.04674357232189,26.04674357232189,SAME
bf2ee8a4-c121-42a7-aa4a-da75001a6a05,f8449f411289fa0775dc1618a83c922b,ROE,42.82991330291891,42.82991330291891,SAME
bf2ee8a4-c121-42a7-aa4a-da75001a6a05,f8449f411289fa0775dc1618a83c922b,PEApprox,4.23,4.226687077869652,SAME
bf2ee8a4-c121-42a7-aa4a-da75001a6a05,f8449f411289fa0775dc1618a83c922b,SalesGrowthRank,0.16111111111111112,0.16304347826086957,SAME
bf2ee8a4-c121-42a7-aa4a-da75001a6a05,f8449f411289fa0775dc1618a83c922b,NetProfitGrowthRank,0.3,0.4092664092664093,FORMULA_CHANGE
bf2ee8a4-c121-42a7-aa4a-da75001a6a05,f8449f411289fa0775dc1618a83c922b,OperatingMarginRank,0.44,0.4965034965034965,FORMULA_CHANGE
bf2ee8a4-c121-42a7-aa4a-da75001a6a05,f8449f411289fa0775dc1618a83c922b,PERank,0.9135338345864662,0.9163636363636364,SAME
49e031e9-3fb6-4cf9-9404-c29af209d2f9,94bbf9d3a165ab493a448d205002268e,SalesLast12M,,,SAME
49e031e9-3fb6-4cf9-9404-c29af209d2f9,94bbf9d3a165ab493a448d205002268e,SalesGrowth12M,,,SAME
49e031e9-3fb6-4cf9-9404-c29af209d2f9,94bbf9d3a165ab493a448d205002268e,TTMNetProfit,,3279570000.0,LEGACY_HEURISTIC_REMOVED
49e031e9-3fb6-4cf9-9404-c29af209d2f9,94bbf9d3a165ab493a448d205002268e,NetProfitMargin12M,,,SAME
49e031e9-3fb6-4cf9-9404-c29af209d2f9,94bbf9d3a165ab493a448d205002268e,OperatingMargin12M,,,SAME
49e031e9-3fb6-4cf9-9404-c29af209d2f9,94bbf9d3a165ab493a448d205002268e,ROE,,,SAME
49e031e9-3fb6-4cf9-9404-c29af209d2f9,94bbf9d3a165ab493a448d205002268e,PEApprox,6.8847352024922115,6.863354037267081,FORMULA_CHANGE
49e031e9-3fb6-4cf9-9404-c29af209d2f9,94bbf9d3a165ab493a448d205002268e,SalesGrowthRank,0.3,0.3,SAME
49e031e9-3fb6-4cf9-9404-c29af209d2f9,94bbf9d3a165ab493a448d205002268e,NetProfitGrowthRank,0.3,0.6640926640926641,FORMULA_CHANGE
49e031e9-3fb6-4cf9-9404-c29af209d2f9,94bbf9d3a165ab493a448d205002268e,OperatingMarginRank,0.3,0.3,SAME
49e031e9-3fb6-4cf9-9404-c29af209d2f9,94bbf9d3a165ab493a448d205002268e,PERank,0.6879699248120301,0.7236363636363636,FORMULA_CHANGE
bfbfe8f3-54dd-4146-a664-af82e2f16919,be2e68f612059a7c256315b91e2aba36,SalesLast12M,32538739000000.0,32538739.0,CANONICAL_UNIT_FIX
bfbfe8f3-54dd-4146-a664-af82e2f16919,be2e68f612059a7c256315b91e2aba36,SalesGrowth12M,182.0239512965457,182.0239512965457,SAME
bfbfe8f3-54dd-4146-a664-af82e2f16919,be2e68f612059a7c256315b91e2aba36,TTMNetProfit,29523564000000.0,29523564.0,CANONICAL_UNIT_FIX
bfbfe8f3-54dd-4146-a664-af82e2f16919,be2e68f612059a7c256315b91e2aba36,NetProfitMargin12M,29.965842758586366,29.965842758586366,SAME
bfbfe8f3-54dd-4146-a664-af82e2f16919,be2e68f612059a7c256315b91e2aba36,OperatingMargin12M,38.70066779730762,38.70066779730762,SAME
bfbfe8f3-54dd-4146-a664-af82e2f16919,be2e68f612059a7c256315b91e2aba36,ROE,86.45469180441403,86.45469180441403,SAME
bfbfe8f3-54dd-4146-a664-af82e2f16919,be2e68f612059a7c256315b91e2aba36,PEApprox,3.13864906043677,3.1390983247861826,SAME
bfbfe8f3-54dd-4146-a664-af82e2f16919,be2e68f612059a7c256315b91e2aba36,SalesGrowthRank,0.9583333333333334,0.9538043478260869,SAME
bfbfe8f3-54dd-4146-a664-af82e2f16919,be2e68f612059a7c256315b91e2aba36,NetProfitGrowthRank,0.3,0.918918918918919,FORMULA_CHANGE
bfbfe8f3-54dd-4146-a664-af82e2f16919,be2e68f612059a7c256315b91e2aba36,OperatingMarginRank,0.6,0.6433566433566433,FORMULA_CHANGE
bfbfe8f3-54dd-4146-a664-af82e2f16919,be2e68f612059a7c256315b91e2aba36,PERank,0.9586466165413534,0.9636363636363636,SAME
ad6c42d2-20f7-4382-b789-835efac4b98d,f8dfbe7ae5669ddbcb0fa22d6d3e7a5c,SalesLast12M,,,SAME
ad6c42d2-20f7-4382-b789-835efac4b98d,f8dfbe7ae5669ddbcb0fa22d6d3e7a5c,SalesGrowth12M,,,SAME
ad6c42d2-20f7-4382-b789-835efac4b98d,f8dfbe7ae5669ddbcb0fa22d6d3e7a5c,TTMNetProfit,,8857546280.0,LEGACY_HEURISTIC_REMOVED
ad6c42d2-20f7-4382-b789-835efac4b98d,f8dfbe7ae5669ddbcb0fa22d6d3e7a5c,NetProfitMargin12M,,,SAME
ad6c42d2-20f7-4382-b789-835efac4b98d,f8dfbe7ae5669ddbcb0fa22d6d3e7a5c,OperatingMargin12M,114.20420504306199,86.41177066020477,FORMULA_CHANGE
ad6c42d2-20f7-4382-b789-835efac4b98d,f8dfbe7ae5669ddbcb0fa22d6d3e7a5c,ROE,,,SAME
ad6c42d2-20f7-4382-b789-835efac4b98d,f8dfbe7ae5669ddbcb0fa22d6d3e7a5c,PEApprox,2.2819875776397516,8.35,FORMULA_CHANGE
ad6c42d2-20f7-4382-b789-835efac4b98d,f8dfbe7ae5669ddbcb0fa22d6d3e7a5c,SalesGrowthRank,0.3,0.3,SAME
ad6c42d2-20f7-4382-b789-835efac4b98d,f8dfbe7ae5669ddbcb0fa22d6d3e7a5c,NetProfitGrowthRank,0.3,0.09266409266409266,FORMULA_CHANGE
ad6c42d2-20f7-4382-b789-835efac4b98d,f8dfbe7ae5669ddbcb0fa22d6d3e7a5c,OperatingMarginRank,0.98,0.9790209790209791,SAME
ad6c42d2-20f7-4382-b789-835efac4b98d,f8dfbe7ae5669ddbcb0fa22d6d3e7a5c,PERank,0.9849624060150376,0.5345454545454545,FORMULA_CHANGE
ec9f3262-9612-48a8-bfec-bbb59441b31b,64e35e12a7959fcfbd10cb6036ed7693,SalesLast12M,,,SAME
ec9f3262-9612-48a8-bfec-bbb59441b31b,64e35e12a7959fcfbd10cb6036ed7693,SalesGrowth12M,,,SAME
ec9f3262-9612-48a8-bfec-bbb59441b31b,64e35e12a7959fcfbd10cb6036ed7693,TTMNetProfit,,1184000000.0,LEGACY_HEURISTIC_REMOVED
ec9f3262-9612-48a8-bfec-bbb59441b31b,64e35e12a7959fcfbd10cb6036ed7693,NetProfitMargin12M,,,SAME
ec9f3262-9612-48a8-bfec-bbb59441b31b,64e35e12a7959fcfbd10cb6036ed7693,OperatingMargin12M,,,SAME
ec9f3262-9612-48a8-bfec-bbb59441b31b,64e35e12a7959fcfbd10cb6036ed7693,ROE,,,SAME
ec9f3262-9612-48a8-bfec-bbb59441b31b,64e35e12a7959fcfbd10cb6036ed7693,PEApprox,21.718061674008812,21.718061674008812,SAME
ec9f3262-9612-48a8-bfec-bbb59441b31b,64e35e12a7959fcfbd10cb6036ed7693,SalesGrowthRank,0.3,0.3,SAME
ec9f3262-9612-48a8-bfec-bbb59441b31b,64e35e12a7959fcfbd10cb6036ed7693,NetProfitGrowthRank,0.3,0.16602316602316602,FORMULA_CHANGE
ec9f3262-9612-48a8-bfec-bbb59441b31b,64e35e12a7959fcfbd10cb6036ed7693,OperatingMarginRank,0.3,0.3,SAME
ec9f3262-9612-48a8-bfec-bbb59441b31b,64e35e12a7959fcfbd10cb6036ed7693,PERank,0.1842105263157895,0.25090909090909086,FORMULA_CHANGE
bf805c87-c0e9-4f5b-bc55-ceae499a765f,7f547bf2c0a3ff2919c50d8c899abc3d,SalesLast12M,36373555000000.0,36373555.0,CANONICAL_UNIT_FIX
bf805c87-c0e9-4f5b-bc55-ceae499a765f,7f547bf2c0a3ff2919c50d8c899abc3d,SalesGrowth12M,53.01034521430671,53.01034521430671,SAME
bf805c87-c0e9-4f5b-bc55-ceae499a765f,7f547bf2c0a3ff2919c50d8c899abc3d,TTMNetProfit,,5712000000.0,LEGACY_HEURISTIC_REMOVED
bf805c87-c0e9-4f5b-bc55-ceae499a765f,7f547bf2c0a3ff2919c50d8c899abc3d,NetProfitMargin12M,,,SAME
bf805c87-c0e9-4f5b-bc55-ceae499a765f,7f547bf2c0a3ff2919c50d8c899abc3d,OperatingMargin12M,,,SAME
bf805c87-c0e9-4f5b-bc55-ceae499a765f,7f547bf2c0a3ff2919c50d8c899abc3d,ROE,,,SAME
bf805c87-c0e9-4f5b-bc55-ceae499a765f,7f547bf2c0a3ff2919c50d8c899abc3d,PEApprox,8.94511760513186,8.788515406162466,FORMULA_CHANGE
bf805c87-c0e9-4f5b-bc55-ceae499a765f,7f547bf2c0a3ff2919c50d8c899abc3d,SalesGrowthRank,0.34444444444444444,0.3423913043478261,SAME
bf805c87-c0e9-4f5b-bc55-ceae499a765f,7f547bf2c0a3ff2919c50d8c899abc3d,NetProfitGrowthRank,0.3,0.19305019305019305,FORMULA_CHANGE
bf805c87-c0e9-4f5b-bc55-ceae499a765f,7f547bf2c0a3ff2919c50d8c899abc3d,OperatingMarginRank,0.3,0.3,SAME
bf805c87-c0e9-4f5b-bc55-ceae499a765f,7f547bf2c0a3ff2919c50d8c899abc3d,PERank,0.43609022556390975,0.4872727272727273,FORMULA_CHANGE
7c19589a-b176-4b0d-8231-5d07e54557f6,60de37b0434d9b34ee753646b12c46f3,SalesLast12M,,,SAME
7c19589a-b176-4b0d-8231-5d07e54557f6,60de37b0434d9b34ee753646b12c46f3,SalesGrowth12M,,,SAME
7c19589a-b176-4b0d-8231-5d07e54557f6,60de37b0434d9b34ee753646b12c46f3,TTMNetProfit,,12952818000.0,LEGACY_HEURISTIC_REMOVED
7c19589a-b176-4b0d-8231-5d07e54557f6,60de37b0434d9b34ee753646b12c46f3,NetProfitMargin12M,,,SAME
7c19589a-b176-4b0d-8231-5d07e54557f6,60de37b0434d9b34ee753646b12c46f3,OperatingMargin12M,,,SAME
7c19589a-b176-4b0d-8231-5d07e54557f6,60de37b0434d9b34ee753646b12c46f3,ROE,,,SAME
7c19589a-b176-4b0d-8231-5d07e54557f6,60de37b0434d9b34ee753646b12c46f3,PEApprox,6.0813576667235205,8.258048557464484,FORMULA_CHANGE
7c19589a-b176-4b0d-8231-5d07e54557f6,60de37b0434d9b34ee753646b12c46f3,SalesGrowthRank,0.3,0.3,SAME
7c19589a-b176-4b0d-8231-5d07e54557f6,60de37b0434d9b34ee753646b12c46f3,NetProfitGrowthRank,0.3,0.918918918918919,FORMULA_CHANGE
7c19589a-b176-4b0d-8231-5d07e54557f6,60de37b0434d9b34ee753646b12c46f3,OperatingMarginRank,0.3,0.3,SAME
7c19589a-b176-4b0d-8231-5d07e54557f6,60de37b0434d9b34ee753646b12c46f3,PERank,0.7819548872180451,0.5490909090909091,FORMULA_CHANGE
fa66cac3-823f-4a5a-aff0-1dc0a5b3d0ac,ae5db37d89e694987912ff20ca952bcd,SalesLast12M,,,SAME
fa66cac3-823f-4a5a-aff0-1dc0a5b3d0ac,ae5db37d89e694987912ff20ca952bcd,SalesGrowth12M,,,SAME
fa66cac3-823f-4a5a-aff0-1dc0a5b3d0ac,ae5db37d89e694987912ff20ca952bcd,TTMNetProfit,11235394000000.0,11235394.0,CANONICAL_UNIT_FIX
fa66cac3-823f-4a5a-aff0-1dc0a5b3d0ac,ae5db37d89e694987912ff20ca952bcd,NetProfitMargin12M,12.272171333121328,12.272171333121328,SAME
fa66cac3-823f-4a5a-aff0-1dc0a5b3d0ac,ae5db37d89e694987912ff20ca952bcd,OperatingMargin12M,25.92537829020558,25.92537829020558,SAME
fa66cac3-823f-4a5a-aff0-1dc0a5b3d0ac,ae5db37d89e694987912ff20ca952bcd,ROE,20.812762964947257,20.812762964947257,SAME
fa66cac3-823f-4a5a-aff0-1dc0a5b3d0ac,ae5db37d89e694987912ff20ca952bcd,PEApprox,6.25,6.25,SAME
fa66cac3-823f-4a5a-aff0-1dc0a5b3d0ac,ae5db37d89e694987912ff20ca952bcd,SalesGrowthRank,0.3,0.3,SAME
fa66cac3-823f-4a5a-aff0-1dc0a5b3d0ac,ae5db37d89e694987912ff20ca952bcd,NetProfitGrowthRank,0.3,0.6911196911196911,FORMULA_CHANGE
fa66cac3-823f-4a5a-aff0-1dc0a5b3d0ac,ae5db37d89e694987912ff20ca952bcd,OperatingMarginRank,0.43,0.48951048951048953,FORMULA_CHANGE
fa66cac3-823f-4a5a-aff0-1dc0a5b3d0ac,ae5db37d89e694987912ff20ca952bcd,PERank,0.7593984962406015,0.7745454545454545,FORMULA_CHANGE
9e516f18-8cb3-42ad-ae64-7dc31d3eb4f1,1b64f3e77238bc8dc5e3277587374ecf,SalesLast12M,50092550000000.0,50092550.0,CANONICAL_UNIT_FIX
9e516f18-8cb3-42ad-ae64-7dc31d3eb4f1,1b64f3e77238bc8dc5e3277587374ecf,SalesGrowth12M,55.47799881043194,55.47799881043194,SAME
9e516f18-8cb3-42ad-ae64-7dc31d3eb4f1,1b64f3e77238bc8dc5e3277587374ecf,TTMNetProfit,34335732000000.0,34335732.0,CANONICAL_UNIT_FIX
9e516f18-8cb3-42ad-ae64-7dc31d3eb4f1,1b64f3e77238bc8dc5e3277587374ecf,NetProfitMargin12M,73.67791517510605,73.67791517510605,SAME
9e516f18-8cb3-42ad-ae64-7dc31d3eb4f1,1b64f3e77238bc8dc5e3277587374ecf,OperatingMargin12M,74.31418610277673,74.31418610277673,SAME
9e516f18-8cb3-42ad-ae64-7dc31d3eb4f1,1b64f3e77238bc8dc5e3277587374ecf,ROE,230.8507672876208,230.8507672876208,SAME
9e516f18-8cb3-42ad-ae64-7dc31d3eb4f1,1b64f3e77238bc8dc5e3277587374ecf,PEApprox,6.3897949673811745,6.389967462348287,SAME
9e516f18-8cb3-42ad-ae64-7dc31d3eb4f1,1b64f3e77238bc8dc5e3277587374ecf,SalesGrowthRank,0.3611111111111111,0.358695652173913,SAME
9e516f18-8cb3-42ad-ae64-7dc31d3eb4f1,1b64f3e77238bc8dc5e3277587374ecf,NetProfitGrowthRank,0.3,0.4864864864864865,FORMULA_CHANGE
9e516f18-8cb3-42ad-ae64-7dc31d3eb4f1,1b64f3e77238bc8dc5e3277587374ecf,OperatingMarginRank,0.94,0.9440559440559441,SAME
9e516f18-8cb3-42ad-ae64-7dc31d3eb4f1,1b64f3e77238bc8dc5e3277587374ecf,PERank,0.7481203007518797,0.7672727272727273,FORMULA_CHANGE
7fffdde8-3048-4c8c-b59f-3829436cb25b,f165f6d8af88d6563894b42f26df2b45,SalesLast12M,67028728000000.0,67028728.0,CANONICAL_UNIT_FIX
7fffdde8-3048-4c8c-b59f-3829436cb25b,f165f6d8af88d6563894b42f26df2b45,SalesGrowth12M,2.975704047710227,2.975704047710227,SAME
7fffdde8-3048-4c8c-b59f-3829436cb25b,f165f6d8af88d6563894b42f26df2b45,TTMNetProfit,,22127990280.0,LEGACY_HEURISTIC_REMOVED
7fffdde8-3048-4c8c-b59f-3829436cb25b,f165f6d8af88d6563894b42f26df2b45,NetProfitMargin12M,,,SAME
7fffdde8-3048-4c8c-b59f-3829436cb25b,f165f6d8af88d6563894b42f26df2b45,OperatingMargin12M,,,SAME
7fffdde8-3048-4c8c-b59f-3829436cb25b,f165f6d8af88d6563894b42f26df2b45,ROE,,,SAME
7fffdde8-3048-4c8c-b59f-3829436cb25b,f165f6d8af88d6563894b42f26df2b45,PEApprox,7.445077298616762,7.439024390243903,SAME
7fffdde8-3048-4c8c-b59f-3829436cb25b,f165f6d8af88d6563894b42f26df2b45,SalesGrowthRank,0.027777777777777776,0.03260869565217391,SAME
7fffdde8-3048-4c8c-b59f-3829436cb25b,f165f6d8af88d6563894b42f26df2b45,NetProfitGrowthRank,0.3,0.09652509652509653,FORMULA_CHANGE
7fffdde8-3048-4c8c-b59f-3829436cb25b,f165f6d8af88d6563894b42f26df2b45,OperatingMarginRank,0.3,0.3,SAME
7fffdde8-3048-4c8c-b59f-3829436cb25b,f165f6d8af88d6563894b42f26df2b45,PERank,0.6052631578947368,0.6436363636363636,FORMULA_CHANGE
d6e3cf9a-42c7-4daa-af08-ff4c8e19447e,ff114137fa42e84bc683b7b9b4aecee9,SalesLast12M,32260116000000.0,32260116.0,CANONICAL_UNIT_FIX
d6e3cf9a-42c7-4daa-af08-ff4c8e19447e,ff114137fa42e84bc683b7b9b4aecee9,SalesGrowth12M,71.63985597201334,71.63985597201334,SAME
d6e3cf9a-42c7-4daa-af08-ff4c8e19447e,ff114137fa42e84bc683b7b9b4aecee9,TTMNetProfit,14130932000000.0,14130932.0,CANONICAL_UNIT_FIX
d6e3cf9a-42c7-4daa-af08-ff4c8e19447e,ff114137fa42e84bc683b7b9b4aecee9,NetProfitMargin12M,44.74276191866346,44.74276191866346,SAME
d6e3cf9a-42c7-4daa-af08-ff4c8e19447e,ff114137fa42e84bc683b7b9b4aecee9,OperatingMargin12M,56.73320539372775,56.73320539372775,SAME
d6e3cf9a-42c7-4daa-af08-ff4c8e19447e,ff114137fa42e84bc683b7b9b4aecee9,ROE,67.41779995924665,67.41779995924665,SAME
d6e3cf9a-42c7-4daa-af08-ff4c8e19447e,ff114137fa42e84bc683b7b9b4aecee9,PEApprox,14.900941059930659,14.904734639347685,SAME
d6e3cf9a-42c7-4daa-af08-ff4c8e19447e,ff114137fa42e84bc683b7b9b4aecee9,SalesGrowthRank,0.4722222222222222,0.47282608695652173,SAME
d6e3cf9a-42c7-4daa-af08-ff4c8e19447e,ff114137fa42e84bc683b7b9b4aecee9,NetProfitGrowthRank,0.3,0.444015444015444,FORMULA_CHANGE
d6e3cf9a-42c7-4daa-af08-ff4c8e19447e,ff114137fa42e84bc683b7b9b4aecee9,OperatingMarginRank,0.81,0.8321678321678322,FORMULA_CHANGE
d6e3cf9a-42c7-4daa-af08-ff4c8e19447e,ff114137fa42e84bc683b7b9b4aecee9,PERank,0.24060150375939848,0.3163636363636364,FORMULA_CHANGE
6b9fc3a5-da42-435a-8a04-352cf694f664,162bcc9b9c97c9f3510c1bd06b5ae8c0,SalesLast12M,72615143000000.0,72615143.0,CANONICAL_UNIT_FIX
6b9fc3a5-da42-435a-8a04-352cf694f664,162bcc9b9c97c9f3510c1bd06b5ae8c0,SalesGrowth12M,91.58583021695314,91.58583021695314,SAME
6b9fc3a5-da42-435a-8a04-352cf694f664,162bcc9b9c97c9f3510c1bd06b5ae8c0,TTMNetProfit,3458120000000.0,3458120.0,CANONICAL_UNIT_FIX
6b9fc3a5-da42-435a-8a04-352cf694f664,162bcc9b9c97c9f3510c1bd06b5ae8c0,NetProfitMargin12M,4.828780836309116,4.828780836309116,SAME
6b9fc3a5-da42-435a-8a04-352cf694f664,162bcc9b9c97c9f3510c1bd06b5ae8c0,OperatingMargin12M,6.639343250506278,6.639343250506278,SAME
6b9fc3a5-da42-435a-8a04-352cf694f664,162bcc9b9c97c9f3510c1bd06b5ae8c0,ROE,41.5619241565674,41.5619241565674,SAME
6b9fc3a5-da42-435a-8a04-352cf694f664,162bcc9b9c97c9f3510c1bd06b5ae8c0,PEApprox,13.834401182848694,13.834481675641722,SAME
6b9fc3a5-da42-435a-8a04-352cf694f664,162bcc9b9c97c9f3510c1bd06b5ae8c0,SalesGrowthRank,0.6111111111111112,0.6086956521739131,SAME
6b9fc3a5-da42-435a-8a04-352cf694f664,162bcc9b9c97c9f3510c1bd06b5ae8c0,NetProfitGrowthRank,0.3,0.6756756756756757,FORMULA_CHANGE
6b9fc3a5-da42-435a-8a04-352cf694f664,162bcc9b9c97c9f3510c1bd06b5ae8c0,OperatingMarginRank,0.1,0.13986013986013987,FORMULA_CHANGE
6b9fc3a5-da42-435a-8a04-352cf694f664,162bcc9b9c97c9f3510c1bd06b5ae8c0,PERank,0.2593984962406015,0.3236363636363636,FORMULA_CHANGE
b40aa6f8-b558-4c02-95de-ade347229183,7bb1956b5377b9485a7db8de8b55a434,SalesLast12M,50994768000000.0,50994768.0,CANONICAL_UNIT_FIX
b40aa6f8-b558-4c02-95de-ade347229183,7bb1956b5377b9485a7db8de8b55a434,SalesGrowth12M,88.82022203981717,88.82022203981717,SAME
b40aa6f8-b558-4c02-95de-ade347229183,7bb1956b5377b9485a7db8de8b55a434,TTMNetProfit,,21610000000.0,LEGACY_HEURISTIC_REMOVED
b40aa6f8-b558-4c02-95de-ade347229183,7bb1956b5377b9485a7db8de8b55a434,NetProfitMargin12M,,,SAME
b40aa6f8-b558-4c02-95de-ade347229183,7bb1956b5377b9485a7db8de8b55a434,OperatingMargin12M,,,SAME
b40aa6f8-b558-4c02-95de-ade347229183,7bb1956b5377b9485a7db8de8b55a434,ROE,,,SAME
b40aa6f8-b558-4c02-95de-ade347229183,7bb1956b5377b9485a7db8de8b55a434,PEApprox,9.150856085145765,9.150856085145765,SAME
b40aa6f8-b558-4c02-95de-ade347229183,7bb1956b5377b9485a7db8de8b55a434,SalesGrowthRank,0.6,0.5978260869565217,SAME
b40aa6f8-b558-4c02-95de-ade347229183,7bb1956b5377b9485a7db8de8b55a434,NetProfitGrowthRank,0.3,0.5057915057915058,FORMULA_CHANGE
b40aa6f8-b558-4c02-95de-ade347229183,7bb1956b5377b9485a7db8de8b55a434,OperatingMarginRank,0.3,0.3,SAME
b40aa6f8-b558-4c02-95de-ade347229183,7bb1956b5377b9485a7db8de8b55a434,PERank,0.4172932330827067,0.4618181818181818,FORMULA_CHANGE
0cf3d6d6-8fb6-4437-85cf-0da787fd7990,5273ccc375234a373922892e70dffc5d,SalesLast12M,,,SAME
0cf3d6d6-8fb6-4437-85cf-0da787fd7990,5273ccc375234a373922892e70dffc5d,SalesGrowth12M,,,SAME
0cf3d6d6-8fb6-4437-85cf-0da787fd7990,5273ccc375234a373922892e70dffc5d,TTMNetProfit,,2531520000.0,LEGACY_HEURISTIC_REMOVED
0cf3d6d6-8fb6-4437-85cf-0da787fd7990,5273ccc375234a373922892e70dffc5d,NetProfitMargin12M,,,SAME
0cf3d6d6-8fb6-4437-85cf-0da787fd7990,5273ccc375234a373922892e70dffc5d,OperatingMargin12M,,,SAME
0cf3d6d6-8fb6-4437-85cf-0da787fd7990,5273ccc375234a373922892e70dffc5d,ROE,,,SAME
0cf3d6d6-8fb6-4437-85cf-0da787fd7990,5273ccc375234a373922892e70dffc5d,PEApprox,11.46188850967008,11.46188850967008,SAME
0cf3d6d6-8fb6-4437-85cf-0da787fd7990,5273ccc375234a373922892e70dffc5d,SalesGrowthRank,0.3,0.3,SAME
0cf3d6d6-8fb6-4437-85cf-0da787fd7990,5273ccc375234a373922892e70dffc5d,NetProfitGrowthRank,0.3,0.3745173745173745,FORMULA_CHANGE
0cf3d6d6-8fb6-4437-85cf-0da787fd7990,5273ccc375234a373922892e70dffc5d,OperatingMarginRank,0.3,0.3,SAME
0cf3d6d6-8fb6-4437-85cf-0da787fd7990,5273ccc375234a373922892e70dffc5d,PERank,0.3120300751879699,0.36363636363636365,FORMULA_CHANGE
31bf977a-27fb-4fad-8073-d412c5cc480b,057f29e2cbb5f0df740b951b2669799f,SalesLast12M,,,SAME
31bf977a-27fb-4fad-8073-d412c5cc480b,057f29e2cbb5f0df740b951b2669799f,SalesGrowth12M,,,SAME
31bf977a-27fb-4fad-8073-d412c5cc480b,057f29e2cbb5f0df740b951b2669799f,TTMNetProfit,,530217520.0,LEGACY_HEURISTIC_REMOVED
31bf977a-27fb-4fad-8073-d412c5cc480b,057f29e2cbb5f0df740b951b2669799f,NetProfitMargin12M,,,SAME
31bf977a-27fb-4fad-8073-d412c5cc480b,057f29e2cbb5f0df740b951b2669799f,OperatingMargin12M,,,SAME
31bf977a-27fb-4fad-8073-d412c5cc480b,057f29e2cbb5f0df740b951b2669799f,ROE,,,SAME
31bf977a-27fb-4fad-8073-d412c5cc480b,057f29e2cbb5f0df740b951b2669799f,PEApprox,34.476190476190474,45.25,FORMULA_CHANGE
31bf977a-27fb-4fad-8073-d412c5cc480b,057f29e2cbb5f0df740b951b2669799f,SalesGrowthRank,0.3,0.3,SAME
31bf977a-27fb-4fad-8073-d412c5cc480b,057f29e2cbb5f0df740b951b2669799f,NetProfitGrowthRank,0.3,0.5173745173745173,FORMULA_CHANGE
31bf977a-27fb-4fad-8073-d412c5cc480b,057f29e2cbb5f0df740b951b2669799f,OperatingMarginRank,0.3,0.3,SAME
31bf977a-27fb-4fad-8073-d412c5cc480b,057f29e2cbb5f0df740b951b2669799f,PERank,0.1428571428571429,0.16727272727272724,FORMULA_CHANGE
df3e0915-7242-485c-aa90-4426dc693b34,bbb81179fce8ad6deb0c746c9ed1d951,SalesLast12M,6529117000000.0,6529117.0,CANONICAL_UNIT_FIX
df3e0915-7242-485c-aa90-4426dc693b34,bbb81179fce8ad6deb0c746c9ed1d951,SalesGrowth12M,9.070842991083547,9.070842991083547,SAME
df3e0915-7242-485c-aa90-4426dc693b34,bbb81179fce8ad6deb0c746c9ed1d951,TTMNetProfit,,1775800000.0,LEGACY_HEURISTIC_REMOVED
df3e0915-7242-485c-aa90-4426dc693b34,bbb81179fce8ad6deb0c746c9ed1d951,NetProfitMargin12M,,,SAME
df3e0915-7242-485c-aa90-4426dc693b34,bbb81179fce8ad6deb0c746c9ed1d951,OperatingMargin12M,,,SAME
df3e0915-7242-485c-aa90-4426dc693b34,bbb81179fce8ad6deb0c746c9ed1d951,ROE,,,SAME
df3e0915-7242-485c-aa90-4426dc693b34,bbb81179fce8ad6deb0c746c9ed1d951,PEApprox,8.59504132231405,6.090775988286969,FORMULA_CHANGE
df3e0915-7242-485c-aa90-4426dc693b34,bbb81179fce8ad6deb0c746c9ed1d951,SalesGrowthRank,0.06666666666666667,0.07065217391304347,SAME
df3e0915-7242-485c-aa90-4426dc693b34,bbb81179fce8ad6deb0c746c9ed1d951,NetProfitGrowthRank,0.3,0.18146718146718147,FORMULA_CHANGE
df3e0915-7242-485c-aa90-4426dc693b34,bbb81179fce8ad6deb0c746c9ed1d951,OperatingMarginRank,0.3,0.3,SAME
df3e0915-7242-485c-aa90-4426dc693b34,bbb81179fce8ad6deb0c746c9ed1d951,PERank,0.4699248120300752,0.7781818181818182,FORMULA_CHANGE
bf89b630-3cb0-472f-866e-b0de8762374f,29d7795e06a8fe30d0a386ed95c8f445,SalesLast12M,963146213000000.0,963146213.0,CANONICAL_UNIT_FIX
bf89b630-3cb0-472f-866e-b0de8762374f,29d7795e06a8fe30d0a386ed95c8f445,SalesGrowth12M,39.41485729515669,39.41485729515669,SAME
bf89b630-3cb0-472f-866e-b0de8762374f,29d7795e06a8fe30d0a386ed95c8f445,TTMNetProfit,,136622000000.0,LEGACY_HEURISTIC_REMOVED
bf89b630-3cb0-472f-866e-b0de8762374f,29d7795e06a8fe30d0a386ed95c8f445,NetProfitMargin12M,,,SAME
bf89b630-3cb0-472f-866e-b0de8762374f,29d7795e06a8fe30d0a386ed95c8f445,OperatingMargin12M,,,SAME
bf89b630-3cb0-472f-866e-b0de8762374f,29d7795e06a8fe30d0a386ed95c8f445,ROE,,,SAME
bf89b630-3cb0-472f-866e-b0de8762374f,29d7795e06a8fe30d0a386ed95c8f445,PEApprox,8.65625,10.441583346752353,FORMULA_CHANGE
bf89b630-3cb0-472f-866e-b0de8762374f,29d7795e06a8fe30d0a386ed95c8f445,SalesGrowthRank,0.2222222222222222,0.22282608695652173,SAME
bf89b630-3cb0-472f-866e-b0de8762374f,29d7795e06a8fe30d0a386ed95c8f445,NetProfitGrowthRank,0.3,0.07335907335907337,FORMULA_CHANGE
bf89b630-3cb0-472f-866e-b0de8762374f,29d7795e06a8fe30d0a386ed95c8f445,OperatingMarginRank,0.3,0.3,SAME
bf89b630-3cb0-472f-866e-b0de8762374f,29d7795e06a8fe30d0a386ed95c8f445,PERank,0.46616541353383456,0.38909090909090904,FORMULA_CHANGE
e2ac90c5-4667-4e98-b30b-234e32769134,3dc6ca7296ff7c957aa13a1bf9e28347,SalesLast12M,21575601000000.0,21575601.0,CANONICAL_UNIT_FIX
e2ac90c5-4667-4e98-b30b-234e32769134,3dc6ca7296ff7c957aa13a1bf9e28347,SalesGrowth12M,82.39347165375844,82.39347165375844,SAME
e2ac90c5-4667-4e98-b30b-234e32769134,3dc6ca7296ff7c957aa13a1bf9e28347,TTMNetProfit,11076070000000.0,11076070.0,CANONICAL_UNIT_FIX
e2ac90c5-4667-4e98-b30b-234e32769134,3dc6ca7296ff7c957aa13a1bf9e28347,NetProfitMargin12M,54.69575063715011,54.69575063715011,SAME
e2ac90c5-4667-4e98-b30b-234e32769134,3dc6ca7296ff7c957aa13a1bf9e28347,OperatingMargin12M,65.27383010548469,65.27383010548469,SAME
e2ac90c5-4667-4e98-b30b-234e32769134,3dc6ca7296ff7c957aa13a1bf9e28347,ROE,50.580881862694504,50.580881862694504,SAME
e2ac90c5-4667-4e98-b30b-234e32769134,3dc6ca7296ff7c957aa13a1bf9e28347,PEApprox,7.3337765957446805,7.336785718892371,SAME
e2ac90c5-4667-4e98-b30b-234e32769134,3dc6ca7296ff7c957aa13a1bf9e28347,SalesGrowthRank,0.5555555555555556,0.5543478260869565,SAME
e2ac90c5-4667-4e98-b30b-234e32769134,3dc6ca7296ff7c957aa13a1bf9e28347,NetProfitGrowthRank,0.3,0.30115830115830117,SAME
e2ac90c5-4667-4e98-b30b-234e32769134,3dc6ca7296ff7c957aa13a1bf9e28347,OperatingMarginRank,0.88,0.9020979020979021,FORMULA_CHANGE
e2ac90c5-4667-4e98-b30b-234e32769134,3dc6ca7296ff7c957aa13a1bf9e28347,PERank,0.6240601503759399,0.6618181818181819,FORMULA_CHANGE
f3d108c0-7d0f-49e9-8a5a-399615e22396,68e6f82aede2360869ceea7a3ea76d08,SalesLast12M,43889438000000.0,43889438.0,CANONICAL_UNIT_FIX
f3d108c0-7d0f-49e9-8a5a-399615e22396,68e6f82aede2360869ceea7a3ea76d08,SalesGrowth12M,125.9582329726656,125.9582329726656,SAME
f3d108c0-7d0f-49e9-8a5a-399615e22396,68e6f82aede2360869ceea7a3ea76d08,TTMNetProfit,23472925000000.0,23472925.0,CANONICAL_UNIT_FIX
f3d108c0-7d0f-49e9-8a5a-399615e22396,68e6f82aede2360869ceea7a3ea76d08,NetProfitMargin12M,62.597239307053044,62.597239307053044,SAME
f3d108c0-7d0f-49e9-8a5a-399615e22396,68e6f82aede2360869ceea7a3ea76d08,OperatingMargin12M,72.58703112156515,72.58703112156515,SAME
f3d108c0-7d0f-49e9-8a5a-399615e22396,68e6f82aede2360869ceea7a3ea76d08,ROE,69.23842328565848,69.23842328565848,SAME
f3d108c0-7d0f-49e9-8a5a-399615e22396,68e6f82aede2360869ceea7a3ea76d08,PEApprox,13.623620638234417,13.626875936298093,SAME
f3d108c0-7d0f-49e9-8a5a-399615e22396,68e6f82aede2360869ceea7a3ea76d08,SalesGrowthRank,0.8555555555555555,0.8478260869565217,SAME
f3d108c0-7d0f-49e9-8a5a-399615e22396,68e6f82aede2360869ceea7a3ea76d08,NetProfitGrowthRank,0.3,0.5714285714285714,FORMULA_CHANGE
f3d108c0-7d0f-49e9-8a5a-399615e22396,68e6f82aede2360869ceea7a3ea76d08,OperatingMarginRank,0.92,0.9300699300699301,FORMULA_CHANGE
f3d108c0-7d0f-49e9-8a5a-399615e22396,68e6f82aede2360869ceea7a3ea76d08,PERank,0.26691729323308266,0.32727272727272727,FORMULA_CHANGE
c5a432d6-bd29-4dbf-b63b-64ab36c80baf,980b075e10e0e4da4ae747bc7b6c3825,SalesLast12M,87206749000000.0,87206749.0,CANONICAL_UNIT_FIX
c5a432d6-bd29-4dbf-b63b-64ab36c80baf,980b075e10e0e4da4ae747bc7b6c3825,SalesGrowth12M,96.17090751446491,96.17090751446491,SAME
c5a432d6-bd29-4dbf-b63b-64ab36c80baf,980b075e10e0e4da4ae747bc7b6c3825,TTMNetProfit,30290477000000.0,30290477.0,CANONICAL_UNIT_FIX
c5a432d6-bd29-4dbf-b63b-64ab36c80baf,980b075e10e0e4da4ae747bc7b6c3825,NetProfitMargin12M,39.10769724839141,39.10769724839141,SAME
c5a432d6-bd29-4dbf-b63b-64ab36c80baf,980b075e10e0e4da4ae747bc7b6c3825,OperatingMargin12M,45.81526922501345,45.81526922501345,SAME
c5a432d6-bd29-4dbf-b63b-64ab36c80baf,980b075e10e0e4da4ae747bc7b6c3825,ROE,21.87843082015492,21.87843082015492,SAME
c5a432d6-bd29-4dbf-b63b-64ab36c80baf,980b075e10e0e4da4ae747bc7b6c3825,PEApprox,7.090909090909091,7.093799774070331,SAME
c5a432d6-bd29-4dbf-b63b-64ab36c80baf,980b075e10e0e4da4ae747bc7b6c3825,SalesGrowthRank,0.6722222222222223,0.6684782608695652,SAME
c5a432d6-bd29-4dbf-b63b-64ab36c80baf,980b075e10e0e4da4ae747bc7b6c3825,NetProfitGrowthRank,0.2222222222222222,0.6254826254826255,FORMULA_CHANGE
c5a432d6-bd29-4dbf-b63b-64ab36c80baf,980b075e10e0e4da4ae747bc7b6c3825,OperatingMarginRank,0.67,0.7132867132867133,FORMULA_CHANGE
c5a432d6-bd29-4dbf-b63b-64ab36c80baf,980b075e10e0e4da4ae747bc7b6c3825,PERank,0.6578947368421053,0.6872727272727273,FORMULA_CHANGE
0a8e4fe4-bcd4-4ae5-b6c1-044553a86517,7951d684c53fd22e89f5777201bf7453,SalesLast12M,2520852219000000.0,2520852219.0,CANONICAL_UNIT_FIX
0a8e4fe4-bcd4-4ae5-b6c1-044553a86517,7951d684c53fd22e89f5777201bf7453,SalesGrowth12M,26.54977854965386,26.54977854965386,SAME
0a8e4fe4-bcd4-4ae5-b6c1-044553a86517,7951d684c53fd22e89f5777201bf7453,TTMNetProfit,359451651000000.0,359451651.0,CANONICAL_UNIT_FIX
0a8e4fe4-bcd4-4ae5-b6c1-044553a86517,7951d684c53fd22e89f5777201bf7453,NetProfitMargin12M,14.915872828258218,14.915872828258218,SAME
0a8e4fe4-bcd4-4ae5-b6c1-044553a86517,7951d684c53fd22e89f5777201bf7453,OperatingMargin12M,20.964184007591474,20.964184007591474,SAME
0a8e4fe4-bcd4-4ae5-b6c1-044553a86517,7951d684c53fd22e89f5777201bf7453,ROE,65.78556092761266,65.78556092761266,SAME
0a8e4fe4-bcd4-4ae5-b6c1-044553a86517,7951d684c53fd22e89f5777201bf7453,PEApprox,8.30579202136538,8.307298487637459,SAME
0a8e4fe4-bcd4-4ae5-b6c1-044553a86517,7951d684c53fd22e89f5777201bf7453,SalesGrowthRank,0.14444444444444443,0.14673913043478262,SAME
0a8e4fe4-bcd4-4ae5-b6c1-044553a86517,7951d684c53fd22e89f5777201bf7453,NetProfitGrowthRank,0.3,0.23938223938223938,FORMULA_CHANGE
0a8e4fe4-bcd4-4ae5-b6c1-044553a86517,7951d684c53fd22e89f5777201bf7453,OperatingMarginRank,0.3,0.34965034965034963,FORMULA_CHANGE
0a8e4fe4-bcd4-4ae5-b6c1-044553a86517,7951d684c53fd22e89f5777201bf7453,PERank,0.5,0.5381818181818182,FORMULA_CHANGE
d3e54010-744b-4177-966a-8b5706b07309,2fe468d2d5a13b43ee3bc672d1fc2c6c,SalesLast12M,405424640000000.0,405424640.0,CANONICAL_UNIT_FIX
d3e54010-744b-4177-966a-8b5706b07309,2fe468d2d5a13b43ee3bc672d1fc2c6c,SalesGrowth12M,23.418922066198945,23.418922066198945,SAME
d3e54010-744b-4177-966a-8b5706b07309,2fe468d2d5a13b43ee3bc672d1fc2c6c,TTMNetProfit,,69389200000.0,LEGACY_HEURISTIC_REMOVED
d3e54010-744b-4177-966a-8b5706b07309,2fe468d2d5a13b43ee3bc672d1fc2c6c,NetProfitMargin12M,,,SAME
d3e54010-744b-4177-966a-8b5706b07309,2fe468d2d5a13b43ee3bc672d1fc2c6c,OperatingMargin12M,,,SAME
d3e54010-744b-4177-966a-8b5706b07309,2fe468d2d5a13b43ee3bc672d1fc2c6c,ROE,,,SAME
d3e54010-744b-4177-966a-8b5706b07309,2fe468d2d5a13b43ee3bc672d1fc2c6c,PEApprox,3.103782735208535,2.5733111204625505,FORMULA_CHANGE
d3e54010-744b-4177-966a-8b5706b07309,2fe468d2d5a13b43ee3bc672d1fc2c6c,SalesGrowthRank,0.12222222222222222,0.125,SAME
d3e54010-744b-4177-966a-8b5706b07309,2fe468d2d5a13b43ee3bc672d1fc2c6c,NetProfitGrowthRank,0.3,0.2277992277992278,FORMULA_CHANGE
d3e54010-744b-4177-966a-8b5706b07309,2fe468d2d5a13b43ee3bc672d1fc2c6c,OperatingMarginRank,0.3,0.3,SAME
d3e54010-744b-4177-966a-8b5706b07309,2fe468d2d5a13b43ee3bc672d1fc2c6c,PERank,0.9624060150375939,0.9781818181818182,FORMULA_CHANGE
81be5f6f-f8d3-4c01-9ef5-ec28582a00d5,0ab048f709cfd236a0ad7aaf542a990c,SalesLast12M,109462677000000.0,109462677.0,CANONICAL_UNIT_FIX
81be5f6f-f8d3-4c01-9ef5-ec28582a00d5,0ab048f709cfd236a0ad7aaf542a990c,SalesGrowth12M,46.59116776735916,46.59116776735916,SAME
81be5f6f-f8d3-4c01-9ef5-ec28582a00d5,0ab048f709cfd236a0ad7aaf542a990c,TTMNetProfit,,49851600000.0,LEGACY_HEURISTIC_REMOVED
81be5f6f-f8d3-4c01-9ef5-ec28582a00d5,0ab048f709cfd236a0ad7aaf542a990c,NetProfitMargin12M,,,SAME
81be5f6f-f8d3-4c01-9ef5-ec28582a00d5,0ab048f709cfd236a0ad7aaf542a990c,OperatingMargin12M,,,SAME
81be5f6f-f8d3-4c01-9ef5-ec28582a00d5,0ab048f709cfd236a0ad7aaf542a990c,ROE,,,SAME
81be5f6f-f8d3-4c01-9ef5-ec28582a00d5,0ab048f709cfd236a0ad7aaf542a990c,PEApprox,9.58795562599049,8.41026165659678,FORMULA_CHANGE
81be5f6f-f8d3-4c01-9ef5-ec28582a00d5,0ab048f709cfd236a0ad7aaf542a990c,SalesGrowthRank,0.2722222222222222,0.2717391304347826,SAME
81be5f6f-f8d3-4c01-9ef5-ec28582a00d5,0ab048f709cfd236a0ad7aaf542a990c,NetProfitGrowthRank,0.3,0.35135135135135137,FORMULA_CHANGE
81be5f6f-f8d3-4c01-9ef5-ec28582a00d5,0ab048f709cfd236a0ad7aaf542a990c,OperatingMarginRank,0.3,0.3,SAME
81be5f6f-f8d3-4c01-9ef5-ec28582a00d5,0ab048f709cfd236a0ad7aaf542a990c,PERank,0.3872180451127819,0.52,FORMULA_CHANGE
c085edd6-8ca4-413a-81db-600e5b32db7f,f014eb1a1c5399dfedbc5d53791ad9ac,SalesLast12M,908062338000000.0,908062338.0,CANONICAL_UNIT_FIX
c085edd6-8ca4-413a-81db-600e5b32db7f,f014eb1a1c5399dfedbc5d53791ad9ac,SalesGrowth12M,60.734892423317845,60.734892423317845,SAME
c085edd6-8ca4-413a-81db-600e5b32db7f,f014eb1a1c5399dfedbc5d53791ad9ac,TTMNetProfit,438772604000000.0,438772604.0,CANONICAL_UNIT_FIX
c085edd6-8ca4-413a-81db-600e5b32db7f,f014eb1a1c5399dfedbc5d53791ad9ac,NetProfitMargin12M,49.987070677158435,49.987070677158435,SAME
c085edd6-8ca4-413a-81db-600e5b32db7f,f014eb1a1c5399dfedbc5d53791ad9ac,OperatingMargin12M,50.61870472478447,50.61870472478447,SAME
c085edd6-8ca4-413a-81db-600e5b32db7f,f014eb1a1c5399dfedbc5d53791ad9ac,ROE,78.9866315635936,78.9866315635936,SAME
c085edd6-8ca4-413a-81db-600e5b32db7f,f014eb1a1c5399dfedbc5d53791ad9ac,PEApprox,0.5455298013245033,7.016472629105069,FORMULA_CHANGE
c085edd6-8ca4-413a-81db-600e5b32db7f,f014eb1a1c5399dfedbc5d53791ad9ac,SalesGrowthRank,0.3888888888888889,0.3858695652173913,SAME
c085edd6-8ca4-413a-81db-600e5b32db7f,f014eb1a1c5399dfedbc5d53791ad9ac,NetProfitGrowthRank,0.3,0.8146718146718147,FORMULA_CHANGE
c085edd6-8ca4-413a-81db-600e5b32db7f,f014eb1a1c5399dfedbc5d53791ad9ac,OperatingMarginRank,0.75,0.7762237762237763,FORMULA_CHANGE
c085edd6-8ca4-413a-81db-600e5b32db7f,f014eb1a1c5399dfedbc5d53791ad9ac,PERank,1.0,0.7018181818181819,FORMULA_CHANGE
e41e3018-f79e-489c-be02-733b51352eef,a274374c43fbb39b5ca1f9afddfea99a,SalesLast12M,21592058000000.0,21592058.0,CANONICAL_UNIT_FIX
e41e3018-f79e-489c-be02-733b51352eef,a274374c43fbb39b5ca1f9afddfea99a,SalesGrowth12M,7.449475194923334,7.449475194923334,SAME
e41e3018-f79e-489c-be02-733b51352eef,a274374c43fbb39b5ca1f9afddfea99a,TTMNetProfit,,20222924344.0,LEGACY_HEURISTIC_REMOVED
e41e3018-f79e-489c-be02-733b51352eef,a274374c43fbb39b5ca1f9afddfea99a,NetProfitMargin12M,,,SAME
e41e3018-f79e-489c-be02-733b51352eef,a274374c43fbb39b5ca1f9afddfea99a,OperatingMargin12M,,,SAME
e41e3018-f79e-489c-be02-733b51352eef,a274374c43fbb39b5ca1f9afddfea99a,ROE,,,SAME
e41e3018-f79e-489c-be02-733b51352eef,a274374c43fbb39b5ca1f9afddfea99a,PEApprox,4.810543657331137,3.8725622955334535,FORMULA_CHANGE
e41e3018-f79e-489c-be02-733b51352eef,a274374c43fbb39b5ca1f9afddfea99a,SalesGrowthRank,0.05555555555555555,0.059782608695652176,SAME
e41e3018-f79e-489c-be02-733b51352eef,a274374c43fbb39b5ca1f9afddfea99a,NetProfitGrowthRank,0.3,0.5444015444015444,FORMULA_CHANGE
e41e3018-f79e-489c-be02-733b51352eef,a274374c43fbb39b5ca1f9afddfea99a,OperatingMarginRank,0.3,0.3,SAME
e41e3018-f79e-489c-be02-733b51352eef,a274374c43fbb39b5ca1f9afddfea99a,PERank,0.8721804511278195,0.9381818181818182,FORMULA_CHANGE
4e01fb83-fe97-45fe-8977-7d755faa519e,257905140790bc29dc5bf9fb900ab7ff,SalesLast12M,,,SAME
4e01fb83-fe97-45fe-8977-7d755faa519e,257905140790bc29dc5bf9fb900ab7ff,SalesGrowth12M,,,SAME
4e01fb83-fe97-45fe-8977-7d755faa519e,257905140790bc29dc5bf9fb900ab7ff,TTMNetProfit,,675000000.0,LEGACY_HEURISTIC_REMOVED
4e01fb83-fe97-45fe-8977-7d755faa519e,257905140790bc29dc5bf9fb900ab7ff,NetProfitMargin12M,,,SAME
4e01fb83-fe97-45fe-8977-7d755faa519e,257905140790bc29dc5bf9fb900ab7ff,OperatingMargin12M,,,SAME
4e01fb83-fe97-45fe-8977-7d755faa519e,257905140790bc29dc5bf9fb900ab7ff,ROE,,,SAME
4e01fb83-fe97-45fe-8977-7d755faa519e,257905140790bc29dc5bf9fb900ab7ff,PEApprox,-19.026128266033254,,FORMULA_CHANGE
4e01fb83-fe97-45fe-8977-7d755faa519e,257905140790bc29dc5bf9fb900ab7ff,SalesGrowthRank,0.3,0.3,SAME
4e01fb83-fe97-45fe-8977-7d755faa519e,257905140790bc29dc5bf9fb900ab7ff,NetProfitGrowthRank,0.3,0.5482625482625483,FORMULA_CHANGE
4e01fb83-fe97-45fe-8977-7d755faa519e,257905140790bc29dc5bf9fb900ab7ff,OperatingMarginRank,0.3,0.3,SAME
4e01fb83-fe97-45fe-8977-7d755faa519e,257905140790bc29dc5bf9fb900ab7ff,PERank,0.0,0.0,SAME
4fc440bf-7dbc-4c28-a1be-a45cd1ba0652,f204dcb930e5f3c8891436b434ca7ef8,SalesLast12M,106364548000000.0,106364548.0,CANONICAL_UNIT_FIX
4fc440bf-7dbc-4c28-a1be-a45cd1ba0652,f204dcb930e5f3c8891436b434ca7ef8,SalesGrowth12M,62.25237796884482,62.25237796884482,SAME
4fc440bf-7dbc-4c28-a1be-a45cd1ba0652,f204dcb930e5f3c8891436b434ca7ef8,TTMNetProfit,15954827000000.0,15954827.0,CANONICAL_UNIT_FIX
4fc440bf-7dbc-4c28-a1be-a45cd1ba0652,f204dcb930e5f3c8891436b434ca7ef8,NetProfitMargin12M,16.64221783097949,16.64221783097949,SAME
4fc440bf-7dbc-4c28-a1be-a45cd1ba0652,f204dcb930e5f3c8891436b434ca7ef8,OperatingMargin12M,15.297928239939596,15.297928239939596,SAME
4fc440bf-7dbc-4c28-a1be-a45cd1ba0652,f204dcb930e5f3c8891436b434ca7ef8,ROE,79.72448657598481,79.72448657598481,SAME
4fc440bf-7dbc-4c28-a1be-a45cd1ba0652,f204dcb930e5f3c8891436b434ca7ef8,PEApprox,6.567261468263668,6.567635468629784,SAME
4fc440bf-7dbc-4c28-a1be-a45cd1ba0652,f204dcb930e5f3c8891436b434ca7ef8,SalesGrowthRank,0.40555555555555556,0.40217391304347827,SAME
4fc440bf-7dbc-4c28-a1be-a45cd1ba0652,f204dcb930e5f3c8891436b434ca7ef8,NetProfitGrowthRank,0.3,0.918918918918919,FORMULA_CHANGE
4fc440bf-7dbc-4c28-a1be-a45cd1ba0652,f204dcb930e5f3c8891436b434ca7ef8,OperatingMarginRank,0.17,0.23076923076923078,FORMULA_CHANGE
4fc440bf-7dbc-4c28-a1be-a45cd1ba0652,f204dcb930e5f3c8891436b434ca7ef8,PERank,0.7218045112781954,0.749090909090909,FORMULA_CHANGE
229203d2-ce92-492e-8384-a6faaf6d0e20,3f3bb26af4a9adedd8678ad845720830,SalesLast12M,55872795000000.0,55872795.0,CANONICAL_UNIT_FIX
229203d2-ce92-492e-8384-a6faaf6d0e20,3f3bb26af4a9adedd8678ad845720830,SalesGrowth12M,26.714951863540787,26.714951863540787,SAME
229203d2-ce92-492e-8384-a6faaf6d0e20,3f3bb26af4a9adedd8678ad845720830,TTMNetProfit,,8086000000.0,LEGACY_HEURISTIC_REMOVED
229203d2-ce92-492e-8384-a6faaf6d0e20,3f3bb26af4a9adedd8678ad845720830,NetProfitMargin12M,,,SAME
229203d2-ce92-492e-8384-a6faaf6d0e20,3f3bb26af4a9adedd8678ad845720830,OperatingMargin12M,,20.44552809645553,MISSING_CANONICAL_DATA
229203d2-ce92-492e-8384-a6faaf6d0e20,3f3bb26af4a9adedd8678ad845720830,ROE,,,SAME
229203d2-ce92-492e-8384-a6faaf6d0e20,3f3bb26af4a9adedd8678ad845720830,PEApprox,10.482315112540192,10.482315112540192,SAME
229203d2-ce92-492e-8384-a6faaf6d0e20,3f3bb26af4a9adedd8678ad845720830,SalesGrowthRank,0.15,0.15217391304347827,SAME
229203d2-ce92-492e-8384-a6faaf6d0e20,3f3bb26af4a9adedd8678ad845720830,NetProfitGrowthRank,0.3,0.40540540540540543,FORMULA_CHANGE
229203d2-ce92-492e-8384-a6faaf6d0e20,3f3bb26af4a9adedd8678ad845720830,OperatingMarginRank,0.3,0.34265734265734266,FORMULA_CHANGE
229203d2-ce92-492e-8384-a6faaf6d0e20,3f3bb26af4a9adedd8678ad845720830,PERank,0.3458646616541353,0.3781818181818182,FORMULA_CHANGE
1ad4dba3-cef4-43f1-bbea-89212ba23e46,046559f7fcc4efeb9b20ea57995da789,SalesLast12M,,,SAME
1ad4dba3-cef4-43f1-bbea-89212ba23e46,046559f7fcc4efeb9b20ea57995da789,SalesGrowth12M,,,SAME
1ad4dba3-cef4-43f1-bbea-89212ba23e46,046559f7fcc4efeb9b20ea57995da789,TTMNetProfit,,80912160000.0,LEGACY_HEURISTIC_REMOVED
1ad4dba3-cef4-43f1-bbea-89212ba23e46,046559f7fcc4efeb9b20ea57995da789,NetProfitMargin12M,,,SAME
1ad4dba3-cef4-43f1-bbea-89212ba23e46,046559f7fcc4efeb9b20ea57995da789,OperatingMargin12M,,,SAME
1ad4dba3-cef4-43f1-bbea-89212ba23e46,046559f7fcc4efeb9b20ea57995da789,ROE,,,SAME
1ad4dba3-cef4-43f1-bbea-89212ba23e46,046559f7fcc4efeb9b20ea57995da789,PEApprox,205.625,6.043704061293136,FORMULA_CHANGE
1ad4dba3-cef4-43f1-bbea-89212ba23e46,046559f7fcc4efeb9b20ea57995da789,SalesGrowthRank,0.3,0.3,SAME
1ad4dba3-cef4-43f1-bbea-89212ba23e46,046559f7fcc4efeb9b20ea57995da789,NetProfitGrowthRank,0.3,0.2471042471042471,FORMULA_CHANGE
1ad4dba3-cef4-43f1-bbea-89212ba23e46,046559f7fcc4efeb9b20ea57995da789,OperatingMarginRank,0.3,0.3,SAME
1ad4dba3-cef4-43f1-bbea-89212ba23e46,046559f7fcc4efeb9b20ea57995da789,PERank,0.0,0.7854545454545454,FORMULA_CHANGE
2c4b50f6-a864-4d15-ba36-58d19b29f8b9,32b0b479f11a3f7399ab159f7f643370,SalesLast12M,30125338000000.0,30125338.0,CANONICAL_UNIT_FIX
2c4b50f6-a864-4d15-ba36-58d19b29f8b9,32b0b479f11a3f7399ab159f7f643370,SalesGrowth12M,115.38503226306464,115.38503226306464,SAME
2c4b50f6-a864-4d15-ba36-58d19b29f8b9,32b0b479f11a3f7399ab159f7f643370,TTMNetProfit,,13950083496.0,LEGACY_HEURISTIC_REMOVED
2c4b50f6-a864-4d15-ba36-58d19b29f8b9,32b0b479f11a3f7399ab159f7f643370,NetProfitMargin12M,,,SAME
2c4b50f6-a864-4d15-ba36-58d19b29f8b9,32b0b479f11a3f7399ab159f7f643370,OperatingMargin12M,,50.343388014961356,MISSING_CANONICAL_DATA
2c4b50f6-a864-4d15-ba36-58d19b29f8b9,32b0b479f11a3f7399ab159f7f643370,ROE,,,SAME
2c4b50f6-a864-4d15-ba36-58d19b29f8b9,32b0b479f11a3f7399ab159f7f643370,PEApprox,9.933774834437086,5.622544411471815,FORMULA_CHANGE
2c4b50f6-a864-4d15-ba36-58d19b29f8b9,32b0b479f11a3f7399ab159f7f643370,SalesGrowthRank,0.7888888888888889,0.782608695652174,SAME
2c4b50f6-a864-4d15-ba36-58d19b29f8b9,32b0b479f11a3f7399ab159f7f643370,NetProfitGrowthRank,0.3,0.918918918918919,FORMULA_CHANGE
2c4b50f6-a864-4d15-ba36-58d19b29f8b9,32b0b479f11a3f7399ab159f7f643370,OperatingMarginRank,0.3,0.7692307692307693,FORMULA_CHANGE
2c4b50f6-a864-4d15-ba36-58d19b29f8b9,32b0b479f11a3f7399ab159f7f643370,PERank,0.36466165413533835,0.8254545454545454,FORMULA_CHANGE
10afeffc-ef6d-4556-a912-7118b41ca443,4b42ff856fa2a4996c5843f6bf85ef50,SalesLast12M,20866004000000.0,20866004.0,CANONICAL_UNIT_FIX
10afeffc-ef6d-4556-a912-7118b41ca443,4b42ff856fa2a4996c5843f6bf85ef50,SalesGrowth12M,25.38232709217973,25.38232709217973,SAME
10afeffc-ef6d-4556-a912-7118b41ca443,4b42ff856fa2a4996c5843f6bf85ef50,TTMNetProfit,,2031130000.0,LEGACY_HEURISTIC_REMOVED
10afeffc-ef6d-4556-a912-7118b41ca443,4b42ff856fa2a4996c5843f6bf85ef50,NetProfitMargin12M,,,SAME
10afeffc-ef6d-4556-a912-7118b41ca443,4b42ff856fa2a4996c5843f6bf85ef50,OperatingMargin12M,,,SAME
10afeffc-ef6d-4556-a912-7118b41ca443,4b42ff856fa2a4996c5843f6bf85ef50,ROE,,,SAME
10afeffc-ef6d-4556-a912-7118b41ca443,4b42ff856fa2a4996c5843f6bf85ef50,PEApprox,7.129380053908355,7.72873966708187,FORMULA_CHANGE
10afeffc-ef6d-4556-a912-7118b41ca443,4b42ff856fa2a4996c5843f6bf85ef50,SalesGrowthRank,0.13333333333333333,0.1358695652173913,SAME
10afeffc-ef6d-4556-a912-7118b41ca443,4b42ff856fa2a4996c5843f6bf85ef50,NetProfitGrowthRank,0.3,0.0694980694980695,FORMULA_CHANGE
10afeffc-ef6d-4556-a912-7118b41ca443,4b42ff856fa2a4996c5843f6bf85ef50,OperatingMarginRank,0.3,0.3,SAME
10afeffc-ef6d-4556-a912-7118b41ca443,4b42ff856fa2a4996c5843f6bf85ef50,PERank,0.6428571428571428,0.6109090909090908,FORMULA_CHANGE
4ab116c4-0627-450e-af57-1dc61acef8f3,ca5267d5258e0569e8890f5e68c841e1,SalesLast12M,35820928000000.0,35820928.0,CANONICAL_UNIT_FIX
4ab116c4-0627-450e-af57-1dc61acef8f3,ca5267d5258e0569e8890f5e68c841e1,SalesGrowth12M,32.770802981609535,32.770802981609535,SAME
4ab116c4-0627-450e-af57-1dc61acef8f3,ca5267d5258e0569e8890f5e68c841e1,TTMNetProfit,,11672370000.0,LEGACY_HEURISTIC_REMOVED
4ab116c4-0627-450e-af57-1dc61acef8f3,ca5267d5258e0569e8890f5e68c841e1,NetProfitMargin12M,,,SAME
4ab116c4-0627-450e-af57-1dc61acef8f3,ca5267d5258e0569e8890f5e68c841e1,OperatingMargin12M,,,SAME
4ab116c4-0627-450e-af57-1dc61acef8f3,ca5267d5258e0569e8890f5e68c841e1,ROE,,,SAME
4ab116c4-0627-450e-af57-1dc61acef8f3,ca5267d5258e0569e8890f5e68c841e1,PEApprox,3.7694145758661888,0.602761050240868,FORMULA_CHANGE
4ab116c4-0627-450e-af57-1dc61acef8f3,ca5267d5258e0569e8890f5e68c841e1,SalesGrowthRank,0.17777777777777778,0.1793478260869565,SAME
4ab116c4-0627-450e-af57-1dc61acef8f3,ca5267d5258e0569e8890f5e68c841e1,NetProfitGrowthRank,0.3,0.5675675675675675,FORMULA_CHANGE
4ab116c4-0627-450e-af57-1dc61acef8f3,ca5267d5258e0569e8890f5e68c841e1,OperatingMarginRank,0.3,0.3,SAME
4ab116c4-0627-450e-af57-1dc61acef8f3,ca5267d5258e0569e8890f5e68c841e1,PERank,0.9473684210526316,1.0,FORMULA_CHANGE
184175cc-bfd5-4856-8f6a-894bae35fef7,e62877018de8682af3ad516f752ad9bb,SalesLast12M,1710629000000.0,1710629.0,CANONICAL_UNIT_FIX
184175cc-bfd5-4856-8f6a-894bae35fef7,e62877018de8682af3ad516f752ad9bb,SalesGrowth12M,-31.10444873417747,-31.10444873417747,SAME
184175cc-bfd5-4856-8f6a-894bae35fef7,e62877018de8682af3ad516f752ad9bb,TTMNetProfit,,,SAME
184175cc-bfd5-4856-8f6a-894bae35fef7,e62877018de8682af3ad516f752ad9bb,NetProfitMargin12M,,,SAME
184175cc-bfd5-4856-8f6a-894bae35fef7,e62877018de8682af3ad516f752ad9bb,OperatingMargin12M,,,SAME
184175cc-bfd5-4856-8f6a-894bae35fef7,e62877018de8682af3ad516f752ad9bb,ROE,,,SAME
184175cc-bfd5-4856-8f6a-894bae35fef7,e62877018de8682af3ad516f752ad9bb,PEApprox,,,SAME
184175cc-bfd5-4856-8f6a-894bae35fef7,e62877018de8682af3ad516f752ad9bb,SalesGrowthRank,0.005555555555555556,0.010869565217391304,SAME
184175cc-bfd5-4856-8f6a-894bae35fef7,e62877018de8682af3ad516f752ad9bb,NetProfitGrowthRank,0.3,0.3,SAME
184175cc-bfd5-4856-8f6a-894bae35fef7,e62877018de8682af3ad516f752ad9bb,OperatingMarginRank,0.3,0.3,SAME
184175cc-bfd5-4856-8f6a-894bae35fef7,e62877018de8682af3ad516f752ad9bb,PERank,0.0,0.0,SAME
16a036b2-0940-4b90-b62f-5471067a0e45,067ba4a186448d230d296b1ce604d32f,SalesLast12M,610191167000000.0,610191167.0,CANONICAL_UNIT_FIX
16a036b2-0940-4b90-b62f-5471067a0e45,067ba4a186448d230d296b1ce604d32f,SalesGrowth12M,85.41821233459062,85.41821233459062,SAME
16a036b2-0940-4b90-b62f-5471067a0e45,067ba4a186448d230d296b1ce604d32f,TTMNetProfit,94552734000000.0,94552734.0,CANONICAL_UNIT_FIX
16a036b2-0940-4b90-b62f-5471067a0e45,067ba4a186448d230d296b1ce604d32f,NetProfitMargin12M,17.581039578368472,17.581039578368472,SAME
16a036b2-0940-4b90-b62f-5471067a0e45,067ba4a186448d230d296b1ce604d32f,OperatingMargin12M,27.662687711799034,27.662687711799034,SAME
16a036b2-0940-4b90-b62f-5471067a0e45,067ba4a186448d230d296b1ce604d32f,ROE,53.622858300173235,53.622858300173235,SAME
16a036b2-0940-4b90-b62f-5471067a0e45,067ba4a186448d230d296b1ce604d32f,PEApprox,8.183894917190177,8.182749898700202,SAME
16a036b2-0940-4b90-b62f-5471067a0e45,067ba4a186448d230d296b1ce604d32f,SalesGrowthRank,0.5833333333333334,0.5815217391304348,SAME
16a036b2-0940-4b90-b62f-5471067a0e45,067ba4a186448d230d296b1ce604d32f,NetProfitGrowthRank,0.3,0.7760617760617761,FORMULA_CHANGE
16a036b2-0940-4b90-b62f-5471067a0e45,067ba4a186448d230d296b1ce604d32f,OperatingMarginRank,0.47,0.5174825174825175,FORMULA_CHANGE
16a036b2-0940-4b90-b62f-5471067a0e45,067ba4a186448d230d296b1ce604d32f,PERank,0.5263157894736843,0.5672727272727273,FORMULA_CHANGE
cbb1fd64-fdbb-4812-abb5-80f74db50bd1,63a5bb96ab3f48206ee3e201f4ac9d85,SalesLast12M,36371547000000.0,36371547.0,CANONICAL_UNIT_FIX
cbb1fd64-fdbb-4812-abb5-80f74db50bd1,63a5bb96ab3f48206ee3e201f4ac9d85,SalesGrowth12M,73.16692019282272,73.16692019282272,SAME
cbb1fd64-fdbb-4812-abb5-80f74db50bd1,63a5bb96ab3f48206ee3e201f4ac9d85,TTMNetProfit,4440071000000.0,4440071.0,CANONICAL_UNIT_FIX
cbb1fd64-fdbb-4812-abb5-80f74db50bd1,63a5bb96ab3f48206ee3e201f4ac9d85,NetProfitMargin12M,14.195880645118283,14.195880645118283,SAME
cbb1fd64-fdbb-4812-abb5-80f74db50bd1,63a5bb96ab3f48206ee3e201f4ac9d85,OperatingMargin12M,17.059447720652813,17.059447720652813,SAME
cbb1fd64-fdbb-4812-abb5-80f74db50bd1,63a5bb96ab3f48206ee3e201f4ac9d85,ROE,40.126619148712926,40.126619148712926,SAME
cbb1fd64-fdbb-4812-abb5-80f74db50bd1,63a5bb96ab3f48206ee3e201f4ac9d85,PEApprox,7.407550077041602,7.407604782295898,SAME
cbb1fd64-fdbb-4812-abb5-80f74db50bd1,63a5bb96ab3f48206ee3e201f4ac9d85,SalesGrowthRank,0.48333333333333334,0.483695652173913,SAME
cbb1fd64-fdbb-4812-abb5-80f74db50bd1,63a5bb96ab3f48206ee3e201f4ac9d85,NetProfitGrowthRank,0.3,0.918918918918919,FORMULA_CHANGE
cbb1fd64-fdbb-4812-abb5-80f74db50bd1,63a5bb96ab3f48206ee3e201f4ac9d85,OperatingMarginRank,0.22,0.2727272727272727,FORMULA_CHANGE
cbb1fd64-fdbb-4812-abb5-80f74db50bd1,63a5bb96ab3f48206ee3e201f4ac9d85,PERank,0.6090225563909775,0.6472727272727272,FORMULA_CHANGE
33f00982-fdb7-44d6-95fd-dd373359a152,2f418d231f33b1c2a4dd596f18096bc7,SalesLast12M,,,SAME
33f00982-fdb7-44d6-95fd-dd373359a152,2f418d231f33b1c2a4dd596f18096bc7,SalesGrowth12M,,,SAME
33f00982-fdb7-44d6-95fd-dd373359a152,2f418d231f33b1c2a4dd596f18096bc7,TTMNetProfit,,62400000000.0,LEGACY_HEURISTIC_REMOVED
33f00982-fdb7-44d6-95fd-dd373359a152,2f418d231f33b1c2a4dd596f18096bc7,NetProfitMargin12M,,,SAME
33f00982-fdb7-44d6-95fd-dd373359a152,2f418d231f33b1c2a4dd596f18096bc7,OperatingMargin12M,,,SAME
33f00982-fdb7-44d6-95fd-dd373359a152,2f418d231f33b1c2a4dd596f18096bc7,ROE,,,SAME
33f00982-fdb7-44d6-95fd-dd373359a152,2f418d231f33b1c2a4dd596f18096bc7,PEApprox,2.3076923076923075,2.3076923076923075,SAME
33f00982-fdb7-44d6-95fd-dd373359a152,2f418d231f33b1c2a4dd596f18096bc7,SalesGrowthRank,0.3,0.3,SAME
33f00982-fdb7-44d6-95fd-dd373359a152,2f418d231f33b1c2a4dd596f18096bc7,NetProfitGrowthRank,0.3,0.5868725868725869,FORMULA_CHANGE
33f00982-fdb7-44d6-95fd-dd373359a152,2f418d231f33b1c2a4dd596f18096bc7,OperatingMarginRank,0.3,0.3,SAME
33f00982-fdb7-44d6-95fd-dd373359a152,2f418d231f33b1c2a4dd596f18096bc7,PERank,0.981203007518797,0.9854545454545455,SAME
e5818763-8e23-412e-a935-b2b8c350f8ae,e863456493cc72d8dc255c72551f3c26,SalesLast12M,,,SAME
e5818763-8e23-412e-a935-b2b8c350f8ae,e863456493cc72d8dc255c72551f3c26,SalesGrowth12M,,,SAME
e5818763-8e23-412e-a935-b2b8c350f8ae,e863456493cc72d8dc255c72551f3c26,TTMNetProfit,,5008221887.0,LEGACY_HEURISTIC_REMOVED
e5818763-8e23-412e-a935-b2b8c350f8ae,e863456493cc72d8dc255c72551f3c26,NetProfitMargin12M,,,SAME
e5818763-8e23-412e-a935-b2b8c350f8ae,e863456493cc72d8dc255c72551f3c26,OperatingMargin12M,,,SAME
e5818763-8e23-412e-a935-b2b8c350f8ae,e863456493cc72d8dc255c72551f3c26,ROE,,,SAME
e5818763-8e23-412e-a935-b2b8c350f8ae,e863456493cc72d8dc255c72551f3c26,PEApprox,11.99476439790576,11.99476439790576,SAME
e5818763-8e23-412e-a935-b2b8c350f8ae,e863456493cc72d8dc255c72551f3c26,SalesGrowthRank,0.3,0.3,SAME
e5818763-8e23-412e-a935-b2b8c350f8ae,e863456493cc72d8dc255c72551f3c26,NetProfitGrowthRank,0.3,0.6563706563706564,FORMULA_CHANGE
e5818763-8e23-412e-a935-b2b8c350f8ae,e863456493cc72d8dc255c72551f3c26,OperatingMarginRank,0.3,0.3,SAME
e5818763-8e23-412e-a935-b2b8c350f8ae,e863456493cc72d8dc255c72551f3c26,PERank,0.2857142857142857,0.34545454545454546,FORMULA_CHANGE
c363eecd-eb9b-4924-bdf2-be80e83acc32,7f03a704085688ac90d02018a42c8162,SalesLast12M,196710000000000.0,196710000.0,CANONICAL_UNIT_FIX
c363eecd-eb9b-4924-bdf2-be80e83acc32,7f03a704085688ac90d02018a42c8162,SalesGrowth12M,30.566065523137325,30.566065523137325,SAME
c363eecd-eb9b-4924-bdf2-be80e83acc32,7f03a704085688ac90d02018a42c8162,TTMNetProfit,,6229745000.0,LEGACY_HEURISTIC_REMOVED
c363eecd-eb9b-4924-bdf2-be80e83acc32,7f03a704085688ac90d02018a42c8162,NetProfitMargin12M,,,SAME
c363eecd-eb9b-4924-bdf2-be80e83acc32,7f03a704085688ac90d02018a42c8162,OperatingMargin12M,,,SAME
c363eecd-eb9b-4924-bdf2-be80e83acc32,7f03a704085688ac90d02018a42c8162,ROE,,,SAME
c363eecd-eb9b-4924-bdf2-be80e83acc32,7f03a704085688ac90d02018a42c8162,PEApprox,7.804621848739496,23.487155573783518,FORMULA_CHANGE
c363eecd-eb9b-4924-bdf2-be80e83acc32,7f03a704085688ac90d02018a42c8162,SalesGrowthRank,0.16666666666666666,0.16847826086956522,SAME
c363eecd-eb9b-4924-bdf2-be80e83acc32,7f03a704085688ac90d02018a42c8162,NetProfitGrowthRank,0.3,0.03088803088803089,FORMULA_CHANGE
c363eecd-eb9b-4924-bdf2-be80e83acc32,7f03a704085688ac90d02018a42c8162,OperatingMarginRank,0.3,0.3,SAME
c363eecd-eb9b-4924-bdf2-be80e83acc32,7f03a704085688ac90d02018a42c8162,PERank,0.5639097744360902,0.24,FORMULA_CHANGE
425e914f-bd36-487b-94b8-2b180a679977,8ae97b44c2d9568e972acecf665519f7,SalesLast12M,,,SAME
425e914f-bd36-487b-94b8-2b180a679977,8ae97b44c2d9568e972acecf665519f7,SalesGrowth12M,,,SAME
425e914f-bd36-487b-94b8-2b180a679977,8ae97b44c2d9568e972acecf665519f7,TTMNetProfit,,12524800000.0,LEGACY_HEURISTIC_REMOVED
425e914f-bd36-487b-94b8-2b180a679977,8ae97b44c2d9568e972acecf665519f7,NetProfitMargin12M,,,SAME
425e914f-bd36-487b-94b8-2b180a679977,8ae97b44c2d9568e972acecf665519f7,OperatingMargin12M,,,SAME
425e914f-bd36-487b-94b8-2b180a679977,8ae97b44c2d9568e972acecf665519f7,ROE,,,SAME
425e914f-bd36-487b-94b8-2b180a679977,8ae97b44c2d9568e972acecf665519f7,PEApprox,17.57281553398058,17.57281553398058,SAME
425e914f-bd36-487b-94b8-2b180a679977,8ae97b44c2d9568e972acecf665519f7,SalesGrowthRank,0.3,0.3,SAME
425e914f-bd36-487b-94b8-2b180a679977,8ae97b44c2d9568e972acecf665519f7,NetProfitGrowthRank,0.3,0.3088803088803089,SAME
425e914f-bd36-487b-94b8-2b180a679977,8ae97b44c2d9568e972acecf665519f7,OperatingMarginRank,0.3,0.3,SAME
425e914f-bd36-487b-94b8-2b180a679977,8ae97b44c2d9568e972acecf665519f7,PERank,0.20300751879699253,0.27636363636363637,FORMULA_CHANGE
031272dd-b7bb-4c75-8b9d-bae9b708b18b,6dd3fb203bb12fdd017e1f59fc61b9c6,SalesLast12M,,,SAME
031272dd-b7bb-4c75-8b9d-bae9b708b18b,6dd3fb203bb12fdd017e1f59fc61b9c6,SalesGrowth12M,,,SAME
031272dd-b7bb-4c75-8b9d-bae9b708b18b,6dd3fb203bb12fdd017e1f59fc61b9c6,TTMNetProfit,53520682000000.0,53520682.0,CANONICAL_UNIT_FIX
031272dd-b7bb-4c75-8b9d-bae9b708b18b,6dd3fb203bb12fdd017e1f59fc61b9c6,NetProfitMargin12M,65.50053939349525,65.50053939349525,SAME
031272dd-b7bb-4c75-8b9d-bae9b708b18b,6dd3fb203bb12fdd017e1f59fc61b9c6,OperatingMargin12M,95.86999640143252,95.86999640143252,SAME
031272dd-b7bb-4c75-8b9d-bae9b708b18b,6dd3fb203bb12fdd017e1f59fc61b9c6,ROE,29.911900069773424,29.911900069773424,SAME
031272dd-b7bb-4c75-8b9d-bae9b708b18b,6dd3fb203bb12fdd017e1f59fc61b9c6,PEApprox,38.87767969735183,38.87318754461987,SAME
031272dd-b7bb-4c75-8b9d-bae9b708b18b,6dd3fb203bb12fdd017e1f59fc61b9c6,SalesGrowthRank,0.3,0.3,SAME
031272dd-b7bb-4c75-8b9d-bae9b708b18b,6dd3fb203bb12fdd017e1f59fc61b9c6,NetProfitGrowthRank,0.3,0.6872586872586872,FORMULA_CHANGE
031272dd-b7bb-4c75-8b9d-bae9b708b18b,6dd3fb203bb12fdd017e1f59fc61b9c6,OperatingMarginRank,0.98,0.9790209790209791,SAME
031272dd-b7bb-4c75-8b9d-bae9b708b18b,6dd3fb203bb12fdd017e1f59fc61b9c6,PERank,0.13157894736842102,0.1890909090909091,FORMULA_CHANGE
22bc153e-8dc3-4518-8b91-641807401428,8fb84e957a6f7f5f8c85bfea0a6625fc,SalesLast12M,,,SAME
22bc153e-8dc3-4518-8b91-641807401428,8fb84e957a6f7f5f8c85bfea0a6625fc,SalesGrowth12M,,,SAME
22bc153e-8dc3-4518-8b91-641807401428,8fb84e957a6f7f5f8c85bfea0a6625fc,TTMNetProfit,,172003500000.0,LEGACY_HEURISTIC_REMOVED
22bc153e-8dc3-4518-8b91-641807401428,8fb84e957a6f7f5f8c85bfea0a6625fc,NetProfitMargin12M,,,SAME
22bc153e-8dc3-4518-8b91-641807401428,8fb84e957a6f7f5f8c85bfea0a6625fc,OperatingMargin12M,,,SAME
22bc153e-8dc3-4518-8b91-641807401428,8fb84e957a6f7f5f8c85bfea0a6625fc,ROE,,,SAME
22bc153e-8dc3-4518-8b91-641807401428,8fb84e957a6f7f5f8c85bfea0a6625fc,PEApprox,3.6627844855219576,24.214739816340945,FORMULA_CHANGE
22bc153e-8dc3-4518-8b91-641807401428,8fb84e957a6f7f5f8c85bfea0a6625fc,SalesGrowthRank,0.3,0.3,SAME
22bc153e-8dc3-4518-8b91-641807401428,8fb84e957a6f7f5f8c85bfea0a6625fc,NetProfitGrowthRank,0.3,0.918918918918919,FORMULA_CHANGE
22bc153e-8dc3-4518-8b91-641807401428,8fb84e957a6f7f5f8c85bfea0a6625fc,OperatingMarginRank,0.3,0.3,SAME
22bc153e-8dc3-4518-8b91-641807401428,8fb84e957a6f7f5f8c85bfea0a6625fc,PERank,0.9548872180451128,0.23636363636363633,FORMULA_CHANGE
9c39ffde-2be2-4831-ab24-a97b65553f9c,0d19caedc1f47bfbce6949cc9fd54846,SalesLast12M,21748176000000.0,21748176.0,CANONICAL_UNIT_FIX
9c39ffde-2be2-4831-ab24-a97b65553f9c,0d19caedc1f47bfbce6949cc9fd54846,SalesGrowth12M,79.3171672701161,79.3171672701161,SAME
9c39ffde-2be2-4831-ab24-a97b65553f9c,0d19caedc1f47bfbce6949cc9fd54846,TTMNetProfit,,-1371368032.0,LEGACY_HEURISTIC_REMOVED
9c39ffde-2be2-4831-ab24-a97b65553f9c,0d19caedc1f47bfbce6949cc9fd54846,NetProfitMargin12M,,,SAME
9c39ffde-2be2-4831-ab24-a97b65553f9c,0d19caedc1f47bfbce6949cc9fd54846,OperatingMargin12M,,,SAME
9c39ffde-2be2-4831-ab24-a97b65553f9c,0d19caedc1f47bfbce6949cc9fd54846,ROE,,,SAME
9c39ffde-2be2-4831-ab24-a97b65553f9c,0d19caedc1f47bfbce6949cc9fd54846,PEApprox,-62.7536231884058,,FORMULA_CHANGE
9c39ffde-2be2-4831-ab24-a97b65553f9c,0d19caedc1f47bfbce6949cc9fd54846,SalesGrowthRank,0.5222222222222223,0.5217391304347826,SAME
9c39ffde-2be2-4831-ab24-a97b65553f9c,0d19caedc1f47bfbce6949cc9fd54846,NetProfitGrowthRank,0.3,0.3281853281853282,FORMULA_CHANGE
9c39ffde-2be2-4831-ab24-a97b65553f9c,0d19caedc1f47bfbce6949cc9fd54846,OperatingMarginRank,0.3,0.3,SAME
9c39ffde-2be2-4831-ab24-a97b65553f9c,0d19caedc1f47bfbce6949cc9fd54846,PERank,0.0,0.0,SAME
f7fa97c9-6afd-4019-afff-82a8ae0306dd,7545952cb53929c1c7836fa12c77de87,SalesLast12M,,,SAME
f7fa97c9-6afd-4019-afff-82a8ae0306dd,7545952cb53929c1c7836fa12c77de87,SalesGrowth12M,,,SAME
f7fa97c9-6afd-4019-afff-82a8ae0306dd,7545952cb53929c1c7836fa12c77de87,TTMNetProfit,,950523817936.0,LEGACY_HEURISTIC_REMOVED
f7fa97c9-6afd-4019-afff-82a8ae0306dd,7545952cb53929c1c7836fa12c77de87,NetProfitMargin12M,,32.42036435862085,MISSING_CANONICAL_DATA
f7fa97c9-6afd-4019-afff-82a8ae0306dd,7545952cb53929c1c7836fa12c77de87,OperatingMargin12M,,24.699390478030214,MISSING_CANONICAL_DATA
f7fa97c9-6afd-4019-afff-82a8ae0306dd,7545952cb53929c1c7836fa12c77de87,ROE,,,SAME
f7fa97c9-6afd-4019-afff-82a8ae0306dd,7545952cb53929c1c7836fa12c77de87,PEApprox,5.955249569707401,5.955249569707401,SAME
f7fa97c9-6afd-4019-afff-82a8ae0306dd,7545952cb53929c1c7836fa12c77de87,SalesGrowthRank,0.3,0.3,SAME
f7fa97c9-6afd-4019-afff-82a8ae0306dd,7545952cb53929c1c7836fa12c77de87,NetProfitGrowthRank,0.3,0.918918918918919,FORMULA_CHANGE
f7fa97c9-6afd-4019-afff-82a8ae0306dd,7545952cb53929c1c7836fa12c77de87,OperatingMarginRank,0.3,0.44755244755244755,FORMULA_CHANGE
f7fa97c9-6afd-4019-afff-82a8ae0306dd,7545952cb53929c1c7836fa12c77de87,PERank,0.793233082706767,0.7927272727272727,SAME
c4ec791b-7b2e-4a18-a0fa-c5c8a97d9a94,02d0fb54342c0cc17bc1062d7d88f448,SalesLast12M,23008031000000.0,23008031.0,CANONICAL_UNIT_FIX
c4ec791b-7b2e-4a18-a0fa-c5c8a97d9a94,02d0fb54342c0cc17bc1062d7d88f448,SalesGrowth12M,83.36230774797151,83.36230774797151,SAME
c4ec791b-7b2e-4a18-a0fa-c5c8a97d9a94,02d0fb54342c0cc17bc1062d7d88f448,TTMNetProfit,,4296270000.0,LEGACY_HEURISTIC_REMOVED
c4ec791b-7b2e-4a18-a0fa-c5c8a97d9a94,02d0fb54342c0cc17bc1062d7d88f448,NetProfitMargin12M,,,SAME
c4ec791b-7b2e-4a18-a0fa-c5c8a97d9a94,02d0fb54342c0cc17bc1062d7d88f448,OperatingMargin12M,,,SAME
c4ec791b-7b2e-4a18-a0fa-c5c8a97d9a94,02d0fb54342c0cc17bc1062d7d88f448,ROE,,,SAME
c4ec791b-7b2e-4a18-a0fa-c5c8a97d9a94,02d0fb54342c0cc17bc1062d7d88f448,PEApprox,170.71428571428572,9.345781340558204,FORMULA_CHANGE
c4ec791b-7b2e-4a18-a0fa-c5c8a97d9a94,02d0fb54342c0cc17bc1062d7d88f448,SalesGrowthRank,0.5611111111111111,0.5597826086956522,SAME
c4ec791b-7b2e-4a18-a0fa-c5c8a97d9a94,02d0fb54342c0cc17bc1062d7d88f448,NetProfitGrowthRank,0.3,0.3861003861003861,FORMULA_CHANGE
c4ec791b-7b2e-4a18-a0fa-c5c8a97d9a94,02d0fb54342c0cc17bc1062d7d88f448,OperatingMarginRank,0.3,0.3,SAME
c4ec791b-7b2e-4a18-a0fa-c5c8a97d9a94,02d0fb54342c0cc17bc1062d7d88f448,PERank,0.0,0.44727272727272727,FORMULA_CHANGE
a1923bf6-15cf-4d60-8dd1-bdea7f452d94,9bd78c98b11a21d9cff6e5172cad1d14,SalesLast12M,325134280000000.0,325134280.0,CANONICAL_UNIT_FIX
a1923bf6-15cf-4d60-8dd1-bdea7f452d94,9bd78c98b11a21d9cff6e5172cad1d14,SalesGrowth12M,10.958115853954983,10.958115853954983,SAME
a1923bf6-15cf-4d60-8dd1-bdea7f452d94,9bd78c98b11a21d9cff6e5172cad1d14,TTMNetProfit,,4847863360.0,LEGACY_HEURISTIC_REMOVED
a1923bf6-15cf-4d60-8dd1-bdea7f452d94,9bd78c98b11a21d9cff6e5172cad1d14,NetProfitMargin12M,,,SAME
a1923bf6-15cf-4d60-8dd1-bdea7f452d94,9bd78c98b11a21d9cff6e5172cad1d14,OperatingMargin12M,,,SAME
a1923bf6-15cf-4d60-8dd1-bdea7f452d94,9bd78c98b11a21d9cff6e5172cad1d14,ROE,,,SAME
a1923bf6-15cf-4d60-8dd1-bdea7f452d94,9bd78c98b11a21d9cff6e5172cad1d14,PEApprox,20.941176470588236,33.725282884210664,FORMULA_CHANGE
a1923bf6-15cf-4d60-8dd1-bdea7f452d94,9bd78c98b11a21d9cff6e5172cad1d14,SalesGrowthRank,0.07222222222222222,0.07608695652173914,SAME
a1923bf6-15cf-4d60-8dd1-bdea7f452d94,9bd78c98b11a21d9cff6e5172cad1d14,NetProfitGrowthRank,0.3,0.02702702702702703,FORMULA_CHANGE
a1923bf6-15cf-4d60-8dd1-bdea7f452d94,9bd78c98b11a21d9cff6e5172cad1d14,OperatingMarginRank,0.3,0.3,SAME
a1923bf6-15cf-4d60-8dd1-bdea7f452d94,9bd78c98b11a21d9cff6e5172cad1d14,PERank,0.18796992481203012,0.20363636363636362,FORMULA_CHANGE
b210a8c8-6979-4e8c-8357-139d57e61df7,6e0ae81a60f8c7f6c7f0ba5597f87225,SalesLast12M,,,SAME
b210a8c8-6979-4e8c-8357-139d57e61df7,6e0ae81a60f8c7f6c7f0ba5597f87225,SalesGrowth12M,,,SAME
b210a8c8-6979-4e8c-8357-139d57e61df7,6e0ae81a60f8c7f6c7f0ba5597f87225,TTMNetProfit,,,SAME
b210a8c8-6979-4e8c-8357-139d57e61df7,6e0ae81a60f8c7f6c7f0ba5597f87225,NetProfitMargin12M,,,SAME
b210a8c8-6979-4e8c-8357-139d57e61df7,6e0ae81a60f8c7f6c7f0ba5597f87225,OperatingMargin12M,,,SAME
b210a8c8-6979-4e8c-8357-139d57e61df7,6e0ae81a60f8c7f6c7f0ba5597f87225,ROE,,,SAME
b210a8c8-6979-4e8c-8357-139d57e61df7,6e0ae81a60f8c7f6c7f0ba5597f87225,PEApprox,20.70383912248629,,FORMULA_CHANGE
b210a8c8-6979-4e8c-8357-139d57e61df7,6e0ae81a60f8c7f6c7f0ba5597f87225,SalesGrowthRank,0.3,0.3,SAME
b210a8c8-6979-4e8c-8357-139d57e61df7,6e0ae81a60f8c7f6c7f0ba5597f87225,NetProfitGrowthRank,0.3,0.6833976833976834,FORMULA_CHANGE
b210a8c8-6979-4e8c-8357-139d57e61df7,6e0ae81a60f8c7f6c7f0ba5597f87225,OperatingMarginRank,0.3,0.3,SAME
b210a8c8-6979-4e8c-8357-139d57e61df7,6e0ae81a60f8c7f6c7f0ba5597f87225,PERank,0.19172932330827064,0.0,FORMULA_CHANGE
a523e463-796f-4d5e-8090-0cbb5cf0b723,2dcd8b1b42da502813fb5b275d5e288e,SalesLast12M,18229133000000.0,18229133.0,CANONICAL_UNIT_FIX
a523e463-796f-4d5e-8090-0cbb5cf0b723,2dcd8b1b42da502813fb5b275d5e288e,SalesGrowth12M,103.98122477808293,103.98122477808293,SAME
a523e463-796f-4d5e-8090-0cbb5cf0b723,2dcd8b1b42da502813fb5b275d5e288e,TTMNetProfit,,4594560000.0,LEGACY_HEURISTIC_REMOVED
a523e463-796f-4d5e-8090-0cbb5cf0b723,2dcd8b1b42da502813fb5b275d5e288e,NetProfitMargin12M,,,SAME
a523e463-796f-4d5e-8090-0cbb5cf0b723,2dcd8b1b42da502813fb5b275d5e288e,OperatingMargin12M,,,SAME
a523e463-796f-4d5e-8090-0cbb5cf0b723,2dcd8b1b42da502813fb5b275d5e288e,ROE,,,SAME
a523e463-796f-4d5e-8090-0cbb5cf0b723,2dcd8b1b42da502813fb5b275d5e288e,PEApprox,6.473399833748961,6.50856665273715,FORMULA_CHANGE
a523e463-796f-4d5e-8090-0cbb5cf0b723,2dcd8b1b42da502813fb5b275d5e288e,SalesGrowthRank,0.7388888888888889,0.7336956521739131,SAME
a523e463-796f-4d5e-8090-0cbb5cf0b723,2dcd8b1b42da502813fb5b275d5e288e,NetProfitGrowthRank,0.3,0.5598455598455598,FORMULA_CHANGE
a523e463-796f-4d5e-8090-0cbb5cf0b723,2dcd8b1b42da502813fb5b275d5e288e,OperatingMarginRank,0.3,0.3,SAME
a523e463-796f-4d5e-8090-0cbb5cf0b723,2dcd8b1b42da502813fb5b275d5e288e,PERank,0.7330827067669172,0.7563636363636363,FORMULA_CHANGE
dce80742-f6f8-46d0-925e-daf3d8416a4b,9699d9e476a96e2efa79e1d55f75a297,SalesLast12M,,,SAME
dce80742-f6f8-46d0-925e-daf3d8416a4b,9699d9e476a96e2efa79e1d55f75a297,SalesGrowth12M,,,SAME
dce80742-f6f8-46d0-925e-daf3d8416a4b,9699d9e476a96e2efa79e1d55f75a297,TTMNetProfit,75355611000000.0,75355611.0,CANONICAL_UNIT_FIX
dce80742-f6f8-46d0-925e-daf3d8416a4b,9699d9e476a96e2efa79e1d55f75a297,NetProfitMargin12M,95.17988372195686,95.17988372195686,SAME
dce80742-f6f8-46d0-925e-daf3d8416a4b,9699d9e476a96e2efa79e1d55f75a297,OperatingMargin12M,96.21592329176167,96.21592329176167,SAME
dce80742-f6f8-46d0-925e-daf3d8416a4b,9699d9e476a96e2efa79e1d55f75a297,ROE,21.403435595215655,21.403435595215655,SAME
dce80742-f6f8-46d0-925e-daf3d8416a4b,9699d9e476a96e2efa79e1d55f75a297,PEApprox,4.622540250447227,4.6458680942758885,FORMULA_CHANGE
dce80742-f6f8-46d0-925e-daf3d8416a4b,9699d9e476a96e2efa79e1d55f75a297,SalesGrowthRank,0.3,0.3,SAME
dce80742-f6f8-46d0-925e-daf3d8416a4b,9699d9e476a96e2efa79e1d55f75a297,NetProfitGrowthRank,0.3,0.8301158301158301,FORMULA_CHANGE
dce80742-f6f8-46d0-925e-daf3d8416a4b,9699d9e476a96e2efa79e1d55f75a297,OperatingMarginRank,0.98,0.9790209790209791,SAME
dce80742-f6f8-46d0-925e-daf3d8416a4b,9699d9e476a96e2efa79e1d55f75a297,PERank,0.8834586466165414,0.8945454545454545,FORMULA_CHANGE
30c259a0-53f0-4282-95c6-21f4a7658099,e60b29bf5ce7f167ddc4039487210d2f,SalesLast12M,35976996000000.0,35976996.0,CANONICAL_UNIT_FIX
30c259a0-53f0-4282-95c6-21f4a7658099,e60b29bf5ce7f167ddc4039487210d2f,SalesGrowth12M,80.632437024407,80.632437024407,SAME
30c259a0-53f0-4282-95c6-21f4a7658099,e60b29bf5ce7f167ddc4039487210d2f,TTMNetProfit,,14321800000.0,LEGACY_HEURISTIC_REMOVED
30c259a0-53f0-4282-95c6-21f4a7658099,e60b29bf5ce7f167ddc4039487210d2f,NetProfitMargin12M,,,SAME
30c259a0-53f0-4282-95c6-21f4a7658099,e60b29bf5ce7f167ddc4039487210d2f,OperatingMargin12M,,,SAME
30c259a0-53f0-4282-95c6-21f4a7658099,e60b29bf5ce7f167ddc4039487210d2f,ROE,,,SAME
30c259a0-53f0-4282-95c6-21f4a7658099,e60b29bf5ce7f167ddc4039487210d2f,PEApprox,7.05166270783848,10.281528858104428,FORMULA_CHANGE
30c259a0-53f0-4282-95c6-21f4a7658099,e60b29bf5ce7f167ddc4039487210d2f,SalesGrowthRank,0.5444444444444444,0.5434782608695652,SAME
30c259a0-53f0-4282-95c6-21f4a7658099,e60b29bf5ce7f167ddc4039487210d2f,NetProfitGrowthRank,0.3,0.7027027027027027,FORMULA_CHANGE
30c259a0-53f0-4282-95c6-21f4a7658099,e60b29bf5ce7f167ddc4039487210d2f,OperatingMarginRank,0.3,0.3,SAME
30c259a0-53f0-4282-95c6-21f4a7658099,e60b29bf5ce7f167ddc4039487210d2f,PERank,0.6616541353383458,0.4,FORMULA_CHANGE
a7c91010-34f4-416f-aad1-69d0560fb93f,fa2e3267b28da291dc990ba6910786d0,SalesLast12M,269587082000000.0,269587082.0,CANONICAL_UNIT_FIX
a7c91010-34f4-416f-aad1-69d0560fb93f,fa2e3267b28da291dc990ba6910786d0,SalesGrowth12M,45.97959141094417,45.97959141094417,SAME
a7c91010-34f4-416f-aad1-69d0560fb93f,fa2e3267b28da291dc990ba6910786d0,TTMNetProfit,83705939000000.0,83705939.0,CANONICAL_UNIT_FIX
a7c91010-34f4-416f-aad1-69d0560fb93f,fa2e3267b28da291dc990ba6910786d0,NetProfitMargin12M,32.67496582361048,32.67496582361048,SAME
a7c91010-34f4-416f-aad1-69d0560fb93f,fa2e3267b28da291dc990ba6910786d0,OperatingMargin12M,34.862310573641246,34.862310573641246,SAME
a7c91010-34f4-416f-aad1-69d0560fb93f,fa2e3267b28da291dc990ba6910786d0,ROE,193.1194529104128,193.1194529104128,SAME
a7c91010-34f4-416f-aad1-69d0560fb93f,fa2e3267b28da291dc990ba6910786d0,PEApprox,7.225288509784245,7.225071654182832,SAME
a7c91010-34f4-416f-aad1-69d0560fb93f,fa2e3267b28da291dc990ba6910786d0,SalesGrowthRank,0.26666666666666666,0.266304347826087,SAME
a7c91010-34f4-416f-aad1-69d0560fb93f,fa2e3267b28da291dc990ba6910786d0,NetProfitGrowthRank,0.3,0.7413127413127413,FORMULA_CHANGE
a7c91010-34f4-416f-aad1-69d0560fb93f,fa2e3267b28da291dc990ba6910786d0,OperatingMarginRank,0.56,0.6153846153846154,FORMULA_CHANGE
a7c91010-34f4-416f-aad1-69d0560fb93f,fa2e3267b28da291dc990ba6910786d0,PERank,0.6353383458646616,0.6727272727272727,FORMULA_CHANGE
7905533f-a68e-480d-a61f-fe8f7390dfdc,8234d415920c271fcb0300725ce4c7fd,SalesLast12M,,,SAME
7905533f-a68e-480d-a61f-fe8f7390dfdc,8234d415920c271fcb0300725ce4c7fd,SalesGrowth12M,,,SAME
7905533f-a68e-480d-a61f-fe8f7390dfdc,8234d415920c271fcb0300725ce4c7fd,TTMNetProfit,,12864000000.0,LEGACY_HEURISTIC_REMOVED
7905533f-a68e-480d-a61f-fe8f7390dfdc,8234d415920c271fcb0300725ce4c7fd,NetProfitMargin12M,,,SAME
7905533f-a68e-480d-a61f-fe8f7390dfdc,8234d415920c271fcb0300725ce4c7fd,OperatingMargin12M,,34.5323036477717,MISSING_CANONICAL_DATA
7905533f-a68e-480d-a61f-fe8f7390dfdc,8234d415920c271fcb0300725ce4c7fd,ROE,,,SAME
7905533f-a68e-480d-a61f-fe8f7390dfdc,8234d415920c271fcb0300725ce4c7fd,PEApprox,8.921641791044776,8.921641791044776,SAME
7905533f-a68e-480d-a61f-fe8f7390dfdc,8234d415920c271fcb0300725ce4c7fd,SalesGrowthRank,0.3,0.3,SAME
7905533f-a68e-480d-a61f-fe8f7390dfdc,8234d415920c271fcb0300725ce4c7fd,NetProfitGrowthRank,0.3,0.1274131274131274,FORMULA_CHANGE
7905533f-a68e-480d-a61f-fe8f7390dfdc,8234d415920c271fcb0300725ce4c7fd,OperatingMarginRank,0.3,0.6083916083916084,FORMULA_CHANGE
7905533f-a68e-480d-a61f-fe8f7390dfdc,8234d415920c271fcb0300725ce4c7fd,PERank,0.4398496240601504,0.4763636363636363,FORMULA_CHANGE
09cf7a6c-c980-4c21-9f83-980a053e8df2,79f7b5d9782896e63356e2feba1a41c2,SalesLast12M,,,SAME
09cf7a6c-c980-4c21-9f83-980a053e8df2,79f7b5d9782896e63356e2feba1a41c2,SalesGrowth12M,,,SAME
09cf7a6c-c980-4c21-9f83-980a053e8df2,79f7b5d9782896e63356e2feba1a41c2,TTMNetProfit,,-1570874256.0,LEGACY_HEURISTIC_REMOVED
09cf7a6c-c980-4c21-9f83-980a053e8df2,79f7b5d9782896e63356e2feba1a41c2,NetProfitMargin12M,,,SAME
09cf7a6c-c980-4c21-9f83-980a053e8df2,79f7b5d9782896e63356e2feba1a41c2,OperatingMargin12M,,,SAME
09cf7a6c-c980-4c21-9f83-980a053e8df2,79f7b5d9782896e63356e2feba1a41c2,ROE,,,SAME
09cf7a6c-c980-4c21-9f83-980a053e8df2,79f7b5d9782896e63356e2feba1a41c2,PEApprox,-10.970841616964877,,FORMULA_CHANGE
09cf7a6c-c980-4c21-9f83-980a053e8df2,79f7b5d9782896e63356e2feba1a41c2,SalesGrowthRank,0.3,0.3,SAME
09cf7a6c-c980-4c21-9f83-980a053e8df2,79f7b5d9782896e63356e2feba1a41c2,NetProfitGrowthRank,0.3,0.10810810810810811,FORMULA_CHANGE
09cf7a6c-c980-4c21-9f83-980a053e8df2,79f7b5d9782896e63356e2feba1a41c2,OperatingMarginRank,0.3,0.3,SAME
09cf7a6c-c980-4c21-9f83-980a053e8df2,79f7b5d9782896e63356e2feba1a41c2,PERank,0.0,0.0,SAME
b4b7da70-a14b-40cc-866e-b938cf7579af,2dc3ef3ab0a0505e8859b5400fc35e95,SalesLast12M,37084381000000.0,37084381.0,CANONICAL_UNIT_FIX
b4b7da70-a14b-40cc-866e-b938cf7579af,2dc3ef3ab0a0505e8859b5400fc35e95,SalesGrowth12M,16.08145839685027,16.08145839685027,SAME
b4b7da70-a14b-40cc-866e-b938cf7579af,2dc3ef3ab0a0505e8859b5400fc35e95,TTMNetProfit,,11646473472.0,LEGACY_HEURISTIC_REMOVED
b4b7da70-a14b-40cc-866e-b938cf7579af,2dc3ef3ab0a0505e8859b5400fc35e95,NetProfitMargin12M,,,SAME
b4b7da70-a14b-40cc-866e-b938cf7579af,2dc3ef3ab0a0505e8859b5400fc35e95,OperatingMargin12M,,,SAME
b4b7da70-a14b-40cc-866e-b938cf7579af,2dc3ef3ab0a0505e8859b5400fc35e95,ROE,,,SAME
b4b7da70-a14b-40cc-866e-b938cf7579af,2dc3ef3ab0a0505e8859b5400fc35e95,PEApprox,6.7921990585070615,5.537280701754386,FORMULA_CHANGE
b4b7da70-a14b-40cc-866e-b938cf7579af,2dc3ef3ab0a0505e8859b5400fc35e95,SalesGrowthRank,0.08888888888888889,0.09239130434782608,SAME
b4b7da70-a14b-40cc-866e-b938cf7579af,2dc3ef3ab0a0505e8859b5400fc35e95,NetProfitGrowthRank,0.3,0.10424710424710425,FORMULA_CHANGE
b4b7da70-a14b-40cc-866e-b938cf7579af,2dc3ef3ab0a0505e8859b5400fc35e95,OperatingMarginRank,0.3,0.3,SAME
b4b7da70-a14b-40cc-866e-b938cf7579af,2dc3ef3ab0a0505e8859b5400fc35e95,PERank,0.6992481203007519,0.8327272727272728,FORMULA_CHANGE
40c096e4-8e63-41ad-a886-da6657689328,4178bc367d0410e207d6a86524bf3878,SalesLast12M,705466162000000.0,705466162.0,CANONICAL_UNIT_FIX
40c096e4-8e63-41ad-a886-da6657689328,4178bc367d0410e207d6a86524bf3878,SalesGrowth12M,13.012094335083807,13.012094335083807,SAME
40c096e4-8e63-41ad-a886-da6657689328,4178bc367d0410e207d6a86524bf3878,TTMNetProfit,,131505484320.0,LEGACY_HEURISTIC_REMOVED
40c096e4-8e63-41ad-a886-da6657689328,4178bc367d0410e207d6a86524bf3878,NetProfitMargin12M,,,SAME
40c096e4-8e63-41ad-a886-da6657689328,4178bc367d0410e207d6a86524bf3878,OperatingMargin12M,,24.27239749027112,MISSING_CANONICAL_DATA
40c096e4-8e63-41ad-a886-da6657689328,4178bc367d0410e207d6a86524bf3878,ROE,,,SAME
40c096e4-8e63-41ad-a886-da6657689328,4178bc367d0410e207d6a86524bf3878,PEApprox,5.48938134810711,5.48938134810711,SAME
40c096e4-8e63-41ad-a886-da6657689328,4178bc367d0410e207d6a86524bf3878,SalesGrowthRank,0.07777777777777778,0.08152173913043478,SAME
40c096e4-8e63-41ad-a886-da6657689328,4178bc367d0410e207d6a86524bf3878,NetProfitGrowthRank,0.3,0.1776061776061776,FORMULA_CHANGE
40c096e4-8e63-41ad-a886-da6657689328,4178bc367d0410e207d6a86524bf3878,OperatingMarginRank,0.3,0.4195804195804196,FORMULA_CHANGE
40c096e4-8e63-41ad-a886-da6657689328,4178bc367d0410e207d6a86524bf3878,PERank,0.8345864661654135,0.8363636363636364,SAME
3da407a7-55cd-41fb-b5bb-aadad01e6908,9b6c775a14118735ecb3d0efbf6b7a8e,SalesLast12M,55967629000000.0,55967629.0,CANONICAL_UNIT_FIX
3da407a7-55cd-41fb-b5bb-aadad01e6908,9b6c775a14118735ecb3d0efbf6b7a8e,SalesGrowth12M,120.48165997065267,120.48165997065267,SAME
3da407a7-55cd-41fb-b5bb-aadad01e6908,9b6c775a14118735ecb3d0efbf6b7a8e,TTMNetProfit,12160666000000.0,12160666.0,CANONICAL_UNIT_FIX
3da407a7-55cd-41fb-b5bb-aadad01e6908,9b6c775a14118735ecb3d0efbf6b7a8e,NetProfitMargin12M,26.130050994213327,26.130050994213327,SAME
3da407a7-55cd-41fb-b5bb-aadad01e6908,9b6c775a14118735ecb3d0efbf6b7a8e,OperatingMargin12M,26.812661190056357,26.812661190056357,SAME
3da407a7-55cd-41fb-b5bb-aadad01e6908,9b6c775a14118735ecb3d0efbf6b7a8e,ROE,61.86531935179074,61.86531935179074,SAME
3da407a7-55cd-41fb-b5bb-aadad01e6908,9b6c775a14118735ecb3d0efbf6b7a8e,PEApprox,7.111716621253406,7.11162247009523,SAME
3da407a7-55cd-41fb-b5bb-aadad01e6908,9b6c775a14118735ecb3d0efbf6b7a8e,SalesGrowthRank,0.8277777777777777,0.8206521739130435,SAME
3da407a7-55cd-41fb-b5bb-aadad01e6908,9b6c775a14118735ecb3d0efbf6b7a8e,NetProfitGrowthRank,0.7777777777777778,0.918918918918919,FORMULA_CHANGE
3da407a7-55cd-41fb-b5bb-aadad01e6908,9b6c775a14118735ecb3d0efbf6b7a8e,OperatingMarginRank,0.46,0.5104895104895105,FORMULA_CHANGE
3da407a7-55cd-41fb-b5bb-aadad01e6908,9b6c775a14118735ecb3d0efbf6b7a8e,PERank,0.6466165413533835,0.6799999999999999,FORMULA_CHANGE
e76111bd-ee90-4823-a721-6b380c409a86,905b8289d77d9927c13119c6a7cff9e1,SalesLast12M,,,SAME
e76111bd-ee90-4823-a721-6b380c409a86,905b8289d77d9927c13119c6a7cff9e1,SalesGrowth12M,,,SAME
e76111bd-ee90-4823-a721-6b380c409a86,905b8289d77d9927c13119c6a7cff9e1,TTMNetProfit,,2233000000.0,LEGACY_HEURISTIC_REMOVED
e76111bd-ee90-4823-a721-6b380c409a86,905b8289d77d9927c13119c6a7cff9e1,NetProfitMargin12M,,,SAME
e76111bd-ee90-4823-a721-6b380c409a86,905b8289d77d9927c13119c6a7cff9e1,OperatingMargin12M,,,SAME
e76111bd-ee90-4823-a721-6b380c409a86,905b8289d77d9927c13119c6a7cff9e1,ROE,,,SAME
e76111bd-ee90-4823-a721-6b380c409a86,905b8289d77d9927c13119c6a7cff9e1,PEApprox,50.0,36.94581280788177,FORMULA_CHANGE
e76111bd-ee90-4823-a721-6b380c409a86,905b8289d77d9927c13119c6a7cff9e1,SalesGrowthRank,0.3,0.3,SAME
e76111bd-ee90-4823-a721-6b380c409a86,905b8289d77d9927c13119c6a7cff9e1,NetProfitGrowthRank,0.3,0.4980694980694981,FORMULA_CHANGE
e76111bd-ee90-4823-a721-6b380c409a86,905b8289d77d9927c13119c6a7cff9e1,OperatingMarginRank,0.3,0.3,SAME
e76111bd-ee90-4823-a721-6b380c409a86,905b8289d77d9927c13119c6a7cff9e1,PERank,0.10902255639097747,0.1963636363636364,FORMULA_CHANGE
1375886c-1775-4b7a-ab3b-a05ec3479627,e2d1f5c5d5e4d6849d80511b5f035099,SalesLast12M,,,SAME
1375886c-1775-4b7a-ab3b-a05ec3479627,e2d1f5c5d5e4d6849d80511b5f035099,SalesGrowth12M,,,SAME
1375886c-1775-4b7a-ab3b-a05ec3479627,e2d1f5c5d5e4d6849d80511b5f035099,TTMNetProfit,,144735484820.0,LEGACY_HEURISTIC_REMOVED
1375886c-1775-4b7a-ab3b-a05ec3479627,e2d1f5c5d5e4d6849d80511b5f035099,NetProfitMargin12M,,,SAME
1375886c-1775-4b7a-ab3b-a05ec3479627,e2d1f5c5d5e4d6849d80511b5f035099,OperatingMargin12M,,0.7309204158730168,MISSING_CANONICAL_DATA
1375886c-1775-4b7a-ab3b-a05ec3479627,e2d1f5c5d5e4d6849d80511b5f035099,ROE,,,SAME
1375886c-1775-4b7a-ab3b-a05ec3479627,e2d1f5c5d5e4d6849d80511b5f035099,PEApprox,5.237837837837838,5.237837837837838,SAME
1375886c-1775-4b7a-ab3b-a05ec3479627,e2d1f5c5d5e4d6849d80511b5f035099,SalesGrowthRank,0.3,0.3,SAME
1375886c-1775-4b7a-ab3b-a05ec3479627,e2d1f5c5d5e4d6849d80511b5f035099,NetProfitGrowthRank,0.3,0.12355212355212356,FORMULA_CHANGE
1375886c-1775-4b7a-ab3b-a05ec3479627,e2d1f5c5d5e4d6849d80511b5f035099,OperatingMarginRank,0.3,0.08391608391608392,FORMULA_CHANGE
1375886c-1775-4b7a-ab3b-a05ec3479627,e2d1f5c5d5e4d6849d80511b5f035099,PERank,0.8458646616541353,0.8581818181818182,FORMULA_CHANGE
dd223138-5523-424e-80eb-67ce8e65b0ba,916d608d7850e7faf40d8efeb0d236a0,SalesLast12M,,,SAME
dd223138-5523-424e-80eb-67ce8e65b0ba,916d608d7850e7faf40d8efeb0d236a0,SalesGrowth12M,,,SAME
dd223138-5523-424e-80eb-67ce8e65b0ba,916d608d7850e7faf40d8efeb0d236a0,TTMNetProfit,,220100000.0,LEGACY_HEURISTIC_REMOVED
dd223138-5523-424e-80eb-67ce8e65b0ba,916d608d7850e7faf40d8efeb0d236a0,NetProfitMargin12M,,,SAME
dd223138-5523-424e-80eb-67ce8e65b0ba,916d608d7850e7faf40d8efeb0d236a0,OperatingMargin12M,,,SAME
dd223138-5523-424e-80eb-67ce8e65b0ba,916d608d7850e7faf40d8efeb0d236a0,ROE,,,SAME
dd223138-5523-424e-80eb-67ce8e65b0ba,916d608d7850e7faf40d8efeb0d236a0,PEApprox,55.16129032258065,55.16129032258065,SAME
dd223138-5523-424e-80eb-67ce8e65b0ba,916d608d7850e7faf40d8efeb0d236a0,SalesGrowthRank,0.3,0.3,SAME
dd223138-5523-424e-80eb-67ce8e65b0ba,916d608d7850e7faf40d8efeb0d236a0,NetProfitGrowthRank,0.3,0.05791505791505792,FORMULA_CHANGE
dd223138-5523-424e-80eb-67ce8e65b0ba,916d608d7850e7faf40d8efeb0d236a0,OperatingMarginRank,0.3,0.3,SAME
dd223138-5523-424e-80eb-67ce8e65b0ba,916d608d7850e7faf40d8efeb0d236a0,PERank,0.10150375939849621,0.15636363636363637,FORMULA_CHANGE
3d594732-5172-49ca-b8c5-7b684189196d,7386c9d3264a07cdaacbdba2e1941d42,SalesLast12M,83372322000000.0,83372322.0,CANONICAL_UNIT_FIX
3d594732-5172-49ca-b8c5-7b684189196d,7386c9d3264a07cdaacbdba2e1941d42,SalesGrowth12M,144.5389207302397,144.5389207302397,SAME
3d594732-5172-49ca-b8c5-7b684189196d,7386c9d3264a07cdaacbdba2e1941d42,TTMNetProfit,30419105000000.0,30419105.0,CANONICAL_UNIT_FIX
3d594732-5172-49ca-b8c5-7b684189196d,7386c9d3264a07cdaacbdba2e1941d42,NetProfitMargin12M,45.9474556504889,45.9474556504889,SAME
3d594732-5172-49ca-b8c5-7b684189196d,7386c9d3264a07cdaacbdba2e1941d42,OperatingMargin12M,64.34042193632928,64.34042193632928,SAME
3d594732-5172-49ca-b8c5-7b684189196d,7386c9d3264a07cdaacbdba2e1941d42,ROE,104.43140337140031,104.43140337140031,SAME
3d594732-5172-49ca-b8c5-7b684189196d,7386c9d3264a07cdaacbdba2e1941d42,PEApprox,9.321326024536674,9.32261699885836,SAME
3d594732-5172-49ca-b8c5-7b684189196d,7386c9d3264a07cdaacbdba2e1941d42,SalesGrowthRank,0.9,0.8913043478260869,SAME
3d594732-5172-49ca-b8c5-7b684189196d,7386c9d3264a07cdaacbdba2e1941d42,NetProfitGrowthRank,0.3,0.6293436293436293,FORMULA_CHANGE
3d594732-5172-49ca-b8c5-7b684189196d,7386c9d3264a07cdaacbdba2e1941d42,OperatingMarginRank,0.87,0.8951048951048951,FORMULA_CHANGE
3d594732-5172-49ca-b8c5-7b684189196d,7386c9d3264a07cdaacbdba2e1941d42,PERank,0.40601503759398494,0.4509090909090909,FORMULA_CHANGE
0dcb1a49-44b5-4dd7-97c5-c1a0f642b6c5,5d9142cab82acfbf6d12ef1824abd59b,SalesLast12M,96637111000000.0,96637111.0,CANONICAL_UNIT_FIX
0dcb1a49-44b5-4dd7-97c5-c1a0f642b6c5,5d9142cab82acfbf6d12ef1824abd59b,SalesGrowth12M,98.42222308277111,98.42222308277111,SAME
0dcb1a49-44b5-4dd7-97c5-c1a0f642b6c5,5d9142cab82acfbf6d12ef1824abd59b,TTMNetProfit,15054403000000.0,15054403.0,CANONICAL_UNIT_FIX
0dcb1a49-44b5-4dd7-97c5-c1a0f642b6c5,5d9142cab82acfbf6d12ef1824abd59b,NetProfitMargin12M,16.788173778618336,16.788173778618336,SAME
0dcb1a49-44b5-4dd7-97c5-c1a0f642b6c5,5d9142cab82acfbf6d12ef1824abd59b,OperatingMargin12M,15.351794046136646,15.351794046136646,SAME
0dcb1a49-44b5-4dd7-97c5-c1a0f642b6c5,5d9142cab82acfbf6d12ef1824abd59b,ROE,28.93011889510889,28.93011889510889,SAME
0dcb1a49-44b5-4dd7-97c5-c1a0f642b6c5,5d9142cab82acfbf6d12ef1824abd59b,PEApprox,10.445736434108527,10.447032317831978,SAME
0dcb1a49-44b5-4dd7-97c5-c1a0f642b6c5,5d9142cab82acfbf6d12ef1824abd59b,SalesGrowthRank,0.6888888888888889,0.6847826086956522,SAME
0dcb1a49-44b5-4dd7-97c5-c1a0f642b6c5,5d9142cab82acfbf6d12ef1824abd59b,NetProfitGrowthRank,0.3,0.918918918918919,FORMULA_CHANGE
0dcb1a49-44b5-4dd7-97c5-c1a0f642b6c5,5d9142cab82acfbf6d12ef1824abd59b,OperatingMarginRank,0.18,0.23776223776223776,FORMULA_CHANGE
0dcb1a49-44b5-4dd7-97c5-c1a0f642b6c5,5d9142cab82acfbf6d12ef1824abd59b,PERank,0.34962406015037595,0.3854545454545455,FORMULA_CHANGE
aa3059de-65ee-458d-b0f3-1c0a8fdf09e9,4548be3fe5c878a9dbda1bd95501aa64,SalesLast12M,,,SAME
aa3059de-65ee-458d-b0f3-1c0a8fdf09e9,4548be3fe5c878a9dbda1bd95501aa64,SalesGrowth12M,,,SAME
aa3059de-65ee-458d-b0f3-1c0a8fdf09e9,4548be3fe5c878a9dbda1bd95501aa64,TTMNetProfit,,45738000000.0,LEGACY_HEURISTIC_REMOVED
aa3059de-65ee-458d-b0f3-1c0a8fdf09e9,4548be3fe5c878a9dbda1bd95501aa64,NetProfitMargin12M,,,SAME
aa3059de-65ee-458d-b0f3-1c0a8fdf09e9,4548be3fe5c878a9dbda1bd95501aa64,OperatingMargin12M,,,SAME
aa3059de-65ee-458d-b0f3-1c0a8fdf09e9,4548be3fe5c878a9dbda1bd95501aa64,ROE,,,SAME
aa3059de-65ee-458d-b0f3-1c0a8fdf09e9,4548be3fe5c878a9dbda1bd95501aa64,PEApprox,2.215663124754034,2.215663124754034,SAME
aa3059de-65ee-458d-b0f3-1c0a8fdf09e9,4548be3fe5c878a9dbda1bd95501aa64,SalesGrowthRank,0.3,0.3,SAME
aa3059de-65ee-458d-b0f3-1c0a8fdf09e9,4548be3fe5c878a9dbda1bd95501aa64,NetProfitGrowthRank,0.3,0.14285714285714285,FORMULA_CHANGE
aa3059de-65ee-458d-b0f3-1c0a8fdf09e9,4548be3fe5c878a9dbda1bd95501aa64,OperatingMarginRank,0.3,0.3,SAME
aa3059de-65ee-458d-b0f3-1c0a8fdf09e9,4548be3fe5c878a9dbda1bd95501aa64,PERank,0.9887218045112782,0.9890909090909091,SAME
270f045b-b120-4cbe-a7e7-86b849dd8fa4,0839a7cf2afa34a4cc6cb908eaf9cb4f,SalesLast12M,,,SAME
270f045b-b120-4cbe-a7e7-86b849dd8fa4,0839a7cf2afa34a4cc6cb908eaf9cb4f,SalesGrowth12M,,,SAME
270f045b-b120-4cbe-a7e7-86b849dd8fa4,0839a7cf2afa34a4cc6cb908eaf9cb4f,TTMNetProfit,,2710929422.0,LEGACY_HEURISTIC_REMOVED
270f045b-b120-4cbe-a7e7-86b849dd8fa4,0839a7cf2afa34a4cc6cb908eaf9cb4f,NetProfitMargin12M,,,SAME
270f045b-b120-4cbe-a7e7-86b849dd8fa4,0839a7cf2afa34a4cc6cb908eaf9cb4f,OperatingMargin12M,,,SAME
270f045b-b120-4cbe-a7e7-86b849dd8fa4,0839a7cf2afa34a4cc6cb908eaf9cb4f,ROE,,,SAME
270f045b-b120-4cbe-a7e7-86b849dd8fa4,0839a7cf2afa34a4cc6cb908eaf9cb4f,PEApprox,28.481012658227847,69.58762886597938,FORMULA_CHANGE
270f045b-b120-4cbe-a7e7-86b849dd8fa4,0839a7cf2afa34a4cc6cb908eaf9cb4f,SalesGrowthRank,0.3,0.3,SAME
270f045b-b120-4cbe-a7e7-86b849dd8fa4,0839a7cf2afa34a4cc6cb908eaf9cb4f,NetProfitGrowthRank,0.3,0.918918918918919,FORMULA_CHANGE
270f045b-b120-4cbe-a7e7-86b849dd8fa4,0839a7cf2afa34a4cc6cb908eaf9cb4f,OperatingMarginRank,0.3,0.3,SAME
270f045b-b120-4cbe-a7e7-86b849dd8fa4,0839a7cf2afa34a4cc6cb908eaf9cb4f,PERank,0.1578947368421053,0.0,FORMULA_CHANGE
e1030359-6ee4-449d-bbc1-59d91e96637d,05a68769d3006e107f5b7e02c9eca4fd,SalesLast12M,1045462879000000.0,1045462879.0,CANONICAL_UNIT_FIX
e1030359-6ee4-449d-bbc1-59d91e96637d,05a68769d3006e107f5b7e02c9eca4fd,SalesGrowth12M,26.237376422396935,26.237376422396935,SAME
e1030359-6ee4-449d-bbc1-59d91e96637d,05a68769d3006e107f5b7e02c9eca4fd,TTMNetProfit,,,SAME
e1030359-6ee4-449d-bbc1-59d91e96637d,05a68769d3006e107f5b7e02c9eca4fd,NetProfitMargin12M,,,SAME
e1030359-6ee4-449d-bbc1-59d91e96637d,05a68769d3006e107f5b7e02c9eca4fd,OperatingMargin12M,,9.944314626811025,MISSING_CANONICAL_DATA
e1030359-6ee4-449d-bbc1-59d91e96637d,05a68769d3006e107f5b7e02c9eca4fd,ROE,,,SAME
e1030359-6ee4-449d-bbc1-59d91e96637d,05a68769d3006e107f5b7e02c9eca4fd,PEApprox,13.423423423423424,,FORMULA_CHANGE
e1030359-6ee4-449d-bbc1-59d91e96637d,05a68769d3006e107f5b7e02c9eca4fd,SalesGrowthRank,0.1388888888888889,0.14130434782608695,SAME
e1030359-6ee4-449d-bbc1-59d91e96637d,05a68769d3006e107f5b7e02c9eca4fd,NetProfitGrowthRank,0.3,0.21235521235521235,FORMULA_CHANGE
e1030359-6ee4-449d-bbc1-59d91e96637d,05a68769d3006e107f5b7e02c9eca4fd,OperatingMarginRank,0.3,0.16083916083916083,FORMULA_CHANGE
e1030359-6ee4-449d-bbc1-59d91e96637d,05a68769d3006e107f5b7e02c9eca4fd,PERank,0.2706766917293233,0.0,FORMULA_CHANGE
020b03ab-9adc-434a-a289-a0db68763552,799566aa607bcd4a8ce4fed470c7d2b0,SalesLast12M,18677276000000.0,18677276.0,CANONICAL_UNIT_FIX
020b03ab-9adc-434a-a289-a0db68763552,799566aa607bcd4a8ce4fed470c7d2b0,SalesGrowth12M,58.642548802864006,58.642548802864006,SAME
020b03ab-9adc-434a-a289-a0db68763552,799566aa607bcd4a8ce4fed470c7d2b0,TTMNetProfit,-2193519000000.0,-2193519.0,CANONICAL_UNIT_FIX
020b03ab-9adc-434a-a289-a0db68763552,799566aa607bcd4a8ce4fed470c7d2b0,NetProfitMargin12M,-11.287504899485986,-11.287504899485986,SAME
020b03ab-9adc-434a-a289-a0db68763552,799566aa607bcd4a8ce4fed470c7d2b0,OperatingMargin12M,-6.221967697380782,-6.221967697380782,SAME
020b03ab-9adc-434a-a289-a0db68763552,799566aa607bcd4a8ce4fed470c7d2b0,ROE,-42.58745010069656,-42.58745010069656,SAME
020b03ab-9adc-434a-a289-a0db68763552,799566aa607bcd4a8ce4fed470c7d2b0,PEApprox,-12.442622950819672,,FORMULA_CHANGE
020b03ab-9adc-434a-a289-a0db68763552,799566aa607bcd4a8ce4fed470c7d2b0,SalesGrowthRank,0.37777777777777777,0.375,SAME
020b03ab-9adc-434a-a289-a0db68763552,799566aa607bcd4a8ce4fed470c7d2b0,NetProfitGrowthRank,0.3,0.015444015444015444,FORMULA_CHANGE
020b03ab-9adc-434a-a289-a0db68763552,799566aa607bcd4a8ce4fed470c7d2b0,OperatingMarginRank,0.03,0.02097902097902098,SAME
020b03ab-9adc-434a-a289-a0db68763552,799566aa607bcd4a8ce4fed470c7d2b0,PERank,0.0,0.0,SAME
acb29719-e4c7-426e-b521-9fbf6065d9fb,7a54ec15d779b9ac2ed7963ef98f7d2e,SalesLast12M,33333116000000.0,33333116.0,CANONICAL_UNIT_FIX
acb29719-e4c7-426e-b521-9fbf6065d9fb,7a54ec15d779b9ac2ed7963ef98f7d2e,SalesGrowth12M,117.80112388726313,117.80112388726313,SAME
acb29719-e4c7-426e-b521-9fbf6065d9fb,7a54ec15d779b9ac2ed7963ef98f7d2e,TTMNetProfit,11353304000000.0,11353304.0,CANONICAL_UNIT_FIX
acb29719-e4c7-426e-b521-9fbf6065d9fb,7a54ec15d779b9ac2ed7963ef98f7d2e,NetProfitMargin12M,36.139998780192315,36.139998780192315,SAME
acb29719-e4c7-426e-b521-9fbf6065d9fb,7a54ec15d779b9ac2ed7963ef98f7d2e,OperatingMargin12M,43.1580725612409,43.1580725612409,SAME
acb29719-e4c7-426e-b521-9fbf6065d9fb,7a54ec15d779b9ac2ed7963ef98f7d2e,ROE,50.070309568941596,50.070309568941596,SAME
acb29719-e4c7-426e-b521-9fbf6065d9fb,7a54ec15d779b9ac2ed7963ef98f7d2e,PEApprox,8.823529411764707,8.524340536305266,FORMULA_CHANGE
acb29719-e4c7-426e-b521-9fbf6065d9fb,7a54ec15d779b9ac2ed7963ef98f7d2e,SalesGrowthRank,0.8,0.7934782608695652,SAME
acb29719-e4c7-426e-b521-9fbf6065d9fb,7a54ec15d779b9ac2ed7963ef98f7d2e,NetProfitGrowthRank,0.7777777777777778,0.918918918918919,FORMULA_CHANGE
acb29719-e4c7-426e-b521-9fbf6065d9fb,7a54ec15d779b9ac2ed7963ef98f7d2e,OperatingMarginRank,0.63,0.6713286713286714,FORMULA_CHANGE
acb29719-e4c7-426e-b521-9fbf6065d9fb,7a54ec15d779b9ac2ed7963ef98f7d2e,PERank,0.4473684210526315,0.5054545454545454,FORMULA_CHANGE
ee1187a5-1612-42d1-93a7-01ff78104213,36f23676eaffd388df63219008589dec,SalesLast12M,15200124000000.0,15200124.0,CANONICAL_UNIT_FIX
ee1187a5-1612-42d1-93a7-01ff78104213,36f23676eaffd388df63219008589dec,SalesGrowth12M,47.03640862632356,47.03640862632356,SAME
ee1187a5-1612-42d1-93a7-01ff78104213,36f23676eaffd388df63219008589dec,TTMNetProfit,13033268000000.0,13033268.0,CANONICAL_UNIT_FIX
ee1187a5-1612-42d1-93a7-01ff78104213,36f23676eaffd388df63219008589dec,NetProfitMargin12M,96.8542810376549,96.8542810376549,SAME
ee1187a5-1612-42d1-93a7-01ff78104213,36f23676eaffd388df63219008589dec,OperatingMargin12M,85.66304469473434,85.66304469473434,SAME
ee1187a5-1612-42d1-93a7-01ff78104213,36f23676eaffd388df63219008589dec,ROE,55.995984079646114,55.995984079646114,SAME
ee1187a5-1612-42d1-93a7-01ff78104213,36f23676eaffd388df63219008589dec,PEApprox,13.71584699453552,7.974430608194353,FORMULA_CHANGE
ee1187a5-1612-42d1-93a7-01ff78104213,36f23676eaffd388df63219008589dec,SalesGrowthRank,0.2833333333333333,0.2826086956521739,SAME
ee1187a5-1612-42d1-93a7-01ff78104213,36f23676eaffd388df63219008589dec,NetProfitGrowthRank,0.3,0.3783783783783784,FORMULA_CHANGE
ee1187a5-1612-42d1-93a7-01ff78104213,36f23676eaffd388df63219008589dec,OperatingMarginRank,0.98,0.9790209790209791,SAME
ee1187a5-1612-42d1-93a7-01ff78104213,36f23676eaffd388df63219008589dec,PERank,0.26315789473684215,0.6,FORMULA_CHANGE
60f50a23-e56e-45d4-bbb8-413dfe433784,0875c9b59ace28c22babd5e711c141da,SalesLast12M,47374313000000.0,47374313.0,CANONICAL_UNIT_FIX
60f50a23-e56e-45d4-bbb8-413dfe433784,0875c9b59ace28c22babd5e711c141da,SalesGrowth12M,48.34645089864808,48.34645089864808,SAME
60f50a23-e56e-45d4-bbb8-413dfe433784,0875c9b59ace28c22babd5e711c141da,TTMNetProfit,,9025152000.0,LEGACY_HEURISTIC_REMOVED
60f50a23-e56e-45d4-bbb8-413dfe433784,0875c9b59ace28c22babd5e711c141da,NetProfitMargin12M,,,SAME
60f50a23-e56e-45d4-bbb8-413dfe433784,0875c9b59ace28c22babd5e711c141da,OperatingMargin12M,,-2.110848552041272e-06,MISSING_CANONICAL_DATA
60f50a23-e56e-45d4-bbb8-413dfe433784,0875c9b59ace28c22babd5e711c141da,ROE,,,SAME
60f50a23-e56e-45d4-bbb8-413dfe433784,0875c9b59ace28c22babd5e711c141da,PEApprox,3.839935327405012,3.839935327405012,SAME
60f50a23-e56e-45d4-bbb8-413dfe433784,0875c9b59ace28c22babd5e711c141da,SalesGrowthRank,0.3,0.29891304347826086,SAME
60f50a23-e56e-45d4-bbb8-413dfe433784,0875c9b59ace28c22babd5e711c141da,NetProfitGrowthRank,0.3,0.3,SAME
60f50a23-e56e-45d4-bbb8-413dfe433784,0875c9b59ace28c22babd5e711c141da,OperatingMarginRank,0.3,0.04895104895104895,FORMULA_CHANGE
60f50a23-e56e-45d4-bbb8-413dfe433784,0875c9b59ace28c22babd5e711c141da,PERank,0.943609022556391,0.9454545454545454,SAME
f5fdc667-05c5-49a5-97e6-a8e535c3ca01,1b8e0f2acf626d841e62b7b091e025b7,SalesLast12M,10632228000000.0,10632228.0,CANONICAL_UNIT_FIX
f5fdc667-05c5-49a5-97e6-a8e535c3ca01,1b8e0f2acf626d841e62b7b091e025b7,SalesGrowth12M,48.90351967488415,48.90351967488415,SAME
f5fdc667-05c5-49a5-97e6-a8e535c3ca01,1b8e0f2acf626d841e62b7b091e025b7,TTMNetProfit,,2916000000.0,LEGACY_HEURISTIC_REMOVED
f5fdc667-05c5-49a5-97e6-a8e535c3ca01,1b8e0f2acf626d841e62b7b091e025b7,NetProfitMargin12M,,,SAME
f5fdc667-05c5-49a5-97e6-a8e535c3ca01,1b8e0f2acf626d841e62b7b091e025b7,OperatingMargin12M,,,SAME
f5fdc667-05c5-49a5-97e6-a8e535c3ca01,1b8e0f2acf626d841e62b7b091e025b7,ROE,,,SAME
f5fdc667-05c5-49a5-97e6-a8e535c3ca01,1b8e0f2acf626d841e62b7b091e025b7,PEApprox,15.84016393442623,15.905349794238683,FORMULA_CHANGE
f5fdc667-05c5-49a5-97e6-a8e535c3ca01,1b8e0f2acf626d841e62b7b091e025b7,SalesGrowthRank,0.3055555555555556,0.30434782608695654,SAME
f5fdc667-05c5-49a5-97e6-a8e535c3ca01,1b8e0f2acf626d841e62b7b091e025b7,NetProfitGrowthRank,0.3,0.11583011583011583,FORMULA_CHANGE
f5fdc667-05c5-49a5-97e6-a8e535c3ca01,1b8e0f2acf626d841e62b7b091e025b7,OperatingMarginRank,0.3,0.3,SAME
f5fdc667-05c5-49a5-97e6-a8e535c3ca01,1b8e0f2acf626d841e62b7b091e025b7,PERank,0.23308270676691734,0.30181818181818176,FORMULA_CHANGE
1d00ce2a-cec3-48b3-b833-05c43918456c,62475be81f64f0f74b0f1f4a798dd2c5,SalesLast12M,9352833000000.0,9352833.0,CANONICAL_UNIT_FIX
1d00ce2a-cec3-48b3-b833-05c43918456c,62475be81f64f0f74b0f1f4a798dd2c5,SalesGrowth12M,-37.69539733099983,-37.69539733099983,SAME
1d00ce2a-cec3-48b3-b833-05c43918456c,62475be81f64f0f74b0f1f4a798dd2c5,TTMNetProfit,,-5497800000.0,LEGACY_HEURISTIC_REMOVED
1d00ce2a-cec3-48b3-b833-05c43918456c,62475be81f64f0f74b0f1f4a798dd2c5,NetProfitMargin12M,,,SAME
1d00ce2a-cec3-48b3-b833-05c43918456c,62475be81f64f0f74b0f1f4a798dd2c5,OperatingMargin12M,,,SAME
1d00ce2a-cec3-48b3-b833-05c43918456c,62475be81f64f0f74b0f1f4a798dd2c5,ROE,,,SAME
1d00ce2a-cec3-48b3-b833-05c43918456c,62475be81f64f0f74b0f1f4a798dd2c5,PEApprox,-9.595744680851064,,FORMULA_CHANGE
1d00ce2a-cec3-48b3-b833-05c43918456c,62475be81f64f0f74b0f1f4a798dd2c5,SalesGrowthRank,0.0,0.0,SAME
1d00ce2a-cec3-48b3-b833-05c43918456c,62475be81f64f0f74b0f1f4a798dd2c5,NetProfitGrowthRank,0.3,0.005791505791505791,FORMULA_CHANGE
1d00ce2a-cec3-48b3-b833-05c43918456c,62475be81f64f0f74b0f1f4a798dd2c5,OperatingMarginRank,0.3,0.3,SAME
1d00ce2a-cec3-48b3-b833-05c43918456c,62475be81f64f0f74b0f1f4a798dd2c5,PERank,0.0,0.0,SAME
05ecd46d-8a0d-4645-bc21-f8fb1c406778,fe84a7e68ba30f83fd0f09d141ee51dd,SalesLast12M,,,SAME
05ecd46d-8a0d-4645-bc21-f8fb1c406778,fe84a7e68ba30f83fd0f09d141ee51dd,SalesGrowth12M,,,SAME
05ecd46d-8a0d-4645-bc21-f8fb1c406778,fe84a7e68ba30f83fd0f09d141ee51dd,TTMNetProfit,,735732529.0,LEGACY_HEURISTIC_REMOVED
05ecd46d-8a0d-4645-bc21-f8fb1c406778,fe84a7e68ba30f83fd0f09d141ee51dd,NetProfitMargin12M,,,SAME
05ecd46d-8a0d-4645-bc21-f8fb1c406778,fe84a7e68ba30f83fd0f09d141ee51dd,OperatingMargin12M,,,SAME
05ecd46d-8a0d-4645-bc21-f8fb1c406778,fe84a7e68ba30f83fd0f09d141ee51dd,ROE,,,SAME
05ecd46d-8a0d-4645-bc21-f8fb1c406778,fe84a7e68ba30f83fd0f09d141ee51dd,PEApprox,11.74931129476584,19.97658079625293,FORMULA_CHANGE
05ecd46d-8a0d-4645-bc21-f8fb1c406778,fe84a7e68ba30f83fd0f09d141ee51dd,SalesGrowthRank,0.3,0.3,SAME
05ecd46d-8a0d-4645-bc21-f8fb1c406778,fe84a7e68ba30f83fd0f09d141ee51dd,NetProfitGrowthRank,0.3,0.05019305019305019,FORMULA_CHANGE
05ecd46d-8a0d-4645-bc21-f8fb1c406778,fe84a7e68ba30f83fd0f09d141ee51dd,OperatingMarginRank,0.3,0.3,SAME
05ecd46d-8a0d-4645-bc21-f8fb1c406778,fe84a7e68ba30f83fd0f09d141ee51dd,PERank,0.29323308270676696,0.26181818181818184,FORMULA_CHANGE
4f4d423a-803d-4d7c-9eaa-6e663a9826a4,a207ae2effa153c9cd7977e7399b33d9,SalesLast12M,,,SAME
4f4d423a-803d-4d7c-9eaa-6e663a9826a4,a207ae2effa153c9cd7977e7399b33d9,SalesGrowth12M,,,SAME
4f4d423a-803d-4d7c-9eaa-6e663a9826a4,a207ae2effa153c9cd7977e7399b33d9,TTMNetProfit,,48467000000.0,LEGACY_HEURISTIC_REMOVED
4f4d423a-803d-4d7c-9eaa-6e663a9826a4,a207ae2effa153c9cd7977e7399b33d9,NetProfitMargin12M,,,SAME
4f4d423a-803d-4d7c-9eaa-6e663a9826a4,a207ae2effa153c9cd7977e7399b33d9,OperatingMargin12M,,,SAME
4f4d423a-803d-4d7c-9eaa-6e663a9826a4,a207ae2effa153c9cd7977e7399b33d9,ROE,,,SAME
4f4d423a-803d-4d7c-9eaa-6e663a9826a4,a207ae2effa153c9cd7977e7399b33d9,PEApprox,6.950578338590957,4.636969484391441,FORMULA_CHANGE
4f4d423a-803d-4d7c-9eaa-6e663a9826a4,a207ae2effa153c9cd7977e7399b33d9,SalesGrowthRank,0.3,0.3,SAME
4f4d423a-803d-4d7c-9eaa-6e663a9826a4,a207ae2effa153c9cd7977e7399b33d9,NetProfitGrowthRank,0.3,0.3474903474903475,FORMULA_CHANGE
4f4d423a-803d-4d7c-9eaa-6e663a9826a4,a207ae2effa153c9cd7977e7399b33d9,OperatingMarginRank,0.3,0.3,SAME
4f4d423a-803d-4d7c-9eaa-6e663a9826a4,a207ae2effa153c9cd7977e7399b33d9,PERank,0.6842105263157895,0.8981818181818182,FORMULA_CHANGE
b56a14a1-c8d4-4f86-a5a2-d0ff69669d56,5275e513e2842a3b390ae43faa530d06,SalesLast12M,53736523000000.0,53736523.0,CANONICAL_UNIT_FIX
b56a14a1-c8d4-4f86-a5a2-d0ff69669d56,5275e513e2842a3b390ae43faa530d06,SalesGrowth12M,99.48396240430628,99.48396240430628,SAME
b56a14a1-c8d4-4f86-a5a2-d0ff69669d56,5275e513e2842a3b390ae43faa530d06,TTMNetProfit,,2233035000.0,LEGACY_HEURISTIC_REMOVED
b56a14a1-c8d4-4f86-a5a2-d0ff69669d56,5275e513e2842a3b390ae43faa530d06,NetProfitMargin12M,,,SAME
b56a14a1-c8d4-4f86-a5a2-d0ff69669d56,5275e513e2842a3b390ae43faa530d06,OperatingMargin12M,,11.730855747315672,MISSING_CANONICAL_DATA
b56a14a1-c8d4-4f86-a5a2-d0ff69669d56,5275e513e2842a3b390ae43faa530d06,ROE,,,SAME
b56a14a1-c8d4-4f86-a5a2-d0ff69669d56,5275e513e2842a3b390ae43faa530d06,PEApprox,11.957247828991315,18.941798941798943,FORMULA_CHANGE
b56a14a1-c8d4-4f86-a5a2-d0ff69669d56,5275e513e2842a3b390ae43faa530d06,SalesGrowthRank,0.7,0.6956521739130435,SAME
b56a14a1-c8d4-4f86-a5a2-d0ff69669d56,5275e513e2842a3b390ae43faa530d06,NetProfitGrowthRank,0.3,0.7451737451737451,FORMULA_CHANGE
b56a14a1-c8d4-4f86-a5a2-d0ff69669d56,5275e513e2842a3b390ae43faa530d06,OperatingMarginRank,0.3,0.18181818181818182,FORMULA_CHANGE
b56a14a1-c8d4-4f86-a5a2-d0ff69669d56,5275e513e2842a3b390ae43faa530d06,PERank,0.2894736842105263,0.2654545454545455,FORMULA_CHANGE
15b866bf-8c4f-45f4-90b3-dbc154615cbe,e6f5fb278dab95af4b0dede9cbdd4f34,SalesLast12M,37256135000000.0,37256135.0,CANONICAL_UNIT_FIX
15b866bf-8c4f-45f4-90b3-dbc154615cbe,e6f5fb278dab95af4b0dede9cbdd4f34,SalesGrowth12M,64.86686040311164,64.86686040311164,SAME
15b866bf-8c4f-45f4-90b3-dbc154615cbe,e6f5fb278dab95af4b0dede9cbdd4f34,TTMNetProfit,8527596000000.0,8527596.0,CANONICAL_UNIT_FIX
15b866bf-8c4f-45f4-90b3-dbc154615cbe,e6f5fb278dab95af4b0dede9cbdd4f34,NetProfitMargin12M,24.604459810008677,24.604459810008677,SAME
15b866bf-8c4f-45f4-90b3-dbc154615cbe,e6f5fb278dab95af4b0dede9cbdd4f34,OperatingMargin12M,29.013563995299197,29.013563995299197,SAME
15b866bf-8c4f-45f4-90b3-dbc154615cbe,e6f5fb278dab95af4b0dede9cbdd4f34,ROE,22.066721406528245,22.066721406528245,SAME
15b866bf-8c4f-45f4-90b3-dbc154615cbe,e6f5fb278dab95af4b0dede9cbdd4f34,PEApprox,6.41343669250646,6.414546273868175,SAME
15b866bf-8c4f-45f4-90b3-dbc154615cbe,e6f5fb278dab95af4b0dede9cbdd4f34,SalesGrowthRank,0.4222222222222222,0.42391304347826086,SAME
15b866bf-8c4f-45f4-90b3-dbc154615cbe,e6f5fb278dab95af4b0dede9cbdd4f34,NetProfitGrowthRank,0.3,0.22393822393822393,FORMULA_CHANGE
15b866bf-8c4f-45f4-90b3-dbc154615cbe,e6f5fb278dab95af4b0dede9cbdd4f34,OperatingMarginRank,0.48,0.5314685314685315,FORMULA_CHANGE
15b866bf-8c4f-45f4-90b3-dbc154615cbe,e6f5fb278dab95af4b0dede9cbdd4f34,PERank,0.7443609022556391,0.7636363636363637,FORMULA_CHANGE
3516f4ca-b566-4918-b491-df4dd5f30569,486253dea70fdfaa0ad435e871f1ac01,SalesLast12M,,,SAME
3516f4ca-b566-4918-b491-df4dd5f30569,486253dea70fdfaa0ad435e871f1ac01,SalesGrowth12M,,,SAME
3516f4ca-b566-4918-b491-df4dd5f30569,486253dea70fdfaa0ad435e871f1ac01,TTMNetProfit,,25582640032.0,LEGACY_HEURISTIC_REMOVED
3516f4ca-b566-4918-b491-df4dd5f30569,486253dea70fdfaa0ad435e871f1ac01,NetProfitMargin12M,,,SAME
3516f4ca-b566-4918-b491-df4dd5f30569,486253dea70fdfaa0ad435e871f1ac01,OperatingMargin12M,,,SAME
3516f4ca-b566-4918-b491-df4dd5f30569,486253dea70fdfaa0ad435e871f1ac01,ROE,,,SAME
3516f4ca-b566-4918-b491-df4dd5f30569,486253dea70fdfaa0ad435e871f1ac01,PEApprox,7.0987239758227,7.0987239758227,SAME
3516f4ca-b566-4918-b491-df4dd5f30569,486253dea70fdfaa0ad435e871f1ac01,SalesGrowthRank,0.3,0.3,SAME
3516f4ca-b566-4918-b491-df4dd5f30569,486253dea70fdfaa0ad435e871f1ac01,NetProfitGrowthRank,0.3,0.1891891891891892,FORMULA_CHANGE
3516f4ca-b566-4918-b491-df4dd5f30569,486253dea70fdfaa0ad435e871f1ac01,OperatingMarginRank,0.3,0.3,SAME
3516f4ca-b566-4918-b491-df4dd5f30569,486253dea70fdfaa0ad435e871f1ac01,PERank,0.650375939849624,0.6836363636363636,FORMULA_CHANGE
eee0ed28-6abc-401d-971e-5e4f42810310,100d9b545dbca1cb4b62ecc648741665,SalesLast12M,28750462000000.0,28750462.0,CANONICAL_UNIT_FIX
eee0ed28-6abc-401d-971e-5e4f42810310,100d9b545dbca1cb4b62ecc648741665,SalesGrowth12M,68.20700069212413,68.20700069212413,SAME
eee0ed28-6abc-401d-971e-5e4f42810310,100d9b545dbca1cb4b62ecc648741665,TTMNetProfit,,5411748020.0,LEGACY_HEURISTIC_REMOVED
eee0ed28-6abc-401d-971e-5e4f42810310,100d9b545dbca1cb4b62ecc648741665,NetProfitMargin12M,,,SAME
eee0ed28-6abc-401d-971e-5e4f42810310,100d9b545dbca1cb4b62ecc648741665,OperatingMargin12M,,24.183593370728854,MISSING_CANONICAL_DATA
eee0ed28-6abc-401d-971e-5e4f42810310,100d9b545dbca1cb4b62ecc648741665,ROE,,,SAME
eee0ed28-6abc-401d-971e-5e4f42810310,100d9b545dbca1cb4b62ecc648741665,PEApprox,7.459807073954984,6.880586432034209,FORMULA_CHANGE
eee0ed28-6abc-401d-971e-5e4f42810310,100d9b545dbca1cb4b62ecc648741665,SalesGrowthRank,0.43333333333333335,0.43478260869565216,SAME
eee0ed28-6abc-401d-971e-5e4f42810310,100d9b545dbca1cb4b62ecc648741665,NetProfitGrowthRank,0.3,0.23552123552123552,FORMULA_CHANGE
eee0ed28-6abc-401d-971e-5e4f42810310,100d9b545dbca1cb4b62ecc648741665,OperatingMarginRank,0.3,0.4125874125874126,FORMULA_CHANGE
eee0ed28-6abc-401d-971e-5e4f42810310,100d9b545dbca1cb4b62ecc648741665,PERank,0.6015037593984962,0.72,FORMULA_CHANGE
aa357d8e-66fe-4cd6-880b-621b74350f44,6f7820e83627a1b5cd580bbcbb338ef3,SalesLast12M,111755187000000.0,111755187.0,CANONICAL_UNIT_FIX
aa357d8e-66fe-4cd6-880b-621b74350f44,6f7820e83627a1b5cd580bbcbb338ef3,SalesGrowth12M,90.20019534823402,90.20019534823402,SAME
aa357d8e-66fe-4cd6-880b-621b74350f44,6f7820e83627a1b5cd580bbcbb338ef3,TTMNetProfit,15021184000000.0,15021184.0,CANONICAL_UNIT_FIX
aa357d8e-66fe-4cd6-880b-621b74350f44,6f7820e83627a1b5cd580bbcbb338ef3,NetProfitMargin12M,14.646714811167291,14.646714811167291,SAME
aa357d8e-66fe-4cd6-880b-621b74350f44,6f7820e83627a1b5cd580bbcbb338ef3,OperatingMargin12M,19.851474906894655,19.851474906894655,SAME
aa357d8e-66fe-4cd6-880b-621b74350f44,6f7820e83627a1b5cd580bbcbb338ef3,ROE,50.6914193177196,50.6914193177196,SAME
aa357d8e-66fe-4cd6-880b-621b74350f44,6f7820e83627a1b5cd580bbcbb338ef3,PEApprox,7.609511889862328,7.606609656168301,SAME
aa357d8e-66fe-4cd6-880b-621b74350f44,6f7820e83627a1b5cd580bbcbb338ef3,SalesGrowthRank,0.6055555555555555,0.6032608695652174,SAME
aa357d8e-66fe-4cd6-880b-621b74350f44,6f7820e83627a1b5cd580bbcbb338ef3,NetProfitGrowthRank,0.3,0.525096525096525,FORMULA_CHANGE
aa357d8e-66fe-4cd6-880b-621b74350f44,6f7820e83627a1b5cd580bbcbb338ef3,OperatingMarginRank,0.29,0.3356643356643357,FORMULA_CHANGE
aa357d8e-66fe-4cd6-880b-621b74350f44,6f7820e83627a1b5cd580bbcbb338ef3,PERank,0.5714285714285714,0.6218181818181818,FORMULA_CHANGE
3de02d6f-b522-4169-8327-89f3838eaa7b,4abec9db6376c2f7c79a759d64220c72,SalesLast12M,46981329000000.0,46981329.0,CANONICAL_UNIT_FIX
3de02d6f-b522-4169-8327-89f3838eaa7b,4abec9db6376c2f7c79a759d64220c72,SalesGrowth12M,259.30665871697045,259.30665871697045,SAME
3de02d6f-b522-4169-8327-89f3838eaa7b,4abec9db6376c2f7c79a759d64220c72,TTMNetProfit,9520877000000.0,9520877.0,CANONICAL_UNIT_FIX
3de02d6f-b522-4169-8327-89f3838eaa7b,4abec9db6376c2f7c79a759d64220c72,NetProfitMargin12M,30.043291171626496,30.043291171626496,SAME
3de02d6f-b522-4169-8327-89f3838eaa7b,4abec9db6376c2f7c79a759d64220c72,OperatingMargin12M,33.91481416244085,33.91481416244085,SAME
3de02d6f-b522-4169-8327-89f3838eaa7b,4abec9db6376c2f7c79a759d64220c72,ROE,50.19851367034804,50.19851367034804,SAME
3de02d6f-b522-4169-8327-89f3838eaa7b,4abec9db6376c2f7c79a759d64220c72,PEApprox,11.379228203906623,11.378835613376063,SAME
3de02d6f-b522-4169-8327-89f3838eaa7b,4abec9db6376c2f7c79a759d64220c72,SalesGrowthRank,0.9583333333333334,0.9538043478260869,SAME
3de02d6f-b522-4169-8327-89f3838eaa7b,4abec9db6376c2f7c79a759d64220c72,NetProfitGrowthRank,0.0,0.918918918918919,FORMULA_CHANGE
3de02d6f-b522-4169-8327-89f3838eaa7b,4abec9db6376c2f7c79a759d64220c72,OperatingMarginRank,0.55,0.6013986013986014,FORMULA_CHANGE
3de02d6f-b522-4169-8327-89f3838eaa7b,4abec9db6376c2f7c79a759d64220c72,PERank,0.31954887218045114,0.3672727272727273,FORMULA_CHANGE
a1b9524f-1caf-4d8a-92a9-0939117fc678,9bef79cc77bbecdafa3e66106bb8253b,SalesLast12M,25984284000000.0,25984284.0,CANONICAL_UNIT_FIX
a1b9524f-1caf-4d8a-92a9-0939117fc678,9bef79cc77bbecdafa3e66106bb8253b,SalesGrowth12M,125.28531218069794,125.28531218069794,SAME
a1b9524f-1caf-4d8a-92a9-0939117fc678,9bef79cc77bbecdafa3e66106bb8253b,TTMNetProfit,,5173920720.0,LEGACY_HEURISTIC_REMOVED
a1b9524f-1caf-4d8a-92a9-0939117fc678,9bef79cc77bbecdafa3e66106bb8253b,NetProfitMargin12M,,,SAME
a1b9524f-1caf-4d8a-92a9-0939117fc678,9bef79cc77bbecdafa3e66106bb8253b,OperatingMargin12M,,,SAME
a1b9524f-1caf-4d8a-92a9-0939117fc678,9bef79cc77bbecdafa3e66106bb8253b,ROE,,,SAME
a1b9524f-1caf-4d8a-92a9-0939117fc678,9bef79cc77bbecdafa3e66106bb8253b,PEApprox,8.317173023055377,10.40992448759439,FORMULA_CHANGE
a1b9524f-1caf-4d8a-92a9-0939117fc678,9bef79cc77bbecdafa3e66106bb8253b,SalesGrowthRank,0.85,0.842391304347826,SAME
a1b9524f-1caf-4d8a-92a9-0939117fc678,9bef79cc77bbecdafa3e66106bb8253b,NetProfitGrowthRank,0.3,0.918918918918919,FORMULA_CHANGE
a1b9524f-1caf-4d8a-92a9-0939117fc678,9bef79cc77bbecdafa3e66106bb8253b,OperatingMarginRank,0.3,0.3,SAME
a1b9524f-1caf-4d8a-92a9-0939117fc678,9bef79cc77bbecdafa3e66106bb8253b,PERank,0.49624060150375937,0.3927272727272727,FORMULA_CHANGE
372183eb-79c1-4f39-85dc-2ae3a6f30082,4c72588412aab6f0a0e6d2469d9b1491,SalesLast12M,23266858000000.0,23266858.0,CANONICAL_UNIT_FIX
372183eb-79c1-4f39-85dc-2ae3a6f30082,4c72588412aab6f0a0e6d2469d9b1491,SalesGrowth12M,83.7237615409422,83.7237615409422,SAME
372183eb-79c1-4f39-85dc-2ae3a6f30082,4c72588412aab6f0a0e6d2469d9b1491,TTMNetProfit,,5793781990.0,LEGACY_HEURISTIC_REMOVED
372183eb-79c1-4f39-85dc-2ae3a6f30082,4c72588412aab6f0a0e6d2469d9b1491,NetProfitMargin12M,,,SAME
372183eb-79c1-4f39-85dc-2ae3a6f30082,4c72588412aab6f0a0e6d2469d9b1491,OperatingMargin12M,,24.31924413687486,MISSING_CANONICAL_DATA
372183eb-79c1-4f39-85dc-2ae3a6f30082,4c72588412aab6f0a0e6d2469d9b1491,ROE,,,SAME
372183eb-79c1-4f39-85dc-2ae3a6f30082,4c72588412aab6f0a0e6d2469d9b1491,PEApprox,6.082294264339152,4.706428382542574,FORMULA_CHANGE
372183eb-79c1-4f39-85dc-2ae3a6f30082,4c72588412aab6f0a0e6d2469d9b1491,SalesGrowthRank,0.5666666666666667,0.5652173913043478,SAME
372183eb-79c1-4f39-85dc-2ae3a6f30082,4c72588412aab6f0a0e6d2469d9b1491,NetProfitGrowthRank,0.3,0.43243243243243246,FORMULA_CHANGE
372183eb-79c1-4f39-85dc-2ae3a6f30082,4c72588412aab6f0a0e6d2469d9b1491,OperatingMarginRank,0.3,0.42657342657342656,FORMULA_CHANGE
372183eb-79c1-4f39-85dc-2ae3a6f30082,4c72588412aab6f0a0e6d2469d9b1491,PERank,0.7781954887218046,0.8872727272727272,FORMULA_CHANGE
34575525-fd7c-4d83-baa8-bb38555bbf5b,16c5adc0ecd89c732f53b66f1b794505,SalesLast12M,27471319000000.0,27471319.0,CANONICAL_UNIT_FIX
34575525-fd7c-4d83-baa8-bb38555bbf5b,16c5adc0ecd89c732f53b66f1b794505,SalesGrowth12M,41.447999605797634,41.447999605797634,SAME
34575525-fd7c-4d83-baa8-bb38555bbf5b,16c5adc0ecd89c732f53b66f1b794505,TTMNetProfit,12195186000000.0,12195186.0,CANONICAL_UNIT_FIX
34575525-fd7c-4d83-baa8-bb38555bbf5b,16c5adc0ecd89c732f53b66f1b794505,NetProfitMargin12M,49.870335017216966,49.870335017216966,SAME
34575525-fd7c-4d83-baa8-bb38555bbf5b,16c5adc0ecd89c732f53b66f1b794505,OperatingMargin12M,52.1681303526472,52.1681303526472,SAME
34575525-fd7c-4d83-baa8-bb38555bbf5b,16c5adc0ecd89c732f53b66f1b794505,ROE,21.273122262173917,21.273122262173917,SAME
34575525-fd7c-4d83-baa8-bb38555bbf5b,16c5adc0ecd89c732f53b66f1b794505,PEApprox,8.41095890410959,9.178463767845546,FORMULA_CHANGE
34575525-fd7c-4d83-baa8-bb38555bbf5b,16c5adc0ecd89c732f53b66f1b794505,SalesGrowthRank,0.23333333333333334,0.23369565217391305,SAME
34575525-fd7c-4d83-baa8-bb38555bbf5b,16c5adc0ecd89c732f53b66f1b794505,NetProfitGrowthRank,0.3,0.3127413127413127,FORMULA_CHANGE
34575525-fd7c-4d83-baa8-bb38555bbf5b,16c5adc0ecd89c732f53b66f1b794505,OperatingMarginRank,0.76,0.7832167832167832,FORMULA_CHANGE
34575525-fd7c-4d83-baa8-bb38555bbf5b,16c5adc0ecd89c732f53b66f1b794505,PERank,0.48120300751879697,0.45818181818181813,FORMULA_CHANGE
60d888cd-26d1-4481-8535-1b9356d6c165,611f456315ab832044ca3f40c5f81b25,SalesLast12M,,,SAME
60d888cd-26d1-4481-8535-1b9356d6c165,611f456315ab832044ca3f40c5f81b25,SalesGrowth12M,,,SAME
60d888cd-26d1-4481-8535-1b9356d6c165,611f456315ab832044ca3f40c5f81b25,TTMNetProfit,,2476399095.0,LEGACY_HEURISTIC_REMOVED
60d888cd-26d1-4481-8535-1b9356d6c165,611f456315ab832044ca3f40c5f81b25,NetProfitMargin12M,,,SAME
60d888cd-26d1-4481-8535-1b9356d6c165,611f456315ab832044ca3f40c5f81b25,OperatingMargin12M,,,SAME
60d888cd-26d1-4481-8535-1b9356d6c165,611f456315ab832044ca3f40c5f81b25,ROE,,,SAME
60d888cd-26d1-4481-8535-1b9356d6c165,611f456315ab832044ca3f40c5f81b25,PEApprox,8.70420362514462,8.677431757016532,FORMULA_CHANGE
60d888cd-26d1-4481-8535-1b9356d6c165,611f456315ab832044ca3f40c5f81b25,SalesGrowthRank,0.3,0.3,SAME
60d888cd-26d1-4481-8535-1b9356d6c165,611f456315ab832044ca3f40c5f81b25,NetProfitGrowthRank,0.3,0.918918918918919,FORMULA_CHANGE
60d888cd-26d1-4481-8535-1b9356d6c165,611f456315ab832044ca3f40c5f81b25,OperatingMarginRank,0.3,0.3,SAME
60d888cd-26d1-4481-8535-1b9356d6c165,611f456315ab832044ca3f40c5f81b25,PERank,0.4586466165413534,0.5018181818181818,FORMULA_CHANGE
369f1c92-1cad-414e-8ef6-bb58cecc097d,1d619a84cd8a88c3ecda4e61e9339167,SalesLast12M,59975767000000.0,59975767.0,CANONICAL_UNIT_FIX
369f1c92-1cad-414e-8ef6-bb58cecc097d,1d619a84cd8a88c3ecda4e61e9339167,SalesGrowth12M,78.6311852732705,78.6311852732705,SAME
369f1c92-1cad-414e-8ef6-bb58cecc097d,1d619a84cd8a88c3ecda4e61e9339167,TTMNetProfit,,13168440000.0,LEGACY_HEURISTIC_REMOVED
369f1c92-1cad-414e-8ef6-bb58cecc097d,1d619a84cd8a88c3ecda4e61e9339167,NetProfitMargin12M,,,SAME
369f1c92-1cad-414e-8ef6-bb58cecc097d,1d619a84cd8a88c3ecda4e61e9339167,OperatingMargin12M,,,SAME
369f1c92-1cad-414e-8ef6-bb58cecc097d,1d619a84cd8a88c3ecda4e61e9339167,ROE,,,SAME
369f1c92-1cad-414e-8ef6-bb58cecc097d,1d619a84cd8a88c3ecda4e61e9339167,PEApprox,6.995086411385971,15.462546816479401,FORMULA_CHANGE
369f1c92-1cad-414e-8ef6-bb58cecc097d,1d619a84cd8a88c3ecda4e61e9339167,SalesGrowthRank,0.5111111111111111,0.5108695652173914,SAME
369f1c92-1cad-414e-8ef6-bb58cecc097d,1d619a84cd8a88c3ecda4e61e9339167,NetProfitGrowthRank,0.3,0.41312741312741313,FORMULA_CHANGE
369f1c92-1cad-414e-8ef6-bb58cecc097d,1d619a84cd8a88c3ecda4e61e9339167,OperatingMarginRank,0.3,0.3,SAME
369f1c92-1cad-414e-8ef6-bb58cecc097d,1d619a84cd8a88c3ecda4e61e9339167,PERank,0.6729323308270676,0.31272727272727274,FORMULA_CHANGE
8bb132da-23f9-4665-bd9f-cf1b91b2ef9e,76022dd3c77edb744eeef72f3d54483a,SalesLast12M,,4683377.0,MISSING_CANONICAL_DATA
8bb132da-23f9-4665-bd9f-cf1b91b2ef9e,76022dd3c77edb744eeef72f3d54483a,SalesGrowth12M,,,SAME
8bb132da-23f9-4665-bd9f-cf1b91b2ef9e,76022dd3c77edb744eeef72f3d54483a,TTMNetProfit,,758853027.0,LEGACY_HEURISTIC_REMOVED
8bb132da-23f9-4665-bd9f-cf1b91b2ef9e,76022dd3c77edb744eeef72f3d54483a,NetProfitMargin12M,,,SAME
8bb132da-23f9-4665-bd9f-cf1b91b2ef9e,76022dd3c77edb744eeef72f3d54483a,OperatingMargin12M,,,SAME
8bb132da-23f9-4665-bd9f-cf1b91b2ef9e,76022dd3c77edb744eeef72f3d54483a,ROE,,,SAME
8bb132da-23f9-4665-bd9f-cf1b91b2ef9e,76022dd3c77edb744eeef72f3d54483a,PEApprox,16.784615384615385,38.280701754385966,FORMULA_CHANGE
8bb132da-23f9-4665-bd9f-cf1b91b2ef9e,76022dd3c77edb744eeef72f3d54483a,SalesGrowthRank,0.3,0.3,SAME
8bb132da-23f9-4665-bd9f-cf1b91b2ef9e,76022dd3c77edb744eeef72f3d54483a,NetProfitGrowthRank,0.3,0.918918918918919,FORMULA_CHANGE
8bb132da-23f9-4665-bd9f-cf1b91b2ef9e,76022dd3c77edb744eeef72f3d54483a,OperatingMarginRank,0.3,0.3,SAME
8bb132da-23f9-4665-bd9f-cf1b91b2ef9e,76022dd3c77edb744eeef72f3d54483a,PERank,0.2142857142857143,0.19272727272727275,FORMULA_CHANGE
93152d48-33d9-437f-86bb-e6c4f91969fb,a80a3880494d31e82b13fd0d040e0f72,SalesLast12M,35381586000000.0,35381586.0,CANONICAL_UNIT_FIX
93152d48-33d9-437f-86bb-e6c4f91969fb,a80a3880494d31e82b13fd0d040e0f72,SalesGrowth12M,93.9840235165205,93.9840235165205,SAME
93152d48-33d9-437f-86bb-e6c4f91969fb,a80a3880494d31e82b13fd0d040e0f72,TTMNetProfit,27832707000000.0,27832707.0,CANONICAL_UNIT_FIX
93152d48-33d9-437f-86bb-e6c4f91969fb,a80a3880494d31e82b13fd0d040e0f72,NetProfitMargin12M,24.092595381016597,24.092595381016597,SAME
93152d48-33d9-437f-86bb-e6c4f91969fb,a80a3880494d31e82b13fd0d040e0f72,OperatingMargin12M,29.61907667508296,29.61907667508296,SAME
93152d48-33d9-437f-86bb-e6c4f91969fb,a80a3880494d31e82b13fd0d040e0f72,ROE,45.87906830735445,45.87906830735445,SAME
93152d48-33d9-437f-86bb-e6c4f91969fb,a80a3880494d31e82b13fd0d040e0f72,PEApprox,4.284687275341481,4.283423655607063,SAME
93152d48-33d9-437f-86bb-e6c4f91969fb,a80a3880494d31e82b13fd0d040e0f72,SalesGrowthRank,0.6388888888888888,0.6358695652173914,SAME
93152d48-33d9-437f-86bb-e6c4f91969fb,a80a3880494d31e82b13fd0d040e0f72,NetProfitGrowthRank,0.3,0.4555984555984556,FORMULA_CHANGE
93152d48-33d9-437f-86bb-e6c4f91969fb,a80a3880494d31e82b13fd0d040e0f72,OperatingMarginRank,0.49,0.5384615384615384,FORMULA_CHANGE
93152d48-33d9-437f-86bb-e6c4f91969fb,a80a3880494d31e82b13fd0d040e0f72,PERank,0.9097744360902256,0.9127272727272727,SAME
b2f13de3-6556-4820-8adb-21dee0af731e,b88121029d7e973410b008320f8fe378,SalesLast12M,416644040000000.0,416644040.0,CANONICAL_UNIT_FIX
b2f13de3-6556-4820-8adb-21dee0af731e,b88121029d7e973410b008320f8fe378,SalesGrowth12M,109.57077892182252,109.57077892182252,SAME
b2f13de3-6556-4820-8adb-21dee0af731e,b88121029d7e973410b008320f8fe378,TTMNetProfit,16434370000000.0,16434370.0,CANONICAL_UNIT_FIX
b2f13de3-6556-4820-8adb-21dee0af731e,b88121029d7e973410b008320f8fe378,NetProfitMargin12M,4.607133942280274,4.607133942280274,SAME
b2f13de3-6556-4820-8adb-21dee0af731e,b88121029d7e973410b008320f8fe378,OperatingMargin12M,5.7441839859820245,5.7441839859820245,SAME
b2f13de3-6556-4820-8adb-21dee0af731e,b88121029d7e973410b008320f8fe378,ROE,26.723793437890492,26.723793437890492,SAME
b2f13de3-6556-4820-8adb-21dee0af731e,b88121029d7e973410b008320f8fe378,PEApprox,7.096345514950166,5.384571283664862,FORMULA_CHANGE
b2f13de3-6556-4820-8adb-21dee0af731e,b88121029d7e973410b008320f8fe378,SalesGrowthRank,0.7555555555555555,0.75,SAME
b2f13de3-6556-4820-8adb-21dee0af731e,b88121029d7e973410b008320f8fe378,NetProfitGrowthRank,0.3333333333333333,0.7799227799227799,FORMULA_CHANGE
b2f13de3-6556-4820-8adb-21dee0af731e,b88121029d7e973410b008320f8fe378,OperatingMarginRank,0.09,0.11888111888111888,FORMULA_CHANGE
b2f13de3-6556-4820-8adb-21dee0af731e,b88121029d7e973410b008320f8fe378,PERank,0.6541353383458647,0.8472727272727273,FORMULA_CHANGE
795ba3fd-e5af-4df2-be30-c8fab8a343f0,fa35570c95ed00ea371c6fca0da91641,SalesLast12M,,,SAME
795ba3fd-e5af-4df2-be30-c8fab8a343f0,fa35570c95ed00ea371c6fca0da91641,SalesGrowth12M,,,SAME
795ba3fd-e5af-4df2-be30-c8fab8a343f0,fa35570c95ed00ea371c6fca0da91641,TTMNetProfit,523976000000.0,523976.0,CANONICAL_UNIT_FIX
795ba3fd-e5af-4df2-be30-c8fab8a343f0,fa35570c95ed00ea371c6fca0da91641,NetProfitMargin12M,216.74201968140773,,FORMULA_CHANGE
795ba3fd-e5af-4df2-be30-c8fab8a343f0,fa35570c95ed00ea371c6fca0da91641,OperatingMargin12M,-746.5983594690405,,FORMULA_CHANGE
795ba3fd-e5af-4df2-be30-c8fab8a343f0,fa35570c95ed00ea371c6fca0da91641,ROE,2.936787407599756,2.936787407599756,SAME
795ba3fd-e5af-4df2-be30-c8fab8a343f0,fa35570c95ed00ea371c6fca0da91641,PEApprox,101.91489361702128,,FORMULA_CHANGE
795ba3fd-e5af-4df2-be30-c8fab8a343f0,fa35570c95ed00ea371c6fca0da91641,SalesGrowthRank,0.3,0.3,SAME
795ba3fd-e5af-4df2-be30-c8fab8a343f0,fa35570c95ed00ea371c6fca0da91641,NetProfitGrowthRank,0.3,0.918918918918919,FORMULA_CHANGE
795ba3fd-e5af-4df2-be30-c8fab8a343f0,fa35570c95ed00ea371c6fca0da91641,OperatingMarginRank,0.0,0.3,FORMULA_CHANGE
795ba3fd-e5af-4df2-be30-c8fab8a343f0,fa35570c95ed00ea371c6fca0da91641,PERank,0.0,0.0,SAME
d6063f2d-6671-4400-ab8b-296bff19bd6a,a7e6b6cc7c33c4988937ed9c579b01fa,SalesLast12M,,,SAME
d6063f2d-6671-4400-ab8b-296bff19bd6a,a7e6b6cc7c33c4988937ed9c579b01fa,SalesGrowth12M,,,SAME
d6063f2d-6671-4400-ab8b-296bff19bd6a,a7e6b6cc7c33c4988937ed9c579b01fa,TTMNetProfit,,15987790000.0,LEGACY_HEURISTIC_REMOVED
d6063f2d-6671-4400-ab8b-296bff19bd6a,a7e6b6cc7c33c4988937ed9c579b01fa,NetProfitMargin12M,,,SAME
d6063f2d-6671-4400-ab8b-296bff19bd6a,a7e6b6cc7c33c4988937ed9c579b01fa,OperatingMargin12M,,,SAME
d6063f2d-6671-4400-ab8b-296bff19bd6a,a7e6b6cc7c33c4988937ed9c579b01fa,ROE,,,SAME
d6063f2d-6671-4400-ab8b-296bff19bd6a,a7e6b6cc7c33c4988937ed9c579b01fa,PEApprox,9.508655359328554,9.523767825321698,FORMULA_CHANGE
d6063f2d-6671-4400-ab8b-296bff19bd6a,a7e6b6cc7c33c4988937ed9c579b01fa,SalesGrowthRank,0.3,0.3,SAME
d6063f2d-6671-4400-ab8b-296bff19bd6a,a7e6b6cc7c33c4988937ed9c579b01fa,NetProfitGrowthRank,0.3,0.6023166023166023,FORMULA_CHANGE
d6063f2d-6671-4400-ab8b-296bff19bd6a,a7e6b6cc7c33c4988937ed9c579b01fa,OperatingMarginRank,0.3,0.3,SAME
d6063f2d-6671-4400-ab8b-296bff19bd6a,a7e6b6cc7c33c4988937ed9c579b01fa,PERank,0.39473684210526316,0.43999999999999995,FORMULA_CHANGE
9de95ae2-a790-4050-bb29-e983b5c47d55,a6ad819831020eba3d6400887affac3f,SalesLast12M,35739364000000.0,35739364.0,CANONICAL_UNIT_FIX
9de95ae2-a790-4050-bb29-e983b5c47d55,a6ad819831020eba3d6400887affac3f,SalesGrowth12M,69.50489981745412,69.50489981745412,SAME
9de95ae2-a790-4050-bb29-e983b5c47d55,a6ad819831020eba3d6400887affac3f,TTMNetProfit,,4249440000.0,LEGACY_HEURISTIC_REMOVED
9de95ae2-a790-4050-bb29-e983b5c47d55,a6ad819831020eba3d6400887affac3f,NetProfitMargin12M,,,SAME
9de95ae2-a790-4050-bb29-e983b5c47d55,a6ad819831020eba3d6400887affac3f,OperatingMargin12M,,,SAME
9de95ae2-a790-4050-bb29-e983b5c47d55,a6ad819831020eba3d6400887affac3f,ROE,,,SAME
9de95ae2-a790-4050-bb29-e983b5c47d55,a6ad819831020eba3d6400887affac3f,PEApprox,7.356095816946729,27.88885123686886,FORMULA_CHANGE
9de95ae2-a790-4050-bb29-e983b5c47d55,a6ad819831020eba3d6400887affac3f,SalesGrowthRank,0.45,0.45108695652173914,SAME
9de95ae2-a790-4050-bb29-e983b5c47d55,a6ad819831020eba3d6400887affac3f,NetProfitGrowthRank,0.3,0.13127413127413126,FORMULA_CHANGE
9de95ae2-a790-4050-bb29-e983b5c47d55,a6ad819831020eba3d6400887affac3f,OperatingMarginRank,0.3,0.3,SAME
9de95ae2-a790-4050-bb29-e983b5c47d55,a6ad819831020eba3d6400887affac3f,PERank,0.6165413533834587,0.2218181818181818,FORMULA_CHANGE
04a39bc5-53b1-45c5-b2dd-7530ff52c4e5,72b4d79585406feb5160a555339cce54,SalesLast12M,60229805460000.0,60229805.46,CANONICAL_UNIT_FIX
04a39bc5-53b1-45c5-b2dd-7530ff52c4e5,72b4d79585406feb5160a555339cce54,SalesGrowth12M,47.60468885955955,47.60468885955956,SAME
04a39bc5-53b1-45c5-b2dd-7530ff52c4e5,72b4d79585406feb5160a555339cce54,TTMNetProfit,,9135261318.0,LEGACY_HEURISTIC_REMOVED
04a39bc5-53b1-45c5-b2dd-7530ff52c4e5,72b4d79585406feb5160a555339cce54,NetProfitMargin12M,,,SAME
04a39bc5-53b1-45c5-b2dd-7530ff52c4e5,72b4d79585406feb5160a555339cce54,OperatingMargin12M,,,SAME
04a39bc5-53b1-45c5-b2dd-7530ff52c4e5,72b4d79585406feb5160a555339cce54,ROE,,,SAME
04a39bc5-53b1-45c5-b2dd-7530ff52c4e5,72b4d79585406feb5160a555339cce54,PEApprox,1.5123456790123457,1.5055690692612982,SAME
04a39bc5-53b1-45c5-b2dd-7530ff52c4e5,72b4d79585406feb5160a555339cce54,SalesGrowthRank,0.28888888888888886,0.28804347826086957,SAME
04a39bc5-53b1-45c5-b2dd-7530ff52c4e5,72b4d79585406feb5160a555339cce54,NetProfitGrowthRank,0.3,0.3667953667953668,FORMULA_CHANGE
04a39bc5-53b1-45c5-b2dd-7530ff52c4e5,72b4d79585406feb5160a555339cce54,OperatingMarginRank,0.3,0.3,SAME
04a39bc5-53b1-45c5-b2dd-7530ff52c4e5,72b4d79585406feb5160a555339cce54,PERank,0.9962406015037594,0.9963636363636363,SAME
2724d89a-80a3-4a06-abf8-b0e8828ebcc3,15658d3f9297a112771a62658b4269d3,SalesLast12M,,,SAME
2724d89a-80a3-4a06-abf8-b0e8828ebcc3,15658d3f9297a112771a62658b4269d3,SalesGrowth12M,,,SAME
2724d89a-80a3-4a06-abf8-b0e8828ebcc3,15658d3f9297a112771a62658b4269d3,TTMNetProfit,,-557000000.0,LEGACY_HEURISTIC_REMOVED
2724d89a-80a3-4a06-abf8-b0e8828ebcc3,15658d3f9297a112771a62658b4269d3,NetProfitMargin12M,,,SAME
2724d89a-80a3-4a06-abf8-b0e8828ebcc3,15658d3f9297a112771a62658b4269d3,OperatingMargin12M,,62.35274199692433,MISSING_CANONICAL_DATA
2724d89a-80a3-4a06-abf8-b0e8828ebcc3,15658d3f9297a112771a62658b4269d3,ROE,,,SAME
2724d89a-80a3-4a06-abf8-b0e8828ebcc3,15658d3f9297a112771a62658b4269d3,PEApprox,23.827231121281464,,FORMULA_CHANGE
2724d89a-80a3-4a06-abf8-b0e8828ebcc3,15658d3f9297a112771a62658b4269d3,SalesGrowthRank,0.3,0.3,SAME
2724d89a-80a3-4a06-abf8-b0e8828ebcc3,15658d3f9297a112771a62658b4269d3,NetProfitGrowthRank,0.3,0.04633204633204633,FORMULA_CHANGE
2724d89a-80a3-4a06-abf8-b0e8828ebcc3,15658d3f9297a112771a62658b4269d3,OperatingMarginRank,0.3,0.8811188811188811,FORMULA_CHANGE
2724d89a-80a3-4a06-abf8-b0e8828ebcc3,15658d3f9297a112771a62658b4269d3,PERank,0.18045112781954886,0.0,FORMULA_CHANGE
b9fb9258-4b25-4cd2-b2c0-8dc9ed5e384b,d94c1c91ade00de4b90a351ebd762517,SalesLast12M,7215612000000.0,7215612.0,CANONICAL_UNIT_FIX
b9fb9258-4b25-4cd2-b2c0-8dc9ed5e384b,d94c1c91ade00de4b90a351ebd762517,SalesGrowth12M,180.35120383436632,180.35120383436632,SAME
b9fb9258-4b25-4cd2-b2c0-8dc9ed5e384b,d94c1c91ade00de4b90a351ebd762517,TTMNetProfit,2723198000000.0,2723198.0,CANONICAL_UNIT_FIX
b9fb9258-4b25-4cd2-b2c0-8dc9ed5e384b,d94c1c91ade00de4b90a351ebd762517,NetProfitMargin12M,49.90311473216822,49.90311473216822,SAME
b9fb9258-4b25-4cd2-b2c0-8dc9ed5e384b,d94c1c91ade00de4b90a351ebd762517,OperatingMargin12M,59.02310256424352,59.02310256424352,SAME
b9fb9258-4b25-4cd2-b2c0-8dc9ed5e384b,d94c1c91ade00de4b90a351ebd762517,ROE,64.40419337070539,64.40419337070539,SAME
b9fb9258-4b25-4cd2-b2c0-8dc9ed5e384b,d94c1c91ade00de4b90a351ebd762517,PEApprox,9.552948636651871,9.552679527762043,SAME
b9fb9258-4b25-4cd2-b2c0-8dc9ed5e384b,d94c1c91ade00de4b90a351ebd762517,SalesGrowthRank,0.9583333333333334,0.9538043478260869,SAME
b9fb9258-4b25-4cd2-b2c0-8dc9ed5e384b,d94c1c91ade00de4b90a351ebd762517,NetProfitGrowthRank,0.7777777777777778,0.918918918918919,FORMULA_CHANGE
b9fb9258-4b25-4cd2-b2c0-8dc9ed5e384b,d94c1c91ade00de4b90a351ebd762517,OperatingMarginRank,0.83,0.8461538461538461,FORMULA_CHANGE
b9fb9258-4b25-4cd2-b2c0-8dc9ed5e384b,d94c1c91ade00de4b90a351ebd762517,PERank,0.39097744360902253,0.4363636363636364,FORMULA_CHANGE
3935dd3a-8346-41cb-85f5-e034bba5e72b,57ec56ad0fe574fcb2cee0f550320934,SalesLast12M,9461345602000000.0,9461345602.0,CANONICAL_UNIT_FIX
3935dd3a-8346-41cb-85f5-e034bba5e72b,57ec56ad0fe574fcb2cee0f550320934,SalesGrowth12M,103.09995436061436,103.09995436061436,SAME
3935dd3a-8346-41cb-85f5-e034bba5e72b,57ec56ad0fe574fcb2cee0f550320934,TTMNetProfit,1046821058000000.0,1046821058.0,CANONICAL_UNIT_FIX
3935dd3a-8346-41cb-85f5-e034bba5e72b,57ec56ad0fe574fcb2cee0f550320934,NetProfitMargin12M,13.476047495510413,13.476047495510413,SAME
3935dd3a-8346-41cb-85f5-e034bba5e72b,57ec56ad0fe574fcb2cee0f550320934,OperatingMargin12M,15.762546716695372,15.762546716695372,SAME
3935dd3a-8346-41cb-85f5-e034bba5e72b,57ec56ad0fe574fcb2cee0f550320934,ROE,60.33744531495137,60.33744531495137,SAME
3935dd3a-8346-41cb-85f5-e034bba5e72b,57ec56ad0fe574fcb2cee0f550320934,PEApprox,5.835616438356165,5.8352508895758755,SAME
3935dd3a-8346-41cb-85f5-e034bba5e72b,57ec56ad0fe574fcb2cee0f550320934,SalesGrowthRank,0.7222222222222222,0.717391304347826,SAME
3935dd3a-8346-41cb-85f5-e034bba5e72b,57ec56ad0fe574fcb2cee0f550320934,NetProfitGrowthRank,0.3,0.752895752895753,FORMULA_CHANGE
3935dd3a-8346-41cb-85f5-e034bba5e72b,57ec56ad0fe574fcb2cee0f550320934,OperatingMarginRank,0.19,0.24475524475524477,FORMULA_CHANGE
3935dd3a-8346-41cb-85f5-e034bba5e72b,57ec56ad0fe574fcb2cee0f550320934,PERank,0.8007518796992481,0.8036363636363637,SAME
28145ccd-d2bd-434f-b935-454d1740ec75,9ae2b0971dcfcf7effbe2ee13d292a7b,SalesLast12M,26909262000000.0,26909262.0,CANONICAL_UNIT_FIX
28145ccd-d2bd-434f-b935-454d1740ec75,9ae2b0971dcfcf7effbe2ee13d292a7b,SalesGrowth12M,5.892019524804499,5.892019524804499,SAME
28145ccd-d2bd-434f-b935-454d1740ec75,9ae2b0971dcfcf7effbe2ee13d292a7b,TTMNetProfit,2933405000000.0,2933405.0,CANONICAL_UNIT_FIX
28145ccd-d2bd-434f-b935-454d1740ec75,9ae2b0971dcfcf7effbe2ee13d292a7b,NetProfitMargin12M,10.007294457126864,10.007294457126864,SAME
28145ccd-d2bd-434f-b935-454d1740ec75,9ae2b0971dcfcf7effbe2ee13d292a7b,OperatingMargin12M,2.3830072376898617,2.3830072376898617,SAME
28145ccd-d2bd-434f-b935-454d1740ec75,9ae2b0971dcfcf7effbe2ee13d292a7b,ROE,12.702424793234115,12.702424793234115,SAME
28145ccd-d2bd-434f-b935-454d1740ec75,9ae2b0971dcfcf7effbe2ee13d292a7b,PEApprox,60.671140939597315,59.69207570496857,FORMULA_CHANGE
28145ccd-d2bd-434f-b935-454d1740ec75,9ae2b0971dcfcf7effbe2ee13d292a7b,SalesGrowthRank,0.044444444444444446,0.04891304347826087,SAME
28145ccd-d2bd-434f-b935-454d1740ec75,9ae2b0971dcfcf7effbe2ee13d292a7b,NetProfitGrowthRank,0.3,0.7181467181467182,FORMULA_CHANGE
28145ccd-d2bd-434f-b935-454d1740ec75,9ae2b0971dcfcf7effbe2ee13d292a7b,OperatingMarginRank,0.06,0.0979020979020979,FORMULA_CHANGE
28145ccd-d2bd-434f-b935-454d1740ec75,9ae2b0971dcfcf7effbe2ee13d292a7b,PERank,0.0,0.14909090909090905,FORMULA_CHANGE
7f80bee8-503d-46cc-9c8a-d410ee29972f,bde997b478a960687f241894a21e4fdb,SalesLast12M,4891602962000000.0,4891602962.0,CANONICAL_UNIT_FIX
7f80bee8-503d-46cc-9c8a-d410ee29972f,bde997b478a960687f241894a21e4fdb,SalesGrowth12M,149.67375676806634,149.67375676806634,SAME
7f80bee8-503d-46cc-9c8a-d410ee29972f,bde997b478a960687f241894a21e4fdb,TTMNetProfit,2031135837000000.0,2031135837.0,CANONICAL_UNIT_FIX
7f80bee8-503d-46cc-9c8a-d410ee29972f,bde997b478a960687f241894a21e4fdb,NetProfitMargin12M,50.0580076454286,50.0580076454286,SAME
7f80bee8-503d-46cc-9c8a-d410ee29972f,bde997b478a960687f241894a21e4fdb,OperatingMargin12M,59.97671395115316,59.97671395115316,SAME
7f80bee8-503d-46cc-9c8a-d410ee29972f,bde997b478a960687f241894a21e4fdb,ROE,53.51427302442615,53.51427302442615,SAME
7f80bee8-503d-46cc-9c8a-d410ee29972f,bde997b478a960687f241894a21e4fdb,PEApprox,12.942088934850052,12.94531265309377,SAME
7f80bee8-503d-46cc-9c8a-d410ee29972f,bde997b478a960687f241894a21e4fdb,SalesGrowthRank,0.9111111111111111,0.9021739130434783,SAME
7f80bee8-503d-46cc-9c8a-d410ee29972f,bde997b478a960687f241894a21e4fdb,NetProfitGrowthRank,0.3,0.5945945945945946,FORMULA_CHANGE
7f80bee8-503d-46cc-9c8a-d410ee29972f,bde997b478a960687f241894a21e4fdb,OperatingMarginRank,0.84,0.8671328671328671,FORMULA_CHANGE
7f80bee8-503d-46cc-9c8a-d410ee29972f,bde997b478a960687f241894a21e4fdb,PERank,0.27819548872180455,0.33818181818181814,FORMULA_CHANGE
c81865ec-fec8-4aa2-ab06-775d56dfb937,efbd08e291c09108c086ad170e7026ef,SalesLast12M,1362687879000000.0,1362687879.0,CANONICAL_UNIT_FIX
c81865ec-fec8-4aa2-ab06-775d56dfb937,efbd08e291c09108c086ad170e7026ef,SalesGrowth12M,45.395413118344266,45.395413118344266,SAME
c81865ec-fec8-4aa2-ab06-775d56dfb937,efbd08e291c09108c086ad170e7026ef,TTMNetProfit,158008844000000.0,158008844.0,CANONICAL_UNIT_FIX
c81865ec-fec8-4aa2-ab06-775d56dfb937,efbd08e291c09108c086ad170e7026ef,NetProfitMargin12M,15.386529110018648,15.386529110018648,SAME
c81865ec-fec8-4aa2-ab06-775d56dfb937,efbd08e291c09108c086ad170e7026ef,OperatingMargin12M,16.579797595189724,16.579797595189724,SAME
c81865ec-fec8-4aa2-ab06-775d56dfb937,efbd08e291c09108c086ad170e7026ef,ROE,20.881517800288744,20.881517800288744,SAME
c81865ec-fec8-4aa2-ab06-775d56dfb937,efbd08e291c09108c086ad170e7026ef,PEApprox,10.182481751824817,10.47809853627233,FORMULA_CHANGE
c81865ec-fec8-4aa2-ab06-775d56dfb937,efbd08e291c09108c086ad170e7026ef,SalesGrowthRank,0.2611111111111111,0.2608695652173913,SAME
c81865ec-fec8-4aa2-ab06-775d56dfb937,efbd08e291c09108c086ad170e7026ef,NetProfitGrowthRank,0.3,0.05405405405405406,FORMULA_CHANGE
c81865ec-fec8-4aa2-ab06-775d56dfb937,efbd08e291c09108c086ad170e7026ef,OperatingMarginRank,0.21,0.26573426573426573,FORMULA_CHANGE
c81865ec-fec8-4aa2-ab06-775d56dfb937,efbd08e291c09108c086ad170e7026ef,PERank,0.3571428571428571,0.38181818181818183,FORMULA_CHANGE
5afe467f-4933-4498-9670-0276dbd1376f,85b841e113a9981a56d7137b3e926c4a,SalesLast12M,297447641000000.0,297447641.0,CANONICAL_UNIT_FIX
5afe467f-4933-4498-9670-0276dbd1376f,85b841e113a9981a56d7137b3e926c4a,SalesGrowth12M,94.9225455737703,94.9225455737703,SAME
5afe467f-4933-4498-9670-0276dbd1376f,85b841e113a9981a56d7137b3e926c4a,TTMNetProfit,73967505000000.0,73967505.0,CANONICAL_UNIT_FIX
5afe467f-4933-4498-9670-0276dbd1376f,85b841e113a9981a56d7137b3e926c4a,NetProfitMargin12M,27.647538044045145,27.647538044045145,SAME
5afe467f-4933-4498-9670-0276dbd1376f,85b841e113a9981a56d7137b3e926c4a,OperatingMargin12M,33.01662957764687,33.01662957764687,SAME
5afe467f-4933-4498-9670-0276dbd1376f,85b841e113a9981a56d7137b3e926c4a,ROE,45.86373727239136,45.86373727239136,SAME
5afe467f-4933-4498-9670-0276dbd1376f,85b841e113a9981a56d7137b3e926c4a,PEApprox,8.16642120765832,8.164075982893841,SAME
5afe467f-4933-4498-9670-0276dbd1376f,85b841e113a9981a56d7137b3e926c4a,SalesGrowthRank,0.6555555555555556,0.6521739130434783,SAME
5afe467f-4933-4498-9670-0276dbd1376f,85b841e113a9981a56d7137b3e926c4a,NetProfitGrowthRank,0.3,0.7915057915057915,FORMULA_CHANGE
5afe467f-4933-4498-9670-0276dbd1376f,85b841e113a9981a56d7137b3e926c4a,OperatingMarginRank,0.53,0.5874125874125874,FORMULA_CHANGE
5afe467f-4933-4498-9670-0276dbd1376f,85b841e113a9981a56d7137b3e926c4a,PERank,0.5300751879699248,0.5745454545454545,FORMULA_CHANGE
6ea3597b-7f4e-49c0-8145-cc305b719ddc,4e35602375bf56d08f1acbbff336611c,SalesLast12M,,,SAME
6ea3597b-7f4e-49c0-8145-cc305b719ddc,4e35602375bf56d08f1acbbff336611c,SalesGrowth12M,,,SAME
6ea3597b-7f4e-49c0-8145-cc305b719ddc,4e35602375bf56d08f1acbbff336611c,TTMNetProfit,,32490000000.0,LEGACY_HEURISTIC_REMOVED
6ea3597b-7f4e-49c0-8145-cc305b719ddc,4e35602375bf56d08f1acbbff336611c,NetProfitMargin12M,,,SAME
6ea3597b-7f4e-49c0-8145-cc305b719ddc,4e35602375bf56d08f1acbbff336611c,OperatingMargin12M,,,SAME
6ea3597b-7f4e-49c0-8145-cc305b719ddc,4e35602375bf56d08f1acbbff336611c,ROE,,,SAME
6ea3597b-7f4e-49c0-8145-cc305b719ddc,4e35602375bf56d08f1acbbff336611c,PEApprox,6.666666666666667,3.7857802400738687,FORMULA_CHANGE
6ea3597b-7f4e-49c0-8145-cc305b719ddc,4e35602375bf56d08f1acbbff336611c,SalesGrowthRank,0.3,0.3,SAME
6ea3597b-7f4e-49c0-8145-cc305b719ddc,4e35602375bf56d08f1acbbff336611c,NetProfitGrowthRank,0.3,0.6177606177606177,FORMULA_CHANGE
6ea3597b-7f4e-49c0-8145-cc305b719ddc,4e35602375bf56d08f1acbbff336611c,OperatingMarginRank,0.3,0.3,SAME
6ea3597b-7f4e-49c0-8145-cc305b719ddc,4e35602375bf56d08f1acbbff336611c,PERank,0.7142857142857143,0.9527272727272728,FORMULA_CHANGE
299d99a4-5b3b-4458-aad8-76fcd65f91df,79c05aa1cc2e5430ef253e0d28ef62af,SalesLast12M,,,SAME
299d99a4-5b3b-4458-aad8-76fcd65f91df,79c05aa1cc2e5430ef253e0d28ef62af,SalesGrowth12M,,,SAME
299d99a4-5b3b-4458-aad8-76fcd65f91df,79c05aa1cc2e5430ef253e0d28ef62af,TTMNetProfit,,750328365.0,LEGACY_HEURISTIC_REMOVED
299d99a4-5b3b-4458-aad8-76fcd65f91df,79c05aa1cc2e5430ef253e0d28ef62af,NetProfitMargin12M,,,SAME
299d99a4-5b3b-4458-aad8-76fcd65f91df,79c05aa1cc2e5430ef253e0d28ef62af,OperatingMargin12M,,,SAME
299d99a4-5b3b-4458-aad8-76fcd65f91df,79c05aa1cc2e5430ef253e0d28ef62af,ROE,,,SAME
299d99a4-5b3b-4458-aad8-76fcd65f91df,79c05aa1cc2e5430ef253e0d28ef62af,PEApprox,17.016393442622952,17.016393442622952,SAME
299d99a4-5b3b-4458-aad8-76fcd65f91df,79c05aa1cc2e5430ef253e0d28ef62af,SalesGrowthRank,0.3,0.3,SAME
299d99a4-5b3b-4458-aad8-76fcd65f91df,79c05aa1cc2e5430ef253e0d28ef62af,NetProfitGrowthRank,0.3,0.918918918918919,FORMULA_CHANGE
299d99a4-5b3b-4458-aad8-76fcd65f91df,79c05aa1cc2e5430ef253e0d28ef62af,OperatingMarginRank,0.3,0.3,SAME
299d99a4-5b3b-4458-aad8-76fcd65f91df,79c05aa1cc2e5430ef253e0d28ef62af,PERank,0.21052631578947367,0.28727272727272724,FORMULA_CHANGE
55455cb0-03da-4a83-9ca8-7786101b1d5d,bcd063af0a3b800fe8afeecd6fe37b47,SalesLast12M,,,SAME
55455cb0-03da-4a83-9ca8-7786101b1d5d,bcd063af0a3b800fe8afeecd6fe37b47,SalesGrowth12M,,,SAME
55455cb0-03da-4a83-9ca8-7786101b1d5d,bcd063af0a3b800fe8afeecd6fe37b47,TTMNetProfit,,7208100000.0,LEGACY_HEURISTIC_REMOVED
55455cb0-03da-4a83-9ca8-7786101b1d5d,bcd063af0a3b800fe8afeecd6fe37b47,NetProfitMargin12M,,,SAME
55455cb0-03da-4a83-9ca8-7786101b1d5d,bcd063af0a3b800fe8afeecd6fe37b47,OperatingMargin12M,,,SAME
55455cb0-03da-4a83-9ca8-7786101b1d5d,bcd063af0a3b800fe8afeecd6fe37b47,ROE,,,SAME
55455cb0-03da-4a83-9ca8-7786101b1d5d,bcd063af0a3b800fe8afeecd6fe37b47,PEApprox,6.3452290559352065,6.2604569858908725,FORMULA_CHANGE
55455cb0-03da-4a83-9ca8-7786101b1d5d,bcd063af0a3b800fe8afeecd6fe37b47,SalesGrowthRank,0.3,0.3,SAME
55455cb0-03da-4a83-9ca8-7786101b1d5d,bcd063af0a3b800fe8afeecd6fe37b47,NetProfitGrowthRank,0.3,0.694980694980695,FORMULA_CHANGE
55455cb0-03da-4a83-9ca8-7786101b1d5d,bcd063af0a3b800fe8afeecd6fe37b47,OperatingMarginRank,0.3,0.3,SAME
55455cb0-03da-4a83-9ca8-7786101b1d5d,bcd063af0a3b800fe8afeecd6fe37b47,PERank,0.7518796992481203,0.7709090909090909,FORMULA_CHANGE
10050644-6c19-4b0c-a3be-627c38f06db3,c830a9da03fc01d31766b115fa297d6c,SalesLast12M,30406000000000.0,30406000.0,CANONICAL_UNIT_FIX
10050644-6c19-4b0c-a3be-627c38f06db3,c830a9da03fc01d31766b115fa297d6c,SalesGrowth12M,18.133853434141717,18.133853434141717,SAME
10050644-6c19-4b0c-a3be-627c38f06db3,c830a9da03fc01d31766b115fa297d6c,TTMNetProfit,,28740000000.0,LEGACY_HEURISTIC_REMOVED
10050644-6c19-4b0c-a3be-627c38f06db3,c830a9da03fc01d31766b115fa297d6c,NetProfitMargin12M,,,SAME
10050644-6c19-4b0c-a3be-627c38f06db3,c830a9da03fc01d31766b115fa297d6c,OperatingMargin12M,,97.15585430311387,MISSING_CANONICAL_DATA
10050644-6c19-4b0c-a3be-627c38f06db3,c830a9da03fc01d31766b115fa297d6c,ROE,,,SAME
10050644-6c19-4b0c-a3be-627c38f06db3,c830a9da03fc01d31766b115fa297d6c,PEApprox,6.257267441860465,6.590814196242172,FORMULA_CHANGE
10050644-6c19-4b0c-a3be-627c38f06db3,c830a9da03fc01d31766b115fa297d6c,SalesGrowthRank,0.10555555555555556,0.10869565217391304,SAME
10050644-6c19-4b0c-a3be-627c38f06db3,c830a9da03fc01d31766b115fa297d6c,NetProfitGrowthRank,0.3,0.15057915057915058,FORMULA_CHANGE
10050644-6c19-4b0c-a3be-627c38f06db3,c830a9da03fc01d31766b115fa297d6c,OperatingMarginRank,0.3,0.9790209790209791,FORMULA_CHANGE
10050644-6c19-4b0c-a3be-627c38f06db3,c830a9da03fc01d31766b115fa297d6c,PERank,0.7556390977443609,0.7454545454545455,FORMULA_CHANGE
19d039eb-a0dc-4908-ae15-0c0d8623df85,eb385d3905217941c6bb9e2caf44b537,SalesLast12M,,,SAME
19d039eb-a0dc-4908-ae15-0c0d8623df85,eb385d3905217941c6bb9e2caf44b537,SalesGrowth12M,,,SAME
19d039eb-a0dc-4908-ae15-0c0d8623df85,eb385d3905217941c6bb9e2caf44b537,TTMNetProfit,,43784000000.0,LEGACY_HEURISTIC_REMOVED
19d039eb-a0dc-4908-ae15-0c0d8623df85,eb385d3905217941c6bb9e2caf44b537,NetProfitMargin12M,,,SAME
19d039eb-a0dc-4908-ae15-0c0d8623df85,eb385d3905217941c6bb9e2caf44b537,OperatingMargin12M,,,SAME
19d039eb-a0dc-4908-ae15-0c0d8623df85,eb385d3905217941c6bb9e2caf44b537,ROE,,,SAME
19d039eb-a0dc-4908-ae15-0c0d8623df85,eb385d3905217941c6bb9e2caf44b537,PEApprox,5.08764832793959,6.893842499543212,FORMULA_CHANGE
19d039eb-a0dc-4908-ae15-0c0d8623df85,eb385d3905217941c6bb9e2caf44b537,SalesGrowthRank,0.3,0.3,SAME
19d039eb-a0dc-4908-ae15-0c0d8623df85,eb385d3905217941c6bb9e2caf44b537,NetProfitGrowthRank,0.3,0.918918918918919,FORMULA_CHANGE
19d039eb-a0dc-4908-ae15-0c0d8623df85,eb385d3905217941c6bb9e2caf44b537,OperatingMarginRank,0.3,0.3,SAME
19d039eb-a0dc-4908-ae15-0c0d8623df85,eb385d3905217941c6bb9e2caf44b537,PERank,0.8609022556390977,0.7163636363636363,FORMULA_CHANGE
3c363c84-8a26-48c6-8943-22842ca2a95c,4c198075a5599a736ed1cb88eb36b7cd,SalesLast12M,,,SAME
3c363c84-8a26-48c6-8943-22842ca2a95c,4c198075a5599a736ed1cb88eb36b7cd,SalesGrowth12M,,,SAME
3c363c84-8a26-48c6-8943-22842ca2a95c,4c198075a5599a736ed1cb88eb36b7cd,TTMNetProfit,,10230000000.0,LEGACY_HEURISTIC_REMOVED
3c363c84-8a26-48c6-8943-22842ca2a95c,4c198075a5599a736ed1cb88eb36b7cd,NetProfitMargin12M,,,SAME
3c363c84-8a26-48c6-8943-22842ca2a95c,4c198075a5599a736ed1cb88eb36b7cd,OperatingMargin12M,,,SAME
3c363c84-8a26-48c6-8943-22842ca2a95c,4c198075a5599a736ed1cb88eb36b7cd,ROE,,,SAME
3c363c84-8a26-48c6-8943-22842ca2a95c,4c198075a5599a736ed1cb88eb36b7cd,PEApprox,4.211180124223603,3.6451612903225805,FORMULA_CHANGE
3c363c84-8a26-48c6-8943-22842ca2a95c,4c198075a5599a736ed1cb88eb36b7cd,SalesGrowthRank,0.3,0.3,SAME
3c363c84-8a26-48c6-8943-22842ca2a95c,4c198075a5599a736ed1cb88eb36b7cd,NetProfitGrowthRank,0.3,0.16988416988416988,FORMULA_CHANGE
3c363c84-8a26-48c6-8943-22842ca2a95c,4c198075a5599a736ed1cb88eb36b7cd,OperatingMarginRank,0.3,0.3,SAME
3c363c84-8a26-48c6-8943-22842ca2a95c,4c198075a5599a736ed1cb88eb36b7cd,PERank,0.9172932330827068,0.96,FORMULA_CHANGE
9bb03c0c-0993-4174-baed-3c5e7047d031,19b9ef8150577a94e1ec98c012006fa9,SalesLast12M,33794465000000.0,33794465.0,CANONICAL_UNIT_FIX
9bb03c0c-0993-4174-baed-3c5e7047d031,19b9ef8150577a94e1ec98c012006fa9,SalesGrowth12M,73.42861666229176,73.42861666229176,SAME
9bb03c0c-0993-4174-baed-3c5e7047d031,19b9ef8150577a94e1ec98c012006fa9,TTMNetProfit,9369776000000.0,9369776.0,CANONICAL_UNIT_FIX
9bb03c0c-0993-4174-baed-3c5e7047d031,19b9ef8150577a94e1ec98c012006fa9,NetProfitMargin12M,28.493149818465103,28.493149818465103,SAME
9bb03c0c-0993-4174-baed-3c5e7047d031,19b9ef8150577a94e1ec98c012006fa9,OperatingMargin12M,22.835758973329256,22.835758973329256,SAME
9bb03c0c-0993-4174-baed-3c5e7047d031,19b9ef8150577a94e1ec98c012006fa9,ROE,46.045666303845664,46.045666303845664,SAME
9bb03c0c-0993-4174-baed-3c5e7047d031,19b9ef8150577a94e1ec98c012006fa9,PEApprox,4.585511575802838,4.583653252820719,SAME
9bb03c0c-0993-4174-baed-3c5e7047d031,19b9ef8150577a94e1ec98c012006fa9,SalesGrowthRank,0.4888888888888889,0.4891304347826087,SAME
9bb03c0c-0993-4174-baed-3c5e7047d031,19b9ef8150577a94e1ec98c012006fa9,NetProfitGrowthRank,0.3,0.918918918918919,FORMULA_CHANGE
9bb03c0c-0993-4174-baed-3c5e7047d031,19b9ef8150577a94e1ec98c012006fa9,OperatingMarginRank,0.35,0.38461538461538464,FORMULA_CHANGE
9bb03c0c-0993-4174-baed-3c5e7047d031,19b9ef8150577a94e1ec98c012006fa9,PERank,0.887218045112782,0.9018181818181819,FORMULA_CHANGE
b478e266-a8d0-49b5-be92-60d4fd9e796f,fb2ff05e8a5b71f6d43905f74f59cec6,SalesLast12M,,,SAME
b478e266-a8d0-49b5-be92-60d4fd9e796f,fb2ff05e8a5b71f6d43905f74f59cec6,SalesGrowth12M,,,SAME
b478e266-a8d0-49b5-be92-60d4fd9e796f,fb2ff05e8a5b71f6d43905f74f59cec6,TTMNetProfit,,25848000000.0,LEGACY_HEURISTIC_REMOVED
b478e266-a8d0-49b5-be92-60d4fd9e796f,fb2ff05e8a5b71f6d43905f74f59cec6,NetProfitMargin12M,,,SAME
b478e266-a8d0-49b5-be92-60d4fd9e796f,fb2ff05e8a5b71f6d43905f74f59cec6,OperatingMargin12M,,,SAME
b478e266-a8d0-49b5-be92-60d4fd9e796f,fb2ff05e8a5b71f6d43905f74f59cec6,ROE,,,SAME
b478e266-a8d0-49b5-be92-60d4fd9e796f,fb2ff05e8a5b71f6d43905f74f59cec6,PEApprox,4.874651810584958,4.874651810584958,SAME
b478e266-a8d0-49b5-be92-60d4fd9e796f,fb2ff05e8a5b71f6d43905f74f59cec6,SalesGrowthRank,0.3,0.3,SAME
b478e266-a8d0-49b5-be92-60d4fd9e796f,fb2ff05e8a5b71f6d43905f74f59cec6,NetProfitGrowthRank,0.3,0.277992277992278,FORMULA_CHANGE
b478e266-a8d0-49b5-be92-60d4fd9e796f,fb2ff05e8a5b71f6d43905f74f59cec6,OperatingMarginRank,0.3,0.3,SAME
b478e266-a8d0-49b5-be92-60d4fd9e796f,fb2ff05e8a5b71f6d43905f74f59cec6,PERank,0.868421052631579,0.88,FORMULA_CHANGE
907726df-b454-49b0-a6b1-d2cd83440bd0,0e16759f2d662dc8bc10d9604b5c3a7e,SalesLast12M,31548052000000.0,31548052.0,CANONICAL_UNIT_FIX
907726df-b454-49b0-a6b1-d2cd83440bd0,0e16759f2d662dc8bc10d9604b5c3a7e,SalesGrowth12M,6.29319143500929,6.29319143500929,SAME
907726df-b454-49b0-a6b1-d2cd83440bd0,0e16759f2d662dc8bc10d9604b5c3a7e,TTMNetProfit,-3813570000000.0,-3813570.0,CANONICAL_UNIT_FIX
907726df-b454-49b0-a6b1-d2cd83440bd0,0e16759f2d662dc8bc10d9604b5c3a7e,NetProfitMargin12M,-13.346787553525724,-13.346787553525724,SAME
907726df-b454-49b0-a6b1-d2cd83440bd0,0e16759f2d662dc8bc10d9604b5c3a7e,OperatingMargin12M,14.237315351099816,14.237315351099816,SAME
907726df-b454-49b0-a6b1-d2cd83440bd0,0e16759f2d662dc8bc10d9604b5c3a7e,ROE,-235.09398346758954,-235.09398346758954,SAME
907726df-b454-49b0-a6b1-d2cd83440bd0,0e16759f2d662dc8bc10d9604b5c3a7e,PEApprox,-15.842479018721756,,FORMULA_CHANGE
907726df-b454-49b0-a6b1-d2cd83440bd0,0e16759f2d662dc8bc10d9604b5c3a7e,SalesGrowthRank,0.05,0.05434782608695652,SAME
907726df-b454-49b0-a6b1-d2cd83440bd0,0e16759f2d662dc8bc10d9604b5c3a7e,NetProfitGrowthRank,0.3,0.005791505791505791,FORMULA_CHANGE
907726df-b454-49b0-a6b1-d2cd83440bd0,0e16759f2d662dc8bc10d9604b5c3a7e,OperatingMarginRank,0.16,0.21678321678321677,FORMULA_CHANGE
907726df-b454-49b0-a6b1-d2cd83440bd0,0e16759f2d662dc8bc10d9604b5c3a7e,PERank,0.0,0.0,SAME
89bfa0d8-db72-4298-b7cb-166c0304b58d,c373c2297b48b0838e26f18bf2419ddb,SalesLast12M,162304047000000.0,162304047.0,CANONICAL_UNIT_FIX
89bfa0d8-db72-4298-b7cb-166c0304b58d,c373c2297b48b0838e26f18bf2419ddb,SalesGrowth12M,97.91783556306055,97.91783556306055,SAME
89bfa0d8-db72-4298-b7cb-166c0304b58d,c373c2297b48b0838e26f18bf2419ddb,TTMNetProfit,70740935000000.0,70740935.0,CANONICAL_UNIT_FIX
89bfa0d8-db72-4298-b7cb-166c0304b58d,c373c2297b48b0838e26f18bf2419ddb,NetProfitMargin12M,46.01774143278592,46.01774143278592,SAME
89bfa0d8-db72-4298-b7cb-166c0304b58d,c373c2297b48b0838e26f18bf2419ddb,OperatingMargin12M,56.37538367776839,56.37538367776839,SAME
89bfa0d8-db72-4298-b7cb-166c0304b58d,c373c2297b48b0838e26f18bf2419ddb,ROE,43.97071777860433,43.97071777860433,SAME
89bfa0d8-db72-4298-b7cb-166c0304b58d,c373c2297b48b0838e26f18bf2419ddb,PEApprox,4.372942232864411,4.371695505693686,SAME
89bfa0d8-db72-4298-b7cb-166c0304b58d,c373c2297b48b0838e26f18bf2419ddb,SalesGrowthRank,0.6833333333333333,0.6793478260869565,SAME
89bfa0d8-db72-4298-b7cb-166c0304b58d,c373c2297b48b0838e26f18bf2419ddb,NetProfitGrowthRank,0.3,0.7722007722007722,FORMULA_CHANGE
89bfa0d8-db72-4298-b7cb-166c0304b58d,c373c2297b48b0838e26f18bf2419ddb,OperatingMarginRank,0.8,0.8251748251748252,FORMULA_CHANGE
89bfa0d8-db72-4298-b7cb-166c0304b58d,c373c2297b48b0838e26f18bf2419ddb,PERank,0.8984962406015038,0.9054545454545455,SAME
1c4e4dc1-e889-4d37-ba14-d369d5d6c79b,add4a2f41440b06319f3e7d8d553f2e4,SalesLast12M,,,SAME
1c4e4dc1-e889-4d37-ba14-d369d5d6c79b,add4a2f41440b06319f3e7d8d553f2e4,SalesGrowth12M,,,SAME
1c4e4dc1-e889-4d37-ba14-d369d5d6c79b,add4a2f41440b06319f3e7d8d553f2e4,TTMNetProfit,,-2392694700.0,LEGACY_HEURISTIC_REMOVED
1c4e4dc1-e889-4d37-ba14-d369d5d6c79b,add4a2f41440b06319f3e7d8d553f2e4,NetProfitMargin12M,,,SAME
1c4e4dc1-e889-4d37-ba14-d369d5d6c79b,add4a2f41440b06319f3e7d8d553f2e4,OperatingMargin12M,,-14.034864299290298,MISSING_CANONICAL_DATA
1c4e4dc1-e889-4d37-ba14-d369d5d6c79b,add4a2f41440b06319f3e7d8d553f2e4,ROE,,,SAME
1c4e4dc1-e889-4d37-ba14-d369d5d6c79b,add4a2f41440b06319f3e7d8d553f2e4,PEApprox,24.868852459016395,,FORMULA_CHANGE
1c4e4dc1-e889-4d37-ba14-d369d5d6c79b,add4a2f41440b06319f3e7d8d553f2e4,SalesGrowthRank,0.3,0.3,SAME
1c4e4dc1-e889-4d37-ba14-d369d5d6c79b,add4a2f41440b06319f3e7d8d553f2e4,NetProfitGrowthRank,0.3,0.005791505791505791,FORMULA_CHANGE
1c4e4dc1-e889-4d37-ba14-d369d5d6c79b,add4a2f41440b06319f3e7d8d553f2e4,OperatingMarginRank,0.3,0.006993006993006993,FORMULA_CHANGE
1c4e4dc1-e889-4d37-ba14-d369d5d6c79b,add4a2f41440b06319f3e7d8d553f2e4,PERank,0.16917293233082709,0.0,FORMULA_CHANGE
831fcb23-f475-4c1b-9ba0-192fb03e76ed,1843493e1f47856f9ed240017217d5bf,SalesLast12M,476497496000000.0,476497496.0,CANONICAL_UNIT_FIX
831fcb23-f475-4c1b-9ba0-192fb03e76ed,1843493e1f47856f9ed240017217d5bf,SalesGrowth12M,79.58069552779156,79.58069552779156,SAME
831fcb23-f475-4c1b-9ba0-192fb03e76ed,1843493e1f47856f9ed240017217d5bf,TTMNetProfit,,138587400000.0,LEGACY_HEURISTIC_REMOVED
831fcb23-f475-4c1b-9ba0-192fb03e76ed,1843493e1f47856f9ed240017217d5bf,NetProfitMargin12M,,,SAME
831fcb23-f475-4c1b-9ba0-192fb03e76ed,1843493e1f47856f9ed240017217d5bf,OperatingMargin12M,,-2.0986469150301684e-07,MISSING_CANONICAL_DATA
831fcb23-f475-4c1b-9ba0-192fb03e76ed,1843493e1f47856f9ed240017217d5bf,ROE,,,SAME
831fcb23-f475-4c1b-9ba0-192fb03e76ed,1843493e1f47856f9ed240017217d5bf,PEApprox,7.51269595937293,7.51269595937293,SAME
831fcb23-f475-4c1b-9ba0-192fb03e76ed,1843493e1f47856f9ed240017217d5bf,SalesGrowthRank,0.5277777777777778,0.5271739130434783,SAME
831fcb23-f475-4c1b-9ba0-192fb03e76ed,1843493e1f47856f9ed240017217d5bf,NetProfitGrowthRank,0.3,0.49034749034749037,FORMULA_CHANGE
831fcb23-f475-4c1b-9ba0-192fb03e76ed,1843493e1f47856f9ed240017217d5bf,OperatingMarginRank,0.3,0.06293706293706294,FORMULA_CHANGE
831fcb23-f475-4c1b-9ba0-192fb03e76ed,1843493e1f47856f9ed240017217d5bf,PERank,0.5864661654135339,0.6327272727272728,FORMULA_CHANGE
aa481edd-94f1-4d63-af3f-908a97c8871f,219f43aab6fb90530570bd54a78db3f4,SalesLast12M,99446713000000.0,99446713.0,CANONICAL_UNIT_FIX
aa481edd-94f1-4d63-af3f-908a97c8871f,219f43aab6fb90530570bd54a78db3f4,SalesGrowth12M,44.09317695893506,44.09317695893506,SAME
aa481edd-94f1-4d63-af3f-908a97c8871f,219f43aab6fb90530570bd54a78db3f4,TTMNetProfit,,682356591.0,LEGACY_HEURISTIC_REMOVED
aa481edd-94f1-4d63-af3f-908a97c8871f,219f43aab6fb90530570bd54a78db3f4,NetProfitMargin12M,,,SAME
aa481edd-94f1-4d63-af3f-908a97c8871f,219f43aab6fb90530570bd54a78db3f4,OperatingMargin12M,,,SAME
aa481edd-94f1-4d63-af3f-908a97c8871f,219f43aab6fb90530570bd54a78db3f4,ROE,,,SAME
aa481edd-94f1-4d63-af3f-908a97c8871f,219f43aab6fb90530570bd54a78db3f4,PEApprox,44.61538461538461,,FORMULA_CHANGE
aa481edd-94f1-4d63-af3f-908a97c8871f,219f43aab6fb90530570bd54a78db3f4,SalesGrowthRank,0.25555555555555554,0.2554347826086957,SAME
aa481edd-94f1-4d63-af3f-908a97c8871f,219f43aab6fb90530570bd54a78db3f4,NetProfitGrowthRank,0.3,0.0888030888030888,FORMULA_CHANGE
aa481edd-94f1-4d63-af3f-908a97c8871f,219f43aab6fb90530570bd54a78db3f4,OperatingMarginRank,0.3,0.3,SAME
aa481edd-94f1-4d63-af3f-908a97c8871f,219f43aab6fb90530570bd54a78db3f4,PERank,0.11654135338345861,0.0,FORMULA_CHANGE
d1ae0534-f55f-4ba6-8a30-0036d4a225c1,8c179073bc41ee6b95d603feda98dafa,SalesLast12M,218024122000000.0,218024122.0,CANONICAL_UNIT_FIX
d1ae0534-f55f-4ba6-8a30-0036d4a225c1,8c179073bc41ee6b95d603feda98dafa,SalesGrowth12M,100.59453321687258,100.59453321687258,SAME
d1ae0534-f55f-4ba6-8a30-0036d4a225c1,8c179073bc41ee6b95d603feda98dafa,TTMNetProfit,,40284000000.0,LEGACY_HEURISTIC_REMOVED
d1ae0534-f55f-4ba6-8a30-0036d4a225c1,8c179073bc41ee6b95d603feda98dafa,NetProfitMargin12M,,,SAME
d1ae0534-f55f-4ba6-8a30-0036d4a225c1,8c179073bc41ee6b95d603feda98dafa,OperatingMargin12M,,25.727755889289583,MISSING_CANONICAL_DATA
d1ae0534-f55f-4ba6-8a30-0036d4a225c1,8c179073bc41ee6b95d603feda98dafa,ROE,,,SAME
d1ae0534-f55f-4ba6-8a30-0036d4a225c1,8c179073bc41ee6b95d603feda98dafa,PEApprox,9.700548291859974,9.706086783834774,SAME
d1ae0534-f55f-4ba6-8a30-0036d4a225c1,8c179073bc41ee6b95d603feda98dafa,SalesGrowthRank,0.7111111111111111,0.7065217391304348,SAME
d1ae0534-f55f-4ba6-8a30-0036d4a225c1,8c179073bc41ee6b95d603feda98dafa,NetProfitGrowthRank,0.3,0.5521235521235521,FORMULA_CHANGE
d1ae0534-f55f-4ba6-8a30-0036d4a225c1,8c179073bc41ee6b95d603feda98dafa,OperatingMarginRank,0.3,0.4825174825174825,FORMULA_CHANGE
d1ae0534-f55f-4ba6-8a30-0036d4a225c1,8c179073bc41ee6b95d603feda98dafa,PERank,0.37593984962406013,0.4254545454545454,FORMULA_CHANGE
59e163ef-c340-4f9f-af09-fa6242fe41cf,1818f78f177b8c9343ce20a08ca3cf40,SalesLast12M,24932060000000.0,24932060.0,CANONICAL_UNIT_FIX
59e163ef-c340-4f9f-af09-fa6242fe41cf,1818f78f177b8c9343ce20a08ca3cf40,SalesGrowth12M,130.01498248967647,130.01498248967647,SAME
59e163ef-c340-4f9f-af09-fa6242fe41cf,1818f78f177b8c9343ce20a08ca3cf40,TTMNetProfit,,5512400000.0,LEGACY_HEURISTIC_REMOVED
59e163ef-c340-4f9f-af09-fa6242fe41cf,1818f78f177b8c9343ce20a08ca3cf40,NetProfitMargin12M,,,SAME
59e163ef-c340-4f9f-af09-fa6242fe41cf,1818f78f177b8c9343ce20a08ca3cf40,OperatingMargin12M,,4.010900021899514e-06,MISSING_CANONICAL_DATA
59e163ef-c340-4f9f-af09-fa6242fe41cf,1818f78f177b8c9343ce20a08ca3cf40,ROE,,,SAME
59e163ef-c340-4f9f-af09-fa6242fe41cf,1818f78f177b8c9343ce20a08ca3cf40,PEApprox,10.703851261620185,22.955881285828315,FORMULA_CHANGE
59e163ef-c340-4f9f-af09-fa6242fe41cf,1818f78f177b8c9343ce20a08ca3cf40,SalesGrowthRank,0.8666666666666667,0.8586956521739131,SAME
59e163ef-c340-4f9f-af09-fa6242fe41cf,1818f78f177b8c9343ce20a08ca3cf40,NetProfitGrowthRank,0.3,0.42084942084942084,FORMULA_CHANGE
59e163ef-c340-4f9f-af09-fa6242fe41cf,1818f78f177b8c9343ce20a08ca3cf40,OperatingMarginRank,0.3,0.06993006993006994,FORMULA_CHANGE
59e163ef-c340-4f9f-af09-fa6242fe41cf,1818f78f177b8c9343ce20a08ca3cf40,PERank,0.33458646616541354,0.2472727272727273,FORMULA_CHANGE
ffc50f05-b5b7-4056-b58f-f305178c4174,13a0bcb602f4d54dab681986defb249d,SalesLast12M,98709971000000.0,98709971.0,CANONICAL_UNIT_FIX
ffc50f05-b5b7-4056-b58f-f305178c4174,13a0bcb602f4d54dab681986defb249d,SalesGrowth12M,95.8054671814488,95.8054671814488,SAME
ffc50f05-b5b7-4056-b58f-f305178c4174,13a0bcb602f4d54dab681986defb249d,TTMNetProfit,,29865000000.0,LEGACY_HEURISTIC_REMOVED
ffc50f05-b5b7-4056-b58f-f305178c4174,13a0bcb602f4d54dab681986defb249d,NetProfitMargin12M,,,SAME
ffc50f05-b5b7-4056-b58f-f305178c4174,13a0bcb602f4d54dab681986defb249d,OperatingMargin12M,,,SAME
ffc50f05-b5b7-4056-b58f-f305178c4174,13a0bcb602f4d54dab681986defb249d,ROE,,,SAME
ffc50f05-b5b7-4056-b58f-f305178c4174,13a0bcb602f4d54dab681986defb249d,PEApprox,10.050787201625191,9.939728779507785,FORMULA_CHANGE
ffc50f05-b5b7-4056-b58f-f305178c4174,13a0bcb602f4d54dab681986defb249d,SalesGrowthRank,0.6666666666666666,0.6630434782608695,SAME
ffc50f05-b5b7-4056-b58f-f305178c4174,13a0bcb602f4d54dab681986defb249d,NetProfitGrowthRank,0.3,0.6447876447876448,FORMULA_CHANGE
ffc50f05-b5b7-4056-b58f-f305178c4174,13a0bcb602f4d54dab681986defb249d,OperatingMarginRank,0.3,0.3,SAME
ffc50f05-b5b7-4056-b58f-f305178c4174,13a0bcb602f4d54dab681986defb249d,PERank,0.3609022556390977,0.4109090909090909,FORMULA_CHANGE
b2f2277b-1f16-4a42-a783-587d3b527ec0,de970c1c2991b9b3e1e5b18f4f361700,SalesLast12M,,,SAME
b2f2277b-1f16-4a42-a783-587d3b527ec0,de970c1c2991b9b3e1e5b18f4f361700,SalesGrowth12M,,,SAME
b2f2277b-1f16-4a42-a783-587d3b527ec0,de970c1c2991b9b3e1e5b18f4f361700,TTMNetProfit,,1608232320.0,LEGACY_HEURISTIC_REMOVED
b2f2277b-1f16-4a42-a783-587d3b527ec0,de970c1c2991b9b3e1e5b18f4f361700,NetProfitMargin12M,,,SAME
b2f2277b-1f16-4a42-a783-587d3b527ec0,de970c1c2991b9b3e1e5b18f4f361700,OperatingMargin12M,,,SAME
b2f2277b-1f16-4a42-a783-587d3b527ec0,de970c1c2991b9b3e1e5b18f4f361700,ROE,,,SAME
b2f2277b-1f16-4a42-a783-587d3b527ec0,de970c1c2991b9b3e1e5b18f4f361700,PEApprox,27.026209677419356,23.333333333333332,FORMULA_CHANGE
b2f2277b-1f16-4a42-a783-587d3b527ec0,de970c1c2991b9b3e1e5b18f4f361700,SalesGrowthRank,0.3,0.3,SAME
b2f2277b-1f16-4a42-a783-587d3b527ec0,de970c1c2991b9b3e1e5b18f4f361700,NetProfitGrowthRank,0.3,0.918918918918919,FORMULA_CHANGE
b2f2277b-1f16-4a42-a783-587d3b527ec0,de970c1c2991b9b3e1e5b18f4f361700,OperatingMarginRank,0.3,0.3,SAME
b2f2277b-1f16-4a42-a783-587d3b527ec0,de970c1c2991b9b3e1e5b18f4f361700,PERank,0.16165413533834583,0.24363636363636365,FORMULA_CHANGE
ef03eb47-e718-4196-bddb-41322006a0d9,881f485833e35685213e8f387e534bf7,SalesLast12M,88459330000000.0,88459330.0,CANONICAL_UNIT_FIX
ef03eb47-e718-4196-bddb-41322006a0d9,881f485833e35685213e8f387e534bf7,SalesGrowth12M,186.72711773209642,186.72711773209642,SAME
ef03eb47-e718-4196-bddb-41322006a0d9,881f485833e35685213e8f387e534bf7,TTMNetProfit,,5675903676.0,LEGACY_HEURISTIC_REMOVED
ef03eb47-e718-4196-bddb-41322006a0d9,881f485833e35685213e8f387e534bf7,NetProfitMargin12M,,,SAME
ef03eb47-e718-4196-bddb-41322006a0d9,881f485833e35685213e8f387e534bf7,OperatingMargin12M,,7.311286440898885,MISSING_CANONICAL_DATA
ef03eb47-e718-4196-bddb-41322006a0d9,881f485833e35685213e8f387e534bf7,ROE,,,SAME
ef03eb47-e718-4196-bddb-41322006a0d9,881f485833e35685213e8f387e534bf7,PEApprox,12.202127659574469,12.202127659574469,SAME
ef03eb47-e718-4196-bddb-41322006a0d9,881f485833e35685213e8f387e534bf7,SalesGrowthRank,0.9583333333333334,0.9538043478260869,SAME
ef03eb47-e718-4196-bddb-41322006a0d9,881f485833e35685213e8f387e534bf7,NetProfitGrowthRank,0.3,0.15444015444015444,FORMULA_CHANGE
ef03eb47-e718-4196-bddb-41322006a0d9,881f485833e35685213e8f387e534bf7,OperatingMarginRank,0.3,0.14685314685314685,FORMULA_CHANGE
ef03eb47-e718-4196-bddb-41322006a0d9,881f485833e35685213e8f387e534bf7,PERank,0.28195488721804507,0.3418181818181818,FORMULA_CHANGE
fa1ec7fd-8b16-4d87-ab0e-b5894b2a2914,efb86e9938a9c7351b51280587d898dc,SalesLast12M,87303434000000.0,87303434.0,CANONICAL_UNIT_FIX
fa1ec7fd-8b16-4d87-ab0e-b5894b2a2914,efb86e9938a9c7351b51280587d898dc,SalesGrowth12M,22.484264793268935,22.484264793268935,SAME
fa1ec7fd-8b16-4d87-ab0e-b5894b2a2914,efb86e9938a9c7351b51280587d898dc,TTMNetProfit,,9612000000.0,LEGACY_HEURISTIC_REMOVED
fa1ec7fd-8b16-4d87-ab0e-b5894b2a2914,efb86e9938a9c7351b51280587d898dc,NetProfitMargin12M,,,SAME
fa1ec7fd-8b16-4d87-ab0e-b5894b2a2914,efb86e9938a9c7351b51280587d898dc,OperatingMargin12M,,,SAME
fa1ec7fd-8b16-4d87-ab0e-b5894b2a2914,efb86e9938a9c7351b51280587d898dc,ROE,,,SAME
fa1ec7fd-8b16-4d87-ab0e-b5894b2a2914,efb86e9938a9c7351b51280587d898dc,PEApprox,32.98701298701299,31.7103620474407,FORMULA_CHANGE
fa1ec7fd-8b16-4d87-ab0e-b5894b2a2914,efb86e9938a9c7351b51280587d898dc,SalesGrowthRank,0.11666666666666667,0.11956521739130435,SAME
fa1ec7fd-8b16-4d87-ab0e-b5894b2a2914,efb86e9938a9c7351b51280587d898dc,NetProfitGrowthRank,0.3,0.722007722007722,FORMULA_CHANGE
fa1ec7fd-8b16-4d87-ab0e-b5894b2a2914,efb86e9938a9c7351b51280587d898dc,OperatingMarginRank,0.3,0.3,SAME
fa1ec7fd-8b16-4d87-ab0e-b5894b2a2914,efb86e9938a9c7351b51280587d898dc,PERank,0.14661654135338342,0.21090909090909093,FORMULA_CHANGE
8cfe75c0-68c8-4b7b-ad05-a73c168cbffd,d5d20f20215dafb1d4d773897c34e2b5,SalesLast12M,34714175000000.0,34714175.0,CANONICAL_UNIT_FIX
8cfe75c0-68c8-4b7b-ad05-a73c168cbffd,d5d20f20215dafb1d4d773897c34e2b5,SalesGrowth12M,39.52784568106741,39.52784568106741,SAME
8cfe75c0-68c8-4b7b-ad05-a73c168cbffd,d5d20f20215dafb1d4d773897c34e2b5,TTMNetProfit,,5945890500.0,LEGACY_HEURISTIC_REMOVED
8cfe75c0-68c8-4b7b-ad05-a73c168cbffd,d5d20f20215dafb1d4d773897c34e2b5,NetProfitMargin12M,,,SAME
8cfe75c0-68c8-4b7b-ad05-a73c168cbffd,d5d20f20215dafb1d4d773897c34e2b5,OperatingMargin12M,,,SAME
8cfe75c0-68c8-4b7b-ad05-a73c168cbffd,d5d20f20215dafb1d4d773897c34e2b5,ROE,,,SAME
8cfe75c0-68c8-4b7b-ad05-a73c168cbffd,d5d20f20215dafb1d4d773897c34e2b5,PEApprox,6.561302681992337,6.4440263405456255,FORMULA_CHANGE
8cfe75c0-68c8-4b7b-ad05-a73c168cbffd,d5d20f20215dafb1d4d773897c34e2b5,SalesGrowthRank,0.22777777777777777,0.22826086956521738,SAME
8cfe75c0-68c8-4b7b-ad05-a73c168cbffd,d5d20f20215dafb1d4d773897c34e2b5,NetProfitGrowthRank,0.3,0.29343629343629346,SAME
8cfe75c0-68c8-4b7b-ad05-a73c168cbffd,d5d20f20215dafb1d4d773897c34e2b5,OperatingMarginRank,0.3,0.3,SAME
8cfe75c0-68c8-4b7b-ad05-a73c168cbffd,d5d20f20215dafb1d4d773897c34e2b5,PERank,0.7255639097744361,0.76,FORMULA_CHANGE
ec7bd9e1-0a0e-47be-a1be-2804adfcf164,9a36b759bdba7d3f32786da29cb90020,SalesLast12M,,,SAME
ec7bd9e1-0a0e-47be-a1be-2804adfcf164,9a36b759bdba7d3f32786da29cb90020,SalesGrowth12M,,,SAME
ec7bd9e1-0a0e-47be-a1be-2804adfcf164,9a36b759bdba7d3f32786da29cb90020,TTMNetProfit,,23316000000.0,LEGACY_HEURISTIC_REMOVED
ec7bd9e1-0a0e-47be-a1be-2804adfcf164,9a36b759bdba7d3f32786da29cb90020,NetProfitMargin12M,,,SAME
ec7bd9e1-0a0e-47be-a1be-2804adfcf164,9a36b759bdba7d3f32786da29cb90020,OperatingMargin12M,10.058627815022083,10.07252827242403,FORMULA_CHANGE
ec7bd9e1-0a0e-47be-a1be-2804adfcf164,9a36b759bdba7d3f32786da29cb90020,ROE,,,SAME
ec7bd9e1-0a0e-47be-a1be-2804adfcf164,9a36b759bdba7d3f32786da29cb90020,PEApprox,11.737523105360443,15.796019900497512,FORMULA_CHANGE
ec7bd9e1-0a0e-47be-a1be-2804adfcf164,9a36b759bdba7d3f32786da29cb90020,SalesGrowthRank,0.3,0.3,SAME
ec7bd9e1-0a0e-47be-a1be-2804adfcf164,9a36b759bdba7d3f32786da29cb90020,NetProfitGrowthRank,0.3,0.11969111969111969,FORMULA_CHANGE
ec7bd9e1-0a0e-47be-a1be-2804adfcf164,9a36b759bdba7d3f32786da29cb90020,OperatingMarginRank,0.11,0.16783216783216784,FORMULA_CHANGE
ec7bd9e1-0a0e-47be-a1be-2804adfcf164,9a36b759bdba7d3f32786da29cb90020,PERank,0.2969924812030075,0.3054545454545454,SAME
4bcf99ee-09a9-426a-b42c-62ec274e2dfa,a9e76ebf3cf2f1c17cdfa0b9442e427c,SalesLast12M,,,SAME
4bcf99ee-09a9-426a-b42c-62ec274e2dfa,a9e76ebf3cf2f1c17cdfa0b9442e427c,SalesGrowth12M,,,SAME
4bcf99ee-09a9-426a-b42c-62ec274e2dfa,a9e76ebf3cf2f1c17cdfa0b9442e427c,TTMNetProfit,,1505000000.0,LEGACY_HEURISTIC_REMOVED
4bcf99ee-09a9-426a-b42c-62ec274e2dfa,a9e76ebf3cf2f1c17cdfa0b9442e427c,NetProfitMargin12M,,,SAME
4bcf99ee-09a9-426a-b42c-62ec274e2dfa,a9e76ebf3cf2f1c17cdfa0b9442e427c,OperatingMargin12M,,,SAME
4bcf99ee-09a9-426a-b42c-62ec274e2dfa,a9e76ebf3cf2f1c17cdfa0b9442e427c,ROE,,,SAME
4bcf99ee-09a9-426a-b42c-62ec274e2dfa,a9e76ebf3cf2f1c17cdfa0b9442e427c,PEApprox,25.980066445182725,25.980066445182725,SAME
4bcf99ee-09a9-426a-b42c-62ec274e2dfa,a9e76ebf3cf2f1c17cdfa0b9442e427c,SalesGrowthRank,0.3,0.3,SAME
4bcf99ee-09a9-426a-b42c-62ec274e2dfa,a9e76ebf3cf2f1c17cdfa0b9442e427c,NetProfitGrowthRank,0.3,0.03861003861003861,FORMULA_CHANGE
4bcf99ee-09a9-426a-b42c-62ec274e2dfa,a9e76ebf3cf2f1c17cdfa0b9442e427c,OperatingMarginRank,0.3,0.3,SAME
4bcf99ee-09a9-426a-b42c-62ec274e2dfa,a9e76ebf3cf2f1c17cdfa0b9442e427c,PERank,0.16541353383458646,0.22545454545454546,FORMULA_CHANGE
6b37d7eb-bf15-4794-b372-1160e633add9,83063f85d3b40da6b49c458abcb31423,SalesLast12M,,4005898.0,MISSING_CANONICAL_DATA
6b37d7eb-bf15-4794-b372-1160e633add9,83063f85d3b40da6b49c458abcb31423,SalesGrowth12M,,,SAME
6b37d7eb-bf15-4794-b372-1160e633add9,83063f85d3b40da6b49c458abcb31423,TTMNetProfit,,4256800000.0,LEGACY_HEURISTIC_REMOVED
6b37d7eb-bf15-4794-b372-1160e633add9,83063f85d3b40da6b49c458abcb31423,NetProfitMargin12M,,,SAME
6b37d7eb-bf15-4794-b372-1160e633add9,83063f85d3b40da6b49c458abcb31423,OperatingMargin12M,,124.93485855106645,MISSING_CANONICAL_DATA
6b37d7eb-bf15-4794-b372-1160e633add9,83063f85d3b40da6b49c458abcb31423,ROE,,,SAME
6b37d7eb-bf15-4794-b372-1160e633add9,83063f85d3b40da6b49c458abcb31423,PEApprox,9.03241412675375,8.771847397105807,FORMULA_CHANGE
6b37d7eb-bf15-4794-b372-1160e633add9,83063f85d3b40da6b49c458abcb31423,SalesGrowthRank,0.3,0.3,SAME
6b37d7eb-bf15-4794-b372-1160e633add9,83063f85d3b40da6b49c458abcb31423,NetProfitGrowthRank,0.3,0.918918918918919,FORMULA_CHANGE
6b37d7eb-bf15-4794-b372-1160e633add9,83063f85d3b40da6b49c458abcb31423,OperatingMarginRank,0.3,0.9790209790209791,FORMULA_CHANGE
6b37d7eb-bf15-4794-b372-1160e633add9,83063f85d3b40da6b49c458abcb31423,PERank,0.4323308270676691,0.49090909090909096,FORMULA_CHANGE
6177f4ea-c2ab-45c4-aa9c-4515e10555e3,03892a92148b9665bbb3713469826e29,SalesLast12M,37116786000000.0,37116786.0,CANONICAL_UNIT_FIX
6177f4ea-c2ab-45c4-aa9c-4515e10555e3,03892a92148b9665bbb3713469826e29,SalesGrowth12M,21.10973795841615,21.10973795841615,SAME
6177f4ea-c2ab-45c4-aa9c-4515e10555e3,03892a92148b9665bbb3713469826e29,TTMNetProfit,19895825000000.0,19895825.0,CANONICAL_UNIT_FIX
6177f4ea-c2ab-45c4-aa9c-4515e10555e3,03892a92148b9665bbb3713469826e29,NetProfitMargin12M,50.491832742251894,50.491832742251894,SAME
6177f4ea-c2ab-45c4-aa9c-4515e10555e3,03892a92148b9665bbb3713469826e29,OperatingMargin12M,46.413916479541214,46.413916479541214,SAME
6177f4ea-c2ab-45c4-aa9c-4515e10555e3,03892a92148b9665bbb3713469826e29,ROE,113.56720490932469,113.56720490932469,SAME
6177f4ea-c2ab-45c4-aa9c-4515e10555e3,03892a92148b9665bbb3713469826e29,PEApprox,5.1501831501831505,5.150315203339326,SAME
6177f4ea-c2ab-45c4-aa9c-4515e10555e3,03892a92148b9665bbb3713469826e29,SalesGrowthRank,0.1111111111111111,0.11413043478260869,SAME
6177f4ea-c2ab-45c4-aa9c-4515e10555e3,03892a92148b9665bbb3713469826e29,NetProfitGrowthRank,0.3,0.1583011583011583,FORMULA_CHANGE
6177f4ea-c2ab-45c4-aa9c-4515e10555e3,03892a92148b9665bbb3713469826e29,OperatingMarginRank,0.69,0.7272727272727273,FORMULA_CHANGE
6177f4ea-c2ab-45c4-aa9c-4515e10555e3,03892a92148b9665bbb3713469826e29,PERank,0.8533834586466166,0.8618181818181818,SAME
4ef96c12-8f08-4e9c-b2a5-79f3403d86e3,8fd34057fd7ca66b3cbf6590fabf6582,SalesLast12M,122886551000000.0,122886551.0,CANONICAL_UNIT_FIX
4ef96c12-8f08-4e9c-b2a5-79f3403d86e3,8fd34057fd7ca66b3cbf6590fabf6582,SalesGrowth12M,51.09679940356341,51.09679940356341,SAME
4ef96c12-8f08-4e9c-b2a5-79f3403d86e3,8fd34057fd7ca66b3cbf6590fabf6582,TTMNetProfit,,21285000000.0,LEGACY_HEURISTIC_REMOVED
4ef96c12-8f08-4e9c-b2a5-79f3403d86e3,8fd34057fd7ca66b3cbf6590fabf6582,NetProfitMargin12M,,,SAME
4ef96c12-8f08-4e9c-b2a5-79f3403d86e3,8fd34057fd7ca66b3cbf6590fabf6582,OperatingMargin12M,,,SAME
4ef96c12-8f08-4e9c-b2a5-79f3403d86e3,8fd34057fd7ca66b3cbf6590fabf6582,ROE,,,SAME
4ef96c12-8f08-4e9c-b2a5-79f3403d86e3,8fd34057fd7ca66b3cbf6590fabf6582,PEApprox,6.541353383458647,6.539816772374912,SAME
4ef96c12-8f08-4e9c-b2a5-79f3403d86e3,8fd34057fd7ca66b3cbf6590fabf6582,SalesGrowthRank,0.3277777777777778,0.32608695652173914,SAME
4ef96c12-8f08-4e9c-b2a5-79f3403d86e3,8fd34057fd7ca66b3cbf6590fabf6582,NetProfitGrowthRank,0.3,0.640926640926641,FORMULA_CHANGE
4ef96c12-8f08-4e9c-b2a5-79f3403d86e3,8fd34057fd7ca66b3cbf6590fabf6582,OperatingMarginRank,0.3,0.3,SAME
4ef96c12-8f08-4e9c-b2a5-79f3403d86e3,8fd34057fd7ca66b3cbf6590fabf6582,PERank,0.7293233082706767,0.7527272727272727,FORMULA_CHANGE
c37fa5da-3c3e-4c4b-8556-1e83da64bf0a,1712cd6b0f7a77388a2c072ad6694a89,SalesLast12M,26580516000000.0,26580516.0,CANONICAL_UNIT_FIX
c37fa5da-3c3e-4c4b-8556-1e83da64bf0a,1712cd6b0f7a77388a2c072ad6694a89,SalesGrowth12M,109.69772399550193,109.69772399550193,SAME
c37fa5da-3c3e-4c4b-8556-1e83da64bf0a,1712cd6b0f7a77388a2c072ad6694a89,TTMNetProfit,6320758000000.0,6320758.0,CANONICAL_UNIT_FIX
c37fa5da-3c3e-4c4b-8556-1e83da64bf0a,1712cd6b0f7a77388a2c072ad6694a89,NetProfitMargin12M,27.99799785167713,27.99799785167713,SAME
c37fa5da-3c3e-4c4b-8556-1e83da64bf0a,1712cd6b0f7a77388a2c072ad6694a89,OperatingMargin12M,18.990443285383655,18.990443285383655,SAME
c37fa5da-3c3e-4c4b-8556-1e83da64bf0a,1712cd6b0f7a77388a2c072ad6694a89,ROE,25.67541394608972,25.67541394608972,SAME
c37fa5da-3c3e-4c4b-8556-1e83da64bf0a,1712cd6b0f7a77388a2c072ad6694a89,PEApprox,7.312252964426878,7.316778613660219,SAME
c37fa5da-3c3e-4c4b-8556-1e83da64bf0a,1712cd6b0f7a77388a2c072ad6694a89,SalesGrowthRank,0.7611111111111111,0.7554347826086957,SAME
c37fa5da-3c3e-4c4b-8556-1e83da64bf0a,1712cd6b0f7a77388a2c072ad6694a89,NetProfitGrowthRank,0.3,0.5366795366795367,FORMULA_CHANGE
c37fa5da-3c3e-4c4b-8556-1e83da64bf0a,1712cd6b0f7a77388a2c072ad6694a89,OperatingMarginRank,0.28,0.32867132867132864,FORMULA_CHANGE
c37fa5da-3c3e-4c4b-8556-1e83da64bf0a,1712cd6b0f7a77388a2c072ad6694a89,PERank,0.6278195488721805,0.6654545454545455,FORMULA_CHANGE
a3787b04-f096-412f-8535-b978e8bd1f26,94e5dd63557afa43251119cb808facf2,SalesLast12M,68164987000000.0,68164987.0,CANONICAL_UNIT_FIX
a3787b04-f096-412f-8535-b978e8bd1f26,94e5dd63557afa43251119cb808facf2,SalesGrowth12M,37.70839649051908,37.70839649051908,SAME
a3787b04-f096-412f-8535-b978e8bd1f26,94e5dd63557afa43251119cb808facf2,TTMNetProfit,7364622000000.0,7364622.0,CANONICAL_UNIT_FIX
a3787b04-f096-412f-8535-b978e8bd1f26,94e5dd63557afa43251119cb808facf2,NetProfitMargin12M,11.507297751244547,11.507297751244547,SAME
a3787b04-f096-412f-8535-b978e8bd1f26,94e5dd63557afa43251119cb808facf2,OperatingMargin12M,12.256771443086704,12.256771443086704,SAME
a3787b04-f096-412f-8535-b978e8bd1f26,94e5dd63557afa43251119cb808facf2,ROE,14.489265824565942,14.489265824565942,SAME
a3787b04-f096-412f-8535-b978e8bd1f26,94e5dd63557afa43251119cb808facf2,PEApprox,6.690537084398977,6.694713681523723,SAME
a3787b04-f096-412f-8535-b978e8bd1f26,94e5dd63557afa43251119cb808facf2,SalesGrowthRank,0.2111111111111111,0.21195652173913043,SAME
a3787b04-f096-412f-8535-b978e8bd1f26,94e5dd63557afa43251119cb808facf2,NetProfitGrowthRank,0.3,0.3,SAME
a3787b04-f096-412f-8535-b978e8bd1f26,94e5dd63557afa43251119cb808facf2,OperatingMarginRank,0.13,0.1888111888111888,FORMULA_CHANGE
a3787b04-f096-412f-8535-b978e8bd1f26,94e5dd63557afa43251119cb808facf2,PERank,0.7105263157894737,0.7381818181818182,FORMULA_CHANGE
3ae93a39-7c31-4774-9957-6830fcc36f46,3d93905f5d86c52a214cb21d71fbe704,SalesLast12M,,,SAME
3ae93a39-7c31-4774-9957-6830fcc36f46,3d93905f5d86c52a214cb21d71fbe704,SalesGrowth12M,,,SAME
3ae93a39-7c31-4774-9957-6830fcc36f46,3d93905f5d86c52a214cb21d71fbe704,TTMNetProfit,,21868000000.0,LEGACY_HEURISTIC_REMOVED
3ae93a39-7c31-4774-9957-6830fcc36f46,3d93905f5d86c52a214cb21d71fbe704,NetProfitMargin12M,,,SAME
3ae93a39-7c31-4774-9957-6830fcc36f46,3d93905f5d86c52a214cb21d71fbe704,OperatingMargin12M,,,SAME
3ae93a39-7c31-4774-9957-6830fcc36f46,3d93905f5d86c52a214cb21d71fbe704,ROE,,,SAME
3ae93a39-7c31-4774-9957-6830fcc36f46,3d93905f5d86c52a214cb21d71fbe704,PEApprox,5.9890180053633,6.0051216389244555,FORMULA_CHANGE
3ae93a39-7c31-4774-9957-6830fcc36f46,3d93905f5d86c52a214cb21d71fbe704,SalesGrowthRank,0.3,0.3,SAME
3ae93a39-7c31-4774-9957-6830fcc36f46,3d93905f5d86c52a214cb21d71fbe704,NetProfitGrowthRank,0.3,0.25868725868725867,FORMULA_CHANGE
3ae93a39-7c31-4774-9957-6830fcc36f46,3d93905f5d86c52a214cb21d71fbe704,OperatingMarginRank,0.3,0.3,SAME
3ae93a39-7c31-4774-9957-6830fcc36f46,3d93905f5d86c52a214cb21d71fbe704,PERank,0.7857142857142857,0.7890909090909091,SAME
c207a726-ee4b-4a30-ae04-94cbe649f95c,dd5d864e79f2bd6bd432e4b67295eda0,SalesLast12M,747721929000000.0,747721929.0,CANONICAL_UNIT_FIX
c207a726-ee4b-4a30-ae04-94cbe649f95c,dd5d864e79f2bd6bd432e4b67295eda0,SalesGrowth12M,198.02073205296614,198.02073205296614,SAME
c207a726-ee4b-4a30-ae04-94cbe649f95c,dd5d864e79f2bd6bd432e4b67295eda0,TTMNetProfit,70670616000000.0,70670616.0,CANONICAL_UNIT_FIX
c207a726-ee4b-4a30-ae04-94cbe649f95c,dd5d864e79f2bd6bd432e4b67295eda0,NetProfitMargin12M,11.457017935488297,11.457017935488297,SAME
c207a726-ee4b-4a30-ae04-94cbe649f95c,dd5d864e79f2bd6bd432e4b67295eda0,OperatingMargin12M,18.22956065105585,18.22956065105585,SAME
c207a726-ee4b-4a30-ae04-94cbe649f95c,dd5d864e79f2bd6bd432e4b67295eda0,ROE,69.86597860696085,69.86597860696085,SAME
c207a726-ee4b-4a30-ae04-94cbe649f95c,dd5d864e79f2bd6bd432e4b67295eda0,PEApprox,9.03912828132739,9.041081477220954,SAME
c207a726-ee4b-4a30-ae04-94cbe649f95c,dd5d864e79f2bd6bd432e4b67295eda0,SalesGrowthRank,0.9583333333333334,0.9538043478260869,SAME
c207a726-ee4b-4a30-ae04-94cbe649f95c,dd5d864e79f2bd6bd432e4b67295eda0,NetProfitGrowthRank,0.3,0.918918918918919,FORMULA_CHANGE
c207a726-ee4b-4a30-ae04-94cbe649f95c,dd5d864e79f2bd6bd432e4b67295eda0,OperatingMarginRank,0.26,0.3146853146853147,FORMULA_CHANGE
c207a726-ee4b-4a30-ae04-94cbe649f95c,dd5d864e79f2bd6bd432e4b67295eda0,PERank,0.4285714285714286,0.4690909090909091,FORMULA_CHANGE
e966585f-0e20-4505-b857-714cfe049673,213d9e3501b775d1751c699f0b6915ed,SalesLast12M,,,SAME
e966585f-0e20-4505-b857-714cfe049673,213d9e3501b775d1751c699f0b6915ed,SalesGrowth12M,,,SAME
e966585f-0e20-4505-b857-714cfe049673,213d9e3501b775d1751c699f0b6915ed,TTMNetProfit,,1258272000.0,LEGACY_HEURISTIC_REMOVED
e966585f-0e20-4505-b857-714cfe049673,213d9e3501b775d1751c699f0b6915ed,NetProfitMargin12M,,,SAME
e966585f-0e20-4505-b857-714cfe049673,213d9e3501b775d1751c699f0b6915ed,OperatingMargin12M,,30.863458074928147,MISSING_CANONICAL_DATA
e966585f-0e20-4505-b857-714cfe049673,213d9e3501b775d1751c699f0b6915ed,ROE,,,SAME
e966585f-0e20-4505-b857-714cfe049673,213d9e3501b775d1751c699f0b6915ed,PEApprox,9.1625,13.421835660334173,FORMULA_CHANGE
e966585f-0e20-4505-b857-714cfe049673,213d9e3501b775d1751c699f0b6915ed,SalesGrowthRank,0.3,0.3,SAME
e966585f-0e20-4505-b857-714cfe049673,213d9e3501b775d1751c699f0b6915ed,NetProfitGrowthRank,0.3,0.21621621621621623,FORMULA_CHANGE
e966585f-0e20-4505-b857-714cfe049673,213d9e3501b775d1751c699f0b6915ed,OperatingMarginRank,0.3,0.5524475524475524,FORMULA_CHANGE
e966585f-0e20-4505-b857-714cfe049673,213d9e3501b775d1751c699f0b6915ed,PERank,0.4135338345864662,0.33090909090909093,FORMULA_CHANGE
11ce4fd7-9037-451e-b04e-7cad43e0c166,0b933179128a75d133acc7cac85b4662,SalesLast12M,,,SAME
11ce4fd7-9037-451e-b04e-7cad43e0c166,0b933179128a75d133acc7cac85b4662,SalesGrowth12M,,,SAME
11ce4fd7-9037-451e-b04e-7cad43e0c166,0b933179128a75d133acc7cac85b4662,TTMNetProfit,,1742222000.0,LEGACY_HEURISTIC_REMOVED
11ce4fd7-9037-451e-b04e-7cad43e0c166,0b933179128a75d133acc7cac85b4662,NetProfitMargin12M,,,SAME
11ce4fd7-9037-451e-b04e-7cad43e0c166,0b933179128a75d133acc7cac85b4662,OperatingMargin12M,,,SAME
11ce4fd7-9037-451e-b04e-7cad43e0c166,0b933179128a75d133acc7cac85b4662,ROE,,,SAME
11ce4fd7-9037-451e-b04e-7cad43e0c166,0b933179128a75d133acc7cac85b4662,PEApprox,11.607717041800644,11.607717041800644,SAME
11ce4fd7-9037-451e-b04e-7cad43e0c166,0b933179128a75d133acc7cac85b4662,SalesGrowthRank,0.3,0.3,SAME
11ce4fd7-9037-451e-b04e-7cad43e0c166,0b933179128a75d133acc7cac85b4662,NetProfitGrowthRank,0.3,0.918918918918919,FORMULA_CHANGE
11ce4fd7-9037-451e-b04e-7cad43e0c166,0b933179128a75d133acc7cac85b4662,OperatingMarginRank,0.3,0.3,SAME
11ce4fd7-9037-451e-b04e-7cad43e0c166,0b933179128a75d133acc7cac85b4662,PERank,0.3007518796992481,0.3563636363636363,FORMULA_CHANGE
028edfcd-2092-44ad-8f14-d0209f99435d,b752d7f753da4d90eb35269ac20f29b9,SalesLast12M,,,SAME
028edfcd-2092-44ad-8f14-d0209f99435d,b752d7f753da4d90eb35269ac20f29b9,SalesGrowth12M,,,SAME
028edfcd-2092-44ad-8f14-d0209f99435d,b752d7f753da4d90eb35269ac20f29b9,TTMNetProfit,,2900205000.0,LEGACY_HEURISTIC_REMOVED
028edfcd-2092-44ad-8f14-d0209f99435d,b752d7f753da4d90eb35269ac20f29b9,NetProfitMargin12M,,,SAME
028edfcd-2092-44ad-8f14-d0209f99435d,b752d7f753da4d90eb35269ac20f29b9,OperatingMargin12M,,,SAME
028edfcd-2092-44ad-8f14-d0209f99435d,b752d7f753da4d90eb35269ac20f29b9,ROE,,,SAME
028edfcd-2092-44ad-8f14-d0209f99435d,b752d7f753da4d90eb35269ac20f29b9,PEApprox,18.321616871704745,17.469627147046502,FORMULA_CHANGE
028edfcd-2092-44ad-8f14-d0209f99435d,b752d7f753da4d90eb35269ac20f29b9,SalesGrowthRank,0.3,0.3,SAME
028edfcd-2092-44ad-8f14-d0209f99435d,b752d7f753da4d90eb35269ac20f29b9,NetProfitGrowthRank,0.3,0.18532818532818532,FORMULA_CHANGE
028edfcd-2092-44ad-8f14-d0209f99435d,b752d7f753da4d90eb35269ac20f29b9,OperatingMarginRank,0.3,0.3,SAME
028edfcd-2092-44ad-8f14-d0209f99435d,b752d7f753da4d90eb35269ac20f29b9,PERank,0.19548872180451127,0.28,FORMULA_CHANGE
1ed481b9-1d15-4bd0-b7a4-f0c6b08bd026,ba1603db6572b46274d398e9882a95ea,SalesLast12M,63295972000000.0,63295972.0,CANONICAL_UNIT_FIX
1ed481b9-1d15-4bd0-b7a4-f0c6b08bd026,ba1603db6572b46274d398e9882a95ea,SalesGrowth12M,122.33250491349222,122.33250491349222,SAME
1ed481b9-1d15-4bd0-b7a4-f0c6b08bd026,ba1603db6572b46274d398e9882a95ea,TTMNetProfit,,21904900000.0,LEGACY_HEURISTIC_REMOVED
1ed481b9-1d15-4bd0-b7a4-f0c6b08bd026,ba1603db6572b46274d398e9882a95ea,NetProfitMargin12M,,,SAME
1ed481b9-1d15-4bd0-b7a4-f0c6b08bd026,ba1603db6572b46274d398e9882a95ea,OperatingMargin12M,,,SAME
1ed481b9-1d15-4bd0-b7a4-f0c6b08bd026,ba1603db6572b46274d398e9882a95ea,ROE,,,SAME
1ed481b9-1d15-4bd0-b7a4-f0c6b08bd026,ba1603db6572b46274d398e9882a95ea,PEApprox,8.026666666666667,8.464590114540583,FORMULA_CHANGE
1ed481b9-1d15-4bd0-b7a4-f0c6b08bd026,ba1603db6572b46274d398e9882a95ea,SalesGrowthRank,0.8444444444444444,0.8369565217391305,SAME
1ed481b9-1d15-4bd0-b7a4-f0c6b08bd026,ba1603db6572b46274d398e9882a95ea,NetProfitGrowthRank,0.3,0.4671814671814672,FORMULA_CHANGE
1ed481b9-1d15-4bd0-b7a4-f0c6b08bd026,ba1603db6572b46274d398e9882a95ea,OperatingMarginRank,0.3,0.3,SAME
1ed481b9-1d15-4bd0-b7a4-f0c6b08bd026,ba1603db6572b46274d398e9882a95ea,PERank,0.5526315789473684,0.5163636363636364,FORMULA_CHANGE
7774c5f9-e518-42a9-b95c-9fd94f6bea72,003aeed095825b208ba109440c6a6431,SalesLast12M,214542044000000.0,214542044.0,CANONICAL_UNIT_FIX
7774c5f9-e518-42a9-b95c-9fd94f6bea72,003aeed095825b208ba109440c6a6431,SalesGrowth12M,136.47060393855926,136.47060393855926,SAME
7774c5f9-e518-42a9-b95c-9fd94f6bea72,003aeed095825b208ba109440c6a6431,TTMNetProfit,84071858000000.0,84071858.0,CANONICAL_UNIT_FIX
7774c5f9-e518-42a9-b95c-9fd94f6bea72,003aeed095825b208ba109440c6a6431,NetProfitMargin12M,50.594965774348346,50.594965774348346,SAME
7774c5f9-e518-42a9-b95c-9fd94f6bea72,003aeed095825b208ba109440c6a6431,OperatingMargin12M,58.49908064172449,58.49908064172449,SAME
7774c5f9-e518-42a9-b95c-9fd94f6bea72,003aeed095825b208ba109440c6a6431,ROE,127.43073723335021,127.43073723335021,SAME
7774c5f9-e518-42a9-b95c-9fd94f6bea72,003aeed095825b208ba109440c6a6431,PEApprox,7.489653203938918,7.489160498375893,SAME
7774c5f9-e518-42a9-b95c-9fd94f6bea72,003aeed095825b208ba109440c6a6431,SalesGrowthRank,0.8888888888888888,0.8804347826086957,SAME
7774c5f9-e518-42a9-b95c-9fd94f6bea72,003aeed095825b208ba109440c6a6431,NetProfitGrowthRank,0.3,0.6525096525096525,FORMULA_CHANGE
7774c5f9-e518-42a9-b95c-9fd94f6bea72,003aeed095825b208ba109440c6a6431,OperatingMarginRank,0.82,0.8391608391608392,FORMULA_CHANGE
7774c5f9-e518-42a9-b95c-9fd94f6bea72,003aeed095825b208ba109440c6a6431,PERank,0.5939849624060151,0.6363636363636364,FORMULA_CHANGE
1020e97a-e0d7-4015-bd8f-d3de9c6c82ab,bd0ee973f3ff87b60181493e77d55264,SalesLast12M,,,SAME
1020e97a-e0d7-4015-bd8f-d3de9c6c82ab,bd0ee973f3ff87b60181493e77d55264,SalesGrowth12M,,,SAME
1020e97a-e0d7-4015-bd8f-d3de9c6c82ab,bd0ee973f3ff87b60181493e77d55264,TTMNetProfit,,12508150000.0,LEGACY_HEURISTIC_REMOVED
1020e97a-e0d7-4015-bd8f-d3de9c6c82ab,bd0ee973f3ff87b60181493e77d55264,NetProfitMargin12M,,,SAME
1020e97a-e0d7-4015-bd8f-d3de9c6c82ab,bd0ee973f3ff87b60181493e77d55264,OperatingMargin12M,,59.79085060463528,MISSING_CANONICAL_DATA
1020e97a-e0d7-4015-bd8f-d3de9c6c82ab,bd0ee973f3ff87b60181493e77d55264,ROE,,,SAME
1020e97a-e0d7-4015-bd8f-d3de9c6c82ab,bd0ee973f3ff87b60181493e77d55264,PEApprox,4.320388349514563,4.980752549337832,FORMULA_CHANGE
1020e97a-e0d7-4015-bd8f-d3de9c6c82ab,bd0ee973f3ff87b60181493e77d55264,SalesGrowthRank,0.3,0.3,SAME
1020e97a-e0d7-4015-bd8f-d3de9c6c82ab,bd0ee973f3ff87b60181493e77d55264,NetProfitGrowthRank,0.3,0.26640926640926643,FORMULA_CHANGE
1020e97a-e0d7-4015-bd8f-d3de9c6c82ab,bd0ee973f3ff87b60181493e77d55264,OperatingMarginRank,0.3,0.8531468531468531,FORMULA_CHANGE
1020e97a-e0d7-4015-bd8f-d3de9c6c82ab,bd0ee973f3ff87b60181493e77d55264,PERank,0.9060150375939849,0.8763636363636363,FORMULA_CHANGE
24aa4584-7664-410f-8315-ea206d7f4497,39c493c82f878ca7ed0a347493f150b6,SalesLast12M,402468369000000.0,402468369.0,CANONICAL_UNIT_FIX
24aa4584-7664-410f-8315-ea206d7f4497,39c493c82f878ca7ed0a347493f150b6,SalesGrowth12M,56.980782349333346,56.980782349333346,SAME
24aa4584-7664-410f-8315-ea206d7f4497,39c493c82f878ca7ed0a347493f150b6,TTMNetProfit,78900444000000.0,78900444.0,CANONICAL_UNIT_FIX
24aa4584-7664-410f-8315-ea206d7f4497,39c493c82f878ca7ed0a347493f150b6,NetProfitMargin12M,20.94815043342382,20.94815043342382,SAME
24aa4584-7664-410f-8315-ea206d7f4497,39c493c82f878ca7ed0a347493f150b6,OperatingMargin12M,25.56734082249835,25.56734082249835,SAME
24aa4584-7664-410f-8315-ea206d7f4497,39c493c82f878ca7ed0a347493f150b6,ROE,83.62120380153208,83.62120380153208,SAME
24aa4584-7664-410f-8315-ea206d7f4497,39c493c82f878ca7ed0a347493f150b6,PEApprox,8.136882129277566,8.136972304599183,SAME
24aa4584-7664-410f-8315-ea206d7f4497,39c493c82f878ca7ed0a347493f150b6,SalesGrowthRank,0.36666666666666664,0.3641304347826087,SAME
24aa4584-7664-410f-8315-ea206d7f4497,39c493c82f878ca7ed0a347493f150b6,NetProfitGrowthRank,0.3,0.6138996138996139,FORMULA_CHANGE
24aa4584-7664-410f-8315-ea206d7f4497,39c493c82f878ca7ed0a347493f150b6,OperatingMarginRank,0.42,0.4755244755244755,FORMULA_CHANGE
24aa4584-7664-410f-8315-ea206d7f4497,39c493c82f878ca7ed0a347493f150b6,PERank,0.5413533834586466,0.5854545454545454,FORMULA_CHANGE
7e60836e-f575-4c4f-87b7-4891a767b632,88f79bf4cbb7f64d7bb74b1c01d3388a,SalesLast12M,50707044000000.0,50707044.0,CANONICAL_UNIT_FIX
7e60836e-f575-4c4f-87b7-4891a767b632,88f79bf4cbb7f64d7bb74b1c01d3388a,SalesGrowth12M,93.10244028536805,93.10244028536805,SAME
7e60836e-f575-4c4f-87b7-4891a767b632,88f79bf4cbb7f64d7bb74b1c01d3388a,TTMNetProfit,5979281000000.0,5979281.0,CANONICAL_UNIT_FIX
7e60836e-f575-4c4f-87b7-4891a767b632,88f79bf4cbb7f64d7bb74b1c01d3388a,NetProfitMargin12M,11.827164567092515,11.827164567092515,SAME
7e60836e-f575-4c4f-87b7-4891a767b632,88f79bf4cbb7f64d7bb74b1c01d3388a,OperatingMargin12M,18.849387079425004,18.849387079425004,SAME
7e60836e-f575-4c4f-87b7-4891a767b632,88f79bf4cbb7f64d7bb74b1c01d3388a,ROE,39.444112845365495,39.444112845365495,SAME
7e60836e-f575-4c4f-87b7-4891a767b632,88f79bf4cbb7f64d7bb74b1c01d3388a,PEApprox,4.0184453227931485,3.1381804907128044,FORMULA_CHANGE
7e60836e-f575-4c4f-87b7-4891a767b632,88f79bf4cbb7f64d7bb74b1c01d3388a,SalesGrowthRank,0.6222222222222222,0.6195652173913043,SAME
7e60836e-f575-4c4f-87b7-4891a767b632,88f79bf4cbb7f64d7bb74b1c01d3388a,NetProfitGrowthRank,0.3,0.918918918918919,FORMULA_CHANGE
7e60836e-f575-4c4f-87b7-4891a767b632,88f79bf4cbb7f64d7bb74b1c01d3388a,OperatingMarginRank,0.27,0.32167832167832167,FORMULA_CHANGE
7e60836e-f575-4c4f-87b7-4891a767b632,88f79bf4cbb7f64d7bb74b1c01d3388a,PERank,0.9323308270676691,0.9672727272727273,FORMULA_CHANGE
d9b005d3-5e44-419a-9f69-d76deca60a82,4d8273e8e35e83a73ef9b5bca072c95c,SalesLast12M,62740203000000.0,62740203.0,CANONICAL_UNIT_FIX
d9b005d3-5e44-419a-9f69-d76deca60a82,4d8273e8e35e83a73ef9b5bca072c95c,SalesGrowth12M,168.87753079514164,168.87753079514164,SAME
d9b005d3-5e44-419a-9f69-d76deca60a82,4d8273e8e35e83a73ef9b5bca072c95c,TTMNetProfit,54884699000000.0,54884699.0,CANONICAL_UNIT_FIX
d9b005d3-5e44-419a-9f69-d76deca60a82,4d8273e8e35e83a73ef9b5bca072c95c,NetProfitMargin12M,100.30053776806989,100.30053776806989,SAME
d9b005d3-5e44-419a-9f69-d76deca60a82,4d8273e8e35e83a73ef9b5bca072c95c,OperatingMargin12M,69.57548836953286,69.57548836953286,SAME
d9b005d3-5e44-419a-9f69-d76deca60a82,4d8273e8e35e83a73ef9b5bca072c95c,ROE,61.27849810506775,61.27849810506775,SAME
d9b005d3-5e44-419a-9f69-d76deca60a82,4d8273e8e35e83a73ef9b5bca072c95c,PEApprox,5.784469096671949,5.782750369472226,SAME
d9b005d3-5e44-419a-9f69-d76deca60a82,4d8273e8e35e83a73ef9b5bca072c95c,SalesGrowthRank,0.9583333333333334,0.9538043478260869,SAME
d9b005d3-5e44-419a-9f69-d76deca60a82,4d8273e8e35e83a73ef9b5bca072c95c,NetProfitGrowthRank,0.3,0.47104247104247104,FORMULA_CHANGE
d9b005d3-5e44-419a-9f69-d76deca60a82,4d8273e8e35e83a73ef9b5bca072c95c,OperatingMarginRank,0.9,0.916083916083916,FORMULA_CHANGE
d9b005d3-5e44-419a-9f69-d76deca60a82,4d8273e8e35e83a73ef9b5bca072c95c,PERank,0.8120300751879699,0.8109090909090909,SAME
84a95aa7-e76c-4fde-8d1d-bb5d87c09b92,c2ef7e2898d4f65377c112a6be867fd4,SalesLast12M,14937613000000.0,14937613.0,CANONICAL_UNIT_FIX
84a95aa7-e76c-4fde-8d1d-bb5d87c09b92,c2ef7e2898d4f65377c112a6be867fd4,SalesGrowth12M,43.04308343684228,43.04308343684228,SAME
84a95aa7-e76c-4fde-8d1d-bb5d87c09b92,c2ef7e2898d4f65377c112a6be867fd4,TTMNetProfit,1350648000000.0,1350648.0,CANONICAL_UNIT_FIX
84a95aa7-e76c-4fde-8d1d-bb5d87c09b92,c2ef7e2898d4f65377c112a6be867fd4,NetProfitMargin12M,8.785688721868874,8.785688721868874,SAME
84a95aa7-e76c-4fde-8d1d-bb5d87c09b92,c2ef7e2898d4f65377c112a6be867fd4,OperatingMargin12M,3.4183284575556256,3.4183284575556256,SAME
84a95aa7-e76c-4fde-8d1d-bb5d87c09b92,c2ef7e2898d4f65377c112a6be867fd4,ROE,14.072237418735353,14.072237418735353,SAME
84a95aa7-e76c-4fde-8d1d-bb5d87c09b92,c2ef7e2898d4f65377c112a6be867fd4,PEApprox,17.84688995215311,17.918953161741623,FORMULA_CHANGE
84a95aa7-e76c-4fde-8d1d-bb5d87c09b92,c2ef7e2898d4f65377c112a6be867fd4,SalesGrowthRank,0.25,0.25,SAME
84a95aa7-e76c-4fde-8d1d-bb5d87c09b92,c2ef7e2898d4f65377c112a6be867fd4,NetProfitGrowthRank,0.3,0.03474903474903475,FORMULA_CHANGE
84a95aa7-e76c-4fde-8d1d-bb5d87c09b92,c2ef7e2898d4f65377c112a6be867fd4,OperatingMarginRank,0.07,0.1048951048951049,FORMULA_CHANGE
84a95aa7-e76c-4fde-8d1d-bb5d87c09b92,c2ef7e2898d4f65377c112a6be867fd4,PERank,0.1992481203007519,0.2727272727272727,FORMULA_CHANGE
b0d0bbb8-3548-464c-b6ce-64350b1cce3e,1e14ece10fa50f96266e53a6d2ce83a1,SalesLast12M,26781565000000.0,26781565.0,CANONICAL_UNIT_FIX
b0d0bbb8-3548-464c-b6ce-64350b1cce3e,1e14ece10fa50f96266e53a6d2ce83a1,SalesGrowth12M,52.686135500855656,52.686135500855656,SAME
b0d0bbb8-3548-464c-b6ce-64350b1cce3e,1e14ece10fa50f96266e53a6d2ce83a1,TTMNetProfit,,12748800000.0,LEGACY_HEURISTIC_REMOVED
b0d0bbb8-3548-464c-b6ce-64350b1cce3e,1e14ece10fa50f96266e53a6d2ce83a1,NetProfitMargin12M,,,SAME
b0d0bbb8-3548-464c-b6ce-64350b1cce3e,1e14ece10fa50f96266e53a6d2ce83a1,OperatingMargin12M,,,SAME
b0d0bbb8-3548-464c-b6ce-64350b1cce3e,1e14ece10fa50f96266e53a6d2ce83a1,ROE,,,SAME
b0d0bbb8-3548-464c-b6ce-64350b1cce3e,1e14ece10fa50f96266e53a6d2ce83a1,PEApprox,6.419198486818773,6.8147590361445785,FORMULA_CHANGE
b0d0bbb8-3548-464c-b6ce-64350b1cce3e,1e14ece10fa50f96266e53a6d2ce83a1,SalesGrowthRank,0.3388888888888889,0.33695652173913043,SAME
b0d0bbb8-3548-464c-b6ce-64350b1cce3e,1e14ece10fa50f96266e53a6d2ce83a1,NetProfitGrowthRank,0.3,0.2857142857142857,FORMULA_CHANGE
b0d0bbb8-3548-464c-b6ce-64350b1cce3e,1e14ece10fa50f96266e53a6d2ce83a1,OperatingMarginRank,0.3,0.3,SAME
b0d0bbb8-3548-464c-b6ce-64350b1cce3e,1e14ece10fa50f96266e53a6d2ce83a1,PERank,0.7406015037593985,0.730909090909091,SAME
5f495881-e8f4-460a-a502-64de22b67c20,a2affb7dd71d9fab5ed7047d8e8f9a93,SalesLast12M,,,SAME
5f495881-e8f4-460a-a502-64de22b67c20,a2affb7dd71d9fab5ed7047d8e8f9a93,SalesGrowth12M,,,SAME
5f495881-e8f4-460a-a502-64de22b67c20,a2affb7dd71d9fab5ed7047d8e8f9a93,TTMNetProfit,,15481993000.0,LEGACY_HEURISTIC_REMOVED
5f495881-e8f4-460a-a502-64de22b67c20,a2affb7dd71d9fab5ed7047d8e8f9a93,NetProfitMargin12M,,,SAME
5f495881-e8f4-460a-a502-64de22b67c20,a2affb7dd71d9fab5ed7047d8e8f9a93,OperatingMargin12M,,,SAME
5f495881-e8f4-460a-a502-64de22b67c20,a2affb7dd71d9fab5ed7047d8e8f9a93,ROE,,,SAME
5f495881-e8f4-460a-a502-64de22b67c20,a2affb7dd71d9fab5ed7047d8e8f9a93,PEApprox,59.00273224043716,28.87331753734807,FORMULA_CHANGE
5f495881-e8f4-460a-a502-64de22b67c20,a2affb7dd71d9fab5ed7047d8e8f9a93,SalesGrowthRank,0.3,0.3,SAME
5f495881-e8f4-460a-a502-64de22b67c20,a2affb7dd71d9fab5ed7047d8e8f9a93,NetProfitGrowthRank,0.3,0.918918918918919,FORMULA_CHANGE
5f495881-e8f4-460a-a502-64de22b67c20,a2affb7dd71d9fab5ed7047d8e8f9a93,OperatingMarginRank,0.3,0.3,SAME
5f495881-e8f4-460a-a502-64de22b67c20,a2affb7dd71d9fab5ed7047d8e8f9a93,PERank,0.09398496240601506,0.21818181818181814,FORMULA_CHANGE
298fce3f-f6fe-451e-93e1-f4d4ca508782,7e41b7fd7ba1c353199eba22667db254,SalesLast12M,14200610000000.0,14200610.0,CANONICAL_UNIT_FIX
298fce3f-f6fe-451e-93e1-f4d4ca508782,7e41b7fd7ba1c353199eba22667db254,SalesGrowth12M,132.52909559073362,132.52909559073362,SAME
298fce3f-f6fe-451e-93e1-f4d4ca508782,7e41b7fd7ba1c353199eba22667db254,TTMNetProfit,3725359000000.0,3725359.0,CANONICAL_UNIT_FIX
298fce3f-f6fe-451e-93e1-f4d4ca508782,7e41b7fd7ba1c353199eba22667db254,NetProfitMargin12M,28.80781993916839,28.80781993916839,SAME
298fce3f-f6fe-451e-93e1-f4d4ca508782,7e41b7fd7ba1c353199eba22667db254,OperatingMargin12M,38.42698014184145,38.42698014184145,SAME
298fce3f-f6fe-451e-93e1-f4d4ca508782,7e41b7fd7ba1c353199eba22667db254,ROE,15.426257009057093,15.426257009057093,SAME
298fce3f-f6fe-451e-93e1-f4d4ca508782,7e41b7fd7ba1c353199eba22667db254,PEApprox,4.149647887323944,4.147158429453869,SAME
298fce3f-f6fe-451e-93e1-f4d4ca508782,7e41b7fd7ba1c353199eba22667db254,SalesGrowthRank,0.8777777777777778,0.8695652173913043,SAME
298fce3f-f6fe-451e-93e1-f4d4ca508782,7e41b7fd7ba1c353199eba22667db254,NetProfitGrowthRank,0.3,0.5752895752895753,FORMULA_CHANGE
298fce3f-f6fe-451e-93e1-f4d4ca508782,7e41b7fd7ba1c353199eba22667db254,OperatingMarginRank,0.59,0.6363636363636364,FORMULA_CHANGE
298fce3f-f6fe-451e-93e1-f4d4ca508782,7e41b7fd7ba1c353199eba22667db254,PERank,0.9285714285714286,0.9272727272727272,SAME
a3d9899a-222c-4aa7-8289-21219456d095,42c343943444522671018f6ce8d2c2a1,SalesLast12M,,,SAME
a3d9899a-222c-4aa7-8289-21219456d095,42c343943444522671018f6ce8d2c2a1,SalesGrowth12M,,,SAME
a3d9899a-222c-4aa7-8289-21219456d095,42c343943444522671018f6ce8d2c2a1,TTMNetProfit,100605498000000.0,100605498.0,CANONICAL_UNIT_FIX
a3d9899a-222c-4aa7-8289-21219456d095,42c343943444522671018f6ce8d2c2a1,NetProfitMargin12M,29.62366279770482,29.62366279770482,SAME
a3d9899a-222c-4aa7-8289-21219456d095,42c343943444522671018f6ce8d2c2a1,OperatingMargin12M,-2.944537166120366e-07,-0.011482039844071635,FORMULA_CHANGE
a3d9899a-222c-4aa7-8289-21219456d095,42c343943444522671018f6ce8d2c2a1,ROE,74.78836569530067,74.78836569530067,SAME
a3d9899a-222c-4aa7-8289-21219456d095,42c343943444522671018f6ce8d2c2a1,PEApprox,4.2015503875969,4.2015503875969,SAME
a3d9899a-222c-4aa7-8289-21219456d095,42c343943444522671018f6ce8d2c2a1,SalesGrowthRank,0.3,0.3,SAME
a3d9899a-222c-4aa7-8289-21219456d095,42c343943444522671018f6ce8d2c2a1,NetProfitGrowthRank,0.3,0.10038610038610038,FORMULA_CHANGE
a3d9899a-222c-4aa7-8289-21219456d095,42c343943444522671018f6ce8d2c2a1,OperatingMarginRank,0.05,0.03496503496503497,FORMULA_CHANGE
a3d9899a-222c-4aa7-8289-21219456d095,42c343943444522671018f6ce8d2c2a1,PERank,0.9210526315789473,0.92,SAME
b2a1f6fa-d81c-4c8d-bd72-c1cf411e5997,d07ff5df6784e3a6d9d9eabdb65794ba,SalesLast12M,3862599517000000.0,3862599517.0,CANONICAL_UNIT_FIX
b2a1f6fa-d81c-4c8d-bd72-c1cf411e5997,d07ff5df6784e3a6d9d9eabdb65794ba,SalesGrowth12M,35.71754626722885,35.71754626722885,SAME
b2a1f6fa-d81c-4c8d-bd72-c1cf411e5997,d07ff5df6784e3a6d9d9eabdb65794ba,TTMNetProfit,962487084000000.0,962487084.0,CANONICAL_UNIT_FIX
b2a1f6fa-d81c-4c8d-bd72-c1cf411e5997,d07ff5df6784e3a6d9d9eabdb65794ba,NetProfitMargin12M,26.33119309502493,26.33119309502493,SAME
b2a1f6fa-d81c-4c8d-bd72-c1cf411e5997,d07ff5df6784e3a6d9d9eabdb65794ba,OperatingMargin12M,25.054052906105838,25.054052906105838,SAME
b2a1f6fa-d81c-4c8d-bd72-c1cf411e5997,d07ff5df6784e3a6d9d9eabdb65794ba,ROE,28.458625884233385,28.458625884233385,SAME
b2a1f6fa-d81c-4c8d-bd72-c1cf411e5997,d07ff5df6784e3a6d9d9eabdb65794ba,PEApprox,6.740442655935614,6.756592579393127,FORMULA_CHANGE
b2a1f6fa-d81c-4c8d-bd72-c1cf411e5997,d07ff5df6784e3a6d9d9eabdb65794ba,SalesGrowthRank,0.18888888888888888,0.19021739130434784,SAME
b2a1f6fa-d81c-4c8d-bd72-c1cf411e5997,d07ff5df6784e3a6d9d9eabdb65794ba,NetProfitGrowthRank,0.3,0.2084942084942085,FORMULA_CHANGE
b2a1f6fa-d81c-4c8d-bd72-c1cf411e5997,d07ff5df6784e3a6d9d9eabdb65794ba,OperatingMarginRank,0.39,0.45454545454545453,FORMULA_CHANGE
b2a1f6fa-d81c-4c8d-bd72-c1cf411e5997,d07ff5df6784e3a6d9d9eabdb65794ba,PERank,0.7030075187969924,0.7345454545454546,FORMULA_CHANGE
5c8b97d1-9fd7-451e-ab89-964a4ac12a39,081486afb8ec3b6088ff61e17ed1e666,SalesLast12M,,,SAME
5c8b97d1-9fd7-451e-ab89-964a4ac12a39,081486afb8ec3b6088ff61e17ed1e666,SalesGrowth12M,,,SAME
5c8b97d1-9fd7-451e-ab89-964a4ac12a39,081486afb8ec3b6088ff61e17ed1e666,TTMNetProfit,,,SAME
5c8b97d1-9fd7-451e-ab89-964a4ac12a39,081486afb8ec3b6088ff61e17ed1e666,NetProfitMargin12M,,,SAME
5c8b97d1-9fd7-451e-ab89-964a4ac12a39,081486afb8ec3b6088ff61e17ed1e666,OperatingMargin12M,,,SAME
5c8b97d1-9fd7-451e-ab89-964a4ac12a39,081486afb8ec3b6088ff61e17ed1e666,ROE,,,SAME
5c8b97d1-9fd7-451e-ab89-964a4ac12a39,081486afb8ec3b6088ff61e17ed1e666,PEApprox,-1.8237951807228916,,FORMULA_CHANGE
5c8b97d1-9fd7-451e-ab89-964a4ac12a39,081486afb8ec3b6088ff61e17ed1e666,SalesGrowthRank,0.3,0.3,SAME
5c8b97d1-9fd7-451e-ab89-964a4ac12a39,081486afb8ec3b6088ff61e17ed1e666,NetProfitGrowthRank,0.3,0.11196911196911197,FORMULA_CHANGE
5c8b97d1-9fd7-451e-ab89-964a4ac12a39,081486afb8ec3b6088ff61e17ed1e666,OperatingMarginRank,0.3,0.3,SAME
5c8b97d1-9fd7-451e-ab89-964a4ac12a39,081486afb8ec3b6088ff61e17ed1e666,PERank,0.0,0.0,SAME
4a94b7d6-5f54-4389-b7c4-d4d7c2906c08,5846976e3619ada1281f076ebdce9055,SalesLast12M,197798459000000.0,197798459.0,CANONICAL_UNIT_FIX
4a94b7d6-5f54-4389-b7c4-d4d7c2906c08,5846976e3619ada1281f076ebdce9055,SalesGrowth12M,49.31772027507739,49.31772027507739,SAME
4a94b7d6-5f54-4389-b7c4-d4d7c2906c08,5846976e3619ada1281f076ebdce9055,TTMNetProfit,550392000000.0,550392.0,CANONICAL_UNIT_FIX
4a94b7d6-5f54-4389-b7c4-d4d7c2906c08,5846976e3619ada1281f076ebdce9055,NetProfitMargin12M,79.95909010346601,79.95909010346601,SAME
4a94b7d6-5f54-4389-b7c4-d4d7c2906c08,5846976e3619ada1281f076ebdce9055,OperatingMargin12M,89.28846416461585,89.28846416461585,SAME
4a94b7d6-5f54-4389-b7c4-d4d7c2906c08,5846976e3619ada1281f076ebdce9055,ROE,29.149231511497536,29.149231511497536,SAME
4a94b7d6-5f54-4389-b7c4-d4d7c2906c08,5846976e3619ada1281f076ebdce9055,PEApprox,7.952069716775599,7.962534204803885,FORMULA_CHANGE
4a94b7d6-5f54-4389-b7c4-d4d7c2906c08,5846976e3619ada1281f076ebdce9055,SalesGrowthRank,0.31666666666666665,0.31521739130434784,SAME
4a94b7d6-5f54-4389-b7c4-d4d7c2906c08,5846976e3619ada1281f076ebdce9055,NetProfitGrowthRank,0.3,0.3,SAME
4a94b7d6-5f54-4389-b7c4-d4d7c2906c08,5846976e3619ada1281f076ebdce9055,OperatingMarginRank,0.98,0.9790209790209791,SAME
4a94b7d6-5f54-4389-b7c4-d4d7c2906c08,5846976e3619ada1281f076ebdce9055,PERank,0.5601503759398496,0.6036363636363636,FORMULA_CHANGE
ee0218dc-af71-478d-a572-b65b7cb82a8b,fd32ba6ce155b8809f2066377e9eeccc,SalesLast12M,68826823000000.0,68826823.0,CANONICAL_UNIT_FIX
ee0218dc-af71-478d-a572-b65b7cb82a8b,fd32ba6ce155b8809f2066377e9eeccc,SalesGrowth12M,163.21479375960547,163.21479375960547,SAME
ee0218dc-af71-478d-a572-b65b7cb82a8b,fd32ba6ce155b8809f2066377e9eeccc,TTMNetProfit,25068728000000.0,25068728.0,CANONICAL_UNIT_FIX
ee0218dc-af71-478d-a572-b65b7cb82a8b,fd32ba6ce155b8809f2066377e9eeccc,NetProfitMargin12M,45.5856106110502,45.5856106110502,SAME
ee0218dc-af71-478d-a572-b65b7cb82a8b,fd32ba6ce155b8809f2066377e9eeccc,OperatingMargin12M,62.45133848289572,62.45133848289572,SAME
ee0218dc-af71-478d-a572-b65b7cb82a8b,fd32ba6ce155b8809f2066377e9eeccc,ROE,60.581270901991665,60.581270901991665,SAME
ee0218dc-af71-478d-a572-b65b7cb82a8b,fd32ba6ce155b8809f2066377e9eeccc,PEApprox,8.668280871670703,8.902435453460342,FORMULA_CHANGE
ee0218dc-af71-478d-a572-b65b7cb82a8b,fd32ba6ce155b8809f2066377e9eeccc,SalesGrowthRank,0.9583333333333334,0.9538043478260869,SAME
ee0218dc-af71-478d-a572-b65b7cb82a8b,fd32ba6ce155b8809f2066377e9eeccc,NetProfitGrowthRank,0.3,0.667953667953668,FORMULA_CHANGE
ee0218dc-af71-478d-a572-b65b7cb82a8b,fd32ba6ce155b8809f2066377e9eeccc,OperatingMarginRank,0.86,0.8881118881118881,FORMULA_CHANGE
ee0218dc-af71-478d-a572-b65b7cb82a8b,fd32ba6ce155b8809f2066377e9eeccc,PERank,0.46240601503759393,0.48363636363636364,FORMULA_CHANGE
0311daa9-ed4b-4e8e-b977-2cba4a4670f2,731166bbfc773bf6a75a4bb795177b44,SalesLast12M,,,SAME
0311daa9-ed4b-4e8e-b977-2cba4a4670f2,731166bbfc773bf6a75a4bb795177b44,SalesGrowth12M,,,SAME
0311daa9-ed4b-4e8e-b977-2cba4a4670f2,731166bbfc773bf6a75a4bb795177b44,TTMNetProfit,,47035000000.0,LEGACY_HEURISTIC_REMOVED
0311daa9-ed4b-4e8e-b977-2cba4a4670f2,731166bbfc773bf6a75a4bb795177b44,NetProfitMargin12M,,,SAME
0311daa9-ed4b-4e8e-b977-2cba4a4670f2,731166bbfc773bf6a75a4bb795177b44,OperatingMargin12M,,,SAME
0311daa9-ed4b-4e8e-b977-2cba4a4670f2,731166bbfc773bf6a75a4bb795177b44,ROE,,,SAME
0311daa9-ed4b-4e8e-b977-2cba4a4670f2,731166bbfc773bf6a75a4bb795177b44,PEApprox,9.093406593406593,8.76145423620708,FORMULA_CHANGE
0311daa9-ed4b-4e8e-b977-2cba4a4670f2,731166bbfc773bf6a75a4bb795177b44,SalesGrowthRank,0.3,0.3,SAME
0311daa9-ed4b-4e8e-b977-2cba4a4670f2,731166bbfc773bf6a75a4bb795177b44,NetProfitGrowthRank,0.3,0.08494208494208494,FORMULA_CHANGE
0311daa9-ed4b-4e8e-b977-2cba4a4670f2,731166bbfc773bf6a75a4bb795177b44,OperatingMarginRank,0.3,0.3,SAME
0311daa9-ed4b-4e8e-b977-2cba4a4670f2,731166bbfc773bf6a75a4bb795177b44,PERank,0.424812030075188,0.4945454545454545,FORMULA_CHANGE
ad315653-75a0-4370-aa61-8677da4534d3,3dee3148d7752fbf747804eae2347c51,SalesLast12M,,,SAME
ad315653-75a0-4370-aa61-8677da4534d3,3dee3148d7752fbf747804eae2347c51,SalesGrowth12M,,,SAME
ad315653-75a0-4370-aa61-8677da4534d3,3dee3148d7752fbf747804eae2347c51,TTMNetProfit,,144240000000.0,LEGACY_HEURISTIC_REMOVED
ad315653-75a0-4370-aa61-8677da4534d3,3dee3148d7752fbf747804eae2347c51,NetProfitMargin12M,,,SAME
ad315653-75a0-4370-aa61-8677da4534d3,3dee3148d7752fbf747804eae2347c51,OperatingMargin12M,,,SAME
ad315653-75a0-4370-aa61-8677da4534d3,3dee3148d7752fbf747804eae2347c51,ROE,,,SAME
ad315653-75a0-4370-aa61-8677da4534d3,3dee3148d7752fbf747804eae2347c51,PEApprox,5.149750415973378,5.149750415973378,SAME
ad315653-75a0-4370-aa61-8677da4534d3,3dee3148d7752fbf747804eae2347c51,SalesGrowthRank,0.3,0.3,SAME
ad315653-75a0-4370-aa61-8677da4534d3,3dee3148d7752fbf747804eae2347c51,NetProfitGrowthRank,0.3,0.4517374517374517,FORMULA_CHANGE
ad315653-75a0-4370-aa61-8677da4534d3,3dee3148d7752fbf747804eae2347c51,OperatingMarginRank,0.3,0.3,SAME
ad315653-75a0-4370-aa61-8677da4534d3,3dee3148d7752fbf747804eae2347c51,PERank,0.8571428571428572,0.8654545454545455,SAME
b0a1be47-1fbd-4ac5-8b46-d1ae52b4bbff,1ddbed63fff24fa4ad4fc82f1d695219,SalesLast12M,36412968000000.0,36412968.0,CANONICAL_UNIT_FIX
b0a1be47-1fbd-4ac5-8b46-d1ae52b4bbff,1ddbed63fff24fa4ad4fc82f1d695219,SalesGrowth12M,49.23138984000265,49.23138984000265,SAME
b0a1be47-1fbd-4ac5-8b46-d1ae52b4bbff,1ddbed63fff24fa4ad4fc82f1d695219,TTMNetProfit,36540673000000.0,36540673.0,CANONICAL_UNIT_FIX
b0a1be47-1fbd-4ac5-8b46-d1ae52b4bbff,1ddbed63fff24fa4ad4fc82f1d695219,NetProfitMargin12M,79.70938893429812,79.70938893429812,SAME
b0a1be47-1fbd-4ac5-8b46-d1ae52b4bbff,1ddbed63fff24fa4ad4fc82f1d695219,OperatingMargin12M,71.04259007551312,71.04259007551312,SAME
b0a1be47-1fbd-4ac5-8b46-d1ae52b4bbff,1ddbed63fff24fa4ad4fc82f1d695219,ROE,198.10739359066616,198.10739359066616,SAME
b0a1be47-1fbd-4ac5-8b46-d1ae52b4bbff,1ddbed63fff24fa4ad4fc82f1d695219,PEApprox,14.644225506294472,14.641535869729362,SAME
b0a1be47-1fbd-4ac5-8b46-d1ae52b4bbff,1ddbed63fff24fa4ad4fc82f1d695219,SalesGrowthRank,0.3111111111111111,0.30978260869565216,SAME
b0a1be47-1fbd-4ac5-8b46-d1ae52b4bbff,1ddbed63fff24fa4ad4fc82f1d695219,NetProfitGrowthRank,0.3,0.20077220077220076,FORMULA_CHANGE
b0a1be47-1fbd-4ac5-8b46-d1ae52b4bbff,1ddbed63fff24fa4ad4fc82f1d695219,OperatingMarginRank,0.91,0.9230769230769231,FORMULA_CHANGE
b0a1be47-1fbd-4ac5-8b46-d1ae52b4bbff,1ddbed63fff24fa4ad4fc82f1d695219,PERank,0.2443609022556391,0.31999999999999995,FORMULA_CHANGE
18395190-5040-4ec6-8f64-2ec3a7838d7c,8cf8f7ebb7a81d1f00229c19692d4f69,SalesLast12M,14593433000000.0,14593433.0,CANONICAL_UNIT_FIX
18395190-5040-4ec6-8f64-2ec3a7838d7c,8cf8f7ebb7a81d1f00229c19692d4f69,SalesGrowth12M,-11.578530573665205,-11.578530573665205,SAME
18395190-5040-4ec6-8f64-2ec3a7838d7c,8cf8f7ebb7a81d1f00229c19692d4f69,TTMNetProfit,,2610227900.0,LEGACY_HEURISTIC_REMOVED
18395190-5040-4ec6-8f64-2ec3a7838d7c,8cf8f7ebb7a81d1f00229c19692d4f69,NetProfitMargin12M,,,SAME
18395190-5040-4ec6-8f64-2ec3a7838d7c,8cf8f7ebb7a81d1f00229c19692d4f69,OperatingMargin12M,,,SAME
18395190-5040-4ec6-8f64-2ec3a7838d7c,8cf8f7ebb7a81d1f00229c19692d4f69,ROE,,,SAME
18395190-5040-4ec6-8f64-2ec3a7838d7c,8cf8f7ebb7a81d1f00229c19692d4f69,PEApprox,9.84312519224854,9.84312519224854,SAME
18395190-5040-4ec6-8f64-2ec3a7838d7c,8cf8f7ebb7a81d1f00229c19692d4f69,SalesGrowthRank,0.011111111111111112,0.016304347826086956,SAME
18395190-5040-4ec6-8f64-2ec3a7838d7c,8cf8f7ebb7a81d1f00229c19692d4f69,NetProfitGrowthRank,0.3,0.07722007722007722,FORMULA_CHANGE
18395190-5040-4ec6-8f64-2ec3a7838d7c,8cf8f7ebb7a81d1f00229c19692d4f69,OperatingMarginRank,0.3,0.3,SAME
18395190-5040-4ec6-8f64-2ec3a7838d7c,8cf8f7ebb7a81d1f00229c19692d4f69,PERank,0.3721804511278195,0.4181818181818182,FORMULA_CHANGE
3eb74c91-27df-4f82-940f-d86d5c64c456,5a47be702a11b42d75ea4fc8a0003e05,SalesLast12M,,,SAME
3eb74c91-27df-4f82-940f-d86d5c64c456,5a47be702a11b42d75ea4fc8a0003e05,SalesGrowth12M,,,SAME
3eb74c91-27df-4f82-940f-d86d5c64c456,5a47be702a11b42d75ea4fc8a0003e05,TTMNetProfit,,-35528522172.0,LEGACY_HEURISTIC_REMOVED
3eb74c91-27df-4f82-940f-d86d5c64c456,5a47be702a11b42d75ea4fc8a0003e05,NetProfitMargin12M,,,SAME
3eb74c91-27df-4f82-940f-d86d5c64c456,5a47be702a11b42d75ea4fc8a0003e05,OperatingMargin12M,,,SAME
3eb74c91-27df-4f82-940f-d86d5c64c456,5a47be702a11b42d75ea4fc8a0003e05,ROE,,,SAME
3eb74c91-27df-4f82-940f-d86d5c64c456,5a47be702a11b42d75ea4fc8a0003e05,PEApprox,-1.216867469879518,,FORMULA_CHANGE
3eb74c91-27df-4f82-940f-d86d5c64c456,5a47be702a11b42d75ea4fc8a0003e05,SalesGrowthRank,0.3,0.3,SAME
3eb74c91-27df-4f82-940f-d86d5c64c456,5a47be702a11b42d75ea4fc8a0003e05,NetProfitGrowthRank,0.3,0.005791505791505791,FORMULA_CHANGE
3eb74c91-27df-4f82-940f-d86d5c64c456,5a47be702a11b42d75ea4fc8a0003e05,OperatingMarginRank,0.3,0.3,SAME
3eb74c91-27df-4f82-940f-d86d5c64c456,5a47be702a11b42d75ea4fc8a0003e05,PERank,0.0,0.0,SAME
2b087028-34bc-4989-8280-c8fe35c9cc34,74a98ddff0b1430c48e8cfc83fa56408,SalesLast12M,3241970000000.0,3241970.0,CANONICAL_UNIT_FIX
2b087028-34bc-4989-8280-c8fe35c9cc34,74a98ddff0b1430c48e8cfc83fa56408,SalesGrowth12M,17.065887183116647,17.065887183116647,SAME
2b087028-34bc-4989-8280-c8fe35c9cc34,74a98ddff0b1430c48e8cfc83fa56408,TTMNetProfit,,563000000.0,LEGACY_HEURISTIC_REMOVED
2b087028-34bc-4989-8280-c8fe35c9cc34,74a98ddff0b1430c48e8cfc83fa56408,NetProfitMargin12M,,,SAME
2b087028-34bc-4989-8280-c8fe35c9cc34,74a98ddff0b1430c48e8cfc83fa56408,OperatingMargin12M,,,SAME
2b087028-34bc-4989-8280-c8fe35c9cc34,74a98ddff0b1430c48e8cfc83fa56408,ROE,,,SAME
2b087028-34bc-4989-8280-c8fe35c9cc34,74a98ddff0b1430c48e8cfc83fa56408,PEApprox,35.041152263374485,30.24866785079929,FORMULA_CHANGE
2b087028-34bc-4989-8280-c8fe35c9cc34,74a98ddff0b1430c48e8cfc83fa56408,SalesGrowthRank,0.1,0.10326086956521739,SAME
2b087028-34bc-4989-8280-c8fe35c9cc34,74a98ddff0b1430c48e8cfc83fa56408,NetProfitGrowthRank,0.3,0.555984555984556,FORMULA_CHANGE
2b087028-34bc-4989-8280-c8fe35c9cc34,74a98ddff0b1430c48e8cfc83fa56408,OperatingMarginRank,0.3,0.3,SAME
2b087028-34bc-4989-8280-c8fe35c9cc34,74a98ddff0b1430c48e8cfc83fa56408,PERank,0.13909774436090228,0.2145454545454546,FORMULA_CHANGE
7c967637-53cb-426b-a615-10b2c4bc202e,f08b706dfe1ab6bc864806ce40729675,SalesLast12M,,,SAME
7c967637-53cb-426b-a615-10b2c4bc202e,f08b706dfe1ab6bc864806ce40729675,SalesGrowth12M,,,SAME
7c967637-53cb-426b-a615-10b2c4bc202e,f08b706dfe1ab6bc864806ce40729675,TTMNetProfit,,3153500000.0,LEGACY_HEURISTIC_REMOVED
7c967637-53cb-426b-a615-10b2c4bc202e,f08b706dfe1ab6bc864806ce40729675,NetProfitMargin12M,,,SAME
7c967637-53cb-426b-a615-10b2c4bc202e,f08b706dfe1ab6bc864806ce40729675,OperatingMargin12M,,,SAME
7c967637-53cb-426b-a615-10b2c4bc202e,f08b706dfe1ab6bc864806ce40729675,ROE,,,SAME
7c967637-53cb-426b-a615-10b2c4bc202e,f08b706dfe1ab6bc864806ce40729675,PEApprox,8.351038528618995,8.351038528618995,SAME
7c967637-53cb-426b-a615-10b2c4bc202e,f08b706dfe1ab6bc864806ce40729675,SalesGrowthRank,0.3,0.3,SAME
7c967637-53cb-426b-a615-10b2c4bc202e,f08b706dfe1ab6bc864806ce40729675,NetProfitGrowthRank,0.3,0.6332046332046332,FORMULA_CHANGE
7c967637-53cb-426b-a615-10b2c4bc202e,f08b706dfe1ab6bc864806ce40729675,OperatingMarginRank,0.3,0.3,SAME
7c967637-53cb-426b-a615-10b2c4bc202e,f08b706dfe1ab6bc864806ce40729675,PERank,0.4887218045112782,0.5309090909090909,FORMULA_CHANGE
c3598b16-4124-4839-bd8c-c278408a857f,32f230090775786229c664bc8cb52dba,SalesLast12M,2805051256000000.0,2805051256.0,CANONICAL_UNIT_FIX
c3598b16-4124-4839-bd8c-c278408a857f,32f230090775786229c664bc8cb52dba,SalesGrowth12M,693.9815587919722,693.9815587919722,SAME
c3598b16-4124-4839-bd8c-c278408a857f,32f230090775786229c664bc8cb52dba,TTMNetProfit,,301440000000.0,LEGACY_HEURISTIC_REMOVED
c3598b16-4124-4839-bd8c-c278408a857f,32f230090775786229c664bc8cb52dba,NetProfitMargin12M,,,SAME
c3598b16-4124-4839-bd8c-c278408a857f,32f230090775786229c664bc8cb52dba,OperatingMargin12M,,,SAME
c3598b16-4124-4839-bd8c-c278408a857f,32f230090775786229c664bc8cb52dba,ROE,,,SAME
c3598b16-4124-4839-bd8c-c278408a857f,32f230090775786229c664bc8cb52dba,PEApprox,5.680571369423455,5.461783439490445,FORMULA_CHANGE
c3598b16-4124-4839-bd8c-c278408a857f,32f230090775786229c664bc8cb52dba,SalesGrowthRank,0.9583333333333334,0.9538043478260869,SAME
c3598b16-4124-4839-bd8c-c278408a857f,32f230090775786229c664bc8cb52dba,NetProfitGrowthRank,0.3,0.5984555984555985,FORMULA_CHANGE
c3598b16-4124-4839-bd8c-c278408a857f,32f230090775786229c664bc8cb52dba,OperatingMarginRank,0.3,0.3,SAME
c3598b16-4124-4839-bd8c-c278408a857f,32f230090775786229c664bc8cb52dba,PERank,0.8195488721804511,0.84,FORMULA_CHANGE
d26b3713-6d63-4c3e-be90-bc7651240571,8bfd141901eaba0211578f174767f175,SalesLast12M,228307219000000.0,228307219.0,CANONICAL_UNIT_FIX
d26b3713-6d63-4c3e-be90-bc7651240571,8bfd141901eaba0211578f174767f175,SalesGrowth12M,103.3070927060201,103.3070927060201,SAME
d26b3713-6d63-4c3e-be90-bc7651240571,8bfd141901eaba0211578f174767f175,TTMNetProfit,84095726000000.0,84095726.0,CANONICAL_UNIT_FIX
d26b3713-6d63-4c3e-be90-bc7651240571,8bfd141901eaba0211578f174767f175,NetProfitMargin12M,38.95562742891822,38.95562742891822,SAME
d26b3713-6d63-4c3e-be90-bc7651240571,8bfd141901eaba0211578f174767f175,OperatingMargin12M,46.095058757452165,46.095058757452165,SAME
d26b3713-6d63-4c3e-be90-bc7651240571,8bfd141901eaba0211578f174767f175,ROE,59.50773590703997,59.50773590703997,SAME
d26b3713-6d63-4c3e-be90-bc7651240571,8bfd141901eaba0211578f174767f175,PEApprox,16.77097203728362,16.768669173890736,SAME
d26b3713-6d63-4c3e-be90-bc7651240571,8bfd141901eaba0211578f174767f175,SalesGrowthRank,0.7277777777777777,0.7228260869565217,SAME
d26b3713-6d63-4c3e-be90-bc7651240571,8bfd141901eaba0211578f174767f175,NetProfitGrowthRank,0.3,0.918918918918919,FORMULA_CHANGE
d26b3713-6d63-4c3e-be90-bc7651240571,8bfd141901eaba0211578f174767f175,OperatingMarginRank,0.68,0.7202797202797203,FORMULA_CHANGE
d26b3713-6d63-4c3e-be90-bc7651240571,8bfd141901eaba0211578f174767f175,PERank,0.21804511278195493,0.2909090909090909,FORMULA_CHANGE
e08aee3b-8ace-4bf6-be09-4c6bb0f0bdd7,b1cd84e33ebd60a436db5a07c0afd700,SalesLast12M,545994966000000.0,545994966.0,CANONICAL_UNIT_FIX
e08aee3b-8ace-4bf6-be09-4c6bb0f0bdd7,b1cd84e33ebd60a436db5a07c0afd700,SalesGrowth12M,74.80090129840458,74.80090129840458,SAME
e08aee3b-8ace-4bf6-be09-4c6bb0f0bdd7,b1cd84e33ebd60a436db5a07c0afd700,TTMNetProfit,207420331000000.0,207420331.0,CANONICAL_UNIT_FIX
e08aee3b-8ace-4bf6-be09-4c6bb0f0bdd7,b1cd84e33ebd60a436db5a07c0afd700,NetProfitMargin12M,41.17996402550131,41.17996402550131,SAME
e08aee3b-8ace-4bf6-be09-4c6bb0f0bdd7,b1cd84e33ebd60a436db5a07c0afd700,OperatingMargin12M,48.022460162170894,48.022460162170894,SAME
e08aee3b-8ace-4bf6-be09-4c6bb0f0bdd7,b1cd84e33ebd60a436db5a07c0afd700,ROE,69.30731839740618,69.30731839740618,SAME
e08aee3b-8ace-4bf6-be09-4c6bb0f0bdd7,b1cd84e33ebd60a436db5a07c0afd700,PEApprox,5.816464237516869,5.814775559947778,SAME
e08aee3b-8ace-4bf6-be09-4c6bb0f0bdd7,b1cd84e33ebd60a436db5a07c0afd700,SalesGrowthRank,0.49444444444444446,0.4945652173913043,SAME
e08aee3b-8ace-4bf6-be09-4c6bb0f0bdd7,b1cd84e33ebd60a436db5a07c0afd700,NetProfitGrowthRank,0.3,0.833976833976834,FORMULA_CHANGE
e08aee3b-8ace-4bf6-be09-4c6bb0f0bdd7,b1cd84e33ebd60a436db5a07c0afd700,OperatingMarginRank,0.71,0.7412587412587412,FORMULA_CHANGE
e08aee3b-8ace-4bf6-be09-4c6bb0f0bdd7,b1cd84e33ebd60a436db5a07c0afd700,PERank,0.8082706766917294,0.8072727272727273,SAME
478b42db-bf36-4b20-8a77-cb81678030c0,99775fd5c264517e465c66d684aefc15,SalesLast12M,12048061000000.0,12048061.0,CANONICAL_UNIT_FIX
478b42db-bf36-4b20-8a77-cb81678030c0,99775fd5c264517e465c66d684aefc15,SalesGrowth12M,57.15248905690462,57.15248905690462,SAME
478b42db-bf36-4b20-8a77-cb81678030c0,99775fd5c264517e465c66d684aefc15,TTMNetProfit,,2443000000.0,LEGACY_HEURISTIC_REMOVED
478b42db-bf36-4b20-8a77-cb81678030c0,99775fd5c264517e465c66d684aefc15,NetProfitMargin12M,,,SAME
478b42db-bf36-4b20-8a77-cb81678030c0,99775fd5c264517e465c66d684aefc15,OperatingMargin12M,,,SAME
478b42db-bf36-4b20-8a77-cb81678030c0,99775fd5c264517e465c66d684aefc15,ROE,,,SAME
478b42db-bf36-4b20-8a77-cb81678030c0,99775fd5c264517e465c66d684aefc15,PEApprox,8.186274509803921,8.203029062627916,FORMULA_CHANGE
478b42db-bf36-4b20-8a77-cb81678030c0,99775fd5c264517e465c66d684aefc15,SalesGrowthRank,0.37222222222222223,0.3695652173913043,SAME
478b42db-bf36-4b20-8a77-cb81678030c0,99775fd5c264517e465c66d684aefc15,NetProfitGrowthRank,0.3,0.25096525096525096,FORMULA_CHANGE
478b42db-bf36-4b20-8a77-cb81678030c0,99775fd5c264517e465c66d684aefc15,OperatingMarginRank,0.3,0.3,SAME
478b42db-bf36-4b20-8a77-cb81678030c0,99775fd5c264517e465c66d684aefc15,PERank,0.5225563909774436,0.56,FORMULA_CHANGE
812cc82f-571c-4ef3-9a7b-0a2ddcda4cf5,5d15c985370d5c69364f396ffec4e0d7,SalesLast12M,,,SAME
812cc82f-571c-4ef3-9a7b-0a2ddcda4cf5,5d15c985370d5c69364f396ffec4e0d7,SalesGrowth12M,,,SAME
812cc82f-571c-4ef3-9a7b-0a2ddcda4cf5,5d15c985370d5c69364f396ffec4e0d7,TTMNetProfit,,335000000.0,LEGACY_HEURISTIC_REMOVED
812cc82f-571c-4ef3-9a7b-0a2ddcda4cf5,5d15c985370d5c69364f396ffec4e0d7,NetProfitMargin12M,,,SAME
812cc82f-571c-4ef3-9a7b-0a2ddcda4cf5,5d15c985370d5c69364f396ffec4e0d7,OperatingMargin12M,,,SAME
812cc82f-571c-4ef3-9a7b-0a2ddcda4cf5,5d15c985370d5c69364f396ffec4e0d7,ROE,,,SAME
812cc82f-571c-4ef3-9a7b-0a2ddcda4cf5,5d15c985370d5c69364f396ffec4e0d7,PEApprox,35.67164179104478,35.67164179104478,SAME
812cc82f-571c-4ef3-9a7b-0a2ddcda4cf5,5d15c985370d5c69364f396ffec4e0d7,SalesGrowthRank,0.3,0.3,SAME
812cc82f-571c-4ef3-9a7b-0a2ddcda4cf5,5d15c985370d5c69364f396ffec4e0d7,NetProfitGrowthRank,0.3,0.7837837837837838,FORMULA_CHANGE
812cc82f-571c-4ef3-9a7b-0a2ddcda4cf5,5d15c985370d5c69364f396ffec4e0d7,OperatingMarginRank,0.3,0.3,SAME
812cc82f-571c-4ef3-9a7b-0a2ddcda4cf5,5d15c985370d5c69364f396ffec4e0d7,PERank,0.13533834586466165,0.19999999999999996,FORMULA_CHANGE
f0c68c28-0f10-4f24-8e2e-946f766bd33e,54e663798b0e261d5e3fef1f8da6430e,SalesLast12M,39451493000000.0,39451493.0,CANONICAL_UNIT_FIX
f0c68c28-0f10-4f24-8e2e-946f766bd33e,54e663798b0e261d5e3fef1f8da6430e,SalesGrowth12M,338.81160078309057,338.81160078309057,SAME
f0c68c28-0f10-4f24-8e2e-946f766bd33e,54e663798b0e261d5e3fef1f8da6430e,TTMNetProfit,35296359000000.0,35296359.0,CANONICAL_UNIT_FIX
f0c68c28-0f10-4f24-8e2e-946f766bd33e,54e663798b0e261d5e3fef1f8da6430e,NetProfitMargin12M,74.55315295734603,74.55315295734603,SAME
f0c68c28-0f10-4f24-8e2e-946f766bd33e,54e663798b0e261d5e3fef1f8da6430e,OperatingMargin12M,68.00902376304775,68.00902376304775,SAME
f0c68c28-0f10-4f24-8e2e-946f766bd33e,54e663798b0e261d5e3fef1f8da6430e,ROE,43.7878021221857,43.7878021221857,SAME
f0c68c28-0f10-4f24-8e2e-946f766bd33e,54e663798b0e261d5e3fef1f8da6430e,PEApprox,6.09167671893848,6.0716568974989,FORMULA_CHANGE
f0c68c28-0f10-4f24-8e2e-946f766bd33e,54e663798b0e261d5e3fef1f8da6430e,SalesGrowthRank,0.9583333333333334,0.9538043478260869,SAME
f0c68c28-0f10-4f24-8e2e-946f766bd33e,54e663798b0e261d5e3fef1f8da6430e,NetProfitGrowthRank,0.4444444444444444,0.7567567567567568,FORMULA_CHANGE
f0c68c28-0f10-4f24-8e2e-946f766bd33e,54e663798b0e261d5e3fef1f8da6430e,OperatingMarginRank,0.89,0.9090909090909091,FORMULA_CHANGE
f0c68c28-0f10-4f24-8e2e-946f766bd33e,54e663798b0e261d5e3fef1f8da6430e,PERank,0.7744360902255639,0.7818181818181819,SAME
7ad97d90-ca30-4b48-b528-1ad0ba8f1fd6,3eed9ad615c315d96a80b4ed8599772d,SalesLast12M,3023344708000000.0,3023344708.0,CANONICAL_UNIT_FIX
7ad97d90-ca30-4b48-b528-1ad0ba8f1fd6,3eed9ad615c315d96a80b4ed8599772d,SalesGrowth12M,108.93464328126163,108.93464328126163,SAME
7ad97d90-ca30-4b48-b528-1ad0ba8f1fd6,3eed9ad615c315d96a80b4ed8599772d,TTMNetProfit,155839187000000.0,155839187.0,CANONICAL_UNIT_FIX
7ad97d90-ca30-4b48-b528-1ad0ba8f1fd6,3eed9ad615c315d96a80b4ed8599772d,NetProfitMargin12M,6.010326346818822,6.010326346818822,SAME
7ad97d90-ca30-4b48-b528-1ad0ba8f1fd6,3eed9ad615c315d96a80b4ed8599772d,OperatingMargin12M,5.55974956872733,5.55974956872733,SAME
7ad97d90-ca30-4b48-b528-1ad0ba8f1fd6,3eed9ad615c315d96a80b4ed8599772d,ROE,70.87561742699356,70.87561742699356,SAME
7ad97d90-ca30-4b48-b528-1ad0ba8f1fd6,3eed9ad615c315d96a80b4ed8599772d,PEApprox,13.164581328200192,13.167454672796524,SAME
7ad97d90-ca30-4b48-b528-1ad0ba8f1fd6,3eed9ad615c315d96a80b4ed8599772d,SalesGrowthRank,0.75,0.7445652173913043,SAME
7ad97d90-ca30-4b48-b528-1ad0ba8f1fd6,3eed9ad615c315d96a80b4ed8599772d,NetProfitGrowthRank,0.3,0.7606177606177607,FORMULA_CHANGE
7ad97d90-ca30-4b48-b528-1ad0ba8f1fd6,3eed9ad615c315d96a80b4ed8599772d,OperatingMarginRank,0.08,0.11188811188811189,FORMULA_CHANGE
7ad97d90-ca30-4b48-b528-1ad0ba8f1fd6,3eed9ad615c315d96a80b4ed8599772d,PERank,0.2744360902255639,0.3345454545454546,FORMULA_CHANGE
81d29112-38ae-458b-b94a-7918e860b87e,9a98774de11b0af3874a6f2b69db1b58,SalesLast12M,2787356000000.0,2787356.0,CANONICAL_UNIT_FIX
81d29112-38ae-458b-b94a-7918e860b87e,9a98774de11b0af3874a6f2b69db1b58,SalesGrowth12M,78.75412678827492,78.75412678827492,SAME
81d29112-38ae-458b-b94a-7918e860b87e,9a98774de11b0af3874a6f2b69db1b58,TTMNetProfit,2115086000000.0,2115086.0,CANONICAL_UNIT_FIX
81d29112-38ae-458b-b94a-7918e860b87e,9a98774de11b0af3874a6f2b69db1b58,NetProfitMargin12M,86.36758427643036,86.36758427643036,SAME
81d29112-38ae-458b-b94a-7918e860b87e,9a98774de11b0af3874a6f2b69db1b58,OperatingMargin12M,29.950937856660143,29.950937856660143,SAME
81d29112-38ae-458b-b94a-7918e860b87e,9a98774de11b0af3874a6f2b69db1b58,ROE,30.0036329162927,30.0036329162927,SAME
81d29112-38ae-458b-b94a-7918e860b87e,9a98774de11b0af3874a6f2b69db1b58,PEApprox,42.092130518234164,42.04476973479363,FORMULA_CHANGE
81d29112-38ae-458b-b94a-7918e860b87e,9a98774de11b0af3874a6f2b69db1b58,SalesGrowthRank,0.5166666666666667,0.5163043478260869,SAME
81d29112-38ae-458b-b94a-7918e860b87e,9a98774de11b0af3874a6f2b69db1b58,NetProfitGrowthRank,0.3,0.305019305019305,SAME
81d29112-38ae-458b-b94a-7918e860b87e,9a98774de11b0af3874a6f2b69db1b58,OperatingMarginRank,0.5,0.5454545454545454,FORMULA_CHANGE
81d29112-38ae-458b-b94a-7918e860b87e,9a98774de11b0af3874a6f2b69db1b58,PERank,0.12030075187969924,0.17818181818181822,FORMULA_CHANGE
295f68b6-1f9d-4004-910d-039a20aa2d79,2ebfd20c4a8b98cdd3e425bf2d0a48cf,SalesLast12M,,,SAME
295f68b6-1f9d-4004-910d-039a20aa2d79,2ebfd20c4a8b98cdd3e425bf2d0a48cf,SalesGrowth12M,,,SAME
295f68b6-1f9d-4004-910d-039a20aa2d79,2ebfd20c4a8b98cdd3e425bf2d0a48cf,TTMNetProfit,3117800000000.0,3117800.0,CANONICAL_UNIT_FIX
295f68b6-1f9d-4004-910d-039a20aa2d79,2ebfd20c4a8b98cdd3e425bf2d0a48cf,NetProfitMargin12M,20.18096456958452,20.18096456958452,SAME
295f68b6-1f9d-4004-910d-039a20aa2d79,2ebfd20c4a8b98cdd3e425bf2d0a48cf,OperatingMargin12M,36.82251237150477,36.82251237150477,SAME
295f68b6-1f9d-4004-910d-039a20aa2d79,2ebfd20c4a8b98cdd3e425bf2d0a48cf,ROE,22.578105668112563,22.578105668112563,SAME
295f68b6-1f9d-4004-910d-039a20aa2d79,2ebfd20c4a8b98cdd3e425bf2d0a48cf,PEApprox,45.19061583577712,45.215249026125676,FORMULA_CHANGE
295f68b6-1f9d-4004-910d-039a20aa2d79,2ebfd20c4a8b98cdd3e425bf2d0a48cf,SalesGrowthRank,0.3,0.3,SAME
295f68b6-1f9d-4004-910d-039a20aa2d79,2ebfd20c4a8b98cdd3e425bf2d0a48cf,NetProfitGrowthRank,0.3,0.918918918918919,FORMULA_CHANGE
295f68b6-1f9d-4004-910d-039a20aa2d79,2ebfd20c4a8b98cdd3e425bf2d0a48cf,OperatingMarginRank,0.57,0.6223776223776224,FORMULA_CHANGE
295f68b6-1f9d-4004-910d-039a20aa2d79,2ebfd20c4a8b98cdd3e425bf2d0a48cf,PERank,0.1127819548872181,0.1709090909090909,FORMULA_CHANGE
c78433dc-e873-4bc9-85c4-794f755e5637,62a63aab5e5f97d82fe87b1c3a34f7f2,SalesLast12M,1110845949000000.0,1110845949.0,CANONICAL_UNIT_FIX
c78433dc-e873-4bc9-85c4-794f755e5637,62a63aab5e5f97d82fe87b1c3a34f7f2,SalesGrowth12M,33.897321773676694,33.897321773676694,SAME
c78433dc-e873-4bc9-85c4-794f755e5637,62a63aab5e5f97d82fe87b1c3a34f7f2,TTMNetProfit,165963132000000.0,165963132.0,CANONICAL_UNIT_FIX
c78433dc-e873-4bc9-85c4-794f755e5637,62a63aab5e5f97d82fe87b1c3a34f7f2,NetProfitMargin12M,14.971882269409232,14.971882269409232,SAME
c78433dc-e873-4bc9-85c4-794f755e5637,62a63aab5e5f97d82fe87b1c3a34f7f2,OperatingMargin12M,17.319835872656235,17.319835872656235,SAME
c78433dc-e873-4bc9-85c4-794f755e5637,62a63aab5e5f97d82fe87b1c3a34f7f2,ROE,76.89929828444129,76.89929828444129,SAME
c78433dc-e873-4bc9-85c4-794f755e5637,62a63aab5e5f97d82fe87b1c3a34f7f2,PEApprox,5.299152688915788,5.29890548958641,SAME
c78433dc-e873-4bc9-85c4-794f755e5637,62a63aab5e5f97d82fe87b1c3a34f7f2,SalesGrowthRank,0.18333333333333332,0.18478260869565216,SAME
c78433dc-e873-4bc9-85c4-794f755e5637,62a63aab5e5f97d82fe87b1c3a34f7f2,NetProfitGrowthRank,0.3,0.3359073359073359,FORMULA_CHANGE
c78433dc-e873-4bc9-85c4-794f755e5637,62a63aab5e5f97d82fe87b1c3a34f7f2,OperatingMarginRank,0.23,0.27972027972027974,FORMULA_CHANGE
c78433dc-e873-4bc9-85c4-794f755e5637,62a63aab5e5f97d82fe87b1c3a34f7f2,PERank,0.8421052631578947,0.8545454545454545,FORMULA_CHANGE
18ae240b-8655-405f-9a37-307d7e6a213a,f26e919a7e723cb5fb35be3a34b11035,SalesLast12M,14675881000000.0,14675881.0,CANONICAL_UNIT_FIX
18ae240b-8655-405f-9a37-307d7e6a213a,f26e919a7e723cb5fb35be3a34b11035,SalesGrowth12M,114.90473665536342,114.90473665536342,SAME
18ae240b-8655-405f-9a37-307d7e6a213a,f26e919a7e723cb5fb35be3a34b11035,TTMNetProfit,5925358000000.0,5925358.0,CANONICAL_UNIT_FIX
18ae240b-8655-405f-9a37-307d7e6a213a,f26e919a7e723cb5fb35be3a34b11035,NetProfitMargin12M,44.658768458690275,44.658768458690275,SAME
18ae240b-8655-405f-9a37-307d7e6a213a,f26e919a7e723cb5fb35be3a34b11035,OperatingMargin12M,45.52153127285326,45.52153127285326,SAME
18ae240b-8655-405f-9a37-307d7e6a213a,f26e919a7e723cb5fb35be3a34b11035,ROE,51.22143864159098,51.22143864159098,SAME
18ae240b-8655-405f-9a37-307d7e6a213a,f26e919a7e723cb5fb35be3a34b11035,PEApprox,7.180851063829787,7.181648213538991,SAME
18ae240b-8655-405f-9a37-307d7e6a213a,f26e919a7e723cb5fb35be3a34b11035,SalesGrowthRank,0.7833333333333333,0.7771739130434783,SAME
18ae240b-8655-405f-9a37-307d7e6a213a,f26e919a7e723cb5fb35be3a34b11035,NetProfitGrowthRank,0.3,0.7065637065637066,FORMULA_CHANGE
18ae240b-8655-405f-9a37-307d7e6a213a,f26e919a7e723cb5fb35be3a34b11035,OperatingMarginRank,0.66,0.6993006993006993,FORMULA_CHANGE
18ae240b-8655-405f-9a37-307d7e6a213a,f26e919a7e723cb5fb35be3a34b11035,PERank,0.6390977443609023,0.6763636363636364,FORMULA_CHANGE
66dcc89a-9b18-4411-abb7-78a96105b91c,6def03d39ddc41e22cacb552bcb94ee0,SalesLast12M,18980392000000.0,18980392.0,CANONICAL_UNIT_FIX
66dcc89a-9b18-4411-abb7-78a96105b91c,6def03d39ddc41e22cacb552bcb94ee0,SalesGrowth12M,92.06869805309304,92.06869805309304,SAME
66dcc89a-9b18-4411-abb7-78a96105b91c,6def03d39ddc41e22cacb552bcb94ee0,TTMNetProfit,,3725400000.0,LEGACY_HEURISTIC_REMOVED
66dcc89a-9b18-4411-abb7-78a96105b91c,6def03d39ddc41e22cacb552bcb94ee0,NetProfitMargin12M,,,SAME
66dcc89a-9b18-4411-abb7-78a96105b91c,6def03d39ddc41e22cacb552bcb94ee0,OperatingMargin12M,,8.040723265916741,MISSING_CANONICAL_DATA
66dcc89a-9b18-4411-abb7-78a96105b91c,6def03d39ddc41e22cacb552bcb94ee0,ROE,,,SAME
66dcc89a-9b18-4411-abb7-78a96105b91c,6def03d39ddc41e22cacb552bcb94ee0,PEApprox,7.543758731202235,7.3924947656627475,FORMULA_CHANGE
66dcc89a-9b18-4411-abb7-78a96105b91c,6def03d39ddc41e22cacb552bcb94ee0,SalesGrowthRank,0.6166666666666667,0.6141304347826086,SAME
66dcc89a-9b18-4411-abb7-78a96105b91c,6def03d39ddc41e22cacb552bcb94ee0,NetProfitGrowthRank,0.3,0.5019305019305019,FORMULA_CHANGE
66dcc89a-9b18-4411-abb7-78a96105b91c,6def03d39ddc41e22cacb552bcb94ee0,OperatingMarginRank,0.3,0.15384615384615385,FORMULA_CHANGE
66dcc89a-9b18-4411-abb7-78a96105b91c,6def03d39ddc41e22cacb552bcb94ee0,PERank,0.5827067669172932,0.6509090909090909,FORMULA_CHANGE
f987c8a0-eef2-4fb0-b3b5-dcb976b6eb48,d36c687f0cd3a20f5e0c5c1ae507ae3f,SalesLast12M,5920191000000.0,5920191.0,CANONICAL_UNIT_FIX
f987c8a0-eef2-4fb0-b3b5-dcb976b6eb48,d36c687f0cd3a20f5e0c5c1ae507ae3f,SalesGrowth12M,,506.7783772481849,MISSING_CANONICAL_DATA
f987c8a0-eef2-4fb0-b3b5-dcb976b6eb48,d36c687f0cd3a20f5e0c5c1ae507ae3f,TTMNetProfit,,1475800000.0,LEGACY_HEURISTIC_REMOVED
f987c8a0-eef2-4fb0-b3b5-dcb976b6eb48,d36c687f0cd3a20f5e0c5c1ae507ae3f,NetProfitMargin12M,,,SAME
f987c8a0-eef2-4fb0-b3b5-dcb976b6eb48,d36c687f0cd3a20f5e0c5c1ae507ae3f,OperatingMargin12M,,31.755597074486282,MISSING_CANONICAL_DATA
f987c8a0-eef2-4fb0-b3b5-dcb976b6eb48,d36c687f0cd3a20f5e0c5c1ae507ae3f,ROE,,,SAME
f987c8a0-eef2-4fb0-b3b5-dcb976b6eb48,d36c687f0cd3a20f5e0c5c1ae507ae3f,PEApprox,8.39080459770115,8.408998509283101,FORMULA_CHANGE
f987c8a0-eef2-4fb0-b3b5-dcb976b6eb48,d36c687f0cd3a20f5e0c5c1ae507ae3f,SalesGrowthRank,0.3,0.9538043478260869,FORMULA_CHANGE
f987c8a0-eef2-4fb0-b3b5-dcb976b6eb48,d36c687f0cd3a20f5e0c5c1ae507ae3f,NetProfitGrowthRank,0.3,0.7142857142857143,FORMULA_CHANGE
f987c8a0-eef2-4fb0-b3b5-dcb976b6eb48,d36c687f0cd3a20f5e0c5c1ae507ae3f,OperatingMarginRank,0.3,0.5804195804195804,FORMULA_CHANGE
f987c8a0-eef2-4fb0-b3b5-dcb976b6eb48,d36c687f0cd3a20f5e0c5c1ae507ae3f,PERank,0.4849624060150376,0.5236363636363637,FORMULA_CHANGE
3cd5635b-d0df-4842-a1bc-7176a103896f,4f8054584021b10a15fe091d8973bf6f,SalesLast12M,5974270738000000.0,5974270738.0,CANONICAL_UNIT_FIX
3cd5635b-d0df-4842-a1bc-7176a103896f,4f8054584021b10a15fe091d8973bf6f,SalesGrowth12M,318.953281945897,318.953281945897,SAME
3cd5635b-d0df-4842-a1bc-7176a103896f,4f8054584021b10a15fe091d8973bf6f,TTMNetProfit,922911344000000.0,922911344.0,CANONICAL_UNIT_FIX
3cd5635b-d0df-4842-a1bc-7176a103896f,4f8054584021b10a15fe091d8973bf6f,NetProfitMargin12M,18.72756107507754,18.72756107507754,SAME
3cd5635b-d0df-4842-a1bc-7176a103896f,4f8054584021b10a15fe091d8973bf6f,OperatingMargin12M,22.35592682864095,22.35592682864095,SAME
3cd5635b-d0df-4842-a1bc-7176a103896f,4f8054584021b10a15fe091d8973bf6f,ROE,52.73578025534579,52.73578025534579,SAME
3cd5635b-d0df-4842-a1bc-7176a103896f,4f8054584021b10a15fe091d8973bf6f,PEApprox,4.646393210749646,4.647906265258297,SAME
3cd5635b-d0df-4842-a1bc-7176a103896f,4f8054584021b10a15fe091d8973bf6f,SalesGrowthRank,0.9583333333333334,0.9538043478260869,SAME
3cd5635b-d0df-4842-a1bc-7176a103896f,4f8054584021b10a15fe091d8973bf6f,NetProfitGrowthRank,0.3,0.7876447876447876,FORMULA_CHANGE
3cd5635b-d0df-4842-a1bc-7176a103896f,4f8054584021b10a15fe091d8973bf6f,OperatingMarginRank,0.34,0.3776223776223776,FORMULA_CHANGE
3cd5635b-d0df-4842-a1bc-7176a103896f,4f8054584021b10a15fe091d8973bf6f,PERank,0.8796992481203008,0.8909090909090909,FORMULA_CHANGE
ba05c4b9-5f3b-47a1-8b84-6618480e8dad,5d5c836b94dd5814744b8f6f549c51e8,SalesLast12M,41188708000000.0,41188708.0,CANONICAL_UNIT_FIX
ba05c4b9-5f3b-47a1-8b84-6618480e8dad,5d5c836b94dd5814744b8f6f549c51e8,SalesGrowth12M,241.5913397783526,241.5913397783526,SAME
ba05c4b9-5f3b-47a1-8b84-6618480e8dad,5d5c836b94dd5814744b8f6f549c51e8,TTMNetProfit,,6113300000.0,LEGACY_HEURISTIC_REMOVED
ba05c4b9-5f3b-47a1-8b84-6618480e8dad,5d5c836b94dd5814744b8f6f549c51e8,NetProfitMargin12M,,,SAME
ba05c4b9-5f3b-47a1-8b84-6618480e8dad,5d5c836b94dd5814744b8f6f549c51e8,OperatingMargin12M,,-2.427849885458898e-06,MISSING_CANONICAL_DATA
ba05c4b9-5f3b-47a1-8b84-6618480e8dad,5d5c836b94dd5814744b8f6f549c51e8,ROE,,,SAME
ba05c4b9-5f3b-47a1-8b84-6618480e8dad,5d5c836b94dd5814744b8f6f549c51e8,PEApprox,7.33826247689464,7.33826247689464,SAME
ba05c4b9-5f3b-47a1-8b84-6618480e8dad,5d5c836b94dd5814744b8f6f549c51e8,SalesGrowthRank,0.9583333333333334,0.9538043478260869,SAME
ba05c4b9-5f3b-47a1-8b84-6618480e8dad,5d5c836b94dd5814744b8f6f549c51e8,NetProfitGrowthRank,0.3,0.32432432432432434,FORMULA_CHANGE
ba05c4b9-5f3b-47a1-8b84-6618480e8dad,5d5c836b94dd5814744b8f6f549c51e8,OperatingMarginRank,0.3,0.04195804195804196,FORMULA_CHANGE
ba05c4b9-5f3b-47a1-8b84-6618480e8dad,5d5c836b94dd5814744b8f6f549c51e8,PERank,0.6203007518796992,0.6581818181818182,FORMULA_CHANGE
e6917a5f-8afe-4c97-b763-3196a4defc99,d4ba95c595b08e7a8441a997f29f4427,SalesLast12M,18081125000000.0,18081125.0,CANONICAL_UNIT_FIX
e6917a5f-8afe-4c97-b763-3196a4defc99,d4ba95c595b08e7a8441a997f29f4427,SalesGrowth12M,47.737095318079504,47.737095318079504,SAME
e6917a5f-8afe-4c97-b763-3196a4defc99,d4ba95c595b08e7a8441a997f29f4427,TTMNetProfit,,6121800000.0,LEGACY_HEURISTIC_REMOVED
e6917a5f-8afe-4c97-b763-3196a4defc99,d4ba95c595b08e7a8441a997f29f4427,NetProfitMargin12M,,,SAME
e6917a5f-8afe-4c97-b763-3196a4defc99,d4ba95c595b08e7a8441a997f29f4427,OperatingMargin12M,,,SAME
e6917a5f-8afe-4c97-b763-3196a4defc99,d4ba95c595b08e7a8441a997f29f4427,ROE,,,SAME
e6917a5f-8afe-4c97-b763-3196a4defc99,d4ba95c595b08e7a8441a997f29f4427,PEApprox,8.737626188375968,8.737626188375968,SAME
e6917a5f-8afe-4c97-b763-3196a4defc99,d4ba95c595b08e7a8441a997f29f4427,SalesGrowthRank,0.29444444444444445,0.29347826086956524,SAME
e6917a5f-8afe-4c97-b763-3196a4defc99,d4ba95c595b08e7a8441a997f29f4427,NetProfitGrowthRank,0.3,0.22007722007722008,FORMULA_CHANGE
e6917a5f-8afe-4c97-b763-3196a4defc99,d4ba95c595b08e7a8441a997f29f4427,OperatingMarginRank,0.3,0.3,SAME
e6917a5f-8afe-4c97-b763-3196a4defc99,d4ba95c595b08e7a8441a997f29f4427,PERank,0.4548872180451128,0.49818181818181817,FORMULA_CHANGE
cafe7161-5b50-4b8b-9784-126793f3396e,b4d2079975271890006b2f38412d761d,SalesLast12M,8513616000000.0,8513616.0,CANONICAL_UNIT_FIX
cafe7161-5b50-4b8b-9784-126793f3396e,b4d2079975271890006b2f38412d761d,SalesGrowth12M,111.50096439250228,111.50096439250228,SAME
cafe7161-5b50-4b8b-9784-126793f3396e,b4d2079975271890006b2f38412d761d,TTMNetProfit,1407585000000.0,1407585.0,CANONICAL_UNIT_FIX
cafe7161-5b50-4b8b-9784-126793f3396e,b4d2079975271890006b2f38412d761d,NetProfitMargin12M,18.394999580501718,18.394999580501718,SAME
cafe7161-5b50-4b8b-9784-126793f3396e,b4d2079975271890006b2f38412d761d,OperatingMargin12M,21.52060154746512,21.52060154746512,SAME
cafe7161-5b50-4b8b-9784-126793f3396e,b4d2079975271890006b2f38412d761d,ROE,28.295025622789677,28.295025622789677,SAME
cafe7161-5b50-4b8b-9784-126793f3396e,b4d2079975271890006b2f38412d761d,PEApprox,9.852941176470589,9.819070597147944,FORMULA_CHANGE
cafe7161-5b50-4b8b-9784-126793f3396e,b4d2079975271890006b2f38412d761d,SalesGrowthRank,0.7666666666666667,0.7608695652173914,SAME
cafe7161-5b50-4b8b-9784-126793f3396e,b4d2079975271890006b2f38412d761d,NetProfitGrowthRank,0.3,0.6718146718146718,FORMULA_CHANGE
cafe7161-5b50-4b8b-9784-126793f3396e,b4d2079975271890006b2f38412d761d,OperatingMarginRank,0.32,0.36363636363636365,FORMULA_CHANGE
cafe7161-5b50-4b8b-9784-126793f3396e,b4d2079975271890006b2f38412d761d,PERank,0.368421052631579,0.42181818181818187,FORMULA_CHANGE
3bc882ec-42f3-4aa6-9ff8-6ca689c91a1a,34f99deab827071c31069cb575b6aeeb,SalesLast12M,447439022000000.0,447439022.0,CANONICAL_UNIT_FIX
3bc882ec-42f3-4aa6-9ff8-6ca689c91a1a,34f99deab827071c31069cb575b6aeeb,SalesGrowth12M,93.62557709800116,93.62557709800116,SAME
3bc882ec-42f3-4aa6-9ff8-6ca689c91a1a,34f99deab827071c31069cb575b6aeeb,TTMNetProfit,,18336750000.0,LEGACY_HEURISTIC_REMOVED
3bc882ec-42f3-4aa6-9ff8-6ca689c91a1a,34f99deab827071c31069cb575b6aeeb,NetProfitMargin12M,,,SAME
3bc882ec-42f3-4aa6-9ff8-6ca689c91a1a,34f99deab827071c31069cb575b6aeeb,OperatingMargin12M,,5.803823029096465,MISSING_CANONICAL_DATA
3bc882ec-42f3-4aa6-9ff8-6ca689c91a1a,34f99deab827071c31069cb575b6aeeb,ROE,,,SAME
3bc882ec-42f3-4aa6-9ff8-6ca689c91a1a,34f99deab827071c31069cb575b6aeeb,PEApprox,-27.835051546391753,9.121845474252526,FORMULA_CHANGE
3bc882ec-42f3-4aa6-9ff8-6ca689c91a1a,34f99deab827071c31069cb575b6aeeb,SalesGrowthRank,0.6333333333333333,0.6304347826086957,SAME
3bc882ec-42f3-4aa6-9ff8-6ca689c91a1a,34f99deab827071c31069cb575b6aeeb,NetProfitGrowthRank,0.3,0.5328185328185329,FORMULA_CHANGE
3bc882ec-42f3-4aa6-9ff8-6ca689c91a1a,34f99deab827071c31069cb575b6aeeb,OperatingMarginRank,0.3,0.13286713286713286,FORMULA_CHANGE
3bc882ec-42f3-4aa6-9ff8-6ca689c91a1a,34f99deab827071c31069cb575b6aeeb,PERank,0.0,0.46545454545454545,FORMULA_CHANGE
5318dd74-4cfa-4d65-aba3-a9fc9f345a7d,22299b7657a300fc6056ba1b0e6532dd,SalesLast12M,,,SAME
5318dd74-4cfa-4d65-aba3-a9fc9f345a7d,22299b7657a300fc6056ba1b0e6532dd,SalesGrowth12M,,,SAME
5318dd74-4cfa-4d65-aba3-a9fc9f345a7d,22299b7657a300fc6056ba1b0e6532dd,TTMNetProfit,,3034000000.0,LEGACY_HEURISTIC_REMOVED
5318dd74-4cfa-4d65-aba3-a9fc9f345a7d,22299b7657a300fc6056ba1b0e6532dd,NetProfitMargin12M,,,SAME
5318dd74-4cfa-4d65-aba3-a9fc9f345a7d,22299b7657a300fc6056ba1b0e6532dd,OperatingMargin12M,,,SAME
5318dd74-4cfa-4d65-aba3-a9fc9f345a7d,22299b7657a300fc6056ba1b0e6532dd,ROE,,,SAME
5318dd74-4cfa-4d65-aba3-a9fc9f345a7d,22299b7657a300fc6056ba1b0e6532dd,PEApprox,2.887277521423863,2.887277521423863,SAME
5318dd74-4cfa-4d65-aba3-a9fc9f345a7d,22299b7657a300fc6056ba1b0e6532dd,SalesGrowthRank,0.3,0.3,SAME
5318dd74-4cfa-4d65-aba3-a9fc9f345a7d,22299b7657a300fc6056ba1b0e6532dd,NetProfitGrowthRank,0.3,0.2972972972972973,SAME
5318dd74-4cfa-4d65-aba3-a9fc9f345a7d,22299b7657a300fc6056ba1b0e6532dd,OperatingMarginRank,0.3,0.3,SAME
5318dd74-4cfa-4d65-aba3-a9fc9f345a7d,22299b7657a300fc6056ba1b0e6532dd,PERank,0.9661654135338346,0.9709090909090909,SAME
3a998068-900b-46c8-af81-e6be406ed372,adf177e179510f1d911eeb2ff2905d2c,SalesLast12M,12182721000000.0,12182721.0,CANONICAL_UNIT_FIX
3a998068-900b-46c8-af81-e6be406ed372,adf177e179510f1d911eeb2ff2905d2c,SalesGrowth12M,-4.17830087082313,-4.17830087082313,SAME
3a998068-900b-46c8-af81-e6be406ed372,adf177e179510f1d911eeb2ff2905d2c,TTMNetProfit,-607987000000.0,-607987.0,CANONICAL_UNIT_FIX
3a998068-900b-46c8-af81-e6be406ed372,adf177e179510f1d911eeb2ff2905d2c,NetProfitMargin12M,-6.065195260068265,-6.065195260068265,SAME
3a998068-900b-46c8-af81-e6be406ed372,adf177e179510f1d911eeb2ff2905d2c,OperatingMargin12M,-6.83004470683182,-6.83004470683182,SAME
3a998068-900b-46c8-af81-e6be406ed372,adf177e179510f1d911eeb2ff2905d2c,ROE,-5.40107288210787,-5.40107288210787,SAME
3a998068-900b-46c8-af81-e6be406ed372,adf177e179510f1d911eeb2ff2905d2c,PEApprox,-47.63636363636363,-47.90375536453988,FORMULA_CHANGE
3a998068-900b-46c8-af81-e6be406ed372,adf177e179510f1d911eeb2ff2905d2c,SalesGrowthRank,0.016666666666666666,0.021739130434782608,SAME
3a998068-900b-46c8-af81-e6be406ed372,adf177e179510f1d911eeb2ff2905d2c,NetProfitGrowthRank,0.3,0.3,SAME
3a998068-900b-46c8-af81-e6be406ed372,adf177e179510f1d911eeb2ff2905d2c,OperatingMarginRank,0.02,0.013986013986013986,SAME
3a998068-900b-46c8-af81-e6be406ed372,adf177e179510f1d911eeb2ff2905d2c,PERank,0.0,0.0,SAME
305e9275-40bf-4650-8686-09d772a9831b,04234a593ca4912aa015a1dea99da781,SalesLast12M,47850992000000.0,47850992.0,CANONICAL_UNIT_FIX
305e9275-40bf-4650-8686-09d772a9831b,04234a593ca4912aa015a1dea99da781,SalesGrowth12M,114.7064064057192,114.7064064057192,SAME
305e9275-40bf-4650-8686-09d772a9831b,04234a593ca4912aa015a1dea99da781,TTMNetProfit,11048382000000.0,11048382.0,CANONICAL_UNIT_FIX
305e9275-40bf-4650-8686-09d772a9831b,04234a593ca4912aa015a1dea99da781,NetProfitMargin12M,27.133574277101776,27.133574277101776,SAME
305e9275-40bf-4650-8686-09d772a9831b,04234a593ca4912aa015a1dea99da781,OperatingMargin12M,21.948298624327702,21.948298624327702,SAME
305e9275-40bf-4650-8686-09d772a9831b,04234a593ca4912aa015a1dea99da781,ROE,36.40887266203093,36.40887266203093,SAME
305e9275-40bf-4650-8686-09d772a9831b,04234a593ca4912aa015a1dea99da781,PEApprox,8.910891089108912,8.911630315110896,SAME
305e9275-40bf-4650-8686-09d772a9831b,04234a593ca4912aa015a1dea99da781,SalesGrowthRank,0.7777777777777778,0.7717391304347826,SAME
305e9275-40bf-4650-8686-09d772a9831b,04234a593ca4912aa015a1dea99da781,NetProfitGrowthRank,0.3,0.23166023166023167,FORMULA_CHANGE
305e9275-40bf-4650-8686-09d772a9831b,04234a593ca4912aa015a1dea99da781,OperatingMarginRank,0.33,0.3706293706293706,FORMULA_CHANGE
305e9275-40bf-4650-8686-09d772a9831b,04234a593ca4912aa015a1dea99da781,PERank,0.443609022556391,0.48,FORMULA_CHANGE
ef6075bf-d582-4f10-bf66-3d419f9d871c,876ac8a92de3ccb30dc55ce3d7ac189a,SalesLast12M,20717358000000.0,20717358.0,CANONICAL_UNIT_FIX
ef6075bf-d582-4f10-bf66-3d419f9d871c,876ac8a92de3ccb30dc55ce3d7ac189a,SalesGrowth12M,99.28734146603766,99.28734146603766,SAME
ef6075bf-d582-4f10-bf66-3d419f9d871c,876ac8a92de3ccb30dc55ce3d7ac189a,TTMNetProfit,6954490000000.0,6954490.0,CANONICAL_UNIT_FIX
ef6075bf-d582-4f10-bf66-3d419f9d871c,876ac8a92de3ccb30dc55ce3d7ac189a,NetProfitMargin12M,34.175096650624404,34.175096650624404,SAME
ef6075bf-d582-4f10-bf66-3d419f9d871c,876ac8a92de3ccb30dc55ce3d7ac189a,OperatingMargin12M,25.103437003921066,25.103437003921066,SAME
ef6075bf-d582-4f10-bf66-3d419f9d871c,876ac8a92de3ccb30dc55ce3d7ac189a,ROE,39.91628158453144,39.91628158453144,SAME
ef6075bf-d582-4f10-bf66-3d419f9d871c,876ac8a92de3ccb30dc55ce3d7ac189a,PEApprox,7.298429319371728,7.304671192321876,SAME
ef6075bf-d582-4f10-bf66-3d419f9d871c,876ac8a92de3ccb30dc55ce3d7ac189a,SalesGrowthRank,0.6944444444444444,0.6902173913043478,SAME
ef6075bf-d582-4f10-bf66-3d419f9d871c,876ac8a92de3ccb30dc55ce3d7ac189a,NetProfitGrowthRank,0.3,0.6061776061776062,FORMULA_CHANGE
ef6075bf-d582-4f10-bf66-3d419f9d871c,876ac8a92de3ccb30dc55ce3d7ac189a,OperatingMarginRank,0.4,0.46153846153846156,FORMULA_CHANGE
ef6075bf-d582-4f10-bf66-3d419f9d871c,876ac8a92de3ccb30dc55ce3d7ac189a,PERank,0.631578947368421,0.6690909090909091,FORMULA_CHANGE
258ec04e-d9dd-4f83-ad40-64f2c78e8eb2,18aeb706c9868c500cbb5e6128c038ae,SalesLast12M,,,SAME
258ec04e-d9dd-4f83-ad40-64f2c78e8eb2,18aeb706c9868c500cbb5e6128c038ae,SalesGrowth12M,,,SAME
258ec04e-d9dd-4f83-ad40-64f2c78e8eb2,18aeb706c9868c500cbb5e6128c038ae,TTMNetProfit,,7575000000.0,LEGACY_HEURISTIC_REMOVED
258ec04e-d9dd-4f83-ad40-64f2c78e8eb2,18aeb706c9868c500cbb5e6128c038ae,NetProfitMargin12M,,,SAME
258ec04e-d9dd-4f83-ad40-64f2c78e8eb2,18aeb706c9868c500cbb5e6128c038ae,OperatingMargin12M,,,SAME
258ec04e-d9dd-4f83-ad40-64f2c78e8eb2,18aeb706c9868c500cbb5e6128c038ae,ROE,,,SAME
258ec04e-d9dd-4f83-ad40-64f2c78e8eb2,18aeb706c9868c500cbb5e6128c038ae,PEApprox,3.740594059405941,3.740594059405941,SAME
258ec04e-d9dd-4f83-ad40-64f2c78e8eb2,18aeb706c9868c500cbb5e6128c038ae,SalesGrowthRank,0.3,0.3,SAME
258ec04e-d9dd-4f83-ad40-64f2c78e8eb2,18aeb706c9868c500cbb5e6128c038ae,NetProfitGrowthRank,0.3,0.918918918918919,FORMULA_CHANGE
258ec04e-d9dd-4f83-ad40-64f2c78e8eb2,18aeb706c9868c500cbb5e6128c038ae,OperatingMarginRank,0.3,0.3,SAME
258ec04e-d9dd-4f83-ad40-64f2c78e8eb2,18aeb706c9868c500cbb5e6128c038ae,PERank,0.9511278195488722,0.9563636363636363,SAME
9ffc6a6a-3337-48f3-84a7-5d56050b298f,ebcee98ad7dedd38d7be45b541349ffa,SalesLast12M,,,SAME
9ffc6a6a-3337-48f3-84a7-5d56050b298f,ebcee98ad7dedd38d7be45b541349ffa,SalesGrowth12M,,,SAME
9ffc6a6a-3337-48f3-84a7-5d56050b298f,ebcee98ad7dedd38d7be45b541349ffa,TTMNetProfit,,17360500000.0,LEGACY_HEURISTIC_REMOVED
9ffc6a6a-3337-48f3-84a7-5d56050b298f,ebcee98ad7dedd38d7be45b541349ffa,NetProfitMargin12M,,,SAME
9ffc6a6a-3337-48f3-84a7-5d56050b298f,ebcee98ad7dedd38d7be45b541349ffa,OperatingMargin12M,,,SAME
9ffc6a6a-3337-48f3-84a7-5d56050b298f,ebcee98ad7dedd38d7be45b541349ffa,ROE,,,SAME
9ffc6a6a-3337-48f3-84a7-5d56050b298f,ebcee98ad7dedd38d7be45b541349ffa,PEApprox,5.229528535980148,4.855850925952594,FORMULA_CHANGE
9ffc6a6a-3337-48f3-84a7-5d56050b298f,ebcee98ad7dedd38d7be45b541349ffa,SalesGrowthRank,0.3,0.3,SAME
9ffc6a6a-3337-48f3-84a7-5d56050b298f,ebcee98ad7dedd38d7be45b541349ffa,NetProfitGrowthRank,0.3,0.3436293436293436,FORMULA_CHANGE
9ffc6a6a-3337-48f3-84a7-5d56050b298f,ebcee98ad7dedd38d7be45b541349ffa,OperatingMarginRank,0.3,0.3,SAME
9ffc6a6a-3337-48f3-84a7-5d56050b298f,ebcee98ad7dedd38d7be45b541349ffa,PERank,0.849624060150376,0.8836363636363637,FORMULA_CHANGE
a36c3397-24e6-44bc-ae13-d4904769bc05,a0a860bea50008bf8d2189168b782225,SalesLast12M,610508732000000.0,610508732.0,CANONICAL_UNIT_FIX
a36c3397-24e6-44bc-ae13-d4904769bc05,a0a860bea50008bf8d2189168b782225,SalesGrowth12M,5.386084563667777,5.386084563667777,SAME
a36c3397-24e6-44bc-ae13-d4904769bc05,a0a860bea50008bf8d2189168b782225,TTMNetProfit,,167692910640.0,LEGACY_HEURISTIC_REMOVED
a36c3397-24e6-44bc-ae13-d4904769bc05,a0a860bea50008bf8d2189168b782225,NetProfitMargin12M,,,SAME
a36c3397-24e6-44bc-ae13-d4904769bc05,a0a860bea50008bf8d2189168b782225,OperatingMargin12M,,,SAME
a36c3397-24e6-44bc-ae13-d4904769bc05,a0a860bea50008bf8d2189168b782225,ROE,,,SAME
a36c3397-24e6-44bc-ae13-d4904769bc05,a0a860bea50008bf8d2189168b782225,PEApprox,9.38909389093891,9.389478863422035,SAME
a36c3397-24e6-44bc-ae13-d4904769bc05,a0a860bea50008bf8d2189168b782225,SalesGrowthRank,0.03888888888888889,0.043478260869565216,SAME
a36c3397-24e6-44bc-ae13-d4904769bc05,a0a860bea50008bf8d2189168b782225,NetProfitGrowthRank,0.3,0.24324324324324326,FORMULA_CHANGE
a36c3397-24e6-44bc-ae13-d4904769bc05,a0a860bea50008bf8d2189168b782225,OperatingMarginRank,0.3,0.3,SAME
a36c3397-24e6-44bc-ae13-d4904769bc05,a0a860bea50008bf8d2189168b782225,PERank,0.4022556390977443,0.4436363636363636,FORMULA_CHANGE
9ff6a23c-5ade-4c8a-a72e-ab0449b274c1,c629b0270c5a5e7f60f68d0cb34f55df,SalesLast12M,28154588000000.0,28154588.0,CANONICAL_UNIT_FIX
9ff6a23c-5ade-4c8a-a72e-ab0449b274c1,c629b0270c5a5e7f60f68d0cb34f55df,SalesGrowth12M,119.9074492815158,119.9074492815158,SAME
9ff6a23c-5ade-4c8a-a72e-ab0449b274c1,c629b0270c5a5e7f60f68d0cb34f55df,TTMNetProfit,8614717000000.0,8614717.0,CANONICAL_UNIT_FIX
9ff6a23c-5ade-4c8a-a72e-ab0449b274c1,c629b0270c5a5e7f60f68d0cb34f55df,NetProfitMargin12M,34.679218366330936,34.679218366330936,SAME
9ff6a23c-5ade-4c8a-a72e-ab0449b274c1,c629b0270c5a5e7f60f68d0cb34f55df,OperatingMargin12M,39.47408878115189,39.47408878115189,SAME
9ff6a23c-5ade-4c8a-a72e-ab0449b274c1,c629b0270c5a5e7f60f68d0cb34f55df,ROE,47.754420796622014,47.754420796622014,SAME
9ff6a23c-5ade-4c8a-a72e-ab0449b274c1,c629b0270c5a5e7f60f68d0cb34f55df,PEApprox,6.991869918699187,6.990234810882376,SAME
9ff6a23c-5ade-4c8a-a72e-ab0449b274c1,c629b0270c5a5e7f60f68d0cb34f55df,SalesGrowthRank,0.8166666666666667,0.8097826086956522,SAME
9ff6a23c-5ade-4c8a-a72e-ab0449b274c1,c629b0270c5a5e7f60f68d0cb34f55df,NetProfitGrowthRank,0.1111111111111111,0.5907335907335908,FORMULA_CHANGE
9ff6a23c-5ade-4c8a-a72e-ab0449b274c1,c629b0270c5a5e7f60f68d0cb34f55df,OperatingMarginRank,0.62,0.6573426573426573,FORMULA_CHANGE
9ff6a23c-5ade-4c8a-a72e-ab0449b274c1,c629b0270c5a5e7f60f68d0cb34f55df,PERank,0.6804511278195489,0.7127272727272727,FORMULA_CHANGE
371b9a73-1d12-48fa-b3d2-2fb27de25d73,9f5edea13cb3cb346e5895e3fb55faf7,SalesLast12M,,,SAME
371b9a73-1d12-48fa-b3d2-2fb27de25d73,9f5edea13cb3cb346e5895e3fb55faf7,SalesGrowth12M,,,SAME
371b9a73-1d12-48fa-b3d2-2fb27de25d73,9f5edea13cb3cb346e5895e3fb55faf7,TTMNetProfit,,96330000.0,LEGACY_HEURISTIC_REMOVED
371b9a73-1d12-48fa-b3d2-2fb27de25d73,9f5edea13cb3cb346e5895e3fb55faf7,NetProfitMargin12M,,,SAME
371b9a73-1d12-48fa-b3d2-2fb27de25d73,9f5edea13cb3cb346e5895e3fb55faf7,OperatingMargin12M,,,SAME
371b9a73-1d12-48fa-b3d2-2fb27de25d73,9f5edea13cb3cb346e5895e3fb55faf7,ROE,,,SAME
371b9a73-1d12-48fa-b3d2-2fb27de25d73,9f5edea13cb3cb346e5895e3fb55faf7,PEApprox,9.636963696369637,153.68421052631578,FORMULA_CHANGE
371b9a73-1d12-48fa-b3d2-2fb27de25d73,9f5edea13cb3cb346e5895e3fb55faf7,SalesGrowthRank,0.3,0.3,SAME
371b9a73-1d12-48fa-b3d2-2fb27de25d73,9f5edea13cb3cb346e5895e3fb55faf7,NetProfitGrowthRank,0.3,0.023166023166023165,FORMULA_CHANGE
371b9a73-1d12-48fa-b3d2-2fb27de25d73,9f5edea13cb3cb346e5895e3fb55faf7,OperatingMarginRank,0.3,0.3,SAME
371b9a73-1d12-48fa-b3d2-2fb27de25d73,9f5edea13cb3cb346e5895e3fb55faf7,PERank,0.3834586466165414,0.0,FORMULA_CHANGE
baa1693d-7de4-4140-9319-aa6fc0186ab1,ad2a49a7dc0223ba81462651415c6507,SalesLast12M,,,SAME
baa1693d-7de4-4140-9319-aa6fc0186ab1,ad2a49a7dc0223ba81462651415c6507,SalesGrowth12M,,,SAME
baa1693d-7de4-4140-9319-aa6fc0186ab1,ad2a49a7dc0223ba81462651415c6507,TTMNetProfit,,10020384000.0,LEGACY_HEURISTIC_REMOVED
baa1693d-7de4-4140-9319-aa6fc0186ab1,ad2a49a7dc0223ba81462651415c6507,NetProfitMargin12M,,,SAME
baa1693d-7de4-4140-9319-aa6fc0186ab1,ad2a49a7dc0223ba81462651415c6507,OperatingMargin12M,,,SAME
baa1693d-7de4-4140-9319-aa6fc0186ab1,ad2a49a7dc0223ba81462651415c6507,ROE,,,SAME
baa1693d-7de4-4140-9319-aa6fc0186ab1,ad2a49a7dc0223ba81462651415c6507,PEApprox,4.679362611737272,7.613025608599431,FORMULA_CHANGE
baa1693d-7de4-4140-9319-aa6fc0186ab1,ad2a49a7dc0223ba81462651415c6507,SalesGrowthRank,0.3,0.3,SAME
baa1693d-7de4-4140-9319-aa6fc0186ab1,ad2a49a7dc0223ba81462651415c6507,NetProfitGrowthRank,0.3,0.6988416988416989,FORMULA_CHANGE
baa1693d-7de4-4140-9319-aa6fc0186ab1,ad2a49a7dc0223ba81462651415c6507,OperatingMarginRank,0.3,0.3,SAME
baa1693d-7de4-4140-9319-aa6fc0186ab1,ad2a49a7dc0223ba81462651415c6507,PERank,0.8759398496240601,0.6181818181818182,FORMULA_CHANGE
5c4cd3bd-352a-4c1b-a287-fba07aeda438,c5e041913a67a3bdb2f7bfe5bba20bd8,SalesLast12M,,,SAME
5c4cd3bd-352a-4c1b-a287-fba07aeda438,c5e041913a67a3bdb2f7bfe5bba20bd8,SalesGrowth12M,,,SAME
5c4cd3bd-352a-4c1b-a287-fba07aeda438,c5e041913a67a3bdb2f7bfe5bba20bd8,TTMNetProfit,,19502814000.0,LEGACY_HEURISTIC_REMOVED
5c4cd3bd-352a-4c1b-a287-fba07aeda438,c5e041913a67a3bdb2f7bfe5bba20bd8,NetProfitMargin12M,,,SAME
5c4cd3bd-352a-4c1b-a287-fba07aeda438,c5e041913a67a3bdb2f7bfe5bba20bd8,OperatingMargin12M,,,SAME
5c4cd3bd-352a-4c1b-a287-fba07aeda438,c5e041913a67a3bdb2f7bfe5bba20bd8,ROE,,,SAME
5c4cd3bd-352a-4c1b-a287-fba07aeda438,c5e041913a67a3bdb2f7bfe5bba20bd8,PEApprox,14.294923448831588,8.373891070283499,FORMULA_CHANGE
5c4cd3bd-352a-4c1b-a287-fba07aeda438,c5e041913a67a3bdb2f7bfe5bba20bd8,SalesGrowthRank,0.3,0.3,SAME
5c4cd3bd-352a-4c1b-a287-fba07aeda438,c5e041913a67a3bdb2f7bfe5bba20bd8,NetProfitGrowthRank,0.3,0.44015444015444016,FORMULA_CHANGE
5c4cd3bd-352a-4c1b-a287-fba07aeda438,c5e041913a67a3bdb2f7bfe5bba20bd8,OperatingMarginRank,0.3,0.3,SAME
5c4cd3bd-352a-4c1b-a287-fba07aeda438,c5e041913a67a3bdb2f7bfe5bba20bd8,PERank,0.25187969924812026,0.5272727272727273,FORMULA_CHANGE
f2c66074-5126-4941-a208-a62caa285c36,e4f51cddab83abe24e70280c9f7240b3,SalesLast12M,25207063000000.0,25207063.0,CANONICAL_UNIT_FIX
f2c66074-5126-4941-a208-a62caa285c36,e4f51cddab83abe24e70280c9f7240b3,SalesGrowth12M,149.45297031074713,149.45297031074713,SAME
f2c66074-5126-4941-a208-a62caa285c36,e4f51cddab83abe24e70280c9f7240b3,TTMNetProfit,,,SAME
f2c66074-5126-4941-a208-a62caa285c36,e4f51cddab83abe24e70280c9f7240b3,NetProfitMargin12M,,,SAME
f2c66074-5126-4941-a208-a62caa285c36,e4f51cddab83abe24e70280c9f7240b3,OperatingMargin12M,,,SAME
f2c66074-5126-4941-a208-a62caa285c36,e4f51cddab83abe24e70280c9f7240b3,ROE,,,SAME
f2c66074-5126-4941-a208-a62caa285c36,e4f51cddab83abe24e70280c9f7240b3,PEApprox,9.113509977101733,,FORMULA_CHANGE
f2c66074-5126-4941-a208-a62caa285c36,e4f51cddab83abe24e70280c9f7240b3,SalesGrowthRank,0.9055555555555556,0.8967391304347826,SAME
f2c66074-5126-4941-a208-a62caa285c36,e4f51cddab83abe24e70280c9f7240b3,NetProfitGrowthRank,0.3,0.7953667953667953,FORMULA_CHANGE
f2c66074-5126-4941-a208-a62caa285c36,e4f51cddab83abe24e70280c9f7240b3,OperatingMarginRank,0.3,0.3,SAME
f2c66074-5126-4941-a208-a62caa285c36,e4f51cddab83abe24e70280c9f7240b3,PERank,0.42105263157894735,0.0,FORMULA_CHANGE
c7640838-60d8-4b64-ba66-65e3a7112d6b,39232c8d2f1231a8f681e77185a0a39e,SalesLast12M,27285883000000.0,27285883.0,CANONICAL_UNIT_FIX
c7640838-60d8-4b64-ba66-65e3a7112d6b,39232c8d2f1231a8f681e77185a0a39e,SalesGrowth12M,132.8194094027328,132.8194094027328,SAME
c7640838-60d8-4b64-ba66-65e3a7112d6b,39232c8d2f1231a8f681e77185a0a39e,TTMNetProfit,,10773000000.0,LEGACY_HEURISTIC_REMOVED
c7640838-60d8-4b64-ba66-65e3a7112d6b,39232c8d2f1231a8f681e77185a0a39e,NetProfitMargin12M,,,SAME
c7640838-60d8-4b64-ba66-65e3a7112d6b,39232c8d2f1231a8f681e77185a0a39e,OperatingMargin12M,,,SAME
c7640838-60d8-4b64-ba66-65e3a7112d6b,39232c8d2f1231a8f681e77185a0a39e,ROE,,,SAME
c7640838-60d8-4b64-ba66-65e3a7112d6b,39232c8d2f1231a8f681e77185a0a39e,PEApprox,7.047430830039525,7.075396825396825,FORMULA_CHANGE
c7640838-60d8-4b64-ba66-65e3a7112d6b,39232c8d2f1231a8f681e77185a0a39e,SalesGrowthRank,0.8833333333333333,0.875,SAME
c7640838-60d8-4b64-ba66-65e3a7112d6b,39232c8d2f1231a8f681e77185a0a39e,NetProfitGrowthRank,0.3,0.4015444015444015,FORMULA_CHANGE
c7640838-60d8-4b64-ba66-65e3a7112d6b,39232c8d2f1231a8f681e77185a0a39e,OperatingMarginRank,0.3,0.3,SAME
c7640838-60d8-4b64-ba66-65e3a7112d6b,39232c8d2f1231a8f681e77185a0a39e,PERank,0.6691729323308271,0.6909090909090909,FORMULA_CHANGE
4ab8bf44-7984-449a-894d-c8eeccfb2d1a,4a1adc39de6b1615bf5bf9b656a3030f,SalesLast12M,62750005000000.0,62750005.0,CANONICAL_UNIT_FIX
4ab8bf44-7984-449a-894d-c8eeccfb2d1a,4a1adc39de6b1615bf5bf9b656a3030f,SalesGrowth12M,7.852496434465503,7.852496434465503,SAME
4ab8bf44-7984-449a-894d-c8eeccfb2d1a,4a1adc39de6b1615bf5bf9b656a3030f,TTMNetProfit,,5545590000.0,LEGACY_HEURISTIC_REMOVED
4ab8bf44-7984-449a-894d-c8eeccfb2d1a,4a1adc39de6b1615bf5bf9b656a3030f,NetProfitMargin12M,,,SAME
4ab8bf44-7984-449a-894d-c8eeccfb2d1a,4a1adc39de6b1615bf5bf9b656a3030f,OperatingMargin12M,,,SAME
4ab8bf44-7984-449a-894d-c8eeccfb2d1a,4a1adc39de6b1615bf5bf9b656a3030f,ROE,,,SAME
4ab8bf44-7984-449a-894d-c8eeccfb2d1a,4a1adc39de6b1615bf5bf9b656a3030f,PEApprox,6.232294617563739,7.747777964112024,FORMULA_CHANGE
4ab8bf44-7984-449a-894d-c8eeccfb2d1a,4a1adc39de6b1615bf5bf9b656a3030f,SalesGrowthRank,0.06111111111111111,0.06521739130434782,SAME
4ab8bf44-7984-449a-894d-c8eeccfb2d1a,4a1adc39de6b1615bf5bf9b656a3030f,NetProfitGrowthRank,0.3,0.06563706563706563,FORMULA_CHANGE
4ab8bf44-7984-449a-894d-c8eeccfb2d1a,4a1adc39de6b1615bf5bf9b656a3030f,OperatingMarginRank,0.3,0.3,SAME
4ab8bf44-7984-449a-894d-c8eeccfb2d1a,4a1adc39de6b1615bf5bf9b656a3030f,PERank,0.7669172932330828,0.6072727272727273,FORMULA_CHANGE
81c70aac-e3a6-4d67-9fe9-fd2c608c1c06,801acf9315859c07fc1aca9cb877c22b,SalesLast12M,,,SAME
81c70aac-e3a6-4d67-9fe9-fd2c608c1c06,801acf9315859c07fc1aca9cb877c22b,SalesGrowth12M,,,SAME
81c70aac-e3a6-4d67-9fe9-fd2c608c1c06,801acf9315859c07fc1aca9cb877c22b,TTMNetProfit,,683008070.0,LEGACY_HEURISTIC_REMOVED
81c70aac-e3a6-4d67-9fe9-fd2c608c1c06,801acf9315859c07fc1aca9cb877c22b,NetProfitMargin12M,,,SAME
81c70aac-e3a6-4d67-9fe9-fd2c608c1c06,801acf9315859c07fc1aca9cb877c22b,OperatingMargin12M,,,SAME
81c70aac-e3a6-4d67-9fe9-fd2c608c1c06,801acf9315859c07fc1aca9cb877c22b,ROE,,,SAME
81c70aac-e3a6-4d67-9fe9-fd2c608c1c06,801acf9315859c07fc1aca9cb877c22b,PEApprox,29.013209013209014,54.6699250566688,FORMULA_CHANGE
81c70aac-e3a6-4d67-9fe9-fd2c608c1c06,801acf9315859c07fc1aca9cb877c22b,SalesGrowthRank,0.3,0.3,SAME
81c70aac-e3a6-4d67-9fe9-fd2c608c1c06,801acf9315859c07fc1aca9cb877c22b,NetProfitGrowthRank,0.3,0.528957528957529,FORMULA_CHANGE
81c70aac-e3a6-4d67-9fe9-fd2c608c1c06,801acf9315859c07fc1aca9cb877c22b,OperatingMarginRank,0.3,0.3,SAME
81c70aac-e3a6-4d67-9fe9-fd2c608c1c06,801acf9315859c07fc1aca9cb877c22b,PERank,0.15413533834586468,0.16000000000000003,SAME
79c598a6-429c-4e12-94e6-c5b9b51e9cee,dec2e66cbc6ff178a8ee0240a9fc017e,SalesLast12M,22072650000000.0,22072650.0,CANONICAL_UNIT_FIX
79c598a6-429c-4e12-94e6-c5b9b51e9cee,dec2e66cbc6ff178a8ee0240a9fc017e,SalesGrowth12M,78.10035326930237,78.10035326930237,SAME
79c598a6-429c-4e12-94e6-c5b9b51e9cee,dec2e66cbc6ff178a8ee0240a9fc017e,TTMNetProfit,9190016000000.0,9190016.0,CANONICAL_UNIT_FIX
79c598a6-429c-4e12-94e6-c5b9b51e9cee,dec2e66cbc6ff178a8ee0240a9fc017e,NetProfitMargin12M,43.44289701125207,43.44289701125207,SAME
79c598a6-429c-4e12-94e6-c5b9b51e9cee,dec2e66cbc6ff178a8ee0240a9fc017e,OperatingMargin12M,46.55634333027185,46.55634333027185,SAME
79c598a6-429c-4e12-94e6-c5b9b51e9cee,dec2e66cbc6ff178a8ee0240a9fc017e,ROE,51.987185492217655,51.987185492217655,SAME
79c598a6-429c-4e12-94e6-c5b9b51e9cee,dec2e66cbc6ff178a8ee0240a9fc017e,PEApprox,9.47565543071161,18.161178097150938,FORMULA_CHANGE
79c598a6-429c-4e12-94e6-c5b9b51e9cee,dec2e66cbc6ff178a8ee0240a9fc017e,SalesGrowthRank,0.5055555555555555,0.5054347826086957,SAME
79c598a6-429c-4e12-94e6-c5b9b51e9cee,dec2e66cbc6ff178a8ee0240a9fc017e,NetProfitGrowthRank,0.3,0.4594594594594595,FORMULA_CHANGE
79c598a6-429c-4e12-94e6-c5b9b51e9cee,dec2e66cbc6ff178a8ee0240a9fc017e,OperatingMarginRank,0.7,0.7342657342657343,FORMULA_CHANGE
79c598a6-429c-4e12-94e6-c5b9b51e9cee,dec2e66cbc6ff178a8ee0240a9fc017e,PERank,0.3984962406015038,0.26909090909090905,FORMULA_CHANGE
d57bcf6f-8134-48ce-9446-904028e79cd0,7d537ec96a4dfdbd270698d08661b4b4,SalesLast12M,70981774000000.0,70981774.0,CANONICAL_UNIT_FIX
d57bcf6f-8134-48ce-9446-904028e79cd0,7d537ec96a4dfdbd270698d08661b4b4,SalesGrowth12M,121.57838595261856,121.57838595261856,SAME
d57bcf6f-8134-48ce-9446-904028e79cd0,7d537ec96a4dfdbd270698d08661b4b4,TTMNetProfit,18284961000000.0,18284961.0,CANONICAL_UNIT_FIX
d57bcf6f-8134-48ce-9446-904028e79cd0,7d537ec96a4dfdbd270698d08661b4b4,NetProfitMargin12M,27.56415183732988,27.56415183732988,SAME
d57bcf6f-8134-48ce-9446-904028e79cd0,7d537ec96a4dfdbd270698d08661b4b4,OperatingMargin12M,33.39747746996997,33.39747746996997,SAME
d57bcf6f-8134-48ce-9446-904028e79cd0,7d537ec96a4dfdbd270698d08661b4b4,ROE,54.81311102435056,54.81311102435056,SAME
d57bcf6f-8134-48ce-9446-904028e79cd0,7d537ec96a4dfdbd270698d08661b4b4,PEApprox,7.571964956195244,7.571872989450654,SAME
d57bcf6f-8134-48ce-9446-904028e79cd0,7d537ec96a4dfdbd270698d08661b4b4,SalesGrowthRank,0.8333333333333334,0.8260869565217391,SAME
d57bcf6f-8134-48ce-9446-904028e79cd0,7d537ec96a4dfdbd270698d08661b4b4,NetProfitGrowthRank,0.3,0.5405405405405406,FORMULA_CHANGE
d57bcf6f-8134-48ce-9446-904028e79cd0,7d537ec96a4dfdbd270698d08661b4b4,OperatingMarginRank,0.54,0.5944055944055944,FORMULA_CHANGE
d57bcf6f-8134-48ce-9446-904028e79cd0,7d537ec96a4dfdbd270698d08661b4b4,PERank,0.575187969924812,0.6254545454545455,FORMULA_CHANGE
9d9afe25-0b61-4225-8623-56756a8a5cb1,cb507b89faf6ddf31e16ba5ea8f669d0,SalesLast12M,311995678000000.0,311995678.0,CANONICAL_UNIT_FIX
9d9afe25-0b61-4225-8623-56756a8a5cb1,cb507b89faf6ddf31e16ba5ea8f669d0,SalesGrowth12M,3.421097980125491,3.421097980125491,SAME
9d9afe25-0b61-4225-8623-56756a8a5cb1,cb507b89faf6ddf31e16ba5ea8f669d0,TTMNetProfit,39303694000000.0,39303694.0,CANONICAL_UNIT_FIX
9d9afe25-0b61-4225-8623-56756a8a5cb1,cb507b89faf6ddf31e16ba5ea8f669d0,NetProfitMargin12M,12.498033692365127,12.498033692365127,SAME
9d9afe25-0b61-4225-8623-56756a8a5cb1,cb507b89faf6ddf31e16ba5ea8f669d0,OperatingMargin12M,16.4414792553046,16.4414792553046,SAME
9d9afe25-0b61-4225-8623-56756a8a5cb1,cb507b89faf6ddf31e16ba5ea8f669d0,ROE,35.55645020323984,35.55645020323984,SAME
9d9afe25-0b61-4225-8623-56756a8a5cb1,cb507b89faf6ddf31e16ba5ea8f669d0,PEApprox,16.671755725190838,16.681098708124505,SAME
9d9afe25-0b61-4225-8623-56756a8a5cb1,cb507b89faf6ddf31e16ba5ea8f669d0,SalesGrowthRank,0.03333333333333333,0.03804347826086957,SAME
9d9afe25-0b61-4225-8623-56756a8a5cb1,cb507b89faf6ddf31e16ba5ea8f669d0,NetProfitGrowthRank,0.3,0.3,SAME
9d9afe25-0b61-4225-8623-56756a8a5cb1,cb507b89faf6ddf31e16ba5ea8f669d0,OperatingMarginRank,0.2,0.2517482517482518,FORMULA_CHANGE
9d9afe25-0b61-4225-8623-56756a8a5cb1,cb507b89faf6ddf31e16ba5ea8f669d0,PERank,0.22556390977443608,0.2981818181818182,FORMULA_CHANGE
c0958ef2-91b2-4b78-86ba-4b9a8e59a9c0,bb3afe19f992a47dab8ed0efba9f15db,SalesLast12M,,,SAME
c0958ef2-91b2-4b78-86ba-4b9a8e59a9c0,bb3afe19f992a47dab8ed0efba9f15db,SalesGrowth12M,,,SAME
c0958ef2-91b2-4b78-86ba-4b9a8e59a9c0,bb3afe19f992a47dab8ed0efba9f15db,TTMNetProfit,,10599480000.0,LEGACY_HEURISTIC_REMOVED
c0958ef2-91b2-4b78-86ba-4b9a8e59a9c0,bb3afe19f992a47dab8ed0efba9f15db,NetProfitMargin12M,,,SAME
c0958ef2-91b2-4b78-86ba-4b9a8e59a9c0,bb3afe19f992a47dab8ed0efba9f15db,OperatingMargin12M,,,SAME
c0958ef2-91b2-4b78-86ba-4b9a8e59a9c0,bb3afe19f992a47dab8ed0efba9f15db,ROE,,,SAME
c0958ef2-91b2-4b78-86ba-4b9a8e59a9c0,bb3afe19f992a47dab8ed0efba9f15db,PEApprox,11.497919556171983,15.642276790936913,FORMULA_CHANGE
c0958ef2-91b2-4b78-86ba-4b9a8e59a9c0,bb3afe19f992a47dab8ed0efba9f15db,SalesGrowthRank,0.3,0.3,SAME
c0958ef2-91b2-4b78-86ba-4b9a8e59a9c0,bb3afe19f992a47dab8ed0efba9f15db,NetProfitGrowthRank,0.3,0.918918918918919,FORMULA_CHANGE
c0958ef2-91b2-4b78-86ba-4b9a8e59a9c0,bb3afe19f992a47dab8ed0efba9f15db,OperatingMarginRank,0.3,0.3,SAME
c0958ef2-91b2-4b78-86ba-4b9a8e59a9c0,bb3afe19f992a47dab8ed0efba9f15db,PERank,0.30827067669172936,0.3090909090909091,SAME
5a23c0ca-ab0c-4ead-a093-f2e1cbfc89b7,9f4709224be63e56349d1cc368e5f005,SalesLast12M,420825276000000.0,420825276.0,CANONICAL_UNIT_FIX
5a23c0ca-ab0c-4ead-a093-f2e1cbfc89b7,9f4709224be63e56349d1cc368e5f005,SalesGrowth12M,93.14254260483264,93.14254260483264,SAME
5a23c0ca-ab0c-4ead-a093-f2e1cbfc89b7,9f4709224be63e56349d1cc368e5f005,TTMNetProfit,80898071000000.0,80898071.0,CANONICAL_UNIT_FIX
5a23c0ca-ab0c-4ead-a093-f2e1cbfc89b7,9f4709224be63e56349d1cc368e5f005,NetProfitMargin12M,21.15414799535428,21.15414799535428,SAME
5a23c0ca-ab0c-4ead-a093-f2e1cbfc89b7,9f4709224be63e56349d1cc368e5f005,OperatingMargin12M,21.10990809969227,21.10990809969227,SAME
5a23c0ca-ab0c-4ead-a093-f2e1cbfc89b7,9f4709224be63e56349d1cc368e5f005,ROE,101.13934121763093,101.13934121763093,SAME
5a23c0ca-ab0c-4ead-a093-f2e1cbfc89b7,9f4709224be63e56349d1cc368e5f005,PEApprox,5.640822784810126,5.638870149700642,SAME
5a23c0ca-ab0c-4ead-a093-f2e1cbfc89b7,9f4709224be63e56349d1cc368e5f005,SalesGrowthRank,0.6277777777777778,0.625,SAME
5a23c0ca-ab0c-4ead-a093-f2e1cbfc89b7,9f4709224be63e56349d1cc368e5f005,NetProfitGrowthRank,0.3,0.8185328185328186,FORMULA_CHANGE
5a23c0ca-ab0c-4ead-a093-f2e1cbfc89b7,9f4709224be63e56349d1cc368e5f005,OperatingMarginRank,0.31,0.35664335664335667,FORMULA_CHANGE
5a23c0ca-ab0c-4ead-a093-f2e1cbfc89b7,9f4709224be63e56349d1cc368e5f005,PERank,0.8270676691729324,0.8218181818181818,SAME
d886d9e9-b6e5-490e-b9ce-f35a32f713b4,6bd4aac18107335caeba964fd9804250,SalesLast12M,19211888000000.0,19211888.0,CANONICAL_UNIT_FIX
d886d9e9-b6e5-490e-b9ce-f35a32f713b4,6bd4aac18107335caeba964fd9804250,SalesGrowth12M,54.945689251431006,54.945689251431006,SAME
d886d9e9-b6e5-490e-b9ce-f35a32f713b4,6bd4aac18107335caeba964fd9804250,TTMNetProfit,,7387380000.0,LEGACY_HEURISTIC_REMOVED
d886d9e9-b6e5-490e-b9ce-f35a32f713b4,6bd4aac18107335caeba964fd9804250,NetProfitMargin12M,,,SAME
d886d9e9-b6e5-490e-b9ce-f35a32f713b4,6bd4aac18107335caeba964fd9804250,OperatingMargin12M,,,SAME
d886d9e9-b6e5-490e-b9ce-f35a32f713b4,6bd4aac18107335caeba964fd9804250,ROE,,,SAME
d886d9e9-b6e5-490e-b9ce-f35a32f713b4,6bd4aac18107335caeba964fd9804250,PEApprox,8.291386033321517,8.149825783972126,FORMULA_CHANGE
d886d9e9-b6e5-490e-b9ce-f35a32f713b4,6bd4aac18107335caeba964fd9804250,SalesGrowthRank,0.35555555555555557,0.3532608695652174,SAME
d886d9e9-b6e5-490e-b9ce-f35a32f713b4,6bd4aac18107335caeba964fd9804250,NetProfitGrowthRank,0.3,0.8262548262548263,FORMULA_CHANGE
d886d9e9-b6e5-490e-b9ce-f35a32f713b4,6bd4aac18107335caeba964fd9804250,OperatingMarginRank,0.3,0.3,SAME
d886d9e9-b6e5-490e-b9ce-f35a32f713b4,6bd4aac18107335caeba964fd9804250,PERank,0.5112781954887218,0.5781818181818181,FORMULA_CHANGE
bcc5d497-022f-47fc-89e1-50287cdcec3b,c219bd90953f64ecb6ff2dbf5f96ee33,SalesLast12M,7794341000000.0,7794341.0,CANONICAL_UNIT_FIX
bcc5d497-022f-47fc-89e1-50287cdcec3b,c219bd90953f64ecb6ff2dbf5f96ee33,SalesGrowth12M,69.48688860780028,69.48688860780028,SAME
bcc5d497-022f-47fc-89e1-50287cdcec3b,c219bd90953f64ecb6ff2dbf5f96ee33,TTMNetProfit,,,SAME
bcc5d497-022f-47fc-89e1-50287cdcec3b,c219bd90953f64ecb6ff2dbf5f96ee33,NetProfitMargin12M,,,SAME
bcc5d497-022f-47fc-89e1-50287cdcec3b,c219bd90953f64ecb6ff2dbf5f96ee33,OperatingMargin12M,,,SAME
bcc5d497-022f-47fc-89e1-50287cdcec3b,c219bd90953f64ecb6ff2dbf5f96ee33,ROE,,,SAME
bcc5d497-022f-47fc-89e1-50287cdcec3b,c219bd90953f64ecb6ff2dbf5f96ee33,PEApprox,15.347043701799485,,FORMULA_CHANGE
bcc5d497-022f-47fc-89e1-50287cdcec3b,c219bd90953f64ecb6ff2dbf5f96ee33,SalesGrowthRank,0.4444444444444444,0.44565217391304346,SAME
bcc5d497-022f-47fc-89e1-50287cdcec3b,c219bd90953f64ecb6ff2dbf5f96ee33,NetProfitGrowthRank,0.3,0.2702702702702703,FORMULA_CHANGE
bcc5d497-022f-47fc-89e1-50287cdcec3b,c219bd90953f64ecb6ff2dbf5f96ee33,OperatingMarginRank,0.3,0.3,SAME
bcc5d497-022f-47fc-89e1-50287cdcec3b,c219bd90953f64ecb6ff2dbf5f96ee33,PERank,0.23684210526315785,0.0,FORMULA_CHANGE
4a49426f-d2bc-4cfe-9ca1-fe9ff4d7c1ea,1025955b553ca1fa9153eea469591cb1,SalesLast12M,85201155000000.0,85201155.0,CANONICAL_UNIT_FIX
4a49426f-d2bc-4cfe-9ca1-fe9ff4d7c1ea,1025955b553ca1fa9153eea469591cb1,SalesGrowth12M,23.442617542618528,23.442617542618528,SAME
4a49426f-d2bc-4cfe-9ca1-fe9ff4d7c1ea,1025955b553ca1fa9153eea469591cb1,TTMNetProfit,,1030000000.0,LEGACY_HEURISTIC_REMOVED
4a49426f-d2bc-4cfe-9ca1-fe9ff4d7c1ea,1025955b553ca1fa9153eea469591cb1,NetProfitMargin12M,,,SAME
4a49426f-d2bc-4cfe-9ca1-fe9ff4d7c1ea,1025955b553ca1fa9153eea469591cb1,OperatingMargin12M,,-1.1736930092086194e-06,MISSING_CANONICAL_DATA
4a49426f-d2bc-4cfe-9ca1-fe9ff4d7c1ea,1025955b553ca1fa9153eea469591cb1,ROE,,,SAME
4a49426f-d2bc-4cfe-9ca1-fe9ff4d7c1ea,1025955b553ca1fa9153eea469591cb1,PEApprox,66.79611650485437,66.79611650485437,SAME
4a49426f-d2bc-4cfe-9ca1-fe9ff4d7c1ea,1025955b553ca1fa9153eea469591cb1,SalesGrowthRank,0.12777777777777777,0.13043478260869565,SAME
4a49426f-d2bc-4cfe-9ca1-fe9ff4d7c1ea,1025955b553ca1fa9153eea469591cb1,NetProfitGrowthRank,0.3,0.13513513513513514,FORMULA_CHANGE
4a49426f-d2bc-4cfe-9ca1-fe9ff4d7c1ea,1025955b553ca1fa9153eea469591cb1,OperatingMarginRank,0.3,0.055944055944055944,FORMULA_CHANGE
4a49426f-d2bc-4cfe-9ca1-fe9ff4d7c1ea,1025955b553ca1fa9153eea469591cb1,PERank,0.0,0.0,SAME
649a8391-b7c6-4758-a01b-64b72bd72a8a,bda1926ec65a0bac619855e021b6b61c,SalesLast12M,499931059000000.0,499931059.0,CANONICAL_UNIT_FIX
649a8391-b7c6-4758-a01b-64b72bd72a8a,bda1926ec65a0bac619855e021b6b61c,SalesGrowth12M,42.65045961368256,42.65045961368256,SAME
649a8391-b7c6-4758-a01b-64b72bd72a8a,bda1926ec65a0bac619855e021b6b61c,TTMNetProfit,,36431239114.0,LEGACY_HEURISTIC_REMOVED
649a8391-b7c6-4758-a01b-64b72bd72a8a,bda1926ec65a0bac619855e021b6b61c,NetProfitMargin12M,,,SAME
649a8391-b7c6-4758-a01b-64b72bd72a8a,bda1926ec65a0bac619855e021b6b61c,OperatingMargin12M,,0.12311426309852808,MISSING_CANONICAL_DATA
649a8391-b7c6-4758-a01b-64b72bd72a8a,bda1926ec65a0bac619855e021b6b61c,ROE,,,SAME
649a8391-b7c6-4758-a01b-64b72bd72a8a,bda1926ec65a0bac619855e021b6b61c,PEApprox,11.546860782529572,11.843132720517216,FORMULA_CHANGE
649a8391-b7c6-4758-a01b-64b72bd72a8a,bda1926ec65a0bac619855e021b6b61c,SalesGrowthRank,0.24444444444444444,0.24456521739130435,SAME
649a8391-b7c6-4758-a01b-64b72bd72a8a,bda1926ec65a0bac619855e021b6b61c,NetProfitGrowthRank,0.3,0.8108108108108109,FORMULA_CHANGE
649a8391-b7c6-4758-a01b-64b72bd72a8a,bda1926ec65a0bac619855e021b6b61c,OperatingMarginRank,0.3,0.07692307692307693,FORMULA_CHANGE
649a8391-b7c6-4758-a01b-64b72bd72a8a,bda1926ec65a0bac619855e021b6b61c,PERank,0.30451127819548873,0.3490909090909091,FORMULA_CHANGE
0c8b4645-08a0-4a9f-bc8b-c65e70563a16,968fb3437a7e5a62ca7b18a26e303df1,SalesLast12M,51334347000000.0,51334347.0,CANONICAL_UNIT_FIX
0c8b4645-08a0-4a9f-bc8b-c65e70563a16,968fb3437a7e5a62ca7b18a26e303df1,SalesGrowth12M,94.7236631804865,94.7236631804865,SAME
0c8b4645-08a0-4a9f-bc8b-c65e70563a16,968fb3437a7e5a62ca7b18a26e303df1,TTMNetProfit,,3366567032.0,LEGACY_HEURISTIC_REMOVED
0c8b4645-08a0-4a9f-bc8b-c65e70563a16,968fb3437a7e5a62ca7b18a26e303df1,NetProfitMargin12M,,,SAME
0c8b4645-08a0-4a9f-bc8b-c65e70563a16,968fb3437a7e5a62ca7b18a26e303df1,OperatingMargin12M,,14.522533592974835,MISSING_CANONICAL_DATA
0c8b4645-08a0-4a9f-bc8b-c65e70563a16,968fb3437a7e5a62ca7b18a26e303df1,ROE,,,SAME
0c8b4645-08a0-4a9f-bc8b-c65e70563a16,968fb3437a7e5a62ca7b18a26e303df1,PEApprox,6.83297180043384,9.623217922606925,FORMULA_CHANGE
0c8b4645-08a0-4a9f-bc8b-c65e70563a16,968fb3437a7e5a62ca7b18a26e303df1,SalesGrowthRank,0.65,0.6467391304347826,SAME
0c8b4645-08a0-4a9f-bc8b-c65e70563a16,968fb3437a7e5a62ca7b18a26e303df1,NetProfitGrowthRank,0.3,0.637065637065637,FORMULA_CHANGE
0c8b4645-08a0-4a9f-bc8b-c65e70563a16,968fb3437a7e5a62ca7b18a26e303df1,OperatingMarginRank,0.3,0.22377622377622378,FORMULA_CHANGE
0c8b4645-08a0-4a9f-bc8b-c65e70563a16,968fb3437a7e5a62ca7b18a26e303df1,PERank,0.6917293233082706,0.43272727272727274,FORMULA_CHANGE
7e1aa5aa-1248-4baa-9ffb-8e5ad41cacaf,bf951d5a241fb38b5504e5206704d0d8,SalesLast12M,1210679918000000.0,1210679918.0,CANONICAL_UNIT_FIX
7e1aa5aa-1248-4baa-9ffb-8e5ad41cacaf,bf951d5a241fb38b5504e5206704d0d8,SalesGrowth12M,,-33.36909139502825,MISSING_CANONICAL_DATA
7e1aa5aa-1248-4baa-9ffb-8e5ad41cacaf,bf951d5a241fb38b5504e5206704d0d8,TTMNetProfit,,49160000000.0,LEGACY_HEURISTIC_REMOVED
7e1aa5aa-1248-4baa-9ffb-8e5ad41cacaf,bf951d5a241fb38b5504e5206704d0d8,NetProfitMargin12M,,,SAME
7e1aa5aa-1248-4baa-9ffb-8e5ad41cacaf,bf951d5a241fb38b5504e5206704d0d8,OperatingMargin12M,,,SAME
7e1aa5aa-1248-4baa-9ffb-8e5ad41cacaf,bf951d5a241fb38b5504e5206704d0d8,ROE,,,SAME
7e1aa5aa-1248-4baa-9ffb-8e5ad41cacaf,bf951d5a241fb38b5504e5206704d0d8,PEApprox,8.473555736371033,8.473555736371033,SAME
7e1aa5aa-1248-4baa-9ffb-8e5ad41cacaf,bf951d5a241fb38b5504e5206704d0d8,SalesGrowthRank,0.3,0.005434782608695652,FORMULA_CHANGE
7e1aa5aa-1248-4baa-9ffb-8e5ad41cacaf,bf951d5a241fb38b5504e5206704d0d8,NetProfitGrowthRank,0.3,0.39768339768339767,FORMULA_CHANGE
7e1aa5aa-1248-4baa-9ffb-8e5ad41cacaf,bf951d5a241fb38b5504e5206704d0d8,OperatingMarginRank,0.3,0.3,SAME
7e1aa5aa-1248-4baa-9ffb-8e5ad41cacaf,bf951d5a241fb38b5504e5206704d0d8,PERank,0.47744360902255634,0.5127272727272727,FORMULA_CHANGE
38b6cafe-386f-4fda-86b4-82212ed12d5c,8a664764ba757925c6545b1f6148a41d,SalesLast12M,,,SAME
38b6cafe-386f-4fda-86b4-82212ed12d5c,8a664764ba757925c6545b1f6148a41d,SalesGrowth12M,,,SAME
38b6cafe-386f-4fda-86b4-82212ed12d5c,8a664764ba757925c6545b1f6148a41d,TTMNetProfit,,25315000000.0,LEGACY_HEURISTIC_REMOVED
38b6cafe-386f-4fda-86b4-82212ed12d5c,8a664764ba757925c6545b1f6148a41d,NetProfitMargin12M,,,SAME
38b6cafe-386f-4fda-86b4-82212ed12d5c,8a664764ba757925c6545b1f6148a41d,OperatingMargin12M,,,SAME
38b6cafe-386f-4fda-86b4-82212ed12d5c,8a664764ba757925c6545b1f6148a41d,ROE,,,SAME
38b6cafe-386f-4fda-86b4-82212ed12d5c,8a664764ba757925c6545b1f6148a41d,PEApprox,17.033492822966508,17.156626506024097,FORMULA_CHANGE
38b6cafe-386f-4fda-86b4-82212ed12d5c,8a664764ba757925c6545b1f6148a41d,SalesGrowthRank,0.3,0.3,SAME
38b6cafe-386f-4fda-86b4-82212ed12d5c,8a664764ba757925c6545b1f6148a41d,NetProfitGrowthRank,0.3,0.06177606177606178,FORMULA_CHANGE
38b6cafe-386f-4fda-86b4-82212ed12d5c,8a664764ba757925c6545b1f6148a41d,OperatingMarginRank,0.3,0.3,SAME
38b6cafe-386f-4fda-86b4-82212ed12d5c,8a664764ba757925c6545b1f6148a41d,PERank,0.20676691729323304,0.2836363636363637,FORMULA_CHANGE
056508cf-1280-47bc-a9ca-80a03a1e944e,db1cb723021652b16b2b07e88b595bb0,SalesLast12M,,,SAME
056508cf-1280-47bc-a9ca-80a03a1e944e,db1cb723021652b16b2b07e88b595bb0,SalesGrowth12M,,,SAME
056508cf-1280-47bc-a9ca-80a03a1e944e,db1cb723021652b16b2b07e88b595bb0,TTMNetProfit,,18746000000.0,LEGACY_HEURISTIC_REMOVED
056508cf-1280-47bc-a9ca-80a03a1e944e,db1cb723021652b16b2b07e88b595bb0,NetProfitMargin12M,,,SAME
056508cf-1280-47bc-a9ca-80a03a1e944e,db1cb723021652b16b2b07e88b595bb0,OperatingMargin12M,,,SAME
056508cf-1280-47bc-a9ca-80a03a1e944e,db1cb723021652b16b2b07e88b595bb0,ROE,,,SAME
056508cf-1280-47bc-a9ca-80a03a1e944e,db1cb723021652b16b2b07e88b595bb0,PEApprox,8.292422625400214,11.605675877520538,FORMULA_CHANGE
056508cf-1280-47bc-a9ca-80a03a1e944e,db1cb723021652b16b2b07e88b595bb0,SalesGrowthRank,0.3,0.3,SAME
056508cf-1280-47bc-a9ca-80a03a1e944e,db1cb723021652b16b2b07e88b595bb0,NetProfitGrowthRank,0.3,0.44787644787644787,FORMULA_CHANGE
056508cf-1280-47bc-a9ca-80a03a1e944e,db1cb723021652b16b2b07e88b595bb0,OperatingMarginRank,0.3,0.3,SAME
056508cf-1280-47bc-a9ca-80a03a1e944e,db1cb723021652b16b2b07e88b595bb0,PERank,0.5075187969924813,0.36,FORMULA_CHANGE
d8656698-2bfb-4961-bd8a-d0821ddc9e2d,a36b1b9ab2e49cbbd170e60080fa4676,SalesLast12M,,,SAME
d8656698-2bfb-4961-bd8a-d0821ddc9e2d,a36b1b9ab2e49cbbd170e60080fa4676,SalesGrowth12M,,,SAME
d8656698-2bfb-4961-bd8a-d0821ddc9e2d,a36b1b9ab2e49cbbd170e60080fa4676,TTMNetProfit,,238380000000.0,LEGACY_HEURISTIC_REMOVED
d8656698-2bfb-4961-bd8a-d0821ddc9e2d,a36b1b9ab2e49cbbd170e60080fa4676,NetProfitMargin12M,,28.31132746119681,MISSING_CANONICAL_DATA
d8656698-2bfb-4961-bd8a-d0821ddc9e2d,a36b1b9ab2e49cbbd170e60080fa4676,OperatingMargin12M,,30.97737990946683,MISSING_CANONICAL_DATA
d8656698-2bfb-4961-bd8a-d0821ddc9e2d,a36b1b9ab2e49cbbd170e60080fa4676,ROE,,,SAME
d8656698-2bfb-4961-bd8a-d0821ddc9e2d,a36b1b9ab2e49cbbd170e60080fa4676,PEApprox,4.330900243309002,4.330900243309002,SAME
d8656698-2bfb-4961-bd8a-d0821ddc9e2d,a36b1b9ab2e49cbbd170e60080fa4676,SalesGrowthRank,0.3,0.3,SAME
d8656698-2bfb-4961-bd8a-d0821ddc9e2d,a36b1b9ab2e49cbbd170e60080fa4676,NetProfitGrowthRank,0.3,0.918918918918919,FORMULA_CHANGE
d8656698-2bfb-4961-bd8a-d0821ddc9e2d,a36b1b9ab2e49cbbd170e60080fa4676,OperatingMarginRank,0.3,0.5594405594405595,FORMULA_CHANGE
d8656698-2bfb-4961-bd8a-d0821ddc9e2d,a36b1b9ab2e49cbbd170e60080fa4676,PERank,0.9022556390977443,0.9090909090909091,SAME
cabb474b-f6b4-4e66-9254-de3076aee6fd,8bbc5bbccde546656d599555b9be64d9,SalesLast12M,20777863000000.0,20777863.0,CANONICAL_UNIT_FIX
cabb474b-f6b4-4e66-9254-de3076aee6fd,8bbc5bbccde546656d599555b9be64d9,SalesGrowth12M,117.91295527175481,117.91295527175481,SAME
cabb474b-f6b4-4e66-9254-de3076aee6fd,8bbc5bbccde546656d599555b9be64d9,TTMNetProfit,15254288000000.0,15254288.0,CANONICAL_UNIT_FIX
cabb474b-f6b4-4e66-9254-de3076aee6fd,8bbc5bbccde546656d599555b9be64d9,NetProfitMargin12M,84.294008458087,84.294008458087,SAME
cabb474b-f6b4-4e66-9254-de3076aee6fd,8bbc5bbccde546656d599555b9be64d9,OperatingMargin12M,73.36164005391753,73.36164005391753,SAME
cabb474b-f6b4-4e66-9254-de3076aee6fd,8bbc5bbccde546656d599555b9be64d9,ROE,135.8220936900102,135.8220936900102,SAME
cabb474b-f6b4-4e66-9254-de3076aee6fd,8bbc5bbccde546656d599555b9be64d9,PEApprox,8.237608182533439,8.238648293236086,SAME
cabb474b-f6b4-4e66-9254-de3076aee6fd,8bbc5bbccde546656d599555b9be64d9,SalesGrowthRank,0.8055555555555556,0.7989130434782609,SAME
cabb474b-f6b4-4e66-9254-de3076aee6fd,8bbc5bbccde546656d599555b9be64d9,NetProfitGrowthRank,0.3,0.918918918918919,FORMULA_CHANGE
cabb474b-f6b4-4e66-9254-de3076aee6fd,8bbc5bbccde546656d599555b9be64d9,OperatingMarginRank,0.93,0.9370629370629371,SAME
cabb474b-f6b4-4e66-9254-de3076aee6fd,8bbc5bbccde546656d599555b9be64d9,PERank,0.5150375939849624,0.5563636363636364,FORMULA_CHANGE
f182c62c-5573-4aaf-b873-d6b4df5017f2,4e74a398d885cd61dfd07383641eb05f,SalesLast12M,2050459507000000.0,2050459507.0,CANONICAL_UNIT_FIX
f182c62c-5573-4aaf-b873-d6b4df5017f2,4e74a398d885cd61dfd07383641eb05f,SalesGrowth12M,,178.42654069326684,MISSING_CANONICAL_DATA
f182c62c-5573-4aaf-b873-d6b4df5017f2,4e74a398d885cd61dfd07383641eb05f,TTMNetProfit,,260734403424.0,LEGACY_HEURISTIC_REMOVED
f182c62c-5573-4aaf-b873-d6b4df5017f2,4e74a398d885cd61dfd07383641eb05f,NetProfitMargin12M,,,SAME
f182c62c-5573-4aaf-b873-d6b4df5017f2,4e74a398d885cd61dfd07383641eb05f,OperatingMargin12M,,,SAME
f182c62c-5573-4aaf-b873-d6b4df5017f2,4e74a398d885cd61dfd07383641eb05f,ROE,,,SAME
f182c62c-5573-4aaf-b873-d6b4df5017f2,4e74a398d885cd61dfd07383641eb05f,PEApprox,5.772357723577236,5.947735916223376,FORMULA_CHANGE
f182c62c-5573-4aaf-b873-d6b4df5017f2,4e74a398d885cd61dfd07383641eb05f,SalesGrowthRank,0.3,0.9538043478260869,FORMULA_CHANGE
f182c62c-5573-4aaf-b873-d6b4df5017f2,4e74a398d885cd61dfd07383641eb05f,NetProfitGrowthRank,0.3,0.28185328185328185,FORMULA_CHANGE
f182c62c-5573-4aaf-b873-d6b4df5017f2,4e74a398d885cd61dfd07383641eb05f,OperatingMarginRank,0.3,0.3,SAME
f182c62c-5573-4aaf-b873-d6b4df5017f2,4e74a398d885cd61dfd07383641eb05f,PERank,0.8157894736842105,0.7963636363636364,FORMULA_CHANGE
0c63f41f-0958-471d-93f9-88d9a4ac5521,508279539a385693bd947ea986985bb4,SalesLast12M,44406036000000.0,44406036.0,CANONICAL_UNIT_FIX
0c63f41f-0958-471d-93f9-88d9a4ac5521,508279539a385693bd947ea986985bb4,SalesGrowth12M,94.55671021632641,94.55671021632641,SAME
0c63f41f-0958-471d-93f9-88d9a4ac5521,508279539a385693bd947ea986985bb4,TTMNetProfit,,1105800000.0,LEGACY_HEURISTIC_REMOVED
0c63f41f-0958-471d-93f9-88d9a4ac5521,508279539a385693bd947ea986985bb4,NetProfitMargin12M,,,SAME
0c63f41f-0958-471d-93f9-88d9a4ac5521,508279539a385693bd947ea986985bb4,OperatingMargin12M,,5.750842070208654,MISSING_CANONICAL_DATA
0c63f41f-0958-471d-93f9-88d9a4ac5521,508279539a385693bd947ea986985bb4,ROE,,,SAME
0c63f41f-0958-471d-93f9-88d9a4ac5521,508279539a385693bd947ea986985bb4,PEApprox,24.855670103092784,24.855670103092784,SAME
0c63f41f-0958-471d-93f9-88d9a4ac5521,508279539a385693bd947ea986985bb4,SalesGrowthRank,0.6444444444444445,0.6413043478260869,SAME
0c63f41f-0958-471d-93f9-88d9a4ac5521,508279539a385693bd947ea986985bb4,NetProfitGrowthRank,0.3,0.14671814671814673,FORMULA_CHANGE
0c63f41f-0958-471d-93f9-88d9a4ac5521,508279539a385693bd947ea986985bb4,OperatingMarginRank,0.3,0.1258741258741259,FORMULA_CHANGE
0c63f41f-0958-471d-93f9-88d9a4ac5521,508279539a385693bd947ea986985bb4,PERank,0.17293233082706772,0.22909090909090912,FORMULA_CHANGE
e1a8063c-a8f7-4f54-9ed0-1d9aac4d198d,14e17dd0b0b3c62c333dd4aa6c71f8ff,SalesLast12M,,,SAME
e1a8063c-a8f7-4f54-9ed0-1d9aac4d198d,14e17dd0b0b3c62c333dd4aa6c71f8ff,SalesGrowth12M,,,SAME
e1a8063c-a8f7-4f54-9ed0-1d9aac4d198d,14e17dd0b0b3c62c333dd4aa6c71f8ff,TTMNetProfit,,1228799946.0,LEGACY_HEURISTIC_REMOVED
e1a8063c-a8f7-4f54-9ed0-1d9aac4d198d,14e17dd0b0b3c62c333dd4aa6c71f8ff,NetProfitMargin12M,,,SAME
e1a8063c-a8f7-4f54-9ed0-1d9aac4d198d,14e17dd0b0b3c62c333dd4aa6c71f8ff,OperatingMargin12M,,,SAME
e1a8063c-a8f7-4f54-9ed0-1d9aac4d198d,14e17dd0b0b3c62c333dd4aa6c71f8ff,ROE,,,SAME
e1a8063c-a8f7-4f54-9ed0-1d9aac4d198d,14e17dd0b0b3c62c333dd4aa6c71f8ff,PEApprox,39.72477064220183,39.72477064220183,SAME
e1a8063c-a8f7-4f54-9ed0-1d9aac4d198d,14e17dd0b0b3c62c333dd4aa6c71f8ff,SalesGrowthRank,0.3,0.3,SAME
e1a8063c-a8f7-4f54-9ed0-1d9aac4d198d,14e17dd0b0b3c62c333dd4aa6c71f8ff,NetProfitGrowthRank,0.3,0.918918918918919,FORMULA_CHANGE
e1a8063c-a8f7-4f54-9ed0-1d9aac4d198d,14e17dd0b0b3c62c333dd4aa6c71f8ff,OperatingMarginRank,0.3,0.3,SAME
e1a8063c-a8f7-4f54-9ed0-1d9aac4d198d,14e17dd0b0b3c62c333dd4aa6c71f8ff,PERank,0.1278195488721805,0.18545454545454543,FORMULA_CHANGE
afe098e0-23f0-4621-8de1-c63940975d5f,b992f8cd4c1b548e42482525505c9ea7,SalesLast12M,39581347000000.0,39581347.0,CANONICAL_UNIT_FIX
afe098e0-23f0-4621-8de1-c63940975d5f,b992f8cd4c1b548e42482525505c9ea7,SalesGrowth12M,107.6347337272209,107.6347337272209,SAME
afe098e0-23f0-4621-8de1-c63940975d5f,b992f8cd4c1b548e42482525505c9ea7,TTMNetProfit,26691702000000.0,26691702.0,CANONICAL_UNIT_FIX
afe098e0-23f0-4621-8de1-c63940975d5f,b992f8cd4c1b548e42482525505c9ea7,NetProfitMargin12M,76.686802396429,76.686802396429,SAME
afe098e0-23f0-4621-8de1-c63940975d5f,b992f8cd4c1b548e42482525505c9ea7,OperatingMargin12M,76.99373116028266,76.99373116028266,SAME
afe098e0-23f0-4621-8de1-c63940975d5f,b992f8cd4c1b548e42482525505c9ea7,ROE,83.56470106470107,83.56470106470107,SAME
afe098e0-23f0-4621-8de1-c63940975d5f,b992f8cd4c1b548e42482525505c9ea7,PEApprox,8.187029335731145,8.186967946862481,SAME
afe098e0-23f0-4621-8de1-c63940975d5f,b992f8cd4c1b548e42482525505c9ea7,SalesGrowthRank,0.7444444444444445,0.7391304347826086,SAME
afe098e0-23f0-4621-8de1-c63940975d5f,b992f8cd4c1b548e42482525505c9ea7,NetProfitGrowthRank,0.7777777777777778,0.918918918918919,FORMULA_CHANGE
afe098e0-23f0-4621-8de1-c63940975d5f,b992f8cd4c1b548e42482525505c9ea7,OperatingMarginRank,0.95,0.951048951048951,SAME
afe098e0-23f0-4621-8de1-c63940975d5f,b992f8cd4c1b548e42482525505c9ea7,PERank,0.518796992481203,0.5636363636363637,FORMULA_CHANGE
5bb860e7-5c2d-4961-bc09-0c9189870011,d591b0ffa863888077d0146ba8cd4e66,SalesLast12M,99801263000000.0,99801263.0,CANONICAL_UNIT_FIX
5bb860e7-5c2d-4961-bc09-0c9189870011,d591b0ffa863888077d0146ba8cd4e66,SalesGrowth12M,103.7815974886584,103.7815974886584,SAME
5bb860e7-5c2d-4961-bc09-0c9189870011,d591b0ffa863888077d0146ba8cd4e66,TTMNetProfit,,12784800000.0,LEGACY_HEURISTIC_REMOVED
5bb860e7-5c2d-4961-bc09-0c9189870011,d591b0ffa863888077d0146ba8cd4e66,NetProfitMargin12M,,,SAME
5bb860e7-5c2d-4961-bc09-0c9189870011,d591b0ffa863888077d0146ba8cd4e66,OperatingMargin12M,,17.804329790896535,MISSING_CANONICAL_DATA
5bb860e7-5c2d-4961-bc09-0c9189870011,d591b0ffa863888077d0146ba8cd4e66,ROE,,,SAME
5bb860e7-5c2d-4961-bc09-0c9189870011,d591b0ffa863888077d0146ba8cd4e66,PEApprox,8.053822152886115,8.075996495838808,FORMULA_CHANGE
5bb860e7-5c2d-4961-bc09-0c9189870011,d591b0ffa863888077d0146ba8cd4e66,SalesGrowthRank,0.7333333333333333,0.7282608695652174,SAME
5bb860e7-5c2d-4961-bc09-0c9189870011,d591b0ffa863888077d0146ba8cd4e66,NetProfitGrowthRank,0.3,0.6216216216216216,FORMULA_CHANGE
5bb860e7-5c2d-4961-bc09-0c9189870011,d591b0ffa863888077d0146ba8cd4e66,OperatingMarginRank,0.3,0.3006993006993007,SAME
5bb860e7-5c2d-4961-bc09-0c9189870011,d591b0ffa863888077d0146ba8cd4e66,PERank,0.5488721804511278,0.5927272727272728,FORMULA_CHANGE
36322f31-3d71-41d1-b20d-b3806b68379b,b3cd7f653dc0d5fd0e3a6dca3ddedf1b,SalesLast12M,40408859000000.0,40408859.0,CANONICAL_UNIT_FIX
36322f31-3d71-41d1-b20d-b3806b68379b,b3cd7f653dc0d5fd0e3a6dca3ddedf1b,SalesGrowth12M,99.9000471541958,99.9000471541958,SAME
36322f31-3d71-41d1-b20d-b3806b68379b,b3cd7f653dc0d5fd0e3a6dca3ddedf1b,TTMNetProfit,,11615400000.0,LEGACY_HEURISTIC_REMOVED
36322f31-3d71-41d1-b20d-b3806b68379b,b3cd7f653dc0d5fd0e3a6dca3ddedf1b,NetProfitMargin12M,,,SAME
36322f31-3d71-41d1-b20d-b3806b68379b,b3cd7f653dc0d5fd0e3a6dca3ddedf1b,OperatingMargin12M,,,SAME
36322f31-3d71-41d1-b20d-b3806b68379b,b3cd7f653dc0d5fd0e3a6dca3ddedf1b,ROE,,,SAME
36322f31-3d71-41d1-b20d-b3806b68379b,b3cd7f653dc0d5fd0e3a6dca3ddedf1b,PEApprox,10.524469950581858,10.23090035642337,FORMULA_CHANGE
36322f31-3d71-41d1-b20d-b3806b68379b,b3cd7f653dc0d5fd0e3a6dca3ddedf1b,SalesGrowthRank,0.7055555555555556,0.7010869565217391,SAME
36322f31-3d71-41d1-b20d-b3806b68379b,b3cd7f653dc0d5fd0e3a6dca3ddedf1b,NetProfitGrowthRank,0.3,0.8223938223938224,FORMULA_CHANGE
36322f31-3d71-41d1-b20d-b3806b68379b,b3cd7f653dc0d5fd0e3a6dca3ddedf1b,OperatingMarginRank,0.3,0.3,SAME
36322f31-3d71-41d1-b20d-b3806b68379b,b3cd7f653dc0d5fd0e3a6dca3ddedf1b,PERank,0.3421052631578947,0.4036363636363637,FORMULA_CHANGE
23d9a5f7-2b11-4589-a719-9a387807be88,2c7e998dc9b612c1fd643b991c0dc3cc,SalesLast12M,105229112000000.0,105229112.0,CANONICAL_UNIT_FIX
23d9a5f7-2b11-4589-a719-9a387807be88,2c7e998dc9b612c1fd643b991c0dc3cc,SalesGrowth12M,87.57607051037397,87.57607051037397,SAME
23d9a5f7-2b11-4589-a719-9a387807be88,2c7e998dc9b612c1fd643b991c0dc3cc,TTMNetProfit,,984812040.0,LEGACY_HEURISTIC_REMOVED
23d9a5f7-2b11-4589-a719-9a387807be88,2c7e998dc9b612c1fd643b991c0dc3cc,NetProfitMargin12M,,,SAME
23d9a5f7-2b11-4589-a719-9a387807be88,2c7e998dc9b612c1fd643b991c0dc3cc,OperatingMargin12M,,1.3221493306909213,MISSING_CANONICAL_DATA
23d9a5f7-2b11-4589-a719-9a387807be88,2c7e998dc9b612c1fd643b991c0dc3cc,ROE,,,SAME
23d9a5f7-2b11-4589-a719-9a387807be88,2c7e998dc9b612c1fd643b991c0dc3cc,PEApprox,54.0958605664488,54.0958605664488,SAME
23d9a5f7-2b11-4589-a719-9a387807be88,2c7e998dc9b612c1fd643b991c0dc3cc,SalesGrowthRank,0.5888888888888889,0.5869565217391305,SAME
23d9a5f7-2b11-4589-a719-9a387807be88,2c7e998dc9b612c1fd643b991c0dc3cc,NetProfitGrowthRank,0.3,0.3552123552123552,FORMULA_CHANGE
23d9a5f7-2b11-4589-a719-9a387807be88,2c7e998dc9b612c1fd643b991c0dc3cc,OperatingMarginRank,0.3,0.09090909090909091,FORMULA_CHANGE
23d9a5f7-2b11-4589-a719-9a387807be88,2c7e998dc9b612c1fd643b991c0dc3cc,PERank,0.10526315789473684,0.1636363636363637,FORMULA_CHANGE
d623a50c-81d3-4dd3-8071-d5aa2d2dc093,56187148c4031e89830f329dd299e701,SalesLast12M,,,SAME
d623a50c-81d3-4dd3-8071-d5aa2d2dc093,56187148c4031e89830f329dd299e701,SalesGrowth12M,,,SAME
d623a50c-81d3-4dd3-8071-d5aa2d2dc093,56187148c4031e89830f329dd299e701,TTMNetProfit,,5456150000.0,LEGACY_HEURISTIC_REMOVED
d623a50c-81d3-4dd3-8071-d5aa2d2dc093,56187148c4031e89830f329dd299e701,NetProfitMargin12M,,,SAME
d623a50c-81d3-4dd3-8071-d5aa2d2dc093,56187148c4031e89830f329dd299e701,OperatingMargin12M,,,SAME
d623a50c-81d3-4dd3-8071-d5aa2d2dc093,56187148c4031e89830f329dd299e701,ROE,,,SAME
d623a50c-81d3-4dd3-8071-d5aa2d2dc093,56187148c4031e89830f329dd299e701,PEApprox,8.301916186321858,8.301916186321858,SAME
d623a50c-81d3-4dd3-8071-d5aa2d2dc093,56187148c4031e89830f329dd299e701,SalesGrowthRank,0.3,0.3,SAME
d623a50c-81d3-4dd3-8071-d5aa2d2dc093,56187148c4031e89830f329dd299e701,NetProfitGrowthRank,0.3,0.27413127413127414,FORMULA_CHANGE
d623a50c-81d3-4dd3-8071-d5aa2d2dc093,56187148c4031e89830f329dd299e701,OperatingMarginRank,0.3,0.3,SAME
d623a50c-81d3-4dd3-8071-d5aa2d2dc093,56187148c4031e89830f329dd299e701,PERank,0.5037593984962406,0.5418181818181818,FORMULA_CHANGE
0bba31f6-1723-4fd0-90c1-462dc0e5857a,bbcfae1712205951bfbb99d634742ad8,SalesLast12M,754033773000000.0,754033773.0,CANONICAL_UNIT_FIX
0bba31f6-1723-4fd0-90c1-462dc0e5857a,bbcfae1712205951bfbb99d634742ad8,SalesGrowth12M,195.86038681761823,195.86038681761823,SAME
0bba31f6-1723-4fd0-90c1-462dc0e5857a,bbcfae1712205951bfbb99d634742ad8,TTMNetProfit,131700499000000.0,131700499.0,CANONICAL_UNIT_FIX
0bba31f6-1723-4fd0-90c1-462dc0e5857a,bbcfae1712205951bfbb99d634742ad8,NetProfitMargin12M,18.735429799878755,18.735429799878755,SAME
0bba31f6-1723-4fd0-90c1-462dc0e5857a,bbcfae1712205951bfbb99d634742ad8,OperatingMargin12M,23.142580403784596,23.142580403784596,SAME
0bba31f6-1723-4fd0-90c1-462dc0e5857a,bbcfae1712205951bfbb99d634742ad8,ROE,70.45184862810603,70.45184862810603,SAME
0bba31f6-1723-4fd0-90c1-462dc0e5857a,bbcfae1712205951bfbb99d634742ad8,PEApprox,8.483127297026394,8.486091181072869,SAME
0bba31f6-1723-4fd0-90c1-462dc0e5857a,bbcfae1712205951bfbb99d634742ad8,SalesGrowthRank,0.9583333333333334,0.9538043478260869,SAME
0bba31f6-1723-4fd0-90c1-462dc0e5857a,bbcfae1712205951bfbb99d634742ad8,NetProfitGrowthRank,0.7777777777777778,0.918918918918919,FORMULA_CHANGE
0bba31f6-1723-4fd0-90c1-462dc0e5857a,bbcfae1712205951bfbb99d634742ad8,OperatingMarginRank,0.36,0.40559440559440557,FORMULA_CHANGE
0bba31f6-1723-4fd0-90c1-462dc0e5857a,bbcfae1712205951bfbb99d634742ad8,PERank,0.4736842105263158,0.509090909090909,FORMULA_CHANGE
56dcdf48-cbf1-4ad4-be8b-f426604a05c6,6b88726e82dff2001540bb7b87e2d9be,SalesLast12M,370401589000000.0,370401589.0,CANONICAL_UNIT_FIX
56dcdf48-cbf1-4ad4-be8b-f426604a05c6,6b88726e82dff2001540bb7b87e2d9be,SalesGrowth12M,143.72441858683925,143.72441858683925,SAME
56dcdf48-cbf1-4ad4-be8b-f426604a05c6,6b88726e82dff2001540bb7b87e2d9be,TTMNetProfit,,104720000000.0,LEGACY_HEURISTIC_REMOVED
56dcdf48-cbf1-4ad4-be8b-f426604a05c6,6b88726e82dff2001540bb7b87e2d9be,NetProfitMargin12M,,,SAME
56dcdf48-cbf1-4ad4-be8b-f426604a05c6,6b88726e82dff2001540bb7b87e2d9be,OperatingMargin12M,,23.077642909690546,MISSING_CANONICAL_DATA
56dcdf48-cbf1-4ad4-be8b-f426604a05c6,6b88726e82dff2001540bb7b87e2d9be,ROE,,,SAME
56dcdf48-cbf1-4ad4-be8b-f426604a05c6,6b88726e82dff2001540bb7b87e2d9be,PEApprox,10.853211009174313,9.037433155080214,FORMULA_CHANGE
56dcdf48-cbf1-4ad4-be8b-f426604a05c6,6b88726e82dff2001540bb7b87e2d9be,SalesGrowthRank,0.8944444444444445,0.8858695652173914,SAME
56dcdf48-cbf1-4ad4-be8b-f426604a05c6,6b88726e82dff2001540bb7b87e2d9be,NetProfitGrowthRank,0.3,0.7258687258687259,FORMULA_CHANGE
56dcdf48-cbf1-4ad4-be8b-f426604a05c6,6b88726e82dff2001540bb7b87e2d9be,OperatingMarginRank,0.3,0.3986013986013986,FORMULA_CHANGE
56dcdf48-cbf1-4ad4-be8b-f426604a05c6,6b88726e82dff2001540bb7b87e2d9be,PERank,0.3308270676691729,0.4727272727272728,FORMULA_CHANGE
a884725f-ed8a-4f17-a6d3-22e1d3b062ae,07589f30e28ffd0a131f9c4157417d59,SalesLast12M,14599356000000.0,14599356.0,CANONICAL_UNIT_FIX
a884725f-ed8a-4f17-a6d3-22e1d3b062ae,07589f30e28ffd0a131f9c4157417d59,SalesGrowth12M,31.013349503127902,31.013349503127902,SAME
a884725f-ed8a-4f17-a6d3-22e1d3b062ae,07589f30e28ffd0a131f9c4157417d59,TTMNetProfit,,668000000.0,LEGACY_HEURISTIC_REMOVED
a884725f-ed8a-4f17-a6d3-22e1d3b062ae,07589f30e28ffd0a131f9c4157417d59,NetProfitMargin12M,,,SAME
a884725f-ed8a-4f17-a6d3-22e1d3b062ae,07589f30e28ffd0a131f9c4157417d59,OperatingMargin12M,,,SAME
a884725f-ed8a-4f17-a6d3-22e1d3b062ae,07589f30e28ffd0a131f9c4157417d59,ROE,,,SAME
a884725f-ed8a-4f17-a6d3-22e1d3b062ae,07589f30e28ffd0a131f9c4157417d59,PEApprox,75.33333333333333,20.29940119760479,FORMULA_CHANGE
a884725f-ed8a-4f17-a6d3-22e1d3b062ae,07589f30e28ffd0a131f9c4157417d59,SalesGrowthRank,0.17222222222222222,0.17391304347826086,SAME
a884725f-ed8a-4f17-a6d3-22e1d3b062ae,07589f30e28ffd0a131f9c4157417d59,NetProfitGrowthRank,0.3,0.7104247104247104,FORMULA_CHANGE
a884725f-ed8a-4f17-a6d3-22e1d3b062ae,07589f30e28ffd0a131f9c4157417d59,OperatingMarginRank,0.3,0.3,SAME
a884725f-ed8a-4f17-a6d3-22e1d3b062ae,07589f30e28ffd0a131f9c4157417d59,PERank,0.0,0.2545454545454545,FORMULA_CHANGE
395bc39f-e369-4ed7-9354-148fdfd2bffc,c5978431f5fc7f58270049f2352c5a00,SalesLast12M,50517092000000.0,50517092.0,CANONICAL_UNIT_FIX
395bc39f-e369-4ed7-9354-148fdfd2bffc,c5978431f5fc7f58270049f2352c5a00,SalesGrowth12M,67.23570024314134,67.23570024314134,SAME
395bc39f-e369-4ed7-9354-148fdfd2bffc,c5978431f5fc7f58270049f2352c5a00,TTMNetProfit,,8862600000.0,LEGACY_HEURISTIC_REMOVED
395bc39f-e369-4ed7-9354-148fdfd2bffc,c5978431f5fc7f58270049f2352c5a00,NetProfitMargin12M,,,SAME
395bc39f-e369-4ed7-9354-148fdfd2bffc,c5978431f5fc7f58270049f2352c5a00,OperatingMargin12M,,,SAME
395bc39f-e369-4ed7-9354-148fdfd2bffc,c5978431f5fc7f58270049f2352c5a00,ROE,,,SAME
395bc39f-e369-4ed7-9354-148fdfd2bffc,c5978431f5fc7f58270049f2352c5a00,PEApprox,2.86768726079825,5.089589962313542,FORMULA_CHANGE
395bc39f-e369-4ed7-9354-148fdfd2bffc,c5978431f5fc7f58270049f2352c5a00,SalesGrowthRank,0.42777777777777776,0.42934782608695654,SAME
395bc39f-e369-4ed7-9354-148fdfd2bffc,c5978431f5fc7f58270049f2352c5a00,NetProfitGrowthRank,0.3,0.38996138996138996,FORMULA_CHANGE
395bc39f-e369-4ed7-9354-148fdfd2bffc,c5978431f5fc7f58270049f2352c5a00,OperatingMarginRank,0.3,0.3,SAME
395bc39f-e369-4ed7-9354-148fdfd2bffc,c5978431f5fc7f58270049f2352c5a00,PERank,0.9699248120300752,0.8690909090909091,FORMULA_CHANGE
fa4a26cd-ef5b-45dd-ae1e-6e429fcf57f2,ff4c38ddc4d5a2b3d58437c8708fa6cb,SalesLast12M,13331060000000.0,13331060.0,CANONICAL_UNIT_FIX
fa4a26cd-ef5b-45dd-ae1e-6e429fcf57f2,ff4c38ddc4d5a2b3d58437c8708fa6cb,SalesGrowth12M,60.823223970574944,60.823223970574944,SAME
fa4a26cd-ef5b-45dd-ae1e-6e429fcf57f2,ff4c38ddc4d5a2b3d58437c8708fa6cb,TTMNetProfit,,5361000000.0,LEGACY_HEURISTIC_REMOVED
fa4a26cd-ef5b-45dd-ae1e-6e429fcf57f2,ff4c38ddc4d5a2b3d58437c8708fa6cb,NetProfitMargin12M,,,SAME
fa4a26cd-ef5b-45dd-ae1e-6e429fcf57f2,ff4c38ddc4d5a2b3d58437c8708fa6cb,OperatingMargin12M,,,SAME
fa4a26cd-ef5b-45dd-ae1e-6e429fcf57f2,ff4c38ddc4d5a2b3d58437c8708fa6cb,ROE,,,SAME
fa4a26cd-ef5b-45dd-ae1e-6e429fcf57f2,ff4c38ddc4d5a2b3d58437c8708fa6cb,PEApprox,10.283768444948922,10.139899272523783,FORMULA_CHANGE
fa4a26cd-ef5b-45dd-ae1e-6e429fcf57f2,ff4c38ddc4d5a2b3d58437c8708fa6cb,SalesGrowthRank,0.39444444444444443,0.391304347826087,SAME
fa4a26cd-ef5b-45dd-ae1e-6e429fcf57f2,ff4c38ddc4d5a2b3d58437c8708fa6cb,NetProfitGrowthRank,0.3,0.33204633204633205,FORMULA_CHANGE
fa4a26cd-ef5b-45dd-ae1e-6e429fcf57f2,ff4c38ddc4d5a2b3d58437c8708fa6cb,OperatingMarginRank,0.3,0.3,SAME
fa4a26cd-ef5b-45dd-ae1e-6e429fcf57f2,ff4c38ddc4d5a2b3d58437c8708fa6cb,PERank,0.3533834586466166,0.40727272727272723,FORMULA_CHANGE
70df11ee-fe59-40ba-adc1-9b63a7740e7b,26ee5c2c59a374815a759f4990eb7c29,SalesLast12M,,,SAME
70df11ee-fe59-40ba-adc1-9b63a7740e7b,26ee5c2c59a374815a759f4990eb7c29,SalesGrowth12M,,,SAME
70df11ee-fe59-40ba-adc1-9b63a7740e7b,26ee5c2c59a374815a759f4990eb7c29,TTMNetProfit,,545235000.0,LEGACY_HEURISTIC_REMOVED
70df11ee-fe59-40ba-adc1-9b63a7740e7b,26ee5c2c59a374815a759f4990eb7c29,NetProfitMargin12M,,,SAME
70df11ee-fe59-40ba-adc1-9b63a7740e7b,26ee5c2c59a374815a759f4990eb7c29,OperatingMargin12M,,,SAME
70df11ee-fe59-40ba-adc1-9b63a7740e7b,26ee5c2c59a374815a759f4990eb7c29,ROE,,,SAME
70df11ee-fe59-40ba-adc1-9b63a7740e7b,26ee5c2c59a374815a759f4990eb7c29,PEApprox,32.45398773006135,32.45398773006135,SAME
70df11ee-fe59-40ba-adc1-9b63a7740e7b,26ee5c2c59a374815a759f4990eb7c29,SalesGrowthRank,0.3,0.3,SAME
70df11ee-fe59-40ba-adc1-9b63a7740e7b,26ee5c2c59a374815a759f4990eb7c29,NetProfitGrowthRank,0.3,0.36293436293436293,FORMULA_CHANGE
70df11ee-fe59-40ba-adc1-9b63a7740e7b,26ee5c2c59a374815a759f4990eb7c29,OperatingMarginRank,0.3,0.3,SAME
70df11ee-fe59-40ba-adc1-9b63a7740e7b,26ee5c2c59a374815a759f4990eb7c29,PERank,0.15037593984962405,0.20727272727272728,FORMULA_CHANGE
32f8a06d-02b7-4ac8-88bf-4c5e2adcaa8e,f785e696c04d1a51b6e88f62deefacb3,SalesLast12M,683891972000000.0,683891972.0,CANONICAL_UNIT_FIX
32f8a06d-02b7-4ac8-88bf-4c5e2adcaa8e,f785e696c04d1a51b6e88f62deefacb3,SalesGrowth12M,128.00306735236998,128.00306735236998,SAME
32f8a06d-02b7-4ac8-88bf-4c5e2adcaa8e,f785e696c04d1a51b6e88f62deefacb3,TTMNetProfit,150004494000000.0,150004494.0,CANONICAL_UNIT_FIX
32f8a06d-02b7-4ac8-88bf-4c5e2adcaa8e,f785e696c04d1a51b6e88f62deefacb3,NetProfitMargin12M,23.880047923336875,23.880047923336875,SAME
32f8a06d-02b7-4ac8-88bf-4c5e2adcaa8e,f785e696c04d1a51b6e88f62deefacb3,OperatingMargin12M,31.028449164933537,31.028449164933537,SAME
32f8a06d-02b7-4ac8-88bf-4c5e2adcaa8e,f785e696c04d1a51b6e88f62deefacb3,ROE,59.47086290758825,59.47086290758825,SAME
32f8a06d-02b7-4ac8-88bf-4c5e2adcaa8e,f785e696c04d1a51b6e88f62deefacb3,PEApprox,5.921487603305785,5.9237149579218435,SAME
32f8a06d-02b7-4ac8-88bf-4c5e2adcaa8e,f785e696c04d1a51b6e88f62deefacb3,SalesGrowthRank,0.8611111111111112,0.8532608695652174,SAME
32f8a06d-02b7-4ac8-88bf-4c5e2adcaa8e,f785e696c04d1a51b6e88f62deefacb3,NetProfitGrowthRank,0.3,0.7683397683397684,FORMULA_CHANGE
32f8a06d-02b7-4ac8-88bf-4c5e2adcaa8e,f785e696c04d1a51b6e88f62deefacb3,OperatingMarginRank,0.51,0.5664335664335665,FORMULA_CHANGE
32f8a06d-02b7-4ac8-88bf-4c5e2adcaa8e,f785e696c04d1a51b6e88f62deefacb3,PERank,0.7969924812030076,0.8,SAME
4e501f0e-832b-4029-b0ba-df118080310e,701858157df331969ad61c12b4abe861,SalesLast12M,17056359000000.0,17056359.0,CANONICAL_UNIT_FIX
4e501f0e-832b-4029-b0ba-df118080310e,701858157df331969ad61c12b4abe861,SalesGrowth12M,50.41696705773726,50.41696705773726,SAME
4e501f0e-832b-4029-b0ba-df118080310e,701858157df331969ad61c12b4abe861,TTMNetProfit,,5279100000.0,LEGACY_HEURISTIC_REMOVED
4e501f0e-832b-4029-b0ba-df118080310e,701858157df331969ad61c12b4abe861,NetProfitMargin12M,,,SAME
4e501f0e-832b-4029-b0ba-df118080310e,701858157df331969ad61c12b4abe861,OperatingMargin12M,,,SAME
4e501f0e-832b-4029-b0ba-df118080310e,701858157df331969ad61c12b4abe861,ROE,,,SAME
4e501f0e-832b-4029-b0ba-df118080310e,701858157df331969ad61c12b4abe861,PEApprox,7.496274217585693,8.28948116156163,FORMULA_CHANGE
4e501f0e-832b-4029-b0ba-df118080310e,701858157df331969ad61c12b4abe861,SalesGrowthRank,0.32222222222222224,0.32065217391304346,SAME
4e501f0e-832b-4029-b0ba-df118080310e,701858157df331969ad61c12b4abe861,NetProfitGrowthRank,0.3,0.4942084942084942,FORMULA_CHANGE
4e501f0e-832b-4029-b0ba-df118080310e,701858157df331969ad61c12b4abe861,OperatingMarginRank,0.3,0.3,SAME
4e501f0e-832b-4029-b0ba-df118080310e,701858157df331969ad61c12b4abe861,PERank,0.5902255639097744,0.5454545454545454,FORMULA_CHANGE
e5197628-f5db-49cb-af4d-02ae4f3564af,8f0d3b9ed3bb17e93db23268de21bd69,SalesLast12M,5430579681000000.0,5430579681.0,CANONICAL_UNIT_FIX
e5197628-f5db-49cb-af4d-02ae4f3564af,8f0d3b9ed3bb17e93db23268de21bd69,SalesGrowth12M,61.362815914010596,61.362815914010596,SAME
e5197628-f5db-49cb-af4d-02ae4f3564af,8f0d3b9ed3bb17e93db23268de21bd69,TTMNetProfit,-126273117000000.0,-126273117.0,CANONICAL_UNIT_FIX
e5197628-f5db-49cb-af4d-02ae4f3564af,8f0d3b9ed3bb17e93db23268de21bd69,NetProfitMargin12M,-2.3721714290524045,-2.3721714290524045,SAME
e5197628-f5db-49cb-af4d-02ae4f3564af,8f0d3b9ed3bb17e93db23268de21bd69,OperatingMargin12M,-3.4738037728736098,-3.4738037728736098,SAME
e5197628-f5db-49cb-af4d-02ae4f3564af,8f0d3b9ed3bb17e93db23268de21bd69,ROE,-11.128936310150571,-11.128936310150571,SAME
e5197628-f5db-49cb-af4d-02ae4f3564af,8f0d3b9ed3bb17e93db23268de21bd69,PEApprox,-13.24,,FORMULA_CHANGE
e5197628-f5db-49cb-af4d-02ae4f3564af,8f0d3b9ed3bb17e93db23268de21bd69,SalesGrowthRank,0.4,0.3967391304347826,SAME
e5197628-f5db-49cb-af4d-02ae4f3564af,8f0d3b9ed3bb17e93db23268de21bd69,NetProfitGrowthRank,0.3,0.2625482625482625,FORMULA_CHANGE
e5197628-f5db-49cb-af4d-02ae4f3564af,8f0d3b9ed3bb17e93db23268de21bd69,OperatingMarginRank,0.04,0.027972027972027972,FORMULA_CHANGE
e5197628-f5db-49cb-af4d-02ae4f3564af,8f0d3b9ed3bb17e93db23268de21bd69,PERank,0.0,0.0,SAME
a70d8f77-9f39-4b94-a113-bb9c1a819397,25594bcbd879ef25ca250052162de693,SalesLast12M,35972576000000.0,35972576.0,CANONICAL_UNIT_FIX
a70d8f77-9f39-4b94-a113-bb9c1a819397,25594bcbd879ef25ca250052162de693,SalesGrowth12M,51.51292533407429,51.51292533407429,SAME
a70d8f77-9f39-4b94-a113-bb9c1a819397,25594bcbd879ef25ca250052162de693,TTMNetProfit,17601522000000.0,17601522.0,CANONICAL_UNIT_FIX
a70d8f77-9f39-4b94-a113-bb9c1a819397,25594bcbd879ef25ca250052162de693,NetProfitMargin12M,48.35512294160976,48.35512294160976,SAME
a70d8f77-9f39-4b94-a113-bb9c1a819397,25594bcbd879ef25ca250052162de693,OperatingMargin12M,50.19898610273059,50.19898610273059,SAME
a70d8f77-9f39-4b94-a113-bb9c1a819397,25594bcbd879ef25ca250052162de693,ROE,212.59846171740787,212.59846171740787,SAME
a70d8f77-9f39-4b94-a113-bb9c1a819397,25594bcbd879ef25ca250052162de693,PEApprox,5.678900124985797,5.679430763625981,SAME
a70d8f77-9f39-4b94-a113-bb9c1a819397,25594bcbd879ef25ca250052162de693,SalesGrowthRank,0.3333333333333333,0.33152173913043476,SAME
a70d8f77-9f39-4b94-a113-bb9c1a819397,25594bcbd879ef25ca250052162de693,NetProfitGrowthRank,0.3,0.7992277992277992,FORMULA_CHANGE
a70d8f77-9f39-4b94-a113-bb9c1a819397,25594bcbd879ef25ca250052162de693,OperatingMarginRank,0.74,0.7622377622377622,FORMULA_CHANGE
a70d8f77-9f39-4b94-a113-bb9c1a819397,25594bcbd879ef25ca250052162de693,PERank,0.8233082706766918,0.8181818181818181,SAME
fd9e2e5f-8257-4b5d-be39-f57fb8dfcb83,1b3136d2227d59961e470887dc900c4d,SalesLast12M,,,SAME
fd9e2e5f-8257-4b5d-be39-f57fb8dfcb83,1b3136d2227d59961e470887dc900c4d,SalesGrowth12M,,,SAME
fd9e2e5f-8257-4b5d-be39-f57fb8dfcb83,1b3136d2227d59961e470887dc900c4d,TTMNetProfit,,22170000000.0,LEGACY_HEURISTIC_REMOVED
fd9e2e5f-8257-4b5d-be39-f57fb8dfcb83,1b3136d2227d59961e470887dc900c4d,NetProfitMargin12M,,,SAME
fd9e2e5f-8257-4b5d-be39-f57fb8dfcb83,1b3136d2227d59961e470887dc900c4d,OperatingMargin12M,,,SAME
fd9e2e5f-8257-4b5d-be39-f57fb8dfcb83,1b3136d2227d59961e470887dc900c4d,ROE,,,SAME
fd9e2e5f-8257-4b5d-be39-f57fb8dfcb83,1b3136d2227d59961e470887dc900c4d,PEApprox,8.14614343707713,8.14614343707713,SAME
fd9e2e5f-8257-4b5d-be39-f57fb8dfcb83,1b3136d2227d59961e470887dc900c4d,SalesGrowthRank,0.3,0.3,SAME
fd9e2e5f-8257-4b5d-be39-f57fb8dfcb83,1b3136d2227d59961e470887dc900c4d,NetProfitGrowthRank,0.3,0.7335907335907336,FORMULA_CHANGE
fd9e2e5f-8257-4b5d-be39-f57fb8dfcb83,1b3136d2227d59961e470887dc900c4d,OperatingMarginRank,0.3,0.3,SAME
fd9e2e5f-8257-4b5d-be39-f57fb8dfcb83,1b3136d2227d59961e470887dc900c4d,PERank,0.5375939849624061,0.5818181818181818,FORMULA_CHANGE
02156686-a480-45fe-a096-d0a6b6ba6c47,a7c92003e95722cea2d38ba5306603b9,SalesLast12M,244173913000000.0,244173913.0,CANONICAL_UNIT_FIX
02156686-a480-45fe-a096-d0a6b6ba6c47,a7c92003e95722cea2d38ba5306603b9,SalesGrowth12M,16.649102540303666,16.649102540303666,SAME
02156686-a480-45fe-a096-d0a6b6ba6c47,a7c92003e95722cea2d38ba5306603b9,TTMNetProfit,26285067000000.0,26285067.0,CANONICAL_UNIT_FIX
02156686-a480-45fe-a096-d0a6b6ba6c47,a7c92003e95722cea2d38ba5306603b9,NetProfitMargin12M,10.847887906957261,10.847887906957261,SAME
02156686-a480-45fe-a096-d0a6b6ba6c47,a7c92003e95722cea2d38ba5306603b9,OperatingMargin12M,17.99774582413095,17.99774582413095,SAME
02156686-a480-45fe-a096-d0a6b6ba6c47,a7c92003e95722cea2d38ba5306603b9,ROE,42.93965203010103,42.93965203010103,SAME
02156686-a480-45fe-a096-d0a6b6ba6c47,a7c92003e95722cea2d38ba5306603b9,PEApprox,11.383177570093459,11.375176078912972,SAME
02156686-a480-45fe-a096-d0a6b6ba6c47,a7c92003e95722cea2d38ba5306603b9,SalesGrowthRank,0.09444444444444444,0.09782608695652174,SAME
02156686-a480-45fe-a096-d0a6b6ba6c47,a7c92003e95722cea2d38ba5306603b9,NetProfitGrowthRank,0.3,0.16216216216216217,FORMULA_CHANGE
02156686-a480-45fe-a096-d0a6b6ba6c47,a7c92003e95722cea2d38ba5306603b9,OperatingMarginRank,0.25,0.3076923076923077,FORMULA_CHANGE
02156686-a480-45fe-a096-d0a6b6ba6c47,a7c92003e95722cea2d38ba5306603b9,PERank,0.3157894736842105,0.37090909090909085,FORMULA_CHANGE
800144e4-cc7d-4308-b9d0-50b502039f5b,25aafd0fbcf94aed7458b9d9f32852d8,SalesLast12M,311079300000000.0,311079300.0,CANONICAL_UNIT_FIX
800144e4-cc7d-4308-b9d0-50b502039f5b,25aafd0fbcf94aed7458b9d9f32852d8,SalesGrowth12M,80.42064994034877,80.42064994034877,SAME
800144e4-cc7d-4308-b9d0-50b502039f5b,25aafd0fbcf94aed7458b9d9f32852d8,TTMNetProfit,,,SAME
800144e4-cc7d-4308-b9d0-50b502039f5b,25aafd0fbcf94aed7458b9d9f32852d8,NetProfitMargin12M,,,SAME
800144e4-cc7d-4308-b9d0-50b502039f5b,25aafd0fbcf94aed7458b9d9f32852d8,OperatingMargin12M,,,SAME
800144e4-cc7d-4308-b9d0-50b502039f5b,25aafd0fbcf94aed7458b9d9f32852d8,ROE,,,SAME
800144e4-cc7d-4308-b9d0-50b502039f5b,25aafd0fbcf94aed7458b9d9f32852d8,PEApprox,,,SAME
800144e4-cc7d-4308-b9d0-50b502039f5b,25aafd0fbcf94aed7458b9d9f32852d8,SalesGrowthRank,0.5333333333333333,0.532608695652174,SAME
800144e4-cc7d-4308-b9d0-50b502039f5b,25aafd0fbcf94aed7458b9d9f32852d8,NetProfitGrowthRank,0.3,0.3,SAME
800144e4-cc7d-4308-b9d0-50b502039f5b,25aafd0fbcf94aed7458b9d9f32852d8,OperatingMarginRank,0.3,0.3,SAME
800144e4-cc7d-4308-b9d0-50b502039f5b,25aafd0fbcf94aed7458b9d9f32852d8,PERank,0.0,0.0,SAME
2d123302-2541-40dc-be32-801bab8251a5,713aa98887c6fda78002e405bfbec00e,SalesLast12M,32764611000000.0,32764611.0,CANONICAL_UNIT_FIX
2d123302-2541-40dc-be32-801bab8251a5,713aa98887c6fda78002e405bfbec00e,SalesGrowth12M,36.1776675616165,36.1776675616165,SAME
2d123302-2541-40dc-be32-801bab8251a5,713aa98887c6fda78002e405bfbec00e,TTMNetProfit,,23743500000.0,LEGACY_HEURISTIC_REMOVED
2d123302-2541-40dc-be32-801bab8251a5,713aa98887c6fda78002e405bfbec00e,NetProfitMargin12M,,53.94809739971287,MISSING_CANONICAL_DATA
2d123302-2541-40dc-be32-801bab8251a5,713aa98887c6fda78002e405bfbec00e,OperatingMargin12M,,52.458166540414986,MISSING_CANONICAL_DATA
2d123302-2541-40dc-be32-801bab8251a5,713aa98887c6fda78002e405bfbec00e,ROE,,,SAME
2d123302-2541-40dc-be32-801bab8251a5,713aa98887c6fda78002e405bfbec00e,PEApprox,3.8568450312717166,3.8568450312717166,SAME
2d123302-2541-40dc-be32-801bab8251a5,713aa98887c6fda78002e405bfbec00e,SalesGrowthRank,0.19444444444444445,0.1956521739130435,SAME
2d123302-2541-40dc-be32-801bab8251a5,713aa98887c6fda78002e405bfbec00e,NetProfitGrowthRank,0.3,0.918918918918919,FORMULA_CHANGE
2d123302-2541-40dc-be32-801bab8251a5,713aa98887c6fda78002e405bfbec00e,OperatingMarginRank,0.3,0.7902097902097902,FORMULA_CHANGE
2d123302-2541-40dc-be32-801bab8251a5,713aa98887c6fda78002e405bfbec00e,PERank,0.9360902255639098,0.9418181818181818,SAME
8b9bd230-19fb-4332-83e5-0a6ae4f0a983,251c0169be640916c76cf3d978482145,SalesLast12M,,,SAME
8b9bd230-19fb-4332-83e5-0a6ae4f0a983,251c0169be640916c76cf3d978482145,SalesGrowth12M,,,SAME
8b9bd230-19fb-4332-83e5-0a6ae4f0a983,251c0169be640916c76cf3d978482145,TTMNetProfit,,1380000000.0,LEGACY_HEURISTIC_REMOVED
8b9bd230-19fb-4332-83e5-0a6ae4f0a983,251c0169be640916c76cf3d978482145,NetProfitMargin12M,,,SAME
8b9bd230-19fb-4332-83e5-0a6ae4f0a983,251c0169be640916c76cf3d978482145,OperatingMargin12M,,,SAME
8b9bd230-19fb-4332-83e5-0a6ae4f0a983,251c0169be640916c76cf3d978482145,ROE,,,SAME
8b9bd230-19fb-4332-83e5-0a6ae4f0a983,251c0169be640916c76cf3d978482145,PEApprox,66.55797101449275,66.55797101449275,SAME
8b9bd230-19fb-4332-83e5-0a6ae4f0a983,251c0169be640916c76cf3d978482145,SalesGrowthRank,0.3,0.3,SAME
8b9bd230-19fb-4332-83e5-0a6ae4f0a983,251c0169be640916c76cf3d978482145,NetProfitGrowthRank,0.3,0.20463320463320464,FORMULA_CHANGE
8b9bd230-19fb-4332-83e5-0a6ae4f0a983,251c0169be640916c76cf3d978482145,OperatingMarginRank,0.3,0.3,SAME
8b9bd230-19fb-4332-83e5-0a6ae4f0a983,251c0169be640916c76cf3d978482145,PERank,0.0,0.0,SAME
ebf0e388-b11a-4e8d-918c-7e61cf997d60,86753ad1b296713ec2fe34094b7b1d88,SalesLast12M,5437020000000.0,5437020.0,CANONICAL_UNIT_FIX
ebf0e388-b11a-4e8d-918c-7e61cf997d60,86753ad1b296713ec2fe34094b7b1d88,SalesGrowth12M,26.761587906284902,26.761587906284902,SAME
ebf0e388-b11a-4e8d-918c-7e61cf997d60,86753ad1b296713ec2fe34094b7b1d88,TTMNetProfit,1322913000000.0,1322913.0,CANONICAL_UNIT_FIX
ebf0e388-b11a-4e8d-918c-7e61cf997d60,86753ad1b296713ec2fe34094b7b1d88,NetProfitMargin12M,23.79145231820058,23.79145231820058,SAME
ebf0e388-b11a-4e8d-918c-7e61cf997d60,86753ad1b296713ec2fe34094b7b1d88,OperatingMargin12M,26.79904791963967,26.79904791963967,SAME
ebf0e388-b11a-4e8d-918c-7e61cf997d60,86753ad1b296713ec2fe34094b7b1d88,ROE,22.214510908579513,22.214510908579513,SAME
ebf0e388-b11a-4e8d-918c-7e61cf997d60,86753ad1b296713ec2fe34094b7b1d88,PEApprox,24.615384615384617,24.539224522273788,FORMULA_CHANGE
ebf0e388-b11a-4e8d-918c-7e61cf997d60,86753ad1b296713ec2fe34094b7b1d88,SalesGrowthRank,0.15555555555555556,0.15760869565217392,SAME
ebf0e388-b11a-4e8d-918c-7e61cf997d60,86753ad1b296713ec2fe34094b7b1d88,NetProfitGrowthRank,0.3,0.08108108108108109,FORMULA_CHANGE
ebf0e388-b11a-4e8d-918c-7e61cf997d60,86753ad1b296713ec2fe34094b7b1d88,OperatingMarginRank,0.45,0.5034965034965035,FORMULA_CHANGE
ebf0e388-b11a-4e8d-918c-7e61cf997d60,86753ad1b296713ec2fe34094b7b1d88,PERank,0.17669172932330823,0.23272727272727278,FORMULA_CHANGE
45761726-5a5b-48ab-ae64-d8cad1de4bb3,d01ad6f1e6afd1225f55ef45468e0c84,SalesLast12M,158863698000000.0,158863698.0,CANONICAL_UNIT_FIX
45761726-5a5b-48ab-ae64-d8cad1de4bb3,d01ad6f1e6afd1225f55ef45468e0c84,SalesGrowth12M,194.61837339912086,194.61837339912086,SAME
45761726-5a5b-48ab-ae64-d8cad1de4bb3,d01ad6f1e6afd1225f55ef45468e0c84,TTMNetProfit,43548995000000.0,43548995.0,CANONICAL_UNIT_FIX
45761726-5a5b-48ab-ae64-d8cad1de4bb3,d01ad6f1e6afd1225f55ef45468e0c84,NetProfitMargin12M,35.416493053396756,35.416493053396756,SAME
45761726-5a5b-48ab-ae64-d8cad1de4bb3,d01ad6f1e6afd1225f55ef45468e0c84,OperatingMargin12M,53.6064178476049,53.6064178476049,SAME
45761726-5a5b-48ab-ae64-d8cad1de4bb3,d01ad6f1e6afd1225f55ef45468e0c84,ROE,48.912177063516474,48.912177063516474,SAME
45761726-5a5b-48ab-ae64-d8cad1de4bb3,d01ad6f1e6afd1225f55ef45468e0c84,PEApprox,-12.304283604135893,9.905457257638389,FORMULA_CHANGE
45761726-5a5b-48ab-ae64-d8cad1de4bb3,d01ad6f1e6afd1225f55ef45468e0c84,SalesGrowthRank,0.9583333333333334,0.9538043478260869,SAME
45761726-5a5b-48ab-ae64-d8cad1de4bb3,d01ad6f1e6afd1225f55ef45468e0c84,NetProfitGrowthRank,0.3,0.918918918918919,FORMULA_CHANGE
45761726-5a5b-48ab-ae64-d8cad1de4bb3,d01ad6f1e6afd1225f55ef45468e0c84,OperatingMarginRank,0.78,0.8111888111888111,FORMULA_CHANGE
45761726-5a5b-48ab-ae64-d8cad1de4bb3,d01ad6f1e6afd1225f55ef45468e0c84,PERank,0.0,0.41454545454545455,FORMULA_CHANGE
9ea705bb-16b7-4952-ba9f-1215c615858e,a4c5e155e0d31a9e8e3eaf65bf32f899,SalesLast12M,,,SAME
9ea705bb-16b7-4952-ba9f-1215c615858e,a4c5e155e0d31a9e8e3eaf65bf32f899,SalesGrowth12M,,,SAME
9ea705bb-16b7-4952-ba9f-1215c615858e,a4c5e155e0d31a9e8e3eaf65bf32f899,TTMNetProfit,,,SAME
9ea705bb-16b7-4952-ba9f-1215c615858e,a4c5e155e0d31a9e8e3eaf65bf32f899,NetProfitMargin12M,,,SAME
9ea705bb-16b7-4952-ba9f-1215c615858e,a4c5e155e0d31a9e8e3eaf65bf32f899,OperatingMargin12M,,,SAME
9ea705bb-16b7-4952-ba9f-1215c615858e,a4c5e155e0d31a9e8e3eaf65bf32f899,ROE,,,SAME
9ea705bb-16b7-4952-ba9f-1215c615858e,a4c5e155e0d31a9e8e3eaf65bf32f899,PEApprox,15.878332194121668,,FORMULA_CHANGE
9ea705bb-16b7-4952-ba9f-1215c615858e,a4c5e155e0d31a9e8e3eaf65bf32f899,SalesGrowthRank,0.3,0.3,SAME
9ea705bb-16b7-4952-ba9f-1215c615858e,a4c5e155e0d31a9e8e3eaf65bf32f899,NetProfitGrowthRank,0.3,0.918918918918919,FORMULA_CHANGE
9ea705bb-16b7-4952-ba9f-1215c615858e,a4c5e155e0d31a9e8e3eaf65bf32f899,OperatingMarginRank,0.3,0.3,SAME
9ea705bb-16b7-4952-ba9f-1215c615858e,a4c5e155e0d31a9e8e3eaf65bf32f899,PERank,0.2293233082706767,0.0,FORMULA_CHANGE
388f886c-2558-4f9f-8871-a3bb73d2546a,8ecb7116a860463b6dee7ca13dcf73ea,SalesLast12M,108259404000000.0,108259404.0,CANONICAL_UNIT_FIX
388f886c-2558-4f9f-8871-a3bb73d2546a,8ecb7116a860463b6dee7ca13dcf73ea,SalesGrowth12M,101.76430117190927,101.76430117190927,SAME
388f886c-2558-4f9f-8871-a3bb73d2546a,8ecb7116a860463b6dee7ca13dcf73ea,TTMNetProfit,28841734000000.0,28841734.0,CANONICAL_UNIT_FIX
388f886c-2558-4f9f-8871-a3bb73d2546a,8ecb7116a860463b6dee7ca13dcf73ea,NetProfitMargin12M,35.976777263824225,35.976777263824225,SAME
388f886c-2558-4f9f-8871-a3bb73d2546a,8ecb7116a860463b6dee7ca13dcf73ea,OperatingMargin12M,48.114468678023485,48.114468678023485,SAME
388f886c-2558-4f9f-8871-a3bb73d2546a,8ecb7116a860463b6dee7ca13dcf73ea,ROE,67.76293327256025,67.76293327256025,SAME
388f886c-2558-4f9f-8871-a3bb73d2546a,8ecb7116a860463b6dee7ca13dcf73ea,PEApprox,5.561719833564494,5.562408808832811,SAME
388f886c-2558-4f9f-8871-a3bb73d2546a,8ecb7116a860463b6dee7ca13dcf73ea,SalesGrowthRank,0.7166666666666667,0.7119565217391305,SAME
388f886c-2558-4f9f-8871-a3bb73d2546a,8ecb7116a860463b6dee7ca13dcf73ea,NetProfitGrowthRank,0.3,0.47876447876447875,FORMULA_CHANGE
388f886c-2558-4f9f-8871-a3bb73d2546a,8ecb7116a860463b6dee7ca13dcf73ea,OperatingMarginRank,0.72,0.7482517482517482,FORMULA_CHANGE
388f886c-2558-4f9f-8871-a3bb73d2546a,8ecb7116a860463b6dee7ca13dcf73ea,PERank,0.8308270676691729,0.8290909090909091,SAME
d27cd264-4b08-4ddc-b81d-8367e3d8aaa4,77ec0ce2270f5a3e04f8fa6313cf5201,SalesLast12M,15624326000000.0,15624326.0,CANONICAL_UNIT_FIX
d27cd264-4b08-4ddc-b81d-8367e3d8aaa4,77ec0ce2270f5a3e04f8fa6313cf5201,SalesGrowth12M,161.71242518470575,161.71242518470575,SAME
d27cd264-4b08-4ddc-b81d-8367e3d8aaa4,77ec0ce2270f5a3e04f8fa6313cf5201,TTMNetProfit,2722669000000.0,2722669.0,CANONICAL_UNIT_FIX
d27cd264-4b08-4ddc-b81d-8367e3d8aaa4,77ec0ce2270f5a3e04f8fa6313cf5201,NetProfitMargin12M,21.15047889946343,21.15047889946343,SAME
d27cd264-4b08-4ddc-b81d-8367e3d8aaa4,77ec0ce2270f5a3e04f8fa6313cf5201,OperatingMargin12M,43.1592216423281,43.1592216423281,SAME
d27cd264-4b08-4ddc-b81d-8367e3d8aaa4,77ec0ce2270f5a3e04f8fa6313cf5201,ROE,57.42453703088542,57.42453703088542,SAME
d27cd264-4b08-4ddc-b81d-8367e3d8aaa4,77ec0ce2270f5a3e04f8fa6313cf5201,PEApprox,11.183006535947712,11.18253366580314,SAME
d27cd264-4b08-4ddc-b81d-8367e3d8aaa4,77ec0ce2270f5a3e04f8fa6313cf5201,SalesGrowthRank,0.9583333333333334,0.9538043478260869,SAME
d27cd264-4b08-4ddc-b81d-8367e3d8aaa4,77ec0ce2270f5a3e04f8fa6313cf5201,NetProfitGrowthRank,0.3,0.918918918918919,FORMULA_CHANGE
d27cd264-4b08-4ddc-b81d-8367e3d8aaa4,77ec0ce2270f5a3e04f8fa6313cf5201,OperatingMarginRank,0.64,0.6783216783216783,FORMULA_CHANGE
d27cd264-4b08-4ddc-b81d-8367e3d8aaa4,77ec0ce2270f5a3e04f8fa6313cf5201,PERank,0.32330827067669177,0.3745454545454545,FORMULA_CHANGE
bd759dfb-9f7e-45fe-8f91-0f59f901585a,a09b97e4613ee9786a2d838cfdde6353,SalesLast12M,109427479000000.0,109427479.0,CANONICAL_UNIT_FIX
bd759dfb-9f7e-45fe-8f91-0f59f901585a,a09b97e4613ee9786a2d838cfdde6353,SalesGrowth12M,62.822962277545614,62.822962277545614,SAME
bd759dfb-9f7e-45fe-8f91-0f59f901585a,a09b97e4613ee9786a2d838cfdde6353,TTMNetProfit,21891910000000.0,21891910.0,CANONICAL_UNIT_FIX
bd759dfb-9f7e-45fe-8f91-0f59f901585a,a09b97e4613ee9786a2d838cfdde6353,NetProfitMargin12M,24.15504975241303,24.15504975241303,SAME
bd759dfb-9f7e-45fe-8f91-0f59f901585a,a09b97e4613ee9786a2d838cfdde6353,OperatingMargin12M,31.286473535812004,31.286473535812004,SAME
bd759dfb-9f7e-45fe-8f91-0f59f901585a,a09b97e4613ee9786a2d838cfdde6353,ROE,50.63539681364839,50.63539681364839,SAME
bd759dfb-9f7e-45fe-8f91-0f59f901585a,a09b97e4613ee9786a2d838cfdde6353,PEApprox,8.1637519872814,8.171474845260155,SAME
bd759dfb-9f7e-45fe-8f91-0f59f901585a,a09b97e4613ee9786a2d838cfdde6353,SalesGrowthRank,0.4111111111111111,0.4076086956521739,SAME
bd759dfb-9f7e-45fe-8f91-0f59f901585a,a09b97e4613ee9786a2d838cfdde6353,NetProfitGrowthRank,0.3,0.6602316602316602,FORMULA_CHANGE
bd759dfb-9f7e-45fe-8f91-0f59f901585a,a09b97e4613ee9786a2d838cfdde6353,OperatingMarginRank,0.52,0.5734265734265734,FORMULA_CHANGE
bd759dfb-9f7e-45fe-8f91-0f59f901585a,a09b97e4613ee9786a2d838cfdde6353,PERank,0.5338345864661654,0.5709090909090909,FORMULA_CHANGE
8c7c69d3-10db-49a6-b4a1-fec3009d2332,d9386a2d4a04ecbff28884606d66eda3,SalesLast12M,13911910000000.0,13911910.0,CANONICAL_UNIT_FIX
8c7c69d3-10db-49a6-b4a1-fec3009d2332,d9386a2d4a04ecbff28884606d66eda3,SalesGrowth12M,60.54050061910966,60.54050061910966,SAME
8c7c69d3-10db-49a6-b4a1-fec3009d2332,d9386a2d4a04ecbff28884606d66eda3,TTMNetProfit,,5559300000.0,LEGACY_HEURISTIC_REMOVED
8c7c69d3-10db-49a6-b4a1-fec3009d2332,d9386a2d4a04ecbff28884606d66eda3,NetProfitMargin12M,,,SAME
8c7c69d3-10db-49a6-b4a1-fec3009d2332,d9386a2d4a04ecbff28884606d66eda3,OperatingMargin12M,,,SAME
8c7c69d3-10db-49a6-b4a1-fec3009d2332,d9386a2d4a04ecbff28884606d66eda3,ROE,,,SAME
8c7c69d3-10db-49a6-b4a1-fec3009d2332,d9386a2d4a04ecbff28884606d66eda3,PEApprox,4.5049504950495045,3.977659057795046,FORMULA_CHANGE
8c7c69d3-10db-49a6-b4a1-fec3009d2332,d9386a2d4a04ecbff28884606d66eda3,SalesGrowthRank,0.38333333333333336,0.3804347826086957,SAME
8c7c69d3-10db-49a6-b4a1-fec3009d2332,d9386a2d4a04ecbff28884606d66eda3,NetProfitGrowthRank,0.3,0.583011583011583,FORMULA_CHANGE
8c7c69d3-10db-49a6-b4a1-fec3009d2332,d9386a2d4a04ecbff28884606d66eda3,OperatingMarginRank,0.3,0.3,SAME
8c7c69d3-10db-49a6-b4a1-fec3009d2332,d9386a2d4a04ecbff28884606d66eda3,PERank,0.8909774436090225,0.9309090909090909,FORMULA_CHANGE
83ec683f-eb5f-4ccc-abde-96641f1a0bf1,0e3a6731bfe6da581d9c4190b9b9707b,SalesLast12M,120611902000000.0,120611902.0,CANONICAL_UNIT_FIX
83ec683f-eb5f-4ccc-abde-96641f1a0bf1,0e3a6731bfe6da581d9c4190b9b9707b,SalesGrowth12M,131.62935478309092,131.62935478309092,SAME
83ec683f-eb5f-4ccc-abde-96641f1a0bf1,0e3a6731bfe6da581d9c4190b9b9707b,TTMNetProfit,,24271200000.0,LEGACY_HEURISTIC_REMOVED
83ec683f-eb5f-4ccc-abde-96641f1a0bf1,0e3a6731bfe6da581d9c4190b9b9707b,NetProfitMargin12M,,,SAME
83ec683f-eb5f-4ccc-abde-96641f1a0bf1,0e3a6731bfe6da581d9c4190b9b9707b,OperatingMargin12M,,28.323388018539,MISSING_CANONICAL_DATA
83ec683f-eb5f-4ccc-abde-96641f1a0bf1,0e3a6731bfe6da581d9c4190b9b9707b,ROE,,,SAME
83ec683f-eb5f-4ccc-abde-96641f1a0bf1,0e3a6731bfe6da581d9c4190b9b9707b,PEApprox,6.158631415241057,11.74725600711955,FORMULA_CHANGE
83ec683f-eb5f-4ccc-abde-96641f1a0bf1,0e3a6731bfe6da581d9c4190b9b9707b,SalesGrowthRank,0.8722222222222222,0.8641304347826086,SAME
83ec683f-eb5f-4ccc-abde-96641f1a0bf1,0e3a6731bfe6da581d9c4190b9b9707b,NetProfitGrowthRank,0.3,0.7374517374517374,FORMULA_CHANGE
83ec683f-eb5f-4ccc-abde-96641f1a0bf1,0e3a6731bfe6da581d9c4190b9b9707b,OperatingMarginRank,0.3,0.5244755244755245,FORMULA_CHANGE
83ec683f-eb5f-4ccc-abde-96641f1a0bf1,0e3a6731bfe6da581d9c4190b9b9707b,PERank,0.7706766917293233,0.3527272727272728,FORMULA_CHANGE
31a4e996-b8e0-4bfa-94bc-a28d26e626b9,9690eb40ea60e7030a8c95d739fc573c,SalesLast12M,,,SAME
31a4e996-b8e0-4bfa-94bc-a28d26e626b9,9690eb40ea60e7030a8c95d739fc573c,SalesGrowth12M,,,SAME
31a4e996-b8e0-4bfa-94bc-a28d26e626b9,9690eb40ea60e7030a8c95d739fc573c,TTMNetProfit,,10930000000.0,LEGACY_HEURISTIC_REMOVED
31a4e996-b8e0-4bfa-94bc-a28d26e626b9,9690eb40ea60e7030a8c95d739fc573c,NetProfitMargin12M,,,SAME
31a4e996-b8e0-4bfa-94bc-a28d26e626b9,9690eb40ea60e7030a8c95d739fc573c,OperatingMargin12M,,,SAME
31a4e996-b8e0-4bfa-94bc-a28d26e626b9,9690eb40ea60e7030a8c95d739fc573c,ROE,,,SAME
31a4e996-b8e0-4bfa-94bc-a28d26e626b9,9690eb40ea60e7030a8c95d739fc573c,PEApprox,6.645928636779506,,FORMULA_CHANGE
31a4e996-b8e0-4bfa-94bc-a28d26e626b9,9690eb40ea60e7030a8c95d739fc573c,SalesGrowthRank,0.3,0.3,SAME
31a4e996-b8e0-4bfa-94bc-a28d26e626b9,9690eb40ea60e7030a8c95d739fc573c,NetProfitGrowthRank,0.3,0.28957528957528955,FORMULA_CHANGE
31a4e996-b8e0-4bfa-94bc-a28d26e626b9,9690eb40ea60e7030a8c95d739fc573c,OperatingMarginRank,0.3,0.3,SAME
31a4e996-b8e0-4bfa-94bc-a28d26e626b9,9690eb40ea60e7030a8c95d739fc573c,PERank,0.7180451127819549,0.0,FORMULA_CHANGE
56860995-8786-4e76-9c41-912e6b91fa85,8f5d6dbbead24fee9802a92474c4ead8,SalesLast12M,,,SAME
56860995-8786-4e76-9c41-912e6b91fa85,8f5d6dbbead24fee9802a92474c4ead8,SalesGrowth12M,,,SAME
56860995-8786-4e76-9c41-912e6b91fa85,8f5d6dbbead24fee9802a92474c4ead8,TTMNetProfit,,4683920232.0,LEGACY_HEURISTIC_REMOVED
56860995-8786-4e76-9c41-912e6b91fa85,8f5d6dbbead24fee9802a92474c4ead8,NetProfitMargin12M,,,SAME
56860995-8786-4e76-9c41-912e6b91fa85,8f5d6dbbead24fee9802a92474c4ead8,OperatingMargin12M,,,SAME
56860995-8786-4e76-9c41-912e6b91fa85,8f5d6dbbead24fee9802a92474c4ead8,ROE,,,SAME
56860995-8786-4e76-9c41-912e6b91fa85,8f5d6dbbead24fee9802a92474c4ead8,PEApprox,8.756345177664974,,FORMULA_CHANGE
56860995-8786-4e76-9c41-912e6b91fa85,8f5d6dbbead24fee9802a92474c4ead8,SalesGrowthRank,0.3,0.3,SAME
56860995-8786-4e76-9c41-912e6b91fa85,8f5d6dbbead24fee9802a92474c4ead8,NetProfitGrowthRank,0.3,0.4247104247104247,FORMULA_CHANGE
56860995-8786-4e76-9c41-912e6b91fa85,8f5d6dbbead24fee9802a92474c4ead8,OperatingMarginRank,0.3,0.3,SAME
56860995-8786-4e76-9c41-912e6b91fa85,8f5d6dbbead24fee9802a92474c4ead8,PERank,0.45112781954887216,0.0,FORMULA_CHANGE
a97cb8af-29da-4af7-a6bf-9c607418b335,5ba7eb50b25bd20543e42f9cc50394ed,SalesLast12M,33268153000000.0,33268153.0,CANONICAL_UNIT_FIX
a97cb8af-29da-4af7-a6bf-9c607418b335,5ba7eb50b25bd20543e42f9cc50394ed,SalesGrowth12M,83.93818648220886,83.93818648220886,SAME
a97cb8af-29da-4af7-a6bf-9c607418b335,5ba7eb50b25bd20543e42f9cc50394ed,TTMNetProfit,,35285450000.0,LEGACY_HEURISTIC_REMOVED
a97cb8af-29da-4af7-a6bf-9c607418b335,5ba7eb50b25bd20543e42f9cc50394ed,NetProfitMargin12M,,,SAME
a97cb8af-29da-4af7-a6bf-9c607418b335,5ba7eb50b25bd20543e42f9cc50394ed,OperatingMargin12M,,,SAME
a97cb8af-29da-4af7-a6bf-9c607418b335,5ba7eb50b25bd20543e42f9cc50394ed,ROE,,,SAME
a97cb8af-29da-4af7-a6bf-9c607418b335,5ba7eb50b25bd20543e42f9cc50394ed,PEApprox,10.621712997746055,3.926476777255214,FORMULA_CHANGE
a97cb8af-29da-4af7-a6bf-9c607418b335,5ba7eb50b25bd20543e42f9cc50394ed,SalesGrowthRank,0.5722222222222222,0.5706521739130435,SAME
a97cb8af-29da-4af7-a6bf-9c607418b335,5ba7eb50b25bd20543e42f9cc50394ed,NetProfitGrowthRank,0.3,0.38223938223938225,FORMULA_CHANGE
a97cb8af-29da-4af7-a6bf-9c607418b335,5ba7eb50b25bd20543e42f9cc50394ed,OperatingMarginRank,0.3,0.3,SAME
a97cb8af-29da-4af7-a6bf-9c607418b335,5ba7eb50b25bd20543e42f9cc50394ed,PERank,0.33834586466165417,0.9345454545454546,FORMULA_CHANGE
5eb4dae1-aebb-4ce0-bcbf-9509c7ec1697,549b1892b8d2c12be65851e10d9d9253,SalesLast12M,70141877000000.0,70141877.0,CANONICAL_UNIT_FIX
5eb4dae1-aebb-4ce0-bcbf-9509c7ec1697,549b1892b8d2c12be65851e10d9d9253,SalesGrowth12M,37.87221997071463,37.87221997071463,SAME
5eb4dae1-aebb-4ce0-bcbf-9509c7ec1697,549b1892b8d2c12be65851e10d9d9253,TTMNetProfit,,30196707404.0,LEGACY_HEURISTIC_REMOVED
5eb4dae1-aebb-4ce0-bcbf-9509c7ec1697,549b1892b8d2c12be65851e10d9d9253,NetProfitMargin12M,,,SAME
5eb4dae1-aebb-4ce0-bcbf-9509c7ec1697,549b1892b8d2c12be65851e10d9d9253,OperatingMargin12M,,,SAME
5eb4dae1-aebb-4ce0-bcbf-9509c7ec1697,549b1892b8d2c12be65851e10d9d9253,ROE,,,SAME
5eb4dae1-aebb-4ce0-bcbf-9509c7ec1697,549b1892b8d2c12be65851e10d9d9253,PEApprox,7.051445369916707,7.0521364170913365,SAME
5eb4dae1-aebb-4ce0-bcbf-9509c7ec1697,549b1892b8d2c12be65851e10d9d9253,SalesGrowthRank,0.21666666666666667,0.21739130434782608,SAME
5eb4dae1-aebb-4ce0-bcbf-9509c7ec1697,549b1892b8d2c12be65851e10d9d9253,NetProfitGrowthRank,0.3,0.17374517374517376,FORMULA_CHANGE
5eb4dae1-aebb-4ce0-bcbf-9509c7ec1697,549b1892b8d2c12be65851e10d9d9253,OperatingMarginRank,0.3,0.3,SAME
5eb4dae1-aebb-4ce0-bcbf-9509c7ec1697,549b1892b8d2c12be65851e10d9d9253,PERank,0.6654135338345865,0.6945454545454546,FORMULA_CHANGE
0d2f948b-6b8d-461d-9ae5-0e2d6f15f097,20579374fedaf42bb5e2e72dd734e793,SalesLast12M,23649116000000.0,23649116.0,CANONICAL_UNIT_FIX
0d2f948b-6b8d-461d-9ae5-0e2d6f15f097,20579374fedaf42bb5e2e72dd734e793,SalesGrowth12M,88.7544288113398,88.7544288113398,SAME
0d2f948b-6b8d-461d-9ae5-0e2d6f15f097,20579374fedaf42bb5e2e72dd734e793,TTMNetProfit,,,SAME
0d2f948b-6b8d-461d-9ae5-0e2d6f15f097,20579374fedaf42bb5e2e72dd734e793,NetProfitMargin12M,,,SAME
0d2f948b-6b8d-461d-9ae5-0e2d6f15f097,20579374fedaf42bb5e2e72dd734e793,OperatingMargin12M,,,SAME
0d2f948b-6b8d-461d-9ae5-0e2d6f15f097,20579374fedaf42bb5e2e72dd734e793,ROE,,,SAME
0d2f948b-6b8d-461d-9ae5-0e2d6f15f097,20579374fedaf42bb5e2e72dd734e793,PEApprox,11.14189756507137,,FORMULA_CHANGE
0d2f948b-6b8d-461d-9ae5-0e2d6f15f097,20579374fedaf42bb5e2e72dd734e793,SalesGrowthRank,0.5944444444444444,0.592391304347826,SAME
0d2f948b-6b8d-461d-9ae5-0e2d6f15f097,20579374fedaf42bb5e2e72dd734e793,NetProfitGrowthRank,0.3,0.46332046332046334,FORMULA_CHANGE
0d2f948b-6b8d-461d-9ae5-0e2d6f15f097,20579374fedaf42bb5e2e72dd734e793,OperatingMarginRank,0.3,0.3,SAME
0d2f948b-6b8d-461d-9ae5-0e2d6f15f097,20579374fedaf42bb5e2e72dd734e793,PERank,0.3270676691729323,0.0,FORMULA_CHANGE
b41e133e-5fc5-455e-bf42-68f4ce26b480,c948737bdfc349d67b85aee1855d53b9,SalesLast12M,38566197000000.0,38566197.0,CANONICAL_UNIT_FIX
b41e133e-5fc5-455e-bf42-68f4ce26b480,c948737bdfc349d67b85aee1855d53b9,SalesGrowth12M,118.74330610390305,118.74330610390305,SAME
b41e133e-5fc5-455e-bf42-68f4ce26b480,c948737bdfc349d67b85aee1855d53b9,TTMNetProfit,,9628322284.0,LEGACY_HEURISTIC_REMOVED
b41e133e-5fc5-455e-bf42-68f4ce26b480,c948737bdfc349d67b85aee1855d53b9,NetProfitMargin12M,,,SAME
b41e133e-5fc5-455e-bf42-68f4ce26b480,c948737bdfc349d67b85aee1855d53b9,OperatingMargin12M,,16.491172308226297,MISSING_CANONICAL_DATA
b41e133e-5fc5-455e-bf42-68f4ce26b480,c948737bdfc349d67b85aee1855d53b9,ROE,,,SAME
b41e133e-5fc5-455e-bf42-68f4ce26b480,c948737bdfc349d67b85aee1855d53b9,PEApprox,7.564469914040115,7.564469914040115,SAME
b41e133e-5fc5-455e-bf42-68f4ce26b480,c948737bdfc349d67b85aee1855d53b9,SalesGrowthRank,0.8111111111111111,0.8043478260869565,SAME
b41e133e-5fc5-455e-bf42-68f4ce26b480,c948737bdfc349d67b85aee1855d53b9,NetProfitGrowthRank,0.3,0.5637065637065637,FORMULA_CHANGE
b41e133e-5fc5-455e-bf42-68f4ce26b480,c948737bdfc349d67b85aee1855d53b9,OperatingMarginRank,0.3,0.25874125874125875,FORMULA_CHANGE
b41e133e-5fc5-455e-bf42-68f4ce26b480,c948737bdfc349d67b85aee1855d53b9,PERank,0.5789473684210527,0.6290909090909091,FORMULA_CHANGE
d80221bc-60fd-4ba4-b96c-7af5aebcf0b5,c72d6744160ed4ab4dd2ea41ac2b3c63,SalesLast12M,636080971000000.0,636080971.0,CANONICAL_UNIT_FIX
d80221bc-60fd-4ba4-b96c-7af5aebcf0b5,c72d6744160ed4ab4dd2ea41ac2b3c63,SalesGrowth12M,0.9778730366855984,0.9778730366855984,SAME
d80221bc-60fd-4ba4-b96c-7af5aebcf0b5,c72d6744160ed4ab4dd2ea41ac2b3c63,TTMNetProfit,7676811000000.0,7676811.0,CANONICAL_UNIT_FIX
d80221bc-60fd-4ba4-b96c-7af5aebcf0b5,c72d6744160ed4ab4dd2ea41ac2b3c63,NetProfitMargin12M,1.20469361316734,1.20469361316734,SAME
d80221bc-60fd-4ba4-b96c-7af5aebcf0b5,c72d6744160ed4ab4dd2ea41ac2b3c63,OperatingMargin12M,-16.180787820223554,-16.180787820223554,SAME
d80221bc-60fd-4ba4-b96c-7af5aebcf0b5,c72d6744160ed4ab4dd2ea41ac2b3c63,ROE,1.3029419702864788,1.3029419702864788,SAME
d80221bc-60fd-4ba4-b96c-7af5aebcf0b5,c72d6744160ed4ab4dd2ea41ac2b3c63,PEApprox,61.81818181818182,,FORMULA_CHANGE
d80221bc-60fd-4ba4-b96c-7af5aebcf0b5,c72d6744160ed4ab4dd2ea41ac2b3c63,SalesGrowthRank,0.022222222222222223,0.02717391304347826,SAME
d80221bc-60fd-4ba4-b96c-7af5aebcf0b5,c72d6744160ed4ab4dd2ea41ac2b3c63,NetProfitGrowthRank,0.3,0.5212355212355212,FORMULA_CHANGE
d80221bc-60fd-4ba4-b96c-7af5aebcf0b5,c72d6744160ed4ab4dd2ea41ac2b3c63,OperatingMarginRank,0.01,0.0,SAME
d80221bc-60fd-4ba4-b96c-7af5aebcf0b5,c72d6744160ed4ab4dd2ea41ac2b3c63,PERank,0.0,0.0,SAME
179aaa17-da7e-42d4-8726-04042db9ab21,d108002c1966bd34137074461c1193bc,SalesLast12M,14866695000000.0,14866695.0,CANONICAL_UNIT_FIX
179aaa17-da7e-42d4-8726-04042db9ab21,d108002c1966bd34137074461c1193bc,SalesGrowth12M,111.88654152937418,111.88654152937418,SAME
179aaa17-da7e-42d4-8726-04042db9ab21,d108002c1966bd34137074461c1193bc,TTMNetProfit,,633360000.0,LEGACY_HEURISTIC_REMOVED
179aaa17-da7e-42d4-8726-04042db9ab21,d108002c1966bd34137074461c1193bc,NetProfitMargin12M,,,SAME
179aaa17-da7e-42d4-8726-04042db9ab21,d108002c1966bd34137074461c1193bc,OperatingMargin12M,,,SAME
179aaa17-da7e-42d4-8726-04042db9ab21,d108002c1966bd34137074461c1193bc,ROE,,,SAME
179aaa17-da7e-42d4-8726-04042db9ab21,d108002c1966bd34137074461c1193bc,PEApprox,13.951985226223453,43.41954022988506,FORMULA_CHANGE
179aaa17-da7e-42d4-8726-04042db9ab21,d108002c1966bd34137074461c1193bc,SalesGrowthRank,0.7722222222222223,0.7663043478260869,SAME
179aaa17-da7e-42d4-8726-04042db9ab21,d108002c1966bd34137074461c1193bc,NetProfitGrowthRank,0.3,0.37065637065637064,FORMULA_CHANGE
179aaa17-da7e-42d4-8726-04042db9ab21,d108002c1966bd34137074461c1193bc,OperatingMarginRank,0.3,0.3,SAME
179aaa17-da7e-42d4-8726-04042db9ab21,d108002c1966bd34137074461c1193bc,PERank,0.2556390977443609,0.17454545454545456,FORMULA_CHANGE
34215318-8ead-4752-9213-74f6fd40bc36,99739597e0be8c49abb1092f02513a19,SalesLast12M,111249490000000.0,111249490.0,CANONICAL_UNIT_FIX
34215318-8ead-4752-9213-74f6fd40bc36,99739597e0be8c49abb1092f02513a19,SalesGrowth12M,37.184885182445264,37.184885182445264,SAME
34215318-8ead-4752-9213-74f6fd40bc36,99739597e0be8c49abb1092f02513a19,TTMNetProfit,18268897000000.0,18268897.0,CANONICAL_UNIT_FIX
34215318-8ead-4752-9213-74f6fd40bc36,99739597e0be8c49abb1092f02513a19,NetProfitMargin12M,17.13557395693605,17.13557395693605,SAME
34215318-8ead-4752-9213-74f6fd40bc36,99739597e0be8c49abb1092f02513a19,OperatingMargin12M,24.408475367006922,24.408475367006922,SAME
34215318-8ead-4752-9213-74f6fd40bc36,99739597e0be8c49abb1092f02513a19,ROE,53.38028491248538,53.38028491248538,SAME
34215318-8ead-4752-9213-74f6fd40bc36,99739597e0be8c49abb1092f02513a19,PEApprox,2.694610778443114,2.6946204484208773,SAME
34215318-8ead-4752-9213-74f6fd40bc36,99739597e0be8c49abb1092f02513a19,SalesGrowthRank,0.2,0.20108695652173914,SAME
34215318-8ead-4752-9213-74f6fd40bc36,99739597e0be8c49abb1092f02513a19,NetProfitGrowthRank,0.3,0.4749034749034749,FORMULA_CHANGE
34215318-8ead-4752-9213-74f6fd40bc36,99739597e0be8c49abb1092f02513a19,OperatingMarginRank,0.37,0.43356643356643354,FORMULA_CHANGE
34215318-8ead-4752-9213-74f6fd40bc36,99739597e0be8c49abb1092f02513a19,PERank,0.9736842105263158,0.9745454545454545,SAME
caa78e71-bba6-41ce-9da2-746c1ddf68ab,9014071d39f25d22b48f82c550918f60,SalesLast12M,18904334000000.0,18904334.0,CANONICAL_UNIT_FIX
caa78e71-bba6-41ce-9da2-746c1ddf68ab,9014071d39f25d22b48f82c550918f60,SalesGrowth12M,117.62872003671903,117.62872003671903,SAME
caa78e71-bba6-41ce-9da2-746c1ddf68ab,9014071d39f25d22b48f82c550918f60,TTMNetProfit,5277123000000.0,5277123.0,CANONICAL_UNIT_FIX
caa78e71-bba6-41ce-9da2-746c1ddf68ab,9014071d39f25d22b48f82c550918f60,NetProfitMargin12M,31.662952041555805,31.662952041555805,SAME
caa78e71-bba6-41ce-9da2-746c1ddf68ab,9014071d39f25d22b48f82c550918f60,OperatingMargin12M,24.648868626351913,24.648868626351913,SAME
caa78e71-bba6-41ce-9da2-746c1ddf68ab,9014071d39f25d22b48f82c550918f60,ROE,62.37038826523238,62.37038826523238,SAME
caa78e71-bba6-41ce-9da2-746c1ddf68ab,9014071d39f25d22b48f82c550918f60,PEApprox,3.840250142126208,3.8391144595540756,SAME
caa78e71-bba6-41ce-9da2-746c1ddf68ab,9014071d39f25d22b48f82c550918f60,SalesGrowthRank,0.7944444444444444,0.7880434782608695,SAME
caa78e71-bba6-41ce-9da2-746c1ddf68ab,9014071d39f25d22b48f82c550918f60,NetProfitGrowthRank,0.3,0.6486486486486487,FORMULA_CHANGE
caa78e71-bba6-41ce-9da2-746c1ddf68ab,9014071d39f25d22b48f82c550918f60,OperatingMarginRank,0.38,0.4405594405594406,FORMULA_CHANGE
caa78e71-bba6-41ce-9da2-746c1ddf68ab,9014071d39f25d22b48f82c550918f60,PERank,0.9398496240601504,0.9490909090909091,SAME
7d4e1be2-2e65-48ac-b35b-050139c0feaf,32bc989812a6997ee475737a30528c3b,SalesLast12M,,,SAME
7d4e1be2-2e65-48ac-b35b-050139c0feaf,32bc989812a6997ee475737a30528c3b,SalesGrowth12M,,,SAME
7d4e1be2-2e65-48ac-b35b-050139c0feaf,32bc989812a6997ee475737a30528c3b,TTMNetProfit,,13380000000.0,LEGACY_HEURISTIC_REMOVED
7d4e1be2-2e65-48ac-b35b-050139c0feaf,32bc989812a6997ee475737a30528c3b,NetProfitMargin12M,,,SAME
7d4e1be2-2e65-48ac-b35b-050139c0feaf,32bc989812a6997ee475737a30528c3b,OperatingMargin12M,,,SAME
7d4e1be2-2e65-48ac-b35b-050139c0feaf,32bc989812a6997ee475737a30528c3b,ROE,,,SAME
7d4e1be2-2e65-48ac-b35b-050139c0feaf,32bc989812a6997ee475737a30528c3b,PEApprox,40.71748878923767,40.71748878923767,SAME
7d4e1be2-2e65-48ac-b35b-050139c0feaf,32bc989812a6997ee475737a30528c3b,SalesGrowthRank,0.3,0.3,SAME
7d4e1be2-2e65-48ac-b35b-050139c0feaf,32bc989812a6997ee475737a30528c3b,NetProfitGrowthRank,0.3,0.3938223938223938,FORMULA_CHANGE
7d4e1be2-2e65-48ac-b35b-050139c0feaf,32bc989812a6997ee475737a30528c3b,OperatingMarginRank,0.3,0.3,SAME
7d4e1be2-2e65-48ac-b35b-050139c0feaf,32bc989812a6997ee475737a30528c3b,PERank,0.12406015037593987,0.18181818181818177,FORMULA_CHANGE
ffe4bf6d-9ab9-4153-a6a3-b676920e3f9c,36d852f81798b4c4f57827151acb1e86,SalesLast12M,694853545000000.0,694853545.0,CANONICAL_UNIT_FIX
ffe4bf6d-9ab9-4153-a6a3-b676920e3f9c,36d852f81798b4c4f57827151acb1e86,SalesGrowth12M,71.2712394941492,71.2712394941492,SAME
ffe4bf6d-9ab9-4153-a6a3-b676920e3f9c,36d852f81798b4c4f57827151acb1e86,TTMNetProfit,65813096000000.0,65813096.0,CANONICAL_UNIT_FIX
ffe4bf6d-9ab9-4153-a6a3-b676920e3f9c,36d852f81798b4c4f57827151acb1e86,NetProfitMargin12M,10.67162051303871,10.67162051303871,SAME
ffe4bf6d-9ab9-4153-a6a3-b676920e3f9c,36d852f81798b4c4f57827151acb1e86,OperatingMargin12M,12.56574518101953,12.56574518101953,SAME
ffe4bf6d-9ab9-4153-a6a3-b676920e3f9c,36d852f81798b4c4f57827151acb1e86,ROE,75.27223827729497,75.27223827729497,SAME
ffe4bf6d-9ab9-4153-a6a3-b676920e3f9c,36d852f81798b4c4f57827151acb1e86,PEApprox,7.468354430379747,7.467972594755538,SAME
ffe4bf6d-9ab9-4153-a6a3-b676920e3f9c,36d852f81798b4c4f57827151acb1e86,SalesGrowthRank,0.4666666666666667,0.4673913043478261,SAME
ffe4bf6d-9ab9-4153-a6a3-b676920e3f9c,36d852f81798b4c4f57827151acb1e86,NetProfitGrowthRank,0.3,0.918918918918919,FORMULA_CHANGE
ffe4bf6d-9ab9-4153-a6a3-b676920e3f9c,36d852f81798b4c4f57827151acb1e86,OperatingMarginRank,0.14,0.1958041958041958,FORMULA_CHANGE
ffe4bf6d-9ab9-4153-a6a3-b676920e3f9c,36d852f81798b4c4f57827151acb1e86,PERank,0.5977443609022557,0.64,FORMULA_CHANGE
0ad8e291-d32a-4192-b7f0-001a4d146a78,85287a8fa516fef95aa0d2185f916071,SalesLast12M,1.3434648094e+16,13434648094.0,CANONICAL_UNIT_FIX
0ad8e291-d32a-4192-b7f0-001a4d146a78,85287a8fa516fef95aa0d2185f916071,SalesGrowth12M,485.75482782422694,485.75482782422694,SAME
0ad8e291-d32a-4192-b7f0-001a4d146a78,85287a8fa516fef95aa0d2185f916071,TTMNetProfit,1139220803000000.0,1139220803.0,CANONICAL_UNIT_FIX
0ad8e291-d32a-4192-b7f0-001a4d146a78,85287a8fa516fef95aa0d2185f916071,NetProfitMargin12M,10.619177047985035,10.619177047985035,SAME
0ad8e291-d32a-4192-b7f0-001a4d146a78,85287a8fa516fef95aa0d2185f916071,OperatingMargin12M,12.902185220555706,12.902185220555706,SAME
0ad8e291-d32a-4192-b7f0-001a4d146a78,85287a8fa516fef95aa0d2185f916071,ROE,57.037989017261395,57.037989017261395,SAME
0ad8e291-d32a-4192-b7f0-001a4d146a78,85287a8fa516fef95aa0d2185f916071,PEApprox,6.247553816046967,7.03593578512252,FORMULA_CHANGE
0ad8e291-d32a-4192-b7f0-001a4d146a78,85287a8fa516fef95aa0d2185f916071,SalesGrowthRank,0.9583333333333334,0.9538043478260869,SAME
0ad8e291-d32a-4192-b7f0-001a4d146a78,85287a8fa516fef95aa0d2185f916071,NetProfitGrowthRank,0.3,0.6795366795366795,FORMULA_CHANGE
0ad8e291-d32a-4192-b7f0-001a4d146a78,85287a8fa516fef95aa0d2185f916071,OperatingMarginRank,0.15,0.2097902097902098,FORMULA_CHANGE
0ad8e291-d32a-4192-b7f0-001a4d146a78,85287a8fa516fef95aa0d2185f916071,PERank,0.7631578947368421,0.6981818181818182,FORMULA_CHANGE
4d40f206-2b3d-4349-98c7-e3999baa46e0,f29a3223edeee237a7b7664f7bb172ff,SalesLast12M,,,SAME
4d40f206-2b3d-4349-98c7-e3999baa46e0,f29a3223edeee237a7b7664f7bb172ff,SalesGrowth12M,,,SAME
4d40f206-2b3d-4349-98c7-e3999baa46e0,f29a3223edeee237a7b7664f7bb172ff,TTMNetProfit,,2862390000000.0,LEGACY_HEURISTIC_REMOVED
4d40f206-2b3d-4349-98c7-e3999baa46e0,f29a3223edeee237a7b7664f7bb172ff,NetProfitMargin12M,,,SAME
4d40f206-2b3d-4349-98c7-e3999baa46e0,f29a3223edeee237a7b7664f7bb172ff,OperatingMargin12M,,,SAME
4d40f206-2b3d-4349-98c7-e3999baa46e0,f29a3223edeee237a7b7664f7bb172ff,ROE,,,SAME
4d40f206-2b3d-4349-98c7-e3999baa46e0,f29a3223edeee237a7b7664f7bb172ff,PEApprox,1.9009009009009008,1.745119987143611,FORMULA_CHANGE
4d40f206-2b3d-4349-98c7-e3999baa46e0,f29a3223edeee237a7b7664f7bb172ff,SalesGrowthRank,0.3,0.3,SAME
4d40f206-2b3d-4349-98c7-e3999baa46e0,f29a3223edeee237a7b7664f7bb172ff,NetProfitGrowthRank,0.3,0.2548262548262548,FORMULA_CHANGE
4d40f206-2b3d-4349-98c7-e3999baa46e0,f29a3223edeee237a7b7664f7bb172ff,OperatingMarginRank,0.3,0.3,SAME
4d40f206-2b3d-4349-98c7-e3999baa46e0,f29a3223edeee237a7b7664f7bb172ff,PERank,0.9924812030075187,0.9927272727272727,SAME
63fece71-1288-4135-bf9e-ff5ec21d441a,002c39c907ffac34a1ee6c5b55cefd23,SalesLast12M,62742476000000.0,62742476.0,CANONICAL_UNIT_FIX
63fece71-1288-4135-bf9e-ff5ec21d441a,002c39c907ffac34a1ee6c5b55cefd23,SalesGrowth12M,69.24487690969217,69.24487690969217,SAME
63fece71-1288-4135-bf9e-ff5ec21d441a,002c39c907ffac34a1ee6c5b55cefd23,TTMNetProfit,,8300000000.0,LEGACY_HEURISTIC_REMOVED
63fece71-1288-4135-bf9e-ff5ec21d441a,002c39c907ffac34a1ee6c5b55cefd23,NetProfitMargin12M,,,SAME
63fece71-1288-4135-bf9e-ff5ec21d441a,002c39c907ffac34a1ee6c5b55cefd23,OperatingMargin12M,,17.72167709798383,MISSING_CANONICAL_DATA
63fece71-1288-4135-bf9e-ff5ec21d441a,002c39c907ffac34a1ee6c5b55cefd23,ROE,,,SAME
63fece71-1288-4135-bf9e-ff5ec21d441a,002c39c907ffac34a1ee6c5b55cefd23,PEApprox,7.373493975903615,7.373493975903615,SAME
63fece71-1288-4135-bf9e-ff5ec21d441a,002c39c907ffac34a1ee6c5b55cefd23,SalesGrowthRank,0.4388888888888889,0.44021739130434784,SAME
63fece71-1288-4135-bf9e-ff5ec21d441a,002c39c907ffac34a1ee6c5b55cefd23,NetProfitGrowthRank,0.3,0.5096525096525096,FORMULA_CHANGE
63fece71-1288-4135-bf9e-ff5ec21d441a,002c39c907ffac34a1ee6c5b55cefd23,OperatingMarginRank,0.3,0.2937062937062937,SAME
63fece71-1288-4135-bf9e-ff5ec21d441a,002c39c907ffac34a1ee6c5b55cefd23,PERank,0.612781954887218,0.6545454545454545,FORMULA_CHANGE
898b9479-9bf8-404a-8f20-df80925db9a0,8a93d99f4ddd3225214f5c0e83dd513f,SalesLast12M,,,SAME
898b9479-9bf8-404a-8f20-df80925db9a0,8a93d99f4ddd3225214f5c0e83dd513f,SalesGrowth12M,,,SAME
898b9479-9bf8-404a-8f20-df80925db9a0,8a93d99f4ddd3225214f5c0e83dd513f,TTMNetProfit,,-5400000.0,LEGACY_HEURISTIC_REMOVED
898b9479-9bf8-404a-8f20-df80925db9a0,8a93d99f4ddd3225214f5c0e83dd513f,NetProfitMargin12M,,,SAME
898b9479-9bf8-404a-8f20-df80925db9a0,8a93d99f4ddd3225214f5c0e83dd513f,OperatingMargin12M,,,SAME
898b9479-9bf8-404a-8f20-df80925db9a0,8a93d99f4ddd3225214f5c0e83dd513f,ROE,,,SAME
898b9479-9bf8-404a-8f20-df80925db9a0,8a93d99f4ddd3225214f5c0e83dd513f,PEApprox,-302300.0,,FORMULA_CHANGE
898b9479-9bf8-404a-8f20-df80925db9a0,8a93d99f4ddd3225214f5c0e83dd513f,SalesGrowthRank,0.3,0.3,SAME
898b9479-9bf8-404a-8f20-df80925db9a0,8a93d99f4ddd3225214f5c0e83dd513f,NetProfitGrowthRank,0.3,0.019305019305019305,FORMULA_CHANGE
898b9479-9bf8-404a-8f20-df80925db9a0,8a93d99f4ddd3225214f5c0e83dd513f,OperatingMarginRank,0.3,0.3,SAME
898b9479-9bf8-404a-8f20-df80925db9a0,8a93d99f4ddd3225214f5c0e83dd513f,PERank,0.0,0.0,SAME
9fce58d2-2eab-45ed-b51c-54fa00f2c77f,835a058978f7d07fa0f0286893ac885a,SalesLast12M,23361357000000.0,23361357.0,CANONICAL_UNIT_FIX
9fce58d2-2eab-45ed-b51c-54fa00f2c77f,835a058978f7d07fa0f0286893ac885a,SalesGrowth12M,54.366541885483066,54.366541885483066,SAME
9fce58d2-2eab-45ed-b51c-54fa00f2c77f,835a058978f7d07fa0f0286893ac885a,TTMNetProfit,,6829100000.0,LEGACY_HEURISTIC_REMOVED
9fce58d2-2eab-45ed-b51c-54fa00f2c77f,835a058978f7d07fa0f0286893ac885a,NetProfitMargin12M,,,SAME
9fce58d2-2eab-45ed-b51c-54fa00f2c77f,835a058978f7d07fa0f0286893ac885a,OperatingMargin12M,,,SAME
9fce58d2-2eab-45ed-b51c-54fa00f2c77f,835a058978f7d07fa0f0286893ac885a,ROE,,,SAME
9fce58d2-2eab-45ed-b51c-54fa00f2c77f,835a058978f7d07fa0f0286893ac885a,PEApprox,5.968529571351058,5.718176626495439,FORMULA_CHANGE
9fce58d2-2eab-45ed-b51c-54fa00f2c77f,835a058978f7d07fa0f0286893ac885a,SalesGrowthRank,0.35,0.34782608695652173,SAME
9fce58d2-2eab-45ed-b51c-54fa00f2c77f,835a058978f7d07fa0f0286893ac885a,NetProfitGrowthRank,0.3,0.803088803088803,FORMULA_CHANGE
9fce58d2-2eab-45ed-b51c-54fa00f2c77f,835a058978f7d07fa0f0286893ac885a,OperatingMarginRank,0.3,0.3,SAME
9fce58d2-2eab-45ed-b51c-54fa00f2c77f,835a058978f7d07fa0f0286893ac885a,PERank,0.7894736842105263,0.8145454545454546,FORMULA_CHANGE
5a01e83f-edbf-421f-bcd5-c1f46cda1ba5,70b8796676033dbf81f6977819d3871d,SalesLast12M,17741308000000.0,17741308.0,CANONICAL_UNIT_FIX
5a01e83f-edbf-421f-bcd5-c1f46cda1ba5,70b8796676033dbf81f6977819d3871d,SalesGrowth12M,76.28226452949619,76.28226452949619,SAME
5a01e83f-edbf-421f-bcd5-c1f46cda1ba5,70b8796676033dbf81f6977819d3871d,TTMNetProfit,,,SAME
5a01e83f-edbf-421f-bcd5-c1f46cda1ba5,70b8796676033dbf81f6977819d3871d,NetProfitMargin12M,,,SAME
5a01e83f-edbf-421f-bcd5-c1f46cda1ba5,70b8796676033dbf81f6977819d3871d,OperatingMargin12M,,,SAME
5a01e83f-edbf-421f-bcd5-c1f46cda1ba5,70b8796676033dbf81f6977819d3871d,ROE,,,SAME
5a01e83f-edbf-421f-bcd5-c1f46cda1ba5,70b8796676033dbf81f6977819d3871d,PEApprox,,,SAME
5a01e83f-edbf-421f-bcd5-c1f46cda1ba5,70b8796676033dbf81f6977819d3871d,SalesGrowthRank,0.5,0.5,SAME
5a01e83f-edbf-421f-bcd5-c1f46cda1ba5,70b8796676033dbf81f6977819d3871d,NetProfitGrowthRank,0.3,0.3,SAME
5a01e83f-edbf-421f-bcd5-c1f46cda1ba5,70b8796676033dbf81f6977819d3871d,OperatingMarginRank,0.3,0.3,SAME
5a01e83f-edbf-421f-bcd5-c1f46cda1ba5,70b8796676033dbf81f6977819d3871d,PERank,0.0,0.0,SAME
e1d45a76-21c9-4594-b5ef-b52788a1e18b,c45bd2f33db1b2f949e77b9db3b4ec72,SalesLast12M,13727052000000.0,13727052.0,CANONICAL_UNIT_FIX
e1d45a76-21c9-4594-b5ef-b52788a1e18b,c45bd2f33db1b2f949e77b9db3b4ec72,SalesGrowth12M,81.33724848749692,81.33724848749692,SAME
e1d45a76-21c9-4594-b5ef-b52788a1e18b,c45bd2f33db1b2f949e77b9db3b4ec72,TTMNetProfit,3712289000000.0,3712289.0,CANONICAL_UNIT_FIX
e1d45a76-21c9-4594-b5ef-b52788a1e18b,c45bd2f33db1b2f949e77b9db3b4ec72,NetProfitMargin12M,32.971717762041244,32.971717762041244,SAME
e1d45a76-21c9-4594-b5ef-b52788a1e18b,c45bd2f33db1b2f949e77b9db3b4ec72,OperatingMargin12M,43.31110817025653,43.31110817025653,SAME
e1d45a76-21c9-4594-b5ef-b52788a1e18b,c45bd2f33db1b2f949e77b9db3b4ec72,ROE,45.09307253297417,45.09307253297417,SAME
e1d45a76-21c9-4594-b5ef-b52788a1e18b,c45bd2f33db1b2f949e77b9db3b4ec72,PEApprox,9.658613445378151,9.659654555266325,SAME
e1d45a76-21c9-4594-b5ef-b52788a1e18b,c45bd2f33db1b2f949e77b9db3b4ec72,SalesGrowthRank,0.55,0.5489130434782609,SAME
e1d45a76-21c9-4594-b5ef-b52788a1e18b,c45bd2f33db1b2f949e77b9db3b4ec72,NetProfitGrowthRank,0.3,0.3590733590733591,FORMULA_CHANGE
e1d45a76-21c9-4594-b5ef-b52788a1e18b,c45bd2f33db1b2f949e77b9db3b4ec72,OperatingMarginRank,0.65,0.6853146853146853,FORMULA_CHANGE
e1d45a76-21c9-4594-b5ef-b52788a1e18b,c45bd2f33db1b2f949e77b9db3b4ec72,PERank,0.37969924812030076,0.4290909090909091,FORMULA_CHANGE
c61f3bb2-42a4-4d11-9ceb-5dccf15d7d77,dfe07aa2c9a5a27265431f60ae868b8c,SalesLast12M,57523088000000.0,57523088.0,CANONICAL_UNIT_FIX
c61f3bb2-42a4-4d11-9ceb-5dccf15d7d77,dfe07aa2c9a5a27265431f60ae868b8c,SalesGrowth12M,46.6971776335537,46.6971776335537,SAME
c61f3bb2-42a4-4d11-9ceb-5dccf15d7d77,dfe07aa2c9a5a27265431f60ae868b8c,TTMNetProfit,,15615500000.0,LEGACY_HEURISTIC_REMOVED
c61f3bb2-42a4-4d11-9ceb-5dccf15d7d77,dfe07aa2c9a5a27265431f60ae868b8c,NetProfitMargin12M,,,SAME
c61f3bb2-42a4-4d11-9ceb-5dccf15d7d77,dfe07aa2c9a5a27265431f60ae868b8c,OperatingMargin12M,,,SAME
c61f3bb2-42a4-4d11-9ceb-5dccf15d7d77,dfe07aa2c9a5a27265431f60ae868b8c,ROE,,,SAME
c61f3bb2-42a4-4d11-9ceb-5dccf15d7d77,dfe07aa2c9a5a27265431f60ae868b8c,PEApprox,5.81805359661495,6.60401524126669,FORMULA_CHANGE
c61f3bb2-42a4-4d11-9ceb-5dccf15d7d77,dfe07aa2c9a5a27265431f60ae868b8c,SalesGrowthRank,0.2777777777777778,0.27717391304347827,SAME
c61f3bb2-42a4-4d11-9ceb-5dccf15d7d77,dfe07aa2c9a5a27265431f60ae868b8c,NetProfitGrowthRank,0.3,0.4826254826254826,FORMULA_CHANGE
c61f3bb2-42a4-4d11-9ceb-5dccf15d7d77,dfe07aa2c9a5a27265431f60ae868b8c,OperatingMarginRank,0.3,0.3,SAME
c61f3bb2-42a4-4d11-9ceb-5dccf15d7d77,dfe07aa2c9a5a27265431f60ae868b8c,PERank,0.8045112781954887,0.7418181818181818,FORMULA_CHANGE
eb902496-ffd5-40b3-b8ea-e6b01d9ce30a,9b49ee65d0f95a940c84528303ae18e9,SalesLast12M,20624299000000.0,20624299.0,CANONICAL_UNIT_FIX
eb902496-ffd5-40b3-b8ea-e6b01d9ce30a,9b49ee65d0f95a940c84528303ae18e9,SalesGrowth12M,70.82605175480555,70.82605175480555,SAME
eb902496-ffd5-40b3-b8ea-e6b01d9ce30a,9b49ee65d0f95a940c84528303ae18e9,TTMNetProfit,,4816500000.0,LEGACY_HEURISTIC_REMOVED
eb902496-ffd5-40b3-b8ea-e6b01d9ce30a,9b49ee65d0f95a940c84528303ae18e9,NetProfitMargin12M,,,SAME
eb902496-ffd5-40b3-b8ea-e6b01d9ce30a,9b49ee65d0f95a940c84528303ae18e9,OperatingMargin12M,,,SAME
eb902496-ffd5-40b3-b8ea-e6b01d9ce30a,9b49ee65d0f95a940c84528303ae18e9,ROE,,,SAME
eb902496-ffd5-40b3-b8ea-e6b01d9ce30a,9b49ee65d0f95a940c84528303ae18e9,PEApprox,8.335324571883712,8.256410256410257,FORMULA_CHANGE
eb902496-ffd5-40b3-b8ea-e6b01d9ce30a,9b49ee65d0f95a940c84528303ae18e9,SalesGrowthRank,0.46111111111111114,0.46195652173913043,SAME
eb902496-ffd5-40b3-b8ea-e6b01d9ce30a,9b49ee65d0f95a940c84528303ae18e9,NetProfitGrowthRank,0.3,0.918918918918919,FORMULA_CHANGE
eb902496-ffd5-40b3-b8ea-e6b01d9ce30a,9b49ee65d0f95a940c84528303ae18e9,OperatingMarginRank,0.3,0.3,SAME
eb902496-ffd5-40b3-b8ea-e6b01d9ce30a,9b49ee65d0f95a940c84528303ae18e9,PERank,0.49248120300751874,0.5527272727272727,FORMULA_CHANGE
3214d1b9-e208-41a0-b97d-3f4d9e02ac6c,8fd65ccbe666396e87271af7cc74b33f,SalesLast12M,25746478000000.0,25746478.0,CANONICAL_UNIT_FIX
3214d1b9-e208-41a0-b97d-3f4d9e02ac6c,8fd65ccbe666396e87271af7cc74b33f,SalesGrowth12M,84.7954615777777,84.7954615777777,SAME
3214d1b9-e208-41a0-b97d-3f4d9e02ac6c,8fd65ccbe666396e87271af7cc74b33f,TTMNetProfit,6728294000000.0,6728294.0,CANONICAL_UNIT_FIX
3214d1b9-e208-41a0-b97d-3f4d9e02ac6c,8fd65ccbe666396e87271af7cc74b33f,NetProfitMargin12M,24.949795736181677,24.949795736181677,SAME
3214d1b9-e208-41a0-b97d-3f4d9e02ac6c,8fd65ccbe666396e87271af7cc74b33f,OperatingMargin12M,25.218806414324057,25.218806414324057,SAME
3214d1b9-e208-41a0-b97d-3f4d9e02ac6c,8fd65ccbe666396e87271af7cc74b33f,ROE,37.17135888527922,37.17135888527922,SAME
3214d1b9-e208-41a0-b97d-3f4d9e02ac6c,8fd65ccbe666396e87271af7cc74b33f,PEApprox,6.822081312942932,6.821792169562347,SAME
3214d1b9-e208-41a0-b97d-3f4d9e02ac6c,8fd65ccbe666396e87271af7cc74b33f,SalesGrowthRank,0.5777777777777777,0.5760869565217391,SAME
3214d1b9-e208-41a0-b97d-3f4d9e02ac6c,8fd65ccbe666396e87271af7cc74b33f,NetProfitGrowthRank,0.3,0.749034749034749,FORMULA_CHANGE
3214d1b9-e208-41a0-b97d-3f4d9e02ac6c,8fd65ccbe666396e87271af7cc74b33f,OperatingMarginRank,0.41,0.46853146853146854,FORMULA_CHANGE
3214d1b9-e208-41a0-b97d-3f4d9e02ac6c,8fd65ccbe666396e87271af7cc74b33f,PERank,0.6954887218045113,0.7272727272727273,FORMULA_CHANGE
8c12f9cd-4550-4a96-ba5c-1187719d2ad6,04596c0c8cd003eca6202bb9351d3d5d,SalesLast12M,22955830000000.0,22955830.0,CANONICAL_UNIT_FIX
8c12f9cd-4550-4a96-ba5c-1187719d2ad6,04596c0c8cd003eca6202bb9351d3d5d,SalesGrowth12M,120.07753581894835,120.07753581894835,SAME
8c12f9cd-4550-4a96-ba5c-1187719d2ad6,04596c0c8cd003eca6202bb9351d3d5d,TTMNetProfit,9335659000000.0,9335659.0,CANONICAL_UNIT_FIX
8c12f9cd-4550-4a96-ba5c-1187719d2ad6,04596c0c8cd003eca6202bb9351d3d5d,NetProfitMargin12M,44.859498053086256,44.859498053086256,SAME
8c12f9cd-4550-4a96-ba5c-1187719d2ad6,04596c0c8cd003eca6202bb9351d3d5d,OperatingMargin12M,48.365999410116416,48.365999410116416,SAME
8c12f9cd-4550-4a96-ba5c-1187719d2ad6,04596c0c8cd003eca6202bb9351d3d5d,ROE,69.69179885835945,69.69179885835945,SAME
8c12f9cd-4550-4a96-ba5c-1187719d2ad6,04596c0c8cd003eca6202bb9351d3d5d,PEApprox,6.993786158131562,6.994533831983045,SAME
8c12f9cd-4550-4a96-ba5c-1187719d2ad6,04596c0c8cd003eca6202bb9351d3d5d,SalesGrowthRank,0.8222222222222222,0.8152173913043478,SAME
8c12f9cd-4550-4a96-ba5c-1187719d2ad6,04596c0c8cd003eca6202bb9351d3d5d,NetProfitGrowthRank,0.3,0.5135135135135135,FORMULA_CHANGE
8c12f9cd-4550-4a96-ba5c-1187719d2ad6,04596c0c8cd003eca6202bb9351d3d5d,OperatingMarginRank,0.73,0.7552447552447552,FORMULA_CHANGE
8c12f9cd-4550-4a96-ba5c-1187719d2ad6,04596c0c8cd003eca6202bb9351d3d5d,PERank,0.6766917293233083,0.7090909090909091,FORMULA_CHANGE
