company_id,symbol,required_fact,period_count,required_period_count,latest_period,ttm_eligible,pit_eligible,missing_reason,source_availability,source_column,remediation_class
5e1cc3fa-9f64-4367-8c67-47569ef161c0,زگلدشت,revenue,1,3,2026-06-21,True,True,PRESENT,1,RevenueNew,
5e1cc3fa-9f64-4367-8c67-47569ef161c0,زگلدشت,net_profit,1,3,2026-06-21,True,True,PRESENT,1,NetProfitAmount,
5e1cc3fa-9f64-4367-8c67-47569ef161c0,زگلدشت,operating_profit,27,3,2026-06-21,True,True,PRESENT,1,OperatingProfitNew,
5e1cc3fa-9f64-4367-8c67-47569ef161c0,زگلدشت,eps,27,3,2026-06-21,True,True,PRESENT,1,Num1_Value1,
5e1cc3fa-9f64-4367-8c67-47569ef161c0,زگلدشت,capital,27,1,2026-06-21,,True,PRESENT,1,Num2_Value1,
5e1cc3fa-9f64-4367-8c67-47569ef161c0,زگلدشت,total_assets,1,1,2026-06-21,,True,PRESENT,1,TotalAssets,
5e1cc3fa-9f64-4367-8c67-47569ef161c0,زگلدشت,current_assets,1,1,2026-06-21,,True,PRESENT,1,CurrentAssets,
5e1cc3fa-9f64-4367-8c67-47569ef161c0,زگلدشت,total_liabilities,1,1,2026-06-21,,True,PRESENT,1,TotalLiabilities,
5e1cc3fa-9f64-4367-8c67-47569ef161c0,زگلدشت,current_liabilities,1,1,2026-06-21,,True,PRESENT,1,CurrentLiabilities,
5e1cc3fa-9f64-4367-8c67-47569ef161c0,زگلدشت,total_equity,1,1,2026-06-21,,True,PRESENT,1,TotalEquity,
5e1cc3fa-9f64-4367-8c67-47569ef161c0,زگلدشت,operating_cash_flow,1,3,2026-06-21,True,True,PRESENT,1,OperatingCashFlow,
5e1cc3fa-9f64-4367-8c67-47569ef161c0,زگلدشت,finance_cost,1,1,2026-06-21,,True,PRESENT,1,FinanceCostsNew,
5e1cc3fa-9f64-4367-8c67-47569ef161c0,زگلدشت,other_non_operating,1,1,2026-06-21,,True,PRESENT,1,OtherNonOpNew,
f7aadfae-4289-4049-ae62-fa60e55cadfd,پسهند,revenue,0,3,,False,True,SOURCE_ABSENT,0,RevenueNew,D
f7aadfae-4289-4049-ae62-fa60e55cadfd,پسهند,net_profit,0,3,,False,True,SOURCE_ABSENT,0,NetProfitAmount,D
f7aadfae-4289-4049-ae62-fa60e55cadfd,پسهند,operating_profit,28,3,2026-06-21,False,True,TTM_RECOVERABLE_REPORT_CHAIN,1,OperatingProfitNew,B
f7aadfae-4289-4049-ae62-fa60e55cadfd,پسهند,eps,28,3,2026-06-21,True,True,PRESENT,1,Num1_Value1,
f7aadfae-4289-4049-ae62-fa60e55cadfd,پسهند,capital,28,1,2026-06-21,,True,PRESENT,1,Num2_Value1,
f7aadfae-4289-4049-ae62-fa60e55cadfd,پسهند,total_assets,0,1,,,True,SOURCE_ABSENT,0,TotalAssets,D
f7aadfae-4289-4049-ae62-fa60e55cadfd,پسهند,current_assets,0,1,,,True,SOURCE_ABSENT,0,CurrentAssets,D
f7aadfae-4289-4049-ae62-fa60e55cadfd,پسهند,total_liabilities,0,1,,,True,SOURCE_ABSENT,0,TotalLiabilities,D
f7aadfae-4289-4049-ae62-fa60e55cadfd,پسهند,current_liabilities,0,1,,,True,SOURCE_ABSENT,0,CurrentLiabilities,D
f7aadfae-4289-4049-ae62-fa60e55cadfd,پسهند,total_equity,0,1,,,True,SOURCE_ABSENT,0,TotalEquity,D
f7aadfae-4289-4049-ae62-fa60e55cadfd,پسهند,operating_cash_flow,0,3,,False,True,SOURCE_ABSENT,0,OperatingCashFlow,D
f7aadfae-4289-4049-ae62-fa60e55cadfd,پسهند,finance_cost,0,1,,,True,SOURCE_ABSENT,0,FinanceCostsNew,D
f7aadfae-4289-4049-ae62-fa60e55cadfd,پسهند,other_non_operating,0,1,,,True,SOURCE_ABSENT,0,OtherNonOpNew,D
d747ca7e-87f0-4258-9ffe-dc2ef9cbcf04,کربن,revenue,1,3,2026-06-21,False,True,INSUFFICIENT_TTM_PERIODS,1,RevenueNew,C
d747ca7e-87f0-4258-9ffe-dc2ef9cbcf04,کربن,net_profit,0,3,,False,True,SOURCE_ABSENT,0,NetProfitAmount,D
d747ca7e-87f0-4258-9ffe-dc2ef9cbcf04,کربن,operating_profit,10,3,2026-06-21,False,True,TTM_RECOVERABLE_REPORT_CHAIN,1,OperatingProfitNew,B
d747ca7e-87f0-4258-9ffe-dc2ef9cbcf04,کربن,eps,10,3,2026-06-21,True,True,PRESENT,1,Num1_Value1,
d747ca7e-87f0-4258-9ffe-dc2ef9cbcf04,کربن,capital,10,1,2026-06-21,,True,PRESENT,1,Num2_Value1,
d747ca7e-87f0-4258-9ffe-dc2ef9cbcf04,کربن,total_assets,0,1,,,True,SOURCE_ABSENT,0,TotalAssets,D
d747ca7e-87f0-4258-9ffe-dc2ef9cbcf04,کربن,current_assets,0,1,,,True,SOURCE_ABSENT,0,CurrentAssets,D
d747ca7e-87f0-4258-9ffe-dc2ef9cbcf04,کربن,total_liabilities,0,1,,,True,SOURCE_ABSENT,0,TotalLiabilities,D
d747ca7e-87f0-4258-9ffe-dc2ef9cbcf04,کربن,current_liabilities,0,1,,,True,SOURCE_ABSENT,0,CurrentLiabilities,D
d747ca7e-87f0-4258-9ffe-dc2ef9cbcf04,کربن,total_equity,0,1,,,True,SOURCE_ABSENT,0,TotalEquity,D
d747ca7e-87f0-4258-9ffe-dc2ef9cbcf04,کربن,operating_cash_flow,0,3,,False,True,SOURCE_ABSENT,0,OperatingCashFlow,D
d747ca7e-87f0-4258-9ffe-dc2ef9cbcf04,کربن,finance_cost,1,1,2026-06-21,,True,PRESENT,1,FinanceCostsNew,
d747ca7e-87f0-4258-9ffe-dc2ef9cbcf04,کربن,other_non_operating,1,1,2026-06-21,,True,PRESENT,1,OtherNonOpNew,
bc8b177b-acb6-4e2e-9af9-aab8da6dcd37,دسینا,revenue,1,3,2026-06-21,True,True,PRESENT,1,RevenueNew,
bc8b177b-acb6-4e2e-9af9-aab8da6dcd37,دسینا,net_profit,1,3,2026-06-21,True,True,PRESENT,1,NetProfitAmount,
bc8b177b-acb6-4e2e-9af9-aab8da6dcd37,دسینا,operating_profit,27,3,2026-06-21,True,True,PRESENT,1,OperatingProfitNew,
bc8b177b-acb6-4e2e-9af9-aab8da6dcd37,دسینا,eps,27,3,2026-06-21,True,True,PRESENT,1,Num1_Value1,
bc8b177b-acb6-4e2e-9af9-aab8da6dcd37,دسینا,capital,27,1,2026-06-21,,True,PRESENT,1,Num2_Value1,
bc8b177b-acb6-4e2e-9af9-aab8da6dcd37,دسینا,total_assets,1,1,2026-06-21,,True,PRESENT,1,TotalAssets,
bc8b177b-acb6-4e2e-9af9-aab8da6dcd37,دسینا,current_assets,1,1,2026-06-21,,True,PRESENT,1,CurrentAssets,
bc8b177b-acb6-4e2e-9af9-aab8da6dcd37,دسینا,total_liabilities,1,1,2026-06-21,,True,PRESENT,1,TotalLiabilities,
bc8b177b-acb6-4e2e-9af9-aab8da6dcd37,دسینا,current_liabilities,1,1,2026-06-21,,True,PRESENT,1,CurrentLiabilities,
bc8b177b-acb6-4e2e-9af9-aab8da6dcd37,دسینا,total_equity,1,1,2026-06-21,,True,PRESENT,1,TotalEquity,
bc8b177b-acb6-4e2e-9af9-aab8da6dcd37,دسینا,operating_cash_flow,1,3,2026-06-21,True,True,PRESENT,1,OperatingCashFlow,
bc8b177b-acb6-4e2e-9af9-aab8da6dcd37,دسینا,finance_cost,1,1,2026-06-21,,True,PRESENT,1,FinanceCostsNew,
bc8b177b-acb6-4e2e-9af9-aab8da6dcd37,دسینا,other_non_operating,1,1,2026-06-21,,True,PRESENT,1,OtherNonOpNew,
436e8450-0253-4347-bbe2-be8ff48da73e,شپاکسا,revenue,1,3,2026-06-21,False,True,INSUFFICIENT_TTM_PERIODS,1,RevenueNew,C
436e8450-0253-4347-bbe2-be8ff48da73e,شپاکسا,net_profit,0,3,,False,True,SOURCE_ABSENT,0,NetProfitAmount,D
436e8450-0253-4347-bbe2-be8ff48da73e,شپاکسا,operating_profit,27,3,2026-06-21,False,True,TTM_RECOVERABLE_REPORT_CHAIN,1,OperatingProfitNew,B
436e8450-0253-4347-bbe2-be8ff48da73e,شپاکسا,eps,27,3,2026-06-21,True,True,PRESENT,1,Num1_Value1,
436e8450-0253-4347-bbe2-be8ff48da73e,شپاکسا,capital,27,1,2026-06-21,,True,PRESENT,1,Num2_Value1,
436e8450-0253-4347-bbe2-be8ff48da73e,شپاکسا,total_assets,0,1,,,True,SOURCE_ABSENT,0,TotalAssets,D
436e8450-0253-4347-bbe2-be8ff48da73e,شپاکسا,current_assets,0,1,,,True,SOURCE_ABSENT,0,CurrentAssets,D
436e8450-0253-4347-bbe2-be8ff48da73e,شپاکسا,total_liabilities,0,1,,,True,SOURCE_ABSENT,0,TotalLiabilities,D
436e8450-0253-4347-bbe2-be8ff48da73e,شپاکسا,current_liabilities,0,1,,,True,SOURCE_ABSENT,0,CurrentLiabilities,D
436e8450-0253-4347-bbe2-be8ff48da73e,شپاکسا,total_equity,0,1,,,True,SOURCE_ABSENT,0,TotalEquity,D
436e8450-0253-4347-bbe2-be8ff48da73e,شپاکسا,operating_cash_flow,0,3,,False,True,SOURCE_ABSENT,0,OperatingCashFlow,D
436e8450-0253-4347-bbe2-be8ff48da73e,شپاکسا,finance_cost,1,1,2026-06-21,,True,PRESENT,1,FinanceCostsNew,
436e8450-0253-4347-bbe2-be8ff48da73e,شپاکسا,other_non_operating,1,1,2026-06-21,,True,PRESENT,1,OtherNonOpNew,
390a7edf-ac22-43e7-b261-25e686bbf9dd,سرود,revenue,1,3,2026-06-21,False,True,INSUFFICIENT_TTM_PERIODS,1,RevenueNew,C
390a7edf-ac22-43e7-b261-25e686bbf9dd,سرود,net_profit,0,3,,False,True,SOURCE_ABSENT,0,NetProfitAmount,D
390a7edf-ac22-43e7-b261-25e686bbf9dd,سرود,operating_profit,28,3,2026-06-21,False,True,TTM_RECOVERABLE_REPORT_CHAIN,1,OperatingProfitNew,B
390a7edf-ac22-43e7-b261-25e686bbf9dd,سرود,eps,28,3,2026-06-21,True,True,PRESENT,1,Num1_Value1,
390a7edf-ac22-43e7-b261-25e686bbf9dd,سرود,capital,28,1,2026-06-21,,True,PRESENT,1,Num2_Value1,
390a7edf-ac22-43e7-b261-25e686bbf9dd,سرود,total_assets,0,1,,,True,SOURCE_ABSENT,0,TotalAssets,D
390a7edf-ac22-43e7-b261-25e686bbf9dd,سرود,current_assets,0,1,,,True,SOURCE_ABSENT,0,CurrentAssets,D
390a7edf-ac22-43e7-b261-25e686bbf9dd,سرود,total_liabilities,0,1,,,True,SOURCE_ABSENT,0,TotalLiabilities,D
390a7edf-ac22-43e7-b261-25e686bbf9dd,سرود,current_liabilities,0,1,,,True,SOURCE_ABSENT,0,CurrentLiabilities,D
390a7edf-ac22-43e7-b261-25e686bbf9dd,سرود,total_equity,0,1,,,True,SOURCE_ABSENT,0,TotalEquity,D
390a7edf-ac22-43e7-b261-25e686bbf9dd,سرود,operating_cash_flow,0,3,,False,True,SOURCE_ABSENT,0,OperatingCashFlow,D
390a7edf-ac22-43e7-b261-25e686bbf9dd,سرود,finance_cost,1,1,2026-06-21,,True,PRESENT,1,FinanceCostsNew,
390a7edf-ac22-43e7-b261-25e686bbf9dd,سرود,other_non_operating,1,1,2026-06-21,,True,PRESENT,1,OtherNonOpNew,
d902203f-0213-4f12-b051-1700f7b33c2c,چدن,revenue,1,3,2026-06-21,True,True,PRESENT,1,RevenueNew,
d902203f-0213-4f12-b051-1700f7b33c2c,چدن,net_profit,1,3,2026-06-21,True,True,PRESENT,1,NetProfitAmount,
d902203f-0213-4f12-b051-1700f7b33c2c,چدن,operating_profit,28,3,2026-06-21,True,True,PRESENT,1,OperatingProfitNew,
d902203f-0213-4f12-b051-1700f7b33c2c,چدن,eps,28,3,2026-06-21,True,True,PRESENT,1,Num1_Value1,
d902203f-0213-4f12-b051-1700f7b33c2c,چدن,capital,28,1,2026-06-21,,True,PRESENT,1,Num2_Value1,
d902203f-0213-4f12-b051-1700f7b33c2c,چدن,total_assets,1,1,2026-06-21,,True,PRESENT,1,TotalAssets,
d902203f-0213-4f12-b051-1700f7b33c2c,چدن,current_assets,1,1,2026-06-21,,True,PRESENT,1,CurrentAssets,
d902203f-0213-4f12-b051-1700f7b33c2c,چدن,total_liabilities,1,1,2026-06-21,,True,PRESENT,1,TotalLiabilities,
d902203f-0213-4f12-b051-1700f7b33c2c,چدن,current_liabilities,1,1,2026-06-21,,True,PRESENT,1,CurrentLiabilities,
d902203f-0213-4f12-b051-1700f7b33c2c,چدن,total_equity,1,1,2026-06-21,,True,PRESENT,1,TotalEquity,
d902203f-0213-4f12-b051-1700f7b33c2c,چدن,operating_cash_flow,1,3,2026-06-21,True,True,PRESENT,1,OperatingCashFlow,
d902203f-0213-4f12-b051-1700f7b33c2c,چدن,finance_cost,1,1,2026-06-21,,True,PRESENT,1,FinanceCostsNew,
d902203f-0213-4f12-b051-1700f7b33c2c,چدن,other_non_operating,1,1,2026-06-21,,True,PRESENT,1,OtherNonOpNew,
ae6670e0-aa42-419d-8a8a-9168096df1ea,داسوه,revenue,1,3,2026-06-21,False,True,INSUFFICIENT_TTM_PERIODS,1,RevenueNew,C
ae6670e0-aa42-419d-8a8a-9168096df1ea,داسوه,net_profit,0,3,,False,True,SOURCE_ABSENT,0,NetProfitAmount,D
ae6670e0-aa42-419d-8a8a-9168096df1ea,داسوه,operating_profit,28,3,2026-06-21,False,True,TTM_RECOVERABLE_REPORT_CHAIN,1,OperatingProfitNew,B
ae6670e0-aa42-419d-8a8a-9168096df1ea,داسوه,eps,28,3,2026-06-21,True,True,PRESENT,1,Num1_Value1,
ae6670e0-aa42-419d-8a8a-9168096df1ea,داسوه,capital,28,1,2026-06-21,,True,PRESENT,1,Num2_Value1,
ae6670e0-aa42-419d-8a8a-9168096df1ea,داسوه,total_assets,0,1,,,True,SOURCE_ABSENT,0,TotalAssets,D
ae6670e0-aa42-419d-8a8a-9168096df1ea,داسوه,current_assets,0,1,,,True,SOURCE_ABSENT,0,CurrentAssets,D
ae6670e0-aa42-419d-8a8a-9168096df1ea,داسوه,total_liabilities,0,1,,,True,SOURCE_ABSENT,0,TotalLiabilities,D
ae6670e0-aa42-419d-8a8a-9168096df1ea,داسوه,current_liabilities,0,1,,,True,SOURCE_ABSENT,0,CurrentLiabilities,D
ae6670e0-aa42-419d-8a8a-9168096df1ea,داسوه,total_equity,0,1,,,True,SOURCE_ABSENT,0,TotalEquity,D
ae6670e0-aa42-419d-8a8a-9168096df1ea,داسوه,operating_cash_flow,0,3,,False,True,SOURCE_ABSENT,0,OperatingCashFlow,D
ae6670e0-aa42-419d-8a8a-9168096df1ea,داسوه,finance_cost,1,1,2026-06-21,,True,PRESENT,1,FinanceCostsNew,
ae6670e0-aa42-419d-8a8a-9168096df1ea,داسوه,other_non_operating,1,1,2026-06-21,,True,PRESENT,1,OtherNonOpNew,
672f86bf-cbf2-4bf6-9597-521d11f9e20a,پخش,revenue,0,3,,False,True,SOURCE_ABSENT,0,RevenueNew,D
672f86bf-cbf2-4bf6-9597-521d11f9e20a,پخش,net_profit,0,3,,False,True,SOURCE_ABSENT,0,NetProfitAmount,D
672f86bf-cbf2-4bf6-9597-521d11f9e20a,پخش,operating_profit,20,3,2026-06-21,False,True,TTM_RECOVERABLE_REPORT_CHAIN,1,OperatingProfitNew,B
672f86bf-cbf2-4bf6-9597-521d11f9e20a,پخش,eps,20,3,2026-06-21,True,True,PRESENT,1,Num1_Value1,
672f86bf-cbf2-4bf6-9597-521d11f9e20a,پخش,capital,20,1,2026-06-21,,True,PRESENT,1,Num2_Value1,
672f86bf-cbf2-4bf6-9597-521d11f9e20a,پخش,total_assets,0,1,,,True,SOURCE_ABSENT,0,TotalAssets,D
672f86bf-cbf2-4bf6-9597-521d11f9e20a,پخش,current_assets,0,1,,,True,SOURCE_ABSENT,0,CurrentAssets,D
672f86bf-cbf2-4bf6-9597-521d11f9e20a,پخش,total_liabilities,0,1,,,True,SOURCE_ABSENT,0,TotalLiabilities,D
672f86bf-cbf2-4bf6-9597-521d11f9e20a,پخش,current_liabilities,0,1,,,True,SOURCE_ABSENT,0,CurrentLiabilities,D
672f86bf-cbf2-4bf6-9597-521d11f9e20a,پخش,total_equity,0,1,,,True,SOURCE_ABSENT,0,TotalEquity,D
672f86bf-cbf2-4bf6-9597-521d11f9e20a,پخش,operating_cash_flow,0,3,,False,True,SOURCE_ABSENT,0,OperatingCashFlow,D
672f86bf-cbf2-4bf6-9597-521d11f9e20a,پخش,finance_cost,0,1,,,True,SOURCE_ABSENT,0,FinanceCostsNew,D
672f86bf-cbf2-4bf6-9597-521d11f9e20a,پخش,other_non_operating,0,1,,,True,SOURCE_ABSENT,0,OtherNonOpNew,D
a225648b-76a1-4ae3-8b6e-e7ccfa259d30,بهپاک,revenue,1,3,2026-06-21,True,True,PRESENT,1,RevenueNew,
a225648b-76a1-4ae3-8b6e-e7ccfa259d30,بهپاک,net_profit,1,3,2026-06-21,True,True,PRESENT,1,NetProfitAmount,
a225648b-76a1-4ae3-8b6e-e7ccfa259d30,بهپاک,operating_profit,26,3,2026-06-21,True,True,PRESENT,1,OperatingProfitNew,
a225648b-76a1-4ae3-8b6e-e7ccfa259d30,بهپاک,eps,26,3,2026-06-21,True,True,PRESENT,1,Num1_Value1,
a225648b-76a1-4ae3-8b6e-e7ccfa259d30,بهپاک,capital,26,1,2026-06-21,,True,PRESENT,1,Num2_Value1,
a225648b-76a1-4ae3-8b6e-e7ccfa259d30,بهپاک,total_assets,1,1,2026-06-21,,True,PRESENT,1,TotalAssets,
a225648b-76a1-4ae3-8b6e-e7ccfa259d30,بهپاک,current_assets,1,1,2026-06-21,,True,PRESENT,1,CurrentAssets,
a225648b-76a1-4ae3-8b6e-e7ccfa259d30,بهپاک,total_liabilities,1,1,2026-06-21,,True,PRESENT,1,TotalLiabilities,
a225648b-76a1-4ae3-8b6e-e7ccfa259d30,بهپاک,current_liabilities,1,1,2026-06-21,,True,PRESENT,1,CurrentLiabilities,
a225648b-76a1-4ae3-8b6e-e7ccfa259d30,بهپاک,total_equity,1,1,2026-06-21,,True,PRESENT,1,TotalEquity,
a225648b-76a1-4ae3-8b6e-e7ccfa259d30,بهپاک,operating_cash_flow,1,3,2026-06-21,True,True,PRESENT,1,OperatingCashFlow,
a225648b-76a1-4ae3-8b6e-e7ccfa259d30,بهپاک,finance_cost,1,1,2026-06-21,,True,PRESENT,1,FinanceCostsNew,
a225648b-76a1-4ae3-8b6e-e7ccfa259d30,بهپاک,other_non_operating,1,1,2026-06-21,,True,PRESENT,1,OtherNonOpNew,
ccc92064-f5c8-4f9f-aa09-33d100f530a1,سصوفی,revenue,1,3,2026-06-21,True,True,PRESENT,1,RevenueNew,
ccc92064-f5c8-4f9f-aa09-33d100f530a1,سصوفی,net_profit,1,3,2026-06-21,True,True,PRESENT,1,NetProfitAmount,
ccc92064-f5c8-4f9f-aa09-33d100f530a1,سصوفی,operating_profit,27,3,2026-06-21,True,True,PRESENT,1,OperatingProfitNew,
ccc92064-f5c8-4f9f-aa09-33d100f530a1,سصوفی,eps,27,3,2026-06-21,True,True,PRESENT,1,Num1_Value1,
ccc92064-f5c8-4f9f-aa09-33d100f530a1,سصوفی,capital,27,1,2026-06-21,,True,PRESENT,1,Num2_Value1,
ccc92064-f5c8-4f9f-aa09-33d100f530a1,سصوفی,total_assets,1,1,2026-06-21,,True,PRESENT,1,TotalAssets,
ccc92064-f5c8-4f9f-aa09-33d100f530a1,سصوفی,current_assets,1,1,2026-06-21,,True,PRESENT,1,CurrentAssets,
ccc92064-f5c8-4f9f-aa09-33d100f530a1,سصوفی,total_liabilities,1,1,2026-06-21,,True,PRESENT,1,TotalLiabilities,
ccc92064-f5c8-4f9f-aa09-33d100f530a1,سصوفی,current_liabilities,1,1,2026-06-21,,True,PRESENT,1,CurrentLiabilities,
ccc92064-f5c8-4f9f-aa09-33d100f530a1,سصوفی,total_equity,1,1,2026-06-21,,True,PRESENT,1,TotalEquity,
ccc92064-f5c8-4f9f-aa09-33d100f530a1,سصوفی,operating_cash_flow,1,3,2026-06-21,True,True,PRESENT,1,OperatingCashFlow,
ccc92064-f5c8-4f9f-aa09-33d100f530a1,سصوفی,finance_cost,1,1,2026-06-21,,True,PRESENT,1,FinanceCostsNew,
ccc92064-f5c8-4f9f-aa09-33d100f530a1,سصوفی,other_non_operating,1,1,2026-06-21,,True,PRESENT,1,OtherNonOpNew,
1fc6970b-c1ec-4b4d-bb3b-8dce55332e18,زاگرس,revenue,1,3,2026-06-21,True,True,PRESENT,1,RevenueNew,
1fc6970b-c1ec-4b4d-bb3b-8dce55332e18,زاگرس,net_profit,1,3,2026-06-21,True,True,PRESENT,1,NetProfitAmount,
1fc6970b-c1ec-4b4d-bb3b-8dce55332e18,زاگرس,operating_profit,28,3,2026-06-21,True,True,PRESENT,1,OperatingProfitNew,
1fc6970b-c1ec-4b4d-bb3b-8dce55332e18,زاگرس,eps,28,3,2026-06-21,True,True,PRESENT,1,Num1_Value1,
1fc6970b-c1ec-4b4d-bb3b-8dce55332e18,زاگرس,capital,28,1,2026-06-21,,True,PRESENT,1,Num2_Value1,
1fc6970b-c1ec-4b4d-bb3b-8dce55332e18,زاگرس,total_assets,1,1,2026-06-21,,True,PRESENT,1,TotalAssets,
1fc6970b-c1ec-4b4d-bb3b-8dce55332e18,زاگرس,current_assets,1,1,2026-06-21,,True,PRESENT,1,CurrentAssets,
1fc6970b-c1ec-4b4d-bb3b-8dce55332e18,زاگرس,total_liabilities,1,1,2026-06-21,,True,PRESENT,1,TotalLiabilities,
1fc6970b-c1ec-4b4d-bb3b-8dce55332e18,زاگرس,current_liabilities,1,1,2026-06-21,,True,PRESENT,1,CurrentLiabilities,
1fc6970b-c1ec-4b4d-bb3b-8dce55332e18,زاگرس,total_equity,1,1,2026-06-21,,True,PRESENT,1,TotalEquity,
1fc6970b-c1ec-4b4d-bb3b-8dce55332e18,زاگرس,operating_cash_flow,1,3,2026-06-21,True,True,PRESENT,1,OperatingCashFlow,
1fc6970b-c1ec-4b4d-bb3b-8dce55332e18,زاگرس,finance_cost,1,1,2026-06-21,,True,PRESENT,1,FinanceCostsNew,
1fc6970b-c1ec-4b4d-bb3b-8dce55332e18,زاگرس,other_non_operating,1,1,2026-06-21,,True,PRESENT,1,OtherNonOpNew,
a2713fb9-4917-493b-bf50-5679d944796d,درهآور,revenue,0,3,,False,True,SOURCE_ABSENT,0,RevenueNew,D
a2713fb9-4917-493b-bf50-5679d944796d,درهآور,net_profit,0,3,,False,True,SOURCE_ABSENT,0,NetProfitAmount,D
a2713fb9-4917-493b-bf50-5679d944796d,درهآور,operating_profit,27,3,2026-06-21,False,True,TTM_RECOVERABLE_REPORT_CHAIN,1,OperatingProfitNew,B
a2713fb9-4917-493b-bf50-5679d944796d,درهآور,eps,27,3,2026-06-21,True,True,PRESENT,1,Num1_Value1,
a2713fb9-4917-493b-bf50-5679d944796d,درهآور,capital,27,1,2026-06-21,,True,PRESENT,1,Num2_Value1,
a2713fb9-4917-493b-bf50-5679d944796d,درهآور,total_assets,0,1,,,True,SOURCE_ABSENT,0,TotalAssets,D
a2713fb9-4917-493b-bf50-5679d944796d,درهآور,current_assets,0,1,,,True,SOURCE_ABSENT,0,CurrentAssets,D
a2713fb9-4917-493b-bf50-5679d944796d,درهآور,total_liabilities,0,1,,,True,SOURCE_ABSENT,0,TotalLiabilities,D
a2713fb9-4917-493b-bf50-5679d944796d,درهآور,current_liabilities,0,1,,,True,SOURCE_ABSENT,0,CurrentLiabilities,D
a2713fb9-4917-493b-bf50-5679d944796d,درهآور,total_equity,0,1,,,True,SOURCE_ABSENT,0,TotalEquity,D
a2713fb9-4917-493b-bf50-5679d944796d,درهآور,operating_cash_flow,0,3,,False,True,SOURCE_ABSENT,0,OperatingCashFlow,D
a2713fb9-4917-493b-bf50-5679d944796d,درهآور,finance_cost,0,1,,,True,SOURCE_ABSENT,0,FinanceCostsNew,D
a2713fb9-4917-493b-bf50-5679d944796d,درهآور,other_non_operating,0,1,,,True,SOURCE_ABSENT,0,OtherNonOpNew,D
a53af603-e764-4e39-a8d2-0ad69c5faf24,حسیر,revenue,0,3,,False,True,SOURCE_ABSENT,0,RevenueNew,D
a53af603-e764-4e39-a8d2-0ad69c5faf24,حسیر,net_profit,0,3,,False,True,SOURCE_ABSENT,0,NetProfitAmount,D
a53af603-e764-4e39-a8d2-0ad69c5faf24,حسیر,operating_profit,29,3,2026-06-21,False,True,TTM_RECOVERABLE_REPORT_CHAIN,1,OperatingProfitNew,B
a53af603-e764-4e39-a8d2-0ad69c5faf24,حسیر,eps,29,3,2026-06-21,True,True,PRESENT,1,Num1_Value1,
a53af603-e764-4e39-a8d2-0ad69c5faf24,حسیر,capital,29,1,2026-06-21,,True,PRESENT,1,Num2_Value1,
a53af603-e764-4e39-a8d2-0ad69c5faf24,حسیر,total_assets,0,1,,,True,SOURCE_ABSENT,0,TotalAssets,D
a53af603-e764-4e39-a8d2-0ad69c5faf24,حسیر,current_assets,0,1,,,True,SOURCE_ABSENT,0,CurrentAssets,D
a53af603-e764-4e39-a8d2-0ad69c5faf24,حسیر,total_liabilities,0,1,,,True,SOURCE_ABSENT,0,TotalLiabilities,D
a53af603-e764-4e39-a8d2-0ad69c5faf24,حسیر,current_liabilities,0,1,,,True,SOURCE_ABSENT,0,CurrentLiabilities,D
a53af603-e764-4e39-a8d2-0ad69c5faf24,حسیر,total_equity,0,1,,,True,SOURCE_ABSENT,0,TotalEquity,D
a53af603-e764-4e39-a8d2-0ad69c5faf24,حسیر,operating_cash_flow,0,3,,False,True,SOURCE_ABSENT,0,OperatingCashFlow,D
a53af603-e764-4e39-a8d2-0ad69c5faf24,حسیر,finance_cost,0,1,,,True,SOURCE_ABSENT,0,FinanceCostsNew,D
a53af603-e764-4e39-a8d2-0ad69c5faf24,حسیر,other_non_operating,0,1,,,True,SOURCE_ABSENT,0,OtherNonOpNew,D
4dd789ea-94b5-4066-b6ca-edf6775e1e72,رانیز,revenue,1,3,2026-06-21,True,True,PRESENT,1,RevenueNew,
4dd789ea-94b5-4066-b6ca-edf6775e1e72,رانیز,net_profit,1,3,2026-06-21,True,True,PRESENT,1,NetProfitAmount,
4dd789ea-94b5-4066-b6ca-edf6775e1e72,رانیز,operating_profit,7,3,2026-06-21,True,True,PRESENT,1,OperatingProfitNew,
4dd789ea-94b5-4066-b6ca-edf6775e1e72,رانیز,eps,7,3,2026-06-21,True,True,PRESENT,1,Num1_Value1,
4dd789ea-94b5-4066-b6ca-edf6775e1e72,رانیز,capital,7,1,2026-06-21,,True,PRESENT,1,Num2_Value1,
4dd789ea-94b5-4066-b6ca-edf6775e1e72,رانیز,total_assets,1,1,2026-06-21,,True,PRESENT,1,TotalAssets,
4dd789ea-94b5-4066-b6ca-edf6775e1e72,رانیز,current_assets,1,1,2026-06-21,,True,PRESENT,1,CurrentAssets,
4dd789ea-94b5-4066-b6ca-edf6775e1e72,رانیز,total_liabilities,1,1,2026-06-21,,True,PRESENT,1,TotalLiabilities,
4dd789ea-94b5-4066-b6ca-edf6775e1e72,رانیز,current_liabilities,1,1,2026-06-21,,True,PRESENT,1,CurrentLiabilities,
4dd789ea-94b5-4066-b6ca-edf6775e1e72,رانیز,total_equity,1,1,2026-06-21,,True,PRESENT,1,TotalEquity,
4dd789ea-94b5-4066-b6ca-edf6775e1e72,رانیز,operating_cash_flow,1,3,2026-06-21,True,True,PRESENT,1,OperatingCashFlow,
4dd789ea-94b5-4066-b6ca-edf6775e1e72,رانیز,finance_cost,1,1,2026-06-21,,True,PRESENT,1,FinanceCostsNew,
4dd789ea-94b5-4066-b6ca-edf6775e1e72,رانیز,other_non_operating,1,1,2026-06-21,,True,PRESENT,1,OtherNonOpNew,
bf2ee8a4-c121-42a7-aa4a-da75001a6a05,اسیاتک,revenue,1,3,2026-06-21,True,True,PRESENT,1,RevenueNew,
bf2ee8a4-c121-42a7-aa4a-da75001a6a05,اسیاتک,net_profit,1,3,2026-06-21,True,True,PRESENT,1,NetProfitAmount,
bf2ee8a4-c121-42a7-aa4a-da75001a6a05,اسیاتک,operating_profit,20,3,2026-06-21,True,True,PRESENT,1,OperatingProfitNew,
bf2ee8a4-c121-42a7-aa4a-da75001a6a05,اسیاتک,eps,20,3,2026-06-21,True,True,PRESENT,1,Num1_Value1,
bf2ee8a4-c121-42a7-aa4a-da75001a6a05,اسیاتک,capital,20,1,2026-06-21,,True,PRESENT,1,Num2_Value1,
bf2ee8a4-c121-42a7-aa4a-da75001a6a05,اسیاتک,total_assets,1,1,2026-06-21,,True,PRESENT,1,TotalAssets,
bf2ee8a4-c121-42a7-aa4a-da75001a6a05,اسیاتک,current_assets,1,1,2026-06-21,,True,PRESENT,1,CurrentAssets,
bf2ee8a4-c121-42a7-aa4a-da75001a6a05,اسیاتک,total_liabilities,1,1,2026-06-21,,True,PRESENT,1,TotalLiabilities,
bf2ee8a4-c121-42a7-aa4a-da75001a6a05,اسیاتک,current_liabilities,1,1,2026-06-21,,True,PRESENT,1,CurrentLiabilities,
bf2ee8a4-c121-42a7-aa4a-da75001a6a05,اسیاتک,total_equity,1,1,2026-06-21,,True,PRESENT,1,TotalEquity,
bf2ee8a4-c121-42a7-aa4a-da75001a6a05,اسیاتک,operating_cash_flow,1,3,2026-06-21,True,True,PRESENT,1,OperatingCashFlow,
bf2ee8a4-c121-42a7-aa4a-da75001a6a05,اسیاتک,finance_cost,1,1,2026-06-21,,True,PRESENT,1,FinanceCostsNew,
bf2ee8a4-c121-42a7-aa4a-da75001a6a05,اسیاتک,other_non_operating,1,1,2026-06-21,,True,PRESENT,1,OtherNonOpNew,
49e031e9-3fb6-4cf9-9404-c29af209d2f9,سنیر,revenue,0,3,,False,True,SOURCE_ABSENT,0,RevenueNew,D
49e031e9-3fb6-4cf9-9404-c29af209d2f9,سنیر,net_profit,0,3,,False,True,SOURCE_ABSENT,0,NetProfitAmount,D
49e031e9-3fb6-4cf9-9404-c29af209d2f9,سنیر,operating_profit,25,3,2026-06-21,False,True,TTM_RECOVERABLE_REPORT_CHAIN,1,OperatingProfitNew,B
49e031e9-3fb6-4cf9-9404-c29af209d2f9,سنیر,eps,25,3,2026-06-21,True,True,PRESENT,1,Num1_Value1,
49e031e9-3fb6-4cf9-9404-c29af209d2f9,سنیر,capital,25,1,2026-06-21,,True,PRESENT,1,Num2_Value1,
49e031e9-3fb6-4cf9-9404-c29af209d2f9,سنیر,total_assets,0,1,,,True,SOURCE_ABSENT,0,TotalAssets,D
49e031e9-3fb6-4cf9-9404-c29af209d2f9,سنیر,current_assets,0,1,,,True,SOURCE_ABSENT,0,CurrentAssets,D
49e031e9-3fb6-4cf9-9404-c29af209d2f9,سنیر,total_liabilities,0,1,,,True,SOURCE_ABSENT,0,TotalLiabilities,D
49e031e9-3fb6-4cf9-9404-c29af209d2f9,سنیر,current_liabilities,0,1,,,True,SOURCE_ABSENT,0,CurrentLiabilities,D
49e031e9-3fb6-4cf9-9404-c29af209d2f9,سنیر,total_equity,0,1,,,True,SOURCE_ABSENT,0,TotalEquity,D
49e031e9-3fb6-4cf9-9404-c29af209d2f9,سنیر,operating_cash_flow,0,3,,False,True,SOURCE_ABSENT,0,OperatingCashFlow,D
49e031e9-3fb6-4cf9-9404-c29af209d2f9,سنیر,finance_cost,0,1,,,True,SOURCE_ABSENT,0,FinanceCostsNew,D
49e031e9-3fb6-4cf9-9404-c29af209d2f9,سنیر,other_non_operating,0,1,,,True,SOURCE_ABSENT,0,OtherNonOpNew,D
bfbfe8f3-54dd-4146-a664-af82e2f16919,کیمیا,revenue,1,3,2026-06-21,True,True,PRESENT,1,RevenueNew,
bfbfe8f3-54dd-4146-a664-af82e2f16919,کیمیا,net_profit,1,3,2026-06-21,True,True,PRESENT,1,NetProfitAmount,
bfbfe8f3-54dd-4146-a664-af82e2f16919,کیمیا,operating_profit,23,3,2026-06-21,True,True,PRESENT,1,OperatingProfitNew,
bfbfe8f3-54dd-4146-a664-af82e2f16919,کیمیا,eps,23,3,2026-06-21,True,True,PRESENT,1,Num1_Value1,
bfbfe8f3-54dd-4146-a664-af82e2f16919,کیمیا,capital,23,1,2026-06-21,,True,PRESENT,1,Num2_Value1,
bfbfe8f3-54dd-4146-a664-af82e2f16919,کیمیا,total_assets,1,1,2026-06-21,,True,PRESENT,1,TotalAssets,
bfbfe8f3-54dd-4146-a664-af82e2f16919,کیمیا,current_assets,1,1,2026-06-21,,True,PRESENT,1,CurrentAssets,
bfbfe8f3-54dd-4146-a664-af82e2f16919,کیمیا,total_liabilities,1,1,2026-06-21,,True,PRESENT,1,TotalLiabilities,
bfbfe8f3-54dd-4146-a664-af82e2f16919,کیمیا,current_liabilities,1,1,2026-06-21,,True,PRESENT,1,CurrentLiabilities,
bfbfe8f3-54dd-4146-a664-af82e2f16919,کیمیا,total_equity,1,1,2026-06-21,,True,PRESENT,1,TotalEquity,
bfbfe8f3-54dd-4146-a664-af82e2f16919,کیمیا,operating_cash_flow,1,3,2026-06-21,True,True,PRESENT,1,OperatingCashFlow,
bfbfe8f3-54dd-4146-a664-af82e2f16919,کیمیا,finance_cost,1,1,2026-06-21,,True,PRESENT,1,FinanceCostsNew,
bfbfe8f3-54dd-4146-a664-af82e2f16919,کیمیا,other_non_operating,1,1,2026-06-21,,True,PRESENT,1,OtherNonOpNew,
ad6c42d2-20f7-4382-b789-835efac4b98d,ثبهساز,revenue,24,3,2026-06-21,False,True,TTM_RECOVERABLE_REPORT_CHAIN,1,RevenueNew,B
ad6c42d2-20f7-4382-b789-835efac4b98d,ثبهساز,net_profit,0,3,,False,True,SOURCE_ABSENT,0,NetProfitAmount,D
ad6c42d2-20f7-4382-b789-835efac4b98d,ثبهساز,operating_profit,24,3,2026-06-21,False,True,TTM_RECOVERABLE_REPORT_CHAIN,1,OperatingProfitNew,B
ad6c42d2-20f7-4382-b789-835efac4b98d,ثبهساز,eps,24,3,2026-06-21,True,True,PRESENT,1,Num1_Value1,
ad6c42d2-20f7-4382-b789-835efac4b98d,ثبهساز,capital,24,1,2026-06-21,,True,PRESENT,1,Num2_Value1,
ad6c42d2-20f7-4382-b789-835efac4b98d,ثبهساز,total_assets,0,1,,,True,SOURCE_ABSENT,0,TotalAssets,D
ad6c42d2-20f7-4382-b789-835efac4b98d,ثبهساز,current_assets,0,1,,,True,SOURCE_ABSENT,0,CurrentAssets,D
ad6c42d2-20f7-4382-b789-835efac4b98d,ثبهساز,total_liabilities,0,1,,,True,SOURCE_ABSENT,0,TotalLiabilities,D
ad6c42d2-20f7-4382-b789-835efac4b98d,ثبهساز,current_liabilities,0,1,,,True,SOURCE_ABSENT,0,CurrentLiabilities,D
ad6c42d2-20f7-4382-b789-835efac4b98d,ثبهساز,total_equity,0,1,,,True,SOURCE_ABSENT,0,TotalEquity,D
ad6c42d2-20f7-4382-b789-835efac4b98d,ثبهساز,operating_cash_flow,0,3,,False,True,SOURCE_ABSENT,0,OperatingCashFlow,D
ad6c42d2-20f7-4382-b789-835efac4b98d,ثبهساز,finance_cost,24,1,2026-06-21,,True,PRESENT,1,FinanceCostsNew,
ad6c42d2-20f7-4382-b789-835efac4b98d,ثبهساز,other_non_operating,24,1,2026-06-21,,True,PRESENT,1,OtherNonOpNew,
ec9f3262-9612-48a8-bfec-bbb59441b31b,فولای,revenue,0,3,,False,True,SOURCE_ABSENT,0,RevenueNew,D
ec9f3262-9612-48a8-bfec-bbb59441b31b,فولای,net_profit,0,3,,False,True,SOURCE_ABSENT,0,NetProfitAmount,D
ec9f3262-9612-48a8-bfec-bbb59441b31b,فولای,operating_profit,26,3,2026-03-20,True,True,PRESENT,1,OperatingProfitNew,
ec9f3262-9612-48a8-bfec-bbb59441b31b,فولای,eps,26,3,2026-03-20,True,True,PRESENT,1,Num1_Value1,
ec9f3262-9612-48a8-bfec-bbb59441b31b,فولای,capital,26,1,2026-03-20,,True,PRESENT,1,Num2_Value1,
ec9f3262-9612-48a8-bfec-bbb59441b31b,فولای,total_assets,0,1,,,True,SOURCE_ABSENT,0,TotalAssets,D
ec9f3262-9612-48a8-bfec-bbb59441b31b,فولای,current_assets,0,1,,,True,SOURCE_ABSENT,0,CurrentAssets,D
ec9f3262-9612-48a8-bfec-bbb59441b31b,فولای,total_liabilities,0,1,,,True,SOURCE_ABSENT,0,TotalLiabilities,D
ec9f3262-9612-48a8-bfec-bbb59441b31b,فولای,current_liabilities,0,1,,,True,SOURCE_ABSENT,0,CurrentLiabilities,D
ec9f3262-9612-48a8-bfec-bbb59441b31b,فولای,total_equity,0,1,,,True,SOURCE_ABSENT,0,TotalEquity,D
ec9f3262-9612-48a8-bfec-bbb59441b31b,فولای,operating_cash_flow,0,3,,False,True,SOURCE_ABSENT,0,OperatingCashFlow,D
ec9f3262-9612-48a8-bfec-bbb59441b31b,فولای,finance_cost,0,1,,,True,SOURCE_ABSENT,0,FinanceCostsNew,D
ec9f3262-9612-48a8-bfec-bbb59441b31b,فولای,other_non_operating,0,1,,,True,SOURCE_ABSENT,0,OtherNonOpNew,D
bf805c87-c0e9-4f5b-bc55-ceae499a765f,قزوین,revenue,0,3,,False,True,SOURCE_ABSENT,0,RevenueNew,D
bf805c87-c0e9-4f5b-bc55-ceae499a765f,قزوین,net_profit,0,3,,False,True,SOURCE_ABSENT,0,NetProfitAmount,D
bf805c87-c0e9-4f5b-bc55-ceae499a765f,قزوین,operating_profit,27,3,2026-06-21,False,True,TTM_RECOVERABLE_REPORT_CHAIN,1,OperatingProfitNew,B
bf805c87-c0e9-4f5b-bc55-ceae499a765f,قزوین,eps,27,3,2026-06-21,True,True,PRESENT,1,Num1_Value1,
bf805c87-c0e9-4f5b-bc55-ceae499a765f,قزوین,capital,27,1,2026-06-21,,True,PRESENT,1,Num2_Value1,
bf805c87-c0e9-4f5b-bc55-ceae499a765f,قزوین,total_assets,0,1,,,True,SOURCE_ABSENT,0,TotalAssets,D
bf805c87-c0e9-4f5b-bc55-ceae499a765f,قزوین,current_assets,0,1,,,True,SOURCE_ABSENT,0,CurrentAssets,D
bf805c87-c0e9-4f5b-bc55-ceae499a765f,قزوین,total_liabilities,0,1,,,True,SOURCE_ABSENT,0,TotalLiabilities,D
bf805c87-c0e9-4f5b-bc55-ceae499a765f,قزوین,current_liabilities,0,1,,,True,SOURCE_ABSENT,0,CurrentLiabilities,D
bf805c87-c0e9-4f5b-bc55-ceae499a765f,قزوین,total_equity,0,1,,,True,SOURCE_ABSENT,0,TotalEquity,D
bf805c87-c0e9-4f5b-bc55-ceae499a765f,قزوین,operating_cash_flow,0,3,,False,True,SOURCE_ABSENT,0,OperatingCashFlow,D
bf805c87-c0e9-4f5b-bc55-ceae499a765f,قزوین,finance_cost,0,1,,,True,SOURCE_ABSENT,0,FinanceCostsNew,D
bf805c87-c0e9-4f5b-bc55-ceae499a765f,قزوین,other_non_operating,0,1,,,True,SOURCE_ABSENT,0,OtherNonOpNew,D
7c19589a-b176-4b0d-8231-5d07e54557f6,سکرما,revenue,0,3,,False,True,SOURCE_ABSENT,0,RevenueNew,D
7c19589a-b176-4b0d-8231-5d07e54557f6,سکرما,net_profit,0,3,,False,True,SOURCE_ABSENT,0,NetProfitAmount,D
7c19589a-b176-4b0d-8231-5d07e54557f6,سکرما,operating_profit,29,3,2026-06-21,False,True,TTM_RECOVERABLE_REPORT_CHAIN,1,OperatingProfitNew,B
7c19589a-b176-4b0d-8231-5d07e54557f6,سکرما,eps,29,3,2026-06-21,True,True,PRESENT,1,Num1_Value1,
7c19589a-b176-4b0d-8231-5d07e54557f6,سکرما,capital,29,1,2026-06-21,,True,PRESENT,1,Num2_Value1,
7c19589a-b176-4b0d-8231-5d07e54557f6,سکرما,total_assets,0,1,,,True,SOURCE_ABSENT,0,TotalAssets,D
7c19589a-b176-4b0d-8231-5d07e54557f6,سکرما,current_assets,0,1,,,True,SOURCE_ABSENT,0,CurrentAssets,D
7c19589a-b176-4b0d-8231-5d07e54557f6,سکرما,total_liabilities,0,1,,,True,SOURCE_ABSENT,0,TotalLiabilities,D
7c19589a-b176-4b0d-8231-5d07e54557f6,سکرما,current_liabilities,0,1,,,True,SOURCE_ABSENT,0,CurrentLiabilities,D
7c19589a-b176-4b0d-8231-5d07e54557f6,سکرما,total_equity,0,1,,,True,SOURCE_ABSENT,0,TotalEquity,D
7c19589a-b176-4b0d-8231-5d07e54557f6,سکرما,operating_cash_flow,0,3,,False,True,SOURCE_ABSENT,0,OperatingCashFlow,D
7c19589a-b176-4b0d-8231-5d07e54557f6,سکرما,finance_cost,0,1,,,True,SOURCE_ABSENT,0,FinanceCostsNew,D
7c19589a-b176-4b0d-8231-5d07e54557f6,سکرما,other_non_operating,0,1,,,True,SOURCE_ABSENT,0,OtherNonOpNew,D
fa66cac3-823f-4a5a-aff0-1dc0a5b3d0ac,مادیرا,revenue,1,3,2026-03-20,True,True,PRESENT,1,RevenueNew,
fa66cac3-823f-4a5a-aff0-1dc0a5b3d0ac,مادیرا,net_profit,1,3,2026-03-20,True,True,PRESENT,1,NetProfitAmount,
fa66cac3-823f-4a5a-aff0-1dc0a5b3d0ac,مادیرا,operating_profit,27,3,2026-03-20,True,True,PRESENT,1,OperatingProfitNew,
fa66cac3-823f-4a5a-aff0-1dc0a5b3d0ac,مادیرا,eps,27,3,2026-03-20,True,True,PRESENT,1,Num1_Value1,
fa66cac3-823f-4a5a-aff0-1dc0a5b3d0ac,مادیرا,capital,27,1,2026-03-20,,True,PRESENT,1,Num2_Value1,
fa66cac3-823f-4a5a-aff0-1dc0a5b3d0ac,مادیرا,total_assets,1,1,2026-03-20,,True,PRESENT,1,TotalAssets,
fa66cac3-823f-4a5a-aff0-1dc0a5b3d0ac,مادیرا,current_assets,1,1,2026-03-20,,True,PRESENT,1,CurrentAssets,
fa66cac3-823f-4a5a-aff0-1dc0a5b3d0ac,مادیرا,total_liabilities,1,1,2026-03-20,,True,PRESENT,1,TotalLiabilities,
fa66cac3-823f-4a5a-aff0-1dc0a5b3d0ac,مادیرا,current_liabilities,1,1,2026-03-20,,True,PRESENT,1,CurrentLiabilities,
fa66cac3-823f-4a5a-aff0-1dc0a5b3d0ac,مادیرا,total_equity,1,1,2026-03-20,,True,PRESENT,1,TotalEquity,
fa66cac3-823f-4a5a-aff0-1dc0a5b3d0ac,مادیرا,operating_cash_flow,1,3,2026-03-20,True,True,PRESENT,1,OperatingCashFlow,
fa66cac3-823f-4a5a-aff0-1dc0a5b3d0ac,مادیرا,finance_cost,1,1,2026-03-20,,True,PRESENT,1,FinanceCostsNew,
fa66cac3-823f-4a5a-aff0-1dc0a5b3d0ac,مادیرا,other_non_operating,1,1,2026-03-20,,True,PRESENT,1,OtherNonOpNew,
9e516f18-8cb3-42ad-ae64-7dc31d3eb4f1,ساروم,revenue,1,3,2026-06-21,True,True,PRESENT,1,RevenueNew,
9e516f18-8cb3-42ad-ae64-7dc31d3eb4f1,ساروم,net_profit,1,3,2026-06-21,True,True,PRESENT,1,NetProfitAmount,
9e516f18-8cb3-42ad-ae64-7dc31d3eb4f1,ساروم,operating_profit,27,3,2026-06-21,True,True,PRESENT,1,OperatingProfitNew,
9e516f18-8cb3-42ad-ae64-7dc31d3eb4f1,ساروم,eps,27,3,2026-06-21,True,True,PRESENT,1,Num1_Value1,
9e516f18-8cb3-42ad-ae64-7dc31d3eb4f1,ساروم,capital,27,1,2026-06-21,,True,PRESENT,1,Num2_Value1,
9e516f18-8cb3-42ad-ae64-7dc31d3eb4f1,ساروم,total_assets,1,1,2026-06-21,,True,PRESENT,1,TotalAssets,
9e516f18-8cb3-42ad-ae64-7dc31d3eb4f1,ساروم,current_assets,1,1,2026-06-21,,True,PRESENT,1,CurrentAssets,
9e516f18-8cb3-42ad-ae64-7dc31d3eb4f1,ساروم,total_liabilities,1,1,2026-06-21,,True,PRESENT,1,TotalLiabilities,
9e516f18-8cb3-42ad-ae64-7dc31d3eb4f1,ساروم,current_liabilities,1,1,2026-06-21,,True,PRESENT,1,CurrentLiabilities,
9e516f18-8cb3-42ad-ae64-7dc31d3eb4f1,ساروم,total_equity,1,1,2026-06-21,,True,PRESENT,1,TotalEquity,
9e516f18-8cb3-42ad-ae64-7dc31d3eb4f1,ساروم,operating_cash_flow,1,3,2026-06-21,True,True,PRESENT,1,OperatingCashFlow,
9e516f18-8cb3-42ad-ae64-7dc31d3eb4f1,ساروم,finance_cost,1,1,2026-06-21,,True,PRESENT,1,FinanceCostsNew,
9e516f18-8cb3-42ad-ae64-7dc31d3eb4f1,ساروم,other_non_operating,1,1,2026-06-21,,True,PRESENT,1,OtherNonOpNew,
7fffdde8-3048-4c8c-b59f-3829436cb25b,حسینا,revenue,0,3,,False,True,SOURCE_ABSENT,0,RevenueNew,D
7fffdde8-3048-4c8c-b59f-3829436cb25b,حسینا,net_profit,0,3,,False,True,SOURCE_ABSENT,0,NetProfitAmount,D
7fffdde8-3048-4c8c-b59f-3829436cb25b,حسینا,operating_profit,28,3,2026-06-21,False,True,TTM_RECOVERABLE_REPORT_CHAIN,1,OperatingProfitNew,B
7fffdde8-3048-4c8c-b59f-3829436cb25b,حسینا,eps,28,3,2026-06-21,True,True,PRESENT,1,Num1_Value1,
7fffdde8-3048-4c8c-b59f-3829436cb25b,حسینا,capital,28,1,2026-06-21,,True,PRESENT,1,Num2_Value1,
7fffdde8-3048-4c8c-b59f-3829436cb25b,حسینا,total_assets,0,1,,,True,SOURCE_ABSENT,0,TotalAssets,D
7fffdde8-3048-4c8c-b59f-3829436cb25b,حسینا,current_assets,0,1,,,True,SOURCE_ABSENT,0,CurrentAssets,D
7fffdde8-3048-4c8c-b59f-3829436cb25b,حسینا,total_liabilities,0,1,,,True,SOURCE_ABSENT,0,TotalLiabilities,D
7fffdde8-3048-4c8c-b59f-3829436cb25b,حسینا,current_liabilities,0,1,,,True,SOURCE_ABSENT,0,CurrentLiabilities,D
7fffdde8-3048-4c8c-b59f-3829436cb25b,حسینا,total_equity,0,1,,,True,SOURCE_ABSENT,0,TotalEquity,D
7fffdde8-3048-4c8c-b59f-3829436cb25b,حسینا,operating_cash_flow,0,3,,False,True,SOURCE_ABSENT,0,OperatingCashFlow,D
7fffdde8-3048-4c8c-b59f-3829436cb25b,حسینا,finance_cost,0,1,,,True,SOURCE_ABSENT,0,FinanceCostsNew,D
7fffdde8-3048-4c8c-b59f-3829436cb25b,حسینا,other_non_operating,0,1,,,True,SOURCE_ABSENT,0,OtherNonOpNew,D
d6e3cf9a-42c7-4daa-af08-ff4c8e19447e,کخاک,revenue,1,3,2026-06-21,True,True,PRESENT,1,RevenueNew,
d6e3cf9a-42c7-4daa-af08-ff4c8e19447e,کخاک,net_profit,1,3,2026-06-21,True,True,PRESENT,1,NetProfitAmount,
d6e3cf9a-42c7-4daa-af08-ff4c8e19447e,کخاک,operating_profit,26,3,2026-06-21,True,True,PRESENT,1,OperatingProfitNew,
d6e3cf9a-42c7-4daa-af08-ff4c8e19447e,کخاک,eps,26,3,2026-06-21,True,True,PRESENT,1,Num1_Value1,
d6e3cf9a-42c7-4daa-af08-ff4c8e19447e,کخاک,capital,26,1,2026-06-21,,True,PRESENT,1,Num2_Value1,
d6e3cf9a-42c7-4daa-af08-ff4c8e19447e,کخاک,total_assets,1,1,2026-06-21,,True,PRESENT,1,TotalAssets,
d6e3cf9a-42c7-4daa-af08-ff4c8e19447e,کخاک,current_assets,1,1,2026-06-21,,True,PRESENT,1,CurrentAssets,
d6e3cf9a-42c7-4daa-af08-ff4c8e19447e,کخاک,total_liabilities,1,1,2026-06-21,,True,PRESENT,1,TotalLiabilities,
d6e3cf9a-42c7-4daa-af08-ff4c8e19447e,کخاک,current_liabilities,1,1,2026-06-21,,True,PRESENT,1,CurrentLiabilities,
d6e3cf9a-42c7-4daa-af08-ff4c8e19447e,کخاک,total_equity,1,1,2026-06-21,,True,PRESENT,1,TotalEquity,
d6e3cf9a-42c7-4daa-af08-ff4c8e19447e,کخاک,operating_cash_flow,1,3,2026-06-21,True,True,PRESENT,1,OperatingCashFlow,
d6e3cf9a-42c7-4daa-af08-ff4c8e19447e,کخاک,finance_cost,1,1,2026-06-21,,True,PRESENT,1,FinanceCostsNew,
d6e3cf9a-42c7-4daa-af08-ff4c8e19447e,کخاک,other_non_operating,1,1,2026-06-21,,True,PRESENT,1,OtherNonOpNew,
6b9fc3a5-da42-435a-8a04-352cf694f664,غفارس,revenue,1,3,2026-06-21,True,True,PRESENT,1,RevenueNew,
6b9fc3a5-da42-435a-8a04-352cf694f664,غفارس,net_profit,1,3,2026-06-21,True,True,PRESENT,1,NetProfitAmount,
6b9fc3a5-da42-435a-8a04-352cf694f664,غفارس,operating_profit,28,3,2026-06-21,True,True,PRESENT,1,OperatingProfitNew,
6b9fc3a5-da42-435a-8a04-352cf694f664,غفارس,eps,28,3,2026-06-21,True,True,PRESENT,1,Num1_Value1,
6b9fc3a5-da42-435a-8a04-352cf694f664,غفارس,capital,28,1,2026-06-21,,True,PRESENT,1,Num2_Value1,
6b9fc3a5-da42-435a-8a04-352cf694f664,غفارس,total_assets,1,1,2026-06-21,,True,PRESENT,1,TotalAssets,
6b9fc3a5-da42-435a-8a04-352cf694f664,غفارس,current_assets,1,1,2026-06-21,,True,PRESENT,1,CurrentAssets,
6b9fc3a5-da42-435a-8a04-352cf694f664,غفارس,total_liabilities,1,1,2026-06-21,,True,PRESENT,1,TotalLiabilities,
6b9fc3a5-da42-435a-8a04-352cf694f664,غفارس,current_liabilities,1,1,2026-06-21,,True,PRESENT,1,CurrentLiabilities,
6b9fc3a5-da42-435a-8a04-352cf694f664,غفارس,total_equity,1,1,2026-06-21,,True,PRESENT,1,TotalEquity,
6b9fc3a5-da42-435a-8a04-352cf694f664,غفارس,operating_cash_flow,1,3,2026-06-21,True,True,PRESENT,1,OperatingCashFlow,
6b9fc3a5-da42-435a-8a04-352cf694f664,غفارس,finance_cost,1,1,2026-06-21,,True,PRESENT,1,FinanceCostsNew,
6b9fc3a5-da42-435a-8a04-352cf694f664,غفارس,other_non_operating,1,1,2026-06-21,,True,PRESENT,1,OtherNonOpNew,
b40aa6f8-b558-4c02-95de-ade347229183,شاملا,revenue,0,3,,False,True,SOURCE_ABSENT,0,RevenueNew,D
b40aa6f8-b558-4c02-95de-ade347229183,شاملا,net_profit,0,3,,False,True,SOURCE_ABSENT,0,NetProfitAmount,D
b40aa6f8-b558-4c02-95de-ade347229183,شاملا,operating_profit,28,3,2026-06-21,False,True,TTM_RECOVERABLE_REPORT_CHAIN,1,OperatingProfitNew,B
b40aa6f8-b558-4c02-95de-ade347229183,شاملا,eps,28,3,2026-06-21,True,True,PRESENT,1,Num1_Value1,
b40aa6f8-b558-4c02-95de-ade347229183,شاملا,capital,28,1,2026-06-21,,True,PRESENT,1,Num2_Value1,
b40aa6f8-b558-4c02-95de-ade347229183,شاملا,total_assets,0,1,,,True,SOURCE_ABSENT,0,TotalAssets,D
b40aa6f8-b558-4c02-95de-ade347229183,شاملا,current_assets,0,1,,,True,SOURCE_ABSENT,0,CurrentAssets,D
b40aa6f8-b558-4c02-95de-ade347229183,شاملا,total_liabilities,0,1,,,True,SOURCE_ABSENT,0,TotalLiabilities,D
b40aa6f8-b558-4c02-95de-ade347229183,شاملا,current_liabilities,0,1,,,True,SOURCE_ABSENT,0,CurrentLiabilities,D
b40aa6f8-b558-4c02-95de-ade347229183,شاملا,total_equity,0,1,,,True,SOURCE_ABSENT,0,TotalEquity,D
b40aa6f8-b558-4c02-95de-ade347229183,شاملا,operating_cash_flow,0,3,,False,True,SOURCE_ABSENT,0,OperatingCashFlow,D
b40aa6f8-b558-4c02-95de-ade347229183,شاملا,finance_cost,0,1,,,True,SOURCE_ABSENT,0,FinanceCostsNew,D
b40aa6f8-b558-4c02-95de-ade347229183,شاملا,other_non_operating,0,1,,,True,SOURCE_ABSENT,0,OtherNonOpNew,D
0cf3d6d6-8fb6-4437-85cf-0da787fd7990,غبهنوش,revenue,0,3,,False,True,SOURCE_ABSENT,0,RevenueNew,D
0cf3d6d6-8fb6-4437-85cf-0da787fd7990,غبهنوش,net_profit,0,3,,False,True,SOURCE_ABSENT,0,NetProfitAmount,D
0cf3d6d6-8fb6-4437-85cf-0da787fd7990,غبهنوش,operating_profit,28,3,2026-06-21,False,True,TTM_RECOVERABLE_REPORT_CHAIN,1,OperatingProfitNew,B
0cf3d6d6-8fb6-4437-85cf-0da787fd7990,غبهنوش,eps,28,3,2026-06-21,True,True,PRESENT,1,Num1_Value1,
0cf3d6d6-8fb6-4437-85cf-0da787fd7990,غبهنوش,capital,28,1,2026-06-21,,True,PRESENT,1,Num2_Value1,
0cf3d6d6-8fb6-4437-85cf-0da787fd7990,غبهنوش,total_assets,0,1,,,True,SOURCE_ABSENT,0,TotalAssets,D
0cf3d6d6-8fb6-4437-85cf-0da787fd7990,غبهنوش,current_assets,0,1,,,True,SOURCE_ABSENT,0,CurrentAssets,D
0cf3d6d6-8fb6-4437-85cf-0da787fd7990,غبهنوش,total_liabilities,0,1,,,True,SOURCE_ABSENT,0,TotalLiabilities,D
0cf3d6d6-8fb6-4437-85cf-0da787fd7990,غبهنوش,current_liabilities,0,1,,,True,SOURCE_ABSENT,0,CurrentLiabilities,D
0cf3d6d6-8fb6-4437-85cf-0da787fd7990,غبهنوش,total_equity,0,1,,,True,SOURCE_ABSENT,0,TotalEquity,D
0cf3d6d6-8fb6-4437-85cf-0da787fd7990,غبهنوش,operating_cash_flow,0,3,,False,True,SOURCE_ABSENT,0,OperatingCashFlow,D
0cf3d6d6-8fb6-4437-85cf-0da787fd7990,غبهنوش,finance_cost,0,1,,,True,SOURCE_ABSENT,0,FinanceCostsNew,D
0cf3d6d6-8fb6-4437-85cf-0da787fd7990,غبهنوش,other_non_operating,0,1,,,True,SOURCE_ABSENT,0,OtherNonOpNew,D
31bf977a-27fb-4fad-8073-d412c5cc480b,خمهر,revenue,0,3,,False,True,SOURCE_ABSENT,0,RevenueNew,D
31bf977a-27fb-4fad-8073-d412c5cc480b,خمهر,net_profit,0,3,,False,True,SOURCE_ABSENT,0,NetProfitAmount,D
31bf977a-27fb-4fad-8073-d412c5cc480b,خمهر,operating_profit,27,3,2026-06-21,False,True,TTM_RECOVERABLE_REPORT_CHAIN,1,OperatingProfitNew,B
31bf977a-27fb-4fad-8073-d412c5cc480b,خمهر,eps,27,3,2026-06-21,True,True,PRESENT,1,Num1_Value1,
31bf977a-27fb-4fad-8073-d412c5cc480b,خمهر,capital,27,1,2026-06-21,,True,PRESENT,1,Num2_Value1,
31bf977a-27fb-4fad-8073-d412c5cc480b,خمهر,total_assets,0,1,,,True,SOURCE_ABSENT,0,TotalAssets,D
31bf977a-27fb-4fad-8073-d412c5cc480b,خمهر,current_assets,0,1,,,True,SOURCE_ABSENT,0,CurrentAssets,D
31bf977a-27fb-4fad-8073-d412c5cc480b,خمهر,total_liabilities,0,1,,,True,SOURCE_ABSENT,0,TotalLiabilities,D
31bf977a-27fb-4fad-8073-d412c5cc480b,خمهر,current_liabilities,0,1,,,True,SOURCE_ABSENT,0,CurrentLiabilities,D
31bf977a-27fb-4fad-8073-d412c5cc480b,خمهر,total_equity,0,1,,,True,SOURCE_ABSENT,0,TotalEquity,D
31bf977a-27fb-4fad-8073-d412c5cc480b,خمهر,operating_cash_flow,0,3,,False,True,SOURCE_ABSENT,0,OperatingCashFlow,D
31bf977a-27fb-4fad-8073-d412c5cc480b,خمهر,finance_cost,0,1,,,True,SOURCE_ABSENT,0,FinanceCostsNew,D
31bf977a-27fb-4fad-8073-d412c5cc480b,خمهر,other_non_operating,0,1,,,True,SOURCE_ABSENT,0,OtherNonOpNew,D
df3e0915-7242-485c-aa90-4426dc693b34,خنصیر,revenue,0,3,,False,True,SOURCE_ABSENT,0,RevenueNew,D
df3e0915-7242-485c-aa90-4426dc693b34,خنصیر,net_profit,0,3,,False,True,SOURCE_ABSENT,0,NetProfitAmount,D
df3e0915-7242-485c-aa90-4426dc693b34,خنصیر,operating_profit,27,3,2026-06-21,False,True,TTM_RECOVERABLE_REPORT_CHAIN,1,OperatingProfitNew,B
df3e0915-7242-485c-aa90-4426dc693b34,خنصیر,eps,27,3,2026-06-21,True,True,PRESENT,1,Num1_Value1,
df3e0915-7242-485c-aa90-4426dc693b34,خنصیر,capital,27,1,2026-06-21,,True,PRESENT,1,Num2_Value1,
df3e0915-7242-485c-aa90-4426dc693b34,خنصیر,total_assets,0,1,,,True,SOURCE_ABSENT,0,TotalAssets,D
df3e0915-7242-485c-aa90-4426dc693b34,خنصیر,current_assets,0,1,,,True,SOURCE_ABSENT,0,CurrentAssets,D
df3e0915-7242-485c-aa90-4426dc693b34,خنصیر,total_liabilities,0,1,,,True,SOURCE_ABSENT,0,TotalLiabilities,D
df3e0915-7242-485c-aa90-4426dc693b34,خنصیر,current_liabilities,0,1,,,True,SOURCE_ABSENT,0,CurrentLiabilities,D
df3e0915-7242-485c-aa90-4426dc693b34,خنصیر,total_equity,0,1,,,True,SOURCE_ABSENT,0,TotalEquity,D
df3e0915-7242-485c-aa90-4426dc693b34,خنصیر,operating_cash_flow,0,3,,False,True,SOURCE_ABSENT,0,OperatingCashFlow,D
df3e0915-7242-485c-aa90-4426dc693b34,خنصیر,finance_cost,0,1,,,True,SOURCE_ABSENT,0,FinanceCostsNew,D
df3e0915-7242-485c-aa90-4426dc693b34,خنصیر,other_non_operating,0,1,,,True,SOURCE_ABSENT,0,OtherNonOpNew,D
bf89b630-3cb0-472f-866e-b0de8762374f,کچاد,revenue,0,3,,False,True,SOURCE_ABSENT,0,RevenueNew,D
bf89b630-3cb0-472f-866e-b0de8762374f,کچاد,net_profit,0,3,,False,True,SOURCE_ABSENT,0,NetProfitAmount,D
bf89b630-3cb0-472f-866e-b0de8762374f,کچاد,operating_profit,24,3,2026-06-21,False,True,TTM_RECOVERABLE_REPORT_CHAIN,1,OperatingProfitNew,B
bf89b630-3cb0-472f-866e-b0de8762374f,کچاد,eps,24,3,2026-06-21,True,True,PRESENT,1,Num1_Value1,
bf89b630-3cb0-472f-866e-b0de8762374f,کچاد,capital,24,1,2026-06-21,,True,PRESENT,1,Num2_Value1,
bf89b630-3cb0-472f-866e-b0de8762374f,کچاد,total_assets,0,1,,,True,SOURCE_ABSENT,0,TotalAssets,D
bf89b630-3cb0-472f-866e-b0de8762374f,کچاد,current_assets,0,1,,,True,SOURCE_ABSENT,0,CurrentAssets,D
bf89b630-3cb0-472f-866e-b0de8762374f,کچاد,total_liabilities,0,1,,,True,SOURCE_ABSENT,0,TotalLiabilities,D
bf89b630-3cb0-472f-866e-b0de8762374f,کچاد,current_liabilities,0,1,,,True,SOURCE_ABSENT,0,CurrentLiabilities,D
bf89b630-3cb0-472f-866e-b0de8762374f,کچاد,total_equity,0,1,,,True,SOURCE_ABSENT,0,TotalEquity,D
bf89b630-3cb0-472f-866e-b0de8762374f,کچاد,operating_cash_flow,0,3,,False,True,SOURCE_ABSENT,0,OperatingCashFlow,D
bf89b630-3cb0-472f-866e-b0de8762374f,کچاد,finance_cost,0,1,,,True,SOURCE_ABSENT,0,FinanceCostsNew,D
bf89b630-3cb0-472f-866e-b0de8762374f,کچاد,other_non_operating,0,1,,,True,SOURCE_ABSENT,0,OtherNonOpNew,D
e2ac90c5-4667-4e98-b30b-234e32769134,کلر,revenue,1,3,2026-06-21,True,True,PRESENT,1,RevenueNew,
e2ac90c5-4667-4e98-b30b-234e32769134,کلر,net_profit,1,3,2026-06-21,True,True,PRESENT,1,NetProfitAmount,
e2ac90c5-4667-4e98-b30b-234e32769134,کلر,operating_profit,25,3,2026-06-21,True,True,PRESENT,1,OperatingProfitNew,
e2ac90c5-4667-4e98-b30b-234e32769134,کلر,eps,25,3,2026-06-21,True,True,PRESENT,1,Num1_Value1,
e2ac90c5-4667-4e98-b30b-234e32769134,کلر,capital,25,1,2026-06-21,,True,PRESENT,1,Num2_Value1,
e2ac90c5-4667-4e98-b30b-234e32769134,کلر,total_assets,1,1,2026-06-21,,True,PRESENT,1,TotalAssets,
e2ac90c5-4667-4e98-b30b-234e32769134,کلر,current_assets,1,1,2026-06-21,,True,PRESENT,1,CurrentAssets,
e2ac90c5-4667-4e98-b30b-234e32769134,کلر,total_liabilities,1,1,2026-06-21,,True,PRESENT,1,TotalLiabilities,
e2ac90c5-4667-4e98-b30b-234e32769134,کلر,current_liabilities,1,1,2026-06-21,,True,PRESENT,1,CurrentLiabilities,
e2ac90c5-4667-4e98-b30b-234e32769134,کلر,total_equity,1,1,2026-06-21,,True,PRESENT,1,TotalEquity,
e2ac90c5-4667-4e98-b30b-234e32769134,کلر,operating_cash_flow,1,3,2026-06-21,True,True,PRESENT,1,OperatingCashFlow,
e2ac90c5-4667-4e98-b30b-234e32769134,کلر,finance_cost,1,1,2026-06-21,,True,PRESENT,1,FinanceCostsNew,
e2ac90c5-4667-4e98-b30b-234e32769134,کلر,other_non_operating,1,1,2026-06-21,,True,PRESENT,1,OtherNonOpNew,
f3d108c0-7d0f-49e9-8a5a-399615e22396,دفرا,revenue,1,3,2026-06-21,True,True,PRESENT,1,RevenueNew,
f3d108c0-7d0f-49e9-8a5a-399615e22396,دفرا,net_profit,1,3,2026-06-21,True,True,PRESENT,1,NetProfitAmount,
f3d108c0-7d0f-49e9-8a5a-399615e22396,دفرا,operating_profit,27,3,2026-06-21,True,True,PRESENT,1,OperatingProfitNew,
f3d108c0-7d0f-49e9-8a5a-399615e22396,دفرا,eps,27,3,2026-06-21,True,True,PRESENT,1,Num1_Value1,
f3d108c0-7d0f-49e9-8a5a-399615e22396,دفرا,capital,27,1,2026-06-21,,True,PRESENT,1,Num2_Value1,
f3d108c0-7d0f-49e9-8a5a-399615e22396,دفرا,total_assets,1,1,2026-06-21,,True,PRESENT,1,TotalAssets,
f3d108c0-7d0f-49e9-8a5a-399615e22396,دفرا,current_assets,1,1,2026-06-21,,True,PRESENT,1,CurrentAssets,
f3d108c0-7d0f-49e9-8a5a-399615e22396,دفرا,total_liabilities,1,1,2026-06-21,,True,PRESENT,1,TotalLiabilities,
f3d108c0-7d0f-49e9-8a5a-399615e22396,دفرا,current_liabilities,1,1,2026-06-21,,True,PRESENT,1,CurrentLiabilities,
f3d108c0-7d0f-49e9-8a5a-399615e22396,دفرا,total_equity,1,1,2026-06-21,,True,PRESENT,1,TotalEquity,
f3d108c0-7d0f-49e9-8a5a-399615e22396,دفرا,operating_cash_flow,1,3,2026-06-21,True,True,PRESENT,1,OperatingCashFlow,
f3d108c0-7d0f-49e9-8a5a-399615e22396,دفرا,finance_cost,1,1,2026-06-21,,True,PRESENT,1,FinanceCostsNew,
f3d108c0-7d0f-49e9-8a5a-399615e22396,دفرا,other_non_operating,1,1,2026-06-21,,True,PRESENT,1,OtherNonOpNew,
c5a432d6-bd29-4dbf-b63b-64ab36c80baf,غپینو,revenue,28,3,2026-06-21,True,True,PRESENT,1,RevenueNew,
c5a432d6-bd29-4dbf-b63b-64ab36c80baf,غپینو,net_profit,28,3,2026-06-21,True,True,PRESENT,1,NetProfitAmount,
c5a432d6-bd29-4dbf-b63b-64ab36c80baf,غپینو,operating_profit,28,3,2026-06-21,True,True,PRESENT,1,OperatingProfitNew,
c5a432d6-bd29-4dbf-b63b-64ab36c80baf,غپینو,eps,28,3,2026-06-21,True,True,PRESENT,1,Num1_Value1,
c5a432d6-bd29-4dbf-b63b-64ab36c80baf,غپینو,capital,28,1,2026-06-21,,True,PRESENT,1,Num2_Value1,
c5a432d6-bd29-4dbf-b63b-64ab36c80baf,غپینو,total_assets,28,1,2026-06-21,,True,PRESENT,1,TotalAssets,
c5a432d6-bd29-4dbf-b63b-64ab36c80baf,غپینو,current_assets,28,1,2026-06-21,,True,PRESENT,1,CurrentAssets,
c5a432d6-bd29-4dbf-b63b-64ab36c80baf,غپینو,total_liabilities,28,1,2026-06-21,,True,PRESENT,1,TotalLiabilities,
c5a432d6-bd29-4dbf-b63b-64ab36c80baf,غپینو,current_liabilities,28,1,2026-06-21,,True,PRESENT,1,CurrentLiabilities,
c5a432d6-bd29-4dbf-b63b-64ab36c80baf,غپینو,total_equity,28,1,2026-06-21,,True,PRESENT,1,TotalEquity,
c5a432d6-bd29-4dbf-b63b-64ab36c80baf,غپینو,operating_cash_flow,28,3,2026-06-21,True,True,PRESENT,1,OperatingCashFlow,
c5a432d6-bd29-4dbf-b63b-64ab36c80baf,غپینو,finance_cost,28,1,2026-06-21,,True,PRESENT,1,FinanceCostsNew,
c5a432d6-bd29-4dbf-b63b-64ab36c80baf,غپینو,other_non_operating,28,1,2026-06-21,,True,PRESENT,1,OtherNonOpNew,
0a8e4fe4-bcd4-4ae5-b6c1-044553a86517,نوری,revenue,1,3,2026-06-21,True,True,PRESENT,1,RevenueNew,
0a8e4fe4-bcd4-4ae5-b6c1-044553a86517,نوری,net_profit,1,3,2026-06-21,True,True,PRESENT,1,NetProfitAmount,
0a8e4fe4-bcd4-4ae5-b6c1-044553a86517,نوری,operating_profit,28,3,2026-06-21,True,True,PRESENT,1,OperatingProfitNew,
0a8e4fe4-bcd4-4ae5-b6c1-044553a86517,نوری,eps,28,3,2026-06-21,True,True,PRESENT,1,Num1_Value1,
0a8e4fe4-bcd4-4ae5-b6c1-044553a86517,نوری,capital,28,1,2026-06-21,,True,PRESENT,1,Num2_Value1,
0a8e4fe4-bcd4-4ae5-b6c1-044553a86517,نوری,total_assets,1,1,2026-06-21,,True,PRESENT,1,TotalAssets,
0a8e4fe4-bcd4-4ae5-b6c1-044553a86517,نوری,current_assets,1,1,2026-06-21,,True,PRESENT,1,CurrentAssets,
0a8e4fe4-bcd4-4ae5-b6c1-044553a86517,نوری,total_liabilities,1,1,2026-06-21,,True,PRESENT,1,TotalLiabilities,
0a8e4fe4-bcd4-4ae5-b6c1-044553a86517,نوری,current_liabilities,1,1,2026-06-21,,True,PRESENT,1,CurrentLiabilities,
0a8e4fe4-bcd4-4ae5-b6c1-044553a86517,نوری,total_equity,1,1,2026-06-21,,True,PRESENT,1,TotalEquity,
0a8e4fe4-bcd4-4ae5-b6c1-044553a86517,نوری,operating_cash_flow,1,3,2026-06-21,True,True,PRESENT,1,OperatingCashFlow,
0a8e4fe4-bcd4-4ae5-b6c1-044553a86517,نوری,finance_cost,1,1,2026-06-21,,True,PRESENT,1,FinanceCostsNew,
0a8e4fe4-bcd4-4ae5-b6c1-044553a86517,نوری,other_non_operating,1,1,2026-06-21,,True,PRESENT,1,OtherNonOpNew,
d3e54010-744b-4177-966a-8b5706b07309,تایرا,revenue,0,3,,False,True,SOURCE_ABSENT,0,RevenueNew,D
d3e54010-744b-4177-966a-8b5706b07309,تایرا,net_profit,0,3,,False,True,SOURCE_ABSENT,0,NetProfitAmount,D
d3e54010-744b-4177-966a-8b5706b07309,تایرا,operating_profit,29,3,2026-06-21,False,True,TTM_RECOVERABLE_REPORT_CHAIN,1,OperatingProfitNew,B
d3e54010-744b-4177-966a-8b5706b07309,تایرا,eps,29,3,2026-06-21,True,True,PRESENT,1,Num1_Value1,
d3e54010-744b-4177-966a-8b5706b07309,تایرا,capital,29,1,2026-06-21,,True,PRESENT,1,Num2_Value1,
d3e54010-744b-4177-966a-8b5706b07309,تایرا,total_assets,0,1,,,True,SOURCE_ABSENT,0,TotalAssets,D
d3e54010-744b-4177-966a-8b5706b07309,تایرا,current_assets,0,1,,,True,SOURCE_ABSENT,0,CurrentAssets,D
d3e54010-744b-4177-966a-8b5706b07309,تایرا,total_liabilities,0,1,,,True,SOURCE_ABSENT,0,TotalLiabilities,D
d3e54010-744b-4177-966a-8b5706b07309,تایرا,current_liabilities,0,1,,,True,SOURCE_ABSENT,0,CurrentLiabilities,D
d3e54010-744b-4177-966a-8b5706b07309,تایرا,total_equity,0,1,,,True,SOURCE_ABSENT,0,TotalEquity,D
d3e54010-744b-4177-966a-8b5706b07309,تایرا,operating_cash_flow,0,3,,False,True,SOURCE_ABSENT,0,OperatingCashFlow,D
d3e54010-744b-4177-966a-8b5706b07309,تایرا,finance_cost,0,1,,,True,SOURCE_ABSENT,0,FinanceCostsNew,D
d3e54010-744b-4177-966a-8b5706b07309,تایرا,other_non_operating,0,1,,,True,SOURCE_ABSENT,0,OtherNonOpNew,D
81be5f6f-f8d3-4c01-9ef5-ec28582a00d5,کنور,revenue,0,3,,False,True,SOURCE_ABSENT,0,RevenueNew,D
81be5f6f-f8d3-4c01-9ef5-ec28582a00d5,کنور,net_profit,0,3,,False,True,SOURCE_ABSENT,0,NetProfitAmount,D
81be5f6f-f8d3-4c01-9ef5-ec28582a00d5,کنور,operating_profit,28,3,2026-06-21,False,True,TTM_RECOVERABLE_REPORT_CHAIN,1,OperatingProfitNew,B
81be5f6f-f8d3-4c01-9ef5-ec28582a00d5,کنور,eps,28,3,2026-06-21,True,True,PRESENT,1,Num1_Value1,
81be5f6f-f8d3-4c01-9ef5-ec28582a00d5,کنور,capital,28,1,2026-06-21,,True,PRESENT,1,Num2_Value1,
81be5f6f-f8d3-4c01-9ef5-ec28582a00d5,کنور,total_assets,0,1,,,True,SOURCE_ABSENT,0,TotalAssets,D
81be5f6f-f8d3-4c01-9ef5-ec28582a00d5,کنور,current_assets,0,1,,,True,SOURCE_ABSENT,0,CurrentAssets,D
81be5f6f-f8d3-4c01-9ef5-ec28582a00d5,کنور,total_liabilities,0,1,,,True,SOURCE_ABSENT,0,TotalLiabilities,D
81be5f6f-f8d3-4c01-9ef5-ec28582a00d5,کنور,current_liabilities,0,1,,,True,SOURCE_ABSENT,0,CurrentLiabilities,D
81be5f6f-f8d3-4c01-9ef5-ec28582a00d5,کنور,total_equity,0,1,,,True,SOURCE_ABSENT,0,TotalEquity,D
81be5f6f-f8d3-4c01-9ef5-ec28582a00d5,کنور,operating_cash_flow,0,3,,False,True,SOURCE_ABSENT,0,OperatingCashFlow,D
81be5f6f-f8d3-4c01-9ef5-ec28582a00d5,کنور,finance_cost,0,1,,,True,SOURCE_ABSENT,0,FinanceCostsNew,D
81be5f6f-f8d3-4c01-9ef5-ec28582a00d5,کنور,other_non_operating,0,1,,,True,SOURCE_ABSENT,0,OtherNonOpNew,D
c085edd6-8ca4-413a-81db-600e5b32db7f,شپدیس,revenue,1,3,2026-06-21,True,True,PRESENT,1,RevenueNew,
c085edd6-8ca4-413a-81db-600e5b32db7f,شپدیس,net_profit,1,3,2026-06-21,True,True,PRESENT,1,NetProfitAmount,
c085edd6-8ca4-413a-81db-600e5b32db7f,شپدیس,operating_profit,25,3,2026-06-21,True,True,PRESENT,1,OperatingProfitNew,
c085edd6-8ca4-413a-81db-600e5b32db7f,شپدیس,eps,25,3,2026-06-21,True,True,PRESENT,1,Num1_Value1,
c085edd6-8ca4-413a-81db-600e5b32db7f,شپدیس,capital,25,1,2026-06-21,,True,PRESENT,1,Num2_Value1,
c085edd6-8ca4-413a-81db-600e5b32db7f,شپدیس,total_assets,1,1,2026-06-21,,True,PRESENT,1,TotalAssets,
c085edd6-8ca4-413a-81db-600e5b32db7f,شپدیس,current_assets,1,1,2026-06-21,,True,PRESENT,1,CurrentAssets,
c085edd6-8ca4-413a-81db-600e5b32db7f,شپدیس,total_liabilities,1,1,2026-06-21,,True,PRESENT,1,TotalLiabilities,
c085edd6-8ca4-413a-81db-600e5b32db7f,شپدیس,current_liabilities,1,1,2026-06-21,,True,PRESENT,1,CurrentLiabilities,
c085edd6-8ca4-413a-81db-600e5b32db7f,شپدیس,total_equity,1,1,2026-06-21,,True,PRESENT,1,TotalEquity,
c085edd6-8ca4-413a-81db-600e5b32db7f,شپدیس,operating_cash_flow,1,3,2026-06-21,True,True,PRESENT,1,OperatingCashFlow,
c085edd6-8ca4-413a-81db-600e5b32db7f,شپدیس,finance_cost,1,1,2026-06-21,,True,PRESENT,1,FinanceCostsNew,
c085edd6-8ca4-413a-81db-600e5b32db7f,شپدیس,other_non_operating,1,1,2026-06-21,,True,PRESENT,1,OtherNonOpNew,
e41e3018-f79e-489c-be02-733b51352eef,فاراک,revenue,0,3,,False,True,SOURCE_ABSENT,0,RevenueNew,D
e41e3018-f79e-489c-be02-733b51352eef,فاراک,net_profit,0,3,,False,True,SOURCE_ABSENT,0,NetProfitAmount,D
e41e3018-f79e-489c-be02-733b51352eef,فاراک,operating_profit,29,3,2026-06-21,False,True,TTM_RECOVERABLE_REPORT_CHAIN,1,OperatingProfitNew,B
e41e3018-f79e-489c-be02-733b51352eef,فاراک,eps,29,3,2026-06-21,True,True,PRESENT,1,Num1_Value1,
e41e3018-f79e-489c-be02-733b51352eef,فاراک,capital,29,1,2026-06-21,,True,PRESENT,1,Num2_Value1,
e41e3018-f79e-489c-be02-733b51352eef,فاراک,total_assets,0,1,,,True,SOURCE_ABSENT,0,TotalAssets,D
e41e3018-f79e-489c-be02-733b51352eef,فاراک,current_assets,0,1,,,True,SOURCE_ABSENT,0,CurrentAssets,D
e41e3018-f79e-489c-be02-733b51352eef,فاراک,total_liabilities,0,1,,,True,SOURCE_ABSENT,0,TotalLiabilities,D
e41e3018-f79e-489c-be02-733b51352eef,فاراک,current_liabilities,0,1,,,True,SOURCE_ABSENT,0,CurrentLiabilities,D
e41e3018-f79e-489c-be02-733b51352eef,فاراک,total_equity,0,1,,,True,SOURCE_ABSENT,0,TotalEquity,D
e41e3018-f79e-489c-be02-733b51352eef,فاراک,operating_cash_flow,0,3,,False,True,SOURCE_ABSENT,0,OperatingCashFlow,D
e41e3018-f79e-489c-be02-733b51352eef,فاراک,finance_cost,0,1,,,True,SOURCE_ABSENT,0,FinanceCostsNew,D
e41e3018-f79e-489c-be02-733b51352eef,فاراک,other_non_operating,0,1,,,True,SOURCE_ABSENT,0,OtherNonOpNew,D
4e01fb83-fe97-45fe-8977-7d755faa519e,ثتران,revenue,0,3,,False,True,SOURCE_ABSENT,0,RevenueNew,D
4e01fb83-fe97-45fe-8977-7d755faa519e,ثتران,net_profit,0,3,,False,True,SOURCE_ABSENT,0,NetProfitAmount,D
4e01fb83-fe97-45fe-8977-7d755faa519e,ثتران,operating_profit,28,3,2026-06-21,False,True,TTM_RECOVERABLE_REPORT_CHAIN,1,OperatingProfitNew,B
4e01fb83-fe97-45fe-8977-7d755faa519e,ثتران,eps,28,3,2026-06-21,True,True,PRESENT,1,Num1_Value1,
4e01fb83-fe97-45fe-8977-7d755faa519e,ثتران,capital,28,1,2026-06-21,,True,PRESENT,1,Num2_Value1,
4e01fb83-fe97-45fe-8977-7d755faa519e,ثتران,total_assets,0,1,,,True,SOURCE_ABSENT,0,TotalAssets,D
4e01fb83-fe97-45fe-8977-7d755faa519e,ثتران,current_assets,0,1,,,True,SOURCE_ABSENT,0,CurrentAssets,D
4e01fb83-fe97-45fe-8977-7d755faa519e,ثتران,total_liabilities,0,1,,,True,SOURCE_ABSENT,0,TotalLiabilities,D
4e01fb83-fe97-45fe-8977-7d755faa519e,ثتران,current_liabilities,0,1,,,True,SOURCE_ABSENT,0,CurrentLiabilities,D
4e01fb83-fe97-45fe-8977-7d755faa519e,ثتران,total_equity,0,1,,,True,SOURCE_ABSENT,0,TotalEquity,D
4e01fb83-fe97-45fe-8977-7d755faa519e,ثتران,operating_cash_flow,0,3,,False,True,SOURCE_ABSENT,0,OperatingCashFlow,D
4e01fb83-fe97-45fe-8977-7d755faa519e,ثتران,finance_cost,0,1,,,True,SOURCE_ABSENT,0,FinanceCostsNew,D
4e01fb83-fe97-45fe-8977-7d755faa519e,ثتران,other_non_operating,0,1,,,True,SOURCE_ABSENT,0,OtherNonOpNew,D
4fc440bf-7dbc-4c28-a1be-a45cd1ba0652,شغدیر,revenue,1,3,2026-06-21,True,True,PRESENT,1,RevenueNew,
4fc440bf-7dbc-4c28-a1be-a45cd1ba0652,شغدیر,net_profit,1,3,2026-06-21,True,True,PRESENT,1,NetProfitAmount,
4fc440bf-7dbc-4c28-a1be-a45cd1ba0652,شغدیر,operating_profit,27,3,2026-06-21,True,True,PRESENT,1,OperatingProfitNew,
4fc440bf-7dbc-4c28-a1be-a45cd1ba0652,شغدیر,eps,27,3,2026-06-21,True,True,PRESENT,1,Num1_Value1,
4fc440bf-7dbc-4c28-a1be-a45cd1ba0652,شغدیر,capital,27,1,2026-06-21,,True,PRESENT,1,Num2_Value1,
4fc440bf-7dbc-4c28-a1be-a45cd1ba0652,شغدیر,total_assets,1,1,2026-06-21,,True,PRESENT,1,TotalAssets,
4fc440bf-7dbc-4c28-a1be-a45cd1ba0652,شغدیر,current_assets,1,1,2026-06-21,,True,PRESENT,1,CurrentAssets,
4fc440bf-7dbc-4c28-a1be-a45cd1ba0652,شغدیر,total_liabilities,1,1,2026-06-21,,True,PRESENT,1,TotalLiabilities,
4fc440bf-7dbc-4c28-a1be-a45cd1ba0652,شغدیر,current_liabilities,1,1,2026-06-21,,True,PRESENT,1,CurrentLiabilities,
4fc440bf-7dbc-4c28-a1be-a45cd1ba0652,شغدیر,total_equity,1,1,2026-06-21,,True,PRESENT,1,TotalEquity,
4fc440bf-7dbc-4c28-a1be-a45cd1ba0652,شغدیر,operating_cash_flow,1,3,2026-06-21,True,True,PRESENT,1,OperatingCashFlow,
4fc440bf-7dbc-4c28-a1be-a45cd1ba0652,شغدیر,finance_cost,1,1,2026-06-21,,True,PRESENT,1,FinanceCostsNew,
4fc440bf-7dbc-4c28-a1be-a45cd1ba0652,شغدیر,other_non_operating,1,1,2026-06-21,,True,PRESENT,1,OtherNonOpNew,
229203d2-ce92-492e-8384-a6faaf6d0e20,بموتو,revenue,0,3,,False,True,SOURCE_ABSENT,0,RevenueNew,D
229203d2-ce92-492e-8384-a6faaf6d0e20,بموتو,net_profit,0,3,,False,True,SOURCE_ABSENT,0,NetProfitAmount,D
229203d2-ce92-492e-8384-a6faaf6d0e20,بموتو,operating_profit,27,3,2026-03-20,True,True,PRESENT,1,OperatingProfitNew,
229203d2-ce92-492e-8384-a6faaf6d0e20,بموتو,eps,27,3,2026-03-20,True,True,PRESENT,1,Num1_Value1,
229203d2-ce92-492e-8384-a6faaf6d0e20,بموتو,capital,27,1,2026-03-20,,True,PRESENT,1,Num2_Value1,
229203d2-ce92-492e-8384-a6faaf6d0e20,بموتو,total_assets,0,1,,,True,SOURCE_ABSENT,0,TotalAssets,D
229203d2-ce92-492e-8384-a6faaf6d0e20,بموتو,current_assets,0,1,,,True,SOURCE_ABSENT,0,CurrentAssets,D
229203d2-ce92-492e-8384-a6faaf6d0e20,بموتو,total_liabilities,0,1,,,True,SOURCE_ABSENT,0,TotalLiabilities,D
229203d2-ce92-492e-8384-a6faaf6d0e20,بموتو,current_liabilities,0,1,,,True,SOURCE_ABSENT,0,CurrentLiabilities,D
229203d2-ce92-492e-8384-a6faaf6d0e20,بموتو,total_equity,0,1,,,True,SOURCE_ABSENT,0,TotalEquity,D
229203d2-ce92-492e-8384-a6faaf6d0e20,بموتو,operating_cash_flow,0,3,,False,True,SOURCE_ABSENT,0,OperatingCashFlow,D
229203d2-ce92-492e-8384-a6faaf6d0e20,بموتو,finance_cost,0,1,,,True,SOURCE_ABSENT,0,FinanceCostsNew,D
229203d2-ce92-492e-8384-a6faaf6d0e20,بموتو,other_non_operating,0,1,,,True,SOURCE_ABSENT,0,OtherNonOpNew,D
1ad4dba3-cef4-43f1-bbea-89212ba23e46,وپست,revenue,0,3,,False,True,SOURCE_ABSENT,0,RevenueNew,D
1ad4dba3-cef4-43f1-bbea-89212ba23e46,وپست,net_profit,0,3,,False,True,SOURCE_ABSENT,0,NetProfitAmount,D
1ad4dba3-cef4-43f1-bbea-89212ba23e46,وپست,operating_profit,19,3,2026-06-21,False,True,TTM_RECOVERABLE_REPORT_CHAIN,1,OperatingProfitNew,B
1ad4dba3-cef4-43f1-bbea-89212ba23e46,وپست,eps,19,3,2026-06-21,False,True,TTM_RECOVERABLE_REPORT_CHAIN,1,Num1_Value1,B
1ad4dba3-cef4-43f1-bbea-89212ba23e46,وپست,capital,19,1,2026-06-21,,True,PRESENT,1,Num2_Value1,
1ad4dba3-cef4-43f1-bbea-89212ba23e46,وپست,total_assets,0,1,,,True,SOURCE_ABSENT,0,TotalAssets,D
1ad4dba3-cef4-43f1-bbea-89212ba23e46,وپست,current_assets,0,1,,,True,SOURCE_ABSENT,0,CurrentAssets,D
1ad4dba3-cef4-43f1-bbea-89212ba23e46,وپست,total_liabilities,0,1,,,True,SOURCE_ABSENT,0,TotalLiabilities,D
1ad4dba3-cef4-43f1-bbea-89212ba23e46,وپست,current_liabilities,0,1,,,True,SOURCE_ABSENT,0,CurrentLiabilities,D
1ad4dba3-cef4-43f1-bbea-89212ba23e46,وپست,total_equity,0,1,,,True,SOURCE_ABSENT,0,TotalEquity,D
1ad4dba3-cef4-43f1-bbea-89212ba23e46,وپست,operating_cash_flow,0,3,,False,True,SOURCE_ABSENT,0,OperatingCashFlow,D
1ad4dba3-cef4-43f1-bbea-89212ba23e46,وپست,finance_cost,0,1,,,True,SOURCE_ABSENT,0,FinanceCostsNew,D
1ad4dba3-cef4-43f1-bbea-89212ba23e46,وپست,other_non_operating,0,1,,,True,SOURCE_ABSENT,0,OtherNonOpNew,D
2c4b50f6-a864-4d15-ba36-58d19b29f8b9,درازک,revenue,1,3,2026-06-21,False,True,INSUFFICIENT_TTM_PERIODS,1,RevenueNew,C
2c4b50f6-a864-4d15-ba36-58d19b29f8b9,درازک,net_profit,0,3,,False,True,SOURCE_ABSENT,0,NetProfitAmount,D
2c4b50f6-a864-4d15-ba36-58d19b29f8b9,درازک,operating_profit,28,3,2026-06-21,False,True,TTM_RECOVERABLE_REPORT_CHAIN,1,OperatingProfitNew,B
2c4b50f6-a864-4d15-ba36-58d19b29f8b9,درازک,eps,28,3,2026-06-21,True,True,PRESENT,1,Num1_Value1,
2c4b50f6-a864-4d15-ba36-58d19b29f8b9,درازک,capital,28,1,2026-06-21,,True,PRESENT,1,Num2_Value1,
2c4b50f6-a864-4d15-ba36-58d19b29f8b9,درازک,total_assets,0,1,,,True,SOURCE_ABSENT,0,TotalAssets,D
2c4b50f6-a864-4d15-ba36-58d19b29f8b9,درازک,current_assets,0,1,,,True,SOURCE_ABSENT,0,CurrentAssets,D
2c4b50f6-a864-4d15-ba36-58d19b29f8b9,درازک,total_liabilities,0,1,,,True,SOURCE_ABSENT,0,TotalLiabilities,D
2c4b50f6-a864-4d15-ba36-58d19b29f8b9,درازک,current_liabilities,0,1,,,True,SOURCE_ABSENT,0,CurrentLiabilities,D
2c4b50f6-a864-4d15-ba36-58d19b29f8b9,درازک,total_equity,0,1,,,True,SOURCE_ABSENT,0,TotalEquity,D
2c4b50f6-a864-4d15-ba36-58d19b29f8b9,درازک,operating_cash_flow,0,3,,False,True,SOURCE_ABSENT,0,OperatingCashFlow,D
2c4b50f6-a864-4d15-ba36-58d19b29f8b9,درازک,finance_cost,1,1,2026-06-21,,True,PRESENT,1,FinanceCostsNew,
2c4b50f6-a864-4d15-ba36-58d19b29f8b9,درازک,other_non_operating,1,1,2026-06-21,,True,PRESENT,1,OtherNonOpNew,
10afeffc-ef6d-4556-a912-7118b41ca443,حتوکا,revenue,0,3,,False,True,SOURCE_ABSENT,0,RevenueNew,D
10afeffc-ef6d-4556-a912-7118b41ca443,حتوکا,net_profit,0,3,,False,True,SOURCE_ABSENT,0,NetProfitAmount,D
10afeffc-ef6d-4556-a912-7118b41ca443,حتوکا,operating_profit,25,3,2026-06-21,False,True,TTM_RECOVERABLE_REPORT_CHAIN,1,OperatingProfitNew,B
10afeffc-ef6d-4556-a912-7118b41ca443,حتوکا,eps,25,3,2026-06-21,True,True,PRESENT,1,Num1_Value1,
10afeffc-ef6d-4556-a912-7118b41ca443,حتوکا,capital,25,1,2026-06-21,,True,PRESENT,1,Num2_Value1,
10afeffc-ef6d-4556-a912-7118b41ca443,حتوکا,total_assets,0,1,,,True,SOURCE_ABSENT,0,TotalAssets,D
10afeffc-ef6d-4556-a912-7118b41ca443,حتوکا,current_assets,0,1,,,True,SOURCE_ABSENT,0,CurrentAssets,D
10afeffc-ef6d-4556-a912-7118b41ca443,حتوکا,total_liabilities,0,1,,,True,SOURCE_ABSENT,0,TotalLiabilities,D
10afeffc-ef6d-4556-a912-7118b41ca443,حتوکا,current_liabilities,0,1,,,True,SOURCE_ABSENT,0,CurrentLiabilities,D
10afeffc-ef6d-4556-a912-7118b41ca443,حتوکا,total_equity,0,1,,,True,SOURCE_ABSENT,0,TotalEquity,D
10afeffc-ef6d-4556-a912-7118b41ca443,حتوکا,operating_cash_flow,0,3,,False,True,SOURCE_ABSENT,0,OperatingCashFlow,D
10afeffc-ef6d-4556-a912-7118b41ca443,حتوکا,finance_cost,0,1,,,True,SOURCE_ABSENT,0,FinanceCostsNew,D
10afeffc-ef6d-4556-a912-7118b41ca443,حتوکا,other_non_operating,0,1,,,True,SOURCE_ABSENT,0,OtherNonOpNew,D
4ab116c4-0627-450e-af57-1dc61acef8f3,غگل,revenue,0,3,,False,True,SOURCE_ABSENT,0,RevenueNew,D
4ab116c4-0627-450e-af57-1dc61acef8f3,غگل,net_profit,0,3,,False,True,SOURCE_ABSENT,0,NetProfitAmount,D
4ab116c4-0627-450e-af57-1dc61acef8f3,غگل,operating_profit,29,3,2026-06-21,False,True,TTM_RECOVERABLE_REPORT_CHAIN,1,OperatingProfitNew,B
4ab116c4-0627-450e-af57-1dc61acef8f3,غگل,eps,29,3,2026-06-21,True,True,PRESENT,1,Num1_Value1,
4ab116c4-0627-450e-af57-1dc61acef8f3,غگل,capital,29,1,2026-06-21,,True,PRESENT,1,Num2_Value1,
4ab116c4-0627-450e-af57-1dc61acef8f3,غگل,total_assets,0,1,,,True,SOURCE_ABSENT,0,TotalAssets,D
4ab116c4-0627-450e-af57-1dc61acef8f3,غگل,current_assets,0,1,,,True,SOURCE_ABSENT,0,CurrentAssets,D
4ab116c4-0627-450e-af57-1dc61acef8f3,غگل,total_liabilities,0,1,,,True,SOURCE_ABSENT,0,TotalLiabilities,D
4ab116c4-0627-450e-af57-1dc61acef8f3,غگل,current_liabilities,0,1,,,True,SOURCE_ABSENT,0,CurrentLiabilities,D
4ab116c4-0627-450e-af57-1dc61acef8f3,غگل,total_equity,0,1,,,True,SOURCE_ABSENT,0,TotalEquity,D
4ab116c4-0627-450e-af57-1dc61acef8f3,غگل,operating_cash_flow,0,3,,False,True,SOURCE_ABSENT,0,OperatingCashFlow,D
4ab116c4-0627-450e-af57-1dc61acef8f3,غگل,finance_cost,1,1,2026-06-21,,True,PRESENT,1,FinanceCostsNew,
4ab116c4-0627-450e-af57-1dc61acef8f3,غگل,other_non_operating,1,1,2026-06-21,,True,PRESENT,1,OtherNonOpNew,
184175cc-bfd5-4856-8f6a-894bae35fef7,غدام,revenue,0,3,,False,True,SOURCE_ABSENT,0,RevenueNew,D
184175cc-bfd5-4856-8f6a-894bae35fef7,غدام,net_profit,0,3,,False,True,SOURCE_ABSENT,0,NetProfitAmount,D
184175cc-bfd5-4856-8f6a-894bae35fef7,غدام,operating_profit,0,3,,False,True,SOURCE_ABSENT,0,OperatingProfitNew,D
184175cc-bfd5-4856-8f6a-894bae35fef7,غدام,eps,0,3,,False,True,SOURCE_ABSENT,0,Num1_Value1,D
184175cc-bfd5-4856-8f6a-894bae35fef7,غدام,capital,0,1,,,True,SOURCE_ABSENT,0,Num2_Value1,D
184175cc-bfd5-4856-8f6a-894bae35fef7,غدام,total_assets,0,1,,,True,SOURCE_ABSENT,0,TotalAssets,D
184175cc-bfd5-4856-8f6a-894bae35fef7,غدام,current_assets,0,1,,,True,SOURCE_ABSENT,0,CurrentAssets,D
184175cc-bfd5-4856-8f6a-894bae35fef7,غدام,total_liabilities,0,1,,,True,SOURCE_ABSENT,0,TotalLiabilities,D
184175cc-bfd5-4856-8f6a-894bae35fef7,غدام,current_liabilities,0,1,,,True,SOURCE_ABSENT,0,CurrentLiabilities,D
184175cc-bfd5-4856-8f6a-894bae35fef7,غدام,total_equity,0,1,,,True,SOURCE_ABSENT,0,TotalEquity,D
184175cc-bfd5-4856-8f6a-894bae35fef7,غدام,operating_cash_flow,0,3,,False,True,SOURCE_ABSENT,0,OperatingCashFlow,D
184175cc-bfd5-4856-8f6a-894bae35fef7,غدام,finance_cost,0,1,,,True,SOURCE_ABSENT,0,FinanceCostsNew,D
184175cc-bfd5-4856-8f6a-894bae35fef7,غدام,other_non_operating,0,1,,,True,SOURCE_ABSENT,0,OtherNonOpNew,D
16a036b2-0940-4b90-b62f-5471067a0e45,شبهرن,revenue,1,3,2026-06-21,True,True,PRESENT,1,RevenueNew,
16a036b2-0940-4b90-b62f-5471067a0e45,شبهرن,net_profit,1,3,2026-06-21,True,True,PRESENT,1,NetProfitAmount,
16a036b2-0940-4b90-b62f-5471067a0e45,شبهرن,operating_profit,28,3,2026-06-21,True,True,PRESENT,1,OperatingProfitNew,
16a036b2-0940-4b90-b62f-5471067a0e45,شبهرن,eps,28,3,2026-06-21,True,True,PRESENT,1,Num1_Value1,
16a036b2-0940-4b90-b62f-5471067a0e45,شبهرن,capital,28,1,2026-06-21,,True,PRESENT,1,Num2_Value1,
16a036b2-0940-4b90-b62f-5471067a0e45,شبهرن,total_assets,1,1,2026-06-21,,True,PRESENT,1,TotalAssets,
16a036b2-0940-4b90-b62f-5471067a0e45,شبهرن,current_assets,1,1,2026-06-21,,True,PRESENT,1,CurrentAssets,
16a036b2-0940-4b90-b62f-5471067a0e45,شبهرن,total_liabilities,1,1,2026-06-21,,True,PRESENT,1,TotalLiabilities,
16a036b2-0940-4b90-b62f-5471067a0e45,شبهرن,current_liabilities,1,1,2026-06-21,,True,PRESENT,1,CurrentLiabilities,
16a036b2-0940-4b90-b62f-5471067a0e45,شبهرن,total_equity,1,1,2026-06-21,,True,PRESENT,1,TotalEquity,
16a036b2-0940-4b90-b62f-5471067a0e45,شبهرن,operating_cash_flow,1,3,2026-06-21,True,True,PRESENT,1,OperatingCashFlow,
16a036b2-0940-4b90-b62f-5471067a0e45,شبهرن,finance_cost,1,1,2026-06-21,,True,PRESENT,1,FinanceCostsNew,
16a036b2-0940-4b90-b62f-5471067a0e45,شبهرن,other_non_operating,1,1,2026-06-21,,True,PRESENT,1,OtherNonOpNew,
cbb1fd64-fdbb-4812-abb5-80f74db50bd1,کپرور,revenue,1,3,2026-06-21,True,True,PRESENT,1,RevenueNew,
cbb1fd64-fdbb-4812-abb5-80f74db50bd1,کپرور,net_profit,1,3,2026-06-21,True,True,PRESENT,1,NetProfitAmount,
cbb1fd64-fdbb-4812-abb5-80f74db50bd1,کپرور,operating_profit,28,3,2026-06-21,True,True,PRESENT,1,OperatingProfitNew,
cbb1fd64-fdbb-4812-abb5-80f74db50bd1,کپرور,eps,28,3,2026-06-21,True,True,PRESENT,1,Num1_Value1,
cbb1fd64-fdbb-4812-abb5-80f74db50bd1,کپرور,capital,28,1,2026-06-21,,True,PRESENT,1,Num2_Value1,
cbb1fd64-fdbb-4812-abb5-80f74db50bd1,کپرور,total_assets,1,1,2026-06-21,,True,PRESENT,1,TotalAssets,
cbb1fd64-fdbb-4812-abb5-80f74db50bd1,کپرور,current_assets,1,1,2026-06-21,,True,PRESENT,1,CurrentAssets,
cbb1fd64-fdbb-4812-abb5-80f74db50bd1,کپرور,total_liabilities,1,1,2026-06-21,,True,PRESENT,1,TotalLiabilities,
cbb1fd64-fdbb-4812-abb5-80f74db50bd1,کپرور,current_liabilities,1,1,2026-06-21,,True,PRESENT,1,CurrentLiabilities,
cbb1fd64-fdbb-4812-abb5-80f74db50bd1,کپرور,total_equity,1,1,2026-06-21,,True,PRESENT,1,TotalEquity,
cbb1fd64-fdbb-4812-abb5-80f74db50bd1,کپرور,operating_cash_flow,1,3,2026-06-21,True,True,PRESENT,1,OperatingCashFlow,
cbb1fd64-fdbb-4812-abb5-80f74db50bd1,کپرور,finance_cost,1,1,2026-06-21,,True,PRESENT,1,FinanceCostsNew,
cbb1fd64-fdbb-4812-abb5-80f74db50bd1,کپرور,other_non_operating,1,1,2026-06-21,,True,PRESENT,1,OtherNonOpNew,
33f00982-fdb7-44d6-95fd-dd373359a152,خودکفا,revenue,0,3,,False,True,SOURCE_ABSENT,0,RevenueNew,D
33f00982-fdb7-44d6-95fd-dd373359a152,خودکفا,net_profit,0,3,,False,True,SOURCE_ABSENT,0,NetProfitAmount,D
33f00982-fdb7-44d6-95fd-dd373359a152,خودکفا,operating_profit,28,3,2026-03-20,True,True,PRESENT,1,OperatingProfitNew,
33f00982-fdb7-44d6-95fd-dd373359a152,خودکفا,eps,28,3,2026-03-20,True,True,PRESENT,1,Num1_Value1,
33f00982-fdb7-44d6-95fd-dd373359a152,خودکفا,capital,28,1,2026-03-20,,True,PRESENT,1,Num2_Value1,
33f00982-fdb7-44d6-95fd-dd373359a152,خودکفا,total_assets,0,1,,,True,SOURCE_ABSENT,0,TotalAssets,D
33f00982-fdb7-44d6-95fd-dd373359a152,خودکفا,current_assets,0,1,,,True,SOURCE_ABSENT,0,CurrentAssets,D
33f00982-fdb7-44d6-95fd-dd373359a152,خودکفا,total_liabilities,0,1,,,True,SOURCE_ABSENT,0,TotalLiabilities,D
33f00982-fdb7-44d6-95fd-dd373359a152,خودکفا,current_liabilities,0,1,,,True,SOURCE_ABSENT,0,CurrentLiabilities,D
33f00982-fdb7-44d6-95fd-dd373359a152,خودکفا,total_equity,0,1,,,True,SOURCE_ABSENT,0,TotalEquity,D
33f00982-fdb7-44d6-95fd-dd373359a152,خودکفا,operating_cash_flow,0,3,,False,True,SOURCE_ABSENT,0,OperatingCashFlow,D
33f00982-fdb7-44d6-95fd-dd373359a152,خودکفا,finance_cost,0,1,,,True,SOURCE_ABSENT,0,FinanceCostsNew,D
33f00982-fdb7-44d6-95fd-dd373359a152,خودکفا,other_non_operating,0,1,,,True,SOURCE_ABSENT,0,OtherNonOpNew,D
e5818763-8e23-412e-a935-b2b8c350f8ae,خصدرا,revenue,0,3,,False,True,SOURCE_ABSENT,0,RevenueNew,D
e5818763-8e23-412e-a935-b2b8c350f8ae,خصدرا,net_profit,0,3,,False,True,SOURCE_ABSENT,0,NetProfitAmount,D
e5818763-8e23-412e-a935-b2b8c350f8ae,خصدرا,operating_profit,27,3,2026-06-21,False,True,TTM_RECOVERABLE_REPORT_CHAIN,1,OperatingProfitNew,B
e5818763-8e23-412e-a935-b2b8c350f8ae,خصدرا,eps,27,3,2026-06-21,True,True,PRESENT,1,Num1_Value1,
e5818763-8e23-412e-a935-b2b8c350f8ae,خصدرا,capital,27,1,2026-06-21,,True,PRESENT,1,Num2_Value1,
e5818763-8e23-412e-a935-b2b8c350f8ae,خصدرا,total_assets,0,1,,,True,SOURCE_ABSENT,0,TotalAssets,D
e5818763-8e23-412e-a935-b2b8c350f8ae,خصدرا,current_assets,0,1,,,True,SOURCE_ABSENT,0,CurrentAssets,D
e5818763-8e23-412e-a935-b2b8c350f8ae,خصدرا,total_liabilities,0,1,,,True,SOURCE_ABSENT,0,TotalLiabilities,D
e5818763-8e23-412e-a935-b2b8c350f8ae,خصدرا,current_liabilities,0,1,,,True,SOURCE_ABSENT,0,CurrentLiabilities,D
e5818763-8e23-412e-a935-b2b8c350f8ae,خصدرا,total_equity,0,1,,,True,SOURCE_ABSENT,0,TotalEquity,D
e5818763-8e23-412e-a935-b2b8c350f8ae,خصدرا,operating_cash_flow,0,3,,False,True,SOURCE_ABSENT,0,OperatingCashFlow,D
e5818763-8e23-412e-a935-b2b8c350f8ae,خصدرا,finance_cost,0,1,,,True,SOURCE_ABSENT,0,FinanceCostsNew,D
e5818763-8e23-412e-a935-b2b8c350f8ae,خصدرا,other_non_operating,0,1,,,True,SOURCE_ABSENT,0,OtherNonOpNew,D
c363eecd-eb9b-4924-bdf2-be80e83acc32,پکرمان,revenue,0,3,,False,True,SOURCE_ABSENT,0,RevenueNew,D
c363eecd-eb9b-4924-bdf2-be80e83acc32,پکرمان,net_profit,0,3,,False,True,SOURCE_ABSENT,0,NetProfitAmount,D
c363eecd-eb9b-4924-bdf2-be80e83acc32,پکرمان,operating_profit,28,3,2026-06-21,False,True,TTM_RECOVERABLE_REPORT_CHAIN,1,OperatingProfitNew,B
c363eecd-eb9b-4924-bdf2-be80e83acc32,پکرمان,eps,28,3,2026-06-21,True,True,PRESENT,1,Num1_Value1,
c363eecd-eb9b-4924-bdf2-be80e83acc32,پکرمان,capital,28,1,2026-06-21,,True,PRESENT,1,Num2_Value1,
c363eecd-eb9b-4924-bdf2-be80e83acc32,پکرمان,total_assets,0,1,,,True,SOURCE_ABSENT,0,TotalAssets,D
c363eecd-eb9b-4924-bdf2-be80e83acc32,پکرمان,current_assets,0,1,,,True,SOURCE_ABSENT,0,CurrentAssets,D
c363eecd-eb9b-4924-bdf2-be80e83acc32,پکرمان,total_liabilities,0,1,,,True,SOURCE_ABSENT,0,TotalLiabilities,D
c363eecd-eb9b-4924-bdf2-be80e83acc32,پکرمان,current_liabilities,0,1,,,True,SOURCE_ABSENT,0,CurrentLiabilities,D
c363eecd-eb9b-4924-bdf2-be80e83acc32,پکرمان,total_equity,0,1,,,True,SOURCE_ABSENT,0,TotalEquity,D
c363eecd-eb9b-4924-bdf2-be80e83acc32,پکرمان,operating_cash_flow,0,3,,False,True,SOURCE_ABSENT,0,OperatingCashFlow,D
c363eecd-eb9b-4924-bdf2-be80e83acc32,پکرمان,finance_cost,0,1,,,True,SOURCE_ABSENT,0,FinanceCostsNew,D
c363eecd-eb9b-4924-bdf2-be80e83acc32,پکرمان,other_non_operating,0,1,,,True,SOURCE_ABSENT,0,OtherNonOpNew,D
425e914f-bd36-487b-94b8-2b180a679977,وسپه,revenue,0,3,,False,True,SOURCE_ABSENT,0,RevenueNew,D
425e914f-bd36-487b-94b8-2b180a679977,وسپه,net_profit,0,3,,False,True,SOURCE_ABSENT,0,NetProfitAmount,D
425e914f-bd36-487b-94b8-2b180a679977,وسپه,operating_profit,21,3,2026-03-20,True,True,PRESENT,1,OperatingProfitNew,
425e914f-bd36-487b-94b8-2b180a679977,وسپه,eps,21,3,2026-03-20,True,True,PRESENT,1,Num1_Value1,
425e914f-bd36-487b-94b8-2b180a679977,وسپه,capital,21,1,2026-03-20,,True,PRESENT,1,Num2_Value1,
425e914f-bd36-487b-94b8-2b180a679977,وسپه,total_assets,0,1,,,True,SOURCE_ABSENT,0,TotalAssets,D
425e914f-bd36-487b-94b8-2b180a679977,وسپه,current_assets,0,1,,,True,SOURCE_ABSENT,0,CurrentAssets,D
425e914f-bd36-487b-94b8-2b180a679977,وسپه,total_liabilities,0,1,,,True,SOURCE_ABSENT,0,TotalLiabilities,D
425e914f-bd36-487b-94b8-2b180a679977,وسپه,current_liabilities,0,1,,,True,SOURCE_ABSENT,0,CurrentLiabilities,D
425e914f-bd36-487b-94b8-2b180a679977,وسپه,total_equity,0,1,,,True,SOURCE_ABSENT,0,TotalEquity,D
425e914f-bd36-487b-94b8-2b180a679977,وسپه,operating_cash_flow,0,3,,False,True,SOURCE_ABSENT,0,OperatingCashFlow,D
425e914f-bd36-487b-94b8-2b180a679977,وسپه,finance_cost,0,1,,,True,SOURCE_ABSENT,0,FinanceCostsNew,D
425e914f-bd36-487b-94b8-2b180a679977,وسپه,other_non_operating,0,1,,,True,SOURCE_ABSENT,0,OtherNonOpNew,D
031272dd-b7bb-4c75-8b9d-bae9b708b18b,تاصیکو,revenue,3,3,2026-08-22,True,True,PRESENT,1,RevenueNew,
031272dd-b7bb-4c75-8b9d-bae9b708b18b,تاصیکو,net_profit,2,3,2026-08-22,True,True,PRESENT,1,NetProfitAmount,
031272dd-b7bb-4c75-8b9d-bae9b708b18b,تاصیکو,operating_profit,20,3,2026-08-22,True,True,PRESENT,1,OperatingProfitNew,
031272dd-b7bb-4c75-8b9d-bae9b708b18b,تاصیکو,eps,20,3,2026-08-22,True,True,PRESENT,1,Num1_Value1,
031272dd-b7bb-4c75-8b9d-bae9b708b18b,تاصیکو,capital,20,1,2026-08-22,,True,PRESENT,1,Num2_Value1,
031272dd-b7bb-4c75-8b9d-bae9b708b18b,تاصیکو,total_assets,2,1,2026-08-22,,True,PRESENT,1,TotalAssets,
031272dd-b7bb-4c75-8b9d-bae9b708b18b,تاصیکو,current_assets,2,1,2026-08-22,,True,PRESENT,1,CurrentAssets,
031272dd-b7bb-4c75-8b9d-bae9b708b18b,تاصیکو,total_liabilities,2,1,2026-08-22,,True,PRESENT,1,TotalLiabilities,
031272dd-b7bb-4c75-8b9d-bae9b708b18b,تاصیکو,current_liabilities,2,1,2026-08-22,,True,PRESENT,1,CurrentLiabilities,
031272dd-b7bb-4c75-8b9d-bae9b708b18b,تاصیکو,total_equity,2,1,2026-08-22,,True,PRESENT,1,TotalEquity,
031272dd-b7bb-4c75-8b9d-bae9b708b18b,تاصیکو,operating_cash_flow,2,3,2026-08-22,True,True,PRESENT,1,OperatingCashFlow,
031272dd-b7bb-4c75-8b9d-bae9b708b18b,تاصیکو,finance_cost,3,1,2026-08-22,,True,PRESENT,1,FinanceCostsNew,
031272dd-b7bb-4c75-8b9d-bae9b708b18b,تاصیکو,other_non_operating,3,1,2026-08-22,,True,PRESENT,1,OtherNonOpNew,
22bc153e-8dc3-4518-8b91-641807401428,پارسان,revenue,0,3,,False,True,SOURCE_ABSENT,0,RevenueNew,D
22bc153e-8dc3-4518-8b91-641807401428,پارسان,net_profit,0,3,,False,True,SOURCE_ABSENT,0,NetProfitAmount,D
22bc153e-8dc3-4518-8b91-641807401428,پارسان,operating_profit,29,3,2026-06-21,False,True,TTM_RECOVERABLE_REPORT_CHAIN,1,OperatingProfitNew,B
22bc153e-8dc3-4518-8b91-641807401428,پارسان,eps,29,3,2026-06-21,True,True,PRESENT,1,Num1_Value1,
22bc153e-8dc3-4518-8b91-641807401428,پارسان,capital,29,1,2026-06-21,,True,PRESENT,1,Num2_Value1,
22bc153e-8dc3-4518-8b91-641807401428,پارسان,total_assets,0,1,,,True,SOURCE_ABSENT,0,TotalAssets,D
22bc153e-8dc3-4518-8b91-641807401428,پارسان,current_assets,0,1,,,True,SOURCE_ABSENT,0,CurrentAssets,D
22bc153e-8dc3-4518-8b91-641807401428,پارسان,total_liabilities,0,1,,,True,SOURCE_ABSENT,0,TotalLiabilities,D
22bc153e-8dc3-4518-8b91-641807401428,پارسان,current_liabilities,0,1,,,True,SOURCE_ABSENT,0,CurrentLiabilities,D
22bc153e-8dc3-4518-8b91-641807401428,پارسان,total_equity,0,1,,,True,SOURCE_ABSENT,0,TotalEquity,D
22bc153e-8dc3-4518-8b91-641807401428,پارسان,operating_cash_flow,0,3,,False,True,SOURCE_ABSENT,0,OperatingCashFlow,D
22bc153e-8dc3-4518-8b91-641807401428,پارسان,finance_cost,0,1,,,True,SOURCE_ABSENT,0,FinanceCostsNew,D
22bc153e-8dc3-4518-8b91-641807401428,پارسان,other_non_operating,0,1,,,True,SOURCE_ABSENT,0,OtherNonOpNew,D
9c39ffde-2be2-4831-ab24-a97b65553f9c,کفرا,revenue,0,3,,False,True,SOURCE_ABSENT,0,RevenueNew,D
9c39ffde-2be2-4831-ab24-a97b65553f9c,کفرا,net_profit,0,3,,False,True,SOURCE_ABSENT,0,NetProfitAmount,D
9c39ffde-2be2-4831-ab24-a97b65553f9c,کفرا,operating_profit,28,3,2026-06-21,False,True,TTM_RECOVERABLE_REPORT_CHAIN,1,OperatingProfitNew,B
9c39ffde-2be2-4831-ab24-a97b65553f9c,کفرا,eps,28,3,2026-06-21,True,True,PRESENT,1,Num1_Value1,
9c39ffde-2be2-4831-ab24-a97b65553f9c,کفرا,capital,28,1,2026-06-21,,True,PRESENT,1,Num2_Value1,
9c39ffde-2be2-4831-ab24-a97b65553f9c,کفرا,total_assets,0,1,,,True,SOURCE_ABSENT,0,TotalAssets,D
9c39ffde-2be2-4831-ab24-a97b65553f9c,کفرا,current_assets,0,1,,,True,SOURCE_ABSENT,0,CurrentAssets,D
9c39ffde-2be2-4831-ab24-a97b65553f9c,کفرا,total_liabilities,0,1,,,True,SOURCE_ABSENT,0,TotalLiabilities,D
9c39ffde-2be2-4831-ab24-a97b65553f9c,کفرا,current_liabilities,0,1,,,True,SOURCE_ABSENT,0,CurrentLiabilities,D
9c39ffde-2be2-4831-ab24-a97b65553f9c,کفرا,total_equity,0,1,,,True,SOURCE_ABSENT,0,TotalEquity,D
9c39ffde-2be2-4831-ab24-a97b65553f9c,کفرا,operating_cash_flow,0,3,,False,True,SOURCE_ABSENT,0,OperatingCashFlow,D
9c39ffde-2be2-4831-ab24-a97b65553f9c,کفرا,finance_cost,0,1,,,True,SOURCE_ABSENT,0,FinanceCostsNew,D
9c39ffde-2be2-4831-ab24-a97b65553f9c,کفرا,other_non_operating,0,1,,,True,SOURCE_ABSENT,0,OtherNonOpNew,D
f7fa97c9-6afd-4019-afff-82a8ae0306dd,شستا,revenue,1,3,2026-06-21,False,True,INSUFFICIENT_TTM_PERIODS,1,RevenueNew,C
f7fa97c9-6afd-4019-afff-82a8ae0306dd,شستا,net_profit,1,3,2026-06-21,False,True,INSUFFICIENT_TTM_PERIODS,1,NetProfitAmount,C
f7fa97c9-6afd-4019-afff-82a8ae0306dd,شستا,operating_profit,24,3,2026-06-21,False,True,TTM_RECOVERABLE_REPORT_CHAIN,1,OperatingProfitNew,B
f7fa97c9-6afd-4019-afff-82a8ae0306dd,شستا,eps,24,3,2026-06-21,False,True,TTM_RECOVERABLE_REPORT_CHAIN,1,Num1_Value1,B
f7fa97c9-6afd-4019-afff-82a8ae0306dd,شستا,capital,24,1,2026-06-21,,True,PRESENT,1,Num2_Value1,
f7fa97c9-6afd-4019-afff-82a8ae0306dd,شستا,total_assets,1,1,2026-06-21,,True,PRESENT,1,TotalAssets,
f7fa97c9-6afd-4019-afff-82a8ae0306dd,شستا,current_assets,1,1,2026-06-21,,True,PRESENT,1,CurrentAssets,
f7fa97c9-6afd-4019-afff-82a8ae0306dd,شستا,total_liabilities,1,1,2026-06-21,,True,PRESENT,1,TotalLiabilities,
f7fa97c9-6afd-4019-afff-82a8ae0306dd,شستا,current_liabilities,1,1,2026-06-21,,True,PRESENT,1,CurrentLiabilities,
f7fa97c9-6afd-4019-afff-82a8ae0306dd,شستا,total_equity,1,1,2026-06-21,,True,PRESENT,1,TotalEquity,
f7fa97c9-6afd-4019-afff-82a8ae0306dd,شستا,operating_cash_flow,1,3,2026-06-21,False,True,INSUFFICIENT_TTM_PERIODS,1,OperatingCashFlow,C
f7fa97c9-6afd-4019-afff-82a8ae0306dd,شستا,finance_cost,1,1,2026-06-21,,True,PRESENT,1,FinanceCostsNew,
f7fa97c9-6afd-4019-afff-82a8ae0306dd,شستا,other_non_operating,1,1,2026-06-21,,True,PRESENT,1,OtherNonOpNew,
c4ec791b-7b2e-4a18-a0fa-c5c8a97d9a94,زدشت,revenue,0,3,,False,True,SOURCE_ABSENT,0,RevenueNew,D
c4ec791b-7b2e-4a18-a0fa-c5c8a97d9a94,زدشت,net_profit,0,3,,False,True,SOURCE_ABSENT,0,NetProfitAmount,D
c4ec791b-7b2e-4a18-a0fa-c5c8a97d9a94,زدشت,operating_profit,28,3,2026-06-21,False,True,TTM_RECOVERABLE_REPORT_CHAIN,1,OperatingProfitNew,B
c4ec791b-7b2e-4a18-a0fa-c5c8a97d9a94,زدشت,eps,28,3,2026-06-21,True,True,PRESENT,1,Num1_Value1,
c4ec791b-7b2e-4a18-a0fa-c5c8a97d9a94,زدشت,capital,28,1,2026-06-21,,True,PRESENT,1,Num2_Value1,
c4ec791b-7b2e-4a18-a0fa-c5c8a97d9a94,زدشت,total_assets,0,1,,,True,SOURCE_ABSENT,0,TotalAssets,D
c4ec791b-7b2e-4a18-a0fa-c5c8a97d9a94,زدشت,current_assets,0,1,,,True,SOURCE_ABSENT,0,CurrentAssets,D
c4ec791b-7b2e-4a18-a0fa-c5c8a97d9a94,زدشت,total_liabilities,0,1,,,True,SOURCE_ABSENT,0,TotalLiabilities,D
c4ec791b-7b2e-4a18-a0fa-c5c8a97d9a94,زدشت,current_liabilities,0,1,,,True,SOURCE_ABSENT,0,CurrentLiabilities,D
c4ec791b-7b2e-4a18-a0fa-c5c8a97d9a94,زدشت,total_equity,0,1,,,True,SOURCE_ABSENT,0,TotalEquity,D
c4ec791b-7b2e-4a18-a0fa-c5c8a97d9a94,زدشت,operating_cash_flow,0,3,,False,True,SOURCE_ABSENT,0,OperatingCashFlow,D
c4ec791b-7b2e-4a18-a0fa-c5c8a97d9a94,زدشت,finance_cost,0,1,,,True,SOURCE_ABSENT,0,FinanceCostsNew,D
c4ec791b-7b2e-4a18-a0fa-c5c8a97d9a94,زدشت,other_non_operating,0,1,,,True,SOURCE_ABSENT,0,OtherNonOpNew,D
a1923bf6-15cf-4d60-8dd1-bdea7f452d94,خزامیا,revenue,0,3,,False,True,SOURCE_ABSENT,0,RevenueNew,D
a1923bf6-15cf-4d60-8dd1-bdea7f452d94,خزامیا,net_profit,0,3,,False,True,SOURCE_ABSENT,0,NetProfitAmount,D
a1923bf6-15cf-4d60-8dd1-bdea7f452d94,خزامیا,operating_profit,28,3,2026-06-21,False,True,TTM_RECOVERABLE_REPORT_CHAIN,1,OperatingProfitNew,B
a1923bf6-15cf-4d60-8dd1-bdea7f452d94,خزامیا,eps,28,3,2026-06-21,True,True,PRESENT,1,Num1_Value1,
a1923bf6-15cf-4d60-8dd1-bdea7f452d94,خزامیا,capital,28,1,2026-06-21,,True,PRESENT,1,Num2_Value1,
a1923bf6-15cf-4d60-8dd1-bdea7f452d94,خزامیا,total_assets,0,1,,,True,SOURCE_ABSENT,0,TotalAssets,D
a1923bf6-15cf-4d60-8dd1-bdea7f452d94,خزامیا,current_assets,0,1,,,True,SOURCE_ABSENT,0,CurrentAssets,D
a1923bf6-15cf-4d60-8dd1-bdea7f452d94,خزامیا,total_liabilities,0,1,,,True,SOURCE_ABSENT,0,TotalLiabilities,D
a1923bf6-15cf-4d60-8dd1-bdea7f452d94,خزامیا,current_liabilities,0,1,,,True,SOURCE_ABSENT,0,CurrentLiabilities,D
a1923bf6-15cf-4d60-8dd1-bdea7f452d94,خزامیا,total_equity,0,1,,,True,SOURCE_ABSENT,0,TotalEquity,D
a1923bf6-15cf-4d60-8dd1-bdea7f452d94,خزامیا,operating_cash_flow,0,3,,False,True,SOURCE_ABSENT,0,OperatingCashFlow,D
a1923bf6-15cf-4d60-8dd1-bdea7f452d94,خزامیا,finance_cost,0,1,,,True,SOURCE_ABSENT,0,FinanceCostsNew,D
a1923bf6-15cf-4d60-8dd1-bdea7f452d94,خزامیا,other_non_operating,0,1,,,True,SOURCE_ABSENT,0,OtherNonOpNew,D
b210a8c8-6979-4e8c-8357-139d57e61df7,شلیا,revenue,0,3,,False,True,SOURCE_ABSENT,0,RevenueNew,D
b210a8c8-6979-4e8c-8357-139d57e61df7,شلیا,net_profit,0,3,,False,True,SOURCE_ABSENT,0,NetProfitAmount,D
b210a8c8-6979-4e8c-8357-139d57e61df7,شلیا,operating_profit,27,3,2026-05-21,False,True,INSUFFICIENT_TTM_PERIODS,1,OperatingProfitNew,C
b210a8c8-6979-4e8c-8357-139d57e61df7,شلیا,eps,27,3,2026-05-21,True,True,PRESENT,1,Num1_Value1,
b210a8c8-6979-4e8c-8357-139d57e61df7,شلیا,capital,27,1,2026-05-21,,True,PRESENT,1,Num2_Value1,
b210a8c8-6979-4e8c-8357-139d57e61df7,شلیا,total_assets,0,1,,,True,SOURCE_ABSENT,0,TotalAssets,D
b210a8c8-6979-4e8c-8357-139d57e61df7,شلیا,current_assets,0,1,,,True,SOURCE_ABSENT,0,CurrentAssets,D
b210a8c8-6979-4e8c-8357-139d57e61df7,شلیا,total_liabilities,0,1,,,True,SOURCE_ABSENT,0,TotalLiabilities,D
b210a8c8-6979-4e8c-8357-139d57e61df7,شلیا,current_liabilities,0,1,,,True,SOURCE_ABSENT,0,CurrentLiabilities,D
b210a8c8-6979-4e8c-8357-139d57e61df7,شلیا,total_equity,0,1,,,True,SOURCE_ABSENT,0,TotalEquity,D
b210a8c8-6979-4e8c-8357-139d57e61df7,شلیا,operating_cash_flow,0,3,,False,True,SOURCE_ABSENT,0,OperatingCashFlow,D
b210a8c8-6979-4e8c-8357-139d57e61df7,شلیا,finance_cost,0,1,,,True,SOURCE_ABSENT,0,FinanceCostsNew,D
b210a8c8-6979-4e8c-8357-139d57e61df7,شلیا,other_non_operating,0,1,,,True,SOURCE_ABSENT,0,OtherNonOpNew,D
a523e463-796f-4d5e-8090-0cbb5cf0b723,زشگزا,revenue,0,3,,False,True,SOURCE_ABSENT,0,RevenueNew,D
a523e463-796f-4d5e-8090-0cbb5cf0b723,زشگزا,net_profit,0,3,,False,True,SOURCE_ABSENT,0,NetProfitAmount,D
a523e463-796f-4d5e-8090-0cbb5cf0b723,زشگزا,operating_profit,29,3,2026-06-21,False,True,TTM_RECOVERABLE_REPORT_CHAIN,1,OperatingProfitNew,B
a523e463-796f-4d5e-8090-0cbb5cf0b723,زشگزا,eps,29,3,2026-06-21,True,True,PRESENT,1,Num1_Value1,
a523e463-796f-4d5e-8090-0cbb5cf0b723,زشگزا,capital,29,1,2026-06-21,,True,PRESENT,1,Num2_Value1,
a523e463-796f-4d5e-8090-0cbb5cf0b723,زشگزا,total_assets,0,1,,,True,SOURCE_ABSENT,0,TotalAssets,D
a523e463-796f-4d5e-8090-0cbb5cf0b723,زشگزا,current_assets,0,1,,,True,SOURCE_ABSENT,0,CurrentAssets,D
a523e463-796f-4d5e-8090-0cbb5cf0b723,زشگزا,total_liabilities,0,1,,,True,SOURCE_ABSENT,0,TotalLiabilities,D
a523e463-796f-4d5e-8090-0cbb5cf0b723,زشگزا,current_liabilities,0,1,,,True,SOURCE_ABSENT,0,CurrentLiabilities,D
a523e463-796f-4d5e-8090-0cbb5cf0b723,زشگزا,total_equity,0,1,,,True,SOURCE_ABSENT,0,TotalEquity,D
a523e463-796f-4d5e-8090-0cbb5cf0b723,زشگزا,operating_cash_flow,0,3,,False,True,SOURCE_ABSENT,0,OperatingCashFlow,D
a523e463-796f-4d5e-8090-0cbb5cf0b723,زشگزا,finance_cost,0,1,,,True,SOURCE_ABSENT,0,FinanceCostsNew,D
a523e463-796f-4d5e-8090-0cbb5cf0b723,زشگزا,other_non_operating,0,1,,,True,SOURCE_ABSENT,0,OtherNonOpNew,D
dce80742-f6f8-46d0-925e-daf3d8416a4b,خبهمن,revenue,7,3,2026-06-21,True,True,PRESENT,1,RevenueNew,
dce80742-f6f8-46d0-925e-daf3d8416a4b,خبهمن,net_profit,1,3,2026-06-21,True,True,PRESENT,1,NetProfitAmount,
dce80742-f6f8-46d0-925e-daf3d8416a4b,خبهمن,operating_profit,7,3,2026-06-21,True,True,PRESENT,1,OperatingProfitNew,
dce80742-f6f8-46d0-925e-daf3d8416a4b,خبهمن,eps,7,3,2026-06-21,True,True,PRESENT,1,Num1_Value1,
dce80742-f6f8-46d0-925e-daf3d8416a4b,خبهمن,capital,7,1,2026-06-21,,True,PRESENT,1,Num2_Value1,
dce80742-f6f8-46d0-925e-daf3d8416a4b,خبهمن,total_assets,1,1,2026-06-21,,True,PRESENT,1,TotalAssets,
dce80742-f6f8-46d0-925e-daf3d8416a4b,خبهمن,current_assets,1,1,2026-06-21,,True,PRESENT,1,CurrentAssets,
dce80742-f6f8-46d0-925e-daf3d8416a4b,خبهمن,total_liabilities,1,1,2026-06-21,,True,PRESENT,1,TotalLiabilities,
dce80742-f6f8-46d0-925e-daf3d8416a4b,خبهمن,current_liabilities,1,1,2026-06-21,,True,PRESENT,1,CurrentLiabilities,
dce80742-f6f8-46d0-925e-daf3d8416a4b,خبهمن,total_equity,1,1,2026-06-21,,True,PRESENT,1,TotalEquity,
dce80742-f6f8-46d0-925e-daf3d8416a4b,خبهمن,operating_cash_flow,1,3,2026-06-21,True,True,PRESENT,1,OperatingCashFlow,
dce80742-f6f8-46d0-925e-daf3d8416a4b,خبهمن,finance_cost,7,1,2026-06-21,,True,PRESENT,1,FinanceCostsNew,
dce80742-f6f8-46d0-925e-daf3d8416a4b,خبهمن,other_non_operating,7,1,2026-06-21,,True,PRESENT,1,OtherNonOpNew,
30c259a0-53f0-4282-95c6-21f4a7658099,سشرق,revenue,0,3,,False,True,SOURCE_ABSENT,0,RevenueNew,D
30c259a0-53f0-4282-95c6-21f4a7658099,سشرق,net_profit,0,3,,False,True,SOURCE_ABSENT,0,NetProfitAmount,D
30c259a0-53f0-4282-95c6-21f4a7658099,سشرق,operating_profit,25,3,2026-06-21,False,True,TTM_RECOVERABLE_REPORT_CHAIN,1,OperatingProfitNew,B
30c259a0-53f0-4282-95c6-21f4a7658099,سشرق,eps,25,3,2026-06-21,True,True,PRESENT,1,Num1_Value1,
30c259a0-53f0-4282-95c6-21f4a7658099,سشرق,capital,25,1,2026-06-21,,True,PRESENT,1,Num2_Value1,
30c259a0-53f0-4282-95c6-21f4a7658099,سشرق,total_assets,0,1,,,True,SOURCE_ABSENT,0,TotalAssets,D
30c259a0-53f0-4282-95c6-21f4a7658099,سشرق,current_assets,0,1,,,True,SOURCE_ABSENT,0,CurrentAssets,D
30c259a0-53f0-4282-95c6-21f4a7658099,سشرق,total_liabilities,0,1,,,True,SOURCE_ABSENT,0,TotalLiabilities,D
30c259a0-53f0-4282-95c6-21f4a7658099,سشرق,current_liabilities,0,1,,,True,SOURCE_ABSENT,0,CurrentLiabilities,D
30c259a0-53f0-4282-95c6-21f4a7658099,سشرق,total_equity,0,1,,,True,SOURCE_ABSENT,0,TotalEquity,D
30c259a0-53f0-4282-95c6-21f4a7658099,سشرق,operating_cash_flow,0,3,,False,True,SOURCE_ABSENT,0,OperatingCashFlow,D
30c259a0-53f0-4282-95c6-21f4a7658099,سشرق,finance_cost,0,1,,,True,SOURCE_ABSENT,0,FinanceCostsNew,D
30c259a0-53f0-4282-95c6-21f4a7658099,سشرق,other_non_operating,0,1,,,True,SOURCE_ABSENT,0,OtherNonOpNew,D
a7c91010-34f4-416f-aad1-69d0560fb93f,جم پیلن3,revenue,1,3,2026-06-21,True,True,PRESENT,1,RevenueNew,
a7c91010-34f4-416f-aad1-69d0560fb93f,جم پیلن3,net_profit,1,3,2026-06-21,True,True,PRESENT,1,NetProfitAmount,
a7c91010-34f4-416f-aad1-69d0560fb93f,جم پیلن3,operating_profit,26,3,2026-06-21,True,True,PRESENT,1,OperatingProfitNew,
a7c91010-34f4-416f-aad1-69d0560fb93f,جم پیلن3,eps,26,3,2026-06-21,True,True,PRESENT,1,Num1_Value1,
a7c91010-34f4-416f-aad1-69d0560fb93f,جم پیلن3,capital,26,1,2026-06-21,,True,PRESENT,1,Num2_Value1,
a7c91010-34f4-416f-aad1-69d0560fb93f,جم پیلن3,total_assets,1,1,2026-06-21,,True,PRESENT,1,TotalAssets,
a7c91010-34f4-416f-aad1-69d0560fb93f,جم پیلن3,current_assets,1,1,2026-06-21,,True,PRESENT,1,CurrentAssets,
a7c91010-34f4-416f-aad1-69d0560fb93f,جم پیلن3,total_liabilities,1,1,2026-06-21,,True,PRESENT,1,TotalLiabilities,
a7c91010-34f4-416f-aad1-69d0560fb93f,جم پیلن3,current_liabilities,1,1,2026-06-21,,True,PRESENT,1,CurrentLiabilities,
a7c91010-34f4-416f-aad1-69d0560fb93f,جم پیلن3,total_equity,1,1,2026-06-21,,True,PRESENT,1,TotalEquity,
a7c91010-34f4-416f-aad1-69d0560fb93f,جم پیلن3,operating_cash_flow,1,3,2026-06-21,True,True,PRESENT,1,OperatingCashFlow,
a7c91010-34f4-416f-aad1-69d0560fb93f,جم پیلن3,finance_cost,1,1,2026-06-21,,True,PRESENT,1,FinanceCostsNew,
a7c91010-34f4-416f-aad1-69d0560fb93f,جم پیلن3,other_non_operating,1,1,2026-06-21,,True,PRESENT,1,OtherNonOpNew,
7905533f-a68e-480d-a61f-fe8f7390dfdc,فاسمین,revenue,1,3,2026-06-21,False,True,INSUFFICIENT_TTM_PERIODS,1,RevenueNew,C
7905533f-a68e-480d-a61f-fe8f7390dfdc,فاسمین,net_profit,0,3,,False,True,SOURCE_ABSENT,0,NetProfitAmount,D
7905533f-a68e-480d-a61f-fe8f7390dfdc,فاسمین,operating_profit,28,3,2026-06-21,False,True,TTM_RECOVERABLE_REPORT_CHAIN,1,OperatingProfitNew,B
7905533f-a68e-480d-a61f-fe8f7390dfdc,فاسمین,eps,28,3,2026-06-21,True,True,PRESENT,1,Num1_Value1,
7905533f-a68e-480d-a61f-fe8f7390dfdc,فاسمین,capital,28,1,2026-06-21,,True,PRESENT,1,Num2_Value1,
7905533f-a68e-480d-a61f-fe8f7390dfdc,فاسمین,total_assets,0,1,,,True,SOURCE_ABSENT,0,TotalAssets,D
7905533f-a68e-480d-a61f-fe8f7390dfdc,فاسمین,current_assets,0,1,,,True,SOURCE_ABSENT,0,CurrentAssets,D
7905533f-a68e-480d-a61f-fe8f7390dfdc,فاسمین,total_liabilities,0,1,,,True,SOURCE_ABSENT,0,TotalLiabilities,D
7905533f-a68e-480d-a61f-fe8f7390dfdc,فاسمین,current_liabilities,0,1,,,True,SOURCE_ABSENT,0,CurrentLiabilities,D
7905533f-a68e-480d-a61f-fe8f7390dfdc,فاسمین,total_equity,0,1,,,True,SOURCE_ABSENT,0,TotalEquity,D
7905533f-a68e-480d-a61f-fe8f7390dfdc,فاسمین,operating_cash_flow,0,3,,False,True,SOURCE_ABSENT,0,OperatingCashFlow,D
7905533f-a68e-480d-a61f-fe8f7390dfdc,فاسمین,finance_cost,1,1,2026-06-21,,True,PRESENT,1,FinanceCostsNew,
7905533f-a68e-480d-a61f-fe8f7390dfdc,فاسمین,other_non_operating,1,1,2026-06-21,,True,PRESENT,1,OtherNonOpNew,
09cf7a6c-c980-4c21-9f83-980a053e8df2,سدور,revenue,0,3,,False,True,SOURCE_ABSENT,0,RevenueNew,D
09cf7a6c-c980-4c21-9f83-980a053e8df2,سدور,net_profit,0,3,,False,True,SOURCE_ABSENT,0,NetProfitAmount,D
09cf7a6c-c980-4c21-9f83-980a053e8df2,سدور,operating_profit,27,3,2026-06-21,False,True,TTM_RECOVERABLE_REPORT_CHAIN,1,OperatingProfitNew,B
09cf7a6c-c980-4c21-9f83-980a053e8df2,سدور,eps,27,3,2026-06-21,True,True,PRESENT,1,Num1_Value1,
09cf7a6c-c980-4c21-9f83-980a053e8df2,سدور,capital,27,1,2026-06-21,,True,PRESENT,1,Num2_Value1,
09cf7a6c-c980-4c21-9f83-980a053e8df2,سدور,total_assets,0,1,,,True,SOURCE_ABSENT,0,TotalAssets,D
09cf7a6c-c980-4c21-9f83-980a053e8df2,سدور,current_assets,0,1,,,True,SOURCE_ABSENT,0,CurrentAssets,D
09cf7a6c-c980-4c21-9f83-980a053e8df2,سدور,total_liabilities,0,1,,,True,SOURCE_ABSENT,0,TotalLiabilities,D
09cf7a6c-c980-4c21-9f83-980a053e8df2,سدور,current_liabilities,0,1,,,True,SOURCE_ABSENT,0,CurrentLiabilities,D
09cf7a6c-c980-4c21-9f83-980a053e8df2,سدور,total_equity,0,1,,,True,SOURCE_ABSENT,0,TotalEquity,D
09cf7a6c-c980-4c21-9f83-980a053e8df2,سدور,operating_cash_flow,0,3,,False,True,SOURCE_ABSENT,0,OperatingCashFlow,D
09cf7a6c-c980-4c21-9f83-980a053e8df2,سدور,finance_cost,1,1,2026-06-21,,True,PRESENT,1,FinanceCostsNew,
09cf7a6c-c980-4c21-9f83-980a053e8df2,سدور,other_non_operating,1,1,2026-06-21,,True,PRESENT,1,OtherNonOpNew,
b4b7da70-a14b-40cc-866e-b938cf7579af,شکربن,revenue,0,3,,False,True,SOURCE_ABSENT,0,RevenueNew,D
b4b7da70-a14b-40cc-866e-b938cf7579af,شکربن,net_profit,0,3,,False,True,SOURCE_ABSENT,0,NetProfitAmount,D
b4b7da70-a14b-40cc-866e-b938cf7579af,شکربن,operating_profit,28,3,2026-06-21,False,True,TTM_RECOVERABLE_REPORT_CHAIN,1,OperatingProfitNew,B
b4b7da70-a14b-40cc-866e-b938cf7579af,شکربن,eps,28,3,2026-06-21,True,True,PRESENT,1,Num1_Value1,
b4b7da70-a14b-40cc-866e-b938cf7579af,شکربن,capital,28,1,2026-06-21,,True,PRESENT,1,Num2_Value1,
b4b7da70-a14b-40cc-866e-b938cf7579af,شکربن,total_assets,0,1,,,True,SOURCE_ABSENT,0,TotalAssets,D
b4b7da70-a14b-40cc-866e-b938cf7579af,شکربن,current_assets,0,1,,,True,SOURCE_ABSENT,0,CurrentAssets,D
b4b7da70-a14b-40cc-866e-b938cf7579af,شکربن,total_liabilities,0,1,,,True,SOURCE_ABSENT,0,TotalLiabilities,D
b4b7da70-a14b-40cc-866e-b938cf7579af,شکربن,current_liabilities,0,1,,,True,SOURCE_ABSENT,0,CurrentLiabilities,D
b4b7da70-a14b-40cc-866e-b938cf7579af,شکربن,total_equity,0,1,,,True,SOURCE_ABSENT,0,TotalEquity,D
b4b7da70-a14b-40cc-866e-b938cf7579af,شکربن,operating_cash_flow,0,3,,False,True,SOURCE_ABSENT,0,OperatingCashFlow,D
b4b7da70-a14b-40cc-866e-b938cf7579af,شکربن,finance_cost,0,1,,,True,SOURCE_ABSENT,0,FinanceCostsNew,D
b4b7da70-a14b-40cc-866e-b938cf7579af,شکربن,other_non_operating,0,1,,,True,SOURCE_ABSENT,0,OtherNonOpNew,D
40c096e4-8e63-41ad-a886-da6657689328,مبین,revenue,0,3,,False,True,SOURCE_ABSENT,0,RevenueNew,D
40c096e4-8e63-41ad-a886-da6657689328,مبین,net_profit,0,3,,False,True,SOURCE_ABSENT,0,NetProfitAmount,D
40c096e4-8e63-41ad-a886-da6657689328,مبین,operating_profit,27,3,2026-03-20,True,True,PRESENT,1,OperatingProfitNew,
40c096e4-8e63-41ad-a886-da6657689328,مبین,eps,27,3,2026-03-20,True,True,PRESENT,1,Num1_Value1,
40c096e4-8e63-41ad-a886-da6657689328,مبین,capital,27,1,2026-03-20,,True,PRESENT,1,Num2_Value1,
40c096e4-8e63-41ad-a886-da6657689328,مبین,total_assets,0,1,,,True,SOURCE_ABSENT,0,TotalAssets,D
40c096e4-8e63-41ad-a886-da6657689328,مبین,current_assets,0,1,,,True,SOURCE_ABSENT,0,CurrentAssets,D
40c096e4-8e63-41ad-a886-da6657689328,مبین,total_liabilities,0,1,,,True,SOURCE_ABSENT,0,TotalLiabilities,D
40c096e4-8e63-41ad-a886-da6657689328,مبین,current_liabilities,0,1,,,True,SOURCE_ABSENT,0,CurrentLiabilities,D
40c096e4-8e63-41ad-a886-da6657689328,مبین,total_equity,0,1,,,True,SOURCE_ABSENT,0,TotalEquity,D
40c096e4-8e63-41ad-a886-da6657689328,مبین,operating_cash_flow,0,3,,False,True,SOURCE_ABSENT,0,OperatingCashFlow,D
40c096e4-8e63-41ad-a886-da6657689328,مبین,finance_cost,0,1,,,True,SOURCE_ABSENT,0,FinanceCostsNew,D
40c096e4-8e63-41ad-a886-da6657689328,مبین,other_non_operating,0,1,,,True,SOURCE_ABSENT,0,OtherNonOpNew,D
3da407a7-55cd-41fb-b5bb-aadad01e6908,شمواد,revenue,27,3,2026-06-21,True,True,PRESENT,1,RevenueNew,
3da407a7-55cd-41fb-b5bb-aadad01e6908,شمواد,net_profit,27,3,2026-06-21,True,True,PRESENT,1,NetProfitAmount,
3da407a7-55cd-41fb-b5bb-aadad01e6908,شمواد,operating_profit,27,3,2026-06-21,True,True,PRESENT,1,OperatingProfitNew,
3da407a7-55cd-41fb-b5bb-aadad01e6908,شمواد,eps,27,3,2026-06-21,True,True,PRESENT,1,Num1_Value1,
3da407a7-55cd-41fb-b5bb-aadad01e6908,شمواد,capital,27,1,2026-06-21,,True,PRESENT,1,Num2_Value1,
3da407a7-55cd-41fb-b5bb-aadad01e6908,شمواد,total_assets,27,1,2026-06-21,,True,PRESENT,1,TotalAssets,
3da407a7-55cd-41fb-b5bb-aadad01e6908,شمواد,current_assets,27,1,2026-06-21,,True,PRESENT,1,CurrentAssets,
3da407a7-55cd-41fb-b5bb-aadad01e6908,شمواد,total_liabilities,27,1,2026-06-21,,True,PRESENT,1,TotalLiabilities,
3da407a7-55cd-41fb-b5bb-aadad01e6908,شمواد,current_liabilities,27,1,2026-06-21,,True,PRESENT,1,CurrentLiabilities,
3da407a7-55cd-41fb-b5bb-aadad01e6908,شمواد,total_equity,27,1,2026-06-21,,True,PRESENT,1,TotalEquity,
3da407a7-55cd-41fb-b5bb-aadad01e6908,شمواد,operating_cash_flow,27,3,2026-06-21,True,True,PRESENT,1,OperatingCashFlow,
3da407a7-55cd-41fb-b5bb-aadad01e6908,شمواد,finance_cost,27,1,2026-06-21,,True,PRESENT,1,FinanceCostsNew,
3da407a7-55cd-41fb-b5bb-aadad01e6908,شمواد,other_non_operating,27,1,2026-06-21,,True,PRESENT,1,OtherNonOpNew,
e76111bd-ee90-4823-a721-6b380c409a86,کزغال,revenue,0,3,,False,True,SOURCE_ABSENT,0,RevenueNew,D
e76111bd-ee90-4823-a721-6b380c409a86,کزغال,net_profit,0,3,,False,True,SOURCE_ABSENT,0,NetProfitAmount,D
e76111bd-ee90-4823-a721-6b380c409a86,کزغال,operating_profit,25,3,2026-06-21,False,True,TTM_RECOVERABLE_REPORT_CHAIN,1,OperatingProfitNew,B
e76111bd-ee90-4823-a721-6b380c409a86,کزغال,eps,25,3,2026-06-21,True,True,PRESENT,1,Num1_Value1,
e76111bd-ee90-4823-a721-6b380c409a86,کزغال,capital,25,1,2026-06-21,,True,PRESENT,1,Num2_Value1,
e76111bd-ee90-4823-a721-6b380c409a86,کزغال,total_assets,0,1,,,True,SOURCE_ABSENT,0,TotalAssets,D
e76111bd-ee90-4823-a721-6b380c409a86,کزغال,current_assets,0,1,,,True,SOURCE_ABSENT,0,CurrentAssets,D
e76111bd-ee90-4823-a721-6b380c409a86,کزغال,total_liabilities,0,1,,,True,SOURCE_ABSENT,0,TotalLiabilities,D
e76111bd-ee90-4823-a721-6b380c409a86,کزغال,current_liabilities,0,1,,,True,SOURCE_ABSENT,0,CurrentLiabilities,D
e76111bd-ee90-4823-a721-6b380c409a86,کزغال,total_equity,0,1,,,True,SOURCE_ABSENT,0,TotalEquity,D
e76111bd-ee90-4823-a721-6b380c409a86,کزغال,operating_cash_flow,0,3,,False,True,SOURCE_ABSENT,0,OperatingCashFlow,D
e76111bd-ee90-4823-a721-6b380c409a86,کزغال,finance_cost,0,1,,,True,SOURCE_ABSENT,0,FinanceCostsNew,D
e76111bd-ee90-4823-a721-6b380c409a86,کزغال,other_non_operating,0,1,,,True,SOURCE_ABSENT,0,OtherNonOpNew,D
1375886c-1775-4b7a-ab3b-a05ec3479627,وبصادر,revenue,3,3,2026-06-21,False,True,INSUFFICIENT_TTM_PERIODS,1,RevenueNew,C
1375886c-1775-4b7a-ab3b-a05ec3479627,وبصادر,net_profit,0,3,,False,True,SOURCE_ABSENT,0,NetProfitAmount,D
1375886c-1775-4b7a-ab3b-a05ec3479627,وبصادر,operating_profit,23,3,2026-06-21,False,True,TTM_RECOVERABLE_REPORT_CHAIN,1,OperatingProfitNew,B
1375886c-1775-4b7a-ab3b-a05ec3479627,وبصادر,eps,23,3,2026-06-21,False,True,TTM_RECOVERABLE_REPORT_CHAIN,1,Num1_Value1,B
1375886c-1775-4b7a-ab3b-a05ec3479627,وبصادر,capital,23,1,2026-06-21,,True,PRESENT,1,Num2_Value1,
1375886c-1775-4b7a-ab3b-a05ec3479627,وبصادر,total_assets,0,1,,,True,SOURCE_ABSENT,0,TotalAssets,D
1375886c-1775-4b7a-ab3b-a05ec3479627,وبصادر,current_assets,0,1,,,True,SOURCE_ABSENT,0,CurrentAssets,D
1375886c-1775-4b7a-ab3b-a05ec3479627,وبصادر,total_liabilities,0,1,,,True,SOURCE_ABSENT,0,TotalLiabilities,D
1375886c-1775-4b7a-ab3b-a05ec3479627,وبصادر,current_liabilities,0,1,,,True,SOURCE_ABSENT,0,CurrentLiabilities,D
1375886c-1775-4b7a-ab3b-a05ec3479627,وبصادر,total_equity,0,1,,,True,SOURCE_ABSENT,0,TotalEquity,D
1375886c-1775-4b7a-ab3b-a05ec3479627,وبصادر,operating_cash_flow,0,3,,False,True,SOURCE_ABSENT,0,OperatingCashFlow,D
1375886c-1775-4b7a-ab3b-a05ec3479627,وبصادر,finance_cost,3,1,2026-06-21,,True,PRESENT,1,FinanceCostsNew,
1375886c-1775-4b7a-ab3b-a05ec3479627,وبصادر,other_non_operating,3,1,2026-06-21,,True,PRESENT,1,OtherNonOpNew,
dd223138-5523-424e-80eb-67ce8e65b0ba,کساپا,revenue,0,3,,False,True,SOURCE_ABSENT,0,RevenueNew,D
dd223138-5523-424e-80eb-67ce8e65b0ba,کساپا,net_profit,0,3,,False,True,SOURCE_ABSENT,0,NetProfitAmount,D
dd223138-5523-424e-80eb-67ce8e65b0ba,کساپا,operating_profit,27,3,2026-03-20,True,True,PRESENT,1,OperatingProfitNew,
dd223138-5523-424e-80eb-67ce8e65b0ba,کساپا,eps,27,3,2026-03-20,True,True,PRESENT,1,Num1_Value1,
dd223138-5523-424e-80eb-67ce8e65b0ba,کساپا,capital,27,1,2026-03-20,,True,PRESENT,1,Num2_Value1,
dd223138-5523-424e-80eb-67ce8e65b0ba,کساپا,total_assets,0,1,,,True,SOURCE_ABSENT,0,TotalAssets,D
dd223138-5523-424e-80eb-67ce8e65b0ba,کساپا,current_assets,0,1,,,True,SOURCE_ABSENT,0,CurrentAssets,D
dd223138-5523-424e-80eb-67ce8e65b0ba,کساپا,total_liabilities,0,1,,,True,SOURCE_ABSENT,0,TotalLiabilities,D
dd223138-5523-424e-80eb-67ce8e65b0ba,کساپا,current_liabilities,0,1,,,True,SOURCE_ABSENT,0,CurrentLiabilities,D
dd223138-5523-424e-80eb-67ce8e65b0ba,کساپا,total_equity,0,1,,,True,SOURCE_ABSENT,0,TotalEquity,D
dd223138-5523-424e-80eb-67ce8e65b0ba,کساپا,operating_cash_flow,0,3,,False,True,SOURCE_ABSENT,0,OperatingCashFlow,D
dd223138-5523-424e-80eb-67ce8e65b0ba,کساپا,finance_cost,0,1,,,True,SOURCE_ABSENT,0,FinanceCostsNew,D
dd223138-5523-424e-80eb-67ce8e65b0ba,کساپا,other_non_operating,0,1,,,True,SOURCE_ABSENT,0,OtherNonOpNew,D
3d594732-5172-49ca-b8c5-7b684189196d,کاسپین,revenue,1,3,2026-06-21,True,True,PRESENT,1,RevenueNew,
3d594732-5172-49ca-b8c5-7b684189196d,کاسپین,net_profit,1,3,2026-06-21,True,True,PRESENT,1,NetProfitAmount,
3d594732-5172-49ca-b8c5-7b684189196d,کاسپین,operating_profit,27,3,2026-06-21,True,True,PRESENT,1,OperatingProfitNew,
3d594732-5172-49ca-b8c5-7b684189196d,کاسپین,eps,27,3,2026-06-21,True,True,PRESENT,1,Num1_Value1,
3d594732-5172-49ca-b8c5-7b684189196d,کاسپین,capital,27,1,2026-06-21,,True,PRESENT,1,Num2_Value1,
3d594732-5172-49ca-b8c5-7b684189196d,کاسپین,total_assets,1,1,2026-06-21,,True,PRESENT,1,TotalAssets,
3d594732-5172-49ca-b8c5-7b684189196d,کاسپین,current_assets,1,1,2026-06-21,,True,PRESENT,1,CurrentAssets,
3d594732-5172-49ca-b8c5-7b684189196d,کاسپین,total_liabilities,1,1,2026-06-21,,True,PRESENT,1,TotalLiabilities,
3d594732-5172-49ca-b8c5-7b684189196d,کاسپین,current_liabilities,1,1,2026-06-21,,True,PRESENT,1,CurrentLiabilities,
3d594732-5172-49ca-b8c5-7b684189196d,کاسپین,total_equity,1,1,2026-06-21,,True,PRESENT,1,TotalEquity,
3d594732-5172-49ca-b8c5-7b684189196d,کاسپین,operating_cash_flow,1,3,2026-06-21,True,True,PRESENT,1,OperatingCashFlow,
3d594732-5172-49ca-b8c5-7b684189196d,کاسپین,finance_cost,1,1,2026-06-21,,True,PRESENT,1,FinanceCostsNew,
3d594732-5172-49ca-b8c5-7b684189196d,کاسپین,other_non_operating,1,1,2026-06-21,,True,PRESENT,1,OtherNonOpNew,
0dcb1a49-44b5-4dd7-97c5-c1a0f642b6c5,سیمرغ3,revenue,1,3,2026-06-21,True,True,PRESENT,1,RevenueNew,
0dcb1a49-44b5-4dd7-97c5-c1a0f642b6c5,سیمرغ3,net_profit,1,3,2026-06-21,True,True,PRESENT,1,NetProfitAmount,
0dcb1a49-44b5-4dd7-97c5-c1a0f642b6c5,سیمرغ3,operating_profit,29,3,2026-06-21,True,True,PRESENT,1,OperatingProfitNew,
0dcb1a49-44b5-4dd7-97c5-c1a0f642b6c5,سیمرغ3,eps,29,3,2026-06-21,True,True,PRESENT,1,Num1_Value1,
0dcb1a49-44b5-4dd7-97c5-c1a0f642b6c5,سیمرغ3,capital,29,1,2026-06-21,,True,PRESENT,1,Num2_Value1,
0dcb1a49-44b5-4dd7-97c5-c1a0f642b6c5,سیمرغ3,total_assets,1,1,2026-06-21,,True,PRESENT,1,TotalAssets,
0dcb1a49-44b5-4dd7-97c5-c1a0f642b6c5,سیمرغ3,current_assets,1,1,2026-06-21,,True,PRESENT,1,CurrentAssets,
0dcb1a49-44b5-4dd7-97c5-c1a0f642b6c5,سیمرغ3,total_liabilities,1,1,2026-06-21,,True,PRESENT,1,TotalLiabilities,
0dcb1a49-44b5-4dd7-97c5-c1a0f642b6c5,سیمرغ3,current_liabilities,1,1,2026-06-21,,True,PRESENT,1,CurrentLiabilities,
0dcb1a49-44b5-4dd7-97c5-c1a0f642b6c5,سیمرغ3,total_equity,1,1,2026-06-21,,True,PRESENT,1,TotalEquity,
0dcb1a49-44b5-4dd7-97c5-c1a0f642b6c5,سیمرغ3,operating_cash_flow,1,3,2026-06-21,True,True,PRESENT,1,OperatingCashFlow,
0dcb1a49-44b5-4dd7-97c5-c1a0f642b6c5,سیمرغ3,finance_cost,1,1,2026-06-21,,True,PRESENT,1,FinanceCostsNew,
0dcb1a49-44b5-4dd7-97c5-c1a0f642b6c5,سیمرغ3,other_non_operating,1,1,2026-06-21,,True,PRESENT,1,OtherNonOpNew,
aa3059de-65ee-458d-b0f3-1c0a8fdf09e9,حفاری,revenue,0,3,,False,True,SOURCE_ABSENT,0,RevenueNew,D
aa3059de-65ee-458d-b0f3-1c0a8fdf09e9,حفاری,net_profit,0,3,,False,True,SOURCE_ABSENT,0,NetProfitAmount,D
aa3059de-65ee-458d-b0f3-1c0a8fdf09e9,حفاری,operating_profit,20,3,2026-03-20,True,True,PRESENT,1,OperatingProfitNew,
aa3059de-65ee-458d-b0f3-1c0a8fdf09e9,حفاری,eps,20,3,2026-03-20,True,True,PRESENT,1,Num1_Value1,
aa3059de-65ee-458d-b0f3-1c0a8fdf09e9,حفاری,capital,20,1,2026-03-20,,True,PRESENT,1,Num2_Value1,
aa3059de-65ee-458d-b0f3-1c0a8fdf09e9,حفاری,total_assets,0,1,,,True,SOURCE_ABSENT,0,TotalAssets,D
aa3059de-65ee-458d-b0f3-1c0a8fdf09e9,حفاری,current_assets,0,1,,,True,SOURCE_ABSENT,0,CurrentAssets,D
aa3059de-65ee-458d-b0f3-1c0a8fdf09e9,حفاری,total_liabilities,0,1,,,True,SOURCE_ABSENT,0,TotalLiabilities,D
aa3059de-65ee-458d-b0f3-1c0a8fdf09e9,حفاری,current_liabilities,0,1,,,True,SOURCE_ABSENT,0,CurrentLiabilities,D
aa3059de-65ee-458d-b0f3-1c0a8fdf09e9,حفاری,total_equity,0,1,,,True,SOURCE_ABSENT,0,TotalEquity,D
aa3059de-65ee-458d-b0f3-1c0a8fdf09e9,حفاری,operating_cash_flow,0,3,,False,True,SOURCE_ABSENT,0,OperatingCashFlow,D
aa3059de-65ee-458d-b0f3-1c0a8fdf09e9,حفاری,finance_cost,0,1,,,True,SOURCE_ABSENT,0,FinanceCostsNew,D
aa3059de-65ee-458d-b0f3-1c0a8fdf09e9,حفاری,other_non_operating,0,1,,,True,SOURCE_ABSENT,0,OtherNonOpNew,D
270f045b-b120-4cbe-a7e7-86b849dd8fa4,شپلی,revenue,0,3,,False,True,SOURCE_ABSENT,0,RevenueNew,D
270f045b-b120-4cbe-a7e7-86b849dd8fa4,شپلی,net_profit,0,3,,False,True,SOURCE_ABSENT,0,NetProfitAmount,D
270f045b-b120-4cbe-a7e7-86b849dd8fa4,شپلی,operating_profit,25,3,2026-06-21,False,True,TTM_RECOVERABLE_REPORT_CHAIN,1,OperatingProfitNew,B
270f045b-b120-4cbe-a7e7-86b849dd8fa4,شپلی,eps,25,3,2026-06-21,True,True,PRESENT,1,Num1_Value1,
270f045b-b120-4cbe-a7e7-86b849dd8fa4,شپلی,capital,25,1,2026-06-21,,True,PRESENT,1,Num2_Value1,
270f045b-b120-4cbe-a7e7-86b849dd8fa4,شپلی,total_assets,0,1,,,True,SOURCE_ABSENT,0,TotalAssets,D
270f045b-b120-4cbe-a7e7-86b849dd8fa4,شپلی,current_assets,0,1,,,True,SOURCE_ABSENT,0,CurrentAssets,D
270f045b-b120-4cbe-a7e7-86b849dd8fa4,شپلی,total_liabilities,0,1,,,True,SOURCE_ABSENT,0,TotalLiabilities,D
270f045b-b120-4cbe-a7e7-86b849dd8fa4,شپلی,current_liabilities,0,1,,,True,SOURCE_ABSENT,0,CurrentLiabilities,D
270f045b-b120-4cbe-a7e7-86b849dd8fa4,شپلی,total_equity,0,1,,,True,SOURCE_ABSENT,0,TotalEquity,D
270f045b-b120-4cbe-a7e7-86b849dd8fa4,شپلی,operating_cash_flow,0,3,,False,True,SOURCE_ABSENT,0,OperatingCashFlow,D
270f045b-b120-4cbe-a7e7-86b849dd8fa4,شپلی,finance_cost,0,1,,,True,SOURCE_ABSENT,0,FinanceCostsNew,D
270f045b-b120-4cbe-a7e7-86b849dd8fa4,شپلی,other_non_operating,0,1,,,True,SOURCE_ABSENT,0,OtherNonOpNew,D
e1030359-6ee4-449d-bbc1-59d91e96637d,فخوز,revenue,2,3,2026-06-21,False,True,INSUFFICIENT_TTM_PERIODS,1,RevenueNew,C
e1030359-6ee4-449d-bbc1-59d91e96637d,فخوز,net_profit,0,3,,False,True,SOURCE_ABSENT,0,NetProfitAmount,D
e1030359-6ee4-449d-bbc1-59d91e96637d,فخوز,operating_profit,27,3,2026-06-21,False,True,INSUFFICIENT_TTM_PERIODS,1,OperatingProfitNew,C
e1030359-6ee4-449d-bbc1-59d91e96637d,فخوز,eps,27,3,2026-06-21,True,True,PRESENT,1,Num1_Value1,
e1030359-6ee4-449d-bbc1-59d91e96637d,فخوز,capital,27,1,2026-06-21,,True,PRESENT,1,Num2_Value1,
e1030359-6ee4-449d-bbc1-59d91e96637d,فخوز,total_assets,0,1,,,True,SOURCE_ABSENT,0,TotalAssets,D
e1030359-6ee4-449d-bbc1-59d91e96637d,فخوز,current_assets,0,1,,,True,SOURCE_ABSENT,0,CurrentAssets,D
e1030359-6ee4-449d-bbc1-59d91e96637d,فخوز,total_liabilities,0,1,,,True,SOURCE_ABSENT,0,TotalLiabilities,D
e1030359-6ee4-449d-bbc1-59d91e96637d,فخوز,current_liabilities,0,1,,,True,SOURCE_ABSENT,0,CurrentLiabilities,D
e1030359-6ee4-449d-bbc1-59d91e96637d,فخوز,total_equity,0,1,,,True,SOURCE_ABSENT,0,TotalEquity,D
e1030359-6ee4-449d-bbc1-59d91e96637d,فخوز,operating_cash_flow,0,3,,False,True,SOURCE_ABSENT,0,OperatingCashFlow,D
e1030359-6ee4-449d-bbc1-59d91e96637d,فخوز,finance_cost,2,1,2026-06-21,,True,PRESENT,1,FinanceCostsNew,
e1030359-6ee4-449d-bbc1-59d91e96637d,فخوز,other_non_operating,2,1,2026-06-21,,True,PRESENT,1,OtherNonOpNew,
020b03ab-9adc-434a-a289-a0db68763552,چکاپا,revenue,1,3,2026-08-22,True,True,PRESENT,1,RevenueNew,
020b03ab-9adc-434a-a289-a0db68763552,چکاپا,net_profit,1,3,2026-08-22,True,True,PRESENT,1,NetProfitAmount,
020b03ab-9adc-434a-a289-a0db68763552,چکاپا,operating_profit,30,3,2026-08-22,True,True,PRESENT,1,OperatingProfitNew,
020b03ab-9adc-434a-a289-a0db68763552,چکاپا,eps,30,3,2026-08-22,True,True,PRESENT,1,Num1_Value1,
020b03ab-9adc-434a-a289-a0db68763552,چکاپا,capital,30,1,2026-08-22,,True,PRESENT,1,Num2_Value1,
020b03ab-9adc-434a-a289-a0db68763552,چکاپا,total_assets,1,1,2026-08-22,,True,PRESENT,1,TotalAssets,
020b03ab-9adc-434a-a289-a0db68763552,چکاپا,current_assets,1,1,2026-08-22,,True,PRESENT,1,CurrentAssets,
020b03ab-9adc-434a-a289-a0db68763552,چکاپا,total_liabilities,1,1,2026-08-22,,True,PRESENT,1,TotalLiabilities,
020b03ab-9adc-434a-a289-a0db68763552,چکاپا,current_liabilities,1,1,2026-08-22,,True,PRESENT,1,CurrentLiabilities,
020b03ab-9adc-434a-a289-a0db68763552,چکاپا,total_equity,1,1,2026-08-22,,True,PRESENT,1,TotalEquity,
020b03ab-9adc-434a-a289-a0db68763552,چکاپا,operating_cash_flow,1,3,2026-08-22,True,True,PRESENT,1,OperatingCashFlow,
020b03ab-9adc-434a-a289-a0db68763552,چکاپا,finance_cost,1,1,2026-08-22,,True,PRESENT,1,FinanceCostsNew,
020b03ab-9adc-434a-a289-a0db68763552,چکاپا,other_non_operating,1,1,2026-08-22,,True,PRESENT,1,OtherNonOpNew,
acb29719-e4c7-426e-b521-9fbf6065d9fb,دلقما,revenue,27,3,2026-06-21,True,True,PRESENT,1,RevenueNew,
acb29719-e4c7-426e-b521-9fbf6065d9fb,دلقما,net_profit,27,3,2026-06-21,True,True,PRESENT,1,NetProfitAmount,
acb29719-e4c7-426e-b521-9fbf6065d9fb,دلقما,operating_profit,27,3,2026-06-21,True,True,PRESENT,1,OperatingProfitNew,
acb29719-e4c7-426e-b521-9fbf6065d9fb,دلقما,eps,27,3,2026-06-21,True,True,PRESENT,1,Num1_Value1,
acb29719-e4c7-426e-b521-9fbf6065d9fb,دلقما,capital,27,1,2026-06-21,,True,PRESENT,1,Num2_Value1,
acb29719-e4c7-426e-b521-9fbf6065d9fb,دلقما,total_assets,27,1,2026-06-21,,True,PRESENT,1,TotalAssets,
acb29719-e4c7-426e-b521-9fbf6065d9fb,دلقما,current_assets,27,1,2026-06-21,,True,PRESENT,1,CurrentAssets,
acb29719-e4c7-426e-b521-9fbf6065d9fb,دلقما,total_liabilities,27,1,2026-06-21,,True,PRESENT,1,TotalLiabilities,
acb29719-e4c7-426e-b521-9fbf6065d9fb,دلقما,current_liabilities,27,1,2026-06-21,,True,PRESENT,1,CurrentLiabilities,
acb29719-e4c7-426e-b521-9fbf6065d9fb,دلقما,total_equity,27,1,2026-06-21,,True,PRESENT,1,TotalEquity,
acb29719-e4c7-426e-b521-9fbf6065d9fb,دلقما,operating_cash_flow,27,3,2026-06-21,True,True,PRESENT,1,OperatingCashFlow,
acb29719-e4c7-426e-b521-9fbf6065d9fb,دلقما,finance_cost,27,1,2026-06-21,,True,PRESENT,1,FinanceCostsNew,
acb29719-e4c7-426e-b521-9fbf6065d9fb,دلقما,other_non_operating,27,1,2026-06-21,,True,PRESENT,1,OtherNonOpNew,
ee1187a5-1612-42d1-93a7-01ff78104213,سپیدار,revenue,1,3,2026-06-21,True,True,PRESENT,1,RevenueNew,
ee1187a5-1612-42d1-93a7-01ff78104213,سپیدار,net_profit,1,3,2026-06-21,True,True,PRESENT,1,NetProfitAmount,
ee1187a5-1612-42d1-93a7-01ff78104213,سپیدار,operating_profit,21,3,2026-06-21,True,True,PRESENT,1,OperatingProfitNew,
ee1187a5-1612-42d1-93a7-01ff78104213,سپیدار,eps,21,3,2026-06-21,True,True,PRESENT,1,Num1_Value1,
ee1187a5-1612-42d1-93a7-01ff78104213,سپیدار,capital,21,1,2026-06-21,,True,PRESENT,1,Num2_Value1,
ee1187a5-1612-42d1-93a7-01ff78104213,سپیدار,total_assets,1,1,2026-06-21,,True,PRESENT,1,TotalAssets,
ee1187a5-1612-42d1-93a7-01ff78104213,سپیدار,current_assets,1,1,2026-06-21,,True,PRESENT,1,CurrentAssets,
ee1187a5-1612-42d1-93a7-01ff78104213,سپیدار,total_liabilities,1,1,2026-06-21,,True,PRESENT,1,TotalLiabilities,
ee1187a5-1612-42d1-93a7-01ff78104213,سپیدار,current_liabilities,1,1,2026-06-21,,True,PRESENT,1,CurrentLiabilities,
ee1187a5-1612-42d1-93a7-01ff78104213,سپیدار,total_equity,1,1,2026-06-21,,True,PRESENT,1,TotalEquity,
ee1187a5-1612-42d1-93a7-01ff78104213,سپیدار,operating_cash_flow,1,3,2026-06-21,True,True,PRESENT,1,OperatingCashFlow,
ee1187a5-1612-42d1-93a7-01ff78104213,سپیدار,finance_cost,1,1,2026-06-21,,True,PRESENT,1,FinanceCostsNew,
ee1187a5-1612-42d1-93a7-01ff78104213,سپیدار,other_non_operating,1,1,2026-06-21,,True,PRESENT,1,OtherNonOpNew,
60f50a23-e56e-45d4-bbb8-413dfe433784,سهرمز,revenue,0,3,,False,True,SOURCE_ABSENT,0,RevenueNew,D
60f50a23-e56e-45d4-bbb8-413dfe433784,سهرمز,net_profit,0,3,,False,True,SOURCE_ABSENT,0,NetProfitAmount,D
60f50a23-e56e-45d4-bbb8-413dfe433784,سهرمز,operating_profit,27,3,2026-03-20,True,True,PRESENT,1,OperatingProfitNew,
60f50a23-e56e-45d4-bbb8-413dfe433784,سهرمز,eps,27,3,2026-03-20,True,True,PRESENT,1,Num1_Value1,
60f50a23-e56e-45d4-bbb8-413dfe433784,سهرمز,capital,27,1,2026-03-20,,True,PRESENT,1,Num2_Value1,
60f50a23-e56e-45d4-bbb8-413dfe433784,سهرمز,total_assets,0,1,,,True,SOURCE_ABSENT,0,TotalAssets,D
60f50a23-e56e-45d4-bbb8-413dfe433784,سهرمز,current_assets,0,1,,,True,SOURCE_ABSENT,0,CurrentAssets,D
60f50a23-e56e-45d4-bbb8-413dfe433784,سهرمز,total_liabilities,0,1,,,True,SOURCE_ABSENT,0,TotalLiabilities,D
60f50a23-e56e-45d4-bbb8-413dfe433784,سهرمز,current_liabilities,0,1,,,True,SOURCE_ABSENT,0,CurrentLiabilities,D
60f50a23-e56e-45d4-bbb8-413dfe433784,سهرمز,total_equity,0,1,,,True,SOURCE_ABSENT,0,TotalEquity,D
60f50a23-e56e-45d4-bbb8-413dfe433784,سهرمز,operating_cash_flow,0,3,,False,True,SOURCE_ABSENT,0,OperatingCashFlow,D
60f50a23-e56e-45d4-bbb8-413dfe433784,سهرمز,finance_cost,0,1,,,True,SOURCE_ABSENT,0,FinanceCostsNew,D
60f50a23-e56e-45d4-bbb8-413dfe433784,سهرمز,other_non_operating,0,1,,,True,SOURCE_ABSENT,0,OtherNonOpNew,D
f5fdc667-05c5-49a5-97e6-a8e535c3ca01,بزاگرس,revenue,0,3,,False,True,SOURCE_ABSENT,0,RevenueNew,D
f5fdc667-05c5-49a5-97e6-a8e535c3ca01,بزاگرس,net_profit,0,3,,False,True,SOURCE_ABSENT,0,NetProfitAmount,D
f5fdc667-05c5-49a5-97e6-a8e535c3ca01,بزاگرس,operating_profit,28,3,2026-06-21,False,True,TTM_RECOVERABLE_REPORT_CHAIN,1,OperatingProfitNew,B
f5fdc667-05c5-49a5-97e6-a8e535c3ca01,بزاگرس,eps,28,3,2026-06-21,True,True,PRESENT,1,Num1_Value1,
f5fdc667-05c5-49a5-97e6-a8e535c3ca01,بزاگرس,capital,28,1,2026-06-21,,True,PRESENT,1,Num2_Value1,
f5fdc667-05c5-49a5-97e6-a8e535c3ca01,بزاگرس,total_assets,0,1,,,True,SOURCE_ABSENT,0,TotalAssets,D
f5fdc667-05c5-49a5-97e6-a8e535c3ca01,بزاگرس,current_assets,0,1,,,True,SOURCE_ABSENT,0,CurrentAssets,D
f5fdc667-05c5-49a5-97e6-a8e535c3ca01,بزاگرس,total_liabilities,0,1,,,True,SOURCE_ABSENT,0,TotalLiabilities,D
f5fdc667-05c5-49a5-97e6-a8e535c3ca01,بزاگرس,current_liabilities,0,1,,,True,SOURCE_ABSENT,0,CurrentLiabilities,D
f5fdc667-05c5-49a5-97e6-a8e535c3ca01,بزاگرس,total_equity,0,1,,,True,SOURCE_ABSENT,0,TotalEquity,D
f5fdc667-05c5-49a5-97e6-a8e535c3ca01,بزاگرس,operating_cash_flow,0,3,,False,True,SOURCE_ABSENT,0,OperatingCashFlow,D
f5fdc667-05c5-49a5-97e6-a8e535c3ca01,بزاگرس,finance_cost,0,1,,,True,SOURCE_ABSENT,0,FinanceCostsNew,D
f5fdc667-05c5-49a5-97e6-a8e535c3ca01,بزاگرس,other_non_operating,0,1,,,True,SOURCE_ABSENT,0,OtherNonOpNew,D
1d00ce2a-cec3-48b3-b833-05c43918456c,های وب3,revenue,0,3,,False,True,SOURCE_ABSENT,0,RevenueNew,D
1d00ce2a-cec3-48b3-b833-05c43918456c,های وب3,net_profit,0,3,,False,True,SOURCE_ABSENT,0,NetProfitAmount,D
1d00ce2a-cec3-48b3-b833-05c43918456c,های وب3,operating_profit,27,3,2026-06-21,False,True,TTM_RECOVERABLE_REPORT_CHAIN,1,OperatingProfitNew,B
1d00ce2a-cec3-48b3-b833-05c43918456c,های وب3,eps,27,3,2026-06-21,True,True,PRESENT,1,Num1_Value1,
1d00ce2a-cec3-48b3-b833-05c43918456c,های وب3,capital,27,1,2026-06-21,,True,PRESENT,1,Num2_Value1,
1d00ce2a-cec3-48b3-b833-05c43918456c,های وب3,total_assets,0,1,,,True,SOURCE_ABSENT,0,TotalAssets,D
1d00ce2a-cec3-48b3-b833-05c43918456c,های وب3,current_assets,0,1,,,True,SOURCE_ABSENT,0,CurrentAssets,D
1d00ce2a-cec3-48b3-b833-05c43918456c,های وب3,total_liabilities,0,1,,,True,SOURCE_ABSENT,0,TotalLiabilities,D
1d00ce2a-cec3-48b3-b833-05c43918456c,های وب3,current_liabilities,0,1,,,True,SOURCE_ABSENT,0,CurrentLiabilities,D
1d00ce2a-cec3-48b3-b833-05c43918456c,های وب3,total_equity,0,1,,,True,SOURCE_ABSENT,0,TotalEquity,D
1d00ce2a-cec3-48b3-b833-05c43918456c,های وب3,operating_cash_flow,0,3,,False,True,SOURCE_ABSENT,0,OperatingCashFlow,D
1d00ce2a-cec3-48b3-b833-05c43918456c,های وب3,finance_cost,0,1,,,True,SOURCE_ABSENT,0,FinanceCostsNew,D
1d00ce2a-cec3-48b3-b833-05c43918456c,های وب3,other_non_operating,0,1,,,True,SOURCE_ABSENT,0,OtherNonOpNew,D
05ecd46d-8a0d-4645-bc21-f8fb1c406778,تکمبا,revenue,0,3,,False,True,SOURCE_ABSENT,0,RevenueNew,D
05ecd46d-8a0d-4645-bc21-f8fb1c406778,تکمبا,net_profit,0,3,,False,True,SOURCE_ABSENT,0,NetProfitAmount,D
05ecd46d-8a0d-4645-bc21-f8fb1c406778,تکمبا,operating_profit,27,3,2026-06-21,False,True,TTM_RECOVERABLE_REPORT_CHAIN,1,OperatingProfitNew,B
05ecd46d-8a0d-4645-bc21-f8fb1c406778,تکمبا,eps,27,3,2026-06-21,True,True,PRESENT,1,Num1_Value1,
05ecd46d-8a0d-4645-bc21-f8fb1c406778,تکمبا,capital,27,1,2026-06-21,,True,PRESENT,1,Num2_Value1,
05ecd46d-8a0d-4645-bc21-f8fb1c406778,تکمبا,total_assets,0,1,,,True,SOURCE_ABSENT,0,TotalAssets,D
05ecd46d-8a0d-4645-bc21-f8fb1c406778,تکمبا,current_assets,0,1,,,True,SOURCE_ABSENT,0,CurrentAssets,D
05ecd46d-8a0d-4645-bc21-f8fb1c406778,تکمبا,total_liabilities,0,1,,,True,SOURCE_ABSENT,0,TotalLiabilities,D
05ecd46d-8a0d-4645-bc21-f8fb1c406778,تکمبا,current_liabilities,0,1,,,True,SOURCE_ABSENT,0,CurrentLiabilities,D
05ecd46d-8a0d-4645-bc21-f8fb1c406778,تکمبا,total_equity,0,1,,,True,SOURCE_ABSENT,0,TotalEquity,D
05ecd46d-8a0d-4645-bc21-f8fb1c406778,تکمبا,operating_cash_flow,0,3,,False,True,SOURCE_ABSENT,0,OperatingCashFlow,D
05ecd46d-8a0d-4645-bc21-f8fb1c406778,تکمبا,finance_cost,0,1,,,True,SOURCE_ABSENT,0,FinanceCostsNew,D
05ecd46d-8a0d-4645-bc21-f8fb1c406778,تکمبا,other_non_operating,0,1,,,True,SOURCE_ABSENT,0,OtherNonOpNew,D
4f4d423a-803d-4d7c-9eaa-6e663a9826a4,ستران,revenue,0,3,,False,True,SOURCE_ABSENT,0,RevenueNew,D
4f4d423a-803d-4d7c-9eaa-6e663a9826a4,ستران,net_profit,0,3,,False,True,SOURCE_ABSENT,0,NetProfitAmount,D
4f4d423a-803d-4d7c-9eaa-6e663a9826a4,ستران,operating_profit,28,3,2026-06-21,False,True,TTM_RECOVERABLE_REPORT_CHAIN,1,OperatingProfitNew,B
4f4d423a-803d-4d7c-9eaa-6e663a9826a4,ستران,eps,28,3,2026-06-21,True,True,PRESENT,1,Num1_Value1,
4f4d423a-803d-4d7c-9eaa-6e663a9826a4,ستران,capital,28,1,2026-06-21,,True,PRESENT,1,Num2_Value1,
4f4d423a-803d-4d7c-9eaa-6e663a9826a4,ستران,total_assets,0,1,,,True,SOURCE_ABSENT,0,TotalAssets,D
4f4d423a-803d-4d7c-9eaa-6e663a9826a4,ستران,current_assets,0,1,,,True,SOURCE_ABSENT,0,CurrentAssets,D
4f4d423a-803d-4d7c-9eaa-6e663a9826a4,ستران,total_liabilities,0,1,,,True,SOURCE_ABSENT,0,TotalLiabilities,D
4f4d423a-803d-4d7c-9eaa-6e663a9826a4,ستران,current_liabilities,0,1,,,True,SOURCE_ABSENT,0,CurrentLiabilities,D
4f4d423a-803d-4d7c-9eaa-6e663a9826a4,ستران,total_equity,0,1,,,True,SOURCE_ABSENT,0,TotalEquity,D
4f4d423a-803d-4d7c-9eaa-6e663a9826a4,ستران,operating_cash_flow,0,3,,False,True,SOURCE_ABSENT,0,OperatingCashFlow,D
4f4d423a-803d-4d7c-9eaa-6e663a9826a4,ستران,finance_cost,0,1,,,True,SOURCE_ABSENT,0,FinanceCostsNew,D
4f4d423a-803d-4d7c-9eaa-6e663a9826a4,ستران,other_non_operating,0,1,,,True,SOURCE_ABSENT,0,OtherNonOpNew,D
b56a14a1-c8d4-4f86-a5a2-d0ff69669d56,غشان,revenue,1,3,2026-06-21,False,True,INSUFFICIENT_TTM_PERIODS,1,RevenueNew,C
b56a14a1-c8d4-4f86-a5a2-d0ff69669d56,غشان,net_profit,0,3,,False,True,SOURCE_ABSENT,0,NetProfitAmount,D
b56a14a1-c8d4-4f86-a5a2-d0ff69669d56,غشان,operating_profit,29,3,2026-06-21,False,True,TTM_RECOVERABLE_REPORT_CHAIN,1,OperatingProfitNew,B
b56a14a1-c8d4-4f86-a5a2-d0ff69669d56,غشان,eps,29,3,2026-06-21,True,True,PRESENT,1,Num1_Value1,
b56a14a1-c8d4-4f86-a5a2-d0ff69669d56,غشان,capital,29,1,2026-06-21,,True,PRESENT,1,Num2_Value1,
b56a14a1-c8d4-4f86-a5a2-d0ff69669d56,غشان,total_assets,0,1,,,True,SOURCE_ABSENT,0,TotalAssets,D
b56a14a1-c8d4-4f86-a5a2-d0ff69669d56,غشان,current_assets,0,1,,,True,SOURCE_ABSENT,0,CurrentAssets,D
b56a14a1-c8d4-4f86-a5a2-d0ff69669d56,غشان,total_liabilities,0,1,,,True,SOURCE_ABSENT,0,TotalLiabilities,D
b56a14a1-c8d4-4f86-a5a2-d0ff69669d56,غشان,current_liabilities,0,1,,,True,SOURCE_ABSENT,0,CurrentLiabilities,D
b56a14a1-c8d4-4f86-a5a2-d0ff69669d56,غشان,total_equity,0,1,,,True,SOURCE_ABSENT,0,TotalEquity,D
b56a14a1-c8d4-4f86-a5a2-d0ff69669d56,غشان,operating_cash_flow,0,3,,False,True,SOURCE_ABSENT,0,OperatingCashFlow,D
b56a14a1-c8d4-4f86-a5a2-d0ff69669d56,غشان,finance_cost,1,1,2026-06-21,,True,PRESENT,1,FinanceCostsNew,
b56a14a1-c8d4-4f86-a5a2-d0ff69669d56,غشان,other_non_operating,1,1,2026-06-21,,True,PRESENT,1,OtherNonOpNew,
15b866bf-8c4f-45f4-90b3-dbc154615cbe,کحافظ,revenue,1,3,2026-06-21,True,True,PRESENT,1,RevenueNew,
15b866bf-8c4f-45f4-90b3-dbc154615cbe,کحافظ,net_profit,1,3,2026-06-21,True,True,PRESENT,1,NetProfitAmount,
15b866bf-8c4f-45f4-90b3-dbc154615cbe,کحافظ,operating_profit,28,3,2026-06-21,True,True,PRESENT,1,OperatingProfitNew,
15b866bf-8c4f-45f4-90b3-dbc154615cbe,کحافظ,eps,28,3,2026-06-21,True,True,PRESENT,1,Num1_Value1,
15b866bf-8c4f-45f4-90b3-dbc154615cbe,کحافظ,capital,28,1,2026-06-21,,True,PRESENT,1,Num2_Value1,
15b866bf-8c4f-45f4-90b3-dbc154615cbe,کحافظ,total_assets,1,1,2026-06-21,,True,PRESENT,1,TotalAssets,
15b866bf-8c4f-45f4-90b3-dbc154615cbe,کحافظ,current_assets,1,1,2026-06-21,,True,PRESENT,1,CurrentAssets,
15b866bf-8c4f-45f4-90b3-dbc154615cbe,کحافظ,total_liabilities,1,1,2026-06-21,,True,PRESENT,1,TotalLiabilities,
15b866bf-8c4f-45f4-90b3-dbc154615cbe,کحافظ,current_liabilities,1,1,2026-06-21,,True,PRESENT,1,CurrentLiabilities,
15b866bf-8c4f-45f4-90b3-dbc154615cbe,کحافظ,total_equity,1,1,2026-06-21,,True,PRESENT,1,TotalEquity,
15b866bf-8c4f-45f4-90b3-dbc154615cbe,کحافظ,operating_cash_flow,1,3,2026-06-21,True,True,PRESENT,1,OperatingCashFlow,
15b866bf-8c4f-45f4-90b3-dbc154615cbe,کحافظ,finance_cost,1,1,2026-06-21,,True,PRESENT,1,FinanceCostsNew,
15b866bf-8c4f-45f4-90b3-dbc154615cbe,کحافظ,other_non_operating,1,1,2026-06-21,,True,PRESENT,1,OtherNonOpNew,
3516f4ca-b566-4918-b491-df4dd5f30569,ساوه,revenue,0,3,,False,True,SOURCE_ABSENT,0,RevenueNew,D
3516f4ca-b566-4918-b491-df4dd5f30569,ساوه,net_profit,0,3,,False,True,SOURCE_ABSENT,0,NetProfitAmount,D
3516f4ca-b566-4918-b491-df4dd5f30569,ساوه,operating_profit,28,3,2026-06-21,False,True,TTM_RECOVERABLE_REPORT_CHAIN,1,OperatingProfitNew,B
3516f4ca-b566-4918-b491-df4dd5f30569,ساوه,eps,28,3,2026-06-21,True,True,PRESENT,1,Num1_Value1,
3516f4ca-b566-4918-b491-df4dd5f30569,ساوه,capital,28,1,2026-06-21,,True,PRESENT,1,Num2_Value1,
3516f4ca-b566-4918-b491-df4dd5f30569,ساوه,total_assets,0,1,,,True,SOURCE_ABSENT,0,TotalAssets,D
3516f4ca-b566-4918-b491-df4dd5f30569,ساوه,current_assets,0,1,,,True,SOURCE_ABSENT,0,CurrentAssets,D
3516f4ca-b566-4918-b491-df4dd5f30569,ساوه,total_liabilities,0,1,,,True,SOURCE_ABSENT,0,TotalLiabilities,D
3516f4ca-b566-4918-b491-df4dd5f30569,ساوه,current_liabilities,0,1,,,True,SOURCE_ABSENT,0,CurrentLiabilities,D
3516f4ca-b566-4918-b491-df4dd5f30569,ساوه,total_equity,0,1,,,True,SOURCE_ABSENT,0,TotalEquity,D
3516f4ca-b566-4918-b491-df4dd5f30569,ساوه,operating_cash_flow,0,3,,False,True,SOURCE_ABSENT,0,OperatingCashFlow,D
3516f4ca-b566-4918-b491-df4dd5f30569,ساوه,finance_cost,0,1,,,True,SOURCE_ABSENT,0,FinanceCostsNew,D
3516f4ca-b566-4918-b491-df4dd5f30569,ساوه,other_non_operating,0,1,,,True,SOURCE_ABSENT,0,OtherNonOpNew,D
eee0ed28-6abc-401d-971e-5e4f42810310,کلوند,revenue,1,3,2026-06-21,False,True,INSUFFICIENT_TTM_PERIODS,1,RevenueNew,C
eee0ed28-6abc-401d-971e-5e4f42810310,کلوند,net_profit,0,3,,False,True,SOURCE_ABSENT,0,NetProfitAmount,D
eee0ed28-6abc-401d-971e-5e4f42810310,کلوند,operating_profit,28,3,2026-06-21,False,True,TTM_RECOVERABLE_REPORT_CHAIN,1,OperatingProfitNew,B
eee0ed28-6abc-401d-971e-5e4f42810310,کلوند,eps,28,3,2026-06-21,True,True,PRESENT,1,Num1_Value1,
eee0ed28-6abc-401d-971e-5e4f42810310,کلوند,capital,28,1,2026-06-21,,True,PRESENT,1,Num2_Value1,
eee0ed28-6abc-401d-971e-5e4f42810310,کلوند,total_assets,0,1,,,True,SOURCE_ABSENT,0,TotalAssets,D
eee0ed28-6abc-401d-971e-5e4f42810310,کلوند,current_assets,0,1,,,True,SOURCE_ABSENT,0,CurrentAssets,D
eee0ed28-6abc-401d-971e-5e4f42810310,کلوند,total_liabilities,0,1,,,True,SOURCE_ABSENT,0,TotalLiabilities,D
eee0ed28-6abc-401d-971e-5e4f42810310,کلوند,current_liabilities,0,1,,,True,SOURCE_ABSENT,0,CurrentLiabilities,D
eee0ed28-6abc-401d-971e-5e4f42810310,کلوند,total_equity,0,1,,,True,SOURCE_ABSENT,0,TotalEquity,D
eee0ed28-6abc-401d-971e-5e4f42810310,کلوند,operating_cash_flow,0,3,,False,True,SOURCE_ABSENT,0,OperatingCashFlow,D
eee0ed28-6abc-401d-971e-5e4f42810310,کلوند,finance_cost,1,1,2026-06-21,,True,PRESENT,1,FinanceCostsNew,
eee0ed28-6abc-401d-971e-5e4f42810310,کلوند,other_non_operating,1,1,2026-06-21,,True,PRESENT,1,OtherNonOpNew,
aa357d8e-66fe-4cd6-880b-621b74350f44,پیزد,revenue,1,3,2026-06-21,True,True,PRESENT,1,RevenueNew,
aa357d8e-66fe-4cd6-880b-621b74350f44,پیزد,net_profit,1,3,2026-06-21,True,True,PRESENT,1,NetProfitAmount,
aa357d8e-66fe-4cd6-880b-621b74350f44,پیزد,operating_profit,28,3,2026-06-21,True,True,PRESENT,1,OperatingProfitNew,
aa357d8e-66fe-4cd6-880b-621b74350f44,پیزد,eps,28,3,2026-06-21,True,True,PRESENT,1,Num1_Value1,
aa357d8e-66fe-4cd6-880b-621b74350f44,پیزد,capital,28,1,2026-06-21,,True,PRESENT,1,Num2_Value1,
aa357d8e-66fe-4cd6-880b-621b74350f44,پیزد,total_assets,1,1,2026-06-21,,True,PRESENT,1,TotalAssets,
aa357d8e-66fe-4cd6-880b-621b74350f44,پیزد,current_assets,1,1,2026-06-21,,True,PRESENT,1,CurrentAssets,
aa357d8e-66fe-4cd6-880b-621b74350f44,پیزد,total_liabilities,1,1,2026-06-21,,True,PRESENT,1,TotalLiabilities,
aa357d8e-66fe-4cd6-880b-621b74350f44,پیزد,current_liabilities,1,1,2026-06-21,,True,PRESENT,1,CurrentLiabilities,
aa357d8e-66fe-4cd6-880b-621b74350f44,پیزد,total_equity,1,1,2026-06-21,,True,PRESENT,1,TotalEquity,
aa357d8e-66fe-4cd6-880b-621b74350f44,پیزد,operating_cash_flow,1,3,2026-06-21,True,True,PRESENT,1,OperatingCashFlow,
aa357d8e-66fe-4cd6-880b-621b74350f44,پیزد,finance_cost,1,1,2026-06-21,,True,PRESENT,1,FinanceCostsNew,
aa357d8e-66fe-4cd6-880b-621b74350f44,پیزد,other_non_operating,1,1,2026-06-21,,True,PRESENT,1,OtherNonOpNew,
3de02d6f-b522-4169-8327-89f3838eaa7b,دجابر,revenue,28,3,2026-06-21,True,True,PRESENT,1,RevenueNew,
3de02d6f-b522-4169-8327-89f3838eaa7b,دجابر,net_profit,28,3,2026-06-21,True,True,PRESENT,1,NetProfitAmount,
3de02d6f-b522-4169-8327-89f3838eaa7b,دجابر,operating_profit,28,3,2026-06-21,True,True,PRESENT,1,OperatingProfitNew,
3de02d6f-b522-4169-8327-89f3838eaa7b,دجابر,eps,28,3,2026-06-21,True,True,PRESENT,1,Num1_Value1,
3de02d6f-b522-4169-8327-89f3838eaa7b,دجابر,capital,28,1,2026-06-21,,True,PRESENT,1,Num2_Value1,
3de02d6f-b522-4169-8327-89f3838eaa7b,دجابر,total_assets,28,1,2026-06-21,,True,PRESENT,1,TotalAssets,
3de02d6f-b522-4169-8327-89f3838eaa7b,دجابر,current_assets,28,1,2026-06-21,,True,PRESENT,1,CurrentAssets,
3de02d6f-b522-4169-8327-89f3838eaa7b,دجابر,total_liabilities,28,1,2026-06-21,,True,PRESENT,1,TotalLiabilities,
3de02d6f-b522-4169-8327-89f3838eaa7b,دجابر,current_liabilities,28,1,2026-06-21,,True,PRESENT,1,CurrentLiabilities,
3de02d6f-b522-4169-8327-89f3838eaa7b,دجابر,total_equity,28,1,2026-06-21,,True,PRESENT,1,TotalEquity,
3de02d6f-b522-4169-8327-89f3838eaa7b,دجابر,operating_cash_flow,28,3,2026-06-21,True,True,PRESENT,1,OperatingCashFlow,
3de02d6f-b522-4169-8327-89f3838eaa7b,دجابر,finance_cost,28,1,2026-06-21,,True,PRESENT,1,FinanceCostsNew,
3de02d6f-b522-4169-8327-89f3838eaa7b,دجابر,other_non_operating,28,1,2026-06-21,,True,PRESENT,1,OtherNonOpNew,
a1b9524f-1caf-4d8a-92a9-0939117fc678,زپارس,revenue,0,3,,False,True,SOURCE_ABSENT,0,RevenueNew,D
a1b9524f-1caf-4d8a-92a9-0939117fc678,زپارس,net_profit,0,3,,False,True,SOURCE_ABSENT,0,NetProfitAmount,D
a1b9524f-1caf-4d8a-92a9-0939117fc678,زپارس,operating_profit,27,3,2026-06-21,False,True,TTM_RECOVERABLE_REPORT_CHAIN,1,OperatingProfitNew,B
a1b9524f-1caf-4d8a-92a9-0939117fc678,زپارس,eps,27,3,2026-06-21,True,True,PRESENT,1,Num1_Value1,
a1b9524f-1caf-4d8a-92a9-0939117fc678,زپارس,capital,27,1,2026-06-21,,True,PRESENT,1,Num2_Value1,
a1b9524f-1caf-4d8a-92a9-0939117fc678,زپارس,total_assets,0,1,,,True,SOURCE_ABSENT,0,TotalAssets,D
a1b9524f-1caf-4d8a-92a9-0939117fc678,زپارس,current_assets,0,1,,,True,SOURCE_ABSENT,0,CurrentAssets,D
a1b9524f-1caf-4d8a-92a9-0939117fc678,زپارس,total_liabilities,0,1,,,True,SOURCE_ABSENT,0,TotalLiabilities,D
a1b9524f-1caf-4d8a-92a9-0939117fc678,زپارس,current_liabilities,0,1,,,True,SOURCE_ABSENT,0,CurrentLiabilities,D
a1b9524f-1caf-4d8a-92a9-0939117fc678,زپارس,total_equity,0,1,,,True,SOURCE_ABSENT,0,TotalEquity,D
a1b9524f-1caf-4d8a-92a9-0939117fc678,زپارس,operating_cash_flow,0,3,,False,True,SOURCE_ABSENT,0,OperatingCashFlow,D
a1b9524f-1caf-4d8a-92a9-0939117fc678,زپارس,finance_cost,0,1,,,True,SOURCE_ABSENT,0,FinanceCostsNew,D
a1b9524f-1caf-4d8a-92a9-0939117fc678,زپارس,other_non_operating,0,1,,,True,SOURCE_ABSENT,0,OtherNonOpNew,D
372183eb-79c1-4f39-85dc-2ae3a6f30082,غشهداب,revenue,0,3,,False,True,SOURCE_ABSENT,0,RevenueNew,D
372183eb-79c1-4f39-85dc-2ae3a6f30082,غشهداب,net_profit,0,3,,False,True,SOURCE_ABSENT,0,NetProfitAmount,D
372183eb-79c1-4f39-85dc-2ae3a6f30082,غشهداب,operating_profit,28,3,2026-06-21,False,True,TTM_RECOVERABLE_REPORT_CHAIN,1,OperatingProfitNew,B
372183eb-79c1-4f39-85dc-2ae3a6f30082,غشهداب,eps,28,3,2026-06-21,True,True,PRESENT,1,Num1_Value1,
372183eb-79c1-4f39-85dc-2ae3a6f30082,غشهداب,capital,28,1,2026-06-21,,True,PRESENT,1,Num2_Value1,
372183eb-79c1-4f39-85dc-2ae3a6f30082,غشهداب,total_assets,0,1,,,True,SOURCE_ABSENT,0,TotalAssets,D
372183eb-79c1-4f39-85dc-2ae3a6f30082,غشهداب,current_assets,0,1,,,True,SOURCE_ABSENT,0,CurrentAssets,D
372183eb-79c1-4f39-85dc-2ae3a6f30082,غشهداب,total_liabilities,0,1,,,True,SOURCE_ABSENT,0,TotalLiabilities,D
372183eb-79c1-4f39-85dc-2ae3a6f30082,غشهداب,current_liabilities,0,1,,,True,SOURCE_ABSENT,0,CurrentLiabilities,D
372183eb-79c1-4f39-85dc-2ae3a6f30082,غشهداب,total_equity,0,1,,,True,SOURCE_ABSENT,0,TotalEquity,D
372183eb-79c1-4f39-85dc-2ae3a6f30082,غشهداب,operating_cash_flow,0,3,,False,True,SOURCE_ABSENT,0,OperatingCashFlow,D
372183eb-79c1-4f39-85dc-2ae3a6f30082,غشهداب,finance_cost,0,1,,,True,SOURCE_ABSENT,0,FinanceCostsNew,D
372183eb-79c1-4f39-85dc-2ae3a6f30082,غشهداب,other_non_operating,0,1,,,True,SOURCE_ABSENT,0,OtherNonOpNew,D
34575525-fd7c-4d83-baa8-bb38555bbf5b,بجهرم,revenue,1,3,2026-06-21,True,True,PRESENT,1,RevenueNew,
34575525-fd7c-4d83-baa8-bb38555bbf5b,بجهرم,net_profit,1,3,2026-06-21,True,True,PRESENT,1,NetProfitAmount,
34575525-fd7c-4d83-baa8-bb38555bbf5b,بجهرم,operating_profit,26,3,2026-06-21,True,True,PRESENT,1,OperatingProfitNew,
34575525-fd7c-4d83-baa8-bb38555bbf5b,بجهرم,eps,26,3,2026-06-21,True,True,PRESENT,1,Num1_Value1,
34575525-fd7c-4d83-baa8-bb38555bbf5b,بجهرم,capital,26,1,2026-06-21,,True,PRESENT,1,Num2_Value1,
34575525-fd7c-4d83-baa8-bb38555bbf5b,بجهرم,total_assets,1,1,2026-06-21,,True,PRESENT,1,TotalAssets,
34575525-fd7c-4d83-baa8-bb38555bbf5b,بجهرم,current_assets,1,1,2026-06-21,,True,PRESENT,1,CurrentAssets,
34575525-fd7c-4d83-baa8-bb38555bbf5b,بجهرم,total_liabilities,1,1,2026-06-21,,True,PRESENT,1,TotalLiabilities,
34575525-fd7c-4d83-baa8-bb38555bbf5b,بجهرم,current_liabilities,1,1,2026-06-21,,True,PRESENT,1,CurrentLiabilities,
34575525-fd7c-4d83-baa8-bb38555bbf5b,بجهرم,total_equity,1,1,2026-06-21,,True,PRESENT,1,TotalEquity,
34575525-fd7c-4d83-baa8-bb38555bbf5b,بجهرم,operating_cash_flow,1,3,2026-06-21,True,True,PRESENT,1,OperatingCashFlow,
34575525-fd7c-4d83-baa8-bb38555bbf5b,بجهرم,finance_cost,1,1,2026-06-21,,True,PRESENT,1,FinanceCostsNew,
34575525-fd7c-4d83-baa8-bb38555bbf5b,بجهرم,other_non_operating,1,1,2026-06-21,,True,PRESENT,1,OtherNonOpNew,
60d888cd-26d1-4481-8535-1b9356d6c165,خچرخش,revenue,0,3,,False,True,SOURCE_ABSENT,0,RevenueNew,D
60d888cd-26d1-4481-8535-1b9356d6c165,خچرخش,net_profit,0,3,,False,True,SOURCE_ABSENT,0,NetProfitAmount,D
60d888cd-26d1-4481-8535-1b9356d6c165,خچرخش,operating_profit,27,3,2026-06-21,False,True,TTM_RECOVERABLE_REPORT_CHAIN,1,OperatingProfitNew,B
60d888cd-26d1-4481-8535-1b9356d6c165,خچرخش,eps,27,3,2026-06-21,True,True,PRESENT,1,Num1_Value1,
60d888cd-26d1-4481-8535-1b9356d6c165,خچرخش,capital,27,1,2026-06-21,,True,PRESENT,1,Num2_Value1,
60d888cd-26d1-4481-8535-1b9356d6c165,خچرخش,total_assets,0,1,,,True,SOURCE_ABSENT,0,TotalAssets,D
60d888cd-26d1-4481-8535-1b9356d6c165,خچرخش,current_assets,0,1,,,True,SOURCE_ABSENT,0,CurrentAssets,D
60d888cd-26d1-4481-8535-1b9356d6c165,خچرخش,total_liabilities,0,1,,,True,SOURCE_ABSENT,0,TotalLiabilities,D
60d888cd-26d1-4481-8535-1b9356d6c165,خچرخش,current_liabilities,0,1,,,True,SOURCE_ABSENT,0,CurrentLiabilities,D
60d888cd-26d1-4481-8535-1b9356d6c165,خچرخش,total_equity,0,1,,,True,SOURCE_ABSENT,0,TotalEquity,D
60d888cd-26d1-4481-8535-1b9356d6c165,خچرخش,operating_cash_flow,0,3,,False,True,SOURCE_ABSENT,0,OperatingCashFlow,D
60d888cd-26d1-4481-8535-1b9356d6c165,خچرخش,finance_cost,0,1,,,True,SOURCE_ABSENT,0,FinanceCostsNew,D
60d888cd-26d1-4481-8535-1b9356d6c165,خچرخش,other_non_operating,0,1,,,True,SOURCE_ABSENT,0,OtherNonOpNew,D
369f1c92-1cad-414e-8ef6-bb58cecc097d,سمازن,revenue,0,3,,False,True,SOURCE_ABSENT,0,RevenueNew,D
369f1c92-1cad-414e-8ef6-bb58cecc097d,سمازن,net_profit,0,3,,False,True,SOURCE_ABSENT,0,NetProfitAmount,D
369f1c92-1cad-414e-8ef6-bb58cecc097d,سمازن,operating_profit,28,3,2026-06-21,False,True,TTM_RECOVERABLE_REPORT_CHAIN,1,OperatingProfitNew,B
369f1c92-1cad-414e-8ef6-bb58cecc097d,سمازن,eps,28,3,2026-06-21,True,True,PRESENT,1,Num1_Value1,
369f1c92-1cad-414e-8ef6-bb58cecc097d,سمازن,capital,28,1,2026-06-21,,True,PRESENT,1,Num2_Value1,
369f1c92-1cad-414e-8ef6-bb58cecc097d,سمازن,total_assets,0,1,,,True,SOURCE_ABSENT,0,TotalAssets,D
369f1c92-1cad-414e-8ef6-bb58cecc097d,سمازن,current_assets,0,1,,,True,SOURCE_ABSENT,0,CurrentAssets,D
369f1c92-1cad-414e-8ef6-bb58cecc097d,سمازن,total_liabilities,0,1,,,True,SOURCE_ABSENT,0,TotalLiabilities,D
369f1c92-1cad-414e-8ef6-bb58cecc097d,سمازن,current_liabilities,0,1,,,True,SOURCE_ABSENT,0,CurrentLiabilities,D
369f1c92-1cad-414e-8ef6-bb58cecc097d,سمازن,total_equity,0,1,,,True,SOURCE_ABSENT,0,TotalEquity,D
369f1c92-1cad-414e-8ef6-bb58cecc097d,سمازن,operating_cash_flow,0,3,,False,True,SOURCE_ABSENT,0,OperatingCashFlow,D
369f1c92-1cad-414e-8ef6-bb58cecc097d,سمازن,finance_cost,0,1,,,True,SOURCE_ABSENT,0,FinanceCostsNew,D
369f1c92-1cad-414e-8ef6-bb58cecc097d,سمازن,other_non_operating,0,1,,,True,SOURCE_ABSENT,0,OtherNonOpNew,D
8bb132da-23f9-4665-bd9f-cf1b91b2ef9e,غپاک,revenue,0,3,,False,True,SOURCE_ABSENT,0,RevenueNew,D
8bb132da-23f9-4665-bd9f-cf1b91b2ef9e,غپاک,net_profit,0,3,,False,True,SOURCE_ABSENT,0,NetProfitAmount,D
8bb132da-23f9-4665-bd9f-cf1b91b2ef9e,غپاک,operating_profit,28,3,2026-06-21,False,True,TTM_RECOVERABLE_REPORT_CHAIN,1,OperatingProfitNew,B
8bb132da-23f9-4665-bd9f-cf1b91b2ef9e,غپاک,eps,28,3,2026-06-21,True,True,PRESENT,1,Num1_Value1,
8bb132da-23f9-4665-bd9f-cf1b91b2ef9e,غپاک,capital,28,1,2026-06-21,,True,PRESENT,1,Num2_Value1,
8bb132da-23f9-4665-bd9f-cf1b91b2ef9e,غپاک,total_assets,0,1,,,True,SOURCE_ABSENT,0,TotalAssets,D
8bb132da-23f9-4665-bd9f-cf1b91b2ef9e,غپاک,current_assets,0,1,,,True,SOURCE_ABSENT,0,CurrentAssets,D
8bb132da-23f9-4665-bd9f-cf1b91b2ef9e,غپاک,total_liabilities,0,1,,,True,SOURCE_ABSENT,0,TotalLiabilities,D
8bb132da-23f9-4665-bd9f-cf1b91b2ef9e,غپاک,current_liabilities,0,1,,,True,SOURCE_ABSENT,0,CurrentLiabilities,D
8bb132da-23f9-4665-bd9f-cf1b91b2ef9e,غپاک,total_equity,0,1,,,True,SOURCE_ABSENT,0,TotalEquity,D
8bb132da-23f9-4665-bd9f-cf1b91b2ef9e,غپاک,operating_cash_flow,0,3,,False,True,SOURCE_ABSENT,0,OperatingCashFlow,D
8bb132da-23f9-4665-bd9f-cf1b91b2ef9e,غپاک,finance_cost,0,1,,,True,SOURCE_ABSENT,0,FinanceCostsNew,D
8bb132da-23f9-4665-bd9f-cf1b91b2ef9e,غپاک,other_non_operating,0,1,,,True,SOURCE_ABSENT,0,OtherNonOpNew,D
93152d48-33d9-437f-86bb-e6c4f91969fb,عالیس,revenue,1,3,2026-06-21,True,True,PRESENT,1,RevenueNew,
93152d48-33d9-437f-86bb-e6c4f91969fb,عالیس,net_profit,1,3,2026-06-21,True,True,PRESENT,1,NetProfitAmount,
93152d48-33d9-437f-86bb-e6c4f91969fb,عالیس,operating_profit,18,3,2026-06-21,True,True,PRESENT,1,OperatingProfitNew,
93152d48-33d9-437f-86bb-e6c4f91969fb,عالیس,eps,18,3,2026-06-21,True,True,PRESENT,1,Num1_Value1,
93152d48-33d9-437f-86bb-e6c4f91969fb,عالیس,capital,18,1,2026-06-21,,True,PRESENT,1,Num2_Value1,
93152d48-33d9-437f-86bb-e6c4f91969fb,عالیس,total_assets,1,1,2026-06-21,,True,PRESENT,1,TotalAssets,
93152d48-33d9-437f-86bb-e6c4f91969fb,عالیس,current_assets,1,1,2026-06-21,,True,PRESENT,1,CurrentAssets,
93152d48-33d9-437f-86bb-e6c4f91969fb,عالیس,total_liabilities,1,1,2026-06-21,,True,PRESENT,1,TotalLiabilities,
93152d48-33d9-437f-86bb-e6c4f91969fb,عالیس,current_liabilities,1,1,2026-06-21,,True,PRESENT,1,CurrentLiabilities,
93152d48-33d9-437f-86bb-e6c4f91969fb,عالیس,total_equity,1,1,2026-06-21,,True,PRESENT,1,TotalEquity,
93152d48-33d9-437f-86bb-e6c4f91969fb,عالیس,operating_cash_flow,1,3,2026-06-21,True,True,PRESENT,1,OperatingCashFlow,
93152d48-33d9-437f-86bb-e6c4f91969fb,عالیس,finance_cost,1,1,2026-06-21,,True,PRESENT,1,FinanceCostsNew,
93152d48-33d9-437f-86bb-e6c4f91969fb,عالیس,other_non_operating,1,1,2026-06-21,,True,PRESENT,1,OtherNonOpNew,
b2f13de3-6556-4820-8adb-21dee0af731e,قاسم,revenue,24,3,2026-06-21,True,True,PRESENT,1,RevenueNew,
b2f13de3-6556-4820-8adb-21dee0af731e,قاسم,net_profit,24,3,2026-06-21,True,True,PRESENT,1,NetProfitAmount,
b2f13de3-6556-4820-8adb-21dee0af731e,قاسم,operating_profit,24,3,2026-06-21,True,True,PRESENT,1,OperatingProfitNew,
b2f13de3-6556-4820-8adb-21dee0af731e,قاسم,eps,24,3,2026-06-21,True,True,PRESENT,1,Num1_Value1,
b2f13de3-6556-4820-8adb-21dee0af731e,قاسم,capital,24,1,2026-06-21,,True,PRESENT,1,Num2_Value1,
b2f13de3-6556-4820-8adb-21dee0af731e,قاسم,total_assets,24,1,2026-06-21,,True,PRESENT,1,TotalAssets,
b2f13de3-6556-4820-8adb-21dee0af731e,قاسم,current_assets,24,1,2026-06-21,,True,PRESENT,1,CurrentAssets,
b2f13de3-6556-4820-8adb-21dee0af731e,قاسم,total_liabilities,24,1,2026-06-21,,True,PRESENT,1,TotalLiabilities,
b2f13de3-6556-4820-8adb-21dee0af731e,قاسم,current_liabilities,24,1,2026-06-21,,True,PRESENT,1,CurrentLiabilities,
b2f13de3-6556-4820-8adb-21dee0af731e,قاسم,total_equity,24,1,2026-06-21,,True,PRESENT,1,TotalEquity,
b2f13de3-6556-4820-8adb-21dee0af731e,قاسم,operating_cash_flow,24,3,2026-06-21,True,True,PRESENT,1,OperatingCashFlow,
b2f13de3-6556-4820-8adb-21dee0af731e,قاسم,finance_cost,24,1,2026-06-21,,True,PRESENT,1,FinanceCostsNew,
b2f13de3-6556-4820-8adb-21dee0af731e,قاسم,other_non_operating,24,1,2026-06-21,,True,PRESENT,1,OtherNonOpNew,
795ba3fd-e5af-4df2-be30-c8fab8a343f0,برکت,revenue,1,3,2026-06-21,True,True,PRESENT,1,RevenueNew,
795ba3fd-e5af-4df2-be30-c8fab8a343f0,برکت,net_profit,1,3,2026-06-21,True,True,PRESENT,1,NetProfitAmount,
795ba3fd-e5af-4df2-be30-c8fab8a343f0,برکت,operating_profit,23,3,2026-06-21,True,True,PRESENT,1,OperatingProfitNew,
795ba3fd-e5af-4df2-be30-c8fab8a343f0,برکت,eps,23,3,2026-06-21,True,True,PRESENT,1,Num1_Value1,
795ba3fd-e5af-4df2-be30-c8fab8a343f0,برکت,capital,23,1,2026-06-21,,True,PRESENT,1,Num2_Value1,
795ba3fd-e5af-4df2-be30-c8fab8a343f0,برکت,total_assets,1,1,2026-06-21,,True,PRESENT,1,TotalAssets,
795ba3fd-e5af-4df2-be30-c8fab8a343f0,برکت,current_assets,1,1,2026-06-21,,True,PRESENT,1,CurrentAssets,
795ba3fd-e5af-4df2-be30-c8fab8a343f0,برکت,total_liabilities,1,1,2026-06-21,,True,PRESENT,1,TotalLiabilities,
795ba3fd-e5af-4df2-be30-c8fab8a343f0,برکت,current_liabilities,1,1,2026-06-21,,True,PRESENT,1,CurrentLiabilities,
795ba3fd-e5af-4df2-be30-c8fab8a343f0,برکت,total_equity,1,1,2026-06-21,,True,PRESENT,1,TotalEquity,
795ba3fd-e5af-4df2-be30-c8fab8a343f0,برکت,operating_cash_flow,1,3,2026-06-21,True,True,PRESENT,1,OperatingCashFlow,
795ba3fd-e5af-4df2-be30-c8fab8a343f0,برکت,finance_cost,1,1,2026-06-21,,True,PRESENT,1,FinanceCostsNew,
795ba3fd-e5af-4df2-be30-c8fab8a343f0,برکت,other_non_operating,1,1,2026-06-21,,True,PRESENT,1,OtherNonOpNew,
d6063f2d-6671-4400-ab8b-296bff19bd6a,دتماد,revenue,0,3,,False,True,SOURCE_ABSENT,0,RevenueNew,D
d6063f2d-6671-4400-ab8b-296bff19bd6a,دتماد,net_profit,0,3,,False,True,SOURCE_ABSENT,0,NetProfitAmount,D
d6063f2d-6671-4400-ab8b-296bff19bd6a,دتماد,operating_profit,16,3,2026-06-21,False,True,TTM_RECOVERABLE_REPORT_CHAIN,1,OperatingProfitNew,B
d6063f2d-6671-4400-ab8b-296bff19bd6a,دتماد,eps,16,3,2026-06-21,True,True,PRESENT,1,Num1_Value1,
d6063f2d-6671-4400-ab8b-296bff19bd6a,دتماد,capital,16,1,2026-06-21,,True,PRESENT,1,Num2_Value1,
d6063f2d-6671-4400-ab8b-296bff19bd6a,دتماد,total_assets,0,1,,,True,SOURCE_ABSENT,0,TotalAssets,D
d6063f2d-6671-4400-ab8b-296bff19bd6a,دتماد,current_assets,0,1,,,True,SOURCE_ABSENT,0,CurrentAssets,D
d6063f2d-6671-4400-ab8b-296bff19bd6a,دتماد,total_liabilities,0,1,,,True,SOURCE_ABSENT,0,TotalLiabilities,D
d6063f2d-6671-4400-ab8b-296bff19bd6a,دتماد,current_liabilities,0,1,,,True,SOURCE_ABSENT,0,CurrentLiabilities,D
d6063f2d-6671-4400-ab8b-296bff19bd6a,دتماد,total_equity,0,1,,,True,SOURCE_ABSENT,0,TotalEquity,D
d6063f2d-6671-4400-ab8b-296bff19bd6a,دتماد,operating_cash_flow,0,3,,False,True,SOURCE_ABSENT,0,OperatingCashFlow,D
d6063f2d-6671-4400-ab8b-296bff19bd6a,دتماد,finance_cost,0,1,,,True,SOURCE_ABSENT,0,FinanceCostsNew,D
d6063f2d-6671-4400-ab8b-296bff19bd6a,دتماد,other_non_operating,0,1,,,True,SOURCE_ABSENT,0,OtherNonOpNew,D
9de95ae2-a790-4050-bb29-e983b5c47d55,ساربیل,revenue,0,3,,False,True,SOURCE_ABSENT,0,RevenueNew,D
9de95ae2-a790-4050-bb29-e983b5c47d55,ساربیل,net_profit,0,3,,False,True,SOURCE_ABSENT,0,NetProfitAmount,D
9de95ae2-a790-4050-bb29-e983b5c47d55,ساربیل,operating_profit,29,3,2026-06-21,False,True,TTM_RECOVERABLE_REPORT_CHAIN,1,OperatingProfitNew,B
9de95ae2-a790-4050-bb29-e983b5c47d55,ساربیل,eps,29,3,2026-06-21,True,True,PRESENT,1,Num1_Value1,
9de95ae2-a790-4050-bb29-e983b5c47d55,ساربیل,capital,29,1,2026-06-21,,True,PRESENT,1,Num2_Value1,
9de95ae2-a790-4050-bb29-e983b5c47d55,ساربیل,total_assets,0,1,,,True,SOURCE_ABSENT,0,TotalAssets,D
9de95ae2-a790-4050-bb29-e983b5c47d55,ساربیل,current_assets,0,1,,,True,SOURCE_ABSENT,0,CurrentAssets,D
9de95ae2-a790-4050-bb29-e983b5c47d55,ساربیل,total_liabilities,0,1,,,True,SOURCE_ABSENT,0,TotalLiabilities,D
9de95ae2-a790-4050-bb29-e983b5c47d55,ساربیل,current_liabilities,0,1,,,True,SOURCE_ABSENT,0,CurrentLiabilities,D
9de95ae2-a790-4050-bb29-e983b5c47d55,ساربیل,total_equity,0,1,,,True,SOURCE_ABSENT,0,TotalEquity,D
9de95ae2-a790-4050-bb29-e983b5c47d55,ساربیل,operating_cash_flow,0,3,,False,True,SOURCE_ABSENT,0,OperatingCashFlow,D
9de95ae2-a790-4050-bb29-e983b5c47d55,ساربیل,finance_cost,0,1,,,True,SOURCE_ABSENT,0,FinanceCostsNew,D
9de95ae2-a790-4050-bb29-e983b5c47d55,ساربیل,other_non_operating,0,1,,,True,SOURCE_ABSENT,0,OtherNonOpNew,D
04a39bc5-53b1-45c5-b2dd-7530ff52c4e5,غدیس,revenue,0,3,,False,True,SOURCE_ABSENT,0,RevenueNew,D
04a39bc5-53b1-45c5-b2dd-7530ff52c4e5,غدیس,net_profit,0,3,,False,True,SOURCE_ABSENT,0,NetProfitAmount,D
04a39bc5-53b1-45c5-b2dd-7530ff52c4e5,غدیس,operating_profit,27,3,2026-06-21,False,True,TTM_RECOVERABLE_REPORT_CHAIN,1,OperatingProfitNew,B
04a39bc5-53b1-45c5-b2dd-7530ff52c4e5,غدیس,eps,27,3,2026-06-21,True,True,PRESENT,1,Num1_Value1,
04a39bc5-53b1-45c5-b2dd-7530ff52c4e5,غدیس,capital,27,1,2026-06-21,,True,PRESENT,1,Num2_Value1,
04a39bc5-53b1-45c5-b2dd-7530ff52c4e5,غدیس,total_assets,0,1,,,True,SOURCE_ABSENT,0,TotalAssets,D
04a39bc5-53b1-45c5-b2dd-7530ff52c4e5,غدیس,current_assets,0,1,,,True,SOURCE_ABSENT,0,CurrentAssets,D
04a39bc5-53b1-45c5-b2dd-7530ff52c4e5,غدیس,total_liabilities,0,1,,,True,SOURCE_ABSENT,0,TotalLiabilities,D
04a39bc5-53b1-45c5-b2dd-7530ff52c4e5,غدیس,current_liabilities,0,1,,,True,SOURCE_ABSENT,0,CurrentLiabilities,D
04a39bc5-53b1-45c5-b2dd-7530ff52c4e5,غدیس,total_equity,0,1,,,True,SOURCE_ABSENT,0,TotalEquity,D
04a39bc5-53b1-45c5-b2dd-7530ff52c4e5,غدیس,operating_cash_flow,0,3,,False,True,SOURCE_ABSENT,0,OperatingCashFlow,D
04a39bc5-53b1-45c5-b2dd-7530ff52c4e5,غدیس,finance_cost,0,1,,,True,SOURCE_ABSENT,0,FinanceCostsNew,D
04a39bc5-53b1-45c5-b2dd-7530ff52c4e5,غدیس,other_non_operating,0,1,,,True,SOURCE_ABSENT,0,OtherNonOpNew,D
2724d89a-80a3-4a06-abf8-b0e8828ebcc3,شوینده,revenue,1,3,2026-06-21,False,True,INSUFFICIENT_TTM_PERIODS,1,RevenueNew,C
2724d89a-80a3-4a06-abf8-b0e8828ebcc3,شوینده,net_profit,0,3,,False,True,SOURCE_ABSENT,0,NetProfitAmount,D
2724d89a-80a3-4a06-abf8-b0e8828ebcc3,شوینده,operating_profit,7,3,2026-06-21,False,True,TTM_RECOVERABLE_REPORT_CHAIN,1,OperatingProfitNew,B
2724d89a-80a3-4a06-abf8-b0e8828ebcc3,شوینده,eps,7,3,2026-06-21,True,True,PRESENT,1,Num1_Value1,
2724d89a-80a3-4a06-abf8-b0e8828ebcc3,شوینده,capital,7,1,2026-06-21,,True,PRESENT,1,Num2_Value1,
2724d89a-80a3-4a06-abf8-b0e8828ebcc3,شوینده,total_assets,0,1,,,True,SOURCE_ABSENT,0,TotalAssets,D
2724d89a-80a3-4a06-abf8-b0e8828ebcc3,شوینده,current_assets,0,1,,,True,SOURCE_ABSENT,0,CurrentAssets,D
2724d89a-80a3-4a06-abf8-b0e8828ebcc3,شوینده,total_liabilities,0,1,,,True,SOURCE_ABSENT,0,TotalLiabilities,D
2724d89a-80a3-4a06-abf8-b0e8828ebcc3,شوینده,current_liabilities,0,1,,,True,SOURCE_ABSENT,0,CurrentLiabilities,D
2724d89a-80a3-4a06-abf8-b0e8828ebcc3,شوینده,total_equity,0,1,,,True,SOURCE_ABSENT,0,TotalEquity,D
2724d89a-80a3-4a06-abf8-b0e8828ebcc3,شوینده,operating_cash_flow,0,3,,False,True,SOURCE_ABSENT,0,OperatingCashFlow,D
2724d89a-80a3-4a06-abf8-b0e8828ebcc3,شوینده,finance_cost,1,1,2026-06-21,,True,PRESENT,1,FinanceCostsNew,
2724d89a-80a3-4a06-abf8-b0e8828ebcc3,شوینده,other_non_operating,1,1,2026-06-21,,True,PRESENT,1,OtherNonOpNew,
b9fb9258-4b25-4cd2-b2c0-8dc9ed5e384b,غاذر,revenue,28,3,2026-06-21,True,True,PRESENT,1,RevenueNew,
b9fb9258-4b25-4cd2-b2c0-8dc9ed5e384b,غاذر,net_profit,28,3,2026-06-21,True,True,PRESENT,1,NetProfitAmount,
b9fb9258-4b25-4cd2-b2c0-8dc9ed5e384b,غاذر,operating_profit,28,3,2026-06-21,True,True,PRESENT,1,OperatingProfitNew,
b9fb9258-4b25-4cd2-b2c0-8dc9ed5e384b,غاذر,eps,28,3,2026-06-21,True,True,PRESENT,1,Num1_Value1,
b9fb9258-4b25-4cd2-b2c0-8dc9ed5e384b,غاذر,capital,28,1,2026-06-21,,True,PRESENT,1,Num2_Value1,
b9fb9258-4b25-4cd2-b2c0-8dc9ed5e384b,غاذر,total_assets,28,1,2026-06-21,,True,PRESENT,1,TotalAssets,
b9fb9258-4b25-4cd2-b2c0-8dc9ed5e384b,غاذر,current_assets,28,1,2026-06-21,,True,PRESENT,1,CurrentAssets,
b9fb9258-4b25-4cd2-b2c0-8dc9ed5e384b,غاذر,total_liabilities,28,1,2026-06-21,,True,PRESENT,1,TotalLiabilities,
b9fb9258-4b25-4cd2-b2c0-8dc9ed5e384b,غاذر,current_liabilities,28,1,2026-06-21,,True,PRESENT,1,CurrentLiabilities,
b9fb9258-4b25-4cd2-b2c0-8dc9ed5e384b,غاذر,total_equity,28,1,2026-06-21,,True,PRESENT,1,TotalEquity,
b9fb9258-4b25-4cd2-b2c0-8dc9ed5e384b,غاذر,operating_cash_flow,28,3,2026-06-21,True,True,PRESENT,1,OperatingCashFlow,
b9fb9258-4b25-4cd2-b2c0-8dc9ed5e384b,غاذر,finance_cost,28,1,2026-06-21,,True,PRESENT,1,FinanceCostsNew,
b9fb9258-4b25-4cd2-b2c0-8dc9ed5e384b,غاذر,other_non_operating,28,1,2026-06-21,,True,PRESENT,1,OtherNonOpNew,
3935dd3a-8346-41cb-85f5-e034bba5e72b,شبندر,revenue,1,3,2026-06-21,True,True,PRESENT,1,RevenueNew,
3935dd3a-8346-41cb-85f5-e034bba5e72b,شبندر,net_profit,1,3,2026-06-21,True,True,PRESENT,1,NetProfitAmount,
3935dd3a-8346-41cb-85f5-e034bba5e72b,شبندر,operating_profit,27,3,2026-06-21,True,True,PRESENT,1,OperatingProfitNew,
3935dd3a-8346-41cb-85f5-e034bba5e72b,شبندر,eps,27,3,2026-06-21,True,True,PRESENT,1,Num1_Value1,
3935dd3a-8346-41cb-85f5-e034bba5e72b,شبندر,capital,27,1,2026-06-21,,True,PRESENT,1,Num2_Value1,
3935dd3a-8346-41cb-85f5-e034bba5e72b,شبندر,total_assets,1,1,2026-06-21,,True,PRESENT,1,TotalAssets,
3935dd3a-8346-41cb-85f5-e034bba5e72b,شبندر,current_assets,1,1,2026-06-21,,True,PRESENT,1,CurrentAssets,
3935dd3a-8346-41cb-85f5-e034bba5e72b,شبندر,total_liabilities,1,1,2026-06-21,,True,PRESENT,1,TotalLiabilities,
3935dd3a-8346-41cb-85f5-e034bba5e72b,شبندر,current_liabilities,1,1,2026-06-21,,True,PRESENT,1,CurrentLiabilities,
3935dd3a-8346-41cb-85f5-e034bba5e72b,شبندر,total_equity,1,1,2026-06-21,,True,PRESENT,1,TotalEquity,
3935dd3a-8346-41cb-85f5-e034bba5e72b,شبندر,operating_cash_flow,1,3,2026-06-21,True,True,PRESENT,1,OperatingCashFlow,
3935dd3a-8346-41cb-85f5-e034bba5e72b,شبندر,finance_cost,1,1,2026-06-21,,True,PRESENT,1,FinanceCostsNew,
3935dd3a-8346-41cb-85f5-e034bba5e72b,شبندر,other_non_operating,1,1,2026-06-21,,True,PRESENT,1,OtherNonOpNew,
28145ccd-d2bd-434f-b935-454d1740ec75,حفارس,revenue,1,3,2026-06-21,True,True,PRESENT,1,RevenueNew,
28145ccd-d2bd-434f-b935-454d1740ec75,حفارس,net_profit,1,3,2026-06-21,True,True,PRESENT,1,NetProfitAmount,
28145ccd-d2bd-434f-b935-454d1740ec75,حفارس,operating_profit,25,3,2026-06-21,True,True,PRESENT,1,OperatingProfitNew,
28145ccd-d2bd-434f-b935-454d1740ec75,حفارس,eps,25,3,2026-06-21,True,True,PRESENT,1,Num1_Value1,
28145ccd-d2bd-434f-b935-454d1740ec75,حفارس,capital,25,1,2026-06-21,,True,PRESENT,1,Num2_Value1,
28145ccd-d2bd-434f-b935-454d1740ec75,حفارس,total_assets,1,1,2026-06-21,,True,PRESENT,1,TotalAssets,
28145ccd-d2bd-434f-b935-454d1740ec75,حفارس,current_assets,1,1,2026-06-21,,True,PRESENT,1,CurrentAssets,
28145ccd-d2bd-434f-b935-454d1740ec75,حفارس,total_liabilities,1,1,2026-06-21,,True,PRESENT,1,TotalLiabilities,
28145ccd-d2bd-434f-b935-454d1740ec75,حفارس,current_liabilities,1,1,2026-06-21,,True,PRESENT,1,CurrentLiabilities,
28145ccd-d2bd-434f-b935-454d1740ec75,حفارس,total_equity,1,1,2026-06-21,,True,PRESENT,1,TotalEquity,
28145ccd-d2bd-434f-b935-454d1740ec75,حفارس,operating_cash_flow,1,3,2026-06-21,True,True,PRESENT,1,OperatingCashFlow,
28145ccd-d2bd-434f-b935-454d1740ec75,حفارس,finance_cost,1,1,2026-06-21,,True,PRESENT,1,FinanceCostsNew,
28145ccd-d2bd-434f-b935-454d1740ec75,حفارس,other_non_operating,1,1,2026-06-21,,True,PRESENT,1,OtherNonOpNew,
7f80bee8-503d-46cc-9c8a-d410ee29972f,فملی,revenue,1,3,2026-06-21,True,True,PRESENT,1,RevenueNew,
7f80bee8-503d-46cc-9c8a-d410ee29972f,فملی,net_profit,1,3,2026-06-21,True,True,PRESENT,1,NetProfitAmount,
7f80bee8-503d-46cc-9c8a-d410ee29972f,فملی,operating_profit,27,3,2026-06-21,True,True,PRESENT,1,OperatingProfitNew,
7f80bee8-503d-46cc-9c8a-d410ee29972f,فملی,eps,27,3,2026-06-21,True,True,PRESENT,1,Num1_Value1,
7f80bee8-503d-46cc-9c8a-d410ee29972f,فملی,capital,27,1,2026-06-21,,True,PRESENT,1,Num2_Value1,
7f80bee8-503d-46cc-9c8a-d410ee29972f,فملی,total_assets,1,1,2026-06-21,,True,PRESENT,1,TotalAssets,
7f80bee8-503d-46cc-9c8a-d410ee29972f,فملی,current_assets,1,1,2026-06-21,,True,PRESENT,1,CurrentAssets,
7f80bee8-503d-46cc-9c8a-d410ee29972f,فملی,total_liabilities,1,1,2026-06-21,,True,PRESENT,1,TotalLiabilities,
7f80bee8-503d-46cc-9c8a-d410ee29972f,فملی,current_liabilities,1,1,2026-06-21,,True,PRESENT,1,CurrentLiabilities,
7f80bee8-503d-46cc-9c8a-d410ee29972f,فملی,total_equity,1,1,2026-06-21,,True,PRESENT,1,TotalEquity,
7f80bee8-503d-46cc-9c8a-d410ee29972f,فملی,operating_cash_flow,1,3,2026-06-21,True,True,PRESENT,1,OperatingCashFlow,
7f80bee8-503d-46cc-9c8a-d410ee29972f,فملی,finance_cost,1,1,2026-06-21,,True,PRESENT,1,FinanceCostsNew,
7f80bee8-503d-46cc-9c8a-d410ee29972f,فملی,other_non_operating,1,1,2026-06-21,,True,PRESENT,1,OtherNonOpNew,
c81865ec-fec8-4aa2-ab06-775d56dfb937,کگل,revenue,1,3,2026-06-21,True,True,PRESENT,1,RevenueNew,
c81865ec-fec8-4aa2-ab06-775d56dfb937,کگل,net_profit,1,3,2026-06-21,True,True,PRESENT,1,NetProfitAmount,
c81865ec-fec8-4aa2-ab06-775d56dfb937,کگل,operating_profit,28,3,2026-06-21,True,True,PRESENT,1,OperatingProfitNew,
c81865ec-fec8-4aa2-ab06-775d56dfb937,کگل,eps,28,3,2026-06-21,True,True,PRESENT,1,Num1_Value1,
c81865ec-fec8-4aa2-ab06-775d56dfb937,کگل,capital,28,1,2026-06-21,,True,PRESENT,1,Num2_Value1,
c81865ec-fec8-4aa2-ab06-775d56dfb937,کگل,total_assets,1,1,2026-06-21,,True,PRESENT,1,TotalAssets,
c81865ec-fec8-4aa2-ab06-775d56dfb937,کگل,current_assets,1,1,2026-06-21,,True,PRESENT,1,CurrentAssets,
c81865ec-fec8-4aa2-ab06-775d56dfb937,کگل,total_liabilities,1,1,2026-06-21,,True,PRESENT,1,TotalLiabilities,
c81865ec-fec8-4aa2-ab06-775d56dfb937,کگل,current_liabilities,1,1,2026-06-21,,True,PRESENT,1,CurrentLiabilities,
c81865ec-fec8-4aa2-ab06-775d56dfb937,کگل,total_equity,1,1,2026-06-21,,True,PRESENT,1,TotalEquity,
c81865ec-fec8-4aa2-ab06-775d56dfb937,کگل,operating_cash_flow,1,3,2026-06-21,True,True,PRESENT,1,OperatingCashFlow,
c81865ec-fec8-4aa2-ab06-775d56dfb937,کگل,finance_cost,1,1,2026-06-21,,True,PRESENT,1,FinanceCostsNew,
c81865ec-fec8-4aa2-ab06-775d56dfb937,کگل,other_non_operating,1,1,2026-06-21,,True,PRESENT,1,OtherNonOpNew,
5afe467f-4933-4498-9670-0276dbd1376f,شیران,revenue,2,3,2026-06-21,True,True,PRESENT,1,RevenueNew,
5afe467f-4933-4498-9670-0276dbd1376f,شیران,net_profit,1,3,2026-06-21,True,True,PRESENT,1,NetProfitAmount,
5afe467f-4933-4498-9670-0276dbd1376f,شیران,operating_profit,27,3,2026-06-21,True,True,PRESENT,1,OperatingProfitNew,
5afe467f-4933-4498-9670-0276dbd1376f,شیران,eps,27,3,2026-06-21,True,True,PRESENT,1,Num1_Value1,
5afe467f-4933-4498-9670-0276dbd1376f,شیران,capital,27,1,2026-06-21,,True,PRESENT,1,Num2_Value1,
5afe467f-4933-4498-9670-0276dbd1376f,شیران,total_assets,1,1,2026-06-21,,True,PRESENT,1,TotalAssets,
5afe467f-4933-4498-9670-0276dbd1376f,شیران,current_assets,1,1,2026-06-21,,True,PRESENT,1,CurrentAssets,
5afe467f-4933-4498-9670-0276dbd1376f,شیران,total_liabilities,1,1,2026-06-21,,True,PRESENT,1,TotalLiabilities,
5afe467f-4933-4498-9670-0276dbd1376f,شیران,current_liabilities,1,1,2026-06-21,,True,PRESENT,1,CurrentLiabilities,
5afe467f-4933-4498-9670-0276dbd1376f,شیران,total_equity,1,1,2026-06-21,,True,PRESENT,1,TotalEquity,
5afe467f-4933-4498-9670-0276dbd1376f,شیران,operating_cash_flow,1,3,2026-06-21,True,True,PRESENT,1,OperatingCashFlow,
5afe467f-4933-4498-9670-0276dbd1376f,شیران,finance_cost,2,1,2026-06-21,,True,PRESENT,1,FinanceCostsNew,
5afe467f-4933-4498-9670-0276dbd1376f,شیران,other_non_operating,2,1,2026-06-21,,True,PRESENT,1,OtherNonOpNew,
6ea3597b-7f4e-49c0-8145-cc305b719ddc,سرچشمه,revenue,0,3,,False,True,SOURCE_ABSENT,0,RevenueNew,D
6ea3597b-7f4e-49c0-8145-cc305b719ddc,سرچشمه,net_profit,0,3,,False,True,SOURCE_ABSENT,0,NetProfitAmount,D
6ea3597b-7f4e-49c0-8145-cc305b719ddc,سرچشمه,operating_profit,27,3,2026-06-21,False,True,TTM_RECOVERABLE_REPORT_CHAIN,1,OperatingProfitNew,B
6ea3597b-7f4e-49c0-8145-cc305b719ddc,سرچشمه,eps,27,3,2026-06-21,True,True,PRESENT,1,Num1_Value1,
6ea3597b-7f4e-49c0-8145-cc305b719ddc,سرچشمه,capital,27,1,2026-06-21,,True,PRESENT,1,Num2_Value1,
6ea3597b-7f4e-49c0-8145-cc305b719ddc,سرچشمه,total_assets,0,1,,,True,SOURCE_ABSENT,0,TotalAssets,D
6ea3597b-7f4e-49c0-8145-cc305b719ddc,سرچشمه,current_assets,0,1,,,True,SOURCE_ABSENT,0,CurrentAssets,D
6ea3597b-7f4e-49c0-8145-cc305b719ddc,سرچشمه,total_liabilities,0,1,,,True,SOURCE_ABSENT,0,TotalLiabilities,D
6ea3597b-7f4e-49c0-8145-cc305b719ddc,سرچشمه,current_liabilities,0,1,,,True,SOURCE_ABSENT,0,CurrentLiabilities,D
6ea3597b-7f4e-49c0-8145-cc305b719ddc,سرچشمه,total_equity,0,1,,,True,SOURCE_ABSENT,0,TotalEquity,D
6ea3597b-7f4e-49c0-8145-cc305b719ddc,سرچشمه,operating_cash_flow,0,3,,False,True,SOURCE_ABSENT,0,OperatingCashFlow,D
6ea3597b-7f4e-49c0-8145-cc305b719ddc,سرچشمه,finance_cost,0,1,,,True,SOURCE_ABSENT,0,FinanceCostsNew,D
6ea3597b-7f4e-49c0-8145-cc305b719ddc,سرچشمه,other_non_operating,0,1,,,True,SOURCE_ABSENT,0,OtherNonOpNew,D
299d99a4-5b3b-4458-aad8-76fcd65f91df,قشکر,revenue,0,3,,False,True,SOURCE_ABSENT,0,RevenueNew,D
299d99a4-5b3b-4458-aad8-76fcd65f91df,قشکر,net_profit,0,3,,False,True,SOURCE_ABSENT,0,NetProfitAmount,D
299d99a4-5b3b-4458-aad8-76fcd65f91df,قشکر,operating_profit,27,3,2026-03-20,True,True,PRESENT,1,OperatingProfitNew,
299d99a4-5b3b-4458-aad8-76fcd65f91df,قشکر,eps,27,3,2026-03-20,True,True,PRESENT,1,Num1_Value1,
299d99a4-5b3b-4458-aad8-76fcd65f91df,قشکر,capital,27,1,2026-03-20,,True,PRESENT,1,Num2_Value1,
299d99a4-5b3b-4458-aad8-76fcd65f91df,قشکر,total_assets,0,1,,,True,SOURCE_ABSENT,0,TotalAssets,D
299d99a4-5b3b-4458-aad8-76fcd65f91df,قشکر,current_assets,0,1,,,True,SOURCE_ABSENT,0,CurrentAssets,D
299d99a4-5b3b-4458-aad8-76fcd65f91df,قشکر,total_liabilities,0,1,,,True,SOURCE_ABSENT,0,TotalLiabilities,D
299d99a4-5b3b-4458-aad8-76fcd65f91df,قشکر,current_liabilities,0,1,,,True,SOURCE_ABSENT,0,CurrentLiabilities,D
299d99a4-5b3b-4458-aad8-76fcd65f91df,قشکر,total_equity,0,1,,,True,SOURCE_ABSENT,0,TotalEquity,D
299d99a4-5b3b-4458-aad8-76fcd65f91df,قشکر,operating_cash_flow,0,3,,False,True,SOURCE_ABSENT,0,OperatingCashFlow,D
299d99a4-5b3b-4458-aad8-76fcd65f91df,قشکر,finance_cost,0,1,,,True,SOURCE_ABSENT,0,FinanceCostsNew,D
299d99a4-5b3b-4458-aad8-76fcd65f91df,قشکر,other_non_operating,0,1,,,True,SOURCE_ABSENT,0,OtherNonOpNew,D
55455cb0-03da-4a83-9ca8-7786101b1d5d,زفجر,revenue,0,3,,False,True,SOURCE_ABSENT,0,RevenueNew,D
55455cb0-03da-4a83-9ca8-7786101b1d5d,زفجر,net_profit,0,3,,False,True,SOURCE_ABSENT,0,NetProfitAmount,D
55455cb0-03da-4a83-9ca8-7786101b1d5d,زفجر,operating_profit,23,3,2026-06-21,False,True,TTM_RECOVERABLE_REPORT_CHAIN,1,OperatingProfitNew,B
55455cb0-03da-4a83-9ca8-7786101b1d5d,زفجر,eps,23,3,2026-06-21,True,True,PRESENT,1,Num1_Value1,
55455cb0-03da-4a83-9ca8-7786101b1d5d,زفجر,capital,23,1,2026-06-21,,True,PRESENT,1,Num2_Value1,
55455cb0-03da-4a83-9ca8-7786101b1d5d,زفجر,total_assets,0,1,,,True,SOURCE_ABSENT,0,TotalAssets,D
55455cb0-03da-4a83-9ca8-7786101b1d5d,زفجر,current_assets,0,1,,,True,SOURCE_ABSENT,0,CurrentAssets,D
55455cb0-03da-4a83-9ca8-7786101b1d5d,زفجر,total_liabilities,0,1,,,True,SOURCE_ABSENT,0,TotalLiabilities,D
55455cb0-03da-4a83-9ca8-7786101b1d5d,زفجر,current_liabilities,0,1,,,True,SOURCE_ABSENT,0,CurrentLiabilities,D
55455cb0-03da-4a83-9ca8-7786101b1d5d,زفجر,total_equity,0,1,,,True,SOURCE_ABSENT,0,TotalEquity,D
55455cb0-03da-4a83-9ca8-7786101b1d5d,زفجر,operating_cash_flow,0,3,,False,True,SOURCE_ABSENT,0,OperatingCashFlow,D
55455cb0-03da-4a83-9ca8-7786101b1d5d,زفجر,finance_cost,0,1,,,True,SOURCE_ABSENT,0,FinanceCostsNew,D
55455cb0-03da-4a83-9ca8-7786101b1d5d,زفجر,other_non_operating,0,1,,,True,SOURCE_ABSENT,0,OtherNonOpNew,D
10050644-6c19-4b0c-a3be-627c38f06db3,حتاید,revenue,1,3,2026-06-21,False,True,INSUFFICIENT_TTM_PERIODS,1,RevenueNew,C
10050644-6c19-4b0c-a3be-627c38f06db3,حتاید,net_profit,0,3,,False,True,SOURCE_ABSENT,0,NetProfitAmount,D
10050644-6c19-4b0c-a3be-627c38f06db3,حتاید,operating_profit,26,3,2026-06-21,False,True,TTM_RECOVERABLE_REPORT_CHAIN,1,OperatingProfitNew,B
10050644-6c19-4b0c-a3be-627c38f06db3,حتاید,eps,26,3,2026-06-21,True,True,PRESENT,1,Num1_Value1,
10050644-6c19-4b0c-a3be-627c38f06db3,حتاید,capital,26,1,2026-06-21,,True,PRESENT,1,Num2_Value1,
10050644-6c19-4b0c-a3be-627c38f06db3,حتاید,total_assets,0,1,,,True,SOURCE_ABSENT,0,TotalAssets,D
10050644-6c19-4b0c-a3be-627c38f06db3,حتاید,current_assets,0,1,,,True,SOURCE_ABSENT,0,CurrentAssets,D
10050644-6c19-4b0c-a3be-627c38f06db3,حتاید,total_liabilities,0,1,,,True,SOURCE_ABSENT,0,TotalLiabilities,D
10050644-6c19-4b0c-a3be-627c38f06db3,حتاید,current_liabilities,0,1,,,True,SOURCE_ABSENT,0,CurrentLiabilities,D
10050644-6c19-4b0c-a3be-627c38f06db3,حتاید,total_equity,0,1,,,True,SOURCE_ABSENT,0,TotalEquity,D
10050644-6c19-4b0c-a3be-627c38f06db3,حتاید,operating_cash_flow,0,3,,False,True,SOURCE_ABSENT,0,OperatingCashFlow,D
10050644-6c19-4b0c-a3be-627c38f06db3,حتاید,finance_cost,1,1,2026-06-21,,True,PRESENT,1,FinanceCostsNew,
10050644-6c19-4b0c-a3be-627c38f06db3,حتاید,other_non_operating,1,1,2026-06-21,,True,PRESENT,1,OtherNonOpNew,
19d039eb-a0dc-4908-ae15-0c0d8623df85,فسبزوار,revenue,0,3,,False,True,SOURCE_ABSENT,0,RevenueNew,D
19d039eb-a0dc-4908-ae15-0c0d8623df85,فسبزوار,net_profit,0,3,,False,True,SOURCE_ABSENT,0,NetProfitAmount,D
19d039eb-a0dc-4908-ae15-0c0d8623df85,فسبزوار,operating_profit,22,3,2026-06-21,False,True,TTM_RECOVERABLE_REPORT_CHAIN,1,OperatingProfitNew,B
19d039eb-a0dc-4908-ae15-0c0d8623df85,فسبزوار,eps,22,3,2026-06-21,True,True,PRESENT,1,Num1_Value1,
19d039eb-a0dc-4908-ae15-0c0d8623df85,فسبزوار,capital,22,1,2026-06-21,,True,PRESENT,1,Num2_Value1,
19d039eb-a0dc-4908-ae15-0c0d8623df85,فسبزوار,total_assets,0,1,,,True,SOURCE_ABSENT,0,TotalAssets,D
19d039eb-a0dc-4908-ae15-0c0d8623df85,فسبزوار,current_assets,0,1,,,True,SOURCE_ABSENT,0,CurrentAssets,D
19d039eb-a0dc-4908-ae15-0c0d8623df85,فسبزوار,total_liabilities,0,1,,,True,SOURCE_ABSENT,0,TotalLiabilities,D
19d039eb-a0dc-4908-ae15-0c0d8623df85,فسبزوار,current_liabilities,0,1,,,True,SOURCE_ABSENT,0,CurrentLiabilities,D
19d039eb-a0dc-4908-ae15-0c0d8623df85,فسبزوار,total_equity,0,1,,,True,SOURCE_ABSENT,0,TotalEquity,D
19d039eb-a0dc-4908-ae15-0c0d8623df85,فسبزوار,operating_cash_flow,0,3,,False,True,SOURCE_ABSENT,0,OperatingCashFlow,D
19d039eb-a0dc-4908-ae15-0c0d8623df85,فسبزوار,finance_cost,0,1,,,True,SOURCE_ABSENT,0,FinanceCostsNew,D
19d039eb-a0dc-4908-ae15-0c0d8623df85,فسبزوار,other_non_operating,0,1,,,True,SOURCE_ABSENT,0,OtherNonOpNew,D
3c363c84-8a26-48c6-8943-22842ca2a95c,توریل,revenue,0,3,,False,True,SOURCE_ABSENT,0,RevenueNew,D
3c363c84-8a26-48c6-8943-22842ca2a95c,توریل,net_profit,0,3,,False,True,SOURCE_ABSENT,0,NetProfitAmount,D
3c363c84-8a26-48c6-8943-22842ca2a95c,توریل,operating_profit,28,3,2026-06-21,False,True,TTM_RECOVERABLE_REPORT_CHAIN,1,OperatingProfitNew,B
3c363c84-8a26-48c6-8943-22842ca2a95c,توریل,eps,28,3,2026-06-21,True,True,PRESENT,1,Num1_Value1,
3c363c84-8a26-48c6-8943-22842ca2a95c,توریل,capital,28,1,2026-06-21,,True,PRESENT,1,Num2_Value1,
3c363c84-8a26-48c6-8943-22842ca2a95c,توریل,total_assets,0,1,,,True,SOURCE_ABSENT,0,TotalAssets,D
3c363c84-8a26-48c6-8943-22842ca2a95c,توریل,current_assets,0,1,,,True,SOURCE_ABSENT,0,CurrentAssets,D
3c363c84-8a26-48c6-8943-22842ca2a95c,توریل,total_liabilities,0,1,,,True,SOURCE_ABSENT,0,TotalLiabilities,D
3c363c84-8a26-48c6-8943-22842ca2a95c,توریل,current_liabilities,0,1,,,True,SOURCE_ABSENT,0,CurrentLiabilities,D
3c363c84-8a26-48c6-8943-22842ca2a95c,توریل,total_equity,0,1,,,True,SOURCE_ABSENT,0,TotalEquity,D
3c363c84-8a26-48c6-8943-22842ca2a95c,توریل,operating_cash_flow,0,3,,False,True,SOURCE_ABSENT,0,OperatingCashFlow,D
3c363c84-8a26-48c6-8943-22842ca2a95c,توریل,finance_cost,0,1,,,True,SOURCE_ABSENT,0,FinanceCostsNew,D
3c363c84-8a26-48c6-8943-22842ca2a95c,توریل,other_non_operating,0,1,,,True,SOURCE_ABSENT,0,OtherNonOpNew,D
9bb03c0c-0993-4174-baed-3c5e7047d031,غویتا,revenue,1,3,2026-06-21,True,True,PRESENT,1,RevenueNew,
9bb03c0c-0993-4174-baed-3c5e7047d031,غویتا,net_profit,1,3,2026-06-21,True,True,PRESENT,1,NetProfitAmount,
9bb03c0c-0993-4174-baed-3c5e7047d031,غویتا,operating_profit,27,3,2026-06-21,True,True,PRESENT,1,OperatingProfitNew,
9bb03c0c-0993-4174-baed-3c5e7047d031,غویتا,eps,27,3,2026-06-21,True,True,PRESENT,1,Num1_Value1,
9bb03c0c-0993-4174-baed-3c5e7047d031,غویتا,capital,27,1,2026-06-21,,True,PRESENT,1,Num2_Value1,
9bb03c0c-0993-4174-baed-3c5e7047d031,غویتا,total_assets,1,1,2026-06-21,,True,PRESENT,1,TotalAssets,
9bb03c0c-0993-4174-baed-3c5e7047d031,غویتا,current_assets,1,1,2026-06-21,,True,PRESENT,1,CurrentAssets,
9bb03c0c-0993-4174-baed-3c5e7047d031,غویتا,total_liabilities,1,1,2026-06-21,,True,PRESENT,1,TotalLiabilities,
9bb03c0c-0993-4174-baed-3c5e7047d031,غویتا,current_liabilities,1,1,2026-06-21,,True,PRESENT,1,CurrentLiabilities,
9bb03c0c-0993-4174-baed-3c5e7047d031,غویتا,total_equity,1,1,2026-06-21,,True,PRESENT,1,TotalEquity,
9bb03c0c-0993-4174-baed-3c5e7047d031,غویتا,operating_cash_flow,1,3,2026-06-21,True,True,PRESENT,1,OperatingCashFlow,
9bb03c0c-0993-4174-baed-3c5e7047d031,غویتا,finance_cost,1,1,2026-06-21,,True,PRESENT,1,FinanceCostsNew,
9bb03c0c-0993-4174-baed-3c5e7047d031,غویتا,other_non_operating,1,1,2026-06-21,,True,PRESENT,1,OtherNonOpNew,
b478e266-a8d0-49b5-be92-60d4fd9e796f,خدیزل,revenue,0,3,,False,True,SOURCE_ABSENT,0,RevenueNew,D
b478e266-a8d0-49b5-be92-60d4fd9e796f,خدیزل,net_profit,0,3,,False,True,SOURCE_ABSENT,0,NetProfitAmount,D
b478e266-a8d0-49b5-be92-60d4fd9e796f,خدیزل,operating_profit,27,3,2026-03-20,True,True,PRESENT,1,OperatingProfitNew,
b478e266-a8d0-49b5-be92-60d4fd9e796f,خدیزل,eps,27,3,2026-03-20,True,True,PRESENT,1,Num1_Value1,
b478e266-a8d0-49b5-be92-60d4fd9e796f,خدیزل,capital,27,1,2026-03-20,,True,PRESENT,1,Num2_Value1,
b478e266-a8d0-49b5-be92-60d4fd9e796f,خدیزل,total_assets,0,1,,,True,SOURCE_ABSENT,0,TotalAssets,D
b478e266-a8d0-49b5-be92-60d4fd9e796f,خدیزل,current_assets,0,1,,,True,SOURCE_ABSENT,0,CurrentAssets,D
b478e266-a8d0-49b5-be92-60d4fd9e796f,خدیزل,total_liabilities,0,1,,,True,SOURCE_ABSENT,0,TotalLiabilities,D
b478e266-a8d0-49b5-be92-60d4fd9e796f,خدیزل,current_liabilities,0,1,,,True,SOURCE_ABSENT,0,CurrentLiabilities,D
b478e266-a8d0-49b5-be92-60d4fd9e796f,خدیزل,total_equity,0,1,,,True,SOURCE_ABSENT,0,TotalEquity,D
b478e266-a8d0-49b5-be92-60d4fd9e796f,خدیزل,operating_cash_flow,0,3,,False,True,SOURCE_ABSENT,0,OperatingCashFlow,D
b478e266-a8d0-49b5-be92-60d4fd9e796f,خدیزل,finance_cost,0,1,,,True,SOURCE_ABSENT,0,FinanceCostsNew,D
b478e266-a8d0-49b5-be92-60d4fd9e796f,خدیزل,other_non_operating,0,1,,,True,SOURCE_ABSENT,0,OtherNonOpNew,D
907726df-b454-49b0-a6b1-d2cd83440bd0,تپسی,revenue,1,3,2026-06-21,True,True,PRESENT,1,RevenueNew,
907726df-b454-49b0-a6b1-d2cd83440bd0,تپسی,net_profit,1,3,2026-06-21,True,True,PRESENT,1,NetProfitAmount,
907726df-b454-49b0-a6b1-d2cd83440bd0,تپسی,operating_profit,19,3,2026-06-21,True,True,PRESENT,1,OperatingProfitNew,
907726df-b454-49b0-a6b1-d2cd83440bd0,تپسی,eps,19,3,2026-06-21,True,True,PRESENT,1,Num1_Value1,
907726df-b454-49b0-a6b1-d2cd83440bd0,تپسی,capital,19,1,2026-06-21,,True,PRESENT,1,Num2_Value1,
907726df-b454-49b0-a6b1-d2cd83440bd0,تپسی,total_assets,1,1,2026-06-21,,True,PRESENT,1,TotalAssets,
907726df-b454-49b0-a6b1-d2cd83440bd0,تپسی,current_assets,1,1,2026-06-21,,True,PRESENT,1,CurrentAssets,
907726df-b454-49b0-a6b1-d2cd83440bd0,تپسی,total_liabilities,1,1,2026-06-21,,True,PRESENT,1,TotalLiabilities,
907726df-b454-49b0-a6b1-d2cd83440bd0,تپسی,current_liabilities,1,1,2026-06-21,,True,PRESENT,1,CurrentLiabilities,
907726df-b454-49b0-a6b1-d2cd83440bd0,تپسی,total_equity,1,1,2026-06-21,,True,PRESENT,1,TotalEquity,
907726df-b454-49b0-a6b1-d2cd83440bd0,تپسی,operating_cash_flow,1,3,2026-06-21,True,True,PRESENT,1,OperatingCashFlow,
907726df-b454-49b0-a6b1-d2cd83440bd0,تپسی,finance_cost,1,1,2026-06-21,,True,PRESENT,1,FinanceCostsNew,
907726df-b454-49b0-a6b1-d2cd83440bd0,تپسی,other_non_operating,1,1,2026-06-21,,True,PRESENT,1,OtherNonOpNew,
89bfa0d8-db72-4298-b7cb-166c0304b58d,کرماشا,revenue,1,3,2026-06-21,True,True,PRESENT,1,RevenueNew,
89bfa0d8-db72-4298-b7cb-166c0304b58d,کرماشا,net_profit,1,3,2026-06-21,True,True,PRESENT,1,NetProfitAmount,
89bfa0d8-db72-4298-b7cb-166c0304b58d,کرماشا,operating_profit,27,3,2026-06-21,True,True,PRESENT,1,OperatingProfitNew,
89bfa0d8-db72-4298-b7cb-166c0304b58d,کرماشا,eps,27,3,2026-06-21,True,True,PRESENT,1,Num1_Value1,
89bfa0d8-db72-4298-b7cb-166c0304b58d,کرماشا,capital,27,1,2026-06-21,,True,PRESENT,1,Num2_Value1,
89bfa0d8-db72-4298-b7cb-166c0304b58d,کرماشا,total_assets,1,1,2026-06-21,,True,PRESENT,1,TotalAssets,
89bfa0d8-db72-4298-b7cb-166c0304b58d,کرماشا,current_assets,1,1,2026-06-21,,True,PRESENT,1,CurrentAssets,
89bfa0d8-db72-4298-b7cb-166c0304b58d,کرماشا,total_liabilities,1,1,2026-06-21,,True,PRESENT,1,TotalLiabilities,
89bfa0d8-db72-4298-b7cb-166c0304b58d,کرماشا,current_liabilities,1,1,2026-06-21,,True,PRESENT,1,CurrentLiabilities,
89bfa0d8-db72-4298-b7cb-166c0304b58d,کرماشا,total_equity,1,1,2026-06-21,,True,PRESENT,1,TotalEquity,
89bfa0d8-db72-4298-b7cb-166c0304b58d,کرماشا,operating_cash_flow,1,3,2026-06-21,True,True,PRESENT,1,OperatingCashFlow,
89bfa0d8-db72-4298-b7cb-166c0304b58d,کرماشا,finance_cost,1,1,2026-06-21,,True,PRESENT,1,FinanceCostsNew,
89bfa0d8-db72-4298-b7cb-166c0304b58d,کرماشا,other_non_operating,1,1,2026-06-21,,True,PRESENT,1,OtherNonOpNew,
1c4e4dc1-e889-4d37-ba14-d369d5d6c79b,فاذر,revenue,1,3,2026-06-21,False,True,INSUFFICIENT_TTM_PERIODS,1,RevenueNew,C
1c4e4dc1-e889-4d37-ba14-d369d5d6c79b,فاذر,net_profit,0,3,,False,True,SOURCE_ABSENT,0,NetProfitAmount,D
1c4e4dc1-e889-4d37-ba14-d369d5d6c79b,فاذر,operating_profit,27,3,2026-06-21,False,True,TTM_RECOVERABLE_REPORT_CHAIN,1,OperatingProfitNew,B
1c4e4dc1-e889-4d37-ba14-d369d5d6c79b,فاذر,eps,27,3,2026-06-21,True,True,PRESENT,1,Num1_Value1,
1c4e4dc1-e889-4d37-ba14-d369d5d6c79b,فاذر,capital,27,1,2026-06-21,,True,PRESENT,1,Num2_Value1,
1c4e4dc1-e889-4d37-ba14-d369d5d6c79b,فاذر,total_assets,0,1,,,True,SOURCE_ABSENT,0,TotalAssets,D
1c4e4dc1-e889-4d37-ba14-d369d5d6c79b,فاذر,current_assets,0,1,,,True,SOURCE_ABSENT,0,CurrentAssets,D
1c4e4dc1-e889-4d37-ba14-d369d5d6c79b,فاذر,total_liabilities,0,1,,,True,SOURCE_ABSENT,0,TotalLiabilities,D
1c4e4dc1-e889-4d37-ba14-d369d5d6c79b,فاذر,current_liabilities,0,1,,,True,SOURCE_ABSENT,0,CurrentLiabilities,D
1c4e4dc1-e889-4d37-ba14-d369d5d6c79b,فاذر,total_equity,0,1,,,True,SOURCE_ABSENT,0,TotalEquity,D
1c4e4dc1-e889-4d37-ba14-d369d5d6c79b,فاذر,operating_cash_flow,0,3,,False,True,SOURCE_ABSENT,0,OperatingCashFlow,D
1c4e4dc1-e889-4d37-ba14-d369d5d6c79b,فاذر,finance_cost,1,1,2026-06-21,,True,PRESENT,1,FinanceCostsNew,
1c4e4dc1-e889-4d37-ba14-d369d5d6c79b,فاذر,other_non_operating,1,1,2026-06-21,,True,PRESENT,1,OtherNonOpNew,
831fcb23-f475-4c1b-9ba0-192fb03e76ed,شیراز,revenue,0,3,,False,True,SOURCE_ABSENT,0,RevenueNew,D
831fcb23-f475-4c1b-9ba0-192fb03e76ed,شیراز,net_profit,0,3,,False,True,SOURCE_ABSENT,0,NetProfitAmount,D
831fcb23-f475-4c1b-9ba0-192fb03e76ed,شیراز,operating_profit,27,3,2026-03-20,True,True,PRESENT,1,OperatingProfitNew,
831fcb23-f475-4c1b-9ba0-192fb03e76ed,شیراز,eps,27,3,2026-03-20,True,True,PRESENT,1,Num1_Value1,
831fcb23-f475-4c1b-9ba0-192fb03e76ed,شیراز,capital,27,1,2026-03-20,,True,PRESENT,1,Num2_Value1,
831fcb23-f475-4c1b-9ba0-192fb03e76ed,شیراز,total_assets,0,1,,,True,SOURCE_ABSENT,0,TotalAssets,D
831fcb23-f475-4c1b-9ba0-192fb03e76ed,شیراز,current_assets,0,1,,,True,SOURCE_ABSENT,0,CurrentAssets,D
831fcb23-f475-4c1b-9ba0-192fb03e76ed,شیراز,total_liabilities,0,1,,,True,SOURCE_ABSENT,0,TotalLiabilities,D
831fcb23-f475-4c1b-9ba0-192fb03e76ed,شیراز,current_liabilities,0,1,,,True,SOURCE_ABSENT,0,CurrentLiabilities,D
831fcb23-f475-4c1b-9ba0-192fb03e76ed,شیراز,total_equity,0,1,,,True,SOURCE_ABSENT,0,TotalEquity,D
831fcb23-f475-4c1b-9ba0-192fb03e76ed,شیراز,operating_cash_flow,0,3,,False,True,SOURCE_ABSENT,0,OperatingCashFlow,D
831fcb23-f475-4c1b-9ba0-192fb03e76ed,شیراز,finance_cost,0,1,,,True,SOURCE_ABSENT,0,FinanceCostsNew,D
831fcb23-f475-4c1b-9ba0-192fb03e76ed,شیراز,other_non_operating,0,1,,,True,SOURCE_ABSENT,0,OtherNonOpNew,D
aa481edd-94f1-4d63-af3f-908a97c8871f,خمحرکه,revenue,0,3,,False,True,SOURCE_ABSENT,0,RevenueNew,D
aa481edd-94f1-4d63-af3f-908a97c8871f,خمحرکه,net_profit,0,3,,False,True,SOURCE_ABSENT,0,NetProfitAmount,D
aa481edd-94f1-4d63-af3f-908a97c8871f,خمحرکه,operating_profit,28,3,2026-06-21,False,True,TTM_RECOVERABLE_REPORT_CHAIN,1,OperatingProfitNew,B
aa481edd-94f1-4d63-af3f-908a97c8871f,خمحرکه,eps,28,3,2026-06-21,True,True,PRESENT,1,Num1_Value1,
aa481edd-94f1-4d63-af3f-908a97c8871f,خمحرکه,capital,28,1,2026-06-21,,True,PRESENT,1,Num2_Value1,
aa481edd-94f1-4d63-af3f-908a97c8871f,خمحرکه,total_assets,0,1,,,True,SOURCE_ABSENT,0,TotalAssets,D
aa481edd-94f1-4d63-af3f-908a97c8871f,خمحرکه,current_assets,0,1,,,True,SOURCE_ABSENT,0,CurrentAssets,D
aa481edd-94f1-4d63-af3f-908a97c8871f,خمحرکه,total_liabilities,0,1,,,True,SOURCE_ABSENT,0,TotalLiabilities,D
aa481edd-94f1-4d63-af3f-908a97c8871f,خمحرکه,current_liabilities,0,1,,,True,SOURCE_ABSENT,0,CurrentLiabilities,D
aa481edd-94f1-4d63-af3f-908a97c8871f,خمحرکه,total_equity,0,1,,,True,SOURCE_ABSENT,0,TotalEquity,D
aa481edd-94f1-4d63-af3f-908a97c8871f,خمحرکه,operating_cash_flow,0,3,,False,True,SOURCE_ABSENT,0,OperatingCashFlow,D
aa481edd-94f1-4d63-af3f-908a97c8871f,خمحرکه,finance_cost,0,1,,,True,SOURCE_ABSENT,0,FinanceCostsNew,D
aa481edd-94f1-4d63-af3f-908a97c8871f,خمحرکه,other_non_operating,0,1,,,True,SOURCE_ABSENT,0,OtherNonOpNew,D
d1ae0534-f55f-4ba6-8a30-0036d4a225c1,قرن,revenue,1,3,2026-06-21,False,True,INSUFFICIENT_TTM_PERIODS,1,RevenueNew,C
d1ae0534-f55f-4ba6-8a30-0036d4a225c1,قرن,net_profit,0,3,,False,True,SOURCE_ABSENT,0,NetProfitAmount,D
d1ae0534-f55f-4ba6-8a30-0036d4a225c1,قرن,operating_profit,29,3,2026-06-21,False,True,TTM_RECOVERABLE_REPORT_CHAIN,1,OperatingProfitNew,B
d1ae0534-f55f-4ba6-8a30-0036d4a225c1,قرن,eps,29,3,2026-06-21,True,True,PRESENT,1,Num1_Value1,
d1ae0534-f55f-4ba6-8a30-0036d4a225c1,قرن,capital,29,1,2026-06-21,,True,PRESENT,1,Num2_Value1,
d1ae0534-f55f-4ba6-8a30-0036d4a225c1,قرن,total_assets,0,1,,,True,SOURCE_ABSENT,0,TotalAssets,D
d1ae0534-f55f-4ba6-8a30-0036d4a225c1,قرن,current_assets,0,1,,,True,SOURCE_ABSENT,0,CurrentAssets,D
d1ae0534-f55f-4ba6-8a30-0036d4a225c1,قرن,total_liabilities,0,1,,,True,SOURCE_ABSENT,0,TotalLiabilities,D
d1ae0534-f55f-4ba6-8a30-0036d4a225c1,قرن,current_liabilities,0,1,,,True,SOURCE_ABSENT,0,CurrentLiabilities,D
d1ae0534-f55f-4ba6-8a30-0036d4a225c1,قرن,total_equity,0,1,,,True,SOURCE_ABSENT,0,TotalEquity,D
d1ae0534-f55f-4ba6-8a30-0036d4a225c1,قرن,operating_cash_flow,0,3,,False,True,SOURCE_ABSENT,0,OperatingCashFlow,D
d1ae0534-f55f-4ba6-8a30-0036d4a225c1,قرن,finance_cost,1,1,2026-06-21,,True,PRESENT,1,FinanceCostsNew,
d1ae0534-f55f-4ba6-8a30-0036d4a225c1,قرن,other_non_operating,1,1,2026-06-21,,True,PRESENT,1,OtherNonOpNew,
59e163ef-c340-4f9f-af09-fa6242fe41cf,بمپنا,revenue,0,3,,False,True,SOURCE_ABSENT,0,RevenueNew,D
59e163ef-c340-4f9f-af09-fa6242fe41cf,بمپنا,net_profit,0,3,,False,True,SOURCE_ABSENT,0,NetProfitAmount,D
59e163ef-c340-4f9f-af09-fa6242fe41cf,بمپنا,operating_profit,25,3,2025-09-22,False,True,TTM_RECOVERABLE_REPORT_CHAIN,1,OperatingProfitNew,B
59e163ef-c340-4f9f-af09-fa6242fe41cf,بمپنا,eps,25,3,2025-09-22,True,True,PRESENT,1,Num1_Value1,
59e163ef-c340-4f9f-af09-fa6242fe41cf,بمپنا,capital,25,1,2025-09-22,,True,PRESENT,1,Num2_Value1,
59e163ef-c340-4f9f-af09-fa6242fe41cf,بمپنا,total_assets,0,1,,,True,SOURCE_ABSENT,0,TotalAssets,D
59e163ef-c340-4f9f-af09-fa6242fe41cf,بمپنا,current_assets,0,1,,,True,SOURCE_ABSENT,0,CurrentAssets,D
59e163ef-c340-4f9f-af09-fa6242fe41cf,بمپنا,total_liabilities,0,1,,,True,SOURCE_ABSENT,0,TotalLiabilities,D
59e163ef-c340-4f9f-af09-fa6242fe41cf,بمپنا,current_liabilities,0,1,,,True,SOURCE_ABSENT,0,CurrentLiabilities,D
59e163ef-c340-4f9f-af09-fa6242fe41cf,بمپنا,total_equity,0,1,,,True,SOURCE_ABSENT,0,TotalEquity,D
59e163ef-c340-4f9f-af09-fa6242fe41cf,بمپنا,operating_cash_flow,0,3,,False,True,SOURCE_ABSENT,0,OperatingCashFlow,D
59e163ef-c340-4f9f-af09-fa6242fe41cf,بمپنا,finance_cost,0,1,,,True,SOURCE_ABSENT,0,FinanceCostsNew,D
59e163ef-c340-4f9f-af09-fa6242fe41cf,بمپنا,other_non_operating,0,1,,,True,SOURCE_ABSENT,0,OtherNonOpNew,D
ffc50f05-b5b7-4056-b58f-f305178c4174,کیمیاتک,revenue,0,3,,False,True,SOURCE_ABSENT,0,RevenueNew,D
ffc50f05-b5b7-4056-b58f-f305178c4174,کیمیاتک,net_profit,0,3,,False,True,SOURCE_ABSENT,0,NetProfitAmount,D
ffc50f05-b5b7-4056-b58f-f305178c4174,کیمیاتک,operating_profit,24,3,2026-06-21,False,True,TTM_RECOVERABLE_REPORT_CHAIN,1,OperatingProfitNew,B
ffc50f05-b5b7-4056-b58f-f305178c4174,کیمیاتک,eps,24,3,2026-06-21,True,True,PRESENT,1,Num1_Value1,
ffc50f05-b5b7-4056-b58f-f305178c4174,کیمیاتک,capital,24,1,2026-06-21,,True,PRESENT,1,Num2_Value1,
ffc50f05-b5b7-4056-b58f-f305178c4174,کیمیاتک,total_assets,0,1,,,True,SOURCE_ABSENT,0,TotalAssets,D
ffc50f05-b5b7-4056-b58f-f305178c4174,کیمیاتک,current_assets,0,1,,,True,SOURCE_ABSENT,0,CurrentAssets,D
ffc50f05-b5b7-4056-b58f-f305178c4174,کیمیاتک,total_liabilities,0,1,,,True,SOURCE_ABSENT,0,TotalLiabilities,D
ffc50f05-b5b7-4056-b58f-f305178c4174,کیمیاتک,current_liabilities,0,1,,,True,SOURCE_ABSENT,0,CurrentLiabilities,D
ffc50f05-b5b7-4056-b58f-f305178c4174,کیمیاتک,total_equity,0,1,,,True,SOURCE_ABSENT,0,TotalEquity,D
ffc50f05-b5b7-4056-b58f-f305178c4174,کیمیاتک,operating_cash_flow,0,3,,False,True,SOURCE_ABSENT,0,OperatingCashFlow,D
ffc50f05-b5b7-4056-b58f-f305178c4174,کیمیاتک,finance_cost,0,1,,,True,SOURCE_ABSENT,0,FinanceCostsNew,D
ffc50f05-b5b7-4056-b58f-f305178c4174,کیمیاتک,other_non_operating,0,1,,,True,SOURCE_ABSENT,0,OtherNonOpNew,D
b2f2277b-1f16-4a42-a783-587d3b527ec0,دروز,revenue,0,3,,False,True,SOURCE_ABSENT,0,RevenueNew,D
b2f2277b-1f16-4a42-a783-587d3b527ec0,دروز,net_profit,0,3,,False,True,SOURCE_ABSENT,0,NetProfitAmount,D
b2f2277b-1f16-4a42-a783-587d3b527ec0,دروز,operating_profit,28,3,2026-06-21,False,True,TTM_RECOVERABLE_REPORT_CHAIN,1,OperatingProfitNew,B
b2f2277b-1f16-4a42-a783-587d3b527ec0,دروز,eps,28,3,2026-06-21,True,True,PRESENT,1,Num1_Value1,
b2f2277b-1f16-4a42-a783-587d3b527ec0,دروز,capital,28,1,2026-06-21,,True,PRESENT,1,Num2_Value1,
b2f2277b-1f16-4a42-a783-587d3b527ec0,دروز,total_assets,0,1,,,True,SOURCE_ABSENT,0,TotalAssets,D
b2f2277b-1f16-4a42-a783-587d3b527ec0,دروز,current_assets,0,1,,,True,SOURCE_ABSENT,0,CurrentAssets,D
b2f2277b-1f16-4a42-a783-587d3b527ec0,دروز,total_liabilities,0,1,,,True,SOURCE_ABSENT,0,TotalLiabilities,D
b2f2277b-1f16-4a42-a783-587d3b527ec0,دروز,current_liabilities,0,1,,,True,SOURCE_ABSENT,0,CurrentLiabilities,D
b2f2277b-1f16-4a42-a783-587d3b527ec0,دروز,total_equity,0,1,,,True,SOURCE_ABSENT,0,TotalEquity,D
b2f2277b-1f16-4a42-a783-587d3b527ec0,دروز,operating_cash_flow,0,3,,False,True,SOURCE_ABSENT,0,OperatingCashFlow,D
b2f2277b-1f16-4a42-a783-587d3b527ec0,دروز,finance_cost,0,1,,,True,SOURCE_ABSENT,0,FinanceCostsNew,D
b2f2277b-1f16-4a42-a783-587d3b527ec0,دروز,other_non_operating,0,1,,,True,SOURCE_ABSENT,0,OtherNonOpNew,D
ef03eb47-e718-4196-bddb-41322006a0d9,قصفها,revenue,0,3,,False,True,SOURCE_ABSENT,0,RevenueNew,D
ef03eb47-e718-4196-bddb-41322006a0d9,قصفها,net_profit,0,3,,False,True,SOURCE_ABSENT,0,NetProfitAmount,D
ef03eb47-e718-4196-bddb-41322006a0d9,قصفها,operating_profit,27,3,2026-03-20,True,True,PRESENT,1,OperatingProfitNew,
ef03eb47-e718-4196-bddb-41322006a0d9,قصفها,eps,27,3,2026-03-20,True,True,PRESENT,1,Num1_Value1,
ef03eb47-e718-4196-bddb-41322006a0d9,قصفها,capital,27,1,2026-03-20,,True,PRESENT,1,Num2_Value1,
ef03eb47-e718-4196-bddb-41322006a0d9,قصفها,total_assets,0,1,,,True,SOURCE_ABSENT,0,TotalAssets,D
ef03eb47-e718-4196-bddb-41322006a0d9,قصفها,current_assets,0,1,,,True,SOURCE_ABSENT,0,CurrentAssets,D
ef03eb47-e718-4196-bddb-41322006a0d9,قصفها,total_liabilities,0,1,,,True,SOURCE_ABSENT,0,TotalLiabilities,D
ef03eb47-e718-4196-bddb-41322006a0d9,قصفها,current_liabilities,0,1,,,True,SOURCE_ABSENT,0,CurrentLiabilities,D
ef03eb47-e718-4196-bddb-41322006a0d9,قصفها,total_equity,0,1,,,True,SOURCE_ABSENT,0,TotalEquity,D
ef03eb47-e718-4196-bddb-41322006a0d9,قصفها,operating_cash_flow,0,3,,False,True,SOURCE_ABSENT,0,OperatingCashFlow,D
ef03eb47-e718-4196-bddb-41322006a0d9,قصفها,finance_cost,0,1,,,True,SOURCE_ABSENT,0,FinanceCostsNew,D
ef03eb47-e718-4196-bddb-41322006a0d9,قصفها,other_non_operating,0,1,,,True,SOURCE_ABSENT,0,OtherNonOpNew,D
fa1ec7fd-8b16-4d87-ab0e-b5894b2a2914,رانفور,revenue,0,3,,False,True,SOURCE_ABSENT,0,RevenueNew,D
fa1ec7fd-8b16-4d87-ab0e-b5894b2a2914,رانفور,net_profit,0,3,,False,True,SOURCE_ABSENT,0,NetProfitAmount,D
fa1ec7fd-8b16-4d87-ab0e-b5894b2a2914,رانفور,operating_profit,27,3,2026-06-21,False,True,TTM_RECOVERABLE_REPORT_CHAIN,1,OperatingProfitNew,B
fa1ec7fd-8b16-4d87-ab0e-b5894b2a2914,رانفور,eps,27,3,2026-06-21,True,True,PRESENT,1,Num1_Value1,
fa1ec7fd-8b16-4d87-ab0e-b5894b2a2914,رانفور,capital,27,1,2026-06-21,,True,PRESENT,1,Num2_Value1,
fa1ec7fd-8b16-4d87-ab0e-b5894b2a2914,رانفور,total_assets,0,1,,,True,SOURCE_ABSENT,0,TotalAssets,D
fa1ec7fd-8b16-4d87-ab0e-b5894b2a2914,رانفور,current_assets,0,1,,,True,SOURCE_ABSENT,0,CurrentAssets,D
fa1ec7fd-8b16-4d87-ab0e-b5894b2a2914,رانفور,total_liabilities,0,1,,,True,SOURCE_ABSENT,0,TotalLiabilities,D
fa1ec7fd-8b16-4d87-ab0e-b5894b2a2914,رانفور,current_liabilities,0,1,,,True,SOURCE_ABSENT,0,CurrentLiabilities,D
fa1ec7fd-8b16-4d87-ab0e-b5894b2a2914,رانفور,total_equity,0,1,,,True,SOURCE_ABSENT,0,TotalEquity,D
fa1ec7fd-8b16-4d87-ab0e-b5894b2a2914,رانفور,operating_cash_flow,0,3,,False,True,SOURCE_ABSENT,0,OperatingCashFlow,D
fa1ec7fd-8b16-4d87-ab0e-b5894b2a2914,رانفور,finance_cost,0,1,,,True,SOURCE_ABSENT,0,FinanceCostsNew,D
fa1ec7fd-8b16-4d87-ab0e-b5894b2a2914,رانفور,other_non_operating,0,1,,,True,SOURCE_ABSENT,0,OtherNonOpNew,D
8cfe75c0-68c8-4b7b-ad05-a73c168cbffd,شدوص,revenue,0,3,,False,True,SOURCE_ABSENT,0,RevenueNew,D
8cfe75c0-68c8-4b7b-ad05-a73c168cbffd,شدوص,net_profit,0,3,,False,True,SOURCE_ABSENT,0,NetProfitAmount,D
8cfe75c0-68c8-4b7b-ad05-a73c168cbffd,شدوص,operating_profit,28,3,2026-06-21,False,True,TTM_RECOVERABLE_REPORT_CHAIN,1,OperatingProfitNew,B
8cfe75c0-68c8-4b7b-ad05-a73c168cbffd,شدوص,eps,28,3,2026-06-21,True,True,PRESENT,1,Num1_Value1,
8cfe75c0-68c8-4b7b-ad05-a73c168cbffd,شدوص,capital,28,1,2026-06-21,,True,PRESENT,1,Num2_Value1,
8cfe75c0-68c8-4b7b-ad05-a73c168cbffd,شدوص,total_assets,0,1,,,True,SOURCE_ABSENT,0,TotalAssets,D
8cfe75c0-68c8-4b7b-ad05-a73c168cbffd,شدوص,current_assets,0,1,,,True,SOURCE_ABSENT,0,CurrentAssets,D
8cfe75c0-68c8-4b7b-ad05-a73c168cbffd,شدوص,total_liabilities,0,1,,,True,SOURCE_ABSENT,0,TotalLiabilities,D
8cfe75c0-68c8-4b7b-ad05-a73c168cbffd,شدوص,current_liabilities,0,1,,,True,SOURCE_ABSENT,0,CurrentLiabilities,D
8cfe75c0-68c8-4b7b-ad05-a73c168cbffd,شدوص,total_equity,0,1,,,True,SOURCE_ABSENT,0,TotalEquity,D
8cfe75c0-68c8-4b7b-ad05-a73c168cbffd,شدوص,operating_cash_flow,0,3,,False,True,SOURCE_ABSENT,0,OperatingCashFlow,D
8cfe75c0-68c8-4b7b-ad05-a73c168cbffd,شدوص,finance_cost,0,1,,,True,SOURCE_ABSENT,0,FinanceCostsNew,D
8cfe75c0-68c8-4b7b-ad05-a73c168cbffd,شدوص,other_non_operating,0,1,,,True,SOURCE_ABSENT,0,OtherNonOpNew,D
ec7bd9e1-0a0e-47be-a1be-2804adfcf164,فولاژ,revenue,23,3,2026-06-21,False,True,TTM_RECOVERABLE_REPORT_CHAIN,1,RevenueNew,B
ec7bd9e1-0a0e-47be-a1be-2804adfcf164,فولاژ,net_profit,0,3,,False,True,SOURCE_ABSENT,0,NetProfitAmount,D
ec7bd9e1-0a0e-47be-a1be-2804adfcf164,فولاژ,operating_profit,23,3,2026-06-21,False,True,TTM_RECOVERABLE_REPORT_CHAIN,1,OperatingProfitNew,B
ec7bd9e1-0a0e-47be-a1be-2804adfcf164,فولاژ,eps,23,3,2026-06-21,True,True,PRESENT,1,Num1_Value1,
ec7bd9e1-0a0e-47be-a1be-2804adfcf164,فولاژ,capital,23,1,2026-06-21,,True,PRESENT,1,Num2_Value1,
ec7bd9e1-0a0e-47be-a1be-2804adfcf164,فولاژ,total_assets,0,1,,,True,SOURCE_ABSENT,0,TotalAssets,D
ec7bd9e1-0a0e-47be-a1be-2804adfcf164,فولاژ,current_assets,0,1,,,True,SOURCE_ABSENT,0,CurrentAssets,D
ec7bd9e1-0a0e-47be-a1be-2804adfcf164,فولاژ,total_liabilities,0,1,,,True,SOURCE_ABSENT,0,TotalLiabilities,D
ec7bd9e1-0a0e-47be-a1be-2804adfcf164,فولاژ,current_liabilities,0,1,,,True,SOURCE_ABSENT,0,CurrentLiabilities,D
ec7bd9e1-0a0e-47be-a1be-2804adfcf164,فولاژ,total_equity,0,1,,,True,SOURCE_ABSENT,0,TotalEquity,D
ec7bd9e1-0a0e-47be-a1be-2804adfcf164,فولاژ,operating_cash_flow,0,3,,False,True,SOURCE_ABSENT,0,OperatingCashFlow,D
ec7bd9e1-0a0e-47be-a1be-2804adfcf164,فولاژ,finance_cost,23,1,2026-06-21,,True,PRESENT,1,FinanceCostsNew,
ec7bd9e1-0a0e-47be-a1be-2804adfcf164,فولاژ,other_non_operating,23,1,2026-06-21,,True,PRESENT,1,OtherNonOpNew,
4bcf99ee-09a9-426a-b42c-62ec274e2dfa,فرآور,revenue,0,3,,False,True,SOURCE_ABSENT,0,RevenueNew,D
4bcf99ee-09a9-426a-b42c-62ec274e2dfa,فرآور,net_profit,0,3,,False,True,SOURCE_ABSENT,0,NetProfitAmount,D
4bcf99ee-09a9-426a-b42c-62ec274e2dfa,فرآور,operating_profit,27,3,2026-03-20,True,True,PRESENT,1,OperatingProfitNew,
4bcf99ee-09a9-426a-b42c-62ec274e2dfa,فرآور,eps,27,3,2026-03-20,True,True,PRESENT,1,Num1_Value1,
4bcf99ee-09a9-426a-b42c-62ec274e2dfa,فرآور,capital,27,1,2026-03-20,,True,PRESENT,1,Num2_Value1,
4bcf99ee-09a9-426a-b42c-62ec274e2dfa,فرآور,total_assets,0,1,,,True,SOURCE_ABSENT,0,TotalAssets,D
4bcf99ee-09a9-426a-b42c-62ec274e2dfa,فرآور,current_assets,0,1,,,True,SOURCE_ABSENT,0,CurrentAssets,D
4bcf99ee-09a9-426a-b42c-62ec274e2dfa,فرآور,total_liabilities,0,1,,,True,SOURCE_ABSENT,0,TotalLiabilities,D
4bcf99ee-09a9-426a-b42c-62ec274e2dfa,فرآور,current_liabilities,0,1,,,True,SOURCE_ABSENT,0,CurrentLiabilities,D
4bcf99ee-09a9-426a-b42c-62ec274e2dfa,فرآور,total_equity,0,1,,,True,SOURCE_ABSENT,0,TotalEquity,D
4bcf99ee-09a9-426a-b42c-62ec274e2dfa,فرآور,operating_cash_flow,0,3,,False,True,SOURCE_ABSENT,0,OperatingCashFlow,D
4bcf99ee-09a9-426a-b42c-62ec274e2dfa,فرآور,finance_cost,0,1,,,True,SOURCE_ABSENT,0,FinanceCostsNew,D
4bcf99ee-09a9-426a-b42c-62ec274e2dfa,فرآور,other_non_operating,0,1,,,True,SOURCE_ABSENT,0,OtherNonOpNew,D
6b37d7eb-bf15-4794-b372-1160e633add9,چخزر,revenue,0,3,,False,True,SOURCE_ABSENT,0,RevenueNew,D
6b37d7eb-bf15-4794-b372-1160e633add9,چخزر,net_profit,0,3,,False,True,SOURCE_ABSENT,0,NetProfitAmount,D
6b37d7eb-bf15-4794-b372-1160e633add9,چخزر,operating_profit,25,3,2026-06-21,False,True,TTM_RECOVERABLE_REPORT_CHAIN,1,OperatingProfitNew,B
6b37d7eb-bf15-4794-b372-1160e633add9,چخزر,eps,25,3,2026-06-21,True,True,PRESENT,1,Num1_Value1,
6b37d7eb-bf15-4794-b372-1160e633add9,چخزر,capital,25,1,2026-06-21,,True,PRESENT,1,Num2_Value1,
6b37d7eb-bf15-4794-b372-1160e633add9,چخزر,total_assets,0,1,,,True,SOURCE_ABSENT,0,TotalAssets,D
6b37d7eb-bf15-4794-b372-1160e633add9,چخزر,current_assets,0,1,,,True,SOURCE_ABSENT,0,CurrentAssets,D
6b37d7eb-bf15-4794-b372-1160e633add9,چخزر,total_liabilities,0,1,,,True,SOURCE_ABSENT,0,TotalLiabilities,D
6b37d7eb-bf15-4794-b372-1160e633add9,چخزر,current_liabilities,0,1,,,True,SOURCE_ABSENT,0,CurrentLiabilities,D
6b37d7eb-bf15-4794-b372-1160e633add9,چخزر,total_equity,0,1,,,True,SOURCE_ABSENT,0,TotalEquity,D
6b37d7eb-bf15-4794-b372-1160e633add9,چخزر,operating_cash_flow,0,3,,False,True,SOURCE_ABSENT,0,OperatingCashFlow,D
6b37d7eb-bf15-4794-b372-1160e633add9,چخزر,finance_cost,0,1,,,True,SOURCE_ABSENT,0,FinanceCostsNew,D
6b37d7eb-bf15-4794-b372-1160e633add9,چخزر,other_non_operating,0,1,,,True,SOURCE_ABSENT,0,OtherNonOpNew,D
6177f4ea-c2ab-45c4-aa9c-4515e10555e3,سهگمت,revenue,2,3,2026-07-22,True,True,PRESENT,1,RevenueNew,
6177f4ea-c2ab-45c4-aa9c-4515e10555e3,سهگمت,net_profit,2,3,2026-07-22,True,True,PRESENT,1,NetProfitAmount,
6177f4ea-c2ab-45c4-aa9c-4515e10555e3,سهگمت,operating_profit,27,3,2026-07-22,True,True,PRESENT,1,OperatingProfitNew,
6177f4ea-c2ab-45c4-aa9c-4515e10555e3,سهگمت,eps,27,3,2026-07-22,True,True,PRESENT,1,Num1_Value1,
6177f4ea-c2ab-45c4-aa9c-4515e10555e3,سهگمت,capital,27,1,2026-07-22,,True,PRESENT,1,Num2_Value1,
6177f4ea-c2ab-45c4-aa9c-4515e10555e3,سهگمت,total_assets,2,1,2026-07-22,,True,PRESENT,1,TotalAssets,
6177f4ea-c2ab-45c4-aa9c-4515e10555e3,سهگمت,current_assets,2,1,2026-07-22,,True,PRESENT,1,CurrentAssets,
6177f4ea-c2ab-45c4-aa9c-4515e10555e3,سهگمت,total_liabilities,2,1,2026-07-22,,True,PRESENT,1,TotalLiabilities,
6177f4ea-c2ab-45c4-aa9c-4515e10555e3,سهگمت,current_liabilities,2,1,2026-07-22,,True,PRESENT,1,CurrentLiabilities,
6177f4ea-c2ab-45c4-aa9c-4515e10555e3,سهگمت,total_equity,2,1,2026-07-22,,True,PRESENT,1,TotalEquity,
6177f4ea-c2ab-45c4-aa9c-4515e10555e3,سهگمت,operating_cash_flow,2,3,2026-07-22,True,True,PRESENT,1,OperatingCashFlow,
6177f4ea-c2ab-45c4-aa9c-4515e10555e3,سهگمت,finance_cost,2,1,2026-07-22,,True,PRESENT,1,FinanceCostsNew,
6177f4ea-c2ab-45c4-aa9c-4515e10555e3,سهگمت,other_non_operating,2,1,2026-07-22,,True,PRESENT,1,OtherNonOpNew,
4ef96c12-8f08-4e9c-b2a5-79f3403d86e3,فجر,revenue,0,3,,False,True,SOURCE_ABSENT,0,RevenueNew,D
4ef96c12-8f08-4e9c-b2a5-79f3403d86e3,فجر,net_profit,0,3,,False,True,SOURCE_ABSENT,0,NetProfitAmount,D
4ef96c12-8f08-4e9c-b2a5-79f3403d86e3,فجر,operating_profit,28,3,2026-06-21,False,True,TTM_RECOVERABLE_REPORT_CHAIN,1,OperatingProfitNew,B
4ef96c12-8f08-4e9c-b2a5-79f3403d86e3,فجر,eps,28,3,2026-06-21,True,True,PRESENT,1,Num1_Value1,
4ef96c12-8f08-4e9c-b2a5-79f3403d86e3,فجر,capital,28,1,2026-06-21,,True,PRESENT,1,Num2_Value1,
4ef96c12-8f08-4e9c-b2a5-79f3403d86e3,فجر,total_assets,0,1,,,True,SOURCE_ABSENT,0,TotalAssets,D
4ef96c12-8f08-4e9c-b2a5-79f3403d86e3,فجر,current_assets,0,1,,,True,SOURCE_ABSENT,0,CurrentAssets,D
4ef96c12-8f08-4e9c-b2a5-79f3403d86e3,فجر,total_liabilities,0,1,,,True,SOURCE_ABSENT,0,TotalLiabilities,D
4ef96c12-8f08-4e9c-b2a5-79f3403d86e3,فجر,current_liabilities,0,1,,,True,SOURCE_ABSENT,0,CurrentLiabilities,D
4ef96c12-8f08-4e9c-b2a5-79f3403d86e3,فجر,total_equity,0,1,,,True,SOURCE_ABSENT,0,TotalEquity,D
4ef96c12-8f08-4e9c-b2a5-79f3403d86e3,فجر,operating_cash_flow,0,3,,False,True,SOURCE_ABSENT,0,OperatingCashFlow,D
4ef96c12-8f08-4e9c-b2a5-79f3403d86e3,فجر,finance_cost,0,1,,,True,SOURCE_ABSENT,0,FinanceCostsNew,D
4ef96c12-8f08-4e9c-b2a5-79f3403d86e3,فجر,other_non_operating,0,1,,,True,SOURCE_ABSENT,0,OtherNonOpNew,D
c37fa5da-3c3e-4c4b-8556-1e83da64bf0a,تلیسه,revenue,1,3,2026-06-21,True,True,PRESENT,1,RevenueNew,
c37fa5da-3c3e-4c4b-8556-1e83da64bf0a,تلیسه,net_profit,1,3,2026-06-21,True,True,PRESENT,1,NetProfitAmount,
c37fa5da-3c3e-4c4b-8556-1e83da64bf0a,تلیسه,operating_profit,26,3,2026-06-21,True,True,PRESENT,1,OperatingProfitNew,
c37fa5da-3c3e-4c4b-8556-1e83da64bf0a,تلیسه,eps,26,3,2026-06-21,True,True,PRESENT,1,Num1_Value1,
c37fa5da-3c3e-4c4b-8556-1e83da64bf0a,تلیسه,capital,26,1,2026-06-21,,True,PRESENT,1,Num2_Value1,
c37fa5da-3c3e-4c4b-8556-1e83da64bf0a,تلیسه,total_assets,1,1,2026-06-21,,True,PRESENT,1,TotalAssets,
c37fa5da-3c3e-4c4b-8556-1e83da64bf0a,تلیسه,current_assets,1,1,2026-06-21,,True,PRESENT,1,CurrentAssets,
c37fa5da-3c3e-4c4b-8556-1e83da64bf0a,تلیسه,total_liabilities,1,1,2026-06-21,,True,PRESENT,1,TotalLiabilities,
c37fa5da-3c3e-4c4b-8556-1e83da64bf0a,تلیسه,current_liabilities,1,1,2026-06-21,,True,PRESENT,1,CurrentLiabilities,
c37fa5da-3c3e-4c4b-8556-1e83da64bf0a,تلیسه,total_equity,1,1,2026-06-21,,True,PRESENT,1,TotalEquity,
c37fa5da-3c3e-4c4b-8556-1e83da64bf0a,تلیسه,operating_cash_flow,1,3,2026-06-21,True,True,PRESENT,1,OperatingCashFlow,
c37fa5da-3c3e-4c4b-8556-1e83da64bf0a,تلیسه,finance_cost,1,1,2026-06-21,,True,PRESENT,1,FinanceCostsNew,
c37fa5da-3c3e-4c4b-8556-1e83da64bf0a,تلیسه,other_non_operating,1,1,2026-06-21,,True,PRESENT,1,OtherNonOpNew,
a3787b04-f096-412f-8535-b978e8bd1f26,پتایر,revenue,26,3,2026-06-21,True,True,PRESENT,1,RevenueNew,
a3787b04-f096-412f-8535-b978e8bd1f26,پتایر,net_profit,1,3,2026-06-21,True,True,PRESENT,1,NetProfitAmount,
a3787b04-f096-412f-8535-b978e8bd1f26,پتایر,operating_profit,26,3,2026-06-21,True,True,PRESENT,1,OperatingProfitNew,
a3787b04-f096-412f-8535-b978e8bd1f26,پتایر,eps,26,3,2026-06-21,True,True,PRESENT,1,Num1_Value1,
a3787b04-f096-412f-8535-b978e8bd1f26,پتایر,capital,26,1,2026-06-21,,True,PRESENT,1,Num2_Value1,
a3787b04-f096-412f-8535-b978e8bd1f26,پتایر,total_assets,1,1,2026-06-21,,True,PRESENT,1,TotalAssets,
a3787b04-f096-412f-8535-b978e8bd1f26,پتایر,current_assets,1,1,2026-06-21,,True,PRESENT,1,CurrentAssets,
a3787b04-f096-412f-8535-b978e8bd1f26,پتایر,total_liabilities,1,1,2026-06-21,,True,PRESENT,1,TotalLiabilities,
a3787b04-f096-412f-8535-b978e8bd1f26,پتایر,current_liabilities,1,1,2026-06-21,,True,PRESENT,1,CurrentLiabilities,
a3787b04-f096-412f-8535-b978e8bd1f26,پتایر,total_equity,1,1,2026-06-21,,True,PRESENT,1,TotalEquity,
a3787b04-f096-412f-8535-b978e8bd1f26,پتایر,operating_cash_flow,1,3,2026-06-21,True,True,PRESENT,1,OperatingCashFlow,
a3787b04-f096-412f-8535-b978e8bd1f26,پتایر,finance_cost,26,1,2026-06-21,,True,PRESENT,1,FinanceCostsNew,
a3787b04-f096-412f-8535-b978e8bd1f26,پتایر,other_non_operating,26,1,2026-06-21,,True,PRESENT,1,OtherNonOpNew,
3ae93a39-7c31-4774-9957-6830fcc36f46,سخوز,revenue,0,3,,False,True,SOURCE_ABSENT,0,RevenueNew,D
3ae93a39-7c31-4774-9957-6830fcc36f46,سخوز,net_profit,0,3,,False,True,SOURCE_ABSENT,0,NetProfitAmount,D
3ae93a39-7c31-4774-9957-6830fcc36f46,سخوز,operating_profit,27,3,2026-06-21,False,True,TTM_RECOVERABLE_REPORT_CHAIN,1,OperatingProfitNew,B
3ae93a39-7c31-4774-9957-6830fcc36f46,سخوز,eps,27,3,2026-06-21,True,True,PRESENT,1,Num1_Value1,
3ae93a39-7c31-4774-9957-6830fcc36f46,سخوز,capital,27,1,2026-06-21,,True,PRESENT,1,Num2_Value1,
3ae93a39-7c31-4774-9957-6830fcc36f46,سخوز,total_assets,0,1,,,True,SOURCE_ABSENT,0,TotalAssets,D
3ae93a39-7c31-4774-9957-6830fcc36f46,سخوز,current_assets,0,1,,,True,SOURCE_ABSENT,0,CurrentAssets,D
3ae93a39-7c31-4774-9957-6830fcc36f46,سخوز,total_liabilities,0,1,,,True,SOURCE_ABSENT,0,TotalLiabilities,D
3ae93a39-7c31-4774-9957-6830fcc36f46,سخوز,current_liabilities,0,1,,,True,SOURCE_ABSENT,0,CurrentLiabilities,D
3ae93a39-7c31-4774-9957-6830fcc36f46,سخوز,total_equity,0,1,,,True,SOURCE_ABSENT,0,TotalEquity,D
3ae93a39-7c31-4774-9957-6830fcc36f46,سخوز,operating_cash_flow,0,3,,False,True,SOURCE_ABSENT,0,OperatingCashFlow,D
3ae93a39-7c31-4774-9957-6830fcc36f46,سخوز,finance_cost,1,1,2026-06-21,,True,PRESENT,1,FinanceCostsNew,
3ae93a39-7c31-4774-9957-6830fcc36f46,سخوز,other_non_operating,1,1,2026-06-21,,True,PRESENT,1,OtherNonOpNew,
c207a726-ee4b-4a30-ae04-94cbe649f95c,غبشهر,revenue,1,3,2026-06-21,True,True,PRESENT,1,RevenueNew,
c207a726-ee4b-4a30-ae04-94cbe649f95c,غبشهر,net_profit,1,3,2026-06-21,True,True,PRESENT,1,NetProfitAmount,
c207a726-ee4b-4a30-ae04-94cbe649f95c,غبشهر,operating_profit,28,3,2026-06-21,True,True,PRESENT,1,OperatingProfitNew,
c207a726-ee4b-4a30-ae04-94cbe649f95c,غبشهر,eps,28,3,2026-06-21,True,True,PRESENT,1,Num1_Value1,
c207a726-ee4b-4a30-ae04-94cbe649f95c,غبشهر,capital,28,1,2026-06-21,,True,PRESENT,1,Num2_Value1,
c207a726-ee4b-4a30-ae04-94cbe649f95c,غبشهر,total_assets,1,1,2026-06-21,,True,PRESENT,1,TotalAssets,
c207a726-ee4b-4a30-ae04-94cbe649f95c,غبشهر,current_assets,1,1,2026-06-21,,True,PRESENT,1,CurrentAssets,
c207a726-ee4b-4a30-ae04-94cbe649f95c,غبشهر,total_liabilities,1,1,2026-06-21,,True,PRESENT,1,TotalLiabilities,
c207a726-ee4b-4a30-ae04-94cbe649f95c,غبشهر,current_liabilities,1,1,2026-06-21,,True,PRESENT,1,CurrentLiabilities,
c207a726-ee4b-4a30-ae04-94cbe649f95c,غبشهر,total_equity,1,1,2026-06-21,,True,PRESENT,1,TotalEquity,
c207a726-ee4b-4a30-ae04-94cbe649f95c,غبشهر,operating_cash_flow,1,3,2026-06-21,True,True,PRESENT,1,OperatingCashFlow,
c207a726-ee4b-4a30-ae04-94cbe649f95c,غبشهر,finance_cost,1,1,2026-06-21,,True,PRESENT,1,FinanceCostsNew,
c207a726-ee4b-4a30-ae04-94cbe649f95c,غبشهر,other_non_operating,1,1,2026-06-21,,True,PRESENT,1,OtherNonOpNew,
e966585f-0e20-4505-b857-714cfe049673,کصدف,revenue,1,3,2026-06-21,False,True,INSUFFICIENT_TTM_PERIODS,1,RevenueNew,C
e966585f-0e20-4505-b857-714cfe049673,کصدف,net_profit,0,3,,False,True,SOURCE_ABSENT,0,NetProfitAmount,D
e966585f-0e20-4505-b857-714cfe049673,کصدف,operating_profit,26,3,2026-06-21,False,True,TTM_RECOVERABLE_REPORT_CHAIN,1,OperatingProfitNew,B
e966585f-0e20-4505-b857-714cfe049673,کصدف,eps,26,3,2026-06-21,True,True,PRESENT,1,Num1_Value1,
e966585f-0e20-4505-b857-714cfe049673,کصدف,capital,26,1,2026-06-21,,True,PRESENT,1,Num2_Value1,
e966585f-0e20-4505-b857-714cfe049673,کصدف,total_assets,0,1,,,True,SOURCE_ABSENT,0,TotalAssets,D
e966585f-0e20-4505-b857-714cfe049673,کصدف,current_assets,0,1,,,True,SOURCE_ABSENT,0,CurrentAssets,D
e966585f-0e20-4505-b857-714cfe049673,کصدف,total_liabilities,0,1,,,True,SOURCE_ABSENT,0,TotalLiabilities,D
e966585f-0e20-4505-b857-714cfe049673,کصدف,current_liabilities,0,1,,,True,SOURCE_ABSENT,0,CurrentLiabilities,D
e966585f-0e20-4505-b857-714cfe049673,کصدف,total_equity,0,1,,,True,SOURCE_ABSENT,0,TotalEquity,D
e966585f-0e20-4505-b857-714cfe049673,کصدف,operating_cash_flow,0,3,,False,True,SOURCE_ABSENT,0,OperatingCashFlow,D
e966585f-0e20-4505-b857-714cfe049673,کصدف,finance_cost,1,1,2026-06-21,,True,PRESENT,1,FinanceCostsNew,
e966585f-0e20-4505-b857-714cfe049673,کصدف,other_non_operating,1,1,2026-06-21,,True,PRESENT,1,OtherNonOpNew,
11ce4fd7-9037-451e-b04e-7cad43e0c166,تپمپی,revenue,0,3,,False,True,SOURCE_ABSENT,0,RevenueNew,D
11ce4fd7-9037-451e-b04e-7cad43e0c166,تپمپی,net_profit,0,3,,False,True,SOURCE_ABSENT,0,NetProfitAmount,D
11ce4fd7-9037-451e-b04e-7cad43e0c166,تپمپی,operating_profit,9,3,2026-03-20,True,True,PRESENT,1,OperatingProfitNew,
11ce4fd7-9037-451e-b04e-7cad43e0c166,تپمپی,eps,9,3,2026-03-20,True,True,PRESENT,1,Num1_Value1,
11ce4fd7-9037-451e-b04e-7cad43e0c166,تپمپی,capital,9,1,2026-03-20,,True,PRESENT,1,Num2_Value1,
11ce4fd7-9037-451e-b04e-7cad43e0c166,تپمپی,total_assets,0,1,,,True,SOURCE_ABSENT,0,TotalAssets,D
11ce4fd7-9037-451e-b04e-7cad43e0c166,تپمپی,current_assets,0,1,,,True,SOURCE_ABSENT,0,CurrentAssets,D
11ce4fd7-9037-451e-b04e-7cad43e0c166,تپمپی,total_liabilities,0,1,,,True,SOURCE_ABSENT,0,TotalLiabilities,D
11ce4fd7-9037-451e-b04e-7cad43e0c166,تپمپی,current_liabilities,0,1,,,True,SOURCE_ABSENT,0,CurrentLiabilities,D
11ce4fd7-9037-451e-b04e-7cad43e0c166,تپمپی,total_equity,0,1,,,True,SOURCE_ABSENT,0,TotalEquity,D
11ce4fd7-9037-451e-b04e-7cad43e0c166,تپمپی,operating_cash_flow,0,3,,False,True,SOURCE_ABSENT,0,OperatingCashFlow,D
11ce4fd7-9037-451e-b04e-7cad43e0c166,تپمپی,finance_cost,0,1,,,True,SOURCE_ABSENT,0,FinanceCostsNew,D
11ce4fd7-9037-451e-b04e-7cad43e0c166,تپمپی,other_non_operating,0,1,,,True,SOURCE_ABSENT,0,OtherNonOpNew,D
028edfcd-2092-44ad-8f14-d0209f99435d,کبافق,revenue,0,3,,False,True,SOURCE_ABSENT,0,RevenueNew,D
028edfcd-2092-44ad-8f14-d0209f99435d,کبافق,net_profit,0,3,,False,True,SOURCE_ABSENT,0,NetProfitAmount,D
028edfcd-2092-44ad-8f14-d0209f99435d,کبافق,operating_profit,25,3,2026-06-21,False,True,TTM_RECOVERABLE_REPORT_CHAIN,1,OperatingProfitNew,B
028edfcd-2092-44ad-8f14-d0209f99435d,کبافق,eps,25,3,2026-06-21,True,True,PRESENT,1,Num1_Value1,
028edfcd-2092-44ad-8f14-d0209f99435d,کبافق,capital,25,1,2026-06-21,,True,PRESENT,1,Num2_Value1,
028edfcd-2092-44ad-8f14-d0209f99435d,کبافق,total_assets,0,1,,,True,SOURCE_ABSENT,0,TotalAssets,D
028edfcd-2092-44ad-8f14-d0209f99435d,کبافق,current_assets,0,1,,,True,SOURCE_ABSENT,0,CurrentAssets,D
028edfcd-2092-44ad-8f14-d0209f99435d,کبافق,total_liabilities,0,1,,,True,SOURCE_ABSENT,0,TotalLiabilities,D
028edfcd-2092-44ad-8f14-d0209f99435d,کبافق,current_liabilities,0,1,,,True,SOURCE_ABSENT,0,CurrentLiabilities,D
028edfcd-2092-44ad-8f14-d0209f99435d,کبافق,total_equity,0,1,,,True,SOURCE_ABSENT,0,TotalEquity,D
028edfcd-2092-44ad-8f14-d0209f99435d,کبافق,operating_cash_flow,0,3,,False,True,SOURCE_ABSENT,0,OperatingCashFlow,D
028edfcd-2092-44ad-8f14-d0209f99435d,کبافق,finance_cost,0,1,,,True,SOURCE_ABSENT,0,FinanceCostsNew,D
028edfcd-2092-44ad-8f14-d0209f99435d,کبافق,other_non_operating,0,1,,,True,SOURCE_ABSENT,0,OtherNonOpNew,D
1ed481b9-1d15-4bd0-b7a4-f0c6b08bd026,دزاگرس,revenue,0,3,,False,True,SOURCE_ABSENT,0,RevenueNew,D
1ed481b9-1d15-4bd0-b7a4-f0c6b08bd026,دزاگرس,net_profit,0,3,,False,True,SOURCE_ABSENT,0,NetProfitAmount,D
1ed481b9-1d15-4bd0-b7a4-f0c6b08bd026,دزاگرس,operating_profit,16,3,2026-06-21,False,True,TTM_RECOVERABLE_REPORT_CHAIN,1,OperatingProfitNew,B
1ed481b9-1d15-4bd0-b7a4-f0c6b08bd026,دزاگرس,eps,16,3,2026-06-21,True,True,PRESENT,1,Num1_Value1,
1ed481b9-1d15-4bd0-b7a4-f0c6b08bd026,دزاگرس,capital,16,1,2026-06-21,,True,PRESENT,1,Num2_Value1,
1ed481b9-1d15-4bd0-b7a4-f0c6b08bd026,دزاگرس,total_assets,0,1,,,True,SOURCE_ABSENT,0,TotalAssets,D
1ed481b9-1d15-4bd0-b7a4-f0c6b08bd026,دزاگرس,current_assets,0,1,,,True,SOURCE_ABSENT,0,CurrentAssets,D
1ed481b9-1d15-4bd0-b7a4-f0c6b08bd026,دزاگرس,total_liabilities,0,1,,,True,SOURCE_ABSENT,0,TotalLiabilities,D
1ed481b9-1d15-4bd0-b7a4-f0c6b08bd026,دزاگرس,current_liabilities,0,1,,,True,SOURCE_ABSENT,0,CurrentLiabilities,D
1ed481b9-1d15-4bd0-b7a4-f0c6b08bd026,دزاگرس,total_equity,0,1,,,True,SOURCE_ABSENT,0,TotalEquity,D
1ed481b9-1d15-4bd0-b7a4-f0c6b08bd026,دزاگرس,operating_cash_flow,0,3,,False,True,SOURCE_ABSENT,0,OperatingCashFlow,D
1ed481b9-1d15-4bd0-b7a4-f0c6b08bd026,دزاگرس,finance_cost,0,1,,,True,SOURCE_ABSENT,0,FinanceCostsNew,D
1ed481b9-1d15-4bd0-b7a4-f0c6b08bd026,دزاگرس,other_non_operating,0,1,,,True,SOURCE_ABSENT,0,OtherNonOpNew,D
7774c5f9-e518-42a9-b95c-9fd94f6bea72,خراسان,revenue,1,3,2026-06-21,True,True,PRESENT,1,RevenueNew,
7774c5f9-e518-42a9-b95c-9fd94f6bea72,خراسان,net_profit,1,3,2026-06-21,True,True,PRESENT,1,NetProfitAmount,
7774c5f9-e518-42a9-b95c-9fd94f6bea72,خراسان,operating_profit,26,3,2026-06-21,True,True,PRESENT,1,OperatingProfitNew,
7774c5f9-e518-42a9-b95c-9fd94f6bea72,خراسان,eps,26,3,2026-06-21,True,True,PRESENT,1,Num1_Value1,
7774c5f9-e518-42a9-b95c-9fd94f6bea72,خراسان,capital,26,1,2026-06-21,,True,PRESENT,1,Num2_Value1,
7774c5f9-e518-42a9-b95c-9fd94f6bea72,خراسان,total_assets,1,1,2026-06-21,,True,PRESENT,1,TotalAssets,
7774c5f9-e518-42a9-b95c-9fd94f6bea72,خراسان,current_assets,1,1,2026-06-21,,True,PRESENT,1,CurrentAssets,
7774c5f9-e518-42a9-b95c-9fd94f6bea72,خراسان,total_liabilities,1,1,2026-06-21,,True,PRESENT,1,TotalLiabilities,
7774c5f9-e518-42a9-b95c-9fd94f6bea72,خراسان,current_liabilities,1,1,2026-06-21,,True,PRESENT,1,CurrentLiabilities,
7774c5f9-e518-42a9-b95c-9fd94f6bea72,خراسان,total_equity,1,1,2026-06-21,,True,PRESENT,1,TotalEquity,
7774c5f9-e518-42a9-b95c-9fd94f6bea72,خراسان,operating_cash_flow,1,3,2026-06-21,True,True,PRESENT,1,OperatingCashFlow,
7774c5f9-e518-42a9-b95c-9fd94f6bea72,خراسان,finance_cost,1,1,2026-06-21,,True,PRESENT,1,FinanceCostsNew,
7774c5f9-e518-42a9-b95c-9fd94f6bea72,خراسان,other_non_operating,1,1,2026-06-21,,True,PRESENT,1,OtherNonOpNew,
1020e97a-e0d7-4015-bd8f-d3de9c6c82ab,دسبحا,revenue,1,3,2026-06-21,False,True,INSUFFICIENT_TTM_PERIODS,1,RevenueNew,C
1020e97a-e0d7-4015-bd8f-d3de9c6c82ab,دسبحا,net_profit,0,3,,False,True,SOURCE_ABSENT,0,NetProfitAmount,D
1020e97a-e0d7-4015-bd8f-d3de9c6c82ab,دسبحا,operating_profit,29,3,2026-06-21,False,True,TTM_RECOVERABLE_REPORT_CHAIN,1,OperatingProfitNew,B
1020e97a-e0d7-4015-bd8f-d3de9c6c82ab,دسبحا,eps,29,3,2026-06-21,True,True,PRESENT,1,Num1_Value1,
1020e97a-e0d7-4015-bd8f-d3de9c6c82ab,دسبحا,capital,29,1,2026-06-21,,True,PRESENT,1,Num2_Value1,
1020e97a-e0d7-4015-bd8f-d3de9c6c82ab,دسبحا,total_assets,0,1,,,True,SOURCE_ABSENT,0,TotalAssets,D
1020e97a-e0d7-4015-bd8f-d3de9c6c82ab,دسبحا,current_assets,0,1,,,True,SOURCE_ABSENT,0,CurrentAssets,D
1020e97a-e0d7-4015-bd8f-d3de9c6c82ab,دسبحا,total_liabilities,0,1,,,True,SOURCE_ABSENT,0,TotalLiabilities,D
1020e97a-e0d7-4015-bd8f-d3de9c6c82ab,دسبحا,current_liabilities,0,1,,,True,SOURCE_ABSENT,0,CurrentLiabilities,D
1020e97a-e0d7-4015-bd8f-d3de9c6c82ab,دسبحا,total_equity,0,1,,,True,SOURCE_ABSENT,0,TotalEquity,D
1020e97a-e0d7-4015-bd8f-d3de9c6c82ab,دسبحا,operating_cash_flow,0,3,,False,True,SOURCE_ABSENT,0,OperatingCashFlow,D
1020e97a-e0d7-4015-bd8f-d3de9c6c82ab,دسبحا,finance_cost,1,1,2026-06-21,,True,PRESENT,1,FinanceCostsNew,
1020e97a-e0d7-4015-bd8f-d3de9c6c82ab,دسبحا,other_non_operating,1,1,2026-06-21,,True,PRESENT,1,OtherNonOpNew,
24aa4584-7664-410f-8315-ea206d7f4497,شرانل,revenue,1,3,2026-06-21,True,True,PRESENT,1,RevenueNew,
24aa4584-7664-410f-8315-ea206d7f4497,شرانل,net_profit,1,3,2026-06-21,True,True,PRESENT,1,NetProfitAmount,
24aa4584-7664-410f-8315-ea206d7f4497,شرانل,operating_profit,26,3,2026-06-21,True,True,PRESENT,1,OperatingProfitNew,
24aa4584-7664-410f-8315-ea206d7f4497,شرانل,eps,26,3,2026-06-21,True,True,PRESENT,1,Num1_Value1,
24aa4584-7664-410f-8315-ea206d7f4497,شرانل,capital,26,1,2026-06-21,,True,PRESENT,1,Num2_Value1,
24aa4584-7664-410f-8315-ea206d7f4497,شرانل,total_assets,1,1,2026-06-21,,True,PRESENT,1,TotalAssets,
24aa4584-7664-410f-8315-ea206d7f4497,شرانل,current_assets,1,1,2026-06-21,,True,PRESENT,1,CurrentAssets,
24aa4584-7664-410f-8315-ea206d7f4497,شرانل,total_liabilities,1,1,2026-06-21,,True,PRESENT,1,TotalLiabilities,
24aa4584-7664-410f-8315-ea206d7f4497,شرانل,current_liabilities,1,1,2026-06-21,,True,PRESENT,1,CurrentLiabilities,
24aa4584-7664-410f-8315-ea206d7f4497,شرانل,total_equity,1,1,2026-06-21,,True,PRESENT,1,TotalEquity,
24aa4584-7664-410f-8315-ea206d7f4497,شرانل,operating_cash_flow,1,3,2026-06-21,True,True,PRESENT,1,OperatingCashFlow,
24aa4584-7664-410f-8315-ea206d7f4497,شرانل,finance_cost,1,1,2026-06-21,,True,PRESENT,1,FinanceCostsNew,
24aa4584-7664-410f-8315-ea206d7f4497,شرانل,other_non_operating,1,1,2026-06-21,,True,PRESENT,1,OtherNonOpNew,
7e60836e-f575-4c4f-87b7-4891a767b632,شگل,revenue,1,3,2026-06-21,True,True,PRESENT,1,RevenueNew,
7e60836e-f575-4c4f-87b7-4891a767b632,شگل,net_profit,1,3,2026-06-21,True,True,PRESENT,1,NetProfitAmount,
7e60836e-f575-4c4f-87b7-4891a767b632,شگل,operating_profit,22,3,2026-06-21,True,True,PRESENT,1,OperatingProfitNew,
7e60836e-f575-4c4f-87b7-4891a767b632,شگل,eps,22,3,2026-06-21,True,True,PRESENT,1,Num1_Value1,
7e60836e-f575-4c4f-87b7-4891a767b632,شگل,capital,22,1,2026-06-21,,True,PRESENT,1,Num2_Value1,
7e60836e-f575-4c4f-87b7-4891a767b632,شگل,total_assets,1,1,2026-06-21,,True,PRESENT,1,TotalAssets,
7e60836e-f575-4c4f-87b7-4891a767b632,شگل,current_assets,1,1,2026-06-21,,True,PRESENT,1,CurrentAssets,
7e60836e-f575-4c4f-87b7-4891a767b632,شگل,total_liabilities,1,1,2026-06-21,,True,PRESENT,1,TotalLiabilities,
7e60836e-f575-4c4f-87b7-4891a767b632,شگل,current_liabilities,1,1,2026-06-21,,True,PRESENT,1,CurrentLiabilities,
7e60836e-f575-4c4f-87b7-4891a767b632,شگل,total_equity,1,1,2026-06-21,,True,PRESENT,1,TotalEquity,
7e60836e-f575-4c4f-87b7-4891a767b632,شگل,operating_cash_flow,1,3,2026-06-21,True,True,PRESENT,1,OperatingCashFlow,
7e60836e-f575-4c4f-87b7-4891a767b632,شگل,finance_cost,1,1,2026-06-21,,True,PRESENT,1,FinanceCostsNew,
7e60836e-f575-4c4f-87b7-4891a767b632,شگل,other_non_operating,1,1,2026-06-21,,True,PRESENT,1,OtherNonOpNew,
d9b005d3-5e44-419a-9f69-d76deca60a82,کالا,revenue,1,3,2026-06-21,True,True,PRESENT,1,RevenueNew,
d9b005d3-5e44-419a-9f69-d76deca60a82,کالا,net_profit,1,3,2026-06-21,True,True,PRESENT,1,NetProfitAmount,
d9b005d3-5e44-419a-9f69-d76deca60a82,کالا,operating_profit,25,3,2026-06-21,True,True,PRESENT,1,OperatingProfitNew,
d9b005d3-5e44-419a-9f69-d76deca60a82,کالا,eps,25,3,2026-06-21,True,True,PRESENT,1,Num1_Value1,
d9b005d3-5e44-419a-9f69-d76deca60a82,کالا,capital,25,1,2026-06-21,,True,PRESENT,1,Num2_Value1,
d9b005d3-5e44-419a-9f69-d76deca60a82,کالا,total_assets,1,1,2026-06-21,,True,PRESENT,1,TotalAssets,
d9b005d3-5e44-419a-9f69-d76deca60a82,کالا,current_assets,1,1,2026-06-21,,True,PRESENT,1,CurrentAssets,
d9b005d3-5e44-419a-9f69-d76deca60a82,کالا,total_liabilities,1,1,2026-06-21,,True,PRESENT,1,TotalLiabilities,
d9b005d3-5e44-419a-9f69-d76deca60a82,کالا,current_liabilities,1,1,2026-06-21,,True,PRESENT,1,CurrentLiabilities,
d9b005d3-5e44-419a-9f69-d76deca60a82,کالا,total_equity,1,1,2026-06-21,,True,PRESENT,1,TotalEquity,
d9b005d3-5e44-419a-9f69-d76deca60a82,کالا,operating_cash_flow,1,3,2026-06-21,True,True,PRESENT,1,OperatingCashFlow,
d9b005d3-5e44-419a-9f69-d76deca60a82,کالا,finance_cost,7,1,2026-06-21,,True,PRESENT,1,FinanceCostsNew,
d9b005d3-5e44-419a-9f69-d76deca60a82,کالا,other_non_operating,7,1,2026-06-21,,True,PRESENT,1,OtherNonOpNew,
84a95aa7-e76c-4fde-8d1d-bb5d87c09b92,قثابت,revenue,1,3,2026-04-20,True,True,PRESENT,1,RevenueNew,
84a95aa7-e76c-4fde-8d1d-bb5d87c09b92,قثابت,net_profit,1,3,2026-04-20,True,True,PRESENT,1,NetProfitAmount,
84a95aa7-e76c-4fde-8d1d-bb5d87c09b92,قثابت,operating_profit,24,3,2026-04-20,True,True,PRESENT,1,OperatingProfitNew,
84a95aa7-e76c-4fde-8d1d-bb5d87c09b92,قثابت,eps,24,3,2026-04-20,True,True,PRESENT,1,Num1_Value1,
84a95aa7-e76c-4fde-8d1d-bb5d87c09b92,قثابت,capital,24,1,2026-04-20,,True,PRESENT,1,Num2_Value1,
84a95aa7-e76c-4fde-8d1d-bb5d87c09b92,قثابت,total_assets,1,1,2026-04-20,,True,PRESENT,1,TotalAssets,
84a95aa7-e76c-4fde-8d1d-bb5d87c09b92,قثابت,current_assets,1,1,2026-04-20,,True,PRESENT,1,CurrentAssets,
84a95aa7-e76c-4fde-8d1d-bb5d87c09b92,قثابت,total_liabilities,1,1,2026-04-20,,True,PRESENT,1,TotalLiabilities,
84a95aa7-e76c-4fde-8d1d-bb5d87c09b92,قثابت,current_liabilities,1,1,2026-04-20,,True,PRESENT,1,CurrentLiabilities,
84a95aa7-e76c-4fde-8d1d-bb5d87c09b92,قثابت,total_equity,1,1,2026-04-20,,True,PRESENT,1,TotalEquity,
84a95aa7-e76c-4fde-8d1d-bb5d87c09b92,قثابت,operating_cash_flow,1,3,2026-04-20,True,True,PRESENT,1,OperatingCashFlow,
84a95aa7-e76c-4fde-8d1d-bb5d87c09b92,قثابت,finance_cost,1,1,2026-04-20,,True,PRESENT,1,FinanceCostsNew,
84a95aa7-e76c-4fde-8d1d-bb5d87c09b92,قثابت,other_non_operating,1,1,2026-04-20,,True,PRESENT,1,OtherNonOpNew,
b0d0bbb8-3548-464c-b6ce-64350b1cce3e,سفانو,revenue,0,3,,False,True,SOURCE_ABSENT,0,RevenueNew,D
b0d0bbb8-3548-464c-b6ce-64350b1cce3e,سفانو,net_profit,0,3,,False,True,SOURCE_ABSENT,0,NetProfitAmount,D
b0d0bbb8-3548-464c-b6ce-64350b1cce3e,سفانو,operating_profit,28,3,2026-06-21,False,True,TTM_RECOVERABLE_REPORT_CHAIN,1,OperatingProfitNew,B
b0d0bbb8-3548-464c-b6ce-64350b1cce3e,سفانو,eps,28,3,2026-06-21,True,True,PRESENT,1,Num1_Value1,
b0d0bbb8-3548-464c-b6ce-64350b1cce3e,سفانو,capital,28,1,2026-06-21,,True,PRESENT,1,Num2_Value1,
b0d0bbb8-3548-464c-b6ce-64350b1cce3e,سفانو,total_assets,0,1,,,True,SOURCE_ABSENT,0,TotalAssets,D
b0d0bbb8-3548-464c-b6ce-64350b1cce3e,سفانو,current_assets,0,1,,,True,SOURCE_ABSENT,0,CurrentAssets,D
b0d0bbb8-3548-464c-b6ce-64350b1cce3e,سفانو,total_liabilities,0,1,,,True,SOURCE_ABSENT,0,TotalLiabilities,D
b0d0bbb8-3548-464c-b6ce-64350b1cce3e,سفانو,current_liabilities,0,1,,,True,SOURCE_ABSENT,0,CurrentLiabilities,D
b0d0bbb8-3548-464c-b6ce-64350b1cce3e,سفانو,total_equity,0,1,,,True,SOURCE_ABSENT,0,TotalEquity,D
b0d0bbb8-3548-464c-b6ce-64350b1cce3e,سفانو,operating_cash_flow,0,3,,False,True,SOURCE_ABSENT,0,OperatingCashFlow,D
b0d0bbb8-3548-464c-b6ce-64350b1cce3e,سفانو,finance_cost,0,1,,,True,SOURCE_ABSENT,0,FinanceCostsNew,D
b0d0bbb8-3548-464c-b6ce-64350b1cce3e,سفانو,other_non_operating,0,1,,,True,SOURCE_ABSENT,0,OtherNonOpNew,D
5f495881-e8f4-460a-a502-64de22b67c20,سپید,revenue,0,3,,False,True,SOURCE_ABSENT,0,RevenueNew,D
5f495881-e8f4-460a-a502-64de22b67c20,سپید,net_profit,0,3,,False,True,SOURCE_ABSENT,0,NetProfitAmount,D
5f495881-e8f4-460a-a502-64de22b67c20,سپید,operating_profit,26,3,2026-06-21,False,True,TTM_RECOVERABLE_REPORT_CHAIN,1,OperatingProfitNew,B
5f495881-e8f4-460a-a502-64de22b67c20,سپید,eps,26,3,2026-06-21,True,True,PRESENT,1,Num1_Value1,
5f495881-e8f4-460a-a502-64de22b67c20,سپید,capital,26,1,2026-06-21,,True,PRESENT,1,Num2_Value1,
5f495881-e8f4-460a-a502-64de22b67c20,سپید,total_assets,0,1,,,True,SOURCE_ABSENT,0,TotalAssets,D
5f495881-e8f4-460a-a502-64de22b67c20,سپید,current_assets,0,1,,,True,SOURCE_ABSENT,0,CurrentAssets,D
5f495881-e8f4-460a-a502-64de22b67c20,سپید,total_liabilities,0,1,,,True,SOURCE_ABSENT,0,TotalLiabilities,D
5f495881-e8f4-460a-a502-64de22b67c20,سپید,current_liabilities,0,1,,,True,SOURCE_ABSENT,0,CurrentLiabilities,D
5f495881-e8f4-460a-a502-64de22b67c20,سپید,total_equity,0,1,,,True,SOURCE_ABSENT,0,TotalEquity,D
5f495881-e8f4-460a-a502-64de22b67c20,سپید,operating_cash_flow,0,3,,False,True,SOURCE_ABSENT,0,OperatingCashFlow,D
5f495881-e8f4-460a-a502-64de22b67c20,سپید,finance_cost,0,1,,,True,SOURCE_ABSENT,0,FinanceCostsNew,D
5f495881-e8f4-460a-a502-64de22b67c20,سپید,other_non_operating,0,1,,,True,SOURCE_ABSENT,0,OtherNonOpNew,D
298fce3f-f6fe-451e-93e1-f4d4ca508782,کسرا,revenue,1,3,2026-06-21,True,True,PRESENT,1,RevenueNew,
298fce3f-f6fe-451e-93e1-f4d4ca508782,کسرا,net_profit,1,3,2026-06-21,True,True,PRESENT,1,NetProfitAmount,
298fce3f-f6fe-451e-93e1-f4d4ca508782,کسرا,operating_profit,28,3,2026-06-21,True,True,PRESENT,1,OperatingProfitNew,
298fce3f-f6fe-451e-93e1-f4d4ca508782,کسرا,eps,28,3,2026-06-21,True,True,PRESENT,1,Num1_Value1,
298fce3f-f6fe-451e-93e1-f4d4ca508782,کسرا,capital,28,1,2026-06-21,,True,PRESENT,1,Num2_Value1,
298fce3f-f6fe-451e-93e1-f4d4ca508782,کسرا,total_assets,1,1,2026-06-21,,True,PRESENT,1,TotalAssets,
298fce3f-f6fe-451e-93e1-f4d4ca508782,کسرا,current_assets,1,1,2026-06-21,,True,PRESENT,1,CurrentAssets,
298fce3f-f6fe-451e-93e1-f4d4ca508782,کسرا,total_liabilities,1,1,2026-06-21,,True,PRESENT,1,TotalLiabilities,
298fce3f-f6fe-451e-93e1-f4d4ca508782,کسرا,current_liabilities,1,1,2026-06-21,,True,PRESENT,1,CurrentLiabilities,
298fce3f-f6fe-451e-93e1-f4d4ca508782,کسرا,total_equity,1,1,2026-06-21,,True,PRESENT,1,TotalEquity,
298fce3f-f6fe-451e-93e1-f4d4ca508782,کسرا,operating_cash_flow,1,3,2026-06-21,True,True,PRESENT,1,OperatingCashFlow,
298fce3f-f6fe-451e-93e1-f4d4ca508782,کسرا,finance_cost,1,1,2026-06-21,,True,PRESENT,1,FinanceCostsNew,
298fce3f-f6fe-451e-93e1-f4d4ca508782,کسرا,other_non_operating,1,1,2026-06-21,,True,PRESENT,1,OtherNonOpNew,
a3d9899a-222c-4aa7-8289-21219456d095,بفجر,revenue,1,3,2026-03-20,True,True,PRESENT,1,RevenueNew,
a3d9899a-222c-4aa7-8289-21219456d095,بفجر,net_profit,1,3,2026-03-20,True,True,PRESENT,1,NetProfitAmount,
a3d9899a-222c-4aa7-8289-21219456d095,بفجر,operating_profit,27,3,2026-03-20,True,True,PRESENT,1,OperatingProfitNew,
a3d9899a-222c-4aa7-8289-21219456d095,بفجر,eps,27,3,2026-03-20,True,True,PRESENT,1,Num1_Value1,
a3d9899a-222c-4aa7-8289-21219456d095,بفجر,capital,27,1,2026-03-20,,True,PRESENT,1,Num2_Value1,
a3d9899a-222c-4aa7-8289-21219456d095,بفجر,total_assets,1,1,2026-03-20,,True,PRESENT,1,TotalAssets,
a3d9899a-222c-4aa7-8289-21219456d095,بفجر,current_assets,1,1,2026-03-20,,True,PRESENT,1,CurrentAssets,
a3d9899a-222c-4aa7-8289-21219456d095,بفجر,total_liabilities,1,1,2026-03-20,,True,PRESENT,1,TotalLiabilities,
a3d9899a-222c-4aa7-8289-21219456d095,بفجر,current_liabilities,1,1,2026-03-20,,True,PRESENT,1,CurrentLiabilities,
a3d9899a-222c-4aa7-8289-21219456d095,بفجر,total_equity,1,1,2026-03-20,,True,PRESENT,1,TotalEquity,
a3d9899a-222c-4aa7-8289-21219456d095,بفجر,operating_cash_flow,1,3,2026-03-20,True,True,PRESENT,1,OperatingCashFlow,
a3d9899a-222c-4aa7-8289-21219456d095,بفجر,finance_cost,1,1,2026-03-20,,True,PRESENT,1,FinanceCostsNew,
a3d9899a-222c-4aa7-8289-21219456d095,بفجر,other_non_operating,1,1,2026-03-20,,True,PRESENT,1,OtherNonOpNew,
b2a1f6fa-d81c-4c8d-bd72-c1cf411e5997,فولاد,revenue,1,3,2026-06-21,True,True,PRESENT,1,RevenueNew,
b2a1f6fa-d81c-4c8d-bd72-c1cf411e5997,فولاد,net_profit,1,3,2026-06-21,True,True,PRESENT,1,NetProfitAmount,
b2a1f6fa-d81c-4c8d-bd72-c1cf411e5997,فولاد,operating_profit,27,3,2026-06-21,True,True,PRESENT,1,OperatingProfitNew,
b2a1f6fa-d81c-4c8d-bd72-c1cf411e5997,فولاد,eps,27,3,2026-06-21,True,True,PRESENT,1,Num1_Value1,
b2a1f6fa-d81c-4c8d-bd72-c1cf411e5997,فولاد,capital,27,1,2026-06-21,,True,PRESENT,1,Num2_Value1,
b2a1f6fa-d81c-4c8d-bd72-c1cf411e5997,فولاد,total_assets,1,1,2026-06-21,,True,PRESENT,1,TotalAssets,
b2a1f6fa-d81c-4c8d-bd72-c1cf411e5997,فولاد,current_assets,1,1,2026-06-21,,True,PRESENT,1,CurrentAssets,
b2a1f6fa-d81c-4c8d-bd72-c1cf411e5997,فولاد,total_liabilities,1,1,2026-06-21,,True,PRESENT,1,TotalLiabilities,
b2a1f6fa-d81c-4c8d-bd72-c1cf411e5997,فولاد,current_liabilities,1,1,2026-06-21,,True,PRESENT,1,CurrentLiabilities,
b2a1f6fa-d81c-4c8d-bd72-c1cf411e5997,فولاد,total_equity,1,1,2026-06-21,,True,PRESENT,1,TotalEquity,
b2a1f6fa-d81c-4c8d-bd72-c1cf411e5997,فولاد,operating_cash_flow,1,3,2026-06-21,True,True,PRESENT,1,OperatingCashFlow,
b2a1f6fa-d81c-4c8d-bd72-c1cf411e5997,فولاد,finance_cost,1,1,2026-06-21,,True,PRESENT,1,FinanceCostsNew,
b2a1f6fa-d81c-4c8d-bd72-c1cf411e5997,فولاد,other_non_operating,1,1,2026-06-21,,True,PRESENT,1,OtherNonOpNew,
5c8b97d1-9fd7-451e-ab89-964a4ac12a39,بکهنوج,revenue,0,3,,False,True,SOURCE_ABSENT,0,RevenueNew,D
5c8b97d1-9fd7-451e-ab89-964a4ac12a39,بکهنوج,net_profit,0,3,,False,True,SOURCE_ABSENT,0,NetProfitAmount,D
5c8b97d1-9fd7-451e-ab89-964a4ac12a39,بکهنوج,operating_profit,24,3,2025-07-22,False,True,INSUFFICIENT_TTM_PERIODS,1,OperatingProfitNew,C
5c8b97d1-9fd7-451e-ab89-964a4ac12a39,بکهنوج,eps,24,3,2025-07-22,True,True,PRESENT,1,Num1_Value1,
5c8b97d1-9fd7-451e-ab89-964a4ac12a39,بکهنوج,capital,24,1,2025-07-22,,True,PRESENT,1,Num2_Value1,
5c8b97d1-9fd7-451e-ab89-964a4ac12a39,بکهنوج,total_assets,0,1,,,True,SOURCE_ABSENT,0,TotalAssets,D
5c8b97d1-9fd7-451e-ab89-964a4ac12a39,بکهنوج,current_assets,0,1,,,True,SOURCE_ABSENT,0,CurrentAssets,D
5c8b97d1-9fd7-451e-ab89-964a4ac12a39,بکهنوج,total_liabilities,0,1,,,True,SOURCE_ABSENT,0,TotalLiabilities,D
5c8b97d1-9fd7-451e-ab89-964a4ac12a39,بکهنوج,current_liabilities,0,1,,,True,SOURCE_ABSENT,0,CurrentLiabilities,D
5c8b97d1-9fd7-451e-ab89-964a4ac12a39,بکهنوج,total_equity,0,1,,,True,SOURCE_ABSENT,0,TotalEquity,D
5c8b97d1-9fd7-451e-ab89-964a4ac12a39,بکهنوج,operating_cash_flow,0,3,,False,True,SOURCE_ABSENT,0,OperatingCashFlow,D
5c8b97d1-9fd7-451e-ab89-964a4ac12a39,بکهنوج,finance_cost,0,1,,,True,SOURCE_ABSENT,0,FinanceCostsNew,D
5c8b97d1-9fd7-451e-ab89-964a4ac12a39,بکهنوج,other_non_operating,0,1,,,True,SOURCE_ABSENT,0,OtherNonOpNew,D
4a94b7d6-5f54-4389-b7c4-d4d7c2906c08,بترانس,revenue,1,3,2026-07-22,True,True,PRESENT,1,RevenueNew,
4a94b7d6-5f54-4389-b7c4-d4d7c2906c08,بترانس,net_profit,1,3,2026-07-22,True,True,PRESENT,1,NetProfitAmount,
4a94b7d6-5f54-4389-b7c4-d4d7c2906c08,بترانس,operating_profit,28,3,2026-07-22,True,True,PRESENT,1,OperatingProfitNew,
4a94b7d6-5f54-4389-b7c4-d4d7c2906c08,بترانس,eps,28,3,2026-07-22,True,True,PRESENT,1,Num1_Value1,
4a94b7d6-5f54-4389-b7c4-d4d7c2906c08,بترانس,capital,28,1,2026-07-22,,True,PRESENT,1,Num2_Value1,
4a94b7d6-5f54-4389-b7c4-d4d7c2906c08,بترانس,total_assets,1,1,2026-07-22,,True,PRESENT,1,TotalAssets,
4a94b7d6-5f54-4389-b7c4-d4d7c2906c08,بترانس,current_assets,1,1,2026-07-22,,True,PRESENT,1,CurrentAssets,
4a94b7d6-5f54-4389-b7c4-d4d7c2906c08,بترانس,total_liabilities,1,1,2026-07-22,,True,PRESENT,1,TotalLiabilities,
4a94b7d6-5f54-4389-b7c4-d4d7c2906c08,بترانس,current_liabilities,1,1,2026-07-22,,True,PRESENT,1,CurrentLiabilities,
4a94b7d6-5f54-4389-b7c4-d4d7c2906c08,بترانس,total_equity,1,1,2026-07-22,,True,PRESENT,1,TotalEquity,
4a94b7d6-5f54-4389-b7c4-d4d7c2906c08,بترانس,operating_cash_flow,1,3,2026-07-22,True,True,PRESENT,1,OperatingCashFlow,
4a94b7d6-5f54-4389-b7c4-d4d7c2906c08,بترانس,finance_cost,1,1,2026-07-22,,True,PRESENT,1,FinanceCostsNew,
4a94b7d6-5f54-4389-b7c4-d4d7c2906c08,بترانس,other_non_operating,1,1,2026-07-22,,True,PRESENT,1,OtherNonOpNew,
ee0218dc-af71-478d-a572-b65b7cb82a8b,دقاضی,revenue,1,3,2026-06-21,True,True,PRESENT,1,RevenueNew,
ee0218dc-af71-478d-a572-b65b7cb82a8b,دقاضی,net_profit,1,3,2026-06-21,True,True,PRESENT,1,NetProfitAmount,
ee0218dc-af71-478d-a572-b65b7cb82a8b,دقاضی,operating_profit,26,3,2026-06-21,True,True,PRESENT,1,OperatingProfitNew,
ee0218dc-af71-478d-a572-b65b7cb82a8b,دقاضی,eps,26,3,2026-06-21,True,True,PRESENT,1,Num1_Value1,
ee0218dc-af71-478d-a572-b65b7cb82a8b,دقاضی,capital,26,1,2026-06-21,,True,PRESENT,1,Num2_Value1,
ee0218dc-af71-478d-a572-b65b7cb82a8b,دقاضی,total_assets,1,1,2026-06-21,,True,PRESENT,1,TotalAssets,
ee0218dc-af71-478d-a572-b65b7cb82a8b,دقاضی,current_assets,1,1,2026-06-21,,True,PRESENT,1,CurrentAssets,
ee0218dc-af71-478d-a572-b65b7cb82a8b,دقاضی,total_liabilities,1,1,2026-06-21,,True,PRESENT,1,TotalLiabilities,
ee0218dc-af71-478d-a572-b65b7cb82a8b,دقاضی,current_liabilities,1,1,2026-06-21,,True,PRESENT,1,CurrentLiabilities,
ee0218dc-af71-478d-a572-b65b7cb82a8b,دقاضی,total_equity,1,1,2026-06-21,,True,PRESENT,1,TotalEquity,
ee0218dc-af71-478d-a572-b65b7cb82a8b,دقاضی,operating_cash_flow,1,3,2026-06-21,True,True,PRESENT,1,OperatingCashFlow,
ee0218dc-af71-478d-a572-b65b7cb82a8b,دقاضی,finance_cost,1,1,2026-06-21,,True,PRESENT,1,FinanceCostsNew,
ee0218dc-af71-478d-a572-b65b7cb82a8b,دقاضی,other_non_operating,1,1,2026-06-21,,True,PRESENT,1,OtherNonOpNew,
0311daa9-ed4b-4e8e-b977-2cba4a4670f2,فخاس,revenue,0,3,,False,True,SOURCE_ABSENT,0,RevenueNew,D
0311daa9-ed4b-4e8e-b977-2cba4a4670f2,فخاس,net_profit,0,3,,False,True,SOURCE_ABSENT,0,NetProfitAmount,D
0311daa9-ed4b-4e8e-b977-2cba4a4670f2,فخاس,operating_profit,28,3,2026-06-21,False,True,TTM_RECOVERABLE_REPORT_CHAIN,1,OperatingProfitNew,B
0311daa9-ed4b-4e8e-b977-2cba4a4670f2,فخاس,eps,28,3,2026-06-21,True,True,PRESENT,1,Num1_Value1,
0311daa9-ed4b-4e8e-b977-2cba4a4670f2,فخاس,capital,28,1,2026-06-21,,True,PRESENT,1,Num2_Value1,
0311daa9-ed4b-4e8e-b977-2cba4a4670f2,فخاس,total_assets,0,1,,,True,SOURCE_ABSENT,0,TotalAssets,D
0311daa9-ed4b-4e8e-b977-2cba4a4670f2,فخاس,current_assets,0,1,,,True,SOURCE_ABSENT,0,CurrentAssets,D
0311daa9-ed4b-4e8e-b977-2cba4a4670f2,فخاس,total_liabilities,0,1,,,True,SOURCE_ABSENT,0,TotalLiabilities,D
0311daa9-ed4b-4e8e-b977-2cba4a4670f2,فخاس,current_liabilities,0,1,,,True,SOURCE_ABSENT,0,CurrentLiabilities,D
0311daa9-ed4b-4e8e-b977-2cba4a4670f2,فخاس,total_equity,0,1,,,True,SOURCE_ABSENT,0,TotalEquity,D
0311daa9-ed4b-4e8e-b977-2cba4a4670f2,فخاس,operating_cash_flow,0,3,,False,True,SOURCE_ABSENT,0,OperatingCashFlow,D
0311daa9-ed4b-4e8e-b977-2cba4a4670f2,فخاس,finance_cost,0,1,,,True,SOURCE_ABSENT,0,FinanceCostsNew,D
0311daa9-ed4b-4e8e-b977-2cba4a4670f2,فخاس,other_non_operating,0,1,,,True,SOURCE_ABSENT,0,OtherNonOpNew,D
ad315653-75a0-4370-aa61-8677da4534d3,وخاور,revenue,0,3,,False,True,SOURCE_ABSENT,0,RevenueNew,D
ad315653-75a0-4370-aa61-8677da4534d3,وخاور,net_profit,0,3,,False,True,SOURCE_ABSENT,0,NetProfitAmount,D
ad315653-75a0-4370-aa61-8677da4534d3,وخاور,operating_profit,21,3,2026-03-20,True,True,PRESENT,1,OperatingProfitNew,
ad315653-75a0-4370-aa61-8677da4534d3,وخاور,eps,21,3,2026-03-20,True,True,PRESENT,1,Num1_Value1,
ad315653-75a0-4370-aa61-8677da4534d3,وخاور,capital,21,1,2026-03-20,,True,PRESENT,1,Num2_Value1,
ad315653-75a0-4370-aa61-8677da4534d3,وخاور,total_assets,0,1,,,True,SOURCE_ABSENT,0,TotalAssets,D
ad315653-75a0-4370-aa61-8677da4534d3,وخاور,current_assets,0,1,,,True,SOURCE_ABSENT,0,CurrentAssets,D
ad315653-75a0-4370-aa61-8677da4534d3,وخاور,total_liabilities,0,1,,,True,SOURCE_ABSENT,0,TotalLiabilities,D
ad315653-75a0-4370-aa61-8677da4534d3,وخاور,current_liabilities,0,1,,,True,SOURCE_ABSENT,0,CurrentLiabilities,D
ad315653-75a0-4370-aa61-8677da4534d3,وخاور,total_equity,0,1,,,True,SOURCE_ABSENT,0,TotalEquity,D
ad315653-75a0-4370-aa61-8677da4534d3,وخاور,operating_cash_flow,0,3,,False,True,SOURCE_ABSENT,0,OperatingCashFlow,D
ad315653-75a0-4370-aa61-8677da4534d3,وخاور,finance_cost,0,1,,,True,SOURCE_ABSENT,0,FinanceCostsNew,D
ad315653-75a0-4370-aa61-8677da4534d3,وخاور,other_non_operating,0,1,,,True,SOURCE_ABSENT,0,OtherNonOpNew,D
b0a1be47-1fbd-4ac5-8b46-d1ae52b4bbff,سیستم,revenue,1,3,2026-06-21,True,True,PRESENT,1,RevenueNew,
b0a1be47-1fbd-4ac5-8b46-d1ae52b4bbff,سیستم,net_profit,1,3,2026-06-21,True,True,PRESENT,1,NetProfitAmount,
b0a1be47-1fbd-4ac5-8b46-d1ae52b4bbff,سیستم,operating_profit,28,3,2026-06-21,True,True,PRESENT,1,OperatingProfitNew,
b0a1be47-1fbd-4ac5-8b46-d1ae52b4bbff,سیستم,eps,28,3,2026-06-21,True,True,PRESENT,1,Num1_Value1,
b0a1be47-1fbd-4ac5-8b46-d1ae52b4bbff,سیستم,capital,28,1,2026-06-21,,True,PRESENT,1,Num2_Value1,
b0a1be47-1fbd-4ac5-8b46-d1ae52b4bbff,سیستم,total_assets,1,1,2026-06-21,,True,PRESENT,1,TotalAssets,
b0a1be47-1fbd-4ac5-8b46-d1ae52b4bbff,سیستم,current_assets,1,1,2026-06-21,,True,PRESENT,1,CurrentAssets,
b0a1be47-1fbd-4ac5-8b46-d1ae52b4bbff,سیستم,total_liabilities,1,1,2026-06-21,,True,PRESENT,1,TotalLiabilities,
b0a1be47-1fbd-4ac5-8b46-d1ae52b4bbff,سیستم,current_liabilities,1,1,2026-06-21,,True,PRESENT,1,CurrentLiabilities,
b0a1be47-1fbd-4ac5-8b46-d1ae52b4bbff,سیستم,total_equity,1,1,2026-06-21,,True,PRESENT,1,TotalEquity,
b0a1be47-1fbd-4ac5-8b46-d1ae52b4bbff,سیستم,operating_cash_flow,1,3,2026-06-21,True,True,PRESENT,1,OperatingCashFlow,
b0a1be47-1fbd-4ac5-8b46-d1ae52b4bbff,سیستم,finance_cost,1,1,2026-06-21,,True,PRESENT,1,FinanceCostsNew,
b0a1be47-1fbd-4ac5-8b46-d1ae52b4bbff,سیستم,other_non_operating,1,1,2026-06-21,,True,PRESENT,1,OtherNonOpNew,
18395190-5040-4ec6-8f64-2ec3a7838d7c,بیوتیک,revenue,0,3,,False,True,SOURCE_ABSENT,0,RevenueNew,D
18395190-5040-4ec6-8f64-2ec3a7838d7c,بیوتیک,net_profit,0,3,,False,True,SOURCE_ABSENT,0,NetProfitAmount,D
18395190-5040-4ec6-8f64-2ec3a7838d7c,بیوتیک,operating_profit,21,3,2026-06-21,False,True,TTM_RECOVERABLE_REPORT_CHAIN,1,OperatingProfitNew,B
18395190-5040-4ec6-8f64-2ec3a7838d7c,بیوتیک,eps,21,3,2026-06-21,True,True,PRESENT,1,Num1_Value1,
18395190-5040-4ec6-8f64-2ec3a7838d7c,بیوتیک,capital,21,1,2026-06-21,,True,PRESENT,1,Num2_Value1,
18395190-5040-4ec6-8f64-2ec3a7838d7c,بیوتیک,total_assets,0,1,,,True,SOURCE_ABSENT,0,TotalAssets,D
18395190-5040-4ec6-8f64-2ec3a7838d7c,بیوتیک,current_assets,0,1,,,True,SOURCE_ABSENT,0,CurrentAssets,D
18395190-5040-4ec6-8f64-2ec3a7838d7c,بیوتیک,total_liabilities,0,1,,,True,SOURCE_ABSENT,0,TotalLiabilities,D
18395190-5040-4ec6-8f64-2ec3a7838d7c,بیوتیک,current_liabilities,0,1,,,True,SOURCE_ABSENT,0,CurrentLiabilities,D
18395190-5040-4ec6-8f64-2ec3a7838d7c,بیوتیک,total_equity,0,1,,,True,SOURCE_ABSENT,0,TotalEquity,D
18395190-5040-4ec6-8f64-2ec3a7838d7c,بیوتیک,operating_cash_flow,0,3,,False,True,SOURCE_ABSENT,0,OperatingCashFlow,D
18395190-5040-4ec6-8f64-2ec3a7838d7c,بیوتیک,finance_cost,0,1,,,True,SOURCE_ABSENT,0,FinanceCostsNew,D
18395190-5040-4ec6-8f64-2ec3a7838d7c,بیوتیک,other_non_operating,0,1,,,True,SOURCE_ABSENT,0,OtherNonOpNew,D
3eb74c91-27df-4f82-940f-d86d5c64c456,دانا,revenue,0,3,,False,True,SOURCE_ABSENT,0,RevenueNew,D
3eb74c91-27df-4f82-940f-d86d5c64c456,دانا,net_profit,0,3,,False,True,SOURCE_ABSENT,0,NetProfitAmount,D
3eb74c91-27df-4f82-940f-d86d5c64c456,دانا,operating_profit,28,3,2026-03-20,True,True,PRESENT,1,OperatingProfitNew,
3eb74c91-27df-4f82-940f-d86d5c64c456,دانا,eps,28,3,2026-03-20,True,True,PRESENT,1,Num1_Value1,
3eb74c91-27df-4f82-940f-d86d5c64c456,دانا,capital,28,1,2026-03-20,,True,PRESENT,1,Num2_Value1,
3eb74c91-27df-4f82-940f-d86d5c64c456,دانا,total_assets,0,1,,,True,SOURCE_ABSENT,0,TotalAssets,D
3eb74c91-27df-4f82-940f-d86d5c64c456,دانا,current_assets,0,1,,,True,SOURCE_ABSENT,0,CurrentAssets,D
3eb74c91-27df-4f82-940f-d86d5c64c456,دانا,total_liabilities,0,1,,,True,SOURCE_ABSENT,0,TotalLiabilities,D
3eb74c91-27df-4f82-940f-d86d5c64c456,دانا,current_liabilities,0,1,,,True,SOURCE_ABSENT,0,CurrentLiabilities,D
3eb74c91-27df-4f82-940f-d86d5c64c456,دانا,total_equity,0,1,,,True,SOURCE_ABSENT,0,TotalEquity,D
3eb74c91-27df-4f82-940f-d86d5c64c456,دانا,operating_cash_flow,0,3,,False,True,SOURCE_ABSENT,0,OperatingCashFlow,D
3eb74c91-27df-4f82-940f-d86d5c64c456,دانا,finance_cost,0,1,,,True,SOURCE_ABSENT,0,FinanceCostsNew,D
3eb74c91-27df-4f82-940f-d86d5c64c456,دانا,other_non_operating,0,1,,,True,SOURCE_ABSENT,0,OtherNonOpNew,D
2b087028-34bc-4989-8280-c8fe35c9cc34,غنوش,revenue,0,3,,False,True,SOURCE_ABSENT,0,RevenueNew,D
2b087028-34bc-4989-8280-c8fe35c9cc34,غنوش,net_profit,0,3,,False,True,SOURCE_ABSENT,0,NetProfitAmount,D
2b087028-34bc-4989-8280-c8fe35c9cc34,غنوش,operating_profit,27,3,2026-06-21,False,True,TTM_RECOVERABLE_REPORT_CHAIN,1,OperatingProfitNew,B
2b087028-34bc-4989-8280-c8fe35c9cc34,غنوش,eps,27,3,2026-06-21,True,True,PRESENT,1,Num1_Value1,
2b087028-34bc-4989-8280-c8fe35c9cc34,غنوش,capital,27,1,2026-06-21,,True,PRESENT,1,Num2_Value1,
2b087028-34bc-4989-8280-c8fe35c9cc34,غنوش,total_assets,0,1,,,True,SOURCE_ABSENT,0,TotalAssets,D
2b087028-34bc-4989-8280-c8fe35c9cc34,غنوش,current_assets,0,1,,,True,SOURCE_ABSENT,0,CurrentAssets,D
2b087028-34bc-4989-8280-c8fe35c9cc34,غنوش,total_liabilities,0,1,,,True,SOURCE_ABSENT,0,TotalLiabilities,D
2b087028-34bc-4989-8280-c8fe35c9cc34,غنوش,current_liabilities,0,1,,,True,SOURCE_ABSENT,0,CurrentLiabilities,D
2b087028-34bc-4989-8280-c8fe35c9cc34,غنوش,total_equity,0,1,,,True,SOURCE_ABSENT,0,TotalEquity,D
2b087028-34bc-4989-8280-c8fe35c9cc34,غنوش,operating_cash_flow,0,3,,False,True,SOURCE_ABSENT,0,OperatingCashFlow,D
2b087028-34bc-4989-8280-c8fe35c9cc34,غنوش,finance_cost,0,1,,,True,SOURCE_ABSENT,0,FinanceCostsNew,D
2b087028-34bc-4989-8280-c8fe35c9cc34,غنوش,other_non_operating,0,1,,,True,SOURCE_ABSENT,0,OtherNonOpNew,D
7c967637-53cb-426b-a615-10b2c4bc202e,زهلال,revenue,0,3,,False,True,SOURCE_ABSENT,0,RevenueNew,D
7c967637-53cb-426b-a615-10b2c4bc202e,زهلال,net_profit,0,3,,False,True,SOURCE_ABSENT,0,NetProfitAmount,D
7c967637-53cb-426b-a615-10b2c4bc202e,زهلال,operating_profit,17,3,2026-06-21,False,True,TTM_RECOVERABLE_REPORT_CHAIN,1,OperatingProfitNew,B
7c967637-53cb-426b-a615-10b2c4bc202e,زهلال,eps,17,3,2026-06-21,True,True,PRESENT,1,Num1_Value1,
7c967637-53cb-426b-a615-10b2c4bc202e,زهلال,capital,17,1,2026-06-21,,True,PRESENT,1,Num2_Value1,
7c967637-53cb-426b-a615-10b2c4bc202e,زهلال,total_assets,0,1,,,True,SOURCE_ABSENT,0,TotalAssets,D
7c967637-53cb-426b-a615-10b2c4bc202e,زهلال,current_assets,0,1,,,True,SOURCE_ABSENT,0,CurrentAssets,D
7c967637-53cb-426b-a615-10b2c4bc202e,زهلال,total_liabilities,0,1,,,True,SOURCE_ABSENT,0,TotalLiabilities,D
7c967637-53cb-426b-a615-10b2c4bc202e,زهلال,current_liabilities,0,1,,,True,SOURCE_ABSENT,0,CurrentLiabilities,D
7c967637-53cb-426b-a615-10b2c4bc202e,زهلال,total_equity,0,1,,,True,SOURCE_ABSENT,0,TotalEquity,D
7c967637-53cb-426b-a615-10b2c4bc202e,زهلال,operating_cash_flow,0,3,,False,True,SOURCE_ABSENT,0,OperatingCashFlow,D
7c967637-53cb-426b-a615-10b2c4bc202e,زهلال,finance_cost,0,1,,,True,SOURCE_ABSENT,0,FinanceCostsNew,D
7c967637-53cb-426b-a615-10b2c4bc202e,زهلال,other_non_operating,0,1,,,True,SOURCE_ABSENT,0,OtherNonOpNew,D
c3598b16-4124-4839-bd8c-c278408a857f,شبریز,revenue,0,3,,False,True,SOURCE_ABSENT,0,RevenueNew,D
c3598b16-4124-4839-bd8c-c278408a857f,شبریز,net_profit,0,3,,False,True,SOURCE_ABSENT,0,NetProfitAmount,D
c3598b16-4124-4839-bd8c-c278408a857f,شبریز,operating_profit,27,3,2026-06-21,False,True,TTM_RECOVERABLE_REPORT_CHAIN,1,OperatingProfitNew,B
c3598b16-4124-4839-bd8c-c278408a857f,شبریز,eps,27,3,2026-06-21,True,True,PRESENT,1,Num1_Value1,
c3598b16-4124-4839-bd8c-c278408a857f,شبریز,capital,27,1,2026-06-21,,True,PRESENT,1,Num2_Value1,
c3598b16-4124-4839-bd8c-c278408a857f,شبریز,total_assets,0,1,,,True,SOURCE_ABSENT,0,TotalAssets,D
c3598b16-4124-4839-bd8c-c278408a857f,شبریز,current_assets,0,1,,,True,SOURCE_ABSENT,0,CurrentAssets,D
c3598b16-4124-4839-bd8c-c278408a857f,شبریز,total_liabilities,0,1,,,True,SOURCE_ABSENT,0,TotalLiabilities,D
c3598b16-4124-4839-bd8c-c278408a857f,شبریز,current_liabilities,0,1,,,True,SOURCE_ABSENT,0,CurrentLiabilities,D
c3598b16-4124-4839-bd8c-c278408a857f,شبریز,total_equity,0,1,,,True,SOURCE_ABSENT,0,TotalEquity,D
c3598b16-4124-4839-bd8c-c278408a857f,شبریز,operating_cash_flow,0,3,,False,True,SOURCE_ABSENT,0,OperatingCashFlow,D
c3598b16-4124-4839-bd8c-c278408a857f,شبریز,finance_cost,0,1,,,True,SOURCE_ABSENT,0,FinanceCostsNew,D
c3598b16-4124-4839-bd8c-c278408a857f,شبریز,other_non_operating,0,1,,,True,SOURCE_ABSENT,0,OtherNonOpNew,D
d26b3713-6d63-4c3e-be90-bc7651240571,دعبید,revenue,1,3,2026-06-21,True,True,PRESENT,1,RevenueNew,
d26b3713-6d63-4c3e-be90-bc7651240571,دعبید,net_profit,1,3,2026-06-21,True,True,PRESENT,1,NetProfitAmount,
d26b3713-6d63-4c3e-be90-bc7651240571,دعبید,operating_profit,28,3,2026-06-21,True,True,PRESENT,1,OperatingProfitNew,
d26b3713-6d63-4c3e-be90-bc7651240571,دعبید,eps,28,3,2026-06-21,True,True,PRESENT,1,Num1_Value1,
d26b3713-6d63-4c3e-be90-bc7651240571,دعبید,capital,28,1,2026-06-21,,True,PRESENT,1,Num2_Value1,
d26b3713-6d63-4c3e-be90-bc7651240571,دعبید,total_assets,1,1,2026-06-21,,True,PRESENT,1,TotalAssets,
d26b3713-6d63-4c3e-be90-bc7651240571,دعبید,current_assets,1,1,2026-06-21,,True,PRESENT,1,CurrentAssets,
d26b3713-6d63-4c3e-be90-bc7651240571,دعبید,total_liabilities,1,1,2026-06-21,,True,PRESENT,1,TotalLiabilities,
d26b3713-6d63-4c3e-be90-bc7651240571,دعبید,current_liabilities,1,1,2026-06-21,,True,PRESENT,1,CurrentLiabilities,
d26b3713-6d63-4c3e-be90-bc7651240571,دعبید,total_equity,1,1,2026-06-21,,True,PRESENT,1,TotalEquity,
d26b3713-6d63-4c3e-be90-bc7651240571,دعبید,operating_cash_flow,1,3,2026-06-21,True,True,PRESENT,1,OperatingCashFlow,
d26b3713-6d63-4c3e-be90-bc7651240571,دعبید,finance_cost,1,1,2026-06-21,,True,PRESENT,1,FinanceCostsNew,
d26b3713-6d63-4c3e-be90-bc7651240571,دعبید,other_non_operating,1,1,2026-06-21,,True,PRESENT,1,OtherNonOpNew,
e08aee3b-8ace-4bf6-be09-4c6bb0f0bdd7,شسپا,revenue,1,3,2026-06-21,True,True,PRESENT,1,RevenueNew,
e08aee3b-8ace-4bf6-be09-4c6bb0f0bdd7,شسپا,net_profit,1,3,2026-06-21,True,True,PRESENT,1,NetProfitAmount,
e08aee3b-8ace-4bf6-be09-4c6bb0f0bdd7,شسپا,operating_profit,28,3,2026-06-21,True,True,PRESENT,1,OperatingProfitNew,
e08aee3b-8ace-4bf6-be09-4c6bb0f0bdd7,شسپا,eps,28,3,2026-06-21,True,True,PRESENT,1,Num1_Value1,
e08aee3b-8ace-4bf6-be09-4c6bb0f0bdd7,شسپا,capital,28,1,2026-06-21,,True,PRESENT,1,Num2_Value1,
e08aee3b-8ace-4bf6-be09-4c6bb0f0bdd7,شسپا,total_assets,1,1,2026-06-21,,True,PRESENT,1,TotalAssets,
e08aee3b-8ace-4bf6-be09-4c6bb0f0bdd7,شسپا,current_assets,1,1,2026-06-21,,True,PRESENT,1,CurrentAssets,
e08aee3b-8ace-4bf6-be09-4c6bb0f0bdd7,شسپا,total_liabilities,1,1,2026-06-21,,True,PRESENT,1,TotalLiabilities,
e08aee3b-8ace-4bf6-be09-4c6bb0f0bdd7,شسپا,current_liabilities,1,1,2026-06-21,,True,PRESENT,1,CurrentLiabilities,
e08aee3b-8ace-4bf6-be09-4c6bb0f0bdd7,شسپا,total_equity,1,1,2026-06-21,,True,PRESENT,1,TotalEquity,
e08aee3b-8ace-4bf6-be09-4c6bb0f0bdd7,شسپا,operating_cash_flow,1,3,2026-06-21,True,True,PRESENT,1,OperatingCashFlow,
e08aee3b-8ace-4bf6-be09-4c6bb0f0bdd7,شسپا,finance_cost,1,1,2026-06-21,,True,PRESENT,1,FinanceCostsNew,
e08aee3b-8ace-4bf6-be09-4c6bb0f0bdd7,شسپا,other_non_operating,1,1,2026-06-21,,True,PRESENT,1,OtherNonOpNew,
478b42db-bf36-4b20-8a77-cb81678030c0,کاذر,revenue,0,3,,False,True,SOURCE_ABSENT,0,RevenueNew,D
478b42db-bf36-4b20-8a77-cb81678030c0,کاذر,net_profit,0,3,,False,True,SOURCE_ABSENT,0,NetProfitAmount,D
478b42db-bf36-4b20-8a77-cb81678030c0,کاذر,operating_profit,28,3,2026-06-21,False,True,TTM_RECOVERABLE_REPORT_CHAIN,1,OperatingProfitNew,B
478b42db-bf36-4b20-8a77-cb81678030c0,کاذر,eps,28,3,2026-06-21,True,True,PRESENT,1,Num1_Value1,
478b42db-bf36-4b20-8a77-cb81678030c0,کاذر,capital,28,1,2026-06-21,,True,PRESENT,1,Num2_Value1,
478b42db-bf36-4b20-8a77-cb81678030c0,کاذر,total_assets,0,1,,,True,SOURCE_ABSENT,0,TotalAssets,D
478b42db-bf36-4b20-8a77-cb81678030c0,کاذر,current_assets,0,1,,,True,SOURCE_ABSENT,0,CurrentAssets,D
478b42db-bf36-4b20-8a77-cb81678030c0,کاذر,total_liabilities,0,1,,,True,SOURCE_ABSENT,0,TotalLiabilities,D
478b42db-bf36-4b20-8a77-cb81678030c0,کاذر,current_liabilities,0,1,,,True,SOURCE_ABSENT,0,CurrentLiabilities,D
478b42db-bf36-4b20-8a77-cb81678030c0,کاذر,total_equity,0,1,,,True,SOURCE_ABSENT,0,TotalEquity,D
478b42db-bf36-4b20-8a77-cb81678030c0,کاذر,operating_cash_flow,0,3,,False,True,SOURCE_ABSENT,0,OperatingCashFlow,D
478b42db-bf36-4b20-8a77-cb81678030c0,کاذر,finance_cost,0,1,,,True,SOURCE_ABSENT,0,FinanceCostsNew,D
478b42db-bf36-4b20-8a77-cb81678030c0,کاذر,other_non_operating,0,1,,,True,SOURCE_ABSENT,0,OtherNonOpNew,D
812cc82f-571c-4ef3-9a7b-0a2ddcda4cf5,فبیرا,revenue,0,3,,False,True,SOURCE_ABSENT,0,RevenueNew,D
812cc82f-571c-4ef3-9a7b-0a2ddcda4cf5,فبیرا,net_profit,0,3,,False,True,SOURCE_ABSENT,0,NetProfitAmount,D
812cc82f-571c-4ef3-9a7b-0a2ddcda4cf5,فبیرا,operating_profit,22,3,2026-03-20,True,True,PRESENT,1,OperatingProfitNew,
812cc82f-571c-4ef3-9a7b-0a2ddcda4cf5,فبیرا,eps,22,3,2026-03-20,True,True,PRESENT,1,Num1_Value1,
812cc82f-571c-4ef3-9a7b-0a2ddcda4cf5,فبیرا,capital,22,1,2026-03-20,,True,PRESENT,1,Num2_Value1,
812cc82f-571c-4ef3-9a7b-0a2ddcda4cf5,فبیرا,total_assets,0,1,,,True,SOURCE_ABSENT,0,TotalAssets,D
812cc82f-571c-4ef3-9a7b-0a2ddcda4cf5,فبیرا,current_assets,0,1,,,True,SOURCE_ABSENT,0,CurrentAssets,D
812cc82f-571c-4ef3-9a7b-0a2ddcda4cf5,فبیرا,total_liabilities,0,1,,,True,SOURCE_ABSENT,0,TotalLiabilities,D
812cc82f-571c-4ef3-9a7b-0a2ddcda4cf5,فبیرا,current_liabilities,0,1,,,True,SOURCE_ABSENT,0,CurrentLiabilities,D
812cc82f-571c-4ef3-9a7b-0a2ddcda4cf5,فبیرا,total_equity,0,1,,,True,SOURCE_ABSENT,0,TotalEquity,D
812cc82f-571c-4ef3-9a7b-0a2ddcda4cf5,فبیرا,operating_cash_flow,0,3,,False,True,SOURCE_ABSENT,0,OperatingCashFlow,D
812cc82f-571c-4ef3-9a7b-0a2ddcda4cf5,فبیرا,finance_cost,0,1,,,True,SOURCE_ABSENT,0,FinanceCostsNew,D
812cc82f-571c-4ef3-9a7b-0a2ddcda4cf5,فبیرا,other_non_operating,0,1,,,True,SOURCE_ABSENT,0,OtherNonOpNew,D
f0c68c28-0f10-4f24-8e2e-946f766bd33e,کاما,revenue,27,3,2026-06-21,True,True,PRESENT,1,RevenueNew,
f0c68c28-0f10-4f24-8e2e-946f766bd33e,کاما,net_profit,27,3,2026-06-21,True,True,PRESENT,1,NetProfitAmount,
f0c68c28-0f10-4f24-8e2e-946f766bd33e,کاما,operating_profit,28,3,2026-06-21,True,True,PRESENT,1,OperatingProfitNew,
f0c68c28-0f10-4f24-8e2e-946f766bd33e,کاما,eps,28,3,2026-06-21,True,True,PRESENT,1,Num1_Value1,
f0c68c28-0f10-4f24-8e2e-946f766bd33e,کاما,capital,28,1,2026-06-21,,True,PRESENT,1,Num2_Value1,
f0c68c28-0f10-4f24-8e2e-946f766bd33e,کاما,total_assets,27,1,2026-06-21,,True,PRESENT,1,TotalAssets,
f0c68c28-0f10-4f24-8e2e-946f766bd33e,کاما,current_assets,27,1,2026-06-21,,True,PRESENT,1,CurrentAssets,
f0c68c28-0f10-4f24-8e2e-946f766bd33e,کاما,total_liabilities,27,1,2026-06-21,,True,PRESENT,1,TotalLiabilities,
f0c68c28-0f10-4f24-8e2e-946f766bd33e,کاما,current_liabilities,27,1,2026-06-21,,True,PRESENT,1,CurrentLiabilities,
f0c68c28-0f10-4f24-8e2e-946f766bd33e,کاما,total_equity,27,1,2026-06-21,,True,PRESENT,1,TotalEquity,
f0c68c28-0f10-4f24-8e2e-946f766bd33e,کاما,operating_cash_flow,27,3,2026-06-21,True,True,PRESENT,1,OperatingCashFlow,
f0c68c28-0f10-4f24-8e2e-946f766bd33e,کاما,finance_cost,27,1,2026-06-21,,True,PRESENT,1,FinanceCostsNew,
f0c68c28-0f10-4f24-8e2e-946f766bd33e,کاما,other_non_operating,27,1,2026-06-21,,True,PRESENT,1,OtherNonOpNew,
7ad97d90-ca30-4b48-b528-1ad0ba8f1fd6,افق,revenue,1,3,2026-06-21,True,True,PRESENT,1,RevenueNew,
7ad97d90-ca30-4b48-b528-1ad0ba8f1fd6,افق,net_profit,1,3,2026-06-21,True,True,PRESENT,1,NetProfitAmount,
7ad97d90-ca30-4b48-b528-1ad0ba8f1fd6,افق,operating_profit,27,3,2026-06-21,True,True,PRESENT,1,OperatingProfitNew,
7ad97d90-ca30-4b48-b528-1ad0ba8f1fd6,افق,eps,27,3,2026-06-21,True,True,PRESENT,1,Num1_Value1,
7ad97d90-ca30-4b48-b528-1ad0ba8f1fd6,افق,capital,27,1,2026-06-21,,True,PRESENT,1,Num2_Value1,
7ad97d90-ca30-4b48-b528-1ad0ba8f1fd6,افق,total_assets,1,1,2026-06-21,,True,PRESENT,1,TotalAssets,
7ad97d90-ca30-4b48-b528-1ad0ba8f1fd6,افق,current_assets,1,1,2026-06-21,,True,PRESENT,1,CurrentAssets,
7ad97d90-ca30-4b48-b528-1ad0ba8f1fd6,افق,total_liabilities,1,1,2026-06-21,,True,PRESENT,1,TotalLiabilities,
7ad97d90-ca30-4b48-b528-1ad0ba8f1fd6,افق,current_liabilities,1,1,2026-06-21,,True,PRESENT,1,CurrentLiabilities,
7ad97d90-ca30-4b48-b528-1ad0ba8f1fd6,افق,total_equity,1,1,2026-06-21,,True,PRESENT,1,TotalEquity,
7ad97d90-ca30-4b48-b528-1ad0ba8f1fd6,افق,operating_cash_flow,1,3,2026-06-21,True,True,PRESENT,1,OperatingCashFlow,
7ad97d90-ca30-4b48-b528-1ad0ba8f1fd6,افق,finance_cost,1,1,2026-06-21,,True,PRESENT,1,FinanceCostsNew,
7ad97d90-ca30-4b48-b528-1ad0ba8f1fd6,افق,other_non_operating,1,1,2026-06-21,,True,PRESENT,1,OtherNonOpNew,
81d29112-38ae-458b-b94a-7918e860b87e,انرژی,revenue,1,3,2026-06-21,True,True,PRESENT,1,RevenueNew,
81d29112-38ae-458b-b94a-7918e860b87e,انرژی,net_profit,1,3,2026-06-21,True,True,PRESENT,1,NetProfitAmount,
81d29112-38ae-458b-b94a-7918e860b87e,انرژی,operating_profit,27,3,2026-06-21,True,True,PRESENT,1,OperatingProfitNew,
81d29112-38ae-458b-b94a-7918e860b87e,انرژی,eps,27,3,2026-06-21,True,True,PRESENT,1,Num1_Value1,
81d29112-38ae-458b-b94a-7918e860b87e,انرژی,capital,27,1,2026-06-21,,True,PRESENT,1,Num2_Value1,
81d29112-38ae-458b-b94a-7918e860b87e,انرژی,total_assets,1,1,2026-06-21,,True,PRESENT,1,TotalAssets,
81d29112-38ae-458b-b94a-7918e860b87e,انرژی,current_assets,1,1,2026-06-21,,True,PRESENT,1,CurrentAssets,
81d29112-38ae-458b-b94a-7918e860b87e,انرژی,total_liabilities,1,1,2026-06-21,,True,PRESENT,1,TotalLiabilities,
81d29112-38ae-458b-b94a-7918e860b87e,انرژی,current_liabilities,1,1,2026-06-21,,True,PRESENT,1,CurrentLiabilities,
81d29112-38ae-458b-b94a-7918e860b87e,انرژی,total_equity,1,1,2026-06-21,,True,PRESENT,1,TotalEquity,
81d29112-38ae-458b-b94a-7918e860b87e,انرژی,operating_cash_flow,1,3,2026-06-21,True,True,PRESENT,1,OperatingCashFlow,
81d29112-38ae-458b-b94a-7918e860b87e,انرژی,finance_cost,1,1,2026-06-21,,True,PRESENT,1,FinanceCostsNew,
81d29112-38ae-458b-b94a-7918e860b87e,انرژی,other_non_operating,1,1,2026-06-21,,True,PRESENT,1,OtherNonOpNew,
295f68b6-1f9d-4004-910d-039a20aa2d79,دامین,revenue,1,3,2026-06-21,True,True,PRESENT,1,RevenueNew,
295f68b6-1f9d-4004-910d-039a20aa2d79,دامین,net_profit,1,3,2026-06-21,True,True,PRESENT,1,NetProfitAmount,
295f68b6-1f9d-4004-910d-039a20aa2d79,دامین,operating_profit,28,3,2026-06-21,True,True,PRESENT,1,OperatingProfitNew,
295f68b6-1f9d-4004-910d-039a20aa2d79,دامین,eps,28,3,2026-06-21,True,True,PRESENT,1,Num1_Value1,
295f68b6-1f9d-4004-910d-039a20aa2d79,دامین,capital,28,1,2026-06-21,,True,PRESENT,1,Num2_Value1,
295f68b6-1f9d-4004-910d-039a20aa2d79,دامین,total_assets,1,1,2026-06-21,,True,PRESENT,1,TotalAssets,
295f68b6-1f9d-4004-910d-039a20aa2d79,دامین,current_assets,1,1,2026-06-21,,True,PRESENT,1,CurrentAssets,
295f68b6-1f9d-4004-910d-039a20aa2d79,دامین,total_liabilities,1,1,2026-06-21,,True,PRESENT,1,TotalLiabilities,
295f68b6-1f9d-4004-910d-039a20aa2d79,دامین,current_liabilities,1,1,2026-06-21,,True,PRESENT,1,CurrentLiabilities,
295f68b6-1f9d-4004-910d-039a20aa2d79,دامین,total_equity,1,1,2026-06-21,,True,PRESENT,1,TotalEquity,
295f68b6-1f9d-4004-910d-039a20aa2d79,دامین,operating_cash_flow,1,3,2026-06-21,True,True,PRESENT,1,OperatingCashFlow,
295f68b6-1f9d-4004-910d-039a20aa2d79,دامین,finance_cost,1,1,2026-06-21,,True,PRESENT,1,FinanceCostsNew,
295f68b6-1f9d-4004-910d-039a20aa2d79,دامین,other_non_operating,1,1,2026-06-21,,True,PRESENT,1,OtherNonOpNew,
c78433dc-e873-4bc9-85c4-794f755e5637,بوعلی,revenue,1,3,2026-06-21,True,True,PRESENT,1,RevenueNew,
c78433dc-e873-4bc9-85c4-794f755e5637,بوعلی,net_profit,1,3,2026-06-21,True,True,PRESENT,1,NetProfitAmount,
c78433dc-e873-4bc9-85c4-794f755e5637,بوعلی,operating_profit,26,3,2026-06-21,True,True,PRESENT,1,OperatingProfitNew,
c78433dc-e873-4bc9-85c4-794f755e5637,بوعلی,eps,26,3,2026-06-21,True,True,PRESENT,1,Num1_Value1,
c78433dc-e873-4bc9-85c4-794f755e5637,بوعلی,capital,26,1,2026-06-21,,True,PRESENT,1,Num2_Value1,
c78433dc-e873-4bc9-85c4-794f755e5637,بوعلی,total_assets,1,1,2026-06-21,,True,PRESENT,1,TotalAssets,
c78433dc-e873-4bc9-85c4-794f755e5637,بوعلی,current_assets,1,1,2026-06-21,,True,PRESENT,1,CurrentAssets,
c78433dc-e873-4bc9-85c4-794f755e5637,بوعلی,total_liabilities,1,1,2026-06-21,,True,PRESENT,1,TotalLiabilities,
c78433dc-e873-4bc9-85c4-794f755e5637,بوعلی,current_liabilities,1,1,2026-06-21,,True,PRESENT,1,CurrentLiabilities,
c78433dc-e873-4bc9-85c4-794f755e5637,بوعلی,total_equity,1,1,2026-06-21,,True,PRESENT,1,TotalEquity,
c78433dc-e873-4bc9-85c4-794f755e5637,بوعلی,operating_cash_flow,1,3,2026-06-21,True,True,PRESENT,1,OperatingCashFlow,
c78433dc-e873-4bc9-85c4-794f755e5637,بوعلی,finance_cost,1,1,2026-06-21,,True,PRESENT,1,FinanceCostsNew,
c78433dc-e873-4bc9-85c4-794f755e5637,بوعلی,other_non_operating,1,1,2026-06-21,,True,PRESENT,1,OtherNonOpNew,
18ae240b-8655-405f-9a37-307d7e6a213a,کمنگنز,revenue,1,3,2026-06-21,True,True,PRESENT,1,RevenueNew,
18ae240b-8655-405f-9a37-307d7e6a213a,کمنگنز,net_profit,1,3,2026-06-21,True,True,PRESENT,1,NetProfitAmount,
18ae240b-8655-405f-9a37-307d7e6a213a,کمنگنز,operating_profit,28,3,2026-06-21,True,True,PRESENT,1,OperatingProfitNew,
18ae240b-8655-405f-9a37-307d7e6a213a,کمنگنز,eps,28,3,2026-06-21,True,True,PRESENT,1,Num1_Value1,
18ae240b-8655-405f-9a37-307d7e6a213a,کمنگنز,capital,28,1,2026-06-21,,True,PRESENT,1,Num2_Value1,
18ae240b-8655-405f-9a37-307d7e6a213a,کمنگنز,total_assets,1,1,2026-06-21,,True,PRESENT,1,TotalAssets,
18ae240b-8655-405f-9a37-307d7e6a213a,کمنگنز,current_assets,1,1,2026-06-21,,True,PRESENT,1,CurrentAssets,
18ae240b-8655-405f-9a37-307d7e6a213a,کمنگنز,total_liabilities,1,1,2026-06-21,,True,PRESENT,1,TotalLiabilities,
18ae240b-8655-405f-9a37-307d7e6a213a,کمنگنز,current_liabilities,1,1,2026-06-21,,True,PRESENT,1,CurrentLiabilities,
18ae240b-8655-405f-9a37-307d7e6a213a,کمنگنز,total_equity,1,1,2026-06-21,,True,PRESENT,1,TotalEquity,
18ae240b-8655-405f-9a37-307d7e6a213a,کمنگنز,operating_cash_flow,1,3,2026-06-21,True,True,PRESENT,1,OperatingCashFlow,
18ae240b-8655-405f-9a37-307d7e6a213a,کمنگنز,finance_cost,1,1,2026-06-21,,True,PRESENT,1,FinanceCostsNew,
18ae240b-8655-405f-9a37-307d7e6a213a,کمنگنز,other_non_operating,1,1,2026-06-21,,True,PRESENT,1,OtherNonOpNew,
66dcc89a-9b18-4411-abb7-78a96105b91c,زمگسا,revenue,1,3,2026-06-21,False,True,INSUFFICIENT_TTM_PERIODS,1,RevenueNew,C
66dcc89a-9b18-4411-abb7-78a96105b91c,زمگسا,net_profit,0,3,,False,True,SOURCE_ABSENT,0,NetProfitAmount,D
66dcc89a-9b18-4411-abb7-78a96105b91c,زمگسا,operating_profit,26,3,2026-06-21,False,True,TTM_RECOVERABLE_REPORT_CHAIN,1,OperatingProfitNew,B
66dcc89a-9b18-4411-abb7-78a96105b91c,زمگسا,eps,26,3,2026-06-21,True,True,PRESENT,1,Num1_Value1,
66dcc89a-9b18-4411-abb7-78a96105b91c,زمگسا,capital,26,1,2026-06-21,,True,PRESENT,1,Num2_Value1,
66dcc89a-9b18-4411-abb7-78a96105b91c,زمگسا,total_assets,0,1,,,True,SOURCE_ABSENT,0,TotalAssets,D
66dcc89a-9b18-4411-abb7-78a96105b91c,زمگسا,current_assets,0,1,,,True,SOURCE_ABSENT,0,CurrentAssets,D
66dcc89a-9b18-4411-abb7-78a96105b91c,زمگسا,total_liabilities,0,1,,,True,SOURCE_ABSENT,0,TotalLiabilities,D
66dcc89a-9b18-4411-abb7-78a96105b91c,زمگسا,current_liabilities,0,1,,,True,SOURCE_ABSENT,0,CurrentLiabilities,D
66dcc89a-9b18-4411-abb7-78a96105b91c,زمگسا,total_equity,0,1,,,True,SOURCE_ABSENT,0,TotalEquity,D
66dcc89a-9b18-4411-abb7-78a96105b91c,زمگسا,operating_cash_flow,0,3,,False,True,SOURCE_ABSENT,0,OperatingCashFlow,D
66dcc89a-9b18-4411-abb7-78a96105b91c,زمگسا,finance_cost,1,1,2026-06-21,,True,PRESENT,1,FinanceCostsNew,
66dcc89a-9b18-4411-abb7-78a96105b91c,زمگسا,other_non_operating,1,1,2026-06-21,,True,PRESENT,1,OtherNonOpNew,
f987c8a0-eef2-4fb0-b3b5-dcb976b6eb48,غشوکو,revenue,0,3,,False,True,SOURCE_ABSENT,0,RevenueNew,D
f987c8a0-eef2-4fb0-b3b5-dcb976b6eb48,غشوکو,net_profit,0,3,,False,True,SOURCE_ABSENT,0,NetProfitAmount,D
f987c8a0-eef2-4fb0-b3b5-dcb976b6eb48,غشوکو,operating_profit,28,3,2026-06-21,False,True,TTM_RECOVERABLE_REPORT_CHAIN,1,OperatingProfitNew,B
f987c8a0-eef2-4fb0-b3b5-dcb976b6eb48,غشوکو,eps,28,3,2026-06-21,True,True,PRESENT,1,Num1_Value1,
f987c8a0-eef2-4fb0-b3b5-dcb976b6eb48,غشوکو,capital,28,1,2026-06-21,,True,PRESENT,1,Num2_Value1,
f987c8a0-eef2-4fb0-b3b5-dcb976b6eb48,غشوکو,total_assets,0,1,,,True,SOURCE_ABSENT,0,TotalAssets,D
f987c8a0-eef2-4fb0-b3b5-dcb976b6eb48,غشوکو,current_assets,0,1,,,True,SOURCE_ABSENT,0,CurrentAssets,D
f987c8a0-eef2-4fb0-b3b5-dcb976b6eb48,غشوکو,total_liabilities,0,1,,,True,SOURCE_ABSENT,0,TotalLiabilities,D
f987c8a0-eef2-4fb0-b3b5-dcb976b6eb48,غشوکو,current_liabilities,0,1,,,True,SOURCE_ABSENT,0,CurrentLiabilities,D
f987c8a0-eef2-4fb0-b3b5-dcb976b6eb48,غشوکو,total_equity,0,1,,,True,SOURCE_ABSENT,0,TotalEquity,D
f987c8a0-eef2-4fb0-b3b5-dcb976b6eb48,غشوکو,operating_cash_flow,0,3,,False,True,SOURCE_ABSENT,0,OperatingCashFlow,D
f987c8a0-eef2-4fb0-b3b5-dcb976b6eb48,غشوکو,finance_cost,0,1,,,True,SOURCE_ABSENT,0,FinanceCostsNew,D
f987c8a0-eef2-4fb0-b3b5-dcb976b6eb48,غشوکو,other_non_operating,0,1,,,True,SOURCE_ABSENT,0,OtherNonOpNew,D
3cd5635b-d0df-4842-a1bc-7176a103896f,شتران,revenue,1,3,2026-06-21,True,True,PRESENT,1,RevenueNew,
3cd5635b-d0df-4842-a1bc-7176a103896f,شتران,net_profit,1,3,2026-06-21,True,True,PRESENT,1,NetProfitAmount,
3cd5635b-d0df-4842-a1bc-7176a103896f,شتران,operating_profit,28,3,2026-06-21,True,True,PRESENT,1,OperatingProfitNew,
3cd5635b-d0df-4842-a1bc-7176a103896f,شتران,eps,28,3,2026-06-21,True,True,PRESENT,1,Num1_Value1,
3cd5635b-d0df-4842-a1bc-7176a103896f,شتران,capital,28,1,2026-06-21,,True,PRESENT,1,Num2_Value1,
3cd5635b-d0df-4842-a1bc-7176a103896f,شتران,total_assets,1,1,2026-06-21,,True,PRESENT,1,TotalAssets,
3cd5635b-d0df-4842-a1bc-7176a103896f,شتران,current_assets,1,1,2026-06-21,,True,PRESENT,1,CurrentAssets,
3cd5635b-d0df-4842-a1bc-7176a103896f,شتران,total_liabilities,1,1,2026-06-21,,True,PRESENT,1,TotalLiabilities,
3cd5635b-d0df-4842-a1bc-7176a103896f,شتران,current_liabilities,1,1,2026-06-21,,True,PRESENT,1,CurrentLiabilities,
3cd5635b-d0df-4842-a1bc-7176a103896f,شتران,total_equity,1,1,2026-06-21,,True,PRESENT,1,TotalEquity,
3cd5635b-d0df-4842-a1bc-7176a103896f,شتران,operating_cash_flow,1,3,2026-06-21,True,True,PRESENT,1,OperatingCashFlow,
3cd5635b-d0df-4842-a1bc-7176a103896f,شتران,finance_cost,1,1,2026-06-21,,True,PRESENT,1,FinanceCostsNew,
3cd5635b-d0df-4842-a1bc-7176a103896f,شتران,other_non_operating,1,1,2026-06-21,,True,PRESENT,1,OtherNonOpNew,
ba05c4b9-5f3b-47a1-8b84-6618480e8dad,سغرب,revenue,0,3,,False,True,SOURCE_ABSENT,0,RevenueNew,D
ba05c4b9-5f3b-47a1-8b84-6618480e8dad,سغرب,net_profit,0,3,,False,True,SOURCE_ABSENT,0,NetProfitAmount,D
ba05c4b9-5f3b-47a1-8b84-6618480e8dad,سغرب,operating_profit,26,3,2026-03-20,True,True,PRESENT,1,OperatingProfitNew,
ba05c4b9-5f3b-47a1-8b84-6618480e8dad,سغرب,eps,26,3,2026-03-20,True,True,PRESENT,1,Num1_Value1,
ba05c4b9-5f3b-47a1-8b84-6618480e8dad,سغرب,capital,26,1,2026-03-20,,True,PRESENT,1,Num2_Value1,
ba05c4b9-5f3b-47a1-8b84-6618480e8dad,سغرب,total_assets,0,1,,,True,SOURCE_ABSENT,0,TotalAssets,D
ba05c4b9-5f3b-47a1-8b84-6618480e8dad,سغرب,current_assets,0,1,,,True,SOURCE_ABSENT,0,CurrentAssets,D
ba05c4b9-5f3b-47a1-8b84-6618480e8dad,سغرب,total_liabilities,0,1,,,True,SOURCE_ABSENT,0,TotalLiabilities,D
ba05c4b9-5f3b-47a1-8b84-6618480e8dad,سغرب,current_liabilities,0,1,,,True,SOURCE_ABSENT,0,CurrentLiabilities,D
ba05c4b9-5f3b-47a1-8b84-6618480e8dad,سغرب,total_equity,0,1,,,True,SOURCE_ABSENT,0,TotalEquity,D
ba05c4b9-5f3b-47a1-8b84-6618480e8dad,سغرب,operating_cash_flow,0,3,,False,True,SOURCE_ABSENT,0,OperatingCashFlow,D
ba05c4b9-5f3b-47a1-8b84-6618480e8dad,سغرب,finance_cost,0,1,,,True,SOURCE_ABSENT,0,FinanceCostsNew,D
ba05c4b9-5f3b-47a1-8b84-6618480e8dad,سغرب,other_non_operating,0,1,,,True,SOURCE_ABSENT,0,OtherNonOpNew,D
e6917a5f-8afe-4c97-b763-3196a4defc99,دکپسول,revenue,0,3,,False,True,SOURCE_ABSENT,0,RevenueNew,D
e6917a5f-8afe-4c97-b763-3196a4defc99,دکپسول,net_profit,0,3,,False,True,SOURCE_ABSENT,0,NetProfitAmount,D
e6917a5f-8afe-4c97-b763-3196a4defc99,دکپسول,operating_profit,28,3,2026-06-21,False,True,TTM_RECOVERABLE_REPORT_CHAIN,1,OperatingProfitNew,B
e6917a5f-8afe-4c97-b763-3196a4defc99,دکپسول,eps,28,3,2026-06-21,True,True,PRESENT,1,Num1_Value1,
e6917a5f-8afe-4c97-b763-3196a4defc99,دکپسول,capital,28,1,2026-06-21,,True,PRESENT,1,Num2_Value1,
e6917a5f-8afe-4c97-b763-3196a4defc99,دکپسول,total_assets,0,1,,,True,SOURCE_ABSENT,0,TotalAssets,D
e6917a5f-8afe-4c97-b763-3196a4defc99,دکپسول,current_assets,0,1,,,True,SOURCE_ABSENT,0,CurrentAssets,D
e6917a5f-8afe-4c97-b763-3196a4defc99,دکپسول,total_liabilities,0,1,,,True,SOURCE_ABSENT,0,TotalLiabilities,D
e6917a5f-8afe-4c97-b763-3196a4defc99,دکپسول,current_liabilities,0,1,,,True,SOURCE_ABSENT,0,CurrentLiabilities,D
e6917a5f-8afe-4c97-b763-3196a4defc99,دکپسول,total_equity,0,1,,,True,SOURCE_ABSENT,0,TotalEquity,D
e6917a5f-8afe-4c97-b763-3196a4defc99,دکپسول,operating_cash_flow,0,3,,False,True,SOURCE_ABSENT,0,OperatingCashFlow,D
e6917a5f-8afe-4c97-b763-3196a4defc99,دکپسول,finance_cost,0,1,,,True,SOURCE_ABSENT,0,FinanceCostsNew,D
e6917a5f-8afe-4c97-b763-3196a4defc99,دکپسول,other_non_operating,0,1,,,True,SOURCE_ABSENT,0,OtherNonOpNew,D
cafe7161-5b50-4b8b-9784-126793f3396e,چکارن,revenue,1,3,2026-06-21,True,True,PRESENT,1,RevenueNew,
cafe7161-5b50-4b8b-9784-126793f3396e,چکارن,net_profit,1,3,2026-06-21,True,True,PRESENT,1,NetProfitAmount,
cafe7161-5b50-4b8b-9784-126793f3396e,چکارن,operating_profit,27,3,2026-06-21,True,True,PRESENT,1,OperatingProfitNew,
cafe7161-5b50-4b8b-9784-126793f3396e,چکارن,eps,27,3,2026-06-21,True,True,PRESENT,1,Num1_Value1,
cafe7161-5b50-4b8b-9784-126793f3396e,چکارن,capital,27,1,2026-06-21,,True,PRESENT,1,Num2_Value1,
cafe7161-5b50-4b8b-9784-126793f3396e,چکارن,total_assets,1,1,2026-06-21,,True,PRESENT,1,TotalAssets,
cafe7161-5b50-4b8b-9784-126793f3396e,چکارن,current_assets,1,1,2026-06-21,,True,PRESENT,1,CurrentAssets,
cafe7161-5b50-4b8b-9784-126793f3396e,چکارن,total_liabilities,1,1,2026-06-21,,True,PRESENT,1,TotalLiabilities,
cafe7161-5b50-4b8b-9784-126793f3396e,چکارن,current_liabilities,1,1,2026-06-21,,True,PRESENT,1,CurrentLiabilities,
cafe7161-5b50-4b8b-9784-126793f3396e,چکارن,total_equity,1,1,2026-06-21,,True,PRESENT,1,TotalEquity,
cafe7161-5b50-4b8b-9784-126793f3396e,چکارن,operating_cash_flow,1,3,2026-06-21,True,True,PRESENT,1,OperatingCashFlow,
cafe7161-5b50-4b8b-9784-126793f3396e,چکارن,finance_cost,1,1,2026-06-21,,True,PRESENT,1,FinanceCostsNew,
cafe7161-5b50-4b8b-9784-126793f3396e,چکارن,other_non_operating,1,1,2026-06-21,,True,PRESENT,1,OtherNonOpNew,
3bc882ec-42f3-4aa6-9ff8-6ca689c91a1a,هجرت,revenue,0,3,,False,True,SOURCE_ABSENT,0,RevenueNew,D
3bc882ec-42f3-4aa6-9ff8-6ca689c91a1a,هجرت,net_profit,0,3,,False,True,SOURCE_ABSENT,0,NetProfitAmount,D
3bc882ec-42f3-4aa6-9ff8-6ca689c91a1a,هجرت,operating_profit,27,3,2026-06-21,False,True,TTM_RECOVERABLE_REPORT_CHAIN,1,OperatingProfitNew,B
3bc882ec-42f3-4aa6-9ff8-6ca689c91a1a,هجرت,eps,27,3,2026-06-21,True,True,PRESENT,1,Num1_Value1,
3bc882ec-42f3-4aa6-9ff8-6ca689c91a1a,هجرت,capital,27,1,2026-06-21,,True,PRESENT,1,Num2_Value1,
3bc882ec-42f3-4aa6-9ff8-6ca689c91a1a,هجرت,total_assets,0,1,,,True,SOURCE_ABSENT,0,TotalAssets,D
3bc882ec-42f3-4aa6-9ff8-6ca689c91a1a,هجرت,current_assets,0,1,,,True,SOURCE_ABSENT,0,CurrentAssets,D
3bc882ec-42f3-4aa6-9ff8-6ca689c91a1a,هجرت,total_liabilities,0,1,,,True,SOURCE_ABSENT,0,TotalLiabilities,D
3bc882ec-42f3-4aa6-9ff8-6ca689c91a1a,هجرت,current_liabilities,0,1,,,True,SOURCE_ABSENT,0,CurrentLiabilities,D
3bc882ec-42f3-4aa6-9ff8-6ca689c91a1a,هجرت,total_equity,0,1,,,True,SOURCE_ABSENT,0,TotalEquity,D
3bc882ec-42f3-4aa6-9ff8-6ca689c91a1a,هجرت,operating_cash_flow,0,3,,False,True,SOURCE_ABSENT,0,OperatingCashFlow,D
3bc882ec-42f3-4aa6-9ff8-6ca689c91a1a,هجرت,finance_cost,0,1,,,True,SOURCE_ABSENT,0,FinanceCostsNew,D
3bc882ec-42f3-4aa6-9ff8-6ca689c91a1a,هجرت,other_non_operating,0,1,,,True,SOURCE_ABSENT,0,OtherNonOpNew,D
5318dd74-4cfa-4d65-aba3-a9fc9f345a7d,غانیزان,revenue,0,3,,False,True,SOURCE_ABSENT,0,RevenueNew,D
5318dd74-4cfa-4d65-aba3-a9fc9f345a7d,غانیزان,net_profit,0,3,,False,True,SOURCE_ABSENT,0,NetProfitAmount,D
5318dd74-4cfa-4d65-aba3-a9fc9f345a7d,غانیزان,operating_profit,9,3,2026-03-20,True,True,PRESENT,1,OperatingProfitNew,
5318dd74-4cfa-4d65-aba3-a9fc9f345a7d,غانیزان,eps,9,3,2026-03-20,True,True,PRESENT,1,Num1_Value1,
5318dd74-4cfa-4d65-aba3-a9fc9f345a7d,غانیزان,capital,9,1,2026-03-20,,True,PRESENT,1,Num2_Value1,
5318dd74-4cfa-4d65-aba3-a9fc9f345a7d,غانیزان,total_assets,0,1,,,True,SOURCE_ABSENT,0,TotalAssets,D
5318dd74-4cfa-4d65-aba3-a9fc9f345a7d,غانیزان,current_assets,0,1,,,True,SOURCE_ABSENT,0,CurrentAssets,D
5318dd74-4cfa-4d65-aba3-a9fc9f345a7d,غانیزان,total_liabilities,0,1,,,True,SOURCE_ABSENT,0,TotalLiabilities,D
5318dd74-4cfa-4d65-aba3-a9fc9f345a7d,غانیزان,current_liabilities,0,1,,,True,SOURCE_ABSENT,0,CurrentLiabilities,D
5318dd74-4cfa-4d65-aba3-a9fc9f345a7d,غانیزان,total_equity,0,1,,,True,SOURCE_ABSENT,0,TotalEquity,D
5318dd74-4cfa-4d65-aba3-a9fc9f345a7d,غانیزان,operating_cash_flow,0,3,,False,True,SOURCE_ABSENT,0,OperatingCashFlow,D
5318dd74-4cfa-4d65-aba3-a9fc9f345a7d,غانیزان,finance_cost,0,1,,,True,SOURCE_ABSENT,0,FinanceCostsNew,D
5318dd74-4cfa-4d65-aba3-a9fc9f345a7d,غانیزان,other_non_operating,0,1,,,True,SOURCE_ABSENT,0,OtherNonOpNew,D
3a998068-900b-46c8-af81-e6be406ed372,فسرب,revenue,2,3,2026-06-21,True,True,PRESENT,1,RevenueNew,
3a998068-900b-46c8-af81-e6be406ed372,فسرب,net_profit,2,3,2026-06-21,True,True,PRESENT,1,NetProfitAmount,
3a998068-900b-46c8-af81-e6be406ed372,فسرب,operating_profit,27,3,2026-06-21,True,True,PRESENT,1,OperatingProfitNew,
3a998068-900b-46c8-af81-e6be406ed372,فسرب,eps,27,3,2026-06-21,True,True,PRESENT,1,Num1_Value1,
3a998068-900b-46c8-af81-e6be406ed372,فسرب,capital,27,1,2026-06-21,,True,PRESENT,1,Num2_Value1,
3a998068-900b-46c8-af81-e6be406ed372,فسرب,total_assets,2,1,2026-06-21,,True,PRESENT,1,TotalAssets,
3a998068-900b-46c8-af81-e6be406ed372,فسرب,current_assets,2,1,2026-06-21,,True,PRESENT,1,CurrentAssets,
3a998068-900b-46c8-af81-e6be406ed372,فسرب,total_liabilities,2,1,2026-06-21,,True,PRESENT,1,TotalLiabilities,
3a998068-900b-46c8-af81-e6be406ed372,فسرب,current_liabilities,2,1,2026-06-21,,True,PRESENT,1,CurrentLiabilities,
3a998068-900b-46c8-af81-e6be406ed372,فسرب,total_equity,2,1,2026-06-21,,True,PRESENT,1,TotalEquity,
3a998068-900b-46c8-af81-e6be406ed372,فسرب,operating_cash_flow,2,3,2026-06-21,True,True,PRESENT,1,OperatingCashFlow,
3a998068-900b-46c8-af81-e6be406ed372,فسرب,finance_cost,2,1,2026-06-21,,True,PRESENT,1,FinanceCostsNew,
3a998068-900b-46c8-af81-e6be406ed372,فسرب,other_non_operating,2,1,2026-06-21,,True,PRESENT,1,OtherNonOpNew,
305e9275-40bf-4650-8686-09d772a9831b,زفکا,revenue,2,3,2026-06-21,True,True,PRESENT,1,RevenueNew,
305e9275-40bf-4650-8686-09d772a9831b,زفکا,net_profit,1,3,2026-06-21,True,True,PRESENT,1,NetProfitAmount,
305e9275-40bf-4650-8686-09d772a9831b,زفکا,operating_profit,27,3,2026-06-21,True,True,PRESENT,1,OperatingProfitNew,
305e9275-40bf-4650-8686-09d772a9831b,زفکا,eps,27,3,2026-06-21,True,True,PRESENT,1,Num1_Value1,
305e9275-40bf-4650-8686-09d772a9831b,زفکا,capital,27,1,2026-06-21,,True,PRESENT,1,Num2_Value1,
305e9275-40bf-4650-8686-09d772a9831b,زفکا,total_assets,1,1,2026-06-21,,True,PRESENT,1,TotalAssets,
305e9275-40bf-4650-8686-09d772a9831b,زفکا,current_assets,1,1,2026-06-21,,True,PRESENT,1,CurrentAssets,
305e9275-40bf-4650-8686-09d772a9831b,زفکا,total_liabilities,1,1,2026-06-21,,True,PRESENT,1,TotalLiabilities,
305e9275-40bf-4650-8686-09d772a9831b,زفکا,current_liabilities,1,1,2026-06-21,,True,PRESENT,1,CurrentLiabilities,
305e9275-40bf-4650-8686-09d772a9831b,زفکا,total_equity,1,1,2026-06-21,,True,PRESENT,1,TotalEquity,
305e9275-40bf-4650-8686-09d772a9831b,زفکا,operating_cash_flow,1,3,2026-06-21,True,True,PRESENT,1,OperatingCashFlow,
305e9275-40bf-4650-8686-09d772a9831b,زفکا,finance_cost,2,1,2026-06-21,,True,PRESENT,1,FinanceCostsNew,
305e9275-40bf-4650-8686-09d772a9831b,زفکا,other_non_operating,2,1,2026-06-21,,True,PRESENT,1,OtherNonOpNew,
ef6075bf-d582-4f10-bf66-3d419f9d871c,زبینا,revenue,1,3,2026-06-21,True,True,PRESENT,1,RevenueNew,
ef6075bf-d582-4f10-bf66-3d419f9d871c,زبینا,net_profit,1,3,2026-06-21,True,True,PRESENT,1,NetProfitAmount,
ef6075bf-d582-4f10-bf66-3d419f9d871c,زبینا,operating_profit,25,3,2026-06-21,True,True,PRESENT,1,OperatingProfitNew,
ef6075bf-d582-4f10-bf66-3d419f9d871c,زبینا,eps,25,3,2026-06-21,True,True,PRESENT,1,Num1_Value1,
ef6075bf-d582-4f10-bf66-3d419f9d871c,زبینا,capital,25,1,2026-06-21,,True,PRESENT,1,Num2_Value1,
ef6075bf-d582-4f10-bf66-3d419f9d871c,زبینا,total_assets,1,1,2026-06-21,,True,PRESENT,1,TotalAssets,
ef6075bf-d582-4f10-bf66-3d419f9d871c,زبینا,current_assets,1,1,2026-06-21,,True,PRESENT,1,CurrentAssets,
ef6075bf-d582-4f10-bf66-3d419f9d871c,زبینا,total_liabilities,1,1,2026-06-21,,True,PRESENT,1,TotalLiabilities,
ef6075bf-d582-4f10-bf66-3d419f9d871c,زبینا,current_liabilities,1,1,2026-06-21,,True,PRESENT,1,CurrentLiabilities,
ef6075bf-d582-4f10-bf66-3d419f9d871c,زبینا,total_equity,1,1,2026-06-21,,True,PRESENT,1,TotalEquity,
ef6075bf-d582-4f10-bf66-3d419f9d871c,زبینا,operating_cash_flow,1,3,2026-06-21,True,True,PRESENT,1,OperatingCashFlow,
ef6075bf-d582-4f10-bf66-3d419f9d871c,زبینا,finance_cost,1,1,2026-06-21,,True,PRESENT,1,FinanceCostsNew,
ef6075bf-d582-4f10-bf66-3d419f9d871c,زبینا,other_non_operating,1,1,2026-06-21,,True,PRESENT,1,OtherNonOpNew,
258ec04e-d9dd-4f83-ad40-64f2c78e8eb2,بنو,revenue,0,3,,False,True,SOURCE_ABSENT,0,RevenueNew,D
258ec04e-d9dd-4f83-ad40-64f2c78e8eb2,بنو,net_profit,0,3,,False,True,SOURCE_ABSENT,0,NetProfitAmount,D
258ec04e-d9dd-4f83-ad40-64f2c78e8eb2,بنو,operating_profit,28,3,2026-03-20,True,True,PRESENT,1,OperatingProfitNew,
258ec04e-d9dd-4f83-ad40-64f2c78e8eb2,بنو,eps,28,3,2026-03-20,True,True,PRESENT,1,Num1_Value1,
258ec04e-d9dd-4f83-ad40-64f2c78e8eb2,بنو,capital,28,1,2026-03-20,,True,PRESENT,1,Num2_Value1,
258ec04e-d9dd-4f83-ad40-64f2c78e8eb2,بنو,total_assets,0,1,,,True,SOURCE_ABSENT,0,TotalAssets,D
258ec04e-d9dd-4f83-ad40-64f2c78e8eb2,بنو,current_assets,0,1,,,True,SOURCE_ABSENT,0,CurrentAssets,D
258ec04e-d9dd-4f83-ad40-64f2c78e8eb2,بنو,total_liabilities,0,1,,,True,SOURCE_ABSENT,0,TotalLiabilities,D
258ec04e-d9dd-4f83-ad40-64f2c78e8eb2,بنو,current_liabilities,0,1,,,True,SOURCE_ABSENT,0,CurrentLiabilities,D
258ec04e-d9dd-4f83-ad40-64f2c78e8eb2,بنو,total_equity,0,1,,,True,SOURCE_ABSENT,0,TotalEquity,D
258ec04e-d9dd-4f83-ad40-64f2c78e8eb2,بنو,operating_cash_flow,0,3,,False,True,SOURCE_ABSENT,0,OperatingCashFlow,D
258ec04e-d9dd-4f83-ad40-64f2c78e8eb2,بنو,finance_cost,0,1,,,True,SOURCE_ABSENT,0,FinanceCostsNew,D
258ec04e-d9dd-4f83-ad40-64f2c78e8eb2,بنو,other_non_operating,0,1,,,True,SOURCE_ABSENT,0,OtherNonOpNew,D
9ffc6a6a-3337-48f3-84a7-5d56050b298f,وتوشه,revenue,0,3,,False,True,SOURCE_ABSENT,0,RevenueNew,D
9ffc6a6a-3337-48f3-84a7-5d56050b298f,وتوشه,net_profit,0,3,,False,True,SOURCE_ABSENT,0,NetProfitAmount,D
9ffc6a6a-3337-48f3-84a7-5d56050b298f,وتوشه,operating_profit,23,3,2025-12-21,False,True,TTM_RECOVERABLE_REPORT_CHAIN,1,OperatingProfitNew,B
9ffc6a6a-3337-48f3-84a7-5d56050b298f,وتوشه,eps,23,3,2025-12-21,True,True,PRESENT,1,Num1_Value1,
9ffc6a6a-3337-48f3-84a7-5d56050b298f,وتوشه,capital,23,1,2025-12-21,,True,PRESENT,1,Num2_Value1,
9ffc6a6a-3337-48f3-84a7-5d56050b298f,وتوشه,total_assets,0,1,,,True,SOURCE_ABSENT,0,TotalAssets,D
9ffc6a6a-3337-48f3-84a7-5d56050b298f,وتوشه,current_assets,0,1,,,True,SOURCE_ABSENT,0,CurrentAssets,D
9ffc6a6a-3337-48f3-84a7-5d56050b298f,وتوشه,total_liabilities,0,1,,,True,SOURCE_ABSENT,0,TotalLiabilities,D
9ffc6a6a-3337-48f3-84a7-5d56050b298f,وتوشه,current_liabilities,0,1,,,True,SOURCE_ABSENT,0,CurrentLiabilities,D
9ffc6a6a-3337-48f3-84a7-5d56050b298f,وتوشه,total_equity,0,1,,,True,SOURCE_ABSENT,0,TotalEquity,D
9ffc6a6a-3337-48f3-84a7-5d56050b298f,وتوشه,operating_cash_flow,0,3,,False,True,SOURCE_ABSENT,0,OperatingCashFlow,D
9ffc6a6a-3337-48f3-84a7-5d56050b298f,وتوشه,finance_cost,0,1,,,True,SOURCE_ABSENT,0,FinanceCostsNew,D
9ffc6a6a-3337-48f3-84a7-5d56050b298f,وتوشه,other_non_operating,0,1,,,True,SOURCE_ABSENT,0,OtherNonOpNew,D
a36c3397-24e6-44bc-ae13-d4904769bc05,آریا,revenue,0,3,,False,True,SOURCE_ABSENT,0,RevenueNew,D
a36c3397-24e6-44bc-ae13-d4904769bc05,آریا,net_profit,0,3,,False,True,SOURCE_ABSENT,0,NetProfitAmount,D
a36c3397-24e6-44bc-ae13-d4904769bc05,آریا,operating_profit,27,3,2026-06-21,False,True,TTM_RECOVERABLE_REPORT_CHAIN,1,OperatingProfitNew,B
a36c3397-24e6-44bc-ae13-d4904769bc05,آریا,eps,27,3,2026-06-21,True,True,PRESENT,1,Num1_Value1,
a36c3397-24e6-44bc-ae13-d4904769bc05,آریا,capital,27,1,2026-06-21,,True,PRESENT,1,Num2_Value1,
a36c3397-24e6-44bc-ae13-d4904769bc05,آریا,total_assets,0,1,,,True,SOURCE_ABSENT,0,TotalAssets,D
a36c3397-24e6-44bc-ae13-d4904769bc05,آریا,current_assets,0,1,,,True,SOURCE_ABSENT,0,CurrentAssets,D
a36c3397-24e6-44bc-ae13-d4904769bc05,آریا,total_liabilities,0,1,,,True,SOURCE_ABSENT,0,TotalLiabilities,D
a36c3397-24e6-44bc-ae13-d4904769bc05,آریا,current_liabilities,0,1,,,True,SOURCE_ABSENT,0,CurrentLiabilities,D
a36c3397-24e6-44bc-ae13-d4904769bc05,آریا,total_equity,0,1,,,True,SOURCE_ABSENT,0,TotalEquity,D
a36c3397-24e6-44bc-ae13-d4904769bc05,آریا,operating_cash_flow,0,3,,False,True,SOURCE_ABSENT,0,OperatingCashFlow,D
a36c3397-24e6-44bc-ae13-d4904769bc05,آریا,finance_cost,0,1,,,True,SOURCE_ABSENT,0,FinanceCostsNew,D
a36c3397-24e6-44bc-ae13-d4904769bc05,آریا,other_non_operating,0,1,,,True,SOURCE_ABSENT,0,OtherNonOpNew,D
9ff6a23c-5ade-4c8a-a72e-ab0449b274c1,غمینو,revenue,28,3,2026-06-21,True,True,PRESENT,1,RevenueNew,
9ff6a23c-5ade-4c8a-a72e-ab0449b274c1,غمینو,net_profit,28,3,2026-06-21,True,True,PRESENT,1,NetProfitAmount,
9ff6a23c-5ade-4c8a-a72e-ab0449b274c1,غمینو,operating_profit,28,3,2026-06-21,True,True,PRESENT,1,OperatingProfitNew,
9ff6a23c-5ade-4c8a-a72e-ab0449b274c1,غمینو,eps,28,3,2026-06-21,True,True,PRESENT,1,Num1_Value1,
9ff6a23c-5ade-4c8a-a72e-ab0449b274c1,غمینو,capital,28,1,2026-06-21,,True,PRESENT,1,Num2_Value1,
9ff6a23c-5ade-4c8a-a72e-ab0449b274c1,غمینو,total_assets,28,1,2026-06-21,,True,PRESENT,1,TotalAssets,
9ff6a23c-5ade-4c8a-a72e-ab0449b274c1,غمینو,current_assets,28,1,2026-06-21,,True,PRESENT,1,CurrentAssets,
9ff6a23c-5ade-4c8a-a72e-ab0449b274c1,غمینو,total_liabilities,28,1,2026-06-21,,True,PRESENT,1,TotalLiabilities,
9ff6a23c-5ade-4c8a-a72e-ab0449b274c1,غمینو,current_liabilities,28,1,2026-06-21,,True,PRESENT,1,CurrentLiabilities,
9ff6a23c-5ade-4c8a-a72e-ab0449b274c1,غمینو,total_equity,28,1,2026-06-21,,True,PRESENT,1,TotalEquity,
9ff6a23c-5ade-4c8a-a72e-ab0449b274c1,غمینو,operating_cash_flow,28,3,2026-06-21,True,True,PRESENT,1,OperatingCashFlow,
9ff6a23c-5ade-4c8a-a72e-ab0449b274c1,غمینو,finance_cost,28,1,2026-06-21,,True,PRESENT,1,FinanceCostsNew,
9ff6a23c-5ade-4c8a-a72e-ab0449b274c1,غمینو,other_non_operating,28,1,2026-06-21,,True,PRESENT,1,OtherNonOpNew,
371b9a73-1d12-48fa-b3d2-2fb27de25d73,حریل,revenue,0,3,,False,True,SOURCE_ABSENT,0,RevenueNew,D
371b9a73-1d12-48fa-b3d2-2fb27de25d73,حریل,net_profit,0,3,,False,True,SOURCE_ABSENT,0,NetProfitAmount,D
371b9a73-1d12-48fa-b3d2-2fb27de25d73,حریل,operating_profit,28,3,2026-06-21,False,True,TTM_RECOVERABLE_REPORT_CHAIN,1,OperatingProfitNew,B
371b9a73-1d12-48fa-b3d2-2fb27de25d73,حریل,eps,28,3,2026-06-21,True,True,PRESENT,1,Num1_Value1,
371b9a73-1d12-48fa-b3d2-2fb27de25d73,حریل,capital,28,1,2026-06-21,,True,PRESENT,1,Num2_Value1,
371b9a73-1d12-48fa-b3d2-2fb27de25d73,حریل,total_assets,0,1,,,True,SOURCE_ABSENT,0,TotalAssets,D
371b9a73-1d12-48fa-b3d2-2fb27de25d73,حریل,current_assets,0,1,,,True,SOURCE_ABSENT,0,CurrentAssets,D
371b9a73-1d12-48fa-b3d2-2fb27de25d73,حریل,total_liabilities,0,1,,,True,SOURCE_ABSENT,0,TotalLiabilities,D
371b9a73-1d12-48fa-b3d2-2fb27de25d73,حریل,current_liabilities,0,1,,,True,SOURCE_ABSENT,0,CurrentLiabilities,D
371b9a73-1d12-48fa-b3d2-2fb27de25d73,حریل,total_equity,0,1,,,True,SOURCE_ABSENT,0,TotalEquity,D
371b9a73-1d12-48fa-b3d2-2fb27de25d73,حریل,operating_cash_flow,0,3,,False,True,SOURCE_ABSENT,0,OperatingCashFlow,D
371b9a73-1d12-48fa-b3d2-2fb27de25d73,حریل,finance_cost,1,1,2026-06-21,,True,PRESENT,1,FinanceCostsNew,
371b9a73-1d12-48fa-b3d2-2fb27de25d73,حریل,other_non_operating,1,1,2026-06-21,,True,PRESENT,1,OtherNonOpNew,
baa1693d-7de4-4140-9319-aa6fc0186ab1,فنورد,revenue,0,3,,False,True,SOURCE_ABSENT,0,RevenueNew,D
baa1693d-7de4-4140-9319-aa6fc0186ab1,فنورد,net_profit,0,3,,False,True,SOURCE_ABSENT,0,NetProfitAmount,D
baa1693d-7de4-4140-9319-aa6fc0186ab1,فنورد,operating_profit,28,3,2026-06-21,False,True,TTM_RECOVERABLE_REPORT_CHAIN,1,OperatingProfitNew,B
baa1693d-7de4-4140-9319-aa6fc0186ab1,فنورد,eps,28,3,2026-06-21,True,True,PRESENT,1,Num1_Value1,
baa1693d-7de4-4140-9319-aa6fc0186ab1,فنورد,capital,28,1,2026-06-21,,True,PRESENT,1,Num2_Value1,
baa1693d-7de4-4140-9319-aa6fc0186ab1,فنورد,total_assets,0,1,,,True,SOURCE_ABSENT,0,TotalAssets,D
baa1693d-7de4-4140-9319-aa6fc0186ab1,فنورد,current_assets,0,1,,,True,SOURCE_ABSENT,0,CurrentAssets,D
baa1693d-7de4-4140-9319-aa6fc0186ab1,فنورد,total_liabilities,0,1,,,True,SOURCE_ABSENT,0,TotalLiabilities,D
baa1693d-7de4-4140-9319-aa6fc0186ab1,فنورد,current_liabilities,0,1,,,True,SOURCE_ABSENT,0,CurrentLiabilities,D
baa1693d-7de4-4140-9319-aa6fc0186ab1,فنورد,total_equity,0,1,,,True,SOURCE_ABSENT,0,TotalEquity,D
baa1693d-7de4-4140-9319-aa6fc0186ab1,فنورد,operating_cash_flow,0,3,,False,True,SOURCE_ABSENT,0,OperatingCashFlow,D
baa1693d-7de4-4140-9319-aa6fc0186ab1,فنورد,finance_cost,0,1,,,True,SOURCE_ABSENT,0,FinanceCostsNew,D
baa1693d-7de4-4140-9319-aa6fc0186ab1,فنورد,other_non_operating,0,1,,,True,SOURCE_ABSENT,0,OtherNonOpNew,D
5c4cd3bd-352a-4c1b-a287-fba07aeda438,دفارا,revenue,0,3,,False,True,SOURCE_ABSENT,0,RevenueNew,D
5c4cd3bd-352a-4c1b-a287-fba07aeda438,دفارا,net_profit,0,3,,False,True,SOURCE_ABSENT,0,NetProfitAmount,D
5c4cd3bd-352a-4c1b-a287-fba07aeda438,دفارا,operating_profit,28,3,2026-06-21,False,True,TTM_RECOVERABLE_REPORT_CHAIN,1,OperatingProfitNew,B
5c4cd3bd-352a-4c1b-a287-fba07aeda438,دفارا,eps,28,3,2026-06-21,True,True,PRESENT,1,Num1_Value1,
5c4cd3bd-352a-4c1b-a287-fba07aeda438,دفارا,capital,28,1,2026-06-21,,True,PRESENT,1,Num2_Value1,
5c4cd3bd-352a-4c1b-a287-fba07aeda438,دفارا,total_assets,0,1,,,True,SOURCE_ABSENT,0,TotalAssets,D
5c4cd3bd-352a-4c1b-a287-fba07aeda438,دفارا,current_assets,0,1,,,True,SOURCE_ABSENT,0,CurrentAssets,D
5c4cd3bd-352a-4c1b-a287-fba07aeda438,دفارا,total_liabilities,0,1,,,True,SOURCE_ABSENT,0,TotalLiabilities,D
5c4cd3bd-352a-4c1b-a287-fba07aeda438,دفارا,current_liabilities,0,1,,,True,SOURCE_ABSENT,0,CurrentLiabilities,D
5c4cd3bd-352a-4c1b-a287-fba07aeda438,دفارا,total_equity,0,1,,,True,SOURCE_ABSENT,0,TotalEquity,D
5c4cd3bd-352a-4c1b-a287-fba07aeda438,دفارا,operating_cash_flow,0,3,,False,True,SOURCE_ABSENT,0,OperatingCashFlow,D
5c4cd3bd-352a-4c1b-a287-fba07aeda438,دفارا,finance_cost,0,1,,,True,SOURCE_ABSENT,0,FinanceCostsNew,D
5c4cd3bd-352a-4c1b-a287-fba07aeda438,دفارا,other_non_operating,0,1,,,True,SOURCE_ABSENT,0,OtherNonOpNew,D
f2c66074-5126-4941-a208-a62caa285c36,قلرست,revenue,0,3,,False,True,SOURCE_ABSENT,0,RevenueNew,D
f2c66074-5126-4941-a208-a62caa285c36,قلرست,net_profit,0,3,,False,True,SOURCE_ABSENT,0,NetProfitAmount,D
f2c66074-5126-4941-a208-a62caa285c36,قلرست,operating_profit,23,3,2026-04-20,False,True,INSUFFICIENT_TTM_PERIODS,1,OperatingProfitNew,C
f2c66074-5126-4941-a208-a62caa285c36,قلرست,eps,23,3,2026-04-20,True,True,PRESENT,1,Num1_Value1,
f2c66074-5126-4941-a208-a62caa285c36,قلرست,capital,23,1,2026-04-20,,True,PRESENT,1,Num2_Value1,
f2c66074-5126-4941-a208-a62caa285c36,قلرست,total_assets,0,1,,,True,SOURCE_ABSENT,0,TotalAssets,D
f2c66074-5126-4941-a208-a62caa285c36,قلرست,current_assets,0,1,,,True,SOURCE_ABSENT,0,CurrentAssets,D
f2c66074-5126-4941-a208-a62caa285c36,قلرست,total_liabilities,0,1,,,True,SOURCE_ABSENT,0,TotalLiabilities,D
f2c66074-5126-4941-a208-a62caa285c36,قلرست,current_liabilities,0,1,,,True,SOURCE_ABSENT,0,CurrentLiabilities,D
f2c66074-5126-4941-a208-a62caa285c36,قلرست,total_equity,0,1,,,True,SOURCE_ABSENT,0,TotalEquity,D
f2c66074-5126-4941-a208-a62caa285c36,قلرست,operating_cash_flow,0,3,,False,True,SOURCE_ABSENT,0,OperatingCashFlow,D
f2c66074-5126-4941-a208-a62caa285c36,قلرست,finance_cost,0,1,,,True,SOURCE_ABSENT,0,FinanceCostsNew,D
f2c66074-5126-4941-a208-a62caa285c36,قلرست,other_non_operating,0,1,,,True,SOURCE_ABSENT,0,OtherNonOpNew,D
c7640838-60d8-4b64-ba66-65e3a7112d6b,کرازی,revenue,0,3,,False,True,SOURCE_ABSENT,0,RevenueNew,D
c7640838-60d8-4b64-ba66-65e3a7112d6b,کرازی,net_profit,0,3,,False,True,SOURCE_ABSENT,0,NetProfitAmount,D
c7640838-60d8-4b64-ba66-65e3a7112d6b,کرازی,operating_profit,27,3,2026-06-21,False,True,TTM_RECOVERABLE_REPORT_CHAIN,1,OperatingProfitNew,B
c7640838-60d8-4b64-ba66-65e3a7112d6b,کرازی,eps,27,3,2026-06-21,True,True,PRESENT,1,Num1_Value1,
c7640838-60d8-4b64-ba66-65e3a7112d6b,کرازی,capital,27,1,2026-06-21,,True,PRESENT,1,Num2_Value1,
c7640838-60d8-4b64-ba66-65e3a7112d6b,کرازی,total_assets,0,1,,,True,SOURCE_ABSENT,0,TotalAssets,D
c7640838-60d8-4b64-ba66-65e3a7112d6b,کرازی,current_assets,0,1,,,True,SOURCE_ABSENT,0,CurrentAssets,D
c7640838-60d8-4b64-ba66-65e3a7112d6b,کرازی,total_liabilities,0,1,,,True,SOURCE_ABSENT,0,TotalLiabilities,D
c7640838-60d8-4b64-ba66-65e3a7112d6b,کرازی,current_liabilities,0,1,,,True,SOURCE_ABSENT,0,CurrentLiabilities,D
c7640838-60d8-4b64-ba66-65e3a7112d6b,کرازی,total_equity,0,1,,,True,SOURCE_ABSENT,0,TotalEquity,D
c7640838-60d8-4b64-ba66-65e3a7112d6b,کرازی,operating_cash_flow,0,3,,False,True,SOURCE_ABSENT,0,OperatingCashFlow,D
c7640838-60d8-4b64-ba66-65e3a7112d6b,کرازی,finance_cost,0,1,,,True,SOURCE_ABSENT,0,FinanceCostsNew,D
c7640838-60d8-4b64-ba66-65e3a7112d6b,کرازی,other_non_operating,0,1,,,True,SOURCE_ABSENT,0,OtherNonOpNew,D
4ab8bf44-7984-449a-894d-c8eeccfb2d1a,خموتور,revenue,0,3,,False,True,SOURCE_ABSENT,0,RevenueNew,D
4ab8bf44-7984-449a-894d-c8eeccfb2d1a,خموتور,net_profit,0,3,,False,True,SOURCE_ABSENT,0,NetProfitAmount,D
4ab8bf44-7984-449a-894d-c8eeccfb2d1a,خموتور,operating_profit,28,3,2026-06-21,False,True,TTM_RECOVERABLE_REPORT_CHAIN,1,OperatingProfitNew,B
4ab8bf44-7984-449a-894d-c8eeccfb2d1a,خموتور,eps,28,3,2026-06-21,True,True,PRESENT,1,Num1_Value1,
4ab8bf44-7984-449a-894d-c8eeccfb2d1a,خموتور,capital,28,1,2026-06-21,,True,PRESENT,1,Num2_Value1,
4ab8bf44-7984-449a-894d-c8eeccfb2d1a,خموتور,total_assets,0,1,,,True,SOURCE_ABSENT,0,TotalAssets,D
4ab8bf44-7984-449a-894d-c8eeccfb2d1a,خموتور,current_assets,0,1,,,True,SOURCE_ABSENT,0,CurrentAssets,D
4ab8bf44-7984-449a-894d-c8eeccfb2d1a,خموتور,total_liabilities,0,1,,,True,SOURCE_ABSENT,0,TotalLiabilities,D
4ab8bf44-7984-449a-894d-c8eeccfb2d1a,خموتور,current_liabilities,0,1,,,True,SOURCE_ABSENT,0,CurrentLiabilities,D
4ab8bf44-7984-449a-894d-c8eeccfb2d1a,خموتور,total_equity,0,1,,,True,SOURCE_ABSENT,0,TotalEquity,D
4ab8bf44-7984-449a-894d-c8eeccfb2d1a,خموتور,operating_cash_flow,0,3,,False,True,SOURCE_ABSENT,0,OperatingCashFlow,D
4ab8bf44-7984-449a-894d-c8eeccfb2d1a,خموتور,finance_cost,0,1,,,True,SOURCE_ABSENT,0,FinanceCostsNew,D
4ab8bf44-7984-449a-894d-c8eeccfb2d1a,خموتور,other_non_operating,0,1,,,True,SOURCE_ABSENT,0,OtherNonOpNew,D
81c70aac-e3a6-4d67-9fe9-fd2c608c1c06,غگیلا,revenue,0,3,,False,True,SOURCE_ABSENT,0,RevenueNew,D
81c70aac-e3a6-4d67-9fe9-fd2c608c1c06,غگیلا,net_profit,0,3,,False,True,SOURCE_ABSENT,0,NetProfitAmount,D
81c70aac-e3a6-4d67-9fe9-fd2c608c1c06,غگیلا,operating_profit,30,3,2026-06-21,False,True,TTM_RECOVERABLE_REPORT_CHAIN,1,OperatingProfitNew,B
81c70aac-e3a6-4d67-9fe9-fd2c608c1c06,غگیلا,eps,30,3,2026-06-21,True,True,PRESENT,1,Num1_Value1,
81c70aac-e3a6-4d67-9fe9-fd2c608c1c06,غگیلا,capital,30,1,2026-06-21,,True,PRESENT,1,Num2_Value1,
81c70aac-e3a6-4d67-9fe9-fd2c608c1c06,غگیلا,total_assets,0,1,,,True,SOURCE_ABSENT,0,TotalAssets,D
81c70aac-e3a6-4d67-9fe9-fd2c608c1c06,غگیلا,current_assets,0,1,,,True,SOURCE_ABSENT,0,CurrentAssets,D
81c70aac-e3a6-4d67-9fe9-fd2c608c1c06,غگیلا,total_liabilities,0,1,,,True,SOURCE_ABSENT,0,TotalLiabilities,D
81c70aac-e3a6-4d67-9fe9-fd2c608c1c06,غگیلا,current_liabilities,0,1,,,True,SOURCE_ABSENT,0,CurrentLiabilities,D
81c70aac-e3a6-4d67-9fe9-fd2c608c1c06,غگیلا,total_equity,0,1,,,True,SOURCE_ABSENT,0,TotalEquity,D
81c70aac-e3a6-4d67-9fe9-fd2c608c1c06,غگیلا,operating_cash_flow,0,3,,False,True,SOURCE_ABSENT,0,OperatingCashFlow,D
81c70aac-e3a6-4d67-9fe9-fd2c608c1c06,غگیلا,finance_cost,30,1,2026-06-21,,True,PRESENT,1,FinanceCostsNew,
81c70aac-e3a6-4d67-9fe9-fd2c608c1c06,غگیلا,other_non_operating,30,1,2026-06-21,,True,PRESENT,1,OtherNonOpNew,
79c598a6-429c-4e12-94e6-c5b9b51e9cee,کپشیر,revenue,1,3,2026-06-21,True,True,PRESENT,1,RevenueNew,
79c598a6-429c-4e12-94e6-c5b9b51e9cee,کپشیر,net_profit,1,3,2026-06-21,True,True,PRESENT,1,NetProfitAmount,
79c598a6-429c-4e12-94e6-c5b9b51e9cee,کپشیر,operating_profit,26,3,2026-06-21,True,True,PRESENT,1,OperatingProfitNew,
79c598a6-429c-4e12-94e6-c5b9b51e9cee,کپشیر,eps,26,3,2026-06-21,True,True,PRESENT,1,Num1_Value1,
79c598a6-429c-4e12-94e6-c5b9b51e9cee,کپشیر,capital,26,1,2026-06-21,,True,PRESENT,1,Num2_Value1,
79c598a6-429c-4e12-94e6-c5b9b51e9cee,کپشیر,total_assets,1,1,2026-06-21,,True,PRESENT,1,TotalAssets,
79c598a6-429c-4e12-94e6-c5b9b51e9cee,کپشیر,current_assets,1,1,2026-06-21,,True,PRESENT,1,CurrentAssets,
79c598a6-429c-4e12-94e6-c5b9b51e9cee,کپشیر,total_liabilities,1,1,2026-06-21,,True,PRESENT,1,TotalLiabilities,
79c598a6-429c-4e12-94e6-c5b9b51e9cee,کپشیر,current_liabilities,1,1,2026-06-21,,True,PRESENT,1,CurrentLiabilities,
79c598a6-429c-4e12-94e6-c5b9b51e9cee,کپشیر,total_equity,1,1,2026-06-21,,True,PRESENT,1,TotalEquity,
79c598a6-429c-4e12-94e6-c5b9b51e9cee,کپشیر,operating_cash_flow,1,3,2026-06-21,True,True,PRESENT,1,OperatingCashFlow,
79c598a6-429c-4e12-94e6-c5b9b51e9cee,کپشیر,finance_cost,1,1,2026-06-21,,True,PRESENT,1,FinanceCostsNew,
79c598a6-429c-4e12-94e6-c5b9b51e9cee,کپشیر,other_non_operating,1,1,2026-06-21,,True,PRESENT,1,OtherNonOpNew,
d57bcf6f-8134-48ce-9446-904028e79cd0,فنوال,revenue,1,3,2026-06-21,True,True,PRESENT,1,RevenueNew,
d57bcf6f-8134-48ce-9446-904028e79cd0,فنوال,net_profit,1,3,2026-06-21,True,True,PRESENT,1,NetProfitAmount,
d57bcf6f-8134-48ce-9446-904028e79cd0,فنوال,operating_profit,27,3,2026-06-21,True,True,PRESENT,1,OperatingProfitNew,
d57bcf6f-8134-48ce-9446-904028e79cd0,فنوال,eps,27,3,2026-06-21,True,True,PRESENT,1,Num1_Value1,
d57bcf6f-8134-48ce-9446-904028e79cd0,فنوال,capital,27,1,2026-06-21,,True,PRESENT,1,Num2_Value1,
d57bcf6f-8134-48ce-9446-904028e79cd0,فنوال,total_assets,1,1,2026-06-21,,True,PRESENT,1,TotalAssets,
d57bcf6f-8134-48ce-9446-904028e79cd0,فنوال,current_assets,1,1,2026-06-21,,True,PRESENT,1,CurrentAssets,
d57bcf6f-8134-48ce-9446-904028e79cd0,فنوال,total_liabilities,1,1,2026-06-21,,True,PRESENT,1,TotalLiabilities,
d57bcf6f-8134-48ce-9446-904028e79cd0,فنوال,current_liabilities,1,1,2026-06-21,,True,PRESENT,1,CurrentLiabilities,
d57bcf6f-8134-48ce-9446-904028e79cd0,فنوال,total_equity,1,1,2026-06-21,,True,PRESENT,1,TotalEquity,
d57bcf6f-8134-48ce-9446-904028e79cd0,فنوال,operating_cash_flow,1,3,2026-06-21,True,True,PRESENT,1,OperatingCashFlow,
d57bcf6f-8134-48ce-9446-904028e79cd0,فنوال,finance_cost,1,1,2026-06-21,,True,PRESENT,1,FinanceCostsNew,
d57bcf6f-8134-48ce-9446-904028e79cd0,فنوال,other_non_operating,1,1,2026-06-21,,True,PRESENT,1,OtherNonOpNew,
9d9afe25-0b61-4225-8623-56756a8a5cb1,اروند,revenue,1,3,2026-06-21,True,True,PRESENT,1,RevenueNew,
9d9afe25-0b61-4225-8623-56756a8a5cb1,اروند,net_profit,1,3,2026-06-21,True,True,PRESENT,1,NetProfitAmount,
9d9afe25-0b61-4225-8623-56756a8a5cb1,اروند,operating_profit,12,3,2026-06-21,True,True,PRESENT,1,OperatingProfitNew,
9d9afe25-0b61-4225-8623-56756a8a5cb1,اروند,eps,12,3,2026-06-21,True,True,PRESENT,1,Num1_Value1,
9d9afe25-0b61-4225-8623-56756a8a5cb1,اروند,capital,12,1,2026-06-21,,True,PRESENT,1,Num2_Value1,
9d9afe25-0b61-4225-8623-56756a8a5cb1,اروند,total_assets,1,1,2026-06-21,,True,PRESENT,1,TotalAssets,
9d9afe25-0b61-4225-8623-56756a8a5cb1,اروند,current_assets,1,1,2026-06-21,,True,PRESENT,1,CurrentAssets,
9d9afe25-0b61-4225-8623-56756a8a5cb1,اروند,total_liabilities,1,1,2026-06-21,,True,PRESENT,1,TotalLiabilities,
9d9afe25-0b61-4225-8623-56756a8a5cb1,اروند,current_liabilities,1,1,2026-06-21,,True,PRESENT,1,CurrentLiabilities,
9d9afe25-0b61-4225-8623-56756a8a5cb1,اروند,total_equity,1,1,2026-06-21,,True,PRESENT,1,TotalEquity,
9d9afe25-0b61-4225-8623-56756a8a5cb1,اروند,operating_cash_flow,1,3,2026-06-21,True,True,PRESENT,1,OperatingCashFlow,
9d9afe25-0b61-4225-8623-56756a8a5cb1,اروند,finance_cost,1,1,2026-06-21,,True,PRESENT,1,FinanceCostsNew,
9d9afe25-0b61-4225-8623-56756a8a5cb1,اروند,other_non_operating,1,1,2026-06-21,,True,PRESENT,1,OtherNonOpNew,
c0958ef2-91b2-4b78-86ba-4b9a8e59a9c0,دسبحان,revenue,0,3,,False,True,SOURCE_ABSENT,0,RevenueNew,D
c0958ef2-91b2-4b78-86ba-4b9a8e59a9c0,دسبحان,net_profit,0,3,,False,True,SOURCE_ABSENT,0,NetProfitAmount,D
c0958ef2-91b2-4b78-86ba-4b9a8e59a9c0,دسبحان,operating_profit,28,3,2026-06-21,False,True,TTM_RECOVERABLE_REPORT_CHAIN,1,OperatingProfitNew,B
c0958ef2-91b2-4b78-86ba-4b9a8e59a9c0,دسبحان,eps,28,3,2026-06-21,True,True,PRESENT,1,Num1_Value1,
c0958ef2-91b2-4b78-86ba-4b9a8e59a9c0,دسبحان,capital,28,1,2026-06-21,,True,PRESENT,1,Num2_Value1,
c0958ef2-91b2-4b78-86ba-4b9a8e59a9c0,دسبحان,total_assets,0,1,,,True,SOURCE_ABSENT,0,TotalAssets,D
c0958ef2-91b2-4b78-86ba-4b9a8e59a9c0,دسبحان,current_assets,0,1,,,True,SOURCE_ABSENT,0,CurrentAssets,D
c0958ef2-91b2-4b78-86ba-4b9a8e59a9c0,دسبحان,total_liabilities,0,1,,,True,SOURCE_ABSENT,0,TotalLiabilities,D
c0958ef2-91b2-4b78-86ba-4b9a8e59a9c0,دسبحان,current_liabilities,0,1,,,True,SOURCE_ABSENT,0,CurrentLiabilities,D
c0958ef2-91b2-4b78-86ba-4b9a8e59a9c0,دسبحان,total_equity,0,1,,,True,SOURCE_ABSENT,0,TotalEquity,D
c0958ef2-91b2-4b78-86ba-4b9a8e59a9c0,دسبحان,operating_cash_flow,0,3,,False,True,SOURCE_ABSENT,0,OperatingCashFlow,D
c0958ef2-91b2-4b78-86ba-4b9a8e59a9c0,دسبحان,finance_cost,0,1,,,True,SOURCE_ABSENT,0,FinanceCostsNew,D
c0958ef2-91b2-4b78-86ba-4b9a8e59a9c0,دسبحان,other_non_operating,0,1,,,True,SOURCE_ABSENT,0,OtherNonOpNew,D
5a23c0ca-ab0c-4ead-a093-f2e1cbfc89b7,ارفع,revenue,1,3,2026-06-21,True,True,PRESENT,1,RevenueNew,
5a23c0ca-ab0c-4ead-a093-f2e1cbfc89b7,ارفع,net_profit,1,3,2026-06-21,True,True,PRESENT,1,NetProfitAmount,
5a23c0ca-ab0c-4ead-a093-f2e1cbfc89b7,ارفع,operating_profit,27,3,2026-06-21,True,True,PRESENT,1,OperatingProfitNew,
5a23c0ca-ab0c-4ead-a093-f2e1cbfc89b7,ارفع,eps,27,3,2026-06-21,True,True,PRESENT,1,Num1_Value1,
5a23c0ca-ab0c-4ead-a093-f2e1cbfc89b7,ارفع,capital,27,1,2026-06-21,,True,PRESENT,1,Num2_Value1,
5a23c0ca-ab0c-4ead-a093-f2e1cbfc89b7,ارفع,total_assets,1,1,2026-06-21,,True,PRESENT,1,TotalAssets,
5a23c0ca-ab0c-4ead-a093-f2e1cbfc89b7,ارفع,current_assets,1,1,2026-06-21,,True,PRESENT,1,CurrentAssets,
5a23c0ca-ab0c-4ead-a093-f2e1cbfc89b7,ارفع,total_liabilities,1,1,2026-06-21,,True,PRESENT,1,TotalLiabilities,
5a23c0ca-ab0c-4ead-a093-f2e1cbfc89b7,ارفع,current_liabilities,1,1,2026-06-21,,True,PRESENT,1,CurrentLiabilities,
5a23c0ca-ab0c-4ead-a093-f2e1cbfc89b7,ارفع,total_equity,1,1,2026-06-21,,True,PRESENT,1,TotalEquity,
5a23c0ca-ab0c-4ead-a093-f2e1cbfc89b7,ارفع,operating_cash_flow,1,3,2026-06-21,True,True,PRESENT,1,OperatingCashFlow,
5a23c0ca-ab0c-4ead-a093-f2e1cbfc89b7,ارفع,finance_cost,1,1,2026-06-21,,True,PRESENT,1,FinanceCostsNew,
5a23c0ca-ab0c-4ead-a093-f2e1cbfc89b7,ارفع,other_non_operating,1,1,2026-06-21,,True,PRESENT,1,OtherNonOpNew,
d886d9e9-b6e5-490e-b9ce-f35a32f713b4,غمایه,revenue,0,3,,False,True,SOURCE_ABSENT,0,RevenueNew,D
d886d9e9-b6e5-490e-b9ce-f35a32f713b4,غمایه,net_profit,0,3,,False,True,SOURCE_ABSENT,0,NetProfitAmount,D
d886d9e9-b6e5-490e-b9ce-f35a32f713b4,غمایه,operating_profit,15,3,2026-06-21,False,True,TTM_RECOVERABLE_REPORT_CHAIN,1,OperatingProfitNew,B
d886d9e9-b6e5-490e-b9ce-f35a32f713b4,غمایه,eps,15,3,2026-06-21,True,True,PRESENT,1,Num1_Value1,
d886d9e9-b6e5-490e-b9ce-f35a32f713b4,غمایه,capital,15,1,2026-06-21,,True,PRESENT,1,Num2_Value1,
d886d9e9-b6e5-490e-b9ce-f35a32f713b4,غمایه,total_assets,0,1,,,True,SOURCE_ABSENT,0,TotalAssets,D
d886d9e9-b6e5-490e-b9ce-f35a32f713b4,غمایه,current_assets,0,1,,,True,SOURCE_ABSENT,0,CurrentAssets,D
d886d9e9-b6e5-490e-b9ce-f35a32f713b4,غمایه,total_liabilities,0,1,,,True,SOURCE_ABSENT,0,TotalLiabilities,D
d886d9e9-b6e5-490e-b9ce-f35a32f713b4,غمایه,current_liabilities,0,1,,,True,SOURCE_ABSENT,0,CurrentLiabilities,D
d886d9e9-b6e5-490e-b9ce-f35a32f713b4,غمایه,total_equity,0,1,,,True,SOURCE_ABSENT,0,TotalEquity,D
d886d9e9-b6e5-490e-b9ce-f35a32f713b4,غمایه,operating_cash_flow,0,3,,False,True,SOURCE_ABSENT,0,OperatingCashFlow,D
d886d9e9-b6e5-490e-b9ce-f35a32f713b4,غمایه,finance_cost,0,1,,,True,SOURCE_ABSENT,0,FinanceCostsNew,D
d886d9e9-b6e5-490e-b9ce-f35a32f713b4,غمایه,other_non_operating,0,1,,,True,SOURCE_ABSENT,0,OtherNonOpNew,D
bcc5d497-022f-47fc-89e1-50287cdcec3b,شمس,revenue,0,3,,False,True,SOURCE_ABSENT,0,RevenueNew,D
bcc5d497-022f-47fc-89e1-50287cdcec3b,شمس,net_profit,0,3,,False,True,SOURCE_ABSENT,0,NetProfitAmount,D
bcc5d497-022f-47fc-89e1-50287cdcec3b,شمس,operating_profit,9,3,2026-04-20,False,True,INSUFFICIENT_TTM_PERIODS,1,OperatingProfitNew,C
bcc5d497-022f-47fc-89e1-50287cdcec3b,شمس,eps,9,3,2026-04-20,True,True,PRESENT,1,Num1_Value1,
bcc5d497-022f-47fc-89e1-50287cdcec3b,شمس,capital,9,1,2026-04-20,,True,PRESENT,1,Num2_Value1,
bcc5d497-022f-47fc-89e1-50287cdcec3b,شمس,total_assets,0,1,,,True,SOURCE_ABSENT,0,TotalAssets,D
bcc5d497-022f-47fc-89e1-50287cdcec3b,شمس,current_assets,0,1,,,True,SOURCE_ABSENT,0,CurrentAssets,D
bcc5d497-022f-47fc-89e1-50287cdcec3b,شمس,total_liabilities,0,1,,,True,SOURCE_ABSENT,0,TotalLiabilities,D
bcc5d497-022f-47fc-89e1-50287cdcec3b,شمس,current_liabilities,0,1,,,True,SOURCE_ABSENT,0,CurrentLiabilities,D
bcc5d497-022f-47fc-89e1-50287cdcec3b,شمس,total_equity,0,1,,,True,SOURCE_ABSENT,0,TotalEquity,D
bcc5d497-022f-47fc-89e1-50287cdcec3b,شمس,operating_cash_flow,0,3,,False,True,SOURCE_ABSENT,0,OperatingCashFlow,D
bcc5d497-022f-47fc-89e1-50287cdcec3b,شمس,finance_cost,0,1,,,True,SOURCE_ABSENT,0,FinanceCostsNew,D
bcc5d497-022f-47fc-89e1-50287cdcec3b,شمس,other_non_operating,0,1,,,True,SOURCE_ABSENT,0,OtherNonOpNew,D
4a49426f-d2bc-4cfe-9ca1-fe9ff4d7c1ea,پرداخت,revenue,0,3,,False,True,SOURCE_ABSENT,0,RevenueNew,D
4a49426f-d2bc-4cfe-9ca1-fe9ff4d7c1ea,پرداخت,net_profit,0,3,,False,True,SOURCE_ABSENT,0,NetProfitAmount,D
4a49426f-d2bc-4cfe-9ca1-fe9ff4d7c1ea,پرداخت,operating_profit,26,3,2026-03-20,True,True,PRESENT,1,OperatingProfitNew,
4a49426f-d2bc-4cfe-9ca1-fe9ff4d7c1ea,پرداخت,eps,26,3,2026-03-20,True,True,PRESENT,1,Num1_Value1,
4a49426f-d2bc-4cfe-9ca1-fe9ff4d7c1ea,پرداخت,capital,26,1,2026-03-20,,True,PRESENT,1,Num2_Value1,
4a49426f-d2bc-4cfe-9ca1-fe9ff4d7c1ea,پرداخت,total_assets,0,1,,,True,SOURCE_ABSENT,0,TotalAssets,D
4a49426f-d2bc-4cfe-9ca1-fe9ff4d7c1ea,پرداخت,current_assets,0,1,,,True,SOURCE_ABSENT,0,CurrentAssets,D
4a49426f-d2bc-4cfe-9ca1-fe9ff4d7c1ea,پرداخت,total_liabilities,0,1,,,True,SOURCE_ABSENT,0,TotalLiabilities,D
4a49426f-d2bc-4cfe-9ca1-fe9ff4d7c1ea,پرداخت,current_liabilities,0,1,,,True,SOURCE_ABSENT,0,CurrentLiabilities,D
4a49426f-d2bc-4cfe-9ca1-fe9ff4d7c1ea,پرداخت,total_equity,0,1,,,True,SOURCE_ABSENT,0,TotalEquity,D
4a49426f-d2bc-4cfe-9ca1-fe9ff4d7c1ea,پرداخت,operating_cash_flow,0,3,,False,True,SOURCE_ABSENT,0,OperatingCashFlow,D
4a49426f-d2bc-4cfe-9ca1-fe9ff4d7c1ea,پرداخت,finance_cost,0,1,,,True,SOURCE_ABSENT,0,FinanceCostsNew,D
4a49426f-d2bc-4cfe-9ca1-fe9ff4d7c1ea,پرداخت,other_non_operating,0,1,,,True,SOURCE_ABSENT,0,OtherNonOpNew,D
649a8391-b7c6-4758-a01b-64b72bd72a8a,شگویا,revenue,1,3,2026-06-21,False,True,INSUFFICIENT_TTM_PERIODS,1,RevenueNew,C
649a8391-b7c6-4758-a01b-64b72bd72a8a,شگویا,net_profit,0,3,,False,True,SOURCE_ABSENT,0,NetProfitAmount,D
649a8391-b7c6-4758-a01b-64b72bd72a8a,شگویا,operating_profit,29,3,2026-06-21,False,True,TTM_RECOVERABLE_REPORT_CHAIN,1,OperatingProfitNew,B
649a8391-b7c6-4758-a01b-64b72bd72a8a,شگویا,eps,29,3,2026-06-21,True,True,PRESENT,1,Num1_Value1,
649a8391-b7c6-4758-a01b-64b72bd72a8a,شگویا,capital,29,1,2026-06-21,,True,PRESENT,1,Num2_Value1,
649a8391-b7c6-4758-a01b-64b72bd72a8a,شگویا,total_assets,0,1,,,True,SOURCE_ABSENT,0,TotalAssets,D
649a8391-b7c6-4758-a01b-64b72bd72a8a,شگویا,current_assets,0,1,,,True,SOURCE_ABSENT,0,CurrentAssets,D
649a8391-b7c6-4758-a01b-64b72bd72a8a,شگویا,total_liabilities,0,1,,,True,SOURCE_ABSENT,0,TotalLiabilities,D
649a8391-b7c6-4758-a01b-64b72bd72a8a,شگویا,current_liabilities,0,1,,,True,SOURCE_ABSENT,0,CurrentLiabilities,D
649a8391-b7c6-4758-a01b-64b72bd72a8a,شگویا,total_equity,0,1,,,True,SOURCE_ABSENT,0,TotalEquity,D
649a8391-b7c6-4758-a01b-64b72bd72a8a,شگویا,operating_cash_flow,0,3,,False,True,SOURCE_ABSENT,0,OperatingCashFlow,D
649a8391-b7c6-4758-a01b-64b72bd72a8a,شگویا,finance_cost,1,1,2026-06-21,,True,PRESENT,1,FinanceCostsNew,
649a8391-b7c6-4758-a01b-64b72bd72a8a,شگویا,other_non_operating,1,1,2026-06-21,,True,PRESENT,1,OtherNonOpNew,
0c8b4645-08a0-4a9f-bc8b-c65e70563a16,غشاذر,revenue,1,3,2026-06-21,False,True,INSUFFICIENT_TTM_PERIODS,1,RevenueNew,C
0c8b4645-08a0-4a9f-bc8b-c65e70563a16,غشاذر,net_profit,0,3,,False,True,SOURCE_ABSENT,0,NetProfitAmount,D
0c8b4645-08a0-4a9f-bc8b-c65e70563a16,غشاذر,operating_profit,29,3,2026-06-21,False,True,TTM_RECOVERABLE_REPORT_CHAIN,1,OperatingProfitNew,B
0c8b4645-08a0-4a9f-bc8b-c65e70563a16,غشاذر,eps,29,3,2026-06-21,True,True,PRESENT,1,Num1_Value1,
0c8b4645-08a0-4a9f-bc8b-c65e70563a16,غشاذر,capital,29,1,2026-06-21,,True,PRESENT,1,Num2_Value1,
0c8b4645-08a0-4a9f-bc8b-c65e70563a16,غشاذر,total_assets,0,1,,,True,SOURCE_ABSENT,0,TotalAssets,D
0c8b4645-08a0-4a9f-bc8b-c65e70563a16,غشاذر,current_assets,0,1,,,True,SOURCE_ABSENT,0,CurrentAssets,D
0c8b4645-08a0-4a9f-bc8b-c65e70563a16,غشاذر,total_liabilities,0,1,,,True,SOURCE_ABSENT,0,TotalLiabilities,D
0c8b4645-08a0-4a9f-bc8b-c65e70563a16,غشاذر,current_liabilities,0,1,,,True,SOURCE_ABSENT,0,CurrentLiabilities,D
0c8b4645-08a0-4a9f-bc8b-c65e70563a16,غشاذر,total_equity,0,1,,,True,SOURCE_ABSENT,0,TotalEquity,D
0c8b4645-08a0-4a9f-bc8b-c65e70563a16,غشاذر,operating_cash_flow,0,3,,False,True,SOURCE_ABSENT,0,OperatingCashFlow,D
0c8b4645-08a0-4a9f-bc8b-c65e70563a16,غشاذر,finance_cost,1,1,2026-06-21,,True,PRESENT,1,FinanceCostsNew,
0c8b4645-08a0-4a9f-bc8b-c65e70563a16,غشاذر,other_non_operating,1,1,2026-06-21,,True,PRESENT,1,OtherNonOpNew,
7e1aa5aa-1248-4baa-9ffb-8e5ad41cacaf,شاوان,revenue,0,3,,False,True,SOURCE_ABSENT,0,RevenueNew,D
7e1aa5aa-1248-4baa-9ffb-8e5ad41cacaf,شاوان,net_profit,0,3,,False,True,SOURCE_ABSENT,0,NetProfitAmount,D
7e1aa5aa-1248-4baa-9ffb-8e5ad41cacaf,شاوان,operating_profit,27,3,2026-06-21,False,True,TTM_RECOVERABLE_REPORT_CHAIN,1,OperatingProfitNew,B
7e1aa5aa-1248-4baa-9ffb-8e5ad41cacaf,شاوان,eps,27,3,2026-06-21,True,True,PRESENT,1,Num1_Value1,
7e1aa5aa-1248-4baa-9ffb-8e5ad41cacaf,شاوان,capital,27,1,2026-06-21,,True,PRESENT,1,Num2_Value1,
7e1aa5aa-1248-4baa-9ffb-8e5ad41cacaf,شاوان,total_assets,0,1,,,True,SOURCE_ABSENT,0,TotalAssets,D
7e1aa5aa-1248-4baa-9ffb-8e5ad41cacaf,شاوان,current_assets,0,1,,,True,SOURCE_ABSENT,0,CurrentAssets,D
7e1aa5aa-1248-4baa-9ffb-8e5ad41cacaf,شاوان,total_liabilities,0,1,,,True,SOURCE_ABSENT,0,TotalLiabilities,D
7e1aa5aa-1248-4baa-9ffb-8e5ad41cacaf,شاوان,current_liabilities,0,1,,,True,SOURCE_ABSENT,0,CurrentLiabilities,D
7e1aa5aa-1248-4baa-9ffb-8e5ad41cacaf,شاوان,total_equity,0,1,,,True,SOURCE_ABSENT,0,TotalEquity,D
7e1aa5aa-1248-4baa-9ffb-8e5ad41cacaf,شاوان,operating_cash_flow,0,3,,False,True,SOURCE_ABSENT,0,OperatingCashFlow,D
7e1aa5aa-1248-4baa-9ffb-8e5ad41cacaf,شاوان,finance_cost,0,1,,,True,SOURCE_ABSENT,0,FinanceCostsNew,D
7e1aa5aa-1248-4baa-9ffb-8e5ad41cacaf,شاوان,other_non_operating,0,1,,,True,SOURCE_ABSENT,0,OtherNonOpNew,D
38b6cafe-386f-4fda-86b4-82212ed12d5c,کاوه,revenue,0,3,,False,True,SOURCE_ABSENT,0,RevenueNew,D
38b6cafe-386f-4fda-86b4-82212ed12d5c,کاوه,net_profit,0,3,,False,True,SOURCE_ABSENT,0,NetProfitAmount,D
38b6cafe-386f-4fda-86b4-82212ed12d5c,کاوه,operating_profit,26,3,2026-06-21,False,True,TTM_RECOVERABLE_REPORT_CHAIN,1,OperatingProfitNew,B
38b6cafe-386f-4fda-86b4-82212ed12d5c,کاوه,eps,26,3,2026-06-21,True,True,PRESENT,1,Num1_Value1,
38b6cafe-386f-4fda-86b4-82212ed12d5c,کاوه,capital,26,1,2026-06-21,,True,PRESENT,1,Num2_Value1,
38b6cafe-386f-4fda-86b4-82212ed12d5c,کاوه,total_assets,0,1,,,True,SOURCE_ABSENT,0,TotalAssets,D
38b6cafe-386f-4fda-86b4-82212ed12d5c,کاوه,current_assets,0,1,,,True,SOURCE_ABSENT,0,CurrentAssets,D
38b6cafe-386f-4fda-86b4-82212ed12d5c,کاوه,total_liabilities,0,1,,,True,SOURCE_ABSENT,0,TotalLiabilities,D
38b6cafe-386f-4fda-86b4-82212ed12d5c,کاوه,current_liabilities,0,1,,,True,SOURCE_ABSENT,0,CurrentLiabilities,D
38b6cafe-386f-4fda-86b4-82212ed12d5c,کاوه,total_equity,0,1,,,True,SOURCE_ABSENT,0,TotalEquity,D
38b6cafe-386f-4fda-86b4-82212ed12d5c,کاوه,operating_cash_flow,0,3,,False,True,SOURCE_ABSENT,0,OperatingCashFlow,D
38b6cafe-386f-4fda-86b4-82212ed12d5c,کاوه,finance_cost,0,1,,,True,SOURCE_ABSENT,0,FinanceCostsNew,D
38b6cafe-386f-4fda-86b4-82212ed12d5c,کاوه,other_non_operating,0,1,,,True,SOURCE_ABSENT,0,OtherNonOpNew,D
056508cf-1280-47bc-a9ca-80a03a1e944e,دالبر,revenue,0,3,,False,True,SOURCE_ABSENT,0,RevenueNew,D
056508cf-1280-47bc-a9ca-80a03a1e944e,دالبر,net_profit,0,3,,False,True,SOURCE_ABSENT,0,NetProfitAmount,D
056508cf-1280-47bc-a9ca-80a03a1e944e,دالبر,operating_profit,27,3,2026-06-21,False,True,TTM_RECOVERABLE_REPORT_CHAIN,1,OperatingProfitNew,B
056508cf-1280-47bc-a9ca-80a03a1e944e,دالبر,eps,27,3,2026-06-21,True,True,PRESENT,1,Num1_Value1,
056508cf-1280-47bc-a9ca-80a03a1e944e,دالبر,capital,27,1,2026-06-21,,True,PRESENT,1,Num2_Value1,
056508cf-1280-47bc-a9ca-80a03a1e944e,دالبر,total_assets,0,1,,,True,SOURCE_ABSENT,0,TotalAssets,D
056508cf-1280-47bc-a9ca-80a03a1e944e,دالبر,current_assets,0,1,,,True,SOURCE_ABSENT,0,CurrentAssets,D
056508cf-1280-47bc-a9ca-80a03a1e944e,دالبر,total_liabilities,0,1,,,True,SOURCE_ABSENT,0,TotalLiabilities,D
056508cf-1280-47bc-a9ca-80a03a1e944e,دالبر,current_liabilities,0,1,,,True,SOURCE_ABSENT,0,CurrentLiabilities,D
056508cf-1280-47bc-a9ca-80a03a1e944e,دالبر,total_equity,0,1,,,True,SOURCE_ABSENT,0,TotalEquity,D
056508cf-1280-47bc-a9ca-80a03a1e944e,دالبر,operating_cash_flow,0,3,,False,True,SOURCE_ABSENT,0,OperatingCashFlow,D
056508cf-1280-47bc-a9ca-80a03a1e944e,دالبر,finance_cost,0,1,,,True,SOURCE_ABSENT,0,FinanceCostsNew,D
056508cf-1280-47bc-a9ca-80a03a1e944e,دالبر,other_non_operating,0,1,,,True,SOURCE_ABSENT,0,OtherNonOpNew,D
d8656698-2bfb-4961-bd8a-d0821ddc9e2d,حکشتی,revenue,2,3,2026-06-21,False,True,INSUFFICIENT_TTM_PERIODS,1,RevenueNew,C
d8656698-2bfb-4961-bd8a-d0821ddc9e2d,حکشتی,net_profit,2,3,2026-06-21,False,True,INSUFFICIENT_TTM_PERIODS,1,NetProfitAmount,C
d8656698-2bfb-4961-bd8a-d0821ddc9e2d,حکشتی,operating_profit,24,3,2026-06-21,False,True,TTM_RECOVERABLE_REPORT_CHAIN,1,OperatingProfitNew,B
d8656698-2bfb-4961-bd8a-d0821ddc9e2d,حکشتی,eps,24,3,2026-06-21,False,True,TTM_RECOVERABLE_REPORT_CHAIN,1,Num1_Value1,B
d8656698-2bfb-4961-bd8a-d0821ddc9e2d,حکشتی,capital,24,1,2026-06-21,,True,PRESENT,1,Num2_Value1,
d8656698-2bfb-4961-bd8a-d0821ddc9e2d,حکشتی,total_assets,2,1,2026-06-21,,True,PRESENT,1,TotalAssets,
d8656698-2bfb-4961-bd8a-d0821ddc9e2d,حکشتی,current_assets,2,1,2026-06-21,,True,PRESENT,1,CurrentAssets,
d8656698-2bfb-4961-bd8a-d0821ddc9e2d,حکشتی,total_liabilities,2,1,2026-06-21,,True,PRESENT,1,TotalLiabilities,
d8656698-2bfb-4961-bd8a-d0821ddc9e2d,حکشتی,current_liabilities,2,1,2026-06-21,,True,PRESENT,1,CurrentLiabilities,
d8656698-2bfb-4961-bd8a-d0821ddc9e2d,حکشتی,total_equity,2,1,2026-06-21,,True,PRESENT,1,TotalEquity,
d8656698-2bfb-4961-bd8a-d0821ddc9e2d,حکشتی,operating_cash_flow,1,3,2026-03-20,True,True,PRESENT,1,OperatingCashFlow,
d8656698-2bfb-4961-bd8a-d0821ddc9e2d,حکشتی,finance_cost,2,1,2026-06-21,,True,PRESENT,1,FinanceCostsNew,
d8656698-2bfb-4961-bd8a-d0821ddc9e2d,حکشتی,other_non_operating,2,1,2026-06-21,,True,PRESENT,1,OtherNonOpNew,
cabb474b-f6b4-4e66-9254-de3076aee6fd,سقاین,revenue,1,3,2026-06-21,True,True,PRESENT,1,RevenueNew,
cabb474b-f6b4-4e66-9254-de3076aee6fd,سقاین,net_profit,1,3,2026-06-21,True,True,PRESENT,1,NetProfitAmount,
cabb474b-f6b4-4e66-9254-de3076aee6fd,سقاین,operating_profit,27,3,2026-06-21,True,True,PRESENT,1,OperatingProfitNew,
cabb474b-f6b4-4e66-9254-de3076aee6fd,سقاین,eps,27,3,2026-06-21,True,True,PRESENT,1,Num1_Value1,
cabb474b-f6b4-4e66-9254-de3076aee6fd,سقاین,capital,27,1,2026-06-21,,True,PRESENT,1,Num2_Value1,
cabb474b-f6b4-4e66-9254-de3076aee6fd,سقاین,total_assets,1,1,2026-06-21,,True,PRESENT,1,TotalAssets,
cabb474b-f6b4-4e66-9254-de3076aee6fd,سقاین,current_assets,1,1,2026-06-21,,True,PRESENT,1,CurrentAssets,
cabb474b-f6b4-4e66-9254-de3076aee6fd,سقاین,total_liabilities,1,1,2026-06-21,,True,PRESENT,1,TotalLiabilities,
cabb474b-f6b4-4e66-9254-de3076aee6fd,سقاین,current_liabilities,1,1,2026-06-21,,True,PRESENT,1,CurrentLiabilities,
cabb474b-f6b4-4e66-9254-de3076aee6fd,سقاین,total_equity,1,1,2026-06-21,,True,PRESENT,1,TotalEquity,
cabb474b-f6b4-4e66-9254-de3076aee6fd,سقاین,operating_cash_flow,1,3,2026-06-21,True,True,PRESENT,1,OperatingCashFlow,
cabb474b-f6b4-4e66-9254-de3076aee6fd,سقاین,finance_cost,1,1,2026-06-21,,True,PRESENT,1,FinanceCostsNew,
cabb474b-f6b4-4e66-9254-de3076aee6fd,سقاین,other_non_operating,1,1,2026-06-21,,True,PRESENT,1,OtherNonOpNew,
f182c62c-5573-4aaf-b873-d6b4df5017f2,پارس,revenue,0,3,,False,True,SOURCE_ABSENT,0,RevenueNew,D
f182c62c-5573-4aaf-b873-d6b4df5017f2,پارس,net_profit,0,3,,False,True,SOURCE_ABSENT,0,NetProfitAmount,D
f182c62c-5573-4aaf-b873-d6b4df5017f2,پارس,operating_profit,27,3,2026-06-21,False,True,TTM_RECOVERABLE_REPORT_CHAIN,1,OperatingProfitNew,B
f182c62c-5573-4aaf-b873-d6b4df5017f2,پارس,eps,27,3,2026-06-21,True,True,PRESENT,1,Num1_Value1,
f182c62c-5573-4aaf-b873-d6b4df5017f2,پارس,capital,27,1,2026-06-21,,True,PRESENT,1,Num2_Value1,
f182c62c-5573-4aaf-b873-d6b4df5017f2,پارس,total_assets,0,1,,,True,SOURCE_ABSENT,0,TotalAssets,D
f182c62c-5573-4aaf-b873-d6b4df5017f2,پارس,current_assets,0,1,,,True,SOURCE_ABSENT,0,CurrentAssets,D
f182c62c-5573-4aaf-b873-d6b4df5017f2,پارس,total_liabilities,0,1,,,True,SOURCE_ABSENT,0,TotalLiabilities,D
f182c62c-5573-4aaf-b873-d6b4df5017f2,پارس,current_liabilities,0,1,,,True,SOURCE_ABSENT,0,CurrentLiabilities,D
f182c62c-5573-4aaf-b873-d6b4df5017f2,پارس,total_equity,0,1,,,True,SOURCE_ABSENT,0,TotalEquity,D
f182c62c-5573-4aaf-b873-d6b4df5017f2,پارس,operating_cash_flow,0,3,,False,True,SOURCE_ABSENT,0,OperatingCashFlow,D
f182c62c-5573-4aaf-b873-d6b4df5017f2,پارس,finance_cost,0,1,,,True,SOURCE_ABSENT,0,FinanceCostsNew,D
f182c62c-5573-4aaf-b873-d6b4df5017f2,پارس,other_non_operating,0,1,,,True,SOURCE_ABSENT,0,OtherNonOpNew,D
0c63f41f-0958-471d-93f9-88d9a4ac5521,شپارس,revenue,0,3,,False,True,SOURCE_ABSENT,0,RevenueNew,D
0c63f41f-0958-471d-93f9-88d9a4ac5521,شپارس,net_profit,0,3,,False,True,SOURCE_ABSENT,0,NetProfitAmount,D
0c63f41f-0958-471d-93f9-88d9a4ac5521,شپارس,operating_profit,27,3,2026-03-20,True,True,PRESENT,1,OperatingProfitNew,
0c63f41f-0958-471d-93f9-88d9a4ac5521,شپارس,eps,27,3,2026-03-20,True,True,PRESENT,1,Num1_Value1,
0c63f41f-0958-471d-93f9-88d9a4ac5521,شپارس,capital,27,1,2026-03-20,,True,PRESENT,1,Num2_Value1,
0c63f41f-0958-471d-93f9-88d9a4ac5521,شپارس,total_assets,0,1,,,True,SOURCE_ABSENT,0,TotalAssets,D
0c63f41f-0958-471d-93f9-88d9a4ac5521,شپارس,current_assets,0,1,,,True,SOURCE_ABSENT,0,CurrentAssets,D
0c63f41f-0958-471d-93f9-88d9a4ac5521,شپارس,total_liabilities,0,1,,,True,SOURCE_ABSENT,0,TotalLiabilities,D
0c63f41f-0958-471d-93f9-88d9a4ac5521,شپارس,current_liabilities,0,1,,,True,SOURCE_ABSENT,0,CurrentLiabilities,D
0c63f41f-0958-471d-93f9-88d9a4ac5521,شپارس,total_equity,0,1,,,True,SOURCE_ABSENT,0,TotalEquity,D
0c63f41f-0958-471d-93f9-88d9a4ac5521,شپارس,operating_cash_flow,0,3,,False,True,SOURCE_ABSENT,0,OperatingCashFlow,D
0c63f41f-0958-471d-93f9-88d9a4ac5521,شپارس,finance_cost,0,1,,,True,SOURCE_ABSENT,0,FinanceCostsNew,D
0c63f41f-0958-471d-93f9-88d9a4ac5521,شپارس,other_non_operating,0,1,,,True,SOURCE_ABSENT,0,OtherNonOpNew,D
e1a8063c-a8f7-4f54-9ed0-1d9aac4d198d,سبزوا,revenue,0,3,,False,True,SOURCE_ABSENT,0,RevenueNew,D
e1a8063c-a8f7-4f54-9ed0-1d9aac4d198d,سبزوا,net_profit,0,3,,False,True,SOURCE_ABSENT,0,NetProfitAmount,D
e1a8063c-a8f7-4f54-9ed0-1d9aac4d198d,سبزوا,operating_profit,28,3,2026-03-20,True,True,PRESENT,1,OperatingProfitNew,
e1a8063c-a8f7-4f54-9ed0-1d9aac4d198d,سبزوا,eps,28,3,2026-03-20,True,True,PRESENT,1,Num1_Value1,
e1a8063c-a8f7-4f54-9ed0-1d9aac4d198d,سبزوا,capital,28,1,2026-03-20,,True,PRESENT,1,Num2_Value1,
e1a8063c-a8f7-4f54-9ed0-1d9aac4d198d,سبزوا,total_assets,0,1,,,True,SOURCE_ABSENT,0,TotalAssets,D
e1a8063c-a8f7-4f54-9ed0-1d9aac4d198d,سبزوا,current_assets,0,1,,,True,SOURCE_ABSENT,0,CurrentAssets,D
e1a8063c-a8f7-4f54-9ed0-1d9aac4d198d,سبزوا,total_liabilities,0,1,,,True,SOURCE_ABSENT,0,TotalLiabilities,D
e1a8063c-a8f7-4f54-9ed0-1d9aac4d198d,سبزوا,current_liabilities,0,1,,,True,SOURCE_ABSENT,0,CurrentLiabilities,D
e1a8063c-a8f7-4f54-9ed0-1d9aac4d198d,سبزوا,total_equity,0,1,,,True,SOURCE_ABSENT,0,TotalEquity,D
e1a8063c-a8f7-4f54-9ed0-1d9aac4d198d,سبزوا,operating_cash_flow,0,3,,False,True,SOURCE_ABSENT,0,OperatingCashFlow,D
e1a8063c-a8f7-4f54-9ed0-1d9aac4d198d,سبزوا,finance_cost,0,1,,,True,SOURCE_ABSENT,0,FinanceCostsNew,D
e1a8063c-a8f7-4f54-9ed0-1d9aac4d198d,سبزوا,other_non_operating,0,1,,,True,SOURCE_ABSENT,0,OtherNonOpNew,D
afe098e0-23f0-4621-8de1-c63940975d5f,سباقر,revenue,28,3,2026-06-21,True,True,PRESENT,1,RevenueNew,
afe098e0-23f0-4621-8de1-c63940975d5f,سباقر,net_profit,28,3,2026-06-21,True,True,PRESENT,1,NetProfitAmount,
afe098e0-23f0-4621-8de1-c63940975d5f,سباقر,operating_profit,28,3,2026-06-21,True,True,PRESENT,1,OperatingProfitNew,
afe098e0-23f0-4621-8de1-c63940975d5f,سباقر,eps,28,3,2026-06-21,True,True,PRESENT,1,Num1_Value1,
afe098e0-23f0-4621-8de1-c63940975d5f,سباقر,capital,28,1,2026-06-21,,True,PRESENT,1,Num2_Value1,
afe098e0-23f0-4621-8de1-c63940975d5f,سباقر,total_assets,28,1,2026-06-21,,True,PRESENT,1,TotalAssets,
afe098e0-23f0-4621-8de1-c63940975d5f,سباقر,current_assets,28,1,2026-06-21,,True,PRESENT,1,CurrentAssets,
afe098e0-23f0-4621-8de1-c63940975d5f,سباقر,total_liabilities,28,1,2026-06-21,,True,PRESENT,1,TotalLiabilities,
afe098e0-23f0-4621-8de1-c63940975d5f,سباقر,current_liabilities,28,1,2026-06-21,,True,PRESENT,1,CurrentLiabilities,
afe098e0-23f0-4621-8de1-c63940975d5f,سباقر,total_equity,28,1,2026-06-21,,True,PRESENT,1,TotalEquity,
afe098e0-23f0-4621-8de1-c63940975d5f,سباقر,operating_cash_flow,28,3,2026-06-21,True,True,PRESENT,1,OperatingCashFlow,
afe098e0-23f0-4621-8de1-c63940975d5f,سباقر,finance_cost,28,1,2026-06-21,,True,PRESENT,1,FinanceCostsNew,
afe098e0-23f0-4621-8de1-c63940975d5f,سباقر,other_non_operating,28,1,2026-06-21,,True,PRESENT,1,OtherNonOpNew,
5bb860e7-5c2d-4961-bc09-0c9189870011,غمهرا,revenue,0,3,,False,True,SOURCE_ABSENT,0,RevenueNew,D
5bb860e7-5c2d-4961-bc09-0c9189870011,غمهرا,net_profit,0,3,,False,True,SOURCE_ABSENT,0,NetProfitAmount,D
5bb860e7-5c2d-4961-bc09-0c9189870011,غمهرا,operating_profit,28,3,2026-06-21,False,True,TTM_RECOVERABLE_REPORT_CHAIN,1,OperatingProfitNew,B
5bb860e7-5c2d-4961-bc09-0c9189870011,غمهرا,eps,28,3,2026-06-21,True,True,PRESENT,1,Num1_Value1,
5bb860e7-5c2d-4961-bc09-0c9189870011,غمهرا,capital,28,1,2026-06-21,,True,PRESENT,1,Num2_Value1,
5bb860e7-5c2d-4961-bc09-0c9189870011,غمهرا,total_assets,0,1,,,True,SOURCE_ABSENT,0,TotalAssets,D
5bb860e7-5c2d-4961-bc09-0c9189870011,غمهرا,current_assets,0,1,,,True,SOURCE_ABSENT,0,CurrentAssets,D
5bb860e7-5c2d-4961-bc09-0c9189870011,غمهرا,total_liabilities,0,1,,,True,SOURCE_ABSENT,0,TotalLiabilities,D
5bb860e7-5c2d-4961-bc09-0c9189870011,غمهرا,current_liabilities,0,1,,,True,SOURCE_ABSENT,0,CurrentLiabilities,D
5bb860e7-5c2d-4961-bc09-0c9189870011,غمهرا,total_equity,0,1,,,True,SOURCE_ABSENT,0,TotalEquity,D
5bb860e7-5c2d-4961-bc09-0c9189870011,غمهرا,operating_cash_flow,0,3,,False,True,SOURCE_ABSENT,0,OperatingCashFlow,D
5bb860e7-5c2d-4961-bc09-0c9189870011,غمهرا,finance_cost,0,1,,,True,SOURCE_ABSENT,0,FinanceCostsNew,D
5bb860e7-5c2d-4961-bc09-0c9189870011,غمهرا,other_non_operating,0,1,,,True,SOURCE_ABSENT,0,OtherNonOpNew,D
36322f31-3d71-41d1-b20d-b3806b68379b,دابور,revenue,0,3,,False,True,SOURCE_ABSENT,0,RevenueNew,D
36322f31-3d71-41d1-b20d-b3806b68379b,دابور,net_profit,0,3,,False,True,SOURCE_ABSENT,0,NetProfitAmount,D
36322f31-3d71-41d1-b20d-b3806b68379b,دابور,operating_profit,28,3,2026-06-21,False,True,TTM_RECOVERABLE_REPORT_CHAIN,1,OperatingProfitNew,B
36322f31-3d71-41d1-b20d-b3806b68379b,دابور,eps,28,3,2026-06-21,True,True,PRESENT,1,Num1_Value1,
36322f31-3d71-41d1-b20d-b3806b68379b,دابور,capital,28,1,2026-06-21,,True,PRESENT,1,Num2_Value1,
36322f31-3d71-41d1-b20d-b3806b68379b,دابور,total_assets,0,1,,,True,SOURCE_ABSENT,0,TotalAssets,D
36322f31-3d71-41d1-b20d-b3806b68379b,دابور,current_assets,0,1,,,True,SOURCE_ABSENT,0,CurrentAssets,D
36322f31-3d71-41d1-b20d-b3806b68379b,دابور,total_liabilities,0,1,,,True,SOURCE_ABSENT,0,TotalLiabilities,D
36322f31-3d71-41d1-b20d-b3806b68379b,دابور,current_liabilities,0,1,,,True,SOURCE_ABSENT,0,CurrentLiabilities,D
36322f31-3d71-41d1-b20d-b3806b68379b,دابور,total_equity,0,1,,,True,SOURCE_ABSENT,0,TotalEquity,D
36322f31-3d71-41d1-b20d-b3806b68379b,دابور,operating_cash_flow,0,3,,False,True,SOURCE_ABSENT,0,OperatingCashFlow,D
36322f31-3d71-41d1-b20d-b3806b68379b,دابور,finance_cost,1,1,2026-06-21,,True,PRESENT,1,FinanceCostsNew,
36322f31-3d71-41d1-b20d-b3806b68379b,دابور,other_non_operating,1,1,2026-06-21,,True,PRESENT,1,OtherNonOpNew,
23d9a5f7-2b11-4589-a719-9a387807be88,غشصفا,revenue,0,3,,False,True,SOURCE_ABSENT,0,RevenueNew,D
23d9a5f7-2b11-4589-a719-9a387807be88,غشصفا,net_profit,0,3,,False,True,SOURCE_ABSENT,0,NetProfitAmount,D
23d9a5f7-2b11-4589-a719-9a387807be88,غشصفا,operating_profit,28,3,2026-03-20,True,True,PRESENT,1,OperatingProfitNew,
23d9a5f7-2b11-4589-a719-9a387807be88,غشصفا,eps,28,3,2026-03-20,True,True,PRESENT,1,Num1_Value1,
23d9a5f7-2b11-4589-a719-9a387807be88,غشصفا,capital,28,1,2026-03-20,,True,PRESENT,1,Num2_Value1,
23d9a5f7-2b11-4589-a719-9a387807be88,غشصفا,total_assets,0,1,,,True,SOURCE_ABSENT,0,TotalAssets,D
23d9a5f7-2b11-4589-a719-9a387807be88,غشصفا,current_assets,0,1,,,True,SOURCE_ABSENT,0,CurrentAssets,D
23d9a5f7-2b11-4589-a719-9a387807be88,غشصفا,total_liabilities,0,1,,,True,SOURCE_ABSENT,0,TotalLiabilities,D
23d9a5f7-2b11-4589-a719-9a387807be88,غشصفا,current_liabilities,0,1,,,True,SOURCE_ABSENT,0,CurrentLiabilities,D
23d9a5f7-2b11-4589-a719-9a387807be88,غشصفا,total_equity,0,1,,,True,SOURCE_ABSENT,0,TotalEquity,D
23d9a5f7-2b11-4589-a719-9a387807be88,غشصفا,operating_cash_flow,0,3,,False,True,SOURCE_ABSENT,0,OperatingCashFlow,D
23d9a5f7-2b11-4589-a719-9a387807be88,غشصفا,finance_cost,0,1,,,True,SOURCE_ABSENT,0,FinanceCostsNew,D
23d9a5f7-2b11-4589-a719-9a387807be88,غشصفا,other_non_operating,0,1,,,True,SOURCE_ABSENT,0,OtherNonOpNew,D
d623a50c-81d3-4dd3-8071-d5aa2d2dc093,کگاز,revenue,0,3,,False,True,SOURCE_ABSENT,0,RevenueNew,D
d623a50c-81d3-4dd3-8071-d5aa2d2dc093,کگاز,net_profit,0,3,,False,True,SOURCE_ABSENT,0,NetProfitAmount,D
d623a50c-81d3-4dd3-8071-d5aa2d2dc093,کگاز,operating_profit,28,3,2026-06-21,False,True,TTM_RECOVERABLE_REPORT_CHAIN,1,OperatingProfitNew,B
d623a50c-81d3-4dd3-8071-d5aa2d2dc093,کگاز,eps,28,3,2026-06-21,True,True,PRESENT,1,Num1_Value1,
d623a50c-81d3-4dd3-8071-d5aa2d2dc093,کگاز,capital,28,1,2026-06-21,,True,PRESENT,1,Num2_Value1,
d623a50c-81d3-4dd3-8071-d5aa2d2dc093,کگاز,total_assets,0,1,,,True,SOURCE_ABSENT,0,TotalAssets,D
d623a50c-81d3-4dd3-8071-d5aa2d2dc093,کگاز,current_assets,0,1,,,True,SOURCE_ABSENT,0,CurrentAssets,D
d623a50c-81d3-4dd3-8071-d5aa2d2dc093,کگاز,total_liabilities,0,1,,,True,SOURCE_ABSENT,0,TotalLiabilities,D
d623a50c-81d3-4dd3-8071-d5aa2d2dc093,کگاز,current_liabilities,0,1,,,True,SOURCE_ABSENT,0,CurrentLiabilities,D
d623a50c-81d3-4dd3-8071-d5aa2d2dc093,کگاز,total_equity,0,1,,,True,SOURCE_ABSENT,0,TotalEquity,D
d623a50c-81d3-4dd3-8071-d5aa2d2dc093,کگاز,operating_cash_flow,0,3,,False,True,SOURCE_ABSENT,0,OperatingCashFlow,D
d623a50c-81d3-4dd3-8071-d5aa2d2dc093,کگاز,finance_cost,0,1,,,True,SOURCE_ABSENT,0,FinanceCostsNew,D
d623a50c-81d3-4dd3-8071-d5aa2d2dc093,کگاز,other_non_operating,0,1,,,True,SOURCE_ABSENT,0,OtherNonOpNew,D
0bba31f6-1723-4fd0-90c1-462dc0e5857a,غکورش,revenue,28,3,2026-06-21,True,True,PRESENT,1,RevenueNew,
0bba31f6-1723-4fd0-90c1-462dc0e5857a,غکورش,net_profit,28,3,2026-06-21,True,True,PRESENT,1,NetProfitAmount,
0bba31f6-1723-4fd0-90c1-462dc0e5857a,غکورش,operating_profit,28,3,2026-06-21,True,True,PRESENT,1,OperatingProfitNew,
0bba31f6-1723-4fd0-90c1-462dc0e5857a,غکورش,eps,28,3,2026-06-21,True,True,PRESENT,1,Num1_Value1,
0bba31f6-1723-4fd0-90c1-462dc0e5857a,غکورش,capital,28,1,2026-06-21,,True,PRESENT,1,Num2_Value1,
0bba31f6-1723-4fd0-90c1-462dc0e5857a,غکورش,total_assets,28,1,2026-06-21,,True,PRESENT,1,TotalAssets,
0bba31f6-1723-4fd0-90c1-462dc0e5857a,غکورش,current_assets,28,1,2026-06-21,,True,PRESENT,1,CurrentAssets,
0bba31f6-1723-4fd0-90c1-462dc0e5857a,غکورش,total_liabilities,28,1,2026-06-21,,True,PRESENT,1,TotalLiabilities,
0bba31f6-1723-4fd0-90c1-462dc0e5857a,غکورش,current_liabilities,28,1,2026-06-21,,True,PRESENT,1,CurrentLiabilities,
0bba31f6-1723-4fd0-90c1-462dc0e5857a,غکورش,total_equity,28,1,2026-06-21,,True,PRESENT,1,TotalEquity,
0bba31f6-1723-4fd0-90c1-462dc0e5857a,غکورش,operating_cash_flow,28,3,2026-06-21,True,True,PRESENT,1,OperatingCashFlow,
0bba31f6-1723-4fd0-90c1-462dc0e5857a,غکورش,finance_cost,28,1,2026-06-21,,True,PRESENT,1,FinanceCostsNew,
0bba31f6-1723-4fd0-90c1-462dc0e5857a,غکورش,other_non_operating,28,1,2026-06-21,,True,PRESENT,1,OtherNonOpNew,
56dcdf48-cbf1-4ad4-be8b-f426604a05c6,پاکشو,revenue,1,3,2026-06-21,False,True,INSUFFICIENT_TTM_PERIODS,1,RevenueNew,C
56dcdf48-cbf1-4ad4-be8b-f426604a05c6,پاکشو,net_profit,0,3,,False,True,SOURCE_ABSENT,0,NetProfitAmount,D
56dcdf48-cbf1-4ad4-be8b-f426604a05c6,پاکشو,operating_profit,28,3,2026-06-21,False,True,TTM_RECOVERABLE_REPORT_CHAIN,1,OperatingProfitNew,B
56dcdf48-cbf1-4ad4-be8b-f426604a05c6,پاکشو,eps,28,3,2026-06-21,True,True,PRESENT,1,Num1_Value1,
56dcdf48-cbf1-4ad4-be8b-f426604a05c6,پاکشو,capital,28,1,2026-06-21,,True,PRESENT,1,Num2_Value1,
56dcdf48-cbf1-4ad4-be8b-f426604a05c6,پاکشو,total_assets,0,1,,,True,SOURCE_ABSENT,0,TotalAssets,D
56dcdf48-cbf1-4ad4-be8b-f426604a05c6,پاکشو,current_assets,0,1,,,True,SOURCE_ABSENT,0,CurrentAssets,D
56dcdf48-cbf1-4ad4-be8b-f426604a05c6,پاکشو,total_liabilities,0,1,,,True,SOURCE_ABSENT,0,TotalLiabilities,D
56dcdf48-cbf1-4ad4-be8b-f426604a05c6,پاکشو,current_liabilities,0,1,,,True,SOURCE_ABSENT,0,CurrentLiabilities,D
56dcdf48-cbf1-4ad4-be8b-f426604a05c6,پاکشو,total_equity,0,1,,,True,SOURCE_ABSENT,0,TotalEquity,D
56dcdf48-cbf1-4ad4-be8b-f426604a05c6,پاکشو,operating_cash_flow,0,3,,False,True,SOURCE_ABSENT,0,OperatingCashFlow,D
56dcdf48-cbf1-4ad4-be8b-f426604a05c6,پاکشو,finance_cost,1,1,2026-06-21,,True,PRESENT,1,FinanceCostsNew,
56dcdf48-cbf1-4ad4-be8b-f426604a05c6,پاکشو,other_non_operating,1,1,2026-06-21,,True,PRESENT,1,OtherNonOpNew,
a884725f-ed8a-4f17-a6d3-22e1d3b062ae,قنیشا,revenue,0,3,,False,True,SOURCE_ABSENT,0,RevenueNew,D
a884725f-ed8a-4f17-a6d3-22e1d3b062ae,قنیشا,net_profit,0,3,,False,True,SOURCE_ABSENT,0,NetProfitAmount,D
a884725f-ed8a-4f17-a6d3-22e1d3b062ae,قنیشا,operating_profit,28,3,2026-06-21,False,True,TTM_RECOVERABLE_REPORT_CHAIN,1,OperatingProfitNew,B
a884725f-ed8a-4f17-a6d3-22e1d3b062ae,قنیشا,eps,28,3,2026-06-21,True,True,PRESENT,1,Num1_Value1,
a884725f-ed8a-4f17-a6d3-22e1d3b062ae,قنیشا,capital,28,1,2026-06-21,,True,PRESENT,1,Num2_Value1,
a884725f-ed8a-4f17-a6d3-22e1d3b062ae,قنیشا,total_assets,0,1,,,True,SOURCE_ABSENT,0,TotalAssets,D
a884725f-ed8a-4f17-a6d3-22e1d3b062ae,قنیشا,current_assets,0,1,,,True,SOURCE_ABSENT,0,CurrentAssets,D
a884725f-ed8a-4f17-a6d3-22e1d3b062ae,قنیشا,total_liabilities,0,1,,,True,SOURCE_ABSENT,0,TotalLiabilities,D
a884725f-ed8a-4f17-a6d3-22e1d3b062ae,قنیشا,current_liabilities,0,1,,,True,SOURCE_ABSENT,0,CurrentLiabilities,D
a884725f-ed8a-4f17-a6d3-22e1d3b062ae,قنیشا,total_equity,0,1,,,True,SOURCE_ABSENT,0,TotalEquity,D
a884725f-ed8a-4f17-a6d3-22e1d3b062ae,قنیشا,operating_cash_flow,0,3,,False,True,SOURCE_ABSENT,0,OperatingCashFlow,D
a884725f-ed8a-4f17-a6d3-22e1d3b062ae,قنیشا,finance_cost,0,1,,,True,SOURCE_ABSENT,0,FinanceCostsNew,D
a884725f-ed8a-4f17-a6d3-22e1d3b062ae,قنیشا,other_non_operating,0,1,,,True,SOURCE_ABSENT,0,OtherNonOpNew,D
395bc39f-e369-4ed7-9354-148fdfd2bffc,پاسا,revenue,0,3,,False,True,SOURCE_ABSENT,0,RevenueNew,D
395bc39f-e369-4ed7-9354-148fdfd2bffc,پاسا,net_profit,0,3,,False,True,SOURCE_ABSENT,0,NetProfitAmount,D
395bc39f-e369-4ed7-9354-148fdfd2bffc,پاسا,operating_profit,27,3,2026-06-21,False,True,TTM_RECOVERABLE_REPORT_CHAIN,1,OperatingProfitNew,B
395bc39f-e369-4ed7-9354-148fdfd2bffc,پاسا,eps,27,3,2026-06-21,True,True,PRESENT,1,Num1_Value1,
395bc39f-e369-4ed7-9354-148fdfd2bffc,پاسا,capital,27,1,2026-06-21,,True,PRESENT,1,Num2_Value1,
395bc39f-e369-4ed7-9354-148fdfd2bffc,پاسا,total_assets,0,1,,,True,SOURCE_ABSENT,0,TotalAssets,D
395bc39f-e369-4ed7-9354-148fdfd2bffc,پاسا,current_assets,0,1,,,True,SOURCE_ABSENT,0,CurrentAssets,D
395bc39f-e369-4ed7-9354-148fdfd2bffc,پاسا,total_liabilities,0,1,,,True,SOURCE_ABSENT,0,TotalLiabilities,D
395bc39f-e369-4ed7-9354-148fdfd2bffc,پاسا,current_liabilities,0,1,,,True,SOURCE_ABSENT,0,CurrentLiabilities,D
395bc39f-e369-4ed7-9354-148fdfd2bffc,پاسا,total_equity,0,1,,,True,SOURCE_ABSENT,0,TotalEquity,D
395bc39f-e369-4ed7-9354-148fdfd2bffc,پاسا,operating_cash_flow,0,3,,False,True,SOURCE_ABSENT,0,OperatingCashFlow,D
395bc39f-e369-4ed7-9354-148fdfd2bffc,پاسا,finance_cost,0,1,,,True,SOURCE_ABSENT,0,FinanceCostsNew,D
395bc39f-e369-4ed7-9354-148fdfd2bffc,پاسا,other_non_operating,0,1,,,True,SOURCE_ABSENT,0,OtherNonOpNew,D
fa4a26cd-ef5b-45dd-ae1e-6e429fcf57f2,بپیوند,revenue,0,3,,False,True,SOURCE_ABSENT,0,RevenueNew,D
fa4a26cd-ef5b-45dd-ae1e-6e429fcf57f2,بپیوند,net_profit,0,3,,False,True,SOURCE_ABSENT,0,NetProfitAmount,D
fa4a26cd-ef5b-45dd-ae1e-6e429fcf57f2,بپیوند,operating_profit,27,3,2026-06-21,False,True,TTM_RECOVERABLE_REPORT_CHAIN,1,OperatingProfitNew,B
fa4a26cd-ef5b-45dd-ae1e-6e429fcf57f2,بپیوند,eps,27,3,2026-06-21,True,True,PRESENT,1,Num1_Value1,
fa4a26cd-ef5b-45dd-ae1e-6e429fcf57f2,بپیوند,capital,27,1,2026-06-21,,True,PRESENT,1,Num2_Value1,
fa4a26cd-ef5b-45dd-ae1e-6e429fcf57f2,بپیوند,total_assets,0,1,,,True,SOURCE_ABSENT,0,TotalAssets,D
fa4a26cd-ef5b-45dd-ae1e-6e429fcf57f2,بپیوند,current_assets,0,1,,,True,SOURCE_ABSENT,0,CurrentAssets,D
fa4a26cd-ef5b-45dd-ae1e-6e429fcf57f2,بپیوند,total_liabilities,0,1,,,True,SOURCE_ABSENT,0,TotalLiabilities,D
fa4a26cd-ef5b-45dd-ae1e-6e429fcf57f2,بپیوند,current_liabilities,0,1,,,True,SOURCE_ABSENT,0,CurrentLiabilities,D
fa4a26cd-ef5b-45dd-ae1e-6e429fcf57f2,بپیوند,total_equity,0,1,,,True,SOURCE_ABSENT,0,TotalEquity,D
fa4a26cd-ef5b-45dd-ae1e-6e429fcf57f2,بپیوند,operating_cash_flow,0,3,,False,True,SOURCE_ABSENT,0,OperatingCashFlow,D
fa4a26cd-ef5b-45dd-ae1e-6e429fcf57f2,بپیوند,finance_cost,0,1,,,True,SOURCE_ABSENT,0,FinanceCostsNew,D
fa4a26cd-ef5b-45dd-ae1e-6e429fcf57f2,بپیوند,other_non_operating,0,1,,,True,SOURCE_ABSENT,0,OtherNonOpNew,D
70df11ee-fe59-40ba-adc1-9b63a7740e7b,غگلستا,revenue,0,3,,False,True,SOURCE_ABSENT,0,RevenueNew,D
70df11ee-fe59-40ba-adc1-9b63a7740e7b,غگلستا,net_profit,0,3,,False,True,SOURCE_ABSENT,0,NetProfitAmount,D
70df11ee-fe59-40ba-adc1-9b63a7740e7b,غگلستا,operating_profit,28,3,2026-03-20,True,True,PRESENT,1,OperatingProfitNew,
70df11ee-fe59-40ba-adc1-9b63a7740e7b,غگلستا,eps,28,3,2026-03-20,True,True,PRESENT,1,Num1_Value1,
70df11ee-fe59-40ba-adc1-9b63a7740e7b,غگلستا,capital,28,1,2026-03-20,,True,PRESENT,1,Num2_Value1,
70df11ee-fe59-40ba-adc1-9b63a7740e7b,غگلستا,total_assets,0,1,,,True,SOURCE_ABSENT,0,TotalAssets,D
70df11ee-fe59-40ba-adc1-9b63a7740e7b,غگلستا,current_assets,0,1,,,True,SOURCE_ABSENT,0,CurrentAssets,D
70df11ee-fe59-40ba-adc1-9b63a7740e7b,غگلستا,total_liabilities,0,1,,,True,SOURCE_ABSENT,0,TotalLiabilities,D
70df11ee-fe59-40ba-adc1-9b63a7740e7b,غگلستا,current_liabilities,0,1,,,True,SOURCE_ABSENT,0,CurrentLiabilities,D
70df11ee-fe59-40ba-adc1-9b63a7740e7b,غگلستا,total_equity,0,1,,,True,SOURCE_ABSENT,0,TotalEquity,D
70df11ee-fe59-40ba-adc1-9b63a7740e7b,غگلستا,operating_cash_flow,0,3,,False,True,SOURCE_ABSENT,0,OperatingCashFlow,D
70df11ee-fe59-40ba-adc1-9b63a7740e7b,غگلستا,finance_cost,0,1,,,True,SOURCE_ABSENT,0,FinanceCostsNew,D
70df11ee-fe59-40ba-adc1-9b63a7740e7b,غگلستا,other_non_operating,0,1,,,True,SOURCE_ABSENT,0,OtherNonOpNew,D
32f8a06d-02b7-4ac8-88bf-4c5e2adcaa8e,فایرا,revenue,1,3,2026-06-21,True,True,PRESENT,1,RevenueNew,
32f8a06d-02b7-4ac8-88bf-4c5e2adcaa8e,فایرا,net_profit,1,3,2026-06-21,True,True,PRESENT,1,NetProfitAmount,
32f8a06d-02b7-4ac8-88bf-4c5e2adcaa8e,فایرا,operating_profit,28,3,2026-06-21,True,True,PRESENT,1,OperatingProfitNew,
32f8a06d-02b7-4ac8-88bf-4c5e2adcaa8e,فایرا,eps,28,3,2026-06-21,True,True,PRESENT,1,Num1_Value1,
32f8a06d-02b7-4ac8-88bf-4c5e2adcaa8e,فایرا,capital,28,1,2026-06-21,,True,PRESENT,1,Num2_Value1,
32f8a06d-02b7-4ac8-88bf-4c5e2adcaa8e,فایرا,total_assets,1,1,2026-06-21,,True,PRESENT,1,TotalAssets,
32f8a06d-02b7-4ac8-88bf-4c5e2adcaa8e,فایرا,current_assets,1,1,2026-06-21,,True,PRESENT,1,CurrentAssets,
32f8a06d-02b7-4ac8-88bf-4c5e2adcaa8e,فایرا,total_liabilities,1,1,2026-06-21,,True,PRESENT,1,TotalLiabilities,
32f8a06d-02b7-4ac8-88bf-4c5e2adcaa8e,فایرا,current_liabilities,1,1,2026-06-21,,True,PRESENT,1,CurrentLiabilities,
32f8a06d-02b7-4ac8-88bf-4c5e2adcaa8e,فایرا,total_equity,1,1,2026-06-21,,True,PRESENT,1,TotalEquity,
32f8a06d-02b7-4ac8-88bf-4c5e2adcaa8e,فایرا,operating_cash_flow,1,3,2026-06-21,True,True,PRESENT,1,OperatingCashFlow,
32f8a06d-02b7-4ac8-88bf-4c5e2adcaa8e,فایرا,finance_cost,1,1,2026-06-21,,True,PRESENT,1,FinanceCostsNew,
32f8a06d-02b7-4ac8-88bf-4c5e2adcaa8e,فایرا,other_non_operating,1,1,2026-06-21,,True,PRESENT,1,OtherNonOpNew,
4e501f0e-832b-4029-b0ba-df118080310e,سکرد,revenue,0,3,,False,True,SOURCE_ABSENT,0,RevenueNew,D
4e501f0e-832b-4029-b0ba-df118080310e,سکرد,net_profit,0,3,,False,True,SOURCE_ABSENT,0,NetProfitAmount,D
4e501f0e-832b-4029-b0ba-df118080310e,سکرد,operating_profit,29,3,2026-06-21,False,True,TTM_RECOVERABLE_REPORT_CHAIN,1,OperatingProfitNew,B
4e501f0e-832b-4029-b0ba-df118080310e,سکرد,eps,29,3,2026-06-21,True,True,PRESENT,1,Num1_Value1,
4e501f0e-832b-4029-b0ba-df118080310e,سکرد,capital,29,1,2026-06-21,,True,PRESENT,1,Num2_Value1,
4e501f0e-832b-4029-b0ba-df118080310e,سکرد,total_assets,0,1,,,True,SOURCE_ABSENT,0,TotalAssets,D
4e501f0e-832b-4029-b0ba-df118080310e,سکرد,current_assets,0,1,,,True,SOURCE_ABSENT,0,CurrentAssets,D
4e501f0e-832b-4029-b0ba-df118080310e,سکرد,total_liabilities,0,1,,,True,SOURCE_ABSENT,0,TotalLiabilities,D
4e501f0e-832b-4029-b0ba-df118080310e,سکرد,current_liabilities,0,1,,,True,SOURCE_ABSENT,0,CurrentLiabilities,D
4e501f0e-832b-4029-b0ba-df118080310e,سکرد,total_equity,0,1,,,True,SOURCE_ABSENT,0,TotalEquity,D
4e501f0e-832b-4029-b0ba-df118080310e,سکرد,operating_cash_flow,0,3,,False,True,SOURCE_ABSENT,0,OperatingCashFlow,D
4e501f0e-832b-4029-b0ba-df118080310e,سکرد,finance_cost,0,1,,,True,SOURCE_ABSENT,0,FinanceCostsNew,D
4e501f0e-832b-4029-b0ba-df118080310e,سکرد,other_non_operating,0,1,,,True,SOURCE_ABSENT,0,OtherNonOpNew,D
e5197628-f5db-49cb-af4d-02ae4f3564af,خودرو,revenue,1,3,2026-06-21,True,True,PRESENT,1,RevenueNew,
e5197628-f5db-49cb-af4d-02ae4f3564af,خودرو,net_profit,1,3,2026-06-21,True,True,PRESENT,1,NetProfitAmount,
e5197628-f5db-49cb-af4d-02ae4f3564af,خودرو,operating_profit,28,3,2026-06-21,True,True,PRESENT,1,OperatingProfitNew,
e5197628-f5db-49cb-af4d-02ae4f3564af,خودرو,eps,28,3,2026-06-21,True,True,PRESENT,1,Num1_Value1,
e5197628-f5db-49cb-af4d-02ae4f3564af,خودرو,capital,28,1,2026-06-21,,True,PRESENT,1,Num2_Value1,
e5197628-f5db-49cb-af4d-02ae4f3564af,خودرو,total_assets,1,1,2026-06-21,,True,PRESENT,1,TotalAssets,
e5197628-f5db-49cb-af4d-02ae4f3564af,خودرو,current_assets,1,1,2026-06-21,,True,PRESENT,1,CurrentAssets,
e5197628-f5db-49cb-af4d-02ae4f3564af,خودرو,total_liabilities,1,1,2026-06-21,,True,PRESENT,1,TotalLiabilities,
e5197628-f5db-49cb-af4d-02ae4f3564af,خودرو,current_liabilities,1,1,2026-06-21,,True,PRESENT,1,CurrentLiabilities,
e5197628-f5db-49cb-af4d-02ae4f3564af,خودرو,total_equity,1,1,2026-06-21,,True,PRESENT,1,TotalEquity,
e5197628-f5db-49cb-af4d-02ae4f3564af,خودرو,operating_cash_flow,1,3,2026-06-21,True,True,PRESENT,1,OperatingCashFlow,
e5197628-f5db-49cb-af4d-02ae4f3564af,خودرو,finance_cost,1,1,2026-06-21,,True,PRESENT,1,FinanceCostsNew,
e5197628-f5db-49cb-af4d-02ae4f3564af,خودرو,other_non_operating,1,1,2026-06-21,,True,PRESENT,1,OtherNonOpNew,
a70d8f77-9f39-4b94-a113-bb9c1a819397,سبجنو,revenue,1,3,2026-06-21,True,True,PRESENT,1,RevenueNew,
a70d8f77-9f39-4b94-a113-bb9c1a819397,سبجنو,net_profit,1,3,2026-06-21,True,True,PRESENT,1,NetProfitAmount,
a70d8f77-9f39-4b94-a113-bb9c1a819397,سبجنو,operating_profit,27,3,2026-06-21,True,True,PRESENT,1,OperatingProfitNew,
a70d8f77-9f39-4b94-a113-bb9c1a819397,سبجنو,eps,27,3,2026-06-21,True,True,PRESENT,1,Num1_Value1,
a70d8f77-9f39-4b94-a113-bb9c1a819397,سبجنو,capital,27,1,2026-06-21,,True,PRESENT,1,Num2_Value1,
a70d8f77-9f39-4b94-a113-bb9c1a819397,سبجنو,total_assets,1,1,2026-06-21,,True,PRESENT,1,TotalAssets,
a70d8f77-9f39-4b94-a113-bb9c1a819397,سبجنو,current_assets,1,1,2026-06-21,,True,PRESENT,1,CurrentAssets,
a70d8f77-9f39-4b94-a113-bb9c1a819397,سبجنو,total_liabilities,1,1,2026-06-21,,True,PRESENT,1,TotalLiabilities,
a70d8f77-9f39-4b94-a113-bb9c1a819397,سبجنو,current_liabilities,1,1,2026-06-21,,True,PRESENT,1,CurrentLiabilities,
a70d8f77-9f39-4b94-a113-bb9c1a819397,سبجنو,total_equity,1,1,2026-06-21,,True,PRESENT,1,TotalEquity,
a70d8f77-9f39-4b94-a113-bb9c1a819397,سبجنو,operating_cash_flow,1,3,2026-06-21,True,True,PRESENT,1,OperatingCashFlow,
a70d8f77-9f39-4b94-a113-bb9c1a819397,سبجنو,finance_cost,1,1,2026-06-21,,True,PRESENT,1,FinanceCostsNew,
a70d8f77-9f39-4b94-a113-bb9c1a819397,سبجنو,other_non_operating,1,1,2026-06-21,,True,PRESENT,1,OtherNonOpNew,
fd9e2e5f-8257-4b5d-be39-f57fb8dfcb83,دتوزیع,revenue,0,3,,False,True,SOURCE_ABSENT,0,RevenueNew,D
fd9e2e5f-8257-4b5d-be39-f57fb8dfcb83,دتوزیع,net_profit,0,3,,False,True,SOURCE_ABSENT,0,NetProfitAmount,D
fd9e2e5f-8257-4b5d-be39-f57fb8dfcb83,دتوزیع,operating_profit,27,3,2026-06-21,False,True,TTM_RECOVERABLE_REPORT_CHAIN,1,OperatingProfitNew,B
fd9e2e5f-8257-4b5d-be39-f57fb8dfcb83,دتوزیع,eps,27,3,2026-06-21,True,True,PRESENT,1,Num1_Value1,
fd9e2e5f-8257-4b5d-be39-f57fb8dfcb83,دتوزیع,capital,27,1,2026-06-21,,True,PRESENT,1,Num2_Value1,
fd9e2e5f-8257-4b5d-be39-f57fb8dfcb83,دتوزیع,total_assets,0,1,,,True,SOURCE_ABSENT,0,TotalAssets,D
fd9e2e5f-8257-4b5d-be39-f57fb8dfcb83,دتوزیع,current_assets,0,1,,,True,SOURCE_ABSENT,0,CurrentAssets,D
fd9e2e5f-8257-4b5d-be39-f57fb8dfcb83,دتوزیع,total_liabilities,0,1,,,True,SOURCE_ABSENT,0,TotalLiabilities,D
fd9e2e5f-8257-4b5d-be39-f57fb8dfcb83,دتوزیع,current_liabilities,0,1,,,True,SOURCE_ABSENT,0,CurrentLiabilities,D
fd9e2e5f-8257-4b5d-be39-f57fb8dfcb83,دتوزیع,total_equity,0,1,,,True,SOURCE_ABSENT,0,TotalEquity,D
fd9e2e5f-8257-4b5d-be39-f57fb8dfcb83,دتوزیع,operating_cash_flow,0,3,,False,True,SOURCE_ABSENT,0,OperatingCashFlow,D
fd9e2e5f-8257-4b5d-be39-f57fb8dfcb83,دتوزیع,finance_cost,0,1,,,True,SOURCE_ABSENT,0,FinanceCostsNew,D
fd9e2e5f-8257-4b5d-be39-f57fb8dfcb83,دتوزیع,other_non_operating,0,1,,,True,SOURCE_ABSENT,0,OtherNonOpNew,D
02156686-a480-45fe-a096-d0a6b6ba6c47,فباهنر,revenue,1,3,2026-06-21,True,True,PRESENT,1,RevenueNew,
02156686-a480-45fe-a096-d0a6b6ba6c47,فباهنر,net_profit,1,3,2026-06-21,True,True,PRESENT,1,NetProfitAmount,
02156686-a480-45fe-a096-d0a6b6ba6c47,فباهنر,operating_profit,27,3,2026-06-21,True,True,PRESENT,1,OperatingProfitNew,
02156686-a480-45fe-a096-d0a6b6ba6c47,فباهنر,eps,27,3,2026-06-21,True,True,PRESENT,1,Num1_Value1,
02156686-a480-45fe-a096-d0a6b6ba6c47,فباهنر,capital,27,1,2026-06-21,,True,PRESENT,1,Num2_Value1,
02156686-a480-45fe-a096-d0a6b6ba6c47,فباهنر,total_assets,1,1,2026-06-21,,True,PRESENT,1,TotalAssets,
02156686-a480-45fe-a096-d0a6b6ba6c47,فباهنر,current_assets,1,1,2026-06-21,,True,PRESENT,1,CurrentAssets,
02156686-a480-45fe-a096-d0a6b6ba6c47,فباهنر,total_liabilities,1,1,2026-06-21,,True,PRESENT,1,TotalLiabilities,
02156686-a480-45fe-a096-d0a6b6ba6c47,فباهنر,current_liabilities,1,1,2026-06-21,,True,PRESENT,1,CurrentLiabilities,
02156686-a480-45fe-a096-d0a6b6ba6c47,فباهنر,total_equity,1,1,2026-06-21,,True,PRESENT,1,TotalEquity,
02156686-a480-45fe-a096-d0a6b6ba6c47,فباهنر,operating_cash_flow,1,3,2026-06-21,True,True,PRESENT,1,OperatingCashFlow,
02156686-a480-45fe-a096-d0a6b6ba6c47,فباهنر,finance_cost,1,1,2026-06-21,,True,PRESENT,1,FinanceCostsNew,
02156686-a480-45fe-a096-d0a6b6ba6c47,فباهنر,other_non_operating,1,1,2026-06-21,,True,PRESENT,1,OtherNonOpNew,
800144e4-cc7d-4308-b9d0-50b502039f5b,رمپنا,revenue,0,3,,False,True,SOURCE_ABSENT,0,RevenueNew,D
800144e4-cc7d-4308-b9d0-50b502039f5b,رمپنا,net_profit,0,3,,False,True,SOURCE_ABSENT,0,NetProfitAmount,D
800144e4-cc7d-4308-b9d0-50b502039f5b,رمپنا,operating_profit,0,3,,False,True,SOURCE_ABSENT,0,OperatingProfitNew,D
800144e4-cc7d-4308-b9d0-50b502039f5b,رمپنا,eps,0,3,,False,True,SOURCE_ABSENT,0,Num1_Value1,D
800144e4-cc7d-4308-b9d0-50b502039f5b,رمپنا,capital,0,1,,,True,SOURCE_ABSENT,0,Num2_Value1,D
800144e4-cc7d-4308-b9d0-50b502039f5b,رمپنا,total_assets,0,1,,,True,SOURCE_ABSENT,0,TotalAssets,D
800144e4-cc7d-4308-b9d0-50b502039f5b,رمپنا,current_assets,0,1,,,True,SOURCE_ABSENT,0,CurrentAssets,D
800144e4-cc7d-4308-b9d0-50b502039f5b,رمپنا,total_liabilities,0,1,,,True,SOURCE_ABSENT,0,TotalLiabilities,D
800144e4-cc7d-4308-b9d0-50b502039f5b,رمپنا,current_liabilities,0,1,,,True,SOURCE_ABSENT,0,CurrentLiabilities,D
800144e4-cc7d-4308-b9d0-50b502039f5b,رمپنا,total_equity,0,1,,,True,SOURCE_ABSENT,0,TotalEquity,D
800144e4-cc7d-4308-b9d0-50b502039f5b,رمپنا,operating_cash_flow,0,3,,False,True,SOURCE_ABSENT,0,OperatingCashFlow,D
800144e4-cc7d-4308-b9d0-50b502039f5b,رمپنا,finance_cost,0,1,,,True,SOURCE_ABSENT,0,FinanceCostsNew,D
800144e4-cc7d-4308-b9d0-50b502039f5b,رمپنا,other_non_operating,0,1,,,True,SOURCE_ABSENT,0,OtherNonOpNew,D
2d123302-2541-40dc-be32-801bab8251a5,کهمدا,revenue,2,3,2026-06-21,False,True,INSUFFICIENT_TTM_PERIODS,1,RevenueNew,C
2d123302-2541-40dc-be32-801bab8251a5,کهمدا,net_profit,1,3,2026-06-21,False,True,INSUFFICIENT_TTM_PERIODS,1,NetProfitAmount,C
2d123302-2541-40dc-be32-801bab8251a5,کهمدا,operating_profit,28,3,2026-06-21,False,True,TTM_RECOVERABLE_REPORT_CHAIN,1,OperatingProfitNew,B
2d123302-2541-40dc-be32-801bab8251a5,کهمدا,eps,28,3,2026-06-21,False,True,TTM_RECOVERABLE_REPORT_CHAIN,1,Num1_Value1,B
2d123302-2541-40dc-be32-801bab8251a5,کهمدا,capital,28,1,2026-06-21,,True,PRESENT,1,Num2_Value1,
2d123302-2541-40dc-be32-801bab8251a5,کهمدا,total_assets,1,1,2026-06-21,,True,PRESENT,1,TotalAssets,
2d123302-2541-40dc-be32-801bab8251a5,کهمدا,current_assets,1,1,2026-06-21,,True,PRESENT,1,CurrentAssets,
2d123302-2541-40dc-be32-801bab8251a5,کهمدا,total_liabilities,1,1,2026-06-21,,True,PRESENT,1,TotalLiabilities,
2d123302-2541-40dc-be32-801bab8251a5,کهمدا,current_liabilities,1,1,2026-06-21,,True,PRESENT,1,CurrentLiabilities,
2d123302-2541-40dc-be32-801bab8251a5,کهمدا,total_equity,1,1,2026-06-21,,True,PRESENT,1,TotalEquity,
2d123302-2541-40dc-be32-801bab8251a5,کهمدا,operating_cash_flow,1,3,2026-06-21,False,True,INSUFFICIENT_TTM_PERIODS,1,OperatingCashFlow,C
2d123302-2541-40dc-be32-801bab8251a5,کهمدا,finance_cost,2,1,2026-06-21,,True,PRESENT,1,FinanceCostsNew,
2d123302-2541-40dc-be32-801bab8251a5,کهمدا,other_non_operating,2,1,2026-06-21,,True,PRESENT,1,OtherNonOpNew,
8b9bd230-19fb-4332-83e5-0a6ae4f0a983,سشمال,revenue,0,3,,False,True,SOURCE_ABSENT,0,RevenueNew,D
8b9bd230-19fb-4332-83e5-0a6ae4f0a983,سشمال,net_profit,0,3,,False,True,SOURCE_ABSENT,0,NetProfitAmount,D
8b9bd230-19fb-4332-83e5-0a6ae4f0a983,سشمال,operating_profit,26,3,2026-03-20,True,True,PRESENT,1,OperatingProfitNew,
8b9bd230-19fb-4332-83e5-0a6ae4f0a983,سشمال,eps,26,3,2026-03-20,True,True,PRESENT,1,Num1_Value1,
8b9bd230-19fb-4332-83e5-0a6ae4f0a983,سشمال,capital,26,1,2026-03-20,,True,PRESENT,1,Num2_Value1,
8b9bd230-19fb-4332-83e5-0a6ae4f0a983,سشمال,total_assets,0,1,,,True,SOURCE_ABSENT,0,TotalAssets,D
8b9bd230-19fb-4332-83e5-0a6ae4f0a983,سشمال,current_assets,0,1,,,True,SOURCE_ABSENT,0,CurrentAssets,D
8b9bd230-19fb-4332-83e5-0a6ae4f0a983,سشمال,total_liabilities,0,1,,,True,SOURCE_ABSENT,0,TotalLiabilities,D
8b9bd230-19fb-4332-83e5-0a6ae4f0a983,سشمال,current_liabilities,0,1,,,True,SOURCE_ABSENT,0,CurrentLiabilities,D
8b9bd230-19fb-4332-83e5-0a6ae4f0a983,سشمال,total_equity,0,1,,,True,SOURCE_ABSENT,0,TotalEquity,D
8b9bd230-19fb-4332-83e5-0a6ae4f0a983,سشمال,operating_cash_flow,0,3,,False,True,SOURCE_ABSENT,0,OperatingCashFlow,D
8b9bd230-19fb-4332-83e5-0a6ae4f0a983,سشمال,finance_cost,0,1,,,True,SOURCE_ABSENT,0,FinanceCostsNew,D
8b9bd230-19fb-4332-83e5-0a6ae4f0a983,سشمال,other_non_operating,0,1,,,True,SOURCE_ABSENT,0,OtherNonOpNew,D
ebf0e388-b11a-4e8d-918c-7e61cf997d60,کماسه,revenue,1,3,2026-06-21,True,True,PRESENT,1,RevenueNew,
ebf0e388-b11a-4e8d-918c-7e61cf997d60,کماسه,net_profit,1,3,2026-06-21,True,True,PRESENT,1,NetProfitAmount,
ebf0e388-b11a-4e8d-918c-7e61cf997d60,کماسه,operating_profit,28,3,2026-06-21,True,True,PRESENT,1,OperatingProfitNew,
ebf0e388-b11a-4e8d-918c-7e61cf997d60,کماسه,eps,28,3,2026-06-21,True,True,PRESENT,1,Num1_Value1,
ebf0e388-b11a-4e8d-918c-7e61cf997d60,کماسه,capital,28,1,2026-06-21,,True,PRESENT,1,Num2_Value1,
ebf0e388-b11a-4e8d-918c-7e61cf997d60,کماسه,total_assets,1,1,2026-06-21,,True,PRESENT,1,TotalAssets,
ebf0e388-b11a-4e8d-918c-7e61cf997d60,کماسه,current_assets,1,1,2026-06-21,,True,PRESENT,1,CurrentAssets,
ebf0e388-b11a-4e8d-918c-7e61cf997d60,کماسه,total_liabilities,1,1,2026-06-21,,True,PRESENT,1,TotalLiabilities,
ebf0e388-b11a-4e8d-918c-7e61cf997d60,کماسه,current_liabilities,1,1,2026-06-21,,True,PRESENT,1,CurrentLiabilities,
ebf0e388-b11a-4e8d-918c-7e61cf997d60,کماسه,total_equity,1,1,2026-06-21,,True,PRESENT,1,TotalEquity,
ebf0e388-b11a-4e8d-918c-7e61cf997d60,کماسه,operating_cash_flow,1,3,2026-06-21,True,True,PRESENT,1,OperatingCashFlow,
ebf0e388-b11a-4e8d-918c-7e61cf997d60,کماسه,finance_cost,1,1,2026-06-21,,True,PRESENT,1,FinanceCostsNew,
ebf0e388-b11a-4e8d-918c-7e61cf997d60,کماسه,other_non_operating,1,1,2026-06-21,,True,PRESENT,1,OtherNonOpNew,
45761726-5a5b-48ab-ae64-d8cad1de4bb3,دارو,revenue,1,3,2026-06-21,True,True,PRESENT,1,RevenueNew,
45761726-5a5b-48ab-ae64-d8cad1de4bb3,دارو,net_profit,1,3,2026-06-21,True,True,PRESENT,1,NetProfitAmount,
45761726-5a5b-48ab-ae64-d8cad1de4bb3,دارو,operating_profit,27,3,2026-06-21,True,True,PRESENT,1,OperatingProfitNew,
45761726-5a5b-48ab-ae64-d8cad1de4bb3,دارو,eps,27,3,2026-06-21,True,True,PRESENT,1,Num1_Value1,
45761726-5a5b-48ab-ae64-d8cad1de4bb3,دارو,capital,27,1,2026-06-21,,True,PRESENT,1,Num2_Value1,
45761726-5a5b-48ab-ae64-d8cad1de4bb3,دارو,total_assets,1,1,2026-06-21,,True,PRESENT,1,TotalAssets,
45761726-5a5b-48ab-ae64-d8cad1de4bb3,دارو,current_assets,1,1,2026-06-21,,True,PRESENT,1,CurrentAssets,
45761726-5a5b-48ab-ae64-d8cad1de4bb3,دارو,total_liabilities,1,1,2026-06-21,,True,PRESENT,1,TotalLiabilities,
45761726-5a5b-48ab-ae64-d8cad1de4bb3,دارو,current_liabilities,1,1,2026-06-21,,True,PRESENT,1,CurrentLiabilities,
45761726-5a5b-48ab-ae64-d8cad1de4bb3,دارو,total_equity,1,1,2026-06-21,,True,PRESENT,1,TotalEquity,
45761726-5a5b-48ab-ae64-d8cad1de4bb3,دارو,operating_cash_flow,1,3,2026-06-21,True,True,PRESENT,1,OperatingCashFlow,
45761726-5a5b-48ab-ae64-d8cad1de4bb3,دارو,finance_cost,1,1,2026-06-21,,True,PRESENT,1,FinanceCostsNew,
45761726-5a5b-48ab-ae64-d8cad1de4bb3,دارو,other_non_operating,1,1,2026-06-21,,True,PRESENT,1,OtherNonOpNew,
9ea705bb-16b7-4952-ba9f-1215c615858e,فپنتا,revenue,0,3,,False,True,SOURCE_ABSENT,0,RevenueNew,D
9ea705bb-16b7-4952-ba9f-1215c615858e,فپنتا,net_profit,0,3,,False,True,SOURCE_ABSENT,0,NetProfitAmount,D
9ea705bb-16b7-4952-ba9f-1215c615858e,فپنتا,operating_profit,26,3,2026-04-20,False,True,INSUFFICIENT_TTM_PERIODS,1,OperatingProfitNew,C
9ea705bb-16b7-4952-ba9f-1215c615858e,فپنتا,eps,26,3,2026-04-20,True,True,PRESENT,1,Num1_Value1,
9ea705bb-16b7-4952-ba9f-1215c615858e,فپنتا,capital,26,1,2026-04-20,,True,PRESENT,1,Num2_Value1,
9ea705bb-16b7-4952-ba9f-1215c615858e,فپنتا,total_assets,0,1,,,True,SOURCE_ABSENT,0,TotalAssets,D
9ea705bb-16b7-4952-ba9f-1215c615858e,فپنتا,current_assets,0,1,,,True,SOURCE_ABSENT,0,CurrentAssets,D
9ea705bb-16b7-4952-ba9f-1215c615858e,فپنتا,total_liabilities,0,1,,,True,SOURCE_ABSENT,0,TotalLiabilities,D
9ea705bb-16b7-4952-ba9f-1215c615858e,فپنتا,current_liabilities,0,1,,,True,SOURCE_ABSENT,0,CurrentLiabilities,D
9ea705bb-16b7-4952-ba9f-1215c615858e,فپنتا,total_equity,0,1,,,True,SOURCE_ABSENT,0,TotalEquity,D
9ea705bb-16b7-4952-ba9f-1215c615858e,فپنتا,operating_cash_flow,0,3,,False,True,SOURCE_ABSENT,0,OperatingCashFlow,D
9ea705bb-16b7-4952-ba9f-1215c615858e,فپنتا,finance_cost,0,1,,,True,SOURCE_ABSENT,0,FinanceCostsNew,D
9ea705bb-16b7-4952-ba9f-1215c615858e,فپنتا,other_non_operating,0,1,,,True,SOURCE_ABSENT,0,OtherNonOpNew,D
388f886c-2558-4f9f-8871-a3bb73d2546a,شبصیر,revenue,1,3,2026-06-21,True,True,PRESENT,1,RevenueNew,
388f886c-2558-4f9f-8871-a3bb73d2546a,شبصیر,net_profit,1,3,2026-06-21,True,True,PRESENT,1,NetProfitAmount,
388f886c-2558-4f9f-8871-a3bb73d2546a,شبصیر,operating_profit,27,3,2026-06-21,True,True,PRESENT,1,OperatingProfitNew,
388f886c-2558-4f9f-8871-a3bb73d2546a,شبصیر,eps,27,3,2026-06-21,True,True,PRESENT,1,Num1_Value1,
388f886c-2558-4f9f-8871-a3bb73d2546a,شبصیر,capital,27,1,2026-06-21,,True,PRESENT,1,Num2_Value1,
388f886c-2558-4f9f-8871-a3bb73d2546a,شبصیر,total_assets,1,1,2026-06-21,,True,PRESENT,1,TotalAssets,
388f886c-2558-4f9f-8871-a3bb73d2546a,شبصیر,current_assets,1,1,2026-06-21,,True,PRESENT,1,CurrentAssets,
388f886c-2558-4f9f-8871-a3bb73d2546a,شبصیر,total_liabilities,1,1,2026-06-21,,True,PRESENT,1,TotalLiabilities,
388f886c-2558-4f9f-8871-a3bb73d2546a,شبصیر,current_liabilities,1,1,2026-06-21,,True,PRESENT,1,CurrentLiabilities,
388f886c-2558-4f9f-8871-a3bb73d2546a,شبصیر,total_equity,1,1,2026-06-21,,True,PRESENT,1,TotalEquity,
388f886c-2558-4f9f-8871-a3bb73d2546a,شبصیر,operating_cash_flow,1,3,2026-06-21,True,True,PRESENT,1,OperatingCashFlow,
388f886c-2558-4f9f-8871-a3bb73d2546a,شبصیر,finance_cost,1,1,2026-06-21,,True,PRESENT,1,FinanceCostsNew,
388f886c-2558-4f9f-8871-a3bb73d2546a,شبصیر,other_non_operating,1,1,2026-06-21,,True,PRESENT,1,OtherNonOpNew,
d27cd264-4b08-4ddc-b81d-8367e3d8aaa4,دیران,revenue,1,3,2026-06-21,True,True,PRESENT,1,RevenueNew,
d27cd264-4b08-4ddc-b81d-8367e3d8aaa4,دیران,net_profit,1,3,2026-06-21,True,True,PRESENT,1,NetProfitAmount,
d27cd264-4b08-4ddc-b81d-8367e3d8aaa4,دیران,operating_profit,26,3,2026-06-21,True,True,PRESENT,1,OperatingProfitNew,
d27cd264-4b08-4ddc-b81d-8367e3d8aaa4,دیران,eps,26,3,2026-06-21,True,True,PRESENT,1,Num1_Value1,
d27cd264-4b08-4ddc-b81d-8367e3d8aaa4,دیران,capital,26,1,2026-06-21,,True,PRESENT,1,Num2_Value1,
d27cd264-4b08-4ddc-b81d-8367e3d8aaa4,دیران,total_assets,1,1,2026-06-21,,True,PRESENT,1,TotalAssets,
d27cd264-4b08-4ddc-b81d-8367e3d8aaa4,دیران,current_assets,1,1,2026-06-21,,True,PRESENT,1,CurrentAssets,
d27cd264-4b08-4ddc-b81d-8367e3d8aaa4,دیران,total_liabilities,1,1,2026-06-21,,True,PRESENT,1,TotalLiabilities,
d27cd264-4b08-4ddc-b81d-8367e3d8aaa4,دیران,current_liabilities,1,1,2026-06-21,,True,PRESENT,1,CurrentLiabilities,
d27cd264-4b08-4ddc-b81d-8367e3d8aaa4,دیران,total_equity,1,1,2026-06-21,,True,PRESENT,1,TotalEquity,
d27cd264-4b08-4ddc-b81d-8367e3d8aaa4,دیران,operating_cash_flow,1,3,2026-06-21,True,True,PRESENT,1,OperatingCashFlow,
d27cd264-4b08-4ddc-b81d-8367e3d8aaa4,دیران,finance_cost,1,1,2026-06-21,,True,PRESENT,1,FinanceCostsNew,
d27cd264-4b08-4ddc-b81d-8367e3d8aaa4,دیران,other_non_operating,1,1,2026-06-21,,True,PRESENT,1,OtherNonOpNew,
bd759dfb-9f7e-45fe-8f91-0f59f901585a,شکام,revenue,1,3,2026-06-21,True,True,PRESENT,1,RevenueNew,
bd759dfb-9f7e-45fe-8f91-0f59f901585a,شکام,net_profit,1,3,2026-06-21,True,True,PRESENT,1,NetProfitAmount,
bd759dfb-9f7e-45fe-8f91-0f59f901585a,شکام,operating_profit,21,3,2026-06-21,True,True,PRESENT,1,OperatingProfitNew,
bd759dfb-9f7e-45fe-8f91-0f59f901585a,شکام,eps,21,3,2026-06-21,True,True,PRESENT,1,Num1_Value1,
bd759dfb-9f7e-45fe-8f91-0f59f901585a,شکام,capital,21,1,2026-06-21,,True,PRESENT,1,Num2_Value1,
bd759dfb-9f7e-45fe-8f91-0f59f901585a,شکام,total_assets,1,1,2026-06-21,,True,PRESENT,1,TotalAssets,
bd759dfb-9f7e-45fe-8f91-0f59f901585a,شکام,current_assets,1,1,2026-06-21,,True,PRESENT,1,CurrentAssets,
bd759dfb-9f7e-45fe-8f91-0f59f901585a,شکام,total_liabilities,1,1,2026-06-21,,True,PRESENT,1,TotalLiabilities,
bd759dfb-9f7e-45fe-8f91-0f59f901585a,شکام,current_liabilities,1,1,2026-06-21,,True,PRESENT,1,CurrentLiabilities,
bd759dfb-9f7e-45fe-8f91-0f59f901585a,شکام,total_equity,1,1,2026-06-21,,True,PRESENT,1,TotalEquity,
bd759dfb-9f7e-45fe-8f91-0f59f901585a,شکام,operating_cash_flow,1,3,2026-06-21,True,True,PRESENT,1,OperatingCashFlow,
bd759dfb-9f7e-45fe-8f91-0f59f901585a,شکام,finance_cost,1,1,2026-06-21,,True,PRESENT,1,FinanceCostsNew,
bd759dfb-9f7e-45fe-8f91-0f59f901585a,شکام,other_non_operating,1,1,2026-06-21,,True,PRESENT,1,OtherNonOpNew,
8c7c69d3-10db-49a6-b4a1-fec3009d2332,بشهاب,revenue,0,3,,False,True,SOURCE_ABSENT,0,RevenueNew,D
8c7c69d3-10db-49a6-b4a1-fec3009d2332,بشهاب,net_profit,0,3,,False,True,SOURCE_ABSENT,0,NetProfitAmount,D
8c7c69d3-10db-49a6-b4a1-fec3009d2332,بشهاب,operating_profit,27,3,2026-06-21,False,True,TTM_RECOVERABLE_REPORT_CHAIN,1,OperatingProfitNew,B
8c7c69d3-10db-49a6-b4a1-fec3009d2332,بشهاب,eps,27,3,2026-06-21,True,True,PRESENT,1,Num1_Value1,
8c7c69d3-10db-49a6-b4a1-fec3009d2332,بشهاب,capital,27,1,2026-06-21,,True,PRESENT,1,Num2_Value1,
8c7c69d3-10db-49a6-b4a1-fec3009d2332,بشهاب,total_assets,0,1,,,True,SOURCE_ABSENT,0,TotalAssets,D
8c7c69d3-10db-49a6-b4a1-fec3009d2332,بشهاب,current_assets,0,1,,,True,SOURCE_ABSENT,0,CurrentAssets,D
8c7c69d3-10db-49a6-b4a1-fec3009d2332,بشهاب,total_liabilities,0,1,,,True,SOURCE_ABSENT,0,TotalLiabilities,D
8c7c69d3-10db-49a6-b4a1-fec3009d2332,بشهاب,current_liabilities,0,1,,,True,SOURCE_ABSENT,0,CurrentLiabilities,D
8c7c69d3-10db-49a6-b4a1-fec3009d2332,بشهاب,total_equity,0,1,,,True,SOURCE_ABSENT,0,TotalEquity,D
8c7c69d3-10db-49a6-b4a1-fec3009d2332,بشهاب,operating_cash_flow,0,3,,False,True,SOURCE_ABSENT,0,OperatingCashFlow,D
8c7c69d3-10db-49a6-b4a1-fec3009d2332,بشهاب,finance_cost,0,1,,,True,SOURCE_ABSENT,0,FinanceCostsNew,D
8c7c69d3-10db-49a6-b4a1-fec3009d2332,بشهاب,other_non_operating,0,1,,,True,SOURCE_ABSENT,0,OtherNonOpNew,D
83ec683f-eb5f-4ccc-abde-96641f1a0bf1,ددانا,revenue,0,3,,False,True,SOURCE_ABSENT,0,RevenueNew,D
83ec683f-eb5f-4ccc-abde-96641f1a0bf1,ددانا,net_profit,0,3,,False,True,SOURCE_ABSENT,0,NetProfitAmount,D
83ec683f-eb5f-4ccc-abde-96641f1a0bf1,ددانا,operating_profit,28,3,2026-06-21,False,True,TTM_RECOVERABLE_REPORT_CHAIN,1,OperatingProfitNew,B
83ec683f-eb5f-4ccc-abde-96641f1a0bf1,ددانا,eps,28,3,2026-06-21,True,True,PRESENT,1,Num1_Value1,
83ec683f-eb5f-4ccc-abde-96641f1a0bf1,ددانا,capital,28,1,2026-06-21,,True,PRESENT,1,Num2_Value1,
83ec683f-eb5f-4ccc-abde-96641f1a0bf1,ددانا,total_assets,0,1,,,True,SOURCE_ABSENT,0,TotalAssets,D
83ec683f-eb5f-4ccc-abde-96641f1a0bf1,ددانا,current_assets,0,1,,,True,SOURCE_ABSENT,0,CurrentAssets,D
83ec683f-eb5f-4ccc-abde-96641f1a0bf1,ددانا,total_liabilities,0,1,,,True,SOURCE_ABSENT,0,TotalLiabilities,D
83ec683f-eb5f-4ccc-abde-96641f1a0bf1,ددانا,current_liabilities,0,1,,,True,SOURCE_ABSENT,0,CurrentLiabilities,D
83ec683f-eb5f-4ccc-abde-96641f1a0bf1,ددانا,total_equity,0,1,,,True,SOURCE_ABSENT,0,TotalEquity,D
83ec683f-eb5f-4ccc-abde-96641f1a0bf1,ددانا,operating_cash_flow,0,3,,False,True,SOURCE_ABSENT,0,OperatingCashFlow,D
83ec683f-eb5f-4ccc-abde-96641f1a0bf1,ددانا,finance_cost,1,1,2026-06-21,,True,PRESENT,1,FinanceCostsNew,
83ec683f-eb5f-4ccc-abde-96641f1a0bf1,ددانا,other_non_operating,1,1,2026-06-21,,True,PRESENT,1,OtherNonOpNew,
31a4e996-b8e0-4bfa-94bc-a28d26e626b9,کروی,revenue,0,3,,False,True,SOURCE_ABSENT,0,RevenueNew,D
31a4e996-b8e0-4bfa-94bc-a28d26e626b9,کروی,net_profit,0,3,,False,True,SOURCE_ABSENT,0,NetProfitAmount,D
31a4e996-b8e0-4bfa-94bc-a28d26e626b9,کروی,operating_profit,27,3,2025-12-21,False,True,TTM_RECOVERABLE_REPORT_CHAIN,1,OperatingProfitNew,B
31a4e996-b8e0-4bfa-94bc-a28d26e626b9,کروی,eps,27,3,2025-12-21,True,True,PRESENT,1,Num1_Value1,
31a4e996-b8e0-4bfa-94bc-a28d26e626b9,کروی,capital,27,1,2025-12-21,,True,PRESENT,1,Num2_Value1,
31a4e996-b8e0-4bfa-94bc-a28d26e626b9,کروی,total_assets,0,1,,,True,SOURCE_ABSENT,0,TotalAssets,D
31a4e996-b8e0-4bfa-94bc-a28d26e626b9,کروی,current_assets,0,1,,,True,SOURCE_ABSENT,0,CurrentAssets,D
31a4e996-b8e0-4bfa-94bc-a28d26e626b9,کروی,total_liabilities,0,1,,,True,SOURCE_ABSENT,0,TotalLiabilities,D
31a4e996-b8e0-4bfa-94bc-a28d26e626b9,کروی,current_liabilities,0,1,,,True,SOURCE_ABSENT,0,CurrentLiabilities,D
31a4e996-b8e0-4bfa-94bc-a28d26e626b9,کروی,total_equity,0,1,,,True,SOURCE_ABSENT,0,TotalEquity,D
31a4e996-b8e0-4bfa-94bc-a28d26e626b9,کروی,operating_cash_flow,0,3,,False,True,SOURCE_ABSENT,0,OperatingCashFlow,D
31a4e996-b8e0-4bfa-94bc-a28d26e626b9,کروی,finance_cost,0,1,,,True,SOURCE_ABSENT,0,FinanceCostsNew,D
31a4e996-b8e0-4bfa-94bc-a28d26e626b9,کروی,other_non_operating,0,1,,,True,SOURCE_ABSENT,0,OtherNonOpNew,D
56860995-8786-4e76-9c41-912e6b91fa85,گشان,revenue,0,3,,False,True,SOURCE_ABSENT,0,RevenueNew,D
56860995-8786-4e76-9c41-912e6b91fa85,گشان,net_profit,0,3,,False,True,SOURCE_ABSENT,0,NetProfitAmount,D
56860995-8786-4e76-9c41-912e6b91fa85,گشان,operating_profit,24,3,2026-06-21,False,True,TTM_RECOVERABLE_REPORT_CHAIN,1,OperatingProfitNew,B
56860995-8786-4e76-9c41-912e6b91fa85,گشان,eps,24,3,2026-06-21,True,True,PRESENT,1,Num1_Value1,
56860995-8786-4e76-9c41-912e6b91fa85,گشان,capital,24,1,2026-06-21,,True,PRESENT,1,Num2_Value1,
56860995-8786-4e76-9c41-912e6b91fa85,گشان,total_assets,0,1,,,True,SOURCE_ABSENT,0,TotalAssets,D
56860995-8786-4e76-9c41-912e6b91fa85,گشان,current_assets,0,1,,,True,SOURCE_ABSENT,0,CurrentAssets,D
56860995-8786-4e76-9c41-912e6b91fa85,گشان,total_liabilities,0,1,,,True,SOURCE_ABSENT,0,TotalLiabilities,D
56860995-8786-4e76-9c41-912e6b91fa85,گشان,current_liabilities,0,1,,,True,SOURCE_ABSENT,0,CurrentLiabilities,D
56860995-8786-4e76-9c41-912e6b91fa85,گشان,total_equity,0,1,,,True,SOURCE_ABSENT,0,TotalEquity,D
56860995-8786-4e76-9c41-912e6b91fa85,گشان,operating_cash_flow,0,3,,False,True,SOURCE_ABSENT,0,OperatingCashFlow,D
56860995-8786-4e76-9c41-912e6b91fa85,گشان,finance_cost,0,1,,,True,SOURCE_ABSENT,0,FinanceCostsNew,D
56860995-8786-4e76-9c41-912e6b91fa85,گشان,other_non_operating,0,1,,,True,SOURCE_ABSENT,0,OtherNonOpNew,D
a97cb8af-29da-4af7-a6bf-9c607418b335,دپارس,revenue,0,3,,False,True,SOURCE_ABSENT,0,RevenueNew,D
a97cb8af-29da-4af7-a6bf-9c607418b335,دپارس,net_profit,0,3,,False,True,SOURCE_ABSENT,0,NetProfitAmount,D
a97cb8af-29da-4af7-a6bf-9c607418b335,دپارس,operating_profit,27,3,2026-06-21,False,True,TTM_RECOVERABLE_REPORT_CHAIN,1,OperatingProfitNew,B
a97cb8af-29da-4af7-a6bf-9c607418b335,دپارس,eps,27,3,2026-06-21,True,True,PRESENT,1,Num1_Value1,
a97cb8af-29da-4af7-a6bf-9c607418b335,دپارس,capital,27,1,2026-06-21,,True,PRESENT,1,Num2_Value1,
a97cb8af-29da-4af7-a6bf-9c607418b335,دپارس,total_assets,0,1,,,True,SOURCE_ABSENT,0,TotalAssets,D
a97cb8af-29da-4af7-a6bf-9c607418b335,دپارس,current_assets,0,1,,,True,SOURCE_ABSENT,0,CurrentAssets,D
a97cb8af-29da-4af7-a6bf-9c607418b335,دپارس,total_liabilities,0,1,,,True,SOURCE_ABSENT,0,TotalLiabilities,D
a97cb8af-29da-4af7-a6bf-9c607418b335,دپارس,current_liabilities,0,1,,,True,SOURCE_ABSENT,0,CurrentLiabilities,D
a97cb8af-29da-4af7-a6bf-9c607418b335,دپارس,total_equity,0,1,,,True,SOURCE_ABSENT,0,TotalEquity,D
a97cb8af-29da-4af7-a6bf-9c607418b335,دپارس,operating_cash_flow,0,3,,False,True,SOURCE_ABSENT,0,OperatingCashFlow,D
a97cb8af-29da-4af7-a6bf-9c607418b335,دپارس,finance_cost,0,1,,,True,SOURCE_ABSENT,0,FinanceCostsNew,D
a97cb8af-29da-4af7-a6bf-9c607418b335,دپارس,other_non_operating,0,1,,,True,SOURCE_ABSENT,0,OtherNonOpNew,D
5eb4dae1-aebb-4ce0-bcbf-9509c7ec1697,سآبیک,revenue,0,3,,False,True,SOURCE_ABSENT,0,RevenueNew,D
5eb4dae1-aebb-4ce0-bcbf-9509c7ec1697,سآبیک,net_profit,0,3,,False,True,SOURCE_ABSENT,0,NetProfitAmount,D
5eb4dae1-aebb-4ce0-bcbf-9509c7ec1697,سآبیک,operating_profit,25,3,2026-06-21,False,True,TTM_RECOVERABLE_REPORT_CHAIN,1,OperatingProfitNew,B
5eb4dae1-aebb-4ce0-bcbf-9509c7ec1697,سآبیک,eps,25,3,2026-06-21,True,True,PRESENT,1,Num1_Value1,
5eb4dae1-aebb-4ce0-bcbf-9509c7ec1697,سآبیک,capital,25,1,2026-06-21,,True,PRESENT,1,Num2_Value1,
5eb4dae1-aebb-4ce0-bcbf-9509c7ec1697,سآبیک,total_assets,0,1,,,True,SOURCE_ABSENT,0,TotalAssets,D
5eb4dae1-aebb-4ce0-bcbf-9509c7ec1697,سآبیک,current_assets,0,1,,,True,SOURCE_ABSENT,0,CurrentAssets,D
5eb4dae1-aebb-4ce0-bcbf-9509c7ec1697,سآبیک,total_liabilities,0,1,,,True,SOURCE_ABSENT,0,TotalLiabilities,D
5eb4dae1-aebb-4ce0-bcbf-9509c7ec1697,سآبیک,current_liabilities,0,1,,,True,SOURCE_ABSENT,0,CurrentLiabilities,D
5eb4dae1-aebb-4ce0-bcbf-9509c7ec1697,سآبیک,total_equity,0,1,,,True,SOURCE_ABSENT,0,TotalEquity,D
5eb4dae1-aebb-4ce0-bcbf-9509c7ec1697,سآبیک,operating_cash_flow,0,3,,False,True,SOURCE_ABSENT,0,OperatingCashFlow,D
5eb4dae1-aebb-4ce0-bcbf-9509c7ec1697,سآبیک,finance_cost,0,1,,,True,SOURCE_ABSENT,0,FinanceCostsNew,D
5eb4dae1-aebb-4ce0-bcbf-9509c7ec1697,سآبیک,other_non_operating,0,1,,,True,SOURCE_ABSENT,0,OtherNonOpNew,D
0d2f948b-6b8d-461d-9ae5-0e2d6f15f097,بگیلان,revenue,0,3,,False,True,SOURCE_ABSENT,0,RevenueNew,D
0d2f948b-6b8d-461d-9ae5-0e2d6f15f097,بگیلان,net_profit,0,3,,False,True,SOURCE_ABSENT,0,NetProfitAmount,D
0d2f948b-6b8d-461d-9ae5-0e2d6f15f097,بگیلان,operating_profit,25,3,2026-06-21,False,True,INSUFFICIENT_TTM_PERIODS,1,OperatingProfitNew,C
0d2f948b-6b8d-461d-9ae5-0e2d6f15f097,بگیلان,eps,25,3,2026-06-21,True,True,PRESENT,1,Num1_Value1,
0d2f948b-6b8d-461d-9ae5-0e2d6f15f097,بگیلان,capital,25,1,2026-06-21,,True,PRESENT,1,Num2_Value1,
0d2f948b-6b8d-461d-9ae5-0e2d6f15f097,بگیلان,total_assets,0,1,,,True,SOURCE_ABSENT,0,TotalAssets,D
0d2f948b-6b8d-461d-9ae5-0e2d6f15f097,بگیلان,current_assets,0,1,,,True,SOURCE_ABSENT,0,CurrentAssets,D
0d2f948b-6b8d-461d-9ae5-0e2d6f15f097,بگیلان,total_liabilities,0,1,,,True,SOURCE_ABSENT,0,TotalLiabilities,D
0d2f948b-6b8d-461d-9ae5-0e2d6f15f097,بگیلان,current_liabilities,0,1,,,True,SOURCE_ABSENT,0,CurrentLiabilities,D
0d2f948b-6b8d-461d-9ae5-0e2d6f15f097,بگیلان,total_equity,0,1,,,True,SOURCE_ABSENT,0,TotalEquity,D
0d2f948b-6b8d-461d-9ae5-0e2d6f15f097,بگیلان,operating_cash_flow,0,3,,False,True,SOURCE_ABSENT,0,OperatingCashFlow,D
0d2f948b-6b8d-461d-9ae5-0e2d6f15f097,بگیلان,finance_cost,0,1,,,True,SOURCE_ABSENT,0,FinanceCostsNew,D
0d2f948b-6b8d-461d-9ae5-0e2d6f15f097,بگیلان,other_non_operating,0,1,,,True,SOURCE_ABSENT,0,OtherNonOpNew,D
b41e133e-5fc5-455e-bf42-68f4ce26b480,زقیام,revenue,0,3,,False,True,SOURCE_ABSENT,0,RevenueNew,D
b41e133e-5fc5-455e-bf42-68f4ce26b480,زقیام,net_profit,0,3,,False,True,SOURCE_ABSENT,0,NetProfitAmount,D
b41e133e-5fc5-455e-bf42-68f4ce26b480,زقیام,operating_profit,28,3,2026-06-21,False,True,TTM_RECOVERABLE_REPORT_CHAIN,1,OperatingProfitNew,B
b41e133e-5fc5-455e-bf42-68f4ce26b480,زقیام,eps,28,3,2026-06-21,True,True,PRESENT,1,Num1_Value1,
b41e133e-5fc5-455e-bf42-68f4ce26b480,زقیام,capital,28,1,2026-06-21,,True,PRESENT,1,Num2_Value1,
b41e133e-5fc5-455e-bf42-68f4ce26b480,زقیام,total_assets,0,1,,,True,SOURCE_ABSENT,0,TotalAssets,D
b41e133e-5fc5-455e-bf42-68f4ce26b480,زقیام,current_assets,0,1,,,True,SOURCE_ABSENT,0,CurrentAssets,D
b41e133e-5fc5-455e-bf42-68f4ce26b480,زقیام,total_liabilities,0,1,,,True,SOURCE_ABSENT,0,TotalLiabilities,D
b41e133e-5fc5-455e-bf42-68f4ce26b480,زقیام,current_liabilities,0,1,,,True,SOURCE_ABSENT,0,CurrentLiabilities,D
b41e133e-5fc5-455e-bf42-68f4ce26b480,زقیام,total_equity,0,1,,,True,SOURCE_ABSENT,0,TotalEquity,D
b41e133e-5fc5-455e-bf42-68f4ce26b480,زقیام,operating_cash_flow,0,3,,False,True,SOURCE_ABSENT,0,OperatingCashFlow,D
b41e133e-5fc5-455e-bf42-68f4ce26b480,زقیام,finance_cost,0,1,,,True,SOURCE_ABSENT,0,FinanceCostsNew,D
b41e133e-5fc5-455e-bf42-68f4ce26b480,زقیام,other_non_operating,0,1,,,True,SOURCE_ABSENT,0,OtherNonOpNew,D
d80221bc-60fd-4ba4-b96c-7af5aebcf0b5,ذوب,revenue,1,3,2026-06-21,True,True,PRESENT,1,RevenueNew,
d80221bc-60fd-4ba4-b96c-7af5aebcf0b5,ذوب,net_profit,1,3,2026-06-21,True,True,PRESENT,1,NetProfitAmount,
d80221bc-60fd-4ba4-b96c-7af5aebcf0b5,ذوب,operating_profit,28,3,2026-06-21,True,True,PRESENT,1,OperatingProfitNew,
d80221bc-60fd-4ba4-b96c-7af5aebcf0b5,ذوب,eps,28,3,2026-06-21,True,True,PRESENT,1,Num1_Value1,
d80221bc-60fd-4ba4-b96c-7af5aebcf0b5,ذوب,capital,28,1,2026-06-21,,True,PRESENT,1,Num2_Value1,
d80221bc-60fd-4ba4-b96c-7af5aebcf0b5,ذوب,total_assets,1,1,2026-06-21,,True,PRESENT,1,TotalAssets,
d80221bc-60fd-4ba4-b96c-7af5aebcf0b5,ذوب,current_assets,1,1,2026-06-21,,True,PRESENT,1,CurrentAssets,
d80221bc-60fd-4ba4-b96c-7af5aebcf0b5,ذوب,total_liabilities,1,1,2026-06-21,,True,PRESENT,1,TotalLiabilities,
d80221bc-60fd-4ba4-b96c-7af5aebcf0b5,ذوب,current_liabilities,1,1,2026-06-21,,True,PRESENT,1,CurrentLiabilities,
d80221bc-60fd-4ba4-b96c-7af5aebcf0b5,ذوب,total_equity,1,1,2026-06-21,,True,PRESENT,1,TotalEquity,
d80221bc-60fd-4ba4-b96c-7af5aebcf0b5,ذوب,operating_cash_flow,1,3,2026-06-21,True,True,PRESENT,1,OperatingCashFlow,
d80221bc-60fd-4ba4-b96c-7af5aebcf0b5,ذوب,finance_cost,1,1,2026-06-21,,True,PRESENT,1,FinanceCostsNew,
d80221bc-60fd-4ba4-b96c-7af5aebcf0b5,ذوب,other_non_operating,1,1,2026-06-21,,True,PRESENT,1,OtherNonOpNew,
179aaa17-da7e-42d4-8726-04042db9ab21,دبالک,revenue,0,3,,False,True,SOURCE_ABSENT,0,RevenueNew,D
179aaa17-da7e-42d4-8726-04042db9ab21,دبالک,net_profit,0,3,,False,True,SOURCE_ABSENT,0,NetProfitAmount,D
179aaa17-da7e-42d4-8726-04042db9ab21,دبالک,operating_profit,28,3,2026-06-21,False,True,TTM_RECOVERABLE_REPORT_CHAIN,1,OperatingProfitNew,B
179aaa17-da7e-42d4-8726-04042db9ab21,دبالک,eps,28,3,2026-06-21,True,True,PRESENT,1,Num1_Value1,
179aaa17-da7e-42d4-8726-04042db9ab21,دبالک,capital,28,1,2026-06-21,,True,PRESENT,1,Num2_Value1,
179aaa17-da7e-42d4-8726-04042db9ab21,دبالک,total_assets,0,1,,,True,SOURCE_ABSENT,0,TotalAssets,D
179aaa17-da7e-42d4-8726-04042db9ab21,دبالک,current_assets,0,1,,,True,SOURCE_ABSENT,0,CurrentAssets,D
179aaa17-da7e-42d4-8726-04042db9ab21,دبالک,total_liabilities,0,1,,,True,SOURCE_ABSENT,0,TotalLiabilities,D
179aaa17-da7e-42d4-8726-04042db9ab21,دبالک,current_liabilities,0,1,,,True,SOURCE_ABSENT,0,CurrentLiabilities,D
179aaa17-da7e-42d4-8726-04042db9ab21,دبالک,total_equity,0,1,,,True,SOURCE_ABSENT,0,TotalEquity,D
179aaa17-da7e-42d4-8726-04042db9ab21,دبالک,operating_cash_flow,0,3,,False,True,SOURCE_ABSENT,0,OperatingCashFlow,D
179aaa17-da7e-42d4-8726-04042db9ab21,دبالک,finance_cost,0,1,,,True,SOURCE_ABSENT,0,FinanceCostsNew,D
179aaa17-da7e-42d4-8726-04042db9ab21,دبالک,other_non_operating,0,1,,,True,SOURCE_ABSENT,0,OtherNonOpNew,D
34215318-8ead-4752-9213-74f6fd40bc36,پکویر,revenue,1,3,2026-06-21,True,True,PRESENT,1,RevenueNew,
34215318-8ead-4752-9213-74f6fd40bc36,پکویر,net_profit,1,3,2026-06-21,True,True,PRESENT,1,NetProfitAmount,
34215318-8ead-4752-9213-74f6fd40bc36,پکویر,operating_profit,28,3,2026-06-21,True,True,PRESENT,1,OperatingProfitNew,
34215318-8ead-4752-9213-74f6fd40bc36,پکویر,eps,28,3,2026-06-21,True,True,PRESENT,1,Num1_Value1,
34215318-8ead-4752-9213-74f6fd40bc36,پکویر,capital,28,1,2026-06-21,,True,PRESENT,1,Num2_Value1,
34215318-8ead-4752-9213-74f6fd40bc36,پکویر,total_assets,1,1,2026-06-21,,True,PRESENT,1,TotalAssets,
34215318-8ead-4752-9213-74f6fd40bc36,پکویر,current_assets,1,1,2026-06-21,,True,PRESENT,1,CurrentAssets,
34215318-8ead-4752-9213-74f6fd40bc36,پکویر,total_liabilities,1,1,2026-06-21,,True,PRESENT,1,TotalLiabilities,
34215318-8ead-4752-9213-74f6fd40bc36,پکویر,current_liabilities,1,1,2026-06-21,,True,PRESENT,1,CurrentLiabilities,
34215318-8ead-4752-9213-74f6fd40bc36,پکویر,total_equity,1,1,2026-06-21,,True,PRESENT,1,TotalEquity,
34215318-8ead-4752-9213-74f6fd40bc36,پکویر,operating_cash_flow,1,3,2026-06-21,True,True,PRESENT,1,OperatingCashFlow,
34215318-8ead-4752-9213-74f6fd40bc36,پکویر,finance_cost,1,1,2026-06-21,,True,PRESENT,1,FinanceCostsNew,
34215318-8ead-4752-9213-74f6fd40bc36,پکویر,other_non_operating,1,1,2026-06-21,,True,PRESENT,1,OtherNonOpNew,
caa78e71-bba6-41ce-9da2-746c1ddf68ab,زکشت,revenue,1,3,2026-06-21,True,True,PRESENT,1,RevenueNew,
caa78e71-bba6-41ce-9da2-746c1ddf68ab,زکشت,net_profit,1,3,2026-06-21,True,True,PRESENT,1,NetProfitAmount,
caa78e71-bba6-41ce-9da2-746c1ddf68ab,زکشت,operating_profit,27,3,2026-06-21,True,True,PRESENT,1,OperatingProfitNew,
caa78e71-bba6-41ce-9da2-746c1ddf68ab,زکشت,eps,27,3,2026-06-21,True,True,PRESENT,1,Num1_Value1,
caa78e71-bba6-41ce-9da2-746c1ddf68ab,زکشت,capital,27,1,2026-06-21,,True,PRESENT,1,Num2_Value1,
caa78e71-bba6-41ce-9da2-746c1ddf68ab,زکشت,total_assets,1,1,2026-06-21,,True,PRESENT,1,TotalAssets,
caa78e71-bba6-41ce-9da2-746c1ddf68ab,زکشت,current_assets,1,1,2026-06-21,,True,PRESENT,1,CurrentAssets,
caa78e71-bba6-41ce-9da2-746c1ddf68ab,زکشت,total_liabilities,1,1,2026-06-21,,True,PRESENT,1,TotalLiabilities,
caa78e71-bba6-41ce-9da2-746c1ddf68ab,زکشت,current_liabilities,1,1,2026-06-21,,True,PRESENT,1,CurrentLiabilities,
caa78e71-bba6-41ce-9da2-746c1ddf68ab,زکشت,total_equity,1,1,2026-06-21,,True,PRESENT,1,TotalEquity,
caa78e71-bba6-41ce-9da2-746c1ddf68ab,زکشت,operating_cash_flow,1,3,2026-06-21,True,True,PRESENT,1,OperatingCashFlow,
caa78e71-bba6-41ce-9da2-746c1ddf68ab,زکشت,finance_cost,1,1,2026-06-21,,True,PRESENT,1,FinanceCostsNew,
caa78e71-bba6-41ce-9da2-746c1ddf68ab,زکشت,other_non_operating,1,1,2026-06-21,,True,PRESENT,1,OtherNonOpNew,
7d4e1be2-2e65-48ac-b35b-050139c0feaf,وخارزم,revenue,0,3,,False,True,SOURCE_ABSENT,0,RevenueNew,D
7d4e1be2-2e65-48ac-b35b-050139c0feaf,وخارزم,net_profit,0,3,,False,True,SOURCE_ABSENT,0,NetProfitAmount,D
7d4e1be2-2e65-48ac-b35b-050139c0feaf,وخارزم,operating_profit,23,3,2026-03-20,True,True,PRESENT,1,OperatingProfitNew,
7d4e1be2-2e65-48ac-b35b-050139c0feaf,وخارزم,eps,23,3,2026-03-20,True,True,PRESENT,1,Num1_Value1,
7d4e1be2-2e65-48ac-b35b-050139c0feaf,وخارزم,capital,23,1,2026-03-20,,True,PRESENT,1,Num2_Value1,
7d4e1be2-2e65-48ac-b35b-050139c0feaf,وخارزم,total_assets,0,1,,,True,SOURCE_ABSENT,0,TotalAssets,D
7d4e1be2-2e65-48ac-b35b-050139c0feaf,وخارزم,current_assets,0,1,,,True,SOURCE_ABSENT,0,CurrentAssets,D
7d4e1be2-2e65-48ac-b35b-050139c0feaf,وخارزم,total_liabilities,0,1,,,True,SOURCE_ABSENT,0,TotalLiabilities,D
7d4e1be2-2e65-48ac-b35b-050139c0feaf,وخارزم,current_liabilities,0,1,,,True,SOURCE_ABSENT,0,CurrentLiabilities,D
7d4e1be2-2e65-48ac-b35b-050139c0feaf,وخارزم,total_equity,0,1,,,True,SOURCE_ABSENT,0,TotalEquity,D
7d4e1be2-2e65-48ac-b35b-050139c0feaf,وخارزم,operating_cash_flow,0,3,,False,True,SOURCE_ABSENT,0,OperatingCashFlow,D
7d4e1be2-2e65-48ac-b35b-050139c0feaf,وخارزم,finance_cost,0,1,,,True,SOURCE_ABSENT,0,FinanceCostsNew,D
7d4e1be2-2e65-48ac-b35b-050139c0feaf,وخارزم,other_non_operating,0,1,,,True,SOURCE_ABSENT,0,OtherNonOpNew,D
ffe4bf6d-9ab9-4153-a6a3-b676920e3f9c,شاراک,revenue,1,3,2026-06-21,True,True,PRESENT,1,RevenueNew,
ffe4bf6d-9ab9-4153-a6a3-b676920e3f9c,شاراک,net_profit,1,3,2026-06-21,True,True,PRESENT,1,NetProfitAmount,
ffe4bf6d-9ab9-4153-a6a3-b676920e3f9c,شاراک,operating_profit,28,3,2026-06-21,True,True,PRESENT,1,OperatingProfitNew,
ffe4bf6d-9ab9-4153-a6a3-b676920e3f9c,شاراک,eps,28,3,2026-06-21,True,True,PRESENT,1,Num1_Value1,
ffe4bf6d-9ab9-4153-a6a3-b676920e3f9c,شاراک,capital,28,1,2026-06-21,,True,PRESENT,1,Num2_Value1,
ffe4bf6d-9ab9-4153-a6a3-b676920e3f9c,شاراک,total_assets,1,1,2026-06-21,,True,PRESENT,1,TotalAssets,
ffe4bf6d-9ab9-4153-a6a3-b676920e3f9c,شاراک,current_assets,1,1,2026-06-21,,True,PRESENT,1,CurrentAssets,
ffe4bf6d-9ab9-4153-a6a3-b676920e3f9c,شاراک,total_liabilities,1,1,2026-06-21,,True,PRESENT,1,TotalLiabilities,
ffe4bf6d-9ab9-4153-a6a3-b676920e3f9c,شاراک,current_liabilities,1,1,2026-06-21,,True,PRESENT,1,CurrentLiabilities,
ffe4bf6d-9ab9-4153-a6a3-b676920e3f9c,شاراک,total_equity,1,1,2026-06-21,,True,PRESENT,1,TotalEquity,
ffe4bf6d-9ab9-4153-a6a3-b676920e3f9c,شاراک,operating_cash_flow,1,3,2026-06-21,True,True,PRESENT,1,OperatingCashFlow,
ffe4bf6d-9ab9-4153-a6a3-b676920e3f9c,شاراک,finance_cost,1,1,2026-06-21,,True,PRESENT,1,FinanceCostsNew,
ffe4bf6d-9ab9-4153-a6a3-b676920e3f9c,شاراک,other_non_operating,1,1,2026-06-21,,True,PRESENT,1,OtherNonOpNew,
0ad8e291-d32a-4192-b7f0-001a4d146a78,شپنا,revenue,2,3,2026-06-21,True,True,PRESENT,1,RevenueNew,
0ad8e291-d32a-4192-b7f0-001a4d146a78,شپنا,net_profit,2,3,2026-06-21,True,True,PRESENT,1,NetProfitAmount,
0ad8e291-d32a-4192-b7f0-001a4d146a78,شپنا,operating_profit,27,3,2026-06-21,True,True,PRESENT,1,OperatingProfitNew,
0ad8e291-d32a-4192-b7f0-001a4d146a78,شپنا,eps,27,3,2026-06-21,True,True,PRESENT,1,Num1_Value1,
0ad8e291-d32a-4192-b7f0-001a4d146a78,شپنا,capital,27,1,2026-06-21,,True,PRESENT,1,Num2_Value1,
0ad8e291-d32a-4192-b7f0-001a4d146a78,شپنا,total_assets,2,1,2026-06-21,,True,PRESENT,1,TotalAssets,
0ad8e291-d32a-4192-b7f0-001a4d146a78,شپنا,current_assets,2,1,2026-06-21,,True,PRESENT,1,CurrentAssets,
0ad8e291-d32a-4192-b7f0-001a4d146a78,شپنا,total_liabilities,2,1,2026-06-21,,True,PRESENT,1,TotalLiabilities,
0ad8e291-d32a-4192-b7f0-001a4d146a78,شپنا,current_liabilities,2,1,2026-06-21,,True,PRESENT,1,CurrentLiabilities,
0ad8e291-d32a-4192-b7f0-001a4d146a78,شپنا,total_equity,2,1,2026-06-21,,True,PRESENT,1,TotalEquity,
0ad8e291-d32a-4192-b7f0-001a4d146a78,شپنا,operating_cash_flow,2,3,2026-06-21,True,True,PRESENT,1,OperatingCashFlow,
0ad8e291-d32a-4192-b7f0-001a4d146a78,شپنا,finance_cost,2,1,2026-06-21,,True,PRESENT,1,FinanceCostsNew,
0ad8e291-d32a-4192-b7f0-001a4d146a78,شپنا,other_non_operating,2,1,2026-06-21,,True,PRESENT,1,OtherNonOpNew,
4d40f206-2b3d-4349-98c7-e3999baa46e0,وبملت,revenue,0,3,,False,True,SOURCE_ABSENT,0,RevenueNew,D
4d40f206-2b3d-4349-98c7-e3999baa46e0,وبملت,net_profit,0,3,,False,True,SOURCE_ABSENT,0,NetProfitAmount,D
4d40f206-2b3d-4349-98c7-e3999baa46e0,وبملت,operating_profit,20,3,2026-06-21,False,True,TTM_RECOVERABLE_REPORT_CHAIN,1,OperatingProfitNew,B
4d40f206-2b3d-4349-98c7-e3999baa46e0,وبملت,eps,20,3,2026-06-21,False,True,TTM_RECOVERABLE_REPORT_CHAIN,1,Num1_Value1,B
4d40f206-2b3d-4349-98c7-e3999baa46e0,وبملت,capital,20,1,2026-06-21,,True,PRESENT,1,Num2_Value1,
4d40f206-2b3d-4349-98c7-e3999baa46e0,وبملت,total_assets,0,1,,,True,SOURCE_ABSENT,0,TotalAssets,D
4d40f206-2b3d-4349-98c7-e3999baa46e0,وبملت,current_assets,0,1,,,True,SOURCE_ABSENT,0,CurrentAssets,D
4d40f206-2b3d-4349-98c7-e3999baa46e0,وبملت,total_liabilities,0,1,,,True,SOURCE_ABSENT,0,TotalLiabilities,D
4d40f206-2b3d-4349-98c7-e3999baa46e0,وبملت,current_liabilities,0,1,,,True,SOURCE_ABSENT,0,CurrentLiabilities,D
4d40f206-2b3d-4349-98c7-e3999baa46e0,وبملت,total_equity,0,1,,,True,SOURCE_ABSENT,0,TotalEquity,D
4d40f206-2b3d-4349-98c7-e3999baa46e0,وبملت,operating_cash_flow,0,3,,False,True,SOURCE_ABSENT,0,OperatingCashFlow,D
4d40f206-2b3d-4349-98c7-e3999baa46e0,وبملت,finance_cost,0,1,,,True,SOURCE_ABSENT,0,FinanceCostsNew,D
4d40f206-2b3d-4349-98c7-e3999baa46e0,وبملت,other_non_operating,0,1,,,True,SOURCE_ABSENT,0,OtherNonOpNew,D
63fece71-1288-4135-bf9e-ff5ec21d441a,نان,revenue,0,3,,False,True,SOURCE_ABSENT,0,RevenueNew,D
63fece71-1288-4135-bf9e-ff5ec21d441a,نان,net_profit,0,3,,False,True,SOURCE_ABSENT,0,NetProfitAmount,D
63fece71-1288-4135-bf9e-ff5ec21d441a,نان,operating_profit,11,3,2026-03-20,True,True,PRESENT,1,OperatingProfitNew,
63fece71-1288-4135-bf9e-ff5ec21d441a,نان,eps,11,3,2026-03-20,True,True,PRESENT,1,Num1_Value1,
63fece71-1288-4135-bf9e-ff5ec21d441a,نان,capital,11,1,2026-03-20,,True,PRESENT,1,Num2_Value1,
63fece71-1288-4135-bf9e-ff5ec21d441a,نان,total_assets,0,1,,,True,SOURCE_ABSENT,0,TotalAssets,D
63fece71-1288-4135-bf9e-ff5ec21d441a,نان,current_assets,0,1,,,True,SOURCE_ABSENT,0,CurrentAssets,D
63fece71-1288-4135-bf9e-ff5ec21d441a,نان,total_liabilities,0,1,,,True,SOURCE_ABSENT,0,TotalLiabilities,D
63fece71-1288-4135-bf9e-ff5ec21d441a,نان,current_liabilities,0,1,,,True,SOURCE_ABSENT,0,CurrentLiabilities,D
63fece71-1288-4135-bf9e-ff5ec21d441a,نان,total_equity,0,1,,,True,SOURCE_ABSENT,0,TotalEquity,D
63fece71-1288-4135-bf9e-ff5ec21d441a,نان,operating_cash_flow,0,3,,False,True,SOURCE_ABSENT,0,OperatingCashFlow,D
63fece71-1288-4135-bf9e-ff5ec21d441a,نان,finance_cost,0,1,,,True,SOURCE_ABSENT,0,FinanceCostsNew,D
63fece71-1288-4135-bf9e-ff5ec21d441a,نان,other_non_operating,0,1,,,True,SOURCE_ABSENT,0,OtherNonOpNew,D
898b9479-9bf8-404a-8f20-df80925db9a0,فزر,revenue,0,3,,False,True,SOURCE_ABSENT,0,RevenueNew,D
898b9479-9bf8-404a-8f20-df80925db9a0,فزر,net_profit,0,3,,False,True,SOURCE_ABSENT,0,NetProfitAmount,D
898b9479-9bf8-404a-8f20-df80925db9a0,فزر,operating_profit,23,3,2026-03-20,True,True,PRESENT,1,OperatingProfitNew,
898b9479-9bf8-404a-8f20-df80925db9a0,فزر,eps,23,3,2026-03-20,True,True,PRESENT,1,Num1_Value1,
898b9479-9bf8-404a-8f20-df80925db9a0,فزر,capital,23,1,2026-03-20,,True,PRESENT,1,Num2_Value1,
898b9479-9bf8-404a-8f20-df80925db9a0,فزر,total_assets,0,1,,,True,SOURCE_ABSENT,0,TotalAssets,D
898b9479-9bf8-404a-8f20-df80925db9a0,فزر,current_assets,0,1,,,True,SOURCE_ABSENT,0,CurrentAssets,D
898b9479-9bf8-404a-8f20-df80925db9a0,فزر,total_liabilities,0,1,,,True,SOURCE_ABSENT,0,TotalLiabilities,D
898b9479-9bf8-404a-8f20-df80925db9a0,فزر,current_liabilities,0,1,,,True,SOURCE_ABSENT,0,CurrentLiabilities,D
898b9479-9bf8-404a-8f20-df80925db9a0,فزر,total_equity,0,1,,,True,SOURCE_ABSENT,0,TotalEquity,D
898b9479-9bf8-404a-8f20-df80925db9a0,فزر,operating_cash_flow,0,3,,False,True,SOURCE_ABSENT,0,OperatingCashFlow,D
898b9479-9bf8-404a-8f20-df80925db9a0,فزر,finance_cost,0,1,,,True,SOURCE_ABSENT,0,FinanceCostsNew,D
898b9479-9bf8-404a-8f20-df80925db9a0,فزر,other_non_operating,0,1,,,True,SOURCE_ABSENT,0,OtherNonOpNew,D
9fce58d2-2eab-45ed-b51c-54fa00f2c77f,فگستر,revenue,0,3,,False,True,SOURCE_ABSENT,0,RevenueNew,D
9fce58d2-2eab-45ed-b51c-54fa00f2c77f,فگستر,net_profit,0,3,,False,True,SOURCE_ABSENT,0,NetProfitAmount,D
9fce58d2-2eab-45ed-b51c-54fa00f2c77f,فگستر,operating_profit,23,3,2026-06-21,False,True,TTM_RECOVERABLE_REPORT_CHAIN,1,OperatingProfitNew,B
9fce58d2-2eab-45ed-b51c-54fa00f2c77f,فگستر,eps,23,3,2026-06-21,True,True,PRESENT,1,Num1_Value1,
9fce58d2-2eab-45ed-b51c-54fa00f2c77f,فگستر,capital,23,1,2026-06-21,,True,PRESENT,1,Num2_Value1,
9fce58d2-2eab-45ed-b51c-54fa00f2c77f,فگستر,total_assets,0,1,,,True,SOURCE_ABSENT,0,TotalAssets,D
9fce58d2-2eab-45ed-b51c-54fa00f2c77f,فگستر,current_assets,0,1,,,True,SOURCE_ABSENT,0,CurrentAssets,D
9fce58d2-2eab-45ed-b51c-54fa00f2c77f,فگستر,total_liabilities,0,1,,,True,SOURCE_ABSENT,0,TotalLiabilities,D
9fce58d2-2eab-45ed-b51c-54fa00f2c77f,فگستر,current_liabilities,0,1,,,True,SOURCE_ABSENT,0,CurrentLiabilities,D
9fce58d2-2eab-45ed-b51c-54fa00f2c77f,فگستر,total_equity,0,1,,,True,SOURCE_ABSENT,0,TotalEquity,D
9fce58d2-2eab-45ed-b51c-54fa00f2c77f,فگستر,operating_cash_flow,0,3,,False,True,SOURCE_ABSENT,0,OperatingCashFlow,D
9fce58d2-2eab-45ed-b51c-54fa00f2c77f,فگستر,finance_cost,0,1,,,True,SOURCE_ABSENT,0,FinanceCostsNew,D
9fce58d2-2eab-45ed-b51c-54fa00f2c77f,فگستر,other_non_operating,0,1,,,True,SOURCE_ABSENT,0,OtherNonOpNew,D
5a01e83f-edbf-421f-bcd5-c1f46cda1ba5,دزهراوی,revenue,0,3,,False,True,SOURCE_ABSENT,0,RevenueNew,D
5a01e83f-edbf-421f-bcd5-c1f46cda1ba5,دزهراوی,net_profit,0,3,,False,True,SOURCE_ABSENT,0,NetProfitAmount,D
5a01e83f-edbf-421f-bcd5-c1f46cda1ba5,دزهراوی,operating_profit,0,3,,False,True,SOURCE_ABSENT,0,OperatingProfitNew,D
5a01e83f-edbf-421f-bcd5-c1f46cda1ba5,دزهراوی,eps,0,3,,False,True,SOURCE_ABSENT,0,Num1_Value1,D
5a01e83f-edbf-421f-bcd5-c1f46cda1ba5,دزهراوی,capital,0,1,,,True,SOURCE_ABSENT,0,Num2_Value1,D
5a01e83f-edbf-421f-bcd5-c1f46cda1ba5,دزهراوی,total_assets,0,1,,,True,SOURCE_ABSENT,0,TotalAssets,D
5a01e83f-edbf-421f-bcd5-c1f46cda1ba5,دزهراوی,current_assets,0,1,,,True,SOURCE_ABSENT,0,CurrentAssets,D
5a01e83f-edbf-421f-bcd5-c1f46cda1ba5,دزهراوی,total_liabilities,0,1,,,True,SOURCE_ABSENT,0,TotalLiabilities,D
5a01e83f-edbf-421f-bcd5-c1f46cda1ba5,دزهراوی,current_liabilities,0,1,,,True,SOURCE_ABSENT,0,CurrentLiabilities,D
5a01e83f-edbf-421f-bcd5-c1f46cda1ba5,دزهراوی,total_equity,0,1,,,True,SOURCE_ABSENT,0,TotalEquity,D
5a01e83f-edbf-421f-bcd5-c1f46cda1ba5,دزهراوی,operating_cash_flow,0,3,,False,True,SOURCE_ABSENT,0,OperatingCashFlow,D
5a01e83f-edbf-421f-bcd5-c1f46cda1ba5,دزهراوی,finance_cost,0,1,,,True,SOURCE_ABSENT,0,FinanceCostsNew,D
5a01e83f-edbf-421f-bcd5-c1f46cda1ba5,دزهراوی,other_non_operating,0,1,,,True,SOURCE_ABSENT,0,OtherNonOpNew,D
e1d45a76-21c9-4594-b5ef-b52788a1e18b,کطبس,revenue,1,3,2026-06-21,True,True,PRESENT,1,RevenueNew,
e1d45a76-21c9-4594-b5ef-b52788a1e18b,کطبس,net_profit,1,3,2026-06-21,True,True,PRESENT,1,NetProfitAmount,
e1d45a76-21c9-4594-b5ef-b52788a1e18b,کطبس,operating_profit,26,3,2026-06-21,True,True,PRESENT,1,OperatingProfitNew,
e1d45a76-21c9-4594-b5ef-b52788a1e18b,کطبس,eps,26,3,2026-06-21,True,True,PRESENT,1,Num1_Value1,
e1d45a76-21c9-4594-b5ef-b52788a1e18b,کطبس,capital,26,1,2026-06-21,,True,PRESENT,1,Num2_Value1,
e1d45a76-21c9-4594-b5ef-b52788a1e18b,کطبس,total_assets,1,1,2026-06-21,,True,PRESENT,1,TotalAssets,
e1d45a76-21c9-4594-b5ef-b52788a1e18b,کطبس,current_assets,1,1,2026-06-21,,True,PRESENT,1,CurrentAssets,
e1d45a76-21c9-4594-b5ef-b52788a1e18b,کطبس,total_liabilities,1,1,2026-06-21,,True,PRESENT,1,TotalLiabilities,
e1d45a76-21c9-4594-b5ef-b52788a1e18b,کطبس,current_liabilities,1,1,2026-06-21,,True,PRESENT,1,CurrentLiabilities,
e1d45a76-21c9-4594-b5ef-b52788a1e18b,کطبس,total_equity,1,1,2026-06-21,,True,PRESENT,1,TotalEquity,
e1d45a76-21c9-4594-b5ef-b52788a1e18b,کطبس,operating_cash_flow,1,3,2026-06-21,True,True,PRESENT,1,OperatingCashFlow,
e1d45a76-21c9-4594-b5ef-b52788a1e18b,کطبس,finance_cost,1,1,2026-06-21,,True,PRESENT,1,FinanceCostsNew,
e1d45a76-21c9-4594-b5ef-b52788a1e18b,کطبس,other_non_operating,1,1,2026-06-21,,True,PRESENT,1,OtherNonOpNew,
c61f3bb2-42a4-4d11-9ceb-5dccf15d7d77,فسپا,revenue,0,3,,False,True,SOURCE_ABSENT,0,RevenueNew,D
c61f3bb2-42a4-4d11-9ceb-5dccf15d7d77,فسپا,net_profit,0,3,,False,True,SOURCE_ABSENT,0,NetProfitAmount,D
c61f3bb2-42a4-4d11-9ceb-5dccf15d7d77,فسپا,operating_profit,28,3,2026-06-21,False,True,TTM_RECOVERABLE_REPORT_CHAIN,1,OperatingProfitNew,B
c61f3bb2-42a4-4d11-9ceb-5dccf15d7d77,فسپا,eps,28,3,2026-06-21,True,True,PRESENT,1,Num1_Value1,
c61f3bb2-42a4-4d11-9ceb-5dccf15d7d77,فسپا,capital,28,1,2026-06-21,,True,PRESENT,1,Num2_Value1,
c61f3bb2-42a4-4d11-9ceb-5dccf15d7d77,فسپا,total_assets,0,1,,,True,SOURCE_ABSENT,0,TotalAssets,D
c61f3bb2-42a4-4d11-9ceb-5dccf15d7d77,فسپا,current_assets,0,1,,,True,SOURCE_ABSENT,0,CurrentAssets,D
c61f3bb2-42a4-4d11-9ceb-5dccf15d7d77,فسپا,total_liabilities,0,1,,,True,SOURCE_ABSENT,0,TotalLiabilities,D
c61f3bb2-42a4-4d11-9ceb-5dccf15d7d77,فسپا,current_liabilities,0,1,,,True,SOURCE_ABSENT,0,CurrentLiabilities,D
c61f3bb2-42a4-4d11-9ceb-5dccf15d7d77,فسپا,total_equity,0,1,,,True,SOURCE_ABSENT,0,TotalEquity,D
c61f3bb2-42a4-4d11-9ceb-5dccf15d7d77,فسپا,operating_cash_flow,0,3,,False,True,SOURCE_ABSENT,0,OperatingCashFlow,D
c61f3bb2-42a4-4d11-9ceb-5dccf15d7d77,فسپا,finance_cost,0,1,,,True,SOURCE_ABSENT,0,FinanceCostsNew,D
c61f3bb2-42a4-4d11-9ceb-5dccf15d7d77,فسپا,other_non_operating,0,1,,,True,SOURCE_ABSENT,0,OtherNonOpNew,D
eb902496-ffd5-40b3-b8ea-e6b01d9ce30a,حپارسا,revenue,0,3,,False,True,SOURCE_ABSENT,0,RevenueNew,D
eb902496-ffd5-40b3-b8ea-e6b01d9ce30a,حپارسا,net_profit,0,3,,False,True,SOURCE_ABSENT,0,NetProfitAmount,D
eb902496-ffd5-40b3-b8ea-e6b01d9ce30a,حپارسا,operating_profit,29,3,2026-06-21,False,True,TTM_RECOVERABLE_REPORT_CHAIN,1,OperatingProfitNew,B
eb902496-ffd5-40b3-b8ea-e6b01d9ce30a,حپارسا,eps,29,3,2026-06-21,True,True,PRESENT,1,Num1_Value1,
eb902496-ffd5-40b3-b8ea-e6b01d9ce30a,حپارسا,capital,29,1,2026-06-21,,True,PRESENT,1,Num2_Value1,
eb902496-ffd5-40b3-b8ea-e6b01d9ce30a,حپارسا,total_assets,0,1,,,True,SOURCE_ABSENT,0,TotalAssets,D
eb902496-ffd5-40b3-b8ea-e6b01d9ce30a,حپارسا,current_assets,0,1,,,True,SOURCE_ABSENT,0,CurrentAssets,D
eb902496-ffd5-40b3-b8ea-e6b01d9ce30a,حپارسا,total_liabilities,0,1,,,True,SOURCE_ABSENT,0,TotalLiabilities,D
eb902496-ffd5-40b3-b8ea-e6b01d9ce30a,حپارسا,current_liabilities,0,1,,,True,SOURCE_ABSENT,0,CurrentLiabilities,D
eb902496-ffd5-40b3-b8ea-e6b01d9ce30a,حپارسا,total_equity,0,1,,,True,SOURCE_ABSENT,0,TotalEquity,D
eb902496-ffd5-40b3-b8ea-e6b01d9ce30a,حپارسا,operating_cash_flow,0,3,,False,True,SOURCE_ABSENT,0,OperatingCashFlow,D
eb902496-ffd5-40b3-b8ea-e6b01d9ce30a,حپارسا,finance_cost,0,1,,,True,SOURCE_ABSENT,0,FinanceCostsNew,D
eb902496-ffd5-40b3-b8ea-e6b01d9ce30a,حپارسا,other_non_operating,0,1,,,True,SOURCE_ABSENT,0,OtherNonOpNew,D
3214d1b9-e208-41a0-b97d-3f4d9e02ac6c,کپارس,revenue,3,3,2026-07-22,True,True,PRESENT,1,RevenueNew,
3214d1b9-e208-41a0-b97d-3f4d9e02ac6c,کپارس,net_profit,3,3,2026-07-22,True,True,PRESENT,1,NetProfitAmount,
3214d1b9-e208-41a0-b97d-3f4d9e02ac6c,کپارس,operating_profit,29,3,2026-07-22,True,True,PRESENT,1,OperatingProfitNew,
3214d1b9-e208-41a0-b97d-3f4d9e02ac6c,کپارس,eps,29,3,2026-07-22,True,True,PRESENT,1,Num1_Value1,
3214d1b9-e208-41a0-b97d-3f4d9e02ac6c,کپارس,capital,29,1,2026-07-22,,True,PRESENT,1,Num2_Value1,
3214d1b9-e208-41a0-b97d-3f4d9e02ac6c,کپارس,total_assets,3,1,2026-07-22,,True,PRESENT,1,TotalAssets,
3214d1b9-e208-41a0-b97d-3f4d9e02ac6c,کپارس,current_assets,3,1,2026-07-22,,True,PRESENT,1,CurrentAssets,
3214d1b9-e208-41a0-b97d-3f4d9e02ac6c,کپارس,total_liabilities,3,1,2026-07-22,,True,PRESENT,1,TotalLiabilities,
3214d1b9-e208-41a0-b97d-3f4d9e02ac6c,کپارس,current_liabilities,3,1,2026-07-22,,True,PRESENT,1,CurrentLiabilities,
3214d1b9-e208-41a0-b97d-3f4d9e02ac6c,کپارس,total_equity,3,1,2026-07-22,,True,PRESENT,1,TotalEquity,
3214d1b9-e208-41a0-b97d-3f4d9e02ac6c,کپارس,operating_cash_flow,3,3,2026-07-22,True,True,PRESENT,1,OperatingCashFlow,
3214d1b9-e208-41a0-b97d-3f4d9e02ac6c,کپارس,finance_cost,3,1,2026-07-22,,True,PRESENT,1,FinanceCostsNew,
3214d1b9-e208-41a0-b97d-3f4d9e02ac6c,کپارس,other_non_operating,3,1,2026-07-22,,True,PRESENT,1,OtherNonOpNew,
8c12f9cd-4550-4a96-ba5c-1187719d2ad6,آردینه,revenue,1,3,2026-06-21,True,True,PRESENT,1,RevenueNew,
8c12f9cd-4550-4a96-ba5c-1187719d2ad6,آردینه,net_profit,1,3,2026-06-21,True,True,PRESENT,1,NetProfitAmount,
8c12f9cd-4550-4a96-ba5c-1187719d2ad6,آردینه,operating_profit,12,3,2026-06-21,True,True,PRESENT,1,OperatingProfitNew,
8c12f9cd-4550-4a96-ba5c-1187719d2ad6,آردینه,eps,12,3,2026-06-21,True,True,PRESENT,1,Num1_Value1,
8c12f9cd-4550-4a96-ba5c-1187719d2ad6,آردینه,capital,12,1,2026-06-21,,True,PRESENT,1,Num2_Value1,
8c12f9cd-4550-4a96-ba5c-1187719d2ad6,آردینه,total_assets,1,1,2026-06-21,,True,PRESENT,1,TotalAssets,
8c12f9cd-4550-4a96-ba5c-1187719d2ad6,آردینه,current_assets,1,1,2026-06-21,,True,PRESENT,1,CurrentAssets,
8c12f9cd-4550-4a96-ba5c-1187719d2ad6,آردینه,total_liabilities,1,1,2026-06-21,,True,PRESENT,1,TotalLiabilities,
8c12f9cd-4550-4a96-ba5c-1187719d2ad6,آردینه,current_liabilities,1,1,2026-06-21,,True,PRESENT,1,CurrentLiabilities,
8c12f9cd-4550-4a96-ba5c-1187719d2ad6,آردینه,total_equity,1,1,2026-06-21,,True,PRESENT,1,TotalEquity,
8c12f9cd-4550-4a96-ba5c-1187719d2ad6,آردینه,operating_cash_flow,1,3,2026-06-21,True,True,PRESENT,1,OperatingCashFlow,
8c12f9cd-4550-4a96-ba5c-1187719d2ad6,آردینه,finance_cost,1,1,2026-06-21,,True,PRESENT,1,FinanceCostsNew,
8c12f9cd-4550-4a96-ba5c-1187719d2ad6,آردینه,other_non_operating,1,1,2026-06-21,,True,PRESENT,1,OtherNonOpNew,
