company_id,symbol,metric,before,after,changed,provenance
5e1cc3fa-9f64-4367-8c67-47569ef161c0,زگلدشت,operating_profit_ttm,4141357000000.0,4141357000000.0,False,DIRECT_CANONICAL
5e1cc3fa-9f64-4367-8c67-47569ef161c0,زگلدشت,revenue_ttm,36420590000000.0,36420590000000.0,False,DIRECT_CANONICAL
5e1cc3fa-9f64-4367-8c67-47569ef161c0,زگلدشت,net_profit_ttm,6862599000000.0,6862599000000.0,False,DIRECT_CANONICAL
5e1cc3fa-9f64-4367-8c67-47569ef161c0,زگلدشت,eps_ttm,1568.0,1568.0,False,DIRECT_CANONICAL
5e1cc3fa-9f64-4367-8c67-47569ef161c0,زگلدشت,operating_cash_flow_ttm,,,False,DIRECT_CANONICAL
5e1cc3fa-9f64-4367-8c67-47569ef161c0,زگلدشت,operating_margin,11.370922327178116,11.370922327178116,False,
5e1cc3fa-9f64-4367-8c67-47569ef161c0,زگلدشت,operating_profit_growth,,414135800.0,True,
5e1cc3fa-9f64-4367-8c67-47569ef161c0,زگلدشت,net_margin,18.842635443302814,18.842635443302814,False,
5e1cc3fa-9f64-4367-8c67-47569ef161c0,زگلدشت,roe,48.196954249266625,48.196954249266625,False,
5e1cc3fa-9f64-4367-8c67-47569ef161c0,زگلدشت,growth_score,18.6,20.0,True,
5e1cc3fa-9f64-4367-8c67-47569ef161c0,زگلدشت,profitability_score,9.7,9.8,True,
5e1cc3fa-9f64-4367-8c67-47569ef161c0,زگلدشت,valuation_score,12.8,12.6,True,
5e1cc3fa-9f64-4367-8c67-47569ef161c0,زگلدشت,market_score,4.0,4.0,False,
5e1cc3fa-9f64-4367-8c67-47569ef161c0,زگلدشت,data_quality_score,1.0,1.0,False,
5e1cc3fa-9f64-4367-8c67-47569ef161c0,زگلدشت,quant_score,45.03,46.4,True,
f7aadfae-4289-4049-ae62-fa60e55cadfd,پسهند,operating_profit_ttm,,726129000000.0,True,REPORT_CHAIN_TTM
f7aadfae-4289-4049-ae62-fa60e55cadfd,پسهند,revenue_ttm,,,False,INSUFFICIENT_TTM_PERIODS
f7aadfae-4289-4049-ae62-fa60e55cadfd,پسهند,net_profit_ttm,,,False,INSUFFICIENT_TTM_PERIODS
f7aadfae-4289-4049-ae62-fa60e55cadfd,پسهند,eps_ttm,1468.0,1468.0,False,DIRECT_CANONICAL
f7aadfae-4289-4049-ae62-fa60e55cadfd,پسهند,operating_cash_flow_ttm,,,False,INSUFFICIENT_TTM_PERIODS
f7aadfae-4289-4049-ae62-fa60e55cadfd,پسهند,operating_margin,,,False,
f7aadfae-4289-4049-ae62-fa60e55cadfd,پسهند,operating_profit_growth,,72612800.0,True,
f7aadfae-4289-4049-ae62-fa60e55cadfd,پسهند,net_margin,,,False,
f7aadfae-4289-4049-ae62-fa60e55cadfd,پسهند,roe,,,False,
f7aadfae-4289-4049-ae62-fa60e55cadfd,پسهند,growth_score,12.0,13.5,True,
f7aadfae-4289-4049-ae62-fa60e55cadfd,پسهند,profitability_score,9.2,9.2,False,
f7aadfae-4289-4049-ae62-fa60e55cadfd,پسهند,valuation_score,2.6,2.4,True,
f7aadfae-4289-4049-ae62-fa60e55cadfd,پسهند,market_score,3.3,3.3,False,
f7aadfae-4289-4049-ae62-fa60e55cadfd,پسهند,data_quality_score,1.0,1.0,False,
f7aadfae-4289-4049-ae62-fa60e55cadfd,پسهند,quant_score,27.11,28.37,True,
d747ca7e-87f0-4258-9ffe-dc2ef9cbcf04,کربن,operating_profit_ttm,,1017133000000.0,True,REPORT_CHAIN_TTM
d747ca7e-87f0-4258-9ffe-dc2ef9cbcf04,کربن,revenue_ttm,,,False,MISSING_PRIOR_ANNUAL
d747ca7e-87f0-4258-9ffe-dc2ef9cbcf04,کربن,net_profit_ttm,,,False,INSUFFICIENT_TTM_PERIODS
d747ca7e-87f0-4258-9ffe-dc2ef9cbcf04,کربن,eps_ttm,3623.0,3623.0,False,DIRECT_CANONICAL
d747ca7e-87f0-4258-9ffe-dc2ef9cbcf04,کربن,operating_cash_flow_ttm,,,False,INSUFFICIENT_TTM_PERIODS
d747ca7e-87f0-4258-9ffe-dc2ef9cbcf04,کربن,operating_margin,,,False,
d747ca7e-87f0-4258-9ffe-dc2ef9cbcf04,کربن,operating_profit_growth,,48520.12428298279,True,
d747ca7e-87f0-4258-9ffe-dc2ef9cbcf04,کربن,net_margin,,,False,
d747ca7e-87f0-4258-9ffe-dc2ef9cbcf04,کربن,roe,,,False,
d747ca7e-87f0-4258-9ffe-dc2ef9cbcf04,کربن,growth_score,10.9,12.4,True,
d747ca7e-87f0-4258-9ffe-dc2ef9cbcf04,کربن,profitability_score,9.2,9.2,False,
d747ca7e-87f0-4258-9ffe-dc2ef9cbcf04,کربن,valuation_score,10.8,10.8,False,
d747ca7e-87f0-4258-9ffe-dc2ef9cbcf04,کربن,market_score,4.2,4.2,False,
d747ca7e-87f0-4258-9ffe-dc2ef9cbcf04,کربن,data_quality_score,0.8,0.8,False,
d747ca7e-87f0-4258-9ffe-dc2ef9cbcf04,کربن,quant_score,28.09,29.19,True,
bc8b177b-acb6-4e2e-9af9-aab8da6dcd37,دسینا,operating_profit_ttm,26868152000000.0,26868152000000.0,False,DIRECT_CANONICAL
bc8b177b-acb6-4e2e-9af9-aab8da6dcd37,دسینا,revenue_ttm,48364255000000.0,48364255000000.0,False,DIRECT_CANONICAL
bc8b177b-acb6-4e2e-9af9-aab8da6dcd37,دسینا,net_profit_ttm,22292811000000.0,22292811000000.0,False,DIRECT_CANONICAL
bc8b177b-acb6-4e2e-9af9-aab8da6dcd37,دسینا,eps_ttm,9289.0,9289.0,False,DIRECT_CANONICAL
bc8b177b-acb6-4e2e-9af9-aab8da6dcd37,دسینا,operating_cash_flow_ttm,,,False,DIRECT_CANONICAL
bc8b177b-acb6-4e2e-9af9-aab8da6dcd37,دسینا,operating_margin,55.55373901655262,55.55373901655262,False,
bc8b177b-acb6-4e2e-9af9-aab8da6dcd37,دسینا,operating_profit_growth,,2686815100.0,True,
bc8b177b-acb6-4e2e-9af9-aab8da6dcd37,دسینا,net_margin,46.09356848358359,46.09356848358359,False,
bc8b177b-acb6-4e2e-9af9-aab8da6dcd37,دسینا,roe,99.62222510112571,99.62222510112571,False,
bc8b177b-acb6-4e2e-9af9-aab8da6dcd37,دسینا,growth_score,16.7,18.1,True,
bc8b177b-acb6-4e2e-9af9-aab8da6dcd37,دسینا,profitability_score,14.9,15.0,True,
bc8b177b-acb6-4e2e-9af9-aab8da6dcd37,دسینا,valuation_score,8.3,8.1,True,
bc8b177b-acb6-4e2e-9af9-aab8da6dcd37,دسینا,market_score,4.9,4.9,False,
bc8b177b-acb6-4e2e-9af9-aab8da6dcd37,دسینا,data_quality_score,1.0,1.0,False,
bc8b177b-acb6-4e2e-9af9-aab8da6dcd37,دسینا,quant_score,44.75,46.16,True,
436e8450-0253-4347-bbe2-be8ff48da73e,شپاکسا,operating_profit_ttm,,16926552000000.0,True,REPORT_CHAIN_TTM
436e8450-0253-4347-bbe2-be8ff48da73e,شپاکسا,revenue_ttm,,,False,MISSING_PRIOR_ANNUAL
436e8450-0253-4347-bbe2-be8ff48da73e,شپاکسا,net_profit_ttm,,,False,INSUFFICIENT_TTM_PERIODS
436e8450-0253-4347-bbe2-be8ff48da73e,شپاکسا,eps_ttm,590.0,590.0,False,DIRECT_CANONICAL
436e8450-0253-4347-bbe2-be8ff48da73e,شپاکسا,operating_cash_flow_ttm,,,False,INSUFFICIENT_TTM_PERIODS
436e8450-0253-4347-bbe2-be8ff48da73e,شپاکسا,operating_margin,,,False,
436e8450-0253-4347-bbe2-be8ff48da73e,شپاکسا,operating_profit_growth,,1692655100.0,True,
436e8450-0253-4347-bbe2-be8ff48da73e,شپاکسا,net_margin,,,False,
436e8450-0253-4347-bbe2-be8ff48da73e,شپاکسا,roe,,,False,
436e8450-0253-4347-bbe2-be8ff48da73e,شپاکسا,growth_score,17.7,19.2,True,
436e8450-0253-4347-bbe2-be8ff48da73e,شپاکسا,profitability_score,9.2,8.6,True,
436e8450-0253-4347-bbe2-be8ff48da73e,شپاکسا,valuation_score,10.0,9.8,True,
436e8450-0253-4347-bbe2-be8ff48da73e,شپاکسا,market_score,3.7,3.7,False,
436e8450-0253-4347-bbe2-be8ff48da73e,شپاکسا,data_quality_score,1.0,1.0,False,
436e8450-0253-4347-bbe2-be8ff48da73e,شپاکسا,quant_score,40.58,41.3,True,
390a7edf-ac22-43e7-b261-25e686bbf9dd,سرود,operating_profit_ttm,,11191065000000.0,True,REPORT_CHAIN_TTM
390a7edf-ac22-43e7-b261-25e686bbf9dd,سرود,revenue_ttm,,,False,MISSING_PRIOR_ANNUAL
390a7edf-ac22-43e7-b261-25e686bbf9dd,سرود,net_profit_ttm,,,False,INSUFFICIENT_TTM_PERIODS
390a7edf-ac22-43e7-b261-25e686bbf9dd,سرود,eps_ttm,2424.0,2424.0,False,DIRECT_CANONICAL
390a7edf-ac22-43e7-b261-25e686bbf9dd,سرود,operating_cash_flow_ttm,,,False,INSUFFICIENT_TTM_PERIODS
390a7edf-ac22-43e7-b261-25e686bbf9dd,سرود,operating_margin,,,False,
390a7edf-ac22-43e7-b261-25e686bbf9dd,سرود,operating_profit_growth,,1119106400.0,True,
390a7edf-ac22-43e7-b261-25e686bbf9dd,سرود,net_margin,,,False,
390a7edf-ac22-43e7-b261-25e686bbf9dd,سرود,roe,,,False,
390a7edf-ac22-43e7-b261-25e686bbf9dd,سرود,growth_score,16.7,18.2,True,
390a7edf-ac22-43e7-b261-25e686bbf9dd,سرود,profitability_score,9.2,7.2,True,
390a7edf-ac22-43e7-b261-25e686bbf9dd,سرود,valuation_score,6.5,6.2,True,
390a7edf-ac22-43e7-b261-25e686bbf9dd,سرود,market_score,5.2,5.2,False,
390a7edf-ac22-43e7-b261-25e686bbf9dd,سرود,data_quality_score,1.0,1.0,False,
390a7edf-ac22-43e7-b261-25e686bbf9dd,سرود,quant_score,37.59,36.89,True,
d902203f-0213-4f12-b051-1700f7b33c2c,چدن,operating_profit_ttm,9762273000000.0,9762273000000.0,False,DIRECT_CANONICAL
d902203f-0213-4f12-b051-1700f7b33c2c,چدن,revenue_ttm,25093160000000.0,25093160000000.0,False,DIRECT_CANONICAL
d902203f-0213-4f12-b051-1700f7b33c2c,چدن,net_profit_ttm,10889712000000.0,10889712000000.0,False,DIRECT_CANONICAL
d902203f-0213-4f12-b051-1700f7b33c2c,چدن,eps_ttm,544.0,544.0,False,DIRECT_CANONICAL
d902203f-0213-4f12-b051-1700f7b33c2c,چدن,operating_cash_flow_ttm,,,False,DIRECT_CANONICAL
d902203f-0213-4f12-b051-1700f7b33c2c,چدن,operating_margin,38.90411968839317,38.90411968839317,False,
d902203f-0213-4f12-b051-1700f7b33c2c,چدن,operating_profit_growth,,-9.854089044346171,True,
d902203f-0213-4f12-b051-1700f7b33c2c,چدن,net_margin,43.39713292387248,43.39713292387248,False,
d902203f-0213-4f12-b051-1700f7b33c2c,چدن,roe,29.403884866246454,29.403884866246454,False,
d902203f-0213-4f12-b051-1700f7b33c2c,چدن,growth_score,14.9,13.8,True,
d902203f-0213-4f12-b051-1700f7b33c2c,چدن,profitability_score,13.2,13.4,True,
d902203f-0213-4f12-b051-1700f7b33c2c,چدن,valuation_score,10.4,10.2,True,
d902203f-0213-4f12-b051-1700f7b33c2c,چدن,market_score,7.7,7.7,False,
d902203f-0213-4f12-b051-1700f7b33c2c,چدن,data_quality_score,1.0,1.0,False,
d902203f-0213-4f12-b051-1700f7b33c2c,چدن,quant_score,46.21,45.07,True,
ae6670e0-aa42-419d-8a8a-9168096df1ea,داسوه,operating_profit_ttm,,4336068000000.0,True,REPORT_CHAIN_TTM
ae6670e0-aa42-419d-8a8a-9168096df1ea,داسوه,revenue_ttm,,,False,MISSING_PRIOR_ANNUAL
ae6670e0-aa42-419d-8a8a-9168096df1ea,داسوه,net_profit_ttm,,,False,INSUFFICIENT_TTM_PERIODS
ae6670e0-aa42-419d-8a8a-9168096df1ea,داسوه,eps_ttm,6222.0,6222.0,False,DIRECT_CANONICAL
ae6670e0-aa42-419d-8a8a-9168096df1ea,داسوه,operating_cash_flow_ttm,,,False,INSUFFICIENT_TTM_PERIODS
ae6670e0-aa42-419d-8a8a-9168096df1ea,داسوه,operating_margin,,,False,
ae6670e0-aa42-419d-8a8a-9168096df1ea,داسوه,operating_profit_growth,,267.8028282033165,True,
ae6670e0-aa42-419d-8a8a-9168096df1ea,داسوه,net_margin,,,False,
ae6670e0-aa42-419d-8a8a-9168096df1ea,داسوه,roe,,,False,
ae6670e0-aa42-419d-8a8a-9168096df1ea,داسوه,growth_score,20.6,22.1,True,
ae6670e0-aa42-419d-8a8a-9168096df1ea,داسوه,profitability_score,9.2,7.9,True,
ae6670e0-aa42-419d-8a8a-9168096df1ea,داسوه,valuation_score,2.9,2.7,True,
ae6670e0-aa42-419d-8a8a-9168096df1ea,داسوه,market_score,2.8,2.8,False,
ae6670e0-aa42-419d-8a8a-9168096df1ea,داسوه,data_quality_score,1.0,1.0,False,
ae6670e0-aa42-419d-8a8a-9168096df1ea,داسوه,quant_score,35.62,35.62,False,
672f86bf-cbf2-4bf6-9597-521d11f9e20a,پخش,operating_profit_ttm,,10215905000000.0,True,REPORT_CHAIN_TTM
672f86bf-cbf2-4bf6-9597-521d11f9e20a,پخش,revenue_ttm,,,False,INSUFFICIENT_TTM_PERIODS
672f86bf-cbf2-4bf6-9597-521d11f9e20a,پخش,net_profit_ttm,,,False,INSUFFICIENT_TTM_PERIODS
672f86bf-cbf2-4bf6-9597-521d11f9e20a,پخش,eps_ttm,1996.0,1996.0,False,DIRECT_CANONICAL
672f86bf-cbf2-4bf6-9597-521d11f9e20a,پخش,operating_cash_flow_ttm,,,False,INSUFFICIENT_TTM_PERIODS
672f86bf-cbf2-4bf6-9597-521d11f9e20a,پخش,operating_margin,,,False,
672f86bf-cbf2-4bf6-9597-521d11f9e20a,پخش,operating_profit_growth,,1021590400.0,True,
672f86bf-cbf2-4bf6-9597-521d11f9e20a,پخش,net_margin,,,False,
672f86bf-cbf2-4bf6-9597-521d11f9e20a,پخش,roe,,,False,
672f86bf-cbf2-4bf6-9597-521d11f9e20a,پخش,growth_score,13.0,14.4,True,
672f86bf-cbf2-4bf6-9597-521d11f9e20a,پخش,profitability_score,9.2,9.2,False,
672f86bf-cbf2-4bf6-9597-521d11f9e20a,پخش,valuation_score,8.0,7.8,True,
672f86bf-cbf2-4bf6-9597-521d11f9e20a,پخش,market_score,6.5,6.5,False,
672f86bf-cbf2-4bf6-9597-521d11f9e20a,پخش,data_quality_score,1.0,1.0,False,
672f86bf-cbf2-4bf6-9597-521d11f9e20a,پخش,quant_score,36.7,37.96,True,
a225648b-76a1-4ae3-8b6e-e7ccfa259d30,بهپاک,operating_profit_ttm,17279316000000.0,17279316000000.0,False,DIRECT_CANONICAL
a225648b-76a1-4ae3-8b6e-e7ccfa259d30,بهپاک,revenue_ttm,98509261000000.0,98509261000000.0,False,DIRECT_CANONICAL
a225648b-76a1-4ae3-8b6e-e7ccfa259d30,بهپاک,net_profit_ttm,19926553000000.0,19926553000000.0,False,DIRECT_CANONICAL
a225648b-76a1-4ae3-8b6e-e7ccfa259d30,بهپاک,eps_ttm,3738.0,3738.0,False,DIRECT_CANONICAL
a225648b-76a1-4ae3-8b6e-e7ccfa259d30,بهپاک,operating_cash_flow_ttm,,,False,DIRECT_CANONICAL
a225648b-76a1-4ae3-8b6e-e7ccfa259d30,بهپاک,operating_margin,17.540803600181306,17.540803600181306,False,
a225648b-76a1-4ae3-8b6e-e7ccfa259d30,بهپاک,operating_profit_growth,,1727931500.0,True,
a225648b-76a1-4ae3-8b6e-e7ccfa259d30,بهپاک,net_margin,20.22810119345023,20.22810119345023,False,
a225648b-76a1-4ae3-8b6e-e7ccfa259d30,بهپاک,roe,35.61526486585495,35.61526486585495,False,
a225648b-76a1-4ae3-8b6e-e7ccfa259d30,بهپاک,growth_score,20.1,21.6,True,
a225648b-76a1-4ae3-8b6e-e7ccfa259d30,بهپاک,profitability_score,6.9,7.1,True,
a225648b-76a1-4ae3-8b6e-e7ccfa259d30,بهپاک,valuation_score,15.0,15.0,False,
a225648b-76a1-4ae3-8b6e-e7ccfa259d30,بهپاک,market_score,5.1,5.1,False,
a225648b-76a1-4ae3-8b6e-e7ccfa259d30,بهپاک,data_quality_score,1.0,1.0,False,
a225648b-76a1-4ae3-8b6e-e7ccfa259d30,بهپاک,quant_score,47.2,48.78,True,
ccc92064-f5c8-4f9f-aa09-33d100f530a1,سصوفی,operating_profit_ttm,32846576000000.0,32846576000000.0,False,DIRECT_CANONICAL
ccc92064-f5c8-4f9f-aa09-33d100f530a1,سصوفی,revenue_ttm,54586144000000.0,54586144000000.0,False,DIRECT_CANONICAL
ccc92064-f5c8-4f9f-aa09-33d100f530a1,سصوفی,net_profit_ttm,34014376000000.0,34014376000000.0,False,DIRECT_CANONICAL
ccc92064-f5c8-4f9f-aa09-33d100f530a1,سصوفی,eps_ttm,30922.0,30922.0,False,DIRECT_CANONICAL
ccc92064-f5c8-4f9f-aa09-33d100f530a1,سصوفی,operating_cash_flow_ttm,,,False,DIRECT_CANONICAL
ccc92064-f5c8-4f9f-aa09-33d100f530a1,سصوفی,operating_margin,60.173834590697595,60.173834590697595,False,
ccc92064-f5c8-4f9f-aa09-33d100f530a1,سصوفی,operating_profit_growth,,3284657500.0,True,
ccc92064-f5c8-4f9f-aa09-33d100f530a1,سصوفی,net_margin,62.31320534383231,62.31320534383231,False,
ccc92064-f5c8-4f9f-aa09-33d100f530a1,سصوفی,roe,224.80001750055467,224.80001750055467,False,
ccc92064-f5c8-4f9f-aa09-33d100f530a1,سصوفی,growth_score,9.0,10.5,True,
ccc92064-f5c8-4f9f-aa09-33d100f530a1,سصوفی,profitability_score,18.6,18.6,False,
ccc92064-f5c8-4f9f-aa09-33d100f530a1,سصوفی,valuation_score,13.0,12.9,True,
ccc92064-f5c8-4f9f-aa09-33d100f530a1,سصوفی,market_score,5.2,5.2,False,
ccc92064-f5c8-4f9f-aa09-33d100f530a1,سصوفی,data_quality_score,1.0,1.0,False,
ccc92064-f5c8-4f9f-aa09-33d100f530a1,سصوفی,quant_score,45.85,47.19,True,
1fc6970b-c1ec-4b4d-bb3b-8dce55332e18,زاگرس,operating_profit_ttm,29611376000000.0,29611376000000.0,False,DIRECT_CANONICAL
1fc6970b-c1ec-4b4d-bb3b-8dce55332e18,زاگرس,revenue_ttm,56052628000000.0,56052628000000.0,False,DIRECT_CANONICAL
1fc6970b-c1ec-4b4d-bb3b-8dce55332e18,زاگرس,net_profit_ttm,23101877000000.0,23101877000000.0,False,DIRECT_CANONICAL
1fc6970b-c1ec-4b4d-bb3b-8dce55332e18,زاگرس,eps_ttm,3000.0,3000.0,False,DIRECT_CANONICAL
1fc6970b-c1ec-4b4d-bb3b-8dce55332e18,زاگرس,operating_cash_flow_ttm,,,False,DIRECT_CANONICAL
1fc6970b-c1ec-4b4d-bb3b-8dce55332e18,زاگرس,operating_margin,52.827810321400094,52.827810321400094,False,
1fc6970b-c1ec-4b4d-bb3b-8dce55332e18,زاگرس,operating_profit_growth,,2961137700.0,True,
1fc6970b-c1ec-4b4d-bb3b-8dce55332e18,زاگرس,net_margin,41.2146188756752,41.2146188756752,False,
1fc6970b-c1ec-4b4d-bb3b-8dce55332e18,زاگرس,roe,65.4929850379966,65.4929850379966,False,
1fc6970b-c1ec-4b4d-bb3b-8dce55332e18,زاگرس,growth_score,12.0,13.5,True,
1fc6970b-c1ec-4b4d-bb3b-8dce55332e18,زاگرس,profitability_score,11.8,12.1,True,
1fc6970b-c1ec-4b4d-bb3b-8dce55332e18,زاگرس,valuation_score,3.3,3.1,True,
1fc6970b-c1ec-4b4d-bb3b-8dce55332e18,زاگرس,market_score,6.9,6.9,False,
1fc6970b-c1ec-4b4d-bb3b-8dce55332e18,زاگرس,data_quality_score,1.0,1.0,False,
1fc6970b-c1ec-4b4d-bb3b-8dce55332e18,زاگرس,quant_score,34.03,35.58,True,
a2713fb9-4917-493b-bf50-5679d944796d,درهآور,operating_profit_ttm,,2039865000000.0,True,REPORT_CHAIN_TTM
a2713fb9-4917-493b-bf50-5679d944796d,درهآور,revenue_ttm,,,False,INSUFFICIENT_TTM_PERIODS
a2713fb9-4917-493b-bf50-5679d944796d,درهآور,net_profit_ttm,,,False,INSUFFICIENT_TTM_PERIODS
a2713fb9-4917-493b-bf50-5679d944796d,درهآور,eps_ttm,1808.0,1808.0,False,DIRECT_CANONICAL
a2713fb9-4917-493b-bf50-5679d944796d,درهآور,operating_cash_flow_ttm,,,False,INSUFFICIENT_TTM_PERIODS
a2713fb9-4917-493b-bf50-5679d944796d,درهآور,operating_margin,,,False,
a2713fb9-4917-493b-bf50-5679d944796d,درهآور,operating_profit_growth,,203986400.0,True,
a2713fb9-4917-493b-bf50-5679d944796d,درهآور,net_margin,,,False,
a2713fb9-4917-493b-bf50-5679d944796d,درهآور,roe,,,False,
a2713fb9-4917-493b-bf50-5679d944796d,درهآور,growth_score,10.8,12.3,True,
a2713fb9-4917-493b-bf50-5679d944796d,درهآور,profitability_score,9.2,9.2,False,
a2713fb9-4917-493b-bf50-5679d944796d,درهآور,valuation_score,6.2,6.0,True,
a2713fb9-4917-493b-bf50-5679d944796d,درهآور,market_score,4.4,4.4,False,
a2713fb9-4917-493b-bf50-5679d944796d,درهآور,data_quality_score,0.8,0.8,False,
a2713fb9-4917-493b-bf50-5679d944796d,درهآور,quant_score,24.49,25.5,True,
a53af603-e764-4e39-a8d2-0ad69c5faf24,حسیر,operating_profit_ttm,,1816460000000.0,True,REPORT_CHAIN_TTM
a53af603-e764-4e39-a8d2-0ad69c5faf24,حسیر,revenue_ttm,,,False,INSUFFICIENT_TTM_PERIODS
a53af603-e764-4e39-a8d2-0ad69c5faf24,حسیر,net_profit_ttm,,,False,INSUFFICIENT_TTM_PERIODS
a53af603-e764-4e39-a8d2-0ad69c5faf24,حسیر,eps_ttm,-134.0,-134.0,False,DIRECT_CANONICAL
a53af603-e764-4e39-a8d2-0ad69c5faf24,حسیر,operating_cash_flow_ttm,,,False,INSUFFICIENT_TTM_PERIODS
a53af603-e764-4e39-a8d2-0ad69c5faf24,حسیر,operating_margin,,,False,
a53af603-e764-4e39-a8d2-0ad69c5faf24,حسیر,operating_profit_growth,,181645900.0,True,
a53af603-e764-4e39-a8d2-0ad69c5faf24,حسیر,net_margin,,,False,
a53af603-e764-4e39-a8d2-0ad69c5faf24,حسیر,roe,,,False,
a53af603-e764-4e39-a8d2-0ad69c5faf24,حسیر,growth_score,10.8,12.3,True,
a53af603-e764-4e39-a8d2-0ad69c5faf24,حسیر,profitability_score,9.2,9.2,False,
a53af603-e764-4e39-a8d2-0ad69c5faf24,حسیر,valuation_score,0.0,0.0,False,
a53af603-e764-4e39-a8d2-0ad69c5faf24,حسیر,market_score,5.1,5.1,False,
a53af603-e764-4e39-a8d2-0ad69c5faf24,حسیر,data_quality_score,0.8,0.8,False,
a53af603-e764-4e39-a8d2-0ad69c5faf24,حسیر,quant_score,20.1,21.27,True,
4dd789ea-94b5-4066-b6ca-edf6775e1e72,رانیز,operating_profit_ttm,24748544000000.0,24748544000000.0,False,DIRECT_CANONICAL
4dd789ea-94b5-4066-b6ca-edf6775e1e72,رانیز,revenue_ttm,66114156000000.0,66114156000000.0,False,DIRECT_CANONICAL
4dd789ea-94b5-4066-b6ca-edf6775e1e72,رانیز,net_profit_ttm,24592382000000.0,24592382000000.0,False,DIRECT_CANONICAL
4dd789ea-94b5-4066-b6ca-edf6775e1e72,رانیز,eps_ttm,3513.0,3513.0,False,DIRECT_CANONICAL
4dd789ea-94b5-4066-b6ca-edf6775e1e72,رانیز,operating_cash_flow_ttm,,,False,DIRECT_CANONICAL
4dd789ea-94b5-4066-b6ca-edf6775e1e72,رانیز,operating_margin,37.43304837771808,37.43304837771808,False,
4dd789ea-94b5-4066-b6ca-edf6775e1e72,رانیز,operating_profit_growth,,,False,
4dd789ea-94b5-4066-b6ca-edf6775e1e72,رانیز,net_margin,37.19684782786912,37.19684782786912,False,
4dd789ea-94b5-4066-b6ca-edf6775e1e72,رانیز,roe,71.34976354297832,71.34976354297832,False,
4dd789ea-94b5-4066-b6ca-edf6775e1e72,رانیز,growth_score,11.9,11.9,False,
4dd789ea-94b5-4066-b6ca-edf6775e1e72,رانیز,profitability_score,17.3,17.4,True,
4dd789ea-94b5-4066-b6ca-edf6775e1e72,رانیز,valuation_score,13.9,13.7,True,
4dd789ea-94b5-4066-b6ca-edf6775e1e72,رانیز,market_score,7.0,7.0,False,
4dd789ea-94b5-4066-b6ca-edf6775e1e72,رانیز,data_quality_score,0.8,0.8,False,
4dd789ea-94b5-4066-b6ca-edf6775e1e72,رانیز,quant_score,40.11,40.07,True,
bf2ee8a4-c121-42a7-aa4a-da75001a6a05,اسیاتک,operating_profit_ttm,10462457000000.0,10462457000000.0,False,DIRECT_CANONICAL
bf2ee8a4-c121-42a7-aa4a-da75001a6a05,اسیاتک,revenue_ttm,40168004000000.0,40168004000000.0,False,DIRECT_CANONICAL
bf2ee8a4-c121-42a7-aa4a-da75001a6a05,اسیاتک,net_profit_ttm,11500293000000.0,11500293000000.0,False,DIRECT_CANONICAL
bf2ee8a4-c121-42a7-aa4a-da75001a6a05,اسیاتک,eps_ttm,1000.0,1000.0,False,DIRECT_CANONICAL
bf2ee8a4-c121-42a7-aa4a-da75001a6a05,اسیاتک,operating_cash_flow_ttm,,,False,DIRECT_CANONICAL
bf2ee8a4-c121-42a7-aa4a-da75001a6a05,اسیاتک,operating_margin,26.04674357232189,26.04674357232189,False,
bf2ee8a4-c121-42a7-aa4a-da75001a6a05,اسیاتک,operating_profit_growth,,1046245600.0,True,
bf2ee8a4-c121-42a7-aa4a-da75001a6a05,اسیاتک,net_margin,28.630481614172314,28.630481614172314,False,
bf2ee8a4-c121-42a7-aa4a-da75001a6a05,اسیاتک,roe,42.82991330291891,42.82991330291891,False,
bf2ee8a4-c121-42a7-aa4a-da75001a6a05,اسیاتک,growth_score,10.4,11.8,True,
bf2ee8a4-c121-42a7-aa4a-da75001a6a05,اسیاتک,profitability_score,10.7,10.8,True,
bf2ee8a4-c121-42a7-aa4a-da75001a6a05,اسیاتک,valuation_score,14.8,14.7,True,
bf2ee8a4-c121-42a7-aa4a-da75001a6a05,اسیاتک,market_score,6.3,6.3,False,
bf2ee8a4-c121-42a7-aa4a-da75001a6a05,اسیاتک,data_quality_score,1.0,1.0,False,
bf2ee8a4-c121-42a7-aa4a-da75001a6a05,اسیاتک,quant_score,42.15,43.65,True,
49e031e9-3fb6-4cf9-9404-c29af209d2f9,سنیر,operating_profit_ttm,,1177912000000.0,True,REPORT_CHAIN_TTM
49e031e9-3fb6-4cf9-9404-c29af209d2f9,سنیر,revenue_ttm,,,False,INSUFFICIENT_TTM_PERIODS
49e031e9-3fb6-4cf9-9404-c29af209d2f9,سنیر,net_profit_ttm,,,False,INSUFFICIENT_TTM_PERIODS
49e031e9-3fb6-4cf9-9404-c29af209d2f9,سنیر,eps_ttm,963.0,963.0,False,DIRECT_CANONICAL
49e031e9-3fb6-4cf9-9404-c29af209d2f9,سنیر,operating_cash_flow_ttm,,,False,INSUFFICIENT_TTM_PERIODS
49e031e9-3fb6-4cf9-9404-c29af209d2f9,سنیر,operating_margin,,,False,
49e031e9-3fb6-4cf9-9404-c29af209d2f9,سنیر,operating_profit_growth,,117791100.0,True,
49e031e9-3fb6-4cf9-9404-c29af209d2f9,سنیر,net_margin,,,False,
49e031e9-3fb6-4cf9-9404-c29af209d2f9,سنیر,roe,,,False,
49e031e9-3fb6-4cf9-9404-c29af209d2f9,سنیر,growth_score,10.8,12.3,True,
49e031e9-3fb6-4cf9-9404-c29af209d2f9,سنیر,profitability_score,9.2,9.2,False,
49e031e9-3fb6-4cf9-9404-c29af209d2f9,سنیر,valuation_score,7.8,7.6,True,
49e031e9-3fb6-4cf9-9404-c29af209d2f9,سنیر,market_score,3.5,3.5,False,
49e031e9-3fb6-4cf9-9404-c29af209d2f9,سنیر,data_quality_score,0.8,0.8,False,
49e031e9-3fb6-4cf9-9404-c29af209d2f9,سنیر,quant_score,25.04,26.05,True,
bfbfe8f3-54dd-4146-a664-af82e2f16919,کیمیا,operating_profit_ttm,38129468000000.0,38129468000000.0,False,DIRECT_CANONICAL
bfbfe8f3-54dd-4146-a664-af82e2f16919,کیمیا,revenue_ttm,98524057000000.0,98524057000000.0,False,DIRECT_CANONICAL
bfbfe8f3-54dd-4146-a664-af82e2f16919,کیمیا,net_profit_ttm,29523564000000.0,29523564000000.0,False,DIRECT_CANONICAL
bfbfe8f3-54dd-4146-a664-af82e2f16919,کیمیا,eps_ttm,1969.0,1969.0,False,DIRECT_CANONICAL
bfbfe8f3-54dd-4146-a664-af82e2f16919,کیمیا,operating_cash_flow_ttm,,,False,DIRECT_CANONICAL
bfbfe8f3-54dd-4146-a664-af82e2f16919,کیمیا,operating_margin,38.70066779730762,38.70066779730762,False,
bfbfe8f3-54dd-4146-a664-af82e2f16919,کیمیا,operating_profit_growth,,,False,
bfbfe8f3-54dd-4146-a664-af82e2f16919,کیمیا,net_margin,29.965842758586366,29.965842758586366,False,
bfbfe8f3-54dd-4146-a664-af82e2f16919,کیمیا,roe,86.45469180441403,86.45469180441403,False,
bfbfe8f3-54dd-4146-a664-af82e2f16919,کیمیا,growth_score,23.7,23.7,False,
bfbfe8f3-54dd-4146-a664-af82e2f16919,کیمیا,profitability_score,17.1,17.3,True,
bfbfe8f3-54dd-4146-a664-af82e2f16919,کیمیا,valuation_score,15.2,15.2,False,
bfbfe8f3-54dd-4146-a664-af82e2f16919,کیمیا,market_score,4.1,4.1,False,
bfbfe8f3-54dd-4146-a664-af82e2f16919,کیمیا,data_quality_score,1.0,1.0,False,
bfbfe8f3-54dd-4146-a664-af82e2f16919,کیمیا,quant_score,60.19,60.37,True,
ad6c42d2-20f7-4382-b789-835efac4b98d,ثبهساز,operating_profit_ttm,,10588862000000.0,True,REPORT_CHAIN_TTM
ad6c42d2-20f7-4382-b789-835efac4b98d,ثبهساز,revenue_ttm,,9271867000000.0,True,REPORT_CHAIN_TTM
ad6c42d2-20f7-4382-b789-835efac4b98d,ثبهساز,net_profit_ttm,,,False,INSUFFICIENT_TTM_PERIODS
ad6c42d2-20f7-4382-b789-835efac4b98d,ثبهساز,eps_ttm,805.0,805.0,False,DIRECT_CANONICAL
ad6c42d2-20f7-4382-b789-835efac4b98d,ثبهساز,operating_cash_flow_ttm,,,False,INSUFFICIENT_TTM_PERIODS
ad6c42d2-20f7-4382-b789-835efac4b98d,ثبهساز,operating_margin,,114.20420504306199,True,
ad6c42d2-20f7-4382-b789-835efac4b98d,ثبهساز,operating_profit_growth,,-14.752089905232618,True,
ad6c42d2-20f7-4382-b789-835efac4b98d,ثبهساز,net_margin,,,False,
ad6c42d2-20f7-4382-b789-835efac4b98d,ثبهساز,roe,,,False,
ad6c42d2-20f7-4382-b789-835efac4b98d,ثبهساز,growth_score,10.4,9.3,True,
ad6c42d2-20f7-4382-b789-835efac4b98d,ثبهساز,profitability_score,9.2,14.7,True,
ad6c42d2-20f7-4382-b789-835efac4b98d,ثبهساز,valuation_score,10.9,10.8,True,
ad6c42d2-20f7-4382-b789-835efac4b98d,ثبهساز,market_score,4.9,4.9,False,
ad6c42d2-20f7-4382-b789-835efac4b98d,ثبهساز,data_quality_score,0.8,0.8,False,
ad6c42d2-20f7-4382-b789-835efac4b98d,ثبهساز,quant_score,28.26,31.71,True,
ec9f3262-9612-48a8-bfec-bbb59441b31b,فولای,operating_profit_ttm,1000000.0,1000000.0,False,DIRECT_CANONICAL
ec9f3262-9612-48a8-bfec-bbb59441b31b,فولای,revenue_ttm,,,False,INSUFFICIENT_TTM_PERIODS
ec9f3262-9612-48a8-bfec-bbb59441b31b,فولای,net_profit_ttm,,,False,INSUFFICIENT_TTM_PERIODS
ec9f3262-9612-48a8-bfec-bbb59441b31b,فولای,eps_ttm,227.0,227.0,False,DIRECT_CANONICAL
ec9f3262-9612-48a8-bfec-bbb59441b31b,فولای,operating_cash_flow_ttm,,,False,INSUFFICIENT_TTM_PERIODS
ec9f3262-9612-48a8-bfec-bbb59441b31b,فولای,operating_margin,,,False,
ec9f3262-9612-48a8-bfec-bbb59441b31b,فولای,operating_profit_growth,0.0,0.0,False,
ec9f3262-9612-48a8-bfec-bbb59441b31b,فولای,net_margin,,,False,
ec9f3262-9612-48a8-bfec-bbb59441b31b,فولای,roe,,,False,
ec9f3262-9612-48a8-bfec-bbb59441b31b,فولای,growth_score,10.5,9.8,True,
ec9f3262-9612-48a8-bfec-bbb59441b31b,فولای,profitability_score,9.2,9.2,False,
ec9f3262-9612-48a8-bfec-bbb59441b31b,فولای,valuation_score,2.2,2.0,True,
ec9f3262-9612-48a8-bfec-bbb59441b31b,فولای,market_score,5.7,5.7,False,
ec9f3262-9612-48a8-bfec-bbb59441b31b,فولای,data_quality_score,0.8,0.8,False,
ec9f3262-9612-48a8-bfec-bbb59441b31b,فولای,quant_score,22.07,21.32,True,
bf805c87-c0e9-4f5b-bc55-ceae499a765f,قزوین,operating_profit_ttm,,1265768000000.0,True,REPORT_CHAIN_TTM
bf805c87-c0e9-4f5b-bc55-ceae499a765f,قزوین,revenue_ttm,,,False,INSUFFICIENT_TTM_PERIODS
bf805c87-c0e9-4f5b-bc55-ceae499a765f,قزوین,net_profit_ttm,,,False,INSUFFICIENT_TTM_PERIODS
bf805c87-c0e9-4f5b-bc55-ceae499a765f,قزوین,eps_ttm,1403.0,1403.0,False,DIRECT_CANONICAL
bf805c87-c0e9-4f5b-bc55-ceae499a765f,قزوین,operating_cash_flow_ttm,,,False,INSUFFICIENT_TTM_PERIODS
bf805c87-c0e9-4f5b-bc55-ceae499a765f,قزوین,operating_margin,,,False,
bf805c87-c0e9-4f5b-bc55-ceae499a765f,قزوین,operating_profit_growth,,126576700.0,True,
bf805c87-c0e9-4f5b-bc55-ceae499a765f,قزوین,net_margin,,,False,
bf805c87-c0e9-4f5b-bc55-ceae499a765f,قزوین,roe,,,False,
bf805c87-c0e9-4f5b-bc55-ceae499a765f,قزوین,growth_score,13.7,15.2,True,
bf805c87-c0e9-4f5b-bc55-ceae499a765f,قزوین,profitability_score,9.2,9.2,False,
bf805c87-c0e9-4f5b-bc55-ceae499a765f,قزوین,valuation_score,5.0,4.8,True,
bf805c87-c0e9-4f5b-bc55-ceae499a765f,قزوین,market_score,2.3,2.3,False,
bf805c87-c0e9-4f5b-bc55-ceae499a765f,قزوین,data_quality_score,1.0,1.0,False,
bf805c87-c0e9-4f5b-bc55-ceae499a765f,قزوین,quant_score,30.2,31.46,True,
7c19589a-b176-4b0d-8231-5d07e54557f6,سکرما,operating_profit_ttm,,5826557000000.0,True,REPORT_CHAIN_TTM
7c19589a-b176-4b0d-8231-5d07e54557f6,سکرما,revenue_ttm,,,False,INSUFFICIENT_TTM_PERIODS
7c19589a-b176-4b0d-8231-5d07e54557f6,سکرما,net_profit_ttm,,,False,INSUFFICIENT_TTM_PERIODS
7c19589a-b176-4b0d-8231-5d07e54557f6,سکرما,eps_ttm,11726.0,11726.0,False,DIRECT_CANONICAL
7c19589a-b176-4b0d-8231-5d07e54557f6,سکرما,operating_cash_flow_ttm,,,False,INSUFFICIENT_TTM_PERIODS
7c19589a-b176-4b0d-8231-5d07e54557f6,سکرما,operating_margin,,,False,
7c19589a-b176-4b0d-8231-5d07e54557f6,سکرما,operating_profit_growth,,582655800.0,True,
7c19589a-b176-4b0d-8231-5d07e54557f6,سکرما,net_margin,,,False,
7c19589a-b176-4b0d-8231-5d07e54557f6,سکرما,roe,,,False,
7c19589a-b176-4b0d-8231-5d07e54557f6,سکرما,growth_score,10.8,12.3,True,
7c19589a-b176-4b0d-8231-5d07e54557f6,سکرما,profitability_score,9.2,9.2,False,
7c19589a-b176-4b0d-8231-5d07e54557f6,سکرما,valuation_score,8.8,8.6,True,
7c19589a-b176-4b0d-8231-5d07e54557f6,سکرما,market_score,4.0,4.0,False,
7c19589a-b176-4b0d-8231-5d07e54557f6,سکرما,data_quality_score,0.8,0.8,False,
7c19589a-b176-4b0d-8231-5d07e54557f6,سکرما,quant_score,26.23,27.24,True,
fa66cac3-823f-4a5a-aff0-1dc0a5b3d0ac,مادیرا,operating_profit_ttm,23735151000000.0,23735151000000.0,False,DIRECT_CANONICAL
fa66cac3-823f-4a5a-aff0-1dc0a5b3d0ac,مادیرا,revenue_ttm,91551802000000.0,91551802000000.0,False,DIRECT_CANONICAL
fa66cac3-823f-4a5a-aff0-1dc0a5b3d0ac,مادیرا,net_profit_ttm,11235394000000.0,11235394000000.0,False,DIRECT_CANONICAL
fa66cac3-823f-4a5a-aff0-1dc0a5b3d0ac,مادیرا,eps_ttm,480.0,480.0,False,DIRECT_CANONICAL
fa66cac3-823f-4a5a-aff0-1dc0a5b3d0ac,مادیرا,operating_cash_flow_ttm,,,False,DIRECT_CANONICAL
fa66cac3-823f-4a5a-aff0-1dc0a5b3d0ac,مادیرا,operating_margin,25.92537829020558,25.92537829020558,False,
fa66cac3-823f-4a5a-aff0-1dc0a5b3d0ac,مادیرا,operating_profit_growth,2373515000.0,2373515000.0,False,
fa66cac3-823f-4a5a-aff0-1dc0a5b3d0ac,مادیرا,net_margin,12.272171333121328,12.272171333121328,False,
fa66cac3-823f-4a5a-aff0-1dc0a5b3d0ac,مادیرا,roe,20.812762964947257,20.812762964947257,False,
fa66cac3-823f-4a5a-aff0-1dc0a5b3d0ac,مادیرا,growth_score,12.5,11.7,True,
fa66cac3-823f-4a5a-aff0-1dc0a5b3d0ac,مادیرا,profitability_score,6.3,6.2,True,
fa66cac3-823f-4a5a-aff0-1dc0a5b3d0ac,مادیرا,valuation_score,13.4,13.2,True,
fa66cac3-823f-4a5a-aff0-1dc0a5b3d0ac,مادیرا,market_score,4.2,4.2,False,
fa66cac3-823f-4a5a-aff0-1dc0a5b3d0ac,مادیرا,data_quality_score,0.8,0.8,False,
fa66cac3-823f-4a5a-aff0-1dc0a5b3d0ac,مادیرا,quant_score,29.07,28.32,True,
9e516f18-8cb3-42ad-ae64-7dc31d3eb4f1,ساروم,operating_profit_ttm,34632250000000.0,34632250000000.0,False,DIRECT_CANONICAL
9e516f18-8cb3-42ad-ae64-7dc31d3eb4f1,ساروم,revenue_ttm,46602475000000.0,46602475000000.0,False,DIRECT_CANONICAL
9e516f18-8cb3-42ad-ae64-7dc31d3eb4f1,ساروم,net_profit_ttm,34335732000000.0,34335732000000.0,False,DIRECT_CANONICAL
9e516f18-8cb3-42ad-ae64-7dc31d3eb4f1,ساروم,eps_ttm,34336.0,34336.0,False,DIRECT_CANONICAL
9e516f18-8cb3-42ad-ae64-7dc31d3eb4f1,ساروم,operating_cash_flow_ttm,,,False,DIRECT_CANONICAL
9e516f18-8cb3-42ad-ae64-7dc31d3eb4f1,ساروم,operating_margin,74.31418610277673,74.31418610277673,False,
9e516f18-8cb3-42ad-ae64-7dc31d3eb4f1,ساروم,operating_profit_growth,,3463224900.0,True,
9e516f18-8cb3-42ad-ae64-7dc31d3eb4f1,ساروم,net_margin,73.67791517510605,73.67791517510605,False,
9e516f18-8cb3-42ad-ae64-7dc31d3eb4f1,ساروم,roe,230.8507672876208,230.8507672876208,False,
9e516f18-8cb3-42ad-ae64-7dc31d3eb4f1,ساروم,growth_score,14.1,15.6,True,
9e516f18-8cb3-42ad-ae64-7dc31d3eb4f1,ساروم,profitability_score,20.6,20.6,False,
9e516f18-8cb3-42ad-ae64-7dc31d3eb4f1,ساروم,valuation_score,11.9,11.7,True,
9e516f18-8cb3-42ad-ae64-7dc31d3eb4f1,ساروم,market_score,4.1,4.1,False,
9e516f18-8cb3-42ad-ae64-7dc31d3eb4f1,ساروم,data_quality_score,1.0,1.0,False,
9e516f18-8cb3-42ad-ae64-7dc31d3eb4f1,ساروم,quant_score,50.68,52.01,True,
7fffdde8-3048-4c8c-b59f-3829436cb25b,حسینا,operating_profit_ttm,,6215712000000.0,True,REPORT_CHAIN_TTM
7fffdde8-3048-4c8c-b59f-3829436cb25b,حسینا,revenue_ttm,,,False,INSUFFICIENT_TTM_PERIODS
7fffdde8-3048-4c8c-b59f-3829436cb25b,حسینا,net_profit_ttm,,,False,INSUFFICIENT_TTM_PERIODS
7fffdde8-3048-4c8c-b59f-3829436cb25b,حسینا,eps_ttm,2458.0,2458.0,False,DIRECT_CANONICAL
7fffdde8-3048-4c8c-b59f-3829436cb25b,حسینا,operating_cash_flow_ttm,,,False,INSUFFICIENT_TTM_PERIODS
7fffdde8-3048-4c8c-b59f-3829436cb25b,حسینا,operating_margin,,,False,
7fffdde8-3048-4c8c-b59f-3829436cb25b,حسینا,operating_profit_growth,,621571100.0,True,
7fffdde8-3048-4c8c-b59f-3829436cb25b,حسینا,net_margin,,,False,
7fffdde8-3048-4c8c-b59f-3829436cb25b,حسینا,roe,,,False,
7fffdde8-3048-4c8c-b59f-3829436cb25b,حسینا,growth_score,6.7,8.2,True,
7fffdde8-3048-4c8c-b59f-3829436cb25b,حسینا,profitability_score,9.2,9.2,False,
7fffdde8-3048-4c8c-b59f-3829436cb25b,حسینا,valuation_score,6.9,6.7,True,
7fffdde8-3048-4c8c-b59f-3829436cb25b,حسینا,market_score,4.6,4.6,False,
7fffdde8-3048-4c8c-b59f-3829436cb25b,حسینا,data_quality_score,1.0,1.0,False,
7fffdde8-3048-4c8c-b59f-3829436cb25b,حسینا,quant_score,27.43,28.69,True,
d6e3cf9a-42c7-4daa-af08-ff4c8e19447e,کخاک,operating_profit_ttm,17917827000000.0,17917827000000.0,False,DIRECT_CANONICAL
d6e3cf9a-42c7-4daa-af08-ff4c8e19447e,کخاک,revenue_ttm,31582610000000.0,31582610000000.0,False,DIRECT_CANONICAL
d6e3cf9a-42c7-4daa-af08-ff4c8e19447e,کخاک,net_profit_ttm,14130932000000.0,14130932000000.0,False,DIRECT_CANONICAL
d6e3cf9a-42c7-4daa-af08-ff4c8e19447e,کخاک,eps_ttm,4038.0,4038.0,False,DIRECT_CANONICAL
d6e3cf9a-42c7-4daa-af08-ff4c8e19447e,کخاک,operating_cash_flow_ttm,,,False,DIRECT_CANONICAL
d6e3cf9a-42c7-4daa-af08-ff4c8e19447e,کخاک,operating_margin,56.73320539372775,56.73320539372775,False,
d6e3cf9a-42c7-4daa-af08-ff4c8e19447e,کخاک,operating_profit_growth,,1791782600.0,True,
d6e3cf9a-42c7-4daa-af08-ff4c8e19447e,کخاک,net_margin,44.74276191866346,44.74276191866346,False,
d6e3cf9a-42c7-4daa-af08-ff4c8e19447e,کخاک,roe,67.41779995924665,67.41779995924665,False,
d6e3cf9a-42c7-4daa-af08-ff4c8e19447e,کخاک,growth_score,15.4,16.9,True,
d6e3cf9a-42c7-4daa-af08-ff4c8e19447e,کخاک,profitability_score,19.0,19.1,True,
d6e3cf9a-42c7-4daa-af08-ff4c8e19447e,کخاک,valuation_score,6.3,6.1,True,
d6e3cf9a-42c7-4daa-af08-ff4c8e19447e,کخاک,market_score,6.2,6.2,False,
d6e3cf9a-42c7-4daa-af08-ff4c8e19447e,کخاک,data_quality_score,1.0,1.0,False,
d6e3cf9a-42c7-4daa-af08-ff4c8e19447e,کخاک,quant_score,46.94,48.33,True,
6b9fc3a5-da42-435a-8a04-352cf694f664,غفارس,operating_profit_ttm,4754750000000.0,4754750000000.0,False,DIRECT_CANONICAL
6b9fc3a5-da42-435a-8a04-352cf694f664,غفارس,revenue_ttm,71614764000000.0,71614764000000.0,False,DIRECT_CANONICAL
6b9fc3a5-da42-435a-8a04-352cf694f664,غفارس,net_profit_ttm,3458120000000.0,3458120000000.0,False,DIRECT_CANONICAL
6b9fc3a5-da42-435a-8a04-352cf694f664,غفارس,eps_ttm,2029.0,2029.0,False,DIRECT_CANONICAL
6b9fc3a5-da42-435a-8a04-352cf694f664,غفارس,operating_cash_flow_ttm,,,False,DIRECT_CANONICAL
6b9fc3a5-da42-435a-8a04-352cf694f664,غفارس,operating_margin,6.639343250506278,6.639343250506278,False,
6b9fc3a5-da42-435a-8a04-352cf694f664,غفارس,operating_profit_growth,,,False,
6b9fc3a5-da42-435a-8a04-352cf694f664,غفارس,net_margin,4.828780836309116,4.828780836309116,False,
6b9fc3a5-da42-435a-8a04-352cf694f664,غفارس,roe,41.5619241565674,41.5619241565674,False,
6b9fc3a5-da42-435a-8a04-352cf694f664,غفارس,growth_score,16.9,16.9,False,
6b9fc3a5-da42-435a-8a04-352cf694f664,غفارس,profitability_score,8.0,8.1,True,
6b9fc3a5-da42-435a-8a04-352cf694f664,غفارس,valuation_score,7.5,7.3,True,
6b9fc3a5-da42-435a-8a04-352cf694f664,غفارس,market_score,3.6,3.6,False,
6b9fc3a5-da42-435a-8a04-352cf694f664,غفارس,data_quality_score,1.0,1.0,False,
6b9fc3a5-da42-435a-8a04-352cf694f664,غفارس,quant_score,36.02,35.92,True,
b40aa6f8-b558-4c02-95de-ade347229183,شاملا,operating_profit_ttm,,11999044000000.0,True,REPORT_CHAIN_TTM
b40aa6f8-b558-4c02-95de-ade347229183,شاملا,revenue_ttm,,,False,INSUFFICIENT_TTM_PERIODS
b40aa6f8-b558-4c02-95de-ade347229183,شاملا,net_profit_ttm,,,False,INSUFFICIENT_TTM_PERIODS
b40aa6f8-b558-4c02-95de-ade347229183,شاملا,eps_ttm,4322.0,4322.0,False,DIRECT_CANONICAL
b40aa6f8-b558-4c02-95de-ade347229183,شاملا,operating_cash_flow_ttm,,,False,INSUFFICIENT_TTM_PERIODS
b40aa6f8-b558-4c02-95de-ade347229183,شاملا,operating_margin,,,False,
b40aa6f8-b558-4c02-95de-ade347229183,شاملا,operating_profit_growth,,1199904300.0,True,
b40aa6f8-b558-4c02-95de-ade347229183,شاملا,net_margin,,,False,
b40aa6f8-b558-4c02-95de-ade347229183,شاملا,roe,,,False,
b40aa6f8-b558-4c02-95de-ade347229183,شاملا,growth_score,15.7,17.2,True,
b40aa6f8-b558-4c02-95de-ade347229183,شاملا,profitability_score,9.2,9.2,False,
b40aa6f8-b558-4c02-95de-ade347229183,شاملا,valuation_score,4.8,4.6,True,
b40aa6f8-b558-4c02-95de-ade347229183,شاملا,market_score,4.7,4.7,False,
b40aa6f8-b558-4c02-95de-ade347229183,شاملا,data_quality_score,1.0,1.0,False,
b40aa6f8-b558-4c02-95de-ade347229183,شاملا,quant_score,34.4,35.66,True,
0cf3d6d6-8fb6-4437-85cf-0da787fd7990,غبهنوش,operating_profit_ttm,,15447806000000.0,True,REPORT_CHAIN_TTM
0cf3d6d6-8fb6-4437-85cf-0da787fd7990,غبهنوش,revenue_ttm,,,False,INSUFFICIENT_TTM_PERIODS
0cf3d6d6-8fb6-4437-85cf-0da787fd7990,غبهنوش,net_profit_ttm,,,False,INSUFFICIENT_TTM_PERIODS
0cf3d6d6-8fb6-4437-85cf-0da787fd7990,غبهنوش,eps_ttm,7032.0,7032.0,False,DIRECT_CANONICAL
0cf3d6d6-8fb6-4437-85cf-0da787fd7990,غبهنوش,operating_cash_flow_ttm,,,False,INSUFFICIENT_TTM_PERIODS
0cf3d6d6-8fb6-4437-85cf-0da787fd7990,غبهنوش,operating_margin,,,False,
0cf3d6d6-8fb6-4437-85cf-0da787fd7990,غبهنوش,operating_profit_growth,,1544780500.0,True,
0cf3d6d6-8fb6-4437-85cf-0da787fd7990,غبهنوش,net_margin,,,False,
0cf3d6d6-8fb6-4437-85cf-0da787fd7990,غبهنوش,roe,,,False,
0cf3d6d6-8fb6-4437-85cf-0da787fd7990,غبهنوش,growth_score,10.8,12.3,True,
0cf3d6d6-8fb6-4437-85cf-0da787fd7990,غبهنوش,profitability_score,9.2,9.2,False,
0cf3d6d6-8fb6-4437-85cf-0da787fd7990,غبهنوش,valuation_score,3.6,3.4,True,
0cf3d6d6-8fb6-4437-85cf-0da787fd7990,غبهنوش,market_score,2.8,2.8,False,
0cf3d6d6-8fb6-4437-85cf-0da787fd7990,غبهنوش,data_quality_score,0.8,0.8,False,
0cf3d6d6-8fb6-4437-85cf-0da787fd7990,غبهنوش,quant_score,21.14,22.14,True,
31bf977a-27fb-4fad-8073-d412c5cc480b,خمهر,operating_profit_ttm,,133264000000.0,True,REPORT_CHAIN_TTM
31bf977a-27fb-4fad-8073-d412c5cc480b,خمهر,revenue_ttm,,,False,INSUFFICIENT_TTM_PERIODS
31bf977a-27fb-4fad-8073-d412c5cc480b,خمهر,net_profit_ttm,,,False,INSUFFICIENT_TTM_PERIODS
31bf977a-27fb-4fad-8073-d412c5cc480b,خمهر,eps_ttm,105.0,105.0,False,DIRECT_CANONICAL
31bf977a-27fb-4fad-8073-d412c5cc480b,خمهر,operating_cash_flow_ttm,,,False,INSUFFICIENT_TTM_PERIODS
31bf977a-27fb-4fad-8073-d412c5cc480b,خمهر,operating_margin,,,False,
31bf977a-27fb-4fad-8073-d412c5cc480b,خمهر,operating_profit_growth,,12270.228310502283,True,
31bf977a-27fb-4fad-8073-d412c5cc480b,خمهر,net_margin,,,False,
31bf977a-27fb-4fad-8073-d412c5cc480b,خمهر,roe,,,False,
31bf977a-27fb-4fad-8073-d412c5cc480b,خمهر,growth_score,10.8,12.3,True,
31bf977a-27fb-4fad-8073-d412c5cc480b,خمهر,profitability_score,9.2,9.2,False,
31bf977a-27fb-4fad-8073-d412c5cc480b,خمهر,valuation_score,1.8,1.6,True,
31bf977a-27fb-4fad-8073-d412c5cc480b,خمهر,market_score,5.1,5.1,False,
31bf977a-27fb-4fad-8073-d412c5cc480b,خمهر,data_quality_score,0.8,0.8,False,
31bf977a-27fb-4fad-8073-d412c5cc480b,خمهر,quant_score,21.48,22.49,True,
df3e0915-7242-485c-aa90-4426dc693b34,خنصیر,operating_profit_ttm,,2255751000000.0,True,REPORT_CHAIN_TTM
df3e0915-7242-485c-aa90-4426dc693b34,خنصیر,revenue_ttm,,,False,INSUFFICIENT_TTM_PERIODS
df3e0915-7242-485c-aa90-4426dc693b34,خنصیر,net_profit_ttm,,,False,INSUFFICIENT_TTM_PERIODS
df3e0915-7242-485c-aa90-4426dc693b34,خنصیر,eps_ttm,484.0,484.0,False,DIRECT_CANONICAL
df3e0915-7242-485c-aa90-4426dc693b34,خنصیر,operating_cash_flow_ttm,,,False,INSUFFICIENT_TTM_PERIODS
df3e0915-7242-485c-aa90-4426dc693b34,خنصیر,operating_margin,,,False,
df3e0915-7242-485c-aa90-4426dc693b34,خنصیر,operating_profit_growth,,225575000.0,True,
df3e0915-7242-485c-aa90-4426dc693b34,خنصیر,net_margin,,,False,
df3e0915-7242-485c-aa90-4426dc693b34,خنصیر,roe,,,False,
df3e0915-7242-485c-aa90-4426dc693b34,خنصیر,growth_score,7.3,8.8,True,
df3e0915-7242-485c-aa90-4426dc693b34,خنصیر,profitability_score,9.2,9.2,False,
df3e0915-7242-485c-aa90-4426dc693b34,خنصیر,valuation_score,5.4,5.2,True,
df3e0915-7242-485c-aa90-4426dc693b34,خنصیر,market_score,3.3,3.3,False,
df3e0915-7242-485c-aa90-4426dc693b34,خنصیر,data_quality_score,1.0,1.0,False,
df3e0915-7242-485c-aa90-4426dc693b34,خنصیر,quant_score,25.2,26.46,True,
bf89b630-3cb0-472f-866e-b0de8762374f,کچاد,operating_profit_ttm,,139452402000000.0,True,REPORT_CHAIN_TTM
bf89b630-3cb0-472f-866e-b0de8762374f,کچاد,revenue_ttm,,,False,INSUFFICIENT_TTM_PERIODS
bf89b630-3cb0-472f-866e-b0de8762374f,کچاد,net_profit_ttm,,,False,INSUFFICIENT_TTM_PERIODS
bf89b630-3cb0-472f-866e-b0de8762374f,کچاد,eps_ttm,320.0,320.0,False,DIRECT_CANONICAL
bf89b630-3cb0-472f-866e-b0de8762374f,کچاد,operating_cash_flow_ttm,,,False,INSUFFICIENT_TTM_PERIODS
bf89b630-3cb0-472f-866e-b0de8762374f,کچاد,operating_margin,,,False,
bf89b630-3cb0-472f-866e-b0de8762374f,کچاد,operating_profit_growth,,13945240100.0,True,
bf89b630-3cb0-472f-866e-b0de8762374f,کچاد,net_margin,,,False,
bf89b630-3cb0-472f-866e-b0de8762374f,کچاد,roe,,,False,
bf89b630-3cb0-472f-866e-b0de8762374f,کچاد,growth_score,10.3,11.8,True,
bf89b630-3cb0-472f-866e-b0de8762374f,کچاد,profitability_score,9.2,9.2,False,
bf89b630-3cb0-472f-866e-b0de8762374f,کچاد,valuation_score,5.3,5.1,True,
bf89b630-3cb0-472f-866e-b0de8762374f,کچاد,market_score,6.0,6.0,False,
bf89b630-3cb0-472f-866e-b0de8762374f,کچاد,data_quality_score,1.0,1.0,False,
bf89b630-3cb0-472f-866e-b0de8762374f,کچاد,quant_score,30.85,32.11,True,
e2ac90c5-4667-4e98-b30b-234e32769134,کلر,operating_profit_ttm,13218166000000.0,13218166000000.0,False,DIRECT_CANONICAL
e2ac90c5-4667-4e98-b30b-234e32769134,کلر,revenue_ttm,20250330000000.0,20250330000000.0,False,DIRECT_CANONICAL
e2ac90c5-4667-4e98-b30b-234e32769134,کلر,net_profit_ttm,11076070000000.0,11076070000000.0,False,DIRECT_CANONICAL
e2ac90c5-4667-4e98-b30b-234e32769134,کلر,eps_ttm,1504.0,1504.0,False,DIRECT_CANONICAL
e2ac90c5-4667-4e98-b30b-234e32769134,کلر,operating_cash_flow_ttm,,,False,DIRECT_CANONICAL
e2ac90c5-4667-4e98-b30b-234e32769134,کلر,operating_margin,65.27383010548469,65.27383010548469,False,
e2ac90c5-4667-4e98-b30b-234e32769134,کلر,operating_profit_growth,,1321816500.0,True,
e2ac90c5-4667-4e98-b30b-234e32769134,کلر,net_margin,54.69575063715011,54.69575063715011,False,
e2ac90c5-4667-4e98-b30b-234e32769134,کلر,roe,50.580881862694504,50.580881862694504,False,
e2ac90c5-4667-4e98-b30b-234e32769134,کلر,growth_score,15.7,17.2,True,
e2ac90c5-4667-4e98-b30b-234e32769134,کلر,profitability_score,17.1,17.2,True,
e2ac90c5-4667-4e98-b30b-234e32769134,کلر,valuation_score,11.0,10.8,True,
e2ac90c5-4667-4e98-b30b-234e32769134,کلر,market_score,5.9,5.9,False,
e2ac90c5-4667-4e98-b30b-234e32769134,کلر,data_quality_score,1.0,1.0,False,
e2ac90c5-4667-4e98-b30b-234e32769134,کلر,quant_score,49.66,51.06,True,
f3d108c0-7d0f-49e9-8a5a-399615e22396,دفرا,operating_profit_ttm,27218931000000.0,27218931000000.0,False,DIRECT_CANONICAL
f3d108c0-7d0f-49e9-8a5a-399615e22396,دفرا,revenue_ttm,37498339000000.0,37498339000000.0,False,DIRECT_CANONICAL
f3d108c0-7d0f-49e9-8a5a-399615e22396,دفرا,net_profit_ttm,23472925000000.0,23472925000000.0,False,DIRECT_CANONICAL
f3d108c0-7d0f-49e9-8a5a-399615e22396,دفرا,eps_ttm,3353.0,3353.0,False,DIRECT_CANONICAL
f3d108c0-7d0f-49e9-8a5a-399615e22396,دفرا,operating_cash_flow_ttm,,,False,DIRECT_CANONICAL
f3d108c0-7d0f-49e9-8a5a-399615e22396,دفرا,operating_margin,72.58703112156515,72.58703112156515,False,
f3d108c0-7d0f-49e9-8a5a-399615e22396,دفرا,operating_profit_growth,,2721893000.0,True,
f3d108c0-7d0f-49e9-8a5a-399615e22396,دفرا,net_margin,62.597239307053044,62.597239307053044,False,
f3d108c0-7d0f-49e9-8a5a-399615e22396,دفرا,roe,69.23842328565848,69.23842328565848,False,
f3d108c0-7d0f-49e9-8a5a-399615e22396,دفرا,growth_score,18.5,20.0,True,
f3d108c0-7d0f-49e9-8a5a-399615e22396,دفرا,profitability_score,18.2,18.3,True,
f3d108c0-7d0f-49e9-8a5a-399615e22396,دفرا,valuation_score,6.6,6.4,True,
f3d108c0-7d0f-49e9-8a5a-399615e22396,دفرا,market_score,5.7,5.7,False,
f3d108c0-7d0f-49e9-8a5a-399615e22396,دفرا,data_quality_score,1.0,1.0,False,
f3d108c0-7d0f-49e9-8a5a-399615e22396,دفرا,quant_score,49.0,50.27,True,
c5a432d6-bd29-4dbf-b63b-64ab36c80baf,غپینو,operating_profit_ttm,35485760000000.0,35485760000000.0,False,DIRECT_CANONICAL
c5a432d6-bd29-4dbf-b63b-64ab36c80baf,غپینو,revenue_ttm,77454003000000.0,77454003000000.0,False,DIRECT_CANONICAL
c5a432d6-bd29-4dbf-b63b-64ab36c80baf,غپینو,net_profit_ttm,30290477000000.0,30290477000000.0,False,DIRECT_CANONICAL
c5a432d6-bd29-4dbf-b63b-64ab36c80baf,غپینو,eps_ttm,275.0,275.0,False,DIRECT_CANONICAL
c5a432d6-bd29-4dbf-b63b-64ab36c80baf,غپینو,operating_cash_flow_ttm,,,False,DIRECT_CANONICAL
c5a432d6-bd29-4dbf-b63b-64ab36c80baf,غپینو,operating_margin,45.81526922501345,45.81526922501345,False,
c5a432d6-bd29-4dbf-b63b-64ab36c80baf,غپینو,operating_profit_growth,167.6812967310164,167.6812967310164,False,
c5a432d6-bd29-4dbf-b63b-64ab36c80baf,غپینو,net_margin,39.10769724839141,39.10769724839141,False,
c5a432d6-bd29-4dbf-b63b-64ab36c80baf,غپینو,roe,21.87843082015492,21.87843082015492,False,
c5a432d6-bd29-4dbf-b63b-64ab36c80baf,غپینو,growth_score,17.0,15.8,True,
c5a432d6-bd29-4dbf-b63b-64ab36c80baf,غپینو,profitability_score,13.9,14.0,True,
c5a432d6-bd29-4dbf-b63b-64ab36c80baf,غپینو,valuation_score,11.7,11.5,True,
c5a432d6-bd29-4dbf-b63b-64ab36c80baf,غپینو,market_score,7.2,7.2,False,
c5a432d6-bd29-4dbf-b63b-64ab36c80baf,غپینو,data_quality_score,1.0,1.0,False,
c5a432d6-bd29-4dbf-b63b-64ab36c80baf,غپینو,quant_score,49.83,48.59,True,
0a8e4fe4-bcd4-4ae5-b6c1-044553a86517,نوری,operating_profit_ttm,505207482000000.0,505207482000000.0,False,DIRECT_CANONICAL
0a8e4fe4-bcd4-4ae5-b6c1-044553a86517,نوری,revenue_ttm,2409859987000000.0,2409859987000000.0,False,DIRECT_CANONICAL
0a8e4fe4-bcd4-4ae5-b6c1-044553a86517,نوری,net_profit_ttm,359451651000000.0,359451651000000.0,False,DIRECT_CANONICAL
0a8e4fe4-bcd4-4ae5-b6c1-044553a86517,نوری,eps_ttm,5991.0,5991.0,False,DIRECT_CANONICAL
0a8e4fe4-bcd4-4ae5-b6c1-044553a86517,نوری,operating_cash_flow_ttm,,,False,DIRECT_CANONICAL
0a8e4fe4-bcd4-4ae5-b6c1-044553a86517,نوری,operating_margin,20.964184007591474,20.964184007591474,False,
0a8e4fe4-bcd4-4ae5-b6c1-044553a86517,نوری,operating_profit_growth,,50520748100.0,True,
0a8e4fe4-bcd4-4ae5-b6c1-044553a86517,نوری,net_margin,14.915872828258218,14.915872828258218,False,
0a8e4fe4-bcd4-4ae5-b6c1-044553a86517,نوری,roe,65.78556092761266,65.78556092761266,False,
0a8e4fe4-bcd4-4ae5-b6c1-044553a86517,نوری,growth_score,6.2,7.7,True,
0a8e4fe4-bcd4-4ae5-b6c1-044553a86517,نوری,profitability_score,12.7,12.9,True,
0a8e4fe4-bcd4-4ae5-b6c1-044553a86517,نوری,valuation_score,10.0,9.7,True,
0a8e4fe4-bcd4-4ae5-b6c1-044553a86517,نوری,market_score,4.3,4.3,False,
0a8e4fe4-bcd4-4ae5-b6c1-044553a86517,نوری,data_quality_score,1.0,1.0,False,
0a8e4fe4-bcd4-4ae5-b6c1-044553a86517,نوری,quant_score,33.21,34.69,True,
d3e54010-744b-4177-966a-8b5706b07309,تایرا,operating_profit_ttm,,73614712000000.0,True,REPORT_CHAIN_TTM
d3e54010-744b-4177-966a-8b5706b07309,تایرا,revenue_ttm,,,False,INSUFFICIENT_TTM_PERIODS
d3e54010-744b-4177-966a-8b5706b07309,تایرا,net_profit_ttm,,,False,INSUFFICIENT_TTM_PERIODS
d3e54010-744b-4177-966a-8b5706b07309,تایرا,eps_ttm,1031.0,1031.0,False,DIRECT_CANONICAL
d3e54010-744b-4177-966a-8b5706b07309,تایرا,operating_cash_flow_ttm,,,False,INSUFFICIENT_TTM_PERIODS
d3e54010-744b-4177-966a-8b5706b07309,تایرا,operating_margin,,,False,
d3e54010-744b-4177-966a-8b5706b07309,تایرا,operating_profit_growth,,7361471100.0,True,
d3e54010-744b-4177-966a-8b5706b07309,تایرا,net_margin,,,False,
d3e54010-744b-4177-966a-8b5706b07309,تایرا,roe,,,False,
d3e54010-744b-4177-966a-8b5706b07309,تایرا,growth_score,7.6,9.0,True,
d3e54010-744b-4177-966a-8b5706b07309,تایرا,profitability_score,9.2,9.2,False,
d3e54010-744b-4177-966a-8b5706b07309,تایرا,valuation_score,10.6,10.6,False,
d3e54010-744b-4177-966a-8b5706b07309,تایرا,market_score,5.1,5.1,False,
d3e54010-744b-4177-966a-8b5706b07309,تایرا,data_quality_score,1.0,1.0,False,
d3e54010-744b-4177-966a-8b5706b07309,تایرا,quant_score,32.48,33.9,True,
81be5f6f-f8d3-4c01-9ef5-ec28582a00d5,کنور,operating_profit_ttm,,14860179000000.0,True,REPORT_CHAIN_TTM
81be5f6f-f8d3-4c01-9ef5-ec28582a00d5,کنور,revenue_ttm,,,False,INSUFFICIENT_TTM_PERIODS
81be5f6f-f8d3-4c01-9ef5-ec28582a00d5,کنور,net_profit_ttm,,,False,INSUFFICIENT_TTM_PERIODS
81be5f6f-f8d3-4c01-9ef5-ec28582a00d5,کنور,eps_ttm,631.0,631.0,False,DIRECT_CANONICAL
81be5f6f-f8d3-4c01-9ef5-ec28582a00d5,کنور,operating_cash_flow_ttm,,,False,INSUFFICIENT_TTM_PERIODS
81be5f6f-f8d3-4c01-9ef5-ec28582a00d5,کنور,operating_margin,,,False,
81be5f6f-f8d3-4c01-9ef5-ec28582a00d5,کنور,operating_profit_growth,,1486017800.0,True,
81be5f6f-f8d3-4c01-9ef5-ec28582a00d5,کنور,net_margin,,,False,
81be5f6f-f8d3-4c01-9ef5-ec28582a00d5,کنور,roe,,,False,
81be5f6f-f8d3-4c01-9ef5-ec28582a00d5,کنور,growth_score,9.8,11.3,True,
81be5f6f-f8d3-4c01-9ef5-ec28582a00d5,کنور,profitability_score,9.2,9.2,False,
81be5f6f-f8d3-4c01-9ef5-ec28582a00d5,کنور,valuation_score,4.5,4.3,True,
81be5f6f-f8d3-4c01-9ef5-ec28582a00d5,کنور,market_score,5.5,5.5,False,
81be5f6f-f8d3-4c01-9ef5-ec28582a00d5,کنور,data_quality_score,1.0,1.0,False,
81be5f6f-f8d3-4c01-9ef5-ec28582a00d5,کنور,quant_score,28.93,30.19,True,
c085edd6-8ca4-413a-81db-600e5b32db7f,شپدیس,operating_profit_ttm,444316912000000.0,444316912000000.0,False,DIRECT_CANONICAL
c085edd6-8ca4-413a-81db-600e5b32db7f,شپدیس,revenue_ttm,877772188000000.0,877772188000000.0,False,DIRECT_CANONICAL
c085edd6-8ca4-413a-81db-600e5b32db7f,شپدیس,net_profit_ttm,438772604000000.0,438772604000000.0,False,DIRECT_CANONICAL
c085edd6-8ca4-413a-81db-600e5b32db7f,شپدیس,eps_ttm,24160.0,24160.0,False,DIRECT_CANONICAL
c085edd6-8ca4-413a-81db-600e5b32db7f,شپدیس,operating_cash_flow_ttm,,,False,DIRECT_CANONICAL
c085edd6-8ca4-413a-81db-600e5b32db7f,شپدیس,operating_margin,50.61870472478447,50.61870472478447,False,
c085edd6-8ca4-413a-81db-600e5b32db7f,شپدیس,operating_profit_growth,,44431691100.0,True,
c085edd6-8ca4-413a-81db-600e5b32db7f,شپدیس,net_margin,49.987070677158435,49.987070677158435,False,
c085edd6-8ca4-413a-81db-600e5b32db7f,شپدیس,roe,78.9866315635936,78.9866315635936,False,
c085edd6-8ca4-413a-81db-600e5b32db7f,شپدیس,growth_score,10.8,12.3,True,
c085edd6-8ca4-413a-81db-600e5b32db7f,شپدیس,profitability_score,16.6,16.6,False,
c085edd6-8ca4-413a-81db-600e5b32db7f,شپدیس,valuation_score,16.0,16.0,False,
c085edd6-8ca4-413a-81db-600e5b32db7f,شپدیس,market_score,6.8,6.8,False,
c085edd6-8ca4-413a-81db-600e5b32db7f,شپدیس,data_quality_score,1.0,1.0,False,
c085edd6-8ca4-413a-81db-600e5b32db7f,شپدیس,quant_score,50.16,51.65,True,
e41e3018-f79e-489c-be02-733b51352eef,فاراک,operating_profit_ttm,,31814692000000.0,True,REPORT_CHAIN_TTM
e41e3018-f79e-489c-be02-733b51352eef,فاراک,revenue_ttm,,,False,INSUFFICIENT_TTM_PERIODS
e41e3018-f79e-489c-be02-733b51352eef,فاراک,net_profit_ttm,,,False,INSUFFICIENT_TTM_PERIODS
e41e3018-f79e-489c-be02-733b51352eef,فاراک,eps_ttm,607.0,607.0,False,DIRECT_CANONICAL
e41e3018-f79e-489c-be02-733b51352eef,فاراک,operating_cash_flow_ttm,,,False,INSUFFICIENT_TTM_PERIODS
e41e3018-f79e-489c-be02-733b51352eef,فاراک,operating_margin,,,False,
e41e3018-f79e-489c-be02-733b51352eef,فاراک,operating_profit_growth,,3181469100.0,True,
e41e3018-f79e-489c-be02-733b51352eef,فاراک,net_margin,,,False,
e41e3018-f79e-489c-be02-733b51352eef,فاراک,roe,,,False,
e41e3018-f79e-489c-be02-733b51352eef,فاراک,growth_score,8.3,9.8,True,
e41e3018-f79e-489c-be02-733b51352eef,فاراک,profitability_score,9.2,9.2,False,
e41e3018-f79e-489c-be02-733b51352eef,فاراک,valuation_score,9.7,9.6,True,
e41e3018-f79e-489c-be02-733b51352eef,فاراک,market_score,5.5,5.5,False,
e41e3018-f79e-489c-be02-733b51352eef,فاراک,data_quality_score,1.0,1.0,False,
e41e3018-f79e-489c-be02-733b51352eef,فاراک,quant_score,32.73,34.08,True,
4e01fb83-fe97-45fe-8977-7d755faa519e,ثتران,operating_profit_ttm,,-1450463000000.0,True,REPORT_CHAIN_TTM
4e01fb83-fe97-45fe-8977-7d755faa519e,ثتران,revenue_ttm,,,False,INSUFFICIENT_TTM_PERIODS
4e01fb83-fe97-45fe-8977-7d755faa519e,ثتران,net_profit_ttm,,,False,INSUFFICIENT_TTM_PERIODS
4e01fb83-fe97-45fe-8977-7d755faa519e,ثتران,eps_ttm,-421.0,-421.0,False,DIRECT_CANONICAL
4e01fb83-fe97-45fe-8977-7d755faa519e,ثتران,operating_cash_flow_ttm,,,False,INSUFFICIENT_TTM_PERIODS
4e01fb83-fe97-45fe-8977-7d755faa519e,ثتران,operating_margin,,,False,
4e01fb83-fe97-45fe-8977-7d755faa519e,ثتران,operating_profit_growth,,-145046400.0,True,
4e01fb83-fe97-45fe-8977-7d755faa519e,ثتران,net_margin,,,False,
4e01fb83-fe97-45fe-8977-7d755faa519e,ثتران,roe,,,False,
4e01fb83-fe97-45fe-8977-7d755faa519e,ثتران,growth_score,10.8,4.4,True,
4e01fb83-fe97-45fe-8977-7d755faa519e,ثتران,profitability_score,9.2,9.2,False,
4e01fb83-fe97-45fe-8977-7d755faa519e,ثتران,valuation_score,0.0,0.0,False,
4e01fb83-fe97-45fe-8977-7d755faa519e,ثتران,market_score,3.2,3.2,False,
4e01fb83-fe97-45fe-8977-7d755faa519e,ثتران,data_quality_score,0.8,0.8,False,
4e01fb83-fe97-45fe-8977-7d755faa519e,ثتران,quant_score,18.59,13.46,True,
4fc440bf-7dbc-4c28-a1be-a45cd1ba0652,شغدیر,operating_profit_ttm,14666062000000.0,14666062000000.0,False,DIRECT_CANONICAL
4fc440bf-7dbc-4c28-a1be-a45cd1ba0652,شغدیر,revenue_ttm,95869596000000.0,95869596000000.0,False,DIRECT_CANONICAL
4fc440bf-7dbc-4c28-a1be-a45cd1ba0652,شغدیر,net_profit_ttm,15954827000000.0,15954827000000.0,False,DIRECT_CANONICAL
4fc440bf-7dbc-4c28-a1be-a45cd1ba0652,شغدیر,eps_ttm,12273.0,12273.0,False,DIRECT_CANONICAL
4fc440bf-7dbc-4c28-a1be-a45cd1ba0652,شغدیر,operating_cash_flow_ttm,,,False,DIRECT_CANONICAL
4fc440bf-7dbc-4c28-a1be-a45cd1ba0652,شغدیر,operating_margin,15.297928239939596,15.297928239939596,False,
4fc440bf-7dbc-4c28-a1be-a45cd1ba0652,شغدیر,operating_profit_growth,,1466606100.0,True,
4fc440bf-7dbc-4c28-a1be-a45cd1ba0652,شغدیر,net_margin,16.64221783097949,16.64221783097949,False,
4fc440bf-7dbc-4c28-a1be-a45cd1ba0652,شغدیر,roe,79.72448657598481,79.72448657598481,False,
4fc440bf-7dbc-4c28-a1be-a45cd1ba0652,شغدیر,growth_score,13.7,15.1,True,
4fc440bf-7dbc-4c28-a1be-a45cd1ba0652,شغدیر,profitability_score,14.1,14.2,True,
4fc440bf-7dbc-4c28-a1be-a45cd1ba0652,شغدیر,valuation_score,12.5,12.3,True,
4fc440bf-7dbc-4c28-a1be-a45cd1ba0652,شغدیر,market_score,4.5,4.5,False,
4fc440bf-7dbc-4c28-a1be-a45cd1ba0652,شغدیر,data_quality_score,1.0,1.0,False,
4fc440bf-7dbc-4c28-a1be-a45cd1ba0652,شغدیر,quant_score,44.73,46.09,True,
229203d2-ce92-492e-8384-a6faaf6d0e20,بموتو,operating_profit_ttm,11423488000000.0,11423488000000.0,False,DIRECT_CANONICAL
229203d2-ce92-492e-8384-a6faaf6d0e20,بموتو,revenue_ttm,,,False,INSUFFICIENT_TTM_PERIODS
229203d2-ce92-492e-8384-a6faaf6d0e20,بموتو,net_profit_ttm,,,False,INSUFFICIENT_TTM_PERIODS
229203d2-ce92-492e-8384-a6faaf6d0e20,بموتو,eps_ttm,311.0,311.0,False,DIRECT_CANONICAL
229203d2-ce92-492e-8384-a6faaf6d0e20,بموتو,operating_cash_flow_ttm,,,False,INSUFFICIENT_TTM_PERIODS
229203d2-ce92-492e-8384-a6faaf6d0e20,بموتو,operating_margin,,,False,
229203d2-ce92-492e-8384-a6faaf6d0e20,بموتو,operating_profit_growth,1142348700.0,1142348700.0,False,
229203d2-ce92-492e-8384-a6faaf6d0e20,بموتو,net_margin,,,False,
229203d2-ce92-492e-8384-a6faaf6d0e20,بموتو,roe,,,False,
229203d2-ce92-492e-8384-a6faaf6d0e20,بموتو,growth_score,10.0,9.3,True,
229203d2-ce92-492e-8384-a6faaf6d0e20,بموتو,profitability_score,9.2,9.2,False,
229203d2-ce92-492e-8384-a6faaf6d0e20,بموتو,valuation_score,4.0,3.8,True,
229203d2-ce92-492e-8384-a6faaf6d0e20,بموتو,market_score,4.3,4.3,False,
229203d2-ce92-492e-8384-a6faaf6d0e20,بموتو,data_quality_score,1.0,1.0,False,
229203d2-ce92-492e-8384-a6faaf6d0e20,بموتو,quant_score,27.53,26.6,True,
1ad4dba3-cef4-43f1-bbea-89212ba23e46,وپست,operating_profit_ttm,,23895039000000.0,True,REPORT_CHAIN_TTM
1ad4dba3-cef4-43f1-bbea-89212ba23e46,وپست,revenue_ttm,,,False,INSUFFICIENT_TTM_PERIODS
1ad4dba3-cef4-43f1-bbea-89212ba23e46,وپست,net_profit_ttm,,,False,INSUFFICIENT_TTM_PERIODS
1ad4dba3-cef4-43f1-bbea-89212ba23e46,وپست,eps_ttm,,48.0,True,REPORT_CHAIN_TTM
1ad4dba3-cef4-43f1-bbea-89212ba23e46,وپست,operating_cash_flow_ttm,,,False,INSUFFICIENT_TTM_PERIODS
1ad4dba3-cef4-43f1-bbea-89212ba23e46,وپست,operating_margin,,,False,
1ad4dba3-cef4-43f1-bbea-89212ba23e46,وپست,operating_profit_growth,,2389503800.0,True,
1ad4dba3-cef4-43f1-bbea-89212ba23e46,وپست,net_margin,,,False,
1ad4dba3-cef4-43f1-bbea-89212ba23e46,وپست,roe,,,False,
1ad4dba3-cef4-43f1-bbea-89212ba23e46,وپست,growth_score,10.8,12.3,True,
1ad4dba3-cef4-43f1-bbea-89212ba23e46,وپست,profitability_score,9.2,9.2,False,
1ad4dba3-cef4-43f1-bbea-89212ba23e46,وپست,valuation_score,0.0,0.0,False,
1ad4dba3-cef4-43f1-bbea-89212ba23e46,وپست,market_score,5.4,5.4,False,
1ad4dba3-cef4-43f1-bbea-89212ba23e46,وپست,data_quality_score,0.8,0.8,False,
1ad4dba3-cef4-43f1-bbea-89212ba23e46,وپست,quant_score,20.34,21.52,True,
2c4b50f6-a864-4d15-ba36-58d19b29f8b9,درازک,operating_profit_ttm,,10402582000000.0,True,REPORT_CHAIN_TTM
2c4b50f6-a864-4d15-ba36-58d19b29f8b9,درازک,revenue_ttm,,,False,MISSING_PRIOR_ANNUAL
2c4b50f6-a864-4d15-ba36-58d19b29f8b9,درازک,net_profit_ttm,,,False,INSUFFICIENT_TTM_PERIODS
2c4b50f6-a864-4d15-ba36-58d19b29f8b9,درازک,eps_ttm,453.0,453.0,False,DIRECT_CANONICAL
2c4b50f6-a864-4d15-ba36-58d19b29f8b9,درازک,operating_cash_flow_ttm,,,False,INSUFFICIENT_TTM_PERIODS
2c4b50f6-a864-4d15-ba36-58d19b29f8b9,درازک,operating_margin,,,False,
2c4b50f6-a864-4d15-ba36-58d19b29f8b9,درازک,operating_profit_growth,,1040258100.0,True,
2c4b50f6-a864-4d15-ba36-58d19b29f8b9,درازک,net_margin,,,False,
2c4b50f6-a864-4d15-ba36-58d19b29f8b9,درازک,roe,,,False,
2c4b50f6-a864-4d15-ba36-58d19b29f8b9,درازک,growth_score,20.4,21.9,True,
2c4b50f6-a864-4d15-ba36-58d19b29f8b9,درازک,profitability_score,9.2,8.6,True,
2c4b50f6-a864-4d15-ba36-58d19b29f8b9,درازک,valuation_score,4.2,4.0,True,
2c4b50f6-a864-4d15-ba36-58d19b29f8b9,درازک,market_score,4.5,4.5,False,
2c4b50f6-a864-4d15-ba36-58d19b29f8b9,درازک,data_quality_score,1.0,1.0,False,
2c4b50f6-a864-4d15-ba36-58d19b29f8b9,درازک,quant_score,38.32,38.96,True,
10afeffc-ef6d-4556-a912-7118b41ca443,حتوکا,operating_profit_ttm,,173703000000.0,True,REPORT_CHAIN_TTM
10afeffc-ef6d-4556-a912-7118b41ca443,حتوکا,revenue_ttm,,,False,INSUFFICIENT_TTM_PERIODS
10afeffc-ef6d-4556-a912-7118b41ca443,حتوکا,net_profit_ttm,,,False,INSUFFICIENT_TTM_PERIODS
10afeffc-ef6d-4556-a912-7118b41ca443,حتوکا,eps_ttm,371.0,371.0,False,DIRECT_CANONICAL
10afeffc-ef6d-4556-a912-7118b41ca443,حتوکا,operating_cash_flow_ttm,,,False,INSUFFICIENT_TTM_PERIODS
10afeffc-ef6d-4556-a912-7118b41ca443,حتوکا,operating_margin,,,False,
10afeffc-ef6d-4556-a912-7118b41ca443,حتوکا,operating_profit_growth,,,False,
10afeffc-ef6d-4556-a912-7118b41ca443,حتوکا,net_margin,,,False,
10afeffc-ef6d-4556-a912-7118b41ca443,حتوکا,roe,,,False,
10afeffc-ef6d-4556-a912-7118b41ca443,حتوکا,growth_score,8.4,8.4,False,
10afeffc-ef6d-4556-a912-7118b41ca443,حتوکا,profitability_score,9.2,9.2,False,
10afeffc-ef6d-4556-a912-7118b41ca443,حتوکا,valuation_score,7.3,7.1,True,
10afeffc-ef6d-4556-a912-7118b41ca443,حتوکا,market_score,5.3,5.3,False,
10afeffc-ef6d-4556-a912-7118b41ca443,حتوکا,data_quality_score,1.0,1.0,False,
10afeffc-ef6d-4556-a912-7118b41ca443,حتوکا,quant_score,30.19,29.98,True,
4ab116c4-0627-450e-af57-1dc61acef8f3,غگل,operating_profit_ttm,,1653177000000.0,True,REPORT_CHAIN_TTM
4ab116c4-0627-450e-af57-1dc61acef8f3,غگل,revenue_ttm,,,False,INSUFFICIENT_TTM_PERIODS
4ab116c4-0627-450e-af57-1dc61acef8f3,غگل,net_profit_ttm,,,False,INSUFFICIENT_TTM_PERIODS
4ab116c4-0627-450e-af57-1dc61acef8f3,غگل,eps_ttm,1674.0,1674.0,False,DIRECT_CANONICAL
4ab116c4-0627-450e-af57-1dc61acef8f3,غگل,operating_cash_flow_ttm,,,False,INSUFFICIENT_TTM_PERIODS
4ab116c4-0627-450e-af57-1dc61acef8f3,غگل,operating_margin,,,False,
4ab116c4-0627-450e-af57-1dc61acef8f3,غگل,operating_profit_growth,,165317800.0,True,
4ab116c4-0627-450e-af57-1dc61acef8f3,غگل,net_margin,,,False,
4ab116c4-0627-450e-af57-1dc61acef8f3,غگل,roe,,,False,
4ab116c4-0627-450e-af57-1dc61acef8f3,غگل,growth_score,9.1,10.6,True,
4ab116c4-0627-450e-af57-1dc61acef8f3,غگل,profitability_score,9.2,8.3,True,
4ab116c4-0627-450e-af57-1dc61acef8f3,غگل,valuation_score,10.5,10.4,True,
4ab116c4-0627-450e-af57-1dc61acef8f3,غگل,market_score,4.4,4.4,False,
4ab116c4-0627-450e-af57-1dc61acef8f3,غگل,data_quality_score,1.0,1.0,False,
4ab116c4-0627-450e-af57-1dc61acef8f3,غگل,quant_score,33.22,33.78,True,
184175cc-bfd5-4856-8f6a-894bae35fef7,غدام,operating_profit_ttm,,,False,
184175cc-bfd5-4856-8f6a-894bae35fef7,غدام,revenue_ttm,,,False,
184175cc-bfd5-4856-8f6a-894bae35fef7,غدام,net_profit_ttm,,,False,
184175cc-bfd5-4856-8f6a-894bae35fef7,غدام,eps_ttm,,,False,
184175cc-bfd5-4856-8f6a-894bae35fef7,غدام,operating_cash_flow_ttm,,,False,
184175cc-bfd5-4856-8f6a-894bae35fef7,غدام,operating_margin,,,False,
184175cc-bfd5-4856-8f6a-894bae35fef7,غدام,operating_profit_growth,,,False,
184175cc-bfd5-4856-8f6a-894bae35fef7,غدام,net_margin,,,False,
184175cc-bfd5-4856-8f6a-894bae35fef7,غدام,roe,,,False,
184175cc-bfd5-4856-8f6a-894bae35fef7,غدام,growth_score,2.9,2.9,False,
184175cc-bfd5-4856-8f6a-894bae35fef7,غدام,profitability_score,9.2,9.2,False,
184175cc-bfd5-4856-8f6a-894bae35fef7,غدام,valuation_score,0.0,0.0,False,
184175cc-bfd5-4856-8f6a-894bae35fef7,غدام,market_score,3.8,3.8,False,
184175cc-bfd5-4856-8f6a-894bae35fef7,غدام,data_quality_score,0.55,0.55,False,
184175cc-bfd5-4856-8f6a-894bae35fef7,غدام,quant_score,8.75,8.75,False,
16a036b2-0940-4b90-b62f-5471067a0e45,شبهرن,operating_profit_ttm,148772929000000.0,148772929000000.0,False,DIRECT_CANONICAL
16a036b2-0940-4b90-b62f-5471067a0e45,شبهرن,revenue_ttm,537810825000000.0,537810825000000.0,False,DIRECT_CANONICAL
16a036b2-0940-4b90-b62f-5471067a0e45,شبهرن,net_profit_ttm,94552734000000.0,94552734000000.0,False,DIRECT_CANONICAL
16a036b2-0940-4b90-b62f-5471067a0e45,شبهرن,eps_ttm,5253.0,5253.0,False,DIRECT_CANONICAL
16a036b2-0940-4b90-b62f-5471067a0e45,شبهرن,operating_cash_flow_ttm,,,False,DIRECT_CANONICAL
16a036b2-0940-4b90-b62f-5471067a0e45,شبهرن,operating_margin,27.662687711799034,27.662687711799034,False,
16a036b2-0940-4b90-b62f-5471067a0e45,شبهرن,operating_profit_growth,,14877292800.0,True,
16a036b2-0940-4b90-b62f-5471067a0e45,شبهرن,net_margin,17.581039578368472,17.581039578368472,False,
16a036b2-0940-4b90-b62f-5471067a0e45,شبهرن,roe,53.622858300173235,53.622858300173235,False,
16a036b2-0940-4b90-b62f-5471067a0e45,شبهرن,growth_score,17.9,19.3,True,
16a036b2-0940-4b90-b62f-5471067a0e45,شبهرن,profitability_score,15.3,15.4,True,
16a036b2-0940-4b90-b62f-5471067a0e45,شبهرن,valuation_score,10.3,10.0,True,
16a036b2-0940-4b90-b62f-5471067a0e45,شبهرن,market_score,7.1,7.1,False,
16a036b2-0940-4b90-b62f-5471067a0e45,شبهرن,data_quality_score,1.0,1.0,False,
16a036b2-0940-4b90-b62f-5471067a0e45,شبهرن,quant_score,50.55,51.92,True,
cbb1fd64-fdbb-4812-abb5-80f74db50bd1,کپرور,operating_profit_ttm,5335714000000.0,5335714000000.0,False,DIRECT_CANONICAL
cbb1fd64-fdbb-4812-abb5-80f74db50bd1,کپرور,revenue_ttm,31277179000000.0,31277179000000.0,False,DIRECT_CANONICAL
cbb1fd64-fdbb-4812-abb5-80f74db50bd1,کپرور,net_profit_ttm,4440071000000.0,4440071000000.0,False,DIRECT_CANONICAL
cbb1fd64-fdbb-4812-abb5-80f74db50bd1,کپرور,eps_ttm,2596.0,2596.0,False,DIRECT_CANONICAL
cbb1fd64-fdbb-4812-abb5-80f74db50bd1,کپرور,operating_cash_flow_ttm,,,False,DIRECT_CANONICAL
cbb1fd64-fdbb-4812-abb5-80f74db50bd1,کپرور,operating_margin,17.059447720652813,17.059447720652813,False,
cbb1fd64-fdbb-4812-abb5-80f74db50bd1,کپرور,operating_profit_growth,,533571300.0,True,
cbb1fd64-fdbb-4812-abb5-80f74db50bd1,کپرور,net_margin,14.195880645118283,14.195880645118283,False,
cbb1fd64-fdbb-4812-abb5-80f74db50bd1,کپرور,roe,40.126619148712926,40.126619148712926,False,
cbb1fd64-fdbb-4812-abb5-80f74db50bd1,کپرور,growth_score,17.0,18.5,True,
cbb1fd64-fdbb-4812-abb5-80f74db50bd1,کپرور,profitability_score,11.0,11.1,True,
cbb1fd64-fdbb-4812-abb5-80f74db50bd1,کپرور,valuation_score,11.5,11.3,True,
cbb1fd64-fdbb-4812-abb5-80f74db50bd1,کپرور,market_score,5.0,5.0,False,
cbb1fd64-fdbb-4812-abb5-80f74db50bd1,کپرور,data_quality_score,1.0,1.0,False,
cbb1fd64-fdbb-4812-abb5-80f74db50bd1,کپرور,quant_score,44.5,45.94,True,
33f00982-fdb7-44d6-95fd-dd373359a152,خودکفا,operating_profit_ttm,4937000000.0,4937000000.0,False,DIRECT_CANONICAL
33f00982-fdb7-44d6-95fd-dd373359a152,خودکفا,revenue_ttm,,,False,INSUFFICIENT_TTM_PERIODS
33f00982-fdb7-44d6-95fd-dd373359a152,خودکفا,net_profit_ttm,,,False,INSUFFICIENT_TTM_PERIODS
33f00982-fdb7-44d6-95fd-dd373359a152,خودکفا,eps_ttm,6240.0,6240.0,False,DIRECT_CANONICAL
33f00982-fdb7-44d6-95fd-dd373359a152,خودکفا,operating_cash_flow_ttm,,,False,INSUFFICIENT_TTM_PERIODS
33f00982-fdb7-44d6-95fd-dd373359a152,خودکفا,operating_margin,,,False,
33f00982-fdb7-44d6-95fd-dd373359a152,خودکفا,operating_profit_growth,103.33607907742999,103.33607907742999,False,
33f00982-fdb7-44d6-95fd-dd373359a152,خودکفا,net_margin,,,False,
33f00982-fdb7-44d6-95fd-dd373359a152,خودکفا,roe,,,False,
33f00982-fdb7-44d6-95fd-dd373359a152,خودکفا,growth_score,11.0,9.9,True,
33f00982-fdb7-44d6-95fd-dd373359a152,خودکفا,profitability_score,9.2,9.2,False,
33f00982-fdb7-44d6-95fd-dd373359a152,خودکفا,valuation_score,10.8,10.8,False,
33f00982-fdb7-44d6-95fd-dd373359a152,خودکفا,market_score,4.2,4.2,False,
33f00982-fdb7-44d6-95fd-dd373359a152,خودکفا,data_quality_score,0.8,0.8,False,
33f00982-fdb7-44d6-95fd-dd373359a152,خودکفا,quant_score,28.17,27.27,True,
e5818763-8e23-412e-a935-b2b8c350f8ae,خصدرا,operating_profit_ttm,,2370334000000.0,True,REPORT_CHAIN_TTM
e5818763-8e23-412e-a935-b2b8c350f8ae,خصدرا,revenue_ttm,,,False,INSUFFICIENT_TTM_PERIODS
e5818763-8e23-412e-a935-b2b8c350f8ae,خصدرا,net_profit_ttm,,,False,INSUFFICIENT_TTM_PERIODS
e5818763-8e23-412e-a935-b2b8c350f8ae,خصدرا,eps_ttm,191.0,191.0,False,DIRECT_CANONICAL
e5818763-8e23-412e-a935-b2b8c350f8ae,خصدرا,operating_cash_flow_ttm,,,False,INSUFFICIENT_TTM_PERIODS
e5818763-8e23-412e-a935-b2b8c350f8ae,خصدرا,operating_margin,,,False,
e5818763-8e23-412e-a935-b2b8c350f8ae,خصدرا,operating_profit_growth,,237033500.0,True,
e5818763-8e23-412e-a935-b2b8c350f8ae,خصدرا,net_margin,,,False,
e5818763-8e23-412e-a935-b2b8c350f8ae,خصدرا,roe,,,False,
e5818763-8e23-412e-a935-b2b8c350f8ae,خصدرا,growth_score,10.8,12.3,True,
e5818763-8e23-412e-a935-b2b8c350f8ae,خصدرا,profitability_score,9.2,9.2,False,
e5818763-8e23-412e-a935-b2b8c350f8ae,خصدرا,valuation_score,3.3,3.1,True,
e5818763-8e23-412e-a935-b2b8c350f8ae,خصدرا,market_score,3.7,3.7,False,
e5818763-8e23-412e-a935-b2b8c350f8ae,خصدرا,data_quality_score,0.8,0.8,False,
e5818763-8e23-412e-a935-b2b8c350f8ae,خصدرا,quant_score,21.62,22.63,True,
c363eecd-eb9b-4924-bdf2-be80e83acc32,پکرمان,operating_profit_ttm,,11840842000000.0,True,REPORT_CHAIN_TTM
c363eecd-eb9b-4924-bdf2-be80e83acc32,پکرمان,revenue_ttm,,,False,INSUFFICIENT_TTM_PERIODS
c363eecd-eb9b-4924-bdf2-be80e83acc32,پکرمان,net_profit_ttm,,,False,INSUFFICIENT_TTM_PERIODS
c363eecd-eb9b-4924-bdf2-be80e83acc32,پکرمان,eps_ttm,952.0,952.0,False,DIRECT_CANONICAL
c363eecd-eb9b-4924-bdf2-be80e83acc32,پکرمان,operating_cash_flow_ttm,,,False,INSUFFICIENT_TTM_PERIODS
c363eecd-eb9b-4924-bdf2-be80e83acc32,پکرمان,operating_margin,,,False,
c363eecd-eb9b-4924-bdf2-be80e83acc32,پکرمان,operating_profit_growth,,1184084100.0,True,
c363eecd-eb9b-4924-bdf2-be80e83acc32,پکرمان,net_margin,,,False,
c363eecd-eb9b-4924-bdf2-be80e83acc32,پکرمان,roe,,,False,
c363eecd-eb9b-4924-bdf2-be80e83acc32,پکرمان,growth_score,10.6,12.1,True,
c363eecd-eb9b-4924-bdf2-be80e83acc32,پکرمان,profitability_score,9.2,9.2,False,
c363eecd-eb9b-4924-bdf2-be80e83acc32,پکرمان,valuation_score,6.4,6.2,True,
c363eecd-eb9b-4924-bdf2-be80e83acc32,پکرمان,market_score,4.4,4.4,False,
c363eecd-eb9b-4924-bdf2-be80e83acc32,پکرمان,data_quality_score,1.0,1.0,False,
c363eecd-eb9b-4924-bdf2-be80e83acc32,پکرمان,quant_score,30.63,31.89,True,
425e914f-bd36-487b-94b8-2b180a679977,وسپه,operating_profit_ttm,12304658000000.0,12304658000000.0,False,DIRECT_CANONICAL
425e914f-bd36-487b-94b8-2b180a679977,وسپه,revenue_ttm,,,False,INSUFFICIENT_TTM_PERIODS
425e914f-bd36-487b-94b8-2b180a679977,وسپه,net_profit_ttm,,,False,INSUFFICIENT_TTM_PERIODS
425e914f-bd36-487b-94b8-2b180a679977,وسپه,eps_ttm,412.0,412.0,False,DIRECT_CANONICAL
425e914f-bd36-487b-94b8-2b180a679977,وسپه,operating_cash_flow_ttm,,,False,INSUFFICIENT_TTM_PERIODS
425e914f-bd36-487b-94b8-2b180a679977,وسپه,operating_margin,,,False,
425e914f-bd36-487b-94b8-2b180a679977,وسپه,operating_profit_growth,1230465700.0,1230465700.0,False,
425e914f-bd36-487b-94b8-2b180a679977,وسپه,net_margin,,,False,
425e914f-bd36-487b-94b8-2b180a679977,وسپه,roe,,,False,
425e914f-bd36-487b-94b8-2b180a679977,وسپه,growth_score,13.0,12.3,True,
425e914f-bd36-487b-94b8-2b180a679977,وسپه,profitability_score,9.2,9.2,False,
425e914f-bd36-487b-94b8-2b180a679977,وسپه,valuation_score,2.4,2.2,True,
425e914f-bd36-487b-94b8-2b180a679977,وسپه,market_score,6.4,6.4,False,
425e914f-bd36-487b-94b8-2b180a679977,وسپه,data_quality_score,0.8,0.8,False,
425e914f-bd36-487b-94b8-2b180a679977,وسپه,quant_score,24.82,24.08,True,
031272dd-b7bb-4c75-8b9d-bae9b708b18b,تاصیکو,operating_profit_ttm,78335654000000.0,78335654000000.0,False,DIRECT_CANONICAL
031272dd-b7bb-4c75-8b9d-bae9b708b18b,تاصیکو,revenue_ttm,81710292000000.0,81710292000000.0,False,DIRECT_CANONICAL
031272dd-b7bb-4c75-8b9d-bae9b708b18b,تاصیکو,net_profit_ttm,53520682000000.0,53520682000000.0,False,DIRECT_CANONICAL
031272dd-b7bb-4c75-8b9d-bae9b708b18b,تاصیکو,eps_ttm,793.0,793.0,False,DIRECT_CANONICAL
031272dd-b7bb-4c75-8b9d-bae9b708b18b,تاصیکو,operating_cash_flow_ttm,,,False,DIRECT_CANONICAL
031272dd-b7bb-4c75-8b9d-bae9b708b18b,تاصیکو,operating_margin,95.86999640143252,95.86999640143252,False,
031272dd-b7bb-4c75-8b9d-bae9b708b18b,تاصیکو,operating_profit_growth,,,False,
031272dd-b7bb-4c75-8b9d-bae9b708b18b,تاصیکو,net_margin,65.50053939349525,65.50053939349525,False,
031272dd-b7bb-4c75-8b9d-bae9b708b18b,تاصیکو,roe,29.911900069773424,29.911900069773424,False,
031272dd-b7bb-4c75-8b9d-bae9b708b18b,تاصیکو,growth_score,13.4,13.4,False,
031272dd-b7bb-4c75-8b9d-bae9b708b18b,تاصیکو,profitability_score,15.2,15.5,True,
031272dd-b7bb-4c75-8b9d-bae9b708b18b,تاصیکو,valuation_score,5.0,4.8,True,
031272dd-b7bb-4c75-8b9d-bae9b708b18b,تاصیکو,market_score,7.3,7.3,False,
031272dd-b7bb-4c75-8b9d-bae9b708b18b,تاصیکو,data_quality_score,0.8,0.8,False,
031272dd-b7bb-4c75-8b9d-bae9b708b18b,تاصیکو,quant_score,32.75,32.79,True,
22bc153e-8dc3-4518-8b91-641807401428,پارسان,operating_profit_ttm,,235865220000000.0,True,REPORT_CHAIN_TTM
22bc153e-8dc3-4518-8b91-641807401428,پارسان,revenue_ttm,,,False,INSUFFICIENT_TTM_PERIODS
22bc153e-8dc3-4518-8b91-641807401428,پارسان,net_profit_ttm,,,False,INSUFFICIENT_TTM_PERIODS
22bc153e-8dc3-4518-8b91-641807401428,پارسان,eps_ttm,9359.0,9359.0,False,DIRECT_CANONICAL
22bc153e-8dc3-4518-8b91-641807401428,پارسان,operating_cash_flow_ttm,,,False,INSUFFICIENT_TTM_PERIODS
22bc153e-8dc3-4518-8b91-641807401428,پارسان,operating_margin,,,False,
22bc153e-8dc3-4518-8b91-641807401428,پارسان,operating_profit_growth,,23586521900.0,True,
22bc153e-8dc3-4518-8b91-641807401428,پارسان,net_margin,,,False,
22bc153e-8dc3-4518-8b91-641807401428,پارسان,roe,,,False,
22bc153e-8dc3-4518-8b91-641807401428,پارسان,growth_score,10.8,12.3,True,
22bc153e-8dc3-4518-8b91-641807401428,پارسان,profitability_score,9.2,9.2,False,
22bc153e-8dc3-4518-8b91-641807401428,پارسان,valuation_score,10.5,10.5,False,
22bc153e-8dc3-4518-8b91-641807401428,پارسان,market_score,6.4,6.4,False,
22bc153e-8dc3-4518-8b91-641807401428,پارسان,data_quality_score,0.8,0.8,False,
22bc153e-8dc3-4518-8b91-641807401428,پارسان,quant_score,29.53,30.67,True,
9c39ffde-2be2-4831-ab24-a97b65553f9c,کفرا,operating_profit_ttm,,1060849000000.0,True,REPORT_CHAIN_TTM
9c39ffde-2be2-4831-ab24-a97b65553f9c,کفرا,revenue_ttm,,,False,INSUFFICIENT_TTM_PERIODS
9c39ffde-2be2-4831-ab24-a97b65553f9c,کفرا,net_profit_ttm,,,False,INSUFFICIENT_TTM_PERIODS
9c39ffde-2be2-4831-ab24-a97b65553f9c,کفرا,eps_ttm,-69.0,-69.0,False,DIRECT_CANONICAL
9c39ffde-2be2-4831-ab24-a97b65553f9c,کفرا,operating_cash_flow_ttm,,,False,INSUFFICIENT_TTM_PERIODS
9c39ffde-2be2-4831-ab24-a97b65553f9c,کفرا,operating_margin,,,False,
9c39ffde-2be2-4831-ab24-a97b65553f9c,کفرا,operating_profit_growth,,106084800.0,True,
9c39ffde-2be2-4831-ab24-a97b65553f9c,کفرا,net_margin,,,False,
9c39ffde-2be2-4831-ab24-a97b65553f9c,کفرا,roe,,,False,
9c39ffde-2be2-4831-ab24-a97b65553f9c,کفرا,growth_score,16.9,18.4,True,
9c39ffde-2be2-4831-ab24-a97b65553f9c,کفرا,profitability_score,9.2,9.2,False,
9c39ffde-2be2-4831-ab24-a97b65553f9c,کفرا,valuation_score,0.0,0.0,False,
9c39ffde-2be2-4831-ab24-a97b65553f9c,کفرا,market_score,3.6,3.6,False,
9c39ffde-2be2-4831-ab24-a97b65553f9c,کفرا,data_quality_score,1.0,1.0,False,
9c39ffde-2be2-4831-ab24-a97b65553f9c,کفرا,quant_score,29.69,31.16,True,
f7fa97c9-6afd-4019-afff-82a8ae0306dd,شستا,operating_profit_ttm,,972854098000000.0,True,REPORT_CHAIN_TTM
f7fa97c9-6afd-4019-afff-82a8ae0306dd,شستا,revenue_ttm,,,False,MISSING_PRIOR_ANNUAL
f7fa97c9-6afd-4019-afff-82a8ae0306dd,شستا,net_profit_ttm,,,False,MISSING_PRIOR_ANNUAL
f7fa97c9-6afd-4019-afff-82a8ae0306dd,شستا,eps_ttm,,581.0,True,REPORT_CHAIN_TTM
f7fa97c9-6afd-4019-afff-82a8ae0306dd,شستا,operating_cash_flow_ttm,,,False,MISSING_PRIOR_ANNUAL
f7fa97c9-6afd-4019-afff-82a8ae0306dd,شستا,operating_margin,,,False,
f7fa97c9-6afd-4019-afff-82a8ae0306dd,شستا,operating_profit_growth,,97285409700.0,True,
f7fa97c9-6afd-4019-afff-82a8ae0306dd,شستا,net_margin,,,False,
f7fa97c9-6afd-4019-afff-82a8ae0306dd,شستا,roe,,,False,
f7fa97c9-6afd-4019-afff-82a8ae0306dd,شستا,growth_score,10.5,11.9,True,
f7fa97c9-6afd-4019-afff-82a8ae0306dd,شستا,profitability_score,9.2,7.0,True,
f7fa97c9-6afd-4019-afff-82a8ae0306dd,شستا,valuation_score,0.0,8.7,True,
f7fa97c9-6afd-4019-afff-82a8ae0306dd,شستا,market_score,5.4,5.4,False,
f7fa97c9-6afd-4019-afff-82a8ae0306dd,شستا,data_quality_score,0.8,0.8,False,
f7fa97c9-6afd-4019-afff-82a8ae0306dd,شستا,quant_score,20.09,26.48,True,
c4ec791b-7b2e-4a18-a0fa-c5c8a97d9a94,زدشت,operating_profit_ttm,,443408000000.0,True,REPORT_CHAIN_TTM
c4ec791b-7b2e-4a18-a0fa-c5c8a97d9a94,زدشت,revenue_ttm,,,False,INSUFFICIENT_TTM_PERIODS
c4ec791b-7b2e-4a18-a0fa-c5c8a97d9a94,زدشت,net_profit_ttm,,,False,INSUFFICIENT_TTM_PERIODS
c4ec791b-7b2e-4a18-a0fa-c5c8a97d9a94,زدشت,eps_ttm,56.0,56.0,False,DIRECT_CANONICAL
c4ec791b-7b2e-4a18-a0fa-c5c8a97d9a94,زدشت,operating_cash_flow_ttm,,,False,INSUFFICIENT_TTM_PERIODS
c4ec791b-7b2e-4a18-a0fa-c5c8a97d9a94,زدشت,operating_margin,,,False,
c4ec791b-7b2e-4a18-a0fa-c5c8a97d9a94,زدشت,operating_profit_growth,,44340700.0,True,
c4ec791b-7b2e-4a18-a0fa-c5c8a97d9a94,زدشت,net_margin,,,False,
c4ec791b-7b2e-4a18-a0fa-c5c8a97d9a94,زدشت,roe,,,False,
c4ec791b-7b2e-4a18-a0fa-c5c8a97d9a94,زدشت,growth_score,14.8,16.2,True,
c4ec791b-7b2e-4a18-a0fa-c5c8a97d9a94,زدشت,profitability_score,9.2,9.2,False,
c4ec791b-7b2e-4a18-a0fa-c5c8a97d9a94,زدشت,valuation_score,0.0,0.0,False,
c4ec791b-7b2e-4a18-a0fa-c5c8a97d9a94,زدشت,market_score,4.6,4.6,False,
c4ec791b-7b2e-4a18-a0fa-c5c8a97d9a94,زدشت,data_quality_score,1.0,1.0,False,
c4ec791b-7b2e-4a18-a0fa-c5c8a97d9a94,زدشت,quant_score,28.59,30.05,True,
a1923bf6-15cf-4d60-8dd1-bdea7f452d94,خزامیا,operating_profit_ttm,,9171943000000.0,True,REPORT_CHAIN_TTM
a1923bf6-15cf-4d60-8dd1-bdea7f452d94,خزامیا,revenue_ttm,,,False,INSUFFICIENT_TTM_PERIODS
a1923bf6-15cf-4d60-8dd1-bdea7f452d94,خزامیا,net_profit_ttm,,,False,INSUFFICIENT_TTM_PERIODS
a1923bf6-15cf-4d60-8dd1-bdea7f452d94,خزامیا,eps_ttm,85.0,85.0,False,DIRECT_CANONICAL
a1923bf6-15cf-4d60-8dd1-bdea7f452d94,خزامیا,operating_cash_flow_ttm,,,False,INSUFFICIENT_TTM_PERIODS
a1923bf6-15cf-4d60-8dd1-bdea7f452d94,خزامیا,operating_margin,,,False,
a1923bf6-15cf-4d60-8dd1-bdea7f452d94,خزامیا,operating_profit_growth,,917194200.0,True,
a1923bf6-15cf-4d60-8dd1-bdea7f452d94,خزامیا,net_margin,,,False,
a1923bf6-15cf-4d60-8dd1-bdea7f452d94,خزامیا,roe,,,False,
a1923bf6-15cf-4d60-8dd1-bdea7f452d94,خزامیا,growth_score,7.9,9.4,True,
a1923bf6-15cf-4d60-8dd1-bdea7f452d94,خزامیا,profitability_score,9.2,9.2,False,
a1923bf6-15cf-4d60-8dd1-bdea7f452d94,خزامیا,valuation_score,2.3,2.1,True,
a1923bf6-15cf-4d60-8dd1-bdea7f452d94,خزامیا,market_score,6.0,6.0,False,
a1923bf6-15cf-4d60-8dd1-bdea7f452d94,خزامیا,data_quality_score,1.0,1.0,False,
a1923bf6-15cf-4d60-8dd1-bdea7f452d94,خزامیا,quant_score,25.37,26.63,True,
b210a8c8-6979-4e8c-8357-139d57e61df7,شلیا,operating_profit_ttm,,,False,MISSING_PRIOR_ANNUAL
b210a8c8-6979-4e8c-8357-139d57e61df7,شلیا,revenue_ttm,,,False,INSUFFICIENT_TTM_PERIODS
b210a8c8-6979-4e8c-8357-139d57e61df7,شلیا,net_profit_ttm,,,False,INSUFFICIENT_TTM_PERIODS
b210a8c8-6979-4e8c-8357-139d57e61df7,شلیا,eps_ttm,1094.0,1094.0,False,DIRECT_CANONICAL
b210a8c8-6979-4e8c-8357-139d57e61df7,شلیا,operating_cash_flow_ttm,,,False,INSUFFICIENT_TTM_PERIODS
b210a8c8-6979-4e8c-8357-139d57e61df7,شلیا,operating_margin,,,False,
b210a8c8-6979-4e8c-8357-139d57e61df7,شلیا,operating_profit_growth,,,False,
b210a8c8-6979-4e8c-8357-139d57e61df7,شلیا,net_margin,,,False,
b210a8c8-6979-4e8c-8357-139d57e61df7,شلیا,roe,,,False,
b210a8c8-6979-4e8c-8357-139d57e61df7,شلیا,growth_score,10.8,10.8,False,
b210a8c8-6979-4e8c-8357-139d57e61df7,شلیا,profitability_score,9.2,9.2,False,
b210a8c8-6979-4e8c-8357-139d57e61df7,شلیا,valuation_score,2.3,2.1,True,
b210a8c8-6979-4e8c-8357-139d57e61df7,شلیا,market_score,4.4,4.4,False,
b210a8c8-6979-4e8c-8357-139d57e61df7,شلیا,data_quality_score,0.8,0.8,False,
b210a8c8-6979-4e8c-8357-139d57e61df7,شلیا,quant_score,21.35,21.19,True,
a523e463-796f-4d5e-8090-0cbb5cf0b723,زشگزا,operating_profit_ttm,,654383000000.0,True,REPORT_CHAIN_TTM
a523e463-796f-4d5e-8090-0cbb5cf0b723,زشگزا,revenue_ttm,,,False,INSUFFICIENT_TTM_PERIODS
a523e463-796f-4d5e-8090-0cbb5cf0b723,زشگزا,net_profit_ttm,,,False,INSUFFICIENT_TTM_PERIODS
a523e463-796f-4d5e-8090-0cbb5cf0b723,زشگزا,eps_ttm,4812.0,4812.0,False,DIRECT_CANONICAL
a523e463-796f-4d5e-8090-0cbb5cf0b723,زشگزا,operating_cash_flow_ttm,,,False,INSUFFICIENT_TTM_PERIODS
a523e463-796f-4d5e-8090-0cbb5cf0b723,زشگزا,operating_margin,,,False,
a523e463-796f-4d5e-8090-0cbb5cf0b723,زشگزا,operating_profit_growth,,65438400.0,True,
a523e463-796f-4d5e-8090-0cbb5cf0b723,زشگزا,net_margin,,,False,
a523e463-796f-4d5e-8090-0cbb5cf0b723,زشگزا,roe,,,False,
a523e463-796f-4d5e-8090-0cbb5cf0b723,زشگزا,growth_score,15.7,17.2,True,
a523e463-796f-4d5e-8090-0cbb5cf0b723,زشگزا,profitability_score,9.2,9.2,False,
a523e463-796f-4d5e-8090-0cbb5cf0b723,زشگزا,valuation_score,8.3,8.1,True,
a523e463-796f-4d5e-8090-0cbb5cf0b723,زشگزا,market_score,4.8,4.8,False,
a523e463-796f-4d5e-8090-0cbb5cf0b723,زشگزا,data_quality_score,1.0,1.0,False,
a523e463-796f-4d5e-8090-0cbb5cf0b723,زشگزا,quant_score,37.97,39.23,True,
dce80742-f6f8-46d0-925e-daf3d8416a4b,خبهمن,operating_profit_ttm,76175862000000.0,76175862000000.0,False,DIRECT_CANONICAL
dce80742-f6f8-46d0-925e-daf3d8416a4b,خبهمن,revenue_ttm,79171783000000.0,79171783000000.0,False,DIRECT_CANONICAL
dce80742-f6f8-46d0-925e-daf3d8416a4b,خبهمن,net_profit_ttm,75355611000000.0,75355611000000.0,False,DIRECT_CANONICAL
dce80742-f6f8-46d0-925e-daf3d8416a4b,خبهمن,eps_ttm,559.0,559.0,False,DIRECT_CANONICAL
dce80742-f6f8-46d0-925e-daf3d8416a4b,خبهمن,operating_cash_flow_ttm,,,False,DIRECT_CANONICAL
dce80742-f6f8-46d0-925e-daf3d8416a4b,خبهمن,operating_margin,96.21592329176167,96.21592329176167,False,
dce80742-f6f8-46d0-925e-daf3d8416a4b,خبهمن,operating_profit_growth,,,False,
dce80742-f6f8-46d0-925e-daf3d8416a4b,خبهمن,net_margin,95.17988372195686,95.17988372195686,False,
dce80742-f6f8-46d0-925e-daf3d8416a4b,خبهمن,roe,21.403435595215655,21.403435595215655,False,
dce80742-f6f8-46d0-925e-daf3d8416a4b,خبهمن,growth_score,14.0,14.0,False,
dce80742-f6f8-46d0-925e-daf3d8416a4b,خبهمن,profitability_score,17.7,17.8,True,
dce80742-f6f8-46d0-925e-daf3d8416a4b,خبهمن,valuation_score,14.0,13.9,True,
dce80742-f6f8-46d0-925e-daf3d8416a4b,خبهمن,market_score,8.0,8.0,False,
dce80742-f6f8-46d0-925e-daf3d8416a4b,خبهمن,data_quality_score,0.8,0.8,False,
dce80742-f6f8-46d0-925e-daf3d8416a4b,خبهمن,quant_score,42.94,42.9,True,
30c259a0-53f0-4282-95c6-21f4a7658099,سشرق,operating_profit_ttm,,9297482000000.0,True,REPORT_CHAIN_TTM
30c259a0-53f0-4282-95c6-21f4a7658099,سشرق,revenue_ttm,,,False,INSUFFICIENT_TTM_PERIODS
30c259a0-53f0-4282-95c6-21f4a7658099,سشرق,net_profit_ttm,,,False,INSUFFICIENT_TTM_PERIODS
30c259a0-53f0-4282-95c6-21f4a7658099,سشرق,eps_ttm,3368.0,3368.0,False,DIRECT_CANONICAL
30c259a0-53f0-4282-95c6-21f4a7658099,سشرق,operating_cash_flow_ttm,,,False,INSUFFICIENT_TTM_PERIODS
30c259a0-53f0-4282-95c6-21f4a7658099,سشرق,operating_margin,,,False,
30c259a0-53f0-4282-95c6-21f4a7658099,سشرق,operating_profit_growth,,929748100.0,True,
30c259a0-53f0-4282-95c6-21f4a7658099,سشرق,net_margin,,,False,
30c259a0-53f0-4282-95c6-21f4a7658099,سشرق,roe,,,False,
30c259a0-53f0-4282-95c6-21f4a7658099,سشرق,growth_score,14.7,16.2,True,
30c259a0-53f0-4282-95c6-21f4a7658099,سشرق,profitability_score,9.2,9.2,False,
30c259a0-53f0-4282-95c6-21f4a7658099,سشرق,valuation_score,7.5,7.3,True,
30c259a0-53f0-4282-95c6-21f4a7658099,سشرق,market_score,5.3,5.3,False,
30c259a0-53f0-4282-95c6-21f4a7658099,سشرق,data_quality_score,1.0,1.0,False,
30c259a0-53f0-4282-95c6-21f4a7658099,سشرق,quant_score,36.68,37.94,True,
a7c91010-34f4-416f-aad1-69d0560fb93f,جم پیلن3,operating_profit_ttm,89309426000000.0,89309426000000.0,False,DIRECT_CANONICAL
a7c91010-34f4-416f-aad1-69d0560fb93f,جم پیلن3,revenue_ttm,256177587000000.0,256177587000000.0,False,DIRECT_CANONICAL
a7c91010-34f4-416f-aad1-69d0560fb93f,جم پیلن3,net_profit_ttm,83705939000000.0,83705939000000.0,False,DIRECT_CANONICAL
a7c91010-34f4-416f-aad1-69d0560fb93f,جم پیلن3,eps_ttm,41853.0,41853.0,False,DIRECT_CANONICAL
a7c91010-34f4-416f-aad1-69d0560fb93f,جم پیلن3,operating_cash_flow_ttm,,,False,DIRECT_CANONICAL
a7c91010-34f4-416f-aad1-69d0560fb93f,جم پیلن3,operating_margin,34.862310573641246,34.862310573641246,False,
a7c91010-34f4-416f-aad1-69d0560fb93f,جم پیلن3,operating_profit_growth,,8930942500.0,True,
a7c91010-34f4-416f-aad1-69d0560fb93f,جم پیلن3,net_margin,32.67496582361048,32.67496582361048,False,
a7c91010-34f4-416f-aad1-69d0560fb93f,جم پیلن3,roe,193.1194529104128,193.1194529104128,False,
a7c91010-34f4-416f-aad1-69d0560fb93f,جم پیلن3,growth_score,13.0,14.4,True,
a7c91010-34f4-416f-aad1-69d0560fb93f,جم پیلن3,profitability_score,16.7,16.8,True,
a7c91010-34f4-416f-aad1-69d0560fb93f,جم پیلن3,valuation_score,11.0,10.7,True,
a7c91010-34f4-416f-aad1-69d0560fb93f,جم پیلن3,market_score,3.4,3.4,False,
a7c91010-34f4-416f-aad1-69d0560fb93f,جم پیلن3,data_quality_score,1.0,1.0,False,
a7c91010-34f4-416f-aad1-69d0560fb93f,جم پیلن3,quant_score,44.08,45.41,True,
7905533f-a68e-480d-a61f-fe8f7390dfdc,فاسمین,operating_profit_ttm,,8159712000000.0,True,REPORT_CHAIN_TTM
7905533f-a68e-480d-a61f-fe8f7390dfdc,فاسمین,revenue_ttm,,,False,MISSING_PRIOR_ANNUAL
7905533f-a68e-480d-a61f-fe8f7390dfdc,فاسمین,net_profit_ttm,,,False,INSUFFICIENT_TTM_PERIODS
7905533f-a68e-480d-a61f-fe8f7390dfdc,فاسمین,eps_ttm,536.0,536.0,False,DIRECT_CANONICAL
7905533f-a68e-480d-a61f-fe8f7390dfdc,فاسمین,operating_cash_flow_ttm,,,False,INSUFFICIENT_TTM_PERIODS
7905533f-a68e-480d-a61f-fe8f7390dfdc,فاسمین,operating_margin,,,False,
7905533f-a68e-480d-a61f-fe8f7390dfdc,فاسمین,operating_profit_growth,,815971100.0,True,
7905533f-a68e-480d-a61f-fe8f7390dfdc,فاسمین,net_margin,,,False,
7905533f-a68e-480d-a61f-fe8f7390dfdc,فاسمین,roe,,,False,
7905533f-a68e-480d-a61f-fe8f7390dfdc,فاسمین,growth_score,11.4,12.8,True,
7905533f-a68e-480d-a61f-fe8f7390dfdc,فاسمین,profitability_score,9.2,10.0,True,
7905533f-a68e-480d-a61f-fe8f7390dfdc,فاسمین,valuation_score,5.0,4.8,True,
7905533f-a68e-480d-a61f-fe8f7390dfdc,فاسمین,market_score,4.9,4.9,False,
7905533f-a68e-480d-a61f-fe8f7390dfdc,فاسمین,data_quality_score,0.8,0.8,False,
7905533f-a68e-480d-a61f-fe8f7390dfdc,فاسمین,quant_score,24.41,26.05,True,
09cf7a6c-c980-4c21-9f83-980a053e8df2,سدور,operating_profit_ttm,,-300242000000.0,True,REPORT_CHAIN_TTM
09cf7a6c-c980-4c21-9f83-980a053e8df2,سدور,revenue_ttm,,,False,INSUFFICIENT_TTM_PERIODS
09cf7a6c-c980-4c21-9f83-980a053e8df2,سدور,net_profit_ttm,,,False,INSUFFICIENT_TTM_PERIODS
09cf7a6c-c980-4c21-9f83-980a053e8df2,سدور,eps_ttm,-3018.0,-3018.0,False,DIRECT_CANONICAL
09cf7a6c-c980-4c21-9f83-980a053e8df2,سدور,operating_cash_flow_ttm,,,False,INSUFFICIENT_TTM_PERIODS
09cf7a6c-c980-4c21-9f83-980a053e8df2,سدور,operating_margin,,,False,
09cf7a6c-c980-4c21-9f83-980a053e8df2,سدور,operating_profit_growth,,-30024300.0,True,
09cf7a6c-c980-4c21-9f83-980a053e8df2,سدور,net_margin,,,False,
09cf7a6c-c980-4c21-9f83-980a053e8df2,سدور,roe,,,False,
09cf7a6c-c980-4c21-9f83-980a053e8df2,سدور,growth_score,10.8,4.4,True,
09cf7a6c-c980-4c21-9f83-980a053e8df2,سدور,profitability_score,9.2,2.4,True,
09cf7a6c-c980-4c21-9f83-980a053e8df2,سدور,valuation_score,0.0,0.0,False,
09cf7a6c-c980-4c21-9f83-980a053e8df2,سدور,market_score,4.0,4.0,False,
09cf7a6c-c980-4c21-9f83-980a053e8df2,سدور,data_quality_score,0.8,0.8,False,
09cf7a6c-c980-4c21-9f83-980a053e8df2,سدور,quant_score,19.22,8.68,True,
b4b7da70-a14b-40cc-866e-b938cf7579af,شکربن,operating_profit_ttm,,1973758000000.0,True,REPORT_CHAIN_TTM
b4b7da70-a14b-40cc-866e-b938cf7579af,شکربن,revenue_ttm,,,False,INSUFFICIENT_TTM_PERIODS
b4b7da70-a14b-40cc-866e-b938cf7579af,شکربن,net_profit_ttm,,,False,INSUFFICIENT_TTM_PERIODS
b4b7da70-a14b-40cc-866e-b938cf7579af,شکربن,eps_ttm,1487.0,1487.0,False,DIRECT_CANONICAL
b4b7da70-a14b-40cc-866e-b938cf7579af,شکربن,operating_cash_flow_ttm,,,False,INSUFFICIENT_TTM_PERIODS
b4b7da70-a14b-40cc-866e-b938cf7579af,شکربن,operating_margin,,,False,
b4b7da70-a14b-40cc-866e-b938cf7579af,شکربن,operating_profit_growth,,197375700.0,True,
b4b7da70-a14b-40cc-866e-b938cf7579af,شکربن,net_margin,,,False,
b4b7da70-a14b-40cc-866e-b938cf7579af,شکربن,roe,,,False,
b4b7da70-a14b-40cc-866e-b938cf7579af,شکربن,growth_score,8.0,9.5,True,
b4b7da70-a14b-40cc-866e-b938cf7579af,شکربن,profitability_score,9.2,9.2,False,
b4b7da70-a14b-40cc-866e-b938cf7579af,شکربن,valuation_score,7.9,7.7,True,
b4b7da70-a14b-40cc-866e-b938cf7579af,شکربن,market_score,5.2,5.2,False,
b4b7da70-a14b-40cc-866e-b938cf7579af,شکربن,data_quality_score,1.0,1.0,False,
b4b7da70-a14b-40cc-866e-b938cf7579af,شکربن,quant_score,30.29,31.55,True,
40c096e4-8e63-41ad-a886-da6657689328,مبین,operating_profit_ttm,171233551000000.0,171233551000000.0,False,DIRECT_CANONICAL
40c096e4-8e63-41ad-a886-da6657689328,مبین,revenue_ttm,,,False,INSUFFICIENT_TTM_PERIODS
40c096e4-8e63-41ad-a886-da6657689328,مبین,net_profit_ttm,,,False,INSUFFICIENT_TTM_PERIODS
40c096e4-8e63-41ad-a886-da6657689328,مبین,eps_ttm,2166.0,2166.0,False,DIRECT_CANONICAL
40c096e4-8e63-41ad-a886-da6657689328,مبین,operating_cash_flow_ttm,,,False,INSUFFICIENT_TTM_PERIODS
40c096e4-8e63-41ad-a886-da6657689328,مبین,operating_margin,,,False,
40c096e4-8e63-41ad-a886-da6657689328,مبین,operating_profit_growth,17123355000.0,17123355000.0,False,
40c096e4-8e63-41ad-a886-da6657689328,مبین,net_margin,,,False,
40c096e4-8e63-41ad-a886-da6657689328,مبین,roe,,,False,
40c096e4-8e63-41ad-a886-da6657689328,مبین,growth_score,10.0,9.3,True,
40c096e4-8e63-41ad-a886-da6657689328,مبین,profitability_score,9.2,9.2,False,
40c096e4-8e63-41ad-a886-da6657689328,مبین,valuation_score,9.3,9.2,True,
40c096e4-8e63-41ad-a886-da6657689328,مبین,market_score,6.9,6.9,False,
40c096e4-8e63-41ad-a886-da6657689328,مبین,data_quality_score,1.0,1.0,False,
40c096e4-8e63-41ad-a886-da6657689328,مبین,quant_score,35.39,34.51,True,
3da407a7-55cd-41fb-b5bb-aadad01e6908,شمواد,operating_profit_ttm,12478346000000.0,12478346000000.0,False,DIRECT_CANONICAL
3da407a7-55cd-41fb-b5bb-aadad01e6908,شمواد,revenue_ttm,46539006000000.0,46539006000000.0,False,DIRECT_CANONICAL
3da407a7-55cd-41fb-b5bb-aadad01e6908,شمواد,net_profit_ttm,12160666000000.0,12160666000000.0,False,DIRECT_CANONICAL
3da407a7-55cd-41fb-b5bb-aadad01e6908,شمواد,eps_ttm,1835.0,1835.0,False,DIRECT_CANONICAL
3da407a7-55cd-41fb-b5bb-aadad01e6908,شمواد,operating_cash_flow_ttm,,,False,DIRECT_CANONICAL
3da407a7-55cd-41fb-b5bb-aadad01e6908,شمواد,operating_margin,26.812661190056357,26.812661190056357,False,
3da407a7-55cd-41fb-b5bb-aadad01e6908,شمواد,operating_profit_growth,618.2761619858363,618.2761619858363,False,
3da407a7-55cd-41fb-b5bb-aadad01e6908,شمواد,net_margin,26.130050994213327,26.130050994213327,False,
3da407a7-55cd-41fb-b5bb-aadad01e6908,شمواد,roe,61.86531935179074,61.86531935179074,False,
3da407a7-55cd-41fb-b5bb-aadad01e6908,شمواد,growth_score,26.6,25.9,True,
3da407a7-55cd-41fb-b5bb-aadad01e6908,شمواد,profitability_score,14.8,14.8,False,
3da407a7-55cd-41fb-b5bb-aadad01e6908,شمواد,valuation_score,11.5,11.3,True,
3da407a7-55cd-41fb-b5bb-aadad01e6908,شمواد,market_score,7.1,7.1,False,
3da407a7-55cd-41fb-b5bb-aadad01e6908,شمواد,data_quality_score,1.0,1.0,False,
3da407a7-55cd-41fb-b5bb-aadad01e6908,شمواد,quant_score,59.98,59.06,True,
e76111bd-ee90-4823-a721-6b380c409a86,کزغال,operating_profit_ttm,,6198616000000.0,True,REPORT_CHAIN_TTM
e76111bd-ee90-4823-a721-6b380c409a86,کزغال,revenue_ttm,,,False,INSUFFICIENT_TTM_PERIODS
e76111bd-ee90-4823-a721-6b380c409a86,کزغال,net_profit_ttm,,,False,INSUFFICIENT_TTM_PERIODS
e76111bd-ee90-4823-a721-6b380c409a86,کزغال,eps_ttm,110.0,110.0,False,DIRECT_CANONICAL
e76111bd-ee90-4823-a721-6b380c409a86,کزغال,operating_cash_flow_ttm,,,False,INSUFFICIENT_TTM_PERIODS
e76111bd-ee90-4823-a721-6b380c409a86,کزغال,operating_margin,,,False,
e76111bd-ee90-4823-a721-6b380c409a86,کزغال,operating_profit_growth,,619861500.0,True,
e76111bd-ee90-4823-a721-6b380c409a86,کزغال,net_margin,,,False,
e76111bd-ee90-4823-a721-6b380c409a86,کزغال,roe,,,False,
e76111bd-ee90-4823-a721-6b380c409a86,کزغال,growth_score,10.8,12.3,True,
e76111bd-ee90-4823-a721-6b380c409a86,کزغال,profitability_score,9.2,9.2,False,
e76111bd-ee90-4823-a721-6b380c409a86,کزغال,valuation_score,1.4,1.2,True,
e76111bd-ee90-4823-a721-6b380c409a86,کزغال,market_score,3.9,3.9,False,
e76111bd-ee90-4823-a721-6b380c409a86,کزغال,data_quality_score,0.8,0.8,False,
e76111bd-ee90-4823-a721-6b380c409a86,کزغال,quant_score,20.21,21.22,True,
1375886c-1775-4b7a-ab3b-a05ec3479627,وبصادر,operating_profit_ttm,,104432130000000.0,True,REPORT_CHAIN_TTM
1375886c-1775-4b7a-ab3b-a05ec3479627,وبصادر,revenue_ttm,,,False,MISSING_PRIOR_COMPARABLE
1375886c-1775-4b7a-ab3b-a05ec3479627,وبصادر,net_profit_ttm,,,False,INSUFFICIENT_TTM_PERIODS
1375886c-1775-4b7a-ab3b-a05ec3479627,وبصادر,eps_ttm,,185.0,True,REPORT_CHAIN_TTM
1375886c-1775-4b7a-ab3b-a05ec3479627,وبصادر,operating_cash_flow_ttm,,,False,INSUFFICIENT_TTM_PERIODS
1375886c-1775-4b7a-ab3b-a05ec3479627,وبصادر,operating_margin,,,False,
1375886c-1775-4b7a-ab3b-a05ec3479627,وبصادر,operating_profit_growth,,10443212900.0,True,
1375886c-1775-4b7a-ab3b-a05ec3479627,وبصادر,net_margin,,,False,
1375886c-1775-4b7a-ab3b-a05ec3479627,وبصادر,roe,,,False,
1375886c-1775-4b7a-ab3b-a05ec3479627,وبصادر,growth_score,11.3,12.8,True,
1375886c-1775-4b7a-ab3b-a05ec3479627,وبصادر,profitability_score,9.2,11.8,True,
1375886c-1775-4b7a-ab3b-a05ec3479627,وبصادر,valuation_score,0.0,9.3,True,
1375886c-1775-4b7a-ab3b-a05ec3479627,وبصادر,market_score,5.6,5.6,False,
1375886c-1775-4b7a-ab3b-a05ec3479627,وبصادر,data_quality_score,0.8,0.8,False,
1375886c-1775-4b7a-ab3b-a05ec3479627,وبصادر,quant_score,20.86,31.52,True,
dd223138-5523-424e-80eb-67ce8e65b0ba,کساپا,operating_profit_ttm,1327078000000.0,1327078000000.0,False,DIRECT_CANONICAL
dd223138-5523-424e-80eb-67ce8e65b0ba,کساپا,revenue_ttm,,,False,INSUFFICIENT_TTM_PERIODS
dd223138-5523-424e-80eb-67ce8e65b0ba,کساپا,net_profit_ttm,,,False,INSUFFICIENT_TTM_PERIODS
dd223138-5523-424e-80eb-67ce8e65b0ba,کساپا,eps_ttm,62.0,62.0,False,DIRECT_CANONICAL
dd223138-5523-424e-80eb-67ce8e65b0ba,کساپا,operating_cash_flow_ttm,,,False,INSUFFICIENT_TTM_PERIODS
dd223138-5523-424e-80eb-67ce8e65b0ba,کساپا,operating_margin,,,False,
dd223138-5523-424e-80eb-67ce8e65b0ba,کساپا,operating_profit_growth,132707700.0,132707700.0,False,
dd223138-5523-424e-80eb-67ce8e65b0ba,کساپا,net_margin,,,False,
dd223138-5523-424e-80eb-67ce8e65b0ba,کساپا,roe,,,False,
dd223138-5523-424e-80eb-67ce8e65b0ba,کساپا,growth_score,13.0,12.3,True,
dd223138-5523-424e-80eb-67ce8e65b0ba,کساپا,profitability_score,9.2,9.2,False,
dd223138-5523-424e-80eb-67ce8e65b0ba,کساپا,valuation_score,1.3,1.1,True,
dd223138-5523-424e-80eb-67ce8e65b0ba,کساپا,market_score,3.1,3.1,False,
dd223138-5523-424e-80eb-67ce8e65b0ba,کساپا,data_quality_score,0.8,0.8,False,
dd223138-5523-424e-80eb-67ce8e65b0ba,کساپا,quant_score,21.25,20.51,True,
3d594732-5172-49ca-b8c5-7b684189196d,کاسپین,operating_profit_ttm,42596005000000.0,42596005000000.0,False,DIRECT_CANONICAL
3d594732-5172-49ca-b8c5-7b684189196d,کاسپین,revenue_ttm,66204112000000.0,66204112000000.0,False,DIRECT_CANONICAL
3d594732-5172-49ca-b8c5-7b684189196d,کاسپین,net_profit_ttm,30419105000000.0,30419105000000.0,False,DIRECT_CANONICAL
3d594732-5172-49ca-b8c5-7b684189196d,کاسپین,eps_ttm,3831.0,3831.0,False,DIRECT_CANONICAL
3d594732-5172-49ca-b8c5-7b684189196d,کاسپین,operating_cash_flow_ttm,,,False,DIRECT_CANONICAL
3d594732-5172-49ca-b8c5-7b684189196d,کاسپین,operating_margin,64.34042193632928,64.34042193632928,False,
3d594732-5172-49ca-b8c5-7b684189196d,کاسپین,operating_profit_growth,,4259600400.0,True,
3d594732-5172-49ca-b8c5-7b684189196d,کاسپین,net_margin,45.9474556504889,45.9474556504889,False,
3d594732-5172-49ca-b8c5-7b684189196d,کاسپین,roe,104.43140337140031,104.43140337140031,False,
3d594732-5172-49ca-b8c5-7b684189196d,کاسپین,growth_score,22.6,24.1,True,
3d594732-5172-49ca-b8c5-7b684189196d,کاسپین,profitability_score,19.2,19.3,True,
3d594732-5172-49ca-b8c5-7b684189196d,کاسپین,valuation_score,8.3,8.0,True,
3d594732-5172-49ca-b8c5-7b684189196d,کاسپین,market_score,5.1,5.1,False,
3d594732-5172-49ca-b8c5-7b684189196d,کاسپین,data_quality_score,1.0,1.0,False,
3d594732-5172-49ca-b8c5-7b684189196d,کاسپین,quant_score,55.15,56.53,True,
0dcb1a49-44b5-4dd7-97c5-c1a0f642b6c5,سیمرغ3,operating_profit_ttm,13766363000000.0,13766363000000.0,False,DIRECT_CANONICAL
0dcb1a49-44b5-4dd7-97c5-c1a0f642b6c5,سیمرغ3,revenue_ttm,89672666000000.0,89672666000000.0,False,DIRECT_CANONICAL
0dcb1a49-44b5-4dd7-97c5-c1a0f642b6c5,سیمرغ3,net_profit_ttm,15054403000000.0,15054403000000.0,False,DIRECT_CANONICAL
0dcb1a49-44b5-4dd7-97c5-c1a0f642b6c5,سیمرغ3,eps_ttm,516.0,516.0,False,DIRECT_CANONICAL
0dcb1a49-44b5-4dd7-97c5-c1a0f642b6c5,سیمرغ3,operating_cash_flow_ttm,,,False,DIRECT_CANONICAL
0dcb1a49-44b5-4dd7-97c5-c1a0f642b6c5,سیمرغ3,operating_margin,15.351794046136646,15.351794046136646,False,
0dcb1a49-44b5-4dd7-97c5-c1a0f642b6c5,سیمرغ3,operating_profit_growth,,1376636200.0,True,
0dcb1a49-44b5-4dd7-97c5-c1a0f642b6c5,سیمرغ3,net_margin,16.788173778618336,16.788173778618336,False,
0dcb1a49-44b5-4dd7-97c5-c1a0f642b6c5,سیمرغ3,roe,28.93011889510889,28.93011889510889,False,
0dcb1a49-44b5-4dd7-97c5-c1a0f642b6c5,سیمرغ3,growth_score,17.9,19.4,True,
0dcb1a49-44b5-4dd7-97c5-c1a0f642b6c5,سیمرغ3,profitability_score,9.6,9.7,True,
0dcb1a49-44b5-4dd7-97c5-c1a0f642b6c5,سیمرغ3,valuation_score,8.4,8.2,True,
0dcb1a49-44b5-4dd7-97c5-c1a0f642b6c5,سیمرغ3,market_score,4.3,4.3,False,
0dcb1a49-44b5-4dd7-97c5-c1a0f642b6c5,سیمرغ3,data_quality_score,1.0,1.0,False,
0dcb1a49-44b5-4dd7-97c5-c1a0f642b6c5,سیمرغ3,quant_score,40.19,41.57,True,
aa3059de-65ee-458d-b0f3-1c0a8fdf09e9,حفاری,operating_profit_ttm,-1000000.0,-1000000.0,False,DIRECT_CANONICAL
aa3059de-65ee-458d-b0f3-1c0a8fdf09e9,حفاری,revenue_ttm,,,False,INSUFFICIENT_TTM_PERIODS
aa3059de-65ee-458d-b0f3-1c0a8fdf09e9,حفاری,net_profit_ttm,,,False,INSUFFICIENT_TTM_PERIODS
aa3059de-65ee-458d-b0f3-1c0a8fdf09e9,حفاری,eps_ttm,2541.0,2541.0,False,DIRECT_CANONICAL
aa3059de-65ee-458d-b0f3-1c0a8fdf09e9,حفاری,operating_cash_flow_ttm,,,False,INSUFFICIENT_TTM_PERIODS
aa3059de-65ee-458d-b0f3-1c0a8fdf09e9,حفاری,operating_margin,,,False,
aa3059de-65ee-458d-b0f3-1c0a8fdf09e9,حفاری,operating_profit_growth,-200.0,-200.0,False,
aa3059de-65ee-458d-b0f3-1c0a8fdf09e9,حفاری,net_margin,,,False,
aa3059de-65ee-458d-b0f3-1c0a8fdf09e9,حفاری,roe,,,False,
aa3059de-65ee-458d-b0f3-1c0a8fdf09e9,حفاری,growth_score,4.8,4.6,True,
aa3059de-65ee-458d-b0f3-1c0a8fdf09e9,حفاری,profitability_score,9.2,9.2,False,
aa3059de-65ee-458d-b0f3-1c0a8fdf09e9,حفاری,valuation_score,10.9,10.9,False,
aa3059de-65ee-458d-b0f3-1c0a8fdf09e9,حفاری,market_score,4.8,4.8,False,
aa3059de-65ee-458d-b0f3-1c0a8fdf09e9,حفاری,data_quality_score,0.8,0.8,False,
aa3059de-65ee-458d-b0f3-1c0a8fdf09e9,حفاری,quant_score,23.74,23.55,True,
270f045b-b120-4cbe-a7e7-86b849dd8fa4,شپلی,operating_profit_ttm,,4632725000000.0,True,REPORT_CHAIN_TTM
270f045b-b120-4cbe-a7e7-86b849dd8fa4,شپلی,revenue_ttm,,,False,INSUFFICIENT_TTM_PERIODS
270f045b-b120-4cbe-a7e7-86b849dd8fa4,شپلی,net_profit_ttm,,,False,INSUFFICIENT_TTM_PERIODS
270f045b-b120-4cbe-a7e7-86b849dd8fa4,شپلی,eps_ttm,237.0,237.0,False,DIRECT_CANONICAL
270f045b-b120-4cbe-a7e7-86b849dd8fa4,شپلی,operating_cash_flow_ttm,,,False,INSUFFICIENT_TTM_PERIODS
270f045b-b120-4cbe-a7e7-86b849dd8fa4,شپلی,operating_margin,,,False,
270f045b-b120-4cbe-a7e7-86b849dd8fa4,شپلی,operating_profit_growth,,463272400.0,True,
270f045b-b120-4cbe-a7e7-86b849dd8fa4,شپلی,net_margin,,,False,
270f045b-b120-4cbe-a7e7-86b849dd8fa4,شپلی,roe,,,False,
270f045b-b120-4cbe-a7e7-86b849dd8fa4,شپلی,growth_score,10.8,12.3,True,
270f045b-b120-4cbe-a7e7-86b849dd8fa4,شپلی,profitability_score,9.2,9.2,False,
270f045b-b120-4cbe-a7e7-86b849dd8fa4,شپلی,valuation_score,1.9,1.7,True,
270f045b-b120-4cbe-a7e7-86b849dd8fa4,شپلی,market_score,4.0,4.0,False,
270f045b-b120-4cbe-a7e7-86b849dd8fa4,شپلی,data_quality_score,0.8,0.8,False,
270f045b-b120-4cbe-a7e7-86b849dd8fa4,شپلی,quant_score,20.77,21.78,True,
e1030359-6ee4-449d-bbc1-59d91e96637d,فخوز,operating_profit_ttm,,,False,MISSING_PRIOR_ANNUAL
e1030359-6ee4-449d-bbc1-59d91e96637d,فخوز,revenue_ttm,,,False,MISSING_PRIOR_ANNUAL
e1030359-6ee4-449d-bbc1-59d91e96637d,فخوز,net_profit_ttm,,,False,INSUFFICIENT_TTM_PERIODS
e1030359-6ee4-449d-bbc1-59d91e96637d,فخوز,eps_ttm,222.0,222.0,False,DIRECT_CANONICAL
e1030359-6ee4-449d-bbc1-59d91e96637d,فخوز,operating_cash_flow_ttm,,,False,INSUFFICIENT_TTM_PERIODS
e1030359-6ee4-449d-bbc1-59d91e96637d,فخوز,operating_margin,,,False,
e1030359-6ee4-449d-bbc1-59d91e96637d,فخوز,operating_profit_growth,,,False,
e1030359-6ee4-449d-bbc1-59d91e96637d,فخوز,net_margin,,,False,
e1030359-6ee4-449d-bbc1-59d91e96637d,فخوز,roe,,,False,
e1030359-6ee4-449d-bbc1-59d91e96637d,فخوز,growth_score,6.4,6.4,False,
e1030359-6ee4-449d-bbc1-59d91e96637d,فخوز,profitability_score,9.2,9.2,False,
e1030359-6ee4-449d-bbc1-59d91e96637d,فخوز,valuation_score,3.2,3.0,True,
e1030359-6ee4-449d-bbc1-59d91e96637d,فخوز,market_score,6.5,6.5,False,
e1030359-6ee4-449d-bbc1-59d91e96637d,فخوز,data_quality_score,1.0,1.0,False,
e1030359-6ee4-449d-bbc1-59d91e96637d,فخوز,quant_score,25.27,25.06,True,
020b03ab-9adc-434a-a289-a0db68763552,چکاپا,operating_profit_ttm,-1209125000000.0,-1209125000000.0,False,DIRECT_CANONICAL
020b03ab-9adc-434a-a289-a0db68763552,چکاپا,revenue_ttm,19433161000000.0,19433161000000.0,False,DIRECT_CANONICAL
020b03ab-9adc-434a-a289-a0db68763552,چکاپا,net_profit_ttm,-2193519000000.0,-2193519000000.0,False,DIRECT_CANONICAL
020b03ab-9adc-434a-a289-a0db68763552,چکاپا,eps_ttm,-183.0,-183.0,False,DIRECT_CANONICAL
020b03ab-9adc-434a-a289-a0db68763552,چکاپا,operating_cash_flow_ttm,,,False,DIRECT_CANONICAL
020b03ab-9adc-434a-a289-a0db68763552,چکاپا,operating_margin,-6.221967697380782,-6.221967697380782,False,
020b03ab-9adc-434a-a289-a0db68763552,چکاپا,operating_profit_growth,,,False,
020b03ab-9adc-434a-a289-a0db68763552,چکاپا,net_margin,-11.287504899485986,-11.287504899485986,False,
020b03ab-9adc-434a-a289-a0db68763552,چکاپا,roe,-42.58745010069656,-42.58745010069656,False,
020b03ab-9adc-434a-a289-a0db68763552,چکاپا,growth_score,15.0,15.0,False,
020b03ab-9adc-434a-a289-a0db68763552,چکاپا,profitability_score,0.0,0.0,False,
020b03ab-9adc-434a-a289-a0db68763552,چکاپا,valuation_score,0.0,0.0,False,
020b03ab-9adc-434a-a289-a0db68763552,چکاپا,market_score,3.7,3.7,False,
020b03ab-9adc-434a-a289-a0db68763552,چکاپا,data_quality_score,1.0,1.0,False,
020b03ab-9adc-434a-a289-a0db68763552,چکاپا,quant_score,18.71,18.71,False,
acb29719-e4c7-426e-b521-9fbf6065d9fb,دلقما,operating_profit_ttm,13558017000000.0,13558017000000.0,False,DIRECT_CANONICAL
acb29719-e4c7-426e-b521-9fbf6065d9fb,دلقما,revenue_ttm,31414788000000.0,31414788000000.0,False,DIRECT_CANONICAL
acb29719-e4c7-426e-b521-9fbf6065d9fb,دلقما,net_profit_ttm,11353304000000.0,11353304000000.0,False,DIRECT_CANONICAL
acb29719-e4c7-426e-b521-9fbf6065d9fb,دلقما,eps_ttm,1071.0,1071.0,False,DIRECT_CANONICAL
acb29719-e4c7-426e-b521-9fbf6065d9fb,دلقما,operating_cash_flow_ttm,,,False,DIRECT_CANONICAL
acb29719-e4c7-426e-b521-9fbf6065d9fb,دلقما,operating_margin,43.1580725612409,43.1580725612409,False,
acb29719-e4c7-426e-b521-9fbf6065d9fb,دلقما,operating_profit_growth,760.9161207897203,760.9161207897203,False,
acb29719-e4c7-426e-b521-9fbf6065d9fb,دلقما,net_margin,36.139998780192315,36.139998780192315,False,
acb29719-e4c7-426e-b521-9fbf6065d9fb,دلقما,roe,50.070309568941596,50.070309568941596,False,
acb29719-e4c7-426e-b521-9fbf6065d9fb,دلقما,growth_score,29.2,28.4,True,
acb29719-e4c7-426e-b521-9fbf6065d9fb,دلقما,profitability_score,16.5,16.5,False,
acb29719-e4c7-426e-b521-9fbf6065d9fb,دلقما,valuation_score,9.0,8.8,True,
acb29719-e4c7-426e-b521-9fbf6065d9fb,دلقما,market_score,5.5,5.5,False,
acb29719-e4c7-426e-b521-9fbf6065d9fb,دلقما,data_quality_score,1.0,1.0,False,
acb29719-e4c7-426e-b521-9fbf6065d9fb,دلقما,quant_score,60.16,59.29,True,
ee1187a5-1612-42d1-93a7-01ff78104213,سپیدار,operating_profit_ttm,11527311000000.0,11527311000000.0,False,DIRECT_CANONICAL
ee1187a5-1612-42d1-93a7-01ff78104213,سپیدار,revenue_ttm,13456574000000.0,13456574000000.0,False,DIRECT_CANONICAL
ee1187a5-1612-42d1-93a7-01ff78104213,سپیدار,net_profit_ttm,13033268000000.0,13033268000000.0,False,DIRECT_CANONICAL
ee1187a5-1612-42d1-93a7-01ff78104213,سپیدار,eps_ttm,732.0,732.0,False,DIRECT_CANONICAL
ee1187a5-1612-42d1-93a7-01ff78104213,سپیدار,operating_cash_flow_ttm,,,False,DIRECT_CANONICAL
ee1187a5-1612-42d1-93a7-01ff78104213,سپیدار,operating_margin,85.66304469473434,85.66304469473434,False,
ee1187a5-1612-42d1-93a7-01ff78104213,سپیدار,operating_profit_growth,,1152731000.0,True,
ee1187a5-1612-42d1-93a7-01ff78104213,سپیدار,net_margin,96.8542810376549,96.8542810376549,False,
ee1187a5-1612-42d1-93a7-01ff78104213,سپیدار,roe,55.995984079646114,55.995984079646114,False,
ee1187a5-1612-42d1-93a7-01ff78104213,سپیدار,growth_score,12.0,13.5,True,
ee1187a5-1612-42d1-93a7-01ff78104213,سپیدار,profitability_score,14.4,14.4,False,
ee1187a5-1612-42d1-93a7-01ff78104213,سپیدار,valuation_score,6.5,6.3,True,
ee1187a5-1612-42d1-93a7-01ff78104213,سپیدار,market_score,5.4,5.4,False,
ee1187a5-1612-42d1-93a7-01ff78104213,سپیدار,data_quality_score,1.0,1.0,False,
ee1187a5-1612-42d1-93a7-01ff78104213,سپیدار,quant_score,38.39,39.63,True,
60f50a23-e56e-45d4-bbb8-413dfe433784,سهرمز,operating_profit_ttm,-1000000.0,-1000000.0,False,DIRECT_CANONICAL
60f50a23-e56e-45d4-bbb8-413dfe433784,سهرمز,revenue_ttm,,,False,INSUFFICIENT_TTM_PERIODS
60f50a23-e56e-45d4-bbb8-413dfe433784,سهرمز,net_profit_ttm,,,False,INSUFFICIENT_TTM_PERIODS
60f50a23-e56e-45d4-bbb8-413dfe433784,سهرمز,eps_ttm,4948.0,4948.0,False,DIRECT_CANONICAL
60f50a23-e56e-45d4-bbb8-413dfe433784,سهرمز,operating_cash_flow_ttm,,,False,INSUFFICIENT_TTM_PERIODS
60f50a23-e56e-45d4-bbb8-413dfe433784,سهرمز,operating_margin,,,False,
60f50a23-e56e-45d4-bbb8-413dfe433784,سهرمز,operating_profit_growth,,,False,
60f50a23-e56e-45d4-bbb8-413dfe433784,سهرمز,net_margin,,,False,
60f50a23-e56e-45d4-bbb8-413dfe433784,سهرمز,roe,,,False,
60f50a23-e56e-45d4-bbb8-413dfe433784,سهرمز,growth_score,9.3,9.3,False,
60f50a23-e56e-45d4-bbb8-413dfe433784,سهرمز,profitability_score,9.2,9.2,False,
60f50a23-e56e-45d4-bbb8-413dfe433784,سهرمز,valuation_score,10.4,10.4,False,
60f50a23-e56e-45d4-bbb8-413dfe433784,سهرمز,market_score,4.1,4.1,False,
60f50a23-e56e-45d4-bbb8-413dfe433784,سهرمز,data_quality_score,1.0,1.0,False,
60f50a23-e56e-45d4-bbb8-413dfe433784,سهرمز,quant_score,33.08,33.04,True,
f5fdc667-05c5-49a5-97e6-a8e535c3ca01,بزاگرس,operating_profit_ttm,,1255762000000.0,True,REPORT_CHAIN_TTM
f5fdc667-05c5-49a5-97e6-a8e535c3ca01,بزاگرس,revenue_ttm,,,False,INSUFFICIENT_TTM_PERIODS
f5fdc667-05c5-49a5-97e6-a8e535c3ca01,بزاگرس,net_profit_ttm,,,False,INSUFFICIENT_TTM_PERIODS
f5fdc667-05c5-49a5-97e6-a8e535c3ca01,بزاگرس,eps_ttm,488.0,488.0,False,DIRECT_CANONICAL
f5fdc667-05c5-49a5-97e6-a8e535c3ca01,بزاگرس,operating_cash_flow_ttm,,,False,INSUFFICIENT_TTM_PERIODS
f5fdc667-05c5-49a5-97e6-a8e535c3ca01,بزاگرس,operating_margin,,,False,
f5fdc667-05c5-49a5-97e6-a8e535c3ca01,بزاگرس,operating_profit_growth,,125576100.0,True,
f5fdc667-05c5-49a5-97e6-a8e535c3ca01,بزاگرس,net_margin,,,False,
f5fdc667-05c5-49a5-97e6-a8e535c3ca01,بزاگرس,roe,,,False,
f5fdc667-05c5-49a5-97e6-a8e535c3ca01,بزاگرس,growth_score,14.7,16.2,True,
f5fdc667-05c5-49a5-97e6-a8e535c3ca01,بزاگرس,profitability_score,9.2,9.2,False,
f5fdc667-05c5-49a5-97e6-a8e535c3ca01,بزاگرس,valuation_score,2.8,2.6,True,
f5fdc667-05c5-49a5-97e6-a8e535c3ca01,بزاگرس,market_score,3.8,3.8,False,
f5fdc667-05c5-49a5-97e6-a8e535c3ca01,بزاگرس,data_quality_score,1.0,1.0,False,
f5fdc667-05c5-49a5-97e6-a8e535c3ca01,بزاگرس,quant_score,30.52,31.78,True,
1d00ce2a-cec3-48b3-b833-05c43918456c,های وب3,operating_profit_ttm,,-1021920000000.0,True,REPORT_CHAIN_TTM
1d00ce2a-cec3-48b3-b833-05c43918456c,های وب3,revenue_ttm,,,False,INSUFFICIENT_TTM_PERIODS
1d00ce2a-cec3-48b3-b833-05c43918456c,های وب3,net_profit_ttm,,,False,INSUFFICIENT_TTM_PERIODS
1d00ce2a-cec3-48b3-b833-05c43918456c,های وب3,eps_ttm,-47.0,-47.0,False,DIRECT_CANONICAL
1d00ce2a-cec3-48b3-b833-05c43918456c,های وب3,operating_cash_flow_ttm,,,False,INSUFFICIENT_TTM_PERIODS
1d00ce2a-cec3-48b3-b833-05c43918456c,های وب3,operating_margin,,,False,
1d00ce2a-cec3-48b3-b833-05c43918456c,های وب3,operating_profit_growth,,-102192100.0,True,
1d00ce2a-cec3-48b3-b833-05c43918456c,های وب3,net_margin,,,False,
1d00ce2a-cec3-48b3-b833-05c43918456c,های وب3,roe,,,False,
1d00ce2a-cec3-48b3-b833-05c43918456c,های وب3,growth_score,0.4,0.0,True,
1d00ce2a-cec3-48b3-b833-05c43918456c,های وب3,profitability_score,9.2,9.2,False,
1d00ce2a-cec3-48b3-b833-05c43918456c,های وب3,valuation_score,0.0,0.0,False,
1d00ce2a-cec3-48b3-b833-05c43918456c,های وب3,market_score,5.4,5.4,False,
1d00ce2a-cec3-48b3-b833-05c43918456c,های وب3,data_quality_score,1.0,1.0,False,
1d00ce2a-cec3-48b3-b833-05c43918456c,های وب3,quant_score,15.03,14.64,True,
05ecd46d-8a0d-4645-bc21-f8fb1c406778,تکمبا,operating_profit_ttm,,369685000000.0,True,REPORT_CHAIN_TTM
05ecd46d-8a0d-4645-bc21-f8fb1c406778,تکمبا,revenue_ttm,,,False,INSUFFICIENT_TTM_PERIODS
05ecd46d-8a0d-4645-bc21-f8fb1c406778,تکمبا,net_profit_ttm,,,False,INSUFFICIENT_TTM_PERIODS
05ecd46d-8a0d-4645-bc21-f8fb1c406778,تکمبا,eps_ttm,726.0,726.0,False,DIRECT_CANONICAL
05ecd46d-8a0d-4645-bc21-f8fb1c406778,تکمبا,operating_cash_flow_ttm,,,False,INSUFFICIENT_TTM_PERIODS
05ecd46d-8a0d-4645-bc21-f8fb1c406778,تکمبا,operating_margin,,,False,
05ecd46d-8a0d-4645-bc21-f8fb1c406778,تکمبا,operating_profit_growth,,36968400.0,True,
05ecd46d-8a0d-4645-bc21-f8fb1c406778,تکمبا,net_margin,,,False,
05ecd46d-8a0d-4645-bc21-f8fb1c406778,تکمبا,roe,,,False,
05ecd46d-8a0d-4645-bc21-f8fb1c406778,تکمبا,growth_score,10.8,12.3,True,
05ecd46d-8a0d-4645-bc21-f8fb1c406778,تکمبا,profitability_score,9.2,9.2,False,
05ecd46d-8a0d-4645-bc21-f8fb1c406778,تکمبا,valuation_score,3.4,3.2,True,
05ecd46d-8a0d-4645-bc21-f8fb1c406778,تکمبا,market_score,2.7,2.7,False,
05ecd46d-8a0d-4645-bc21-f8fb1c406778,تکمبا,data_quality_score,0.8,0.8,False,
05ecd46d-8a0d-4645-bc21-f8fb1c406778,تکمبا,quant_score,20.91,21.91,True,
4f4d423a-803d-4d7c-9eaa-6e663a9826a4,ستران,operating_profit_ttm,,6060427000000.0,True,REPORT_CHAIN_TTM
4f4d423a-803d-4d7c-9eaa-6e663a9826a4,ستران,revenue_ttm,,,False,INSUFFICIENT_TTM_PERIODS
4f4d423a-803d-4d7c-9eaa-6e663a9826a4,ستران,net_profit_ttm,,,False,INSUFFICIENT_TTM_PERIODS
4f4d423a-803d-4d7c-9eaa-6e663a9826a4,ستران,eps_ttm,1902.0,1902.0,False,DIRECT_CANONICAL
4f4d423a-803d-4d7c-9eaa-6e663a9826a4,ستران,operating_cash_flow_ttm,,,False,INSUFFICIENT_TTM_PERIODS
4f4d423a-803d-4d7c-9eaa-6e663a9826a4,ستران,operating_margin,,,False,
4f4d423a-803d-4d7c-9eaa-6e663a9826a4,ستران,operating_profit_growth,,606042600.0,True,
4f4d423a-803d-4d7c-9eaa-6e663a9826a4,ستران,net_margin,,,False,
4f4d423a-803d-4d7c-9eaa-6e663a9826a4,ستران,roe,,,False,
4f4d423a-803d-4d7c-9eaa-6e663a9826a4,ستران,growth_score,10.8,12.3,True,
4f4d423a-803d-4d7c-9eaa-6e663a9826a4,ستران,profitability_score,9.2,9.2,False,
4f4d423a-803d-4d7c-9eaa-6e663a9826a4,ستران,valuation_score,7.7,7.5,True,
4f4d423a-803d-4d7c-9eaa-6e663a9826a4,ستران,market_score,4.4,4.4,False,
4f4d423a-803d-4d7c-9eaa-6e663a9826a4,ستران,data_quality_score,0.8,0.8,False,
4f4d423a-803d-4d7c-9eaa-6e663a9826a4,ستران,quant_score,25.67,26.67,True,
b56a14a1-c8d4-4f86-a5a2-d0ff69669d56,غشان,operating_profit_ttm,,3585847000000.0,True,REPORT_CHAIN_TTM
b56a14a1-c8d4-4f86-a5a2-d0ff69669d56,غشان,revenue_ttm,,,False,MISSING_PRIOR_ANNUAL
b56a14a1-c8d4-4f86-a5a2-d0ff69669d56,غشان,net_profit_ttm,,,False,INSUFFICIENT_TTM_PERIODS
b56a14a1-c8d4-4f86-a5a2-d0ff69669d56,غشان,eps_ttm,1497.0,1497.0,False,DIRECT_CANONICAL
b56a14a1-c8d4-4f86-a5a2-d0ff69669d56,غشان,operating_cash_flow_ttm,,,False,INSUFFICIENT_TTM_PERIODS
b56a14a1-c8d4-4f86-a5a2-d0ff69669d56,غشان,operating_margin,,,False,
b56a14a1-c8d4-4f86-a5a2-d0ff69669d56,غشان,operating_profit_growth,,,False,
b56a14a1-c8d4-4f86-a5a2-d0ff69669d56,غشان,net_margin,,,False,
b56a14a1-c8d4-4f86-a5a2-d0ff69669d56,غشان,roe,,,False,
b56a14a1-c8d4-4f86-a5a2-d0ff69669d56,غشان,growth_score,16.9,16.9,False,
b56a14a1-c8d4-4f86-a5a2-d0ff69669d56,غشان,profitability_score,9.2,9.0,True,
b56a14a1-c8d4-4f86-a5a2-d0ff69669d56,غشان,valuation_score,3.4,3.2,True,
b56a14a1-c8d4-4f86-a5a2-d0ff69669d56,غشان,market_score,4.8,4.8,False,
b56a14a1-c8d4-4f86-a5a2-d0ff69669d56,غشان,data_quality_score,1.0,1.0,False,
b56a14a1-c8d4-4f86-a5a2-d0ff69669d56,غشان,quant_score,34.37,33.92,True,
15b866bf-8c4f-45f4-90b3-dbc154615cbe,کحافظ,operating_profit_ttm,10055736000000.0,10055736000000.0,False,DIRECT_CANONICAL
15b866bf-8c4f-45f4-90b3-dbc154615cbe,کحافظ,revenue_ttm,34658741000000.0,34658741000000.0,False,DIRECT_CANONICAL
15b866bf-8c4f-45f4-90b3-dbc154615cbe,کحافظ,net_profit_ttm,8527596000000.0,8527596000000.0,False,DIRECT_CANONICAL
15b866bf-8c4f-45f4-90b3-dbc154615cbe,کحافظ,eps_ttm,387.0,387.0,False,DIRECT_CANONICAL
15b866bf-8c4f-45f4-90b3-dbc154615cbe,کحافظ,operating_cash_flow_ttm,,,False,DIRECT_CANONICAL
15b866bf-8c4f-45f4-90b3-dbc154615cbe,کحافظ,operating_margin,29.013563995299197,29.013563995299197,False,
15b866bf-8c4f-45f4-90b3-dbc154615cbe,کحافظ,operating_profit_growth,,1005573500.0,True,
15b866bf-8c4f-45f4-90b3-dbc154615cbe,کحافظ,net_margin,24.604459810008677,24.604459810008677,False,
15b866bf-8c4f-45f4-90b3-dbc154615cbe,کحافظ,roe,22.066721406528245,22.066721406528245,False,
15b866bf-8c4f-45f4-90b3-dbc154615cbe,کحافظ,growth_score,15.4,16.8,True,
15b866bf-8c4f-45f4-90b3-dbc154615cbe,کحافظ,profitability_score,10.6,10.9,True,
15b866bf-8c4f-45f4-90b3-dbc154615cbe,کحافظ,valuation_score,13.0,12.8,True,
15b866bf-8c4f-45f4-90b3-dbc154615cbe,کحافظ,market_score,6.3,6.3,False,
15b866bf-8c4f-45f4-90b3-dbc154615cbe,کحافظ,data_quality_score,1.0,1.0,False,
15b866bf-8c4f-45f4-90b3-dbc154615cbe,کحافظ,quant_score,45.22,46.72,True,
3516f4ca-b566-4918-b491-df4dd5f30569,ساوه,operating_profit_ttm,,10001229000000.0,True,REPORT_CHAIN_TTM
3516f4ca-b566-4918-b491-df4dd5f30569,ساوه,revenue_ttm,,,False,INSUFFICIENT_TTM_PERIODS
3516f4ca-b566-4918-b491-df4dd5f30569,ساوه,net_profit_ttm,,,False,INSUFFICIENT_TTM_PERIODS
3516f4ca-b566-4918-b491-df4dd5f30569,ساوه,eps_ttm,1489.0,1489.0,False,DIRECT_CANONICAL
3516f4ca-b566-4918-b491-df4dd5f30569,ساوه,operating_cash_flow_ttm,,,False,INSUFFICIENT_TTM_PERIODS
3516f4ca-b566-4918-b491-df4dd5f30569,ساوه,operating_margin,,,False,
3516f4ca-b566-4918-b491-df4dd5f30569,ساوه,operating_profit_growth,,1000123000.0,True,
3516f4ca-b566-4918-b491-df4dd5f30569,ساوه,net_margin,,,False,
3516f4ca-b566-4918-b491-df4dd5f30569,ساوه,roe,,,False,
3516f4ca-b566-4918-b491-df4dd5f30569,ساوه,growth_score,10.8,12.3,True,
3516f4ca-b566-4918-b491-df4dd5f30569,ساوه,profitability_score,9.2,9.2,False,
3516f4ca-b566-4918-b491-df4dd5f30569,ساوه,valuation_score,7.4,7.2,True,
3516f4ca-b566-4918-b491-df4dd5f30569,ساوه,market_score,3.1,3.1,False,
3516f4ca-b566-4918-b491-df4dd5f30569,ساوه,data_quality_score,0.8,0.8,False,
3516f4ca-b566-4918-b491-df4dd5f30569,ساوه,quant_score,24.36,25.37,True,
eee0ed28-6abc-401d-971e-5e4f42810310,کلوند,operating_profit_ttm,,7151558000000.0,True,REPORT_CHAIN_TTM
eee0ed28-6abc-401d-971e-5e4f42810310,کلوند,revenue_ttm,,,False,MISSING_PRIOR_ANNUAL
eee0ed28-6abc-401d-971e-5e4f42810310,کلوند,net_profit_ttm,,,False,INSUFFICIENT_TTM_PERIODS
eee0ed28-6abc-401d-971e-5e4f42810310,کلوند,eps_ttm,933.0,933.0,False,DIRECT_CANONICAL
eee0ed28-6abc-401d-971e-5e4f42810310,کلوند,operating_cash_flow_ttm,,,False,INSUFFICIENT_TTM_PERIODS
eee0ed28-6abc-401d-971e-5e4f42810310,کلوند,operating_margin,,,False,
eee0ed28-6abc-401d-971e-5e4f42810310,کلوند,operating_profit_growth,,715155700.0,True,
eee0ed28-6abc-401d-971e-5e4f42810310,کلوند,net_margin,,,False,
eee0ed28-6abc-401d-971e-5e4f42810310,کلوند,roe,,,False,
eee0ed28-6abc-401d-971e-5e4f42810310,کلوند,growth_score,14.7,16.2,True,
eee0ed28-6abc-401d-971e-5e4f42810310,کلوند,profitability_score,9.2,9.8,True,
eee0ed28-6abc-401d-971e-5e4f42810310,کلوند,valuation_score,6.8,6.6,True,
eee0ed28-6abc-401d-971e-5e4f42810310,کلوند,market_score,4.3,4.3,False,
eee0ed28-6abc-401d-971e-5e4f42810310,کلوند,data_quality_score,1.0,1.0,False,
eee0ed28-6abc-401d-971e-5e4f42810310,کلوند,quant_score,35.1,36.93,True,
aa357d8e-66fe-4cd6-880b-621b74350f44,پیزد,operating_profit_ttm,20359013000000.0,20359013000000.0,False,DIRECT_CANONICAL
aa357d8e-66fe-4cd6-880b-621b74350f44,پیزد,revenue_ttm,102556677000000.0,102556677000000.0,False,DIRECT_CANONICAL
aa357d8e-66fe-4cd6-880b-621b74350f44,پیزد,net_profit_ttm,15021184000000.0,15021184000000.0,False,DIRECT_CANONICAL
aa357d8e-66fe-4cd6-880b-621b74350f44,پیزد,eps_ttm,1598.0,1598.0,False,DIRECT_CANONICAL
aa357d8e-66fe-4cd6-880b-621b74350f44,پیزد,operating_cash_flow_ttm,,,False,DIRECT_CANONICAL
aa357d8e-66fe-4cd6-880b-621b74350f44,پیزد,operating_margin,19.851474906894655,19.851474906894655,False,
aa357d8e-66fe-4cd6-880b-621b74350f44,پیزد,operating_profit_growth,,2035901200.0,True,
aa357d8e-66fe-4cd6-880b-621b74350f44,پیزد,net_margin,14.646714811167291,14.646714811167291,False,
aa357d8e-66fe-4cd6-880b-621b74350f44,پیزد,roe,50.6914193177196,50.6914193177196,False,
aa357d8e-66fe-4cd6-880b-621b74350f44,پیزد,growth_score,18.1,19.6,True,
aa357d8e-66fe-4cd6-880b-621b74350f44,پیزد,profitability_score,10.7,10.8,True,
aa357d8e-66fe-4cd6-880b-621b74350f44,پیزد,valuation_score,10.9,10.7,True,
aa357d8e-66fe-4cd6-880b-621b74350f44,پیزد,market_score,6.5,6.5,False,
aa357d8e-66fe-4cd6-880b-621b74350f44,پیزد,data_quality_score,1.0,1.0,False,
aa357d8e-66fe-4cd6-880b-621b74350f44,پیزد,quant_score,46.2,47.6,True,
3de02d6f-b522-4169-8327-89f3838eaa7b,دجابر,operating_profit_ttm,10747783000000.0,10747783000000.0,False,DIRECT_CANONICAL
3de02d6f-b522-4169-8327-89f3838eaa7b,دجابر,revenue_ttm,31690526000000.0,31690526000000.0,False,DIRECT_CANONICAL
3de02d6f-b522-4169-8327-89f3838eaa7b,دجابر,net_profit_ttm,9520877000000.0,9520877000000.0,False,DIRECT_CANONICAL
3de02d6f-b522-4169-8327-89f3838eaa7b,دجابر,eps_ttm,4198.0,4198.0,False,DIRECT_CANONICAL
3de02d6f-b522-4169-8327-89f3838eaa7b,دجابر,operating_cash_flow_ttm,,,False,DIRECT_CANONICAL
3de02d6f-b522-4169-8327-89f3838eaa7b,دجابر,operating_margin,33.91481416244085,33.91481416244085,False,
3de02d6f-b522-4169-8327-89f3838eaa7b,دجابر,operating_profit_growth,1099.1572927149837,1099.1572927149837,False,
3de02d6f-b522-4169-8327-89f3838eaa7b,دجابر,net_margin,30.043291171626496,30.043291171626496,False,
3de02d6f-b522-4169-8327-89f3838eaa7b,دجابر,roe,50.19851367034804,50.19851367034804,False,
3de02d6f-b522-4169-8327-89f3838eaa7b,دجابر,growth_score,20.2,19.5,True,
3de02d6f-b522-4169-8327-89f3838eaa7b,دجابر,profitability_score,12.6,12.7,True,
3de02d6f-b522-4169-8327-89f3838eaa7b,دجابر,valuation_score,7.5,7.3,True,
3de02d6f-b522-4169-8327-89f3838eaa7b,دجابر,market_score,5.7,5.7,False,
3de02d6f-b522-4169-8327-89f3838eaa7b,دجابر,data_quality_score,1.0,1.0,False,
3de02d6f-b522-4169-8327-89f3838eaa7b,دجابر,quant_score,46.03,45.2,True,
a1b9524f-1caf-4d8a-92a9-0939117fc678,زپارس,operating_profit_ttm,,2537400000000.0,True,REPORT_CHAIN_TTM
a1b9524f-1caf-4d8a-92a9-0939117fc678,زپارس,revenue_ttm,,,False,INSUFFICIENT_TTM_PERIODS
a1b9524f-1caf-4d8a-92a9-0939117fc678,زپارس,net_profit_ttm,,,False,INSUFFICIENT_TTM_PERIODS
a1b9524f-1caf-4d8a-92a9-0939117fc678,زپارس,eps_ttm,4641.0,4641.0,False,DIRECT_CANONICAL
a1b9524f-1caf-4d8a-92a9-0939117fc678,زپارس,operating_cash_flow_ttm,,,False,INSUFFICIENT_TTM_PERIODS
a1b9524f-1caf-4d8a-92a9-0939117fc678,زپارس,operating_margin,,,False,
a1b9524f-1caf-4d8a-92a9-0939117fc678,زپارس,operating_profit_growth,,253739900.0,True,
a1b9524f-1caf-4d8a-92a9-0939117fc678,زپارس,net_margin,,,False,
a1b9524f-1caf-4d8a-92a9-0939117fc678,زپارس,roe,,,False,
a1b9524f-1caf-4d8a-92a9-0939117fc678,زپارس,growth_score,20.2,21.6,True,
a1b9524f-1caf-4d8a-92a9-0939117fc678,زپارس,profitability_score,9.2,9.2,False,
a1b9524f-1caf-4d8a-92a9-0939117fc678,زپارس,valuation_score,5.7,5.5,True,
a1b9524f-1caf-4d8a-92a9-0939117fc678,زپارس,market_score,2.8,2.8,False,
a1b9524f-1caf-4d8a-92a9-0939117fc678,زپارس,data_quality_score,1.0,1.0,False,
a1b9524f-1caf-4d8a-92a9-0939117fc678,زپارس,quant_score,37.82,39.08,True,
372183eb-79c1-4f39-85dc-2ae3a6f30082,غشهداب,operating_profit_ttm,,5658324000000.0,True,REPORT_CHAIN_TTM
372183eb-79c1-4f39-85dc-2ae3a6f30082,غشهداب,revenue_ttm,,,False,INSUFFICIENT_TTM_PERIODS
372183eb-79c1-4f39-85dc-2ae3a6f30082,غشهداب,net_profit_ttm,,,False,INSUFFICIENT_TTM_PERIODS
372183eb-79c1-4f39-85dc-2ae3a6f30082,غشهداب,eps_ttm,401.0,401.0,False,DIRECT_CANONICAL
372183eb-79c1-4f39-85dc-2ae3a6f30082,غشهداب,operating_cash_flow_ttm,,,False,INSUFFICIENT_TTM_PERIODS
372183eb-79c1-4f39-85dc-2ae3a6f30082,غشهداب,operating_margin,,,False,
372183eb-79c1-4f39-85dc-2ae3a6f30082,غشهداب,operating_profit_growth,,70.46127650652117,True,
372183eb-79c1-4f39-85dc-2ae3a6f30082,غشهداب,net_margin,,,False,
372183eb-79c1-4f39-85dc-2ae3a6f30082,غشهداب,roe,,,False,
372183eb-79c1-4f39-85dc-2ae3a6f30082,غشهداب,growth_score,12.9,12.0,True,
372183eb-79c1-4f39-85dc-2ae3a6f30082,غشهداب,profitability_score,9.2,9.2,False,
372183eb-79c1-4f39-85dc-2ae3a6f30082,غشهداب,valuation_score,8.8,8.6,True,
372183eb-79c1-4f39-85dc-2ae3a6f30082,غشهداب,market_score,4.8,4.8,False,
372183eb-79c1-4f39-85dc-2ae3a6f30082,غشهداب,data_quality_score,1.0,1.0,False,
372183eb-79c1-4f39-85dc-2ae3a6f30082,غشهداب,quant_score,35.67,34.56,True,
34575525-fd7c-4d83-baa8-bb38555bbf5b,بجهرم,operating_profit_ttm,12757084000000.0,12757084000000.0,False,DIRECT_CANONICAL
34575525-fd7c-4d83-baa8-bb38555bbf5b,بجهرم,revenue_ttm,24453788000000.0,24453788000000.0,False,DIRECT_CANONICAL
34575525-fd7c-4d83-baa8-bb38555bbf5b,بجهرم,net_profit_ttm,12195186000000.0,12195186000000.0,False,DIRECT_CANONICAL
34575525-fd7c-4d83-baa8-bb38555bbf5b,بجهرم,eps_ttm,365.0,365.0,False,DIRECT_CANONICAL
34575525-fd7c-4d83-baa8-bb38555bbf5b,بجهرم,operating_cash_flow_ttm,,,False,DIRECT_CANONICAL
34575525-fd7c-4d83-baa8-bb38555bbf5b,بجهرم,operating_margin,52.1681303526472,52.1681303526472,False,
34575525-fd7c-4d83-baa8-bb38555bbf5b,بجهرم,operating_profit_growth,,1275708300.0,True,
34575525-fd7c-4d83-baa8-bb38555bbf5b,بجهرم,net_margin,49.870335017216966,49.870335017216966,False,
34575525-fd7c-4d83-baa8-bb38555bbf5b,بجهرم,roe,21.273122262173917,21.273122262173917,False,
34575525-fd7c-4d83-baa8-bb38555bbf5b,بجهرم,growth_score,12.7,14.1,True,
34575525-fd7c-4d83-baa8-bb38555bbf5b,بجهرم,profitability_score,7.5,7.4,True,
34575525-fd7c-4d83-baa8-bb38555bbf5b,بجهرم,valuation_score,9.6,9.4,True,
34575525-fd7c-4d83-baa8-bb38555bbf5b,بجهرم,market_score,7.9,7.9,False,
34575525-fd7c-4d83-baa8-bb38555bbf5b,بجهرم,data_quality_score,1.0,1.0,False,
34575525-fd7c-4d83-baa8-bb38555bbf5b,بجهرم,quant_score,37.63,38.86,True,
60d888cd-26d1-4481-8535-1b9356d6c165,خچرخش,operating_profit_ttm,,389073000000.0,True,REPORT_CHAIN_TTM
60d888cd-26d1-4481-8535-1b9356d6c165,خچرخش,revenue_ttm,,,False,INSUFFICIENT_TTM_PERIODS
60d888cd-26d1-4481-8535-1b9356d6c165,خچرخش,net_profit_ttm,,,False,INSUFFICIENT_TTM_PERIODS
60d888cd-26d1-4481-8535-1b9356d6c165,خچرخش,eps_ttm,2593.0,2593.0,False,DIRECT_CANONICAL
60d888cd-26d1-4481-8535-1b9356d6c165,خچرخش,operating_cash_flow_ttm,,,False,INSUFFICIENT_TTM_PERIODS
60d888cd-26d1-4481-8535-1b9356d6c165,خچرخش,operating_margin,,,False,
60d888cd-26d1-4481-8535-1b9356d6c165,خچرخش,operating_profit_growth,,38907200.0,True,
60d888cd-26d1-4481-8535-1b9356d6c165,خچرخش,net_margin,,,False,
60d888cd-26d1-4481-8535-1b9356d6c165,خچرخش,roe,,,False,
60d888cd-26d1-4481-8535-1b9356d6c165,خچرخش,growth_score,10.8,12.3,True,
60d888cd-26d1-4481-8535-1b9356d6c165,خچرخش,profitability_score,9.2,9.2,False,
60d888cd-26d1-4481-8535-1b9356d6c165,خچرخش,valuation_score,5.3,5.0,True,
60d888cd-26d1-4481-8535-1b9356d6c165,خچرخش,market_score,4.1,4.1,False,
60d888cd-26d1-4481-8535-1b9356d6c165,خچرخش,data_quality_score,0.8,0.8,False,
60d888cd-26d1-4481-8535-1b9356d6c165,خچرخش,quant_score,23.48,24.49,True,
369f1c92-1cad-414e-8ef6-bb58cecc097d,سمازن,operating_profit_ttm,,17921942000000.0,True,REPORT_CHAIN_TTM
369f1c92-1cad-414e-8ef6-bb58cecc097d,سمازن,revenue_ttm,,,False,INSUFFICIENT_TTM_PERIODS
369f1c92-1cad-414e-8ef6-bb58cecc097d,سمازن,net_profit_ttm,,,False,INSUFFICIENT_TTM_PERIODS
369f1c92-1cad-414e-8ef6-bb58cecc097d,سمازن,eps_ttm,11804.0,11804.0,False,DIRECT_CANONICAL
369f1c92-1cad-414e-8ef6-bb58cecc097d,سمازن,operating_cash_flow_ttm,,,False,INSUFFICIENT_TTM_PERIODS
369f1c92-1cad-414e-8ef6-bb58cecc097d,سمازن,operating_margin,,,False,
369f1c92-1cad-414e-8ef6-bb58cecc097d,سمازن,operating_profit_growth,,1792194100.0,True,
369f1c92-1cad-414e-8ef6-bb58cecc097d,سمازن,net_margin,,,False,
369f1c92-1cad-414e-8ef6-bb58cecc097d,سمازن,roe,,,False,
369f1c92-1cad-414e-8ef6-bb58cecc097d,سمازن,growth_score,14.9,16.4,True,
369f1c92-1cad-414e-8ef6-bb58cecc097d,سمازن,profitability_score,9.2,9.2,False,
369f1c92-1cad-414e-8ef6-bb58cecc097d,سمازن,valuation_score,7.6,7.4,True,
369f1c92-1cad-414e-8ef6-bb58cecc097d,سمازن,market_score,4.8,4.8,False,
369f1c92-1cad-414e-8ef6-bb58cecc097d,سمازن,data_quality_score,1.0,1.0,False,
369f1c92-1cad-414e-8ef6-bb58cecc097d,سمازن,quant_score,36.55,37.81,True,
8bb132da-23f9-4665-bd9f-cf1b91b2ef9e,غپاک,operating_profit_ttm,,2052118000000.0,True,REPORT_CHAIN_TTM
8bb132da-23f9-4665-bd9f-cf1b91b2ef9e,غپاک,revenue_ttm,,,False,INSUFFICIENT_TTM_PERIODS
8bb132da-23f9-4665-bd9f-cf1b91b2ef9e,غپاک,net_profit_ttm,,,False,INSUFFICIENT_TTM_PERIODS
8bb132da-23f9-4665-bd9f-cf1b91b2ef9e,غپاک,eps_ttm,130.0,130.0,False,DIRECT_CANONICAL
8bb132da-23f9-4665-bd9f-cf1b91b2ef9e,غپاک,operating_cash_flow_ttm,,,False,INSUFFICIENT_TTM_PERIODS
8bb132da-23f9-4665-bd9f-cf1b91b2ef9e,غپاک,operating_margin,,,False,
8bb132da-23f9-4665-bd9f-cf1b91b2ef9e,غپاک,operating_profit_growth,,205211700.0,True,
8bb132da-23f9-4665-bd9f-cf1b91b2ef9e,غپاک,net_margin,,,False,
8bb132da-23f9-4665-bd9f-cf1b91b2ef9e,غپاک,roe,,,False,
8bb132da-23f9-4665-bd9f-cf1b91b2ef9e,غپاک,growth_score,10.8,12.3,True,
8bb132da-23f9-4665-bd9f-cf1b91b2ef9e,غپاک,profitability_score,9.2,9.2,False,
8bb132da-23f9-4665-bd9f-cf1b91b2ef9e,غپاک,valuation_score,2.6,2.4,True,
8bb132da-23f9-4665-bd9f-cf1b91b2ef9e,غپاک,market_score,3.4,3.4,False,
8bb132da-23f9-4665-bd9f-cf1b91b2ef9e,غپاک,data_quality_score,0.8,0.8,False,
8bb132da-23f9-4665-bd9f-cf1b91b2ef9e,غپاک,quant_score,20.81,21.82,True,
93152d48-33d9-437f-86bb-e6c4f91969fb,عالیس,operating_profit_ttm,34217114000000.0,34217114000000.0,False,DIRECT_CANONICAL
93152d48-33d9-437f-86bb-e6c4f91969fb,عالیس,revenue_ttm,115523905000000.0,115523905000000.0,False,DIRECT_CANONICAL
93152d48-33d9-437f-86bb-e6c4f91969fb,عالیس,net_profit_ttm,27832707000000.0,27832707000000.0,False,DIRECT_CANONICAL
93152d48-33d9-437f-86bb-e6c4f91969fb,عالیس,eps_ttm,1391.0,1391.0,False,DIRECT_CANONICAL
93152d48-33d9-437f-86bb-e6c4f91969fb,عالیس,operating_cash_flow_ttm,,,False,DIRECT_CANONICAL
93152d48-33d9-437f-86bb-e6c4f91969fb,عالیس,operating_margin,29.61907667508296,29.61907667508296,False,
93152d48-33d9-437f-86bb-e6c4f91969fb,عالیس,operating_profit_growth,,111.2291008616368,True,
93152d48-33d9-437f-86bb-e6c4f91969fb,عالیس,net_margin,24.092595381016597,24.092595381016597,False,
93152d48-33d9-437f-86bb-e6c4f91969fb,عالیس,roe,45.87906830735445,45.87906830735445,False,
93152d48-33d9-437f-86bb-e6c4f91969fb,عالیس,growth_score,13.0,12.2,True,
93152d48-33d9-437f-86bb-e6c4f91969fb,عالیس,profitability_score,14.8,14.9,True,
93152d48-33d9-437f-86bb-e6c4f91969fb,عالیس,valuation_score,14.8,14.7,True,
93152d48-33d9-437f-86bb-e6c4f91969fb,عالیس,market_score,7.1,7.1,False,
93152d48-33d9-437f-86bb-e6c4f91969fb,عالیس,data_quality_score,1.0,1.0,False,
93152d48-33d9-437f-86bb-e6c4f91969fb,عالیس,quant_score,49.65,48.88,True,
b2f13de3-6556-4820-8adb-21dee0af731e,قاسم,operating_profit_ttm,20490406000000.0,20490406000000.0,False,DIRECT_CANONICAL
b2f13de3-6556-4820-8adb-21dee0af731e,قاسم,revenue_ttm,356715698000000.0,356715698000000.0,False,DIRECT_CANONICAL
b2f13de3-6556-4820-8adb-21dee0af731e,قاسم,net_profit_ttm,16434370000000.0,16434370000000.0,False,DIRECT_CANONICAL
b2f13de3-6556-4820-8adb-21dee0af731e,قاسم,eps_ttm,301.0,301.0,False,DIRECT_CANONICAL
b2f13de3-6556-4820-8adb-21dee0af731e,قاسم,operating_cash_flow_ttm,,,False,DIRECT_CANONICAL
b2f13de3-6556-4820-8adb-21dee0af731e,قاسم,operating_margin,5.7441839859820245,5.7441839859820245,False,
b2f13de3-6556-4820-8adb-21dee0af731e,قاسم,operating_profit_growth,173.69222056297468,173.69222056297468,False,
b2f13de3-6556-4820-8adb-21dee0af731e,قاسم,net_margin,4.607133942280274,4.607133942280274,False,
b2f13de3-6556-4820-8adb-21dee0af731e,قاسم,roe,26.723793437890492,26.723793437890492,False,
b2f13de3-6556-4820-8adb-21dee0af731e,قاسم,growth_score,19.5,18.2,True,
b2f13de3-6556-4820-8adb-21dee0af731e,قاسم,profitability_score,7.3,7.4,True,
b2f13de3-6556-4820-8adb-21dee0af731e,قاسم,valuation_score,12.3,12.1,True,
b2f13de3-6556-4820-8adb-21dee0af731e,قاسم,market_score,2.6,2.6,False,
b2f13de3-6556-4820-8adb-21dee0af731e,قاسم,data_quality_score,1.0,1.0,False,
b2f13de3-6556-4820-8adb-21dee0af731e,قاسم,quant_score,41.62,40.33,True,
795ba3fd-e5af-4df2-be30-c8fab8a343f0,برکت,operating_profit_ttm,-1804909000000.0,-1804909000000.0,False,DIRECT_CANONICAL
795ba3fd-e5af-4df2-be30-c8fab8a343f0,برکت,revenue_ttm,-241751000000.0,-241751000000.0,False,DIRECT_CANONICAL
795ba3fd-e5af-4df2-be30-c8fab8a343f0,برکت,net_profit_ttm,523976000000.0,523976000000.0,False,DIRECT_CANONICAL
795ba3fd-e5af-4df2-be30-c8fab8a343f0,برکت,eps_ttm,47.0,47.0,False,DIRECT_CANONICAL
795ba3fd-e5af-4df2-be30-c8fab8a343f0,برکت,operating_cash_flow_ttm,,,False,DIRECT_CANONICAL
795ba3fd-e5af-4df2-be30-c8fab8a343f0,برکت,operating_margin,-746.5983594690405,-746.5983594690405,False,
795ba3fd-e5af-4df2-be30-c8fab8a343f0,برکت,operating_profit_growth,,-180491000.0,True,
795ba3fd-e5af-4df2-be30-c8fab8a343f0,برکت,net_margin,216.74201968140773,216.74201968140773,False,
795ba3fd-e5af-4df2-be30-c8fab8a343f0,برکت,roe,2.936787407599756,2.936787407599756,False,
795ba3fd-e5af-4df2-be30-c8fab8a343f0,برکت,growth_score,9.3,2.9,True,
795ba3fd-e5af-4df2-be30-c8fab8a343f0,برکت,profitability_score,0.0,0.0,False,
795ba3fd-e5af-4df2-be30-c8fab8a343f0,برکت,valuation_score,0.0,0.0,False,
795ba3fd-e5af-4df2-be30-c8fab8a343f0,برکت,market_score,5.9,5.9,False,
795ba3fd-e5af-4df2-be30-c8fab8a343f0,برکت,data_quality_score,0.8,0.8,False,
795ba3fd-e5af-4df2-be30-c8fab8a343f0,برکت,quant_score,12.14,7.03,True,
d6063f2d-6671-4400-ab8b-296bff19bd6a,دتماد,operating_profit_ttm,,7606579000000.0,True,REPORT_CHAIN_TTM
d6063f2d-6671-4400-ab8b-296bff19bd6a,دتماد,revenue_ttm,,,False,INSUFFICIENT_TTM_PERIODS
d6063f2d-6671-4400-ab8b-296bff19bd6a,دتماد,net_profit_ttm,,,False,INSUFFICIENT_TTM_PERIODS
d6063f2d-6671-4400-ab8b-296bff19bd6a,دتماد,eps_ttm,5719.0,5719.0,False,DIRECT_CANONICAL
d6063f2d-6671-4400-ab8b-296bff19bd6a,دتماد,operating_cash_flow_ttm,,,False,INSUFFICIENT_TTM_PERIODS
d6063f2d-6671-4400-ab8b-296bff19bd6a,دتماد,operating_margin,,,False,
d6063f2d-6671-4400-ab8b-296bff19bd6a,دتماد,operating_profit_growth,,760657800.0,True,
d6063f2d-6671-4400-ab8b-296bff19bd6a,دتماد,net_margin,,,False,
d6063f2d-6671-4400-ab8b-296bff19bd6a,دتماد,roe,,,False,
d6063f2d-6671-4400-ab8b-296bff19bd6a,دتماد,growth_score,10.8,12.3,True,
d6063f2d-6671-4400-ab8b-296bff19bd6a,دتماد,profitability_score,9.2,9.2,False,
d6063f2d-6671-4400-ab8b-296bff19bd6a,دتماد,valuation_score,4.5,4.3,True,
d6063f2d-6671-4400-ab8b-296bff19bd6a,دتماد,market_score,4.4,4.4,False,
d6063f2d-6671-4400-ab8b-296bff19bd6a,دتماد,data_quality_score,0.8,0.8,False,
d6063f2d-6671-4400-ab8b-296bff19bd6a,دتماد,quant_score,23.13,24.14,True,
9de95ae2-a790-4050-bb29-e983b5c47d55,ساربیل,operating_profit_ttm,,8729031000000.0,True,REPORT_CHAIN_TTM
9de95ae2-a790-4050-bb29-e983b5c47d55,ساربیل,revenue_ttm,,,False,INSUFFICIENT_TTM_PERIODS
9de95ae2-a790-4050-bb29-e983b5c47d55,ساربیل,net_profit_ttm,,,False,INSUFFICIENT_TTM_PERIODS
9de95ae2-a790-4050-bb29-e983b5c47d55,ساربیل,eps_ttm,11188.0,11188.0,False,DIRECT_CANONICAL
9de95ae2-a790-4050-bb29-e983b5c47d55,ساربیل,operating_cash_flow_ttm,,,False,INSUFFICIENT_TTM_PERIODS
9de95ae2-a790-4050-bb29-e983b5c47d55,ساربیل,operating_margin,,,False,
9de95ae2-a790-4050-bb29-e983b5c47d55,ساربیل,operating_profit_growth,,872903200.0,True,
9de95ae2-a790-4050-bb29-e983b5c47d55,ساربیل,net_margin,,,False,
9de95ae2-a790-4050-bb29-e983b5c47d55,ساربیل,roe,,,False,
9de95ae2-a790-4050-bb29-e983b5c47d55,ساربیل,growth_score,15.1,16.6,True,
9de95ae2-a790-4050-bb29-e983b5c47d55,ساربیل,profitability_score,9.2,9.2,False,
9de95ae2-a790-4050-bb29-e983b5c47d55,ساربیل,valuation_score,7.0,6.8,True,
9de95ae2-a790-4050-bb29-e983b5c47d55,ساربیل,market_score,3.5,3.5,False,
9de95ae2-a790-4050-bb29-e983b5c47d55,ساربیل,data_quality_score,1.0,1.0,False,
9de95ae2-a790-4050-bb29-e983b5c47d55,ساربیل,quant_score,34.75,36.01,True,
04a39bc5-53b1-45c5-b2dd-7530ff52c4e5,غدیس,operating_profit_ttm,,5890703000000.0,True,REPORT_CHAIN_TTM
04a39bc5-53b1-45c5-b2dd-7530ff52c4e5,غدیس,revenue_ttm,,,False,INSUFFICIENT_TTM_PERIODS
04a39bc5-53b1-45c5-b2dd-7530ff52c4e5,غدیس,net_profit_ttm,,,False,INSUFFICIENT_TTM_PERIODS
04a39bc5-53b1-45c5-b2dd-7530ff52c4e5,غدیس,eps_ttm,7776.0,7776.0,False,DIRECT_CANONICAL
04a39bc5-53b1-45c5-b2dd-7530ff52c4e5,غدیس,operating_cash_flow_ttm,,,False,INSUFFICIENT_TTM_PERIODS
04a39bc5-53b1-45c5-b2dd-7530ff52c4e5,غدیس,operating_margin,,,False,
04a39bc5-53b1-45c5-b2dd-7530ff52c4e5,غدیس,operating_profit_growth,,589070200.0,True,
04a39bc5-53b1-45c5-b2dd-7530ff52c4e5,غدیس,net_margin,,,False,
04a39bc5-53b1-45c5-b2dd-7530ff52c4e5,غدیس,roe,,,False,
04a39bc5-53b1-45c5-b2dd-7530ff52c4e5,غدیس,growth_score,14.2,15.6,True,
04a39bc5-53b1-45c5-b2dd-7530ff52c4e5,غدیس,profitability_score,9.2,9.2,False,
04a39bc5-53b1-45c5-b2dd-7530ff52c4e5,غدیس,valuation_score,11.0,11.0,False,
04a39bc5-53b1-45c5-b2dd-7530ff52c4e5,غدیس,market_score,2.8,2.8,False,
04a39bc5-53b1-45c5-b2dd-7530ff52c4e5,غدیس,data_quality_score,1.0,1.0,False,
04a39bc5-53b1-45c5-b2dd-7530ff52c4e5,غدیس,quant_score,37.12,38.59,True,
2724d89a-80a3-4a06-abf8-b0e8828ebcc3,شوینده,operating_profit_ttm,,-487660000000.0,True,REPORT_CHAIN_TTM
2724d89a-80a3-4a06-abf8-b0e8828ebcc3,شوینده,revenue_ttm,,,False,MISSING_PRIOR_ANNUAL
2724d89a-80a3-4a06-abf8-b0e8828ebcc3,شوینده,net_profit_ttm,,,False,INSUFFICIENT_TTM_PERIODS
2724d89a-80a3-4a06-abf8-b0e8828ebcc3,شوینده,eps_ttm,1748.0,1748.0,False,DIRECT_CANONICAL
2724d89a-80a3-4a06-abf8-b0e8828ebcc3,شوینده,operating_cash_flow_ttm,,,False,INSUFFICIENT_TTM_PERIODS
2724d89a-80a3-4a06-abf8-b0e8828ebcc3,شوینده,operating_margin,,,False,
2724d89a-80a3-4a06-abf8-b0e8828ebcc3,شوینده,operating_profit_growth,,,False,
2724d89a-80a3-4a06-abf8-b0e8828ebcc3,شوینده,net_margin,,,False,
2724d89a-80a3-4a06-abf8-b0e8828ebcc3,شوینده,roe,,,False,
2724d89a-80a3-4a06-abf8-b0e8828ebcc3,شوینده,growth_score,9.4,9.4,False,
2724d89a-80a3-4a06-abf8-b0e8828ebcc3,شوینده,profitability_score,9.2,8.2,True,
2724d89a-80a3-4a06-abf8-b0e8828ebcc3,شوینده,valuation_score,2.2,2.0,True,
2724d89a-80a3-4a06-abf8-b0e8828ebcc3,شوینده,market_score,2.4,2.4,False,
2724d89a-80a3-4a06-abf8-b0e8828ebcc3,شوینده,data_quality_score,0.8,0.8,False,
2724d89a-80a3-4a06-abf8-b0e8828ebcc3,شوینده,quant_score,18.53,17.54,True,
b9fb9258-4b25-4cd2-b2c0-8dc9ed5e384b,غاذر,operating_profit_ttm,3220873000000.0,3220873000000.0,False,DIRECT_CANONICAL
b9fb9258-4b25-4cd2-b2c0-8dc9ed5e384b,غاذر,revenue_ttm,5456970000000.0,5456970000000.0,False,DIRECT_CANONICAL
b9fb9258-4b25-4cd2-b2c0-8dc9ed5e384b,غاذر,net_profit_ttm,2723198000000.0,2723198000000.0,False,DIRECT_CANONICAL
b9fb9258-4b25-4cd2-b2c0-8dc9ed5e384b,غاذر,eps_ttm,3154.0,3154.0,False,DIRECT_CANONICAL
b9fb9258-4b25-4cd2-b2c0-8dc9ed5e384b,غاذر,operating_cash_flow_ttm,,,False,DIRECT_CANONICAL
b9fb9258-4b25-4cd2-b2c0-8dc9ed5e384b,غاذر,operating_margin,59.02310256424352,59.02310256424352,False,
b9fb9258-4b25-4cd2-b2c0-8dc9ed5e384b,غاذر,operating_profit_growth,395.48080916852547,395.48080916852547,False,
b9fb9258-4b25-4cd2-b2c0-8dc9ed5e384b,غاذر,net_margin,49.90311473216822,49.90311473216822,False,
b9fb9258-4b25-4cd2-b2c0-8dc9ed5e384b,غاذر,roe,64.40419337070539,64.40419337070539,False,
b9fb9258-4b25-4cd2-b2c0-8dc9ed5e384b,غاذر,growth_score,31.1,30.3,True,
b9fb9258-4b25-4cd2-b2c0-8dc9ed5e384b,غاذر,profitability_score,18.7,18.8,True,
b9fb9258-4b25-4cd2-b2c0-8dc9ed5e384b,غاذر,valuation_score,8.1,7.9,True,
b9fb9258-4b25-4cd2-b2c0-8dc9ed5e384b,غاذر,market_score,8.1,8.1,False,
b9fb9258-4b25-4cd2-b2c0-8dc9ed5e384b,غاذر,data_quality_score,1.0,1.0,False,
b9fb9258-4b25-4cd2-b2c0-8dc9ed5e384b,غاذر,quant_score,65.98,65.16,True,
3935dd3a-8346-41cb-85f5-e034bba5e72b,شبندر,operating_profit_ttm,1224436604000000.0,1224436604000000.0,False,DIRECT_CANONICAL
3935dd3a-8346-41cb-85f5-e034bba5e72b,شبندر,revenue_ttm,7768012530000000.0,7768012530000000.0,False,DIRECT_CANONICAL
3935dd3a-8346-41cb-85f5-e034bba5e72b,شبندر,net_profit_ttm,1046821058000000.0,1046821058000000.0,False,DIRECT_CANONICAL
3935dd3a-8346-41cb-85f5-e034bba5e72b,شبندر,eps_ttm,2555.0,2555.0,False,DIRECT_CANONICAL
3935dd3a-8346-41cb-85f5-e034bba5e72b,شبندر,operating_cash_flow_ttm,,,False,DIRECT_CANONICAL
3935dd3a-8346-41cb-85f5-e034bba5e72b,شبندر,operating_margin,15.762546716695372,15.762546716695372,False,
3935dd3a-8346-41cb-85f5-e034bba5e72b,شبندر,operating_profit_growth,,122443660300.0,True,
3935dd3a-8346-41cb-85f5-e034bba5e72b,شبندر,net_margin,13.476047495510413,13.476047495510413,False,
3935dd3a-8346-41cb-85f5-e034bba5e72b,شبندر,roe,60.33744531495137,60.33744531495137,False,
3935dd3a-8346-41cb-85f5-e034bba5e72b,شبندر,growth_score,16.6,18.1,True,
3935dd3a-8346-41cb-85f5-e034bba5e72b,شبندر,profitability_score,11.9,12.1,True,
3935dd3a-8346-41cb-85f5-e034bba5e72b,شبندر,valuation_score,13.6,13.4,True,
3935dd3a-8346-41cb-85f5-e034bba5e72b,شبندر,market_score,8.9,8.9,False,
3935dd3a-8346-41cb-85f5-e034bba5e72b,شبندر,data_quality_score,1.0,1.0,False,
3935dd3a-8346-41cb-85f5-e034bba5e72b,شبندر,quant_score,50.95,52.44,True,
28145ccd-d2bd-434f-b935-454d1740ec75,حفارس,operating_profit_ttm,698523000000.0,698523000000.0,False,DIRECT_CANONICAL
28145ccd-d2bd-434f-b935-454d1740ec75,حفارس,revenue_ttm,29312668000000.0,29312668000000.0,False,DIRECT_CANONICAL
28145ccd-d2bd-434f-b935-454d1740ec75,حفارس,net_profit_ttm,2933405000000.0,2933405000000.0,False,DIRECT_CANONICAL
28145ccd-d2bd-434f-b935-454d1740ec75,حفارس,eps_ttm,149.0,149.0,False,DIRECT_CANONICAL
28145ccd-d2bd-434f-b935-454d1740ec75,حفارس,operating_cash_flow_ttm,,,False,DIRECT_CANONICAL
28145ccd-d2bd-434f-b935-454d1740ec75,حفارس,operating_margin,2.3830072376898617,2.3830072376898617,False,
28145ccd-d2bd-434f-b935-454d1740ec75,حفارس,operating_profit_growth,,458.7290033594625,True,
28145ccd-d2bd-434f-b935-454d1740ec75,حفارس,net_margin,10.007294457126864,10.007294457126864,False,
28145ccd-d2bd-434f-b935-454d1740ec75,حفارس,roe,12.702424793234115,12.702424793234115,False,
28145ccd-d2bd-434f-b935-454d1740ec75,حفارس,growth_score,5.9,7.3,True,
28145ccd-d2bd-434f-b935-454d1740ec75,حفارس,profitability_score,0.7,0.9,True,
28145ccd-d2bd-434f-b935-454d1740ec75,حفارس,valuation_score,0.0,0.0,False,
28145ccd-d2bd-434f-b935-454d1740ec75,حفارس,market_score,7.7,7.7,False,
28145ccd-d2bd-434f-b935-454d1740ec75,حفارس,data_quality_score,1.0,1.0,False,
28145ccd-d2bd-434f-b935-454d1740ec75,حفارس,quant_score,14.23,15.87,True,
7f80bee8-503d-46cc-9c8a-d410ee29972f,فملی,operating_profit_ttm,2433593721000000.0,2433593721000000.0,False,DIRECT_CANONICAL
7f80bee8-503d-46cc-9c8a-d410ee29972f,فملی,revenue_ttm,4057564279000000.0,4057564279000000.0,False,DIRECT_CANONICAL
7f80bee8-503d-46cc-9c8a-d410ee29972f,فملی,net_profit_ttm,2031135837000000.0,2031135837000000.0,False,DIRECT_CANONICAL
7f80bee8-503d-46cc-9c8a-d410ee29972f,فملی,eps_ttm,1934.0,1934.0,False,DIRECT_CANONICAL
7f80bee8-503d-46cc-9c8a-d410ee29972f,فملی,operating_cash_flow_ttm,,,False,DIRECT_CANONICAL
7f80bee8-503d-46cc-9c8a-d410ee29972f,فملی,operating_margin,59.97671395115316,59.97671395115316,False,
7f80bee8-503d-46cc-9c8a-d410ee29972f,فملی,operating_profit_growth,,243359372000.0,True,
7f80bee8-503d-46cc-9c8a-d410ee29972f,فملی,net_margin,50.0580076454286,50.0580076454286,False,
7f80bee8-503d-46cc-9c8a-d410ee29972f,فملی,roe,53.51427302442615,53.51427302442615,False,
7f80bee8-503d-46cc-9c8a-d410ee29972f,فملی,growth_score,19.4,20.8,True,
7f80bee8-503d-46cc-9c8a-d410ee29972f,فملی,profitability_score,19.4,19.4,False,
7f80bee8-503d-46cc-9c8a-d410ee29972f,فملی,valuation_score,6.8,6.6,True,
7f80bee8-503d-46cc-9c8a-d410ee29972f,فملی,market_score,6.5,6.5,False,
7f80bee8-503d-46cc-9c8a-d410ee29972f,فملی,data_quality_score,1.0,1.0,False,
7f80bee8-503d-46cc-9c8a-d410ee29972f,فملی,quant_score,51.98,53.31,True,
c81865ec-fec8-4aa2-ab06-775d56dfb937,کگل,operating_profit_ttm,170262873000000.0,170262873000000.0,False,DIRECT_CANONICAL
c81865ec-fec8-4aa2-ab06-775d56dfb937,کگل,revenue_ttm,1026929744000000.0,1026929744000000.0,False,DIRECT_CANONICAL
c81865ec-fec8-4aa2-ab06-775d56dfb937,کگل,net_profit_ttm,158008844000000.0,158008844000000.0,False,DIRECT_CANONICAL
c81865ec-fec8-4aa2-ab06-775d56dfb937,کگل,eps_ttm,274.0,274.0,False,DIRECT_CANONICAL
c81865ec-fec8-4aa2-ab06-775d56dfb937,کگل,operating_cash_flow_ttm,,,False,DIRECT_CANONICAL
c81865ec-fec8-4aa2-ab06-775d56dfb937,کگل,operating_margin,16.579797595189724,16.579797595189724,False,
c81865ec-fec8-4aa2-ab06-775d56dfb937,کگل,operating_profit_growth,,17026287200.0,True,
c81865ec-fec8-4aa2-ab06-775d56dfb937,کگل,net_margin,15.386529110018648,15.386529110018648,False,
c81865ec-fec8-4aa2-ab06-775d56dfb937,کگل,roe,20.881517800288744,20.881517800288744,False,
c81865ec-fec8-4aa2-ab06-775d56dfb937,کگل,growth_score,9.8,11.3,True,
c81865ec-fec8-4aa2-ab06-775d56dfb937,کگل,profitability_score,5.3,5.4,True,
c81865ec-fec8-4aa2-ab06-775d56dfb937,کگل,valuation_score,8.6,8.4,True,
c81865ec-fec8-4aa2-ab06-775d56dfb937,کگل,market_score,5.1,5.1,False,
c81865ec-fec8-4aa2-ab06-775d56dfb937,کگل,data_quality_score,1.0,1.0,False,
c81865ec-fec8-4aa2-ab06-775d56dfb937,کگل,quant_score,28.8,30.22,True,
5afe467f-4933-4498-9670-0276dbd1376f,شیران,operating_profit_ttm,88331833000000.0,88331833000000.0,False,DIRECT_CANONICAL
5afe467f-4933-4498-9670-0276dbd1376f,شیران,revenue_ttm,267537402000000.0,267537402000000.0,False,DIRECT_CANONICAL
5afe467f-4933-4498-9670-0276dbd1376f,شیران,net_profit_ttm,73967505000000.0,73967505000000.0,False,DIRECT_CANONICAL
5afe467f-4933-4498-9670-0276dbd1376f,شیران,eps_ttm,1358.0,1358.0,False,DIRECT_CANONICAL
5afe467f-4933-4498-9670-0276dbd1376f,شیران,operating_cash_flow_ttm,,,False,DIRECT_CANONICAL
5afe467f-4933-4498-9670-0276dbd1376f,شیران,operating_margin,33.01662957764687,33.01662957764687,False,
5afe467f-4933-4498-9670-0276dbd1376f,شیران,operating_profit_growth,,8833183200.0,True,
5afe467f-4933-4498-9670-0276dbd1376f,شیران,net_margin,27.647538044045145,27.647538044045145,False,
5afe467f-4933-4498-9670-0276dbd1376f,شیران,roe,45.86373727239136,45.86373727239136,False,
5afe467f-4933-4498-9670-0276dbd1376f,شیران,growth_score,16.0,17.5,True,
5afe467f-4933-4498-9670-0276dbd1376f,شیران,profitability_score,12.3,12.6,True,
5afe467f-4933-4498-9670-0276dbd1376f,شیران,valuation_score,10.2,9.9,True,
5afe467f-4933-4498-9670-0276dbd1376f,شیران,market_score,4.7,4.7,False,
5afe467f-4933-4498-9670-0276dbd1376f,شیران,data_quality_score,1.0,1.0,False,
5afe467f-4933-4498-9670-0276dbd1376f,شیران,quant_score,43.22,44.71,True,
6ea3597b-7f4e-49c0-8145-cc305b719ddc,سرچشمه,operating_profit_ttm,,37266386000000.0,True,REPORT_CHAIN_TTM
6ea3597b-7f4e-49c0-8145-cc305b719ddc,سرچشمه,revenue_ttm,,,False,INSUFFICIENT_TTM_PERIODS
6ea3597b-7f4e-49c0-8145-cc305b719ddc,سرچشمه,net_profit_ttm,,,False,INSUFFICIENT_TTM_PERIODS
6ea3597b-7f4e-49c0-8145-cc305b719ddc,سرچشمه,eps_ttm,1230.0,1230.0,False,DIRECT_CANONICAL
6ea3597b-7f4e-49c0-8145-cc305b719ddc,سرچشمه,operating_cash_flow_ttm,,,False,INSUFFICIENT_TTM_PERIODS
6ea3597b-7f4e-49c0-8145-cc305b719ddc,سرچشمه,operating_margin,,,False,
6ea3597b-7f4e-49c0-8145-cc305b719ddc,سرچشمه,operating_profit_growth,,3726638500.0,True,
6ea3597b-7f4e-49c0-8145-cc305b719ddc,سرچشمه,net_margin,,,False,
6ea3597b-7f4e-49c0-8145-cc305b719ddc,سرچشمه,roe,,,False,
6ea3597b-7f4e-49c0-8145-cc305b719ddc,سرچشمه,growth_score,10.8,12.3,True,
6ea3597b-7f4e-49c0-8145-cc305b719ddc,سرچشمه,profitability_score,9.2,9.2,False,
6ea3597b-7f4e-49c0-8145-cc305b719ddc,سرچشمه,valuation_score,8.1,7.9,True,
6ea3597b-7f4e-49c0-8145-cc305b719ddc,سرچشمه,market_score,6.0,6.0,False,
6ea3597b-7f4e-49c0-8145-cc305b719ddc,سرچشمه,data_quality_score,0.8,0.8,False,
6ea3597b-7f4e-49c0-8145-cc305b719ddc,سرچشمه,quant_score,27.25,28.26,True,
299d99a4-5b3b-4458-aad8-76fcd65f91df,قشکر,operating_profit_ttm,-1000000.0,-1000000.0,False,DIRECT_CANONICAL
299d99a4-5b3b-4458-aad8-76fcd65f91df,قشکر,revenue_ttm,,,False,INSUFFICIENT_TTM_PERIODS
299d99a4-5b3b-4458-aad8-76fcd65f91df,قشکر,net_profit_ttm,,,False,INSUFFICIENT_TTM_PERIODS
299d99a4-5b3b-4458-aad8-76fcd65f91df,قشکر,eps_ttm,305.0,305.0,False,DIRECT_CANONICAL
299d99a4-5b3b-4458-aad8-76fcd65f91df,قشکر,operating_cash_flow_ttm,,,False,INSUFFICIENT_TTM_PERIODS
299d99a4-5b3b-4458-aad8-76fcd65f91df,قشکر,operating_margin,,,False,
299d99a4-5b3b-4458-aad8-76fcd65f91df,قشکر,operating_profit_growth,0.0,0.0,False,
299d99a4-5b3b-4458-aad8-76fcd65f91df,قشکر,net_margin,,,False,
299d99a4-5b3b-4458-aad8-76fcd65f91df,قشکر,roe,,,False,
299d99a4-5b3b-4458-aad8-76fcd65f91df,قشکر,growth_score,10.5,9.8,True,
299d99a4-5b3b-4458-aad8-76fcd65f91df,قشکر,profitability_score,9.2,9.2,False,
299d99a4-5b3b-4458-aad8-76fcd65f91df,قشکر,valuation_score,2.5,2.3,True,
299d99a4-5b3b-4458-aad8-76fcd65f91df,قشکر,market_score,2.9,2.9,False,
299d99a4-5b3b-4458-aad8-76fcd65f91df,قشکر,data_quality_score,0.8,0.8,False,
299d99a4-5b3b-4458-aad8-76fcd65f91df,قشکر,quant_score,20.11,19.36,True,
55455cb0-03da-4a83-9ca8-7786101b1d5d,زفجر,operating_profit_ttm,,858430000000.0,True,REPORT_CHAIN_TTM
55455cb0-03da-4a83-9ca8-7786101b1d5d,زفجر,revenue_ttm,,,False,INSUFFICIENT_TTM_PERIODS
55455cb0-03da-4a83-9ca8-7786101b1d5d,زفجر,net_profit_ttm,,,False,INSUFFICIENT_TTM_PERIODS
55455cb0-03da-4a83-9ca8-7786101b1d5d,زفجر,eps_ttm,7902.0,7902.0,False,DIRECT_CANONICAL
55455cb0-03da-4a83-9ca8-7786101b1d5d,زفجر,operating_cash_flow_ttm,,,False,INSUFFICIENT_TTM_PERIODS
55455cb0-03da-4a83-9ca8-7786101b1d5d,زفجر,operating_margin,,,False,
55455cb0-03da-4a83-9ca8-7786101b1d5d,زفجر,operating_profit_growth,,40315.72504708098,True,
55455cb0-03da-4a83-9ca8-7786101b1d5d,زفجر,net_margin,,,False,
55455cb0-03da-4a83-9ca8-7786101b1d5d,زفجر,roe,,,False,
55455cb0-03da-4a83-9ca8-7786101b1d5d,زفجر,growth_score,10.8,12.3,True,
55455cb0-03da-4a83-9ca8-7786101b1d5d,زفجر,profitability_score,9.2,9.2,False,
55455cb0-03da-4a83-9ca8-7786101b1d5d,زفجر,valuation_score,8.5,8.3,True,
55455cb0-03da-4a83-9ca8-7786101b1d5d,زفجر,market_score,3.1,3.1,False,
55455cb0-03da-4a83-9ca8-7786101b1d5d,زفجر,data_quality_score,0.8,0.8,False,
55455cb0-03da-4a83-9ca8-7786101b1d5d,زفجر,quant_score,25.3,26.31,True,
10050644-6c19-4b0c-a3be-627c38f06db3,حتاید,operating_profit_ttm,,8456446000000.0,True,REPORT_CHAIN_TTM
10050644-6c19-4b0c-a3be-627c38f06db3,حتاید,revenue_ttm,,,False,MISSING_PRIOR_ANNUAL
10050644-6c19-4b0c-a3be-627c38f06db3,حتاید,net_profit_ttm,,,False,INSUFFICIENT_TTM_PERIODS
10050644-6c19-4b0c-a3be-627c38f06db3,حتاید,eps_ttm,1376.0,1376.0,False,DIRECT_CANONICAL
10050644-6c19-4b0c-a3be-627c38f06db3,حتاید,operating_cash_flow_ttm,,,False,INSUFFICIENT_TTM_PERIODS
10050644-6c19-4b0c-a3be-627c38f06db3,حتاید,operating_margin,,,False,
10050644-6c19-4b0c-a3be-627c38f06db3,حتاید,operating_profit_growth,,845644500.0,True,
10050644-6c19-4b0c-a3be-627c38f06db3,حتاید,net_margin,,,False,
10050644-6c19-4b0c-a3be-627c38f06db3,حتاید,roe,,,False,
10050644-6c19-4b0c-a3be-627c38f06db3,حتاید,growth_score,7.9,9.3,True,
10050644-6c19-4b0c-a3be-627c38f06db3,حتاید,profitability_score,9.2,10.3,True,
10050644-6c19-4b0c-a3be-627c38f06db3,حتاید,valuation_score,8.5,8.3,True,
10050644-6c19-4b0c-a3be-627c38f06db3,حتاید,market_score,5.6,5.6,False,
10050644-6c19-4b0c-a3be-627c38f06db3,حتاید,data_quality_score,1.0,1.0,False,
10050644-6c19-4b0c-a3be-627c38f06db3,حتاید,quant_score,31.22,33.55,True,
19d039eb-a0dc-4908-ae15-0c0d8623df85,فسبزوار,operating_profit_ttm,,72514754000000.0,True,REPORT_CHAIN_TTM
19d039eb-a0dc-4908-ae15-0c0d8623df85,فسبزوار,revenue_ttm,,,False,INSUFFICIENT_TTM_PERIODS
19d039eb-a0dc-4908-ae15-0c0d8623df85,فسبزوار,net_profit_ttm,,,False,INSUFFICIENT_TTM_PERIODS
19d039eb-a0dc-4908-ae15-0c0d8623df85,فسبزوار,eps_ttm,14832.0,14832.0,False,DIRECT_CANONICAL
19d039eb-a0dc-4908-ae15-0c0d8623df85,فسبزوار,operating_cash_flow_ttm,,,False,INSUFFICIENT_TTM_PERIODS
19d039eb-a0dc-4908-ae15-0c0d8623df85,فسبزوار,operating_margin,,,False,
19d039eb-a0dc-4908-ae15-0c0d8623df85,فسبزوار,operating_profit_growth,,7251475300.0,True,
19d039eb-a0dc-4908-ae15-0c0d8623df85,فسبزوار,net_margin,,,False,
19d039eb-a0dc-4908-ae15-0c0d8623df85,فسبزوار,roe,,,False,
19d039eb-a0dc-4908-ae15-0c0d8623df85,فسبزوار,growth_score,10.8,12.3,True,
19d039eb-a0dc-4908-ae15-0c0d8623df85,فسبزوار,profitability_score,9.2,9.2,False,
19d039eb-a0dc-4908-ae15-0c0d8623df85,فسبزوار,valuation_score,9.6,9.5,True,
19d039eb-a0dc-4908-ae15-0c0d8623df85,فسبزوار,market_score,5.2,5.2,False,
19d039eb-a0dc-4908-ae15-0c0d8623df85,فسبزوار,data_quality_score,0.8,0.8,False,
19d039eb-a0dc-4908-ae15-0c0d8623df85,فسبزوار,quant_score,27.87,28.94,True,
3c363c84-8a26-48c6-8943-22842ca2a95c,توریل,operating_profit_ttm,,208362000000.0,True,REPORT_CHAIN_TTM
3c363c84-8a26-48c6-8943-22842ca2a95c,توریل,revenue_ttm,,,False,INSUFFICIENT_TTM_PERIODS
3c363c84-8a26-48c6-8943-22842ca2a95c,توریل,net_profit_ttm,,,False,INSUFFICIENT_TTM_PERIODS
3c363c84-8a26-48c6-8943-22842ca2a95c,توریل,eps_ttm,805.0,805.0,False,DIRECT_CANONICAL
3c363c84-8a26-48c6-8943-22842ca2a95c,توریل,operating_cash_flow_ttm,,,False,INSUFFICIENT_TTM_PERIODS
3c363c84-8a26-48c6-8943-22842ca2a95c,توریل,operating_margin,,,False,
3c363c84-8a26-48c6-8943-22842ca2a95c,توریل,operating_profit_growth,,20836100.0,True,
3c363c84-8a26-48c6-8943-22842ca2a95c,توریل,net_margin,,,False,
3c363c84-8a26-48c6-8943-22842ca2a95c,توریل,roe,,,False,
3c363c84-8a26-48c6-8943-22842ca2a95c,توریل,growth_score,10.8,12.3,True,
3c363c84-8a26-48c6-8943-22842ca2a95c,توریل,profitability_score,9.2,9.2,False,
3c363c84-8a26-48c6-8943-22842ca2a95c,توریل,valuation_score,10.2,10.1,True,
3c363c84-8a26-48c6-8943-22842ca2a95c,توریل,market_score,3.7,3.7,False,
3c363c84-8a26-48c6-8943-22842ca2a95c,توریل,data_quality_score,0.8,0.8,False,
3c363c84-8a26-48c6-8943-22842ca2a95c,توریل,quant_score,27.13,28.24,True,
9bb03c0c-0993-4174-baed-3c5e7047d031,غویتا,operating_profit_ttm,7509382000000.0,7509382000000.0,False,DIRECT_CANONICAL
9bb03c0c-0993-4174-baed-3c5e7047d031,غویتا,revenue_ttm,32884311000000.0,32884311000000.0,False,DIRECT_CANONICAL
9bb03c0c-0993-4174-baed-3c5e7047d031,غویتا,net_profit_ttm,9369776000000.0,9369776000000.0,False,DIRECT_CANONICAL
9bb03c0c-0993-4174-baed-3c5e7047d031,غویتا,eps_ttm,1339.0,1339.0,False,DIRECT_CANONICAL
9bb03c0c-0993-4174-baed-3c5e7047d031,غویتا,operating_cash_flow_ttm,,,False,DIRECT_CANONICAL
9bb03c0c-0993-4174-baed-3c5e7047d031,غویتا,operating_margin,22.835758973329256,22.835758973329256,False,
9bb03c0c-0993-4174-baed-3c5e7047d031,غویتا,operating_profit_growth,,39522963.15789474,True,
9bb03c0c-0993-4174-baed-3c5e7047d031,غویتا,net_margin,28.493149818465103,28.493149818465103,False,
9bb03c0c-0993-4174-baed-3c5e7047d031,غویتا,roe,46.045666303845664,46.045666303845664,False,
9bb03c0c-0993-4174-baed-3c5e7047d031,غویتا,growth_score,11.7,13.2,True,
9bb03c0c-0993-4174-baed-3c5e7047d031,غویتا,profitability_score,11.5,11.6,True,
9bb03c0c-0993-4174-baed-3c5e7047d031,غویتا,valuation_score,14.4,14.3,True,
9bb03c0c-0993-4174-baed-3c5e7047d031,غویتا,market_score,7.0,7.0,False,
9bb03c0c-0993-4174-baed-3c5e7047d031,غویتا,data_quality_score,1.0,1.0,False,
9bb03c0c-0993-4174-baed-3c5e7047d031,غویتا,quant_score,44.63,46.08,True,
b478e266-a8d0-49b5-be92-60d4fd9e796f,خدیزل,operating_profit_ttm,-1000000.0,-1000000.0,False,DIRECT_CANONICAL
b478e266-a8d0-49b5-be92-60d4fd9e796f,خدیزل,revenue_ttm,,,False,INSUFFICIENT_TTM_PERIODS
b478e266-a8d0-49b5-be92-60d4fd9e796f,خدیزل,net_profit_ttm,,,False,INSUFFICIENT_TTM_PERIODS
b478e266-a8d0-49b5-be92-60d4fd9e796f,خدیزل,eps_ttm,359.0,359.0,False,DIRECT_CANONICAL
b478e266-a8d0-49b5-be92-60d4fd9e796f,خدیزل,operating_cash_flow_ttm,,,False,INSUFFICIENT_TTM_PERIODS
b478e266-a8d0-49b5-be92-60d4fd9e796f,خدیزل,operating_margin,,,False,
b478e266-a8d0-49b5-be92-60d4fd9e796f,خدیزل,operating_profit_growth,-106.95049565570918,-106.95049565570918,False,
b478e266-a8d0-49b5-be92-60d4fd9e796f,خدیزل,net_margin,,,False,
b478e266-a8d0-49b5-be92-60d4fd9e796f,خدیزل,roe,,,False,
b478e266-a8d0-49b5-be92-60d4fd9e796f,خدیزل,growth_score,5.2,4.6,True,
b478e266-a8d0-49b5-be92-60d4fd9e796f,خدیزل,profitability_score,9.2,9.2,False,
b478e266-a8d0-49b5-be92-60d4fd9e796f,خدیزل,valuation_score,9.7,9.6,True,
b478e266-a8d0-49b5-be92-60d4fd9e796f,خدیزل,market_score,3.9,3.9,False,
b478e266-a8d0-49b5-be92-60d4fd9e796f,خدیزل,data_quality_score,0.8,0.8,False,
b478e266-a8d0-49b5-be92-60d4fd9e796f,خدیزل,quant_score,22.37,21.8,True,
907726df-b454-49b0-a6b1-d2cd83440bd0,تپسی,operating_profit_ttm,4068020000000.0,4068020000000.0,False,DIRECT_CANONICAL
907726df-b454-49b0-a6b1-d2cd83440bd0,تپسی,revenue_ttm,28572943000000.0,28572943000000.0,False,DIRECT_CANONICAL
907726df-b454-49b0-a6b1-d2cd83440bd0,تپسی,net_profit_ttm,-3813570000000.0,-3813570000000.0,False,DIRECT_CANONICAL
907726df-b454-49b0-a6b1-d2cd83440bd0,تپسی,eps_ttm,-1549.0,-1549.0,False,DIRECT_CANONICAL
907726df-b454-49b0-a6b1-d2cd83440bd0,تپسی,operating_cash_flow_ttm,,,False,DIRECT_CANONICAL
907726df-b454-49b0-a6b1-d2cd83440bd0,تپسی,operating_margin,14.237315351099816,14.237315351099816,False,
907726df-b454-49b0-a6b1-d2cd83440bd0,تپسی,operating_profit_growth,,406801900.0,True,
907726df-b454-49b0-a6b1-d2cd83440bd0,تپسی,net_margin,-13.346787553525724,-13.346787553525724,False,
907726df-b454-49b0-a6b1-d2cd83440bd0,تپسی,roe,-235.09398346758954,-235.09398346758954,False,
907726df-b454-49b0-a6b1-d2cd83440bd0,تپسی,growth_score,9.4,10.9,True,
907726df-b454-49b0-a6b1-d2cd83440bd0,تپسی,profitability_score,0.0,0.0,False,
907726df-b454-49b0-a6b1-d2cd83440bd0,تپسی,valuation_score,0.0,0.0,False,
907726df-b454-49b0-a6b1-d2cd83440bd0,تپسی,market_score,4.0,4.0,False,
907726df-b454-49b0-a6b1-d2cd83440bd0,تپسی,data_quality_score,1.0,1.0,False,
907726df-b454-49b0-a6b1-d2cd83440bd0,تپسی,quant_score,13.37,14.84,True,
89bfa0d8-db72-4298-b7cb-166c0304b58d,کرماشا,operating_profit_ttm,86663257000000.0,86663257000000.0,False,DIRECT_CANONICAL
89bfa0d8-db72-4298-b7cb-166c0304b58d,کرماشا,revenue_ttm,153725352000000.0,153725352000000.0,False,DIRECT_CANONICAL
89bfa0d8-db72-4298-b7cb-166c0304b58d,کرماشا,net_profit_ttm,70740935000000.0,70740935000000.0,False,DIRECT_CANONICAL
89bfa0d8-db72-4298-b7cb-166c0304b58d,کرماشا,eps_ttm,6682.0,6682.0,False,DIRECT_CANONICAL
89bfa0d8-db72-4298-b7cb-166c0304b58d,کرماشا,operating_cash_flow_ttm,,,False,DIRECT_CANONICAL
89bfa0d8-db72-4298-b7cb-166c0304b58d,کرماشا,operating_margin,56.37538367776839,56.37538367776839,False,
89bfa0d8-db72-4298-b7cb-166c0304b58d,کرماشا,operating_profit_growth,,8666325600.0,True,
89bfa0d8-db72-4298-b7cb-166c0304b58d,کرماشا,net_margin,46.01774143278592,46.01774143278592,False,
89bfa0d8-db72-4298-b7cb-166c0304b58d,کرماشا,roe,43.97071777860433,43.97071777860433,False,
89bfa0d8-db72-4298-b7cb-166c0304b58d,کرماشا,growth_score,18.2,19.7,True,
89bfa0d8-db72-4298-b7cb-166c0304b58d,کرماشا,profitability_score,16.7,16.8,True,
89bfa0d8-db72-4298-b7cb-166c0304b58d,کرماشا,valuation_score,14.4,14.3,True,
89bfa0d8-db72-4298-b7cb-166c0304b58d,کرماشا,market_score,5.0,5.0,False,
89bfa0d8-db72-4298-b7cb-166c0304b58d,کرماشا,data_quality_score,1.0,1.0,False,
89bfa0d8-db72-4298-b7cb-166c0304b58d,کرماشا,quant_score,54.37,55.84,True,
1c4e4dc1-e889-4d37-ba14-d369d5d6c79b,فاذر,operating_profit_ttm,,-1705781000000.0,True,REPORT_CHAIN_TTM
1c4e4dc1-e889-4d37-ba14-d369d5d6c79b,فاذر,revenue_ttm,,,False,MISSING_PRIOR_ANNUAL
1c4e4dc1-e889-4d37-ba14-d369d5d6c79b,فاذر,net_profit_ttm,,,False,INSUFFICIENT_TTM_PERIODS
1c4e4dc1-e889-4d37-ba14-d369d5d6c79b,فاذر,eps_ttm,61.0,61.0,False,DIRECT_CANONICAL
1c4e4dc1-e889-4d37-ba14-d369d5d6c79b,فاذر,operating_cash_flow_ttm,,,False,INSUFFICIENT_TTM_PERIODS
1c4e4dc1-e889-4d37-ba14-d369d5d6c79b,فاذر,operating_margin,,,False,
1c4e4dc1-e889-4d37-ba14-d369d5d6c79b,فاذر,operating_profit_growth,,-170578200.0,True,
1c4e4dc1-e889-4d37-ba14-d369d5d6c79b,فاذر,net_margin,,,False,
1c4e4dc1-e889-4d37-ba14-d369d5d6c79b,فاذر,roe,,,False,
1c4e4dc1-e889-4d37-ba14-d369d5d6c79b,فاذر,growth_score,9.8,3.4,True,
1c4e4dc1-e889-4d37-ba14-d369d5d6c79b,فاذر,profitability_score,9.2,5.4,True,
1c4e4dc1-e889-4d37-ba14-d369d5d6c79b,فاذر,valuation_score,2.1,1.9,True,
1c4e4dc1-e889-4d37-ba14-d369d5d6c79b,فاذر,market_score,4.3,4.3,False,
1c4e4dc1-e889-4d37-ba14-d369d5d6c79b,فاذر,data_quality_score,0.8,0.8,False,
1c4e4dc1-e889-4d37-ba14-d369d5d6c79b,فاذر,quant_score,20.29,11.97,True,
831fcb23-f475-4c1b-9ba0-192fb03e76ed,شیراز,operating_profit_ttm,-1000000.0,-1000000.0,False,DIRECT_CANONICAL
831fcb23-f475-4c1b-9ba0-192fb03e76ed,شیراز,revenue_ttm,,,False,INSUFFICIENT_TTM_PERIODS
831fcb23-f475-4c1b-9ba0-192fb03e76ed,شیراز,net_profit_ttm,,,False,INSUFFICIENT_TTM_PERIODS
831fcb23-f475-4c1b-9ba0-192fb03e76ed,شیراز,eps_ttm,9058.0,9058.0,False,DIRECT_CANONICAL
831fcb23-f475-4c1b-9ba0-192fb03e76ed,شیراز,operating_cash_flow_ttm,,,False,INSUFFICIENT_TTM_PERIODS
831fcb23-f475-4c1b-9ba0-192fb03e76ed,شیراز,operating_margin,,,False,
831fcb23-f475-4c1b-9ba0-192fb03e76ed,شیراز,operating_profit_growth,-200.0,-200.0,False,
831fcb23-f475-4c1b-9ba0-192fb03e76ed,شیراز,net_margin,,,False,
831fcb23-f475-4c1b-9ba0-192fb03e76ed,شیراز,roe,,,False,
831fcb23-f475-4c1b-9ba0-192fb03e76ed,شیراز,growth_score,5.4,5.2,True,
831fcb23-f475-4c1b-9ba0-192fb03e76ed,شیراز,profitability_score,9.2,9.2,False,
831fcb23-f475-4c1b-9ba0-192fb03e76ed,شیراز,valuation_score,6.7,6.5,True,
831fcb23-f475-4c1b-9ba0-192fb03e76ed,شیراز,market_score,4.5,4.5,False,
831fcb23-f475-4c1b-9ba0-192fb03e76ed,شیراز,data_quality_score,1.0,1.0,False,
831fcb23-f475-4c1b-9ba0-192fb03e76ed,شیراز,quant_score,25.73,25.33,True,
aa481edd-94f1-4d63-af3f-908a97c8871f,خمحرکه,operating_profit_ttm,,-119522000000.0,True,REPORT_CHAIN_TTM
aa481edd-94f1-4d63-af3f-908a97c8871f,خمحرکه,revenue_ttm,,,False,INSUFFICIENT_TTM_PERIODS
aa481edd-94f1-4d63-af3f-908a97c8871f,خمحرکه,net_profit_ttm,,,False,INSUFFICIENT_TTM_PERIODS
aa481edd-94f1-4d63-af3f-908a97c8871f,خمحرکه,eps_ttm,130.0,130.0,False,DIRECT_CANONICAL
aa481edd-94f1-4d63-af3f-908a97c8871f,خمحرکه,operating_cash_flow_ttm,,,False,INSUFFICIENT_TTM_PERIODS
aa481edd-94f1-4d63-af3f-908a97c8871f,خمحرکه,operating_margin,,,False,
aa481edd-94f1-4d63-af3f-908a97c8871f,خمحرکه,operating_profit_growth,,-11952300.0,True,
aa481edd-94f1-4d63-af3f-908a97c8871f,خمحرکه,net_margin,,,False,
aa481edd-94f1-4d63-af3f-908a97c8871f,خمحرکه,roe,,,False,
aa481edd-94f1-4d63-af3f-908a97c8871f,خمحرکه,growth_score,9.1,2.7,True,
aa481edd-94f1-4d63-af3f-908a97c8871f,خمحرکه,profitability_score,9.2,9.2,False,
aa481edd-94f1-4d63-af3f-908a97c8871f,خمحرکه,valuation_score,1.5,1.3,True,
aa481edd-94f1-4d63-af3f-908a97c8871f,خمحرکه,market_score,3.9,3.9,False,
aa481edd-94f1-4d63-af3f-908a97c8871f,خمحرکه,data_quality_score,1.0,1.0,False,
aa481edd-94f1-4d63-af3f-908a97c8871f,خمحرکه,quant_score,23.7,17.09,True,
d1ae0534-f55f-4ba6-8a30-0036d4a225c1,قرن,operating_profit_ttm,,14750487000000.0,True,REPORT_CHAIN_TTM
d1ae0534-f55f-4ba6-8a30-0036d4a225c1,قرن,revenue_ttm,,,False,MISSING_PRIOR_ANNUAL
d1ae0534-f55f-4ba6-8a30-0036d4a225c1,قرن,net_profit_ttm,,,False,INSUFFICIENT_TTM_PERIODS
d1ae0534-f55f-4ba6-8a30-0036d4a225c1,قرن,eps_ttm,2371.0,2371.0,False,DIRECT_CANONICAL
d1ae0534-f55f-4ba6-8a30-0036d4a225c1,قرن,operating_cash_flow_ttm,,,False,INSUFFICIENT_TTM_PERIODS
d1ae0534-f55f-4ba6-8a30-0036d4a225c1,قرن,operating_margin,,,False,
d1ae0534-f55f-4ba6-8a30-0036d4a225c1,قرن,operating_profit_growth,,721195.2078239608,True,
d1ae0534-f55f-4ba6-8a30-0036d4a225c1,قرن,net_margin,,,False,
d1ae0534-f55f-4ba6-8a30-0036d4a225c1,قرن,roe,,,False,
d1ae0534-f55f-4ba6-8a30-0036d4a225c1,قرن,growth_score,18.6,20.0,True,
d1ae0534-f55f-4ba6-8a30-0036d4a225c1,قرن,profitability_score,9.2,7.0,True,
d1ae0534-f55f-4ba6-8a30-0036d4a225c1,قرن,valuation_score,4.3,4.1,True,
d1ae0534-f55f-4ba6-8a30-0036d4a225c1,قرن,market_score,3.7,3.7,False,
d1ae0534-f55f-4ba6-8a30-0036d4a225c1,قرن,data_quality_score,1.0,1.0,False,
d1ae0534-f55f-4ba6-8a30-0036d4a225c1,قرن,quant_score,35.81,34.91,True,
59e163ef-c340-4f9f-af09-fa6242fe41cf,بمپنا,operating_profit_ttm,,1000000.0,True,REPORT_CHAIN_TTM
59e163ef-c340-4f9f-af09-fa6242fe41cf,بمپنا,revenue_ttm,,,False,INSUFFICIENT_TTM_PERIODS
59e163ef-c340-4f9f-af09-fa6242fe41cf,بمپنا,net_profit_ttm,,,False,INSUFFICIENT_TTM_PERIODS
59e163ef-c340-4f9f-af09-fa6242fe41cf,بمپنا,eps_ttm,753.0,753.0,False,DIRECT_CANONICAL
59e163ef-c340-4f9f-af09-fa6242fe41cf,بمپنا,operating_cash_flow_ttm,,,False,INSUFFICIENT_TTM_PERIODS
59e163ef-c340-4f9f-af09-fa6242fe41cf,بمپنا,operating_margin,,,False,
59e163ef-c340-4f9f-af09-fa6242fe41cf,بمپنا,operating_profit_growth,,0.0,True,
59e163ef-c340-4f9f-af09-fa6242fe41cf,بمپنا,net_margin,,,False,
59e163ef-c340-4f9f-af09-fa6242fe41cf,بمپنا,roe,,,False,
59e163ef-c340-4f9f-af09-fa6242fe41cf,بمپنا,growth_score,16.4,15.4,True,
59e163ef-c340-4f9f-af09-fa6242fe41cf,بمپنا,profitability_score,9.2,9.2,False,
59e163ef-c340-4f9f-af09-fa6242fe41cf,بمپنا,valuation_score,3.9,3.7,True,
59e163ef-c340-4f9f-af09-fa6242fe41cf,بمپنا,market_score,5.1,5.1,False,
59e163ef-c340-4f9f-af09-fa6242fe41cf,بمپنا,data_quality_score,1.0,1.0,False,
59e163ef-c340-4f9f-af09-fa6242fe41cf,بمپنا,quant_score,34.6,33.35,True,
ffc50f05-b5b7-4056-b58f-f305178c4174,کیمیاتک,operating_profit_ttm,,12482121000000.0,True,REPORT_CHAIN_TTM
ffc50f05-b5b7-4056-b58f-f305178c4174,کیمیاتک,revenue_ttm,,,False,INSUFFICIENT_TTM_PERIODS
ffc50f05-b5b7-4056-b58f-f305178c4174,کیمیاتک,net_profit_ttm,,,False,INSUFFICIENT_TTM_PERIODS
ffc50f05-b5b7-4056-b58f-f305178c4174,کیمیاتک,eps_ttm,1969.0,1969.0,False,DIRECT_CANONICAL
ffc50f05-b5b7-4056-b58f-f305178c4174,کیمیاتک,operating_cash_flow_ttm,,,False,INSUFFICIENT_TTM_PERIODS
ffc50f05-b5b7-4056-b58f-f305178c4174,کیمیاتک,operating_margin,,,False,
ffc50f05-b5b7-4056-b58f-f305178c4174,کیمیاتک,operating_profit_growth,,1248212200.0,True,
ffc50f05-b5b7-4056-b58f-f305178c4174,کیمیاتک,net_margin,,,False,
ffc50f05-b5b7-4056-b58f-f305178c4174,کیمیاتک,roe,,,False,
ffc50f05-b5b7-4056-b58f-f305178c4174,کیمیاتک,growth_score,14.1,15.5,True,
ffc50f05-b5b7-4056-b58f-f305178c4174,کیمیاتک,profitability_score,9.2,9.2,False,
ffc50f05-b5b7-4056-b58f-f305178c4174,کیمیاتک,valuation_score,4.2,4.0,True,
ffc50f05-b5b7-4056-b58f-f305178c4174,کیمیاتک,market_score,4.5,4.5,False,
ffc50f05-b5b7-4056-b58f-f305178c4174,کیمیاتک,data_quality_score,1.0,1.0,False,
ffc50f05-b5b7-4056-b58f-f305178c4174,کیمیاتک,quant_score,31.99,33.25,True,
b2f2277b-1f16-4a42-a783-587d3b527ec0,دروز,operating_profit_ttm,,3461679000000.0,True,REPORT_CHAIN_TTM
b2f2277b-1f16-4a42-a783-587d3b527ec0,دروز,revenue_ttm,,,False,INSUFFICIENT_TTM_PERIODS
b2f2277b-1f16-4a42-a783-587d3b527ec0,دروز,net_profit_ttm,,,False,INSUFFICIENT_TTM_PERIODS
b2f2277b-1f16-4a42-a783-587d3b527ec0,دروز,eps_ttm,992.0,992.0,False,DIRECT_CANONICAL
b2f2277b-1f16-4a42-a783-587d3b527ec0,دروز,operating_cash_flow_ttm,,,False,INSUFFICIENT_TTM_PERIODS
b2f2277b-1f16-4a42-a783-587d3b527ec0,دروز,operating_margin,,,False,
b2f2277b-1f16-4a42-a783-587d3b527ec0,دروز,operating_profit_growth,,62.083504624630926,True,
b2f2277b-1f16-4a42-a783-587d3b527ec0,دروز,net_margin,,,False,
b2f2277b-1f16-4a42-a783-587d3b527ec0,دروز,roe,,,False,
b2f2277b-1f16-4a42-a783-587d3b527ec0,دروز,growth_score,10.8,9.9,True,
b2f2277b-1f16-4a42-a783-587d3b527ec0,دروز,profitability_score,9.2,9.2,False,
b2f2277b-1f16-4a42-a783-587d3b527ec0,دروز,valuation_score,2.0,1.8,True,
b2f2277b-1f16-4a42-a783-587d3b527ec0,دروز,market_score,2.0,2.0,False,
b2f2277b-1f16-4a42-a783-587d3b527ec0,دروز,data_quality_score,0.8,0.8,False,
b2f2277b-1f16-4a42-a783-587d3b527ec0,دروز,quant_score,19.22,18.31,True,
ef03eb47-e718-4196-bddb-41322006a0d9,قصفها,operating_profit_ttm,6467515000000.0,6467515000000.0,False,DIRECT_CANONICAL
ef03eb47-e718-4196-bddb-41322006a0d9,قصفها,revenue_ttm,,,False,INSUFFICIENT_TTM_PERIODS
ef03eb47-e718-4196-bddb-41322006a0d9,قصفها,net_profit_ttm,,,False,INSUFFICIENT_TTM_PERIODS
ef03eb47-e718-4196-bddb-41322006a0d9,قصفها,eps_ttm,188.0,188.0,False,DIRECT_CANONICAL
ef03eb47-e718-4196-bddb-41322006a0d9,قصفها,operating_cash_flow_ttm,,,False,INSUFFICIENT_TTM_PERIODS
ef03eb47-e718-4196-bddb-41322006a0d9,قصفها,operating_margin,,,False,
ef03eb47-e718-4196-bddb-41322006a0d9,قصفها,operating_profit_growth,646751400.0,646751400.0,False,
ef03eb47-e718-4196-bddb-41322006a0d9,قصفها,net_margin,,,False,
ef03eb47-e718-4196-bddb-41322006a0d9,قصفها,roe,,,False,
ef03eb47-e718-4196-bddb-41322006a0d9,قصفها,growth_score,21.9,21.2,True,
ef03eb47-e718-4196-bddb-41322006a0d9,قصفها,profitability_score,9.2,9.2,False,
ef03eb47-e718-4196-bddb-41322006a0d9,قصفها,valuation_score,3.3,3.1,True,
ef03eb47-e718-4196-bddb-41322006a0d9,قصفها,market_score,3.4,3.4,False,
ef03eb47-e718-4196-bddb-41322006a0d9,قصفها,data_quality_score,1.0,1.0,False,
ef03eb47-e718-4196-bddb-41322006a0d9,قصفها,quant_score,37.76,36.83,True,
fa1ec7fd-8b16-4d87-ab0e-b5894b2a2914,رانفور,operating_profit_ttm,,14335620000000.0,True,REPORT_CHAIN_TTM
fa1ec7fd-8b16-4d87-ab0e-b5894b2a2914,رانفور,revenue_ttm,,,False,INSUFFICIENT_TTM_PERIODS
fa1ec7fd-8b16-4d87-ab0e-b5894b2a2914,رانفور,net_profit_ttm,,,False,INSUFFICIENT_TTM_PERIODS
fa1ec7fd-8b16-4d87-ab0e-b5894b2a2914,رانفور,eps_ttm,154.0,154.0,False,DIRECT_CANONICAL
fa1ec7fd-8b16-4d87-ab0e-b5894b2a2914,رانفور,operating_cash_flow_ttm,,,False,INSUFFICIENT_TTM_PERIODS
fa1ec7fd-8b16-4d87-ab0e-b5894b2a2914,رانفور,operating_margin,,,False,
fa1ec7fd-8b16-4d87-ab0e-b5894b2a2914,رانفور,operating_profit_growth,,1433561900.0,True,
fa1ec7fd-8b16-4d87-ab0e-b5894b2a2914,رانفور,net_margin,,,False,
fa1ec7fd-8b16-4d87-ab0e-b5894b2a2914,رانفور,roe,,,False,
fa1ec7fd-8b16-4d87-ab0e-b5894b2a2914,رانفور,growth_score,8.2,9.6,True,
fa1ec7fd-8b16-4d87-ab0e-b5894b2a2914,رانفور,profitability_score,9.2,9.2,False,
fa1ec7fd-8b16-4d87-ab0e-b5894b2a2914,رانفور,valuation_score,1.8,1.6,True,
fa1ec7fd-8b16-4d87-ab0e-b5894b2a2914,رانفور,market_score,4.2,4.2,False,
fa1ec7fd-8b16-4d87-ab0e-b5894b2a2914,رانفور,data_quality_score,1.0,1.0,False,
fa1ec7fd-8b16-4d87-ab0e-b5894b2a2914,رانفور,quant_score,23.35,24.61,True,
8cfe75c0-68c8-4b7b-ad05-a73c168cbffd,شدوص,operating_profit_ttm,,2678355000000.0,True,REPORT_CHAIN_TTM
8cfe75c0-68c8-4b7b-ad05-a73c168cbffd,شدوص,revenue_ttm,,,False,INSUFFICIENT_TTM_PERIODS
8cfe75c0-68c8-4b7b-ad05-a73c168cbffd,شدوص,net_profit_ttm,,,False,INSUFFICIENT_TTM_PERIODS
8cfe75c0-68c8-4b7b-ad05-a73c168cbffd,شدوص,eps_ttm,1044.0,1044.0,False,DIRECT_CANONICAL
8cfe75c0-68c8-4b7b-ad05-a73c168cbffd,شدوص,operating_cash_flow_ttm,,,False,INSUFFICIENT_TTM_PERIODS
8cfe75c0-68c8-4b7b-ad05-a73c168cbffd,شدوص,operating_margin,,,False,
8cfe75c0-68c8-4b7b-ad05-a73c168cbffd,شدوص,operating_profit_growth,,267835400.0,True,
8cfe75c0-68c8-4b7b-ad05-a73c168cbffd,شدوص,net_margin,,,False,
8cfe75c0-68c8-4b7b-ad05-a73c168cbffd,شدوص,roe,,,False,
8cfe75c0-68c8-4b7b-ad05-a73c168cbffd,شدوص,growth_score,13.0,14.4,True,
8cfe75c0-68c8-4b7b-ad05-a73c168cbffd,شدوص,profitability_score,9.2,9.2,False,
8cfe75c0-68c8-4b7b-ad05-a73c168cbffd,شدوص,valuation_score,8.2,8.0,True,
8cfe75c0-68c8-4b7b-ad05-a73c168cbffd,شدوص,market_score,3.5,3.5,False,
8cfe75c0-68c8-4b7b-ad05-a73c168cbffd,شدوص,data_quality_score,1.0,1.0,False,
8cfe75c0-68c8-4b7b-ad05-a73c168cbffd,شدوص,quant_score,33.86,35.12,True,
ec7bd9e1-0a0e-47be-a1be-2804adfcf164,فولاژ,operating_profit_ttm,,39446337000000.0,True,REPORT_CHAIN_TTM
ec7bd9e1-0a0e-47be-a1be-2804adfcf164,فولاژ,revenue_ttm,,392164197000000.0,True,REPORT_CHAIN_TTM
ec7bd9e1-0a0e-47be-a1be-2804adfcf164,فولاژ,net_profit_ttm,,,False,INSUFFICIENT_TTM_PERIODS
ec7bd9e1-0a0e-47be-a1be-2804adfcf164,فولاژ,eps_ttm,541.0,541.0,False,DIRECT_CANONICAL
ec7bd9e1-0a0e-47be-a1be-2804adfcf164,فولاژ,operating_cash_flow_ttm,,,False,INSUFFICIENT_TTM_PERIODS
ec7bd9e1-0a0e-47be-a1be-2804adfcf164,فولاژ,operating_margin,,10.058627815022083,True,
ec7bd9e1-0a0e-47be-a1be-2804adfcf164,فولاژ,operating_profit_growth,,59.21349945868438,True,
ec7bd9e1-0a0e-47be-a1be-2804adfcf164,فولاژ,net_margin,,,False,
ec7bd9e1-0a0e-47be-a1be-2804adfcf164,فولاژ,roe,,,False,
ec7bd9e1-0a0e-47be-a1be-2804adfcf164,فولاژ,growth_score,13.4,12.5,True,
ec7bd9e1-0a0e-47be-a1be-2804adfcf164,فولاژ,profitability_score,9.2,2.6,True,
ec7bd9e1-0a0e-47be-a1be-2804adfcf164,فولاژ,valuation_score,3.5,3.3,True,
ec7bd9e1-0a0e-47be-a1be-2804adfcf164,فولاژ,market_score,4.6,4.6,False,
ec7bd9e1-0a0e-47be-a1be-2804adfcf164,فولاژ,data_quality_score,0.8,0.8,False,
ec7bd9e1-0a0e-47be-a1be-2804adfcf164,فولاژ,quant_score,24.56,18.37,True,
4bcf99ee-09a9-426a-b42c-62ec274e2dfa,فرآور,operating_profit_ttm,1567869000000.0,1567869000000.0,False,DIRECT_CANONICAL
4bcf99ee-09a9-426a-b42c-62ec274e2dfa,فرآور,revenue_ttm,,,False,INSUFFICIENT_TTM_PERIODS
4bcf99ee-09a9-426a-b42c-62ec274e2dfa,فرآور,net_profit_ttm,,,False,INSUFFICIENT_TTM_PERIODS
4bcf99ee-09a9-426a-b42c-62ec274e2dfa,فرآور,eps_ttm,301.0,301.0,False,DIRECT_CANONICAL
4bcf99ee-09a9-426a-b42c-62ec274e2dfa,فرآور,operating_cash_flow_ttm,,,False,INSUFFICIENT_TTM_PERIODS
4bcf99ee-09a9-426a-b42c-62ec274e2dfa,فرآور,operating_margin,,,False,
4bcf99ee-09a9-426a-b42c-62ec274e2dfa,فرآور,operating_profit_growth,156786800.0,156786800.0,False,
4bcf99ee-09a9-426a-b42c-62ec274e2dfa,فرآور,net_margin,,,False,
4bcf99ee-09a9-426a-b42c-62ec274e2dfa,فرآور,roe,,,False,
4bcf99ee-09a9-426a-b42c-62ec274e2dfa,فرآور,growth_score,13.0,12.3,True,
4bcf99ee-09a9-426a-b42c-62ec274e2dfa,فرآور,profitability_score,9.2,9.2,False,
4bcf99ee-09a9-426a-b42c-62ec274e2dfa,فرآور,valuation_score,2.0,1.8,True,
4bcf99ee-09a9-426a-b42c-62ec274e2dfa,فرآور,market_score,4.5,4.5,False,
4bcf99ee-09a9-426a-b42c-62ec274e2dfa,فرآور,data_quality_score,0.8,0.8,False,
4bcf99ee-09a9-426a-b42c-62ec274e2dfa,فرآور,quant_score,22.99,22.25,True,
6b37d7eb-bf15-4794-b372-1160e633add9,چخزر,operating_profit_ttm,,5004763000000.0,True,REPORT_CHAIN_TTM
6b37d7eb-bf15-4794-b372-1160e633add9,چخزر,revenue_ttm,,,False,INSUFFICIENT_TTM_PERIODS
6b37d7eb-bf15-4794-b372-1160e633add9,چخزر,net_profit_ttm,,,False,INSUFFICIENT_TTM_PERIODS
6b37d7eb-bf15-4794-b372-1160e633add9,چخزر,eps_ttm,20670.0,20670.0,False,DIRECT_CANONICAL
6b37d7eb-bf15-4794-b372-1160e633add9,چخزر,operating_cash_flow_ttm,,,False,INSUFFICIENT_TTM_PERIODS
6b37d7eb-bf15-4794-b372-1160e633add9,چخزر,operating_margin,,,False,
6b37d7eb-bf15-4794-b372-1160e633add9,چخزر,operating_profit_growth,,395.81366826364865,True,
6b37d7eb-bf15-4794-b372-1160e633add9,چخزر,net_margin,,,False,
6b37d7eb-bf15-4794-b372-1160e633add9,چخزر,roe,,,False,
6b37d7eb-bf15-4794-b372-1160e633add9,چخزر,growth_score,10.8,12.3,True,
6b37d7eb-bf15-4794-b372-1160e633add9,چخزر,profitability_score,9.2,9.2,False,
6b37d7eb-bf15-4794-b372-1160e633add9,چخزر,valuation_score,5.0,4.8,True,
6b37d7eb-bf15-4794-b372-1160e633add9,چخزر,market_score,3.9,3.9,False,
6b37d7eb-bf15-4794-b372-1160e633add9,چخزر,data_quality_score,0.8,0.8,False,
6b37d7eb-bf15-4794-b372-1160e633add9,چخزر,quant_score,23.11,24.11,True,
6177f4ea-c2ab-45c4-aa9c-4515e10555e3,سهگمت,operating_profit_ttm,18288961000000.0,18288961000000.0,False,DIRECT_CANONICAL
6177f4ea-c2ab-45c4-aa9c-4515e10555e3,سهگمت,revenue_ttm,39404046000000.0,39404046000000.0,False,DIRECT_CANONICAL
6177f4ea-c2ab-45c4-aa9c-4515e10555e3,سهگمت,net_profit_ttm,19895825000000.0,19895825000000.0,False,DIRECT_CANONICAL
6177f4ea-c2ab-45c4-aa9c-4515e10555e3,سهگمت,eps_ttm,27300.0,27300.0,False,DIRECT_CANONICAL
6177f4ea-c2ab-45c4-aa9c-4515e10555e3,سهگمت,operating_cash_flow_ttm,,,False,DIRECT_CANONICAL
6177f4ea-c2ab-45c4-aa9c-4515e10555e3,سهگمت,operating_margin,46.413916479541214,46.413916479541214,False,
6177f4ea-c2ab-45c4-aa9c-4515e10555e3,سهگمت,operating_profit_growth,,,False,
6177f4ea-c2ab-45c4-aa9c-4515e10555e3,سهگمت,net_margin,50.491832742251894,50.491832742251894,False,
6177f4ea-c2ab-45c4-aa9c-4515e10555e3,سهگمت,roe,113.56720490932469,113.56720490932469,False,
6177f4ea-c2ab-45c4-aa9c-4515e10555e3,سهگمت,growth_score,10.3,10.3,False,
6177f4ea-c2ab-45c4-aa9c-4515e10555e3,سهگمت,profitability_score,12.5,12.6,True,
6177f4ea-c2ab-45c4-aa9c-4515e10555e3,سهگمت,valuation_score,13.4,13.3,True,
6177f4ea-c2ab-45c4-aa9c-4515e10555e3,سهگمت,market_score,5.3,5.3,False,
6177f4ea-c2ab-45c4-aa9c-4515e10555e3,سهگمت,data_quality_score,1.0,1.0,False,
6177f4ea-c2ab-45c4-aa9c-4515e10555e3,سهگمت,quant_score,41.53,41.48,True,
4ef96c12-8f08-4e9c-b2a5-79f3403d86e3,فجر,operating_profit_ttm,,24582090000000.0,True,REPORT_CHAIN_TTM
4ef96c12-8f08-4e9c-b2a5-79f3403d86e3,فجر,revenue_ttm,,,False,INSUFFICIENT_TTM_PERIODS
4ef96c12-8f08-4e9c-b2a5-79f3403d86e3,فجر,net_profit_ttm,,,False,INSUFFICIENT_TTM_PERIODS
4ef96c12-8f08-4e9c-b2a5-79f3403d86e3,فجر,eps_ttm,1064.0,1064.0,False,DIRECT_CANONICAL
4ef96c12-8f08-4e9c-b2a5-79f3403d86e3,فجر,operating_cash_flow_ttm,,,False,INSUFFICIENT_TTM_PERIODS
4ef96c12-8f08-4e9c-b2a5-79f3403d86e3,فجر,operating_margin,,,False,
4ef96c12-8f08-4e9c-b2a5-79f3403d86e3,فجر,operating_profit_growth,,2458208900.0,True,
4ef96c12-8f08-4e9c-b2a5-79f3403d86e3,فجر,net_margin,,,False,
4ef96c12-8f08-4e9c-b2a5-79f3403d86e3,فجر,roe,,,False,
4ef96c12-8f08-4e9c-b2a5-79f3403d86e3,فجر,growth_score,13.6,15.1,True,
4ef96c12-8f08-4e9c-b2a5-79f3403d86e3,فجر,profitability_score,9.2,9.2,False,
4ef96c12-8f08-4e9c-b2a5-79f3403d86e3,فجر,valuation_score,8.2,8.0,True,
4ef96c12-8f08-4e9c-b2a5-79f3403d86e3,فجر,market_score,5.8,5.8,False,
4ef96c12-8f08-4e9c-b2a5-79f3403d86e3,فجر,data_quality_score,1.0,1.0,False,
4ef96c12-8f08-4e9c-b2a5-79f3403d86e3,فجر,quant_score,36.88,38.14,True,
c37fa5da-3c3e-4c4b-8556-1e83da64bf0a,تلیسه,operating_profit_ttm,4287235000000.0,4287235000000.0,False,DIRECT_CANONICAL
c37fa5da-3c3e-4c4b-8556-1e83da64bf0a,تلیسه,revenue_ttm,22575750000000.0,22575750000000.0,False,DIRECT_CANONICAL
c37fa5da-3c3e-4c4b-8556-1e83da64bf0a,تلیسه,net_profit_ttm,6320758000000.0,6320758000000.0,False,DIRECT_CANONICAL
c37fa5da-3c3e-4c4b-8556-1e83da64bf0a,تلیسه,eps_ttm,1265.0,1265.0,False,DIRECT_CANONICAL
c37fa5da-3c3e-4c4b-8556-1e83da64bf0a,تلیسه,operating_cash_flow_ttm,,,False,DIRECT_CANONICAL
c37fa5da-3c3e-4c4b-8556-1e83da64bf0a,تلیسه,operating_margin,18.990443285383655,18.990443285383655,False,
c37fa5da-3c3e-4c4b-8556-1e83da64bf0a,تلیسه,operating_profit_growth,,428723400.0,True,
c37fa5da-3c3e-4c4b-8556-1e83da64bf0a,تلیسه,net_margin,27.99799785167713,27.99799785167713,False,
c37fa5da-3c3e-4c4b-8556-1e83da64bf0a,تلیسه,roe,25.67541394608972,25.67541394608972,False,
c37fa5da-3c3e-4c4b-8556-1e83da64bf0a,تلیسه,growth_score,18.6,20.0,True,
c37fa5da-3c3e-4c4b-8556-1e83da64bf0a,تلیسه,profitability_score,8.2,8.4,True,
c37fa5da-3c3e-4c4b-8556-1e83da64bf0a,تلیسه,valuation_score,11.5,11.3,True,
c37fa5da-3c3e-4c4b-8556-1e83da64bf0a,تلیسه,market_score,6.3,6.3,False,
c37fa5da-3c3e-4c4b-8556-1e83da64bf0a,تلیسه,data_quality_score,1.0,1.0,False,
c37fa5da-3c3e-4c4b-8556-1e83da64bf0a,تلیسه,quant_score,44.54,45.94,True,
a3787b04-f096-412f-8535-b978e8bd1f26,پتایر,operating_profit_ttm,7844282000000.0,7844282000000.0,False,DIRECT_CANONICAL
a3787b04-f096-412f-8535-b978e8bd1f26,پتایر,revenue_ttm,63999578000000.0,63999578000000.0,False,DIRECT_CANONICAL
a3787b04-f096-412f-8535-b978e8bd1f26,پتایر,net_profit_ttm,7364622000000.0,7364622000000.0,False,DIRECT_CANONICAL
a3787b04-f096-412f-8535-b978e8bd1f26,پتایر,eps_ttm,391.0,391.0,False,DIRECT_CANONICAL
a3787b04-f096-412f-8535-b978e8bd1f26,پتایر,operating_cash_flow_ttm,,,False,DIRECT_CANONICAL
a3787b04-f096-412f-8535-b978e8bd1f26,پتایر,operating_margin,12.256771443086704,12.256771443086704,False,
a3787b04-f096-412f-8535-b978e8bd1f26,پتایر,operating_profit_growth,,,False,
a3787b04-f096-412f-8535-b978e8bd1f26,پتایر,net_margin,11.507297751244547,11.507297751244547,False,
a3787b04-f096-412f-8535-b978e8bd1f26,پتایر,roe,14.489265824565942,14.489265824565942,False,
a3787b04-f096-412f-8535-b978e8bd1f26,پتایر,growth_score,12.2,12.2,False,
a3787b04-f096-412f-8535-b978e8bd1f26,پتایر,profitability_score,6.0,6.1,True,
a3787b04-f096-412f-8535-b978e8bd1f26,پتایر,valuation_score,12.9,12.7,True,
a3787b04-f096-412f-8535-b978e8bd1f26,پتایر,market_score,4.6,4.6,False,
a3787b04-f096-412f-8535-b978e8bd1f26,پتایر,data_quality_score,1.0,1.0,False,
a3787b04-f096-412f-8535-b978e8bd1f26,پتایر,quant_score,35.64,35.57,True,
3ae93a39-7c31-4774-9957-6830fcc36f46,سخوز,operating_profit_ttm,,3345421000000.0,True,REPORT_CHAIN_TTM
3ae93a39-7c31-4774-9957-6830fcc36f46,سخوز,revenue_ttm,,,False,INSUFFICIENT_TTM_PERIODS
3ae93a39-7c31-4774-9957-6830fcc36f46,سخوز,net_profit_ttm,,,False,INSUFFICIENT_TTM_PERIODS
3ae93a39-7c31-4774-9957-6830fcc36f46,سخوز,eps_ttm,15662.0,15662.0,False,DIRECT_CANONICAL
3ae93a39-7c31-4774-9957-6830fcc36f46,سخوز,operating_cash_flow_ttm,,,False,INSUFFICIENT_TTM_PERIODS
3ae93a39-7c31-4774-9957-6830fcc36f46,سخوز,operating_margin,,,False,
3ae93a39-7c31-4774-9957-6830fcc36f46,سخوز,operating_profit_growth,,334542000.0,True,
3ae93a39-7c31-4774-9957-6830fcc36f46,سخوز,net_margin,,,False,
3ae93a39-7c31-4774-9957-6830fcc36f46,سخوز,roe,,,False,
3ae93a39-7c31-4774-9957-6830fcc36f46,سخوز,growth_score,10.8,12.3,True,
3ae93a39-7c31-4774-9957-6830fcc36f46,سخوز,profitability_score,9.2,9.1,True,
3ae93a39-7c31-4774-9957-6830fcc36f46,سخوز,valuation_score,8.8,8.6,True,
3ae93a39-7c31-4774-9957-6830fcc36f46,سخوز,market_score,3.6,3.6,False,
3ae93a39-7c31-4774-9957-6830fcc36f46,سخوز,data_quality_score,0.8,0.8,False,
3ae93a39-7c31-4774-9957-6830fcc36f46,سخوز,quant_score,25.95,26.89,True,
c207a726-ee4b-4a30-ae04-94cbe649f95c,غبشهر,operating_profit_ttm,112445864000000.0,112445864000000.0,False,DIRECT_CANONICAL
c207a726-ee4b-4a30-ae04-94cbe649f95c,غبشهر,revenue_ttm,616832551000000.0,616832551000000.0,False,DIRECT_CANONICAL
c207a726-ee4b-4a30-ae04-94cbe649f95c,غبشهر,net_profit_ttm,70670616000000.0,70670616000000.0,False,DIRECT_CANONICAL
c207a726-ee4b-4a30-ae04-94cbe649f95c,غبشهر,eps_ttm,2019.0,2019.0,False,DIRECT_CANONICAL
c207a726-ee4b-4a30-ae04-94cbe649f95c,غبشهر,operating_cash_flow_ttm,,,False,DIRECT_CANONICAL
c207a726-ee4b-4a30-ae04-94cbe649f95c,غبشهر,operating_margin,18.22956065105585,18.22956065105585,False,
c207a726-ee4b-4a30-ae04-94cbe649f95c,غبشهر,operating_profit_growth,,11244586500.0,True,
c207a726-ee4b-4a30-ae04-94cbe649f95c,غبشهر,net_margin,11.457017935488297,11.457017935488297,False,
c207a726-ee4b-4a30-ae04-94cbe649f95c,غبشهر,roe,69.86597860696085,69.86597860696085,False,
c207a726-ee4b-4a30-ae04-94cbe649f95c,غبشهر,growth_score,21.5,23.0,True,
c207a726-ee4b-4a30-ae04-94cbe649f95c,غبشهر,profitability_score,11.0,11.3,True,
c207a726-ee4b-4a30-ae04-94cbe649f95c,غبشهر,valuation_score,9.2,9.0,True,
c207a726-ee4b-4a30-ae04-94cbe649f95c,غبشهر,market_score,5.5,5.5,False,
c207a726-ee4b-4a30-ae04-94cbe649f95c,غبشهر,data_quality_score,1.0,1.0,False,
c207a726-ee4b-4a30-ae04-94cbe649f95c,غبشهر,quant_score,47.18,48.72,True,
e966585f-0e20-4505-b857-714cfe049673,کصدف,operating_profit_ttm,,1495880000000.0,True,REPORT_CHAIN_TTM
e966585f-0e20-4505-b857-714cfe049673,کصدف,revenue_ttm,,,False,MISSING_PRIOR_ANNUAL
e966585f-0e20-4505-b857-714cfe049673,کصدف,net_profit_ttm,,,False,INSUFFICIENT_TTM_PERIODS
e966585f-0e20-4505-b857-714cfe049673,کصدف,eps_ttm,800.0,800.0,False,DIRECT_CANONICAL
e966585f-0e20-4505-b857-714cfe049673,کصدف,operating_cash_flow_ttm,,,False,INSUFFICIENT_TTM_PERIODS
e966585f-0e20-4505-b857-714cfe049673,کصدف,operating_margin,,,False,
e966585f-0e20-4505-b857-714cfe049673,کصدف,operating_profit_growth,,149587900.0,True,
e966585f-0e20-4505-b857-714cfe049673,کصدف,net_margin,,,False,
e966585f-0e20-4505-b857-714cfe049673,کصدف,roe,,,False,
e966585f-0e20-4505-b857-714cfe049673,کصدف,growth_score,11.2,12.6,True,
e966585f-0e20-4505-b857-714cfe049673,کصدف,profitability_score,9.2,11.8,True,
e966585f-0e20-4505-b857-714cfe049673,کصدف,valuation_score,4.8,4.5,True,
e966585f-0e20-4505-b857-714cfe049673,کصدف,market_score,2.3,2.3,False,
e966585f-0e20-4505-b857-714cfe049673,کصدف,data_quality_score,0.8,0.8,False,
e966585f-0e20-4505-b857-714cfe049673,کصدف,quant_score,21.92,24.98,True,
11ce4fd7-9037-451e-b04e-7cad43e0c166,تپمپی,operating_profit_ttm,2388869000000.0,2388869000000.0,False,DIRECT_CANONICAL
11ce4fd7-9037-451e-b04e-7cad43e0c166,تپمپی,revenue_ttm,,,False,INSUFFICIENT_TTM_PERIODS
11ce4fd7-9037-451e-b04e-7cad43e0c166,تپمپی,net_profit_ttm,,,False,INSUFFICIENT_TTM_PERIODS
11ce4fd7-9037-451e-b04e-7cad43e0c166,تپمپی,eps_ttm,622.0,622.0,False,DIRECT_CANONICAL
11ce4fd7-9037-451e-b04e-7cad43e0c166,تپمپی,operating_cash_flow_ttm,,,False,INSUFFICIENT_TTM_PERIODS
11ce4fd7-9037-451e-b04e-7cad43e0c166,تپمپی,operating_margin,,,False,
11ce4fd7-9037-451e-b04e-7cad43e0c166,تپمپی,operating_profit_growth,238886800.0,238886800.0,False,
11ce4fd7-9037-451e-b04e-7cad43e0c166,تپمپی,net_margin,,,False,
11ce4fd7-9037-451e-b04e-7cad43e0c166,تپمپی,roe,,,False,
11ce4fd7-9037-451e-b04e-7cad43e0c166,تپمپی,growth_score,13.0,12.3,True,
11ce4fd7-9037-451e-b04e-7cad43e0c166,تپمپی,profitability_score,9.2,9.2,False,
11ce4fd7-9037-451e-b04e-7cad43e0c166,تپمپی,valuation_score,3.5,3.3,True,
11ce4fd7-9037-451e-b04e-7cad43e0c166,تپمپی,market_score,3.5,3.5,False,
11ce4fd7-9037-451e-b04e-7cad43e0c166,تپمپی,data_quality_score,0.8,0.8,False,
11ce4fd7-9037-451e-b04e-7cad43e0c166,تپمپی,quant_score,23.34,22.6,True,
028edfcd-2092-44ad-8f14-d0209f99435d,کبافق,operating_profit_ttm,,902120000000.0,True,REPORT_CHAIN_TTM
028edfcd-2092-44ad-8f14-d0209f99435d,کبافق,revenue_ttm,,,False,INSUFFICIENT_TTM_PERIODS
028edfcd-2092-44ad-8f14-d0209f99435d,کبافق,net_profit_ttm,,,False,INSUFFICIENT_TTM_PERIODS
028edfcd-2092-44ad-8f14-d0209f99435d,کبافق,eps_ttm,2276.0,2276.0,False,DIRECT_CANONICAL
028edfcd-2092-44ad-8f14-d0209f99435d,کبافق,operating_cash_flow_ttm,,,False,INSUFFICIENT_TTM_PERIODS
028edfcd-2092-44ad-8f14-d0209f99435d,کبافق,operating_margin,,,False,
028edfcd-2092-44ad-8f14-d0209f99435d,کبافق,operating_profit_growth,,90212100.0,True,
028edfcd-2092-44ad-8f14-d0209f99435d,کبافق,net_margin,,,False,
028edfcd-2092-44ad-8f14-d0209f99435d,کبافق,roe,,,False,
028edfcd-2092-44ad-8f14-d0209f99435d,کبافق,growth_score,10.8,12.3,True,
028edfcd-2092-44ad-8f14-d0209f99435d,کبافق,profitability_score,9.2,9.2,False,
028edfcd-2092-44ad-8f14-d0209f99435d,کبافق,valuation_score,2.4,2.2,True,
028edfcd-2092-44ad-8f14-d0209f99435d,کبافق,market_score,2.6,2.6,False,
028edfcd-2092-44ad-8f14-d0209f99435d,کبافق,data_quality_score,0.8,0.8,False,
028edfcd-2092-44ad-8f14-d0209f99435d,کبافق,quant_score,19.97,20.98,True,
1ed481b9-1d15-4bd0-b7a4-f0c6b08bd026,دزاگرس,operating_profit_ttm,,14061155000000.0,True,REPORT_CHAIN_TTM
1ed481b9-1d15-4bd0-b7a4-f0c6b08bd026,دزاگرس,revenue_ttm,,,False,INSUFFICIENT_TTM_PERIODS
1ed481b9-1d15-4bd0-b7a4-f0c6b08bd026,دزاگرس,net_profit_ttm,,,False,INSUFFICIENT_TTM_PERIODS
1ed481b9-1d15-4bd0-b7a4-f0c6b08bd026,دزاگرس,eps_ttm,3000.0,3000.0,False,DIRECT_CANONICAL
1ed481b9-1d15-4bd0-b7a4-f0c6b08bd026,دزاگرس,operating_cash_flow_ttm,,,False,INSUFFICIENT_TTM_PERIODS
1ed481b9-1d15-4bd0-b7a4-f0c6b08bd026,دزاگرس,operating_margin,,,False,
1ed481b9-1d15-4bd0-b7a4-f0c6b08bd026,دزاگرس,operating_profit_growth,,174551.0371382437,True,
1ed481b9-1d15-4bd0-b7a4-f0c6b08bd026,دزاگرس,net_margin,,,False,
1ed481b9-1d15-4bd0-b7a4-f0c6b08bd026,دزاگرس,roe,,,False,
1ed481b9-1d15-4bd0-b7a4-f0c6b08bd026,دزاگرس,growth_score,20.1,21.6,True,
1ed481b9-1d15-4bd0-b7a4-f0c6b08bd026,دزاگرس,profitability_score,9.2,9.2,False,
1ed481b9-1d15-4bd0-b7a4-f0c6b08bd026,دزاگرس,valuation_score,6.3,6.1,True,
1ed481b9-1d15-4bd0-b7a4-f0c6b08bd026,دزاگرس,market_score,4.8,4.8,False,
1ed481b9-1d15-4bd0-b7a4-f0c6b08bd026,دزاگرس,data_quality_score,1.0,1.0,False,
1ed481b9-1d15-4bd0-b7a4-f0c6b08bd026,دزاگرس,quant_score,40.44,41.7,True,
7774c5f9-e518-42a9-b95c-9fd94f6bea72,خراسان,operating_profit_ttm,97205845000000.0,97205845000000.0,False,DIRECT_CANONICAL
7774c5f9-e518-42a9-b95c-9fd94f6bea72,خراسان,revenue_ttm,166166449000000.0,166166449000000.0,False,DIRECT_CANONICAL
7774c5f9-e518-42a9-b95c-9fd94f6bea72,خراسان,net_profit_ttm,84071858000000.0,84071858000000.0,False,DIRECT_CANONICAL
7774c5f9-e518-42a9-b95c-9fd94f6bea72,خراسان,eps_ttm,7007.0,7007.0,False,DIRECT_CANONICAL
7774c5f9-e518-42a9-b95c-9fd94f6bea72,خراسان,operating_cash_flow_ttm,,,False,DIRECT_CANONICAL
7774c5f9-e518-42a9-b95c-9fd94f6bea72,خراسان,operating_margin,58.49908064172449,58.49908064172449,False,
7774c5f9-e518-42a9-b95c-9fd94f6bea72,خراسان,operating_profit_growth,,9720584400.0,True,
7774c5f9-e518-42a9-b95c-9fd94f6bea72,خراسان,net_margin,50.594965774348346,50.594965774348346,False,
7774c5f9-e518-42a9-b95c-9fd94f6bea72,خراسان,roe,127.43073723335021,127.43073723335021,False,
7774c5f9-e518-42a9-b95c-9fd94f6bea72,خراسان,growth_score,21.0,22.5,True,
7774c5f9-e518-42a9-b95c-9fd94f6bea72,خراسان,profitability_score,21.1,21.2,True,
7774c5f9-e518-42a9-b95c-9fd94f6bea72,خراسان,valuation_score,10.4,10.2,True,
7774c5f9-e518-42a9-b95c-9fd94f6bea72,خراسان,market_score,2.8,2.8,False,
7774c5f9-e518-42a9-b95c-9fd94f6bea72,خراسان,data_quality_score,1.0,1.0,False,
7774c5f9-e518-42a9-b95c-9fd94f6bea72,خراسان,quant_score,55.26,56.64,True,
1020e97a-e0d7-4015-bd8f-d3de9c6c82ab,دسبحا,operating_profit_ttm,,15691782000000.0,True,REPORT_CHAIN_TTM
1020e97a-e0d7-4015-bd8f-d3de9c6c82ab,دسبحا,revenue_ttm,,,False,MISSING_PRIOR_ANNUAL
1020e97a-e0d7-4015-bd8f-d3de9c6c82ab,دسبحا,net_profit_ttm,,,False,INSUFFICIENT_TTM_PERIODS
1020e97a-e0d7-4015-bd8f-d3de9c6c82ab,دسبحا,eps_ttm,1442.0,1442.0,False,DIRECT_CANONICAL
1020e97a-e0d7-4015-bd8f-d3de9c6c82ab,دسبحا,operating_cash_flow_ttm,,,False,INSUFFICIENT_TTM_PERIODS
1020e97a-e0d7-4015-bd8f-d3de9c6c82ab,دسبحا,operating_margin,,,False,
1020e97a-e0d7-4015-bd8f-d3de9c6c82ab,دسبحا,operating_profit_growth,,1569178300.0,True,
1020e97a-e0d7-4015-bd8f-d3de9c6c82ab,دسبحا,net_margin,,,False,
1020e97a-e0d7-4015-bd8f-d3de9c6c82ab,دسبحا,roe,,,False,
1020e97a-e0d7-4015-bd8f-d3de9c6c82ab,دسبحا,growth_score,12.5,14.0,True,
1020e97a-e0d7-4015-bd8f-d3de9c6c82ab,دسبحا,profitability_score,9.2,8.1,True,
1020e97a-e0d7-4015-bd8f-d3de9c6c82ab,دسبحا,valuation_score,10.0,10.0,False,
1020e97a-e0d7-4015-bd8f-d3de9c6c82ab,دسبحا,market_score,5.0,5.0,False,
1020e97a-e0d7-4015-bd8f-d3de9c6c82ab,دسبحا,data_quality_score,0.8,0.8,False,
1020e97a-e0d7-4015-bd8f-d3de9c6c82ab,دسبحا,quant_score,29.43,29.69,True,
24aa4584-7664-410f-8315-ea206d7f4497,شرانل,operating_profit_ttm,96298456000000.0,96298456000000.0,False,DIRECT_CANONICAL
24aa4584-7664-410f-8315-ea206d7f4497,شرانل,revenue_ttm,376646350000000.0,376646350000000.0,False,DIRECT_CANONICAL
24aa4584-7664-410f-8315-ea206d7f4497,شرانل,net_profit_ttm,78900444000000.0,78900444000000.0,False,DIRECT_CANONICAL
24aa4584-7664-410f-8315-ea206d7f4497,شرانل,eps_ttm,13150.0,13150.0,False,DIRECT_CANONICAL
24aa4584-7664-410f-8315-ea206d7f4497,شرانل,operating_cash_flow_ttm,,,False,DIRECT_CANONICAL
24aa4584-7664-410f-8315-ea206d7f4497,شرانل,operating_margin,25.56734082249835,25.56734082249835,False,
24aa4584-7664-410f-8315-ea206d7f4497,شرانل,operating_profit_growth,,9629845500.0,True,
24aa4584-7664-410f-8315-ea206d7f4497,شرانل,net_margin,20.94815043342382,20.94815043342382,False,
24aa4584-7664-410f-8315-ea206d7f4497,شرانل,roe,83.62120380153208,83.62120380153208,False,
24aa4584-7664-410f-8315-ea206d7f4497,شرانل,growth_score,12.7,14.2,True,
24aa4584-7664-410f-8315-ea206d7f4497,شرانل,profitability_score,16.2,16.3,True,
24aa4584-7664-410f-8315-ea206d7f4497,شرانل,valuation_score,10.2,10.0,True,
24aa4584-7664-410f-8315-ea206d7f4497,شرانل,market_score,6.2,6.2,False,
24aa4584-7664-410f-8315-ea206d7f4497,شرانل,data_quality_score,1.0,1.0,False,
24aa4584-7664-410f-8315-ea206d7f4497,شرانل,quant_score,45.29,46.67,True,
7e60836e-f575-4c4f-87b7-4891a767b632,شگل,operating_profit_ttm,9529400000000.0,9529400000000.0,False,DIRECT_CANONICAL
7e60836e-f575-4c4f-87b7-4891a767b632,شگل,revenue_ttm,50555490000000.0,50555490000000.0,False,DIRECT_CANONICAL
7e60836e-f575-4c4f-87b7-4891a767b632,شگل,net_profit_ttm,5979281000000.0,5979281000000.0,False,DIRECT_CANONICAL
7e60836e-f575-4c4f-87b7-4891a767b632,شگل,eps_ttm,759.0,759.0,False,DIRECT_CANONICAL
7e60836e-f575-4c4f-87b7-4891a767b632,شگل,operating_cash_flow_ttm,,,False,DIRECT_CANONICAL
7e60836e-f575-4c4f-87b7-4891a767b632,شگل,operating_margin,18.849387079425004,18.849387079425004,False,
7e60836e-f575-4c4f-87b7-4891a767b632,شگل,operating_profit_growth,,952939900.0,True,
7e60836e-f575-4c4f-87b7-4891a767b632,شگل,net_margin,11.827164567092515,11.827164567092515,False,
7e60836e-f575-4c4f-87b7-4891a767b632,شگل,roe,39.444112845365495,39.444112845365495,False,
7e60836e-f575-4c4f-87b7-4891a767b632,شگل,growth_score,18.3,19.8,True,
7e60836e-f575-4c4f-87b7-4891a767b632,شگل,profitability_score,7.2,7.5,True,
7e60836e-f575-4c4f-87b7-4891a767b632,شگل,valuation_score,15.2,15.1,True,
7e60836e-f575-4c4f-87b7-4891a767b632,شگل,market_score,2.5,2.5,False,
7e60836e-f575-4c4f-87b7-4891a767b632,شگل,data_quality_score,1.0,1.0,False,
7e60836e-f575-4c4f-87b7-4891a767b632,شگل,quant_score,43.29,44.98,True,
d9b005d3-5e44-419a-9f69-d76deca60a82,کالا,operating_profit_ttm,38071877000000.0,38071877000000.0,False,DIRECT_CANONICAL
d9b005d3-5e44-419a-9f69-d76deca60a82,کالا,revenue_ttm,54720244000000.0,54720244000000.0,False,DIRECT_CANONICAL
d9b005d3-5e44-419a-9f69-d76deca60a82,کالا,net_profit_ttm,54884699000000.0,54884699000000.0,False,DIRECT_CANONICAL
d9b005d3-5e44-419a-9f69-d76deca60a82,کالا,eps_ttm,1893.0,1893.0,False,DIRECT_CANONICAL
d9b005d3-5e44-419a-9f69-d76deca60a82,کالا,operating_cash_flow_ttm,,,False,DIRECT_CANONICAL
d9b005d3-5e44-419a-9f69-d76deca60a82,کالا,operating_margin,69.57548836953286,69.57548836953286,False,
d9b005d3-5e44-419a-9f69-d76deca60a82,کالا,operating_profit_growth,,219.28528070979647,True,
d9b005d3-5e44-419a-9f69-d76deca60a82,کالا,net_margin,100.30053776806989,100.30053776806989,False,
d9b005d3-5e44-419a-9f69-d76deca60a82,کالا,roe,61.27849810506775,61.27849810506775,False,
d9b005d3-5e44-419a-9f69-d76deca60a82,کالا,growth_score,20.2,19.6,True,
d9b005d3-5e44-419a-9f69-d76deca60a82,کالا,profitability_score,12.2,12.3,True,
d9b005d3-5e44-419a-9f69-d76deca60a82,کالا,valuation_score,12.9,12.8,True,
d9b005d3-5e44-419a-9f69-d76deca60a82,کالا,market_score,9.1,9.1,False,
d9b005d3-5e44-419a-9f69-d76deca60a82,کالا,data_quality_score,1.0,1.0,False,
d9b005d3-5e44-419a-9f69-d76deca60a82,کالا,quant_score,54.46,53.79,True,
84a95aa7-e76c-4fde-8d1d-bb5d87c09b92,قثابت,operating_profit_ttm,525509000000.0,525509000000.0,False,DIRECT_CANONICAL
84a95aa7-e76c-4fde-8d1d-bb5d87c09b92,قثابت,revenue_ttm,15373274000000.0,15373274000000.0,False,DIRECT_CANONICAL
84a95aa7-e76c-4fde-8d1d-bb5d87c09b92,قثابت,net_profit_ttm,1350648000000.0,1350648000000.0,False,DIRECT_CANONICAL
84a95aa7-e76c-4fde-8d1d-bb5d87c09b92,قثابت,eps_ttm,209.0,209.0,False,DIRECT_CANONICAL
84a95aa7-e76c-4fde-8d1d-bb5d87c09b92,قثابت,operating_cash_flow_ttm,,,False,DIRECT_CANONICAL
84a95aa7-e76c-4fde-8d1d-bb5d87c09b92,قثابت,operating_margin,3.4183284575556256,3.4183284575556256,False,
84a95aa7-e76c-4fde-8d1d-bb5d87c09b92,قثابت,operating_profit_growth,,,False,
84a95aa7-e76c-4fde-8d1d-bb5d87c09b92,قثابت,net_margin,8.785688721868874,8.785688721868874,False,
84a95aa7-e76c-4fde-8d1d-bb5d87c09b92,قثابت,roe,14.072237418735353,14.072237418735353,False,
84a95aa7-e76c-4fde-8d1d-bb5d87c09b92,قثابت,growth_score,9.2,9.2,False,
84a95aa7-e76c-4fde-8d1d-bb5d87c09b92,قثابت,profitability_score,0.0,0.0,False,
84a95aa7-e76c-4fde-8d1d-bb5d87c09b92,قثابت,valuation_score,6.8,6.6,True,
84a95aa7-e76c-4fde-8d1d-bb5d87c09b92,قثابت,market_score,4.5,4.5,False,
84a95aa7-e76c-4fde-8d1d-bb5d87c09b92,قثابت,data_quality_score,1.0,1.0,False,
84a95aa7-e76c-4fde-8d1d-bb5d87c09b92,قثابت,quant_score,20.51,20.3,True,
b0d0bbb8-3548-464c-b6ce-64350b1cce3e,سفانو,operating_profit_ttm,,4940937000000.0,True,REPORT_CHAIN_TTM
b0d0bbb8-3548-464c-b6ce-64350b1cce3e,سفانو,revenue_ttm,,,False,INSUFFICIENT_TTM_PERIODS
b0d0bbb8-3548-464c-b6ce-64350b1cce3e,سفانو,net_profit_ttm,,,False,INSUFFICIENT_TTM_PERIODS
b0d0bbb8-3548-464c-b6ce-64350b1cce3e,سفانو,eps_ttm,8459.0,8459.0,False,DIRECT_CANONICAL
b0d0bbb8-3548-464c-b6ce-64350b1cce3e,سفانو,operating_cash_flow_ttm,,,False,INSUFFICIENT_TTM_PERIODS
b0d0bbb8-3548-464c-b6ce-64350b1cce3e,سفانو,operating_margin,,,False,
b0d0bbb8-3548-464c-b6ce-64350b1cce3e,سفانو,operating_profit_growth,,494093600.0,True,
b0d0bbb8-3548-464c-b6ce-64350b1cce3e,سفانو,net_margin,,,False,
b0d0bbb8-3548-464c-b6ce-64350b1cce3e,سفانو,roe,,,False,
b0d0bbb8-3548-464c-b6ce-64350b1cce3e,سفانو,growth_score,10.9,12.4,True,
b0d0bbb8-3548-464c-b6ce-64350b1cce3e,سفانو,profitability_score,9.2,9.2,False,
b0d0bbb8-3548-464c-b6ce-64350b1cce3e,سفانو,valuation_score,8.4,8.1,True,
b0d0bbb8-3548-464c-b6ce-64350b1cce3e,سفانو,market_score,2.6,2.6,False,
b0d0bbb8-3548-464c-b6ce-64350b1cce3e,سفانو,data_quality_score,1.0,1.0,False,
b0d0bbb8-3548-464c-b6ce-64350b1cce3e,سفانو,quant_score,31.06,32.32,True,
5f495881-e8f4-460a-a502-64de22b67c20,سپید,operating_profit_ttm,,3186863000000.0,True,REPORT_CHAIN_TTM
5f495881-e8f4-460a-a502-64de22b67c20,سپید,revenue_ttm,,,False,INSUFFICIENT_TTM_PERIODS
5f495881-e8f4-460a-a502-64de22b67c20,سپید,net_profit_ttm,,,False,INSUFFICIENT_TTM_PERIODS
5f495881-e8f4-460a-a502-64de22b67c20,سپید,eps_ttm,732.0,732.0,False,DIRECT_CANONICAL
5f495881-e8f4-460a-a502-64de22b67c20,سپید,operating_cash_flow_ttm,,,False,INSUFFICIENT_TTM_PERIODS
5f495881-e8f4-460a-a502-64de22b67c20,سپید,operating_margin,,,False,
5f495881-e8f4-460a-a502-64de22b67c20,سپید,operating_profit_growth,,318686200.0,True,
5f495881-e8f4-460a-a502-64de22b67c20,سپید,net_margin,,,False,
5f495881-e8f4-460a-a502-64de22b67c20,سپید,roe,,,False,
5f495881-e8f4-460a-a502-64de22b67c20,سپید,growth_score,10.8,12.3,True,
5f495881-e8f4-460a-a502-64de22b67c20,سپید,profitability_score,9.2,9.2,False,
5f495881-e8f4-460a-a502-64de22b67c20,سپید,valuation_score,1.2,1.0,True,
5f495881-e8f4-460a-a502-64de22b67c20,سپید,market_score,5.8,5.8,False,
5f495881-e8f4-460a-a502-64de22b67c20,سپید,data_quality_score,0.8,0.8,False,
5f495881-e8f4-460a-a502-64de22b67c20,سپید,quant_score,21.63,22.64,True,
298fce3f-f6fe-451e-93e1-f4d4ca508782,کسرا,operating_profit_ttm,4969286000000.0,4969286000000.0,False,DIRECT_CANONICAL
298fce3f-f6fe-451e-93e1-f4d4ca508782,کسرا,revenue_ttm,12931763000000.0,12931763000000.0,False,DIRECT_CANONICAL
298fce3f-f6fe-451e-93e1-f4d4ca508782,کسرا,net_profit_ttm,3725359000000.0,3725359000000.0,False,DIRECT_CANONICAL
298fce3f-f6fe-451e-93e1-f4d4ca508782,کسرا,eps_ttm,568.0,568.0,False,DIRECT_CANONICAL
298fce3f-f6fe-451e-93e1-f4d4ca508782,کسرا,operating_cash_flow_ttm,,,False,DIRECT_CANONICAL
298fce3f-f6fe-451e-93e1-f4d4ca508782,کسرا,operating_margin,38.42698014184145,38.42698014184145,False,
298fce3f-f6fe-451e-93e1-f4d4ca508782,کسرا,operating_profit_growth,,496928500.0,True,
298fce3f-f6fe-451e-93e1-f4d4ca508782,کسرا,net_margin,28.80781993916839,28.80781993916839,False,
298fce3f-f6fe-451e-93e1-f4d4ca508782,کسرا,roe,15.426257009057093,15.426257009057093,False,
298fce3f-f6fe-451e-93e1-f4d4ca508782,کسرا,growth_score,22.4,23.9,True,
298fce3f-f6fe-451e-93e1-f4d4ca508782,کسرا,profitability_score,12.5,12.6,True,
298fce3f-f6fe-451e-93e1-f4d4ca508782,کسرا,valuation_score,15.0,15.0,False,
298fce3f-f6fe-451e-93e1-f4d4ca508782,کسرا,market_score,3.4,3.4,False,
298fce3f-f6fe-451e-93e1-f4d4ca508782,کسرا,data_quality_score,1.0,1.0,False,
298fce3f-f6fe-451e-93e1-f4d4ca508782,کسرا,quant_score,53.34,54.89,True,
a3d9899a-222c-4aa7-8289-21219456d095,بفجر,operating_profit_ttm,-1000000.0,-1000000.0,False,DIRECT_CANONICAL
a3d9899a-222c-4aa7-8289-21219456d095,بفجر,revenue_ttm,339611947000000.0,339611947000000.0,False,DIRECT_CANONICAL
a3d9899a-222c-4aa7-8289-21219456d095,بفجر,net_profit_ttm,100605498000000.0,100605498000000.0,False,DIRECT_CANONICAL
a3d9899a-222c-4aa7-8289-21219456d095,بفجر,eps_ttm,2580.0,2580.0,False,DIRECT_CANONICAL
a3d9899a-222c-4aa7-8289-21219456d095,بفجر,operating_cash_flow_ttm,,,False,DIRECT_CANONICAL
a3d9899a-222c-4aa7-8289-21219456d095,بفجر,operating_margin,-2.944537166120366e-07,-2.944537166120366e-07,False,
a3d9899a-222c-4aa7-8289-21219456d095,بفجر,operating_profit_growth,-200.0,-200.0,False,
a3d9899a-222c-4aa7-8289-21219456d095,بفجر,net_margin,29.62366279770482,29.62366279770482,False,
a3d9899a-222c-4aa7-8289-21219456d095,بفجر,roe,74.78836569530067,74.78836569530067,False,
a3d9899a-222c-4aa7-8289-21219456d095,بفجر,growth_score,4.5,4.3,True,
a3d9899a-222c-4aa7-8289-21219456d095,بفجر,profitability_score,0.0,0.0,False,
a3d9899a-222c-4aa7-8289-21219456d095,بفجر,valuation_score,14.6,14.6,False,
a3d9899a-222c-4aa7-8289-21219456d095,بفجر,market_score,6.2,6.2,False,
a3d9899a-222c-4aa7-8289-21219456d095,بفجر,data_quality_score,0.8,0.8,False,
a3d9899a-222c-4aa7-8289-21219456d095,بفجر,quant_score,20.23,20.0,True,
b2a1f6fa-d81c-4c8d-bd72-c1cf411e5997,فولاد,operating_profit_ttm,915803634000000.0,915803634000000.0,False,DIRECT_CANONICAL
b2a1f6fa-d81c-4c8d-bd72-c1cf411e5997,فولاد,revenue_ttm,3655311328000000.0,3655311328000000.0,False,DIRECT_CANONICAL
b2a1f6fa-d81c-4c8d-bd72-c1cf411e5997,فولاد,net_profit_ttm,962487084000000.0,962487084000000.0,False,DIRECT_CANONICAL
b2a1f6fa-d81c-4c8d-bd72-c1cf411e5997,فولاد,eps_ttm,497.0,497.0,False,DIRECT_CANONICAL
b2a1f6fa-d81c-4c8d-bd72-c1cf411e5997,فولاد,operating_cash_flow_ttm,,,False,DIRECT_CANONICAL
b2a1f6fa-d81c-4c8d-bd72-c1cf411e5997,فولاد,operating_margin,25.054052906105838,25.054052906105838,False,
b2a1f6fa-d81c-4c8d-bd72-c1cf411e5997,فولاد,operating_profit_growth,,91580363300.0,True,
b2a1f6fa-d81c-4c8d-bd72-c1cf411e5997,فولاد,net_margin,26.33119309502493,26.33119309502493,False,
b2a1f6fa-d81c-4c8d-bd72-c1cf411e5997,فولاد,roe,28.458625884233385,28.458625884233385,False,
b2a1f6fa-d81c-4c8d-bd72-c1cf411e5997,فولاد,growth_score,12.4,13.9,True,
b2a1f6fa-d81c-4c8d-bd72-c1cf411e5997,فولاد,profitability_score,7.3,7.6,True,
b2a1f6fa-d81c-4c8d-bd72-c1cf411e5997,فولاد,valuation_score,12.4,12.2,True,
b2a1f6fa-d81c-4c8d-bd72-c1cf411e5997,فولاد,market_score,8.2,8.2,False,
b2a1f6fa-d81c-4c8d-bd72-c1cf411e5997,فولاد,data_quality_score,1.0,1.0,False,
b2a1f6fa-d81c-4c8d-bd72-c1cf411e5997,فولاد,quant_score,40.34,41.91,True,
5c8b97d1-9fd7-451e-ab89-964a4ac12a39,بکهنوج,operating_profit_ttm,,,False,MISSING_PRIOR_ANNUAL
5c8b97d1-9fd7-451e-ab89-964a4ac12a39,بکهنوج,revenue_ttm,,,False,INSUFFICIENT_TTM_PERIODS
5c8b97d1-9fd7-451e-ab89-964a4ac12a39,بکهنوج,net_profit_ttm,,,False,INSUFFICIENT_TTM_PERIODS
5c8b97d1-9fd7-451e-ab89-964a4ac12a39,بکهنوج,eps_ttm,-664.0,-664.0,False,DIRECT_CANONICAL
5c8b97d1-9fd7-451e-ab89-964a4ac12a39,بکهنوج,operating_cash_flow_ttm,,,False,INSUFFICIENT_TTM_PERIODS
5c8b97d1-9fd7-451e-ab89-964a4ac12a39,بکهنوج,operating_margin,,,False,
5c8b97d1-9fd7-451e-ab89-964a4ac12a39,بکهنوج,operating_profit_growth,,,False,
5c8b97d1-9fd7-451e-ab89-964a4ac12a39,بکهنوج,net_margin,,,False,
5c8b97d1-9fd7-451e-ab89-964a4ac12a39,بکهنوج,roe,,,False,
5c8b97d1-9fd7-451e-ab89-964a4ac12a39,بکهنوج,growth_score,10.8,10.8,False,
5c8b97d1-9fd7-451e-ab89-964a4ac12a39,بکهنوج,profitability_score,9.2,9.2,False,
5c8b97d1-9fd7-451e-ab89-964a4ac12a39,بکهنوج,valuation_score,0.0,0.0,False,
5c8b97d1-9fd7-451e-ab89-964a4ac12a39,بکهنوج,market_score,2.8,2.8,False,
5c8b97d1-9fd7-451e-ab89-964a4ac12a39,بکهنوج,data_quality_score,0.8,0.8,False,
5c8b97d1-9fd7-451e-ab89-964a4ac12a39,بکهنوج,quant_score,18.22,18.22,False,
4a94b7d6-5f54-4389-b7c4-d4d7c2906c08,بترانس,operating_profit_ttm,614610000000.0,614610000000.0,False,DIRECT_CANONICAL
4a94b7d6-5f54-4389-b7c4-d4d7c2906c08,بترانس,revenue_ttm,688342000000.0,688342000000.0,False,DIRECT_CANONICAL
4a94b7d6-5f54-4389-b7c4-d4d7c2906c08,بترانس,net_profit_ttm,550392000000.0,550392000000.0,False,DIRECT_CANONICAL
4a94b7d6-5f54-4389-b7c4-d4d7c2906c08,بترانس,eps_ttm,459.0,459.0,False,DIRECT_CANONICAL
4a94b7d6-5f54-4389-b7c4-d4d7c2906c08,بترانس,operating_cash_flow_ttm,,,False,DIRECT_CANONICAL
4a94b7d6-5f54-4389-b7c4-d4d7c2906c08,بترانس,operating_margin,89.28846416461585,89.28846416461585,False,
4a94b7d6-5f54-4389-b7c4-d4d7c2906c08,بترانس,operating_profit_growth,,,False,
4a94b7d6-5f54-4389-b7c4-d4d7c2906c08,بترانس,net_margin,79.95909010346601,79.95909010346601,False,
4a94b7d6-5f54-4389-b7c4-d4d7c2906c08,بترانس,roe,29.149231511497536,29.149231511497536,False,
4a94b7d6-5f54-4389-b7c4-d4d7c2906c08,بترانس,growth_score,10.4,10.4,False,
4a94b7d6-5f54-4389-b7c4-d4d7c2906c08,بترانس,profitability_score,16.2,16.4,True,
4a94b7d6-5f54-4389-b7c4-d4d7c2906c08,بترانس,valuation_score,10.3,10.1,True,
4a94b7d6-5f54-4389-b7c4-d4d7c2906c08,بترانس,market_score,8.0,8.0,False,
4a94b7d6-5f54-4389-b7c4-d4d7c2906c08,بترانس,data_quality_score,1.0,1.0,False,
4a94b7d6-5f54-4389-b7c4-d4d7c2906c08,بترانس,quant_score,44.97,44.96,True,
ee0218dc-af71-478d-a572-b65b7cb82a8b,دقاضی,operating_profit_ttm,34343636000000.0,34343636000000.0,False,DIRECT_CANONICAL
ee0218dc-af71-478d-a572-b65b7cb82a8b,دقاضی,revenue_ttm,54992634000000.0,54992634000000.0,False,DIRECT_CANONICAL
ee0218dc-af71-478d-a572-b65b7cb82a8b,دقاضی,net_profit_ttm,25068728000000.0,25068728000000.0,False,DIRECT_CANONICAL
ee0218dc-af71-478d-a572-b65b7cb82a8b,دقاضی,eps_ttm,2478.0,2478.0,False,DIRECT_CANONICAL
ee0218dc-af71-478d-a572-b65b7cb82a8b,دقاضی,operating_cash_flow_ttm,,,False,DIRECT_CANONICAL
ee0218dc-af71-478d-a572-b65b7cb82a8b,دقاضی,operating_margin,62.45133848289572,62.45133848289572,False,
ee0218dc-af71-478d-a572-b65b7cb82a8b,دقاضی,operating_profit_growth,,3434363500.0,True,
ee0218dc-af71-478d-a572-b65b7cb82a8b,دقاضی,net_margin,45.5856106110502,45.5856106110502,False,
ee0218dc-af71-478d-a572-b65b7cb82a8b,دقاضی,roe,60.581270901991665,60.581270901991665,False,
ee0218dc-af71-478d-a572-b65b7cb82a8b,دقاضی,growth_score,22.8,24.2,True,
ee0218dc-af71-478d-a572-b65b7cb82a8b,دقاضی,profitability_score,19.1,19.1,False,
ee0218dc-af71-478d-a572-b65b7cb82a8b,دقاضی,valuation_score,9.1,8.9,True,
ee0218dc-af71-478d-a572-b65b7cb82a8b,دقاضی,market_score,6.4,6.4,False,
ee0218dc-af71-478d-a572-b65b7cb82a8b,دقاضی,data_quality_score,1.0,1.0,False,
ee0218dc-af71-478d-a572-b65b7cb82a8b,دقاضی,quant_score,57.36,58.62,True,
0311daa9-ed4b-4e8e-b977-2cba4a4670f2,فخاس,operating_profit_ttm,,66478740000000.0,True,REPORT_CHAIN_TTM
0311daa9-ed4b-4e8e-b977-2cba4a4670f2,فخاس,revenue_ttm,,,False,INSUFFICIENT_TTM_PERIODS
0311daa9-ed4b-4e8e-b977-2cba4a4670f2,فخاس,net_profit_ttm,,,False,INSUFFICIENT_TTM_PERIODS
0311daa9-ed4b-4e8e-b977-2cba4a4670f2,فخاس,eps_ttm,364.0,364.0,False,DIRECT_CANONICAL
0311daa9-ed4b-4e8e-b977-2cba4a4670f2,فخاس,operating_cash_flow_ttm,,,False,INSUFFICIENT_TTM_PERIODS
0311daa9-ed4b-4e8e-b977-2cba4a4670f2,فخاس,operating_margin,,,False,
0311daa9-ed4b-4e8e-b977-2cba4a4670f2,فخاس,operating_profit_growth,,6647873900.0,True,
0311daa9-ed4b-4e8e-b977-2cba4a4670f2,فخاس,net_margin,,,False,
0311daa9-ed4b-4e8e-b977-2cba4a4670f2,فخاس,roe,,,False,
0311daa9-ed4b-4e8e-b977-2cba4a4670f2,فخاس,growth_score,10.8,12.3,True,
0311daa9-ed4b-4e8e-b977-2cba4a4670f2,فخاس,profitability_score,9.2,9.2,False,
0311daa9-ed4b-4e8e-b977-2cba4a4670f2,فخاس,valuation_score,4.9,4.7,True,
0311daa9-ed4b-4e8e-b977-2cba4a4670f2,فخاس,market_score,4.7,4.7,False,
0311daa9-ed4b-4e8e-b977-2cba4a4670f2,فخاس,data_quality_score,0.8,0.8,False,
0311daa9-ed4b-4e8e-b977-2cba4a4670f2,فخاس,quant_score,23.64,24.65,True,
ad315653-75a0-4370-aa61-8677da4534d3,وخاور,operating_profit_ttm,164026438000000.0,164026438000000.0,False,DIRECT_CANONICAL
ad315653-75a0-4370-aa61-8677da4534d3,وخاور,revenue_ttm,,,False,INSUFFICIENT_TTM_PERIODS
ad315653-75a0-4370-aa61-8677da4534d3,وخاور,net_profit_ttm,,,False,INSUFFICIENT_TTM_PERIODS
ad315653-75a0-4370-aa61-8677da4534d3,وخاور,eps_ttm,1202.0,1202.0,False,DIRECT_CANONICAL
ad315653-75a0-4370-aa61-8677da4534d3,وخاور,operating_cash_flow_ttm,,,False,INSUFFICIENT_TTM_PERIODS
ad315653-75a0-4370-aa61-8677da4534d3,وخاور,operating_margin,,,False,
ad315653-75a0-4370-aa61-8677da4534d3,وخاور,operating_profit_growth,16402643700.0,16402643700.0,False,
ad315653-75a0-4370-aa61-8677da4534d3,وخاور,net_margin,,,False,
ad315653-75a0-4370-aa61-8677da4534d3,وخاور,roe,,,False,
ad315653-75a0-4370-aa61-8677da4534d3,وخاور,growth_score,13.0,12.3,True,
ad315653-75a0-4370-aa61-8677da4534d3,وخاور,profitability_score,9.2,9.2,False,
ad315653-75a0-4370-aa61-8677da4534d3,وخاور,valuation_score,9.6,9.4,True,
ad315653-75a0-4370-aa61-8677da4534d3,وخاور,market_score,5.8,5.8,False,
ad315653-75a0-4370-aa61-8677da4534d3,وخاور,data_quality_score,0.8,0.8,False,
ad315653-75a0-4370-aa61-8677da4534d3,وخاور,quant_score,30.01,29.33,True,
b0a1be47-1fbd-4ac5-8b46-d1ae52b4bbff,سیستم,operating_profit_ttm,32567607000000.0,32567607000000.0,False,DIRECT_CANONICAL
b0a1be47-1fbd-4ac5-8b46-d1ae52b4bbff,سیستم,revenue_ttm,45842370000000.0,45842370000000.0,False,DIRECT_CANONICAL
b0a1be47-1fbd-4ac5-8b46-d1ae52b4bbff,سیستم,net_profit_ttm,36540673000000.0,36540673000000.0,False,DIRECT_CANONICAL
b0a1be47-1fbd-4ac5-8b46-d1ae52b4bbff,سیستم,eps_ttm,3654.0,3654.0,False,DIRECT_CANONICAL
b0a1be47-1fbd-4ac5-8b46-d1ae52b4bbff,سیستم,operating_cash_flow_ttm,,,False,DIRECT_CANONICAL
b0a1be47-1fbd-4ac5-8b46-d1ae52b4bbff,سیستم,operating_margin,71.04259007551312,71.04259007551312,False,
b0a1be47-1fbd-4ac5-8b46-d1ae52b4bbff,سیستم,operating_profit_growth,,3256760600.0,True,
b0a1be47-1fbd-4ac5-8b46-d1ae52b4bbff,سیستم,net_margin,79.70938893429812,79.70938893429812,False,
b0a1be47-1fbd-4ac5-8b46-d1ae52b4bbff,سیستم,roe,198.10739359066616,198.10739359066616,False,
b0a1be47-1fbd-4ac5-8b46-d1ae52b4bbff,سیستم,growth_score,13.1,14.5,True,
b0a1be47-1fbd-4ac5-8b46-d1ae52b4bbff,سیستم,profitability_score,19.7,19.6,True,
b0a1be47-1fbd-4ac5-8b46-d1ae52b4bbff,سیستم,valuation_score,6.2,6.0,True,
b0a1be47-1fbd-4ac5-8b46-d1ae52b4bbff,سیستم,market_score,3.1,3.1,False,
b0a1be47-1fbd-4ac5-8b46-d1ae52b4bbff,سیستم,data_quality_score,1.0,1.0,False,
b0a1be47-1fbd-4ac5-8b46-d1ae52b4bbff,سیستم,quant_score,42.14,43.28,True,
18395190-5040-4ec6-8f64-2ec3a7838d7c,بیوتیک,operating_profit_ttm,,1054700000000.0,True,REPORT_CHAIN_TTM
18395190-5040-4ec6-8f64-2ec3a7838d7c,بیوتیک,revenue_ttm,,,False,INSUFFICIENT_TTM_PERIODS
18395190-5040-4ec6-8f64-2ec3a7838d7c,بیوتیک,net_profit_ttm,,,False,INSUFFICIENT_TTM_PERIODS
18395190-5040-4ec6-8f64-2ec3a7838d7c,بیوتیک,eps_ttm,3251.0,3251.0,False,DIRECT_CANONICAL
18395190-5040-4ec6-8f64-2ec3a7838d7c,بیوتیک,operating_cash_flow_ttm,,,False,INSUFFICIENT_TTM_PERIODS
18395190-5040-4ec6-8f64-2ec3a7838d7c,بیوتیک,operating_margin,,,False,
18395190-5040-4ec6-8f64-2ec3a7838d7c,بیوتیک,operating_profit_growth,,105469900.0,True,
18395190-5040-4ec6-8f64-2ec3a7838d7c,بیوتیک,net_margin,,,False,
18395190-5040-4ec6-8f64-2ec3a7838d7c,بیوتیک,roe,,,False,
18395190-5040-4ec6-8f64-2ec3a7838d7c,بیوتیک,growth_score,11.8,13.2,True,
18395190-5040-4ec6-8f64-2ec3a7838d7c,بیوتیک,profitability_score,9.2,9.2,False,
18395190-5040-4ec6-8f64-2ec3a7838d7c,بیوتیک,valuation_score,4.3,4.1,True,
18395190-5040-4ec6-8f64-2ec3a7838d7c,بیوتیک,market_score,4.6,4.6,False,
18395190-5040-4ec6-8f64-2ec3a7838d7c,بیوتیک,data_quality_score,1.0,1.0,False,
18395190-5040-4ec6-8f64-2ec3a7838d7c,بیوتیک,quant_score,29.93,31.19,True,
3eb74c91-27df-4f82-940f-d86d5c64c456,دانا,operating_profit_ttm,-39459044000000.0,-39459044000000.0,False,DIRECT_CANONICAL
3eb74c91-27df-4f82-940f-d86d5c64c456,دانا,revenue_ttm,,,False,INSUFFICIENT_TTM_PERIODS
3eb74c91-27df-4f82-940f-d86d5c64c456,دانا,net_profit_ttm,,,False,INSUFFICIENT_TTM_PERIODS
3eb74c91-27df-4f82-940f-d86d5c64c456,دانا,eps_ttm,-1826.0,-1826.0,False,DIRECT_CANONICAL
3eb74c91-27df-4f82-940f-d86d5c64c456,دانا,operating_cash_flow_ttm,,,False,INSUFFICIENT_TTM_PERIODS
3eb74c91-27df-4f82-940f-d86d5c64c456,دانا,operating_margin,,,False,
3eb74c91-27df-4f82-940f-d86d5c64c456,دانا,operating_profit_growth,-3945904500.0,-3945904500.0,False,
3eb74c91-27df-4f82-940f-d86d5c64c456,دانا,net_margin,,,False,
3eb74c91-27df-4f82-940f-d86d5c64c456,دانا,roe,,,False,
3eb74c91-27df-4f82-940f-d86d5c64c456,دانا,growth_score,4.3,4.4,True,
3eb74c91-27df-4f82-940f-d86d5c64c456,دانا,profitability_score,9.2,9.2,False,
3eb74c91-27df-4f82-940f-d86d5c64c456,دانا,valuation_score,0.0,0.0,False,
3eb74c91-27df-4f82-940f-d86d5c64c456,دانا,market_score,3.5,3.5,False,
3eb74c91-27df-4f82-940f-d86d5c64c456,دانا,data_quality_score,0.8,0.8,False,
3eb74c91-27df-4f82-940f-d86d5c64c456,دانا,quant_score,13.61,13.68,True,
2b087028-34bc-4989-8280-c8fe35c9cc34,غنوش,operating_profit_ttm,,102810000000.0,True,REPORT_CHAIN_TTM
2b087028-34bc-4989-8280-c8fe35c9cc34,غنوش,revenue_ttm,,,False,INSUFFICIENT_TTM_PERIODS
2b087028-34bc-4989-8280-c8fe35c9cc34,غنوش,net_profit_ttm,,,False,INSUFFICIENT_TTM_PERIODS
2b087028-34bc-4989-8280-c8fe35c9cc34,غنوش,eps_ttm,486.0,486.0,False,DIRECT_CANONICAL
2b087028-34bc-4989-8280-c8fe35c9cc34,غنوش,operating_cash_flow_ttm,,,False,INSUFFICIENT_TTM_PERIODS
2b087028-34bc-4989-8280-c8fe35c9cc34,غنوش,operating_margin,,,False,
2b087028-34bc-4989-8280-c8fe35c9cc34,غنوش,operating_profit_growth,,10280900.0,True,
2b087028-34bc-4989-8280-c8fe35c9cc34,غنوش,net_margin,,,False,
2b087028-34bc-4989-8280-c8fe35c9cc34,غنوش,roe,,,False,
2b087028-34bc-4989-8280-c8fe35c9cc34,غنوش,growth_score,7.2,8.7,True,
2b087028-34bc-4989-8280-c8fe35c9cc34,غنوش,profitability_score,9.2,9.2,False,
2b087028-34bc-4989-8280-c8fe35c9cc34,غنوش,valuation_score,1.7,1.5,True,
2b087028-34bc-4989-8280-c8fe35c9cc34,غنوش,market_score,4.7,4.7,False,
2b087028-34bc-4989-8280-c8fe35c9cc34,غنوش,data_quality_score,1.0,1.0,False,
2b087028-34bc-4989-8280-c8fe35c9cc34,غنوش,quant_score,22.8,24.06,True,
7c967637-53cb-426b-a615-10b2c4bc202e,زهلال,operating_profit_ttm,,2356280000000.0,True,REPORT_CHAIN_TTM
7c967637-53cb-426b-a615-10b2c4bc202e,زهلال,revenue_ttm,,,False,INSUFFICIENT_TTM_PERIODS
7c967637-53cb-426b-a615-10b2c4bc202e,زهلال,net_profit_ttm,,,False,INSUFFICIENT_TTM_PERIODS
7c967637-53cb-426b-a615-10b2c4bc202e,زهلال,eps_ttm,6307.0,6307.0,False,DIRECT_CANONICAL
7c967637-53cb-426b-a615-10b2c4bc202e,زهلال,operating_cash_flow_ttm,,,False,INSUFFICIENT_TTM_PERIODS
7c967637-53cb-426b-a615-10b2c4bc202e,زهلال,operating_margin,,,False,
7c967637-53cb-426b-a615-10b2c4bc202e,زهلال,operating_profit_growth,,147.42393615624917,True,
7c967637-53cb-426b-a615-10b2c4bc202e,زهلال,net_margin,,,False,
7c967637-53cb-426b-a615-10b2c4bc202e,زهلال,roe,,,False,
7c967637-53cb-426b-a615-10b2c4bc202e,زهلال,growth_score,10.8,10.1,True,
7c967637-53cb-426b-a615-10b2c4bc202e,زهلال,profitability_score,9.2,9.2,False,
7c967637-53cb-426b-a615-10b2c4bc202e,زهلال,valuation_score,5.6,5.4,True,
7c967637-53cb-426b-a615-10b2c4bc202e,زهلال,market_score,4.5,4.5,False,
7c967637-53cb-426b-a615-10b2c4bc202e,زهلال,data_quality_score,0.8,0.8,False,
7c967637-53cb-426b-a615-10b2c4bc202e,زهلال,quant_score,24.1,23.34,True,
c3598b16-4124-4839-bd8c-c278408a857f,شبریز,operating_profit_ttm,,116998945000000.0,True,REPORT_CHAIN_TTM
c3598b16-4124-4839-bd8c-c278408a857f,شبریز,revenue_ttm,,,False,INSUFFICIENT_TTM_PERIODS
c3598b16-4124-4839-bd8c-c278408a857f,شبریز,net_profit_ttm,,,False,INSUFFICIENT_TTM_PERIODS
c3598b16-4124-4839-bd8c-c278408a857f,شبریز,eps_ttm,9661.0,9661.0,False,DIRECT_CANONICAL
c3598b16-4124-4839-bd8c-c278408a857f,شبریز,operating_cash_flow_ttm,,,False,INSUFFICIENT_TTM_PERIODS
c3598b16-4124-4839-bd8c-c278408a857f,شبریز,operating_margin,,,False,
c3598b16-4124-4839-bd8c-c278408a857f,شبریز,operating_profit_growth,,11699894400.0,True,
c3598b16-4124-4839-bd8c-c278408a857f,شبریز,net_margin,,,False,
c3598b16-4124-4839-bd8c-c278408a857f,شبریز,roe,,,False,
c3598b16-4124-4839-bd8c-c278408a857f,شبریز,growth_score,17.4,18.9,True,
c3598b16-4124-4839-bd8c-c278408a857f,شبریز,profitability_score,9.2,9.2,False,
c3598b16-4124-4839-bd8c-c278408a857f,شبریز,valuation_score,9.2,9.0,True,
c3598b16-4124-4839-bd8c-c278408a857f,شبریز,market_score,6.5,6.5,False,
c3598b16-4124-4839-bd8c-c278408a857f,شبریز,data_quality_score,1.0,1.0,False,
c3598b16-4124-4839-bd8c-c278408a857f,شبریز,quant_score,42.31,43.61,True,
d26b3713-6d63-4c3e-be90-bc7651240571,دعبید,operating_profit_ttm,99508022000000.0,99508022000000.0,False,DIRECT_CANONICAL
d26b3713-6d63-4c3e-be90-bc7651240571,دعبید,revenue_ttm,215875681000000.0,215875681000000.0,False,DIRECT_CANONICAL
d26b3713-6d63-4c3e-be90-bc7651240571,دعبید,net_profit_ttm,84095726000000.0,84095726000000.0,False,DIRECT_CANONICAL
d26b3713-6d63-4c3e-be90-bc7651240571,دعبید,eps_ttm,1502.0,1502.0,False,DIRECT_CANONICAL
d26b3713-6d63-4c3e-be90-bc7651240571,دعبید,operating_cash_flow_ttm,,,False,DIRECT_CANONICAL
d26b3713-6d63-4c3e-be90-bc7651240571,دعبید,operating_margin,46.095058757452165,46.095058757452165,False,
d26b3713-6d63-4c3e-be90-bc7651240571,دعبید,operating_profit_growth,,9950802100.0,True,
d26b3713-6d63-4c3e-be90-bc7651240571,دعبید,net_margin,38.95562742891822,38.95562742891822,False,
d26b3713-6d63-4c3e-be90-bc7651240571,دعبید,roe,59.50773590703997,59.50773590703997,False,
d26b3713-6d63-4c3e-be90-bc7651240571,دعبید,growth_score,18.2,19.7,True,
d26b3713-6d63-4c3e-be90-bc7651240571,دعبید,profitability_score,11.8,12.0,True,
d26b3713-6d63-4c3e-be90-bc7651240571,دعبید,valuation_score,6.1,5.8,True,
d26b3713-6d63-4c3e-be90-bc7651240571,دعبید,market_score,7.5,7.5,False,
d26b3713-6d63-4c3e-be90-bc7651240571,دعبید,data_quality_score,1.0,1.0,False,
d26b3713-6d63-4c3e-be90-bc7651240571,دعبید,quant_score,43.53,44.96,True,
e08aee3b-8ace-4bf6-be09-4c6bb0f0bdd7,شسپا,operating_profit_ttm,241885461000000.0,241885461000000.0,False,DIRECT_CANONICAL
e08aee3b-8ace-4bf6-be09-4c6bb0f0bdd7,شسپا,revenue_ttm,503692356000000.0,503692356000000.0,False,DIRECT_CANONICAL
e08aee3b-8ace-4bf6-be09-4c6bb0f0bdd7,شسپا,net_profit_ttm,207420331000000.0,207420331000000.0,False,DIRECT_CANONICAL
e08aee3b-8ace-4bf6-be09-4c6bb0f0bdd7,شسپا,eps_ttm,3705.0,3705.0,False,DIRECT_CANONICAL
e08aee3b-8ace-4bf6-be09-4c6bb0f0bdd7,شسپا,operating_cash_flow_ttm,,,False,DIRECT_CANONICAL
e08aee3b-8ace-4bf6-be09-4c6bb0f0bdd7,شسپا,operating_margin,48.022460162170894,48.022460162170894,False,
e08aee3b-8ace-4bf6-be09-4c6bb0f0bdd7,شسپا,operating_profit_growth,,428061577.27398837,True,
e08aee3b-8ace-4bf6-be09-4c6bb0f0bdd7,شسپا,net_margin,41.17996402550131,41.17996402550131,False,
e08aee3b-8ace-4bf6-be09-4c6bb0f0bdd7,شسپا,roe,69.30731839740618,69.30731839740618,False,
e08aee3b-8ace-4bf6-be09-4c6bb0f0bdd7,شسپا,growth_score,18.0,19.5,True,
e08aee3b-8ace-4bf6-be09-4c6bb0f0bdd7,شسپا,profitability_score,20.0,20.0,False,
e08aee3b-8ace-4bf6-be09-4c6bb0f0bdd7,شسپا,valuation_score,13.1,13.0,True,
e08aee3b-8ace-4bf6-be09-4c6bb0f0bdd7,شسپا,market_score,6.8,6.8,False,
e08aee3b-8ace-4bf6-be09-4c6bb0f0bdd7,شسپا,data_quality_score,1.0,1.0,False,
e08aee3b-8ace-4bf6-be09-4c6bb0f0bdd7,شسپا,quant_score,57.91,59.29,True,
478b42db-bf36-4b20-8a77-cb81678030c0,کاذر,operating_profit_ttm,,3582876000000.0,True,REPORT_CHAIN_TTM
478b42db-bf36-4b20-8a77-cb81678030c0,کاذر,revenue_ttm,,,False,INSUFFICIENT_TTM_PERIODS
478b42db-bf36-4b20-8a77-cb81678030c0,کاذر,net_profit_ttm,,,False,INSUFFICIENT_TTM_PERIODS
478b42db-bf36-4b20-8a77-cb81678030c0,کاذر,eps_ttm,612.0,612.0,False,DIRECT_CANONICAL
478b42db-bf36-4b20-8a77-cb81678030c0,کاذر,operating_cash_flow_ttm,,,False,INSUFFICIENT_TTM_PERIODS
478b42db-bf36-4b20-8a77-cb81678030c0,کاذر,operating_margin,,,False,
478b42db-bf36-4b20-8a77-cb81678030c0,کاذر,operating_profit_growth,,358287500.0,True,
478b42db-bf36-4b20-8a77-cb81678030c0,کاذر,net_margin,,,False,
478b42db-bf36-4b20-8a77-cb81678030c0,کاذر,roe,,,False,
478b42db-bf36-4b20-8a77-cb81678030c0,کاذر,growth_score,13.7,15.2,True,
478b42db-bf36-4b20-8a77-cb81678030c0,کاذر,profitability_score,9.2,9.2,False,
478b42db-bf36-4b20-8a77-cb81678030c0,کاذر,valuation_score,6.0,5.7,True,
478b42db-bf36-4b20-8a77-cb81678030c0,کاذر,market_score,6.0,6.0,False,
478b42db-bf36-4b20-8a77-cb81678030c0,کاذر,data_quality_score,1.0,1.0,False,
478b42db-bf36-4b20-8a77-cb81678030c0,کاذر,quant_score,34.88,36.14,True,
812cc82f-571c-4ef3-9a7b-0a2ddcda4cf5,فبیرا,operating_profit_ttm,367793000000.0,367793000000.0,False,DIRECT_CANONICAL
812cc82f-571c-4ef3-9a7b-0a2ddcda4cf5,فبیرا,revenue_ttm,,,False,INSUFFICIENT_TTM_PERIODS
812cc82f-571c-4ef3-9a7b-0a2ddcda4cf5,فبیرا,net_profit_ttm,,,False,INSUFFICIENT_TTM_PERIODS
812cc82f-571c-4ef3-9a7b-0a2ddcda4cf5,فبیرا,eps_ttm,67.0,67.0,False,DIRECT_CANONICAL
812cc82f-571c-4ef3-9a7b-0a2ddcda4cf5,فبیرا,operating_cash_flow_ttm,,,False,INSUFFICIENT_TTM_PERIODS
812cc82f-571c-4ef3-9a7b-0a2ddcda4cf5,فبیرا,operating_margin,,,False,
812cc82f-571c-4ef3-9a7b-0a2ddcda4cf5,فبیرا,operating_profit_growth,36779200.0,36779200.0,False,
812cc82f-571c-4ef3-9a7b-0a2ddcda4cf5,فبیرا,net_margin,,,False,
812cc82f-571c-4ef3-9a7b-0a2ddcda4cf5,فبیرا,roe,,,False,
812cc82f-571c-4ef3-9a7b-0a2ddcda4cf5,فبیرا,growth_score,13.0,12.3,True,
812cc82f-571c-4ef3-9a7b-0a2ddcda4cf5,فبیرا,profitability_score,9.2,9.2,False,
812cc82f-571c-4ef3-9a7b-0a2ddcda4cf5,فبیرا,valuation_score,1.7,1.5,True,
812cc82f-571c-4ef3-9a7b-0a2ddcda4cf5,فبیرا,market_score,2.4,2.4,False,
812cc82f-571c-4ef3-9a7b-0a2ddcda4cf5,فبیرا,data_quality_score,0.8,0.8,False,
812cc82f-571c-4ef3-9a7b-0a2ddcda4cf5,فبیرا,quant_score,21.02,20.28,True,
f0c68c28-0f10-4f24-8e2e-946f766bd33e,کاما,operating_profit_ttm,32198114000000.0,32198114000000.0,False,DIRECT_CANONICAL
f0c68c28-0f10-4f24-8e2e-946f766bd33e,کاما,revenue_ttm,47343885000000.0,47343885000000.0,False,DIRECT_CANONICAL
f0c68c28-0f10-4f24-8e2e-946f766bd33e,کاما,net_profit_ttm,35296359000000.0,35296359000000.0,False,DIRECT_CANONICAL
f0c68c28-0f10-4f24-8e2e-946f766bd33e,کاما,eps_ttm,829.0,829.0,False,DIRECT_CANONICAL
f0c68c28-0f10-4f24-8e2e-946f766bd33e,کاما,operating_cash_flow_ttm,,,False,DIRECT_CANONICAL
f0c68c28-0f10-4f24-8e2e-946f766bd33e,کاما,operating_margin,68.00902376304775,68.00902376304775,False,
f0c68c28-0f10-4f24-8e2e-946f766bd33e,کاما,operating_profit_growth,274.0872694479554,274.0872694479554,False,
f0c68c28-0f10-4f24-8e2e-946f766bd33e,کاما,net_margin,74.55315295734603,74.55315295734603,False,
f0c68c28-0f10-4f24-8e2e-946f766bd33e,کاما,roe,43.7878021221857,43.7878021221857,False,
f0c68c28-0f10-4f24-8e2e-946f766bd33e,کاما,growth_score,26.6,25.9,True,
f0c68c28-0f10-4f24-8e2e-946f766bd33e,کاما,profitability_score,16.2,16.3,True,
f0c68c28-0f10-4f24-8e2e-946f766bd33e,کاما,valuation_score,12.7,12.5,True,
f0c68c28-0f10-4f24-8e2e-946f766bd33e,کاما,market_score,7.3,7.3,False,
f0c68c28-0f10-4f24-8e2e-946f766bd33e,کاما,data_quality_score,1.0,1.0,False,
f0c68c28-0f10-4f24-8e2e-946f766bd33e,کاما,quant_score,62.79,62.0,True,
7ad97d90-ca30-4b48-b528-1ad0ba8f1fd6,افق,operating_profit_ttm,144156374000000.0,144156374000000.0,False,DIRECT_CANONICAL
7ad97d90-ca30-4b48-b528-1ad0ba8f1fd6,افق,revenue_ttm,2592857326000000.0,2592857326000000.0,False,DIRECT_CANONICAL
7ad97d90-ca30-4b48-b528-1ad0ba8f1fd6,افق,net_profit_ttm,155839187000000.0,155839187000000.0,False,DIRECT_CANONICAL
7ad97d90-ca30-4b48-b528-1ad0ba8f1fd6,افق,eps_ttm,5195.0,5195.0,False,DIRECT_CANONICAL
7ad97d90-ca30-4b48-b528-1ad0ba8f1fd6,افق,operating_cash_flow_ttm,,,False,DIRECT_CANONICAL
7ad97d90-ca30-4b48-b528-1ad0ba8f1fd6,افق,operating_margin,5.55974956872733,5.55974956872733,False,
7ad97d90-ca30-4b48-b528-1ad0ba8f1fd6,افق,operating_profit_growth,,14415637300.0,True,
7ad97d90-ca30-4b48-b528-1ad0ba8f1fd6,افق,net_margin,6.010326346818822,6.010326346818822,False,
7ad97d90-ca30-4b48-b528-1ad0ba8f1fd6,افق,roe,70.87561742699356,70.87561742699356,False,
7ad97d90-ca30-4b48-b528-1ad0ba8f1fd6,افق,growth_score,16.7,18.2,True,
7ad97d90-ca30-4b48-b528-1ad0ba8f1fd6,افق,profitability_score,11.9,12.0,True,
7ad97d90-ca30-4b48-b528-1ad0ba8f1fd6,افق,valuation_score,7.5,7.3,True,
7ad97d90-ca30-4b48-b528-1ad0ba8f1fd6,افق,market_score,4.8,4.8,False,
7ad97d90-ca30-4b48-b528-1ad0ba8f1fd6,افق,data_quality_score,1.0,1.0,False,
7ad97d90-ca30-4b48-b528-1ad0ba8f1fd6,افق,quant_score,40.98,42.35,True,
81d29112-38ae-458b-b94a-7918e860b87e,انرژی,operating_profit_ttm,733479000000.0,733479000000.0,False,DIRECT_CANONICAL
81d29112-38ae-458b-b94a-7918e860b87e,انرژی,revenue_ttm,2448935000000.0,2448935000000.0,False,DIRECT_CANONICAL
81d29112-38ae-458b-b94a-7918e860b87e,انرژی,net_profit_ttm,2115086000000.0,2115086000000.0,False,DIRECT_CANONICAL
81d29112-38ae-458b-b94a-7918e860b87e,انرژی,eps_ttm,521.0,521.0,False,DIRECT_CANONICAL
81d29112-38ae-458b-b94a-7918e860b87e,انرژی,operating_cash_flow_ttm,,,False,DIRECT_CANONICAL
81d29112-38ae-458b-b94a-7918e860b87e,انرژی,operating_margin,29.950937856660143,29.950937856660143,False,
81d29112-38ae-458b-b94a-7918e860b87e,انرژی,operating_profit_growth,,73347800.0,True,
81d29112-38ae-458b-b94a-7918e860b87e,انرژی,net_margin,86.36758427643036,86.36758427643036,False,
81d29112-38ae-458b-b94a-7918e860b87e,انرژی,roe,30.0036329162927,30.0036329162927,False,
81d29112-38ae-458b-b94a-7918e860b87e,انرژی,growth_score,17.6,19.1,True,
81d29112-38ae-458b-b94a-7918e860b87e,انرژی,profitability_score,2.3,2.4,True,
81d29112-38ae-458b-b94a-7918e860b87e,انرژی,valuation_score,4.8,4.6,True,
81d29112-38ae-458b-b94a-7918e860b87e,انرژی,market_score,7.6,7.6,False,
81d29112-38ae-458b-b94a-7918e860b87e,انرژی,data_quality_score,1.0,1.0,False,
81d29112-38ae-458b-b94a-7918e860b87e,انرژی,quant_score,32.39,33.69,True,
295f68b6-1f9d-4004-910d-039a20aa2d79,دامین,operating_profit_ttm,5688788000000.0,5688788000000.0,False,DIRECT_CANONICAL
295f68b6-1f9d-4004-910d-039a20aa2d79,دامین,revenue_ttm,15449212000000.0,15449212000000.0,False,DIRECT_CANONICAL
295f68b6-1f9d-4004-910d-039a20aa2d79,دامین,net_profit_ttm,3117800000000.0,3117800000000.0,False,DIRECT_CANONICAL
295f68b6-1f9d-4004-910d-039a20aa2d79,دامین,eps_ttm,341.0,341.0,False,DIRECT_CANONICAL
295f68b6-1f9d-4004-910d-039a20aa2d79,دامین,operating_cash_flow_ttm,,,False,DIRECT_CANONICAL
295f68b6-1f9d-4004-910d-039a20aa2d79,دامین,operating_margin,36.82251237150477,36.82251237150477,False,
295f68b6-1f9d-4004-910d-039a20aa2d79,دامین,operating_profit_growth,,568878700.0,True,
295f68b6-1f9d-4004-910d-039a20aa2d79,دامین,net_margin,20.18096456958452,20.18096456958452,False,
295f68b6-1f9d-4004-910d-039a20aa2d79,دامین,roe,22.578105668112563,22.578105668112563,False,
295f68b6-1f9d-4004-910d-039a20aa2d79,دامین,growth_score,13.0,14.5,True,
295f68b6-1f9d-4004-910d-039a20aa2d79,دامین,profitability_score,10.4,10.4,False,
295f68b6-1f9d-4004-910d-039a20aa2d79,دامین,valuation_score,4.8,4.6,True,
295f68b6-1f9d-4004-910d-039a20aa2d79,دامین,market_score,4.5,4.5,False,
295f68b6-1f9d-4004-910d-039a20aa2d79,دامین,data_quality_score,0.8,0.8,False,
295f68b6-1f9d-4004-910d-039a20aa2d79,دامین,quant_score,26.17,27.23,True,
c78433dc-e873-4bc9-85c4-794f755e5637,بوعلی,operating_profit_ttm,191990169000000.0,191990169000000.0,False,DIRECT_CANONICAL
c78433dc-e873-4bc9-85c4-794f755e5637,بوعلی,revenue_ttm,1108498778000000.0,1108498778000000.0,False,DIRECT_CANONICAL
c78433dc-e873-4bc9-85c4-794f755e5637,بوعلی,net_profit_ttm,165963132000000.0,165963132000000.0,False,DIRECT_CANONICAL
c78433dc-e873-4bc9-85c4-794f755e5637,بوعلی,eps_ttm,11566.0,11566.0,False,DIRECT_CANONICAL
c78433dc-e873-4bc9-85c4-794f755e5637,بوعلی,operating_cash_flow_ttm,,,False,DIRECT_CANONICAL
c78433dc-e873-4bc9-85c4-794f755e5637,بوعلی,operating_margin,17.319835872656235,17.319835872656235,False,
c78433dc-e873-4bc9-85c4-794f755e5637,بوعلی,operating_profit_growth,,19199016800.0,True,
c78433dc-e873-4bc9-85c4-794f755e5637,بوعلی,net_margin,14.971882269409232,14.971882269409232,False,
c78433dc-e873-4bc9-85c4-794f755e5637,بوعلی,roe,76.89929828444129,76.89929828444129,False,
c78433dc-e873-4bc9-85c4-794f755e5637,بوعلی,growth_score,8.3,9.8,True,
c78433dc-e873-4bc9-85c4-794f755e5637,بوعلی,profitability_score,13.5,13.6,True,
c78433dc-e873-4bc9-85c4-794f755e5637,بوعلی,valuation_score,13.9,13.8,True,
c78433dc-e873-4bc9-85c4-794f755e5637,بوعلی,market_score,6.3,6.3,False,
c78433dc-e873-4bc9-85c4-794f755e5637,بوعلی,data_quality_score,1.0,1.0,False,
c78433dc-e873-4bc9-85c4-794f755e5637,بوعلی,quant_score,42.03,43.48,True,
18ae240b-8655-405f-9a37-307d7e6a213a,کمنگنز,operating_profit_ttm,6039830000000.0,6039830000000.0,False,DIRECT_CANONICAL
18ae240b-8655-405f-9a37-307d7e6a213a,کمنگنز,revenue_ttm,13268073000000.0,13268073000000.0,False,DIRECT_CANONICAL
18ae240b-8655-405f-9a37-307d7e6a213a,کمنگنز,net_profit_ttm,5925358000000.0,5925358000000.0,False,DIRECT_CANONICAL
18ae240b-8655-405f-9a37-307d7e6a213a,کمنگنز,eps_ttm,1316.0,1316.0,False,DIRECT_CANONICAL
18ae240b-8655-405f-9a37-307d7e6a213a,کمنگنز,operating_cash_flow_ttm,,,False,DIRECT_CANONICAL
18ae240b-8655-405f-9a37-307d7e6a213a,کمنگنز,operating_margin,45.52153127285326,45.52153127285326,False,
18ae240b-8655-405f-9a37-307d7e6a213a,کمنگنز,operating_profit_growth,,603982900.0,True,
18ae240b-8655-405f-9a37-307d7e6a213a,کمنگنز,net_margin,44.658768458690275,44.658768458690275,False,
18ae240b-8655-405f-9a37-307d7e6a213a,کمنگنز,roe,51.22143864159098,51.22143864159098,False,
18ae240b-8655-405f-9a37-307d7e6a213a,کمنگنز,growth_score,19.7,21.1,True,
18ae240b-8655-405f-9a37-307d7e6a213a,کمنگنز,profitability_score,15.6,15.7,True,
18ae240b-8655-405f-9a37-307d7e6a213a,کمنگنز,valuation_score,11.2,11.0,True,
18ae240b-8655-405f-9a37-307d7e6a213a,کمنگنز,market_score,6.8,6.8,False,
18ae240b-8655-405f-9a37-307d7e6a213a,کمنگنز,data_quality_score,1.0,1.0,False,
18ae240b-8655-405f-9a37-307d7e6a213a,کمنگنز,quant_score,53.31,54.67,True,
66dcc89a-9b18-4411-abb7-78a96105b91c,زمگسا,operating_profit_ttm,,514257000000.0,True,REPORT_CHAIN_TTM
66dcc89a-9b18-4411-abb7-78a96105b91c,زمگسا,revenue_ttm,,,False,MISSING_PRIOR_ANNUAL
66dcc89a-9b18-4411-abb7-78a96105b91c,زمگسا,net_profit_ttm,,,False,INSUFFICIENT_TTM_PERIODS
66dcc89a-9b18-4411-abb7-78a96105b91c,زمگسا,eps_ttm,12169.0,12169.0,False,DIRECT_CANONICAL
66dcc89a-9b18-4411-abb7-78a96105b91c,زمگسا,operating_cash_flow_ttm,,,False,INSUFFICIENT_TTM_PERIODS
66dcc89a-9b18-4411-abb7-78a96105b91c,زمگسا,operating_margin,,,False,
66dcc89a-9b18-4411-abb7-78a96105b91c,زمگسا,operating_profit_growth,,51425600.0,True,
66dcc89a-9b18-4411-abb7-78a96105b91c,زمگسا,net_margin,,,False,
66dcc89a-9b18-4411-abb7-78a96105b91c,زمگسا,roe,,,False,
66dcc89a-9b18-4411-abb7-78a96105b91c,زمگسا,growth_score,17.8,19.2,True,
66dcc89a-9b18-4411-abb7-78a96105b91c,زمگسا,profitability_score,9.2,0.0,True,
66dcc89a-9b18-4411-abb7-78a96105b91c,زمگسا,valuation_score,6.6,6.4,True,
66dcc89a-9b18-4411-abb7-78a96105b91c,زمگسا,market_score,2.7,2.7,False,
66dcc89a-9b18-4411-abb7-78a96105b91c,زمگسا,data_quality_score,1.0,1.0,False,
66dcc89a-9b18-4411-abb7-78a96105b91c,زمگسا,quant_score,36.27,28.33,True,
f987c8a0-eef2-4fb0-b3b5-dcb976b6eb48,غشوکو,operating_profit_ttm,,1879992000000.0,True,REPORT_CHAIN_TTM
f987c8a0-eef2-4fb0-b3b5-dcb976b6eb48,غشوکو,revenue_ttm,,,False,INSUFFICIENT_TTM_PERIODS
f987c8a0-eef2-4fb0-b3b5-dcb976b6eb48,غشوکو,net_profit_ttm,,,False,INSUFFICIENT_TTM_PERIODS
f987c8a0-eef2-4fb0-b3b5-dcb976b6eb48,غشوکو,eps_ttm,1479.0,1479.0,False,DIRECT_CANONICAL
f987c8a0-eef2-4fb0-b3b5-dcb976b6eb48,غشوکو,operating_cash_flow_ttm,,,False,INSUFFICIENT_TTM_PERIODS
f987c8a0-eef2-4fb0-b3b5-dcb976b6eb48,غشوکو,operating_margin,,,False,
f987c8a0-eef2-4fb0-b3b5-dcb976b6eb48,غشوکو,operating_profit_growth,,153.6047095134546,True,
f987c8a0-eef2-4fb0-b3b5-dcb976b6eb48,غشوکو,net_margin,,,False,
f987c8a0-eef2-4fb0-b3b5-dcb976b6eb48,غشوکو,roe,,,False,
f987c8a0-eef2-4fb0-b3b5-dcb976b6eb48,غشوکو,growth_score,14.2,13.5,True,
f987c8a0-eef2-4fb0-b3b5-dcb976b6eb48,غشوکو,profitability_score,9.2,9.2,False,
f987c8a0-eef2-4fb0-b3b5-dcb976b6eb48,غشوکو,valuation_score,5.5,5.3,True,
f987c8a0-eef2-4fb0-b3b5-dcb976b6eb48,غشوکو,market_score,2.5,2.5,False,
f987c8a0-eef2-4fb0-b3b5-dcb976b6eb48,غشوکو,data_quality_score,1.0,1.0,False,
f987c8a0-eef2-4fb0-b3b5-dcb976b6eb48,غشوکو,quant_score,31.46,30.56,True,
3cd5635b-d0df-4842-a1bc-7176a103896f,شتران,operating_profit_ttm,1101720528000000.0,1101720528000000.0,False,DIRECT_CANONICAL
3cd5635b-d0df-4842-a1bc-7176a103896f,شتران,revenue_ttm,4928091492000000.0,4928091492000000.0,False,DIRECT_CANONICAL
3cd5635b-d0df-4842-a1bc-7176a103896f,شتران,net_profit_ttm,922911344000000.0,922911344000000.0,False,DIRECT_CANONICAL
3cd5635b-d0df-4842-a1bc-7176a103896f,شتران,eps_ttm,1414.0,1414.0,False,DIRECT_CANONICAL
3cd5635b-d0df-4842-a1bc-7176a103896f,شتران,operating_cash_flow_ttm,,,False,DIRECT_CANONICAL
3cd5635b-d0df-4842-a1bc-7176a103896f,شتران,operating_margin,22.35592682864095,22.35592682864095,False,
3cd5635b-d0df-4842-a1bc-7176a103896f,شتران,operating_profit_growth,,290691332.18997365,True,
3cd5635b-d0df-4842-a1bc-7176a103896f,شتران,net_margin,18.72756107507754,18.72756107507754,False,
3cd5635b-d0df-4842-a1bc-7176a103896f,شتران,roe,52.73578025534579,52.73578025534579,False,
3cd5635b-d0df-4842-a1bc-7176a103896f,شتران,growth_score,19.8,21.3,True,
3cd5635b-d0df-4842-a1bc-7176a103896f,شتران,profitability_score,12.5,12.5,False,
3cd5635b-d0df-4842-a1bc-7176a103896f,شتران,valuation_score,14.5,14.3,True,
3cd5635b-d0df-4842-a1bc-7176a103896f,شتران,market_score,9.0,9.0,False,
3cd5635b-d0df-4842-a1bc-7176a103896f,شتران,data_quality_score,1.0,1.0,False,
3cd5635b-d0df-4842-a1bc-7176a103896f,شتران,quant_score,55.83,57.17,True,
ba05c4b9-5f3b-47a1-8b84-6618480e8dad,سغرب,operating_profit_ttm,-1000000.0,-1000000.0,False,DIRECT_CANONICAL
ba05c4b9-5f3b-47a1-8b84-6618480e8dad,سغرب,revenue_ttm,,,False,INSUFFICIENT_TTM_PERIODS
ba05c4b9-5f3b-47a1-8b84-6618480e8dad,سغرب,net_profit_ttm,,,False,INSUFFICIENT_TTM_PERIODS
ba05c4b9-5f3b-47a1-8b84-6618480e8dad,سغرب,eps_ttm,1082.0,1082.0,False,DIRECT_CANONICAL
ba05c4b9-5f3b-47a1-8b84-6618480e8dad,سغرب,operating_cash_flow_ttm,,,False,INSUFFICIENT_TTM_PERIODS
ba05c4b9-5f3b-47a1-8b84-6618480e8dad,سغرب,operating_margin,,,False,
ba05c4b9-5f3b-47a1-8b84-6618480e8dad,سغرب,operating_profit_growth,-200.0,-200.0,False,
ba05c4b9-5f3b-47a1-8b84-6618480e8dad,سغرب,net_margin,,,False,
ba05c4b9-5f3b-47a1-8b84-6618480e8dad,سغرب,roe,,,False,
ba05c4b9-5f3b-47a1-8b84-6618480e8dad,سغرب,growth_score,9.6,9.4,True,
ba05c4b9-5f3b-47a1-8b84-6618480e8dad,سغرب,profitability_score,9.2,9.2,False,
ba05c4b9-5f3b-47a1-8b84-6618480e8dad,سغرب,valuation_score,7.0,6.8,True,
ba05c4b9-5f3b-47a1-8b84-6618480e8dad,سغرب,market_score,3.3,3.3,False,
ba05c4b9-5f3b-47a1-8b84-6618480e8dad,سغرب,data_quality_score,1.0,1.0,False,
ba05c4b9-5f3b-47a1-8b84-6618480e8dad,سغرب,quant_score,29.16,28.75,True,
e6917a5f-8afe-4c97-b763-3196a4defc99,دکپسول,operating_profit_ttm,,3242119000000.0,True,REPORT_CHAIN_TTM
e6917a5f-8afe-4c97-b763-3196a4defc99,دکپسول,revenue_ttm,,,False,INSUFFICIENT_TTM_PERIODS
e6917a5f-8afe-4c97-b763-3196a4defc99,دکپسول,net_profit_ttm,,,False,INSUFFICIENT_TTM_PERIODS
e6917a5f-8afe-4c97-b763-3196a4defc99,دکپسول,eps_ttm,20406.0,20406.0,False,DIRECT_CANONICAL
e6917a5f-8afe-4c97-b763-3196a4defc99,دکپسول,operating_cash_flow_ttm,,,False,INSUFFICIENT_TTM_PERIODS
e6917a5f-8afe-4c97-b763-3196a4defc99,دکپسول,operating_margin,,,False,
e6917a5f-8afe-4c97-b763-3196a4defc99,دکپسول,operating_profit_growth,,324211800.0,True,
e6917a5f-8afe-4c97-b763-3196a4defc99,دکپسول,net_margin,,,False,
e6917a5f-8afe-4c97-b763-3196a4defc99,دکپسول,roe,,,False,
e6917a5f-8afe-4c97-b763-3196a4defc99,دکپسول,growth_score,13.0,14.4,True,
e6917a5f-8afe-4c97-b763-3196a4defc99,دکپسول,profitability_score,9.2,9.2,False,
e6917a5f-8afe-4c97-b763-3196a4defc99,دکپسول,valuation_score,5.2,5.0,True,
e6917a5f-8afe-4c97-b763-3196a4defc99,دکپسول,market_score,5.2,5.2,False,
e6917a5f-8afe-4c97-b763-3196a4defc99,دکپسول,data_quality_score,1.0,1.0,False,
e6917a5f-8afe-4c97-b763-3196a4defc99,دکپسول,quant_score,32.55,33.81,True,
cafe7161-5b50-4b8b-9784-126793f3396e,چکارن,operating_profit_ttm,1646756000000.0,1646756000000.0,False,DIRECT_CANONICAL
cafe7161-5b50-4b8b-9784-126793f3396e,چکارن,revenue_ttm,7651998000000.0,7651998000000.0,False,DIRECT_CANONICAL
cafe7161-5b50-4b8b-9784-126793f3396e,چکارن,net_profit_ttm,1407585000000.0,1407585000000.0,False,DIRECT_CANONICAL
cafe7161-5b50-4b8b-9784-126793f3396e,چکارن,eps_ttm,476.0,476.0,False,DIRECT_CANONICAL
cafe7161-5b50-4b8b-9784-126793f3396e,چکارن,operating_cash_flow_ttm,,,False,DIRECT_CANONICAL
cafe7161-5b50-4b8b-9784-126793f3396e,چکارن,operating_margin,21.52060154746512,21.52060154746512,False,
cafe7161-5b50-4b8b-9784-126793f3396e,چکارن,operating_profit_growth,,164675500.0,True,
cafe7161-5b50-4b8b-9784-126793f3396e,چکارن,net_margin,18.394999580501718,18.394999580501718,False,
cafe7161-5b50-4b8b-9784-126793f3396e,چکارن,roe,28.295025622789677,28.295025622789677,False,
cafe7161-5b50-4b8b-9784-126793f3396e,چکارن,growth_score,17.3,18.8,True,
cafe7161-5b50-4b8b-9784-126793f3396e,چکارن,profitability_score,10.2,10.4,True,
cafe7161-5b50-4b8b-9784-126793f3396e,چکارن,valuation_score,8.6,8.4,True,
cafe7161-5b50-4b8b-9784-126793f3396e,چکارن,market_score,5.8,5.8,False,
cafe7161-5b50-4b8b-9784-126793f3396e,چکارن,data_quality_score,1.0,1.0,False,
cafe7161-5b50-4b8b-9784-126793f3396e,چکارن,quant_score,41.91,43.37,True,
3bc882ec-42f3-4aa6-9ff8-6ca689c91a1a,هجرت,operating_profit_ttm,,25968569000000.0,True,REPORT_CHAIN_TTM
3bc882ec-42f3-4aa6-9ff8-6ca689c91a1a,هجرت,revenue_ttm,,,False,INSUFFICIENT_TTM_PERIODS
3bc882ec-42f3-4aa6-9ff8-6ca689c91a1a,هجرت,net_profit_ttm,,,False,INSUFFICIENT_TTM_PERIODS
3bc882ec-42f3-4aa6-9ff8-6ca689c91a1a,هجرت,eps_ttm,-291.0,-291.0,False,DIRECT_CANONICAL
3bc882ec-42f3-4aa6-9ff8-6ca689c91a1a,هجرت,operating_cash_flow_ttm,,,False,INSUFFICIENT_TTM_PERIODS
3bc882ec-42f3-4aa6-9ff8-6ca689c91a1a,هجرت,operating_margin,,,False,
3bc882ec-42f3-4aa6-9ff8-6ca689c91a1a,هجرت,operating_profit_growth,,109.54042436654505,True,
3bc882ec-42f3-4aa6-9ff8-6ca689c91a1a,هجرت,net_margin,,,False,
3bc882ec-42f3-4aa6-9ff8-6ca689c91a1a,هجرت,roe,,,False,
3bc882ec-42f3-4aa6-9ff8-6ca689c91a1a,هجرت,growth_score,17.3,16.4,True,
3bc882ec-42f3-4aa6-9ff8-6ca689c91a1a,هجرت,profitability_score,9.2,9.2,False,
3bc882ec-42f3-4aa6-9ff8-6ca689c91a1a,هجرت,valuation_score,0.0,0.0,False,
3bc882ec-42f3-4aa6-9ff8-6ca689c91a1a,هجرت,market_score,5.5,5.5,False,
3bc882ec-42f3-4aa6-9ff8-6ca689c91a1a,هجرت,data_quality_score,1.0,1.0,False,
3bc882ec-42f3-4aa6-9ff8-6ca689c91a1a,هجرت,quant_score,31.96,31.13,True,
5318dd74-4cfa-4d65-aba3-a9fc9f345a7d,غانیزان,operating_profit_ttm,3065000000.0,3065000000.0,False,DIRECT_CANONICAL
5318dd74-4cfa-4d65-aba3-a9fc9f345a7d,غانیزان,revenue_ttm,,,False,INSUFFICIENT_TTM_PERIODS
5318dd74-4cfa-4d65-aba3-a9fc9f345a7d,غانیزان,net_profit_ttm,,,False,INSUFFICIENT_TTM_PERIODS
5318dd74-4cfa-4d65-aba3-a9fc9f345a7d,غانیزان,eps_ttm,3034.0,3034.0,False,DIRECT_CANONICAL
5318dd74-4cfa-4d65-aba3-a9fc9f345a7d,غانیزان,operating_cash_flow_ttm,,,False,INSUFFICIENT_TTM_PERIODS
5318dd74-4cfa-4d65-aba3-a9fc9f345a7d,غانیزان,operating_margin,,,False,
5318dd74-4cfa-4d65-aba3-a9fc9f345a7d,غانیزان,operating_profit_growth,46.510516252390055,46.510516252390055,False,
5318dd74-4cfa-4d65-aba3-a9fc9f345a7d,غانیزان,net_margin,,,False,
5318dd74-4cfa-4d65-aba3-a9fc9f345a7d,غانیزان,roe,,,False,
5318dd74-4cfa-4d65-aba3-a9fc9f345a7d,غانیزان,growth_score,10.7,9.8,True,
5318dd74-4cfa-4d65-aba3-a9fc9f345a7d,غانیزان,profitability_score,9.2,9.2,False,
5318dd74-4cfa-4d65-aba3-a9fc9f345a7d,غانیزان,valuation_score,10.7,10.6,True,
5318dd74-4cfa-4d65-aba3-a9fc9f345a7d,غانیزان,market_score,3.5,3.5,False,
5318dd74-4cfa-4d65-aba3-a9fc9f345a7d,غانیزان,data_quality_score,0.8,0.8,False,
5318dd74-4cfa-4d65-aba3-a9fc9f345a7d,غانیزان,quant_score,27.26,26.5,True,
3a998068-900b-46c8-af81-e6be406ed372,فسرب,operating_profit_ttm,-684657000000.0,-684657000000.0,False,DIRECT_CANONICAL
3a998068-900b-46c8-af81-e6be406ed372,فسرب,revenue_ttm,10024195000000.0,10024195000000.0,False,DIRECT_CANONICAL
3a998068-900b-46c8-af81-e6be406ed372,فسرب,net_profit_ttm,-607987000000.0,-607987000000.0,False,DIRECT_CANONICAL
3a998068-900b-46c8-af81-e6be406ed372,فسرب,eps_ttm,-55.0,-55.0,False,DIRECT_CANONICAL
3a998068-900b-46c8-af81-e6be406ed372,فسرب,operating_cash_flow_ttm,,,False,DIRECT_CANONICAL
3a998068-900b-46c8-af81-e6be406ed372,فسرب,operating_margin,-6.83004470683182,-6.83004470683182,False,
3a998068-900b-46c8-af81-e6be406ed372,فسرب,operating_profit_growth,,,False,
3a998068-900b-46c8-af81-e6be406ed372,فسرب,net_margin,-6.065195260068265,-6.065195260068265,False,
3a998068-900b-46c8-af81-e6be406ed372,فسرب,roe,-5.40107288210787,-5.40107288210787,False,
3a998068-900b-46c8-af81-e6be406ed372,فسرب,growth_score,5.1,5.1,False,
3a998068-900b-46c8-af81-e6be406ed372,فسرب,profitability_score,0.0,0.0,False,
3a998068-900b-46c8-af81-e6be406ed372,فسرب,valuation_score,0.0,0.0,False,
3a998068-900b-46c8-af81-e6be406ed372,فسرب,market_score,4.8,4.8,False,
3a998068-900b-46c8-af81-e6be406ed372,فسرب,data_quality_score,1.0,1.0,False,
3a998068-900b-46c8-af81-e6be406ed372,فسرب,quant_score,9.85,9.85,False,
305e9275-40bf-4650-8686-09d772a9831b,زفکا,operating_profit_ttm,8937016000000.0,8937016000000.0,False,DIRECT_CANONICAL
305e9275-40bf-4650-8686-09d772a9831b,زفکا,revenue_ttm,40718491000000.0,40718491000000.0,False,DIRECT_CANONICAL
305e9275-40bf-4650-8686-09d772a9831b,زفکا,net_profit_ttm,11048382000000.0,11048382000000.0,False,DIRECT_CANONICAL
305e9275-40bf-4650-8686-09d772a9831b,زفکا,eps_ttm,909.0,909.0,False,DIRECT_CANONICAL
305e9275-40bf-4650-8686-09d772a9831b,زفکا,operating_cash_flow_ttm,,,False,DIRECT_CANONICAL
305e9275-40bf-4650-8686-09d772a9831b,زفکا,operating_margin,21.948298624327702,21.948298624327702,False,
305e9275-40bf-4650-8686-09d772a9831b,زفکا,operating_profit_growth,,893701700.0,True,
305e9275-40bf-4650-8686-09d772a9831b,زفکا,net_margin,27.133574277101776,27.133574277101776,False,
305e9275-40bf-4650-8686-09d772a9831b,زفکا,roe,36.40887266203093,36.40887266203093,False,
305e9275-40bf-4650-8686-09d772a9831b,زفکا,growth_score,18.4,19.8,True,
305e9275-40bf-4650-8686-09d772a9831b,زفکا,profitability_score,6.3,6.5,True,
305e9275-40bf-4650-8686-09d772a9831b,زفکا,valuation_score,9.2,9.0,True,
305e9275-40bf-4650-8686-09d772a9831b,زفکا,market_score,6.0,6.0,False,
305e9275-40bf-4650-8686-09d772a9831b,زفکا,data_quality_score,1.0,1.0,False,
305e9275-40bf-4650-8686-09d772a9831b,زفکا,quant_score,39.87,41.29,True,
ef6075bf-d582-4f10-bf66-3d419f9d871c,زبینا,operating_profit_ttm,5108445000000.0,5108445000000.0,False,DIRECT_CANONICAL
ef6075bf-d582-4f10-bf66-3d419f9d871c,زبینا,revenue_ttm,20349584000000.0,20349584000000.0,False,DIRECT_CANONICAL
ef6075bf-d582-4f10-bf66-3d419f9d871c,زبینا,net_profit_ttm,6954490000000.0,6954490000000.0,False,DIRECT_CANONICAL
ef6075bf-d582-4f10-bf66-3d419f9d871c,زبینا,eps_ttm,1910.0,1910.0,False,DIRECT_CANONICAL
ef6075bf-d582-4f10-bf66-3d419f9d871c,زبینا,operating_cash_flow_ttm,,,False,DIRECT_CANONICAL
ef6075bf-d582-4f10-bf66-3d419f9d871c,زبینا,operating_margin,25.103437003921066,25.103437003921066,False,
ef6075bf-d582-4f10-bf66-3d419f9d871c,زبینا,operating_profit_growth,,510844600.0,True,
ef6075bf-d582-4f10-bf66-3d419f9d871c,زبینا,net_margin,34.175096650624404,34.175096650624404,False,
ef6075bf-d582-4f10-bf66-3d419f9d871c,زبینا,roe,39.91628158453144,39.91628158453144,False,
ef6075bf-d582-4f10-bf66-3d419f9d871c,زبینا,growth_score,18.8,20.3,True,
ef6075bf-d582-4f10-bf66-3d419f9d871c,زبینا,profitability_score,11.4,11.5,True,
ef6075bf-d582-4f10-bf66-3d419f9d871c,زبینا,valuation_score,11.3,11.1,True,
ef6075bf-d582-4f10-bf66-3d419f9d871c,زبینا,market_score,7.3,7.3,False,
ef6075bf-d582-4f10-bf66-3d419f9d871c,زبینا,data_quality_score,1.0,1.0,False,
ef6075bf-d582-4f10-bf66-3d419f9d871c,زبینا,quant_score,48.77,50.11,True,
258ec04e-d9dd-4f83-ad40-64f2c78e8eb2,بنو,operating_profit_ttm,6791600000000.0,6791600000000.0,False,DIRECT_CANONICAL
258ec04e-d9dd-4f83-ad40-64f2c78e8eb2,بنو,revenue_ttm,,,False,INSUFFICIENT_TTM_PERIODS
258ec04e-d9dd-4f83-ad40-64f2c78e8eb2,بنو,net_profit_ttm,,,False,INSUFFICIENT_TTM_PERIODS
258ec04e-d9dd-4f83-ad40-64f2c78e8eb2,بنو,eps_ttm,505.0,505.0,False,DIRECT_CANONICAL
258ec04e-d9dd-4f83-ad40-64f2c78e8eb2,بنو,operating_cash_flow_ttm,,,False,INSUFFICIENT_TTM_PERIODS
258ec04e-d9dd-4f83-ad40-64f2c78e8eb2,بنو,operating_margin,,,False,
258ec04e-d9dd-4f83-ad40-64f2c78e8eb2,بنو,operating_profit_growth,679159900.0,679159900.0,False,
258ec04e-d9dd-4f83-ad40-64f2c78e8eb2,بنو,net_margin,,,False,
258ec04e-d9dd-4f83-ad40-64f2c78e8eb2,بنو,roe,,,False,
258ec04e-d9dd-4f83-ad40-64f2c78e8eb2,بنو,growth_score,13.0,12.3,True,
258ec04e-d9dd-4f83-ad40-64f2c78e8eb2,بنو,profitability_score,9.2,9.2,False,
258ec04e-d9dd-4f83-ad40-64f2c78e8eb2,بنو,valuation_score,10.5,10.5,False,
258ec04e-d9dd-4f83-ad40-64f2c78e8eb2,بنو,market_score,2.8,2.8,False,
258ec04e-d9dd-4f83-ad40-64f2c78e8eb2,بنو,data_quality_score,0.8,0.8,False,
258ec04e-d9dd-4f83-ad40-64f2c78e8eb2,بنو,quant_score,28.37,27.76,True,
9ffc6a6a-3337-48f3-84a7-5d56050b298f,وتوشه,operating_profit_ttm,,1000000.0,True,REPORT_CHAIN_TTM
9ffc6a6a-3337-48f3-84a7-5d56050b298f,وتوشه,revenue_ttm,,,False,INSUFFICIENT_TTM_PERIODS
9ffc6a6a-3337-48f3-84a7-5d56050b298f,وتوشه,net_profit_ttm,,,False,INSUFFICIENT_TTM_PERIODS
9ffc6a6a-3337-48f3-84a7-5d56050b298f,وتوشه,eps_ttm,1612.0,1612.0,False,DIRECT_CANONICAL
9ffc6a6a-3337-48f3-84a7-5d56050b298f,وتوشه,operating_cash_flow_ttm,,,False,INSUFFICIENT_TTM_PERIODS
9ffc6a6a-3337-48f3-84a7-5d56050b298f,وتوشه,operating_margin,,,False,
9ffc6a6a-3337-48f3-84a7-5d56050b298f,وتوشه,operating_profit_growth,,0.0,True,
9ffc6a6a-3337-48f3-84a7-5d56050b298f,وتوشه,net_margin,,,False,
9ffc6a6a-3337-48f3-84a7-5d56050b298f,وتوشه,roe,,,False,
9ffc6a6a-3337-48f3-84a7-5d56050b298f,وتوشه,growth_score,10.8,9.8,True,
9ffc6a6a-3337-48f3-84a7-5d56050b298f,وتوشه,profitability_score,9.2,9.2,False,
9ffc6a6a-3337-48f3-84a7-5d56050b298f,وتوشه,valuation_score,9.5,9.3,True,
9ffc6a6a-3337-48f3-84a7-5d56050b298f,وتوشه,market_score,3.7,3.7,False,
9ffc6a6a-3337-48f3-84a7-5d56050b298f,وتوشه,data_quality_score,0.8,0.8,False,
9ffc6a6a-3337-48f3-84a7-5d56050b298f,وتوشه,quant_score,26.51,25.58,True,
a36c3397-24e6-44bc-ae13-d4904769bc05,آریا,operating_profit_ttm,,15518622000000.0,True,REPORT_CHAIN_TTM
a36c3397-24e6-44bc-ae13-d4904769bc05,آریا,revenue_ttm,,,False,INSUFFICIENT_TTM_PERIODS
a36c3397-24e6-44bc-ae13-d4904769bc05,آریا,net_profit_ttm,,,False,INSUFFICIENT_TTM_PERIODS
a36c3397-24e6-44bc-ae13-d4904769bc05,آریا,eps_ttm,4878.0,4878.0,False,DIRECT_CANONICAL
a36c3397-24e6-44bc-ae13-d4904769bc05,آریا,operating_cash_flow_ttm,,,False,INSUFFICIENT_TTM_PERIODS
a36c3397-24e6-44bc-ae13-d4904769bc05,آریا,operating_margin,,,False,
a36c3397-24e6-44bc-ae13-d4904769bc05,آریا,operating_profit_growth,,1551862100.0,True,
a36c3397-24e6-44bc-ae13-d4904769bc05,آریا,net_margin,,,False,
a36c3397-24e6-44bc-ae13-d4904769bc05,آریا,roe,,,False,
a36c3397-24e6-44bc-ae13-d4904769bc05,آریا,growth_score,7.9,9.3,True,
a36c3397-24e6-44bc-ae13-d4904769bc05,آریا,profitability_score,9.2,9.2,False,
a36c3397-24e6-44bc-ae13-d4904769bc05,آریا,valuation_score,4.6,4.4,True,
a36c3397-24e6-44bc-ae13-d4904769bc05,آریا,market_score,6.2,6.2,False,
a36c3397-24e6-44bc-ae13-d4904769bc05,آریا,data_quality_score,1.0,1.0,False,
a36c3397-24e6-44bc-ae13-d4904769bc05,آریا,quant_score,27.92,29.18,True,
9ff6a23c-5ade-4c8a-a72e-ab0449b274c1,غمینو,operating_profit_ttm,9805818000000.0,9805818000000.0,False,DIRECT_CANONICAL
9ff6a23c-5ade-4c8a-a72e-ab0449b274c1,غمینو,revenue_ttm,24841151000000.0,24841151000000.0,False,DIRECT_CANONICAL
9ff6a23c-5ade-4c8a-a72e-ab0449b274c1,غمینو,net_profit_ttm,8614717000000.0,8614717000000.0,False,DIRECT_CANONICAL
9ff6a23c-5ade-4c8a-a72e-ab0449b274c1,غمینو,eps_ttm,1230.0,1230.0,False,DIRECT_CANONICAL
9ff6a23c-5ade-4c8a-a72e-ab0449b274c1,غمینو,operating_cash_flow_ttm,,,False,DIRECT_CANONICAL
9ff6a23c-5ade-4c8a-a72e-ab0449b274c1,غمینو,operating_margin,39.47408878115189,39.47408878115189,False,
9ff6a23c-5ade-4c8a-a72e-ab0449b274c1,غمینو,operating_profit_growth,206.2262581242341,206.2262581242341,False,
9ff6a23c-5ade-4c8a-a72e-ab0449b274c1,غمینو,net_margin,34.679218366330936,34.679218366330936,False,
9ff6a23c-5ade-4c8a-a72e-ab0449b274c1,غمینو,roe,47.754420796622014,47.754420796622014,False,
9ff6a23c-5ade-4c8a-a72e-ab0449b274c1,غمینو,growth_score,16.8,15.5,True,
9ff6a23c-5ade-4c8a-a72e-ab0449b274c1,غمینو,profitability_score,12.8,13.0,True,
9ff6a23c-5ade-4c8a-a72e-ab0449b274c1,غمینو,valuation_score,11.8,11.6,True,
9ff6a23c-5ade-4c8a-a72e-ab0449b274c1,غمینو,market_score,7.4,7.4,False,
9ff6a23c-5ade-4c8a-a72e-ab0449b274c1,غمینو,data_quality_score,1.0,1.0,False,
9ff6a23c-5ade-4c8a-a72e-ab0449b274c1,غمینو,quant_score,48.92,47.53,True,
371b9a73-1d12-48fa-b3d2-2fb27de25d73,حریل,operating_profit_ttm,,634376000000.0,True,REPORT_CHAIN_TTM
371b9a73-1d12-48fa-b3d2-2fb27de25d73,حریل,revenue_ttm,,,False,INSUFFICIENT_TTM_PERIODS
371b9a73-1d12-48fa-b3d2-2fb27de25d73,حریل,net_profit_ttm,,,False,INSUFFICIENT_TTM_PERIODS
371b9a73-1d12-48fa-b3d2-2fb27de25d73,حریل,eps_ttm,303.0,303.0,False,DIRECT_CANONICAL
371b9a73-1d12-48fa-b3d2-2fb27de25d73,حریل,operating_cash_flow_ttm,,,False,INSUFFICIENT_TTM_PERIODS
371b9a73-1d12-48fa-b3d2-2fb27de25d73,حریل,operating_margin,,,False,
371b9a73-1d12-48fa-b3d2-2fb27de25d73,حریل,operating_profit_growth,,63437500.0,True,
371b9a73-1d12-48fa-b3d2-2fb27de25d73,حریل,net_margin,,,False,
371b9a73-1d12-48fa-b3d2-2fb27de25d73,حریل,roe,,,False,
371b9a73-1d12-48fa-b3d2-2fb27de25d73,حریل,growth_score,10.8,12.3,True,
371b9a73-1d12-48fa-b3d2-2fb27de25d73,حریل,profitability_score,9.2,11.0,True,
371b9a73-1d12-48fa-b3d2-2fb27de25d73,حریل,valuation_score,4.4,4.2,True,
371b9a73-1d12-48fa-b3d2-2fb27de25d73,حریل,market_score,3.0,3.0,False,
371b9a73-1d12-48fa-b3d2-2fb27de25d73,حریل,data_quality_score,0.8,0.8,False,
371b9a73-1d12-48fa-b3d2-2fb27de25d73,حریل,quant_score,21.97,24.46,True,
baa1693d-7de4-4140-9319-aa6fc0186ab1,فنورد,operating_profit_ttm,,12430890000000.0,True,REPORT_CHAIN_TTM
baa1693d-7de4-4140-9319-aa6fc0186ab1,فنورد,revenue_ttm,,,False,INSUFFICIENT_TTM_PERIODS
baa1693d-7de4-4140-9319-aa6fc0186ab1,فنورد,net_profit_ttm,,,False,INSUFFICIENT_TTM_PERIODS
baa1693d-7de4-4140-9319-aa6fc0186ab1,فنورد,eps_ttm,2573.0,2573.0,False,DIRECT_CANONICAL
baa1693d-7de4-4140-9319-aa6fc0186ab1,فنورد,operating_cash_flow_ttm,,,False,INSUFFICIENT_TTM_PERIODS
baa1693d-7de4-4140-9319-aa6fc0186ab1,فنورد,operating_margin,,,False,
baa1693d-7de4-4140-9319-aa6fc0186ab1,فنورد,operating_profit_growth,,1243088900.0,True,
baa1693d-7de4-4140-9319-aa6fc0186ab1,فنورد,net_margin,,,False,
baa1693d-7de4-4140-9319-aa6fc0186ab1,فنورد,roe,,,False,
baa1693d-7de4-4140-9319-aa6fc0186ab1,فنورد,growth_score,10.8,12.3,True,
baa1693d-7de4-4140-9319-aa6fc0186ab1,فنورد,profitability_score,9.2,9.2,False,
baa1693d-7de4-4140-9319-aa6fc0186ab1,فنورد,valuation_score,9.8,9.6,True,
baa1693d-7de4-4140-9319-aa6fc0186ab1,فنورد,market_score,5.0,5.0,False,
baa1693d-7de4-4140-9319-aa6fc0186ab1,فنورد,data_quality_score,0.8,0.8,False,
baa1693d-7de4-4140-9319-aa6fc0186ab1,فنورد,quant_score,27.81,28.88,True,
5c4cd3bd-352a-4c1b-a287-fba07aeda438,دفارا,operating_profit_ttm,,25435791000000.0,True,REPORT_CHAIN_TTM
5c4cd3bd-352a-4c1b-a287-fba07aeda438,دفارا,revenue_ttm,,,False,INSUFFICIENT_TTM_PERIODS
5c4cd3bd-352a-4c1b-a287-fba07aeda438,دفارا,net_profit_ttm,,,False,INSUFFICIENT_TTM_PERIODS
5c4cd3bd-352a-4c1b-a287-fba07aeda438,دفارا,eps_ttm,1241.0,1241.0,False,DIRECT_CANONICAL
5c4cd3bd-352a-4c1b-a287-fba07aeda438,دفارا,operating_cash_flow_ttm,,,False,INSUFFICIENT_TTM_PERIODS
5c4cd3bd-352a-4c1b-a287-fba07aeda438,دفارا,operating_margin,,,False,
5c4cd3bd-352a-4c1b-a287-fba07aeda438,دفارا,operating_profit_growth,,2543579000.0,True,
5c4cd3bd-352a-4c1b-a287-fba07aeda438,دفارا,net_margin,,,False,
5c4cd3bd-352a-4c1b-a287-fba07aeda438,دفارا,roe,,,False,
5c4cd3bd-352a-4c1b-a287-fba07aeda438,دفارا,growth_score,10.8,12.3,True,
5c4cd3bd-352a-4c1b-a287-fba07aeda438,دفارا,profitability_score,9.2,9.2,False,
5c4cd3bd-352a-4c1b-a287-fba07aeda438,دفارا,valuation_score,3.0,2.8,True,
5c4cd3bd-352a-4c1b-a287-fba07aeda438,دفارا,market_score,5.6,5.6,False,
5c4cd3bd-352a-4c1b-a287-fba07aeda438,دفارا,data_quality_score,0.8,0.8,False,
5c4cd3bd-352a-4c1b-a287-fba07aeda438,دفارا,quant_score,22.84,23.85,True,
f2c66074-5126-4941-a208-a62caa285c36,قلرست,operating_profit_ttm,,,False,MISSING_PRIOR_ANNUAL
f2c66074-5126-4941-a208-a62caa285c36,قلرست,revenue_ttm,,,False,INSUFFICIENT_TTM_PERIODS
f2c66074-5126-4941-a208-a62caa285c36,قلرست,net_profit_ttm,,,False,INSUFFICIENT_TTM_PERIODS
f2c66074-5126-4941-a208-a62caa285c36,قلرست,eps_ttm,3057.0,3057.0,False,DIRECT_CANONICAL
f2c66074-5126-4941-a208-a62caa285c36,قلرست,operating_cash_flow_ttm,,,False,INSUFFICIENT_TTM_PERIODS
f2c66074-5126-4941-a208-a62caa285c36,قلرست,operating_margin,,,False,
f2c66074-5126-4941-a208-a62caa285c36,قلرست,operating_profit_growth,,,False,
f2c66074-5126-4941-a208-a62caa285c36,قلرست,net_margin,,,False,
f2c66074-5126-4941-a208-a62caa285c36,قلرست,roe,,,False,
f2c66074-5126-4941-a208-a62caa285c36,قلرست,growth_score,20.7,20.7,False,
f2c66074-5126-4941-a208-a62caa285c36,قلرست,profitability_score,9.2,9.2,False,
f2c66074-5126-4941-a208-a62caa285c36,قلرست,valuation_score,4.8,4.6,True,
f2c66074-5126-4941-a208-a62caa285c36,قلرست,market_score,3.0,3.0,False,
f2c66074-5126-4941-a208-a62caa285c36,قلرست,data_quality_score,1.0,1.0,False,
f2c66074-5126-4941-a208-a62caa285c36,قلرست,quant_score,37.75,37.54,True,
c7640838-60d8-4b64-ba66-65e3a7112d6b,کرازی,operating_profit_ttm,,2216229000000.0,True,REPORT_CHAIN_TTM
c7640838-60d8-4b64-ba66-65e3a7112d6b,کرازی,revenue_ttm,,,False,INSUFFICIENT_TTM_PERIODS
c7640838-60d8-4b64-ba66-65e3a7112d6b,کرازی,net_profit_ttm,,,False,INSUFFICIENT_TTM_PERIODS
c7640838-60d8-4b64-ba66-65e3a7112d6b,کرازی,eps_ttm,253.0,253.0,False,DIRECT_CANONICAL
c7640838-60d8-4b64-ba66-65e3a7112d6b,کرازی,operating_cash_flow_ttm,,,False,INSUFFICIENT_TTM_PERIODS
c7640838-60d8-4b64-ba66-65e3a7112d6b,کرازی,operating_margin,,,False,
c7640838-60d8-4b64-ba66-65e3a7112d6b,کرازی,operating_profit_growth,,221622800.0,True,
c7640838-60d8-4b64-ba66-65e3a7112d6b,کرازی,net_margin,,,False,
c7640838-60d8-4b64-ba66-65e3a7112d6b,کرازی,roe,,,False,
c7640838-60d8-4b64-ba66-65e3a7112d6b,کرازی,growth_score,15.7,17.2,True,
c7640838-60d8-4b64-ba66-65e3a7112d6b,کرازی,profitability_score,9.2,9.2,False,
c7640838-60d8-4b64-ba66-65e3a7112d6b,کرازی,valuation_score,7.6,7.4,True,
c7640838-60d8-4b64-ba66-65e3a7112d6b,کرازی,market_score,4.5,4.5,False,
c7640838-60d8-4b64-ba66-65e3a7112d6b,کرازی,data_quality_score,1.0,1.0,False,
c7640838-60d8-4b64-ba66-65e3a7112d6b,کرازی,quant_score,36.97,38.23,True,
4ab8bf44-7984-449a-894d-c8eeccfb2d1a,خموتور,operating_profit_ttm,,2350861000000.0,True,REPORT_CHAIN_TTM
4ab8bf44-7984-449a-894d-c8eeccfb2d1a,خموتور,revenue_ttm,,,False,INSUFFICIENT_TTM_PERIODS
4ab8bf44-7984-449a-894d-c8eeccfb2d1a,خموتور,net_profit_ttm,,,False,INSUFFICIENT_TTM_PERIODS
4ab8bf44-7984-449a-894d-c8eeccfb2d1a,خموتور,eps_ttm,353.0,353.0,False,DIRECT_CANONICAL
4ab8bf44-7984-449a-894d-c8eeccfb2d1a,خموتور,operating_cash_flow_ttm,,,False,INSUFFICIENT_TTM_PERIODS
4ab8bf44-7984-449a-894d-c8eeccfb2d1a,خموتور,operating_margin,,,False,
4ab8bf44-7984-449a-894d-c8eeccfb2d1a,خموتور,operating_profit_growth,,235086000.0,True,
4ab8bf44-7984-449a-894d-c8eeccfb2d1a,خموتور,net_margin,,,False,
4ab8bf44-7984-449a-894d-c8eeccfb2d1a,خموتور,roe,,,False,
4ab8bf44-7984-449a-894d-c8eeccfb2d1a,خموتور,growth_score,7.6,9.0,True,
4ab8bf44-7984-449a-894d-c8eeccfb2d1a,خموتور,profitability_score,9.2,9.2,False,
4ab8bf44-7984-449a-894d-c8eeccfb2d1a,خموتور,valuation_score,8.6,8.4,True,
4ab8bf44-7984-449a-894d-c8eeccfb2d1a,خموتور,market_score,4.3,4.3,False,
4ab8bf44-7984-449a-894d-c8eeccfb2d1a,خموتور,data_quality_score,1.0,1.0,False,
4ab8bf44-7984-449a-894d-c8eeccfb2d1a,خموتور,quant_score,29.7,30.96,True,
81c70aac-e3a6-4d67-9fe9-fd2c608c1c06,غگیلا,operating_profit_ttm,,957282000000.0,True,REPORT_CHAIN_TTM
81c70aac-e3a6-4d67-9fe9-fd2c608c1c06,غگیلا,revenue_ttm,,,False,INSUFFICIENT_TTM_PERIODS
81c70aac-e3a6-4d67-9fe9-fd2c608c1c06,غگیلا,net_profit_ttm,,,False,INSUFFICIENT_TTM_PERIODS
81c70aac-e3a6-4d67-9fe9-fd2c608c1c06,غگیلا,eps_ttm,1287.0,1287.0,False,DIRECT_CANONICAL
81c70aac-e3a6-4d67-9fe9-fd2c608c1c06,غگیلا,operating_cash_flow_ttm,,,False,INSUFFICIENT_TTM_PERIODS
81c70aac-e3a6-4d67-9fe9-fd2c608c1c06,غگیلا,operating_margin,,,False,
81c70aac-e3a6-4d67-9fe9-fd2c608c1c06,غگیلا,operating_profit_growth,,,False,
81c70aac-e3a6-4d67-9fe9-fd2c608c1c06,غگیلا,net_margin,,,False,
81c70aac-e3a6-4d67-9fe9-fd2c608c1c06,غگیلا,roe,,,False,
81c70aac-e3a6-4d67-9fe9-fd2c608c1c06,غگیلا,growth_score,10.8,10.8,False,
81c70aac-e3a6-4d67-9fe9-fd2c608c1c06,غگیلا,profitability_score,9.2,9.2,False,
81c70aac-e3a6-4d67-9fe9-fd2c608c1c06,غگیلا,valuation_score,1.9,1.7,True,
81c70aac-e3a6-4d67-9fe9-fd2c608c1c06,غگیلا,market_score,4.4,4.4,False,
81c70aac-e3a6-4d67-9fe9-fd2c608c1c06,غگیلا,data_quality_score,0.8,0.8,False,
81c70aac-e3a6-4d67-9fe9-fd2c608c1c06,غگیلا,quant_score,21.03,20.86,True,
79c598a6-429c-4e12-94e6-c5b9b51e9cee,کپشیر,operating_profit_ttm,9848642000000.0,9848642000000.0,False,DIRECT_CANONICAL
79c598a6-429c-4e12-94e6-c5b9b51e9cee,کپشیر,revenue_ttm,21154243000000.0,21154243000000.0,False,DIRECT_CANONICAL
79c598a6-429c-4e12-94e6-c5b9b51e9cee,کپشیر,net_profit_ttm,9190016000000.0,9190016000000.0,False,DIRECT_CANONICAL
79c598a6-429c-4e12-94e6-c5b9b51e9cee,کپشیر,eps_ttm,2937.0,2937.0,False,DIRECT_CANONICAL
79c598a6-429c-4e12-94e6-c5b9b51e9cee,کپشیر,operating_cash_flow_ttm,,,False,DIRECT_CANONICAL
79c598a6-429c-4e12-94e6-c5b9b51e9cee,کپشیر,operating_margin,46.55634333027185,46.55634333027185,False,
79c598a6-429c-4e12-94e6-c5b9b51e9cee,کپشیر,operating_profit_growth,,984864100.0,True,
79c598a6-429c-4e12-94e6-c5b9b51e9cee,کپشیر,net_margin,43.44289701125207,43.44289701125207,False,
79c598a6-429c-4e12-94e6-c5b9b51e9cee,کپشیر,roe,51.987185492217655,51.987185492217655,False,
79c598a6-429c-4e12-94e6-c5b9b51e9cee,کپشیر,growth_score,17.5,19.0,True,
79c598a6-429c-4e12-94e6-c5b9b51e9cee,کپشیر,profitability_score,10.7,10.8,True,
79c598a6-429c-4e12-94e6-c5b9b51e9cee,کپشیر,valuation_score,8.4,8.2,True,
79c598a6-429c-4e12-94e6-c5b9b51e9cee,کپشیر,market_score,6.8,6.8,False,
79c598a6-429c-4e12-94e6-c5b9b51e9cee,کپشیر,data_quality_score,1.0,1.0,False,
79c598a6-429c-4e12-94e6-c5b9b51e9cee,کپشیر,quant_score,43.49,44.82,True,
d57bcf6f-8134-48ce-9446-904028e79cd0,فنوال,operating_profit_ttm,22154557000000.0,22154557000000.0,False,DIRECT_CANONICAL
d57bcf6f-8134-48ce-9446-904028e79cd0,فنوال,revenue_ttm,66336019000000.0,66336019000000.0,False,DIRECT_CANONICAL
d57bcf6f-8134-48ce-9446-904028e79cd0,فنوال,net_profit_ttm,18284961000000.0,18284961000000.0,False,DIRECT_CANONICAL
d57bcf6f-8134-48ce-9446-904028e79cd0,فنوال,eps_ttm,1598.0,1598.0,False,DIRECT_CANONICAL
d57bcf6f-8134-48ce-9446-904028e79cd0,فنوال,operating_cash_flow_ttm,,,False,DIRECT_CANONICAL
d57bcf6f-8134-48ce-9446-904028e79cd0,فنوال,operating_margin,33.39747746996997,33.39747746996997,False,
d57bcf6f-8134-48ce-9446-904028e79cd0,فنوال,operating_profit_growth,,2215455600.0,True,
d57bcf6f-8134-48ce-9446-904028e79cd0,فنوال,net_margin,27.56415183732988,27.56415183732988,False,
d57bcf6f-8134-48ce-9446-904028e79cd0,فنوال,roe,54.81311102435056,54.81311102435056,False,
d57bcf6f-8134-48ce-9446-904028e79cd0,فنوال,growth_score,19.1,20.6,True,
d57bcf6f-8134-48ce-9446-904028e79cd0,فنوال,profitability_score,14.5,14.6,True,
d57bcf6f-8134-48ce-9446-904028e79cd0,فنوال,valuation_score,10.6,10.4,True,
d57bcf6f-8134-48ce-9446-904028e79cd0,فنوال,market_score,5.4,5.4,False,
d57bcf6f-8134-48ce-9446-904028e79cd0,فنوال,data_quality_score,1.0,1.0,False,
d57bcf6f-8134-48ce-9446-904028e79cd0,فنوال,quant_score,49.71,51.06,True,
9d9afe25-0b61-4225-8623-56756a8a5cb1,اروند,operating_profit_ttm,51705003000000.0,51705003000000.0,False,DIRECT_CANONICAL
9d9afe25-0b61-4225-8623-56756a8a5cb1,اروند,revenue_ttm,314479021000000.0,314479021000000.0,False,DIRECT_CANONICAL
9d9afe25-0b61-4225-8623-56756a8a5cb1,اروند,net_profit_ttm,39303694000000.0,39303694000000.0,False,DIRECT_CANONICAL
9d9afe25-0b61-4225-8623-56756a8a5cb1,اروند,eps_ttm,3275.0,3275.0,False,DIRECT_CANONICAL
9d9afe25-0b61-4225-8623-56756a8a5cb1,اروند,operating_cash_flow_ttm,,,False,DIRECT_CANONICAL
9d9afe25-0b61-4225-8623-56756a8a5cb1,اروند,operating_margin,16.4414792553046,16.4414792553046,False,
9d9afe25-0b61-4225-8623-56756a8a5cb1,اروند,operating_profit_growth,,,False,
9d9afe25-0b61-4225-8623-56756a8a5cb1,اروند,net_margin,12.498033692365127,12.498033692365127,False,
9d9afe25-0b61-4225-8623-56756a8a5cb1,اروند,roe,35.55645020323984,35.55645020323984,False,
9d9afe25-0b61-4225-8623-56756a8a5cb1,اروند,growth_score,6.8,6.8,False,
9d9afe25-0b61-4225-8623-56756a8a5cb1,اروند,profitability_score,5.0,5.1,True,
9d9afe25-0b61-4225-8623-56756a8a5cb1,اروند,valuation_score,6.7,6.4,True,
9d9afe25-0b61-4225-8623-56756a8a5cb1,اروند,market_score,6.0,6.0,False,
9d9afe25-0b61-4225-8623-56756a8a5cb1,اروند,data_quality_score,1.0,1.0,False,
9d9afe25-0b61-4225-8623-56756a8a5cb1,اروند,quant_score,24.41,24.28,True,
c0958ef2-91b2-4b78-86ba-4b9a8e59a9c0,دسبحان,operating_profit_ttm,,15691461000000.0,True,REPORT_CHAIN_TTM
c0958ef2-91b2-4b78-86ba-4b9a8e59a9c0,دسبحان,revenue_ttm,,,False,INSUFFICIENT_TTM_PERIODS
c0958ef2-91b2-4b78-86ba-4b9a8e59a9c0,دسبحان,net_profit_ttm,,,False,INSUFFICIENT_TTM_PERIODS
c0958ef2-91b2-4b78-86ba-4b9a8e59a9c0,دسبحان,eps_ttm,1442.0,1442.0,False,DIRECT_CANONICAL
c0958ef2-91b2-4b78-86ba-4b9a8e59a9c0,دسبحان,operating_cash_flow_ttm,,,False,INSUFFICIENT_TTM_PERIODS
c0958ef2-91b2-4b78-86ba-4b9a8e59a9c0,دسبحان,operating_margin,,,False,
c0958ef2-91b2-4b78-86ba-4b9a8e59a9c0,دسبحان,operating_profit_growth,,1569146000.0,True,
c0958ef2-91b2-4b78-86ba-4b9a8e59a9c0,دسبحان,net_margin,,,False,
c0958ef2-91b2-4b78-86ba-4b9a8e59a9c0,دسبحان,roe,,,False,
c0958ef2-91b2-4b78-86ba-4b9a8e59a9c0,دسبحان,growth_score,10.8,12.3,True,
c0958ef2-91b2-4b78-86ba-4b9a8e59a9c0,دسبحان,profitability_score,9.2,9.2,False,
c0958ef2-91b2-4b78-86ba-4b9a8e59a9c0,دسبحان,valuation_score,3.6,3.4,True,
c0958ef2-91b2-4b78-86ba-4b9a8e59a9c0,دسبحان,market_score,6.5,6.5,False,
c0958ef2-91b2-4b78-86ba-4b9a8e59a9c0,دسبحان,data_quality_score,0.8,0.8,False,
c0958ef2-91b2-4b78-86ba-4b9a8e59a9c0,دسبحان,quant_score,24.1,25.11,True,
5a23c0ca-ab0c-4ead-a093-f2e1cbfc89b7,ارفع,operating_profit_ttm,80728888000000.0,80728888000000.0,False,DIRECT_CANONICAL
5a23c0ca-ab0c-4ead-a093-f2e1cbfc89b7,ارفع,revenue_ttm,382421788000000.0,382421788000000.0,False,DIRECT_CANONICAL
5a23c0ca-ab0c-4ead-a093-f2e1cbfc89b7,ارفع,net_profit_ttm,80898071000000.0,80898071000000.0,False,DIRECT_CANONICAL
5a23c0ca-ab0c-4ead-a093-f2e1cbfc89b7,ارفع,eps_ttm,2528.0,2528.0,False,DIRECT_CANONICAL
5a23c0ca-ab0c-4ead-a093-f2e1cbfc89b7,ارفع,operating_cash_flow_ttm,,,False,DIRECT_CANONICAL
5a23c0ca-ab0c-4ead-a093-f2e1cbfc89b7,ارفع,operating_margin,21.10990809969227,21.10990809969227,False,
5a23c0ca-ab0c-4ead-a093-f2e1cbfc89b7,ارفع,operating_profit_growth,,8072888700.0,True,
5a23c0ca-ab0c-4ead-a093-f2e1cbfc89b7,ارفع,net_margin,21.15414799535428,21.15414799535428,False,
5a23c0ca-ab0c-4ead-a093-f2e1cbfc89b7,ارفع,roe,101.13934121763093,101.13934121763093,False,
5a23c0ca-ab0c-4ead-a093-f2e1cbfc89b7,ارفع,growth_score,18.1,19.6,True,
5a23c0ca-ab0c-4ead-a093-f2e1cbfc89b7,ارفع,profitability_score,16.4,16.6,True,
5a23c0ca-ab0c-4ead-a093-f2e1cbfc89b7,ارفع,valuation_score,13.6,13.4,True,
5a23c0ca-ab0c-4ead-a093-f2e1cbfc89b7,ارفع,market_score,3.6,3.6,False,
5a23c0ca-ab0c-4ead-a093-f2e1cbfc89b7,ارفع,data_quality_score,1.0,1.0,False,
5a23c0ca-ab0c-4ead-a093-f2e1cbfc89b7,ارفع,quant_score,51.65,53.14,True,
d886d9e9-b6e5-490e-b9ce-f35a32f713b4,غمایه,operating_profit_ttm,,3314422000000.0,True,REPORT_CHAIN_TTM
d886d9e9-b6e5-490e-b9ce-f35a32f713b4,غمایه,revenue_ttm,,,False,INSUFFICIENT_TTM_PERIODS
d886d9e9-b6e5-490e-b9ce-f35a32f713b4,غمایه,net_profit_ttm,,,False,INSUFFICIENT_TTM_PERIODS
d886d9e9-b6e5-490e-b9ce-f35a32f713b4,غمایه,eps_ttm,2821.0,2821.0,False,DIRECT_CANONICAL
d886d9e9-b6e5-490e-b9ce-f35a32f713b4,غمایه,operating_cash_flow_ttm,,,False,INSUFFICIENT_TTM_PERIODS
d886d9e9-b6e5-490e-b9ce-f35a32f713b4,غمایه,operating_margin,,,False,
d886d9e9-b6e5-490e-b9ce-f35a32f713b4,غمایه,operating_profit_growth,,336389.5431472081,True,
d886d9e9-b6e5-490e-b9ce-f35a32f713b4,غمایه,net_margin,,,False,
d886d9e9-b6e5-490e-b9ce-f35a32f713b4,غمایه,roe,,,False,
d886d9e9-b6e5-490e-b9ce-f35a32f713b4,غمایه,growth_score,11.8,13.3,True,
d886d9e9-b6e5-490e-b9ce-f35a32f713b4,غمایه,profitability_score,9.2,9.2,False,
d886d9e9-b6e5-490e-b9ce-f35a32f713b4,غمایه,valuation_score,5.8,5.6,True,
d886d9e9-b6e5-490e-b9ce-f35a32f713b4,غمایه,market_score,3.6,3.6,False,
d886d9e9-b6e5-490e-b9ce-f35a32f713b4,غمایه,data_quality_score,1.0,1.0,False,
d886d9e9-b6e5-490e-b9ce-f35a32f713b4,غمایه,quant_score,30.44,31.7,True,
bcc5d497-022f-47fc-89e1-50287cdcec3b,شمس,operating_profit_ttm,,,False,MISSING_PRIOR_ANNUAL
bcc5d497-022f-47fc-89e1-50287cdcec3b,شمس,revenue_ttm,,,False,INSUFFICIENT_TTM_PERIODS
bcc5d497-022f-47fc-89e1-50287cdcec3b,شمس,net_profit_ttm,,,False,INSUFFICIENT_TTM_PERIODS
bcc5d497-022f-47fc-89e1-50287cdcec3b,شمس,eps_ttm,778.0,778.0,False,DIRECT_CANONICAL
bcc5d497-022f-47fc-89e1-50287cdcec3b,شمس,operating_cash_flow_ttm,,,False,INSUFFICIENT_TTM_PERIODS
bcc5d497-022f-47fc-89e1-50287cdcec3b,شمس,operating_margin,,,False,
bcc5d497-022f-47fc-89e1-50287cdcec3b,شمس,operating_profit_growth,,,False,
bcc5d497-022f-47fc-89e1-50287cdcec3b,شمس,net_margin,,,False,
bcc5d497-022f-47fc-89e1-50287cdcec3b,شمس,roe,,,False,
bcc5d497-022f-47fc-89e1-50287cdcec3b,شمس,growth_score,16.1,16.1,False,
bcc5d497-022f-47fc-89e1-50287cdcec3b,شمس,profitability_score,9.2,9.2,False,
bcc5d497-022f-47fc-89e1-50287cdcec3b,شمس,valuation_score,2.8,2.6,True,
bcc5d497-022f-47fc-89e1-50287cdcec3b,شمس,market_score,3.3,3.3,False,
bcc5d497-022f-47fc-89e1-50287cdcec3b,شمس,data_quality_score,1.0,1.0,False,
bcc5d497-022f-47fc-89e1-50287cdcec3b,شمس,quant_score,31.45,31.24,True,
4a49426f-d2bc-4cfe-9ca1-fe9ff4d7c1ea,پرداخت,operating_profit_ttm,-1000000.0,-1000000.0,False,DIRECT_CANONICAL
4a49426f-d2bc-4cfe-9ca1-fe9ff4d7c1ea,پرداخت,revenue_ttm,,,False,INSUFFICIENT_TTM_PERIODS
4a49426f-d2bc-4cfe-9ca1-fe9ff4d7c1ea,پرداخت,net_profit_ttm,,,False,INSUFFICIENT_TTM_PERIODS
4a49426f-d2bc-4cfe-9ca1-fe9ff4d7c1ea,پرداخت,eps_ttm,103.0,103.0,False,DIRECT_CANONICAL
4a49426f-d2bc-4cfe-9ca1-fe9ff4d7c1ea,پرداخت,operating_cash_flow_ttm,,,False,INSUFFICIENT_TTM_PERIODS
4a49426f-d2bc-4cfe-9ca1-fe9ff4d7c1ea,پرداخت,operating_margin,,,False,
4a49426f-d2bc-4cfe-9ca1-fe9ff4d7c1ea,پرداخت,operating_profit_growth,-200.0,-200.0,False,
4a49426f-d2bc-4cfe-9ca1-fe9ff4d7c1ea,پرداخت,net_margin,,,False,
4a49426f-d2bc-4cfe-9ca1-fe9ff4d7c1ea,پرداخت,roe,,,False,
4a49426f-d2bc-4cfe-9ca1-fe9ff4d7c1ea,پرداخت,growth_score,2.9,2.7,True,
4a49426f-d2bc-4cfe-9ca1-fe9ff4d7c1ea,پرداخت,profitability_score,9.2,9.2,False,
4a49426f-d2bc-4cfe-9ca1-fe9ff4d7c1ea,پرداخت,valuation_score,0.0,0.0,False,
4a49426f-d2bc-4cfe-9ca1-fe9ff4d7c1ea,پرداخت,market_score,3.6,3.6,False,
4a49426f-d2bc-4cfe-9ca1-fe9ff4d7c1ea,پرداخت,data_quality_score,1.0,1.0,False,
4a49426f-d2bc-4cfe-9ca1-fe9ff4d7c1ea,پرداخت,quant_score,15.76,15.56,True,
649a8391-b7c6-4758-a01b-64b72bd72a8a,شگویا,operating_profit_ttm,,46529801000000.0,True,REPORT_CHAIN_TTM
649a8391-b7c6-4758-a01b-64b72bd72a8a,شگویا,revenue_ttm,,,False,MISSING_PRIOR_ANNUAL
649a8391-b7c6-4758-a01b-64b72bd72a8a,شگویا,net_profit_ttm,,,False,INSUFFICIENT_TTM_PERIODS
649a8391-b7c6-4758-a01b-64b72bd72a8a,شگویا,eps_ttm,1099.0,1099.0,False,DIRECT_CANONICAL
649a8391-b7c6-4758-a01b-64b72bd72a8a,شگویا,operating_cash_flow_ttm,,,False,INSUFFICIENT_TTM_PERIODS
649a8391-b7c6-4758-a01b-64b72bd72a8a,شگویا,operating_margin,,,False,
649a8391-b7c6-4758-a01b-64b72bd72a8a,شگویا,operating_profit_growth,,4652980000.0,True,
649a8391-b7c6-4758-a01b-64b72bd72a8a,شگویا,net_margin,,,False,
649a8391-b7c6-4758-a01b-64b72bd72a8a,شگویا,roe,,,False,
649a8391-b7c6-4758-a01b-64b72bd72a8a,شگویا,growth_score,9.7,11.2,True,
649a8391-b7c6-4758-a01b-64b72bd72a8a,شگویا,profitability_score,9.2,10.3,True,
649a8391-b7c6-4758-a01b-64b72bd72a8a,شگویا,valuation_score,3.6,3.3,True,
649a8391-b7c6-4758-a01b-64b72bd72a8a,شگویا,market_score,5.9,5.9,False,
649a8391-b7c6-4758-a01b-64b72bd72a8a,شگویا,data_quality_score,1.0,1.0,False,
649a8391-b7c6-4758-a01b-64b72bd72a8a,شگویا,quant_score,28.4,30.76,True,
0c8b4645-08a0-4a9f-bc8b-c65e70563a16,غشاذر,operating_profit_ttm,,4324070000000.0,True,REPORT_CHAIN_TTM
0c8b4645-08a0-4a9f-bc8b-c65e70563a16,غشاذر,revenue_ttm,,,False,MISSING_PRIOR_ANNUAL
0c8b4645-08a0-4a9f-bc8b-c65e70563a16,غشاذر,net_profit_ttm,,,False,INSUFFICIENT_TTM_PERIODS
0c8b4645-08a0-4a9f-bc8b-c65e70563a16,غشاذر,eps_ttm,2766.0,2766.0,False,DIRECT_CANONICAL
0c8b4645-08a0-4a9f-bc8b-c65e70563a16,غشاذر,operating_cash_flow_ttm,,,False,INSUFFICIENT_TTM_PERIODS
0c8b4645-08a0-4a9f-bc8b-c65e70563a16,غشاذر,operating_margin,,,False,
0c8b4645-08a0-4a9f-bc8b-c65e70563a16,غشاذر,operating_profit_growth,,,False,
0c8b4645-08a0-4a9f-bc8b-c65e70563a16,غشاذر,net_margin,,,False,
0c8b4645-08a0-4a9f-bc8b-c65e70563a16,غشاذر,roe,,,False,
0c8b4645-08a0-4a9f-bc8b-c65e70563a16,غشاذر,growth_score,16.7,16.7,False,
0c8b4645-08a0-4a9f-bc8b-c65e70563a16,غشاذر,profitability_score,9.2,10.2,True,
0c8b4645-08a0-4a9f-bc8b-c65e70563a16,غشاذر,valuation_score,7.8,7.6,True,
0c8b4645-08a0-4a9f-bc8b-c65e70563a16,غشاذر,market_score,3.4,3.4,False,
0c8b4645-08a0-4a9f-bc8b-c65e70563a16,غشاذر,data_quality_score,1.0,1.0,False,
0c8b4645-08a0-4a9f-bc8b-c65e70563a16,غشاذر,quant_score,37.16,37.99,True,
7e1aa5aa-1248-4baa-9ffb-8e5ad41cacaf,شاوان,operating_profit_ttm,,85509187000000.0,True,REPORT_CHAIN_TTM
7e1aa5aa-1248-4baa-9ffb-8e5ad41cacaf,شاوان,revenue_ttm,,,False,INSUFFICIENT_TTM_PERIODS
7e1aa5aa-1248-4baa-9ffb-8e5ad41cacaf,شاوان,net_profit_ttm,,,False,INSUFFICIENT_TTM_PERIODS
7e1aa5aa-1248-4baa-9ffb-8e5ad41cacaf,شاوان,eps_ttm,6145.0,6145.0,False,DIRECT_CANONICAL
7e1aa5aa-1248-4baa-9ffb-8e5ad41cacaf,شاوان,operating_cash_flow_ttm,,,False,INSUFFICIENT_TTM_PERIODS
7e1aa5aa-1248-4baa-9ffb-8e5ad41cacaf,شاوان,operating_margin,,,False,
7e1aa5aa-1248-4baa-9ffb-8e5ad41cacaf,شاوان,operating_profit_growth,,8550918600.0,True,
7e1aa5aa-1248-4baa-9ffb-8e5ad41cacaf,شاوان,net_margin,,,False,
7e1aa5aa-1248-4baa-9ffb-8e5ad41cacaf,شاوان,roe,,,False,
7e1aa5aa-1248-4baa-9ffb-8e5ad41cacaf,شاوان,growth_score,9.1,10.6,True,
7e1aa5aa-1248-4baa-9ffb-8e5ad41cacaf,شاوان,profitability_score,9.2,9.2,False,
7e1aa5aa-1248-4baa-9ffb-8e5ad41cacaf,شاوان,valuation_score,5.5,5.3,True,
7e1aa5aa-1248-4baa-9ffb-8e5ad41cacaf,شاوان,market_score,6.9,6.9,False,
7e1aa5aa-1248-4baa-9ffb-8e5ad41cacaf,شاوان,data_quality_score,1.0,1.0,False,
7e1aa5aa-1248-4baa-9ffb-8e5ad41cacaf,شاوان,quant_score,30.71,31.96,True,
38b6cafe-386f-4fda-86b4-82212ed12d5c,کاوه,operating_profit_ttm,,78221423820363.64,True,REPORT_CHAIN_TTM
38b6cafe-386f-4fda-86b4-82212ed12d5c,کاوه,revenue_ttm,,,False,INSUFFICIENT_TTM_PERIODS
38b6cafe-386f-4fda-86b4-82212ed12d5c,کاوه,net_profit_ttm,,,False,INSUFFICIENT_TTM_PERIODS
38b6cafe-386f-4fda-86b4-82212ed12d5c,کاوه,eps_ttm,418.0,418.0,False,DIRECT_CANONICAL
38b6cafe-386f-4fda-86b4-82212ed12d5c,کاوه,operating_cash_flow_ttm,,,False,INSUFFICIENT_TTM_PERIODS
38b6cafe-386f-4fda-86b4-82212ed12d5c,کاوه,operating_margin,,,False,
38b6cafe-386f-4fda-86b4-82212ed12d5c,کاوه,operating_profit_growth,,104813716.3895597,True,
38b6cafe-386f-4fda-86b4-82212ed12d5c,کاوه,net_margin,,,False,
38b6cafe-386f-4fda-86b4-82212ed12d5c,کاوه,roe,,,False,
38b6cafe-386f-4fda-86b4-82212ed12d5c,کاوه,growth_score,10.8,12.3,True,
38b6cafe-386f-4fda-86b4-82212ed12d5c,کاوه,profitability_score,9.2,9.2,False,
38b6cafe-386f-4fda-86b4-82212ed12d5c,کاوه,valuation_score,2.5,2.3,True,
38b6cafe-386f-4fda-86b4-82212ed12d5c,کاوه,market_score,6.5,6.5,False,
38b6cafe-386f-4fda-86b4-82212ed12d5c,کاوه,data_quality_score,0.8,0.8,False,
38b6cafe-386f-4fda-86b4-82212ed12d5c,کاوه,quant_score,23.18,24.19,True,
056508cf-1280-47bc-a9ca-80a03a1e944e,دالبر,operating_profit_ttm,,30927815000000.0,True,REPORT_CHAIN_TTM
056508cf-1280-47bc-a9ca-80a03a1e944e,دالبر,revenue_ttm,,,False,INSUFFICIENT_TTM_PERIODS
056508cf-1280-47bc-a9ca-80a03a1e944e,دالبر,net_profit_ttm,,,False,INSUFFICIENT_TTM_PERIODS
056508cf-1280-47bc-a9ca-80a03a1e944e,دالبر,eps_ttm,1874.0,1874.0,False,DIRECT_CANONICAL
056508cf-1280-47bc-a9ca-80a03a1e944e,دالبر,operating_cash_flow_ttm,,,False,INSUFFICIENT_TTM_PERIODS
056508cf-1280-47bc-a9ca-80a03a1e944e,دالبر,operating_margin,,,False,
056508cf-1280-47bc-a9ca-80a03a1e944e,دالبر,operating_profit_growth,,3092781400.0,True,
056508cf-1280-47bc-a9ca-80a03a1e944e,دالبر,net_margin,,,False,
056508cf-1280-47bc-a9ca-80a03a1e944e,دالبر,roe,,,False,
056508cf-1280-47bc-a9ca-80a03a1e944e,دالبر,growth_score,10.8,12.3,True,
056508cf-1280-47bc-a9ca-80a03a1e944e,دالبر,profitability_score,9.2,9.2,False,
056508cf-1280-47bc-a9ca-80a03a1e944e,دالبر,valuation_score,5.8,5.6,True,
056508cf-1280-47bc-a9ca-80a03a1e944e,دالبر,market_score,5.5,5.5,False,
056508cf-1280-47bc-a9ca-80a03a1e944e,دالبر,data_quality_score,0.8,0.8,False,
056508cf-1280-47bc-a9ca-80a03a1e944e,دالبر,quant_score,25.02,26.02,True,
d8656698-2bfb-4961-bd8a-d0821ddc9e2d,حکشتی,operating_profit_ttm,,396585331000000.0,True,REPORT_CHAIN_TTM
d8656698-2bfb-4961-bd8a-d0821ddc9e2d,حکشتی,revenue_ttm,,,False,MISSING_PRIOR_COMPARABLE
d8656698-2bfb-4961-bd8a-d0821ddc9e2d,حکشتی,net_profit_ttm,,,False,MISSING_PRIOR_COMPARABLE
d8656698-2bfb-4961-bd8a-d0821ddc9e2d,حکشتی,eps_ttm,,2055.0,True,REPORT_CHAIN_TTM
d8656698-2bfb-4961-bd8a-d0821ddc9e2d,حکشتی,operating_cash_flow_ttm,,,False,INSUFFICIENT_TTM_PERIODS
d8656698-2bfb-4961-bd8a-d0821ddc9e2d,حکشتی,operating_margin,,,False,
d8656698-2bfb-4961-bd8a-d0821ddc9e2d,حکشتی,operating_profit_growth,,39658533000.0,True,
d8656698-2bfb-4961-bd8a-d0821ddc9e2d,حکشتی,net_margin,,,False,
d8656698-2bfb-4961-bd8a-d0821ddc9e2d,حکشتی,roe,,,False,
d8656698-2bfb-4961-bd8a-d0821ddc9e2d,حکشتی,growth_score,10.8,12.3,True,
d8656698-2bfb-4961-bd8a-d0821ddc9e2d,حکشتی,profitability_score,9.2,7.5,True,
d8656698-2bfb-4961-bd8a-d0821ddc9e2d,حکشتی,valuation_score,0.0,9.9,True,
d8656698-2bfb-4961-bd8a-d0821ddc9e2d,حکشتی,market_score,5.1,5.1,False,
d8656698-2bfb-4961-bd8a-d0821ddc9e2d,حکشتی,data_quality_score,0.8,0.8,False,
d8656698-2bfb-4961-bd8a-d0821ddc9e2d,حکشتی,quant_score,20.07,27.84,True,
cabb474b-f6b4-4e66-9254-de3076aee6fd,سقاین,operating_profit_ttm,13275909000000.0,13275909000000.0,False,DIRECT_CANONICAL
cabb474b-f6b4-4e66-9254-de3076aee6fd,سقاین,revenue_ttm,18096527000000.0,18096527000000.0,False,DIRECT_CANONICAL
cabb474b-f6b4-4e66-9254-de3076aee6fd,سقاین,net_profit_ttm,15254288000000.0,15254288000000.0,False,DIRECT_CANONICAL
cabb474b-f6b4-4e66-9254-de3076aee6fd,سقاین,eps_ttm,3813.0,3813.0,False,DIRECT_CANONICAL
cabb474b-f6b4-4e66-9254-de3076aee6fd,سقاین,operating_cash_flow_ttm,,,False,DIRECT_CANONICAL
cabb474b-f6b4-4e66-9254-de3076aee6fd,سقاین,operating_margin,73.36164005391753,73.36164005391753,False,
cabb474b-f6b4-4e66-9254-de3076aee6fd,سقاین,operating_profit_growth,,1327591000.0,True,
cabb474b-f6b4-4e66-9254-de3076aee6fd,سقاین,net_margin,84.294008458087,84.294008458087,False,
cabb474b-f6b4-4e66-9254-de3076aee6fd,سقاین,roe,135.8220936900102,135.8220936900102,False,
cabb474b-f6b4-4e66-9254-de3076aee6fd,سقاین,growth_score,18.4,19.8,True,
cabb474b-f6b4-4e66-9254-de3076aee6fd,سقاین,profitability_score,19.9,19.8,True,
cabb474b-f6b4-4e66-9254-de3076aee6fd,سقاین,valuation_score,9.3,9.1,True,
cabb474b-f6b4-4e66-9254-de3076aee6fd,سقاین,market_score,4.1,4.1,False,
cabb474b-f6b4-4e66-9254-de3076aee6fd,سقاین,data_quality_score,1.0,1.0,False,
cabb474b-f6b4-4e66-9254-de3076aee6fd,سقاین,quant_score,51.6,52.84,True,
f182c62c-5573-4aaf-b873-d6b4df5017f2,پارس,operating_profit_ttm,,35170219000000.0,True,REPORT_CHAIN_TTM
f182c62c-5573-4aaf-b873-d6b4df5017f2,پارس,revenue_ttm,,,False,INSUFFICIENT_TTM_PERIODS
f182c62c-5573-4aaf-b873-d6b4df5017f2,پارس,net_profit_ttm,,,False,INSUFFICIENT_TTM_PERIODS
f182c62c-5573-4aaf-b873-d6b4df5017f2,پارس,eps_ttm,492.0,492.0,False,DIRECT_CANONICAL
f182c62c-5573-4aaf-b873-d6b4df5017f2,پارس,operating_cash_flow_ttm,,,False,INSUFFICIENT_TTM_PERIODS
f182c62c-5573-4aaf-b873-d6b4df5017f2,پارس,operating_margin,,,False,
f182c62c-5573-4aaf-b873-d6b4df5017f2,پارس,operating_profit_growth,,3517021800.0,True,
f182c62c-5573-4aaf-b873-d6b4df5017f2,پارس,net_margin,,,False,
f182c62c-5573-4aaf-b873-d6b4df5017f2,پارس,roe,,,False,
f182c62c-5573-4aaf-b873-d6b4df5017f2,پارس,growth_score,9.0,10.5,True,
f182c62c-5573-4aaf-b873-d6b4df5017f2,پارس,profitability_score,9.2,9.2,False,
f182c62c-5573-4aaf-b873-d6b4df5017f2,پارس,valuation_score,9.1,9.0,True,
f182c62c-5573-4aaf-b873-d6b4df5017f2,پارس,market_score,4.8,4.8,False,
f182c62c-5573-4aaf-b873-d6b4df5017f2,پارس,data_quality_score,1.0,1.0,False,
f182c62c-5573-4aaf-b873-d6b4df5017f2,پارس,quant_score,32.11,33.41,True,
0c63f41f-0958-471d-93f9-88d9a4ac5521,شپارس,operating_profit_ttm,2553721000000.0,2553721000000.0,False,DIRECT_CANONICAL
0c63f41f-0958-471d-93f9-88d9a4ac5521,شپارس,revenue_ttm,,,False,INSUFFICIENT_TTM_PERIODS
0c63f41f-0958-471d-93f9-88d9a4ac5521,شپارس,net_profit_ttm,,,False,INSUFFICIENT_TTM_PERIODS
0c63f41f-0958-471d-93f9-88d9a4ac5521,شپارس,eps_ttm,97.0,97.0,False,DIRECT_CANONICAL
0c63f41f-0958-471d-93f9-88d9a4ac5521,شپارس,operating_cash_flow_ttm,,,False,INSUFFICIENT_TTM_PERIODS
0c63f41f-0958-471d-93f9-88d9a4ac5521,شپارس,operating_margin,,,False,
0c63f41f-0958-471d-93f9-88d9a4ac5521,شپارس,operating_profit_growth,255372000.0,255372000.0,False,
0c63f41f-0958-471d-93f9-88d9a4ac5521,شپارس,net_margin,,,False,
0c63f41f-0958-471d-93f9-88d9a4ac5521,شپارس,roe,,,False,
0c63f41f-0958-471d-93f9-88d9a4ac5521,شپارس,growth_score,17.4,16.7,True,
0c63f41f-0958-471d-93f9-88d9a4ac5521,شپارس,profitability_score,9.2,9.2,False,
0c63f41f-0958-471d-93f9-88d9a4ac5521,شپارس,valuation_score,2.1,1.9,True,
0c63f41f-0958-471d-93f9-88d9a4ac5521,شپارس,market_score,4.2,4.2,False,
0c63f41f-0958-471d-93f9-88d9a4ac5521,شپارس,data_quality_score,1.0,1.0,False,
0c63f41f-0958-471d-93f9-88d9a4ac5521,شپارس,quant_score,32.94,32.01,True,
e1a8063c-a8f7-4f54-9ed0-1d9aac4d198d,سبزوا,operating_profit_ttm,-1000000.0,-1000000.0,False,DIRECT_CANONICAL
e1a8063c-a8f7-4f54-9ed0-1d9aac4d198d,سبزوا,revenue_ttm,,,False,INSUFFICIENT_TTM_PERIODS
e1a8063c-a8f7-4f54-9ed0-1d9aac4d198d,سبزوا,net_profit_ttm,,,False,INSUFFICIENT_TTM_PERIODS
e1a8063c-a8f7-4f54-9ed0-1d9aac4d198d,سبزوا,eps_ttm,327.0,327.0,False,DIRECT_CANONICAL
e1a8063c-a8f7-4f54-9ed0-1d9aac4d198d,سبزوا,operating_cash_flow_ttm,,,False,INSUFFICIENT_TTM_PERIODS
e1a8063c-a8f7-4f54-9ed0-1d9aac4d198d,سبزوا,operating_margin,,,False,
e1a8063c-a8f7-4f54-9ed0-1d9aac4d198d,سبزوا,operating_profit_growth,-200.0,-200.0,False,
e1a8063c-a8f7-4f54-9ed0-1d9aac4d198d,سبزوا,net_margin,,,False,
e1a8063c-a8f7-4f54-9ed0-1d9aac4d198d,سبزوا,roe,,,False,
e1a8063c-a8f7-4f54-9ed0-1d9aac4d198d,سبزوا,growth_score,4.8,4.6,True,
e1a8063c-a8f7-4f54-9ed0-1d9aac4d198d,سبزوا,profitability_score,9.2,9.2,False,
e1a8063c-a8f7-4f54-9ed0-1d9aac4d198d,سبزوا,valuation_score,1.6,1.4,True,
e1a8063c-a8f7-4f54-9ed0-1d9aac4d198d,سبزوا,market_score,4.8,4.8,False,
e1a8063c-a8f7-4f54-9ed0-1d9aac4d198d,سبزوا,data_quality_score,0.8,0.8,False,
e1a8063c-a8f7-4f54-9ed0-1d9aac4d198d,سبزوا,quant_score,16.31,15.99,True,
afe098e0-23f0-4621-8de1-c63940975d5f,سباقر,operating_profit_ttm,26798532000000.0,26798532000000.0,False,DIRECT_CANONICAL
afe098e0-23f0-4621-8de1-c63940975d5f,سباقر,revenue_ttm,34806122000000.0,34806122000000.0,False,DIRECT_CANONICAL
afe098e0-23f0-4621-8de1-c63940975d5f,سباقر,net_profit_ttm,26691702000000.0,26691702000000.0,False,DIRECT_CANONICAL
afe098e0-23f0-4621-8de1-c63940975d5f,سباقر,eps_ttm,44485.0,44485.0,False,DIRECT_CANONICAL
afe098e0-23f0-4621-8de1-c63940975d5f,سباقر,operating_cash_flow_ttm,,,False,DIRECT_CANONICAL
afe098e0-23f0-4621-8de1-c63940975d5f,سباقر,operating_margin,76.99373116028266,76.99373116028266,False,
afe098e0-23f0-4621-8de1-c63940975d5f,سباقر,operating_profit_growth,708.1988422822131,708.1988422822131,False,
afe098e0-23f0-4621-8de1-c63940975d5f,سباقر,net_margin,76.686802396429,76.686802396429,False,
afe098e0-23f0-4621-8de1-c63940975d5f,سباقر,roe,83.56470106470107,83.56470106470107,False,
afe098e0-23f0-4621-8de1-c63940975d5f,سباقر,growth_score,22.5,21.7,True,
afe098e0-23f0-4621-8de1-c63940975d5f,سباقر,profitability_score,21.9,21.9,False,
afe098e0-23f0-4621-8de1-c63940975d5f,سباقر,valuation_score,9.5,9.3,True,
afe098e0-23f0-4621-8de1-c63940975d5f,سباقر,market_score,8.6,8.6,False,
afe098e0-23f0-4621-8de1-c63940975d5f,سباقر,data_quality_score,1.0,1.0,False,
afe098e0-23f0-4621-8de1-c63940975d5f,سباقر,quant_score,62.38,61.53,True,
5bb860e7-5c2d-4961-bc09-0c9189870011,غمهرا,operating_profit_ttm,,17768946000000.0,True,REPORT_CHAIN_TTM
5bb860e7-5c2d-4961-bc09-0c9189870011,غمهرا,revenue_ttm,,,False,INSUFFICIENT_TTM_PERIODS
5bb860e7-5c2d-4961-bc09-0c9189870011,غمهرا,net_profit_ttm,,,False,INSUFFICIENT_TTM_PERIODS
5bb860e7-5c2d-4961-bc09-0c9189870011,غمهرا,eps_ttm,2564.0,2564.0,False,DIRECT_CANONICAL
5bb860e7-5c2d-4961-bc09-0c9189870011,غمهرا,operating_cash_flow_ttm,,,False,INSUFFICIENT_TTM_PERIODS
5bb860e7-5c2d-4961-bc09-0c9189870011,غمهرا,operating_margin,,,False,
5bb860e7-5c2d-4961-bc09-0c9189870011,غمهرا,operating_profit_growth,,123.93025059999727,True,
5bb860e7-5c2d-4961-bc09-0c9189870011,غمهرا,net_margin,,,False,
5bb860e7-5c2d-4961-bc09-0c9189870011,غمهرا,roe,,,False,
5bb860e7-5c2d-4961-bc09-0c9189870011,غمهرا,growth_score,16.0,15.2,True,
5bb860e7-5c2d-4961-bc09-0c9189870011,غمهرا,profitability_score,9.2,9.2,False,
5bb860e7-5c2d-4961-bc09-0c9189870011,غمهرا,valuation_score,6.2,6.0,True,
5bb860e7-5c2d-4961-bc09-0c9189870011,غمهرا,market_score,4.4,4.4,False,
5bb860e7-5c2d-4961-bc09-0c9189870011,غمهرا,data_quality_score,1.0,1.0,False,
5bb860e7-5c2d-4961-bc09-0c9189870011,غمهرا,quant_score,35.84,34.87,True,
36322f31-3d71-41d1-b20d-b3806b68379b,دابور,operating_profit_ttm,,3853202000000.0,True,REPORT_CHAIN_TTM
36322f31-3d71-41d1-b20d-b3806b68379b,دابور,revenue_ttm,,,False,INSUFFICIENT_TTM_PERIODS
36322f31-3d71-41d1-b20d-b3806b68379b,دابور,net_profit_ttm,,,False,INSUFFICIENT_TTM_PERIODS
36322f31-3d71-41d1-b20d-b3806b68379b,دابور,eps_ttm,6273.0,6273.0,False,DIRECT_CANONICAL
36322f31-3d71-41d1-b20d-b3806b68379b,دابور,operating_cash_flow_ttm,,,False,INSUFFICIENT_TTM_PERIODS
36322f31-3d71-41d1-b20d-b3806b68379b,دابور,operating_margin,,,False,
36322f31-3d71-41d1-b20d-b3806b68379b,دابور,operating_profit_growth,,385320100.0,True,
36322f31-3d71-41d1-b20d-b3806b68379b,دابور,net_margin,,,False,
36322f31-3d71-41d1-b20d-b3806b68379b,دابور,roe,,,False,
36322f31-3d71-41d1-b20d-b3806b68379b,دابور,growth_score,18.1,19.6,True,
36322f31-3d71-41d1-b20d-b3806b68379b,دابور,profitability_score,9.2,9.6,True,
36322f31-3d71-41d1-b20d-b3806b68379b,دابور,valuation_score,4.0,3.8,True,
36322f31-3d71-41d1-b20d-b3806b68379b,دابور,market_score,6.4,6.4,False,
36322f31-3d71-41d1-b20d-b3806b68379b,دابور,data_quality_score,1.0,1.0,False,
36322f31-3d71-41d1-b20d-b3806b68379b,دابور,quant_score,37.72,39.37,True,
23d9a5f7-2b11-4589-a719-9a387807be88,غشصفا,operating_profit_ttm,1391286000000.0,1391286000000.0,False,DIRECT_CANONICAL
23d9a5f7-2b11-4589-a719-9a387807be88,غشصفا,revenue_ttm,,,False,INSUFFICIENT_TTM_PERIODS
23d9a5f7-2b11-4589-a719-9a387807be88,غشصفا,net_profit_ttm,,,False,INSUFFICIENT_TTM_PERIODS
23d9a5f7-2b11-4589-a719-9a387807be88,غشصفا,eps_ttm,459.0,459.0,False,DIRECT_CANONICAL
23d9a5f7-2b11-4589-a719-9a387807be88,غشصفا,operating_cash_flow_ttm,,,False,INSUFFICIENT_TTM_PERIODS
23d9a5f7-2b11-4589-a719-9a387807be88,غشصفا,operating_margin,,,False,
23d9a5f7-2b11-4589-a719-9a387807be88,غشصفا,operating_profit_growth,70.83235103436081,70.83235103436081,False,
23d9a5f7-2b11-4589-a719-9a387807be88,غشصفا,net_margin,,,False,
23d9a5f7-2b11-4589-a719-9a387807be88,غشصفا,roe,,,False,
23d9a5f7-2b11-4589-a719-9a387807be88,غشصفا,growth_score,14.8,13.8,True,
23d9a5f7-2b11-4589-a719-9a387807be88,غشصفا,profitability_score,9.2,9.2,False,
23d9a5f7-2b11-4589-a719-9a387807be88,غشصفا,valuation_score,1.4,1.2,True,
23d9a5f7-2b11-4589-a719-9a387807be88,غشصفا,market_score,3.3,3.3,False,
23d9a5f7-2b11-4589-a719-9a387807be88,غشصفا,data_quality_score,1.0,1.0,False,
23d9a5f7-2b11-4589-a719-9a387807be88,غشصفا,quant_score,28.63,27.45,True,
d623a50c-81d3-4dd3-8071-d5aa2d2dc093,کگاز,operating_profit_ttm,,7282019000000.0,True,REPORT_CHAIN_TTM
d623a50c-81d3-4dd3-8071-d5aa2d2dc093,کگاز,revenue_ttm,,,False,INSUFFICIENT_TTM_PERIODS
d623a50c-81d3-4dd3-8071-d5aa2d2dc093,کگاز,net_profit_ttm,,,False,INSUFFICIENT_TTM_PERIODS
d623a50c-81d3-4dd3-8071-d5aa2d2dc093,کگاز,eps_ttm,6419.0,6419.0,False,DIRECT_CANONICAL
d623a50c-81d3-4dd3-8071-d5aa2d2dc093,کگاز,operating_cash_flow_ttm,,,False,INSUFFICIENT_TTM_PERIODS
d623a50c-81d3-4dd3-8071-d5aa2d2dc093,کگاز,operating_margin,,,False,
d623a50c-81d3-4dd3-8071-d5aa2d2dc093,کگاز,operating_profit_growth,,728201800.0,True,
d623a50c-81d3-4dd3-8071-d5aa2d2dc093,کگاز,net_margin,,,False,
d623a50c-81d3-4dd3-8071-d5aa2d2dc093,کگاز,roe,,,False,
d623a50c-81d3-4dd3-8071-d5aa2d2dc093,کگاز,growth_score,10.8,12.3,True,
d623a50c-81d3-4dd3-8071-d5aa2d2dc093,کگاز,profitability_score,9.2,9.2,False,
d623a50c-81d3-4dd3-8071-d5aa2d2dc093,کگاز,valuation_score,5.7,5.5,True,
d623a50c-81d3-4dd3-8071-d5aa2d2dc093,کگاز,market_score,3.9,3.9,False,
d623a50c-81d3-4dd3-8071-d5aa2d2dc093,کگاز,data_quality_score,0.8,0.8,False,
d623a50c-81d3-4dd3-8071-d5aa2d2dc093,کگاز,quant_score,23.69,24.69,True,
0bba31f6-1723-4fd0-90c1-462dc0e5857a,غکورش,operating_profit_ttm,162680516000000.0,162680516000000.0,False,DIRECT_CANONICAL
0bba31f6-1723-4fd0-90c1-462dc0e5857a,غکورش,revenue_ttm,702948907000000.0,702948907000000.0,False,DIRECT_CANONICAL
0bba31f6-1723-4fd0-90c1-462dc0e5857a,غکورش,net_profit_ttm,131700499000000.0,131700499000000.0,False,DIRECT_CANONICAL
0bba31f6-1723-4fd0-90c1-462dc0e5857a,غکورش,eps_ttm,2993.0,2993.0,False,DIRECT_CANONICAL
0bba31f6-1723-4fd0-90c1-462dc0e5857a,غکورش,operating_cash_flow_ttm,,,False,DIRECT_CANONICAL
0bba31f6-1723-4fd0-90c1-462dc0e5857a,غکورش,operating_margin,23.142580403784596,23.142580403784596,False,
0bba31f6-1723-4fd0-90c1-462dc0e5857a,غکورش,operating_profit_growth,330.09890710067566,330.09890710067566,False,
0bba31f6-1723-4fd0-90c1-462dc0e5857a,غکورش,net_margin,18.735429799878755,18.735429799878755,False,
0bba31f6-1723-4fd0-90c1-462dc0e5857a,غکورش,roe,70.45184862810603,70.45184862810603,False,
0bba31f6-1723-4fd0-90c1-462dc0e5857a,غکورش,growth_score,26.6,25.9,True,
0bba31f6-1723-4fd0-90c1-462dc0e5857a,غکورش,profitability_score,13.2,13.4,True,
0bba31f6-1723-4fd0-90c1-462dc0e5857a,غکورش,valuation_score,9.5,9.3,True,
0bba31f6-1723-4fd0-90c1-462dc0e5857a,غکورش,market_score,6.0,6.0,False,
0bba31f6-1723-4fd0-90c1-462dc0e5857a,غکورش,data_quality_score,1.0,1.0,False,
0bba31f6-1723-4fd0-90c1-462dc0e5857a,غکورش,quant_score,55.33,54.57,True,
56dcdf48-cbf1-4ad4-be8b-f426604a05c6,پاکشو,operating_profit_ttm,,22280008000000.0,True,REPORT_CHAIN_TTM
56dcdf48-cbf1-4ad4-be8b-f426604a05c6,پاکشو,revenue_ttm,,,False,MISSING_PRIOR_ANNUAL
56dcdf48-cbf1-4ad4-be8b-f426604a05c6,پاکشو,net_profit_ttm,,,False,INSUFFICIENT_TTM_PERIODS
56dcdf48-cbf1-4ad4-be8b-f426604a05c6,پاکشو,eps_ttm,1090.0,1090.0,False,DIRECT_CANONICAL
56dcdf48-cbf1-4ad4-be8b-f426604a05c6,پاکشو,operating_cash_flow_ttm,,,False,INSUFFICIENT_TTM_PERIODS
56dcdf48-cbf1-4ad4-be8b-f426604a05c6,پاکشو,operating_margin,,,False,
56dcdf48-cbf1-4ad4-be8b-f426604a05c6,پاکشو,operating_profit_growth,,2228000700.0,True,
56dcdf48-cbf1-4ad4-be8b-f426604a05c6,پاکشو,net_margin,,,False,
56dcdf48-cbf1-4ad4-be8b-f426604a05c6,پاکشو,roe,,,False,
56dcdf48-cbf1-4ad4-be8b-f426604a05c6,پاکشو,growth_score,21.9,23.4,True,
56dcdf48-cbf1-4ad4-be8b-f426604a05c6,پاکشو,profitability_score,9.2,7.7,True,
56dcdf48-cbf1-4ad4-be8b-f426604a05c6,پاکشو,valuation_score,3.8,3.6,True,
56dcdf48-cbf1-4ad4-be8b-f426604a05c6,پاکشو,market_score,3.5,3.5,False,
56dcdf48-cbf1-4ad4-be8b-f426604a05c6,پاکشو,data_quality_score,1.0,1.0,False,
56dcdf48-cbf1-4ad4-be8b-f426604a05c6,پاکشو,quant_score,38.38,38.1,True,
a884725f-ed8a-4f17-a6d3-22e1d3b062ae,قنیشا,operating_profit_ttm,,1582233000000.0,True,REPORT_CHAIN_TTM
a884725f-ed8a-4f17-a6d3-22e1d3b062ae,قنیشا,revenue_ttm,,,False,INSUFFICIENT_TTM_PERIODS
a884725f-ed8a-4f17-a6d3-22e1d3b062ae,قنیشا,net_profit_ttm,,,False,INSUFFICIENT_TTM_PERIODS
a884725f-ed8a-4f17-a6d3-22e1d3b062ae,قنیشا,eps_ttm,45.0,45.0,False,DIRECT_CANONICAL
a884725f-ed8a-4f17-a6d3-22e1d3b062ae,قنیشا,operating_cash_flow_ttm,,,False,INSUFFICIENT_TTM_PERIODS
a884725f-ed8a-4f17-a6d3-22e1d3b062ae,قنیشا,operating_margin,,,False,
a884725f-ed8a-4f17-a6d3-22e1d3b062ae,قنیشا,operating_profit_growth,,158223200.0,True,
a884725f-ed8a-4f17-a6d3-22e1d3b062ae,قنیشا,net_margin,,,False,
a884725f-ed8a-4f17-a6d3-22e1d3b062ae,قنیشا,roe,,,False,
a884725f-ed8a-4f17-a6d3-22e1d3b062ae,قنیشا,growth_score,7.8,9.2,True,
a884725f-ed8a-4f17-a6d3-22e1d3b062ae,قنیشا,profitability_score,9.2,9.2,False,
a884725f-ed8a-4f17-a6d3-22e1d3b062ae,قنیشا,valuation_score,0.0,0.0,False,
a884725f-ed8a-4f17-a6d3-22e1d3b062ae,قنیشا,market_score,3.7,3.7,False,
a884725f-ed8a-4f17-a6d3-22e1d3b062ae,قنیشا,data_quality_score,1.0,1.0,False,
a884725f-ed8a-4f17-a6d3-22e1d3b062ae,قنیشا,quant_score,20.67,22.14,True,
395bc39f-e369-4ed7-9354-148fdfd2bffc,پاسا,operating_profit_ttm,,4452032000000.0,True,REPORT_CHAIN_TTM
395bc39f-e369-4ed7-9354-148fdfd2bffc,پاسا,revenue_ttm,,,False,INSUFFICIENT_TTM_PERIODS
395bc39f-e369-4ed7-9354-148fdfd2bffc,پاسا,net_profit_ttm,,,False,INSUFFICIENT_TTM_PERIODS
395bc39f-e369-4ed7-9354-148fdfd2bffc,پاسا,eps_ttm,3658.0,3658.0,False,DIRECT_CANONICAL
395bc39f-e369-4ed7-9354-148fdfd2bffc,پاسا,operating_cash_flow_ttm,,,False,INSUFFICIENT_TTM_PERIODS
395bc39f-e369-4ed7-9354-148fdfd2bffc,پاسا,operating_margin,,,False,
395bc39f-e369-4ed7-9354-148fdfd2bffc,پاسا,operating_profit_growth,,445203100.0,True,
395bc39f-e369-4ed7-9354-148fdfd2bffc,پاسا,net_margin,,,False,
395bc39f-e369-4ed7-9354-148fdfd2bffc,پاسا,roe,,,False,
395bc39f-e369-4ed7-9354-148fdfd2bffc,پاسا,growth_score,11.0,12.5,True,
395bc39f-e369-4ed7-9354-148fdfd2bffc,پاسا,profitability_score,9.2,9.2,False,
395bc39f-e369-4ed7-9354-148fdfd2bffc,پاسا,valuation_score,10.7,10.7,False,
395bc39f-e369-4ed7-9354-148fdfd2bffc,پاسا,market_score,5.9,5.9,False,
395bc39f-e369-4ed7-9354-148fdfd2bffc,پاسا,data_quality_score,1.0,1.0,False,
395bc39f-e369-4ed7-9354-148fdfd2bffc,پاسا,quant_score,36.89,38.31,True,
fa4a26cd-ef5b-45dd-ae1e-6e429fcf57f2,بپیوند,operating_profit_ttm,,2323021000000.0,True,REPORT_CHAIN_TTM
fa4a26cd-ef5b-45dd-ae1e-6e429fcf57f2,بپیوند,revenue_ttm,,,False,INSUFFICIENT_TTM_PERIODS
fa4a26cd-ef5b-45dd-ae1e-6e429fcf57f2,بپیوند,net_profit_ttm,,,False,INSUFFICIENT_TTM_PERIODS
fa4a26cd-ef5b-45dd-ae1e-6e429fcf57f2,بپیوند,eps_ttm,1762.0,1762.0,False,DIRECT_CANONICAL
fa4a26cd-ef5b-45dd-ae1e-6e429fcf57f2,بپیوند,operating_cash_flow_ttm,,,False,INSUFFICIENT_TTM_PERIODS
fa4a26cd-ef5b-45dd-ae1e-6e429fcf57f2,بپیوند,operating_margin,,,False,
fa4a26cd-ef5b-45dd-ae1e-6e429fcf57f2,بپیوند,operating_profit_growth,,232302000.0,True,
fa4a26cd-ef5b-45dd-ae1e-6e429fcf57f2,بپیوند,net_margin,,,False,
fa4a26cd-ef5b-45dd-ae1e-6e429fcf57f2,بپیوند,roe,,,False,
fa4a26cd-ef5b-45dd-ae1e-6e429fcf57f2,بپیوند,growth_score,14.7,16.2,True,
fa4a26cd-ef5b-45dd-ae1e-6e429fcf57f2,بپیوند,profitability_score,9.2,9.2,False,
fa4a26cd-ef5b-45dd-ae1e-6e429fcf57f2,بپیوند,valuation_score,4.1,3.9,True,
fa4a26cd-ef5b-45dd-ae1e-6e429fcf57f2,بپیوند,market_score,3.9,3.9,False,
fa4a26cd-ef5b-45dd-ae1e-6e429fcf57f2,بپیوند,data_quality_score,1.0,1.0,False,
fa4a26cd-ef5b-45dd-ae1e-6e429fcf57f2,بپیوند,quant_score,31.96,33.22,True,
70df11ee-fe59-40ba-adc1-9b63a7740e7b,غگلستا,operating_profit_ttm,0.0,0.0,False,DIRECT_CANONICAL
70df11ee-fe59-40ba-adc1-9b63a7740e7b,غگلستا,revenue_ttm,,,False,INSUFFICIENT_TTM_PERIODS
70df11ee-fe59-40ba-adc1-9b63a7740e7b,غگلستا,net_profit_ttm,,,False,INSUFFICIENT_TTM_PERIODS
70df11ee-fe59-40ba-adc1-9b63a7740e7b,غگلستا,eps_ttm,489.0,489.0,False,DIRECT_CANONICAL
70df11ee-fe59-40ba-adc1-9b63a7740e7b,غگلستا,operating_cash_flow_ttm,,,False,INSUFFICIENT_TTM_PERIODS
70df11ee-fe59-40ba-adc1-9b63a7740e7b,غگلستا,operating_margin,,,False,
70df11ee-fe59-40ba-adc1-9b63a7740e7b,غگلستا,operating_profit_growth,,,False,
70df11ee-fe59-40ba-adc1-9b63a7740e7b,غگلستا,net_margin,,,False,
70df11ee-fe59-40ba-adc1-9b63a7740e7b,غگلستا,roe,,,False,
70df11ee-fe59-40ba-adc1-9b63a7740e7b,غگلستا,growth_score,10.8,10.8,False,
70df11ee-fe59-40ba-adc1-9b63a7740e7b,غگلستا,profitability_score,9.2,9.2,False,
70df11ee-fe59-40ba-adc1-9b63a7740e7b,غگلستا,valuation_score,1.9,1.7,True,
70df11ee-fe59-40ba-adc1-9b63a7740e7b,غگلستا,market_score,3.4,3.4,False,
70df11ee-fe59-40ba-adc1-9b63a7740e7b,غگلستا,data_quality_score,0.8,0.8,False,
70df11ee-fe59-40ba-adc1-9b63a7740e7b,غگلستا,quant_score,20.17,20.01,True,
32f8a06d-02b7-4ac8-88bf-4c5e2adcaa8e,فایرا,operating_profit_ttm,194907767000000.0,194907767000000.0,False,DIRECT_CANONICAL
32f8a06d-02b7-4ac8-88bf-4c5e2adcaa8e,فایرا,revenue_ttm,628158262000000.0,628158262000000.0,False,DIRECT_CANONICAL
32f8a06d-02b7-4ac8-88bf-4c5e2adcaa8e,فایرا,net_profit_ttm,150004494000000.0,150004494000000.0,False,DIRECT_CANONICAL
32f8a06d-02b7-4ac8-88bf-4c5e2adcaa8e,فایرا,eps_ttm,2420.0,2420.0,False,DIRECT_CANONICAL
32f8a06d-02b7-4ac8-88bf-4c5e2adcaa8e,فایرا,operating_cash_flow_ttm,,,False,DIRECT_CANONICAL
32f8a06d-02b7-4ac8-88bf-4c5e2adcaa8e,فایرا,operating_margin,31.028449164933537,31.028449164933537,False,
32f8a06d-02b7-4ac8-88bf-4c5e2adcaa8e,فایرا,operating_profit_growth,,302.00665101646393,True,
32f8a06d-02b7-4ac8-88bf-4c5e2adcaa8e,فایرا,net_margin,23.880047923336875,23.880047923336875,False,
32f8a06d-02b7-4ac8-88bf-4c5e2adcaa8e,فایرا,roe,59.47086290758825,59.47086290758825,False,
32f8a06d-02b7-4ac8-88bf-4c5e2adcaa8e,فایرا,growth_score,18.7,20.2,True,
32f8a06d-02b7-4ac8-88bf-4c5e2adcaa8e,فایرا,profitability_score,15.4,15.6,True,
32f8a06d-02b7-4ac8-88bf-4c5e2adcaa8e,فایرا,valuation_score,13.3,13.1,True,
32f8a06d-02b7-4ac8-88bf-4c5e2adcaa8e,فایرا,market_score,7.2,7.2,False,
32f8a06d-02b7-4ac8-88bf-4c5e2adcaa8e,فایرا,data_quality_score,1.0,1.0,False,
32f8a06d-02b7-4ac8-88bf-4c5e2adcaa8e,فایرا,quant_score,54.61,56.09,True,
4e501f0e-832b-4029-b0ba-df118080310e,سکرد,operating_profit_ttm,,5422583000000.0,True,REPORT_CHAIN_TTM
4e501f0e-832b-4029-b0ba-df118080310e,سکرد,revenue_ttm,,,False,INSUFFICIENT_TTM_PERIODS
4e501f0e-832b-4029-b0ba-df118080310e,سکرد,net_profit_ttm,,,False,INSUFFICIENT_TTM_PERIODS
4e501f0e-832b-4029-b0ba-df118080310e,سکرد,eps_ttm,2013.0,2013.0,False,DIRECT_CANONICAL
4e501f0e-832b-4029-b0ba-df118080310e,سکرد,operating_cash_flow_ttm,,,False,INSUFFICIENT_TTM_PERIODS
4e501f0e-832b-4029-b0ba-df118080310e,سکرد,operating_margin,,,False,
4e501f0e-832b-4029-b0ba-df118080310e,سکرد,operating_profit_growth,,542258200.0,True,
4e501f0e-832b-4029-b0ba-df118080310e,سکرد,net_margin,,,False,
4e501f0e-832b-4029-b0ba-df118080310e,سکرد,roe,,,False,
4e501f0e-832b-4029-b0ba-df118080310e,سکرد,growth_score,14.2,15.7,True,
4e501f0e-832b-4029-b0ba-df118080310e,سکرد,profitability_score,9.2,9.2,False,
4e501f0e-832b-4029-b0ba-df118080310e,سکرد,valuation_score,6.7,6.5,True,
4e501f0e-832b-4029-b0ba-df118080310e,سکرد,market_score,2.8,2.8,False,
4e501f0e-832b-4029-b0ba-df118080310e,سکرد,data_quality_score,1.0,1.0,False,
4e501f0e-832b-4029-b0ba-df118080310e,سکرد,quant_score,32.93,34.19,True,
e5197628-f5db-49cb-af4d-02ae4f3564af,خودرو,operating_profit_ttm,-184914136000000.0,-184914136000000.0,False,DIRECT_CANONICAL
e5197628-f5db-49cb-af4d-02ae4f3564af,خودرو,revenue_ttm,5323102515000000.0,5323102515000000.0,False,DIRECT_CANONICAL
e5197628-f5db-49cb-af4d-02ae4f3564af,خودرو,net_profit_ttm,-126273117000000.0,-126273117000000.0,False,DIRECT_CANONICAL
e5197628-f5db-49cb-af4d-02ae4f3564af,خودرو,eps_ttm,-50.0,-50.0,False,DIRECT_CANONICAL
e5197628-f5db-49cb-af4d-02ae4f3564af,خودرو,operating_cash_flow_ttm,,,False,DIRECT_CANONICAL
e5197628-f5db-49cb-af4d-02ae4f3564af,خودرو,operating_margin,-3.4738037728736098,-3.4738037728736098,False,
e5197628-f5db-49cb-af4d-02ae4f3564af,خودرو,operating_profit_growth,,-18491413700.0,True,
e5197628-f5db-49cb-af4d-02ae4f3564af,خودرو,net_margin,-2.3721714290524045,-2.3721714290524045,False,
e5197628-f5db-49cb-af4d-02ae4f3564af,خودرو,roe,-11.128936310150571,-11.128936310150571,False,
e5197628-f5db-49cb-af4d-02ae4f3564af,خودرو,growth_score,9.7,3.3,True,
e5197628-f5db-49cb-af4d-02ae4f3564af,خودرو,profitability_score,0.0,0.0,False,
e5197628-f5db-49cb-af4d-02ae4f3564af,خودرو,valuation_score,0.0,0.0,False,
e5197628-f5db-49cb-af4d-02ae4f3564af,خودرو,market_score,5.3,5.3,False,
e5197628-f5db-49cb-af4d-02ae4f3564af,خودرو,data_quality_score,1.0,1.0,False,
e5197628-f5db-49cb-af4d-02ae4f3564af,خودرو,quant_score,15.0,8.59,True,
a70d8f77-9f39-4b94-a113-bb9c1a819397,سبجنو,operating_profit_ttm,18272698000000.0,18272698000000.0,False,DIRECT_CANONICAL
a70d8f77-9f39-4b94-a113-bb9c1a819397,سبجنو,revenue_ttm,36400532000000.0,36400532000000.0,False,DIRECT_CANONICAL
a70d8f77-9f39-4b94-a113-bb9c1a819397,سبجنو,net_profit_ttm,17601522000000.0,17601522000000.0,False,DIRECT_CANONICAL
a70d8f77-9f39-4b94-a113-bb9c1a819397,سبجنو,eps_ttm,8801.0,8801.0,False,DIRECT_CANONICAL
a70d8f77-9f39-4b94-a113-bb9c1a819397,سبجنو,operating_cash_flow_ttm,,,False,DIRECT_CANONICAL
a70d8f77-9f39-4b94-a113-bb9c1a819397,سبجنو,operating_margin,50.19898610273059,50.19898610273059,False,
a70d8f77-9f39-4b94-a113-bb9c1a819397,سبجنو,operating_profit_growth,,1827269700.0,True,
a70d8f77-9f39-4b94-a113-bb9c1a819397,سبجنو,net_margin,48.35512294160976,48.35512294160976,False,
a70d8f77-9f39-4b94-a113-bb9c1a819397,سبجنو,roe,212.59846171740787,212.59846171740787,False,
a70d8f77-9f39-4b94-a113-bb9c1a819397,سبجنو,growth_score,11.3,12.7,True,
a70d8f77-9f39-4b94-a113-bb9c1a819397,سبجنو,profitability_score,18.9,19.0,True,
a70d8f77-9f39-4b94-a113-bb9c1a819397,سبجنو,valuation_score,12.9,12.8,True,
a70d8f77-9f39-4b94-a113-bb9c1a819397,سبجنو,market_score,2.8,2.8,False,
a70d8f77-9f39-4b94-a113-bb9c1a819397,سبجنو,data_quality_score,1.0,1.0,False,
a70d8f77-9f39-4b94-a113-bb9c1a819397,سبجنو,quant_score,45.83,47.26,True,
fd9e2e5f-8257-4b5d-be39-f57fb8dfcb83,دتوزیع,operating_profit_ttm,,13379014000000.0,True,REPORT_CHAIN_TTM
fd9e2e5f-8257-4b5d-be39-f57fb8dfcb83,دتوزیع,revenue_ttm,,,False,INSUFFICIENT_TTM_PERIODS
fd9e2e5f-8257-4b5d-be39-f57fb8dfcb83,دتوزیع,net_profit_ttm,,,False,INSUFFICIENT_TTM_PERIODS
fd9e2e5f-8257-4b5d-be39-f57fb8dfcb83,دتوزیع,eps_ttm,739.0,739.0,False,DIRECT_CANONICAL
fd9e2e5f-8257-4b5d-be39-f57fb8dfcb83,دتوزیع,operating_cash_flow_ttm,,,False,INSUFFICIENT_TTM_PERIODS
fd9e2e5f-8257-4b5d-be39-f57fb8dfcb83,دتوزیع,operating_margin,,,False,
fd9e2e5f-8257-4b5d-be39-f57fb8dfcb83,دتوزیع,operating_profit_growth,,1337901300.0,True,
fd9e2e5f-8257-4b5d-be39-f57fb8dfcb83,دتوزیع,net_margin,,,False,
fd9e2e5f-8257-4b5d-be39-f57fb8dfcb83,دتوزیع,roe,,,False,
fd9e2e5f-8257-4b5d-be39-f57fb8dfcb83,دتوزیع,growth_score,10.8,12.3,True,
fd9e2e5f-8257-4b5d-be39-f57fb8dfcb83,دتوزیع,profitability_score,9.2,9.2,False,
fd9e2e5f-8257-4b5d-be39-f57fb8dfcb83,دتوزیع,valuation_score,6.1,5.9,True,
fd9e2e5f-8257-4b5d-be39-f57fb8dfcb83,دتوزیع,market_score,5.3,5.3,False,
fd9e2e5f-8257-4b5d-be39-f57fb8dfcb83,دتوزیع,data_quality_score,0.8,0.8,False,
fd9e2e5f-8257-4b5d-be39-f57fb8dfcb83,دتوزیع,quant_score,25.11,26.12,True,
02156686-a480-45fe-a096-d0a6b6ba6c47,فباهنر,operating_profit_ttm,43609591000000.0,43609591000000.0,False,DIRECT_CANONICAL
02156686-a480-45fe-a096-d0a6b6ba6c47,فباهنر,revenue_ttm,242305850000000.0,242305850000000.0,False,DIRECT_CANONICAL
02156686-a480-45fe-a096-d0a6b6ba6c47,فباهنر,net_profit_ttm,26285067000000.0,26285067000000.0,False,DIRECT_CANONICAL
02156686-a480-45fe-a096-d0a6b6ba6c47,فباهنر,eps_ttm,1070.0,1070.0,False,DIRECT_CANONICAL
02156686-a480-45fe-a096-d0a6b6ba6c47,فباهنر,operating_cash_flow_ttm,,,False,DIRECT_CANONICAL
02156686-a480-45fe-a096-d0a6b6ba6c47,فباهنر,operating_margin,17.99774582413095,17.99774582413095,False,
02156686-a480-45fe-a096-d0a6b6ba6c47,فباهنر,operating_profit_growth,,4360959000.0,True,
02156686-a480-45fe-a096-d0a6b6ba6c47,فباهنر,net_margin,10.847887906957261,10.847887906957261,False,
02156686-a480-45fe-a096-d0a6b6ba6c47,فباهنر,roe,42.93965203010103,42.93965203010103,False,
02156686-a480-45fe-a096-d0a6b6ba6c47,فباهنر,growth_score,12.5,14.0,True,
02156686-a480-45fe-a096-d0a6b6ba6c47,فباهنر,profitability_score,7.1,7.3,True,
02156686-a480-45fe-a096-d0a6b6ba6c47,فباهنر,valuation_score,8.0,7.8,True,
02156686-a480-45fe-a096-d0a6b6ba6c47,فباهنر,market_score,4.5,4.5,False,
02156686-a480-45fe-a096-d0a6b6ba6c47,فباهنر,data_quality_score,1.0,1.0,False,
02156686-a480-45fe-a096-d0a6b6ba6c47,فباهنر,quant_score,32.17,33.64,True,
800144e4-cc7d-4308-b9d0-50b502039f5b,رمپنا,operating_profit_ttm,,,False,
800144e4-cc7d-4308-b9d0-50b502039f5b,رمپنا,revenue_ttm,,,False,
800144e4-cc7d-4308-b9d0-50b502039f5b,رمپنا,net_profit_ttm,,,False,
800144e4-cc7d-4308-b9d0-50b502039f5b,رمپنا,eps_ttm,,,False,
800144e4-cc7d-4308-b9d0-50b502039f5b,رمپنا,operating_cash_flow_ttm,,,False,
800144e4-cc7d-4308-b9d0-50b502039f5b,رمپنا,operating_margin,,,False,
800144e4-cc7d-4308-b9d0-50b502039f5b,رمپنا,operating_profit_growth,,,False,
800144e4-cc7d-4308-b9d0-50b502039f5b,رمپنا,net_margin,,,False,
800144e4-cc7d-4308-b9d0-50b502039f5b,رمپنا,roe,,,False,
800144e4-cc7d-4308-b9d0-50b502039f5b,رمپنا,growth_score,16.6,16.6,False,
800144e4-cc7d-4308-b9d0-50b502039f5b,رمپنا,profitability_score,9.2,9.2,False,
800144e4-cc7d-4308-b9d0-50b502039f5b,رمپنا,valuation_score,0.0,0.0,False,
800144e4-cc7d-4308-b9d0-50b502039f5b,رمپنا,market_score,6.4,6.4,False,
800144e4-cc7d-4308-b9d0-50b502039f5b,رمپنا,data_quality_score,0.55,0.55,False,
800144e4-cc7d-4308-b9d0-50b502039f5b,رمپنا,quant_score,17.71,17.71,False,
2d123302-2541-40dc-be32-801bab8251a5,کهمدا,operating_profit_ttm,,27339010000000.0,True,REPORT_CHAIN_TTM
2d123302-2541-40dc-be32-801bab8251a5,کهمدا,revenue_ttm,,,False,MISSING_PRIOR_COMPARABLE
2d123302-2541-40dc-be32-801bab8251a5,کهمدا,net_profit_ttm,,,False,MISSING_PRIOR_ANNUAL
2d123302-2541-40dc-be32-801bab8251a5,کهمدا,eps_ttm,,1439.0,True,REPORT_CHAIN_TTM
2d123302-2541-40dc-be32-801bab8251a5,کهمدا,operating_cash_flow_ttm,,,False,MISSING_PRIOR_ANNUAL
2d123302-2541-40dc-be32-801bab8251a5,کهمدا,operating_margin,,,False,
2d123302-2541-40dc-be32-801bab8251a5,کهمدا,operating_profit_growth,,2733900900.0,True,
2d123302-2541-40dc-be32-801bab8251a5,کهمدا,net_margin,,,False,
2d123302-2541-40dc-be32-801bab8251a5,کهمدا,roe,,,False,
2d123302-2541-40dc-be32-801bab8251a5,کهمدا,growth_score,11.0,12.5,True,
2d123302-2541-40dc-be32-801bab8251a5,کهمدا,profitability_score,9.2,6.2,True,
2d123302-2541-40dc-be32-801bab8251a5,کهمدا,valuation_score,0.0,10.3,True,
2d123302-2541-40dc-be32-801bab8251a5,کهمدا,market_score,6.7,6.7,False,
2d123302-2541-40dc-be32-801bab8251a5,کهمدا,data_quality_score,1.0,1.0,False,
2d123302-2541-40dc-be32-801bab8251a5,کهمدا,quant_score,26.89,35.64,True,
8b9bd230-19fb-4332-83e5-0a6ae4f0a983,سشمال,operating_profit_ttm,-1000000.0,-1000000.0,False,DIRECT_CANONICAL
8b9bd230-19fb-4332-83e5-0a6ae4f0a983,سشمال,revenue_ttm,,,False,INSUFFICIENT_TTM_PERIODS
8b9bd230-19fb-4332-83e5-0a6ae4f0a983,سشمال,net_profit_ttm,,,False,INSUFFICIENT_TTM_PERIODS
8b9bd230-19fb-4332-83e5-0a6ae4f0a983,سشمال,eps_ttm,276.0,276.0,False,DIRECT_CANONICAL
8b9bd230-19fb-4332-83e5-0a6ae4f0a983,سشمال,operating_cash_flow_ttm,,,False,INSUFFICIENT_TTM_PERIODS
8b9bd230-19fb-4332-83e5-0a6ae4f0a983,سشمال,operating_margin,,,False,
8b9bd230-19fb-4332-83e5-0a6ae4f0a983,سشمال,operating_profit_growth,0.0,0.0,False,
8b9bd230-19fb-4332-83e5-0a6ae4f0a983,سشمال,net_margin,,,False,
8b9bd230-19fb-4332-83e5-0a6ae4f0a983,سشمال,roe,,,False,
8b9bd230-19fb-4332-83e5-0a6ae4f0a983,سشمال,growth_score,10.5,9.8,True,
8b9bd230-19fb-4332-83e5-0a6ae4f0a983,سشمال,profitability_score,9.2,9.2,False,
8b9bd230-19fb-4332-83e5-0a6ae4f0a983,سشمال,valuation_score,0.0,0.0,False,
8b9bd230-19fb-4332-83e5-0a6ae4f0a983,سشمال,market_score,4.4,4.4,False,
8b9bd230-19fb-4332-83e5-0a6ae4f0a983,سشمال,data_quality_score,0.8,0.8,False,
8b9bd230-19fb-4332-83e5-0a6ae4f0a983,سشمال,quant_score,19.3,18.72,True,
ebf0e388-b11a-4e8d-918c-7e61cf997d60,کماسه,operating_profit_ttm,1490149000000.0,1490149000000.0,False,DIRECT_CANONICAL
ebf0e388-b11a-4e8d-918c-7e61cf997d60,کماسه,revenue_ttm,5560455000000.0,5560455000000.0,False,DIRECT_CANONICAL
ebf0e388-b11a-4e8d-918c-7e61cf997d60,کماسه,net_profit_ttm,1322913000000.0,1322913000000.0,False,DIRECT_CANONICAL
ebf0e388-b11a-4e8d-918c-7e61cf997d60,کماسه,eps_ttm,221.0,221.0,False,DIRECT_CANONICAL
ebf0e388-b11a-4e8d-918c-7e61cf997d60,کماسه,operating_cash_flow_ttm,,,False,DIRECT_CANONICAL
ebf0e388-b11a-4e8d-918c-7e61cf997d60,کماسه,operating_margin,26.79904791963967,26.79904791963967,False,
ebf0e388-b11a-4e8d-918c-7e61cf997d60,کماسه,operating_profit_growth,,149014800.0,True,
ebf0e388-b11a-4e8d-918c-7e61cf997d60,کماسه,net_margin,23.79145231820058,23.79145231820058,False,
ebf0e388-b11a-4e8d-918c-7e61cf997d60,کماسه,roe,22.214510908579513,22.214510908579513,False,
ebf0e388-b11a-4e8d-918c-7e61cf997d60,کماسه,growth_score,11.0,12.4,True,
ebf0e388-b11a-4e8d-918c-7e61cf997d60,کماسه,profitability_score,5.3,5.4,True,
ebf0e388-b11a-4e8d-918c-7e61cf997d60,کماسه,valuation_score,5.8,5.6,True,
ebf0e388-b11a-4e8d-918c-7e61cf997d60,کماسه,market_score,8.6,8.6,False,
ebf0e388-b11a-4e8d-918c-7e61cf997d60,کماسه,data_quality_score,1.0,1.0,False,
ebf0e388-b11a-4e8d-918c-7e61cf997d60,کماسه,quant_score,30.63,31.99,True,
45761726-5a5b-48ab-ae64-d8cad1de4bb3,دارو,operating_profit_ttm,65915776000000.0,65915776000000.0,False,DIRECT_CANONICAL
45761726-5a5b-48ab-ae64-d8cad1de4bb3,دارو,revenue_ttm,122962471000000.0,122962471000000.0,False,DIRECT_CANONICAL
45761726-5a5b-48ab-ae64-d8cad1de4bb3,دارو,net_profit_ttm,43548995000000.0,43548995000000.0,False,DIRECT_CANONICAL
45761726-5a5b-48ab-ae64-d8cad1de4bb3,دارو,eps_ttm,-677.0,-677.0,False,DIRECT_CANONICAL
45761726-5a5b-48ab-ae64-d8cad1de4bb3,دارو,operating_cash_flow_ttm,,,False,DIRECT_CANONICAL
45761726-5a5b-48ab-ae64-d8cad1de4bb3,دارو,operating_margin,53.6064178476049,53.6064178476049,False,
45761726-5a5b-48ab-ae64-d8cad1de4bb3,دارو,operating_profit_growth,,6591577500.0,True,
45761726-5a5b-48ab-ae64-d8cad1de4bb3,دارو,net_margin,35.416493053396756,35.416493053396756,False,
45761726-5a5b-48ab-ae64-d8cad1de4bb3,دارو,roe,48.912177063516474,48.912177063516474,False,
45761726-5a5b-48ab-ae64-d8cad1de4bb3,دارو,growth_score,23.8,25.3,True,
45761726-5a5b-48ab-ae64-d8cad1de4bb3,دارو,profitability_score,16.7,16.7,False,
45761726-5a5b-48ab-ae64-d8cad1de4bb3,دارو,valuation_score,0.0,0.0,False,
45761726-5a5b-48ab-ae64-d8cad1de4bb3,دارو,market_score,5.6,5.6,False,
45761726-5a5b-48ab-ae64-d8cad1de4bb3,دارو,data_quality_score,1.0,1.0,False,
45761726-5a5b-48ab-ae64-d8cad1de4bb3,دارو,quant_score,46.14,47.68,True,
9ea705bb-16b7-4952-ba9f-1215c615858e,فپنتا,operating_profit_ttm,,,False,MISSING_PRIOR_ANNUAL
9ea705bb-16b7-4952-ba9f-1215c615858e,فپنتا,revenue_ttm,,,False,INSUFFICIENT_TTM_PERIODS
9ea705bb-16b7-4952-ba9f-1215c615858e,فپنتا,net_profit_ttm,,,False,INSUFFICIENT_TTM_PERIODS
9ea705bb-16b7-4952-ba9f-1215c615858e,فپنتا,eps_ttm,2926.0,2926.0,False,DIRECT_CANONICAL
9ea705bb-16b7-4952-ba9f-1215c615858e,فپنتا,operating_cash_flow_ttm,,,False,INSUFFICIENT_TTM_PERIODS
9ea705bb-16b7-4952-ba9f-1215c615858e,فپنتا,operating_margin,,,False,
9ea705bb-16b7-4952-ba9f-1215c615858e,فپنتا,operating_profit_growth,,,False,
9ea705bb-16b7-4952-ba9f-1215c615858e,فپنتا,net_margin,,,False,
9ea705bb-16b7-4952-ba9f-1215c615858e,فپنتا,roe,,,False,
9ea705bb-16b7-4952-ba9f-1215c615858e,فپنتا,growth_score,10.8,10.8,False,
9ea705bb-16b7-4952-ba9f-1215c615858e,فپنتا,profitability_score,9.2,9.2,False,
9ea705bb-16b7-4952-ba9f-1215c615858e,فپنتا,valuation_score,2.7,2.5,True,
9ea705bb-16b7-4952-ba9f-1215c615858e,فپنتا,market_score,3.8,3.8,False,
9ea705bb-16b7-4952-ba9f-1215c615858e,فپنتا,data_quality_score,0.8,0.8,False,
9ea705bb-16b7-4952-ba9f-1215c615858e,فپنتا,quant_score,21.21,21.04,True,
388f886c-2558-4f9f-8871-a3bb73d2546a,شبصیر,operating_profit_ttm,38572235000000.0,38572235000000.0,False,DIRECT_CANONICAL
388f886c-2558-4f9f-8871-a3bb73d2546a,شبصیر,revenue_ttm,80167642000000.0,80167642000000.0,False,DIRECT_CANONICAL
388f886c-2558-4f9f-8871-a3bb73d2546a,شبصیر,net_profit_ttm,28841734000000.0,28841734000000.0,False,DIRECT_CANONICAL
388f886c-2558-4f9f-8871-a3bb73d2546a,شبصیر,eps_ttm,2884.0,2884.0,False,DIRECT_CANONICAL
388f886c-2558-4f9f-8871-a3bb73d2546a,شبصیر,operating_cash_flow_ttm,,,False,DIRECT_CANONICAL
388f886c-2558-4f9f-8871-a3bb73d2546a,شبصیر,operating_margin,48.114468678023485,48.114468678023485,False,
388f886c-2558-4f9f-8871-a3bb73d2546a,شبصیر,operating_profit_growth,,3857223400.0,True,
388f886c-2558-4f9f-8871-a3bb73d2546a,شبصیر,net_margin,35.976777263824225,35.976777263824225,False,
388f886c-2558-4f9f-8871-a3bb73d2546a,شبصیر,roe,67.76293327256025,67.76293327256025,False,
388f886c-2558-4f9f-8871-a3bb73d2546a,شبصیر,growth_score,15.7,17.1,True,
388f886c-2558-4f9f-8871-a3bb73d2546a,شبصیر,profitability_score,18.4,18.5,True,
388f886c-2558-4f9f-8871-a3bb73d2546a,شبصیر,valuation_score,13.5,13.3,True,
388f886c-2558-4f9f-8871-a3bb73d2546a,شبصیر,market_score,6.8,6.8,False,
388f886c-2558-4f9f-8871-a3bb73d2546a,شبصیر,data_quality_score,1.0,1.0,False,
388f886c-2558-4f9f-8871-a3bb73d2546a,شبصیر,quant_score,54.32,55.75,True,
d27cd264-4b08-4ddc-b81d-8367e3d8aaa4,دیران,operating_profit_ttm,5555821000000.0,5555821000000.0,False,DIRECT_CANONICAL
d27cd264-4b08-4ddc-b81d-8367e3d8aaa4,دیران,revenue_ttm,12872848000000.0,12872848000000.0,False,DIRECT_CANONICAL
d27cd264-4b08-4ddc-b81d-8367e3d8aaa4,دیران,net_profit_ttm,2722669000000.0,2722669000000.0,False,DIRECT_CANONICAL
d27cd264-4b08-4ddc-b81d-8367e3d8aaa4,دیران,eps_ttm,1530.0,1530.0,False,DIRECT_CANONICAL
d27cd264-4b08-4ddc-b81d-8367e3d8aaa4,دیران,operating_cash_flow_ttm,,,False,DIRECT_CANONICAL
d27cd264-4b08-4ddc-b81d-8367e3d8aaa4,دیران,operating_margin,43.1592216423281,43.1592216423281,False,
d27cd264-4b08-4ddc-b81d-8367e3d8aaa4,دیران,operating_profit_growth,,555582000.0,True,
d27cd264-4b08-4ddc-b81d-8367e3d8aaa4,دیران,net_margin,21.15047889946343,21.15047889946343,False,
d27cd264-4b08-4ddc-b81d-8367e3d8aaa4,دیران,roe,57.42453703088542,57.42453703088542,False,
d27cd264-4b08-4ddc-b81d-8367e3d8aaa4,دیران,growth_score,23.7,25.1,True,
d27cd264-4b08-4ddc-b81d-8367e3d8aaa4,دیران,profitability_score,13.0,13.2,True,
d27cd264-4b08-4ddc-b81d-8367e3d8aaa4,دیران,valuation_score,7.7,7.4,True,
d27cd264-4b08-4ddc-b81d-8367e3d8aaa4,دیران,market_score,4.3,4.3,False,
d27cd264-4b08-4ddc-b81d-8367e3d8aaa4,دیران,data_quality_score,1.0,1.0,False,
d27cd264-4b08-4ddc-b81d-8367e3d8aaa4,دیران,quant_score,48.6,50.0,True,
bd759dfb-9f7e-45fe-8f91-0f59f901585a,شکام,operating_profit_ttm,28355175000000.0,28355175000000.0,False,DIRECT_CANONICAL
bd759dfb-9f7e-45fe-8f91-0f59f901585a,شکام,revenue_ttm,90630780000000.0,90630780000000.0,False,DIRECT_CANONICAL
bd759dfb-9f7e-45fe-8f91-0f59f901585a,شکام,net_profit_ttm,21891910000000.0,21891910000000.0,False,DIRECT_CANONICAL
bd759dfb-9f7e-45fe-8f91-0f59f901585a,شکام,eps_ttm,1258.0,1258.0,False,DIRECT_CANONICAL
bd759dfb-9f7e-45fe-8f91-0f59f901585a,شکام,operating_cash_flow_ttm,,,False,DIRECT_CANONICAL
bd759dfb-9f7e-45fe-8f91-0f59f901585a,شکام,operating_margin,31.286473535812004,31.286473535812004,False,
bd759dfb-9f7e-45fe-8f91-0f59f901585a,شکام,operating_profit_growth,,121.4471943660995,True,
bd759dfb-9f7e-45fe-8f91-0f59f901585a,شکام,net_margin,24.15504975241303,24.15504975241303,False,
bd759dfb-9f7e-45fe-8f91-0f59f901585a,شکام,roe,50.63539681364839,50.63539681364839,False,
bd759dfb-9f7e-45fe-8f91-0f59f901585a,شکام,growth_score,17.1,16.3,True,
bd759dfb-9f7e-45fe-8f91-0f59f901585a,شکام,profitability_score,12.6,12.8,True,
bd759dfb-9f7e-45fe-8f91-0f59f901585a,شکام,valuation_score,10.2,10.0,True,
bd759dfb-9f7e-45fe-8f91-0f59f901585a,شکام,market_score,6.0,6.0,False,
bd759dfb-9f7e-45fe-8f91-0f59f901585a,شکام,data_quality_score,1.0,1.0,False,
bd759dfb-9f7e-45fe-8f91-0f59f901585a,شکام,quant_score,45.92,45.15,True,
8c7c69d3-10db-49a6-b4a1-fec3009d2332,بشهاب,operating_profit_ttm,,7288860000000.0,True,REPORT_CHAIN_TTM
8c7c69d3-10db-49a6-b4a1-fec3009d2332,بشهاب,revenue_ttm,,,False,INSUFFICIENT_TTM_PERIODS
8c7c69d3-10db-49a6-b4a1-fec3009d2332,بشهاب,net_profit_ttm,,,False,INSUFFICIENT_TTM_PERIODS
8c7c69d3-10db-49a6-b4a1-fec3009d2332,بشهاب,eps_ttm,1818.0,1818.0,False,DIRECT_CANONICAL
8c7c69d3-10db-49a6-b4a1-fec3009d2332,بشهاب,operating_cash_flow_ttm,,,False,INSUFFICIENT_TTM_PERIODS
8c7c69d3-10db-49a6-b4a1-fec3009d2332,بشهاب,operating_margin,,,False,
8c7c69d3-10db-49a6-b4a1-fec3009d2332,بشهاب,operating_profit_growth,,728885900.0,True,
8c7c69d3-10db-49a6-b4a1-fec3009d2332,بشهاب,net_margin,,,False,
8c7c69d3-10db-49a6-b4a1-fec3009d2332,بشهاب,roe,,,False,
8c7c69d3-10db-49a6-b4a1-fec3009d2332,بشهاب,growth_score,11.9,13.3,True,
8c7c69d3-10db-49a6-b4a1-fec3009d2332,بشهاب,profitability_score,9.2,9.2,False,
8c7c69d3-10db-49a6-b4a1-fec3009d2332,بشهاب,valuation_score,9.9,9.8,True,
8c7c69d3-10db-49a6-b4a1-fec3009d2332,بشهاب,market_score,3.0,3.0,False,
8c7c69d3-10db-49a6-b4a1-fec3009d2332,بشهاب,data_quality_score,1.0,1.0,False,
8c7c69d3-10db-49a6-b4a1-fec3009d2332,بشهاب,quant_score,33.96,35.3,True,
83ec683f-eb5f-4ccc-abde-96641f1a0bf1,ددانا,operating_profit_ttm,,34161377000000.0,True,REPORT_CHAIN_TTM
83ec683f-eb5f-4ccc-abde-96641f1a0bf1,ددانا,revenue_ttm,,,False,INSUFFICIENT_TTM_PERIODS
83ec683f-eb5f-4ccc-abde-96641f1a0bf1,ددانا,net_profit_ttm,,,False,INSUFFICIENT_TTM_PERIODS
83ec683f-eb5f-4ccc-abde-96641f1a0bf1,ددانا,eps_ttm,3215.0,3215.0,False,DIRECT_CANONICAL
83ec683f-eb5f-4ccc-abde-96641f1a0bf1,ددانا,operating_cash_flow_ttm,,,False,INSUFFICIENT_TTM_PERIODS
83ec683f-eb5f-4ccc-abde-96641f1a0bf1,ددانا,operating_margin,,,False,
83ec683f-eb5f-4ccc-abde-96641f1a0bf1,ددانا,operating_profit_growth,,169.61116865022038,True,
83ec683f-eb5f-4ccc-abde-96641f1a0bf1,ددانا,net_margin,,,False,
83ec683f-eb5f-4ccc-abde-96641f1a0bf1,ددانا,roe,,,False,
83ec683f-eb5f-4ccc-abde-96641f1a0bf1,ددانا,growth_score,20.4,19.7,True,
83ec683f-eb5f-4ccc-abde-96641f1a0bf1,ددانا,profitability_score,9.2,8.9,True,
83ec683f-eb5f-4ccc-abde-96641f1a0bf1,ددانا,valuation_score,8.7,8.5,True,
83ec683f-eb5f-4ccc-abde-96641f1a0bf1,ددانا,market_score,4.2,4.2,False,
83ec683f-eb5f-4ccc-abde-96641f1a0bf1,ددانا,data_quality_score,1.0,1.0,False,
83ec683f-eb5f-4ccc-abde-96641f1a0bf1,ددانا,quant_score,42.43,41.3,True,
31a4e996-b8e0-4bfa-94bc-a28d26e626b9,کروی,operating_profit_ttm,,1000000.0,True,REPORT_CHAIN_TTM
31a4e996-b8e0-4bfa-94bc-a28d26e626b9,کروی,revenue_ttm,,,False,INSUFFICIENT_TTM_PERIODS
31a4e996-b8e0-4bfa-94bc-a28d26e626b9,کروی,net_profit_ttm,,,False,INSUFFICIENT_TTM_PERIODS
31a4e996-b8e0-4bfa-94bc-a28d26e626b9,کروی,eps_ttm,1093.0,1093.0,False,DIRECT_CANONICAL
31a4e996-b8e0-4bfa-94bc-a28d26e626b9,کروی,operating_cash_flow_ttm,,,False,INSUFFICIENT_TTM_PERIODS
31a4e996-b8e0-4bfa-94bc-a28d26e626b9,کروی,operating_margin,,,False,
31a4e996-b8e0-4bfa-94bc-a28d26e626b9,کروی,operating_profit_growth,,0.0,True,
31a4e996-b8e0-4bfa-94bc-a28d26e626b9,کروی,net_margin,,,False,
31a4e996-b8e0-4bfa-94bc-a28d26e626b9,کروی,roe,,,False,
31a4e996-b8e0-4bfa-94bc-a28d26e626b9,کروی,growth_score,10.8,9.8,True,
31a4e996-b8e0-4bfa-94bc-a28d26e626b9,کروی,profitability_score,9.2,9.2,False,
31a4e996-b8e0-4bfa-94bc-a28d26e626b9,کروی,valuation_score,8.1,7.9,True,
31a4e996-b8e0-4bfa-94bc-a28d26e626b9,کروی,market_score,4.3,4.3,False,
31a4e996-b8e0-4bfa-94bc-a28d26e626b9,کروی,data_quality_score,0.8,0.8,False,
31a4e996-b8e0-4bfa-94bc-a28d26e626b9,کروی,quant_score,25.93,24.93,True,
56860995-8786-4e76-9c41-912e6b91fa85,گشان,operating_profit_ttm,,-44607000000.0,True,REPORT_CHAIN_TTM
56860995-8786-4e76-9c41-912e6b91fa85,گشان,revenue_ttm,,,False,INSUFFICIENT_TTM_PERIODS
56860995-8786-4e76-9c41-912e6b91fa85,گشان,net_profit_ttm,,,False,INSUFFICIENT_TTM_PERIODS
56860995-8786-4e76-9c41-912e6b91fa85,گشان,eps_ttm,3152.0,3152.0,False,DIRECT_CANONICAL
56860995-8786-4e76-9c41-912e6b91fa85,گشان,operating_cash_flow_ttm,,,False,INSUFFICIENT_TTM_PERIODS
56860995-8786-4e76-9c41-912e6b91fa85,گشان,operating_margin,,,False,
56860995-8786-4e76-9c41-912e6b91fa85,گشان,operating_profit_growth,,-30444.897959183676,True,
56860995-8786-4e76-9c41-912e6b91fa85,گشان,net_margin,,,False,
56860995-8786-4e76-9c41-912e6b91fa85,گشان,roe,,,False,
56860995-8786-4e76-9c41-912e6b91fa85,گشان,growth_score,10.8,4.4,True,
56860995-8786-4e76-9c41-912e6b91fa85,گشان,profitability_score,9.2,9.2,False,
56860995-8786-4e76-9c41-912e6b91fa85,گشان,valuation_score,5.2,5.0,True,
56860995-8786-4e76-9c41-912e6b91fa85,گشان,market_score,2.6,2.6,False,
56860995-8786-4e76-9c41-912e6b91fa85,گشان,data_quality_score,0.8,0.8,False,
56860995-8786-4e76-9c41-912e6b91fa85,گشان,quant_score,22.24,16.95,True,
a97cb8af-29da-4af7-a6bf-9c607418b335,دپارس,operating_profit_ttm,,49563137000000.0,True,REPORT_CHAIN_TTM
a97cb8af-29da-4af7-a6bf-9c607418b335,دپارس,revenue_ttm,,,False,INSUFFICIENT_TTM_PERIODS
a97cb8af-29da-4af7-a6bf-9c607418b335,دپارس,net_profit_ttm,,,False,INSUFFICIENT_TTM_PERIODS
a97cb8af-29da-4af7-a6bf-9c607418b335,دپارس,eps_ttm,5324.0,5324.0,False,DIRECT_CANONICAL
a97cb8af-29da-4af7-a6bf-9c607418b335,دپارس,operating_cash_flow_ttm,,,False,INSUFFICIENT_TTM_PERIODS
a97cb8af-29da-4af7-a6bf-9c607418b335,دپارس,operating_margin,,,False,
a97cb8af-29da-4af7-a6bf-9c607418b335,دپارس,operating_profit_growth,,4956313600.0,True,
a97cb8af-29da-4af7-a6bf-9c607418b335,دپارس,net_margin,,,False,
a97cb8af-29da-4af7-a6bf-9c607418b335,دپارس,roe,,,False,
a97cb8af-29da-4af7-a6bf-9c607418b335,دپارس,growth_score,16.4,17.8,True,
a97cb8af-29da-4af7-a6bf-9c607418b335,دپارس,profitability_score,9.2,9.2,False,
a97cb8af-29da-4af7-a6bf-9c607418b335,دپارس,valuation_score,3.9,3.7,True,
a97cb8af-29da-4af7-a6bf-9c607418b335,دپارس,market_score,3.7,3.7,False,
a97cb8af-29da-4af7-a6bf-9c607418b335,دپارس,data_quality_score,1.0,1.0,False,
a97cb8af-29da-4af7-a6bf-9c607418b335,دپارس,quant_score,33.21,34.47,True,
5eb4dae1-aebb-4ce0-bcbf-9509c7ec1697,سآبیک,operating_profit_ttm,,11148432000000.0,True,REPORT_CHAIN_TTM
5eb4dae1-aebb-4ce0-bcbf-9509c7ec1697,سآبیک,revenue_ttm,,,False,INSUFFICIENT_TTM_PERIODS
5eb4dae1-aebb-4ce0-bcbf-9509c7ec1697,سآبیک,net_profit_ttm,,,False,INSUFFICIENT_TTM_PERIODS
5eb4dae1-aebb-4ce0-bcbf-9509c7ec1697,سآبیک,eps_ttm,10205.0,10205.0,False,DIRECT_CANONICAL
5eb4dae1-aebb-4ce0-bcbf-9509c7ec1697,سآبیک,operating_cash_flow_ttm,,,False,INSUFFICIENT_TTM_PERIODS
5eb4dae1-aebb-4ce0-bcbf-9509c7ec1697,سآبیک,operating_margin,,,False,
5eb4dae1-aebb-4ce0-bcbf-9509c7ec1697,سآبیک,operating_profit_growth,,147268.56576338402,True,
5eb4dae1-aebb-4ce0-bcbf-9509c7ec1697,سآبیک,net_margin,,,False,
5eb4dae1-aebb-4ce0-bcbf-9509c7ec1697,سآبیک,roe,,,False,
5eb4dae1-aebb-4ce0-bcbf-9509c7ec1697,سآبیک,growth_score,12.6,14.1,True,
5eb4dae1-aebb-4ce0-bcbf-9509c7ec1697,سآبیک,profitability_score,9.2,9.2,False,
5eb4dae1-aebb-4ce0-bcbf-9509c7ec1697,سآبیک,valuation_score,7.5,7.3,True,
5eb4dae1-aebb-4ce0-bcbf-9509c7ec1697,سآبیک,market_score,4.0,4.0,False,
5eb4dae1-aebb-4ce0-bcbf-9509c7ec1697,سآبیک,data_quality_score,1.0,1.0,False,
5eb4dae1-aebb-4ce0-bcbf-9509c7ec1697,سآبیک,quant_score,33.33,34.59,True,
0d2f948b-6b8d-461d-9ae5-0e2d6f15f097,بگیلان,operating_profit_ttm,,,False,MISSING_PRIOR_ANNUAL
0d2f948b-6b8d-461d-9ae5-0e2d6f15f097,بگیلان,revenue_ttm,,,False,INSUFFICIENT_TTM_PERIODS
0d2f948b-6b8d-461d-9ae5-0e2d6f15f097,بگیلان,net_profit_ttm,,,False,INSUFFICIENT_TTM_PERIODS
0d2f948b-6b8d-461d-9ae5-0e2d6f15f097,بگیلان,eps_ttm,2382.0,2382.0,False,DIRECT_CANONICAL
0d2f948b-6b8d-461d-9ae5-0e2d6f15f097,بگیلان,operating_cash_flow_ttm,,,False,INSUFFICIENT_TTM_PERIODS
0d2f948b-6b8d-461d-9ae5-0e2d6f15f097,بگیلان,operating_margin,,,False,
0d2f948b-6b8d-461d-9ae5-0e2d6f15f097,بگیلان,operating_profit_growth,,,False,
0d2f948b-6b8d-461d-9ae5-0e2d6f15f097,بگیلان,net_margin,,,False,
0d2f948b-6b8d-461d-9ae5-0e2d6f15f097,بگیلان,roe,,,False,
0d2f948b-6b8d-461d-9ae5-0e2d6f15f097,بگیلان,growth_score,15.9,15.9,False,
0d2f948b-6b8d-461d-9ae5-0e2d6f15f097,بگیلان,profitability_score,9.2,9.2,False,
0d2f948b-6b8d-461d-9ae5-0e2d6f15f097,بگیلان,valuation_score,3.8,3.6,True,
0d2f948b-6b8d-461d-9ae5-0e2d6f15f097,بگیلان,market_score,4.2,4.2,False,
0d2f948b-6b8d-461d-9ae5-0e2d6f15f097,بگیلان,data_quality_score,1.0,1.0,False,
0d2f948b-6b8d-461d-9ae5-0e2d6f15f097,بگیلان,quant_score,33.12,32.91,True,
b41e133e-5fc5-455e-bf42-68f4ce26b480,زقیام,operating_profit_ttm,,6360018000000.0,True,REPORT_CHAIN_TTM
b41e133e-5fc5-455e-bf42-68f4ce26b480,زقیام,revenue_ttm,,,False,INSUFFICIENT_TTM_PERIODS
b41e133e-5fc5-455e-bf42-68f4ce26b480,زقیام,net_profit_ttm,,,False,INSUFFICIENT_TTM_PERIODS
b41e133e-5fc5-455e-bf42-68f4ce26b480,زقیام,eps_ttm,1396.0,1396.0,False,DIRECT_CANONICAL
b41e133e-5fc5-455e-bf42-68f4ce26b480,زقیام,operating_cash_flow_ttm,,,False,INSUFFICIENT_TTM_PERIODS
b41e133e-5fc5-455e-bf42-68f4ce26b480,زقیام,operating_margin,,,False,
b41e133e-5fc5-455e-bf42-68f4ce26b480,زقیام,operating_profit_growth,,148.43946473165684,True,
b41e133e-5fc5-455e-bf42-68f4ce26b480,زقیام,net_margin,,,False,
b41e133e-5fc5-455e-bf42-68f4ce26b480,زقیام,roe,,,False,
b41e133e-5fc5-455e-bf42-68f4ce26b480,زقیام,growth_score,16.3,15.6,True,
b41e133e-5fc5-455e-bf42-68f4ce26b480,زقیام,profitability_score,9.2,9.2,False,
b41e133e-5fc5-455e-bf42-68f4ce26b480,زقیام,valuation_score,6.6,6.4,True,
b41e133e-5fc5-455e-bf42-68f4ce26b480,زقیام,market_score,4.4,4.4,False,
b41e133e-5fc5-455e-bf42-68f4ce26b480,زقیام,data_quality_score,1.0,1.0,False,
b41e133e-5fc5-455e-bf42-68f4ce26b480,زقیام,quant_score,36.49,35.57,True,
d80221bc-60fd-4ba4-b96c-7af5aebcf0b5,ذوب,operating_profit_ttm,-103110740000000.0,-103110740000000.0,False,DIRECT_CANONICAL
d80221bc-60fd-4ba4-b96c-7af5aebcf0b5,ذوب,revenue_ttm,637241778000000.0,637241778000000.0,False,DIRECT_CANONICAL
d80221bc-60fd-4ba4-b96c-7af5aebcf0b5,ذوب,net_profit_ttm,7676811000000.0,7676811000000.0,False,DIRECT_CANONICAL
d80221bc-60fd-4ba4-b96c-7af5aebcf0b5,ذوب,eps_ttm,11.0,11.0,False,DIRECT_CANONICAL
d80221bc-60fd-4ba4-b96c-7af5aebcf0b5,ذوب,operating_cash_flow_ttm,,,False,DIRECT_CANONICAL
d80221bc-60fd-4ba4-b96c-7af5aebcf0b5,ذوب,operating_margin,-16.180787820223554,-16.180787820223554,False,
d80221bc-60fd-4ba4-b96c-7af5aebcf0b5,ذوب,operating_profit_growth,,-10311074100.0,True,
d80221bc-60fd-4ba4-b96c-7af5aebcf0b5,ذوب,net_margin,1.20469361316734,1.20469361316734,False,
d80221bc-60fd-4ba4-b96c-7af5aebcf0b5,ذوب,roe,1.3029419702864788,1.3029419702864788,False,
d80221bc-60fd-4ba4-b96c-7af5aebcf0b5,ذوب,growth_score,6.4,0.0,True,
d80221bc-60fd-4ba4-b96c-7af5aebcf0b5,ذوب,profitability_score,0.0,0.0,False,
d80221bc-60fd-4ba4-b96c-7af5aebcf0b5,ذوب,valuation_score,0.0,0.0,False,
d80221bc-60fd-4ba4-b96c-7af5aebcf0b5,ذوب,market_score,5.7,5.7,False,
d80221bc-60fd-4ba4-b96c-7af5aebcf0b5,ذوب,data_quality_score,1.0,1.0,False,
d80221bc-60fd-4ba4-b96c-7af5aebcf0b5,ذوب,quant_score,12.11,5.7,True,
179aaa17-da7e-42d4-8726-04042db9ab21,دبالک,operating_profit_ttm,,1539381000000.0,True,REPORT_CHAIN_TTM
179aaa17-da7e-42d4-8726-04042db9ab21,دبالک,revenue_ttm,,,False,INSUFFICIENT_TTM_PERIODS
179aaa17-da7e-42d4-8726-04042db9ab21,دبالک,net_profit_ttm,,,False,INSUFFICIENT_TTM_PERIODS
179aaa17-da7e-42d4-8726-04042db9ab21,دبالک,eps_ttm,1083.0,1083.0,False,DIRECT_CANONICAL
179aaa17-da7e-42d4-8726-04042db9ab21,دبالک,operating_cash_flow_ttm,,,False,INSUFFICIENT_TTM_PERIODS
179aaa17-da7e-42d4-8726-04042db9ab21,دبالک,operating_margin,,,False,
179aaa17-da7e-42d4-8726-04042db9ab21,دبالک,operating_profit_growth,,153938000.0,True,
179aaa17-da7e-42d4-8726-04042db9ab21,دبالک,net_margin,,,False,
179aaa17-da7e-42d4-8726-04042db9ab21,دبالک,roe,,,False,
179aaa17-da7e-42d4-8726-04042db9ab21,دبالک,growth_score,19.4,20.9,True,
179aaa17-da7e-42d4-8726-04042db9ab21,دبالک,profitability_score,9.2,9.2,False,
179aaa17-da7e-42d4-8726-04042db9ab21,دبالک,valuation_score,3.0,2.8,True,
179aaa17-da7e-42d4-8726-04042db9ab21,دبالک,market_score,4.7,4.7,False,
179aaa17-da7e-42d4-8726-04042db9ab21,دبالک,data_quality_score,1.0,1.0,False,
179aaa17-da7e-42d4-8726-04042db9ab21,دبالک,quant_score,36.3,37.56,True,
34215318-8ead-4752-9213-74f6fd40bc36,پکویر,operating_profit_ttm,26022818000000.0,26022818000000.0,False,DIRECT_CANONICAL
34215318-8ead-4752-9213-74f6fd40bc36,پکویر,revenue_ttm,106613861000000.0,106613861000000.0,False,DIRECT_CANONICAL
34215318-8ead-4752-9213-74f6fd40bc36,پکویر,net_profit_ttm,18268897000000.0,18268897000000.0,False,DIRECT_CANONICAL
34215318-8ead-4752-9213-74f6fd40bc36,پکویر,eps_ttm,1336.0,1336.0,False,DIRECT_CANONICAL
34215318-8ead-4752-9213-74f6fd40bc36,پکویر,operating_cash_flow_ttm,,,False,DIRECT_CANONICAL
34215318-8ead-4752-9213-74f6fd40bc36,پکویر,operating_margin,24.408475367006922,24.408475367006922,False,
34215318-8ead-4752-9213-74f6fd40bc36,پکویر,operating_profit_growth,,2602281700.0,True,
34215318-8ead-4752-9213-74f6fd40bc36,پکویر,net_margin,17.13557395693605,17.13557395693605,False,
34215318-8ead-4752-9213-74f6fd40bc36,پکویر,roe,53.38028491248538,53.38028491248538,False,
34215318-8ead-4752-9213-74f6fd40bc36,پکویر,growth_score,9.9,11.4,True,
34215318-8ead-4752-9213-74f6fd40bc36,پکویر,profitability_score,10.2,10.5,True,
34215318-8ead-4752-9213-74f6fd40bc36,پکویر,valuation_score,15.7,15.6,True,
34215318-8ead-4752-9213-74f6fd40bc36,پکویر,market_score,3.8,3.8,False,
34215318-8ead-4752-9213-74f6fd40bc36,پکویر,data_quality_score,1.0,1.0,False,
34215318-8ead-4752-9213-74f6fd40bc36,پکویر,quant_score,39.55,41.23,True,
caa78e71-bba6-41ce-9da2-746c1ddf68ab,زکشت,operating_profit_ttm,4108117000000.0,4108117000000.0,False,DIRECT_CANONICAL
caa78e71-bba6-41ce-9da2-746c1ddf68ab,زکشت,revenue_ttm,16666554000000.0,16666554000000.0,False,DIRECT_CANONICAL
caa78e71-bba6-41ce-9da2-746c1ddf68ab,زکشت,net_profit_ttm,5277123000000.0,5277123000000.0,False,DIRECT_CANONICAL
caa78e71-bba6-41ce-9da2-746c1ddf68ab,زکشت,eps_ttm,3518.0,3518.0,False,DIRECT_CANONICAL
caa78e71-bba6-41ce-9da2-746c1ddf68ab,زکشت,operating_cash_flow_ttm,,,False,DIRECT_CANONICAL
caa78e71-bba6-41ce-9da2-746c1ddf68ab,زکشت,operating_margin,24.648868626351913,24.648868626351913,False,
caa78e71-bba6-41ce-9da2-746c1ddf68ab,زکشت,operating_profit_growth,,5854828.046689399,True,
caa78e71-bba6-41ce-9da2-746c1ddf68ab,زکشت,net_margin,31.662952041555805,31.662952041555805,False,
caa78e71-bba6-41ce-9da2-746c1ddf68ab,زکشت,roe,62.37038826523238,62.37038826523238,False,
caa78e71-bba6-41ce-9da2-746c1ddf68ab,زکشت,growth_score,17.6,19.1,True,
caa78e71-bba6-41ce-9da2-746c1ddf68ab,زکشت,profitability_score,15.3,15.4,True,
caa78e71-bba6-41ce-9da2-746c1ddf68ab,زکشت,valuation_score,14.9,14.9,False,
caa78e71-bba6-41ce-9da2-746c1ddf68ab,زکشت,market_score,4.5,4.5,False,
caa78e71-bba6-41ce-9da2-746c1ddf68ab,زکشت,data_quality_score,1.0,1.0,False,
caa78e71-bba6-41ce-9da2-746c1ddf68ab,زکشت,quant_score,52.35,53.87,True,
7d4e1be2-2e65-48ac-b35b-050139c0feaf,وخارزم,operating_profit_ttm,14967980000000.0,14967980000000.0,False,DIRECT_CANONICAL
7d4e1be2-2e65-48ac-b35b-050139c0feaf,وخارزم,revenue_ttm,,,False,INSUFFICIENT_TTM_PERIODS
7d4e1be2-2e65-48ac-b35b-050139c0feaf,وخارزم,net_profit_ttm,,,False,INSUFFICIENT_TTM_PERIODS
7d4e1be2-2e65-48ac-b35b-050139c0feaf,وخارزم,eps_ttm,223.0,223.0,False,DIRECT_CANONICAL
7d4e1be2-2e65-48ac-b35b-050139c0feaf,وخارزم,operating_cash_flow_ttm,,,False,INSUFFICIENT_TTM_PERIODS
7d4e1be2-2e65-48ac-b35b-050139c0feaf,وخارزم,operating_margin,,,False,
7d4e1be2-2e65-48ac-b35b-050139c0feaf,وخارزم,operating_profit_growth,1496797900.0,1496797900.0,False,
7d4e1be2-2e65-48ac-b35b-050139c0feaf,وخارزم,net_margin,,,False,
7d4e1be2-2e65-48ac-b35b-050139c0feaf,وخارزم,roe,,,False,
7d4e1be2-2e65-48ac-b35b-050139c0feaf,وخارزم,growth_score,13.0,12.3,True,
7d4e1be2-2e65-48ac-b35b-050139c0feaf,وخارزم,profitability_score,9.2,9.2,False,
7d4e1be2-2e65-48ac-b35b-050139c0feaf,وخارزم,valuation_score,1.6,1.4,True,
7d4e1be2-2e65-48ac-b35b-050139c0feaf,وخارزم,market_score,6.4,6.4,False,
7d4e1be2-2e65-48ac-b35b-050139c0feaf,وخارزم,data_quality_score,0.8,0.8,False,
7d4e1be2-2e65-48ac-b35b-050139c0feaf,وخارزم,quant_score,24.1,23.36,True,
ffe4bf6d-9ab9-4153-a6a3-b676920e3f9c,شاراک,operating_profit_ttm,77494378000000.0,77494378000000.0,False,DIRECT_CANONICAL
ffe4bf6d-9ab9-4153-a6a3-b676920e3f9c,شاراک,revenue_ttm,616711360000000.0,616711360000000.0,False,DIRECT_CANONICAL
ffe4bf6d-9ab9-4153-a6a3-b676920e3f9c,شاراک,net_profit_ttm,65813096000000.0,65813096000000.0,False,DIRECT_CANONICAL
ffe4bf6d-9ab9-4153-a6a3-b676920e3f9c,شاراک,eps_ttm,3871.0,3871.0,False,DIRECT_CANONICAL
ffe4bf6d-9ab9-4153-a6a3-b676920e3f9c,شاراک,operating_cash_flow_ttm,,,False,DIRECT_CANONICAL
ffe4bf6d-9ab9-4153-a6a3-b676920e3f9c,شاراک,operating_margin,12.56574518101953,12.56574518101953,False,
ffe4bf6d-9ab9-4153-a6a3-b676920e3f9c,شاراک,operating_profit_growth,,7749437700.0,True,
ffe4bf6d-9ab9-4153-a6a3-b676920e3f9c,شاراک,net_margin,10.67162051303871,10.67162051303871,False,
ffe4bf6d-9ab9-4153-a6a3-b676920e3f9c,شاراک,roe,75.27223827729497,75.27223827729497,False,
ffe4bf6d-9ab9-4153-a6a3-b676920e3f9c,شاراک,growth_score,17.0,18.5,True,
ffe4bf6d-9ab9-4153-a6a3-b676920e3f9c,شاراک,profitability_score,13.0,13.2,True,
ffe4bf6d-9ab9-4153-a6a3-b676920e3f9c,شاراک,valuation_score,11.2,11.0,True,
ffe4bf6d-9ab9-4153-a6a3-b676920e3f9c,شاراک,market_score,5.9,5.9,False,
ffe4bf6d-9ab9-4153-a6a3-b676920e3f9c,شاراک,data_quality_score,1.0,1.0,False,
ffe4bf6d-9ab9-4153-a6a3-b676920e3f9c,شاراک,quant_score,47.18,48.58,True,
0ad8e291-d32a-4192-b7f0-001a4d146a78,شپنا,operating_profit_ttm,1384140950000000.0,1384140950000000.0,False,DIRECT_CANONICAL
0ad8e291-d32a-4192-b7f0-001a4d146a78,شپنا,revenue_ttm,1.0727957523e+16,1.0727957523e+16,False,DIRECT_CANONICAL
0ad8e291-d32a-4192-b7f0-001a4d146a78,شپنا,net_profit_ttm,1139220803000000.0,1139220803000000.0,False,DIRECT_CANONICAL
0ad8e291-d32a-4192-b7f0-001a4d146a78,شپنا,eps_ttm,2044.0,2044.0,False,DIRECT_CANONICAL
0ad8e291-d32a-4192-b7f0-001a4d146a78,شپنا,operating_cash_flow_ttm,,,False,DIRECT_CANONICAL
0ad8e291-d32a-4192-b7f0-001a4d146a78,شپنا,operating_margin,12.902185220555706,12.902185220555706,False,
0ad8e291-d32a-4192-b7f0-001a4d146a78,شپنا,operating_profit_growth,,138414094900.0,True,
0ad8e291-d32a-4192-b7f0-001a4d146a78,شپنا,net_margin,10.619177047985035,10.619177047985035,False,
0ad8e291-d32a-4192-b7f0-001a4d146a78,شپنا,roe,57.037989017261395,57.037989017261395,False,
0ad8e291-d32a-4192-b7f0-001a4d146a78,شپنا,growth_score,21.2,22.7,True,
0ad8e291-d32a-4192-b7f0-001a4d146a78,شپنا,profitability_score,11.5,11.7,True,
0ad8e291-d32a-4192-b7f0-001a4d146a78,شپنا,valuation_score,13.3,13.0,True,
0ad8e291-d32a-4192-b7f0-001a4d146a78,شپنا,market_score,6.9,6.9,False,
0ad8e291-d32a-4192-b7f0-001a4d146a78,شپنا,data_quality_score,1.0,1.0,False,
0ad8e291-d32a-4192-b7f0-001a4d146a78,شپنا,quant_score,52.86,54.34,True,
4d40f206-2b3d-4349-98c7-e3999baa46e0,وبملت,operating_profit_ttm,,475940465000000.0,True,REPORT_CHAIN_TTM
4d40f206-2b3d-4349-98c7-e3999baa46e0,وبملت,revenue_ttm,,,False,INSUFFICIENT_TTM_PERIODS
4d40f206-2b3d-4349-98c7-e3999baa46e0,وبملت,net_profit_ttm,,,False,INSUFFICIENT_TTM_PERIODS
4d40f206-2b3d-4349-98c7-e3999baa46e0,وبملت,eps_ttm,,777.0,True,REPORT_CHAIN_TTM
4d40f206-2b3d-4349-98c7-e3999baa46e0,وبملت,operating_cash_flow_ttm,,,False,INSUFFICIENT_TTM_PERIODS
4d40f206-2b3d-4349-98c7-e3999baa46e0,وبملت,operating_margin,,,False,
4d40f206-2b3d-4349-98c7-e3999baa46e0,وبملت,operating_profit_growth,,47594046400.0,True,
4d40f206-2b3d-4349-98c7-e3999baa46e0,وبملت,net_margin,,,False,
4d40f206-2b3d-4349-98c7-e3999baa46e0,وبملت,roe,,,False,
4d40f206-2b3d-4349-98c7-e3999baa46e0,وبملت,growth_score,10.8,12.3,True,
4d40f206-2b3d-4349-98c7-e3999baa46e0,وبملت,profitability_score,9.2,9.2,False,
4d40f206-2b3d-4349-98c7-e3999baa46e0,وبملت,valuation_score,0.0,10.9,True,
4d40f206-2b3d-4349-98c7-e3999baa46e0,وبملت,market_score,6.2,6.2,False,
4d40f206-2b3d-4349-98c7-e3999baa46e0,وبملت,data_quality_score,0.8,0.8,False,
4d40f206-2b3d-4349-98c7-e3999baa46e0,وبملت,quant_score,20.93,30.84,True,
63fece71-1288-4135-bf9e-ff5ec21d441a,نان,operating_profit_ttm,11119019000000.0,11119019000000.0,False,DIRECT_CANONICAL
63fece71-1288-4135-bf9e-ff5ec21d441a,نان,revenue_ttm,,,False,INSUFFICIENT_TTM_PERIODS
63fece71-1288-4135-bf9e-ff5ec21d441a,نان,net_profit_ttm,,,False,INSUFFICIENT_TTM_PERIODS
63fece71-1288-4135-bf9e-ff5ec21d441a,نان,eps_ttm,830.0,830.0,False,DIRECT_CANONICAL
63fece71-1288-4135-bf9e-ff5ec21d441a,نان,operating_cash_flow_ttm,,,False,INSUFFICIENT_TTM_PERIODS
63fece71-1288-4135-bf9e-ff5ec21d441a,نان,operating_margin,,,False,
63fece71-1288-4135-bf9e-ff5ec21d441a,نان,operating_profit_growth,106.52772489268712,106.52772489268712,False,
63fece71-1288-4135-bf9e-ff5ec21d441a,نان,net_margin,,,False,
63fece71-1288-4135-bf9e-ff5ec21d441a,نان,roe,,,False,
63fece71-1288-4135-bf9e-ff5ec21d441a,نان,growth_score,12.9,11.7,True,
63fece71-1288-4135-bf9e-ff5ec21d441a,نان,profitability_score,9.2,9.2,False,
63fece71-1288-4135-bf9e-ff5ec21d441a,نان,valuation_score,6.9,6.7,True,
63fece71-1288-4135-bf9e-ff5ec21d441a,نان,market_score,4.9,4.9,False,
63fece71-1288-4135-bf9e-ff5ec21d441a,نان,data_quality_score,1.0,1.0,False,
63fece71-1288-4135-bf9e-ff5ec21d441a,نان,quant_score,33.92,32.53,True,
898b9479-9bf8-404a-8f20-df80925db9a0,فزر,operating_profit_ttm,4049000000.0,4049000000.0,False,DIRECT_CANONICAL
898b9479-9bf8-404a-8f20-df80925db9a0,فزر,revenue_ttm,,,False,INSUFFICIENT_TTM_PERIODS
898b9479-9bf8-404a-8f20-df80925db9a0,فزر,net_profit_ttm,,,False,INSUFFICIENT_TTM_PERIODS
898b9479-9bf8-404a-8f20-df80925db9a0,فزر,eps_ttm,-1.0,-1.0,False,DIRECT_CANONICAL
898b9479-9bf8-404a-8f20-df80925db9a0,فزر,operating_cash_flow_ttm,,,False,INSUFFICIENT_TTM_PERIODS
898b9479-9bf8-404a-8f20-df80925db9a0,فزر,operating_margin,,,False,
898b9479-9bf8-404a-8f20-df80925db9a0,فزر,operating_profit_growth,404800.0,404800.0,False,
898b9479-9bf8-404a-8f20-df80925db9a0,فزر,net_margin,,,False,
898b9479-9bf8-404a-8f20-df80925db9a0,فزر,roe,,,False,
898b9479-9bf8-404a-8f20-df80925db9a0,فزر,growth_score,13.0,12.3,True,
898b9479-9bf8-404a-8f20-df80925db9a0,فزر,profitability_score,9.2,9.2,False,
898b9479-9bf8-404a-8f20-df80925db9a0,فزر,valuation_score,0.0,0.0,False,
898b9479-9bf8-404a-8f20-df80925db9a0,فزر,market_score,6.9,6.9,False,
898b9479-9bf8-404a-8f20-df80925db9a0,فزر,data_quality_score,0.8,0.8,False,
898b9479-9bf8-404a-8f20-df80925db9a0,فزر,quant_score,23.24,22.66,True,
9fce58d2-2eab-45ed-b51c-54fa00f2c77f,فگستر,operating_profit_ttm,,3126228000000.0,True,REPORT_CHAIN_TTM
9fce58d2-2eab-45ed-b51c-54fa00f2c77f,فگستر,revenue_ttm,,,False,INSUFFICIENT_TTM_PERIODS
9fce58d2-2eab-45ed-b51c-54fa00f2c77f,فگستر,net_profit_ttm,,,False,INSUFFICIENT_TTM_PERIODS
9fce58d2-2eab-45ed-b51c-54fa00f2c77f,فگستر,eps_ttm,1843.0,1843.0,False,DIRECT_CANONICAL
9fce58d2-2eab-45ed-b51c-54fa00f2c77f,فگستر,operating_cash_flow_ttm,,,False,INSUFFICIENT_TTM_PERIODS
9fce58d2-2eab-45ed-b51c-54fa00f2c77f,فگستر,operating_margin,,,False,
9fce58d2-2eab-45ed-b51c-54fa00f2c77f,فگستر,operating_profit_growth,,291253.9608574091,True,
9fce58d2-2eab-45ed-b51c-54fa00f2c77f,فگستر,net_margin,,,False,
9fce58d2-2eab-45ed-b51c-54fa00f2c77f,فگستر,roe,,,False,
9fce58d2-2eab-45ed-b51c-54fa00f2c77f,فگستر,growth_score,14.0,15.5,True,
9fce58d2-2eab-45ed-b51c-54fa00f2c77f,فگستر,profitability_score,9.2,9.2,False,
9fce58d2-2eab-45ed-b51c-54fa00f2c77f,فگستر,valuation_score,8.9,8.7,True,
9fce58d2-2eab-45ed-b51c-54fa00f2c77f,فگستر,market_score,4.4,4.4,False,
9fce58d2-2eab-45ed-b51c-54fa00f2c77f,فگستر,data_quality_score,1.0,1.0,False,
9fce58d2-2eab-45ed-b51c-54fa00f2c77f,فگستر,quant_score,36.48,37.74,True,
5a01e83f-edbf-421f-bcd5-c1f46cda1ba5,دزهراوی,operating_profit_ttm,,,False,
5a01e83f-edbf-421f-bcd5-c1f46cda1ba5,دزهراوی,revenue_ttm,,,False,
5a01e83f-edbf-421f-bcd5-c1f46cda1ba5,دزهراوی,net_profit_ttm,,,False,
5a01e83f-edbf-421f-bcd5-c1f46cda1ba5,دزهراوی,eps_ttm,,,False,
5a01e83f-edbf-421f-bcd5-c1f46cda1ba5,دزهراوی,operating_cash_flow_ttm,,,False,
5a01e83f-edbf-421f-bcd5-c1f46cda1ba5,دزهراوی,operating_margin,,,False,
5a01e83f-edbf-421f-bcd5-c1f46cda1ba5,دزهراوی,operating_profit_growth,,,False,
5a01e83f-edbf-421f-bcd5-c1f46cda1ba5,دزهراوی,net_margin,,,False,
5a01e83f-edbf-421f-bcd5-c1f46cda1ba5,دزهراوی,roe,,,False,
5a01e83f-edbf-421f-bcd5-c1f46cda1ba5,دزهراوی,growth_score,13.3,13.3,False,
5a01e83f-edbf-421f-bcd5-c1f46cda1ba5,دزهراوی,profitability_score,9.2,9.2,False,
5a01e83f-edbf-421f-bcd5-c1f46cda1ba5,دزهراوی,valuation_score,0.0,0.0,False,
5a01e83f-edbf-421f-bcd5-c1f46cda1ba5,دزهراوی,market_score,5.1,5.1,False,
5a01e83f-edbf-421f-bcd5-c1f46cda1ba5,دزهراوی,data_quality_score,0.55,0.55,False,
5a01e83f-edbf-421f-bcd5-c1f46cda1ba5,دزهراوی,quant_score,15.2,15.2,False,
e1d45a76-21c9-4594-b5ef-b52788a1e18b,کطبس,operating_profit_ttm,4876402000000.0,4876402000000.0,False,DIRECT_CANONICAL
e1d45a76-21c9-4594-b5ef-b52788a1e18b,کطبس,revenue_ttm,11259010000000.0,11259010000000.0,False,DIRECT_CANONICAL
e1d45a76-21c9-4594-b5ef-b52788a1e18b,کطبس,net_profit_ttm,3712289000000.0,3712289000000.0,False,DIRECT_CANONICAL
e1d45a76-21c9-4594-b5ef-b52788a1e18b,کطبس,eps_ttm,1904.0,1904.0,False,DIRECT_CANONICAL
e1d45a76-21c9-4594-b5ef-b52788a1e18b,کطبس,operating_cash_flow_ttm,,,False,DIRECT_CANONICAL
e1d45a76-21c9-4594-b5ef-b52788a1e18b,کطبس,operating_margin,43.31110817025653,43.31110817025653,False,
e1d45a76-21c9-4594-b5ef-b52788a1e18b,کطبس,operating_profit_growth,,487640100.0,True,
e1d45a76-21c9-4594-b5ef-b52788a1e18b,کطبس,net_margin,32.971717762041244,32.971717762041244,False,
e1d45a76-21c9-4594-b5ef-b52788a1e18b,کطبس,roe,45.09307253297417,45.09307253297417,False,
e1d45a76-21c9-4594-b5ef-b52788a1e18b,کطبس,growth_score,17.1,18.5,True,
e1d45a76-21c9-4594-b5ef-b52788a1e18b,کطبس,profitability_score,16.0,16.1,True,
e1d45a76-21c9-4594-b5ef-b52788a1e18b,کطبس,valuation_score,8.3,8.1,True,
e1d45a76-21c9-4594-b5ef-b52788a1e18b,کطبس,market_score,5.8,5.8,False,
e1d45a76-21c9-4594-b5ef-b52788a1e18b,کطبس,data_quality_score,1.0,1.0,False,
e1d45a76-21c9-4594-b5ef-b52788a1e18b,کطبس,quant_score,47.14,48.48,True,
c61f3bb2-42a4-4d11-9ceb-5dccf15d7d77,فسپا,operating_profit_ttm,,7033421000000.0,True,REPORT_CHAIN_TTM
c61f3bb2-42a4-4d11-9ceb-5dccf15d7d77,فسپا,revenue_ttm,,,False,INSUFFICIENT_TTM_PERIODS
c61f3bb2-42a4-4d11-9ceb-5dccf15d7d77,فسپا,net_profit_ttm,,,False,INSUFFICIENT_TTM_PERIODS
c61f3bb2-42a4-4d11-9ceb-5dccf15d7d77,فسپا,eps_ttm,1418.0,1418.0,False,DIRECT_CANONICAL
c61f3bb2-42a4-4d11-9ceb-5dccf15d7d77,فسپا,operating_cash_flow_ttm,,,False,INSUFFICIENT_TTM_PERIODS
c61f3bb2-42a4-4d11-9ceb-5dccf15d7d77,فسپا,operating_margin,,,False,
c61f3bb2-42a4-4d11-9ceb-5dccf15d7d77,فسپا,operating_profit_growth,,703342000.0,True,
c61f3bb2-42a4-4d11-9ceb-5dccf15d7d77,فسپا,net_margin,,,False,
c61f3bb2-42a4-4d11-9ceb-5dccf15d7d77,فسپا,roe,,,False,
c61f3bb2-42a4-4d11-9ceb-5dccf15d7d77,فسپا,growth_score,10.7,12.2,True,
c61f3bb2-42a4-4d11-9ceb-5dccf15d7d77,فسپا,profitability_score,9.2,9.2,False,
c61f3bb2-42a4-4d11-9ceb-5dccf15d7d77,فسپا,valuation_score,9.0,8.8,True,
c61f3bb2-42a4-4d11-9ceb-5dccf15d7d77,فسپا,market_score,7.2,7.2,False,
c61f3bb2-42a4-4d11-9ceb-5dccf15d7d77,فسپا,data_quality_score,1.0,1.0,False,
c61f3bb2-42a4-4d11-9ceb-5dccf15d7d77,فسپا,quant_score,36.12,37.42,True,
eb902496-ffd5-40b3-b8ea-e6b01d9ce30a,حپارسا,operating_profit_ttm,,4281557000000.0,True,REPORT_CHAIN_TTM
eb902496-ffd5-40b3-b8ea-e6b01d9ce30a,حپارسا,revenue_ttm,,,False,INSUFFICIENT_TTM_PERIODS
eb902496-ffd5-40b3-b8ea-e6b01d9ce30a,حپارسا,net_profit_ttm,,,False,INSUFFICIENT_TTM_PERIODS
eb902496-ffd5-40b3-b8ea-e6b01d9ce30a,حپارسا,eps_ttm,2511.0,2511.0,False,DIRECT_CANONICAL
eb902496-ffd5-40b3-b8ea-e6b01d9ce30a,حپارسا,operating_cash_flow_ttm,,,False,INSUFFICIENT_TTM_PERIODS
eb902496-ffd5-40b3-b8ea-e6b01d9ce30a,حپارسا,operating_margin,,,False,
eb902496-ffd5-40b3-b8ea-e6b01d9ce30a,حپارسا,operating_profit_growth,,428155600.0,True,
eb902496-ffd5-40b3-b8ea-e6b01d9ce30a,حپارسا,net_margin,,,False,
eb902496-ffd5-40b3-b8ea-e6b01d9ce30a,حپارسا,roe,,,False,
eb902496-ffd5-40b3-b8ea-e6b01d9ce30a,حپارسا,growth_score,13.1,14.6,True,
eb902496-ffd5-40b3-b8ea-e6b01d9ce30a,حپارسا,profitability_score,9.2,9.2,False,
eb902496-ffd5-40b3-b8ea-e6b01d9ce30a,حپارسا,valuation_score,5.6,5.4,True,
eb902496-ffd5-40b3-b8ea-e6b01d9ce30a,حپارسا,market_score,3.2,3.2,False,
eb902496-ffd5-40b3-b8ea-e6b01d9ce30a,حپارسا,data_quality_score,1.0,1.0,False,
eb902496-ffd5-40b3-b8ea-e6b01d9ce30a,حپارسا,quant_score,31.14,32.4,True,
3214d1b9-e208-41a0-b97d-3f4d9e02ac6c,کپارس,operating_profit_ttm,6800839000000.0,6800839000000.0,False,DIRECT_CANONICAL
3214d1b9-e208-41a0-b97d-3f4d9e02ac6c,کپارس,revenue_ttm,26967331000000.0,26967331000000.0,False,DIRECT_CANONICAL
3214d1b9-e208-41a0-b97d-3f4d9e02ac6c,کپارس,net_profit_ttm,6728294000000.0,6728294000000.0,False,DIRECT_CANONICAL
3214d1b9-e208-41a0-b97d-3f4d9e02ac6c,کپارس,eps_ttm,2681.0,2681.0,False,DIRECT_CANONICAL
3214d1b9-e208-41a0-b97d-3f4d9e02ac6c,کپارس,operating_cash_flow_ttm,,,False,DIRECT_CANONICAL
3214d1b9-e208-41a0-b97d-3f4d9e02ac6c,کپارس,operating_margin,25.218806414324057,25.218806414324057,False,
3214d1b9-e208-41a0-b97d-3f4d9e02ac6c,کپارس,operating_profit_growth,,,False,
3214d1b9-e208-41a0-b97d-3f4d9e02ac6c,کپارس,net_margin,24.949795736181677,24.949795736181677,False,
3214d1b9-e208-41a0-b97d-3f4d9e02ac6c,کپارس,roe,37.17135888527922,37.17135888527922,False,
3214d1b9-e208-41a0-b97d-3f4d9e02ac6c,کپارس,growth_score,15.9,15.9,False,
3214d1b9-e208-41a0-b97d-3f4d9e02ac6c,کپارس,profitability_score,10.5,10.7,True,
3214d1b9-e208-41a0-b97d-3f4d9e02ac6c,کپارس,valuation_score,12.3,12.1,True,
3214d1b9-e208-41a0-b97d-3f4d9e02ac6c,کپارس,market_score,5.9,5.9,False,
3214d1b9-e208-41a0-b97d-3f4d9e02ac6c,کپارس,data_quality_score,1.0,1.0,False,
3214d1b9-e208-41a0-b97d-3f4d9e02ac6c,کپارس,quant_score,44.52,44.46,True,
8c12f9cd-4550-4a96-ba5c-1187719d2ad6,آردینه,operating_profit_ttm,10065393000000.0,10065393000000.0,False,DIRECT_CANONICAL
8c12f9cd-4550-4a96-ba5c-1187719d2ad6,آردینه,revenue_ttm,20810886000000.0,20810886000000.0,False,DIRECT_CANONICAL
8c12f9cd-4550-4a96-ba5c-1187719d2ad6,آردینه,net_profit_ttm,9335659000000.0,9335659000000.0,False,DIRECT_CANONICAL
8c12f9cd-4550-4a96-ba5c-1187719d2ad6,آردینه,eps_ttm,4667.0,4667.0,False,DIRECT_CANONICAL
8c12f9cd-4550-4a96-ba5c-1187719d2ad6,آردینه,operating_cash_flow_ttm,,,False,DIRECT_CANONICAL
8c12f9cd-4550-4a96-ba5c-1187719d2ad6,آردینه,operating_margin,48.365999410116416,48.365999410116416,False,
8c12f9cd-4550-4a96-ba5c-1187719d2ad6,آردینه,operating_profit_growth,,452887.98379837984,True,
8c12f9cd-4550-4a96-ba5c-1187719d2ad6,آردینه,net_margin,44.859498053086256,44.859498053086256,False,
8c12f9cd-4550-4a96-ba5c-1187719d2ad6,آردینه,roe,69.69179885835945,69.69179885835945,False,
8c12f9cd-4550-4a96-ba5c-1187719d2ad6,آردینه,growth_score,17.1,18.6,True,
8c12f9cd-4550-4a96-ba5c-1187719d2ad6,آردینه,profitability_score,17.2,17.3,True,
8c12f9cd-4550-4a96-ba5c-1187719d2ad6,آردینه,valuation_score,11.6,11.4,True,
8c12f9cd-4550-4a96-ba5c-1187719d2ad6,آردینه,market_score,6.7,6.7,False,
8c12f9cd-4550-4a96-ba5c-1187719d2ad6,آردینه,data_quality_score,1.0,1.0,False,
8c12f9cd-4550-4a96-ba5c-1187719d2ad6,آردینه,quant_score,52.62,53.95,True,
