model,guard,score_date,excluded,replacement,rank_excluded,rank_replacement,d_pct_tv30_pp,d_pct_td60_pp,d_tv30_rial
V1,L1,2021-01-31,گشان,قلرست,78,56,-70.51282051282051,25.64102564102564,-309409087211.73334
V1,L1,2021-01-31,وپست,افق,64,2,-17.948717948717952,67.3076923076923,-180680473964.6667
V1,L1,2021-02-28,سپیدار,سنیر,117,115,16.249999999999996,13.924050632911392,101505100383.16669
V1,L1,2021-04-28,سکرما,شوینده,281,288,6.097560975609759,12.804878048780488,5746484048.333332
V1,L1,2021-04-28,شیران,حکشتی,292,256,10.97560975609756,78.04878048780488,117357293729.66666
V1,L1,2021-05-31,بهپاک,شوینده,332,378,20.224719101123597,29.545454545454547,9451011024.900002
V1,L1,2021-06-30,بهپاک,رمپنا,423,447,29.411764705882348,77.38095238095238,94596450834.20001
V1,L1,2021-07-31,غکورش,شیراز,607,593,-18.954248366013072,58.496732026143796,-211149108758.3333
V1,L1,2021-08-31,شسپا,رانفور,759,716,60.0,86.41025641025641,105518510729.13333
V1,L1,2021-08-31,قرن,سصوفی,805,738,10.76923076923077,81.7948717948718,17345771503.66667
V1,L1,2021-08-31,کحافظ,پاکشو,838,823,67.17948717948718,44.35897435897436,126943559096.99998
V1,L1,2021-09-29,بمپنا,دسینا,868,911,-0.5025125628140704,33.41708542713568,-446345493.16666794
V1,L1,2021-09-29,سپیدار,دزهراوی,944,909,-36.68341708542713,76.3819095477387,-54407891647.03333
V1,L1,2021-10-31,سیستم,ساروم,1149,1127,50.24875621890548,70.39800995024875,43000859102.0
V1,L1,2021-10-31,سپیدار,غویتا,1146,1186,11.940298507462682,8.70646766169154,12516681443.400002
V1,L1,2021-10-31,شسپا,زکشت,1160,1124,-69.15422885572139,65.4228855721393,-132848842906.03334
V1,L1,2021-10-31,کپشیر,شبصیر,1260,1154,10.945273631840791,63.43283582089552,40208664373.1
V1,L1,2021-11-30,شمواد,پاکشو,1370,1435,80.0,36.09756097560975,102015439916.33333
V1,L1,2021-11-30,سیستم,آریا,1356,1267,78.53658536585367,68.29268292682926,170480083638.63333
V1,L1,2021-12-29,شمواد,کمنگنز,1578,1673,25.853658536585368,69.26829268292683,11641525381.366667
V1,L1,2022-01-31,دلقما,پکویر,1734,1854,5.0,69.84924623115577,1827112506.6999998
V1,L1,2022-01-31,غپینو,خراسان,1810,1711,35.50000000000001,31.65829145728643,45113300923.5
V1,L1,2022-01-31,شمواد,فسپا,1783,1823,20.999999999999996,67.8391959798995,23408272052.63333
V1,L1,2022-01-31,فملی,زگلدشت,1824,1747,-80.0,65.82914572864323,-627865202463.7334
V1,L1,2022-01-31,خودرو,دعبید,1717,1732,-94.5,68.34170854271358,-813952623932.6666
V1,L1,2022-01-31,دفرا,فنوال,1733,1825,60.5,66.58291457286433,32358617916.0
V1,L1,2022-02-28,دلقما,بهپاک,1938,1897,24.637681159420293,70.63106796116504,10482285862.833332
V1,L1,2022-02-28,دفرا,کرماشا,1937,2074,61.83574879227053,13.349514563106796,28606403502.0
V1,L1,2022-02-28,کپارس,غدیس,2087,2005,-22.22222222222222,70.14563106796116,-42136934098.33333
V1,L1,2022-03-30,دلقما,شپدیس,2149,2204,67.14285714285715,20.0,210223694221.56668
V1,L1,2022-04-30,غدام,خنصیر,2421,2342,65.51724137931035,12.068965517241379,156011353180.33334
V1,L1,2022-04-30,سمازن,سغرب,2386,2383,27.586206896551722,25.615763546798032,29373177540.666664
V1,L1,2022-05-31,سکرما,حتاید,2595,2534,41.20603015075376,80.15075376884423,48879232923.33333
V1,L1,2022-05-31,غدام,پاسا,2625,2675,-68.34170854271358,78.14070351758794,-118564492562.00002
V1,L1,2022-05-31,زاگرس,سرود,2567,2582,-71.35678391959799,22.110552763819097,-129493518761.66666
V1,L1,2022-06-29,غدام,فگستر,2831,2866,-39.32038834951456,31.06796116504854,-65949313966.33333
V1,L1,2022-07-31,سشمال,سفانو,3002,3005,17.307692307692307,61.29807692307692,7416271121.333332
V1,L1,2022-07-31,دارو,شرانل,2963,3024,49.519230769230774,62.980769230769226,29491173621.0
V1,L1,2022-07-31,داسوه,سشرق,2964,3001,54.32692307692307,87.01923076923077,31010304778.000004
V1,L1,2022-08-31,غاذر,شکام,3255,3249,-20.187793427230048,49.76525821596245,-26610728462.0
V1,L1,2022-08-31,کاسپین,فاراک,3322,3274,60.093896713615024,65.25821596244131,46766295098.200005
V1,L1,2022-09-28,غاذر,زفکا,3467,3411,-41.82692307692308,75.96153846153845,-38862806263.666664
V1,L1,2022-09-28,کاسپین,زکشت,3534,3414,81.73076923076923,32.21153846153847,83444101735.0
V1,L1,2022-09-28,کیمیاتک,سآبیک,3560,3416,12.01923076923077,78.60576923076923,14285796727.333332
V1,L1,2022-10-31,غکورش,سبجنو,3696,3635,-14.354066985645932,68.89952153110048,-4881138218.333334
V1,L1,2022-10-31,رمپنا,ساربیل,3621,3632,-25.35885167464115,69.377990430622,-15312904841.666668
V1,L1,2022-10-31,غاذر,سآبیک,3681,3631,-17.703349282296642,61.48325358851674,-30874769738.333336
V1,L1,2022-10-31,افق,غشصفا,3564,3687,-11.483253588516748,22.48803827751196,-2370105729.333334
V1,L1,2022-10-31,کاسپین,فاراک,3747,3701,64.11483253588517,17.70334928229665,34778379017.9
V1,L1,2022-10-31,کیمیاتک,بپیوند,3772,3573,-25.837320574162682,17.70334928229665,-7612195499.000002
V1,L1,2022-10-31,دابور,قاسم,3601,3717,44.49760765550239,64.35406698564593,12753845916.066666
V1,L1,2022-11-30,غکورش,خراسان,3909,3804,-24.644549763033176,12.322274881516588,-41109255801.33333
V1,L1,2022-11-30,رمپنا,سمازن,3834,3860,-52.60663507109005,69.90521327014217,-45436866814.66667
V1,L1,2022-11-30,افق,کالا,3776,3961,35.07109004739336,67.06161137440758,309743833853.3334
V1,L1,2022-11-30,شکام,کلوند,3887,3974,-17.061611374407583,21.800947867298575,-13133453804.666668
V1,L1,2022-12-31,غکورش,خبهمن,4121,4016,17.14285714285715,12.380952380952381,195083833137.1333
V1,L1,2022-12-31,رمپنا,نوری,4046,4151,18.571428571428573,68.09523809523809,209827737975.6667
V1,L1,2022-12-31,شکام,خراسان,4100,4018,5.238095238095242,8.095238095238095,8216991670.333328
V1,L1,2022-12-31,افق,سهگمت,3990,4075,-38.0952380952381,62.61904761904762,-27776977932.000004
V1,L1,2022-12-31,سکرد,دفرا,4078,4041,-48.095238095238095,18.0952380952381,-36355893341.333336
V1,L1,2023-01-31,شمواد,شغدیر,4304,4302,54.2713567839196,20.603015075376884,88056274622.66666
V1,L1,2023-01-31,رمپنا,زشگزا,4257,4260,-9.045226130653273,69.09547738693468,-49338720152.66667
V1,L1,2023-02-28,خزامیا,شسپا,4433,4505,-21.359223300970875,31.55339805825243,-196756498274.90002
V1,L1,2023-02-28,دسینا,داسوه,4454,4442,16.019417475728154,72.0873786407767,20276780234.0
V1,L1,2023-02-28,سهرمز,شمواد,4488,4508,30.58252427184466,4.126213592233009,25958731901.666668
V1,L1,2023-02-28,قرن,شرانل,4558,4503,14.563106796116504,65.29126213592234,12489558828.666668
V1,L1,2023-02-28,کهمدا,خراسان,4602,4432,-10.194174757281548,17.475728155339805,-20850341012.433342
V1,L1,2023-03-29,خزامیا,بوعلی,4643,4622,-6.511627906976736,73.0232558139535,-787353473308.2
V1,L1,2023-03-29,کلر,شپدیس,4816,4724,22.790697674418603,9.069767441860465,385580181254.6667
V1,L1,2023-03-29,شیراز,شسپا,4731,4718,-2.3255813953488302,72.09302325581396,-15164149186.033356
V1,L1,2023-03-29,کاما,شپارس,4804,4723,-65.5813953488372,15.348837209302326,-235678897693.56665
V1,L1,2023-03-29,دسینا,کلوند,4665,4817,16.74418604651163,72.09302325581396,16815907603.666668
V1,L1,2023-03-29,کهمدا,شرانل,4821,4716,-27.906976744186053,67.67441860465117,-30149761920.86666
V1,L1,2023-04-30,کهمدا,سشمال,5030,4907,-49.029126213592235,3.8834951456310676,-97267547757.53333
V1,L1,2023-04-30,شگل,سیستم,4942,4920,-30.582524271844658,71.11650485436894,-60039487749.66667
V1,L1,2023-04-30,خزامیا,سصوفی,4859,4908,-54.36893203883495,78.88349514563106,-1367069371718.4001
V1,L1,2023-04-30,پکویر,بوعلی,5004,4840,56.310679611650485,78.39805825242718,362978537053.0
V1,L1,2023-04-30,شیراز,شبهرن,4944,4927,-32.03883495145631,79.36893203883496,-208230785584.0
V1,L1,2023-04-30,کلر,شپارس,5025,4936,-57.76699029126213,46.84466019417476,-181384610570.66666
V1,L1,2023-04-30,کاما,زشگزا,5013,4892,-54.85436893203883,39.07766990291262,-466727564176.6333
V1,L1,2023-05-31,شگل,غشان,5148,5158,-14.423076923076925,6.280193236714977,-31984859148.999992
V1,L1,2023-05-31,پکویر,شپارس,5214,5142,-33.65384615384615,80.19323671497585,-74270871732.33333
V1,L1,2023-05-31,کاما,بهپاک,5222,5047,-25.0,29.468599033816425,-432027697284.6666
V1,L1,2023-05-31,کلر,تپسی,5233,5055,-32.21153846153847,13.768115942028986,-119593844519.0
V1,L1,2023-06-28,ساربیل,بهپاک,5315,5256,46.85990338164252,39.85507246376812,55142012592.333336
V1,L1,2023-06-28,غاذر,سآبیک,5364,5314,-12.077294685990342,37.19806763285024,-20467790794.999992
V1,L1,2023-06-28,خموتور,سشمال,5278,5325,-50.72463768115942,34.78260869565217,-72806344757.66666
V1,L1,2023-07-31,ساربیل,هجرت,5527,5620,-11.267605633802818,62.676056338028175,-12979099789.0
V1,L1,2023-07-31,غاذر,دکپسول,5573,5512,-53.051643192488264,57.981220657277,-57199487452.33333
V1,L1,2023-07-31,خموتور,پخش,5488,5632,-26.760563380281692,54.22535211267606,-19137284266.633335
V1,L1,2023-07-31,دعبید,سشمال,5508,5536,-53.990610328638496,86.38497652582159,-50161593389.0
V1,L1,2023-08-30,غاذر,قصفها,5790,5831,-41.31455399061033,50.93896713615024,-35761969322.333336
V1,L1,2023-08-30,ساربیل,پخش,5743,5849,15.023474178403756,82.86384976525822,6390872368.666666
V1,L1,2023-08-30,خموتور,هجرت,5704,5836,17.370892018779344,75.82159624413146,10909251027.7
V1,L1,2023-08-30,غکورش,سشمال,5805,5752,-9.859154929577466,82.86384976525822,-7150382339.333333
V1,L1,2023-08-30,دعبید,پاکشو,5724,5847,-30.046948356807512,42.018779342723015,-18871075035.333336
V1,L1,2023-08-30,کماسه,سغرب,5874,5754,-79.81220657276995,75.82159624413146,-101629186637.83333
V1,L1,2023-09-30,غاذر,دسینا,6009,5939,-65.9090909090909,30.82191780821918,-76521446501.66667
V1,L1,2023-09-30,غکورش,پاکشو,6026,6068,5.454545454545457,39.04109589041096,5362800707.666668
V1,L1,2023-09-30,رمپنا,فاراک,5947,6031,5.909090909090908,71.91780821917808,25760741661.4
V1,L1,2023-09-30,دعبید,پتایر,5940,6069,14.090909090909086,22.14611872146119,15708881261.100002
V1,L1,2023-10-31,غاذر,سصوفی,6230,6191,-58.41121495327103,24.53271028037383,-53158038100.66667
V1,L1,2023-10-31,رمپنا,کماسه,6169,6312,25.70093457943925,62.149532710280376,121133609788.36667
V1,L1,2023-10-31,بهپاک,ساروم,6119,6181,-47.66355140186916,57.94392523364487,-25071631115.36667
V1,L1,2023-11-29,غاذر,غشاذر,6449,6454,-63.133640552995395,21.88940092165899,-59284318106.0
V1,L1,2023-11-29,رمپنا,هجرت,6387,6495,-53.91705069124424,58.986175115207374,-72645926578.33333
V1,L1,2023-11-29,دبالک,غشان,6371,6455,10.13824884792627,61.05990783410138,6071279045.666666
V1,L1,2023-12-31,کپشیر,سشرق,6755,6625,-34.72222222222223,9.027777777777777,-46174879197.0
V1,L1,2023-12-31,دبالک,هجرت,6588,6711,-8.333333333333334,58.56481481481482,-4324766258.333332
V1,L1,2023-12-31,چدن,پخش,6729,6723,-56.94444444444444,58.56481481481482,-43844866000.0
V1,L1,2023-12-31,شمواد,غشاذر,6652,6670,-31.944444444444443,64.35185185185185,-20706175223.76667
V1,L1,2023-12-31,غمهرا,سمازن,6676,6631,-2.7777777777777763,10.185185185185185,-1338936146.333332
V1,L1,2024-01-31,شمواد,خموتور,6868,6796,-3.7558685446009377,30.28169014084507,-1627093819.633339
V1,L1,2024-01-31,خبهمن,دسینا,6790,6815,-83.56807511737088,60.56338028169015,-102371479877.66667
V1,L1,2024-01-31,کپشیر,تپمپی,6970,6780,-60.56338028169015,60.56338028169015,-111154254877.0
V1,L1,2024-01-31,چدن,شگل,6946,6876,-53.05164319248827,57.74647887323944,-46724044624.76666
V1,L1,2024-01-31,پیزد,کگل,6944,6973,53.990610328638496,65.25821596244131,89882045442.93333
V1,L1,2024-02-28,شمواد,تلیسه,7086,6995,47.826086956521735,69.80676328502415,88913893599.3
V1,L1,2024-02-28,غمهرا,سفانو,7107,7062,-10.144927536231883,63.76811594202898,-4520481624.0
V1,L1,2024-03-30,پتایر,خزامیا,7369,7219,62.89592760180995,13.574660633484164,289512056680.23334
V1,L1,2024-03-30,پکرمان,فگستر,7372,7348,-26.24434389140271,21.945701357466064,-8402546146.7666645
V1,L1,2024-03-30,سبجنو,کمنگنز,7264,7397,26.69683257918552,16.7420814479638,12717598598.666666
V1,L1,2024-03-30,کلوند,سفانو,7395,7274,-29.411764705882355,73.30316742081449,-11244893979.899998
V1,L1,2024-04-30,پکویر,کالا,7592,7599,24.766355140186924,71.96261682242991,94998421626.5
V1,L1,2024-04-30,پتایر,چدن,7588,7595,8.878504672897197,40.42056074766355,5884697733.633335
V1,L1,2024-04-30,غبشهر,خزامیا,7531,7441,34.57943925233645,9.579439252336448,368995949493.43335
V1,L1,2024-04-30,سبجنو,زفکا,7482,7474,34.112149532710276,51.86915887850467,13991582973.333336
V1,L1,2024-04-30,پکرمان,ارفع,7591,7410,26.16822429906542,74.53271028037383,48240408841.33334
V1,L1,2024-05-29,پکویر,شاملا,7803,7718,-1.421800947867291,18.00947867298578,-205134741.6333351
V1,L1,2024-05-29,پتایر,کالا,7800,7811,32.70142180094787,78.67298578199052,66360146323.40001
V1,L1,2024-05-29,سبجنو,غنوش,7697,7756,71.09004739336493,81.75355450236967,43696066172.66667
V1,L1,2024-05-29,پکرمان,انرژی,7802,7627,37.44075829383887,80.09478672985783,59275241844.0
V1,L1,2024-07-31,تپسی,کاما,8063,8232,57.81990521327014,32.46445497630332,94565155317.76668
V1,L1,2024-08-31,تپسی,خودرو,8274,8292,42.3963133640553,65.66820276497695,224739892036.96667
V1,L1,2024-08-31,فبیرا,زگلدشت,8401,8326,7.834101382488479,44.70046082949309,2191252777.766667
V1,L1,2024-09-30,فایرا,بگیلان,8608,8488,10.784313725490197,68.13725490196079,3747374181.333333
V1,L1,2024-10-30,غاذر,غمهرا,8802,8811,-42.592592592592595,53.703703703703695,-19707906927.666664
V1,L1,2024-10-30,شمواد,شاوان,8789,8777,0.462962962962965,50.462962962962955,49687885.06666565
V1,L1,2024-10-30,زگلدشت,زفکا,8752,8748,21.759259259259256,48.842592592592595,11312624208.933332
V1,L1,2024-10-30,سشرق,دجابر,8762,8730,-30.555555555555557,53.703703703703695,-12951557580.0
V1,L1,2024-10-30,قصفها,فاراک,8843,8822,30.555555555555557,19.90740740740741,27567957798.799995
V1,L1,2024-10-30,قرن,شرانل,8841,8784,-31.48148148148148,50.462962962962955,-16236955771.999998
V1,L1,2024-11-30,غاذر,سپیدار,9020,8991,19.634703196347036,62.55707762557078,24399551891.666664
V1,L1,2024-11-30,قصفها,غمهرا,9063,9031,-44.29223744292238,66.21004566210046,-33684128845.300003
V1,L1,2024-11-30,افق,انرژی,8902,8903,21.91780821917808,65.06849315068493,113295568048.0
V1,L1,2024-11-30,شاملا,زکشت,8995,8969,-35.61643835616438,59.1324200913242,-37488915318.66667
V1,L1,2024-11-30,سشرق,خموتور,8980,8935,-0.91324200913242,65.06849315068493,-5639376581.633331
V1,L1,2024-11-30,حتاید,شپارس,8923,9010,-57.07762557077625,65.06849315068493,-40148941547.33333
V1,L1,2024-11-30,قرن,تلیسه,9061,8917,-2.28310502283105,60.95890410958904,-3019004810.4333344
V1,L1,2024-12-31,شاملا,دکپسول,9218,9179,-27.699530516431924,59.38967136150235,-28756620054.666668
V1,L1,2024-12-31,افق,غمهرا,9122,9249,-61.9718309859155,65.02347417840375,-101314890292.33333
V1,L1,2024-12-31,حتاید,انرژی,9142,9123,21.59624413145539,65.02347417840375,262891955395.6667
V1,L1,2024-12-31,قرن,ساربیل,9278,9193,-20.187793427230044,61.267605633802816,-19491172057.0
V1,L1,2025-01-29,غاذر,شیران,9454,9452,74.05660377358491,11.556603773584905,156589648652.63333
V1,L1,2025-01-29,سباقر,شکربن,9409,9448,,,
V1,L1,2025-01-29,حتاید,دکپسول,9358,9392,-31.132075471698112,62.97169811320755,-83794652103.66666
V1,L1,2025-01-29,نوری,هجرت,9500,9501,74.76415094339622,67.9245283018868,136293207651.66667
V1,L1,2025-01-29,غکورش,سمازن,9471,9422,2.8301886792452824,64.85849056603774,3905789987.5666656
V1,L1,2025-02-26,غاذر,دقاضی,9673,9608,-35.4066985645933,40.19138755980861,-36895214332.0
V1,L1,2025-02-26,سباقر,هجرت,9626,9717,,,
V1,L1,2025-02-26,نوری,غمهرا,9716,9684,-88.99521531100478,42.10526315789473,-733045117035.3333
V1,L1,2025-02-26,پکویر,شسپا,9730,9657,12.440191387559807,66.26794258373205,43319194313.66666
V1,L1,2025-02-26,غکورش,غدیس,9690,9677,18.181818181818183,67.94258373205741,15528068616.033329
V1,L1,2025-02-26,آریا,تلیسه,9552,9568,-38.27751196172249,72.96650717703349,-206591893510.93335
V1,L1,2025-02-26,دفرا,شکربن,9607,9667,42.10526315789474,67.22488038277513,56030339324.33334
V1,L1,2025-03-30,غاذر,دزهراوی,9887,9815,-46.330275229357795,34.49074074074074,-33082290392.666664
V1,L1,2025-03-30,سباقر,دعبید,9838,9818,-28.899082568807337,,-41267481997.33334
V1,L1,2025-03-30,غکورش,شسپا,9904,9870,28.44036697247706,49.30555555555556,43470484161.700005
V1,L1,2025-03-30,فنوال,تلیسه,9920,9781,-10.091743119266056,72.45370370370371,-4577902372.966667
V1,L1,2025-03-30,آریا,هجرت,9764,9934,-41.28440366972477,78.00925925925927,-204829602851.6667
V1,L1,2025-04-30,سپیدار,شاملا,10074,10079,50.90909090909091,80.22727272727272,42743125921.0
V1,L1,2025-04-30,پکویر,ددانا,10170,10031,-67.27272727272727,26.590909090909086,-87613289831.0
V1,L1,2025-04-30,نوری,شرانل,10153,10087,-67.27272727272727,78.18181818181819,-835923279694.6666
V1,L1,2025-05-31,غپینو,سشمال,10339,10288,-15.887850467289722,33.64485981308411,-39647685722.59999
V1,L1,2025-05-31,حسینا,خموتور,10229,10238,-12.149532710280376,31.074766355140188,-43378538668.06668
V1,L1,2025-06-30,دزهراوی,ددانا,10471,10468,3.6363636363636362,38.40909090909091,4738101058.066667
V1,L1,2025-06-30,بمپنا,زکشت,10429,10490,-31.818181818181813,6.136363636363636,-47407518807.0
V1,L1,2025-06-30,غبشهر,خموتور,10546,10455,40.45454545454545,14.090909090909093,48252470522.600006
V1,L1,2025-06-30,حسینا,آریا,10446,10421,-25.454545454545464,30.000000000000004,-196519545628.0
V1,L1,2025-07-30,دزهراوی,کطبس,10690,10832,4.878048780487805,64.14634146341463,2965961321.866667
V1,L1,2025-07-30,نان,دکپسول,10802,10697,-53.65853658536586,50.24390243902439,-169771327330.53336
V1,L1,2025-07-30,کالا,سشمال,10823,10722,-51.707317073170735,78.78048780487805,-265343139123.66666
V1,L1,2025-08-31,دزهراوی,افق,10898,10850,73.42342342342343,42.79279279279279,81241685121.96667
V1,L1,2025-08-31,شیران,سکرد,10968,10941,28.37837837837838,85.13513513513514,12693355134.333332
V1,L1,2025-08-31,دارو,پیزد,10886,11036,12.612612612612613,47.2972972972973,6124330017.6
V1,L1,2025-08-31,کاسپین,شرانل,11042,10953,62.16216216216216,60.58558558558559,39691745593.666664
V1,L1,2025-08-31,کاما,کالا,11044,11043,18.918918918918926,5.180180180180181,197908330598.4
V1,L1,2025-08-31,نان,سشمال,11017,10930,-45.49549549549549,75.67567567567568,-65530133047.59999
V1,L1,2025-09-30,شیران,دکپسول,11191,11129,-40.35874439461883,80.04484304932737,-146122702961.0
V1,L1,2025-09-30,رمپنا,سآبیک,11132,11142,-9.4170403587444,79.59641255605382,-37978946059.0
V1,L1,2025-09-30,دارو,فگستر,11111,11232,-60.0896860986547,79.14798206278027,-39975205266.066666
V1,L1,2025-09-30,کاسپین,غدیس,11265,11198,-37.21973094170403,45.291479820627806,-61954830274.0
V1,L1,2025-10-29,رمپنا,سیستم,11358,11394,-23.008849557522126,65.55555555555556,-177775247124.0
V1,L1,2025-10-29,کاسپین,سکرد,11493,11392,-63.716814159292035,8.666666666666668,-111065897559.66667
V1,L1,2025-10-29,دارو,کمنگنز,11336,11510,-40.26548672566372,66.88888888888889,-46648035391.7
V1,L1,2025-10-29,غدام,انرژی,11425,11299,85.39823008849558,64.44444444444444,182907665803.0
V1,L1,2025-10-29,شرانل,شبریز,11403,11398,49.11504424778761,67.55555555555556,317512829880.6667
V1,L1,2025-10-29,کپشیر,سآبیک,11515,11369,19.91150442477876,62.66666666666667,48868327247.333336
V1,L1,2025-10-29,غویتا,سبجنو,11436,11374,30.088495575221234,62.66666666666667,27017796597.533337
V1,L1,2025-11-30,رمپنا,قصفها,11583,11689,-63.11111111111111,62.72321428571428,-252957232467.33334
V1,L1,2025-11-30,غدام,کیمیا,11649,11745,20.888888888888886,63.61607142857143,19236827130.300003
V1,L1,2025-11-30,کپشیر,غمهرا,11741,11657,-22.666666666666668,13.392857142857146,-25243029757.666668
V1,L1,2025-11-30,شرانل,دفرا,11627,11577,-6.2222222222222205,28.571428571428577,-5478467017.333332
V1,L1,2025-11-30,غویتا,شپدیس,11660,11635,73.33333333333333,9.374999999999998,701063662354.7333
V1,L1,2025-12-31,سباقر,فگستر,11825,11912,-75.33632286995515,58.52017937219731,-229556190205.06665
V1,L1,2025-12-31,غپینو,قصفها,11890,11916,-25.11210762331839,58.52017937219731,-53302945742.8
V1,L1,2025-12-31,غدام,زقیام,11877,11817,21.973094170403584,65.91928251121077,30345974283.56667
V1,L1,2025-12-31,تپسی,پیزد,11766,11937,-50.22421524663676,67.9372197309417,-116023977474.86665
V1,L1,2025-12-31,سهگمت,فایرا,11841,11896,33.63228699551569,61.88340807174888,306360487172.73334
V1,L1,2025-12-31,شرانل,سقاین,11856,11837,-4.484304932735428,64.79820627802691,-18323743031.666656
V1,L1,2025-12-31,سهرمز,سغرب,11840,11835,-13.004484304932735,61.88340807174888,-30472637074.666656
V1,L1,2025-12-31,شپارس,کرماشا,11863,11951,43.946188340807176,66.59192825112108,278562891118.1333
V1,L1,2026-01-31,غاذر,غویتا,12098,12112,-40.36697247706422,58.71559633027523,-123514515423.1
V1,L1,2026-01-31,سباقر,زکشت,12049,12043,-38.99082568807339,58.71559633027523,-240104631543.6667
V1,L1,2026-01-31,غپینو,کاسپین,12113,12164,11.467889908256879,58.71559633027523,59143157823.13333
V1,L1,2026-01-31,سشرق,کرماشا,12056,12171,13.761467889908252,58.71559633027523,526094655757.6666
V1,L1,2026-01-31,دزاگرس,کلر,12023,12177,-29.81651376146789,65.13761467889908,-265097887408.66663
V1,L1,2026-01-31,سهگمت,نان,12065,12141,-16.972477064220183,61.69724770642202,-61501502332.43335
V1,L1,2026-05-31,غاذر,شبهرن,12304,12287,82.75862068965517,67.48768472906403,119219111280.66667
V1,L1,2026-05-31,غشاذر,ساروم,12310,12258,14.28571428571429,64.03940886699507,81558281305.66666
V1,L1,2026-05-31,غویتا,غنوش,12318,12317,-56.15763546798029,19.458128078817737,-78960547937.46667
V1,L1,2026-05-31,غشصفا,قلرست,12312,12345,-46.79802955665025,64.03940886699507,-31786165183.333336
V1,L1,2026-05-31,بهپاک,فایرا,12199,12326,-21.674876847290637,64.03940886699507,-107931957414.33334
V1,L1,2026-06-30,کپارس,ساروم,12595,12461,45.19230769230769,4.567307692307692,433132936191.6666
V1,L1,2026-06-30,شپدیس,آردینه,12501,12395,-37.019230769230774,59.61538461538461,-3581767317610.3335
V1,L2,2021-01-31,کپشیر,افق,76,2,56.41025641025641,0.0,160502222416.66666
V1,L2,2021-02-28,پخش,سنیر,145,115,72.5,-59.49367088607595,231396694427.5
V1,L2,2021-03-31,هجرت,فولای,218,215,6.329113924050632,-40.38461538461538,6127905808.300001
V1,L2,2021-03-31,پرداخت,حسینا,227,174,43.0379746835443,8.333333333333332,56594911703.9
V1,L2,2021-04-28,دبالک,شوینده,260,288,23.170731707317078,0.0,14223002097.233334
V1,L2,2021-05-31,دبالک,خبهمن,348,345,85.39325842696628,-32.95454545454545,290434047495.60004
V1,L2,2021-06-30,سکرما,رمپنا,463,447,72.94117647058823,26.785714285714292,125301398071.66667
V1,L2,2021-06-30,ساربیل,دبالک,451,438,7.0588235294117645,72.02380952380952,11116433437.333334
V1,L2,2021-07-31,سشمال,شیراز,569,593,68.62745098039215,-31.372549019607842,111684945126.0
V1,L2,2021-08-31,دارو,رانفور,699,716,51.79487179487179,40.51282051282051,81849573016.33333
V1,L2,2021-08-31,بگیلان,سصوفی,674,738,46.666666666666664,0.0,63549277014.2
V1,L2,2021-08-31,شسپا,پاکشو,759,823,70.76923076923077,45.8974358974359,144261193778.46664
V1,L2,2021-08-31,دابور,غدیس,698,775,72.3076923076923,-4.358974358974358,154952873847.53336
V1,L2,2021-08-31,سشمال,ثبهساز,737,680,69.74358974358974,-24.87179487179486,139341954397.69998
V1,L2,2021-08-31,دسینا,شستا,711,758,93.84615384615384,40.51282051282051,2152063733481.0
V1,L2,2021-08-31,دعبید,کسرا,712,844,58.46153846153845,-24.87179487179486,106673401480.33334
V1,L2,2021-08-31,کحافظ,پیزد,838,829,35.38461538461539,60.00000000000001,43238120271.46666
V1,L2,2021-09-29,کاسپین,دزهراوی,1034,909,9.045226130653267,0.0,17235673645.766663
V1,L2,2021-09-29,بمپنا,فسپا,868,995,47.23618090452261,7.537688442211056,76341691228.5
V1,L2,2021-09-29,بگیلان,شسپا,874,958,73.86934673366834,-74.87437185929649,228634767634.83334
V1,L2,2021-09-29,سشمال,شپارس,936,961,33.165829145728644,0.0,45443293751.66667
V1,L2,2021-09-29,سکرد,فگستر,945,1003,48.74371859296483,-28.894472361809044,80151440881.06667
V1,L2,2021-10-31,سکرما,ساروم,1148,1127,55.72139303482587,0.0,47173073765.666664
V1,L2,2021-10-31,سکرد,غویتا,1147,1186,60.19900497512437,-7.462686567164178,52441043569.333336
V1,L2,2021-10-31,سهگمت,زکشت,1144,1124,11.442786069651742,0.0,9440469845.166668
V1,L2,2021-10-31,سبجنو,شبصیر,1129,1154,64.67661691542288,0.0,85562846843.1
V1,L2,2021-11-30,شگل,پاکشو,1378,1435,79.51219512195122,11.21951219512195,97450715317.33333
V1,L2,2021-11-30,شمواد,آریا,1370,1267,89.26829268292683,70.48780487804878,181515280214.1
V1,L2,2021-11-30,دسینا,دعبید,1317,1318,8.780487804878048,-6.829268292682928,4366752088.0
V1,L2,2021-11-30,سکرما,نوری,1355,1423,86.82926829268293,0.0,470599036525.0
V1,L2,2021-11-30,سبجنو,دارو,1336,1305,18.536585365853657,0.0,9459162620.666666
V1,L2,2021-11-30,سهگمت,سشرق,1351,1342,27.80487804878049,-56.58536585365853,14786517082.0
V1,L2,2021-12-29,شمواد,کمنگنز,1578,1673,25.853658536585368,69.26829268292683,11641525381.366667
V1,L2,2021-12-29,دسینا,زشگزا,1526,1535,13.658536585365855,33.65853658536585,5102729390.766667
V1,L2,2021-12-29,سفانو,خمحرکه,1554,1506,60.48780487804878,-39.756097560975604,41422851466.76666
V1,L2,2021-12-29,قلرست,کلوند,1631,1671,25.853658536585368,16.341463414634145,8502116632.999999
V1,L2,2021-12-29,زگلدشت,کپشیر,1540,1677,30.73170731707317,0.0,12197688550.0
V1,L2,2021-12-29,سهگمت,غویتا,1559,1602,58.536585365853654,53.90243902439023,35382513001.36666
V1,L2,2022-01-31,دلقما,پکویر,1734,1854,5.0,69.84924623115577,1827112506.6999998
V1,L2,2022-01-31,سهگمت,خراسان,1765,1711,77.0,25.376884422110553,59146361840.0
V1,L2,2022-01-31,دسینا,فسپا,1731,1823,65.99999999999999,0.0,40243304269.33333
V1,L2,2022-01-31,دفرا,زگلدشت,1733,1747,18.5,66.58291457286433,7404744883.6
V1,L2,2022-02-28,سهرمز,بهپاک,1969,1897,52.17391304347827,51.69902912621359,19701219026.333332
V1,L2,2022-02-28,دفرا,کرماشا,1937,2074,61.83574879227053,13.349514563106796,28606403502.0
V1,L2,2022-02-28,کخاک,غدیس,2072,2005,52.65700483091788,54.61165048543689,22577589368.333336
V1,L2,2022-03-30,سهگمت,شپدیس,2181,2204,91.42857142857143,-56.42857142857143,219509276655.66666
V1,L2,2022-03-30,کخاک,فملی,2286,2243,92.38095238095238,0.0,666665696611.3334
V1,L2,2022-04-30,ساربیل,خنصیر,2373,2342,83.2512315270936,-3.2019704433497527,168844219093.33334
V1,L2,2022-04-30,دعبید,افق,2357,2310,35.960591133004925,-21.428571428571427,25945976149.333336
V1,L2,2022-04-30,سیستم,سغرب,2394,2383,59.60591133004927,-46.551724137931025,52398974214.0
V1,L2,2022-04-30,سهگمت,سکرد,2389,2392,34.48275862068965,0.0,23321461194.333336
V1,L2,2022-04-30,کخاک,پاکشو,2491,2474,27.093596059113302,0.0,20522201202.333332
V1,L2,2022-05-31,ساربیل,حتاید,2574,2534,43.21608040201005,0.0,52642265054.0
V1,L2,2022-05-31,سکرما,پاسا,2595,2675,3.0150753768844214,80.15075376884423,2183745991.333332
V1,L2,2022-05-31,سهگمت,سرود,2591,2582,4.522613065326634,-8.793969849246231,5874543043.666668
V1,L2,2022-05-31,دعبید,شکربن,2560,2617,38.19095477386934,-32.914572864321606,40639006460.26667
V1,L2,2022-05-31,سیستم,بگیلان,2596,2527,13.5678391959799,-21.85929648241206,20731863311.666668
V1,L2,2022-05-31,سقاین,غدیس,2587,2626,55.77889447236182,18.34170854271357,71164336931.0
V1,L2,2022-06-29,ساربیل,فگستر,2781,2866,33.00970873786408,-49.02912621359223,20381732923.666668
V1,L2,2022-06-29,غفارس,بپیوند,2837,2725,54.85436893203883,-8.980582524271846,47509316929.66667
V1,L2,2022-06-29,دعبید,غدیس,2765,2832,34.46601941747573,49.02912621359223,21031241183.333336
V1,L2,2022-06-29,سهگمت,خموتور,2799,2746,67.96116504854369,0.0,68664651087.06667
V1,L2,2022-06-29,سیستم,افق,2804,2717,66.50485436893204,49.02912621359223,74844205740.33333
V1,L2,2022-07-31,ساربیل,سفانو,2992,3005,30.288461538461537,-25.721153846153854,12566902231.0
V1,L2,2022-07-31,غفارس,شرانل,3049,3024,53.36538461538461,19.71153846153846,30301293918.333332
V1,L2,2022-07-31,قصفها,سشرق,3079,3001,49.519230769230774,11.057692307692314,27528415657.000004
V1,L2,2022-07-31,دارو,غشصفا,2963,3047,16.826923076923077,43.269230769230774,6547147979.0
V1,L2,2022-07-31,داسوه,فگستر,2964,3075,42.78846153846154,41.58653846153846,20126690597.666668
V1,L2,2022-07-31,بگیلان,شکام,2937,3035,60.57692307692307,-25.721153846153854,35808778426.33333
V1,L2,2022-07-31,شدوص,کرماشا,3023,3113,67.78846153846155,30.288461538461537,61307578956.333336
V1,L2,2022-08-31,دارو,بپیوند,3175,3147,37.558685446009385,-11.502347417840376,14702032266.999998
V1,L2,2022-08-31,داسوه,کیمیاتک,3176,3349,29.577464788732392,-34.50704225352113,11513575209.666666
V1,L2,2022-08-31,غشاذر,شکام,3260,3249,49.29577464788733,-34.037558685446,23946545188.8
V1,L2,2022-08-31,بگیلان,فاراک,3149,3274,69.95305164319248,-15.258215962441312,50211139449.86667
V1,L2,2022-09-28,دارو,زفکا,3388,3411,38.46153846153847,23.076923076923073,14460089390.666666
V1,L2,2022-09-28,داسوه,زکشت,3389,3414,87.98076923076923,0.0,87906379412.33334
V1,L2,2022-09-28,سکرما,سآبیک,3439,3416,62.5,0.0,35199640797.666664
V1,L2,2022-09-28,کاسپین,فاراک,3534,3487,71.63461538461539,75.0,45772207717.96667
V1,L2,2022-09-28,هجرت,شپارس,3513,3457,12.01923076923077,0.0,5799733242.8
V1,L2,2022-09-28,سفانو,شپدیس,3430,3458,87.5,0.0,202472979775.0
V1,L2,2022-09-28,بگیلان,غگل,3364,3483,72.59615384615384,-53.36538461538461,51869241213.63333
V1,L2,2022-10-31,دجابر,ساربیل,3610,3632,34.44976076555024,0.0,8524655853.0
V1,L2,2022-10-31,دارو,سآبیک,3602,3631,64.5933014354067,0.0,27470587307.666668
V1,L2,2022-10-31,هجرت,غشصفا,3725,3687,21.5311004784689,-45.45454545454545,6965549874.666666
V1,L2,2022-10-31,قصفها,فاراک,3720,3701,71.29186602870813,-45.45454545454545,36130439582.566666
V1,L2,2022-10-31,داسوه,بپیوند,3603,3573,22.48803827751196,-9.330143540669855,7847644711.666666
V1,L2,2022-10-31,بگیلان,قاسم,3575,3717,42.10526315789473,0.0,12553619710.066666
V1,L2,2022-10-31,سرود,شپدیس,3640,3672,85.16746411483254,0.0,118621490524.0
V1,L2,2022-10-31,پرداخت,کخاک,3739,3752,11.004784688995217,-36.124401913875595,2931215667.0
V1,L2,2022-10-31,دابور,فولاد,3601,3712,91.86602870813397,6.4593301435406705,307432273388.1666
V1,L2,2022-11-30,هجرت,خراسان,3937,3804,49.28909952606635,-55.21327014218009,24727540552.666668
V1,L2,2022-11-30,قصفها,دابور,3932,3813,24.644549763033176,-65.16587677725117,10154189416.0
V1,L2,2022-11-30,دفرا,سمازن,3829,3860,26.066350710900476,44.312796208530806,11094158602.0
V1,L2,2022-11-30,سبجنو,کالا,3848,3961,92.41706161137441,0.0,339367164216.0
V1,L2,2022-12-31,هجرت,خبهمن,4152,4016,83.80952380952381,-54.285714285714285,259744468874.46664
V1,L2,2022-12-31,قصفها,دعبید,4147,4040,28.57142857142857,-67.14285714285714,18590602486.0
V1,L2,2022-12-31,دارو,نوری,4028,4151,84.28571428571429,0.0,271815079863.6667
V1,L2,2022-12-31,کاسپین,بوعلی,4173,3998,87.61904761904762,-70.0,202542209347.33334
V1,L2,2022-12-31,سبجنو,خراسان,4060,4018,69.52380952380953,-58.09523809523809,59170917817.666664
V1,L2,2023-01-31,سهرمز,شغدیر,4284,4302,67.33668341708542,-41.959798994974875,106340803703.66666
V1,L2,2023-01-31,دفرا,زشگزا,4252,4260,69.34673366834171,51.507537688442206,109560963379.33334
V1,L2,2023-01-31,قصفها,شسپا,4350,4301,43.71859296482412,-41.959798994974875,53232255679.46666
V1,L2,2023-01-31,سبجنو,شرانل,4270,4299,15.577889447236181,0.0,18957807500.333336
V1,L2,2023-02-28,سغرب,بشهاب,4483,4408,34.95145631067961,-70.63106796116504,29329433579.333332
V1,L2,2023-02-28,غشصفا,شسپا,4526,4505,61.65048543689321,10.679611650485437,80557916218.5
V1,L2,2023-02-28,سهرمز,داسوه,4488,4442,48.05825242718447,65.29126213592234,47656050654.0
V1,L2,2023-02-28,قرن,شمواد,4558,4508,27.669902912621357,4.126213592233009,22413541188.666668
V1,L2,2023-03-29,سغرب,پاسا,4695,4789,32.55813953488372,-66.27906976744187,29745554634.666668
V1,L2,2023-03-29,دفرا,قرن,4667,4772,28.37209302325581,-30.465116279069765,28715454230.0
V1,L2,2023-04-30,سهگمت,سصوفی,4915,4908,38.83495145631068,0.0,78929318632.0
V1,L2,2023-04-30,دسینا,بوعلی,4881,4840,84.95145631067962,60.922330097087375,421263608863.6666
V1,L2,2023-04-30,سغرب,شبهرن,4909,4927,44.1747572815534,0.0,88443873032.66667
V1,L2,2023-04-30,سکرما,شپارس,4919,4936,13.106796116504855,12.37864077669903,31373179006.000004
V1,L2,2023-05-31,سهگمت,غشان,5120,5158,14.423076923076922,-10.386473429951689,29779882354.333336
V1,L2,2023-05-31,شمواد,شپارس,5140,5142,3.365384615384616,42.512077294685994,4726617928.666664
V1,L2,2023-05-31,سغرب,بهپاک,5114,5047,61.057692307692314,-20.772946859903378,151348061366.66666
V1,L2,2023-05-31,سکرما,تپسی,5124,5055,35.57692307692308,-28.743961352657,85470031765.66667
V1,L2,2023-06-28,ساربیل,بهپاک,5315,5256,46.85990338164252,39.85507246376812,55142012592.333336
V1,L2,2023-06-28,غشاذر,سآبیک,5369,5314,42.028985507246375,28.502415458937197,47990716098.66667
V1,L2,2023-06-28,سغرب,سشمال,5327,5325,3.864734299516907,-16.425120772946862,2007915797.666668
V1,L2,2023-06-28,دسینا,شبهرن,5297,5344,40.09661835748793,44.20289855072464,48583957982.33333
V1,L2,2023-06-28,سکرما,شیراز,5336,5361,74.3961352657005,0.0,153493863357.0
V1,L2,2023-07-31,غشاذر,هجرت,5578,5620,31.455399061032864,50.46948356807513,22113322947.0
V1,L2,2023-07-31,دفرا,دکپسول,5509,5512,13.145539906103284,50.46948356807513,13095196268.333334
V1,L2,2023-08-30,دفرا,قصفها,5725,5831,28.169014084507044,39.201877934272304,16667678549.0
V1,L2,2023-08-30,دسینا,پخش,5723,5849,22.065727699530516,58.92018779342724,10857839952.666666
V1,L2,2023-09-30,دجابر,دسینا,5934,5939,8.181818181818182,0.0,3202674667.333334
V1,L2,2023-09-30,دفرا,پاکشو,5941,6068,41.36363636363637,-16.894977168949772,23407186756.333332
V1,L2,2023-09-30,سغرب,فاراک,5970,6031,77.72727272727273,0.0,80452213053.73334
V1,L2,2023-09-30,سبجنو,پتایر,5962,6069,60.9090909090909,-48.401826484018265,39775391324.1
V1,L2,2023-09-30,سشمال,تلیسه,5968,5903,69.54545454545455,-28.99543378995434,52698373224.6
V1,L2,2023-10-31,دلقما,سصوفی,6165,6191,12.616822429906543,-40.887850467289724,6491506683.633332
V1,L2,2023-10-31,غشاذر,کماسه,6235,6312,89.7196261682243,35.04672897196262,163489427470.7
V1,L2,2023-10-31,غمهرا,کالا,6240,6298,91.1214953271028,40.887850467289724,161224448545.3333
V1,L2,2023-10-31,سبجنو,شکربن,6183,6224,59.81308411214954,0.0,36487239689.03333
V1,L2,2023-10-31,دسینا,زکشت,6161,6177,38.78504672897196,0.0,20202649776.0
V1,L2,2023-10-31,دارو,شرانل,6150,6212,19.62616822429906,0.0,9462675750.666668
V1,L2,2023-11-29,دجابر,غشاذر,6374,6454,6.912442396313363,19.12442396313364,3042883929.666667
V1,L2,2023-11-29,دسینا,هجرت,6379,6495,28.57142857142857,0.0,14469011232.666668
V1,L2,2023-11-29,شپارس,غشان,6438,6455,23.041474654377883,0.0,12206091897.666664
V1,L2,2023-12-31,دجابر,پیزد,6591,6727,32.407407407407405,-66.43518518518519,23285619030.933334
V1,L2,2023-12-31,دسینا,سشرق,6596,6625,39.81481481481482,-53.00925925925925,29038540525.666668
V1,L2,2023-12-31,سهرمز,هجرت,6633,6711,11.574074074074074,0.0,7282001972.333334
V1,L2,2023-12-31,سفانو,غشاذر,6629,6670,15.277777777777779,0.0,11173311343.666668
V1,L2,2023-12-31,شپارس,قرن,6654,6704,17.59259259259259,-60.879629629629626,11692952047.666668
V1,L2,2024-01-31,پاسا,خموتور,6937,6796,45.07042253521127,-35.91549295774648,26987728621.23333
V1,L2,2024-01-31,سبجنو,تپمپی,6838,6780,27.699530516431924,0.0,19004455912.0
V1,L2,2024-01-31,شپارس,شگل,6870,6876,17.370892018779344,50.93896713615024,11169442713.666666
V1,L2,2024-02-28,سپیدار,تلیسه,7069,6995,84.05797101449275,0.0,104576386202.36667
V1,L2,2024-02-28,سکرد,سفانو,7070,7062,7.246376811594201,50.0,3550932159.0
V1,L2,2024-02-28,پاکشو,خزامیا,7150,7009,86.47342995169083,-58.21256038647342,269815611543.8333
V1,L2,2024-02-28,کاسپین,فاراک,7160,7116,76.32850241545893,-53.623188405797094,60041314361.53333
V1,L2,2024-03-30,سکرد,خزامیا,7282,7219,92.76018099547511,-54.29864253393666,301105532667.13336
V1,L2,2024-03-30,سبجنو,کحافظ,7264,7384,28.054298642533936,8.144796380090497,13455531556.066666
V1,L2,2024-03-30,غمهرا,کمنگنز,7323,7397,17.64705882352941,-9.728506787330316,5451273924.666666
V1,L2,2024-03-30,پاکشو,فاراک,7368,7332,76.92307692307693,-39.14027149321267,91754630436.06667
V1,L2,2024-04-30,سغرب,کالا,7491,7599,88.78504672897198,0.0,132164093854.33333
V1,L2,2024-04-30,سبجنو,چدن,7482,7595,52.80373831775701,44.1588785046729,27176156341.4
V1,L2,2024-04-30,دجابر,خزامیا,7457,7441,89.71962616822431,-9.345794392523366,398563894443.1667
V1,L2,2024-04-30,سهگمت,زفکا,7497,7474,28.504672897196258,-25.233644859813086,11303674575.666668
V1,L2,2024-05-29,ساربیل,کلوند,7694,7825,30.805687203791464,-50.23696682464455,10762637663.833332
V1,L2,2024-05-29,سمازن,شاملا,7708,7718,55.92417061611374,-9.478672985781994,26320263439.0
V1,L2,2024-05-29,سکرد,کالا,7714,7811,84.83412322274881,0.0,88914321076.33334
V1,L2,2024-05-29,پرداخت,غنوش,7801,7756,63.507109004739334,31.042654028436022,41396544105.0
V1,L2,2024-05-29,سبجنو,انرژی,7697,7627,83.88625592417061,81.75355450236967,79195910650.33333
V1,L2,2024-05-29,سغرب,فاراک,7705,7765,90.521327014218,45.497630331753555,117421494109.6
V1,L2,2024-06-30,ساربیل,خنصیر,7905,7872,61.274509803921575,0.0,21605859190.666668
V1,L2,2024-06-30,سبجنو,دکپسول,7908,7894,38.235294117647065,-14.215686274509803,10969621927.333334
V1,L2,2024-06-30,پرداخت,انرژی,8011,7842,83.33333333333334,31.372549019607842,54963982016.666664
V1,L2,2024-06-30,سکرد,تلیسه,7926,7854,46.56862745098039,-31.372549019607842,14884140596.366667
V1,L2,2024-06-30,قلرست,غنوش,7994,7965,67.15686274509804,61.76470588235294,26586429644.0
V1,L2,2024-06-30,کاسپین,شدوص,8019,7936,60.78431372549019,0.0,25184257665.166668
V1,L2,2024-07-31,ساربیل,کاما,8115,8232,83.88625592417061,-56.398104265402836,101312628168.43333
V1,L2,2024-07-31,دلقما,دجابر,8099,8090,6.161137440758294,34.834123222748815,2074663042.4
V1,L2,2024-07-31,پرداخت,قصفها,8221,8203,46.44549763033176,-56.398104265402836,17317644835.8
V1,L2,2024-07-31,فایرا,دسینا,8184,8095,7.5829383886255926,21.563981042654024,2175592673.333333
V1,L2,2024-08-31,فبیرا,خودرو,8401,8292,93.08755760368663,69.81566820276498,241345575502.73334
V1,L2,2024-10-30,قنیشا,غمهرا,8845,8811,9.25925925925926,-32.63888888888889,2481106419.7333336
V1,L2,2024-10-30,غمایه,شاوان,8810,8777,64.81481481481481,0.0,31665113046.333332
V1,L2,2024-10-30,دقاضی,زفکا,8737,8748,54.166666666666664,26.851851851851848,22678776259.6
V1,L2,2024-11-30,زگلدشت,سپیدار,8970,8991,62.10045662100456,56.849315068493155,51864067201.6
V1,L2,2024-11-30,کاذر,غمهرا,9090,9031,10.95890410958904,0.0,4070899420.033333
V1,L2,2024-12-31,فایرا,دکپسول,9260,9179,13.145539906103288,0.0,11345383202.666668
V1,L2,2025-01-29,غاذر,شیران,9454,9452,74.05660377358491,11.556603773584905,156589648652.63333
V1,L2,2025-01-29,سباقر,شکربن,9409,9448,,,
V1,L2,2025-01-29,نوری,دکپسول,9500,9392,44.575471698113205,67.9245283018868,54291404480.0
V1,L2,2025-01-29,پرداخت,هجرت,9513,9501,69.81132075471697,0.0,122300432355.66667
V1,L2,2025-02-26,سباقر,دقاضی,9626,9608,,,
V1,L2,2025-04-30,قنیشا,شاملا,10151,10079,51.36363636363635,23.18181818181818,43057616034.96666
V1,L2,2025-04-30,سپیدار,شرانل,10074,10087,23.181818181818183,80.22727272727272,14322934523.666666
V1,L2,2025-04-30,بپیوند,رانفور,9995,10041,40.45454545454545,-31.36363636363636,32664953995.0
V1,L2,2025-04-30,بمپنا,فباهنر,9991,10131,86.36363636363636,69.54545454545455,422744994824.76666
V1,L2,2025-04-30,دلقما,قرن,10039,10147,49.54545454545455,31.36363636363636,47267100322.83333
V1,L2,2025-05-31,دلقما,سشمال,10261,10288,46.261682242990645,-10.280373831775702,66644028033.23334
V1,L2,2025-06-30,دزهراوی,زکشت,10471,10490,43.18181818181818,7.954545454545454,28636199881.066666
V1,L2,2025-06-30,پرداخت,خموتور,10604,10455,66.36363636363637,-56.81818181818181,62748085584.76667
V1,L2,2025-06-30,غشصفا,آریا,10552,10421,58.63636363636363,-10.681818181818182,51248509642.333336
V1,L2,2025-06-30,دفرا,ثبهساز,10475,10441,65.0,0.0,57441680837.5
V1,L2,2025-07-30,دزهراوی,انرژی,10690,10645,65.85365853658536,3.902439024390244,49205254185.200005
V1,L2,2025-07-30,بپیوند,کطبس,10653,10832,3.414634146341464,16.09756097560976,2066123620.666666
V1,L2,2025-07-30,ددانا,دکپسول,10687,10697,32.6829268292683,-37.80487804878049,14691188097.666668
V1,L2,2025-08-31,دزهراوی,افق,10898,10850,73.42342342342343,42.79279279279279,81241685121.96667
V1,L2,2025-08-31,پرداخت,سکرد,11033,10941,42.792792792792795,0.0,19994957682.0
V1,L2,2025-08-31,غشان,پیزد,10976,11036,20.27027027027027,-36.48648648648649,9897006661.766666
V1,L2,2025-08-31,کاسپین,شرانل,11042,10953,62.16216216216216,60.58558558558559,39691745593.666664
V1,L2,2025-08-31,ددانا,کالا,10895,11043,88.73873873873875,-74.09909909909909,254031068696.7
V1,L2,2025-08-31,شگل,سشمال,10965,10930,30.180180180180184,0.0,13785945058.000002
V1,L2,2025-08-31,فگستر,دبالک,11009,10891,6.756756756756757,-6.756756756756754,3324974411.633333
V1,L2,2025-09-30,دزهراوی,دکپسول,11123,11129,44.843049327354265,19.506726457399104,21715343167.766666
V1,L2,2025-09-30,بپیوند,سآبیک,11083,11142,71.74887892376681,35.2017937219731,73616950692.33333
V1,L2,2025-09-30,غشان,غدیس,11200,11198,38.56502242152467,-35.2017937219731,17540408755.033333
V1,L2,2025-09-30,قلرست,افق,11237,11073,72.6457399103139,-35.2017937219731,74359202622.0
V1,L2,2025-09-30,کپرور,سبجنو,11287,11147,58.29596412556054,0.0,35835063893.0
V1,L2,2025-09-30,شگل,دفرا,11188,11126,10.762331838565023,0.0,6013412594.433334
V1,L2,2025-10-29,غدام,سیستم,11425,11394,65.04424778761062,64.44444444444444,75180318437.33333
V1,L2,2025-10-29,کپرور,سکرد,11514,11392,11.946902654867255,-56.888888888888886,10992899871.666668
V1,L2,2025-10-29,شگل,کمنگنز,11417,11510,12.389380530973451,0.0,10773106196.166668
V1,L2,2025-10-29,چکارن,انرژی,11490,11299,81.41592920353983,49.77777777777778,178488324075.8
V1,L2,2025-10-29,قلرست,شبریز,11465,11398,90.2654867256637,0.0,352886681680.0
V1,L2,2025-11-30,غدام,قصفها,11649,11689,20.444444444444443,63.61607142857143,19128363995.0
V1,L2,2025-11-30,کطبس,کیمیا,11731,11745,15.999999999999998,0.0,11244276883.633335
V1,L2,2025-11-30,چکارن,غمهرا,11715,11657,18.666666666666664,-42.857142857142854,17605022857.1
V1,L2,2025-11-30,بپیوند,شپارس,11535,11634,37.77777777777778,-65.40178571428571,37033276774.899994
V1,L2,2025-11-30,فگستر,دفرا,11685,11577,19.11111111111111,-36.83035714285714,16563103409.033333
V1,L2,2025-11-30,شگل,شپدیس,11640,11635,86.22222222222223,-52.45535714285714,709371610630.9
V1,L2,2025-11-30,کپرور,شکام,11740,11638,77.33333333333334,-54.01785714285714,131724722463.03333
V1,L2,2025-12-31,چکارن,قصفها,11940,11916,18.83408071748879,0.0,22552155801.233334
V1,L2,2025-12-31,غدام,زقیام,11877,11817,21.973094170403584,65.91928251121077,30345974283.56667
V1,L2,2025-12-31,کطبس,پیزد,11956,11937,11.210762331838566,0.0,10682141961.133335
V1,L2,2025-12-31,قنیشا,فایرا,11918,11896,81.61434977578476,49.10313901345291,391567241970.5
V1,L2,2025-12-31,بپیوند,سقاین,11760,11837,57.84753363228698,0.0,102788729869.0
V1,L2,2026-01-31,چکارن,غویتا,12161,12112,24.31192660550459,0.0,38657292962.16667
V1,L2,2026-01-31,غدام,زکشت,12101,12043,35.77981651376147,0.0,61681049053.0
V1,L2,2026-01-31,قنیشا,سهرمز,12139,12064,56.88073394495413,-11.926605504587155,149010561211.53336
V1,L2,2026-05-31,غاذر,شبهرن,12304,12287,82.75862068965517,67.48768472906403,119219111280.66667
V1,L2,2026-05-31,غبشهر,ساروم,12306,12258,88.17733990147784,44.58128078817734,129991253708.53333
V1,L2,2026-05-31,دزهراوی,غنوش,12237,12317,23.15270935960591,-44.58128078817734,5985871247.233333
V1,L2,2026-05-31,داسوه,قلرست,12227,12345,21.182266009852217,56.15763546798029,5673536062.333333
V1,L2,2026-05-31,چکارن,فایرا,12366,12326,61.57635467980296,0.0,33635503814.366665
V1,L2,2026-06-30,غبشهر,ساروم,12512,12461,81.73076923076923,-28.60576923076923,523659517226.86664
V1,L2,2026-06-30,داسوه,آردینه,12430,12395,57.21153846153846,49.75961538461539,188159765736.0
V1,L3,2021-05-31,بهپاک,خبهمن,332,345,78.65168539325843,-3.4090909090909087,289752716901.0333
V1,L3,2021-06-30,کاسپین,رمپنا,497,447,70.58823529411764,72.02380952380952,121263944290.0
V1,L3,2021-06-30,ساربیل,دبالک,451,438,7.0588235294117645,72.02380952380952,11116433437.333334
V1,L3,2021-08-31,شسپا,رانفور,759,716,60.0,86.41025641025641,105518510729.13333
V1,L3,2021-08-31,کحافظ,سصوفی,838,738,52.307692307692314,84.87179487179488,71774840414.33333
V1,L3,2021-09-29,بمپنا,دسینا,868,911,-0.5025125628140704,33.41708542713568,-446345493.16666794
V1,L3,2021-10-31,سیستم,ساروم,1149,1127,50.24875621890548,70.39800995024875,43000859102.0
V1,L3,2021-11-30,شمواد,پاکشو,1370,1435,80.0,36.09756097560975,102015439916.33333
V1,L3,2021-11-30,سیستم,آریا,1356,1267,78.53658536585367,68.29268292682926,170480083638.63333
V1,L3,2021-12-29,شمواد,کمنگنز,1578,1673,25.853658536585368,69.26829268292683,11641525381.366667
V1,L3,2022-01-31,دلقما,پکویر,1734,1854,5.0,69.84924623115577,1827112506.6999998
V1,L3,2022-01-31,دفرا,خراسان,1733,1711,80.0,35.175879396984925,61327267943.666664
V1,L3,2022-02-28,دفرا,بهپاک,1937,1897,55.55555555555556,65.0485436893204,21724070620.333332
V1,L3,2022-05-31,سکرما,حتاید,2595,2534,41.20603015075376,80.15075376884423,48879232923.33333
V1,L3,2022-06-29,پاسا,فگستر,2884,2866,24.271844660194176,25.24271844660194,15402203224.000002
V1,L3,2022-07-31,دارو,سفانو,2963,3005,24.038461538461537,62.980769230769226,10082902706.666666
V1,L3,2022-07-31,داسوه,شرانل,2964,3024,56.730769230769226,61.29807692307692,33336848555.333332
V1,L3,2022-09-28,کاسپین,زفکا,3534,3411,31.730769230769234,75.0,9670387782.333332
V1,L3,2022-10-31,کاسپین,سبجنو,3747,3635,-9.090909090909092,63.1578947368421,-3030205263.3333335
V1,L3,2022-10-31,دابور,ساربیل,3601,3632,32.535885167464116,64.35406698564593,7997421870.333333
V1,L3,2023-02-28,سهرمز,بشهاب,4488,4408,35.43689320388349,-5.339805825242718,29685336409.333332
V1,L3,2023-02-28,قرن,شسپا,4558,4505,62.62135922330098,26.941747572815533,81345969927.5
V1,L3,2023-03-29,دسینا,پاسا,4665,4789,27.906976744186046,5.813953488372093,25814169959.666668
V1,L3,2023-06-28,ساربیل,بهپاک,5315,5256,46.85990338164252,39.85507246376812,55142012592.333336
V1,L3,2023-06-28,غشاذر,سآبیک,5369,5314,42.028985507246375,28.502415458937197,47990716098.66667
V1,L3,2023-07-31,غشاذر,هجرت,5578,5620,31.455399061032864,50.46948356807513,22113322947.0
V1,L3,2023-07-31,دفرا,دکپسول,5509,5512,13.145539906103284,50.46948356807513,13095196268.333334
V1,L3,2023-08-30,ساربیل,قصفها,5743,5831,13.615023474178406,49.06103286384977,5694678827.666666
V1,L3,2023-08-30,غکورش,پخش,5805,5849,18.309859154929576,82.86384976525822,7953514713.333334
V1,L3,2023-08-30,دفرا,هجرت,5725,5836,44.60093896713615,73.00469483568075,27561878321.0
V1,L3,2023-11-29,دجابر,غشاذر,6374,6454,6.912442396313363,19.12442396313364,3042883929.666667
V1,L3,2024-03-30,سبجنو,خزامیا,7264,7219,95.02262443438914,21.71945701357466,304465724879.13336
V1,L3,2024-04-30,سبجنو,کالا,7482,7599,87.38317757009347,77.10280373831776,131380234475.66667
V1,L3,2024-05-29,سبجنو,کلوند,7697,7825,35.07109004739336,0.47393364928909937,12227532452.833332
V1,L3,2024-08-31,شگل,خودرو,8371,8292,84.7926267281106,58.986175115207374,239043842061.56668
V1,L3,2024-08-31,فبیرا,زگلدشت,8401,8326,7.834101382488479,44.70046082949309,2191252777.766667
V1,L3,2024-09-30,فایرا,بگیلان,8608,8488,10.784313725490197,68.13725490196079,3747374181.333333
V1,L3,2024-10-30,فایرا,غمهرا,8823,8811,6.481481481481481,45.83333333333333,1791513772.333334
V1,L3,2024-11-30,زگلدشت,سپیدار,8970,8991,62.10045662100456,56.849315068493155,51864067201.6
V1,L3,2024-12-31,زگلدشت,دکپسول,9191,9179,6.572769953051642,57.27699530516431,6528355278.366669
V1,L3,2025-01-29,غاذر,شیران,9454,9452,74.05660377358491,11.556603773584905,156589648652.63333
V1,L3,2025-01-29,سباقر,شکربن,9409,9448,,,
V1,L3,2025-01-29,نوری,دکپسول,9500,9392,44.575471698113205,67.9245283018868,54291404480.0
V1,L3,2025-01-29,قنیشا,هجرت,9498,9501,63.67924528301887,59.19811320754717,115367264875.73334
V1,L3,2025-02-26,سباقر,دقاضی,9626,9608,,,
V1,L3,2025-03-30,سباقر,دزهراوی,9838,9815,-61.92660550458715,,-61485377660.333336
V1,L3,2025-04-30,سپیدار,شاملا,10074,10079,50.90909090909091,80.22727272727272,42743125921.0
V1,L3,2025-04-30,بمپنا,ددانا,9991,10031,0.9090909090909094,24.545454545454543,98950832.43333244
V1,L3,2025-06-30,دزهراوی,ددانا,10471,10468,3.6363636363636362,38.40909090909091,4738101058.066667
V1,L3,2025-07-30,دزهراوی,انرژی,10690,10645,65.85365853658536,3.902439024390244,49205254185.200005
V1,L3,2025-08-31,دزهراوی,افق,10898,10850,73.42342342342343,42.79279279279279,81241685121.96667
V1,L3,2025-08-31,کاسپین,سکرد,11042,10941,43.693693693693696,84.68468468468468,20719868008.0
V1,L3,2025-10-29,غدام,سیستم,11425,11394,65.04424778761062,64.44444444444444,75180318437.33333
V1,L3,2025-10-29,غویتا,کمنگنز,11436,11510,6.637168141592921,62.66666666666667,5830119678.400002
V1,L3,2025-11-30,غدام,قصفها,11649,11689,20.444444444444443,63.61607142857143,19128363995.0
V1,L3,2025-12-31,غدام,فگستر,11877,11912,-3.1390134529147984,65.91928251121077,-4525254131.733334
V1,L3,2026-05-31,غاذر,شبهرن,12304,12287,82.75862068965517,67.48768472906403,119219111280.66667
V1,L3,2026-05-31,غپینو,ساروم,12320,12258,76.84729064039409,56.15763546798029,127349114454.26666
V1,L3,2026-05-31,داسوه,غنوش,12227,12317,24.137931034482758,11.576354679802957,6093741340.666666
V1,L4,2021-03-31,پرداخت,فولای,227,215,12.658227848101264,0.0,17989695153.233334
V1,L4,2021-04-28,کاسپین,شوینده,315,288,14.634146341463417,-22.5609756097561,7747312574.533333
V1,L4,2021-04-28,پخش,خبهمن,310,257,53.65853658536586,-79.26829268292683,92084657567.03333
V1,L4,2021-04-28,دبالک,حکشتی,260,256,85.36585365853658,59.75609756097562,242109640544.23334
V1,L4,2021-04-28,سکرما,ثبهساز,281,251,36.58536585365854,3.6585365853658542,39869193985.33333
V1,L4,2021-05-31,کاسپین,خبهمن,407,345,80.89887640449437,-12.499999999999998,290028901672.26666
V1,L4,2021-05-31,کالا,شوینده,408,378,13.483146067415733,-46.59090909090909,8088414655.0
V1,L4,2021-05-31,دبالک,حکشتی,348,344,80.89887640449437,46.59090909090909,144537995310.8
V1,L4,2021-05-31,ساربیل,سپیدار,359,370,19.10112359550562,30.681818181818187,11820232665.199999
V1,L4,2021-05-31,بهپاک,دزهراوی,332,352,21.34831460674157,47.159090909090914,10905751324.233334
V1,L4,2021-05-31,سکرما,شپلی,371,380,40.449438202247194,-4.545454545454547,44038060017.066666
V1,L4,2021-06-30,سکرما,رمپنا,463,447,72.94117647058823,26.785714285714292,125301398071.66667
V1,L4,2021-06-30,ساربیل,دبالک,451,438,7.0588235294117645,72.02380952380952,11116433437.333334
V1,L4,2021-11-30,شمواد,پاکشو,1370,1435,80.0,36.09756097560975,102015439916.33333
V1,L4,2021-12-29,شمواد,کمنگنز,1578,1673,25.853658536585368,69.26829268292683,11641525381.366667
V1,L4,2022-01-31,دفرا,پکویر,1733,1854,10.0,66.58291457286433,4960644473.633333
V1,L4,2022-02-28,سهرمز,بهپاک,1969,1897,52.17391304347827,51.69902912621359,19701219026.333332
V1,L4,2022-02-28,دفرا,کرماشا,1937,2074,61.83574879227053,13.349514563106796,28606403502.0
V1,L4,2022-03-30,سهگمت,شپدیس,2181,2204,91.42857142857143,-56.42857142857143,219509276655.66666
V1,L4,2022-08-31,دارو,بپیوند,3175,3147,37.558685446009385,-11.502347417840376,14702032266.999998
V1,L4,2022-08-31,داسوه,کیمیاتک,3176,3349,29.577464788732392,-34.50704225352113,11513575209.666666
V1,L4,2022-09-28,دارو,زفکا,3388,3411,38.46153846153847,23.076923076923073,14460089390.666666
V1,L4,2022-09-28,داسوه,زکشت,3389,3414,87.98076923076923,0.0,87906379412.33334
V1,L4,2022-09-28,هجرت,سآبیک,3513,3416,66.34615384615384,0.0,37546804158.33333
V1,L4,2022-10-31,هجرت,ساربیل,3725,3632,38.75598086124402,0.0,10737661638.666666
V1,L4,2022-10-31,داسوه,سآبیک,3603,3631,68.89952153110048,36.124401913875595,30493118131.0
V1,L4,2023-08-30,دفرا,قصفها,5725,5831,28.169014084507044,39.201877934272304,16667678549.0
V1,L4,2023-09-30,دفرا,دسینا,5941,5939,11.818181818181818,-26.48401826484018,6494116938.333333
V1,L4,2023-09-30,سغرب,پاکشو,5970,6068,42.727272727272734,-38.81278538812785,24814951509.666668
V1,L4,2023-09-30,سشمال,فاراک,5968,6031,76.81818181818181,0.0,79328003195.73334
V1,L4,2023-10-31,غشاذر,سصوفی,6235,6191,16.822429906542055,-5.8411214953271005,7455532490.999999
V1,L4,2023-10-31,غمهرا,کماسه,6240,6312,91.58878504672897,40.887850467289724,165345209356.03333
V1,L4,2023-10-31,سبجنو,کالا,6183,6298,90.65420560747664,0.0,160537372529.66666
V1,L4,2023-10-31,دسینا,شکربن,6161,6224,63.55140186915889,0.0,39068572445.36667
V1,L4,2023-11-29,دجابر,غشاذر,6374,6454,6.912442396313363,19.12442396313364,3042883929.666667
V1,L4,2023-11-29,دسینا,هجرت,6379,6495,28.57142857142857,0.0,14469011232.666668
V1,L4,2023-11-29,شپارس,غشان,6438,6455,23.041474654377883,0.0,12206091897.666664
V1,L4,2023-12-31,دسینا,پیزد,6596,6727,37.5,-66.43518518518519,28266128302.933334
V1,L4,2023-12-31,سفانو,سشرق,6629,6625,38.425925925925924,-53.00925925925925,26944706325.666668
V1,L4,2023-12-31,شپارس,هجرت,6654,6711,15.277777777777779,0.0,10487923032.333336
V1,L4,2024-01-31,پاسا,خموتور,6937,6796,45.07042253521127,-35.91549295774648,26987728621.23333
V1,L4,2024-01-31,سبجنو,تپمپی,6838,6780,27.699530516431924,0.0,19004455912.0
V1,L4,2024-02-28,سپیدار,تلیسه,7069,6995,84.05797101449275,0.0,104576386202.36667
V1,L4,2024-02-28,سکرد,سفانو,7070,7062,7.246376811594201,50.0,3550932159.0
V1,L4,2024-02-28,کاسپین,خزامیا,7160,7009,93.23671497584542,-58.21256038647342,273363879992.49997
V1,L4,2024-03-30,سکرد,خزامیا,7282,7219,92.76018099547511,-54.29864253393666,301105532667.13336
V1,L4,2024-03-30,سبجنو,فگستر,7264,7348,6.787330316742082,30.090497737556564,6682974948.233334
V1,L4,2024-04-30,سغرب,کالا,7491,7599,88.78504672897198,0.0,132164093854.33333
V1,L4,2024-04-30,سبجنو,چدن,7482,7595,52.80373831775701,44.1588785046729,27176156341.4
V1,L4,2024-05-29,ساربیل,کلوند,7694,7825,30.805687203791464,-50.23696682464455,10762637663.833332
V1,L4,2024-05-29,سمازن,شاملا,7708,7718,55.92417061611374,-9.478672985781994,26320263439.0
V1,L4,2024-05-29,سکرد,کالا,7714,7811,84.83412322274881,0.0,88914321076.33334
V1,L4,2024-05-29,پرداخت,غنوش,7801,7756,63.507109004739334,31.042654028436022,41396544105.0
V1,L4,2024-05-29,سبجنو,انرژی,7697,7627,83.88625592417061,81.75355450236967,79195910650.33333
V1,L4,2024-05-29,سغرب,فاراک,7705,7765,90.521327014218,45.497630331753555,117421494109.6
V1,L4,2024-06-30,غمینو,خنصیر,7964,7872,41.17647058823529,31.372549019607842,17061716416.066668
V1,L4,2024-06-30,ساربیل,دکپسول,7905,7894,38.72549019607843,-61.76470588235294,11168051457.333334
V1,L4,2024-06-30,سمازن,انرژی,7920,7842,69.11764705882352,0.0,51523978740.666664
V1,L4,2024-06-30,دلقما,تلیسه,7893,7854,38.23529411764706,-31.372549019607842,12953721434.966667
V1,L4,2024-06-30,بمپنا,غنوش,7846,7965,53.92156862745098,47.549019607843135,23674845198.0
V1,L4,2024-06-30,دبالک,شدوص,7881,7936,52.45098039215685,0.0,23476958541.166668
V1,L4,2024-06-30,ساروم,شکربن,7906,7946,58.33333333333333,31.372549019607842,39679471264.33333
V1,L4,2024-06-30,سبجنو,خموتور,7908,7871,29.411764705882355,-23.03921568627451,7729919086.733334
V1,L4,2024-06-30,پرداخت,نوری,8011,7997,91.66666666666666,-16.176470588235293,161545985834.66666
V1,L4,2024-06-30,سکرد,زشگزا,7926,7900,50.980392156862756,0.0,17048652277.999998
V1,L4,2024-06-30,قلرست,کالا,7994,8020,86.27450980392156,61.76470588235294,90254056153.0
V1,L4,2024-06-30,شگل,چدن,7947,8015,28.921568627450984,61.76470588235294,7986785237.6
V1,L4,2024-06-30,کاسپین,فملی,8019,7983,89.70588235294117,47.549019607843135,390752160336.6667
V1,L4,2024-06-30,سهگمت,ارفع,7923,7840,63.725490196078425,0.0,39084620339.33333
V1,L4,2024-07-31,ساربیل,کاما,8115,8232,83.88625592417061,-56.398104265402836,101312628168.43333
V1,L4,2024-07-31,بمپنا,قصفها,8053,8203,39.33649289099527,-56.398104265402836,15633739444.333332
V1,L4,2024-07-31,دلقما,شاوان,8099,8141,81.51658767772511,-34.59715639810426,67590850608.4
V1,L4,2024-07-31,پرداخت,غبشهر,8221,8164,47.86729857819905,0.0,18274626683.7
V1,L4,2024-07-31,فایرا,تلیسه,8184,8062,34.59715639810427,40.284360189573455,9469175792.766666
V1,L4,2024-07-31,سبجنو,سهگمت,8118,8133,10.42654028436019,0.0,1735211944.333334
V1,L4,2024-07-31,کاسپین,شکربن,8230,8158,64.45497630331754,-21.563981042654024,62955894867.666664
V1,L4,2024-07-31,زگلدشت,زفکا,8113,8109,38.38862559241706,-54.73933649289099,13926637310.533333
V1,L4,2024-08-31,غمینو,خودرو,8388,8292,77.88018433179724,-11.751152073732719,237758652088.23334
V1,L4,2024-08-31,ساربیل,خموتور,8328,8290,51.15207373271888,-20.04608294930876,18886854286.833332
V1,L4,2024-08-31,دبالک,سهگمت,8301,8344,9.677419354838706,-14.28571428571428,2311400508.666667
V1,L4,2024-08-31,بمپنا,سغرب,8265,8340,27.188940092165904,0.0,9094723907.0
V1,L4,2024-08-31,پرداخت,غبشهر,8438,8377,39.17050691244239,-14.28571428571428,14533680800.666668
V1,L4,2024-08-31,شگل,انرژی,8371,8261,76.49769585253456,33.87096774193549,68058850947.26667
V1,L4,2024-08-31,کاسپین,بهپاک,8447,8266,46.543778801843324,0.0,22273290212.8
V1,L4,2024-08-31,دکپسول,شاوان,8313,8352,55.299539170506904,-51.15207373271888,31741635010.666668
V1,L4,2024-08-31,سبجنو,نوری,8331,8423,83.87096774193549,-36.86635944700461,216536675647.33334
V1,L4,2024-08-31,فبیرا,شبصیر,8401,8354,63.59447004608294,61.52073732718893,24633099098.766666
V1,L4,2024-09-30,ساربیل,بگیلان,8542,8488,0.9803921568627444,0.0,366144217.33333397
V1,L4,2024-09-30,دبالک,فاراک,8515,8607,62.745098039215684,-19.6078431372549,54248485411.666664
V1,L4,2024-09-30,پرداخت,خموتور,8644,8504,29.411764705882348,0.0,11283463835.333332
V1,L4,2024-09-30,دکپسول,بهپاک,8528,8485,41.17647058823529,-44.85294117647059,18934009520.566666
V1,L4,2024-09-30,شگل,قنیشا,8583,8628,9.313725490196076,59.80392156862745,3055593822.2666664
V1,L4,2024-09-30,فایرا,سهگمت,8608,8559,20.588235294117645,68.13725490196079,6722487879.999999
V1,L4,2024-09-30,سبجنو,تپمپی,8545,8492,23.03921568627451,-74.75490196078431,8426838614.699999
V1,L4,2024-10-30,قنیشا,غمهرا,8845,8811,9.25925925925926,-32.63888888888889,2481106419.7333336
V1,L4,2024-10-30,فایرا,شاوان,8823,8777,58.796296296296305,45.83333333333333,30085515507.333332
V1,L4,2024-10-30,غمایه,زفکا,8810,8748,55.55555555555555,0.0,23217715291.266666
V1,L4,2024-10-30,دقاضی,دجابر,8737,8730,12.5,26.851851851851848,3466892223.0
V1,L4,2024-10-30,دسینا,فاراک,8735,8822,66.20370370370371,-8.333333333333334,41778398126.899994
V1,L4,2024-11-30,زگلدشت,سپیدار,8970,8991,62.10045662100456,56.849315068493155,51864067201.6
V1,L4,2024-11-30,کاذر,غمهرا,9090,9031,10.95890410958904,0.0,4070899420.033333
V1,L4,2025-01-29,سباقر,شیران,9409,9452,,,
V1,L4,2025-01-29,نوری,شکربن,9500,9448,73.82075471698113,67.9245283018868,134680143085.66667
V1,L4,2025-02-26,سباقر,دقاضی,9626,9608,,,
V1,L4,2025-03-30,فایرا,دزهراوی,9910,9815,3.669724770642202,24.074074074074073,522083689.66666794
V1,L4,2025-03-30,دسینا,دعبید,9817,9818,35.77981651376147,-20.601851851851855,20513722307.666664
V1,L4,2025-04-30,قنیشا,شاملا,10151,10079,51.36363636363635,23.18181818181818,43057616034.96666
V1,L4,2025-04-30,سپیدار,شرانل,10074,10087,23.181818181818183,80.22727272727272,14322934523.666666
V1,L4,2025-04-30,بپیوند,رانفور,9995,10041,40.45454545454545,-31.36363636363636,32664953995.0
V1,L4,2025-04-30,بمپنا,فباهنر,9991,10131,86.36363636363636,69.54545454545455,422744994824.76666
V1,L4,2025-04-30,دلقما,قرن,10039,10147,49.54545454545455,31.36363636363636,47267100322.83333
V1,L4,2025-06-30,دزهراوی,زکشت,10471,10490,43.18181818181818,7.954545454545454,28636199881.066666
V1,L4,2025-06-30,دفرا,خموتور,10475,10455,69.0909090909091,-22.045454545454547,66092690465.76667
V1,L4,2025-07-30,دزهراوی,انرژی,10690,10645,65.85365853658536,3.902439024390244,49205254185.200005
V1,L4,2025-07-30,بپیوند,کطبس,10653,10832,3.414634146341464,16.09756097560976,2066123620.666666
V1,L4,2025-07-30,ددانا,دکپسول,10687,10697,32.6829268292683,-37.80487804878049,14691188097.666668
V1,L4,2025-08-31,دزهراوی,افق,10898,10850,73.42342342342343,42.79279279279279,81241685121.96667
V1,L4,2025-08-31,پرداخت,سکرد,11033,10941,42.792792792792795,0.0,19994957682.0
V1,L4,2025-08-31,غشان,پیزد,10976,11036,20.27027027027027,-36.48648648648649,9897006661.766666
V1,L4,2025-08-31,کاسپین,شرانل,11042,10953,62.16216216216216,60.58558558558559,39691745593.666664
V1,L4,2025-08-31,بپیوند,کالا,10860,11043,78.82882882882883,-37.61261261261261,249315993119.36667
V1,L4,2025-08-31,ددانا,سشمال,10895,10930,28.82882882882883,0.0,12558512190.0
V1,L4,2025-08-31,شگل,قاسم,10965,11010,42.34234234234234,0.0,20193182475.566666
V1,L4,2025-08-31,فگستر,کپرور,11009,11063,13.513513513513514,0.0,6284012923.233334
V1,L4,2025-09-30,دزهراوی,دکپسول,11123,11129,44.843049327354265,19.506726457399104,21715343167.766666
V1,L4,2025-09-30,غشاذر,سآبیک,11199,11142,66.3677130044843,0.0,71245883477.0
V1,L4,2025-09-30,بپیوند,غدیس,11083,11198,35.87443946188341,0.0,16311125221.666668
V1,L4,2025-09-30,غشان,افق,11200,11073,73.99103139013454,-35.2017937219731,74760672592.03334
V1,L4,2025-09-30,قلرست,سبجنو,11237,11147,55.60538116591929,0.0,34379080712.333336
V1,L4,2025-09-30,کپرور,کپشیر,11287,11288,57.399103139013455,-69.28251121076234,34332788015.666664
V1,L4,2025-09-30,شگل,سیستم,11188,11167,68.16143497757847,-49.55156950672646,52985680479.76666
V1,L4,2025-09-30,ددانا,شکام,11120,11186,70.4035874439462,-35.2017937219731,79696956115.46667
V1,L4,2025-10-29,غدام,سیستم,11425,11394,65.04424778761062,64.44444444444444,75180318437.33333
V1,L4,2025-10-29,کپرور,سکرد,11514,11392,11.946902654867255,-56.888888888888886,10992899871.666668
V1,L4,2025-10-29,شگل,کمنگنز,11417,11510,12.389380530973451,0.0,10773106196.166668
V1,L4,2025-10-29,چکارن,انرژی,11490,11299,81.41592920353983,49.77777777777778,178488324075.8
V1,L4,2025-10-29,قلرست,شبریز,11465,11398,90.2654867256637,0.0,352886681680.0
V1,L4,2025-11-30,غدام,قصفها,11649,11689,20.444444444444443,63.61607142857143,19128363995.0
V1,L4,2025-11-30,چکارن,کیمیا,11715,11745,21.333333333333332,0.0,20790290306.4
V1,L4,2025-11-30,فگستر,غمهرا,11685,11657,17.777777777777775,-42.857142857142854,15300879897.366665
V1,L4,2025-11-30,کپرور,شپارس,11740,11634,43.55555555555555,-65.40178571428571,44947845437.23333
V1,L4,2026-05-31,غاذر,شبهرن,12304,12287,82.75862068965517,67.48768472906403,119219111280.66667
V1,L4,2026-05-31,غمینو,ساروم,12316,12258,64.5320197044335,56.15763546798029,123709092312.9
V1,L4,2026-05-31,سباقر,فایرا,12260,12326,52.70935960591133,-28.817733990147786,31812110576.333332
V1,L4,2026-05-31,غکورش,قرن,12321,12343,40.39408866995075,0.0,22459237971.0
V1,L4,2026-05-31,غپینو,شبندر,12320,12286,86.69950738916256,56.15763546798029,929745201110.2667
V1,L4,2026-05-31,غبشهر,زشگزا,12306,12250,62.5615763546798,44.58128078817734,29331471383.533333
V1,L4,2026-05-31,شگل,فملی,12301,12335,58.62068965517242,33.251231527093594,1399726933043.0
V1,L4,2026-05-31,دزهراوی,کرماشا,12237,12376,67.98029556650246,0.0,39898349859.566666
V1,L4,2026-05-31,کهمدا,سرود,12386,12266,31.034482758620683,0.0,80773769978.1
V1,L4,2026-05-31,دلقما,دزاگرس,12243,12236,38.42364532019704,44.58128078817734,32598999773.300003
V1,L4,2026-05-31,داسوه,کاسپین,12227,12369,57.63546798029557,56.15763546798029,25977048078.333332
V1,L4,2026-05-31,شمواد,کمنگنز,12295,12384,16.25615763546798,-11.33004926108374,16724096148.466667
V1,L4,2026-05-31,ساربیل,شاملا,12257,12283,68.96551724137932,0.0,137896947157.0
V1,L4,2026-05-31,دجابر,زکشت,12233,12254,43.84236453201971,22.906403940886698,30517298397.0
V1,L4,2026-05-31,سقاین,شپارس,12272,12297,12.315270935960587,0.0,13798974076.166664
V1,L4,2026-05-31,مادیرا,عالیس,12347,12303,33.99014778325123,-56.15763546798029,66642078239.46667
V1,L4,2026-05-31,چکارن,شاراک,12366,12282,66.00985221674877,0.0,39549773497.03333
V1,L4,2026-05-31,دارو,سآبیک,12226,12256,29.556650246305416,0.0,30197299900.866665
V1,L4,2026-05-31,سغرب,کلر,12270,12382,43.84236453201971,56.15763546798029,24437945372.0
V1,L4,2026-05-31,شمس,شکام,12294,12299,53.69458128078817,0.0,80147173586.96666
V1,L4,2026-05-31,دابور,شپنا,12225,12298,55.172413793103445,0.0,476280959225.3333
V1,L4,2026-05-31,پخش,زفکا,12359,12252,17.733990147783253,0.0,20220229213.0
V1,L4,2026-06-30,غبشهر,ساروم,12512,12461,81.73076923076923,-28.60576923076923,523659517226.86664
V1,L4,2026-06-30,داسوه,آردینه,12430,12395,57.21153846153846,49.75961538461539,188159765736.0
V3,L1,2021-01-31,پرداخت,کرماشا,66,73,-15.384615384615385,67.3076923076923,-29161272624.666656
V3,L1,2021-01-31,سهگمت,وبملت,37,59,79.48717948717949,21.794871794871796,780193530671.3333
V3,L1,2021-02-28,شپلی,کرماشا,125,153,-48.75,71.51898734177215,-127419255976.70001
V3,L1,2021-02-28,سهگمت,تاصیکو,116,86,66.25,33.54430379746836,189476645329.33334
V3,L1,2021-03-31,سنیر,شپدیس,196,205,8.860759493670889,64.1025641025641,50893947568.0
V3,L1,2021-03-31,شپلی,آریا,206,161,36.708860759493675,14.102564102564102,194014858223.1667
V3,L1,2021-03-31,سدور,حسینا,192,174,-17.72151898734177,32.05128205128205,-48219280346.433334
V3,L1,2021-04-28,قلرست,وخاور,302,307,46.34146341463414,75.60975609756098,33910383629.999996
V3,L1,2021-04-28,سنیر,شرانل,278,285,48.78048780487805,72.56097560975611,35823840483.03333
V3,L1,2021-04-28,دتوزیع,هجرت,262,303,-25.609756097560975,50.609756097560975,-16390183694.333336
V3,L1,2021-04-28,فولای,سخوز,300,272,41.46341463414634,35.36585365853659,33373310501.9
V3,L1,2021-05-31,قلرست,شپلی,395,380,69.66292134831461,11.363636363636362,52667517419.4
V3,L1,2021-05-31,غدام,دتماد,385,349,31.46067415730337,53.40909090909091,13024363732.666666
V3,L1,2021-05-31,بهپاک,سپیدار,332,370,26.96629213483146,39.77272727272727,13256914877.1
V3,L1,2021-06-30,غدام,کرماشا,475,500,43.529411764705884,45.23809523809524,32629776446.333332
V3,L1,2021-06-30,زمگسا,سخوز,449,454,36.47058823529412,12.5,30125105023.666668
V3,L1,2021-07-31,قلرست,بموتو,620,513,42.48366013071895,91.83006535947713,48282317249.0
V3,L1,2021-07-31,غدام,دالبر,597,541,1.9607843137254901,19.281045751633986,10319416327.333332
V3,L1,2021-07-31,سنیر,دعبید,574,550,7.189542483660132,83.66013071895425,17929498840.666664
V3,L1,2021-07-31,زکشت,زمگسا,561,560,-10.457516339869283,4.901960784313725,-10251084381.699997
V3,L1,2021-08-31,قرن,پیزد,805,829,-6.153846153846154,56.923076923076934,-11190948639.199997
V3,L1,2021-08-31,شسپا,تاصیکو,759,675,78.46153846153847,45.8974358974359,174403886876.13333
V3,L1,2021-08-31,کرازی,کچاد,840,856,84.1025641025641,47.94871794871795,260721973252.83334
V3,L1,2021-08-31,شبصیر,سهگمت,752,744,-51.28205128205128,79.74358974358974,-107464079357.93332
V3,L1,2021-09-29,شسپا,فگستر,958,1003,-28.14070351758794,13.316582914572866,-154312333093.93335
V3,L1,2021-09-29,بمپنا,شپارس,868,961,34.67336683417086,77.88944723618091,47941507039.83333
V3,L1,2021-09-29,کرازی,شبصیر,1040,951,-9.045226130653273,77.38693467336684,-37046782748.03334
V3,L1,2021-10-31,سیستم,فولاد,1149,1206,87.56218905472637,17.16417910447761,915916274908.6666
V3,L1,2021-10-31,شسپا,بگیلان,1160,1076,-75.12437810945273,65.4228855721393,-136186696153.83334
V3,L1,2021-11-30,سیستم,دکپسول,1356,1321,19.51219512195122,68.29268292682926,10579344494.8
V3,L1,2021-11-30,شمواد,شغدیر,1370,1368,87.3170731707317,70.48780487804878,154602647392.0
V3,L1,2021-11-30,شکام,کلر,1376,1461,2.4390243902439046,65.60975609756096,7291878151.066666
V3,L1,2021-11-30,کالا,ساربیل,1448,1333,-78.53658536585367,66.34146341463413,-566353639484.6666
V3,L1,2021-12-29,فملی,دتماد,1619,1520,-57.073170731707314,62.68292682926828,-272468519170.33334
V3,L1,2022-01-31,دفرا,فجر,1733,1819,73.0,26.38190954773869,46825705616.0
V3,L1,2022-01-31,فملی,سرود,1824,1755,-89.5,65.82914572864323,-630415284810.6667
V3,L1,2022-01-31,آریا,شغدیر,1684,1781,2.9999999999999916,64.321608040201,17258923355.299995
V3,L1,2022-01-31,کپارس,کحافظ,1878,1863,-54.50000000000001,24.120603015075375,-28267150067.566666
V3,L1,2022-02-28,افق,پتایر,1889,2058,39.613526570048315,71.60194174757282,13250334459.366665
V3,L1,2022-02-28,دفرا,غدیس,1937,2005,58.93719806763285,65.0485436893204,25070007861.666668
V3,L1,2022-02-28,آریا,شغدیر,1887,1988,-4.8309178743961345,63.59223300970874,-17683241146.333336
V3,L1,2022-02-28,ذوب,دکپسول,1940,1939,-39.13043478260869,,-106837247038.66667
V3,L1,2022-03-30,افق,شکام,2098,2207,26.66666666666667,24.285714285714285,54178075836.33333
V3,L1,2022-03-30,آریا,پرداخت,2096,2272,-48.57142857142856,71.66666666666667,-97604872568.33334
V3,L1,2022-03-30,سمازن,بشهاب,2178,2102,71.42857142857142,27.380952380952383,89613857326.0
V3,L1,2022-03-30,پیزد,کسرا,2275,2291,79.04761904761905,10.238095238095237,95328003733.13333
V3,L1,2022-03-30,کگل,کلوند,2305,2296,-40.476190476190474,71.66666666666667,-78312531226.66666
V3,L1,2022-03-30,پکویر,غفارس,2274,2221,2.857142857142858,42.61904761904762,1021728117.3666658
V3,L1,2022-04-30,افق,غشاذر,2310,2423,-36.94581280788177,33.49753694581281,-26198121749.9
V3,L1,2022-04-30,سمازن,خموتور,2386,2341,-6.403940886699511,25.615763546798032,-4083134285.200001
V3,L1,2022-04-30,پیزد,هجرت,2480,2464,-30.04926108374385,51.47783251231527,-23015866106.666664
V3,L1,2022-05-31,زاگرس,کحافظ,2567,2692,-20.603015075376884,81.90954773869346,-64593007212.499985
V3,L1,2022-06-29,دارو,کسرا,2752,2906,73.7864077669903,77.66990291262135,82169851308.33334
V3,L1,2022-07-31,دارو,سهگمت,2963,3010,2.403846153846155,43.269230769230774,445916618.0
V3,L1,2022-07-31,داسوه,سصوفی,2964,3003,64.42307692307692,61.29807692307692,40094637311.33333
V3,L1,2022-08-31,کیمیاتک,فباهنر,3349,3276,36.15023474178403,83.80281690140845,25382525078.66667
V3,L1,2022-08-31,کاسپین,شغدیر,3322,3241,59.154929577464785,18.779342723004692,45657708285.0
V3,L1,2022-08-31,فولاد,نوری,3287,3299,-2.3474178403755874,31.220657276995308,-89652649957.99997
V3,L1,2022-08-31,دسینا,شیراز,3188,3253,72.7699530516432,50.46948356807513,48485603387.33333
V3,L1,2022-08-31,غاذر,غمینو,3255,3266,4.225352112676051,83.80281690140845,6141146692.0
V3,L1,2022-09-28,کیمیاتک,زفکا,3560,3411,-17.788461538461537,78.60576923076923,-10484938961.333332
V3,L1,2022-09-28,کاسپین,سصوفی,3534,3428,21.153846153846157,75.0,6578704993.999999
V3,L1,2022-09-28,فولاد,ساروم,3500,3418,-93.26923076923077,74.03846153846155,-262476800709.0
V3,L1,2022-09-28,دسینا,سشرق,3401,3426,20.673076923076923,79.32692307692307,9186049982.333332
V3,L1,2022-10-31,افق,حسینا,3564,3587,-17.224880382775122,67.94258373205741,-3843832695.333334
V3,L1,2022-10-31,دابور,ساروم,3601,3633,-1.435406698564594,64.35406698564593,-501353892.33333397
V3,L1,2022-10-31,کیمیاتک,غشصفا,3772,3687,-26.315789473684216,17.70334928229665,-7657582770.666668
V3,L1,2022-10-31,کاسپین,شیران,3747,3680,59.80861244019139,17.70334928229665,28286731754.999996
V3,L1,2022-10-31,غکورش,سقاین,3696,3646,12.918660287081337,32.77511961722488,2953915132.999999
V3,L1,2022-10-31,رمپنا,سهرمز,3621,3649,2.8708133971291794,69.377990430622,2548250827.0
V3,L1,2022-11-30,افق,قرن,3776,3930,-35.07109004739337,67.06161137440758,-20017601647.0
V3,L1,2022-11-30,دابور,غگل,3813,3910,56.872037914691944,65.16587677725117,67833890080.933334
V3,L1,2022-11-30,دعبید,پرداخت,3828,3951,2.843601895734599,9.95260663507109,1518344296.6666641
V3,L1,2022-11-30,بوعلی,شاراک,3785,3868,13.744075829383885,68.48341232227487,40147088567.66667
V3,L1,2022-11-30,شکام,سشرق,3887,3854,-13.744075829383885,10.900473933649288,-11107499052.0
V3,L1,2022-11-30,فنوال,دجابر,3923,3822,16.113744075829384,68.00947867298578,9977526499.333332
V3,L1,2022-12-31,افق,قصفها,3990,4147,-35.23809523809524,62.61904761904762,-24689673080.66667
V3,L1,2022-12-31,دعبید,غشصفا,4040,4112,13.80952380952381,24.523809523809526,10331510996.999996
V3,L1,2022-12-31,بوعلی,کلوند,3998,4187,-37.142857142857146,27.380952380952383,-167091483564.66666
V3,L1,2022-12-31,فایرا,فولاد,4127,4139,43.80952380952381,26.66666666666667,562998701842.0333
V3,L1,2022-12-31,شکام,پخش,4100,4163,-0.952380952380949,66.19047619047619,-448964736.0
V3,L1,2022-12-31,فنوال,ذوب,4137,4044,65.23809523809524,68.57142857142857,259866128645.30002
V3,L1,2022-12-31,دابور,فباهنر,4027,4128,76.66666666666667,64.99999999999999,98563475724.0
V3,L1,2023-01-31,بوعلی,غمینو,4210,4326,-22.1105527638191,67.58793969849246,-185942002849.3333
V3,L1,2023-01-31,شمواد,غنوش,4304,4327,72.36180904522614,62.562814070351756,277902421135.6666
V3,L1,2023-02-28,سهرمز,شگویا,4488,4517,81.06796116504854,65.29126213592234,172877690913.0
V3,L1,2023-02-28,خزامیا,سقاین,4433,4485,-89.32038834951457,69.90291262135922,-289830084365.4
V3,L1,2023-02-28,بشهاب,غشصفا,4408,4526,-31.553398058252423,21.601941747572816,-25352091987.333332
V3,L1,2023-03-29,شبصیر,سمازن,4711,4698,-36.279069767441854,31.627906976744185,-65056823236.66667
V3,L1,2023-03-29,سهرمز,بوعلی,4700,4622,46.97674418604652,66.27906976744187,297997231944.6667
V3,L1,2023-03-29,خزامیا,سآبیک,4643,4682,-44.18604651162791,73.0232558139535,-1070681028651.2
V3,L1,2023-03-29,کلر,شاوان,4816,4709,10.232558139534886,67.67441860465117,58178676429.33334
V3,L1,2023-03-29,پاسا,پرداخت,4789,4793,-39.06976744186046,23.25581395348837,-40214311149.333336
V3,L1,2023-03-29,قلرست,شدوص,4775,4715,34.883720930232556,30.0,31528179962.0
V3,L1,2023-03-29,بشهاب,پکرمان,4617,4794,-55.81395348837209,37.906976744186046,-64179202839.333336
V3,L1,2023-04-30,شبصیر,کیمیاتک,4925,5036,-63.106796116504846,80.33980582524272,-204360432174.66666
V3,L1,2023-04-30,سهرمز,غمینو,4914,4955,17.47572815533981,71.11650485436894,34304387897.66667
V3,L1,2023-04-30,قلرست,شاوان,4984,4923,63.592233009708735,79.85436893203884,195634455092.33334
V3,L1,2023-05-31,شبصیر,خزامیا,5130,5066,41.34615384615385,39.13043478260869,1389164583062.0
V3,L1,2023-05-31,تایرا,شاوان,5053,5128,54.807692307692314,81.6425120772947,191890515762.0
V3,L1,2023-06-28,ساربیل,شپدیس,5315,5354,88.40579710144928,84.05797101449276,345959887768.6667
V3,L1,2023-07-31,دعبید,زقیام,5508,5522,-21.596244131455407,56.8075117370892,-27281853749.9
V3,L1,2023-07-31,ساربیل,خزامیا,5527,5485,52.58215962441315,19.953051643192488,623233016178.0
V3,L1,2023-07-31,خموتور,زشگزا,5488,5519,-12.206572769953054,70.89201877934272,-9650672222.300003
V3,L1,2023-08-30,دعبید,کلر,5724,5872,7.0422535211267565,75.82159624413146,4379828657.333336
V3,L1,2023-08-30,غکورش,پیزد,5805,5852,29.107981220657276,49.06103286384977,14874141317.000002
V3,L1,2023-08-30,خموتور,حتاید,5704,5692,27.230046948356808,16.901408450704224,18371668518.7
V3,L1,2023-08-30,ساربیل,شگل,5743,5785,-2.347417840375586,82.86384976525822,-1420017221.333334
V3,L1,2023-09-30,دعبید,زفکا,5940,5953,3.1818181818181857,70.54794520547945,3060073088.333332
V3,L1,2023-09-30,غکورش,غمهرا,6026,6020,-27.727272727272727,14.383561643835616,-12776532818.333332
V3,L1,2023-09-30,دابور,کلر,5925,6094,43.18181818181818,70.54794520547945,22847662466.333336
V3,L1,2023-10-31,کیمیاتک,غشصفا,6323,6237,43.45794392523364,57.94392523364487,22013372648.0
V3,L1,2023-10-31,افق,کرازی,6111,6303,37.85046728971963,62.149532710280376,38884743715.899994
V3,L1,2023-11-29,کیمیاتک,ارفع,6542,6326,35.483870967741936,16.359447004608292,18036008445.666668
V3,L1,2023-11-29,افق,سبجنو,6327,6402,-3.686635944700461,64.0552995391705,-1958218191.333334
V3,L1,2023-11-29,قرن,پخش,6489,6507,-5.5299539170506895,62.903225806451616,-2924329923.0
V3,L1,2023-11-29,دبالک,ساروم,6371,6400,-11.059907834101383,61.05990783410138,-5146100055.333332
V3,L1,2023-12-31,افق,تپسی,6546,6561,52.31481481481482,62.03703703703704,45571351069.0
V3,L1,2023-12-31,نوری,شیراز,6710,6662,-16.2037037037037,25.23148148148148,-76542726071.66666
V3,L1,2023-12-31,قرن,بوعلی,6704,6554,61.111111111111114,7.870370370370369,92488996336.0
V3,L1,2023-12-31,کپشیر,هجرت,6755,6711,-56.48148148148149,62.03703703703704,-61695286300.33333
V3,L1,2023-12-31,غمهرا,شغدیر,6676,6651,3.2407407407407414,58.56481481481482,1144821426.3333359
V3,L1,2023-12-31,شپدیس,خموتور,6655,6577,-30.09259259259259,58.56481481481482,-95089948366.90001
V3,L1,2024-02-28,شمواد,کیمیاتک,7086,7184,-35.26570048309179,69.80676328502415,-14717255602.066666
V3,L1,2024-02-28,شدوص,دسینا,7080,7030,14.975845410628022,71.01449275362319,6426992316.099998
V3,L1,2024-02-28,شبندر,پرداخت,7077,7152,-93.71980676328502,10.38647342995169,-172681027171.0
V3,L1,2024-03-30,پکرمان,شاملا,7372,7286,22.17194570135747,35.74660633484163,10813755953.666668
V3,L1,2024-03-30,سبجنو,بوعلی,7264,7198,89.59276018099548,76.01809954751133,131968572408.33334
V3,L1,2024-03-30,شدوص,رمپنا,7293,7249,54.75113122171946,76.01809954751133,59252381618.36667
V3,L1,2024-03-30,کلوند,کپارس,7395,7400,-3.167420814479638,47.511312217194565,-744939804.5666656
V3,L1,2024-03-30,فملی,رانفور,7341,7248,-45.70135746606335,70.36199095022624,-332223855443.0
V3,L1,2024-04-30,سبجنو,ساربیل,7482,7480,14.485981308411214,24.065420560747665,6150749159.333333
V3,L1,2024-04-30,پکرمان,زشگزا,7591,7472,11.214953271028039,41.58878504672898,9557129305.000004
V3,L1,2024-04-30,کلوند,ارفع,7613,7410,40.654205607476634,76.16822429906543,60383319419.36667
V3,L1,2024-05-29,سبجنو,شدوص,7697,7725,43.60189573459715,36.25592417061612,17235392134.766666
V3,L1,2024-05-29,پکرمان,زقیام,7802,7690,17.061611374407587,49.052132701421804,9808599653.966667
V3,L1,2024-05-29,کلوند,شبندر,7825,7722,56.872037914691944,50.23696682464455,218945246814.83334
V3,L1,2024-07-31,تپسی,سپیدار,8063,8135,22.748815165876778,54.028436018957336,11510976466.333334
V3,L1,2024-07-31,زفکا,غدیس,8109,8167,32.22748815165877,20.14218009478673,30012695712.8
V3,L1,2024-07-31,کگل,فباهنر,8254,8185,16.58767772511849,52.843601895734594,24969824824.700005
V3,L1,2024-08-31,تپسی,زگلدشت,8274,8326,-42.857142857142854,40.55299539170507,-14414430688.0
V3,L1,2024-08-31,فایرا,دکپسول,8399,8313,11.981566820276498,88.0184331797235,2482444582.666667
V3,L1,2024-08-31,کگل,ددانا,8472,8305,-47.926267281105986,91.01382488479263,-22902893332.666668
V3,L1,2024-08-31,زفکا,زشگزا,8322,8320,-12.903225806451612,58.06451612903225,-6553900299.900002
V3,L1,2024-09-30,فایرا,زگلدشت,8608,8540,18.627450980392158,42.892156862745104,5800229062.666667
V3,L1,2024-09-30,شسپا,ددانا,8573,8519,-29.411764705882348,85.7843137254902,-19487844248.800003
V3,L1,2024-09-30,سشرق,شکربن,8551,8582,39.21568627450981,16.42156862745098,38405680734.0
V3,L1,2024-09-30,زفکا,پکرمان,8537,8645,18.137254901960787,42.892156862745104,31889203399.733334
V3,L1,2024-10-30,پاکشو,پکرمان,8859,8863,77.31481481481481,87.7314814814815,46767328906.0
V3,L1,2024-10-30,قرن,پتایر,8841,8860,-14.351851851851855,83.10185185185186,-8130172747.366665
V3,L1,2024-10-30,زگلدشت,کلوند,8752,8885,6.481481481481483,48.842592592592595,3096203593.6000004
V3,L1,2024-10-30,شمواد,سصوفی,8789,8764,3.240740740740744,50.462962962962955,5418372570.400002
V3,L1,2024-10-30,سشرق,شیراز,8762,8799,32.407407407407405,18.51851851851852,40454388742.333336
V3,L1,2024-11-30,افق,شاراک,8902,8994,-12.328767123287676,65.06849315068493,-14824901098.0
V3,L1,2024-11-30,سغرب,خراسان,8983,8931,-10.50228310502283,26.25570776255708,-5758753289.433333
V3,L1,2024-11-30,پاکشو,پاسا,9079,9078,26.94063926940639,63.6986301369863,15333568326.366665
V3,L1,2024-11-30,قرن,ارفع,9061,8901,1.82648401826484,60.95890410958904,831706719.6666679
V3,L1,2024-11-30,دعبید,قنیشا,8954,9065,-34.24657534246576,59.1324200913242,-24942044943.833336
V3,L1,2024-11-30,سشرق,نوری,8980,9067,11.415525114155257,22.374429223744293,207458940084.0
V3,L1,2024-12-31,افق,دکپسول,9122,9179,-54.929577464788736,65.02347417840375,-94587368094.33333
V3,L1,2024-12-31,قرن,ساربیل,9278,9193,-20.187793427230044,61.267605633802816,-19491172057.0
V3,L1,2024-12-31,دعبید,سفانو,9175,9206,-30.51643192488263,62.91079812206573,-26457481064.0
V3,L1,2024-12-31,سغرب,تلیسه,9205,9136,26.760563380281692,67.6056338028169,29389610533.233334
V3,L1,2024-12-31,دفرا,شبصیر,9176,9221,66.19718309859155,59.38967136150235,97603599051.66667
V3,L1,2024-12-31,کیمیاتک,غپینو,9333,9254,55.86854460093896,61.267605633802816,81684650107.2
V3,L1,2024-12-31,حتاید,شاوان,9142,9219,13.6150234741784,22.535211267605636,71223463530.66667
V3,L1,2024-12-31,ددانا,سقاین,9169,9207,-28.169014084507044,67.13615023474178,-23971461553.76667
V3,L1,2025-01-29,نوری,شدوص,9500,9437,44.10377358490566,67.9245283018868,54058105017.0
V3,L1,2025-01-29,حتاید,زمگسا,9358,9402,-40.09433962264151,62.97169811320755,-96870685623.66666
V3,L1,2025-01-29,سغرب,ذوب,9419,9393,79.71698113207547,63.91509433962265,859859792084.0
V3,L1,2025-01-29,دفرا,سقاین,9389,9421,7.547169811320756,63.91509433962265,12246620428.133335
V3,L1,2025-01-29,کیمیاتک,ساروم,9549,9407,31.60377358490566,61.084905660377366,32411660588.666668
V3,L1,2025-01-29,غکورش,سفانو,9471,9420,-5.1886792452830175,64.85849056603774,-7305751238.100002
V3,L1,2025-02-26,نوری,ساروم,9716,9624,-53.110047846889955,72.00956937799043,-704685143165.3333
V3,L1,2025-02-26,آریا,زمگسا,9552,9619,-55.02392344497606,72.96650717703349,-226426390664.33334
V3,L1,2025-02-26,پکویر,فباهنر,9730,9695,29.186602870813395,66.26794258373205,392595884600.0
V3,L1,2025-02-26,دفرا,پرداخت,9607,9728,-17.22488038277512,15.07177033492823,-12842537676.333332
V3,L1,2025-02-26,شپدیس,زفکا,9663,9617,-46.889952153110045,74.64114832535886,-543181380834.8667
V3,L1,2025-02-26,شغدیر,پتایر,9658,9727,26.315789473684216,73.92344497607655,63169821611.63333
V3,L1,2025-02-26,بوعلی,کلوند,9563,9751,-61.24401913875598,42.10526315789473,-383603746962.6667
V3,L1,2025-03-30,آریا,پاسا,9764,9944,-51.83486238532109,54.861111111111114,-216744420395.0
V3,L1,2025-03-30,شپدیس,انرژی,9877,9767,-13.761467889908264,80.0925925925926,-702479879548.3334
V3,L1,2025-03-30,فنوال,شاوان,9920,9861,36.69724770642201,72.45370370370371,61142164342.33333
V3,L1,2025-03-30,شغدیر,خراسان,9871,9794,-48.62385321100917,46.99074074074075,-37565193492.666664
V3,L1,2025-04-30,سپیدار,غمایه,10074,10117,-2.272727272727273,80.22727272727272,-1650365500.666666
V3,L1,2025-04-30,دقاضی,عالیس,10038,10105,51.36363636363637,27.727272727272727,48033855397.066666
V3,L1,2025-04-30,نوری,شبهرن,10153,10084,-21.363636363636363,40.0,-765260783622.6666
V3,L1,2025-04-30,پکویر,ساربیل,10170,10054,-11.363636363636353,33.40909090909091,-32281749652.000008
V3,L1,2025-04-30,شپدیس,پتایر,10096,10166,-28.636363636363637,72.95454545454545,-270412503941.46667
V3,L1,2025-05-31,حسینا,زمگسا,10229,10273,-28.504672897196265,50.70093457943925,-80851515624.33334
V3,L1,2025-05-31,نوری,ذوب,10369,10263,-0.4672897196261627,78.03738317757009,-97782436473.56665
V3,L1,2025-05-31,فملی,کماسه,10355,10408,-9.345794392523366,7.476635514018691,-589125596079.5333
V3,L1,2025-05-31,دقاضی,بوعلی,10260,10215,74.29906542056075,80.8411214953271,234451846951.0
V3,L1,2025-06-30,حسینا,دکپسول,10446,10478,-55.45454545454545,30.000000000000004,-230775425941.33334
V3,L1,2025-06-30,فملی,خموتور,10574,10455,-25.0,16.818181818181817,-634347499757.9
V3,L1,2025-06-30,دزهراوی,فباهنر,10471,10568,81.36363636363637,27.727272727272727,115453745117.06667
V3,L1,2025-06-30,دقاضی,سیستم,10476,10517,11.818181818181817,75.0,22799665603.333336
V3,L1,2025-06-30,بمپنا,شسپا,10429,10529,1.3636363636363669,44.09090909090909,10176204909.0
V3,L1,2025-07-30,عالیس,غپینو,10757,10774,48.78048780487805,26.82926829268293,41973239953.76666
V3,L1,2025-07-30,نان,پارس,10802,10809,-22.43902439024391,32.926829268292686,-143041543120.53336
V3,L1,2025-07-30,کحافظ,پاکشو,10825,10812,12.195121951219518,15.853658536585364,5810101289.433334
V3,L1,2025-07-30,دزهراوی,بگیلان,10690,10654,-5.365853658536586,85.85365853658537,-5724532545.8
V3,L1,2025-07-30,غگل,شدوص,10776,10742,-35.609756097560975,42.4390243902439,-19495015463.666664
V3,L1,2025-07-30,فملی,فگستر,10788,10795,-81.95121951219512,69.51219512195121,-1067595796843.9667
V3,L1,2025-08-31,شیران,شسپا,10968,10955,59.45945945945946,11.036036036036037,62879924215.7
V3,L1,2025-08-31,کاسپین,فملی,11042,11002,96.3963963963964,18.693693693693696,847462901924.3333
V3,L1,2025-08-31,دارو,ددانا,10886,10895,-11.711711711711711,83.78378378378379,-5537306680.866666
V3,L1,2025-08-31,هجرت,کیمیاتک,11019,11068,23.873873873873876,34.00900900900901,12019523617.999998
V3,L1,2025-08-31,دزهراوی,زشگزا,10898,10912,28.37837837837838,42.79279279279279,12669177153.633331
V3,L1,2025-08-31,نان,غمایه,11017,10980,-63.06306306306306,9.684684684684685,-72744283400.26666
V3,L1,2025-08-31,عالیس,کپرور,10969,11063,-40.54054054054054,59.909909909909906,-26587349691.566666
V3,L1,2025-08-31,غگل,فگستر,10988,11009,-51.80180180180181,58.333333333333336,-29541879918.866665
V3,L1,2025-08-31,کحافظ,سفانو,11046,10933,18.46846846846847,82.88288288288288,11372449309.866669
V3,L1,2025-09-30,شیران,دزاگرس,11191,11122,-14.34977578475336,30.493273542600896,-94472554949.33334
V3,L1,2025-09-30,کاسپین,فگستر,11265,11232,-74.8878923766816,80.49327354260089,-79395293413.5
V3,L1,2025-09-30,دارو,غشصفا,11111,11201,-35.874439461883405,79.14798206278027,-28534069182.23333
V3,L1,2025-09-30,هجرت,کپشیر,11242,11288,-9.4170403587444,11.659192825112106,-13650944657.0
V3,L1,2025-10-29,شرانل,سفانو,11403,11384,-16.814159292035395,67.55555555555556,-15779352673.333332
V3,L1,2025-10-29,کاسپین,عالیس,11493,11420,-36.725663716814154,65.55555555555556,-87958895472.76666
V3,L1,2025-10-29,دارو,زکشت,11336,11367,-39.380530973451336,66.88888888888889,-45716646125.23334
V3,L1,2025-10-29,پرداخت,زفکا,11484,11364,67.25663716814158,60.88888888888889,81642435947.66666
V3,L1,2025-10-29,کپشیر,پکرمان,11515,11485,-0.8849557522123908,8.666666666666666,-1538751363.0
V3,L1,2025-11-30,شرانل,داسوه,11627,11564,-24.0,65.40178571428571,-19271178719.666664
V3,L1,2025-11-30,دقاضی,پیزد,11578,11712,-1.7777777777777781,56.25,-1329617843.5999985
V3,L1,2025-11-30,کپشیر,دلقما,11741,11579,31.999999999999996,7.5892857142857135,83966641242.13333
V3,L1,2025-11-30,پرداخت,غشان,11709,11652,10.666666666666668,60.49107142857143,8786526045.133333
V3,L1,2025-12-31,شرانل,کپرور,11856,11965,-66.3677130044843,64.79820627802691,-124191716528.99998
V3,L1,2025-12-31,تپسی,حتاید,11766,11771,7.174887892376692,67.9372197309417,67971934444.0
V3,L1,2025-12-31,سهرمز,پیزد,11840,11937,-36.32286995515695,61.88340807174888,-71270205476.53333
V3,L1,2025-12-31,سباقر,غمینو,11825,11886,-62.33183856502242,58.52017937219731,-211939220537.8333
V3,L1,2025-12-31,غپینو,زشگزا,11890,11814,-8.071748878923767,58.52017937219731,-21679975907.86667
V3,L1,2025-12-31,سهگمت,داسوه,11841,11790,-45.73991031390135,61.88340807174888,-81128351733.0
V3,L1,2025-12-31,دقاضی,حسینا,11805,11774,71.74887892376682,58.52017937219731,380309878510.0
V3,L1,2026-01-31,سهرمز,غمینو,12064,12110,-43.11926605504587,61.69724770642202,-129826599696.96667
V3,L1,2026-01-31,دزاگرس,کاسپین,12023,12164,-10.091743119266061,65.13761467889908,-172086102076.66666
V3,L1,2026-01-31,سباقر,سفانو,12049,12060,-66.5137614678899,58.71559633027523,-288200513728.3334
V3,L1,2026-01-31,غپینو,غشان,12113,12104,-56.42201834862385,8.944954128440367,-128902504643.36665
V3,L1,2026-01-31,سهگمت,زبینا,12065,12036,-31.65137614678899,61.69724770642202,-91465792642.66669
V3,L1,2026-01-31,غمهرا,سآبیک,12109,12045,45.87155963302752,58.71559633027523,135663952435.66669
V3,L1,2026-05-31,دفرا,کلر,12241,12382,53.69458128078818,67.48768472906403,26497574882.0
V3,L1,2026-05-31,غاذر,سآبیک,12304,12256,68.47290640394088,67.48768472906403,41768152270.666664
V3,L1,2026-05-31,ددانا,دابور,12234,12225,23.645320197044335,69.45812807881772,7675511955.666666
V3,L1,2026-06-30,کپارس,کلر,12595,12589,15.38461538461538,77.64423076923077,60582724667.999985
V3,L2,2021-01-31,کپشیر,کرماشا,76,73,16.666666666666664,0.0,52573900741.333336
V3,L2,2021-01-31,کاسپین,غدام,69,48,41.02564102564102,-72.43589743589745,103640375476.96667
V3,L2,2021-01-31,دفرا,وبملت,24,59,88.46153846153847,-21.153846153846157,801435451453.0
V3,L2,2021-01-31,سبجنو,گشان,30,78,64.1025641025641,-74.35897435897436,295932966259.4
V3,L2,2021-01-31,کخاک,تاصیکو,72,7,26.923076923076923,0.0,71611405002.66667
V3,L2,2021-01-31,قلرست,شرانل,56,42,47.43589743589743,8.333333333333332,122692211079.86667
V3,L2,2021-02-28,دفرا,کرماشا,103,153,12.5,0.0,36629961784.666664
V3,L2,2021-02-28,سهگمت,تاصیکو,116,86,66.25,33.54430379746836,189476645329.33334
V3,L2,2021-02-28,کاسپین,شرانل,149,121,50.0,0.0,104055867221.86667
V3,L2,2021-02-28,کخاک,زگلدشت,152,107,41.25,-31.645569620253163,89772350048.56667
V3,L2,2021-03-31,دارو,شپدیس,178,205,65.82278481012659,0.0,141019496825.0
V3,L2,2021-03-31,پرداخت,آریا,227,161,84.81012658227849,-18.58974358974359,255619991940.56668
V3,L2,2021-03-31,کخاک,حسینا,233,174,41.77215189873417,-32.05128205128205,50376769746.9
V3,L2,2021-03-31,دفرا,شوینده,184,204,21.51898734177215,-40.38461538461538,17237248734.333332
V3,L2,2021-03-31,کاسپین,سخوز,230,191,26.582278481012654,0.0,31592682982.36667
V3,L2,2021-04-28,قلرست,وخاور,302,307,46.34146341463414,75.60975609756098,33910383629.999996
V3,L2,2021-04-28,دارو,شرانل,259,285,41.463414634146346,0.0,30498194520.033333
V3,L2,2021-04-28,سنیر,هجرت,278,303,14.634146341463417,46.34146341463415,7033049164.833333
V3,L2,2021-04-28,سبجنو,سخوز,271,272,42.68292682926829,22.5609756097561,33571309755.666668
V3,L2,2021-04-28,غویتا,ساروم,295,270,20.73170731707317,22.5609756097561,9502997247.599998
V3,L2,2021-04-28,فولای,شپدیس,300,289,69.51219512195122,72.56097560975611,110717627139.56667
V3,L2,2021-05-31,قلرست,شپلی,395,380,69.66292134831461,11.363636363636362,52667517419.4
V3,L2,2021-05-31,کپشیر,دتماد,415,349,34.8314606741573,30.113636363636363,13102374656.666666
V3,L2,2021-05-31,دبالک,سپیدار,348,370,33.70786516853933,10.22727272727273,13938245471.666666
V3,L2,2021-05-31,غدام,پخش,385,402,12.359550561797752,28.409090909090907,1833143610.4
V3,L2,2021-05-31,زمگسا,شوینده,358,378,29.21348314606742,25.568181818181817,10282419833.333334
V3,L2,2021-06-30,ساربیل,کرماشا,451,500,40.0,36.904761904761905,32376335218.333332
V3,L2,2021-06-30,زفکا,سخوز,448,454,32.94117647058823,-63.69047619047619,29447426759.533333
V3,L2,2021-06-30,غدام,شوینده,475,469,27.058823529411764,45.23809523809524,20849917036.0
V3,L2,2021-06-30,دفرا,سغرب,445,459,37.64705882352941,-10.119047619047619,29606007439.0
V3,L2,2021-06-30,کپشیر,کاوه,504,498,80.0,67.26190476190477,144821898552.66666
V3,L2,2021-06-30,زمگسا,سپیدار,449,462,67.05882352941175,41.07142857142858,60437158062.7
V3,L2,2021-07-31,قلرست,فاذر,620,611,71.89542483660131,-0.6535947712418301,111578711888.73334
V3,L2,2021-07-31,غدام,بموتو,597,513,41.830065359477125,85.62091503267975,48055032417.666664
V3,L2,2021-07-31,سنیر,زمگسا,574,560,40.52287581699346,1.633986928104575,45011158629.66667
V3,L2,2021-07-31,تایرا,سخوز,519,566,35.94771241830066,-31.37254901960785,31538555751.666664
V3,L2,2021-07-31,دفرا,کاسپین,551,644,19.607843137254903,-10.45751633986928,23351749798.933334
V3,L2,2021-08-31,شسپا,پیزد,759,829,38.97435897435898,61.53846153846154,60555754952.933334
V3,L2,2021-08-31,بگیلان,تاصیکو,674,675,69.23076923076923,-40.51282051282051,148860688794.53336
V3,L2,2021-08-31,دابور,کچاد,698,856,78.97435897435898,28.717948717948715,243634016765.6667
V3,L2,2021-08-31,کرازی,سهگمت,840,744,17.435897435897434,88.46153846153845,32362128160.5
V3,L2,2021-08-31,دعبید,زمگسا,712,724,35.38461538461538,-69.23076923076923,44504827787.33333
V3,L2,2021-08-31,دسینا,پارس,711,820,84.61538461538461,-33.07692307692307,439296257410.3333
V3,L2,2021-09-29,بگیلان,فگستر,874,1003,45.72864321608041,-61.557788944723626,74322434540.9
V3,L2,2021-09-29,بمپنا,شپارس,868,961,34.67336683417086,77.88944723618091,47941507039.83333
V3,L2,2021-09-29,سهگمت,شبصیر,942,951,53.768844221105525,0.0,92639082225.33334
V3,L2,2021-09-29,شگل,زاگرس,967,918,80.40201005025126,0.0,216252841550.5
V3,L2,2021-09-29,سبجنو,کهمدا,929,1053,34.17085427135679,0.0,45293157705.66667
V3,L2,2021-09-29,کاسپین,شیران,1034,969,71.85929648241206,0.0,181576058777.1
V3,L2,2021-09-29,دفرا,پاسا,913,1021,54.77386934673366,32.663316582914575,88394675503.0
V3,L2,2021-09-29,دسینا,سمازن,911,940,42.211055276381906,44.47236180904523,57679463408.0
V3,L2,2021-09-29,سکرد,غدیس,945,974,65.32663316582914,-28.894472361809044,151725206544.46667
V3,L2,2021-10-31,سهگمت,فولاد,1144,1206,95.52238805970148,-53.23383084577114,923794934622.6666
V3,L2,2021-10-31,سبجنو,زفکا,1129,1121,16.91542288557214,-39.55223880597015,11665516229.466665
V3,L2,2021-10-31,سکرد,حسینا,1147,1086,17.412935323383085,50.74626865671641,12639461190.899998
V3,L2,2021-10-31,سقاین,کلر,1140,1252,67.66169154228857,33.582089552238806,95695240078.53334
V3,L2,2021-10-31,سرود,زاگرس,1134,1117,84.5771144278607,0.0,284532921326.8333
V3,L2,2021-10-31,زگلدشت,بپیوند,1125,1074,23.383084577114428,0.0,15638338894.199999
V3,L2,2021-10-31,دفرا,کچاد,1112,1261,82.08955223880598,45.52238805970149,138645357642.33334
V3,L2,2021-11-30,سهگمت,دکپسول,1351,1321,26.34146341463415,0.0,14294003886.599998
V3,L2,2021-11-30,سبجنو,شغدیر,1336,1368,85.85365853658537,0.0,148389364439.0
V3,L2,2021-11-30,دسینا,کلر,1317,1461,67.31707317073172,34.390243902439025,71961476453.6
V3,L2,2021-11-30,شمواد,ساربیل,1370,1333,19.51219512195122,70.48780487804878,15652551181.333334
V3,L2,2021-11-30,زگلدشت,کرازی,1332,1453,50.73170731707317,0.0,34556156438.3
V3,L2,2021-11-30,دفرا,حتاید,1319,1288,34.63414634146341,-18.78048780487805,18479096805.666664
V3,L2,2021-11-30,سقاین,ساروم,1347,1334,56.09756097560975,41.21951219512195,38025692291.0
V3,L2,2021-12-29,سهگمت,دتماد,1559,1520,35.609756097560975,53.90243902439023,13871389104.333336
V3,L2,2021-12-29,زگلدشت,پکرمان,1540,1649,7.804878048780487,-65.12195121951218,2906676227.999999
V3,L2,2021-12-29,سفانو,شگویا,1554,1586,80.97560975609757,0.0,121799636023.40001
V3,L2,2021-12-29,دسینا,هجرت,1526,1635,7.317073170731707,33.65853658536585,3267810839.7666674
V3,L2,2021-12-29,قلرست,شدوص,1631,1573,48.29268292682927,0.0,24253943160.666664
V3,L2,2022-01-31,سهگمت,فجر,1765,1819,70.0,16.582914572864322,44644799512.333336
V3,L2,2022-01-31,دفرا,شغدیر,1733,1781,84.0,66.58291457286433,82112646041.33333
V3,L2,2022-01-31,دسینا,قنیشا,1731,1836,47.0,-48.24120603015076,18623133731.0
V3,L2,2022-01-31,کخاک,شیراز,1864,1793,75.0,25.376884422110553,62166303340.333336
V3,L2,2022-01-31,دعبید,فولاژ,1732,1828,31.0,-61.557788944723626,9776936626.333332
V3,L2,2022-01-31,سبجنو,شسپا,1751,1780,73.5,0.0,52371722560.03333
V3,L2,2022-02-28,زگلدشت,پتایر,1951,2058,44.927536231884055,0.0,16282383561.366665
V3,L2,2022-02-28,دفرا,غدیس,1937,2005,58.93719806763285,65.0485436893204,25070007861.666668
V3,L2,2022-02-28,سهرمز,شغدیر,1969,1988,75.36231884057972,51.69902912621359,56706886734.333336
V3,L2,2022-02-28,کخاک,دکپسول,2072,1939,45.410628019323674,54.61165048543689,17034048882.999998
V3,L2,2022-02-28,سهگمت,کسرا,1970,2077,72.46376811594203,-8.980582524271846,51946952233.23333
V3,L2,2022-02-28,سبجنو,دزهراوی,1955,1933,41.54589371980676,0.0,14926870581.433332
V3,L2,2022-03-30,سهگمت,شکام,2181,2207,80.95238095238095,-56.42857142857143,79572086323.66667
V3,L2,2022-03-30,دفرا,پرداخت,2148,2272,39.04761904761905,60.238095238095234,16401491760.333332
V3,L2,2022-03-30,سهرمز,بشهاب,2180,2102,85.71428571428571,12.142857142857144,96465329115.33333
V3,L2,2022-03-30,پیزد,کسرا,2275,2291,79.04761904761905,10.238095238095237,95328003733.13333
V3,L2,2022-03-30,کخاک,کلوند,2286,2296,41.904761904761905,0.0,17806721386.0
V3,L2,2022-03-30,سبجنو,غفارس,2166,2221,7.6190476190476195,-29.047619047619044,2930065200.0666666
V3,L2,2022-03-30,پکویر,کمنگنز,2274,2298,66.66666666666667,-3.571428571428571,49125825083.96667
V3,L2,2022-04-30,دفرا,خموتور,2358,2341,28.57142857142857,-46.551724137931025,24120156177.466667
V3,L2,2022-04-30,سیستم,هجرت,2394,2464,17.24137931034483,-30.04926108374384,12241205953.333334
V3,L2,2022-04-30,ساربیل,رمپنا,2373,2363,80.29556650246305,4.187192118226601,127224575871.33333
V3,L2,2022-04-30,دعبید,کگل,2357,2510,67.48768472906403,-13.546798029556651,77594999954.0
V3,L2,2022-04-30,سهگمت,سکرد,2389,2392,34.48275862068965,0.0,23321461194.333336
V3,L2,2022-04-30,سقاین,پرداخت,2385,2477,23.15270935960591,-58.620689655172406,18217684152.0
V3,L2,2022-04-30,سبجنو,فسپا,2375,2448,52.2167487684729,0.0,44381174452.0
V3,L2,2022-04-30,کخاک,حسینا,2491,2332,17.24137931034483,-30.04926108374384,12682195413.333332
V3,L2,2022-04-30,سهرمز,دکپسول,2388,2360,63.54679802955665,28.57142857142857,55248151162.0
V3,L2,2022-05-31,دفرا,کحافظ,2561,2692,58.79396984924623,0.0,76818327125.16667
V3,L2,2022-05-31,سهگمت,کسرا,2591,2697,67.33668341708542,51.005025125628144,96509727324.66667
V3,L2,2022-05-31,سیستم,رمپنا,2596,2566,81.4070351758794,-51.005025125628144,148373570894.0
V3,L2,2022-05-31,ساربیل,کگل,2574,2711,57.788944723618094,-51.005025125628144,75437874379.33334
V3,L2,2022-05-31,دعبید,شبهرن,2560,2602,40.20100502512563,10.804020100502514,45465105598.0
V3,L2,2022-05-31,سقاین,شاملا,2587,2598,4.0201005025125625,-36.18090452261307,5126174516.666664
V3,L2,2022-05-31,دابور,شمواد,2550,2610,10.050251256281408,-34.17085427135679,8419543998.333332
V3,L2,2022-05-31,کخاک,حسینا,2693,2537,10.050251256281408,52.51256281407035,10429103000.0
V3,L2,2022-06-29,ساربیل,کسرا,2781,2906,71.35922330097088,0.0,80258257568.66667
V3,L2,2022-06-29,دعبید,کگل,2765,2920,77.66990291262135,49.02912621359223,105264691056.66667
V3,L2,2022-06-29,دفرا,فباهنر,2766,2851,70.3883495145631,23.786407766990287,73027467929.33333
V3,L2,2022-06-29,سیستم,ساروم,2804,2782,48.05825242718447,-19.902912621359224,38612046722.333336
V3,L2,2022-06-29,سبجنو,پاسا,2784,2884,3.8834951456310676,-36.650485436893206,1634636429.0
V3,L2,2022-06-29,دارو,غکورش,2752,2844,80.09708737864078,52.42718446601942,115173772306.66667
V3,L2,2022-06-29,سهگمت,پکرمان,2799,2889,22.815533980582522,49.02912621359223,13828254809.666666
V3,L2,2022-06-29,سقاین,چکاپا,2795,2894,61.16504854368932,37.62135922330096,56888344373.23334
V3,L2,2022-07-31,دارو,سهگمت,2963,3010,2.403846153846155,43.269230769230774,445916618.0
V3,L2,2022-07-31,سرود,سصوفی,3000,3003,60.09615384615385,19.71153846153846,36635464150.666664
V3,L2,2022-07-31,شدوص,فملی,3023,3070,87.98076923076923,15.144230769230765,427925633707.6666
V3,L2,2022-07-31,ساربیل,ساروم,2992,2993,50.96153846153846,-60.57692307692308,26722083513.666668
V3,L2,2022-07-31,دفرا,شگویا,2976,3038,79.32692307692307,49.99999999999999,67721490814.66667
V3,L2,2022-07-31,سبجنو,غمینو,2995,3051,50.96153846153846,14.663461538461542,30374085757.999996
V3,L2,2022-07-31,داسوه,شپدیس,2964,3032,91.34615384615384,75.96153846153845,152997028756.0
V3,L2,2022-07-31,بگیلان,شاملا,2937,3016,19.230769230769234,-83.41346153846155,6809050335.000001
V3,L2,2022-07-31,کخاک,غشاذر,3111,3045,3.3653846153846145,7.692307692307694,373041455.2666664
V3,L2,2022-07-31,کطبس,فنوال,3118,3071,14.903846153846153,-49.519230769230774,5184243473.666666
V3,L2,2022-08-31,دارو,فباهنر,3175,3276,64.31924882629107,69.01408450704226,35614351438.0
V3,L2,2022-08-31,داسوه,شغدیر,3176,3241,75.11737089201877,-12.441314553990612,52602565157.666664
V3,L2,2022-08-31,دفرا,نوری,3190,3299,94.36619718309859,25.352112676056336,263805062966.6667
V3,L2,2022-08-31,سبجنو,شیراز,3208,3253,68.54460093896714,-34.037558685446,45887757553.33333
V3,L2,2022-08-31,پرداخت,غمینو,3314,3266,74.64788732394366,0.0,57224499295.666664
V3,L2,2022-08-31,پاکشو,سآبیک,3311,3204,70.4225352112676,-15.258215962441318,50582000434.0
V3,L2,2022-08-31,دسینا,کرماشا,3188,3329,73.70892018779342,35.21126760563381,49235344164.666664
V3,L2,2022-08-31,بگیلان,غکورش,3149,3270,53.990610328638496,-49.29577464788732,27138332770.666668
V3,L2,2022-08-31,سهگمت,فملی,3223,3284,85.91549295774648,-69.01408450704226,158435209871.33334
V3,L2,2022-08-31,سقاین,قاسم,3219,3292,43.19248826291079,0.0,17081767826.5
V3,L2,2022-09-28,دارو,زفکا,3388,3411,38.46153846153847,23.076923076923073,14460089390.666666
V3,L2,2022-09-28,سفانو,سصوفی,3430,3428,20.192307692307693,0.0,6378152147.333333
V3,L2,2022-09-28,داسوه,سشرق,3389,3426,21.634615384615383,42.78846153846153,9364060526.333332
V3,L2,2022-09-28,دابور,سقاین,3387,3431,21.15384615384615,31.490384615384613,7327240498.000001
V3,L2,2022-09-28,هجرت,غاذر,3513,3467,78.36538461538461,-75.96153846153845,51638874733.33333
V3,L2,2022-09-28,دفرا,کخاک,3402,3539,13.461538461538462,19.711538461538463,7235733884.0
V3,L2,2022-09-28,سبجنو,قاسم,3420,3505,40.86538461538461,0.0,15631395802.066666
V3,L2,2022-09-28,پاکشو,غفارس,3522,3476,12.980769230769232,42.78846153846153,4443925537.999999
V3,L2,2022-09-28,پرداخت,کرماشا,3525,3541,73.07692307692308,-59.855769230769226,44545376623.0
V3,L2,2022-09-28,کاسپین,فملی,3534,3497,87.98076923076923,9.134615384615383,168960187271.0
V3,L2,2022-09-28,بگیلان,غمینو,3364,3478,63.46153846153846,0.0,38155084911.0
V3,L2,2022-09-28,دسینا,غشاذر,3401,3472,19.71153846153846,79.32692307692307,8883361422.366667
V3,L2,2022-10-31,دارو,حسینا,3602,3587,11.961722488038276,0.0,3305999650.666667
V3,L2,2022-10-31,دفرا,غشصفا,3616,3687,20.57416267942584,-45.45454545454545,5941210464.333334
V3,L2,2022-10-31,سرود,شیران,3640,3680,62.20095693779905,-45.45454545454545,28585043901.999996
V3,L2,2022-10-31,هجرت,سقاین,3725,3646,27.7511961722488,-36.124401913875595,7967166635.333332
V3,L2,2022-10-31,دابور,سهرمز,3601,3649,60.76555023923444,64.35406698564593,25858577539.0
V3,L2,2022-10-31,سبجنو,کخاک,3635,3752,16.267942583732058,-36.124401913875595,5534542978.666666
V3,L2,2022-10-31,داسوه,فباهنر,3603,3702,64.11483253588517,36.124401913875595,26723423704.0
V3,L2,2022-10-31,دسینا,قرن,3615,3718,20.095693779904305,50.95693779904307,5205872443.666667
V3,L2,2022-10-31,پرداخت,زفکا,3739,3626,36.8421052631579,0.0,9332738694.0
V3,L2,2022-10-31,بگیلان,سیستم,3575,3655,15.789473684210526,-36.124401913875595,4303008000.333333
V3,L2,2022-11-30,دفرا,قرن,3829,3930,23.222748815165875,44.312796208530806,9960414059.666668
V3,L2,2022-11-30,سبجنو,رمپنا,3848,3834,77.72511848341233,-69.90521327014217,56176340072.66667
V3,L2,2022-11-30,پاکشو,غگل,3948,3910,76.30331753554502,0.0,75165710519.26666
V3,L2,2022-11-30,هجرت,پرداخت,3937,3951,31.753554502369667,-59.47867298578199,10798760786.333332
V3,L2,2022-11-30,سیستم,شاراک,3867,3868,80.56872037914692,35.07109004739336,82149014420.0
V3,L2,2022-11-30,دسینا,سشرق,3827,3854,36.96682464454976,4.265402843601896,14307266039.0
V3,L2,2022-11-30,سغرب,دجابر,3857,3822,14.691943127962084,0.0,6592882351.666666
V3,L2,2022-11-30,فنوال,شیران,3923,3892,63.03317535545023,23.696682464454973,37407006214.33333
V3,L2,2022-11-30,ساروم,ذوب,3846,3832,84.3601895734597,35.07109004739336,131186868197.23334
V3,L2,2022-12-31,دفرا,غشصفا,4041,4112,47.14285714285714,0.0,35805410972.666664
V3,L2,2022-12-31,سبجنو,کلوند,4060,4187,51.42857142857144,-42.61904761904761,37507382542.333336
V3,L2,2022-12-31,سمازن,فولاد,4072,4139,89.52380952380952,-42.61904761904761,595548723308.3999
V3,L2,2022-12-31,دارو,پخش,4028,4163,55.23809523809524,0.0,43569941204.333336
V3,L2,2022-12-31,هجرت,ذوب,4152,4044,84.28571428571429,0.0,270611415892.30002
V3,L2,2022-12-31,پاکشو,فباهنر,4161,4128,77.14285714285715,0.0,98637785465.33333
V3,L2,2022-12-31,کاسپین,شاوان,4173,4083,78.57142857142857,0.0,90656698315.33333
V3,L2,2022-12-31,سهگمت,شگویا,4075,4102,82.85714285714285,0.0,109873027776.33334
V3,L2,2022-12-31,سغرب,شسپا,4069,4092,60.952380952380956,-42.61904761904761,47141058859.933334
V3,L2,2022-12-31,دابور,غفارس,4027,4114,30.476190476190478,15.000000000000002,21202193319.0
V3,L2,2023-01-31,سهرمز,غمینو,4284,4326,61.80904522613066,0.0,95610303837.33333
V3,L2,2023-01-31,دفرا,غنوش,4252,4327,87.93969849246231,51.507537688442206,300597656366.0
V3,L2,2023-01-31,سبجنو,کالا,4270,4376,91.45728643216081,0.0,682591516337.6666
V3,L2,2023-01-31,سیستم,پخش,4290,4366,69.84924623115577,-56.28140703517588,119042348185.0
V3,L2,2023-01-31,سمازن,شاراک,4282,4291,55.778894472361806,0.0,75352087261.0
V3,L2,2023-01-31,سهگمت,کحافظ,4285,4379,35.175879396984925,-41.959798994974875,45729888544.666664
V3,L2,2023-02-28,سهرمز,شگویا,4488,4517,81.06796116504854,65.29126213592234,172877690913.0
V3,L2,2023-02-28,دفرا,شاراک,4456,4495,54.36893203883495,38.349514563106794,65057041849.33333
V3,L2,2023-02-28,سغرب,بوعلی,4483,4413,84.95145631067962,0.0,244110294209.66666
V3,L2,2023-02-28,سبجنو,ساروم,4475,4473,4.854368932038835,0.0,4429325714.333332
V3,L2,2023-02-28,سهگمت,دسینا,4489,4454,32.5242718446602,-72.0873786407767,31899174470.333336
V3,L2,2023-02-28,سیستم,شغدیر,4494,4506,59.223300970873794,-38.349514563106794,74897981343.0
V3,L2,2023-02-28,دابور,غنوش,4441,4531,82.03883495145632,0.0,229720326935.3333
V3,L2,2023-03-29,دفرا,سمازن,4667,4698,32.55813953488372,-7.209302325581396,32742290381.333336
V3,L2,2023-03-29,سغرب,بوعلی,4695,4622,84.65116279069768,0.0,332639264972.3333
V3,L2,2023-03-29,دابور,سآبیک,4651,4682,53.02325581395348,0.0,57436918157.0
V3,L2,2023-03-29,پاکشو,شاوان,4790,4709,72.09302325581396,0.0,146869444601.0
V3,L2,2023-03-29,سهگمت,شدوص,4701,4715,40.93023255813954,-43.02325581395349,39813290854.333336
V3,L2,2023-03-29,سیستم,شیراز,4706,4731,73.48837209302326,-72.09302325581396,146020237103.0
V3,L2,2023-03-29,قلرست,شگویا,4775,4730,74.88372093023256,73.0232558139535,181103015224.66666
V3,L2,2023-03-29,کاسپین,ارفع,4802,4612,73.95348837209302,0.0,115475265625.66667
V3,L2,2023-04-30,سهگمت,شیراز,4915,4944,79.12621359223301,-79.36893203883496,302999648602.3334
V3,L2,2023-04-30,سبجنو,کیمیاتک,4901,5036,10.194174757281552,0.0,27059972783.666668
V3,L2,2023-04-30,شرانل,غمینو,4930,4955,37.37864077669903,0.0,67712168827.0
V3,L2,2023-04-30,دکپسول,شاوان,4885,4923,66.01941747572816,0.0,201344953515.0
V3,L2,2023-04-30,دفرا,پکویر,4883,5004,31.55339805825243,-78.39805825242718,66180726227.33333
V3,L2,2023-04-30,سیستم,کخاک,4920,5016,14.077669902912621,0.0,26241629062.333336
V3,L2,2023-04-30,سقاین,شگویا,4911,4943,77.66990291262135,0.0,327540424136.0
V3,L2,2023-04-30,دابور,شاملا,4867,4922,27.669902912621357,0.0,56360969568.33333
V3,L2,2023-04-30,شدوص,کلر,4929,5025,65.0485436893204,-34.46601941747572,194531779711.33334
V3,L2,2023-04-30,سغرب,رانفور,4909,4887,71.35922330097088,-26.45631067961165,225932114552.96667
V3,L2,2023-04-30,دارو,فولاد,4868,4976,94.1747572815534,-23.300970873786408,2271333782112.0
V3,L2,2023-05-31,سهگمت,خزامیا,5120,5066,91.34615384615384,17.632850241545892,1500351915609.0
V3,L2,2023-05-31,سبجنو,شاوان,5105,5128,74.03846153846155,42.512077294685994,239788775950.0
V3,L2,2023-05-31,شدوص,شاملا,5134,5127,48.07692307692307,23.67149758454106,98742808657.0
V3,L2,2023-05-31,کلوند,پاکشو,5234,5209,34.13461538461539,21.497584541062807,75889722404.66666
V3,L2,2023-05-31,شرانل,غشاذر,5135,5157,9.615384615384617,-66.18357487922705,17173621356.0
V3,L2,2023-05-31,شمواد,غشان,5140,5158,12.98076923076923,-28.01932367149758,23300776874.0
V3,L2,2023-05-31,سیستم,شکربن,5125,5147,48.07692307692307,0.0,107788694363.33334
V3,L2,2023-05-31,سقاین,سهرمز,5116,5119,6.730769230769232,31.400966183574887,10547192141.333328
V3,L2,2023-05-31,دارو,پکویر,5074,5214,38.94230769230769,-28.019323671497588,91249741645.33333
V3,L2,2023-05-31,دفرا,سپیدار,5087,5122,39.90384615384615,-76.81159420289856,100255354553.0
V3,L2,2023-05-31,سغرب,نوری,5114,5197,83.17307692307693,31.400966183574887,486164548844.3334
V3,L2,2023-06-28,ساربیل,شپدیس,5315,5354,88.40579710144928,84.05797101449276,345959887768.6667
V3,L2,2023-06-28,دارو,کپشیر,5284,5450,33.81642512077295,-28.502415458937197,37391686108.0
V3,L2,2023-06-28,سغرب,شاراک,5327,5338,61.352657004830924,-16.425120772946862,100759579314.66667
V3,L2,2023-06-28,دسینا,غپینو,5297,5377,35.7487922705314,0.0,43422064570.03333
V3,L2,2023-06-28,کیمیاتک,حتاید,5453,5266,19.806763285024157,44.20289855072464,19905679690.666668
V3,L2,2023-06-28,شدوص,زشگزا,5346,5307,50.24154589371981,31.642512077294686,59138527014.33333
V3,L2,2023-06-28,کاسپین,زکشت,5430,5312,42.028985507246375,-49.27536231884058,46834592741.666664
V3,L2,2023-06-28,غشاذر,سهرمز,5369,5332,49.275362318840585,72.70531400966183,56713663372.0
V3,L2,2023-07-31,دفرا,زقیام,5509,5522,38.028169014084504,50.46948356807513,30502853249.433334
V3,L2,2023-07-31,کیمیاتک,خزامیا,5669,5485,92.95774647887325,-42.72300469483568,655722661588.0
V3,L2,2023-07-31,دسینا,زشگزا,5507,5519,23.943661971830984,67.13615023474178,21986233639.0
V3,L2,2023-07-31,فایرا,غپینو,5595,5589,40.375586854460096,20.422535211267608,37928223391.13333
V3,L2,2023-07-31,پخش,سصوفی,5632,5537,15.492957746478876,0.0,10090474113.333332
V3,L2,2023-07-31,کاسپین,قلرست,5642,5616,22.535211267605636,-11.971830985915494,16346107413.666668
V3,L2,2023-07-31,داسوه,شدوص,5495,5556,23.004694835680752,11.971830985915494,16814296965.0
V3,L2,2023-08-30,دفرا,کلر,5725,5872,53.52112676056338,73.00469483568075,34861202859.333336
V3,L2,2023-08-30,دارو,پیزد,5710,5852,32.3943661971831,-33.80281690140845,17223777063.333336
V3,L2,2023-08-30,دسینا,حتاید,5723,5692,46.948356807511736,0.0,28518263674.666664
V3,L2,2023-08-30,سغرب,شگل,5754,5785,8.92018779342723,0.0,5939731201.333333
V3,L2,2023-08-30,فایرا,زکشت,5811,5740,13.145539906103288,0.0,7449335658.000001
V3,L2,2023-08-30,داسوه,غفارس,5711,5798,58.21596244131455,-33.80281690140845,38256043610.0
V3,L2,2023-08-30,کخاک,نوری,5863,5835,78.40375586854461,-58.92018779342724,118247140075.33333
V3,L2,2023-08-30,کاسپین,غمهرا,5858,5799,9.389671361502346,-27.464788732394368,6466185490.333333
V3,L2,2023-09-30,دفرا,زفکا,5941,5953,51.36363636363637,21.91780821917808,29234148749.999996
V3,L2,2023-09-30,دارو,غمهرا,5926,6020,3.6363636363636362,-63.4703196347032,1219290878.333334
V3,L2,2023-09-30,سغرب,کلر,5970,6094,51.81818181818182,0.0,29330891113.333336
V3,L2,2023-09-30,فایرا,زمگسا,6032,5955,19.090909090909093,19.406392694063925,9743889145.666666
V3,L2,2023-09-30,سبجنو,پیزد,5962,6074,35.909090909090914,0.0,16725297361.333336
V3,L2,2023-09-30,پرداخت,قاسم,6071,6049,29.545454545454547,56.16438356164384,17722865399.0
V3,L2,2023-09-30,داسوه,حسینا,5927,5911,21.818181818181817,38.81278538812785,13483516657.0
V3,L2,2023-09-30,کاسپین,کپشیر,6080,6102,70.9090909090909,48.401826484018265,74711562946.66666
V3,L2,2023-09-30,کخاک,زشگزا,6085,5951,25.90909090909091,-28.99543378995434,13583241308.666668
V3,L2,2023-10-31,دارو,غشصفا,6150,6237,42.05607476635514,0.0,21719407812.333332
V3,L2,2023-10-31,سغرب,کرازی,6192,6303,76.6355140186916,0.0,58428487355.899994
V3,L2,2023-10-31,دفرا,خموتور,6163,6144,29.906542056074763,0.0,14471777145.333336
V3,L2,2023-10-31,کیمیاتک,سصوفی,6323,6191,14.953271028037385,17.056074766355138,6962241295.333333
V3,L2,2023-10-31,پرداخت,شمواد,6288,6217,53.73831775700935,0.0,28610857816.666668
V3,L2,2023-10-31,دسینا,کپشیر,6161,6318,67.28971962616824,0.0,41007596578.0
V3,L2,2023-10-31,غمهرا,قاسم,6240,6268,21.962616822429904,40.887850467289724,10641348180.0
V3,L2,2023-10-31,سبجنو,حسینا,6183,6135,68.22429906542057,0.0,45260974172.0
V3,L2,2023-10-31,کلوند,غشان,6311,6236,14.953271028037385,-35.04672897196262,7426586549.333333
V3,L2,2023-10-31,کاسپین,هجرت,6297,6275,42.05607476635513,0.0,21577266638.666668
V3,L2,2023-11-29,سغرب,ارفع,6411,6326,37.327188940092164,-42.626728110599075,18799556272.0
V3,L2,2023-11-29,دسینا,پخش,6379,6507,12.903225806451612,0.0,6423020077.333334
V3,L2,2023-11-29,دارو,ساروم,6366,6400,7.834101382488479,0.0,3596506435.333334
V3,L2,2023-11-29,دفرا,شبندر,6381,6428,94.00921658986175,0.0,237733534221.3333
V3,L2,2023-11-29,کیمیاتک,تپسی,6542,6343,45.16129032258064,58.986175115207374,24037356098.666668
V3,L2,2023-11-29,افق,بوعلی,6327,6336,81.10599078341014,21.428571428571427,107380296957.66666
V3,L2,2023-11-29,پرداخت,سصوفی,6508,6410,29.493087557603687,54.83870967741935,15613855924.000002
V3,L2,2023-12-31,سغرب,تپسی,6628,6561,63.88888888888889,0.0,53946604521.0
V3,L2,2023-12-31,دسینا,شیراز,6596,6662,71.75925925925927,-35.648148148148145,66884609861.666664
V3,L2,2023-12-31,سهرمز,بوعلی,6633,6554,75.0,-53.00925925925925,100976027323.66667
V3,L2,2023-12-31,دکپسول,دبالک,6601,6588,18.51851851851852,-58.56481481481482,11164444503.333334
V3,L2,2023-12-31,دفرا,هجرت,6598,6711,18.51851851851852,0.0,13970830231.0
V3,L2,2023-12-31,سفانو,شغدیر,6629,6651,20.833333333333332,0.0,13619115895.333336
V3,L2,2023-12-31,پرداخت,خموتور,6724,6577,56.48148148148149,55.55555555555556,41041193203.433334
V3,L2,2023-12-31,شپارس,کرازی,6654,6739,65.27777777777779,0.0,54792400820.933334
V3,L2,2024-01-31,پاسا,کحافظ,6937,6953,10.328638497652582,0.0,7218607623.666666
V3,L2,2024-01-31,دفرا,شبصیر,6817,6861,28.638497652582156,41.079812206572775,16724404727.999998
V3,L2,2024-01-31,سغرب,خراسان,6846,6792,19.71830985915493,-35.91549295774648,12237499020.333334
V3,L2,2024-01-31,دسینا,شیراز,6815,6878,76.05633802816901,-35.91549295774648,68963396972.0
V3,L2,2024-01-31,کیمیاتک,کخاک,6975,6954,30.046948356807512,0.0,17459340154.0
V3,L2,2024-01-31,سبجنو,پتایر,6838,6939,56.33802816901407,0.0,38813304313.23334
V3,L2,2024-01-31,کاسپین,شمواد,6950,6868,43.1924882629108,-66.19718309859155,25913877372.200005
V3,L2,2024-01-31,سهگمت,کپشیر,6851,6970,85.44600938967136,-60.56338028169015,125690910499.0
V3,L2,2024-02-28,پاکشو,دسینا,7150,7030,15.94202898550725,0.0,6520523341.666666
V3,L2,2024-02-28,سغرب,شغدیر,7061,7084,32.850241545893724,0.0,14325797761.0
V3,L2,2024-02-28,سپیدار,غمهرا,7069,7107,16.90821256038647,-63.76811594202898,7981224478.0
V3,L2,2024-02-28,کاسپین,کحافظ,7160,7163,26.08695652173913,0.0,11716535888.0
V3,L2,2024-02-28,دفرا,رانفور,7032,7037,10.144927536231885,35.748792270531396,5273351768.666667
V3,L2,2024-03-30,پاکشو,شاملا,7368,7286,45.70135746606335,-32.126696832579185,18629618091.333336
V3,L2,2024-03-30,سغرب,بوعلی,7273,7198,89.14027149321268,0.0,130359667903.66667
V3,L2,2024-03-30,سمازن,رمپنا,7276,7249,74.6606334841629,39.14027149321267,65651620992.0
V3,L2,2024-03-30,سفانو,شبندر,7274,7290,91.8552036199095,-70.36199095022624,351672612016.3333
V3,L2,2024-03-30,سبجنو,کحافظ,7264,7384,28.054298642533936,8.144796380090497,13455531556.066666
V3,L2,2024-03-30,دفرا,کپارس,7243,7400,28.054298642533936,6.33484162895927,11321458633.333332
V3,L2,2024-03-30,کاسپین,رانفور,7380,7248,45.24886877828054,0.0,17792781725.0
V3,L2,2024-03-30,کیمیاتک,پیزد,7407,7374,9.502262443438914,0.0,4477000163.633333
V3,L2,2024-03-30,فایرا,سصوفی,7333,7272,38.009049773755656,63.12217194570137,14836704944.333332
V3,L2,2024-04-30,سغرب,ساربیل,7491,7480,15.887850467289718,-53.0373831775701,6934608537.999999
V3,L2,2024-04-30,سهگمت,زشگزا,7497,7472,57.943925233644855,-32.94392523364486,34029469056.333336
V3,L2,2024-04-30,سبجنو,ارفع,7482,7410,78.50467289719626,77.10280373831776,75400656990.33334
V3,L2,2024-04-30,سفانو,غدیس,7492,7534,51.4018691588785,0.0,26821557894.333336
V3,L2,2024-04-30,کاسپین,پکویر,7598,7592,56.54205607476636,-71.96261682242991,33545380202.166664
V3,L2,2024-04-30,دفرا,غکورش,7463,7546,53.73831775700935,-25.233644859813086,27787725363.333332
V3,L2,2024-04-30,پاکشو,سشرق,7587,7488,64.48598130841123,0.0,38214776170.0
V3,L2,2024-05-29,سغرب,شدوص,7705,7725,44.54976303317535,0.0,18042712140.433334
V3,L2,2024-05-29,سمازن,زقیام,7708,7690,60.18957345971564,14.454976303317535,28464960892.633335
V3,L2,2024-05-29,سبجنو,پکویر,7697,7803,60.66350710900473,8.767772511848342,27789705748.3
V3,L2,2024-05-29,ساربیل,فجر,7694,7768,67.29857819905213,-47.6303317535545,44755122142.66667
V3,L2,2024-05-29,دقاضی,شبندر,7678,7722,94.3127962085308,23.933649289099527,233002728075.33334
V3,L2,2024-05-29,دفرا,شاراک,7677,7717,55.45023696682464,-14.454976303317535,25444278981.333332
V3,L2,2024-05-29,پاکشو,دکپسول,7799,7680,41.232227488151665,-54.97630331753556,17438541310.0
V3,L2,2024-05-29,سکرد,کپشیر,7714,7832,32.70142180094787,-45.497630331753555,11150433295.0
V3,L2,2024-06-30,سغرب,زقیام,7917,7902,44.607843137254896,16.176470588235293,14107676063.466665
V3,L2,2024-06-30,سبجنو,پاسا,7908,8007,16.666666666666668,-30.14705882352941,4007336097.333333
V3,L2,2024-06-30,دقاضی,فملی,7892,7983,97.54901960784315,47.549019607843135,394261133639.6667
V3,L2,2024-06-30,ساربیل,خراسان,7905,7868,18.627450980392155,-31.372549019607842,4414056640.666667
V3,L2,2024-06-30,کاسپین,کپشیر,8019,8039,33.8235294117647,-30.14705882352941,9646028025.0
V3,L2,2024-06-30,دفرا,زشگزا,7891,7900,51.9607843137255,70.58823529411764,17104648513.333332
V3,L2,2024-06-30,سکرد,حتاید,7926,7860,52.450980392156865,0.0,17561379093.666668
V3,L2,2024-07-31,ساربیل,سپیدار,8115,8135,48.81516587677726,-34.834123222748815,18258449317.0
V3,L2,2024-07-31,فایرا,غدیس,8184,8167,75.35545023696682,-13.033175355450238,45224149415.0
V3,L2,2024-07-31,دقاضی,فباهنر,8098,8185,83.88625592417061,0.0,56956807518.8
V3,L2,2024-07-31,پاکشو,دکپسول,8218,8100,36.492890995260666,0.0,10505489012.666668
V3,L2,2024-07-31,دفرا,زقیام,8097,8110,34.12322274881517,-7.109004739336491,9520086184.6
V3,L2,2024-07-31,غمهرا,کلوند,8174,8245,44.07582938388626,-49.99999999999999,13480820743.466667
V3,L2,2024-08-31,دقاضی,زگلدشت,8311,8326,11.52073732718894,-51.15207373271888,3703372827.666667
V3,L2,2024-08-31,پاکشو,دکپسول,8435,8313,25.34562211981567,81.33640552995391,6514456003.666667
V3,L2,2024-08-31,دفرا,ددانا,8310,8305,21.19815668202765,34.331797235023046,4925287668.0
V3,L2,2024-08-31,غمهرا,زشگزا,8387,8320,36.405529953917046,16.820276497695847,10557989487.333334
V3,L2,2024-08-31,زمگسا,ذوب,8324,8314,85.71428571428571,-9.216589861751151,187742568574.63333
V3,L2,2024-09-30,دقاضی,زگلدشت,8526,8540,29.901960784313726,-25.245098039215684,8952358837.0
V3,L2,2024-09-30,دفرا,ددانا,8525,8519,37.254901960784316,0.0,12492128840.666668
V3,L2,2024-09-30,پاکشو,شکربن,8642,8582,76.96078431372548,10.049019607843137,50970489542.0
V3,L2,2024-09-30,دسینا,پکرمان,8523,8645,80.3921568627451,28.186274509803923,59947619079.0
V3,L2,2024-09-30,غمایه,شاملا,8596,8565,55.88235294117647,40.19607843137255,22233553580.333332
V3,L2,2024-10-30,دقاضی,پکرمان,8737,8863,71.75925925925925,59.49074074074075,44134678021.333336
V3,L2,2024-10-30,غمایه,پتایر,8810,8860,39.81481481481482,32.63888888888889,14838223942.633335
V3,L2,2024-10-30,پاکشو,کلوند,8859,8885,44.44444444444444,55.092592592592595,17095006528.933332
V3,L2,2024-10-30,دفرا,سصوفی,8736,8764,73.61111111111111,-32.63888888888889,40828013282.0
V3,L2,2024-11-30,دقاضی,شاراک,8956,8994,52.054794520547944,42.69406392694064,35116964547.33333
V3,L2,2024-11-30,زگلدشت,پاسا,8970,9078,28.31050228310502,56.849315068493155,15610303735.266666
V3,L2,2024-11-30,پاکشو,ارفع,9079,8901,40.63926940639269,63.6986301369863,26361423468.7
V3,L2,2024-11-30,دفرا,قنیشا,8955,9065,16.43835616438356,0.0,8943982455.166666
V3,L2,2024-11-30,سقاین,نوری,8985,9067,91.78082191780823,-42.69406392694064,311410797432.26666
V3,L2,2024-11-30,شپارس,شکربن,9010,9014,74.88584474885845,0.0,68640623842.99999
V3,L2,2024-12-31,پاکشو,دکپسول,9294,9179,7.511737089201878,57.27699530516431,7867467977.133335
V3,L2,2024-12-31,فایرا,ساربیل,9260,9193,19.71830985915493,0.0,16091622565.0
V3,L2,2024-12-31,دقاضی,تلیسه,9177,9136,40.845070422535215,42.48826291079812,41995970883.76667
V3,L2,2024-12-31,غمهرا,شبصیر,9249,9221,56.33802816901409,0.0,83494084949.0
V3,L2,2024-12-31,دفرا,غپینو,9176,9254,63.84976525821596,59.38967136150235,93583086418.2
V3,L2,2024-12-31,کیمیاتک,شاوان,9333,9219,73.70892018779342,18.779342723004692,163938642100.0
V3,L2,2024-12-31,شپارس,شکربن,9232,9236,72.30046948356808,0.0,121025396036.8
V3,L2,2025-01-29,نوری,شدوص,9500,9437,44.10377358490566,67.9245283018868,54058105017.0
V3,L2,2025-01-29,دفرا,زمگسا,9389,9402,33.9622641509434,63.91509433962265,33397439004.0
V3,L2,2025-01-29,غمهرا,ذوب,9466,9393,89.15094339622641,0.0,869261958720.4667
V3,L2,2025-02-26,غمهرا,ساروم,9684,9624,35.885167464114836,29.904306220095695,28359973870.0
V3,L2,2025-03-30,پاکشو,سباقر,9945,9838,66.5137614678899,,63420238527.700005
V3,L2,2025-03-30,غشاذر,پاسا,9893,9944,36.23853211009175,15.972222222222227,18114715563.0
V3,L2,2025-03-30,غشان,انرژی,9894,9767,79.35779816513761,39.12037037037038,104768690627.9
V3,L2,2025-03-30,قلرست,شاوان,9931,9861,73.85321100917432,31.944444444444446,80148431902.66666
V3,L2,2025-04-30,سپیدار,عالیس,10074,10105,45.909090909090914,27.727272727272727,38417518867.4
V3,L2,2025-04-30,دقاضی,شبهرن,10038,10084,74.54545454545455,42.04545454545454,94601767125.33333
V3,L2,2025-04-30,بمپنا,ساربیل,9991,10054,56.81818181818182,31.36363636363636,55430491011.433334
V3,L2,2025-04-30,دفرا,پتایر,10037,10166,61.36363636363637,0.0,58434804406.2
V3,L2,2025-04-30,بپیوند,شاوان,9995,10080,65.45454545454545,0.0,74786125109.33333
V3,L2,2025-04-30,قلرست,کهمدا,10150,10196,24.09090909090909,-29.318181818181817,15108308599.8
V3,L2,2025-05-31,فایرا,زمگسا,10346,10273,36.915887850467286,-30.140186915887845,46962890775.33333
V3,L2,2025-05-31,دفرا,ذوب,10259,10263,92.52336448598132,0.0,713649491907.1
V3,L2,2025-05-31,بگیلان,کماسه,10217,10408,84.57943925233646,-70.5607476635514,251260308892.13333
V3,L2,2025-06-30,دفرا,نان,10475,10589,85.9090909090909,-41.13636363636364,156668160090.36667
V3,L2,2025-06-30,دزهراوی,دکپسول,10471,10478,37.27272727272727,27.727272727272727,25037615680.066666
V3,L2,2025-06-30,پرداخت,خموتور,10604,10455,66.36363636363637,-56.81818181818181,62748085584.76667
V3,L2,2025-06-30,بگیلان,فباهنر,10434,10568,76.36363636363637,-45.454545454545446,109671198430.0
V3,L2,2025-07-30,خراسان,زفکا,10669,10705,57.07317073170732,-40.97560975609756,34801143154.13334
V3,L2,2025-07-30,کیمیاتک,غپینو,10845,10774,69.26829268292683,0.0,52102483064.166664
V3,L2,2025-07-30,دزهراوی,پارس,10690,10809,62.92682926829267,30.73170731707317,41105391546.53333
V3,L2,2025-08-31,کاسپین,شسپا,11042,10955,74.77477477477478,10.585585585585585,70906437089.36667
V3,L2,2025-08-31,پرداخت,فملی,11033,11002,95.4954954954955,-65.990990990991,846737991598.3333
V3,L2,2025-08-31,دزهراوی,کیمیاتک,10898,11068,40.54054054054054,27.70270270270271,19900965044.63333
V3,L2,2025-08-31,داسوه,زشگزا,10887,10912,34.234234234234236,-36.48648648648649,15955417806.333332
V3,L2,2025-08-31,شگل,غمایه,10965,10980,12.612612612612612,-65.990990990991,6571794705.333334
V3,L2,2025-09-30,پرداخت,دزاگرس,11256,11122,76.23318385650224,19.730941704035875,77300149447.66667
V3,L2,2025-09-30,کپرور,غشصفا,11287,11201,26.457399103139018,0.0,12595594910.0
V3,L2,2025-09-30,داسوه,کپشیر,11112,11288,59.19282511210761,-69.28251121076234,35376293451.666664
V3,L2,2025-09-30,کطبس,بمپنا,11278,11079,47.98206278026906,0.0,26305764177.766666
V3,L2,2025-09-30,قلرست,زگلدشت,11237,11141,19.282511210762333,-35.2017937219731,8706631732.599998
V3,L2,2025-09-30,شگل,سفانو,11188,11157,38.11659192825112,0.0,17965970587.43333
V3,L2,2025-09-30,بپیوند,زدشت,11083,11135,12.55605381165919,11.210762331838565,6082654441.666666
V3,L2,2025-09-30,دزهراوی,شبندر,11123,11173,91.4798206278027,-15.695067264573993,861143604668.1
V3,L2,2025-10-29,داسوه,سفانو,11337,11384,22.56637168141593,0.0,17445844137.0
V3,L2,2025-10-29,کپرور,عالیس,11514,11420,38.93805309734514,0.0,34099901958.56667
V3,L2,2025-10-29,پرداخت,زکشت,11484,11367,17.699115044247787,60.88888888888889,15548284076.0
V3,L2,2025-10-29,شگل,زفکا,11417,11364,62.83185840707964,0.0,77798647334.29999
V3,L2,2025-10-29,قلرست,پکرمان,11465,11485,52.65486725663716,-54.0,51813218860.66667
V3,L2,2025-11-30,فگستر,پیزد,11685,11712,6.666666666666665,0.0,7790738207.766666
V3,L2,2025-11-30,کطبس,دلقما,11731,11579,68.0,-48.660714285714285,117268680434.13333
V3,L2,2025-11-30,غشصفا,غشان,11653,11652,11.555555555555555,0.0,9421663160.800001
V3,L2,2025-11-30,کپرور,فملی,11740,11678,98.22222222222223,0.0,1987874152186.3333
V3,L2,2025-11-30,پرداخت,سصوفی,11709,11606,82.22222222222223,60.49107142857143,276470676019.6667
V3,L2,2025-12-31,فگستر,حتاید,11912,11771,73.54260089686099,0.0,203401692785.06665
V3,L2,2025-12-31,کطبس,پیزد,11956,11937,11.210762331838566,0.0,10682141961.133335
V3,L2,2025-12-31,چکارن,غمینو,11940,11886,10.762331838565022,0.0,14256640455.000004
V3,L2,2025-12-31,غشصفا,زشگزا,11881,11814,39.46188340807175,43.049327354260086,58701719957.333336
V3,L2,2026-01-31,غشصفا,غمینو,12105,12110,19.26605504587156,44.95412844036697,27544215053.700005
V3,L2,2026-01-31,چکارن,شبندر,12161,12076,95.41284403669724,-65.82568807339449,5176464022682.267
V3,L2,2026-05-31,دفرا,کلر,12241,12382,53.69458128078818,67.48768472906403,26497574882.0
V3,L2,2026-05-31,غبشهر,سآبیک,12306,12256,72.9064039408867,44.58128078817734,42607024145.86666
V3,L2,2026-05-31,غاذر,دابور,12304,12225,36.45320197044335,67.48768472906403,10605683361.0
V3,L2,2026-06-30,غبشهر,کلر,12512,12589,51.92307692307692,44.47115384615385,151109305703.19998
V3,L2,2026-06-30,دفرا,سشرق,12444,12470,65.38461538461539,45.192307692307686,280925659841.0
V3,L2,2026-06-30,بپیوند,کهمدا,12406,12594,60.57692307692307,57.932692307692314,234639854885.8
V3,L3,2021-01-31,سهگمت,کرماشا,37,73,10.256410256410255,70.51282051282051,36439003832.333336
V3,L3,2021-02-28,سهگمت,کرماشا,116,153,5.000000000000002,65.18987341772151,10323014376.666664
V3,L3,2021-04-28,قلرست,وخاور,302,307,46.34146341463414,75.60975609756098,33910383629.999996
V3,L3,2021-04-28,سنیر,شرانل,278,285,48.78048780487805,72.56097560975611,35823840483.03333
V3,L3,2021-04-28,فولای,هجرت,300,303,9.756097560975611,46.34146341463415,6712627940.4
V3,L3,2021-05-31,قلرست,شپلی,395,380,69.66292134831461,11.363636363636362,52667517419.4
V3,L3,2021-05-31,غدام,دتماد,385,349,31.46067415730337,53.40909090909091,13024363732.666666
V3,L3,2021-05-31,بهپاک,سپیدار,332,370,26.96629213483146,39.77272727272727,13256914877.1
V3,L3,2021-05-31,زمگسا,پخش,358,402,13.48314606741573,25.568181818181817,1867534324.4
V3,L3,2021-06-30,ساربیل,کرماشا,451,500,40.0,36.904761904761905,32376335218.333332
V3,L3,2021-06-30,غدام,سخوز,475,454,38.82352941176471,16.666666666666668,30351255923.0
V3,L3,2021-06-30,کاسپین,شوینده,497,469,15.294117647058822,36.904761904761905,9275587713.333334
V3,L3,2021-06-30,زمگسا,سغرب,449,459,42.352941176470594,12.5,32889327526.0
V3,L3,2021-07-31,قلرست,فاذر,620,611,71.89542483660131,-0.6535947712418301,111578711888.73334
V3,L3,2021-07-31,غدام,بموتو,597,513,41.830065359477125,85.62091503267975,48055032417.666664
V3,L3,2021-07-31,سنیر,دالبر,574,541,1.3071895424836601,17.320261437908496,7972277230.0
V3,L3,2021-08-31,شسپا,پیزد,759,829,38.97435897435898,61.53846153846154,60555754952.933334
V3,L3,2021-08-31,کرازی,تاصیکو,840,675,77.94871794871796,47.94871794871795,172577650623.83334
V3,L3,2021-09-29,بمپنا,فگستر,868,1003,50.75376884422111,16.331658291457288,83564295263.9
V3,L3,2021-10-31,سیستم,فولاد,1149,1206,87.56218905472637,17.16417910447761,915916274908.6666
V3,L3,2021-11-30,سیستم,دکپسول,1356,1321,19.51219512195122,68.29268292682926,10579344494.8
V3,L3,2021-11-30,شمواد,شغدیر,1370,1368,87.3170731707317,70.48780487804878,154602647392.0
V3,L3,2022-01-31,دفرا,فجر,1733,1819,73.0,26.38190954773869,46825705616.0
V3,L3,2022-01-31,کطبس,سرود,1870,1755,-4.000000000000001,61.557788944723626,-1328814318.333333
V3,L3,2022-02-28,افق,پتایر,1889,2058,39.613526570048315,71.60194174757282,13250334459.366665
V3,L3,2022-02-28,دفرا,غدیس,1937,2005,58.93719806763285,65.0485436893204,25070007861.666668
V3,L3,2022-02-28,ذوب,شغدیر,1940,1988,-12.077294685990337,,-67633976086.666664
V3,L3,2022-03-30,سمازن,شکام,2178,2207,68.57142857142857,15.238095238095239,74656319910.0
V3,L3,2022-03-30,پیزد,پرداخت,2275,2272,31.90476190476191,79.76190476190477,13231287848.333332
V3,L3,2022-03-30,پکویر,بشهاب,2274,2102,78.57142857142857,27.380952380952383,92190415303.96666
V3,L3,2022-05-31,کخاک,کحافظ,2693,2692,54.77386934673366,74.37185929648241,70035698055.83334
V3,L3,2022-06-29,دارو,کسرا,2752,2906,73.7864077669903,77.66990291262135,82169851308.33334
V3,L3,2022-07-31,دارو,سهگمت,2963,3010,2.403846153846155,43.269230769230774,445916618.0
V3,L3,2022-07-31,داسوه,سصوفی,2964,3003,64.42307692307692,61.29807692307692,40094637311.33333
V3,L3,2022-07-31,کخاک,فملی,3111,3070,89.90384615384615,22.83653846153846,428200466667.3333
V3,L3,2022-08-31,دفرا,فباهنر,3190,3276,66.19718309859155,74.64788732394366,37323532529.66667
V3,L3,2022-08-31,دسینا,شغدیر,3188,3241,74.64788732394366,22.769953051643192,51905781546.33333
V3,L3,2022-09-28,کاسپین,زفکا,3534,3411,31.730769230769234,75.0,9670387782.333332
V3,L3,2022-09-28,دسینا,سصوفی,3401,3428,26.442307692307693,79.32692307692307,10862972127.333332
V3,L3,2022-10-31,دابور,حسینا,3601,3587,9.56937799043062,64.35406698564593,2751583140.333333
V3,L3,2022-10-31,کاسپین,ساروم,3747,3633,-4.784688995215311,63.1578947368421,-923432671.333334
V3,L3,2022-11-30,دسینا,قرن,3827,3930,17.061611374407583,59.47867298578199,6486214356.333334
V3,L3,2022-11-30,فنوال,رمپنا,3923,3834,80.56872037914692,-1.8957345971563981,60187456257.0
V3,L3,2022-12-31,دابور,قصفها,4027,4147,-1.9047619047619049,64.99999999999999,-1172424923.333334
V3,L3,2023-02-28,سهرمز,شگویا,4488,4517,81.06796116504854,65.29126213592234,172877690913.0
V3,L3,2023-03-29,قلرست,سمازن,4775,4698,24.65116279069768,30.0,22507429673.0
V3,L3,2023-04-30,قلرست,شیراز,4984,4944,71.84466019417475,0.48543689320388345,280220303294.6667
V3,L3,2023-06-28,ساربیل,شپدیس,5315,5354,88.40579710144928,84.05797101449276,345959887768.6667
V3,L3,2023-06-28,غشاذر,کپشیر,5369,5450,30.917874396135264,0.0,34501613755.66667
V3,L3,2023-07-31,دفرا,زقیام,5509,5522,38.028169014084504,50.46948356807513,30502853249.433334
V3,L3,2023-07-31,دسینا,خزامیا,5507,5485,99.06103286384977,7.746478873239438,665805231366.6666
V3,L3,2023-08-30,دفرا,کلر,5725,5872,53.52112676056338,73.00469483568075,34861202859.333336
V3,L3,2023-08-30,غکورش,پیزد,5805,5852,29.107981220657276,49.06103286384977,14874141317.000002
V3,L3,2023-08-30,ساربیل,حتاید,5743,5692,39.906103286384976,23.943661971830984,24051296090.666664
V3,L3,2023-09-30,دابور,زفکا,5925,5953,44.0909090909091,70.54794520547945,24158684856.33333
V3,L3,2023-10-31,کیمیاتک,غشصفا,6323,6237,43.45794392523364,57.94392523364487,22013372648.0
V3,L3,2023-10-31,پرداخت,کرازی,6288,6303,78.97196261682244,54.90654205607477,60671763993.23333
V3,L3,2023-11-29,کیمیاتک,ارفع,6542,6326,35.483870967741936,16.359447004608292,18036008445.666668
V3,L3,2023-11-29,افق,سبجنو,6327,6402,-3.686635944700461,64.0552995391705,-1958218191.333334
V3,L3,2023-11-29,پرداخت,پخش,6508,6507,14.285714285714288,54.83870967741935,7786358735.666668
V3,L3,2023-12-31,پرداخت,تپسی,6724,6561,66.66666666666667,55.55555555555556,55930270752.333336
V3,L3,2024-02-28,شدوص,کیمیاتک,7080,7184,-4.3478260869565215,71.01449275362319,-1607073586.5666676
V3,L3,2024-03-30,سبجنو,شاملا,7264,7286,55.203619909502265,43.891402714932134,25899277048.666668
V3,L3,2024-03-30,فایرا,بوعلی,7333,7198,85.52036199095024,63.12217194570137,127771442654.66667
V3,L3,2024-04-30,سبجنو,ساربیل,7482,7480,14.485981308411214,24.065420560747665,6150749159.333333
V3,L3,2024-05-29,سبجنو,شدوص,7697,7725,43.60189573459715,36.25592417061612,17235392134.766666
V3,L3,2024-06-30,دفرا,زقیام,7891,7902,40.68627450980392,39.2156862745098,12437671821.8
V3,L3,2024-08-31,پاکشو,زگلدشت,8435,8326,11.981566820276496,30.18433179723502,3741173297.0
V3,L3,2024-08-31,فایرا,دکپسول,8399,8313,11.981566820276498,88.0184331797235,2482444582.666667
V3,L3,2024-09-30,پاکشو,زگلدشت,8642,8540,29.411764705882355,38.235294117647065,8904197103.333334
V3,L3,2024-09-30,فایرا,ددانا,8608,8519,25.0,87.74509803921569,8915406486.666668
V3,L3,2024-10-30,پاکشو,پکرمان,8859,8863,77.31481481481481,87.7314814814815,46767328906.0
V3,L3,2024-10-30,فایرا,پتایر,8823,8860,33.7962962962963,78.47222222222221,13258626403.633335
V3,L3,2024-11-30,زگلدشت,شاراک,8970,8994,47.94520547945205,56.849315068493155,34020929319.6
V3,L3,2024-11-30,پاکشو,خراسان,9079,8931,-0.45662100456621,21.004566210045663,-125439701.6333332
V3,L3,2024-12-31,زگلدشت,دکپسول,9191,9179,6.572769953051642,57.27699530516431,6528355278.366669
V3,L3,2024-12-31,پاکشو,ساربیل,9294,9193,14.084507042253522,57.27699530516431,12613707339.466667
V3,L3,2024-12-31,دفرا,سفانو,9176,9206,6.572769953051644,59.38967136150235,10667628750.666666
V3,L3,2024-12-31,کیمیاتک,تلیسه,9333,9136,37.55868544600939,61.267605633802816,39941776033.433334
V3,L3,2025-01-29,نوری,شدوص,9500,9437,44.10377358490566,67.9245283018868,54058105017.0
V3,L3,2025-01-29,دفرا,زمگسا,9389,9402,33.9622641509434,63.91509433962265,33397439004.0
V3,L3,2025-01-29,کیمیاتک,ذوب,9549,9393,83.49056603773585,61.084905660377366,862584586409.4667
V3,L3,2025-04-30,سپیدار,غمایه,10074,10117,-2.272727272727273,80.22727272727272,-1650365500.666666
V3,L3,2025-04-30,دقاضی,عالیس,10038,10105,51.36363636363637,27.727272727272727,48033855397.066666
V3,L3,2025-04-30,بمپنا,شبهرن,9991,10084,66.81818181818183,31.36363636363636,83833292427.09999
V3,L3,2025-05-31,دقاضی,زمگسا,10260,10273,35.981308411214954,50.70093457943925,46718863839.33333
V3,L3,2025-06-30,دزهراوی,نان,10471,10589,88.63636363636364,-2.727272727272727,159143756020.1
V3,L3,2025-07-30,دزهراوی,زفکا,10690,10705,60.00000000000001,7.073170731707318,36684879187.66667
V3,L3,2025-08-31,کاسپین,شسپا,11042,10955,74.77477477477478,10.585585585585585,70906437089.36667
V3,L3,2025-08-31,دزهراوی,فملی,10898,11002,90.990990990991,13.288288288288289,844189213799.9667
V3,L3,2025-09-30,پرداخت,دزاگرس,11256,11122,76.23318385650224,19.730941704035875,77300149447.66667
V3,L3,2025-10-29,پرداخت,سفانو,11484,11384,25.221238938053098,60.88888888888889,20338063757.0
V3,L3,2025-11-30,دقاضی,داسوه,11578,11564,-7.111111111111111,56.25,-6349964344.666666
V3,L3,2025-11-30,پرداخت,پیزد,11709,11712,4.888888888888888,60.49107142857143,4972938127.4
V3,L3,2025-12-31,قاسم,کپرور,11913,11965,-8.968609865470853,55.605381165919276,-12459086150.333334
V3,L3,2026-05-31,غپینو,کلر,12320,12382,50.24630541871922,56.15763546798029,25689068378.266666
V3,L3,2026-05-31,دفرا,سآبیک,12241,12256,65.02463054187191,67.48768472906403,40773391395.33333
V3,L3,2026-05-31,غاذر,دابور,12304,12225,36.45320197044335,67.48768472906403,10605683361.0
V3,L3,2026-06-30,دفرا,کلر,12444,12589,47.59615384615385,75.0,143661952290.0
V3,L4,2021-03-31,دارو,شپدیس,178,205,65.82278481012659,0.0,141019496825.0
V3,L4,2021-03-31,پرداخت,آریا,227,161,84.81012658227849,-18.58974358974359,255619991940.56668
V3,L4,2021-03-31,کخاک,حسینا,233,174,41.77215189873417,-32.05128205128205,50376769746.9
V3,L4,2021-03-31,دفرا,شوینده,184,204,21.51898734177215,-40.38461538461538,17237248734.333332
V3,L4,2021-04-28,قلرست,وخاور,302,307,46.34146341463414,75.60975609756098,33910383629.999996
V3,L4,2021-04-28,دارو,شرانل,259,285,41.463414634146346,0.0,30498194520.033333
V3,L4,2021-04-28,سنیر,سخوز,278,272,46.34146341463414,35.36585365853659,33693731726.333336
V3,L4,2021-04-28,پرداخت,شپدیس,311,289,65.85365853658537,46.951219512195124,105164424358.33333
V3,L4,2021-04-28,کخاک,کرماشا,318,319,30.487804878048784,0.0,22946346924.333332
V3,L4,2021-04-28,سبجنو,حسینا,271,254,51.21951219512195,59.75609756097562,44985726132.26667
V3,L4,2021-04-28,دفرا,قاسم,266,301,13.414634146341465,-26.21951219512195,9537613016.3
V3,L4,2021-04-28,کاسپین,کلر,315,321,58.536585365853654,37.19512195121952,93385863589.7
V3,L4,2021-04-28,سهگمت,کچاد,279,324,73.17073170731707,37.19512195121952,222790634506.33334
V3,L4,2021-04-28,غویتا,تاصیکو,295,248,79.26829268292683,33.53658536585367,135284813897.26666
V3,L4,2021-04-28,فولای,دسینا,300,264,25.609756097560975,72.56097560975611,17705566304.233334
V3,L4,2021-04-28,زگلدشت,وخارزم,268,306,45.121951219512205,-6.097560975609756,69964053605.56667
V3,L4,2021-04-28,دتماد,آریا,261,242,60.97560975609756,0.0,203164817147.2
V3,L4,2021-05-31,قلرست,شپلی,395,380,69.66292134831461,11.363636363636362,52667517419.4
V3,L4,2021-05-31,کپشیر,دتماد,415,349,34.8314606741573,30.113636363636363,13102374656.666666
V3,L4,2021-05-31,دارو,سپیدار,347,370,16.853932584269664,-14.77272727272727,11505640592.199999
V3,L4,2021-05-31,ساربیل,شوینده,359,378,12.359550561797755,20.454545454545457,8014328813.0
V3,L4,2021-05-31,دبالک,سغرب,348,367,25.842696629213478,-15.909090909090908,9874897565.133333
V3,L4,2021-05-31,دتوزیع,کرماشا,350,411,25.842696629213478,-14.77272727272727,17767681802.56667
V3,L4,2021-05-31,کلر,کچاد,413,416,62.92134831460674,0.0,130179516376.23332
V3,L4,2021-05-31,کاسپین,فولاژ,407,392,30.33707865168539,10.227272727272727,14723827795.8
V3,L4,2021-05-31,غدام,تاصیکو,385,335,76.40449438202246,75.0,103233508426.66667
V3,L4,2021-05-31,دفرا,سخوز,355,362,32.58426966292135,-20.45454545454546,17981011030.0
V3,L4,2021-05-31,شگل,آریا,382,327,73.03370786516854,-28.97727272727273,168900897550.9
V3,L4,2021-05-31,بهپاک,ارفع,332,328,51.68539325842697,24.431818181818183,41459460553.799995
V3,L4,2021-05-31,کخاک,سهگمت,410,369,21.348314606741575,-6.25,13525075970.666668
V3,L4,2021-05-31,زمگسا,حتاید,358,340,62.92134831460674,72.15909090909092,47784814604.666664
V3,L4,2021-06-30,ساربیل,کرماشا,451,500,40.0,36.904761904761905,32376335218.333332
V3,L4,2021-06-30,زفکا,سخوز,448,454,32.94117647058823,-63.69047619047619,29447426759.533333
V3,L4,2021-06-30,غدام,شوینده,475,469,27.058823529411764,45.23809523809524,20849917036.0
V3,L4,2021-06-30,دفرا,سغرب,445,459,37.64705882352941,-10.119047619047619,29606007439.0
V3,L4,2021-06-30,کپشیر,کاوه,504,498,80.0,67.26190476190477,144821898552.66666
V3,L4,2021-06-30,زمگسا,سپیدار,449,462,67.05882352941175,41.07142857142858,60437158062.7
V3,L4,2021-07-31,قلرست,فاذر,620,611,71.89542483660131,-0.6535947712418301,111578711888.73334
V3,L4,2021-07-31,غدام,بموتو,597,513,41.830065359477125,85.62091503267975,48055032417.666664
V3,L4,2021-07-31,سنیر,دالبر,574,541,1.3071895424836601,17.320261437908496,7972277230.0
V3,L4,2021-08-31,شسپا,پیزد,759,829,38.97435897435898,61.53846153846154,60555754952.933334
V3,L4,2021-11-30,شمواد,دکپسول,1370,1321,30.24390243902439,70.48780487804878,21614541070.266666
V3,L4,2022-01-31,سهگمت,فجر,1765,1819,70.0,16.582914572864322,44644799512.333336
V3,L4,2022-01-31,دفرا,سرود,1733,1755,9.0,66.58291457286433,4854662536.666667
V3,L4,2022-01-31,دسینا,شغدیر,1731,1781,80.5,0.0,79543322553.0
V3,L4,2022-01-31,سبجنو,کحافظ,1751,1863,5.5,-48.24120603015076,2304771194.1000004
V3,L4,2022-02-28,دفرا,پتایر,1937,2058,52.65700483091788,65.0485436893204,19591417042.366665
V3,L4,2022-02-28,سهرمز,غدیس,1969,2005,55.55555555555556,51.69902912621359,23047156267.666668
V3,L4,2022-02-28,کخاک,شغدیر,2072,1988,72.46376811594203,54.61165048543689,56237319835.0
V3,L4,2022-02-28,سهگمت,دکپسول,1970,1939,46.3768115942029,54.61165048543689,17115230475.999998
V3,L4,2022-02-28,سبجنو,کسرا,1955,2077,72.94685990338165,-63.59223300970874,52069790864.9
V3,L4,2022-03-30,سهگمت,شکام,2181,2207,80.95238095238095,-56.42857142857143,79572086323.66667
V3,L4,2022-03-30,دفرا,پرداخت,2148,2272,39.04761904761905,60.238095238095234,16401491760.333332
V3,L4,2022-03-30,سهرمز,بشهاب,2180,2102,85.71428571428571,12.142857142857144,96465329115.33333
V3,L4,2022-03-30,سبجنو,کسرا,2166,2291,84.76190476190476,-69.52380952380952,97612273853.8
V3,L4,2022-04-30,دفرا,غشاذر,2358,2423,6.896551724137932,-46.551724137931025,8366624358.766667
V3,L4,2022-07-31,دفرا,سهگمت,2976,3010,11.538461538461538,30.288461538461537,5994628732.666666
V3,L4,2022-07-31,داسوه,سصوفی,2964,3003,64.42307692307692,61.29807692307692,40094637311.33333
V3,L4,2022-08-31,دارو,فباهنر,3175,3276,64.31924882629107,69.01408450704226,35614351438.0
V3,L4,2022-08-31,داسوه,شغدیر,3176,3241,75.11737089201877,-12.441314553990612,52602565157.666664
V3,L4,2022-08-31,دفرا,نوری,3190,3299,94.36619718309859,25.352112676056336,263805062966.6667
V3,L4,2022-08-31,دسینا,شیراز,3188,3253,72.7699530516432,50.46948356807513,48485603387.33333
V3,L4,2022-09-28,دارو,زفکا,3388,3411,38.46153846153847,23.076923076923073,14460089390.666666
V3,L4,2022-09-28,داسوه,سصوفی,3389,3428,27.403846153846157,42.78846153846153,11040982671.333332
V3,L4,2022-09-28,هجرت,ساروم,3513,3418,1.442307692307692,0.0,899215296.333334
V3,L4,2022-09-28,دفرا,سشرق,3402,3426,21.153846153846153,42.78846153846153,9195884532.666666
V3,L4,2022-09-28,سبجنو,سقاین,3420,3431,22.596153846153843,0.0,8494554394.666667
V3,L4,2022-09-28,دسینا,غاذر,3401,3467,78.84615384615385,3.3653846153846154,52817461179.33333
V3,L4,2022-10-31,دفرا,حسینا,3616,3587,14.832535885167463,0.0,4467483498.333334
V3,L4,2022-10-31,هجرت,ساروم,3725,3633,4.784688995215311,0.0,2238885875.9999995
V3,L4,2022-10-31,سبجنو,غشصفا,3635,3687,21.05263157894737,-45.45454545454545,6833436590.666666
V3,L4,2022-10-31,داسوه,شیران,3603,3680,69.85645933014354,-9.330143540669855,32285757867.666664
V3,L4,2022-10-31,دسینا,سقاین,3615,3646,24.880382775119614,14.832535885167463,6047072404.999999
V3,L4,2022-11-30,دفرا,قرن,3829,3930,23.222748815165875,44.312796208530806,9960414059.666668
V3,L4,2022-11-30,سغرب,رمپنا,3857,3834,79.14691943127961,-69.90521327014217,56802812109.333336
V3,L4,2022-11-30,فنوال,غگل,3923,3910,85.78199052132702,68.00947867298578,82748774222.6
V3,L4,2022-12-31,دفرا,قصفها,4041,4147,4.761904761904762,42.61904761904761,6883297489.666666
V3,L4,2023-06-28,دسینا,شپدیس,5297,5354,89.85507246376811,44.20289855072464,349908023635.6667
V3,L4,2023-07-31,دفرا,زقیام,5509,5522,38.028169014084504,50.46948356807513,30502853249.433334
V3,L4,2023-07-31,دسینا,خزامیا,5507,5485,99.06103286384977,7.746478873239438,665805231366.6666
V3,L4,2023-08-30,دفرا,کلر,5725,5872,53.52112676056338,73.00469483568075,34861202859.333336
V3,L4,2023-08-30,سغرب,پیزد,5754,5852,37.08920187793427,-33.80281690140845,20671247395.0
V3,L4,2023-08-30,فایرا,حتاید,5811,5692,50.70422535211267,-10.563380281690144,30765797119.666668
V3,L4,2023-08-30,داسوه,شگل,5711,5785,7.511737089201878,0.0,4972538297.333333
V3,L4,2023-08-30,کاسپین,زکشت,5858,5740,12.676056338028168,0.0,7428649180.000001
V3,L4,2023-09-30,دفرا,زفکا,5941,5953,51.36363636363637,21.91780821917808,29234148749.999996
V3,L4,2023-09-30,سغرب,غمهرا,5970,6020,9.545454545454547,-63.4703196347032,6675617983.666667
V3,L4,2023-09-30,فایرا,کلر,6032,6094,47.27272727272727,48.401826484018265,24734830399.0
V3,L4,2023-09-30,سبجنو,زمگسا,5962,5955,20.90909090909091,-28.99543378995434,10824619508.0
V3,L4,2023-09-30,پرداخت,پیزد,6071,6074,40.909090909090914,56.16438356164384,22221768161.333336
V3,L4,2023-09-30,داسوه,قاسم,5927,6049,28.636363636363637,38.81278538812785,16240919174.333332
V3,L4,2023-09-30,کخاک,حسینا,6085,5911,18.636363636363633,0.0,10543116998.0
V3,L4,2023-10-31,دارو,غشصفا,6150,6237,42.05607476635514,0.0,21719407812.333332
V3,L4,2023-10-31,سغرب,کرازی,6192,6303,76.6355140186916,0.0,58428487355.899994
V3,L4,2023-10-31,دفرا,خموتور,6163,6144,29.906542056074763,0.0,14471777145.333336
V3,L4,2023-10-31,کیمیاتک,سصوفی,6323,6191,14.953271028037385,17.056074766355138,6962241295.333333
V3,L4,2023-10-31,پرداخت,شمواد,6288,6217,53.73831775700935,0.0,28610857816.666668
V3,L4,2023-10-31,دسینا,کپشیر,6161,6318,67.28971962616824,0.0,41007596578.0
V3,L4,2023-10-31,غمهرا,قاسم,6240,6268,21.962616822429904,40.887850467289724,10641348180.0
V3,L4,2023-10-31,سبجنو,حسینا,6183,6135,68.22429906542057,0.0,45260974172.0
V3,L4,2023-10-31,کلوند,غشان,6311,6236,14.953271028037385,-35.04672897196262,7426586549.333333
V3,L4,2023-10-31,کاسپین,هجرت,6297,6275,42.05607476635513,0.0,21577266638.666668
V3,L4,2023-10-31,شپارس,غدام,6219,6233,15.887850467289717,0.0,7738409907.666667
V3,L4,2023-10-31,سهگمت,پخش,6197,6287,9.345794392523365,0.0,4874787609.333332
V3,L4,2023-11-29,سمازن,ارفع,6414,6326,31.797235023041477,7.142857142857142,15985436266.666668
V3,L4,2023-11-29,سغرب,پخش,6411,6507,10.138248847926267,0.0,4594531161.666667
V3,L4,2023-11-29,دسینا,شبندر,6379,6428,93.54838709677419,0.0,237571792792.66666
V3,L4,2023-11-29,دارو,تپسی,6366,6343,48.387096774193544,0.0,25426012698.666668
V3,L4,2023-11-29,دفرا,بوعلی,6381,6336,87.55760368663594,-42.626728110599075,111070245319.0
V3,L4,2023-11-29,شرانل,سصوفی,6432,6410,17.050691244239633,0.0,8403940391.333334
V3,L4,2023-11-29,کیمیاتک,فملی,6542,6480,90.32258064516128,58.986175115207374,322919448444.0
V3,L4,2023-11-29,افق,هجرت,6327,6495,22.58064516129032,64.0552995391705,10940804300.0
V3,L4,2023-11-29,پرداخت,غشان,6508,6455,31.797235023041477,54.83870967741935,17380604336.666664
V3,L4,2023-11-29,غمهرا,آریا,6460,6325,35.9447004608295,35.71428571428571,19027488112.0
V3,L4,2023-11-29,کلوند,شمواد,6530,6437,29.95391705069125,-42.626728110599075,15630997615.333334
V3,L4,2023-11-29,رانفور,زمگسا,6386,6395,30.87557603686636,-35.71428571428571,15893585275.0
V3,L4,2023-12-31,سغرب,تپسی,6628,6561,63.88888888888889,0.0,53946604521.0
V3,L4,2023-12-31,دسینا,شیراز,6596,6662,71.75925925925927,-35.648148148148145,66884609861.666664
V3,L4,2023-12-31,دفرا,بوعلی,6598,6554,81.94444444444444,-53.00925925925925,107664855582.33333
V3,L4,2023-12-31,سفانو,دبالک,6629,6588,25.0,-58.56481481481482,15749065480.666668
V3,L4,2023-12-31,پرداخت,هجرت,6724,6711,17.59259259259259,55.55555555555556,12237877712.666668
V3,L4,2023-12-31,شپارس,شغدیر,6654,6651,19.444444444444446,0.0,12682739705.333336
V3,L4,2024-01-31,پاسا,کحافظ,6937,6953,10.328638497652582,0.0,7218607623.666666
V3,L4,2024-01-31,دفرا,شبصیر,6817,6861,28.638497652582156,41.079812206572775,16724404727.999998
V3,L4,2024-01-31,سغرب,خراسان,6846,6792,19.71830985915493,-35.91549295774648,12237499020.333334
V3,L4,2024-01-31,دسینا,شیراز,6815,6878,76.05633802816901,-35.91549295774648,68963396972.0
V3,L4,2024-01-31,کیمیاتک,کخاک,6975,6954,30.046948356807512,0.0,17459340154.0
V3,L4,2024-01-31,سبجنو,پتایر,6838,6939,56.33802816901407,0.0,38813304313.23334
V3,L4,2024-01-31,سهگمت,شمواد,6851,6868,48.35680751173709,-66.19718309859155,28202704104.2
V3,L4,2024-02-28,سرود,دسینا,7057,7030,15.458937198067634,0.0,6459037023.0
V3,L4,2024-02-28,پاکشو,شغدیر,7150,7084,25.120772946859905,0.0,10153297948.333332
V3,L4,2024-02-28,سغرب,غمهرا,7061,7107,20.289855072463766,-63.76811594202898,9694944728.666668
V3,L4,2024-02-28,سپیدار,کحافظ,7069,7163,23.67149758454106,0.0,10627047001.333332
V3,L4,2024-02-28,سفانو,نوری,7062,7138,74.8792270531401,-35.748792270531396,96698021665.33333
V3,L4,2024-02-28,کاسپین,ذوب,7160,7036,97.10144927536231,0.0,458858776561.7
V3,L4,2024-02-28,شدوص,ساروم,7080,7051,4.8309178743961345,71.01449275362319,2205765730.0999985
V3,L4,2024-02-28,دفرا,کپشیر,7032,7179,79.71014492753623,-22.463768115942027,68215194822.666664
V3,L4,2024-03-30,پاکشو,شاملا,7368,7286,45.70135746606335,-32.126696832579185,18629618091.333336
V3,L4,2024-03-30,سغرب,بوعلی,7273,7198,89.14027149321268,0.0,130359667903.66667
V3,L4,2024-03-30,سمازن,رمپنا,7276,7249,74.6606334841629,39.14027149321267,65651620992.0
V3,L4,2024-03-30,سفانو,شبندر,7274,7290,91.8552036199095,-70.36199095022624,351672612016.3333
V3,L4,2024-03-30,سبجنو,کحافظ,7264,7384,28.054298642533936,8.144796380090497,13455531556.066666
V3,L4,2024-03-30,دفرا,کپارس,7243,7400,28.054298642533936,6.33484162895927,11321458633.333332
V3,L4,2024-03-30,سهگمت,رانفور,7279,7248,37.10407239819005,0.0,13968239923.666666
V3,L4,2024-03-30,کاسپین,سصوفی,7380,7272,37.10407239819005,0.0,14334991557.0
V3,L4,2024-03-30,کیمیاتک,شبصیر,7407,7289,39.81900452488688,-65.6108597285068,15579498517.666668
V3,L4,2024-03-30,فایرا,زکشت,7333,7258,59.276018099547514,63.12217194570137,28520993620.666664
V3,L4,2024-04-30,سغرب,ساربیل,7491,7480,15.887850467289718,-53.0373831775701,6934608537.999999
V3,L4,2024-04-30,سهگمت,زشگزا,7497,7472,57.943925233644855,-32.94392523364486,34029469056.333336
V3,L4,2024-04-30,سبجنو,ارفع,7482,7410,78.50467289719626,77.10280373831776,75400656990.33334
V3,L4,2024-04-30,سمازن,غدیس,7494,7534,49.06542056074766,41.35514018691589,26056632746.0
V3,L4,2024-04-30,سفانو,پکویر,7492,7592,57.943925233644855,-71.96261682242991,33926339055.5
V3,L4,2024-04-30,زگلدشت,غکورش,7478,7546,42.99065420560747,-25.233644859813086,21437226748.0
V3,L4,2024-04-30,کاسپین,سشرق,7598,7488,59.81308411214954,0.0,35553657606.33333
V3,L4,2024-04-30,دفرا,زکشت,7463,7477,20.5607476635514,-32.94392523364486,10058469909.333334
V3,L4,2024-04-30,زمگسا,کچاد,7476,7620,57.476635514018696,-36.68224299065421,34180778293.533333
V3,L4,2024-04-30,پاکشو,فایرا,7587,7552,28.037383177570092,-62.383177570093466,12184246673.666664
V3,L4,2024-04-30,سکرد,کحافظ,7500,7602,12.149532710280372,-74.53271028037383,6032910093.233334
V3,L4,2024-05-29,سغرب,شدوص,7705,7725,44.54976303317535,0.0,18042712140.433334
V3,L4,2024-05-29,سمازن,زقیام,7708,7690,60.18957345971564,14.454976303317535,28464960892.633335
V3,L4,2024-05-29,سبجنو,پکویر,7697,7803,60.66350710900473,8.767772511848342,27789705748.3
V3,L4,2024-05-29,سهگمت,فجر,7711,7768,54.502369668246445,-33.175355450236964,40727380835.66667
V3,L4,2024-05-29,ساربیل,شبندر,7694,7722,87.67772511848341,0.0,229707884478.6667
V3,L4,2024-05-29,دقاضی,شاراک,7678,7717,58.767772511848335,9.478672985781994,27762316253.0
V3,L4,2024-05-29,زمگسا,دکپسول,7691,7680,35.54502369668246,-23.933649289099527,15412522228.666668
V3,L4,2024-05-29,کخاک,کپشیر,7815,7832,23.222748815165875,-45.497630331753555,8097047936.666667
V3,L4,2024-05-29,سفانو,زشگزا,7706,7687,31.753554502369667,31.042654028436022,15561656623.000002
V3,L4,2024-05-29,دفرا,ددانا,7677,7671,24.644549763033176,0.0,7299338185.999999
V3,L4,2024-05-29,تپسی,شیراز,7642,7740,62.55924170616114,31.042654028436022,54579991381.0
V3,L4,2024-05-29,کاسپین,رانفور,7810,7682,51.18483412322274,-21.80094786729858,24674436247.36667
V3,L4,2024-05-29,کیمیاتک,غمایه,7836,7753,3.7914691943127963,-80.80568720379148,1260745262.666668
V3,L4,2024-05-29,پاکشو,غدیس,7799,7747,65.40284360189574,-31.042654028436022,34286448017.666664
V3,L4,2024-05-29,سکرد,فایرا,7714,7766,44.07582938388626,0.0,18862627252.666668
V3,L4,2024-06-30,سمازن,زقیام,7920,7902,29.411764705882348,-31.372549019607842,9908252298.8
V3,L4,2024-06-30,سغرب,فملی,7917,7983,96.07843137254902,47.549019607843135,393169562929.6667
V3,L4,2024-06-30,سبجنو,کپشیر,7908,8039,37.745098039215684,-30.14705882352941,10965384740.333334
V3,L4,2024-06-30,سهگمت,زشگزا,7923,7900,38.235294117647065,47.549019607843135,13969134344.0
V3,L4,2024-06-30,ساروم,حتاید,7906,7860,33.8235294117647,31.372549019607842,13634474533.666668
V3,L4,2024-06-30,دقاضی,شیراز,7892,7949,84.31372549019608,-14.215686274509803,47342096407.0
V3,L4,2024-06-30,ساربیل,ددانا,7905,7885,34.31372549019608,-31.372549019607842,9555846244.0
V3,L4,2024-06-30,کاسپین,تپسی,8019,7855,29.411764705882348,0.0,7963264649.000001
V3,L4,2024-06-30,پاکشو,غدیس,8008,7956,65.68627450980392,-70.58823529411764,28246705785.666664
V3,L4,2024-06-30,کخاک,غکورش,8024,7968,32.35294117647059,61.76470588235294,14022569951.000002
V3,L4,2024-06-30,دفرا,شیران,7891,7950,69.11764705882352,70.58823529411764,28945894235.0
V3,L4,2024-06-30,سهرمز,رانفور,7922,7896,30.3921568627451,-76.22549019607843,12468380018.666666
V3,L4,2024-06-30,دسینا,زکشت,7889,7903,25.98039215686275,-31.372549019607842,8779813005.0
V3,L4,2024-06-30,سکرد,پتایر,7926,8009,66.1764705882353,-20.833333333333325,26803671548.266666
V3,L4,2024-07-31,سمازن,سپیدار,8130,8135,25.118483412322277,-34.834123222748815,12511569537.000002
V3,L4,2024-07-31,ساربیل,غدیس,8115,8167,77.25118483412322,-69.43127962085308,46023434785.0
V3,L4,2024-07-31,فایرا,فباهنر,8184,8185,75.82938388625593,21.563981042654024,53079155514.13334
V3,L4,2024-07-31,ساروم,دکپسول,8116,8100,7.109004739336489,-40.284360189573455,2981226419.0
V3,L4,2024-07-31,دقاضی,زقیام,8098,8110,35.54502369668246,-41.70616113744076,11044255257.6
V3,L4,2024-07-31,سبجنو,کلوند,8118,8245,35.07109004739336,-49.99999999999999,10772616953.133335
V3,L4,2024-07-31,پاکشو,پکویر,8218,8223,57.345971563981045,56.398104265402836,21674941135.333332
V3,L4,2024-07-31,دفرا,حتاید,8097,8067,83.88625592417061,13.033175355450238,65047674124.333336
V3,L4,2024-07-31,دسینا,شبندر,8095,8144,79.62085308056872,-34.59715639810426,195494643364.33334
V3,L4,2024-07-31,سهگمت,شپدیس,8133,8155,71.56398104265402,34.834123222748815,209099567534.6667
V3,L4,2024-07-31,زمگسا,شاوان,8111,8141,74.88151658767772,-13.033175355450238,65165773713.0
V3,L4,2024-07-31,کاسپین,زشگزا,8230,8107,25.118483412322277,18.72037914691943,8859759453.333332
V3,L4,2024-07-31,غمهرا,قصفها,8174,8203,51.65876777251185,-21.563981042654024,19195643229.0
V3,L4,2024-08-31,سمازن,زشگزا,8342,8320,12.903225806451612,-20.04608294930876,4720443949.333334
V3,L4,2024-08-31,دقاضی,ذوب,8311,8314,94.93087557603687,-76.72811059907833,190612950645.96664
V3,L4,2024-08-31,ساربیل,پکویر,8328,8440,41.01382488479262,14.28571428571428,14195704228.666668
V3,L4,2024-08-31,پاکشو,فباهنر,8435,8400,89.40092165898618,30.18433179723502,71928646255.9
V3,L4,2024-08-31,دفرا,کهمدا,8310,8466,36.86635944700461,20.04608294930876,9652657156.266666
V3,L4,2024-08-31,سهگمت,بوعلی,8344,8267,60.82949308755761,-36.86635944700461,104591677935.33333
V3,L4,2024-08-31,سبجنو,شکربن,8331,8370,71.88940092165899,-53.2258064516129,46466442393.333336
V3,L4,2024-08-31,کاسپین,فملی,8447,8408,75.11520737327189,-53.2258064516129,480015957504.0
V3,L4,2024-08-31,سیستم,شاوان,8349,8352,47.004608294930875,-16.820276497695847,29350770147.66667
V3,L4,2024-08-31,کیمیاتک,کلوند,8474,8462,19.81566820276498,-13.824884792626726,6335811456.233333
V3,L4,2024-08-31,فایرا,شاراک,8399,8350,51.61290322580645,20.506912442396313,20372208293.333332
V3,L4,2024-08-31,دعبید,قصفها,8309,8419,42.857142857142854,-20.04608294930876,21006754390.333332
V3,L4,2024-08-31,غمهرا,شبندر,8387,8355,87.55760368663594,0.0,136863581284.99998
V3,L4,2024-08-31,زمگسا,شپدیس,8324,8366,86.63594470046083,53.2258064516129,211395088145.6667
V3,L4,2024-09-30,دقاضی,ددانا,8526,8519,36.27450980392157,19.6078431372549,12067536261.0
V3,L4,2024-09-30,دفرا,شکربن,8525,8582,78.43137254901961,-73.0392156862745,51443243855.333336
V3,L4,2024-09-30,پاکشو,پکرمان,8642,8645,81.37254901960785,38.235294117647065,60593439334.0
V3,L4,2024-09-30,ساربیل,شاملا,8542,8565,37.254901960784316,0.0,16901358311.666666
V3,L4,2024-09-30,دسینا,ذوب,8523,8529,93.62745098039215,-5.882352941176469,232295366946.66666
V3,L4,2024-09-30,کیمیاتک,فسپا,8679,8615,55.392156862745104,-59.31372549019608,30574617252.333336
V3,L4,2024-09-30,کاسپین,پتایر,8652,8643,31.37254901960785,-25.245098039215684,16496466643.866665
V3,L4,2024-09-30,سهگمت,زشگزا,8559,8535,23.03921568627451,-25.245098039215684,11303121633.000002
V3,L4,2024-09-30,فایرا,کماسه,8608,8668,79.90196078431373,4.6568627450980395,172409787583.0
V3,L4,2024-09-30,شرانل,فملی,8571,8616,66.66666666666667,-13.23529411764706,513835835882.0
V3,L4,2024-09-30,غمهرا,فباهنر,8597,8609,71.56862745098039,40.19607843137255,97220117111.43333
V3,L4,2024-09-30,دکپسول,زقیام,8528,8538,25.490196078431378,-73.0392156862745,10152484736.1
V3,L4,2024-09-30,غمایه,شبندر,8596,8567,87.74509803921569,0.0,153444264598.33334
V3,L4,2024-09-30,سغرب,شاراک,8554,8564,33.82352941176471,-53.431372549019606,19950064235.666664
V3,L4,2024-09-30,سبجنو,غمینو,8545,8598,20.58823529411765,0.0,7271340201.166666
V3,L4,2024-10-30,دقاضی,پکرمان,8737,8863,71.75925925925925,59.49074074074075,44134678021.333336
V3,L4,2024-10-30,غمایه,پتایر,8810,8860,39.81481481481482,32.63888888888889,14838223942.633335
V3,L4,2024-10-30,پاکشو,کلوند,8859,8885,44.44444444444444,55.092592592592595,17095006528.933332
V3,L4,2024-10-30,دسینا,سصوفی,8735,8764,62.037037037037045,26.851851851851848,35608850064.666664
V3,L4,2024-10-30,دفرا,شیراز,8736,8799,82.87037037037037,-67.82407407407408,61205993127.333336
V3,L4,2024-10-30,کاسپین,شبهرن,8871,8781,47.22222222222222,0.0,27301616127.0
V3,L4,2024-10-30,فایرا,شپدیس,8823,8792,81.94444444444444,45.83333333333333,186565806365.66666
V3,L4,2024-10-30,غمهرا,فنوال,8811,8833,10.64814814814815,0.0,3384736582.666667
V3,L4,2024-10-30,سبجنو,ذوب,8757,8740,75.46296296296295,32.63888888888889,238588443889.73334
V3,L4,2024-10-30,بگیلان,نوری,8695,8847,81.0185185185185,-26.851851851851848,200524407806.66666
V3,L4,2024-10-30,ددانا,شاراک,8731,8776,43.05555555555556,-59.49074074074075,19848018242.333332
V3,L4,2024-11-30,دقاضی,شاراک,8956,8994,52.054794520547944,42.69406392694064,35116964547.33333
V3,L4,2024-11-30,زگلدشت,پاسا,8970,9078,28.31050228310502,56.849315068493155,15610303735.266666
V3,L4,2024-11-30,پاکشو,ارفع,9079,8901,40.63926940639269,63.6986301369863,26361423468.7
V3,L4,2024-11-30,کیمیاتک,نوری,9118,9067,79.90867579908677,-42.69406392694064,306282916391.6667
V3,L4,2024-11-30,دفرا,شکربن,8955,9014,76.25570776255708,0.0,70805858678.0
V3,L4,2024-11-30,غمهرا,سفانو,9031,8984,13.24200913242009,-67.8082191780822,6874228285.666668
V3,L4,2024-11-30,فایرا,تپسی,9043,8918,62.10045662100456,-42.69406392694064,58297995760.666664
V3,L4,2024-11-30,سقاین,غشصفا,8985,9027,21.461187214611872,-56.849315068493155,9632471006.266666
V3,L4,2024-11-30,شپارس,حتاید,9010,8923,57.07762557077625,-65.06849315068493,40148941547.33333
V3,L4,2024-12-31,فایرا,دکپسول,9260,9179,13.145539906103288,0.0,11345383202.666668
V3,L4,2024-12-31,دقاضی,ساربیل,9177,9193,18.779342723004692,42.48826291079812,15739034202.333334
V3,L4,2024-12-31,دفرا,سفانو,9176,9206,6.572769953051644,59.38967136150235,10667628750.666666
V3,L4,2024-12-31,شپارس,تلیسه,9232,9136,43.1924882629108,0.0,45362818713.566666
V3,L4,2025-01-29,نوری,شدوص,9500,9437,44.10377358490566,67.9245283018868,54058105017.0
V3,L4,2025-01-29,دفرا,زمگسا,9389,9402,33.9622641509434,63.91509433962265,33397439004.0
V3,L4,2025-01-29,غمهرا,ذوب,9466,9393,89.15094339622641,0.0,869261958720.4667
V3,L4,2025-02-26,غمهرا,ساروم,9684,9624,35.885167464114836,29.904306220095695,28359973870.0
V3,L4,2025-02-26,بپیوند,غکورش,9564,9690,12.440191387559807,-67.94258373205741,8842353522.300001
V3,L4,2025-03-30,فایرا,سباقر,9910,9838,65.59633027522935,,62007461350.00001
V3,L4,2025-03-30,دسینا,پاسا,9817,9944,30.275229357798167,8.796296296296296,14360941076.666666
V3,L4,2025-03-30,غمهرا,انرژی,9899,9767,67.88990825688073,23.148148148148152,99955041543.0
V3,L4,2025-03-30,پاکشو,شاوان,9945,9861,70.64220183486239,52.546296296296305,78409219260.36667
V3,L4,2025-03-30,بپیوند,پتایر,9776,9946,52.75229357798166,0.0,42096230565.4
V3,L4,2025-03-30,غمینو,ساروم,9900,9836,39.90825688073394,63.19444444444445,30996714386.966663
V3,L4,2025-03-30,پرداخت,غکورش,9948,9904,23.85321100917431,-27.083333333333332,18253306822.966667
V3,L4,2025-03-30,غشاذر,سفانو,9893,9849,27.064220183486242,39.12037037037038,12757561898.333336
V3,L4,2025-03-30,غشان,عالیس,9894,9886,41.284403669724774,-13.425925925925924,22923451067.6
V3,L4,2025-03-30,زقیام,ساربیل,9831,9835,39.90825688073395,-39.12037037037038,34512310102.200005
V3,L4,2025-03-30,قلرست,فملی,9931,9919,93.57798165137615,8.796296296296296,1509117501488.6665
V3,L4,2025-03-30,کیمیاتک,ذوب,9982,9822,72.01834862385321,23.148148148148152,435426497713.5
V3,L4,2025-04-30,سپیدار,عالیس,10074,10105,45.909090909090914,27.727272727272727,38417518867.4
V3,L4,2025-04-30,دقاضی,شبهرن,10038,10084,74.54545454545455,42.04545454545454,94601767125.33333
V3,L4,2025-04-30,فایرا,ساربیل,10130,10054,53.18181818181819,25.454545454545453,53299787534.666664
V3,L4,2025-04-30,بمپنا,پتایر,9991,10166,55.45454545454545,69.54545454545455,54128860309.96666
V3,L4,2025-04-30,دفرا,شاوان,10037,10080,68.18181818181817,0.0,77367582695.0
V3,L4,2025-04-30,بپیوند,کهمدا,9995,10196,25.454545454545453,-52.49999999999999,16231769935.133333
V3,L4,2025-04-30,قلرست,پاکشو,10150,10165,28.18181818181818,-29.318181818181817,16719731958.3
V3,L4,2025-04-30,غشان,شیراز,10113,10103,59.09090909090908,0.0,75529469672.9
V3,L4,2025-04-30,غمهرا,سبجنو,10118,10057,39.54545454545454,-8.18181818181818,42456422435.66667
V3,L4,2025-05-31,دفرا,زمگسا,10259,10273,45.32710280373832,-30.140186915887845,60175980594.0
V3,L4,2025-05-31,بگیلان,ذوب,10217,10263,92.99065420560748,0.0,714029953943.1
V3,L4,2025-06-30,دفرا,نان,10475,10589,85.9090909090909,-41.13636363636364,156668160090.36667
V3,L4,2025-06-30,خراسان,دکپسول,10451,10478,25.454545454545457,-45.454545454545446,15248098392.0
V3,L4,2025-06-30,دزهراوی,خموتور,10471,10455,71.81818181818183,16.363636363636363,68568286395.5
V3,L4,2025-06-30,پرداخت,فباهنر,10604,10568,75.90909090909092,-45.454545454545446,109633544306.33333
V3,L4,2025-06-30,غمهرا,سیستم,10555,10517,59.09090909090908,34.772727272727266,60172795835.00001
V3,L4,2025-06-30,بگیلان,شسپا,10434,10529,71.36363636363636,-27.272727272727266,80437376910.0
V3,L4,2025-07-30,دفرا,زفکا,10694,10705,48.29268292682927,-57.07317073170732,30784895837.800003
V3,L4,2025-07-30,خراسان,غپینو,10669,10774,64.8780487804878,-17.317073170731707,48534065762.5
V3,L4,2025-07-30,غمهرا,پارس,10769,10809,56.58536585365853,15.609756097560979,37835689195.33333
V3,L4,2025-07-30,کیمیاتک,پاکشو,10845,10812,48.29268292682927,-15.609756097560979,24415167532.3
V3,L4,2025-07-30,کطبس,کلر,10832,10834,17.073170731707314,-62.68292682926829,6728434763.966667
V3,L4,2025-07-30,دزهراوی,دقاضی,10690,10695,46.34146341463415,5.609756097560976,22447631013.533333
V3,L4,2025-08-31,شیران,شسپا,10968,10955,59.45945945945946,11.036036036036037,62879924215.7
V3,L4,2025-08-31,کاسپین,فملی,11042,11002,96.3963963963964,18.693693693693696,847462901924.3333
V3,L4,2025-08-31,دارو,کیمیاتک,10886,11068,31.081081081081084,32.20720720720721,15222471182.8
V3,L4,2025-08-31,خراسان,زشگزا,10876,10912,21.62162162162162,0.0,9237276648.666666
V3,L4,2025-08-31,هجرت,سفانو,11019,10933,28.82882882882883,85.58558558558559,15713064732.333334
V3,L4,2025-08-31,غمهرا,فنوال,10981,11003,18.91891891891892,29.504504504504503,8626086259.666668
V3,L4,2025-08-31,پرداخت,قرن,11033,11011,58.55855855855856,-24.099099099099096,35382022105.33333
V3,L4,2025-08-31,زکشت,دابور,10917,10885,11.71171171171171,-15.090090090090087,5700274882.666666
V3,L4,2025-08-31,دزهراوی,کرماشا,10898,11050,62.16216216216216,42.79279279279279,41316361663.96667
V3,L4,2025-08-31,داسوه,شکربن,10887,10964,50.90090090090089,-24.099099099099096,26607322630.0
V3,L4,2025-08-31,کطبس,کلر,11054,11056,54.95495495495495,-55.18018018018018,35655056566.433334
V3,L4,2025-08-31,غشاذر,سهگمت,10975,10938,66.66666666666666,17.34234234234234,95733634486.0
V3,L4,2025-08-31,شگل,غپینو,10965,10986,72.52252252252251,0.0,68856833154.46666
V3,L4,2025-09-30,غمهرا,دزاگرس,11205,11122,51.12107623318386,0.0,64691729794.0
V3,L4,2025-09-30,دفرا,کپشیر,11126,11288,46.18834080717489,-69.28251121076234,28112635779.33333
V3,L4,2025-09-30,خراسان,بمپنا,11101,11079,30.493273542600896,35.2017937219731,18567442458.6
V3,L4,2025-09-30,پرداخت,سفانو,11256,11157,40.80717488789237,69.28251121076234,19890117368.0
V3,L4,2025-09-30,کپرور,شبندر,11287,11173,94.61883408071749,-35.2017937219731,863360855797.6666
V3,L4,2025-09-30,داسوه,دلقما,11112,11128,69.05829596412556,-58.29596412556054,50128081715.1
V3,L4,2025-09-30,کطبس,کلر,11278,11280,42.600896860986545,-75.1121076233184,20468168049.233334
V3,L4,2025-09-30,قلرست,کالا,11237,11266,88.3408071748879,-69.28251121076234,246713931869.36667
V3,L4,2025-09-30,زکشت,سآبیک,11140,11142,57.39910313901344,35.2017937219731,67009405205.666664
V3,L4,2025-09-30,غمایه,غبشهر,11204,11195,8.520179372197312,35.2017937219731,3510126168.4333324
V3,L4,2025-09-30,شگل,پکرمان,11188,11257,63.677130044843054,-49.55156950672646,42658088981.76666
V3,L4,2025-09-30,زمگسا,زشگزا,11139,11136,24.663677130044842,0.0,11775474466.666668
V3,L4,2025-09-30,بپیوند,پاسا,11083,11252,29.14798206278027,35.2017937219731,13128315250.0
V3,L4,2025-09-30,دزهراوی,شبریز,11123,11171,83.85650224215247,-30.04484304932736,137734944123.09998
V3,L4,2025-09-30,غشاذر,فملی,11199,11225,84.75336322869956,-58.29596412556054,778059505868.3333
V3,L4,2025-09-30,ددانا,سبجنو,11120,11147,50.224215246636774,0.0,31691132925.666668
V3,L4,2025-10-29,فگستر,سفانو,11460,11384,14.601769911504425,0.0,11268246826.533335
V3,L4,2025-10-29,داسوه,عالیس,11337,11420,36.72566371681416,0.0,31689840929.233337
V3,L4,2025-10-29,کپرور,زکشت,11514,11367,17.25663716814159,0.0,15066125485.333336
V3,L4,2025-10-29,پرداخت,زفکا,11484,11364,67.25663716814158,60.88888888888889,81642435947.66666
V3,L4,2025-10-29,شگل,پکرمان,11417,11485,49.11504424778761,-54.0,48712994878.3
V3,L4,2025-10-29,غشصفا,زمگسا,11429,11366,36.283185840707965,0.0,34613241940.333336
V3,L4,2025-10-29,غشان,سبجنو,11428,11374,31.41592920353982,0.0,27632687660.26667
V3,L4,2025-10-29,قلرست,کمنگنز,11465,11510,15.929203539823009,0.0,13873330178.533333
V3,L4,2025-10-29,غشاذر,سصوفی,11427,11382,76.54867256637168,0.0,294059662085.6666
V3,L4,2025-11-30,فگستر,دلقما,11685,11579,72.44444444444444,-48.660714285714285,124510550897.16666
V3,L4,2025-11-30,کطبس,غشان,11731,11652,8.0,0.0,4362455662.466667
V3,L4,2025-11-30,غشصفا,فملی,11653,11678,93.77777777777779,0.0,1980778400956.6665
V3,L4,2025-11-30,کپرور,سصوفی,11740,11606,87.55555555555557,0.0,284201564365.0
V3,L4,2025-11-30,پرداخت,زبینا,11709,11585,61.33333333333334,60.49107142857143,89492371036.13333
V3,L4,2025-11-30,کیمیاتک,شبصیر,11746,11622,32.0,0.0,30236963588.0
V3,L4,2025-12-31,فگستر,حتاید,11912,11771,73.54260089686099,0.0,203401692785.06665
V3,L4,2025-12-31,چکارن,پیزد,11940,11937,13.901345291479823,0.0,16045451653.966671
V3,L4,2025-12-31,غشصفا,غمینو,11881,11886,14.349775784753364,43.049327354260086,18783234776.16667
V3,L4,2026-01-31,غشصفا,غمینو,12105,12110,19.26605504587156,44.95412844036697,27544215053.700005
V3,L4,2026-01-31,چکارن,شبندر,12161,12076,95.41284403669724,-65.82568807339449,5176464022682.267
V3,L4,2026-05-31,سقاین,سآبیک,12272,12256,19.21182266009852,0.0,24883037784.999996
V3,L4,2026-05-31,غمینو,زفکا,12316,12252,44.827586206896555,56.15763546798029,29740954330.23333
V3,L4,2026-05-31,سبجنو,زمگسا,12261,12253,9.852216748768472,-33.251231527093594,10839059161.333332
V3,L4,2026-05-31,سباقر,غشاذر,12260,12310,58.620689655172406,-92.85714285714286,45037463001.33333
V3,L4,2026-05-31,کطبس,فملی,12380,12335,59.60591133004927,0.0,1399794836901.6667
V3,L4,2026-05-31,غمایه,غشصفا,12314,12312,41.871921182266014,-64.03940886699507,30541049499.333336
V3,L4,2026-05-31,غپینو,ذوب,12320,12245,75.36945812807883,56.15763546798029,116355047958.0
V3,L4,2026-05-31,دفرا,دزاگرس,12241,12236,65.51724137931035,67.48768472906403,40887390492.0
V3,L4,2026-05-31,شمس,شتران,12294,12288,67.98029556650246,-64.03940886699507,852565673639.8667
V3,L4,2026-05-31,غگل,شاملا,12322,12283,56.15763546798029,0.0,133270640027.66667
V3,L4,2026-05-31,غبشهر,پکرمان,12306,12361,75.86206896551724,44.58128078817734,61198068218.86666
V3,L4,2026-05-31,غاذر,فایرا,12304,12326,63.54679802955665,67.48768472906403,34368748102.666664
V3,L4,2026-05-31,سهگمت,بهپاک,12276,12199,25.615763546798032,-30.78817733990148,113164553000.66667
V3,L4,2026-05-31,نان,زکشت,12348,12254,40.88669950738917,-62.06896551724138,29444300053.0
V3,L4,2026-05-31,سمازن,شاراک,12273,12282,14.28571428571429,0.0,17639928187.333336
V3,L4,2026-05-31,ددانا,شبصیر,12234,12285,72.9064039408867,13.30049261083744,141066371044.0
V3,L4,2026-05-31,پیزد,شکربن,12363,12300,36.94581280788177,44.58128078817734,22951294289.833336
V3,L4,2026-05-31,بپیوند,غشان,12200,12311,61.57635467980296,-22.906403940886698,57898011798.9
V3,L4,2026-05-31,دلقما,وسپه,12243,12354,57.635467980295566,-22.9064039408867,153211563267.30002
V3,L4,2026-05-31,شسپا,زدشت,12292,12249,40.88669950738916,-30.78817733990148,66300221598.66667
V3,L4,2026-05-31,غکورش,خودرو,12321,12223,78.32512315270937,0.0,664008147768.4
V3,L4,2026-05-31,زبینا,کرماشا,12248,12376,10.837438423645319,0.0,13683169592.666664
V3,L4,2026-05-31,دجابر,عالیس,12233,12303,55.172413793103445,0.0,73292880175.86667
V3,L4,2026-05-31,دعبید,غویتا,12240,12318,21.674876847290637,-30.78817733990148,57698841558.466675
V3,L4,2026-05-31,کخاک,بترانس,12373,12194,49.26108374384236,0.0,73121857551.33333
V3,L4,2026-05-31,تلیسه,غفارس,12205,12313,49.26108374384236,0.0,88258111615.0
V3,L4,2026-06-30,غبشهر,کلر,12512,12589,51.92307692307692,44.47115384615385,151109305703.19998
V3,L4,2026-06-30,دفرا,سشرق,12444,12470,65.38461538461539,45.192307692307686,280925659841.0
V3,L4,2026-06-30,بپیوند,کهمدا,12406,12594,60.57692307692307,57.932692307692314,234639854885.8
