CompanyID,Symbol,CompanyName,LatestSalesReportDate,LatestProfitReportDate,LatestMarketDate,SalesReportCount,ProfitReportCount,MarketDaysCount,SalesLast12M,SalesPrev12M,SalesGrowth12M,SalesGrowth3M,SalesStability,LatestEPS,LatestOperatingEPS,LatestOperatingProfit,LatestOperatingProfitLastYear,NetProfitGrowth4Reports,OperatingProfitGrowthYoY,OperatingProfitGrowth4Reports,LatestPrice,LatestClosingPrice,PEApprox,PriceReturn7D,PriceReturn30D,PriceReturn90D,AvgTradeValue30D,AvgVolume30D,AvgTradeCount30D,Volatility30D,PricePosition90D,DataQualityScore,HasEnoughData,BadPEFlag,WeakSalesFlag,WeakOperatingProfitFlag,WeakLiquidityFlag,LossMakerFlag,WeakCoverageFlag,MarginContractionFlag,NetProfitMargin12M,OperatingMargin12M,OperatingMarginTrend,PSRatio,OperatingMarginLatest,NetMarginLatest,RevenueGrowthYoY,InterestCoverage,NonOperatingPct,ROE,FinancialLeverage,CurrentRatio,CashConversion,PBRatio,GrowthScore,ProfitabilityScore,ValuationScore,MarketScore,QuantScore,ProfitReportAgeMonths,MarketDataAgeDays,StaleDataFlag,GrowthPenalty,ProfitabilityPenalty,ValuationPenalty,MarketPenalty,TTMNetProfit,TTMNetProfitP1,NPUnitRatio,TTMEPS,ImpliedShares,ScoreVersion,SalesGrowthRank,SalesGrowth3MRank,RevenueGrowthRank,OperatingProfitGrowthRank,NetProfitGrowthRank,OperatingMarginRank,NetMarginRank,MarginTrendRank,InterestCoverageRank,EarningsQualityRank,PERank,PSRank,LiquidityRank,StabilityRank,LowVolatilityRank,MomentumRank,ROERank,LeverageRank,CurrentRatioRank,CashConversionRank,PBRank
be2e68f612059a7c256315b91e2aba36,کیمیا,کیمیا,1405/05/31,1405/03/31,2026-09-24,58,23,2354,32538739.0,11537580.0,182.02,248.68,-0.1143,1968.72,,12482121.0,3532422.0,1000.0,253.36,253.36,6180.0,6180.0,3.14,-9.38,36.73,235.69,156368743604.0,27566455.17,580.17,2.4811,84.74,1.000,True,False,False,False,False,False,False,False,29.97,38.7,10.9,0.94,41.45,30.48,160.39,4.46,0.41,86.45,2.02,1.6,0.619,2.71,32.8000000000000,17.0,15.3000000000000,4.2000000000000,69.26,4,1,False,0.0,0.0,0.0,0.0,29523564.0,31610000000.0,0.001,1968.72,15000000.0,v3.7,0.953800000000,0.945700000000,0.793700000000,0.890200000000,0.918900000000,0.643400000000,0.534000000000,0.617000000000,0.198300000000,0.819500000000,0.963600000000,0.952700000000,0.340700000000,0.026000000000,0.454900000000,0.747100000000,0.881200000000,0.201900000000,0.543700000000,0.625000000000,0.909100000000
d94c1c91ade00de4b90a351ebd762517,غاذر,غاذر,1405/05/31,1405/03/31,2026-09-24,74,28,3723,7215612.0,2573776.0,180.35,237.69,0.4708,3154.09,,1153403.0,194210.0,316.07,493.89,493.89,30130.0,30130.0,9.55,-3.31,40.6,142.57,397998255886.54,12655271.23,930.73,2.2741,81.33,1.000,True,False,False,False,False,False,False,False,49.9,59.02,37.71,4.77,72.53,61.52,185.11,31.92,0.99,64.4,0.4,2.98,0.073,6.15,33.2000000000000,19.1,8.5000000000000,8.1000000000000,68.92,4,1,False,0.0,0.0,0.0,0.0,2723198.0,2549503431.0,0.001,3154.09,863507.0,v3.7,0.953800000000,0.945700000000,0.873000000000,0.890200000000,0.918900000000,0.846200000000,0.815500000000,0.943300000000,0.814700000000,0.729300000000,0.436400000000,0.716400000000,0.663000000000,0.239600000000,0.729300000000,0.894900000000,0.683200000000,0.855800000000,0.902900000000,0.104200000000,0.752700000000
b992f8cd4c1b548e42482525505c9ea7,سباقر,سباقر,1405/05/31,1405/03/31,2026-09-24,63,28,323,39581347.0,19062970.0,107.63,-0.7,0.7287,44485.33,,8873377.0,2044507.0,482.28,334.01,334.01,364200.0,363600.0,8.19,-9.12,37.26,276.87,1027430406743.33,3243667.0,3645.1,2.5248,85.91,1.000,True,False,False,False,False,False,False,False,76.69,76.99,37.02,6.28,72.67,72.74,112.93,337.71,0.39,83.56,0.35,3.26,0.347,6.84,24.6000000000000,22.2,9.8000000000000,8.6000000000000,65.19,4,1,False,0.0,0.0,0.0,0.0,26691702.0,26694600000.0,0.001,44485.33,600000.0,v3.7,0.739100000000,0.135900000000,0.555600000000,0.890200000000,0.918900000000,0.951000000000,0.941700000000,0.943300000000,0.814700000000,0.834600000000,0.563600000000,0.701800000000,0.866700000000,0.822900000000,0.372200000000,0.758800000000,0.861400000000,0.884600000000,0.951500000000,0.416700000000,0.738200000000
fd32ba6ce155b8809f2066377e9eeccc,دقاضی,دقاضی,1405/05/31,1405/03/31,2026-09-24,53,26,634,68826823.0,26148539.0,163.21,68.74,0.4486,2412.82,,16030888.0,3585034.0,161.69,347.16,347.16,21480.0,21480.0,8.9,-4.96,1.42,174.54,403344233946.67,18514339.87,1351.97,2.3886,85.88,1.000,True,False,False,False,False,False,False,False,45.59,62.45,13.13,4.06,62.9,46.07,253.83,18.18,0.0,60.58,0.65,2.53,0.116,5.39,29.4000000000000,18.5,9.1000000000000,6.4000000000000,63.45,4,1,False,0.0,0.0,0.0,0.0,25068728.0,25072420000.0,0.001,2412.82,10390000.0,v3.7,0.953800000000,0.657600000000,0.948400000000,0.890200000000,0.668000000000,0.888100000000,0.757300000000,0.695000000000,0.603400000000,0.962400000000,0.483600000000,0.741800000000,0.666700000000,0.208300000000,0.571400000000,0.128400000000,0.643600000000,0.644200000000,0.835000000000,0.166700000000,0.792700000000
d01ad6f1e6afd1225f55ef45468e0c84,دارو,دارو,1405/05/31,1405/03/31,2026-09-24,72,27,4325,158863698.0,53921857.0,194.62,112.76,0.4357,840.95,,30718203.0,6845170.0,398.8,348.76,348.76,8330.0,8330.0,9.91,1.96,9.89,224.38,745335394698.67,89032131.3,2897.77,2.573,85.17,1.000,True,False,False,False,False,False,False,False,35.42,53.61,16.36,3.51,57.85,39.3,221.81,9.67,0.08,48.91,1.02,1.7,-0.06,4.84,32.9000000000000,16.0,8.4000000000000,5.7000000000000,63.08,4,1,False,0.0,0.0,0.0,0.0,43548995.0,43553000000.0,0.001,840.95,51800000.0,v3.7,0.953800000000,0.837000000000,0.948400000000,0.890200000000,0.918900000000,0.811200000000,0.631100000000,0.787200000000,0.431000000000,0.924800000000,0.414500000000,0.752700000000,0.811100000000,0.177100000000,0.327100000000,0.287900000000,0.455400000000,0.451900000000,0.611700000000,0.083300000000,0.810900000000
f785e696c04d1a51b6e88f62deefacb3,فایرا,فایرا,1405/05/31,1405/03/31,2026-09-24,50,28,2879,683891972.0,299948584.0,128.0,-0.09,0.6426,2419.09,3.12,99881485.0,9282548.0,215.24,298.39,298.39,14330.0,14330.0,5.92,-4.53,3.54,159.6,893249374733.33,60753121.93,2875.43,2.4875,83.11,1.000,True,False,False,False,False,False,False,False,23.88,31.03,24.28,1.41,39.82,29.84,320.01,64.08,1.47,59.47,0.63,2.58,0.388,3.52,26.3000000000000,16.1,13.2000000000000,7.2000000000000,62.84,4,1,False,0.0,0.0,0.0,0.0,150004494.0,148924000000.0,0.001,2419.09,62000000.0,v3.7,0.853300000000,0.146700000000,0.948400000000,0.890200000000,0.768300000000,0.566400000000,0.378600000000,0.865200000000,0.814700000000,0.676700000000,0.800000000000,0.898200000000,0.837000000000,0.583300000000,0.451100000000,0.167300000000,0.613900000000,0.673100000000,0.844700000000,0.447900000000,0.876400000000
9b6c775a14118735ecb3d0efbf6b7a8e,شمواد,شمواد,1405/05/31,1405/03/31,2026-09-24,52,27,1487,55967629.0,25384256.0,120.48,96.15,0.3359,1835.02,2.54,12486131.0,3228125.0,919.41,1000.0,1000.0,13050.0,13050.0,7.11,2.11,48.97,307.18,254812022934.67,24458111.13,762.8,2.3382,96.85,1.000,True,False,False,False,False,False,False,False,26.13,26.81,15.21,1.86,30.19,25.0,91.97,,0.26,61.87,0.4,2.06,-0.129,4.4,28.7000000000000,15.2,11.7000000000000,7.2000000000000,62.74,4,1,False,0.0,0.0,0.0,0.0,12160666.0,14712543840.0,0.001,1835.02,6627272.0,v3.7,0.820700000000,0.760900000000,0.460300000000,0.890200000000,0.918900000000,0.510500000000,0.427200000000,0.758900000000,0.500000000000,0.887200000000,0.680000000000,0.858200000000,0.525900000000,0.114600000000,0.650400000000,0.894900000000,0.663400000000,0.865400000000,0.767000000000,0.062500000000,0.818200000000
9f4709224be63e56349d1cc368e5f005,ارفع,ارفع,1405/05/31,1405/03/31,2026-09-24,76,27,2769,420825276.0,217883264.0,93.14,54.99,0.6347,2528.88,,39261064.0,7550374.0,270.62,419.99,419.99,14260.0,14560.0,5.64,12.96,12.26,159.77,472644807600.0,35896559.5,1474.1,5.3588,92.49,1.000,True,False,False,False,False,False,False,False,21.15,21.11,14.02,1.19,27.93,27.68,159.03,44.09,1.35,101.14,2.59,0.95,1.238,5.7,26.2000000000000,17.5,13.4000000000000,3.6000000000000,60.68,4,1,False,0.0,0.0,0.0,0.0,80898071.0,81808000000.0,0.001,2528.88,32000000.0,v3.7,0.625000000000,0.565200000000,0.785700000000,0.890200000000,0.818500000000,0.356600000000,0.359200000000,0.737600000000,0.814700000000,0.684200000000,0.821800000000,0.930900000000,0.722200000000,0.546900000000,0.037600000000,0.361900000000,0.901000000000,0.115400000000,0.106800000000,0.916700000000,0.774500000000
f26e919a7e723cb5fb35be3a34b11035,کمنگنز,کمنگنز,1405/05/31,1405/03/31,2026-09-24,76,28,4623,14675881.0,6829017.0,114.9,38.76,0.7373,1315.85,,2201955.0,424037.0,171.21,419.28,419.28,9450.0,9450.0,7.18,0.0,24.02,130.83,228908163485.0,26381742.37,1116.0,2.194,95.34,1.000,True,False,False,False,False,False,False,False,44.66,45.52,17.04,3.21,48.17,45.9,235.57,27.44,18.26,51.22,0.51,1.4,0.615,3.68,26.6000000000000,15.7,11.5000000000000,6.9000000000000,60.68,4,1,False,0.0,0.0,0.0,0.0,5925358.0,5856750000.0,0.001,1315.85,4500000.0,v3.7,0.777200000000,0.434800000000,0.948400000000,0.890200000000,0.706600000000,0.699300000000,0.728200000000,0.794300000000,0.814700000000,0.210500000000,0.676400000000,0.770900000000,0.485200000000,0.838500000000,0.800800000000,0.610900000000,0.514900000000,0.759600000000,0.417500000000,0.614600000000,0.865500000000
4f8054584021b10a15fe091d8973bf6f,شتران,شتران,1405/05/31,1405/03/31,2026-09-24,36,28,2151,5974270738.0,1425999269.0,318.95,103.87,0.5345,1413.54,,249123388.0,118617714.0,225.98,110.02,110.02,6570.0,6530.0,4.65,-5.5,33.54,77.3,4508642903842.67,770855455.43,11187.5,2.3527,84.74,1.000,True,False,False,False,False,False,False,False,18.73,22.36,6.3,0.87,17.13,14.55,32.83,,4.95,52.74,0.28,3.4,0.216,2.45,25.7000000000000,11.3,14.5000000000000,9.0000000000000,60.52,4,1,False,0.0,0.0,0.0,0.0,922911344.0,906486000000.0,0.001,1413.54,652500000.0,v3.7,0.953800000000,0.804300000000,0.190500000000,0.500000000000,0.787600000000,0.377600000000,0.291300000000,0.517700000000,0.500000000000,0.466200000000,0.890900000000,0.956400000000,0.966700000000,0.333300000000,0.639100000000,0.712100000000,0.534700000000,0.942300000000,0.970900000000,0.229200000000,0.923600000000
7386c9d3264a07cdaacbdba2e1941d42,کاسپین,کاسپین,1405/05/31,1405/03/31,2026-09-24,74,27,2271,83372322.0,34093682.0,144.54,104.9,0.4643,3830.47,,17483506.0,6109656.0,152.03,186.16,186.16,35710.0,35710.0,9.32,-4.26,13.44,234.3,337478025048.67,9849495.23,1731.17,2.385,91.53,1.000,True,False,False,False,False,False,False,False,45.95,64.34,2.4,4.28,63.19,45.06,175.28,13.92,0.62,104.43,1.86,1.48,0.291,9.74,27.7000000000000,18.6,8.6000000000000,5.2000000000000,60.11,4,1,False,0.0,0.0,0.0,0.0,30419105.0,30414380000.0,0.001,3830.47,7940000.0,v3.7,0.891300000000,0.815200000000,0.841300000000,0.681800000000,0.629300000000,0.895100000000,0.767000000000,0.411300000000,0.500000000000,0.782000000000,0.450900000000,0.734500000000,0.633300000000,0.213500000000,0.582700000000,0.400800000000,0.910900000000,0.269200000000,0.475700000000,0.333300000000,0.709100000000
003aeed095825b208ba109440c6a6431,خراسان,خراسان,1405/05/31,1405/03/31,2026-09-24,69,26,1691,214542044.0,90726729.0,136.47,202.47,0.3936,7007.46,,35063221.0,12967743.0,155.59,170.39,170.39,52480.0,53030.0,7.49,-10.42,7.92,47.42,265904774912.67,4966229.0,1138.8,2.7475,64.73,1.000,True,False,False,False,False,False,False,False,50.59,58.5,22.85,3.79,66.36,53.84,77.27,13.65,0.99,127.43,2.3,0.9,0.572,9.54,26.1000000000000,20.5,10.7000000000000,2.8000000000000,60.05,4,1,False,0.0,0.0,0.0,0.0,84071858.0,82398880608.0,0.001,7007.46,12000000.0,v3.7,0.880400000000,0.945700000000,0.388900000000,0.636400000000,0.652500000000,0.839200000000,0.854400000000,0.844000000000,0.474100000000,0.736800000000,0.636400000000,0.749100000000,0.537000000000,0.135400000000,0.154100000000,0.245100000000,0.930700000000,0.153800000000,0.087400000000,0.604200000000,0.712700000000
bde997b478a960687f241894a21e4fdb,فملی,فملی,1405/05/31,1405/03/31,2026-09-24,74,27,4276,4891602962.0,1959197885.0,149.67,16.23,0.6454,1933.52,,856351461.0,229184380.0,141.76,273.65,273.65,25030.0,24920.0,12.95,-7.91,62.74,118.92,11742659986441.15,489480834.4,35029.42,5.4732,84.79,1.000,True,False,False,False,False,False,False,False,50.06,59.98,16.05,6.48,66.0,55.94,182.75,745.33,0.36,53.51,0.67,1.29,1.038,6.93,25.2000000000000,20.1,7.3000000000000,6.5000000000000,59.03,4,1,False,0.0,0.0,0.0,0.0,2031135837.0,2021250000000.0,0.001,1933.52,1050000000.0,v3.7,0.902200000000,0.244600000000,0.865100000000,0.890200000000,0.594600000000,0.867100000000,0.835000000000,0.773000000000,0.814700000000,0.857100000000,0.338200000000,0.694500000000,0.996300000000,0.593800000000,0.030100000000,0.894900000000,0.554500000000,0.625000000000,0.349500000000,0.864600000000,0.734500000000
8ecb7116a860463b6dee7ca13dcf73ea,شبصیر,شبصیر,1405/05/31,1405/03/31,2026-09-24,77,27,1713,108259404.0,53656372.0,101.76,20.94,0.4023,2883.64,,15045817.0,3931950.0,99.25,282.66,282.66,16040.0,16010.0,5.56,3.16,35.56,58.86,342415873762.33,26194448.33,1351.7,2.3224,100.0,1.000,True,False,False,False,False,False,False,False,35.98,48.11,30.63,2.0,62.02,47.7,93.68,16.33,3.48,67.76,0.78,2.14,0.927,3.77,20.4000000000000,18.2,13.3000000000000,6.8000000000000,58.77,4,1,False,0.0,0.0,0.0,0.0,28841734.0,31253500000.0,0.001,2883.64,10000000.0,v3.7,0.712000000000,0.271700000000,0.476200000000,0.890200000000,0.478800000000,0.748300000000,0.640800000000,0.943300000000,0.560300000000,0.541400000000,0.829100000000,0.840000000000,0.637000000000,0.140600000000,0.676700000000,0.727600000000,0.732700000000,0.567300000000,0.786400000000,0.791700000000,0.854500000000
8bbc5bbccde546656d599555b9be64d9,سقاین,سقاین,1405/05/31,1405/03/31,2026-09-24,74,27,3266,20777863.0,9534937.0,117.91,51.91,0.731,3812.52,,4347894.0,938469.0,502.46,363.3,363.3,31410.0,31040.0,8.24,-11.47,24.16,247.63,194394096631.33,7035867.37,818.17,2.8354,83.0,1.000,True,False,False,False,False,False,False,False,84.29,73.36,43.36,6.94,76.97,92.92,102.26,15.06,39.12,135.82,1.89,1.3,0.523,11.19,27.5000000000000,17.3,9.6000000000000,4.1000000000000,58.49,4,1,False,0.0,1.9,0.0,0.0,15254288.0,15428000000.0,0.001,3812.52,4000000.0,v3.7,0.798900000000,0.548900000000,0.507900000000,0.890200000000,0.918900000000,0.937100000000,0.941700000000,0.943300000000,0.525900000000,0.127800000000,0.556400000000,0.683600000000,0.407400000000,0.828100000000,0.116500000000,0.618700000000,0.950500000000,0.259600000000,0.359200000000,0.552100000000,0.694500000000
85287a8fa516fef95aa0d2185f916071,شپنا,شپنا,1405/05/31,1405/03/31,2026-09-24,47,27,3476,13434648094.0,2293561650.0,485.75,59.84,0.552,1814.97,,484606087.0,167324185.0,164.8,189.62,189.62,12770.0,12720.0,7.04,-10.23,10.7,149.46,9743928812128.0,767574026.83,28589.3,2.6459,87.05,1.000,True,False,False,False,False,False,False,False,10.62,12.9,2.13,0.75,12.55,9.98,140.56,39.54,1.94,57.04,0.58,1.83,0.522,4.01,27.0000000000000,12.1,12.3000000000000,6.9000000000000,58.37,4,1,False,0.0,0.0,0.0,0.0,1139220803.0,1183204906282.0,0.001,1814.97,627234213.0,v3.7,0.953800000000,0.592400000000,0.722200000000,0.693200000000,0.679500000000,0.209800000000,0.106800000000,0.390100000000,0.814700000000,0.654100000000,0.698200000000,0.985500000000,0.988900000000,0.369800000000,0.233100000000,0.307400000000,0.594100000000,0.711500000000,0.699000000000,0.541700000000,0.847300000000
c373c2297b48b0838e26f18bf2419ddb,کرماشا,کرماشا,1405/04/31,1405/03/31,2026-09-24,76,27,3366,162304047.0,82005771.0,97.92,149.7,0.2328,6683.91,,16063339.0,7971931.0,217.11,101.5,101.5,29220.0,28800.0,4.37,-6.01,20.2,49.93,823218525075.33,29436023.23,1845.87,2.4885,80.07,1.000,True,False,False,False,False,False,False,False,46.02,56.38,11.14,2.01,55.06,37.77,60.75,5.42,2.26,43.97,1.0,0.78,0.312,1.92,23.8000000000000,14.6,14.4000000000000,5.0000000000000,57.86,4,1,False,0.0,0.0,0.0,0.0,70740935.0,72429771600.0,0.001,6683.91,10587600.0,v3.7,0.679300000000,0.885900000000,0.317500000000,0.473500000000,0.772200000000,0.825200000000,0.776700000000,0.638300000000,0.267200000000,0.624100000000,0.905500000000,0.836400000000,0.822200000000,0.078100000000,0.447400000000,0.548600000000,0.386100000000,0.471200000000,0.058300000000,0.354200000000,0.956400000000
c629b0270c5a5e7f60f68d0cb34f55df,غمینو,غمینو,1405/05/31,1405/03/31,2026-09-24,77,28,2815,28154588.0,12802926.0,119.91,-7.19,0.6299,1230.29,,4632465.0,1256750.0,141.11,268.61,268.61,8600.0,8560.0,6.99,-3.6,5.42,151.17,306443164281.33,37093276.47,1469.13,2.216,85.99,1.000,True,False,False,False,False,False,False,False,34.68,39.47,7.28,2.42,47.43,38.93,212.05,113.03,3.38,47.75,0.43,2.72,0.245,3.34,23.8000000000000,14.5,12.0000000000000,7.5000000000000,57.86,4,1,False,0.0,0.0,0.0,0.0,8614717.0,8610450000.0,0.001,1230.29,7000000.0,v3.7,0.809800000000,0.103300000000,0.948400000000,0.890200000000,0.590700000000,0.657300000000,0.621400000000,0.553200000000,0.814700000000,0.548900000000,0.712700000000,0.800000000000,0.607400000000,0.515600000000,0.793200000000,0.198400000000,0.435600000000,0.817300000000,0.864100000000,0.260400000000,0.883600000000
dd5d864e79f2bd6bd432e4b67295eda0,غبشهر,غبشهر,1405/05/31,1405/03/31,2026-09-24,59,28,4838,747721929.0,250895944.0,198.02,40.29,0.4297,2018.56,,89090860.0,10376354.0,1000.0,758.6,758.6,18250.0,18200.0,9.04,2.82,67.59,270.75,621883669448.08,37014627.77,1779.81,2.3763,91.94,1.000,True,False,False,False,False,False,False,False,11.46,18.23,11.43,1.04,20.18,13.08,272.4,15.28,7.44,69.87,2.32,1.29,0.263,6.32,30.6000000000000,12.1,9.5000000000000,5.5000000000000,57.79,4,1,False,0.0,0.0,0.0,0.0,70670616.0,66710000000.0,0.001,2018.56,35000000.0,v3.7,0.953800000000,0.451100000000,0.948400000000,0.890200000000,0.918900000000,0.314700000000,0.135900000000,0.652500000000,0.551700000000,0.375900000000,0.469100000000,0.945500000000,0.770400000000,0.166700000000,0.594000000000,0.894900000000,0.772300000000,0.144200000000,0.339800000000,0.291700000000,0.749100000000
36d852f81798b4c4f57827151acb1e86,شاراک,شاراک,1405/04/31,1405/03/31,2026-09-24,75,28,5453,694853545.0,405703577.0,71.27,98.72,0.5657,3871.2,,49727039.0,2590510.0,805.64,1000.0,1000.0,28910.0,28870.0,7.47,0.52,42.01,172.05,1033249549703.33,41264066.83,2189.73,2.4212,97.11,1.000,True,False,False,False,False,False,False,False,10.67,12.57,19.22,0.8,21.82,15.61,129.25,274.35,10.36,75.27,3.04,1.31,1.082,5.62,26.2000000000000,14.0,11.5000000000000,5.9000000000000,57.62,4,1,False,0.0,0.0,0.0,0.0,65813096.0,61982000000.0,0.001,3871.2,17000000.0,v3.7,0.467400000000,0.771700000000,0.650800000000,0.890200000000,0.918900000000,0.195800000000,0.116500000000,0.815600000000,0.814700000000,0.285700000000,0.640000000000,0.963600000000,0.881500000000,0.395800000000,0.533800000000,0.894900000000,0.821800000000,0.067300000000,0.398100000000,0.895800000000,0.778200000000
b1cd84e33ebd60a436db5a07c0afd700,شسپا,شسپا,1405/04/31,1405/03/31,2026-09-24,65,28,2687,545994966.0,312352489.0,74.8,67.29,0.6026,3706.08,,59578888.0,5225704.0,292.56,-97.17,-97.17,21550.0,21140.0,5.81,-7.44,11.56,162.28,1226516967669.67,63191210.97,4281.7,2.5515,88.99,1.000,True,False,False,True,False,False,False,False,41.18,48.02,25.09,2.39,34.78,24.96,217.64,169.31,0.39,69.31,0.72,1.9,0.717,4.03,17.3000000000000,20.3,13.0000000000000,6.8000000000000,57.4,4,1,False,5.0,0.0,0.0,0.0,207420331.0,204904000000.0,0.001,3706.08,56000000.0,v3.7,0.494600000000,0.646700000000,0.948400000000,0.083300000000,0.834000000000,0.741300000000,0.689300000000,0.943300000000,0.814700000000,0.849600000000,0.807300000000,0.807300000000,0.900000000000,0.468800000000,0.342100000000,0.342400000000,0.752500000000,0.586500000000,0.718400000000,0.687500000000,0.843600000000
72d8be1259190fb1b5c8726381e27f71,بهپاک,بهپاک,1405/05/31,1405/03/31,2026-09-24,60,26,2101,123329744.0,41629235.0,196.26,12.41,0.4222,3738.2,,12850359.0,3491273.0,1000.0,268.07,268.07,15590.0,15590.0,4.17,-9.36,5.91,122.87,328171071761.0,20475510.13,1580.6,2.2818,76.11,1.000,True,False,False,False,False,False,False,False,20.23,17.54,-1.73,0.84,17.3,11.12,304.98,4.02,6.04,35.62,1.09,1.24,0.28,1.49,29.2000000000000,7.7,15.0000000000000,5.2000000000000,57.11,4,1,False,0.0,0.0,0.0,0.0,19926553.0,9139048000.0,0.001,3738.2,5332000.0,v3.7,0.953800000000,0.217400000000,0.948400000000,0.890200000000,0.918900000000,0.286700000000,0.330100000000,0.198600000000,0.172400000000,0.443600000000,0.923600000000,0.960000000000,0.625900000000,0.161500000000,0.718000000000,0.214000000000,0.287100000000,0.432700000000,0.310700000000,0.322900000000,0.970900000000
980b075e10e0e4da4ae747bc7b6c3825,غپینو,غپینو,1405/05/31,1405/03/31,2026-09-24,74,28,4368,87206749.0,44454476.0,96.17,22.9,0.556,274.89,,15318597.0,4047134.0,151.25,278.5,278.5,1950.0,1950.0,7.09,-8.24,15.38,108.33,426961869380.67,223889478.4,1948.7,2.4671,79.43,1.000,True,False,False,False,False,False,False,False,39.11,45.82,12.64,2.77,47.98,37.62,178.79,36.75,0.73,21.88,0.27,2.02,0.17,1.55,23.5000000000000,14.4,11.9000000000000,7.2000000000000,56.98,4,1,False,0.0,0.0,0.0,0.0,30290477.0,31531461570.0,0.001,274.89,110140005.0,v3.7,0.668500000000,0.304300000000,0.849200000000,0.890200000000,0.625500000000,0.713300000000,0.679600000000,0.680900000000,0.814700000000,0.759400000000,0.687300000000,0.785500000000,0.703700000000,0.375000000000,0.466200000000,0.447500000000,0.148500000000,0.951900000000,0.737900000000,0.218800000000,0.967300000000
57ec56ad0fe574fcb2cee0f550320934,شبندر,شبندر,1405/05/31,1405/03/31,2026-09-24,49,27,2798,9461345602.0,4658467616.0,103.1,40.53,0.5986,2555.16,,432533149.0,205819524.0,206.42,110.15,110.15,14910.0,14990.0,5.84,-2.73,16.93,110.12,6120940295212.0,455249703.23,16907.33,2.3602,86.36,1.000,True,False,False,False,False,False,False,False,13.48,15.76,1.95,0.79,16.22,13.66,84.84,183.69,3.51,60.34,0.33,3.4,0.528,3.52,22.1000000000000,12.4,13.5000000000000,8.9000000000000,56.9,4,1,False,0.0,0.0,0.0,0.0,1046821058.0,1071081275420.0,0.001,2555.16,409742862.0,v3.7,0.717400000000,0.456500000000,0.436500000000,0.503800000000,0.752900000000,0.244800000000,0.184500000000,0.375900000000,0.814700000000,0.533800000000,0.803600000000,0.974500000000,0.981500000000,0.463500000000,0.620300000000,0.486400000000,0.633700000000,0.903800000000,0.961200000000,0.572900000000,0.880000000000
7d537ec96a4dfdbd270698d08661b4b4,فنوال,فنوال,1405/05/31,1405/03/31,2026-09-24,73,27,4422,70981774.0,32034611.0,121.58,37.41,0.6633,1598.02,,8632814.0,2522742.0,115.34,242.2,242.2,12100.0,12010.0,7.57,-10.84,-6.54,116.75,82445833408.67,6400109.53,530.13,2.3669,77.33,1.000,True,False,False,False,False,False,False,False,27.56,33.4,12.12,2.09,45.5,33.96,151.09,27.16,0.03,54.81,0.57,2.65,0.136,4.15,23.8000000000000,16.2,11.0000000000000,5.5000000000000,56.51,4,1,False,0.0,0.0,0.0,0.0,18284961.0,17014216623.0,0.001,1598.02,11447107.0,v3.7,0.826100000000,0.423900000000,0.754000000000,0.765200000000,0.540500000000,0.594400000000,0.456300000000,0.673800000000,0.814700000000,0.932300000000,0.625500000000,0.821800000000,0.140700000000,0.645800000000,0.612800000000,0.031100000000,0.574300000000,0.721200000000,0.854400000000,0.187500000000,0.832700000000
4d8273e8e35e83a73ef9b5bca072c95c,کالا,کالا,1405/05/31,1405/03/31,2026-09-24,73,25,1639,62740203.0,23334119.0,168.88,21.18,0.681,1893.56,1.31,13665387.0,4758757.0,97.95,219.29,219.29,10950.0,10920.0,5.78,-3.87,23.39,161.18,1482741006724.33,148511793.53,4000.93,2.3161,89.22,1.000,True,False,False,False,False,False,False,True,100.3,69.58,-3.01,5.8,71.48,92.63,199.25,69.94,48.54,61.28,0.33,3.04,0.634,3.54,24.1000000000000,10.2,12.8000000000000,9.1000000000000,56.21,4,1,False,0.0,5.9,0.0,0.0,54884699.0,54903000000.0,0.001,1893.56,29000000.0,v3.7,0.953800000000,0.282600000000,0.888900000000,0.738600000000,0.471000000000,0.916100000000,0.941700000000,0.184400000000,0.814700000000,0.105300000000,0.810900000000,0.712700000000,0.922200000000,0.724000000000,0.688000000000,0.595300000000,0.653500000000,0.913500000000,0.922300000000,0.635400000000,0.872700000000
f204dcb930e5f3c8891436b434ca7ef8,شغدیر,شغدیر,1405/05/31,1405/03/31,2026-09-24,72,27,1137,106364548.0,65555001.0,62.25,23.9,0.4428,12272.3,,12734060.0,957074.0,1000.0,1000.0,1000.0,80600.0,80160.0,6.57,5.13,90.39,106.48,683192200737.5,8526819.83,1725.71,5.523,97.27,1.000,True,False,False,False,False,False,False,False,16.64,15.3,32.29,1.09,38.89,32.83,125.74,134.72,3.3,79.72,1.73,1.09,0.888,5.24,22.8000000000000,16.0,12.6000000000000,4.5000000000000,55.97,4,1,False,0.0,0.0,0.0,0.0,15954827.0,16099200000.0,0.001,12272.3,1300000.0,v3.7,0.402200000000,0.326100000000,0.634900000000,0.890200000000,0.918900000000,0.230800000000,0.242700000000,0.943300000000,0.814700000000,0.556400000000,0.749100000000,0.938200000000,0.800000000000,0.192700000000,0.026300000000,0.894900000000,0.851500000000,0.307700000000,0.165000000000,0.770800000000,0.796400000000
bbcfae1712205951bfbb99d634742ad8,غکورش,غکورش,1405/04/31,1405/03/31,2026-09-24,61,28,1127,754033773.0,254861349.0,195.86,-0.58,0.3924,2991.95,4.49,60472960.0,10028895.0,344.03,190.41,190.41,25390.0,25290.0,8.49,-5.53,34.16,247.53,1080035426310.0,47643055.43,3119.23,2.5512,87.96,1.000,True,False,False,False,False,False,False,False,18.74,23.14,2.15,1.59,20.87,15.65,440.99,8.87,6.25,70.45,1.34,1.52,0.279,5.98,27.8000000000000,12.3,9.8000000000000,6.0000000000000,55.84,4,1,False,0.0,0.0,0.0,0.0,131700499.0,178640000000.0,0.001,2991.95,44000000.0,v3.7,0.953800000000,0.141300000000,0.948400000000,0.697000000000,0.918900000000,0.405600000000,0.301000000000,0.397200000000,0.413800000000,0.421100000000,0.509100000000,0.883600000000,0.892600000000,0.130200000000,0.345900000000,0.719800000000,0.782200000000,0.394200000000,0.504900000000,0.312500000000,0.756400000000
4abec9db6376c2f7c79a759d64220c72,دجابر,دجابر,1405/06/31,1405/03/31,2026-09-24,68,28,5488,46981329.0,13075552.0,259.31,26.89,0.4474,4198.14,2.34,9851419.0,1042802.0,911.55,134.37,134.37,47770.0,47770.0,11.38,8.89,53.8,357.04,669211815533.0,14721543.67,2109.3,3.2307,95.82,1.000,True,False,False,False,False,False,False,False,30.04,33.91,28.29,3.42,43.86,43.99,235.38,28.77,21.13,50.2,1.37,1.78,0.105,5.71,28.5000000000000,13.7,7.9000000000000,5.7000000000000,55.73,4,1,False,0.0,0.1,0.0,0.0,9520877.0,12428640000.0,0.001,4198.14,2268000.0,v3.7,0.953800000000,0.369600000000,0.948400000000,0.553000000000,0.918900000000,0.601400000000,0.543700000000,0.943300000000,0.814700000000,0.195500000000,0.367300000000,0.763600000000,0.785200000000,0.203100000000,0.086500000000,0.894900000000,0.475200000000,0.384600000000,0.669900000000,0.145800000000,0.770900000000
63a5bb96ab3f48206ee3e201f4ac9d85,کپرور,کپرور,1405/05/31,1405/03/31,2026-09-24,49,28,2530,36371547.0,21003750.0,73.17,59.39,0.5038,2595.98,,2516294.0,161251.0,1000.0,1000.0,1000.0,19230.0,19010.0,7.41,-4.14,63.88,95.44,242346552673.46,11878786.6,824.42,4.7482,86.25,1.000,True,False,False,False,False,False,False,False,14.2,17.06,19.48,1.05,23.57,18.03,171.07,49.07,1.79,40.13,0.91,1.77,0.1,2.97,26.2000000000000,11.7,11.7000000000000,5.1000000000000,54.73,4,1,False,0.0,0.0,0.0,0.0,4440071.0,4649490000.0,0.001,2595.98,1710000.0,v3.7,0.483700000000,0.587000000000,0.833300000000,0.890200000000,0.918900000000,0.272700000000,0.194200000000,0.822700000000,0.814700000000,0.669200000000,0.647300000000,0.941800000000,0.503700000000,0.270800000000,0.048900000000,0.894900000000,0.336600000000,0.500000000000,0.660200000000,0.125000000000,0.898200000000
067ba4a186448d230d296b1ce604d32f,شبهرن,شبهرن,1405/05/31,1405/03/31,2026-09-12,71,28,5231,610191167.0,329089122.0,85.42,101.5,0.5885,5253.74,,35662474.0,12715780.0,217.4,180.46,180.46,42990.0,42990.0,8.18,19.15,55.57,124.05,1033132861893.04,25107773.7,3256.61,2.5049,100.0,0.975,True,False,False,False,False,False,False,False,17.58,27.66,4.95,1.44,20.67,15.3,113.28,16.86,1.17,53.62,0.83,1.78,0.661,4.39,24.4000000000000,13.9,10.6000000000000,7.2000000000000,54.6,4,13,False,0.0,0.0,0.0,0.0,94552734.0,96534000000.0,0.001,5253.74,18000000.0,v3.7,0.581500000000,0.788000000000,0.563500000000,0.651500000000,0.776100000000,0.517500000000,0.271800000000,0.489400000000,0.577600000000,0.699200000000,0.567300000000,0.894500000000,0.877800000000,0.447900000000,0.402300000000,0.894900000000,0.564400000000,0.519200000000,0.679600000000,0.666700000000,0.821800000000
54e663798b0e261d5e3fef1f8da6430e,کاما,کاما,1405/04/31,1405/03/31,2026-09-24,40,28,4540,39451493.0,8990531.0,338.81,104.86,-0.5474,831.73,-1.45,4195708.0,818010.0,208.08,-100.0,-100.0,5050.0,5040.0,6.07,-13.4,32.63,148.4,1454979830628.0,285641215.57,4609.13,2.6207,73.49,1.000,True,False,False,True,False,False,False,False,74.55,68.01,30.11,4.53,62.71,72.3,166.63,5.45,34.52,43.79,0.41,2.43,0.125,2.66,21.0000000000000,12.8,12.6000000000000,7.3000000000000,53.79,4,1,False,5.0,1.5,0.0,0.0,35296359.0,34849980000.0,0.001,831.73,42570000.0,v3.7,0.953800000000,0.809800000000,0.809500000000,0.005700000000,0.756800000000,0.909100000000,0.941700000000,0.943300000000,0.275900000000,0.142900000000,0.781800000000,0.727300000000,0.918500000000,0.005200000000,0.270700000000,0.704300000000,0.376200000000,0.846200000000,0.825200000000,0.177100000000,0.912700000000
68e6f82aede2360869ceea7a3ea76d08,دفرا,دفرا,1405/05/31,1405/03/31,2026-09-24,77,27,3569,43889438.0,19423695.0,125.96,41.86,0.6283,3352.2,,8691399.0,3596727.0,130.15,141.65,141.65,45680.0,45660.0,13.63,-6.42,-5.88,174.81,101800732496.0,2011846.53,531.9,2.4195,74.08,1.000,True,False,False,False,False,False,False,False,62.6,72.59,10.01,8.53,75.0,62.66,109.39,,6.05,69.24,0.35,2.86,0.483,9.44,22.5000000000000,18.0,7.1000000000000,5.7000000000000,53.34,4,1,False,0.0,0.0,0.0,0.0,23472925.0,22807400000.0,0.001,3352.2,7000000.0,v3.7,0.847800000000,0.467400000000,0.539700000000,0.568200000000,0.571400000000,0.930100000000,0.941700000000,0.609900000000,0.500000000000,0.436100000000,0.327300000000,0.672700000000,0.181500000000,0.500000000000,0.545100000000,0.038900000000,0.742600000000,0.875000000000,0.893200000000,0.510400000000,0.720000000000
19b9ef8150577a94e1ec98c012006fa9,غویتا,غویتا,1405/05/31,1405/03/31,2026-09-24,67,27,1590,33794465.0,19486095.0,73.43,-12.14,0.7874,1339.54,,4193673.0,1120542.0,747.18,274.25,274.25,6140.0,6040.0,4.58,-10.65,17.51,174.55,294774879903.0,51699114.9,1249.93,2.5863,85.23,1.000,True,False,False,False,False,False,False,False,28.49,22.84,12.85,1.31,23.99,26.61,73.75,13.71,18.21,46.05,0.6,3.07,0.161,2.11,20.9000000000000,10.9,14.5000000000000,7.0000000000000,53.31,4,1,False,0.0,0.0,0.0,0.0,9369776.0,6069000000.0,0.001,1339.54,7000000.0,v3.7,0.489100000000,0.087000000000,0.365100000000,0.890200000000,0.918900000000,0.384600000000,0.495100000000,0.687900000000,0.482800000000,0.218000000000,0.901800000000,0.901800000000,0.585200000000,0.911500000000,0.308300000000,0.498100000000,0.425700000000,0.692300000000,0.941700000000,0.208300000000,0.941800000000
8fd65ccbe666396e87271af7cc74b33f,کپارس,کپارس,1405/04/31,1405/04/31,2026-09-24,68,29,3613,25746478.0,13932419.0,84.8,48.69,0.6343,2681.11,,5516398.0,1701197.0,197.85,224.27,224.27,18290.0,17890.0,6.82,-8.26,47.49,132.19,222374279477.0,13729263.13,662.77,2.5348,83.55,1.000,True,False,False,False,False,False,False,False,24.95,25.22,13.66,1.7,34.53,32.66,95.95,29.29,6.98,37.17,0.67,1.56,0.326,2.54,22.6000000000000,12.3,12.5000000000000,5.9000000000000,53.27,3,1,False,0.0,0.0,0.0,0.0,6728294.0,,0.001,2681.11,2510000.0,v3.7,0.576100000000,0.532600000000,0.484100000000,0.746200000000,0.749000000000,0.468500000000,0.417500000000,0.730500000000,0.814700000000,0.391000000000,0.727300000000,0.876400000000,0.474100000000,0.541700000000,0.360900000000,0.894900000000,0.306900000000,0.634600000000,0.524300000000,0.364600000000,0.916400000000
88f79bf4cbb7f64d7bb74b1c01d3388a,شگل,شگل,1405/03/31,1405/03/31,2026-09-24,66,22,4773,50707044.0,26259142.0,93.1,79.79,0.5122,971.9,,6860698.0,2496848.0,1000.0,174.77,174.77,3050.0,2970.0,3.14,-14.41,10.12,82.88,150375418591.27,52894797.93,816.47,2.686,79.67,1.000,True,False,False,False,False,False,False,False,11.83,18.85,3.41,0.37,22.51,15.16,133.13,5.47,2.0,39.44,2.15,1.03,-0.026,1.24,26.2000000000000,8.8,15.6000000000000,2.6000000000000,53.23,4,1,False,0.0,0.0,0.0,0.0,5979281.0,4845884800.0,0.001,971.9,6149600.0,v3.7,0.619600000000,0.701100000000,0.682500000000,0.647700000000,0.918900000000,0.321700000000,0.155300000000,0.461000000000,0.293100000000,0.639100000000,0.967300000000,0.996400000000,0.325900000000,0.281300000000,0.188000000000,0.291800000000,0.316800000000,0.182700000000,0.135900000000,0.093800000000,0.989100000000
7a54ec15d779b9ac2ed7963ef98f7d2e,دلقما,دلقما,1405/04/31,1405/03/31,2026-09-24,68,27,4985,33333116.0,15304382.0,117.8,153.0,0.5299,1108.59,-0.93,7485971.0,1151552.0,680.41,-100.0,-100.0,9450.0,9450.0,8.52,3.5,31.07,304.88,972409976980.67,95098706.3,3718.13,5.3672,78.02,1.000,True,False,False,True,False,False,False,False,36.14,43.16,34.74,3.08,58.68,44.08,165.24,11.76,0.03,50.07,1.4,1.63,-0.631,4.27,21.9000000000000,16.2,9.6000000000000,5.5000000000000,53.11,4,1,False,5.0,0.0,0.0,0.0,11353304.0,11254729300.0,0.001,1108.59,10235150.0,v3.7,0.793500000000,0.945700000000,0.801600000000,0.015200000000,0.918900000000,0.671300000000,0.650500000000,0.943300000000,0.465500000000,0.947400000000,0.505500000000,0.781800000000,0.863000000000,0.317700000000,0.033800000000,0.677000000000,0.465300000000,0.365400000000,0.563100000000,0.031300000000,0.829100000000
a80a3880494d31e82b13fd0d040e0f72,عالیس,عالیس,1405/04/31,1405/03/31,2026-09-24,35,18,688,35381586.0,18239433.0,93.98,-17.72,0.5868,1391.41,1.71,13507045.0,5067709.0,92.59,111.67,111.67,5960.0,5900.0,4.28,-3.44,6.88,103.17,347560354363.33,59315198.13,1905.83,1.8912,82.9,1.000,True,False,False,False,False,False,False,False,24.09,29.62,13.42,1.03,35.01,29.45,64.39,27.72,0.26,45.88,0.81,2.15,0.646,1.97,15.6000000000000,15.6,14.8000000000000,7.1000000000000,53.09,4,1,False,0.0,0.0,0.0,0.0,27832707.0,28080000000.0,0.001,1391.41,20000000.0,v3.7,0.635900000000,0.076100000000,0.333300000000,0.511400000000,0.455600000000,0.538500000000,0.388300000000,0.709200000000,0.814700000000,0.872200000000,0.912700000000,0.949100000000,0.640700000000,0.442700000000,0.954900000000,0.221800000000,0.415800000000,0.528800000000,0.796100000000,0.656300000000,0.945500000000
6f7820e83627a1b5cd580bbcbb338ef3,پیزد,پیزد,1405/04/31,1405/03/31,2026-09-24,75,28,1368,111755187.0,58756610.0,90.2,74.66,0.5582,1598.61,,13316388.0,2320361.0,109.16,473.89,473.89,12160.0,12000.0,7.61,3.18,99.0,231.13,352356574133.67,32679092.0,1002.1,1.608,95.04,1.000,True,False,False,False,False,False,False,False,14.65,19.85,19.75,1.11,33.5,25.22,135.51,15.18,3.17,50.69,1.84,1.31,-0.12,3.86,23.3000000000000,11.7,11.3000000000000,6.5000000000000,52.85,4,1,False,0.0,0.0,0.0,0.0,15021184.0,15107160000.0,0.001,1598.61,9395000.0,v3.7,0.603300000000,0.679300000000,0.698400000000,0.890200000000,0.525100000000,0.335700000000,0.203900000000,0.829800000000,0.534500000000,0.563900000000,0.621800000000,0.934500000000,0.648100000000,0.380200000000,0.985000000000,0.894900000000,0.505000000000,0.278800000000,0.388300000000,0.072900000000,0.850900000000
8bfd141901eaba0211578f174767f175,دعبید,دعبید,1405/04/31,1405/03/31,2026-09-24,67,28,4285,228307219.0,112296731.0,103.31,56.81,0.6675,1502.21,,66507856.0,25871373.0,443.04,157.07,157.07,25190.0,25190.0,16.77,1.98,38.1,180.57,1075388279805.33,49122146.77,2512.17,2.2206,98.56,1.000,True,False,False,False,False,False,False,False,38.96,46.1,7.62,6.53,50.23,39.7,118.09,5.22,14.4,59.51,1.53,1.63,-0.197,9.98,25.9000000000000,12.8,6.7000000000000,7.5000000000000,52.84,4,1,False,0.0,0.0,0.0,0.0,84095726.0,57635000000.0,0.001,1502.21,56000000.0,v3.7,0.722800000000,0.570700000000,0.603200000000,0.613600000000,0.918900000000,0.720300000000,0.669900000000,0.567400000000,0.241400000000,0.233100000000,0.290900000000,0.690900000000,0.885200000000,0.682300000000,0.774400000000,0.774300000000,0.623800000000,0.326900000000,0.572800000000,0.052100000000,0.705500000000
1b64f3e77238bc8dc5e3277587374ecf,ساروم,ساروم,1405/04/31,1405/03/31,2026-09-24,76,27,4282,50092550.0,32218417.0,55.48,94.35,0.596,34335.07,,12059397.0,7102842.0,99.99,69.78,69.78,219400.0,218600.0,6.39,-5.12,-0.36,122.07,415974271623.33,2003418.9,1564.67,2.4724,87.6,1.000,True,False,False,False,False,False,False,False,73.68,74.31,6.32,4.71,69.31,64.99,54.3,205.78,9.61,230.85,3.08,1.17,0.637,14.75,16.4000000000000,20.0,11.9000000000000,4.1000000000000,52.53,4,1,False,0.0,0.0,0.0,0.0,34335732.0,34914000000.0,0.001,34335.07,1000000.0,v3.7,0.358700000000,0.755400000000,0.293700000000,0.397700000000,0.486500000000,0.944100000000,0.941700000000,0.524800000000,0.814700000000,0.323300000000,0.767300000000,0.720000000000,0.685200000000,0.453100000000,0.462400000000,0.097300000000,0.980200000000,0.057700000000,0.233000000000,0.645800000000,0.672700000000
f014eb1a1c5399dfedbc5d53791ad9ac,شپدیس,شپدیس,1405/05/31,1405/03/31,2026-09-24,73,25,3213,908062338.0,564944129.0,60.73,-6.28,0.4649,1878.44,,313333322.0,169054431.0,262.53,85.34,85.34,13180.0,13320.0,7.02,3.26,19.68,-6.99,4638032088960.67,372072582.73,13374.5,2.4162,60.29,1.000,True,False,False,False,False,False,False,False,49.99,50.62,3.33,3.51,47.42,45.64,72.32,21.8,19.25,78.99,0.8,1.5,0.432,5.54,16.6000000000000,17.0,11.6000000000000,6.8000000000000,52.0,4,1,False,0.0,0.0,0.0,0.0,438772604.0,393486448652.0,0.001,1878.44,233572772.0,v3.7,0.385900000000,0.108700000000,0.357100000000,0.431800000000,0.814700000000,0.776200000000,0.825200000000,0.453900000000,0.814700000000,0.203000000000,0.701800000000,0.756400000000,0.970400000000,0.218800000000,0.548900000000,0.537000000000,0.841600000000,0.538500000000,0.495100000000,0.468800000000,0.781800000000
25594bcbd879ef25ca250052162de693,سبجنو,سبجنو,1405/05/31,1405/03/31,2026-09-24,72,27,3192,35972576.0,23742249.0,51.51,24.59,0.76,8800.18,,5601351.0,2927845.0,233.61,91.31,91.31,49980.0,49790.0,5.68,-5.54,-3.77,102.11,69757337812.33,1397026.4,414.0,2.4281,80.78,1.000,True,False,False,False,False,False,False,False,48.36,50.2,11.0,2.75,56.06,50.29,53.78,74.76,3.81,212.6,3.37,1.12,0.509,12.07,17.0000000000000,19.5,12.7000000000000,2.8000000000000,51.93,4,1,False,0.0,0.0,0.0,0.0,17601522.0,17602000000.0,0.001,8800.18,2000000.0,v3.7,0.331500000000,0.337000000000,0.285700000000,0.439400000000,0.799200000000,0.762200000000,0.796100000000,0.624100000000,0.814700000000,0.496200000000,0.818200000000,0.789100000000,0.107400000000,0.880200000000,0.526300000000,0.058400000000,0.980200000000,0.038500000000,0.194200000000,0.520800000000,0.683600000000
77ec0ce2270f5a3e04f8fa6313cf5201,دیران,دیران,1405/04/31,1405/03/31,2026-09-24,60,26,37,15624326.0,5970036.0,161.71,247.61,0.2912,1530.06,0.01,3579509.0,755261.0,1000.0,101.1,101.1,17110.0,17110.0,11.18,-6.04,118.8,,271490481547.6,16087451.3,636.0,5.2843,82.56,0.920,True,False,False,False,False,False,False,False,21.15,43.16,23.7,2.37,51.4,32.53,155.46,3.93,2.77,57.42,2.26,1.71,0.104,6.42,30.6000000000000,13.4,8.0000000000000,4.3000000000000,51.88,4,1,False,0.0,0.0,0.0,0.0,2722669.0,2262380000.0,0.001,1530.06,1780000.0,v3.7,0.953800000000,0.945700000000,0.777800000000,0.469700000000,0.918900000000,0.678300000000,0.349500000000,0.851100000000,0.155200000000,0.586500000000,0.374500000000,0.810900000000,0.555600000000,0.104200000000,0.041400000000,0.894900000000,0.604000000000,0.173100000000,0.621400000000,0.135400000000,0.745500000000
fa2e3267b28da291dc990ba6910786d0,جم پیلن3,جم پیلن,1405/05/31,1405/03/31,2026-09-24,60,26,1618,269587082.0,184674501.0,45.98,102.44,0.657,41854.26,,29748978.0,9892294.0,192.64,200.73,200.73,302400.0,298400.0,7.23,-1.78,15.7,66.05,181140886926.67,628383.97,517.27,2.7163,90.24,1.000,True,False,False,False,False,False,False,False,32.67,34.86,31.3,2.36,57.73,62.81,37.69,103.38,24.7,193.12,2.86,1.26,0.736,13.95,19.5000000000000,17.6,11.2000000000000,3.4000000000000,51.66,4,1,False,0.0,0.5,0.0,0.0,83705939.0,87822000000.0,0.001,41854.26,2000000.0,v3.7,0.266300000000,0.793500000000,0.214300000000,0.712100000000,0.741300000000,0.615400000000,0.572800000000,0.943300000000,0.814700000000,0.180500000000,0.672700000000,0.814500000000,0.385200000000,0.635400000000,0.176700000000,0.459100000000,0.980200000000,0.086500000000,0.330100000000,0.697900000000,0.676400000000
85b841e113a9981a56d7137b3e926c4a,شیران,شیران,1405/05/31,1405/03/31,2026-09-24,65,27,4402,297447641.0,152597864.0,94.92,46.02,0.6291,1358.39,,57859868.0,22928818.0,227.44,152.35,152.35,11090.0,11080.0,8.16,-0.81,1.93,86.22,498077699146.33,44923323.37,2088.73,2.6462,80.47,1.000,True,False,False,False,False,False,False,False,27.65,33.02,12.05,2.26,39.47,30.12,75.27,9.81,3.63,45.86,1.1,1.21,0.963,3.74,22.4000000000000,13.7,10.5000000000000,4.7000000000000,51.35,4,1,False,0.0,0.0,0.0,0.0,73967505.0,80235200100.0,0.001,1358.39,54433650.0,v3.7,0.652200000000,0.516300000000,0.381000000000,0.598500000000,0.791500000000,0.587400000000,0.466000000000,0.666700000000,0.448300000000,0.518800000000,0.574500000000,0.818200000000,0.729600000000,0.505200000000,0.229300000000,0.132300000000,0.405900000000,0.423100000000,0.281600000000,0.833300000000,0.858200000000
a09b97e4613ee9786a2d838cfdde6353,شکام,شکام,1405/05/31,1405/03/31,2026-09-24,63,21,1053,109427479.0,67206417.0,62.82,122.79,0.5176,1256.81,1.74,9298383.0,3511272.0,159.28,136.29,136.29,10270.0,10270.0,8.17,-0.39,42.84,249.44,961777205870.67,102596050.2,2490.07,2.6332,89.71,1.000,True,False,False,False,False,False,False,False,24.16,31.29,4.06,1.97,31.46,23.52,130.61,4.83,0.4,50.64,1.19,1.47,0.224,4.14,22.0000000000000,12.7,10.5000000000000,6.0000000000000,51.18,4,1,False,0.0,0.0,0.0,0.0,21891910.0,22012200000.0,0.001,1256.81,17400000.0,v3.7,0.407600000000,0.853300000000,0.674600000000,0.560600000000,0.660200000000,0.573400000000,0.398100000000,0.482300000000,0.215500000000,0.827100000000,0.570900000000,0.843600000000,0.851900000000,0.291700000000,0.244400000000,0.894900000000,0.495000000000,0.413500000000,0.466000000000,0.239600000000,0.836400000000
b694bdef08321e4aa9a9324af55183a3,دسینا,دسینا,1405/04/31,1405/03/31,2026-09-24,76,27,4945,51911546.0,30131057.0,72.29,150.17,0.6191,9289.49,,9013021.0,5167423.0,80.78,74.42,74.42,85440.0,85440.0,9.2,-4.76,12.32,120.05,173312945239.0,2025984.77,507.5,2.4654,82.89,1.000,True,False,False,False,False,False,False,False,46.09,55.55,1.88,4.24,59.8,45.87,68.92,35.31,1.81,99.62,1.37,1.73,0.518,9.16,18.5000000000000,19.0,8.7000000000000,4.9000000000000,51.17,4,1,False,0.0,0.0,0.0,0.0,22292811.0,22281600000.0,0.001,9289.49,2400000.0,v3.7,0.478300000000,0.945700000000,0.341300000000,0.416700000000,0.428600000000,0.818200000000,0.786400000000,0.368800000000,0.814700000000,0.661700000000,0.454500000000,0.738200000000,0.377800000000,0.484400000000,0.473700000000,0.369600000000,0.891100000000,0.375000000000,0.631100000000,0.531300000000,0.727300000000
32b0b479f11a3f7399ab159f7f643370,درازک,درازک,1405/04/31,1405/03/31,2026-09-24,76,28,44,30125338.0,13986737.0,115.39,235.68,0.4425,800.35,,5110604.0,942236.0,1000.0,442.39,442.39,4500.0,4500.0,5.62,-3.85,37.61,,501896819635.33,108416298.87,1606.67,3.4811,80.18,0.920,True,False,False,False,False,False,False,False,,50.34,32.48,,50.34,,92.48,8.86,5.14,,,,,,29.5000000000000,12.6,9.1000000000000,4.5000000000000,51.17,4,1,False,0.0,0.0,0.0,0.0,13950083496.0,13950083496.0,,800.35,17429992.0,v3.7,0.782600000000,0.945700000000,0.468300000000,0.890200000000,0.918900000000,0.769200000000,0.300000000000,0.943300000000,0.405200000000,0.458600000000,0.825500000000,0E-12,0.733300000000,0.182300000000,0.075200000000,0.766500000000,0.300000000000,0.300000000000,0.300000000000,0.300000000000,0E-12
ff114137fa42e84bc683b7b9b4aecee9,کخاک,کخاک,1405/04/31,1405/03/31,2026-09-24,65,26,3771,32260116.0,18795236.0,71.64,60.33,0.665,4036.97,,5786465.0,2247534.0,84.36,157.46,157.46,60170.0,60170.0,14.9,6.87,38.96,164.39,186674831853.33,3651874.5,630.83,2.3591,100.0,1.000,True,False,False,False,False,False,False,False,44.74,56.73,13.13,6.67,62.28,52.22,103.18,16.93,0.59,67.42,0.63,1.56,0.833,10.05,18.5000000000000,19.1,6.9000000000000,6.3000000000000,50.75,4,1,False,0.0,0.0,0.0,0.0,14130932.0,13818000000.0,0.001,4036.97,3500000.0,v3.7,0.472800000000,0.603300000000,0.515900000000,0.617400000000,0.444000000000,0.832200000000,0.737900000000,0.702100000000,0.586200000000,0.789500000000,0.316400000000,0.687300000000,0.400000000000,0.671900000000,0.631600000000,0.782100000000,0.712900000000,0.653800000000,0.534000000000,0.739600000000,0.701800000000
39c493c82f878ca7ed0a347493f150b6,شرانل,شرانل,1405/04/31,1405/03/31,2026-09-24,72,26,3045,402468369.0,256380662.0,56.98,50.1,0.6939,13149.85,,27581944.0,10173795.0,148.76,171.11,171.11,107000.0,106200.0,8.14,-11.72,13.4,125.04,334189831852.67,3245263.17,1182.77,2.498,82.17,1.000,True,False,False,False,False,False,False,False,20.95,25.57,11.79,1.7,26.02,21.9,48.24,60.99,8.43,83.62,1.01,1.89,1.072,6.8,17.6000000000000,16.0,10.5000000000000,6.2000000000000,50.37,4,1,False,0.0,0.0,0.0,0.0,78900444.0,78392000000.0,0.001,13149.85,6000000.0,v3.7,0.364100000000,0.538000000000,0.269800000000,0.640200000000,0.613900000000,0.475500000000,0.339800000000,0.659600000000,0.814700000000,0.345900000000,0.585500000000,0.872700000000,0.629600000000,0.744800000000,0.428600000000,0.396900000000,0.871300000000,0.461500000000,0.708700000000,0.875000000000,0.741800000000
04596c0c8cd003eca6202bb9351d3d5d,آردینه,آردینه,1405/05/31,1405/03/31,2026-09-24,41,12,525,22955830.0,10430792.0,120.08,6.63,0.8067,4666.5,,3476914.0,1129603.0,106.91,207.8,207.8,32640.0,32490.0,6.99,-8.3,11.96,131.67,253841526120.33,7743202.83,1116.93,2.6317,82.16,0.880,True,False,False,False,False,False,False,False,44.86,48.37,14.1,3.14,55.76,47.9,129.96,19.42,8.31,69.69,0.43,2.75,0.673,4.87,21.3000000000000,17.4,11.7000000000000,6.7000000000000,50.31,4,1,False,0.0,0.0,0.0,0.0,9335659.0,9518000000.0,0.001,4666.5,2000000.0,v3.7,0.815200000000,0.179300000000,0.666700000000,0.715900000000,0.513500000000,0.755200000000,0.747600000000,0.744700000000,0.612100000000,0.353400000000,0.709100000000,0.778200000000,0.522200000000,0.937500000000,0.248100000000,0.354100000000,0.762400000000,0.807700000000,0.873800000000,0.677100000000,0.807300000000
5d9142cab82acfbf6d12ef1824abd59b,سیمرغ3,سیمرغ,1405/04/31,1405/03/31,2026-09-24,34,29,1653,96637111.0,48702766.0,98.42,45.37,0.6462,515.94,,8382917.0,1836902.0,1000.0,356.36,356.36,5390.0,5390.0,10.45,-10.02,8.45,64.58,91520061903.0,16812048.67,442.0,2.8856,74.34,1.000,True,False,False,False,False,False,False,False,16.79,15.35,6.98,1.75,14.44,15.83,135.89,46.92,12.01,28.93,0.42,1.62,0.944,3.02,27.1000000000000,10.1,8.6000000000000,4.3000000000000,50.08,4,1,False,0.0,0.0,0.0,0.0,15054403.0,12758079967.0,0.001,515.94,29194691.0,v3.7,0.684800000000,0.505400000000,0.706300000000,0.890200000000,0.918900000000,0.237800000000,0.252400000000,0.546100000000,0.814700000000,0.255600000000,0.385500000000,0.869100000000,0.163000000000,0.604200000000,0.105300000000,0.268500000000,0.227700000000,0.826900000000,0.553400000000,0.812500000000,0.894500000000
876ac8a92de3ccb30dc55ce3d7ac189a,زبینا,زبینا,1405/04/31,1405/03/31,2026-09-24,59,25,1839,20717358.0,10395722.0,99.29,66.83,0.6298,1908.37,,1056863.0,446358.0,144.94,136.77,136.77,13940.0,13930.0,7.3,-2.86,9.86,146.03,174859093357.33,12643873.0,774.07,2.1843,83.34,1.000,True,False,False,False,False,False,False,False,34.18,25.1,-0.18,2.5,14.96,21.31,139.66,29.91,45.38,39.92,0.26,3.0,0.259,2.92,23.2000000000000,7.9,11.6000000000000,7.3000000000000,49.92,4,1,False,0.0,2.5,0.0,0.0,6954490.0,6952459210.0,0.001,1908.37,3640031.0,v3.7,0.690200000000,0.635900000000,0.714300000000,0.564400000000,0.606200000000,0.461500000000,0.601900000000,0.262400000000,0.814700000000,0.112800000000,0.669100000000,0.796400000000,0.381500000000,0.510400000000,0.804500000000,0.284000000000,0.326700000000,0.961500000000,0.912600000000,0.270800000000,0.901800000000
c45bd2f33db1b2f949e77b9db3b4ec72,کطبس,کطبس,1405/05/31,1405/03/31,2026-09-24,74,26,4527,13727052.0,7569902.0,81.34,173.21,0.5501,1903.79,,1519865.0,789128.0,62.85,92.6,92.6,18390.0,18410.0,9.66,-1.92,41.18,128.33,130149278418.67,8259760.37,458.2,2.3014,88.07,1.000,True,False,False,False,False,False,False,False,32.97,43.31,9.57,3.18,46.29,34.68,52.76,26.42,0.39,45.09,0.72,1.66,0.872,4.36,18.4000000000000,16.6,8.7000000000000,5.8000000000000,49.49,4,1,False,0.0,0.0,0.0,0.0,3712289.0,3712800000.0,0.001,1903.79,1950000.0,v3.7,0.548900000000,0.945700000000,0.277800000000,0.447000000000,0.359100000000,0.685300000000,0.582500000000,0.602800000000,0.814700000000,0.842100000000,0.429100000000,0.774500000000,0.263000000000,0.354200000000,0.706800000000,0.894900000000,0.396000000000,0.596200000000,0.592200000000,0.760400000000,0.825500000000
b88121029d7e973410b008320f8fe378,قاسم,قاسم,1405/06/31,1405/03/31,2026-09-24,58,24,2530,416644040.0,198808270.0,109.57,25.88,0.646,396.69,0.52,7222204.0,1546845.0,220.82,117.37,117.37,2136.0,2130.0,5.38,-10.01,-9.36,92.24,198348698865.9,83786932.57,784.5,2.946,72.63,1.000,True,False,False,False,False,False,False,False,4.61,5.74,2.17,0.25,5.83,4.89,193.36,22.81,12.5,26.72,2.85,1.09,0.479,1.44,24.5000000000000,7.5,14.3000000000000,2.6000000000000,48.85,4,1,False,0.0,0.0,0.0,0.0,16434370.0,15563224096.0,0.001,396.69,41345696.0,v3.7,0.750000000000,0.353300000000,0.881000000000,0.530300000000,0.779900000000,0.118900000000,0.058300000000,0.404300000000,0.814700000000,0.248100000000,0.847300000000,1.000000000000,0.418500000000,0.599000000000,0.097700000000,0.023300000000,0.198000000000,0.096200000000,0.155300000000,0.489600000000,0.974500000000
dec2e66cbc6ff178a8ee0240a9fc017e,کپشیر,کپشیر,1405/04/31,1405/03/31,2026-09-24,67,26,3940,22072650.0,12393378.0,78.1,122.41,0.5683,1532.39,,3569369.0,1468232.0,95.35,143.11,143.11,27830.0,27820.0,18.16,-1.35,62.22,174.58,247742137187.67,10845378.07,887.4,1.8741,92.35,1.000,True,False,False,False,False,False,False,False,43.44,46.56,6.57,7.89,55.52,49.25,114.34,,3.93,51.99,0.72,1.49,0.412,9.44,20.5000000000000,14.9,6.4000000000000,6.9000000000000,48.75,4,1,False,0.0,0.0,0.0,0.0,9190016.0,9248000000.0,0.001,1532.39,6000000.0,v3.7,0.505400000000,0.847800000000,0.579400000000,0.575800000000,0.459500000000,0.734300000000,0.718400000000,0.531900000000,0.500000000000,0.488700000000,0.269100000000,0.676400000000,0.507400000000,0.411500000000,0.966200000000,0.894900000000,0.524800000000,0.576900000000,0.485400000000,0.458300000000,0.716400000000
3eed9ad615c315d96a80b4ed8599772d,افق,افق,1405/05/31,1405/03/31,2026-09-24,77,27,1626,3023344708.0,1447028918.0,108.93,21.04,0.7044,5193.87,,46900832.0,14543210.0,210.37,222.49,222.49,68390.0,68100.0,13.17,-9.72,3.28,121.67,433891534807.33,6153118.07,1217.3,2.303,80.67,1.000,True,False,False,False,False,False,False,False,6.01,5.56,1.72,0.79,5.38,4.6,119.59,890.77,9.64,70.88,3.22,0.98,1.146,9.33,23.5000000000000,12.1,8.0000000000000,4.8000000000000,48.44,4,1,False,0.0,0.0,0.0,0.0,155839187.0,144810000000.0,0.001,5193.87,30000000.0,v3.7,0.744600000000,0.277200000000,0.619000000000,0.742400000000,0.760600000000,0.111900000000,0.077700000000,0.354600000000,0.814700000000,0.315800000000,0.334500000000,0.970900000000,0.714800000000,0.765600000000,0.695500000000,0.151800000000,0.792100000000,0.048100000000,0.116500000000,0.906300000000,0.723600000000
713aa98887c6fda78002e405bfbec00e,کهمدا,کهمدا,1405/05/31,1405/03/31,2026-09-24,77,28,4575,32764611.0,24060194.0,36.18,64.33,0.7085,1439.0,,15746243.0,9345071.0,812.65,68.5,68.5,5550.0,5520.0,3.86,-7.85,20.52,191.75,284353029335.67,53292339.13,1079.33,2.5154,82.21,1.000,True,False,False,False,False,False,False,False,53.95,52.46,11.11,2.08,52.46,53.95,32.82,3.0,37.27,,0.8,2.85,,,17.7000000000000,10.0,12.8000000000000,6.7000000000000,47.26,4,1,False,0.0,1.7,0.0,0.0,23743500000.0,23743500000.0,0.001,1439.0,16500000.0,v3.7,0.195700000000,0.614100000000,0.182500000000,0.390200000000,0.918900000000,0.790200000000,0.864100000000,0.631200000000,0.094800000000,0.135300000000,0.941800000000,0.829100000000,0.577800000000,0.781300000000,0.383500000000,0.560300000000,0.300000000000,0.548100000000,0.883500000000,0.300000000000,0E-12
9014071d39f25d22b48f82c550918f60,زکشت,زکشت,1405/05/31,1405/03/31,2026-09-24,75,27,1715,18904334.0,8686507.0,117.63,19.22,0.7004,3519.04,,1032324.0,606270.0,155.38,-98.55,-98.55,13510.0,13440.0,3.84,-38.55,-29.34,15.22,112528948559.55,5876398.07,605.32,11.0195,25.98,1.000,True,False,False,True,False,False,False,True,31.66,24.65,-7.32,1.22,17.68,26.15,140.72,80.71,0.01,62.37,0.42,1.98,0.366,2.39,15.0000000000000,12.4,15.1000000000000,4.5000000000000,46.96,4,1,False,5.0,3.0,0.0,0.0,5277123.0,5277000000.0,0.001,3519.04,1500000.0,v3.7,0.788000000000,0.260900000000,0.730200000000,0.075800000000,0.648600000000,0.440600000000,0.553400000000,0.099300000000,0.814700000000,0.954900000000,0.949100000000,0.920000000000,0.203700000000,0.755200000000,0.007500000000,0.003900000000,0.673300000000,0.836500000000,0.728200000000,0.427100000000,0.927300000000
7e41b7fd7ba1c353199eba22667db254,کسرا,کسرا,1405/04/31,1405/03/31,2026-09-23,75,28,17,14200610.0,6107025.0,132.53,89.39,0.2475,568.34,,1281330.0,378344.0,138.71,238.67,238.67,2357.0,2357.0,4.15,-60.78,,,269116490474.41,46227168.35,1018.35,42.8466,4.84,0.850,False,False,False,False,False,False,False,True,28.81,38.43,-7.18,1.19,31.29,23.53,316.39,4.03,0.0,15.43,0.63,1.12,1.522,0.64,27.4000000000000,8.9,15.0000000000000,3.7000000000000,46.76,4,2,False,0.0,3.0,0.0,0.0,3725359.0,4060260000.0,0.001,568.34,6570000.0,v3.7,0.869600000000,0.739100000000,0.948400000000,0.757600000000,0.575300000000,0.636400000000,0.514600000000,0.106400000000,0.181000000000,0.985000000000,0.927300000000,0.927300000000,0.544400000000,0.088500000000,0E-12,0.300000000000,0.099000000000,0.663500000000,0.184500000000,0.947900000000,1.000000000000
b4d2079975271890006b2f38412d761d,چکارن,چکارن,1405/05/31,1405/03/31,2026-09-24,68,27,4225,8513616.0,4025332.0,111.5,45.5,0.6437,477.64,,385418.0,216530.0,162.97,78.0,78.0,4690.0,4670.0,9.82,-8.79,13.08,54.07,28968746535.0,6244748.57,282.73,2.1469,76.98,1.000,True,False,False,False,False,False,False,False,18.39,21.52,-0.49,1.81,20.38,17.29,82.28,33.77,8.0,28.3,0.48,2.05,0.983,2.78,21.6000000000000,10.1,9.0000000000000,5.8000000000000,46.63,4,1,False,0.0,0.0,0.0,0.0,1407585.0,1389928650.0,0.001,477.64,2957295.0,v3.7,0.760900000000,0.510900000000,0.420600000000,0.424200000000,0.671800000000,0.363600000000,0.281600000000,0.248200000000,0.814700000000,0.360900000000,0.421800000000,0.861800000000,0.029600000000,0.588500000000,0.845900000000,0.385200000000,0.207900000000,0.778800000000,0.757300000000,0.843800000000,0.905500000000
62a63aab5e5f97d82fe87b1c3a34f7f2,بوعلی,بوعلی,1405/05/31,1405/03/31,2026-09-24,74,26,1207,1110845949.0,829625219.0,33.9,12.44,0.5335,11566.54,,77254417.0,11610401.0,55.89,565.39,565.39,61290.0,61290.0,5.3,6.13,58.41,74.45,929610473220.0,18840769.17,3056.77,2.301,100.0,1.000,True,False,False,False,False,False,False,False,14.97,17.32,25.0,0.79,30.81,26.98,25.61,32.89,10.27,76.9,1.95,1.3,0.333,4.07,11.7000000000000,14.1,14.0000000000000,6.4000000000000,46.13,4,1,False,0.0,0.0,0.0,0.0,165963132.0,130323830000.0,0.001,11566.54,14350000.0,v3.7,0.184800000000,0.222800000000,0.134900000000,0.890200000000,0.335900000000,0.279700000000,0.223300000000,0.879400000000,0.814700000000,0.300800000000,0.854500000000,0.967300000000,0.844400000000,0.328100000000,0.710500000000,0.894900000000,0.831700000000,0.230800000000,0.368900000000,0.406300000000,0.840000000000
32f230090775786229c664bc8cb52dba,شبریز,شبریز,1405/03/31,1405/03/31,2026-09-24,32,27,3218,2805051256.0,353289220.0,693.98,23.17,0.6646,10048.0,,116990635.0,60584910.0,142.35,93.1,93.1,54880.0,55540.0,5.46,-12.13,30.59,125.17,1634611189294.0,31784340.1,4421.83,2.3857,76.01,1.000,True,False,False,False,False,False,False,False,,,,,,,,,,,,,,,21.1000000000000,9.2,9.2000000000000,6.5000000000000,46.07,4,1,False,0.0,0.0,0.0,0.0,301440000000.0,301440000000.0,,10048.0,30000000.0,v3.7,0.953800000000,0.309800000000,0.300000000000,0.450800000000,0.598500000000,0.300000000000,0.300000000000,0.300000000000,0.500000000000,0.500000000000,0.840000000000,0E-12,0.933300000000,0.666700000000,0.578900000000,0.669300000000,0.300000000000,0.300000000000,0.300000000000,0.300000000000,0E-12
e6f5fb278dab95af4b0dede9cbdd4f34,کحافظ,کحافظ,1405/04/31,1405/03/31,2026-09-24,71,28,2858,37256135.0,22597710.0,64.87,88.47,0.6625,386.93,,3717478.0,1891361.0,26.79,96.55,96.55,2482.0,2450.0,6.41,-12.53,10.91,100.16,258071756231.5,105936177.53,1283.3,2.5947,78.17,1.000,True,False,False,False,False,False,False,False,24.6,29.01,1.86,1.58,32.11,27.23,85.17,7.15,0.27,22.07,0.5,2.29,0.48,1.42,15.4000000000000,11.3,13.0000000000000,6.3000000000000,45.98,4,1,False,0.0,0.0,0.0,0.0,8527596.0,8516213497.0,0.001,386.93,22005719.0,v3.7,0.423900000000,0.733700000000,0.444400000000,0.454500000000,0.223900000000,0.531500000000,0.407800000000,0.361700000000,0.336200000000,0.864700000000,0.763600000000,0.887300000000,0.533300000000,0.640600000000,0.297000000000,0.319100000000,0.158400000000,0.769200000000,0.815500000000,0.500000000000,0.981800000000
358139e1070f075fd27c39f77c4047e4,داسوه,داسوه,1405/03/31,1405/03/31,2026-09-24,55,28,4981,15447973.0,7902204.0,95.49,238.79,0.2355,4537.0,5.78,4668876.0,1189059.0,185.89,267.8,267.8,91090.0,91090.0,20.08,-5.8,28.71,253.09,113373951173.33,1233166.73,364.87,2.7498,79.22,1.000,True,False,False,False,False,False,False,False,,45.77,16.36,,45.77,,152.29,17.52,6.14,,,,,,27.8000000000000,12.3,2.8000000000000,2.9000000000000,45.83,4,1,False,0.0,0.0,0.0,0.0,3402750000.0,3402750000.0,,4537.0,750000.0,v3.7,0.657600000000,0.945700000000,0.769800000000,0.890200000000,0.729700000000,0.706300000000,0.300000000000,0.780100000000,0.594800000000,0.428600000000,0.258200000000,0E-12,0.214800000000,0.083300000000,0.150400000000,0.653700000000,0.300000000000,0.300000000000,0.300000000000,0.300000000000,0E-12
0e3a6731bfe6da581d9c4190b9b9707b,ددانا,ددانا,1405/04/31,1405/03/31,2026-09-24,40,28,930,120611902.0,52071078.0,131.63,167.14,0.3697,1685.5,2.37,37464630.0,12248890.0,189.11,169.61,169.61,19800.0,19800.0,11.75,-4.07,8.2,224.11,588739853690.33,27516862.37,1704.6,2.747,78.87,1.000,True,False,False,False,False,False,False,False,,28.32,3.99,,,,,7.71,0.72,,,,,,26.4000000000000,11.3,3.9000000000000,4.2000000000000,45.67,4,1,False,0.0,0.0,0.0,0.0,24271200000.0,24271200000.0,,1685.5,14400000.0,v3.7,0.864100000000,0.945700000000,0.300000000000,0.632600000000,0.737500000000,0.524500000000,0.300000000000,0.475200000000,0.362100000000,0.766900000000,0.352700000000,0E-12,0.755600000000,0.125000000000,0.157900000000,0.256800000000,0.300000000000,0.300000000000,0.300000000000,0.300000000000,0E-12
3dc6ca7296ff7c957aa13a1bf9e28347,کلر,کلر,1405/04/31,1405/03/31,2026-09-24,76,25,1471,21575601.0,11829152.0,82.39,61.24,0.7186,1503.38,,3149877.0,2284871.0,48.2,37.86,37.86,11030.0,11020.0,7.34,-7.24,19.01,55.3,158268460990.0,14748202.83,678.4,2.5436,72.69,1.000,True,False,False,False,False,False,False,True,54.7,65.27,-16.11,4.01,50.77,37.29,81.61,8.17,0.75,50.58,0.55,1.79,0.747,3.71,15.7000000000000,12.7,11.2000000000000,5.9000000000000,45.53,4,1,False,0.0,3.0,0.0,0.0,11076070.0,11076557525.0,0.001,1503.38,7364331.0,v3.7,0.554300000000,0.608700000000,0.404800000000,0.287900000000,0.301200000000,0.902100000000,0.873800000000,0.042600000000,0.379300000000,0.751900000000,0.661800000000,0.745500000000,0.344400000000,0.802100000000,0.357100000000,0.521400000000,0.485100000000,0.730800000000,0.689300000000,0.708300000000,0.861800000000
32cddf0dc9b06053a765b4c371dfe764,سصوفی,سصوفی,1405/05/31,1405/03/31,2026-09-24,74,27,4626,58031895.0,40907916.0,41.86,15.21,0.7381,30922.2,,10229174.0,7489011.0,76.97,36.59,36.59,165900.0,164000.0,5.37,-6.55,-0.36,56.19,582150942780.0,3473354.43,2633.93,2.2168,71.95,1.000,True,False,False,False,False,False,False,False,62.31,60.17,2.79,3.34,57.63,61.29,29.98,14.57,29.23,224.8,4.28,1.1,0.543,12.06,10.2000000000000,16.8,13.0000000000000,5.2000000000000,45.2,4,1,False,0.0,0.9,0.0,0.0,34014376.0,34002100000.0,0.001,30922.2,1100000.0,v3.7,0.239100000000,0.233700000000,0.158700000000,0.284100000000,0.417000000000,0.874100000000,0.941700000000,0.418400000000,0.508600000000,0.165400000000,0.850900000000,0.767300000000,0.748100000000,0.843800000000,0.789500000000,0.101200000000,0.980200000000,0.019200000000,0.174800000000,0.583300000000,0.687300000000
30098073127320ec11c2c84dc7dd7dd5,شپاکسا,شپاکسا,1405/04/31,1405/03/31,2026-09-24,67,27,46,90560377.0,45800885.0,97.73,58.77,0.5741,475.58,,11939585.0,3994064.0,503.72,198.93,198.93,2585.0,2563.0,5.44,-10.73,-23.26,,413606623428.93,150858705.9,1456.13,8.725,27.49,0.920,True,False,False,False,False,False,False,False,,22.9,6.24,,22.9,,117.49,5.31,2.06,,,,,,25.9000000000000,10.0,9.3000000000000,3.7000000000000,45.0,4,1,False,0.0,0.0,0.0,0.0,8465300000.0,8465300000.0,,475.58,17800000.0,v3.7,0.673900000000,0.581500000000,0.595200000000,0.708300000000,0.918900000000,0.391600000000,0.300000000000,0.510600000000,0.258600000000,0.631600000000,0.843600000000,0E-12,0.677800000000,0.421900000000,0.015000000000,0.007800000000,0.300000000000,0.300000000000,0.300000000000,0.300000000000,0E-12
6a68f93c59cc3f3e981255fe2b2eedc1,چدن,چدن,1405/04/31,1405/03/31,2026-09-24,63,28,2002,26726015.0,16309229.0,63.87,43.37,0.7671,542.68,1.36,2437126.0,1110095.0,20.22,150.31,150.31,4350.0,4330.0,8.02,1.17,44.96,197.19,425090492125.73,123702309.7,1181.77,2.3318,94.39,1.000,True,False,False,False,False,False,False,False,43.4,38.9,-1.54,3.48,32.85,24.61,129.83,5.57,3.75,29.4,0.7,1.74,0.298,2.36,15.3000000000000,11.2,10.7000000000000,7.7000000000000,44.89,4,1,False,0.0,0.0,0.0,0.0,10889712.0,21429000000.0,0.001,542.68,20000000.0,v3.7,0.413000000000,0.489100000000,0.658700000000,0.594700000000,0.196900000000,0.650300000000,0.708700000000,0.212800000000,0.310300000000,0.503800000000,0.596400000000,0.760000000000,0.696300000000,0.890600000000,0.661700000000,0.894900000000,0.247500000000,0.605800000000,0.640800000000,0.343800000000,0.930900000000
b3cd7f653dc0d5fd0e3a6dca3ddedf1b,دابور,دابور,1405/04/31,1405/03/31,2026-09-24,76,28,3790,40408859.0,20214532.0,99.9,117.09,0.6551,6453.0,,3845885.0,3860009.0,274.09,-0.37,-0.37,66020.0,66700.0,10.23,1.4,36.29,169.43,426280352243.67,7463275.37,1771.33,2.1154,96.25,1.000,True,False,False,False,False,False,False,False,,,,,,,,7.62,0.26,,,,,,22.8000000000000,10.3,4.4000000000000,6.4000000000000,43.91,4,1,False,0.0,0.0,0.0,0.0,11615400000.0,11615400000.0,,6453.0,1800000.0,v3.7,0.701100000000,0.842400000000,0.300000000000,0.193200000000,0.822400000000,0.300000000000,0.300000000000,0.300000000000,0.353400000000,0.879700000000,0.403600000000,0E-12,0.700000000000,0.625000000000,0.887200000000,0.739300000000,0.300000000000,0.300000000000,0.300000000000,0.300000000000,0E-12
caeb12747085d21bf8331e09cbac141e,سرود,سرود,1405/04/31,1405/03/31,2026-09-24,75,28,4816,56019123.0,31023810.0,80.57,68.51,0.5981,2424.0,,11191067.0,4601744.0,139.81,143.19,143.19,18690.0,18690.0,7.71,-6.17,14.24,183.22,587504606807.67,33623108.4,2669.13,2.4888,87.76,1.000,True,False,False,False,False,False,False,False,,52.54,5.8,,52.54,,116.37,9.01,10.31,,,,,,20.9000000000000,10.7,6.8000000000000,5.2000000000000,43.64,4,1,False,0.0,0.0,0.0,0.0,23270543016.0,23270543016.0,,2424.0,9600059.0,v3.7,0.538000000000,0.652200000000,0.587300000000,0.579500000000,0.579200000000,0.797200000000,0.300000000000,0.503500000000,0.422400000000,0.293200000000,0.614500000000,0E-12,0.751900000000,0.458300000000,0.443600000000,0.420200000000,0.300000000000,0.300000000000,0.300000000000,0.300000000000,0E-12
ba1603db6572b46274d398e9882a95ea,دزاگرس,دزاگرس,1405/04/31,1405/03/31,2026-09-24,40,16,331,63295972.0,28469059.0,122.33,208.44,0.3231,2844.79,,14061297.0,4459142.0,96.96,215.34,215.34,24080.0,24080.0,8.46,0.8,11.84,175.8,1079867473840.67,44168876.87,3040.1,2.6238,84.78,1.000,True,False,False,False,False,False,False,False,,,,,,,,,,,,,,,23.9000000000000,9.2,5.7000000000000,4.8000000000000,43.61,4,1,False,0.0,0.0,0.0,0.0,21904900000.0,21904900000.0,,2844.79,7700000.0,v3.7,0.837000000000,0.945700000000,0.300000000000,0.733000000000,0.467200000000,0.300000000000,0.300000000000,0.300000000000,0.500000000000,0.500000000000,0.516400000000,0E-12,0.888900000000,0.109400000000,0.263200000000,0.346300000000,0.300000000000,0.300000000000,0.300000000000,0.300000000000,0E-12
5846976e3619ada1281f076ebdce9055,بترانس,بترانس,1405/04/31,1405/04/31,2026-09-24,76,28,4964,197798459.0,132468175.0,49.32,29.23,0.6808,458.4,,176842.0,179171.0,,-1.3,-1.3,3650.0,3640.0,7.96,7.37,16.29,57.64,827702815926.0,249590483.63,3398.8,2.4938,100.0,1.000,True,False,False,False,False,False,False,False,79.96,89.29,-0.55,6.37,81.87,66.15,-0.64,5.21,0.0,29.15,0.46,3.05,0.262,2.32,9.8000000000000,15.0,10.6000000000000,8.0000000000000,43.49,3,1,False,0.0,0.0,0.0,0.0,550392.0,,0.001,458.4,1200000.0,v3.7,0.315200000000,0.396700000000,0.079400000000,0.181800000000,0.300000000000,0.979000000000,0.941700000000,0.241100000000,0.232800000000,0.985000000000,0.603600000000,0.698200000000,0.825900000000,0.718800000000,0.436100000000,0.482500000000,0.237600000000,0.798100000000,0.932000000000,0.281300000000,0.934500000000
8fd34057fd7ca66b3cbf6590fabf6582,فجر,فجر,1405/05/31,1405/03/31,2026-09-24,66,28,4047,122886551.0,81329685.0,51.1,83.35,0.6373,1064.25,,12013820.0,2657824.0,154.76,352.02,352.02,6960.0,6960.0,6.54,-9.26,41.46,196.42,428728192013.33,68133509.6,1235.1,2.426,84.96,1.000,True,False,False,False,False,False,False,False,,,,,,,,,,,,,,,20.0000000000000,9.2,8.3000000000000,5.8000000000000,43.28,4,1,False,0.0,0.0,0.0,0.0,21285000000.0,21285000000.0,,1064.25,20000000.0,v3.7,0.326100000000,0.722800000000,0.300000000000,0.890200000000,0.640900000000,0.300000000000,0.300000000000,0.300000000000,0.500000000000,0.500000000000,0.752700000000,0E-12,0.707400000000,0.567700000000,0.530100000000,0.894900000000,0.300000000000,0.300000000000,0.300000000000,0.300000000000,0E-12
162bcc9b9c97c9f3510c1bd06b5ae8c0,غفارس,غفارس,1405/04/31,1405/03/31,2026-09-24,75,28,2399,72615143.0,37902147.0,91.59,60.05,0.634,2028.99,,3572957.0,1364256.0,164.69,161.9,161.9,28070.0,27780.0,13.83,-3.21,112.22,303.37,147383960806.0,7501353.53,347.68,3.6483,93.65,1.000,True,False,False,False,False,False,False,False,4.83,6.64,1.6,0.67,8.12,5.37,110.15,4.57,0.09,41.56,2.42,1.46,0.152,5.75,22.3000000000000,8.6,8.1000000000000,3.7000000000000,42.67,4,1,False,0.0,0.0,0.0,0.0,3458120.0,2038314096.0,0.001,2028.99,1704276.0,v3.7,0.608700000000,0.597800000000,0.547600000000,0.625000000000,0.675700000000,0.139900000000,0.068000000000,0.347500000000,0.206900000000,0.917300000000,0.323600000000,0.989100000000,0.307400000000,0.536500000000,0.067700000000,0.894900000000,0.346500000000,0.134600000000,0.456300000000,0.197900000000,0.767300000000
99739597e0be8c49abb1092f02513a19,پکویر,پکویر,1405/04/31,1405/03/31,2026-09-24,67,28,2551,111249490.0,81094568.0,37.18,37.9,0.7729,1336.0,,15477211.0,11822819.0,98.05,30.91,30.91,3600.0,3600.0,2.69,2.86,-42.95,-45.89,353842348598.0,57478061.43,1604.77,18.3924,2.47,1.000,True,False,False,False,False,False,False,False,17.14,24.41,-0.14,0.46,26.22,17.45,31.58,5.24,1.01,53.38,2.1,1.17,0.224,1.44,11.6000000000000,11.0,15.7000000000000,3.7000000000000,41.93,4,1,False,0.0,0.0,0.0,0.0,18268897.0,6943764624.0,0.001,1336.0,13668828.0,v3.7,0.201100000000,0.429300000000,0.174600000000,0.268900000000,0.474900000000,0.433600000000,0.262100000000,0.269500000000,0.250000000000,0.721800000000,0.974500000000,0.992700000000,0.651900000000,0.895800000000,0.003800000000,0E-12,0.544600000000,0.192300000000,0.242700000000,0.250000000000,0.978200000000
2dcd8b1b42da502813fb5b275d5e288e,زشگزا,زشگزا,1405/04/31,1405/03/31,2026-09-24,72,29,1946,18229133.0,8936672.0,103.98,28.46,0.6943,4786.0,,654383.0,402406.0,126.5,62.62,62.62,31150.0,31050.0,6.51,-2.91,0.75,117.53,209340521245.67,6527402.57,1147.9,2.2771,85.09,1.000,True,False,False,False,False,False,False,False,,,,,,,,,,,,,,,18.6000000000000,9.2,8.3000000000000,4.8000000000000,40.98,4,1,False,0.0,0.0,0.0,0.0,4594560000.0,4594560000.0,,4786.0,960000.0,v3.7,0.733700000000,0.385900000000,0.300000000000,0.378800000000,0.559800000000,0.300000000000,0.300000000000,0.300000000000,0.500000000000,0.500000000000,0.756400000000,0E-12,0.433300000000,0.750000000000,0.721800000000,0.120600000000,0.300000000000,0.300000000000,0.300000000000,0.300000000000,0E-12
c948737bdfc349d67b85aee1855d53b9,زقیام,زقیام,1405/04/31,1405/03/31,2026-09-24,77,28,1830,38566197.0,17630801.0,118.74,26.79,0.6687,1396.0,0.92,1440249.0,881541.0,127.73,148.44,148.44,10560.0,10560.0,7.56,-6.63,5.18,105.69,136438140270.67,12383477.3,671.17,2.2419,77.91,1.000,True,False,False,False,False,False,False,False,,16.49,1.97,,,,,,,,,,,,20.3000000000000,9.3,6.9000000000000,4.4000000000000,40.97,4,1,False,0.0,0.0,0.0,0.0,9628322284.0,9628322284.0,,1396.0,6897079.0,v3.7,0.804300000000,0.364100000000,0.300000000000,0.590900000000,0.563700000000,0.258700000000,0.300000000000,0.383000000000,0.500000000000,0.500000000000,0.629100000000,0E-12,0.288900000000,0.692700000000,0.751900000000,0.186800000000,0.300000000000,0.300000000000,0.300000000000,0.300000000000,0E-12
5275e513e2842a3b390ae43faa530d06,غشان,غشان,1405/04/31,1405/03/31,2026-09-24,53,29,3697,53736523.0,26937766.0,99.48,31.14,0.709,945.0,1.52,3684161.0,1235298.0,195.55,198.24,198.24,17900.0,17900.0,18.94,4.56,31.62,376.32,193649590537.33,13180226.43,861.27,2.4643,97.96,1.000,True,False,False,False,False,False,False,False,,11.73,3.11,,11.73,,119.29,5.46,0.55,,,,,,23.4000000000000,9.7,2.9000000000000,4.8000000000000,40.82,4,1,False,0.0,0.0,0.0,0.0,2233035000.0,2233035000.0,,945.0,2363000.0,v3.7,0.695700000000,0.402200000000,0.611100000000,0.704500000000,0.745200000000,0.181800000000,0.300000000000,0.432600000000,0.284500000000,0.797000000000,0.265500000000,0E-12,0.403700000000,0.786500000000,0.477400000000,0.684800000000,0.300000000000,0.300000000000,0.300000000000,0.300000000000,0E-12
d591b0ffa863888077d0146ba8cd4e66,غمهرا,غمهرا,1405/04/31,1405/03/31,2026-09-24,59,28,3903,99801263.0,48974620.0,103.78,40.07,0.5224,2556.96,3.55,7251325.0,1849297.0,150.96,123.93,123.93,20650.0,20220.0,8.08,-2.69,16.01,130.09,171139496439.0,8677111.5,636.23,2.3304,87.24,1.000,True,False,False,False,False,False,False,False,,17.8,1.6,,,,,,,,,,,,20.4000000000000,9.3,6.5000000000000,4.4000000000000,40.65,4,1,False,0.0,0.0,0.0,0.0,12784800000.0,12784800000.0,,2556.96,5000000.0,v3.7,0.728300000000,0.445700000000,0.300000000000,0.541700000000,0.621600000000,0.300700000000,0.300000000000,0.340400000000,0.500000000000,0.500000000000,0.592700000000,0E-12,0.374100000000,0.307300000000,0.665400000000,0.466900000000,0.300000000000,0.300000000000,0.300000000000,0.300000000000,0E-12
968fb3437a7e5a62ca7b18a26e303df1,غشاذر,غشاذر,1405/04/31,1405/03/31,2026-09-24,67,29,3537,51334347.0,26362665.0,94.72,42.74,0.6724,1964.0,,4324070.0,1840762.0,154.29,134.91,134.91,18900.0,18680.0,9.62,-4.74,22.33,121.51,130462320158.46,7721280.2,562.65,3.5833,86.83,1.000,True,False,False,False,False,False,False,False,,14.52,1.3,,14.52,,113.94,16.51,0.12,,,,,,21.4000000000000,10.8,4.8000000000000,3.4000000000000,40.41,4,1,False,0.0,0.0,0.0,0.0,3366567032.0,3366567032.0,,1964.0,1714138.0,v3.7,0.646700000000,0.483700000000,0.571400000000,0.556800000000,0.637100000000,0.223800000000,0.300000000000,0.333300000000,0.569000000000,0.909800000000,0.432700000000,0E-12,0.266700000000,0.703100000000,0.071400000000,0.579800000000,0.300000000000,0.300000000000,0.300000000000,0.300000000000,0E-12
9bef79cc77bbecdafa3e66106bb8253b,زپارس,زپارس,1405/04/31,1405/03/31,2026-09-24,54,27,38,25984284.0,11533945.0,125.29,186.52,0.1142,3708.0,,2537402.0,1155493.0,1000.0,119.59,119.59,38600.0,38120.0,10.41,-8.08,45.33,,104229771708.0,2291234.03,441.32,3.9847,76.31,0.920,True,False,False,False,False,False,False,False,,,,,,,,,,,,,,,27.5000000000000,9.2,4.3000000000000,2.8000000000000,40.29,4,1,False,0.0,0.0,0.0,0.0,5173920720.0,5173920720.0,,3708.0,1395340.0,v3.7,0.842400000000,0.945700000000,0.300000000000,0.534100000000,0.918900000000,0.300000000000,0.300000000000,0.300000000000,0.500000000000,0.500000000000,0.392700000000,0E-12,0.188900000000,0.046900000000,0.056400000000,0.894900000000,0.300000000000,0.300000000000,0.300000000000,0.300000000000,0E-12
d9386a2d4a04ecbff28884606d66eda3,بشهاب,بشهاب,1405/03/31,1405/03/31,2026-09-23,62,27,3699,13911910.0,8665670.0,60.54,25.26,0.4131,2059.0,,2663207.0,563599.0,140.09,372.54,372.54,8190.0,8190.0,3.98,-8.8,15.68,79.45,112241697759.67,14161745.67,509.23,2.5891,76.51,1.000,True,False,False,False,False,False,False,False,,,,,,,,,,,,,,,17.6000000000000,9.2,10.2000000000000,3.0000000000000,40.09,4,2,False,0.0,0.0,0.0,0.0,5559300000.0,5559300000.0,,2059.0,2700000.0,v3.7,0.380400000000,0.342400000000,0.300000000000,0.890200000000,0.583000000000,0.300000000000,0.300000000000,0.300000000000,0.500000000000,0.500000000000,0.930900000000,0E-12,0.200000000000,0.151000000000,0.300800000000,0.455300000000,0.300000000000,0.300000000000,0.300000000000,0.300000000000,0E-12
dfe07aa2c9a5a27265431f60ae868b8c,فسپا,فسپا,1405/04/31,1405/03/31,2026-09-24,74,28,3314,57523088.0,39212130.0,46.7,23.93,0.7465,1249.24,,7032736.0,715859.0,99.35,882.42,882.42,8250.0,8250.0,6.6,6.31,68.02,320.7,603805957513.0,96176548.6,1370.57,1.9504,99.38,1.000,True,False,False,False,False,False,False,False,,,,,,,,,,,,,,,15.5000000000000,9.2,8.2000000000000,7.1000000000000,40.04,4,1,False,0.0,0.0,0.0,0.0,15615500000.0,15615500000.0,,1249.24,12500000.0,v3.7,0.277200000000,0.331500000000,0.300000000000,0.890200000000,0.482600000000,0.300000000000,0.300000000000,0.300000000000,0.500000000000,0.500000000000,0.741800000000,0E-12,0.766700000000,0.864600000000,0.939800000000,0.894900000000,0.300000000000,0.300000000000,0.300000000000,0.300000000000,0E-12
34f99deab827071c31069cb575b6aeeb,هجرت,هجرت,1405/04/31,1405/03/31,2026-09-24,78,27,1557,447439022.0,231084668.0,93.63,105.2,0.5663,887.98,1.26,11410008.0,2867295.0,110.17,109.54,109.54,8100.0,8100.0,9.12,-2.99,24.81,202.92,423845293518.33,52956093.47,1287.53,2.3723,89.75,1.000,True,False,False,False,False,False,False,False,,5.8,0.44,,,,,,,,,,,,20.5000000000000,8.6,5.1000000000000,5.5000000000000,39.73,4,1,False,0.0,0.0,0.0,0.0,18336750000.0,18336750000.0,,887.98,20650000.0,v3.7,0.630400000000,0.820700000000,0.300000000000,0.496200000000,0.532800000000,0.132900000000,0.300000000000,0.312100000000,0.500000000000,0.500000000000,0.465500000000,0E-12,0.692600000000,0.401000000000,0.601500000000,0.626500000000,0.300000000000,0.300000000000,0.300000000000,0.300000000000,0E-12
94e5dd63557afa43251119cb808facf2,پتایر,پتایر,1405/04/31,1405/03/31,2026-09-24,75,26,4321,68164987.0,49499514.0,37.71,82.42,0.6677,390.76,,4264882.0,1229471.0,,246.89,246.89,2616.0,2629.0,6.69,-11.81,49.97,57.05,270087485685.92,86817366.6,1159.36,6.8213,75.55,1.000,True,False,False,False,False,False,False,False,11.51,12.26,13.55,0.77,23.65,17.35,48.19,3.65,16.85,14.49,1.08,1.16,1.636,0.97,14.6000000000000,7.3,13.0000000000000,4.6000000000000,39.44,4,1,False,0.0,0.0,0.0,0.0,7364622.0,,0.001,390.76,18800000.0,v3.7,0.212000000000,0.712000000000,0.261900000000,0.772700000000,0.300000000000,0.188800000000,0.145600000000,0.716300000000,0.137900000000,0.225600000000,0.738200000000,0.978200000000,0.548100000000,0.687500000000,0.018800000000,0.894900000000,0.089100000000,0.442300000000,0.213600000000,0.958300000000,0.996400000000
e4f51cddab83abe24e70280c9f7240b3,قلرست,قلرست,1405/04/31,1405/01/31,2026-09-24,67,23,3286,25207063.0,10104936.0,149.45,2688.02,0.2063,,,3575207.0,962520.0,233.5,271.44,271.44,27860.0,28060.0,,-15.02,18.05,128.13,127602702622.0,4535506.37,362.97,2.6337,72.64,0.965,True,True,False,False,False,False,False,False,,,,,,,,,,,,,,,28.5000000000000,9.2,0E-13,3.0000000000000,39.34,6,1,False,0.0,0.0,8.0,0.0,,,,,1800000.0,v3.7,0.896700000000,0.945700000000,0.300000000000,0.890200000000,0.795400000000,0.300000000000,0.300000000000,0.300000000000,0.500000000000,0.500000000000,0E-12,0E-12,0.255600000000,0.062500000000,0.240600000000,0.509700000000,0.300000000000,0.300000000000,0.300000000000,0.300000000000,0E-12
39232c8d2f1231a8f681e77185a0a39e,کرازی,کرازی,1405/04/31,1405/03/31,2026-09-24,57,27,3361,27285883.0,11719763.0,132.82,0.22,0.7076,252.0,,2216054.0,913205.0,74.38,142.67,142.67,1783.0,1782.0,7.08,-7.09,13.0,92.23,218163285117.7,126738857.9,1104.97,2.5261,79.15,1.000,True,False,False,False,False,False,False,False,,,,,,,,,,,,,,,18.0000000000000,9.2,7.6000000000000,4.5000000000000,39.32,4,1,False,0.0,0.0,0.0,0.0,10773000000.0,10773000000.0,,252.0,42750000.0,v3.7,0.875000000000,0.152200000000,0.300000000000,0.572000000000,0.401500000000,0.300000000000,0.300000000000,0.300000000000,0.500000000000,0.500000000000,0.690900000000,0E-12,0.463000000000,0.770800000000,0.368400000000,0.381300000000,0.300000000000,0.300000000000,0.300000000000,0.300000000000,0E-12
03892a92148b9665bbb3713469826e29,سهگمت,سهگمت,1405/04/31,1405/04/31,2026-09-24,70,27,4289,37116786.0,30647235.0,21.11,76.77,0.7192,27299.3,,8814086.0,8881302.0,6.62,-0.76,-0.76,140600.0,140000.0,5.15,-3.71,3.4,40.34,168256225573.33,1208396.37,766.63,2.0526,66.86,1.000,True,False,False,False,False,False,False,True,50.49,46.41,-8.87,2.6,42.26,48.33,20.07,67.9,30.83,113.57,1.7,1.4,0.527,5.85,8.3000000000000,12.2,13.4000000000000,5.4000000000000,39.29,3,1,False,0.0,4.1,0.0,0.0,19895825.0,,0.001,27299.3,728789.0,v3.7,0.114100000000,0.684800000000,0.111100000000,0.189400000000,0.158300000000,0.727300000000,0.844700000000,0.092200000000,0.814700000000,0.157900000000,0.861800000000,0.792700000000,0.363000000000,0.807300000000,0.909800000000,0.159500000000,0.920800000000,0.317300000000,0.427200000000,0.562500000000,0.763600000000
8c179073bc41ee6b95d603feda98dafa,قرن,قرن,1405/05/31,1405/03/31,2026-09-24,75,29,1444,218024122.0,108688965.0,100.59,85.64,0.61,2369.65,,14748151.0,6878978.0,125.4,114.39,114.39,23000.0,22720.0,9.71,-12.38,7.47,146.13,250684380455.67,11285270.1,619.13,2.7724,79.36,1.000,True,False,False,False,False,False,False,False,,25.73,1.19,,25.73,,104.48,3.41,6.87,,,,,,22.2000000000000,8.5,4.7000000000000,3.7000000000000,39.06,4,1,False,0.0,0.0,0.0,0.0,40284000000.0,40284000000.0,,2369.65,17000000.0,v3.7,0.706500000000,0.728300000000,0.523800000000,0.522700000000,0.552100000000,0.482500000000,0.300000000000,0.326200000000,0.120700000000,0.406000000000,0.425500000000,0E-12,0.514800000000,0.474000000000,0.124100000000,0.233500000000,0.300000000000,0.300000000000,0.300000000000,0.300000000000,0E-12
5ba7eb50b25bd20543e42f9cc50394ed,دپارس,دپارس,1405/03/31,1405/03/31,2026-09-24,73,27,47,33268153.0,18086594.0,83.94,100.49,0.3427,14402.22,,4453197.0,1575215.0,70.47,182.7,182.7,56550.0,56540.0,3.93,-10.11,14.34,,299179901293.67,4977328.53,884.23,3.0546,52.19,0.920,True,False,False,False,False,False,False,False,,,,,,,,,,,,,,,19.0000000000000,9.2,10.3000000000000,3.7000000000000,38.85,4,1,False,0.0,0.0,0.0,0.0,35285450000.0,35285450000.0,,14402.22,2450000.0,v3.7,0.570700000000,0.777200000000,0.300000000000,0.666700000000,0.382200000000,0.300000000000,0.300000000000,0.300000000000,0.500000000000,0.500000000000,0.934500000000,0E-12,0.596300000000,0.119800000000,0.094000000000,0.424100000000,0.300000000000,0.300000000000,0.300000000000,0.300000000000,0E-12
7083cfdfe2c268113f647360403b3778,پخش,پخش,1405/05/31,1405/03/31,2026-09-24,76,20,2977,616626029.0,361851296.0,70.41,31.7,0.7081,1917.91,,10215907.0,3546347.0,56.77,188.07,188.07,13420.0,13470.0,7.0,-2.81,21.79,133.25,699778726827.67,53726165.97,2209.17,2.2185,88.8,1.000,True,False,False,False,False,False,False,False,,,,,,,,,,,,,,,15.4000000000000,9.2,7.8000000000000,6.5000000000000,38.83,4,1,False,0.0,0.0,0.0,0.0,19179120000.0,19179120000.0,,1917.91,10000000.0,v3.7,0.456500000000,0.407600000000,0.300000000000,0.689400000000,0.339800000000,0.300000000000,0.300000000000,0.300000000000,0.500000000000,0.500000000000,0.705500000000,0E-12,0.803700000000,0.776000000000,0.778200000000,0.572000000000,0.300000000000,0.300000000000,0.300000000000,0.300000000000,0E-12
13a0bcb602f4d54dab681986defb249d,کیمیاتک,کیمیاتک,1405/03/31,1405/03/31,2026-09-24,69,24,1100,98709971.0,50412265.0,95.81,15.47,0.6636,1991.0,,12482121.0,3532422.0,155.3,253.36,253.36,19790.0,19590.0,9.94,-9.18,21.83,221.57,221839863833.67,11712408.87,704.07,2.5479,85.14,1.000,True,False,False,False,False,False,False,False,,,,,,,,,,,,,,,20.5000000000000,9.2,4.5000000000000,4.5000000000000,38.72,4,1,False,0.0,0.0,0.0,0.0,29865000000.0,29865000000.0,,1991.0,15000000.0,v3.7,0.663000000000,0.239100000000,0.300000000000,0.890200000000,0.644800000000,0.300000000000,0.300000000000,0.300000000000,0.500000000000,0.500000000000,0.410900000000,0E-12,0.470400000000,0.651000000000,0.349600000000,0.575900000000,0.300000000000,0.300000000000,0.300000000000,0.300000000000,0E-12
c5978431f5fc7f58270049f2352c5a00,پاسا,پاسا,1405/04/31,1405/03/31,2026-09-24,72,27,3694,50517092.0,30207122.0,67.24,-1.27,0.7899,2061.07,,4452032.0,1555758.0,72.7,186.16,186.16,10490.0,10440.0,5.09,-1.79,23.99,85.11,280088959607.33,29001535.5,1278.33,2.2607,90.08,1.000,True,False,False,False,False,False,False,False,,,,,,,,,,,,,,,13.9000000000000,9.2,9.6000000000000,5.9000000000000,38.59,4,1,False,0.0,0.0,0.0,0.0,8862600000.0,8862600000.0,,2061.07,4300000.0,v3.7,0.429300000000,0.130400000000,0.300000000000,0.685600000000,0.390000000000,0.300000000000,0.300000000000,0.300000000000,0.500000000000,0.500000000000,0.869100000000,0E-12,0.574100000000,0.916700000000,0.740600000000,0.607000000000,0.300000000000,0.300000000000,0.300000000000,0.300000000000,0E-12
1712cd6b0f7a77388a2c072ad6694a89,تلیسه,تلیسه,1405/05/31,1405/03/31,2026-09-24,75,26,2240,26580516.0,12675634.0,109.7,54.54,0.5503,1264.22,,652735.0,618540.0,114.89,5.53,5.53,9250.0,9220.0,7.32,-6.77,10.68,124.55,219140976823.67,22780706.67,1169.57,2.4372,78.14,1.000,True,False,False,False,False,False,False,True,28.0,18.99,-9.53,2.05,8.57,18.12,122.85,8.39,123.11,25.68,0.24,1.76,0.333,1.88,20.5000000000000,0.0,11.7000000000000,6.3000000000000,38.58,4,1,False,0.0,11.0,0.0,0.0,6320758.0,6387249260.0,0.001,1264.22,4993940.0,v3.7,0.755400000000,0.554300000000,0.627000000000,0.227300000000,0.536700000000,0.328700000000,0.475700000000,0.085100000000,0.396600000000,0.037600000000,0.665500000000,0.832700000000,0.466700000000,0.359400000000,0.511300000000,0.299600000000,0.188100000000,0.971200000000,0.650500000000,0.395800000000,0.960000000000
d07ff5df6784e3a6d9d9eabdb65794ba,فولاد,فولاد,1405/05/31,1405/03/31,2026-09-24,70,27,4230,3862599517.0,2846057583.0,35.72,154.39,0.5396,495.81,,197995135.0,234582596.0,21.2,-15.6,-15.6,3350.0,3350.0,6.76,3.94,43.59,37.41,10922145405057.87,3898781782.8,26039.37,2.0922,95.11,1.000,True,False,False,False,False,False,False,True,26.33,25.05,-3.94,1.78,23.74,14.43,-1.6,3.68,2.94,28.46,0.86,1.7,1.248,1.92,10.8000000000000,7.0,12.6000000000000,8.2000000000000,38.58,4,1,False,0.0,3.0,0.0,0.0,962487084.0,1368585000000.0,0.001,495.81,1935000000.0,v3.7,0.190200000000,0.945700000000,0.071400000000,0.159100000000,0.208500000000,0.454500000000,0.436900000000,0.156000000000,0.146600000000,0.578900000000,0.734500000000,0.865500000000,0.992600000000,0.343800000000,0.898500000000,0.894900000000,0.217800000000,0.509600000000,0.601900000000,0.927100000000,0.952700000000
7bb1956b5377b9485a7db8de8b55a434,شاملا,شاملا,1405/04/31,1405/03/31,2026-09-24,76,28,3968,50994768.0,27007048.0,88.82,66.57,0.4847,4322.0,,11999046.0,4388003.0,101.57,173.45,173.45,39550.0,39550.0,9.15,-1.67,16.29,124.97,215493719820.33,5753951.77,830.3,2.302,91.49,1.000,True,False,False,False,False,False,False,False,,,,,,,,,,,,,,,19.5000000000000,9.2,5.1000000000000,4.7000000000000,38.47,4,1,False,0.0,0.0,0.0,0.0,21610000000.0,21610000000.0,,4322.0,5000000.0,v3.7,0.597800000000,0.625000000000,0.300000000000,0.643900000000,0.505800000000,0.300000000000,0.300000000000,0.300000000000,0.500000000000,0.500000000000,0.461800000000,0E-12,0.448100000000,0.255200000000,0.703000000000,0.478600000000,0.300000000000,0.300000000000,0.300000000000,0.300000000000,0E-12
e60b29bf5ce7f167ddc4039487210d2f,سشرق,سشرق,1405/04/31,1405/03/31,2026-09-24,70,25,5102,35976996.0,19917240.0,80.63,51.59,0.7194,2309.97,,9296319.0,4655159.0,170.95,99.7,99.7,23750.0,23720.0,10.28,-7.81,20.47,104.31,429865216716.67,18525632.37,1639.8,2.602,78.2,1.000,True,False,False,False,False,False,False,False,,,,,,,,,,,,,,,19.6000000000000,9.2,4.4000000000000,5.3000000000000,38.44,4,1,False,0.0,0.0,0.0,0.0,14321800000.0,14321800000.0,,2309.97,6200000.0,v3.7,0.543500000000,0.543500000000,0.300000000000,0.465900000000,0.702700000000,0.300000000000,0.300000000000,0.300000000000,0.500000000000,0.500000000000,0.400000000000,0E-12,0.711100000000,0.812500000000,0.293200000000,0.552500000000,0.300000000000,0.300000000000,0.300000000000,0.300000000000,0E-12
6b88726e82dff2001540bb7b87e2d9be,پاکشو,پاکشو,1405/05/31,1405/03/31,2026-09-24,73,28,2797,370401589.0,151975576.0,143.72,64.96,0.6463,1309.0,,22279045.0,4632053.0,179.18,-68.17,-68.17,11830.0,11820.0,9.04,-4.14,15.66,170.05,149390117911.67,13618448.17,415.0,2.7718,89.05,1.000,True,False,False,True,False,False,False,False,,23.08,7.97,,23.08,,214.94,3.17,2.69,,,,,,20.2000000000000,9.6,5.2000000000000,3.5000000000000,38.43,4,1,False,5.0,0.0,0.0,0.0,104720000000.0,104720000000.0,,1309.0,80000000.0,v3.7,0.885900000000,0.619600000000,0.948400000000,0.117400000000,0.725900000000,0.398600000000,0.300000000000,0.574500000000,0.103400000000,0.594000000000,0.472700000000,0E-12,0.314800000000,0.609400000000,0.127800000000,0.451400000000,0.300000000000,0.300000000000,0.300000000000,0.300000000000,0E-12
f8449f411289fa0775dc1618a83c922b,اسیاتک,اسیاتک,1405/04/31,1405/03/31,2026-09-24,64,20,46,41288182.0,31906064.0,29.41,57.51,0.8034,1000.78,,4002148.0,1553245.0,76.19,157.66,157.66,4230.0,4230.0,4.23,-0.94,35.75,,600274161445.97,156225060.1,2394.97,1.9633,88.63,0.920,True,False,False,False,False,False,False,False,28.63,26.05,19.1,1.21,38.63,53.91,30.28,14.61,68.24,42.83,2.01,0.54,0.921,1.81,13.1000000000000,7.2,14.8000000000000,6.3000000000000,38.05,4,1,False,0.0,4.8,0.0,0.0,11500293.0,10915200000.0,0.001,1000.78,11500000.0,v3.7,0.163000000000,0.576100000000,0.166700000000,0.621200000000,0.409300000000,0.496500000000,0.504900000000,0.808500000000,0.517200000000,0.082700000000,0.916400000000,0.923600000000,0.759300000000,0.932300000000,0.932300000000,0.731500000000,0.356400000000,0.211500000000,0.019400000000,0.781300000000,0.963600000000
04234a593ca4912aa015a1dea99da781,زفکا,زفکا,1405/05/31,1405/03/31,2026-09-24,74,27,1703,47850992.0,22286709.0,114.71,39.54,0.6557,908.92,,2247174.0,1825336.0,27.05,23.11,23.11,8100.0,8040.0,8.91,-10.17,-2.31,53.32,277586629838.67,34084062.6,1274.5,2.3746,75.56,1.000,True,False,False,False,False,False,False,True,27.13,21.95,-13.98,2.42,15.62,18.85,133.31,15.21,27.2,36.41,0.46,1.39,0.558,3.24,17.4000000000000,5.0,9.5000000000000,6.0000000000000,37.85,4,1,False,0.0,3.7,0.0,0.0,11048382.0,10731902324.0,0.001,908.92,12140161.0,v3.7,0.771700000000,0.440200000000,0.690500000000,0.250000000000,0.231700000000,0.370600000000,0.446600000000,0.056700000000,0.543100000000,0.172900000000,0.480000000000,0.803600000000,0.570400000000,0.630200000000,0.597700000000,0.070000000000,0.297000000000,0.788500000000,0.407800000000,0.593800000000,0.887300000000
72b4d79585406feb5160a555339cce54,غدیس,غدیس,1405/04/31,1405/03/31,2026-09-24,66,27,2154,60229805.46,40804805.0,47.6,145.8,0.4158,7811.0,,5890705.0,4476148.0,65.31,31.6,31.6,11760.0,11850.0,1.51,-9.89,-9.61,73.17,133559129352.33,10672481.57,686.63,2.5828,71.78,1.000,True,False,False,False,False,False,False,False,,,,,,,,,,,,,,,14.7000000000000,9.2,11.0000000000000,2.8000000000000,37.7,4,1,False,0.0,0.0,0.0,0.0,9135261318.0,9135261318.0,,7811.0,1169538.0,v3.7,0.288000000000,0.880400000000,0.300000000000,0.276500000000,0.366800000000,0.300000000000,0.300000000000,0.300000000000,0.500000000000,0.500000000000,0.996400000000,0E-12,0.270400000000,0.156300000000,0.319500000000,0.019500000000,0.300000000000,0.300000000000,0.300000000000,0.300000000000,0E-12
9a98774de11b0af3874a6f2b69db1b58,انرژی,انرژی,1405/04/31,1405/03/31,2026-09-24,76,27,1297,2787356.0,1559324.0,78.75,193.3,0.4427,521.59,,514294.0,182576.0,49.21,181.69,181.69,21930.0,22130.0,42.04,-10.62,18.15,121.57,961363199946.33,40541161.4,2742.27,2.6635,75.94,1.000,True,False,False,False,False,False,False,False,86.37,29.95,17.61,36.31,51.98,91.81,86.24,,96.62,30.0,0.1,11.45,0.453,12.61,19.4000000000000,5.0,5.3000000000000,7.6000000000000,37.4,4,1,False,0.0,7.7,0.0,0.0,2115086.0,2128950000.0,0.001,521.59,4050000.0,v3.7,0.516300000000,0.945700000000,0.452400000000,0.659100000000,0.305000000000,0.545500000000,0.941700000000,0.801400000000,0.500000000000,0.067700000000,0.178200000000,0.654500000000,0.848100000000,0.187500000000,0.210500000000,0.513600000000,0.267300000000,0.990400000000,1.000000000000,0.479200000000,0.680000000000
d481c7823a747032cbe08b189a6f03c0,زاگرس,زاگرس,1405/06/31,1405/03/31,2026-09-24,76,28,3281,451865070.0,328181526.0,37.69,-2.19,0.4305,2999.59,,14061297.0,4459142.0,51.35,215.34,215.34,167000.0,168600.0,55.67,-2.49,35.86,38.57,276738620333.33,1860760.47,1146.77,2.0145,88.4,1.000,True,False,False,False,False,False,False,True,41.21,52.83,-4.7,22.95,50.16,39.23,244.9,5.57,2.99,65.49,0.95,2.06,0.827,,14.4000000000000,12.3,3.7000000000000,7.0000000000000,37.31,4,1,False,0.0,3.0,0.0,0.0,23101877.0,15675600000.0,0.001,2999.59,7700000.0,v3.7,0.206500000000,0.125000000000,0.948400000000,0.733000000000,0.316600000000,0.804200000000,0.699000000000,0.141800000000,0.319000000000,0.571400000000,0.152700000000,0.661800000000,0.566700000000,0.171900000000,0.917300000000,0.735400000000,0.693100000000,0.480800000000,0.776700000000,0.729200000000,0E-12
a274374c43fbb39b5ca1f9afddfea99a,فاراک,فاراک,1405/03/31,1405/03/31,2026-09-24,68,29,4438,21592058.0,20095080.0,7.45,21.87,0.5697,754.02,,18489362.0,8105706.0,116.02,128.1,128.1,2920.0,2940.0,3.87,-8.13,4.66,180.0,967074365008.83,327450974.97,3759.13,2.3881,81.72,1.000,True,False,False,False,False,False,False,False,,,,,,,,,,,,,,,12.0000000000000,9.2,10.3000000000000,5.5000000000000,37.09,4,1,False,0.0,0.0,0.0,0.0,20222924344.0,20222924344.0,,754.02,26820046.0,v3.7,0.059800000000,0.293500000000,0.300000000000,0.549200000000,0.544400000000,0.300000000000,0.300000000000,0.300000000000,0.500000000000,0.500000000000,0.938200000000,0E-12,0.855600000000,0.416700000000,0.575200000000,0.182900000000,0.300000000000,0.300000000000,0.300000000000,0.300000000000,0E-12
9b49ee65d0f95a940c84528303ae18e9,حپارسا,حپارسا,1405/03/31,1405/03/31,2026-09-24,75,29,50,20624299.0,12073275.0,70.83,36.64,0.5674,2535.0,,4281559.0,1231052.0,508.49,247.8,247.8,20930.0,20930.0,8.26,-6.14,12.47,,81725911704.33,4132802.57,253.63,2.4956,76.38,0.920,True,False,False,False,False,False,False,False,,,,,,,,,,,,,,,21.7000000000000,9.2,6.1000000000000,3.2000000000000,37.01,4,1,False,0.0,0.0,0.0,0.0,4816500000.0,4816500000.0,,2535.0,1900000.0,v3.7,0.462000000000,0.418500000000,0.300000000000,0.776500000000,0.918900000000,0.300000000000,0.300000000000,0.300000000000,0.500000000000,0.500000000000,0.552700000000,0E-12,0.133300000000,0.406300000000,0.432300000000,0.373500000000,0.300000000000,0.300000000000,0.300000000000,0.300000000000,0E-12
16c5adc0ecd89c732f53b66f1b794505,بجهرم,بجهرم,1405/05/31,1405/03/31,2026-09-24,72,26,46,27471319.0,19421497.0,41.45,126.42,0.5593,334.48,,4025974.0,3214169.0,50.5,25.26,25.26,3070.0,3070.0,9.18,-8.9,15.33,,436738103629.2,133564383.97,1811.83,2.4601,65.6,0.920,True,False,False,False,False,False,False,False,49.87,52.17,-0.79,4.58,55.69,51.45,27.03,,9.87,21.27,0.15,3.59,-0.647,1.95,12.6000000000000,10.6,9.1000000000000,7.9000000000000,36.96,4,1,False,0.0,0.0,0.0,0.0,12195186.0,12824752820.0,0.001,334.48,36545332.0,v3.7,0.233700000000,0.858700000000,0.142900000000,0.253800000000,0.312700000000,0.783200000000,0.805800000000,0.227000000000,0.500000000000,0.308300000000,0.458200000000,0.723600000000,0.718500000000,0.385400000000,0.488700000000,0.443600000000,0.128700000000,0.980800000000,0.980600000000,0.020800000000,0.949100000000
1ddbed63fff24fa4ad4fc82f1d695219,سیستم,سیستم,1405/04/31,1405/03/31,2026-09-24,73,28,2198,36412968.0,24400341.0,49.23,44.79,0.7434,3654.67,,5762713.0,2043554.0,20.32,181.99,181.99,53510.0,53250.0,14.64,-9.55,5.45,96.92,51221886106.33,944641.93,309.47,2.1708,77.34,1.000,True,False,False,False,False,False,False,False,79.71,71.04,15.36,11.67,54.15,86.24,102.02,,79.65,198.11,3.46,0.8,0.757,29.01,13.9000000000000,12.9,6.9000000000000,3.1000000000000,36.82,4,1,False,0.0,6.0,0.0,0.0,36540673.0,39070000000.0,0.001,3654.67,10000000.0,v3.7,0.309800000000,0.500000000000,0.500000000000,0.662900000000,0.200800000000,0.923100000000,0.941700000000,0.766000000000,0.500000000000,0.075200000000,0.320000000000,0.665500000000,0.074100000000,0.859400000000,0.815800000000,0.206200000000,0.980200000000,0.028800000000,0.077700000000,0.718800000000,0.669100000000
36f23676eaffd388df63219008589dec,سپیدار,سپیدار,1405/04/31,1405/03/31,2026-09-24,54,21,1197,15200124.0,10337660.0,47.04,47.08,0.4979,1259.02,,3186865.0,1965870.0,70.47,62.11,62.11,10040.0,10030.0,7.97,-2.9,13.33,73.35,74451311210.0,8013858.67,1021.47,2.5622,89.66,1.000,True,False,False,False,False,False,False,False,96.85,85.66,2.91,7.72,83.89,170.31,56.48,,126.77,56.0,0.32,4.32,0.935,4.47,13.2000000000000,7.7,10.3000000000000,5.5000000000000,36.6,4,1,False,0.0,8.0,0.0,0.0,13033268.0,13033293000.0,0.001,1259.02,10350000.0,v3.7,0.282600000000,0.521700000000,0.309500000000,0.373100000000,0.378400000000,0.979000000000,0.941700000000,0.425500000000,0.500000000000,0.030100000000,0.600000000000,0.680000000000,0.111100000000,0.265600000000,0.334600000000,0.393000000000,0.584200000000,0.923100000000,0.990300000000,0.802100000000,0.814500000000
ca5267d5258e0569e8890f5e68c841e1,غگل,غگل,1405/04/31,1405/03/31,2026-09-24,74,29,3099,35820928.0,26979522.0,32.77,12.78,0.7535,10468.49,,1652374.0,1195864.0,128.87,38.17,38.17,6310.0,6290.0,0.6,-13.84,-6.95,43.31,142505239318.67,20744783.2,939.3,2.2861,63.54,1.000,True,False,False,False,False,False,False,False,,,,,,,,8.22,2.4,,,,,,11.8000000000000,9.3,11.0000000000000,4.4000000000000,36.55,4,1,False,0.0,0.0,0.0,0.0,11672370000.0,11672370000.0,,10468.49,1115000.0,v3.7,0.179300000000,0.228300000000,0.300000000000,0.295500000000,0.567600000000,0.300000000000,0.300000000000,0.300000000000,0.387900000000,0.609000000000,1.000000000000,0E-12,0.300000000000,0.875000000000,0.714300000000,0.027200000000,0.300000000000,0.300000000000,0.300000000000,0.300000000000,0E-12
881f485833e35685213e8f387e534bf7,قصفها,قصفها,1404/10/30,1404/12/29,2026-09-24,62,27,4362,88459330.0,30851400.0,186.73,77.08,-0.0433,188.0,0.21,6467515.0,5547579.0,6.27,1000.0,1000.0,2294.0,2289.0,12.2,-6.61,12.21,104.01,133777307290.0,60303373.37,875.17,2.4614,80.04,0.965,True,False,False,False,False,False,False,False,,7.31,7.31,,,,,,,,,,,,21.2000000000000,9.4,3.8000000000000,3.4000000000000,36.37,7,1,False,0.0,0.0,0.0,0.0,5675903676.0,5675903676.0,,188.0,30190977.0,v3.7,0.953800000000,0.690200000000,0.300000000000,0.890200000000,0.154400000000,0.146900000000,0.300000000000,0.560300000000,0.500000000000,0.500000000000,0.341800000000,0E-12,0.274100000000,0.036500000000,0.485000000000,0.358000000000,0.300000000000,0.300000000000,0.300000000000,0.300000000000,0E-12
d108002c1966bd34137074461c1193bc,دبالک,دبالک,1405/04/31,1405/03/31,2026-09-24,72,28,2443,14866695.0,7016347.0,111.89,184.33,0.4682,348.0,,1539383.0,946287.0,65.84,62.68,62.68,15110.0,15110.0,43.42,-7.98,59.22,222.73,301821100661.67,18506911.4,758.7,2.6074,79.63,1.000,True,False,False,False,False,False,False,False,,,,,,,,,,,,,,,20.5000000000000,9.2,1.9000000000000,4.7000000000000,36.28,4,1,False,0.0,0.0,0.0,0.0,633360000.0,633360000.0,,348.0,1820000.0,v3.7,0.766300000000,0.945700000000,0.300000000000,0.382600000000,0.370700000000,0.300000000000,0.300000000000,0.300000000000,0.500000000000,0.500000000000,0.174500000000,0E-12,0.600000000000,0.234400000000,0.289500000000,0.894900000000,0.300000000000,0.300000000000,0.300000000000,0.300000000000,0E-12
d36c687f0cd3a20f5e0c5c1ae507ae3f,غشوکو,غشوکو,1405/03/31,1405/03/31,2026-09-24,15,28,2213,5920191.0,975676.0,506.78,132.77,0.4068,1475.8,1.88,1122788.0,306610.0,174.93,153.6,153.6,12410.0,12370.0,8.41,7.85,2.74,168.45,64469755679.0,5354194.13,298.87,2.5121,89.14,0.880,True,False,False,False,False,False,False,True,,31.76,-44.22,,,,,,,,,,,,26.4000000000000,6.4,5.8000000000000,2.5000000000000,36.22,4,1,False,0.0,3.0,0.0,0.0,1475800000.0,1475800000.0,,1475.8,1000000.0,v3.7,0.953800000000,0.869600000000,0.300000000000,0.602300000000,0.714300000000,0.580400000000,0.300000000000,0.007100000000,0.500000000000,0.500000000000,0.523600000000,0E-12,0.092600000000,0.145800000000,0.391000000000,0.144000000000,0.300000000000,0.300000000000,0.300000000000,0.300000000000,0E-12
4c72588412aab6f0a0e6d2469d9b1491,غشهداب,غشهداب,1405/04/31,1405/03/31,2026-09-24,45,28,30,23266858.0,12664044.0,83.72,10.98,0.6364,518.23,0.51,1584099.0,472352.0,82.19,70.46,70.46,2439.0,2399.0,4.71,-5.07,9.05,,312911991069.0,138209933.73,1640.77,2.4665,59.67,0.920,True,False,False,False,False,False,False,False,,24.32,-1.89,,,,,,,,,,,,14.7000000000000,9.4,9.8000000000000,4.8000000000000,35.61,4,1,False,0.0,0.0,0.0,0.0,5793781990.0,5793781990.0,,518.23,11180000.0,v3.7,0.565200000000,0.206500000000,0.300000000000,0.405300000000,0.432400000000,0.426600000000,0.300000000000,0.191500000000,0.500000000000,0.500000000000,0.887300000000,0E-12,0.614800000000,0.557300000000,0.469900000000,0.280200000000,0.300000000000,0.300000000000,0.300000000000,0.300000000000,0E-12
835a058978f7d07fa0f0286893ac885a,فگستر,فگستر,1405/04/31,1405/03/31,2026-09-24,70,23,1168,23361357.0,15133692.0,54.37,92.64,0.2311,1923.69,,3125284.0,319483.0,238.37,-98.97,-98.97,11000.0,10980.0,5.72,-9.7,45.82,301.17,272493533152.33,29406166.1,1005.27,2.6102,84.98,1.000,True,False,False,True,False,False,False,False,,,,,,,,,,,,,,,12.9000000000000,9.2,9.0000000000000,4.4000000000000,35.45,4,1,False,5.0,0.0,0.0,0.0,6829100000.0,6829100000.0,,1923.69,3550000.0,v3.7,0.347800000000,0.750000000000,0.300000000000,0.072000000000,0.803100000000,0.300000000000,0.300000000000,0.300000000000,0.500000000000,0.500000000000,0.814500000000,0E-12,0.563000000000,0.072900000000,0.282000000000,0.894900000000,0.300000000000,0.300000000000,0.300000000000,0.300000000000,0E-12
959eac0c9aaf26d5f523b9008fb87bdf,زگلدشت,زگلدشت,1405/04/31,1405/03/31,2026-09-24,71,27,2240,39825153.0,17969137.0,121.63,23.18,0.6331,969.35,,564989.0,530984.0,212.01,6.4,6.4,10080.0,10060.0,10.4,-7.96,-0.3,67.61,164747264539.67,15841931.57,634.8,2.244,79.75,1.000,True,False,False,False,False,False,False,True,18.84,11.37,-5.88,1.96,4.3,16.94,151.8,7.33,111.18,48.2,1.46,0.74,1.073,5.01,22.8000000000000,0.0,8.5000000000000,4.0000000000000,35.32,4,1,False,0.0,11.0,0.0,0.0,6862599.0,5801600000.0,0.001,969.35,3700000.0,v3.7,0.831500000000,0.315200000000,0.761900000000,0.231100000000,0.764500000000,0.174800000000,0.310700000000,0.113500000000,0.344800000000,0.045100000000,0.396400000000,0.847300000000,0.359300000000,0.531300000000,0.748100000000,0.108900000000,0.445500000000,0.355800000000,0.038800000000,0.885400000000,0.800000000000
99775fd5c264517e465c66d684aefc15,کاذر,کاذر,1405/04/31,1405/03/31,2026-09-20,53,28,4526,12048061.0,7666478.0,57.15,72.46,0.642,610.75,,1110972.0,592754.0,32.13,87.43,87.43,5010.0,4950.0,8.2,-7.99,52.4,83.33,266691987437.57,60658260.77,978.37,2.1417,84.51,1.000,True,False,False,False,False,False,False,False,,,,,,,,,,,,,,,13.9000000000000,9.2,6.2000000000000,6.0000000000000,35.26,4,5,False,0.0,0.0,0.0,0.0,2443000000.0,2443000000.0,,610.75,4000000.0,v3.7,0.369600000000,0.668500000000,0.300000000000,0.435600000000,0.251000000000,0.300000000000,0.300000000000,0.300000000000,0.500000000000,0.500000000000,0.560000000000,0E-12,0.540700000000,0.572900000000,0.857100000000,0.894900000000,0.300000000000,0.300000000000,0.300000000000,0.300000000000,0E-12
701858157df331969ad61c12b4abe861,سکرد,سکرد,1405/03/31,1405/03/31,2026-09-24,65,29,3745,17056359.0,11339385.0,50.42,111.48,0.6203,1820.38,,5422585.0,3019780.0,100.47,79.57,79.57,15090.0,15080.0,8.29,-10.45,10.88,79.52,80291516963.33,5656027.57,438.23,2.6348,76.83,1.000,True,False,False,False,False,False,False,False,,,,,,,,,,,,,,,16.8000000000000,9.2,6.0000000000000,2.9000000000000,34.83,4,1,False,0.0,0.0,0.0,0.0,5279100000.0,5279100000.0,,1820.38,2900000.0,v3.7,0.320700000000,0.831500000000,0.300000000000,0.428000000000,0.494200000000,0.300000000000,0.300000000000,0.300000000000,0.500000000000,0.500000000000,0.545500000000,0E-12,0.125900000000,0.489600000000,0.236800000000,0.311300000000,0.300000000000,0.300000000000,0.300000000000,0.300000000000,0E-12
d5d20f20215dafb1d4d773897c34e2b5,شدوص,شدوص,1405/04/31,1405/03/31,2026-09-24,75,28,3849,34714175.0,24879747.0,39.53,101.08,0.6644,1063.0,,2678357.0,1394772.0,43.65,92.03,92.03,6850.0,6820.0,6.44,-9.07,3.96,80.04,145651695515.33,20905834.43,561.83,2.6099,77.12,1.000,True,False,False,False,False,False,False,False,,,,,,,,,,,,,,,13.6000000000000,9.2,8.4000000000000,3.5000000000000,34.7,4,1,False,0.0,0.0,0.0,0.0,5945890500.0,5945890500.0,,1063.0,5593500.0,v3.7,0.228300000000,0.782600000000,0.300000000000,0.443200000000,0.293400000000,0.300000000000,0.300000000000,0.300000000000,0.500000000000,0.500000000000,0.760000000000,0E-12,0.303700000000,0.661500000000,0.285700000000,0.171200000000,0.300000000000,0.300000000000,0.300000000000,0.300000000000,0E-12
1d619a84cd8a88c3ecda4e61e9339167,سمازن,سمازن,1405/04/31,1405/03/31,2026-09-24,66,28,2884,59975767.0,33575194.0,78.63,67.25,0.7007,5340.0,,17921944.0,9062675.0,76.82,97.76,97.76,82570.0,81060.0,15.46,-6.88,-0.25,123.06,197944292933.0,2402340.03,823.63,2.2671,81.8,1.000,True,False,False,False,False,False,False,False,,,,,,,,,,,,,,,16.9000000000000,9.2,3.4000000000000,4.8000000000000,34.31,4,1,False,0.0,0.0,0.0,0.0,13168440000.0,13168440000.0,,5340.0,2466000.0,v3.7,0.510900000000,0.641300000000,0.300000000000,0.458300000000,0.413100000000,0.300000000000,0.300000000000,0.300000000000,0.500000000000,0.500000000000,0.312700000000,0E-12,0.414800000000,0.760400000000,0.736800000000,0.112800000000,0.300000000000,0.300000000000,0.300000000000,0.300000000000,0E-12
6bd4aac18107335caeba964fd9804250,غمایه,غمایه,1405/04/31,1405/03/31,2026-09-24,52,15,661,19211888.0,12399111.0,54.95,28.45,0.7107,2870.0,,3312576.0,1020906.0,281.9,224.47,224.47,23390.0,23020.0,8.15,-12.57,15.22,107.14,123980327357.33,5643588.1,339.6,2.6557,80.01,0.880,True,False,False,False,False,False,False,False,,,,,,,,,,,,,,,19.3000000000000,9.2,6.4000000000000,3.6000000000000,33.87,4,1,False,0.0,0.0,0.0,0.0,7387380000.0,7387380000.0,,2870.0,2574000.0,v3.7,0.353300000000,0.380400000000,0.300000000000,0.750000000000,0.826300000000,0.300000000000,0.300000000000,0.300000000000,0.500000000000,0.500000000000,0.578200000000,0E-12,0.240700000000,0.791700000000,0.221800000000,0.439700000000,0.300000000000,0.300000000000,0.300000000000,0.300000000000,0E-12
c830a9da03fc01d31766b115fa297d6c,حتاید,حتاید,1405/04/31,1405/03/31,2026-09-24,76,26,4237,30406000.0,25738600.0,18.13,20.85,0.84,1306.36,,8455474.0,6654006.0,6.26,27.07,27.07,8610.0,8610.0,6.59,-3.58,10.95,42.72,412046999531.0,51531683.77,1045.13,2.4071,86.48,1.000,True,False,False,False,False,False,False,False,,97.16,-0.72,,97.16,,28.01,312.38,1.1,,,,,,6.3000000000000,13.5,8.2000000000000,5.6000000000000,33.56,4,1,False,0.0,0.0,0.0,0.0,28740000000.0,28740000000.0,,1306.36,22000000.0,v3.7,0.108700000000,0.266300000000,0.150800000000,0.261400000000,0.150600000000,0.979000000000,0.300000000000,0.234000000000,0.814700000000,0.706800000000,0.745500000000,0E-12,0.674100000000,0.958300000000,0.556400000000,0.323000000000,0.300000000000,0.300000000000,0.300000000000,0.300000000000,0E-12
7951d684c53fd22e89f5777201bf7453,نوری,نوری,1405/03/31,1405/03/31,2026-09-24,64,28,1524,2520852219.0,1991984694.0,26.55,-55.24,0.5432,5989.91,,148279988.0,106530661.0,30.18,39.19,39.19,49760.0,50350.0,8.31,11.76,-1.45,37.12,2972208296341.33,66287842.67,8511.53,10.355,84.61,1.000,True,False,False,False,False,False,False,False,14.92,20.96,13.63,1.24,33.37,24.45,-17.67,11.38,2.5,65.79,1.73,1.14,0.331,5.47,5.7000000000000,13.2,10.2000000000000,4.3000000000000,33.37,4,1,False,0.0,0.0,0.0,0.0,359451651.0,361020000000.0,0.001,5989.91,60000000.0,v3.7,0.146700000000,0.016300000000,0.039700000000,0.299200000000,0.239400000000,0.349700000000,0.213600000000,0.723400000000,0.456900000000,0.601500000000,0.538200000000,0.909100000000,0.951900000000,0.349000000000,0.011300000000,0.073900000000,0.703000000000,0.298100000000,0.203900000000,0.385400000000,0.785500000000
4e74a398d885cd61dfd07383641eb05f,پارس,پارس,1405/04/31,1405/03/31,2026-09-24,19,27,1761,2050459507.0,736445420.0,178.43,-98.33,-0.8747,477.49,,35169720.0,35549804.0,39.72,-1.07,-1.07,2840.0,2840.0,5.95,4.53,31.66,5.34,836397680804.07,343195837.6,2163.37,2.6726,91.82,0.880,True,False,False,False,False,False,False,False,,,,,,,,,,,,,,,14.8000000000000,9.2,8.8000000000000,4.8000000000000,33.02,4,1,False,0.0,0.0,0.0,0.0,260734403424.0,260734403424.0,,477.49,546049076.0,v3.7,0.953800000000,0E-12,0.300000000000,0.185600000000,0.281900000000,0.300000000000,0.300000000000,0.300000000000,0.500000000000,0.500000000000,0.796400000000,0E-12,0.829600000000,0E-12,0.195500000000,0.692600000000,0.300000000000,0.300000000000,0.300000000000,0.300000000000,0E-12
ff4c38ddc4d5a2b3d58437c8708fa6cb,بپیوند,بپیوند,1405/04/31,1405/03/31,2026-09-24,74,27,1359,13331060.0,8289263.0,60.82,103.33,0.6484,1787.0,,2323023.0,1771392.0,54.32,31.14,31.14,18120.0,18150.0,10.14,-4.27,13.15,85.37,41465321602.0,2244273.93,1206.0,2.1771,81.05,1.000,True,False,False,False,False,False,False,False,,,,,,,,,,,,,,,14.9000000000000,9.2,4.5000000000000,4.0000000000000,32.52,4,1,False,0.0,0.0,0.0,0.0,5361000000.0,5361000000.0,,1787.0,3000000.0,v3.7,0.391300000000,0.798900000000,0.300000000000,0.272700000000,0.332000000000,0.300000000000,0.300000000000,0.300000000000,0.500000000000,0.500000000000,0.407300000000,0E-12,0.044400000000,0.614600000000,0.808300000000,0.389100000000,0.300000000000,0.300000000000,0.300000000000,0.300000000000,0E-12
d4ba95c595b08e7a8441a997f29f4427,دکپسول,دکپسول,1405/04/31,1405/03/31,2026-09-24,79,28,1647,18081125.0,12238717.0,47.74,73.28,0.6692,20406.0,,3242121.0,2166111.0,25.34,49.67,49.67,178300.0,178300.0,8.74,1.54,6.89,77.7,217831235583.33,1238691.07,1199.8,2.1656,87.07,1.000,True,False,False,False,False,False,False,False,,,,,,,,,,,,,,,12.4000000000000,9.2,5.5000000000000,5.2000000000000,32.21,4,1,False,0.0,0.0,0.0,0.0,6121800000.0,6121800000.0,,20406.0,300000.0,v3.7,0.293500000000,0.673900000000,0.300000000000,0.337100000000,0.220100000000,0.300000000000,0.300000000000,0.300000000000,0.500000000000,0.500000000000,0.498200000000,0E-12,0.459300000000,0.697900000000,0.830800000000,0.225700000000,0.300000000000,0.300000000000,0.300000000000,0.300000000000,0E-12
100d9b545dbca1cb4b62ecc648741665,کلوند,کلوند,1405/04/31,1405/03/31,2026-09-24,76,28,3749,28750462.0,17092310.0,68.21,78.69,0.6673,1011.54,,1883011.0,1266234.0,29.49,48.71,48.71,6960.0,6950.0,6.88,-2.8,17.4,103.04,150340809751.67,22496419.97,643.6,2.4549,84.6,1.000,True,False,False,False,False,False,False,True,,24.18,-3.58,,24.18,,70.7,9.75,7.87,,,,,,14.3000000000000,5.6,7.9000000000000,4.3000000000000,32.1,4,1,False,0.0,3.0,0.0,0.0,5411748020.0,5411748020.0,,1011.54,5350000.0,v3.7,0.434800000000,0.695700000000,0.349200000000,0.333300000000,0.235500000000,0.412600000000,0.300000000000,0.170200000000,0.439700000000,0.368400000000,0.720000000000,0E-12,0.322200000000,0.677100000000,0.503800000000,0.490300000000,0.300000000000,0.300000000000,0.300000000000,0.300000000000,0E-12
9699d9e476a96e2efa79e1d55f75a297,خبهمن,خبهمن,,1405/03/31,2026-09-24,0,7,5412,,,,,,556.19,1.17,3130142.0,-188424.0,283.33,1000.0,1000.0,2584.0,2537.0,4.65,-8.94,46.31,56.8,1387236878984.57,518666892.13,4201.68,5.941,82.95,0.530,False,False,False,False,False,False,False,False,95.18,96.22,133.87,4.42,79.4,79.04,1000.0,3992.53,0.42,21.4,0.01,,0.271,0.99,22.3000000000000,17.6,14.0000000000000,6.6000000000000,32.06,4,1,False,0.0,0.0,0.0,0.0,75355611.0,142850882987.0,0.001,556.19,134637967.0,v3.7,0.300000000000,0.300000000000,0.948400000000,0.890200000000,0.830100000000,0.979000000000,0.941700000000,0.943300000000,0.814700000000,0.804500000000,0.894500000000,0.730900000000,0.907400000000,0.300000000000,0.022600000000,0.894900000000,0.138600000000,1.000000000000,0.300000000000,0.302100000000,0.992700000000
2fe468d2d5a13b43ee3bc672d1fc2c6c,تایرا,تایرا,1405/03/31,1405/03/31,2026-09-24,75,29,4927,405424640.0,328494718.0,23.42,-21.1,0.6211,1243.53,,11968822.0,8517118.0,26.83,40.53,40.53,3200.0,3190.0,2.57,-1.85,16.08,83.33,155944926191.37,52574234.23,710.4,1.9126,92.77,1.000,True,False,False,False,False,False,False,False,,,,,,,,,,,,,,,7.0000000000000,9.2,10.8000000000000,5.1000000000000,31.99,4,1,False,0.0,0.0,0.0,0.0,69389200000.0,69389200000.0,,1243.53,55800000.0,v3.7,0.125000000000,0.065200000000,0.300000000000,0.306800000000,0.227800000000,0.300000000000,0.300000000000,0.300000000000,0.500000000000,0.500000000000,0.978200000000,0E-12,0.337000000000,0.494800000000,0.951100000000,0.470800000000,0.300000000000,0.300000000000,0.300000000000,0.300000000000,0E-12
549b1892b8d2c12be65851e10d9d9253,سآبیک,سآبیک,1405/04/31,1405/03/31,2026-09-24,53,25,962,70141877.0,50874554.0,37.87,91.14,0.6741,10204.0,,11142921.0,9143517.0,14.0,21.87,21.87,71960.0,71370.0,7.05,-7.92,-3.67,86.22,160208199284.0,2161297.3,1000.57,2.4624,76.84,1.000,True,False,False,False,False,False,False,False,,,,,,,,,,,,,,,11.1000000000000,9.2,7.6000000000000,4.0000000000000,31.93,4,1,False,0.0,0.0,0.0,0.0,30196707404.0,30196707404.0,,10204.0,2959301.0,v3.7,0.217400000000,0.744600000000,0.300000000000,0.246200000000,0.173700000000,0.300000000000,0.300000000000,0.300000000000,0.500000000000,0.500000000000,0.694500000000,0E-12,0.348100000000,0.708300000000,0.481200000000,0.066100000000,0.300000000000,0.300000000000,0.300000000000,0.300000000000,0E-12
20579374fedaf42bb5e2e72dd734e793,بگیلان,بگیلان,1405/03/31,1405/03/31,2026-09-24,68,25,1390,23649116.0,12529039.0,88.75,71.06,0.6636,,,8617945.0,4255418.0,95.59,102.52,102.52,26540.0,26240.0,,-7.12,16.0,72.18,121180530198.33,4581596.3,1340.53,2.3791,86.49,1.000,True,True,False,False,False,False,False,False,,,,,,,,,,,,,,,18.4000000000000,9.2,0E-13,4.2000000000000,31.83,4,1,False,0.0,0.0,8.0,0.0,,,,,4300000.0,v3.7,0.592400000000,0.663000000000,0.300000000000,0.477300000000,0.463300000000,0.300000000000,0.300000000000,0.300000000000,0.500000000000,0.500000000000,0E-12,0E-12,0.237000000000,0.656300000000,0.590200000000,0.463000000000,0.300000000000,0.300000000000,0.300000000000,0.300000000000,0E-12
1e14ece10fa50f96266e53a6d2ce83a1,سفانو,سفانو,1405/03/31,1405/03/31,2026-09-24,75,28,3493,26781565.0,17540273.0,52.69,19.05,0.6348,7968.0,,4940939.0,2382878.0,40.67,107.35,107.35,54300.0,54110.0,6.81,-9.07,7.08,82.19,88538875901.54,1692882.47,541.92,3.2092,73.94,1.000,True,False,False,False,False,False,False,False,,,,,,,,,,,,,,,11.7000000000000,9.2,8.0000000000000,2.6000000000000,31.57,4,1,False,0.0,0.0,0.0,0.0,12748800000.0,12748800000.0,,7968.0,1600000.0,v3.7,0.337000000000,0.255400000000,0.300000000000,0.488600000000,0.285700000000,0.300000000000,0.300000000000,0.300000000000,0.500000000000,0.500000000000,0.730900000000,0E-12,0.155600000000,0.552100000000,0.090200000000,0.229600000000,0.300000000000,0.300000000000,0.300000000000,0.300000000000,0E-12
002c39c907ffac34a1ee6c5b55cefd23,نان,نان,1405/03/31,1404/12/29,2026-09-24,39,11,245,62742476.0,37072009.0,69.24,26.4,0.7926,830.0,1.11,11119019.0,5405710.0,102.93,106.53,106.53,6120.0,6010.0,7.37,-13.4,-0.99,83.62,302840865596.0,47833969.77,2248.1,2.4901,74.27,0.845,True,False,False,False,False,False,False,False,,17.72,3.2,,,,,,,,,,,,15.6000000000000,9.6,7.2000000000000,4.9000000000000,31.51,7,1,False,0.0,0.0,0.0,0.0,8300000000.0,8300000000.0,,830.0,10000000.0,v3.7,0.440200000000,0.358700000000,0.300000000000,0.484800000000,0.509700000000,0.293700000000,0.300000000000,0.446800000000,0.500000000000,0.500000000000,0.654500000000,0E-12,0.603700000000,0.921900000000,0.439800000000,0.081700000000,0.300000000000,0.300000000000,0.300000000000,0.300000000000,0E-12
a7c92003e95722cea2d38ba5306603b9,فباهنر,فباهنر,1405/04/31,1405/03/31,2026-09-24,75,27,5006,244173913.0,209323439.0,16.65,111.17,0.5628,1070.75,,12949186.0,7493530.0,9.22,72.8,72.8,12180.0,12150.0,11.38,-10.13,11.37,69.06,794297475362.33,66354643.27,4662.1,2.6222,74.19,1.000,True,False,False,False,False,False,False,False,10.85,18.0,-1.17,1.23,18.4,9.87,83.78,2.23,11.42,42.94,2.67,1.25,0.373,4.88,11.8000000000000,6.7,8.4000000000000,4.5000000000000,31.41,4,1,False,0.0,0.0,0.0,0.0,26285067.0,28787081772.0,0.001,1070.75,24583332.0,v3.7,0.097800000000,0.826100000000,0.428600000000,0.412900000000,0.162200000000,0.307700000000,0.126200000000,0.219900000000,0.051700000000,0.263200000000,0.370900000000,0.912700000000,0.814800000000,0.390600000000,0.266900000000,0.326800000000,0.366300000000,0.105800000000,0.320400000000,0.437500000000,0.803600000000
508279539a385693bd947ea986985bb4,شپارس,شپارس,1405/03/31,1404/12/29,2026-09-24,74,27,3513,44406036.0,22824212.0,94.56,41.8,0.6324,97.0,0.22,2553721.0,1061917.0,5.87,1000.0,1000.0,2411.0,2426.0,24.86,-14.73,37.92,118.17,211600147028.4,91268336.7,624.13,2.6578,71.5,0.965,True,False,False,False,False,False,False,False,,5.75,5.75,,,,,,,,,,,,16.6000000000000,9.1,2.5000000000000,4.3000000000000,31.33,7,1,False,0.0,0.0,0.0,0.0,1105800000.0,1105800000.0,,97.0,11400000.0,v3.7,0.641300000000,0.462000000000,0.300000000000,0.890200000000,0.146700000000,0.125900000000,0.300000000000,0.496500000000,0.500000000000,0.500000000000,0.229100000000,0E-12,0.440700000000,0.526000000000,0.218000000000,0.770400000000,0.300000000000,0.300000000000,0.300000000000,0.300000000000,0E-12
bd0ee973f3ff87b60181493e77d55264,دسبحا,دسبحا,,1405/03/31,2026-09-24,0,29,4928,,,,,,1250.82,,15691463.0,3954857.0,37.73,324.97,324.97,6230.0,6230.0,4.98,-5.18,13.48,162.21,639190018133.0,99198044.67,1839.7,2.5095,78.46,0.720,False,False,False,False,False,False,False,False,,59.79,25.28,,59.79,,129.04,5.92,1.94,,,,,,15.1000000000000,13.4,9.6000000000000,5.0000000000000,31.12,4,1,False,0.0,0.0,0.0,0.0,12508150000.0,12508150000.0,,1250.82,10000000.0,v3.7,0.300000000000,0.300000000000,0.642900000000,0.890200000000,0.266400000000,0.853100000000,0.300000000000,0.943300000000,0.327600000000,0.646600000000,0.876400000000,0E-12,0.777800000000,0.300000000000,0.398500000000,0.404700000000,0.300000000000,0.300000000000,0.300000000000,0.300000000000,0E-12
6dd3fb203bb12fdd017e1f59fc61b9c6,تاصیکو,تاصیکو,,1405/05/31,2026-09-24,0,20,1656,,,,,,793.09,,25017081.0,9785689.0,165.63,155.65,155.65,30830.0,30830.0,38.87,16.21,77.08,192.31,2964505117226.0,128425794.1,8005.9,2.3265,100.0,0.720,False,False,False,False,False,False,False,True,65.5,95.87,-4.49,25.46,92.37,63.54,168.08,3.32,1.08,29.91,0.55,1.16,0.99,11.63,18.8000000000000,11.6,5.4000000000000,7.3000000000000,31.06,2,1,False,0.0,3.0,0.0,0.0,53520682.0,,0.001,793.09,67500000.0,v3.7,0.300000000000,0.300000000000,0.817500000000,0.609800000000,0.687300000000,0.979000000000,0.941700000000,0.148900000000,0.112100000000,0.714300000000,0.189100000000,0.658200000000,0.948100000000,0.300000000000,0.672900000000,0.894900000000,0.257400000000,0.740400000000,0.223300000000,0.854200000000,0.690900000000
7545952cb53929c1c7836fa12c77de87,شستا,شستا,,1405/03/31,2026-09-24,0,24,1333,,,,,,581.0,,975371369.0,671552998.0,1000.0,45.24,45.24,3460.0,3470.0,5.96,-3.61,52.73,112.49,5137901479568.77,1663208341.93,12347.5,4.2235,84.6,0.720,False,False,False,False,False,False,False,False,32.42,24.7,0.46,1.93,24.7,32.42,42.56,3.95,7.18,,1.48,1.19,,,16.8000000000000,9.4,11.3000000000000,5.4000000000000,30.89,4,1,False,0.0,0.0,0.0,0.0,950523817936.0,950523817936.0,0.001,581.0,1636013456.0,v3.7,0.300000000000,0.300000000000,0.238100000000,0.318200000000,0.918900000000,0.447600000000,0.563100000000,0.319100000000,0.163800000000,0.383500000000,0.792700000000,0.850900000000,0.974100000000,0.300000000000,0.052600000000,0.894900000000,0.300000000000,0.346200000000,0.262100000000,0.300000000000,0E-12
0ab048f709cfd236a0ad7aaf542a990c,کنور,کنور,1405/04/31,1405/03/31,2026-09-24,70,28,2693,109462677.0,74672082.0,46.59,7.44,0.5198,719.36,,14860181.0,10765261.0,60.36,38.04,38.04,6050.0,6000.0,8.41,-5.06,44.23,126.07,251416515428.67,44968082.87,1178.63,2.2259,89.22,1.000,True,False,False,False,False,False,False,False,,,,,,,,,,,,,,,10.3000000000000,9.2,5.7000000000000,5.5000000000000,30.7,4,1,False,0.0,0.0,0.0,0.0,49851600000.0,49851600000.0,,719.36,69300000.0,v3.7,0.271700000000,0.184800000000,0.300000000000,0.291700000000,0.351400000000,0.300000000000,0.300000000000,0.300000000000,0.500000000000,0.500000000000,0.520000000000,0E-12,0.518500000000,0.296900000000,0.766900000000,0.894900000000,0.300000000000,0.300000000000,0.300000000000,0.300000000000,0E-12
1818f78f177b8c9343ce20a08ca3cf40,بمپنا,بمپنا,1405/03/31,1404/06/31,2026-09-24,62,25,2793,24932060.0,10839320.0,130.01,22.06,0.2542,351.11,0.0,1.0,1.0,77.0,0.0,0.0,8060.0,7980.0,22.96,-11.43,43.78,79.77,306975870925.33,41286499.43,452.83,2.4211,74.56,0.920,True,False,False,False,False,False,False,False,,0.0,0.0,,,,,,,,,,,,17.1000000000000,8.3,2.7000000000000,5.1000000000000,30.54,13,1,True,0.0,0.0,0.0,0.0,5512400000.0,5512400000.0,,351.11,15700000.0,v3.7,0.858700000000,0.298900000000,0.300000000000,0.208300000000,0.420800000000,0.069900000000,0.300000000000,0.290800000000,0.500000000000,0.500000000000,0.247300000000,0E-12,0.611100000000,0.093800000000,0.537600000000,0.894900000000,0.300000000000,0.300000000000,0.300000000000,0.300000000000,0E-12
bbb81179fce8ad6deb0c746c9ed1d951,خنصیر,خنصیر,1405/03/31,1405/03/31,2026-09-24,74,27,3587,6529117.0,5986125.0,9.07,-4.05,0.4976,683.0,,599442.0,147107.0,18.99,307.49,307.49,4160.0,4140.0,6.09,-10.97,10.7,55.17,65259569921.0,14919238.63,529.73,2.3518,70.66,1.000,True,False,False,False,False,False,False,False,,,,,,,,,,,,,,,9.2000000000000,9.2,8.6000000000000,3.3000000000000,30.26,4,1,False,0.0,0.0,0.0,0.0,1775800000.0,1775800000.0,,683.0,2600000.0,v3.7,0.070700000000,0.114100000000,0.300000000000,0.890200000000,0.181500000000,0.300000000000,0.300000000000,0.300000000000,0.500000000000,0.500000000000,0.778200000000,0E-12,0.096300000000,0.260400000000,0.642900000000,0.303500000000,0.300000000000,0.300000000000,0.300000000000,0.300000000000,0E-12
3f3bb26af4a9adedd8678ad845720830,بموتو,بموتو,1405/03/31,1404/12/29,2026-09-24,27,27,5088,55872795.0,44093293.0,26.71,-29.34,0.5206,311.0,0.44,11423488.0,6343975.0,74.72,1000.0,1000.0,3260.0,3240.0,10.48,-4.99,13.92,61.76,115053775108.57,34981658.8,562.13,2.1198,68.66,0.965,True,False,False,False,False,False,False,False,,20.45,20.45,,,,,,,,,,,,11.9000000000000,11.0,4.2000000000000,4.4000000000000,30.26,7,1,False,0.0,0.0,0.0,0.0,8086000000.0,8086000000.0,,311.0,26000000.0,v3.7,0.152200000000,0.054300000000,0.300000000000,0.890200000000,0.405400000000,0.342700000000,0.300000000000,0.836900000000,0.500000000000,0.500000000000,0.378200000000,0E-12,0.229600000000,0.302100000000,0.879700000000,0.416300000000,0.300000000000,0.300000000000,0.300000000000,0.300000000000,0E-12
a36b1b9ab2e49cbbd170e60080fa4676,حکشتی,حکشتی,,1405/03/31,2026-09-24,0,24,3840,,,,,,2055.0,,396585333.0,281269303.0,1000.0,41.0,41.0,8900.0,8880.0,4.33,-9.48,5.21,20.82,1148413075002.0,127381845.0,3406.63,2.6173,73.15,0.720,False,False,False,False,False,False,False,True,28.31,30.98,-3.34,1.23,30.98,28.31,56.22,19.69,10.79,,1.94,1.43,,,17.1000000000000,7.1,12.7000000000000,5.1000000000000,30.22,4,1,False,0.0,3.0,0.0,0.0,238380000000.0,238380000000.0,0.001,2055.0,116000000.0,v3.7,0.300000000000,0.300000000000,0.301600000000,0.310600000000,0.918900000000,0.559400000000,0.485400000000,0.177300000000,0.620700000000,0.270700000000,0.909100000000,0.916400000000,0.896300000000,0.300000000000,0.278200000000,0.190700000000,0.300000000000,0.240400000000,0.446600000000,0.300000000000,0E-12
83063f85d3b40da6b49c458abcb31423,چخزر,چخزر,1405/06/31,1405/03/31,2026-09-24,1,25,1286,4005898.0,0.0,,,1.0,21284.0,25.02,2559175.0,615396.0,379.15,395.81,395.81,186700.0,186600.0,8.77,-0.8,4.25,195.51,154961216763.33,845333.97,1284.63,2.358,89.08,0.720,False,False,False,False,False,False,False,False,,124.93,,,,,,,,,,,,,19.9000000000000,11.9,5.4000000000000,4.6000000000000,30.16,4,1,False,0.0,0.0,0.0,0.0,4256800000.0,4256800000.0,,21284.0,200000.0,v3.7,0.300000000000,0.300000000000,0.300000000000,0.890200000000,0.918900000000,0.979000000000,0.300000000000,0.300000000000,0.500000000000,0.500000000000,0.490900000000,0E-12,0.333300000000,0.987000000000,0.635300000000,0.175100000000,0.300000000000,0.300000000000,0.300000000000,0.300000000000,0E-12
4178bc367d0410e207d6a86524bf3878,مبین,مبین,1405/01/31,1404/12/29,2026-09-24,60,27,12,705466162.0,624239526.0,13.01,5.94,0.7979,2166.0,2.82,171233551.0,179369164.0,15.54,1000.0,1000.0,11890.0,12090.0,5.49,-2.42,,,3464364082715.83,279019633.58,10484.67,2.2228,9.4,0.815,False,False,False,False,False,False,False,False,,24.27,24.27,,,,,,,,,,,,9.6000000000000,11.4,9.2000000000000,6.8000000000000,30.13,7,1,False,0.0,0.0,0.0,0.0,131505484320.0,131505484320.0,,2166.0,60713520.0,v3.7,0.081500000000,0.173900000000,0.300000000000,0.890200000000,0.177600000000,0.419600000000,0.300000000000,0.858200000000,0.500000000000,0.500000000000,0.836400000000,0E-12,0.955600000000,0.927100000000,0.770700000000,0.300000000000,0.300000000000,0.300000000000,0.300000000000,0.300000000000,0E-12
2ebfd20c4a8b98cdd3e425bf2d0a48cf,دامین,دامین,,1405/03/31,2026-09-24,0,28,4395,,,,,,340.81,,3937662.0,1253330.0,536.94,214.18,214.18,15410.0,15410.0,45.22,7.61,-0.32,83.3,423473369270.67,27360085.6,1844.47,2.5675,81.71,0.720,False,False,False,False,False,False,False,False,20.18,36.82,8.27,9.12,35.68,20.64,141.39,2.94,6.35,22.58,1.21,1.24,2.701,10.21,21.3000000000000,10.5,5.3000000000000,4.5000000000000,29.98,4,1,False,0.0,0.0,0.0,0.0,3117800.0,3300440000.0,0.001,340.81,9130000.0,v3.7,0.300000000000,0.300000000000,0.738100000000,0.727300000000,0.918900000000,0.622400000000,0.320400000000,0.581600000000,0.086200000000,0.413500000000,0.170900000000,0.669100000000,0.688900000000,0.300000000000,0.330800000000,0.105100000000,0.178200000000,0.403800000000,0.301000000000,1.000000000000,0.698200000000
2dc3ef3ab0a0505e8859b5400fc35e95,شکربن,شکربن,1405/04/31,1405/03/31,2026-09-24,76,28,5306,37084381.0,31946860.0,16.08,8.28,0.7785,1824.0,,1972074.0,1461672.0,-16.48,34.92,34.92,10100.0,10020.0,5.54,16.51,23.7,79.6,183783783203.33,21182999.97,678.67,2.3596,100.0,1.000,True,False,False,False,False,False,False,False,,,,,,,,,,,,,,,6.0000000000000,9.2,9.2000000000000,5.1000000000000,29.55,4,1,False,0.0,0.0,0.0,0.0,11646473472.0,11646473472.0,,1824.0,6385128.0,v3.7,0.092400000000,0.195700000000,0.300000000000,0.280300000000,0.104200000000,0.300000000000,0.300000000000,0.300000000000,0.500000000000,0.500000000000,0.832700000000,0E-12,0.396300000000,0.901000000000,0.627800000000,0.603100000000,0.300000000000,0.300000000000,0.300000000000,0.300000000000,0E-12
7f547bf2c0a3ff2919c50d8c899abc3d,قزوین,قزوین,1405/04/31,1405/03/31,2026-09-24,73,27,50,36373555.0,23771958.0,53.01,82.9,0.2758,1428.0,,1265768.0,406046.0,19.85,211.73,211.73,12550.0,12410.0,8.79,-6.27,5.44,,29950680085.0,2538970.73,192.0,2.5456,74.54,0.920,True,False,False,False,False,False,False,False,,,,,,,,,,,,,,,14.8000000000000,9.2,5.4000000000000,2.3000000000000,29.11,4,1,False,0.0,0.0,0.0,0.0,5712000000.0,5712000000.0,,1428.0,4000000.0,v3.7,0.342400000000,0.717400000000,0.300000000000,0.723500000000,0.193100000000,0.300000000000,0.300000000000,0.300000000000,0.500000000000,0.500000000000,0.487300000000,0E-12,0.033300000000,0.099000000000,0.353400000000,0.202300000000,0.300000000000,0.300000000000,0.300000000000,0.300000000000,0E-12
18aeb706c9868c500cbb5e6128c038ae,بنو,بنو,,1404/12/29,2026-09-24,0,28,1292,,,,,,505.0,0.45,6791600.0,-2016746.0,1000.0,1000.0,1000.0,1889.0,1889.0,3.74,-7.9,8.25,39.93,115023385641.67,56304551.83,540.4,2.7037,70.61,0.685,False,False,False,False,False,False,False,False,,,,,,,,,,,,,,,19.9000000000000,9.2,10.5000000000000,2.8000000000000,29.09,7,1,False,0.0,0.0,0.0,0.0,7575000000.0,7575000000.0,,505.0,15000000.0,v3.7,0.300000000000,0.300000000000,0.300000000000,0.890200000000,0.918900000000,0.300000000000,0.300000000000,0.300000000000,0.500000000000,0.500000000000,0.956400000000,0E-12,0.225900000000,0.300000000000,0.180500000000,0.264600000000,0.300000000000,0.300000000000,0.300000000000,0.300000000000,0E-12
eb385d3905217941c6bb9e2caf44b537,فسبزوار,فسبزوار,,1405/03/31,2026-09-24,0,22,1104,,,,,,10946.0,,48129764.0,22570236.0,761.89,113.24,113.24,75460.0,74750.0,6.89,-5.84,7.85,120.66,601143379197.67,8284326.43,2553.77,2.3681,88.88,0.720,False,False,False,False,False,False,False,False,,,,,,,,,,,,,,,18.1000000000000,9.2,7.9000000000000,5.2000000000000,29.08,4,1,False,0.0,0.0,0.0,0.0,43784000000.0,43784000000.0,,10946.0,4000000.0,v3.7,0.300000000000,0.300000000000,0.300000000000,0.515200000000,0.918900000000,0.300000000000,0.300000000000,0.300000000000,0.500000000000,0.500000000000,0.716400000000,0E-12,0.763000000000,0.300000000000,0.609000000000,0.241200000000,0.300000000000,0.300000000000,0.300000000000,0.300000000000,0E-12
6def03d39ddc41e22cacb552bcb94ee0,زمگسا,زمگسا,1405/04/31,1405/03/31,2026-09-24,76,26,3607,18980392.0,9882085.0,92.07,54.68,0.6132,12418.0,,514257.0,573374.0,101.0,-10.31,-10.31,91800.0,91500.0,7.39,-11.03,8.21,72.55,101962667870.0,1093765.9,439.03,2.8558,76.84,1.000,True,False,False,False,False,False,False,True,,8.04,-14.04,,8.04,,146.33,35.67,98.84,,,,,,19.1000000000000,0.0,7.2000000000000,2.7000000000000,29.0,4,1,False,0.0,10.9,0.0,0.0,3725400000.0,3725400000.0,,12418.0,300000.0,v3.7,0.614100000000,0.559800000000,0.746000000000,0.174200000000,0.501900000000,0.153800000000,0.300000000000,0.049600000000,0.814700000000,0.060200000000,0.650900000000,0E-12,0.185200000000,0.479200000000,0.112800000000,0.260700000000,0.300000000000,0.300000000000,0.300000000000,0.300000000000,0E-12
a6ad819831020eba3d6400887affac3f,ساربیل,ساربیل,1405/04/31,1405/03/31,2026-09-24,75,29,2554,35739364.0,21084561.0,69.5,98.03,0.6369,2951.0,,8729031.0,5549877.0,-3.12,57.28,57.28,82300.0,81360.0,27.89,-7.86,-0.57,26.37,38444924467.69,475782.17,298.62,2.2298,57.8,1.000,True,False,False,False,False,False,False,False,,,,,,,,,,,,,,,13.7000000000000,9.2,2.4000000000000,3.5000000000000,28.8,4,1,False,0.0,0.0,0.0,0.0,4249440000.0,4249440000.0,,2951.0,1440000.0,v3.7,0.451100000000,0.766300000000,0.300000000000,0.348500000000,0.131300000000,0.300000000000,0.300000000000,0.300000000000,0.500000000000,0.500000000000,0.221800000000,0E-12,0.040700000000,0.562500000000,0.763200000000,0.085600000000,0.300000000000,0.300000000000,0.300000000000,0.300000000000,0E-12
02d0fb54342c0cc17bc1062d7d88f448,زدشت,زدشت,1405/04/31,1405/03/31,2026-09-24,52,28,1723,23008031.0,12547852.0,83.36,47.85,0.6818,1022.92,,443410.0,609969.0,70.54,-27.31,-27.31,9560.0,9490.0,9.35,-9.1,12.98,43.98,235598815326.33,25223659.1,735.3,2.5004,77.69,1.000,True,False,False,True,False,False,False,False,,,,,,,,,,,,,,,9.8000000000000,9.2,4.9000000000000,4.6000000000000,28.57,4,1,False,5.0,0.0,0.0,0.0,4296270000.0,4296270000.0,,1022.92,4200000.0,v3.7,0.559800000000,0.527200000000,0.300000000000,0.140200000000,0.386100000000,0.300000000000,0.300000000000,0.300000000000,0.500000000000,0.500000000000,0.447300000000,0E-12,0.496300000000,0.729200000000,0.413500000000,0.377400000000,0.300000000000,0.300000000000,0.300000000000,0.300000000000,0E-12
ae5db37d89e694987912ff20ca952bcd,مادیرا,مادیرا,,1404/12/29,2026-09-24,0,27,1742,,,,,,480.0,1.01,23735151.0,11733301.0,168.24,1000.0,1000.0,3000.0,2970.0,6.25,-5.26,10.66,43.2,255233452302.7,87262631.63,1278.63,2.628,78.83,0.685,False,False,False,False,False,False,False,False,12.27,25.93,8.55,0.77,25.93,12.27,35.61,2.26,6.89,20.81,1.89,1.53,-0.716,1.3,17.2000000000000,6.8,13.4000000000000,4.2000000000000,28.52,7,1,False,0.0,0.0,0.0,0.0,11235394.0,11232000000.0,0.001,480.0,23400000.0,v3.7,0.300000000000,0.300000000000,0.198400000000,0.890200000000,0.691100000000,0.489500000000,0.165000000000,0.588700000000,0.060300000000,0.398500000000,0.774500000000,0.981800000000,0.529600000000,0.300000000000,0.251900000000,0.295700000000,0.108900000000,0.250000000000,0.514600000000,0.010400000000,0.985500000000
2c7e998dc9b612c1fd643b991c0dc3cc,غشصفا,غشصفا,1405/03/31,1404/12/29,2026-09-24,76,28,3797,105229112.0,56099433.0,87.58,42.1,0.6485,459.0,0.65,1391286.0,814416.0,60.49,70.83,70.83,24830.0,24140.0,54.1,-9.62,19.68,205.45,113031686596.67,5159823.27,358.17,2.7544,86.46,0.965,True,False,False,False,False,False,False,False,,1.32,-0.13,,,,,,,,,,,,15.8000000000000,8.3,1.8000000000000,3.3000000000000,28.16,7,1,False,0.0,0.0,0.0,0.0,984812040.0,984812040.0,,459.0,2145560.0,v3.7,0.587000000000,0.472800000000,0.300000000000,0.409100000000,0.355200000000,0.090900000000,0.300000000000,0.276600000000,0.500000000000,0.500000000000,0.163600000000,0E-12,0.211100000000,0.619800000000,0.146600000000,0.540900000000,0.300000000000,0.300000000000,0.300000000000,0.300000000000,0E-12
f29a3223edeee237a7b7664f7bb172ff,وبملت,وبملت,,1405/03/31,2026-09-24,0,20,3691,,,,,,846.36,,475939650.0,152933870.0,34.66,211.21,211.21,1477.0,1480.0,1.75,-5.97,14.46,74.73,12492011533280.63,8602626403.0,36733.17,2.3617,91.12,0.720,False,False,False,False,False,False,False,False,,,,,,,,,,,,,,,12.4000000000000,9.2,10.9000000000000,6.2000000000000,27.88,4,1,False,0.0,0.0,0.0,0.0,2862390000000.0,2862390000000.0,,846.36,3382000000.0,v3.7,0.300000000000,0.300000000000,0.300000000000,0.719700000000,0.254800000000,0.300000000000,0.300000000000,0.300000000000,0.500000000000,0.500000000000,0.992700000000,0E-12,1.000000000000,0.300000000000,0.616500000000,0.428000000000,0.300000000000,0.300000000000,0.300000000000,0.300000000000,0E-12
efb86e9938a9c7351b51280587d898dc,رانفور,رانفور,1405/04/31,1405/03/31,2026-09-24,76,27,4658,87303434.0,71277265.0,22.48,4.34,0.9012,160.2,,3091701.0,2614524.0,178.76,18.25,18.25,5080.0,5060.0,31.71,-6.99,-5.95,87.13,92958217744.67,17310233.57,520.8,2.2716,75.0,1.000,True,False,False,False,False,False,False,False,,,,,,,,,,,,,,,12.1000000000000,9.2,2.3000000000000,4.2000000000000,27.82,4,1,False,0.0,0.0,0.0,0.0,9612000000.0,9612000000.0,,160.2,60000000.0,v3.7,0.119600000000,0.168500000000,0.300000000000,0.238600000000,0.722000000000,0.300000000000,0.300000000000,0.300000000000,0.500000000000,0.500000000000,0.210900000000,0E-12,0.170400000000,0.963500000000,0.733100000000,0.035000000000,0.300000000000,0.300000000000,0.300000000000,0.300000000000,0E-12
1b3136d2227d59961e470887dc900c4d,دتوزیع,دتوزیع,,1405/03/31,2026-09-24,0,27,1529,,,,,,739.0,,13379016.0,4106428.0,187.91,225.81,225.81,6020.0,6020.0,8.15,-5.2,21.62,181.31,371414891466.0,61384268.73,1230.23,2.3597,84.09,0.720,False,False,False,False,False,False,False,False,,,,,,,,,,,,,,,17.4000000000000,9.2,6.4000000000000,5.3000000000000,27.57,4,1,False,0.0,0.0,0.0,0.0,22170000000.0,22170000000.0,,739.0,30000000.0,v3.7,0.300000000000,0.300000000000,0.300000000000,0.753800000000,0.733600000000,0.300000000000,0.300000000000,0.300000000000,0.500000000000,0.500000000000,0.581800000000,0E-12,0.655600000000,0.300000000000,0.624100000000,0.568100000000,0.300000000000,0.300000000000,0.300000000000,0.300000000000,0E-12
ad2a49a7dc0223ba81462651415c6507,فنورد,فنورد,,1405/03/31,2026-09-24,0,28,4041,,,,,,1581.5,,3965142.0,1150518.0,168.96,244.64,244.64,12040.0,11840.0,7.61,-8.99,38.97,207.85,226867449791.67,20774830.07,998.43,2.3474,86.57,0.720,False,False,False,False,False,False,False,False,,,,,,,,,,,,,,,17.1000000000000,9.2,6.8000000000000,5.0000000000000,27.47,4,1,False,0.0,0.0,0.0,0.0,10020384000.0,10020384000.0,,1581.5,6336000.0,v3.7,0.300000000000,0.300000000000,0.300000000000,0.768900000000,0.698800000000,0.300000000000,0.300000000000,0.300000000000,0.500000000000,0.500000000000,0.618200000000,0E-12,0.481500000000,0.300000000000,0.646600000000,0.786000000000,0.300000000000,0.300000000000,0.300000000000,0.300000000000,0E-12
60de37b0434d9b34ee753646b12c46f3,سکرما,سکرما,,1405/03/31,2026-09-24,0,29,4770,,,,,,8635.21,,5826557.0,2050796.0,714.28,184.11,184.11,71310.0,71010.0,8.26,-1.39,17.55,48.18,66259696992.31,959404.83,334.15,2.1445,65.06,0.720,False,False,False,False,False,False,False,False,,,,,,,,,,,,,,,18.9000000000000,9.2,6.0000000000000,4.0000000000000,27.45,4,1,False,0.0,0.0,0.0,0.0,12952818000.0,12952818000.0,,8635.21,1500000.0,v3.7,0.300000000000,0.300000000000,0.300000000000,0.674200000000,0.918900000000,0.300000000000,0.300000000000,0.300000000000,0.500000000000,0.500000000000,0.549100000000,0E-12,0.103700000000,0.300000000000,0.853400000000,0.501900000000,0.300000000000,0.300000000000,0.300000000000,0.300000000000,0E-12
8fb84e957a6f7f5f8c85bfea0a6625fc,پارسان,پارسان,,1405/03/31,2026-09-24,0,29,3231,,,,,,1415.67,,235865222.0,65693022.0,340.21,259.04,259.04,34280.0,34200.0,24.21,-4.23,21.1,20.46,1391671351885.67,42272672.47,3534.8,2.2179,76.37,0.720,False,False,False,False,False,False,False,False,,,,,,,,,,,,,,,19.9000000000000,9.2,2.6000000000000,6.4000000000000,27.44,4,1,False,0.0,0.0,0.0,0.0,172003500000.0,172003500000.0,,1415.67,121500000.0,v3.7,0.300000000000,0.300000000000,0.300000000000,0.890200000000,0.918900000000,0.300000000000,0.300000000000,0.300000000000,0.500000000000,0.500000000000,0.236400000000,0E-12,0.914800000000,0.300000000000,0.782000000000,0.564200000000,0.300000000000,0.300000000000,0.300000000000,0.300000000000,0E-12
3dee3148d7752fbf747804eae2347c51,وخاور,وخاور,,1404/12/29,2026-09-24,0,21,2610,,,,,,1202.0,1.37,164026438.0,81745993.0,87.45,1000.0,1000.0,6190.0,6190.0,5.15,-1.9,-3.73,134.03,631266486104.67,101796561.1,1289.17,1.9315,88.98,0.685,False,False,False,False,False,False,False,False,,,,,,,,,,,,,,,15.3000000000000,9.2,9.5000000000000,5.8000000000000,27.24,7,1,False,0.0,0.0,0.0,0.0,144240000000.0,144240000000.0,,1202.0,120000000.0,v3.7,0.300000000000,0.300000000000,0.300000000000,0.890200000000,0.451700000000,0.300000000000,0.300000000000,0.300000000000,0.500000000000,0.500000000000,0.865500000000,0E-12,0.774100000000,0.300000000000,0.947400000000,0.062300000000,0.300000000000,0.300000000000,0.300000000000,0.300000000000,0E-12
5d5c836b94dd5814744b8f6f549c51e8,سغرب,سغرب,1405/03/31,1404/12/29,2026-09-24,67,26,4471,41188708.0,12057890.0,241.59,-65.15,-0.0854,1082.0,0.0,-1.0,100.0,52.61,-100.0,-100.0,7940.0,7910.0,7.34,-6.61,-0.5,40.07,79573537469.33,9601576.23,609.7,2.1623,54.8,0.965,True,False,False,True,False,False,False,False,,0.0,0.0,,,,,,,,,,,,9.5000000000000,8.1,7.2000000000000,3.4000000000000,27.24,7,1,False,5.0,0.0,0.0,0.0,6113300000.0,6113300000.0,,1082.0,5650000.0,v3.7,0.953800000000,0.010900000000,0.300000000000,0.032200000000,0.324300000000,0.042000000000,0.300000000000,0.283700000000,0.500000000000,0.500000000000,0.658200000000,0E-12,0.122200000000,0.031300000000,0.834600000000,0.089500000000,0.300000000000,0.300000000000,0.300000000000,0.300000000000,0E-12
0859d2221e900c47ebd6555e399b010c,کربن,کربن,,1405/03/31,2026-09-24,0,10,353,,,,,,3709.0,,1014068.0,354457.0,145.79,186.09,186.09,9260.0,9320.0,2.5,-7.08,28.91,102.87,199544467065.0,20345026.83,1055.37,2.5117,71.46,0.600,False,False,False,False,False,False,False,False,,59.91,25.91,,59.91,,62.35,25.77,4.92,,,,,,15.9000000000000,14.2,10.8000000000000,4.2000000000000,27.08,4,1,False,0.0,0.0,0.0,0.0,3709000000.0,3709000000.0,,3709.0,1000000.0,v3.7,0.300000000000,0.300000000000,0.325400000000,0.678000000000,0.610000000000,0.860100000000,0.300000000000,0.943300000000,0.814700000000,0.473700000000,0.981800000000,0E-12,0.422200000000,0.300000000000,0.394700000000,0.657600000000,0.300000000000,0.300000000000,0.300000000000,0.300000000000,0E-12
29d7795e06a8fe30d0a386ed95c8f445,کچاد,کچاد,1405/04/31,1405/03/31,2026-09-24,40,24,4878,963146213.0,690849047.0,39.41,25.34,0.8239,265.29,,85301712.0,99698697.0,-37.26,-14.44,-14.44,2770.0,2780.0,10.44,-12.03,10.89,37.15,1503934911510.47,543416465.27,5278.03,2.5175,65.98,1.000,True,False,False,False,False,False,False,False,,,,,,,,,,,,,,,7.4000000000000,9.2,4.3000000000000,6.0000000000000,26.86,4,1,False,0.0,0.0,0.0,0.0,136622000000.0,136622000000.0,,265.29,515000000.0,v3.7,0.222800000000,0.347800000000,0.300000000000,0.166700000000,0.073400000000,0.300000000000,0.300000000000,0.300000000000,0.500000000000,0.500000000000,0.389100000000,0E-12,0.925900000000,0.942700000000,0.379700000000,0.315200000000,0.300000000000,0.300000000000,0.300000000000,0.300000000000,0E-12
611f456315ab832044ca3f40c5f81b25,خچرخش,خچرخش,,1405/03/31,2026-09-24,0,27,3845,,,,,,2601.0,,389075.0,157296.0,379.01,147.35,147.35,22570.0,22260.0,8.68,-2.92,24.15,80.83,18073981633.67,895033.77,157.7,1.5718,91.83,0.720,False,False,False,False,False,False,False,False,,,,,,,,,,,,,,,18.4000000000000,9.2,5.5000000000000,4.1000000000000,26.83,4,1,False,0.0,0.0,0.0,0.0,2476399095.0,2476399095.0,,2601.0,952095.0,v3.7,0.300000000000,0.300000000000,0.300000000000,0.583300000000,0.918900000000,0.300000000000,0.300000000000,0.300000000000,0.500000000000,0.500000000000,0.501800000000,0E-12,0.011100000000,0.300000000000,0.992500000000,0.614800000000,0.300000000000,0.300000000000,0.300000000000,0.300000000000,0E-12
1b8e0f2acf626d841e62b7b091e025b7,بزاگرس,بزاگرس,1405/04/31,1405/03/31,2026-09-24,66,28,45,10632228.0,7140347.0,48.9,182.17,0.5507,486.0,,1255504.0,1110939.0,-6.36,13.01,13.01,7730.0,7640.0,15.91,-12.08,31.05,,90374900458.33,11260749.33,441.0,2.3891,63.68,0.920,True,False,False,False,False,False,False,False,,,,,,,,,,,,,,,12.5000000000000,9.2,3.3000000000000,3.9000000000000,26.61,4,1,False,0.0,0.0,0.0,0.0,2916000000.0,2916000000.0,,486.0,6000000.0,v3.7,0.304300000000,0.945700000000,0.300000000000,0.234800000000,0.115800000000,0.300000000000,0.300000000000,0.300000000000,0.500000000000,0.500000000000,0.301800000000,0E-12,0.159300000000,0.364600000000,0.567700000000,0.673200000000,0.300000000000,0.300000000000,0.300000000000,0.300000000000,0E-12
2f418d231f33b1c2a4dd596f18096bc7,خودکفا,خودکفا,,1404/12/29,2026-09-24,0,28,2422,,,,,,6240.0,4937.0,4937.0,742.0,140.93,103.34,103.34,14400.0,14410.0,2.31,-10.22,-1.03,83.33,225775061880.0,15296662.2,635.6,2.3803,78.02,0.685,False,False,False,False,False,False,False,False,,,,,,,,,,,,,,,14.6000000000000,9.2,10.8000000000000,4.2000000000000,26.58,7,1,False,0.0,0.0,0.0,0.0,62400000000.0,62400000000.0,,6240.0,10000000.0,v3.7,0.300000000000,0.300000000000,0.300000000000,0.481100000000,0.586900000000,0.300000000000,0.300000000000,0.300000000000,0.500000000000,0.500000000000,0.985500000000,0E-12,0.477800000000,0.300000000000,0.586500000000,0.077800000000,0.300000000000,0.300000000000,0.300000000000,0.300000000000,0E-12
bcd063af0a3b800fe8afeecd6fe37b47,زفجر,زفجر,,1405/03/31,2026-09-24,0,23,705,,,,,,8009.0,,853380.0,393403.0,168.4,116.92,116.92,50140.0,49990.0,6.26,-1.56,6.07,130.16,181468387717.33,3724588.97,1011.33,2.7588,90.59,0.720,False,False,False,False,False,False,False,False,,,,,,,,,,,,,,,15.9000000000000,9.2,8.5000000000000,3.2000000000000,26.45,4,1,False,0.0,0.0,0.0,0.0,7208100000.0,7208100000.0,,8009.0,900000.0,v3.7,0.300000000000,0.300000000000,0.300000000000,0.526500000000,0.695000000000,0.300000000000,0.300000000000,0.300000000000,0.500000000000,0.500000000000,0.770900000000,0E-12,0.388900000000,0.300000000000,0.142900000000,0.217900000000,0.300000000000,0.300000000000,0.300000000000,0.300000000000,0E-12
94bbf9d3a165ab493a448d205002268e,سنیر,سنیر,,1405/03/31,2026-09-24,0,25,2415,,,,,,966.0,,1177912.0,557684.0,160.61,111.21,111.21,6630.0,6550.0,6.86,-9.66,-11.49,95.99,114063623384.33,15968632.9,903.47,2.308,74.59,0.720,False,False,False,False,False,False,False,False,,,,,,,,,,,,,,,15.5000000000000,9.2,8.0000000000000,3.6000000000000,26.06,4,1,False,0.0,0.0,0.0,0.0,3279570000.0,3279570000.0,,966.0,3395000.0,v3.7,0.300000000000,0.300000000000,0.300000000000,0.507600000000,0.664100000000,0.300000000000,0.300000000000,0.300000000000,0.500000000000,0.500000000000,0.723600000000,0E-12,0.218500000000,0.300000000000,0.691700000000,0.015600000000,0.300000000000,0.300000000000,0.300000000000,0.300000000000,0E-12
eccaf93842ab5f9e3d79fae98027bde1,پسهند,پسهند,1405/04/31,1405/03/31,2026-09-24,76,28,50,10689553.0,9330486.0,14.57,129.69,0.5761,1468.0,,726129.0,203675.0,-59.12,256.51,256.51,24580.0,24560.0,16.74,5.95,24.86,,64247313794.33,2930409.37,273.07,2.5222,100.0,0.920,True,False,False,False,False,False,False,False,,,,,,,,,,,,,,,12.4000000000000,9.2,3.2000000000000,3.3000000000000,25.9,4,1,False,0.0,0.0,0.0,0.0,1262480000.0,1262480000.0,,1468.0,860000.0,v3.7,0.087000000000,0.864100000000,0.300000000000,0.890200000000,0.042500000000,0.300000000000,0.300000000000,0.300000000000,0.500000000000,0.500000000000,0.294500000000,0E-12,0.088900000000,0.427100000000,0.375900000000,0.634200000000,0.300000000000,0.300000000000,0.300000000000,0.300000000000,0E-12
1843493e1f47856f9ed240017217d5bf,شیراز,شیراز,1405/03/31,1404/12/29,2026-09-24,72,27,3872,476497496.0,265338930.0,79.58,-52.03,0.479,9058.0,0.0,-1.0,100.0,100.31,-100.0,-100.0,68050.0,68120.0,7.51,-9.5,4.48,7.15,575906495845.67,8386097.93,1366.4,2.586,52.23,0.965,True,False,False,True,False,False,False,False,,0.0,0.0,,,,,,,,,,,,7.0000000000000,8.3,7.0000000000000,4.5000000000000,25.77,7,1,False,5.0,0.0,0.0,0.0,138587400000.0,138587400000.0,,9058.0,15300000.0,v3.7,0.527200000000,0.027200000000,0.300000000000,0.032200000000,0.490300000000,0.062900000000,0.300000000000,0.305000000000,0.500000000000,0.500000000000,0.632700000000,0E-12,0.744400000000,0.244800000000,0.312000000000,0.179000000000,0.300000000000,0.300000000000,0.300000000000,0.300000000000,0E-12
4a1adc39de6b1615bf5bf9b656a3030f,خموتور,خموتور,1405/03/31,1405/03/31,2026-09-24,73,28,4407,62750005.0,58181319.0,7.85,3.36,0.6859,283.95,,2350863.0,1527850.0,-39.12,53.87,53.87,2200.0,2175.0,7.75,-8.03,2.59,39.69,92603927894.13,40715075.9,527.6,2.1393,78.18,1.000,True,False,False,False,False,False,False,False,,,,,,,,,,,,,,,5.5000000000000,9.2,6.7000000000000,4.3000000000000,25.67,4,1,False,0.0,0.0,0.0,0.0,5545590000.0,5545590000.0,,283.95,19530000.0,v3.7,0.065200000000,0.163000000000,0.300000000000,0.340900000000,0.065600000000,0.300000000000,0.300000000000,0.300000000000,0.500000000000,0.500000000000,0.607300000000,0E-12,0.166700000000,0.739600000000,0.860900000000,0.140100000000,0.300000000000,0.300000000000,0.300000000000,0.300000000000,0E-12
9ec90a47014c21843c4239f7a99a76f1,,شخارک,1405/05/31,1405/03/31,,44,27,0,313231860.0,191104113.0,63.91,-36.12,0.1516,17314.37,,73532620.0,4662107.0,82.81,1000.0,1000.0,,,,,,,,,,,,0.640,False,True,False,False,True,False,False,False,34.32,44.07,42.69,,51.88,41.41,179.38,51.04,3.64,135.18,2.58,1.24,0.951,,17.5000000000000,19.8,0E-13,1.8000000000000,25.04,4,,False,0.0,0.0,8.0,0.0,103883491.0,103884000000.0,0.001,17314.37,6000000.0,v3.7,0.418500000000,0.038000000000,0.857100000000,0.890200000000,0.436300000000,0.692300000000,0.611700000000,0.943300000000,0.814700000000,0.511300000000,0E-12,0E-12,0E-12,0.057300000000,0.300000000000,0.300000000000,0.940600000000,0.125000000000,0.291300000000,0.822900000000,0E-12
a2affb7dd71d9fab5ed7047d8e8f9a93,سپید,سپید,,1405/03/31,2026-09-24,0,26,1108,,,,,,1495.84,,3186865.0,1965870.0,1000.0,62.11,62.11,43190.0,42650.0,28.87,-7.96,19.37,222.57,1388630879914.67,31482572.93,4170.5,2.4306,81.42,0.720,False,False,False,False,False,False,False,False,,,,,,,,,,,,,,,17.4000000000000,9.2,2.4000000000000,5.8000000000000,25.02,4,1,False,0.0,0.0,0.0,0.0,15481993000.0,15481993000.0,,1495.84,10350000.0,v3.7,0.300000000000,0.300000000000,0.300000000000,0.373100000000,0.918900000000,0.300000000000,0.300000000000,0.300000000000,0.500000000000,0.500000000000,0.218200000000,0E-12,0.911100000000,0.300000000000,0.518800000000,0.529200000000,0.300000000000,0.300000000000,0.300000000000,0.300000000000,0E-12
bb3afe19f992a47dab8ed0efba9f15db,دسبحان,دسبحان,,1405/03/31,2026-09-24,0,28,49,,,,,,1059.95,,15691463.0,3954857.0,314.33,296.76,296.76,16580.0,16580.0,15.64,-3.04,64.65,,880052561671.67,62745294.5,2037.97,2.1694,90.15,0.640,False,False,False,False,False,False,False,False,,,,,,,,,,,,,,,19.9000000000000,9.2,3.4000000000000,6.5000000000000,25.01,4,1,False,0.0,0.0,0.0,0.0,10599480000.0,10599480000.0,,1059.95,10000000.0,v3.7,0.300000000000,0.300000000000,0.300000000000,0.890200000000,0.918900000000,0.300000000000,0.300000000000,0.300000000000,0.500000000000,0.500000000000,0.309100000000,0E-12,0.833300000000,0.300000000000,0.819500000000,0.894900000000,0.300000000000,0.300000000000,0.300000000000,0.300000000000,0E-12
a207ae2effa153c9cd7977e7399b33d9,ستران,ستران,,1405/03/31,2026-09-24,0,28,5300,,,,,,2851.0,,6058262.0,4346622.0,60.26,39.38,39.38,13220.0,13230.0,4.64,-10.85,3.28,82.43,319140421316.33,23155124.4,1235.43,2.499,69.43,0.720,False,False,False,False,False,False,False,False,,,,,,,,,,,,,,,11.3000000000000,9.2,9.9000000000000,4.4000000000000,25.01,4,1,False,0.0,0.0,0.0,0.0,48467000000.0,48467000000.0,,2851.0,17000000.0,v3.7,0.300000000000,0.300000000000,0.300000000000,0.303000000000,0.347500000000,0.300000000000,0.300000000000,0.300000000000,0.500000000000,0.500000000000,0.898200000000,0E-12,0.622200000000,0.300000000000,0.421100000000,0.155600000000,0.300000000000,0.300000000000,0.300000000000,0.300000000000,0E-12
0875c9b59ace28c22babd5e711c141da,سهرمز,سهرمز,1405/03/31,1404/12/29,2026-09-22,60,27,3245,47374313.0,31934915.0,48.35,-28.46,0.6421,4948.0,0.0,-1.0,100.0,,-100.0,-100.0,19000.0,19010.0,3.84,-11.21,-5.33,-10.31,88065825474.33,4229773.23,482.37,1.9516,29.17,0.965,True,False,False,True,False,False,False,False,,0.0,,,,,,,,,,,,,3.2000000000000,8.2,10.4000000000000,4.1000000000000,24.99,7,3,False,5.0,0.0,0.0,0.0,9025152000.0,9025152000.0,,4948.0,1824000.0,v3.7,0.298900000000,0.059800000000,0.300000000000,0.060600000000,0.300000000000,0.049000000000,0.300000000000,0.300000000000,0.500000000000,0.500000000000,0.945500000000,0E-12,0.151900000000,0.578100000000,0.936100000000,0.042800000000,0.300000000000,0.300000000000,0.300000000000,0.300000000000,0E-12
f165f6d8af88d6563894b42f26df2b45,حسینا,حسینا,1405/04/31,1405/03/31,2026-09-24,76,28,2661,67028728.0,65091789.0,2.98,-13.54,0.7404,2460.0,,6213579.0,7822452.0,-25.29,-20.57,-20.57,18300.0,18300.0,7.44,-6.96,18.75,27.62,295132063662.33,17220487.77,950.77,2.7606,77.26,1.000,True,False,False,False,False,False,False,False,,,,,,,,,,,,,,,4.1000000000000,9.2,7.1000000000000,4.6000000000000,24.95,4,1,False,0.0,0.0,0.0,0.0,22127990280.0,22127990280.0,,2460.0,8995118.0,v3.7,0.032600000000,0.081500000000,0.300000000000,0.155300000000,0.096500000000,0.300000000000,0.300000000000,0.300000000000,0.500000000000,0.500000000000,0.643600000000,0E-12,0.588900000000,0.849000000000,0.139100000000,0.517500000000,0.300000000000,0.300000000000,0.300000000000,0.300000000000,0E-12
86753ad1b296713ec2fe34094b7b1d88,کماسه,کماسه,1405/04/31,1405/03/31,2026-09-24,76,28,3636,5437020.0,4289170.0,26.76,66.66,0.736,221.69,,465132.0,455364.0,-30.97,2.15,2.15,5440.0,5470.0,24.54,-4.87,75.49,170.79,270751180955.67,56696975.6,760.93,1.9985,84.79,1.000,True,False,False,False,False,False,False,True,23.79,26.8,-10.79,5.84,27.79,32.8,41.8,13.73,56.72,22.21,0.31,2.04,0.84,5.45,8.4000000000000,1.4,6.3000000000000,8.6000000000000,24.67,4,1,False,0.0,6.7,0.0,0.0,1322913.0,1371000000.0,0.001,221.69,6000000.0,v3.7,0.157600000000,0.630400000000,0.230200000000,0.223500000000,0.081100000000,0.503500000000,0.368900000000,0.070900000000,0.491400000000,0.090200000000,0.232700000000,0.709100000000,0.551900000000,0.833300000000,0.924800000000,0.894900000000,0.168300000000,0.932700000000,0.747600000000,0.750000000000,0.789100000000
7f03a704085688ac90d02018a42c8162,پکرمان,پکرمان,1405/04/31,1405/03/31,2026-09-24,75,28,3868,196710000.0,150659361.0,30.57,44.2,0.7508,316.34,,11839638.0,7466030.0,-79.72,58.58,58.58,7430.0,7360.0,23.49,-5.76,13.58,21.23,237193846070.0,33391865.87,1056.77,2.6723,74.54,1.000,True,False,False,False,False,False,False,False,,,,,,,,,,,,,,,8.2000000000000,9.2,2.6000000000000,4.4000000000000,24.45,4,1,False,0.0,0.0,0.0,0.0,6229745000.0,6229745000.0,,316.34,19693000.0,v3.7,0.168500000000,0.494600000000,0.300000000000,0.352300000000,0.030900000000,0.300000000000,0.300000000000,0.300000000000,0.500000000000,0.500000000000,0.240000000000,0E-12,0.500000000000,0.869800000000,0.203000000000,0.412500000000,0.300000000000,0.300000000000,0.300000000000,0.300000000000,0E-12
a7e6b6cc7c33c4988937ed9c579b01fa,دتماد,دتماد,,1405/03/31,2026-09-24,0,16,3931,,,,,,5709.93,,7606581.0,2836220.0,143.21,168.19,168.19,54380.0,54380.0,9.52,-0.07,24.81,174.63,285622233532.0,5285031.07,1026.87,2.6279,84.01,0.720,False,False,False,False,False,False,False,False,,,,,,,,,,,,,,,15.5000000000000,9.2,4.8000000000000,4.4000000000000,24.4,4,1,False,0.0,0.0,0.0,0.0,15987790000.0,15987790000.0,,5709.93,2800000.0,v3.7,0.300000000000,0.300000000000,0.300000000000,0.628800000000,0.602300000000,0.300000000000,0.300000000000,0.300000000000,0.500000000000,0.500000000000,0.440000000000,0E-12,0.581500000000,0.300000000000,0.255600000000,0.630400000000,0.300000000000,0.300000000000,0.300000000000,0.300000000000,0E-12
046559f7fcc4efeb9b20ea57995da789,وپست,وپست,,1405/03/31,2026-09-24,0,19,3190,,,,,,1633.1,,23895039.0,16476463.0,30.44,45.03,45.03,9870.0,9930.0,6.04,-5.43,3.44,131.15,408281059539.0,41083654.57,969.43,2.1187,82.27,0.720,False,False,False,False,False,False,False,False,,,,,,,,,,,,,,,10.3000000000000,9.2,8.6000000000000,5.4000000000000,24.21,4,1,False,0.0,0.0,0.0,0.0,80912160000.0,80912160000.0,,1633.1,49545000.0,v3.7,0.300000000000,0.300000000000,0.300000000000,0.314400000000,0.247100000000,0.300000000000,0.300000000000,0.300000000000,0.500000000000,0.500000000000,0.785500000000,0E-12,0.670400000000,0.300000000000,0.883500000000,0.163400000000,0.300000000000,0.300000000000,0.300000000000,0.300000000000,0E-12
f8dfbe7ae5669ddbcb0fa22d6d3e7a5c,ثبهساز,ثبهساز,,1405/03/31,2026-09-24,0,24,1329,,,,,,220.0,0.26,22468678.0,14466103.0,-25.8,-14.75,-14.75,1837.0,1832.0,8.35,-7.1,0.49,77.35,313601312832.33,165640634.4,2806.47,2.302,82.56,0.720,False,False,False,False,False,False,False,False,,86.41,9.39,,86.41,,38.44,133.88,0.71,,,,,,7.7000000000000,14.8,5.9000000000000,4.9000000000000,23.94,4,1,False,0.0,0.0,0.0,0.0,8857546280.0,8857546280.0,,220.0,40261574.0,v3.7,0.300000000000,0.300000000000,0.222200000000,0.162900000000,0.092700000000,0.979000000000,0.300000000000,0.595700000000,0.814700000000,0.774400000000,0.534500000000,0E-12,0.618500000000,0.300000000000,0.699200000000,0.116700000000,0.300000000000,0.300000000000,0.300000000000,0.300000000000,0E-12
db1cb723021652b16b2b07e88b595bb0,دالبر,دالبر,,1405/03/31,2026-09-24,0,27,4628,,,,,,1339.0,,30927817.0,9065991.0,87.01,241.14,241.14,15540.0,15530.0,11.61,-5.88,22.77,310.09,971787840331.0,64161866.33,2339.3,2.5034,89.52,0.720,False,False,False,False,False,False,False,False,,,,,,,,,,,,,,,14.6000000000000,9.2,4.0000000000000,5.5000000000000,23.93,4,1,False,0.0,0.0,0.0,0.0,18746000000.0,18746000000.0,,1339.0,14000000.0,v3.7,0.300000000000,0.300000000000,0.300000000000,0.761400000000,0.447900000000,0.300000000000,0.300000000000,0.300000000000,0.500000000000,0.500000000000,0.360000000000,0E-12,0.859300000000,0.300000000000,0.409800000000,0.587500000000,0.300000000000,0.300000000000,0.300000000000,0.300000000000,0E-12
cca4110448d6de510f0d72a5270ddc77,رانیز,رانیز,,1405/03/31,2026-09-24,0,7,58,,,,,,3514.7,,6158940.0,2177304.0,,182.87,182.87,17790.0,17690.0,5.06,-7.43,-4.69,,488773246461.67,26164975.63,10178.9,2.217,89.08,0.450,False,False,False,False,False,False,False,False,37.2,37.43,11.22,1.88,43.21,42.95,109.38,160.41,0.03,71.35,0.62,2.21,0.087,3.61,13.8000000000000,18.3,13.9000000000000,7.1000000000000,23.91,4,1,False,0.0,0.0,0.0,0.0,24592382.0,,0.001,3514.7,7000000.0,v3.7,0.300000000000,0.300000000000,0.531700000000,0.670500000000,0.300000000000,0.629400000000,0.660200000000,0.645400000000,0.814700000000,0.939800000000,0.872700000000,0.854500000000,0.725900000000,0.300000000000,0.785700000000,0.046700000000,0.802000000000,0.682700000000,0.805800000000,0.114600000000,0.869100000000
0839a7cf2afa34a4cc6cb908eaf9cb4f,شپلی,شپلی,,1405/03/31,2026-09-24,0,25,1556,,,,,,97.0,,4632727.0,-1106811.0,473.08,518.57,518.57,6750.0,6750.0,69.59,-4.8,14.6,299.64,350758231021.15,66282129.53,1022.19,3.3123,88.73,0.720,False,True,False,False,False,False,False,False,,,,,,,,,,,,,,,19.9000000000000,9.2,0E-13,4.0000000000000,23.89,4,1,False,0.0,0.0,8.0,0.0,2710929422.0,2710929422.0,,97.0,27947726.0,v3.7,0.300000000000,0.300000000000,0.300000000000,0.890200000000,0.918900000000,0.300000000000,0.300000000000,0.300000000000,0.500000000000,0.500000000000,0E-12,0E-12,0.644400000000,0.300000000000,0.082700000000,0.435800000000,0.300000000000,0.300000000000,0.300000000000,0.300000000000,0E-12
9bd78c98b11a21d9cff6e5172cad1d14,خزامیا,خزامیا,1405/03/31,1405/03/31,2026-09-24,70,28,5226,325134280.0,293024334.0,10.96,8.77,0.4448,52.78,,9171762.0,4300085.0,-84.22,113.29,113.29,1780.0,1778.0,33.73,6.92,34.49,88.35,1519272879240.23,972317444.17,5570.93,2.4195,100.0,1.000,True,False,False,False,False,False,False,False,,,,,,,,,,,,,,,6.3000000000000,9.2,2.2000000000000,6.0000000000000,23.77,4,1,False,0.0,0.0,0.0,0.0,4847863360.0,4847863360.0,,52.78,91851440.0,v3.7,0.076100000000,0.201100000000,0.300000000000,0.518900000000,0.027000000000,0.300000000000,0.300000000000,0.300000000000,0.500000000000,0.500000000000,0.203600000000,0E-12,0.929600000000,0.197900000000,0.541400000000,0.723700000000,0.300000000000,0.300000000000,0.300000000000,0.300000000000,0E-12
0d19caedc1f47bfbce6949cc9fd54846,کفرا,کفرا,1405/04/31,1405/03/31,2026-09-24,60,28,3883,21748176.0,12128329.0,79.32,179.66,0.4679,-69.55,,1060851.0,-604982.0,53.58,275.35,275.35,4330.0,4160.0,,-13.87,45.0,238.21,142323072971.97,33917992.83,428.33,2.668,80.1,1.000,True,True,False,False,False,True,False,False,,,,,,,,,,,,,,,20.1000000000000,0.0,0E-13,3.6000000000000,23.75,4,1,False,0.0,10.0,8.0,0.0,-1371368032.0,-1371368032.0,,-69.55,19717256.0,v3.7,0.521700000000,0.945700000000,0.300000000000,0.890200000000,0.328200000000,0.300000000000,0.300000000000,0.300000000000,0.500000000000,0.500000000000,0E-12,0E-12,0.296300000000,0.229200000000,0.206800000000,0.894900000000,0.300000000000,0.300000000000,0.300000000000,0.300000000000,0E-12
c219bd90953f64ecb6ff2dbf5f96ee33,شمس,شمس,1405/03/31,1405/01/31,2026-09-24,40,9,334,7794341.0,4598787.0,69.49,187.58,0.4668,,,38.0,34.0,38.46,-24.0,-24.0,11940.0,11710.0,,-4.1,-4.33,180.28,195140755292.33,16670221.77,1266.7,2.5836,89.07,0.845,True,True,False,False,False,False,False,False,,,,,,,,,,,,,,,15.1000000000000,9.2,0E-13,3.3000000000000,23.33,6,1,False,0.0,0.0,8.0,0.0,,,,,4000000.0,v3.7,0.445700000000,0.945700000000,0.300000000000,0.147700000000,0.270300000000,0.300000000000,0.300000000000,0.300000000000,0.500000000000,0.500000000000,0E-12,0E-12,0.411100000000,0.224000000000,0.315800000000,0.050600000000,0.300000000000,0.300000000000,0.300000000000,0.300000000000,0E-12
3d93905f5d86c52a214cb21d71fbe704,سخوز,سخوز,,1405/03/31,2026-09-24,0,27,2578,,,,,,15620.0,,3345423.0,3578314.0,36.21,-6.51,-6.51,93800.0,93200.0,6.01,-11.07,31.6,37.72,210352517983.46,2291105.17,564.88,3.9298,72.8,0.720,False,False,False,False,False,False,False,False,,,,,,,,30.51,5.28,,,,,,9.8000000000000,9.9,8.7000000000000,3.6000000000000,23.05,4,1,False,0.0,0.0,0.0,0.0,21868000000.0,21868000000.0,,15620.0,1400000.0,v3.7,0.300000000000,0.300000000000,0.300000000000,0.178000000000,0.258700000000,0.300000000000,0.300000000000,0.300000000000,0.814700000000,0.451100000000,0.789100000000,0E-12,0.437000000000,0.300000000000,0.060200000000,0.680900000000,0.300000000000,0.300000000000,0.300000000000,0.300000000000,0E-12
8b5fc1bfef84c4c6f8b652747c0c50f7,درهآور,درهآور,,1405/03/31,2026-09-24,0,27,1608,,,,,,1808.0,,2039867.0,1266383.0,51.61,61.08,61.08,14690.0,14680.0,8.13,-7.61,11.47,65.91,230848623249.0,14744439.47,995.93,2.3967,68.73,0.720,False,False,False,False,False,False,False,False,,,,,,,,,,,,,,,11.3000000000000,9.2,6.5000000000000,4.4000000000000,22.62,4,1,False,0.0,0.0,0.0,0.0,4836931552.0,4836931552.0,,1808.0,2675294.0,v3.7,0.300000000000,0.300000000000,0.300000000000,0.359800000000,0.320500000000,0.300000000000,0.300000000000,0.300000000000,0.500000000000,0.500000000000,0.589100000000,0E-12,0.492600000000,0.300000000000,0.560200000000,0.334600000000,0.300000000000,0.300000000000,0.300000000000,0.300000000000,0E-12
f08b706dfe1ab6bc864806ce40729675,زهلال,زهلال,,1405/03/31,2026-09-24,0,17,62,,,,,,6307.0,4.71,274958.0,215563.0,152.58,147.42,147.42,52670.0,52660.0,8.35,-1.68,11.43,,147403418646.67,2951148.87,8867.87,2.0863,95.28,0.640,False,False,False,False,False,False,False,False,,,,,,,,,,,,,,,15.6000000000000,9.2,5.8000000000000,4.6000000000000,22.51,4,1,False,0.0,0.0,0.0,0.0,3153500000.0,3153500000.0,,6307.0,500000.0,v3.7,0.300000000000,0.300000000000,0.300000000000,0.587100000000,0.633200000000,0.300000000000,0.300000000000,0.300000000000,0.500000000000,0.500000000000,0.530900000000,0E-12,0.311100000000,0.300000000000,0.902300000000,0.330700000000,0.300000000000,0.300000000000,0.300000000000,0.300000000000,0E-12
905b8289d77d9927c13119c6a7cff9e1,کزغال,کزغال,,1405/03/31,2026-09-24,0,25,1241,,,,,,148.87,,3044676.0,369929.0,100.63,723.04,723.04,5500.0,5310.0,36.95,-11.79,12.26,34.43,271826466592.67,47945752.73,1330.9,2.7338,67.17,0.720,False,False,False,False,False,False,False,False,,,,,,,,,,,,,,,15.7000000000000,9.2,2.2000000000000,3.9000000000000,22.3,4,1,False,0.0,0.0,0.0,0.0,2233000000.0,2233000000.0,,148.87,15000000.0,v3.7,0.300000000000,0.300000000000,0.300000000000,0.890200000000,0.498100000000,0.300000000000,0.300000000000,0.300000000000,0.500000000000,0.500000000000,0.196400000000,0E-12,0.559300000000,0.300000000000,0.165400000000,0.365800000000,0.300000000000,0.300000000000,0.300000000000,0.300000000000,0E-12
8ae97b44c2d9568e972acecf665519f7,وسپه,وسپه,,1404/12/29,2026-09-24,0,21,5548,,,,,,412.0,0.4,12304658.0,8317580.0,50.36,1000.0,1000.0,7240.0,7240.0,17.57,-4.11,38.17,43.14,519623506501.67,84053234.3,1932.93,1.8779,86.07,0.685,False,False,False,False,False,False,False,False,,,,,,,,,,,,,,,13.8000000000000,9.2,3.0000000000000,6.4000000000000,22.25,7,1,False,0.0,0.0,0.0,0.0,12524800000.0,12524800000.0,,412.0,30400000.0,v3.7,0.300000000000,0.300000000000,0.300000000000,0.890200000000,0.308900000000,0.300000000000,0.300000000000,0.300000000000,0.500000000000,0.500000000000,0.276400000000,0E-12,0.737000000000,0.300000000000,0.958600000000,0.778200000000,0.300000000000,0.300000000000,0.300000000000,0.300000000000,0E-12
5d15c985370d5c69364f396ffec4e0d7,فبیرا,فبیرا,,1404/12/29,2026-09-24,0,22,1929,,,,,,67.0,0.07,367793.0,85024.0,220.88,1000.0,1000.0,2390.0,2391.0,35.67,-11.61,25.45,142.0,19881313854.37,7966253.83,82.8,2.826,79.71,0.685,False,False,False,False,False,False,False,False,,,,,,,,,,,,,,,18.6000000000000,9.2,2.2000000000000,2.4000000000000,22.2,7,1,False,0.0,0.0,0.0,0.0,335000000.0,335000000.0,,67.0,5000000.0,v3.7,0.300000000000,0.300000000000,0.300000000000,0.890200000000,0.783800000000,0.300000000000,0.300000000000,0.300000000000,0.500000000000,0.500000000000,0.200000000000,0E-12,0.014800000000,0.300000000000,0.120300000000,0.638100000000,0.300000000000,0.300000000000,0.300000000000,0.300000000000,0E-12
4e35602375bf56d08f1acbbff336611c,سرچشمه,سرچشمه,,1405/03/31,2026-09-24,0,27,21,,,,,,2166.0,,440411.0,571851.0,150.03,-22.99,-22.99,8200.0,8190.0,3.79,9.05,,,562794693282.86,77154684.57,1161.29,1.2111,95.94,0.570,False,False,False,False,False,False,False,False,,,,,,,,,,,,,,,13.2000000000000,9.2,10.5000000000000,6.0000000000000,22.19,4,1,False,0.0,0.0,0.0,0.0,32490000000.0,32490000000.0,,2166.0,15000000.0,v3.7,0.300000000000,0.300000000000,0.300000000000,0.151500000000,0.617800000000,0.300000000000,0.300000000000,0.300000000000,0.500000000000,0.500000000000,0.952700000000,0E-12,0.740700000000,0.300000000000,0.996200000000,0.300000000000,0.300000000000,0.300000000000,0.300000000000,0.300000000000,0E-12
32bc989812a6997ee475737a30528c3b,وخارزم,وخارزم,,1404/12/29,2026-09-24,0,23,2973,,,,,,223.0,0.25,14967980.0,6433708.0,72.87,1000.0,1000.0,9080.0,9080.0,40.72,3.89,43.67,197.41,1030384545614.67,131335456.27,2987.63,2.3182,100.0,0.685,False,False,False,False,False,False,False,False,,,,,,,,,,,,,,,14.7000000000000,9.2,2.0000000000000,6.4000000000000,22.1,7,1,False,0.0,0.0,0.0,0.0,13380000000.0,13380000000.0,,223.0,60000000.0,v3.7,0.300000000000,0.300000000000,0.300000000000,0.890200000000,0.393800000000,0.300000000000,0.300000000000,0.300000000000,0.500000000000,0.500000000000,0.181800000000,0E-12,0.870400000000,0.300000000000,0.684200000000,0.894900000000,0.300000000000,0.300000000000,0.300000000000,0.300000000000,0E-12
07589f30e28ffd0a131f9c4157417d59,قنیشا,قنیشا,1405/03/31,1405/03/31,2026-09-24,74,28,3948,14599356.0,11143411.0,31.01,-90.38,-0.4476,167.0,,484123.0,646487.0,173.77,-25.11,-25.11,3390.0,3400.0,20.3,-3.13,24.45,88.47,53566466314.2,17473364.03,449.8,2.158,89.03,1.000,True,False,False,True,False,False,False,False,,,,,,,,,,,,,,,6.1000000000000,9.2,2.8000000000000,3.8000000000000,21.85,4,1,False,5.0,0.0,0.0,0.0,668000000.0,668000000.0,,167.0,4000000.0,v3.7,0.173900000000,0.005400000000,0.300000000000,0.143900000000,0.710400000000,0.300000000000,0.300000000000,0.300000000000,0.500000000000,0.500000000000,0.254500000000,0E-12,0.081500000000,0.010400000000,0.838300000000,0.622600000000,0.300000000000,0.300000000000,0.300000000000,0.300000000000,0E-12
057f29e2cbb5f0df740b951b2669799f,خمهر,خمهر,,1405/03/31,2026-09-24,0,27,4591,,,,,,80.0,,133053.0,-486885.0,106.94,127.33,127.33,3620.0,3650.0,45.25,-6.17,37.22,100.77,153755194148.8,46096026.6,792.27,1.9954,80.5,0.720,False,False,False,False,False,False,False,False,,,,,,,,,,,,,,,14.2000000000000,9.2,1.8000000000000,5.1000000000000,21.85,4,1,False,0.0,0.0,0.0,0.0,530217520.0,530217520.0,,80.0,6627719.0,v3.7,0.300000000000,0.300000000000,0.300000000000,0.545500000000,0.517400000000,0.300000000000,0.300000000000,0.300000000000,0.500000000000,0.500000000000,0.167300000000,0E-12,0.329600000000,0.300000000000,0.928600000000,0.754900000000,0.300000000000,0.300000000000,0.300000000000,0.300000000000,0E-12
79c05aa1cc2e5430ef253e0d28ef62af,قشکر,قشکر,,1404/12/29,2026-09-24,0,27,4142,,,,,,305.0,0.0,-1.0,100.0,400.0,0.0,0.0,5190.0,5140.0,17.02,-14.9,36.7,52.84,66027437264.29,13605672.5,353.64,2.6586,72.72,0.685,False,False,False,False,False,False,False,False,,,,,,,,,,,,,,,16.5000000000000,9.2,3.2000000000000,3.0000000000000,21.83,7,1,False,0.0,0.0,0.0,0.0,750328365.0,750328365.0,,305.0,2460093.0,v3.7,0.300000000000,0.300000000000,0.300000000000,0.208300000000,0.918900000000,0.300000000000,0.300000000000,0.300000000000,0.500000000000,0.500000000000,0.287300000000,0E-12,0.100000000000,0.300000000000,0.214300000000,0.743200000000,0.300000000000,0.300000000000,0.300000000000,0.300000000000,0E-12
a0a860bea50008bf8d2189168b782225,آریا,آریا,1405/05/31,1405/03/31,2026-09-24,77,27,1353,610508732.0,579306779.0,5.39,16.45,0.5348,4877.8,,15518624.0,30578122.0,30.42,-49.25,-49.25,45800.0,45800.0,9.39,16.1,52.01,6.68,387162666253.67,10252409.5,2038.57,2.0209,100.0,1.000,True,False,False,True,False,False,False,False,,,,,,,,,,,,,,,1.5000000000000,9.2,4.9000000000000,6.2000000000000,21.81,4,1,False,5.0,0.0,0.0,0.0,167692910640.0,167692910640.0,,4877.8,34378800.0,v3.7,0.043500000000,0.250000000000,0.300000000000,0.125000000000,0.243200000000,0.300000000000,0.300000000000,0.300000000000,0.500000000000,0.500000000000,0.443600000000,0E-12,0.659300000000,0.338500000000,0.913500000000,0.894900000000,0.300000000000,0.300000000000,0.300000000000,0.300000000000,0E-12
c5e041913a67a3bdb2f7bfe5bba20bd8,دفارا,دفارا,,1405/03/31,2026-09-24,0,28,48,,,,,,2118.49,,4791998.0,2169559.0,83.66,120.87,120.87,17740.0,17740.0,8.37,1.14,27.08,,718481118684.33,41078180.63,1860.57,2.4411,84.83,0.640,False,False,False,False,False,False,False,False,,,,,,,,,,,,,,,13.4000000000000,9.2,5.8000000000000,5.6000000000000,21.74,4,1,False,0.0,0.0,0.0,0.0,19502814000.0,19502814000.0,,2118.49,9206000.0,v3.7,0.300000000000,0.300000000000,0.300000000000,0.537900000000,0.440200000000,0.300000000000,0.300000000000,0.300000000000,0.500000000000,0.500000000000,0.527300000000,0E-12,0.807400000000,0.300000000000,0.507500000000,0.645900000000,0.300000000000,0.300000000000,0.300000000000,0.300000000000,0E-12
801acf9315859c07fc1aca9cb877c22b,غگیلا,غگیلا,,1405/03/31,2026-09-24,0,30,1397,,,,,,683.01,0.96,1162626.0,554509.0,109.46,98.93,98.93,37340.0,37340.0,54.67,19.26,64.49,128.17,42828387273.33,1672279.0,428.07,1.9416,100.0,0.720,False,False,False,False,False,False,False,False,,,,,,,,7.9,0.41,,,,,,13.9000000000000,10.1,1.8000000000000,4.4000000000000,21.71,4,1,False,0.0,0.0,0.0,0.0,683008070.0,683008070.0,,683.01,1000000.0,v3.7,0.300000000000,0.300000000000,0.300000000000,0.462100000000,0.529000000000,0.300000000000,0.300000000000,0.300000000000,0.370700000000,0.812000000000,0.160000000000,0E-12,0.048100000000,0.300000000000,0.943600000000,0.894900000000,0.300000000000,0.300000000000,0.300000000000,0.300000000000,0E-12
486253dea70fdfaa0ad435e871f1ac01,ساوه,ساوه,,1405/03/31,2026-09-24,0,28,1452,,,,,,1489.0,,10001229.0,5876243.0,19.76,70.2,70.2,10570.0,10670.0,7.1,-9.88,-3.87,55.49,183233372358.67,16851737.0,1189.23,2.6753,45.93,0.720,False,False,False,False,False,False,False,False,,,,,,,,,,,,,,,10.2000000000000,9.2,7.5000000000000,3.1000000000000,21.63,4,1,False,0.0,0.0,0.0,0.0,25582640032.0,25582640032.0,,1489.0,17181088.0,v3.7,0.300000000000,0.300000000000,0.300000000000,0.401500000000,0.189200000000,0.300000000000,0.300000000000,0.300000000000,0.500000000000,0.500000000000,0.683600000000,0E-12,0.392600000000,0.300000000000,0.191700000000,0.054500000000,0.300000000000,0.300000000000,0.300000000000,0.300000000000,0E-12
731166bbfc773bf6a75a4bb795177b44,فخاس,فخاس,,1405/03/31,2026-09-24,0,28,3865,,,,,,377.79,,28639935.0,9817701.0,-28.27,191.72,191.72,3310.0,3310.0,8.76,-5.43,31.72,97.73,205714964332.9,68693333.83,876.27,2.37,85.67,0.720,False,False,False,False,False,False,False,False,,,,,,,,,,,,,,,10.7000000000000,9.2,5.4000000000000,4.7000000000000,21.59,4,1,False,0.0,0.0,0.0,0.0,47035000000.0,47035000000.0,,377.79,124500000.0,v3.7,0.300000000000,0.300000000000,0.300000000000,0.700800000000,0.084900000000,0.300000000000,0.300000000000,0.300000000000,0.500000000000,0.500000000000,0.494500000000,0E-12,0.429600000000,0.300000000000,0.605300000000,0.696500000000,0.300000000000,0.300000000000,0.300000000000,0.300000000000,0E-12
56187148c4031e89830f329dd299e701,کگاز,کگاز,,1405/03/31,2026-09-24,0,28,4384,,,,,,6419.0,,2484410.0,1603562.0,38.76,54.93,54.93,53290.0,53460.0,8.3,-1.31,33.28,86.21,135535051682.33,2777410.67,526.0,2.498,86.06,0.720,False,False,False,False,False,False,False,False,,,,,,,,,,,,,,,10.8000000000000,9.2,6.0000000000000,3.9000000000000,21.47,4,1,False,0.0,0.0,0.0,0.0,5456150000.0,5456150000.0,,6419.0,850000.0,v3.7,0.300000000000,0.300000000000,0.300000000000,0.344700000000,0.274100000000,0.300000000000,0.300000000000,0.300000000000,0.500000000000,0.500000000000,0.541800000000,0E-12,0.277800000000,0.300000000000,0.424800000000,0.708200000000,0.300000000000,0.300000000000,0.300000000000,0.300000000000,0E-12
efbd08e291c09108c086ad170e7026ef,کگل,کگل,1405/04/31,1405/03/31,2026-09-24,65,28,4524,1362687879.0,937228933.0,45.4,28.38,0.8395,266.27,,96114610.0,110309104.0,-48.39,-12.87,-12.87,2790.0,2820.0,10.48,-9.62,-0.46,52.68,2301298423538.83,778261741.43,5588.6,2.6469,67.98,1.000,True,False,False,False,False,False,False,True,15.39,16.58,-3.91,1.61,14.18,12.69,11.16,3.57,39.73,20.88,1.77,0.8,1.466,2.19,6.7000000000000,1.0,8.7000000000000,5.0000000000000,21.46,4,1,False,0.0,5.0,0.0,0.0,158008844.0,91539000000.0,0.001,266.27,593000000.0,v3.7,0.260900000000,0.375000000000,0.095200000000,0.170500000000,0.054100000000,0.265700000000,0.233000000000,0.163100000000,0.129300000000,0.120300000000,0.381800000000,0.880000000000,0.944400000000,0.953100000000,0.225600000000,0.093400000000,0.118800000000,0.288500000000,0.068000000000,0.937500000000,0.938200000000
6e0ae81a60f8c7f6c7f0ba5597f87225,شلیا,شلیا,,1405/02/31,2026-09-24,0,27,824,,,,,,,,739252.0,290779.0,165.49,154.23,154.23,22650.0,22670.0,,12.95,81.07,254.77,27285817819.33,1612579.63,90.1,1.7305,93.11,0.720,False,True,False,False,False,False,False,False,,,,,,,,,,,,,,,16.2000000000000,9.2,0E-13,4.4000000000000,21.44,5,1,False,0.0,0.0,8.0,0.0,,,,,500000.0,v3.7,0.300000000000,0.300000000000,0.300000000000,0.606100000000,0.683400000000,0.300000000000,0.300000000000,0.300000000000,0.500000000000,0.500000000000,0E-12,0E-12,0.022200000000,0.300000000000,0.977400000000,0.894900000000,0.300000000000,0.300000000000,0.300000000000,0.300000000000,0E-12
ebcee98ad7dedd38d7be45b541349ffa,وتوشه,وتوشه,,1404/09/30,2026-09-24,0,23,4995,,,,,,1736.05,0.0,1.0,1.0,58.0,0.0,0.0,8430.0,8300.0,4.86,-2.81,8.07,53.31,111466088911.0,13622286.33,421.93,2.3192,89.78,0.640,False,False,False,False,False,False,False,False,,,,,,,,,,,,,,,10.8000000000000,9.2,9.7000000000000,3.7000000000000,21.38,10,1,True,0.0,0.0,0.0,0.0,17360500000.0,17360500000.0,,1736.05,10000000.0,v3.7,0.300000000000,0.300000000000,0.300000000000,0.208300000000,0.343600000000,0.300000000000,0.300000000000,0.300000000000,0.500000000000,0.500000000000,0.883600000000,0E-12,0.196300000000,0.300000000000,0.680500000000,0.252900000000,0.300000000000,0.300000000000,0.300000000000,0.300000000000,0E-12
5273ccc375234a373922892e70dffc5d,غبهنوش,غبهنوش,,1405/03/31,2026-09-24,0,28,4167,,,,,,7032.0,,4301002.0,1532337.0,68.27,180.68,180.68,80600.0,81270.0,11.46,13.57,2.39,-14.25,149681240130.0,1930387.07,618.0,2.8838,42.31,0.720,False,False,False,False,False,False,False,False,,,,,,,,,,,,,,,13.3000000000000,9.2,4.0000000000000,2.8000000000000,21.12,4,1,False,0.0,0.0,0.0,0.0,2531520000.0,2531520000.0,,7032.0,360000.0,v3.7,0.300000000000,0.300000000000,0.300000000000,0.655300000000,0.374500000000,0.300000000000,0.300000000000,0.300000000000,0.500000000000,0.500000000000,0.363600000000,0E-12,0.318500000000,0.300000000000,0.109000000000,0.136200000000,0.300000000000,0.300000000000,0.300000000000,0.300000000000,0E-12
219f43aab6fb90530570bd54a78db3f4,خمحرکه,خمحرکه,1405/03/31,1405/03/31,2026-09-24,66,28,5267,99446713.0,69015560.0,44.09,-10.14,0.7182,,,-119520.0,-509929.0,-27.44,76.56,76.56,5800.0,5710.0,,-14.01,13.52,60.17,136348160217.33,23367418.5,833.7,2.5609,74.33,1.000,True,True,False,False,False,False,False,False,,,,,,,,,,,,,,,7.6000000000000,9.2,0E-13,3.9000000000000,20.74,4,1,False,0.0,0.0,8.0,0.0,682356591.0,682356591.0,,,,v3.7,0.255400000000,0.092400000000,0.300000000000,0.420500000000,0.088800000000,0.300000000000,0.300000000000,0.300000000000,0.500000000000,0.500000000000,0E-12,0E-12,0.285200000000,0.796900000000,0.338300000000,0.408600000000,0.300000000000,0.300000000000,0.300000000000,0.300000000000,0E-12
0b933179128a75d133acc7cac85b4662,تپمپی,تپمپی,,1404/12/29,2026-09-24,0,9,5252,,,,,,622.0,0.85,2388869.0,1404722.0,334.17,1000.0,1000.0,7220.0,7100.0,11.61,-5.71,22.84,112.64,34421058217.67,5089714.8,140.13,2.3321,85.09,0.565,False,False,False,False,False,False,False,False,,,,,,,,,,,,,,,19.9000000000000,9.2,3.9000000000000,3.5000000000000,20.67,7,1,False,0.0,0.0,0.0,0.0,1742222000.0,1742222000.0,,622.0,2801000.0,v3.7,0.300000000000,0.300000000000,0.300000000000,0.890200000000,0.918900000000,0.300000000000,0.300000000000,0.300000000000,0.500000000000,0.500000000000,0.356400000000,0E-12,0.037000000000,0.300000000000,0.657900000000,0.591400000000,0.300000000000,0.300000000000,0.300000000000,0.300000000000,0E-12
a4c5e155e0d31a9e8e3eaf65bf32f899,فپنتا,فپنتا,,1405/01/31,2026-09-24,0,26,3829,,,,,,,,0.0,0.0,316.67,,,46460.0,46460.0,,-8.36,43.48,58.45,162104254014.67,3870767.13,637.43,2.7253,74.78,0.685,False,True,False,False,False,False,False,False,,,,,,,,,,,,,,,17.0000000000000,9.2,0E-13,3.8000000000000,20.55,6,1,False,0.0,0.0,8.0,0.0,,,,,1029283.0,v3.7,0.300000000000,0.300000000000,0.300000000000,0.300000000000,0.918900000000,0.300000000000,0.300000000000,0.300000000000,0.500000000000,0.500000000000,0E-12,0E-12,0.355600000000,0.300000000000,0.172900000000,0.894900000000,0.300000000000,0.300000000000,0.300000000000,0.300000000000,0E-12
8cf8f7ebb7a81d1f00229c19692d4f69,بیوتیک,بیوتیک,1405/05/31,1405/03/31,2026-09-24,65,21,49,14593433.0,16504400.0,-11.58,224.55,0.5166,3251.0,,1054702.0,1876828.0,-32.94,-43.8,-43.8,32000.0,32020.0,9.84,-8.04,37.37,,170389641307.67,5041163.2,1050.13,2.3356,72.94,0.920,True,False,False,True,False,False,False,False,,,,,,,,,,,,,,,3.8000000000000,9.2,4.6000000000000,4.7000000000000,20.44,4,1,False,5.0,0.0,0.0,0.0,2610227900.0,2610227900.0,,3251.0,802900.0,v3.7,0.016300000000,0.945700000000,0.300000000000,0.128800000000,0.077200000000,0.300000000000,0.300000000000,0.300000000000,0.500000000000,0.500000000000,0.418200000000,0E-12,0.370400000000,0.286500000000,0.654100000000,0.762600000000,0.300000000000,0.300000000000,0.300000000000,0.300000000000,0E-12
74a98ddff0b1430c48e8cfc83fa56408,غنوش,غنوش,1405/06/31,1405/03/31,2026-09-24,49,27,2867,3241970.0,2769355.0,17.07,-43.78,0.0033,563.0,,102810.0,16144.0,126.1,-89.72,-89.72,17030.0,17190.0,30.25,-10.33,8.73,25.47,643396229084.0,36384250.57,2087.03,2.5035,53.32,1.000,True,False,False,True,False,False,False,False,,,,,,,,,,,,,,,3.8000000000000,9.2,2.4000000000000,4.7000000000000,20.0,4,1,False,5.0,0.0,0.0,0.0,563000000.0,563000000.0,,563.0,1000000.0,v3.7,0.103300000000,0.032600000000,0.300000000000,0.094700000000,0.556000000000,0.300000000000,0.300000000000,0.300000000000,0.500000000000,0.500000000000,0.214500000000,0E-12,0.781500000000,0.041700000000,0.406000000000,0.276300000000,0.300000000000,0.300000000000,0.300000000000,0.300000000000,0E-12
25aafd0fbcf94aed7458b9d9f32852d8,رمپنا,رمپنا,1404/10/30,,2026-09-16,68,0,3803,311079300.0,172418900.0,80.42,139.11,0.1175,,,,,,,,34500.0,34330.0,,8.81,56.26,147.69,2216056327560.0,76044164.73,4056.4,2.2757,97.7,0.615,False,True,False,False,False,False,False,False,,,,,,,,,,,,,,,16.6000000000000,9.2,0E-13,6.4000000000000,19.8,,9,False,0.0,0.0,8.0,0.0,,,,,,v3.7,0.532600000000,0.875000000000,0.300000000000,0.300000000000,0.300000000000,0.300000000000,0.300000000000,0.300000000000,0.500000000000,0.500000000000,0E-12,0E-12,0.940700000000,0.052100000000,0.725600000000,0.894900000000,0.300000000000,0.300000000000,0.300000000000,0.300000000000,0E-12
4b42ff856fa2a4996c5843f6bf85ef50,حتوکا,حتوکا,1405/04/31,1405/03/31,2026-09-24,76,25,50,20866004.0,16641902.0,25.38,8.03,0.8271,342.23,,173705.0,601339.0,-37.54,-71.11,-71.11,2645.0,2639.0,7.73,-4.94,30.06,,170021411937.83,69047101.8,643.4,2.3297,83.82,0.920,True,False,False,True,False,False,False,False,,,,,,,,,,,,,,,0.3000000000000,9.2,6.7000000000000,5.3000000000000,19.72,4,1,False,5.0,0.0,0.0,0.0,2031130000.0,2031130000.0,,342.23,5935000.0,v3.7,0.135900000000,0.190200000000,0.300000000000,0.113600000000,0.069500000000,0.300000000000,0.300000000000,0.300000000000,0.500000000000,0.500000000000,0.610900000000,0E-12,0.366700000000,0.947900000000,0.669200000000,0.665400000000,0.300000000000,0.300000000000,0.300000000000,0.300000000000,0E-12
8a664764ba757925c6545b1f6148a41d,کاوه,کاوه,,1405/03/31,2026-09-19,0,26,1998,,,,,,415.0,,27290259.0,21771417.0,-44.01,25.35,25.35,7120.0,7340.0,17.16,9.72,47.09,48.88,670443762329.33,106547819.73,1624.07,2.1371,86.64,0.720,False,False,False,False,False,False,False,False,,,,,,,,,,,,,,,8.2000000000000,9.2,3.1000000000000,6.5000000000000,19.46,4,6,False,0.0,0.0,0.0,0.0,25315000000.0,25315000000.0,,415.0,61000000.0,v3.7,0.300000000000,0.300000000000,0.300000000000,0.257600000000,0.061800000000,0.300000000000,0.300000000000,0.300000000000,0.500000000000,0.500000000000,0.283600000000,0E-12,0.788900000000,0.300000000000,0.872200000000,0.894900000000,0.300000000000,0.300000000000,0.300000000000,0.300000000000,0E-12
22299b7657a300fc6056ba1b0e6532dd,غانیزان,غانیزان,,1404/12/29,2026-09-24,0,9,305,,,,,,3034.0,3065.0,3065.0,-31.0,46.08,46.51,46.51,8760.0,8780.0,2.89,-9.95,23.66,49.17,113017414884.33,13979275.87,1030.87,2.5135,78.76,0.565,False,False,False,False,False,False,False,False,,,,,,,,,,,,,,,10.9000000000000,9.2,10.7000000000000,3.5000000000000,19.36,7,1,False,0.0,0.0,0.0,0.0,3034000000.0,3034000000.0,,3034.0,1000000.0,v3.7,0.300000000000,0.300000000000,0.300000000000,0.322000000000,0.297300000000,0.300000000000,0.300000000000,0.300000000000,0.500000000000,0.500000000000,0.970900000000,0E-12,0.207400000000,0.300000000000,0.387200000000,0.599200000000,0.300000000000,0.300000000000,0.300000000000,0.300000000000,0E-12
bf951d5a241fb38b5504e5206704d0d8,شاوان,شاوان,1405/04/31,1405/03/31,2026-09-24,23,27,2683,1210679918.0,1816994460.0,-33.37,-52.98,0.5323,6145.0,,3464071.0,20340086.0,73.54,-82.97,-82.97,52070.0,52250.0,8.47,7.0,109.76,93.35,904247893358.67,20937686.33,1774.57,1.5996,91.45,0.880,True,False,True,True,False,False,False,False,,,,,,,,,,,,,,,0E-13,9.2,5.6000000000000,6.9000000000000,19.15,4,1,False,11.0,0.0,0.0,0.0,49160000000.0,49160000000.0,,6145.0,8000000.0,v3.7,0.005400000000,0.021700000000,0.300000000000,0.102300000000,0.397700000000,0.300000000000,0.300000000000,0.300000000000,0.500000000000,0.500000000000,0.512700000000,0E-12,0.840700000000,0.322900000000,0.988700000000,0.894900000000,0.300000000000,0.300000000000,0.300000000000,0.300000000000,0E-12
76022dd3c77edb744eeef72f3d54483a,غپاک,غپاک,1404/12/29,1405/03/31,2026-09-24,1,28,4653,4683377.0,0.0,,,1.0,57.0,-0.85,695093.0,483618.0,1000.0,-94.78,-94.78,2182.0,2142.0,38.28,-10.64,33.96,68.66,125176688943.0,61385006.8,768.3,2.6272,73.47,0.720,False,False,False,True,False,False,False,False,,,,,,,,,,,,,,,10.9000000000000,9.2,2.1000000000000,4.2000000000000,19.02,4,1,False,5.0,0.0,0.0,0.0,758853027.0,758853027.0,,57.0,13313211.0,v3.7,0.300000000000,0.300000000000,0.300000000000,0.087100000000,0.918900000000,0.300000000000,0.300000000000,0.300000000000,0.500000000000,0.500000000000,0.192700000000,0E-12,0.248100000000,0.987000000000,0.259400000000,0.716000000000,0.300000000000,0.300000000000,0.300000000000,0.300000000000,0E-12
4548be3fe5c878a9dbda1bd95501aa64,حفاری,حفاری,,1404/12/29,2026-09-24,0,20,3656,,,,,,2541.0,0.0,-1.0,100.0,-1.21,-100.0,-100.0,5630.0,5630.0,2.22,-9.63,18.03,79.53,802932610029.67,142194095.87,2325.1,2.7328,69.63,0.685,False,False,False,True,False,False,False,False,,,,,,,,,,,,,,,2.9000000000000,9.2,10.9000000000000,4.8000000000000,19.02,7,1,False,5.0,0.0,0.0,0.0,45738000000.0,45738000000.0,,2541.0,18000000.0,v3.7,0.300000000000,0.300000000000,0.300000000000,0.032200000000,0.142900000000,0.300000000000,0.300000000000,0.300000000000,0.500000000000,0.500000000000,0.989100000000,0E-12,0.818500000000,0.300000000000,0.169200000000,0.505800000000,0.300000000000,0.300000000000,0.300000000000,0.300000000000,0E-12
257905140790bc29dc5bf9fb900ab7ff,ثتران,ثتران,,1405/03/31,2026-09-24,0,28,3202,,,,,,,,-806375.0,-2273453.0,116.92,64.53,64.53,8010.0,8160.0,,0.49,22.34,116.73,79329727642.0,10112676.9,467.27,2.4992,86.22,0.720,False,True,False,False,False,False,False,False,,,,,,,,,,,,,,,13.7000000000000,9.2,0E-13,3.3000000000000,18.86,4,1,False,0.0,0.0,8.0,0.0,675000000.0,675000000.0,,,,v3.7,0.300000000000,0.300000000000,0.300000000000,0.386400000000,0.548300000000,0.300000000000,0.300000000000,0.300000000000,0.500000000000,0.500000000000,0E-12,0E-12,0.118500000000,0.300000000000,0.417300000000,0.583700000000,0.300000000000,0.300000000000,0.300000000000,0.300000000000,0E-12
a9e76ebf3cf2f1c17cdfa0b9442e427c,فرآور,فرآور,,1404/12/29,2026-09-24,0,27,4586,,,,,,301.0,0.31,1567869.0,5257559.0,-67.99,1000.0,1000.0,7820.0,7820.0,25.98,18.84,48.67,33.68,87098790965.19,12898163.33,247.33,2.1382,100.0,0.685,False,False,False,False,False,False,False,False,,,,,,,,,,,,,,,11.1000000000000,9.2,2.5000000000000,4.6000000000000,18.76,7,1,False,0.0,0.0,0.0,0.0,1505000000.0,1505000000.0,,301.0,5000000.0,v3.7,0.300000000000,0.300000000000,0.300000000000,0.890200000000,0.038600000000,0.300000000000,0.300000000000,0.300000000000,0.500000000000,0.500000000000,0.225500000000,0E-12,0.148100000000,0.300000000000,0.864700000000,0.894900000000,0.300000000000,0.300000000000,0.300000000000,0.300000000000,0E-12
fb2ff05e8a5b71f6d43905f74f59cec6,خدیزل,خدیزل,,1404/12/29,2026-09-24,0,27,2371,,,,,,359.0,0.0,-1.0,100.0,38.84,-100.0,-100.0,1750.0,1744.0,4.87,-6.69,7.99,37.11,82253086981.67,47578813.37,535.37,2.1376,75.92,0.685,False,False,False,True,False,False,False,False,,,,,,,,,,,,,,,4.3000000000000,9.2,9.7000000000000,3.9000000000000,18.55,7,1,False,5.0,0.0,0.0,0.0,25848000000.0,25848000000.0,,359.0,72000000.0,v3.7,0.300000000000,0.300000000000,0.300000000000,0.045500000000,0.278000000000,0.300000000000,0.300000000000,0.300000000000,0.500000000000,0.500000000000,0.880000000000,0E-12,0.137000000000,0.300000000000,0.868400000000,0.249000000000,0.300000000000,0.300000000000,0.300000000000,0.300000000000,0E-12
bda1926ec65a0bac619855e021b6b61c,شگویا,شگویا,1405/05/31,1405/03/31,2026-09-24,73,29,1418,499931059.0,350458779.0,42.65,31.94,0.5848,1071.51,,101056.0,4950507.0,254.46,-97.96,-97.96,12690.0,12690.0,11.84,9.3,53.63,63.64,677476666478.0,66145134.33,1738.97,2.4587,100.0,1.000,True,False,False,True,False,False,True,True,,0.12,-5.56,,0.12,,-5.83,0.46,440.76,,,,,,8.7000000000000,0.0,3.8000000000000,5.9000000000000,18.5,4,1,False,5.0,15.0,0.0,0.0,36431239114.0,36431239114.0,,1071.51,34000000.0,v3.7,0.244600000000,0.413000000000,0.063500000000,0.079500000000,0.810800000000,0.076900000000,0.300000000000,0.127700000000,0E-12,0.011300000000,0.349100000000,0E-12,0.796300000000,0.437500000000,0.496200000000,0.894900000000,0.300000000000,0.300000000000,0.300000000000,0.300000000000,0E-12
8234d415920c271fcb0300725ce4c7fd,فاسمین,فاسمین,,1405/03/31,2026-09-24,0,28,4,,,,,,536.0,,8159714.0,1047639.0,-4.96,678.87,678.87,4782.0,4782.0,8.92,,,,214935855715.0,42276378.25,529.5,2.1116,0.0,0.510,False,False,False,False,False,False,False,False,,34.53,26.46,,34.53,,82.08,5.15,0.0,,,,,,12.6000000000000,13.5,5.2000000000000,4.9000000000000,18.47,4,1,False,0.0,0.0,0.0,0.0,12864000000.0,12864000000.0,,536.0,24000000.0,v3.7,0.300000000000,0.300000000000,0.412700000000,0.890200000000,0.127400000000,0.608400000000,0.300000000000,0.943300000000,0.224100000000,0.985000000000,0.476400000000,0E-12,0.444400000000,0.300000000000,0.891000000000,0.300000000000,0.300000000000,0.300000000000,0.300000000000,0.300000000000,0E-12
14e17dd0b0b3c62c333dd4aa6c71f8ff,سبزوا,سبزوا,,1404/12/29,2026-09-24,0,28,2737,,,,,,327.0,0.0,-1.0,100.0,1000.0,-100.0,-100.0,12990.0,12980.0,39.72,14.77,55.26,132.2,119287771369.67,11526002.97,608.83,2.134,100.0,0.685,False,False,False,True,False,False,False,False,,,,,,,,,,,,,,,10.8000000000000,9.2,2.0000000000000,4.8000000000000,18.43,7,1,False,5.0,0.0,0.0,0.0,1228799946.0,1228799946.0,,327.0,3757798.0,v3.7,0.300000000000,0.300000000000,0.300000000000,0.064400000000,0.918900000000,0.300000000000,0.300000000000,0.300000000000,0.500000000000,0.500000000000,0.185500000000,0E-12,0.233300000000,0.300000000000,0.875900000000,0.894900000000,0.300000000000,0.300000000000,0.300000000000,0.300000000000,0E-12
213d9e3501b775d1751c699f0b6915ed,کصدف,کصدف,,1405/03/31,2026-09-24,0,26,1660,,,,,,546.13,,296804.0,229221.0,24.25,29.48,29.48,7330.0,7330.0,13.42,-16.23,2.81,71.34,74677314387.33,9524868.3,283.03,2.7384,66.97,0.720,False,False,False,False,False,False,False,True,,30.86,-10.8,,30.86,,74.81,114.73,0.0,,,,,,10.2000000000000,9.4,3.6000000000000,2.3000000000000,18.36,4,1,False,0.0,3.0,0.0,0.0,1258272000.0,1258272000.0,,546.13,2304000.0,v3.7,0.300000000000,0.300000000000,0.373000000000,0.265200000000,0.216200000000,0.552400000000,0.300000000000,0.063800000000,0.814700000000,0.985000000000,0.330900000000,0E-12,0.114800000000,0.300000000000,0.161700000000,0.147900000000,0.300000000000,0.300000000000,0.300000000000,0.300000000000,0E-12
64e35e12a7959fcfbd10cb6036ed7693,فولای,فولای,,1404/12/29,2026-09-24,0,26,3192,,,,,,227.0,0.0,1.0,1.0,9.87,0.0,0.0,4930.0,4900.0,21.72,4.26,53.13,23.15,216676943311.33,52018284.13,1024.73,1.7969,95.75,0.685,False,False,False,False,False,False,False,False,,,,,,,,,,,,,,,9.0000000000000,9.2,2.8000000000000,5.7000000000000,18.26,7,1,False,0.0,0.0,0.0,0.0,1184000000.0,1184000000.0,,227.0,5215859.0,v3.7,0.300000000000,0.300000000000,0.300000000000,0.208300000000,0.166000000000,0.300000000000,0.300000000000,0.300000000000,0.500000000000,0.500000000000,0.250900000000,0E-12,0.451900000000,0.300000000000,0.973700000000,0.894900000000,0.300000000000,0.300000000000,0.300000000000,0.300000000000,0E-12
26ee5c2c59a374815a759f4990eb7c29,غگلستا,غگلستا,,1404/12/29,2026-09-24,0,28,2167,,,,,,489.0,0.0,0.0,0.0,63.0,,,15870.0,15580.0,32.45,-12.72,26.15,122.51,135744660710.33,9062208.7,547.8,2.6725,77.32,0.685,False,False,False,False,False,False,False,False,,,,,,,,,,,,,,,11.4000000000000,9.2,2.3000000000000,3.4000000000000,18.01,7,1,False,0.0,0.0,0.0,0.0,545235000.0,545235000.0,,489.0,1115000.0,v3.7,0.300000000000,0.300000000000,0.300000000000,0.300000000000,0.362900000000,0.300000000000,0.300000000000,0.300000000000,0.500000000000,0.500000000000,0.207300000000,0E-12,0.281500000000,0.300000000000,0.199200000000,0.642000000000,0.300000000000,0.300000000000,0.300000000000,0.300000000000,0E-12
de970c1c2991b9b3e1e5b18f4f361700,دروز,دروز,,1405/03/31,2026-09-24,0,28,29,,,,,,1149.0,2.47,2054215.0,549255.0,463.24,62.08,62.08,26810.0,27130.0,23.33,3.87,,,42871704791.0,2201404.21,168.0,3.8859,89.31,0.570,False,False,False,False,False,False,False,False,,,,,,,,,,,,,,,17.3000000000000,9.2,2.7000000000000,2.1000000000000,17.84,4,1,False,0.0,0.0,0.0,0.0,1608232320.0,1608232320.0,,1149.0,1399680.0,v3.7,0.300000000000,0.300000000000,0.300000000000,0.367400000000,0.918900000000,0.300000000000,0.300000000000,0.300000000000,0.500000000000,0.500000000000,0.243600000000,0E-12,0.051900000000,0.300000000000,0.063900000000,0.300000000000,0.300000000000,0.300000000000,0.300000000000,0.300000000000,0E-12
70b8796676033dbf81f6977819d3871d,دزهراوی,دزهراوی,1405/02/31,,2026-09-24,68,0,4190,17741308.0,10064148.0,76.28,29.12,0.6307,,,,,,,,4630.0,4640.0,,-5.69,11.54,237.7,249223967389.67,55749103.2,1285.2,2.2329,90.07,0.640,False,True,False,False,False,False,False,False,,,,,,,,,,,,,,,13.3000000000000,9.2,0E-13,5.1000000000000,17.7,,1,False,0.0,0.0,8.0,0.0,,,,,,v3.7,0.500000000000,0.391300000000,0.300000000000,0.300000000000,0.300000000000,0.300000000000,0.300000000000,0.300000000000,0.500000000000,0.500000000000,0E-12,0E-12,0.511100000000,0.520800000000,0.759400000000,0.338500000000,0.300000000000,0.300000000000,0.300000000000,0.300000000000,0E-12
b752d7f753da4d90eb35269ac20f29b9,کبافق,کبافق,,1405/03/31,2026-09-24,0,25,46,,,,,,2387.0,,902122.0,-120112.0,19.29,851.07,851.07,41700.0,41700.0,17.47,-10.53,20.52,,80844473330.0,2044642.53,500.9,2.9388,69.49,0.640,False,False,False,False,False,False,False,False,,,,,,,,,,,,,,,12.6000000000000,9.2,3.1000000000000,2.6000000000000,17.62,4,1,False,0.0,0.0,0.0,0.0,2900205000.0,2900205000.0,,2387.0,1215000.0,v3.7,0.300000000000,0.300000000000,0.300000000000,0.890200000000,0.185300000000,0.300000000000,0.300000000000,0.300000000000,0.500000000000,0.500000000000,0.280000000000,0E-12,0.129600000000,0.300000000000,0.101500000000,0.556400000000,0.300000000000,0.300000000000,0.300000000000,0.300000000000,0E-12
8f5d6dbbead24fee9802a92474c4ead8,گشان,گشان,,1405/03/31,2026-09-24,0,24,1149,,,,,,,,-45559.0,-118810.0,78.64,61.65,61.65,27600.0,27740.0,,-10.11,8.57,60.07,124882868865.0,4223303.57,574.77,3.4508,76.44,0.720,False,True,False,False,False,False,False,False,,,,,,,,,,,,,,,12.4000000000000,9.2,0E-13,2.7000000000000,17.44,4,1,False,0.0,0.0,8.0,0.0,4683920232.0,4683920232.0,,,,v3.7,0.300000000000,0.300000000000,0.300000000000,0.363600000000,0.424700000000,0.300000000000,0.300000000000,0.300000000000,0.500000000000,0.500000000000,0E-12,0E-12,0.244400000000,0.300000000000,0.078900000000,0.272400000000,0.300000000000,0.300000000000,0.300000000000,0.300000000000,0E-12
916d608d7850e7faf40d8efeb0d236a0,کساپا,کساپا,,1404/12/29,2026-09-24,0,27,3549,,,,,,62.0,0.37,1327078.0,697559.0,-47.1,1000.0,1000.0,3420.0,3400.0,55.16,-14.36,7.59,41.84,51740397804.67,14265737.63,462.7,2.3932,66.09,0.685,False,False,False,False,False,False,False,False,,,,,,,,,,,,,,,11.3000000000000,9.2,1.7000000000000,3.1000000000000,17.36,7,1,False,0.0,0.0,0.0,0.0,220100000.0,220100000.0,,62.0,3550000.0,v3.7,0.300000000000,0.300000000000,0.300000000000,0.890200000000,0.057900000000,0.300000000000,0.300000000000,0.300000000000,0.500000000000,0.500000000000,0.156400000000,0E-12,0.077800000000,0.300000000000,0.563900000000,0.237400000000,0.300000000000,0.300000000000,0.300000000000,0.300000000000,0E-12
4c198075a5599a736ed1cb88eb36b7cd,توریل,توریل,,1405/03/31,2026-09-24,0,28,50,,,,,,930.0,,208364.0,1228296.0,11.15,-83.04,-83.04,3390.0,3380.0,3.65,-5.59,28.61,,109697414646.13,33681494.23,555.33,2.4296,80.64,0.640,False,False,False,True,False,False,False,False,,,,,,,,,,,,,,,3.5000000000000,9.2,10.6000000000000,3.8000000000000,17.3,4,1,False,5.0,0.0,0.0,0.0,10230000000.0,10230000000.0,,930.0,11000000.0,v3.7,0.300000000000,0.300000000000,0.300000000000,0.098500000000,0.169900000000,0.300000000000,0.300000000000,0.300000000000,0.500000000000,0.500000000000,0.960000000000,0E-12,0.192600000000,0.300000000000,0.522600000000,0.649800000000,0.300000000000,0.300000000000,0.300000000000,0.300000000000,0E-12
58a5a4af2867c8c00cd83c908b224228,حسیر,حسیر,,1405/03/31,2026-09-24,0,29,2042,,,,,,,,1816462.0,1070109.0,-1.45,69.75,69.75,8300.0,8260.0,,9.69,53.25,133.0,161440015493.33,23053738.53,593.9,2.1458,99.62,0.720,False,True,False,False,False,False,False,False,,,,,,,,,,,,,,,9.7000000000000,9.2,0E-13,5.1000000000000,17.29,4,1,False,0.0,0.0,8.0,0.0,2642976238.0,2642976238.0,,,,v3.7,0.300000000000,0.300000000000,0.300000000000,0.393900000000,0.139000000000,0.300000000000,0.300000000000,0.300000000000,0.500000000000,0.500000000000,0E-12,0E-12,0.351900000000,0.300000000000,0.849600000000,0.894900000000,0.300000000000,0.300000000000,0.300000000000,0.300000000000,0E-12
05a68769d3006e107f5b7e02c9eca4fd,فخوز,فخوز,1405/03/31,1405/03/31,2026-09-24,72,27,15,1045462879.0,828172217.0,26.24,-31.84,0.5056,,,22736210.0,15474659.0,23.08,46.93,46.93,2980.0,2960.0,,-0.27,,,3993032677334.67,1417817183.07,7658.73,2.0596,80.88,0.850,False,True,False,False,False,False,False,False,,9.94,3.74,,9.94,,-8.41,2.18,8.68,,,,,,5.7000000000000,7.1,0E-13,6.5000000000000,16.39,4,1,False,0.0,0.0,8.0,0.0,,,,,245000000.0,v3.7,0.141300000000,0.043500000000,0.055600000000,0.325800000000,0.212400000000,0.160800000000,0.300000000000,0.468100000000,0.043100000000,0.330800000000,0E-12,0E-12,0.963000000000,0.276000000000,0.906000000000,0.300000000000,0.300000000000,0.300000000000,0.300000000000,0.300000000000,0E-12
e863456493cc72d8dc255c72551f3c26,خصدرا,خصدرا,,1405/03/31,2026-09-24,0,27,6,,,,,,191.0,,2370264.0,521415.0,158.11,109.04,109.04,2291.0,2291.0,11.99,,,,27355347379.33,13027333.17,98.67,2.0025,100.0,0.510,False,False,False,False,False,False,False,False,,,,,,,,,,,,,,,15.3000000000000,9.2,3.8000000000000,3.7000000000000,16.34,4,1,False,0.0,0.0,0.0,0.0,5008221887.0,5008221887.0,,191.0,26221057.0,v3.7,0.300000000000,0.300000000000,0.300000000000,0.492400000000,0.656400000000,0.300000000000,0.300000000000,0.300000000000,0.500000000000,0.500000000000,0.345500000000,0E-12,0.025900000000,0.300000000000,0.921100000000,0.300000000000,0.300000000000,0.300000000000,0.300000000000,0.300000000000,0E-12
9f5edea13cb3cb346e5895e3fb55faf7,حریل,حریل,,1405/03/31,2026-09-24,0,28,2310,,,,,,19.0,,634378.0,528531.0,-89.89,20.03,20.03,2920.0,2930.0,153.68,-12.54,31.63,56.1,44521354663.63,16092508.0,373.2,2.5298,72.53,0.720,False,True,False,False,False,False,False,False,,,,,,,,20.49,0.23,,,,,,7.7000000000000,11.7,0E-13,3.1000000000000,16.24,4,1,False,0.0,0.0,8.0,0.0,96330000.0,96330000.0,,19.0,5070000.0,v3.7,0.300000000000,0.300000000000,0.300000000000,0.242400000000,0.023200000000,0.300000000000,0.300000000000,0.300000000000,0.814700000000,0.894700000000,0E-12,0E-12,0.055600000000,0.300000000000,0.364700000000,0.688700000000,0.300000000000,0.300000000000,0.300000000000,0.300000000000,0E-12
fa35570c95ed00ea371c6fca0da91641,برکت,برکت,,1405/03/31,2026-09-24,0,23,2146,,,,,,,,-266488.0,153256.0,1000.0,-100.0,-100.0,4790.0,4790.0,,-5.52,32.32,122.07,673912779970.0,141965786.63,3551.27,2.4788,82.37,0.720,False,True,False,True,False,False,False,False,,,,,,,-100.0,,3.55,2.94,0.59,0.94,-1.357,,9.3000000000000,7.3,0E-13,5.9000000000000,16.13,4,1,False,5.0,0.0,8.0,0.0,523976.0,31905600000.0,,,,v3.7,0.300000000000,0.300000000000,0E-12,0.053000000000,0.918900000000,0.300000000000,0.300000000000,0.300000000000,0.500000000000,0.526300000000,0E-12,0E-12,0.792600000000,0.300000000000,0.458600000000,0.700400000000,0.059400000000,0.701900000000,0.097100000000,0E-12,0E-12
9a36b759bdba7d3f32786da29cb90020,فولاژ,فولاژ,,1405/03/31,2026-09-24,0,23,3397,,,,,,402.0,0.68,15321079.0,8447442.0,-5.5,59.21,59.21,6350.0,6350.0,15.8,0.0,36.85,90.46,217680947105.67,37685332.17,852.13,2.4599,88.67,0.720,False,False,False,False,False,False,False,True,,10.07,-4.96,,10.07,,170.7,2.39,21.75,,,,,,11.9000000000000,2.5,3.4000000000000,4.6000000000000,16.07,4,1,False,0.0,3.2,0.0,0.0,23316000000.0,23316000000.0,,402.0,58000000.0,v3.7,0.300000000000,0.300000000000,0.825400000000,0.356100000000,0.119700000000,0.167800000000,0.300000000000,0.134800000000,0.069000000000,0.188000000000,0.305500000000,0E-12,0.455600000000,0.300000000000,0.492500000000,0.751000000000,0.300000000000,0.300000000000,0.300000000000,0.300000000000,0E-12
799566aa607bcd4a8ce4fed470c7d2b0,چکاپا,چکاپا,1405/04/31,1405/05/31,2026-09-24,73,30,1335,18677276.0,11773182.0,58.64,314.71,0.4819,,,-284237.0,-541119.0,-100.0,47.47,47.47,2277.0,2277.0,,13.79,46.81,75.02,229822839115.5,129157855.6,1281.9,2.4318,100.0,1.000,True,True,False,False,False,True,False,False,-11.29,-6.22,3.11,,-1.92,-6.37,37.56,,49.72,-42.59,5.04,0.75,,,12.3000000000000,0.0,0E-13,3.8000000000000,16.02,2,1,False,0.0,13.0,8.0,0.0,-2193519.0,,0.001,,,v3.7,0.375000000000,0.945700000000,0.206300000000,0.329500000000,0.015400000000,0.021000000000,0.009700000000,0.439700000000,0.500000000000,0.097700000000,0E-12,0E-12,0.488900000000,0.250000000000,0.515000000000,0.894900000000,0.009900000000,0.009600000000,0.048500000000,0.300000000000,0E-12
9ae2b0971dcfcf7effbe2ee13d292a7b,حفارس,حفارس,1405/04/31,1405/03/31,2026-09-24,70,25,40,26909262.0,25411983.0,5.89,-3.65,0.675,151.44,,72219.0,105507.0,175.06,-31.55,-31.55,9040.0,9040.0,59.69,0.56,78.66,,297697787200.33,43474885.23,639.77,1.647,91.83,0.920,True,False,False,True,False,False,True,False,10.01,2.38,-0.25,5.97,1.22,3.94,-17.48,0.69,443.64,12.7,0.34,1.2,0.327,7.58,4.3000000000000,0.0,5.2000000000000,7.7000000000000,15.83,4,1,False,5.0,12.0,0.0,0.0,2933405.0,3465972342.0,0.001,151.44,19749339.0,v3.7,0.048900000000,0.119600000000,0.047600000000,0.136400000000,0.718100000000,0.097900000000,0.097100000000,0.255300000000,0.017200000000,0.011300000000,0.149100000000,0.705500000000,0.592600000000,0.713500000000,0.981200000000,0.894900000000,0.069300000000,0.894200000000,0.271800000000,0.375000000000,0.730900000000
251c0169be640916c76cf3d978482145,سشمال,سشمال,,1404/12/29,2026-09-24,0,26,4598,,,,,,276.0,0.0,-1.0,100.0,20.44,0.0,0.0,18370.0,18400.0,66.56,0.66,19.48,65.66,94781775304.67,5535379.53,498.2,1.8755,90.52,0.685,False,True,False,False,False,False,False,False,,,,,,,,,,,,,,,9.4000000000000,9.2,0E-13,4.5000000000000,15.8,7,1,False,0.0,0.0,8.0,0.0,1380000000.0,1380000000.0,,276.0,5000000.0,v3.7,0.300000000000,0.300000000000,0.300000000000,0.208300000000,0.204600000000,0.300000000000,0.300000000000,0.300000000000,0.500000000000,0.500000000000,0E-12,0E-12,0.174100000000,0.300000000000,0.962400000000,0.533100000000,0.300000000000,0.300000000000,0.300000000000,0.300000000000,0E-12
e2d1f5c5d5e4d6849d80511b5f035099,وبصادر,وبصادر,,1405/03/31,2026-09-24,0,23,3421,,,,,,185.0,,4301812.0,20866202.0,-5.4,-79.38,-79.38,969.0,969.0,5.24,-6.56,29.89,84.22,3856174899225.97,3926926151.23,7430.9,2.62,82.37,0.720,False,False,False,True,False,False,True,True,,0.73,-5.65,,0.73,,80.08,0.97,0.0,,,,,,3.6000000000000,1.3,9.4000000000000,5.6000000000000,14.34,4,1,False,5.0,7.0,0.0,0.0,144735484820.0,144735484820.0,,185.0,782353972.0,v3.7,0.300000000000,0.300000000000,0.396800000000,0.109800000000,0.123600000000,0.083900000000,0.300000000000,0.120600000000,0.025900000000,0.985000000000,0.858200000000,0E-12,0.959300000000,0.300000000000,0.274400000000,0.661500000000,0.300000000000,0.300000000000,0.300000000000,0.300000000000,0E-12
42c343943444522671018f6ce8d2c2a1,بفجر,بفجر,,1404/12/29,2026-09-24,0,27,10,,,,,,2580.0,-1.0,-38994.38,3899437.91,-22.35,-100.0,-100.0,10840.0,10970.0,4.2,-2.83,,,1292937740325.0,113348777.3,3936.8,2.1544,17.24,0.535,False,False,False,True,False,False,False,False,29.62,-0.01,-1.66,1.24,-0.01,29.62,43.85,,42483.28,74.79,2.29,1.4,1.992,3.14,2.1000000000000,3.2,14.6000000000000,6.2000000000000,13.97,7,1,False,5.0,8.0,0.0,0.0,100605498.0,100620000000.0,0.001,2580.0,39000000.0,v3.7,0.300000000000,0.300000000000,0.246000000000,0.005700000000,0.100400000000,0.035000000000,0.524300000000,0.205700000000,0.500000000000,0.011300000000,0.920000000000,0.905500000000,0.903700000000,0.300000000000,0.842100000000,0.300000000000,0.811900000000,0.163500000000,0.436900000000,0.979200000000,0.890900000000
0e16759f2d662dc8bc10d9604b5c3a7e,تپسی,تپسی,1405/05/31,1405/03/31,2026-09-24,53,19,710,31548052.0,29680219.0,6.29,81.7,0.7605,,,1372249.0,353646.0,-100.0,288.03,288.03,24540.0,24540.0,,7.3,41.93,56.11,49261800407.0,2407541.9,79.3,0.379,100.0,1.000,True,True,False,False,False,True,True,False,-13.35,14.24,14.99,,18.89,-10.15,-19.88,0.6,13.32,-235.09,31.73,0.14,,,9.5000000000000,0.0,0E-13,4.0000000000000,13.44,4,1,False,0.0,14.0,8.0,0.0,-3813570.0,-6589829292.0,0.001,,,v3.7,0.054300000000,0.706500000000,0.031700000000,0.890200000000,0.005800000000,0.216800000000,0E-12,0.751800000000,0.008600000000,0.240600000000,0E-12,0E-12,0.070400000000,0.885400000000,1.000000000000,0.894900000000,0E-12,0E-12,0E-12,0.300000000000,0E-12
081486afb8ec3b6088ff61e17ed1e666,بکهنوج,بکهنوج,,1404/04/31,2026-09-24,0,24,2113,,,,,,,,1.0,1.0,-6.61,0.0,0.0,1211.0,1212.0,,-12.87,19.06,20.0,45200754441.03,36305984.97,237.67,2.5864,69.39,0.640,False,True,False,False,False,False,False,False,,,,,,,,,,,,,,,8.5000000000000,9.2,0E-13,2.8000000000000,13.1,15,1,True,0.0,0.0,8.0,0.0,,,,,,v3.7,0.300000000000,0.300000000000,0.300000000000,0.208300000000,0.112000000000,0.300000000000,0.300000000000,0.300000000000,0.500000000000,0.500000000000,0E-12,0E-12,0.059300000000,0.300000000000,0.304500000000,0.525300000000,0.300000000000,0.300000000000,0.300000000000,0.300000000000,0E-12
fe84a7e68ba30f83fd0f09d141ee51dd,تکمبا,تکمبا,,1405/03/31,2026-09-24,0,27,4288,,,,,,427.0,,369687.0,558417.0,-49.53,-33.8,-33.8,8530.0,8420.0,19.98,-12.38,47.72,42.45,54759564763.85,6074197.8,265.85,4.8071,72.95,0.720,False,False,False,True,False,False,False,False,,,,,,,,,,,,,,,2.5000000000000,9.2,2.9000000000000,2.7000000000000,12.45,4,1,False,5.0,0.0,0.0,0.0,735732529.0,735732529.0,,427.0,1723027.0,v3.7,0.300000000000,0.300000000000,0.300000000000,0.132600000000,0.050200000000,0.300000000000,0.300000000000,0.300000000000,0.500000000000,0.500000000000,0.261800000000,0E-12,0.085200000000,0.300000000000,0.045100000000,0.894900000000,0.300000000000,0.300000000000,0.300000000000,0.300000000000,0E-12
1025955b553ca1fa9153eea469591cb1,پرداخت,پرداخت,1405/03/31,1404/12/29,2026-09-24,70,26,2061,85201155.0,69020859.0,23.44,21.24,0.7796,103.0,0.0,-1.0,100.0,-1.72,-100.0,-100.0,6880.0,6760.0,66.8,-13.33,14.58,38.98,83571676706.67,11904867.77,319.47,2.5805,66.19,0.965,True,True,False,True,False,False,False,False,,0.0,0.0,,,,,,,,,,,,1.0000000000000,8.2,0E-13,3.6000000000000,12.43,7,1,False,5.0,0.0,8.0,0.0,1030000000.0,1030000000.0,,103.0,10000000.0,v3.7,0.130400000000,0.288000000000,0.300000000000,0.032200000000,0.135100000000,0.055900000000,0.300000000000,0.297900000000,0.500000000000,0.500000000000,0E-12,0E-12,0.144400000000,0.906300000000,0.323300000000,0.431900000000,0.300000000000,0.300000000000,0.300000000000,0.300000000000,0E-12
cb507b89faf6ddf31e16ba5ea8f669d0,اروند,اروند,1405/04/31,1405/03/31,2026-09-24,47,12,105,311995678.0,301675078.0,3.42,23.82,0.5815,3273.17,,2274819.0,33618713.0,,-93.23,-93.23,54600.0,54590.0,16.68,-6.95,19.85,5.67,1031050530087.33,20277404.13,7818.9,2.1666,48.32,0.880,True,False,False,True,False,False,False,True,12.5,16.44,-37.03,2.08,5.17,13.78,-44.76,2.68,206.23,35.56,1.98,0.99,2.324,5.93,0.8000000000000,0.0,7.3000000000000,5.9000000000000,12.34,4,1,False,5.0,11.0,0.0,0.0,39303694.0,,0.001,3273.17,12000000.0,v3.7,0.038000000000,0.320700000000,0.007900000000,0.090900000000,0.300000000000,0.251700000000,0.174800000000,0.007100000000,0.077600000000,0.011300000000,0.298200000000,0.825500000000,0.874100000000,0.432300000000,0.827100000000,0.544700000000,0.277200000000,0.221200000000,0.126200000000,0.989600000000,0.760000000000
adf177e179510f1d911eeb2ff2905d2c,فسرب,فسرب,1405/03/31,1405/03/31,2026-09-20,68,27,47,12182721.0,12713948.0,-4.18,-29.38,0.2203,-54.69,,541469.0,-110094.0,,591.82,591.82,2620.0,2620.0,-47.9,-7.42,48.53,,141877357165.67,59911998.57,828.37,2.2095,79.21,0.920,True,True,False,False,False,True,False,False,-6.07,-6.83,34.25,,29.79,23.85,-26.42,,0.76,-5.4,0.8,1.06,,,8.1000000000000,0.0,0E-13,4.8000000000000,11.89,4,5,False,0.0,10.0,8.0,0.0,-607987.0,,0.001,-54.69,11082120.0,v3.7,0.021700000000,0.048900000000,0.023800000000,0.890200000000,0.300000000000,0.014000000000,0.019400000000,0.943300000000,0.500000000000,0.744400000000,0E-12,0E-12,0.292600000000,0.067700000000,0.797000000000,0.894900000000,0.029700000000,0.557700000000,0.145600000000,0.300000000000,0E-12
c2ef7e2898d4f65377c112a6be867fd4,قثابت,قثابت,1405/05/31,1405/01/31,2026-09-24,60,24,46,14937613.0,10442737.0,43.04,1.06,-0.1808,208.16,,509586.0,2554664.0,-70.07,-80.05,-80.05,3730.0,3660.0,17.92,-13.48,-15.67,,127692187962.33,31261622.33,871.23,2.2441,41.73,0.885,True,False,False,True,False,False,False,True,8.79,3.42,-23.32,1.57,3.66,5.59,47.18,4.34,101.18,14.07,0.52,1.3,-0.391,2.52,0.6000000000000,0.0,7.5000000000000,4.6000000000000,11.21,6,1,False,5.0,11.0,0.0,0.0,1350648.0,,0.001,208.16,6462809.0,v3.7,0.250000000000,0.157600000000,0.254000000000,0.106100000000,0.034700000000,0.104900000000,0.087400000000,0.021300000000,0.189700000000,0.052600000000,0.272700000000,0.890900000000,0.259300000000,0.020800000000,0.744400000000,0.011700000000,0.079200000000,0.750000000000,0.378600000000,0.041700000000,0.920000000000
e62877018de8682af3ad516f752ad9bb,غدام,غدام,1404/02/31,,2026-09-20,54,0,3236,1710629.0,2482931.0,-31.1,42.5,0.5279,,,,,,,,61900.0,61900.0,,0.57,17.46,63.61,49224528913.33,853215.13,330.7,2.1743,84.44,0.640,False,True,True,False,False,False,False,False,,,,,,,,,,,,,,,3.0000000000000,9.2,0E-13,3.8000000000000,10.25,,5,False,6.0,0.0,8.0,0.0,,,,,,v3.7,0.010900000000,0.478300000000,0.300000000000,0.300000000000,0.300000000000,0.300000000000,0.300000000000,0.300000000000,0.500000000000,0.500000000000,0E-12,0E-12,0.066700000000,0.312500000000,0.812000000000,0.494200000000,0.300000000000,0.300000000000,0.300000000000,0.300000000000,0E-12
9690eb40ea60e7030a8c95d739fc573c,کروی,کروی,,1404/09/30,2026-09-24,0,27,4,,,,,,,,1.0,1.0,40.67,0.0,0.0,7264.0,7264.0,,,,,126075761719.0,16370969.25,309.0,2.1051,0.0,0.430,False,True,False,False,False,False,False,False,,,,,,,,,,,,,,,10.2000000000000,9.2,0E-13,4.3000000000000,10.23,10,1,True,0.0,0.0,8.0,0.0,10930000000.0,10930000000.0,,,,v3.7,0.300000000000,0.300000000000,0.300000000000,0.208300000000,0.289600000000,0.300000000000,0.300000000000,0.300000000000,0.500000000000,0.500000000000,0E-12,0E-12,0.251900000000,0.300000000000,0.894700000000,0.300000000000,0.300000000000,0.300000000000,0.300000000000,0.300000000000,0E-12
8f0d3b9ed3bb17e93db23268de21bd69,خودرو,خودرو,1405/04/31,1405/03/31,2026-09-24,62,28,5288,5430579681.0,3365446773.0,61.36,-9.48,0.6843,,,-193081673.0,-64198484.0,36.85,-100.0,-100.0,662.0,668.0,,-11.52,11.89,28.96,5835717461209.77,8393165639.93,17651.67,2.4076,84.22,1.000,True,True,False,True,False,True,False,True,-2.37,-3.47,-9.96,,-16.95,-19.73,23.92,,1.32,-11.13,3.04,0.43,,,2.9000000000000,0.0,0E-13,5.3000000000000,8.22,4,1,False,5.0,13.0,8.0,0.0,-126273117.0,-166643494420.0,0.001,,,v3.7,0.396700000000,0.097800000000,0.127000000000,0.022700000000,0.262500000000,0.028000000000,0.029100000000,0.078000000000,0.500000000000,0.691700000000,0E-12,0E-12,0.977800000000,0.734400000000,0.552600000000,0.350200000000,0.019800000000,0.076900000000,0.009700000000,0.300000000000,0E-12
c72d6744160ed4ab4dd2ea41ac2b3c63,ذوب,ذوب,1405/04/31,1405/03/31,2026-09-24,73,28,1038,636080971.0,629921142.0,0.98,11.98,0.743,,,-53336262.0,-16857424.0,107.33,-100.0,-100.0,680.0,681.0,,-10.51,47.4,84.05,1942482987388.17,3309029091.53,5063.0,2.6902,77.56,1.000,True,True,False,True,False,False,False,True,1.2,-16.18,-25.09,,-36.69,-28.39,0.01,,34.32,1.3,1.51,0.72,,,2.3000000000000,0.0,0E-13,5.7000000000000,7.95,4,1,False,5.0,4.4,8.0,0.0,7676811.0,11340437622.0,0.001,,,v3.7,0.027200000000,0.212000000000,0.087300000000,0.018900000000,0.521200000000,0E-12,0.038800000000,0.007100000000,0.500000000000,0.150400000000,0E-12,0E-12,0.937000000000,0.854200000000,0.184200000000,0.894900000000,0.039600000000,0.336500000000,0.029100000000,0.300000000000,0E-12
326f53e9133b7e24c3b9ffec1e73fa18,,خاهن,,1405/03/31,,0,28,0,,,,,,24.99,-1.98,451804.0,180614.0,251.13,-100.0,-100.0,,,,,,,,,,,,0.360,False,True,False,True,True,False,False,False,3.65,12.57,6.95,,13.63,4.0,22.65,1.56,2.32,2.09,0.68,1.18,1.906,,8.5000000000000,7.4,0E-13,2.9000000000000,6.79,4,,False,5.0,0.0,8.0,0.0,663470.0,667000000.0,0.001,24.99,29000000.0,v3.7,0.300000000000,0.300000000000,0.119000000000,0.005700000000,0.806900000000,0.202800000000,0.048500000000,0.539000000000,0.034500000000,0.616500000000,0E-12,0E-12,0E-12,0.300000000000,0.300000000000,0.300000000000,0.049500000000,0.615400000000,0.252400000000,0.968800000000,0E-12
8a93d99f4ddd3225214f5c0e83dd513f,فزر,فزر,,1404/12/29,2026-09-24,0,23,996,,,,,,,,4049.0,59310.0,-100.0,-99.93,-99.93,302300.0,302900.0,,0.7,61.46,205.02,6986256233016.67,28794177.47,19373.3,2.2333,96.5,0.685,False,True,False,True,False,True,False,False,,,,,,,,,,,,,,,1.8000000000000,0.0,0E-13,6.9000000000000,5.96,7,1,False,5.0,10.0,8.0,0.0,-5400000.0,-5400000.0,,,,v3.7,0.300000000000,0.300000000000,0.300000000000,0.068200000000,0.019300000000,0.300000000000,0.300000000000,0.300000000000,0.500000000000,0.500000000000,0E-12,0E-12,0.985200000000,0.300000000000,0.755600000000,0.894900000000,0.300000000000,0.300000000000,0.300000000000,0.300000000000,0E-12
62475be81f64f0f74b0f1f4a798dd2c5,های وب3,های وب,1405/04/31,1405/03/31,2026-09-24,75,27,1726,9352833.0,15011464.0,-37.7,-21.04,0.7208,,,-1021895.0,409239.0,-100.0,-100.0,-100.0,451.0,451.0,,-3.01,5.37,27.4,205249542230.6,440383325.17,1150.43,1.8122,75.88,1.000,True,True,True,True,False,True,False,False,,,,,,,,,,,,,,,0E-13,0.0,0E-13,5.4000000000000,5.43,4,1,False,11.0,10.0,8.0,0.0,-5497800000.0,-5497800000.0,,,,v3.7,0E-12,0.070700000000,0.300000000000,0.056800000000,0.005800000000,0.300000000000,0.300000000000,0.300000000000,0.500000000000,0.500000000000,0E-12,0E-12,0.425900000000,0.817700000000,0.969900000000,0.194600000000,0.300000000000,0.300000000000,0.300000000000,0.300000000000,0E-12
79f7b5d9782896e63356e2feba1a41c2,سدور,سدور,,1405/03/31,2026-09-24,0,27,4222,,,,,,,,-300240.0,584341.0,-7.76,-100.0,-100.0,33110.0,33120.0,,-8.36,53.12,133.9,114459871822.33,3850400.37,389.27,2.4553,83.95,0.720,False,True,False,True,False,True,False,False,,,,,,,,,10.72,,,,,,2.6000000000000,0.0,0E-13,4.1000000000000,4.79,4,1,False,5.0,10.0,8.0,0.0,-1570874256.0,-1570874256.0,,,,v3.7,0.300000000000,0.300000000000,0.300000000000,0.041700000000,0.108100000000,0.300000000000,0.300000000000,0.300000000000,0.500000000000,0.278200000000,0E-12,0E-12,0.222200000000,0.300000000000,0.500000000000,0.894900000000,0.300000000000,0.300000000000,0.300000000000,0.300000000000,0E-12
add4a2f41440b06319f3e7d8d553f2e4,فاذر,فاذر,,1405/03/31,2026-09-24,0,27,4389,,,,,,,,-877252.0,286564.0,-100.0,-100.0,-100.0,1517.0,1500.0,,-13.99,16.19,41.51,414717518306.53,276052190.07,1890.37,2.7648,71.53,0.720,False,True,False,True,False,True,False,True,,-14.03,-19.24,,-14.03,,13.6,,0.12,,,,,,0.6000000000000,0.0,0E-13,4.3000000000000,3.53,4,1,False,5.0,13.0,8.0,0.0,-2392694700.0,-2392694700.0,,,,v3.7,0.300000000000,0.300000000000,0.103200000000,0.049200000000,0.005800000000,0.007000000000,0.300000000000,0.028400000000,0.500000000000,0.902300000000,0E-12,0E-12,0.681500000000,0.300000000000,0.131600000000,0.474700000000,0.300000000000,0.300000000000,0.300000000000,0.300000000000,0E-12
357e4606a3bb0ad48f3dc109ffc246d0,ثالوند,ثالوند,1405/06/31,,2026-09-24,1,0,1,419313.0,0.0,,,1.0,,,,,,,,10310.0,10310.0,,,,,23026601440.0,2233424.0,64.0,,,0.150,False,True,False,False,False,False,False,False,,,,,,,,,,,,,,,10.8000000000000,9.2,0E-13,3.1000000000000,3.47,,1,False,0.0,0.0,8.0,0.0,,,,,,v3.7,0.300000000000,0.300000000000,0.300000000000,0.300000000000,0.300000000000,0.300000000000,0.300000000000,0.300000000000,0.500000000000,0.500000000000,0E-12,0E-12,0.018500000000,0.987000000000,0.300000000000,0.300000000000,0.300000000000,0.300000000000,0.300000000000,0.300000000000,0E-12
0e1074b193f3c2c8dec3a7743d83b13b,بمولد,بمولد,1405/05/31,,2026-09-24,1,0,1,2219157.0,0.0,,,1.0,,,,,,,,8560.0,8560.0,,,,,14597308080.0,1705293.0,316.0,,,0.150,False,True,False,False,False,False,False,False,,,,,,,,,,,,,,,10.8000000000000,9.2,0E-13,3.1000000000000,3.47,,1,False,0.0,0.0,8.0,0.0,,,,,,v3.7,0.300000000000,0.300000000000,0.300000000000,0.300000000000,0.300000000000,0.300000000000,0.300000000000,0.300000000000,0.500000000000,0.500000000000,0E-12,0E-12,0.007400000000,0.987000000000,0.300000000000,0.300000000000,0.300000000000,0.300000000000,0.300000000000,0.300000000000,0E-12
981b4b3afa1c7f609640ac1af6445bfc,فبستم,فبستم,1405/06/31,,2026-09-24,2,0,1,43377.0,0.0,,,0.9414,,,,,,,,16710.0,16890.0,,,,,13643148490.0,807831.0,80.0,,0.0,0.150,False,True,False,False,False,False,False,False,,,,,,,,,,,,,,,10.8000000000000,9.2,0E-13,3.1000000000000,3.46,,1,False,0.0,0.0,8.0,0.0,,,,,,v3.7,0.300000000000,0.300000000000,0.300000000000,0.300000000000,0.300000000000,0.300000000000,0.300000000000,0.300000000000,0.500000000000,0.500000000000,0E-12,0E-12,0.003700000000,0.968800000000,0.300000000000,0.300000000000,0.300000000000,0.300000000000,0.300000000000,0.300000000000,0E-12
47cec2efd2813e405cd4d975fb2df1a2,تاتمس,تاتمس,1405/06/31,,2026-09-24,1,0,1,347941.0,0.0,,,1.0,,,,,,,,12820.0,12830.0,,,,,5910542100.0,460586.0,17.0,,0.0,0.150,False,True,False,False,False,False,False,False,,,,,,,,,,,,,,,10.8000000000000,9.2,0E-13,3.1000000000000,3.46,,1,False,0.0,0.0,8.0,0.0,,,,,,v3.7,0.300000000000,0.300000000000,0.300000000000,0.300000000000,0.300000000000,0.300000000000,0.300000000000,0.300000000000,0.500000000000,0.500000000000,0E-12,0E-12,0E-12,0.987000000000,0.300000000000,0.300000000000,0.300000000000,0.300000000000,0.300000000000,0.300000000000,0E-12
5a47be702a11b42d75ea4fc8a0003e05,دانا,دانا,,1404/12/29,2026-09-24,0,28,3170,,,,,,,,-39459044.0,11608998.0,-100.0,-100.0,-100.0,2222.0,2209.0,,-11.0,5.85,23.55,46316521021.4,19843900.33,385.17,2.1692,63.83,0.685,False,True,False,True,False,True,False,False,,,,,,,,,,,,,,,1.4000000000000,0.0,0E-13,3.5000000000000,3.38,7,1,False,5.0,10.0,8.0,0.0,-35528522172.0,-35528522172.0,,,,v3.7,0.300000000000,0.300000000000,0.300000000000,0.005700000000,0.005800000000,0.300000000000,0.300000000000,0.300000000000,0.500000000000,0.500000000000,0E-12,0E-12,0.063000000000,0.300000000000,0.823300000000,0.210100000000,0.300000000000,0.300000000000,0.300000000000,0.300000000000,0E-12
6081d3f368b7889ba242435db91b5b2f,,شکیمیا,,1405/03/31,,0,3,0,,,,,,2205.07,,3939605.0,595203.0,,561.89,561.89,,,,,,,,,,,,0.080,False,True,False,False,True,False,False,False,33.35,40.38,24.39,,34.91,28.78,99.54,5.48,3.97,67.63,0.94,1.65,0.109,,14.7000000000000,15.1,0E-13,3.3000000000000,2.65,4,,False,0.0,0.0,8.0,0.0,14322451.0,,0.001,2205.07,6500000.0,v3.7,0.300000000000,0.300000000000,0.492100000000,0.890200000000,0.300000000000,0.664300000000,0.592200000000,0.872300000000,0.301700000000,0.481200000000,0E-12,0E-12,0E-12,0.300000000000,0.300000000000,0.300000000000,0.722800000000,0.490400000000,0.582500000000,0.156300000000,0E-12
15658d3f9297a112771a62658b4269d3,شوینده,شوینده,,1405/03/31,2026-09-24,0,7,1962,,,,,,-557.0,-0.49,441950.0,1019741.0,-58.12,-57.27,-57.27,41650.0,41090.0,,-12.76,1.01,88.82,98410608952.33,2426381.73,474.13,2.7609,75.66,0.530,False,True,False,True,False,True,False,True,,62.35,-19.21,,62.35,,-43.31,,8.61,,,,,,0.9000000000000,0.0,0E-13,2.4000000000000,1.79,4,1,False,5.0,13.0,8.0,0.0,-557000000.0,-557000000.0,,-557.0,1000000.0,v3.7,0.300000000000,0.300000000000,0.015900000000,0.121200000000,0.046300000000,0.881100000000,0.300000000000,0.035500000000,0.500000000000,0.338300000000,0E-12,0E-12,0.177800000000,0.300000000000,0.135300000000,0.124500000000,0.300000000000,0.300000000000,0.300000000000,0.300000000000,0E-12
857898d4f504279f0355b95477392169,,ولشرق,1405/06/31,,,1,0,0,258165.0,0.0,,,1.0,,,,,,,,,,,,,,,,,,,0.000,False,True,False,False,True,False,False,False,,,,,,,,,,,,,,,10.8000000000000,9.2,0E-13,3.1000000000000,0.0,,,False,0.0,0.0,8.0,0.0,,,,,,v3.7,0.300000000000,0.300000000000,0.300000000000,0.300000000000,0.300000000000,0.300000000000,0.300000000000,0.300000000000,0.500000000000,0.500000000000,0E-12,0E-12,0E-12,0.987000000000,0.300000000000,0.300000000000,0.300000000000,0.300000000000,0.300000000000,0.300000000000,0E-12
09029850a7825c34a7c8958a08fcdf26,,خبهن,1404/08/30,,,2,0,0,2712146.0,0.0,,,-0.4137,,,,,,,,,,,,,,,,,,,0.000,False,True,False,False,True,False,False,False,,,,,,,,,,,,,,,10.8000000000000,9.2,0E-13,2.1000000000000,0.0,,,False,0.0,0.0,8.0,0.0,,,,,,v3.7,0.300000000000,0.300000000000,0.300000000000,0.300000000000,0.300000000000,0.300000000000,0.300000000000,0.300000000000,0.500000000000,0.500000000000,0E-12,0E-12,0E-12,0.015600000000,0.300000000000,0.300000000000,0.300000000000,0.300000000000,0.300000000000,0.300000000000,0E-12
